time_min,time_hhmm,route_node_id,physical_node_id,physical_address,vehicle_count,vehicle_ids
0,05:40,1,1,서울역,6,"0,10,20,30,40,50"
0,05:40,10,10,인천공항,6,"9,19,29,39,49,59"
0,05:40,2,2,수서,6,"1,11,21,31,41,51"
0,05:40,3,3,삼성,6,"2,12,22,32,42,52"
0,05:40,4,4,여의도,6,"3,13,23,33,43,53"
0,05:40,5,5,김포공항,6,"4,14,24,34,44,54"
0,05:40,6,6,일산,6,"5,15,25,35,45,55"
0,05:40,7,7,판교,6,"6,16,26,36,46,56"
0,05:40,8,8,동탄/용인,6,"7,17,27,37,47,57"
0,05:40,9,9,평택,6,"8,18,28,38,48,58"
1,05:41,1,1,서울역,6,"0,10,20,30,40,50"
1,05:41,10,10,인천공항,6,"9,19,29,39,49,59"
1,05:41,2,2,수서,6,"1,11,21,31,41,51"
1,05:41,3,3,삼성,6,"2,12,22,32,42,52"
1,05:41,4,4,여의도,6,"3,13,23,33,43,53"
1,05:41,5,5,김포공항,6,"4,14,24,34,44,54"
1,05:41,6,6,일산,6,"5,15,25,35,45,55"
1,05:41,7,7,판교,6,"6,16,26,36,46,56"
1,05:41,8,8,동탄/용인,6,"7,17,27,37,47,57"
1,05:41,9,9,평택,6,"8,18,28,38,48,58"
2,05:42,1,1,서울역,6,"0,10,20,30,40,50"
2,05:42,10,10,인천공항,6,"9,19,29,39,49,59"
2,05:42,2,2,수서,6,"1,11,21,31,41,51"
2,05:42,3,3,삼성,6,"2,12,22,32,42,52"
2,05:42,4,4,여의도,6,"3,13,23,33,43,53"
2,05:42,5,5,김포공항,6,"4,14,24,34,44,54"
2,05:42,6,6,일산,6,"5,15,25,35,45,55"
2,05:42,7,7,판교,6,"6,16,26,36,46,56"
2,05:42,8,8,동탄/용인,6,"7,17,27,37,47,57"
2,05:42,9,9,평택,6,"8,18,28,38,48,58"
3,05:43,1,1,서울역,6,"0,10,20,30,40,50"
3,05:43,10,10,인천공항,6,"9,19,29,39,49,59"
3,05:43,2,2,수서,6,"1,11,21,31,41,51"
3,05:43,3,3,삼성,6,"2,12,22,32,42,52"
3,05:43,4,4,여의도,6,"3,13,23,33,43,53"
3,05:43,5,5,김포공항,6,"4,14,24,34,44,54"
3,05:43,6,6,일산,6,"5,15,25,35,45,55"
3,05:43,7,7,판교,6,"6,16,26,36,46,56"
3,05:43,8,8,동탄/용인,6,"7,17,27,37,47,57"
3,05:43,9,9,평택,6,"8,18,28,38,48,58"
4,05:44,1,1,서울역,6,"0,10,20,30,40,50"
4,05:44,10,10,인천공항,6,"9,19,29,39,49,59"
4,05:44,2,2,수서,6,"1,11,21,31,41,51"
4,05:44,3,3,삼성,6,"2,12,22,32,42,52"
4,05:44,4,4,여의도,6,"3,13,23,33,43,53"
4,05:44,5,5,김포공항,6,"4,14,24,34,44,54"
4,05:44,6,6,일산,6,"5,15,25,35,45,55"
4,05:44,7,7,판교,6,"6,16,26,36,46,56"
4,05:44,8,8,동탄/용인,6,"7,17,27,37,47,57"
4,05:44,9,9,평택,6,"8,18,28,38,48,58"
5,05:45,1,1,서울역,6,"0,10,20,30,40,50"
5,05:45,10,10,인천공항,6,"9,19,29,39,49,59"
5,05:45,2,2,수서,6,"1,11,21,31,41,51"
5,05:45,3,3,삼성,6,"2,12,22,32,42,52"
5,05:45,4,4,여의도,6,"3,13,23,33,43,53"
5,05:45,5,5,김포공항,6,"4,14,24,34,44,54"
5,05:45,6,6,일산,6,"5,15,25,35,45,55"
5,05:45,7,7,판교,6,"6,16,26,36,46,56"
5,05:45,8,8,동탄/용인,6,"7,17,27,37,47,57"
5,05:45,9,9,평택,6,"8,18,28,38,48,58"
6,05:46,1,1,서울역,6,"0,10,20,30,40,50"
6,05:46,10,10,인천공항,6,"9,19,29,39,49,59"
6,05:46,2,2,수서,6,"1,11,21,31,41,51"
6,05:46,3,3,삼성,6,"2,12,22,32,42,52"
6,05:46,4,4,여의도,6,"3,13,23,33,43,53"
6,05:46,5,5,김포공항,6,"4,14,24,34,44,54"
6,05:46,6,6,일산,6,"5,15,25,35,45,55"
6,05:46,7,7,판교,6,"6,16,26,36,46,56"
6,05:46,8,8,동탄/용인,6,"7,17,27,37,47,57"
6,05:46,9,9,평택,6,"8,18,28,38,48,58"
7,05:47,1,1,서울역,6,"0,10,20,30,40,50"
7,05:47,10,10,인천공항,6,"9,19,29,39,49,59"
7,05:47,2,2,수서,6,"1,11,21,31,41,51"
7,05:47,3,3,삼성,6,"2,12,22,32,42,52"
7,05:47,4,4,여의도,6,"3,13,23,33,43,53"
7,05:47,5,5,김포공항,6,"4,14,24,34,44,54"
7,05:47,6,6,일산,6,"5,15,25,35,45,55"
7,05:47,7,7,판교,6,"6,16,26,36,46,56"
7,05:47,8,8,동탄/용인,6,"7,17,27,37,47,57"
7,05:47,9,9,평택,6,"8,18,28,38,48,58"
8,05:48,1,1,서울역,6,"0,10,20,30,40,50"
8,05:48,10,10,인천공항,6,"9,19,29,39,49,59"
8,05:48,2,2,수서,6,"1,11,21,31,41,51"
8,05:48,3,3,삼성,6,"2,12,22,32,42,52"
8,05:48,4,4,여의도,6,"3,13,23,33,43,53"
8,05:48,5,5,김포공항,6,"4,14,24,34,44,54"
8,05:48,6,6,일산,6,"5,15,25,35,45,55"
8,05:48,7,7,판교,6,"6,16,26,36,46,56"
8,05:48,8,8,동탄/용인,6,"7,17,27,37,47,57"
8,05:48,9,9,평택,6,"8,18,28,38,48,58"
9,05:49,1,1,서울역,6,"0,10,20,30,40,50"
9,05:49,10,10,인천공항,6,"9,19,29,39,49,59"
9,05:49,2,2,수서,6,"1,11,21,31,41,51"
9,05:49,3,3,삼성,6,"2,12,22,32,42,52"
9,05:49,4,4,여의도,6,"3,13,23,33,43,53"
9,05:49,5,5,김포공항,6,"4,14,24,34,44,54"
9,05:49,6,6,일산,6,"5,15,25,35,45,55"
9,05:49,7,7,판교,6,"6,16,26,36,46,56"
9,05:49,8,8,동탄/용인,6,"7,17,27,37,47,57"
9,05:49,9,9,평택,6,"8,18,28,38,48,58"
10,05:50,1,1,서울역,6,"0,10,20,30,40,50"
10,05:50,10,10,인천공항,6,"9,19,29,39,49,59"
10,05:50,2,2,수서,6,"1,11,21,31,41,51"
10,05:50,3,3,삼성,6,"2,12,22,32,42,52"
10,05:50,4,4,여의도,6,"3,13,23,33,43,53"
10,05:50,5,5,김포공항,6,"4,14,24,34,44,54"
10,05:50,6,6,일산,6,"5,15,25,35,45,55"
10,05:50,7,7,판교,6,"6,16,26,36,46,56"
10,05:50,8,8,동탄/용인,6,"7,17,27,37,47,57"
10,05:50,9,9,평택,6,"8,18,28,38,48,58"
11,05:51,1,1,서울역,6,"0,10,20,30,40,50"
11,05:51,10,10,인천공항,6,"9,19,29,39,49,59"
11,05:51,2,2,수서,6,"1,11,21,31,41,51"
11,05:51,3,3,삼성,6,"2,12,22,32,42,52"
11,05:51,4,4,여의도,6,"3,13,23,33,43,53"
11,05:51,5,5,김포공항,6,"4,14,24,34,44,54"
11,05:51,6,6,일산,6,"5,15,25,35,45,55"
11,05:51,7,7,판교,6,"6,16,26,36,46,56"
11,05:51,8,8,동탄/용인,6,"7,17,27,37,47,57"
11,05:51,9,9,평택,6,"8,18,28,38,48,58"
12,05:52,1,1,서울역,6,"0,10,20,30,40,50"
12,05:52,10,10,인천공항,6,"9,19,29,39,49,59"
12,05:52,2,2,수서,6,"1,11,21,31,41,51"
12,05:52,3,3,삼성,6,"2,12,22,32,42,52"
12,05:52,4,4,여의도,6,"3,13,23,33,43,53"
12,05:52,5,5,김포공항,6,"4,14,24,34,44,54"
12,05:52,6,6,일산,6,"5,15,25,35,45,55"
12,05:52,7,7,판교,6,"6,16,26,36,46,56"
12,05:52,8,8,동탄/용인,6,"7,17,27,37,47,57"
12,05:52,9,9,평택,6,"8,18,28,38,48,58"
13,05:53,1,1,서울역,6,"0,10,20,30,40,50"
13,05:53,10,10,인천공항,6,"9,19,29,39,49,59"
13,05:53,2,2,수서,6,"1,11,21,31,41,51"
13,05:53,3,3,삼성,6,"2,12,22,32,42,52"
13,05:53,4,4,여의도,6,"3,13,23,33,43,53"
13,05:53,5,5,김포공항,6,"4,14,24,34,44,54"
13,05:53,6,6,일산,6,"5,15,25,35,45,55"
13,05:53,7,7,판교,6,"6,16,26,36,46,56"
13,05:53,8,8,동탄/용인,6,"7,17,27,37,47,57"
13,05:53,9,9,평택,6,"8,18,28,38,48,58"
14,05:54,1,1,서울역,6,"0,10,20,30,40,50"
14,05:54,10,10,인천공항,6,"9,19,29,39,49,59"
14,05:54,2,2,수서,6,"1,11,21,31,41,51"
14,05:54,3,3,삼성,6,"2,12,22,32,42,52"
14,05:54,4,4,여의도,6,"3,13,23,33,43,53"
14,05:54,5,5,김포공항,6,"4,14,24,34,44,54"
14,05:54,6,6,일산,6,"5,15,25,35,45,55"
14,05:54,7,7,판교,6,"6,16,26,36,46,56"
14,05:54,8,8,동탄/용인,6,"7,17,27,37,47,57"
14,05:54,9,9,평택,6,"8,18,28,38,48,58"
15,05:55,1,1,서울역,6,"0,10,20,30,40,50"
15,05:55,10,10,인천공항,6,"9,19,29,39,49,59"
15,05:55,2,2,수서,6,"1,11,21,31,41,51"
15,05:55,3,3,삼성,6,"2,12,22,32,42,52"
15,05:55,4,4,여의도,6,"3,13,23,33,43,53"
15,05:55,5,5,김포공항,6,"4,14,24,34,44,54"
15,05:55,6,6,일산,6,"5,15,25,35,45,55"
15,05:55,7,7,판교,6,"6,16,26,36,46,56"
15,05:55,8,8,동탄/용인,6,"7,17,27,37,47,57"
15,05:55,9,9,평택,6,"8,18,28,38,48,58"
16,05:56,1,1,서울역,6,"0,10,20,30,40,50"
16,05:56,10,10,인천공항,6,"9,19,29,39,49,59"
16,05:56,2,2,수서,6,"1,11,21,31,41,51"
16,05:56,3,3,삼성,6,"2,12,22,32,42,52"
16,05:56,4,4,여의도,6,"3,13,23,33,43,53"
16,05:56,5,5,김포공항,6,"4,14,24,34,44,54"
16,05:56,6,6,일산,6,"5,15,25,35,45,55"
16,05:56,7,7,판교,6,"6,16,26,36,46,56"
16,05:56,8,8,동탄/용인,6,"7,17,27,37,47,57"
16,05:56,9,9,평택,6,"8,18,28,38,48,58"
17,05:57,1,1,서울역,6,"0,10,20,30,40,50"
17,05:57,10,10,인천공항,6,"9,19,29,39,49,59"
17,05:57,2,2,수서,6,"1,11,21,31,41,51"
17,05:57,3,3,삼성,6,"2,12,22,32,42,52"
17,05:57,4,4,여의도,6,"3,13,23,33,43,53"
17,05:57,5,5,김포공항,6,"4,14,24,34,44,54"
17,05:57,6,6,일산,6,"5,15,25,35,45,55"
17,05:57,7,7,판교,6,"6,16,26,36,46,56"
17,05:57,8,8,동탄/용인,6,"7,17,27,37,47,57"
17,05:57,9,9,평택,6,"8,18,28,38,48,58"
18,05:58,1,1,서울역,6,"0,10,20,30,40,50"
18,05:58,10,10,인천공항,6,"9,19,29,39,49,59"
18,05:58,2,2,수서,6,"1,11,21,31,41,51"
18,05:58,3,3,삼성,6,"2,12,22,32,42,52"
18,05:58,4,4,여의도,6,"3,13,23,33,43,53"
18,05:58,5,5,김포공항,6,"4,14,24,34,44,54"
18,05:58,6,6,일산,6,"5,15,25,35,45,55"
18,05:58,7,7,판교,6,"6,16,26,36,46,56"
18,05:58,8,8,동탄/용인,6,"7,17,27,37,47,57"
18,05:58,9,9,평택,6,"8,18,28,38,48,58"
19,05:59,1,1,서울역,6,"0,10,20,30,40,50"
19,05:59,10,10,인천공항,6,"9,19,29,39,49,59"
19,05:59,2,2,수서,6,"1,11,21,31,41,51"
19,05:59,3,3,삼성,6,"2,12,22,32,42,52"
19,05:59,4,4,여의도,6,"3,13,23,33,43,53"
19,05:59,5,5,김포공항,6,"4,14,24,34,44,54"
19,05:59,6,6,일산,6,"5,15,25,35,45,55"
19,05:59,7,7,판교,6,"6,16,26,36,46,56"
19,05:59,8,8,동탄/용인,6,"7,17,27,37,47,57"
19,05:59,9,9,평택,6,"8,18,28,38,48,58"
20,06:00,1,1,서울역,6,"0,10,20,30,40,50"
20,06:00,10,10,인천공항,6,"9,19,29,39,49,59"
20,06:00,2,2,수서,6,"1,11,21,31,41,51"
20,06:00,3,3,삼성,6,"2,12,22,32,42,52"
20,06:00,4,4,여의도,6,"3,13,23,33,43,53"
20,06:00,5,5,김포공항,6,"4,14,24,34,44,54"
20,06:00,6,6,일산,6,"5,15,25,35,45,55"
20,06:00,7,7,판교,6,"6,16,26,36,46,56"
20,06:00,8,8,동탄/용인,6,"7,17,27,37,47,57"
20,06:00,9,9,평택,6,"8,18,28,38,48,58"
21,06:01,1,1,서울역,6,"0,10,20,30,40,50"
21,06:01,10,10,인천공항,6,"9,19,29,39,49,59"
21,06:01,2,2,수서,6,"1,11,21,31,41,51"
21,06:01,3,3,삼성,6,"2,12,22,32,42,52"
21,06:01,4,4,여의도,6,"3,13,23,33,43,53"
21,06:01,5,5,김포공항,6,"4,14,24,34,44,54"
21,06:01,6,6,일산,6,"5,15,25,35,45,55"
21,06:01,7,7,판교,6,"6,16,26,36,46,56"
21,06:01,8,8,동탄/용인,6,"7,17,27,37,47,57"
21,06:01,9,9,평택,6,"8,18,28,38,48,58"
22,06:02,1,1,서울역,6,"0,10,20,30,40,50"
22,06:02,10,10,인천공항,6,"9,19,29,39,49,59"
22,06:02,2,2,수서,6,"1,11,21,31,41,51"
22,06:02,3,3,삼성,6,"2,12,22,32,42,52"
22,06:02,4,4,여의도,6,"3,13,23,33,43,53"
22,06:02,5,5,김포공항,6,"4,14,24,34,44,54"
22,06:02,6,6,일산,6,"5,15,25,35,45,55"
22,06:02,7,7,판교,6,"6,16,26,36,46,56"
22,06:02,8,8,동탄/용인,6,"7,17,27,37,47,57"
22,06:02,9,9,평택,6,"8,18,28,38,48,58"
23,06:03,1,1,서울역,6,"0,10,20,30,40,50"
23,06:03,10,10,인천공항,6,"9,19,29,39,49,59"
23,06:03,2,2,수서,6,"1,11,21,31,41,51"
23,06:03,3,3,삼성,6,"2,12,22,32,42,52"
23,06:03,4,4,여의도,6,"3,13,23,33,43,53"
23,06:03,5,5,김포공항,6,"4,14,24,34,44,54"
23,06:03,6,6,일산,6,"5,15,25,35,45,55"
23,06:03,7,7,판교,6,"6,16,26,36,46,56"
23,06:03,8,8,동탄/용인,6,"7,17,27,37,47,57"
23,06:03,9,9,평택,6,"8,18,28,38,48,58"
24,06:04,1,1,서울역,6,"0,10,20,30,40,50"
24,06:04,10,10,인천공항,6,"9,19,29,39,49,59"
24,06:04,2,2,수서,6,"1,11,21,31,41,51"
24,06:04,3,3,삼성,6,"2,12,22,32,42,52"
24,06:04,4,4,여의도,6,"3,13,23,33,43,53"
24,06:04,5,5,김포공항,6,"4,14,24,34,44,54"
24,06:04,6,6,일산,6,"5,15,25,35,45,55"
24,06:04,7,7,판교,6,"6,16,26,36,46,56"
24,06:04,8,8,동탄/용인,6,"7,17,27,37,47,57"
24,06:04,9,9,평택,6,"8,18,28,38,48,58"
25,06:05,1,1,서울역,6,"0,10,20,30,40,50"
25,06:05,10,10,인천공항,6,"9,19,29,39,49,59"
25,06:05,2,2,수서,6,"1,11,21,31,41,51"
25,06:05,3,3,삼성,6,"2,12,22,32,42,52"
25,06:05,4,4,여의도,6,"3,13,23,33,43,53"
25,06:05,5,5,김포공항,6,"4,14,24,34,44,54"
25,06:05,6,6,일산,5,"5,15,35,45,55"
25,06:05,7,7,판교,6,"6,16,26,36,46,56"
25,06:05,8,8,동탄/용인,6,"7,17,27,37,47,57"
25,06:05,9,9,평택,6,"8,18,28,38,48,58"
26,06:06,1,1,서울역,6,"0,10,20,30,40,50"
26,06:06,10,10,인천공항,6,"9,19,29,39,49,59"
26,06:06,2,2,수서,6,"1,11,21,31,41,51"
26,06:06,3,3,삼성,6,"2,12,22,32,42,52"
26,06:06,4,4,여의도,6,"3,13,23,33,43,53"
26,06:06,5,5,김포공항,6,"4,14,24,34,44,54"
26,06:06,6,6,일산,5,"5,15,35,45,55"
26,06:06,7,7,판교,6,"6,16,26,36,46,56"
26,06:06,8,8,동탄/용인,6,"7,17,27,37,47,57"
26,06:06,9,9,평택,6,"8,18,28,38,48,58"
27,06:07,1,1,서울역,6,"0,10,20,30,40,50"
27,06:07,10,10,인천공항,6,"9,19,29,39,49,59"
27,06:07,2,2,수서,6,"1,11,21,31,41,51"
27,06:07,3,3,삼성,6,"2,12,22,32,42,52"
27,06:07,4,4,여의도,6,"3,13,23,33,43,53"
27,06:07,5,5,김포공항,6,"4,14,24,34,44,54"
27,06:07,6,6,일산,4,"5,15,45,55"
27,06:07,7,7,판교,5,"16,26,36,46,56"
27,06:07,8,8,동탄/용인,6,"7,17,27,37,47,57"
27,06:07,9,9,평택,6,"8,18,28,38,48,58"
28,06:08,1,1,서울역,6,"0,10,20,30,40,50"
28,06:08,10,10,인천공항,6,"9,19,29,39,49,59"
28,06:08,2,2,수서,6,"1,11,21,31,41,51"
28,06:08,3,3,삼성,6,"2,12,22,32,42,52"
28,06:08,4,4,여의도,6,"3,13,23,33,43,53"
28,06:08,5,5,김포공항,6,"4,14,24,34,44,54"
28,06:08,6,6,일산,4,"5,15,45,55"
28,06:08,7,7,판교,5,"16,26,36,46,56"
28,06:08,8,8,동탄/용인,6,"7,17,27,37,47,57"
28,06:08,9,9,평택,6,"8,18,28,38,48,58"
29,06:09,1,1,서울역,6,"0,10,20,30,40,50"
29,06:09,10,10,인천공항,6,"9,19,29,39,49,59"
29,06:09,2,2,수서,6,"1,11,21,31,41,51"
29,06:09,3,3,삼성,6,"2,12,22,32,42,52"
29,06:09,4,4,여의도,5,"3,13,33,43,53"
29,06:09,5,5,김포공항,6,"4,14,24,34,44,54"
29,06:09,6,6,일산,4,"5,15,45,55"
29,06:09,7,7,판교,5,"16,26,36,46,56"
29,06:09,8,8,동탄/용인,6,"7,17,27,37,47,57"
29,06:09,9,9,평택,6,"8,18,28,38,48,58"
30,06:10,1,1,서울역,6,"0,10,20,30,40,50"
30,06:10,10,10,인천공항,6,"9,19,29,39,49,59"
30,06:10,2,2,수서,6,"1,11,21,31,41,51"
30,06:10,3,3,삼성,6,"2,12,22,32,42,52"
30,06:10,4,4,여의도,5,"3,13,33,43,53"
30,06:10,5,5,김포공항,6,"4,14,24,34,44,54"
30,06:10,6,6,일산,4,"5,15,45,55"
30,06:10,7,7,판교,5,"16,26,36,46,56"
30,06:10,8,8,동탄/용인,6,"7,17,27,37,47,57"
30,06:10,9,9,평택,5,"18,28,38,48,58"
31,06:11,1,1,서울역,6,"0,10,20,30,40,50"
31,06:11,10,10,인천공항,6,"9,19,29,39,49,59"
31,06:11,2,2,수서,6,"1,11,21,31,41,51"
31,06:11,3,3,삼성,6,"2,12,22,32,42,52"
31,06:11,4,4,여의도,5,"3,13,33,43,53"
31,06:11,5,5,김포공항,6,"4,14,24,34,44,54"
31,06:11,6,6,일산,4,"5,15,45,55"
31,06:11,7,7,판교,5,"16,26,36,46,56"
31,06:11,8,8,동탄/용인,6,"7,17,27,37,47,57"
31,06:11,9,9,평택,5,"18,28,38,48,58"
32,06:12,1,1,서울역,6,"0,10,20,30,40,50"
32,06:12,10,10,인천공항,5,"9,19,29,39,49"
32,06:12,2,2,수서,6,"1,11,21,31,41,51"
32,06:12,3,3,삼성,6,"2,12,22,32,42,52"
32,06:12,4,4,여의도,5,"3,13,33,43,53"
32,06:12,5,5,김포공항,6,"4,14,24,34,44,54"
32,06:12,6,6,일산,4,"5,15,45,55"
32,06:12,7,7,판교,5,"16,26,36,46,56"
32,06:12,8,8,동탄/용인,6,"7,17,27,37,47,57"
32,06:12,9,9,평택,5,"18,28,38,48,58"
33,06:13,1,1,서울역,6,"0,10,20,30,40,50"
33,06:13,10,10,인천공항,4,"9,19,39,49"
33,06:13,2,2,수서,6,"1,11,21,31,41,51"
33,06:13,3,3,삼성,6,"2,12,22,32,42,52"
33,06:13,4,4,여의도,5,"3,13,33,43,53"
33,06:13,5,5,김포공항,6,"4,14,24,34,44,54"
33,06:13,6,6,일산,4,"5,15,45,55"
33,06:13,7,7,판교,5,"16,26,36,46,56"
33,06:13,8,8,동탄/용인,6,"7,17,27,37,47,57"
33,06:13,9,9,평택,5,"18,28,38,48,58"
34,06:14,1,1,서울역,6,"0,10,20,30,40,50"
34,06:14,10,10,인천공항,4,"9,19,39,49"
34,06:14,2,2,수서,6,"1,11,21,31,41,51"
34,06:14,3,3,삼성,6,"2,12,22,32,42,52"
34,06:14,4,4,여의도,5,"3,13,33,43,53"
34,06:14,5,5,김포공항,6,"4,14,24,34,44,54"
34,06:14,6,6,일산,4,"5,15,45,55"
34,06:14,7,7,판교,5,"16,26,36,46,56"
34,06:14,8,8,동탄/용인,6,"7,17,27,37,47,57"
34,06:14,9,9,평택,5,"18,28,38,48,58"
35,06:15,1,1,서울역,6,"0,10,20,30,40,50"
35,06:15,10,10,인천공항,4,"9,19,39,49"
35,06:15,2,2,수서,6,"1,11,21,31,41,51"
35,06:15,3,3,삼성,6,"2,12,22,32,42,52"
35,06:15,4,4,여의도,5,"3,13,33,43,53"
35,06:15,5,5,김포공항,6,"4,14,24,34,44,54"
35,06:15,6,6,일산,3,"5,45,55"
35,06:15,7,7,판교,5,"16,26,36,46,56"
35,06:15,8,8,동탄/용인,6,"7,17,27,37,47,57"
35,06:15,9,9,평택,5,"18,28,38,48,58"
36,06:16,1,1,서울역,6,"0,10,20,30,40,50"
36,06:16,10,10,인천공항,4,"9,19,39,49"
36,06:16,2,2,수서,7,"1,11,21,25,31,41,51"
36,06:16,3,3,삼성,6,"2,12,22,32,42,52"
36,06:16,4,4,여의도,5,"3,13,33,43,53"
36,06:16,5,5,김포공항,6,"4,14,24,34,44,54"
36,06:16,6,6,일산,2,"45,55"
36,06:16,7,7,판교,5,"16,26,36,46,56"
36,06:16,8,8,동탄/용인,6,"7,17,27,37,47,57"
36,06:16,9,9,평택,5,"18,28,38,48,58"
37,06:17,1,1,서울역,6,"0,10,20,30,40,50"
37,06:17,10,10,인천공항,4,"9,19,39,49"
37,06:17,2,2,수서,7,"1,11,21,25,31,41,51"
37,06:17,3,3,삼성,6,"2,12,22,32,42,52"
37,06:17,4,4,여의도,5,"3,13,33,43,53"
37,06:17,5,5,김포공항,6,"4,14,24,34,44,54"
37,06:17,6,6,일산,2,"45,55"
37,06:17,7,7,판교,5,"16,26,36,46,56"
37,06:17,8,8,동탄/용인,6,"7,17,27,37,47,57"
37,06:17,9,9,평택,5,"18,28,38,48,58"
38,06:18,1,1,서울역,6,"0,10,20,30,40,50"
38,06:18,10,10,인천공항,4,"9,19,39,49"
38,06:18,2,2,수서,7,"1,11,21,25,31,41,51"
38,06:18,3,3,삼성,6,"2,12,22,32,42,52"
38,06:18,4,4,여의도,5,"3,13,33,43,53"
38,06:18,5,5,김포공항,6,"4,14,24,34,44,54"
38,06:18,6,6,일산,2,"45,55"
38,06:18,7,7,판교,5,"16,26,36,46,56"
38,06:18,8,8,동탄/용인,6,"7,17,27,37,47,57"
38,06:18,9,9,평택,5,"18,28,38,48,58"
39,06:19,1,1,서울역,4,"10,20,30,50"
39,06:19,10,10,인천공항,4,"9,19,39,49"
39,06:19,2,2,수서,7,"1,11,21,25,31,41,51"
39,06:19,3,3,삼성,6,"2,12,22,32,42,52"
39,06:19,4,4,여의도,5,"3,13,33,43,53"
39,06:19,5,5,김포공항,6,"4,14,24,34,44,54"
39,06:19,6,6,일산,2,"45,55"
39,06:19,7,7,판교,6,"16,26,35,36,46,56"
39,06:19,8,8,동탄/용인,6,"7,17,27,37,47,57"
39,06:19,9,9,평택,5,"18,28,38,48,58"
40,06:20,1,1,서울역,4,"10,20,30,50"
40,06:20,10,10,인천공항,4,"9,19,39,49"
40,06:20,2,2,수서,7,"1,11,21,25,31,41,51"
40,06:20,3,3,삼성,6,"2,12,22,32,42,52"
40,06:20,4,4,여의도,5,"3,13,33,43,53"
40,06:20,5,5,김포공항,5,"14,24,34,44,54"
40,06:20,6,6,일산,2,"45,55"
40,06:20,7,7,판교,6,"16,26,35,36,46,56"
40,06:20,8,8,동탄/용인,6,"7,17,27,37,47,57"
40,06:20,9,9,평택,5,"18,28,38,48,58"
41,06:21,1,1,서울역,4,"10,20,30,50"
41,06:21,10,10,인천공항,4,"9,19,39,49"
41,06:21,2,2,수서,7,"1,11,21,25,31,41,51"
41,06:21,3,3,삼성,6,"2,12,22,32,42,52"
41,06:21,4,4,여의도,5,"3,13,33,43,53"
41,06:21,5,5,김포공항,5,"14,24,34,44,54"
41,06:21,6,6,일산,2,"45,55"
41,06:21,7,7,판교,6,"16,26,35,36,46,56"
41,06:21,8,8,동탄/용인,6,"7,17,27,37,47,57"
41,06:21,9,9,평택,5,"18,28,38,48,58"
42,06:22,1,1,서울역,4,"10,20,30,50"
42,06:22,10,10,인천공항,4,"9,19,39,49"
42,06:22,2,2,수서,7,"1,11,21,25,31,41,51"
42,06:22,3,3,삼성,6,"2,12,22,32,42,52"
42,06:22,4,4,여의도,5,"3,13,33,43,53"
42,06:22,5,5,김포공항,5,"14,24,34,44,54"
42,06:22,6,6,일산,2,"45,55"
42,06:22,7,7,판교,6,"16,26,35,36,46,56"
42,06:22,8,8,동탄/용인,6,"7,17,27,37,47,57"
42,06:22,9,9,평택,5,"18,28,38,48,58"
43,06:23,1,1,서울역,4,"10,20,30,50"
43,06:23,10,10,인천공항,5,"6,9,19,39,49"
43,06:23,2,2,수서,6,"1,11,21,31,41,51"
43,06:23,3,3,삼성,5,"12,22,32,42,52"
43,06:23,4,4,여의도,5,"3,13,33,43,53"
43,06:23,5,5,김포공항,4,"14,24,44,54"
43,06:23,6,6,일산,1,45
43,06:23,7,7,판교,6,"16,26,35,36,46,56"
43,06:23,8,8,동탄/용인,6,"7,17,27,37,47,57"
43,06:23,9,9,평택,5,"18,28,38,48,58"
44,06:24,1,1,서울역,4,"10,20,30,50"
44,06:24,10,10,인천공항,5,"6,9,19,39,49"
44,06:24,2,2,수서,6,"1,11,21,31,41,51"
44,06:24,3,3,삼성,5,"12,22,32,42,52"
44,06:24,4,4,여의도,5,"3,13,33,43,53"
44,06:24,5,5,김포공항,4,"14,24,44,54"
44,06:24,7,7,판교,6,"16,26,35,36,46,56"
44,06:24,8,8,동탄/용인,6,"7,17,27,37,47,57"
44,06:24,9,9,평택,6,"18,23,28,38,48,58"
45,06:25,1,1,서울역,4,"10,20,30,50"
45,06:25,10,10,인천공항,5,"6,9,19,39,49"
45,06:25,2,2,수서,6,"1,11,21,31,41,51"
45,06:25,3,3,삼성,5,"12,22,32,42,52"
45,06:25,4,4,여의도,7,"3,8,13,29,33,43,53"
45,06:25,5,5,김포공항,4,"14,24,44,54"
45,06:25,7,7,판교,6,"16,26,35,36,46,56"
45,06:25,8,8,동탄/용인,6,"7,17,27,37,47,57"
45,06:25,9,9,평택,6,"18,23,28,38,48,58"
46,06:26,1,1,서울역,4,"10,20,30,50"
46,06:26,10,10,인천공항,6,"6,9,15,19,39,49"
46,06:26,2,2,수서,6,"1,11,21,31,41,51"
46,06:26,3,3,삼성,5,"12,22,32,42,52"
46,06:26,4,4,여의도,7,"3,8,13,29,33,43,53"
46,06:26,5,5,김포공항,4,"14,24,44,54"
46,06:26,7,7,판교,6,"16,26,35,36,46,56"
46,06:26,8,8,동탄/용인,6,"7,17,27,37,47,57"
46,06:26,9,9,평택,6,"18,23,28,38,48,58"
47,06:27,1,1,서울역,4,"10,20,30,50"
47,06:27,10,10,인천공항,6,"6,9,15,19,39,49"
47,06:27,2,2,수서,6,"1,11,21,31,41,51"
47,06:27,3,3,삼성,6,"12,22,32,42,52,59"
47,06:27,4,4,여의도,7,"3,8,13,29,33,43,53"
47,06:27,5,5,김포공항,4,"14,24,44,54"
47,06:27,7,7,판교,6,"16,26,35,36,46,56"
47,06:27,8,8,동탄/용인,6,"7,17,27,37,47,57"
47,06:27,9,9,평택,6,"18,23,28,38,48,58"
48,06:28,1,1,서울역,4,"10,20,30,50"
48,06:28,10,10,인천공항,6,"6,9,15,19,39,49"
48,06:28,2,2,수서,6,"1,11,21,31,41,51"
48,06:28,3,3,삼성,6,"12,22,32,42,52,59"
48,06:28,4,4,여의도,7,"3,8,13,29,33,43,53"
48,06:28,5,5,김포공항,4,"14,24,44,54"
48,06:28,7,7,판교,7,"5,16,26,35,36,46,56"
48,06:28,8,8,동탄/용인,6,"7,17,27,37,47,57"
48,06:28,9,9,평택,6,"18,23,28,38,48,58"
49,06:29,1,1,서울역,4,"10,20,30,50"
49,06:29,10,10,인천공항,6,"6,9,15,19,39,49"
49,06:29,2,2,수서,6,"1,11,21,31,41,51"
49,06:29,3,3,삼성,6,"12,22,32,42,52,59"
49,06:29,4,4,여의도,7,"3,8,13,29,33,43,53"
49,06:29,5,5,김포공항,4,"14,24,44,54"
49,06:29,7,7,판교,7,"5,16,26,35,36,46,56"
49,06:29,8,8,동탄/용인,6,"7,17,27,37,47,57"
49,06:29,9,9,평택,6,"18,23,28,38,48,58"
50,06:30,1,1,서울역,4,"10,20,30,50"
50,06:30,10,10,인천공항,6,"6,9,15,19,39,49"
50,06:30,2,2,수서,6,"1,11,21,31,41,51"
50,06:30,3,3,삼성,6,"12,22,32,42,52,59"
50,06:30,4,4,여의도,7,"3,8,13,29,33,43,53"
50,06:30,5,5,김포공항,4,"14,24,44,54"
50,06:30,6,6,일산,1,34
50,06:30,7,7,판교,7,"5,16,26,35,36,46,56"
50,06:30,8,8,동탄/용인,6,"7,17,27,37,47,57"
50,06:30,9,9,평택,6,"18,23,28,38,48,58"
51,06:31,1,1,서울역,4,"10,20,30,50"
51,06:31,10,10,인천공항,6,"6,9,15,19,39,49"
51,06:31,2,2,수서,5,"1,11,21,41,51"
51,06:31,3,3,삼성,6,"12,22,32,42,52,59"
51,06:31,4,4,여의도,7,"3,8,13,29,33,43,53"
51,06:31,5,5,김포공항,4,"14,24,44,54"
51,06:31,6,6,일산,1,34
51,06:31,7,7,판교,7,"5,16,26,35,36,46,56"
51,06:31,8,8,동탄/용인,6,"7,17,27,37,47,57"
51,06:31,9,9,평택,6,"18,23,28,38,48,58"
52,06:32,1,1,서울역,3,"20,30,50"
52,06:32,10,10,인천공항,7,"0,6,9,15,19,39,49"
52,06:32,2,2,수서,5,"1,11,21,41,51"
52,06:32,3,3,삼성,6,"12,22,32,42,52,59"
52,06:32,4,4,여의도,7,"3,8,13,29,33,43,53"
52,06:32,5,5,김포공항,4,"14,24,44,54"
52,06:32,6,6,일산,1,34
52,06:32,7,7,판교,7,"5,16,26,35,36,46,56"
52,06:32,8,8,동탄/용인,6,"7,17,27,37,47,57"
52,06:32,9,9,평택,6,"18,23,28,38,48,58"
53,06:33,1,1,서울역,3,"20,30,50"
53,06:33,10,10,인천공항,7,"0,6,9,15,19,39,49"
53,06:33,2,2,수서,5,"1,11,21,41,51"
53,06:33,3,3,삼성,6,"12,22,32,42,52,59"
53,06:33,4,4,여의도,7,"3,8,13,29,33,43,53"
53,06:33,5,5,김포공항,4,"14,24,44,54"
53,06:33,6,6,일산,1,34
53,06:33,7,7,판교,7,"5,16,26,35,36,46,56"
53,06:33,8,8,동탄/용인,6,"7,17,27,37,47,57"
53,06:33,9,9,평택,6,"18,23,28,38,48,58"
54,06:34,1,1,서울역,3,"20,30,50"
54,06:34,10,10,인천공항,7,"0,6,9,15,19,39,49"
54,06:34,2,2,수서,5,"1,11,21,41,51"
54,06:34,3,3,삼성,6,"12,22,32,42,52,59"
54,06:34,4,4,여의도,7,"3,8,13,29,33,43,53"
54,06:34,5,5,김포공항,4,"14,24,44,54"
54,06:34,6,6,일산,1,34
54,06:34,7,7,판교,7,"5,16,26,35,36,46,56"
54,06:34,8,8,동탄/용인,6,"7,17,27,37,47,57"
54,06:34,9,9,평택,6,"18,23,28,38,48,58"
55,06:35,1,1,서울역,2,"30,50"
55,06:35,10,10,인천공항,7,"0,6,9,15,19,39,49"
55,06:35,2,2,수서,5,"1,11,21,41,51"
55,06:35,3,3,삼성,6,"12,22,32,42,52,59"
55,06:35,4,4,여의도,7,"3,8,13,29,33,43,53"
55,06:35,5,5,김포공항,4,"14,24,44,54"
55,06:35,6,6,일산,1,34
55,06:35,7,7,판교,8,"5,16,26,35,36,46,55,56"
55,06:35,8,8,동탄/용인,6,"7,17,27,37,47,57"
55,06:35,9,9,평택,7,"18,23,28,38,40,48,58"
56,06:36,1,1,서울역,2,"30,50"
56,06:36,10,10,인천공항,7,"0,6,9,15,19,39,49"
56,06:36,2,2,수서,5,"1,11,21,41,51"
56,06:36,3,3,삼성,6,"12,22,32,42,52,59"
56,06:36,4,4,여의도,7,"3,8,13,29,33,43,53"
56,06:36,5,5,김포공항,4,"14,24,44,54"
56,06:36,6,6,일산,1,34
56,06:36,7,7,판교,9,"5,16,26,35,36,45,46,55,56"
56,06:36,8,8,동탄/용인,6,"7,17,27,37,47,57"
56,06:36,9,9,평택,7,"18,23,28,38,40,48,58"
57,06:37,1,1,서울역,2,"30,50"
57,06:37,10,10,인천공항,7,"0,6,9,15,19,39,49"
57,06:37,2,2,수서,5,"1,11,21,41,51"
57,06:37,3,3,삼성,6,"12,22,32,42,52,59"
57,06:37,4,4,여의도,7,"3,8,13,29,33,43,53"
57,06:37,5,5,김포공항,4,"14,24,44,54"
57,06:37,7,7,판교,9,"5,16,26,35,36,45,46,55,56"
57,06:37,8,8,동탄/용인,6,"7,17,27,37,47,57"
57,06:37,9,9,평택,9,"4,18,23,25,28,38,40,48,58"
58,06:38,1,1,서울역,2,"30,50"
58,06:38,10,10,인천공항,8,"0,2,6,9,15,19,39,49"
58,06:38,2,2,수서,5,"1,11,21,41,51"
58,06:38,3,3,삼성,6,"12,22,32,42,52,59"
58,06:38,4,4,여의도,6,"3,8,29,33,43,53"
58,06:38,5,5,김포공항,4,"14,24,44,54"
58,06:38,7,7,판교,9,"5,16,26,35,36,45,46,55,56"
58,06:38,8,8,동탄/용인,6,"7,17,27,37,47,57"
58,06:38,9,9,평택,9,"4,18,23,25,28,38,40,48,58"
59,06:39,1,1,서울역,2,"30,50"
59,06:39,10,10,인천공항,8,"0,2,6,9,15,19,39,49"
59,06:39,2,2,수서,5,"1,11,21,41,51"
59,06:39,3,3,삼성,6,"12,22,32,42,52,59"
59,06:39,4,4,여의도,6,"3,8,29,33,43,53"
59,06:39,5,5,김포공항,4,"14,24,44,54"
59,06:39,7,7,판교,9,"5,16,26,35,36,45,46,55,56"
59,06:39,8,8,동탄/용인,6,"7,17,27,37,47,57"
59,06:39,9,9,평택,9,"4,18,23,25,28,38,40,48,58"
60,06:40,1,1,서울역,2,"30,50"
60,06:40,10,10,인천공항,7,"0,2,6,15,19,39,49"
60,06:40,2,2,수서,5,"1,11,21,41,51"
60,06:40,3,3,삼성,6,"12,22,32,42,52,59"
60,06:40,4,4,여의도,5,"3,8,33,43,53"
60,06:40,5,5,김포공항,4,"14,24,44,54"
60,06:40,7,7,판교,9,"5,16,26,35,36,45,46,55,56"
60,06:40,8,8,동탄/용인,6,"7,17,27,37,47,57"
60,06:40,9,9,평택,9,"4,18,23,25,28,38,40,48,58"
61,06:41,1,1,서울역,2,"30,50"
61,06:41,10,10,인천공항,7,"0,2,6,15,19,39,49"
61,06:41,2,2,수서,5,"1,11,21,41,51"
61,06:41,3,3,삼성,6,"12,22,32,42,52,59"
61,06:41,4,4,여의도,5,"3,8,33,43,53"
61,06:41,5,5,김포공항,4,"14,24,44,54"
61,06:41,7,7,판교,9,"5,16,26,35,36,45,46,55,56"
61,06:41,8,8,동탄/용인,6,"7,17,27,37,47,57"
61,06:41,9,9,평택,9,"4,18,23,25,28,38,40,48,58"
62,06:42,1,1,서울역,2,"30,50"
62,06:42,10,10,인천공항,7,"0,2,6,15,19,39,49"
62,06:42,2,2,수서,5,"1,11,21,41,51"
62,06:42,3,3,삼성,6,"12,22,32,42,52,59"
62,06:42,4,4,여의도,5,"3,8,33,43,53"
62,06:42,5,5,김포공항,4,"14,24,44,54"
62,06:42,7,7,판교,9,"5,16,26,35,36,45,46,55,56"
62,06:42,8,8,동탄/용인,6,"7,17,27,37,47,57"
62,06:42,9,9,평택,9,"4,18,23,25,28,38,40,48,58"
63,06:43,1,1,서울역,2,"30,50"
63,06:43,10,10,인천공항,6,"0,2,15,19,39,49"
63,06:43,2,2,수서,5,"1,11,21,41,51"
63,06:43,3,3,삼성,5,"12,32,42,52,59"
63,06:43,4,4,여의도,5,"3,8,33,43,53"
63,06:43,5,5,김포공항,4,"14,24,44,54"
63,06:43,7,7,판교,9,"5,16,26,35,36,45,46,55,56"
63,06:43,8,8,동탄/용인,6,"7,17,27,37,47,57"
63,06:43,9,9,평택,9,"4,18,23,25,28,38,40,48,58"
64,06:44,1,1,서울역,2,"30,50"
64,06:44,10,10,인천공항,6,"0,2,15,19,39,49"
64,06:44,2,2,수서,5,"1,11,21,41,51"
64,06:44,3,3,삼성,5,"12,32,42,52,59"
64,06:44,4,4,여의도,5,"3,8,33,43,53"
64,06:44,5,5,김포공항,4,"14,24,44,54"
64,06:44,7,7,판교,9,"5,16,26,35,36,45,46,55,56"
64,06:44,8,8,동탄/용인,6,"7,17,27,37,47,57"
64,06:44,9,9,평택,9,"4,18,23,25,28,38,40,48,58"
65,06:45,1,1,서울역,2,"30,50"
65,06:45,10,10,인천공항,7,"0,2,10,15,19,39,49"
65,06:45,2,2,수서,5,"1,11,21,41,51"
65,06:45,3,3,삼성,5,"12,32,42,52,59"
65,06:45,4,4,여의도,5,"3,8,33,43,53"
65,06:45,5,5,김포공항,4,"14,24,44,54"
65,06:45,7,7,판교,9,"5,16,26,35,36,45,46,55,56"
65,06:45,8,8,동탄/용인,6,"7,17,27,37,47,57"
65,06:45,9,9,평택,10,"4,18,23,25,28,31,38,40,48,58"
66,06:46,1,1,서울역,2,"30,50"
66,06:46,10,10,인천공항,7,"0,2,10,15,19,39,49"
66,06:46,2,2,수서,5,"1,11,21,41,51"
66,06:46,3,3,삼성,5,"12,32,42,52,59"
66,06:46,4,4,여의도,4,"3,8,43,53"
66,06:46,5,5,김포공항,4,"14,24,44,54"
66,06:46,7,7,판교,9,"5,16,26,35,36,45,46,55,56"
66,06:46,8,8,동탄/용인,6,"7,17,27,37,47,57"
66,06:46,9,9,평택,10,"4,18,23,25,28,31,38,40,48,58"
67,06:47,1,1,서울역,2,"30,50"
67,06:47,10,10,인천공항,7,"0,2,10,15,19,39,49"
67,06:47,2,2,수서,5,"1,11,21,41,51"
67,06:47,3,3,삼성,5,"12,32,42,52,59"
67,06:47,4,4,여의도,3,"8,43,53"
67,06:47,5,5,김포공항,4,"14,24,44,54"
67,06:47,6,6,일산,1,29
67,06:47,7,7,판교,9,"5,16,26,35,36,45,46,55,56"
67,06:47,8,8,동탄/용인,6,"7,17,27,37,47,57"
67,06:47,9,9,평택,9,"4,23,25,28,31,38,40,48,58"
68,06:48,1,1,서울역,1,50
68,06:48,10,10,인천공항,8,"0,2,10,15,19,20,39,49"
68,06:48,2,2,수서,5,"1,11,21,41,51"
68,06:48,3,3,삼성,5,"12,32,42,52,59"
68,06:48,4,4,여의도,3,"8,43,53"
68,06:48,5,5,김포공항,4,"14,24,44,54"
68,06:48,6,6,일산,1,29
68,06:48,7,7,판교,9,"5,16,26,35,36,45,46,55,56"
68,06:48,8,8,동탄/용인,6,"7,17,27,37,47,57"
68,06:48,9,9,평택,9,"4,23,25,28,31,38,40,48,58"
69,06:49,1,1,서울역,1,50
69,06:49,10,10,인천공항,7,"0,2,10,19,20,39,49"
69,06:49,2,2,수서,5,"1,11,21,41,51"
69,06:49,3,3,삼성,5,"12,32,42,52,59"
69,06:49,4,4,여의도,3,"8,43,53"
69,06:49,5,5,김포공항,4,"14,24,44,54"
69,06:49,6,6,일산,1,29
69,06:49,7,7,판교,10,"5,16,26,34,35,36,45,46,55,56"
69,06:49,8,8,동탄/용인,6,"7,17,27,37,47,57"
69,06:49,9,9,평택,9,"4,23,25,28,31,38,40,48,58"
70,06:50,1,1,서울역,1,50
70,06:50,10,10,인천공항,7,"0,2,10,19,20,39,49"
70,06:50,2,2,수서,5,"1,11,21,41,51"
70,06:50,3,3,삼성,5,"12,32,42,52,59"
70,06:50,4,4,여의도,3,"8,43,53"
70,06:50,5,5,김포공항,4,"14,24,44,54"
70,06:50,7,7,판교,10,"5,16,26,34,35,36,45,46,55,56"
70,06:50,8,8,동탄/용인,6,"7,17,27,37,47,57"
70,06:50,9,9,평택,9,"4,23,25,28,31,38,40,48,58"
71,06:51,1,1,서울역,1,50
71,06:51,10,10,인천공항,7,"0,2,10,19,20,39,49"
71,06:51,2,2,수서,5,"1,11,21,41,51"
71,06:51,3,3,삼성,5,"12,32,42,52,59"
71,06:51,4,4,여의도,3,"8,43,53"
71,06:51,5,5,김포공항,4,"14,24,44,54"
71,06:51,7,7,판교,10,"5,16,26,34,35,36,45,46,55,56"
71,06:51,8,8,동탄/용인,6,"7,17,27,37,47,57"
71,06:51,9,9,평택,9,"4,23,25,28,31,38,40,48,58"
72,06:52,1,1,서울역,1,50
72,06:52,10,10,인천공항,7,"0,2,10,19,20,39,49"
72,06:52,2,2,수서,5,"1,11,21,41,51"
72,06:52,3,3,삼성,5,"12,32,42,52,59"
72,06:52,4,4,여의도,4,"8,9,43,53"
72,06:52,5,5,김포공항,4,"14,24,44,54"
72,06:52,7,7,판교,10,"5,16,26,34,35,36,45,46,55,56"
72,06:52,8,8,동탄/용인,6,"7,17,27,37,47,57"
72,06:52,9,9,평택,9,"4,23,25,28,31,38,40,48,58"
73,06:53,1,1,서울역,1,50
73,06:53,10,10,인천공항,6,"0,2,10,20,39,49"
73,06:53,2,2,수서,5,"1,11,21,41,51"
73,06:53,3,3,삼성,5,"12,32,42,52,59"
73,06:53,4,4,여의도,4,"8,9,43,53"
73,06:53,5,5,김포공항,4,"14,24,44,54"
73,06:53,6,6,일산,1,33
73,06:53,7,7,판교,10,"5,16,26,34,35,36,45,46,55,56"
73,06:53,8,8,동탄/용인,6,"7,17,27,37,47,57"
73,06:53,9,9,평택,10,"4,13,23,25,28,31,38,40,48,58"
74,06:54,1,1,서울역,1,50
74,06:54,10,10,인천공항,5,"2,10,20,39,49"
74,06:54,2,2,수서,5,"1,11,21,41,51"
74,06:54,3,3,삼성,5,"12,32,42,52,59"
74,06:54,4,4,여의도,4,"8,9,43,53"
74,06:54,5,5,김포공항,4,"14,24,44,54"
74,06:54,6,6,일산,1,33
74,06:54,7,7,판교,10,"5,16,26,34,35,36,45,46,55,56"
74,06:54,8,8,동탄/용인,6,"7,17,27,37,47,57"
74,06:54,9,9,평택,10,"4,13,23,25,28,31,38,40,48,58"
75,06:55,1,1,서울역,1,50
75,06:55,10,10,인천공항,4,"10,20,39,49"
75,06:55,2,2,수서,5,"1,11,21,41,51"
75,06:55,3,3,삼성,5,"12,32,42,52,59"
75,06:55,4,4,여의도,4,"8,9,43,53"
75,06:55,5,5,김포공항,4,"14,24,44,54"
75,06:55,6,6,일산,1,33
75,06:55,7,7,판교,10,"5,16,26,34,35,36,45,46,55,56"
75,06:55,8,8,동탄/용인,6,"7,17,27,37,47,57"
75,06:55,9,9,평택,10,"4,13,23,25,28,31,38,40,48,58"
76,06:56,1,1,서울역,1,50
76,06:56,10,10,인천공항,4,"10,20,39,49"
76,06:56,2,2,수서,5,"1,11,21,41,51"
76,06:56,3,3,삼성,5,"12,32,42,52,59"
76,06:56,4,4,여의도,3,"9,43,53"
76,06:56,5,5,김포공항,4,"14,24,44,54"
76,06:56,7,7,판교,10,"5,16,26,34,35,36,45,46,55,56"
76,06:56,8,8,동탄/용인,6,"7,17,27,37,47,57"
76,06:56,9,9,평택,10,"4,13,23,25,28,31,38,40,48,58"
77,06:57,1,1,서울역,1,50
77,06:57,10,10,인천공항,3,"20,39,49"
77,06:57,2,2,수서,5,"1,11,21,41,51"
77,06:57,3,3,삼성,5,"12,32,42,52,59"
77,06:57,4,4,여의도,3,"9,43,53"
77,06:57,5,5,김포공항,4,"14,24,44,54"
77,06:57,7,7,판교,10,"5,16,26,34,35,36,45,46,55,56"
77,06:57,8,8,동탄/용인,5,"7,17,27,37,57"
77,06:57,9,9,평택,10,"4,13,23,25,28,31,38,40,48,58"
78,06:58,1,1,서울역,1,50
78,06:58,10,10,인천공항,4,"20,22,39,49"
78,06:58,2,2,수서,5,"1,11,21,41,51"
78,06:58,3,3,삼성,6,"6,12,32,42,52,59"
78,06:58,4,4,여의도,3,"9,43,53"
78,06:58,5,5,김포공항,4,"14,24,44,54"
78,06:58,7,7,판교,10,"5,16,26,34,35,36,45,46,55,56"
78,06:58,8,8,동탄/용인,5,"7,17,27,37,57"
78,06:58,9,9,평택,10,"4,13,23,25,28,31,38,40,48,58"
79,06:59,1,1,서울역,1,50
79,06:59,10,10,인천공항,4,"20,22,39,49"
79,06:59,2,2,수서,5,"1,11,21,41,51"
79,06:59,3,3,삼성,6,"6,12,32,42,52,59"
79,06:59,4,4,여의도,3,"9,43,53"
79,06:59,5,5,김포공항,4,"14,24,44,54"
79,06:59,7,7,판교,10,"5,16,26,34,35,36,45,46,55,56"
79,06:59,8,8,동탄/용인,5,"7,17,27,37,57"
79,06:59,9,9,평택,10,"4,13,23,25,28,31,38,40,48,58"
80,07:00,1,1,서울역,1,50
80,07:00,10,10,인천공항,4,"20,22,39,49"
80,07:00,2,2,수서,5,"1,11,21,41,51"
80,07:00,3,3,삼성,6,"6,12,32,42,52,59"
80,07:00,4,4,여의도,1,9
80,07:00,5,5,김포공항,4,"14,24,44,54"
80,07:00,7,7,판교,10,"5,16,26,34,35,36,45,46,55,56"
80,07:00,8,8,동탄/용인,5,"7,17,27,37,57"
80,07:00,9,9,평택,10,"4,13,23,25,28,31,38,40,48,58"
81,07:01,1,1,서울역,1,50
81,07:01,10,10,인천공항,5,"20,22,30,39,49"
81,07:01,2,2,수서,5,"1,11,21,41,51"
81,07:01,3,3,삼성,5,"6,12,42,52,59"
81,07:01,5,5,김포공항,4,"14,24,44,54"
81,07:01,7,7,판교,10,"5,16,26,34,35,36,45,46,55,56"
81,07:01,8,8,동탄/용인,5,"7,17,27,37,57"
81,07:01,9,9,평택,10,"4,13,23,25,28,31,38,40,48,58"
82,07:02,1,1,서울역,1,50
82,07:02,10,10,인천공항,5,"20,22,30,39,49"
82,07:02,2,2,수서,5,"1,11,21,41,51"
82,07:02,3,3,삼성,5,"6,12,42,52,59"
82,07:02,5,5,김포공항,4,"14,24,44,54"
82,07:02,7,7,판교,11,"5,16,26,29,34,35,36,45,46,55,56"
82,07:02,8,8,동탄/용인,5,"7,17,27,37,57"
82,07:02,9,9,평택,11,"3,4,13,23,25,28,31,38,40,48,58"
83,07:03,1,1,서울역,1,50
83,07:03,10,10,인천공항,5,"20,22,30,39,49"
83,07:03,2,2,수서,5,"1,11,21,41,51"
83,07:03,3,3,삼성,5,"6,12,42,52,59"
83,07:03,5,5,김포공항,4,"14,24,44,54"
83,07:03,7,7,판교,11,"5,16,26,29,34,35,36,45,46,55,56"
83,07:03,8,8,동탄/용인,5,"7,17,27,37,57"
83,07:03,9,9,평택,11,"3,4,13,23,25,28,31,38,40,48,58"
84,07:04,1,1,서울역,1,50
84,07:04,10,10,인천공항,5,"20,22,30,39,49"
84,07:04,2,2,수서,5,"1,11,21,41,51"
84,07:04,3,3,삼성,6,"6,12,15,42,52,59"
84,07:04,5,5,김포공항,3,"14,44,54"
84,07:04,7,7,판교,11,"5,16,26,29,34,35,36,45,46,55,56"
84,07:04,8,8,동탄/용인,5,"7,17,27,37,57"
84,07:04,9,9,평택,11,"3,4,13,23,25,28,31,38,40,48,58"
85,07:05,1,1,서울역,1,50
85,07:05,10,10,인천공항,5,"20,22,30,39,49"
85,07:05,2,2,수서,5,"1,11,21,41,51"
85,07:05,3,3,삼성,6,"6,12,15,42,52,59"
85,07:05,5,5,김포공항,2,"44,54"
85,07:05,7,7,판교,11,"5,16,26,29,34,35,36,45,46,55,56"
85,07:05,8,8,동탄/용인,4,"7,27,37,57"
85,07:05,9,9,평택,11,"3,4,13,23,25,28,31,38,40,48,58"
86,07:06,1,1,서울역,1,50
86,07:06,10,10,인천공항,6,"18,20,22,30,39,49"
86,07:06,2,2,수서,5,"1,11,21,41,51"
86,07:06,3,3,삼성,6,"6,12,15,42,52,59"
86,07:06,4,4,여의도,1,0
86,07:06,5,5,김포공항,2,"44,54"
86,07:06,7,7,판교,11,"5,16,26,29,34,35,36,45,46,55,56"
86,07:06,8,8,동탄/용인,4,"7,27,37,57"
86,07:06,9,9,평택,11,"3,4,13,23,25,28,31,38,40,48,58"
87,07:07,1,1,서울역,1,50
87,07:07,10,10,인천공항,6,"18,20,22,30,39,49"
87,07:07,2,2,수서,5,"1,11,21,41,51"
87,07:07,3,3,삼성,5,"6,12,15,52,59"
87,07:07,4,4,여의도,2,"0,2"
87,07:07,5,5,김포공항,2,"44,54"
87,07:07,6,6,일산,2,"43,53"
87,07:07,7,7,판교,11,"5,16,26,29,34,35,36,45,46,55,56"
87,07:07,8,8,동탄/용인,4,"7,27,37,57"
87,07:07,9,9,평택,11,"3,4,13,23,25,28,31,38,40,48,58"
88,07:08,1,1,서울역,1,50
88,07:08,10,10,인천공항,6,"18,20,22,30,39,49"
88,07:08,2,2,수서,5,"1,11,21,41,51"
88,07:08,3,3,삼성,6,"6,12,15,19,52,59"
88,07:08,4,4,여의도,3,"0,2,47"
88,07:08,5,5,김포공항,2,"44,54"
88,07:08,6,6,일산,3,"9,43,53"
88,07:08,7,7,판교,12,"5,16,26,29,33,34,35,36,45,46,55,56"
88,07:08,8,8,동탄/용인,4,"7,27,37,57"
88,07:08,9,9,평택,11,"3,4,13,23,25,28,31,38,40,48,58"
89,07:09,1,1,서울역,1,50
89,07:09,10,10,인천공항,6,"18,20,22,30,39,49"
89,07:09,2,2,수서,5,"1,11,21,41,51"
89,07:09,3,3,삼성,6,"6,12,15,19,52,59"
89,07:09,4,4,여의도,3,"0,2,47"
89,07:09,5,5,김포공항,2,"44,54"
89,07:09,6,6,일산,3,"9,43,53"
89,07:09,7,7,판교,12,"5,16,26,29,33,34,35,36,45,46,55,56"
89,07:09,8,8,동탄/용인,4,"7,27,37,57"
89,07:09,9,9,평택,11,"3,4,13,23,25,28,31,38,40,48,58"
90,07:10,1,1,서울역,1,50
90,07:10,10,10,인천공항,5,"18,20,30,39,49"
90,07:10,2,2,수서,5,"1,11,21,41,51"
90,07:10,3,3,삼성,5,"12,15,19,52,59"
90,07:10,4,4,여의도,3,"0,2,47"
90,07:10,5,5,김포공항,2,"44,54"
90,07:10,6,6,일산,1,9
90,07:10,7,7,판교,12,"5,16,26,29,33,34,35,36,45,46,55,56"
90,07:10,8,8,동탄/용인,4,"7,27,37,57"
90,07:10,9,9,평택,11,"3,4,13,23,25,28,31,38,40,48,58"
91,07:11,1,1,서울역,1,50
91,07:11,10,10,인천공항,5,"18,20,30,39,49"
91,07:11,2,2,수서,5,"1,11,21,41,51"
91,07:11,3,3,삼성,5,"12,15,19,52,59"
91,07:11,4,4,여의도,3,"0,2,47"
91,07:11,5,5,김포공항,2,"44,54"
91,07:11,6,6,일산,2,"9,32"
91,07:11,7,7,판교,12,"5,16,26,29,33,34,35,36,45,46,55,56"
91,07:11,8,8,동탄/용인,4,"7,27,37,57"
91,07:11,9,9,평택,12,"3,4,8,13,23,25,28,31,38,40,48,58"
92,07:12,1,1,서울역,1,50
92,07:12,10,10,인천공항,4,"20,30,39,49"
92,07:12,2,2,수서,5,"1,11,21,41,51"
92,07:12,3,3,삼성,6,"10,12,15,19,52,59"
92,07:12,4,4,여의도,3,"0,2,47"
92,07:12,5,5,김포공항,2,"44,54"
92,07:12,6,6,일산,2,"9,32"
92,07:12,7,7,판교,12,"5,16,26,29,33,34,35,36,45,46,55,56"
92,07:12,8,8,동탄/용인,4,"7,27,37,57"
92,07:12,9,9,평택,12,"3,4,8,13,23,25,28,31,38,40,48,58"
93,07:13,1,1,서울역,2,"14,50"
93,07:13,10,10,인천공항,4,"20,30,39,49"
93,07:13,2,2,수서,5,"1,6,21,41,51"
93,07:13,3,3,삼성,6,"10,12,15,19,52,59"
93,07:13,4,4,여의도,3,"0,2,47"
93,07:13,5,5,김포공항,2,"44,54"
93,07:13,6,6,일산,2,"9,32"
93,07:13,7,7,판교,11,"16,26,29,33,34,35,36,45,46,55,56"
93,07:13,8,8,동탄/용인,3,"7,37,57"
93,07:13,9,9,평택,12,"3,4,8,13,23,25,28,31,38,40,48,58"
94,07:14,1,1,서울역,2,"14,50"
94,07:14,10,10,인천공항,4,"20,30,39,49"
94,07:14,2,2,수서,4,"1,6,41,51"
94,07:14,3,3,삼성,6,"10,12,15,19,52,59"
94,07:14,4,4,여의도,3,"0,2,47"
94,07:14,5,5,김포공항,2,"44,54"
94,07:14,6,6,일산,1,32
94,07:14,7,7,판교,12,"16,24,26,29,33,34,35,36,45,46,55,56"
94,07:14,8,8,동탄/용인,3,"7,37,57"
94,07:14,9,9,평택,12,"3,4,8,13,23,25,28,31,38,40,48,58"
95,07:15,1,1,서울역,2,"14,50"
95,07:15,10,10,인천공항,4,"20,30,39,49"
95,07:15,2,2,수서,5,"1,6,17,41,51"
95,07:15,3,3,삼성,6,"10,12,15,19,52,59"
95,07:15,4,4,여의도,3,"0,2,47"
95,07:15,5,5,김포공항,2,"44,54"
95,07:15,6,6,일산,1,32
95,07:15,7,7,판교,12,"16,24,26,29,33,34,35,36,45,46,55,56"
95,07:15,8,8,동탄/용인,3,"7,37,57"
95,07:15,9,9,평택,12,"3,4,8,13,23,25,28,31,38,40,48,58"
96,07:16,1,1,서울역,2,"14,50"
96,07:16,10,10,인천공항,4,"20,30,39,49"
96,07:16,2,2,수서,4,"1,17,41,51"
96,07:16,3,3,삼성,6,"10,12,15,19,52,59"
96,07:16,4,4,여의도,3,"0,2,47"
96,07:16,5,5,김포공항,2,"44,54"
96,07:16,6,6,일산,1,32
96,07:16,7,7,판교,12,"16,24,26,29,33,34,35,36,45,46,55,56"
96,07:16,8,8,동탄/용인,3,"7,37,57"
96,07:16,9,9,평택,12,"3,4,8,13,23,25,28,31,38,40,48,58"
97,07:17,1,1,서울역,1,14
97,07:17,10,10,인천공항,3,"20,39,49"
97,07:17,2,2,수서,4,"1,17,41,51"
97,07:17,3,3,삼성,6,"10,12,15,19,52,59"
97,07:17,4,4,여의도,3,"0,2,47"
97,07:17,5,5,김포공항,2,"44,54"
97,07:17,6,6,일산,2,"32,42"
97,07:17,7,7,판교,12,"16,24,26,29,33,34,35,36,45,46,55,56"
97,07:17,8,8,동탄/용인,3,"7,37,57"
97,07:17,9,9,평택,12,"3,4,8,13,23,25,28,31,38,40,48,58"
98,07:18,1,1,서울역,1,14
98,07:18,10,10,인천공항,3,"20,39,49"
98,07:18,2,2,수서,4,"1,17,41,51"
98,07:18,3,3,삼성,6,"10,12,15,19,52,59"
98,07:18,4,4,여의도,3,"0,2,47"
98,07:18,5,5,김포공항,2,"44,54"
98,07:18,6,6,일산,2,"32,42"
98,07:18,7,7,판교,12,"16,24,26,29,33,34,35,36,45,46,55,56"
98,07:18,8,8,동탄/용인,3,"7,37,57"
98,07:18,9,9,평택,12,"3,4,8,13,23,25,28,31,38,40,48,58"
99,07:19,1,1,서울역,1,14
99,07:19,10,10,인천공항,3,"20,39,49"
99,07:19,2,2,수서,4,"1,17,41,51"
99,07:19,3,3,삼성,6,"10,12,15,19,52,59"
99,07:19,4,4,여의도,4,"0,2,11,47"
99,07:19,5,5,김포공항,2,"44,54"
99,07:19,6,6,일산,2,"32,42"
99,07:19,7,7,판교,12,"16,24,26,29,33,34,35,36,45,46,55,56"
99,07:19,8,8,동탄/용인,3,"7,37,57"
99,07:19,9,9,평택,12,"3,4,8,13,23,25,28,31,38,40,48,58"
100,07:20,1,1,서울역,2,"5,14"
100,07:20,10,10,인천공항,3,"20,39,49"
100,07:20,2,2,수서,4,"1,17,41,51"
100,07:20,3,3,삼성,7,"10,12,15,19,52,53,59"
100,07:20,4,4,여의도,5,"0,2,11,21,47"
100,07:20,5,5,김포공항,2,"44,54"
100,07:20,6,6,일산,1,42
100,07:20,7,7,판교,12,"16,24,26,29,33,34,35,36,45,46,55,56"
100,07:20,8,8,동탄/용인,3,"7,37,57"
100,07:20,9,9,평택,12,"3,4,8,13,23,25,28,31,38,40,48,58"
101,07:21,1,1,서울역,2,"5,14"
101,07:21,10,10,인천공항,3,"20,39,49"
101,07:21,2,2,수서,4,"1,17,41,51"
101,07:21,3,3,삼성,7,"10,12,15,19,52,53,59"
101,07:21,4,4,여의도,4,"0,11,21,47"
101,07:21,5,5,김포공항,2,"44,54"
101,07:21,6,6,일산,1,42
101,07:21,7,7,판교,12,"16,24,26,29,33,34,35,36,45,46,55,56"
101,07:21,8,8,동탄/용인,2,"7,57"
101,07:21,9,9,평택,12,"3,4,8,13,23,25,28,31,38,40,48,58"
102,07:22,1,1,서울역,2,"5,14"
102,07:22,10,10,인천공항,3,"20,39,49"
102,07:22,2,2,수서,4,"1,17,41,51"
102,07:22,3,3,삼성,7,"10,12,15,19,52,53,59"
102,07:22,4,4,여의도,3,"0,21,47"
102,07:22,5,5,김포공항,2,"44,54"
102,07:22,6,6,일산,1,42
102,07:22,7,7,판교,13,"16,24,26,29,33,34,35,36,43,45,46,55,56"
102,07:22,8,8,동탄/용인,2,"7,57"
102,07:22,9,9,평택,11,"3,4,8,13,23,28,31,38,40,48,58"
103,07:23,1,1,서울역,2,"5,14"
103,07:23,10,10,인천공항,3,"20,39,49"
103,07:23,2,2,수서,5,"1,17,27,41,51"
103,07:23,3,3,삼성,7,"10,12,15,19,52,53,59"
103,07:23,4,4,여의도,3,"0,21,47"
103,07:23,5,5,김포공항,2,"44,54"
103,07:23,7,7,판교,12,"24,26,29,33,34,35,36,43,45,46,55,56"
103,07:23,8,8,동탄/용인,2,"7,57"
103,07:23,9,9,평택,11,"3,4,8,13,23,28,31,38,40,48,58"
104,07:24,1,1,서울역,2,"5,14"
104,07:24,10,10,인천공항,3,"20,39,49"
104,07:24,2,2,수서,4,"1,27,41,51"
104,07:24,3,3,삼성,8,"9,10,12,15,19,52,53,59"
104,07:24,4,4,여의도,3,"0,21,47"
104,07:24,5,5,김포공항,2,"44,54"
104,07:24,7,7,판교,12,"24,26,29,33,34,35,36,43,45,46,55,56"
104,07:24,8,8,동탄/용인,2,"7,57"
104,07:24,9,9,평택,11,"3,4,8,13,23,28,31,38,40,48,58"
105,07:25,1,1,서울역,2,"5,14"
105,07:25,10,10,인천공항,3,"20,39,49"
105,07:25,2,2,수서,4,"1,27,41,51"
105,07:25,3,3,삼성,8,"9,10,12,15,19,52,53,59"
105,07:25,4,4,여의도,2,"21,47"
105,07:25,5,5,김포공항,2,"44,54"
105,07:25,7,7,판교,12,"24,26,29,33,34,35,36,43,45,46,55,56"
105,07:25,8,8,동탄/용인,2,"7,57"
105,07:25,9,9,평택,11,"3,4,8,13,23,28,31,38,40,48,58"
106,07:26,1,1,서울역,2,"5,14"
106,07:26,10,10,인천공항,3,"20,39,49"
106,07:26,2,2,수서,4,"1,27,41,51"
106,07:26,3,3,삼성,8,"9,10,12,15,19,52,53,59"
106,07:26,4,4,여의도,2,"21,47"
106,07:26,5,5,김포공항,2,"44,54"
106,07:26,7,7,판교,12,"24,26,29,33,34,35,36,43,45,46,55,56"
106,07:26,8,8,동탄/용인,1,57
106,07:26,9,9,평택,11,"3,4,8,13,23,28,31,38,40,48,58"
107,07:27,1,1,서울역,2,"5,14"
107,07:27,10,10,인천공항,2,"20,49"
107,07:27,2,2,수서,4,"1,27,41,51"
107,07:27,3,3,삼성,9,"9,10,12,15,18,19,52,53,59"
107,07:27,4,4,여의도,2,"21,47"
107,07:27,5,5,김포공항,2,"44,54"
107,07:27,6,6,일산,1,6
107,07:27,7,7,판교,12,"24,26,29,33,34,35,36,43,45,46,55,56"
107,07:27,8,8,동탄/용인,1,57
107,07:27,9,9,평택,10,"3,8,13,23,28,31,38,40,48,58"
108,07:28,1,1,서울역,2,"5,14"
108,07:28,10,10,인천공항,2,"20,49"
108,07:28,2,2,수서,4,"1,27,41,51"
108,07:28,3,3,삼성,9,"9,10,12,15,18,19,52,53,59"
108,07:28,4,4,여의도,2,"21,47"
108,07:28,5,5,김포공항,2,"44,54"
108,07:28,6,6,일산,2,"2,6"
108,07:28,7,7,판교,12,"24,26,29,33,34,35,36,43,45,46,55,56"
108,07:28,8,8,동탄/용인,1,57
108,07:28,9,9,평택,10,"3,8,13,23,28,31,38,40,48,58"
109,07:29,1,1,서울역,2,"5,14"
109,07:29,10,10,인천공항,2,"20,49"
109,07:29,2,2,수서,4,"1,27,41,51"
109,07:29,3,3,삼성,9,"9,10,12,15,18,19,52,53,59"
109,07:29,4,4,여의도,2,"21,47"
109,07:29,5,5,김포공항,2,"44,54"
109,07:29,6,6,일산,3,"2,6,11"
109,07:29,7,7,판교,12,"24,26,29,33,34,35,36,43,45,46,55,56"
109,07:29,8,8,동탄/용인,1,57
109,07:29,9,9,평택,11,"3,8,13,22,23,28,31,38,40,48,58"
110,07:30,1,1,서울역,3,"5,14,42"
110,07:30,10,10,인천공항,2,"20,49"
110,07:30,2,2,수서,4,"1,27,41,51"
110,07:30,3,3,삼성,9,"9,10,12,15,18,19,52,53,59"
110,07:30,4,4,여의도,3,"17,21,47"
110,07:30,5,5,김포공항,2,"44,54"
110,07:30,6,6,일산,3,"2,6,11"
110,07:30,7,7,판교,12,"24,26,29,33,34,35,36,43,45,46,55,56"
110,07:30,8,8,동탄/용인,1,57
110,07:30,9,9,평택,11,"3,8,13,22,23,28,31,38,40,48,58"
111,07:31,1,1,서울역,3,"5,14,42"
111,07:31,10,10,인천공항,2,"20,49"
111,07:31,2,2,수서,4,"27,37,41,51"
111,07:31,3,3,삼성,9,"9,10,12,15,18,19,52,53,59"
111,07:31,4,4,여의도,3,"17,21,47"
111,07:31,5,5,김포공항,3,"0,44,54"
111,07:31,6,6,일산,2,"6,11"
111,07:31,7,7,판교,12,"24,26,29,33,34,35,36,43,45,46,55,56"
111,07:31,8,8,동탄/용인,1,57
111,07:31,9,9,평택,11,"3,8,13,22,23,28,31,38,40,48,58"
112,07:32,1,1,서울역,3,"5,14,42"
112,07:32,10,10,인천공항,2,"20,49"
112,07:32,2,2,수서,4,"27,37,41,51"
112,07:32,3,3,삼성,9,"9,10,12,15,18,19,52,53,59"
112,07:32,4,4,여의도,3,"17,21,47"
112,07:32,5,5,김포공항,3,"0,44,54"
112,07:32,6,6,일산,2,"6,11"
112,07:32,7,7,판교,13,"24,26,29,32,33,34,35,36,43,45,46,55,56"
112,07:32,8,8,동탄/용인,1,57
112,07:32,9,9,평택,11,"3,8,13,22,23,28,31,38,40,48,58"
113,07:33,1,1,서울역,2,"14,42"
113,07:33,10,10,인천공항,2,"20,49"
113,07:33,2,2,수서,4,"27,37,41,51"
113,07:33,3,3,삼성,9,"9,10,12,15,18,19,52,53,59"
113,07:33,4,4,여의도,3,"17,21,47"
113,07:33,5,5,김포공항,3,"0,44,54"
113,07:33,6,6,일산,2,"6,11"
113,07:33,7,7,판교,13,"24,26,29,32,33,34,35,36,43,45,46,55,56"
113,07:33,8,8,동탄/용인,2,"4,57"
113,07:33,9,9,평택,12,"3,8,13,22,23,28,31,38,40,48,50,58"
114,07:34,1,1,서울역,2,"14,42"
114,07:34,10,10,인천공항,1,20
114,07:34,2,2,수서,4,"27,37,41,51"
114,07:34,3,3,삼성,9,"9,10,12,15,18,19,52,53,59"
114,07:34,4,4,여의도,3,"17,21,47"
114,07:34,5,5,김포공항,2,"44,54"
114,07:34,6,6,일산,2,"6,11"
114,07:34,7,7,판교,12,"26,29,32,33,34,35,36,43,45,46,55,56"
114,07:34,8,8,동탄/용인,2,"4,57"
114,07:34,9,9,평택,12,"3,8,13,22,23,28,31,38,40,48,50,58"
115,07:35,1,1,서울역,2,"14,42"
115,07:35,10,10,인천공항,1,20
115,07:35,2,2,수서,4,"27,37,41,51"
115,07:35,3,3,삼성,9,"9,10,12,15,18,19,52,53,59"
115,07:35,4,4,여의도,3,"17,21,47"
115,07:35,5,5,김포공항,2,"44,54"
115,07:35,6,6,일산,3,"6,11,16"
115,07:35,7,7,판교,12,"26,29,32,33,34,35,36,43,45,46,55,56"
115,07:35,8,8,동탄/용인,1,4
115,07:35,9,9,평택,12,"3,8,13,22,23,28,31,38,40,48,50,58"
116,07:36,1,1,서울역,2,"14,42"
116,07:36,10,10,인천공항,1,20
116,07:36,2,2,수서,5,"7,27,37,41,51"
116,07:36,3,3,삼성,9,"9,10,12,15,18,19,52,53,59"
116,07:36,4,4,여의도,3,"17,21,47"
116,07:36,5,5,김포공항,2,"44,54"
116,07:36,6,6,일산,2,"6,16"
116,07:36,7,7,판교,12,"26,29,32,33,34,35,36,43,45,46,55,56"
116,07:36,9,9,평택,13,"3,8,13,22,23,28,30,31,38,40,48,50,58"
117,07:37,1,1,서울역,2,"14,42"
117,07:37,10,10,인천공항,1,20
117,07:37,2,2,수서,5,"7,27,37,41,51"
117,07:37,3,3,삼성,10,"9,10,12,15,18,19,25,52,53,59"
117,07:37,4,4,여의도,4,"1,17,21,47"
117,07:37,5,5,김포공항,2,"44,54"
117,07:37,6,6,일산,2,"6,16"
117,07:37,7,7,판교,12,"26,29,32,33,34,35,36,43,45,46,55,56"
117,07:37,9,9,평택,13,"3,8,13,22,23,28,30,31,38,40,48,50,58"
118,07:38,1,1,서울역,3,"2,14,42"
118,07:38,10,10,인천공항,1,20
118,07:38,2,2,수서,5,"7,27,37,41,51"
118,07:38,3,3,삼성,10,"9,10,12,15,18,19,25,52,53,59"
118,07:38,4,4,여의도,4,"1,17,21,47"
118,07:38,5,5,김포공항,2,"44,54"
118,07:38,6,6,일산,2,"6,16"
118,07:38,7,7,판교,12,"26,29,32,33,34,35,36,43,45,46,55,56"
118,07:38,9,9,평택,13,"3,8,13,22,23,28,30,31,38,40,48,50,58"
119,07:39,1,1,서울역,3,"2,14,42"
119,07:39,10,10,인천공항,1,20
119,07:39,2,2,수서,5,"7,27,37,41,51"
119,07:39,3,3,삼성,10,"9,10,12,15,18,19,25,52,53,59"
119,07:39,4,4,여의도,4,"1,17,21,47"
119,07:39,5,5,김포공항,2,"44,54"
119,07:39,6,6,일산,2,"6,16"
119,07:39,7,7,판교,12,"26,29,32,33,34,35,36,43,45,46,55,56"
119,07:39,9,9,평택,13,"3,8,13,22,23,28,30,31,38,40,48,50,58"
120,07:40,1,1,서울역,3,"2,14,42"
120,07:40,10,10,인천공항,1,20
120,07:40,2,2,수서,5,"7,27,37,41,51"
120,07:40,3,3,삼성,9,"9,10,12,15,18,19,52,53,59"
120,07:40,4,4,여의도,4,"1,17,21,47"
120,07:40,5,5,김포공항,2,"44,54"
120,07:40,6,6,일산,2,"6,16"
120,07:40,7,7,판교,10,"26,29,33,34,35,36,43,46,55,56"
120,07:40,9,9,평택,12,"3,8,22,23,28,30,31,38,40,48,50,58"
121,07:41,1,1,서울역,3,"2,14,42"
121,07:41,10,10,인천공항,1,20
121,07:41,2,2,수서,5,"7,27,37,41,51"
121,07:41,3,3,삼성,9,"9,10,12,15,18,19,52,53,59"
121,07:41,4,4,여의도,5,"1,17,21,24,47"
121,07:41,5,5,김포공항,2,"44,54"
121,07:41,6,6,일산,2,"6,16"
121,07:41,7,7,판교,10,"26,29,33,34,35,36,43,46,55,56"
121,07:41,9,9,평택,12,"3,8,22,23,28,30,31,38,40,48,50,58"
122,07:42,1,1,서울역,3,"2,14,42"
122,07:42,10,10,인천공항,1,20
122,07:42,2,2,수서,5,"7,27,37,41,51"
122,07:42,3,3,삼성,8,"9,10,12,15,18,19,52,53"
122,07:42,4,4,여의도,5,"1,17,21,24,47"
122,07:42,5,5,김포공항,2,"44,54"
122,07:42,6,6,일산,2,"6,16"
122,07:42,7,7,판교,9,"29,33,34,35,36,43,46,55,56"
122,07:42,9,9,평택,11,"3,8,22,23,28,30,31,38,40,48,58"
123,07:43,1,1,서울역,4,"2,11,14,42"
123,07:43,10,10,인천공항,1,20
123,07:43,2,2,수서,5,"7,27,37,41,51"
123,07:43,3,3,삼성,8,"9,10,12,15,18,19,52,53"
123,07:43,4,4,여의도,5,"1,17,21,24,47"
123,07:43,5,5,김포공항,2,"44,54"
123,07:43,6,6,일산,2,"6,16"
123,07:43,7,7,판교,9,"29,33,34,35,36,43,46,55,56"
123,07:43,9,9,평택,11,"3,8,22,23,28,30,31,38,40,48,58"
124,07:44,1,1,서울역,4,"2,11,14,42"
124,07:44,10,10,인천공항,1,20
124,07:44,2,2,수서,5,"7,27,37,41,51"
124,07:44,3,3,삼성,8,"9,10,12,15,18,19,52,53"
124,07:44,4,4,여의도,5,"1,17,21,24,47"
124,07:44,5,5,김포공항,2,"44,54"
124,07:44,6,6,일산,1,6
124,07:44,7,7,판교,10,"0,29,33,34,35,36,43,46,55,56"
124,07:44,9,9,평택,11,"3,8,22,23,28,30,31,38,40,48,58"
125,07:45,1,1,서울역,4,"2,11,14,42"
125,07:45,10,10,인천공항,1,20
125,07:45,2,2,수서,6,"7,27,37,41,51,57"
125,07:45,3,3,삼성,7,"9,12,15,18,19,52,53"
125,07:45,4,4,여의도,5,"1,17,21,24,47"
125,07:45,5,5,김포공항,2,"44,54"
125,07:45,6,6,일산,1,6
125,07:45,7,7,판교,10,"0,29,33,34,35,36,43,46,55,56"
125,07:45,9,9,평택,9,"22,23,28,30,31,38,40,48,58"
126,07:46,1,1,서울역,4,"2,11,14,42"
126,07:46,10,10,인천공항,1,20
126,07:46,2,2,수서,7,"4,7,27,37,41,51,57"
126,07:46,3,3,삼성,7,"9,12,15,18,19,52,53"
126,07:46,4,4,여의도,5,"1,17,21,24,47"
126,07:46,5,5,김포공항,2,"44,54"
126,07:46,7,7,판교,9,"0,29,33,35,36,43,46,55,56"
126,07:46,8,8,동탄/용인,1,13
126,07:46,9,9,평택,10,"22,23,28,30,31,38,39,40,48,58"
127,07:47,1,1,서울역,4,"2,11,14,42"
127,07:47,10,10,인천공항,1,20
127,07:47,2,2,수서,7,"4,7,27,37,41,51,57"
127,07:47,3,3,삼성,7,"9,12,15,18,19,52,53"
127,07:47,4,4,여의도,5,"1,17,21,24,47"
127,07:47,5,5,김포공항,2,"44,54"
127,07:47,7,7,판교,8,"0,29,33,36,43,46,55,56"
127,07:47,8,8,동탄/용인,1,13
127,07:47,9,9,평택,10,"22,23,28,30,31,38,39,40,48,58"
128,07:48,1,1,서울역,4,"2,11,14,42"
128,07:48,10,10,인천공항,1,20
128,07:48,2,2,수서,7,"4,7,27,37,41,51,57"
128,07:48,3,3,삼성,7,"9,12,15,18,19,52,53"
128,07:48,4,4,여의도,4,"17,21,24,47"
128,07:48,5,5,김포공항,2,"44,54"
128,07:48,7,7,판교,7,"0,29,33,43,46,55,56"
128,07:48,8,8,동탄/용인,1,13
128,07:48,9,9,평택,10,"22,23,28,30,31,38,39,40,48,58"
129,07:49,1,1,서울역,4,"2,11,14,42"
129,07:49,10,10,인천공항,1,20
129,07:49,2,2,수서,7,"4,7,27,37,41,51,57"
129,07:49,3,3,삼성,7,"9,12,15,18,19,52,53"
129,07:49,4,4,여의도,4,"21,24,26,47"
129,07:49,5,5,김포공항,2,"44,54"
129,07:49,7,7,판교,7,"0,29,33,43,46,55,56"
129,07:49,8,8,동탄/용인,1,13
129,07:49,9,9,평택,11,"5,22,23,28,30,31,38,39,40,48,58"
130,07:50,1,1,서울역,4,"2,11,14,42"
130,07:50,10,10,인천공항,1,20
130,07:50,2,2,수서,7,"4,7,27,37,41,51,57"
130,07:50,3,3,삼성,7,"9,12,15,18,19,52,53"
130,07:50,4,4,여의도,4,"21,24,26,47"
130,07:50,5,5,김포공항,2,"44,54"
130,07:50,7,7,판교,7,"0,29,33,43,46,55,56"
130,07:50,8,8,동탄/용인,2,"13,25"
130,07:50,9,9,평택,11,"5,22,23,28,30,31,38,39,40,48,58"
131,07:51,1,1,서울역,4,"2,14,16,42"
131,07:51,10,10,인천공항,1,20
131,07:51,2,2,수서,7,"4,7,27,37,41,51,57"
131,07:51,3,3,삼성,7,"9,12,15,18,19,52,53"
131,07:51,4,4,여의도,4,"21,24,26,47"
131,07:51,5,5,김포공항,2,"44,54"
131,07:51,7,7,판교,7,"0,29,33,43,46,55,56"
131,07:51,8,8,동탄/용인,2,"13,25"
131,07:51,9,9,평택,11,"5,22,23,28,30,31,38,39,40,48,58"
132,07:52,1,1,서울역,4,"2,14,16,42"
132,07:52,2,2,수서,6,"7,27,37,41,51,57"
132,07:52,3,3,삼성,7,"9,12,15,18,19,52,53"
132,07:52,4,4,여의도,4,"21,24,26,47"
132,07:52,5,5,김포공항,2,"44,54"
132,07:52,6,6,일산,2,"32,45"
132,07:52,7,7,판교,6,"0,29,43,46,55,56"
132,07:52,8,8,동탄/용인,2,"25,59"
132,07:52,9,9,평택,11,"5,22,23,28,30,31,38,39,40,48,58"
133,07:53,1,1,서울역,5,"2,6,14,16,42"
133,07:53,2,2,수서,6,"7,27,37,41,51,57"
133,07:53,3,3,삼성,7,"9,12,15,18,19,52,53"
133,07:53,4,4,여의도,5,"21,24,26,34,47"
133,07:53,5,5,김포공항,2,"44,54"
133,07:53,6,6,일산,2,"32,45"
133,07:53,7,7,판교,6,"0,29,43,46,55,56"
133,07:53,8,8,동탄/용인,2,"25,59"
133,07:53,9,9,평택,12,"5,22,23,28,30,31,38,39,40,48,49,58"
134,07:54,1,1,서울역,5,"2,6,14,16,42"
134,07:54,2,2,수서,7,"1,7,27,37,41,51,57"
134,07:54,3,3,삼성,7,"9,12,15,18,19,52,53"
134,07:54,4,4,여의도,6,"21,24,26,34,35,47"
134,07:54,5,5,김포공항,2,"44,54"
134,07:54,6,6,일산,2,"32,45"
134,07:54,7,7,판교,6,"0,29,43,46,55,56"
134,07:54,8,8,동탄/용인,2,"25,59"
134,07:54,9,9,평택,12,"5,22,23,28,30,31,38,39,40,48,49,58"
135,07:55,1,1,서울역,5,"2,6,14,16,42"
135,07:55,2,2,수서,7,"1,7,27,37,41,51,57"
135,07:55,3,3,삼성,7,"9,12,15,18,19,52,53"
135,07:55,4,4,여의도,7,"21,24,26,34,35,36,47"
135,07:55,5,5,김포공항,3,"17,44,54"
135,07:55,7,7,판교,6,"0,29,43,46,55,56"
135,07:55,8,8,동탄/용인,3,"10,25,59"
135,07:55,9,9,평택,12,"5,22,23,28,30,31,38,39,40,48,49,58"
136,07:56,1,1,서울역,5,"2,6,14,16,42"
136,07:56,2,2,수서,7,"1,7,27,37,41,51,57"
136,07:56,3,3,삼성,7,"9,12,15,18,19,52,53"
136,07:56,4,4,여의도,7,"21,24,26,34,35,36,47"
136,07:56,5,5,김포공항,3,"17,44,54"
136,07:56,7,7,판교,6,"0,29,43,46,55,56"
136,07:56,8,8,동탄/용인,2,"10,59"
136,07:56,9,9,평택,12,"5,22,23,28,30,31,38,39,40,48,49,58"
137,07:57,1,1,서울역,5,"2,6,14,16,42"
137,07:57,2,2,수서,6,"7,27,37,41,51,57"
137,07:57,3,3,삼성,7,"9,12,15,18,19,52,53"
137,07:57,4,4,여의도,7,"21,24,26,34,35,36,47"
137,07:57,5,5,김포공항,3,"17,44,54"
137,07:57,7,7,판교,6,"0,29,43,46,55,56"
137,07:57,8,8,동탄/용인,2,"10,59"
137,07:57,9,9,평택,12,"5,22,23,28,30,31,38,39,40,48,49,58"
138,07:58,1,1,서울역,5,"2,6,14,16,42"
138,07:58,2,2,수서,6,"7,27,37,41,51,57"
138,07:58,3,3,삼성,7,"9,12,15,18,19,52,53"
138,07:58,4,4,여의도,8,"4,21,24,26,34,35,36,47"
138,07:58,5,5,김포공항,2,"44,54"
138,07:58,6,6,일산,1,11
138,07:58,7,7,판교,6,"0,29,43,46,55,56"
138,07:58,8,8,동탄/용인,2,"10,59"
138,07:58,9,9,평택,12,"5,22,23,28,30,31,38,39,40,48,49,58"
139,07:59,1,1,서울역,6,"2,6,14,16,33,42"
139,07:59,2,2,수서,6,"7,27,37,41,51,57"
139,07:59,3,3,삼성,7,"9,12,15,18,19,52,53"
139,07:59,4,4,여의도,8,"4,21,24,26,34,35,36,47"
139,07:59,5,5,김포공항,2,"44,54"
139,07:59,6,6,일산,1,11
139,07:59,7,7,판교,6,"0,29,43,46,55,56"
139,07:59,8,8,동탄/용인,2,"10,59"
139,07:59,9,9,평택,12,"5,22,23,28,30,31,38,39,40,48,49,58"
140,08:00,1,1,서울역,5,"2,14,16,33,42"
140,08:00,2,2,수서,6,"7,27,37,41,51,57"
140,08:00,3,3,삼성,7,"9,12,15,18,19,52,53"
140,08:00,4,4,여의도,4,"4,26,36,47"
140,08:00,5,5,김포공항,2,"44,54"
140,08:00,6,6,일산,1,11
140,08:00,7,7,판교,6,"0,29,43,46,55,56"
140,08:00,8,8,동탄/용인,2,"10,59"
140,08:00,9,9,평택,8,"5,23,28,30,31,39,49,58"
141,08:01,1,1,서울역,4,"14,16,33,42"
141,08:01,2,2,수서,5,"7,27,37,41,57"
141,08:01,3,3,삼성,7,"9,12,15,18,19,52,53"
141,08:01,4,4,여의도,4,"4,26,36,47"
141,08:01,5,5,김포공항,2,"44,54"
141,08:01,7,7,판교,6,"0,29,43,46,55,56"
141,08:01,8,8,동탄/용인,2,"10,59"
141,08:01,9,9,평택,8,"5,23,28,30,31,39,49,58"
142,08:02,1,1,서울역,4,"14,16,33,42"
142,08:02,2,2,수서,6,"7,13,27,37,41,57"
142,08:02,3,3,삼성,7,"9,12,15,18,19,52,53"
142,08:02,4,4,여의도,4,"4,26,36,47"
142,08:02,5,5,김포공항,2,"44,54"
142,08:02,6,6,일산,1,50
142,08:02,7,7,판교,6,"0,29,43,46,55,56"
142,08:02,8,8,동탄/용인,2,"10,59"
142,08:02,9,9,평택,8,"5,23,28,30,31,39,49,58"
143,08:03,1,1,서울역,4,"14,16,33,42"
143,08:03,2,2,수서,5,"13,27,37,41,57"
143,08:03,3,3,삼성,7,"9,12,15,18,19,52,53"
143,08:03,4,4,여의도,4,"4,26,36,47"
143,08:03,5,5,김포공항,2,"44,54"
143,08:03,6,6,일산,1,50
143,08:03,7,7,판교,6,"0,29,43,46,55,56"
143,08:03,8,8,동탄/용인,2,"10,59"
143,08:03,9,9,평택,7,"5,28,30,31,39,49,58"
144,08:04,1,1,서울역,3,"14,33,42"
144,08:04,2,2,수서,5,"13,27,37,41,57"
144,08:04,3,3,삼성,8,"9,12,15,18,19,51,52,53"
144,08:04,4,4,여의도,4,"4,26,36,47"
144,08:04,5,5,김포공항,2,"44,54"
144,08:04,6,6,일산,1,50
144,08:04,7,7,판교,6,"0,29,43,46,55,56"
144,08:04,8,8,동탄/용인,2,"10,59"
144,08:04,9,9,평택,7,"5,28,30,31,39,49,58"
145,08:05,1,1,서울역,3,"14,33,42"
145,08:05,2,2,수서,5,"13,27,37,41,57"
145,08:05,3,3,삼성,7,"9,15,18,19,51,52,53"
145,08:05,4,4,여의도,4,"4,26,36,47"
145,08:05,5,5,김포공항,3,"1,44,54"
145,08:05,6,6,일산,3,"3,8,50"
145,08:05,7,7,판교,6,"0,29,43,46,55,56"
145,08:05,8,8,동탄/용인,2,"10,59"
145,08:05,9,9,평택,6,"5,28,31,39,49,58"
146,08:06,1,1,서울역,3,"14,33,42"
146,08:06,2,2,수서,6,"13,17,27,37,41,57"
146,08:06,3,3,삼성,7,"9,15,18,19,51,52,53"
146,08:06,4,4,여의도,4,"4,26,36,47"
146,08:06,5,5,김포공항,6,"1,21,24,34,44,54"
146,08:06,6,6,일산,3,"3,8,50"
146,08:06,7,7,판교,6,"0,29,43,46,55,56"
146,08:06,8,8,동탄/용인,5,"10,38,40,48,59"
146,08:06,9,9,평택,4,"5,28,39,49"
147,08:07,1,1,서울역,3,"14,33,42"
147,08:07,2,2,수서,6,"13,17,27,37,41,57"
147,08:07,3,3,삼성,6,"15,18,19,20,52,53"
147,08:07,4,4,여의도,5,"4,25,26,36,47"
147,08:07,5,5,김포공항,6,"1,21,24,34,44,54"
147,08:07,6,6,일산,5,"3,6,8,35,50"
147,08:07,7,7,판교,6,"0,32,43,45,55,56"
147,08:07,8,8,동탄/용인,5,"10,38,40,48,59"
147,08:07,9,9,평택,4,"5,28,39,49"
148,08:08,1,1,서울역,3,"11,14,33"
148,08:08,2,2,수서,5,"13,17,37,41,57"
148,08:08,3,3,삼성,6,"15,18,19,20,52,53"
148,08:08,4,4,여의도,5,"4,25,26,36,47"
148,08:08,5,5,김포공항,6,"1,21,24,34,44,54"
148,08:08,6,6,일산,6,"2,3,6,8,35,50"
148,08:08,7,7,판교,5,"0,32,45,55,56"
148,08:08,8,8,동탄/용인,4,"38,40,48,59"
148,08:08,9,9,평택,4,"5,28,39,49"
149,08:09,1,1,서울역,2,"11,33"
149,08:09,2,2,수서,5,"13,17,37,41,57"
149,08:09,3,3,삼성,6,"15,18,19,20,52,53"
149,08:09,4,4,여의도,6,"4,7,25,26,36,47"
149,08:09,5,5,김포공항,3,"1,44,54"
149,08:09,6,6,일산,6,"2,3,6,8,35,50"
149,08:09,7,7,판교,5,"0,32,45,55,56"
149,08:09,8,8,동탄/용인,1,59
149,08:09,9,9,평택,3,"5,28,39"
150,08:10,1,1,서울역,2,"11,33"
150,08:10,2,2,수서,5,"13,17,37,41,57"
150,08:10,3,3,삼성,6,"15,18,19,20,52,53"
150,08:10,4,4,여의도,4,"7,26,36,47"
150,08:10,5,5,김포공항,3,"1,44,54"
150,08:10,6,6,일산,4,"2,3,8,50"
150,08:10,7,7,판교,5,"0,32,45,55,56"
150,08:10,8,8,동탄/용인,1,59
150,08:10,9,9,평택,3,"5,28,39"
151,08:11,1,1,서울역,1,33
151,08:11,2,2,수서,4,"17,37,41,57"
151,08:11,3,3,삼성,6,"15,18,19,20,52,53"
151,08:11,4,4,여의도,4,"7,26,36,47"
151,08:11,5,5,김포공항,2,"44,54"
151,08:11,6,6,일산,3,"2,16,50"
151,08:11,7,7,판교,5,"0,32,45,55,56"
151,08:11,8,8,동탄/용인,2,"30,59"
151,08:11,9,9,평택,3,"5,28,39"
152,08:12,1,1,서울역,1,33
152,08:12,2,2,수서,4,"17,37,41,57"
152,08:12,3,3,삼성,5,"15,18,20,52,53"
152,08:12,4,4,여의도,4,"7,26,36,47"
152,08:12,5,5,김포공항,2,"44,54"
152,08:12,6,6,일산,3,"2,16,50"
152,08:12,7,7,판교,5,"0,32,45,55,56"
152,08:12,8,8,동탄/용인,3,"30,58,59"
152,08:12,9,9,평택,3,"5,28,39"
153,08:13,1,1,서울역,1,33
153,08:13,2,2,수서,4,"17,37,41,57"
153,08:13,3,3,삼성,5,"15,18,20,52,53"
153,08:13,4,4,여의도,4,"7,26,36,47"
153,08:13,5,5,김포공항,3,"12,44,54"
153,08:13,6,6,일산,2,"2,16"
153,08:13,7,7,판교,4,"0,32,55,56"
153,08:13,8,8,동탄/용인,3,"30,58,59"
153,08:13,9,9,평택,3,"5,28,39"
154,08:14,1,1,서울역,2,"33,46"
154,08:14,2,2,수서,4,"17,37,41,57"
154,08:14,3,3,삼성,6,"15,18,20,42,52,53"
154,08:14,4,4,여의도,7,"7,9,26,27,29,36,47"
154,08:14,5,5,김포공항,3,"12,44,54"
154,08:14,6,6,일산,1,16
154,08:14,7,7,판교,4,"0,32,55,56"
154,08:14,8,8,동탄/용인,2,"58,59"
154,08:14,9,9,평택,3,"5,28,39"
155,08:15,1,1,서울역,2,"33,46"
155,08:15,2,2,수서,3,"37,41,57"
155,08:15,3,3,삼성,7,"15,18,20,22,42,52,53"
155,08:15,4,4,여의도,8,"7,9,26,27,29,36,43,47"
155,08:15,5,5,김포공항,3,"12,44,54"
155,08:15,6,6,일산,1,16
155,08:15,7,7,판교,4,"0,32,55,56"
155,08:15,8,8,동탄/용인,2,"49,59"
155,08:15,9,9,평택,3,"5,28,39"
156,08:16,1,1,서울역,2,"33,46"
156,08:16,2,2,수서,3,"37,41,57"
156,08:16,3,3,삼성,5,"15,18,20,22,42"
156,08:16,4,4,여의도,8,"7,9,26,27,29,36,43,47"
156,08:16,5,5,김포공항,3,"12,25,54"
156,08:16,6,6,일산,2,"14,16"
156,08:16,7,7,판교,5,"0,32,48,55,56"
156,08:16,8,8,동탄/용인,2,"49,59"
156,08:16,9,9,평택,3,"5,28,39"
157,08:17,1,1,서울역,3,"6,33,46"
157,08:17,2,2,수서,2,"41,57"
157,08:17,3,3,삼성,7,"15,18,20,21,22,24,34"
157,08:17,4,4,여의도,9,"7,9,13,26,27,29,36,43,47"
157,08:17,5,5,김포공항,3,"12,25,54"
157,08:17,6,6,일산,2,"14,16"
157,08:17,7,7,판교,6,"0,4,32,48,55,56"
157,08:17,8,8,동탄/용인,3,"49,51,59"
157,08:17,9,9,평택,3,"5,28,39"
158,08:18,1,1,서울역,6,"3,6,8,19,33,46"
158,08:18,2,2,수서,3,"10,41,57"
158,08:18,3,3,삼성,7,"15,18,20,21,23,24,34"
158,08:18,4,4,여의도,9,"7,9,13,26,27,29,36,43,47"
158,08:18,5,5,김포공항,3,"12,25,54"
158,08:18,6,6,일산,2,"11,14"
158,08:18,7,7,판교,5,"0,4,32,48,56"
158,08:18,8,8,동탄/용인,2,"51,59"
158,08:18,9,9,평택,3,"5,28,39"
159,08:19,1,1,서울역,6,"3,6,8,19,33,46"
159,08:19,2,2,수서,3,"10,41,57"
159,08:19,3,3,삼성,8,"1,15,18,20,21,23,24,34"
159,08:19,4,4,여의도,9,"7,9,13,26,27,29,36,43,47"
159,08:19,5,5,김포공항,2,"12,54"
159,08:19,6,6,일산,2,"11,14"
159,08:19,7,7,판교,4,"0,4,32,56"
159,08:19,8,8,동탄/용인,1,51
159,08:19,9,9,평택,3,"5,28,39"
160,08:20,1,1,서울역,6,"3,8,19,33,45,50"
160,08:20,2,2,수서,2,"10,41"
160,08:20,3,3,삼성,8,"1,15,18,20,21,23,24,34"
160,08:20,4,4,여의도,6,"7,9,13,27,40,43"
160,08:20,5,5,김포공항,1,54
160,08:20,6,6,일산,2,"11,14"
160,08:20,7,7,판교,3,"0,32,56"
160,08:20,8,8,동탄/용인,1,51
160,08:20,9,9,평택,3,"5,28,39"
161,08:21,1,1,서울역,6,"2,3,19,33,45,50"
161,08:21,2,2,수서,2,"10,41"
161,08:21,3,3,삼성,7,"1,15,18,20,21,24,34"
161,08:21,4,4,여의도,7,"7,9,13,17,27,40,43"
161,08:21,5,5,김포공항,1,54
161,08:21,6,6,일산,1,14
161,08:21,7,7,판교,2,"32,56"
161,08:21,8,8,동탄/용인,1,51
161,08:21,9,9,평택,3,"5,28,39"
162,08:22,1,1,서울역,6,"2,3,19,31,45,50"
162,08:22,2,2,수서,2,"10,41"
162,08:22,3,3,삼성,7,"1,15,18,20,21,24,34"
162,08:22,4,4,여의도,7,"7,9,13,17,27,40,43"
162,08:22,5,5,김포공항,1,54
162,08:22,7,7,판교,3,"32,35,56"
162,08:22,8,8,동탄/용인,1,51
162,08:22,9,9,평택,2,"5,28"
163,08:23,1,1,서울역,5,"2,3,19,31,45"
163,08:23,2,2,수서,2,"10,41"
163,08:23,3,3,삼성,5,"1,18,20,21,34"
163,08:23,4,4,여의도,8,"7,9,13,17,27,43,52,53"
163,08:23,5,5,김포공항,2,"38,54"
163,08:23,7,7,판교,2,"32,35"
163,08:23,9,9,평택,2,"5,28"
164,08:24,1,1,서울역,5,"2,3,31,37,45"
164,08:24,2,2,수서,2,"10,41"
164,08:24,3,3,삼성,4,"1,30,34,44"
164,08:24,4,4,여의도,8,"7,9,13,27,42,43,52,53"
164,08:24,5,5,김포공항,2,"38,54"
164,08:24,7,7,판교,2,"32,35"
164,08:24,9,9,평택,2,"5,28"
165,08:25,1,1,서울역,7,"2,3,16,31,37,45,55"
165,08:25,2,2,수서,1,10
165,08:25,3,3,삼성,4,"1,30,34,44"
165,08:25,4,4,여의도,6,"7,13,27,42,52,53"
165,08:25,5,5,김포공항,2,"38,54"
165,08:25,7,7,판교,2,"32,35"
165,08:25,9,9,평택,2,"5,28"
166,08:26,1,1,서울역,7,"2,3,16,31,37,45,55"
166,08:26,2,2,수서,2,"10,36"
166,08:26,3,3,삼성,3,"1,30,44"
166,08:26,4,4,여의도,6,"7,13,27,42,48,52"
166,08:26,5,5,김포공항,4,"26,29,38,54"
166,08:26,7,7,판교,3,"32,35,57"
166,08:26,9,9,평택,1,28
167,08:27,1,1,서울역,7,"3,16,31,37,45,55,58"
167,08:27,2,2,수서,2,"10,36"
167,08:27,3,3,삼성,4,"1,25,30,44"
167,08:27,4,4,여의도,7,"4,7,13,27,42,48,52"
167,08:27,5,5,김포공항,4,"26,29,38,54"
167,08:27,6,6,일산,3,"6,46,47"
167,08:27,7,7,판교,3,"32,35,57"
167,08:27,9,9,평택,1,28
168,08:28,1,1,서울역,6,"3,11,37,45,55,58"
168,08:28,2,2,수서,2,"10,36"
168,08:28,3,3,삼성,5,"1,12,25,30,44"
168,08:28,4,4,여의도,6,"0,4,7,13,48,52"
168,08:28,5,5,김포공항,4,"26,29,38,54"
168,08:28,6,6,일산,4,"6,8,46,47"
168,08:28,7,7,판교,3,"32,35,57"
168,08:28,8,8,동탄/용인,1,22
168,08:28,9,9,평택,1,28
169,08:29,1,1,서울역,7,"3,11,14,37,45,55,58"
169,08:29,2,2,수서,3,"10,40,59"
169,08:29,3,3,삼성,5,"1,12,25,30,44"
169,08:29,4,4,여의도,5,"0,4,7,49,52"
169,08:29,5,5,김포공항,1,38
169,08:29,6,6,일산,5,"6,8,33,46,47"
169,08:29,7,7,판교,2,"32,35"
169,08:29,8,8,동탄/용인,1,22
169,08:29,9,9,평택,1,28
170,08:30,1,1,서울역,10,"3,11,14,18,20,37,45,55,56,58"
170,08:30,2,2,수서,3,"10,40,59"
170,08:30,3,3,삼성,4,"1,12,25,44"
170,08:30,4,4,여의도,6,"0,4,7,15,49,52"
170,08:30,5,5,김포공항,1,17
170,08:30,6,6,일산,2,"8,33"
170,08:30,7,7,판교,3,"32,35,50"
170,08:30,8,8,동탄/용인,1,22
170,08:30,9,9,평택,1,28
171,08:31,1,1,서울역,9,"3,14,18,20,37,45,55,56,58"
171,08:31,2,2,수서,3,"10,40,59"
171,08:31,3,3,삼성,4,"1,12,25,44"
171,08:31,4,4,여의도,6,"0,4,15,21,49,52"
171,08:31,5,5,김포공항,2,"17,24"
171,08:31,6,6,일산,2,"19,33"
171,08:31,7,7,판교,3,"32,35,50"
171,08:31,8,8,동탄/용인,1,22
171,08:31,9,9,평택,1,28
172,08:32,1,1,서울역,9,"3,14,18,20,37,41,55,56,58"
172,08:32,2,2,수서,2,"10,59"
172,08:32,3,3,삼성,4,"1,12,25,44"
172,08:32,4,4,여의도,6,"0,4,15,21,49,52"
172,08:32,5,5,김포공항,2,"17,24"
172,08:32,6,6,일산,3,"19,33,43"
172,08:32,7,7,판교,3,"9,35,50"
172,08:32,8,8,동탄/용인,1,22
172,08:32,9,9,평택,1,28
173,08:33,1,1,서울역,9,"3,14,18,20,37,41,55,56,58"
173,08:33,2,2,수서,1,59
173,08:33,3,3,삼성,4,"1,12,25,44"
173,08:33,4,4,여의도,7,"0,4,15,21,34,49,52"
173,08:33,5,5,김포공항,2,"17,24"
173,08:33,6,6,일산,3,"19,33,43"
173,08:33,7,7,판교,2,"9,50"
173,08:33,8,8,동탄/용인,1,22
173,08:33,9,9,평택,1,28
174,08:34,1,1,서울역,9,"3,14,18,20,37,41,55,56,58"
174,08:34,2,2,수서,2,"42,59"
174,08:34,3,3,삼성,4,"1,12,25,44"
174,08:34,4,4,여의도,7,"0,4,15,21,34,49,52"
174,08:34,5,5,김포공항,3,"17,24,27"
174,08:34,6,6,일산,3,"2,33,43"
174,08:34,7,7,판교,2,"9,50"
174,08:34,8,8,동탄/용인,1,22
174,08:34,9,9,평택,1,28
175,08:35,1,1,서울역,10,"3,14,18,20,37,41,51,55,56,58"
175,08:35,2,2,수서,3,"13,42,59"
175,08:35,3,3,삼성,4,"1,12,25,44"
175,08:35,4,4,여의도,7,"0,4,15,21,34,49,52"
175,08:35,5,5,김포공항,3,"17,24,27"
175,08:35,6,6,일산,3,"2,31,33"
175,08:35,7,7,판교,2,"16,50"
175,08:35,8,8,동탄/용인,1,22
175,08:35,9,9,평택,1,28
176,08:36,1,1,서울역,13,"3,14,18,20,30,36,37,41,51,55,56,57,58"
176,08:36,2,2,수서,3,"13,42,59"
176,08:36,3,3,삼성,3,"1,12,44"
176,08:36,4,4,여의도,7,"0,4,15,21,34,49,52"
176,08:36,5,5,김포공항,3,"17,24,27"
176,08:36,6,6,일산,3,"2,31,48"
176,08:36,7,7,판교,1,16
176,08:36,8,8,동탄/용인,1,22
176,08:36,9,9,평택,2,"23,28"
177,08:37,1,1,서울역,14,"3,6,14,18,20,30,36,37,41,51,55,56,57,58"
177,08:37,2,2,수서,3,"13,26,59"
177,08:37,3,3,삼성,5,"1,12,29,44,54"
177,08:37,4,4,여의도,8,"0,4,15,21,34,46,49,52"
177,08:37,5,5,김포공항,3,"7,17,24"
177,08:37,6,6,일산,2,"31,48"
177,08:37,7,7,판교,1,16
177,08:37,8,8,동탄/용인,2,"22,53"
177,08:37,9,9,평택,2,"23,28"
178,08:38,1,1,서울역,16,"3,6,8,14,18,20,30,36,37,39,41,51,55,56,57,58"
178,08:38,2,2,수서,2,"26,59"
178,08:38,3,3,삼성,6,"1,12,29,38,44,54"
178,08:38,4,4,여의도,8,"0,4,15,21,34,46,49,52"
178,08:38,5,5,김포공항,3,"7,17,24"
178,08:38,6,6,일산,2,"11,48"
178,08:38,7,7,판교,2,"5,16"
178,08:38,8,8,동탄/용인,2,"22,53"
178,08:38,9,9,평택,2,"23,28"
179,08:39,1,1,서울역,17,"3,6,8,14,18,20,30,36,37,39,40,41,51,55,56,57,58"
179,08:39,2,2,수서,2,"26,59"
179,08:39,3,3,삼성,5,"1,29,38,44,54"
179,08:39,4,4,여의도,10,"0,4,10,15,21,32,34,46,49,52"
179,08:39,5,5,김포공항,3,"7,17,24"
179,08:39,6,6,일산,3,"11,45,48"
179,08:39,7,7,판교,2,"5,16"
179,08:39,8,8,동탄/용인,2,"22,53"
179,08:39,9,9,평택,2,"23,28"
180,08:40,1,1,서울역,12,"6,8,18,20,36,37,39,40,41,56,57,58"
180,08:40,2,2,수서,2,"26,59"
180,08:40,3,3,삼성,5,"1,29,38,47,54"
180,08:40,4,4,여의도,7,"4,10,15,21,32,35,49"
180,08:40,5,5,김포공항,3,"7,17,24"
180,08:40,6,6,일산,3,"11,45,48"
180,08:40,7,7,판교,2,"5,16"
180,08:40,8,8,동탄/용인,1,22
180,08:40,9,9,평택,2,"23,28"
181,08:41,1,1,서울역,11,"6,8,19,20,36,37,39,40,56,57,58"
181,08:41,2,2,수서,2,"26,59"
181,08:41,3,3,삼성,4,"29,38,47,54"
181,08:41,4,4,여의도,7,"4,10,15,21,32,35,49"
181,08:41,5,5,김포공항,3,"7,17,24"
181,08:41,6,6,일산,2,"45,48"
181,08:41,7,7,판교,1,5
181,08:41,8,8,동탄/용인,1,22
181,08:41,9,9,평택,2,"23,28"
182,08:42,1,1,서울역,11,"6,8,19,20,36,37,39,40,56,57,58"
182,08:42,2,2,수서,2,"26,59"
182,08:42,3,3,삼성,4,"29,38,47,54"
182,08:42,4,4,여의도,6,"4,15,21,32,35,49"
182,08:42,5,5,김포공항,2,"7,24"
182,08:42,6,6,일산,2,"45,48"
182,08:42,7,7,판교,1,5
182,08:42,8,8,동탄/용인,1,22
182,08:42,9,9,평택,2,"23,28"
183,08:43,1,1,서울역,11,"6,8,19,20,33,37,39,40,50,56,58"
183,08:43,2,2,수서,1,59
183,08:43,3,3,삼성,3,"38,47,54"
183,08:43,4,4,여의도,5,"15,21,25,32,49"
183,08:43,5,5,김포공항,2,"7,24"
183,08:43,6,6,일산,2,"45,48"
183,08:43,7,7,판교,1,5
183,08:43,8,8,동탄/용인,1,22
183,08:43,9,9,평택,2,"23,28"
184,08:44,1,1,서울역,13,"2,6,8,19,20,33,37,39,40,42,50,56,58"
184,08:44,2,2,수서,1,59
184,08:44,3,3,삼성,2,"47,54"
184,08:44,4,4,여의도,5,"13,15,21,25,32"
184,08:44,6,6,일산,2,"45,48"
184,08:44,7,7,판교,1,5
184,08:44,8,8,동탄/용인,1,22
184,08:44,9,9,평택,2,"23,28"
185,08:45,1,1,서울역,12,"2,12,19,20,31,33,37,39,42,50,56,58"
185,08:45,2,2,수서,2,"27,59"
185,08:45,3,3,삼성,2,"47,54"
185,08:45,4,4,여의도,5,"13,15,21,25,32"
185,08:45,5,5,김포공항,1,9
185,08:45,6,6,일산,2,"45,48"
185,08:45,7,7,판교,1,5
185,08:45,8,8,동탄/용인,1,22
185,08:45,9,9,평택,2,"23,28"
186,08:46,1,1,서울역,9,"2,12,20,31,37,39,42,56,58"
186,08:46,2,2,수서,4,"27,34,43,59"
186,08:46,3,3,삼성,4,"14,47,54,55"
186,08:46,4,4,여의도,5,"13,15,21,25,32"
186,08:46,5,5,김포공항,1,9
186,08:46,7,7,판교,1,5
186,08:46,8,8,동탄/용인,1,22
186,08:46,9,9,평택,2,"23,28"
187,08:47,1,1,서울역,7,"12,20,31,37,39,56,58"
187,08:47,2,2,수서,4,"27,34,43,59"
187,08:47,3,3,삼성,5,"14,18,47,54,55"
187,08:47,4,4,여의도,5,"15,21,25,32,44"
187,08:47,5,5,김포공항,1,9
187,08:47,6,6,일산,3,"3,30,46"
187,08:47,7,7,판교,1,5
187,08:47,8,8,동탄/용인,1,22
187,08:47,9,9,평택,2,"23,28"
188,08:48,1,1,서울역,8,"11,12,20,31,37,39,56,58"
188,08:48,2,2,수서,5,"10,27,34,43,59"
188,08:48,3,3,삼성,5,"14,18,47,54,55"
188,08:48,4,4,여의도,7,"1,15,16,21,25,32,44"
188,08:48,5,5,김포공항,2,"9,51"
188,08:48,6,6,일산,4,"3,30,41,46"
188,08:48,7,7,판교,1,5
188,08:48,8,8,동탄/용인,1,22
188,08:48,9,9,평택,1,28
189,08:49,1,1,서울역,8,"11,12,20,31,37,39,56,58"
189,08:49,2,2,수서,4,"10,27,43,59"
189,08:49,3,3,삼성,4,"18,36,47,54"
189,08:49,4,4,여의도,7,"1,15,16,21,26,32,44"
189,08:49,5,5,김포공항,2,"9,51"
189,08:49,6,6,일산,4,"3,30,41,46"
189,08:49,7,7,판교,1,5
189,08:49,8,8,동탄/용인,1,22
189,08:49,9,9,평택,1,28
190,08:50,1,1,서울역,8,"11,12,20,31,37,38,56,58"
190,08:50,2,2,수서,4,"10,27,43,59"
190,08:50,3,3,삼성,4,"17,36,47,54"
190,08:50,4,4,여의도,7,"1,16,21,26,29,32,44"
190,08:50,5,5,김포공항,3,"9,49,51"
190,08:50,6,6,일산,3,"4,30,41"
190,08:50,7,7,판교,1,5
190,08:50,8,8,동탄/용인,1,22
191,08:51,1,1,서울역,6,"20,31,37,38,56,58"
191,08:51,2,2,수서,3,"27,43,59"
191,08:51,3,3,삼성,3,"17,36,47"
191,08:51,4,4,여의도,6,"1,16,26,29,32,44"
191,08:51,5,5,김포공항,2,"9,49"
191,08:51,6,6,일산,2,"4,30"
191,08:51,7,7,판교,1,5
191,08:51,8,8,동탄/용인,3,"0,22,52"
192,08:52,1,1,서울역,5,"20,31,38,56,58"
192,08:52,2,2,수서,4,"24,27,43,59"
192,08:52,3,3,삼성,4,"7,17,19,47"
192,08:52,4,4,여의도,6,"1,16,26,29,32,44"
192,08:52,5,5,김포공항,2,"9,49"
192,08:52,6,6,일산,4,"4,6,8,30"
192,08:52,7,7,판교,2,"5,40"
192,08:52,8,8,동탄/용인,3,"0,22,52"
193,08:53,1,1,서울역,4,"31,38,48,58"
193,08:53,2,2,수서,5,"13,24,27,43,59"
193,08:53,3,3,삼성,4,"7,17,19,47"
193,08:53,4,4,여의도,5,"1,26,29,44,45"
193,08:53,5,5,김포공항,1,9
193,08:53,6,6,일산,4,"4,6,8,50"
193,08:53,7,7,판교,2,"5,40"
193,08:53,8,8,동탄/용인,3,"0,22,52"
194,08:54,1,1,서울역,4,"31,38,48,58"
194,08:54,2,2,수서,5,"13,24,27,43,59"
194,08:54,3,3,삼성,4,"7,17,19,47"
194,08:54,4,4,여의도,5,"1,26,29,44,45"
194,08:54,5,5,김포공항,2,"9,53"
194,08:54,6,6,일산,6,"2,4,6,8,42,50"
194,08:54,7,7,판교,2,"5,40"
194,08:54,8,8,동탄/용인,2,"35,52"
195,08:55,1,1,서울역,4,"31,38,48,58"
195,08:55,2,2,수서,6,"13,24,25,27,43,59"
195,08:55,3,3,삼성,4,"7,17,19,47"
195,08:55,4,4,여의도,5,"1,26,29,44,45"
195,08:55,5,5,김포공항,2,"9,53"
195,08:55,6,6,일산,4,"2,4,42,50"
195,08:55,7,7,판교,1,5
195,08:55,8,8,동탄/용인,2,"35,52"
196,08:56,1,1,서울역,5,"31,34,38,48,58"
196,08:56,2,2,수서,6,"15,24,25,27,43,59"
196,08:56,3,3,삼성,4,"7,17,19,47"
196,08:56,4,4,여의도,6,"1,14,26,29,44,45"
196,08:56,5,5,김포공항,2,"9,53"
196,08:56,6,6,일산,4,"2,4,42,50"
196,08:56,7,7,판교,1,5
196,08:56,8,8,동탄/용인,2,"35,52"
197,08:57,1,1,서울역,7,"3,31,34,38,48,54,58"
197,08:57,2,2,수서,6,"15,24,25,27,43,59"
197,08:57,3,3,삼성,5,"7,11,17,19,47"
197,08:57,4,4,여의도,8,"1,10,14,18,26,29,44,45"
197,08:57,5,5,김포공항,3,"9,21,53"
197,08:57,6,6,일산,2,"39,50"
197,08:57,7,7,판교,1,5
197,08:57,8,8,동탄/용인,1,52
198,08:58,1,1,서울역,7,"3,31,34,38,48,54,58"
198,08:58,2,2,수서,5,"15,24,27,43,59"
198,08:58,3,3,삼성,4,"7,11,17,47"
198,08:58,4,4,여의도,8,"1,10,14,18,26,29,44,45"
198,08:58,5,5,김포공항,2,"21,53"
198,08:58,6,6,일산,3,"12,39,50"
198,08:58,7,7,판교,1,5
199,08:59,1,1,서울역,7,"3,31,34,38,48,54,58"
199,08:59,2,2,수서,6,"15,16,24,27,43,59"
199,08:59,3,3,삼성,6,"7,11,17,20,47,56"
199,08:59,4,4,여의도,8,"1,10,14,18,26,29,44,45"
199,08:59,5,5,김포공항,3,"21,32,53"
199,08:59,6,6,일산,4,"12,37,39,50"
199,08:59,7,7,판교,1,5
199,08:59,8,8,동탄/용인,1,55
199,08:59,9,9,평택,1,57
200,09:00,1,1,서울역,5,"3,38,48,54,58"
200,09:00,2,2,수서,6,"15,16,24,27,43,59"
200,09:00,3,3,삼성,4,"7,17,20,56"
200,09:00,4,4,여의도,4,"1,10,18,45"
200,09:00,5,5,김포공항,2,"32,36"
200,09:00,6,6,일산,4,"12,37,39,50"
200,09:00,7,7,판교,1,23
200,09:00,8,8,동탄/용인,1,55
200,09:00,9,9,평택,1,57
201,09:01,1,1,서울역,4,"38,48,54,58"
201,09:01,2,2,수서,7,"15,16,24,27,43,46,59"
201,09:01,3,3,삼성,5,"17,20,41,49,56"
201,09:01,4,4,여의도,4,"1,10,18,45"
201,09:01,5,5,김포공항,2,"32,36"
201,09:01,6,6,일산,3,"37,39,50"
201,09:01,7,7,판교,2,"23,51"
201,09:01,8,8,동탄/용인,1,55
201,09:01,9,9,평택,1,57
202,09:02,1,1,서울역,5,"6,38,48,54,58"
202,09:02,2,2,수서,5,"24,27,43,46,59"
202,09:02,3,3,삼성,3,"17,41,49"
202,09:02,4,4,여의도,6,"1,8,10,13,18,40"
202,09:02,5,5,김포공항,1,36
202,09:02,6,6,일산,2,"39,50"
202,09:02,7,7,판교,3,"23,28,51"
202,09:02,8,8,동탄/용인,1,55
202,09:02,9,9,평택,2,"33,57"
203,09:03,1,1,서울역,4,"6,38,48,54"
203,09:03,2,2,수서,6,"24,27,43,46,47,59"
203,09:03,3,3,삼성,4,"17,30,41,49"
203,09:03,4,4,여의도,6,"1,8,10,13,18,40"
203,09:03,5,5,김포공항,1,36
203,09:03,6,6,일산,1,50
203,09:03,7,7,판교,2,"28,51"
203,09:03,8,8,동탄/용인,1,55
203,09:03,9,9,평택,2,"33,57"
204,09:04,1,1,서울역,6,"2,4,6,38,48,54"
204,09:04,2,2,수서,7,"22,24,27,43,46,47,59"
204,09:04,3,3,삼성,4,"17,30,41,49"
204,09:04,4,4,여의도,6,"1,8,10,13,18,40"
204,09:04,5,5,김포공항,1,36
204,09:04,6,6,일산,1,50
204,09:04,7,7,판교,2,"28,51"
204,09:04,8,8,동탄/용인,1,55
204,09:04,9,9,평택,2,"33,57"
205,09:05,1,1,서울역,6,"2,4,25,38,48,54"
205,09:05,2,2,수서,7,"22,24,27,43,46,47,59"
205,09:05,3,3,삼성,4,"17,30,41,49"
205,09:05,4,4,여의도,7,"1,8,10,13,18,19,40"
205,09:05,5,5,김포공항,1,36
205,09:05,6,6,일산,1,50
205,09:05,7,7,판교,2,"28,51"
205,09:05,8,8,동탄/용인,1,55
205,09:05,9,9,평택,2,"33,57"
206,09:06,1,1,서울역,8,"0,2,4,11,25,38,48,54"
206,09:06,2,2,수서,6,"22,24,27,43,46,59"
206,09:06,3,3,삼성,6,"9,17,30,31,41,49"
206,09:06,4,4,여의도,6,"1,8,10,13,19,40"
206,09:06,5,5,김포공항,2,"29,36"
206,09:06,6,6,일산,1,50
206,09:06,7,7,판교,2,"28,51"
206,09:06,8,8,동탄/용인,1,55
206,09:06,9,9,평택,2,"33,57"
207,09:07,1,1,서울역,8,"0,2,4,11,25,38,48,54"
207,09:07,2,2,수서,6,"22,24,27,43,46,59"
207,09:07,3,3,삼성,6,"9,30,31,41,42,49"
207,09:07,4,4,여의도,6,"1,5,8,10,19,40"
207,09:07,5,5,김포공항,2,"29,36"
207,09:07,6,6,일산,2,"26,50"
207,09:07,7,7,판교,3,"14,28,51"
207,09:07,8,8,동탄/용인,1,55
207,09:07,9,9,평택,2,"33,57"
208,09:08,1,1,서울역,7,"0,2,4,11,38,48,54"
208,09:08,2,2,수서,5,"22,27,43,46,59"
208,09:08,3,3,삼성,7,"9,21,30,31,41,42,53"
208,09:08,4,4,여의도,8,"5,7,8,10,15,16,19,40"
208,09:08,5,5,김포공항,2,"29,36"
208,09:08,6,6,일산,3,"3,26,50"
208,09:08,7,7,판교,2,"14,51"
208,09:08,8,8,동탄/용인,1,55
208,09:08,9,9,평택,2,"33,57"
209,09:09,1,1,서울역,8,"0,2,4,35,37,38,48,54"
209,09:09,2,2,수서,5,"22,27,43,46,59"
209,09:09,3,3,삼성,7,"9,21,30,31,41,42,53"
209,09:09,4,4,여의도,10,"5,7,8,10,15,16,19,20,40,52"
209,09:09,5,5,김포공항,1,36
209,09:09,6,6,일산,2,"3,26"
209,09:09,7,7,판교,2,"14,51"
209,09:09,8,8,동탄/용인,1,55
209,09:09,9,9,평택,2,"33,57"
210,09:10,1,1,서울역,9,"0,2,4,23,35,37,38,48,54"
210,09:10,2,2,수서,4,"22,43,46,59"
210,09:10,3,3,삼성,8,"9,21,30,31,32,41,42,53"
210,09:10,4,4,여의도,11,"5,7,8,10,15,16,19,20,39,40,52"
210,09:10,5,5,김포공항,1,36
210,09:10,6,6,일산,1,3
210,09:10,7,7,판교,1,51
210,09:10,8,8,동탄/용인,1,55
210,09:10,9,9,평택,2,"33,57"
211,09:11,1,1,서울역,9,"0,2,4,23,35,37,38,48,54"
211,09:11,2,2,수서,4,"22,43,46,59"
211,09:11,3,3,삼성,8,"9,12,30,31,32,41,42,53"
211,09:11,4,4,여의도,11,"5,7,8,10,15,16,19,20,39,40,52"
211,09:11,5,5,김포공항,1,36
211,09:11,6,6,일산,1,3
211,09:11,7,7,판교,1,51
211,09:11,9,9,평택,2,"33,57"
212,09:12,1,1,서울역,9,"0,2,4,23,35,37,38,48,54"
212,09:12,10,10,인천공항,1,44
212,09:12,2,2,수서,4,"22,43,46,59"
212,09:12,3,3,삼성,7,"9,12,30,32,41,42,53"
212,09:12,4,4,여의도,12,"5,7,8,10,15,16,19,20,39,40,47,52"
212,09:12,5,5,김포공항,2,"18,36"
212,09:12,6,6,일산,2,"3,6"
212,09:12,7,7,판교,1,51
212,09:12,8,8,동탄/용인,1,56
212,09:12,9,9,평택,2,"33,57"
213,09:13,1,1,서울역,9,"0,2,4,23,35,37,38,48,54"
213,09:13,10,10,인천공항,1,44
213,09:13,2,2,수서,5,"13,22,43,46,59"
213,09:13,3,3,삼성,7,"9,12,30,32,41,42,53"
213,09:13,4,4,여의도,11,"5,7,8,10,15,16,19,20,39,47,52"
213,09:13,5,5,김포공항,2,"18,36"
213,09:13,6,6,일산,2,"3,6"
213,09:13,7,7,판교,1,51
213,09:13,8,8,동탄/용인,2,"45,56"
213,09:13,9,9,평택,2,"33,57"
214,09:14,1,1,서울역,10,"0,2,4,23,35,37,38,48,49,54"
214,09:14,10,10,인천공항,1,44
214,09:14,2,2,수서,6,"1,13,21,22,43,59"
214,09:14,3,3,삼성,7,"9,12,30,32,41,42,53"
214,09:14,4,4,여의도,13,"5,7,8,10,15,16,17,19,20,24,39,47,52"
214,09:14,5,5,김포공항,2,"18,36"
214,09:14,6,6,일산,2,"3,6"
214,09:14,7,7,판교,1,51
214,09:14,8,8,동탄/용인,2,"45,56"
214,09:14,9,9,평택,2,"33,57"
215,09:15,1,1,서울역,10,"0,2,4,23,35,37,38,48,49,54"
215,09:15,2,2,수서,5,"1,13,21,22,59"
215,09:15,3,3,삼성,7,"9,12,30,32,41,42,53"
215,09:15,4,4,여의도,14,"5,7,8,10,15,16,17,19,20,24,28,39,47,52"
215,09:15,5,5,김포공항,1,36
215,09:15,6,6,일산,1,25
215,09:15,7,7,판교,1,51
215,09:15,8,8,동탄/용인,2,"45,56"
215,09:15,9,9,평택,2,"33,57"
216,09:16,1,1,서울역,10,"0,2,4,23,35,37,38,48,49,54"
216,09:16,2,2,수서,4,"1,21,22,59"
216,09:16,3,3,삼성,7,"9,12,30,32,41,42,53"
216,09:16,4,4,여의도,15,"5,7,8,10,15,16,17,19,20,24,27,28,39,47,52"
216,09:16,5,5,김포공항,1,36
216,09:16,6,6,일산,2,"11,25"
216,09:16,7,7,판교,1,51
216,09:16,8,8,동탄/용인,1,56
216,09:16,9,9,평택,3,"33,34,57"
217,09:17,1,1,서울역,10,"0,2,4,23,35,37,38,48,49,54"
217,09:17,2,2,수서,3,"1,22,59"
217,09:17,3,3,삼성,7,"9,12,30,32,41,42,53"
217,09:17,4,4,여의도,15,"5,8,10,14,15,16,17,19,20,24,27,28,39,47,52"
217,09:17,5,5,김포공항,1,36
217,09:17,6,6,일산,2,"11,25"
217,09:17,7,7,판교,1,51
217,09:17,8,8,동탄/용인,1,56
217,09:17,9,9,평택,3,"33,34,57"
218,09:18,1,1,서울역,9,"0,4,23,35,37,38,48,49,54"
218,09:18,2,2,수서,3,"1,22,59"
218,09:18,3,3,삼성,7,"9,12,30,32,41,42,53"
218,09:18,4,4,여의도,15,"5,8,10,14,15,16,17,19,20,24,27,28,39,47,52"
218,09:18,5,5,김포공항,1,36
218,09:18,6,6,일산,2,"11,25"
218,09:18,7,7,판교,1,51
218,09:18,8,8,동탄/용인,1,56
218,09:18,9,9,평택,2,"34,57"
219,09:19,1,1,서울역,9,"0,4,23,35,37,38,48,49,54"
219,09:19,2,2,수서,3,"1,22,59"
219,09:19,3,3,삼성,6,"9,12,32,41,42,53"
219,09:19,4,4,여의도,15,"5,10,14,15,16,17,19,20,24,27,28,31,39,47,52"
219,09:19,5,5,김포공항,2,"36,40"
219,09:19,6,6,일산,2,"11,25"
219,09:19,7,7,판교,2,"29,51"
219,09:19,8,8,동탄/용인,1,56
219,09:19,9,9,평택,2,"57,58"
220,09:20,1,1,서울역,7,"4,23,35,38,48,49,54"
220,09:20,2,2,수서,3,"1,22,59"
220,09:20,3,3,삼성,6,"9,12,32,41,42,53"
220,09:20,4,4,여의도,12,"5,14,15,16,17,19,20,24,27,28,31,52"
220,09:20,5,5,김포공항,2,"36,40"
220,09:20,6,6,일산,2,"11,25"
220,09:20,7,7,판교,2,"29,51"
220,09:20,8,8,동탄/용인,1,56
220,09:20,9,9,평택,2,"57,58"
221,09:21,1,1,서울역,8,"4,23,35,38,46,48,49,54"
221,09:21,2,2,수서,4,"1,22,55,59"
221,09:21,3,3,삼성,5,"9,12,32,41,53"
221,09:21,4,4,여의도,13,"5,14,15,16,17,19,20,24,27,28,31,43,52"
221,09:21,5,5,김포공항,2,"36,40"
221,09:21,6,6,일산,2,"11,25"
221,09:21,7,7,판교,3,"29,50,51"
221,09:21,9,9,평택,2,"57,58"
222,09:22,1,1,서울역,9,"3,4,23,35,38,46,48,49,54"
222,09:22,2,2,수서,4,"1,22,55,59"
222,09:22,3,3,삼성,5,"9,12,32,41,53"
222,09:22,4,4,여의도,14,"5,13,14,15,16,17,19,20,24,27,28,31,43,52"
222,09:22,5,5,김포공항,1,36
222,09:22,6,6,일산,2,"11,25"
222,09:22,7,7,판교,2,"29,50"
222,09:22,9,9,평택,2,"57,58"
223,09:23,1,1,서울역,9,"3,4,23,35,38,46,48,49,54"
223,09:23,2,2,수서,4,"1,18,55,59"
223,09:23,3,3,삼성,5,"9,12,32,41,53"
223,09:23,4,4,여의도,14,"13,14,15,16,17,19,20,21,24,27,28,31,43,52"
223,09:23,5,5,김포공항,1,36
223,09:23,6,6,일산,2,"11,25"
223,09:23,7,7,판교,2,"29,50"
223,09:23,9,9,평택,2,"57,58"
224,09:24,1,1,서울역,9,"3,4,23,35,38,46,48,49,54"
224,09:24,2,2,수서,4,"1,18,55,59"
224,09:24,3,3,삼성,5,"9,12,32,41,53"
224,09:24,4,4,여의도,13,"13,14,15,16,17,19,20,21,24,27,28,31,43"
224,09:24,5,5,김포공항,1,36
224,09:24,6,6,일산,2,"11,25"
224,09:24,7,7,판교,2,"7,29"
224,09:24,9,9,평택,2,"57,58"
225,09:25,1,1,서울역,9,"3,4,23,35,38,46,48,49,54"
225,09:25,2,2,수서,4,"1,18,55,59"
225,09:25,3,3,삼성,6,"6,9,12,32,41,53"
225,09:25,4,4,여의도,12,"14,15,16,17,19,20,21,24,27,28,31,43"
225,09:25,5,5,김포공항,1,36
225,09:25,6,6,일산,2,"11,25"
225,09:25,7,7,판교,1,7
225,09:25,9,9,평택,2,"57,58"
226,09:26,1,1,서울역,9,"3,4,23,35,38,46,48,49,54"
226,09:26,2,2,수서,3,"1,18,55"
226,09:26,3,3,삼성,6,"6,9,12,32,41,53"
226,09:26,4,4,여의도,12,"14,15,16,17,19,21,24,27,28,30,31,43"
226,09:26,5,5,김포공항,2,"10,36"
226,09:26,6,6,일산,2,"11,25"
226,09:26,7,7,판교,2,"7,8"
226,09:26,9,9,평택,2,"57,58"
227,09:27,1,1,서울역,8,"3,4,23,35,38,46,49,54"
227,09:27,2,2,수서,3,"1,18,55"
227,09:27,3,3,삼성,6,"6,9,12,32,41,53"
227,09:27,4,4,여의도,12,"14,15,16,17,19,21,24,27,28,30,31,43"
227,09:27,5,5,김포공항,2,"10,36"
227,09:27,6,6,일산,3,"0,11,25"
227,09:27,7,7,판교,2,"7,8"
227,09:27,9,9,평택,2,"57,58"
228,09:28,1,1,서울역,9,"3,4,23,35,38,45,46,49,54"
228,09:28,2,2,수서,3,"1,18,55"
228,09:28,3,3,삼성,6,"6,9,12,32,41,53"
228,09:28,4,4,여의도,12,"14,15,16,17,19,21,27,28,30,31,42,43"
228,09:28,5,5,김포공항,3,"10,36,37"
228,09:28,6,6,일산,3,"0,11,25"
228,09:28,7,7,판교,2,"7,8"
228,09:28,9,9,평택,1,58
229,09:29,1,1,서울역,10,"3,4,23,35,38,45,46,49,51,54"
229,09:29,2,2,수서,3,"1,5,55"
229,09:29,3,3,삼성,6,"6,9,12,32,41,53"
229,09:29,4,4,여의도,12,"14,15,16,17,19,21,27,28,30,31,42,43"
229,09:29,5,5,김포공항,2,"36,37"
229,09:29,6,6,일산,3,"0,11,25"
229,09:29,7,7,판교,2,"7,8"
229,09:29,9,9,평택,1,58
230,09:30,1,1,서울역,11,"3,4,22,23,35,38,45,46,49,51,54"
230,09:30,2,2,수서,2,"1,5"
230,09:30,3,3,삼성,7,"6,9,12,32,41,44,53"
230,09:30,4,4,여의도,12,"14,15,16,17,19,21,27,28,30,31,42,43"
230,09:30,5,5,김포공항,2,"36,37"
230,09:30,6,6,일산,2,"11,25"
230,09:30,7,7,판교,2,"8,33"
230,09:30,9,9,평택,2,"26,58"
231,09:31,1,1,서울역,11,"3,4,22,23,35,38,45,46,49,51,54"
231,09:31,10,10,인천공항,1,2
231,09:31,2,2,수서,3,"1,5,56"
231,09:31,3,3,삼성,7,"6,9,12,32,44,50,53"
231,09:31,4,4,여의도,12,"14,15,16,17,19,21,27,28,30,31,42,43"
231,09:31,5,5,김포공항,1,36
231,09:31,6,6,일산,3,"11,25,52"
231,09:31,7,7,판교,2,"8,33"
231,09:31,8,8,동탄/용인,1,47
231,09:31,9,9,평택,2,"26,58"
232,09:32,1,1,서울역,10,"3,4,22,23,35,38,45,49,51,54"
232,09:32,10,10,인천공항,1,2
232,09:32,2,2,수서,3,"1,5,56"
232,09:32,3,3,삼성,6,"6,9,32,44,50,53"
232,09:32,4,4,여의도,13,"14,15,16,17,19,21,27,28,29,30,31,42,43"
232,09:32,5,5,김포공항,1,36
232,09:32,6,6,일산,1,52
232,09:32,7,7,판교,2,"33,40"
232,09:32,8,8,동탄/용인,1,47
232,09:32,9,9,평택,2,"26,58"
233,09:33,1,1,서울역,11,"3,4,22,23,35,38,45,49,51,54,59"
233,09:33,10,10,인천공항,1,2
233,09:33,2,2,수서,4,"1,5,34,56"
233,09:33,3,3,삼성,6,"6,9,32,44,50,53"
233,09:33,4,4,여의도,12,"14,16,17,19,21,27,28,29,30,31,42,43"
233,09:33,5,5,김포공항,1,36
233,09:33,6,6,일산,1,52
233,09:33,7,7,판교,2,"33,40"
233,09:33,8,8,동탄/용인,1,47
233,09:33,9,9,평택,2,"26,58"
234,09:34,1,1,서울역,11,"3,4,22,23,35,38,45,49,51,54,59"
234,09:34,10,10,인천공항,1,2
234,09:34,2,2,수서,3,"5,34,56"
234,09:34,3,3,삼성,6,"6,9,32,44,50,53"
234,09:34,4,4,여의도,12,"14,16,17,19,21,27,28,29,30,31,42,43"
234,09:34,5,5,김포공항,1,36
234,09:34,7,7,판교,2,"33,40"
234,09:34,9,9,평택,2,"26,58"
235,09:35,1,1,서울역,11,"3,4,22,23,35,38,45,49,51,54,59"
235,09:35,10,10,인천공항,1,2
235,09:35,2,2,수서,3,"5,34,56"
235,09:35,3,3,삼성,6,"6,9,32,44,50,53"
235,09:35,4,4,여의도,14,"10,14,16,17,18,19,21,27,28,29,30,31,42,43"
235,09:35,5,5,김포공항,1,36
235,09:35,7,7,판교,3,"24,33,40"
235,09:35,9,9,평택,3,"26,39,58"
236,09:36,1,1,서울역,11,"3,4,22,23,35,38,45,49,51,54,59"
236,09:36,10,10,인천공항,1,2
236,09:36,2,2,수서,3,"5,34,56"
236,09:36,3,3,삼성,6,"6,9,32,44,50,53"
236,09:36,4,4,여의도,15,"10,14,16,17,18,19,21,27,28,29,30,31,42,43,55"
236,09:36,5,5,김포공항,1,36
236,09:36,7,7,판교,3,"24,33,40"
236,09:36,8,8,동탄/용인,1,13
236,09:36,9,9,평택,2,"39,58"
237,09:37,1,1,서울역,13,"0,3,4,7,22,23,35,38,45,49,51,54,59"
237,09:37,10,10,인천공항,1,2
237,09:37,2,2,수서,3,"5,34,56"
237,09:37,3,3,삼성,5,"6,9,44,50,53"
237,09:37,4,4,여의도,14,"10,14,17,18,19,21,27,28,29,30,31,42,43,55"
237,09:37,5,5,김포공항,1,36
237,09:37,7,7,판교,3,"24,33,40"
237,09:37,8,8,동탄/용인,1,13
237,09:37,9,9,평택,2,"39,58"
238,09:38,1,1,서울역,13,"0,3,4,7,22,23,35,38,45,49,51,54,59"
238,09:38,2,2,수서,2,"34,56"
238,09:38,3,3,삼성,5,"6,9,44,50,53"
238,09:38,4,4,여의도,15,"10,14,17,18,19,21,27,28,29,30,31,41,42,43,55"
238,09:38,5,5,김포공항,1,36
238,09:38,7,7,판교,3,"24,33,40"
238,09:38,8,8,동탄/용인,1,13
238,09:38,9,9,평택,1,58
239,09:39,1,1,서울역,13,"0,3,4,7,22,23,35,38,45,49,51,54,59"
239,09:39,2,2,수서,3,"15,34,56"
239,09:39,3,3,삼성,6,"6,9,37,44,50,53"
239,09:39,4,4,여의도,17,"8,10,12,14,17,18,19,21,27,28,29,30,31,41,42,43,55"
239,09:39,5,5,김포공항,1,36
239,09:39,6,6,일산,1,46
239,09:39,7,7,판교,3,"24,33,40"
239,09:39,9,9,평택,1,58
240,09:40,1,1,서울역,9,"3,7,22,23,38,45,51,54,59"
240,09:40,2,2,수서,3,"15,34,56"
240,09:40,3,3,삼성,6,"6,9,37,44,50,53"
240,09:40,4,4,여의도,15,"1,8,12,14,17,18,21,27,28,29,30,31,41,42,43"
240,09:40,5,5,김포공항,1,36
240,09:40,6,6,일산,1,46
240,09:40,7,7,판교,4,"24,33,40,57"
241,09:41,1,1,서울역,8,"3,7,22,23,38,45,51,54"
241,09:41,2,2,수서,2,"15,56"
241,09:41,3,3,삼성,6,"6,9,37,44,50,53"
241,09:41,4,4,여의도,15,"1,8,12,14,17,18,21,27,28,29,30,31,41,42,43"
241,09:41,5,5,김포공항,1,36
241,09:41,6,6,일산,1,46
241,09:41,7,7,판교,4,"24,33,40,57"
241,09:41,9,9,평택,1,20
242,09:42,1,1,서울역,7,"3,7,22,23,45,51,54"
242,09:42,2,2,수서,1,15
242,09:42,3,3,삼성,8,"6,9,11,25,37,44,50,53"
242,09:42,4,4,여의도,15,"1,8,12,14,17,18,21,27,28,29,30,31,41,42,43"
242,09:42,5,5,김포공항,1,36
242,09:42,7,7,판교,4,"24,33,40,57"
242,09:42,9,9,평택,1,20
243,09:43,1,1,서울역,6,"3,7,22,23,45,54"
243,09:43,2,2,수서,2,"15,16"
243,09:43,3,3,삼성,7,"6,9,11,25,37,50,53"
243,09:43,4,4,여의도,14,"1,8,12,14,17,18,21,27,28,29,30,31,41,42"
243,09:43,5,5,김포공항,1,36
243,09:43,7,7,판교,4,"24,33,40,57"
243,09:43,9,9,평택,2,"20,48"
244,09:44,1,1,서울역,5,"3,22,23,45,54"
244,09:44,2,2,수서,3,"15,16,47"
244,09:44,3,3,삼성,6,"6,9,11,25,37,53"
244,09:44,4,4,여의도,16,"1,5,8,12,14,17,18,21,27,28,29,30,31,32,41,42"
244,09:44,5,5,김포공항,1,36
244,09:44,7,7,판교,4,"24,33,40,57"
244,09:44,9,9,평택,2,"20,48"
245,09:45,1,1,서울역,4,"3,23,45,54"
245,09:45,2,2,수서,3,"15,16,47"
245,09:45,3,3,삼성,5,"6,9,11,25,53"
245,09:45,4,4,여의도,16,"1,5,8,12,14,17,18,21,27,28,29,30,31,32,41,42"
245,09:45,5,5,김포공항,1,36
245,09:45,7,7,판교,4,"24,33,40,57"
245,09:45,9,9,평택,2,"20,48"
246,09:46,1,1,서울역,4,"3,23,45,54"
246,09:46,2,2,수서,4,"10,15,16,47"
246,09:46,3,3,삼성,5,"6,9,11,25,35"
246,09:46,4,4,여의도,16,"1,5,8,12,14,17,18,21,27,28,29,30,31,32,41,42"
246,09:46,5,5,김포공항,3,"19,36,55"
246,09:46,7,7,판교,5,"24,33,40,52,57"
246,09:46,8,8,동탄/용인,1,58
246,09:46,9,9,평택,2,"20,48"
247,09:47,1,1,서울역,4,"3,23,45,54"
247,09:47,2,2,수서,4,"10,15,16,47"
247,09:47,3,3,삼성,6,"6,9,11,25,35,59"
247,09:47,4,4,여의도,16,"1,5,8,12,14,17,18,21,27,28,29,30,31,32,34,42"
247,09:47,5,5,김포공항,3,"19,36,55"
247,09:47,6,6,일산,1,4
247,09:47,7,7,판교,5,"24,33,40,52,57"
247,09:47,8,8,동탄/용인,1,58
248,09:48,1,1,서울역,3,"3,23,54"
248,09:48,2,2,수서,4,"10,15,16,47"
248,09:48,3,3,삼성,6,"6,9,11,35,38,59"
248,09:48,4,4,여의도,17,"1,5,8,12,14,17,18,21,27,28,29,30,31,32,34,42,56"
248,09:48,5,5,김포공항,5,"0,19,36,49,55"
248,09:48,6,6,일산,1,4
248,09:48,7,7,판교,6,"24,26,33,40,52,57"
248,09:48,8,8,동탄/용인,1,58
249,09:49,1,1,서울역,3,"3,23,54"
249,09:49,2,2,수서,4,"13,15,16,47"
249,09:49,3,3,삼성,5,"6,9,11,38,59"
249,09:49,4,4,여의도,17,"1,5,8,12,14,17,18,21,27,28,29,30,31,32,34,42,56"
249,09:49,5,5,김포공항,3,"0,36,49"
249,09:49,6,6,일산,1,4
249,09:49,7,7,판교,5,"24,26,33,40,57"
250,09:50,1,1,서울역,2,"3,54"
250,09:50,2,2,수서,5,"13,15,16,47,51"
250,09:50,3,3,삼성,4,"6,9,11,38"
250,09:50,4,4,여의도,18,"1,5,8,12,14,17,18,21,27,28,29,30,31,32,34,42,44,56"
250,09:50,5,5,김포공항,3,"0,36,49"
250,09:50,6,6,일산,2,"4,43"
250,09:50,7,7,판교,5,"24,26,33,40,57"
251,09:51,1,1,서울역,2,"2,54"
251,09:51,2,2,수서,5,"13,15,16,47,51"
251,09:51,3,3,삼성,3,"6,9,11"
251,09:51,4,4,여의도,17,"1,5,8,12,14,17,18,21,27,28,29,31,32,34,42,44,56"
251,09:51,5,5,김포공항,1,36
251,09:51,6,6,일산,3,"4,7,43"
251,09:51,7,7,판교,5,"24,26,33,40,57"
252,09:52,1,1,서울역,2,"2,54"
252,09:52,2,2,수서,5,"13,15,16,47,51"
252,09:52,3,3,삼성,4,"6,9,11,46"
252,09:52,4,4,여의도,18,"1,5,8,12,14,17,18,21,27,28,29,31,32,34,37,42,44,56"
252,09:52,5,5,김포공항,1,36
252,09:52,6,6,일산,4,"4,7,22,43"
252,09:52,7,7,판교,5,"24,26,33,40,57"
253,09:53,1,1,서울역,2,"2,54"
253,09:53,2,2,수서,3,"13,16,47"
253,09:53,3,3,삼성,4,"6,9,11,46"
253,09:53,4,4,여의도,18,"1,5,8,12,14,18,21,27,28,29,31,32,34,37,42,44,53,56"
253,09:53,5,5,김포공항,1,36
253,09:53,6,6,일산,2,"7,22"
253,09:53,7,7,판교,5,"24,26,33,40,57"
253,09:53,8,8,동탄/용인,1,48
254,09:54,1,1,서울역,3,"2,25,54"
254,09:54,2,2,수서,3,"13,16,47"
254,09:54,3,3,삼성,5,"6,9,11,45,46"
254,09:54,4,4,여의도,18,"1,5,8,12,14,18,21,27,28,29,31,32,34,37,42,44,53,56"
254,09:54,5,5,김포공항,1,36
254,09:54,6,6,일산,1,22
254,09:54,7,7,판교,4,"24,33,40,57"
254,09:54,8,8,동탄/용인,1,48
255,09:55,1,1,서울역,3,"2,25,54"
255,09:55,2,2,수서,3,"13,16,47"
255,09:55,3,3,삼성,5,"6,9,11,45,46"
255,09:55,4,4,여의도,17,"1,5,8,12,14,18,27,28,29,31,32,34,37,42,44,53,56"
255,09:55,5,5,김포공항,1,36
255,09:55,7,7,판교,4,"24,33,40,57"
255,09:55,8,8,동탄/용인,1,48
256,09:56,1,1,서울역,4,"2,10,25,54"
256,09:56,2,2,수서,3,"13,16,47"
256,09:56,3,3,삼성,5,"6,9,11,45,46"
256,09:56,4,4,여의도,18,"1,5,8,12,14,18,27,28,29,31,32,34,35,37,42,44,53,56"
256,09:56,5,5,김포공항,1,36
256,09:56,7,7,판교,4,"24,33,40,57"
257,09:57,1,1,서울역,4,"2,10,25,54"
257,09:57,2,2,수서,3,"13,16,47"
257,09:57,3,3,삼성,6,"6,9,11,19,45,46"
257,09:57,4,4,여의도,18,"1,5,8,12,14,18,27,28,29,31,32,34,35,37,42,44,53,56"
257,09:57,5,5,김포공항,2,"30,36"
257,09:57,6,6,일산,1,23
257,09:57,7,7,판교,4,"24,33,40,57"
258,09:58,1,1,서울역,4,"2,10,25,54"
258,09:58,2,2,수서,3,"13,16,47"
258,09:58,3,3,삼성,5,"6,9,11,19,45"
258,09:58,4,4,여의도,19,"1,5,8,12,14,18,27,28,29,31,32,34,35,37,38,42,44,53,56"
258,09:58,5,5,김포공항,2,"30,36"
258,09:58,6,6,일산,2,"23,39"
258,09:58,7,7,판교,5,"3,24,33,40,57"
258,09:58,8,8,동탄/용인,1,41
259,09:59,1,1,서울역,4,"2,10,25,54"
259,09:59,2,2,수서,4,"13,17,47,58"
259,09:59,3,3,삼성,6,"0,6,11,19,45,49"
259,09:59,4,4,여의도,19,"1,5,8,12,14,15,18,28,29,31,32,34,35,37,38,42,44,53,56"
259,09:59,5,5,김포공항,3,"30,36,52"
259,09:59,6,6,일산,2,"23,39"
259,09:59,7,7,판교,7,"3,20,24,33,40,55,57"
259,09:59,8,8,동탄/용인,1,41
259,09:59,9,9,평택,1,50
260,10:00,1,1,서울역,5,"2,4,10,25,51"
260,10:00,2,2,수서,3,"13,17,58"
260,10:00,3,3,삼성,5,"0,6,11,19,49"
260,10:00,4,4,여의도,16,"5,8,12,14,15,18,29,32,34,35,37,38,42,44,53,56"
260,10:00,5,5,김포공항,2,"36,52"
260,10:00,6,6,일산,2,"39,59"
260,10:00,7,7,판교,7,"3,20,24,33,40,55,57"
260,10:00,8,8,동탄/용인,1,41
260,10:00,9,9,평택,1,50
261,10:01,1,1,서울역,7,"2,4,7,10,25,26,51"
261,10:01,2,2,수서,3,"13,17,58"
261,10:01,3,3,삼성,5,"0,6,11,19,49"
261,10:01,4,4,여의도,16,"5,8,12,14,15,18,29,32,34,35,37,38,42,44,53,56"
261,10:01,5,5,김포공항,2,"36,52"
261,10:01,6,6,일산,2,"39,59"
261,10:01,7,7,판교,7,"3,20,24,33,40,55,57"
261,10:01,9,9,평택,1,50
262,10:02,1,1,서울역,8,"2,4,7,10,22,25,26,51"
262,10:02,2,2,수서,3,"13,17,58"
262,10:02,3,3,삼성,3,"11,19,49"
262,10:02,4,4,여의도,14,"8,12,14,15,18,29,32,34,35,37,38,42,44,53"
262,10:02,5,5,김포공항,1,36
262,10:02,6,6,일산,2,"39,59"
262,10:02,7,7,판교,7,"3,20,24,33,40,55,57"
262,10:02,9,9,평택,1,50
263,10:03,1,1,서울역,7,"2,7,10,22,25,26,51"
263,10:03,2,2,수서,3,"13,17,58"
263,10:03,3,3,삼성,3,"11,19,49"
263,10:03,4,4,여의도,13,"8,12,14,15,18,29,34,35,37,38,42,44,53"
263,10:03,5,5,김포공항,1,36
263,10:03,6,6,일산,1,39
263,10:03,7,7,판교,7,"3,20,24,33,40,55,57"
263,10:03,9,9,평택,1,50
264,10:04,1,1,서울역,6,"2,10,22,25,26,51"
264,10:04,2,2,수서,4,"13,17,43,58"
264,10:04,3,3,삼성,3,"11,19,49"
264,10:04,4,4,여의도,12,"8,14,15,18,29,34,35,37,38,42,44,53"
264,10:04,5,5,김포공항,1,36
264,10:04,6,6,일산,1,39
264,10:04,7,7,판교,7,"3,20,24,33,40,55,57"
264,10:04,9,9,평택,1,50
265,10:05,1,1,서울역,5,"2,10,25,26,51"
265,10:05,2,2,수서,4,"0,13,27,43"
265,10:05,3,3,삼성,2,"11,19"
265,10:05,4,4,여의도,13,"8,14,16,18,29,34,35,37,38,42,44,46,53"
265,10:05,5,5,김포공항,1,36
265,10:05,6,6,일산,1,39
265,10:05,7,7,판교,6,"3,24,33,40,55,57"
265,10:05,9,9,평택,1,50
266,10:06,1,1,서울역,4,"2,25,26,51"
266,10:06,2,2,수서,6,"0,1,27,28,43,48"
266,10:06,3,3,삼성,3,"11,19,54"
266,10:06,4,4,여의도,15,"8,9,14,16,18,29,34,35,37,38,42,44,46,47,53"
266,10:06,5,5,김포공항,1,36
266,10:06,6,6,일산,1,39
266,10:06,7,7,판교,5,"3,24,33,40,55"
266,10:06,9,9,평택,1,50
267,10:07,1,1,서울역,5,"2,23,25,26,51"
267,10:07,10,10,인천공항,1,21
267,10:07,2,2,수서,6,"0,1,27,28,43,48"
267,10:07,3,3,삼성,4,"11,19,31,54"
267,10:07,4,4,여의도,15,"8,9,14,16,18,29,35,37,38,42,44,45,46,47,53"
267,10:07,5,5,김포공항,1,36
267,10:07,6,6,일산,1,39
267,10:07,7,7,판교,4,"3,24,33,40"
267,10:07,9,9,평택,1,50
268,10:08,1,1,서울역,5,"2,23,25,26,51"
268,10:08,10,10,인천공항,1,21
268,10:08,2,2,수서,5,"1,27,28,43,48"
268,10:08,3,3,삼성,4,"11,19,31,54"
268,10:08,4,4,여의도,14,"8,9,14,16,18,29,35,37,42,44,45,46,47,53"
268,10:08,5,5,김포공항,2,"5,36"
268,10:08,6,6,일산,1,39
268,10:08,7,7,판교,3,"3,33,40"
268,10:08,9,9,평택,1,50
269,10:09,1,1,서울역,3,"23,25,26"
269,10:09,10,10,인천공항,1,21
269,10:09,2,2,수서,4,"1,27,43,48"
269,10:09,3,3,삼성,4,"11,19,31,56"
269,10:09,4,4,여의도,15,"6,8,9,14,16,18,29,35,37,42,44,45,46,47,53"
269,10:09,5,5,김포공항,2,"5,36"
269,10:09,6,6,일산,1,39
269,10:09,7,7,판교,3,"3,33,40"
269,10:09,9,9,평택,1,50
270,10:10,1,1,서울역,2,"25,26"
270,10:10,10,10,인천공항,1,21
270,10:10,2,2,수서,5,"1,12,27,43,48"
270,10:10,3,3,삼성,4,"11,19,32,56"
270,10:10,4,4,여의도,15,"6,8,9,14,16,18,29,35,37,42,44,45,46,47,53"
270,10:10,5,5,김포공항,2,"5,36"
270,10:10,6,6,일산,1,39
270,10:10,7,7,판교,5,"3,4,30,33,40"
270,10:10,9,9,평택,1,50
271,10:11,1,1,서울역,2,"26,49"
271,10:11,10,10,인천공항,1,21
271,10:11,2,2,수서,5,"1,12,27,43,48"
271,10:11,3,3,삼성,5,"11,19,22,32,56"
271,10:11,4,4,여의도,14,"6,8,9,14,29,35,37,42,44,45,46,47,53,58"
271,10:11,5,5,김포공항,1,36
271,10:11,6,6,일산,2,"7,39"
271,10:11,7,7,판교,4,"3,4,30,40"
271,10:11,9,9,평택,1,50
272,10:12,1,1,서울역,4,"17,20,26,49"
272,10:12,10,10,인천공항,1,21
272,10:12,2,2,수서,4,"12,27,43,48"
272,10:12,3,3,삼성,5,"11,15,19,22,32"
272,10:12,4,4,여의도,16,"6,8,9,13,14,29,35,37,41,42,44,45,46,47,53,58"
272,10:12,5,5,김포공항,1,36
272,10:12,6,6,일산,2,"7,39"
272,10:12,7,7,판교,5,"3,4,30,40,52"
272,10:12,9,9,평택,1,50
273,10:13,1,1,서울역,3,"17,20,49"
273,10:13,10,10,인천공항,1,21
273,10:13,2,2,수서,4,"27,34,43,48"
273,10:13,3,3,삼성,6,"11,15,19,22,32,59"
273,10:13,4,4,여의도,15,"6,8,9,13,14,29,37,41,42,44,45,46,47,53,58"
273,10:13,5,5,김포공항,1,36
273,10:13,6,6,일산,3,"7,10,39"
273,10:13,7,7,판교,5,"3,4,30,40,52"
273,10:13,9,9,평택,1,50
274,10:14,1,1,서울역,3,"17,20,49"
274,10:14,10,10,인천공항,1,21
274,10:14,2,2,수서,3,"27,34,48"
274,10:14,3,3,삼성,5,"15,19,22,32,59"
274,10:14,4,4,여의도,15,"6,8,9,13,14,29,37,41,42,44,45,46,47,53,58"
274,10:14,5,5,김포공항,1,36
274,10:14,6,6,일산,1,10
274,10:14,7,7,판교,5,"3,4,30,40,52"
274,10:14,8,8,동탄/용인,1,55
275,10:15,1,1,서울역,5,"0,17,20,24,49"
275,10:15,10,10,인천공항,1,21
275,10:15,2,2,수서,3,"27,34,48"
275,10:15,3,3,삼성,4,"22,32,38,59"
275,10:15,4,4,여의도,14,"6,9,13,14,29,37,41,42,44,45,46,47,53,58"
275,10:15,5,5,김포공항,1,36
275,10:15,6,6,일산,1,10
275,10:15,7,7,판교,5,"3,4,30,40,52"
275,10:15,8,8,동탄/용인,1,55
276,10:16,1,1,서울역,5,"0,17,20,24,49"
276,10:16,10,10,인천공항,1,21
276,10:16,2,2,수서,3,"27,34,48"
276,10:16,3,3,삼성,3,"22,23,38"
276,10:16,4,4,여의도,12,"6,9,13,14,29,37,41,44,45,47,53,58"
276,10:16,5,5,김포공항,1,36
276,10:16,7,7,판교,4,"2,3,40,52"
276,10:16,8,8,동탄/용인,1,55
277,10:17,1,1,서울역,5,"0,17,20,24,49"
277,10:17,10,10,인천공항,1,21
277,10:17,2,2,수서,3,"27,34,48"
277,10:17,3,3,삼성,3,"23,25,38"
277,10:17,4,4,여의도,12,"6,9,13,14,29,37,41,44,45,47,53,58"
277,10:17,5,5,김포공항,3,"18,28,51"
277,10:17,7,7,판교,3,"2,3,52"
277,10:17,8,8,동탄/용인,1,55
278,10:18,1,1,서울역,5,"0,17,20,24,49"
278,10:18,10,10,인천공항,1,21
278,10:18,2,2,수서,3,"27,34,48"
278,10:18,3,3,삼성,4,"16,23,25,38"
278,10:18,4,4,여의도,11,"9,13,14,29,33,37,44,45,47,53,58"
278,10:18,5,5,김포공항,4,"18,28,31,51"
278,10:18,6,6,일산,1,57
278,10:18,7,7,판교,3,"2,3,52"
278,10:18,8,8,동탄/용인,1,55
279,10:19,1,1,서울역,5,"0,17,20,24,49"
279,10:19,10,10,인천공항,1,21
279,10:19,2,2,수서,5,"5,27,34,35,48"
279,10:19,3,3,삼성,4,"16,23,25,38"
279,10:19,4,4,여의도,10,"13,14,29,33,37,44,45,47,53,58"
279,10:19,5,5,김포공항,4,"18,28,31,51"
279,10:19,6,6,일산,2,"54,57"
279,10:19,7,7,판교,3,"2,3,52"
279,10:19,8,8,동탄/용인,1,55
280,10:20,1,1,서울역,3,"11,20,49"
280,10:20,10,10,인천공항,1,21
280,10:20,2,2,수서,3,"5,27,35"
280,10:20,3,3,삼성,3,"16,23,38"
280,10:20,4,4,여의도,5,"33,37,44,53,58"
280,10:20,5,5,김포공항,6,"1,18,28,31,51,56"
280,10:20,6,6,일산,2,"54,57"
280,10:20,7,7,판교,3,"2,3,52"
280,10:20,8,8,동탄/용인,1,55
281,10:21,1,1,서울역,6,"7,11,19,20,43,49"
281,10:21,10,10,인천공항,1,21
281,10:21,2,2,수서,4,"5,8,27,35"
281,10:21,3,3,삼성,2,"16,23"
281,10:21,4,4,여의도,5,"33,37,44,53,58"
281,10:21,5,5,김포공항,7,"1,12,18,28,31,51,56"
281,10:21,6,6,일산,2,"54,57"
281,10:21,7,7,판교,2,"2,3"
281,10:21,8,8,동탄/용인,1,55
282,10:22,1,1,서울역,7,"7,11,19,20,32,43,49"
282,10:22,10,10,인천공항,1,21
282,10:22,2,2,수서,4,"5,8,27,35"
282,10:22,3,3,삼성,2,"16,23"
282,10:22,4,4,여의도,4,"33,37,53,58"
282,10:22,5,5,김포공항,7,"1,12,18,28,31,51,56"
282,10:22,6,6,일산,2,"54,57"
282,10:22,7,7,판교,2,"2,3"
283,10:23,1,1,서울역,8,"4,7,10,19,20,32,43,49"
283,10:23,2,2,수서,3,"5,8,35"
283,10:23,3,3,삼성,4,"16,34,42,48"
283,10:23,4,4,여의도,5,"30,33,37,53,58"
283,10:23,5,5,김포공항,6,"1,12,15,18,31,56"
283,10:23,6,6,일산,2,"54,57"
283,10:23,7,7,판교,2,"2,46"
284,10:24,1,1,서울역,7,"4,10,19,20,32,43,49"
284,10:24,2,2,수서,3,"5,8,35"
284,10:24,3,3,삼성,5,"16,34,39,42,48"
284,10:24,4,4,여의도,7,"17,22,30,37,40,53,58"
284,10:24,5,5,김포공항,5,"1,12,15,31,56"
284,10:24,6,6,일산,2,"54,57"
284,10:24,7,7,판교,2,"2,46"
285,10:25,1,1,서울역,8,"4,10,19,20,32,36,43,49"
285,10:25,2,2,수서,2,"8,9"
285,10:25,3,3,삼성,5,"34,39,41,42,48"
285,10:25,4,4,여의도,7,"17,22,30,37,40,53,58"
285,10:25,5,5,김포공항,5,"1,12,15,31,56"
285,10:25,6,6,일산,1,54
285,10:25,7,7,판교,3,"2,6,46"
286,10:26,1,1,서울역,6,"4,19,32,36,43,49"
286,10:26,10,10,인천공항,1,26
286,10:26,2,2,수서,3,"8,9,29"
286,10:26,3,3,삼성,5,"0,24,39,41,42"
286,10:26,4,4,여의도,7,"17,22,30,37,40,53,58"
286,10:26,5,5,김포공항,6,"1,12,14,15,31,56"
286,10:26,6,6,일산,2,"54,59"
286,10:26,7,7,판교,3,"2,6,46"
287,10:27,1,1,서울역,7,"4,19,32,36,38,43,49"
287,10:27,10,10,인천공항,1,26
287,10:27,2,2,수서,3,"8,9,29"
287,10:27,3,3,삼성,5,"0,24,41,42,45"
287,10:27,4,4,여의도,5,"11,22,25,37,40"
287,10:27,5,5,김포공항,5,"1,14,15,31,56"
287,10:27,6,6,일산,2,"54,59"
287,10:27,7,7,판교,5,"2,6,13,46,47"
288,10:28,1,1,서울역,6,"4,32,36,38,43,49"
288,10:28,10,10,인천공항,1,26
288,10:28,2,2,수서,4,"8,9,29,50"
288,10:28,3,3,삼성,5,"0,24,41,42,45"
288,10:28,4,4,여의도,5,"11,22,25,40,52"
288,10:28,5,5,김포공항,5,"1,14,15,31,56"
288,10:28,6,6,일산,2,"54,59"
288,10:28,7,7,판교,5,"2,6,13,46,47"
289,10:29,1,1,서울역,6,"4,32,36,38,43,49"
289,10:29,10,10,인천공항,1,26
289,10:29,2,2,수서,3,"8,9,50"
289,10:29,3,3,삼성,4,"41,42,44,45"
289,10:29,4,4,여의도,6,"11,22,25,27,40,52"
289,10:29,5,5,김포공항,2,"31,56"
289,10:29,6,6,일산,2,"54,59"
289,10:29,7,7,판교,4,"6,13,46,47"
290,10:30,1,1,서울역,5,"4,32,36,38,43"
290,10:30,10,10,인천공항,1,26
290,10:30,2,2,수서,2,"9,50"
290,10:30,3,3,삼성,5,"7,41,42,44,45"
290,10:30,4,4,여의도,8,"10,20,22,23,25,27,40,52"
290,10:30,5,5,김포공항,3,"31,33,56"
290,10:30,6,6,일산,2,"54,59"
290,10:30,7,7,판교,3,"6,46,47"
291,10:31,1,1,서울역,7,"4,28,32,36,38,43,51"
291,10:31,10,10,인천공항,1,26
291,10:31,2,2,수서,2,"9,50"
291,10:31,3,3,삼성,5,"7,41,42,44,45"
291,10:31,4,4,여의도,9,"10,20,22,23,25,27,35,40,52"
291,10:31,5,5,김포공항,3,"31,33,56"
291,10:31,6,6,일산,2,"54,59"
291,10:31,7,7,판교,3,"6,46,47"
292,10:32,1,1,서울역,9,"4,28,32,36,38,43,48,51,57"
292,10:32,10,10,인천공항,1,26
292,10:32,2,2,수서,2,"9,50"
292,10:32,3,3,삼성,6,"7,18,41,42,44,45"
292,10:32,4,4,여의도,10,"10,19,20,22,23,25,27,35,40,52"
292,10:32,5,5,김포공항,3,"31,33,56"
292,10:32,6,6,일산,2,"54,59"
292,10:32,7,7,판교,3,"6,46,47"
293,10:33,1,1,서울역,9,"4,28,32,36,38,43,48,51,57"
293,10:33,10,10,인천공항,1,26
293,10:33,2,2,수서,4,"9,17,50,53"
293,10:33,3,3,삼성,5,"18,41,42,44,45"
293,10:33,4,4,여의도,8,"19,22,23,27,34,35,40,52"
293,10:33,5,5,김포공항,5,"3,5,16,31,56"
293,10:33,6,6,일산,1,59
293,10:33,7,7,판교,3,"6,46,47"
294,10:34,1,1,서울역,10,"4,28,32,36,38,43,48,51,55,57"
294,10:34,10,10,인천공항,1,26
294,10:34,2,2,수서,4,"9,17,50,53"
294,10:34,3,3,삼성,5,"18,30,42,44,45"
294,10:34,4,4,여의도,8,"19,22,23,27,34,35,40,52"
294,10:34,5,5,김포공항,5,"3,5,16,31,56"
294,10:34,6,6,일산,1,59
294,10:34,7,7,판교,4,"6,46,47,58"
295,10:35,1,1,서울역,11,"0,4,28,32,36,38,43,48,51,55,57"
295,10:35,10,10,인천공항,1,26
295,10:35,2,2,수서,4,"9,17,50,53"
295,10:35,3,3,삼성,6,"12,18,30,42,44,45"
295,10:35,4,4,여의도,6,"22,23,34,35,40,52"
295,10:35,5,5,김포공항,5,"3,5,16,31,56"
295,10:35,6,6,일산,1,59
295,10:35,7,7,판교,4,"6,46,47,58"
296,10:36,1,1,서울역,12,"0,4,21,28,32,36,38,43,48,51,55,57"
296,10:36,10,10,인천공항,1,26
296,10:36,2,2,수서,5,"9,11,17,50,53"
296,10:36,3,3,삼성,6,"12,18,30,42,44,45"
296,10:36,4,4,여의도,8,"2,22,23,24,34,35,40,52"
296,10:36,5,5,김포공항,5,"3,5,16,31,56"
296,10:36,6,6,일산,1,59
296,10:36,7,7,판교,4,"6,46,47,58"
297,10:37,1,1,서울역,15,"0,4,8,13,15,21,28,32,36,38,43,48,51,55,57"
297,10:37,10,10,인천공항,1,26
297,10:37,2,2,수서,6,"9,11,14,17,50,53"
297,10:37,3,3,삼성,5,"1,12,18,42,44"
297,10:37,4,4,여의도,7,"2,22,23,24,34,40,52"
297,10:37,5,5,김포공항,6,"3,5,16,29,31,56"
297,10:37,6,6,일산,2,"39,59"
297,10:37,7,7,판교,4,"6,46,47,58"
298,10:38,1,1,서울역,15,"0,4,8,13,15,21,28,32,36,38,43,48,51,55,57"
298,10:38,10,10,인천공항,1,26
298,10:38,2,2,수서,6,"9,11,14,17,50,53"
298,10:38,3,3,삼성,5,"1,12,18,42,44"
298,10:38,4,4,여의도,7,"2,22,23,24,34,40,52"
298,10:38,5,5,김포공항,5,"3,5,16,29,56"
298,10:38,6,6,일산,2,"39,59"
298,10:38,7,7,판교,4,"6,46,47,58"
299,10:39,1,1,서울역,15,"0,4,8,13,15,21,28,32,36,38,43,48,51,55,57"
299,10:39,10,10,인천공항,1,26
299,10:39,2,2,수서,4,"11,14,17,53"
299,10:39,3,3,삼성,5,"1,12,18,42,44"
299,10:39,4,4,여의도,6,"2,22,23,24,40,52"
299,10:39,5,5,김포공항,5,"3,5,16,29,56"
299,10:39,6,6,일산,2,"39,59"
299,10:39,7,7,판교,3,"6,46,58"
300,10:40,1,1,서울역,10,"4,15,21,28,32,36,38,48,55,57"
300,10:40,10,10,인천공항,1,26
300,10:40,2,2,수서,4,"11,14,17,53"
300,10:40,3,3,삼성,5,"1,10,18,42,44"
300,10:40,4,4,여의도,5,"2,22,23,24,52"
300,10:40,5,5,김포공항,4,"3,16,29,56"
300,10:40,6,6,일산,2,"39,59"
300,10:40,7,7,판교,4,"20,25,46,58"
301,10:41,1,1,서울역,9,"4,15,21,28,32,36,38,48,57"
301,10:41,10,10,인천공항,1,26
301,10:41,2,2,수서,5,"11,14,17,27,53"
301,10:41,3,3,삼성,5,"1,10,18,33,42"
301,10:41,4,4,여의도,5,"2,22,23,24,52"
301,10:41,5,5,김포공항,5,"3,7,16,29,56"
301,10:41,6,6,일산,2,"39,59"
301,10:41,7,7,판교,4,"20,25,46,58"
302,10:42,1,1,서울역,7,"4,15,21,32,36,38,48"
302,10:42,10,10,인천공항,1,26
302,10:42,2,2,수서,4,"11,14,27,53"
302,10:42,3,3,삼성,6,"1,10,18,19,33,42"
302,10:42,4,4,여의도,3,"23,24,52"
302,10:42,5,5,김포공항,5,"7,16,29,41,56"
302,10:42,6,6,일산,2,"39,59"
302,10:42,7,7,판교,4,"20,25,46,58"
303,10:43,1,1,서울역,5,"4,21,38,45,48"
303,10:43,10,10,인천공항,2,"26,49"
303,10:43,2,2,수서,5,"11,14,27,35,53"
303,10:43,3,3,삼성,6,"1,10,18,19,33,42"
303,10:43,4,4,여의도,3,"23,24,52"
303,10:43,5,5,김포공항,4,"7,29,41,56"
303,10:43,6,6,일산,1,59
303,10:43,7,7,판교,4,"20,25,46,58"
303,10:43,9,9,평택,1,37
304,10:44,1,1,서울역,4,"4,21,45,48"
304,10:44,10,10,인천공항,2,"26,49"
304,10:44,2,2,수서,5,"11,14,27,35,53"
304,10:44,3,3,삼성,6,"1,10,18,19,33,42"
304,10:44,4,4,여의도,5,"8,13,23,24,52"
304,10:44,5,5,김포공항,4,"7,29,41,56"
304,10:44,6,6,일산,1,59
304,10:44,7,7,판교,4,"20,25,46,58"
304,10:44,9,9,평택,1,37
305,10:45,1,1,서울역,3,"21,45,48"
305,10:45,10,10,인천공항,2,"26,49"
305,10:45,2,2,수서,6,"11,14,27,34,35,53"
305,10:45,3,3,삼성,6,"1,10,18,19,33,42"
305,10:45,4,4,여의도,6,"8,9,13,23,24,52"
305,10:45,5,5,김포공항,5,"7,29,30,41,56"
305,10:45,6,6,일산,1,59
305,10:45,7,7,판교,4,"20,25,54,58"
305,10:45,9,9,평택,1,37
306,10:46,1,1,서울역,5,"21,31,45,48,50"
306,10:46,10,10,인천공항,1,49
306,10:46,2,2,수서,6,"11,14,27,34,35,53"
306,10:46,3,3,삼성,6,"1,10,18,19,33,42"
306,10:46,4,4,여의도,8,"8,9,13,23,24,28,47,52"
306,10:46,5,5,김포공항,5,"7,29,30,41,56"
306,10:46,6,6,일산,1,59
306,10:46,7,7,판교,3,"20,54,58"
306,10:46,9,9,평택,1,37
307,10:47,1,1,서울역,6,"6,21,31,45,48,50"
307,10:47,10,10,인천공항,1,49
307,10:47,2,2,수서,5,"14,27,34,35,53"
307,10:47,3,3,삼성,6,"1,10,18,19,42,55"
307,10:47,4,4,여의도,7,"9,23,28,32,36,47,52"
307,10:47,5,5,김포공항,4,"29,30,41,56"
307,10:47,6,6,일산,2,"0,59"
307,10:47,7,7,판교,2,"20,54"
307,10:47,9,9,평택,1,37
308,10:48,1,1,서울역,5,"6,31,45,48,50"
308,10:48,10,10,인천공항,1,49
308,10:48,2,2,수서,5,"2,14,27,35,53"
308,10:48,3,3,삼성,7,"1,10,18,19,42,55,57"
308,10:48,4,4,여의도,8,"9,23,28,32,36,38,47,52"
308,10:48,5,5,김포공항,5,"29,30,41,43,56"
308,10:48,6,6,일산,2,"0,59"
308,10:48,7,7,판교,2,"20,54"
308,10:48,9,9,평택,1,37
309,10:49,1,1,서울역,5,"6,31,45,48,50"
309,10:49,10,10,인천공항,1,49
309,10:49,2,2,수서,4,"2,14,27,53"
309,10:49,3,3,삼성,7,"1,18,19,22,42,55,57"
309,10:49,4,4,여의도,8,"9,23,28,32,36,38,47,52"
309,10:49,5,5,김포공항,5,"29,30,41,43,44"
309,10:49,6,6,일산,2,"0,59"
309,10:49,7,7,판교,2,"20,54"
309,10:49,9,9,평택,1,37
310,10:50,1,1,서울역,4,"6,31,45,50"
310,10:50,10,10,인천공항,1,49
310,10:50,2,2,수서,5,"2,3,14,27,53"
310,10:50,3,3,삼성,6,"1,18,19,22,42,57"
310,10:50,4,4,여의도,6,"9,28,32,38,47,52"
310,10:50,5,5,김포공항,5,"17,30,41,43,44"
310,10:50,6,6,일산,2,"12,59"
310,10:50,7,7,판교,3,"5,20,54"
310,10:50,9,9,평택,1,37
311,10:51,1,1,서울역,5,"6,16,31,45,50"
311,10:51,10,10,인천공항,1,49
311,10:51,2,2,수서,4,"2,3,27,53"
311,10:51,3,3,삼성,6,"1,18,19,22,42,57"
311,10:51,4,4,여의도,6,"9,28,32,38,47,52"
311,10:51,5,5,김포공항,2,"17,44"
311,10:51,6,6,일산,2,"12,59"
311,10:51,7,7,판교,3,"5,20,54"
311,10:51,9,9,평택,1,37
312,10:52,1,1,서울역,6,"6,16,31,45,46,50"
312,10:52,10,10,인천공항,1,49
312,10:52,2,2,수서,4,"2,3,27,53"
312,10:52,3,3,삼성,6,"1,18,19,22,42,57"
312,10:52,4,4,여의도,5,"9,32,38,47,52"
312,10:52,5,5,김포공항,2,"17,44"
312,10:52,6,6,일산,2,"12,59"
312,10:52,7,7,판교,4,"4,5,20,54"
312,10:52,9,9,평택,1,37
313,10:53,1,1,서울역,7,"6,16,25,31,45,46,50"
313,10:53,10,10,인천공항,2,"49,51"
313,10:53,2,2,수서,4,"2,3,24,53"
313,10:53,3,3,삼성,6,"1,18,19,22,42,57"
313,10:53,4,4,여의도,5,"9,11,38,47,52"
313,10:53,5,5,김포공항,2,"17,44"
313,10:53,6,6,일산,1,59
313,10:53,7,7,판교,4,"4,5,20,54"
313,10:53,9,9,평택,1,37
314,10:54,1,1,서울역,8,"6,16,25,31,45,46,50,58"
314,10:54,10,10,인천공항,2,"49,51"
314,10:54,2,2,수서,4,"2,3,24,53"
314,10:54,3,3,삼성,7,"1,13,18,19,21,22,42"
314,10:54,4,4,여의도,6,"9,11,33,38,47,52"
314,10:54,5,5,김포공항,2,"17,44"
314,10:54,6,6,일산,1,59
314,10:54,7,7,판교,3,"4,5,8"
314,10:54,9,9,평택,1,37
315,10:55,1,1,서울역,9,"6,7,16,25,31,45,46,50,58"
315,10:55,10,10,인천공항,2,"49,51"
315,10:55,2,2,수서,4,"2,3,24,53"
315,10:55,3,3,삼성,6,"1,13,19,21,22,42"
315,10:55,4,4,여의도,5,"9,11,33,47,52"
315,10:55,5,5,김포공항,2,"17,44"
315,10:55,6,6,일산,1,59
315,10:55,7,7,판교,4,"4,5,8,39"
315,10:55,9,9,평택,2,"37,40"
316,10:56,1,1,서울역,9,"6,7,16,25,31,45,46,50,58"
316,10:56,10,10,인천공항,2,"49,51"
316,10:56,2,2,수서,3,"2,3,24"
316,10:56,3,3,삼성,6,"1,13,19,21,22,42"
316,10:56,4,4,여의도,5,"9,11,33,47,52"
316,10:56,5,5,김포공항,2,"17,44"
316,10:56,6,6,일산,1,59
316,10:56,7,7,판교,4,"4,5,8,39"
316,10:56,9,9,평택,2,"37,40"
317,10:57,1,1,서울역,9,"0,6,7,16,25,31,46,50,58"
317,10:57,10,10,인천공항,2,"49,51"
317,10:57,2,2,수서,3,"2,3,24"
317,10:57,3,3,삼성,6,"13,19,22,36,42,56"
317,10:57,4,4,여의도,5,"11,14,33,47,52"
317,10:57,5,5,김포공항,4,"10,17,35,44"
317,10:57,6,6,일산,1,59
317,10:57,7,7,판교,5,"4,5,8,23,39"
317,10:57,9,9,평택,2,"37,40"
318,10:58,1,1,서울역,10,"0,6,7,16,25,29,31,46,50,58"
318,10:58,10,10,인천공항,2,"49,51"
318,10:58,2,2,수서,4,"2,3,24,28"
318,10:58,3,3,삼성,6,"13,19,22,36,42,56"
318,10:58,4,4,여의도,5,"11,14,33,47,52"
318,10:58,5,5,김포공항,5,"10,17,35,48,55"
318,10:58,6,6,일산,1,59
318,10:58,7,7,판교,5,"4,5,8,23,39"
318,10:58,9,9,평택,2,"37,40"
319,10:59,1,1,서울역,10,"0,6,7,16,25,29,31,46,50,58"
319,10:59,10,10,인천공항,1,49
319,10:59,2,2,수서,6,"2,3,24,28,32,43"
319,10:59,3,3,삼성,8,"13,19,22,30,36,41,42,56"
319,10:59,4,4,여의도,4,"14,33,47,52"
319,10:59,5,5,김포공항,5,"10,17,35,48,55"
319,10:59,6,6,일산,2,"34,59"
319,10:59,7,7,판교,5,"4,5,8,23,39"
319,10:59,9,9,평택,3,"15,37,40"
320,11:00,1,1,서울역,7,"0,6,27,29,31,46,58"
320,11:00,10,10,인천공항,1,49
320,11:00,2,2,수서,6,"2,3,24,28,32,43"
320,11:00,3,3,삼성,6,"19,30,36,41,42,56"
320,11:00,4,4,여의도,2,"14,47"
320,11:00,5,5,김포공항,4,"10,35,48,55"
320,11:00,6,6,일산,2,"34,59"
320,11:00,7,7,판교,4,"4,5,23,39"
320,11:00,9,9,평택,3,"15,37,40"
321,11:01,1,1,서울역,8,"0,6,18,27,29,31,46,58"
321,11:01,10,10,인천공항,1,49
321,11:01,2,2,수서,6,"2,3,24,28,32,43"
321,11:01,3,3,삼성,7,"19,26,30,36,41,42,56"
321,11:01,4,4,여의도,2,"14,54"
321,11:01,5,5,김포공항,3,"10,35,55"
321,11:01,6,6,일산,2,"34,59"
321,11:01,7,7,판교,4,"4,5,23,39"
321,11:01,9,9,평택,2,"15,37"
322,11:02,1,1,서울역,8,"0,6,18,27,29,31,46,58"
322,11:02,10,10,인천공항,1,49
322,11:02,2,2,수서,6,"2,3,24,28,32,43"
322,11:02,3,3,삼성,7,"19,26,30,36,41,42,56"
322,11:02,4,4,여의도,2,"14,54"
322,11:02,5,5,김포공항,4,"10,35,55,57"
322,11:02,6,6,일산,1,59
322,11:02,7,7,판교,5,"4,5,23,38,39"
322,11:02,9,9,평택,2,"15,37"
323,11:03,1,1,서울역,7,"0,1,6,18,27,29,58"
323,11:03,10,10,인천공항,1,49
323,11:03,2,2,수서,6,"2,3,24,28,32,43"
323,11:03,3,3,삼성,7,"19,26,30,36,41,42,56"
323,11:03,4,4,여의도,2,"14,54"
323,11:03,5,5,김포공항,3,"10,55,57"
323,11:03,6,6,일산,1,59
323,11:03,7,7,판교,4,"4,5,23,38"
323,11:03,9,9,평택,2,"15,37"
324,11:04,1,1,서울역,7,"0,1,6,18,27,29,58"
324,11:04,10,10,인천공항,1,49
324,11:04,2,2,수서,7,"2,3,12,24,28,32,43"
324,11:04,3,3,삼성,6,"19,26,30,36,41,42"
324,11:04,4,4,여의도,3,"14,25,54"
324,11:04,5,5,김포공항,5,"10,20,53,55,57"
324,11:04,6,6,일산,1,59
324,11:04,7,7,판교,5,"4,5,9,23,38"
324,11:04,9,9,평택,2,"15,37"
325,11:05,1,1,서울역,7,"0,1,6,18,27,29,58"
325,11:05,10,10,인천공항,1,49
325,11:05,2,2,수서,6,"11,12,24,28,32,43"
325,11:05,3,3,삼성,4,"26,30,36,42"
325,11:05,4,4,여의도,3,"14,25,54"
325,11:05,5,5,김포공항,5,"10,20,53,55,57"
325,11:05,6,6,일산,1,59
325,11:05,7,7,판교,4,"4,9,23,38"
325,11:05,9,9,평택,2,"15,37"
326,11:06,1,1,서울역,3,"1,6,29"
326,11:06,10,10,인천공항,1,49
326,11:06,2,2,수서,6,"11,12,24,28,32,43"
326,11:06,3,3,삼성,2,"26,44"
326,11:06,4,4,여의도,2,"25,54"
326,11:06,5,5,김포공항,5,"20,52,53,55,57"
326,11:06,6,6,일산,1,59
326,11:06,7,7,판교,4,"4,9,23,38"
326,11:06,9,9,평택,2,"15,37"
327,11:07,1,1,서울역,3,"1,6,29"
327,11:07,10,10,인천공항,1,49
327,11:07,2,2,수서,7,"11,12,24,28,32,43,47"
327,11:07,3,3,삼성,3,"26,33,44"
327,11:07,4,4,여의도,3,"8,22,54"
327,11:07,5,5,김포공항,5,"20,52,53,55,57"
327,11:07,6,6,일산,2,"7,21"
327,11:07,7,7,판교,6,"4,9,16,23,38,50"
327,11:07,9,9,평택,2,"15,37"
328,11:08,1,1,서울역,4,"1,6,17,29"
328,11:08,10,10,인천공항,1,49
328,11:08,2,2,수서,7,"11,12,24,28,32,43,47"
328,11:08,3,3,삼성,3,"26,33,44"
328,11:08,4,4,여의도,3,"8,22,54"
328,11:08,5,5,김포공항,5,"13,20,52,53,57"
328,11:08,6,6,일산,2,"7,21"
328,11:08,7,7,판교,6,"4,9,16,23,38,50"
328,11:08,9,9,평택,2,"15,37"
329,11:09,1,1,서울역,4,"1,6,17,29"
329,11:09,10,10,인천공항,1,49
329,11:09,2,2,수서,7,"11,12,24,28,32,43,47"
329,11:09,3,3,삼성,3,"26,33,44"
329,11:09,4,4,여의도,3,"8,22,54"
329,11:09,5,5,김포공항,4,"13,20,53,57"
329,11:09,6,6,일산,2,"7,21"
329,11:09,7,7,판교,6,"4,9,16,23,38,50"
329,11:09,9,9,평택,2,"15,37"
330,11:10,1,1,서울역,4,"1,6,17,29"
330,11:10,10,10,인천공항,2,"45,49"
330,11:10,2,2,수서,7,"11,12,24,28,32,43,47"
330,11:10,3,3,삼성,3,"26,33,44"
330,11:10,4,4,여의도,6,"8,18,22,27,39,54"
330,11:10,5,5,김포공항,3,"13,53,57"
330,11:10,6,6,일산,1,21
330,11:10,7,7,판교,3,"4,23,38"
330,11:10,9,9,평택,1,37
331,11:11,1,1,서울역,6,"1,6,17,19,29,41"
331,11:11,10,10,인천공항,2,"45,49"
331,11:11,2,2,수서,8,"11,12,24,28,32,35,43,47"
331,11:11,3,3,삼성,3,"26,33,44"
331,11:11,4,4,여의도,8,"8,18,22,27,39,51,54,56"
331,11:11,5,5,김포공항,3,"13,53,57"
331,11:11,6,6,일산,1,21
331,11:11,7,7,판교,3,"4,23,48"
331,11:11,9,9,평택,1,37
332,11:12,1,1,서울역,6,"1,6,17,19,29,41"
332,11:12,10,10,인천공항,1,45
332,11:12,2,2,수서,9,"11,12,14,24,28,32,35,43,47"
332,11:12,3,3,삼성,4,"0,26,33,44"
332,11:12,4,4,여의도,9,"5,8,18,22,27,39,51,54,56"
332,11:12,5,5,김포공항,3,"13,53,57"
332,11:12,6,6,일산,1,21
332,11:12,7,7,판교,3,"4,23,48"
332,11:12,9,9,평택,1,37
333,11:13,1,1,서울역,6,"1,6,17,19,29,41"
333,11:13,10,10,인천공항,1,45
333,11:13,2,2,수서,9,"11,12,14,24,28,32,34,35,43"
333,11:13,3,3,삼성,3,"0,26,44"
333,11:13,4,4,여의도,7,"5,8,22,39,42,51,56"
333,11:13,5,5,김포공항,5,"2,3,13,53,57"
333,11:13,6,6,일산,1,21
333,11:13,7,7,판교,3,"4,23,48"
333,11:13,9,9,평택,1,37
334,11:14,1,1,서울역,6,"1,6,17,29,41,59"
334,11:14,10,10,인천공항,1,45
334,11:14,2,2,수서,9,"11,12,14,24,28,32,34,35,43"
334,11:14,3,3,삼성,5,"0,10,25,26,44"
334,11:14,4,4,여의도,7,"5,8,22,39,42,51,56"
334,11:14,5,5,김포공항,5,"2,3,36,53,57"
334,11:14,6,6,일산,1,21
334,11:14,7,7,판교,2,"23,48"
334,11:14,9,9,평택,1,37
335,11:15,1,1,서울역,6,"1,6,17,29,41,59"
335,11:15,10,10,인천공항,1,45
335,11:15,2,2,수서,9,"11,12,14,24,28,32,34,35,43"
335,11:15,3,3,삼성,4,"10,25,26,44"
335,11:15,4,4,여의도,7,"5,8,22,39,42,51,56"
335,11:15,5,5,김포공항,5,"2,3,36,53,57"
335,11:15,6,6,일산,1,21
335,11:15,7,7,판교,2,"23,48"
335,11:15,9,9,평택,1,37
336,11:16,1,1,서울역,6,"1,6,17,29,41,59"
336,11:16,10,10,인천공항,3,"31,45,46"
336,11:16,2,2,수서,10,"11,12,14,24,28,32,34,35,43,55"
336,11:16,3,3,삼성,4,"10,25,26,44"
336,11:16,4,4,여의도,7,"5,8,22,40,42,51,56"
336,11:16,5,5,김포공항,5,"2,3,36,53,57"
336,11:16,6,6,일산,1,21
336,11:16,7,7,판교,2,"23,48"
336,11:16,9,9,평택,1,37
337,11:17,1,1,서울역,6,"1,6,7,17,29,41"
337,11:17,10,10,인천공항,3,"31,45,46"
337,11:17,2,2,수서,9,"11,12,14,24,28,32,34,43,55"
337,11:17,3,3,삼성,4,"10,25,26,44"
337,11:17,4,4,여의도,7,"5,8,9,22,40,42,50"
337,11:17,5,5,김포공항,5,"2,3,36,53,57"
337,11:17,6,6,일산,1,21
337,11:17,7,7,판교,1,23
337,11:17,9,9,평택,1,37
338,11:18,1,1,서울역,7,"1,6,7,17,29,38,41"
338,11:18,10,10,인천공항,3,"31,45,46"
338,11:18,2,2,수서,9,"11,12,14,24,28,32,34,43,55"
338,11:18,3,3,삼성,5,"10,20,25,26,44"
338,11:18,4,4,여의도,7,"8,9,19,22,40,42,50"
338,11:18,5,5,김포공항,5,"2,3,36,53,57"
338,11:18,6,6,일산,1,21
338,11:18,7,7,판교,1,23
338,11:18,9,9,평택,1,37
339,11:19,1,1,서울역,8,"1,6,7,17,29,33,38,41"
339,11:19,10,10,인천공항,3,"31,45,46"
339,11:19,2,2,수서,9,"11,12,14,24,28,32,43,54,55"
339,11:19,3,3,삼성,4,"10,20,25,44"
339,11:19,4,4,여의도,8,"8,9,19,22,40,42,47,50"
339,11:19,5,5,김포공항,5,"2,3,36,53,57"
339,11:19,6,6,일산,1,21
339,11:19,7,7,판교,2,"23,52"
339,11:19,9,9,평택,1,37
340,11:20,1,1,서울역,7,"1,6,7,29,33,38,41"
340,11:20,10,10,인천공항,2,"31,46"
340,11:20,2,2,수서,7,"11,12,14,32,43,54,55"
340,11:20,3,3,삼성,5,"10,18,20,25,44"
340,11:20,4,4,여의도,8,"8,9,19,22,40,42,47,50"
340,11:20,5,5,김포공항,4,"2,3,53,57"
340,11:20,6,6,일산,1,21
340,11:20,7,7,판교,3,"23,27,52"
340,11:20,9,9,평택,1,37
341,11:21,1,1,서울역,7,"1,6,7,29,33,38,41"
341,11:21,10,10,인천공항,3,"30,31,46"
341,11:21,2,2,수서,7,"11,12,14,32,43,54,55"
341,11:21,3,3,삼성,5,"10,18,20,25,44"
341,11:21,4,4,여의도,9,"4,8,9,19,22,40,42,47,50"
341,11:21,5,5,김포공항,4,"2,3,53,57"
341,11:21,6,6,일산,1,21
341,11:21,7,7,판교,3,"23,27,52"
341,11:21,9,9,평택,1,37
342,11:22,1,1,서울역,4,"1,7,29,38"
342,11:22,10,10,인천공항,1,30
342,11:22,2,2,수서,7,"11,12,14,32,39,43,54"
342,11:22,3,3,삼성,6,"10,13,18,20,25,44"
342,11:22,4,4,여의도,7,"4,9,19,22,40,42,50"
342,11:22,5,5,김포공항,4,"2,3,53,57"
342,11:22,6,6,일산,2,"16,21"
342,11:22,7,7,판교,2,"27,52"
342,11:22,9,9,평택,2,"37,58"
343,11:23,1,1,서울역,2,"7,38"
343,11:23,10,10,인천공항,1,30
343,11:23,2,2,수서,7,"11,12,14,32,39,43,54"
343,11:23,3,3,삼성,5,"13,18,20,25,44"
343,11:23,4,4,여의도,7,"4,9,19,22,40,42,50"
343,11:23,5,5,김포공항,4,"2,3,53,57"
343,11:23,6,6,일산,2,"16,21"
343,11:23,7,7,판교,2,"27,52"
343,11:23,9,9,평택,2,"37,58"
344,11:24,1,1,서울역,1,38
344,11:24,10,10,인천공항,1,30
344,11:24,2,2,수서,7,"11,12,14,32,39,43,54"
344,11:24,3,3,삼성,5,"13,18,20,25,44"
344,11:24,4,4,여의도,8,"4,9,22,40,42,48,49,50"
344,11:24,5,5,김포공항,3,"2,3,57"
344,11:24,6,6,일산,2,"16,21"
344,11:24,7,7,판교,3,"27,52,59"
344,11:24,9,9,평택,2,"37,58"
345,11:25,1,1,서울역,1,38
345,11:25,10,10,인천공항,1,30
345,11:25,2,2,수서,5,"11,12,32,43,54"
345,11:25,3,3,삼성,5,"13,18,20,25,44"
345,11:25,4,4,여의도,9,"4,9,15,22,40,42,48,49,50"
345,11:25,5,5,김포공항,2,"3,35"
345,11:25,6,6,일산,3,"0,16,21"
345,11:25,7,7,판교,4,"5,27,52,59"
345,11:25,9,9,평택,2,"37,58"
346,11:26,1,1,서울역,1,38
346,11:26,10,10,인천공항,1,30
346,11:26,2,2,수서,3,"11,32,43"
346,11:26,3,3,삼성,5,"13,17,20,25,44"
346,11:26,4,4,여의도,10,"4,9,15,22,24,36,41,48,49,50"
346,11:26,5,5,김포공항,2,"3,35"
346,11:26,6,6,일산,3,"0,16,21"
346,11:26,7,7,판교,4,"5,28,52,59"
346,11:26,9,9,평택,2,"37,58"
347,11:27,1,1,서울역,1,38
347,11:27,10,10,인천공항,1,30
347,11:27,2,2,수서,3,"11,32,43"
347,11:27,3,3,삼성,5,"13,17,20,25,44"
347,11:27,4,4,여의도,10,"4,9,15,24,29,36,41,48,49,50"
347,11:27,5,5,김포공항,2,"34,35"
347,11:27,6,6,일산,3,"0,16,21"
347,11:27,7,7,판교,4,"5,28,52,59"
347,11:27,9,9,평택,2,"37,58"
348,11:28,1,1,서울역,1,38
348,11:28,10,10,인천공항,1,30
348,11:28,2,2,수서,4,"8,11,32,43"
348,11:28,3,3,삼성,4,"17,20,25,44"
348,11:28,4,4,여의도,10,"4,9,15,24,29,36,41,48,49,50"
348,11:28,5,5,김포공항,2,"34,35"
348,11:28,6,6,일산,2,"0,16"
348,11:28,7,7,판교,4,"5,28,52,59"
348,11:28,8,8,동탄/용인,1,56
348,11:28,9,9,평택,1,37
349,11:29,1,1,서울역,1,38
349,11:29,10,10,인천공항,1,30
349,11:29,2,2,수서,4,"8,11,32,43"
349,11:29,3,3,삼성,4,"1,20,25,44"
349,11:29,4,4,여의도,9,"4,9,15,23,24,29,48,49,50"
349,11:29,5,5,김포공항,2,"34,35"
349,11:29,6,6,일산,2,"0,16"
349,11:29,7,7,판교,4,"5,6,33,59"
349,11:29,8,8,동탄/용인,1,56
349,11:29,9,9,평택,1,37
350,11:30,10,10,인천공항,1,30
350,11:30,2,2,수서,4,"8,11,32,43"
350,11:30,3,3,삼성,4,"1,20,25,44"
350,11:30,4,4,여의도,7,"4,9,15,23,24,49,50"
350,11:30,5,5,김포공항,2,"34,35"
350,11:30,6,6,일산,2,"0,16"
350,11:30,7,7,판교,4,"5,6,33,59"
350,11:30,8,8,동탄/용인,1,56
350,11:30,9,9,평택,1,37
351,11:31,10,10,인천공항,1,30
351,11:31,2,2,수서,5,"7,8,11,32,43"
351,11:31,3,3,삼성,4,"1,20,25,44"
351,11:31,4,4,여의도,7,"9,15,23,24,49,50,57"
351,11:31,5,5,김포공항,1,34
351,11:31,6,6,일산,2,"0,16"
351,11:31,7,7,판교,5,"6,19,33,39,59"
351,11:31,8,8,동탄/용인,1,56
351,11:31,9,9,평택,1,37
352,11:32,1,1,서울역,1,14
352,11:32,10,10,인천공항,1,30
352,11:32,2,2,수서,5,"7,8,32,42,43"
352,11:32,3,3,삼성,5,"1,20,25,44,53"
352,11:32,4,4,여의도,8,"9,12,15,23,45,49,50,57"
352,11:32,5,5,김포공항,1,34
352,11:32,6,6,일산,2,"0,16"
352,11:32,7,7,판교,5,"6,19,39,54,59"
352,11:32,8,8,동탄/용인,1,56
352,11:32,9,9,평택,2,"37,51"
353,11:33,1,1,서울역,2,"2,14"
353,11:33,10,10,인천공항,1,30
353,11:33,2,2,수서,5,"7,8,32,42,43"
353,11:33,3,3,삼성,5,"1,20,25,44,53"
353,11:33,4,4,여의도,9,"9,12,15,23,27,45,49,50,57"
353,11:33,6,6,일산,4,"0,10,16,55"
353,11:33,7,7,판교,6,"6,19,39,40,54,59"
353,11:33,8,8,동탄/용인,2,"47,56"
353,11:33,9,9,평택,2,"37,51"
354,11:34,1,1,서울역,3,"2,13,14"
354,11:34,10,10,인천공항,1,30
354,11:34,2,2,수서,5,"7,8,32,42,43"
354,11:34,3,3,삼성,5,"1,20,25,44,53"
354,11:34,4,4,여의도,8,"9,12,23,27,38,45,49,50"
354,11:34,6,6,일산,4,"0,10,16,55"
354,11:34,7,7,판교,6,"6,19,39,40,54,59"
354,11:34,8,8,동탄/용인,2,"47,56"
354,11:34,9,9,평택,3,"26,37,51"
355,11:35,1,1,서울역,4,"2,13,14,21"
355,11:35,10,10,인천공항,1,30
355,11:35,2,2,수서,5,"7,8,32,42,43"
355,11:35,3,3,삼성,5,"3,20,25,44,53"
355,11:35,4,4,여의도,7,"9,12,23,27,38,49,50"
355,11:35,6,6,일산,4,"0,10,16,55"
355,11:35,7,7,판교,6,"6,19,39,40,54,59"
355,11:35,8,8,동탄/용인,2,"47,56"
355,11:35,9,9,평택,3,"26,37,51"
356,11:36,1,1,서울역,5,"2,13,14,21,52"
356,11:36,10,10,인천공항,1,30
356,11:36,2,2,수서,5,"7,8,42,43,48"
356,11:36,3,3,삼성,5,"3,20,25,44,53"
356,11:36,4,4,여의도,8,"9,12,23,27,28,38,49,50"
356,11:36,6,6,일산,3,"0,16,55"
356,11:36,7,7,판교,6,"6,19,39,40,41,54"
356,11:36,8,8,동탄/용인,2,"47,56"
356,11:36,9,9,평택,2,"26,51"
357,11:37,1,1,서울역,5,"2,13,14,21,52"
357,11:37,10,10,인천공항,1,30
357,11:37,2,2,수서,5,"7,8,42,43,48"
357,11:37,3,3,삼성,7,"3,20,25,31,44,46,53"
357,11:37,4,4,여의도,7,"9,12,23,27,28,49,50"
357,11:37,6,6,일산,2,"0,55"
357,11:37,7,7,판교,7,"6,19,29,39,40,41,54"
357,11:37,8,8,동탄/용인,1,47
357,11:37,9,9,평택,2,"26,51"
358,11:38,1,1,서울역,4,"2,13,14,52"
358,11:38,10,10,인천공항,1,30
358,11:38,2,2,수서,5,"8,24,42,43,48"
358,11:38,3,3,삼성,7,"3,20,25,31,44,46,53"
358,11:38,4,4,여의도,5,"5,9,27,28,49"
358,11:38,6,6,일산,2,"0,55"
358,11:38,7,7,판교,7,"4,6,19,29,39,40,41"
358,11:38,8,8,동탄/용인,1,47
358,11:38,9,9,평택,2,"26,51"
359,11:39,1,1,서울역,4,"2,13,14,52"
359,11:39,10,10,인천공항,1,30
359,11:39,2,2,수서,5,"8,24,42,43,48"
359,11:39,3,3,삼성,8,"3,20,25,31,35,44,46,53"
359,11:39,4,4,여의도,5,"5,9,27,28,49"
359,11:39,6,6,일산,3,"0,17,55"
359,11:39,7,7,판교,7,"4,6,19,29,39,40,41"
359,11:39,8,8,동탄/용인,1,47
359,11:39,9,9,평택,2,"26,51"
360,11:40,1,1,서울역,3,"2,13,52"
360,11:40,10,10,인천공항,1,30
360,11:40,2,2,수서,6,"8,15,24,42,43,48"
360,11:40,3,3,삼성,6,"3,20,35,44,46,53"
360,11:40,4,4,여의도,4,"5,9,27,28"
360,11:40,5,5,김포공항,1,11
360,11:40,6,6,일산,3,"0,17,55"
360,11:40,7,7,판교,7,"4,6,19,29,39,40,41"
360,11:40,8,8,동탄/용인,1,47
360,11:40,9,9,평택,2,"26,51"
361,11:41,1,1,서울역,3,"2,13,52"
361,11:41,10,10,인천공항,3,"18,30,36"
361,11:41,2,2,수서,6,"8,15,24,42,43,48"
361,11:41,3,3,삼성,6,"3,20,34,35,44,53"
361,11:41,4,4,여의도,4,"5,9,27,28"
361,11:41,5,5,김포공항,1,11
361,11:41,6,6,일산,2,"0,17"
361,11:41,7,7,판교,7,"4,6,19,29,39,40,41"
361,11:41,8,8,동탄/용인,1,47
361,11:41,9,9,평택,2,"26,51"
362,11:42,1,1,서울역,3,"2,13,52"
362,11:42,10,10,인천공항,3,"18,30,36"
362,11:42,2,2,수서,6,"8,15,24,42,43,48"
362,11:42,3,3,삼성,5,"3,20,34,44,53"
362,11:42,4,4,여의도,4,"5,9,27,28"
362,11:42,5,5,김포공항,1,11
362,11:42,6,6,일산,2,"0,17"
362,11:42,7,7,판교,6,"4,6,19,29,39,41"
362,11:42,8,8,동탄/용인,1,47
362,11:42,9,9,평택,3,"22,26,51"
363,11:43,1,1,서울역,4,"2,13,52,59"
363,11:43,10,10,인천공항,3,"18,30,36"
363,11:43,2,2,수서,6,"8,15,24,42,43,48"
363,11:43,3,3,삼성,5,"3,20,34,44,53"
363,11:43,4,4,여의도,5,"5,9,27,28,58"
363,11:43,5,5,김포공항,1,11
363,11:43,6,6,일산,2,"0,17"
363,11:43,7,7,판교,6,"4,6,19,29,39,41"
363,11:43,8,8,동탄/용인,1,47
363,11:43,9,9,평택,2,"22,51"
364,11:44,1,1,서울역,5,"2,13,16,52,59"
364,11:44,10,10,인천공항,2,"30,36"
364,11:44,2,2,수서,9,"8,15,23,24,42,43,46,48,50"
364,11:44,3,3,삼성,4,"3,20,34,53"
364,11:44,4,4,여의도,3,"5,27,58"
364,11:44,5,5,김포공항,2,"11,32"
364,11:44,6,6,일산,3,"0,17,33"
364,11:44,7,7,판교,7,"4,6,19,29,38,39,41"
364,11:44,8,8,동탄/용인,1,47
364,11:44,9,9,평택,2,"22,51"
365,11:45,1,1,서울역,5,"2,13,16,52,59"
365,11:45,10,10,인천공항,2,"30,36"
365,11:45,2,2,수서,9,"8,15,23,24,42,43,46,48,50"
365,11:45,3,3,삼성,5,"3,12,20,34,53"
365,11:45,4,4,여의도,4,"5,27,54,58"
365,11:45,5,5,김포공항,2,"11,32"
365,11:45,6,6,일산,2,"0,33"
365,11:45,7,7,판교,8,"4,6,19,21,29,38,39,41"
365,11:45,8,8,동탄/용인,1,47
365,11:45,9,9,평택,2,"22,51"
366,11:46,1,1,서울역,5,"2,13,16,52,59"
366,11:46,10,10,인천공항,3,"30,36,57"
366,11:46,2,2,수서,9,"8,23,24,42,43,46,48,49,50"
366,11:46,3,3,삼성,6,"3,10,12,20,34,53"
366,11:46,4,4,여의도,3,"5,54,58"
366,11:46,5,5,김포공항,2,"11,32"
366,11:46,6,6,일산,2,"0,33"
366,11:46,7,7,판교,6,"4,6,21,29,38,39"
366,11:46,8,8,동탄/용인,1,47
366,11:46,9,9,평택,2,"22,51"
367,11:47,1,1,서울역,4,"2,13,52,59"
367,11:47,10,10,인천공항,4,"30,36,45,57"
367,11:47,2,2,수서,6,"23,42,43,48,49,50"
367,11:47,3,3,삼성,6,"3,10,12,20,34,53"
367,11:47,4,4,여의도,2,"54,58"
367,11:47,5,5,김포공항,2,"11,32"
367,11:47,6,6,일산,3,"0,14,33"
367,11:47,7,7,판교,6,"4,6,21,29,38,39"
367,11:47,8,8,동탄/용인,1,47
367,11:47,9,9,평택,1,22
368,11:48,1,1,서울역,4,"2,13,52,59"
368,11:48,10,10,인천공항,4,"30,36,45,57"
368,11:48,2,2,수서,6,"23,42,43,48,49,50"
368,11:48,3,3,삼성,5,"3,10,12,34,53"
368,11:48,4,4,여의도,3,"54,56,58"
368,11:48,5,5,김포공항,3,"11,25,32"
368,11:48,6,6,일산,3,"0,14,33"
368,11:48,7,7,판교,6,"4,6,21,29,38,39"
368,11:48,8,8,동탄/용인,1,47
369,11:49,1,1,서울역,5,"2,13,40,52,59"
369,11:49,10,10,인천공항,4,"30,36,45,57"
369,11:49,2,2,수서,6,"23,42,43,48,49,50"
369,11:49,3,3,삼성,5,"3,10,12,34,53"
369,11:49,4,4,여의도,3,"54,56,58"
369,11:49,5,5,김포공항,3,"11,25,32"
369,11:49,6,6,일산,4,"0,7,14,33"
369,11:49,7,7,판교,6,"4,6,21,29,38,39"
369,11:49,8,8,동탄/용인,1,47
370,11:50,1,1,서울역,5,"2,13,40,52,59"
370,11:50,10,10,인천공항,5,"1,30,36,45,57"
370,11:50,2,2,수서,7,"23,28,42,43,48,49,50"
370,11:50,3,3,삼성,5,"3,10,12,34,53"
370,11:50,4,4,여의도,3,"54,56,58"
370,11:50,5,5,김포공항,4,"11,25,32,35"
370,11:50,6,6,일산,3,"0,7,31"
370,11:50,7,7,판교,6,"4,6,21,29,38,39"
370,11:50,8,8,동탄/용인,1,47
371,11:51,1,1,서울역,5,"2,13,40,52,59"
371,11:51,10,10,인천공항,5,"1,30,36,45,57"
371,11:51,2,2,수서,7,"23,28,42,43,48,49,50"
371,11:51,3,3,삼성,4,"3,10,34,53"
371,11:51,4,4,여의도,3,"37,54,58"
371,11:51,5,5,김포공항,4,"11,25,32,35"
371,11:51,6,6,일산,3,"0,7,31"
371,11:51,7,7,판교,5,"4,6,9,29,38"
371,11:51,8,8,동탄/용인,1,47
372,11:52,1,1,서울역,4,"2,17,52,59"
372,11:52,10,10,인천공항,5,"1,30,36,45,57"
372,11:52,2,2,수서,8,"23,27,28,42,43,48,49,50"
372,11:52,3,3,삼성,4,"3,10,34,53"
372,11:52,4,4,여의도,3,"37,54,58"
372,11:52,5,5,김포공항,4,"11,25,32,35"
372,11:52,6,6,일산,3,"0,7,31"
372,11:52,7,7,판교,5,"4,6,9,29,38"
372,11:52,8,8,동탄/용인,1,47
373,11:53,1,1,서울역,5,"2,15,17,52,59"
373,11:53,10,10,인천공항,5,"1,30,36,45,57"
373,11:53,2,2,수서,8,"23,27,28,42,43,48,49,50"
373,11:53,3,3,삼성,4,"3,10,34,53"
373,11:53,4,4,여의도,4,"19,37,54,58"
373,11:53,5,5,김포공항,3,"11,25,32"
373,11:53,6,6,일산,1,7
373,11:53,7,7,판교,6,"4,6,9,29,38,55"
373,11:53,8,8,동탄/용인,1,47
374,11:54,1,1,서울역,5,"2,15,17,52,59"
374,11:54,10,10,인천공항,5,"1,30,36,45,57"
374,11:54,2,2,수서,8,"23,27,28,42,43,48,49,50"
374,11:54,3,3,삼성,4,"3,10,34,53"
374,11:54,4,4,여의도,2,"19,37"
374,11:54,5,5,김포공항,3,"11,25,32"
374,11:54,6,6,일산,3,"7,16,44"
374,11:54,7,7,판교,7,"4,5,6,9,29,38,55"
374,11:54,8,8,동탄/용인,1,47
375,11:55,1,1,서울역,5,"2,15,17,52,59"
375,11:55,10,10,인천공항,5,"1,30,36,45,57"
375,11:55,2,2,수서,8,"23,27,28,42,43,48,49,50"
375,11:55,3,3,삼성,4,"3,10,34,53"
375,11:55,4,4,여의도,2,"19,37"
375,11:55,5,5,김포공항,5,"8,11,24,25,32"
375,11:55,6,6,일산,3,"7,16,44"
375,11:55,7,7,판교,7,"4,5,6,9,29,38,55"
376,11:56,1,1,서울역,5,"2,15,17,52,59"
376,11:56,10,10,인천공항,5,"1,30,36,45,57"
376,11:56,2,2,수서,8,"23,27,28,42,43,48,49,50"
376,11:56,3,3,삼성,4,"3,10,34,53"
376,11:56,4,4,여의도,4,"18,19,37,40"
376,11:56,5,5,김포공항,6,"8,11,20,24,25,32"
376,11:56,6,6,일산,3,"7,16,44"
376,11:56,7,7,판교,5,"5,9,29,38,55"
377,11:57,1,1,서울역,6,"14,15,17,33,52,59"
377,11:57,10,10,인천공항,5,"1,30,36,45,57"
377,11:57,2,2,수서,8,"23,27,28,42,43,48,49,50"
377,11:57,3,3,삼성,3,"3,10,53"
377,11:57,4,4,여의도,4,"18,19,37,40"
377,11:57,5,5,김포공항,6,"8,11,20,24,25,32"
377,11:57,6,6,일산,2,"7,44"
377,11:57,7,7,판교,5,"5,9,29,38,55"
378,11:58,1,1,서울역,6,"14,15,17,33,52,59"
378,11:58,10,10,인천공항,5,"1,30,36,45,57"
378,11:58,2,2,수서,7,"27,28,42,43,48,49,50"
378,11:58,3,3,삼성,3,"3,10,53"
378,11:58,4,4,여의도,8,"12,18,19,21,26,37,39,40"
378,11:58,5,5,김포공항,6,"8,11,20,24,25,32"
378,11:58,6,6,일산,4,"7,44,46,56"
378,11:58,7,7,판교,4,"5,29,38,55"
378,11:58,9,9,평택,1,41
379,11:59,1,1,서울역,6,"14,15,17,33,52,59"
379,11:59,10,10,인천공항,4,"1,36,45,57"
379,11:59,2,2,수서,7,"27,28,42,43,48,49,50"
379,11:59,3,3,삼성,3,"3,10,53"
379,11:59,4,4,여의도,6,"12,19,21,26,37,39"
379,11:59,5,5,김포공항,5,"8,20,24,25,32"
379,11:59,6,6,일산,3,"44,46,56"
379,11:59,7,7,판교,5,"5,13,29,38,55"
379,11:59,9,9,평택,1,41
380,12:00,1,1,서울역,6,"14,15,17,33,52,59"
380,12:00,10,10,인천공항,3,"36,45,57"
380,12:00,2,2,수서,7,"27,28,42,43,48,50,54"
380,12:00,3,3,삼성,2,"3,53"
380,12:00,4,4,여의도,4,"12,21,26,39"
380,12:00,5,5,김포공항,4,"8,20,24,25"
380,12:00,6,6,일산,3,"44,46,56"
380,12:00,7,7,판교,5,"5,13,29,38,55"
380,12:00,9,9,평택,1,41
381,12:01,1,1,서울역,5,"14,15,17,33,59"
381,12:01,10,10,인천공항,3,"36,45,57"
381,12:01,2,2,수서,6,"28,42,43,48,50,54"
381,12:01,3,3,삼성,2,"53,58"
381,12:01,4,4,여의도,4,"12,21,26,39"
381,12:01,5,5,김포공항,4,"8,20,24,25"
381,12:01,6,6,일산,2,"44,46"
381,12:01,7,7,판교,5,"5,13,29,38,55"
381,12:01,9,9,평택,1,41
382,12:02,1,1,서울역,5,"14,15,17,33,59"
382,12:02,10,10,인천공항,3,"36,45,57"
382,12:02,2,2,수서,6,"28,42,43,48,50,54"
382,12:02,3,3,삼성,3,"51,53,58"
382,12:02,4,4,여의도,4,"12,21,26,39"
382,12:02,5,5,김포공항,4,"8,20,24,25"
382,12:02,6,6,일산,2,"44,46"
382,12:02,7,7,판교,5,"5,13,29,38,55"
382,12:02,9,9,평택,1,41
383,12:03,1,1,서울역,6,"4,14,15,17,33,59"
383,12:03,10,10,인천공항,3,"36,45,57"
383,12:03,2,2,수서,4,"42,43,48,54"
383,12:03,3,3,삼성,4,"2,51,53,58"
383,12:03,4,4,여의도,6,"6,12,21,22,26,39"
383,12:03,5,5,김포공항,4,"8,20,24,25"
383,12:03,6,6,일산,2,"44,46"
383,12:03,7,7,판교,4,"5,13,29,38"
383,12:03,9,9,평택,1,41
384,12:04,1,1,서울역,7,"4,14,15,16,17,33,59"
384,12:04,10,10,인천공항,2,"36,45"
384,12:04,2,2,수서,4,"42,43,48,54"
384,12:04,3,3,삼성,4,"2,51,53,58"
384,12:04,4,4,여의도,4,"6,21,22,26"
384,12:04,5,5,김포공항,4,"8,20,24,25"
384,12:04,6,6,일산,1,44
384,12:04,7,7,판교,3,"13,29,38"
385,12:05,1,1,서울역,7,"4,14,15,16,17,33,59"
385,12:05,10,10,인천공항,2,"36,45"
385,12:05,2,2,수서,4,"42,43,48,54"
385,12:05,3,3,삼성,4,"2,51,53,58"
385,12:05,4,4,여의도,5,"6,9,21,22,26"
385,12:05,5,5,김포공항,4,"8,20,24,25"
385,12:05,6,6,일산,1,44
385,12:05,7,7,판교,5,"0,13,29,31,38"
386,12:06,1,1,서울역,8,"4,10,14,15,16,17,33,59"
386,12:06,10,10,인천공항,2,"36,45"
386,12:06,2,2,수서,5,"37,42,43,48,54"
386,12:06,3,3,삼성,4,"2,51,53,58"
386,12:06,4,4,여의도,6,"6,9,21,22,26,47"
386,12:06,5,5,김포공항,5,"8,20,23,24,25"
386,12:06,6,6,일산,1,44
386,12:06,7,7,판교,7,"0,13,29,31,38,40,49"
387,12:07,1,1,서울역,7,"4,10,14,15,17,33,59"
387,12:07,10,10,인천공항,1,36
387,12:07,2,2,수서,5,"37,42,43,48,54"
387,12:07,3,3,삼성,6,"2,11,19,51,53,58"
387,12:07,4,4,여의도,6,"6,9,21,22,26,47"
387,12:07,5,5,김포공항,5,"8,20,23,24,25"
387,12:07,6,6,일산,2,"34,44"
387,12:07,7,7,판교,8,"0,13,27,29,31,38,40,49"
387,12:07,8,8,동탄/용인,1,35
388,12:08,1,1,서울역,7,"4,10,14,15,17,33,59"
388,12:08,10,10,인천공항,1,36
388,12:08,2,2,수서,5,"37,42,43,48,54"
388,12:08,3,3,삼성,6,"2,11,19,51,53,58"
388,12:08,4,4,여의도,6,"6,9,21,22,26,47"
388,12:08,5,5,김포공항,5,"8,20,23,24,25"
388,12:08,6,6,일산,2,"34,44"
388,12:08,7,7,판교,8,"0,13,27,29,31,38,40,49"
388,12:08,8,8,동탄/용인,1,35
389,12:09,1,1,서울역,7,"4,10,14,15,17,33,59"
389,12:09,10,10,인천공항,1,36
389,12:09,2,2,수서,5,"37,42,43,48,54"
389,12:09,3,3,삼성,6,"2,11,19,51,53,58"
389,12:09,4,4,여의도,6,"6,9,21,22,26,47"
389,12:09,5,5,김포공항,5,"8,20,23,24,25"
389,12:09,6,6,일산,2,"34,44"
389,12:09,7,7,판교,7,"0,13,27,29,31,38,40"
389,12:09,8,8,동탄/용인,1,35
390,12:10,1,1,서울역,6,"4,10,14,15,33,59"
390,12:10,10,10,인천공항,1,36
390,12:10,2,2,수서,4,"37,42,43,54"
390,12:10,3,3,삼성,6,"2,11,19,51,53,58"
390,12:10,4,4,여의도,6,"6,9,21,22,26,47"
390,12:10,5,5,김포공항,5,"8,20,23,24,25"
390,12:10,6,6,일산,2,"34,44"
390,12:10,7,7,판교,7,"0,13,27,29,31,38,40"
390,12:10,8,8,동탄/용인,1,35
391,12:11,1,1,서울역,6,"5,10,14,15,33,59"
391,12:11,10,10,인천공항,2,"18,36"
391,12:11,2,2,수서,4,"37,42,43,54"
391,12:11,3,3,삼성,6,"2,11,19,51,53,58"
391,12:11,4,4,여의도,6,"6,21,22,26,30,47"
391,12:11,5,5,김포공항,6,"8,20,23,24,25,28"
391,12:11,6,6,일산,2,"34,44"
391,12:11,7,7,판교,9,"0,7,12,13,27,29,31,38,40"
391,12:11,8,8,동탄/용인,1,35
392,12:12,1,1,서울역,6,"5,10,14,15,33,59"
392,12:12,10,10,인천공항,2,"18,36"
392,12:12,2,2,수서,4,"37,42,43,54"
392,12:12,3,3,삼성,6,"2,11,19,51,53,58"
392,12:12,4,4,여의도,6,"6,21,22,26,30,47"
392,12:12,5,5,김포공항,5,"8,20,24,25,28"
392,12:12,6,6,일산,2,"34,44"
392,12:12,7,7,판교,9,"0,7,12,13,27,29,31,38,40"
392,12:12,8,8,동탄/용인,1,35
393,12:13,1,1,서울역,6,"5,10,14,15,33,59"
393,12:13,10,10,인천공항,2,"18,36"
393,12:13,2,2,수서,4,"37,42,43,54"
393,12:13,3,3,삼성,6,"2,11,19,51,53,58"
393,12:13,4,4,여의도,6,"6,21,22,26,30,47"
393,12:13,5,5,김포공항,6,"8,20,24,25,28,55"
393,12:13,6,6,일산,2,"34,44"
393,12:13,7,7,판교,9,"0,7,12,13,29,31,38,40,56"
393,12:13,8,8,동탄/용인,2,"35,50"
394,12:14,1,1,서울역,6,"5,10,14,15,33,59"
394,12:14,10,10,인천공항,3,"18,36,52"
394,12:14,2,2,수서,4,"37,42,43,54"
394,12:14,3,3,삼성,6,"2,11,19,51,53,58"
394,12:14,4,4,여의도,5,"6,22,26,30,47"
394,12:14,5,5,김포공항,6,"8,20,24,25,28,55"
394,12:14,6,6,일산,3,"16,34,44"
394,12:14,7,7,판교,7,"7,12,29,31,38,40,56"
394,12:14,8,8,동탄/용인,2,"35,50"
395,12:15,1,1,서울역,5,"5,10,15,33,59"
395,12:15,10,10,인천공항,3,"18,36,52"
395,12:15,2,2,수서,3,"42,43,54"
395,12:15,3,3,삼성,6,"1,2,11,19,53,58"
395,12:15,4,4,여의도,5,"6,22,26,30,47"
395,12:15,5,5,김포공항,6,"8,20,24,25,28,55"
395,12:15,6,6,일산,3,"16,34,44"
395,12:15,7,7,판교,6,"7,12,31,38,40,56"
395,12:15,8,8,동탄/용인,2,"35,50"
396,12:16,1,1,서울역,4,"5,10,15,59"
396,12:16,10,10,인천공항,4,"3,18,36,52"
396,12:16,2,2,수서,3,"42,43,54"
396,12:16,3,3,삼성,6,"1,2,11,19,53,58"
396,12:16,4,4,여의도,6,"6,22,26,30,47,57"
396,12:16,5,5,김포공항,6,"8,20,24,25,28,55"
396,12:16,6,6,일산,3,"16,34,44"
396,12:16,7,7,판교,7,"7,12,31,38,40,46,48"
396,12:16,8,8,동탄/용인,1,35
397,12:17,1,1,서울역,4,"5,10,15,59"
397,12:17,10,10,인천공항,4,"3,18,36,52"
397,12:17,2,2,수서,3,"42,43,54"
397,12:17,3,3,삼성,6,"1,2,11,19,53,58"
397,12:17,4,4,여의도,6,"6,22,26,30,47,57"
397,12:17,5,5,김포공항,6,"8,20,24,25,28,55"
397,12:17,6,6,일산,2,"34,44"
397,12:17,7,7,판교,7,"7,12,31,38,40,46,48"
397,12:17,8,8,동탄/용인,1,35
397,12:17,9,9,평택,1,32
398,12:18,1,1,서울역,4,"5,10,15,59"
398,12:18,10,10,인천공항,4,"3,18,36,52"
398,12:18,2,2,수서,2,"42,43"
398,12:18,3,3,삼성,6,"1,2,11,19,53,58"
398,12:18,4,4,여의도,5,"6,22,30,47,57"
398,12:18,5,5,김포공항,6,"8,20,24,25,28,55"
398,12:18,6,6,일산,1,34
398,12:18,7,7,판교,8,"4,7,12,31,38,40,46,48"
398,12:18,8,8,동탄/용인,1,35
398,12:18,9,9,평택,1,32
399,12:19,1,1,서울역,4,"5,10,15,59"
399,12:19,10,10,인천공항,4,"3,18,36,52"
399,12:19,2,2,수서,2,"42,43"
399,12:19,3,3,삼성,6,"1,2,11,19,53,58"
399,12:19,4,4,여의도,6,"6,22,30,41,47,57"
399,12:19,5,5,김포공항,6,"8,20,24,25,28,55"
399,12:19,6,6,일산,2,"23,34"
399,12:19,7,7,판교,6,"4,7,12,38,40,46"
399,12:19,8,8,동탄/용인,1,35
399,12:19,9,9,평택,2,"32,39"
400,12:20,1,1,서울역,3,"5,15,59"
400,12:20,10,10,인천공항,4,"3,18,36,52"
400,12:20,2,2,수서,2,"42,43"
400,12:20,3,3,삼성,6,"1,2,11,19,53,58"
400,12:20,4,4,여의도,5,"6,22,30,41,47"
400,12:20,5,5,김포공항,4,"8,25,28,55"
400,12:20,6,6,일산,2,"23,34"
400,12:20,7,7,판교,5,"4,12,38,40,46"
400,12:20,8,8,동탄/용인,1,35
400,12:20,9,9,평택,1,39
401,12:21,1,1,서울역,4,"0,5,15,59"
401,12:21,10,10,인천공항,4,"3,18,36,52"
401,12:21,2,2,수서,2,"42,43"
401,12:21,3,3,삼성,6,"1,2,11,19,53,58"
401,12:21,4,4,여의도,5,"6,13,22,30,41"
401,12:21,5,5,김포공항,4,"8,25,28,55"
401,12:21,6,6,일산,2,"23,34"
401,12:21,7,7,판교,5,"4,12,38,40,46"
401,12:21,8,8,동탄/용인,1,35
401,12:21,9,9,평택,1,39
402,12:22,1,1,서울역,4,"0,5,15,59"
402,12:22,10,10,인천공항,4,"3,18,36,52"
402,12:22,2,2,수서,2,"42,43"
402,12:22,3,3,삼성,6,"1,2,11,19,45,58"
402,12:22,4,4,여의도,6,"6,13,22,29,30,41"
402,12:22,5,5,김포공항,3,"25,28,55"
402,12:22,6,6,일산,1,34
402,12:22,7,7,판교,5,"4,12,38,40,46"
402,12:22,8,8,동탄/용인,1,35
402,12:22,9,9,평택,1,39
403,12:23,1,1,서울역,4,"0,5,15,59"
403,12:23,10,10,인천공항,4,"3,17,18,36"
403,12:23,2,2,수서,2,"42,43"
403,12:23,3,3,삼성,4,"1,11,19,45"
403,12:23,4,4,여의도,4,"13,22,29,30"
403,12:23,5,5,김포공항,4,"25,28,37,55"
403,12:23,6,6,일산,1,34
403,12:23,7,7,판교,4,"4,12,40,46"
403,12:23,8,8,동탄/용인,1,35
403,12:23,9,9,평택,1,39
404,12:24,1,1,서울역,3,"0,5,15"
404,12:24,10,10,인천공항,4,"3,17,18,36"
404,12:24,2,2,수서,2,"42,43"
404,12:24,3,3,삼성,4,"1,11,19,45"
404,12:24,4,4,여의도,4,"13,22,29,30"
404,12:24,5,5,김포공항,4,"25,28,37,55"
404,12:24,6,6,일산,1,34
404,12:24,7,7,판교,4,"4,12,40,46"
404,12:24,8,8,동탄/용인,1,35
404,12:24,9,9,평택,1,39
405,12:25,1,1,서울역,3,"0,5,15"
405,12:25,10,10,인천공항,5,"3,17,18,36,49"
405,12:25,2,2,수서,2,"42,43"
405,12:25,3,3,삼성,4,"1,11,19,45"
405,12:25,4,4,여의도,4,"13,22,29,30"
405,12:25,5,5,김포공항,4,"25,28,37,55"
405,12:25,6,6,일산,1,34
405,12:25,7,7,판교,4,"4,12,40,46"
405,12:25,8,8,동탄/용인,1,35
405,12:25,9,9,평택,2,"27,39"
406,12:26,1,1,서울역,3,"0,5,15"
406,12:26,10,10,인천공항,6,"3,17,18,21,36,49"
406,12:26,2,2,수서,2,"42,43"
406,12:26,3,3,삼성,4,"1,11,19,45"
406,12:26,4,4,여의도,5,"13,22,29,30,31"
406,12:26,5,5,김포공항,3,"25,28,55"
406,12:26,6,6,일산,1,34
406,12:26,7,7,판교,4,"4,12,40,46"
406,12:26,8,8,동탄/용인,1,35
406,12:26,9,9,평택,3,"9,27,39"
407,12:27,1,1,서울역,4,"0,5,7,15"
407,12:27,10,10,인천공항,6,"3,17,18,21,36,49"
407,12:27,2,2,수서,2,"42,43"
407,12:27,3,3,삼성,4,"1,11,19,45"
407,12:27,4,4,여의도,5,"13,22,29,30,31"
407,12:27,5,5,김포공항,3,"25,28,55"
407,12:27,6,6,일산,1,34
407,12:27,7,7,판교,5,"4,10,40,46,57"
407,12:27,8,8,동탄/용인,1,35
407,12:27,9,9,평택,3,"9,27,39"
408,12:28,1,1,서울역,3,"0,5,7"
408,12:28,10,10,인천공항,5,"3,17,21,36,49"
408,12:28,2,2,수서,3,"20,42,43"
408,12:28,3,3,삼성,4,"1,11,19,45"
408,12:28,4,4,여의도,5,"13,22,29,30,31"
408,12:28,5,5,김포공항,3,"25,28,55"
408,12:28,6,6,일산,1,56
408,12:28,7,7,판교,4,"4,10,46,57"
408,12:28,9,9,평택,3,"9,27,39"
409,12:29,1,1,서울역,3,"0,5,7"
409,12:29,10,10,인천공항,6,"3,17,21,33,44,49"
409,12:29,2,2,수서,3,"20,42,43"
409,12:29,3,3,삼성,4,"1,11,19,45"
409,12:29,4,4,여의도,4,"13,22,30,31"
409,12:29,5,5,김포공항,3,"25,28,55"
409,12:29,6,6,일산,2,"54,56"
409,12:29,7,7,판교,4,"4,10,46,57"
409,12:29,9,9,평택,3,"9,27,39"
410,12:30,1,1,서울역,3,"0,5,7"
410,12:30,10,10,인천공항,7,"3,17,21,33,44,49,51"
410,12:30,2,2,수서,3,"20,42,43"
410,12:30,3,3,삼성,5,"1,8,11,19,45"
410,12:30,4,4,여의도,4,"13,22,31,38"
410,12:30,5,5,김포공항,3,"25,28,55"
410,12:30,6,6,일산,2,"54,56"
410,12:30,7,7,판교,6,"4,6,10,24,41,46"
410,12:30,9,9,평택,3,"9,27,39"
411,12:31,1,1,서울역,3,"0,5,7"
411,12:31,10,10,인천공항,6,"3,17,21,33,44,51"
411,12:31,2,2,수서,3,"20,42,43"
411,12:31,3,3,삼성,5,"1,8,11,19,45"
411,12:31,4,4,여의도,4,"13,22,31,38"
411,12:31,5,5,김포공항,3,"25,28,55"
411,12:31,6,6,일산,3,"48,54,56"
411,12:31,7,7,판교,6,"4,6,10,24,41,46"
411,12:31,9,9,평택,3,"9,14,39"
412,12:32,1,1,서울역,3,"0,5,7"
412,12:32,10,10,인천공항,6,"3,17,21,33,44,51"
412,12:32,2,2,수서,2,"20,43"
412,12:32,3,3,삼성,5,"1,8,11,19,45"
412,12:32,4,4,여의도,4,"13,22,31,38"
412,12:32,5,5,김포공항,3,"25,28,55"
412,12:32,6,6,일산,3,"48,54,56"
412,12:32,7,7,판교,5,"6,10,24,41,46"
412,12:32,8,8,동탄/용인,1,47
412,12:32,9,9,평택,3,"9,14,39"
413,12:33,1,1,서울역,3,"0,5,7"
413,12:33,10,10,인천공항,6,"3,17,21,33,44,51"
413,12:33,2,2,수서,2,"20,43"
413,12:33,3,3,삼성,4,"1,8,11,19"
413,12:33,4,4,여의도,3,"22,31,38"
413,12:33,5,5,김포공항,3,"25,28,55"
413,12:33,6,6,일산,4,"48,50,54,56"
413,12:33,7,7,판교,2,"6,46"
413,12:33,8,8,동탄/용인,2,"2,47"
413,12:33,9,9,평택,4,"9,14,26,39"
414,12:34,1,1,서울역,2,"5,7"
414,12:34,10,10,인천공항,6,"3,17,21,33,44,51"
414,12:34,2,2,수서,2,"20,43"
414,12:34,3,3,삼성,4,"1,8,11,19"
414,12:34,4,4,여의도,4,"12,22,31,38"
414,12:34,5,5,김포공항,3,"25,28,55"
414,12:34,6,6,일산,4,"48,50,54,56"
414,12:34,7,7,판교,3,"6,23,46"
414,12:34,8,8,동탄/용인,2,"2,47"
414,12:34,9,9,평택,4,"9,14,26,39"
415,12:35,1,1,서울역,3,"5,7,40"
415,12:35,10,10,인천공항,6,"3,17,21,33,44,51"
415,12:35,2,2,수서,2,"20,43"
415,12:35,3,3,삼성,3,"8,11,19"
415,12:35,4,4,여의도,5,"12,22,31,38,52"
415,12:35,5,5,김포공항,3,"25,28,55"
415,12:35,6,6,일산,4,"48,50,54,56"
415,12:35,7,7,판교,3,"6,23,46"
415,12:35,8,8,동탄/용인,1,2
415,12:35,9,9,평택,3,"9,14,26"
416,12:36,1,1,서울역,3,"5,7,40"
416,12:36,10,10,인천공항,7,"3,17,21,33,37,44,51"
416,12:36,2,2,수서,2,"20,43"
416,12:36,3,3,삼성,3,"8,11,19"
416,12:36,4,4,여의도,4,"12,22,31,52"
416,12:36,5,5,김포공항,3,"25,28,55"
416,12:36,6,6,일산,4,"48,50,54,56"
416,12:36,7,7,판교,3,"23,29,46"
416,12:36,8,8,동탄/용인,1,2
416,12:36,9,9,평택,3,"9,14,26"
417,12:37,1,1,서울역,3,"5,7,40"
417,12:37,10,10,인천공항,8,"3,17,21,33,37,44,51,59"
417,12:37,2,2,수서,2,"20,43"
417,12:37,3,3,삼성,3,"8,11,19"
417,12:37,4,4,여의도,4,"12,22,31,52"
417,12:37,5,5,김포공항,3,"25,28,55"
417,12:37,6,6,일산,4,"48,50,54,56"
417,12:37,7,7,판교,4,"23,29,30,46"
417,12:37,8,8,동탄/용인,1,2
417,12:37,9,9,평택,4,"9,16,26,53"
418,12:38,1,1,서울역,3,"5,7,40"
418,12:38,10,10,인천공항,8,"3,17,21,33,37,44,51,59"
418,12:38,2,2,수서,2,"20,43"
418,12:38,3,3,삼성,4,"8,11,19,35"
418,12:38,4,4,여의도,4,"12,22,31,52"
418,12:38,5,5,김포공항,3,"25,28,55"
418,12:38,6,6,일산,4,"48,50,54,56"
418,12:38,7,7,판교,4,"23,29,30,46"
418,12:38,8,8,동탄/용인,1,2
418,12:38,9,9,평택,5,"9,16,26,53,58"
419,12:39,1,1,서울역,3,"5,7,40"
419,12:39,10,10,인천공항,8,"3,17,21,33,37,44,51,59"
419,12:39,2,2,수서,3,"13,20,43"
419,12:39,3,3,삼성,4,"8,11,19,35"
419,12:39,4,4,여의도,5,"4,12,22,31,52"
419,12:39,5,5,김포공항,3,"25,28,55"
419,12:39,6,6,일산,4,"48,50,54,56"
419,12:39,7,7,판교,4,"23,29,30,46"
419,12:39,8,8,동탄/용인,1,2
419,12:39,9,9,평택,5,"9,16,26,53,58"
420,12:40,1,1,서울역,4,"5,7,10,40"
420,12:40,10,10,인천공항,8,"3,17,21,33,37,44,51,59"
420,12:40,2,2,수서,2,"13,20"
420,12:40,3,3,삼성,3,"8,11,35"
420,12:40,4,4,여의도,5,"4,12,22,31,52"
420,12:40,5,5,김포공항,4,"28,42,55,57"
420,12:40,6,6,일산,5,"32,48,50,54,56"
420,12:40,7,7,판교,2,"29,34"
420,12:40,8,8,동탄/용인,1,2
420,12:40,9,9,평택,4,"9,26,53,58"
421,12:41,1,1,서울역,3,"5,7,10"
421,12:41,10,10,인천공항,8,"15,17,21,33,37,44,51,59"
421,12:41,2,2,수서,2,"13,20"
421,12:41,3,3,삼성,3,"8,11,35"
421,12:41,4,4,여의도,5,"4,12,22,31,52"
421,12:41,5,5,김포공항,4,"28,42,55,57"
421,12:41,6,6,일산,5,"32,48,50,54,56"
421,12:41,7,7,판교,2,"29,34"
421,12:41,8,8,동탄/용인,1,2
421,12:41,9,9,평택,3,"9,53,58"
422,12:42,1,1,서울역,3,"5,7,10"
422,12:42,10,10,인천공항,8,"15,17,21,33,37,44,51,59"
422,12:42,2,2,수서,2,"13,20"
422,12:42,3,3,삼성,3,"8,11,35"
422,12:42,4,4,여의도,5,"4,12,22,31,52"
422,12:42,5,5,김포공항,4,"28,42,55,57"
422,12:42,6,6,일산,5,"32,48,50,54,56"
422,12:42,7,7,판교,1,34
422,12:42,8,8,동탄/용인,1,2
422,12:42,9,9,평택,3,"9,53,58"
423,12:43,1,1,서울역,3,"5,7,10"
423,12:43,10,10,인천공항,8,"15,17,21,33,37,44,51,59"
423,12:43,2,2,수서,2,"13,19"
423,12:43,3,3,삼성,3,"8,11,18"
423,12:43,4,4,여의도,6,"6,12,22,31,49,52"
423,12:43,5,5,김포공항,5,"1,24,28,42,57"
423,12:43,6,6,일산,5,"32,48,50,54,56"
423,12:43,7,7,판교,1,34
423,12:43,9,9,평택,3,"9,53,58"
424,12:44,1,1,서울역,3,"5,7,10"
424,12:44,10,10,인천공항,8,"15,17,21,33,37,44,51,59"
424,12:44,2,2,수서,2,"13,19"
424,12:44,3,3,삼성,4,"8,11,18,36"
424,12:44,4,4,여의도,6,"6,12,22,31,49,52"
424,12:44,5,5,김포공항,5,"1,24,28,42,57"
424,12:44,6,6,일산,5,"32,48,50,54,56"
424,12:44,7,7,판교,1,34
424,12:44,9,9,평택,3,"9,53,58"
425,12:45,1,1,서울역,3,"5,7,10"
425,12:45,10,10,인천공항,8,"15,17,21,33,37,44,51,59"
425,12:45,2,2,수서,2,"13,19"
425,12:45,3,3,삼성,4,"8,11,18,36"
425,12:45,4,4,여의도,5,"6,12,22,31,49"
425,12:45,5,5,김포공항,4,"1,24,28,42"
425,12:45,6,6,일산,6,"32,41,48,50,54,56"
425,12:45,7,7,판교,1,34
425,12:45,9,9,평택,3,"9,53,58"
426,12:46,1,1,서울역,3,"5,7,10"
426,12:46,10,10,인천공항,8,"15,17,21,33,37,44,51,59"
426,12:46,2,2,수서,3,"13,19,35"
426,12:46,3,3,삼성,4,"8,11,18,36"
426,12:46,4,4,여의도,7,"6,12,22,27,31,47,49"
426,12:46,5,5,김포공항,2,"24,42"
426,12:46,6,6,일산,6,"32,41,48,50,54,56"
426,12:46,7,7,판교,1,34
426,12:46,8,8,동탄/용인,1,16
426,12:46,9,9,평택,2,"9,58"
427,12:47,1,1,서울역,5,"5,7,10,23,46"
427,12:47,10,10,인천공항,8,"0,15,17,33,37,44,51,59"
427,12:47,2,2,수서,3,"13,19,35"
427,12:47,3,3,삼성,4,"8,11,18,36"
427,12:47,4,4,여의도,7,"6,22,27,30,31,47,49"
427,12:47,5,5,김포공항,2,"24,42"
427,12:47,6,6,일산,6,"32,41,48,50,54,56"
427,12:47,7,7,판교,1,34
427,12:47,8,8,동탄/용인,2,"16,26"
427,12:47,9,9,평택,2,"9,58"
428,12:48,1,1,서울역,5,"5,7,10,23,46"
428,12:48,10,10,인천공항,9,"0,15,17,33,37,38,44,51,59"
428,12:48,2,2,수서,3,"13,19,35"
428,12:48,3,3,삼성,3,"8,18,36"
428,12:48,4,4,여의도,7,"6,22,27,30,31,47,49"
428,12:48,5,5,김포공항,3,"24,42,43"
428,12:48,6,6,일산,6,"32,41,48,50,54,56"
428,12:48,7,7,판교,1,34
428,12:48,8,8,동탄/용인,2,"16,26"
428,12:48,9,9,평택,3,"9,45,58"
429,12:49,1,1,서울역,5,"5,7,10,23,46"
429,12:49,10,10,인천공항,9,"0,15,17,33,37,38,44,51,59"
429,12:49,2,2,수서,1,13
429,12:49,3,3,삼성,3,"8,18,36"
429,12:49,4,4,여의도,8,"6,22,27,29,30,31,47,49"
429,12:49,5,5,김포공항,1,43
429,12:49,6,6,일산,5,"32,41,48,50,54"
429,12:49,7,7,판교,1,34
429,12:49,8,8,동탄/용인,2,"16,26"
429,12:49,9,9,평택,3,"9,45,58"
430,12:50,1,1,서울역,5,"5,7,10,23,46"
430,12:50,10,10,인천공항,8,"0,17,33,37,38,44,51,59"
430,12:50,2,2,수서,1,13
430,12:50,3,3,삼성,2,"18,36"
430,12:50,4,4,여의도,8,"6,22,27,29,31,39,47,49"
430,12:50,5,5,김포공항,1,43
430,12:50,6,6,일산,5,"32,41,48,50,54"
430,12:50,7,7,판교,2,"4,34"
430,12:50,8,8,동탄/용인,1,16
430,12:50,9,9,평택,3,"9,45,58"
431,12:51,1,1,서울역,5,"5,7,10,23,46"
431,12:51,10,10,인천공항,8,"0,17,33,37,38,44,51,59"
431,12:51,2,2,수서,2,"13,55"
431,12:51,3,3,삼성,2,"18,36"
431,12:51,4,4,여의도,8,"6,22,27,29,31,39,47,49"
431,12:51,5,5,김포공항,2,"20,43"
431,12:51,6,6,일산,5,"32,41,48,50,54"
431,12:51,7,7,판교,2,"4,34"
431,12:51,8,8,동탄/용인,1,16
431,12:51,9,9,평택,3,"9,45,58"
432,12:52,1,1,서울역,5,"5,7,10,23,46"
432,12:52,10,10,인천공항,8,"0,17,33,37,38,44,51,59"
432,12:52,2,2,수서,2,"13,55"
432,12:52,3,3,삼성,2,"18,36"
432,12:52,4,4,여의도,7,"14,22,27,29,31,39,49"
432,12:52,5,5,김포공항,2,"20,43"
432,12:52,6,6,일산,4,"32,41,50,54"
432,12:52,7,7,판교,2,"4,34"
432,12:52,8,8,동탄/용인,1,16
432,12:52,9,9,평택,3,"9,45,58"
433,12:53,1,1,서울역,4,"5,10,23,46"
433,12:53,10,10,인천공항,8,"0,17,33,37,38,44,51,59"
433,12:53,2,2,수서,4,"12,13,55,57"
433,12:53,3,3,삼성,2,"2,18"
433,12:53,4,4,여의도,8,"3,14,22,27,29,31,39,49"
433,12:53,5,5,김포공항,2,"20,43"
433,12:53,6,6,일산,4,"32,41,50,54"
433,12:53,7,7,판교,2,"4,34"
433,12:53,8,8,동탄/용인,1,16
433,12:53,9,9,평택,3,"9,45,58"
434,12:54,1,1,서울역,4,"5,10,23,46"
434,12:54,10,10,인천공항,8,"0,17,33,38,40,44,51,59"
434,12:54,2,2,수서,3,"12,13,57"
434,12:54,3,3,삼성,2,"2,18"
434,12:54,4,4,여의도,8,"3,14,22,27,29,31,39,49"
434,12:54,5,5,김포공항,2,"20,43"
434,12:54,6,6,일산,4,"32,41,50,54"
434,12:54,7,7,판교,2,"4,34"
434,12:54,8,8,동탄/용인,1,16
434,12:54,9,9,평택,3,"9,45,58"
435,12:55,1,1,서울역,4,"5,10,23,46"
435,12:55,10,10,인천공항,8,"0,17,33,38,40,44,51,59"
435,12:55,2,2,수서,2,"12,57"
435,12:55,3,3,삼성,2,"2,18"
435,12:55,4,4,여의도,7,"3,14,22,27,29,31,39"
435,12:55,5,5,김포공항,2,"20,43"
435,12:55,6,6,일산,4,"32,41,50,54"
435,12:55,7,7,판교,2,"4,34"
435,12:55,8,8,동탄/용인,1,16
435,12:55,9,9,평택,3,"9,45,58"
436,12:56,1,1,서울역,4,"5,10,23,46"
436,12:56,10,10,인천공항,8,"1,17,33,38,40,44,51,59"
436,12:56,2,2,수서,1,12
436,12:56,3,3,삼성,2,"2,18"
436,12:56,4,4,여의도,7,"3,14,22,27,29,31,39"
436,12:56,5,5,김포공항,2,"20,43"
436,12:56,6,6,일산,4,"32,41,50,54"
436,12:56,7,7,판교,1,34
436,12:56,8,8,동탄/용인,1,16
436,12:56,9,9,평택,3,"9,45,58"
437,12:57,1,1,서울역,4,"5,10,23,46"
437,12:57,10,10,인천공항,8,"1,17,33,38,40,44,51,59"
437,12:57,2,2,수서,1,12
437,12:57,3,3,삼성,2,"2,18"
437,12:57,4,4,여의도,8,"3,8,14,22,27,29,31,39"
437,12:57,5,5,김포공항,4,"19,20,35,43"
437,12:57,6,6,일산,4,"32,41,50,54"
437,12:57,7,7,판교,2,"30,34"
437,12:57,8,8,동탄/용인,1,16
437,12:57,9,9,평택,3,"9,25,45"
438,12:58,1,1,서울역,4,"5,10,23,46"
438,12:58,10,10,인천공항,8,"1,17,33,38,40,44,51,59"
438,12:58,2,2,수서,1,12
438,12:58,3,3,삼성,2,"2,18"
438,12:58,4,4,여의도,7,"3,8,14,22,27,29,39"
438,12:58,5,5,김포공항,4,"19,20,35,43"
438,12:58,6,6,일산,5,"11,32,41,50,54"
438,12:58,7,7,판교,2,"30,34"
438,12:58,8,8,동탄/용인,1,16
438,12:58,9,9,평택,3,"9,25,45"
439,12:59,1,1,서울역,4,"5,10,23,46"
439,12:59,10,10,인천공항,9,"1,17,24,33,38,40,44,51,59"
439,12:59,2,2,수서,1,12
439,12:59,3,3,삼성,2,"2,18"
439,12:59,4,4,여의도,7,"3,8,14,22,27,29,39"
439,12:59,5,5,김포공항,4,"19,20,35,43"
439,12:59,6,6,일산,5,"11,32,41,50,54"
439,12:59,7,7,판교,3,"6,30,34"
439,12:59,8,8,동탄/용인,1,16
439,12:59,9,9,평택,3,"9,25,45"
440,13:00,1,1,서울역,4,"5,10,23,46"
440,13:00,10,10,인천공항,10,"1,17,24,33,38,40,44,51,56,59"
440,13:00,2,2,수서,1,12
440,13:00,3,3,삼성,2,"18,26"
440,13:00,4,4,여의도,5,"3,14,27,29,39"
440,13:00,5,5,김포공항,3,"19,35,43"
440,13:00,6,6,일산,5,"11,32,41,50,54"
440,13:00,7,7,판교,3,"6,7,34"
440,13:00,8,8,동탄/용인,1,16
440,13:00,9,9,평택,4,"9,25,45,52"
441,13:01,1,1,서울역,3,"5,23,46"
441,13:01,10,10,인천공항,10,"1,17,24,33,38,40,44,51,56,59"
441,13:01,2,2,수서,1,12
441,13:01,3,3,삼성,2,"26,53"
441,13:01,4,4,여의도,5,"3,14,27,29,39"
441,13:01,5,5,김포공항,3,"19,35,43"
441,13:01,6,6,일산,5,"11,32,41,50,54"
441,13:01,7,7,판교,3,"6,7,34"
441,13:01,8,8,동탄/용인,1,16
441,13:01,9,9,평택,4,"9,25,45,52"
442,13:02,1,1,서울역,2,"23,46"
442,13:02,10,10,인천공항,10,"1,17,24,33,38,40,44,51,56,59"
442,13:02,2,2,수서,1,12
442,13:02,3,3,삼성,3,"21,26,53"
442,13:02,4,4,여의도,5,"3,14,27,29,39"
442,13:02,5,5,김포공항,3,"19,35,43"
442,13:02,6,6,일산,5,"11,32,41,50,54"
442,13:02,7,7,판교,2,"7,34"
442,13:02,8,8,동탄/용인,1,16
442,13:02,9,9,평택,4,"9,25,45,52"
443,13:03,1,1,서울역,2,"23,46"
443,13:03,10,10,인천공항,11,"1,17,24,33,38,40,44,48,51,56,59"
443,13:03,2,2,수서,1,12
443,13:03,3,3,삼성,3,"21,26,53"
443,13:03,4,4,여의도,6,"3,4,14,27,29,39"
443,13:03,5,5,김포공항,4,"13,19,35,43"
443,13:03,6,6,일산,5,"11,32,41,50,54"
443,13:03,7,7,판교,2,"7,34"
443,13:03,8,8,동탄/용인,1,16
443,13:03,9,9,평택,5,"9,25,28,45,52"
444,13:04,1,1,서울역,2,"23,46"
444,13:04,10,10,인천공항,11,"1,17,24,33,38,40,44,48,51,56,59"
444,13:04,2,2,수서,1,12
444,13:04,3,3,삼성,3,"21,26,53"
444,13:04,4,4,여의도,5,"3,4,14,27,39"
444,13:04,5,5,김포공항,4,"13,19,35,43"
444,13:04,6,6,일산,5,"11,32,41,50,54"
444,13:04,7,7,판교,2,"7,34"
444,13:04,8,8,동탄/용인,1,16
444,13:04,9,9,평택,3,"25,28,52"
445,13:05,1,1,서울역,2,"23,46"
445,13:05,10,10,인천공항,10,"1,17,24,33,38,40,48,51,56,59"
445,13:05,2,2,수서,1,12
445,13:05,3,3,삼성,4,"15,21,26,53"
445,13:05,4,4,여의도,5,"3,4,14,27,39"
445,13:05,5,5,김포공항,4,"13,19,35,43"
445,13:05,6,6,일산,4,"11,50,54,55"
445,13:05,7,7,판교,2,"7,34"
445,13:05,8,8,동탄/용인,1,16
445,13:05,9,9,평택,3,"25,28,52"
446,13:06,1,1,서울역,2,"23,46"
446,13:06,10,10,인천공항,10,"1,17,24,33,38,40,48,51,56,59"
446,13:06,2,2,수서,1,12
446,13:06,3,3,삼성,4,"15,21,26,53"
446,13:06,4,4,여의도,6,"3,4,14,27,37,39"
446,13:06,5,5,김포공항,4,"13,19,35,43"
446,13:06,6,6,일산,4,"11,50,54,55"
446,13:06,7,7,판교,2,"7,34"
446,13:06,8,8,동탄/용인,1,16
446,13:06,9,9,평택,3,"25,28,42"
447,13:07,1,1,서울역,3,"23,30,46"
447,13:07,10,10,인천공항,10,"1,17,24,33,38,40,48,51,56,59"
447,13:07,2,2,수서,1,12
447,13:07,3,3,삼성,4,"15,21,26,53"
447,13:07,4,4,여의도,6,"3,4,14,27,37,39"
447,13:07,5,5,김포공항,4,"13,19,35,43"
447,13:07,6,6,일산,4,"11,50,54,55"
447,13:07,7,7,판교,3,"7,22,34"
447,13:07,9,9,평택,4,"25,28,42,47"
448,13:08,1,1,서울역,3,"23,30,46"
448,13:08,10,10,인천공항,10,"1,17,24,33,38,40,48,51,56,59"
448,13:08,3,3,삼성,3,"21,26,53"
448,13:08,4,4,여의도,7,"0,3,4,14,27,37,39"
448,13:08,5,5,김포공항,4,"13,19,35,43"
448,13:08,6,6,일산,4,"11,50,54,55"
448,13:08,7,7,판교,4,"7,10,22,34"
448,13:08,9,9,평택,5,"25,28,36,42,47"
449,13:09,1,1,서울역,3,"23,30,46"
449,13:09,10,10,인천공항,9,"1,17,24,38,40,48,51,56,59"
449,13:09,2,2,수서,1,5
449,13:09,3,3,삼성,2,"26,53"
449,13:09,4,4,여의도,8,"0,3,4,6,14,27,37,39"
449,13:09,5,5,김포공항,4,"13,19,35,43"
449,13:09,6,6,일산,4,"11,50,54,55"
449,13:09,7,7,판교,4,"7,10,22,34"
449,13:09,9,9,평택,5,"25,28,36,42,47"
450,13:10,1,1,서울역,3,"23,30,46"
450,13:10,10,10,인천공항,10,"1,17,24,31,38,40,48,51,56,59"
450,13:10,2,2,수서,1,5
450,13:10,3,3,삼성,1,26
450,13:10,4,4,여의도,7,"0,4,6,14,27,37,39"
450,13:10,5,5,김포공항,4,"13,19,35,43"
450,13:10,6,6,일산,4,"11,50,54,55"
450,13:10,7,7,판교,3,"10,20,34"
450,13:10,9,9,평택,7,"25,28,36,42,47,49,57"
451,13:11,1,1,서울역,3,"23,30,46"
451,13:11,10,10,인천공항,10,"1,17,24,31,38,40,48,51,56,59"
451,13:11,2,2,수서,2,"5,15"
451,13:11,3,3,삼성,1,26
451,13:11,4,4,여의도,6,"0,4,6,27,37,39"
451,13:11,5,5,김포공항,4,"13,19,35,43"
451,13:11,6,6,일산,5,"11,18,50,54,55"
451,13:11,7,7,판교,3,"10,20,34"
451,13:11,9,9,평택,7,"25,28,36,42,47,49,57"
452,13:12,1,1,서울역,4,"23,30,32,46"
452,13:12,10,10,인천공항,11,"1,8,17,24,31,38,40,48,51,56,59"
452,13:12,2,2,수서,3,"5,15,21"
452,13:12,3,3,삼성,1,26
452,13:12,4,4,여의도,6,"0,4,6,27,37,39"
452,13:12,5,5,김포공항,4,"13,19,35,43"
452,13:12,6,6,일산,5,"11,18,50,54,55"
452,13:12,7,7,판교,3,"10,20,34"
452,13:12,9,9,평택,7,"25,28,36,42,47,49,57"
453,13:13,1,1,서울역,5,"23,30,32,46,58"
453,13:13,10,10,인천공항,11,"1,8,17,24,31,38,40,48,51,56,59"
453,13:13,2,2,수서,3,"5,15,21"
453,13:13,3,3,삼성,1,26
453,13:13,4,4,여의도,6,"0,4,6,27,37,39"
453,13:13,5,5,김포공항,4,"13,19,35,43"
453,13:13,6,6,일산,5,"11,18,50,54,55"
453,13:13,7,7,판교,2,"10,34"
453,13:13,9,9,평택,7,"25,28,36,42,47,49,57"
454,13:14,1,1,서울역,5,"23,30,32,46,58"
454,13:14,10,10,인천공항,11,"1,8,17,24,31,38,40,48,51,56,59"
454,13:14,2,2,수서,2,"5,21"
454,13:14,3,3,삼성,1,26
454,13:14,4,4,여의도,6,"0,4,6,27,37,39"
454,13:14,5,5,김포공항,3,"19,35,43"
454,13:14,6,6,일산,4,"11,18,50,55"
454,13:14,7,7,판교,2,"10,34"
454,13:14,9,9,평택,5,"25,28,47,49,57"
455,13:15,1,1,서울역,5,"23,30,32,46,58"
455,13:15,10,10,인천공항,11,"1,8,17,24,31,38,40,48,51,56,59"
455,13:15,2,2,수서,1,5
455,13:15,3,3,삼성,1,26
455,13:15,4,4,여의도,6,"0,4,6,27,37,39"
455,13:15,5,5,김포공항,3,"19,35,43"
455,13:15,6,6,일산,4,"11,18,50,55"
455,13:15,7,7,판교,2,"10,34"
455,13:15,9,9,평택,6,"2,25,28,47,49,57"
456,13:16,1,1,서울역,5,"23,30,32,46,58"
456,13:16,10,10,인천공항,11,"1,8,17,24,31,38,40,48,51,56,59"
456,13:16,2,2,수서,2,"3,5"
456,13:16,3,3,삼성,1,26
456,13:16,4,4,여의도,5,"0,6,27,37,39"
456,13:16,5,5,김포공항,4,"12,19,35,43"
456,13:16,6,6,일산,4,"11,18,50,55"
456,13:16,7,7,판교,1,10
456,13:16,9,9,평택,6,"2,25,28,47,49,57"
457,13:17,1,1,서울역,6,"7,23,30,32,46,58"
457,13:17,10,10,인천공항,10,"1,8,17,24,31,40,48,51,56,59"
457,13:17,2,2,수서,2,"3,5"
457,13:17,3,3,삼성,2,"16,26"
457,13:17,4,4,여의도,6,"0,6,22,27,37,39"
457,13:17,5,5,김포공항,4,"12,19,35,43"
457,13:17,6,6,일산,4,"11,18,50,55"
457,13:17,7,7,판교,2,"10,41"
457,13:17,9,9,평택,6,"2,25,28,47,49,57"
458,13:18,1,1,서울역,6,"7,23,30,32,46,58"
458,13:18,10,10,인천공항,10,"1,8,17,24,31,40,48,51,56,59"
458,13:18,2,2,수서,3,"3,5,9"
458,13:18,3,3,삼성,2,"16,26"
458,13:18,4,4,여의도,6,"0,6,22,27,37,39"
458,13:18,5,5,김포공항,4,"12,19,35,43"
458,13:18,6,6,일산,3,"18,50,55"
458,13:18,7,7,판교,3,"10,14,41"
458,13:18,9,9,평택,6,"2,25,28,47,49,57"
459,13:19,1,1,서울역,6,"7,23,30,32,46,58"
459,13:19,10,10,인천공항,9,"1,8,17,24,31,40,51,56,59"
459,13:19,2,2,수서,3,"3,5,9"
459,13:19,3,3,삼성,2,"16,26"
459,13:19,4,4,여의도,7,"0,6,22,27,37,39,45"
459,13:19,5,5,김포공항,5,"12,19,33,35,43"
459,13:19,6,6,일산,3,"18,50,55"
459,13:19,7,7,판교,3,"10,14,41"
459,13:19,9,9,평택,7,"2,25,28,29,47,49,57"
460,13:20,1,1,서울역,5,"7,23,30,32,46"
460,13:20,10,10,인천공항,9,"1,8,17,24,31,40,51,56,59"
460,13:20,2,2,수서,3,"3,5,9"
460,13:20,3,3,삼성,1,44
460,13:20,4,4,여의도,6,"0,22,27,37,39,45"
460,13:20,5,5,김포공항,5,"12,19,33,35,43"
460,13:20,6,6,일산,3,"18,50,55"
460,13:20,7,7,판교,3,"10,14,41"
460,13:20,9,9,평택,6,"2,25,29,47,49,57"
461,13:21,1,1,서울역,5,"7,23,30,32,46"
461,13:21,10,10,인천공항,9,"1,8,17,24,31,40,51,56,59"
461,13:21,2,2,수서,3,"3,5,9"
461,13:21,3,3,삼성,2,"44,52"
461,13:21,4,4,여의도,6,"0,22,27,37,39,45"
461,13:21,5,5,김포공항,3,"33,35,43"
461,13:21,6,6,일산,3,"18,50,55"
461,13:21,7,7,판교,3,"10,14,41"
461,13:21,9,9,평택,4,"2,29,49,57"
462,13:22,1,1,서울역,5,"7,23,30,32,46"
462,13:22,10,10,인천공항,9,"1,8,17,24,31,40,51,56,59"
462,13:22,2,2,수서,3,"3,4,9"
462,13:22,3,3,삼성,2,"44,52"
462,13:22,4,4,여의도,6,"0,22,27,37,39,45"
462,13:22,5,5,김포공항,3,"15,35,43"
462,13:22,6,6,일산,3,"18,50,55"
462,13:22,7,7,판교,3,"10,14,41"
462,13:22,9,9,평택,4,"2,29,49,57"
463,13:23,1,1,서울역,6,"7,23,30,32,34,46"
463,13:23,10,10,인천공항,8,"1,8,17,24,31,51,56,59"
463,13:23,2,2,수서,3,"3,4,9"
463,13:23,3,3,삼성,2,"44,52"
463,13:23,4,4,여의도,5,"0,22,37,39,45"
463,13:23,5,5,김포공항,4,"15,20,35,43"
463,13:23,6,6,일산,3,"18,50,55"
463,13:23,7,7,판교,3,"10,14,41"
463,13:23,9,9,평택,4,"2,29,49,57"
464,13:24,1,1,서울역,5,"7,30,32,34,46"
464,13:24,10,10,인천공항,8,"1,8,17,24,31,51,56,59"
464,13:24,2,2,수서,3,"3,4,9"
464,13:24,3,3,삼성,2,"44,52"
464,13:24,4,4,여의도,5,"0,22,37,39,45"
464,13:24,5,5,김포공항,3,"15,20,35"
464,13:24,6,6,일산,2,"18,50"
464,13:24,7,7,판교,2,"10,41"
464,13:24,9,9,평택,4,"2,29,49,57"
465,13:25,1,1,서울역,5,"7,30,32,34,46"
465,13:25,10,10,인천공항,9,"1,8,17,24,31,51,53,56,59"
465,13:25,2,2,수서,3,"3,4,9"
465,13:25,3,3,삼성,2,"44,52"
465,13:25,4,4,여의도,5,"0,22,37,39,45"
465,13:25,5,5,김포공항,3,"15,20,35"
465,13:25,6,6,일산,2,"18,50"
465,13:25,7,7,판교,1,10
465,13:25,9,9,평택,4,"2,29,49,57"
466,13:26,1,1,서울역,2,"7,46"
466,13:26,10,10,인천공항,9,"1,8,17,24,31,51,53,56,59"
466,13:26,2,2,수서,3,"3,4,9"
466,13:26,3,3,삼성,2,"44,52"
466,13:26,4,4,여의도,5,"0,22,37,39,45"
466,13:26,5,5,김포공항,2,"15,35"
466,13:26,6,6,일산,3,"18,21,50"
466,13:26,7,7,판교,2,"10,54"
466,13:26,8,8,동탄/용인,1,28
466,13:26,9,9,평택,4,"2,29,49,57"
467,13:27,1,1,서울역,2,"7,46"
467,13:27,10,10,인천공항,9,"1,8,17,24,31,51,53,56,59"
467,13:27,2,2,수서,3,"3,4,9"
467,13:27,3,3,삼성,2,"44,52"
467,13:27,4,4,여의도,5,"0,16,37,39,45"
467,13:27,5,5,김포공항,2,"15,35"
467,13:27,6,6,일산,3,"18,21,50"
467,13:27,7,7,판교,3,"6,54,58"
467,13:27,8,8,동탄/용인,1,28
467,13:27,9,9,평택,4,"2,29,49,57"
468,13:28,1,1,서울역,2,"7,46"
468,13:28,10,10,인천공항,9,"1,8,17,24,31,51,53,56,59"
468,13:28,2,2,수서,3,"3,4,9"
468,13:28,3,3,삼성,2,"44,52"
468,13:28,4,4,여의도,5,"0,16,37,39,45"
468,13:28,5,5,김포공항,2,"15,35"
468,13:28,6,6,일산,4,"12,18,21,50"
468,13:28,7,7,판교,3,"6,54,58"
468,13:28,8,8,동탄/용인,1,28
468,13:28,9,9,평택,3,"2,29,49"
469,13:29,1,1,서울역,2,"7,46"
469,13:29,10,10,인천공항,9,"1,8,17,24,31,51,53,56,59"
469,13:29,2,2,수서,3,"3,4,9"
469,13:29,3,3,삼성,4,"36,42,44,52"
469,13:29,4,4,여의도,6,"0,16,37,38,39,45"
469,13:29,5,5,김포공항,2,"15,35"
469,13:29,6,6,일산,3,"12,18,50"
469,13:29,7,7,판교,3,"6,54,58"
469,13:29,9,9,평택,3,"2,29,49"
470,13:30,1,1,서울역,2,"7,46"
470,13:30,10,10,인천공항,8,"8,17,24,31,51,53,56,59"
470,13:30,2,2,수서,3,"3,4,9"
470,13:30,3,3,삼성,4,"33,36,42,44"
470,13:30,4,4,여의도,6,"0,16,34,38,39,45"
470,13:30,5,5,김포공항,3,"5,15,35"
470,13:30,6,6,일산,3,"12,18,50"
470,13:30,7,7,판교,3,"6,11,54"
470,13:30,8,8,동탄/용인,1,26
470,13:30,9,9,평택,2,"29,49"
471,13:31,1,1,서울역,2,"7,46"
471,13:31,10,10,인천공항,8,"8,17,24,31,51,53,56,59"
471,13:31,2,2,수서,3,"3,4,9"
471,13:31,3,3,삼성,4,"33,36,42,44"
471,13:31,4,4,여의도,7,"0,14,16,34,38,39,45"
471,13:31,5,5,김포공항,3,"5,15,35"
471,13:31,6,6,일산,3,"18,43,50"
471,13:31,7,7,판교,4,"6,11,19,54"
471,13:31,8,8,동탄/용인,1,26
471,13:31,9,9,평택,3,"13,29,49"
472,13:32,1,1,서울역,2,"7,46"
472,13:32,10,10,인천공항,7,"8,17,31,51,53,56,59"
472,13:32,2,2,수서,3,"3,4,9"
472,13:32,3,3,삼성,4,"33,36,42,44"
472,13:32,4,4,여의도,9,"0,14,16,20,34,38,39,41,45"
472,13:32,5,5,김포공항,3,"5,15,35"
472,13:32,6,6,일산,3,"18,43,50"
472,13:32,7,7,판교,4,"6,11,19,54"
472,13:32,8,8,동탄/용인,1,26
472,13:32,9,9,평택,3,"13,29,49"
473,13:33,1,1,서울역,2,"7,46"
473,13:33,10,10,인천공항,7,"8,17,31,51,53,56,59"
473,13:33,2,2,수서,3,"3,4,9"
473,13:33,3,3,삼성,3,"36,42,44"
473,13:33,4,4,여의도,7,"14,16,20,38,39,41,45"
473,13:33,5,5,김포공항,3,"5,15,35"
473,13:33,6,6,일산,3,"18,43,50"
473,13:33,7,7,판교,4,"6,11,19,54"
473,13:33,9,9,평택,3,"13,29,49"
474,13:34,1,1,서울역,2,"7,46"
474,13:34,10,10,인천공항,6,"8,17,31,51,56,59"
474,13:34,2,2,수서,2,"4,9"
474,13:34,3,3,삼성,4,"36,42,44,48"
474,13:34,4,4,여의도,8,"10,14,16,20,38,39,41,45"
474,13:34,5,5,김포공항,3,"5,15,35"
474,13:34,6,6,일산,5,"18,22,40,43,50"
474,13:34,7,7,판교,3,"6,11,54"
474,13:34,9,9,평택,3,"13,29,49"
475,13:35,1,1,서울역,2,"7,46"
475,13:35,10,10,인천공항,6,"8,17,31,51,56,59"
475,13:35,2,2,수서,2,"4,25"
475,13:35,3,3,삼성,4,"36,42,44,48"
475,13:35,4,4,여의도,7,"10,14,16,38,39,41,45"
475,13:35,5,5,김포공항,3,"5,15,35"
475,13:35,6,6,일산,5,"18,22,40,43,50"
475,13:35,7,7,판교,3,"6,11,54"
475,13:35,9,9,평택,3,"13,29,49"
476,13:36,1,1,서울역,2,"7,46"
476,13:36,10,10,인천공항,6,"8,17,31,51,56,59"
476,13:36,2,2,수서,3,"4,25,37"
476,13:36,3,3,삼성,4,"36,42,44,48"
476,13:36,4,4,여의도,7,"10,14,16,38,39,41,45"
476,13:36,5,5,김포공항,3,"5,15,35"
476,13:36,6,6,일산,5,"18,22,40,43,50"
476,13:36,7,7,판교,4,"6,11,54,55"
476,13:36,8,8,동탄/용인,1,2
476,13:36,9,9,평택,3,"13,29,49"
477,13:37,1,1,서울역,3,"7,46,47"
477,13:37,10,10,인천공항,7,"8,17,23,31,51,56,59"
477,13:37,2,2,수서,3,"4,25,37"
477,13:37,3,3,삼성,4,"36,42,44,48"
477,13:37,4,4,여의도,6,"10,14,38,39,41,45"
477,13:37,5,5,김포공항,3,"5,15,35"
477,13:37,6,6,일산,4,"18,22,40,50"
477,13:37,7,7,판교,5,"6,11,52,54,55"
477,13:37,8,8,동탄/용인,1,2
477,13:37,9,9,평택,2,"29,49"
478,13:38,1,1,서울역,2,"46,47"
478,13:38,10,10,인천공항,7,"8,17,23,31,51,56,59"
478,13:38,2,2,수서,3,"4,25,37"
478,13:38,3,3,삼성,4,"36,42,44,48"
478,13:38,4,4,여의도,6,"10,14,38,39,41,45"
478,13:38,5,5,김포공항,3,"5,15,35"
478,13:38,6,6,일산,4,"18,22,40,50"
478,13:38,7,7,판교,4,"6,11,52,55"
478,13:38,8,8,동탄/용인,2,"2,30"
478,13:38,9,9,평택,3,"27,29,49"
479,13:39,1,1,서울역,2,"46,47"
479,13:39,10,10,인천공항,7,"8,17,23,31,51,56,59"
479,13:39,2,2,수서,3,"4,25,37"
479,13:39,3,3,삼성,6,"21,28,36,42,44,48"
479,13:39,4,4,여의도,6,"10,14,38,39,41,45"
479,13:39,5,5,김포공항,3,"5,15,35"
479,13:39,6,6,일산,4,"18,22,40,50"
479,13:39,7,7,판교,3,"6,52,55"
479,13:39,8,8,동탄/용인,1,30
479,13:39,9,9,평택,3,"27,29,49"
480,13:40,1,1,서울역,2,"46,47"
480,13:40,10,10,인천공항,6,"8,17,23,31,56,59"
480,13:40,2,2,수서,2,"25,37"
480,13:40,3,3,삼성,7,"0,21,28,36,42,44,48"
480,13:40,4,4,여의도,6,"10,14,38,39,41,45"
480,13:40,5,5,김포공항,3,"5,35,58"
480,13:40,6,6,일산,2,"40,50"
480,13:40,7,7,판교,2,"6,55"
480,13:40,8,8,동탄/용인,1,30
480,13:40,9,9,평택,3,"27,29,49"
481,13:41,1,1,서울역,2,"46,47"
481,13:41,10,10,인천공항,6,"8,17,23,31,56,59"
481,13:41,2,2,수서,3,"20,25,37"
481,13:41,3,3,삼성,7,"0,21,28,36,42,44,48"
481,13:41,4,4,여의도,6,"10,14,19,38,41,45"
481,13:41,5,5,김포공항,3,"5,35,58"
481,13:41,6,6,일산,2,"40,50"
481,13:41,7,7,판교,2,"6,55"
481,13:41,8,8,동탄/용인,1,30
481,13:41,9,9,평택,3,"27,29,49"
482,13:42,1,1,서울역,2,"46,47"
482,13:42,10,10,인천공항,6,"8,17,23,31,56,59"
482,13:42,2,2,수서,3,"20,25,37"
482,13:42,3,3,삼성,5,"0,36,42,44,48"
482,13:42,4,4,여의도,7,"1,10,14,19,38,41,45"
482,13:42,5,5,김포공항,3,"5,35,58"
482,13:42,6,6,일산,2,"40,50"
482,13:42,7,7,판교,2,"6,55"
482,13:42,8,8,동탄/용인,1,30
482,13:42,9,9,평택,4,"27,29,32,49"
483,13:43,1,1,서울역,2,"46,47"
483,13:43,10,10,인천공항,6,"8,17,23,31,56,59"
483,13:43,2,2,수서,2,"20,25"
483,13:43,3,3,삼성,5,"0,36,42,44,48"
483,13:43,4,4,여의도,7,"1,10,14,19,38,41,45"
483,13:43,5,5,김포공항,3,"5,9,58"
483,13:43,6,6,일산,3,"33,40,50"
483,13:43,7,7,판교,3,"6,12,55"
483,13:43,8,8,동탄/용인,1,30
483,13:43,9,9,평택,4,"27,29,32,49"
484,13:44,1,1,서울역,3,"46,47,57"
484,13:44,10,10,인천공항,6,"8,17,23,31,56,59"
484,13:44,2,2,수서,1,25
484,13:44,3,3,삼성,5,"0,36,42,44,48"
484,13:44,4,4,여의도,6,"1,10,14,19,41,45"
484,13:44,5,5,김포공항,2,"5,9"
484,13:44,6,6,일산,3,"33,40,50"
484,13:44,7,7,판교,3,"6,12,55"
484,13:44,8,8,동탄/용인,1,30
484,13:44,9,9,평택,4,"27,29,32,49"
485,13:45,1,1,서울역,4,"46,47,54,57"
485,13:45,10,10,인천공항,6,"8,17,23,31,56,59"
485,13:45,2,2,수서,2,"25,28"
485,13:45,3,3,삼성,5,"0,36,42,44,48"
485,13:45,4,4,여의도,5,"1,10,14,19,41"
485,13:45,5,5,김포공항,2,"5,9"
485,13:45,6,6,일산,3,"33,40,50"
485,13:45,7,7,판교,3,"6,12,55"
485,13:45,8,8,동탄/용인,1,30
485,13:45,9,9,평택,4,"27,29,32,49"
486,13:46,1,1,서울역,4,"46,47,54,57"
486,13:46,10,10,인천공항,4,"8,17,23,59"
486,13:46,2,2,수서,2,"25,28"
486,13:46,3,3,삼성,5,"0,36,42,44,48"
486,13:46,4,4,여의도,6,"1,10,14,15,19,41"
486,13:46,5,5,김포공항,2,"5,9"
486,13:46,6,6,일산,3,"33,40,50"
486,13:46,7,7,판교,2,"6,12"
486,13:46,8,8,동탄/용인,1,30
486,13:46,9,9,평택,4,"27,29,32,49"
487,13:47,1,1,서울역,5,"4,46,47,54,57"
487,13:47,10,10,인천공항,3,"8,23,59"
487,13:47,2,2,수서,2,"25,28"
487,13:47,3,3,삼성,6,"0,24,36,42,44,48"
487,13:47,4,4,여의도,6,"1,10,14,15,19,41"
487,13:47,5,5,김포공항,2,"5,9"
487,13:47,6,6,일산,3,"33,40,50"
487,13:47,7,7,판교,2,"6,12"
487,13:47,9,9,평택,4,"27,29,32,49"
488,13:48,1,1,서울역,5,"4,46,47,54,57"
488,13:48,10,10,인천공항,3,"8,23,59"
488,13:48,2,2,수서,1,25
488,13:48,3,3,삼성,6,"0,24,36,42,44,48"
488,13:48,4,4,여의도,6,"1,10,14,15,19,41"
488,13:48,5,5,김포공항,2,"5,9"
488,13:48,6,6,일산,3,"33,40,50"
488,13:48,7,7,판교,3,"6,12,39"
488,13:48,9,9,평택,5,"27,29,32,34,49"
489,13:49,1,1,서울역,5,"4,46,47,54,57"
489,13:49,10,10,인천공항,3,"8,23,59"
489,13:49,2,2,수서,1,25
489,13:49,3,3,삼성,7,"0,24,36,42,44,48,53"
489,13:49,4,4,여의도,5,"10,14,19,35,41"
489,13:49,5,5,김포공항,3,"5,9,11"
489,13:49,6,6,일산,3,"33,40,50"
489,13:49,7,7,판교,3,"6,39,43"
489,13:49,9,9,평택,5,"27,29,32,34,49"
490,13:50,1,1,서울역,4,"46,47,54,57"
490,13:50,10,10,인천공항,4,"3,8,23,59"
490,13:50,2,2,수서,1,25
490,13:50,3,3,삼성,7,"0,24,36,42,44,48,53"
490,13:50,4,4,여의도,7,"2,10,14,19,35,41,58"
490,13:50,5,5,김포공항,3,"5,9,11"
490,13:50,6,6,일산,3,"26,40,50"
490,13:50,7,7,판교,3,"6,39,43"
490,13:50,9,9,평택,5,"27,29,32,34,49"
491,13:51,1,1,서울역,5,"20,46,47,54,57"
491,13:51,10,10,인천공항,5,"3,7,8,23,59"
491,13:51,2,2,수서,3,"13,18,25"
491,13:51,3,3,삼성,7,"0,24,36,42,44,48,53"
491,13:51,4,4,여의도,7,"2,10,14,19,35,41,58"
491,13:51,5,5,김포공항,3,"5,9,11"
491,13:51,6,6,일산,4,"26,40,50,51"
491,13:51,7,7,판교,4,"6,38,39,43"
491,13:51,9,9,평택,4,"27,32,34,49"
492,13:52,1,1,서울역,5,"20,46,47,54,57"
492,13:52,10,10,인천공항,5,"3,7,8,23,59"
492,13:52,2,2,수서,3,"13,18,25"
492,13:52,3,3,삼성,7,"0,24,36,42,44,48,53"
492,13:52,4,4,여의도,5,"2,10,14,19,58"
492,13:52,5,5,김포공항,2,"5,9"
492,13:52,6,6,일산,4,"26,40,50,51"
492,13:52,7,7,판교,6,"6,22,38,39,43,45"
492,13:52,9,9,평택,6,"16,27,32,34,49,52"
493,13:53,1,1,서울역,5,"20,46,47,54,57"
493,13:53,10,10,인천공항,5,"3,7,8,23,59"
493,13:53,2,2,수서,3,"13,18,25"
493,13:53,3,3,삼성,7,"0,24,36,42,44,48,53"
493,13:53,4,4,여의도,4,"10,14,19,55"
493,13:53,5,5,김포공항,1,9
493,13:53,6,6,일산,4,"26,40,50,51"
493,13:53,7,7,판교,6,"6,22,38,39,43,45"
493,13:53,9,9,평택,5,"16,32,34,49,52"
494,13:54,1,1,서울역,4,"46,47,54,57"
494,13:54,10,10,인천공항,5,"3,7,8,23,59"
494,13:54,2,2,수서,2,"13,25"
494,13:54,3,3,삼성,7,"0,24,36,42,44,48,53"
494,13:54,4,4,여의도,3,"14,19,55"
494,13:54,5,5,김포공항,1,9
494,13:54,6,6,일산,4,"26,37,40,50"
494,13:54,7,7,판교,5,"6,22,39,43,45"
494,13:54,9,9,평택,5,"16,32,34,49,52"
495,13:55,1,1,서울역,4,"46,47,54,57"
495,13:55,10,10,인천공항,5,"3,7,8,23,59"
495,13:55,2,2,수서,3,"1,13,25"
495,13:55,3,3,삼성,7,"0,24,36,42,44,48,53"
495,13:55,4,4,여의도,3,"14,19,55"
495,13:55,5,5,김포공항,1,9
495,13:55,6,6,일산,4,"26,37,40,50"
495,13:55,7,7,판교,5,"6,22,39,43,45"
495,13:55,9,9,평택,5,"16,32,34,49,52"
496,13:56,1,1,서울역,4,"46,47,54,57"
496,13:56,10,10,인천공항,5,"3,7,8,23,59"
496,13:56,2,2,수서,3,"1,13,25"
496,13:56,3,3,삼성,7,"0,24,36,42,44,48,53"
496,13:56,4,4,여의도,3,"14,19,55"
496,13:56,5,5,김포공항,1,9
496,13:56,6,6,일산,4,"26,37,40,50"
496,13:56,7,7,판교,6,"6,15,22,39,43,45"
496,13:56,9,9,평택,5,"16,32,34,49,52"
497,13:57,1,1,서울역,5,"33,46,47,54,57"
497,13:57,10,10,인천공항,6,"3,7,8,21,23,59"
497,13:57,2,2,수서,4,"1,4,13,25"
497,13:57,3,3,삼성,8,"0,24,30,36,42,44,48,53"
497,13:57,4,4,여의도,3,"14,19,55"
497,13:57,5,5,김포공항,1,9
497,13:57,6,6,일산,4,"26,37,40,50"
497,13:57,7,7,판교,6,"6,15,22,39,43,45"
497,13:57,9,9,평택,5,"16,32,34,49,52"
498,13:58,1,1,서울역,5,"33,46,47,54,57"
498,13:58,10,10,인천공항,6,"3,7,8,21,23,59"
498,13:58,2,2,수서,4,"1,4,13,25"
498,13:58,3,3,삼성,8,"0,24,30,36,42,44,48,53"
498,13:58,4,4,여의도,4,"11,14,19,55"
498,13:58,5,5,김포공항,1,9
498,13:58,6,6,일산,4,"26,37,40,50"
498,13:58,7,7,판교,6,"6,15,22,39,43,45"
498,13:58,9,9,평택,5,"16,32,34,49,52"
499,13:59,1,1,서울역,6,"31,33,46,47,54,57"
499,13:59,10,10,인천공항,6,"3,7,8,21,23,59"
499,13:59,2,2,수서,4,"1,4,13,25"
499,13:59,3,3,삼성,8,"0,24,30,36,42,44,48,53"
499,13:59,4,4,여의도,4,"11,14,17,19"
499,13:59,5,5,김포공항,2,"9,12"
499,13:59,6,6,일산,5,"26,28,37,40,50"
499,13:59,7,7,판교,6,"6,15,22,35,43,45"
499,13:59,9,9,평택,5,"16,32,34,49,52"
500,14:00,1,1,서울역,6,"31,33,46,47,54,57"
500,14:00,10,10,인천공항,5,"3,7,8,21,23"
500,14:00,2,2,수서,4,"4,10,13,25"
500,14:00,3,3,삼성,8,"0,24,30,36,42,44,48,53"
500,14:00,4,4,여의도,4,"11,14,17,19"
500,14:00,5,5,김포공항,2,"9,12"
500,14:00,6,6,일산,6,"2,26,28,37,40,50"
500,14:00,7,7,판교,7,"6,15,22,35,43,45,58"
500,14:00,9,9,평택,5,"16,32,34,49,52"
501,14:01,1,1,서울역,6,"31,33,46,47,54,57"
501,14:01,10,10,인천공항,4,"3,7,21,23"
501,14:01,2,2,수서,6,"4,5,10,13,20,25"
501,14:01,3,3,삼성,9,"0,24,30,36,42,44,48,53,56"
501,14:01,4,4,여의도,3,"14,17,19"
501,14:01,5,5,김포공항,2,"9,12"
501,14:01,6,6,일산,6,"2,26,28,37,40,50"
501,14:01,7,7,판교,7,"6,15,22,35,43,45,58"
501,14:01,9,9,평택,5,"16,32,34,49,52"
502,14:02,1,1,서울역,5,"33,46,47,54,57"
502,14:02,10,10,인천공항,3,"7,21,23"
502,14:02,2,2,수서,6,"4,5,10,13,20,25"
502,14:02,3,3,삼성,9,"0,24,30,36,42,44,48,53,56"
502,14:02,4,4,여의도,3,"14,17,19"
502,14:02,5,5,김포공항,1,9
502,14:02,6,6,일산,5,"2,26,28,37,50"
502,14:02,7,7,판교,6,"6,22,35,43,45,58"
502,14:02,9,9,평택,5,"16,32,34,49,52"
503,14:03,1,1,서울역,5,"33,46,47,54,57"
503,14:03,10,10,인천공항,3,"7,21,23"
503,14:03,2,2,수서,5,"4,5,13,20,25"
503,14:03,3,3,삼성,9,"0,24,30,36,42,44,48,53,56"
503,14:03,4,4,여의도,3,"14,17,19"
503,14:03,5,5,김포공항,1,9
503,14:03,6,6,일산,3,"2,26,28"
503,14:03,7,7,판교,6,"6,22,35,43,45,58"
503,14:03,8,8,동탄/용인,1,41
503,14:03,9,9,평택,5,"16,32,34,49,52"
504,14:04,1,1,서울역,5,"33,46,47,54,57"
504,14:04,10,10,인천공항,3,"7,21,23"
504,14:04,2,2,수서,5,"4,5,13,20,25"
504,14:04,3,3,삼성,9,"0,24,30,36,42,44,48,53,56"
504,14:04,4,4,여의도,3,"14,17,19"
504,14:04,5,5,김포공항,2,"9,38"
504,14:04,6,6,일산,3,"2,26,28"
504,14:04,7,7,판교,4,"35,43,45,58"
504,14:04,8,8,동탄/용인,1,41
504,14:04,9,9,평택,5,"16,32,34,49,52"
505,14:05,1,1,서울역,5,"33,46,47,54,57"
505,14:05,10,10,인천공항,3,"7,21,23"
505,14:05,2,2,수서,6,"4,5,13,20,25,55"
505,14:05,3,3,삼성,7,"24,30,36,42,44,48,56"
505,14:05,4,4,여의도,2,"14,19"
505,14:05,5,5,김포공항,2,"9,38"
505,14:05,6,6,일산,4,"2,18,26,28"
505,14:05,7,7,판교,4,"35,43,45,58"
505,14:05,8,8,동탄/용인,1,41
505,14:05,9,9,평택,5,"16,32,34,49,52"
506,14:06,1,1,서울역,5,"33,46,47,54,57"
506,14:06,10,10,인천공항,2,"21,23"
506,14:06,2,2,수서,3,"5,20,55"
506,14:06,3,3,삼성,7,"24,30,36,42,44,48,56"
506,14:06,4,4,여의도,4,"1,19,29,39"
506,14:06,5,5,김포공항,2,"9,38"
506,14:06,6,6,일산,4,"2,18,26,28"
506,14:06,7,7,판교,5,"35,43,45,51,58"
506,14:06,8,8,동탄/용인,1,41
506,14:06,9,9,평택,5,"16,32,34,49,52"
507,14:07,1,1,서울역,5,"33,46,47,54,57"
507,14:07,10,10,인천공항,2,"21,23"
507,14:07,2,2,수서,3,"5,27,55"
507,14:07,3,3,삼성,6,"24,30,42,44,48,56"
507,14:07,4,4,여의도,4,"1,19,29,39"
507,14:07,5,5,김포공항,2,"9,38"
507,14:07,6,6,일산,4,"2,18,26,28"
507,14:07,7,7,판교,5,"35,43,45,51,58"
507,14:07,8,8,동탄/용인,1,41
507,14:07,9,9,평택,4,"32,34,49,52"
508,14:08,1,1,서울역,4,"33,46,54,57"
508,14:08,10,10,인천공항,2,"21,23"
508,14:08,2,2,수서,4,"5,27,53,55"
508,14:08,3,3,삼성,6,"24,30,42,44,48,56"
508,14:08,4,4,여의도,5,"1,12,19,29,39"
508,14:08,5,5,김포공항,1,38
508,14:08,6,6,일산,3,"2,18,26"
508,14:08,7,7,판교,6,"11,35,43,45,51,58"
508,14:08,8,8,동탄/용인,1,41
508,14:08,9,9,평택,4,"32,34,49,52"
509,14:09,1,1,서울역,4,"33,46,54,57"
509,14:09,10,10,인천공항,2,"21,23"
509,14:09,2,2,수서,4,"5,27,53,55"
509,14:09,3,3,삼성,5,"24,30,42,44,48"
509,14:09,4,4,여의도,5,"10,12,19,29,39"
509,14:09,5,5,김포공항,1,38
509,14:09,6,6,일산,3,"2,18,26"
509,14:09,7,7,판교,6,"11,35,43,45,51,58"
509,14:09,8,8,동탄/용인,1,41
509,14:09,9,9,평택,3,"32,49,52"
510,14:10,1,1,서울역,4,"33,46,54,57"
510,14:10,10,10,인천공항,2,"21,23"
510,14:10,2,2,수서,4,"5,27,53,55"
510,14:10,3,3,삼성,5,"24,30,42,44,48"
510,14:10,4,4,여의도,5,"10,12,19,29,39"
510,14:10,5,5,김포공항,1,38
510,14:10,6,6,일산,2,"2,18"
510,14:10,7,7,판교,6,"11,35,43,45,51,58"
510,14:10,8,8,동탄/용인,1,41
510,14:10,9,9,평택,2,"32,49"
511,14:11,1,1,서울역,5,"0,33,46,54,57"
511,14:11,10,10,인천공항,2,"21,23"
511,14:11,2,2,수서,3,"5,27,55"
511,14:11,3,3,삼성,5,"24,30,42,44,48"
511,14:11,4,4,여의도,6,"6,10,19,22,29,39"
511,14:11,5,5,김포공항,1,38
511,14:11,6,6,일산,1,2
511,14:11,7,7,판교,6,"11,35,43,45,51,58"
511,14:11,8,8,동탄/용인,1,41
511,14:11,9,9,평택,2,"32,49"
512,14:12,1,1,서울역,5,"0,33,46,54,57"
512,14:12,10,10,인천공항,2,"21,23"
512,14:12,2,2,수서,3,"5,27,55"
512,14:12,3,3,삼성,5,"24,30,40,44,48"
512,14:12,4,4,여의도,4,"6,22,29,39"
512,14:12,5,5,김포공항,1,38
512,14:12,6,6,일산,1,2
512,14:12,7,7,판교,7,"11,17,35,43,45,51,58"
512,14:12,8,8,동탄/용인,1,41
512,14:12,9,9,평택,2,"32,49"
513,14:13,1,1,서울역,6,"0,25,33,46,54,57"
513,14:13,10,10,인천공항,2,"21,23"
513,14:13,2,2,수서,3,"5,27,55"
513,14:13,3,3,삼성,4,"30,40,44,48"
513,14:13,4,4,여의도,5,"6,20,22,29,39"
513,14:13,5,5,김포공항,1,38
513,14:13,6,6,일산,1,2
513,14:13,7,7,판교,8,"11,14,17,35,43,45,51,58"
513,14:13,8,8,동탄/용인,1,41
513,14:13,9,9,평택,2,"32,49"
514,14:14,1,1,서울역,5,"25,33,46,54,57"
514,14:14,10,10,인천공항,2,"21,23"
514,14:14,2,2,수서,3,"5,27,55"
514,14:14,3,3,삼성,3,"30,40,48"
514,14:14,4,4,여의도,6,"3,6,20,22,29,39"
514,14:14,5,5,김포공항,3,"4,13,38"
514,14:14,6,6,일산,2,"2,15"
514,14:14,7,7,판교,8,"11,14,17,35,43,45,51,58"
514,14:14,8,8,동탄/용인,1,41
514,14:14,9,9,평택,2,"32,49"
515,14:15,1,1,서울역,5,"25,33,46,54,57"
515,14:15,10,10,인천공항,3,"21,23,31"
515,14:15,2,2,수서,3,"1,27,55"
515,14:15,3,3,삼성,4,"30,40,48,59"
515,14:15,4,4,여의도,6,"3,6,20,22,29,39"
515,14:15,5,5,김포공항,3,"4,13,38"
515,14:15,6,6,일산,2,"2,15"
515,14:15,7,7,판교,11,"11,14,17,35,37,43,45,47,50,51,58"
515,14:15,9,9,평택,2,"32,49"
516,14:16,1,1,서울역,4,"25,46,54,57"
516,14:16,10,10,인천공항,3,"21,23,31"
516,14:16,2,2,수서,4,"1,9,27,55"
516,14:16,3,3,삼성,4,"8,40,48,59"
516,14:16,4,4,여의도,6,"3,6,20,22,29,39"
516,14:16,5,5,김포공항,3,"4,13,38"
516,14:16,6,6,일산,2,"2,15"
516,14:16,7,7,판교,11,"11,14,17,35,37,43,45,47,50,51,58"
516,14:16,9,9,평택,2,"32,49"
517,14:17,1,1,서울역,4,"25,46,54,57"
517,14:17,10,10,인천공항,3,"21,23,31"
517,14:17,2,2,수서,3,"1,9,27"
517,14:17,3,3,삼성,4,"8,40,48,59"
517,14:17,4,4,여의도,5,"3,6,20,29,39"
517,14:17,5,5,김포공항,4,"4,13,38,56"
517,14:17,6,6,일산,2,"2,15"
517,14:17,7,7,판교,11,"11,14,17,35,37,43,45,47,50,51,58"
517,14:17,9,9,평택,1,49
518,14:18,1,1,서울역,5,"25,42,46,54,57"
518,14:18,10,10,인천공항,3,"21,23,31"
518,14:18,2,2,수서,4,"1,9,10,27"
518,14:18,3,3,삼성,4,"8,28,48,59"
518,14:18,4,4,여의도,6,"3,6,7,20,29,39"
518,14:18,5,5,김포공항,4,"4,13,38,56"
518,14:18,6,6,일산,2,"2,15"
518,14:18,7,7,판교,12,"11,12,14,17,35,37,43,45,47,50,51,58"
518,14:18,9,9,평택,1,49
519,14:19,1,1,서울역,3,"25,42,57"
519,14:19,10,10,인천공항,3,"21,23,31"
519,14:19,2,2,수서,4,"1,9,10,27"
519,14:19,3,3,삼성,4,"8,28,48,59"
519,14:19,4,4,여의도,6,"3,6,7,20,29,39"
519,14:19,5,5,김포공항,4,"4,13,38,56"
519,14:19,6,6,일산,2,"2,15"
519,14:19,7,7,판교,12,"12,14,17,19,35,37,43,45,47,50,51,58"
520,14:20,1,1,서울역,3,"25,42,57"
520,14:20,10,10,인천공항,3,"21,23,31"
520,14:20,2,2,수서,3,"1,9,10"
520,14:20,3,3,삼성,6,"0,8,26,28,48,59"
520,14:20,4,4,여의도,7,"3,6,7,20,24,29,39"
520,14:20,5,5,김포공항,3,"13,38,56"
520,14:20,6,6,일산,2,"2,15"
520,14:20,7,7,판교,7,"12,19,35,37,43,50,58"
521,14:21,1,1,서울역,2,"42,57"
521,14:21,10,10,인천공항,3,"21,23,31"
521,14:21,2,2,수서,2,"9,10"
521,14:21,3,3,삼성,5,"0,8,26,28,48"
521,14:21,4,4,여의도,7,"3,6,7,20,24,39,44"
521,14:21,5,5,김포공항,3,"13,38,56"
521,14:21,6,6,일산,2,"2,15"
521,14:21,7,7,판교,7,"12,19,35,37,43,50,58"
522,14:22,1,1,서울역,2,"42,57"
522,14:22,10,10,인천공항,3,"21,23,31"
522,14:22,2,2,수서,2,"9,10"
522,14:22,3,3,삼성,6,"0,8,16,26,28,48"
522,14:22,4,4,여의도,7,"3,6,7,20,24,39,44"
522,14:22,5,5,김포공항,3,"13,38,56"
522,14:22,6,6,일산,3,"2,15,53"
522,14:22,7,7,판교,7,"12,19,35,37,43,50,58"
522,14:22,9,9,평택,1,36
523,14:23,1,1,서울역,2,"42,57"
523,14:23,10,10,인천공항,3,"21,23,31"
523,14:23,2,2,수서,3,"9,10,22"
523,14:23,3,3,삼성,5,"0,8,16,26,28"
523,14:23,4,4,여의도,5,"3,7,24,39,44"
523,14:23,5,5,김포공항,2,"5,56"
523,14:23,6,6,일산,3,"2,15,53"
523,14:23,7,7,판교,9,"12,18,19,33,35,37,43,50,58"
523,14:23,9,9,평택,1,36
524,14:24,1,1,서울역,1,57
524,14:24,10,10,인천공항,3,"21,23,31"
524,14:24,2,2,수서,3,"9,10,22"
524,14:24,3,3,삼성,5,"0,8,16,26,34"
524,14:24,4,4,여의도,5,"3,7,24,39,44"
524,14:24,5,5,김포공항,3,"5,30,56"
524,14:24,6,6,일산,3,"2,15,53"
524,14:24,7,7,판교,9,"12,18,19,33,35,37,43,50,58"
524,14:24,9,9,평택,1,36
525,14:25,1,1,서울역,1,57
525,14:25,10,10,인천공항,3,"21,23,31"
525,14:25,2,2,수서,2,"10,22"
525,14:25,3,3,삼성,5,"0,16,26,34,41"
525,14:25,4,4,여의도,6,"3,7,24,40,44,52"
525,14:25,5,5,김포공항,4,"5,30,55,56"
525,14:25,6,6,일산,3,"2,15,53"
525,14:25,7,7,판교,8,"12,18,19,33,37,43,50,58"
526,14:26,1,1,서울역,1,57
526,14:26,10,10,인천공항,3,"21,23,31"
526,14:26,2,2,수서,4,"10,22,46,47"
526,14:26,3,3,삼성,4,"16,26,34,41"
526,14:26,4,4,여의도,7,"4,7,11,24,40,44,52"
526,14:26,5,5,김포공항,4,"5,30,55,56"
526,14:26,6,6,일산,1,53
526,14:26,7,7,판교,8,"12,18,19,33,37,43,50,54"
527,14:27,1,1,서울역,5,"14,17,27,45,57"
527,14:27,10,10,인천공항,3,"21,23,31"
527,14:27,2,2,수서,4,"10,22,46,47"
527,14:27,3,3,삼성,4,"16,26,34,41"
527,14:27,4,4,여의도,8,"4,7,11,24,40,44,51,52"
527,14:27,5,5,김포공항,4,"5,30,55,56"
527,14:27,6,6,일산,1,53
527,14:27,7,7,판교,7,"12,18,19,33,37,43,54"
528,14:28,1,1,서울역,5,"14,17,27,45,57"
528,14:28,10,10,인천공항,3,"21,23,31"
528,14:28,2,2,수서,5,"10,22,25,46,47"
528,14:28,3,3,삼성,4,"16,26,34,41"
528,14:28,4,4,여의도,8,"4,7,11,24,40,44,51,52"
528,14:28,5,5,김포공항,4,"5,30,55,56"
528,14:28,7,7,판교,6,"12,18,33,37,43,54"
529,14:29,1,1,서울역,5,"14,17,27,45,57"
529,14:29,10,10,인천공항,3,"21,23,31"
529,14:29,2,2,수서,4,"10,25,46,47"
529,14:29,3,3,삼성,3,"26,34,41"
529,14:29,4,4,여의도,7,"11,13,24,40,44,51,52"
529,14:29,5,5,김포공항,4,"1,30,55,59"
529,14:29,7,7,판교,5,"12,33,37,43,54"
530,14:30,1,1,서울역,3,"17,45,57"
530,14:30,10,10,인천공항,3,"21,23,31"
530,14:30,2,2,수서,3,"25,46,47"
530,14:30,3,3,삼성,3,"26,34,41"
530,14:30,4,4,여의도,8,"11,13,24,40,44,48,51,52"
530,14:30,5,5,김포공항,2,"1,59"
530,14:30,7,7,판교,7,"6,12,20,33,37,43,54"
531,14:31,1,1,서울역,3,"17,45,57"
531,14:31,10,10,인천공항,3,"21,23,31"
531,14:31,2,2,수서,3,"25,46,47"
531,14:31,3,3,삼성,4,"26,34,38,41"
531,14:31,4,4,여의도,8,"11,13,24,40,44,48,51,52"
531,14:31,5,5,김포공항,2,"1,59"
531,14:31,6,6,일산,1,42
531,14:31,7,7,판교,7,"6,12,20,33,37,43,54"
531,14:31,8,8,동탄/용인,1,36
532,14:32,1,1,서울역,5,"9,17,35,45,57"
532,14:32,10,10,인천공항,2,"23,31"
532,14:32,2,2,수서,4,"3,25,46,58"
532,14:32,3,3,삼성,4,"26,34,38,41"
532,14:32,4,4,여의도,8,"8,11,24,32,40,48,51,52"
532,14:32,5,5,김포공항,3,"1,28,59"
532,14:32,6,6,일산,1,42
532,14:32,7,7,판교,7,"6,12,20,37,39,43,54"
532,14:32,8,8,동탄/용인,1,36
533,14:33,1,1,서울역,3,"9,35,45"
533,14:33,10,10,인천공항,2,"23,31"
533,14:33,2,2,수서,4,"3,25,46,58"
533,14:33,3,3,삼성,3,"26,38,41"
533,14:33,4,4,여의도,8,"0,8,11,24,32,40,48,52"
533,14:33,5,5,김포공항,3,"1,28,59"
533,14:33,6,6,일산,1,42
533,14:33,7,7,판교,7,"6,12,20,37,39,43,54"
533,14:33,8,8,동탄/용인,1,36
534,14:34,1,1,서울역,3,"9,35,45"
534,14:34,10,10,인천공항,2,"23,31"
534,14:34,2,2,수서,4,"3,25,46,58"
534,14:34,3,3,삼성,3,"26,38,41"
534,14:34,4,4,여의도,8,"0,8,11,24,32,40,48,52"
534,14:34,5,5,김포공항,3,"1,28,59"
534,14:34,6,6,일산,1,42
534,14:34,7,7,판교,7,"6,12,20,37,39,43,54"
534,14:34,8,8,동탄/용인,2,"36,50"
535,14:35,1,1,서울역,4,"9,19,45,49"
535,14:35,10,10,인천공항,1,31
535,14:35,2,2,수서,4,"3,4,25,46"
535,14:35,3,3,삼성,3,"26,38,41"
535,14:35,4,4,여의도,8,"0,5,8,11,24,40,48,52"
535,14:35,5,5,김포공항,3,"1,28,59"
535,14:35,6,6,일산,1,42
535,14:35,7,7,판교,6,"6,12,20,37,39,43"
535,14:35,8,8,동탄/용인,2,"36,50"
536,14:36,1,1,서울역,5,"9,18,19,45,49"
536,14:36,10,10,인천공항,1,31
536,14:36,2,2,수서,4,"3,4,25,46"
536,14:36,3,3,삼성,3,"26,38,41"
536,14:36,4,4,여의도,8,"0,5,8,11,16,24,40,52"
536,14:36,5,5,김포공항,3,"1,28,59"
536,14:36,6,6,일산,1,42
536,14:36,7,7,판교,6,"6,7,12,37,39,43"
536,14:36,8,8,동탄/용인,2,"36,50"
536,14:36,9,9,평택,1,29
537,14:37,1,1,서울역,5,"9,18,19,45,49"
537,14:37,10,10,인천공항,1,31
537,14:37,2,2,수서,5,"3,4,25,27,46"
537,14:37,3,3,삼성,3,"26,38,41"
537,14:37,4,4,여의도,8,"0,5,8,11,16,24,40,52"
537,14:37,5,5,김포공항,4,"1,22,28,59"
537,14:37,6,6,일산,1,42
537,14:37,7,7,판교,6,"6,7,14,37,39,43"
537,14:37,8,8,동탄/용인,1,36
537,14:37,9,9,평택,1,29
538,14:38,1,1,서울역,5,"9,18,19,45,49"
538,14:38,10,10,인천공항,1,31
538,14:38,2,2,수서,4,"4,25,27,46"
538,14:38,3,3,삼성,6,"26,30,38,41,53,55"
538,14:38,4,4,여의도,6,"0,11,16,24,40,52"
538,14:38,5,5,김포공항,5,"1,10,22,28,59"
538,14:38,6,6,일산,1,42
538,14:38,7,7,판교,8,"2,6,7,14,15,37,39,43"
538,14:38,9,9,평택,1,29
539,14:39,1,1,서울역,6,"9,18,19,32,45,49"
539,14:39,10,10,인천공항,2,"31,56"
539,14:39,2,2,수서,5,"4,25,27,46,51"
539,14:39,3,3,삼성,5,"26,30,41,53,55"
539,14:39,4,4,여의도,5,"11,16,24,33,40"
539,14:39,5,5,김포공항,5,"1,10,22,28,59"
539,14:39,6,6,일산,1,42
539,14:39,7,7,판교,9,"2,6,7,13,14,15,37,39,43"
539,14:39,9,9,평택,1,29
540,14:40,1,1,서울역,6,"9,18,19,32,45,49"
540,14:40,10,10,인천공항,1,56
540,14:40,2,2,수서,2,"4,51"
540,14:40,3,3,삼성,5,"26,30,41,53,55"
540,14:40,4,4,여의도,5,"11,16,24,33,40"
540,14:40,5,5,김포공항,5,"10,22,28,47,59"
540,14:40,7,7,판교,9,"2,7,13,14,15,17,37,39,43"
540,14:40,9,9,평택,1,29
541,14:41,1,1,서울역,5,"9,18,32,45,49"
541,14:41,10,10,인천공항,1,56
541,14:41,2,2,수서,2,"4,51"
541,14:41,3,3,삼성,2,"26,55"
541,14:41,4,4,여의도,5,"11,16,24,33,40"
541,14:41,5,5,김포공항,5,"10,28,34,47,59"
541,14:41,7,7,판교,9,"2,7,13,14,15,17,37,39,43"
541,14:41,9,9,평택,1,29
542,14:42,1,1,서울역,3,"32,45,49"
542,14:42,2,2,수서,2,"4,48"
542,14:42,3,3,삼성,2,"26,55"
542,14:42,4,4,여의도,5,"11,16,24,33,40"
542,14:42,5,5,김포공항,5,"21,28,34,47,59"
542,14:42,7,7,판교,9,"2,7,14,15,17,35,37,39,43"
542,14:42,9,9,평택,1,29
543,14:43,1,1,서울역,3,"32,45,49"
543,14:43,2,2,수서,2,"4,48"
543,14:43,3,3,삼성,4,"25,26,27,55"
543,14:43,4,4,여의도,5,"16,20,24,33,40"
543,14:43,5,5,김포공항,6,"21,28,34,47,58,59"
543,14:43,7,7,판교,9,"2,7,14,15,17,35,37,39,43"
543,14:43,9,9,평택,1,29
544,14:44,1,1,서울역,4,"12,32,45,49"
544,14:44,2,2,수서,3,"4,8,48"
544,14:44,3,3,삼성,3,"25,26,27"
544,14:44,4,4,여의도,5,"16,20,24,33,40"
544,14:44,5,5,김포공항,6,"21,28,34,47,58,59"
544,14:44,7,7,판교,8,"2,14,15,17,35,37,39,43"
544,14:44,9,9,평택,1,29
545,14:45,1,1,서울역,4,"3,12,45,49"
545,14:45,2,2,수서,4,"0,4,8,48"
545,14:45,3,3,삼성,4,"25,26,27,51"
545,14:45,4,4,여의도,2,"20,24"
545,14:45,5,5,김포공항,3,"34,47,58"
545,14:45,7,7,판교,7,"2,5,14,15,17,39,43"
546,14:46,1,1,서울역,4,"3,12,45,49"
546,14:46,10,10,인천공항,1,57
546,14:46,2,2,수서,4,"0,4,8,48"
546,14:46,3,3,삼성,2,"26,51"
546,14:46,4,4,여의도,3,"20,24,46"
546,14:46,5,5,김포공항,3,"34,47,58"
546,14:46,7,7,판교,7,"2,5,14,15,17,39,43"
547,14:47,1,1,서울역,5,"3,6,12,45,49"
547,14:47,10,10,인천공항,1,57
547,14:47,2,2,수서,3,"0,4,8"
547,14:47,3,3,삼성,2,"26,51"
547,14:47,4,4,여의도,4,"20,22,23,46"
547,14:47,5,5,김포공항,3,"34,38,47"
547,14:47,6,6,일산,1,54
547,14:47,7,7,판교,7,"2,5,14,15,17,39,43"
547,14:47,9,9,평택,1,44
548,14:48,1,1,서울역,5,"3,6,12,45,49"
548,14:48,10,10,인천공항,1,57
548,14:48,2,2,수서,4,"0,4,8,13"
548,14:48,3,3,삼성,4,"1,9,26,36"
548,14:48,4,4,여의도,5,"20,22,23,41,46"
548,14:48,5,5,김포공항,3,"34,38,47"
548,14:48,6,6,일산,1,54
548,14:48,7,7,판교,8,"2,5,14,15,17,19,39,43"
548,14:48,9,9,평택,1,44
549,14:49,1,1,서울역,6,"3,6,12,45,49,50"
549,14:49,10,10,인천공항,1,57
549,14:49,2,2,수서,4,"0,4,8,13"
549,14:49,3,3,삼성,4,"1,9,26,36"
549,14:49,4,4,여의도,4,"22,23,41,46"
549,14:49,5,5,김포공항,4,"30,34,38,47"
549,14:49,6,6,일산,1,54
549,14:49,7,7,판교,9,"2,5,14,15,17,18,19,39,43"
549,14:49,9,9,평택,1,44
550,14:50,1,1,서울역,6,"3,6,12,45,49,50"
550,14:50,10,10,인천공항,1,57
550,14:50,2,2,수서,3,"0,4,13"
550,14:50,3,3,삼성,5,"1,9,10,26,36"
550,14:50,4,4,여의도,3,"23,41,46"
550,14:50,5,5,김포공항,4,"30,34,38,47"
550,14:50,6,6,일산,1,54
550,14:50,7,7,판교,8,"2,5,11,17,18,19,39,43"
550,14:50,8,8,동탄/용인,1,52
550,14:50,9,9,평택,1,44
551,14:51,1,1,서울역,6,"3,6,7,12,49,50"
551,14:51,10,10,인천공항,1,57
551,14:51,2,2,수서,3,"0,33,40"
551,14:51,3,3,삼성,4,"10,26,32,36"
551,14:51,4,4,여의도,5,"21,23,28,41,46"
551,14:51,5,5,김포공항,4,"30,34,38,47"
551,14:51,6,6,일산,2,"53,54"
551,14:51,7,7,판교,8,"2,5,11,17,18,19,39,43"
551,14:51,8,8,동탄/용인,1,52
551,14:51,9,9,평택,1,44
552,14:52,1,1,서울역,7,"3,6,7,12,25,49,50"
552,14:52,10,10,인천공항,1,57
552,14:52,2,2,수서,3,"0,33,40"
552,14:52,3,3,삼성,4,"10,26,32,36"
552,14:52,4,4,여의도,6,"21,23,28,31,41,46"
552,14:52,5,5,김포공항,5,"30,34,38,47,55"
552,14:52,6,6,일산,2,"53,54"
552,14:52,7,7,판교,10,"2,5,11,16,17,18,19,39,42,43"
552,14:52,8,8,동탄/용인,1,52
552,14:52,9,9,평택,1,44
553,14:53,1,1,서울역,5,"3,7,12,25,50"
553,14:53,10,10,인천공항,1,57
553,14:53,2,2,수서,3,"0,33,40"
553,14:53,3,3,삼성,4,"26,32,36,59"
553,14:53,4,4,여의도,6,"21,23,28,31,41,46"
553,14:53,5,5,김포공항,5,"30,34,38,47,55"
553,14:53,6,6,일산,2,"53,54"
553,14:53,7,7,판교,10,"2,5,11,16,17,18,19,39,42,43"
553,14:53,8,8,동탄/용인,1,52
553,14:53,9,9,평택,1,44
554,14:54,1,1,서울역,6,"3,7,12,25,48,50"
554,14:54,10,10,인천공항,1,57
554,14:54,2,2,수서,2,"0,40"
554,14:54,3,3,삼성,4,"26,32,36,59"
554,14:54,4,4,여의도,4,"23,31,46,56"
554,14:54,5,5,김포공항,6,"27,30,34,38,47,55"
554,14:54,6,6,일산,2,"53,54"
554,14:54,7,7,판교,11,"2,5,11,16,17,18,19,24,39,42,43"
554,14:54,8,8,동탄/용인,1,52
554,14:54,9,9,평택,1,44
555,14:55,1,1,서울역,5,"3,7,12,25,48"
555,14:55,10,10,인천공항,1,57
555,14:55,2,2,수서,2,"40,58"
555,14:55,3,3,삼성,4,"26,32,36,59"
555,14:55,4,4,여의도,5,"23,31,46,51,56"
555,14:55,5,5,김포공항,6,"27,30,34,38,47,55"
555,14:55,6,6,일산,2,"53,54"
555,14:55,7,7,판교,11,"2,5,11,16,17,18,19,24,39,42,43"
555,14:55,8,8,동탄/용인,1,52
555,14:55,9,9,평택,1,44
556,14:56,1,1,서울역,5,"3,7,12,25,48"
556,14:56,10,10,인천공항,1,57
556,14:56,2,2,수서,2,"40,58"
556,14:56,3,3,삼성,3,"26,32,36"
556,14:56,4,4,여의도,5,"23,31,46,51,56"
556,14:56,5,5,김포공항,6,"27,30,34,38,47,55"
556,14:56,6,6,일산,2,"53,54"
556,14:56,7,7,판교,11,"2,5,11,16,17,18,19,24,39,42,43"
556,14:56,9,9,평택,1,44
557,14:57,1,1,서울역,6,"3,7,9,12,14,25"
557,14:57,10,10,인천공항,1,57
557,14:57,2,2,수서,2,"40,58"
557,14:57,3,3,삼성,4,"26,33,36,45"
557,14:57,4,4,여의도,6,"15,23,31,46,51,56"
557,14:57,5,5,김포공항,6,"27,30,34,38,47,55"
557,14:57,6,6,일산,4,"35,37,53,54"
557,14:57,7,7,판교,12,"2,5,11,16,17,18,19,22,24,39,42,43"
557,14:57,9,9,평택,1,44
558,14:58,1,1,서울역,6,"3,4,9,12,14,25"
558,14:58,2,2,수서,2,"40,58"
558,14:58,3,3,삼성,4,"26,33,36,45"
558,14:58,4,4,여의도,6,"15,23,31,46,51,56"
558,14:58,5,5,김포공항,7,"8,27,30,34,38,47,55"
558,14:58,6,6,일산,4,"35,37,53,54"
558,14:58,7,7,판교,12,"2,5,11,16,17,18,19,22,24,39,42,43"
558,14:58,9,9,평택,1,44
559,14:59,1,1,서울역,6,"3,4,9,12,14,25"
559,14:59,2,2,수서,2,"40,58"
559,14:59,3,3,삼성,4,"26,33,36,45"
559,14:59,4,4,여의도,6,"15,23,31,46,51,56"
559,14:59,5,5,김포공항,9,"1,8,13,27,30,34,38,47,55"
559,14:59,6,6,일산,4,"35,37,53,54"
559,14:59,7,7,판교,11,"5,11,16,17,18,19,22,24,39,42,43"
559,14:59,9,9,평택,1,44
560,15:00,1,1,서울역,6,"3,4,9,12,14,25"
560,15:00,2,2,수서,3,"41,49,58"
560,15:00,3,3,삼성,3,"26,36,45"
560,15:00,4,4,여의도,6,"15,23,29,31,51,56"
560,15:00,5,5,김포공항,6,"1,8,13,34,38,47"
560,15:00,6,6,일산,3,"37,53,54"
560,15:00,7,7,판교,9,"5,6,16,18,19,22,24,39,42"
560,15:00,9,9,평택,1,44
561,15:01,1,1,서울역,6,"3,4,9,12,14,25"
561,15:01,10,10,인천공항,1,20
561,15:01,2,2,수서,3,"41,49,58"
561,15:01,3,3,삼성,2,"36,45"
561,15:01,4,4,여의도,6,"15,23,29,31,51,56"
561,15:01,5,5,김포공항,7,"1,8,10,13,34,38,47"
561,15:01,6,6,일산,3,"37,53,54"
561,15:01,7,7,판교,10,"5,6,16,18,19,21,22,24,28,42"
561,15:01,9,9,평택,1,44
562,15:02,1,1,서울역,6,"3,4,9,12,14,25"
562,15:02,10,10,인천공항,1,20
562,15:02,2,2,수서,4,"41,49,50,58"
562,15:02,3,3,삼성,2,"36,45"
562,15:02,4,4,여의도,5,"15,23,29,31,51"
562,15:02,5,5,김포공항,4,"8,10,34,47"
562,15:02,6,6,일산,3,"37,53,54"
562,15:02,7,7,판교,10,"5,6,16,18,19,21,22,24,28,42"
562,15:02,9,9,평택,1,44
563,15:03,1,1,서울역,6,"3,4,9,12,14,25"
563,15:03,10,10,인천공항,1,20
563,15:03,2,2,수서,3,"41,49,50"
563,15:03,3,3,삼성,2,"36,40"
563,15:03,4,4,여의도,4,"15,23,29,31"
563,15:03,5,5,김포공항,5,"0,8,10,34,47"
563,15:03,6,6,일산,2,"53,54"
563,15:03,7,7,판교,9,"5,6,16,19,21,22,24,28,42"
563,15:03,9,9,평택,1,44
564,15:04,1,1,서울역,5,"3,9,12,14,25"
564,15:04,10,10,인천공항,1,20
564,15:04,2,2,수서,4,"41,48,49,50"
564,15:04,3,3,삼성,2,"36,40"
564,15:04,4,4,여의도,5,"15,23,29,31,32"
564,15:04,5,5,김포공항,4,"0,8,10,34"
564,15:04,6,6,일산,1,53
564,15:04,7,7,판교,8,"5,6,16,21,22,24,28,42"
564,15:04,9,9,평택,1,44
565,15:05,1,1,서울역,3,"9,14,25"
565,15:05,10,10,인천공항,1,20
565,15:05,2,2,수서,3,"41,48,49"
565,15:05,3,3,삼성,2,"36,40"
565,15:05,4,4,여의도,5,"15,23,29,31,32"
565,15:05,5,5,김포공항,4,"0,8,10,34"
565,15:05,6,6,일산,1,53
565,15:05,7,7,판교,9,"5,6,7,16,21,22,24,28,42"
565,15:05,9,9,평택,1,44
566,15:06,1,1,서울역,3,"9,14,25"
566,15:06,10,10,인천공항,1,20
566,15:06,2,2,수서,4,"41,46,48,49"
566,15:06,3,3,삼성,2,"36,52"
566,15:06,4,4,여의도,6,"2,15,23,27,30,32"
566,15:06,5,5,김포공항,4,"0,8,10,34"
566,15:06,6,6,일산,2,"53,59"
566,15:06,7,7,판교,8,"5,6,7,16,21,22,24,28"
566,15:06,9,9,평택,1,44
567,15:07,1,1,서울역,3,"9,14,25"
567,15:07,10,10,인천공항,1,20
567,15:07,2,2,수서,4,"41,46,48,49"
567,15:07,3,3,삼성,1,52
567,15:07,4,4,여의도,8,"2,15,17,23,27,30,32,33"
567,15:07,5,5,김포공항,4,"0,8,10,34"
567,15:07,6,6,일산,2,"53,59"
567,15:07,7,7,판교,7,"5,6,7,21,22,24,28"
568,15:08,1,1,서울역,3,"9,14,25"
568,15:08,10,10,인천공항,1,20
568,15:08,2,2,수서,6,"41,46,48,49,55,56"
568,15:08,3,3,삼성,1,52
568,15:08,4,4,여의도,10,"2,13,15,17,23,27,30,32,33,38"
568,15:08,5,5,김포공항,4,"0,8,10,34"
568,15:08,6,6,일산,2,"53,59"
568,15:08,7,7,판교,7,"5,6,7,21,22,24,28"
568,15:08,8,8,동탄/용인,1,39
569,15:09,1,1,서울역,2,"9,14"
569,15:09,10,10,인천공항,1,20
569,15:09,2,2,수서,5,"46,48,49,55,56"
569,15:09,3,3,삼성,1,52
569,15:09,4,4,여의도,8,"2,13,15,17,23,32,33,38"
569,15:09,5,5,김포공항,5,"0,8,10,26,34"
569,15:09,6,6,일산,2,"53,59"
569,15:09,7,7,판교,6,"5,7,21,22,24,28"
569,15:09,8,8,동탄/용인,1,39
570,15:10,1,1,서울역,2,"9,14"
570,15:10,10,10,인천공항,1,20
570,15:10,2,2,수서,5,"46,48,49,55,56"
570,15:10,3,3,삼성,2,"1,52"
570,15:10,4,4,여의도,9,"2,13,15,18,23,33,38,45,57"
570,15:10,5,5,김포공항,5,"0,8,10,26,34"
570,15:10,6,6,일산,2,"53,59"
570,15:10,7,7,판교,7,"5,7,21,22,24,28,51"
570,15:10,8,8,동탄/용인,1,39
571,15:11,1,1,서울역,4,"9,14,19,54"
571,15:11,10,10,인천공항,1,20
571,15:11,2,2,수서,5,"4,46,48,49,56"
571,15:11,3,3,삼성,3,"1,3,52"
571,15:11,4,4,여의도,8,"2,15,18,23,33,45,50,57"
571,15:11,5,5,김포공항,6,"0,8,10,26,34,58"
571,15:11,6,6,일산,2,"53,59"
571,15:11,7,7,판교,7,"5,7,21,22,24,28,51"
572,15:12,1,1,서울역,5,"9,14,19,47,54"
572,15:12,10,10,인천공항,1,20
572,15:12,2,2,수서,6,"4,29,46,48,49,56"
572,15:12,3,3,삼성,3,"1,3,52"
572,15:12,4,4,여의도,8,"2,15,18,23,33,45,50,57"
572,15:12,5,5,김포공항,6,"0,8,10,26,34,58"
572,15:12,6,6,일산,3,"11,12,53"
572,15:12,7,7,판교,8,"5,7,21,22,24,28,35,51"
572,15:12,9,9,평택,1,43
573,15:13,1,1,서울역,5,"9,14,19,47,54"
573,15:13,10,10,인천공항,1,20
573,15:13,2,2,수서,6,"4,29,46,48,49,56"
573,15:13,3,3,삼성,2,"3,52"
573,15:13,4,4,여의도,8,"2,15,18,23,33,45,50,57"
573,15:13,5,5,김포공항,6,"0,8,10,26,34,58"
573,15:13,6,6,일산,2,"11,12"
573,15:13,7,7,판교,8,"5,7,21,24,28,31,35,51"
573,15:13,9,9,평택,1,43
574,15:14,1,1,서울역,5,"9,14,19,47,54"
574,15:14,10,10,인천공항,1,20
574,15:14,2,2,수서,6,"4,29,46,48,49,56"
574,15:14,3,3,삼성,2,"3,52"
574,15:14,4,4,여의도,6,"2,15,18,23,45,57"
574,15:14,5,5,김포공항,7,"0,8,10,26,34,40,58"
574,15:14,6,6,일산,2,"11,12"
574,15:14,7,7,판교,8,"5,7,21,24,28,31,35,51"
574,15:14,9,9,평택,1,43
575,15:15,1,1,서울역,3,"9,19,54"
575,15:15,10,10,인천공항,1,20
575,15:15,2,2,수서,8,"4,27,29,30,46,48,49,56"
575,15:15,3,3,삼성,2,"3,52"
575,15:15,4,4,여의도,5,"2,18,23,45,57"
575,15:15,5,5,김포공항,8,"0,8,10,26,34,36,40,58"
575,15:15,6,6,일산,1,12
575,15:15,7,7,판교,8,"5,7,21,28,31,35,37,51"
576,15:16,1,1,서울역,4,"6,9,19,54"
576,15:16,10,10,인천공항,1,20
576,15:16,2,2,수서,9,"4,25,27,29,30,46,48,49,56"
576,15:16,3,3,삼성,2,"3,52"
576,15:16,4,4,여의도,5,"2,18,23,45,57"
576,15:16,5,5,김포공항,8,"0,8,10,26,34,36,40,58"
576,15:16,6,6,일산,1,12
576,15:16,7,7,판교,8,"5,7,21,28,31,35,37,51"
577,15:17,1,1,서울역,3,"6,9,54"
577,15:17,10,10,인천공항,1,20
577,15:17,2,2,수서,8,"13,25,27,29,30,48,49,56"
577,15:17,3,3,삼성,1,3
577,15:17,4,4,여의도,4,"2,18,45,57"
577,15:17,5,5,김포공항,9,"0,8,10,26,34,36,40,41,58"
577,15:17,6,6,일산,1,12
577,15:17,7,7,판교,9,"5,7,21,28,31,32,35,37,51"
578,15:18,1,1,서울역,3,"6,9,54"
578,15:18,10,10,인천공항,1,20
578,15:18,2,2,수서,8,"13,25,27,29,30,48,49,56"
578,15:18,3,3,삼성,1,3
578,15:18,4,4,여의도,4,"2,18,45,57"
578,15:18,5,5,김포공항,9,"0,8,10,26,34,36,40,41,58"
578,15:18,6,6,일산,2,"12,42"
578,15:18,7,7,판교,10,"5,7,21,28,31,32,35,37,38,51"
579,15:19,1,1,서울역,3,"6,9,54"
579,15:19,10,10,인천공항,1,20
579,15:19,2,2,수서,8,"13,25,27,29,30,48,49,56"
579,15:19,3,3,삼성,1,3
579,15:19,4,4,여의도,4,"2,18,45,57"
579,15:19,5,5,김포공항,8,"8,10,26,34,36,40,41,58"
579,15:19,6,6,일산,3,"12,16,42"
579,15:19,7,7,판교,10,"5,7,21,28,31,32,35,37,38,51"
580,15:20,1,1,서울역,4,"6,9,53,54"
580,15:20,10,10,인천공항,1,20
580,15:20,2,2,수서,5,"13,25,27,29,48"
580,15:20,3,3,삼성,1,3
580,15:20,4,4,여의도,5,"2,18,22,45,57"
580,15:20,5,5,김포공항,4,"26,34,36,40"
580,15:20,6,6,일산,3,"12,16,42"
580,15:20,7,7,판교,9,"5,7,21,28,31,35,37,38,51"
581,15:21,1,1,서울역,3,"6,53,54"
581,15:21,10,10,인천공항,1,20
581,15:21,2,2,수서,5,"13,25,27,29,48"
581,15:21,3,3,삼성,3,"3,14,50"
581,15:21,4,4,여의도,4,"2,18,22,45"
581,15:21,5,5,김포공항,4,"1,26,36,40"
581,15:21,6,6,일산,3,"12,16,42"
581,15:21,7,7,판교,7,"7,21,31,35,37,38,51"
582,15:22,1,1,서울역,3,"6,53,54"
582,15:22,10,10,인천공항,1,20
582,15:22,2,2,수서,5,"13,25,27,29,48"
582,15:22,3,3,삼성,3,"14,50,59"
582,15:22,4,4,여의도,6,"2,18,22,24,39,44"
582,15:22,5,5,김포공항,4,"1,26,36,40"
582,15:22,6,6,일산,3,"12,42,55"
582,15:22,7,7,판교,5,"15,37,38,47,51"
583,15:23,1,1,서울역,3,"6,53,54"
583,15:23,10,10,인천공항,1,20
583,15:23,2,2,수서,6,"13,23,25,27,29,48"
583,15:23,3,3,삼성,4,"14,30,50,59"
583,15:23,4,4,여의도,4,"22,24,39,44"
583,15:23,5,5,김포공항,4,"1,26,36,40"
583,15:23,6,6,일산,3,"12,42,55"
583,15:23,7,7,판교,5,"15,37,38,47,51"
584,15:24,1,1,서울역,3,"6,53,54"
584,15:24,10,10,인천공항,1,20
584,15:24,2,2,수서,7,"13,19,23,25,27,29,48"
584,15:24,3,3,삼성,4,"14,30,50,59"
584,15:24,4,4,여의도,4,"22,24,39,44"
584,15:24,5,5,김포공항,2,"26,36"
584,15:24,6,6,일산,3,"12,42,55"
584,15:24,7,7,판교,4,"15,38,47,51"
585,15:25,1,1,서울역,3,"6,53,54"
585,15:25,10,10,인천공항,1,20
585,15:25,2,2,수서,7,"13,19,23,25,27,29,48"
585,15:25,3,3,삼성,4,"14,30,50,59"
585,15:25,4,4,여의도,2,"22,44"
585,15:25,5,5,김포공항,4,"4,36,46,52"
585,15:25,6,6,일산,2,"12,55"
585,15:25,7,7,판교,4,"15,38,47,51"
585,15:25,9,9,평택,1,17
586,15:26,1,1,서울역,3,"6,53,54"
586,15:26,10,10,인천공항,2,"20,33"
586,15:26,2,2,수서,5,"13,19,27,29,48"
586,15:26,3,3,삼성,3,"14,50,59"
586,15:26,4,4,여의도,4,"22,44,56,58"
586,15:26,5,5,김포공항,4,"4,36,46,52"
586,15:26,6,6,일산,2,"12,55"
586,15:26,7,7,판교,4,"15,38,47,51"
586,15:26,9,9,평택,1,17
587,15:27,1,1,서울역,3,"6,53,54"
587,15:27,10,10,인천공항,2,"20,33"
587,15:27,2,2,수서,5,"0,13,27,29,48"
587,15:27,3,3,삼성,3,"14,50,59"
587,15:27,4,4,여의도,3,"44,56,58"
587,15:27,5,5,김포공항,4,"4,36,46,52"
587,15:27,6,6,일산,2,"12,55"
587,15:27,7,7,판교,5,"11,15,38,47,51"
587,15:27,9,9,평택,1,17
588,15:28,1,1,서울역,4,"3,6,53,54"
588,15:28,10,10,인천공항,1,33
588,15:28,2,2,수서,7,"0,9,13,27,29,35,48"
588,15:28,3,3,삼성,5,"8,10,14,41,50"
588,15:28,4,4,여의도,5,"5,28,44,56,58"
588,15:28,5,5,김포공항,3,"4,36,52"
588,15:28,6,6,일산,3,"12,34,55"
588,15:28,7,7,판교,5,"11,15,47,51,57"
588,15:28,9,9,평택,1,17
589,15:29,1,1,서울역,5,"3,6,21,53,54"
589,15:29,10,10,인천공항,1,33
589,15:29,2,2,수서,8,"0,9,13,18,27,29,35,48"
589,15:29,3,3,삼성,6,"8,10,14,41,45,50"
589,15:29,4,4,여의도,6,"5,7,28,31,44,56"
589,15:29,5,5,김포공항,3,"4,36,52"
589,15:29,6,6,일산,3,"12,34,55"
589,15:29,7,7,판교,5,"11,15,47,51,57"
589,15:29,9,9,평택,1,17
590,15:30,1,1,서울역,5,"3,6,21,53,54"
590,15:30,10,10,인천공항,1,33
590,15:30,2,2,수서,8,"0,9,13,18,27,29,35,48"
590,15:30,3,3,삼성,5,"8,10,14,41,45"
590,15:30,4,4,여의도,8,"5,7,28,31,40,43,44,56"
590,15:30,5,5,김포공항,3,"4,36,52"
590,15:30,6,6,일산,3,"12,34,55"
590,15:30,7,7,판교,6,"2,11,15,47,51,57"
590,15:30,8,8,동탄/용인,1,49
590,15:30,9,9,평택,1,17
591,15:31,1,1,서울역,4,"6,21,53,54"
591,15:31,10,10,인천공항,1,33
591,15:31,2,2,수서,7,"0,9,13,18,27,29,48"
591,15:31,3,3,삼성,3,"10,14,45"
591,15:31,4,4,여의도,8,"7,28,31,37,40,43,44,56"
591,15:31,5,5,김포공항,1,36
591,15:31,6,6,일산,2,"12,55"
591,15:31,7,7,판교,5,"2,15,47,51,57"
591,15:31,8,8,동탄/용인,1,49
591,15:31,9,9,평택,1,17
592,15:32,1,1,서울역,4,"6,21,53,54"
592,15:32,10,10,인천공항,1,33
592,15:32,2,2,수서,7,"0,9,13,18,27,29,48"
592,15:32,3,3,삼성,5,"1,10,24,39,45"
592,15:32,4,4,여의도,8,"7,23,28,37,40,43,44,56"
592,15:32,5,5,김포공항,1,36
592,15:32,6,6,일산,3,"12,32,55"
592,15:32,7,7,판교,4,"2,15,51,57"
592,15:32,8,8,동탄/용인,1,49
592,15:32,9,9,평택,1,17
593,15:33,1,1,서울역,4,"6,21,53,54"
593,15:33,10,10,인천공항,1,33
593,15:33,2,2,수서,8,"0,9,13,18,22,27,29,48"
593,15:33,3,3,삼성,6,"1,10,24,26,39,45"
593,15:33,4,4,여의도,7,"7,23,28,37,43,44,56"
593,15:33,5,5,김포공항,1,36
593,15:33,6,6,일산,3,"12,32,55"
593,15:33,7,7,판교,3,"2,15,57"
593,15:33,9,9,평택,1,17
594,15:34,1,1,서울역,4,"6,21,53,54"
594,15:34,10,10,인천공항,1,33
594,15:34,2,2,수서,8,"0,9,13,18,22,27,29,48"
594,15:34,3,3,삼성,5,"1,24,26,39,45"
594,15:34,4,4,여의도,7,"7,23,28,43,44,46,56"
594,15:34,5,5,김포공항,2,"25,36"
594,15:34,6,6,일산,3,"12,32,55"
594,15:34,7,7,판교,3,"2,16,57"
594,15:34,9,9,평택,1,17
595,15:35,1,1,서울역,3,"6,53,54"
595,15:35,10,10,인천공항,1,33
595,15:35,2,2,수서,8,"0,9,13,18,22,27,29,48"
595,15:35,3,3,삼성,2,"26,45"
595,15:35,4,4,여의도,7,"7,28,38,43,44,46,56"
595,15:35,5,5,김포공항,2,"25,36"
595,15:35,6,6,일산,2,"12,55"
595,15:35,7,7,판교,3,"2,16,57"
595,15:35,9,9,평택,1,17
596,15:36,1,1,서울역,2,"6,54"
596,15:36,2,2,수서,8,"0,9,13,18,22,27,29,48"
596,15:36,3,3,삼성,2,"26,45"
596,15:36,4,4,여의도,7,"7,28,38,43,44,46,56"
596,15:36,5,5,김포공항,3,"25,36,59"
596,15:36,6,6,일산,3,"12,30,55"
596,15:36,7,7,판교,4,"2,16,57,58"
596,15:36,9,9,평택,1,17
597,15:37,1,1,서울역,1,54
597,15:37,2,2,수서,8,"0,9,13,18,22,27,29,48"
597,15:37,3,3,삼성,2,"26,45"
597,15:37,4,4,여의도,8,"7,28,38,43,44,50,52,56"
597,15:37,5,5,김포공항,3,"25,36,59"
597,15:37,6,6,일산,2,"12,30"
597,15:37,7,7,판교,4,"16,42,57,58"
597,15:37,8,8,동탄/용인,1,19
597,15:37,9,9,평택,1,17
598,15:38,1,1,서울역,2,"14,54"
598,15:38,2,2,수서,7,"0,9,13,18,22,27,29"
598,15:38,3,3,삼성,2,"26,45"
598,15:38,4,4,여의도,9,"11,28,38,41,43,44,50,52,56"
598,15:38,5,5,김포공항,3,"25,36,59"
598,15:38,6,6,일산,3,"3,12,30"
598,15:38,7,7,판교,5,"5,16,42,57,58"
598,15:38,8,8,동탄/용인,1,19
599,15:39,1,1,서울역,2,"14,54"
599,15:39,2,2,수서,6,"0,9,13,18,22,29"
599,15:39,3,3,삼성,3,"4,26,45"
599,15:39,4,4,여의도,10,"11,28,38,41,43,44,47,50,52,56"
599,15:39,5,5,김포공항,4,"8,25,36,59"
599,15:39,6,6,일산,4,"3,12,20,30"
599,15:39,7,7,판교,6,"5,16,31,42,57,58"
599,15:39,8,8,동탄/용인,1,19
600,15:40,1,1,서울역,2,"14,54"
600,15:40,2,2,수서,5,"0,9,18,22,29"
600,15:40,3,3,삼성,3,"4,40,45"
600,15:40,4,4,여의도,8,"11,28,41,44,47,50,51,56"
600,15:40,5,5,김포공항,4,"8,25,36,59"
600,15:40,6,6,일산,4,"3,12,20,30"
600,15:40,7,7,판교,5,"5,31,42,57,58"
601,15:41,1,1,서울역,3,"14,15,54"
601,15:41,2,2,수서,5,"0,9,18,22,29"
601,15:41,3,3,삼성,4,"4,34,40,45"
601,15:41,4,4,여의도,6,"28,44,47,50,51,56"
601,15:41,5,5,김포공항,4,"8,25,36,59"
601,15:41,6,6,일산,3,"12,20,30"
601,15:41,7,7,판교,5,"5,31,42,57,58"
602,15:42,1,1,서울역,3,"14,15,54"
602,15:42,2,2,수서,6,"0,9,18,21,22,29"
602,15:42,3,3,삼성,5,"4,23,34,40,45"
602,15:42,4,4,여의도,8,"24,28,39,44,47,50,51,56"
602,15:42,5,5,김포공항,5,"8,10,25,36,59"
602,15:42,6,6,일산,4,"12,20,30,35"
602,15:42,7,7,판교,5,"5,31,42,57,58"
603,15:43,1,1,서울역,3,"14,15,54"
603,15:43,2,2,수서,7,"0,9,18,21,22,29,53"
603,15:43,3,3,삼성,6,"4,6,23,34,40,45"
603,15:43,4,4,여의도,7,"24,28,39,44,47,51,56"
603,15:43,5,5,김포공항,6,"1,8,10,25,36,59"
603,15:43,6,6,일산,4,"12,20,30,35"
603,15:43,7,7,판교,5,"5,31,42,57,58"
604,15:44,1,1,서울역,2,"14,15"
604,15:44,2,2,수서,7,"0,9,18,21,22,29,53"
604,15:44,3,3,삼성,6,"4,6,23,34,40,45"
604,15:44,4,4,여의도,7,"24,28,39,47,49,51,56"
604,15:44,5,5,김포공항,6,"1,8,10,25,36,59"
604,15:44,6,6,일산,4,"12,20,30,35"
604,15:44,7,7,판교,6,"5,31,42,46,57,58"
605,15:45,1,1,서울역,2,"14,15"
605,15:45,2,2,수서,6,"0,9,21,22,29,53"
605,15:45,3,3,삼성,5,"6,23,34,40,45"
605,15:45,4,4,여의도,6,"24,28,39,49,51,56"
605,15:45,5,5,김포공항,6,"1,8,10,25,36,59"
605,15:45,6,6,일산,3,"12,20,30"
605,15:45,7,7,판교,7,"5,7,31,42,46,57,58"
606,15:46,1,1,서울역,3,"14,15,27"
606,15:46,2,2,수서,5,"9,21,22,29,53"
606,15:46,3,3,삼성,5,"6,23,34,40,45"
606,15:46,4,4,여의도,5,"24,28,39,49,56"
606,15:46,5,5,김포공항,6,"1,8,10,25,36,48"
606,15:46,6,6,일산,3,"12,20,30"
606,15:46,7,7,판교,6,"5,7,31,42,46,58"
607,15:47,1,1,서울역,4,"13,14,15,27"
607,15:47,2,2,수서,4,"21,22,29,53"
607,15:47,3,3,삼성,5,"6,23,40,45,55"
607,15:47,4,4,여의도,5,"16,24,28,39,56"
607,15:47,5,5,김포공항,7,"1,2,8,10,25,36,48"
607,15:47,6,6,일산,4,"12,20,30,43"
607,15:47,7,7,판교,8,"5,7,31,32,42,46,52,58"
608,15:48,1,1,서울역,4,"13,14,15,27"
608,15:48,2,2,수서,4,"21,22,29,53"
608,15:48,3,3,삼성,5,"6,23,40,45,55"
608,15:48,4,4,여의도,5,"16,24,28,33,39"
608,15:48,5,5,김포공항,7,"1,2,8,25,26,36,48"
608,15:48,6,6,일산,4,"12,20,30,43"
608,15:48,7,7,판교,10,"5,7,11,31,32,41,42,46,52,58"
609,15:49,1,1,서울역,4,"13,14,15,27"
609,15:49,2,2,수서,4,"21,22,29,53"
609,15:49,3,3,삼성,5,"6,23,40,45,55"
609,15:49,4,4,여의도,5,"16,24,28,33,39"
609,15:49,5,5,김포공항,7,"1,2,8,25,26,36,48"
609,15:49,6,6,일산,4,"12,20,30,43"
609,15:49,7,7,판교,10,"5,7,11,31,32,41,42,46,52,58"
609,15:49,9,9,평택,1,37
610,15:50,1,1,서울역,3,"14,15,27"
610,15:50,2,2,수서,3,"21,29,53"
610,15:50,3,3,삼성,7,"6,23,40,45,50,54,55"
610,15:50,4,4,여의도,5,"16,24,28,33,39"
610,15:50,5,5,김포공항,6,"1,8,25,26,36,48"
610,15:50,6,6,일산,2,"12,20"
610,15:50,7,7,판교,8,"5,7,11,32,41,42,52,58"
610,15:50,9,9,평택,1,37
611,15:51,1,1,서울역,3,"14,15,27"
611,15:51,2,2,수서,2,"29,53"
611,15:51,3,3,삼성,7,"6,23,40,45,50,54,55"
611,15:51,4,4,여의도,6,"16,19,24,28,33,39"
611,15:51,5,5,김포공항,6,"1,8,25,26,36,48"
611,15:51,6,6,일산,2,"12,20"
611,15:51,7,7,판교,7,"5,7,11,32,42,52,58"
611,15:51,8,8,동탄/용인,1,38
611,15:51,9,9,평택,1,37
612,15:52,1,1,서울역,3,"14,15,27"
612,15:52,2,2,수서,3,"29,51,53"
612,15:52,3,3,삼성,8,"6,23,40,45,47,50,54,55"
612,15:52,4,4,여의도,6,"4,16,19,28,33,39"
612,15:52,5,5,김포공항,6,"1,8,25,26,36,48"
612,15:52,6,6,일산,2,"12,20"
612,15:52,7,7,판교,6,"5,7,11,32,52,58"
612,15:52,8,8,동탄/용인,1,38
612,15:52,9,9,평택,1,37
613,15:53,1,1,서울역,3,"14,15,27"
613,15:53,2,2,수서,4,"29,49,51,53"
613,15:53,3,3,삼성,6,"23,40,45,47,50,54"
613,15:53,4,4,여의도,8,"4,9,16,17,19,33,39,57"
613,15:53,5,5,김포공항,5,"1,8,25,26,36"
613,15:53,6,6,일산,2,"12,20"
613,15:53,7,7,판교,5,"3,5,7,11,32"
613,15:53,8,8,동탄/용인,1,38
613,15:53,9,9,평택,1,37
614,15:54,1,1,서울역,3,"14,15,27"
614,15:54,2,2,수서,5,"29,49,51,53,56"
614,15:54,3,3,삼성,6,"23,40,45,47,50,54"
614,15:54,4,4,여의도,8,"4,9,16,17,19,33,39,57"
614,15:54,5,5,김포공항,6,"0,1,8,25,26,36"
614,15:54,6,6,일산,2,"12,20"
614,15:54,7,7,판교,5,"3,5,7,11,32"
614,15:54,9,9,평택,1,37
615,15:55,1,1,서울역,3,"14,15,27"
615,15:55,2,2,수서,5,"29,49,51,53,56"
615,15:55,3,3,삼성,7,"23,35,40,45,47,50,54"
615,15:55,4,4,여의도,8,"4,9,16,17,19,33,39,57"
615,15:55,5,5,김포공항,7,"0,1,8,25,26,34,36"
615,15:55,6,6,일산,2,"12,20"
615,15:55,7,7,판교,4,"3,7,11,32"
615,15:55,8,8,동탄/용인,1,44
615,15:55,9,9,평택,1,37
616,15:56,1,1,서울역,3,"14,15,27"
616,15:56,2,2,수서,4,"29,51,53,56"
616,15:56,3,3,삼성,8,"10,23,35,40,45,47,50,54"
616,15:56,4,4,여의도,8,"4,9,16,17,19,33,39,57"
616,15:56,5,5,김포공항,7,"0,1,8,25,26,34,36"
616,15:56,6,6,일산,3,"12,18,20"
616,15:56,7,7,판교,5,"3,7,11,32,59"
616,15:56,8,8,동탄/용인,1,44
616,15:56,9,9,평택,1,37
617,15:57,1,1,서울역,5,"14,15,27,30,31"
617,15:57,2,2,수서,5,"13,29,51,53,56"
617,15:57,3,3,삼성,8,"10,23,35,40,45,47,50,54"
617,15:57,4,4,여의도,9,"4,9,16,17,19,33,39,46,57"
617,15:57,5,5,김포공항,7,"0,1,8,25,26,34,36"
617,15:57,6,6,일산,3,"12,18,20"
617,15:57,7,7,판교,5,"3,7,11,32,59"
617,15:57,8,8,동탄/용인,1,44
617,15:57,9,9,평택,1,37
618,15:58,1,1,서울역,5,"14,15,27,30,31"
618,15:58,2,2,수서,4,"13,29,53,56"
618,15:58,3,3,삼성,8,"2,10,23,35,40,47,50,54"
618,15:58,4,4,여의도,9,"4,9,16,17,19,33,39,46,57"
618,15:58,5,5,김포공항,7,"0,1,8,22,26,34,36"
618,15:58,6,6,일산,3,"12,18,20"
618,15:58,7,7,판교,5,"3,7,11,32,59"
618,15:58,8,8,동탄/용인,1,44
618,15:58,9,9,평택,1,37
619,15:59,1,1,서울역,6,"14,15,27,30,31,42"
619,15:59,2,2,수서,4,"13,29,53,56"
619,15:59,3,3,삼성,7,"2,10,23,35,40,50,54"
619,15:59,4,4,여의도,9,"4,9,16,17,19,33,39,46,48"
619,15:59,5,5,김포공항,7,"0,8,21,22,26,34,36"
619,15:59,6,6,일산,3,"12,18,20"
619,15:59,7,7,판교,5,"3,7,11,24,32"
619,15:59,8,8,동탄/용인,1,44
619,15:59,9,9,평택,1,37
620,16:00,1,1,서울역,5,"14,15,27,30,42"
620,16:00,2,2,수서,3,"29,53,56"
620,16:00,3,3,삼성,3,"2,10,35"
620,16:00,4,4,여의도,11,"4,9,16,17,19,33,46,48,52,55,58"
620,16:00,5,5,김포공항,6,"0,8,21,22,34,36"
620,16:00,6,6,일산,3,"12,18,20"
620,16:00,7,7,판교,5,"3,7,11,24,28"
620,16:00,8,8,동탄/용인,1,44
620,16:00,9,9,평택,1,37
621,16:01,1,1,서울역,5,"14,15,27,30,42"
621,16:01,2,2,수서,3,"29,53,56"
621,16:01,3,3,삼성,2,"10,35"
621,16:01,4,4,여의도,11,"4,9,16,17,19,33,46,48,52,55,58"
621,16:01,5,5,김포공항,8,"0,6,8,21,22,34,36,41"
621,16:01,6,6,일산,2,"18,20"
621,16:01,7,7,판교,5,"3,7,11,24,28"
621,16:01,8,8,동탄/용인,1,44
621,16:01,9,9,평택,1,37
622,16:02,1,1,서울역,5,"14,15,27,30,42"
622,16:02,2,2,수서,3,"29,53,56"
622,16:02,3,3,삼성,2,"10,35"
622,16:02,4,4,여의도,11,"4,5,9,16,17,19,33,46,52,55,58"
622,16:02,5,5,김포공항,8,"0,6,8,21,22,34,36,41"
622,16:02,6,6,일산,2,"18,20"
622,16:02,7,7,판교,6,"3,7,11,24,28,43"
622,16:02,8,8,동탄/용인,1,44
622,16:02,9,9,평택,1,37
623,16:03,1,1,서울역,3,"27,30,42"
623,16:03,2,2,수서,1,29
623,16:03,3,3,삼성,1,35
623,16:03,4,4,여의도,10,"4,5,9,16,17,19,46,52,55,58"
623,16:03,5,5,김포공항,8,"0,6,8,21,22,34,36,41"
623,16:03,6,6,일산,2,"18,20"
623,16:03,7,7,판교,6,"3,7,11,24,28,43"
623,16:03,8,8,동탄/용인,1,44
623,16:03,9,9,평택,1,37
624,16:04,1,1,서울역,4,"27,30,42,45"
624,16:04,2,2,수서,1,29
624,16:04,3,3,삼성,1,35
624,16:04,4,4,여의도,10,"4,5,9,16,17,19,51,52,55,58"
624,16:04,5,5,김포공항,8,"0,6,8,21,22,34,36,41"
624,16:04,6,6,일산,2,"18,20"
624,16:04,7,7,판교,5,"3,7,24,28,43"
624,16:04,8,8,동탄/용인,1,44
624,16:04,9,9,평택,1,37
625,16:05,1,1,서울역,3,"27,30,45"
625,16:05,3,3,삼성,1,35
625,16:05,4,4,여의도,10,"4,9,16,17,19,38,51,52,55,58"
625,16:05,5,5,김포공항,6,"0,6,8,21,22,36"
625,16:05,6,6,일산,2,"18,20"
625,16:05,7,7,판교,5,"3,7,24,28,43"
625,16:05,8,8,동탄/용인,1,44
625,16:05,9,9,평택,1,37
626,16:06,1,1,서울역,6,"27,30,40,45,50,54"
626,16:06,2,2,수서,2,"32,39"
626,16:06,3,3,삼성,2,"35,57"
626,16:06,4,4,여의도,12,"9,13,16,17,19,26,38,47,51,52,55,59"
626,16:06,5,5,김포공항,5,"0,6,8,21,22"
626,16:06,6,6,일산,2,"18,20"
626,16:06,7,7,판교,4,"7,24,28,43"
626,16:06,8,8,동탄/용인,1,44
626,16:06,9,9,평택,1,37
627,16:07,1,1,서울역,6,"27,30,40,45,50,54"
627,16:07,2,2,수서,3,"1,32,39"
627,16:07,3,3,삼성,2,"35,57"
627,16:07,4,4,여의도,10,"9,13,17,19,26,38,47,52,55,59"
627,16:07,5,5,김포공항,5,"0,6,8,21,22"
627,16:07,6,6,일산,2,"20,49"
627,16:07,7,7,판교,5,"7,24,28,31,43"
627,16:07,8,8,동탄/용인,1,44
627,16:07,9,9,평택,1,37
628,16:08,1,1,서울역,5,"27,40,45,50,54"
628,16:08,2,2,수서,3,"1,32,39"
628,16:08,3,3,삼성,2,"35,57"
628,16:08,4,4,여의도,10,"9,13,17,19,26,38,47,52,55,59"
628,16:08,5,5,김포공항,6,"0,6,8,21,22,23"
628,16:08,6,6,일산,2,"20,49"
628,16:08,7,7,판교,6,"7,24,25,28,31,43"
628,16:08,8,8,동탄/용인,1,44
628,16:08,9,9,평택,1,37
629,16:09,1,1,서울역,2,"27,45"
629,16:09,2,2,수서,1,1
629,16:09,3,3,삼성,2,"35,57"
629,16:09,4,4,여의도,6,"9,17,19,38,52,55"
629,16:09,5,5,김포공항,6,"0,2,6,21,22,23"
629,16:09,6,6,일산,2,"20,49"
629,16:09,7,7,판교,7,"7,24,25,28,31,43,48"
629,16:09,8,8,동탄/용인,1,44
629,16:09,9,9,평택,1,37
630,16:10,1,1,서울역,2,"27,45"
630,16:10,2,2,수서,3,"1,14,15"
630,16:10,3,3,삼성,2,"35,57"
630,16:10,4,4,여의도,6,"9,17,19,38,52,55"
630,16:10,5,5,김포공항,5,"2,6,21,22,23"
630,16:10,6,6,일산,1,20
630,16:10,7,7,판교,7,"7,24,25,28,31,33,48"
630,16:10,8,8,동탄/용인,1,44
631,16:11,1,1,서울역,2,"11,45"
631,16:11,2,2,수서,4,"1,5,14,15"
631,16:11,3,3,삼성,3,"35,46,57"
631,16:11,4,4,여의도,7,"9,19,34,38,41,52,55"
631,16:11,5,5,김포공항,8,"2,6,10,21,22,23,53,56"
631,16:11,6,6,일산,1,20
631,16:11,7,7,판교,7,"7,24,25,28,31,33,48"
631,16:11,8,8,동탄/용인,1,44
632,16:12,1,1,서울역,2,"11,45"
632,16:12,2,2,수서,6,"1,4,5,14,15,42"
632,16:12,3,3,삼성,2,"46,57"
632,16:12,4,4,여의도,8,"9,19,34,36,38,41,52,55"
632,16:12,5,5,김포공항,8,"2,6,10,21,22,23,53,56"
632,16:12,6,6,일산,1,20
632,16:12,7,7,판교,7,"7,24,25,28,31,33,48"
632,16:12,8,8,동탄/용인,1,44
633,16:13,1,1,서울역,2,"11,59"
633,16:13,2,2,수서,7,"4,5,14,15,16,42,51"
633,16:13,3,3,삼성,3,"46,57,58"
633,16:13,4,4,여의도,9,"3,9,19,34,36,38,41,52,55"
633,16:13,5,5,김포공항,9,"2,6,10,21,22,23,29,53,56"
633,16:13,6,6,일산,1,20
633,16:13,7,7,판교,7,"7,12,25,28,31,33,48"
633,16:13,8,8,동탄/용인,1,44
634,16:14,1,1,서울역,2,"11,59"
634,16:14,2,2,수서,6,"4,14,15,16,42,51"
634,16:14,3,3,삼성,2,"57,58"
634,16:14,4,4,여의도,7,"3,9,19,36,38,52,55"
634,16:14,5,5,김포공항,9,"2,6,10,21,22,23,29,53,56"
634,16:14,6,6,일산,1,20
634,16:14,7,7,판교,7,"7,12,25,28,31,33,48"
634,16:14,8,8,동탄/용인,1,44
635,16:15,1,1,서울역,2,"11,59"
635,16:15,2,2,수서,9,"4,13,14,15,16,26,42,47,51"
635,16:15,3,3,삼성,5,"40,50,54,57,58"
635,16:15,4,4,여의도,7,"3,9,19,38,39,52,55"
635,16:15,5,5,김포공항,9,"2,6,10,21,22,23,29,53,56"
635,16:15,6,6,일산,2,"20,30"
635,16:15,7,7,판교,7,"7,12,25,28,31,33,48"
635,16:15,8,8,동탄/용인,1,44
636,16:16,1,1,서울역,1,11
636,16:16,2,2,수서,8,"4,13,14,15,16,26,42,47"
636,16:16,3,3,삼성,5,"40,50,54,57,58"
636,16:16,4,4,여의도,7,"3,9,19,38,39,52,55"
636,16:16,5,5,김포공항,9,"2,6,10,21,22,23,29,53,56"
636,16:16,6,6,일산,2,"20,30"
636,16:16,7,7,판교,6,"7,12,25,28,31,48"
636,16:16,8,8,동탄/용인,1,44
637,16:17,1,1,서울역,3,"11,43,49"
637,16:17,2,2,수서,9,"4,8,13,14,16,17,26,42,47"
637,16:17,3,3,삼성,5,"40,50,54,57,58"
637,16:17,4,4,여의도,5,"3,19,38,39,55"
637,16:17,5,5,김포공항,9,"2,6,21,22,23,29,32,53,56"
637,16:17,6,6,일산,2,"20,30"
637,16:17,7,7,판교,6,"7,12,25,28,31,48"
637,16:17,8,8,동탄/용인,1,44
638,16:18,1,1,서울역,3,"11,43,49"
638,16:18,2,2,수서,8,"4,8,13,14,16,17,26,42"
638,16:18,3,3,삼성,5,"40,50,54,57,58"
638,16:18,4,4,여의도,5,"3,19,38,39,55"
638,16:18,5,5,김포공항,8,"2,21,22,23,29,32,53,56"
638,16:18,6,6,일산,3,"20,27,30"
638,16:18,7,7,판교,6,"7,12,25,28,31,48"
638,16:18,8,8,동탄/용인,1,44
639,16:19,1,1,서울역,3,"11,43,49"
639,16:19,2,2,수서,8,"4,8,13,14,16,17,26,42"
639,16:19,3,3,삼성,5,"40,50,54,57,58"
639,16:19,4,4,여의도,6,"1,3,19,38,39,55"
639,16:19,5,5,김포공항,8,"2,21,22,23,29,32,53,56"
639,16:19,6,6,일산,3,"20,27,30"
639,16:19,7,7,판교,7,"7,12,18,25,28,31,48"
639,16:19,8,8,동탄/용인,1,44
640,16:20,1,1,서울역,1,43
640,16:20,2,2,수서,9,"4,8,13,14,16,17,26,34,42"
640,16:20,3,3,삼성,5,"40,50,54,57,58"
640,16:20,4,4,여의도,7,"1,3,5,19,24,38,55"
640,16:20,5,5,김포공항,7,"2,21,22,23,32,53,56"
640,16:20,6,6,일산,4,"20,27,30,45"
640,16:20,7,7,판교,6,"7,12,18,25,28,31"
640,16:20,8,8,동탄/용인,1,44
641,16:21,1,1,서울역,1,43
641,16:21,2,2,수서,10,"4,8,13,14,16,17,26,34,36,42"
641,16:21,3,3,삼성,5,"40,41,54,57,58"
641,16:21,4,4,여의도,7,"1,3,5,24,38,46,55"
641,16:21,5,5,김포공항,6,"21,22,23,32,53,56"
641,16:21,6,6,일산,3,"20,27,45"
641,16:21,7,7,판교,6,"7,12,18,25,28,31"
641,16:21,8,8,동탄/용인,1,44
642,16:22,1,1,서울역,1,43
642,16:22,2,2,수서,10,"4,8,13,14,16,17,26,34,36,42"
642,16:22,3,3,삼성,4,"40,41,57,58"
642,16:22,4,4,여의도,7,"1,3,5,24,38,46,55"
642,16:22,5,5,김포공항,6,"21,22,23,32,53,56"
642,16:22,6,6,일산,3,"27,35,45"
642,16:22,7,7,판교,5,"7,18,25,28,31"
642,16:22,8,8,동탄/용인,1,44
643,16:23,1,1,서울역,2,"43,51"
643,16:23,2,2,수서,9,"4,8,13,14,16,17,34,36,42"
643,16:23,3,3,삼성,2,"40,41"
643,16:23,4,4,여의도,6,"1,3,5,24,33,46"
643,16:23,5,5,김포공항,5,"21,23,32,53,56"
643,16:23,6,6,일산,4,"27,35,45,59"
643,16:23,7,7,판교,5,"7,18,25,28,31"
643,16:23,8,8,동탄/용인,1,44
644,16:24,1,1,서울역,4,"15,39,43,51"
644,16:24,2,2,수서,8,"8,13,14,16,17,34,36,42"
644,16:24,3,3,삼성,2,"40,41"
644,16:24,4,4,여의도,6,"1,3,5,24,33,46"
644,16:24,5,5,김포공항,5,"21,23,32,53,56"
644,16:24,6,6,일산,4,"27,35,45,59"
644,16:24,7,7,판교,6,"7,9,18,25,28,31"
644,16:24,8,8,동탄/용인,1,44
645,16:25,1,1,서울역,5,"15,39,43,47,51"
645,16:25,2,2,수서,8,"8,10,14,16,17,34,36,42"
645,16:25,3,3,삼성,2,"40,41"
645,16:25,4,4,여의도,6,"3,5,24,33,37,46"
645,16:25,5,5,김포공항,5,"21,23,32,53,56"
645,16:25,6,6,일산,4,"27,35,45,59"
645,16:25,7,7,판교,6,"7,9,18,25,28,31"
645,16:25,8,8,동탄/용인,1,44
646,16:26,1,1,서울역,4,"15,39,47,51"
646,16:26,2,2,수서,8,"8,10,14,16,17,34,36,42"
646,16:26,3,3,삼성,4,"6,11,40,41"
646,16:26,4,4,여의도,6,"3,5,24,33,37,46"
646,16:26,5,5,김포공항,4,"23,32,53,56"
646,16:26,6,6,일산,4,"27,35,45,59"
646,16:26,7,7,판교,6,"7,9,18,25,28,31"
646,16:26,8,8,동탄/용인,1,44
647,16:27,1,1,서울역,4,"15,47,48,51"
647,16:27,2,2,수서,9,"8,10,14,16,17,19,34,36,42"
647,16:27,3,3,삼성,4,"6,11,40,41"
647,16:27,4,4,여의도,7,"2,3,5,24,33,37,46"
647,16:27,5,5,김포공항,4,"23,32,53,56"
647,16:27,6,6,일산,5,"27,35,45,49,59"
647,16:27,7,7,판교,5,"7,9,18,28,31"
647,16:27,8,8,동탄/용인,1,44
647,16:27,9,9,평택,1,0
648,16:28,1,1,서울역,4,"15,47,48,51"
648,16:28,2,2,수서,8,"8,10,16,17,19,34,36,42"
648,16:28,3,3,삼성,5,"6,11,29,40,41"
648,16:28,4,4,여의도,7,"2,3,5,24,33,37,46"
648,16:28,5,5,김포공항,3,"23,53,56"
648,16:28,6,6,일산,5,"27,35,45,49,59"
648,16:28,7,7,판교,5,"7,9,18,28,31"
648,16:28,8,8,동탄/용인,1,44
648,16:28,9,9,평택,1,0
649,16:29,1,1,서울역,5,"15,20,47,48,51"
649,16:29,2,2,수서,8,"8,10,16,17,19,36,42,55"
649,16:29,3,3,삼성,5,"6,11,29,40,41"
649,16:29,4,4,여의도,10,"2,3,5,12,24,26,33,37,46,54"
649,16:29,5,5,김포공항,3,"23,53,56"
649,16:29,6,6,일산,5,"27,35,45,49,59"
649,16:29,7,7,판교,5,"7,9,18,28,31"
649,16:29,8,8,동탄/용인,1,44
649,16:29,9,9,평택,1,0
650,16:30,1,1,서울역,5,"15,20,47,48,51"
650,16:30,2,2,수서,8,"8,10,16,17,19,36,42,55"
650,16:30,3,3,삼성,6,"6,11,29,38,40,41"
650,16:30,4,4,여의도,9,"3,5,12,24,26,33,37,46,54"
650,16:30,5,5,김포공항,3,"23,53,56"
650,16:30,6,6,일산,5,"27,35,45,49,59"
650,16:30,7,7,판교,5,"7,9,18,28,31"
650,16:30,8,8,동탄/용인,1,44
650,16:30,9,9,평택,1,0
651,16:31,1,1,서울역,6,"15,20,22,47,48,51"
651,16:31,2,2,수서,8,"8,10,16,17,19,36,42,55"
651,16:31,3,3,삼성,6,"6,11,30,38,40,41"
651,16:31,4,4,여의도,9,"3,5,12,24,26,33,37,46,54"
651,16:31,5,5,김포공항,5,"23,53,56,57,58"
651,16:31,6,6,일산,5,"27,35,45,49,59"
651,16:31,7,7,판교,5,"7,9,18,28,31"
651,16:31,9,9,평택,1,0
652,16:32,1,1,서울역,6,"15,20,22,47,48,51"
652,16:32,2,2,수서,8,"8,10,16,17,19,36,42,55"
652,16:32,3,3,삼성,7,"1,6,11,30,38,40,41"
652,16:32,4,4,여의도,9,"3,5,12,24,26,33,37,46,54"
652,16:32,5,5,김포공항,5,"4,23,56,57,58"
652,16:32,6,6,일산,5,"27,35,45,49,59"
652,16:32,7,7,판교,5,"7,9,18,28,31"
652,16:32,9,9,평택,2,"0,52"
653,16:33,1,1,서울역,5,"15,20,22,47,48"
653,16:33,2,2,수서,8,"8,10,16,17,19,36,42,55"
653,16:33,3,3,삼성,7,"1,6,11,30,38,40,41"
653,16:33,4,4,여의도,9,"3,5,12,24,26,33,37,46,54"
653,16:33,5,5,김포공항,6,"4,13,23,56,57,58"
653,16:33,6,6,일산,6,"27,35,43,45,49,59"
653,16:33,7,7,판교,5,"7,9,18,28,31"
653,16:33,9,9,평택,2,"0,52"
654,16:34,1,1,서울역,4,"15,20,47,48"
654,16:34,2,2,수서,9,"8,10,16,17,19,21,36,42,55"
654,16:34,3,3,삼성,7,"1,6,11,30,38,40,41"
654,16:34,4,4,여의도,11,"3,5,12,24,25,26,32,33,37,46,54"
654,16:34,5,5,김포공항,6,"4,13,23,56,57,58"
654,16:34,6,6,일산,7,"27,35,39,43,45,49,59"
654,16:34,7,7,판교,5,"7,9,18,28,31"
654,16:34,9,9,평택,2,"0,52"
655,16:35,1,1,서울역,3,"15,47,48"
655,16:35,2,2,수서,8,"8,10,16,17,19,21,36,42"
655,16:35,3,3,삼성,7,"1,6,11,30,38,40,41"
655,16:35,4,4,여의도,11,"3,5,12,24,25,26,32,33,37,46,54"
655,16:35,5,5,김포공항,6,"4,13,23,56,57,58"
655,16:35,6,6,일산,7,"27,35,39,43,45,49,59"
655,16:35,7,7,판교,5,"7,9,18,28,31"
655,16:35,9,9,평택,2,"0,52"
656,16:36,1,1,서울역,3,"15,47,48"
656,16:36,2,2,수서,9,"2,8,10,16,17,19,21,36,42"
656,16:36,3,3,삼성,7,"1,6,11,30,38,40,41"
656,16:36,4,4,여의도,11,"3,5,12,24,25,26,32,33,37,46,54"
656,16:36,5,5,김포공항,6,"4,13,14,23,57,58"
656,16:36,6,6,일산,7,"27,35,39,43,45,49,59"
656,16:36,7,7,판교,5,"7,9,18,28,31"
656,16:36,9,9,평택,3,"0,50,52"
657,16:37,1,1,서울역,3,"15,47,48"
657,16:37,2,2,수서,9,"2,8,10,16,17,19,21,36,42"
657,16:37,3,3,삼성,7,"1,6,11,30,38,40,41"
657,16:37,4,4,여의도,10,"3,5,12,24,25,26,33,37,46,54"
657,16:37,5,5,김포공항,7,"4,13,14,23,34,57,58"
657,16:37,6,6,일산,7,"27,35,39,43,45,49,59"
657,16:37,7,7,판교,5,"7,9,18,28,31"
657,16:37,9,9,평택,3,"0,50,52"
658,16:38,1,1,서울역,3,"15,47,48"
658,16:38,2,2,수서,8,"2,10,16,17,19,21,36,42"
658,16:38,3,3,삼성,7,"1,6,11,30,38,40,41"
658,16:38,4,4,여의도,12,"3,5,12,24,25,26,29,33,37,46,53,54"
658,16:38,5,5,김포공항,7,"4,13,14,23,34,57,58"
658,16:38,6,6,일산,7,"27,35,39,43,45,49,59"
658,16:38,7,7,판교,5,"7,9,18,28,31"
658,16:38,9,9,평택,3,"0,50,52"
659,16:39,1,1,서울역,3,"15,47,48"
659,16:39,2,2,수서,8,"2,10,16,17,19,21,36,42"
659,16:39,3,3,삼성,8,"1,6,11,30,38,40,41,51"
659,16:39,4,4,여의도,12,"3,5,12,24,25,26,29,33,37,46,53,54"
659,16:39,5,5,김포공항,7,"4,13,14,23,34,57,58"
659,16:39,6,6,일산,7,"27,35,39,43,45,49,59"
659,16:39,7,7,판교,5,"7,9,18,28,31"
659,16:39,9,9,평택,3,"0,50,52"
660,16:40,1,1,서울역,3,"15,47,48"
660,16:40,2,2,수서,7,"2,10,16,17,19,36,42"
660,16:40,3,3,삼성,8,"1,6,11,22,30,38,40,51"
660,16:40,4,4,여의도,11,"5,12,24,25,26,29,33,37,46,53,54"
660,16:40,5,5,김포공항,7,"4,13,14,23,34,57,58"
660,16:40,6,6,일산,7,"27,35,39,43,45,49,59"
660,16:40,7,7,판교,5,"7,9,18,28,31"
660,16:40,9,9,평택,3,"0,50,52"
661,16:41,1,1,서울역,3,"15,47,48"
661,16:41,2,2,수서,7,"2,10,16,17,19,36,42"
661,16:41,3,3,삼성,9,"1,6,11,20,22,30,38,40,51"
661,16:41,4,4,여의도,10,"5,12,24,26,33,37,46,53,54,55"
661,16:41,5,5,김포공항,7,"4,13,14,23,34,57,58"
661,16:41,6,6,일산,7,"27,35,39,43,45,49,59"
661,16:41,7,7,판교,5,"7,9,18,28,31"
661,16:41,9,9,평택,3,"0,50,52"
662,16:42,1,1,서울역,3,"15,47,48"
662,16:42,2,2,수서,7,"2,10,16,17,19,36,42"
662,16:42,3,3,삼성,7,"6,11,20,22,30,40,51"
662,16:42,4,4,여의도,10,"5,12,24,26,33,37,46,53,54,55"
662,16:42,5,5,김포공항,6,"4,14,23,34,57,58"
662,16:42,6,6,일산,7,"27,35,39,43,45,49,59"
662,16:42,7,7,판교,5,"7,9,18,28,31"
662,16:42,9,9,평택,2,"0,52"
663,16:43,1,1,서울역,3,"15,47,48"
663,16:43,2,2,수서,8,"2,10,16,17,19,32,41,42"
663,16:43,3,3,삼성,7,"6,11,20,22,30,40,51"
663,16:43,4,4,여의도,10,"5,12,24,26,33,37,46,53,54,55"
663,16:43,5,5,김포공항,6,"4,14,23,34,57,58"
663,16:43,6,6,일산,7,"27,35,39,43,45,49,59"
663,16:43,7,7,판교,5,"7,9,18,28,31"
663,16:43,9,9,평택,2,"0,52"
664,16:44,1,1,서울역,3,"15,47,48"
664,16:44,2,2,수서,8,"2,10,16,17,19,32,41,42"
664,16:44,3,3,삼성,7,"6,11,20,22,30,40,51"
664,16:44,4,4,여의도,10,"5,12,24,26,33,37,46,53,54,55"
664,16:44,5,5,김포공항,6,"4,14,23,34,57,58"
664,16:44,6,6,일산,7,"27,35,39,43,45,49,59"
664,16:44,7,7,판교,3,"18,28,31"
664,16:44,9,9,평택,2,"0,52"
665,16:45,1,1,서울역,5,"15,25,29,47,48"
665,16:45,2,2,수서,7,"1,2,10,16,17,32,41"
665,16:45,3,3,삼성,7,"6,11,20,22,30,40,51"
665,16:45,4,4,여의도,9,"5,12,26,33,37,46,53,54,55"
665,16:45,5,5,김포공항,6,"4,14,23,34,57,58"
665,16:45,6,6,일산,7,"27,35,39,43,45,49,59"
665,16:45,7,7,판교,3,"18,28,31"
665,16:45,9,9,평택,2,"0,52"
666,16:46,1,1,서울역,5,"15,25,29,47,48"
666,16:46,10,10,인천공항,1,56
666,16:46,2,2,수서,7,"1,2,3,10,16,17,32"
666,16:46,3,3,삼성,7,"6,11,20,22,30,40,51"
666,16:46,4,4,여의도,10,"5,12,21,26,33,37,46,53,54,55"
666,16:46,5,5,김포공항,7,"4,8,14,23,34,57,58"
666,16:46,6,6,일산,7,"27,35,39,43,45,49,59"
666,16:46,7,7,판교,3,"18,28,31"
666,16:46,9,9,평택,2,"0,52"
667,16:47,1,1,서울역,5,"15,25,29,47,48"
667,16:47,10,10,인천공항,1,56
667,16:47,2,2,수서,7,"1,2,3,10,16,17,32"
667,16:47,3,3,삼성,7,"6,11,20,22,30,40,51"
667,16:47,4,4,여의도,9,"5,12,21,26,33,37,46,54,55"
667,16:47,5,5,김포공항,7,"4,8,14,23,34,57,58"
667,16:47,6,6,일산,7,"27,35,39,43,45,49,59"
667,16:47,7,7,판교,3,"18,28,31"
667,16:47,9,9,평택,2,"0,52"
668,16:48,1,1,서울역,4,"15,25,47,48"
668,16:48,10,10,인천공항,1,56
668,16:48,2,2,수서,6,"2,3,10,16,17,32"
668,16:48,3,3,삼성,6,"6,11,20,22,30,40"
668,16:48,4,4,여의도,9,"5,12,21,26,33,37,46,54,55"
668,16:48,5,5,김포공항,7,"4,8,14,23,34,57,58"
668,16:48,6,6,일산,8,"27,35,39,43,44,45,49,59"
668,16:48,7,7,판교,3,"18,28,31"
668,16:48,9,9,평택,2,"0,52"
669,16:49,1,1,서울역,4,"15,25,47,48"
669,16:49,10,10,인천공항,1,56
669,16:49,2,2,수서,6,"2,3,10,16,17,32"
669,16:49,3,3,삼성,5,"6,11,20,30,40"
669,16:49,4,4,여의도,10,"5,12,21,26,33,37,38,46,54,55"
669,16:49,5,5,김포공항,7,"4,8,14,23,34,57,58"
669,16:49,6,6,일산,8,"27,35,39,43,44,45,49,59"
669,16:49,7,7,판교,3,"18,28,31"
669,16:49,9,9,평택,2,"0,52"
670,16:50,1,1,서울역,4,"15,25,47,48"
670,16:50,10,10,인천공항,1,56
670,16:50,2,2,수서,6,"2,3,10,16,17,32"
670,16:50,3,3,삼성,6,"6,11,13,20,30,40"
670,16:50,4,4,여의도,10,"5,12,21,26,33,37,38,46,54,55"
670,16:50,5,5,김포공항,7,"4,8,14,23,34,57,58"
670,16:50,6,6,일산,8,"27,35,39,43,44,45,49,59"
670,16:50,7,7,판교,3,"18,28,31"
670,16:50,9,9,평택,2,"0,52"
671,16:51,1,1,서울역,4,"15,25,47,48"
671,16:51,10,10,인천공항,1,56
671,16:51,2,2,수서,6,"2,3,10,16,17,32"
671,16:51,3,3,삼성,5,"6,13,20,30,40"
671,16:51,4,4,여의도,14,"5,7,9,12,19,21,26,33,37,38,42,46,54,55"
671,16:51,5,5,김포공항,8,"4,8,14,23,34,36,57,58"
671,16:51,6,6,일산,8,"27,35,39,43,44,45,49,59"
671,16:51,7,7,판교,3,"18,28,31"
671,16:51,9,9,평택,1,0
672,16:52,1,1,서울역,3,"15,47,48"
672,16:52,10,10,인천공항,1,56
672,16:52,2,2,수서,6,"2,3,10,16,17,32"
672,16:52,3,3,삼성,5,"6,13,20,30,40"
672,16:52,4,4,여의도,13,"5,7,9,12,19,21,33,37,38,42,46,54,55"
672,16:52,5,5,김포공항,8,"4,8,14,23,34,36,57,58"
672,16:52,6,6,일산,8,"27,35,39,43,44,45,49,59"
672,16:52,7,7,판교,4,"18,24,28,31"
672,16:52,9,9,평택,1,0
673,16:53,1,1,서울역,3,"15,47,48"
673,16:53,10,10,인천공항,1,56
673,16:53,2,2,수서,6,"2,3,10,16,17,32"
673,16:53,3,3,삼성,5,"6,13,20,30,40"
673,16:53,4,4,여의도,12,"5,7,9,12,19,21,33,37,38,42,46,55"
673,16:53,5,5,김포공항,8,"4,8,14,23,34,36,57,58"
673,16:53,6,6,일산,8,"27,35,39,43,44,45,49,59"
673,16:53,7,7,판교,3,"18,24,28"
673,16:53,9,9,평택,1,0
674,16:54,1,1,서울역,3,"15,47,48"
674,16:54,10,10,인천공항,1,56
674,16:54,2,2,수서,5,"3,10,16,17,32"
674,16:54,3,3,삼성,5,"6,13,20,30,40"
674,16:54,4,4,여의도,10,"5,7,9,12,19,21,37,38,42,55"
674,16:54,5,5,김포공항,9,"4,8,14,23,34,36,41,57,58"
674,16:54,6,6,일산,8,"27,35,39,43,44,45,49,59"
674,16:54,7,7,판교,3,"18,24,28"
674,16:54,9,9,평택,1,0
675,16:55,1,1,서울역,4,"15,22,47,48"
675,16:55,10,10,인천공항,1,56
675,16:55,2,2,수서,6,"3,10,16,17,29,32"
675,16:55,3,3,삼성,5,"6,13,20,30,40"
675,16:55,4,4,여의도,9,"5,7,9,12,19,21,37,38,42"
675,16:55,5,5,김포공항,9,"4,8,14,23,34,36,41,57,58"
675,16:55,6,6,일산,8,"27,35,39,43,44,45,49,59"
675,16:55,7,7,판교,3,"18,24,28"
675,16:55,9,9,평택,1,0
676,16:56,1,1,서울역,5,"15,22,26,47,48"
676,16:56,10,10,인천공항,1,56
676,16:56,2,2,수서,6,"3,10,16,17,29,32"
676,16:56,3,3,삼성,5,"6,13,20,30,40"
676,16:56,4,4,여의도,9,"5,7,9,12,19,21,37,38,42"
676,16:56,5,5,김포공항,11,"1,4,8,14,23,34,36,41,51,57,58"
676,16:56,6,6,일산,8,"27,35,39,43,44,45,49,59"
676,16:56,7,7,판교,3,"18,24,28"
676,16:56,9,9,평택,1,0
677,16:57,1,1,서울역,6,"15,22,26,47,48,54"
677,16:57,10,10,인천공항,1,56
677,16:57,2,2,수서,6,"3,10,16,17,29,32"
677,16:57,3,3,삼성,6,"6,13,20,30,40,50"
677,16:57,4,4,여의도,9,"5,7,9,12,19,21,37,38,42"
677,16:57,5,5,김포공항,11,"1,4,8,14,23,34,36,41,51,57,58"
677,16:57,6,6,일산,8,"27,35,39,43,44,45,49,59"
677,16:57,7,7,판교,3,"18,24,28"
677,16:57,9,9,평택,1,0
678,16:58,1,1,서울역,7,"15,22,26,46,47,48,54"
678,16:58,10,10,인천공항,1,56
678,16:58,2,2,수서,5,"10,16,17,29,32"
678,16:58,3,3,삼성,6,"6,13,20,30,40,50"
678,16:58,4,4,여의도,9,"5,7,9,12,19,21,37,38,42"
678,16:58,5,5,김포공항,11,"1,4,8,14,23,34,36,41,51,57,58"
678,16:58,6,6,일산,8,"27,35,39,43,44,45,49,59"
678,16:58,7,7,판교,3,"18,24,28"
678,16:58,9,9,평택,1,0
679,16:59,1,1,서울역,8,"15,22,26,46,47,48,54,55"
679,16:59,10,10,인천공항,1,56
679,16:59,2,2,수서,5,"10,16,17,29,32"
679,16:59,3,3,삼성,6,"6,13,20,30,40,50"
679,16:59,4,4,여의도,7,"5,9,12,19,21,38,42"
679,16:59,5,5,김포공항,12,"1,4,8,11,14,23,34,36,41,51,57,58"
679,16:59,6,6,일산,9,"25,27,35,39,43,44,45,49,59"
679,16:59,7,7,판교,3,"18,24,28"
679,16:59,9,9,평택,1,0
680,17:00,1,1,서울역,7,"15,22,26,46,47,48,55"
680,17:00,10,10,인천공항,1,56
680,17:00,2,2,수서,6,"10,16,17,29,32,33"
680,17:00,3,3,삼성,6,"6,13,20,30,40,50"
680,17:00,4,4,여의도,7,"5,9,12,19,31,38,42"
680,17:00,5,5,김포공항,11,"1,8,11,14,23,34,36,41,51,57,58"
680,17:00,6,6,일산,7,"25,39,43,44,45,49,59"
680,17:00,7,7,판교,2,"18,24"
680,17:00,9,9,평택,1,0
681,17:01,1,1,서울역,6,"15,22,26,47,48,55"
681,17:01,10,10,인천공항,1,56
681,17:01,2,2,수서,6,"10,16,17,29,32,33"
681,17:01,3,3,삼성,6,"6,13,20,30,40,50"
681,17:01,4,4,여의도,6,"5,9,12,19,31,42"
681,17:01,5,5,김포공항,11,"1,8,11,14,23,34,36,41,51,57,58"
681,17:01,6,6,일산,7,"25,39,43,44,45,49,59"
681,17:01,7,7,판교,2,"18,24"
681,17:01,9,9,평택,1,0
682,17:02,1,1,서울역,4,"15,22,47,48"
682,17:02,10,10,인천공항,1,56
682,17:02,2,2,수서,6,"10,16,17,29,32,33"
682,17:02,3,3,삼성,6,"6,13,20,30,40,50"
682,17:02,4,4,여의도,6,"5,9,12,19,31,42"
682,17:02,5,5,김포공항,12,"1,2,8,11,14,23,34,36,41,51,57,58"
682,17:02,6,6,일산,7,"25,39,43,44,45,49,59"
682,17:02,7,7,판교,2,"18,24"
682,17:02,9,9,평택,2,"0,53"
683,17:03,1,1,서울역,4,"15,22,47,48"
683,17:03,10,10,인천공항,1,56
683,17:03,2,2,수서,6,"10,16,17,29,32,33"
683,17:03,3,3,삼성,5,"6,13,30,40,50"
683,17:03,4,4,여의도,4,"5,12,19,31"
683,17:03,5,5,김포공항,11,"2,8,11,14,23,34,36,41,51,57,58"
683,17:03,6,6,일산,7,"25,39,43,44,45,49,59"
683,17:03,7,7,판교,1,18
683,17:03,9,9,평택,2,"0,53"
684,17:04,1,1,서울역,4,"15,22,47,48"
684,17:04,2,2,수서,6,"10,16,17,29,32,33"
684,17:04,3,3,삼성,5,"6,13,30,40,50"
684,17:04,4,4,여의도,4,"5,12,19,31"
684,17:04,5,5,김포공항,11,"2,8,11,14,23,34,36,41,51,57,58"
684,17:04,6,6,일산,7,"25,39,43,44,45,49,59"
684,17:04,9,9,평택,2,"0,53"
685,17:05,1,1,서울역,4,"15,22,47,48"
685,17:05,2,2,수서,7,"10,16,17,29,32,33,37"
685,17:05,3,3,삼성,4,"6,13,30,40"
685,17:05,4,4,여의도,4,"5,12,19,31"
685,17:05,5,5,김포공항,11,"2,8,11,14,23,34,36,41,51,57,58"
685,17:05,6,6,일산,7,"25,39,43,44,45,49,59"
685,17:05,9,9,평택,2,"0,53"
686,17:06,1,1,서울역,3,"15,22,47"
686,17:06,2,2,수서,7,"10,16,17,29,32,33,37"
686,17:06,3,3,삼성,4,"6,7,13,30"
686,17:06,4,4,여의도,5,"5,12,19,31,52"
686,17:06,5,5,김포공항,12,"2,3,8,11,14,23,34,36,41,51,57,58"
686,17:06,6,6,일산,7,"25,39,43,44,45,49,59"
686,17:06,9,9,평택,2,"0,53"
687,17:07,1,1,서울역,5,"22,27,28,35,47"
687,17:07,2,2,수서,6,"16,17,29,32,33,37"
687,17:07,3,3,삼성,4,"6,7,13,30"
687,17:07,4,4,여의도,4,"12,19,31,52"
687,17:07,5,5,김포공항,12,"2,3,8,11,14,23,34,36,41,51,57,58"
687,17:07,6,6,일산,7,"25,39,43,44,45,49,59"
687,17:07,7,7,판교,1,21
687,17:07,9,9,평택,2,"0,53"
688,17:08,1,1,서울역,5,"22,27,28,35,47"
688,17:08,2,2,수서,6,"16,17,29,32,33,37"
688,17:08,3,3,삼성,4,"4,6,7,13"
688,17:08,4,4,여의도,4,"12,19,31,52"
688,17:08,5,5,김포공항,13,"2,3,8,11,14,23,34,36,41,51,54,57,58"
688,17:08,6,6,일산,7,"25,39,43,44,45,49,59"
688,17:08,7,7,판교,2,"21,38"
688,17:08,9,9,평택,2,"0,53"
689,17:09,1,1,서울역,6,"20,22,27,28,35,47"
689,17:09,2,2,수서,8,"9,16,17,29,32,33,37,42"
689,17:09,3,3,삼성,4,"4,6,7,13"
689,17:09,4,4,여의도,2,"19,52"
689,17:09,5,5,김포공항,13,"2,8,11,14,23,34,36,41,46,51,54,57,58"
689,17:09,6,6,일산,8,"25,26,39,43,44,45,49,59"
689,17:09,7,7,판교,2,"21,38"
689,17:09,9,9,평택,2,"0,53"
690,17:10,1,1,서울역,3,"20,22,47"
690,17:10,2,2,수서,7,"9,16,17,32,33,37,42"
690,17:10,3,3,삼성,4,"4,6,7,13"
690,17:10,4,4,여의도,3,"19,24,52"
690,17:10,5,5,김포공항,14,"2,8,11,14,23,34,36,41,46,51,54,55,57,58"
690,17:10,6,6,일산,8,"1,25,26,43,44,45,49,59"
690,17:10,7,7,판교,1,38
690,17:10,9,9,평택,2,"0,53"
691,17:11,1,1,서울역,4,"20,22,47,50"
691,17:11,2,2,수서,7,"9,16,17,32,33,37,42"
691,17:11,3,3,삼성,2,"7,13"
691,17:11,4,4,여의도,4,"18,19,24,52"
691,17:11,5,5,김포공항,14,"2,8,11,14,23,34,36,41,46,51,54,55,57,58"
691,17:11,6,6,일산,8,"1,25,26,43,44,45,49,59"
691,17:11,9,9,평택,2,"0,53"
692,17:12,1,1,서울역,3,"22,47,50"
692,17:12,2,2,수서,5,"9,16,17,33,37"
692,17:12,3,3,삼성,2,"13,48"
692,17:12,4,4,여의도,4,"18,19,24,52"
692,17:12,5,5,김포공항,14,"2,8,11,14,23,34,36,41,46,51,54,55,57,58"
692,17:12,6,6,일산,8,"1,25,26,43,44,45,49,59"
692,17:12,9,9,평택,2,"0,53"
693,17:13,1,1,서울역,2,"47,50"
693,17:13,2,2,수서,5,"9,16,17,33,37"
693,17:13,3,3,삼성,3,"13,15,48"
693,17:13,4,4,여의도,6,"10,18,19,24,40,52"
693,17:13,5,5,김포공항,14,"2,8,11,14,23,34,36,41,46,51,54,55,57,58"
693,17:13,6,6,일산,8,"1,25,26,43,44,45,49,59"
693,17:13,9,9,평택,1,53
694,17:14,1,1,서울역,2,"47,50"
694,17:14,2,2,수서,5,"9,16,17,33,37"
694,17:14,3,3,삼성,4,"5,13,15,48"
694,17:14,4,4,여의도,6,"10,18,19,24,40,52"
694,17:14,5,5,김포공항,14,"2,8,11,14,23,34,36,41,46,51,54,55,57,58"
694,17:14,6,6,일산,8,"1,25,26,43,44,45,49,59"
694,17:14,9,9,평택,1,53
695,17:15,1,1,서울역,2,"47,50"
695,17:15,2,2,수서,6,"12,16,17,31,33,37"
695,17:15,3,3,삼성,4,"5,13,15,48"
695,17:15,4,4,여의도,6,"3,10,18,24,40,52"
695,17:15,5,5,김포공항,14,"2,8,11,14,23,34,36,41,46,51,54,55,57,58"
695,17:15,6,6,일산,8,"1,25,26,43,44,45,49,59"
695,17:15,9,9,평택,1,53
696,17:16,1,1,서울역,2,"47,50"
696,17:16,2,2,수서,6,"12,16,17,31,33,37"
696,17:16,3,3,삼성,4,"5,13,15,48"
696,17:16,4,4,여의도,7,"3,10,18,24,40,52,56"
696,17:16,5,5,김포공항,14,"2,8,11,14,23,34,36,41,46,51,54,55,57,58"
696,17:16,6,6,일산,8,"1,25,26,43,44,45,49,59"
696,17:16,9,9,평택,1,53
697,17:17,1,1,서울역,4,"6,29,39,47"
697,17:17,2,2,수서,6,"12,16,17,31,33,37"
697,17:17,3,3,삼성,4,"5,13,15,48"
697,17:17,4,4,여의도,7,"3,10,21,24,40,52,56"
697,17:17,5,5,김포공항,14,"2,8,11,14,23,34,36,41,46,51,54,55,57,58"
697,17:17,6,6,일산,8,"1,25,26,43,44,45,49,59"
697,17:17,7,7,판교,1,28
697,17:17,9,9,평택,1,53
698,17:18,1,1,서울역,4,"6,29,39,47"
698,17:18,2,2,수서,6,"12,16,17,31,33,37"
698,17:18,3,3,삼성,4,"5,13,15,20"
698,17:18,4,4,여의도,8,"3,10,21,24,38,40,52,56"
698,17:18,5,5,김포공항,16,"2,8,11,14,23,27,34,35,36,41,46,51,54,55,57,58"
698,17:18,6,6,일산,7,"25,26,43,44,45,49,59"
698,17:18,7,7,판교,1,28
698,17:18,9,9,평택,1,53
699,17:19,1,1,서울역,5,"6,29,32,39,47"
699,17:19,2,2,수서,6,"12,16,17,31,33,37"
699,17:19,3,3,삼성,4,"5,13,15,20"
699,17:19,4,4,여의도,7,"3,7,21,24,38,52,56"
699,17:19,5,5,김포공항,17,"2,4,8,11,14,23,27,34,35,36,41,46,51,54,55,57,58"
699,17:19,6,6,일산,7,"25,26,43,44,45,49,59"
699,17:19,7,7,판교,1,28
699,17:19,9,9,평택,1,53
700,17:20,1,1,서울역,3,"6,29,32"
700,17:20,2,2,수서,6,"12,16,17,31,33,37"
700,17:20,3,3,삼성,4,"5,13,15,20"
700,17:20,4,4,여의도,6,"3,7,24,38,52,56"
700,17:20,5,5,김포공항,16,"2,4,8,11,23,27,34,35,41,42,46,51,54,55,57,58"
700,17:20,6,6,일산,7,"25,26,43,44,45,49,59"
700,17:20,7,7,판교,2,"22,28"
700,17:20,9,9,평택,1,53
701,17:21,1,1,서울역,3,"6,29,32"
701,17:21,2,2,수서,6,"16,17,19,31,33,37"
701,17:21,3,3,삼성,3,"5,15,20"
701,17:21,4,4,여의도,6,"7,9,24,38,52,56"
701,17:21,5,5,김포공항,16,"2,4,8,11,23,27,34,35,41,42,46,51,54,55,57,58"
701,17:21,6,6,일산,7,"25,26,43,44,45,49,59"
701,17:21,7,7,판교,2,"22,28"
701,17:21,9,9,평택,1,53
702,17:22,1,1,서울역,3,"6,29,32"
702,17:22,2,2,수서,6,"16,17,19,31,33,37"
702,17:22,3,3,삼성,3,"5,15,20"
702,17:22,4,4,여의도,5,"7,9,24,38,52"
702,17:22,5,5,김포공항,16,"2,4,8,11,23,27,34,35,41,42,46,51,54,55,57,58"
702,17:22,6,6,일산,7,"25,26,43,44,45,49,59"
702,17:22,7,7,판교,2,"22,28"
702,17:22,9,9,평택,1,53
703,17:23,1,1,서울역,1,29
703,17:23,10,10,인천공항,1,30
703,17:23,2,2,수서,3,"17,19,33"
703,17:23,3,3,삼성,1,20
703,17:23,4,4,여의도,3,"7,9,38"
703,17:23,5,5,김포공항,16,"2,4,8,11,23,27,34,35,41,42,46,51,54,55,57,58"
703,17:23,6,6,일산,7,"25,26,43,44,45,49,59"
703,17:23,7,7,판교,2,"22,28"
703,17:23,9,9,평택,1,53
704,17:24,1,1,서울역,1,29
704,17:24,10,10,인천공항,1,30
704,17:24,2,2,수서,3,"19,33,50"
704,17:24,3,3,삼성,1,18
704,17:24,4,4,여의도,4,"7,9,38,47"
704,17:24,5,5,김포공항,15,"4,8,11,23,27,34,35,41,42,46,51,54,55,57,58"
704,17:24,6,6,일산,7,"25,26,43,44,45,49,59"
704,17:24,7,7,판교,2,"22,28"
704,17:24,9,9,평택,1,53
705,17:25,1,1,서울역,1,29
705,17:25,10,10,인천공항,1,30
705,17:25,2,2,수서,4,"10,19,33,50"
705,17:25,3,3,삼성,1,18
705,17:25,4,4,여의도,3,"9,38,47"
705,17:25,5,5,김포공항,14,"8,11,23,27,34,35,41,42,46,51,54,55,57,58"
705,17:25,6,6,일산,7,"25,26,43,44,45,49,59"
705,17:25,7,7,판교,1,22
705,17:25,9,9,평택,1,53
706,17:26,10,10,인천공항,1,30
706,17:26,2,2,수서,4,"10,19,21,50"
706,17:26,3,3,삼성,2,"18,31"
706,17:26,4,4,여의도,3,"9,38,47"
706,17:26,5,5,김포공항,13,"11,23,27,34,35,41,42,46,51,54,55,57,58"
706,17:26,6,6,일산,7,"25,26,43,44,45,49,59"
706,17:26,7,7,판교,1,40
706,17:26,9,9,평택,1,53
707,17:27,10,10,인천공항,1,30
707,17:27,2,2,수서,5,"3,10,19,21,50"
707,17:27,3,3,삼성,2,"18,31"
707,17:27,4,4,여의도,2,"9,32"
707,17:27,5,5,김포공항,13,"11,23,27,34,35,41,42,46,51,54,55,57,58"
707,17:27,6,6,일산,7,"25,26,43,44,45,49,59"
707,17:27,7,7,판교,2,"39,40"
707,17:27,9,9,평택,1,53
708,17:28,1,1,서울역,1,12
708,17:28,10,10,인천공항,1,30
708,17:28,2,2,수서,6,"3,10,14,19,21,50"
708,17:28,3,3,삼성,2,"18,31"
708,17:28,4,4,여의도,4,"0,9,13,32"
708,17:28,5,5,김포공항,13,"11,23,27,34,35,41,42,46,51,54,55,57,58"
708,17:28,6,6,일산,7,"25,26,43,44,45,49,59"
708,17:28,7,7,판교,2,"39,40"
708,17:28,9,9,평택,1,53
709,17:29,1,1,서울역,1,12
709,17:29,10,10,인천공항,1,30
709,17:29,2,2,수서,6,"3,10,14,19,21,50"
709,17:29,3,3,삼성,1,18
709,17:29,4,4,여의도,4,"0,13,32,37"
709,17:29,5,5,김포공항,12,"11,23,34,35,41,42,46,51,54,55,57,58"
709,17:29,6,6,일산,7,"25,26,43,44,45,49,59"
709,17:29,7,7,판교,3,"39,40,56"
709,17:29,9,9,평택,1,53
710,17:30,1,1,서울역,2,"12,16"
710,17:30,10,10,인천공항,1,30
710,17:30,2,2,수서,6,"3,6,10,14,21,50"
710,17:30,3,3,삼성,2,"18,24"
710,17:30,4,4,여의도,6,"0,2,5,13,17,37"
710,17:30,5,5,김포공항,12,"11,23,34,35,41,42,46,51,54,55,57,58"
710,17:30,6,6,일산,7,"25,26,43,44,45,49,59"
710,17:30,7,7,판교,5,"1,39,40,52,56"
710,17:30,9,9,평택,1,53
711,17:31,1,1,서울역,2,"12,16"
711,17:31,10,10,인천공항,1,30
711,17:31,2,2,수서,6,"3,6,7,14,21,50"
711,17:31,3,3,삼성,1,24
711,17:31,4,4,여의도,6,"0,2,5,13,17,37"
711,17:31,5,5,김포공항,13,"11,15,23,34,35,41,42,46,51,54,55,57,58"
711,17:31,6,6,일산,7,"25,26,43,44,45,49,59"
711,17:31,7,7,판교,5,"1,39,40,52,56"
711,17:31,9,9,평택,1,53
712,17:32,1,1,서울역,2,"12,16"
712,17:32,10,10,인천공항,1,30
712,17:32,2,2,수서,5,"3,6,7,14,50"
712,17:32,3,3,삼성,1,24
712,17:32,4,4,여의도,8,"0,2,5,13,17,28,33,37"
712,17:32,5,5,김포공항,14,"11,15,20,23,34,35,41,42,46,51,54,55,57,58"
712,17:32,6,6,일산,7,"25,26,43,44,45,49,59"
712,17:32,7,7,판교,5,"1,39,40,52,56"
712,17:32,9,9,평택,1,53
713,17:33,1,1,서울역,2,"12,16"
713,17:33,10,10,인천공항,2,"30,48"
713,17:33,2,2,수서,5,"3,6,7,14,50"
713,17:33,3,3,삼성,1,4
713,17:33,4,4,여의도,8,"0,5,13,17,22,28,33,37"
713,17:33,5,5,김포공항,14,"11,15,20,23,34,35,41,42,46,51,54,55,57,58"
713,17:33,6,6,일산,7,"25,26,43,44,45,49,59"
713,17:33,7,7,판교,5,"1,39,40,52,56"
713,17:33,9,9,평택,1,53
714,17:34,1,1,서울역,1,16
714,17:34,10,10,인천공항,2,"30,48"
714,17:34,2,2,수서,3,"3,6,7"
714,17:34,3,3,삼성,3,"4,8,38"
714,17:34,4,4,여의도,8,"0,5,13,17,22,28,33,37"
714,17:34,5,5,김포공항,15,"11,15,20,23,29,34,35,41,42,46,51,54,55,57,58"
714,17:34,6,6,일산,7,"25,26,43,44,45,49,59"
714,17:34,7,7,판교,6,"1,39,40,47,52,56"
714,17:34,8,8,동탄/용인,1,36
714,17:34,9,9,평택,1,53
715,17:35,1,1,서울역,1,16
715,17:35,10,10,인천공항,2,"30,48"
715,17:35,2,2,수서,4,"3,6,7,9"
715,17:35,3,3,삼성,3,"4,8,38"
715,17:35,4,4,여의도,7,"0,5,13,17,22,28,33"
715,17:35,5,5,김포공항,15,"11,15,20,23,29,34,35,41,42,46,51,54,55,57,58"
715,17:35,6,6,일산,7,"25,26,43,44,45,49,59"
715,17:35,7,7,판교,6,"1,39,40,47,52,56"
715,17:35,8,8,동탄/용인,1,36
715,17:35,9,9,평택,1,53
716,17:36,10,10,인천공항,2,"30,48"
716,17:36,2,2,수서,4,"6,7,9,24"
716,17:36,3,3,삼성,3,"4,8,38"
716,17:36,4,4,여의도,6,"5,13,22,28,31,33"
716,17:36,5,5,김포공항,15,"11,15,20,23,29,34,35,41,42,46,51,54,55,57,58"
716,17:36,6,6,일산,7,"25,26,43,44,45,49,59"
716,17:36,7,7,판교,5,"39,40,47,52,56"
716,17:36,8,8,동탄/용인,1,36
716,17:36,9,9,평택,1,53
717,17:37,1,1,서울역,1,19
717,17:37,10,10,인천공항,2,"30,48"
717,17:37,2,2,수서,3,"9,24,27"
717,17:37,3,3,삼성,3,"4,8,32"
717,17:37,4,4,여의도,7,"5,10,13,22,28,31,33"
717,17:37,5,5,김포공항,15,"11,15,20,23,29,34,35,41,42,46,51,54,55,57,58"
717,17:37,6,6,일산,7,"25,26,43,44,45,49,59"
717,17:37,7,7,판교,5,"39,40,47,52,56"
717,17:37,9,9,평택,1,53
718,17:38,1,1,서울역,1,19
718,17:38,10,10,인천공항,2,"30,48"
718,17:38,2,2,수서,3,"9,24,27"
718,17:38,3,3,삼성,3,"4,8,32"
718,17:38,4,4,여의도,9,"5,10,13,18,21,22,28,31,33"
718,17:38,5,5,김포공항,15,"11,15,20,23,29,34,35,41,42,46,51,54,55,57,58"
718,17:38,6,6,일산,7,"25,26,43,44,45,49,59"
718,17:38,7,7,판교,5,"39,40,47,52,56"
718,17:38,9,9,평택,1,53
719,17:39,1,1,서울역,1,19
719,17:39,10,10,인천공항,2,"30,48"
719,17:39,2,2,수서,2,"9,27"
719,17:39,3,3,삼성,2,"8,32"
719,17:39,4,4,여의도,9,"5,10,13,18,21,22,28,31,33"
719,17:39,5,5,김포공항,15,"11,15,20,23,29,34,35,41,42,46,51,54,55,57,58"
719,17:39,6,6,일산,7,"25,26,43,44,45,49,59"
719,17:39,7,7,판교,5,"39,40,47,52,56"
719,17:39,9,9,평택,1,53
720,17:40,1,1,서울역,1,19
720,17:40,10,10,인천공항,2,"30,48"
720,17:40,2,2,수서,1,9
720,17:40,3,3,삼성,2,"8,32"
720,17:40,4,4,여의도,7,"10,13,18,21,28,31,33"
720,17:40,5,5,김포공항,12,"20,29,34,35,41,42,46,51,54,55,57,58"
720,17:40,6,6,일산,7,"25,26,43,44,45,49,59"
720,17:40,7,7,판교,2,"2,39"
720,17:40,9,9,평택,1,53
721,17:41,1,1,서울역,2,"19,50"
721,17:41,10,10,인천공항,2,"30,48"
721,17:41,2,2,수서,1,9
721,17:41,3,3,삼성,1,32
721,17:41,4,4,여의도,6,"10,13,18,21,31,33"
721,17:41,5,5,김포공항,12,"20,29,34,35,41,42,46,51,54,55,57,58"
721,17:41,6,6,일산,7,"25,26,43,44,45,49,59"
721,17:41,7,7,판교,3,"2,12,39"
721,17:41,9,9,평택,1,53
722,17:42,1,1,서울역,2,"19,50"
722,17:42,10,10,인천공항,2,"30,48"
722,17:42,2,2,수서,2,"0,9"
722,17:42,3,3,삼성,2,"32,37"
722,17:42,4,4,여의도,7,"3,10,13,18,21,31,33"
722,17:42,5,5,김포공항,12,"14,29,34,35,41,42,46,51,54,55,57,58"
722,17:42,6,6,일산,7,"25,26,43,44,45,49,59"
722,17:42,7,7,판교,3,"2,12,39"
722,17:42,9,9,평택,1,53
723,17:43,1,1,서울역,1,50
723,17:43,10,10,인천공항,1,30
723,17:43,2,2,수서,1,0
723,17:43,3,3,삼성,1,37
723,17:43,4,4,여의도,9,"1,3,6,7,13,18,21,31,33"
723,17:43,5,5,김포공항,12,"14,29,34,35,41,42,46,51,54,55,57,58"
723,17:43,6,6,일산,7,"25,26,43,44,45,49,59"
723,17:43,7,7,판교,5,"2,12,16,17,39"
723,17:43,9,9,평택,1,53
724,17:44,1,1,서울역,1,22
724,17:44,10,10,인천공항,1,30
724,17:44,2,2,수서,1,0
724,17:44,3,3,삼성,1,37
724,17:44,4,4,여의도,10,"1,3,6,7,13,18,21,31,33,38"
724,17:44,5,5,김포공항,12,"14,29,34,35,41,42,46,51,54,55,57,58"
724,17:44,6,6,일산,7,"25,26,43,44,45,49,59"
724,17:44,7,7,판교,5,"2,12,16,17,39"
724,17:44,9,9,평택,1,53
725,17:45,1,1,서울역,1,22
725,17:45,10,10,인천공항,1,30
725,17:45,2,2,수서,1,0
725,17:45,3,3,삼성,1,37
725,17:45,4,4,여의도,10,"1,3,6,7,18,21,24,31,33,38"
725,17:45,5,5,김포공항,12,"14,29,34,35,41,42,46,51,54,55,57,58"
725,17:45,6,6,일산,7,"25,26,43,44,45,49,59"
725,17:45,7,7,판교,5,"2,12,16,17,39"
725,17:45,9,9,평택,1,53
726,17:46,1,1,서울역,1,22
726,17:46,2,2,수서,5,"0,5,40,47,52"
726,17:46,3,3,삼성,1,37
726,17:46,4,4,여의도,9,"3,6,7,18,21,24,31,33,38"
726,17:46,5,5,김포공항,12,"14,29,34,35,41,42,46,51,54,55,57,58"
726,17:46,6,6,일산,6,"25,26,43,45,49,59"
726,17:46,7,7,판교,5,"2,12,16,17,39"
726,17:46,9,9,평택,1,53
727,17:47,2,2,수서,5,"0,5,40,47,52"
727,17:47,3,3,삼성,3,"36,37,56"
727,17:47,4,4,여의도,9,"3,6,7,18,21,24,31,33,38"
727,17:47,5,5,김포공항,13,"4,14,29,34,35,41,42,46,51,54,55,57,58"
727,17:47,6,6,일산,5,"26,43,45,49,59"
727,17:47,7,7,판교,4,"2,16,17,39"
727,17:47,9,9,평택,1,53
728,17:48,2,2,수서,5,"0,5,40,47,52"
728,17:48,3,3,삼성,5,"11,15,28,36,56"
728,17:48,4,4,여의도,8,"6,7,18,21,24,31,33,38"
728,17:48,5,5,김포공항,13,"4,27,29,34,35,41,42,46,51,54,55,57,58"
728,17:48,6,6,일산,5,"26,43,45,49,59"
728,17:48,7,7,판교,4,"2,16,17,39"
728,17:48,9,9,평택,1,53
729,17:49,2,2,수서,2,"0,47"
729,17:49,3,3,삼성,6,"11,15,19,28,36,56"
729,17:49,4,4,여의도,8,"6,7,9,18,21,24,33,38"
729,17:49,5,5,김포공항,14,"4,8,27,29,34,35,41,42,46,51,54,55,57,58"
729,17:49,6,6,일산,5,"26,43,45,49,59"
729,17:49,7,7,판교,3,"2,17,39"
729,17:49,9,9,평택,1,53
730,17:50,10,10,인천공항,1,23
730,17:50,2,2,수서,2,"0,47"
730,17:50,3,3,삼성,7,"10,11,15,19,20,28,36"
730,17:50,4,4,여의도,8,"6,7,9,18,21,24,33,38"
730,17:50,5,5,김포공항,14,"4,8,27,29,34,35,41,42,46,51,54,55,57,58"
730,17:50,6,6,일산,5,"26,43,45,49,59"
730,17:50,7,7,판교,3,"2,17,39"
731,17:51,10,10,인천공항,1,23
731,17:51,2,2,수서,3,"0,47,50"
731,17:51,3,3,삼성,5,"10,15,19,20,36"
731,17:51,4,4,여의도,6,"6,9,21,24,33,38"
731,17:51,5,5,김포공항,15,"4,8,27,29,32,34,35,41,42,46,51,54,55,57,58"
731,17:51,6,6,일산,5,"26,43,45,49,59"
731,17:51,7,7,판교,3,"2,17,39"
732,17:52,10,10,인천공항,1,23
732,17:52,2,2,수서,3,"0,1,50"
732,17:52,3,3,삼성,6,"10,13,15,19,20,36"
732,17:52,4,4,여의도,4,"21,24,33,38"
732,17:52,5,5,김포공항,15,"4,8,27,29,32,34,35,41,42,46,51,54,55,57,58"
732,17:52,6,6,일산,5,"26,43,45,49,59"
732,17:52,7,7,판교,3,"2,17,39"
733,17:53,1,1,서울역,1,44
733,17:53,10,10,인천공항,1,23
733,17:53,2,2,수서,3,"0,1,50"
733,17:53,3,3,삼성,4,"13,15,19,20"
733,17:53,4,4,여의도,4,"21,24,33,38"
733,17:53,5,5,김포공항,15,"4,8,27,29,32,34,35,41,42,46,51,54,55,57,58"
733,17:53,6,6,일산,5,"26,43,45,49,59"
733,17:53,7,7,판교,2,"2,39"
734,17:54,1,1,서울역,1,44
734,17:54,10,10,인천공항,1,23
734,17:54,2,2,수서,3,"0,1,3"
734,17:54,3,3,삼성,3,"13,19,20"
734,17:54,4,4,여의도,4,"12,24,33,38"
734,17:54,5,5,김포공항,15,"4,8,27,29,32,34,35,41,42,46,51,54,55,57,58"
734,17:54,6,6,일산,5,"26,43,45,49,59"
734,17:54,7,7,판교,3,"2,22,39"
735,17:55,1,1,서울역,1,44
735,17:55,10,10,인천공항,1,23
735,17:55,2,2,수서,3,"0,3,31"
735,17:55,3,3,삼성,2,"13,20"
735,17:55,4,4,여의도,4,"5,12,24,38"
735,17:55,5,5,김포공항,15,"4,8,27,29,32,34,35,41,42,46,51,54,55,57,58"
735,17:55,6,6,일산,5,"26,43,45,49,59"
735,17:55,7,7,판교,3,"2,22,39"
736,17:56,1,1,서울역,2,"52,56"
736,17:56,2,2,수서,4,"0,3,10,31"
736,17:56,3,3,삼성,2,"13,14"
736,17:56,4,4,여의도,4,"5,12,24,38"
736,17:56,5,5,김포공항,16,"4,8,27,29,32,34,35,37,41,42,46,51,54,55,57,58"
736,17:56,6,6,일산,5,"26,43,45,49,59"
736,17:56,7,7,판교,3,"2,22,39"
737,17:57,1,1,서울역,2,"52,56"
737,17:57,2,2,수서,4,"3,7,10,31"
737,17:57,3,3,삼성,3,"13,14,50"
737,17:57,4,4,여의도,4,"5,12,24,38"
737,17:57,5,5,김포공항,16,"4,8,27,29,32,34,35,37,41,42,46,51,54,55,57,58"
737,17:57,6,6,일산,5,"26,43,45,49,59"
737,17:57,7,7,판교,3,"2,22,39"
738,17:58,1,1,서울역,2,"52,56"
738,17:58,2,2,수서,4,"3,7,10,31"
738,17:58,3,3,삼성,4,"14,18,48,50"
738,17:58,4,4,여의도,4,"5,12,28,38"
738,17:58,5,5,김포공항,16,"4,8,27,29,32,34,35,37,41,42,46,51,54,55,57,58"
738,17:58,6,6,일산,4,"26,45,49,59"
738,17:58,7,7,판교,3,"2,22,39"
739,17:59,1,1,서울역,3,"47,52,56"
739,17:59,2,2,수서,3,"3,7,31"
739,17:59,3,3,삼성,4,"9,18,48,50"
739,17:59,4,4,여의도,3,"5,12,28"
739,17:59,5,5,김포공항,17,"4,8,11,27,29,32,34,35,37,41,42,46,51,54,55,57,58"
739,17:59,6,6,일산,4,"26,45,49,59"
739,17:59,7,7,판교,5,"2,6,22,25,39"
740,18:00,1,1,서울역,3,"47,52,56"
740,18:00,2,2,수서,3,"3,7,31"
740,18:00,3,3,삼성,3,"9,18,48"
740,18:00,4,4,여의도,4,"5,17,28,36"
740,18:00,5,5,김포공항,15,"11,27,29,32,34,35,37,41,42,46,51,54,55,57,58"
740,18:00,6,6,일산,5,"26,40,45,49,59"
740,18:00,7,7,판교,4,"2,6,22,25"
741,18:01,1,1,서울역,3,"47,52,56"
741,18:01,2,2,수서,4,"3,7,31,33"
741,18:01,3,3,삼성,4,"9,18,30,48"
741,18:01,4,4,여의도,5,"1,5,17,28,36"
741,18:01,5,5,김포공항,15,"11,27,29,32,34,35,37,41,42,46,51,54,55,57,58"
741,18:01,6,6,일산,6,"16,26,40,45,49,59"
741,18:01,7,7,판교,5,"2,6,21,22,25"
742,18:02,1,1,서울역,3,"47,52,56"
742,18:02,2,2,수서,4,"3,7,31,33"
742,18:02,3,3,삼성,3,"18,30,48"
742,18:02,4,4,여의도,6,"1,5,17,19,28,36"
742,18:02,5,5,김포공항,15,"15,27,29,32,34,35,37,41,42,46,51,54,55,57,58"
742,18:02,6,6,일산,6,"16,26,40,45,49,59"
742,18:02,7,7,판교,5,"2,6,21,22,25"
743,18:03,1,1,서울역,3,"47,52,56"
743,18:03,2,2,수서,2,"31,33"
743,18:03,3,3,삼성,3,"18,30,48"
743,18:03,4,4,여의도,6,"0,1,17,19,28,36"
743,18:03,5,5,김포공항,15,"15,27,29,32,34,35,37,41,42,46,51,54,55,57,58"
743,18:03,6,6,일산,6,"16,26,40,45,49,59"
743,18:03,7,7,판교,5,"2,6,21,22,25"
744,18:04,1,1,서울역,4,"13,47,52,56"
744,18:04,2,2,수서,2,"31,33"
744,18:04,3,3,삼성,2,"18,30"
744,18:04,4,4,여의도,5,"0,1,17,19,36"
744,18:04,5,5,김포공항,16,"15,20,27,29,32,34,35,37,41,42,46,51,54,55,57,58"
744,18:04,6,6,일산,6,"16,26,40,45,49,59"
744,18:04,7,7,판교,5,"2,6,21,22,25"
745,18:05,1,1,서울역,4,"13,47,52,56"
745,18:05,2,2,수서,3,"31,33,38"
745,18:05,3,3,삼성,2,"18,30"
745,18:05,4,4,여의도,7,"0,1,10,17,19,36,53"
745,18:05,5,5,김포공항,16,"15,20,27,29,32,34,35,37,41,42,46,51,54,55,57,58"
745,18:05,6,6,일산,6,"16,26,40,45,49,59"
745,18:05,7,7,판교,5,"2,6,21,22,24"
746,18:06,1,1,서울역,5,"13,47,50,52,56"
746,18:06,2,2,수서,4,"12,31,33,38"
746,18:06,3,3,삼성,2,"18,30"
746,18:06,4,4,여의도,8,"0,1,4,8,10,17,19,53"
746,18:06,5,5,김포공항,16,"15,20,27,29,32,34,35,37,41,42,46,51,54,55,57,58"
746,18:06,6,6,일산,6,"16,26,40,45,49,59"
746,18:06,7,7,판교,5,"2,6,21,22,24"
747,18:07,1,1,서울역,5,"13,47,50,52,56"
747,18:07,2,2,수서,4,"12,31,33,38"
747,18:07,3,3,삼성,1,30
747,18:07,4,4,여의도,8,"0,4,8,10,17,19,39,53"
747,18:07,5,5,김포공항,17,"14,15,20,27,29,32,34,35,37,41,42,46,51,54,55,57,58"
747,18:07,6,6,일산,6,"16,26,40,45,49,59"
747,18:07,7,7,판교,4,"6,21,22,24"
748,18:08,1,1,서울역,3,"13,50,52"
748,18:08,2,2,수서,4,"12,31,33,38"
748,18:08,3,3,삼성,1,30
748,18:08,4,4,여의도,8,"0,4,8,10,17,19,39,53"
748,18:08,5,5,김포공항,17,"14,15,20,27,29,32,34,35,37,41,42,46,51,54,55,57,58"
748,18:08,6,6,일산,6,"16,26,40,45,49,59"
748,18:08,7,7,판교,4,"6,21,22,24"
749,18:09,1,1,서울역,2,"13,50"
749,18:09,10,10,인천공항,1,44
749,18:09,2,2,수서,4,"12,31,33,38"
749,18:09,3,3,삼성,1,30
749,18:09,4,4,여의도,8,"0,3,7,10,17,19,39,53"
749,18:09,5,5,김포공항,17,"14,15,20,27,29,32,34,35,37,41,42,46,51,54,55,57,58"
749,18:09,6,6,일산,5,"26,40,45,49,59"
749,18:09,7,7,판교,4,"6,21,22,24"
750,18:10,1,1,서울역,2,"13,50"
750,18:10,10,10,인천공항,1,44
750,18:10,2,2,수서,5,"11,12,31,33,38"
750,18:10,3,3,삼성,2,"5,30"
750,18:10,4,4,여의도,8,"0,3,7,10,17,19,39,53"
750,18:10,5,5,김포공항,18,"9,14,15,20,27,29,32,34,35,37,41,42,46,51,54,55,57,58"
750,18:10,6,6,일산,5,"26,40,45,49,59"
750,18:10,7,7,판교,5,"6,21,22,24,43"
751,18:11,1,1,서울역,2,"13,50"
751,18:11,10,10,인천공항,1,44
751,18:11,2,2,수서,6,"11,12,25,31,33,38"
751,18:11,3,3,삼성,3,"5,23,30"
751,18:11,4,4,여의도,9,"0,3,7,10,17,19,39,48,53"
751,18:11,5,5,김포공항,18,"9,14,15,20,27,29,32,34,35,37,41,42,46,51,54,55,57,58"
751,18:11,6,6,일산,5,"26,40,45,49,59"
751,18:11,7,7,판교,6,"6,21,22,24,28,43"
752,18:12,1,1,서울역,2,"13,50"
752,18:12,10,10,인천공항,1,44
752,18:12,2,2,수서,7,"11,12,25,31,33,36,38"
752,18:12,3,3,삼성,3,"5,23,30"
752,18:12,4,4,여의도,7,"3,7,10,19,39,48,53"
752,18:12,5,5,김포공항,18,"9,14,15,20,27,29,32,34,35,37,41,42,46,51,54,55,57,58"
752,18:12,6,6,일산,5,"26,40,45,49,59"
752,18:12,7,7,판교,6,"6,21,22,24,28,43"
753,18:13,1,1,서울역,2,"13,50"
753,18:13,10,10,인천공항,1,44
753,18:13,2,2,수서,6,"12,25,31,33,36,38"
753,18:13,3,3,삼성,3,"5,23,30"
753,18:13,4,4,여의도,7,"3,7,10,19,39,48,53"
753,18:13,5,5,김포공항,18,"9,14,15,20,27,29,32,34,35,37,41,42,46,51,54,55,57,58"
753,18:13,6,6,일산,5,"26,40,45,49,59"
753,18:13,7,7,판교,6,"6,21,22,24,28,43"
754,18:14,1,1,서울역,2,"13,50"
754,18:14,10,10,인천공항,1,44
754,18:14,2,2,수서,6,"12,25,31,33,36,38"
754,18:14,3,3,삼성,5,"1,5,23,30,47"
754,18:14,4,4,여의도,7,"3,7,10,18,39,48,53"
754,18:14,5,5,김포공항,18,"9,14,15,20,27,29,32,34,35,37,41,42,46,51,54,55,57,58"
754,18:14,6,6,일산,5,"26,40,45,49,59"
754,18:14,7,7,판교,6,"6,21,22,24,28,43"
755,18:15,1,1,서울역,1,13
755,18:15,10,10,인천공항,1,44
755,18:15,2,2,수서,6,"12,25,31,33,36,38"
755,18:15,3,3,삼성,5,"1,5,23,30,47"
755,18:15,4,4,여의도,7,"3,7,10,18,39,48,53"
755,18:15,5,5,김포공항,18,"9,14,15,20,27,29,32,34,35,37,41,42,46,51,54,55,57,58"
755,18:15,6,6,일산,5,"26,40,45,49,59"
755,18:15,7,7,판교,6,"6,21,24,28,43,56"
756,18:16,1,1,서울역,2,"13,16"
756,18:16,10,10,인천공항,1,44
756,18:16,2,2,수서,5,"12,25,33,36,38"
756,18:16,3,3,삼성,3,"1,23,47"
756,18:16,4,4,여의도,7,"3,7,10,18,39,48,53"
756,18:16,5,5,김포공항,18,"9,14,15,20,27,29,32,34,35,37,41,42,46,51,54,55,57,58"
756,18:16,6,6,일산,6,"26,40,45,49,52,59"
756,18:16,7,7,판교,7,"4,6,8,21,28,43,56"
757,18:17,1,1,서울역,1,16
757,18:17,10,10,인천공항,1,44
757,18:17,2,2,수서,3,"33,36,38"
757,18:17,3,3,삼성,3,"1,23,47"
757,18:17,4,4,여의도,7,"3,7,10,18,39,48,53"
757,18:17,5,5,김포공항,18,"9,14,15,20,27,29,32,34,35,37,41,42,46,51,54,55,57,58"
757,18:17,6,6,일산,6,"26,40,45,49,52,59"
757,18:17,7,7,판교,7,"4,6,8,21,28,43,56"
758,18:18,1,1,서울역,1,16
758,18:18,10,10,인천공항,1,44
758,18:18,2,2,수서,3,"33,36,38"
758,18:18,3,3,삼성,3,"1,23,47"
758,18:18,4,4,여의도,6,"3,7,10,18,39,48"
758,18:18,5,5,김포공항,18,"9,14,15,20,27,29,32,34,35,37,41,42,46,51,54,55,57,58"
758,18:18,6,6,일산,6,"26,40,45,49,52,59"
758,18:18,7,7,판교,7,"4,6,8,21,28,43,56"
759,18:19,1,1,서울역,1,16
759,18:19,10,10,인천공항,1,44
759,18:19,2,2,수서,4,"30,33,36,38"
759,18:19,3,3,삼성,5,"0,1,17,23,47"
759,18:19,4,4,여의도,7,"3,7,10,11,18,39,48"
759,18:19,5,5,김포공항,18,"9,14,15,20,27,29,32,34,35,37,41,42,46,51,54,55,57,58"
759,18:19,6,6,일산,7,"2,26,40,45,49,52,59"
759,18:19,7,7,판교,7,"4,6,8,21,28,43,56"
760,18:20,1,1,서울역,1,16
760,18:20,10,10,인천공항,1,44
760,18:20,2,2,수서,4,"30,33,36,38"
760,18:20,3,3,삼성,3,"0,17,23"
760,18:20,4,4,여의도,3,"11,18,48"
760,18:20,5,5,김포공항,9,"14,15,20,27,29,32,35,51,54"
760,18:20,6,6,일산,5,"2,26,40,52,59"
760,18:20,7,7,판교,3,"6,8,56"
761,18:21,1,1,서울역,1,16
761,18:21,10,10,인천공항,1,44
761,18:21,2,2,수서,4,"30,33,36,38"
761,18:21,3,3,삼성,5,"0,17,19,23,50"
761,18:21,4,4,여의도,3,"11,18,48"
761,18:21,5,5,김포공항,8,"14,20,27,29,32,35,51,54"
761,18:21,6,6,일산,4,"2,26,40,52"
761,18:21,7,7,판교,3,"6,8,56"
762,18:22,1,1,서울역,1,16
762,18:22,10,10,인천공항,1,44
762,18:22,2,2,수서,2,"30,38"
762,18:22,3,3,삼성,4,"17,19,23,50"
762,18:22,4,4,여의도,3,"11,18,48"
762,18:22,5,5,김포공항,7,"14,20,27,29,35,51,54"
762,18:22,6,6,일산,2,"2,40"
762,18:22,7,7,판교,3,"6,8,56"
763,18:23,1,1,서울역,2,"16,31"
763,18:23,10,10,인천공항,1,44
763,18:23,2,2,수서,3,"1,30,47"
763,18:23,3,3,삼성,5,"17,19,23,24,50"
763,18:23,4,4,여의도,5,"5,11,12,18,48"
763,18:23,5,5,김포공항,4,"14,27,35,54"
763,18:23,6,6,일산,1,2
763,18:23,7,7,판교,2,"6,56"
764,18:24,1,1,서울역,3,"7,16,31"
764,18:24,2,2,수서,4,"1,30,47,53"
764,18:24,3,3,삼성,3,"17,19,24"
764,18:24,4,4,여의도,5,"5,11,12,18,48"
764,18:24,5,5,김포공항,3,"14,27,54"
764,18:24,6,6,일산,1,2
764,18:24,7,7,판교,3,"6,13,56"
765,18:25,1,1,서울역,3,"7,16,31"
765,18:25,2,2,수서,5,"0,1,30,47,53"
765,18:25,3,3,삼성,3,"17,19,24"
765,18:25,4,4,여의도,3,"5,12,18"
765,18:25,5,5,김포공항,4,"14,25,27,54"
765,18:25,6,6,일산,1,2
765,18:25,7,7,판교,3,"6,13,56"
766,18:26,1,1,서울역,3,"7,16,31"
766,18:26,2,2,수서,6,"0,3,4,10,30,53"
766,18:26,3,3,삼성,2,"19,24"
766,18:26,4,4,여의도,8,"5,12,34,37,42,46,55,57"
766,18:26,5,5,김포공항,3,"25,27,54"
766,18:26,6,6,일산,1,2
766,18:26,7,7,판교,3,"6,13,56"
767,18:27,1,1,서울역,4,"16,31,45,49"
767,18:27,2,2,수서,7,"0,3,4,10,30,50,53"
767,18:27,3,3,삼성,3,"19,24,39"
767,18:27,4,4,여의도,10,"5,12,21,28,34,37,42,46,55,57"
767,18:27,5,5,김포공항,1,25
767,18:27,6,6,일산,3,"2,22,58"
767,18:27,7,7,판교,3,"6,13,56"
767,18:27,8,8,동탄/용인,1,43
768,18:28,1,1,서울역,5,"16,31,45,49,59"
768,18:28,2,2,수서,6,"3,4,9,10,50,53"
768,18:28,3,3,삼성,4,"19,24,39,41"
768,18:28,4,4,여의도,11,"5,12,21,28,34,36,37,42,46,55,57"
768,18:28,6,6,일산,3,"2,22,58"
768,18:28,7,7,판교,3,"6,13,56"
768,18:28,8,8,동탄/용인,1,43
769,18:29,1,1,서울역,7,"16,26,31,45,49,52,59"
769,18:29,2,2,수서,5,"3,9,17,50,53"
769,18:29,3,3,삼성,4,"15,19,39,41"
769,18:29,4,4,여의도,6,"5,12,21,28,36,51"
769,18:29,6,6,일산,3,"2,22,58"
769,18:29,7,7,판교,2,"13,56"
769,18:29,8,8,동탄/용인,1,43
770,18:30,1,1,서울역,6,"16,23,26,31,52,59"
770,18:30,2,2,수서,5,"3,9,17,32,53"
770,18:30,3,3,삼성,3,"15,39,41"
770,18:30,4,4,여의도,5,"5,12,21,36,51"
770,18:30,5,5,김포공항,1,33
770,18:30,6,6,일산,2,"2,22"
770,18:30,7,7,판교,2,"13,56"
770,18:30,8,8,동탄/용인,1,43
771,18:31,1,1,서울역,6,"16,23,26,31,52,59"
771,18:31,2,2,수서,7,"3,9,17,20,29,32,53"
771,18:31,3,3,삼성,2,"15,39"
771,18:31,4,4,여의도,5,"5,12,21,36,51"
771,18:31,5,5,김포공항,2,"33,38"
771,18:31,6,6,일산,2,"2,22"
771,18:31,7,7,판교,2,"13,56"
771,18:31,8,8,동탄/용인,1,43
772,18:32,1,1,서울역,6,"16,23,26,31,35,59"
772,18:32,2,2,수서,5,"9,20,29,32,53"
772,18:32,3,3,삼성,3,"11,39,48"
772,18:32,4,4,여의도,5,"12,21,36,47,51"
772,18:32,5,5,김포공항,2,"33,38"
772,18:32,6,6,일산,2,"2,22"
772,18:32,7,7,판교,2,"13,56"
772,18:32,8,8,동탄/용인,1,43
773,18:33,1,1,서울역,5,"16,26,31,35,59"
773,18:33,2,2,수서,5,"9,20,29,32,53"
773,18:33,3,3,삼성,4,"11,18,39,48"
773,18:33,4,4,여의도,4,"12,36,47,51"
773,18:33,5,5,김포공항,2,"33,38"
773,18:33,6,6,일산,2,"2,22"
773,18:33,7,7,판교,2,"13,56"
774,18:34,1,1,서울역,4,"16,26,31,35"
774,18:34,2,2,수서,6,"7,20,29,32,40,53"
774,18:34,3,3,삼성,5,"11,14,18,39,48"
774,18:34,4,4,여의도,4,"12,36,47,51"
774,18:34,5,5,김포공항,3,"1,33,38"
774,18:34,6,6,일산,1,22
774,18:34,7,7,판교,2,"13,56"
775,18:35,1,1,서울역,5,"0,16,26,31,54"
775,18:35,2,2,수서,7,"7,20,29,32,34,40,53"
775,18:35,3,3,삼성,6,"11,14,18,27,39,48"
775,18:35,4,4,여의도,4,"10,12,36,47"
775,18:35,5,5,김포공항,3,"1,33,38"
775,18:35,6,6,일산,3,"8,22,25"
775,18:35,7,7,판교,2,"13,56"
776,18:36,1,1,서울역,5,"0,16,26,31,54"
776,18:36,2,2,수서,6,"7,20,29,34,40,53"
776,18:36,3,3,삼성,8,"6,11,14,18,27,39,42,48"
776,18:36,4,4,여의도,5,"10,24,36,44,47"
776,18:36,5,5,김포공항,4,"1,30,33,38"
776,18:36,6,6,일산,4,"8,22,25,55"
776,18:36,7,7,판교,2,"46,56"
777,18:37,1,1,서울역,5,"0,26,31,50,54"
777,18:37,2,2,수서,6,"7,20,34,40,49,53"
777,18:37,3,3,삼성,8,"6,11,14,18,27,39,42,48"
777,18:37,4,4,여의도,5,"10,19,24,44,47"
777,18:37,5,5,김포공항,5,"1,4,30,33,38"
777,18:37,6,6,일산,5,"8,22,25,45,55"
777,18:37,7,7,판교,2,"46,56"
778,18:38,1,1,서울역,4,"0,26,31,50"
778,18:38,2,2,수서,6,"7,20,34,40,49,53"
778,18:38,3,3,삼성,7,"6,14,18,27,42,48,52"
778,18:38,4,4,여의도,6,"3,10,19,24,44,47"
778,18:38,5,5,김포공항,5,"1,4,30,33,38"
778,18:38,6,6,일산,5,"8,22,25,45,55"
778,18:38,7,7,판교,2,"46,56"
779,18:39,1,1,서울역,5,"0,17,26,31,50"
779,18:39,2,2,수서,6,"7,20,34,40,49,53"
779,18:39,3,3,삼성,9,"5,6,14,18,23,27,42,48,52"
779,18:39,4,4,여의도,6,"3,10,19,24,44,47"
779,18:39,5,5,김포공항,6,"1,4,30,33,38,41"
779,18:39,6,6,일산,5,"8,22,25,45,55"
779,18:39,7,7,판교,2,"46,56"
780,18:40,1,1,서울역,4,"0,17,26,50"
780,18:40,2,2,수서,5,"20,34,40,49,53"
780,18:40,3,3,삼성,10,"5,6,14,21,23,27,42,48,52,59"
780,18:40,4,4,여의도,6,"3,9,10,19,24,47"
780,18:40,5,5,김포공항,4,"1,33,38,41"
780,18:40,6,6,일산,1,8
780,18:40,7,7,판교,2,"46,56"
780,18:40,8,8,동탄/용인,2,"37,57"
781,18:41,1,1,서울역,5,"0,2,17,26,50"
781,18:41,2,2,수서,6,"20,34,40,49,51,53"
781,18:41,3,3,삼성,8,"5,6,14,21,23,42,48,59"
781,18:41,4,4,여의도,5,"3,9,19,24,47"
781,18:41,5,5,김포공항,4,"1,33,38,41"
781,18:41,7,7,판교,2,"46,56"
781,18:41,8,8,동탄/용인,2,"37,57"
782,18:42,1,1,서울역,5,"0,2,17,26,50"
782,18:42,2,2,수서,5,"20,34,49,51,53"
782,18:42,3,3,삼성,7,"5,6,14,21,23,48,59"
782,18:42,4,4,여의도,4,"3,9,19,47"
782,18:42,5,5,김포공항,4,"1,33,38,41"
782,18:42,6,6,일산,1,35
782,18:42,7,7,판교,1,56
782,18:42,8,8,동탄/용인,3,"15,37,57"
783,18:43,1,1,서울역,5,"0,2,17,26,50"
783,18:43,2,2,수서,5,"18,20,34,51,53"
783,18:43,3,3,삼성,8,"5,6,12,14,21,23,48,59"
783,18:43,4,4,여의도,4,"3,9,13,47"
783,18:43,5,5,김포공항,3,"33,38,41"
783,18:43,6,6,일산,1,35
783,18:43,7,7,판교,1,56
783,18:43,8,8,동탄/용인,2,"15,37"
784,18:44,1,1,서울역,5,"0,2,17,26,50"
784,18:44,2,2,수서,5,"18,20,34,51,53"
784,18:44,3,3,삼성,8,"5,6,12,14,21,23,48,59"
784,18:44,4,4,여의도,4,"3,9,13,47"
784,18:44,5,5,김포공항,4,"32,33,38,41"
784,18:44,6,6,일산,1,35
784,18:44,7,7,판교,3,"16,36,56"
784,18:44,8,8,동탄/용인,2,"15,37"
785,18:45,1,1,서울역,4,"0,2,26,50"
785,18:45,2,2,수서,5,"18,20,34,51,53"
785,18:45,3,3,삼성,6,"6,12,14,21,48,59"
785,18:45,4,4,여의도,6,"3,9,11,13,39,47"
785,18:45,5,5,김포공항,4,"29,32,33,38"
785,18:45,6,6,일산,1,35
785,18:45,7,7,판교,2,"16,36"
785,18:45,8,8,동탄/용인,2,"15,37"
785,18:45,9,9,평택,1,28
786,18:46,1,1,서울역,3,"2,26,50"
786,18:46,2,2,수서,4,"20,34,44,51"
786,18:46,3,3,삼성,7,"6,12,14,21,31,48,59"
786,18:46,4,4,여의도,7,"3,7,9,11,13,39,47"
786,18:46,5,5,김포공항,5,"29,32,33,38,54"
786,18:46,6,6,일산,1,35
786,18:46,7,7,판교,2,"16,36"
786,18:46,8,8,동탄/용인,1,15
786,18:46,9,9,평택,1,28
787,18:47,1,1,서울역,6,"22,25,26,45,52,55"
787,18:47,2,2,수서,3,"20,44,51"
787,18:47,3,3,삼성,6,"6,14,21,31,48,59"
787,18:47,4,4,여의도,6,"3,7,9,11,13,39"
787,18:47,5,5,김포공항,4,"29,32,38,54"
787,18:47,6,6,일산,1,35
787,18:47,7,7,판교,2,"16,36"
787,18:47,8,8,동탄/용인,1,15
787,18:47,9,9,평택,1,28
788,18:48,1,1,서울역,6,"22,25,26,45,52,55"
788,18:48,2,2,수서,7,"4,5,20,24,30,44,51"
788,18:48,3,3,삼성,5,"6,10,31,48,59"
788,18:48,4,4,여의도,6,"3,7,9,11,13,39"
788,18:48,5,5,김포공항,4,"29,32,38,54"
788,18:48,6,6,일산,1,35
788,18:48,7,7,판교,2,"16,36"
788,18:48,8,8,동탄/용인,1,15
788,18:48,9,9,평택,1,28
789,18:49,1,1,서울역,7,"22,25,26,40,45,52,55"
789,18:49,2,2,수서,8,"4,5,19,20,24,30,44,51"
789,18:49,3,3,삼성,4,"6,10,31,46"
789,18:49,4,4,여의도,5,"7,11,39,42,49"
789,18:49,5,5,김포공항,4,"27,29,32,38"
789,18:49,6,6,일산,1,35
789,18:49,7,7,판교,2,"16,36"
789,18:49,8,8,동탄/용인,1,15
789,18:49,9,9,평택,1,28
790,18:50,1,1,서울역,4,"25,26,40,52"
790,18:50,2,2,수서,8,"4,5,19,20,24,30,44,51"
790,18:50,3,3,삼성,4,"6,10,31,46"
790,18:50,4,4,여의도,5,"7,11,39,42,49"
790,18:50,5,5,김포공항,2,"27,29"
790,18:50,6,6,일산,2,"35,43"
790,18:50,8,8,동탄/용인,1,15
790,18:50,9,9,평택,2,"28,58"
791,18:51,1,1,서울역,5,"1,25,26,40,52"
791,18:51,2,2,수서,6,"4,19,21,24,44,51"
791,18:51,3,3,삼성,3,"6,31,46"
791,18:51,4,4,여의도,6,"7,11,39,41,42,49"
791,18:51,5,5,김포공항,1,27
791,18:51,6,6,일산,2,"35,43"
791,18:51,8,8,동탄/용인,1,15
791,18:51,9,9,평택,2,"28,58"
792,18:52,1,1,서울역,5,"1,25,26,40,52"
792,18:52,2,2,수서,5,"4,19,21,24,51"
792,18:52,3,3,삼성,3,"0,6,56"
792,18:52,4,4,여의도,9,"7,11,18,23,39,41,42,49,53"
792,18:52,5,5,김포공항,1,27
792,18:52,6,6,일산,2,"35,43"
792,18:52,8,8,동탄/용인,1,15
792,18:52,9,9,평택,2,"28,58"
793,18:53,1,1,서울역,3,"1,12,40"
793,18:53,2,2,수서,5,"4,19,21,24,57"
793,18:53,3,3,삼성,5,"0,2,6,50,56"
793,18:53,4,4,여의도,8,"7,11,18,23,41,42,49,53"
793,18:53,5,5,김포공항,1,27
793,18:53,6,6,일산,2,"35,43"
793,18:53,9,9,평택,2,"28,58"
794,18:54,1,1,서울역,3,"1,12,40"
794,18:54,2,2,수서,5,"10,19,21,24,57"
794,18:54,3,3,삼성,5,"0,2,6,50,56"
794,18:54,4,4,여의도,6,"7,18,23,42,49,53"
794,18:54,5,5,김포공항,1,27
794,18:54,6,6,일산,2,"35,43"
794,18:54,9,9,평택,2,"28,58"
795,18:55,1,1,서울역,3,"1,12,40"
795,18:55,2,2,수서,8,"9,10,13,19,21,24,33,57"
795,18:55,3,3,삼성,5,"0,2,6,50,56"
795,18:55,4,4,여의도,4,"18,23,49,53"
795,18:55,5,5,김포공항,2,"27,34"
795,18:55,6,6,일산,2,"35,43"
795,18:55,9,9,평택,2,"28,58"
796,18:56,1,1,서울역,3,"1,12,40"
796,18:56,2,2,수서,7,"9,10,13,19,21,24,33"
796,18:56,3,3,삼성,7,"0,2,3,6,37,50,56"
796,18:56,4,4,여의도,6,"18,23,32,38,49,53"
796,18:56,5,5,김포공항,3,"14,27,34"
796,18:56,6,6,일산,1,35
796,18:56,9,9,평택,2,"28,58"
797,18:57,1,1,서울역,5,"12,16,39,40,54"
797,18:57,2,2,수서,5,"9,13,19,24,33"
797,18:57,3,3,삼성,7,"0,2,3,36,37,50,56"
797,18:57,4,4,여의도,7,"18,23,30,32,38,49,53"
797,18:57,5,5,김포공항,5,"14,27,34,48,59"
797,18:57,6,6,일산,4,"22,35,45,55"
797,18:57,8,8,동탄/용인,1,17
797,18:57,9,9,평택,2,"28,58"
798,18:58,1,1,서울역,8,"5,12,16,20,39,40,46,54"
798,18:58,2,2,수서,5,"9,13,19,24,33"
798,18:58,3,3,삼성,7,"0,2,3,36,37,50,56"
798,18:58,4,4,여의도,5,"23,30,32,38,49"
798,18:58,5,5,김포공항,4,"14,34,48,59"
798,18:58,6,6,일산,4,"22,35,45,55"
798,18:58,8,8,동탄/용인,2,"17,47"
798,18:58,9,9,평택,1,58
799,18:59,1,1,서울역,7,"5,16,20,39,40,46,54"
799,18:59,2,2,수서,5,"9,13,19,24,33"
799,18:59,3,3,삼성,9,"0,2,3,25,36,37,50,52,56"
799,18:59,4,4,여의도,5,"23,30,31,38,49"
799,18:59,5,5,김포공항,4,"14,34,48,59"
799,18:59,6,6,일산,4,"22,35,45,55"
799,18:59,8,8,동탄/용인,2,"17,47"
799,18:59,9,9,평택,1,58
800,19:00,1,1,서울역,6,"5,16,20,40,46,54"
800,19:00,2,2,수서,6,"9,11,13,19,24,33"
800,19:00,3,3,삼성,5,"0,3,25,50,52"
800,19:00,4,4,여의도,5,"23,30,31,38,49"
800,19:00,5,5,김포공항,1,44
800,19:00,6,6,일산,3,"35,45,55"
800,19:00,7,7,판교,1,26
800,19:00,8,8,동탄/용인,2,"17,47"
800,19:00,9,9,평택,1,58
801,19:01,1,1,서울역,5,"5,16,20,40,54"
801,19:01,10,10,인천공항,1,29
801,19:01,2,2,수서,4,"9,11,19,24"
801,19:01,3,3,삼성,6,"0,3,25,41,50,52"
801,19:01,4,4,여의도,5,"23,30,31,38,49"
801,19:01,5,5,김포공항,2,"44,51"
801,19:01,6,6,일산,3,"35,45,55"
801,19:01,7,7,판교,1,26
801,19:01,8,8,동탄/용인,2,"17,47"
801,19:01,9,9,평택,2,"8,58"
802,19:02,1,1,서울역,4,"16,20,40,54"
802,19:02,10,10,인천공항,1,29
802,19:02,2,2,수서,4,"9,11,19,24"
802,19:02,3,3,삼성,7,"0,3,25,41,42,50,52"
802,19:02,4,4,여의도,5,"23,30,31,49,57"
802,19:02,5,5,김포공항,3,"4,44,51"
802,19:02,6,6,일산,3,"35,45,55"
802,19:02,7,7,판교,1,26
802,19:02,8,8,동탄/용인,2,"17,47"
802,19:02,9,9,평택,2,"8,58"
803,19:03,1,1,서울역,1,20
803,19:03,10,10,인천공항,1,29
803,19:03,2,2,수서,2,"11,24"
803,19:03,3,3,삼성,7,"0,3,25,41,42,50,52"
803,19:03,4,4,여의도,5,"23,31,43,49,57"
803,19:03,5,5,김포공항,3,"4,44,51"
803,19:03,6,6,일산,3,"35,45,55"
803,19:03,7,7,판교,1,26
803,19:03,8,8,동탄/용인,1,47
803,19:03,9,9,평택,2,"8,58"
804,19:04,1,1,서울역,3,"10,20,21"
804,19:04,10,10,인천공항,1,29
804,19:04,2,2,수서,3,"1,11,53"
804,19:04,3,3,삼성,6,"0,3,25,42,50,52"
804,19:04,4,4,여의도,5,"6,23,31,43,57"
804,19:04,5,5,김포공항,3,"4,44,51"
804,19:04,6,6,일산,3,"35,45,55"
804,19:04,7,7,판교,1,26
804,19:04,8,8,동탄/용인,1,47
804,19:04,9,9,평택,2,"8,58"
805,19:05,1,1,서울역,3,"10,20,21"
805,19:05,10,10,인천공항,1,29
805,19:05,2,2,수서,3,"1,11,53"
805,19:05,3,3,삼성,5,"12,25,42,50,52"
805,19:05,4,4,여의도,4,"6,23,43,57"
805,19:05,5,5,김포공항,3,"4,44,51"
805,19:05,6,6,일산,3,"35,45,55"
805,19:05,7,7,판교,1,26
805,19:05,8,8,동탄/용인,1,47
805,19:05,9,9,평택,2,"8,58"
806,19:06,1,1,서울역,7,"2,10,20,21,36,37,56"
806,19:06,10,10,인천공항,1,29
806,19:06,2,2,수서,3,"1,11,53"
806,19:06,3,3,삼성,6,"12,25,32,42,50,52"
806,19:06,4,4,여의도,6,"5,6,14,34,43,57"
806,19:06,5,5,김포공항,3,"4,44,51"
806,19:06,6,6,일산,3,"35,45,55"
806,19:06,7,7,판교,1,26
806,19:06,8,8,동탄/용인,2,"7,47"
806,19:06,9,9,평택,2,"8,58"
807,19:07,1,1,서울역,7,"2,10,21,22,36,37,56"
807,19:07,10,10,인천공항,1,29
807,19:07,2,2,수서,4,"1,11,41,53"
807,19:07,3,3,삼성,5,"12,25,32,42,52"
807,19:07,4,4,여의도,7,"5,6,14,33,34,43,57"
807,19:07,5,5,김포공항,2,"4,44"
807,19:07,6,6,일산,3,"35,45,55"
807,19:07,7,7,판교,1,26
807,19:07,8,8,동탄/용인,2,"7,47"
807,19:07,9,9,평택,2,"8,58"
808,19:08,1,1,서울역,7,"2,10,21,22,36,37,56"
808,19:08,10,10,인천공항,1,29
808,19:08,2,2,수서,4,"1,11,41,53"
808,19:08,3,3,삼성,4,"12,32,42,52"
808,19:08,4,4,여의도,6,"5,6,14,33,34,43"
808,19:08,5,5,김포공항,3,"4,39,44"
808,19:08,6,6,일산,3,"35,45,55"
808,19:08,7,7,판교,2,"26,46"
808,19:08,8,8,동탄/용인,2,"7,47"
808,19:08,9,9,평택,2,"8,58"
809,19:09,1,1,서울역,3,"10,21,22"
809,19:09,10,10,인천공항,1,29
809,19:09,2,2,수서,4,"1,11,41,53"
809,19:09,3,3,삼성,5,"12,32,40,42,52"
809,19:09,4,4,여의도,3,"6,33,43"
809,19:09,5,5,김포공항,4,"4,13,39,44"
809,19:09,6,6,일산,3,"35,45,55"
809,19:09,7,7,판교,2,"26,46"
809,19:09,8,8,동탄/용인,2,"7,47"
809,19:09,9,9,평택,2,"8,58"
810,19:10,10,10,인천공항,2,"29,59"
810,19:10,2,2,수서,2,"1,41"
810,19:10,3,3,삼성,6,"12,30,32,40,42,52"
810,19:10,4,4,여의도,2,"33,43"
810,19:10,5,5,김포공항,4,"4,13,39,44"
810,19:10,6,6,일산,4,"15,35,45,55"
810,19:10,7,7,판교,3,"16,26,46"
810,19:10,8,8,동탄/용인,2,"7,47"
810,19:10,9,9,평택,2,"8,58"
811,19:11,10,10,인천공항,2,"29,59"
811,19:11,2,2,수서,2,"1,41"
811,19:11,3,3,삼성,6,"12,30,32,40,42,52"
811,19:11,4,4,여의도,2,"33,43"
811,19:11,5,5,김포공항,6,"4,9,13,19,44,54"
811,19:11,6,6,일산,5,"15,35,45,49,55"
811,19:11,7,7,판교,3,"16,26,46"
811,19:11,8,8,동탄/용인,2,"7,47"
811,19:11,9,9,평택,2,"8,58"
812,19:12,10,10,인천공항,2,"29,59"
812,19:12,2,2,수서,2,"1,41"
812,19:12,3,3,삼성,6,"12,30,31,32,42,52"
812,19:12,4,4,여의도,4,"0,3,33,43"
812,19:12,5,5,김포공항,6,"4,9,19,24,44,54"
812,19:12,6,6,일산,5,"15,35,45,49,55"
812,19:12,7,7,판교,3,"16,26,46"
812,19:12,8,8,동탄/용인,3,"7,27,47"
812,19:12,9,9,평택,2,"8,58"
813,19:13,10,10,인천공항,2,"29,59"
813,19:13,2,2,수서,2,"1,41"
813,19:13,3,3,삼성,5,"12,31,32,42,52"
813,19:13,4,4,여의도,5,"0,3,28,33,43"
813,19:13,5,5,김포공항,6,"4,9,19,24,44,54"
813,19:13,6,6,일산,6,"15,23,35,45,49,55"
813,19:13,7,7,판교,3,"16,26,46"
813,19:13,8,8,동탄/용인,4,"7,27,38,47"
813,19:13,9,9,평택,3,"8,18,58"
814,19:14,10,10,인천공항,2,"29,59"
814,19:14,2,2,수서,2,"1,41"
814,19:14,3,3,삼성,5,"12,31,32,42,52"
814,19:14,4,4,여의도,6,"0,3,28,33,43,50"
814,19:14,5,5,김포공항,4,"4,24,44,54"
814,19:14,6,6,일산,6,"15,20,23,35,45,55"
814,19:14,7,7,판교,3,"16,26,46"
814,19:14,8,8,동탄/용인,4,"7,27,38,47"
814,19:14,9,9,평택,3,"8,18,58"
815,19:15,1,1,서울역,1,17
815,19:15,10,10,인천공항,2,"29,59"
815,19:15,2,2,수서,3,"1,41,51"
815,19:15,3,3,삼성,6,"2,12,32,37,42,52"
815,19:15,4,4,여의도,5,"3,28,33,43,50"
815,19:15,5,5,김포공항,4,"4,24,44,54"
815,19:15,6,6,일산,6,"15,20,23,35,45,55"
815,19:15,7,7,판교,4,"16,26,46,57"
815,19:15,8,8,동탄/용인,4,"7,27,38,47"
815,19:15,9,9,평택,3,"8,18,58"
816,19:16,1,1,서울역,1,17
816,19:16,10,10,인천공항,2,"29,59"
816,19:16,2,2,수서,4,"1,6,41,51"
816,19:16,3,3,삼성,10,"2,10,12,14,21,22,32,37,42,52"
816,19:16,4,4,여의도,7,"3,11,28,33,43,50,53"
816,19:16,5,5,김포공항,5,"4,24,25,44,54"
816,19:16,6,6,일산,8,"5,15,20,23,34,35,45,55"
816,19:16,7,7,판교,6,"16,26,36,46,56,57"
816,19:16,8,8,동탄/용인,4,"7,27,38,47"
816,19:16,9,9,평택,3,"8,18,58"
817,19:17,1,1,서울역,1,17
817,19:17,10,10,인천공항,2,"29,59"
817,19:17,2,2,수서,4,"1,6,41,51"
817,19:17,3,3,삼성,10,"2,10,12,14,21,22,32,37,42,52"
817,19:17,4,4,여의도,6,"3,11,28,33,43,53"
817,19:17,5,5,김포공항,5,"4,24,25,44,54"
817,19:17,6,6,일산,7,"5,15,23,34,35,45,55"
817,19:17,7,7,판교,6,"16,26,36,46,56,57"
817,19:17,8,8,동탄/용인,4,"7,27,38,47"
817,19:17,9,9,평택,4,"8,18,48,58"
818,19:18,1,1,서울역,1,40
818,19:18,10,10,인천공항,2,"29,59"
818,19:18,2,2,수서,5,"1,6,31,41,51"
818,19:18,3,3,삼성,9,"2,10,12,14,21,22,32,42,52"
818,19:18,4,4,여의도,7,"3,11,13,28,33,43,53"
818,19:18,5,5,김포공항,5,"4,24,25,44,54"
818,19:18,6,6,일산,7,"5,15,23,34,35,45,55"
818,19:18,7,7,판교,5,"16,26,36,46,56"
818,19:18,8,8,동탄/용인,4,"7,27,38,47"
818,19:18,9,9,평택,4,"8,18,48,58"
819,19:19,1,1,서울역,3,"0,30,40"
819,19:19,10,10,인천공항,2,"29,59"
819,19:19,2,2,수서,4,"1,31,41,51"
819,19:19,3,3,삼성,6,"2,12,22,32,42,52"
819,19:19,4,4,여의도,5,"3,13,33,43,53"
819,19:19,5,5,김포공항,4,"4,24,44,54"
819,19:19,6,6,일산,5,"5,15,35,45,55"
819,19:19,7,7,판교,5,"16,26,36,46,56"
819,19:19,8,8,동탄/용인,3,"7,27,47"
819,19:19,9,9,평택,4,"8,18,48,58"
820,19:20,1,1,서울역,3,"0,30,40"
820,19:20,10,10,인천공항,2,"29,59"
820,19:20,2,2,수서,4,"1,31,41,51"
820,19:20,3,3,삼성,6,"2,12,22,32,42,52"
820,19:20,4,4,여의도,5,"3,13,33,43,53"
820,19:20,5,5,김포공항,4,"4,24,44,54"
820,19:20,6,6,일산,5,"5,15,35,45,55"
820,19:20,7,7,판교,5,"16,26,36,46,56"
820,19:20,8,8,동탄/용인,3,"7,27,47"
820,19:20,9,9,평택,4,"8,18,48,58"
821,19:21,1,1,서울역,4,"0,30,40,50"
821,19:21,10,10,인천공항,3,"29,39,59"
821,19:21,2,2,수서,4,"1,31,41,51"
821,19:21,3,3,삼성,6,"2,12,22,32,42,52"
821,19:21,4,4,여의도,5,"3,13,33,43,53"
821,19:21,5,5,김포공항,4,"4,24,44,54"
821,19:21,6,6,일산,5,"5,15,35,45,55"
821,19:21,7,7,판교,5,"16,26,36,46,56"
821,19:21,8,8,동탄/용인,3,"7,27,47"
821,19:21,9,9,평택,4,"8,18,48,58"
822,19:22,1,1,서울역,4,"0,30,40,50"
822,19:22,10,10,인천공항,3,"29,39,59"
822,19:22,2,2,수서,5,"1,21,31,41,51"
822,19:22,3,3,삼성,6,"2,12,22,32,42,52"
822,19:22,4,4,여의도,5,"3,13,33,43,53"
822,19:22,5,5,김포공항,4,"4,24,44,54"
822,19:22,6,6,일산,5,"5,15,35,45,55"
822,19:22,7,7,판교,5,"16,26,36,46,56"
822,19:22,8,8,동탄/용인,3,"7,27,47"
822,19:22,9,9,평택,4,"8,18,48,58"
823,19:23,1,1,서울역,4,"0,30,40,50"
823,19:23,10,10,인천공항,3,"29,39,59"
823,19:23,2,2,수서,5,"1,21,31,41,51"
823,19:23,3,3,삼성,6,"2,12,22,32,42,52"
823,19:23,4,4,여의도,5,"3,13,33,43,53"
823,19:23,5,5,김포공항,4,"4,24,44,54"
823,19:23,6,6,일산,5,"5,15,35,45,55"
823,19:23,7,7,판교,5,"16,26,36,46,56"
823,19:23,8,8,동탄/용인,3,"7,27,47"
823,19:23,9,9,평택,4,"8,18,48,58"
824,19:24,1,1,서울역,5,"0,20,30,40,50"
824,19:24,10,10,인천공항,5,"9,19,29,39,59"
824,19:24,2,2,수서,5,"1,21,31,41,51"
824,19:24,3,3,삼성,6,"2,12,22,32,42,52"
824,19:24,4,4,여의도,5,"3,13,33,43,53"
824,19:24,5,5,김포공항,4,"4,24,44,54"
824,19:24,6,6,일산,5,"5,15,35,45,55"
824,19:24,7,7,판교,5,"16,26,36,46,56"
824,19:24,8,8,동탄/용인,3,"7,27,47"
824,19:24,9,9,평택,4,"8,18,48,58"
825,19:25,1,1,서울역,6,"0,10,20,30,40,50"
825,19:25,10,10,인천공항,6,"9,19,29,39,49,59"
825,19:25,2,2,수서,6,"1,11,21,31,41,51"
825,19:25,3,3,삼성,6,"2,12,22,32,42,52"
825,19:25,4,4,여의도,5,"3,13,33,43,53"
825,19:25,5,5,김포공항,4,"4,24,44,54"
825,19:25,6,6,일산,5,"5,15,35,45,55"
825,19:25,7,7,판교,6,"6,16,26,36,46,56"
825,19:25,8,8,동탄/용인,4,"7,27,47,57"
825,19:25,9,9,평택,5,"8,18,38,48,58"
826,19:26,1,1,서울역,6,"0,10,20,30,40,50"
826,19:26,10,10,인천공항,6,"9,19,29,39,49,59"
826,19:26,2,2,수서,6,"1,11,21,31,41,51"
826,19:26,3,3,삼성,6,"2,12,22,32,42,52"
826,19:26,4,4,여의도,6,"3,13,23,33,43,53"
826,19:26,5,5,김포공항,5,"4,24,34,44,54"
826,19:26,6,6,일산,6,"5,15,25,35,45,55"
826,19:26,7,7,판교,6,"6,16,26,36,46,56"
826,19:26,8,8,동탄/용인,4,"7,27,47,57"
826,19:26,9,9,평택,5,"8,18,38,48,58"
827,19:27,1,1,서울역,6,"0,10,20,30,40,50"
827,19:27,10,10,인천공항,6,"9,19,29,39,49,59"
827,19:27,2,2,수서,6,"1,11,21,31,41,51"
827,19:27,3,3,삼성,6,"2,12,22,32,42,52"
827,19:27,4,4,여의도,6,"3,13,23,33,43,53"
827,19:27,5,5,김포공항,6,"4,14,24,34,44,54"
827,19:27,6,6,일산,6,"5,15,25,35,45,55"
827,19:27,7,7,판교,6,"6,16,26,36,46,56"
827,19:27,8,8,동탄/용인,4,"7,27,47,57"
827,19:27,9,9,평택,5,"8,18,38,48,58"
828,19:28,1,1,서울역,6,"0,10,20,30,40,50"
828,19:28,10,10,인천공항,6,"9,19,29,39,49,59"
828,19:28,2,2,수서,6,"1,11,21,31,41,51"
828,19:28,3,3,삼성,6,"2,12,22,32,42,52"
828,19:28,4,4,여의도,6,"3,13,23,33,43,53"
828,19:28,5,5,김포공항,6,"4,14,24,34,44,54"
828,19:28,6,6,일산,6,"5,15,25,35,45,55"
828,19:28,7,7,판교,6,"6,16,26,36,46,56"
828,19:28,8,8,동탄/용인,5,"7,27,37,47,57"
828,19:28,9,9,평택,5,"8,18,38,48,58"
829,19:29,1,1,서울역,6,"0,10,20,30,40,50"
829,19:29,10,10,인천공항,6,"9,19,29,39,49,59"
829,19:29,2,2,수서,6,"1,11,21,31,41,51"
829,19:29,3,3,삼성,6,"2,12,22,32,42,52"
829,19:29,4,4,여의도,6,"3,13,23,33,43,53"
829,19:29,5,5,김포공항,6,"4,14,24,34,44,54"
829,19:29,6,6,일산,6,"5,15,25,35,45,55"
829,19:29,7,7,판교,6,"6,16,26,36,46,56"
829,19:29,8,8,동탄/용인,5,"7,27,37,47,57"
829,19:29,9,9,평택,5,"8,18,38,48,58"
830,19:30,1,1,서울역,6,"0,10,20,30,40,50"
830,19:30,10,10,인천공항,6,"9,19,29,39,49,59"
830,19:30,2,2,수서,6,"1,11,21,31,41,51"
830,19:30,3,3,삼성,6,"2,12,22,32,42,52"
830,19:30,4,4,여의도,6,"3,13,23,33,43,53"
830,19:30,5,5,김포공항,6,"4,14,24,34,44,54"
830,19:30,6,6,일산,6,"5,15,25,35,45,55"
830,19:30,7,7,판교,6,"6,16,26,36,46,56"
830,19:30,8,8,동탄/용인,6,"7,17,27,37,47,57"
830,19:30,9,9,평택,5,"8,18,38,48,58"
831,19:31,1,1,서울역,6,"0,10,20,30,40,50"
831,19:31,10,10,인천공항,6,"9,19,29,39,49,59"
831,19:31,2,2,수서,6,"1,11,21,31,41,51"
831,19:31,3,3,삼성,6,"2,12,22,32,42,52"
831,19:31,4,4,여의도,6,"3,13,23,33,43,53"
831,19:31,5,5,김포공항,6,"4,14,24,34,44,54"
831,19:31,6,6,일산,6,"5,15,25,35,45,55"
831,19:31,7,7,판교,6,"6,16,26,36,46,56"
831,19:31,8,8,동탄/용인,6,"7,17,27,37,47,57"
831,19:31,9,9,평택,5,"8,18,38,48,58"
832,19:32,1,1,서울역,6,"0,10,20,30,40,50"
832,19:32,10,10,인천공항,6,"9,19,29,39,49,59"
832,19:32,2,2,수서,6,"1,11,21,31,41,51"
832,19:32,3,3,삼성,6,"2,12,22,32,42,52"
832,19:32,4,4,여의도,6,"3,13,23,33,43,53"
832,19:32,5,5,김포공항,6,"4,14,24,34,44,54"
832,19:32,6,6,일산,6,"5,15,25,35,45,55"
832,19:32,7,7,판교,6,"6,16,26,36,46,56"
832,19:32,8,8,동탄/용인,6,"7,17,27,37,47,57"
832,19:32,9,9,평택,5,"8,18,38,48,58"
833,19:33,1,1,서울역,6,"0,10,20,30,40,50"
833,19:33,10,10,인천공항,6,"9,19,29,39,49,59"
833,19:33,2,2,수서,6,"1,11,21,31,41,51"
833,19:33,3,3,삼성,6,"2,12,22,32,42,52"
833,19:33,4,4,여의도,6,"3,13,23,33,43,53"
833,19:33,5,5,김포공항,6,"4,14,24,34,44,54"
833,19:33,6,6,일산,6,"5,15,25,35,45,55"
833,19:33,7,7,판교,6,"6,16,26,36,46,56"
833,19:33,8,8,동탄/용인,6,"7,17,27,37,47,57"
833,19:33,9,9,평택,5,"8,18,38,48,58"
834,19:34,1,1,서울역,6,"0,10,20,30,40,50"
834,19:34,10,10,인천공항,6,"9,19,29,39,49,59"
834,19:34,2,2,수서,6,"1,11,21,31,41,51"
834,19:34,3,3,삼성,6,"2,12,22,32,42,52"
834,19:34,4,4,여의도,6,"3,13,23,33,43,53"
834,19:34,5,5,김포공항,6,"4,14,24,34,44,54"
834,19:34,6,6,일산,6,"5,15,25,35,45,55"
834,19:34,7,7,판교,6,"6,16,26,36,46,56"
834,19:34,8,8,동탄/용인,6,"7,17,27,37,47,57"
834,19:34,9,9,평택,6,"8,18,28,38,48,58"
