time_min,time_hhmm,route_node_id,physical_node_id,physical_address,vehicle_count,vehicle_ids
0,05:40,1,1,서울역,7,"0,10,20,30,40,50,60"
0,05:40,10,10,인천공항,7,"9,19,29,39,49,59,69"
0,05:40,2,2,수서,7,"1,11,21,31,41,51,61"
0,05:40,3,3,삼성,7,"2,12,22,32,42,52,62"
0,05:40,4,4,여의도,7,"3,13,23,33,43,53,63"
0,05:40,5,5,김포공항,7,"4,14,24,34,44,54,64"
0,05:40,6,6,일산,7,"5,15,25,35,45,55,65"
0,05:40,7,7,판교,7,"6,16,26,36,46,56,66"
0,05:40,8,8,동탄/용인,7,"7,17,27,37,47,57,67"
0,05:40,9,9,평택,7,"8,18,28,38,48,58,68"
1,05:41,1,1,서울역,7,"0,10,20,30,40,50,60"
1,05:41,10,10,인천공항,7,"9,19,29,39,49,59,69"
1,05:41,2,2,수서,7,"1,11,21,31,41,51,61"
1,05:41,3,3,삼성,7,"2,12,22,32,42,52,62"
1,05:41,4,4,여의도,7,"3,13,23,33,43,53,63"
1,05:41,5,5,김포공항,7,"4,14,24,34,44,54,64"
1,05:41,6,6,일산,7,"5,15,25,35,45,55,65"
1,05:41,7,7,판교,7,"6,16,26,36,46,56,66"
1,05:41,8,8,동탄/용인,7,"7,17,27,37,47,57,67"
1,05:41,9,9,평택,7,"8,18,28,38,48,58,68"
2,05:42,1,1,서울역,7,"0,10,20,30,40,50,60"
2,05:42,10,10,인천공항,7,"9,19,29,39,49,59,69"
2,05:42,2,2,수서,7,"1,11,21,31,41,51,61"
2,05:42,3,3,삼성,7,"2,12,22,32,42,52,62"
2,05:42,4,4,여의도,7,"3,13,23,33,43,53,63"
2,05:42,5,5,김포공항,7,"4,14,24,34,44,54,64"
2,05:42,6,6,일산,7,"5,15,25,35,45,55,65"
2,05:42,7,7,판교,7,"6,16,26,36,46,56,66"
2,05:42,8,8,동탄/용인,7,"7,17,27,37,47,57,67"
2,05:42,9,9,평택,7,"8,18,28,38,48,58,68"
3,05:43,1,1,서울역,7,"0,10,20,30,40,50,60"
3,05:43,10,10,인천공항,7,"9,19,29,39,49,59,69"
3,05:43,2,2,수서,7,"1,11,21,31,41,51,61"
3,05:43,3,3,삼성,7,"2,12,22,32,42,52,62"
3,05:43,4,4,여의도,7,"3,13,23,33,43,53,63"
3,05:43,5,5,김포공항,7,"4,14,24,34,44,54,64"
3,05:43,6,6,일산,7,"5,15,25,35,45,55,65"
3,05:43,7,7,판교,7,"6,16,26,36,46,56,66"
3,05:43,8,8,동탄/용인,7,"7,17,27,37,47,57,67"
3,05:43,9,9,평택,7,"8,18,28,38,48,58,68"
4,05:44,1,1,서울역,7,"0,10,20,30,40,50,60"
4,05:44,10,10,인천공항,7,"9,19,29,39,49,59,69"
4,05:44,2,2,수서,7,"1,11,21,31,41,51,61"
4,05:44,3,3,삼성,7,"2,12,22,32,42,52,62"
4,05:44,4,4,여의도,7,"3,13,23,33,43,53,63"
4,05:44,5,5,김포공항,7,"4,14,24,34,44,54,64"
4,05:44,6,6,일산,7,"5,15,25,35,45,55,65"
4,05:44,7,7,판교,7,"6,16,26,36,46,56,66"
4,05:44,8,8,동탄/용인,7,"7,17,27,37,47,57,67"
4,05:44,9,9,평택,7,"8,18,28,38,48,58,68"
5,05:45,1,1,서울역,7,"0,10,20,30,40,50,60"
5,05:45,10,10,인천공항,7,"9,19,29,39,49,59,69"
5,05:45,2,2,수서,7,"1,11,21,31,41,51,61"
5,05:45,3,3,삼성,7,"2,12,22,32,42,52,62"
5,05:45,4,4,여의도,7,"3,13,23,33,43,53,63"
5,05:45,5,5,김포공항,7,"4,14,24,34,44,54,64"
5,05:45,6,6,일산,7,"5,15,25,35,45,55,65"
5,05:45,7,7,판교,7,"6,16,26,36,46,56,66"
5,05:45,8,8,동탄/용인,7,"7,17,27,37,47,57,67"
5,05:45,9,9,평택,7,"8,18,28,38,48,58,68"
6,05:46,1,1,서울역,7,"0,10,20,30,40,50,60"
6,05:46,10,10,인천공항,7,"9,19,29,39,49,59,69"
6,05:46,2,2,수서,7,"1,11,21,31,41,51,61"
6,05:46,3,3,삼성,7,"2,12,22,32,42,52,62"
6,05:46,4,4,여의도,7,"3,13,23,33,43,53,63"
6,05:46,5,5,김포공항,7,"4,14,24,34,44,54,64"
6,05:46,6,6,일산,7,"5,15,25,35,45,55,65"
6,05:46,7,7,판교,7,"6,16,26,36,46,56,66"
6,05:46,8,8,동탄/용인,7,"7,17,27,37,47,57,67"
6,05:46,9,9,평택,7,"8,18,28,38,48,58,68"
7,05:47,1,1,서울역,7,"0,10,20,30,40,50,60"
7,05:47,10,10,인천공항,7,"9,19,29,39,49,59,69"
7,05:47,2,2,수서,7,"1,11,21,31,41,51,61"
7,05:47,3,3,삼성,7,"2,12,22,32,42,52,62"
7,05:47,4,4,여의도,7,"3,13,23,33,43,53,63"
7,05:47,5,5,김포공항,7,"4,14,24,34,44,54,64"
7,05:47,6,6,일산,7,"5,15,25,35,45,55,65"
7,05:47,7,7,판교,7,"6,16,26,36,46,56,66"
7,05:47,8,8,동탄/용인,7,"7,17,27,37,47,57,67"
7,05:47,9,9,평택,7,"8,18,28,38,48,58,68"
8,05:48,1,1,서울역,7,"0,10,20,30,40,50,60"
8,05:48,10,10,인천공항,7,"9,19,29,39,49,59,69"
8,05:48,2,2,수서,7,"1,11,21,31,41,51,61"
8,05:48,3,3,삼성,7,"2,12,22,32,42,52,62"
8,05:48,4,4,여의도,7,"3,13,23,33,43,53,63"
8,05:48,5,5,김포공항,7,"4,14,24,34,44,54,64"
8,05:48,6,6,일산,7,"5,15,25,35,45,55,65"
8,05:48,7,7,판교,7,"6,16,26,36,46,56,66"
8,05:48,8,8,동탄/용인,7,"7,17,27,37,47,57,67"
8,05:48,9,9,평택,7,"8,18,28,38,48,58,68"
9,05:49,1,1,서울역,7,"0,10,20,30,40,50,60"
9,05:49,10,10,인천공항,7,"9,19,29,39,49,59,69"
9,05:49,2,2,수서,7,"1,11,21,31,41,51,61"
9,05:49,3,3,삼성,7,"2,12,22,32,42,52,62"
9,05:49,4,4,여의도,7,"3,13,23,33,43,53,63"
9,05:49,5,5,김포공항,7,"4,14,24,34,44,54,64"
9,05:49,6,6,일산,7,"5,15,25,35,45,55,65"
9,05:49,7,7,판교,7,"6,16,26,36,46,56,66"
9,05:49,8,8,동탄/용인,7,"7,17,27,37,47,57,67"
9,05:49,9,9,평택,7,"8,18,28,38,48,58,68"
10,05:50,1,1,서울역,7,"0,10,20,30,40,50,60"
10,05:50,10,10,인천공항,7,"9,19,29,39,49,59,69"
10,05:50,2,2,수서,7,"1,11,21,31,41,51,61"
10,05:50,3,3,삼성,7,"2,12,22,32,42,52,62"
10,05:50,4,4,여의도,7,"3,13,23,33,43,53,63"
10,05:50,5,5,김포공항,7,"4,14,24,34,44,54,64"
10,05:50,6,6,일산,7,"5,15,25,35,45,55,65"
10,05:50,7,7,판교,7,"6,16,26,36,46,56,66"
10,05:50,8,8,동탄/용인,7,"7,17,27,37,47,57,67"
10,05:50,9,9,평택,7,"8,18,28,38,48,58,68"
11,05:51,1,1,서울역,7,"0,10,20,30,40,50,60"
11,05:51,10,10,인천공항,7,"9,19,29,39,49,59,69"
11,05:51,2,2,수서,7,"1,11,21,31,41,51,61"
11,05:51,3,3,삼성,7,"2,12,22,32,42,52,62"
11,05:51,4,4,여의도,7,"3,13,23,33,43,53,63"
11,05:51,5,5,김포공항,7,"4,14,24,34,44,54,64"
11,05:51,6,6,일산,7,"5,15,25,35,45,55,65"
11,05:51,7,7,판교,7,"6,16,26,36,46,56,66"
11,05:51,8,8,동탄/용인,7,"7,17,27,37,47,57,67"
11,05:51,9,9,평택,7,"8,18,28,38,48,58,68"
12,05:52,1,1,서울역,7,"0,10,20,30,40,50,60"
12,05:52,10,10,인천공항,7,"9,19,29,39,49,59,69"
12,05:52,2,2,수서,7,"1,11,21,31,41,51,61"
12,05:52,3,3,삼성,7,"2,12,22,32,42,52,62"
12,05:52,4,4,여의도,7,"3,13,23,33,43,53,63"
12,05:52,5,5,김포공항,7,"4,14,24,34,44,54,64"
12,05:52,6,6,일산,7,"5,15,25,35,45,55,65"
12,05:52,7,7,판교,7,"6,16,26,36,46,56,66"
12,05:52,8,8,동탄/용인,7,"7,17,27,37,47,57,67"
12,05:52,9,9,평택,7,"8,18,28,38,48,58,68"
13,05:53,1,1,서울역,7,"0,10,20,30,40,50,60"
13,05:53,10,10,인천공항,7,"9,19,29,39,49,59,69"
13,05:53,2,2,수서,7,"1,11,21,31,41,51,61"
13,05:53,3,3,삼성,7,"2,12,22,32,42,52,62"
13,05:53,4,4,여의도,7,"3,13,23,33,43,53,63"
13,05:53,5,5,김포공항,7,"4,14,24,34,44,54,64"
13,05:53,6,6,일산,7,"5,15,25,35,45,55,65"
13,05:53,7,7,판교,7,"6,16,26,36,46,56,66"
13,05:53,8,8,동탄/용인,7,"7,17,27,37,47,57,67"
13,05:53,9,9,평택,7,"8,18,28,38,48,58,68"
14,05:54,1,1,서울역,7,"0,10,20,30,40,50,60"
14,05:54,10,10,인천공항,7,"9,19,29,39,49,59,69"
14,05:54,2,2,수서,7,"1,11,21,31,41,51,61"
14,05:54,3,3,삼성,7,"2,12,22,32,42,52,62"
14,05:54,4,4,여의도,7,"3,13,23,33,43,53,63"
14,05:54,5,5,김포공항,7,"4,14,24,34,44,54,64"
14,05:54,6,6,일산,7,"5,15,25,35,45,55,65"
14,05:54,7,7,판교,7,"6,16,26,36,46,56,66"
14,05:54,8,8,동탄/용인,7,"7,17,27,37,47,57,67"
14,05:54,9,9,평택,7,"8,18,28,38,48,58,68"
15,05:55,1,1,서울역,7,"0,10,20,30,40,50,60"
15,05:55,10,10,인천공항,7,"9,19,29,39,49,59,69"
15,05:55,2,2,수서,7,"1,11,21,31,41,51,61"
15,05:55,3,3,삼성,7,"2,12,22,32,42,52,62"
15,05:55,4,4,여의도,7,"3,13,23,33,43,53,63"
15,05:55,5,5,김포공항,7,"4,14,24,34,44,54,64"
15,05:55,6,6,일산,7,"5,15,25,35,45,55,65"
15,05:55,7,7,판교,7,"6,16,26,36,46,56,66"
15,05:55,8,8,동탄/용인,7,"7,17,27,37,47,57,67"
15,05:55,9,9,평택,7,"8,18,28,38,48,58,68"
16,05:56,1,1,서울역,7,"0,10,20,30,40,50,60"
16,05:56,10,10,인천공항,7,"9,19,29,39,49,59,69"
16,05:56,2,2,수서,7,"1,11,21,31,41,51,61"
16,05:56,3,3,삼성,7,"2,12,22,32,42,52,62"
16,05:56,4,4,여의도,7,"3,13,23,33,43,53,63"
16,05:56,5,5,김포공항,7,"4,14,24,34,44,54,64"
16,05:56,6,6,일산,7,"5,15,25,35,45,55,65"
16,05:56,7,7,판교,7,"6,16,26,36,46,56,66"
16,05:56,8,8,동탄/용인,7,"7,17,27,37,47,57,67"
16,05:56,9,9,평택,7,"8,18,28,38,48,58,68"
17,05:57,1,1,서울역,7,"0,10,20,30,40,50,60"
17,05:57,10,10,인천공항,7,"9,19,29,39,49,59,69"
17,05:57,2,2,수서,7,"1,11,21,31,41,51,61"
17,05:57,3,3,삼성,7,"2,12,22,32,42,52,62"
17,05:57,4,4,여의도,7,"3,13,23,33,43,53,63"
17,05:57,5,5,김포공항,7,"4,14,24,34,44,54,64"
17,05:57,6,6,일산,7,"5,15,25,35,45,55,65"
17,05:57,7,7,판교,7,"6,16,26,36,46,56,66"
17,05:57,8,8,동탄/용인,7,"7,17,27,37,47,57,67"
17,05:57,9,9,평택,7,"8,18,28,38,48,58,68"
18,05:58,1,1,서울역,7,"0,10,20,30,40,50,60"
18,05:58,10,10,인천공항,7,"9,19,29,39,49,59,69"
18,05:58,2,2,수서,7,"1,11,21,31,41,51,61"
18,05:58,3,3,삼성,7,"2,12,22,32,42,52,62"
18,05:58,4,4,여의도,7,"3,13,23,33,43,53,63"
18,05:58,5,5,김포공항,7,"4,14,24,34,44,54,64"
18,05:58,6,6,일산,7,"5,15,25,35,45,55,65"
18,05:58,7,7,판교,7,"6,16,26,36,46,56,66"
18,05:58,8,8,동탄/용인,7,"7,17,27,37,47,57,67"
18,05:58,9,9,평택,7,"8,18,28,38,48,58,68"
19,05:59,1,1,서울역,7,"0,10,20,30,40,50,60"
19,05:59,10,10,인천공항,7,"9,19,29,39,49,59,69"
19,05:59,2,2,수서,7,"1,11,21,31,41,51,61"
19,05:59,3,3,삼성,7,"2,12,22,32,42,52,62"
19,05:59,4,4,여의도,7,"3,13,23,33,43,53,63"
19,05:59,5,5,김포공항,7,"4,14,24,34,44,54,64"
19,05:59,6,6,일산,7,"5,15,25,35,45,55,65"
19,05:59,7,7,판교,7,"6,16,26,36,46,56,66"
19,05:59,8,8,동탄/용인,7,"7,17,27,37,47,57,67"
19,05:59,9,9,평택,7,"8,18,28,38,48,58,68"
20,06:00,1,1,서울역,7,"0,10,20,30,40,50,60"
20,06:00,10,10,인천공항,7,"9,19,29,39,49,59,69"
20,06:00,2,2,수서,7,"1,11,21,31,41,51,61"
20,06:00,3,3,삼성,7,"2,12,22,32,42,52,62"
20,06:00,4,4,여의도,7,"3,13,23,33,43,53,63"
20,06:00,5,5,김포공항,7,"4,14,24,34,44,54,64"
20,06:00,6,6,일산,7,"5,15,25,35,45,55,65"
20,06:00,7,7,판교,7,"6,16,26,36,46,56,66"
20,06:00,8,8,동탄/용인,7,"7,17,27,37,47,57,67"
20,06:00,9,9,평택,7,"8,18,28,38,48,58,68"
21,06:01,1,1,서울역,7,"0,10,20,30,40,50,60"
21,06:01,10,10,인천공항,7,"9,19,29,39,49,59,69"
21,06:01,2,2,수서,7,"1,11,21,31,41,51,61"
21,06:01,3,3,삼성,7,"2,12,22,32,42,52,62"
21,06:01,4,4,여의도,7,"3,13,23,33,43,53,63"
21,06:01,5,5,김포공항,7,"4,14,24,34,44,54,64"
21,06:01,6,6,일산,7,"5,15,25,35,45,55,65"
21,06:01,7,7,판교,7,"6,16,26,36,46,56,66"
21,06:01,8,8,동탄/용인,7,"7,17,27,37,47,57,67"
21,06:01,9,9,평택,7,"8,18,28,38,48,58,68"
22,06:02,1,1,서울역,7,"0,10,20,30,40,50,60"
22,06:02,10,10,인천공항,7,"9,19,29,39,49,59,69"
22,06:02,2,2,수서,7,"1,11,21,31,41,51,61"
22,06:02,3,3,삼성,7,"2,12,22,32,42,52,62"
22,06:02,4,4,여의도,7,"3,13,23,33,43,53,63"
22,06:02,5,5,김포공항,7,"4,14,24,34,44,54,64"
22,06:02,6,6,일산,7,"5,15,25,35,45,55,65"
22,06:02,7,7,판교,7,"6,16,26,36,46,56,66"
22,06:02,8,8,동탄/용인,7,"7,17,27,37,47,57,67"
22,06:02,9,9,평택,7,"8,18,28,38,48,58,68"
23,06:03,1,1,서울역,7,"0,10,20,30,40,50,60"
23,06:03,10,10,인천공항,7,"9,19,29,39,49,59,69"
23,06:03,2,2,수서,7,"1,11,21,31,41,51,61"
23,06:03,3,3,삼성,7,"2,12,22,32,42,52,62"
23,06:03,4,4,여의도,7,"3,13,23,33,43,53,63"
23,06:03,5,5,김포공항,7,"4,14,24,34,44,54,64"
23,06:03,6,6,일산,7,"5,15,25,35,45,55,65"
23,06:03,7,7,판교,7,"6,16,26,36,46,56,66"
23,06:03,8,8,동탄/용인,7,"7,17,27,37,47,57,67"
23,06:03,9,9,평택,7,"8,18,28,38,48,58,68"
24,06:04,1,1,서울역,7,"0,10,20,30,40,50,60"
24,06:04,10,10,인천공항,7,"9,19,29,39,49,59,69"
24,06:04,2,2,수서,7,"1,11,21,31,41,51,61"
24,06:04,3,3,삼성,7,"2,12,22,32,42,52,62"
24,06:04,4,4,여의도,7,"3,13,23,33,43,53,63"
24,06:04,5,5,김포공항,7,"4,14,24,34,44,54,64"
24,06:04,6,6,일산,7,"5,15,25,35,45,55,65"
24,06:04,7,7,판교,7,"6,16,26,36,46,56,66"
24,06:04,8,8,동탄/용인,7,"7,17,27,37,47,57,67"
24,06:04,9,9,평택,7,"8,18,28,38,48,58,68"
25,06:05,1,1,서울역,7,"0,10,20,30,40,50,60"
25,06:05,10,10,인천공항,7,"9,19,29,39,49,59,69"
25,06:05,2,2,수서,7,"1,11,21,31,41,51,61"
25,06:05,3,3,삼성,7,"2,12,22,32,42,52,62"
25,06:05,4,4,여의도,7,"3,13,23,33,43,53,63"
25,06:05,5,5,김포공항,7,"4,14,24,34,44,54,64"
25,06:05,6,6,일산,6,"5,25,35,45,55,65"
25,06:05,7,7,판교,7,"6,16,26,36,46,56,66"
25,06:05,8,8,동탄/용인,7,"7,17,27,37,47,57,67"
25,06:05,9,9,평택,7,"8,18,28,38,48,58,68"
26,06:06,1,1,서울역,7,"0,10,20,30,40,50,60"
26,06:06,10,10,인천공항,6,"9,19,39,49,59,69"
26,06:06,2,2,수서,7,"1,11,21,31,41,51,61"
26,06:06,3,3,삼성,7,"2,12,22,32,42,52,62"
26,06:06,4,4,여의도,7,"3,13,23,33,43,53,63"
26,06:06,5,5,김포공항,7,"4,14,24,34,44,54,64"
26,06:06,6,6,일산,6,"5,25,35,45,55,65"
26,06:06,7,7,판교,7,"6,16,26,36,46,56,66"
26,06:06,8,8,동탄/용인,7,"7,17,27,37,47,57,67"
26,06:06,9,9,평택,7,"8,18,28,38,48,58,68"
27,06:07,1,1,서울역,6,"10,20,30,40,50,60"
27,06:07,10,10,인천공항,6,"9,19,39,49,59,69"
27,06:07,2,2,수서,7,"1,11,21,31,41,51,61"
27,06:07,3,3,삼성,7,"2,12,22,32,42,52,62"
27,06:07,4,4,여의도,7,"3,13,23,33,43,53,63"
27,06:07,5,5,김포공항,7,"4,14,24,34,44,54,64"
27,06:07,6,6,일산,6,"5,25,35,45,55,65"
27,06:07,7,7,판교,7,"6,16,26,36,46,56,66"
27,06:07,8,8,동탄/용인,7,"7,17,27,37,47,57,67"
27,06:07,9,9,평택,7,"8,18,28,38,48,58,68"
28,06:08,1,1,서울역,6,"10,20,30,40,50,60"
28,06:08,10,10,인천공항,6,"9,19,39,49,59,69"
28,06:08,2,2,수서,7,"1,11,21,31,41,51,61"
28,06:08,3,3,삼성,7,"2,12,22,32,42,52,62"
28,06:08,4,4,여의도,7,"3,13,23,33,43,53,63"
28,06:08,5,5,김포공항,7,"4,14,24,34,44,54,64"
28,06:08,6,6,일산,6,"5,25,35,45,55,65"
28,06:08,7,7,판교,7,"6,16,26,36,46,56,66"
28,06:08,8,8,동탄/용인,7,"7,17,27,37,47,57,67"
28,06:08,9,9,평택,7,"8,18,28,38,48,58,68"
29,06:09,1,1,서울역,6,"10,20,30,40,50,60"
29,06:09,10,10,인천공항,6,"9,19,39,49,59,69"
29,06:09,2,2,수서,7,"1,11,21,31,41,51,61"
29,06:09,3,3,삼성,7,"2,12,22,32,42,52,62"
29,06:09,4,4,여의도,6,"3,13,33,43,53,63"
29,06:09,5,5,김포공항,7,"4,14,24,34,44,54,64"
29,06:09,6,6,일산,6,"5,25,35,45,55,65"
29,06:09,7,7,판교,7,"6,16,26,36,46,56,66"
29,06:09,8,8,동탄/용인,7,"7,17,27,37,47,57,67"
29,06:09,9,9,평택,7,"8,18,28,38,48,58,68"
30,06:10,1,1,서울역,6,"10,20,30,40,50,60"
30,06:10,10,10,인천공항,6,"9,19,39,49,59,69"
30,06:10,2,2,수서,7,"1,11,21,31,41,51,61"
30,06:10,3,3,삼성,7,"2,12,22,32,42,52,62"
30,06:10,4,4,여의도,6,"3,13,33,43,53,63"
30,06:10,5,5,김포공항,7,"4,14,24,34,44,54,64"
30,06:10,6,6,일산,6,"5,25,35,45,55,65"
30,06:10,7,7,판교,7,"6,16,26,36,46,56,66"
30,06:10,8,8,동탄/용인,7,"7,17,27,37,47,57,67"
30,06:10,9,9,평택,7,"8,18,28,38,48,58,68"
31,06:11,1,1,서울역,6,"10,20,30,40,50,60"
31,06:11,10,10,인천공항,6,"9,19,39,49,59,69"
31,06:11,2,2,수서,7,"1,11,21,31,41,51,61"
31,06:11,3,3,삼성,7,"2,12,22,32,42,52,62"
31,06:11,4,4,여의도,6,"3,13,33,43,53,63"
31,06:11,5,5,김포공항,7,"4,14,24,34,44,54,64"
31,06:11,6,6,일산,6,"5,25,35,45,55,65"
31,06:11,7,7,판교,7,"6,16,26,36,46,56,66"
31,06:11,8,8,동탄/용인,7,"7,17,27,37,47,57,67"
31,06:11,9,9,평택,6,"18,28,38,48,58,68"
32,06:12,1,1,서울역,6,"10,20,30,40,50,60"
32,06:12,10,10,인천공항,6,"9,19,39,49,59,69"
32,06:12,2,2,수서,7,"1,11,21,31,41,51,61"
32,06:12,3,3,삼성,7,"2,12,22,32,42,52,62"
32,06:12,4,4,여의도,6,"3,13,33,43,53,63"
32,06:12,5,5,김포공항,7,"4,14,24,34,44,54,64"
32,06:12,6,6,일산,6,"5,25,35,45,55,65"
32,06:12,7,7,판교,7,"6,16,26,36,46,56,66"
32,06:12,8,8,동탄/용인,7,"7,17,27,37,47,57,67"
32,06:12,9,9,평택,6,"18,28,38,48,58,68"
33,06:13,1,1,서울역,6,"10,20,30,40,50,60"
33,06:13,10,10,인천공항,6,"9,19,39,49,59,69"
33,06:13,2,2,수서,7,"1,11,21,31,41,51,61"
33,06:13,3,3,삼성,7,"2,12,22,32,42,52,62"
33,06:13,4,4,여의도,6,"3,13,33,43,53,63"
33,06:13,5,5,김포공항,7,"4,14,24,34,44,54,64"
33,06:13,6,6,일산,5,"5,35,45,55,65"
33,06:13,7,7,판교,7,"6,16,26,36,46,56,66"
33,06:13,8,8,동탄/용인,7,"7,17,27,37,47,57,67"
33,06:13,9,9,평택,6,"18,28,38,48,58,68"
34,06:14,1,1,서울역,6,"10,20,30,40,50,60"
34,06:14,10,10,인천공항,6,"9,19,39,49,59,69"
34,06:14,2,2,수서,7,"1,11,21,31,41,51,61"
34,06:14,3,3,삼성,7,"2,12,22,32,42,52,62"
34,06:14,4,4,여의도,6,"3,13,33,43,53,63"
34,06:14,5,5,김포공항,7,"4,14,24,34,44,54,64"
34,06:14,6,6,일산,5,"5,35,45,55,65"
34,06:14,7,7,판교,7,"6,16,26,36,46,56,66"
34,06:14,8,8,동탄/용인,7,"7,17,27,37,47,57,67"
34,06:14,9,9,평택,6,"18,28,38,48,58,68"
35,06:15,1,1,서울역,6,"10,20,30,40,50,60"
35,06:15,10,10,인천공항,6,"9,19,39,49,59,69"
35,06:15,2,2,수서,7,"1,11,21,31,41,51,61"
35,06:15,3,3,삼성,7,"2,12,22,32,42,52,62"
35,06:15,4,4,여의도,6,"3,13,33,43,53,63"
35,06:15,5,5,김포공항,7,"4,14,24,34,44,54,64"
35,06:15,6,6,일산,5,"5,35,45,55,65"
35,06:15,7,7,판교,7,"6,16,26,36,46,56,66"
35,06:15,8,8,동탄/용인,7,"7,17,27,37,47,57,67"
35,06:15,9,9,평택,6,"18,28,38,48,58,68"
36,06:16,1,1,서울역,6,"10,20,30,40,50,60"
36,06:16,10,10,인천공항,6,"9,19,39,49,59,69"
36,06:16,2,2,수서,8,"1,11,15,21,31,41,51,61"
36,06:16,3,3,삼성,7,"2,12,22,32,42,52,62"
36,06:16,4,4,여의도,6,"3,13,33,43,53,63"
36,06:16,5,5,김포공항,7,"4,14,24,34,44,54,64"
36,06:16,6,6,일산,5,"5,35,45,55,65"
36,06:16,7,7,판교,7,"6,16,26,36,46,56,66"
36,06:16,8,8,동탄/용인,7,"7,17,27,37,47,57,67"
36,06:16,9,9,평택,6,"18,28,38,48,58,68"
37,06:17,1,1,서울역,6,"10,20,30,40,50,60"
37,06:17,10,10,인천공항,6,"9,19,39,49,59,69"
37,06:17,2,2,수서,8,"1,11,15,21,31,41,51,61"
37,06:17,3,3,삼성,7,"2,12,22,32,42,52,62"
37,06:17,4,4,여의도,6,"3,13,33,43,53,63"
37,06:17,5,5,김포공항,7,"4,14,24,34,44,54,64"
37,06:17,6,6,일산,5,"5,35,45,55,65"
37,06:17,7,7,판교,7,"6,16,26,36,46,56,66"
37,06:17,8,8,동탄/용인,7,"7,17,27,37,47,57,67"
37,06:17,9,9,평택,6,"18,28,38,48,58,68"
38,06:18,1,1,서울역,6,"10,20,30,40,50,60"
38,06:18,10,10,인천공항,6,"9,19,39,49,59,69"
38,06:18,2,2,수서,8,"1,11,15,21,31,41,51,61"
38,06:18,3,3,삼성,7,"2,12,22,32,42,52,62"
38,06:18,4,4,여의도,6,"3,13,33,43,53,63"
38,06:18,5,5,김포공항,7,"4,14,24,34,44,54,64"
38,06:18,6,6,일산,5,"5,35,45,55,65"
38,06:18,7,7,판교,7,"6,16,26,36,46,56,66"
38,06:18,8,8,동탄/용인,7,"7,17,27,37,47,57,67"
38,06:18,9,9,평택,5,"28,38,48,58,68"
39,06:19,1,1,서울역,6,"10,20,30,40,50,60"
39,06:19,10,10,인천공항,6,"9,19,39,49,59,69"
39,06:19,2,2,수서,8,"1,11,15,21,31,41,51,61"
39,06:19,3,3,삼성,7,"2,12,22,32,42,52,62"
39,06:19,4,4,여의도,6,"3,13,33,43,53,63"
39,06:19,5,5,김포공항,6,"14,24,34,44,54,64"
39,06:19,6,6,일산,4,"35,45,55,65"
39,06:19,7,7,판교,7,"6,16,26,36,46,56,66"
39,06:19,8,8,동탄/용인,7,"7,17,27,37,47,57,67"
39,06:19,9,9,평택,5,"28,38,48,58,68"
40,06:20,1,1,서울역,6,"10,20,30,40,50,60"
40,06:20,10,10,인천공항,7,"0,9,19,39,49,59,69"
40,06:20,2,2,수서,8,"1,11,15,21,31,41,51,61"
40,06:20,3,3,삼성,7,"2,12,22,32,42,52,62"
40,06:20,4,4,여의도,5,"3,33,43,53,63"
40,06:20,5,5,김포공항,6,"14,24,34,44,54,64"
40,06:20,6,6,일산,4,"35,45,55,65"
40,06:20,7,7,판교,7,"6,16,26,36,46,56,66"
40,06:20,8,8,동탄/용인,7,"7,17,27,37,47,57,67"
40,06:20,9,9,평택,5,"28,38,48,58,68"
41,06:21,1,1,서울역,5,"20,30,40,50,60"
41,06:21,10,10,인천공항,7,"0,9,19,39,49,59,69"
41,06:21,2,2,수서,8,"1,11,15,21,31,41,51,61"
41,06:21,3,3,삼성,8,"2,12,22,29,32,42,52,62"
41,06:21,4,4,여의도,5,"3,33,43,53,63"
41,06:21,5,5,김포공항,6,"14,24,34,44,54,64"
41,06:21,6,6,일산,4,"35,45,55,65"
41,06:21,7,7,판교,7,"6,16,26,36,46,56,66"
41,06:21,8,8,동탄/용인,7,"7,17,27,37,47,57,67"
41,06:21,9,9,평택,5,"28,38,48,58,68"
42,06:22,1,1,서울역,5,"20,30,40,50,60"
42,06:22,10,10,인천공항,7,"0,9,19,39,49,59,69"
42,06:22,2,2,수서,8,"1,11,15,21,31,41,51,61"
42,06:22,3,3,삼성,8,"2,12,22,29,32,42,52,62"
42,06:22,4,4,여의도,5,"3,33,43,53,63"
42,06:22,5,5,김포공항,6,"14,24,34,44,54,64"
42,06:22,6,6,일산,4,"35,45,55,65"
42,06:22,7,7,판교,7,"6,16,26,36,46,56,66"
42,06:22,8,8,동탄/용인,7,"7,17,27,37,47,57,67"
42,06:22,9,9,평택,5,"28,38,48,58,68"
43,06:23,1,1,서울역,5,"20,30,40,50,60"
43,06:23,10,10,인천공항,6,"0,9,19,49,59,69"
43,06:23,2,2,수서,8,"1,11,15,21,31,41,51,61"
43,06:23,3,3,삼성,8,"2,12,22,29,32,42,52,62"
43,06:23,4,4,여의도,5,"3,33,43,53,63"
43,06:23,5,5,김포공항,6,"14,24,34,44,54,64"
43,06:23,6,6,일산,4,"35,45,55,65"
43,06:23,7,7,판교,7,"6,16,26,36,46,56,66"
43,06:23,8,8,동탄/용인,7,"7,17,27,37,47,57,67"
43,06:23,9,9,평택,5,"28,38,48,58,68"
44,06:24,1,1,서울역,5,"20,30,40,50,60"
44,06:24,10,10,인천공항,6,"0,9,19,49,59,69"
44,06:24,2,2,수서,8,"1,11,15,21,31,41,51,61"
44,06:24,3,3,삼성,8,"2,12,22,29,32,42,52,62"
44,06:24,4,4,여의도,5,"3,33,43,53,63"
44,06:24,5,5,김포공항,6,"14,24,34,44,54,64"
44,06:24,6,6,일산,4,"35,45,55,65"
44,06:24,7,7,판교,7,"6,16,26,36,46,56,66"
44,06:24,8,8,동탄/용인,7,"7,17,27,37,47,57,67"
44,06:24,9,9,평택,6,"23,28,38,48,58,68"
45,06:25,1,1,서울역,5,"20,30,40,50,60"
45,06:25,10,10,인천공항,6,"0,9,19,49,59,69"
45,06:25,2,2,수서,8,"1,11,15,21,31,41,51,61"
45,06:25,3,3,삼성,8,"2,12,22,29,32,42,52,62"
45,06:25,4,4,여의도,5,"3,33,43,53,63"
45,06:25,5,5,김포공항,6,"14,24,34,44,54,64"
45,06:25,6,6,일산,4,"35,45,55,65"
45,06:25,7,7,판교,8,"6,16,25,26,36,46,56,66"
45,06:25,8,8,동탄/용인,7,"7,17,27,37,47,57,67"
45,06:25,9,9,평택,6,"23,28,38,48,58,68"
46,06:26,1,1,서울역,5,"20,30,40,50,60"
46,06:26,10,10,인천공항,6,"0,9,19,49,59,69"
46,06:26,2,2,수서,8,"1,11,15,21,31,41,51,61"
46,06:26,3,3,삼성,8,"2,12,22,29,32,42,52,62"
46,06:26,4,4,여의도,6,"3,8,33,43,53,63"
46,06:26,5,5,김포공항,6,"14,24,34,44,54,64"
46,06:26,6,6,일산,3,"35,55,65"
46,06:26,7,7,판교,8,"6,16,25,26,36,46,56,66"
46,06:26,8,8,동탄/용인,7,"7,17,27,37,47,57,67"
46,06:26,9,9,평택,6,"23,28,38,48,58,68"
47,06:27,1,1,서울역,5,"20,30,40,50,60"
47,06:27,10,10,인천공항,5,"0,9,49,59,69"
47,06:27,2,2,수서,8,"1,11,15,21,31,41,51,61"
47,06:27,3,3,삼성,8,"2,12,22,29,32,42,52,62"
47,06:27,4,4,여의도,6,"3,8,33,43,53,63"
47,06:27,5,5,김포공항,6,"14,24,34,44,54,64"
47,06:27,6,6,일산,3,"35,55,65"
47,06:27,7,7,판교,8,"6,16,25,26,36,46,56,66"
47,06:27,8,8,동탄/용인,7,"7,17,27,37,47,57,67"
47,06:27,9,9,평택,6,"23,28,38,48,58,68"
48,06:28,1,1,서울역,5,"20,30,40,50,60"
48,06:28,10,10,인천공항,5,"0,9,49,59,69"
48,06:28,2,2,수서,8,"1,11,15,21,31,41,51,61"
48,06:28,3,3,삼성,8,"2,12,22,29,32,42,52,62"
48,06:28,4,4,여의도,6,"3,8,33,43,53,63"
48,06:28,5,5,김포공항,6,"14,24,34,44,54,64"
48,06:28,6,6,일산,3,"35,55,65"
48,06:28,7,7,판교,8,"6,16,25,26,36,46,56,66"
48,06:28,8,8,동탄/용인,7,"7,17,27,37,47,57,67"
48,06:28,9,9,평택,6,"23,28,38,48,58,68"
49,06:29,1,1,서울역,5,"20,30,40,50,60"
49,06:29,10,10,인천공항,5,"0,9,49,59,69"
49,06:29,2,2,수서,8,"1,11,15,21,31,41,51,61"
49,06:29,3,3,삼성,8,"2,12,22,29,32,42,52,62"
49,06:29,4,4,여의도,6,"3,8,33,43,53,63"
49,06:29,5,5,김포공항,6,"14,24,34,44,54,64"
49,06:29,6,6,일산,3,"35,55,65"
49,06:29,7,7,판교,8,"6,16,25,26,36,46,56,66"
49,06:29,8,8,동탄/용인,7,"7,17,27,37,47,57,67"
49,06:29,9,9,평택,6,"23,28,38,48,58,68"
50,06:30,1,1,서울역,5,"20,30,40,50,60"
50,06:30,10,10,인천공항,5,"0,9,49,59,69"
50,06:30,2,2,수서,9,"1,5,11,15,21,31,41,51,61"
50,06:30,3,3,삼성,8,"2,12,22,29,32,42,52,62"
50,06:30,4,4,여의도,6,"3,8,33,43,53,63"
50,06:30,5,5,김포공항,6,"14,24,34,44,54,64"
50,06:30,6,6,일산,3,"35,55,65"
50,06:30,7,7,판교,8,"6,16,25,26,36,46,56,66"
50,06:30,8,8,동탄/용인,7,"7,17,27,37,47,57,67"
50,06:30,9,9,평택,6,"23,28,38,48,58,68"
51,06:31,1,1,서울역,5,"20,30,40,50,60"
51,06:31,10,10,인천공항,4,"9,49,59,69"
51,06:31,2,2,수서,9,"1,5,11,15,21,31,41,51,61"
51,06:31,3,3,삼성,8,"2,12,22,29,32,42,52,62"
51,06:31,4,4,여의도,5,"8,33,43,53,63"
51,06:31,5,5,김포공항,6,"14,24,34,44,54,64"
51,06:31,6,6,일산,3,"35,55,65"
51,06:31,7,7,판교,8,"6,16,25,26,36,46,56,66"
51,06:31,8,8,동탄/용인,7,"7,17,27,37,47,57,67"
51,06:31,9,9,평택,6,"23,28,38,48,58,68"
52,06:32,1,1,서울역,5,"20,30,40,50,60"
52,06:32,10,10,인천공항,5,"9,13,49,59,69"
52,06:32,2,2,수서,9,"1,5,11,15,21,31,41,51,61"
52,06:32,3,3,삼성,8,"2,12,22,29,32,42,52,62"
52,06:32,4,4,여의도,5,"8,33,43,53,63"
52,06:32,5,5,김포공항,6,"14,24,34,44,54,64"
52,06:32,6,6,일산,3,"35,55,65"
52,06:32,7,7,판교,8,"6,16,25,26,36,46,56,66"
52,06:32,8,8,동탄/용인,7,"7,17,27,37,47,57,67"
52,06:32,9,9,평택,6,"23,28,38,48,58,68"
53,06:33,1,1,서울역,5,"20,30,40,50,60"
53,06:33,10,10,인천공항,5,"9,13,49,59,69"
53,06:33,2,2,수서,9,"1,5,11,15,21,31,41,51,61"
53,06:33,3,3,삼성,8,"2,12,22,29,32,42,52,62"
53,06:33,4,4,여의도,6,"8,18,33,43,53,63"
53,06:33,5,5,김포공항,6,"14,24,34,44,54,64"
53,06:33,6,6,일산,3,"35,55,65"
53,06:33,7,7,판교,8,"6,16,25,26,36,46,56,66"
53,06:33,8,8,동탄/용인,7,"7,17,27,37,47,57,67"
53,06:33,9,9,평택,6,"23,28,38,48,58,68"
54,06:34,1,1,서울역,5,"20,30,40,50,60"
54,06:34,10,10,인천공항,6,"9,10,13,49,59,69"
54,06:34,2,2,수서,8,"5,11,15,21,31,41,51,61"
54,06:34,3,3,삼성,8,"2,12,22,29,32,42,52,62"
54,06:34,4,4,여의도,6,"8,18,33,43,53,63"
54,06:34,5,5,김포공항,6,"14,24,34,44,54,64"
54,06:34,6,6,일산,3,"35,55,65"
54,06:34,7,7,판교,8,"6,16,25,26,36,46,56,66"
54,06:34,8,8,동탄/용인,7,"7,17,27,37,47,57,67"
54,06:34,9,9,평택,6,"23,28,38,48,58,68"
55,06:35,1,1,서울역,5,"20,30,40,50,60"
55,06:35,10,10,인천공항,6,"9,10,13,49,59,69"
55,06:35,2,2,수서,8,"5,11,15,21,31,41,51,61"
55,06:35,3,3,삼성,8,"2,12,22,29,32,42,52,62"
55,06:35,4,4,여의도,5,"18,33,43,53,63"
55,06:35,5,5,김포공항,6,"14,24,34,44,54,64"
55,06:35,6,6,일산,3,"35,55,65"
55,06:35,7,7,판교,8,"6,16,25,26,36,46,56,66"
55,06:35,8,8,동탄/용인,7,"7,17,27,37,47,57,67"
55,06:35,9,9,평택,6,"23,28,38,48,58,68"
56,06:36,1,1,서울역,5,"20,30,40,50,60"
56,06:36,10,10,인천공항,6,"9,10,13,49,59,69"
56,06:36,2,2,수서,8,"5,11,15,21,31,41,51,61"
56,06:36,3,3,삼성,8,"2,12,22,29,32,42,52,62"
56,06:36,4,4,여의도,5,"18,33,43,53,63"
56,06:36,5,5,김포공항,6,"14,24,34,44,54,64"
56,06:36,6,6,일산,3,"35,55,65"
56,06:36,7,7,판교,8,"6,16,25,26,36,46,56,66"
56,06:36,8,8,동탄/용인,7,"7,17,27,37,47,57,67"
56,06:36,9,9,평택,7,"4,23,28,38,48,58,68"
57,06:37,1,1,서울역,4,"30,40,50,60"
57,06:37,10,10,인천공항,6,"9,10,13,49,59,69"
57,06:37,2,2,수서,8,"5,11,15,21,31,41,51,61"
57,06:37,3,3,삼성,8,"2,12,22,29,32,42,52,62"
57,06:37,4,4,여의도,5,"18,33,43,53,63"
57,06:37,5,5,김포공항,6,"14,24,34,44,54,64"
57,06:37,6,6,일산,3,"35,55,65"
57,06:37,7,7,판교,8,"6,16,25,26,36,46,56,66"
57,06:37,8,8,동탄/용인,7,"7,17,27,37,47,57,67"
57,06:37,9,9,평택,7,"4,23,28,38,48,58,68"
58,06:38,1,1,서울역,4,"30,40,50,60"
58,06:38,10,10,인천공항,6,"9,10,13,49,59,69"
58,06:38,2,2,수서,8,"5,11,15,21,31,41,51,61"
58,06:38,3,3,삼성,9,"2,12,22,29,32,39,42,52,62"
58,06:38,4,4,여의도,5,"18,33,43,53,63"
58,06:38,5,5,김포공항,6,"14,24,34,44,54,64"
58,06:38,6,6,일산,3,"35,55,65"
58,06:38,7,7,판교,9,"6,16,25,26,36,45,46,56,66"
58,06:38,8,8,동탄/용인,7,"7,17,27,37,47,57,67"
58,06:38,9,9,평택,7,"4,23,28,38,48,58,68"
59,06:39,1,1,서울역,4,"30,40,50,60"
59,06:39,10,10,인천공항,6,"9,10,13,49,59,69"
59,06:39,2,2,수서,8,"5,11,15,21,31,41,51,61"
59,06:39,3,3,삼성,9,"2,12,22,29,32,39,42,52,62"
59,06:39,4,4,여의도,6,"18,19,33,43,53,63"
59,06:39,5,5,김포공항,6,"14,24,34,44,54,64"
59,06:39,6,6,일산,3,"35,55,65"
59,06:39,7,7,판교,9,"6,16,25,26,36,45,46,56,66"
59,06:39,8,8,동탄/용인,7,"7,17,27,37,47,57,67"
59,06:39,9,9,평택,7,"4,23,28,38,48,58,68"
60,06:40,1,1,서울역,4,"30,40,50,60"
60,06:40,10,10,인천공항,6,"9,10,13,49,59,69"
60,06:40,2,2,수서,8,"5,11,15,21,31,41,51,61"
60,06:40,3,3,삼성,9,"2,12,22,29,32,39,42,52,62"
60,06:40,4,4,여의도,6,"18,19,33,43,53,63"
60,06:40,5,5,김포공항,6,"14,24,34,44,54,64"
60,06:40,6,6,일산,3,"35,55,65"
60,06:40,7,7,판교,9,"6,16,25,26,36,45,46,56,66"
60,06:40,8,8,동탄/용인,7,"7,17,27,37,47,57,67"
60,06:40,9,9,평택,7,"4,23,28,38,48,58,68"
61,06:41,1,1,서울역,4,"30,40,50,60"
61,06:41,10,10,인천공항,6,"9,10,13,49,59,69"
61,06:41,2,2,수서,8,"5,11,15,21,31,41,51,61"
61,06:41,3,3,삼성,9,"2,12,22,29,32,39,42,52,62"
61,06:41,4,4,여의도,6,"18,19,33,43,53,63"
61,06:41,5,5,김포공항,6,"14,24,34,44,54,64"
61,06:41,6,6,일산,3,"35,55,65"
61,06:41,7,7,판교,9,"6,16,25,26,36,45,46,56,66"
61,06:41,8,8,동탄/용인,7,"7,17,27,37,47,57,67"
61,06:41,9,9,평택,7,"4,23,28,38,48,58,68"
62,06:42,1,1,서울역,4,"30,40,50,60"
62,06:42,10,10,인천공항,6,"9,10,13,49,59,69"
62,06:42,2,2,수서,8,"5,11,15,21,31,41,51,61"
62,06:42,3,3,삼성,9,"2,12,22,29,32,39,42,52,62"
62,06:42,4,4,여의도,6,"18,19,33,43,53,63"
62,06:42,5,5,김포공항,6,"14,24,34,44,54,64"
62,06:42,6,6,일산,3,"35,55,65"
62,06:42,7,7,판교,9,"6,16,25,26,36,45,46,56,66"
62,06:42,8,8,동탄/용인,7,"7,17,27,37,47,57,67"
62,06:42,9,9,평택,7,"4,23,28,38,48,58,68"
63,06:43,1,1,서울역,4,"30,40,50,60"
63,06:43,10,10,인천공항,6,"9,10,13,49,59,69"
63,06:43,2,2,수서,8,"5,11,15,21,31,41,51,61"
63,06:43,3,3,삼성,9,"2,12,22,29,32,39,42,52,62"
63,06:43,4,4,여의도,6,"18,19,33,43,53,63"
63,06:43,5,5,김포공항,6,"14,24,34,44,54,64"
63,06:43,6,6,일산,3,"35,55,65"
63,06:43,7,7,판교,9,"6,16,25,26,36,45,46,56,66"
63,06:43,8,8,동탄/용인,7,"7,17,27,37,47,57,67"
63,06:43,9,9,평택,7,"4,23,28,38,48,58,68"
64,06:44,1,1,서울역,4,"30,40,50,60"
64,06:44,10,10,인천공항,6,"9,10,13,49,59,69"
64,06:44,2,2,수서,8,"5,11,15,21,31,41,51,61"
64,06:44,3,3,삼성,9,"2,12,22,29,32,39,42,52,62"
64,06:44,4,4,여의도,5,"19,33,43,53,63"
64,06:44,5,5,김포공항,6,"14,24,34,44,54,64"
64,06:44,6,6,일산,3,"35,55,65"
64,06:44,7,7,판교,9,"6,16,25,26,36,45,46,56,66"
64,06:44,8,8,동탄/용인,7,"7,17,27,37,47,57,67"
64,06:44,9,9,평택,7,"4,23,28,38,48,58,68"
65,06:45,1,1,서울역,4,"30,40,50,60"
65,06:45,10,10,인천공항,6,"9,10,13,49,59,69"
65,06:45,2,2,수서,8,"5,11,15,21,31,41,51,61"
65,06:45,3,3,삼성,9,"2,12,22,29,32,39,42,52,62"
65,06:45,4,4,여의도,4,"33,43,53,63"
65,06:45,5,5,김포공항,6,"14,24,34,44,54,64"
65,06:45,6,6,일산,4,"1,35,55,65"
65,06:45,7,7,판교,9,"6,16,25,26,36,45,46,56,66"
65,06:45,8,8,동탄/용인,7,"7,17,27,37,47,57,67"
65,06:45,9,9,평택,7,"4,23,28,38,48,58,68"
66,06:46,1,1,서울역,4,"30,40,50,60"
66,06:46,10,10,인천공항,5,"9,13,49,59,69"
66,06:46,2,2,수서,8,"5,11,15,21,31,41,51,61"
66,06:46,3,3,삼성,10,"0,2,12,22,29,32,39,42,52,62"
66,06:46,4,4,여의도,4,"33,43,53,63"
66,06:46,5,5,김포공항,6,"14,24,34,44,54,64"
66,06:46,6,6,일산,4,"1,35,55,65"
66,06:46,7,7,판교,8,"16,25,26,36,45,46,56,66"
66,06:46,8,8,동탄/용인,7,"7,17,27,37,47,57,67"
66,06:46,9,9,평택,8,"3,4,23,28,38,48,58,68"
67,06:47,1,1,서울역,4,"30,40,50,60"
67,06:47,10,10,인천공항,6,"8,9,13,49,59,69"
67,06:47,2,2,수서,8,"5,11,15,21,31,41,51,61"
67,06:47,3,3,삼성,10,"0,2,12,22,29,32,39,42,52,62"
67,06:47,4,4,여의도,4,"33,43,53,63"
67,06:47,5,5,김포공항,6,"14,24,34,44,54,64"
67,06:47,6,6,일산,4,"1,35,55,65"
67,06:47,7,7,판교,8,"16,25,26,36,45,46,56,66"
67,06:47,8,8,동탄/용인,7,"7,17,27,37,47,57,67"
67,06:47,9,9,평택,8,"3,4,23,28,38,48,58,68"
68,06:48,1,1,서울역,3,"40,50,60"
68,06:48,10,10,인천공항,6,"8,9,13,49,59,69"
68,06:48,2,2,수서,8,"5,11,15,21,31,41,51,61"
68,06:48,3,3,삼성,10,"0,2,12,22,29,32,39,42,52,62"
68,06:48,4,4,여의도,4,"33,43,53,63"
68,06:48,5,5,김포공항,5,"14,34,44,54,64"
68,06:48,6,6,일산,4,"1,35,55,65"
68,06:48,7,7,판교,8,"16,25,26,36,45,46,56,66"
68,06:48,8,8,동탄/용인,7,"7,17,27,37,47,57,67"
68,06:48,9,9,평택,8,"3,4,23,28,38,48,58,68"
69,06:49,1,1,서울역,3,"40,50,60"
69,06:49,10,10,인천공항,6,"8,9,13,49,59,69"
69,06:49,2,2,수서,7,"11,15,21,31,41,51,61"
69,06:49,3,3,삼성,10,"0,2,12,22,29,32,39,42,52,62"
69,06:49,4,4,여의도,4,"33,43,53,63"
69,06:49,5,5,김포공항,5,"14,34,44,54,64"
69,06:49,6,6,일산,3,"1,35,65"
69,06:49,7,7,판교,8,"16,25,26,36,45,46,56,66"
69,06:49,8,8,동탄/용인,8,"7,17,20,27,37,47,57,67"
69,06:49,9,9,평택,8,"3,4,23,28,38,48,58,68"
70,06:50,1,1,서울역,3,"40,50,60"
70,06:50,10,10,인천공항,5,"8,9,49,59,69"
70,06:50,2,2,수서,7,"11,15,21,31,41,51,61"
70,06:50,3,3,삼성,10,"0,2,12,22,29,32,39,42,52,62"
70,06:50,4,4,여의도,4,"33,43,53,63"
70,06:50,5,5,김포공항,5,"14,34,44,54,64"
70,06:50,6,6,일산,3,"1,35,65"
70,06:50,7,7,판교,8,"16,25,26,36,45,46,56,66"
70,06:50,8,8,동탄/용인,8,"7,17,20,27,37,47,57,67"
70,06:50,9,9,평택,8,"3,4,23,28,38,48,58,68"
71,06:51,1,1,서울역,3,"40,50,60"
71,06:51,10,10,인천공항,5,"8,9,49,59,69"
71,06:51,2,2,수서,7,"11,15,21,31,41,51,61"
71,06:51,3,3,삼성,10,"0,2,12,22,29,32,39,42,52,62"
71,06:51,4,4,여의도,4,"33,43,53,63"
71,06:51,5,5,김포공항,5,"14,34,44,54,64"
71,06:51,6,6,일산,3,"1,35,65"
71,06:51,7,7,판교,8,"16,25,26,36,45,46,56,66"
71,06:51,8,8,동탄/용인,8,"7,17,20,27,37,47,57,67"
71,06:51,9,9,평택,8,"3,4,23,28,38,48,58,68"
72,06:52,1,1,서울역,3,"40,50,60"
72,06:52,10,10,인천공항,5,"8,9,49,59,69"
72,06:52,2,2,수서,7,"11,15,21,31,41,51,61"
72,06:52,3,3,삼성,10,"0,2,12,22,29,32,39,42,52,62"
72,06:52,4,4,여의도,4,"33,43,53,63"
72,06:52,5,5,김포공항,5,"14,34,44,54,64"
72,06:52,6,6,일산,3,"1,35,65"
72,06:52,7,7,판교,8,"16,25,26,36,45,46,56,66"
72,06:52,8,8,동탄/용인,8,"7,17,20,27,37,47,57,67"
72,06:52,9,9,평택,8,"3,4,23,28,38,48,58,68"
73,06:53,1,1,서울역,3,"40,50,60"
73,06:53,10,10,인천공항,5,"8,9,49,59,69"
73,06:53,2,2,수서,7,"11,15,21,31,41,51,61"
73,06:53,3,3,삼성,10,"0,2,12,22,29,32,39,42,52,62"
73,06:53,4,4,여의도,3,"43,53,63"
73,06:53,5,5,김포공항,5,"14,34,44,54,64"
73,06:53,6,6,일산,3,"1,35,65"
73,06:53,7,7,판교,8,"16,25,26,36,45,46,56,66"
73,06:53,8,8,동탄/용인,8,"7,17,20,27,37,47,57,67"
73,06:53,9,9,평택,8,"3,4,23,28,38,48,58,68"
74,06:54,1,1,서울역,3,"40,50,60"
74,06:54,10,10,인천공항,5,"8,9,49,59,69"
74,06:54,2,2,수서,7,"11,15,21,31,41,51,61"
74,06:54,3,3,삼성,10,"0,2,12,22,29,32,39,42,52,62"
74,06:54,4,4,여의도,2,"53,63"
74,06:54,5,5,김포공항,5,"14,34,44,54,64"
74,06:54,6,6,일산,3,"1,35,65"
74,06:54,7,7,판교,8,"16,25,26,36,45,46,56,66"
74,06:54,8,8,동탄/용인,8,"7,17,20,27,37,47,57,67"
74,06:54,9,9,평택,8,"3,4,23,28,38,48,58,68"
75,06:55,1,1,서울역,3,"40,50,60"
75,06:55,10,10,인천공항,5,"8,9,49,59,69"
75,06:55,2,2,수서,7,"11,15,21,31,41,51,61"
75,06:55,3,3,삼성,10,"0,2,12,22,29,32,39,42,52,62"
75,06:55,4,4,여의도,2,"53,63"
75,06:55,5,5,김포공항,5,"14,34,44,54,64"
75,06:55,6,6,일산,3,"1,35,65"
75,06:55,7,7,판교,8,"16,25,26,36,45,46,56,66"
75,06:55,8,8,동탄/용인,8,"7,17,20,27,37,47,57,67"
75,06:55,9,9,평택,8,"3,4,23,28,38,48,58,68"
76,06:56,1,1,서울역,3,"40,50,60"
76,06:56,10,10,인천공항,6,"8,9,18,49,59,69"
76,06:56,2,2,수서,7,"11,15,21,31,41,51,61"
76,06:56,3,3,삼성,9,"2,12,22,29,32,39,42,52,62"
76,06:56,4,4,여의도,2,"53,63"
76,06:56,5,5,김포공항,5,"14,34,44,54,64"
76,06:56,6,6,일산,3,"1,35,65"
76,06:56,7,7,판교,8,"16,25,26,36,45,46,56,66"
76,06:56,8,8,동탄/용인,8,"7,17,20,27,37,47,57,67"
76,06:56,9,9,평택,8,"3,4,23,28,38,48,58,68"
77,06:57,1,1,서울역,3,"40,50,60"
77,06:57,10,10,인천공항,7,"8,9,18,19,49,59,69"
77,06:57,2,2,수서,7,"11,15,21,31,41,51,61"
77,06:57,3,3,삼성,9,"2,12,22,29,32,39,42,52,62"
77,06:57,4,4,여의도,2,"53,63"
77,06:57,5,5,김포공항,5,"14,34,44,54,64"
77,06:57,6,6,일산,3,"1,35,65"
77,06:57,7,7,판교,8,"16,25,26,36,45,46,56,66"
77,06:57,8,8,동탄/용인,8,"7,17,20,27,37,47,57,67"
77,06:57,9,9,평택,8,"3,4,23,28,38,48,58,68"
78,06:58,1,1,서울역,3,"40,50,60"
78,06:58,10,10,인천공항,7,"8,9,18,19,49,59,69"
78,06:58,2,2,수서,7,"11,15,21,31,41,51,61"
78,06:58,3,3,삼성,9,"2,12,22,29,32,39,42,52,62"
78,06:58,4,4,여의도,2,"53,63"
78,06:58,5,5,김포공항,5,"14,34,44,54,64"
78,06:58,6,6,일산,3,"1,35,65"
78,06:58,7,7,판교,8,"16,25,26,36,45,46,56,66"
78,06:58,8,8,동탄/용인,8,"7,17,20,27,37,47,57,67"
78,06:58,9,9,평택,8,"3,4,23,28,38,48,58,68"
79,06:59,1,1,서울역,3,"40,50,60"
79,06:59,10,10,인천공항,6,"8,9,18,19,59,69"
79,06:59,2,2,수서,7,"11,15,21,31,41,51,61"
79,06:59,3,3,삼성,9,"2,12,22,29,32,39,42,52,62"
79,06:59,4,4,여의도,2,"53,63"
79,06:59,5,5,김포공항,5,"14,34,44,54,64"
79,06:59,6,6,일산,3,"1,35,65"
79,06:59,7,7,판교,8,"16,25,26,36,45,46,56,66"
79,06:59,8,8,동탄/용인,8,"7,17,20,27,37,47,57,67"
79,06:59,9,9,평택,8,"3,4,23,28,38,48,58,68"
80,07:00,1,1,서울역,3,"40,50,60"
80,07:00,10,10,인천공항,6,"8,9,18,19,59,69"
80,07:00,2,2,수서,8,"11,15,21,31,41,51,55,61"
80,07:00,3,3,삼성,9,"2,12,22,29,32,39,42,52,62"
80,07:00,4,4,여의도,1,63
80,07:00,5,5,김포공항,5,"14,34,44,54,64"
80,07:00,6,6,일산,3,"1,35,65"
80,07:00,7,7,판교,8,"16,25,26,36,45,46,56,66"
80,07:00,8,8,동탄/용인,8,"7,17,20,27,37,47,57,67"
80,07:00,9,9,평택,8,"3,4,23,28,38,48,58,68"
81,07:01,1,1,서울역,3,"40,50,60"
81,07:01,10,10,인천공항,6,"8,18,19,30,59,69"
81,07:01,2,2,수서,8,"11,15,21,31,41,51,55,61"
81,07:01,3,3,삼성,10,"2,10,12,22,29,32,39,42,52,62"
81,07:01,4,4,여의도,1,63
81,07:01,5,5,김포공항,5,"14,34,44,54,64"
81,07:01,6,6,일산,3,"1,35,65"
81,07:01,7,7,판교,8,"16,25,26,36,45,46,56,66"
81,07:01,8,8,동탄/용인,8,"7,17,20,27,37,47,57,67"
81,07:01,9,9,평택,8,"3,4,23,28,38,48,58,68"
82,07:02,1,1,서울역,3,"40,50,60"
82,07:02,10,10,인천공항,7,"6,8,18,19,30,59,69"
82,07:02,2,2,수서,8,"11,15,21,31,41,51,55,61"
82,07:02,3,3,삼성,10,"2,10,12,22,29,32,39,42,52,62"
82,07:02,4,4,여의도,1,63
82,07:02,5,5,김포공항,5,"14,34,44,54,64"
82,07:02,6,6,일산,3,"1,35,65"
82,07:02,7,7,판교,8,"16,25,26,36,45,46,56,66"
82,07:02,8,8,동탄/용인,8,"7,17,20,27,37,47,57,67"
82,07:02,9,9,평택,8,"3,4,23,28,38,48,58,68"
83,07:03,1,1,서울역,3,"40,50,60"
83,07:03,10,10,인천공항,7,"6,8,18,19,30,59,69"
83,07:03,2,2,수서,8,"11,15,21,31,41,51,55,61"
83,07:03,3,3,삼성,10,"2,10,12,22,29,32,39,42,52,62"
83,07:03,4,4,여의도,1,63
83,07:03,5,5,김포공항,5,"14,34,44,54,64"
83,07:03,6,6,일산,3,"1,35,65"
83,07:03,7,7,판교,8,"16,25,26,36,45,46,56,66"
83,07:03,8,8,동탄/용인,8,"7,17,20,27,37,47,57,67"
83,07:03,9,9,평택,8,"3,4,23,28,38,48,58,68"
84,07:04,1,1,서울역,3,"40,50,60"
84,07:04,10,10,인천공항,7,"6,8,18,19,30,59,69"
84,07:04,2,2,수서,8,"11,15,21,31,41,51,55,61"
84,07:04,3,3,삼성,10,"2,10,12,22,29,32,39,42,52,62"
84,07:04,4,4,여의도,1,63
84,07:04,5,5,김포공항,5,"14,34,44,54,64"
84,07:04,6,6,일산,3,"1,35,65"
84,07:04,7,7,판교,8,"16,25,26,36,45,46,56,66"
84,07:04,8,8,동탄/용인,8,"7,17,20,27,37,47,57,67"
84,07:04,9,9,평택,8,"3,4,23,28,38,48,58,68"
85,07:05,1,1,서울역,3,"40,50,60"
85,07:05,10,10,인천공항,9,"5,6,8,18,19,30,33,59,69"
85,07:05,2,2,수서,8,"11,15,21,31,41,51,55,61"
85,07:05,3,3,삼성,11,"2,10,12,13,22,29,32,39,42,52,62"
85,07:05,4,4,여의도,1,63
85,07:05,5,5,김포공항,5,"14,34,44,54,64"
85,07:05,6,6,일산,3,"1,35,65"
85,07:05,7,7,판교,8,"16,25,26,36,45,46,56,66"
85,07:05,8,8,동탄/용인,8,"7,17,20,27,37,47,57,67"
85,07:05,9,9,평택,9,"3,4,23,24,28,38,48,58,68"
86,07:06,1,1,서울역,2,"40,50"
86,07:06,10,10,인천공항,9,"5,6,8,18,19,30,33,59,69"
86,07:06,2,2,수서,8,"11,15,21,31,41,51,55,61"
86,07:06,3,3,삼성,11,"2,10,12,13,22,29,32,39,42,52,62"
86,07:06,4,4,여의도,1,63
86,07:06,5,5,김포공항,4,"34,44,54,64"
86,07:06,6,6,일산,3,"1,35,65"
86,07:06,7,7,판교,8,"16,25,26,36,45,46,56,66"
86,07:06,8,8,동탄/용인,8,"7,17,20,27,37,47,57,67"
86,07:06,9,9,평택,9,"3,4,23,24,28,38,48,58,68"
87,07:07,1,1,서울역,2,"40,50"
87,07:07,10,10,인천공항,9,"5,6,8,18,19,30,33,59,69"
87,07:07,2,2,수서,8,"11,15,21,31,41,51,55,61"
87,07:07,3,3,삼성,11,"2,10,12,13,22,29,32,39,42,52,62"
87,07:07,4,4,여의도,1,63
87,07:07,5,5,김포공항,4,"34,44,54,64"
87,07:07,6,6,일산,4,"1,35,53,65"
87,07:07,7,7,판교,8,"16,25,26,36,45,46,56,66"
87,07:07,8,8,동탄/용인,8,"7,17,20,27,37,47,57,67"
87,07:07,9,9,평택,9,"3,4,23,24,28,38,48,58,68"
88,07:08,1,1,서울역,2,"40,50"
88,07:08,10,10,인천공항,8,"5,8,18,19,30,33,59,69"
88,07:08,2,2,수서,8,"11,15,21,31,41,51,55,61"
88,07:08,3,3,삼성,11,"2,10,12,13,22,29,32,39,42,52,62"
88,07:08,4,4,여의도,1,63
88,07:08,5,5,김포공항,4,"34,44,54,64"
88,07:08,6,6,일산,4,"1,35,53,65"
88,07:08,7,7,판교,8,"16,25,26,36,45,46,56,66"
88,07:08,8,8,동탄/용인,8,"7,17,20,27,37,47,57,67"
88,07:08,9,9,평택,9,"3,4,23,24,28,38,48,58,68"
89,07:09,1,1,서울역,2,"40,50"
89,07:09,10,10,인천공항,8,"5,8,18,19,30,33,59,69"
89,07:09,2,2,수서,8,"11,15,21,31,41,51,55,61"
89,07:09,3,3,삼성,11,"2,10,12,13,22,29,32,39,42,52,62"
89,07:09,4,4,여의도,1,63
89,07:09,5,5,김포공항,4,"34,44,54,64"
89,07:09,6,6,일산,4,"1,35,53,65"
89,07:09,7,7,판교,8,"16,25,26,36,45,46,56,66"
89,07:09,8,8,동탄/용인,8,"7,17,20,27,37,47,57,67"
89,07:09,9,9,평택,10,"3,4,23,24,28,38,43,48,58,68"
90,07:10,1,1,서울역,2,"40,50"
90,07:10,10,10,인천공항,8,"5,8,18,19,30,33,59,69"
90,07:10,2,2,수서,8,"11,15,21,31,41,51,55,61"
90,07:10,3,3,삼성,11,"2,10,12,13,22,29,32,39,42,52,62"
90,07:10,4,4,여의도,1,63
90,07:10,5,5,김포공항,3,"34,44,54"
90,07:10,6,6,일산,2,"1,65"
90,07:10,7,7,판교,8,"16,25,26,36,45,46,56,66"
90,07:10,8,8,동탄/용인,8,"7,17,20,27,37,47,57,67"
90,07:10,9,9,평택,9,"4,23,24,28,38,43,48,58,68"
91,07:11,1,1,서울역,2,"40,50"
91,07:11,10,10,인천공항,8,"0,8,18,19,30,33,59,69"
91,07:11,2,2,수서,8,"11,15,21,31,41,51,55,61"
91,07:11,3,3,삼성,11,"2,10,12,13,22,29,32,39,42,52,62"
91,07:11,4,4,여의도,1,63
91,07:11,5,5,김포공항,3,"34,44,54"
91,07:11,6,6,일산,2,"1,65"
91,07:11,7,7,판교,7,"16,25,36,45,46,56,66"
91,07:11,8,8,동탄/용인,8,"7,17,20,27,37,47,57,67"
91,07:11,9,9,평택,9,"4,23,24,28,38,43,48,58,68"
92,07:12,1,1,서울역,2,"40,50"
92,07:12,10,10,인천공항,8,"0,8,18,19,30,33,59,69"
92,07:12,2,2,수서,8,"11,15,21,31,41,51,55,61"
92,07:12,3,3,삼성,11,"2,10,12,13,22,29,32,39,42,52,62"
92,07:12,4,4,여의도,1,63
92,07:12,5,5,김포공항,3,"34,44,54"
92,07:12,6,6,일산,2,"1,65"
92,07:12,7,7,판교,7,"16,25,36,45,46,56,66"
92,07:12,8,8,동탄/용인,8,"7,17,20,27,37,47,57,67"
92,07:12,9,9,평택,9,"4,23,24,28,38,43,48,58,68"
93,07:13,1,1,서울역,2,"40,50"
93,07:13,10,10,인천공항,8,"0,8,18,19,30,33,59,69"
93,07:13,2,2,수서,8,"11,15,21,31,41,51,55,61"
93,07:13,3,3,삼성,11,"2,10,12,13,22,29,32,39,42,52,62"
93,07:13,4,4,여의도,2,"9,63"
93,07:13,5,5,김포공항,3,"34,44,54"
93,07:13,6,6,일산,2,"1,65"
93,07:13,7,7,판교,7,"16,25,36,45,46,56,66"
93,07:13,8,8,동탄/용인,8,"7,17,20,27,37,47,57,67"
93,07:13,9,9,평택,9,"4,23,24,28,38,43,48,58,68"
94,07:14,1,1,서울역,3,"14,40,50"
94,07:14,10,10,인천공항,8,"0,8,18,19,30,33,59,69"
94,07:14,2,2,수서,7,"15,21,31,41,51,55,61"
94,07:14,3,3,삼성,12,"2,10,12,13,22,29,32,39,42,49,52,62"
94,07:14,4,4,여의도,2,"9,63"
94,07:14,5,5,김포공항,3,"34,44,54"
94,07:14,6,6,일산,1,1
94,07:14,7,7,판교,7,"16,25,36,45,46,56,66"
94,07:14,8,8,동탄/용인,8,"7,17,20,27,37,47,57,67"
94,07:14,9,9,평택,9,"4,23,24,28,38,43,48,58,68"
95,07:15,1,1,서울역,3,"14,40,50"
95,07:15,10,10,인천공항,8,"0,8,18,19,30,33,59,69"
95,07:15,2,2,수서,7,"15,21,31,41,51,55,61"
95,07:15,3,3,삼성,12,"2,10,12,13,22,29,32,39,42,49,52,62"
95,07:15,4,4,여의도,2,"9,63"
95,07:15,5,5,김포공항,3,"34,44,54"
95,07:15,6,6,일산,1,1
95,07:15,7,7,판교,7,"16,25,36,45,46,56,66"
95,07:15,8,8,동탄/용인,8,"7,17,20,27,37,47,57,67"
95,07:15,9,9,평택,9,"4,23,24,28,38,43,48,58,68"
96,07:16,1,1,서울역,3,"14,40,50"
96,07:16,10,10,인천공항,8,"0,8,18,19,30,33,59,69"
96,07:16,2,2,수서,7,"15,21,31,41,51,55,61"
96,07:16,3,3,삼성,12,"2,10,12,13,22,29,32,39,42,49,52,62"
96,07:16,4,4,여의도,2,"9,63"
96,07:16,5,5,김포공항,3,"34,44,54"
96,07:16,7,7,판교,7,"16,25,36,45,46,56,66"
96,07:16,8,8,동탄/용인,7,"17,20,27,37,47,57,67"
96,07:16,9,9,평택,9,"4,23,24,28,38,43,48,58,68"
97,07:17,1,1,서울역,4,"14,35,40,50"
97,07:17,10,10,인천공항,8,"0,8,18,19,30,33,59,69"
97,07:17,2,2,수서,7,"15,21,31,41,51,55,61"
97,07:17,3,3,삼성,12,"2,10,12,13,22,29,32,39,42,49,52,62"
97,07:17,4,4,여의도,2,"9,63"
97,07:17,5,5,김포공항,3,"34,44,54"
97,07:17,6,6,일산,1,64
97,07:17,7,7,판교,7,"16,25,36,45,46,56,66"
97,07:17,8,8,동탄/용인,7,"17,20,27,37,47,57,67"
97,07:17,9,9,평택,9,"4,23,24,28,38,43,48,58,68"
98,07:18,1,1,서울역,4,"14,35,40,50"
98,07:18,10,10,인천공항,8,"0,8,18,19,30,33,59,69"
98,07:18,2,2,수서,7,"15,21,31,41,51,55,61"
98,07:18,3,3,삼성,12,"2,10,12,13,22,29,32,39,42,49,52,62"
98,07:18,4,4,여의도,2,"9,63"
98,07:18,5,5,김포공항,3,"34,44,54"
98,07:18,6,6,일산,1,64
98,07:18,7,7,판교,7,"16,25,36,45,46,56,66"
98,07:18,8,8,동탄/용인,7,"17,20,27,37,47,57,67"
98,07:18,9,9,평택,9,"4,23,24,28,38,43,48,58,68"
99,07:19,1,1,서울역,4,"14,35,40,50"
99,07:19,10,10,인천공항,8,"0,8,18,19,30,33,59,69"
99,07:19,2,2,수서,7,"15,21,31,41,51,55,61"
99,07:19,3,3,삼성,12,"2,10,12,13,22,29,32,39,42,49,52,62"
99,07:19,4,4,여의도,2,"9,63"
99,07:19,5,5,김포공항,3,"34,44,54"
99,07:19,6,6,일산,1,64
99,07:19,7,7,판교,7,"16,25,36,45,46,56,66"
99,07:19,8,8,동탄/용인,7,"17,20,27,37,47,57,67"
99,07:19,9,9,평택,9,"4,23,24,28,38,43,48,58,68"
100,07:20,1,1,서울역,3,"35,40,50"
100,07:20,10,10,인천공항,8,"0,8,18,19,30,33,59,69"
100,07:20,2,2,수서,7,"15,21,31,41,51,55,61"
100,07:20,3,3,삼성,13,"2,10,12,13,22,29,32,39,42,49,52,53,62"
100,07:20,4,4,여의도,1,11
100,07:20,5,5,김포공항,2,"34,44"
100,07:20,6,6,일산,1,64
100,07:20,7,7,판교,7,"16,25,36,45,46,56,66"
100,07:20,8,8,동탄/용인,7,"17,20,27,37,47,57,67"
100,07:20,9,9,평택,9,"4,23,24,28,38,43,48,58,68"
101,07:21,1,1,서울역,4,"35,40,50,65"
101,07:21,10,10,인천공항,8,"0,8,18,19,30,33,59,69"
101,07:21,2,2,수서,7,"15,21,31,41,51,55,61"
101,07:21,3,3,삼성,13,"2,10,12,13,22,29,32,39,42,49,52,53,62"
101,07:21,4,4,여의도,1,11
101,07:21,5,5,김포공항,2,"34,44"
101,07:21,6,6,일산,1,64
101,07:21,7,7,판교,7,"16,25,36,45,46,56,66"
101,07:21,8,8,동탄/용인,7,"17,20,27,37,47,57,67"
101,07:21,9,9,평택,9,"4,23,24,28,38,43,48,58,68"
102,07:22,1,1,서울역,4,"35,40,50,65"
102,07:22,10,10,인천공항,8,"0,8,18,19,30,33,59,69"
102,07:22,2,2,수서,7,"15,21,31,41,51,55,61"
102,07:22,3,3,삼성,12,"10,12,13,22,29,32,39,42,49,52,53,62"
102,07:22,4,4,여의도,1,11
102,07:22,5,5,김포공항,2,"34,44"
102,07:22,6,6,일산,1,64
102,07:22,7,7,판교,7,"16,25,36,45,46,56,66"
102,07:22,8,8,동탄/용인,7,"17,20,27,37,47,57,67"
102,07:22,9,9,평택,10,"4,23,24,28,38,43,48,58,60,68"
103,07:23,1,1,서울역,2,"40,65"
103,07:23,10,10,인천공항,8,"0,8,18,19,30,33,59,69"
103,07:23,2,2,수서,7,"15,21,31,41,51,55,61"
103,07:23,3,3,삼성,11,"12,13,22,29,32,39,42,49,52,53,62"
103,07:23,5,5,김포공항,2,"34,44"
103,07:23,6,6,일산,1,64
103,07:23,7,7,판교,7,"16,25,36,45,46,56,66"
103,07:23,8,8,동탄/용인,7,"17,20,27,37,47,57,67"
103,07:23,9,9,평택,10,"4,23,24,28,38,43,48,58,60,68"
104,07:24,1,1,서울역,1,40
104,07:24,10,10,인천공항,8,"0,8,18,19,30,33,59,69"
104,07:24,2,2,수서,7,"15,21,31,41,51,55,61"
104,07:24,3,3,삼성,11,"12,13,22,29,32,39,42,49,52,53,62"
104,07:24,5,5,김포공항,2,"34,44"
104,07:24,7,7,판교,7,"16,25,36,45,46,56,66"
104,07:24,8,8,동탄/용인,7,"17,20,27,37,47,57,67"
104,07:24,9,9,평택,10,"4,23,24,28,38,43,48,58,60,68"
105,07:25,1,1,서울역,1,40
105,07:25,10,10,인천공항,8,"0,8,18,19,30,33,59,69"
105,07:25,2,2,수서,7,"15,21,31,41,51,55,61"
105,07:25,3,3,삼성,11,"12,13,22,29,32,39,42,49,52,53,62"
105,07:25,5,5,김포공항,2,"34,44"
105,07:25,7,7,판교,7,"16,25,36,45,46,56,66"
105,07:25,8,8,동탄/용인,6,"20,27,37,47,57,67"
105,07:25,9,9,평택,10,"4,23,24,28,38,43,48,58,60,68"
106,07:26,1,1,서울역,1,40
106,07:26,10,10,인천공항,8,"0,8,18,19,30,33,59,69"
106,07:26,2,2,수서,8,"7,15,21,31,41,51,55,61"
106,07:26,3,3,삼성,11,"12,13,22,29,32,39,42,49,52,53,62"
106,07:26,5,5,김포공항,2,"34,44"
106,07:26,7,7,판교,7,"16,25,36,45,46,56,66"
106,07:26,8,8,동탄/용인,5,"27,37,47,57,67"
106,07:26,9,9,평택,10,"4,23,24,28,38,43,48,58,60,68"
107,07:27,1,1,서울역,1,40
107,07:27,10,10,인천공항,8,"0,18,19,26,30,33,59,69"
107,07:27,2,2,수서,7,"7,21,31,41,51,55,61"
107,07:27,3,3,삼성,10,"13,22,29,32,39,42,49,52,53,62"
107,07:27,5,5,김포공항,1,34
107,07:27,6,6,일산,4,"9,14,54,63"
107,07:27,7,7,판교,6,"16,36,45,46,56,66"
107,07:27,8,8,동탄/용인,5,"27,37,47,57,67"
107,07:27,9,9,평택,11,"4,6,23,24,28,38,43,48,58,60,68"
108,07:28,1,1,서울역,1,40
108,07:28,10,10,인천공항,8,"0,18,19,26,30,33,59,69"
108,07:28,2,2,수서,7,"7,21,31,41,51,55,61"
108,07:28,3,3,삼성,10,"13,22,29,32,39,42,49,52,53,62"
108,07:28,5,5,김포공항,1,34
108,07:28,6,6,일산,4,"9,14,54,63"
108,07:28,7,7,판교,7,"1,16,36,45,46,56,66"
108,07:28,8,8,동탄/용인,5,"27,37,47,57,67"
108,07:28,9,9,평택,11,"4,6,23,24,28,38,43,48,58,60,68"
109,07:29,1,1,서울역,1,40
109,07:29,10,10,인천공항,8,"0,18,19,26,30,33,59,69"
109,07:29,2,2,수서,7,"7,21,31,41,51,55,61"
109,07:29,3,3,삼성,10,"13,22,29,32,39,42,49,52,53,62"
109,07:29,6,6,일산,4,"9,14,54,63"
109,07:29,7,7,판교,7,"1,16,36,45,46,56,66"
109,07:29,8,8,동탄/용인,5,"27,37,47,57,67"
109,07:29,9,9,평택,11,"4,6,23,24,28,38,43,48,58,60,68"
110,07:30,1,1,서울역,1,40
110,07:30,10,10,인천공항,8,"0,18,19,26,30,33,59,69"
110,07:30,2,2,수서,7,"7,21,31,41,51,55,61"
110,07:30,3,3,삼성,10,"13,22,29,32,39,42,49,52,53,62"
110,07:30,6,6,일산,4,"3,11,35,50"
110,07:30,7,7,판교,7,"1,16,36,45,46,56,66"
110,07:30,8,8,동탄/용인,5,"27,37,47,57,67"
110,07:30,9,9,평택,12,"4,5,6,23,24,28,38,43,48,58,60,68"
111,07:31,1,1,서울역,1,40
111,07:31,10,10,인천공항,8,"0,18,19,26,30,33,59,69"
111,07:31,2,2,수서,7,"7,21,31,41,51,55,61"
111,07:31,3,3,삼성,10,"13,22,29,32,39,42,49,52,53,62"
111,07:31,6,6,일산,5,"3,11,35,50,65"
111,07:31,7,7,판교,7,"1,16,36,45,46,56,66"
111,07:31,8,8,동탄/용인,5,"27,37,47,57,67"
111,07:31,9,9,평택,11,"4,5,6,24,28,38,43,48,58,60,68"
112,07:32,1,1,서울역,1,40
112,07:32,10,10,인천공항,7,"18,19,26,30,33,59,69"
112,07:32,2,2,수서,7,"7,21,31,41,51,55,61"
112,07:32,3,3,삼성,10,"13,22,29,32,39,42,49,52,53,62"
112,07:32,6,6,일산,6,"2,3,11,35,50,65"
112,07:32,7,7,판교,7,"1,16,36,45,46,56,66"
112,07:32,8,8,동탄/용인,5,"27,37,47,57,67"
112,07:32,9,9,평택,11,"4,5,6,24,28,38,43,48,58,60,68"
113,07:33,1,1,서울역,1,40
113,07:33,10,10,인천공항,7,"18,19,26,30,33,59,69"
113,07:33,2,2,수서,7,"7,21,31,41,51,55,61"
113,07:33,3,3,삼성,10,"13,22,29,32,39,42,49,52,53,62"
113,07:33,4,4,여의도,1,15
113,07:33,6,6,일산,4,"2,3,35,65"
113,07:33,7,7,판교,6,"1,36,45,46,56,66"
113,07:33,8,8,동탄/용인,6,"10,27,37,47,57,67"
113,07:33,9,9,평택,11,"4,5,6,24,28,38,43,48,58,60,68"
114,07:34,1,1,서울역,1,40
114,07:34,10,10,인천공항,7,"18,19,26,30,33,59,69"
114,07:34,2,2,수서,7,"7,21,31,41,51,55,61"
114,07:34,3,3,삼성,10,"13,22,29,32,39,42,49,52,53,62"
114,07:34,4,4,여의도,2,"15,25"
114,07:34,6,6,일산,4,"2,3,35,44"
114,07:34,7,7,판교,6,"1,36,45,46,56,66"
114,07:34,8,8,동탄/용인,6,"10,27,37,47,57,67"
114,07:34,9,9,평택,11,"4,5,6,24,28,38,43,48,58,60,68"
115,07:35,1,1,서울역,1,40
115,07:35,10,10,인천공항,7,"18,19,26,30,33,59,69"
115,07:35,2,2,수서,8,"7,17,21,31,41,51,55,61"
115,07:35,3,3,삼성,10,"13,22,29,32,39,42,49,52,53,62"
115,07:35,4,4,여의도,2,"15,25"
115,07:35,6,6,일산,4,"2,3,35,44"
115,07:35,7,7,판교,6,"1,36,45,46,56,66"
115,07:35,8,8,동탄/용인,6,"10,27,37,47,57,67"
115,07:35,9,9,평택,11,"4,5,6,24,28,38,43,48,58,60,68"
116,07:36,1,1,서울역,1,40
116,07:36,10,10,인천공항,7,"18,19,26,30,33,59,69"
116,07:36,2,2,수서,8,"7,17,20,21,31,51,55,61"
116,07:36,3,3,삼성,10,"13,22,29,32,39,42,49,52,53,62"
116,07:36,4,4,여의도,2,"15,25"
116,07:36,6,6,일산,3,"2,3,44"
116,07:36,7,7,판교,7,"1,36,45,46,56,64,66"
116,07:36,8,8,동탄/용인,6,"10,27,37,47,57,67"
116,07:36,9,9,평택,11,"4,5,6,24,28,38,43,48,58,60,68"
117,07:37,1,1,서울역,2,"14,40"
117,07:37,10,10,인천공항,7,"18,19,26,30,33,59,69"
117,07:37,2,2,수서,8,"7,17,20,21,31,51,55,61"
117,07:37,3,3,삼성,10,"13,22,29,32,39,42,49,52,53,62"
117,07:37,4,4,여의도,2,"15,25"
117,07:37,6,6,일산,3,"2,3,44"
117,07:37,7,7,판교,6,"1,36,46,56,64,66"
117,07:37,8,8,동탄/용인,6,"10,12,37,47,57,67"
117,07:37,9,9,평택,11,"4,5,6,24,28,38,43,48,58,60,68"
118,07:38,1,1,서울역,2,"14,40"
118,07:38,10,10,인천공항,7,"18,19,26,30,33,59,69"
118,07:38,2,2,수서,8,"7,17,20,21,31,51,55,61"
118,07:38,3,3,삼성,9,"22,29,32,39,42,49,52,53,62"
118,07:38,4,4,여의도,2,"15,25"
118,07:38,6,6,일산,2,"3,44"
118,07:38,7,7,판교,6,"1,36,46,56,64,66"
118,07:38,8,8,동탄/용인,6,"10,12,37,47,57,67"
118,07:38,9,9,평택,11,"4,5,6,24,28,38,43,48,58,60,68"
119,07:39,1,1,서울역,1,14
119,07:39,10,10,인천공항,7,"18,19,26,30,33,59,69"
119,07:39,2,2,수서,8,"7,17,20,21,31,51,55,61"
119,07:39,3,3,삼성,10,"22,29,32,39,41,42,49,52,53,62"
119,07:39,4,4,여의도,2,"15,25"
119,07:39,6,6,일산,1,44
119,07:39,7,7,판교,7,"1,34,36,46,56,64,66"
119,07:39,8,8,동탄/용인,5,"10,12,37,57,67"
119,07:39,9,9,평택,11,"4,5,6,24,28,38,43,48,58,60,68"
120,07:40,1,1,서울역,2,"11,50"
120,07:40,10,10,인천공항,6,"19,26,30,33,59,69"
120,07:40,2,2,수서,8,"7,17,20,21,31,51,55,61"
120,07:40,3,3,삼성,9,"22,32,39,41,42,49,53,62,63"
120,07:40,4,4,여의도,2,"16,25"
120,07:40,7,7,판교,6,"34,36,46,56,64,66"
120,07:40,8,8,동탄/용인,5,"10,12,37,57,67"
120,07:40,9,9,평택,11,"4,5,6,24,28,38,43,48,58,60,68"
121,07:41,1,1,서울역,2,"11,50"
121,07:41,10,10,인천공항,6,"19,26,30,33,59,69"
121,07:41,2,2,수서,9,"7,17,20,21,31,51,54,55,61"
121,07:41,3,3,삼성,9,"22,32,39,41,42,49,53,62,63"
121,07:41,4,4,여의도,2,"16,25"
121,07:41,7,7,판교,6,"34,36,46,56,64,66"
121,07:41,8,8,동탄/용인,5,"10,12,37,57,67"
121,07:41,9,9,평택,11,"4,5,6,24,28,38,43,48,58,60,68"
122,07:42,1,1,서울역,2,"11,50"
122,07:42,10,10,인천공항,6,"19,26,30,33,59,69"
122,07:42,2,2,수서,8,"17,20,21,31,51,54,55,61"
122,07:42,3,3,삼성,7,"22,32,39,42,49,53,63"
122,07:42,4,4,여의도,2,"16,25"
122,07:42,7,7,판교,7,"9,34,36,46,56,64,66"
122,07:42,8,8,동탄/용인,4,"10,12,57,67"
122,07:42,9,9,평택,11,"4,5,6,24,28,38,43,48,58,60,68"
123,07:43,1,1,서울역,1,35
123,07:43,10,10,인천공항,6,"19,26,30,33,59,69"
123,07:43,2,2,수서,8,"17,20,21,31,51,54,55,61"
123,07:43,3,3,삼성,7,"22,32,39,42,49,53,63"
123,07:43,4,4,여의도,2,"16,25"
123,07:43,7,7,판교,7,"9,34,36,46,56,64,66"
123,07:43,8,8,동탄/용인,4,"10,12,57,67"
123,07:43,9,9,평택,10,"5,6,24,28,38,43,48,58,60,68"
124,07:44,1,1,서울역,1,35
124,07:44,10,10,인천공항,6,"19,26,30,33,59,69"
124,07:44,2,2,수서,8,"17,20,21,31,51,54,55,61"
124,07:44,3,3,삼성,6,"22,32,39,42,49,63"
124,07:44,4,4,여의도,1,25
124,07:44,7,7,판교,7,"9,34,36,46,56,64,66"
124,07:44,8,8,동탄/용인,4,"10,12,57,67"
124,07:44,9,9,평택,10,"5,6,24,28,38,43,48,58,60,68"
125,07:45,1,1,서울역,1,35
125,07:45,10,10,인천공항,6,"19,26,30,33,59,69"
125,07:45,2,2,수서,9,"17,20,21,31,51,54,55,61,65"
125,07:45,3,3,삼성,6,"22,32,39,42,49,63"
125,07:45,4,4,여의도,1,25
125,07:45,7,7,판교,7,"9,34,36,46,56,64,66"
125,07:45,8,8,동탄/용인,4,"10,12,57,67"
125,07:45,9,9,평택,10,"5,6,24,28,38,43,48,58,60,68"
126,07:46,1,1,서울역,2,"3,35"
126,07:46,10,10,인천공항,6,"19,26,30,33,59,69"
126,07:46,2,2,수서,9,"17,20,21,31,51,54,55,61,65"
126,07:46,3,3,삼성,6,"22,32,39,42,49,63"
126,07:46,4,4,여의도,1,25
126,07:46,7,7,판교,7,"9,34,36,46,56,64,66"
126,07:46,8,8,동탄/용인,4,"10,12,57,67"
126,07:46,9,9,평택,11,"5,6,8,24,28,38,43,48,58,60,68"
127,07:47,1,1,서울역,3,"3,35,44"
127,07:47,10,10,인천공항,6,"19,26,30,33,59,69"
127,07:47,2,2,수서,9,"17,20,27,31,51,54,55,61,65"
127,07:47,3,3,삼성,6,"0,22,32,39,49,63"
127,07:47,4,4,여의도,2,"1,25"
127,07:47,5,5,김포공항,1,45
127,07:47,6,6,일산,2,"14,15"
127,07:47,7,7,판교,7,"9,34,36,46,56,64,66"
127,07:47,8,8,동탄/용인,4,"10,12,57,67"
127,07:47,9,9,평택,11,"5,6,8,24,28,38,43,48,58,60,68"
128,07:48,1,1,서울역,3,"3,35,44"
128,07:48,10,10,인천공항,6,"19,26,30,33,59,69"
128,07:48,2,2,수서,9,"17,20,27,31,51,54,55,61,65"
128,07:48,3,3,삼성,7,"0,2,22,32,39,49,63"
128,07:48,4,4,여의도,3,"1,7,25"
128,07:48,5,5,김포공항,1,45
128,07:48,6,6,일산,2,"14,15"
128,07:48,7,7,판교,7,"9,34,36,46,56,64,66"
128,07:48,8,8,동탄/용인,5,"10,12,13,57,67"
128,07:48,9,9,평택,11,"5,6,8,24,28,38,43,48,58,60,68"
129,07:49,1,1,서울역,2,"35,44"
129,07:49,10,10,인천공항,6,"19,26,30,33,59,69"
129,07:49,2,2,수서,9,"17,20,27,31,51,54,55,61,65"
129,07:49,3,3,삼성,7,"0,2,22,32,39,49,63"
129,07:49,4,4,여의도,3,"1,7,25"
129,07:49,5,5,김포공항,1,45
129,07:49,6,6,일산,2,"14,15"
129,07:49,7,7,판교,6,"34,36,46,56,64,66"
129,07:49,8,8,동탄/용인,5,"10,12,13,57,67"
129,07:49,9,9,평택,11,"5,6,8,24,28,38,43,48,58,60,68"
130,07:50,1,1,서울역,2,"35,44"
130,07:50,10,10,인천공항,6,"19,26,30,33,59,69"
130,07:50,2,2,수서,9,"17,20,27,31,51,54,55,61,65"
130,07:50,3,3,삼성,7,"0,2,22,32,39,49,63"
130,07:50,4,4,여의도,4,"1,7,25,47"
130,07:50,5,5,김포공항,2,"41,45"
130,07:50,6,6,일산,4,"11,14,50,52"
130,07:50,7,7,판교,6,"34,36,46,56,64,66"
130,07:50,8,8,동탄/용인,5,"10,12,13,57,67"
130,07:50,9,9,평택,11,"5,6,8,24,28,38,43,48,58,60,68"
131,07:51,1,1,서울역,2,"35,44"
131,07:51,10,10,인천공항,6,"19,26,30,33,59,69"
131,07:51,2,2,수서,9,"17,20,27,31,51,54,55,61,65"
131,07:51,3,3,삼성,7,"0,2,22,32,39,49,63"
131,07:51,4,4,여의도,3,"1,25,47"
131,07:51,5,5,김포공항,2,"41,45"
131,07:51,6,6,일산,6,"11,14,16,23,50,52"
131,07:51,7,7,판교,6,"34,36,46,56,64,66"
131,07:51,8,8,동탄/용인,5,"10,12,13,57,67"
131,07:51,9,9,평택,11,"5,6,8,24,28,38,43,48,58,60,68"
132,07:52,1,1,서울역,2,"35,44"
132,07:52,10,10,인천공항,7,"19,26,30,33,40,59,69"
132,07:52,2,2,수서,10,"17,20,27,31,37,51,54,55,61,65"
132,07:52,3,3,삼성,7,"0,2,22,32,39,49,63"
132,07:52,4,4,여의도,3,"1,25,47"
132,07:52,5,5,김포공항,2,"41,45"
132,07:52,6,6,일산,7,"11,14,16,23,50,52,62"
132,07:52,7,7,판교,6,"34,36,46,56,64,66"
132,07:52,8,8,동탄/용인,5,"10,12,13,57,67"
132,07:52,9,9,평택,11,"5,6,8,24,28,38,43,48,58,60,68"
133,07:53,1,1,서울역,2,"35,44"
133,07:53,10,10,인천공항,7,"19,26,30,33,40,59,69"
133,07:53,2,2,수서,9,"17,27,31,37,51,54,55,61,65"
133,07:53,3,3,삼성,7,"0,2,22,32,39,49,63"
133,07:53,4,4,여의도,3,"1,25,47"
133,07:53,5,5,김포공항,2,"41,45"
133,07:53,6,6,일산,4,"14,16,23,62"
133,07:53,7,7,판교,6,"34,36,46,56,64,66"
133,07:53,8,8,동탄/용인,5,"10,12,13,57,67"
133,07:53,9,9,평택,11,"5,6,8,24,28,38,43,48,58,60,68"
134,07:54,1,1,서울역,2,"35,44"
134,07:54,10,10,인천공항,7,"19,26,30,33,40,59,69"
134,07:54,2,2,수서,9,"17,27,31,37,51,54,55,61,65"
134,07:54,3,3,삼성,7,"0,2,22,32,39,49,63"
134,07:54,4,4,여의도,3,"1,25,47"
134,07:54,5,5,김포공항,2,"41,45"
134,07:54,6,6,일산,3,"23,53,62"
134,07:54,7,7,판교,6,"34,36,46,56,64,66"
134,07:54,8,8,동탄/용인,5,"10,12,13,57,67"
134,07:54,9,9,평택,11,"5,6,8,24,28,38,43,48,58,60,68"
135,07:55,1,1,서울역,2,"35,44"
135,07:55,10,10,인천공항,7,"19,26,30,33,40,59,69"
135,07:55,2,2,수서,9,"17,27,31,37,51,54,55,61,65"
135,07:55,3,3,삼성,7,"0,2,22,32,39,49,63"
135,07:55,4,4,여의도,3,"1,25,47"
135,07:55,5,5,김포공항,2,"41,45"
135,07:55,6,6,일산,3,"23,53,62"
135,07:55,7,7,판교,6,"34,36,46,56,64,66"
135,07:55,8,8,동탄/용인,5,"10,12,13,57,67"
135,07:55,9,9,평택,12,"5,6,8,24,28,29,38,43,48,58,60,68"
136,07:56,1,1,서울역,2,"35,44"
136,07:56,10,10,인천공항,7,"19,26,30,33,40,59,69"
136,07:56,2,2,수서,9,"17,27,31,37,51,54,55,61,65"
136,07:56,3,3,삼성,7,"0,2,22,32,39,49,63"
136,07:56,4,4,여의도,4,"1,9,25,47"
136,07:56,5,5,김포공항,2,"41,45"
136,07:56,6,6,일산,4,"3,23,53,62"
136,07:56,7,7,판교,5,"36,46,56,64,66"
136,07:56,8,8,동탄/용인,5,"10,12,13,57,67"
136,07:56,9,9,평택,12,"5,6,8,24,28,29,38,43,48,58,60,68"
137,07:57,1,1,서울역,2,"35,44"
137,07:57,10,10,인천공항,7,"19,26,30,33,40,59,69"
137,07:57,2,2,수서,9,"17,27,31,37,51,54,55,61,65"
137,07:57,3,3,삼성,7,"0,2,22,32,39,49,63"
137,07:57,4,4,여의도,4,"1,9,25,47"
137,07:57,5,5,김포공항,3,"7,41,45"
137,07:57,6,6,일산,4,"3,23,53,62"
137,07:57,7,7,판교,5,"36,46,56,64,66"
137,07:57,8,8,동탄/용인,6,"10,12,13,42,57,67"
137,07:57,9,9,평택,12,"5,6,8,24,28,29,38,43,48,58,60,68"
138,07:58,1,1,서울역,2,"35,44"
138,07:58,10,10,인천공항,7,"19,26,30,33,40,59,69"
138,07:58,2,2,수서,9,"17,27,31,37,51,54,55,61,65"
138,07:58,3,3,삼성,7,"0,2,22,32,39,49,63"
138,07:58,4,4,여의도,4,"1,9,25,47"
138,07:58,5,5,김포공항,3,"7,41,45"
138,07:58,6,6,일산,4,"3,21,23,53"
138,07:58,7,7,판교,5,"36,46,56,64,66"
138,07:58,8,8,동탄/용인,6,"10,12,13,42,57,67"
138,07:58,9,9,평택,12,"5,6,8,24,28,29,38,43,48,58,60,68"
139,07:59,1,1,서울역,2,"35,44"
139,07:59,10,10,인천공항,7,"19,26,30,33,40,59,69"
139,07:59,2,2,수서,9,"17,27,31,37,51,54,55,61,65"
139,07:59,3,3,삼성,7,"0,2,22,32,39,49,63"
139,07:59,4,4,여의도,4,"1,9,25,47"
139,07:59,5,5,김포공항,3,"7,41,45"
139,07:59,6,6,일산,3,"21,23,53"
139,07:59,7,7,판교,5,"36,46,56,64,66"
139,07:59,8,8,동탄/용인,5,"10,12,42,57,67"
139,07:59,9,9,평택,13,"5,6,8,18,24,28,29,38,43,48,58,60,68"
140,08:00,1,1,서울역,3,"11,35,44"
140,08:00,10,10,인천공항,7,"19,26,30,33,40,59,69"
140,08:00,2,2,수서,9,"17,27,31,37,51,54,55,61,65"
140,08:00,3,3,삼성,7,"0,2,22,32,39,49,63"
140,08:00,4,4,여의도,3,"1,9,47"
140,08:00,5,5,김포공항,2,"41,45"
140,08:00,6,6,일산,3,"21,23,53"
140,08:00,7,7,판교,5,"36,46,56,64,66"
140,08:00,8,8,동탄/용인,5,"10,12,42,57,67"
140,08:00,9,9,평택,10,"5,6,8,18,24,28,29,38,43,48"
141,08:01,1,1,서울역,4,"11,14,35,44"
141,08:01,10,10,인천공항,6,"19,26,30,33,59,69"
141,08:01,2,2,수서,10,"15,17,27,31,37,51,54,55,61,65"
141,08:01,3,3,삼성,7,"0,2,22,32,39,49,63"
141,08:01,4,4,여의도,3,"1,9,47"
141,08:01,5,5,김포공항,3,"20,41,45"
141,08:01,6,6,일산,3,"21,23,53"
141,08:01,7,7,판교,5,"36,46,56,64,66"
141,08:01,8,8,동탄/용인,5,"10,12,42,57,67"
141,08:01,9,9,평택,9,"5,6,8,18,28,29,38,43,48"
142,08:02,1,1,서울역,4,"11,14,35,44"
142,08:02,10,10,인천공항,6,"19,26,30,33,59,69"
142,08:02,2,2,수서,9,"15,27,31,37,51,54,55,61,65"
142,08:02,3,3,삼성,7,"0,2,22,32,39,49,63"
142,08:02,4,4,여의도,3,"1,9,47"
142,08:02,5,5,김포공항,3,"20,41,45"
142,08:02,6,6,일산,2,"21,23"
142,08:02,7,7,판교,5,"36,46,56,64,66"
142,08:02,8,8,동탄/용인,5,"10,12,42,57,67"
142,08:02,9,9,평택,9,"5,6,8,18,28,29,38,43,48"
143,08:03,1,1,서울역,4,"11,14,35,44"
143,08:03,10,10,인천공항,6,"19,26,30,33,59,69"
143,08:03,2,2,수서,8,"15,27,31,37,54,55,61,65"
143,08:03,3,3,삼성,7,"0,2,22,32,39,49,63"
143,08:03,4,4,여의도,4,"1,9,34,47"
143,08:03,5,5,김포공항,3,"20,41,45"
143,08:03,6,6,일산,2,"4,21"
143,08:03,7,7,판교,4,"46,56,64,66"
143,08:03,8,8,동탄/용인,5,"10,12,42,57,67"
143,08:03,9,9,평택,9,"5,6,8,18,28,29,38,43,48"
144,08:04,1,1,서울역,4,"11,14,35,44"
144,08:04,10,10,인천공항,5,"26,30,33,59,69"
144,08:04,2,2,수서,8,"15,27,31,37,54,55,61,65"
144,08:04,3,3,삼성,8,"0,2,16,22,32,39,49,63"
144,08:04,4,4,여의도,4,"1,9,34,47"
144,08:04,5,5,김포공항,3,"20,41,45"
144,08:04,6,6,일산,2,"4,21"
144,08:04,7,7,판교,4,"46,56,64,66"
144,08:04,8,8,동탄/용인,3,"42,57,67"
144,08:04,9,9,평택,9,"5,6,8,18,28,29,38,43,48"
145,08:05,1,1,서울역,3,"14,35,44"
145,08:05,10,10,인천공항,5,"26,30,33,59,69"
145,08:05,2,2,수서,8,"15,27,31,37,54,55,61,65"
145,08:05,3,3,삼성,9,"0,2,16,17,22,32,39,49,63"
145,08:05,4,4,여의도,2,"34,47"
145,08:05,5,5,김포공항,3,"20,41,45"
145,08:05,6,6,일산,2,"4,21"
145,08:05,7,7,판교,6,"46,50,52,56,64,66"
145,08:05,8,8,동탄/용인,3,"42,57,67"
145,08:05,9,9,평택,9,"5,6,8,18,28,29,38,43,48"
146,08:06,1,1,서울역,4,"3,14,35,44"
146,08:06,10,10,인천공항,5,"26,30,33,59,69"
146,08:06,2,2,수서,8,"15,27,31,37,54,55,61,65"
146,08:06,3,3,삼성,9,"0,2,16,17,32,39,49,51,63"
146,08:06,4,4,여의도,2,"34,47"
146,08:06,5,5,김포공항,3,"20,41,45"
146,08:06,6,6,일산,2,"4,21"
146,08:06,7,7,판교,6,"46,50,52,56,64,66"
146,08:06,8,8,동탄/용인,6,"42,57,58,60,67,68"
146,08:06,9,9,평택,9,"5,6,8,18,28,29,38,43,48"
147,08:07,1,1,서울역,3,"3,14,44"
147,08:07,10,10,인천공항,5,"26,30,33,59,69"
147,08:07,2,2,수서,7,"15,27,31,37,54,61,65"
147,08:07,3,3,삼성,9,"0,2,16,17,32,39,49,51,63"
147,08:07,4,4,여의도,2,"34,47"
147,08:07,5,5,김포공항,3,"20,41,45"
147,08:07,6,6,일산,3,"4,21,25"
147,08:07,7,7,판교,6,"46,50,52,56,64,66"
147,08:07,8,8,동탄/용인,6,"42,57,58,60,67,68"
147,08:07,9,9,평택,9,"5,6,8,18,28,29,38,43,48"
148,08:08,1,1,서울역,2,"3,44"
148,08:08,10,10,인천공항,5,"26,30,33,59,69"
148,08:08,2,2,수서,7,"15,27,31,37,54,61,65"
148,08:08,3,3,삼성,7,"0,2,16,32,39,51,63"
148,08:08,4,4,여의도,2,"34,47"
148,08:08,5,5,김포공항,3,"20,41,45"
148,08:08,6,6,일산,3,"4,21,25"
148,08:08,7,7,판교,5,"50,52,56,64,66"
148,08:08,8,8,동탄/용인,6,"42,57,58,60,67,68"
148,08:08,9,9,평택,9,"5,6,8,18,28,29,38,43,48"
149,08:09,1,1,서울역,2,"3,44"
149,08:09,10,10,인천공항,5,"26,30,33,59,69"
149,08:09,2,2,수서,6,"13,27,31,37,54,65"
149,08:09,3,3,삼성,6,"0,2,16,32,39,63"
149,08:09,4,4,여의도,2,"34,47"
149,08:09,5,5,김포공항,3,"20,41,45"
149,08:09,6,6,일산,2,"21,25"
149,08:09,7,7,판교,5,"50,52,56,64,66"
149,08:09,8,8,동탄/용인,4,"57,60,67,68"
149,08:09,9,9,평택,9,"5,6,8,18,28,29,38,43,48"
150,08:10,1,1,서울역,2,"3,23"
150,08:10,10,10,인천공항,5,"26,30,33,59,69"
150,08:10,2,2,수서,6,"13,27,31,37,54,65"
150,08:10,3,3,삼성,6,"0,2,16,32,39,63"
150,08:10,4,4,여의도,3,"34,36,47"
150,08:10,5,5,김포공항,2,"20,41"
150,08:10,6,6,일산,1,21
150,08:10,7,7,판교,6,"7,50,52,56,64,66"
150,08:10,8,8,동탄/용인,4,"57,60,67,68"
150,08:10,9,9,평택,7,"5,6,8,28,38,43,48"
151,08:11,1,1,서울역,2,"3,23"
151,08:11,10,10,인천공항,5,"26,30,33,59,69"
151,08:11,2,2,수서,6,"13,27,31,37,54,65"
151,08:11,3,3,삼성,5,"0,2,16,32,39"
151,08:11,4,4,여의도,3,"34,36,47"
151,08:11,5,5,김포공항,3,"1,9,41"
151,08:11,6,6,일산,1,21
151,08:11,7,7,판교,5,"7,52,56,64,66"
151,08:11,8,8,동탄/용인,4,"57,60,67,68"
151,08:11,9,9,평택,7,"5,6,8,28,38,43,48"
152,08:12,1,1,서울역,2,"3,23"
152,08:12,10,10,인천공항,4,"30,33,59,69"
152,08:12,2,2,수서,6,"13,27,31,37,54,65"
152,08:12,3,3,삼성,6,"0,2,16,32,39,61"
152,08:12,4,4,여의도,3,"34,36,47"
152,08:12,5,5,김포공항,3,"1,9,41"
152,08:12,6,6,일산,2,"11,40"
152,08:12,7,7,판교,5,"7,52,56,64,66"
152,08:12,8,8,동탄/용인,3,"57,60,67"
152,08:12,9,9,평택,7,"5,6,8,28,38,43,48"
153,08:13,1,1,서울역,2,"3,23"
153,08:13,10,10,인천공항,4,"30,33,59,69"
153,08:13,2,2,수서,6,"13,27,31,37,54,65"
153,08:13,3,3,삼성,5,"0,2,16,32,61"
153,08:13,4,4,여의도,3,"34,36,47"
153,08:13,5,5,김포공항,3,"1,9,41"
153,08:13,6,6,일산,2,"11,40"
153,08:13,7,7,판교,5,"7,52,56,64,66"
153,08:13,8,8,동탄/용인,2,"60,67"
153,08:13,9,9,평택,6,"5,6,8,28,38,43"
154,08:14,1,1,서울역,2,"3,23"
154,08:14,10,10,인천공항,4,"30,33,59,69"
154,08:14,2,2,수서,8,"10,12,13,27,31,37,54,65"
154,08:14,3,3,삼성,6,"0,2,14,16,32,61"
154,08:14,4,4,여의도,3,"34,36,47"
154,08:14,5,5,김포공항,2,"9,41"
154,08:14,6,6,일산,3,"11,35,40"
154,08:14,7,7,판교,6,"7,52,53,56,64,66"
154,08:14,9,9,평택,6,"5,6,8,28,38,43"
155,08:15,1,1,서울역,2,"3,23"
155,08:15,10,10,인천공항,4,"30,33,59,69"
155,08:15,2,2,수서,7,"10,12,13,27,31,37,54"
155,08:15,3,3,삼성,6,"0,2,14,16,32,61"
155,08:15,4,4,여의도,6,"15,34,36,46,47,49"
155,08:15,5,5,김포공항,3,"9,41,55"
155,08:15,6,6,일산,2,"19,35"
155,08:15,7,7,판교,6,"7,52,53,56,64,66"
155,08:15,9,9,평택,6,"5,6,8,28,38,43"
156,08:16,1,1,서울역,3,"3,4,23"
156,08:16,10,10,인천공항,4,"30,33,59,69"
156,08:16,2,2,수서,7,"10,12,13,27,31,37,54"
156,08:16,3,3,삼성,6,"0,2,14,16,32,61"
156,08:16,4,4,여의도,7,"15,34,36,46,47,49,51"
156,08:16,5,5,김포공항,4,"9,17,41,55"
156,08:16,6,6,일산,2,"19,35"
156,08:16,7,7,판교,5,"7,52,53,64,66"
156,08:16,8,8,동탄/용인,2,"18,22"
156,08:16,9,9,평택,6,"5,6,8,28,38,43"
157,08:17,1,1,서울역,3,"3,4,23"
157,08:17,10,10,인천공항,4,"30,33,59,69"
157,08:17,2,2,수서,7,"10,12,13,27,31,37,54"
157,08:17,3,3,삼성,5,"0,2,16,32,61"
157,08:17,4,4,여의도,7,"15,34,36,46,47,49,51"
157,08:17,5,5,김포공항,3,"17,41,55"
157,08:17,6,6,일산,3,"19,35,44"
157,08:17,7,7,판교,5,"7,52,53,64,66"
157,08:17,8,8,동탄/용인,2,"18,22"
157,08:17,9,9,평택,6,"5,6,8,28,38,43"
158,08:18,1,1,서울역,3,"3,4,23"
158,08:18,10,10,인천공항,3,"33,59,69"
158,08:18,2,2,수서,7,"10,12,13,27,31,37,54"
158,08:18,3,3,삼성,5,"0,16,32,45,65"
158,08:18,4,4,여의도,9,"15,34,36,46,47,49,50,51,63"
158,08:18,5,5,김포공항,3,"17,41,55"
158,08:18,6,6,일산,3,"19,35,44"
158,08:18,7,7,판교,5,"7,52,53,64,66"
158,08:18,8,8,동탄/용인,2,"18,22"
158,08:18,9,9,평택,7,"5,6,8,28,38,43,62"
159,08:19,1,1,서울역,5,"3,4,21,23,39"
159,08:19,10,10,인천공항,3,"33,59,69"
159,08:19,2,2,수서,7,"10,12,13,27,31,37,54"
159,08:19,3,3,삼성,6,"0,16,20,32,45,65"
159,08:19,4,4,여의도,9,"15,34,36,46,47,49,50,51,63"
159,08:19,5,5,김포공항,3,"17,41,55"
159,08:19,6,6,일산,3,"19,35,44"
159,08:19,7,7,판교,5,"7,52,53,64,66"
159,08:19,8,8,동탄/용인,2,"22,48"
159,08:19,9,9,평택,7,"5,6,8,28,38,43,62"
160,08:20,1,1,서울역,3,"4,21,39"
160,08:20,10,10,인천공항,3,"33,59,69"
160,08:20,2,2,수서,7,"10,12,13,27,31,37,54"
160,08:20,3,3,삼성,7,"0,16,20,25,32,45,65"
160,08:20,4,4,여의도,7,"46,47,49,50,51,58,63"
160,08:20,5,5,김포공항,3,"17,41,55"
160,08:20,6,6,일산,2,"19,44"
160,08:20,7,7,판교,4,"7,52,53,66"
160,08:20,8,8,동탄/용인,2,"22,48"
160,08:20,9,9,평택,7,"5,6,8,28,38,43,62"
161,08:21,1,1,서울역,4,"4,21,39,42"
161,08:21,10,10,인천공항,3,"33,59,69"
161,08:21,2,2,수서,7,"10,12,13,27,31,37,54"
161,08:21,3,3,삼성,7,"0,16,20,25,32,45,65"
161,08:21,4,4,여의도,6,"46,47,50,51,58,63"
161,08:21,5,5,김포공항,3,"17,41,55"
161,08:21,6,6,일산,2,"24,44"
161,08:21,7,7,판교,4,"7,52,53,66"
161,08:21,8,8,동탄/용인,2,"22,48"
161,08:21,9,9,평택,7,"5,6,8,28,38,43,62"
162,08:22,1,1,서울역,5,"4,21,39,40,42"
162,08:22,10,10,인천공항,3,"33,59,69"
162,08:22,2,2,수서,7,"1,10,12,13,31,37,54"
162,08:22,3,3,삼성,7,"0,16,20,25,32,45,65"
162,08:22,4,4,여의도,7,"11,46,47,50,51,58,63"
162,08:22,5,5,김포공항,2,"17,55"
162,08:22,6,6,일산,2,"24,44"
162,08:22,7,7,판교,4,"7,52,53,66"
162,08:22,8,8,동탄/용인,1,22
162,08:22,9,9,평택,7,"5,6,8,28,38,43,62"
163,08:23,1,1,서울역,5,"4,21,39,40,42"
163,08:23,10,10,인천공항,3,"33,59,69"
163,08:23,2,2,수서,6,"1,13,31,37,54,57"
163,08:23,3,3,삼성,7,"0,16,20,25,32,45,65"
163,08:23,4,4,여의도,8,"11,46,47,50,51,56,58,63"
163,08:23,5,5,김포공항,2,"17,55"
163,08:23,6,6,일산,1,24
163,08:23,7,7,판교,4,"7,52,53,66"
163,08:23,8,8,동탄/용인,1,22
163,08:23,9,9,평택,6,"5,6,28,38,43,62"
164,08:24,1,1,서울역,6,"4,21,39,40,42,68"
164,08:24,10,10,인천공항,3,"33,59,69"
164,08:24,2,2,수서,7,"1,13,31,37,54,57,67"
164,08:24,3,3,삼성,5,"16,20,25,32,45"
164,08:24,4,4,여의도,6,"11,47,50,51,56,58"
164,08:24,5,5,김포공항,2,"17,55"
164,08:24,6,6,일산,1,24
164,08:24,7,7,판교,4,"7,52,53,66"
164,08:24,8,8,동탄/용인,1,22
164,08:24,9,9,평택,6,"5,6,28,38,43,62"
165,08:25,1,1,서울역,3,"4,42,68"
165,08:25,10,10,인천공항,3,"33,59,69"
165,08:25,2,2,수서,6,"1,13,31,54,57,67"
165,08:25,3,3,삼성,6,"9,16,20,25,32,45"
165,08:25,4,4,여의도,8,"2,11,47,50,56,58,60,61"
165,08:25,5,5,김포공항,2,"17,55"
165,08:25,6,6,일산,1,24
165,08:25,7,7,판교,4,"7,52,53,66"
165,08:25,8,8,동탄/용인,1,22
165,08:25,9,9,평택,5,"5,6,28,38,43"
166,08:26,1,1,서울역,4,"4,29,42,68"
166,08:26,10,10,인천공항,3,"33,59,69"
166,08:26,2,2,수서,6,"1,13,31,54,57,67"
166,08:26,3,3,삼성,6,"9,16,20,25,32,45"
166,08:26,4,4,여의도,8,"2,11,47,50,56,58,60,61"
166,08:26,5,5,김포공항,4,"17,34,36,55"
166,08:26,6,6,일산,1,24
166,08:26,7,7,판교,4,"7,52,53,66"
166,08:26,8,8,동탄/용인,1,22
166,08:26,9,9,평택,5,"5,6,28,38,43"
167,08:27,1,1,서울역,5,"4,29,35,42,68"
167,08:27,10,10,인천공항,3,"33,59,69"
167,08:27,2,2,수서,6,"1,13,31,54,57,67"
167,08:27,3,3,삼성,4,"9,16,20,25"
167,08:27,4,4,여의도,9,"2,11,47,50,56,58,60,61,64"
167,08:27,5,5,김포공항,4,"17,34,36,55"
167,08:27,6,6,일산,4,"3,15,23,24"
167,08:27,7,7,판교,3,"52,53,66"
167,08:27,8,8,동탄/용인,1,22
167,08:27,9,9,평택,5,"5,6,28,38,43"
168,08:28,1,1,서울역,3,"29,35,68"
168,08:28,10,10,인천공항,3,"33,59,69"
168,08:28,2,2,수서,5,"13,31,54,57,67"
168,08:28,3,3,삼성,4,"9,16,20,25"
168,08:28,4,4,여의도,10,"2,11,19,47,50,56,58,60,61,64"
168,08:28,5,5,김포공항,4,"17,34,36,55"
168,08:28,6,6,일산,4,"3,15,23,24"
168,08:28,7,7,판교,3,"52,53,66"
168,08:28,8,8,동탄/용인,1,22
168,08:28,9,9,평택,3,"5,28,43"
169,08:29,1,1,서울역,3,"27,35,68"
169,08:29,10,10,인천공항,3,"33,59,69"
169,08:29,2,2,수서,5,"13,31,54,57,67"
169,08:29,3,3,삼성,3,"9,20,25"
169,08:29,4,4,여의도,9,"2,10,12,19,47,58,60,61,64"
169,08:29,5,5,김포공항,3,"17,36,55"
169,08:29,6,6,일산,4,"3,15,23,24"
169,08:29,7,7,판교,2,"53,66"
169,08:29,8,8,동탄/용인,1,22
169,08:29,9,9,평택,3,"5,28,43"
170,08:30,1,1,서울역,5,"0,27,35,44,68"
170,08:30,10,10,인천공항,3,"33,59,69"
170,08:30,2,2,수서,4,"13,31,57,67"
170,08:30,3,3,삼성,4,"9,20,25,41"
170,08:30,4,4,여의도,10,"2,10,12,18,19,47,58,60,61,64"
170,08:30,5,5,김포공항,4,"17,36,46,55"
170,08:30,6,6,일산,1,24
170,08:30,7,7,판교,1,66
170,08:30,9,9,평택,1,5
171,08:31,1,1,서울역,5,"0,27,35,44,68"
171,08:31,10,10,인천공항,3,"33,59,69"
171,08:31,2,2,수서,3,"31,57,67"
171,08:31,3,3,삼성,7,"9,20,21,25,39,40,41"
171,08:31,4,4,여의도,7,"10,12,18,47,58,64,65"
171,08:31,5,5,김포공항,4,"17,36,46,55"
171,08:31,6,6,일산,2,"24,63"
171,08:31,7,7,판교,1,66
171,08:31,8,8,동탄/용인,1,62
171,08:31,9,9,평택,2,"5,26"
172,08:32,1,1,서울역,6,"0,27,35,37,44,68"
172,08:32,10,10,인천공항,3,"33,59,69"
172,08:32,2,2,수서,2,"57,67"
172,08:32,3,3,삼성,8,"9,20,21,25,39,40,41,48"
172,08:32,4,4,여의도,7,"10,12,18,47,58,64,65"
172,08:32,5,5,김포공항,2,"46,55"
172,08:32,6,6,일산,3,"24,51,63"
172,08:32,7,7,판교,1,66
172,08:32,8,8,동탄/용인,2,"49,62"
172,08:32,9,9,평택,3,"5,14,26"
173,08:33,1,1,서울역,6,"0,27,35,37,44,68"
173,08:33,10,10,인천공항,3,"33,59,69"
173,08:33,2,2,수서,2,"57,67"
173,08:33,3,3,삼성,8,"9,20,21,25,39,40,41,48"
173,08:33,4,4,여의도,7,"10,12,18,47,58,64,65"
173,08:33,5,5,김포공항,2,"46,55"
173,08:33,6,6,일산,3,"24,51,63"
173,08:33,7,7,판교,1,66
173,08:33,8,8,동탄/용인,2,"49,62"
173,08:33,9,9,평택,2,"14,26"
174,08:34,1,1,서울역,7,"0,7,27,35,37,44,68"
174,08:34,10,10,인천공항,3,"33,59,69"
174,08:34,2,2,수서,2,"57,67"
174,08:34,3,3,삼성,5,"9,20,25,41,48"
174,08:34,4,4,여의도,9,"1,10,12,18,32,47,58,64,65"
174,08:34,5,5,김포공항,2,"46,55"
174,08:34,6,6,일산,1,51
174,08:34,7,7,판교,1,66
174,08:34,8,8,동탄/용인,2,"49,62"
174,08:34,9,9,평택,2,"14,26"
175,08:35,1,1,서울역,7,"0,7,27,35,37,44,68"
175,08:35,10,10,인천공항,2,"59,69"
175,08:35,2,2,수서,3,"11,57,67"
175,08:35,3,3,삼성,4,"9,25,41,48"
175,08:35,4,4,여의도,9,"1,10,12,18,32,47,58,64,65"
175,08:35,5,5,김포공항,2,"46,55"
175,08:35,7,7,판교,1,42
175,08:35,8,8,동탄/용인,1,62
175,08:35,9,9,평택,2,"14,26"
176,08:36,1,1,서울역,7,"0,7,27,35,37,44,68"
176,08:36,10,10,인천공항,2,"59,69"
176,08:36,2,2,수서,3,"11,57,67"
176,08:36,3,3,삼성,4,"9,25,41,48"
176,08:36,4,4,여의도,11,"1,10,12,16,18,32,47,52,58,64,65"
176,08:36,5,5,김포공항,1,55
176,08:36,6,6,일산,1,56
176,08:36,7,7,판교,2,"29,42"
176,08:36,8,8,동탄/용인,1,62
176,08:36,9,9,평택,2,"14,26"
177,08:37,1,1,서울역,11,"0,3,7,15,23,27,35,37,44,54,68"
177,08:37,10,10,인천공항,2,"59,69"
177,08:37,2,2,수서,3,"11,57,67"
177,08:37,3,3,삼성,4,"25,34,41,48"
177,08:37,4,4,여의도,13,"1,10,12,13,16,18,32,47,52,53,58,64,65"
177,08:37,5,5,김포공항,1,55
177,08:37,6,6,일산,1,56
177,08:37,7,7,판교,2,"29,42"
177,08:37,9,9,평택,3,"14,26,30"
178,08:38,1,1,서울역,11,"0,3,7,15,23,27,35,37,44,54,68"
178,08:38,10,10,인천공항,2,"59,69"
178,08:38,2,2,수서,3,"11,57,67"
178,08:38,3,3,삼성,4,"25,34,41,48"
178,08:38,4,4,여의도,14,"1,10,12,13,16,18,31,32,47,52,53,58,64,65"
178,08:38,5,5,김포공항,1,55
178,08:38,6,6,일산,4,"2,56,60,61"
178,08:38,7,7,판교,3,"19,29,42"
178,08:38,9,9,평택,3,"14,26,30"
179,08:39,1,1,서울역,11,"0,3,7,15,23,27,35,37,44,54,68"
179,08:39,10,10,인천공항,2,"59,69"
179,08:39,2,2,수서,3,"11,57,67"
179,08:39,3,3,삼성,3,"25,34,48"
179,08:39,4,4,여의도,14,"1,10,12,13,16,18,31,32,47,52,53,58,64,65"
179,08:39,5,5,김포공항,1,55
179,08:39,6,6,일산,4,"2,56,60,61"
179,08:39,7,7,판교,2,"19,42"
179,08:39,9,9,평택,2,"26,30"
180,08:40,1,1,서울역,11,"0,15,21,23,27,35,39,40,44,54,68"
180,08:40,10,10,인천공항,2,"59,69"
180,08:40,2,2,수서,4,"11,22,57,67"
180,08:40,3,3,삼성,5,"17,25,34,36,48"
180,08:40,4,4,여의도,10,"10,16,31,32,47,52,53,58,64,65"
180,08:40,5,5,김포공항,1,55
180,08:40,6,6,일산,4,"2,56,60,61"
180,08:40,7,7,판교,2,"19,42"
180,08:40,9,9,평택,1,26
181,08:41,1,1,서울역,11,"0,21,23,24,27,35,39,40,44,54,68"
181,08:41,10,10,인천공항,2,"59,69"
181,08:41,2,2,수서,4,"11,22,57,67"
181,08:41,3,3,삼성,4,"17,34,36,48"
181,08:41,4,4,여의도,10,"10,16,31,32,47,52,53,58,64,65"
181,08:41,5,5,김포공항,1,55
181,08:41,6,6,일산,1,56
181,08:41,7,7,판교,1,19
181,08:41,9,9,평택,1,26
182,08:42,1,1,서울역,11,"0,21,23,24,27,35,39,40,44,54,68"
182,08:42,10,10,인천공항,2,"59,69"
182,08:42,2,2,수서,4,"11,22,57,67"
182,08:42,3,3,삼성,4,"17,34,36,48"
182,08:42,4,4,여의도,11,"10,20,31,32,47,51,53,58,64,65,66"
182,08:42,5,5,김포공항,1,55
182,08:42,7,7,판교,2,"19,28"
182,08:42,9,9,평택,2,"26,45"
183,08:43,1,1,서울역,11,"0,21,23,24,27,35,39,40,44,54,68"
183,08:43,10,10,인천공항,2,"59,69"
183,08:43,2,2,수서,2,"22,67"
183,08:43,3,3,삼성,3,"17,34,36"
183,08:43,4,4,여의도,12,"10,20,31,32,38,47,51,53,58,64,65,66"
183,08:43,5,5,김포공항,1,55
183,08:43,6,6,일산,1,8
183,08:43,7,7,판교,2,"19,28"
183,08:43,9,9,평택,2,"26,45"
184,08:44,1,1,서울역,9,"0,23,24,27,35,40,44,54,68"
184,08:44,10,10,인천공항,2,"59,69"
184,08:44,2,2,수서,2,"22,67"
184,08:44,3,3,삼성,4,"17,34,36,46"
184,08:44,4,4,여의도,13,"9,10,20,31,32,38,47,51,53,58,64,65,66"
184,08:44,5,5,김포공항,1,55
184,08:44,6,6,일산,1,8
184,08:44,7,7,판교,2,"19,28"
184,08:44,9,9,평택,4,"4,26,45,50"
185,08:45,1,1,서울역,10,"0,23,24,27,35,40,41,44,54,68"
185,08:45,10,10,인천공항,2,"59,69"
185,08:45,2,2,수서,3,"22,63,67"
185,08:45,3,3,삼성,4,"17,34,36,46"
185,08:45,4,4,여의도,13,"9,10,20,31,32,38,47,51,53,58,64,65,66"
185,08:45,6,6,일산,1,8
185,08:45,7,7,판교,3,"5,19,28"
185,08:45,9,9,평택,4,"4,26,45,50"
186,08:46,1,1,서울역,11,"0,23,24,29,35,40,41,43,44,54,68"
186,08:46,10,10,인천공항,2,"59,69"
186,08:46,2,2,수서,4,"12,22,63,67"
186,08:46,3,3,삼성,4,"17,34,36,46"
186,08:46,4,4,여의도,14,"9,10,20,31,32,38,47,49,51,53,58,64,65,66"
186,08:46,5,5,김포공항,2,"1,13"
186,08:46,6,6,일산,1,8
186,08:46,7,7,판교,3,"5,19,28"
186,08:46,8,8,동탄/용인,1,30
186,08:46,9,9,평택,4,"4,26,45,50"
187,08:47,1,1,서울역,10,"0,23,29,35,40,41,43,44,54,68"
187,08:47,10,10,인천공항,2,"59,69"
187,08:47,2,2,수서,3,"12,22,63"
187,08:47,3,3,삼성,6,"15,17,34,36,46,62"
187,08:47,4,4,여의도,14,"9,10,20,31,32,38,47,49,51,53,58,64,65,66"
187,08:47,5,5,김포공항,2,"1,13"
187,08:47,6,6,일산,5,"3,7,8,18,37"
187,08:47,7,7,판교,2,"5,28"
187,08:47,8,8,동탄/용인,1,30
187,08:47,9,9,평택,4,"4,26,45,50"
188,08:48,1,1,서울역,11,"0,2,23,29,35,40,41,43,44,54,68"
188,08:48,10,10,인천공항,1,59
188,08:48,2,2,수서,3,"12,22,63"
188,08:48,3,3,삼성,6,"15,17,34,36,46,62"
188,08:48,4,4,여의도,16,"9,10,25,31,32,38,42,47,49,51,53,58,61,64,65,66"
188,08:48,5,5,김포공항,3,"1,13,16"
188,08:48,6,6,일산,6,"3,6,7,8,18,37"
188,08:48,7,7,판교,1,5
188,08:48,8,8,동탄/용인,1,30
188,08:48,9,9,평택,3,"4,26,45"
189,08:49,1,1,서울역,11,"0,2,23,29,35,40,41,43,44,54,68"
189,08:49,10,10,인천공항,1,59
189,08:49,2,2,수서,2,"22,63"
189,08:49,3,3,삼성,6,"15,17,34,36,46,62"
189,08:49,4,4,여의도,18,"9,10,11,25,31,32,38,42,47,49,51,53,57,58,61,64,65,66"
189,08:49,5,5,김포공항,2,"13,16"
189,08:49,6,6,일산,6,"3,6,7,8,18,37"
189,08:49,7,7,판교,1,5
189,08:49,9,9,평택,3,"4,26,45"
190,08:50,1,1,서울역,10,"0,2,23,29,35,40,43,44,54,68"
190,08:50,10,10,인천공항,1,59
190,08:50,2,2,수서,2,"22,63"
190,08:50,3,3,삼성,4,"17,34,36,62"
190,08:50,4,4,여의도,18,"9,10,11,25,31,38,42,47,48,49,51,53,57,58,61,64,65,66"
190,08:50,5,5,김포공항,2,"13,16"
190,08:50,6,6,일산,2,"6,7"
190,08:50,7,7,판교,1,5
190,08:50,9,9,평택,3,"4,26,45"
191,08:51,1,1,서울역,9,"0,2,29,35,40,43,44,54,68"
191,08:51,10,10,인천공항,1,59
191,08:51,2,2,수서,2,"22,63"
191,08:51,3,3,삼성,4,"34,36,60,62"
191,08:51,4,4,여의도,16,"9,10,11,25,38,42,48,49,51,53,57,58,61,64,65,66"
191,08:51,5,5,김포공항,1,13
191,08:51,6,6,일산,4,"6,7,21,39"
191,08:51,7,7,판교,2,"5,14"
191,08:51,9,9,평택,3,"4,26,45"
192,08:52,1,1,서울역,8,"0,2,35,40,43,44,54,68"
192,08:52,10,10,인천공항,1,59
192,08:52,2,2,수서,2,"22,63"
192,08:52,3,3,삼성,4,"34,36,60,62"
192,08:52,4,4,여의도,15,"10,11,25,38,42,48,49,51,53,57,58,61,64,65,66"
192,08:52,5,5,김포공항,1,13
192,08:52,6,6,일산,4,"6,7,21,39"
192,08:52,7,7,판교,2,"5,14"
192,08:52,9,9,평택,2,"26,45"
193,08:53,1,1,서울역,8,"0,2,35,40,43,44,54,68"
193,08:53,10,10,인천공항,1,59
193,08:53,2,2,수서,1,63
193,08:53,3,3,삼성,6,"24,34,36,55,60,62"
193,08:53,4,4,여의도,15,"10,11,25,38,42,48,49,51,53,57,58,61,64,65,66"
193,08:53,5,5,김포공항,1,13
193,08:53,6,6,일산,4,"6,21,27,39"
193,08:53,7,7,판교,2,"5,14"
193,08:53,8,8,동탄/용인,1,52
193,08:53,9,9,평택,2,"26,45"
194,08:54,1,1,서울역,10,"0,2,19,35,40,43,44,54,67,68"
194,08:54,10,10,인천공항,1,59
194,08:54,2,2,수서,2,"20,63"
194,08:54,3,3,삼성,6,"24,34,36,55,60,62"
194,08:54,4,4,여의도,15,"10,11,25,38,42,48,49,51,53,57,58,61,64,65,66"
194,08:54,5,5,김포공항,1,13
194,08:54,6,6,일산,4,"6,21,27,39"
194,08:54,7,7,판교,3,"5,14,56"
194,08:54,8,8,동탄/용인,2,"50,52"
194,08:54,9,9,평택,3,"26,33,45"
195,08:55,1,1,서울역,10,"0,2,19,35,40,43,44,54,67,68"
195,08:55,10,10,인천공항,1,59
195,08:55,2,2,수서,2,"20,63"
195,08:55,3,3,삼성,6,"24,34,36,55,60,62"
195,08:55,4,4,여의도,16,"10,11,25,28,38,42,48,49,51,53,57,58,61,64,65,66"
195,08:55,5,5,김포공항,1,13
195,08:55,6,6,일산,3,"21,27,39"
195,08:55,7,7,판교,3,"5,14,56"
195,08:55,8,8,동탄/용인,2,"50,52"
195,08:55,9,9,평택,3,"26,33,45"
196,08:56,1,1,서울역,12,"0,2,12,19,35,40,43,44,46,54,67,68"
196,08:56,10,10,인천공항,1,59
196,08:56,2,2,수서,3,"20,32,63"
196,08:56,3,3,삼성,6,"34,36,41,55,60,62"
196,08:56,4,4,여의도,16,"10,11,25,28,38,42,48,49,51,53,57,58,61,64,65,66"
196,08:56,5,5,김포공항,1,13
196,08:56,6,6,일산,2,"21,39"
196,08:56,7,7,판교,3,"5,14,56"
196,08:56,8,8,동탄/용인,2,"50,52"
196,08:56,9,9,평택,3,"26,33,45"
197,08:57,1,1,서울역,14,"0,2,3,8,12,19,35,40,43,44,46,54,67,68"
197,08:57,10,10,인천공항,1,59
197,08:57,2,2,수서,3,"31,32,63"
197,08:57,3,3,삼성,7,"1,34,36,41,55,60,62"
197,08:57,4,4,여의도,18,"10,11,15,18,25,28,38,42,48,49,51,53,57,58,61,64,65,66"
197,08:57,5,5,김포공항,2,"13,47"
197,08:57,6,6,일산,1,39
197,08:57,7,7,판교,3,"5,14,56"
197,08:57,8,8,동탄/용인,1,52
197,08:57,9,9,평택,3,"26,33,45"
198,08:58,1,1,서울역,14,"0,2,3,8,12,19,35,40,43,44,46,54,67,68"
198,08:58,2,2,수서,2,"31,32"
198,08:58,3,3,삼성,7,"1,34,36,41,55,60,62"
198,08:58,4,4,여의도,19,"10,11,15,17,18,25,28,38,42,48,49,51,53,57,58,61,64,65,66"
198,08:58,5,5,김포공항,3,"9,13,47"
198,08:58,6,6,일산,2,"23,39"
198,08:58,7,7,판교,3,"5,14,56"
198,08:58,8,8,동탄/용인,1,52
198,08:58,9,9,평택,3,"26,33,45"
199,08:59,1,1,서울역,14,"0,2,3,8,12,19,35,40,43,44,46,54,67,68"
199,08:59,2,2,수서,3,"30,31,32"
199,08:59,3,3,삼성,7,"1,16,34,36,55,60,62"
199,08:59,4,4,여의도,20,"10,11,15,17,18,22,25,28,38,42,48,49,51,53,57,58,61,64,65,66"
199,08:59,5,5,김포공항,3,"9,13,47"
199,08:59,6,6,일산,2,"23,29"
199,08:59,7,7,판교,3,"5,14,56"
199,08:59,8,8,동탄/용인,1,52
199,08:59,9,9,평택,2,"26,33"
200,09:00,1,1,서울역,11,"0,7,19,35,40,43,44,46,54,67,68"
200,09:00,2,2,수서,2,"30,32"
200,09:00,3,3,삼성,7,"1,16,34,36,55,60,62"
200,09:00,4,4,여의도,18,"10,17,18,22,25,28,38,42,48,49,51,53,57,58,61,64,65,66"
200,09:00,5,5,김포공항,2,"9,47"
200,09:00,6,6,일산,2,"23,29"
200,09:00,7,7,판교,3,"5,14,56"
200,09:00,9,9,평택,2,"26,33"
201,09:01,1,1,서울역,11,"0,7,19,35,40,43,44,46,54,67,68"
201,09:01,2,2,수서,2,"30,32"
201,09:01,3,3,삼성,4,"16,34,36,60"
201,09:01,4,4,여의도,18,"10,17,18,22,25,28,38,42,48,49,51,53,57,58,61,64,65,66"
201,09:01,5,5,김포공항,1,47
201,09:01,6,6,일산,1,29
201,09:01,7,7,판교,3,"5,14,56"
201,09:01,9,9,평택,2,"26,33"
202,09:02,1,1,서울역,12,"0,6,7,19,35,40,43,44,46,54,67,68"
202,09:02,2,2,수서,1,30
202,09:02,3,3,삼성,4,"16,34,36,60"
202,09:02,4,4,여의도,18,"10,17,18,22,25,28,38,42,48,49,51,53,57,58,61,64,65,66"
202,09:02,5,5,김포공항,1,47
202,09:02,7,7,판교,4,"5,14,37,56"
202,09:02,9,9,평택,2,"26,33"
203,09:03,1,1,서울역,11,"6,7,19,35,40,43,44,46,54,67,68"
203,09:03,2,2,수서,1,30
203,09:03,3,3,삼성,1,16
203,09:03,4,4,여의도,18,"10,17,18,22,25,28,38,42,48,49,51,53,57,58,61,64,65,66"
203,09:03,7,7,판교,4,"5,14,37,56"
203,09:03,9,9,평택,2,"26,33"
204,09:04,1,1,서울역,13,"6,7,19,20,21,35,40,43,44,46,54,67,68"
204,09:04,2,2,수서,2,"1,30"
204,09:04,3,3,삼성,1,16
204,09:04,4,4,여의도,19,"10,17,18,22,25,28,38,42,48,49,51,53,57,58,61,63,64,65,66"
204,09:04,7,7,판교,5,"4,5,14,37,56"
204,09:04,9,9,평택,2,"26,33"
205,09:05,1,1,서울역,13,"6,7,19,20,21,35,40,43,44,46,54,67,68"
205,09:05,2,2,수서,1,1
205,09:05,4,4,여의도,18,"10,17,18,25,28,38,42,48,49,51,53,57,58,61,63,64,65,66"
205,09:05,7,7,판교,3,"4,37,56"
205,09:05,9,9,평택,1,33
206,09:06,1,1,서울역,12,"7,19,20,21,35,40,43,44,46,54,67,68"
206,09:06,2,2,수서,3,"1,11,15"
206,09:06,3,3,삼성,3,"8,12,27"
206,09:06,4,4,여의도,18,"10,17,18,25,28,38,42,48,49,51,53,57,58,61,63,64,65,66"
206,09:06,6,6,일산,1,24
206,09:06,7,7,판교,3,"4,37,56"
206,09:06,9,9,평택,1,33
207,09:07,1,1,서울역,14,"7,19,20,21,31,35,40,43,44,46,54,55,67,68"
207,09:07,2,2,수서,4,"1,11,15,50"
207,09:07,3,3,삼성,3,"8,12,27"
207,09:07,4,4,여의도,17,"10,17,18,28,38,42,48,49,51,53,57,58,61,63,64,65,66"
207,09:07,6,6,일산,3,"2,3,24"
207,09:07,7,7,판교,3,"4,37,56"
207,09:07,9,9,평택,2,"33,69"
208,09:08,1,1,서울역,15,"7,19,20,21,23,31,35,40,43,44,46,54,55,67,68"
208,09:08,2,2,수서,4,"1,11,15,50"
208,09:08,3,3,삼성,4,"8,12,13,27"
208,09:08,4,4,여의도,18,"10,17,18,28,38,42,48,49,51,53,57,58,61,62,63,64,65,66"
208,09:08,6,6,일산,3,"2,3,24"
208,09:08,7,7,판교,3,"4,37,56"
208,09:08,9,9,평택,2,"33,69"
209,09:09,1,1,서울역,17,"7,19,20,21,23,31,32,34,35,40,43,44,46,54,55,67,68"
209,09:09,2,2,수서,3,"1,9,50"
209,09:09,3,3,삼성,2,"13,27"
209,09:09,4,4,여의도,18,"10,17,18,28,38,42,48,49,51,53,57,58,61,62,63,64,65,66"
209,09:09,6,6,일산,3,"2,3,24"
209,09:09,7,7,판교,3,"4,37,56"
209,09:09,9,9,평택,2,"33,69"
210,09:10,1,1,서울역,17,"7,19,20,21,23,31,32,34,35,40,43,44,46,54,55,67,68"
210,09:10,2,2,수서,3,"0,9,50"
210,09:10,3,3,삼성,2,"13,27"
210,09:10,4,4,여의도,20,"10,17,18,28,36,38,42,48,49,51,53,57,58,60,61,62,63,64,65,66"
210,09:10,6,6,일산,2,"3,24"
210,09:10,7,7,판교,3,"4,37,56"
210,09:10,9,9,평택,2,"33,69"
211,09:11,1,1,서울역,17,"7,16,20,21,23,31,32,34,35,40,43,44,46,54,55,67,68"
211,09:11,2,2,수서,3,"0,9,50"
211,09:11,3,3,삼성,3,"13,27,47"
211,09:11,4,4,여의도,20,"17,18,28,30,36,38,42,48,49,51,53,57,58,60,61,62,63,64,65,66"
211,09:11,5,5,김포공항,1,22
211,09:11,6,6,일산,2,"3,24"
211,09:11,7,7,판교,4,"4,37,39,56"
211,09:11,9,9,평택,2,"33,69"
212,09:12,1,1,서울역,19,"5,7,14,16,20,21,23,31,32,34,35,40,43,44,46,54,55,67,68"
212,09:12,2,2,수서,3,"0,9,50"
212,09:12,3,3,삼성,4,"6,13,29,47"
212,09:12,4,4,여의도,20,"17,18,28,30,36,38,42,48,49,51,53,57,58,60,61,62,63,64,65,66"
212,09:12,5,5,김포공항,1,22
212,09:12,6,6,일산,2,"3,24"
212,09:12,7,7,판교,3,"4,39,56"
212,09:12,9,9,평택,2,"33,69"
213,09:13,1,1,서울역,19,"5,7,14,16,20,21,23,31,32,34,35,40,43,44,46,54,55,67,68"
213,09:13,2,2,수서,2,"0,9"
213,09:13,3,3,삼성,5,"6,13,29,47,59"
213,09:13,4,4,여의도,20,"17,18,28,30,36,38,42,48,49,51,53,57,58,60,61,62,63,64,65,66"
213,09:13,5,5,김포공항,2,"22,25"
213,09:13,7,7,판교,3,"4,39,56"
213,09:13,9,9,평택,2,"33,69"
214,09:14,1,1,서울역,19,"5,7,14,16,20,21,23,31,32,34,35,40,43,44,46,54,55,67,68"
214,09:14,2,2,수서,2,"0,9"
214,09:14,3,3,삼성,5,"6,13,29,47,59"
214,09:14,4,4,여의도,20,"17,18,28,30,36,38,42,48,49,51,53,57,58,60,61,62,63,64,65,66"
214,09:14,5,5,김포공항,2,"25,52"
214,09:14,7,7,판교,3,"4,39,56"
214,09:14,9,9,평택,3,"33,41,69"
215,09:15,1,1,서울역,21,"5,7,8,14,16,20,21,23,31,32,34,35,40,43,44,45,46,54,55,67,68"
215,09:15,2,2,수서,2,"0,9"
215,09:15,3,3,삼성,4,"13,29,47,59"
215,09:15,4,4,여의도,22,"11,15,17,18,28,30,36,38,42,48,49,51,53,57,58,60,61,62,63,64,65,66"
215,09:15,5,5,김포공항,2,"25,52"
215,09:15,7,7,판교,3,"4,39,56"
215,09:15,9,9,평택,3,"33,41,69"
216,09:16,1,1,서울역,21,"5,7,8,14,16,20,21,23,31,32,34,35,40,43,44,45,46,54,55,67,68"
216,09:16,2,2,수서,2,"0,9"
216,09:16,3,3,삼성,4,"13,29,47,59"
216,09:16,4,4,여의도,24,"1,11,12,15,17,18,28,30,36,38,42,48,49,51,53,57,58,60,61,62,63,64,65,66"
216,09:16,5,5,김포공항,1,52
216,09:16,7,7,판교,3,"4,39,56"
216,09:16,9,9,평택,3,"33,41,69"
217,09:17,1,1,서울역,22,"2,5,7,8,14,16,20,21,23,31,32,34,35,40,43,44,45,46,54,55,67,68"
217,09:17,2,2,수서,3,"0,9,10"
217,09:17,3,3,삼성,4,"13,29,47,59"
217,09:17,4,4,여의도,24,"1,11,12,15,17,18,28,30,36,38,42,48,49,51,53,57,58,60,61,62,63,64,65,66"
217,09:17,5,5,김포공항,1,52
217,09:17,7,7,판교,4,"4,26,39,56"
217,09:17,9,9,평택,3,"33,41,69"
218,09:18,1,1,서울역,22,"2,5,7,8,14,16,20,21,23,27,31,32,34,35,40,43,44,46,54,55,67,68"
218,09:18,2,2,수서,3,"0,9,10"
218,09:18,3,3,삼성,4,"13,29,47,59"
218,09:18,4,4,여의도,24,"1,11,12,15,17,18,28,30,36,38,42,48,49,51,53,57,58,60,61,62,63,64,65,66"
218,09:18,5,5,김포공항,1,52
218,09:18,6,6,일산,1,19
218,09:18,7,7,판교,4,"4,26,39,56"
218,09:18,9,9,평택,3,"33,41,69"
219,09:19,1,1,서울역,22,"2,5,7,8,14,16,20,21,23,27,31,32,34,35,40,43,44,46,54,55,67,68"
219,09:19,2,2,수서,2,"9,10"
219,09:19,3,3,삼성,3,"13,47,59"
219,09:19,4,4,여의도,24,"1,11,12,15,17,18,28,30,36,38,42,48,49,51,53,57,58,60,61,62,63,64,65,66"
219,09:19,5,5,김포공항,1,52
219,09:19,6,6,일산,1,19
219,09:19,7,7,판교,4,"4,26,39,56"
219,09:19,9,9,평택,3,"33,41,69"
220,09:20,1,1,서울역,23,"2,3,5,7,14,16,20,21,23,27,31,32,34,35,40,43,44,46,50,54,55,67,68"
220,09:20,2,2,수서,2,"9,10"
220,09:20,3,3,삼성,3,"13,47,59"
220,09:20,4,4,여의도,23,"1,12,15,17,18,28,30,36,38,42,48,49,51,53,57,58,60,61,62,63,64,65,66"
220,09:20,5,5,김포공항,1,52
220,09:20,6,6,일산,1,19
220,09:20,7,7,판교,4,"4,26,39,56"
220,09:20,9,9,평택,2,"33,69"
221,09:21,1,1,서울역,23,"2,3,5,7,14,16,20,21,23,27,31,32,34,35,40,43,44,46,50,54,55,67,68"
221,09:21,2,2,수서,2,"9,10"
221,09:21,3,3,삼성,3,"13,47,59"
221,09:21,4,4,여의도,23,"1,12,15,17,18,28,30,36,38,42,48,49,51,53,57,58,60,61,62,63,64,65,66"
221,09:21,5,5,김포공항,1,52
221,09:21,7,7,판교,4,"4,26,39,56"
221,09:21,9,9,평택,2,"33,69"
222,09:22,1,1,서울역,22,"2,3,5,14,16,20,21,23,27,31,32,34,35,40,43,44,46,50,54,55,67,68"
222,09:22,2,2,수서,2,"9,10"
222,09:22,3,3,삼성,3,"13,47,59"
222,09:22,4,4,여의도,22,"12,15,17,18,28,30,36,38,42,48,49,51,53,57,58,60,61,62,63,64,65,66"
222,09:22,5,5,김포공항,1,52
222,09:22,7,7,판교,4,"4,26,39,56"
222,09:22,9,9,평택,1,69
223,09:23,1,1,서울역,21,"2,3,5,14,16,21,23,27,31,32,34,35,40,43,44,46,50,54,55,67,68"
223,09:23,2,2,수서,2,"9,10"
223,09:23,3,3,삼성,3,"13,47,59"
223,09:23,4,4,여의도,22,"12,15,17,18,28,30,36,38,42,48,49,51,53,57,58,60,61,62,63,64,65,66"
223,09:23,5,5,김포공항,2,"6,52"
223,09:23,7,7,판교,4,"4,26,39,56"
223,09:23,9,9,평택,1,69
224,09:24,1,1,서울역,21,"2,3,5,14,16,21,23,27,31,32,34,35,40,43,44,46,50,54,55,67,68"
224,09:24,2,2,수서,2,"9,10"
224,09:24,3,3,삼성,3,"13,47,59"
224,09:24,4,4,여의도,22,"12,15,17,18,28,30,36,38,42,48,49,51,53,57,58,60,61,62,63,64,65,66"
224,09:24,5,5,김포공항,2,"6,52"
224,09:24,7,7,판교,5,"4,22,26,39,56"
224,09:24,9,9,평택,1,69
225,09:25,1,1,서울역,21,"2,3,5,14,16,21,23,27,31,32,34,35,40,43,44,46,50,54,55,67,68"
225,09:25,2,2,수서,1,10
225,09:25,3,3,삼성,2,"13,59"
225,09:25,4,4,여의도,22,"0,12,15,17,28,30,36,38,42,48,49,51,53,57,58,60,61,62,63,64,65,66"
225,09:25,5,5,김포공항,2,"6,52"
225,09:25,6,6,일산,1,45
225,09:25,7,7,판교,6,"4,22,24,26,39,56"
225,09:25,9,9,평택,1,69
226,09:26,1,1,서울역,20,"3,5,14,16,21,23,27,31,32,34,35,40,43,44,46,50,54,55,67,68"
226,09:26,10,10,인천공항,1,25
226,09:26,2,2,수서,2,"10,11"
226,09:26,3,3,삼성,2,"13,59"
226,09:26,4,4,여의도,22,"0,15,17,28,29,30,36,38,42,48,49,51,53,57,58,60,61,62,63,64,65,66"
226,09:26,5,5,김포공항,2,"6,52"
226,09:26,6,6,일산,1,45
226,09:26,7,7,판교,6,"4,22,24,26,39,56"
226,09:26,8,8,동탄/용인,1,41
226,09:26,9,9,평택,1,69
227,09:27,1,1,서울역,18,"3,5,16,21,23,31,32,34,35,40,43,44,46,50,54,55,67,68"
227,09:27,10,10,인천공항,1,25
227,09:27,2,2,수서,1,11
227,09:27,3,3,삼성,2,"13,59"
227,09:27,4,4,여의도,22,"0,15,17,28,29,30,36,38,42,48,49,51,53,57,58,60,61,62,63,64,65,66"
227,09:27,5,5,김포공항,2,"6,52"
227,09:27,6,6,일산,2,"8,45"
227,09:27,7,7,판교,6,"4,22,24,26,39,56"
227,09:27,8,8,동탄/용인,1,41
227,09:27,9,9,평택,1,69
228,09:28,1,1,서울역,18,"3,5,16,21,23,31,32,34,35,40,43,44,46,50,54,55,67,68"
228,09:28,10,10,인천공항,2,"25,37"
228,09:28,2,2,수서,2,"1,11"
228,09:28,3,3,삼성,1,59
228,09:28,4,4,여의도,22,"0,15,17,28,29,30,36,38,42,48,49,51,53,57,58,60,61,62,63,64,65,66"
228,09:28,5,5,김포공항,2,"6,52"
228,09:28,6,6,일산,2,"8,45"
228,09:28,7,7,판교,4,"22,24,26,56"
228,09:28,8,8,동탄/용인,1,41
228,09:28,9,9,평택,1,69
229,09:29,1,1,서울역,18,"3,5,16,21,23,31,32,34,35,40,43,44,46,50,54,55,67,68"
229,09:29,10,10,인천공항,2,"25,37"
229,09:29,2,2,수서,1,1
229,09:29,3,3,삼성,1,59
229,09:29,4,4,여의도,21,"0,15,28,29,30,36,38,42,48,49,51,53,57,58,60,61,62,63,64,65,66"
229,09:29,5,5,김포공항,2,"6,52"
229,09:29,6,6,일산,2,"8,45"
229,09:29,7,7,판교,3,"22,24,56"
229,09:29,9,9,평택,1,69
230,09:30,1,1,서울역,17,"3,5,16,23,31,32,34,35,40,43,44,46,50,54,55,67,68"
230,09:30,10,10,인천공항,2,"25,37"
230,09:30,2,2,수서,1,1
230,09:30,3,3,삼성,1,59
230,09:30,4,4,여의도,21,"0,15,28,29,30,36,38,42,48,49,51,53,57,58,60,61,62,63,64,65,66"
230,09:30,5,5,김포공항,2,"6,52"
230,09:30,6,6,일산,2,"20,45"
230,09:30,7,7,판교,3,"22,24,56"
230,09:30,9,9,평택,1,69
231,09:31,1,1,서울역,17,"3,5,16,23,31,32,34,35,40,43,44,46,50,54,55,67,68"
231,09:31,10,10,인천공항,2,"25,37"
231,09:31,3,3,삼성,2,"19,59"
231,09:31,4,4,여의도,22,"0,9,15,28,29,30,36,38,42,48,49,51,53,57,58,60,61,62,63,64,65,66"
231,09:31,5,5,김포공항,3,"6,18,52"
231,09:31,6,6,일산,1,20
231,09:31,7,7,판교,3,"22,24,56"
231,09:31,9,9,평택,1,69
232,09:32,1,1,서울역,17,"3,5,16,23,31,32,34,35,40,43,44,46,50,54,55,67,68"
232,09:32,10,10,인천공항,2,"25,37"
232,09:32,2,2,수서,1,12
232,09:32,3,3,삼성,3,"2,19,59"
232,09:32,4,4,여의도,23,"0,9,15,28,29,30,36,38,42,47,48,49,51,53,57,58,60,61,62,63,64,65,66"
232,09:32,5,5,김포공항,3,"6,18,52"
232,09:32,6,6,일산,1,20
232,09:32,7,7,판교,3,"22,24,56"
232,09:32,9,9,평택,1,69
233,09:33,1,1,서울역,17,"3,5,16,23,31,32,34,35,40,43,44,46,50,54,55,67,68"
233,09:33,10,10,인천공항,2,"25,37"
233,09:33,2,2,수서,1,12
233,09:33,3,3,삼성,3,"2,19,59"
233,09:33,4,4,여의도,24,"0,9,10,15,28,29,30,36,38,42,47,48,49,51,53,57,58,60,61,62,63,64,65,66"
233,09:33,5,5,김포공항,3,"6,18,52"
233,09:33,7,7,판교,3,"22,24,56"
233,09:33,9,9,평택,1,69
234,09:34,1,1,서울역,18,"3,5,13,16,23,31,32,34,35,40,43,44,46,50,54,55,67,68"
234,09:34,10,10,인천공항,2,"25,37"
234,09:34,2,2,수서,1,12
234,09:34,3,3,삼성,3,"2,19,59"
234,09:34,4,4,여의도,24,"0,9,10,15,28,29,30,36,38,42,47,48,49,51,53,57,58,60,61,62,63,64,65,66"
234,09:34,5,5,김포공항,2,"6,52"
234,09:34,6,6,일산,2,"14,27"
234,09:34,7,7,판교,3,"24,33,56"
234,09:34,9,9,평택,1,69
235,09:35,1,1,서울역,19,"3,4,5,13,16,23,31,32,34,35,40,43,44,46,50,54,55,67,68"
235,09:35,10,10,인천공항,2,"25,37"
235,09:35,2,2,수서,1,12
235,09:35,3,3,삼성,2,"2,19"
235,09:35,4,4,여의도,25,"0,9,10,11,15,28,29,30,36,38,42,47,48,49,51,53,57,58,60,61,62,63,64,65,66"
235,09:35,5,5,김포공항,1,6
235,09:35,6,6,일산,2,"14,27"
235,09:35,7,7,판교,3,"24,33,56"
235,09:35,8,8,동탄/용인,1,39
235,09:35,9,9,평택,1,69
236,09:36,1,1,서울역,19,"3,4,5,13,16,23,31,32,34,35,40,43,44,46,50,54,55,67,68"
236,09:36,10,10,인천공항,2,"25,37"
236,09:36,2,2,수서,1,12
236,09:36,3,3,삼성,2,"2,19"
236,09:36,4,4,여의도,25,"0,9,10,11,15,28,29,30,36,38,42,47,48,49,51,53,57,58,60,61,62,63,64,65,66"
236,09:36,5,5,김포공항,1,6
236,09:36,6,6,일산,2,"14,27"
236,09:36,7,7,판교,3,"24,33,56"
236,09:36,8,8,동탄/용인,2,"26,39"
236,09:36,9,9,평택,1,69
237,09:37,1,1,서울역,19,"3,4,5,13,16,23,31,32,34,35,40,43,44,46,50,54,55,67,68"
237,09:37,10,10,인천공항,2,"25,37"
237,09:37,2,2,수서,1,12
237,09:37,3,3,삼성,2,"2,19"
237,09:37,4,4,여의도,26,"0,1,9,10,11,15,28,29,30,36,38,42,47,48,49,51,53,57,58,60,61,62,63,64,65,66"
237,09:37,5,5,김포공항,1,6
237,09:37,6,6,일산,2,"21,27"
237,09:37,7,7,판교,3,"24,33,56"
237,09:37,8,8,동탄/용인,2,"26,39"
237,09:37,9,9,평택,1,69
238,09:38,1,1,서울역,20,"3,4,5,13,16,23,31,32,34,35,40,43,44,45,46,50,54,55,67,68"
238,09:38,10,10,인천공항,2,"25,37"
238,09:38,2,2,수서,1,12
238,09:38,3,3,삼성,1,19
238,09:38,4,4,여의도,26,"0,1,9,10,11,15,28,29,30,36,38,42,47,48,49,51,53,57,58,60,61,62,63,64,65,66"
238,09:38,5,5,김포공항,1,6
238,09:38,6,6,일산,2,"21,27"
238,09:38,7,7,판교,3,"24,33,56"
238,09:38,8,8,동탄/용인,1,26
238,09:38,9,9,평택,2,"7,69"
239,09:39,1,1,서울역,20,"3,4,5,13,16,23,31,32,34,35,40,43,44,45,46,50,54,55,67,68"
239,09:39,10,10,인천공항,2,"25,37"
239,09:39,2,2,수서,1,41
239,09:39,3,3,삼성,1,19
239,09:39,4,4,여의도,26,"0,1,9,10,11,15,28,29,30,36,38,42,47,48,49,51,53,57,58,60,61,62,63,64,65,66"
239,09:39,5,5,김포공항,1,6
239,09:39,6,6,일산,2,"21,27"
239,09:39,7,7,판교,3,"24,33,56"
239,09:39,9,9,평택,2,"7,69"
240,09:40,1,1,서울역,17,"3,5,16,23,32,34,35,40,43,44,45,46,50,54,55,67,68"
240,09:40,10,10,인천공항,2,"25,37"
240,09:40,2,2,수서,1,41
240,09:40,3,3,삼성,2,"8,19"
240,09:40,4,4,여의도,22,"0,9,10,11,15,28,29,36,38,48,49,51,53,57,58,60,61,62,63,64,65,66"
240,09:40,5,5,김포공항,1,6
240,09:40,7,7,판교,3,"24,33,56"
240,09:40,9,9,평택,1,7
241,09:41,1,1,서울역,16,"3,16,23,32,34,35,40,43,44,45,46,50,54,55,67,68"
241,09:41,10,10,인천공항,1,37
241,09:41,2,2,수서,1,41
241,09:41,3,3,삼성,2,"8,19"
241,09:41,4,4,여의도,23,"0,9,10,11,15,22,28,29,36,38,48,49,51,53,57,58,60,61,62,63,64,65,66"
241,09:41,5,5,김포공항,1,6
241,09:41,7,7,판교,3,"24,33,56"
241,09:41,9,9,평택,1,7
242,09:42,1,1,서울역,16,"3,16,23,32,34,35,40,43,44,45,46,50,54,55,67,68"
242,09:42,10,10,인천공항,1,37
242,09:42,2,2,수서,1,41
242,09:42,3,3,삼성,2,"8,19"
242,09:42,4,4,여의도,24,"0,9,10,11,15,22,28,29,36,38,48,49,51,53,57,58,59,60,61,62,63,64,65,66"
242,09:42,5,5,김포공항,1,6
242,09:42,7,7,판교,3,"24,33,56"
242,09:42,9,9,평택,1,7
243,09:43,1,1,서울역,15,"16,23,32,34,35,40,43,44,45,46,50,54,55,67,68"
243,09:43,10,10,인천공항,1,37
243,09:43,2,2,수서,2,"41,52"
243,09:43,3,3,삼성,2,"8,19"
243,09:43,4,4,여의도,24,"0,9,10,11,15,22,28,29,36,38,48,49,51,53,57,58,59,60,61,62,63,64,65,66"
243,09:43,5,5,김포공항,1,6
243,09:43,7,7,판교,2,"33,56"
243,09:43,9,9,평택,1,7
244,09:44,1,1,서울역,16,"2,14,16,23,34,35,40,43,44,45,46,50,54,55,67,68"
244,09:44,10,10,인천공항,1,37
244,09:44,2,2,수서,3,"20,41,52"
244,09:44,3,3,삼성,2,"8,19"
244,09:44,4,4,여의도,24,"0,9,10,11,15,22,28,29,36,38,48,49,51,53,57,58,59,60,61,62,63,64,65,66"
244,09:44,5,5,김포공항,1,6
244,09:44,7,7,판교,3,"18,33,56"
244,09:44,9,9,평택,2,"7,17"
245,09:45,1,1,서울역,16,"2,14,16,23,34,35,40,43,44,45,46,50,54,55,67,68"
245,09:45,10,10,인천공항,1,37
245,09:45,2,2,수서,3,"20,41,52"
245,09:45,3,3,삼성,2,"8,19"
245,09:45,4,4,여의도,24,"0,9,10,11,12,15,28,29,36,38,48,49,51,53,57,58,59,60,61,62,63,64,65,66"
245,09:45,5,5,김포공항,1,6
245,09:45,7,7,판교,3,"18,33,56"
245,09:45,9,9,평택,2,"7,17"
246,09:46,1,1,서울역,16,"2,14,16,23,34,35,40,43,44,45,46,50,54,55,67,68"
246,09:46,10,10,인천공항,1,37
246,09:46,2,2,수서,4,"1,20,41,52"
246,09:46,3,3,삼성,4,"4,8,13,19"
246,09:46,4,4,여의도,24,"0,9,10,11,12,15,28,29,36,38,48,49,51,53,57,58,59,60,61,62,63,64,65,66"
246,09:46,5,5,김포공항,2,"6,30"
246,09:46,7,7,판교,3,"18,33,56"
246,09:46,8,8,동탄/용인,1,69
246,09:46,9,9,평택,2,"7,17"
247,09:47,1,1,서울역,15,"2,16,23,34,35,40,43,44,45,46,50,54,55,67,68"
247,09:47,10,10,인천공항,1,37
247,09:47,2,2,수서,4,"1,20,41,52"
247,09:47,3,3,삼성,5,"4,5,8,13,19"
247,09:47,4,4,여의도,24,"0,9,10,11,12,15,28,29,36,38,48,49,51,53,57,58,59,60,61,62,63,64,65,66"
247,09:47,5,5,김포공항,2,"6,30"
247,09:47,6,6,일산,1,31
247,09:47,7,7,판교,3,"18,33,56"
247,09:47,8,8,동탄/용인,1,69
247,09:47,9,9,평택,1,17
248,09:48,1,1,서울역,15,"2,16,23,34,35,40,43,44,45,46,50,54,55,67,68"
248,09:48,10,10,인천공항,1,37
248,09:48,2,2,수서,4,"1,20,41,52"
248,09:48,3,3,삼성,4,"4,5,8,13"
248,09:48,4,4,여의도,22,"0,9,10,11,12,28,29,36,38,48,49,51,53,57,58,60,61,62,63,64,65,66"
248,09:48,5,5,김포공항,2,"6,30"
248,09:48,6,6,일산,1,31
248,09:48,7,7,판교,3,"18,33,56"
248,09:48,8,8,동탄/용인,1,69
248,09:48,9,9,평택,1,17
249,09:49,1,1,서울역,14,"2,23,34,35,40,43,44,45,46,50,54,55,67,68"
249,09:49,10,10,인천공항,1,37
249,09:49,2,2,수서,3,"20,41,52"
249,09:49,3,3,삼성,2,"5,8"
249,09:49,4,4,여의도,22,"0,9,10,11,12,28,29,36,38,48,49,51,53,57,58,60,61,62,63,64,65,66"
249,09:49,5,5,김포공항,1,6
249,09:49,6,6,일산,1,31
249,09:49,7,7,판교,3,"18,33,56"
249,09:49,9,9,평택,1,17
250,09:50,1,1,서울역,15,"2,23,34,35,39,40,43,44,45,46,50,54,55,67,68"
250,09:50,10,10,인천공항,1,37
250,09:50,2,2,수서,2,"20,52"
250,09:50,3,3,삼성,2,"8,21"
250,09:50,4,4,여의도,24,"0,9,10,11,12,24,26,28,29,36,38,48,49,51,53,57,58,60,61,62,63,64,65,66"
250,09:50,6,6,일산,1,3
250,09:50,7,7,판교,3,"18,33,56"
250,09:50,9,9,평택,1,17
251,09:51,1,1,서울역,15,"2,23,34,35,39,40,43,44,45,46,50,54,55,67,68"
251,09:51,10,10,인천공항,1,37
251,09:51,2,2,수서,2,"20,52"
251,09:51,3,3,삼성,2,"8,21"
251,09:51,4,4,여의도,23,"9,10,11,12,24,26,28,29,36,38,48,49,51,53,57,58,60,61,62,63,64,65,66"
251,09:51,5,5,김포공항,1,22
251,09:51,6,6,일산,2,"3,32"
251,09:51,7,7,판교,3,"18,33,56"
251,09:51,8,8,동탄/용인,2,"42,47"
251,09:51,9,9,평택,1,17
252,09:52,1,1,서울역,15,"2,23,34,35,39,40,43,44,45,46,50,54,55,67,68"
252,09:52,10,10,인천공항,1,37
252,09:52,2,2,수서,2,"20,52"
252,09:52,3,3,삼성,2,"8,21"
252,09:52,4,4,여의도,23,"9,10,11,12,24,26,28,29,36,38,48,49,51,53,57,58,60,61,62,63,64,65,66"
252,09:52,5,5,김포공항,1,22
252,09:52,6,6,일산,2,"3,32"
252,09:52,7,7,판교,3,"18,33,56"
252,09:52,8,8,동탄/용인,2,"42,47"
252,09:52,9,9,평택,1,17
253,09:53,1,1,서울역,14,"23,34,35,39,40,43,44,45,46,50,54,55,67,68"
253,09:53,10,10,인천공항,1,37
253,09:53,2,2,수서,2,"20,52"
253,09:53,3,3,삼성,3,"8,14,21"
253,09:53,4,4,여의도,23,"9,10,11,12,24,26,28,29,36,38,48,49,51,53,57,58,60,61,62,63,64,65,66"
253,09:53,5,5,김포공항,1,22
253,09:53,6,6,일산,1,32
253,09:53,7,7,판교,3,"18,33,56"
253,09:53,8,8,동탄/용인,2,"42,47"
253,09:53,9,9,평택,1,17
254,09:54,1,1,서울역,14,"23,34,35,39,40,43,44,45,46,50,54,55,67,68"
254,09:54,10,10,인천공항,1,37
254,09:54,2,2,수서,3,"20,52,59"
254,09:54,3,3,삼성,3,"8,14,21"
254,09:54,4,4,여의도,23,"9,10,11,12,24,26,28,29,36,38,48,49,51,53,57,58,60,61,62,63,64,65,66"
254,09:54,5,5,김포공항,2,"15,22"
254,09:54,7,7,판교,3,"18,33,56"
254,09:54,9,9,평택,1,17
255,09:55,1,1,서울역,15,"4,23,34,35,39,40,43,44,45,46,50,54,55,67,68"
255,09:55,10,10,인천공항,1,37
255,09:55,2,2,수서,3,"20,52,59"
255,09:55,3,3,삼성,3,"8,14,21"
255,09:55,4,4,여의도,25,"1,9,10,11,12,19,24,26,28,29,36,38,48,49,51,53,57,58,60,61,62,63,64,65,66"
255,09:55,5,5,김포공항,2,"15,22"
255,09:55,7,7,판교,3,"18,33,56"
255,09:55,9,9,평택,1,17
256,09:56,1,1,서울역,16,"4,5,23,34,35,39,40,43,44,45,46,50,54,55,67,68"
256,09:56,10,10,인천공항,1,37
256,09:56,2,2,수서,3,"20,52,59"
256,09:56,3,3,삼성,2,"8,21"
256,09:56,4,4,여의도,28,"1,6,9,10,11,12,13,19,24,26,28,29,36,38,41,48,49,51,53,57,58,60,61,62,63,64,65,66"
256,09:56,5,5,김포공항,2,"15,22"
256,09:56,6,6,일산,1,16
256,09:56,7,7,판교,3,"18,33,56"
256,09:56,9,9,평택,1,17
257,09:57,1,1,서울역,16,"4,5,23,34,35,39,40,43,44,45,46,50,54,55,67,68"
257,09:57,10,10,인천공항,1,37
257,09:57,2,2,수서,3,"0,20,52"
257,09:57,3,3,삼성,2,"8,21"
257,09:57,4,4,여의도,28,"1,6,9,10,11,12,13,19,24,26,28,29,36,38,41,48,49,51,53,57,58,60,61,62,63,64,65,66"
257,09:57,6,6,일산,1,16
257,09:57,7,7,판교,3,"18,33,56"
257,09:57,9,9,평택,1,17
258,09:58,1,1,서울역,16,"4,5,23,34,35,39,40,43,44,45,46,50,54,55,67,68"
258,09:58,10,10,인천공항,1,37
258,09:58,2,2,수서,2,"0,20"
258,09:58,3,3,삼성,2,"8,21"
258,09:58,4,4,여의도,28,"1,6,9,10,11,12,13,19,24,26,28,29,36,38,41,48,49,51,53,57,58,60,61,62,63,64,65,66"
258,09:58,6,6,일산,1,16
258,09:58,7,7,판교,3,"18,33,56"
258,09:58,9,9,평택,1,17
259,09:59,1,1,서울역,16,"4,5,23,34,35,39,40,43,44,45,46,50,54,55,67,68"
259,09:59,10,10,인천공항,1,37
259,09:59,2,2,수서,3,"0,20,69"
259,09:59,3,3,삼성,3,"2,8,21"
259,09:59,4,4,여의도,28,"1,6,9,10,11,12,13,19,24,26,28,29,36,38,41,48,49,51,53,57,58,60,61,62,63,64,65,66"
259,09:59,7,7,판교,5,"7,18,30,33,56"
259,09:59,9,9,평택,1,17
260,10:00,1,1,서울역,12,"3,5,23,34,35,39,40,43,44,50,67,68"
260,10:00,10,10,인천공항,1,37
260,10:00,2,2,수서,2,"0,69"
260,10:00,3,3,삼성,3,"2,8,21"
260,10:00,4,4,여의도,26,"1,6,9,10,11,12,13,19,24,26,28,29,36,38,41,48,49,51,53,57,58,60,61,62,63,64"
260,10:00,7,7,판교,5,"7,18,30,33,56"
260,10:00,9,9,평택,2,"25,27"
261,10:01,1,1,서울역,11,"3,5,23,34,35,39,40,43,44,67,68"
261,10:01,10,10,인천공항,1,37
261,10:01,2,2,수서,2,"0,69"
261,10:01,3,3,삼성,3,"2,8,21"
261,10:01,4,4,여의도,25,"1,6,9,10,11,12,13,19,24,26,28,36,38,41,48,49,51,53,57,58,60,61,62,63,64"
261,10:01,7,7,판교,5,"7,18,30,33,56"
261,10:01,9,9,평택,2,"25,27"
262,10:02,1,1,서울역,10,"3,5,23,34,35,39,40,43,44,68"
262,10:02,10,10,인천공항,1,37
262,10:02,2,2,수서,2,"0,69"
262,10:02,3,3,삼성,3,"2,8,21"
262,10:02,4,4,여의도,23,"6,9,10,11,12,13,19,24,26,28,36,38,41,48,49,51,53,57,58,60,61,62,63"
262,10:02,7,7,판교,6,"7,18,30,31,33,56"
262,10:02,9,9,평택,2,"25,27"
263,10:03,1,1,서울역,10,"3,5,23,34,35,39,40,43,44,68"
263,10:03,10,10,인천공항,1,37
263,10:03,2,2,수서,2,"0,69"
263,10:03,3,3,삼성,3,"2,8,21"
263,10:03,4,4,여의도,23,"9,10,11,12,13,14,19,24,26,28,36,38,41,48,49,51,53,57,58,60,61,62,63"
263,10:03,7,7,판교,5,"7,30,31,33,56"
263,10:03,9,9,평택,2,"25,27"
264,10:04,1,1,서울역,9,"3,23,35,39,40,43,44,59,68"
264,10:04,10,10,인천공항,1,37
264,10:04,2,2,수서,3,"0,42,69"
264,10:04,3,3,삼성,3,"2,8,21"
264,10:04,4,4,여의도,23,"9,10,11,12,13,14,19,24,26,28,38,41,48,49,51,52,53,57,58,60,61,62,63"
264,10:04,7,7,판교,5,"7,30,31,33,56"
264,10:04,9,9,평택,2,"25,27"
265,10:05,1,1,서울역,9,"3,23,35,39,40,43,44,59,68"
265,10:05,10,10,인천공항,1,37
265,10:05,2,2,수서,3,"0,42,69"
265,10:05,3,3,삼성,4,"8,15,21,22"
265,10:05,4,4,여의도,21,"10,11,12,13,14,19,24,26,28,41,48,49,51,52,53,57,58,60,61,62,63"
265,10:05,7,7,판교,4,"30,31,33,56"
265,10:05,9,9,평택,2,"25,27"
266,10:06,1,1,서울역,11,"3,16,23,35,39,40,43,44,47,59,68"
266,10:06,10,10,인천공항,1,37
266,10:06,2,2,수서,3,"0,42,69"
266,10:06,3,3,삼성,6,"4,15,21,22,54,55"
266,10:06,4,4,여의도,21,"11,12,13,14,19,20,24,26,28,41,48,49,51,52,53,57,58,60,61,62,63"
266,10:06,7,7,판교,5,"30,31,32,33,56"
266,10:06,9,9,평택,2,"25,27"
267,10:07,1,1,서울역,11,"3,16,23,35,39,40,43,44,47,59,68"
267,10:07,10,10,인천공항,1,37
267,10:07,2,2,수서,3,"0,42,69"
267,10:07,3,3,삼성,7,"4,15,21,22,50,54,55"
267,10:07,4,4,여의도,21,"11,12,13,14,19,20,24,26,28,41,48,49,51,52,53,57,58,60,61,62,63"
267,10:07,5,5,김포공항,1,29
267,10:07,6,6,일산,2,"45,46"
267,10:07,7,7,판교,5,"30,31,32,33,56"
267,10:07,9,9,평택,2,"25,27"
268,10:08,1,1,서울역,11,"3,16,23,35,39,40,43,44,47,59,68"
268,10:08,10,10,인천공항,1,37
268,10:08,2,2,수서,3,"0,42,69"
268,10:08,3,3,삼성,8,"4,15,21,22,50,54,55,67"
268,10:08,4,4,여의도,21,"11,12,13,14,19,20,24,26,28,41,48,49,51,52,53,57,58,60,61,62,63"
268,10:08,5,5,김포공항,2,"1,29"
268,10:08,6,6,일산,2,"45,46"
268,10:08,7,7,판교,5,"30,31,32,33,56"
268,10:08,9,9,평택,2,"25,27"
269,10:09,1,1,서울역,9,"3,23,35,39,40,44,47,59,68"
269,10:09,10,10,인천공항,1,37
269,10:09,2,2,수서,3,"0,42,69"
269,10:09,3,3,삼성,5,"15,21,22,50,67"
269,10:09,4,4,여의도,20,"11,13,14,19,20,24,26,28,41,48,49,51,52,53,57,58,60,61,62,63"
269,10:09,5,5,김포공항,2,"1,29"
269,10:09,6,6,일산,3,"45,46,64"
269,10:09,7,7,판교,4,"30,32,33,56"
269,10:09,9,9,평택,2,"25,27"
270,10:10,1,1,서울역,10,"3,18,23,35,39,40,44,47,59,68"
270,10:10,10,10,인천공항,1,37
270,10:10,2,2,수서,2,"0,42"
270,10:10,3,3,삼성,7,"5,6,15,21,22,50,67"
270,10:10,4,4,여의도,20,"11,13,14,19,20,24,26,28,41,48,49,51,52,53,57,58,60,61,62,63"
270,10:10,5,5,김포공항,2,"1,36"
270,10:10,6,6,일산,2,"46,64"
270,10:10,7,7,판교,4,"30,32,33,56"
270,10:10,9,9,평택,2,"25,27"
271,10:11,1,1,서울역,9,"3,18,23,35,39,44,47,59,68"
271,10:11,10,10,인천공항,1,37
271,10:11,2,2,수서,4,"0,9,38,42"
271,10:11,3,3,삼성,6,"5,6,15,22,50,67"
271,10:11,4,4,여의도,19,"11,13,14,19,20,24,26,28,48,49,51,52,53,57,58,60,61,62,63"
271,10:11,5,5,김포공항,2,"1,36"
271,10:11,6,6,일산,2,"46,64"
271,10:11,7,7,판교,4,"30,32,33,56"
271,10:11,9,9,평택,2,"25,27"
272,10:12,1,1,서울역,8,"3,8,18,39,44,47,59,68"
272,10:12,10,10,인천공항,3,"37,65,66"
272,10:12,2,2,수서,5,"0,9,10,38,42"
272,10:12,3,3,삼성,6,"5,6,15,22,50,67"
272,10:12,4,4,여의도,20,"2,7,13,14,19,20,24,26,28,48,49,51,52,53,57,58,60,61,62,63"
272,10:12,5,5,김포공항,2,"1,36"
272,10:12,6,6,일산,1,46
272,10:12,7,7,판교,4,"30,32,33,56"
272,10:12,9,9,평택,2,"25,27"
273,10:13,1,1,서울역,8,"3,8,18,39,44,47,59,68"
273,10:13,10,10,인천공항,3,"37,65,66"
273,10:13,2,2,수서,5,"0,9,10,38,42"
273,10:13,3,3,삼성,6,"5,6,15,22,50,67"
273,10:13,4,4,여의도,20,"2,7,13,14,19,20,24,26,28,48,49,51,52,53,57,58,60,61,62,63"
273,10:13,5,5,김포공항,1,1
273,10:13,7,7,판교,3,"32,33,56"
273,10:13,9,9,평택,2,"25,27"
274,10:14,1,1,서울역,7,"3,8,18,39,44,47,68"
274,10:14,10,10,인천공항,3,"37,65,66"
274,10:14,2,2,수서,4,"0,9,10,42"
274,10:14,3,3,삼성,5,"5,6,15,22,50"
274,10:14,4,4,여의도,20,"2,7,13,14,19,20,24,26,28,48,49,51,52,53,57,58,60,61,62,63"
274,10:14,7,7,판교,2,"33,56"
274,10:14,9,9,평택,1,27
275,10:15,1,1,서울역,7,"3,8,18,39,44,47,68"
275,10:15,10,10,인천공항,3,"37,65,66"
275,10:15,2,2,수서,4,"0,9,10,42"
275,10:15,3,3,삼성,5,"5,6,15,16,22"
275,10:15,4,4,여의도,19,"2,7,13,14,19,20,24,26,28,48,49,51,52,57,58,60,61,62,63"
275,10:15,7,7,판교,2,"33,56"
275,10:15,9,9,평택,1,27
276,10:16,1,1,서울역,8,"3,8,17,18,39,44,47,68"
276,10:16,10,10,인천공항,3,"37,65,66"
276,10:16,2,2,수서,4,"0,9,10,42"
276,10:16,3,3,삼성,5,"6,12,15,16,22"
276,10:16,4,4,여의도,22,"2,4,7,13,14,19,20,24,26,28,31,48,49,51,52,57,58,60,61,62,63,69"
276,10:16,6,6,일산,1,43
276,10:16,7,7,판교,2,"33,56"
276,10:16,9,9,평택,1,27
277,10:17,1,1,서울역,9,"3,8,17,18,21,39,44,47,68"
277,10:17,10,10,인천공항,4,"34,37,65,66"
277,10:17,2,2,수서,4,"0,10,41,42"
277,10:17,3,3,삼성,6,"6,12,15,16,22,40"
277,10:17,4,4,여의도,22,"2,4,7,13,14,19,20,24,26,28,31,48,49,51,52,57,58,60,61,62,63,69"
277,10:17,6,6,일산,1,43
277,10:17,7,7,판교,2,"33,56"
277,10:17,9,9,평택,1,27
278,10:18,1,1,서울역,9,"3,8,17,18,21,39,44,47,68"
278,10:18,10,10,인천공항,2,"34,37"
278,10:18,2,2,수서,4,"0,11,41,42"
278,10:18,3,3,삼성,8,"6,12,15,16,22,23,29,40"
278,10:18,4,4,여의도,22,"2,4,7,13,14,19,20,26,28,31,48,49,51,52,57,58,59,60,61,62,63,69"
278,10:18,6,6,일산,1,43
278,10:18,7,7,판교,2,"33,56"
278,10:18,9,9,평택,1,27
279,10:19,1,1,서울역,9,"3,8,17,18,21,39,44,47,68"
279,10:19,10,10,인천공항,1,34
279,10:19,2,2,수서,4,"0,11,41,42"
279,10:19,3,3,삼성,8,"6,12,15,16,22,23,29,40"
279,10:19,4,4,여의도,21,"2,4,7,13,14,19,26,28,31,48,49,51,52,57,58,59,60,61,62,63,69"
279,10:19,6,6,일산,2,"35,43"
279,10:19,7,7,판교,1,56
279,10:19,9,9,평택,1,27
280,10:20,1,1,서울역,8,"3,17,21,30,39,44,47,68"
280,10:20,10,10,인천공항,1,34
280,10:20,2,2,수서,4,"0,11,41,42"
280,10:20,3,3,삼성,8,"6,12,15,16,22,23,29,40"
280,10:20,4,4,여의도,17,"2,4,7,13,14,19,26,28,31,48,49,51,57,59,62,63,69"
280,10:20,6,6,일산,2,"35,43"
280,10:20,7,7,판교,1,56
280,10:20,9,9,평택,1,27
281,10:21,1,1,서울역,8,"3,17,21,30,39,44,47,68"
281,10:21,10,10,인천공항,1,34
281,10:21,2,2,수서,4,"0,11,41,42"
281,10:21,3,3,삼성,6,"6,12,15,23,29,40"
281,10:21,4,4,여의도,16,"2,4,7,13,14,19,26,28,31,32,48,49,51,57,63,69"
281,10:21,6,6,일산,2,"35,43"
281,10:21,7,7,판교,1,56
281,10:21,9,9,평택,1,27
282,10:22,1,1,서울역,7,"3,17,30,39,44,47,68"
282,10:22,10,10,인천공항,1,34
282,10:22,2,2,수서,3,"11,41,42"
282,10:22,3,3,삼성,6,"6,12,15,23,29,40"
282,10:22,4,4,여의도,16,"2,4,7,13,14,19,26,28,31,32,48,49,51,57,63,69"
282,10:22,5,5,김포공항,1,38
282,10:22,6,6,일산,1,35
282,10:22,7,7,판교,2,"45,56"
283,10:23,1,1,서울역,6,"3,30,39,44,47,68"
283,10:23,2,2,수서,2,"11,42"
283,10:23,3,3,삼성,4,"6,12,23,29"
283,10:23,4,4,여의도,17,"2,4,7,9,13,14,19,26,28,31,32,48,49,51,57,63,69"
283,10:23,5,5,김포공항,1,38
283,10:23,6,6,일산,1,35
283,10:23,7,7,판교,3,"36,45,56"
284,10:24,1,1,서울역,6,"3,30,39,44,47,68"
284,10:24,2,2,수서,2,"11,42"
284,10:24,3,3,삼성,1,6
284,10:24,4,4,여의도,16,"2,7,9,13,14,19,26,28,31,32,48,49,51,57,63,69"
284,10:24,5,5,김포공항,2,"5,38"
284,10:24,6,6,일산,1,35
284,10:24,7,7,판교,3,"36,45,56"
284,10:24,9,9,평택,2,"54,55"
285,10:25,1,1,서울역,7,"3,10,30,39,44,47,68"
285,10:25,2,2,수서,1,11
285,10:25,3,3,삼성,1,6
285,10:25,4,4,여의도,14,"2,9,14,19,26,28,31,32,48,49,51,57,63,69"
285,10:25,5,5,김포공항,2,"5,38"
285,10:25,6,6,일산,1,35
285,10:25,7,7,판교,5,"24,36,45,46,56"
285,10:25,9,9,평택,2,"54,55"
286,10:26,1,1,서울역,6,"10,30,39,44,47,68"
286,10:26,2,2,수서,1,11
286,10:26,3,3,삼성,3,"6,18,20"
286,10:26,4,4,여의도,15,"2,9,14,19,26,28,31,32,33,48,49,51,57,63,69"
286,10:26,5,5,김포공항,6,"5,38,52,58,60,61"
286,10:26,7,7,판교,5,"24,36,45,46,56"
286,10:26,9,9,평택,2,"54,55"
287,10:27,1,1,서울역,7,"10,22,30,39,44,47,68"
287,10:27,2,2,수서,1,62
287,10:27,3,3,삼성,3,"6,18,20"
287,10:27,4,4,여의도,14,"2,9,19,26,28,31,32,33,48,49,51,57,63,69"
287,10:27,5,5,김포공항,6,"5,38,52,58,60,61"
287,10:27,6,6,일산,1,8
287,10:27,7,7,판교,4,"24,36,45,46"
287,10:27,9,9,평택,2,"54,55"
288,10:28,1,1,서울역,5,"22,30,44,47,68"
288,10:28,2,2,수서,1,62
288,10:28,3,3,삼성,4,"6,18,20,21"
288,10:28,4,4,여의도,14,"2,9,19,26,28,31,32,33,48,49,51,57,63,69"
288,10:28,5,5,김포공항,5,"5,52,58,60,61"
288,10:28,6,6,일산,1,8
288,10:28,7,7,판교,3,"24,36,46"
288,10:28,9,9,평택,2,"54,55"
289,10:29,1,1,서울역,5,"15,22,30,47,68"
289,10:29,2,2,수서,1,62
289,10:29,3,3,삼성,4,"6,18,20,21"
289,10:29,4,4,여의도,15,"2,9,19,25,26,28,31,32,33,48,49,51,57,63,69"
289,10:29,5,5,김포공항,4,"5,16,52,60"
289,10:29,6,6,일산,1,8
289,10:29,7,7,판교,2,"24,46"
289,10:29,8,8,동탄/용인,1,64
289,10:29,9,9,평택,3,"54,55,67"
290,10:30,1,1,서울역,5,"15,22,30,47,68"
290,10:30,10,10,인천공항,1,50
290,10:30,2,2,수서,2,"4,62"
290,10:30,3,3,삼성,4,"6,18,20,21"
290,10:30,4,4,여의도,14,"2,9,19,25,28,31,32,33,48,49,51,57,63,69"
290,10:30,5,5,김포공항,4,"0,5,16,52"
290,10:30,6,6,일산,1,17
290,10:30,7,7,판교,2,"24,46"
290,10:30,8,8,동탄/용인,1,64
290,10:30,9,9,평택,4,"53,54,55,67"
291,10:31,1,1,서울역,5,"15,22,30,47,68"
291,10:31,10,10,인천공항,1,50
291,10:31,2,2,수서,4,"4,7,13,62"
291,10:31,3,3,삼성,3,"6,18,20"
291,10:31,4,4,여의도,16,"2,9,19,25,28,29,31,32,33,37,48,49,51,57,63,69"
291,10:31,5,5,김포공항,5,"0,5,16,41,52"
291,10:31,6,6,일산,1,17
291,10:31,7,7,판교,2,"24,46"
291,10:31,8,8,동탄/용인,1,64
291,10:31,9,9,평택,5,"1,53,54,55,67"
292,10:32,1,1,서울역,6,"15,22,30,42,47,68"
292,10:32,10,10,인천공항,1,50
292,10:32,2,2,수서,4,"4,7,13,62"
292,10:32,3,3,삼성,3,"6,20,43"
292,10:32,4,4,여의도,14,"2,19,25,28,29,31,32,33,37,48,49,51,57,63"
292,10:32,5,5,김포공항,5,"0,5,16,23,41"
292,10:32,6,6,일산,1,17
292,10:32,7,7,판교,2,"24,46"
292,10:32,8,8,동탄/용인,1,64
292,10:32,9,9,평택,5,"1,53,54,55,67"
293,10:33,1,1,서울역,7,"15,22,30,35,42,47,68"
293,10:33,10,10,인천공항,1,50
293,10:33,2,2,수서,4,"4,7,13,62"
293,10:33,3,3,삼성,5,"6,20,43,65,66"
293,10:33,4,4,여의도,14,"2,19,25,28,29,31,32,33,37,48,49,51,57,63"
293,10:33,5,5,김포공항,4,"0,16,23,41"
293,10:33,6,6,일산,1,40
293,10:33,7,7,판교,3,"3,24,46"
293,10:33,8,8,동탄/용인,1,64
293,10:33,9,9,평택,5,"1,53,54,55,67"
294,10:34,1,1,서울역,7,"15,22,30,35,42,47,68"
294,10:34,10,10,인천공항,1,50
294,10:34,2,2,수서,4,"4,7,13,62"
294,10:34,3,3,삼성,6,"6,10,39,43,65,66"
294,10:34,4,4,여의도,15,"2,19,25,28,29,31,32,33,37,48,49,51,56,57,63"
294,10:34,5,5,김포공항,4,"0,16,23,41"
294,10:34,6,6,일산,1,40
294,10:34,7,7,판교,4,"3,14,24,46"
294,10:34,8,8,동탄/용인,1,64
294,10:34,9,9,평택,4,"1,53,55,67"
295,10:35,1,1,서울역,7,"15,22,30,35,42,47,68"
295,10:35,10,10,인천공항,1,50
295,10:35,2,2,수서,4,"4,7,13,62"
295,10:35,3,3,삼성,6,"6,10,39,43,65,66"
295,10:35,4,4,여의도,15,"2,19,28,29,31,32,33,37,45,48,49,51,56,57,63"
295,10:35,5,5,김포공항,5,"0,11,16,23,41"
295,10:35,6,6,일산,1,40
295,10:35,7,7,판교,4,"3,14,24,46"
295,10:35,8,8,동탄/용인,1,64
295,10:35,9,9,평택,4,"1,53,55,67"
296,10:36,1,1,서울역,8,"15,22,30,35,38,42,47,68"
296,10:36,10,10,인천공항,1,50
296,10:36,2,2,수서,2,"7,13"
296,10:36,3,3,삼성,6,"6,10,39,43,65,66"
296,10:36,4,4,여의도,16,"2,19,28,29,31,32,33,36,37,45,48,49,51,56,57,63"
296,10:36,5,5,김포공항,4,"11,16,23,41"
296,10:36,6,6,일산,2,"40,44"
296,10:36,7,7,판교,4,"3,14,24,46"
296,10:36,8,8,동탄/용인,1,64
296,10:36,9,9,평택,5,"1,53,55,59,67"
297,10:37,1,1,서울역,9,"8,15,22,30,35,38,42,47,68"
297,10:37,10,10,인천공항,1,50
297,10:37,2,2,수서,2,"7,61"
297,10:37,3,3,삼성,6,"6,39,43,58,65,66"
297,10:37,4,4,여의도,15,"2,27,28,29,31,32,36,37,45,48,49,51,56,57,63"
297,10:37,5,5,김포공항,4,"11,16,23,41"
297,10:37,6,6,일산,2,"40,44"
297,10:37,7,7,판교,5,"3,14,24,26,46"
297,10:37,8,8,동탄/용인,1,64
297,10:37,9,9,평택,5,"1,53,55,59,67"
298,10:38,1,1,서울역,9,"8,15,22,30,35,38,42,47,68"
298,10:38,10,10,인천공항,1,50
298,10:38,2,2,수서,3,"7,9,61"
298,10:38,3,3,삼성,8,"6,34,39,43,58,60,65,66"
298,10:38,4,4,여의도,15,"2,27,28,29,31,32,36,37,45,48,49,51,56,57,63"
298,10:38,5,5,김포공항,4,"11,16,23,41"
298,10:38,6,6,일산,2,"40,44"
298,10:38,7,7,판교,5,"3,14,24,26,46"
298,10:38,8,8,동탄/용인,1,64
298,10:38,9,9,평택,5,"1,53,55,59,67"
299,10:39,1,1,서울역,8,"8,15,30,35,38,42,47,68"
299,10:39,10,10,인천공항,1,50
299,10:39,2,2,수서,3,"7,9,61"
299,10:39,3,3,삼성,8,"6,34,39,43,58,60,65,66"
299,10:39,4,4,여의도,16,"2,18,27,28,29,31,32,36,37,45,48,49,51,56,57,63"
299,10:39,5,5,김포공항,4,"11,16,21,23"
299,10:39,6,6,일산,2,"40,44"
299,10:39,7,7,판교,4,"14,24,26,46"
299,10:39,8,8,동탄/용인,1,64
299,10:39,9,9,평택,5,"1,12,55,59,67"
300,10:40,1,1,서울역,8,"15,17,20,30,35,42,52,68"
300,10:40,10,10,인천공항,1,50
300,10:40,2,2,수서,3,"7,9,61"
300,10:40,3,3,삼성,8,"6,34,39,43,58,60,65,66"
300,10:40,4,4,여의도,16,"2,18,27,28,29,31,32,36,37,45,48,49,51,56,57,63"
300,10:40,5,5,김포공항,4,"11,16,21,23"
300,10:40,6,6,일산,2,"40,44"
300,10:40,7,7,판교,4,"14,24,26,46"
300,10:40,8,8,동탄/용인,1,64
300,10:40,9,9,평택,4,"12,55,59,67"
301,10:41,1,1,서울역,8,"5,15,17,20,30,35,52,68"
301,10:41,10,10,인천공항,1,50
301,10:41,2,2,수서,3,"7,9,61"
301,10:41,3,3,삼성,7,"6,34,39,58,60,65,66"
301,10:41,4,4,여의도,14,"2,18,27,28,29,31,32,36,45,48,51,56,57,63"
301,10:41,5,5,김포공항,3,"11,21,23"
301,10:41,6,6,일산,2,"40,44"
301,10:41,7,7,판교,4,"14,24,26,46"
301,10:41,8,8,동탄/용인,1,64
301,10:41,9,9,평택,4,"12,55,59,67"
302,10:42,1,1,서울역,7,"5,15,17,20,35,52,68"
302,10:42,10,10,인천공항,1,50
302,10:42,2,2,수서,3,"7,9,61"
302,10:42,3,3,삼성,5,"6,34,58,60,66"
302,10:42,4,4,여의도,13,"2,18,27,28,31,32,36,45,48,51,56,57,63"
302,10:42,5,5,김포공항,3,"11,21,23"
302,10:42,6,6,일산,1,40
302,10:42,7,7,판교,5,"14,24,25,26,46"
302,10:42,8,8,동탄/용인,1,64
302,10:42,9,9,평택,4,"12,55,59,67"
303,10:43,1,1,서울역,7,"4,5,17,20,35,52,68"
303,10:43,10,10,인천공항,1,50
303,10:43,2,2,수서,4,"7,9,19,61"
303,10:43,3,3,삼성,3,"6,34,60"
303,10:43,4,4,여의도,12,"2,18,27,31,32,36,45,48,51,56,57,63"
303,10:43,5,5,김포공항,3,"11,21,23"
303,10:43,6,6,일산,1,40
303,10:43,7,7,판교,3,"14,25,46"
303,10:43,8,8,동탄/용인,1,64
303,10:43,9,9,평택,4,"12,55,59,67"
304,10:44,1,1,서울역,6,"4,13,17,35,52,68"
304,10:44,10,10,인천공항,1,50
304,10:44,2,2,수서,3,"7,19,61"
304,10:44,3,3,삼성,3,"0,6,33"
304,10:44,4,4,여의도,11,"18,27,31,32,36,45,48,51,56,57,63"
304,10:44,5,5,김포공항,4,"11,21,23,62"
304,10:44,6,6,일산,1,40
304,10:44,7,7,판교,3,"14,25,46"
304,10:44,8,8,동탄/용인,1,64
304,10:44,9,9,평택,3,"12,59,67"
305,10:45,1,1,서울역,6,"4,13,17,35,52,68"
305,10:45,10,10,인천공항,1,50
305,10:45,2,2,수서,3,"7,19,61"
305,10:45,3,3,삼성,3,"0,6,33"
305,10:45,4,4,여의도,12,"18,27,31,32,36,42,45,48,51,56,57,63"
305,10:45,5,5,김포공항,4,"11,21,23,62"
305,10:45,6,6,일산,1,40
305,10:45,7,7,판교,3,"14,25,46"
305,10:45,9,9,평택,2,"12,67"
306,10:46,1,1,서울역,6,"4,13,17,35,52,68"
306,10:46,10,10,인천공항,1,50
306,10:46,2,2,수서,2,"7,19"
306,10:46,3,3,삼성,4,"0,6,33,47"
306,10:46,4,4,여의도,12,"3,18,27,31,32,36,42,48,51,56,57,63"
306,10:46,5,5,김포공항,3,"11,23,62"
306,10:46,6,6,일산,1,40
306,10:46,7,7,판교,3,"14,25,46"
306,10:46,8,8,동탄/용인,1,1
306,10:46,9,9,평택,2,"12,67"
307,10:47,1,1,서울역,8,"4,13,17,35,41,43,52,68"
307,10:47,10,10,인천공항,1,50
307,10:47,2,2,수서,2,"7,19"
307,10:47,3,3,삼성,4,"0,6,33,47"
307,10:47,4,4,여의도,12,"3,18,27,31,32,36,42,48,51,56,57,63"
307,10:47,5,5,김포공항,3,"11,23,62"
307,10:47,6,6,일산,2,"8,40"
307,10:47,7,7,판교,3,"14,25,46"
307,10:47,8,8,동탄/용인,1,1
307,10:47,9,9,평택,3,"12,67,69"
308,10:48,1,1,서울역,7,"4,13,17,35,41,43,52"
308,10:48,10,10,인천공항,1,50
308,10:48,2,2,수서,2,"7,19"
308,10:48,3,3,삼성,5,"0,6,33,37,47"
308,10:48,4,4,여의도,8,"3,27,32,36,48,56,57,63"
308,10:48,5,5,김포공항,4,"11,23,38,62"
308,10:48,6,6,일산,1,8
308,10:48,7,7,판교,3,"14,46,49"
308,10:48,8,8,동탄/용인,1,1
308,10:48,9,9,평택,3,"12,67,69"
309,10:49,1,1,서울역,6,"4,13,17,41,43,44"
309,10:49,10,10,인천공항,1,50
309,10:49,2,2,수서,3,"7,19,28"
309,10:49,3,3,삼성,8,"0,6,15,16,33,37,47,54"
309,10:49,4,4,여의도,9,"3,27,32,36,48,56,57,63,65"
309,10:49,5,5,김포공항,4,"11,23,38,62"
309,10:49,6,6,일산,1,8
309,10:49,7,7,판교,3,"14,46,49"
309,10:49,9,9,평택,2,"67,69"
310,10:50,1,1,서울역,5,"4,13,26,43,44"
310,10:50,10,10,인천공항,1,50
310,10:50,2,2,수서,3,"2,19,28"
310,10:50,3,3,삼성,6,"6,15,16,37,47,54"
310,10:50,4,4,여의도,10,"3,24,27,32,36,48,56,57,63,65"
310,10:50,5,5,김포공항,5,"11,23,38,39,62"
310,10:50,6,6,일산,1,8
310,10:50,7,7,판교,3,"14,46,49"
310,10:50,9,9,평택,2,"67,69"
311,10:51,1,1,서울역,5,"4,13,26,43,44"
311,10:51,10,10,인천공항,1,50
311,10:51,2,2,수서,3,"2,19,28"
311,10:51,3,3,삼성,6,"6,15,16,37,47,54"
311,10:51,4,4,여의도,10,"3,24,27,34,36,48,56,57,63,65"
311,10:51,5,5,김포공항,6,"11,23,39,58,62,66"
311,10:51,6,6,일산,2,"5,8"
311,10:51,7,7,판교,3,"14,20,49"
311,10:51,9,9,평택,2,"67,69"
312,10:52,1,1,서울역,5,"4,13,26,43,44"
312,10:52,10,10,인천공항,3,"10,22,50"
312,10:52,2,2,수서,2,"2,28"
312,10:52,3,3,삼성,6,"6,15,16,37,47,54"
312,10:52,4,4,여의도,9,"3,24,27,34,48,56,57,63,65"
312,10:52,5,5,김포공항,7,"9,11,39,58,60,62,66"
312,10:52,6,6,일산,2,"5,8"
312,10:52,7,7,판교,3,"14,20,49"
312,10:52,9,9,평택,2,"67,69"
313,10:53,1,1,서울역,3,"4,13,44"
313,10:53,10,10,인천공항,2,"10,22"
313,10:53,2,2,수서,2,"2,28"
313,10:53,3,3,삼성,5,"6,15,16,37,54"
313,10:53,4,4,여의도,9,"3,24,27,34,48,56,57,63,65"
313,10:53,5,5,김포공항,7,"9,11,39,58,60,62,66"
313,10:53,6,6,일산,1,5
313,10:53,7,7,판교,2,"20,49"
313,10:53,9,9,평택,2,"67,69"
314,10:54,1,1,서울역,4,"4,13,21,44"
314,10:54,10,10,인천공항,2,"10,22"
314,10:54,2,2,수서,3,"2,18,28"
314,10:54,3,3,삼성,4,"15,16,37,54"
314,10:54,4,4,여의도,9,"3,24,27,34,41,48,57,63,65"
314,10:54,5,5,김포공항,8,"9,11,39,58,60,61,62,66"
314,10:54,7,7,판교,2,"20,49"
314,10:54,9,9,평택,2,"67,69"
315,10:55,1,1,서울역,4,"4,21,44,53"
315,10:55,10,10,인천공항,3,"10,22,30"
315,10:55,2,2,수서,3,"2,18,28"
315,10:55,3,3,삼성,2,"51,54"
315,10:55,4,4,여의도,10,"3,24,25,27,34,41,48,57,63,65"
315,10:55,5,5,김포공항,7,"9,39,58,60,61,62,66"
315,10:55,7,7,판교,3,"20,31,49"
315,10:55,8,8,동탄/용인,1,12
315,10:55,9,9,평택,2,"67,69"
316,10:56,1,1,서울역,5,"4,21,33,44,53"
316,10:56,10,10,인천공항,3,"10,22,30"
316,10:56,2,2,수서,3,"2,18,28"
316,10:56,3,3,삼성,2,"51,54"
316,10:56,4,4,여의도,10,"3,24,25,27,34,41,48,57,63,64"
316,10:56,5,5,김포공항,7,"9,39,58,60,61,62,66"
316,10:56,7,7,판교,4,"20,31,35,49"
316,10:56,8,8,동탄/용인,1,12
316,10:56,9,9,평택,2,"67,69"
317,10:57,1,1,서울역,6,"4,7,21,33,44,53"
317,10:57,10,10,인천공항,3,"10,22,30"
317,10:57,2,2,수서,4,"2,18,28,32"
317,10:57,3,3,삼성,2,"51,54"
317,10:57,4,4,여의도,10,"0,3,24,25,26,27,34,57,63,64"
317,10:57,5,5,김포공항,7,"9,39,58,60,61,62,66"
317,10:57,6,6,일산,1,17
317,10:57,7,7,판교,2,"31,35"
317,10:57,8,8,동탄/용인,1,12
317,10:57,9,9,평택,3,"29,67,69"
318,10:58,1,1,서울역,6,"4,7,21,33,44,53"
318,10:58,10,10,인천공항,3,"10,22,30"
318,10:58,2,2,수서,5,"2,18,28,32,36"
318,10:58,3,3,삼성,2,"51,54"
318,10:58,4,4,여의도,11,"0,3,24,25,26,27,34,46,57,63,64"
318,10:58,5,5,김포공항,6,"39,58,60,61,62,66"
318,10:58,6,6,일산,1,17
318,10:58,7,7,판교,2,"31,35"
318,10:58,9,9,평택,3,"29,67,69"
319,10:59,1,1,서울역,6,"4,7,21,33,44,53"
319,10:59,10,10,인천공항,3,"10,22,30"
319,10:59,2,2,수서,6,"2,18,28,32,36,38"
319,10:59,3,3,삼성,3,"51,54,55"
319,10:59,4,4,여의도,11,"0,3,24,25,26,27,34,46,57,63,64"
319,10:59,5,5,김포공항,4,"58,60,61,66"
319,10:59,6,6,일산,1,17
319,10:59,7,7,판교,2,"31,35"
319,10:59,9,9,평택,3,"29,67,69"
320,11:00,1,1,서울역,5,"4,7,8,14,23"
320,11:00,10,10,인천공항,4,"10,22,30,42"
320,11:00,2,2,수서,7,"2,18,28,32,36,38,56"
320,11:00,3,3,삼성,2,"51,55"
320,11:00,4,4,여의도,10,"0,3,24,25,27,34,46,57,63,64"
320,11:00,5,5,김포공항,4,"19,58,60,66"
320,11:00,7,7,판교,3,"31,35,40"
320,11:00,9,9,평택,3,"29,67,69"
321,11:01,1,1,서울역,8,"4,5,7,8,14,23,37,59"
321,11:01,10,10,인천공항,4,"10,22,30,42"
321,11:01,2,2,수서,5,"18,32,36,38,56"
321,11:01,3,3,삼성,2,"51,55"
321,11:01,4,4,여의도,10,"0,6,24,25,27,34,46,57,63,64"
321,11:01,5,5,김포공항,4,"19,58,60,66"
321,11:01,7,7,판교,3,"31,35,40"
321,11:01,9,9,평택,4,"29,45,67,69"
322,11:02,1,1,서울역,8,"4,5,7,8,14,23,37,59"
322,11:02,10,10,인천공항,4,"10,22,30,42"
322,11:02,2,2,수서,5,"18,32,36,38,56"
322,11:02,3,3,삼성,2,"51,55"
322,11:02,4,4,여의도,10,"0,6,16,25,27,34,46,57,63,64"
322,11:02,5,5,김포공항,4,"19,58,60,66"
322,11:02,7,7,판교,2,"31,40"
322,11:02,9,9,평택,4,"29,45,67,69"
323,11:03,1,1,서울역,8,"4,5,7,11,14,23,37,59"
323,11:03,10,10,인천공항,4,"10,22,30,42"
323,11:03,2,2,수서,6,"18,32,36,38,48,56"
323,11:03,3,3,삼성,2,"51,55"
323,11:03,4,4,여의도,6,"0,6,16,46,57,64"
323,11:03,5,5,김포공항,4,"15,19,58,60"
323,11:03,6,6,일산,1,47
323,11:03,7,7,판교,3,"31,40,65"
323,11:03,9,9,평택,3,"29,45,69"
324,11:04,1,1,서울역,6,"4,5,7,11,14,23"
324,11:04,10,10,인천공항,4,"10,22,30,42"
324,11:04,2,2,수서,6,"18,32,36,38,48,56"
324,11:04,3,3,삼성,1,55
324,11:04,4,4,여의도,8,"0,6,16,20,46,49,57,64"
324,11:04,5,5,김포공항,4,"15,19,58,60"
324,11:04,6,6,일산,1,47
324,11:04,7,7,판교,3,"31,40,65"
324,11:04,9,9,평택,4,"29,45,68,69"
325,11:05,1,1,서울역,5,"5,7,11,14,23"
325,11:05,10,10,인천공항,4,"10,22,30,42"
325,11:05,2,2,수서,5,"32,36,38,48,56"
325,11:05,4,4,여의도,9,"0,6,16,20,46,49,50,57,64"
325,11:05,5,5,김포공항,4,"15,19,58,60"
325,11:05,6,6,일산,1,47
325,11:05,7,7,판교,3,"31,40,65"
325,11:05,9,9,평택,5,"29,45,52,68,69"
326,11:06,1,1,서울역,5,"5,7,11,14,54"
326,11:06,10,10,인천공항,4,"10,22,30,42"
326,11:06,2,2,수서,5,"32,36,38,48,56"
326,11:06,3,3,삼성,1,9
326,11:06,4,4,여의도,8,"6,16,20,46,49,50,57,64"
326,11:06,5,5,김포공항,3,"15,58,60"
326,11:06,6,6,일산,2,"1,47"
326,11:06,7,7,판교,3,"31,40,65"
326,11:06,9,9,평택,5,"29,45,52,68,69"
327,11:07,1,1,서울역,6,"5,7,11,14,17,54"
327,11:07,10,10,인천공항,4,"10,22,30,42"
327,11:07,2,2,수서,7,"3,32,36,38,48,56,62"
327,11:07,3,3,삼성,2,"9,39"
327,11:07,4,4,여의도,9,"2,6,16,20,46,49,50,57,64"
327,11:07,5,5,김포공항,3,"15,58,60"
327,11:07,6,6,일산,6,"1,21,33,44,47,53"
327,11:07,7,7,판교,3,"31,40,65"
327,11:07,9,9,평택,4,"29,52,68,69"
328,11:08,1,1,서울역,8,"5,7,11,14,17,28,54,61"
328,11:08,10,10,인천공항,4,"13,22,30,42"
328,11:08,2,2,수서,7,"3,32,36,38,48,56,62"
328,11:08,3,3,삼성,2,"9,39"
328,11:08,4,4,여의도,7,"2,6,20,46,49,50,64"
328,11:08,5,5,김포공항,3,"15,58,60"
328,11:08,6,6,일산,6,"1,21,33,44,47,53"
328,11:08,7,7,판교,3,"31,40,65"
328,11:08,9,9,평택,4,"29,52,68,69"
329,11:09,1,1,서울역,8,"5,7,11,14,17,28,54,61"
329,11:09,10,10,인천공항,4,"13,22,30,42"
329,11:09,2,2,수서,8,"3,32,34,36,38,48,56,62"
329,11:09,3,3,삼성,2,"9,39"
329,11:09,4,4,여의도,9,"2,6,12,20,35,46,49,50,64"
329,11:09,5,5,김포공항,2,"58,60"
329,11:09,6,6,일산,6,"1,21,33,44,47,53"
329,11:09,7,7,판교,3,"24,40,65"
329,11:09,8,8,동탄/용인,1,67
329,11:09,9,9,평택,5,"29,43,52,68,69"
330,11:10,1,1,서울역,7,"5,7,14,17,28,54,61"
330,11:10,10,10,인천공항,3,"13,22,42"
330,11:10,2,2,수서,8,"3,32,34,36,38,48,56,62"
330,11:10,3,3,삼성,5,"9,25,27,39,63"
330,11:10,4,4,여의도,9,"2,6,12,20,35,46,49,50,64"
330,11:10,5,5,김포공항,2,"58,60"
330,11:10,6,6,일산,3,"1,47,53"
330,11:10,7,7,판교,3,"24,40,65"
330,11:10,8,8,동탄/용인,1,67
330,11:10,9,9,평택,5,"29,43,52,68,69"
331,11:11,1,1,서울역,4,"7,17,54,55"
331,11:11,10,10,인천공항,3,"13,22,42"
331,11:11,2,2,수서,8,"3,32,34,36,38,48,56,62"
331,11:11,3,3,삼성,5,"9,25,27,39,63"
331,11:11,4,4,여의도,8,"2,6,12,20,35,46,49,50"
331,11:11,5,5,김포공항,2,"58,60"
331,11:11,6,6,일산,3,"1,47,53"
331,11:11,7,7,판교,4,"24,40,59,65"
331,11:11,8,8,동탄/용인,1,67
331,11:11,9,9,평택,4,"29,43,68,69"
332,11:12,1,1,서울역,4,"7,17,54,55"
332,11:12,10,10,인천공항,3,"13,22,26"
332,11:12,2,2,수서,8,"3,32,34,36,38,48,56,62"
332,11:12,3,3,삼성,5,"9,25,27,39,63"
332,11:12,4,4,여의도,7,"2,6,20,35,46,49,50"
332,11:12,5,5,김포공항,4,"37,51,58,60"
332,11:12,6,6,일산,3,"1,47,53"
332,11:12,7,7,판교,4,"4,24,59,65"
332,11:12,9,9,평택,5,"29,41,43,68,69"
333,11:13,1,1,서울역,4,"7,17,54,55"
333,11:13,10,10,인천공항,3,"13,22,26"
333,11:13,2,2,수서,8,"3,32,34,36,38,48,56,62"
333,11:13,3,3,삼성,5,"9,25,27,39,63"
333,11:13,4,4,여의도,6,"6,20,35,46,49,50"
333,11:13,5,5,김포공항,5,"18,37,51,58,60"
333,11:13,6,6,일산,3,"1,23,47"
333,11:13,7,7,판교,5,"0,4,24,59,65"
333,11:13,9,9,평택,5,"29,41,43,68,69"
334,11:14,1,1,서울역,5,"7,17,19,54,55"
334,11:14,10,10,인천공항,3,"13,22,26"
334,11:14,2,2,수서,9,"3,16,32,34,36,38,48,56,62"
334,11:14,3,3,삼성,5,"9,25,27,39,63"
334,11:14,4,4,여의도,5,"20,35,46,49,50"
334,11:14,5,5,김포공항,5,"18,37,51,58,60"
334,11:14,6,6,일산,3,"1,23,47"
334,11:14,7,7,판교,4,"0,4,24,65"
334,11:14,9,9,평택,5,"29,41,43,68,69"
335,11:15,1,1,서울역,5,"7,17,19,54,55"
335,11:15,10,10,인천공항,3,"13,22,26"
335,11:15,2,2,수서,8,"3,16,32,34,38,48,56,62"
335,11:15,3,3,삼성,5,"9,25,27,39,63"
335,11:15,4,4,여의도,4,"35,46,49,50"
335,11:15,5,5,김포공항,3,"18,51,60"
335,11:15,6,6,일산,3,"1,23,47"
335,11:15,7,7,판교,4,"0,4,24,65"
335,11:15,8,8,동탄/용인,1,8
335,11:15,9,9,평택,5,"29,41,43,68,69"
336,11:16,1,1,서울역,5,"7,17,19,54,55"
336,11:16,10,10,인천공항,3,"13,22,26"
336,11:16,2,2,수서,8,"3,16,32,34,38,48,56,62"
336,11:16,3,3,삼성,3,"9,25,63"
336,11:16,4,4,여의도,5,"31,35,46,49,50"
336,11:16,5,5,김포공항,3,"18,51,60"
336,11:16,6,6,일산,1,1
336,11:16,7,7,판교,4,"0,4,24,65"
336,11:16,8,8,동탄/용인,1,8
336,11:16,9,9,평택,5,"29,41,43,68,69"
337,11:17,1,1,서울역,5,"7,17,19,54,55"
337,11:17,10,10,인천공항,3,"13,22,26"
337,11:17,2,2,수서,7,"16,32,34,38,48,56,62"
337,11:17,3,3,삼성,4,"9,15,25,63"
337,11:17,4,4,여의도,5,"31,35,46,49,50"
337,11:17,5,5,김포공항,3,"18,51,60"
337,11:17,6,6,일산,2,"1,11"
337,11:17,7,7,판교,4,"0,4,24,65"
337,11:17,8,8,동탄/용인,1,8
337,11:17,9,9,평택,4,"29,41,43,69"
338,11:18,1,1,서울역,5,"7,17,19,54,55"
338,11:18,10,10,인천공항,3,"13,22,26"
338,11:18,2,2,수서,7,"16,32,34,38,48,56,62"
338,11:18,3,3,삼성,4,"9,15,25,63"
338,11:18,4,4,여의도,5,"31,35,46,49,50"
338,11:18,5,5,김포공항,3,"18,51,60"
338,11:18,6,6,일산,3,"1,11,28"
338,11:18,7,7,판교,5,"0,4,24,61,65"
338,11:18,8,8,동탄/용인,1,8
338,11:18,9,9,평택,2,"43,69"
339,11:19,1,1,서울역,4,"17,19,54,55"
339,11:19,10,10,인천공항,3,"13,22,26"
339,11:19,2,2,수서,6,"16,32,34,38,56,62"
339,11:19,3,3,삼성,4,"9,15,25,63"
339,11:19,4,4,여의도,6,"31,35,40,46,49,50"
339,11:19,5,5,김포공항,3,"18,51,60"
339,11:19,6,6,일산,5,"1,10,11,12,28"
339,11:19,7,7,판교,5,"0,4,24,61,65"
339,11:19,8,8,동탄/용인,2,"8,57"
339,11:19,9,9,평택,2,"43,69"
340,11:20,1,1,서울역,2,"19,54"
340,11:20,10,10,인천공항,2,"22,26"
340,11:20,2,2,수서,7,"6,16,32,34,38,56,62"
340,11:20,3,3,삼성,4,"9,15,25,63"
340,11:20,4,4,여의도,6,"31,35,40,46,49,50"
340,11:20,5,5,김포공항,3,"18,51,60"
340,11:20,6,6,일산,4,"1,10,12,28"
340,11:20,7,7,판교,6,"0,2,4,24,61,65"
340,11:20,8,8,동탄/용인,2,"8,57"
340,11:20,9,9,평택,3,"43,66,69"
341,11:21,1,1,서울역,2,"19,54"
341,11:21,10,10,인천공항,2,"22,26"
341,11:21,2,2,수서,9,"6,16,20,21,32,34,38,56,62"
341,11:21,3,3,삼성,4,"9,15,25,63"
341,11:21,4,4,여의도,6,"31,35,40,46,49,50"
341,11:21,5,5,김포공항,3,"18,51,60"
341,11:21,6,6,일산,3,"1,10,12"
341,11:21,7,7,판교,5,"0,2,4,24,65"
341,11:21,8,8,동탄/용인,1,57
341,11:21,9,9,평택,3,"43,66,69"
342,11:22,1,1,서울역,2,"19,54"
342,11:22,10,10,인천공항,2,"22,26"
342,11:22,2,2,수서,8,"6,16,20,21,32,34,56,62"
342,11:22,3,3,삼성,5,"9,15,25,63,67"
342,11:22,4,4,여의도,7,"31,35,40,45,46,49,50"
342,11:22,5,5,김포공항,3,"18,51,60"
342,11:22,6,6,일산,3,"1,10,12"
342,11:22,7,7,판교,7,"0,2,4,24,33,44,65"
342,11:22,9,9,평택,3,"43,66,69"
343,11:23,1,1,서울역,3,"19,47,54"
343,11:23,10,10,인천공항,3,"22,26,64"
343,11:23,2,2,수서,7,"6,20,21,32,34,56,62"
343,11:23,3,3,삼성,6,"9,15,25,58,63,67"
343,11:23,4,4,여의도,6,"3,31,40,45,46,50"
343,11:23,5,5,김포공항,4,"18,36,51,60"
343,11:23,6,6,일산,3,"1,10,12"
343,11:23,7,7,판교,6,"0,2,4,24,33,44"
343,11:23,9,9,평택,2,"43,69"
344,11:24,1,1,서울역,3,"19,47,54"
344,11:24,10,10,인천공항,4,"5,22,26,64"
344,11:24,2,2,수서,7,"6,20,21,32,34,56,62"
344,11:24,3,3,삼성,6,"9,15,25,58,63,67"
344,11:24,4,4,여의도,8,"3,17,31,40,45,46,50,55"
344,11:24,5,5,김포공항,5,"18,36,39,51,60"
344,11:24,6,6,일산,3,"1,10,12"
344,11:24,7,7,판교,6,"0,2,4,24,33,44"
344,11:24,9,9,평택,2,"43,69"
345,11:25,1,1,서울역,3,"19,47,54"
345,11:25,10,10,인천공항,3,"5,26,64"
345,11:25,2,2,수서,6,"6,20,21,32,34,56"
345,11:25,3,3,삼성,7,"9,15,25,30,58,63,67"
345,11:25,4,4,여의도,7,"3,17,31,45,46,50,55"
345,11:25,5,5,김포공항,5,"18,36,39,51,60"
345,11:25,6,6,일산,3,"1,10,12"
345,11:25,7,7,판교,7,"0,2,4,24,33,44,53"
345,11:25,9,9,평택,2,"43,69"
346,11:26,1,1,서울역,1,19
346,11:26,10,10,인천공항,3,"5,26,64"
346,11:26,2,2,수서,6,"6,20,21,32,34,56"
346,11:26,3,3,삼성,9,"9,15,23,25,30,52,58,63,67"
346,11:26,4,4,여의도,7,"3,17,31,45,46,50,55"
346,11:26,5,5,김포공항,5,"18,36,39,51,60"
346,11:26,6,6,일산,4,"1,10,12,59"
346,11:26,7,7,판교,7,"0,2,4,24,33,44,53"
346,11:26,9,9,평택,2,"43,69"
347,11:27,1,1,서울역,2,"11,19"
347,11:27,10,10,인천공항,2,"5,64"
347,11:27,2,2,수서,6,"6,20,21,32,34,56"
347,11:27,3,3,삼성,9,"9,15,23,25,30,42,52,58,67"
347,11:27,4,4,여의도,5,"3,31,45,46,50"
347,11:27,5,5,김포공항,6,"18,36,39,48,51,60"
347,11:27,6,6,일산,4,"1,10,12,59"
347,11:27,7,7,판교,7,"0,2,4,24,33,44,53"
347,11:27,9,9,평택,3,"14,43,69"
348,11:28,1,1,서울역,2,"11,19"
348,11:28,10,10,인천공항,2,"5,64"
348,11:28,2,2,수서,6,"6,20,21,32,34,56"
348,11:28,3,3,삼성,8,"15,23,25,30,42,52,58,67"
348,11:28,4,4,여의도,3,"3,31,46"
348,11:28,5,5,김포공항,6,"18,36,39,48,51,60"
348,11:28,6,6,일산,4,"1,10,12,59"
348,11:28,7,7,판교,7,"0,2,4,24,33,44,53"
348,11:28,9,9,평택,3,"14,57,69"
349,11:29,1,1,서울역,3,"11,19,38"
349,11:29,10,10,인천공항,2,"5,64"
349,11:29,2,2,수서,5,"6,21,32,34,56"
349,11:29,3,3,삼성,7,"23,25,30,42,52,58,67"
349,11:29,4,4,여의도,3,"3,31,46"
349,11:29,5,5,김포공항,6,"18,36,39,48,51,60"
349,11:29,6,6,일산,4,"1,10,12,59"
349,11:29,7,7,판교,7,"0,2,4,24,33,44,53"
349,11:29,8,8,동탄/용인,1,66
349,11:29,9,9,평택,3,"14,57,69"
350,11:30,1,1,서울역,2,"19,38"
350,11:30,10,10,인천공항,2,"5,64"
350,11:30,2,2,수서,5,"6,21,32,34,56"
350,11:30,3,3,삼성,6,"23,30,42,52,58,67"
350,11:30,4,4,여의도,3,"3,31,46"
350,11:30,5,5,김포공항,6,"18,36,39,48,51,60"
350,11:30,6,6,일산,4,"1,10,12,59"
350,11:30,7,7,판교,7,"2,4,24,33,44,49,53"
350,11:30,8,8,동탄/용인,1,66
350,11:30,9,9,평택,3,"14,57,69"
351,11:31,1,1,서울역,2,"19,38"
351,11:31,10,10,인천공항,3,"5,27,64"
351,11:31,2,2,수서,5,"6,21,32,34,56"
351,11:31,3,3,삼성,7,"8,23,30,42,52,58,67"
351,11:31,4,4,여의도,4,"3,31,46,62"
351,11:31,5,5,김포공항,7,"16,18,36,39,48,51,60"
351,11:31,6,6,일산,4,"10,12,13,59"
351,11:31,7,7,판교,7,"2,4,24,33,44,49,53"
351,11:31,8,8,동탄/용인,2,"7,66"
351,11:31,9,9,평택,3,"14,57,69"
352,11:32,1,1,서울역,1,19
352,11:32,10,10,인천공항,3,"5,27,64"
352,11:32,2,2,수서,5,"6,21,32,34,56"
352,11:32,3,3,삼성,6,"8,23,30,42,67,68"
352,11:32,4,4,여의도,4,"3,31,46,62"
352,11:32,5,5,김포공항,6,"16,18,39,48,51,60"
352,11:32,6,6,일산,4,"10,12,13,59"
352,11:32,7,7,판교,7,"2,24,33,40,44,49,53"
352,11:32,8,8,동탄/용인,1,7
352,11:32,9,9,평택,4,"14,37,57,69"
353,11:33,10,10,인천공항,3,"5,27,64"
353,11:33,2,2,수서,4,"21,32,34,56"
353,11:33,3,3,삼성,6,"8,23,30,42,67,68"
353,11:33,4,4,여의도,6,"3,29,31,41,46,62"
353,11:33,5,5,김포공항,5,"16,39,48,60,65"
353,11:33,6,6,일산,4,"10,12,13,59"
353,11:33,7,7,판교,9,"2,24,28,33,40,44,47,49,53"
353,11:33,8,8,동탄/용인,1,7
353,11:33,9,9,평택,4,"37,57,61,69"
354,11:34,10,10,인천공항,3,"5,27,64"
354,11:34,2,2,수서,5,"21,32,34,45,56"
354,11:34,3,3,삼성,6,"8,23,30,42,67,68"
354,11:34,4,4,여의도,6,"3,29,31,41,46,62"
354,11:34,5,5,김포공항,5,"16,39,48,60,65"
354,11:34,6,6,일산,4,"10,12,13,59"
354,11:34,7,7,판교,9,"2,24,28,33,40,44,47,49,53"
354,11:34,8,8,동탄/용인,2,"7,35"
354,11:34,9,9,평택,4,"37,57,61,69"
355,11:35,10,10,인천공항,3,"5,27,64"
355,11:35,2,2,수서,5,"21,32,34,45,56"
355,11:35,3,3,삼성,6,"8,23,30,42,67,68"
355,11:35,4,4,여의도,6,"3,29,31,41,46,62"
355,11:35,5,5,김포공항,4,"16,39,48,65"
355,11:35,6,6,일산,3,"10,13,59"
355,11:35,7,7,판교,10,"2,24,28,33,40,44,47,49,50,53"
355,11:35,8,8,동탄/용인,2,"7,35"
355,11:35,9,9,평택,4,"37,57,61,69"
356,11:36,10,10,인천공항,3,"5,27,64"
356,11:36,2,2,수서,5,"21,32,34,45,56"
356,11:36,3,3,삼성,5,"8,30,42,67,68"
356,11:36,4,4,여의도,5,"3,29,31,41,62"
356,11:36,5,5,김포공항,5,"9,16,39,48,65"
356,11:36,6,6,일산,3,"10,13,59"
356,11:36,7,7,판교,9,"2,24,28,33,40,44,47,50,53"
356,11:36,8,8,동탄/용인,2,"7,35"
356,11:36,9,9,평택,4,"37,57,61,69"
357,11:37,10,10,인천공항,3,"5,27,64"
357,11:37,2,2,수서,5,"21,32,34,45,56"
357,11:37,3,3,삼성,4,"30,42,67,68"
357,11:37,4,4,여의도,7,"0,3,22,29,31,41,62"
357,11:37,5,5,김포공항,7,"9,15,16,20,39,48,65"
357,11:37,6,6,일산,3,"10,11,59"
357,11:37,7,7,판교,8,"2,24,28,40,44,47,50,53"
357,11:37,8,8,동탄/용인,2,"7,35"
357,11:37,9,9,평택,4,"37,57,61,69"
358,11:38,10,10,인천공항,2,"5,27"
358,11:38,2,2,수서,4,"21,34,45,56"
358,11:38,3,3,삼성,4,"30,42,67,68"
358,11:38,4,4,여의도,6,"0,3,22,29,31,41"
358,11:38,5,5,김포공항,7,"9,15,16,20,39,48,65"
358,11:38,6,6,일산,3,"10,11,59"
358,11:38,7,7,판교,8,"2,24,28,40,44,47,50,53"
358,11:38,8,8,동탄/용인,2,"7,35"
358,11:38,9,9,평택,3,"57,61,69"
359,11:39,10,10,인천공항,1,27
359,11:39,2,2,수서,4,"21,34,45,56"
359,11:39,3,3,삼성,4,"30,42,67,68"
359,11:39,4,4,여의도,6,"0,3,4,6,22,29"
359,11:39,5,5,김포공항,6,"9,15,16,20,39,48"
359,11:39,6,6,일산,4,"10,11,38,59"
359,11:39,7,7,판교,7,"24,28,40,44,47,50,53"
359,11:39,8,8,동탄/용인,2,"7,35"
359,11:39,9,9,평택,3,"57,61,69"
360,11:40,10,10,인천공항,1,27
360,11:40,2,2,수서,4,"21,34,36,56"
360,11:40,3,3,삼성,3,"42,67,68"
360,11:40,4,4,여의도,6,"0,3,4,6,22,29"
360,11:40,5,5,김포공항,3,"9,15,16"
360,11:40,6,6,일산,4,"10,25,38,59"
360,11:40,7,7,판교,7,"24,28,40,44,47,50,53"
360,11:40,8,8,동탄/용인,2,"7,35"
360,11:40,9,9,평택,2,"61,69"
361,11:41,10,10,인천공항,1,27
361,11:41,2,2,수서,4,"21,34,36,56"
361,11:41,3,3,삼성,3,"18,42,68"
361,11:41,4,4,여의도,6,"0,3,4,6,22,29"
361,11:41,5,5,김포공항,3,"9,15,16"
361,11:41,6,6,일산,4,"10,25,38,59"
361,11:41,7,7,판교,7,"24,28,40,44,47,50,53"
361,11:41,8,8,동탄/용인,2,"7,35"
361,11:41,9,9,평택,2,"61,69"
362,11:42,1,1,서울역,1,12
362,11:42,10,10,인천공항,1,27
362,11:42,2,2,수서,5,"21,34,36,46,56"
362,11:42,3,3,삼성,4,"18,26,42,68"
362,11:42,4,4,여의도,5,"0,4,6,22,29"
362,11:42,5,5,김포공항,3,"9,15,16"
362,11:42,6,6,일산,2,"25,59"
362,11:42,7,7,판교,7,"24,28,40,44,47,50,53"
362,11:42,8,8,동탄/용인,2,"7,35"
362,11:42,9,9,평택,6,"17,54,55,61,63,69"
363,11:43,1,1,서울역,2,"8,12"
363,11:43,10,10,인천공항,1,27
363,11:43,2,2,수서,5,"21,34,36,46,56"
363,11:43,3,3,삼성,4,"18,26,42,68"
363,11:43,4,4,여의도,5,"4,6,29,43,66"
363,11:43,5,5,김포공항,3,"9,15,16"
363,11:43,6,6,일산,2,"25,59"
363,11:43,7,7,판교,8,"1,24,28,40,44,47,50,51"
363,11:43,8,8,동탄/용인,2,"7,35"
363,11:43,9,9,평택,6,"17,54,55,61,63,69"
364,11:44,1,1,서울역,2,"8,12"
364,11:44,10,10,인천공항,1,27
364,11:44,2,2,수서,5,"21,34,36,46,56"
364,11:44,3,3,삼성,4,"18,26,42,68"
364,11:44,4,4,여의도,6,"4,6,29,33,43,66"
364,11:44,5,5,김포공항,4,"9,15,16,23"
364,11:44,6,6,일산,2,"25,59"
364,11:44,7,7,판교,8,"1,24,28,40,44,47,50,51"
364,11:44,8,8,동탄/용인,2,"7,35"
364,11:44,9,9,평택,6,"17,54,55,61,63,69"
365,11:45,1,1,서울역,2,"8,12"
365,11:45,10,10,인천공항,1,27
365,11:45,2,2,수서,6,"21,34,36,41,46,56"
365,11:45,3,3,삼성,4,"18,26,42,68"
365,11:45,4,4,여의도,6,"4,6,29,33,43,66"
365,11:45,5,5,김포공항,4,"9,15,16,23"
365,11:45,6,6,일산,1,25
365,11:45,7,7,판교,9,"1,28,40,44,47,50,51,60,62"
365,11:45,8,8,동탄/용인,2,"7,35"
365,11:45,9,9,평택,6,"17,54,55,61,63,69"
366,11:46,1,1,서울역,2,"8,12"
366,11:46,10,10,인천공항,1,19
366,11:46,2,2,수서,6,"21,34,36,41,46,56"
366,11:46,3,3,삼성,4,"18,26,42,68"
366,11:46,4,4,여의도,8,"2,4,6,29,33,43,45,66"
366,11:46,5,5,김포공항,6,"9,15,16,23,32,49"
366,11:46,7,7,판교,10,"1,28,31,40,44,47,50,51,60,62"
366,11:46,8,8,동탄/용인,2,"7,35"
366,11:46,9,9,평택,6,"17,54,55,61,63,69"
367,11:47,1,1,서울역,2,"8,12"
367,11:47,10,10,인천공항,1,19
367,11:47,2,2,수서,6,"21,34,36,41,46,56"
367,11:47,3,3,삼성,5,"13,18,26,42,68"
367,11:47,4,4,여의도,8,"2,4,6,29,33,43,45,66"
367,11:47,5,5,김포공항,5,"9,15,16,32,49"
367,11:47,6,6,일산,2,"20,48"
367,11:47,7,7,판교,10,"1,28,31,40,44,47,50,51,60,62"
367,11:47,8,8,동탄/용인,2,"7,35"
367,11:47,9,9,평택,8,"17,52,54,55,58,61,63,69"
368,11:48,1,1,서울역,2,"8,12"
368,11:48,10,10,인천공항,1,19
368,11:48,2,2,수서,7,"3,21,34,36,41,46,56"
368,11:48,3,3,삼성,6,"13,14,18,39,42,68"
368,11:48,4,4,여의도,7,"2,4,29,33,43,45,66"
368,11:48,5,5,김포공항,5,"9,15,16,32,49"
368,11:48,6,6,일산,2,"20,48"
368,11:48,7,7,판교,10,"1,28,31,40,44,47,50,51,60,62"
368,11:48,8,8,동탄/용인,2,"7,35"
368,11:48,9,9,평택,8,"17,52,54,55,58,61,63,69"
369,11:49,1,1,서울역,2,"8,12"
369,11:49,10,10,인천공항,1,19
369,11:49,2,2,수서,8,"0,3,21,34,36,41,46,56"
369,11:49,3,3,삼성,6,"13,14,18,39,42,68"
369,11:49,4,4,여의도,7,"2,4,29,33,43,45,66"
369,11:49,5,5,김포공항,5,"9,15,16,32,49"
369,11:49,6,6,일산,2,"20,48"
369,11:49,7,7,판교,10,"1,28,31,40,44,47,50,51,60,62"
369,11:49,8,8,동탄/용인,2,"7,35"
369,11:49,9,9,평택,8,"17,52,54,55,58,61,63,69"
370,11:50,1,1,서울역,2,"8,12"
370,11:50,10,10,인천공항,1,19
370,11:50,2,2,수서,8,"0,3,21,34,36,41,46,56"
370,11:50,3,3,삼성,6,"13,14,18,39,42,68"
370,11:50,4,4,여의도,7,"2,4,29,33,43,45,66"
370,11:50,5,5,김포공항,4,"9,16,32,49"
370,11:50,6,6,일산,2,"5,48"
370,11:50,7,7,판교,10,"1,22,28,31,40,44,47,51,60,62"
370,11:50,8,8,동탄/용인,2,"7,35"
370,11:50,9,9,평택,8,"17,52,54,55,58,61,63,69"
371,11:51,1,1,서울역,2,"8,12"
371,11:51,10,10,인천공항,1,19
371,11:51,2,2,수서,8,"0,3,21,34,36,41,46,56"
371,11:51,3,3,삼성,6,"13,14,18,39,42,68"
371,11:51,4,4,여의도,7,"2,4,29,33,43,45,66"
371,11:51,5,5,김포공항,4,"9,16,32,49"
371,11:51,6,6,일산,3,"5,48,67"
371,11:51,7,7,판교,10,"1,22,28,31,40,44,47,51,60,62"
371,11:51,8,8,동탄/용인,2,"7,35"
371,11:51,9,9,평택,7,"17,52,54,58,61,63,69"
372,11:52,1,1,서울역,1,12
372,11:52,10,10,인천공항,1,19
372,11:52,2,2,수서,7,"0,3,34,36,41,46,56"
372,11:52,3,3,삼성,6,"13,14,18,39,42,68"
372,11:52,4,4,여의도,8,"2,4,24,29,33,43,45,66"
372,11:52,5,5,김포공항,1,9
372,11:52,6,6,일산,3,"5,48,67"
372,11:52,7,7,판교,10,"1,22,28,31,40,44,47,51,60,62"
372,11:52,9,9,평택,7,"17,52,54,58,61,63,69"
373,11:53,1,1,서울역,1,12
373,11:53,10,10,인천공항,1,19
373,11:53,2,2,수서,7,"0,3,34,36,41,46,56"
373,11:53,3,3,삼성,7,"13,14,18,39,42,64,68"
373,11:53,4,4,여의도,8,"2,4,24,29,33,43,45,66"
373,11:53,5,5,김포공항,1,9
373,11:53,6,6,일산,2,"5,67"
373,11:53,7,7,판교,10,"1,22,28,31,40,44,47,51,60,62"
373,11:53,9,9,평택,7,"17,52,54,58,61,63,69"
374,11:54,1,1,서울역,1,12
374,11:54,10,10,인천공항,1,19
374,11:54,2,2,수서,8,"0,3,6,34,36,41,46,56"
374,11:54,3,3,삼성,7,"13,14,18,39,42,64,68"
374,11:54,4,4,여의도,7,"2,4,24,33,43,45,66"
374,11:54,5,5,김포공항,1,9
374,11:54,6,6,일산,2,"5,67"
374,11:54,7,7,판교,11,"1,10,22,28,31,40,44,47,51,60,62"
374,11:54,9,9,평택,7,"17,52,54,58,61,63,69"
375,11:55,1,1,서울역,1,12
375,11:55,10,10,인천공항,1,19
375,11:55,2,2,수서,8,"0,3,6,34,36,41,46,56"
375,11:55,3,3,삼성,7,"13,14,18,39,42,64,68"
375,11:55,4,4,여의도,7,"2,24,33,43,45,57,66"
375,11:55,5,5,김포공항,1,9
375,11:55,6,6,일산,3,"5,53,67"
375,11:55,7,7,판교,11,"1,10,22,28,31,40,44,47,51,60,62"
375,11:55,9,9,평택,8,"17,30,52,54,58,61,63,69"
376,11:56,1,1,서울역,1,12
376,11:56,10,10,인천공항,1,19
376,11:56,2,2,수서,8,"0,3,6,34,36,41,46,56"
376,11:56,3,3,삼성,7,"13,14,18,39,42,64,68"
376,11:56,4,4,여의도,8,"2,8,24,33,43,45,57,66"
376,11:56,5,5,김포공항,1,9
376,11:56,6,6,일산,2,"53,67"
376,11:56,7,7,판교,10,"1,10,28,31,40,44,47,51,60,62"
376,11:56,9,9,평택,9,"17,30,52,54,58,61,63,65,69"
377,11:57,1,1,서울역,1,12
377,11:57,10,10,인천공항,3,"19,23,37"
377,11:57,2,2,수서,7,"0,6,34,36,41,46,56"
377,11:57,3,3,삼성,6,"13,14,39,42,64,68"
377,11:57,4,4,여의도,8,"2,8,24,33,43,45,57,66"
377,11:57,5,5,김포공항,1,9
377,11:57,6,6,일산,1,53
377,11:57,7,7,판교,10,"1,10,31,40,44,47,51,59,60,62"
377,11:57,9,9,평택,9,"17,30,52,54,58,61,63,65,69"
378,11:58,1,1,서울역,1,12
378,11:58,10,10,인천공항,3,"19,23,37"
378,11:58,2,2,수서,7,"0,6,34,36,41,46,56"
378,11:58,3,3,삼성,6,"13,14,39,42,64,68"
378,11:58,4,4,여의도,7,"8,27,33,43,45,57,66"
378,11:58,5,5,김포공항,1,9
378,11:58,6,6,일산,1,53
378,11:58,7,7,판교,10,"10,25,31,40,44,47,51,59,60,62"
378,11:58,9,9,평택,8,"17,30,52,58,61,63,65,69"
379,11:59,1,1,서울역,1,12
379,11:59,10,10,인천공항,3,"19,23,37"
379,11:59,2,2,수서,7,"0,6,34,36,41,46,56"
379,11:59,3,3,삼성,6,"13,14,39,42,64,68"
379,11:59,4,4,여의도,7,"8,27,33,43,45,57,66"
379,11:59,5,5,김포공항,1,9
379,11:59,6,6,일산,3,"32,49,53"
379,11:59,7,7,판교,10,"10,25,31,40,44,47,51,59,60,62"
379,11:59,8,8,동탄/용인,1,38
379,11:59,9,9,평택,8,"17,30,52,58,61,63,65,69"
380,12:00,1,1,서울역,1,12
380,12:00,10,10,인천공항,3,"19,23,37"
380,12:00,2,2,수서,8,"0,6,29,34,36,41,46,56"
380,12:00,3,3,삼성,5,"13,14,39,42,68"
380,12:00,4,4,여의도,5,"8,27,33,57,66"
380,12:00,5,5,김포공항,2,"9,21"
380,12:00,6,6,일산,3,"32,49,53"
380,12:00,7,7,판교,9,"10,25,31,44,47,51,59,60,62"
380,12:00,8,8,동탄/용인,1,38
380,12:00,9,9,평택,8,"11,30,52,58,61,63,65,69"
381,12:01,10,10,인천공항,3,"19,23,37"
381,12:01,2,2,수서,8,"0,6,29,34,36,41,46,56"
381,12:01,3,3,삼성,4,"13,39,42,68"
381,12:01,4,4,여의도,4,"8,33,57,66"
381,12:01,5,5,김포공항,2,"9,21"
381,12:01,6,6,일산,3,"32,49,53"
381,12:01,7,7,판교,8,"10,25,31,47,51,59,60,62"
381,12:01,8,8,동탄/용인,1,38
381,12:01,9,9,평택,7,"11,52,58,61,63,65,69"
382,12:02,10,10,인천공항,3,"19,23,37"
382,12:02,2,2,수서,6,"6,29,36,41,46,56"
382,12:02,3,3,삼성,3,"39,42,68"
382,12:02,4,4,여의도,1,57
382,12:02,5,5,김포공항,2,"9,21"
382,12:02,6,6,일산,2,"32,53"
382,12:02,7,7,판교,9,"10,20,25,31,47,51,59,60,62"
382,12:02,8,8,동탄/용인,1,38
382,12:02,9,9,평택,8,"11,50,52,58,61,63,65,69"
383,12:03,1,1,서울역,2,"5,22"
383,12:03,10,10,인천공항,2,"19,37"
383,12:03,2,2,수서,6,"6,29,36,41,46,56"
383,12:03,3,3,삼성,3,"39,42,68"
383,12:03,4,4,여의도,2,"7,57"
383,12:03,5,5,김포공항,2,"9,21"
383,12:03,6,6,일산,1,32
383,12:03,7,7,판교,9,"10,20,25,31,47,51,59,60,62"
383,12:03,8,8,동탄/용인,1,38
383,12:03,9,9,평택,9,"11,26,50,52,58,61,63,65,69"
384,12:04,1,1,서울역,5,"3,5,22,28,43"
384,12:04,10,10,인천공항,2,"19,37"
384,12:04,2,2,수서,6,"6,29,36,41,46,56"
384,12:04,3,3,삼성,3,"39,42,68"
384,12:04,4,4,여의도,1,7
384,12:04,5,5,김포공항,2,"9,21"
384,12:04,6,6,일산,1,32
384,12:04,7,7,판교,8,"10,20,31,47,51,59,60,62"
384,12:04,8,8,동탄/용인,2,"15,38"
384,12:04,9,9,평택,9,"11,26,50,52,58,61,63,65,69"
385,12:05,1,1,서울역,5,"3,5,22,28,43"
385,12:05,10,10,인천공항,2,"19,37"
385,12:05,2,2,수서,6,"6,29,36,41,46,56"
385,12:05,3,3,삼성,3,"39,42,68"
385,12:05,4,4,여의도,2,"1,7"
385,12:05,5,5,김포공항,2,"9,21"
385,12:05,6,6,일산,1,32
385,12:05,7,7,판교,10,"10,20,24,31,47,48,51,59,60,62"
385,12:05,8,8,동탄/용인,2,"15,38"
385,12:05,9,9,평택,9,"11,26,50,52,58,61,63,65,69"
386,12:06,1,1,서울역,5,"3,5,22,28,43"
386,12:06,10,10,인천공항,2,"19,37"
386,12:06,2,2,수서,6,"6,29,36,41,46,56"
386,12:06,3,3,삼성,3,"39,42,68"
386,12:06,4,4,여의도,2,"1,7"
386,12:06,5,5,김포공항,2,"9,21"
386,12:06,6,6,일산,1,32
386,12:06,7,7,판교,10,"10,20,24,31,47,48,51,59,60,62"
386,12:06,8,8,동탄/용인,2,"15,38"
386,12:06,9,9,평택,8,"11,26,50,58,61,63,65,69"
387,12:07,1,1,서울역,4,"3,5,22,28"
387,12:07,10,10,인천공항,2,"19,37"
387,12:07,2,2,수서,6,"6,29,36,41,46,56"
387,12:07,3,3,삼성,3,"39,42,68"
387,12:07,4,4,여의도,3,"1,7,40"
387,12:07,5,5,김포공항,2,"9,21"
387,12:07,6,6,일산,1,32
387,12:07,7,7,판교,10,"10,20,24,31,47,48,51,59,60,62"
387,12:07,8,8,동탄/용인,2,"15,38"
387,12:07,9,9,평택,8,"11,26,50,58,61,63,65,69"
388,12:08,1,1,서울역,5,"3,5,13,22,28"
388,12:08,10,10,인천공항,2,"19,37"
388,12:08,2,2,수서,7,"6,29,33,36,41,46,56"
388,12:08,3,3,삼성,4,"27,39,42,68"
388,12:08,4,4,여의도,5,"0,1,7,40,44"
388,12:08,5,5,김포공항,3,"9,21,55"
388,12:08,7,7,판교,10,"10,20,24,31,47,48,51,59,60,62"
388,12:08,8,8,동탄/용인,2,"15,38"
388,12:08,9,9,평택,8,"11,26,50,58,61,63,65,69"
389,12:09,1,1,서울역,6,"3,5,13,22,28,49"
389,12:09,10,10,인천공항,2,"19,37"
389,12:09,2,2,수서,7,"6,29,33,36,41,46,56"
389,12:09,3,3,삼성,5,"27,39,42,66,68"
389,12:09,4,4,여의도,5,"0,1,7,40,44"
389,12:09,5,5,김포공항,3,"9,21,55"
389,12:09,6,6,일산,1,35
389,12:09,7,7,판교,11,"8,10,20,24,47,48,51,59,60,62,67"
389,12:09,8,8,동탄/용인,2,"15,38"
389,12:09,9,9,평택,9,"11,16,26,50,58,61,63,65,69"
390,12:10,1,1,서울역,5,"5,13,22,28,49"
390,12:10,10,10,인천공항,2,"19,37"
390,12:10,2,2,수서,7,"6,29,33,36,41,46,56"
390,12:10,3,3,삼성,5,"27,39,42,66,68"
390,12:10,4,4,여의도,4,"0,1,7,44"
390,12:10,5,5,김포공항,3,"9,21,55"
390,12:10,6,6,일산,1,35
390,12:10,7,7,판교,11,"8,10,20,24,47,48,51,59,60,62,67"
390,12:10,8,8,동탄/용인,2,"15,38"
390,12:10,9,9,평택,10,"4,11,16,26,50,58,61,63,65,69"
391,12:11,1,1,서울역,6,"5,13,22,25,28,49"
391,12:11,10,10,인천공항,2,"19,37"
391,12:11,2,2,수서,7,"6,29,33,36,41,46,56"
391,12:11,3,3,삼성,5,"27,39,42,66,68"
391,12:11,4,4,여의도,3,"0,7,44"
391,12:11,5,5,김포공항,3,"9,21,55"
391,12:11,6,6,일산,2,"14,35"
391,12:11,7,7,판교,10,"8,10,24,47,48,51,59,60,62,67"
391,12:11,8,8,동탄/용인,2,"15,38"
391,12:11,9,9,평택,10,"4,11,16,26,50,58,61,63,65,69"
392,12:12,1,1,서울역,6,"5,13,22,25,28,49"
392,12:12,10,10,인천공항,2,"18,37"
392,12:12,2,2,수서,7,"6,29,33,36,41,46,56"
392,12:12,3,3,삼성,4,"27,42,66,68"
392,12:12,4,4,여의도,2,"0,44"
392,12:12,5,5,김포공항,3,"9,21,55"
392,12:12,6,6,일산,2,"14,35"
392,12:12,7,7,판교,10,"8,10,24,47,48,51,59,60,62,67"
392,12:12,8,8,동탄/용인,2,"15,38"
392,12:12,9,9,평택,10,"4,11,16,26,50,58,61,63,65,69"
393,12:13,1,1,서울역,6,"5,13,22,25,28,49"
393,12:13,10,10,인천공항,2,"18,37"
393,12:13,2,2,수서,7,"6,29,33,36,41,46,56"
393,12:13,3,3,삼성,4,"27,54,66,68"
393,12:13,4,4,여의도,2,"0,44"
393,12:13,5,5,김포공항,2,"9,55"
393,12:13,6,6,일산,3,"14,34,35"
393,12:13,7,7,판교,10,"8,10,24,47,48,51,59,60,62,67"
393,12:13,8,8,동탄/용인,3,"12,15,38"
393,12:13,9,9,평택,11,"2,4,11,16,26,50,58,61,63,65,69"
394,12:14,1,1,서울역,5,"5,13,22,28,49"
394,12:14,10,10,인천공항,1,18
394,12:14,2,2,수서,7,"6,29,33,36,41,46,56"
394,12:14,3,3,삼성,4,"27,54,66,68"
394,12:14,4,4,여의도,2,"0,44"
394,12:14,5,5,김포공항,2,"9,55"
394,12:14,6,6,일산,3,"14,34,35"
394,12:14,7,7,판교,10,"8,10,24,47,48,51,59,60,62,67"
394,12:14,8,8,동탄/용인,3,"12,15,38"
394,12:14,9,9,평택,11,"2,4,11,16,26,50,58,61,63,65,69"
395,12:15,1,1,서울역,5,"5,13,22,28,49"
395,12:15,10,10,인천공항,2,"18,64"
395,12:15,2,2,수서,7,"6,29,33,36,41,46,56"
395,12:15,3,3,삼성,4,"27,54,66,68"
395,12:15,4,4,여의도,3,"0,17,44"
395,12:15,5,5,김포공항,2,"9,55"
395,12:15,6,6,일산,3,"14,34,35"
395,12:15,7,7,판교,11,"8,10,24,47,48,51,53,59,60,62,67"
395,12:15,8,8,동탄/용인,4,"12,15,38,57"
395,12:15,9,9,평택,12,"2,4,11,16,26,45,50,58,61,63,65,69"
396,12:16,1,1,서울역,5,"5,13,22,28,49"
396,12:16,10,10,인천공항,2,"18,64"
396,12:16,2,2,수서,7,"6,29,33,36,41,46,56"
396,12:16,3,3,삼성,3,"54,66,68"
396,12:16,4,4,여의도,4,"0,17,30,31"
396,12:16,5,5,김포공항,2,"9,55"
396,12:16,6,6,일산,3,"14,34,35"
396,12:16,7,7,판교,10,"8,10,24,47,51,53,59,60,62,67"
396,12:16,8,8,동탄/용인,4,"12,15,38,57"
396,12:16,9,9,평택,11,"2,4,16,26,45,50,58,61,63,65,69"
397,12:17,1,1,서울역,5,"5,13,22,28,49"
397,12:17,10,10,인천공항,2,"18,64"
397,12:17,2,2,수서,8,"1,6,29,33,36,41,46,56"
397,12:17,3,3,삼성,3,"54,66,68"
397,12:17,4,4,여의도,3,"17,30,31"
397,12:17,5,5,김포공항,1,9
397,12:17,6,6,일산,4,"14,34,35,40"
397,12:17,7,7,판교,9,"8,10,24,51,53,59,60,62,67"
397,12:17,8,8,동탄/용인,4,"12,15,38,57"
397,12:17,9,9,평택,11,"2,4,16,26,45,50,58,61,63,65,69"
398,12:18,1,1,서울역,6,"5,13,20,22,28,49"
398,12:18,10,10,인천공항,1,64
398,12:18,2,2,수서,9,"1,6,7,29,33,36,41,46,56"
398,12:18,3,3,삼성,4,"23,54,66,68"
398,12:18,4,4,여의도,4,"17,25,30,31"
398,12:18,5,5,김포공항,1,9
398,12:18,6,6,일산,4,"14,34,35,40"
398,12:18,7,7,판교,9,"8,10,24,51,53,59,60,62,67"
398,12:18,8,8,동탄/용인,4,"12,15,38,57"
398,12:18,9,9,평택,10,"2,4,26,45,50,58,61,63,65,69"
399,12:19,1,1,서울역,6,"5,13,20,22,28,49"
399,12:19,10,10,인천공항,1,64
399,12:19,2,2,수서,9,"1,6,7,29,33,36,41,46,56"
399,12:19,3,3,삼성,4,"23,54,66,68"
399,12:19,4,4,여의도,4,"17,25,30,31"
399,12:19,5,5,김포공항,1,9
399,12:19,6,6,일산,4,"14,34,35,40"
399,12:19,7,7,판교,9,"8,10,24,51,53,59,60,62,67"
399,12:19,8,8,동탄/용인,4,"12,15,38,57"
399,12:19,9,9,평택,9,"4,26,45,50,58,61,63,65,69"
400,12:20,1,1,서울역,6,"5,13,20,22,28,49"
400,12:20,10,10,인천공항,2,"43,64"
400,12:20,2,2,수서,9,"1,6,7,29,33,36,41,46,56"
400,12:20,3,3,삼성,4,"23,54,66,68"
400,12:20,4,4,여의도,4,"17,25,30,31"
400,12:20,5,5,김포공항,1,9
400,12:20,6,6,일산,4,"14,34,35,40"
400,12:20,7,7,판교,10,"8,10,24,32,51,53,59,60,62,67"
400,12:20,8,8,동탄/용인,4,"12,15,38,57"
400,12:20,9,9,평택,9,"4,26,45,50,58,61,63,65,69"
401,12:21,1,1,서울역,6,"5,13,20,22,28,49"
401,12:21,10,10,인천공항,1,43
401,12:21,2,2,수서,9,"1,6,7,29,33,36,41,46,56"
401,12:21,3,3,삼성,4,"23,54,66,68"
401,12:21,4,4,여의도,4,"17,30,31,52"
401,12:21,5,5,김포공항,1,9
401,12:21,6,6,일산,4,"14,34,35,40"
401,12:21,7,7,판교,10,"8,10,24,32,51,53,59,60,62,67"
401,12:21,8,8,동탄/용인,4,"12,15,38,57"
401,12:21,9,9,평택,8,"4,45,50,58,61,63,65,69"
402,12:22,1,1,서울역,5,"5,20,22,28,49"
402,12:22,10,10,인천공항,1,43
402,12:22,2,2,수서,9,"1,6,7,29,33,36,41,46,56"
402,12:22,3,3,삼성,4,"23,54,66,68"
402,12:22,4,4,여의도,3,"17,31,52"
402,12:22,5,5,김포공항,1,9
402,12:22,6,6,일산,4,"14,34,35,40"
402,12:22,7,7,판교,9,"8,10,24,32,51,53,59,62,67"
402,12:22,8,8,동탄/용인,4,"12,15,38,57"
402,12:22,9,9,평택,8,"4,45,50,58,61,63,65,69"
403,12:23,1,1,서울역,5,"5,20,22,28,49"
403,12:23,10,10,인천공항,3,"3,21,43"
403,12:23,2,2,수서,9,"1,6,7,29,33,36,41,46,56"
403,12:23,3,3,삼성,4,"23,54,66,68"
403,12:23,4,4,여의도,4,"17,31,48,52"
403,12:23,5,5,김포공항,1,9
403,12:23,6,6,일산,4,"14,34,35,40"
403,12:23,7,7,판교,8,"8,10,32,51,53,59,62,67"
403,12:23,8,8,동탄/용인,4,"12,15,38,57"
403,12:23,9,9,평택,8,"4,45,50,58,61,63,65,69"
404,12:24,1,1,서울역,5,"5,20,22,47,49"
404,12:24,10,10,인천공항,3,"3,21,43"
404,12:24,2,2,수서,9,"1,6,7,29,33,36,41,46,56"
404,12:24,3,3,삼성,4,"0,54,66,68"
404,12:24,4,4,여의도,5,"17,19,31,48,52"
404,12:24,5,5,김포공항,1,9
404,12:24,6,6,일산,4,"14,34,35,40"
404,12:24,7,7,판교,7,"10,32,51,53,59,62,67"
404,12:24,8,8,동탄/용인,4,"12,15,38,57"
404,12:24,9,9,평택,8,"4,45,50,58,61,63,65,69"
405,12:25,1,1,서울역,5,"5,20,22,47,49"
405,12:25,10,10,인천공항,3,"3,21,43"
405,12:25,2,2,수서,9,"1,6,7,29,33,36,41,46,56"
405,12:25,3,3,삼성,4,"0,54,66,68"
405,12:25,4,4,여의도,4,"17,19,48,52"
405,12:25,5,5,김포공항,1,9
405,12:25,6,6,일산,4,"14,34,35,40"
405,12:25,7,7,판교,7,"10,32,51,53,59,62,67"
405,12:25,8,8,동탄/용인,4,"12,15,38,57"
405,12:25,9,9,평택,8,"4,45,50,58,61,63,65,69"
406,12:26,1,1,서울역,5,"5,20,22,47,49"
406,12:26,10,10,인천공항,2,"3,21"
406,12:26,2,2,수서,9,"1,6,7,29,33,36,41,46,56"
406,12:26,3,3,삼성,4,"0,54,66,68"
406,12:26,4,4,여의도,3,"19,48,52"
406,12:26,5,5,김포공항,1,9
406,12:26,6,6,일산,5,"14,27,34,35,40"
406,12:26,7,7,판교,6,"10,51,53,59,62,67"
406,12:26,8,8,동탄/용인,4,"12,15,38,57"
406,12:26,9,9,평택,8,"4,45,50,58,61,63,65,69"
407,12:27,1,1,서울역,5,"5,20,22,47,49"
407,12:27,10,10,인천공항,3,"3,21,55"
407,12:27,2,2,수서,9,"1,6,7,29,33,36,41,46,56"
407,12:27,3,3,삼성,3,"0,66,68"
407,12:27,4,4,여의도,3,"19,48,52"
407,12:27,5,5,김포공항,1,9
407,12:27,6,6,일산,5,"14,27,34,35,40"
407,12:27,7,7,판교,6,"10,51,53,59,62,67"
407,12:27,8,8,동탄/용인,4,"12,15,38,57"
407,12:27,9,9,평택,9,"4,39,45,50,58,61,63,65,69"
408,12:28,1,1,서울역,5,"5,20,22,47,49"
408,12:28,10,10,인천공항,4,"3,21,44,55"
408,12:28,2,2,수서,9,"1,6,7,29,33,36,41,46,56"
408,12:28,3,3,삼성,3,"0,66,68"
408,12:28,4,4,여의도,3,"19,48,52"
408,12:28,5,5,김포공항,1,9
408,12:28,6,6,일산,5,"14,27,34,35,40"
408,12:28,7,7,판교,6,"10,51,53,59,62,67"
408,12:28,8,8,동탄/용인,4,"12,15,38,57"
408,12:28,9,9,평택,10,"4,39,42,45,50,58,61,63,65,69"
409,12:29,1,1,서울역,5,"5,20,22,47,49"
409,12:29,10,10,인천공항,3,"3,44,55"
409,12:29,2,2,수서,9,"1,6,7,29,33,36,41,46,56"
409,12:29,3,3,삼성,4,"0,37,66,68"
409,12:29,4,4,여의도,3,"19,48,52"
409,12:29,6,6,일산,4,"27,34,35,40"
409,12:29,7,7,판교,6,"10,51,53,59,62,67"
409,12:29,8,8,동탄/용인,4,"12,15,38,57"
409,12:29,9,9,평택,10,"4,39,42,45,50,58,61,63,65,69"
410,12:30,1,1,서울역,6,"5,20,22,24,47,49"
410,12:30,10,10,인천공항,3,"3,44,55"
410,12:30,2,2,수서,9,"1,6,7,29,33,36,41,46,56"
410,12:30,3,3,삼성,4,"0,37,66,68"
410,12:30,4,4,여의도,2,"48,52"
410,12:30,6,6,일산,4,"27,34,35,40"
410,12:30,7,7,판교,6,"10,51,53,59,62,67"
410,12:30,8,8,동탄/용인,4,"12,15,38,57"
410,12:30,9,9,평택,10,"4,39,42,45,50,58,61,63,65,69"
411,12:31,1,1,서울역,6,"5,20,22,24,47,49"
411,12:31,10,10,인천공항,3,"3,44,55"
411,12:31,2,2,수서,9,"1,6,7,29,33,36,41,46,56"
411,12:31,3,3,삼성,4,"0,37,66,68"
411,12:31,4,4,여의도,3,"8,48,52"
411,12:31,6,6,일산,4,"27,34,35,40"
411,12:31,7,7,판교,6,"10,51,53,59,62,67"
411,12:31,8,8,동탄/용인,4,"12,15,38,57"
411,12:31,9,9,평택,9,"39,42,45,50,58,61,63,65,69"
412,12:32,1,1,서울역,6,"5,11,22,24,47,49"
412,12:32,10,10,인천공항,3,"3,44,55"
412,12:32,2,2,수서,9,"1,6,7,29,33,36,41,46,56"
412,12:32,3,3,삼성,4,"0,37,66,68"
412,12:32,4,4,여의도,3,"8,48,52"
412,12:32,6,6,일산,4,"27,34,35,40"
412,12:32,7,7,판교,5,"51,53,59,62,67"
412,12:32,8,8,동탄/용인,4,"12,15,38,57"
412,12:32,9,9,평택,9,"39,42,45,50,58,61,63,65,69"
413,12:33,1,1,서울역,4,"11,22,24,49"
413,12:33,10,10,인천공항,3,"3,44,55"
413,12:33,2,2,수서,9,"1,6,7,29,33,36,41,46,56"
413,12:33,3,3,삼성,6,"0,16,18,37,66,68"
413,12:33,4,4,여의도,4,"8,32,48,52"
413,12:33,6,6,일산,4,"27,34,35,40"
413,12:33,7,7,판교,5,"17,53,59,62,67"
413,12:33,8,8,동탄/용인,5,"12,15,30,38,57"
413,12:33,9,9,평택,9,"39,42,45,50,58,61,63,65,69"
414,12:34,1,1,서울역,4,"11,22,24,49"
414,12:34,10,10,인천공항,3,"3,44,55"
414,12:34,2,2,수서,9,"1,6,7,29,33,36,41,46,56"
414,12:34,3,3,삼성,6,"0,16,18,37,66,68"
414,12:34,4,4,여의도,5,"2,8,32,48,52"
414,12:34,6,6,일산,5,"23,27,35,40,60"
414,12:34,7,7,판교,5,"17,53,59,62,67"
414,12:34,8,8,동탄/용인,5,"12,15,30,38,57"
414,12:34,9,9,평택,9,"39,42,45,50,58,61,63,65,69"
415,12:35,1,1,서울역,4,"11,22,24,49"
415,12:35,10,10,인천공항,4,"3,13,44,55"
415,12:35,2,2,수서,9,"1,6,7,29,33,36,41,46,56"
415,12:35,3,3,삼성,6,"0,16,18,37,66,68"
415,12:35,4,4,여의도,5,"2,8,32,48,52"
415,12:35,6,6,일산,5,"23,27,35,40,60"
415,12:35,7,7,판교,5,"17,53,59,62,67"
415,12:35,8,8,동탄/용인,5,"12,15,30,38,57"
415,12:35,9,9,평택,9,"39,42,45,50,58,61,63,65,69"
416,12:36,1,1,서울역,5,"11,14,22,24,49"
416,12:36,10,10,인천공항,4,"3,13,44,55"
416,12:36,2,2,수서,9,"1,6,7,29,33,36,41,46,56"
416,12:36,3,3,삼성,7,"0,16,18,37,64,66,68"
416,12:36,4,4,여의도,5,"2,8,32,48,52"
416,12:36,5,5,김포공항,1,19
416,12:36,6,6,일산,5,"23,27,35,40,60"
416,12:36,7,7,판교,5,"17,53,59,62,67"
416,12:36,8,8,동탄/용인,5,"12,15,30,38,57"
416,12:36,9,9,평택,10,"25,39,42,45,50,58,61,63,65,69"
417,12:37,1,1,서울역,6,"11,14,22,24,26,49"
417,12:37,10,10,인천공항,5,"3,13,31,44,55"
417,12:37,2,2,수서,9,"1,6,7,29,33,36,41,46,56"
417,12:37,3,3,삼성,8,"0,9,16,18,37,64,66,68"
417,12:37,4,4,여의도,5,"2,8,32,48,52"
417,12:37,5,5,김포공항,1,19
417,12:37,6,6,일산,5,"23,27,35,40,60"
417,12:37,7,7,판교,5,"17,53,59,62,67"
417,12:37,8,8,동탄/용인,5,"12,15,30,38,57"
417,12:37,9,9,평택,10,"25,39,42,45,50,58,61,63,65,69"
418,12:38,1,1,서울역,5,"11,14,22,24,26"
418,12:38,10,10,인천공항,5,"3,13,31,44,55"
418,12:38,2,2,수서,7,"6,7,29,33,41,46,56"
418,12:38,3,3,삼성,8,"0,9,16,18,37,64,66,68"
418,12:38,4,4,여의도,5,"2,8,32,48,52"
418,12:38,5,5,김포공항,1,19
418,12:38,6,6,일산,5,"23,27,35,40,60"
418,12:38,7,7,판교,5,"17,53,59,62,67"
418,12:38,8,8,동탄/용인,5,"12,15,30,38,57"
418,12:38,9,9,평택,10,"25,39,42,45,50,58,61,63,65,69"
419,12:39,1,1,서울역,5,"11,14,22,24,26"
419,12:39,10,10,인천공항,5,"3,13,31,44,55"
419,12:39,2,2,수서,6,"7,29,33,41,46,56"
419,12:39,3,3,삼성,8,"0,9,16,18,37,64,66,68"
419,12:39,4,4,여의도,6,"2,8,10,32,48,52"
419,12:39,6,6,일산,5,"23,27,35,40,60"
419,12:39,7,7,판교,5,"17,53,59,62,67"
419,12:39,8,8,동탄/용인,5,"12,15,30,38,57"
419,12:39,9,9,평택,10,"25,39,42,45,50,58,61,63,65,69"
420,12:40,1,1,서울역,5,"11,14,22,24,26"
420,12:40,10,10,인천공항,5,"3,13,31,44,55"
420,12:40,2,2,수서,6,"7,29,33,41,46,56"
420,12:40,3,3,삼성,8,"0,9,16,18,37,64,66,68"
420,12:40,4,4,여의도,6,"8,10,32,48,51,52"
420,12:40,6,6,일산,5,"23,27,35,40,60"
420,12:40,7,7,판교,5,"17,53,59,62,67"
420,12:40,8,8,동탄/용인,5,"12,15,30,38,57"
420,12:40,9,9,평택,11,"25,28,39,42,45,50,58,61,63,65,69"
421,12:41,1,1,서울역,5,"11,14,22,24,26"
421,12:41,10,10,인천공항,5,"3,13,31,44,55"
421,12:41,2,2,수서,6,"7,29,33,41,46,56"
421,12:41,3,3,삼성,9,"0,9,16,18,37,43,64,66,68"
421,12:41,4,4,여의도,6,"8,10,32,48,51,52"
421,12:41,6,6,일산,5,"23,27,35,40,60"
421,12:41,7,7,판교,5,"17,53,59,62,67"
421,12:41,8,8,동탄/용인,5,"12,15,30,38,57"
421,12:41,9,9,평택,11,"25,28,39,42,45,50,58,61,63,65,69"
422,12:42,1,1,서울역,5,"11,14,22,24,26"
422,12:42,10,10,인천공항,5,"3,13,31,44,55"
422,12:42,2,2,수서,6,"7,29,33,41,46,56"
422,12:42,3,3,삼성,9,"0,9,16,18,37,43,64,66,68"
422,12:42,4,4,여의도,6,"8,10,32,48,51,52"
422,12:42,6,6,일산,5,"23,27,35,40,60"
422,12:42,7,7,판교,5,"17,53,59,62,67"
422,12:42,8,8,동탄/용인,5,"12,15,30,38,57"
422,12:42,9,9,평택,12,"25,28,39,42,45,50,54,58,61,63,65,69"
423,12:43,1,1,서울역,4,"11,22,24,26"
423,12:43,10,10,인천공항,3,"13,31,55"
423,12:43,2,2,수서,6,"7,29,33,41,46,56"
423,12:43,3,3,삼성,9,"0,9,16,18,37,43,64,66,68"
423,12:43,4,4,여의도,6,"8,10,32,48,51,52"
423,12:43,6,6,일산,5,"23,27,35,40,60"
423,12:43,7,7,판교,5,"17,53,59,62,67"
423,12:43,8,8,동탄/용인,4,"12,15,38,57"
423,12:43,9,9,평택,12,"25,28,39,42,45,50,54,58,61,63,65,69"
424,12:44,1,1,서울역,3,"11,24,26"
424,12:44,10,10,인천공항,2,"31,55"
424,12:44,2,2,수서,6,"7,29,33,41,46,56"
424,12:44,3,3,삼성,8,"9,16,18,21,43,64,66,68"
424,12:44,4,4,여의도,6,"8,10,32,48,51,52"
424,12:44,6,6,일산,5,"23,27,35,40,60"
424,12:44,7,7,판교,5,"17,53,59,62,67"
424,12:44,8,8,동탄/용인,4,"12,15,38,57"
424,12:44,9,9,평택,12,"25,28,39,42,45,50,54,58,61,63,65,69"
425,12:45,1,1,서울역,3,"11,24,26"
425,12:45,10,10,인천공항,3,"20,31,55"
425,12:45,2,2,수서,7,"7,29,33,34,41,46,56"
425,12:45,3,3,삼성,6,"18,21,43,64,66,68"
425,12:45,4,4,여의도,6,"8,10,32,48,51,52"
425,12:45,6,6,일산,3,"23,40,60"
425,12:45,7,7,판교,4,"17,59,62,67"
425,12:45,8,8,동탄/용인,5,"5,12,15,38,57"
425,12:45,9,9,평택,12,"25,28,39,42,45,50,54,58,61,63,65,69"
426,12:46,1,1,서울역,3,"11,24,26"
426,12:46,10,10,인천공항,3,"20,31,55"
426,12:46,2,2,수서,7,"7,29,33,34,41,46,56"
426,12:46,3,3,삼성,6,"18,21,43,64,66,68"
426,12:46,4,4,여의도,7,"4,8,10,32,48,51,52"
426,12:46,5,5,김포공항,1,1
426,12:46,6,6,일산,3,"23,40,60"
426,12:46,7,7,판교,4,"17,59,62,67"
426,12:46,8,8,동탄/용인,5,"5,12,15,38,57"
426,12:46,9,9,평택,12,"25,28,39,42,45,50,54,58,61,63,65,69"
427,12:47,1,1,서울역,3,"11,24,26"
427,12:47,10,10,인천공항,3,"20,31,55"
427,12:47,2,2,수서,7,"7,19,29,33,34,41,56"
427,12:47,3,3,삼성,5,"18,43,64,66,68"
427,12:47,4,4,여의도,7,"4,8,10,32,48,51,52"
427,12:47,5,5,김포공항,2,"1,6"
427,12:47,6,6,일산,3,"23,40,60"
427,12:47,7,7,판교,3,"17,62,67"
427,12:47,8,8,동탄/용인,5,"5,12,15,38,57"
427,12:47,9,9,평택,12,"25,28,39,42,45,50,54,58,61,63,65,69"
428,12:48,1,1,서울역,3,"11,24,26"
428,12:48,10,10,인천공항,2,"20,55"
428,12:48,2,2,수서,7,"7,19,29,33,34,41,56"
428,12:48,3,3,삼성,5,"18,43,64,66,68"
428,12:48,4,4,여의도,7,"4,8,10,32,48,51,52"
428,12:48,5,5,김포공항,2,"1,6"
428,12:48,6,6,일산,3,"23,40,60"
428,12:48,7,7,판교,3,"17,62,67"
428,12:48,8,8,동탄/용인,5,"5,12,15,38,57"
428,12:48,9,9,평택,11,"28,39,42,45,50,54,58,61,63,65,69"
429,12:49,1,1,서울역,3,"11,24,26"
429,12:49,10,10,인천공항,2,"20,55"
429,12:49,2,2,수서,6,"7,19,29,34,41,56"
429,12:49,3,3,삼성,5,"18,43,64,66,68"
429,12:49,4,4,여의도,7,"4,8,10,32,48,51,52"
429,12:49,5,5,김포공항,2,"1,6"
429,12:49,6,6,일산,2,"40,60"
429,12:49,7,7,판교,3,"17,62,67"
429,12:49,8,8,동탄/용인,5,"5,12,15,38,57"
429,12:49,9,9,평택,12,"28,39,42,45,47,50,54,58,61,63,65,69"
430,12:50,1,1,서울역,3,"11,24,26"
430,12:50,10,10,인천공항,1,20
430,12:50,2,2,수서,6,"7,19,29,34,41,56"
430,12:50,3,3,삼성,5,"18,43,64,66,68"
430,12:50,4,4,여의도,7,"4,8,10,32,48,51,52"
430,12:50,5,5,김포공항,2,"1,6"
430,12:50,6,6,일산,2,"40,60"
430,12:50,7,7,판교,4,"17,30,62,67"
430,12:50,8,8,동탄/용인,5,"5,12,15,38,57"
430,12:50,9,9,평택,12,"28,39,42,45,47,50,54,58,61,63,65,69"
431,12:51,1,1,서울역,3,"11,24,26"
431,12:51,10,10,인천공항,1,20
431,12:51,2,2,수서,5,"19,29,34,41,56"
431,12:51,3,3,삼성,4,"43,64,66,68"
431,12:51,4,4,여의도,7,"4,8,10,32,48,51,52"
431,12:51,5,5,김포공항,2,"1,6"
431,12:51,6,6,일산,2,"40,60"
431,12:51,7,7,판교,3,"17,30,67"
431,12:51,8,8,동탄/용인,5,"5,12,15,38,57"
431,12:51,9,9,평택,12,"28,39,42,45,47,50,54,58,61,63,65,69"
432,12:52,1,1,서울역,3,"11,24,26"
432,12:52,10,10,인천공항,1,20
432,12:52,2,2,수서,5,"19,29,34,41,56"
432,12:52,3,3,삼성,4,"43,64,66,68"
432,12:52,4,4,여의도,8,"4,8,10,32,48,51,52,53"
432,12:52,5,5,김포공항,2,"1,6"
432,12:52,6,6,일산,2,"40,60"
432,12:52,7,7,판교,2,"17,30"
432,12:52,8,8,동탄/용인,5,"5,12,15,38,57"
432,12:52,9,9,평택,12,"28,36,42,45,47,50,54,58,61,63,65,69"
433,12:53,1,1,서울역,3,"11,24,26"
433,12:53,10,10,인천공항,1,20
433,12:53,2,2,수서,5,"19,29,34,41,56"
433,12:53,3,3,삼성,4,"43,64,66,68"
433,12:53,4,4,여의도,8,"4,8,10,32,48,51,52,53"
433,12:53,5,5,김포공항,2,"1,6"
433,12:53,6,6,일산,2,"40,60"
433,12:53,7,7,판교,2,"17,30"
433,12:53,8,8,동탄/용인,5,"5,12,15,38,57"
433,12:53,9,9,평택,12,"28,36,42,45,47,50,54,58,61,63,65,69"
434,12:54,1,1,서울역,4,"11,24,26,46"
434,12:54,10,10,인천공항,1,20
434,12:54,2,2,수서,5,"19,29,34,41,56"
434,12:54,3,3,삼성,4,"43,64,66,68"
434,12:54,4,4,여의도,9,"4,8,10,32,48,51,52,53,59"
434,12:54,5,5,김포공항,2,"1,6"
434,12:54,6,6,일산,3,"0,40,60"
434,12:54,7,7,판교,3,"17,21,30"
434,12:54,8,8,동탄/용인,5,"5,12,15,38,57"
434,12:54,9,9,평택,13,"28,36,42,45,47,49,50,54,58,61,63,65,69"
435,12:55,1,1,서울역,4,"11,24,26,46"
435,12:55,10,10,인천공항,1,20
435,12:55,2,2,수서,5,"19,29,34,41,56"
435,12:55,3,3,삼성,4,"43,64,66,68"
435,12:55,4,4,여의도,9,"3,4,8,10,32,48,52,53,59"
435,12:55,5,5,김포공항,2,"1,6"
435,12:55,6,6,일산,3,"0,40,60"
435,12:55,7,7,판교,3,"17,21,30"
435,12:55,8,8,동탄/용인,5,"5,12,15,38,57"
435,12:55,9,9,평택,14,"2,28,36,42,45,47,49,50,54,58,61,63,65,69"
436,12:56,1,1,서울역,4,"11,24,26,46"
436,12:56,10,10,인천공항,2,"14,20"
436,12:56,2,2,수서,5,"19,29,34,41,56"
436,12:56,3,3,삼성,4,"43,64,66,68"
436,12:56,4,4,여의도,9,"3,4,8,10,32,48,52,53,59"
436,12:56,5,5,김포공항,2,"1,6"
436,12:56,6,6,일산,3,"0,40,60"
436,12:56,7,7,판교,3,"17,21,30"
436,12:56,8,8,동탄/용인,5,"5,12,15,38,57"
436,12:56,9,9,평택,14,"2,28,36,42,45,47,49,50,54,58,61,63,65,69"
437,12:57,1,1,서울역,3,"11,24,26"
437,12:57,10,10,인천공항,3,"14,20,22"
437,12:57,2,2,수서,5,"19,29,34,41,56"
437,12:57,3,3,삼성,4,"43,64,66,68"
437,12:57,4,4,여의도,9,"3,4,8,10,32,48,52,53,59"
437,12:57,5,5,김포공항,2,"1,6"
437,12:57,6,6,일산,2,"0,60"
437,12:57,7,7,판교,4,"17,27,30,35"
437,12:57,8,8,동탄/용인,5,"5,12,15,38,57"
437,12:57,9,9,평택,14,"2,28,36,42,45,47,49,50,54,58,61,63,65,69"
438,12:58,1,1,서울역,3,"11,24,26"
438,12:58,10,10,인천공항,3,"14,20,22"
438,12:58,2,2,수서,3,"29,41,56"
438,12:58,3,3,삼성,5,"43,44,64,66,68"
438,12:58,4,4,여의도,10,"3,4,8,10,32,48,52,53,59,62"
438,12:58,5,5,김포공항,2,"1,6"
438,12:58,6,6,일산,2,"0,60"
438,12:58,7,7,판교,3,"27,30,35"
438,12:58,8,8,동탄/용인,5,"5,12,15,38,57"
438,12:58,9,9,평택,14,"2,28,36,42,45,47,49,50,54,58,61,63,65,69"
439,12:59,1,1,서울역,3,"11,24,26"
439,12:59,10,10,인천공항,3,"14,20,22"
439,12:59,2,2,수서,3,"29,41,56"
439,12:59,3,3,삼성,6,"13,43,44,64,66,68"
439,12:59,4,4,여의도,10,"3,4,10,32,48,52,53,59,62,67"
439,12:59,5,5,김포공항,3,"1,6,7"
439,12:59,6,6,일산,2,"0,60"
439,12:59,7,7,판교,3,"27,30,35"
439,12:59,8,8,동탄/용인,5,"5,12,15,38,57"
439,12:59,9,9,평택,15,"2,28,36,37,42,45,47,49,50,54,58,61,63,65,69"
440,13:00,1,1,서울역,3,"11,24,26"
440,13:00,10,10,인천공항,4,"14,20,22,23"
440,13:00,2,2,수서,3,"29,41,56"
440,13:00,3,3,삼성,6,"13,43,44,64,66,68"
440,13:00,4,4,여의도,10,"3,4,10,32,48,52,53,59,62,67"
440,13:00,5,5,김포공항,3,"1,6,7"
440,13:00,6,6,일산,3,"0,33,60"
440,13:00,7,7,판교,3,"27,30,35"
440,13:00,8,8,동탄/용인,5,"5,12,15,38,57"
440,13:00,9,9,평택,17,"2,9,16,28,36,37,42,45,47,49,50,54,58,61,63,65,69"
441,13:01,1,1,서울역,2,"24,26"
441,13:01,10,10,인천공항,4,"14,20,22,23"
441,13:01,2,2,수서,3,"29,41,56"
441,13:01,3,3,삼성,6,"13,43,44,64,66,68"
441,13:01,4,4,여의도,8,"3,4,10,52,53,59,62,67"
441,13:01,5,5,김포공항,3,"1,6,7"
441,13:01,6,6,일산,3,"0,33,60"
441,13:01,7,7,판교,2,"27,35"
441,13:01,8,8,동탄/용인,4,"12,15,38,57"
441,13:01,9,9,평택,16,"2,9,16,36,37,42,45,47,49,50,54,58,61,63,65,69"
442,13:02,1,1,서울역,1,24
442,13:02,10,10,인천공항,4,"14,20,22,23"
442,13:02,2,2,수서,3,"29,41,56"
442,13:02,3,3,삼성,5,"43,44,64,66,68"
442,13:02,4,4,여의도,8,"3,4,10,52,53,59,62,67"
442,13:02,5,5,김포공항,3,"1,6,7"
442,13:02,6,6,일산,3,"0,33,60"
442,13:02,7,7,판교,2,"27,35"
442,13:02,8,8,동탄/용인,4,"12,15,38,57"
442,13:02,9,9,평택,16,"2,9,16,36,37,42,45,47,49,50,54,58,61,63,65,69"
443,13:03,1,1,서울역,1,24
443,13:03,10,10,인천공항,4,"14,20,22,23"
443,13:03,2,2,수서,2,"29,56"
443,13:03,3,3,삼성,6,"31,43,44,64,66,68"
443,13:03,4,4,여의도,9,"3,4,10,25,52,53,59,62,67"
443,13:03,5,5,김포공항,3,"1,6,7"
443,13:03,6,6,일산,2,"0,33"
443,13:03,7,7,판교,2,"27,35"
443,13:03,8,8,동탄/용인,4,"12,15,38,57"
443,13:03,9,9,평택,15,"2,9,16,37,42,45,47,49,50,54,58,61,63,65,69"
444,13:04,1,1,서울역,1,24
444,13:04,10,10,인천공항,4,"14,20,22,23"
444,13:04,2,2,수서,2,"29,56"
444,13:04,3,3,삼성,6,"31,43,44,64,66,68"
444,13:04,4,4,여의도,10,"3,4,10,21,25,52,53,59,62,67"
444,13:04,5,5,김포공항,3,"1,6,7"
444,13:04,6,6,일산,2,"0,33"
444,13:04,7,7,판교,2,"27,35"
444,13:04,8,8,동탄/용인,3,"12,38,57"
444,13:04,9,9,평택,15,"2,9,16,37,42,45,47,49,50,54,58,61,63,65,69"
445,13:05,1,1,서울역,2,"24,48"
445,13:05,10,10,인천공항,4,"14,20,22,23"
445,13:05,2,2,수서,2,"29,56"
445,13:05,3,3,삼성,7,"31,43,44,55,64,66,68"
445,13:05,4,4,여의도,11,"3,4,10,17,21,25,52,53,59,62,67"
445,13:05,5,5,김포공항,3,"1,6,7"
445,13:05,6,6,일산,2,"0,33"
445,13:05,7,7,판교,2,"27,35"
445,13:05,8,8,동탄/용인,3,"12,38,57"
445,13:05,9,9,평택,15,"2,9,16,37,42,45,47,49,50,54,58,61,63,65,69"
446,13:06,1,1,서울역,2,"24,48"
446,13:06,10,10,인천공항,4,"14,20,22,23"
446,13:06,2,2,수서,1,56
446,13:06,3,3,삼성,7,"31,43,44,55,64,66,68"
446,13:06,4,4,여의도,11,"3,4,10,17,21,25,52,53,59,62,67"
446,13:06,5,5,김포공항,4,"1,6,7,19"
446,13:06,6,6,일산,2,"0,33"
446,13:06,7,7,판교,2,"27,35"
446,13:06,8,8,동탄/용인,2,"12,38"
446,13:06,9,9,평택,16,"2,9,16,18,37,42,45,47,49,50,54,58,61,63,65,69"
447,13:07,1,1,서울역,2,"24,48"
447,13:07,10,10,인천공항,5,"14,20,22,23,51"
447,13:07,2,2,수서,1,56
447,13:07,3,3,삼성,8,"11,31,43,44,55,64,66,68"
447,13:07,4,4,여의도,11,"3,4,10,17,21,25,52,53,59,62,67"
447,13:07,5,5,김포공항,4,"1,6,7,19"
447,13:07,6,6,일산,2,"0,33"
447,13:07,7,7,판교,1,35
447,13:07,8,8,동탄/용인,2,"12,38"
447,13:07,9,9,평택,16,"2,9,16,18,37,42,45,47,49,50,54,58,61,63,65,69"
448,13:08,1,1,서울역,1,24
448,13:08,10,10,인천공항,4,"14,20,23,51"
448,13:08,3,3,삼성,8,"11,31,43,44,55,64,66,68"
448,13:08,4,4,여의도,11,"3,4,10,17,21,25,52,53,59,62,67"
448,13:08,5,5,김포공항,4,"1,6,7,19"
448,13:08,6,6,일산,2,"0,33"
448,13:08,7,7,판교,1,35
448,13:08,8,8,동탄/용인,2,"12,38"
448,13:08,9,9,평택,16,"2,9,16,18,37,42,45,47,49,50,54,58,61,63,65,69"
449,13:09,1,1,서울역,1,24
449,13:09,10,10,인천공항,4,"14,20,23,51"
449,13:09,3,3,삼성,8,"11,31,43,44,55,64,66,68"
449,13:09,4,4,여의도,11,"3,4,10,17,21,25,52,53,59,62,67"
449,13:09,5,5,김포공항,4,"1,6,7,19"
449,13:09,6,6,일산,3,"0,33,34"
449,13:09,7,7,판교,3,"13,35,40"
449,13:09,8,8,동탄/용인,2,"12,38"
449,13:09,9,9,평택,16,"2,9,16,18,37,42,45,47,49,50,54,58,61,63,65,69"
450,13:10,1,1,서울역,1,24
450,13:10,10,10,인천공항,5,"14,20,23,46,51"
450,13:10,3,3,삼성,8,"11,31,43,44,55,64,66,68"
450,13:10,4,4,여의도,10,"3,10,17,21,25,52,53,59,62,67"
450,13:10,5,5,김포공항,4,"1,6,7,19"
450,13:10,6,6,일산,3,"0,33,34"
450,13:10,7,7,판교,2,"13,40"
450,13:10,8,8,동탄/용인,3,"8,12,38"
450,13:10,9,9,평택,16,"2,9,16,18,37,42,45,47,49,50,54,58,61,63,65,69"
451,13:11,1,1,서울역,1,24
451,13:11,10,10,인천공항,5,"14,20,23,46,51"
451,13:11,3,3,삼성,9,"5,11,31,43,44,55,64,66,68"
451,13:11,4,4,여의도,10,"3,10,17,21,25,52,53,59,62,67"
451,13:11,5,5,김포공항,5,"1,6,7,19,41"
451,13:11,6,6,일산,2,"0,34"
451,13:11,7,7,판교,2,"13,40"
451,13:11,8,8,동탄/용인,3,"8,12,38"
451,13:11,9,9,평택,15,"9,16,18,37,42,45,47,49,50,54,58,61,63,65,69"
452,13:12,1,1,서울역,1,24
452,13:12,10,10,인천공항,5,"14,20,23,46,51"
452,13:12,3,3,삼성,9,"5,11,31,43,44,55,64,66,68"
452,13:12,4,4,여의도,10,"3,10,17,21,25,52,53,59,62,67"
452,13:12,5,5,김포공항,5,"1,6,7,19,41"
452,13:12,6,6,일산,3,"0,34,39"
452,13:12,7,7,판교,1,40
452,13:12,8,8,동탄/용인,3,"8,12,38"
452,13:12,9,9,평택,15,"9,16,18,37,42,45,47,49,50,54,58,61,63,65,69"
453,13:13,1,1,서울역,1,24
453,13:13,10,10,인천공항,5,"14,20,23,46,51"
453,13:13,3,3,삼성,9,"5,11,31,43,44,55,64,66,68"
453,13:13,4,4,여의도,10,"3,10,17,21,25,52,53,59,62,67"
453,13:13,5,5,김포공항,5,"1,6,7,19,41"
453,13:13,6,6,일산,3,"0,34,39"
453,13:13,7,7,판교,1,40
453,13:13,8,8,동탄/용인,3,"8,12,38"
453,13:13,9,9,평택,15,"9,16,18,37,42,45,47,49,50,54,58,61,63,65,69"
454,13:14,1,1,서울역,1,24
454,13:14,10,10,인천공항,4,"14,20,23,46"
454,13:14,3,3,삼성,9,"5,11,31,43,44,55,64,66,68"
454,13:14,4,4,여의도,11,"3,10,17,21,25,27,52,53,59,62,67"
454,13:14,5,5,김포공항,6,"1,6,7,19,29,41"
454,13:14,6,6,일산,3,"0,34,39"
454,13:14,7,7,판교,1,40
454,13:14,8,8,동탄/용인,3,"8,12,38"
454,13:14,9,9,평택,15,"9,16,18,37,42,45,47,49,50,54,58,61,63,65,69"
455,13:15,1,1,서울역,1,24
455,13:15,10,10,인천공항,4,"14,20,23,46"
455,13:15,3,3,삼성,9,"5,11,31,43,44,55,64,66,68"
455,13:15,4,4,여의도,12,"3,10,15,17,21,25,27,52,53,59,62,67"
455,13:15,5,5,김포공항,6,"1,6,7,19,29,41"
455,13:15,6,6,일산,2,"0,39"
455,13:15,7,7,판교,1,60
455,13:15,8,8,동탄/용인,3,"8,12,38"
455,13:15,9,9,평택,15,"9,16,18,37,42,45,47,49,50,54,58,61,63,65,69"
456,13:16,1,1,서울역,1,24
456,13:16,10,10,인천공항,4,"14,20,23,46"
456,13:16,3,3,삼성,9,"5,11,31,43,44,55,64,66,68"
456,13:16,4,4,여의도,13,"3,10,15,17,21,25,27,28,52,53,59,62,67"
456,13:16,5,5,김포공항,6,"1,6,7,19,29,41"
456,13:16,6,6,일산,2,"0,39"
456,13:16,7,7,판교,1,60
456,13:16,8,8,동탄/용인,3,"8,12,38"
456,13:16,9,9,평택,15,"16,18,32,37,42,45,47,49,50,54,58,61,63,65,69"
457,13:17,1,1,서울역,2,"24,35"
457,13:17,10,10,인천공항,5,"14,20,23,30,46"
457,13:17,3,3,삼성,9,"5,11,31,43,44,55,64,66,68"
457,13:17,4,4,여의도,13,"3,10,15,17,21,25,27,28,52,53,59,62,67"
457,13:17,5,5,김포공항,6,"1,6,7,19,29,41"
457,13:17,6,6,일산,2,"0,39"
457,13:17,7,7,판교,2,"4,60"
457,13:17,8,8,동탄/용인,3,"8,12,38"
457,13:17,9,9,평택,15,"16,18,32,37,42,45,47,49,50,54,58,61,63,65,69"
458,13:18,1,1,서울역,2,"24,35"
458,13:18,10,10,인천공항,5,"14,20,23,30,46"
458,13:18,3,3,삼성,9,"5,11,31,43,44,55,64,66,68"
458,13:18,4,4,여의도,12,"3,10,15,17,25,27,28,52,53,59,62,67"
458,13:18,5,5,김포공항,6,"1,6,7,19,29,41"
458,13:18,6,6,일산,2,"0,39"
458,13:18,7,7,판교,2,"4,60"
458,13:18,8,8,동탄/용인,3,"8,12,38"
458,13:18,9,9,평택,16,"16,18,26,32,37,42,45,47,49,50,54,58,61,63,65,69"
459,13:19,1,1,서울역,3,"24,35,36"
459,13:19,10,10,인천공항,5,"14,20,23,30,46"
459,13:19,3,3,삼성,9,"5,11,31,43,44,55,64,66,68"
459,13:19,4,4,여의도,13,"3,10,13,15,17,25,27,28,52,53,59,62,67"
459,13:19,5,5,김포공항,6,"1,6,7,19,29,41"
459,13:19,6,6,일산,3,"0,39,56"
459,13:19,7,7,판교,2,"4,60"
459,13:19,8,8,동탄/용인,3,"8,12,38"
459,13:19,9,9,평택,16,"16,18,26,32,37,42,45,47,49,50,54,58,61,63,65,69"
460,13:20,1,1,서울역,2,"35,36"
460,13:20,10,10,인천공항,5,"14,20,23,30,46"
460,13:20,3,3,삼성,8,"5,31,43,44,55,64,66,68"
460,13:20,4,4,여의도,13,"3,10,13,15,17,25,27,28,52,53,59,62,67"
460,13:20,5,5,김포공항,6,"1,6,7,19,29,41"
460,13:20,6,6,일산,3,"0,39,56"
460,13:20,7,7,판교,2,"4,60"
460,13:20,8,8,동탄/용인,2,"12,38"
460,13:20,9,9,평택,16,"16,18,26,32,37,42,45,47,49,50,54,58,61,63,65,69"
461,13:21,1,1,서울역,2,"35,36"
461,13:21,10,10,인천공항,4,"14,23,30,46"
461,13:21,3,3,삼성,8,"5,31,43,44,55,64,66,68"
461,13:21,4,4,여의도,12,"3,13,15,17,25,27,28,52,53,59,62,67"
461,13:21,5,5,김포공항,6,"1,6,7,19,29,41"
461,13:21,6,6,일산,3,"0,39,56"
461,13:21,7,7,판교,2,"4,60"
461,13:21,8,8,동탄/용인,2,"12,38"
461,13:21,9,9,평택,15,"18,26,32,37,42,45,47,49,50,54,58,61,63,65,69"
462,13:22,1,1,서울역,2,"35,36"
462,13:22,10,10,인천공항,4,"14,23,30,46"
462,13:22,3,3,삼성,8,"5,31,43,44,55,64,66,68"
462,13:22,4,4,여의도,12,"3,13,15,17,25,27,28,52,53,59,62,67"
462,13:22,5,5,김포공항,6,"1,6,7,19,29,41"
462,13:22,6,6,일산,3,"0,39,56"
462,13:22,7,7,판교,2,"4,60"
462,13:22,8,8,동탄/용인,2,"12,38"
462,13:22,9,9,평택,15,"18,26,32,37,42,45,47,49,50,54,58,61,63,65,69"
463,13:23,1,1,서울역,2,"35,36"
463,13:23,10,10,인천공항,4,"14,23,30,46"
463,13:23,3,3,삼성,9,"5,22,31,43,44,55,64,66,68"
463,13:23,4,4,여의도,11,"13,15,17,25,27,28,52,53,59,62,67"
463,13:23,5,5,김포공항,6,"1,6,7,19,29,41"
463,13:23,6,6,일산,4,"0,39,56,57"
463,13:23,7,7,판교,1,33
463,13:23,9,9,평택,14,"18,26,32,42,45,47,49,50,54,58,61,63,65,69"
464,13:24,1,1,서울역,2,"35,36"
464,13:24,10,10,인천공항,3,"23,30,46"
464,13:24,3,3,삼성,9,"5,22,31,43,44,55,64,66,68"
464,13:24,4,4,여의도,11,"13,15,17,25,27,28,52,53,59,62,67"
464,13:24,5,5,김포공항,6,"1,6,7,19,29,41"
464,13:24,6,6,일산,4,"0,39,56,57"
464,13:24,7,7,판교,1,33
464,13:24,9,9,평택,15,"18,26,32,42,45,47,48,49,50,54,58,61,63,65,69"
465,13:25,1,1,서울역,2,"35,36"
465,13:25,10,10,인천공항,3,"23,30,46"
465,13:25,2,2,수서,1,2
465,13:25,3,3,삼성,9,"5,22,31,43,44,55,64,66,68"
465,13:25,4,4,여의도,9,"15,17,25,27,52,53,59,62,67"
465,13:25,5,5,김포공항,7,"1,6,7,19,29,40,41"
465,13:25,6,6,일산,4,"0,39,56,57"
465,13:25,7,7,판교,2,"21,33"
465,13:25,9,9,평택,15,"18,26,32,42,45,47,48,49,50,54,58,61,63,65,69"
466,13:26,1,1,서울역,2,"35,36"
466,13:26,10,10,인천공항,3,"23,30,46"
466,13:26,2,2,수서,1,2
466,13:26,3,3,삼성,9,"5,22,31,43,44,55,64,66,68"
466,13:26,4,4,여의도,9,"15,17,25,27,52,53,59,62,67"
466,13:26,5,5,김포공항,7,"1,6,7,19,29,40,41"
466,13:26,6,6,일산,4,"0,39,56,57"
466,13:26,7,7,판교,2,"21,33"
466,13:26,9,9,평택,15,"18,26,32,42,45,47,48,49,50,54,58,61,63,65,69"
467,13:27,1,1,서울역,2,"35,36"
467,13:27,10,10,인천공항,3,"23,30,46"
467,13:27,2,2,수서,2,"2,10"
467,13:27,3,3,삼성,8,"5,31,43,44,55,64,66,68"
467,13:27,4,4,여의도,8,"17,25,27,52,53,59,62,67"
467,13:27,5,5,김포공항,7,"1,6,7,19,29,40,41"
467,13:27,6,6,일산,3,"39,56,57"
467,13:27,7,7,판교,4,"11,21,33,34"
467,13:27,9,9,평택,15,"18,26,32,42,45,47,48,49,50,54,58,61,63,65,69"
468,13:28,1,1,서울역,2,"35,36"
468,13:28,10,10,인천공항,3,"23,30,46"
468,13:28,2,2,수서,2,"2,10"
468,13:28,3,3,삼성,8,"5,31,43,44,55,64,66,68"
468,13:28,4,4,여의도,8,"17,25,27,52,53,59,62,67"
468,13:28,5,5,김포공항,7,"1,6,7,19,29,40,41"
468,13:28,6,6,일산,3,"39,56,57"
468,13:28,7,7,판교,4,"11,21,33,34"
468,13:28,9,9,평택,15,"18,26,32,42,45,47,48,49,50,54,58,61,63,65,69"
469,13:29,1,1,서울역,2,"35,36"
469,13:29,10,10,인천공항,3,"23,30,46"
469,13:29,2,2,수서,2,"2,10"
469,13:29,3,3,삼성,8,"5,31,43,44,55,64,66,68"
469,13:29,4,4,여의도,8,"17,25,27,52,53,59,62,67"
469,13:29,5,5,김포공항,7,"1,6,7,19,29,40,41"
469,13:29,6,6,일산,3,"39,56,57"
469,13:29,7,7,판교,4,"11,21,33,34"
469,13:29,9,9,평택,15,"18,26,32,42,45,47,48,49,50,54,58,61,63,65,69"
470,13:30,1,1,서울역,2,"35,36"
470,13:30,10,10,인천공항,3,"23,30,46"
470,13:30,2,2,수서,3,"2,9,10"
470,13:30,3,3,삼성,9,"5,8,31,43,44,55,64,66,68"
470,13:30,4,4,여의도,10,"4,17,25,27,52,53,59,60,62,67"
470,13:30,5,5,김포공항,7,"1,6,7,19,29,40,41"
470,13:30,6,6,일산,3,"39,56,57"
470,13:30,7,7,판교,3,"21,33,34"
470,13:30,9,9,평택,15,"18,26,32,42,45,47,48,49,50,54,58,61,63,65,69"
471,13:31,1,1,서울역,2,"35,36"
471,13:31,10,10,인천공항,2,"23,46"
471,13:31,2,2,수서,4,"2,9,10,13"
471,13:31,3,3,삼성,9,"5,8,31,43,44,55,64,66,68"
471,13:31,4,4,여의도,10,"4,17,25,27,52,53,59,60,62,67"
471,13:31,5,5,김포공항,7,"1,6,7,19,29,40,41"
471,13:31,6,6,일산,3,"39,56,57"
471,13:31,7,7,판교,2,"33,34"
471,13:31,9,9,평택,15,"18,26,32,42,45,47,48,49,50,54,58,61,63,65,69"
472,13:32,1,1,서울역,2,"35,36"
472,13:32,10,10,인천공항,2,"23,46"
472,13:32,2,2,수서,4,"2,9,10,13"
472,13:32,3,3,삼성,9,"5,8,31,43,44,55,64,66,68"
472,13:32,4,4,여의도,10,"4,17,25,27,52,53,59,60,62,67"
472,13:32,5,5,김포공항,7,"1,6,7,19,29,40,41"
472,13:32,6,6,일산,2,"56,57"
472,13:32,7,7,판교,2,"33,34"
472,13:32,9,9,평택,15,"18,26,32,42,45,47,48,49,50,54,58,61,63,65,69"
473,13:33,1,1,서울역,2,"35,36"
473,13:33,10,10,인천공항,3,"23,24,46"
473,13:33,2,2,수서,4,"2,9,10,13"
473,13:33,3,3,삼성,10,"5,8,12,31,43,44,55,64,66,68"
473,13:33,4,4,여의도,11,"4,17,20,25,27,52,53,59,60,62,67"
473,13:33,5,5,김포공항,7,"1,6,7,19,29,40,41"
473,13:33,6,6,일산,2,"56,57"
473,13:33,7,7,판교,1,34
473,13:33,9,9,평택,15,"18,32,42,45,47,48,49,50,51,54,58,61,63,65,69"
474,13:34,1,1,서울역,2,"35,36"
474,13:34,10,10,인천공항,3,"23,24,46"
474,13:34,2,2,수서,4,"2,9,10,13"
474,13:34,3,3,삼성,10,"5,8,12,31,43,44,55,64,66,68"
474,13:34,4,4,여의도,10,"4,17,20,27,38,53,59,60,62,67"
474,13:34,5,5,김포공항,7,"1,6,7,19,29,40,41"
474,13:34,6,6,일산,2,"56,57"
474,13:34,7,7,판교,3,"15,22,34"
474,13:34,9,9,평택,15,"18,32,42,45,47,48,49,50,51,54,58,61,63,65,69"
475,13:35,1,1,서울역,2,"35,36"
475,13:35,10,10,인천공항,2,"23,24"
475,13:35,2,2,수서,4,"2,9,10,13"
475,13:35,3,3,삼성,10,"5,8,12,31,43,44,55,64,66,68"
475,13:35,4,4,여의도,10,"4,17,20,27,38,53,59,60,62,67"
475,13:35,5,5,김포공항,7,"1,6,7,19,29,40,41"
475,13:35,6,6,일산,2,"56,57"
475,13:35,7,7,판교,3,"15,22,34"
475,13:35,9,9,평택,15,"18,32,42,45,47,48,49,50,51,54,58,61,63,65,69"
476,13:36,1,1,서울역,2,"35,36"
476,13:36,10,10,인천공항,2,"23,24"
476,13:36,2,2,수서,4,"2,9,10,13"
476,13:36,3,3,삼성,10,"5,8,12,31,43,44,55,64,66,68"
476,13:36,4,4,여의도,11,"4,16,17,20,27,38,53,59,60,62,67"
476,13:36,5,5,김포공항,7,"1,6,7,19,29,40,41"
476,13:36,6,6,일산,2,"56,57"
476,13:36,7,7,판교,3,"15,22,34"
476,13:36,9,9,평택,15,"18,32,42,45,47,48,49,50,51,54,58,61,63,65,69"
477,13:37,1,1,서울역,2,"35,36"
477,13:37,10,10,인천공항,2,"23,24"
477,13:37,2,2,수서,4,"2,9,10,13"
477,13:37,3,3,삼성,10,"5,8,12,31,43,44,55,64,66,68"
477,13:37,4,4,여의도,11,"4,16,17,20,27,38,53,59,60,62,67"
477,13:37,5,5,김포공항,7,"1,6,7,19,29,40,41"
477,13:37,6,6,일산,2,"56,57"
477,13:37,7,7,판교,2,"15,34"
477,13:37,9,9,평택,14,"32,42,45,47,48,49,50,51,54,58,61,63,65,69"
478,13:38,1,1,서울역,2,"21,35"
478,13:38,10,10,인천공항,2,"23,24"
478,13:38,2,2,수서,4,"2,9,10,13"
478,13:38,3,3,삼성,9,"8,12,31,43,44,55,64,66,68"
478,13:38,4,4,여의도,9,"4,16,20,38,53,59,60,62,67"
478,13:38,5,5,김포공항,7,"1,6,7,19,29,40,41"
478,13:38,6,6,일산,2,"56,57"
478,13:38,7,7,판교,1,15
478,13:38,9,9,평택,15,"3,32,42,45,47,48,49,50,51,54,58,61,63,65,69"
479,13:39,1,1,서울역,3,"21,35,37"
479,13:39,10,10,인천공항,2,"23,24"
479,13:39,2,2,수서,4,"2,9,10,13"
479,13:39,3,3,삼성,10,"8,12,14,31,43,44,55,64,66,68"
479,13:39,4,4,여의도,9,"4,16,20,38,53,59,60,62,67"
479,13:39,5,5,김포공항,7,"1,6,7,19,29,40,41"
479,13:39,6,6,일산,2,"56,57"
479,13:39,7,7,판교,2,"0,15"
479,13:39,9,9,평택,15,"3,32,42,45,47,48,49,50,51,54,58,61,63,65,69"
480,13:40,1,1,서울역,3,"21,35,37"
480,13:40,10,10,인천공항,2,"23,24"
480,13:40,2,2,수서,4,"2,9,10,13"
480,13:40,3,3,삼성,10,"8,12,14,31,43,44,55,64,66,68"
480,13:40,4,4,여의도,10,"4,16,20,33,38,53,59,60,62,67"
480,13:40,5,5,김포공항,6,"1,6,11,19,29,41"
480,13:40,6,6,일산,2,"56,57"
480,13:40,7,7,판교,2,"0,15"
480,13:40,9,9,평택,16,"3,28,32,42,45,47,48,49,50,51,54,58,61,63,65,69"
481,13:41,1,1,서울역,3,"21,35,37"
481,13:41,10,10,인천공항,2,"23,24"
481,13:41,2,2,수서,4,"2,9,10,13"
481,13:41,3,3,삼성,9,"8,12,14,31,43,44,55,66,68"
481,13:41,4,4,여의도,10,"4,16,20,33,38,53,59,60,62,67"
481,13:41,5,5,김포공항,6,"1,6,11,19,29,41"
481,13:41,6,6,일산,2,"56,57"
481,13:41,7,7,판교,3,"0,15,25"
481,13:41,9,9,평택,16,"3,28,32,42,45,47,48,49,50,51,54,58,61,63,65,69"
482,13:42,1,1,서울역,3,"21,35,37"
482,13:42,10,10,인천공항,2,"23,24"
482,13:42,2,2,수서,4,"2,9,10,13"
482,13:42,3,3,삼성,8,"8,12,14,31,43,44,55,68"
482,13:42,4,4,여의도,10,"4,16,20,33,38,53,59,60,62,67"
482,13:42,5,5,김포공항,6,"1,6,11,19,29,41"
482,13:42,6,6,일산,2,"56,57"
482,13:42,7,7,판교,3,"0,15,25"
482,13:42,9,9,평택,16,"3,28,32,42,45,47,48,49,50,51,54,58,61,63,65,69"
483,13:43,1,1,서울역,3,"21,35,37"
483,13:43,10,10,인천공항,2,"23,24"
483,13:43,2,2,수서,4,"2,9,10,13"
483,13:43,3,3,삼성,8,"8,12,14,31,43,44,55,68"
483,13:43,4,4,여의도,10,"4,16,20,33,38,53,59,60,62,67"
483,13:43,5,5,김포공항,6,"1,6,11,19,29,41"
483,13:43,6,6,일산,2,"56,57"
483,13:43,7,7,판교,2,"0,25"
483,13:43,9,9,평택,15,"3,28,42,45,47,48,49,50,51,54,58,61,63,65,69"
484,13:44,1,1,서울역,3,"21,35,37"
484,13:44,10,10,인천공항,2,"23,24"
484,13:44,2,2,수서,5,"2,9,10,13,17"
484,13:44,3,3,삼성,8,"8,12,14,31,43,44,55,68"
484,13:44,4,4,여의도,9,"4,16,20,33,38,59,60,62,67"
484,13:44,5,5,김포공항,6,"1,6,11,19,29,41"
484,13:44,6,6,일산,2,"56,57"
484,13:44,7,7,판교,3,"0,25,39"
484,13:44,9,9,평택,15,"3,28,42,45,47,48,49,50,51,54,58,61,63,65,69"
485,13:45,1,1,서울역,3,"21,35,37"
485,13:45,10,10,인천공항,2,"23,24"
485,13:45,2,2,수서,5,"2,9,10,13,17"
485,13:45,3,3,삼성,7,"8,12,14,43,44,55,68"
485,13:45,4,4,여의도,10,"4,16,20,33,34,38,59,60,62,67"
485,13:45,5,5,김포공항,6,"1,6,11,19,29,41"
485,13:45,6,6,일산,2,"56,57"
485,13:45,7,7,판교,4,"0,25,27,39"
485,13:45,9,9,평택,15,"3,28,42,45,47,48,49,50,51,54,58,61,63,65,69"
486,13:46,1,1,서울역,2,"35,37"
486,13:46,10,10,인천공항,2,"23,24"
486,13:46,2,2,수서,5,"2,9,10,13,17"
486,13:46,3,3,삼성,8,"8,12,14,30,43,44,55,68"
486,13:46,4,4,여의도,10,"4,16,20,33,34,38,59,60,62,67"
486,13:46,5,5,김포공항,4,"1,11,19,41"
486,13:46,6,6,일산,2,"56,57"
486,13:46,7,7,판교,4,"0,25,27,39"
486,13:46,9,9,평택,15,"3,28,42,45,47,48,49,50,51,54,58,61,63,65,69"
487,13:47,1,1,서울역,2,"35,37"
487,13:47,10,10,인천공항,2,"23,24"
487,13:47,2,2,수서,5,"2,9,10,13,17"
487,13:47,3,3,삼성,8,"8,12,14,30,43,44,55,68"
487,13:47,4,4,여의도,10,"4,16,20,33,34,38,59,60,62,67"
487,13:47,5,5,김포공항,4,"1,11,19,41"
487,13:47,6,6,일산,3,"7,56,57"
487,13:47,7,7,판교,3,"0,27,39"
487,13:47,9,9,평택,15,"3,28,42,45,47,48,49,50,51,54,58,61,63,65,69"
488,13:48,1,1,서울역,2,"35,37"
488,13:48,10,10,인천공항,1,24
488,13:48,2,2,수서,5,"2,9,10,13,17"
488,13:48,3,3,삼성,8,"8,12,14,30,43,44,55,68"
488,13:48,4,4,여의도,11,"4,16,20,26,33,34,38,59,60,62,67"
488,13:48,5,5,김포공항,4,"1,11,19,41"
488,13:48,6,6,일산,3,"7,56,57"
488,13:48,7,7,판교,4,"0,27,39,64"
488,13:48,9,9,평택,15,"3,28,42,45,47,48,49,50,51,54,58,61,63,65,69"
489,13:49,1,1,서울역,2,"35,37"
489,13:49,10,10,인천공항,1,24
489,13:49,2,2,수서,5,"2,9,10,13,17"
489,13:49,3,3,삼성,8,"8,12,14,30,43,44,55,68"
489,13:49,4,4,여의도,11,"4,16,20,26,33,34,38,59,60,62,67"
489,13:49,5,5,김포공항,3,"1,11,19"
489,13:49,6,6,일산,4,"7,22,56,57"
489,13:49,7,7,판교,5,"0,27,39,64,66"
489,13:49,9,9,평택,15,"3,28,45,47,48,49,50,51,52,54,58,61,63,65,69"
490,13:50,1,1,서울역,2,"35,37"
490,13:50,10,10,인천공항,2,"24,40"
490,13:50,2,2,수서,5,"2,9,10,13,17"
490,13:50,3,3,삼성,9,"8,12,14,30,43,44,46,55,68"
490,13:50,4,4,여의도,12,"4,15,16,20,26,33,34,38,59,60,62,67"
490,13:50,5,5,김포공항,3,"1,11,19"
490,13:50,6,6,일산,3,"22,56,57"
490,13:50,7,7,판교,5,"0,27,39,64,66"
490,13:50,9,9,평택,15,"3,28,45,47,48,49,50,51,52,54,58,61,63,65,69"
491,13:51,1,1,서울역,2,"35,37"
491,13:51,10,10,인천공항,2,"24,40"
491,13:51,2,2,수서,6,"2,9,10,13,17,18"
491,13:51,3,3,삼성,8,"8,12,14,30,44,46,55,68"
491,13:51,4,4,여의도,12,"4,15,16,20,26,33,34,38,59,60,62,67"
491,13:51,5,5,김포공항,3,"1,11,19"
491,13:51,6,6,일산,4,"22,53,56,57"
491,13:51,7,7,판교,2,"0,66"
491,13:51,9,9,평택,15,"3,28,45,47,48,49,50,51,52,54,58,61,63,65,69"
492,13:52,1,1,서울역,2,"35,37"
492,13:52,10,10,인천공항,2,"24,40"
492,13:52,2,2,수서,6,"2,9,10,13,17,18"
492,13:52,3,3,삼성,6,"8,12,14,44,46,55"
492,13:52,4,4,여의도,11,"4,15,20,26,33,34,38,59,60,62,67"
492,13:52,5,5,김포공항,3,"1,11,19"
492,13:52,6,6,일산,4,"22,53,56,57"
492,13:52,7,7,판교,2,"0,31"
492,13:52,9,9,평택,15,"3,28,45,47,48,49,50,51,52,54,58,61,63,65,69"
493,13:53,1,1,서울역,2,"35,37"
493,13:53,10,10,인천공항,2,"5,40"
493,13:53,2,2,수서,6,"2,9,10,13,17,18"
493,13:53,3,3,삼성,6,"8,12,14,44,46,55"
493,13:53,4,4,여의도,10,"4,20,26,33,34,38,59,60,62,67"
493,13:53,5,5,김포공항,3,"1,11,19"
493,13:53,6,6,일산,5,"22,29,53,56,57"
493,13:53,7,7,판교,2,"0,31"
493,13:53,9,9,평택,15,"3,28,45,47,48,49,50,51,52,54,58,61,63,65,69"
494,13:54,1,1,서울역,2,"35,37"
494,13:54,10,10,인천공항,2,"5,40"
494,13:54,2,2,수서,6,"2,9,10,13,17,18"
494,13:54,3,3,삼성,6,"8,12,14,44,46,55"
494,13:54,4,4,여의도,9,"4,20,25,26,33,34,59,60,67"
494,13:54,5,5,김포공항,3,"1,11,19"
494,13:54,6,6,일산,5,"22,29,53,56,57"
494,13:54,7,7,판교,2,"0,31"
494,13:54,9,9,평택,16,"3,28,36,45,47,48,49,50,51,52,54,58,61,63,65,69"
495,13:55,1,1,서울역,2,"35,37"
495,13:55,10,10,인천공항,2,"5,40"
495,13:55,2,2,수서,6,"2,9,10,13,17,18"
495,13:55,3,3,삼성,6,"8,12,14,44,46,55"
495,13:55,4,4,여의도,9,"4,20,25,26,33,34,59,60,67"
495,13:55,5,5,김포공항,3,"1,11,19"
495,13:55,6,6,일산,5,"22,29,53,56,57"
495,13:55,7,7,판교,1,0
495,13:55,9,9,평택,16,"3,28,36,45,47,48,49,50,51,52,54,58,61,63,65,69"
496,13:56,1,1,서울역,2,"35,37"
496,13:56,10,10,인천공항,2,"5,40"
496,13:56,2,2,수서,6,"2,9,10,13,17,18"
496,13:56,3,3,삼성,6,"8,12,14,44,46,55"
496,13:56,4,4,여의도,9,"4,20,25,26,33,34,59,60,67"
496,13:56,5,5,김포공항,3,"1,11,19"
496,13:56,6,6,일산,6,"22,29,41,53,56,57"
496,13:56,7,7,판교,1,0
496,13:56,9,9,평택,16,"3,28,36,45,47,48,49,50,51,52,54,58,61,63,65,69"
497,13:57,1,1,서울역,3,"15,35,37"
497,13:57,10,10,인천공항,1,5
497,13:57,2,2,수서,6,"2,9,10,13,17,18"
497,13:57,3,3,삼성,6,"8,12,14,44,46,55"
497,13:57,4,4,여의도,8,"4,25,26,33,34,59,60,67"
497,13:57,5,5,김포공항,3,"1,11,19"
497,13:57,6,6,일산,6,"22,29,41,53,56,57"
497,13:57,9,9,평택,16,"3,28,36,45,47,48,49,50,51,52,54,58,61,63,65,69"
498,13:58,1,1,서울역,3,"15,35,37"
498,13:58,10,10,인천공항,1,5
498,13:58,2,2,수서,6,"2,9,10,13,17,18"
498,13:58,3,3,삼성,6,"8,12,14,44,46,55"
498,13:58,4,4,여의도,11,"4,25,26,27,32,33,34,39,59,60,67"
498,13:58,5,5,김포공항,3,"1,11,19"
498,13:58,6,6,일산,6,"22,29,41,53,56,57"
498,13:58,9,9,평택,15,"28,36,45,47,48,49,50,51,52,54,58,61,63,65,69"
499,13:59,1,1,서울역,3,"15,35,37"
499,13:59,10,10,인천공항,2,"5,21"
499,13:59,2,2,수서,6,"2,9,10,13,17,18"
499,13:59,3,3,삼성,6,"8,12,14,44,46,55"
499,13:59,4,4,여의도,10,"4,25,26,27,32,33,34,39,59,60"
499,13:59,5,5,김포공항,3,"1,11,19"
499,13:59,6,6,일산,4,"22,29,56,57"
499,13:59,7,7,판교,3,"16,30,68"
499,13:59,9,9,평택,15,"28,36,45,47,48,49,50,51,52,54,58,61,63,65,69"
500,14:00,1,1,서울역,2,"35,37"
500,14:00,10,10,인천공항,1,21
500,14:00,2,2,수서,5,"2,9,10,17,18"
500,14:00,3,3,삼성,6,"8,12,14,44,46,55"
500,14:00,4,4,여의도,10,"4,23,26,27,32,33,34,39,59,60"
500,14:00,5,5,김포공항,2,"1,11"
500,14:00,6,6,일산,3,"29,56,57"
500,14:00,7,7,판교,3,"16,30,68"
500,14:00,9,9,평택,15,"28,36,45,47,48,49,50,51,52,54,58,61,63,65,69"
501,14:01,1,1,서울역,2,"35,37"
501,14:01,10,10,인천공항,1,21
501,14:01,2,2,수서,5,"2,9,10,17,18"
501,14:01,3,3,삼성,6,"8,12,14,44,46,55"
501,14:01,4,4,여의도,10,"4,23,26,27,32,33,34,39,59,60"
501,14:01,5,5,김포공항,3,"1,11,64"
501,14:01,6,6,일산,2,"56,57"
501,14:01,7,7,판교,4,"16,30,38,68"
501,14:01,9,9,평택,15,"28,36,45,47,48,49,50,51,52,54,58,61,63,65,69"
502,14:02,1,1,서울역,2,"35,37"
502,14:02,10,10,인천공항,1,21
502,14:02,2,2,수서,5,"2,9,10,17,18"
502,14:02,3,3,삼성,5,"8,12,14,46,55"
502,14:02,4,4,여의도,11,"4,23,26,27,31,32,33,34,39,59,60"
502,14:02,5,5,김포공항,4,"1,11,64,66"
502,14:02,6,6,일산,2,"56,57"
502,14:02,7,7,판교,3,"7,16,38"
502,14:02,9,9,평택,15,"28,36,45,47,48,49,50,51,52,54,58,61,63,65,69"
503,14:03,1,1,서울역,2,"35,37"
503,14:03,10,10,인천공항,1,21
503,14:03,2,2,수서,5,"2,10,17,18,20"
503,14:03,3,3,삼성,5,"8,12,14,46,55"
503,14:03,4,4,여의도,10,"4,26,27,31,32,33,34,39,59,60"
503,14:03,5,5,김포공항,4,"1,11,64,66"
503,14:03,6,6,일산,2,"56,57"
503,14:03,7,7,판교,3,"7,16,38"
503,14:03,9,9,평택,16,"6,28,36,45,47,48,49,50,51,52,54,58,61,63,65,69"
504,14:04,1,1,서울역,2,"35,37"
504,14:04,10,10,인천공항,1,21
504,14:04,2,2,수서,4,"2,17,18,20"
504,14:04,3,3,삼성,5,"8,12,14,46,55"
504,14:04,4,4,여의도,10,"0,4,26,31,32,33,34,39,59,60"
504,14:04,5,5,김포공항,3,"1,11,66"
504,14:04,6,6,일산,2,"56,57"
504,14:04,7,7,판교,3,"7,16,38"
504,14:04,9,9,평택,16,"6,28,36,45,47,48,49,50,51,52,54,58,61,63,65,69"
505,14:05,1,1,서울역,1,37
505,14:05,10,10,인천공항,1,21
505,14:05,2,2,수서,4,"2,17,18,20"
505,14:05,3,3,삼성,5,"8,12,14,46,55"
505,14:05,4,4,여의도,10,"0,4,24,31,32,33,34,39,59,60"
505,14:05,5,5,김포공항,3,"1,11,66"
505,14:05,6,6,일산,2,"56,57"
505,14:05,7,7,판교,2,"7,38"
505,14:05,9,9,평택,16,"6,28,36,45,47,48,49,50,51,52,54,58,61,63,65,69"
506,14:06,10,10,인천공항,2,"21,43"
506,14:06,2,2,수서,4,"2,17,18,20"
506,14:06,3,3,삼성,5,"8,12,14,46,55"
506,14:06,4,4,여의도,11,"0,4,19,24,31,32,33,34,39,59,60"
506,14:06,5,5,김포공항,3,"1,11,66"
506,14:06,6,6,일산,2,"56,57"
506,14:06,7,7,판교,2,"7,38"
506,14:06,9,9,평택,15,"6,28,45,47,48,49,50,51,52,54,58,61,63,65,69"
507,14:07,1,1,서울역,1,22
507,14:07,10,10,인천공항,2,"21,43"
507,14:07,2,2,수서,4,"2,17,18,20"
507,14:07,3,3,삼성,5,"8,12,14,46,55"
507,14:07,4,4,여의도,10,"0,19,24,31,32,33,34,39,59,60"
507,14:07,5,5,김포공항,3,"1,11,66"
507,14:07,6,6,일산,2,"56,57"
507,14:07,7,7,판교,3,"7,25,38"
507,14:07,9,9,평택,15,"6,28,45,47,48,49,50,51,52,54,58,61,63,65,69"
508,14:08,1,1,서울역,1,22
508,14:08,10,10,인천공항,2,"21,43"
508,14:08,2,2,수서,4,"2,17,18,20"
508,14:08,3,3,삼성,5,"8,12,14,46,55"
508,14:08,4,4,여의도,10,"0,19,24,31,32,33,34,39,59,60"
508,14:08,5,5,김포공항,3,"1,11,66"
508,14:08,6,6,일산,2,"56,57"
508,14:08,7,7,판교,2,"7,25"
508,14:08,9,9,평택,15,"6,28,45,47,48,49,50,51,52,54,58,61,63,65,69"
509,14:09,1,1,서울역,1,22
509,14:09,10,10,인천공항,2,"21,43"
509,14:09,2,2,수서,4,"2,17,18,20"
509,14:09,3,3,삼성,4,"8,12,46,55"
509,14:09,4,4,여의도,11,"0,9,24,30,31,33,34,39,59,60,68"
509,14:09,5,5,김포공항,3,"1,11,66"
509,14:09,6,6,일산,3,"42,56,57"
509,14:09,7,7,판교,2,"7,25"
509,14:09,9,9,평택,16,"6,28,45,47,48,49,50,51,52,54,58,61,62,63,65,69"
510,14:10,1,1,서울역,1,22
510,14:10,10,10,인천공항,2,"21,43"
510,14:10,2,2,수서,3,"17,18,20"
510,14:10,3,3,삼성,5,"8,12,23,46,55"
510,14:10,4,4,여의도,11,"0,9,24,30,31,33,34,39,59,60,68"
510,14:10,5,5,김포공항,3,"1,11,66"
510,14:10,6,6,일산,2,"42,57"
510,14:10,7,7,판교,1,7
510,14:10,9,9,평택,16,"6,28,45,47,48,49,50,51,52,54,58,61,62,63,65,69"
511,14:11,1,1,서울역,2,"10,22"
511,14:11,10,10,인천공항,2,"21,43"
511,14:11,2,2,수서,3,"17,18,20"
511,14:11,3,3,삼성,5,"8,12,23,46,55"
511,14:11,4,4,여의도,10,"0,9,30,31,33,34,39,59,60,68"
511,14:11,5,5,김포공항,3,"1,11,66"
511,14:11,6,6,일산,2,"13,42"
511,14:11,7,7,판교,3,"7,27,53"
511,14:11,9,9,평택,16,"6,28,45,47,48,49,50,51,52,54,58,61,62,63,65,69"
512,14:12,1,1,서울역,2,"10,22"
512,14:12,10,10,인천공항,2,"21,43"
512,14:12,2,2,수서,4,"3,17,18,20"
512,14:12,3,3,삼성,6,"8,12,23,40,55,64"
512,14:12,4,4,여의도,11,"0,5,9,16,30,31,33,34,39,59,60"
512,14:12,5,5,김포공항,2,"11,66"
512,14:12,6,6,일산,2,"13,42"
512,14:12,7,7,판교,4,"26,27,35,53"
512,14:12,9,9,평택,16,"6,28,45,47,48,49,50,51,52,54,58,61,62,63,65,69"
513,14:13,1,1,서울역,1,10
513,14:13,10,10,인천공항,3,"15,21,43"
513,14:13,2,2,수서,5,"3,4,17,18,20"
513,14:13,3,3,삼성,6,"8,12,23,40,55,64"
513,14:13,4,4,여의도,11,"0,5,9,16,30,31,33,34,39,59,60"
513,14:13,5,5,김포공항,2,"11,66"
513,14:13,6,6,일산,2,"13,42"
513,14:13,7,7,판교,6,"26,27,29,35,37,53"
513,14:13,9,9,평택,16,"6,28,45,47,48,49,50,51,52,54,58,61,62,63,65,69"
514,14:14,1,1,서울역,1,10
514,14:14,10,10,인천공항,3,"15,21,43"
514,14:14,2,2,수서,5,"3,4,17,18,20"
514,14:14,3,3,삼성,5,"8,23,40,55,64"
514,14:14,4,4,여의도,10,"0,5,9,16,30,31,33,39,59,60"
514,14:14,5,5,김포공항,2,"11,66"
514,14:14,6,6,일산,2,"13,42"
514,14:14,7,7,판교,6,"26,27,29,35,37,53"
514,14:14,9,9,평택,17,"6,28,45,47,48,49,50,51,52,54,58,61,62,63,65,67,69"
515,14:15,1,1,서울역,2,"10,38"
515,14:15,10,10,인천공항,3,"15,21,43"
515,14:15,2,2,수서,5,"3,4,17,20,32"
515,14:15,3,3,삼성,4,"8,23,40,55"
515,14:15,4,4,여의도,8,"0,5,16,31,33,39,59,60"
515,14:15,5,5,김포공항,2,"11,66"
515,14:15,6,6,일산,2,"13,42"
515,14:15,7,7,판교,6,"26,27,29,35,37,53"
515,14:15,9,9,평택,17,"6,28,45,47,48,49,50,51,52,54,58,61,62,63,65,67,69"
516,14:16,1,1,서울역,3,"10,38,68"
516,14:16,10,10,인천공항,3,"15,21,43"
516,14:16,2,2,수서,5,"3,4,17,20,32"
516,14:16,3,3,삼성,4,"8,23,40,55"
516,14:16,4,4,여의도,9,"0,5,14,16,31,33,39,59,60"
516,14:16,5,5,김포공항,2,"11,66"
516,14:16,6,6,일산,2,"13,42"
516,14:16,7,7,판교,6,"26,27,29,35,37,53"
516,14:16,8,8,동탄/용인,1,41
516,14:16,9,9,평택,17,"6,28,45,47,48,49,50,51,52,54,58,61,62,63,65,67,69"
517,14:17,1,1,서울역,4,"10,25,38,68"
517,14:17,10,10,인천공항,4,"15,21,43,44"
517,14:17,2,2,수서,6,"3,4,17,20,24,32"
517,14:17,3,3,삼성,3,"8,23,40"
517,14:17,4,4,여의도,9,"0,5,14,16,31,33,39,59,60"
517,14:17,5,5,김포공항,2,"11,66"
517,14:17,6,6,일산,2,"13,42"
517,14:17,7,7,판교,6,"26,27,29,35,37,53"
517,14:17,8,8,동탄/용인,1,41
517,14:17,9,9,평택,17,"6,28,45,47,48,49,50,51,52,54,58,61,62,63,65,67,69"
518,14:18,1,1,서울역,4,"10,25,38,68"
518,14:18,10,10,인천공항,4,"15,21,43,44"
518,14:18,2,2,수서,6,"3,4,17,20,24,32"
518,14:18,3,3,삼성,3,"8,23,40"
518,14:18,4,4,여의도,9,"0,5,14,16,31,33,39,59,60"
518,14:18,5,5,김포공항,3,"2,11,66"
518,14:18,6,6,일산,2,"13,42"
518,14:18,7,7,판교,6,"26,27,29,35,37,53"
518,14:18,8,8,동탄/용인,1,41
518,14:18,9,9,평택,17,"6,28,45,47,48,49,50,51,52,54,58,61,62,63,65,67,69"
519,14:19,1,1,서울역,3,"10,25,38"
519,14:19,10,10,인천공항,3,"21,43,44"
519,14:19,2,2,수서,6,"3,4,17,20,24,32"
519,14:19,3,3,삼성,3,"8,23,40"
519,14:19,4,4,여의도,11,"0,5,7,14,16,31,33,39,46,59,60"
519,14:19,5,5,김포공항,3,"2,11,66"
519,14:19,6,6,일산,2,"13,42"
519,14:19,7,7,판교,5,"26,27,35,37,53"
519,14:19,8,8,동탄/용인,1,41
519,14:19,9,9,평택,16,"28,45,47,48,49,50,51,52,54,58,61,62,63,65,67,69"
520,14:20,1,1,서울역,3,"10,25,38"
520,14:20,10,10,인천공항,3,"21,43,44"
520,14:20,2,2,수서,7,"1,3,4,17,20,24,32"
520,14:20,3,3,삼성,4,"8,23,40,56"
520,14:20,4,4,여의도,10,"5,7,14,16,31,33,39,46,59,60"
520,14:20,5,5,김포공항,3,"2,11,66"
520,14:20,6,6,일산,2,"13,42"
520,14:20,7,7,판교,6,"22,26,27,35,37,53"
520,14:20,8,8,동탄/용인,1,41
520,14:20,9,9,평택,16,"28,45,47,48,49,50,51,52,54,58,61,62,63,65,67,69"
521,14:21,1,1,서울역,2,"10,25"
521,14:21,10,10,인천공항,4,"19,21,43,44"
521,14:21,2,2,수서,7,"1,3,4,17,20,24,30"
521,14:21,3,3,삼성,5,"8,23,40,56,57"
521,14:21,4,4,여의도,10,"5,7,14,16,31,33,39,46,59,60"
521,14:21,5,5,김포공항,3,"2,11,66"
521,14:21,6,6,일산,2,"13,42"
521,14:21,7,7,판교,7,"22,26,27,34,35,37,53"
521,14:21,8,8,동탄/용인,1,41
521,14:21,9,9,평택,15,"28,45,47,48,49,50,51,52,58,61,62,63,65,67,69"
522,14:22,1,1,서울역,4,"10,18,25,36"
522,14:22,10,10,인천공항,4,"19,21,43,44"
522,14:22,2,2,수서,7,"1,3,4,17,20,24,30"
522,14:22,3,3,삼성,5,"8,23,40,56,57"
522,14:22,4,4,여의도,9,"7,14,16,31,33,39,46,59,60"
522,14:22,5,5,김포공항,3,"2,11,66"
522,14:22,6,6,일산,2,"13,42"
522,14:22,7,7,판교,7,"22,26,27,34,35,37,53"
522,14:22,9,9,평택,15,"28,45,47,48,49,50,51,52,58,61,62,63,65,67,69"
523,14:23,1,1,서울역,4,"10,18,25,36"
523,14:23,10,10,인천공항,4,"19,21,43,44"
523,14:23,2,2,수서,7,"1,3,4,17,20,24,30"
523,14:23,3,3,삼성,5,"8,23,40,56,57"
523,14:23,4,4,여의도,8,"7,14,31,33,39,46,59,60"
523,14:23,5,5,김포공항,3,"2,11,66"
523,14:23,6,6,일산,2,"13,42"
523,14:23,7,7,판교,6,"22,26,34,35,37,53"
523,14:23,9,9,평택,15,"28,45,47,48,49,50,51,52,58,61,62,63,65,67,69"
524,14:24,1,1,서울역,4,"10,18,25,36"
524,14:24,10,10,인천공항,3,"19,43,44"
524,14:24,2,2,수서,6,"1,3,17,20,24,30"
524,14:24,3,3,삼성,6,"8,23,32,40,56,57"
524,14:24,4,4,여의도,8,"7,14,31,33,39,46,59,60"
524,14:24,5,5,김포공항,3,"2,11,66"
524,14:24,6,6,일산,2,"13,42"
524,14:24,7,7,판교,5,"22,26,34,37,53"
524,14:24,9,9,평택,15,"28,45,47,48,49,50,51,52,58,61,62,63,65,67,69"
525,14:25,1,1,서울역,3,"10,18,36"
525,14:25,10,10,인천공항,3,"19,43,44"
525,14:25,2,2,수서,6,"1,3,17,20,24,30"
525,14:25,3,3,삼성,6,"8,23,32,40,56,57"
525,14:25,4,4,여의도,6,"7,31,33,39,59,60"
525,14:25,5,5,김포공항,2,"2,55"
525,14:25,6,6,일산,3,"13,42,64"
525,14:25,7,7,판교,4,"22,26,34,37"
525,14:25,9,9,평택,15,"28,45,47,48,49,50,51,52,58,61,62,63,65,67,69"
526,14:26,1,1,서울역,4,"10,18,29,36"
526,14:26,10,10,인천공항,3,"19,43,44"
526,14:26,2,2,수서,6,"1,3,17,20,24,30"
526,14:26,3,3,삼성,6,"8,23,32,40,56,57"
526,14:26,4,4,여의도,5,"7,31,33,39,60"
526,14:26,5,5,김포공항,2,"2,55"
526,14:26,6,6,일산,3,"13,42,64"
526,14:26,7,7,판교,3,"26,34,68"
526,14:26,9,9,평택,15,"28,45,47,48,49,50,51,52,58,61,62,63,65,67,69"
527,14:27,1,1,서울역,4,"10,18,29,36"
527,14:27,10,10,인천공항,3,"19,43,44"
527,14:27,2,2,수서,6,"1,3,17,20,24,30"
527,14:27,3,3,삼성,4,"8,23,40,56"
527,14:27,4,4,여의도,5,"7,31,33,39,60"
527,14:27,5,5,김포공항,1,55
527,14:27,6,6,일산,3,"13,42,64"
527,14:27,7,7,판교,4,"0,26,34,68"
527,14:27,8,8,동탄/용인,1,54
527,14:27,9,9,평택,15,"28,45,47,48,49,50,51,52,58,61,62,63,65,67,69"
528,14:28,1,1,서울역,3,"10,29,36"
528,14:28,10,10,인천공항,3,"19,43,44"
528,14:28,2,2,수서,7,"1,3,5,17,20,24,30"
528,14:28,3,3,삼성,3,"8,23,56"
528,14:28,4,4,여의도,4,"7,33,39,60"
528,14:28,5,5,김포공항,1,55
528,14:28,6,6,일산,2,"13,64"
528,14:28,7,7,판교,5,"0,26,34,38,68"
528,14:28,8,8,동탄/용인,1,54
528,14:28,9,9,평택,15,"28,45,47,48,49,50,51,52,58,61,62,63,65,67,69"
529,14:29,1,1,서울역,3,"10,29,36"
529,14:29,10,10,인천공항,3,"19,43,44"
529,14:29,2,2,수서,8,"1,3,5,16,17,20,24,30"
529,14:29,3,3,삼성,2,"8,23"
529,14:29,4,4,여의도,4,"7,33,39,60"
529,14:29,5,5,김포공항,1,55
529,14:29,6,6,일산,1,64
529,14:29,7,7,판교,4,"0,26,34,38"
529,14:29,8,8,동탄/용인,1,54
529,14:29,9,9,평택,16,"12,28,45,47,48,49,50,51,52,58,61,62,63,65,67,69"
530,14:30,1,1,서울역,4,"10,27,29,36"
530,14:30,10,10,인천공항,2,"19,44"
530,14:30,2,2,수서,8,"1,3,5,16,17,20,24,30"
530,14:30,3,3,삼성,2,"8,23"
530,14:30,4,4,여의도,4,"7,33,39,60"
530,14:30,5,5,김포공항,1,55
530,14:30,6,6,일산,1,64
530,14:30,7,7,판교,4,"0,26,34,38"
530,14:30,9,9,평택,16,"9,12,28,45,47,48,49,50,51,52,61,62,63,65,67,69"
531,14:31,1,1,서울역,4,"10,27,29,35"
531,14:31,10,10,인천공항,2,"19,44"
531,14:31,2,2,수서,8,"1,3,5,16,17,20,24,30"
531,14:31,3,3,삼성,2,"8,23"
531,14:31,4,4,여의도,4,"7,11,39,60"
531,14:31,5,5,김포공항,1,55
531,14:31,6,6,일산,1,64
531,14:31,7,7,판교,4,"0,26,34,38"
531,14:31,9,9,평택,15,"9,12,45,47,48,49,50,51,52,61,62,63,65,67,69"
532,14:32,1,1,서울역,3,"10,27,35"
532,14:32,10,10,인천공항,2,"19,44"
532,14:32,2,2,수서,7,"1,5,17,20,24,25,30"
532,14:32,3,3,삼성,3,"8,23,41"
532,14:32,4,4,여의도,5,"7,11,39,53,60"
532,14:32,5,5,김포공항,2,"4,55"
532,14:32,6,6,일산,1,64
532,14:32,7,7,판교,4,"0,26,34,38"
532,14:32,9,9,평택,14,"9,12,45,47,49,50,51,52,61,62,63,65,67,69"
533,14:33,1,1,서울역,3,"10,35,37"
533,14:33,10,10,인천공항,2,"19,44"
533,14:33,2,2,수서,6,"1,5,20,24,25,30"
533,14:33,3,3,삼성,2,"8,41"
533,14:33,4,4,여의도,5,"7,11,22,53,60"
533,14:33,5,5,김포공항,2,"4,55"
533,14:33,6,6,일산,1,64
533,14:33,7,7,판교,5,"0,26,34,38,59"
533,14:33,9,9,평택,14,"9,12,45,47,49,50,51,52,61,62,63,65,67,69"
534,14:34,1,1,서울역,3,"10,35,37"
534,14:34,10,10,인천공항,2,"19,44"
534,14:34,2,2,수서,5,"1,5,24,25,30"
534,14:34,3,3,삼성,3,"8,15,41"
534,14:34,4,4,여의도,5,"6,7,22,53,60"
534,14:34,5,5,김포공항,2,"4,55"
534,14:34,7,7,판교,5,"0,26,34,38,59"
534,14:34,9,9,평택,14,"9,12,45,47,49,50,51,52,61,62,63,65,67,69"
535,14:35,1,1,서울역,3,"10,35,37"
535,14:35,10,10,인천공항,2,"19,44"
535,14:35,2,2,수서,6,"1,2,5,24,25,30"
535,14:35,3,3,삼성,4,"8,15,16,41"
535,14:35,4,4,여의도,5,"6,7,22,40,53"
535,14:35,5,5,김포공항,3,"4,55,57"
535,14:35,6,6,일산,1,18
535,14:35,7,7,판교,6,"0,26,31,34,38,59"
535,14:35,9,9,평택,14,"9,12,45,47,49,50,51,52,61,62,63,65,67,69"
536,14:36,1,1,서울역,2,"10,35"
536,14:36,10,10,인천공항,2,"19,44"
536,14:36,2,2,수서,6,"1,2,5,24,25,30"
536,14:36,3,3,삼성,4,"8,15,16,41"
536,14:36,4,4,여의도,7,"6,7,22,40,53,56,68"
536,14:36,5,5,김포공항,3,"4,55,57"
536,14:36,6,6,일산,1,18
536,14:36,7,7,판교,6,"0,26,31,34,38,59"
536,14:36,8,8,동탄/용인,2,"14,58"
536,14:36,9,9,평택,14,"9,12,45,47,49,50,51,52,61,62,63,65,67,69"
537,14:37,1,1,서울역,1,10
537,14:37,10,10,인천공항,3,"19,44,46"
537,14:37,2,2,수서,7,"1,2,5,24,25,30,33"
537,14:37,3,3,삼성,3,"15,16,41"
537,14:37,4,4,여의도,7,"6,7,22,40,53,56,68"
537,14:37,5,5,김포공항,3,"4,55,57"
537,14:37,6,6,일산,2,"18,32"
537,14:37,7,7,판교,6,"0,26,31,34,38,59"
537,14:37,8,8,동탄/용인,2,"14,58"
537,14:37,9,9,평택,14,"9,12,45,47,49,50,51,52,61,62,63,65,67,69"
538,14:38,1,1,서울역,1,10
538,14:38,10,10,인천공항,2,"44,46"
538,14:38,2,2,수서,5,"1,2,5,30,33"
538,14:38,3,3,삼성,3,"15,16,41"
538,14:38,4,4,여의도,8,"3,6,7,22,40,53,56,68"
538,14:38,5,5,김포공항,3,"4,55,57"
538,14:38,6,6,일산,2,"18,32"
538,14:38,7,7,판교,6,"0,31,34,36,38,59"
538,14:38,8,8,동탄/용인,2,"14,58"
538,14:38,9,9,평택,13,"9,12,47,49,50,51,52,61,62,63,65,67,69"
539,14:39,10,10,인천공항,2,"44,46"
539,14:39,2,2,수서,6,"1,2,5,30,33,39"
539,14:39,3,3,삼성,4,"15,16,21,41"
539,14:39,4,4,여의도,8,"3,6,7,17,22,40,53,56"
539,14:39,5,5,김포공항,3,"4,55,57"
539,14:39,6,6,일산,2,"18,32"
539,14:39,7,7,판교,6,"29,31,34,36,38,59"
539,14:39,8,8,동탄/용인,1,14
539,14:39,9,9,평택,12,"9,12,49,50,51,52,61,62,63,65,67,69"
540,14:40,10,10,인천공항,2,"44,46"
540,14:40,2,2,수서,6,"1,2,5,30,33,39"
540,14:40,3,3,삼성,4,"15,16,21,41"
540,14:40,4,4,여의도,6,"3,7,17,22,40,56"
540,14:40,5,5,김포공항,2,"4,55"
540,14:40,6,6,일산,2,"18,32"
540,14:40,7,7,판교,8,"27,29,31,34,36,38,42,59"
540,14:40,8,8,동탄/용인,1,14
540,14:40,9,9,평택,11,"9,12,49,50,51,52,62,63,65,67,69"
541,14:41,1,1,서울역,1,20
541,14:41,10,10,인천공항,2,"44,46"
541,14:41,2,2,수서,6,"1,2,5,30,33,39"
541,14:41,3,3,삼성,4,"15,16,21,41"
541,14:41,4,4,여의도,6,"3,7,17,22,40,56"
541,14:41,5,5,김포공항,2,"4,55"
541,14:41,6,6,일산,2,"18,32"
541,14:41,7,7,판교,10,"11,13,27,29,31,34,36,38,42,59"
541,14:41,8,8,동탄/용인,1,14
541,14:41,9,9,평택,11,"9,12,49,50,51,52,62,63,65,67,69"
542,14:42,1,1,서울역,1,20
542,14:42,10,10,인천공항,2,"44,46"
542,14:42,2,2,수서,6,"1,2,5,30,33,39"
542,14:42,3,3,삼성,3,"15,21,41"
542,14:42,4,4,여의도,5,"3,17,22,40,56"
542,14:42,5,5,김포공항,2,"4,55"
542,14:42,6,6,일산,2,"18,32"
542,14:42,7,7,판교,11,"11,13,27,29,31,34,36,38,42,59,60"
542,14:42,8,8,동탄/용인,1,14
542,14:42,9,9,평택,12,"9,12,49,50,51,52,62,63,65,66,67,69"
543,14:43,1,1,서울역,1,20
543,14:43,10,10,인천공항,2,"44,46"
543,14:43,2,2,수서,6,"1,2,5,30,33,39"
543,14:43,3,3,삼성,2,"21,41"
543,14:43,4,4,여의도,5,"3,17,22,40,56"
543,14:43,5,5,김포공항,2,"4,55"
543,14:43,6,6,일산,3,"18,32,37"
543,14:43,7,7,판교,11,"11,13,27,29,31,34,36,38,42,59,60"
543,14:43,8,8,동탄/용인,1,14
543,14:43,9,9,평택,12,"9,12,49,50,51,52,62,63,65,66,67,69"
544,14:44,1,1,서울역,1,20
544,14:44,10,10,인천공항,2,"44,46"
544,14:44,2,2,수서,5,"1,5,30,33,39"
544,14:44,3,3,삼성,2,"21,64"
544,14:44,4,4,여의도,5,"3,17,22,40,56"
544,14:44,5,5,김포공항,2,"4,55"
544,14:44,6,6,일산,4,"18,32,35,37"
544,14:44,7,7,판교,11,"11,13,27,29,31,34,36,38,42,59,60"
544,14:44,8,8,동탄/용인,1,14
544,14:44,9,9,평택,12,"9,12,49,50,51,52,62,63,65,66,67,69"
545,14:45,1,1,서울역,1,20
545,14:45,10,10,인천공항,2,"44,46"
545,14:45,2,2,수서,5,"1,5,30,33,39"
545,14:45,3,3,삼성,3,"21,43,64"
545,14:45,4,4,여의도,5,"3,22,26,40,56"
545,14:45,5,5,김포공항,2,"8,55"
545,14:45,6,6,일산,4,"18,32,35,37"
545,14:45,7,7,판교,11,"11,13,27,29,31,34,36,38,42,59,60"
545,14:45,8,8,동탄/용인,1,14
545,14:45,9,9,평택,11,"9,12,50,51,52,62,63,65,66,67,69"
546,14:46,1,1,서울역,1,20
546,14:46,10,10,인천공항,2,"44,46"
546,14:46,2,2,수서,6,"1,5,30,33,39,53"
546,14:46,3,3,삼성,3,"21,43,64"
546,14:46,4,4,여의도,7,"0,3,22,26,28,40,56"
546,14:46,5,5,김포공항,3,"8,24,55"
546,14:46,6,6,일산,4,"18,32,35,37"
546,14:46,7,7,판교,11,"10,11,13,27,29,31,34,38,42,59,60"
546,14:46,8,8,동탄/용인,2,"14,61"
546,14:46,9,9,평택,11,"9,12,50,51,52,62,63,65,66,67,69"
547,14:47,10,10,인천공항,2,"44,46"
547,14:47,2,2,수서,6,"1,5,30,33,39,53"
547,14:47,3,3,삼성,3,"21,43,64"
547,14:47,4,4,여의도,5,"0,3,26,28,56"
547,14:47,5,5,김포공항,2,"8,24"
547,14:47,6,6,일산,5,"18,32,35,37,54"
547,14:47,7,7,판교,11,"6,10,11,13,27,29,31,34,42,59,60"
547,14:47,8,8,동탄/용인,2,"14,61"
547,14:47,9,9,평택,11,"9,12,50,51,52,62,63,65,66,67,69"
548,14:48,1,1,서울역,2,"48,57"
548,14:48,10,10,인천공항,3,"23,44,46"
548,14:48,2,2,수서,6,"1,5,30,33,39,53"
548,14:48,3,3,삼성,3,"21,43,64"
548,14:48,4,4,여의도,5,"0,3,26,28,56"
548,14:48,5,5,김포공항,2,"8,24"
548,14:48,6,6,일산,5,"18,32,35,37,54"
548,14:48,7,7,판교,10,"6,10,11,13,27,29,31,34,42,60"
548,14:48,8,8,동탄/용인,1,61
548,14:48,9,9,평택,10,"9,12,50,51,62,63,65,66,67,69"
549,14:49,1,1,서울역,2,"48,57"
549,14:49,10,10,인천공항,3,"23,44,46"
549,14:49,2,2,수서,6,"1,5,30,33,39,53"
549,14:49,3,3,삼성,3,"21,43,64"
549,14:49,4,4,여의도,5,"0,3,26,28,56"
549,14:49,5,5,김포공항,2,"8,24"
549,14:49,6,6,일산,4,"18,32,35,54"
549,14:49,7,7,판교,9,"6,7,10,11,13,27,31,34,60"
549,14:49,9,9,평택,10,"9,12,50,51,62,63,65,66,67,69"
550,14:50,1,1,서울역,2,"48,57"
550,14:50,10,10,인천공항,3,"23,44,46"
550,14:50,2,2,수서,5,"5,30,33,39,53"
550,14:50,3,3,삼성,3,"21,43,64"
550,14:50,4,4,여의도,7,"0,2,3,19,26,28,56"
550,14:50,5,5,김포공항,2,"8,24"
550,14:50,6,6,일산,4,"18,32,35,54"
550,14:50,7,7,판교,9,"6,7,10,11,13,27,31,34,60"
550,14:50,9,9,평택,10,"9,12,50,51,62,63,65,66,67,69"
551,14:51,1,1,서울역,2,"48,57"
551,14:51,10,10,인천공항,4,"23,44,46,68"
551,14:51,2,2,수서,5,"5,30,33,39,53"
551,14:51,3,3,삼성,2,"43,64"
551,14:51,4,4,여의도,7,"0,2,3,4,19,28,56"
551,14:51,5,5,김포공항,3,"8,15,24"
551,14:51,6,6,일산,4,"18,32,35,54"
551,14:51,7,7,판교,8,"6,7,10,11,13,27,31,34"
551,14:51,9,9,평택,9,"9,50,51,62,63,65,66,67,69"
552,14:52,1,1,서울역,2,"48,57"
552,14:52,10,10,인천공항,3,"23,46,68"
552,14:52,2,2,수서,6,"5,30,33,36,39,53"
552,14:52,3,3,삼성,3,"17,43,64"
552,14:52,4,4,여의도,7,"0,2,3,4,19,28,56"
552,14:52,5,5,김포공항,3,"8,15,41"
552,14:52,6,6,일산,5,"16,18,32,35,54"
552,14:52,7,7,판교,8,"6,7,10,11,13,27,31,34"
552,14:52,9,9,평택,10,"9,25,50,51,62,63,65,66,67,69"
553,14:53,1,1,서울역,2,"48,57"
553,14:53,10,10,인천공항,3,"23,46,68"
553,14:53,2,2,수서,7,"5,30,33,36,39,40,53"
553,14:53,3,3,삼성,3,"17,43,64"
553,14:53,4,4,여의도,7,"2,3,4,19,28,45,56"
553,14:53,5,5,김포공항,3,"8,15,41"
553,14:53,6,6,일산,4,"16,18,35,54"
553,14:53,7,7,판교,8,"6,7,10,11,13,27,31,34"
553,14:53,9,9,평택,10,"9,25,50,51,62,63,65,66,67,69"
554,14:54,1,1,서울역,2,"38,48"
554,14:54,10,10,인천공항,3,"23,46,68"
554,14:54,2,2,수서,7,"5,30,33,36,39,40,53"
554,14:54,3,3,삼성,3,"17,43,64"
554,14:54,4,4,여의도,7,"2,3,19,28,45,47,56"
554,14:54,5,5,김포공항,2,"15,41"
554,14:54,6,6,일산,4,"16,18,35,54"
554,14:54,7,7,판교,10,"6,7,10,11,13,20,22,27,31,34"
554,14:54,8,8,동탄/용인,1,52
554,14:54,9,9,평택,10,"9,25,50,51,62,63,65,66,67,69"
555,14:55,1,1,서울역,4,"38,48,55,59"
555,14:55,10,10,인천공항,3,"23,46,68"
555,14:55,2,2,수서,5,"5,33,39,40,53"
555,14:55,3,3,삼성,1,17
555,14:55,4,4,여의도,7,"2,3,19,28,45,47,56"
555,14:55,5,5,김포공항,2,"15,41"
555,14:55,6,6,일산,4,"16,18,35,54"
555,14:55,7,7,판교,9,"6,7,11,13,20,22,27,31,34"
555,14:55,8,8,동탄/용인,1,52
555,14:55,9,9,평택,9,"9,25,51,62,63,65,66,67,69"
556,14:56,1,1,서울역,5,"38,42,48,55,59"
556,14:56,10,10,인천공항,3,"23,46,68"
556,14:56,2,2,수서,4,"5,33,40,53"
556,14:56,3,3,삼성,1,17
556,14:56,4,4,여의도,7,"1,2,3,28,45,47,56"
556,14:56,5,5,김포공항,2,"15,41"
556,14:56,6,6,일산,4,"16,18,54,58"
556,14:56,7,7,판교,9,"6,7,11,13,20,22,27,31,34"
556,14:56,8,8,동탄/용인,1,52
556,14:56,9,9,평택,9,"9,25,51,62,63,65,66,67,69"
557,14:57,1,1,서울역,5,"38,42,48,55,59"
557,14:57,10,10,인천공항,3,"23,46,68"
557,14:57,2,2,수서,4,"5,33,40,53"
557,14:57,3,3,삼성,1,17
557,14:57,4,4,여의도,7,"1,2,3,28,45,47,56"
557,14:57,5,5,김포공항,2,"15,41"
557,14:57,6,6,일산,3,"16,54,58"
557,14:57,7,7,판교,9,"6,7,11,13,20,22,27,31,34"
557,14:57,9,9,평택,9,"9,25,51,62,63,65,66,67,69"
558,14:58,1,1,서울역,6,"38,42,48,55,59,60"
558,14:58,10,10,인천공항,3,"23,46,68"
558,14:58,2,2,수서,4,"5,33,40,53"
558,14:58,3,3,삼성,2,"14,17"
558,14:58,4,4,여의도,9,"1,2,3,21,24,28,45,47,56"
558,14:58,5,5,김포공항,2,"15,41"
558,14:58,6,6,일산,3,"16,54,58"
558,14:58,7,7,판교,9,"6,7,13,20,22,26,27,31,34"
558,14:58,9,9,평택,9,"9,25,51,62,63,65,66,67,69"
559,14:59,1,1,서울역,6,"38,42,48,55,59,60"
559,14:59,10,10,인천공항,3,"23,46,68"
559,14:59,2,2,수서,4,"5,33,40,53"
559,14:59,3,3,삼성,2,"14,17"
559,14:59,4,4,여의도,9,"1,2,3,21,24,28,45,47,56"
559,14:59,5,5,김포공항,3,"15,29,41"
559,14:59,6,6,일산,3,"16,54,58"
559,14:59,7,7,판교,9,"6,7,13,20,22,26,27,31,34"
559,14:59,9,9,평택,9,"9,25,51,62,63,65,66,67,69"
560,15:00,1,1,서울역,5,"42,48,55,59,60"
560,15:00,10,10,인천공항,3,"23,46,68"
560,15:00,2,2,수서,5,"4,5,33,40,53"
560,15:00,3,3,삼성,2,"14,17"
560,15:00,4,4,여의도,9,"1,2,3,21,24,28,45,47,56"
560,15:00,5,5,김포공항,1,29
560,15:00,6,6,일산,3,"16,54,58"
560,15:00,7,7,판교,10,"0,6,7,13,20,22,26,27,31,34"
560,15:00,9,9,평택,9,"9,25,51,62,63,65,66,67,69"
561,15:01,1,1,서울역,5,"42,48,49,59,60"
561,15:01,10,10,인천공항,3,"23,46,68"
561,15:01,2,2,수서,5,"4,5,33,40,53"
561,15:01,3,3,삼성,2,"14,17"
561,15:01,4,4,여의도,8,"1,2,3,21,28,45,47,56"
561,15:01,5,5,김포공항,1,29
561,15:01,6,6,일산,3,"16,54,58"
561,15:01,7,7,판교,11,"0,6,7,13,20,22,26,27,31,34,37"
561,15:01,9,9,평택,9,"9,25,51,62,63,65,66,67,69"
562,15:02,1,1,서울역,3,"48,49,60"
562,15:02,10,10,인천공항,3,"23,46,68"
562,15:02,2,2,수서,5,"4,5,33,40,53"
562,15:02,3,3,삼성,2,"14,17"
562,15:02,4,4,여의도,8,"1,2,3,10,21,28,47,56"
562,15:02,6,6,일산,3,"16,54,58"
562,15:02,7,7,판교,11,"0,6,7,13,20,22,26,27,31,34,37"
562,15:02,9,9,평택,9,"9,25,51,62,63,65,66,67,69"
563,15:03,1,1,서울역,3,"48,49,60"
563,15:03,10,10,인천공항,3,"23,46,68"
563,15:03,2,2,수서,5,"4,5,33,40,53"
563,15:03,3,3,삼성,4,"14,17,19,32"
563,15:03,4,4,여의도,7,"1,2,3,10,21,47,56"
563,15:03,5,5,김포공항,2,"30,64"
563,15:03,6,6,일산,3,"16,54,58"
563,15:03,7,7,판교,10,"0,6,13,20,22,26,27,31,34,37"
563,15:03,9,9,평택,9,"9,25,51,62,63,65,66,67,69"
564,15:04,1,1,서울역,2,"48,49"
564,15:04,10,10,인천공항,3,"23,46,68"
564,15:04,2,2,수서,5,"4,5,33,40,53"
564,15:04,3,3,삼성,3,"17,19,32"
564,15:04,4,4,여의도,5,"1,2,10,21,56"
564,15:04,5,5,김포공항,3,"30,39,64"
564,15:04,6,6,일산,2,"16,58"
564,15:04,7,7,판교,9,"0,13,20,22,26,27,31,34,37"
564,15:04,9,9,평택,8,"25,51,62,63,65,66,67,69"
565,15:05,1,1,서울역,1,49
565,15:05,10,10,인천공항,3,"23,46,68"
565,15:05,2,2,수서,5,"4,5,33,40,53"
565,15:05,3,3,삼성,3,"17,19,32"
565,15:05,4,4,여의도,5,"1,2,10,11,21"
565,15:05,5,5,김포공항,3,"30,39,64"
565,15:05,6,6,일산,2,"16,43"
565,15:05,7,7,판교,9,"0,13,20,22,26,27,31,34,37"
565,15:05,9,9,평택,8,"25,51,62,63,65,66,67,69"
566,15:06,1,1,서울역,1,49
566,15:06,10,10,인천공항,3,"23,46,68"
566,15:06,2,2,수서,5,"4,5,33,40,53"
566,15:06,3,3,삼성,3,"17,19,32"
566,15:06,4,4,여의도,5,"1,10,11,15,21"
566,15:06,5,5,김포공항,3,"30,39,64"
566,15:06,6,6,일산,4,"16,36,43,61"
566,15:06,7,7,판교,8,"13,20,22,26,27,31,34,37"
566,15:06,9,9,평택,8,"25,51,62,63,65,66,67,69"
567,15:07,1,1,서울역,1,12
567,15:07,10,10,인천공항,3,"23,57,68"
567,15:07,2,2,수서,3,"4,40,53"
567,15:07,3,3,삼성,4,"17,19,32,44"
567,15:07,4,4,여의도,4,"1,10,11,15"
567,15:07,5,5,김포공항,3,"30,39,64"
567,15:07,6,6,일산,4,"16,36,43,61"
567,15:07,7,7,판교,8,"13,20,22,26,27,31,34,37"
567,15:07,9,9,평택,8,"25,51,62,63,65,66,67,69"
568,15:08,1,1,서울역,1,12
568,15:08,10,10,인천공항,3,"23,57,68"
568,15:08,2,2,수서,6,"4,40,41,45,53,55"
568,15:08,3,3,삼성,3,"19,32,44"
568,15:08,4,4,여의도,5,"1,11,15,29,52"
568,15:08,5,5,김포공항,3,"30,39,64"
568,15:08,6,6,일산,4,"16,36,43,61"
568,15:08,7,7,판교,8,"13,22,26,27,31,34,35,37"
568,15:08,9,9,평택,8,"25,51,62,63,65,66,67,69"
569,15:09,1,1,서울역,1,12
569,15:09,10,10,인천공항,2,"23,57"
569,15:09,2,2,수서,7,"4,28,40,41,45,53,55"
569,15:09,3,3,삼성,2,"32,44"
569,15:09,4,4,여의도,4,"1,11,29,52"
569,15:09,5,5,김포공항,3,"30,39,64"
569,15:09,6,6,일산,4,"16,36,43,61"
569,15:09,7,7,판교,11,"13,18,22,26,27,31,34,35,37,42,59"
569,15:09,9,9,평택,7,"51,62,63,65,66,67,69"
570,15:10,1,1,서울역,1,12
570,15:10,10,10,인천공항,2,"23,57"
570,15:10,2,2,수서,7,"4,28,41,45,47,53,55"
570,15:10,3,3,삼성,2,"32,44"
570,15:10,4,4,여의도,5,"1,7,11,29,52"
570,15:10,5,5,김포공항,3,"30,39,64"
570,15:10,6,6,일산,4,"16,36,43,61"
570,15:10,7,7,판교,11,"13,18,22,26,27,31,34,35,37,42,59"
570,15:10,9,9,평택,7,"51,62,63,65,66,67,69"
571,15:11,1,1,서울역,2,"12,50"
571,15:11,10,10,인천공항,2,"23,57"
571,15:11,2,2,수서,6,"28,45,47,53,55,60"
571,15:11,3,3,삼성,3,"32,44,48"
571,15:11,4,4,여의도,5,"1,6,7,11,52"
571,15:11,5,5,김포공항,3,"30,39,64"
571,15:11,6,6,일산,4,"16,36,43,61"
571,15:11,7,7,판교,11,"3,13,18,22,26,27,31,34,35,42,59"
571,15:11,9,9,평택,8,"8,51,62,63,65,66,67,69"
572,15:12,1,1,서울역,2,"12,50"
572,15:12,10,10,인천공항,1,57
572,15:12,2,2,수서,7,"2,28,45,47,53,55,60"
572,15:12,3,3,삼성,3,"32,44,48"
572,15:12,4,4,여의도,5,"1,6,7,11,52"
572,15:12,5,5,김포공항,4,"14,30,39,64"
572,15:12,6,6,일산,4,"16,36,43,61"
572,15:12,7,7,판교,10,"3,18,22,26,27,31,35,42,56,59"
572,15:12,8,8,동탄/용인,1,24
572,15:12,9,9,평택,8,"8,51,62,63,65,66,67,69"
573,15:13,1,1,서울역,2,"12,50"
573,15:13,10,10,인천공항,2,"38,57"
573,15:13,2,2,수서,7,"2,28,45,47,53,55,60"
573,15:13,3,3,삼성,3,"32,44,48"
573,15:13,4,4,여의도,6,"0,1,6,7,11,52"
573,15:13,5,5,김포공항,4,"14,30,39,64"
573,15:13,6,6,일산,3,"16,36,61"
573,15:13,7,7,판교,10,"3,18,22,26,27,31,35,42,56,59"
573,15:13,8,8,동탄/용인,1,24
573,15:13,9,9,평택,8,"8,51,62,63,65,66,67,69"
574,15:14,1,1,서울역,3,"5,12,50"
574,15:14,10,10,인천공항,2,"38,57"
574,15:14,2,2,수서,9,"2,10,28,45,47,49,53,55,60"
574,15:14,3,3,삼성,3,"32,44,48"
574,15:14,4,4,여의도,5,"0,1,6,7,52"
574,15:14,5,5,김포공항,4,"14,30,39,64"
574,15:14,6,6,일산,3,"16,36,61"
574,15:14,7,7,판교,11,"3,18,21,22,26,27,31,35,42,56,59"
574,15:14,8,8,동탄/용인,1,24
574,15:14,9,9,평택,8,"8,51,62,63,65,66,67,69"
575,15:15,1,1,서울역,3,"5,12,50"
575,15:15,10,10,인천공항,2,"38,57"
575,15:15,2,2,수서,9,"2,10,15,28,45,47,49,53,60"
575,15:15,3,3,삼성,2,"44,48"
575,15:15,4,4,여의도,6,"0,1,6,7,20,52"
575,15:15,5,5,김포공항,5,"14,30,33,39,64"
575,15:15,6,6,일산,3,"16,36,61"
575,15:15,7,7,판교,11,"3,18,21,22,26,27,31,35,42,56,59"
575,15:15,8,8,동탄/용인,1,24
575,15:15,9,9,평택,8,"8,51,62,63,65,66,67,69"
576,15:16,1,1,서울역,3,"5,12,50"
576,15:16,10,10,인천공항,2,"38,57"
576,15:16,2,2,수서,9,"2,10,15,28,45,47,49,53,60"
576,15:16,3,3,삼성,1,48
576,15:16,4,4,여의도,7,"0,1,6,7,19,20,52"
576,15:16,5,5,김포공항,6,"14,17,30,33,39,64"
576,15:16,6,6,일산,3,"16,36,61"
576,15:16,7,7,판교,12,"3,18,21,22,26,27,31,35,42,54,56,59"
576,15:16,8,8,동탄/용인,1,24
576,15:16,9,9,평택,8,"8,51,62,63,65,66,67,69"
577,15:17,1,1,서울역,3,"5,12,50"
577,15:17,10,10,인천공항,2,"38,57"
577,15:17,2,2,수서,9,"2,10,15,28,45,47,49,53,60"
577,15:17,3,3,삼성,1,48
577,15:17,4,4,여의도,7,"0,1,4,7,19,20,52"
577,15:17,5,5,김포공항,6,"14,17,30,33,39,64"
577,15:17,6,6,일산,3,"16,36,61"
577,15:17,7,7,판교,13,"3,18,21,22,26,27,31,35,42,54,56,58,59"
577,15:17,8,8,동탄/용인,1,24
577,15:17,9,9,평택,7,"8,51,62,65,66,67,69"
578,15:18,1,1,서울역,3,"5,12,50"
578,15:18,10,10,인천공항,2,"38,57"
578,15:18,2,2,수서,9,"2,10,15,28,45,47,49,53,60"
578,15:18,3,3,삼성,2,"48,55"
578,15:18,4,4,여의도,7,"0,1,4,7,19,20,52"
578,15:18,5,5,김포공항,7,"14,17,30,33,39,40,64"
578,15:18,6,6,일산,3,"16,36,61"
578,15:18,7,7,판교,13,"3,18,21,26,27,29,31,35,42,54,56,58,59"
578,15:18,8,8,동탄/용인,1,24
578,15:18,9,9,평택,7,"8,51,62,65,66,67,69"
579,15:19,1,1,서울역,3,"5,13,50"
579,15:19,10,10,인천공항,1,38
579,15:19,2,2,수서,9,"2,10,15,28,45,47,49,53,60"
579,15:19,3,3,삼성,2,"48,55"
579,15:19,4,4,여의도,8,"0,1,4,7,9,19,20,52"
579,15:19,5,5,김포공항,7,"14,17,30,33,39,40,64"
579,15:19,6,6,일산,3,"16,36,61"
579,15:19,7,7,판교,12,"3,18,21,26,29,31,35,42,54,56,58,59"
579,15:19,9,9,평택,6,"8,62,65,66,67,69"
580,15:20,1,1,서울역,3,"5,13,50"
580,15:20,10,10,인천공항,1,38
580,15:20,2,2,수서,9,"2,11,15,28,45,47,49,53,60"
580,15:20,3,3,삼성,2,"48,55"
580,15:20,4,4,여의도,7,"0,4,7,9,19,20,52"
580,15:20,5,5,김포공항,7,"14,17,30,33,39,40,64"
580,15:20,6,6,일산,3,"16,36,61"
580,15:20,7,7,판교,11,"3,18,21,29,31,35,42,54,56,58,59"
580,15:20,9,9,평택,6,"8,62,65,66,67,69"
581,15:21,1,1,서울역,3,"5,13,50"
581,15:21,10,10,인천공항,1,38
581,15:21,2,2,수서,7,"11,15,28,45,49,53,60"
581,15:21,3,3,삼성,2,"48,55"
581,15:21,4,4,여의도,6,"0,4,7,9,19,20"
581,15:21,5,5,김포공항,7,"14,17,30,33,39,40,64"
581,15:21,6,6,일산,2,"16,61"
581,15:21,7,7,판교,10,"3,18,21,29,31,35,42,54,56,58"
581,15:21,9,9,평택,6,"8,62,65,66,67,69"
582,15:22,1,1,서울역,3,"5,13,50"
582,15:22,10,10,인천공항,1,38
582,15:22,2,2,수서,6,"11,15,28,49,53,60"
582,15:22,3,3,삼성,3,"46,48,55"
582,15:22,4,4,여의도,6,"0,4,7,9,19,20"
582,15:22,5,5,김포공항,7,"14,17,33,34,39,40,64"
582,15:22,6,6,일산,2,"16,41"
582,15:22,7,7,판교,10,"3,18,21,29,31,35,42,54,56,58"
582,15:22,9,9,평택,6,"8,62,65,66,67,69"
583,15:23,1,1,서울역,3,"5,13,50"
583,15:23,10,10,인천공항,1,38
583,15:23,2,2,수서,7,"6,11,15,28,49,53,60"
583,15:23,3,3,삼성,3,"46,48,55"
583,15:23,4,4,여의도,7,"0,4,7,9,19,20,44"
583,15:23,5,5,김포공항,8,"14,17,32,33,34,39,40,64"
583,15:23,6,6,일산,3,"16,37,41"
583,15:23,7,7,판교,9,"3,18,21,29,31,35,42,54,56"
583,15:23,9,9,평택,6,"8,62,65,66,67,69"
584,15:24,1,1,서울역,3,"5,13,50"
584,15:24,10,10,인천공항,1,38
584,15:24,2,2,수서,7,"6,11,15,28,49,53,60"
584,15:24,3,3,삼성,4,"25,46,48,68"
584,15:24,4,4,여의도,8,"0,4,7,9,19,20,23,44"
584,15:24,5,5,김포공항,8,"14,17,32,33,34,39,40,64"
584,15:24,6,6,일산,3,"16,37,41"
584,15:24,7,7,판교,8,"3,18,21,29,35,42,54,56"
584,15:24,9,9,평택,6,"8,62,65,66,67,69"
585,15:25,1,1,서울역,3,"5,13,50"
585,15:25,2,2,수서,7,"6,11,15,28,49,53,60"
585,15:25,3,3,삼성,5,"12,25,46,48,68"
585,15:25,4,4,여의도,9,"0,4,7,9,19,20,22,23,44"
585,15:25,5,5,김포공항,8,"14,17,32,33,34,39,40,64"
585,15:25,6,6,일산,2,"37,41"
585,15:25,7,7,판교,9,"3,18,21,29,35,42,43,54,56"
585,15:25,9,9,평택,6,"8,62,65,66,67,69"
586,15:26,1,1,서울역,3,"5,13,50"
586,15:26,2,2,수서,8,"1,6,11,15,28,49,53,60"
586,15:26,3,3,삼성,5,"12,25,46,48,68"
586,15:26,4,4,여의도,9,"4,7,9,19,20,22,23,27,44"
586,15:26,5,5,김포공항,8,"14,17,32,33,34,39,40,64"
586,15:26,6,6,일산,2,"37,41"
586,15:26,7,7,판교,9,"3,18,21,29,35,42,43,54,56"
586,15:26,9,9,평택,6,"8,62,65,66,67,69"
587,15:27,1,1,서울역,2,"5,13"
587,15:27,2,2,수서,8,"1,6,11,15,28,49,52,60"
587,15:27,3,3,삼성,4,"12,25,46,68"
587,15:27,4,4,여의도,10,"7,9,19,20,22,23,26,27,44,47"
587,15:27,5,5,김포공항,8,"14,17,32,33,34,39,40,64"
587,15:27,6,6,일산,2,"37,41"
587,15:27,7,7,판교,9,"3,18,21,29,35,42,43,54,56"
587,15:27,9,9,평택,5,"8,62,65,67,69"
588,15:28,1,1,서울역,2,"5,13"
588,15:28,2,2,수서,8,"1,6,11,15,28,49,52,60"
588,15:28,3,3,삼성,4,"12,25,46,68"
588,15:28,4,4,여의도,10,"7,9,19,22,23,26,27,44,47,59"
588,15:28,5,5,김포공항,8,"14,17,32,33,34,39,40,64"
588,15:28,6,6,일산,2,"37,41"
588,15:28,7,7,판교,9,"3,18,21,29,35,42,43,54,56"
588,15:28,9,9,평택,5,"8,62,65,67,69"
589,15:29,1,1,서울역,2,"5,13"
589,15:29,2,2,수서,7,"1,11,15,28,49,52,60"
589,15:29,3,3,삼성,4,"12,25,46,68"
589,15:29,4,4,여의도,9,"7,9,19,22,23,26,27,47,59"
589,15:29,5,5,김포공항,8,"14,17,32,33,34,39,40,64"
589,15:29,6,6,일산,2,"37,41"
589,15:29,7,7,판교,8,"18,21,29,35,42,43,54,56"
589,15:29,9,9,평택,5,"8,62,65,67,69"
590,15:30,1,1,서울역,3,"5,13,58"
590,15:30,2,2,수서,6,"1,15,28,49,52,60"
590,15:30,3,3,삼성,5,"12,25,46,53,68"
590,15:30,4,4,여의도,6,"7,19,22,26,27,59"
590,15:30,5,5,김포공항,9,"14,17,32,33,34,39,40,45,64"
590,15:30,6,6,일산,2,"37,41"
590,15:30,7,7,판교,7,"18,21,35,42,43,54,56"
590,15:30,9,9,평택,5,"8,62,65,67,69"
591,15:31,1,1,서울역,3,"5,13,58"
591,15:31,2,2,수서,6,"1,15,28,49,52,60"
591,15:31,3,3,삼성,5,"12,25,46,53,68"
591,15:31,4,4,여의도,5,"19,22,26,27,31"
591,15:31,5,5,김포공항,6,"14,17,34,39,40,45"
591,15:31,6,6,일산,3,"10,37,41"
591,15:31,7,7,판교,7,"18,21,35,42,43,54,56"
591,15:31,9,9,평택,5,"8,62,65,67,69"
592,15:32,1,1,서울역,2,"5,58"
592,15:32,10,10,인천공항,1,36
592,15:32,2,2,수서,6,"0,1,15,28,49,52"
592,15:32,3,3,삼성,4,"12,46,53,68"
592,15:32,4,4,여의도,3,"22,26,31"
592,15:32,5,5,김포공항,7,"14,17,34,39,40,45,55"
592,15:32,6,6,일산,4,"2,10,37,41"
592,15:32,7,7,판교,7,"18,21,35,42,43,54,56"
592,15:32,9,9,평택,5,"8,62,65,67,69"
593,15:33,1,1,서울역,2,"5,63"
593,15:33,10,10,인천공항,1,36
593,15:33,2,2,수서,7,"0,1,4,15,28,49,52"
593,15:33,3,3,삼성,4,"12,46,53,68"
593,15:33,4,4,여의도,3,"22,26,31"
593,15:33,5,5,김포공항,6,"14,17,34,39,40,55"
593,15:33,6,6,일산,4,"2,10,37,41"
593,15:33,7,7,판교,7,"18,21,35,42,43,54,56"
593,15:33,9,9,평택,4,"8,65,67,69"
594,15:34,1,1,서울역,2,"5,63"
594,15:34,10,10,인천공항,1,36
594,15:34,2,2,수서,7,"0,1,4,15,28,49,50"
594,15:34,3,3,삼성,4,"12,46,53,57"
594,15:34,4,4,여의도,4,"22,26,31,51"
594,15:34,5,5,김포공항,6,"14,17,34,39,40,55"
594,15:34,6,6,일산,4,"2,10,37,41"
594,15:34,7,7,판교,8,"18,21,35,42,43,54,56,61"
594,15:34,9,9,평택,4,"8,65,67,69"
595,15:35,1,1,서울역,2,"5,63"
595,15:35,10,10,인천공항,1,36
595,15:35,2,2,수서,6,"0,1,4,15,49,50"
595,15:35,3,3,삼성,7,"12,16,20,46,53,57,60"
595,15:35,4,4,여의도,5,"6,22,26,31,51"
595,15:35,5,5,김포공항,6,"14,34,39,40,48,55"
595,15:35,6,6,일산,4,"2,10,37,41"
595,15:35,7,7,판교,8,"18,21,35,42,43,54,56,61"
595,15:35,9,9,평택,4,"8,65,67,69"
596,15:36,1,1,서울역,2,"5,63"
596,15:36,10,10,인천공항,1,36
596,15:36,2,2,수서,6,"0,1,4,9,49,50"
596,15:36,3,3,삼성,6,"12,16,20,46,57,60"
596,15:36,4,4,여의도,5,"3,6,26,31,51"
596,15:36,5,5,김포공항,6,"14,34,39,40,48,55"
596,15:36,6,6,일산,5,"2,10,24,37,41"
596,15:36,7,7,판교,9,"18,21,35,42,43,44,54,56,61"
596,15:36,9,9,평택,4,"8,65,67,69"
597,15:37,1,1,서울역,3,"5,29,63"
597,15:37,10,10,인천공항,1,36
597,15:37,2,2,수서,7,"0,1,4,7,9,49,50"
597,15:37,3,3,삼성,6,"12,16,20,52,57,60"
597,15:37,4,4,여의도,7,"3,6,26,31,32,33,51"
597,15:37,5,5,김포공항,6,"14,34,39,40,48,55"
597,15:37,6,6,일산,4,"2,10,24,41"
597,15:37,7,7,판교,10,"18,21,23,35,42,43,44,54,56,61"
597,15:37,9,9,평택,4,"8,65,67,69"
598,15:38,1,1,서울역,3,"5,29,63"
598,15:38,2,2,수서,8,"0,1,4,7,9,19,49,50"
598,15:38,3,3,삼성,7,"12,16,20,28,52,57,60"
598,15:38,4,4,여의도,7,"3,6,26,31,32,33,51"
598,15:38,5,5,김포공항,7,"11,14,34,39,40,48,55"
598,15:38,6,6,일산,4,"2,10,24,41"
598,15:38,7,7,판교,9,"21,23,35,42,43,44,54,56,61"
598,15:38,9,9,평택,4,"8,65,67,69"
599,15:39,1,1,서울역,2,"5,29"
599,15:39,2,2,수서,9,"0,1,4,7,9,13,19,49,50"
599,15:39,3,3,삼성,7,"12,16,20,28,52,57,60"
599,15:39,4,4,여의도,9,"3,6,25,26,31,32,33,45,51"
599,15:39,5,5,김포공항,7,"11,14,34,39,40,48,55"
599,15:39,6,6,일산,4,"2,10,24,41"
599,15:39,7,7,판교,10,"21,23,27,35,42,43,44,54,56,61"
599,15:39,9,9,평택,5,"8,30,65,67,69"
600,15:40,1,1,서울역,2,"5,29"
600,15:40,2,2,수서,9,"0,1,4,7,9,13,19,50,58"
600,15:40,3,3,삼성,8,"12,16,20,28,38,52,57,60"
600,15:40,4,4,여의도,7,"3,6,25,26,33,45,51"
600,15:40,5,5,김포공항,3,"11,39,48"
600,15:40,6,6,일산,4,"2,10,24,41"
600,15:40,7,7,판교,10,"21,23,27,35,42,43,44,54,56,61"
600,15:40,9,9,평택,5,"8,30,65,67,69"
601,15:41,1,1,서울역,2,"5,29"
601,15:41,2,2,수서,8,"0,1,7,9,13,19,50,58"
601,15:41,3,3,삼성,5,"12,28,38,52,57"
601,15:41,4,4,여의도,6,"3,6,25,33,45,51"
601,15:41,5,5,김포공항,2,"11,48"
601,15:41,6,6,일산,4,"2,10,24,41"
601,15:41,7,7,판교,10,"21,23,27,35,42,43,44,54,56,61"
601,15:41,9,9,평택,5,"8,30,65,67,69"
602,15:42,1,1,서울역,2,"5,29"
602,15:42,10,10,인천공항,1,47
602,15:42,2,2,수서,7,"0,1,7,9,13,22,58"
602,15:42,3,3,삼성,5,"12,28,38,52,57"
602,15:42,4,4,여의도,7,"3,6,25,33,45,51,66"
602,15:42,5,5,김포공항,3,"11,48,68"
602,15:42,6,6,일산,4,"2,10,24,41"
602,15:42,7,7,판교,10,"21,23,27,35,42,43,44,54,56,61"
602,15:42,9,9,평택,5,"8,30,65,67,69"
603,15:43,1,1,서울역,3,"5,15,46"
603,15:43,10,10,인천공항,2,"47,59"
603,15:43,2,2,수서,7,"0,1,7,9,13,17,22"
603,15:43,3,3,삼성,5,"12,28,38,52,57"
603,15:43,4,4,여의도,5,"3,6,25,45,66"
603,15:43,5,5,김포공항,3,"11,48,68"
603,15:43,6,6,일산,4,"2,10,24,41"
603,15:43,7,7,판교,8,"21,23,27,42,44,54,56,61"
603,15:43,9,9,평택,4,"8,30,65,69"
604,15:44,1,1,서울역,3,"5,15,46"
604,15:44,10,10,인천공항,2,"47,59"
604,15:44,2,2,수서,7,"0,1,7,9,13,17,22"
604,15:44,3,3,삼성,5,"12,28,38,52,57"
604,15:44,4,4,여의도,4,"6,25,45,66"
604,15:44,5,5,김포공항,4,"11,48,53,68"
604,15:44,6,6,일산,3,"2,10,24"
604,15:44,7,7,판교,7,"21,23,27,44,54,56,61"
604,15:44,9,9,평택,3,"8,30,69"
605,15:45,1,1,서울역,3,"5,15,46"
605,15:45,10,10,인천공항,2,"47,59"
605,15:45,2,2,수서,7,"0,1,7,9,13,17,22"
605,15:45,3,3,삼성,4,"12,28,38,63"
605,15:45,4,4,여의도,3,"6,18,66"
605,15:45,5,5,김포공항,4,"11,48,53,68"
605,15:45,6,6,일산,3,"2,10,24"
605,15:45,7,7,판교,7,"21,23,27,44,54,56,61"
605,15:45,9,9,평택,3,"8,30,69"
606,15:46,1,1,서울역,3,"5,15,46"
606,15:46,10,10,인천공항,2,"47,59"
606,15:46,2,2,수서,7,"0,1,9,13,17,22,31"
606,15:46,3,3,삼성,5,"12,28,38,58,63"
606,15:46,4,4,여의도,5,"6,18,34,40,66"
606,15:46,5,5,김포공항,4,"11,48,53,68"
606,15:46,6,6,일산,3,"2,10,24"
606,15:46,7,7,판교,7,"21,23,27,44,54,56,61"
606,15:46,9,9,평택,3,"8,30,69"
607,15:47,1,1,서울역,3,"5,15,46"
607,15:47,10,10,인천공항,2,"47,59"
607,15:47,2,2,수서,9,"0,1,9,13,17,22,26,31,62"
607,15:47,3,3,삼성,5,"12,32,38,58,63"
607,15:47,4,4,여의도,7,"4,6,18,34,39,40,66"
607,15:47,5,5,김포공항,4,"11,48,53,68"
607,15:47,6,6,일산,4,"2,10,24,55"
607,15:47,7,7,판교,6,"21,23,27,54,56,61"
607,15:47,9,9,평택,3,"8,30,69"
608,15:48,1,1,서울역,3,"5,15,46"
608,15:48,10,10,인천공항,2,"47,59"
608,15:48,2,2,수서,9,"0,1,9,13,17,22,26,31,62"
608,15:48,3,3,삼성,5,"12,14,32,58,63"
608,15:48,4,4,여의도,7,"4,6,18,20,34,39,40"
608,15:48,5,5,김포공항,4,"11,48,49,53"
608,15:48,6,6,일산,3,"2,24,55"
608,15:48,7,7,판교,6,"21,23,27,54,56,61"
608,15:48,9,9,평택,4,"8,30,64,69"
609,15:49,1,1,서울역,4,"15,19,46,50"
609,15:49,10,10,인천공항,2,"47,59"
609,15:49,2,2,수서,7,"1,13,17,22,26,31,62"
609,15:49,3,3,삼성,5,"12,14,29,32,63"
609,15:49,4,4,여의도,5,"4,6,18,20,39"
609,15:49,5,5,김포공항,5,"11,16,48,49,53"
609,15:49,6,6,일산,3,"2,24,55"
609,15:49,7,7,판교,7,"21,23,27,37,54,56,61"
609,15:49,9,9,평택,4,"8,30,64,69"
610,15:50,1,1,서울역,4,"15,19,46,50"
610,15:50,10,10,인천공항,2,"47,59"
610,15:50,2,2,수서,6,"1,13,17,22,26,31"
610,15:50,3,3,삼성,5,"12,14,29,32,63"
610,15:50,4,4,여의도,7,"4,6,18,20,35,36,43"
610,15:50,5,5,김포공항,4,"11,16,48,49"
610,15:50,6,6,일산,3,"2,24,55"
610,15:50,7,7,판교,9,"21,23,27,33,37,51,54,56,61"
610,15:50,9,9,평택,4,"8,30,64,69"
611,15:51,1,1,서울역,4,"15,19,46,50"
611,15:51,10,10,인천공항,1,59
611,15:51,2,2,수서,7,"1,13,17,22,25,26,31"
611,15:51,3,3,삼성,5,"12,14,29,32,63"
611,15:51,4,4,여의도,8,"4,6,18,20,35,36,42,43"
611,15:51,5,5,김포공항,4,"11,16,48,49"
611,15:51,6,6,일산,3,"2,55,60"
611,15:51,7,7,판교,10,"3,21,23,27,33,37,51,54,56,61"
611,15:51,9,9,평택,4,"8,30,64,69"
612,15:52,1,1,서울역,3,"15,19,46"
612,15:52,10,10,인천공항,1,59
612,15:52,2,2,수서,7,"1,13,17,22,25,26,31"
612,15:52,3,3,삼성,5,"12,14,29,32,63"
612,15:52,4,4,여의도,8,"4,6,18,20,35,36,42,43"
612,15:52,5,5,김포공항,4,"11,16,48,49"
612,15:52,6,6,일산,3,"2,55,60"
612,15:52,7,7,판교,9,"3,21,27,33,37,51,54,56,61"
612,15:52,9,9,평택,4,"8,30,64,69"
613,15:53,1,1,서울역,3,"7,15,19"
613,15:53,10,10,인천공항,1,59
613,15:53,2,2,수서,6,"1,13,17,22,25,31"
613,15:53,3,3,삼성,4,"14,29,62,63"
613,15:53,4,4,여의도,7,"6,18,20,35,36,42,43"
613,15:53,5,5,김포공항,6,"11,16,48,49,52,57"
613,15:53,6,6,일산,3,"2,55,60"
613,15:53,7,7,판교,8,"3,21,27,33,37,51,54,56"
613,15:53,9,9,평택,3,"8,30,64"
614,15:54,1,1,서울역,4,"7,15,19,38"
614,15:54,2,2,수서,6,"1,13,17,22,25,31"
614,15:54,3,3,삼성,4,"14,29,62,63"
614,15:54,4,4,여의도,6,"18,35,36,42,43,44"
614,15:54,5,5,김포공항,6,"11,16,48,49,52,57"
614,15:54,6,6,일산,2,"55,60"
614,15:54,7,7,판교,7,"3,21,27,33,37,51,56"
614,15:54,9,9,평택,3,"8,30,64"
615,15:55,1,1,서울역,4,"7,15,19,38"
615,15:55,2,2,수서,7,"1,13,17,22,25,31,40"
615,15:55,3,3,삼성,4,"14,29,62,63"
615,15:55,4,4,여의도,6,"18,35,36,42,43,44"
615,15:55,5,5,김포공항,6,"11,16,48,49,52,57"
615,15:55,6,6,일산,2,"60,68"
615,15:55,7,7,판교,8,"3,21,27,33,37,51,56,66"
615,15:55,9,9,평택,2,"30,64"
616,15:56,1,1,서울역,4,"7,9,15,38"
616,15:56,2,2,수서,8,"1,5,13,17,22,25,31,40"
616,15:56,3,3,삼성,6,"14,26,29,34,62,63"
616,15:56,4,4,여의도,6,"18,35,36,42,43,44"
616,15:56,5,5,김포공항,6,"11,16,48,49,52,57"
616,15:56,6,6,일산,2,"60,68"
616,15:56,7,7,판교,9,"3,27,33,37,41,51,56,65,66"
616,15:56,9,9,평택,2,"30,64"
617,15:57,1,1,서울역,4,"7,9,15,38"
617,15:57,2,2,수서,8,"1,5,13,17,22,25,31,40"
617,15:57,3,3,삼성,6,"14,26,29,34,62,63"
617,15:57,4,4,여의도,5,"18,36,42,43,44"
617,15:57,5,5,김포공항,7,"0,11,16,48,49,52,57"
617,15:57,6,6,일산,2,"53,68"
617,15:57,7,7,판교,10,"3,27,33,37,39,41,51,56,65,66"
617,15:57,9,9,평택,2,"30,64"
618,15:58,1,1,서울역,4,"7,9,15,38"
618,15:58,2,2,수서,8,"1,5,13,17,22,25,31,40"
618,15:58,3,3,삼성,7,"14,26,29,34,50,62,63"
618,15:58,4,4,여의도,6,"18,36,42,43,44,67"
618,15:58,5,5,김포공항,7,"0,11,16,48,49,52,57"
618,15:58,6,6,일산,1,53
618,15:58,7,7,판교,10,"3,27,33,37,39,41,51,56,65,66"
618,15:58,9,9,평택,1,64
619,15:59,1,1,서울역,4,"7,9,15,38"
619,15:59,10,10,인천공항,1,10
619,15:59,2,2,수서,9,"1,4,5,13,17,22,25,31,40"
619,15:59,3,3,삼성,6,"14,29,34,50,62,63"
619,15:59,4,4,여의도,5,"23,42,43,44,67"
619,15:59,5,5,김포공항,7,"0,11,16,48,49,52,57"
619,15:59,6,6,일산,2,"53,58"
619,15:59,7,7,판교,10,"3,27,33,37,39,41,51,56,65,66"
619,15:59,9,9,평택,1,64
620,16:00,1,1,서울역,4,"7,9,15,38"
620,16:00,10,10,인천공항,1,10
620,16:00,2,2,수서,9,"1,4,5,13,17,20,22,31,40"
620,16:00,3,3,삼성,6,"14,29,34,50,62,63"
620,16:00,4,4,여의도,6,"23,32,42,43,44,67"
620,16:00,5,5,김포공항,7,"0,11,16,48,49,52,57"
620,16:00,6,6,일산,1,58
620,16:00,7,7,판교,10,"3,27,33,37,39,41,51,56,65,66"
620,16:00,9,9,평택,2,"45,64"
621,16:01,1,1,서울역,4,"7,9,15,38"
621,16:01,10,10,인천공항,1,10
621,16:01,2,2,수서,9,"1,4,5,13,17,20,22,31,40"
621,16:01,3,3,삼성,6,"14,29,34,50,62,63"
621,16:01,4,4,여의도,6,"23,32,42,43,44,54"
621,16:01,5,5,김포공항,8,"0,11,12,16,48,49,52,57"
621,16:01,6,6,일산,1,58
621,16:01,7,7,판교,8,"6,27,33,39,41,51,65,66"
621,16:01,9,9,평택,2,"45,64"
622,16:02,1,1,서울역,3,"7,15,38"
622,16:02,10,10,인천공항,2,"10,28"
622,16:02,2,2,수서,8,"4,13,17,20,22,24,31,40"
622,16:02,3,3,삼성,5,"14,29,50,62,63"
622,16:02,4,4,여의도,6,"23,32,42,43,44,54"
622,16:02,5,5,김포공항,7,"0,11,12,16,49,52,57"
622,16:02,7,7,판교,7,"6,33,39,41,51,65,66"
622,16:02,9,9,평택,2,"45,64"
623,16:03,1,1,서울역,2,"15,38"
623,16:03,10,10,인천공항,2,"10,28"
623,16:03,2,2,수서,8,"4,17,19,20,22,24,31,40"
623,16:03,3,3,삼성,4,"14,29,50,63"
623,16:03,4,4,여의도,7,"21,23,32,43,44,47,54"
623,16:03,5,5,김포공항,7,"0,11,12,16,49,52,57"
623,16:03,7,7,판교,7,"6,33,39,41,51,65,66"
623,16:03,9,9,평택,2,"45,64"
624,16:04,1,1,서울역,1,38
624,16:04,10,10,인천공항,2,"10,28"
624,16:04,2,2,수서,7,"4,19,20,22,24,31,40"
624,16:04,3,3,삼성,4,"14,29,50,63"
624,16:04,4,4,여의도,7,"21,23,32,43,44,47,54"
624,16:04,5,5,김포공항,6,"0,11,12,16,52,57"
624,16:04,7,7,판교,8,"6,33,35,39,41,51,65,66"
624,16:04,9,9,평택,2,"45,64"
625,16:05,1,1,서울역,2,"38,67"
625,16:05,10,10,인천공항,2,"10,28"
625,16:05,2,2,수서,8,"4,19,20,22,24,31,36,40"
625,16:05,3,3,삼성,4,"14,29,50,63"
625,16:05,4,4,여의도,7,"21,23,32,43,44,47,54"
625,16:05,5,5,김포공항,6,"0,11,12,16,52,57"
625,16:05,7,7,판교,8,"6,33,35,39,41,51,65,66"
625,16:05,9,9,평택,2,"45,64"
626,16:06,1,1,서울역,2,"38,67"
626,16:06,10,10,인천공항,3,"10,28,46"
626,16:06,2,2,수서,8,"4,19,20,22,24,31,36,40"
626,16:06,3,3,삼성,3,"29,50,63"
626,16:06,4,4,여의도,6,"21,23,43,44,47,54"
626,16:06,5,5,김포공항,5,"11,12,16,52,57"
626,16:06,7,7,판교,10,"2,6,18,33,35,39,41,51,65,66"
626,16:06,9,9,평택,1,64
627,16:07,1,1,서울역,3,"25,38,67"
627,16:07,10,10,인천공항,3,"10,28,46"
627,16:07,2,2,수서,8,"4,19,20,22,24,31,36,69"
627,16:07,3,3,삼성,3,"29,50,63"
627,16:07,4,4,여의도,5,"21,23,44,47,54"
627,16:07,5,5,김포공항,5,"11,16,26,52,57"
627,16:07,7,7,판교,10,"2,18,33,35,39,41,51,55,65,66"
627,16:07,9,9,평택,1,64
628,16:08,1,1,서울역,3,"25,37,38"
628,16:08,10,10,인천공항,3,"28,46,60"
628,16:08,2,2,수서,8,"4,19,20,22,24,31,36,69"
628,16:08,3,3,삼성,3,"29,50,63"
628,16:08,4,4,여의도,6,"21,23,44,47,54,56"
628,16:08,5,5,김포공항,4,"11,16,26,52"
628,16:08,7,7,판교,10,"2,18,33,35,39,41,51,55,65,66"
628,16:08,8,8,동탄/용인,1,3
628,16:08,9,9,평택,1,64
629,16:09,1,1,서울역,4,"5,25,37,58"
629,16:09,10,10,인천공항,4,"28,46,60,61"
629,16:09,2,2,수서,11,"4,8,9,19,20,22,24,31,36,42,69"
629,16:09,3,3,삼성,3,"7,50,59"
629,16:09,4,4,여의도,8,"13,21,23,27,44,47,54,56"
629,16:09,5,5,김포공항,3,"11,16,26"
629,16:09,7,7,판교,10,"2,18,33,35,39,41,51,55,65,66"
629,16:09,8,8,동탄/용인,1,3
629,16:09,9,9,평택,1,64
630,16:10,1,1,서울역,4,"5,37,48,58"
630,16:10,10,10,인천공항,4,"28,46,60,61"
630,16:10,2,2,수서,11,"4,8,9,19,20,22,24,31,36,42,69"
630,16:10,3,3,삼성,4,"7,40,50,59"
630,16:10,4,4,여의도,9,"13,17,21,23,27,44,47,54,56"
630,16:10,5,5,김포공항,3,"1,11,26"
630,16:10,7,7,판교,11,"2,18,33,35,39,41,51,55,65,66,68"
630,16:10,8,8,동탄/용인,1,3
630,16:10,9,9,평택,1,64
631,16:11,1,1,서울역,4,"5,37,48,58"
631,16:11,10,10,인천공항,5,"28,46,53,60,61"
631,16:11,2,2,수서,11,"4,8,9,19,20,22,24,31,36,42,69"
631,16:11,3,3,삼성,4,"7,40,50,59"
631,16:11,4,4,여의도,8,"13,17,21,23,27,47,54,56"
631,16:11,5,5,김포공항,2,"1,11"
631,16:11,7,7,판교,10,"2,18,35,39,41,51,55,65,66,68"
631,16:11,9,9,평택,1,64
632,16:12,1,1,서울역,3,"37,48,49"
632,16:12,10,10,인천공항,5,"28,46,53,60,61"
632,16:12,2,2,수서,10,"4,8,9,20,22,24,31,32,36,69"
632,16:12,3,3,삼성,3,"7,40,59"
632,16:12,4,4,여의도,7,"13,17,23,27,47,54,56"
632,16:12,5,5,김포공항,3,"1,11,15"
632,16:12,6,6,일산,1,34
632,16:12,7,7,판교,9,"2,35,39,41,51,55,65,66,68"
632,16:12,9,9,평택,1,64
633,16:13,1,1,서울역,2,"37,49"
633,16:13,10,10,인천공항,5,"28,46,53,60,61"
633,16:13,2,2,수서,11,"4,8,9,20,22,24,31,32,36,43,69"
633,16:13,3,3,삼성,2,"7,59"
633,16:13,4,4,여의도,8,"13,17,23,27,30,47,54,56"
633,16:13,5,5,김포공항,3,"1,11,15"
633,16:13,6,6,일산,1,34
633,16:13,7,7,판교,9,"2,35,39,41,51,55,65,66,68"
633,16:13,9,9,평택,1,64
634,16:14,1,1,서울역,2,"37,49"
634,16:14,10,10,인천공항,4,"28,46,53,61"
634,16:14,2,2,수서,11,"0,8,9,20,22,24,31,32,36,43,69"
634,16:14,3,3,삼성,2,"7,59"
634,16:14,4,4,여의도,8,"13,17,23,27,30,47,54,56"
634,16:14,5,5,김포공항,4,"1,11,14,15"
634,16:14,6,6,일산,1,34
634,16:14,7,7,판교,8,"2,35,39,51,55,65,66,68"
634,16:14,9,9,평택,1,64
635,16:15,1,1,서울역,2,"12,37"
635,16:15,10,10,인천공항,4,"28,46,53,61"
635,16:15,2,2,수서,10,"0,8,9,20,22,24,31,36,43,69"
635,16:15,3,3,삼성,3,"7,42,59"
635,16:15,4,4,여의도,8,"13,17,23,27,30,47,54,56"
635,16:15,5,5,김포공항,4,"1,11,14,15"
635,16:15,6,6,일산,1,34
635,16:15,7,7,판교,7,"35,39,55,65,66,67,68"
635,16:15,9,9,평택,1,64
636,16:16,1,1,서울역,3,"12,37,57"
636,16:16,10,10,인천공항,4,"28,46,53,61"
636,16:16,2,2,수서,8,"0,8,9,20,22,31,36,43"
636,16:16,3,3,삼성,3,"7,42,59"
636,16:16,4,4,여의도,8,"13,17,23,27,29,30,54,56"
636,16:16,5,5,김포공항,4,"1,11,14,15"
636,16:16,6,6,일산,2,"34,38"
636,16:16,7,7,판교,7,"35,39,55,65,66,67,68"
636,16:16,9,9,평택,1,64
637,16:17,1,1,서울역,3,"12,52,57"
637,16:17,10,10,인천공항,4,"28,46,53,61"
637,16:17,2,2,수서,9,"0,8,9,20,25,31,36,43,44"
637,16:17,3,3,삼성,3,"7,42,59"
637,16:17,4,4,여의도,8,"13,17,23,26,27,29,30,56"
637,16:17,5,5,김포공항,5,"1,11,14,15,63"
637,16:17,6,6,일산,2,"34,38"
637,16:17,7,7,판교,7,"35,39,55,65,66,67,68"
637,16:17,9,9,평택,1,64
638,16:18,1,1,서울역,3,"33,52,57"
638,16:18,10,10,인천공항,5,"28,46,53,61,62"
638,16:18,2,2,수서,9,"0,9,20,21,25,31,36,43,44"
638,16:18,3,3,삼성,3,"7,32,59"
638,16:18,4,4,여의도,8,"13,17,23,26,27,29,30,56"
638,16:18,5,5,김포공항,4,"1,14,15,63"
638,16:18,6,6,일산,1,38
638,16:18,7,7,판교,7,"35,39,55,65,66,67,68"
638,16:18,9,9,평택,1,64
639,16:19,1,1,서울역,4,"18,19,33,52"
639,16:19,10,10,인천공항,4,"28,53,61,62"
639,16:19,2,2,수서,10,"0,5,9,20,21,25,31,36,43,44"
639,16:19,3,3,삼성,4,"7,32,59,69"
639,16:19,4,4,여의도,9,"13,17,23,26,27,29,30,50,56"
639,16:19,5,5,김포공항,4,"1,14,15,63"
639,16:19,6,6,일산,2,"38,58"
639,16:19,7,7,판교,7,"35,39,55,65,66,67,68"
639,16:19,9,9,평택,2,"6,64"
640,16:20,1,1,서울역,4,"18,19,33,52"
640,16:20,10,10,인천공항,5,"16,28,53,61,62"
640,16:20,2,2,수서,9,"0,5,9,20,21,25,31,43,44"
640,16:20,3,3,삼성,4,"7,32,59,69"
640,16:20,4,4,여의도,6,"13,23,29,30,50,56"
640,16:20,5,5,김포공항,2,"1,15"
640,16:20,6,6,일산,2,"38,58"
640,16:20,7,7,판교,7,"35,39,55,65,66,67,68"
640,16:20,9,9,평택,2,"6,64"
641,16:21,1,1,서울역,4,"18,19,33,52"
641,16:21,10,10,인천공항,4,"16,28,53,61"
641,16:21,2,2,수서,8,"0,5,9,20,21,25,43,44"
641,16:21,3,3,삼성,5,"7,45,49,59,69"
641,16:21,4,4,여의도,7,"13,23,29,30,41,50,56"
641,16:21,5,5,김포공항,4,"1,15,40,48"
641,16:21,6,6,일산,2,"38,58"
641,16:21,7,7,판교,7,"35,39,55,65,66,67,68"
641,16:21,9,9,평택,2,"6,64"
642,16:22,1,1,서울역,4,"18,19,33,52"
642,16:22,10,10,인천공항,4,"16,28,53,61"
642,16:22,2,2,수서,9,"0,5,9,20,21,25,43,44,47"
642,16:22,3,3,삼성,4,"7,45,49,59"
642,16:22,4,4,여의도,10,"2,3,13,23,29,30,41,50,51,56"
642,16:22,5,5,김포공항,5,"1,4,15,40,48"
642,16:22,6,6,일산,2,"38,58"
642,16:22,7,7,판교,6,"39,55,65,66,67,68"
642,16:22,9,9,평택,2,"6,64"
643,16:23,1,1,서울역,4,"18,19,24,33"
643,16:23,10,10,인천공항,4,"16,28,53,61"
643,16:23,2,2,수서,10,"0,5,9,20,21,25,43,44,47,54"
643,16:23,3,3,삼성,6,"7,10,37,45,49,59"
643,16:23,4,4,여의도,9,"2,3,13,23,29,30,41,50,51"
643,16:23,5,5,김포공항,5,"1,4,15,40,48"
643,16:23,6,6,일산,2,"38,58"
643,16:23,7,7,판교,5,"39,55,66,67,68"
643,16:23,9,9,평택,2,"6,64"
644,16:24,1,1,서울역,5,"18,19,24,27,33"
644,16:24,10,10,인천공항,4,"16,28,53,61"
644,16:24,2,2,수서,10,"0,5,9,20,21,25,43,44,47,54"
644,16:24,3,3,삼성,5,"7,10,37,45,49"
644,16:24,4,4,여의도,10,"2,3,8,13,23,29,30,41,50,51"
644,16:24,5,5,김포공항,5,"1,4,15,40,48"
644,16:24,6,6,일산,2,"38,58"
644,16:24,7,7,판교,4,"39,66,67,68"
644,16:24,9,9,평택,2,"6,64"
645,16:25,1,1,서울역,4,"18,24,27,33"
645,16:25,10,10,인천공항,4,"16,28,53,61"
645,16:25,2,2,수서,10,"0,5,9,20,21,25,43,44,47,54"
645,16:25,3,3,삼성,5,"7,10,37,45,49"
645,16:25,4,4,여의도,10,"2,3,8,13,23,29,41,42,50,51"
645,16:25,5,5,김포공항,6,"1,4,15,22,40,48"
645,16:25,6,6,일산,2,"38,58"
645,16:25,7,7,판교,4,"39,66,67,68"
645,16:25,9,9,평택,2,"6,64"
646,16:26,1,1,서울역,4,"18,24,27,33"
646,16:26,10,10,인천공항,4,"16,28,53,61"
646,16:26,2,2,수서,11,"0,5,9,11,20,21,25,43,44,47,54"
646,16:26,3,3,삼성,5,"7,10,37,45,49"
646,16:26,4,4,여의도,10,"2,3,8,13,23,29,41,42,50,51"
646,16:26,5,5,김포공항,6,"1,4,12,15,22,40"
646,16:26,6,6,일산,2,"38,58"
646,16:26,7,7,판교,5,"39,57,66,67,68"
646,16:26,9,9,평택,2,"6,64"
647,16:27,1,1,서울역,4,"18,24,33,36"
647,16:27,10,10,인천공항,4,"16,28,53,61"
647,16:27,2,2,수서,9,"0,5,9,11,25,43,44,47,54"
647,16:27,3,3,삼성,4,"7,10,17,37"
647,16:27,4,4,여의도,9,"2,3,8,13,23,29,42,50,51"
647,16:27,5,5,김포공항,5,"1,4,12,15,22"
647,16:27,6,6,일산,2,"38,58"
647,16:27,7,7,판교,5,"26,39,57,67,68"
647,16:27,9,9,평택,1,64
648,16:28,1,1,서울역,5,"14,18,24,33,36"
648,16:28,10,10,인천공항,4,"16,28,53,61"
648,16:28,2,2,수서,5,"5,9,11,44,54"
648,16:28,3,3,삼성,3,"10,17,37"
648,16:28,4,4,여의도,8,"2,3,8,13,23,29,42,51"
648,16:28,5,5,김포공항,5,"1,4,12,15,22"
648,16:28,6,6,일산,2,"38,58"
648,16:28,7,7,판교,5,"26,39,57,67,68"
648,16:28,9,9,평택,1,64
649,16:29,1,1,서울역,5,"14,18,33,35,36"
649,16:29,10,10,인천공항,4,"16,28,53,61"
649,16:29,2,2,수서,5,"5,9,11,44,54"
649,16:29,3,3,삼성,3,"10,17,37"
649,16:29,4,4,여의도,9,"2,3,8,13,23,29,42,51,69"
649,16:29,5,5,김포공항,7,"1,4,12,15,22,31,32"
649,16:29,6,6,일산,2,"38,58"
649,16:29,7,7,판교,5,"26,39,57,67,68"
649,16:29,9,9,평택,1,64
650,16:30,1,1,서울역,6,"14,18,35,36,59,65"
650,16:30,10,10,인천공항,5,"16,28,53,61,63"
650,16:30,2,2,수서,7,"5,9,11,44,52,54,60"
650,16:30,3,3,삼성,3,"10,17,37"
650,16:30,4,4,여의도,8,"2,3,13,23,29,42,51,69"
650,16:30,5,5,김포공항,7,"1,4,12,15,22,31,32"
650,16:30,6,6,일산,2,"38,58"
650,16:30,7,7,판교,7,"26,34,39,56,57,67,68"
651,16:31,1,1,서울역,5,"18,35,36,59,65"
651,16:31,10,10,인천공항,4,"16,53,61,63"
651,16:31,2,2,수서,8,"5,9,11,30,44,52,54,60"
651,16:31,3,3,삼성,3,"10,17,37"
651,16:31,4,4,여의도,7,"2,13,23,29,51,55,69"
651,16:31,5,5,김포공항,5,"1,12,15,31,32"
651,16:31,6,6,일산,2,"38,58"
651,16:31,7,7,판교,7,"26,34,39,56,57,67,68"
652,16:32,1,1,서울역,5,"18,35,36,59,65"
652,16:32,10,10,인천공항,4,"16,53,61,63"
652,16:32,2,2,수서,8,"5,9,11,30,44,52,54,60"
652,16:32,3,3,삼성,2,"10,17"
652,16:32,4,4,여의도,8,"2,13,23,29,48,51,55,69"
652,16:32,5,5,김포공항,4,"1,15,31,32"
652,16:32,6,6,일산,3,"19,38,58"
652,16:32,7,7,판교,4,"26,34,39,56"
653,16:33,1,1,서울역,4,"18,35,59,65"
653,16:33,10,10,인천공항,4,"16,53,61,63"
653,16:33,2,2,수서,9,"5,9,11,30,41,44,52,54,60"
653,16:33,3,3,삼성,3,"10,17,27"
653,16:33,4,4,여의도,9,"2,13,20,21,23,29,48,55,69"
653,16:33,5,5,김포공항,4,"1,15,31,32"
653,16:33,6,6,일산,3,"19,38,58"
653,16:33,7,7,판교,3,"34,39,56"
654,16:34,1,1,서울역,5,"18,35,59,62,65"
654,16:34,10,10,인천공항,4,"16,53,61,63"
654,16:34,2,2,수서,10,"5,9,11,30,41,44,50,52,54,60"
654,16:34,3,3,삼성,4,"10,17,27,46"
654,16:34,4,4,여의도,10,"2,13,20,21,23,29,48,55,66,69"
654,16:34,5,5,김포공항,4,"1,15,31,32"
654,16:34,6,6,일산,3,"19,38,58"
654,16:34,7,7,판교,3,"34,39,56"
655,16:35,1,1,서울역,6,"18,25,47,59,62,65"
655,16:35,10,10,인천공항,4,"16,53,61,63"
655,16:35,2,2,수서,10,"5,9,11,30,41,44,50,52,54,60"
655,16:35,3,3,삼성,4,"10,17,27,46"
655,16:35,4,4,여의도,9,"2,7,20,21,23,29,55,66,69"
655,16:35,5,5,김포공항,6,"1,15,31,32,45,49"
655,16:35,6,6,일산,3,"19,38,58"
655,16:35,7,7,판교,3,"34,39,56"
656,16:36,1,1,서울역,6,"18,25,47,59,62,65"
656,16:36,10,10,인천공항,4,"16,53,61,63"
656,16:36,2,2,수서,9,"9,11,30,41,44,50,52,54,60"
656,16:36,3,3,삼성,3,"10,27,46"
656,16:36,4,4,여의도,9,"2,7,20,21,23,29,55,66,69"
656,16:36,5,5,김포공항,7,"0,1,31,32,43,45,49"
656,16:36,6,6,일산,4,"19,24,38,58"
656,16:36,7,7,판교,1,39
657,16:37,1,1,서울역,5,"18,25,47,59,65"
657,16:37,10,10,인천공항,4,"16,53,61,63"
657,16:37,2,2,수서,9,"3,9,30,41,42,50,52,54,60"
657,16:37,3,3,삼성,3,"10,27,46"
657,16:37,4,4,여의도,9,"2,7,20,21,23,29,55,66,69"
657,16:37,5,5,김포공항,7,"0,1,31,32,43,45,49"
657,16:37,6,6,일산,5,"19,24,33,38,58"
657,16:37,7,7,판교,3,"8,39,40"
658,16:38,1,1,서울역,4,"25,37,59,65"
658,16:38,10,10,인천공항,4,"16,53,61,63"
658,16:38,2,2,수서,9,"3,9,30,41,42,50,52,54,60"
658,16:38,3,3,삼성,3,"10,27,46"
658,16:38,4,4,여의도,8,"2,7,20,21,23,29,66,69"
658,16:38,5,5,김포공항,7,"0,1,31,32,43,45,49"
658,16:38,6,6,일산,5,"19,24,33,38,58"
658,16:38,7,7,판교,3,"8,39,40"
659,16:39,1,1,서울역,5,"22,25,37,57,59"
659,16:39,10,10,인천공항,4,"16,53,61,63"
659,16:39,2,2,수서,9,"3,30,41,42,50,51,52,54,60"
659,16:39,3,3,삼성,4,"4,10,27,46"
659,16:39,4,4,여의도,9,"2,7,20,23,29,66,67,68,69"
659,16:39,5,5,김포공항,8,"0,1,14,31,32,43,45,49"
659,16:39,6,6,일산,3,"19,24,33"
659,16:39,7,7,판교,3,"8,39,40"
660,16:40,1,1,서울역,5,"22,25,37,57,59"
660,16:40,10,10,인천공항,4,"16,53,61,63"
660,16:40,2,2,수서,9,"3,12,30,36,42,50,51,54,60"
660,16:40,3,3,삼성,4,"4,10,27,46"
660,16:40,4,4,여의도,9,"2,7,20,23,26,29,67,68,69"
660,16:40,5,5,김포공항,7,"0,1,14,32,43,45,49"
660,16:40,6,6,일산,3,"19,24,33"
660,16:40,7,7,판교,3,"8,39,40"
661,16:41,1,1,서울역,5,"22,25,37,57,59"
661,16:41,10,10,인천공항,4,"16,53,61,63"
661,16:41,2,2,수서,8,"3,12,13,30,36,50,51,60"
661,16:41,3,3,삼성,5,"4,10,27,35,46"
661,16:41,4,4,여의도,8,"2,7,20,23,26,67,68,69"
661,16:41,5,5,김포공항,7,"0,1,14,32,43,45,49"
661,16:41,6,6,일산,3,"19,24,33"
661,16:41,7,7,판교,3,"8,39,40"
662,16:42,1,1,서울역,3,"25,37,59"
662,16:42,10,10,인천공항,4,"16,53,61,63"
662,16:42,2,2,수서,8,"3,12,13,30,36,50,51,60"
662,16:42,3,3,삼성,5,"4,10,27,35,46"
662,16:42,4,4,여의도,8,"2,5,7,20,26,67,68,69"
662,16:42,5,5,김포공항,6,"0,14,32,43,45,49"
662,16:42,6,6,일산,2,"24,33"
662,16:42,7,7,판교,4,"8,39,40,48"
663,16:43,1,1,서울역,3,"25,37,59"
663,16:43,10,10,인천공항,4,"16,53,61,63"
663,16:43,2,2,수서,8,"3,12,13,30,36,50,51,60"
663,16:43,3,3,삼성,5,"4,10,27,35,46"
663,16:43,4,4,여의도,11,"2,5,7,11,20,26,28,56,67,68,69"
663,16:43,5,5,김포공항,6,"0,14,32,43,45,49"
663,16:43,6,6,일산,2,"24,33"
663,16:43,7,7,판교,2,"8,48"
664,16:44,1,1,서울역,4,"25,44,59,66"
664,16:44,10,10,인천공항,3,"16,61,63"
664,16:44,2,2,수서,10,"3,12,13,15,30,36,50,51,55,60"
664,16:44,3,3,삼성,5,"4,10,27,35,46"
664,16:44,4,4,여의도,10,"2,5,7,11,20,26,28,56,67,68"
664,16:44,5,5,김포공항,7,"0,14,17,32,43,45,49"
664,16:44,6,6,일산,2,"24,33"
664,16:44,7,7,판교,2,"8,48"
665,16:45,1,1,서울역,4,"25,44,59,66"
665,16:45,10,10,인천공항,3,"16,61,63"
665,16:45,2,2,수서,11,"3,12,13,15,30,36,47,50,51,55,60"
665,16:45,3,3,삼성,5,"4,10,27,35,65"
665,16:45,4,4,여의도,11,"2,5,7,11,20,26,28,56,64,67,68"
665,16:45,5,5,김포공항,7,"0,17,32,43,45,49,62"
665,16:45,6,6,일산,2,"24,33"
665,16:45,7,7,판교,2,"8,48"
666,16:46,1,1,서울역,6,"23,25,44,58,59,66"
666,16:46,10,10,인천공항,4,"6,16,61,63"
666,16:46,2,2,수서,10,"3,13,15,30,36,47,50,51,55,60"
666,16:46,3,3,삼성,4,"10,27,35,65"
666,16:46,4,4,여의도,10,"2,5,7,11,20,28,56,64,67,68"
666,16:46,5,5,김포공항,7,"0,17,18,32,45,49,62"
666,16:46,6,6,일산,2,"24,33"
666,16:46,7,7,판교,4,"8,21,41,48"
667,16:47,1,1,서울역,5,"23,25,44,58,59"
667,16:47,10,10,인천공항,4,"6,16,61,63"
667,16:47,2,2,수서,10,"3,13,15,30,36,47,50,51,55,60"
667,16:47,3,3,삼성,4,"10,27,35,65"
667,16:47,4,4,여의도,9,"2,5,11,20,28,56,64,67,68"
667,16:47,5,5,김포공항,7,"0,9,17,18,32,45,62"
667,16:47,6,6,일산,2,"24,33"
667,16:47,7,7,판교,5,"8,21,41,42,48"
668,16:48,1,1,서울역,7,"23,25,31,44,58,59,69"
668,16:48,10,10,인천공항,4,"6,16,61,63"
668,16:48,2,2,수서,10,"3,13,15,30,36,47,50,51,55,60"
668,16:48,3,3,삼성,4,"10,27,35,65"
668,16:48,4,4,여의도,9,"2,5,11,20,28,56,64,67,68"
668,16:48,5,5,김포공항,7,"0,9,17,18,32,45,52"
668,16:48,6,6,일산,3,"24,33,34"
668,16:48,7,7,판교,4,"8,21,41,42"
669,16:49,1,1,서울역,5,"25,31,44,59,69"
669,16:49,10,10,인천공항,4,"6,16,61,63"
669,16:49,2,2,수서,9,"3,13,15,36,47,50,51,55,60"
669,16:49,3,3,삼성,5,"10,27,35,38,65"
669,16:49,4,4,여의도,6,"5,20,56,64,67,68"
669,16:49,5,5,김포공항,8,"0,9,17,18,32,45,52,54"
669,16:49,6,6,일산,3,"24,33,34"
669,16:49,7,7,판교,4,"8,21,22,42"
670,16:50,1,1,서울역,6,"25,31,39,44,59,69"
670,16:50,10,10,인천공항,3,"6,61,63"
670,16:50,2,2,수서,7,"3,15,36,47,51,55,60"
670,16:50,3,3,삼성,6,"10,27,35,37,38,65"
670,16:50,4,4,여의도,7,"5,20,40,56,64,67,68"
670,16:50,5,5,김포공항,8,"0,9,18,32,45,52,54,57"
670,16:50,6,6,일산,3,"24,33,34"
670,16:50,7,7,판교,3,"8,21,22"
671,16:51,1,1,서울역,4,"25,39,44,59"
671,16:51,10,10,인천공항,3,"6,61,63"
671,16:51,2,2,수서,6,"3,15,36,47,51,55"
671,16:51,3,3,삼성,6,"10,27,35,37,38,65"
671,16:51,4,4,여의도,7,"5,20,40,56,64,67,68"
671,16:51,5,5,김포공항,7,"0,9,18,32,52,54,57"
671,16:51,6,6,일산,3,"24,33,34"
671,16:51,7,7,판교,3,"8,21,22"
672,16:52,1,1,서울역,4,"25,39,44,59"
672,16:52,10,10,인천공항,3,"6,61,63"
672,16:52,2,2,수서,5,"3,36,47,51,55"
672,16:52,3,3,삼성,5,"27,35,37,38,65"
672,16:52,4,4,여의도,9,"5,12,20,40,46,56,64,67,68"
672,16:52,5,5,김포공항,7,"0,9,18,32,52,54,57"
672,16:52,6,6,일산,3,"24,33,34"
672,16:52,7,7,판교,2,"8,22"
673,16:53,1,1,서울역,4,"25,39,44,59"
673,16:53,10,10,인천공항,3,"6,61,63"
673,16:53,2,2,수서,6,"3,7,36,47,51,55"
673,16:53,3,3,삼성,7,"14,27,35,37,38,50,65"
673,16:53,4,4,여의도,8,"5,12,20,40,46,64,67,68"
673,16:53,5,5,김포공항,6,"9,18,32,52,54,57"
673,16:53,6,6,일산,2,"24,34"
673,16:53,7,7,판교,3,"8,22,26"
674,16:54,1,1,서울역,5,"25,39,43,44,59"
674,16:54,10,10,인천공항,3,"6,61,63"
674,16:54,2,2,수서,6,"3,7,36,47,51,55"
674,16:54,3,3,삼성,7,"14,27,35,37,38,50,65"
674,16:54,4,4,여의도,8,"5,12,20,40,46,64,67,68"
674,16:54,5,5,김포공항,7,"4,9,18,32,52,54,57"
674,16:54,6,6,일산,2,"34,66"
674,16:54,7,7,판교,4,"8,19,22,26"
675,16:55,1,1,서울역,7,"25,39,43,44,48,49,59"
675,16:55,10,10,인천공항,3,"6,61,63"
675,16:55,2,2,수서,7,"2,3,7,28,36,47,51"
675,16:55,3,3,삼성,8,"14,23,27,35,37,38,50,65"
675,16:55,4,4,여의도,9,"5,12,20,30,40,46,64,67,68"
675,16:55,5,5,김포공항,7,"4,9,18,32,52,54,57"
675,16:55,6,6,일산,2,"34,66"
675,16:55,7,7,판교,4,"8,19,22,26"
676,16:56,1,1,서울역,8,"25,39,43,44,48,49,59,62"
676,16:56,10,10,인천공항,3,"6,61,63"
676,16:56,2,2,수서,7,"2,3,7,28,36,47,51"
676,16:56,3,3,삼성,6,"23,27,35,37,38,65"
676,16:56,4,4,여의도,12,"5,12,13,20,30,40,41,46,53,64,67,68"
676,16:56,5,5,김포공항,7,"4,9,18,32,52,54,57"
676,16:56,6,6,일산,2,"34,66"
676,16:56,7,7,판교,5,"8,11,19,22,26"
676,16:56,9,9,평택,1,29
677,16:57,1,1,서울역,8,"25,39,43,44,48,49,59,62"
677,16:57,10,10,인천공항,2,"6,63"
677,16:57,2,2,수서,7,"2,3,7,28,36,47,51"
677,16:57,3,3,삼성,6,"23,27,35,37,38,65"
677,16:57,4,4,여의도,13,"5,12,13,20,30,40,41,42,46,53,64,67,68"
677,16:57,5,5,김포공항,8,"4,9,18,32,52,54,57,58"
677,16:57,6,6,일산,2,"34,66"
677,16:57,7,7,판교,5,"8,11,19,22,26"
677,16:57,9,9,평택,1,29
678,16:58,1,1,서울역,8,"17,25,39,43,44,48,59,62"
678,16:58,10,10,인천공항,2,"6,63"
678,16:58,2,2,수서,9,"2,3,7,28,31,36,47,51,69"
678,16:58,3,3,삼성,6,"23,27,35,37,38,65"
678,16:58,4,4,여의도,12,"5,12,13,20,40,41,42,46,53,64,67,68"
678,16:58,5,5,김포공항,8,"4,9,18,32,52,54,57,58"
678,16:58,6,6,일산,2,"34,66"
678,16:58,7,7,판교,4,"8,11,19,26"
678,16:58,9,9,평택,1,29
679,16:59,1,1,서울역,8,"15,17,25,39,43,44,45,48"
679,16:59,10,10,인천공항,2,"6,63"
679,16:59,2,2,수서,9,"2,3,7,28,31,47,51,56,69"
679,16:59,3,3,삼성,5,"23,27,35,38,65"
679,16:59,4,4,여의도,13,"5,12,13,20,21,40,41,42,46,53,64,67,68"
679,16:59,5,5,김포공항,9,"4,9,18,32,52,54,57,58,60"
679,16:59,6,6,일산,2,"34,66"
679,16:59,7,7,판교,3,"8,11,19"
679,16:59,9,9,평택,2,"1,29"
680,17:00,1,1,서울역,7,"15,17,25,39,44,45,48"
680,17:00,10,10,인천공항,1,63
680,17:00,2,2,수서,9,"2,3,7,28,31,47,51,56,69"
680,17:00,3,3,삼성,4,"23,27,35,65"
680,17:00,4,4,여의도,12,"5,12,13,20,21,40,41,42,46,53,67,68"
680,17:00,5,5,김포공항,4,"9,10,58,60"
680,17:00,6,6,일산,2,"34,66"
680,17:00,7,7,판교,3,"8,11,19"
680,17:00,9,9,평택,2,"1,29"
681,17:01,1,1,서울역,6,"15,25,39,44,45,48"
681,17:01,10,10,인천공항,1,63
681,17:01,2,2,수서,9,"2,3,7,28,31,47,51,56,69"
681,17:01,3,3,삼성,5,"0,23,27,35,65"
681,17:01,4,4,여의도,12,"5,12,13,20,21,40,41,42,46,53,67,68"
681,17:01,5,5,김포공항,4,"9,10,58,60"
681,17:01,6,6,일산,1,34
681,17:01,7,7,판교,3,"8,11,19"
681,17:01,9,9,평택,2,"1,29"
682,17:02,1,1,서울역,5,"15,25,39,44,48"
682,17:02,10,10,인천공항,1,63
682,17:02,2,2,수서,9,"2,3,7,28,31,47,51,56,69"
682,17:02,3,3,삼성,5,"0,23,27,35,65"
682,17:02,4,4,여의도,11,"5,12,13,20,40,41,42,46,53,67,68"
682,17:02,5,5,김포공항,2,"10,60"
682,17:02,6,6,일산,1,34
682,17:02,7,7,판교,3,"8,11,19"
682,17:02,9,9,평택,2,"1,29"
683,17:03,1,1,서울역,3,"15,39,48"
683,17:03,10,10,인천공항,1,63
683,17:03,2,2,수서,9,"2,3,7,28,31,47,51,56,69"
683,17:03,3,3,삼성,5,"0,23,27,35,65"
683,17:03,4,4,여의도,12,"5,12,13,14,20,40,41,42,46,53,67,68"
683,17:03,5,5,김포공항,3,"10,55,60"
683,17:03,7,7,판교,2,"8,11"
683,17:03,9,9,평택,2,"1,29"
684,17:04,1,1,서울역,3,"15,39,48"
684,17:04,10,10,인천공항,1,63
684,17:04,2,2,수서,8,"2,3,7,28,31,47,51,56"
684,17:04,3,3,삼성,5,"0,23,24,27,35"
684,17:04,4,4,여의도,10,"5,12,13,14,41,42,46,53,67,68"
684,17:04,5,5,김포공항,3,"10,50,55"
684,17:04,7,7,판교,2,"8,11"
684,17:04,9,9,평택,2,"1,29"
685,17:05,1,1,서울역,4,"15,22,39,48"
685,17:05,10,10,인천공항,1,63
685,17:05,2,2,수서,5,"2,7,47,51,56"
685,17:05,3,3,삼성,6,"0,16,23,24,27,35"
685,17:05,4,4,여의도,10,"5,12,13,14,36,41,42,53,67,68"
685,17:05,5,5,김포공항,3,"10,50,55"
685,17:05,6,6,일산,1,30
685,17:05,7,7,판교,3,"8,11,33"
685,17:05,9,9,평택,1,1
686,17:06,1,1,서울역,6,"15,22,26,38,39,48"
686,17:06,2,2,수서,7,"2,7,47,51,56,62,64"
686,17:06,3,3,삼성,6,"0,16,23,24,27,35"
686,17:06,4,4,여의도,9,"5,12,13,14,36,41,53,67,68"
686,17:06,5,5,김포공항,3,"49,50,55"
686,17:06,6,6,일산,1,30
686,17:06,7,7,판교,3,"8,11,33"
686,17:06,9,9,평택,1,1
687,17:07,1,1,서울역,6,"15,22,26,38,39,48"
687,17:07,2,2,수서,7,"2,7,47,51,56,62,64"
687,17:07,3,3,삼성,5,"0,16,24,27,35"
687,17:07,4,4,여의도,7,"5,13,14,36,53,67,68"
687,17:07,5,5,김포공항,4,"37,49,55,59"
687,17:07,6,6,일산,2,"30,43"
687,17:07,7,7,판교,3,"8,11,33"
687,17:07,9,9,평택,1,1
688,17:08,1,1,서울역,8,"4,22,26,38,39,48,54,66"
688,17:08,2,2,수서,6,"7,21,51,56,62,64"
688,17:08,3,3,삼성,9,"0,16,18,24,27,32,35,52,57"
688,17:08,4,4,여의도,4,"13,14,53,68"
688,17:08,5,5,김포공항,4,"37,49,55,59"
688,17:08,6,6,일산,2,"30,43"
688,17:08,7,7,판교,4,"8,11,17,33"
688,17:08,9,9,평택,1,1
689,17:09,1,1,서울역,7,"4,22,26,39,48,54,66"
689,17:09,2,2,수서,5,"7,21,51,56,64"
689,17:09,3,3,삼성,11,"0,16,18,24,25,27,32,35,44,52,57"
689,17:09,4,4,여의도,4,"13,14,53,68"
689,17:09,5,5,김포공항,2,"37,59"
689,17:09,6,6,일산,3,"30,43,45"
689,17:09,7,7,판교,4,"8,11,17,33"
689,17:09,9,9,평택,1,1
690,17:10,1,1,서울역,8,"4,22,26,39,48,54,65,66"
690,17:10,2,2,수서,6,"7,20,21,51,56,64"
690,17:10,3,3,삼성,9,"16,18,25,32,35,44,52,57,58"
690,17:10,4,4,여의도,4,"13,14,19,69"
690,17:10,5,5,김포공항,1,37
690,17:10,6,6,일산,3,"30,43,45"
690,17:10,7,7,판교,3,"11,17,33"
690,17:10,9,9,평택,1,1
691,17:11,1,1,서울역,5,"22,26,39,48,65"
691,17:11,2,2,수서,6,"7,20,21,51,56,64"
691,17:11,3,3,삼성,6,"16,25,35,44,52,58"
691,17:11,4,4,여의도,5,"3,13,14,19,69"
691,17:11,5,5,김포공항,1,37
691,17:11,6,6,일산,3,"30,43,45"
691,17:11,7,7,판교,3,"11,17,33"
691,17:11,9,9,평택,1,1
692,17:12,1,1,서울역,7,"22,26,28,31,39,48,65"
692,17:12,10,10,인천공항,1,9
692,17:12,2,2,수서,7,"7,20,21,51,56,60,64"
692,17:12,3,3,삼성,7,"16,25,35,44,52,58,61"
692,17:12,4,4,여의도,5,"3,13,14,19,69"
692,17:12,5,5,김포공항,1,37
692,17:12,6,6,일산,3,"30,43,45"
692,17:12,7,7,판교,4,"11,17,33,46"
692,17:12,9,9,평택,1,1
693,17:13,1,1,서울역,8,"6,22,26,28,31,39,48,65"
693,17:13,10,10,인천공항,1,9
693,17:13,2,2,수서,8,"7,12,20,21,51,56,60,64"
693,17:13,3,3,삼성,6,"16,25,35,52,58,61"
693,17:13,4,4,여의도,5,"3,13,14,19,69"
693,17:13,5,5,김포공항,1,37
693,17:13,6,6,일산,3,"30,43,45"
693,17:13,7,7,판교,5,"11,17,33,42,46"
693,17:13,9,9,평택,1,1
694,17:14,1,1,서울역,9,"6,10,22,26,28,31,39,48,65"
694,17:14,10,10,인천공항,1,9
694,17:14,2,2,수서,9,"5,7,12,20,36,51,56,60,64"
694,17:14,3,3,삼성,7,"16,25,35,41,52,58,61"
694,17:14,4,4,여의도,8,"2,3,13,14,19,23,47,69"
694,17:14,5,5,김포공항,1,37
694,17:14,6,6,일산,3,"30,43,45"
694,17:14,7,7,판교,5,"11,17,33,42,46"
694,17:14,9,9,평택,1,1
695,17:15,1,1,서울역,9,"6,10,22,26,28,31,39,48,65"
695,17:15,10,10,인천공항,1,9
695,17:15,2,2,수서,8,"5,7,12,20,36,50,51,56"
695,17:15,3,3,삼성,7,"16,25,38,41,58,61,67"
695,17:15,4,4,여의도,10,"2,3,13,14,19,23,47,49,55,69"
695,17:15,5,5,김포공항,1,37
695,17:15,6,6,일산,2,"30,43"
695,17:15,7,7,판교,7,"11,15,17,33,34,42,46"
695,17:15,9,9,평택,1,1
696,17:16,1,1,서울역,8,"0,6,10,22,26,28,31,48"
696,17:16,10,10,인천공항,1,9
696,17:16,2,2,수서,9,"5,7,12,20,36,50,51,53,56"
696,17:16,3,3,삼성,7,"16,25,38,41,58,61,67"
696,17:16,4,4,여의도,10,"2,3,13,14,19,23,47,49,55,59"
696,17:16,5,5,김포공항,1,37
696,17:16,6,6,일산,2,"30,43"
696,17:16,7,7,판교,6,"15,17,33,34,42,46"
696,17:16,9,9,평택,1,1
697,17:17,1,1,서울역,6,"0,6,26,28,31,48"
697,17:17,10,10,인천공항,1,9
697,17:17,2,2,수서,8,"5,7,12,20,50,51,53,56"
697,17:17,3,3,삼성,9,"16,25,38,41,54,58,61,67,68"
697,17:17,4,4,여의도,13,"2,3,8,13,14,19,23,24,27,47,49,55,59"
697,17:17,5,5,김포공항,1,37
697,17:17,6,6,일산,2,"30,43"
697,17:17,7,7,판교,6,"15,17,33,34,42,46"
697,17:17,9,9,평택,1,1
698,17:18,1,1,서울역,4,"0,6,26,31"
698,17:18,10,10,인천공항,1,9
698,17:18,2,2,수서,7,"5,7,12,20,51,53,56"
698,17:18,3,3,삼성,8,"16,25,38,41,54,61,67,68"
698,17:18,4,4,여의도,12,"2,3,8,14,19,23,24,27,47,55,57,59"
698,17:18,5,5,김포공항,1,37
698,17:18,6,6,일산,3,"30,43,66"
698,17:18,7,7,판교,5,"15,17,33,34,42"
699,17:19,1,1,서울역,4,"0,26,31,44"
699,17:19,10,10,인천공항,1,9
699,17:19,2,2,수서,7,"5,7,12,20,51,53,56"
699,17:19,3,3,삼성,8,"16,25,38,41,54,61,67,68"
699,17:19,4,4,여의도,11,"2,3,8,14,19,23,24,27,47,55,57"
699,17:19,5,5,김포공항,3,"18,32,37"
699,17:19,6,6,일산,3,"30,43,66"
699,17:19,7,7,판교,5,"15,17,33,34,42"
699,17:19,8,8,동탄/용인,1,62
699,17:19,9,9,평택,1,40
700,17:20,1,1,서울역,4,"0,26,31,44"
700,17:20,10,10,인천공항,1,9
700,17:20,2,2,수서,7,"5,7,12,20,51,53,56"
700,17:20,3,3,삼성,7,"25,38,41,54,61,67,68"
700,17:20,4,4,여의도,8,"8,14,21,23,29,47,55,57"
700,17:20,5,5,김포공항,3,"18,32,37"
700,17:20,6,6,일산,3,"30,43,66"
700,17:20,7,7,판교,5,"15,17,33,34,42"
700,17:20,8,8,동탄/용인,1,62
700,17:20,9,9,평택,1,40
701,17:21,1,1,서울역,5,"0,26,31,44,52"
701,17:21,2,2,수서,5,"5,12,20,53,56"
701,17:21,3,3,삼성,7,"25,38,41,54,61,63,68"
701,17:21,4,4,여의도,9,"8,14,21,23,29,47,57,60,64"
701,17:21,5,5,김포공항,3,"18,32,37"
701,17:21,6,6,일산,3,"30,43,66"
701,17:21,7,7,판교,5,"15,17,33,34,42"
701,17:21,8,8,동탄/용인,1,62
701,17:21,9,9,평택,1,40
702,17:22,1,1,서울역,5,"0,26,31,44,52"
702,17:22,2,2,수서,5,"5,12,20,53,56"
702,17:22,3,3,삼성,8,"25,38,41,54,61,63,65,68"
702,17:22,4,4,여의도,10,"8,14,21,23,29,35,47,57,60,64"
702,17:22,5,5,김포공항,3,"18,32,37"
702,17:22,6,6,일산,3,"30,43,66"
702,17:22,7,7,판교,4,"15,33,34,42"
702,17:22,8,8,동탄/용인,1,62
702,17:22,9,9,평택,1,40
703,17:23,1,1,서울역,5,"0,26,31,44,52"
703,17:23,2,2,수서,5,"5,12,20,39,56"
703,17:23,3,3,삼성,5,"25,41,61,63,65"
703,17:23,4,4,여의도,9,"8,11,14,21,29,35,57,60,64"
703,17:23,5,5,김포공항,3,"18,32,37"
703,17:23,6,6,일산,3,"30,43,66"
703,17:23,7,7,판교,4,"15,33,34,69"
703,17:23,8,8,동탄/용인,1,62
703,17:23,9,9,평택,1,40
704,17:24,1,1,서울역,6,"0,26,31,36,44,52"
704,17:24,10,10,인천공항,1,4
704,17:24,2,2,수서,6,"5,12,13,20,39,56"
704,17:24,3,3,삼성,5,"25,41,61,63,65"
704,17:24,4,4,여의도,8,"8,11,21,29,35,50,60,64"
704,17:24,5,5,김포공항,3,"18,32,37"
704,17:24,6,6,일산,2,"30,43"
704,17:24,7,7,판교,4,"22,33,34,69"
704,17:24,8,8,동탄/용인,1,62
704,17:24,9,9,평택,1,40
705,17:25,1,1,서울역,6,"0,26,31,36,46,52"
705,17:25,10,10,인천공항,1,4
705,17:25,2,2,수서,6,"5,13,20,28,39,56"
705,17:25,3,3,삼성,7,"25,41,45,49,61,63,65"
705,17:25,4,4,여의도,9,"8,11,21,29,35,50,58,60,64"
705,17:25,5,5,김포공항,3,"10,18,37"
705,17:25,6,6,일산,2,"30,43"
705,17:25,7,7,판교,5,"22,33,34,48,69"
705,17:25,8,8,동탄/용인,1,62
706,17:26,1,1,서울역,6,"0,26,31,36,46,52"
706,17:26,10,10,인천공항,1,4
706,17:26,2,2,수서,9,"2,3,5,13,20,24,28,39,56"
706,17:26,3,3,삼성,7,"25,41,45,49,61,63,65"
706,17:26,4,4,여의도,8,"11,21,29,35,50,58,60,64"
706,17:26,5,5,김포공항,3,"10,18,37"
706,17:26,6,6,일산,2,"30,43"
706,17:26,7,7,판교,5,"22,33,48,59,69"
706,17:26,8,8,동탄/용인,1,62
707,17:27,1,1,서울역,7,"0,26,31,36,46,52,67"
707,17:27,10,10,인천공항,1,4
707,17:27,2,2,수서,8,"2,3,5,13,24,28,39,56"
707,17:27,3,3,삼성,6,"25,41,45,49,63,65"
707,17:27,4,4,여의도,9,"7,11,16,21,29,35,50,58,64"
707,17:27,5,5,김포공항,2,"10,37"
707,17:27,6,6,일산,1,43
707,17:27,7,7,판교,6,"19,22,33,48,59,69"
707,17:27,8,8,동탄/용인,1,62
708,17:28,1,1,서울역,5,"31,36,46,52,67"
708,17:28,10,10,인천공항,1,4
708,17:28,2,2,수서,8,"2,3,5,13,24,28,39,56"
708,17:28,3,3,삼성,6,"25,41,45,49,55,63"
708,17:28,4,4,여의도,9,"7,11,16,21,29,35,50,58,64"
708,17:28,5,5,김포공항,2,"10,37"
708,17:28,6,6,일산,1,43
708,17:28,7,7,판교,6,"19,22,33,48,59,69"
708,17:28,8,8,동탄/용인,1,62
709,17:29,1,1,서울역,7,"31,36,38,46,52,67,68"
709,17:29,10,10,인천공항,1,4
709,17:29,2,2,수서,7,"3,5,13,23,28,39,56"
709,17:29,3,3,삼성,6,"25,41,45,49,55,63"
709,17:29,4,4,여의도,10,"7,11,16,17,21,29,35,50,58,64"
709,17:29,5,5,김포공항,3,"10,37,51"
709,17:29,6,6,일산,1,43
709,17:29,7,7,판교,5,"19,22,33,48,59"
709,17:29,8,8,동탄/용인,1,62
710,17:30,1,1,서울역,9,"31,36,38,42,46,52,53,67,68"
710,17:30,10,10,인천공항,1,4
710,17:30,2,2,수서,6,"3,13,14,23,28,39"
710,17:30,3,3,삼성,5,"41,45,47,49,55"
710,17:30,4,4,여의도,10,"7,11,16,17,21,29,35,50,58,64"
710,17:30,5,5,김포공항,3,"10,37,51"
710,17:30,6,6,일산,1,43
710,17:30,7,7,판교,5,"19,22,33,48,59"
710,17:30,8,8,동탄/용인,1,62
711,17:31,1,1,서울역,9,"31,36,38,42,46,52,53,67,68"
711,17:31,10,10,인천공항,1,4
711,17:31,2,2,수서,5,"3,13,14,23,39"
711,17:31,3,3,삼성,6,"41,45,47,49,55,57"
711,17:31,4,4,여의도,10,"7,11,12,16,17,21,29,35,50,64"
711,17:31,5,5,김포공항,4,"10,37,51,54"
711,17:31,6,6,일산,1,43
711,17:31,7,7,판교,5,"19,22,33,48,59"
711,17:31,8,8,동탄/용인,1,62
712,17:32,1,1,서울역,9,"31,36,38,42,46,52,53,67,68"
712,17:32,10,10,인천공항,3,"4,6,27"
712,17:32,2,2,수서,5,"3,8,13,14,44"
712,17:32,3,3,삼성,6,"41,45,47,49,55,57"
712,17:32,4,4,여의도,7,"7,12,16,17,29,35,50"
712,17:32,5,5,김포공항,4,"10,37,51,54"
712,17:32,7,7,판교,4,"19,22,33,48"
712,17:32,8,8,동탄/용인,1,62
713,17:33,1,1,서울역,7,"34,36,38,42,46,53,68"
713,17:33,10,10,인천공항,3,"4,6,27"
713,17:33,2,2,수서,6,"3,8,13,14,32,44"
713,17:33,3,3,삼성,7,"41,45,47,49,55,56,57"
713,17:33,4,4,여의도,6,"7,12,17,29,35,50"
713,17:33,5,5,김포공항,4,"10,37,51,54"
713,17:33,7,7,판교,3,"19,33,48"
713,17:33,8,8,동탄/용인,1,62
714,17:34,1,1,서울역,7,"34,36,38,42,46,53,68"
714,17:34,10,10,인천공항,2,"6,27"
714,17:34,2,2,수서,6,"3,8,13,14,32,44"
714,17:34,3,3,삼성,8,"26,41,45,47,55,56,57,60"
714,17:34,4,4,여의도,6,"7,12,17,29,35,50"
714,17:34,5,5,김포공항,3,"10,51,54"
714,17:34,7,7,판교,3,"19,33,48"
714,17:34,8,8,동탄/용인,1,62
715,17:35,1,1,서울역,8,"18,34,36,38,42,46,53,68"
715,17:35,10,10,인천공항,2,"6,27"
715,17:35,2,2,수서,6,"0,8,13,14,32,44"
715,17:35,3,3,삼성,8,"26,41,45,47,55,56,57,60"
715,17:35,4,4,여의도,9,"2,7,12,17,24,29,35,50,65"
715,17:35,5,5,김포공항,5,"10,20,51,54,61"
715,17:35,7,7,판교,3,"19,33,48"
715,17:35,8,8,동탄/용인,1,62
716,17:36,1,1,서울역,8,"18,34,36,38,42,46,53,68"
716,17:36,10,10,인천공항,2,"6,27"
716,17:36,2,2,수서,5,"0,8,14,32,44"
716,17:36,3,3,삼성,9,"9,26,41,45,47,55,56,57,60"
716,17:36,4,4,여의도,10,"2,5,7,12,17,24,35,50,65,69"
716,17:36,5,5,김포공항,5,"10,20,51,54,61"
716,17:36,7,7,판교,3,"19,48,66"
716,17:36,8,8,동탄/용인,1,62
716,17:36,9,9,평택,1,15
717,17:37,1,1,서울역,8,"16,18,34,38,42,46,53,68"
717,17:37,10,10,인천공항,3,"1,6,27"
717,17:37,2,2,수서,6,"0,8,14,32,44,58"
717,17:37,3,3,삼성,8,"9,26,41,45,47,55,56,60"
717,17:37,4,4,여의도,12,"2,5,7,12,17,24,25,28,50,63,65,69"
717,17:37,5,5,김포공항,5,"10,20,51,54,61"
717,17:37,7,7,판교,3,"19,48,66"
717,17:37,8,8,동탄/용인,1,62
717,17:37,9,9,평택,1,15
718,17:38,1,1,서울역,7,"16,18,34,38,42,46,53"
718,17:38,10,10,인천공항,2,"1,27"
718,17:38,2,2,수서,7,"0,8,14,32,44,58,64"
718,17:38,3,3,삼성,8,"9,26,41,45,47,55,56,60"
718,17:38,4,4,여의도,14,"2,5,7,12,17,23,24,25,28,39,50,63,65,69"
718,17:38,5,5,김포공항,4,"10,20,54,61"
718,17:38,7,7,판교,3,"19,48,66"
718,17:38,8,8,동탄/용인,1,62
718,17:38,9,9,평택,1,15
719,17:39,1,1,서울역,8,"16,18,34,38,42,46,53,59"
719,17:39,10,10,인천공항,2,"1,27"
719,17:39,2,2,수서,7,"0,8,14,32,44,58,64"
719,17:39,3,3,삼성,8,"9,26,45,47,52,55,56,60"
719,17:39,4,4,여의도,14,"2,5,7,12,17,23,24,25,28,39,50,63,65,69"
719,17:39,5,5,김포공항,4,"10,20,54,61"
719,17:39,7,7,판교,5,"11,19,21,30,66"
719,17:39,8,8,동탄/용인,1,62
719,17:39,9,9,평택,1,15
720,17:40,1,1,서울역,7,"18,34,42,46,49,53,59"
720,17:40,10,10,인천공항,2,"1,27"
720,17:40,2,2,수서,6,"0,8,32,44,58,64"
720,17:40,3,3,삼성,6,"9,26,45,47,52,55"
720,17:40,4,4,여의도,14,"2,5,7,17,22,23,24,25,39,40,50,63,65,69"
720,17:40,5,5,김포공항,3,"20,54,61"
720,17:40,7,7,판교,6,"11,21,30,31,66,67"
720,17:40,9,9,평택,1,15
721,17:41,1,1,서울역,6,"18,34,42,49,53,59"
721,17:41,10,10,인천공항,2,"1,27"
721,17:41,2,2,수서,6,"0,8,32,44,58,64"
721,17:41,3,3,삼성,6,"9,26,45,47,52,55"
721,17:41,4,4,여의도,14,"2,3,5,7,17,22,23,24,25,39,40,50,63,69"
721,17:41,5,5,김포공항,3,"20,54,61"
721,17:41,7,7,판교,6,"11,21,30,31,66,67"
721,17:41,9,9,평택,1,15
722,17:42,1,1,서울역,6,"18,34,42,49,53,59"
722,17:42,10,10,인천공항,1,1
722,17:42,2,2,수서,5,"0,8,44,58,64"
722,17:42,3,3,삼성,7,"9,26,37,45,47,52,55"
722,17:42,4,4,여의도,14,"2,3,5,7,13,17,22,23,24,25,39,40,50,63"
722,17:42,5,5,김포공항,3,"20,54,61"
722,17:42,7,7,판교,6,"11,21,30,31,66,67"
722,17:42,9,9,평택,1,15
723,17:43,1,1,서울역,6,"18,34,42,49,53,59"
723,17:43,10,10,인천공항,1,1
723,17:43,2,2,수서,4,"0,8,44,64"
723,17:43,3,3,삼성,7,"9,26,37,45,47,52,55"
723,17:43,4,4,여의도,15,"2,3,5,7,13,17,22,23,24,25,33,39,40,50,63"
723,17:43,5,5,김포공항,3,"20,54,61"
723,17:43,7,7,판교,7,"11,21,29,30,31,66,67"
723,17:43,9,9,평택,1,15
724,17:44,1,1,서울역,6,"18,34,42,49,53,59"
724,17:44,10,10,인천공항,1,1
724,17:44,2,2,수서,4,"0,8,44,64"
724,17:44,3,3,삼성,6,"9,37,45,52,55,68"
724,17:44,4,4,여의도,14,"2,3,5,7,13,17,22,24,25,33,40,50,57,63"
724,17:44,5,5,김포공항,2,"20,61"
724,17:44,7,7,판교,10,"11,21,29,30,31,35,36,43,66,67"
724,17:44,9,9,평택,1,15
725,17:45,1,1,서울역,5,"18,34,42,49,53"
725,17:45,10,10,인천공항,1,1
725,17:45,2,2,수서,4,"0,8,44,64"
725,17:45,3,3,삼성,6,"9,37,45,52,55,68"
725,17:45,4,4,여의도,12,"2,3,7,13,22,24,25,33,40,50,57,63"
725,17:45,7,7,판교,8,"21,29,31,35,36,43,66,67"
726,17:46,1,1,서울역,7,"18,34,42,48,49,53,60"
726,17:46,2,2,수서,6,"0,8,12,28,51,64"
726,17:46,3,3,삼성,7,"9,37,38,45,52,55,68"
726,17:46,4,4,여의도,11,"3,4,7,13,14,24,25,33,40,50,57"
726,17:46,7,7,판교,7,"21,29,31,35,36,43,66"
727,17:47,1,1,서울역,7,"18,34,42,48,49,53,60"
727,17:47,2,2,수서,8,"0,8,12,16,28,47,51,65"
727,17:47,3,3,삼성,6,"9,37,38,52,55,68"
727,17:47,4,4,여의도,10,"3,4,7,13,14,24,25,33,50,57"
727,17:47,5,5,김포공항,1,41
727,17:47,6,6,일산,1,10
727,17:47,7,7,판교,7,"21,29,31,35,36,43,66"
728,17:48,1,1,서울역,5,"34,42,48,49,60"
728,17:48,2,2,수서,8,"0,8,12,16,28,47,51,65"
728,17:48,3,3,삼성,6,"9,37,38,52,55,68"
728,17:48,4,4,여의도,10,"3,4,13,14,24,25,32,33,50,57"
728,17:48,5,5,김포공항,2,"41,56"
728,17:48,6,6,일산,1,10
728,17:48,7,7,판교,7,"21,29,31,35,36,43,66"
729,17:49,1,1,서울역,5,"34,42,48,49,60"
729,17:49,2,2,수서,7,"0,8,12,16,47,51,65"
729,17:49,3,3,삼성,5,"37,52,55,68,69"
729,17:49,4,4,여의도,11,"3,4,13,14,24,25,32,33,50,57,58"
729,17:49,5,5,김포공항,3,"41,46,56"
729,17:49,6,6,일산,1,10
729,17:49,7,7,판교,6,"21,29,35,36,43,66"
730,17:50,1,1,서울역,5,"34,42,48,49,60"
730,17:50,2,2,수서,6,"0,8,12,16,51,65"
730,17:50,3,3,삼성,4,"37,52,68,69"
730,17:50,4,4,여의도,9,"4,13,14,24,25,32,33,50,58"
730,17:50,5,5,김포공항,3,"41,46,56"
730,17:50,7,7,판교,6,"21,29,35,36,43,66"
731,17:51,1,1,서울역,5,"34,42,48,49,60"
731,17:51,2,2,수서,7,"0,8,12,16,17,51,65"
731,17:51,3,3,삼성,4,"23,52,68,69"
731,17:51,4,4,여의도,10,"4,13,14,24,25,26,32,33,50,58"
731,17:51,5,5,김포공항,3,"41,46,56"
731,17:51,7,7,판교,6,"29,35,36,39,43,66"
732,17:52,1,1,서울역,5,"11,34,42,48,49"
732,17:52,2,2,수서,8,"0,8,16,17,22,51,54,65"
732,17:52,3,3,삼성,4,"5,23,68,69"
732,17:52,4,4,여의도,10,"4,13,14,24,25,26,30,32,50,58"
732,17:52,5,5,김포공항,3,"41,46,56"
732,17:52,7,7,판교,6,"35,36,39,43,59,66"
732,17:52,9,9,평택,1,19
733,17:53,1,1,서울역,6,"11,34,42,48,49,67"
733,17:53,2,2,수서,7,"8,17,22,40,51,54,65"
733,17:53,3,3,삼성,8,"2,5,6,20,23,61,68,69"
733,17:53,4,4,여의도,11,"4,13,14,24,25,26,30,32,50,58,64"
733,17:53,5,5,김포공항,3,"41,46,56"
733,17:53,7,7,판교,7,"35,36,39,43,59,63,66"
733,17:53,9,9,평택,1,19
734,17:54,1,1,서울역,5,"11,34,48,49,67"
734,17:54,2,2,수서,7,"8,17,22,40,51,54,65"
734,17:54,3,3,삼성,9,"2,5,6,20,23,53,61,68,69"
734,17:54,4,4,여의도,8,"4,14,25,26,30,32,58,64"
734,17:54,5,5,김포공항,4,"41,44,46,56"
734,17:54,7,7,판교,7,"35,36,39,43,59,63,66"
734,17:54,9,9,평택,1,19
735,17:55,1,1,서울역,5,"11,34,38,49,67"
735,17:55,2,2,수서,6,"17,18,22,40,54,65"
735,17:55,3,3,삼성,8,"2,5,6,20,23,53,61,68"
735,17:55,4,4,여의도,8,"4,25,26,28,30,32,58,64"
735,17:55,5,5,김포공항,5,"41,44,45,46,56"
735,17:55,7,7,판교,7,"7,36,39,43,59,63,66"
736,17:56,1,1,서울역,4,"11,34,38,49"
736,17:56,2,2,수서,7,"3,17,18,22,40,54,65"
736,17:56,3,3,삼성,8,"2,5,6,20,23,53,61,68"
736,17:56,4,4,여의도,11,"4,9,25,26,28,30,31,32,47,58,64"
736,17:56,5,5,김포공항,4,"44,45,46,56"
736,17:56,7,7,판교,7,"7,36,39,43,59,63,66"
737,17:57,1,1,서울역,5,"11,34,37,38,49"
737,17:57,2,2,수서,7,"3,17,18,22,40,54,65"
737,17:57,3,3,삼성,8,"2,5,6,20,27,53,61,68"
737,17:57,4,4,여의도,9,"4,9,25,28,30,31,47,58,64"
737,17:57,5,5,김포공항,4,"44,45,46,56"
737,17:57,6,6,일산,1,62
737,17:57,7,7,판교,8,"7,36,39,43,57,59,63,66"
738,17:58,1,1,서울역,5,"11,21,37,38,49"
738,17:58,2,2,수서,7,"3,17,18,22,33,40,65"
738,17:58,3,3,삼성,7,"2,6,20,27,53,61,68"
738,17:58,4,4,여의도,8,"1,4,9,25,28,31,47,64"
738,17:58,5,5,김포공항,5,"44,45,46,55,56"
738,17:58,6,6,일산,1,62
738,17:58,7,7,판교,8,"7,36,39,43,57,59,63,66"
739,17:59,1,1,서울역,6,"11,12,21,37,38,49"
739,17:59,2,2,수서,6,"3,17,18,22,33,40"
739,17:59,3,3,삼성,6,"2,6,27,53,61,68"
739,17:59,4,4,여의도,10,"0,1,4,9,28,29,31,47,52,64"
739,17:59,5,5,김포공항,5,"44,45,46,55,56"
739,17:59,6,6,일산,1,62
739,17:59,7,7,판교,8,"7,36,39,43,57,59,63,66"
740,18:00,1,1,서울역,6,"11,12,21,37,38,49"
740,18:00,2,2,수서,5,"3,17,18,22,33"
740,18:00,3,3,삼성,6,"2,6,27,53,61,68"
740,18:00,4,4,여의도,11,"0,1,4,9,15,28,29,31,47,52,64"
740,18:00,5,5,김포공항,3,"45,55,60"
740,18:00,6,6,일산,1,62
740,18:00,7,7,판교,7,"7,39,43,57,59,63,66"
741,18:01,1,1,서울역,7,"11,12,21,37,38,49,69"
741,18:01,2,2,수서,7,"3,10,17,18,22,33,42"
741,18:01,3,3,삼성,8,"2,6,13,27,50,53,61,68"
741,18:01,4,4,여의도,12,"0,1,4,9,15,28,29,31,47,51,52,64"
741,18:01,5,5,김포공항,3,"16,55,60"
741,18:01,6,6,일산,1,62
741,18:01,7,7,판교,7,"7,24,43,57,59,63,66"
742,18:02,1,1,서울역,7,"8,12,21,37,38,49,69"
742,18:02,2,2,수서,6,"3,10,18,22,33,42"
742,18:02,3,3,삼성,5,"6,13,27,50,53"
742,18:02,4,4,여의도,12,"0,1,4,9,15,28,29,31,35,47,51,52"
742,18:02,5,5,김포공항,3,"16,55,60"
742,18:02,6,6,일산,1,62
742,18:02,7,7,판교,9,"7,14,24,43,48,57,59,63,66"
743,18:03,1,1,서울역,5,"8,12,21,37,69"
743,18:03,2,2,수서,7,"3,10,18,22,32,33,42"
743,18:03,3,3,삼성,5,"6,13,27,40,50"
743,18:03,4,4,여의도,11,"0,1,4,9,15,29,31,35,47,51,52"
743,18:03,5,5,김포공항,2,"16,55"
743,18:03,7,7,판교,7,"7,14,24,48,63,66,67"
744,18:04,1,1,서울역,6,"5,8,12,21,37,69"
744,18:04,2,2,수서,6,"3,10,30,32,42,58"
744,18:04,3,3,삼성,7,"6,13,26,27,34,40,50"
744,18:04,4,4,여의도,12,"0,1,4,9,15,23,29,31,35,47,51,52"
744,18:04,5,5,김포공항,2,"16,55"
744,18:04,7,7,판교,7,"7,14,24,48,63,66,67"
745,18:05,1,1,서울역,5,"5,8,21,37,69"
745,18:05,2,2,수서,7,"3,10,25,30,32,42,58"
745,18:05,3,3,삼성,7,"6,13,26,27,34,40,50"
745,18:05,4,4,여의도,10,"0,1,9,15,23,29,35,51,52,65"
745,18:05,5,5,김포공항,2,"16,55"
745,18:05,7,7,판교,7,"7,14,24,48,63,66,67"
746,18:06,1,1,서울역,5,"5,8,21,37,69"
746,18:06,10,10,인천공항,1,41
746,18:06,2,2,수서,7,"3,10,25,30,32,42,58"
746,18:06,3,3,삼성,5,"6,13,26,34,50"
746,18:06,4,4,여의도,11,"0,1,15,20,23,29,35,44,51,52,65"
746,18:06,5,5,김포공항,3,"16,54,55"
746,18:06,7,7,판교,6,"7,24,48,63,66,67"
747,18:07,1,1,서울역,5,"5,8,21,36,37"
747,18:07,10,10,인천공항,1,41
747,18:07,2,2,수서,7,"3,10,25,30,32,42,58"
747,18:07,3,3,삼성,4,"6,13,26,34"
747,18:07,4,4,여의도,12,"0,1,15,20,23,29,35,44,45,51,52,65"
747,18:07,5,5,김포공항,3,"16,54,55"
747,18:07,7,7,판교,6,"7,24,48,63,66,67"
748,18:08,1,1,서울역,7,"2,5,8,21,36,37,46"
748,18:08,10,10,인천공항,1,41
748,18:08,2,2,수서,9,"3,10,25,30,32,42,56,58,64"
748,18:08,3,3,삼성,5,"6,11,13,26,34"
748,18:08,4,4,여의도,13,"0,1,15,20,23,29,35,39,44,45,51,52,65"
748,18:08,5,5,김포공항,2,"16,54"
748,18:08,7,7,판교,6,"7,24,48,63,66,67"
749,18:09,1,1,서울역,8,"2,5,8,17,21,36,37,46"
749,18:09,10,10,인천공항,1,41
749,18:09,2,2,수서,9,"3,10,25,30,32,42,56,58,64"
749,18:09,3,3,삼성,5,"6,11,13,26,34"
749,18:09,4,4,여의도,12,"0,1,15,20,23,29,35,39,45,51,52,65"
749,18:09,5,5,김포공항,1,16
749,18:09,7,7,판교,6,"7,24,48,63,66,67"
750,18:10,1,1,서울역,8,"2,5,8,17,36,37,46,59"
750,18:10,10,10,인천공항,1,41
750,18:10,2,2,수서,9,"3,10,25,32,42,50,56,58,64"
750,18:10,3,3,삼성,4,"6,11,34,43"
750,18:10,4,4,여의도,12,"0,1,15,18,20,23,29,35,39,52,53,65"
750,18:10,5,5,김포공항,2,"16,61"
750,18:10,6,6,일산,1,49
750,18:10,7,7,판교,8,"7,24,28,38,48,63,66,67"
751,18:11,1,1,서울역,7,"2,5,8,17,36,37,59"
751,18:11,10,10,인천공항,1,41
751,18:11,2,2,수서,9,"3,10,25,32,42,50,58,60,64"
751,18:11,3,3,삼성,4,"6,11,34,43"
751,18:11,4,4,여의도,11,"0,1,15,18,20,23,29,35,52,53,65"
751,18:11,5,5,김포공항,2,"16,61"
751,18:11,6,6,일산,1,49
751,18:11,7,7,판교,8,"7,24,28,38,48,63,66,67"
752,18:12,1,1,서울역,8,"2,5,8,17,36,37,40,59"
752,18:12,10,10,인천공항,1,41
752,18:12,2,2,수서,11,"3,9,10,12,25,32,42,50,58,60,64"
752,18:12,3,3,삼성,7,"4,6,11,31,34,43,47"
752,18:12,4,4,여의도,10,"0,1,18,20,23,29,35,52,53,65"
752,18:12,5,5,김포공항,4,"16,22,33,61"
752,18:12,6,6,일산,1,49
752,18:12,7,7,판교,6,"7,28,38,48,66,67"
753,18:13,1,1,서울역,8,"2,5,8,17,36,37,40,59"
753,18:13,10,10,인천공항,1,41
753,18:13,2,2,수서,10,"3,9,10,12,25,32,42,58,60,64"
753,18:13,3,3,삼성,6,"4,6,11,31,43,47"
753,18:13,4,4,여의도,10,"0,1,18,20,23,29,35,52,53,65"
753,18:13,5,5,김포공항,5,"16,22,33,57,61"
753,18:13,6,6,일산,1,49
753,18:13,7,7,판교,4,"7,28,38,67"
754,18:14,1,1,서울역,8,"2,5,8,17,36,37,40,59"
754,18:14,10,10,인천공항,2,"19,41"
754,18:14,2,2,수서,8,"9,10,12,25,32,42,58,64"
754,18:14,3,3,삼성,4,"4,31,43,47"
754,18:14,4,4,여의도,8,"0,18,20,23,29,35,52,53"
754,18:14,5,5,김포공항,5,"22,27,33,57,61"
754,18:14,6,6,일산,2,"49,69"
754,18:14,7,7,판교,4,"7,28,38,67"
755,18:15,1,1,서울역,7,"2,5,17,36,37,40,59"
755,18:15,10,10,인천공항,2,"19,41"
755,18:15,2,2,수서,8,"9,10,12,25,32,42,58,64"
755,18:15,3,3,삼성,4,"4,31,43,47"
755,18:15,4,4,여의도,6,"18,20,23,29,35,53"
755,18:15,5,5,김포공항,5,"22,27,33,57,61"
755,18:15,6,6,일산,2,"49,69"
755,18:15,7,7,판교,5,"7,28,38,62,67"
756,18:16,1,1,서울역,7,"2,5,13,17,36,40,55"
756,18:16,10,10,인천공항,2,"19,41"
756,18:16,2,2,수서,9,"9,10,12,25,32,42,51,58,64"
756,18:16,3,3,삼성,5,"4,31,43,44,47"
756,18:16,4,4,여의도,5,"18,20,23,29,35"
756,18:16,5,5,김포공항,5,"22,27,33,57,61"
756,18:16,6,6,일산,2,"49,69"
756,18:16,7,7,판교,5,"7,28,38,62,67"
757,18:17,1,1,서울역,8,"5,13,17,30,36,40,54,55"
757,18:17,10,10,인천공항,3,"19,41,68"
757,18:17,2,2,수서,7,"9,10,12,42,51,58,64"
757,18:17,3,3,삼성,5,"4,31,43,44,47"
757,18:17,4,4,여의도,5,"18,20,23,29,35"
757,18:17,5,5,김포공항,5,"22,27,33,57,61"
757,18:17,6,6,일산,2,"49,69"
757,18:17,7,7,판교,7,"7,21,28,38,45,62,67"
758,18:18,1,1,서울역,8,"5,13,17,30,36,40,54,55"
758,18:18,10,10,인천공항,3,"19,41,68"
758,18:18,2,2,수서,6,"9,10,42,51,58,64"
758,18:18,3,3,삼성,4,"4,43,44,47"
758,18:18,4,4,여의도,5,"18,20,23,29,35"
758,18:18,5,5,김포공항,6,"22,26,27,33,57,61"
758,18:18,6,6,일산,3,"39,49,69"
758,18:18,7,7,판교,8,"7,21,28,38,45,46,62,67"
758,18:18,9,9,평택,1,14
759,18:19,1,1,서울역,7,"5,13,17,30,36,40,54"
759,18:19,10,10,인천공항,3,"19,41,68"
759,18:19,2,2,수서,6,"9,10,42,51,58,64"
759,18:19,3,3,삼성,6,"4,15,24,43,44,47"
759,18:19,4,4,여의도,6,"18,20,23,29,35,63"
759,18:19,5,5,김포공항,7,"22,26,27,33,56,57,61"
759,18:19,6,6,일산,3,"39,49,69"
759,18:19,7,7,판교,7,"7,21,28,38,45,46,62"
759,18:19,9,9,평택,1,14
760,18:20,1,1,서울역,6,"5,13,17,30,36,40"
760,18:20,10,10,인천공항,3,"19,41,68"
760,18:20,2,2,수서,6,"9,10,42,51,58,64"
760,18:20,3,3,삼성,6,"4,15,24,43,44,48"
760,18:20,4,4,여의도,6,"3,23,29,35,63,66"
760,18:20,5,5,김포공항,5,"22,26,56,57,61"
760,18:20,6,6,일산,1,39
760,18:20,7,7,판교,6,"21,28,38,45,46,62"
760,18:20,9,9,평택,1,14
761,18:21,1,1,서울역,6,"5,13,17,30,36,40"
761,18:21,10,10,인천공항,3,"19,41,68"
761,18:21,2,2,수서,7,"9,10,42,51,52,58,64"
761,18:21,3,3,삼성,8,"1,4,8,15,24,43,44,48"
761,18:21,4,4,여의도,7,"3,11,23,29,35,63,66"
761,18:21,5,5,김포공항,6,"22,34,50,56,57,61"
761,18:21,6,6,일산,2,"39,65"
761,18:21,7,7,판교,5,"21,28,38,45,62"
761,18:21,9,9,평택,1,14
762,18:22,1,1,서울역,5,"5,13,30,36,40"
762,18:22,10,10,인천공항,3,"19,41,68"
762,18:22,2,2,수서,8,"9,10,16,42,51,52,58,64"
762,18:22,3,3,삼성,8,"0,1,4,8,15,24,43,48"
762,18:22,4,4,여의도,7,"3,11,23,29,35,63,66"
762,18:22,5,5,김포공항,6,"6,34,50,56,57,61"
762,18:22,6,6,일산,2,"39,65"
762,18:22,7,7,판교,4,"21,38,45,62"
762,18:22,9,9,평택,1,14
763,18:23,1,1,서울역,3,"5,30,36"
763,18:23,10,10,인천공항,3,"19,41,68"
763,18:23,2,2,수서,8,"9,16,42,51,52,58,59,64"
763,18:23,3,3,삼성,8,"0,1,2,4,8,15,24,48"
763,18:23,4,4,여의도,9,"3,11,23,25,29,32,35,63,66"
763,18:23,5,5,김포공항,6,"6,34,50,56,57,61"
763,18:23,6,6,일산,2,"39,65"
763,18:23,7,7,판교,6,"21,37,38,45,53,62"
763,18:23,9,9,평택,1,14
764,18:24,1,1,서울역,2,"30,36"
764,18:24,10,10,인천공항,3,"19,41,68"
764,18:24,2,2,수서,8,"9,16,42,51,52,58,59,64"
764,18:24,3,3,삼성,7,"0,1,2,4,15,24,48"
764,18:24,4,4,여의도,10,"3,11,12,23,25,29,32,35,63,66"
764,18:24,5,5,김포공항,6,"6,34,50,56,57,61"
764,18:24,6,6,일산,1,39
764,18:24,7,7,판교,6,"21,37,38,45,53,62"
764,18:24,9,9,평택,1,14
765,18:25,1,1,서울역,2,"30,36"
765,18:25,10,10,인천공항,3,"19,41,68"
765,18:25,2,2,수서,7,"9,16,42,52,58,59,64"
765,18:25,3,3,삼성,6,"0,1,2,4,24,48"
765,18:25,4,4,여의도,9,"3,11,12,23,25,29,32,35,66"
765,18:25,5,5,김포공항,6,"6,34,50,56,57,61"
765,18:25,6,6,일산,1,60
765,18:25,7,7,판교,6,"21,37,38,45,53,62"
765,18:25,9,9,평택,1,14
766,18:26,1,1,서울역,4,"30,36,47,67"
766,18:26,10,10,인천공항,1,19
766,18:26,2,2,수서,6,"9,16,18,52,58,59"
766,18:26,3,3,삼성,7,"0,1,2,4,24,48,54"
766,18:26,4,4,여의도,9,"3,11,12,25,27,29,32,33,35"
766,18:26,5,5,김포공항,6,"6,34,50,56,57,61"
766,18:26,6,6,일산,2,"55,60"
766,18:26,7,7,판교,6,"21,37,38,45,53,62"
767,18:27,1,1,서울역,5,"30,47,49,67,69"
767,18:27,10,10,인천공항,1,19
767,18:27,2,2,수서,6,"8,16,18,52,58,59"
767,18:27,3,3,삼성,8,"0,1,2,4,20,24,48,54"
767,18:27,4,4,여의도,10,"3,11,12,25,26,27,29,32,33,35"
767,18:27,5,5,김포공항,5,"6,34,50,57,61"
767,18:27,6,6,일산,2,"55,60"
767,18:27,7,7,판교,6,"21,37,38,45,53,62"
768,18:28,1,1,서울역,7,"30,44,46,47,49,67,69"
768,18:28,10,10,인천공항,1,19
768,18:28,2,2,수서,6,"8,16,18,52,58,59"
768,18:28,3,3,삼성,7,"1,2,4,20,24,48,54"
768,18:28,4,4,여의도,10,"3,11,12,25,26,27,29,32,33,35"
768,18:28,5,5,김포공항,5,"6,34,50,57,61"
768,18:28,6,6,일산,3,"31,55,60"
768,18:28,7,7,판교,6,"21,37,38,45,53,62"
769,18:29,1,1,서울역,7,"28,30,44,46,49,67,69"
769,18:29,10,10,인천공항,1,19
769,18:29,2,2,수서,7,"8,16,17,18,52,58,59"
769,18:29,3,3,삼성,7,"1,2,4,20,24,48,54"
769,18:29,4,4,여의도,7,"11,12,25,26,29,32,35"
769,18:29,5,5,김포공항,4,"6,34,50,57"
769,18:29,6,6,일산,3,"31,55,60"
769,18:29,7,7,판교,6,"21,37,38,45,53,62"
770,18:30,1,1,서울역,6,"22,28,30,44,46,67"
770,18:30,10,10,인천공항,1,19
770,18:30,2,2,수서,7,"8,16,17,18,40,58,59"
770,18:30,3,3,삼성,6,"2,4,20,24,48,54"
770,18:30,4,4,여의도,5,"11,25,29,32,35"
770,18:30,5,5,김포공항,4,"6,34,50,57"
770,18:30,6,6,일산,3,"31,55,60"
770,18:30,7,7,판교,6,"13,21,38,45,53,62"
771,18:31,1,1,서울역,7,"15,22,28,30,44,65,67"
771,18:31,10,10,인천공항,1,19
771,18:31,2,2,수서,8,"8,16,17,18,40,58,59,63"
771,18:31,3,3,삼성,6,"2,4,20,24,48,54"
771,18:31,4,4,여의도,5,"11,25,29,32,35"
771,18:31,5,5,김포공항,4,"6,10,50,57"
771,18:31,6,6,일산,1,31
771,18:31,7,7,판교,6,"5,13,21,38,53,62"
772,18:32,1,1,서울역,8,"15,22,30,39,44,51,65,67"
772,18:32,2,2,수서,7,"8,16,17,18,40,63,66"
772,18:32,3,3,삼성,6,"2,4,20,24,48,54"
772,18:32,4,4,여의도,5,"11,29,32,35,42"
772,18:32,5,5,김포공항,4,"6,10,50,57"
772,18:32,6,6,일산,1,31
772,18:32,7,7,판교,6,"5,13,21,38,53,62"
772,18:32,9,9,평택,1,7
773,18:33,1,1,서울역,8,"15,22,30,39,44,51,65,67"
773,18:33,2,2,수서,7,"8,16,17,18,40,63,66"
773,18:33,3,3,삼성,6,"2,4,23,24,48,54"
773,18:33,4,4,여의도,5,"29,32,35,42,56"
773,18:33,5,5,김포공항,3,"10,50,57"
773,18:33,6,6,일산,1,31
773,18:33,7,7,판교,6,"5,13,21,38,53,62"
773,18:33,8,8,동탄/용인,1,43
773,18:33,9,9,평택,1,7
774,18:34,1,1,서울역,7,"0,22,30,39,44,51,67"
774,18:34,2,2,수서,6,"8,17,18,40,63,66"
774,18:34,3,3,삼성,5,"2,4,23,48,54"
774,18:34,4,4,여의도,5,"29,32,35,42,56"
774,18:34,5,5,김포공항,4,"10,50,57,64"
774,18:34,7,7,판교,7,"5,13,21,36,38,53,62"
774,18:34,8,8,동탄/용인,1,43
774,18:34,9,9,평택,1,7
775,18:35,1,1,서울역,6,"0,22,30,39,51,67"
775,18:35,2,2,수서,5,"8,17,40,63,66"
775,18:35,3,3,삼성,5,"2,4,23,47,54"
775,18:35,4,4,여의도,6,"29,32,35,42,56,61"
775,18:35,5,5,김포공항,5,"9,10,50,57,64"
775,18:35,7,7,판교,6,"5,13,36,38,53,62"
775,18:35,8,8,동탄/용인,1,43
776,18:36,1,1,서울역,5,"0,30,39,51,67"
776,18:36,2,2,수서,6,"8,17,20,40,63,66"
776,18:36,3,3,삼성,7,"2,3,4,27,47,49,54"
776,18:36,4,4,여의도,5,"29,32,42,52,61"
776,18:36,5,5,김포공항,5,"9,10,50,57,64"
776,18:36,7,7,판교,6,"5,13,33,36,38,53"
776,18:36,8,8,동탄/용인,1,43
777,18:37,1,1,서울역,5,"0,37,39,51,67"
777,18:37,2,2,수서,5,"17,20,40,63,66"
777,18:37,3,3,삼성,9,"2,3,4,26,27,46,47,49,54"
777,18:37,4,4,여의도,7,"1,29,32,34,42,52,61"
777,18:37,5,5,김포공항,5,"9,10,50,57,64"
777,18:37,7,7,판교,6,"12,13,33,36,38,53"
777,18:37,8,8,동탄/용인,1,43
778,18:38,1,1,서울역,7,"0,37,39,51,55,60,67"
778,18:38,2,2,수서,6,"17,20,40,48,63,66"
778,18:38,3,3,삼성,9,"2,3,4,26,27,46,47,49,54"
778,18:38,4,4,여의도,7,"1,29,32,34,42,52,58"
778,18:38,5,5,김포공항,6,"9,10,50,57,64,69"
778,18:38,7,7,판교,6,"12,13,33,36,38,53"
778,18:38,8,8,동탄/용인,1,43
779,18:39,1,1,서울역,9,"0,37,39,41,51,55,60,67,68"
779,18:39,2,2,수서,8,"17,20,23,28,40,48,63,66"
779,18:39,3,3,삼성,9,"2,3,4,26,27,46,47,49,54"
779,18:39,4,4,여의도,7,"1,29,32,34,42,52,58"
779,18:39,5,5,김포공항,6,"9,10,50,57,64,69"
779,18:39,7,7,판교,6,"12,13,25,33,36,53"
779,18:39,8,8,동탄/용인,1,43
780,18:40,1,1,서울역,8,"0,39,41,51,55,60,67,68"
780,18:40,2,2,수서,7,"17,20,23,28,48,63,66"
780,18:40,3,3,삼성,7,"2,3,4,11,15,46,47"
780,18:40,4,4,여의도,7,"1,29,32,34,42,52,58"
780,18:40,5,5,김포공항,4,"9,59,64,69"
780,18:40,7,7,판교,5,"12,13,25,36,53"
780,18:40,8,8,동탄/용인,1,43
781,18:41,1,1,서울역,7,"0,16,39,41,51,67,68"
781,18:41,2,2,수서,6,"17,20,23,28,63,66"
781,18:41,3,3,삼성,5,"2,3,6,11,15"
781,18:41,4,4,여의도,8,"1,14,18,29,32,34,42,52"
781,18:41,5,5,김포공항,3,"9,59,69"
781,18:41,7,7,판교,5,"12,13,25,36,53"
781,18:41,8,8,동탄/용인,1,43
782,18:42,1,1,서울역,6,"0,16,39,51,67,68"
782,18:42,2,2,수서,6,"17,23,28,35,63,66"
782,18:42,3,3,삼성,6,"2,3,6,11,15,21"
782,18:42,4,4,여의도,6,"1,14,18,34,42,52"
782,18:42,5,5,김포공항,4,"9,59,65,69"
782,18:42,6,6,일산,1,44
782,18:42,7,7,판교,4,"12,13,36,53"
782,18:42,8,8,동탄/용인,1,43
783,18:43,1,1,서울역,7,"0,16,39,51,62,67,68"
783,18:43,2,2,수서,8,"17,23,26,27,28,35,63,66"
783,18:43,3,3,삼성,6,"2,3,6,15,21,30"
783,18:43,4,4,여의도,6,"1,14,18,34,42,52"
783,18:43,5,5,김포공항,3,"59,65,69"
783,18:43,6,6,일산,2,"44,45"
783,18:43,7,7,판교,6,"12,13,22,36,53,56"
784,18:44,1,1,서울역,7,"0,5,16,39,51,62,68"
784,18:44,2,2,수서,8,"17,23,26,27,28,35,47,63"
784,18:44,3,3,삼성,7,"2,3,6,15,21,30,31"
784,18:44,4,4,여의도,5,"1,14,18,19,52"
784,18:44,5,5,김포공항,2,"59,65"
784,18:44,6,6,일산,2,"44,45"
784,18:44,7,7,판교,6,"12,13,22,36,53,56"
784,18:44,8,8,동탄/용인,1,24
785,18:45,1,1,서울역,6,"0,5,16,39,51,62"
785,18:45,2,2,수서,8,"17,23,26,27,28,35,47,63"
785,18:45,3,3,삼성,7,"2,3,6,15,21,30,31"
785,18:45,4,4,여의도,4,"1,14,18,19"
785,18:45,5,5,김포공항,3,"8,59,65"
785,18:45,6,6,일산,3,"44,45,61"
785,18:45,7,7,판교,5,"12,13,22,36,56"
785,18:45,8,8,동탄/용인,1,24
786,18:46,1,1,서울역,6,"5,16,39,49,51,54"
786,18:46,2,2,수서,6,"17,23,28,35,47,63"
786,18:46,3,3,삼성,7,"2,3,6,15,21,30,31"
786,18:46,4,4,여의도,8,"1,10,14,18,19,38,40,50"
786,18:46,5,5,김포공항,2,"8,65"
786,18:46,6,6,일산,3,"44,45,61"
786,18:46,7,7,판교,5,"12,13,22,36,56"
786,18:46,8,8,동탄/용인,1,24
787,18:47,1,1,서울역,7,"5,33,39,46,49,51,54"
787,18:47,2,2,수서,5,"17,23,28,35,47"
787,18:47,3,3,삼성,6,"2,3,6,15,21,30"
787,18:47,4,4,여의도,8,"1,10,18,19,38,40,48,50"
787,18:47,5,5,김포공항,3,"8,58,65"
787,18:47,6,6,일산,3,"44,45,61"
787,18:47,7,7,판교,6,"12,13,22,36,37,56"
788,18:48,1,1,서울역,8,"5,33,39,46,49,51,54,57"
788,18:48,2,2,수서,5,"17,28,35,47,55"
788,18:48,3,3,삼성,5,"2,6,15,21,30"
788,18:48,4,4,여의도,8,"1,10,18,19,38,40,48,50"
788,18:48,5,5,김포공항,3,"8,58,65"
788,18:48,6,6,일산,2,"45,60"
788,18:48,7,7,판교,5,"13,22,36,37,56"
789,18:49,1,1,서울역,9,"5,11,25,33,39,46,51,57,64"
789,18:49,2,2,수서,4,"17,35,47,55"
789,18:49,3,3,삼성,5,"6,15,21,29,30"
789,18:49,4,4,여의도,6,"1,18,19,38,40,48"
789,18:49,5,5,김포공항,4,"4,8,58,65"
789,18:49,6,6,일산,2,"41,60"
789,18:49,7,7,판교,5,"22,32,36,37,56"
790,18:50,1,1,서울역,7,"5,11,25,39,51,57,64"
790,18:50,2,2,수서,4,"17,35,42,55"
790,18:50,3,3,삼성,5,"6,15,21,29,30"
790,18:50,4,4,여의도,7,"1,7,18,19,38,40,48"
790,18:50,5,5,김포공항,5,"4,8,20,58,65"
790,18:50,6,6,일산,2,"41,60"
790,18:50,7,7,판교,4,"22,32,37,56"
791,18:51,1,1,서울역,7,"5,11,25,39,51,64,66"
791,18:51,2,2,수서,7,"9,17,35,42,52,55,67"
791,18:51,3,3,삼성,6,"6,15,21,29,30,34"
791,18:51,4,4,여의도,7,"1,7,18,19,38,40,48"
791,18:51,5,5,김포공항,3,"4,20,65"
791,18:51,6,6,일산,1,41
791,18:51,7,7,판교,4,"22,32,37,56"
792,18:52,1,1,서울역,5,"5,39,51,66,69"
792,18:52,2,2,수서,8,"2,9,17,35,42,52,55,67"
792,18:52,3,3,삼성,8,"0,6,15,21,29,30,34,62"
792,18:52,4,4,여의도,7,"1,7,18,19,40,48,59"
792,18:52,5,5,김포공항,3,"4,20,65"
792,18:52,7,7,판교,4,"22,32,37,56"
793,18:53,1,1,서울역,6,"5,31,39,51,66,69"
793,18:53,2,2,수서,8,"2,9,17,35,42,52,55,67"
793,18:53,3,3,삼성,8,"0,6,15,21,29,30,34,62"
793,18:53,4,4,여의도,6,"1,7,40,48,59,63"
793,18:53,5,5,김포공항,3,"4,20,65"
793,18:53,7,7,판교,4,"22,32,37,56"
793,18:53,9,9,평택,1,24
794,18:54,1,1,서울역,5,"31,39,51,66,69"
794,18:54,2,2,수서,9,"2,9,16,17,35,42,52,55,67"
794,18:54,3,3,삼성,8,"0,6,14,15,21,29,30,62"
794,18:54,4,4,여의도,6,"1,7,40,48,59,63"
794,18:54,5,5,김포공항,5,"4,20,26,27,65"
794,18:54,7,7,판교,4,"22,32,37,56"
794,18:54,9,9,평택,1,24
795,18:55,1,1,서울역,7,"31,43,44,51,61,66,69"
795,18:55,2,2,수서,8,"9,16,17,35,42,52,55,67"
795,18:55,3,3,삼성,11,"0,6,12,14,15,21,29,30,49,54,62"
795,18:55,4,4,여의도,4,"1,7,48,63"
795,18:55,5,5,김포공항,5,"4,20,26,27,65"
795,18:55,7,7,판교,4,"22,32,37,56"
795,18:55,9,9,평택,1,24
796,18:56,1,1,서울역,8,"13,28,43,44,45,61,66,69"
796,18:56,2,2,수서,8,"9,16,17,35,42,52,55,67"
796,18:56,3,3,삼성,12,"0,6,10,12,14,15,21,29,30,49,54,62"
796,18:56,4,4,여의도,4,"1,7,48,63"
796,18:56,5,5,김포공항,7,"3,4,20,23,26,27,65"
796,18:56,7,7,판교,5,"22,32,37,50,56"
796,18:56,9,9,평택,1,24
797,18:57,1,1,서울역,7,"13,28,43,44,45,61,69"
797,18:57,2,2,수서,7,"16,17,34,42,52,55,67"
797,18:57,3,3,삼성,13,"0,6,10,12,14,15,21,29,30,49,54,57,62"
797,18:57,4,4,여의도,5,"7,8,48,58,63"
797,18:57,5,5,김포공항,5,"3,4,20,23,65"
797,18:57,6,6,일산,2,"46,53"
797,18:57,7,7,판교,6,"22,32,33,37,50,56"
797,18:57,8,8,동탄/용인,1,68
797,18:57,9,9,평택,1,24
798,18:58,1,1,서울역,6,"13,28,43,45,60,61"
798,18:58,2,2,수서,7,"16,17,34,42,52,55,67"
798,18:58,3,3,삼성,14,"0,6,10,11,12,14,15,21,29,30,49,54,57,62"
798,18:58,4,4,여의도,5,"7,8,48,58,63"
798,18:58,5,5,김포공항,5,"3,4,20,23,47"
798,18:58,6,6,일산,2,"46,53"
798,18:58,7,7,판교,5,"22,33,37,50,56"
798,18:58,8,8,동탄/용인,1,68
798,18:58,9,9,평택,1,24
799,18:59,1,1,서울역,6,"13,28,41,43,60,61"
799,18:59,2,2,수서,7,"16,17,18,34,52,55,67"
799,18:59,3,3,삼성,14,"0,10,11,12,14,15,21,29,30,38,49,54,57,62"
799,18:59,4,4,여의도,5,"7,8,48,58,63"
799,18:59,5,5,김포공항,4,"3,4,20,47"
799,18:59,6,6,일산,2,"46,53"
799,18:59,7,7,판교,6,"22,25,33,37,50,56"
799,18:59,8,8,동탄/용인,1,68
799,18:59,9,9,평택,1,24
800,19:00,1,1,서울역,6,"13,28,41,43,60,61"
800,19:00,2,2,수서,5,"16,18,34,52,67"
800,19:00,3,3,삼성,8,"5,11,19,21,29,38,54,57"
800,19:00,4,4,여의도,4,"7,48,58,63"
800,19:00,5,5,김포공항,3,"3,47,64"
800,19:00,7,7,판교,4,"25,33,50,56"
800,19:00,8,8,동탄/용인,1,68
801,19:01,1,1,서울역,5,"13,28,41,43,60"
801,19:01,2,2,수서,5,"16,18,34,52,67"
801,19:01,3,3,삼성,7,"5,19,21,29,38,54,57"
801,19:01,4,4,여의도,5,"2,7,48,58,63"
801,19:01,5,5,김포공항,3,"3,47,64"
801,19:01,7,7,판교,4,"25,33,50,56"
801,19:01,8,8,동탄/용인,1,68
802,19:02,1,1,서울역,3,"28,43,60"
802,19:02,2,2,수서,5,"16,18,34,52,67"
802,19:02,3,3,삼성,8,"5,19,21,31,40,51,54,57"
802,19:02,4,4,여의도,4,"2,48,58,63"
802,19:02,5,5,김포공항,3,"3,47,64"
802,19:02,6,6,일산,1,36
802,19:02,7,7,판교,5,"33,39,50,56,59"
802,19:02,8,8,동탄/용인,1,68
803,19:03,1,1,서울역,3,"28,43,60"
803,19:03,2,2,수서,6,"0,16,18,34,49,67"
803,19:03,3,3,삼성,6,"5,21,31,40,51,66"
803,19:03,4,4,여의도,2,"2,63"
803,19:03,5,5,김포공항,3,"3,47,64"
803,19:03,6,6,일산,1,36
803,19:03,7,7,판교,5,"33,39,50,56,59"
804,19:04,1,1,서울역,3,"28,35,60"
804,19:04,2,2,수서,5,"0,16,18,49,67"
804,19:04,3,3,삼성,7,"1,5,21,31,40,51,66"
804,19:04,4,4,여의도,2,"2,63"
804,19:04,5,5,김포공항,2,"3,64"
804,19:04,6,6,일산,1,36
804,19:04,7,7,판교,4,"33,39,50,59"
805,19:05,1,1,서울역,2,"35,60"
805,19:05,2,2,수서,5,"0,16,44,49,67"
805,19:05,3,3,삼성,6,"1,5,21,40,51,66"
805,19:05,4,4,여의도,4,"2,23,32,63"
805,19:05,5,5,김포공항,3,"3,9,64"
805,19:05,6,6,일산,1,69
805,19:05,7,7,판교,2,"33,39"
806,19:06,1,1,서울역,7,"10,12,14,30,35,60,62"
806,19:06,2,2,수서,3,"16,44,45"
806,19:06,3,3,삼성,3,"1,40,51"
806,19:06,4,4,여의도,7,"2,4,6,20,23,32,55"
806,19:06,5,5,김포공항,3,"3,9,64"
806,19:06,6,6,일산,1,69
806,19:06,7,7,판교,2,"33,39"
807,19:07,1,1,서울역,9,"10,11,12,14,22,30,35,60,62"
807,19:07,2,2,수서,3,"16,44,45"
807,19:07,3,3,삼성,4,"1,8,40,51"
807,19:07,4,4,여의도,8,"2,4,6,20,23,32,53,55"
807,19:07,5,5,김포공항,3,"9,42,64"
807,19:07,6,6,일산,1,69
807,19:07,7,7,판교,2,"26,39"
808,19:08,1,1,서울역,9,"10,11,12,14,22,30,35,60,62"
808,19:08,2,2,수서,3,"16,31,45"
808,19:08,3,3,삼성,3,"1,8,13"
808,19:08,4,4,여의도,7,"2,4,6,20,23,53,55"
808,19:08,5,5,김포공항,4,"15,17,42,64"
808,19:08,6,6,일산,1,69
808,19:08,7,7,판교,2,"26,61"
809,19:09,1,1,서울역,4,"11,22,35,60"
809,19:09,2,2,수서,2,"31,41"
809,19:09,3,3,삼성,3,"1,8,13"
809,19:09,4,4,여의도,4,"2,23,53,55"
809,19:09,5,5,김포공항,4,"15,17,42,64"
809,19:09,6,6,일산,1,69
809,19:09,7,7,판교,3,"7,26,61"
810,19:10,1,1,서울역,1,60
810,19:10,2,2,수서,2,"31,41"
810,19:10,3,3,삼성,3,"13,43,58"
810,19:10,4,4,여의도,3,"23,53,55"
810,19:10,5,5,김포공항,4,"15,17,42,64"
810,19:10,6,6,일산,1,69
810,19:10,7,7,판교,3,"7,26,61"
811,19:11,1,1,서울역,1,60
811,19:11,2,2,수서,3,"31,41,51"
811,19:11,3,3,삼성,3,"28,43,58"
811,19:11,4,4,여의도,3,"23,53,55"
811,19:11,5,5,김포공항,4,"15,42,54,64"
811,19:11,7,7,판교,3,"7,26,61"
811,19:11,8,8,동탄/용인,1,27
812,19:12,1,1,서울역,2,"50,60"
812,19:12,2,2,수서,4,"31,41,51,63"
812,19:12,3,3,삼성,3,"28,43,58"
812,19:12,4,4,여의도,2,"23,53"
812,19:12,5,5,김포공항,5,"15,34,42,54,64"
812,19:12,6,6,일산,1,37
812,19:12,7,7,판교,3,"26,46,61"
812,19:12,8,8,동탄/용인,3,"27,29,65"
813,19:13,1,1,서울역,3,"0,50,60"
813,19:13,2,2,수서,5,"1,31,41,51,63"
813,19:13,3,3,삼성,1,28
813,19:13,4,4,여의도,2,"23,53"
813,19:13,5,5,김포공항,4,"15,34,54,64"
813,19:13,6,6,일산,1,37
813,19:13,7,7,판교,4,"26,46,61,66"
813,19:13,8,8,동탄/용인,4,"27,29,57,65"
814,19:14,1,1,서울역,3,"0,50,60"
814,19:14,2,2,수서,5,"1,31,41,51,63"
814,19:14,4,4,여의도,4,"23,33,53,68"
814,19:14,5,5,김포공항,6,"21,34,49,54,64,67"
814,19:14,6,6,일산,3,"25,37,52"
814,19:14,7,7,판교,3,"26,46,66"
814,19:14,8,8,동탄/용인,5,"27,29,48,57,65"
815,19:15,1,1,서울역,3,"0,50,60"
815,19:15,2,2,수서,6,"1,3,31,41,51,63"
815,19:15,3,3,삼성,2,"12,32"
815,19:15,4,4,여의도,7,"16,23,24,33,40,53,68"
815,19:15,5,5,김포공항,6,"21,34,49,54,64,67"
815,19:15,6,6,일산,2,"25,52"
815,19:15,7,7,판교,3,"26,46,66"
815,19:15,8,8,동탄/용인,3,"27,48,57"
816,19:16,1,1,서울역,3,"0,50,60"
816,19:16,2,2,수서,7,"1,2,3,31,41,51,63"
816,19:16,3,3,삼성,6,"11,12,20,22,32,35"
816,19:16,4,4,여의도,7,"16,23,24,33,40,53,68"
816,19:16,5,5,김포공항,7,"21,34,44,49,54,64,67"
816,19:16,6,6,일산,8,"4,5,10,25,30,52,56,62"
816,19:16,7,7,판교,4,"6,26,46,66"
816,19:16,8,8,동탄/용인,3,"27,48,57"
817,19:17,1,1,서울역,3,"0,50,60"
817,19:17,2,2,수서,7,"1,2,3,31,41,51,63"
817,19:17,3,3,삼성,6,"11,12,20,22,32,35"
817,19:17,4,4,여의도,7,"16,23,24,33,40,53,68"
817,19:17,5,5,김포공항,5,"14,34,44,54,64"
817,19:17,6,6,일산,7,"4,5,10,25,30,56,62"
817,19:17,7,7,판교,5,"6,26,36,46,66"
817,19:17,8,8,동탄/용인,2,"27,57"
817,19:17,9,9,평택,1,38
818,19:18,1,1,서울역,3,"0,50,60"
818,19:18,10,10,인천공항,2,"9,19"
818,19:18,2,2,수서,5,"1,2,31,41,51"
818,19:18,3,3,삼성,6,"11,12,20,22,32,35"
818,19:18,4,4,여의도,5,"13,23,33,53,68"
818,19:18,5,5,김포공항,5,"14,34,44,54,64"
818,19:18,6,6,일산,7,"4,5,10,25,30,56,62"
818,19:18,7,7,판교,5,"6,26,36,46,66"
818,19:18,8,8,동탄/용인,3,"27,47,57"
818,19:18,9,9,평택,1,38
819,19:19,1,1,서울역,3,"0,50,60"
819,19:19,10,10,인천공항,2,"9,19"
819,19:19,2,2,수서,4,"1,31,41,51"
819,19:19,3,3,삼성,3,"12,22,32"
819,19:19,4,4,여의도,5,"13,23,33,53,68"
819,19:19,5,5,김포공항,5,"14,34,44,54,64"
819,19:19,6,6,일산,3,"5,25,55"
819,19:19,7,7,판교,5,"6,26,36,46,66"
819,19:19,8,8,동탄/용인,4,"7,27,47,57"
819,19:19,9,9,평택,2,"18,38"
820,19:20,1,1,서울역,3,"0,50,60"
820,19:20,10,10,인천공항,2,"9,19"
820,19:20,2,2,수서,5,"1,31,41,51,61"
820,19:20,3,3,삼성,3,"12,22,32"
820,19:20,4,4,여의도,6,"13,23,33,43,53,68"
820,19:20,5,5,김포공항,5,"14,34,44,54,64"
820,19:20,6,6,일산,4,"5,25,45,55"
820,19:20,7,7,판교,5,"6,26,36,46,66"
820,19:20,8,8,동탄/용인,4,"7,27,47,57"
820,19:20,9,9,평택,2,"18,38"
821,19:21,1,1,서울역,3,"0,50,60"
821,19:21,10,10,인천공항,3,"9,19,59"
821,19:21,2,2,수서,5,"1,31,41,51,61"
821,19:21,3,3,삼성,4,"12,22,32,42"
821,19:21,4,4,여의도,6,"13,23,33,43,53,68"
821,19:21,5,5,김포공항,5,"14,34,44,54,64"
821,19:21,6,6,일산,5,"5,15,25,45,55"
821,19:21,7,7,판교,5,"6,26,36,46,66"
821,19:21,8,8,동탄/용인,4,"7,27,47,57"
821,19:21,9,9,평택,2,"18,38"
822,19:22,1,1,서울역,4,"0,40,50,60"
822,19:22,10,10,인천공항,4,"9,19,59,69"
822,19:22,2,2,수서,6,"1,11,31,41,51,61"
822,19:22,3,3,삼성,5,"2,12,22,32,42"
822,19:22,4,4,여의도,6,"13,23,33,43,53,68"
822,19:22,5,5,김포공항,5,"14,34,44,54,64"
822,19:22,6,6,일산,5,"5,15,25,45,55"
822,19:22,7,7,판교,5,"6,26,36,46,66"
822,19:22,8,8,동탄/용인,4,"7,27,47,57"
822,19:22,9,9,평택,2,"18,38"
823,19:23,1,1,서울역,4,"0,40,50,60"
823,19:23,10,10,인천공항,4,"9,19,59,69"
823,19:23,2,2,수서,6,"1,11,31,41,51,61"
823,19:23,3,3,삼성,5,"2,12,22,32,42"
823,19:23,4,4,여의도,6,"13,23,33,43,53,68"
823,19:23,5,5,김포공항,5,"14,34,44,54,64"
823,19:23,6,6,일산,5,"5,15,25,45,55"
823,19:23,7,7,판교,5,"6,26,36,46,66"
823,19:23,8,8,동탄/용인,4,"7,27,47,57"
823,19:23,9,9,평택,3,"18,38,48"
824,19:24,1,1,서울역,4,"0,40,50,60"
824,19:24,10,10,인천공항,5,"9,19,39,59,69"
824,19:24,2,2,수서,6,"1,11,31,41,51,61"
824,19:24,3,3,삼성,5,"2,12,22,32,42"
824,19:24,4,4,여의도,8,"3,13,23,33,43,53,63,68"
824,19:24,5,5,김포공항,6,"14,24,34,44,54,64"
824,19:24,6,6,일산,5,"5,15,25,45,55"
824,19:24,7,7,판교,5,"6,26,36,46,66"
824,19:24,8,8,동탄/용인,4,"7,27,47,57"
824,19:24,9,9,평택,3,"18,38,48"
825,19:25,1,1,서울역,5,"0,20,40,50,60"
825,19:25,10,10,인천공항,5,"9,19,39,59,69"
825,19:25,2,2,수서,7,"1,11,21,31,41,51,61"
825,19:25,3,3,삼성,5,"2,12,22,32,42"
825,19:25,4,4,여의도,8,"3,13,23,33,43,53,63,68"
825,19:25,5,5,김포공항,6,"14,24,34,44,54,64"
825,19:25,6,6,일산,5,"5,15,25,45,55"
825,19:25,7,7,판교,6,"6,16,26,36,46,66"
825,19:25,8,8,동탄/용인,5,"7,17,27,47,57"
825,19:25,9,9,평택,4,"8,18,38,48"
826,19:26,1,1,서울역,7,"0,10,20,30,40,50,60"
826,19:26,10,10,인천공항,5,"9,19,39,59,69"
826,19:26,2,2,수서,7,"1,11,21,31,41,51,61"
826,19:26,3,3,삼성,5,"2,12,22,32,42"
826,19:26,4,4,여의도,8,"3,13,23,33,43,53,63,68"
826,19:26,5,5,김포공항,7,"4,14,24,34,44,54,64"
826,19:26,6,6,일산,5,"5,15,25,45,55"
826,19:26,7,7,판교,6,"6,16,26,36,46,66"
826,19:26,8,8,동탄/용인,5,"7,17,27,47,57"
826,19:26,9,9,평택,4,"8,18,38,48"
827,19:27,1,1,서울역,7,"0,10,20,30,40,50,60"
827,19:27,10,10,인천공항,6,"9,19,39,49,59,69"
827,19:27,2,2,수서,7,"1,11,21,31,41,51,61"
827,19:27,3,3,삼성,6,"2,12,22,32,42,52"
827,19:27,4,4,여의도,8,"3,13,23,33,43,53,63,68"
827,19:27,5,5,김포공항,7,"4,14,24,34,44,54,64"
827,19:27,6,6,일산,5,"5,15,25,45,55"
827,19:27,7,7,판교,6,"6,16,26,36,46,66"
827,19:27,8,8,동탄/용인,5,"7,17,27,47,57"
827,19:27,9,9,평택,4,"8,18,38,48"
828,19:28,1,1,서울역,7,"0,10,20,30,40,50,60"
828,19:28,10,10,인천공항,6,"9,19,39,49,59,69"
828,19:28,2,2,수서,7,"1,11,21,31,41,51,61"
828,19:28,3,3,삼성,6,"2,12,22,32,42,52"
828,19:28,4,4,여의도,8,"3,13,23,33,43,53,63,68"
828,19:28,5,5,김포공항,7,"4,14,24,34,44,54,64"
828,19:28,6,6,일산,5,"5,15,25,45,55"
828,19:28,7,7,판교,6,"6,16,26,36,46,66"
828,19:28,8,8,동탄/용인,5,"7,17,27,47,57"
828,19:28,9,9,평택,5,"8,18,38,48,58"
829,19:29,1,1,서울역,7,"0,10,20,30,40,50,60"
829,19:29,10,10,인천공항,6,"9,19,39,49,59,69"
829,19:29,2,2,수서,7,"1,11,21,31,41,51,61"
829,19:29,3,3,삼성,7,"2,12,22,32,42,52,62"
829,19:29,4,4,여의도,7,"3,13,23,33,43,53,63"
829,19:29,5,5,김포공항,7,"4,14,24,34,44,54,64"
829,19:29,6,6,일산,6,"5,15,25,35,45,55"
829,19:29,7,7,판교,6,"6,16,26,36,46,66"
829,19:29,8,8,동탄/용인,5,"7,17,27,47,57"
829,19:29,9,9,평택,6,"8,18,28,38,48,58"
830,19:30,1,1,서울역,7,"0,10,20,30,40,50,60"
830,19:30,10,10,인천공항,6,"9,19,39,49,59,69"
830,19:30,2,2,수서,7,"1,11,21,31,41,51,61"
830,19:30,3,3,삼성,7,"2,12,22,32,42,52,62"
830,19:30,4,4,여의도,7,"3,13,23,33,43,53,63"
830,19:30,5,5,김포공항,7,"4,14,24,34,44,54,64"
830,19:30,6,6,일산,6,"5,15,25,35,45,55"
830,19:30,7,7,판교,6,"6,16,26,36,46,66"
830,19:30,8,8,동탄/용인,5,"7,17,27,47,57"
830,19:30,9,9,평택,6,"8,18,28,38,48,58"
831,19:31,1,1,서울역,7,"0,10,20,30,40,50,60"
831,19:31,10,10,인천공항,6,"9,19,39,49,59,69"
831,19:31,2,2,수서,7,"1,11,21,31,41,51,61"
831,19:31,3,3,삼성,7,"2,12,22,32,42,52,62"
831,19:31,4,4,여의도,7,"3,13,23,33,43,53,63"
831,19:31,5,5,김포공항,7,"4,14,24,34,44,54,64"
831,19:31,6,6,일산,6,"5,15,25,35,45,55"
831,19:31,7,7,판교,7,"6,16,26,36,46,56,66"
831,19:31,8,8,동탄/용인,6,"7,17,27,47,57,67"
831,19:31,9,9,평택,6,"8,18,28,38,48,58"
832,19:32,1,1,서울역,7,"0,10,20,30,40,50,60"
832,19:32,10,10,인천공항,7,"9,19,29,39,49,59,69"
832,19:32,2,2,수서,7,"1,11,21,31,41,51,61"
832,19:32,3,3,삼성,7,"2,12,22,32,42,52,62"
832,19:32,4,4,여의도,7,"3,13,23,33,43,53,63"
832,19:32,5,5,김포공항,7,"4,14,24,34,44,54,64"
832,19:32,6,6,일산,7,"5,15,25,35,45,55,65"
832,19:32,7,7,판교,7,"6,16,26,36,46,56,66"
832,19:32,8,8,동탄/용인,7,"7,17,27,37,47,57,67"
832,19:32,9,9,평택,6,"8,18,28,38,48,58"
833,19:33,1,1,서울역,7,"0,10,20,30,40,50,60"
833,19:33,10,10,인천공항,7,"9,19,29,39,49,59,69"
833,19:33,2,2,수서,7,"1,11,21,31,41,51,61"
833,19:33,3,3,삼성,7,"2,12,22,32,42,52,62"
833,19:33,4,4,여의도,7,"3,13,23,33,43,53,63"
833,19:33,5,5,김포공항,7,"4,14,24,34,44,54,64"
833,19:33,6,6,일산,7,"5,15,25,35,45,55,65"
833,19:33,7,7,판교,7,"6,16,26,36,46,56,66"
833,19:33,8,8,동탄/용인,7,"7,17,27,37,47,57,67"
833,19:33,9,9,평택,6,"8,18,28,38,48,58"
834,19:34,1,1,서울역,7,"0,10,20,30,40,50,60"
834,19:34,10,10,인천공항,7,"9,19,29,39,49,59,69"
834,19:34,2,2,수서,7,"1,11,21,31,41,51,61"
834,19:34,3,3,삼성,7,"2,12,22,32,42,52,62"
834,19:34,4,4,여의도,7,"3,13,23,33,43,53,63"
834,19:34,5,5,김포공항,7,"4,14,24,34,44,54,64"
834,19:34,6,6,일산,7,"5,15,25,35,45,55,65"
834,19:34,7,7,판교,7,"6,16,26,36,46,56,66"
834,19:34,8,8,동탄/용인,7,"7,17,27,37,47,57,67"
834,19:34,9,9,평택,6,"8,18,28,38,48,58"
835,19:35,1,1,서울역,7,"0,10,20,30,40,50,60"
835,19:35,10,10,인천공항,7,"9,19,29,39,49,59,69"
835,19:35,2,2,수서,7,"1,11,21,31,41,51,61"
835,19:35,3,3,삼성,7,"2,12,22,32,42,52,62"
835,19:35,4,4,여의도,7,"3,13,23,33,43,53,63"
835,19:35,5,5,김포공항,7,"4,14,24,34,44,54,64"
835,19:35,6,6,일산,7,"5,15,25,35,45,55,65"
835,19:35,7,7,판교,7,"6,16,26,36,46,56,66"
835,19:35,8,8,동탄/용인,7,"7,17,27,37,47,57,67"
835,19:35,9,9,평택,6,"8,18,28,38,48,58"
836,19:36,1,1,서울역,7,"0,10,20,30,40,50,60"
836,19:36,10,10,인천공항,7,"9,19,29,39,49,59,69"
836,19:36,2,2,수서,7,"1,11,21,31,41,51,61"
836,19:36,3,3,삼성,7,"2,12,22,32,42,52,62"
836,19:36,4,4,여의도,7,"3,13,23,33,43,53,63"
836,19:36,5,5,김포공항,7,"4,14,24,34,44,54,64"
836,19:36,6,6,일산,7,"5,15,25,35,45,55,65"
836,19:36,7,7,판교,7,"6,16,26,36,46,56,66"
836,19:36,8,8,동탄/용인,7,"7,17,27,37,47,57,67"
836,19:36,9,9,평택,6,"8,18,28,38,48,58"
837,19:37,1,1,서울역,7,"0,10,20,30,40,50,60"
837,19:37,10,10,인천공항,7,"9,19,29,39,49,59,69"
837,19:37,2,2,수서,7,"1,11,21,31,41,51,61"
837,19:37,3,3,삼성,7,"2,12,22,32,42,52,62"
837,19:37,4,4,여의도,7,"3,13,23,33,43,53,63"
837,19:37,5,5,김포공항,7,"4,14,24,34,44,54,64"
837,19:37,6,6,일산,7,"5,15,25,35,45,55,65"
837,19:37,7,7,판교,7,"6,16,26,36,46,56,66"
837,19:37,8,8,동탄/용인,7,"7,17,27,37,47,57,67"
837,19:37,9,9,평택,6,"8,18,28,38,48,58"
838,19:38,1,1,서울역,7,"0,10,20,30,40,50,60"
838,19:38,10,10,인천공항,7,"9,19,29,39,49,59,69"
838,19:38,2,2,수서,7,"1,11,21,31,41,51,61"
838,19:38,3,3,삼성,7,"2,12,22,32,42,52,62"
838,19:38,4,4,여의도,7,"3,13,23,33,43,53,63"
838,19:38,5,5,김포공항,7,"4,14,24,34,44,54,64"
838,19:38,6,6,일산,7,"5,15,25,35,45,55,65"
838,19:38,7,7,판교,7,"6,16,26,36,46,56,66"
838,19:38,8,8,동탄/용인,7,"7,17,27,37,47,57,67"
838,19:38,9,9,평택,6,"8,18,28,38,48,58"
839,19:39,1,1,서울역,7,"0,10,20,30,40,50,60"
839,19:39,10,10,인천공항,7,"9,19,29,39,49,59,69"
839,19:39,2,2,수서,7,"1,11,21,31,41,51,61"
839,19:39,3,3,삼성,7,"2,12,22,32,42,52,62"
839,19:39,4,4,여의도,7,"3,13,23,33,43,53,63"
839,19:39,5,5,김포공항,7,"4,14,24,34,44,54,64"
839,19:39,6,6,일산,7,"5,15,25,35,45,55,65"
839,19:39,7,7,판교,7,"6,16,26,36,46,56,66"
839,19:39,8,8,동탄/용인,7,"7,17,27,37,47,57,67"
839,19:39,9,9,평택,6,"8,18,28,38,48,58"
840,19:40,1,1,서울역,7,"0,10,20,30,40,50,60"
840,19:40,10,10,인천공항,7,"9,19,29,39,49,59,69"
840,19:40,2,2,수서,7,"1,11,21,31,41,51,61"
840,19:40,3,3,삼성,7,"2,12,22,32,42,52,62"
840,19:40,4,4,여의도,7,"3,13,23,33,43,53,63"
840,19:40,5,5,김포공항,7,"4,14,24,34,44,54,64"
840,19:40,6,6,일산,7,"5,15,25,35,45,55,65"
840,19:40,7,7,판교,7,"6,16,26,36,46,56,66"
840,19:40,8,8,동탄/용인,7,"7,17,27,37,47,57,67"
840,19:40,9,9,평택,6,"8,18,28,38,48,58"
841,19:41,1,1,서울역,7,"0,10,20,30,40,50,60"
841,19:41,10,10,인천공항,7,"9,19,29,39,49,59,69"
841,19:41,2,2,수서,7,"1,11,21,31,41,51,61"
841,19:41,3,3,삼성,7,"2,12,22,32,42,52,62"
841,19:41,4,4,여의도,7,"3,13,23,33,43,53,63"
841,19:41,5,5,김포공항,7,"4,14,24,34,44,54,64"
841,19:41,6,6,일산,7,"5,15,25,35,45,55,65"
841,19:41,7,7,판교,7,"6,16,26,36,46,56,66"
841,19:41,8,8,동탄/용인,7,"7,17,27,37,47,57,67"
841,19:41,9,9,평택,6,"8,18,28,38,48,58"
842,19:42,1,1,서울역,7,"0,10,20,30,40,50,60"
842,19:42,10,10,인천공항,7,"9,19,29,39,49,59,69"
842,19:42,2,2,수서,7,"1,11,21,31,41,51,61"
842,19:42,3,3,삼성,7,"2,12,22,32,42,52,62"
842,19:42,4,4,여의도,7,"3,13,23,33,43,53,63"
842,19:42,5,5,김포공항,7,"4,14,24,34,44,54,64"
842,19:42,6,6,일산,7,"5,15,25,35,45,55,65"
842,19:42,7,7,판교,7,"6,16,26,36,46,56,66"
842,19:42,8,8,동탄/용인,7,"7,17,27,37,47,57,67"
842,19:42,9,9,평택,6,"8,18,28,38,48,58"
843,19:43,1,1,서울역,7,"0,10,20,30,40,50,60"
843,19:43,10,10,인천공항,7,"9,19,29,39,49,59,69"
843,19:43,2,2,수서,7,"1,11,21,31,41,51,61"
843,19:43,3,3,삼성,7,"2,12,22,32,42,52,62"
843,19:43,4,4,여의도,7,"3,13,23,33,43,53,63"
843,19:43,5,5,김포공항,7,"4,14,24,34,44,54,64"
843,19:43,6,6,일산,7,"5,15,25,35,45,55,65"
843,19:43,7,7,판교,7,"6,16,26,36,46,56,66"
843,19:43,8,8,동탄/용인,7,"7,17,27,37,47,57,67"
843,19:43,9,9,평택,6,"8,18,28,38,48,58"
844,19:44,1,1,서울역,7,"0,10,20,30,40,50,60"
844,19:44,10,10,인천공항,7,"9,19,29,39,49,59,69"
844,19:44,2,2,수서,7,"1,11,21,31,41,51,61"
844,19:44,3,3,삼성,7,"2,12,22,32,42,52,62"
844,19:44,4,4,여의도,7,"3,13,23,33,43,53,63"
844,19:44,5,5,김포공항,7,"4,14,24,34,44,54,64"
844,19:44,6,6,일산,7,"5,15,25,35,45,55,65"
844,19:44,7,7,판교,7,"6,16,26,36,46,56,66"
844,19:44,8,8,동탄/용인,7,"7,17,27,37,47,57,67"
844,19:44,9,9,평택,7,"8,18,28,38,48,58,68"
