time_min,time_hhmm,route_node_id,physical_node_id,physical_address,vehicle_count,vehicle_ids
0,05:40,1,1,서울역,11,"0,10,20,30,40,50,60,70,80,90,100"
0,05:40,10,10,인천공항,11,"9,19,29,39,49,59,69,79,89,99,109"
0,05:40,2,2,수서,11,"1,11,21,31,41,51,61,71,81,91,101"
0,05:40,3,3,삼성,11,"2,12,22,32,42,52,62,72,82,92,102"
0,05:40,4,4,여의도,11,"3,13,23,33,43,53,63,73,83,93,103"
0,05:40,5,5,김포공항,11,"4,14,24,34,44,54,64,74,84,94,104"
0,05:40,6,6,일산,11,"5,15,25,35,45,55,65,75,85,95,105"
0,05:40,7,7,판교,11,"6,16,26,36,46,56,66,76,86,96,106"
0,05:40,8,8,동탄/용인,11,"7,17,27,37,47,57,67,77,87,97,107"
0,05:40,9,9,평택,11,"8,18,28,38,48,58,68,78,88,98,108"
1,05:41,1,1,서울역,11,"0,10,20,30,40,50,60,70,80,90,100"
1,05:41,10,10,인천공항,11,"9,19,29,39,49,59,69,79,89,99,109"
1,05:41,2,2,수서,11,"1,11,21,31,41,51,61,71,81,91,101"
1,05:41,3,3,삼성,11,"2,12,22,32,42,52,62,72,82,92,102"
1,05:41,4,4,여의도,11,"3,13,23,33,43,53,63,73,83,93,103"
1,05:41,5,5,김포공항,11,"4,14,24,34,44,54,64,74,84,94,104"
1,05:41,6,6,일산,11,"5,15,25,35,45,55,65,75,85,95,105"
1,05:41,7,7,판교,11,"6,16,26,36,46,56,66,76,86,96,106"
1,05:41,8,8,동탄/용인,11,"7,17,27,37,47,57,67,77,87,97,107"
1,05:41,9,9,평택,11,"8,18,28,38,48,58,68,78,88,98,108"
2,05:42,1,1,서울역,11,"0,10,20,30,40,50,60,70,80,90,100"
2,05:42,10,10,인천공항,11,"9,19,29,39,49,59,69,79,89,99,109"
2,05:42,2,2,수서,11,"1,11,21,31,41,51,61,71,81,91,101"
2,05:42,3,3,삼성,11,"2,12,22,32,42,52,62,72,82,92,102"
2,05:42,4,4,여의도,11,"3,13,23,33,43,53,63,73,83,93,103"
2,05:42,5,5,김포공항,11,"4,14,24,34,44,54,64,74,84,94,104"
2,05:42,6,6,일산,11,"5,15,25,35,45,55,65,75,85,95,105"
2,05:42,7,7,판교,11,"6,16,26,36,46,56,66,76,86,96,106"
2,05:42,8,8,동탄/용인,11,"7,17,27,37,47,57,67,77,87,97,107"
2,05:42,9,9,평택,11,"8,18,28,38,48,58,68,78,88,98,108"
3,05:43,1,1,서울역,11,"0,10,20,30,40,50,60,70,80,90,100"
3,05:43,10,10,인천공항,11,"9,19,29,39,49,59,69,79,89,99,109"
3,05:43,2,2,수서,11,"1,11,21,31,41,51,61,71,81,91,101"
3,05:43,3,3,삼성,11,"2,12,22,32,42,52,62,72,82,92,102"
3,05:43,4,4,여의도,11,"3,13,23,33,43,53,63,73,83,93,103"
3,05:43,5,5,김포공항,11,"4,14,24,34,44,54,64,74,84,94,104"
3,05:43,6,6,일산,11,"5,15,25,35,45,55,65,75,85,95,105"
3,05:43,7,7,판교,11,"6,16,26,36,46,56,66,76,86,96,106"
3,05:43,8,8,동탄/용인,11,"7,17,27,37,47,57,67,77,87,97,107"
3,05:43,9,9,평택,11,"8,18,28,38,48,58,68,78,88,98,108"
4,05:44,1,1,서울역,11,"0,10,20,30,40,50,60,70,80,90,100"
4,05:44,10,10,인천공항,11,"9,19,29,39,49,59,69,79,89,99,109"
4,05:44,2,2,수서,11,"1,11,21,31,41,51,61,71,81,91,101"
4,05:44,3,3,삼성,11,"2,12,22,32,42,52,62,72,82,92,102"
4,05:44,4,4,여의도,11,"3,13,23,33,43,53,63,73,83,93,103"
4,05:44,5,5,김포공항,11,"4,14,24,34,44,54,64,74,84,94,104"
4,05:44,6,6,일산,11,"5,15,25,35,45,55,65,75,85,95,105"
4,05:44,7,7,판교,11,"6,16,26,36,46,56,66,76,86,96,106"
4,05:44,8,8,동탄/용인,11,"7,17,27,37,47,57,67,77,87,97,107"
4,05:44,9,9,평택,11,"8,18,28,38,48,58,68,78,88,98,108"
5,05:45,1,1,서울역,11,"0,10,20,30,40,50,60,70,80,90,100"
5,05:45,10,10,인천공항,11,"9,19,29,39,49,59,69,79,89,99,109"
5,05:45,2,2,수서,11,"1,11,21,31,41,51,61,71,81,91,101"
5,05:45,3,3,삼성,11,"2,12,22,32,42,52,62,72,82,92,102"
5,05:45,4,4,여의도,11,"3,13,23,33,43,53,63,73,83,93,103"
5,05:45,5,5,김포공항,11,"4,14,24,34,44,54,64,74,84,94,104"
5,05:45,6,6,일산,11,"5,15,25,35,45,55,65,75,85,95,105"
5,05:45,7,7,판교,11,"6,16,26,36,46,56,66,76,86,96,106"
5,05:45,8,8,동탄/용인,11,"7,17,27,37,47,57,67,77,87,97,107"
5,05:45,9,9,평택,11,"8,18,28,38,48,58,68,78,88,98,108"
6,05:46,1,1,서울역,11,"0,10,20,30,40,50,60,70,80,90,100"
6,05:46,10,10,인천공항,11,"9,19,29,39,49,59,69,79,89,99,109"
6,05:46,2,2,수서,11,"1,11,21,31,41,51,61,71,81,91,101"
6,05:46,3,3,삼성,11,"2,12,22,32,42,52,62,72,82,92,102"
6,05:46,4,4,여의도,11,"3,13,23,33,43,53,63,73,83,93,103"
6,05:46,5,5,김포공항,11,"4,14,24,34,44,54,64,74,84,94,104"
6,05:46,6,6,일산,11,"5,15,25,35,45,55,65,75,85,95,105"
6,05:46,7,7,판교,11,"6,16,26,36,46,56,66,76,86,96,106"
6,05:46,8,8,동탄/용인,11,"7,17,27,37,47,57,67,77,87,97,107"
6,05:46,9,9,평택,11,"8,18,28,38,48,58,68,78,88,98,108"
7,05:47,1,1,서울역,11,"0,10,20,30,40,50,60,70,80,90,100"
7,05:47,10,10,인천공항,11,"9,19,29,39,49,59,69,79,89,99,109"
7,05:47,2,2,수서,11,"1,11,21,31,41,51,61,71,81,91,101"
7,05:47,3,3,삼성,11,"2,12,22,32,42,52,62,72,82,92,102"
7,05:47,4,4,여의도,11,"3,13,23,33,43,53,63,73,83,93,103"
7,05:47,5,5,김포공항,11,"4,14,24,34,44,54,64,74,84,94,104"
7,05:47,6,6,일산,11,"5,15,25,35,45,55,65,75,85,95,105"
7,05:47,7,7,판교,11,"6,16,26,36,46,56,66,76,86,96,106"
7,05:47,8,8,동탄/용인,11,"7,17,27,37,47,57,67,77,87,97,107"
7,05:47,9,9,평택,11,"8,18,28,38,48,58,68,78,88,98,108"
8,05:48,1,1,서울역,11,"0,10,20,30,40,50,60,70,80,90,100"
8,05:48,10,10,인천공항,11,"9,19,29,39,49,59,69,79,89,99,109"
8,05:48,2,2,수서,11,"1,11,21,31,41,51,61,71,81,91,101"
8,05:48,3,3,삼성,11,"2,12,22,32,42,52,62,72,82,92,102"
8,05:48,4,4,여의도,11,"3,13,23,33,43,53,63,73,83,93,103"
8,05:48,5,5,김포공항,11,"4,14,24,34,44,54,64,74,84,94,104"
8,05:48,6,6,일산,11,"5,15,25,35,45,55,65,75,85,95,105"
8,05:48,7,7,판교,11,"6,16,26,36,46,56,66,76,86,96,106"
8,05:48,8,8,동탄/용인,11,"7,17,27,37,47,57,67,77,87,97,107"
8,05:48,9,9,평택,11,"8,18,28,38,48,58,68,78,88,98,108"
9,05:49,1,1,서울역,11,"0,10,20,30,40,50,60,70,80,90,100"
9,05:49,10,10,인천공항,11,"9,19,29,39,49,59,69,79,89,99,109"
9,05:49,2,2,수서,11,"1,11,21,31,41,51,61,71,81,91,101"
9,05:49,3,3,삼성,11,"2,12,22,32,42,52,62,72,82,92,102"
9,05:49,4,4,여의도,11,"3,13,23,33,43,53,63,73,83,93,103"
9,05:49,5,5,김포공항,11,"4,14,24,34,44,54,64,74,84,94,104"
9,05:49,6,6,일산,11,"5,15,25,35,45,55,65,75,85,95,105"
9,05:49,7,7,판교,11,"6,16,26,36,46,56,66,76,86,96,106"
9,05:49,8,8,동탄/용인,11,"7,17,27,37,47,57,67,77,87,97,107"
9,05:49,9,9,평택,11,"8,18,28,38,48,58,68,78,88,98,108"
10,05:50,1,1,서울역,11,"0,10,20,30,40,50,60,70,80,90,100"
10,05:50,10,10,인천공항,11,"9,19,29,39,49,59,69,79,89,99,109"
10,05:50,2,2,수서,11,"1,11,21,31,41,51,61,71,81,91,101"
10,05:50,3,3,삼성,11,"2,12,22,32,42,52,62,72,82,92,102"
10,05:50,4,4,여의도,11,"3,13,23,33,43,53,63,73,83,93,103"
10,05:50,5,5,김포공항,11,"4,14,24,34,44,54,64,74,84,94,104"
10,05:50,6,6,일산,11,"5,15,25,35,45,55,65,75,85,95,105"
10,05:50,7,7,판교,11,"6,16,26,36,46,56,66,76,86,96,106"
10,05:50,8,8,동탄/용인,11,"7,17,27,37,47,57,67,77,87,97,107"
10,05:50,9,9,평택,11,"8,18,28,38,48,58,68,78,88,98,108"
11,05:51,1,1,서울역,11,"0,10,20,30,40,50,60,70,80,90,100"
11,05:51,10,10,인천공항,11,"9,19,29,39,49,59,69,79,89,99,109"
11,05:51,2,2,수서,11,"1,11,21,31,41,51,61,71,81,91,101"
11,05:51,3,3,삼성,11,"2,12,22,32,42,52,62,72,82,92,102"
11,05:51,4,4,여의도,11,"3,13,23,33,43,53,63,73,83,93,103"
11,05:51,5,5,김포공항,11,"4,14,24,34,44,54,64,74,84,94,104"
11,05:51,6,6,일산,11,"5,15,25,35,45,55,65,75,85,95,105"
11,05:51,7,7,판교,11,"6,16,26,36,46,56,66,76,86,96,106"
11,05:51,8,8,동탄/용인,11,"7,17,27,37,47,57,67,77,87,97,107"
11,05:51,9,9,평택,11,"8,18,28,38,48,58,68,78,88,98,108"
12,05:52,1,1,서울역,11,"0,10,20,30,40,50,60,70,80,90,100"
12,05:52,10,10,인천공항,11,"9,19,29,39,49,59,69,79,89,99,109"
12,05:52,2,2,수서,11,"1,11,21,31,41,51,61,71,81,91,101"
12,05:52,3,3,삼성,11,"2,12,22,32,42,52,62,72,82,92,102"
12,05:52,4,4,여의도,11,"3,13,23,33,43,53,63,73,83,93,103"
12,05:52,5,5,김포공항,11,"4,14,24,34,44,54,64,74,84,94,104"
12,05:52,6,6,일산,11,"5,15,25,35,45,55,65,75,85,95,105"
12,05:52,7,7,판교,11,"6,16,26,36,46,56,66,76,86,96,106"
12,05:52,8,8,동탄/용인,11,"7,17,27,37,47,57,67,77,87,97,107"
12,05:52,9,9,평택,11,"8,18,28,38,48,58,68,78,88,98,108"
13,05:53,1,1,서울역,11,"0,10,20,30,40,50,60,70,80,90,100"
13,05:53,10,10,인천공항,11,"9,19,29,39,49,59,69,79,89,99,109"
13,05:53,2,2,수서,11,"1,11,21,31,41,51,61,71,81,91,101"
13,05:53,3,3,삼성,11,"2,12,22,32,42,52,62,72,82,92,102"
13,05:53,4,4,여의도,11,"3,13,23,33,43,53,63,73,83,93,103"
13,05:53,5,5,김포공항,11,"4,14,24,34,44,54,64,74,84,94,104"
13,05:53,6,6,일산,11,"5,15,25,35,45,55,65,75,85,95,105"
13,05:53,7,7,판교,11,"6,16,26,36,46,56,66,76,86,96,106"
13,05:53,8,8,동탄/용인,11,"7,17,27,37,47,57,67,77,87,97,107"
13,05:53,9,9,평택,11,"8,18,28,38,48,58,68,78,88,98,108"
14,05:54,1,1,서울역,11,"0,10,20,30,40,50,60,70,80,90,100"
14,05:54,10,10,인천공항,11,"9,19,29,39,49,59,69,79,89,99,109"
14,05:54,2,2,수서,11,"1,11,21,31,41,51,61,71,81,91,101"
14,05:54,3,3,삼성,11,"2,12,22,32,42,52,62,72,82,92,102"
14,05:54,4,4,여의도,11,"3,13,23,33,43,53,63,73,83,93,103"
14,05:54,5,5,김포공항,11,"4,14,24,34,44,54,64,74,84,94,104"
14,05:54,6,6,일산,11,"5,15,25,35,45,55,65,75,85,95,105"
14,05:54,7,7,판교,11,"6,16,26,36,46,56,66,76,86,96,106"
14,05:54,8,8,동탄/용인,11,"7,17,27,37,47,57,67,77,87,97,107"
14,05:54,9,9,평택,11,"8,18,28,38,48,58,68,78,88,98,108"
15,05:55,1,1,서울역,11,"0,10,20,30,40,50,60,70,80,90,100"
15,05:55,10,10,인천공항,11,"9,19,29,39,49,59,69,79,89,99,109"
15,05:55,2,2,수서,11,"1,11,21,31,41,51,61,71,81,91,101"
15,05:55,3,3,삼성,11,"2,12,22,32,42,52,62,72,82,92,102"
15,05:55,4,4,여의도,11,"3,13,23,33,43,53,63,73,83,93,103"
15,05:55,5,5,김포공항,11,"4,14,24,34,44,54,64,74,84,94,104"
15,05:55,6,6,일산,11,"5,15,25,35,45,55,65,75,85,95,105"
15,05:55,7,7,판교,11,"6,16,26,36,46,56,66,76,86,96,106"
15,05:55,8,8,동탄/용인,11,"7,17,27,37,47,57,67,77,87,97,107"
15,05:55,9,9,평택,11,"8,18,28,38,48,58,68,78,88,98,108"
16,05:56,1,1,서울역,11,"0,10,20,30,40,50,60,70,80,90,100"
16,05:56,10,10,인천공항,11,"9,19,29,39,49,59,69,79,89,99,109"
16,05:56,2,2,수서,11,"1,11,21,31,41,51,61,71,81,91,101"
16,05:56,3,3,삼성,11,"2,12,22,32,42,52,62,72,82,92,102"
16,05:56,4,4,여의도,11,"3,13,23,33,43,53,63,73,83,93,103"
16,05:56,5,5,김포공항,11,"4,14,24,34,44,54,64,74,84,94,104"
16,05:56,6,6,일산,11,"5,15,25,35,45,55,65,75,85,95,105"
16,05:56,7,7,판교,11,"6,16,26,36,46,56,66,76,86,96,106"
16,05:56,8,8,동탄/용인,11,"7,17,27,37,47,57,67,77,87,97,107"
16,05:56,9,9,평택,11,"8,18,28,38,48,58,68,78,88,98,108"
17,05:57,1,1,서울역,11,"0,10,20,30,40,50,60,70,80,90,100"
17,05:57,10,10,인천공항,11,"9,19,29,39,49,59,69,79,89,99,109"
17,05:57,2,2,수서,11,"1,11,21,31,41,51,61,71,81,91,101"
17,05:57,3,3,삼성,11,"2,12,22,32,42,52,62,72,82,92,102"
17,05:57,4,4,여의도,11,"3,13,23,33,43,53,63,73,83,93,103"
17,05:57,5,5,김포공항,11,"4,14,24,34,44,54,64,74,84,94,104"
17,05:57,6,6,일산,11,"5,15,25,35,45,55,65,75,85,95,105"
17,05:57,7,7,판교,11,"6,16,26,36,46,56,66,76,86,96,106"
17,05:57,8,8,동탄/용인,11,"7,17,27,37,47,57,67,77,87,97,107"
17,05:57,9,9,평택,11,"8,18,28,38,48,58,68,78,88,98,108"
18,05:58,1,1,서울역,11,"0,10,20,30,40,50,60,70,80,90,100"
18,05:58,10,10,인천공항,11,"9,19,29,39,49,59,69,79,89,99,109"
18,05:58,2,2,수서,11,"1,11,21,31,41,51,61,71,81,91,101"
18,05:58,3,3,삼성,11,"2,12,22,32,42,52,62,72,82,92,102"
18,05:58,4,4,여의도,11,"3,13,23,33,43,53,63,73,83,93,103"
18,05:58,5,5,김포공항,11,"4,14,24,34,44,54,64,74,84,94,104"
18,05:58,6,6,일산,11,"5,15,25,35,45,55,65,75,85,95,105"
18,05:58,7,7,판교,11,"6,16,26,36,46,56,66,76,86,96,106"
18,05:58,8,8,동탄/용인,11,"7,17,27,37,47,57,67,77,87,97,107"
18,05:58,9,9,평택,11,"8,18,28,38,48,58,68,78,88,98,108"
19,05:59,1,1,서울역,11,"0,10,20,30,40,50,60,70,80,90,100"
19,05:59,10,10,인천공항,11,"9,19,29,39,49,59,69,79,89,99,109"
19,05:59,2,2,수서,11,"1,11,21,31,41,51,61,71,81,91,101"
19,05:59,3,3,삼성,11,"2,12,22,32,42,52,62,72,82,92,102"
19,05:59,4,4,여의도,11,"3,13,23,33,43,53,63,73,83,93,103"
19,05:59,5,5,김포공항,11,"4,14,24,34,44,54,64,74,84,94,104"
19,05:59,6,6,일산,11,"5,15,25,35,45,55,65,75,85,95,105"
19,05:59,7,7,판교,11,"6,16,26,36,46,56,66,76,86,96,106"
19,05:59,8,8,동탄/용인,11,"7,17,27,37,47,57,67,77,87,97,107"
19,05:59,9,9,평택,11,"8,18,28,38,48,58,68,78,88,98,108"
20,06:00,1,1,서울역,11,"0,10,20,30,40,50,60,70,80,90,100"
20,06:00,10,10,인천공항,11,"9,19,29,39,49,59,69,79,89,99,109"
20,06:00,2,2,수서,11,"1,11,21,31,41,51,61,71,81,91,101"
20,06:00,3,3,삼성,11,"2,12,22,32,42,52,62,72,82,92,102"
20,06:00,4,4,여의도,11,"3,13,23,33,43,53,63,73,83,93,103"
20,06:00,5,5,김포공항,11,"4,14,24,34,44,54,64,74,84,94,104"
20,06:00,6,6,일산,11,"5,15,25,35,45,55,65,75,85,95,105"
20,06:00,7,7,판교,11,"6,16,26,36,46,56,66,76,86,96,106"
20,06:00,8,8,동탄/용인,11,"7,17,27,37,47,57,67,77,87,97,107"
20,06:00,9,9,평택,11,"8,18,28,38,48,58,68,78,88,98,108"
21,06:01,1,1,서울역,11,"0,10,20,30,40,50,60,70,80,90,100"
21,06:01,10,10,인천공항,11,"9,19,29,39,49,59,69,79,89,99,109"
21,06:01,2,2,수서,11,"1,11,21,31,41,51,61,71,81,91,101"
21,06:01,3,3,삼성,11,"2,12,22,32,42,52,62,72,82,92,102"
21,06:01,4,4,여의도,11,"3,13,23,33,43,53,63,73,83,93,103"
21,06:01,5,5,김포공항,11,"4,14,24,34,44,54,64,74,84,94,104"
21,06:01,6,6,일산,11,"5,15,25,35,45,55,65,75,85,95,105"
21,06:01,7,7,판교,11,"6,16,26,36,46,56,66,76,86,96,106"
21,06:01,8,8,동탄/용인,11,"7,17,27,37,47,57,67,77,87,97,107"
21,06:01,9,9,평택,11,"8,18,28,38,48,58,68,78,88,98,108"
22,06:02,1,1,서울역,11,"0,10,20,30,40,50,60,70,80,90,100"
22,06:02,10,10,인천공항,11,"9,19,29,39,49,59,69,79,89,99,109"
22,06:02,2,2,수서,11,"1,11,21,31,41,51,61,71,81,91,101"
22,06:02,3,3,삼성,11,"2,12,22,32,42,52,62,72,82,92,102"
22,06:02,4,4,여의도,11,"3,13,23,33,43,53,63,73,83,93,103"
22,06:02,5,5,김포공항,11,"4,14,24,34,44,54,64,74,84,94,104"
22,06:02,6,6,일산,11,"5,15,25,35,45,55,65,75,85,95,105"
22,06:02,7,7,판교,11,"6,16,26,36,46,56,66,76,86,96,106"
22,06:02,8,8,동탄/용인,11,"7,17,27,37,47,57,67,77,87,97,107"
22,06:02,9,9,평택,11,"8,18,28,38,48,58,68,78,88,98,108"
23,06:03,1,1,서울역,11,"0,10,20,30,40,50,60,70,80,90,100"
23,06:03,10,10,인천공항,11,"9,19,29,39,49,59,69,79,89,99,109"
23,06:03,2,2,수서,11,"1,11,21,31,41,51,61,71,81,91,101"
23,06:03,3,3,삼성,11,"2,12,22,32,42,52,62,72,82,92,102"
23,06:03,4,4,여의도,11,"3,13,23,33,43,53,63,73,83,93,103"
23,06:03,5,5,김포공항,11,"4,14,24,34,44,54,64,74,84,94,104"
23,06:03,6,6,일산,11,"5,15,25,35,45,55,65,75,85,95,105"
23,06:03,7,7,판교,11,"6,16,26,36,46,56,66,76,86,96,106"
23,06:03,8,8,동탄/용인,11,"7,17,27,37,47,57,67,77,87,97,107"
23,06:03,9,9,평택,11,"8,18,28,38,48,58,68,78,88,98,108"
24,06:04,1,1,서울역,11,"0,10,20,30,40,50,60,70,80,90,100"
24,06:04,10,10,인천공항,11,"9,19,29,39,49,59,69,79,89,99,109"
24,06:04,2,2,수서,11,"1,11,21,31,41,51,61,71,81,91,101"
24,06:04,3,3,삼성,11,"2,12,22,32,42,52,62,72,82,92,102"
24,06:04,4,4,여의도,11,"3,13,23,33,43,53,63,73,83,93,103"
24,06:04,5,5,김포공항,11,"4,14,24,34,44,54,64,74,84,94,104"
24,06:04,6,6,일산,11,"5,15,25,35,45,55,65,75,85,95,105"
24,06:04,7,7,판교,11,"6,16,26,36,46,56,66,76,86,96,106"
24,06:04,8,8,동탄/용인,11,"7,17,27,37,47,57,67,77,87,97,107"
24,06:04,9,9,평택,11,"8,18,28,38,48,58,68,78,88,98,108"
25,06:05,1,1,서울역,11,"0,10,20,30,40,50,60,70,80,90,100"
25,06:05,10,10,인천공항,11,"9,19,29,39,49,59,69,79,89,99,109"
25,06:05,2,2,수서,11,"1,11,21,31,41,51,61,71,81,91,101"
25,06:05,3,3,삼성,11,"2,12,22,32,42,52,62,72,82,92,102"
25,06:05,4,4,여의도,11,"3,13,23,33,43,53,63,73,83,93,103"
25,06:05,5,5,김포공항,11,"4,14,24,34,44,54,64,74,84,94,104"
25,06:05,6,6,일산,11,"5,15,25,35,45,55,65,75,85,95,105"
25,06:05,7,7,판교,11,"6,16,26,36,46,56,66,76,86,96,106"
25,06:05,8,8,동탄/용인,11,"7,17,27,37,47,57,67,77,87,97,107"
25,06:05,9,9,평택,11,"8,18,28,38,48,58,68,78,88,98,108"
26,06:06,1,1,서울역,11,"0,10,20,30,40,50,60,70,80,90,100"
26,06:06,10,10,인천공항,11,"9,19,29,39,49,59,69,79,89,99,109"
26,06:06,2,2,수서,11,"1,11,21,31,41,51,61,71,81,91,101"
26,06:06,3,3,삼성,11,"2,12,22,32,42,52,62,72,82,92,102"
26,06:06,4,4,여의도,11,"3,13,23,33,43,53,63,73,83,93,103"
26,06:06,5,5,김포공항,11,"4,14,24,34,44,54,64,74,84,94,104"
26,06:06,6,6,일산,11,"5,15,25,35,45,55,65,75,85,95,105"
26,06:06,7,7,판교,11,"6,16,26,36,46,56,66,76,86,96,106"
26,06:06,8,8,동탄/용인,11,"7,17,27,37,47,57,67,77,87,97,107"
26,06:06,9,9,평택,11,"8,18,28,38,48,58,68,78,88,98,108"
27,06:07,1,1,서울역,11,"0,10,20,30,40,50,60,70,80,90,100"
27,06:07,10,10,인천공항,11,"9,19,29,39,49,59,69,79,89,99,109"
27,06:07,2,2,수서,11,"1,11,21,31,41,51,61,71,81,91,101"
27,06:07,3,3,삼성,11,"2,12,22,32,42,52,62,72,82,92,102"
27,06:07,4,4,여의도,11,"3,13,23,33,43,53,63,73,83,93,103"
27,06:07,5,5,김포공항,11,"4,14,24,34,44,54,64,74,84,94,104"
27,06:07,6,6,일산,11,"5,15,25,35,45,55,65,75,85,95,105"
27,06:07,7,7,판교,11,"6,16,26,36,46,56,66,76,86,96,106"
27,06:07,8,8,동탄/용인,11,"7,17,27,37,47,57,67,77,87,97,107"
27,06:07,9,9,평택,11,"8,18,28,38,48,58,68,78,88,98,108"
28,06:08,1,1,서울역,11,"0,10,20,30,40,50,60,70,80,90,100"
28,06:08,10,10,인천공항,11,"9,19,29,39,49,59,69,79,89,99,109"
28,06:08,2,2,수서,11,"1,11,21,31,41,51,61,71,81,91,101"
28,06:08,3,3,삼성,11,"2,12,22,32,42,52,62,72,82,92,102"
28,06:08,4,4,여의도,11,"3,13,23,33,43,53,63,73,83,93,103"
28,06:08,5,5,김포공항,11,"4,14,24,34,44,54,64,74,84,94,104"
28,06:08,6,6,일산,11,"5,15,25,35,45,55,65,75,85,95,105"
28,06:08,7,7,판교,11,"6,16,26,36,46,56,66,76,86,96,106"
28,06:08,8,8,동탄/용인,11,"7,17,27,37,47,57,67,77,87,97,107"
28,06:08,9,9,평택,11,"8,18,28,38,48,58,68,78,88,98,108"
29,06:09,1,1,서울역,11,"0,10,20,30,40,50,60,70,80,90,100"
29,06:09,10,10,인천공항,11,"9,19,29,39,49,59,69,79,89,99,109"
29,06:09,2,2,수서,11,"1,11,21,31,41,51,61,71,81,91,101"
29,06:09,3,3,삼성,11,"2,12,22,32,42,52,62,72,82,92,102"
29,06:09,4,4,여의도,11,"3,13,23,33,43,53,63,73,83,93,103"
29,06:09,5,5,김포공항,11,"4,14,24,34,44,54,64,74,84,94,104"
29,06:09,6,6,일산,11,"5,15,25,35,45,55,65,75,85,95,105"
29,06:09,7,7,판교,11,"6,16,26,36,46,56,66,76,86,96,106"
29,06:09,8,8,동탄/용인,11,"7,17,27,37,47,57,67,77,87,97,107"
29,06:09,9,9,평택,11,"8,18,28,38,48,58,68,78,88,98,108"
30,06:10,1,1,서울역,11,"0,10,20,30,40,50,60,70,80,90,100"
30,06:10,10,10,인천공항,11,"9,19,29,39,49,59,69,79,89,99,109"
30,06:10,2,2,수서,11,"1,11,21,31,41,51,61,71,81,91,101"
30,06:10,3,3,삼성,11,"2,12,22,32,42,52,62,72,82,92,102"
30,06:10,4,4,여의도,11,"3,13,23,33,43,53,63,73,83,93,103"
30,06:10,5,5,김포공항,11,"4,14,24,34,44,54,64,74,84,94,104"
30,06:10,6,6,일산,11,"5,15,25,35,45,55,65,75,85,95,105"
30,06:10,7,7,판교,11,"6,16,26,36,46,56,66,76,86,96,106"
30,06:10,8,8,동탄/용인,11,"7,17,27,37,47,57,67,77,87,97,107"
30,06:10,9,9,평택,11,"8,18,28,38,48,58,68,78,88,98,108"
31,06:11,1,1,서울역,11,"0,10,20,30,40,50,60,70,80,90,100"
31,06:11,10,10,인천공항,11,"9,19,29,39,49,59,69,79,89,99,109"
31,06:11,2,2,수서,11,"1,11,21,31,41,51,61,71,81,91,101"
31,06:11,3,3,삼성,11,"2,12,22,32,42,52,62,72,82,92,102"
31,06:11,4,4,여의도,11,"3,13,23,33,43,53,63,73,83,93,103"
31,06:11,5,5,김포공항,11,"4,14,24,34,44,54,64,74,84,94,104"
31,06:11,6,6,일산,11,"5,15,25,35,45,55,65,75,85,95,105"
31,06:11,7,7,판교,11,"6,16,26,36,46,56,66,76,86,96,106"
31,06:11,8,8,동탄/용인,11,"7,17,27,37,47,57,67,77,87,97,107"
31,06:11,9,9,평택,11,"8,18,28,38,48,58,68,78,88,98,108"
32,06:12,1,1,서울역,11,"0,10,20,30,40,50,60,70,80,90,100"
32,06:12,10,10,인천공항,11,"9,19,29,39,49,59,69,79,89,99,109"
32,06:12,2,2,수서,11,"1,11,21,31,41,51,61,71,81,91,101"
32,06:12,3,3,삼성,11,"2,12,22,32,42,52,62,72,82,92,102"
32,06:12,4,4,여의도,11,"3,13,23,33,43,53,63,73,83,93,103"
32,06:12,5,5,김포공항,11,"4,14,24,34,44,54,64,74,84,94,104"
32,06:12,6,6,일산,11,"5,15,25,35,45,55,65,75,85,95,105"
32,06:12,7,7,판교,11,"6,16,26,36,46,56,66,76,86,96,106"
32,06:12,8,8,동탄/용인,11,"7,17,27,37,47,57,67,77,87,97,107"
32,06:12,9,9,평택,11,"8,18,28,38,48,58,68,78,88,98,108"
33,06:13,1,1,서울역,11,"0,10,20,30,40,50,60,70,80,90,100"
33,06:13,10,10,인천공항,11,"9,19,29,39,49,59,69,79,89,99,109"
33,06:13,2,2,수서,11,"1,11,21,31,41,51,61,71,81,91,101"
33,06:13,3,3,삼성,11,"2,12,22,32,42,52,62,72,82,92,102"
33,06:13,4,4,여의도,11,"3,13,23,33,43,53,63,73,83,93,103"
33,06:13,5,5,김포공항,11,"4,14,24,34,44,54,64,74,84,94,104"
33,06:13,6,6,일산,11,"5,15,25,35,45,55,65,75,85,95,105"
33,06:13,7,7,판교,11,"6,16,26,36,46,56,66,76,86,96,106"
33,06:13,8,8,동탄/용인,11,"7,17,27,37,47,57,67,77,87,97,107"
33,06:13,9,9,평택,11,"8,18,28,38,48,58,68,78,88,98,108"
34,06:14,1,1,서울역,11,"0,10,20,30,40,50,60,70,80,90,100"
34,06:14,10,10,인천공항,11,"9,19,29,39,49,59,69,79,89,99,109"
34,06:14,2,2,수서,11,"1,11,21,31,41,51,61,71,81,91,101"
34,06:14,3,3,삼성,11,"2,12,22,32,42,52,62,72,82,92,102"
34,06:14,4,4,여의도,11,"3,13,23,33,43,53,63,73,83,93,103"
34,06:14,5,5,김포공항,11,"4,14,24,34,44,54,64,74,84,94,104"
34,06:14,6,6,일산,11,"5,15,25,35,45,55,65,75,85,95,105"
34,06:14,7,7,판교,11,"6,16,26,36,46,56,66,76,86,96,106"
34,06:14,8,8,동탄/용인,11,"7,17,27,37,47,57,67,77,87,97,107"
34,06:14,9,9,평택,11,"8,18,28,38,48,58,68,78,88,98,108"
35,06:15,1,1,서울역,11,"0,10,20,30,40,50,60,70,80,90,100"
35,06:15,10,10,인천공항,11,"9,19,29,39,49,59,69,79,89,99,109"
35,06:15,2,2,수서,11,"1,11,21,31,41,51,61,71,81,91,101"
35,06:15,3,3,삼성,11,"2,12,22,32,42,52,62,72,82,92,102"
35,06:15,4,4,여의도,11,"3,13,23,33,43,53,63,73,83,93,103"
35,06:15,5,5,김포공항,11,"4,14,24,34,44,54,64,74,84,94,104"
35,06:15,6,6,일산,11,"5,15,25,35,45,55,65,75,85,95,105"
35,06:15,7,7,판교,11,"6,16,26,36,46,56,66,76,86,96,106"
35,06:15,8,8,동탄/용인,11,"7,17,27,37,47,57,67,77,87,97,107"
35,06:15,9,9,평택,11,"8,18,28,38,48,58,68,78,88,98,108"
36,06:16,1,1,서울역,11,"0,10,20,30,40,50,60,70,80,90,100"
36,06:16,10,10,인천공항,11,"9,19,29,39,49,59,69,79,89,99,109"
36,06:16,2,2,수서,11,"1,11,21,31,41,51,61,71,81,91,101"
36,06:16,3,3,삼성,11,"2,12,22,32,42,52,62,72,82,92,102"
36,06:16,4,4,여의도,11,"3,13,23,33,43,53,63,73,83,93,103"
36,06:16,5,5,김포공항,11,"4,14,24,34,44,54,64,74,84,94,104"
36,06:16,6,6,일산,10,"15,25,35,45,55,65,75,85,95,105"
36,06:16,7,7,판교,11,"6,16,26,36,46,56,66,76,86,96,106"
36,06:16,8,8,동탄/용인,11,"7,17,27,37,47,57,67,77,87,97,107"
36,06:16,9,9,평택,11,"8,18,28,38,48,58,68,78,88,98,108"
37,06:17,1,1,서울역,11,"0,10,20,30,40,50,60,70,80,90,100"
37,06:17,10,10,인천공항,11,"9,19,29,39,49,59,69,79,89,99,109"
37,06:17,2,2,수서,11,"1,11,21,31,41,51,61,71,81,91,101"
37,06:17,3,3,삼성,11,"2,12,22,32,42,52,62,72,82,92,102"
37,06:17,4,4,여의도,11,"3,13,23,33,43,53,63,73,83,93,103"
37,06:17,5,5,김포공항,11,"4,14,24,34,44,54,64,74,84,94,104"
37,06:17,6,6,일산,10,"15,25,35,45,55,65,75,85,95,105"
37,06:17,7,7,판교,11,"6,16,26,36,46,56,66,76,86,96,106"
37,06:17,8,8,동탄/용인,11,"7,17,27,37,47,57,67,77,87,97,107"
37,06:17,9,9,평택,11,"8,18,28,38,48,58,68,78,88,98,108"
38,06:18,1,1,서울역,11,"0,10,20,30,40,50,60,70,80,90,100"
38,06:18,10,10,인천공항,11,"9,19,29,39,49,59,69,79,89,99,109"
38,06:18,2,2,수서,11,"1,11,21,31,41,51,61,71,81,91,101"
38,06:18,3,3,삼성,11,"2,12,22,32,42,52,62,72,82,92,102"
38,06:18,4,4,여의도,11,"3,13,23,33,43,53,63,73,83,93,103"
38,06:18,5,5,김포공항,11,"4,14,24,34,44,54,64,74,84,94,104"
38,06:18,6,6,일산,10,"15,25,35,45,55,65,75,85,95,105"
38,06:18,7,7,판교,11,"6,16,26,36,46,56,66,76,86,96,106"
38,06:18,8,8,동탄/용인,11,"7,17,27,37,47,57,67,77,87,97,107"
38,06:18,9,9,평택,11,"8,18,28,38,48,58,68,78,88,98,108"
39,06:19,1,1,서울역,11,"0,10,20,30,40,50,60,70,80,90,100"
39,06:19,10,10,인천공항,11,"9,19,29,39,49,59,69,79,89,99,109"
39,06:19,2,2,수서,11,"1,11,21,31,41,51,61,71,81,91,101"
39,06:19,3,3,삼성,11,"2,12,22,32,42,52,62,72,82,92,102"
39,06:19,4,4,여의도,11,"3,13,23,33,43,53,63,73,83,93,103"
39,06:19,5,5,김포공항,11,"4,14,24,34,44,54,64,74,84,94,104"
39,06:19,6,6,일산,10,"15,25,35,45,55,65,75,85,95,105"
39,06:19,7,7,판교,11,"6,16,26,36,46,56,66,76,86,96,106"
39,06:19,8,8,동탄/용인,11,"7,17,27,37,47,57,67,77,87,97,107"
39,06:19,9,9,평택,11,"8,18,28,38,48,58,68,78,88,98,108"
40,06:20,1,1,서울역,11,"0,10,20,30,40,50,60,70,80,90,100"
40,06:20,10,10,인천공항,11,"9,19,29,39,49,59,69,79,89,99,109"
40,06:20,2,2,수서,11,"1,11,21,31,41,51,61,71,81,91,101"
40,06:20,3,3,삼성,11,"2,12,22,32,42,52,62,72,82,92,102"
40,06:20,4,4,여의도,11,"3,13,23,33,43,53,63,73,83,93,103"
40,06:20,5,5,김포공항,11,"4,14,24,34,44,54,64,74,84,94,104"
40,06:20,6,6,일산,10,"15,25,35,45,55,65,75,85,95,105"
40,06:20,7,7,판교,11,"6,16,26,36,46,56,66,76,86,96,106"
40,06:20,8,8,동탄/용인,11,"7,17,27,37,47,57,67,77,87,97,107"
40,06:20,9,9,평택,11,"8,18,28,38,48,58,68,78,88,98,108"
41,06:21,1,1,서울역,11,"0,10,20,30,40,50,60,70,80,90,100"
41,06:21,10,10,인천공항,11,"9,19,29,39,49,59,69,79,89,99,109"
41,06:21,2,2,수서,11,"1,11,21,31,41,51,61,71,81,91,101"
41,06:21,3,3,삼성,11,"2,12,22,32,42,52,62,72,82,92,102"
41,06:21,4,4,여의도,11,"3,13,23,33,43,53,63,73,83,93,103"
41,06:21,5,5,김포공항,11,"4,14,24,34,44,54,64,74,84,94,104"
41,06:21,6,6,일산,10,"15,25,35,45,55,65,75,85,95,105"
41,06:21,7,7,판교,11,"6,16,26,36,46,56,66,76,86,96,106"
41,06:21,8,8,동탄/용인,11,"7,17,27,37,47,57,67,77,87,97,107"
41,06:21,9,9,평택,11,"8,18,28,38,48,58,68,78,88,98,108"
42,06:22,1,1,서울역,11,"0,10,20,30,40,50,60,70,80,90,100"
42,06:22,10,10,인천공항,11,"9,19,29,39,49,59,69,79,89,99,109"
42,06:22,2,2,수서,11,"1,11,21,31,41,51,61,71,81,91,101"
42,06:22,3,3,삼성,11,"2,12,22,32,42,52,62,72,82,92,102"
42,06:22,4,4,여의도,11,"3,13,23,33,43,53,63,73,83,93,103"
42,06:22,5,5,김포공항,11,"4,14,24,34,44,54,64,74,84,94,104"
42,06:22,6,6,일산,10,"15,25,35,45,55,65,75,85,95,105"
42,06:22,7,7,판교,11,"6,16,26,36,46,56,66,76,86,96,106"
42,06:22,8,8,동탄/용인,11,"7,17,27,37,47,57,67,77,87,97,107"
42,06:22,9,9,평택,11,"8,18,28,38,48,58,68,78,88,98,108"
43,06:23,1,1,서울역,11,"0,10,20,30,40,50,60,70,80,90,100"
43,06:23,10,10,인천공항,11,"9,19,29,39,49,59,69,79,89,99,109"
43,06:23,2,2,수서,11,"1,11,21,31,41,51,61,71,81,91,101"
43,06:23,3,3,삼성,11,"2,12,22,32,42,52,62,72,82,92,102"
43,06:23,4,4,여의도,11,"3,13,23,33,43,53,63,73,83,93,103"
43,06:23,5,5,김포공항,11,"4,14,24,34,44,54,64,74,84,94,104"
43,06:23,6,6,일산,10,"15,25,35,45,55,65,75,85,95,105"
43,06:23,7,7,판교,11,"6,16,26,36,46,56,66,76,86,96,106"
43,06:23,8,8,동탄/용인,11,"7,17,27,37,47,57,67,77,87,97,107"
43,06:23,9,9,평택,11,"8,18,28,38,48,58,68,78,88,98,108"
44,06:24,1,1,서울역,11,"0,10,20,30,40,50,60,70,80,90,100"
44,06:24,10,10,인천공항,11,"9,19,29,39,49,59,69,79,89,99,109"
44,06:24,2,2,수서,11,"1,11,21,31,41,51,61,71,81,91,101"
44,06:24,3,3,삼성,11,"2,12,22,32,42,52,62,72,82,92,102"
44,06:24,4,4,여의도,11,"3,13,23,33,43,53,63,73,83,93,103"
44,06:24,5,5,김포공항,11,"4,14,24,34,44,54,64,74,84,94,104"
44,06:24,6,6,일산,10,"15,25,35,45,55,65,75,85,95,105"
44,06:24,7,7,판교,11,"6,16,26,36,46,56,66,76,86,96,106"
44,06:24,8,8,동탄/용인,11,"7,17,27,37,47,57,67,77,87,97,107"
44,06:24,9,9,평택,11,"8,18,28,38,48,58,68,78,88,98,108"
45,06:25,1,1,서울역,11,"0,10,20,30,40,50,60,70,80,90,100"
45,06:25,10,10,인천공항,11,"9,19,29,39,49,59,69,79,89,99,109"
45,06:25,2,2,수서,11,"1,11,21,31,41,51,61,71,81,91,101"
45,06:25,3,3,삼성,11,"2,12,22,32,42,52,62,72,82,92,102"
45,06:25,4,4,여의도,11,"3,13,23,33,43,53,63,73,83,93,103"
45,06:25,5,5,김포공항,11,"4,14,24,34,44,54,64,74,84,94,104"
45,06:25,6,6,일산,10,"15,25,35,45,55,65,75,85,95,105"
45,06:25,7,7,판교,11,"6,16,26,36,46,56,66,76,86,96,106"
45,06:25,8,8,동탄/용인,11,"7,17,27,37,47,57,67,77,87,97,107"
45,06:25,9,9,평택,11,"8,18,28,38,48,58,68,78,88,98,108"
46,06:26,1,1,서울역,11,"0,10,20,30,40,50,60,70,80,90,100"
46,06:26,10,10,인천공항,11,"9,19,29,39,49,59,69,79,89,99,109"
46,06:26,2,2,수서,11,"1,11,21,31,41,51,61,71,81,91,101"
46,06:26,3,3,삼성,11,"2,12,22,32,42,52,62,72,82,92,102"
46,06:26,4,4,여의도,11,"3,13,23,33,43,53,63,73,83,93,103"
46,06:26,5,5,김포공항,11,"4,14,24,34,44,54,64,74,84,94,104"
46,06:26,6,6,일산,10,"15,25,35,45,55,65,75,85,95,105"
46,06:26,7,7,판교,11,"6,16,26,36,46,56,66,76,86,96,106"
46,06:26,8,8,동탄/용인,11,"7,17,27,37,47,57,67,77,87,97,107"
46,06:26,9,9,평택,11,"8,18,28,38,48,58,68,78,88,98,108"
47,06:27,1,1,서울역,11,"0,10,20,30,40,50,60,70,80,90,100"
47,06:27,10,10,인천공항,11,"9,19,29,39,49,59,69,79,89,99,109"
47,06:27,2,2,수서,11,"1,11,21,31,41,51,61,71,81,91,101"
47,06:27,3,3,삼성,11,"2,12,22,32,42,52,62,72,82,92,102"
47,06:27,4,4,여의도,11,"3,13,23,33,43,53,63,73,83,93,103"
47,06:27,5,5,김포공항,11,"4,14,24,34,44,54,64,74,84,94,104"
47,06:27,6,6,일산,10,"15,25,35,45,55,65,75,85,95,105"
47,06:27,7,7,판교,11,"6,16,26,36,46,56,66,76,86,96,106"
47,06:27,8,8,동탄/용인,11,"7,17,27,37,47,57,67,77,87,97,107"
47,06:27,9,9,평택,11,"8,18,28,38,48,58,68,78,88,98,108"
48,06:28,1,1,서울역,11,"0,10,20,30,40,50,60,70,80,90,100"
48,06:28,10,10,인천공항,11,"9,19,29,39,49,59,69,79,89,99,109"
48,06:28,2,2,수서,11,"1,11,21,31,41,51,61,71,81,91,101"
48,06:28,3,3,삼성,11,"2,12,22,32,42,52,62,72,82,92,102"
48,06:28,4,4,여의도,11,"3,13,23,33,43,53,63,73,83,93,103"
48,06:28,5,5,김포공항,11,"4,14,24,34,44,54,64,74,84,94,104"
48,06:28,6,6,일산,10,"15,25,35,45,55,65,75,85,95,105"
48,06:28,7,7,판교,12,"5,6,16,26,36,46,56,66,76,86,96,106"
48,06:28,8,8,동탄/용인,11,"7,17,27,37,47,57,67,77,87,97,107"
48,06:28,9,9,평택,11,"8,18,28,38,48,58,68,78,88,98,108"
49,06:29,1,1,서울역,11,"0,10,20,30,40,50,60,70,80,90,100"
49,06:29,10,10,인천공항,11,"9,19,29,39,49,59,69,79,89,99,109"
49,06:29,2,2,수서,11,"1,11,21,31,41,51,61,71,81,91,101"
49,06:29,3,3,삼성,11,"2,12,22,32,42,52,62,72,82,92,102"
49,06:29,4,4,여의도,11,"3,13,23,33,43,53,63,73,83,93,103"
49,06:29,5,5,김포공항,11,"4,14,24,34,44,54,64,74,84,94,104"
49,06:29,6,6,일산,10,"15,25,35,45,55,65,75,85,95,105"
49,06:29,7,7,판교,12,"5,6,16,26,36,46,56,66,76,86,96,106"
49,06:29,8,8,동탄/용인,11,"7,17,27,37,47,57,67,77,87,97,107"
49,06:29,9,9,평택,11,"8,18,28,38,48,58,68,78,88,98,108"
50,06:30,1,1,서울역,11,"0,10,20,30,40,50,60,70,80,90,100"
50,06:30,10,10,인천공항,11,"9,19,29,39,49,59,69,79,89,99,109"
50,06:30,2,2,수서,11,"1,11,21,31,41,51,61,71,81,91,101"
50,06:30,3,3,삼성,11,"2,12,22,32,42,52,62,72,82,92,102"
50,06:30,4,4,여의도,11,"3,13,23,33,43,53,63,73,83,93,103"
50,06:30,5,5,김포공항,11,"4,14,24,34,44,54,64,74,84,94,104"
50,06:30,6,6,일산,10,"15,25,35,45,55,65,75,85,95,105"
50,06:30,7,7,판교,12,"5,6,16,26,36,46,56,66,76,86,96,106"
50,06:30,8,8,동탄/용인,11,"7,17,27,37,47,57,67,77,87,97,107"
50,06:30,9,9,평택,11,"8,18,28,38,48,58,68,78,88,98,108"
51,06:31,1,1,서울역,11,"0,10,20,30,40,50,60,70,80,90,100"
51,06:31,10,10,인천공항,11,"9,19,29,39,49,59,69,79,89,99,109"
51,06:31,2,2,수서,11,"1,11,21,31,41,51,61,71,81,91,101"
51,06:31,3,3,삼성,11,"2,12,22,32,42,52,62,72,82,92,102"
51,06:31,4,4,여의도,11,"3,13,23,33,43,53,63,73,83,93,103"
51,06:31,5,5,김포공항,11,"4,14,24,34,44,54,64,74,84,94,104"
51,06:31,6,6,일산,10,"15,25,35,45,55,65,75,85,95,105"
51,06:31,7,7,판교,12,"5,6,16,26,36,46,56,66,76,86,96,106"
51,06:31,8,8,동탄/용인,11,"7,17,27,37,47,57,67,77,87,97,107"
51,06:31,9,9,평택,11,"8,18,28,38,48,58,68,78,88,98,108"
52,06:32,1,1,서울역,11,"0,10,20,30,40,50,60,70,80,90,100"
52,06:32,10,10,인천공항,11,"9,19,29,39,49,59,69,79,89,99,109"
52,06:32,2,2,수서,11,"1,11,21,31,41,51,61,71,81,91,101"
52,06:32,3,3,삼성,11,"2,12,22,32,42,52,62,72,82,92,102"
52,06:32,4,4,여의도,11,"3,13,23,33,43,53,63,73,83,93,103"
52,06:32,5,5,김포공항,11,"4,14,24,34,44,54,64,74,84,94,104"
52,06:32,6,6,일산,10,"15,25,35,45,55,65,75,85,95,105"
52,06:32,7,7,판교,12,"5,6,16,26,36,46,56,66,76,86,96,106"
52,06:32,8,8,동탄/용인,11,"7,17,27,37,47,57,67,77,87,97,107"
52,06:32,9,9,평택,11,"8,18,28,38,48,58,68,78,88,98,108"
53,06:33,1,1,서울역,11,"0,10,20,30,40,50,60,70,80,90,100"
53,06:33,10,10,인천공항,11,"9,19,29,39,49,59,69,79,89,99,109"
53,06:33,2,2,수서,11,"1,11,21,31,41,51,61,71,81,91,101"
53,06:33,3,3,삼성,11,"2,12,22,32,42,52,62,72,82,92,102"
53,06:33,4,4,여의도,11,"3,13,23,33,43,53,63,73,83,93,103"
53,06:33,5,5,김포공항,11,"4,14,24,34,44,54,64,74,84,94,104"
53,06:33,6,6,일산,10,"15,25,35,45,55,65,75,85,95,105"
53,06:33,7,7,판교,12,"5,6,16,26,36,46,56,66,76,86,96,106"
53,06:33,8,8,동탄/용인,11,"7,17,27,37,47,57,67,77,87,97,107"
53,06:33,9,9,평택,11,"8,18,28,38,48,58,68,78,88,98,108"
54,06:34,1,1,서울역,11,"0,10,20,30,40,50,60,70,80,90,100"
54,06:34,10,10,인천공항,11,"9,19,29,39,49,59,69,79,89,99,109"
54,06:34,2,2,수서,11,"1,11,21,31,41,51,61,71,81,91,101"
54,06:34,3,3,삼성,11,"2,12,22,32,42,52,62,72,82,92,102"
54,06:34,4,4,여의도,11,"3,13,23,33,43,53,63,73,83,93,103"
54,06:34,5,5,김포공항,11,"4,14,24,34,44,54,64,74,84,94,104"
54,06:34,6,6,일산,10,"15,25,35,45,55,65,75,85,95,105"
54,06:34,7,7,판교,12,"5,6,16,26,36,46,56,66,76,86,96,106"
54,06:34,8,8,동탄/용인,11,"7,17,27,37,47,57,67,77,87,97,107"
54,06:34,9,9,평택,11,"8,18,28,38,48,58,68,78,88,98,108"
55,06:35,1,1,서울역,11,"0,10,20,30,40,50,60,70,80,90,100"
55,06:35,10,10,인천공항,11,"9,19,29,39,49,59,69,79,89,99,109"
55,06:35,2,2,수서,11,"1,11,21,31,41,51,61,71,81,91,101"
55,06:35,3,3,삼성,11,"2,12,22,32,42,52,62,72,82,92,102"
55,06:35,4,4,여의도,11,"3,13,23,33,43,53,63,73,83,93,103"
55,06:35,5,5,김포공항,11,"4,14,24,34,44,54,64,74,84,94,104"
55,06:35,6,6,일산,10,"15,25,35,45,55,65,75,85,95,105"
55,06:35,7,7,판교,12,"5,6,16,26,36,46,56,66,76,86,96,106"
55,06:35,8,8,동탄/용인,11,"7,17,27,37,47,57,67,77,87,97,107"
55,06:35,9,9,평택,11,"8,18,28,38,48,58,68,78,88,98,108"
56,06:36,1,1,서울역,11,"0,10,20,30,40,50,60,70,80,90,100"
56,06:36,10,10,인천공항,11,"9,19,29,39,49,59,69,79,89,99,109"
56,06:36,2,2,수서,11,"1,11,21,31,41,51,61,71,81,91,101"
56,06:36,3,3,삼성,11,"2,12,22,32,42,52,62,72,82,92,102"
56,06:36,4,4,여의도,11,"3,13,23,33,43,53,63,73,83,93,103"
56,06:36,5,5,김포공항,11,"4,14,24,34,44,54,64,74,84,94,104"
56,06:36,6,6,일산,10,"15,25,35,45,55,65,75,85,95,105"
56,06:36,7,7,판교,12,"5,6,16,26,36,46,56,66,76,86,96,106"
56,06:36,8,8,동탄/용인,11,"7,17,27,37,47,57,67,77,87,97,107"
56,06:36,9,9,평택,11,"8,18,28,38,48,58,68,78,88,98,108"
57,06:37,1,1,서울역,11,"0,10,20,30,40,50,60,70,80,90,100"
57,06:37,10,10,인천공항,11,"9,19,29,39,49,59,69,79,89,99,109"
57,06:37,2,2,수서,11,"1,11,21,31,41,51,61,71,81,91,101"
57,06:37,3,3,삼성,11,"2,12,22,32,42,52,62,72,82,92,102"
57,06:37,4,4,여의도,11,"3,13,23,33,43,53,63,73,83,93,103"
57,06:37,5,5,김포공항,11,"4,14,24,34,44,54,64,74,84,94,104"
57,06:37,6,6,일산,10,"15,25,35,45,55,65,75,85,95,105"
57,06:37,7,7,판교,12,"5,6,16,26,36,46,56,66,76,86,96,106"
57,06:37,8,8,동탄/용인,11,"7,17,27,37,47,57,67,77,87,97,107"
57,06:37,9,9,평택,11,"8,18,28,38,48,58,68,78,88,98,108"
58,06:38,1,1,서울역,11,"0,10,20,30,40,50,60,70,80,90,100"
58,06:38,10,10,인천공항,11,"9,19,29,39,49,59,69,79,89,99,109"
58,06:38,2,2,수서,11,"1,11,21,31,41,51,61,71,81,91,101"
58,06:38,3,3,삼성,11,"2,12,22,32,42,52,62,72,82,92,102"
58,06:38,4,4,여의도,11,"3,13,23,33,43,53,63,73,83,93,103"
58,06:38,5,5,김포공항,11,"4,14,24,34,44,54,64,74,84,94,104"
58,06:38,6,6,일산,10,"15,25,35,45,55,65,75,85,95,105"
58,06:38,7,7,판교,12,"5,6,16,26,36,46,56,66,76,86,96,106"
58,06:38,8,8,동탄/용인,11,"7,17,27,37,47,57,67,77,87,97,107"
58,06:38,9,9,평택,11,"8,18,28,38,48,58,68,78,88,98,108"
59,06:39,1,1,서울역,11,"0,10,20,30,40,50,60,70,80,90,100"
59,06:39,10,10,인천공항,11,"9,19,29,39,49,59,69,79,89,99,109"
59,06:39,2,2,수서,11,"1,11,21,31,41,51,61,71,81,91,101"
59,06:39,3,3,삼성,11,"2,12,22,32,42,52,62,72,82,92,102"
59,06:39,4,4,여의도,11,"3,13,23,33,43,53,63,73,83,93,103"
59,06:39,5,5,김포공항,11,"4,14,24,34,44,54,64,74,84,94,104"
59,06:39,6,6,일산,10,"15,25,35,45,55,65,75,85,95,105"
59,06:39,7,7,판교,12,"5,6,16,26,36,46,56,66,76,86,96,106"
59,06:39,8,8,동탄/용인,11,"7,17,27,37,47,57,67,77,87,97,107"
59,06:39,9,9,평택,11,"8,18,28,38,48,58,68,78,88,98,108"
60,06:40,1,1,서울역,11,"0,10,20,30,40,50,60,70,80,90,100"
60,06:40,10,10,인천공항,11,"9,19,29,39,49,59,69,79,89,99,109"
60,06:40,2,2,수서,11,"1,11,21,31,41,51,61,71,81,91,101"
60,06:40,3,3,삼성,11,"2,12,22,32,42,52,62,72,82,92,102"
60,06:40,4,4,여의도,11,"3,13,23,33,43,53,63,73,83,93,103"
60,06:40,5,5,김포공항,11,"4,14,24,34,44,54,64,74,84,94,104"
60,06:40,6,6,일산,10,"15,25,35,45,55,65,75,85,95,105"
60,06:40,7,7,판교,12,"5,6,16,26,36,46,56,66,76,86,96,106"
60,06:40,8,8,동탄/용인,11,"7,17,27,37,47,57,67,77,87,97,107"
60,06:40,9,9,평택,11,"8,18,28,38,48,58,68,78,88,98,108"
61,06:41,1,1,서울역,11,"0,10,20,30,40,50,60,70,80,90,100"
61,06:41,10,10,인천공항,11,"9,19,29,39,49,59,69,79,89,99,109"
61,06:41,2,2,수서,11,"1,11,21,31,41,51,61,71,81,91,101"
61,06:41,3,3,삼성,11,"2,12,22,32,42,52,62,72,82,92,102"
61,06:41,4,4,여의도,11,"3,13,23,33,43,53,63,73,83,93,103"
61,06:41,5,5,김포공항,11,"4,14,24,34,44,54,64,74,84,94,104"
61,06:41,6,6,일산,10,"15,25,35,45,55,65,75,85,95,105"
61,06:41,7,7,판교,12,"5,6,16,26,36,46,56,66,76,86,96,106"
61,06:41,8,8,동탄/용인,11,"7,17,27,37,47,57,67,77,87,97,107"
61,06:41,9,9,평택,11,"8,18,28,38,48,58,68,78,88,98,108"
62,06:42,1,1,서울역,11,"0,10,20,30,40,50,60,70,80,90,100"
62,06:42,10,10,인천공항,11,"9,19,29,39,49,59,69,79,89,99,109"
62,06:42,2,2,수서,11,"1,11,21,31,41,51,61,71,81,91,101"
62,06:42,3,3,삼성,11,"2,12,22,32,42,52,62,72,82,92,102"
62,06:42,4,4,여의도,11,"3,13,23,33,43,53,63,73,83,93,103"
62,06:42,5,5,김포공항,11,"4,14,24,34,44,54,64,74,84,94,104"
62,06:42,6,6,일산,10,"15,25,35,45,55,65,75,85,95,105"
62,06:42,7,7,판교,12,"5,6,16,26,36,46,56,66,76,86,96,106"
62,06:42,8,8,동탄/용인,11,"7,17,27,37,47,57,67,77,87,97,107"
62,06:42,9,9,평택,11,"8,18,28,38,48,58,68,78,88,98,108"
63,06:43,1,1,서울역,11,"0,10,20,30,40,50,60,70,80,90,100"
63,06:43,10,10,인천공항,11,"9,19,29,39,49,59,69,79,89,99,109"
63,06:43,2,2,수서,11,"1,11,21,31,41,51,61,71,81,91,101"
63,06:43,3,3,삼성,11,"2,12,22,32,42,52,62,72,82,92,102"
63,06:43,4,4,여의도,11,"3,13,23,33,43,53,63,73,83,93,103"
63,06:43,5,5,김포공항,11,"4,14,24,34,44,54,64,74,84,94,104"
63,06:43,6,6,일산,10,"15,25,35,45,55,65,75,85,95,105"
63,06:43,7,7,판교,12,"5,6,16,26,36,46,56,66,76,86,96,106"
63,06:43,8,8,동탄/용인,11,"7,17,27,37,47,57,67,77,87,97,107"
63,06:43,9,9,평택,11,"8,18,28,38,48,58,68,78,88,98,108"
64,06:44,1,1,서울역,11,"0,10,20,30,40,50,60,70,80,90,100"
64,06:44,10,10,인천공항,11,"9,19,29,39,49,59,69,79,89,99,109"
64,06:44,2,2,수서,11,"1,11,21,31,41,51,61,71,81,91,101"
64,06:44,3,3,삼성,11,"2,12,22,32,42,52,62,72,82,92,102"
64,06:44,4,4,여의도,11,"3,13,23,33,43,53,63,73,83,93,103"
64,06:44,5,5,김포공항,11,"4,14,24,34,44,54,64,74,84,94,104"
64,06:44,6,6,일산,10,"15,25,35,45,55,65,75,85,95,105"
64,06:44,7,7,판교,12,"5,6,16,26,36,46,56,66,76,86,96,106"
64,06:44,8,8,동탄/용인,11,"7,17,27,37,47,57,67,77,87,97,107"
64,06:44,9,9,평택,11,"8,18,28,38,48,58,68,78,88,98,108"
65,06:45,1,1,서울역,11,"0,10,20,30,40,50,60,70,80,90,100"
65,06:45,10,10,인천공항,11,"9,19,29,39,49,59,69,79,89,99,109"
65,06:45,2,2,수서,11,"1,11,21,31,41,51,61,71,81,91,101"
65,06:45,3,3,삼성,11,"2,12,22,32,42,52,62,72,82,92,102"
65,06:45,4,4,여의도,11,"3,13,23,33,43,53,63,73,83,93,103"
65,06:45,5,5,김포공항,11,"4,14,24,34,44,54,64,74,84,94,104"
65,06:45,6,6,일산,10,"15,25,35,45,55,65,75,85,95,105"
65,06:45,7,7,판교,12,"5,6,16,26,36,46,56,66,76,86,96,106"
65,06:45,8,8,동탄/용인,11,"7,17,27,37,47,57,67,77,87,97,107"
65,06:45,9,9,평택,11,"8,18,28,38,48,58,68,78,88,98,108"
66,06:46,1,1,서울역,11,"0,10,20,30,40,50,60,70,80,90,100"
66,06:46,10,10,인천공항,10,"9,29,39,49,59,69,79,89,99,109"
66,06:46,2,2,수서,11,"1,11,21,31,41,51,61,71,81,91,101"
66,06:46,3,3,삼성,11,"2,12,22,32,42,52,62,72,82,92,102"
66,06:46,4,4,여의도,11,"3,13,23,33,43,53,63,73,83,93,103"
66,06:46,5,5,김포공항,11,"4,14,24,34,44,54,64,74,84,94,104"
66,06:46,6,6,일산,10,"15,25,35,45,55,65,75,85,95,105"
66,06:46,7,7,판교,12,"5,6,16,26,36,46,56,66,76,86,96,106"
66,06:46,8,8,동탄/용인,11,"7,17,27,37,47,57,67,77,87,97,107"
66,06:46,9,9,평택,11,"8,18,28,38,48,58,68,78,88,98,108"
67,06:47,1,1,서울역,11,"0,10,20,30,40,50,60,70,80,90,100"
67,06:47,10,10,인천공항,10,"9,29,39,49,59,69,79,89,99,109"
67,06:47,2,2,수서,11,"1,11,21,31,41,51,61,71,81,91,101"
67,06:47,3,3,삼성,11,"2,12,22,32,42,52,62,72,82,92,102"
67,06:47,4,4,여의도,11,"3,13,23,33,43,53,63,73,83,93,103"
67,06:47,5,5,김포공항,11,"4,14,24,34,44,54,64,74,84,94,104"
67,06:47,6,6,일산,10,"15,25,35,45,55,65,75,85,95,105"
67,06:47,7,7,판교,12,"5,6,16,26,36,46,56,66,76,86,96,106"
67,06:47,8,8,동탄/용인,11,"7,17,27,37,47,57,67,77,87,97,107"
67,06:47,9,9,평택,11,"8,18,28,38,48,58,68,78,88,98,108"
68,06:48,1,1,서울역,11,"0,10,20,30,40,50,60,70,80,90,100"
68,06:48,10,10,인천공항,10,"9,29,39,49,59,69,79,89,99,109"
68,06:48,2,2,수서,11,"1,11,21,31,41,51,61,71,81,91,101"
68,06:48,3,3,삼성,11,"2,12,22,32,42,52,62,72,82,92,102"
68,06:48,4,4,여의도,11,"3,13,23,33,43,53,63,73,83,93,103"
68,06:48,5,5,김포공항,11,"4,14,24,34,44,54,64,74,84,94,104"
68,06:48,6,6,일산,10,"15,25,35,45,55,65,75,85,95,105"
68,06:48,7,7,판교,12,"5,6,16,26,36,46,56,66,76,86,96,106"
68,06:48,8,8,동탄/용인,11,"7,17,27,37,47,57,67,77,87,97,107"
68,06:48,9,9,평택,11,"8,18,28,38,48,58,68,78,88,98,108"
69,06:49,1,1,서울역,11,"0,10,20,30,40,50,60,70,80,90,100"
69,06:49,10,10,인천공항,10,"9,29,39,49,59,69,79,89,99,109"
69,06:49,2,2,수서,11,"1,11,21,31,41,51,61,71,81,91,101"
69,06:49,3,3,삼성,11,"2,12,22,32,42,52,62,72,82,92,102"
69,06:49,4,4,여의도,11,"3,13,23,33,43,53,63,73,83,93,103"
69,06:49,5,5,김포공항,11,"4,14,24,34,44,54,64,74,84,94,104"
69,06:49,6,6,일산,10,"15,25,35,45,55,65,75,85,95,105"
69,06:49,7,7,판교,12,"5,6,16,26,36,46,56,66,76,86,96,106"
69,06:49,8,8,동탄/용인,11,"7,17,27,37,47,57,67,77,87,97,107"
69,06:49,9,9,평택,11,"8,18,28,38,48,58,68,78,88,98,108"
70,06:50,1,1,서울역,11,"0,10,20,30,40,50,60,70,80,90,100"
70,06:50,10,10,인천공항,10,"9,29,39,49,59,69,79,89,99,109"
70,06:50,2,2,수서,11,"1,11,21,31,41,51,61,71,81,91,101"
70,06:50,3,3,삼성,11,"2,12,22,32,42,52,62,72,82,92,102"
70,06:50,4,4,여의도,11,"3,13,23,33,43,53,63,73,83,93,103"
70,06:50,5,5,김포공항,11,"4,14,24,34,44,54,64,74,84,94,104"
70,06:50,6,6,일산,10,"15,25,35,45,55,65,75,85,95,105"
70,06:50,7,7,판교,12,"5,6,16,26,36,46,56,66,76,86,96,106"
70,06:50,8,8,동탄/용인,11,"7,17,27,37,47,57,67,77,87,97,107"
70,06:50,9,9,평택,11,"8,18,28,38,48,58,68,78,88,98,108"
71,06:51,1,1,서울역,11,"0,10,20,30,40,50,60,70,80,90,100"
71,06:51,10,10,인천공항,10,"9,29,39,49,59,69,79,89,99,109"
71,06:51,2,2,수서,11,"1,11,21,31,41,51,61,71,81,91,101"
71,06:51,3,3,삼성,11,"2,12,22,32,42,52,62,72,82,92,102"
71,06:51,4,4,여의도,11,"3,13,23,33,43,53,63,73,83,93,103"
71,06:51,5,5,김포공항,11,"4,14,24,34,44,54,64,74,84,94,104"
71,06:51,6,6,일산,10,"15,25,35,45,55,65,75,85,95,105"
71,06:51,7,7,판교,12,"5,6,16,26,36,46,56,66,76,86,96,106"
71,06:51,8,8,동탄/용인,11,"7,17,27,37,47,57,67,77,87,97,107"
71,06:51,9,9,평택,11,"8,18,28,38,48,58,68,78,88,98,108"
72,06:52,1,1,서울역,11,"0,10,20,30,40,50,60,70,80,90,100"
72,06:52,10,10,인천공항,10,"9,29,39,49,59,69,79,89,99,109"
72,06:52,2,2,수서,11,"1,11,21,31,41,51,61,71,81,91,101"
72,06:52,3,3,삼성,11,"2,12,22,32,42,52,62,72,82,92,102"
72,06:52,4,4,여의도,11,"3,13,23,33,43,53,63,73,83,93,103"
72,06:52,5,5,김포공항,11,"4,14,24,34,44,54,64,74,84,94,104"
72,06:52,6,6,일산,10,"15,25,35,45,55,65,75,85,95,105"
72,06:52,7,7,판교,12,"5,6,16,26,36,46,56,66,76,86,96,106"
72,06:52,8,8,동탄/용인,11,"7,17,27,37,47,57,67,77,87,97,107"
72,06:52,9,9,평택,11,"8,18,28,38,48,58,68,78,88,98,108"
73,06:53,1,1,서울역,11,"0,10,20,30,40,50,60,70,80,90,100"
73,06:53,10,10,인천공항,10,"9,29,39,49,59,69,79,89,99,109"
73,06:53,2,2,수서,11,"1,11,21,31,41,51,61,71,81,91,101"
73,06:53,3,3,삼성,11,"2,12,22,32,42,52,62,72,82,92,102"
73,06:53,4,4,여의도,11,"3,13,23,33,43,53,63,73,83,93,103"
73,06:53,5,5,김포공항,11,"4,14,24,34,44,54,64,74,84,94,104"
73,06:53,6,6,일산,10,"15,25,35,45,55,65,75,85,95,105"
73,06:53,7,7,판교,12,"5,6,16,26,36,46,56,66,76,86,96,106"
73,06:53,8,8,동탄/용인,11,"7,17,27,37,47,57,67,77,87,97,107"
73,06:53,9,9,평택,11,"8,18,28,38,48,58,68,78,88,98,108"
74,06:54,1,1,서울역,11,"0,10,20,30,40,50,60,70,80,90,100"
74,06:54,10,10,인천공항,10,"9,29,39,49,59,69,79,89,99,109"
74,06:54,2,2,수서,11,"1,11,21,31,41,51,61,71,81,91,101"
74,06:54,3,3,삼성,11,"2,12,22,32,42,52,62,72,82,92,102"
74,06:54,4,4,여의도,11,"3,13,23,33,43,53,63,73,83,93,103"
74,06:54,5,5,김포공항,11,"4,14,24,34,44,54,64,74,84,94,104"
74,06:54,6,6,일산,10,"15,25,35,45,55,65,75,85,95,105"
74,06:54,7,7,판교,12,"5,6,16,26,36,46,56,66,76,86,96,106"
74,06:54,8,8,동탄/용인,11,"7,17,27,37,47,57,67,77,87,97,107"
74,06:54,9,9,평택,11,"8,18,28,38,48,58,68,78,88,98,108"
75,06:55,1,1,서울역,11,"0,10,20,30,40,50,60,70,80,90,100"
75,06:55,10,10,인천공항,10,"9,29,39,49,59,69,79,89,99,109"
75,06:55,2,2,수서,11,"1,11,21,31,41,51,61,71,81,91,101"
75,06:55,3,3,삼성,11,"2,12,22,32,42,52,62,72,82,92,102"
75,06:55,4,4,여의도,10,"13,23,33,43,53,63,73,83,93,103"
75,06:55,5,5,김포공항,11,"4,14,24,34,44,54,64,74,84,94,104"
75,06:55,6,6,일산,10,"15,25,35,45,55,65,75,85,95,105"
75,06:55,7,7,판교,12,"5,6,16,26,36,46,56,66,76,86,96,106"
75,06:55,8,8,동탄/용인,11,"7,17,27,37,47,57,67,77,87,97,107"
75,06:55,9,9,평택,11,"8,18,28,38,48,58,68,78,88,98,108"
76,06:56,1,1,서울역,11,"0,10,20,30,40,50,60,70,80,90,100"
76,06:56,10,10,인천공항,10,"9,29,39,49,59,69,79,89,99,109"
76,06:56,2,2,수서,11,"1,11,21,31,41,51,61,71,81,91,101"
76,06:56,3,3,삼성,11,"2,12,22,32,42,52,62,72,82,92,102"
76,06:56,4,4,여의도,10,"13,23,33,43,53,63,73,83,93,103"
76,06:56,5,5,김포공항,11,"4,14,24,34,44,54,64,74,84,94,104"
76,06:56,6,6,일산,10,"15,25,35,45,55,65,75,85,95,105"
76,06:56,7,7,판교,12,"5,6,16,26,36,46,56,66,76,86,96,106"
76,06:56,8,8,동탄/용인,11,"7,17,27,37,47,57,67,77,87,97,107"
76,06:56,9,9,평택,11,"8,18,28,38,48,58,68,78,88,98,108"
77,06:57,1,1,서울역,11,"0,10,20,30,40,50,60,70,80,90,100"
77,06:57,10,10,인천공항,10,"9,29,39,49,59,69,79,89,99,109"
77,06:57,2,2,수서,11,"1,11,21,31,41,51,61,71,81,91,101"
77,06:57,3,3,삼성,11,"2,12,22,32,42,52,62,72,82,92,102"
77,06:57,4,4,여의도,10,"13,23,33,43,53,63,73,83,93,103"
77,06:57,5,5,김포공항,11,"4,14,24,34,44,54,64,74,84,94,104"
77,06:57,6,6,일산,10,"15,25,35,45,55,65,75,85,95,105"
77,06:57,7,7,판교,12,"5,6,16,26,36,46,56,66,76,86,96,106"
77,06:57,8,8,동탄/용인,11,"7,17,27,37,47,57,67,77,87,97,107"
77,06:57,9,9,평택,11,"8,18,28,38,48,58,68,78,88,98,108"
78,06:58,1,1,서울역,11,"0,10,20,30,40,50,60,70,80,90,100"
78,06:58,10,10,인천공항,9,"29,39,49,59,69,79,89,99,109"
78,06:58,2,2,수서,11,"1,11,21,31,41,51,61,71,81,91,101"
78,06:58,3,3,삼성,11,"2,12,22,32,42,52,62,72,82,92,102"
78,06:58,4,4,여의도,10,"13,23,33,43,53,63,73,83,93,103"
78,06:58,5,5,김포공항,11,"4,14,24,34,44,54,64,74,84,94,104"
78,06:58,6,6,일산,10,"15,25,35,45,55,65,75,85,95,105"
78,06:58,7,7,판교,12,"5,6,16,26,36,46,56,66,76,86,96,106"
78,06:58,8,8,동탄/용인,11,"7,17,27,37,47,57,67,77,87,97,107"
78,06:58,9,9,평택,11,"8,18,28,38,48,58,68,78,88,98,108"
79,06:59,1,1,서울역,11,"0,10,20,30,40,50,60,70,80,90,100"
79,06:59,10,10,인천공항,9,"29,39,49,59,69,79,89,99,109"
79,06:59,2,2,수서,11,"1,11,21,31,41,51,61,71,81,91,101"
79,06:59,3,3,삼성,11,"2,12,22,32,42,52,62,72,82,92,102"
79,06:59,4,4,여의도,10,"13,23,33,43,53,63,73,83,93,103"
79,06:59,5,5,김포공항,11,"4,14,24,34,44,54,64,74,84,94,104"
79,06:59,6,6,일산,10,"15,25,35,45,55,65,75,85,95,105"
79,06:59,7,7,판교,12,"5,6,16,26,36,46,56,66,76,86,96,106"
79,06:59,8,8,동탄/용인,11,"7,17,27,37,47,57,67,77,87,97,107"
79,06:59,9,9,평택,11,"8,18,28,38,48,58,68,78,88,98,108"
80,07:00,1,1,서울역,11,"0,10,20,30,40,50,60,70,80,90,100"
80,07:00,10,10,인천공항,9,"29,39,49,59,69,79,89,99,109"
80,07:00,2,2,수서,11,"1,11,21,31,41,51,61,71,81,91,101"
80,07:00,3,3,삼성,11,"2,12,22,32,42,52,62,72,82,92,102"
80,07:00,4,4,여의도,10,"13,23,33,43,53,63,73,83,93,103"
80,07:00,5,5,김포공항,11,"4,14,24,34,44,54,64,74,84,94,104"
80,07:00,6,6,일산,10,"15,25,35,45,55,65,75,85,95,105"
80,07:00,7,7,판교,12,"5,6,16,26,36,46,56,66,76,86,96,106"
80,07:00,8,8,동탄/용인,11,"7,17,27,37,47,57,67,77,87,97,107"
80,07:00,9,9,평택,11,"8,18,28,38,48,58,68,78,88,98,108"
81,07:01,1,1,서울역,11,"0,10,20,30,40,50,60,70,80,90,100"
81,07:01,10,10,인천공항,9,"29,39,49,59,69,79,89,99,109"
81,07:01,2,2,수서,11,"1,11,21,31,41,51,61,71,81,91,101"
81,07:01,3,3,삼성,12,"2,12,19,22,32,42,52,62,72,82,92,102"
81,07:01,4,4,여의도,10,"13,23,33,43,53,63,73,83,93,103"
81,07:01,5,5,김포공항,11,"4,14,24,34,44,54,64,74,84,94,104"
81,07:01,6,6,일산,10,"15,25,35,45,55,65,75,85,95,105"
81,07:01,7,7,판교,12,"5,6,16,26,36,46,56,66,76,86,96,106"
81,07:01,8,8,동탄/용인,11,"7,17,27,37,47,57,67,77,87,97,107"
81,07:01,9,9,평택,11,"8,18,28,38,48,58,68,78,88,98,108"
82,07:02,1,1,서울역,11,"0,10,20,30,40,50,60,70,80,90,100"
82,07:02,10,10,인천공항,9,"29,39,49,59,69,79,89,99,109"
82,07:02,2,2,수서,11,"1,11,21,31,41,51,61,71,81,91,101"
82,07:02,3,3,삼성,12,"2,12,19,22,32,42,52,62,72,82,92,102"
82,07:02,4,4,여의도,10,"13,23,33,43,53,63,73,83,93,103"
82,07:02,5,5,김포공항,11,"4,14,24,34,44,54,64,74,84,94,104"
82,07:02,6,6,일산,10,"15,25,35,45,55,65,75,85,95,105"
82,07:02,7,7,판교,12,"5,6,16,26,36,46,56,66,76,86,96,106"
82,07:02,8,8,동탄/용인,11,"7,17,27,37,47,57,67,77,87,97,107"
82,07:02,9,9,평택,11,"8,18,28,38,48,58,68,78,88,98,108"
83,07:03,1,1,서울역,11,"0,10,20,30,40,50,60,70,80,90,100"
83,07:03,10,10,인천공항,9,"29,39,49,59,69,79,89,99,109"
83,07:03,2,2,수서,11,"1,11,21,31,41,51,61,71,81,91,101"
83,07:03,3,3,삼성,12,"2,12,19,22,32,42,52,62,72,82,92,102"
83,07:03,4,4,여의도,10,"13,23,33,43,53,63,73,83,93,103"
83,07:03,5,5,김포공항,11,"4,14,24,34,44,54,64,74,84,94,104"
83,07:03,6,6,일산,10,"15,25,35,45,55,65,75,85,95,105"
83,07:03,7,7,판교,12,"5,6,16,26,36,46,56,66,76,86,96,106"
83,07:03,8,8,동탄/용인,11,"7,17,27,37,47,57,67,77,87,97,107"
83,07:03,9,9,평택,11,"8,18,28,38,48,58,68,78,88,98,108"
84,07:04,1,1,서울역,11,"0,10,20,30,40,50,60,70,80,90,100"
84,07:04,10,10,인천공항,9,"29,39,49,59,69,79,89,99,109"
84,07:04,2,2,수서,11,"1,11,21,31,41,51,61,71,81,91,101"
84,07:04,3,3,삼성,12,"2,12,19,22,32,42,52,62,72,82,92,102"
84,07:04,4,4,여의도,10,"13,23,33,43,53,63,73,83,93,103"
84,07:04,5,5,김포공항,11,"4,14,24,34,44,54,64,74,84,94,104"
84,07:04,6,6,일산,10,"15,25,35,45,55,65,75,85,95,105"
84,07:04,7,7,판교,12,"5,6,16,26,36,46,56,66,76,86,96,106"
84,07:04,8,8,동탄/용인,11,"7,17,27,37,47,57,67,77,87,97,107"
84,07:04,9,9,평택,11,"8,18,28,38,48,58,68,78,88,98,108"
85,07:05,1,1,서울역,11,"0,10,20,30,40,50,60,70,80,90,100"
85,07:05,10,10,인천공항,9,"29,39,49,59,69,79,89,99,109"
85,07:05,2,2,수서,11,"1,11,21,31,41,51,61,71,81,91,101"
85,07:05,3,3,삼성,12,"2,12,19,22,32,42,52,62,72,82,92,102"
85,07:05,4,4,여의도,10,"13,23,33,43,53,63,73,83,93,103"
85,07:05,5,5,김포공항,11,"4,14,24,34,44,54,64,74,84,94,104"
85,07:05,6,6,일산,10,"15,25,35,45,55,65,75,85,95,105"
85,07:05,7,7,판교,12,"5,6,16,26,36,46,56,66,76,86,96,106"
85,07:05,8,8,동탄/용인,11,"7,17,27,37,47,57,67,77,87,97,107"
85,07:05,9,9,평택,11,"8,18,28,38,48,58,68,78,88,98,108"
86,07:06,1,1,서울역,11,"0,10,20,30,40,50,60,70,80,90,100"
86,07:06,10,10,인천공항,9,"29,39,49,59,69,79,89,99,109"
86,07:06,2,2,수서,11,"1,11,21,31,41,51,61,71,81,91,101"
86,07:06,3,3,삼성,12,"2,12,19,22,32,42,52,62,72,82,92,102"
86,07:06,4,4,여의도,10,"13,23,33,43,53,63,73,83,93,103"
86,07:06,5,5,김포공항,11,"4,14,24,34,44,54,64,74,84,94,104"
86,07:06,6,6,일산,10,"15,25,35,45,55,65,75,85,95,105"
86,07:06,7,7,판교,12,"5,6,16,26,36,46,56,66,76,86,96,106"
86,07:06,8,8,동탄/용인,11,"7,17,27,37,47,57,67,77,87,97,107"
86,07:06,9,9,평택,11,"8,18,28,38,48,58,68,78,88,98,108"
87,07:07,1,1,서울역,11,"0,10,20,30,40,50,60,70,80,90,100"
87,07:07,10,10,인천공항,9,"29,39,49,59,69,79,89,99,109"
87,07:07,2,2,수서,11,"1,11,21,31,41,51,61,71,81,91,101"
87,07:07,3,3,삼성,12,"2,12,19,22,32,42,52,62,72,82,92,102"
87,07:07,4,4,여의도,10,"13,23,33,43,53,63,73,83,93,103"
87,07:07,5,5,김포공항,11,"4,14,24,34,44,54,64,74,84,94,104"
87,07:07,6,6,일산,10,"15,25,35,45,55,65,75,85,95,105"
87,07:07,7,7,판교,12,"5,6,16,26,36,46,56,66,76,86,96,106"
87,07:07,8,8,동탄/용인,11,"7,17,27,37,47,57,67,77,87,97,107"
87,07:07,9,9,평택,11,"8,18,28,38,48,58,68,78,88,98,108"
88,07:08,1,1,서울역,11,"0,10,20,30,40,50,60,70,80,90,100"
88,07:08,10,10,인천공항,9,"29,39,49,59,69,79,89,99,109"
88,07:08,2,2,수서,11,"1,11,21,31,41,51,61,71,81,91,101"
88,07:08,3,3,삼성,12,"2,12,19,22,32,42,52,62,72,82,92,102"
88,07:08,4,4,여의도,10,"13,23,33,43,53,63,73,83,93,103"
88,07:08,5,5,김포공항,11,"4,14,24,34,44,54,64,74,84,94,104"
88,07:08,6,6,일산,10,"15,25,35,45,55,65,75,85,95,105"
88,07:08,7,7,판교,12,"5,6,16,26,36,46,56,66,76,86,96,106"
88,07:08,8,8,동탄/용인,11,"7,17,27,37,47,57,67,77,87,97,107"
88,07:08,9,9,평택,11,"8,18,28,38,48,58,68,78,88,98,108"
89,07:09,1,1,서울역,11,"0,10,20,30,40,50,60,70,80,90,100"
89,07:09,10,10,인천공항,9,"29,39,49,59,69,79,89,99,109"
89,07:09,2,2,수서,11,"1,11,21,31,41,51,61,71,81,91,101"
89,07:09,3,3,삼성,12,"2,12,19,22,32,42,52,62,72,82,92,102"
89,07:09,4,4,여의도,10,"13,23,33,43,53,63,73,83,93,103"
89,07:09,5,5,김포공항,11,"4,14,24,34,44,54,64,74,84,94,104"
89,07:09,6,6,일산,10,"15,25,35,45,55,65,75,85,95,105"
89,07:09,7,7,판교,12,"5,6,16,26,36,46,56,66,76,86,96,106"
89,07:09,8,8,동탄/용인,11,"7,17,27,37,47,57,67,77,87,97,107"
89,07:09,9,9,평택,11,"8,18,28,38,48,58,68,78,88,98,108"
90,07:10,1,1,서울역,11,"0,10,20,30,40,50,60,70,80,90,100"
90,07:10,10,10,인천공항,9,"29,39,49,59,69,79,89,99,109"
90,07:10,2,2,수서,11,"1,11,21,31,41,51,61,71,81,91,101"
90,07:10,3,3,삼성,12,"2,12,19,22,32,42,52,62,72,82,92,102"
90,07:10,4,4,여의도,11,"9,13,23,33,43,53,63,73,83,93,103"
90,07:10,5,5,김포공항,11,"4,14,24,34,44,54,64,74,84,94,104"
90,07:10,6,6,일산,10,"15,25,35,45,55,65,75,85,95,105"
90,07:10,7,7,판교,12,"5,6,16,26,36,46,56,66,76,86,96,106"
90,07:10,8,8,동탄/용인,11,"7,17,27,37,47,57,67,77,87,97,107"
90,07:10,9,9,평택,12,"3,8,18,28,38,48,58,68,78,88,98,108"
91,07:11,1,1,서울역,11,"0,10,20,30,40,50,60,70,80,90,100"
91,07:11,10,10,인천공항,9,"29,39,49,59,69,79,89,99,109"
91,07:11,2,2,수서,11,"1,11,21,31,41,51,61,71,81,91,101"
91,07:11,3,3,삼성,12,"2,12,19,22,32,42,52,62,72,82,92,102"
91,07:11,4,4,여의도,11,"9,13,23,33,43,53,63,73,83,93,103"
91,07:11,5,5,김포공항,11,"4,14,24,34,44,54,64,74,84,94,104"
91,07:11,6,6,일산,10,"15,25,35,45,55,65,75,85,95,105"
91,07:11,7,7,판교,12,"5,6,16,26,36,46,56,66,76,86,96,106"
91,07:11,8,8,동탄/용인,11,"7,17,27,37,47,57,67,77,87,97,107"
91,07:11,9,9,평택,12,"3,8,18,28,38,48,58,68,78,88,98,108"
92,07:12,1,1,서울역,11,"0,10,20,30,40,50,60,70,80,90,100"
92,07:12,10,10,인천공항,9,"29,39,49,59,69,79,89,99,109"
92,07:12,2,2,수서,11,"1,11,21,31,41,51,61,71,81,91,101"
92,07:12,3,3,삼성,12,"2,12,19,22,32,42,52,62,72,82,92,102"
92,07:12,4,4,여의도,11,"9,13,23,33,43,53,63,73,83,93,103"
92,07:12,5,5,김포공항,11,"4,14,24,34,44,54,64,74,84,94,104"
92,07:12,6,6,일산,10,"15,25,35,45,55,65,75,85,95,105"
92,07:12,7,7,판교,12,"5,6,16,26,36,46,56,66,76,86,96,106"
92,07:12,8,8,동탄/용인,11,"7,17,27,37,47,57,67,77,87,97,107"
92,07:12,9,9,평택,12,"3,8,18,28,38,48,58,68,78,88,98,108"
93,07:13,1,1,서울역,11,"0,10,20,30,40,50,60,70,80,90,100"
93,07:13,10,10,인천공항,9,"29,39,49,59,69,79,89,99,109"
93,07:13,2,2,수서,11,"1,11,21,31,41,51,61,71,81,91,101"
93,07:13,3,3,삼성,12,"2,12,19,22,32,42,52,62,72,82,92,102"
93,07:13,4,4,여의도,11,"9,13,23,33,43,53,63,73,83,93,103"
93,07:13,5,5,김포공항,11,"4,14,24,34,44,54,64,74,84,94,104"
93,07:13,6,6,일산,10,"15,25,35,45,55,65,75,85,95,105"
93,07:13,7,7,판교,12,"5,6,16,26,36,46,56,66,76,86,96,106"
93,07:13,8,8,동탄/용인,11,"7,17,27,37,47,57,67,77,87,97,107"
93,07:13,9,9,평택,12,"3,8,18,28,38,48,58,68,78,88,98,108"
94,07:14,1,1,서울역,11,"0,10,20,30,40,50,60,70,80,90,100"
94,07:14,10,10,인천공항,9,"29,39,49,59,69,79,89,99,109"
94,07:14,2,2,수서,11,"1,11,21,31,41,51,61,71,81,91,101"
94,07:14,3,3,삼성,12,"2,12,19,22,32,42,52,62,72,82,92,102"
94,07:14,4,4,여의도,11,"9,13,23,33,43,53,63,73,83,93,103"
94,07:14,5,5,김포공항,11,"4,14,24,34,44,54,64,74,84,94,104"
94,07:14,6,6,일산,9,"15,25,35,55,65,75,85,95,105"
94,07:14,7,7,판교,12,"5,6,16,26,36,46,56,66,76,86,96,106"
94,07:14,8,8,동탄/용인,11,"7,17,27,37,47,57,67,77,87,97,107"
94,07:14,9,9,평택,12,"3,8,18,28,38,48,58,68,78,88,98,108"
95,07:15,1,1,서울역,11,"0,10,20,30,40,50,60,70,80,90,100"
95,07:15,10,10,인천공항,9,"29,39,49,59,69,79,89,99,109"
95,07:15,2,2,수서,11,"1,11,21,31,41,51,61,71,81,91,101"
95,07:15,3,3,삼성,12,"2,12,19,22,32,42,52,62,72,82,92,102"
95,07:15,4,4,여의도,11,"9,13,23,33,43,53,63,73,83,93,103"
95,07:15,5,5,김포공항,11,"4,14,24,34,44,54,64,74,84,94,104"
95,07:15,6,6,일산,9,"15,25,35,55,65,75,85,95,105"
95,07:15,7,7,판교,12,"5,6,16,26,36,46,56,66,76,86,96,106"
95,07:15,8,8,동탄/용인,11,"7,17,27,37,47,57,67,77,87,97,107"
95,07:15,9,9,평택,12,"3,8,18,28,38,48,58,68,78,88,98,108"
96,07:16,1,1,서울역,11,"0,10,20,30,40,50,60,70,80,90,100"
96,07:16,10,10,인천공항,9,"29,39,49,59,69,79,89,99,109"
96,07:16,2,2,수서,11,"1,11,21,31,41,51,61,71,81,91,101"
96,07:16,3,3,삼성,12,"2,12,19,22,32,42,52,62,72,82,92,102"
96,07:16,4,4,여의도,11,"9,13,23,33,43,53,63,73,83,93,103"
96,07:16,5,5,김포공항,11,"4,14,24,34,44,54,64,74,84,94,104"
96,07:16,6,6,일산,9,"15,25,35,55,65,75,85,95,105"
96,07:16,7,7,판교,12,"5,6,16,26,36,46,56,66,76,86,96,106"
96,07:16,8,8,동탄/용인,11,"7,17,27,37,47,57,67,77,87,97,107"
96,07:16,9,9,평택,12,"3,8,18,28,38,48,58,68,78,88,98,108"
97,07:17,1,1,서울역,11,"0,10,20,30,40,50,60,70,80,90,100"
97,07:17,10,10,인천공항,9,"29,39,49,59,69,79,89,99,109"
97,07:17,2,2,수서,10,"1,21,31,41,51,61,71,81,91,101"
97,07:17,3,3,삼성,12,"2,12,19,22,32,42,52,62,72,82,92,102"
97,07:17,4,4,여의도,11,"9,13,23,33,43,53,63,73,83,93,103"
97,07:17,5,5,김포공항,11,"4,14,24,34,44,54,64,74,84,94,104"
97,07:17,6,6,일산,9,"15,25,35,55,65,75,85,95,105"
97,07:17,7,7,판교,12,"5,6,16,26,36,46,56,66,76,86,96,106"
97,07:17,8,8,동탄/용인,11,"7,17,27,37,47,57,67,77,87,97,107"
97,07:17,9,9,평택,12,"3,8,18,28,38,48,58,68,78,88,98,108"
98,07:18,1,1,서울역,11,"0,10,20,30,40,50,60,70,80,90,100"
98,07:18,10,10,인천공항,9,"29,39,49,59,69,79,89,99,109"
98,07:18,2,2,수서,10,"1,21,31,41,51,61,71,81,91,101"
98,07:18,3,3,삼성,12,"2,12,19,22,32,42,52,62,72,82,92,102"
98,07:18,4,4,여의도,11,"9,13,23,33,43,53,63,73,83,93,103"
98,07:18,5,5,김포공항,11,"4,14,24,34,44,54,64,74,84,94,104"
98,07:18,6,6,일산,9,"15,25,35,55,65,75,85,95,105"
98,07:18,7,7,판교,12,"5,6,16,26,36,46,56,66,76,86,96,106"
98,07:18,8,8,동탄/용인,11,"7,17,27,37,47,57,67,77,87,97,107"
98,07:18,9,9,평택,12,"3,8,18,28,38,48,58,68,78,88,98,108"
99,07:19,1,1,서울역,11,"0,10,20,30,40,50,60,70,80,90,100"
99,07:19,10,10,인천공항,9,"29,39,49,59,69,79,89,99,109"
99,07:19,2,2,수서,10,"1,21,31,41,51,61,71,81,91,101"
99,07:19,3,3,삼성,12,"2,12,19,22,32,42,52,62,72,82,92,102"
99,07:19,4,4,여의도,11,"9,13,23,33,43,53,63,73,83,93,103"
99,07:19,5,5,김포공항,11,"4,14,24,34,44,54,64,74,84,94,104"
99,07:19,6,6,일산,9,"15,25,35,55,65,75,85,95,105"
99,07:19,7,7,판교,12,"5,6,16,26,36,46,56,66,76,86,96,106"
99,07:19,8,8,동탄/용인,11,"7,17,27,37,47,57,67,77,87,97,107"
99,07:19,9,9,평택,12,"3,8,18,28,38,48,58,68,78,88,98,108"
100,07:20,1,1,서울역,11,"0,10,20,30,40,50,60,70,80,90,100"
100,07:20,10,10,인천공항,9,"29,39,49,59,69,79,89,99,109"
100,07:20,2,2,수서,10,"1,21,31,41,51,61,71,81,91,101"
100,07:20,3,3,삼성,12,"2,12,19,22,32,42,52,62,72,82,92,102"
100,07:20,4,4,여의도,11,"9,13,23,33,43,53,63,73,83,93,103"
100,07:20,5,5,김포공항,11,"4,14,24,34,44,54,64,74,84,94,104"
100,07:20,6,6,일산,9,"15,25,35,55,65,75,85,95,105"
100,07:20,7,7,판교,12,"5,6,16,26,36,46,56,66,76,86,96,106"
100,07:20,8,8,동탄/용인,11,"7,17,27,37,47,57,67,77,87,97,107"
100,07:20,9,9,평택,12,"3,8,18,28,38,48,58,68,78,88,98,108"
101,07:21,1,1,서울역,11,"0,10,20,30,40,50,60,70,80,90,100"
101,07:21,10,10,인천공항,9,"29,39,49,59,69,79,89,99,109"
101,07:21,2,2,수서,10,"1,21,31,41,51,61,71,81,91,101"
101,07:21,3,3,삼성,12,"2,12,19,22,32,42,52,62,72,82,92,102"
101,07:21,4,4,여의도,11,"9,13,23,33,43,53,63,73,83,93,103"
101,07:21,5,5,김포공항,11,"4,14,24,34,44,54,64,74,84,94,104"
101,07:21,6,6,일산,9,"15,25,35,55,65,75,85,95,105"
101,07:21,7,7,판교,12,"5,6,16,26,36,46,56,66,76,86,96,106"
101,07:21,8,8,동탄/용인,11,"7,17,27,37,47,57,67,77,87,97,107"
101,07:21,9,9,평택,12,"3,8,18,28,38,48,58,68,78,88,98,108"
102,07:22,1,1,서울역,11,"0,10,20,30,40,50,60,70,80,90,100"
102,07:22,10,10,인천공항,9,"29,39,49,59,69,79,89,99,109"
102,07:22,2,2,수서,10,"1,21,31,41,51,61,71,81,91,101"
102,07:22,3,3,삼성,12,"2,12,19,22,32,42,52,62,72,82,92,102"
102,07:22,4,4,여의도,11,"9,13,23,33,43,53,63,73,83,93,103"
102,07:22,5,5,김포공항,11,"4,14,24,34,44,54,64,74,84,94,104"
102,07:22,6,6,일산,9,"15,25,35,55,65,75,85,95,105"
102,07:22,7,7,판교,12,"5,6,16,26,36,46,56,66,76,86,96,106"
102,07:22,8,8,동탄/용인,11,"7,17,27,37,47,57,67,77,87,97,107"
102,07:22,9,9,평택,12,"3,8,18,28,38,48,58,68,78,88,98,108"
103,07:23,1,1,서울역,11,"0,10,20,30,40,50,60,70,80,90,100"
103,07:23,10,10,인천공항,9,"29,39,49,59,69,79,89,99,109"
103,07:23,2,2,수서,10,"1,21,31,41,51,61,71,81,91,101"
103,07:23,3,3,삼성,12,"2,12,19,22,32,42,52,62,72,82,92,102"
103,07:23,4,4,여의도,12,"9,11,13,23,33,43,53,63,73,83,93,103"
103,07:23,5,5,김포공항,11,"4,14,24,34,44,54,64,74,84,94,104"
103,07:23,6,6,일산,8,"15,35,55,65,75,85,95,105"
103,07:23,7,7,판교,12,"5,6,16,26,36,46,56,66,76,86,96,106"
103,07:23,8,8,동탄/용인,11,"7,17,27,37,47,57,67,77,87,97,107"
103,07:23,9,9,평택,12,"3,8,18,28,38,48,58,68,78,88,98,108"
104,07:24,1,1,서울역,11,"0,10,20,30,40,50,60,70,80,90,100"
104,07:24,10,10,인천공항,9,"29,39,49,59,69,79,89,99,109"
104,07:24,2,2,수서,9,"1,31,41,51,61,71,81,91,101"
104,07:24,3,3,삼성,13,"2,12,19,22,32,42,45,52,62,72,82,92,102"
104,07:24,4,4,여의도,12,"9,11,13,23,33,43,53,63,73,83,93,103"
104,07:24,5,5,김포공항,11,"4,14,24,34,44,54,64,74,84,94,104"
104,07:24,6,6,일산,8,"15,35,55,65,75,85,95,105"
104,07:24,7,7,판교,12,"5,6,16,26,36,46,56,66,76,86,96,106"
104,07:24,8,8,동탄/용인,11,"7,17,27,37,47,57,67,77,87,97,107"
104,07:24,9,9,평택,12,"3,8,18,28,38,48,58,68,78,88,98,108"
105,07:25,1,1,서울역,11,"0,10,20,30,40,50,60,70,80,90,100"
105,07:25,10,10,인천공항,9,"29,39,49,59,69,79,89,99,109"
105,07:25,2,2,수서,9,"1,31,41,51,61,71,81,91,101"
105,07:25,3,3,삼성,13,"2,12,19,22,32,42,45,52,62,72,82,92,102"
105,07:25,4,4,여의도,12,"9,11,13,23,33,43,53,63,73,83,93,103"
105,07:25,5,5,김포공항,11,"4,14,24,34,44,54,64,74,84,94,104"
105,07:25,6,6,일산,8,"15,35,55,65,75,85,95,105"
105,07:25,7,7,판교,12,"5,6,16,26,36,46,56,66,76,86,96,106"
105,07:25,8,8,동탄/용인,11,"7,17,27,37,47,57,67,77,87,97,107"
105,07:25,9,9,평택,12,"3,8,18,28,38,48,58,68,78,88,98,108"
106,07:26,1,1,서울역,11,"0,10,20,30,40,50,60,70,80,90,100"
106,07:26,10,10,인천공항,9,"29,39,49,59,69,79,89,99,109"
106,07:26,2,2,수서,9,"1,31,41,51,61,71,81,91,101"
106,07:26,3,3,삼성,13,"2,12,19,22,32,42,45,52,62,72,82,92,102"
106,07:26,4,4,여의도,12,"9,11,13,23,33,43,53,63,73,83,93,103"
106,07:26,5,5,김포공항,11,"4,14,24,34,44,54,64,74,84,94,104"
106,07:26,6,6,일산,8,"15,35,55,65,75,85,95,105"
106,07:26,7,7,판교,12,"5,6,16,26,36,46,56,66,76,86,96,106"
106,07:26,8,8,동탄/용인,9,"27,37,47,57,67,77,87,97,107"
106,07:26,9,9,평택,12,"3,8,18,28,38,48,58,68,78,88,98,108"
107,07:27,1,1,서울역,11,"0,10,20,30,40,50,60,70,80,90,100"
107,07:27,10,10,인천공항,9,"29,39,49,59,69,79,89,99,109"
107,07:27,2,2,수서,9,"1,31,41,51,61,71,81,91,101"
107,07:27,3,3,삼성,13,"2,12,19,22,32,42,45,52,62,72,82,92,102"
107,07:27,4,4,여의도,12,"9,11,13,23,33,43,53,63,73,83,93,103"
107,07:27,5,5,김포공항,11,"4,14,24,34,44,54,64,74,84,94,104"
107,07:27,6,6,일산,8,"15,35,55,65,75,85,95,105"
107,07:27,7,7,판교,12,"5,6,16,26,36,46,56,66,76,86,96,106"
107,07:27,8,8,동탄/용인,9,"27,37,47,57,67,77,87,97,107"
107,07:27,9,9,평택,12,"3,8,18,28,38,48,58,68,78,88,98,108"
108,07:28,1,1,서울역,11,"0,10,20,30,40,50,60,70,80,90,100"
108,07:28,10,10,인천공항,9,"29,39,49,59,69,79,89,99,109"
108,07:28,2,2,수서,9,"1,31,41,51,61,71,81,91,101"
108,07:28,3,3,삼성,13,"2,12,19,22,32,42,45,52,62,72,82,92,102"
108,07:28,4,4,여의도,12,"9,11,13,23,33,43,53,63,73,83,93,103"
108,07:28,5,5,김포공항,11,"4,14,24,34,44,54,64,74,84,94,104"
108,07:28,6,6,일산,8,"15,35,55,65,75,85,95,105"
108,07:28,7,7,판교,12,"5,6,16,26,36,46,56,66,76,86,96,106"
108,07:28,8,8,동탄/용인,9,"27,37,47,57,67,77,87,97,107"
108,07:28,9,9,평택,12,"3,8,18,28,38,48,58,68,78,88,98,108"
109,07:29,1,1,서울역,11,"0,10,20,30,40,50,60,70,80,90,100"
109,07:29,10,10,인천공항,9,"29,39,49,59,69,79,89,99,109"
109,07:29,2,2,수서,9,"1,31,41,51,61,71,81,91,101"
109,07:29,3,3,삼성,13,"2,12,19,22,32,42,45,52,62,72,82,92,102"
109,07:29,4,4,여의도,12,"9,11,13,23,33,43,53,63,73,83,93,103"
109,07:29,5,5,김포공항,11,"4,14,24,34,44,54,64,74,84,94,104"
109,07:29,6,6,일산,8,"15,35,55,65,75,85,95,105"
109,07:29,7,7,판교,12,"5,6,16,26,36,46,56,66,76,86,96,106"
109,07:29,8,8,동탄/용인,9,"27,37,47,57,67,77,87,97,107"
109,07:29,9,9,평택,12,"3,8,18,28,38,48,58,68,78,88,98,108"
110,07:30,1,1,서울역,12,"0,10,20,25,30,40,50,60,70,80,90,100"
110,07:30,10,10,인천공항,9,"29,39,49,59,69,79,89,99,109"
110,07:30,2,2,수서,9,"1,31,41,51,61,71,81,91,101"
110,07:30,3,3,삼성,13,"2,12,19,22,32,42,45,52,62,72,82,92,102"
110,07:30,4,4,여의도,13,"9,11,13,21,23,33,43,53,63,73,83,93,103"
110,07:30,5,5,김포공항,11,"4,14,24,34,44,54,64,74,84,94,104"
110,07:30,6,6,일산,8,"15,35,55,65,75,85,95,105"
110,07:30,7,7,판교,12,"5,6,16,26,36,46,56,66,76,86,96,106"
110,07:30,8,8,동탄/용인,9,"27,37,47,57,67,77,87,97,107"
110,07:30,9,9,평택,12,"3,8,18,28,38,48,58,68,78,88,98,108"
111,07:31,1,1,서울역,12,"0,10,20,25,30,40,50,60,70,80,90,100"
111,07:31,10,10,인천공항,9,"29,39,49,59,69,79,89,99,109"
111,07:31,2,2,수서,8,"31,41,51,61,71,81,91,101"
111,07:31,3,3,삼성,13,"2,12,19,22,32,42,45,52,62,72,82,92,102"
111,07:31,4,4,여의도,13,"9,11,13,21,23,33,43,53,63,73,83,93,103"
111,07:31,5,5,김포공항,11,"4,14,24,34,44,54,64,74,84,94,104"
111,07:31,6,6,일산,8,"15,35,55,65,75,85,95,105"
111,07:31,7,7,판교,12,"5,6,16,26,36,46,56,66,76,86,96,106"
111,07:31,8,8,동탄/용인,9,"27,37,47,57,67,77,87,97,107"
111,07:31,9,9,평택,12,"3,8,18,28,38,48,58,68,78,88,98,108"
112,07:32,1,1,서울역,12,"0,10,20,25,30,40,50,60,70,80,90,100"
112,07:32,10,10,인천공항,9,"29,39,49,59,69,79,89,99,109"
112,07:32,2,2,수서,8,"31,41,51,61,71,81,91,101"
112,07:32,3,3,삼성,13,"2,12,19,22,32,42,45,52,62,72,82,92,102"
112,07:32,4,4,여의도,13,"9,11,13,21,23,33,43,53,63,73,83,93,103"
112,07:32,5,5,김포공항,11,"4,14,24,34,44,54,64,74,84,94,104"
112,07:32,6,6,일산,8,"15,35,55,65,75,85,95,105"
112,07:32,7,7,판교,12,"5,6,16,26,36,46,56,66,76,86,96,106"
112,07:32,8,8,동탄/용인,9,"27,37,47,57,67,77,87,97,107"
112,07:32,9,9,평택,12,"3,8,18,28,38,48,58,68,78,88,98,108"
113,07:33,1,1,서울역,12,"0,10,20,25,30,40,50,60,70,80,90,100"
113,07:33,10,10,인천공항,9,"29,39,49,59,69,79,89,99,109"
113,07:33,2,2,수서,8,"31,41,51,61,71,81,91,101"
113,07:33,3,3,삼성,13,"2,12,19,22,32,42,45,52,62,72,82,92,102"
113,07:33,4,4,여의도,13,"9,11,13,21,23,33,43,53,63,73,83,93,103"
113,07:33,5,5,김포공항,11,"4,14,24,34,44,54,64,74,84,94,104"
113,07:33,6,6,일산,8,"15,35,55,65,75,85,95,105"
113,07:33,7,7,판교,12,"5,6,16,26,36,46,56,66,76,86,96,106"
113,07:33,8,8,동탄/용인,9,"27,37,47,57,67,77,87,97,107"
113,07:33,9,9,평택,12,"3,8,18,28,38,48,58,68,78,88,98,108"
114,07:34,1,1,서울역,12,"0,10,20,25,30,40,50,60,70,80,90,100"
114,07:34,10,10,인천공항,9,"29,39,49,59,69,79,89,99,109"
114,07:34,2,2,수서,8,"31,41,51,61,71,81,91,101"
114,07:34,3,3,삼성,13,"2,12,19,22,32,42,45,52,62,72,82,92,102"
114,07:34,4,4,여의도,13,"9,11,13,21,23,33,43,53,63,73,83,93,103"
114,07:34,5,5,김포공항,11,"4,14,24,34,44,54,64,74,84,94,104"
114,07:34,6,6,일산,8,"15,35,55,65,75,85,95,105"
114,07:34,7,7,판교,12,"5,6,16,26,36,46,56,66,76,86,96,106"
114,07:34,8,8,동탄/용인,9,"27,37,47,57,67,77,87,97,107"
114,07:34,9,9,평택,12,"3,8,18,28,38,48,58,68,78,88,98,108"
115,07:35,1,1,서울역,12,"0,10,20,25,30,40,50,60,70,80,90,100"
115,07:35,10,10,인천공항,9,"29,39,49,59,69,79,89,99,109"
115,07:35,2,2,수서,8,"31,41,51,61,71,81,91,101"
115,07:35,3,3,삼성,13,"2,12,19,22,32,42,45,52,62,72,82,92,102"
115,07:35,4,4,여의도,13,"9,11,13,21,23,33,43,53,63,73,83,93,103"
115,07:35,5,5,김포공항,11,"4,14,24,34,44,54,64,74,84,94,104"
115,07:35,6,6,일산,7,"15,55,65,75,85,95,105"
115,07:35,7,7,판교,12,"5,6,16,26,36,46,56,66,76,86,96,106"
115,07:35,8,8,동탄/용인,9,"27,37,47,57,67,77,87,97,107"
115,07:35,9,9,평택,12,"3,8,18,28,38,48,58,68,78,88,98,108"
116,07:36,1,1,서울역,12,"0,10,20,25,30,40,50,60,70,80,90,100"
116,07:36,10,10,인천공항,9,"29,39,49,59,69,79,89,99,109"
116,07:36,2,2,수서,10,"7,17,31,41,51,61,71,81,91,101"
116,07:36,3,3,삼성,13,"2,12,19,22,32,42,45,52,62,72,82,92,102"
116,07:36,4,4,여의도,13,"9,11,13,21,23,33,43,53,63,73,83,93,103"
116,07:36,5,5,김포공항,11,"4,14,24,34,44,54,64,74,84,94,104"
116,07:36,6,6,일산,7,"15,55,65,75,85,95,105"
116,07:36,7,7,판교,12,"5,6,16,26,36,46,56,66,76,86,96,106"
116,07:36,8,8,동탄/용인,9,"27,37,47,57,67,77,87,97,107"
116,07:36,9,9,평택,12,"3,8,18,28,38,48,58,68,78,88,98,108"
117,07:37,1,1,서울역,12,"0,10,20,25,30,40,50,60,70,80,90,100"
117,07:37,10,10,인천공항,9,"29,39,49,59,69,79,89,99,109"
117,07:37,2,2,수서,10,"7,17,31,41,51,61,71,81,91,101"
117,07:37,3,3,삼성,13,"2,12,19,22,32,42,45,52,62,72,82,92,102"
117,07:37,4,4,여의도,14,"1,9,11,13,21,23,33,43,53,63,73,83,93,103"
117,07:37,5,5,김포공항,11,"4,14,24,34,44,54,64,74,84,94,104"
117,07:37,6,6,일산,7,"15,55,65,75,85,95,105"
117,07:37,7,7,판교,12,"5,6,16,26,36,46,56,66,76,86,96,106"
117,07:37,8,8,동탄/용인,8,"37,47,57,67,77,87,97,107"
117,07:37,9,9,평택,12,"3,8,18,28,38,48,58,68,78,88,98,108"
118,07:38,1,1,서울역,12,"0,10,20,25,30,40,50,60,70,80,90,100"
118,07:38,10,10,인천공항,9,"29,39,49,59,69,79,89,99,109"
118,07:38,2,2,수서,10,"7,17,31,41,51,61,71,81,91,101"
118,07:38,3,3,삼성,13,"2,12,19,22,32,42,45,52,62,72,82,92,102"
118,07:38,4,4,여의도,14,"1,9,11,13,21,23,33,43,53,63,73,83,93,103"
118,07:38,5,5,김포공항,11,"4,14,24,34,44,54,64,74,84,94,104"
118,07:38,6,6,일산,7,"15,55,65,75,85,95,105"
118,07:38,7,7,판교,12,"5,6,16,26,36,46,56,66,76,86,96,106"
118,07:38,8,8,동탄/용인,8,"37,47,57,67,77,87,97,107"
118,07:38,9,9,평택,12,"3,8,18,28,38,48,58,68,78,88,98,108"
119,07:39,1,1,서울역,12,"0,10,20,25,30,40,50,60,70,80,90,100"
119,07:39,10,10,인천공항,9,"29,39,49,59,69,79,89,99,109"
119,07:39,2,2,수서,10,"7,17,31,41,51,61,71,81,91,101"
119,07:39,3,3,삼성,13,"2,12,19,22,32,42,45,52,62,72,82,92,102"
119,07:39,4,4,여의도,14,"1,9,11,13,21,23,33,43,53,63,73,83,93,103"
119,07:39,5,5,김포공항,11,"4,14,24,34,44,54,64,74,84,94,104"
119,07:39,6,6,일산,7,"15,55,65,75,85,95,105"
119,07:39,7,7,판교,12,"5,6,16,26,36,46,56,66,76,86,96,106"
119,07:39,8,8,동탄/용인,8,"37,47,57,67,77,87,97,107"
119,07:39,9,9,평택,12,"3,8,18,28,38,48,58,68,78,88,98,108"
120,07:40,1,1,서울역,12,"0,10,20,25,30,40,50,60,70,80,90,100"
120,07:40,10,10,인천공항,9,"29,39,49,59,69,79,89,99,109"
120,07:40,2,2,수서,10,"7,17,31,41,51,61,71,81,91,101"
120,07:40,3,3,삼성,13,"2,12,19,22,32,42,45,52,62,72,82,92,102"
120,07:40,4,4,여의도,14,"1,9,11,13,21,23,33,43,53,63,73,83,93,103"
120,07:40,5,5,김포공항,11,"4,14,24,34,44,54,64,74,84,94,104"
120,07:40,6,6,일산,7,"15,55,65,75,85,95,105"
120,07:40,7,7,판교,12,"5,6,16,26,36,46,56,66,76,86,96,106"
120,07:40,8,8,동탄/용인,8,"37,47,57,67,77,87,97,107"
120,07:40,9,9,평택,12,"3,8,18,28,38,48,58,68,78,88,98,108"
121,07:41,1,1,서울역,12,"0,10,20,25,30,40,50,60,70,80,90,100"
121,07:41,10,10,인천공항,9,"29,39,49,59,69,79,89,99,109"
121,07:41,2,2,수서,10,"7,17,31,41,51,61,71,81,91,101"
121,07:41,3,3,삼성,13,"2,12,19,22,32,42,45,52,62,72,82,92,102"
121,07:41,4,4,여의도,14,"1,9,11,13,21,23,33,43,53,63,73,83,93,103"
121,07:41,5,5,김포공항,11,"4,14,24,34,44,54,64,74,84,94,104"
121,07:41,6,6,일산,7,"15,55,65,75,85,95,105"
121,07:41,7,7,판교,12,"5,6,16,26,36,46,56,66,76,86,96,106"
121,07:41,8,8,동탄/용인,8,"37,47,57,67,77,87,97,107"
121,07:41,9,9,평택,12,"3,8,18,28,38,48,58,68,78,88,98,108"
122,07:42,1,1,서울역,13,"0,10,20,25,30,35,40,50,60,70,80,90,100"
122,07:42,10,10,인천공항,9,"29,39,49,59,69,79,89,99,109"
122,07:42,2,2,수서,10,"7,17,31,41,51,61,71,81,91,101"
122,07:42,3,3,삼성,13,"2,12,19,22,32,42,45,52,62,72,82,92,102"
122,07:42,4,4,여의도,14,"1,9,11,13,21,23,33,43,53,63,73,83,93,103"
122,07:42,5,5,김포공항,11,"4,14,24,34,44,54,64,74,84,94,104"
122,07:42,6,6,일산,7,"15,55,65,75,85,95,105"
122,07:42,7,7,판교,12,"5,6,16,26,36,46,56,66,76,86,96,106"
122,07:42,8,8,동탄/용인,8,"37,47,57,67,77,87,97,107"
122,07:42,9,9,평택,12,"3,8,18,28,38,48,58,68,78,88,98,108"
123,07:43,1,1,서울역,13,"0,10,20,25,30,35,40,50,60,70,80,90,100"
123,07:43,10,10,인천공항,9,"29,39,49,59,69,79,89,99,109"
123,07:43,2,2,수서,10,"7,17,31,41,51,61,71,81,91,101"
123,07:43,3,3,삼성,13,"2,12,19,22,32,42,45,52,62,72,82,92,102"
123,07:43,4,4,여의도,14,"1,9,11,13,21,23,33,43,53,63,73,83,93,103"
123,07:43,5,5,김포공항,11,"4,14,24,34,44,54,64,74,84,94,104"
123,07:43,6,6,일산,6,"15,55,65,85,95,105"
123,07:43,7,7,판교,12,"5,6,16,26,36,46,56,66,76,86,96,106"
123,07:43,8,8,동탄/용인,8,"37,47,57,67,77,87,97,107"
123,07:43,9,9,평택,12,"3,8,18,28,38,48,58,68,78,88,98,108"
124,07:44,1,1,서울역,13,"0,10,20,25,30,35,40,50,60,70,80,90,100"
124,07:44,10,10,인천공항,9,"29,39,49,59,69,79,89,99,109"
124,07:44,2,2,수서,10,"7,17,31,41,51,61,71,81,91,101"
124,07:44,3,3,삼성,13,"2,12,19,22,32,42,45,52,62,72,82,92,102"
124,07:44,4,4,여의도,14,"1,9,11,13,21,23,33,43,53,63,73,83,93,103"
124,07:44,5,5,김포공항,11,"4,14,24,34,44,54,64,74,84,94,104"
124,07:44,6,6,일산,6,"15,55,65,85,95,105"
124,07:44,7,7,판교,12,"5,6,16,26,36,46,56,66,76,86,96,106"
124,07:44,8,8,동탄/용인,8,"37,47,57,67,77,87,97,107"
124,07:44,9,9,평택,12,"3,8,18,28,38,48,58,68,78,88,98,108"
125,07:45,1,1,서울역,13,"0,10,20,25,30,35,40,50,60,70,80,90,100"
125,07:45,10,10,인천공항,9,"29,39,49,59,69,79,89,99,109"
125,07:45,2,2,수서,10,"7,17,31,41,51,61,71,81,91,101"
125,07:45,3,3,삼성,13,"2,12,19,22,32,42,45,52,62,72,82,92,102"
125,07:45,4,4,여의도,14,"1,9,11,13,21,23,33,43,53,63,73,83,93,103"
125,07:45,5,5,김포공항,11,"4,14,24,34,44,54,64,74,84,94,104"
125,07:45,6,6,일산,6,"15,55,65,85,95,105"
125,07:45,7,7,판교,12,"5,6,16,26,36,46,56,66,76,86,96,106"
125,07:45,8,8,동탄/용인,8,"37,47,57,67,77,87,97,107"
125,07:45,9,9,평택,12,"3,8,18,28,38,48,58,68,78,88,98,108"
126,07:46,1,1,서울역,13,"0,10,20,25,30,35,40,50,60,70,80,90,100"
126,07:46,10,10,인천공항,9,"29,39,49,59,69,79,89,99,109"
126,07:46,2,2,수서,10,"7,17,31,41,51,61,71,81,91,101"
126,07:46,3,3,삼성,12,"12,19,22,32,42,45,52,62,72,82,92,102"
126,07:46,4,4,여의도,14,"1,9,11,13,21,23,33,43,53,63,73,83,93,103"
126,07:46,5,5,김포공항,11,"4,14,24,34,44,54,64,74,84,94,104"
126,07:46,6,6,일산,6,"15,55,65,85,95,105"
126,07:46,7,7,판교,12,"5,6,16,26,36,46,56,66,76,86,96,106"
126,07:46,8,8,동탄/용인,8,"37,47,57,67,77,87,97,107"
126,07:46,9,9,평택,11,"8,18,28,38,48,58,68,78,88,98,108"
127,07:47,1,1,서울역,13,"0,10,20,25,30,35,40,50,60,70,80,90,100"
127,07:47,10,10,인천공항,9,"29,39,49,59,69,79,89,99,109"
127,07:47,2,2,수서,11,"7,17,27,31,41,51,61,71,81,91,101"
127,07:47,3,3,삼성,12,"12,19,22,32,42,45,52,62,72,82,92,102"
127,07:47,4,4,여의도,14,"1,9,11,13,21,23,33,43,53,63,73,83,93,103"
127,07:47,5,5,김포공항,11,"4,14,24,34,44,54,64,74,84,94,104"
127,07:47,6,6,일산,6,"15,55,65,85,95,105"
127,07:47,7,7,판교,11,"5,6,26,36,46,56,66,76,86,96,106"
127,07:47,8,8,동탄/용인,8,"37,47,57,67,77,87,97,107"
127,07:47,9,9,평택,11,"8,18,28,38,48,58,68,78,88,98,108"
128,07:48,1,1,서울역,13,"0,10,20,25,30,35,40,50,60,70,80,90,100"
128,07:48,10,10,인천공항,9,"29,39,49,59,69,79,89,99,109"
128,07:48,2,2,수서,11,"7,17,27,31,41,51,61,71,81,91,101"
128,07:48,3,3,삼성,12,"12,19,22,32,42,45,52,62,72,82,92,102"
128,07:48,4,4,여의도,14,"1,9,11,13,21,23,33,43,53,63,73,83,93,103"
128,07:48,5,5,김포공항,11,"4,14,24,34,44,54,64,74,84,94,104"
128,07:48,6,6,일산,6,"15,55,65,85,95,105"
128,07:48,7,7,판교,11,"5,6,26,36,46,56,66,76,86,96,106"
128,07:48,8,8,동탄/용인,8,"37,47,57,67,77,87,97,107"
128,07:48,9,9,평택,11,"8,18,28,38,48,58,68,78,88,98,108"
129,07:49,1,1,서울역,13,"0,10,20,25,30,35,40,50,60,70,80,90,100"
129,07:49,10,10,인천공항,9,"29,39,49,59,69,79,89,99,109"
129,07:49,2,2,수서,11,"7,17,27,31,41,51,61,71,81,91,101"
129,07:49,3,3,삼성,12,"12,19,22,32,42,45,52,62,72,82,92,102"
129,07:49,4,4,여의도,14,"1,9,11,13,21,23,33,43,53,63,73,83,93,103"
129,07:49,5,5,김포공항,11,"4,14,24,34,44,54,64,74,84,94,104"
129,07:49,6,6,일산,5,"55,65,85,95,105"
129,07:49,7,7,판교,11,"5,6,26,36,46,56,66,76,86,96,106"
129,07:49,8,8,동탄/용인,8,"37,47,57,67,77,87,97,107"
129,07:49,9,9,평택,11,"8,18,28,38,48,58,68,78,88,98,108"
130,07:50,1,1,서울역,14,"0,10,20,25,30,35,40,50,60,70,75,80,90,100"
130,07:50,10,10,인천공항,9,"29,39,49,59,69,79,89,99,109"
130,07:50,2,2,수서,11,"7,17,27,31,41,51,61,71,81,91,101"
130,07:50,3,3,삼성,12,"12,19,22,32,42,45,52,62,72,82,92,102"
130,07:50,4,4,여의도,14,"1,9,11,13,21,23,33,43,53,63,73,83,93,103"
130,07:50,5,5,김포공항,11,"4,14,24,34,44,54,64,74,84,94,104"
130,07:50,6,6,일산,5,"55,65,85,95,105"
130,07:50,7,7,판교,11,"5,6,26,36,46,56,66,76,86,96,106"
130,07:50,8,8,동탄/용인,8,"37,47,57,67,77,87,97,107"
130,07:50,9,9,평택,11,"8,18,28,38,48,58,68,78,88,98,108"
131,07:51,1,1,서울역,14,"0,10,20,25,30,35,40,50,60,70,75,80,90,100"
131,07:51,10,10,인천공항,9,"29,39,49,59,69,79,89,99,109"
131,07:51,2,2,수서,11,"7,17,27,31,41,51,61,71,81,91,101"
131,07:51,3,3,삼성,12,"12,19,22,32,42,45,52,62,72,82,92,102"
131,07:51,4,4,여의도,14,"1,9,11,13,21,23,33,43,53,63,73,83,93,103"
131,07:51,5,5,김포공항,11,"4,14,24,34,44,54,64,74,84,94,104"
131,07:51,6,6,일산,5,"55,65,85,95,105"
131,07:51,7,7,판교,10,"5,26,36,46,56,66,76,86,96,106"
131,07:51,8,8,동탄/용인,8,"37,47,57,67,77,87,97,107"
131,07:51,9,9,평택,11,"8,18,28,38,48,58,68,78,88,98,108"
132,07:52,1,1,서울역,14,"0,10,20,25,30,35,40,50,60,70,75,80,90,100"
132,07:52,10,10,인천공항,9,"29,39,49,59,69,79,89,99,109"
132,07:52,2,2,수서,10,"17,27,31,41,51,61,71,81,91,101"
132,07:52,3,3,삼성,12,"12,19,22,32,42,45,52,62,72,82,92,102"
132,07:52,4,4,여의도,14,"1,9,11,13,21,23,33,43,53,63,73,83,93,103"
132,07:52,5,5,김포공항,11,"4,14,24,34,44,54,64,74,84,94,104"
132,07:52,6,6,일산,5,"55,65,85,95,105"
132,07:52,7,7,판교,9,"26,36,46,56,66,76,86,96,106"
132,07:52,8,8,동탄/용인,8,"37,47,57,67,77,87,97,107"
132,07:52,9,9,평택,11,"8,18,28,38,48,58,68,78,88,98,108"
133,07:53,1,1,서울역,14,"0,10,20,25,30,35,40,50,60,70,75,80,90,100"
133,07:53,10,10,인천공항,9,"29,39,49,59,69,79,89,99,109"
133,07:53,2,2,수서,10,"17,27,31,41,51,61,71,81,91,101"
133,07:53,3,3,삼성,12,"12,19,22,32,42,45,52,62,72,82,92,102"
133,07:53,4,4,여의도,14,"1,9,11,13,21,23,33,43,53,63,73,83,93,103"
133,07:53,5,5,김포공항,11,"4,14,24,34,44,54,64,74,84,94,104"
133,07:53,6,6,일산,5,"55,65,85,95,105"
133,07:53,7,7,판교,9,"26,36,46,56,66,76,86,96,106"
133,07:53,8,8,동탄/용인,8,"37,47,57,67,77,87,97,107"
133,07:53,9,9,평택,11,"8,18,28,38,48,58,68,78,88,98,108"
134,07:54,1,1,서울역,14,"0,10,20,25,30,35,40,50,60,70,75,80,90,100"
134,07:54,10,10,인천공항,9,"29,39,49,59,69,79,89,99,109"
134,07:54,2,2,수서,10,"17,27,31,41,51,61,71,81,91,101"
134,07:54,3,3,삼성,12,"12,19,22,32,42,45,52,62,72,82,92,102"
134,07:54,4,4,여의도,15,"1,9,11,13,16,21,23,33,43,53,63,73,83,93,103"
134,07:54,5,5,김포공항,11,"4,14,24,34,44,54,64,74,84,94,104"
134,07:54,6,6,일산,5,"55,65,85,95,105"
134,07:54,7,7,판교,9,"26,36,46,56,66,76,86,96,106"
134,07:54,8,8,동탄/용인,8,"37,47,57,67,77,87,97,107"
134,07:54,9,9,평택,11,"8,18,28,38,48,58,68,78,88,98,108"
135,07:55,1,1,서울역,14,"0,10,20,25,30,35,40,50,60,70,75,80,90,100"
135,07:55,10,10,인천공항,9,"29,39,49,59,69,79,89,99,109"
135,07:55,2,2,수서,10,"17,27,31,41,51,61,71,81,91,101"
135,07:55,3,3,삼성,12,"12,19,22,32,42,45,52,62,72,82,92,102"
135,07:55,4,4,여의도,15,"1,9,11,13,16,21,23,33,43,53,63,73,83,93,103"
135,07:55,5,5,김포공항,11,"4,14,24,34,44,54,64,74,84,94,104"
135,07:55,6,6,일산,5,"55,65,85,95,105"
135,07:55,7,7,판교,9,"26,36,46,56,66,76,86,96,106"
135,07:55,8,8,동탄/용인,7,"37,57,67,77,87,97,107"
135,07:55,9,9,평택,11,"8,18,28,38,48,58,68,78,88,98,108"
136,07:56,1,1,서울역,15,"0,10,15,20,25,30,35,40,50,60,70,75,80,90,100"
136,07:56,10,10,인천공항,9,"29,39,49,59,69,79,89,99,109"
136,07:56,2,2,수서,10,"17,27,31,41,51,61,71,81,91,101"
136,07:56,3,3,삼성,12,"12,19,22,32,42,45,52,62,72,82,92,102"
136,07:56,4,4,여의도,15,"1,9,11,13,16,21,23,33,43,53,63,73,83,93,103"
136,07:56,5,5,김포공항,11,"4,14,24,34,44,54,64,74,84,94,104"
136,07:56,6,6,일산,5,"55,65,85,95,105"
136,07:56,7,7,판교,9,"26,36,46,56,66,76,86,96,106"
136,07:56,8,8,동탄/용인,8,"2,37,57,67,77,87,97,107"
136,07:56,9,9,평택,11,"8,18,28,38,48,58,68,78,88,98,108"
137,07:57,1,1,서울역,15,"0,10,15,20,25,30,35,40,50,60,70,75,80,90,100"
137,07:57,10,10,인천공항,9,"29,39,49,59,69,79,89,99,109"
137,07:57,2,2,수서,10,"17,27,31,41,51,61,71,81,91,101"
137,07:57,3,3,삼성,12,"12,19,22,32,42,45,52,62,72,82,92,102"
137,07:57,4,4,여의도,15,"1,9,11,13,16,21,23,33,43,53,63,73,83,93,103"
137,07:57,5,5,김포공항,11,"4,14,24,34,44,54,64,74,84,94,104"
137,07:57,6,6,일산,5,"55,65,85,95,105"
137,07:57,7,7,판교,9,"26,36,46,56,66,76,86,96,106"
137,07:57,8,8,동탄/용인,8,"2,37,57,67,77,87,97,107"
137,07:57,9,9,평택,11,"8,18,28,38,48,58,68,78,88,98,108"
138,07:58,1,1,서울역,15,"0,10,15,20,25,30,35,40,50,60,70,75,80,90,100"
138,07:58,10,10,인천공항,9,"29,39,49,59,69,79,89,99,109"
138,07:58,2,2,수서,10,"17,27,31,41,51,61,71,81,91,101"
138,07:58,3,3,삼성,12,"12,19,22,32,42,45,52,62,72,82,92,102"
138,07:58,4,4,여의도,17,"1,6,7,9,11,13,16,21,23,33,43,53,63,73,83,93,103"
138,07:58,5,5,김포공항,11,"4,14,24,34,44,54,64,74,84,94,104"
138,07:58,6,6,일산,5,"55,65,85,95,105"
138,07:58,7,7,판교,9,"26,36,46,56,66,76,86,96,106"
138,07:58,8,8,동탄/용인,8,"2,37,57,67,77,87,97,107"
138,07:58,9,9,평택,11,"8,18,28,38,48,58,68,78,88,98,108"
139,07:59,1,1,서울역,15,"0,10,15,20,25,30,35,40,50,60,70,75,80,90,100"
139,07:59,10,10,인천공항,9,"29,39,49,59,69,79,89,99,109"
139,07:59,2,2,수서,10,"17,27,31,41,51,61,71,81,91,101"
139,07:59,3,3,삼성,12,"12,19,22,32,42,45,52,62,72,82,92,102"
139,07:59,4,4,여의도,18,"1,5,6,7,9,11,13,16,21,23,33,43,53,63,73,83,93,103"
139,07:59,5,5,김포공항,11,"4,14,24,34,44,54,64,74,84,94,104"
139,07:59,6,6,일산,5,"55,65,85,95,105"
139,07:59,7,7,판교,9,"26,36,46,56,66,76,86,96,106"
139,07:59,8,8,동탄/용인,8,"2,37,57,67,77,87,97,107"
139,07:59,9,9,평택,11,"8,18,28,38,48,58,68,78,88,98,108"
140,08:00,1,1,서울역,15,"0,10,15,20,25,30,35,40,50,60,70,75,80,90,100"
140,08:00,10,10,인천공항,9,"29,39,49,59,69,79,89,99,109"
140,08:00,2,2,수서,10,"17,27,31,41,51,61,71,81,91,101"
140,08:00,3,3,삼성,12,"12,19,22,32,42,45,52,62,72,82,92,102"
140,08:00,4,4,여의도,18,"1,5,6,7,9,11,13,16,21,23,33,43,53,63,73,83,93,103"
140,08:00,5,5,김포공항,11,"4,14,24,34,44,54,64,74,84,94,104"
140,08:00,6,6,일산,5,"55,65,85,95,105"
140,08:00,7,7,판교,9,"26,36,46,56,66,76,86,96,106"
140,08:00,8,8,동탄/용인,8,"2,37,57,67,77,87,97,107"
140,08:00,9,9,평택,11,"8,18,28,38,48,58,68,78,88,98,108"
141,08:01,1,1,서울역,15,"0,10,15,20,25,30,35,40,50,60,70,75,80,90,100"
141,08:01,10,10,인천공항,9,"29,39,49,59,69,79,89,99,109"
141,08:01,2,2,수서,10,"17,27,31,41,51,61,71,81,91,101"
141,08:01,3,3,삼성,12,"12,19,22,32,42,45,52,62,72,82,92,102"
141,08:01,4,4,여의도,18,"1,5,6,7,9,11,13,16,21,23,33,43,53,63,73,83,93,103"
141,08:01,5,5,김포공항,11,"4,14,24,34,44,54,64,74,84,94,104"
141,08:01,6,6,일산,5,"55,65,85,95,105"
141,08:01,7,7,판교,9,"26,36,46,56,66,76,86,96,106"
141,08:01,8,8,동탄/용인,8,"2,37,57,67,77,87,97,107"
141,08:01,9,9,평택,11,"8,18,28,38,48,58,68,78,88,98,108"
142,08:02,1,1,서울역,15,"0,10,15,20,25,30,35,40,50,60,70,75,80,90,100"
142,08:02,10,10,인천공항,9,"29,39,49,59,69,79,89,99,109"
142,08:02,2,2,수서,10,"17,27,31,41,51,61,71,81,91,101"
142,08:02,3,3,삼성,12,"12,19,22,32,42,45,52,62,72,82,92,102"
142,08:02,4,4,여의도,17,"1,6,7,9,11,13,16,21,23,33,43,53,63,73,83,93,103"
142,08:02,5,5,김포공항,11,"4,14,24,34,44,54,64,74,84,94,104"
142,08:02,6,6,일산,5,"55,65,85,95,105"
142,08:02,7,7,판교,9,"26,36,46,56,66,76,86,96,106"
142,08:02,8,8,동탄/용인,8,"2,37,57,67,77,87,97,107"
142,08:02,9,9,평택,11,"8,18,28,38,48,58,68,78,88,98,108"
143,08:03,1,1,서울역,15,"0,10,15,20,25,30,35,40,50,60,70,75,80,90,100"
143,08:03,10,10,인천공항,9,"29,39,49,59,69,79,89,99,109"
143,08:03,2,2,수서,10,"17,27,31,41,51,61,71,81,91,101"
143,08:03,3,3,삼성,12,"12,19,22,32,42,45,52,62,72,82,92,102"
143,08:03,4,4,여의도,17,"1,6,7,9,11,13,16,21,23,33,43,53,63,73,83,93,103"
143,08:03,5,5,김포공항,11,"4,14,24,34,44,54,64,74,84,94,104"
143,08:03,6,6,일산,5,"55,65,85,95,105"
143,08:03,7,7,판교,9,"26,36,46,56,66,76,86,96,106"
143,08:03,8,8,동탄/용인,8,"2,37,57,67,77,87,97,107"
143,08:03,9,9,평택,11,"8,18,28,38,48,58,68,78,88,98,108"
144,08:04,1,1,서울역,15,"0,10,15,20,25,30,35,40,50,60,70,75,80,90,100"
144,08:04,10,10,인천공항,9,"29,39,49,59,69,79,89,99,109"
144,08:04,2,2,수서,10,"17,27,31,41,51,61,71,81,91,101"
144,08:04,3,3,삼성,12,"12,19,22,32,42,45,52,62,72,82,92,102"
144,08:04,4,4,여의도,17,"1,6,7,9,11,13,16,21,23,33,43,53,63,73,83,93,103"
144,08:04,5,5,김포공항,11,"4,14,24,34,44,54,64,74,84,94,104"
144,08:04,6,6,일산,5,"55,65,85,95,105"
144,08:04,7,7,판교,9,"26,36,46,56,66,76,86,96,106"
144,08:04,8,8,동탄/용인,8,"2,37,57,67,77,87,97,107"
144,08:04,9,9,평택,11,"8,18,28,38,48,58,68,78,88,98,108"
145,08:05,1,1,서울역,15,"0,10,15,20,25,30,35,40,50,60,70,75,80,90,100"
145,08:05,10,10,인천공항,9,"29,39,49,59,69,79,89,99,109"
145,08:05,2,2,수서,11,"17,27,31,41,47,51,61,71,81,91,101"
145,08:05,3,3,삼성,12,"12,19,22,32,42,45,52,62,72,82,92,102"
145,08:05,4,4,여의도,17,"1,6,7,9,11,13,16,21,23,33,43,53,63,73,83,93,103"
145,08:05,5,5,김포공항,11,"4,14,24,34,44,54,64,74,84,94,104"
145,08:05,6,6,일산,5,"55,65,85,95,105"
145,08:05,7,7,판교,9,"26,36,46,56,66,76,86,96,106"
145,08:05,8,8,동탄/용인,8,"2,37,57,67,77,87,97,107"
145,08:05,9,9,평택,11,"8,18,28,38,48,58,68,78,88,98,108"
146,08:06,1,1,서울역,16,"0,5,10,15,20,25,30,35,40,50,60,70,75,80,90,100"
146,08:06,10,10,인천공항,9,"29,39,49,59,69,79,89,99,109"
146,08:06,2,2,수서,11,"17,27,31,41,47,51,61,71,81,91,101"
146,08:06,3,3,삼성,11,"12,19,22,32,42,45,52,62,82,92,102"
146,08:06,4,4,여의도,17,"1,6,7,9,11,13,16,21,23,33,43,53,63,73,83,93,103"
146,08:06,5,5,김포공항,11,"4,14,24,34,44,54,64,74,84,94,104"
146,08:06,6,6,일산,5,"3,55,65,85,105"
146,08:06,7,7,판교,9,"26,36,46,56,66,76,86,96,106"
146,08:06,8,8,동탄/용인,8,"2,37,57,67,77,87,97,107"
146,08:06,9,9,평택,11,"8,18,28,38,48,58,68,78,88,98,108"
147,08:07,1,1,서울역,16,"0,5,10,15,20,25,30,35,40,50,60,70,75,80,90,100"
147,08:07,10,10,인천공항,9,"29,39,49,59,69,79,89,99,109"
147,08:07,2,2,수서,10,"27,31,41,47,51,61,71,81,91,101"
147,08:07,3,3,삼성,11,"12,19,22,32,42,45,52,62,82,92,102"
147,08:07,4,4,여의도,17,"1,6,7,9,11,13,16,21,23,33,43,53,63,73,83,93,103"
147,08:07,5,5,김포공항,11,"4,14,24,34,44,54,64,74,84,94,104"
147,08:07,6,6,일산,5,"3,55,65,85,105"
147,08:07,7,7,판교,9,"26,36,46,56,66,76,86,96,106"
147,08:07,8,8,동탄/용인,8,"2,37,57,67,77,87,97,107"
147,08:07,9,9,평택,11,"8,18,28,38,48,58,68,78,88,98,108"
148,08:08,1,1,서울역,16,"0,5,10,15,20,25,30,35,40,50,60,70,75,80,90,100"
148,08:08,10,10,인천공항,9,"29,39,49,59,69,79,89,99,109"
148,08:08,2,2,수서,10,"27,31,41,47,51,61,71,81,91,101"
148,08:08,3,3,삼성,11,"12,19,22,32,42,45,52,62,82,92,102"
148,08:08,4,4,여의도,17,"1,6,7,9,11,13,16,21,23,33,43,53,63,73,83,93,103"
148,08:08,5,5,김포공항,11,"4,14,24,34,44,54,64,74,84,94,104"
148,08:08,6,6,일산,5,"3,55,65,85,105"
148,08:08,7,7,판교,9,"26,36,46,56,66,76,86,96,106"
148,08:08,8,8,동탄/용인,8,"2,37,57,67,77,87,97,107"
148,08:08,9,9,평택,11,"8,18,28,38,48,58,68,78,88,98,108"
149,08:09,1,1,서울역,16,"0,5,10,15,20,25,30,35,40,50,60,70,75,80,90,100"
149,08:09,10,10,인천공항,9,"29,39,49,59,69,79,89,99,109"
149,08:09,2,2,수서,11,"27,31,41,47,51,61,71,72,81,91,101"
149,08:09,3,3,삼성,11,"12,19,22,32,42,45,52,62,82,92,102"
149,08:09,4,4,여의도,17,"1,6,7,9,11,13,16,21,23,33,43,53,63,73,83,93,103"
149,08:09,5,5,김포공항,10,"14,24,34,44,54,64,74,84,94,104"
149,08:09,6,6,일산,5,"3,55,65,85,105"
149,08:09,7,7,판교,9,"26,36,46,56,66,76,86,96,106"
149,08:09,8,8,동탄/용인,8,"2,37,57,67,77,87,97,107"
149,08:09,9,9,평택,11,"8,18,28,38,48,58,68,78,88,98,108"
150,08:10,1,1,서울역,16,"0,5,10,15,20,25,30,35,40,50,60,70,75,80,90,100"
150,08:10,10,10,인천공항,9,"29,39,49,59,69,79,89,99,109"
150,08:10,2,2,수서,11,"27,31,41,47,51,61,71,72,81,91,101"
150,08:10,3,3,삼성,10,"19,22,32,42,45,52,62,82,92,102"
150,08:10,4,4,여의도,17,"1,6,7,9,11,13,16,21,23,33,43,53,63,73,83,93,103"
150,08:10,5,5,김포공항,10,"14,24,34,44,54,64,74,84,94,104"
150,08:10,6,6,일산,5,"3,55,65,85,105"
150,08:10,7,7,판교,8,"26,36,46,66,76,86,96,106"
150,08:10,8,8,동탄/용인,8,"2,37,57,67,77,87,97,107"
150,08:10,9,9,평택,11,"8,18,28,38,48,58,68,78,88,98,108"
151,08:11,1,1,서울역,16,"0,5,10,15,20,25,30,35,40,50,60,70,75,80,90,100"
151,08:11,10,10,인천공항,9,"29,39,49,59,69,79,89,99,109"
151,08:11,2,2,수서,10,"27,41,47,51,61,71,72,81,91,101"
151,08:11,3,3,삼성,10,"19,22,32,42,45,52,62,82,92,102"
151,08:11,4,4,여의도,17,"1,6,7,9,11,13,16,21,23,33,43,53,63,73,83,93,103"
151,08:11,5,5,김포공항,9,"14,24,44,54,64,74,84,94,104"
151,08:11,6,6,일산,4,"3,55,65,85"
151,08:11,7,7,판교,7,"26,36,46,66,86,96,106"
151,08:11,8,8,동탄/용인,8,"2,37,57,67,77,87,97,107"
151,08:11,9,9,평택,11,"8,18,28,38,48,58,68,78,88,98,108"
152,08:12,1,1,서울역,16,"0,5,10,15,20,25,30,35,40,50,60,70,75,80,90,100"
152,08:12,10,10,인천공항,9,"29,39,49,59,69,79,89,99,109"
152,08:12,2,2,수서,8,"41,47,51,61,71,81,91,101"
152,08:12,3,3,삼성,9,"19,22,32,42,45,52,62,82,102"
152,08:12,4,4,여의도,17,"1,6,7,9,11,13,16,21,23,33,43,53,63,73,83,93,103"
152,08:12,5,5,김포공항,9,"14,24,44,54,64,74,84,94,104"
152,08:12,6,6,일산,4,"3,55,65,85"
152,08:12,7,7,판교,7,"26,36,46,66,86,96,106"
152,08:12,8,8,동탄/용인,7,"2,37,57,77,87,97,107"
152,08:12,9,9,평택,11,"8,18,28,38,48,58,68,78,88,98,108"
153,08:13,1,1,서울역,17,"0,5,10,15,20,25,30,35,40,50,60,70,75,80,90,95,100"
153,08:13,10,10,인천공항,9,"29,39,49,59,69,79,89,99,109"
153,08:13,2,2,수서,8,"41,47,51,61,71,81,91,101"
153,08:13,3,3,삼성,9,"19,22,32,42,45,52,62,82,102"
153,08:13,4,4,여의도,18,"1,6,7,9,11,13,16,17,21,23,33,43,53,63,73,83,93,103"
153,08:13,5,5,김포공항,9,"14,24,44,54,64,74,84,94,104"
153,08:13,6,6,일산,3,"3,65,85"
153,08:13,7,7,판교,7,"26,36,46,66,86,96,106"
153,08:13,8,8,동탄/용인,7,"2,37,57,77,87,97,107"
153,08:13,9,9,평택,11,"8,18,28,38,48,58,68,78,88,98,108"
154,08:14,1,1,서울역,17,"0,5,10,15,20,25,30,35,40,50,60,70,75,80,90,95,100"
154,08:14,10,10,인천공항,9,"29,39,49,59,69,79,89,99,109"
154,08:14,2,2,수서,8,"41,47,51,61,71,81,91,101"
154,08:14,3,3,삼성,9,"22,31,32,42,45,52,62,82,102"
154,08:14,4,4,여의도,18,"1,6,7,9,11,13,16,17,21,23,33,43,53,63,73,83,93,103"
154,08:14,5,5,김포공항,9,"14,24,44,54,64,74,84,94,104"
154,08:14,6,6,일산,3,"3,65,85"
154,08:14,7,7,판교,7,"26,36,46,66,86,96,106"
154,08:14,8,8,동탄/용인,7,"2,37,57,77,87,97,107"
154,08:14,9,9,평택,11,"8,18,28,38,48,58,68,78,88,98,108"
155,08:15,1,1,서울역,17,"0,5,10,15,20,25,30,35,40,50,60,70,75,80,90,95,100"
155,08:15,10,10,인천공항,9,"29,39,49,59,69,79,89,99,109"
155,08:15,2,2,수서,8,"41,47,51,61,71,81,91,101"
155,08:15,3,3,삼성,9,"22,31,32,42,45,52,62,82,102"
155,08:15,4,4,여의도,18,"1,6,7,9,11,13,16,17,21,23,33,43,53,63,73,83,93,103"
155,08:15,5,5,김포공항,9,"14,24,44,54,64,74,84,94,104"
155,08:15,6,6,일산,3,"3,65,85"
155,08:15,7,7,판교,7,"26,36,46,66,86,96,106"
155,08:15,8,8,동탄/용인,7,"2,37,57,77,87,97,107"
155,08:15,9,9,평택,11,"8,18,28,38,48,58,68,78,88,98,108"
156,08:16,1,1,서울역,17,"0,5,10,15,20,25,30,35,40,50,60,70,75,80,90,95,100"
156,08:16,10,10,인천공항,9,"29,39,49,59,69,79,89,99,109"
156,08:16,2,2,수서,8,"41,47,51,61,71,81,91,101"
156,08:16,3,3,삼성,9,"22,31,32,42,45,52,62,82,102"
156,08:16,4,4,여의도,18,"1,6,7,9,11,13,16,17,21,23,33,43,53,63,73,83,93,103"
156,08:16,5,5,김포공항,8,"24,44,54,64,74,84,94,104"
156,08:16,6,6,일산,3,"3,65,85"
156,08:16,7,7,판교,7,"26,36,46,66,86,96,106"
156,08:16,8,8,동탄/용인,7,"2,37,57,77,87,97,107"
156,08:16,9,9,평택,11,"8,18,28,38,48,58,68,78,88,98,108"
157,08:17,1,1,서울역,18,"0,5,10,15,20,25,30,35,40,50,56,60,70,75,80,90,95,100"
157,08:17,10,10,인천공항,9,"29,39,49,59,69,79,89,99,109"
157,08:17,2,2,수서,8,"41,47,51,61,71,81,91,101"
157,08:17,3,3,삼성,9,"4,22,32,42,45,52,62,82,102"
157,08:17,4,4,여의도,19,"1,6,7,9,11,12,13,16,17,21,23,33,43,53,63,73,83,93,103"
157,08:17,5,5,김포공항,8,"24,44,54,64,74,84,94,104"
157,08:17,6,6,일산,3,"3,65,85"
157,08:17,7,7,판교,7,"26,36,46,66,86,96,106"
157,08:17,8,8,동탄/용인,7,"2,37,57,77,87,97,107"
157,08:17,9,9,평택,11,"8,18,28,38,48,58,68,78,88,98,108"
158,08:18,1,1,서울역,19,"0,5,10,15,20,25,30,35,40,50,56,60,70,75,80,90,95,100,105"
158,08:18,10,10,인천공항,9,"29,39,49,59,69,79,89,99,109"
158,08:18,2,2,수서,8,"41,47,51,61,71,81,91,101"
158,08:18,3,3,삼성,9,"4,22,32,42,45,52,62,82,102"
158,08:18,4,4,여의도,21,"1,6,7,9,11,12,13,16,17,21,23,27,33,43,53,63,73,76,83,93,103"
158,08:18,5,5,김포공항,8,"24,44,54,64,74,84,94,104"
158,08:18,6,6,일산,3,"3,65,85"
158,08:18,7,7,판교,6,"26,36,46,86,96,106"
158,08:18,8,8,동탄/용인,7,"2,37,57,77,87,97,107"
158,08:18,9,9,평택,11,"8,18,28,38,48,58,68,78,88,98,108"
159,08:19,1,1,서울역,19,"0,5,10,15,20,25,30,35,40,50,56,60,70,75,80,90,95,100,105"
159,08:19,10,10,인천공항,9,"29,39,49,59,69,79,89,99,109"
159,08:19,2,2,수서,8,"41,47,51,61,71,81,91,101"
159,08:19,3,3,삼성,9,"4,22,32,34,45,52,62,82,102"
159,08:19,4,4,여의도,21,"1,6,7,9,11,12,13,16,17,21,23,27,33,43,53,63,73,76,83,93,103"
159,08:19,5,5,김포공항,8,"24,44,54,64,74,84,94,104"
159,08:19,6,6,일산,2,"65,85"
159,08:19,7,7,판교,6,"26,36,46,86,96,106"
159,08:19,8,8,동탄/용인,7,"2,37,57,77,87,97,107"
159,08:19,9,9,평택,11,"8,18,28,38,48,58,68,78,88,98,108"
160,08:20,1,1,서울역,20,"5,10,15,19,20,25,30,35,40,50,55,56,60,70,75,80,90,95,100,105"
160,08:20,10,10,인천공항,9,"29,39,49,59,69,79,89,99,109"
160,08:20,2,2,수서,7,"41,51,61,71,81,91,101"
160,08:20,3,3,삼성,9,"4,22,32,34,45,52,62,82,102"
160,08:20,4,4,여의도,21,"1,6,7,9,11,12,13,16,17,21,23,27,33,43,53,63,73,76,83,93,103"
160,08:20,5,5,김포공항,8,"24,54,64,72,74,84,94,104"
160,08:20,6,6,일산,2,"65,85"
160,08:20,7,7,판교,6,"26,36,46,86,96,106"
160,08:20,8,8,동탄/용인,7,"2,37,57,77,87,97,107"
160,08:20,9,9,평택,11,"8,18,28,38,48,58,68,78,88,98,108"
161,08:21,1,1,서울역,20,"5,10,15,19,20,25,30,35,40,50,55,56,60,70,75,80,90,95,100,105"
161,08:21,10,10,인천공항,9,"29,39,49,59,69,79,89,99,109"
161,08:21,2,2,수서,7,"41,51,61,71,81,91,101"
161,08:21,3,3,삼성,9,"4,22,32,34,45,52,62,82,102"
161,08:21,4,4,여의도,21,"1,6,7,9,11,12,13,16,17,21,23,27,33,43,53,63,73,76,83,93,103"
161,08:21,5,5,김포공항,8,"24,54,64,72,74,84,94,104"
161,08:21,6,6,일산,2,"65,85"
161,08:21,7,7,판교,6,"26,36,46,86,96,106"
161,08:21,8,8,동탄/용인,7,"2,37,57,77,87,97,107"
161,08:21,9,9,평택,11,"8,18,28,38,48,58,68,78,88,98,108"
162,08:22,1,1,서울역,20,"5,10,15,19,20,25,30,35,40,50,55,56,60,70,75,80,90,95,100,105"
162,08:22,10,10,인천공항,9,"29,39,49,59,69,79,89,99,109"
162,08:22,2,2,수서,7,"41,51,61,71,81,91,101"
162,08:22,3,3,삼성,8,"4,22,32,34,52,62,82,102"
162,08:22,4,4,여의도,21,"1,6,7,9,11,12,13,16,17,21,23,27,33,43,53,63,73,76,83,93,103"
162,08:22,5,5,김포공항,8,"24,54,64,72,74,84,94,104"
162,08:22,6,6,일산,2,"65,85"
162,08:22,7,7,판교,6,"26,36,46,86,96,106"
162,08:22,8,8,동탄/용인,8,"2,37,57,77,87,92,97,107"
162,08:22,9,9,평택,11,"8,18,28,38,48,58,68,78,88,98,108"
163,08:23,1,1,서울역,20,"5,10,15,19,20,25,30,35,40,50,55,56,60,70,75,80,90,95,100,105"
163,08:23,10,10,인천공항,9,"29,39,49,59,69,79,89,99,109"
163,08:23,2,2,수서,7,"41,51,61,71,81,91,101"
163,08:23,3,3,삼성,8,"4,22,32,34,52,62,82,102"
163,08:23,4,4,여의도,22,"1,6,7,9,11,12,13,16,17,21,23,27,33,43,53,63,67,73,76,83,93,103"
163,08:23,5,5,김포공항,8,"24,54,64,72,74,84,94,104"
163,08:23,6,6,일산,1,65
163,08:23,7,7,판교,5,"26,46,86,96,106"
163,08:23,8,8,동탄/용인,8,"2,37,57,77,87,92,97,107"
163,08:23,9,9,평택,11,"8,18,28,38,48,58,68,78,88,98,108"
164,08:24,1,1,서울역,20,"5,10,15,19,20,25,30,35,40,50,55,56,60,70,75,80,90,95,100,105"
164,08:24,10,10,인천공항,9,"29,39,49,59,69,79,89,99,109"
164,08:24,2,2,수서,6,"41,51,61,71,91,101"
164,08:24,3,3,삼성,9,"4,14,22,32,34,52,62,82,102"
164,08:24,4,4,여의도,23,"1,6,7,9,11,12,13,16,17,21,23,27,31,33,43,53,63,67,73,76,83,93,103"
164,08:24,5,5,김포공항,8,"24,54,64,72,74,84,94,104"
164,08:24,6,6,일산,1,65
164,08:24,7,7,판교,5,"26,46,86,96,106"
164,08:24,8,8,동탄/용인,8,"2,37,57,77,87,92,97,107"
164,08:24,9,9,평택,11,"8,18,28,38,48,58,68,78,88,98,108"
165,08:25,1,1,서울역,21,"5,10,15,19,20,25,30,35,40,50,55,56,60,66,70,75,80,90,95,100,105"
165,08:25,10,10,인천공항,9,"29,39,49,59,69,79,89,99,109"
165,08:25,2,2,수서,6,"41,51,61,71,91,101"
165,08:25,3,3,삼성,9,"4,14,22,32,34,52,62,82,102"
165,08:25,4,4,여의도,23,"1,6,7,9,11,12,13,16,17,21,23,27,31,33,43,53,63,67,73,76,83,93,103"
165,08:25,5,5,김포공항,8,"24,54,64,72,74,84,94,104"
165,08:25,6,6,일산,1,65
165,08:25,7,7,판교,5,"26,46,86,96,106"
165,08:25,8,8,동탄/용인,8,"2,37,57,77,87,92,97,107"
165,08:25,9,9,평택,11,"8,18,28,38,48,58,68,78,88,98,108"
166,08:26,1,1,서울역,21,"5,10,15,19,20,25,30,35,40,50,55,56,60,66,70,75,80,90,95,100,105"
166,08:26,10,10,인천공항,9,"29,39,49,59,69,79,89,99,109"
166,08:26,2,2,수서,6,"41,51,61,71,91,101"
166,08:26,3,3,삼성,9,"4,14,22,32,34,52,62,82,102"
166,08:26,4,4,여의도,24,"1,6,7,9,11,12,13,16,17,21,23,27,31,33,42,43,53,63,67,73,76,83,93,103"
166,08:26,5,5,김포공항,8,"24,54,64,72,74,84,94,104"
166,08:26,6,6,일산,1,65
166,08:26,7,7,판교,4,"26,46,96,106"
166,08:26,8,8,동탄/용인,8,"2,37,57,77,87,92,97,107"
166,08:26,9,9,평택,11,"8,18,28,38,48,58,68,78,88,98,108"
167,08:27,1,1,서울역,22,"5,10,15,19,20,25,30,35,40,47,50,55,56,60,66,70,75,80,90,95,100,105"
167,08:27,10,10,인천공항,9,"29,39,49,59,69,79,89,99,109"
167,08:27,2,2,수서,6,"41,51,61,71,91,101"
167,08:27,3,3,삼성,6,"4,14,34,62,82,102"
167,08:27,4,4,여의도,24,"1,6,7,9,11,12,13,16,17,21,23,27,31,33,42,43,53,63,67,73,76,83,93,103"
167,08:27,5,5,김포공항,7,"24,54,64,72,84,94,104"
167,08:27,6,6,일산,2,"0,65"
167,08:27,7,7,판교,2,"46,106"
167,08:27,8,8,동탄/용인,8,"2,37,57,77,87,92,97,107"
167,08:27,9,9,평택,11,"8,18,28,38,48,58,68,78,88,98,108"
168,08:28,1,1,서울역,22,"5,10,15,19,20,25,30,35,40,47,50,55,56,60,66,70,75,80,90,95,100,105"
168,08:28,10,10,인천공항,9,"29,39,49,59,69,79,89,99,109"
168,08:28,2,2,수서,5,"41,51,61,91,101"
168,08:28,3,3,삼성,7,"4,14,34,44,62,82,102"
168,08:28,4,4,여의도,24,"1,6,7,9,11,12,13,16,17,21,23,27,31,33,42,43,53,63,67,73,76,83,93,103"
168,08:28,5,5,김포공항,7,"24,54,64,72,84,94,104"
168,08:28,6,6,일산,2,"0,65"
168,08:28,7,7,판교,2,"46,106"
168,08:28,8,8,동탄/용인,8,"2,37,57,77,87,92,97,107"
168,08:28,9,9,평택,10,"18,28,38,48,58,68,78,88,98,108"
169,08:29,1,1,서울역,22,"5,10,15,19,20,25,30,35,40,47,50,55,56,60,66,70,75,80,90,95,100,105"
169,08:29,10,10,인천공항,9,"29,39,49,59,69,79,89,99,109"
169,08:29,2,2,수서,5,"41,51,61,91,101"
169,08:29,3,3,삼성,7,"4,14,34,44,62,82,102"
169,08:29,4,4,여의도,25,"1,6,7,9,11,12,13,16,17,21,23,27,31,33,42,43,45,53,63,67,73,76,83,93,103"
169,08:29,5,5,김포공항,7,"24,54,64,72,84,94,104"
169,08:29,6,6,일산,2,"0,65"
169,08:29,7,7,판교,2,"46,106"
169,08:29,8,8,동탄/용인,8,"2,37,57,77,87,92,97,107"
169,08:29,9,9,평택,10,"18,28,38,48,58,68,78,88,98,108"
170,08:30,1,1,서울역,22,"5,10,15,19,20,25,30,35,40,47,50,55,56,60,66,70,75,80,90,95,100,105"
170,08:30,10,10,인천공항,9,"29,39,49,59,69,79,89,99,109"
170,08:30,2,2,수서,6,"32,41,51,61,91,101"
170,08:30,3,3,삼성,7,"4,14,34,44,62,82,102"
170,08:30,4,4,여의도,26,"1,6,7,9,11,12,13,16,17,21,23,27,31,33,36,42,43,45,53,63,67,73,76,83,93,103"
170,08:30,5,5,김포공항,6,"54,64,72,84,94,104"
170,08:30,6,6,일산,2,"0,65"
170,08:30,7,7,판교,3,"46,81,106"
170,08:30,8,8,동탄/용인,8,"2,37,57,77,87,92,97,107"
170,08:30,9,9,평택,10,"18,28,38,48,58,68,78,88,98,108"
171,08:31,1,1,서울역,22,"5,10,15,19,20,25,30,35,40,47,50,55,56,60,66,70,75,80,90,95,100,105"
171,08:31,10,10,인천공항,9,"29,39,49,59,69,79,89,99,109"
171,08:31,2,2,수서,6,"32,41,51,61,91,101"
171,08:31,3,3,삼성,7,"4,14,34,44,62,82,102"
171,08:31,4,4,여의도,26,"1,6,7,9,11,12,13,16,17,21,23,27,31,33,36,42,43,45,53,63,67,73,76,83,93,103"
171,08:31,5,5,김포공항,5,"54,72,84,94,104"
171,08:31,6,6,일산,2,"0,65"
171,08:31,7,7,판교,4,"3,46,81,106"
171,08:31,8,8,동탄/용인,8,"2,37,57,77,87,92,97,107"
171,08:31,9,9,평택,10,"18,28,38,48,58,68,78,88,98,108"
172,08:32,1,1,서울역,22,"5,10,15,19,20,25,30,35,40,47,50,55,56,60,66,70,75,80,90,95,100,105"
172,08:32,10,10,인천공항,9,"29,39,49,59,69,79,89,99,109"
172,08:32,2,2,수서,6,"32,41,51,61,91,101"
172,08:32,3,3,삼성,7,"4,14,34,44,62,82,102"
172,08:32,4,4,여의도,26,"1,6,7,9,11,12,13,16,17,21,23,27,31,33,36,42,43,45,53,63,67,73,76,83,93,103"
172,08:32,5,5,김포공항,5,"54,72,84,94,104"
172,08:32,6,6,일산,2,"0,65"
172,08:32,7,7,판교,2,"3,81"
172,08:32,8,8,동탄/용인,8,"2,37,57,77,87,92,97,107"
172,08:32,9,9,평택,10,"18,28,38,48,58,68,78,88,98,108"
173,08:33,1,1,서울역,24,"5,10,15,19,20,22,25,30,35,40,47,50,55,56,60,66,70,75,80,86,90,95,100,105"
173,08:33,10,10,인천공항,9,"29,39,49,59,69,79,89,99,109"
173,08:33,2,2,수서,5,"41,51,61,91,101"
173,08:33,3,3,삼성,7,"4,14,34,44,62,82,102"
173,08:33,4,4,여의도,26,"1,6,7,9,11,12,13,16,17,21,23,27,31,33,36,42,43,45,53,63,67,73,76,83,93,103"
173,08:33,5,5,김포공항,5,"54,72,84,94,104"
173,08:33,6,6,일산,1,65
173,08:33,7,7,판교,2,"3,81"
173,08:33,8,8,동탄/용인,8,"2,37,57,77,87,92,97,107"
173,08:33,9,9,평택,10,"18,28,38,48,58,68,78,88,98,108"
174,08:34,1,1,서울역,24,"5,10,15,19,20,22,25,30,35,40,47,50,55,56,60,66,70,75,80,86,90,95,100,105"
174,08:34,10,10,인천공항,9,"29,39,49,59,69,79,89,99,109"
174,08:34,2,2,수서,5,"41,51,61,91,101"
174,08:34,3,3,삼성,7,"4,14,34,44,62,82,102"
174,08:34,4,4,여의도,29,"1,6,7,9,11,12,13,16,17,21,23,26,27,31,33,36,42,43,45,52,53,63,67,73,76,83,93,96,103"
174,08:34,5,5,김포공항,5,"54,72,84,94,104"
174,08:34,6,6,일산,1,65
174,08:34,7,7,판교,2,"3,81"
174,08:34,8,8,동탄/용인,8,"2,37,57,77,87,92,97,107"
174,08:34,9,9,평택,10,"18,28,38,48,58,68,78,88,98,108"
175,08:35,1,1,서울역,25,"5,10,15,19,20,22,25,30,35,40,47,50,55,56,60,66,70,71,75,80,86,90,95,100,105"
175,08:35,10,10,인천공항,9,"29,39,49,59,69,79,89,99,109"
175,08:35,2,2,수서,6,"41,51,61,74,91,101"
175,08:35,3,3,삼성,7,"4,14,34,44,62,82,102"
175,08:35,4,4,여의도,29,"1,6,7,9,11,12,13,16,17,21,23,26,27,31,33,36,42,43,45,52,53,63,67,73,76,83,93,96,103"
175,08:35,5,5,김포공항,5,"54,72,84,94,104"
175,08:35,6,6,일산,1,65
175,08:35,7,7,판교,3,"3,81,85"
175,08:35,8,8,동탄/용인,8,"2,37,57,77,87,92,97,107"
175,08:35,9,9,평택,10,"18,28,38,48,58,68,78,88,98,108"
176,08:36,1,1,서울역,25,"5,10,15,19,20,22,25,30,35,40,47,50,55,56,60,66,70,71,75,80,86,90,95,100,105"
176,08:36,10,10,인천공항,9,"29,39,49,59,69,79,89,99,109"
176,08:36,2,2,수서,6,"41,51,61,74,91,101"
176,08:36,3,3,삼성,7,"4,14,34,44,62,82,102"
176,08:36,4,4,여의도,29,"1,6,7,9,11,12,13,16,17,21,23,26,27,31,33,36,42,43,45,52,53,63,67,73,76,83,93,96,103"
176,08:36,5,5,김포공항,5,"54,72,84,94,104"
176,08:36,6,6,일산,1,65
176,08:36,7,7,판교,2,"3,85"
176,08:36,8,8,동탄/용인,8,"2,37,57,77,87,92,97,107"
176,08:36,9,9,평택,10,"18,28,38,48,58,68,78,88,98,108"
177,08:37,1,1,서울역,25,"5,10,15,19,20,22,25,30,35,40,47,50,55,56,60,66,70,71,75,80,86,90,95,100,105"
177,08:37,10,10,인천공항,9,"29,39,49,59,69,79,89,99,109"
177,08:37,2,2,수서,6,"41,51,61,74,91,101"
177,08:37,3,3,삼성,7,"4,14,34,44,62,82,102"
177,08:37,4,4,여의도,29,"1,6,7,9,11,12,13,16,17,21,23,26,27,31,33,36,42,43,45,52,53,63,67,73,76,83,93,96,103"
177,08:37,5,5,김포공항,5,"54,72,84,94,104"
177,08:37,6,6,일산,1,65
177,08:37,7,7,판교,2,"3,85"
177,08:37,8,8,동탄/용인,8,"2,37,57,77,87,92,97,107"
177,08:37,9,9,평택,10,"18,28,38,48,58,68,78,88,98,108"
178,08:38,1,1,서울역,25,"5,10,15,19,20,22,25,30,35,40,47,50,55,56,60,66,70,71,75,80,86,90,95,100,105"
178,08:38,10,10,인천공항,9,"29,39,49,59,69,79,89,99,109"
178,08:38,2,2,수서,5,"51,61,74,91,101"
178,08:38,3,3,삼성,8,"4,14,24,34,44,62,82,102"
178,08:38,4,4,여의도,29,"1,6,7,9,11,12,13,16,17,21,23,26,27,31,33,36,42,43,45,52,53,63,67,73,76,83,93,96,103"
178,08:38,5,5,김포공항,5,"54,72,84,94,104"
178,08:38,6,6,일산,1,65
178,08:38,7,7,판교,2,"3,85"
178,08:38,8,8,동탄/용인,8,"2,37,57,77,87,92,97,107"
178,08:38,9,9,평택,10,"18,28,38,48,58,68,78,88,98,108"
179,08:39,1,1,서울역,26,"5,10,15,19,20,22,25,30,35,40,47,50,55,56,60,66,70,71,75,80,86,90,95,100,105,106"
179,08:39,10,10,인천공항,9,"29,39,49,59,69,79,89,99,109"
179,08:39,2,2,수서,5,"51,61,74,91,101"
179,08:39,3,3,삼성,8,"14,24,34,44,62,64,82,102"
179,08:39,4,4,여의도,30,"1,6,7,9,11,12,13,16,17,21,23,26,27,31,33,36,42,43,45,46,52,53,63,67,73,76,83,93,96,103"
179,08:39,5,5,김포공항,5,"54,72,84,94,104"
179,08:39,6,6,일산,1,65
179,08:39,7,7,판교,2,"3,85"
179,08:39,8,8,동탄/용인,8,"2,37,57,77,87,92,97,107"
179,08:39,9,9,평택,10,"18,28,38,48,58,68,78,88,98,108"
180,08:40,1,1,서울역,28,"0,5,10,15,19,20,22,25,30,32,35,40,47,50,55,56,60,66,70,71,75,80,86,90,95,100,105,106"
180,08:40,10,10,인천공항,9,"29,39,49,59,69,79,89,99,109"
180,08:40,2,2,수서,5,"51,61,74,91,101"
180,08:40,3,3,삼성,7,"24,34,44,62,64,82,102"
180,08:40,4,4,여의도,29,"6,7,9,11,12,13,16,17,21,23,26,27,31,33,36,42,43,45,46,52,53,63,67,73,76,83,93,96,103"
180,08:40,5,5,김포공항,4,"54,84,94,104"
180,08:40,6,6,일산,1,65
180,08:40,7,7,판교,3,"3,8,85"
180,08:40,8,8,동탄/용인,8,"2,37,57,77,87,92,97,107"
180,08:40,9,9,평택,10,"18,28,38,48,58,68,78,88,98,108"
181,08:41,1,1,서울역,28,"0,5,10,15,19,20,22,25,30,32,35,40,47,50,55,56,60,66,70,71,75,80,86,90,95,100,105,106"
181,08:41,10,10,인천공항,9,"29,39,49,59,69,79,89,99,109"
181,08:41,2,2,수서,5,"51,61,74,91,101"
181,08:41,3,3,삼성,7,"24,34,44,62,64,82,102"
181,08:41,4,4,여의도,29,"6,7,9,11,12,13,16,17,21,23,26,27,31,33,36,42,43,45,46,52,53,63,67,73,76,83,93,96,103"
181,08:41,5,5,김포공항,4,"54,84,94,104"
181,08:41,6,6,일산,1,65
181,08:41,7,7,판교,3,"3,8,85"
181,08:41,8,8,동탄/용인,8,"2,37,57,77,87,92,97,107"
181,08:41,9,9,평택,10,"18,28,38,48,58,68,78,88,98,108"
182,08:42,1,1,서울역,28,"0,5,10,15,19,20,22,25,30,32,35,40,47,50,55,56,60,66,70,71,75,80,86,90,95,100,105,106"
182,08:42,10,10,인천공항,9,"29,39,49,59,69,79,89,99,109"
182,08:42,2,2,수서,5,"51,61,74,91,101"
182,08:42,3,3,삼성,6,"24,34,44,62,64,102"
182,08:42,4,4,여의도,29,"6,7,9,11,12,13,16,17,21,23,26,27,31,33,36,42,43,45,46,52,53,63,67,73,76,83,93,96,103"
182,08:42,5,5,김포공항,4,"54,84,94,104"
182,08:42,6,6,일산,1,65
182,08:42,7,7,판교,3,"3,8,85"
182,08:42,8,8,동탄/용인,8,"2,37,57,77,87,92,97,107"
182,08:42,9,9,평택,10,"18,28,38,48,58,68,78,88,98,108"
183,08:43,1,1,서울역,27,"0,10,15,19,20,22,25,30,32,35,40,47,50,55,56,60,66,70,71,75,80,86,90,95,100,105,106"
183,08:43,10,10,인천공항,9,"29,39,49,59,69,79,89,99,109"
183,08:43,2,2,수서,5,"51,61,74,91,101"
183,08:43,3,3,삼성,6,"24,34,44,62,64,102"
183,08:43,4,4,여의도,30,"6,7,9,11,12,13,16,17,21,23,26,27,31,33,36,42,43,45,46,52,53,63,67,73,76,81,83,93,96,103"
183,08:43,5,5,김포공항,3,"54,94,104"
183,08:43,6,6,일산,1,65
183,08:43,7,7,판교,3,"3,8,85"
183,08:43,8,8,동탄/용인,7,"2,37,57,77,87,92,97"
183,08:43,9,9,평택,9,"18,28,38,48,68,78,88,98,108"
184,08:44,1,1,서울역,27,"0,10,15,19,20,22,25,30,32,35,40,47,50,55,56,60,66,70,71,75,80,86,90,95,100,105,106"
184,08:44,10,10,인천공항,9,"29,39,49,59,69,79,89,99,109"
184,08:44,2,2,수서,5,"51,61,74,91,101"
184,08:44,3,3,삼성,5,"24,44,62,64,102"
184,08:44,4,4,여의도,31,"6,7,9,11,12,13,16,17,21,23,26,27,31,33,36,41,42,43,45,46,52,53,63,67,73,76,81,83,93,96,103"
184,08:44,5,5,김포공항,2,"54,104"
184,08:44,6,6,일산,1,65
184,08:44,7,7,판교,3,"3,8,85"
184,08:44,8,8,동탄/용인,7,"2,37,57,77,87,92,97"
184,08:44,9,9,평택,9,"18,28,38,48,68,78,88,98,108"
185,08:45,1,1,서울역,28,"0,4,10,15,19,20,22,25,30,32,35,40,47,50,55,56,60,66,70,71,75,80,86,90,95,100,105,106"
185,08:45,10,10,인천공항,9,"29,39,49,59,69,79,89,99,109"
185,08:45,2,2,수서,5,"51,61,74,91,101"
185,08:45,3,3,삼성,5,"24,44,62,64,102"
185,08:45,4,4,여의도,31,"6,7,9,11,12,13,16,17,21,23,26,27,31,33,36,41,42,43,45,46,52,53,63,67,73,76,81,83,93,96,103"
185,08:45,5,5,김포공항,2,"54,104"
185,08:45,6,6,일산,1,65
185,08:45,7,7,판교,3,"3,8,85"
185,08:45,8,8,동탄/용인,7,"2,37,57,77,87,92,97"
185,08:45,9,9,평택,9,"18,28,38,48,68,78,88,98,108"
186,08:46,1,1,서울역,28,"0,4,10,15,19,20,22,25,30,32,35,40,47,50,55,56,60,66,70,71,75,80,86,90,95,100,105,106"
186,08:46,10,10,인천공항,9,"29,39,49,59,69,79,89,99,109"
186,08:46,2,2,수서,4,"61,74,91,101"
186,08:46,3,3,삼성,5,"24,44,62,64,102"
186,08:46,4,4,여의도,30,"6,7,9,11,12,13,16,17,21,23,26,27,31,33,36,41,42,43,45,46,52,53,63,67,73,76,83,93,96,103"
186,08:46,5,5,김포공항,2,"54,104"
186,08:46,7,7,판교,3,"3,8,85"
186,08:46,8,8,동탄/용인,7,"2,37,57,77,87,92,97"
186,08:46,9,9,평택,9,"18,28,38,48,68,78,88,98,108"
187,08:47,1,1,서울역,28,"0,4,10,15,19,20,22,25,30,32,35,40,47,50,55,56,60,66,70,71,75,80,86,90,95,100,105,106"
187,08:47,10,10,인천공항,9,"29,39,49,59,69,79,89,99,109"
187,08:47,2,2,수서,4,"61,74,91,101"
187,08:47,3,3,삼성,4,"24,44,62,64"
187,08:47,4,4,여의도,30,"7,9,11,12,13,14,16,17,21,23,26,27,31,33,36,41,42,43,45,46,52,53,63,67,73,76,83,93,96,103"
187,08:47,5,5,김포공항,2,"54,104"
187,08:47,6,6,일산,1,1
187,08:47,7,7,판교,3,"3,8,85"
187,08:47,8,8,동탄/용인,7,"2,37,57,77,87,92,97"
187,08:47,9,9,평택,9,"18,28,38,48,68,78,88,98,108"
188,08:48,1,1,서울역,27,"0,10,15,19,20,22,25,30,32,35,40,47,50,55,56,60,66,70,71,75,80,86,90,95,100,105,106"
188,08:48,10,10,인천공항,9,"29,39,49,59,69,79,89,99,109"
188,08:48,2,2,수서,4,"61,74,91,101"
188,08:48,3,3,삼성,5,"24,44,62,64,72"
188,08:48,4,4,여의도,30,"7,9,11,12,13,14,16,17,21,23,26,27,31,33,36,41,42,43,45,46,52,53,63,67,73,76,83,93,96,103"
188,08:48,5,5,김포공항,1,104
188,08:48,6,6,일산,1,1
188,08:48,7,7,판교,3,"3,8,85"
188,08:48,8,8,동탄/용인,6,"2,37,57,77,92,97"
188,08:48,9,9,평택,9,"18,28,38,48,68,78,88,98,108"
189,08:49,1,1,서울역,27,"0,10,15,19,20,22,25,30,32,35,40,47,50,55,56,60,66,70,71,75,80,86,90,95,100,105,106"
189,08:49,10,10,인천공항,9,"29,39,49,59,69,79,89,99,109"
189,08:49,2,2,수서,4,"61,74,91,101"
189,08:49,3,3,삼성,5,"24,44,62,64,72"
189,08:49,4,4,여의도,31,"7,9,11,12,13,14,16,17,21,23,26,27,31,33,36,41,42,43,45,46,52,53,63,67,73,76,82,83,93,96,103"
189,08:49,5,5,김포공항,1,104
189,08:49,6,6,일산,1,1
189,08:49,7,7,판교,3,"3,8,85"
189,08:49,8,8,동탄/용인,6,"2,37,57,77,92,97"
189,08:49,9,9,평택,9,"18,28,38,48,68,78,88,98,108"
190,08:50,1,1,서울역,29,"0,10,15,19,20,22,25,30,32,34,35,40,47,50,55,56,60,66,70,71,75,80,81,86,90,95,100,105,106"
190,08:50,10,10,인천공항,9,"29,39,49,59,69,79,89,99,109"
190,08:50,2,2,수서,4,"61,74,91,101"
190,08:50,3,3,삼성,5,"24,44,62,64,72"
190,08:50,4,4,여의도,31,"7,9,11,12,13,14,16,17,21,23,26,27,31,33,36,41,42,43,45,46,52,53,63,67,73,76,82,83,93,96,103"
190,08:50,5,5,김포공항,1,104
190,08:50,6,6,일산,2,"1,5"
190,08:50,7,7,판교,3,"3,8,85"
190,08:50,8,8,동탄/용인,6,"2,37,57,77,92,97"
190,08:50,9,9,평택,8,"28,38,48,68,78,88,98,108"
191,08:51,1,1,서울역,29,"0,10,15,19,20,22,25,30,32,34,35,40,47,50,55,56,60,66,70,71,75,80,81,86,90,95,100,105,106"
191,08:51,10,10,인천공항,9,"29,39,49,59,69,79,89,99,109"
191,08:51,2,2,수서,4,"61,74,91,101"
191,08:51,3,3,삼성,5,"24,44,64,72,84"
191,08:51,4,4,여의도,31,"7,9,11,12,13,14,16,17,21,23,26,27,31,33,36,41,42,43,45,46,52,53,63,67,73,76,82,83,93,96,103"
191,08:51,5,5,김포공항,1,104
191,08:51,6,6,일산,2,"1,5"
191,08:51,7,7,판교,3,"3,8,85"
191,08:51,8,8,동탄/용인,6,"2,37,57,77,92,97"
191,08:51,9,9,평택,8,"28,38,48,68,78,88,98,108"
192,08:52,1,1,서울역,29,"0,10,15,19,20,22,25,30,32,34,35,40,47,50,55,56,60,66,70,71,75,80,81,86,90,95,100,105,106"
192,08:52,10,10,인천공항,9,"29,39,49,59,69,79,89,99,109"
192,08:52,2,2,수서,4,"61,91,94,101"
192,08:52,3,3,삼성,5,"24,44,64,72,84"
192,08:52,4,4,여의도,33,"4,7,9,11,12,13,14,16,17,21,23,26,27,31,33,36,41,42,43,45,46,51,52,53,63,67,73,76,82,83,93,96,103"
192,08:52,5,5,김포공항,1,104
192,08:52,6,6,일산,2,"1,5"
192,08:52,7,7,판교,3,"3,8,85"
192,08:52,8,8,동탄/용인,6,"2,37,57,77,92,97"
192,08:52,9,9,평택,8,"28,38,48,68,78,88,98,108"
193,08:53,1,1,서울역,30,"0,10,15,19,20,22,25,30,32,34,35,40,47,50,55,56,60,65,66,70,71,75,80,81,86,90,95,100,105,106"
193,08:53,10,10,인천공항,9,"29,39,49,59,69,79,89,99,109"
193,08:53,2,2,수서,4,"61,91,94,101"
193,08:53,3,3,삼성,5,"24,44,64,72,84"
193,08:53,4,4,여의도,33,"4,7,9,11,12,13,14,16,17,21,23,26,27,31,33,36,41,42,43,45,46,51,52,53,63,67,73,76,82,83,93,96,103"
193,08:53,5,5,김포공항,1,6
193,08:53,6,6,일산,2,"1,5"
193,08:53,7,7,판교,3,"3,8,85"
193,08:53,8,8,동탄/용인,6,"2,37,57,77,92,97"
193,08:53,9,9,평택,8,"28,38,48,68,78,88,98,108"
194,08:54,1,1,서울역,30,"0,10,15,19,20,22,25,30,32,34,35,40,47,50,55,56,60,65,66,70,71,75,80,81,86,90,95,100,105,106"
194,08:54,10,10,인천공항,9,"29,39,49,59,69,79,89,99,109"
194,08:54,2,2,수서,4,"61,91,94,101"
194,08:54,3,3,삼성,5,"24,44,64,72,84"
194,08:54,4,4,여의도,34,"4,7,9,11,12,13,14,16,17,21,23,26,27,31,33,36,41,42,43,45,46,51,52,53,63,67,73,76,82,83,93,96,102,103"
194,08:54,5,5,김포공항,1,6
194,08:54,6,6,일산,1,5
194,08:54,7,7,판교,3,"3,8,85"
194,08:54,8,8,동탄/용인,6,"2,37,57,77,92,97"
194,08:54,9,9,평택,8,"28,38,48,68,78,88,98,108"
195,08:55,1,1,서울역,30,"0,10,15,19,20,22,25,30,32,34,35,40,47,50,55,56,60,65,66,70,71,75,80,81,86,90,95,100,105,106"
195,08:55,10,10,인천공항,9,"29,39,49,59,69,79,89,99,109"
195,08:55,2,2,수서,4,"61,91,94,101"
195,08:55,3,3,삼성,5,"24,44,64,72,84"
195,08:55,4,4,여의도,34,"4,7,9,11,12,13,14,16,17,21,23,26,27,31,33,36,41,42,43,45,46,51,52,53,63,67,73,76,82,83,93,96,102,103"
195,08:55,5,5,김포공항,1,6
195,08:55,6,6,일산,1,5
195,08:55,7,7,판교,3,"3,8,85"
195,08:55,8,8,동탄/용인,6,"2,37,57,77,92,97"
195,08:55,9,9,평택,8,"28,38,48,68,78,88,98,108"
196,08:56,1,1,서울역,30,"0,10,15,19,20,22,25,30,32,34,35,40,47,50,55,56,60,65,66,70,71,75,80,81,86,90,95,100,105,106"
196,08:56,10,10,인천공항,9,"29,39,49,59,69,79,89,99,109"
196,08:56,2,2,수서,4,"61,91,94,101"
196,08:56,3,3,삼성,6,"24,44,54,64,72,84"
196,08:56,4,4,여의도,34,"4,7,9,11,12,13,14,16,17,21,23,26,27,31,33,36,41,42,43,45,46,51,52,53,63,67,73,76,82,83,93,96,102,103"
196,08:56,5,5,김포공항,1,6
196,08:56,6,6,일산,1,5
196,08:56,7,7,판교,3,"3,8,85"
196,08:56,8,8,동탄/용인,6,"2,37,57,77,92,97"
196,08:56,9,9,평택,8,"28,38,48,68,78,88,98,108"
197,08:57,1,1,서울역,31,"0,10,15,19,20,22,25,30,32,34,35,40,47,50,55,56,60,62,65,66,70,71,75,80,81,86,90,95,100,105,106"
197,08:57,10,10,인천공항,9,"29,39,49,59,69,79,89,99,109"
197,08:57,2,2,수서,4,"61,91,94,101"
197,08:57,3,3,삼성,6,"24,44,54,64,72,84"
197,08:57,4,4,여의도,34,"4,7,9,11,12,13,14,16,17,21,23,26,27,31,33,36,41,42,43,45,46,51,52,53,63,67,73,76,82,83,93,96,102,103"
197,08:57,5,5,김포공항,2,"6,107"
197,08:57,7,7,판교,3,"3,8,85"
197,08:57,8,8,동탄/용인,5,"37,57,77,92,97"
197,08:57,9,9,평택,8,"28,38,48,68,78,88,98,108"
198,08:58,1,1,서울역,31,"0,10,15,19,20,22,25,30,32,34,35,40,47,50,55,56,60,62,65,66,70,71,75,80,81,86,90,95,100,105,106"
198,08:58,10,10,인천공항,9,"29,39,49,59,69,79,89,99,109"
198,08:58,2,2,수서,4,"61,91,94,101"
198,08:58,3,3,삼성,6,"24,44,54,64,72,84"
198,08:58,4,4,여의도,35,"4,7,9,11,12,13,14,16,17,21,23,26,27,31,33,36,41,42,43,45,46,51,52,53,63,67,73,74,76,82,83,93,96,102,103"
198,08:58,5,5,김포공항,2,"6,107"
198,08:58,7,7,판교,3,"3,8,85"
198,08:58,8,8,동탄/용인,5,"37,57,77,92,97"
198,08:58,9,9,평택,8,"28,38,48,68,78,88,98,108"
199,08:59,1,1,서울역,31,"0,10,15,19,20,22,25,30,32,34,35,40,47,50,55,56,60,62,65,66,70,71,75,80,81,86,90,95,100,105,106"
199,08:59,10,10,인천공항,9,"29,39,49,59,69,79,89,99,109"
199,08:59,2,2,수서,4,"61,91,94,101"
199,08:59,3,3,삼성,6,"24,44,54,64,72,84"
199,08:59,4,4,여의도,36,"4,7,9,11,12,13,14,16,17,21,23,26,27,31,33,36,41,42,43,45,46,51,52,53,63,67,73,74,76,82,83,87,93,96,102,103"
199,08:59,5,5,김포공항,1,107
199,08:59,7,7,판교,3,"3,8,85"
199,08:59,8,8,동탄/용인,5,"37,57,77,92,97"
199,08:59,9,9,평택,8,"28,38,48,68,78,88,98,108"
200,09:00,1,1,서울역,31,"0,10,15,19,20,22,25,30,32,34,35,40,47,50,55,56,60,62,65,66,70,71,75,80,81,86,90,95,100,105,106"
200,09:00,10,10,인천공항,9,"29,39,49,59,69,79,89,99,109"
200,09:00,2,2,수서,4,"61,91,94,101"
200,09:00,3,3,삼성,6,"24,44,54,64,72,84"
200,09:00,4,4,여의도,35,"4,7,9,12,13,14,16,17,21,23,26,27,31,33,36,41,42,43,45,46,51,52,53,63,67,73,74,76,82,83,87,93,96,102,103"
200,09:00,5,5,김포공항,1,107
200,09:00,7,7,판교,2,"8,85"
200,09:00,8,8,동탄/용인,5,"37,57,77,92,97"
200,09:00,9,9,평택,8,"28,38,48,68,78,88,98,108"
201,09:01,1,1,서울역,32,"0,1,10,15,19,20,22,25,30,32,34,35,40,47,50,55,56,60,62,65,66,70,71,75,80,81,86,90,95,100,105,106"
201,09:01,10,10,인천공항,9,"29,39,49,59,69,79,89,99,109"
201,09:01,2,2,수서,5,"61,91,94,101,104"
201,09:01,3,3,삼성,5,"24,44,54,64,84"
201,09:01,4,4,여의도,35,"4,7,9,12,13,14,16,17,21,23,26,27,31,33,36,41,42,43,45,46,51,52,53,63,67,73,74,76,82,83,87,93,96,102,103"
201,09:01,5,5,김포공항,1,107
201,09:01,7,7,판교,2,"8,85"
201,09:01,8,8,동탄/용인,4,"37,57,92,97"
201,09:01,9,9,평택,8,"28,38,48,68,78,88,98,108"
202,09:02,1,1,서울역,32,"0,1,10,15,19,20,22,25,30,32,34,35,40,47,50,55,56,60,62,65,66,70,71,75,80,81,86,90,95,100,105,106"
202,09:02,10,10,인천공항,9,"29,39,49,59,69,79,89,99,109"
202,09:02,2,2,수서,5,"61,91,94,101,104"
202,09:02,3,3,삼성,5,"24,44,54,64,84"
202,09:02,4,4,여의도,35,"4,7,9,12,13,14,16,17,21,23,26,27,31,33,36,41,42,43,45,46,51,52,53,63,67,73,74,76,82,83,87,93,96,102,103"
202,09:02,5,5,김포공항,1,107
202,09:02,7,7,판교,3,"8,18,85"
202,09:02,8,8,동탄/용인,4,"37,57,92,97"
202,09:02,9,9,평택,8,"28,38,48,68,78,88,98,108"
203,09:03,1,1,서울역,32,"0,1,10,15,19,20,22,25,30,32,34,35,40,47,50,55,56,60,62,65,66,70,71,75,80,81,86,90,95,100,105,106"
203,09:03,10,10,인천공항,9,"29,39,49,59,69,79,89,99,109"
203,09:03,2,2,수서,4,"61,94,101,104"
203,09:03,3,3,삼성,3,"24,54,64"
203,09:03,4,4,여의도,35,"4,7,9,12,13,14,16,17,21,23,26,27,31,33,36,41,42,43,45,46,51,52,53,63,67,73,74,76,82,83,87,93,96,102,103"
203,09:03,5,5,김포공항,1,107
203,09:03,6,6,일산,1,58
203,09:03,7,7,판교,3,"8,18,85"
203,09:03,8,8,동탄/용인,3,"37,57,92"
203,09:03,9,9,평택,8,"28,38,48,68,78,88,98,108"
204,09:04,1,1,서울역,33,"0,1,5,10,15,19,20,22,25,30,32,34,35,40,47,50,55,56,60,62,65,66,70,71,75,80,81,86,90,95,100,105,106"
204,09:04,10,10,인천공항,9,"29,39,49,59,69,79,89,99,109"
204,09:04,2,2,수서,3,"61,94,101"
204,09:04,3,3,삼성,3,"24,54,64"
204,09:04,4,4,여의도,35,"4,7,9,12,13,14,16,17,21,23,26,27,31,33,36,41,42,43,45,46,51,52,53,63,67,73,74,76,82,83,87,93,96,102,103"
204,09:04,5,5,김포공항,1,107
204,09:04,6,6,일산,1,58
204,09:04,7,7,판교,3,"8,18,85"
204,09:04,8,8,동탄/용인,3,"37,57,92"
204,09:04,9,9,평택,8,"28,38,48,68,78,88,98,108"
205,09:05,1,1,서울역,33,"0,1,5,10,15,19,20,22,25,30,32,34,35,40,47,50,55,56,60,62,65,66,70,71,75,80,81,86,90,95,100,105,106"
205,09:05,10,10,인천공항,9,"29,39,49,59,69,79,89,99,109"
205,09:05,2,2,수서,3,"61,94,101"
205,09:05,3,3,삼성,3,"24,54,64"
205,09:05,4,4,여의도,35,"4,7,9,12,13,14,16,17,21,23,26,27,31,33,36,41,42,43,45,46,51,52,53,63,67,73,74,76,82,83,87,93,96,102,103"
205,09:05,5,5,김포공항,1,107
205,09:05,6,6,일산,1,58
205,09:05,7,7,판교,3,"8,18,85"
205,09:05,8,8,동탄/용인,3,"37,57,92"
205,09:05,9,9,평택,8,"28,38,48,68,78,88,98,108"
206,09:06,1,1,서울역,33,"0,1,5,10,15,19,20,22,25,30,32,34,35,40,47,50,55,56,60,62,65,66,70,71,75,80,81,86,90,95,100,105,106"
206,09:06,10,10,인천공항,9,"29,39,49,59,69,79,89,99,109"
206,09:06,2,2,수서,3,"11,61,94"
206,09:06,3,3,삼성,4,"24,54,64,91"
206,09:06,4,4,여의도,35,"4,7,9,12,13,14,16,17,21,23,26,27,31,33,36,41,42,43,45,46,51,52,53,63,67,73,74,76,82,83,87,93,96,102,103"
206,09:06,6,6,일산,1,58
206,09:06,7,7,판교,3,"8,18,85"
206,09:06,8,8,동탄/용인,3,"37,57,92"
206,09:06,9,9,평택,8,"28,38,48,68,78,88,98,108"
207,09:07,1,1,서울역,33,"0,1,5,10,15,19,20,22,25,30,32,34,35,40,47,50,55,56,60,62,65,66,70,71,75,80,81,86,90,95,100,105,106"
207,09:07,10,10,인천공항,9,"29,39,49,59,69,79,89,99,109"
207,09:07,2,2,수서,3,"2,11,61"
207,09:07,3,3,삼성,4,"6,64,91,104"
207,09:07,4,4,여의도,36,"3,4,7,9,12,13,14,16,17,21,23,26,27,31,33,36,41,42,43,45,46,51,52,53,63,67,73,74,76,82,83,87,93,96,102,103"
207,09:07,6,6,일산,1,58
207,09:07,7,7,판교,3,"8,18,85"
207,09:07,8,8,동탄/용인,3,"37,57,92"
207,09:07,9,9,평택,8,"28,38,48,68,78,88,98,108"
208,09:08,1,1,서울역,33,"0,1,5,10,15,19,20,22,25,30,32,34,35,40,47,50,55,56,60,62,65,66,70,71,75,80,81,86,90,95,100,105,106"
208,09:08,10,10,인천공항,9,"29,39,49,59,69,79,89,99,109"
208,09:08,2,2,수서,3,"2,11,61"
208,09:08,3,3,삼성,4,"6,64,91,104"
208,09:08,4,4,여의도,37,"3,4,7,9,12,13,14,16,17,21,23,26,27,31,33,36,41,42,43,45,46,51,52,53,63,67,72,73,74,76,82,83,87,93,96,102,103"
208,09:08,6,6,일산,1,58
208,09:08,7,7,판교,3,"8,18,85"
208,09:08,8,8,동탄/용인,3,"37,57,92"
208,09:08,9,9,평택,8,"28,38,48,68,78,88,98,108"
209,09:09,1,1,서울역,34,"0,1,5,10,15,19,20,22,25,30,32,34,35,40,44,47,50,55,56,60,62,65,66,70,71,75,80,81,86,90,95,100,105,106"
209,09:09,10,10,인천공항,9,"29,39,49,59,69,79,89,99,109"
209,09:09,2,2,수서,3,"2,11,61"
209,09:09,3,3,삼성,3,"6,64,104"
209,09:09,4,4,여의도,37,"3,4,7,9,12,13,14,16,17,21,23,26,27,31,33,36,41,42,43,45,46,51,52,53,63,67,72,73,74,76,82,83,87,93,96,102,103"
209,09:09,7,7,판교,3,"8,18,85"
209,09:09,8,8,동탄/용인,3,"37,57,92"
209,09:09,9,9,평택,8,"28,38,48,68,78,88,98,108"
210,09:10,1,1,서울역,34,"0,1,5,10,15,19,20,22,25,30,32,34,35,40,44,47,50,55,56,60,62,65,66,70,71,75,80,81,86,90,95,100,105,106"
210,09:10,10,10,인천공항,9,"29,39,49,59,69,79,89,99,109"
210,09:10,2,2,수서,3,"2,11,61"
210,09:10,3,3,삼성,3,"6,64,104"
210,09:10,4,4,여의도,38,"3,4,7,9,12,13,14,16,17,21,23,26,27,31,33,36,41,42,43,45,46,51,52,53,63,67,72,73,74,76,82,83,84,87,93,96,102,103"
210,09:10,7,7,판교,2,"8,18"
210,09:10,8,8,동탄/용인,3,"37,57,92"
210,09:10,9,9,평택,8,"28,38,48,68,78,88,98,108"
211,09:11,1,1,서울역,34,"0,1,5,10,15,19,20,22,25,30,32,34,35,40,44,47,50,55,56,60,62,65,66,70,71,75,80,81,86,90,95,100,105,106"
211,09:11,10,10,인천공항,9,"29,39,49,59,69,79,89,99,109"
211,09:11,2,2,수서,3,"2,11,61"
211,09:11,3,3,삼성,3,"6,64,104"
211,09:11,4,4,여의도,37,"3,7,9,12,13,14,16,17,21,23,26,27,31,33,36,41,42,43,45,46,51,52,53,63,67,72,73,74,76,82,83,84,87,93,96,102,103"
211,09:11,7,7,판교,2,"8,18"
211,09:11,8,8,동탄/용인,3,"37,57,92"
211,09:11,9,9,평택,8,"28,38,48,68,78,88,98,108"
212,09:12,1,1,서울역,34,"0,1,5,10,15,19,20,22,25,30,32,34,35,40,44,47,50,55,56,60,62,65,66,70,71,75,80,81,86,90,95,100,105,106"
212,09:12,10,10,인천공항,9,"29,39,49,59,69,79,89,99,109"
212,09:12,2,2,수서,2,"2,61"
212,09:12,3,3,삼성,3,"6,64,104"
212,09:12,4,4,여의도,39,"3,7,9,12,13,14,16,17,21,23,26,27,31,33,36,41,42,43,45,46,51,52,53,63,67,72,73,74,76,77,82,83,84,87,93,96,101,102,103"
212,09:12,7,7,판교,2,"8,18"
212,09:12,8,8,동탄/용인,3,"37,57,92"
212,09:12,9,9,평택,8,"28,38,48,68,78,88,98,108"
213,09:13,1,1,서울역,34,"0,1,5,10,15,19,20,22,25,30,32,34,35,40,44,47,50,55,56,60,62,65,66,70,71,75,80,81,86,90,95,100,105,106"
213,09:13,10,10,인천공항,9,"29,39,49,59,69,79,89,99,109"
213,09:13,2,2,수서,2,"61,97"
213,09:13,3,3,삼성,2,"6,64"
213,09:13,4,4,여의도,40,"3,7,9,12,13,14,16,17,21,23,26,27,31,33,36,41,42,43,45,46,51,52,53,63,67,72,73,74,76,77,82,83,84,87,93,94,96,101,102,103"
213,09:13,7,7,판교,2,"8,18"
213,09:13,8,8,동탄/용인,3,"37,57,92"
213,09:13,9,9,평택,8,"28,38,48,68,78,88,98,108"
214,09:14,1,1,서울역,34,"0,1,5,10,15,19,20,22,25,30,32,34,35,40,44,47,50,55,56,60,62,65,66,70,71,75,80,81,86,90,95,100,105,106"
214,09:14,10,10,인천공항,9,"29,39,49,59,69,79,89,99,109"
214,09:14,2,2,수서,1,97
214,09:14,3,3,삼성,3,"6,64,107"
214,09:14,4,4,여의도,42,"3,7,9,12,13,14,16,17,21,23,24,26,27,31,33,36,41,42,43,45,46,51,52,53,54,63,67,72,73,74,76,77,82,83,84,87,93,94,96,101,102,103"
214,09:14,7,7,판교,2,"8,18"
214,09:14,8,8,동탄/용인,2,"57,92"
214,09:14,9,9,평택,8,"28,38,48,68,78,88,98,108"
215,09:15,1,1,서울역,34,"0,1,5,10,15,19,20,22,25,30,32,34,35,40,44,47,50,55,56,60,62,65,66,70,71,75,80,81,86,90,95,100,105,106"
215,09:15,10,10,인천공항,9,"29,39,49,59,69,79,89,99,109"
215,09:15,2,2,수서,1,97
215,09:15,3,3,삼성,3,"6,64,107"
215,09:15,4,4,여의도,42,"3,7,9,12,13,14,16,17,21,23,24,26,27,31,33,36,41,42,43,45,46,51,52,53,54,63,67,72,73,74,76,77,82,83,84,87,93,94,96,101,102,103"
215,09:15,7,7,판교,2,"8,18"
215,09:15,8,8,동탄/용인,2,"57,92"
215,09:15,9,9,평택,8,"28,38,48,68,78,88,98,108"
216,09:16,1,1,서울역,35,"0,1,5,10,15,19,20,22,25,30,32,34,35,40,44,47,50,55,56,58,60,62,65,66,70,71,75,80,81,86,90,95,100,105,106"
216,09:16,10,10,인천공항,9,"29,39,49,59,69,79,89,99,109"
216,09:16,3,3,삼성,3,"6,64,107"
216,09:16,4,4,여의도,43,"3,7,9,12,13,14,16,17,21,23,24,26,27,31,33,36,41,42,43,45,46,51,52,53,54,63,67,72,73,74,76,77,82,83,84,87,91,93,94,96,101,102,103"
216,09:16,7,7,판교,2,"8,18"
216,09:16,8,8,동탄/용인,2,"57,92"
216,09:16,9,9,평택,8,"28,38,48,68,78,88,98,108"
217,09:17,1,1,서울역,35,"0,1,5,10,15,19,20,22,25,30,32,34,35,40,44,47,50,55,56,58,60,62,65,66,70,71,75,80,81,86,90,95,100,105,106"
217,09:17,10,10,인천공항,9,"29,39,49,59,69,79,89,99,109"
217,09:17,2,2,수서,1,4
217,09:17,3,3,삼성,3,"6,64,107"
217,09:17,4,4,여의도,44,"3,7,9,12,13,14,16,17,21,23,24,26,27,31,33,36,41,42,43,45,46,51,52,53,54,63,67,72,73,74,76,77,82,83,84,85,87,91,93,94,96,101,102,103"
217,09:17,7,7,판교,2,"8,18"
217,09:17,8,8,동탄/용인,2,"57,92"
217,09:17,9,9,평택,8,"28,38,48,68,78,88,98,108"
218,09:18,1,1,서울역,35,"0,1,5,10,15,19,20,22,25,30,32,34,35,40,44,47,50,55,56,58,60,62,65,66,70,71,75,80,81,86,90,95,100,105,106"
218,09:18,10,10,인천공항,9,"29,39,49,59,69,79,89,99,109"
218,09:18,2,2,수서,1,4
218,09:18,3,3,삼성,3,"6,64,107"
218,09:18,4,4,여의도,45,"3,7,9,11,12,13,14,16,17,21,23,24,26,27,31,33,36,41,42,43,45,46,51,52,53,54,63,67,72,73,74,76,77,82,83,84,85,87,91,93,94,96,101,102,103"
218,09:18,7,7,판교,2,"8,18"
218,09:18,8,8,동탄/용인,2,"57,92"
218,09:18,9,9,평택,8,"28,38,48,68,78,88,98,108"
219,09:19,1,1,서울역,36,"0,1,5,10,15,19,20,22,25,30,32,34,35,40,44,47,50,55,56,58,60,62,65,66,70,71,75,80,81,86,90,95,100,104,105,106"
219,09:19,10,10,인천공항,9,"29,39,49,59,69,79,89,99,109"
219,09:19,2,2,수서,1,4
219,09:19,3,3,삼성,2,"64,107"
219,09:19,4,4,여의도,45,"2,3,7,11,12,13,14,16,17,21,23,24,26,27,31,33,36,41,42,43,45,46,51,52,53,54,63,67,72,73,74,76,77,82,83,84,85,87,91,93,94,96,101,102,103"
219,09:19,7,7,판교,2,"8,18"
219,09:19,8,8,동탄/용인,2,"57,92"
219,09:19,9,9,평택,8,"28,38,48,68,78,88,98,108"
220,09:20,1,1,서울역,36,"0,1,5,10,15,19,20,22,25,30,32,34,35,40,44,47,50,55,56,58,60,62,65,66,70,71,75,80,81,86,90,95,100,104,105,106"
220,09:20,10,10,인천공항,9,"29,39,49,59,69,79,89,99,109"
220,09:20,2,2,수서,1,4
220,09:20,3,3,삼성,2,"64,107"
220,09:20,4,4,여의도,46,"2,3,7,11,12,13,14,16,17,21,23,24,26,27,31,33,36,41,42,43,45,46,51,52,53,54,61,63,67,72,73,74,76,77,82,83,84,85,87,91,93,94,96,101,102,103"
220,09:20,7,7,판교,2,"8,18"
220,09:20,8,8,동탄/용인,2,"57,92"
220,09:20,9,9,평택,8,"28,38,48,68,78,88,98,108"
221,09:21,1,1,서울역,36,"0,1,5,10,15,19,20,22,25,30,32,34,35,40,44,47,50,55,56,58,60,62,65,66,70,71,75,80,81,86,90,95,100,104,105,106"
221,09:21,10,10,인천공항,9,"29,39,49,59,69,79,89,99,109"
221,09:21,2,2,수서,1,4
221,09:21,3,3,삼성,2,"64,107"
221,09:21,4,4,여의도,46,"2,3,7,11,12,13,14,16,17,21,23,24,26,27,31,33,36,41,42,43,45,46,51,52,53,54,61,63,67,72,73,74,76,77,82,83,84,85,87,91,93,94,96,101,102,103"
221,09:21,7,7,판교,2,"8,18"
221,09:21,8,8,동탄/용인,2,"57,92"
221,09:21,9,9,평택,8,"28,38,48,68,78,88,98,108"
222,09:22,1,1,서울역,36,"0,1,5,10,15,19,20,22,25,30,32,34,35,40,44,47,50,55,56,58,60,62,65,66,70,71,75,80,81,86,90,95,100,104,105,106"
222,09:22,10,10,인천공항,9,"29,39,49,59,69,79,89,99,109"
222,09:22,2,2,수서,1,4
222,09:22,3,3,삼성,2,"64,107"
222,09:22,4,4,여의도,46,"2,3,7,11,12,13,14,16,17,21,23,24,26,27,31,33,36,41,42,43,45,46,51,52,53,54,61,63,67,72,73,74,76,77,82,83,84,85,87,91,93,94,96,101,102,103"
222,09:22,7,7,판교,2,"8,18"
222,09:22,8,8,동탄/용인,2,"57,92"
222,09:22,9,9,평택,8,"28,38,48,68,78,88,98,108"
223,09:23,1,1,서울역,37,"0,1,5,10,15,19,20,22,25,30,32,34,35,40,44,47,50,55,56,58,60,62,65,66,70,71,75,80,81,86,90,95,97,100,104,105,106"
223,09:23,10,10,인천공항,9,"29,39,49,59,69,79,89,99,109"
223,09:23,2,2,수서,1,4
223,09:23,3,3,삼성,2,"64,107"
223,09:23,4,4,여의도,46,"2,3,7,11,12,13,14,16,17,21,23,24,26,27,31,33,36,41,42,43,45,46,51,52,53,54,61,63,67,72,73,74,76,77,82,83,84,85,87,91,93,94,96,101,102,103"
223,09:23,7,7,판교,2,"8,18"
223,09:23,8,8,동탄/용인,2,"57,92"
223,09:23,9,9,평택,8,"28,38,48,68,78,88,98,108"
224,09:24,1,1,서울역,37,"0,1,5,10,15,19,20,22,25,30,32,34,35,40,44,47,50,55,56,58,60,62,65,66,70,71,75,80,81,86,90,95,97,100,104,105,106"
224,09:24,10,10,인천공항,9,"29,39,49,59,69,79,89,99,109"
224,09:24,2,2,수서,2,"4,37"
224,09:24,3,3,삼성,2,"64,107"
224,09:24,4,4,여의도,46,"2,3,7,11,12,13,14,16,17,21,23,24,26,27,31,33,36,41,42,43,45,46,51,52,53,54,61,63,67,72,73,74,76,77,82,83,84,85,87,91,93,94,96,101,102,103"
224,09:24,7,7,판교,2,"8,18"
224,09:24,8,8,동탄/용인,2,"57,92"
224,09:24,9,9,평택,8,"28,38,48,68,78,88,98,108"
225,09:25,1,1,서울역,37,"0,1,5,10,15,19,20,22,25,30,32,34,35,40,44,47,50,55,56,58,60,62,65,66,70,71,75,80,81,86,90,95,97,100,104,105,106"
225,09:25,10,10,인천공항,9,"29,39,49,59,69,79,89,99,109"
225,09:25,2,2,수서,2,"4,37"
225,09:25,3,3,삼성,2,"64,107"
225,09:25,4,4,여의도,45,"3,7,11,12,13,14,16,17,21,23,24,26,27,31,33,36,41,42,43,45,46,51,52,53,54,61,63,67,72,73,74,76,77,82,83,84,85,87,91,93,94,96,101,102,103"
225,09:25,7,7,판교,2,"8,18"
225,09:25,8,8,동탄/용인,2,"57,92"
225,09:25,9,9,평택,8,"28,38,48,68,78,88,98,108"
226,09:26,1,1,서울역,37,"0,1,5,10,15,19,20,22,25,30,32,34,35,40,44,47,50,55,56,58,60,62,65,66,70,71,75,80,81,86,90,95,97,100,104,105,106"
226,09:26,10,10,인천공항,9,"29,39,49,59,69,79,89,99,109"
226,09:26,2,2,수서,2,"4,37"
226,09:26,3,3,삼성,2,"64,107"
226,09:26,4,4,여의도,46,"3,6,7,11,12,13,14,16,17,21,23,24,26,27,31,33,36,41,42,43,45,46,51,52,53,54,61,63,67,72,73,74,76,77,82,83,84,85,87,91,93,94,96,101,102,103"
226,09:26,7,7,판교,3,"8,9,18"
226,09:26,8,8,동탄/용인,2,"57,92"
226,09:26,9,9,평택,8,"28,38,48,68,78,88,98,108"
227,09:27,1,1,서울역,37,"0,1,5,10,15,19,20,22,25,30,32,34,35,40,44,47,50,55,56,58,60,62,65,66,70,71,75,80,81,86,90,95,97,100,104,105,106"
227,09:27,10,10,인천공항,9,"29,39,49,59,69,79,89,99,109"
227,09:27,2,2,수서,2,"4,37"
227,09:27,3,3,삼성,2,"64,107"
227,09:27,4,4,여의도,46,"3,6,7,11,12,13,14,16,17,21,23,24,26,27,31,33,36,41,42,43,45,46,51,52,53,54,61,63,67,72,73,74,76,77,82,83,84,85,87,91,93,94,96,101,102,103"
227,09:27,7,7,판교,3,"8,9,18"
227,09:27,8,8,동탄/용인,2,"57,92"
227,09:27,9,9,평택,8,"28,38,48,68,78,88,98,108"
228,09:28,1,1,서울역,37,"0,1,5,10,15,19,20,22,25,30,32,34,35,40,44,47,50,55,56,58,60,62,65,66,70,71,75,80,81,86,90,95,97,100,104,105,106"
228,09:28,10,10,인천공항,9,"29,39,49,59,69,79,89,99,109"
228,09:28,2,2,수서,2,"4,37"
228,09:28,3,3,삼성,2,"64,107"
228,09:28,4,4,여의도,46,"3,6,7,11,12,13,14,16,17,21,23,24,26,27,31,33,36,41,42,43,45,46,51,52,53,54,61,63,67,72,73,74,76,77,82,83,84,85,87,91,93,94,96,101,102,103"
228,09:28,7,7,판교,3,"8,9,18"
228,09:28,8,8,동탄/용인,2,"57,92"
228,09:28,9,9,평택,8,"28,38,48,68,78,88,98,108"
229,09:29,1,1,서울역,37,"0,1,5,10,15,19,20,22,25,30,32,34,35,40,44,47,50,55,56,58,60,62,65,66,70,71,75,80,81,86,90,95,97,100,104,105,106"
229,09:29,10,10,인천공항,9,"29,39,49,59,69,79,89,99,109"
229,09:29,2,2,수서,2,"4,37"
229,09:29,3,3,삼성,2,"64,107"
229,09:29,4,4,여의도,46,"3,6,7,11,12,13,14,16,17,21,23,24,26,27,31,33,36,41,42,43,45,46,51,52,53,54,61,63,67,72,73,74,76,77,82,83,84,85,87,91,93,94,96,101,102,103"
229,09:29,7,7,판교,2,"8,9"
229,09:29,8,8,동탄/용인,1,92
229,09:29,9,9,평택,8,"28,38,48,68,78,88,98,108"
230,09:30,1,1,서울역,37,"0,1,5,10,15,19,20,22,25,30,32,34,35,40,44,47,50,55,56,58,60,62,65,66,70,71,75,80,81,86,90,95,97,100,104,105,106"
230,09:30,10,10,인천공항,9,"29,39,49,59,69,79,89,99,109"
230,09:30,2,2,수서,2,"4,37"
230,09:30,3,3,삼성,2,"64,107"
230,09:30,4,4,여의도,46,"3,6,7,11,12,13,14,16,17,21,23,24,26,27,31,33,36,41,42,43,45,46,51,52,53,54,61,63,67,72,73,74,76,77,82,83,84,85,87,91,93,94,96,101,102,103"
230,09:30,7,7,판교,1,9
230,09:30,8,8,동탄/용인,1,92
230,09:30,9,9,평택,8,"28,38,48,68,78,88,98,108"
231,09:31,1,1,서울역,37,"0,1,5,10,15,19,20,22,25,30,32,34,35,40,44,47,50,55,56,58,60,62,65,66,70,71,75,80,81,86,90,95,97,100,104,105,106"
231,09:31,10,10,인천공항,9,"29,39,49,59,69,79,89,99,109"
231,09:31,2,2,수서,3,"2,4,37"
231,09:31,3,3,삼성,1,107
231,09:31,4,4,여의도,46,"3,6,7,11,12,13,14,16,17,21,23,24,26,27,31,33,36,41,42,43,45,46,51,52,53,54,61,63,67,72,73,74,76,77,82,83,84,85,87,91,93,94,96,101,102,103"
231,09:31,7,7,판교,1,9
231,09:31,8,8,동탄/용인,1,92
231,09:31,9,9,평택,8,"28,38,48,68,78,88,98,108"
232,09:32,1,1,서울역,37,"0,1,5,10,15,19,20,22,25,30,32,34,35,40,44,47,50,55,56,58,60,62,65,66,70,71,75,80,81,86,90,95,97,100,104,105,106"
232,09:32,10,10,인천공항,9,"29,39,49,59,69,79,89,99,109"
232,09:32,2,2,수서,3,"2,4,37"
232,09:32,3,3,삼성,1,107
232,09:32,4,4,여의도,46,"3,6,7,11,12,13,14,16,17,21,23,24,26,27,31,33,36,41,42,43,45,46,51,52,53,54,61,63,67,72,73,74,76,77,82,83,84,85,87,91,93,94,96,101,102,103"
232,09:32,7,7,판교,1,9
232,09:32,8,8,동탄/용인,1,92
232,09:32,9,9,평택,8,"28,38,48,68,78,88,98,108"
233,09:33,1,1,서울역,37,"0,1,5,10,15,19,20,22,25,30,32,34,35,40,44,47,50,55,56,58,60,62,65,66,70,71,75,80,81,86,90,95,97,100,104,105,106"
233,09:33,10,10,인천공항,9,"29,39,49,59,69,79,89,99,109"
233,09:33,2,2,수서,2,"2,4"
233,09:33,3,3,삼성,1,107
233,09:33,4,4,여의도,46,"3,6,7,11,12,13,14,16,17,21,23,24,26,27,31,33,36,41,42,43,45,46,51,52,53,54,61,63,67,72,73,74,76,77,82,83,84,85,87,91,93,94,96,101,102,103"
233,09:33,7,7,판교,1,9
233,09:33,8,8,동탄/용인,1,92
233,09:33,9,9,평택,8,"28,38,48,68,78,88,98,108"
234,09:34,1,1,서울역,37,"0,1,5,10,15,19,20,22,25,30,32,34,35,40,44,47,50,55,56,58,60,62,65,66,70,71,75,80,81,86,90,95,97,100,104,105,106"
234,09:34,10,10,인천공항,9,"29,39,49,59,69,79,89,99,109"
234,09:34,2,2,수서,1,2
234,09:34,3,3,삼성,1,107
234,09:34,4,4,여의도,46,"3,6,7,11,12,13,14,16,17,21,23,24,26,27,31,33,36,41,42,43,45,46,51,52,53,54,61,63,67,72,73,74,76,77,82,83,84,85,87,91,93,94,96,101,102,103"
234,09:34,7,7,판교,1,9
234,09:34,8,8,동탄/용인,1,92
234,09:34,9,9,평택,7,"38,48,68,78,88,98,108"
235,09:35,1,1,서울역,37,"0,1,5,10,15,19,20,22,25,30,32,34,35,40,44,47,50,55,56,58,60,62,65,66,70,71,75,80,81,86,90,95,97,100,104,105,106"
235,09:35,10,10,인천공항,9,"29,39,49,59,69,79,89,99,109"
235,09:35,2,2,수서,1,2
235,09:35,3,3,삼성,1,107
235,09:35,4,4,여의도,45,"6,7,11,12,13,14,16,17,21,23,24,26,27,31,33,36,41,42,43,45,46,51,52,53,54,61,63,67,72,73,74,76,77,82,83,84,85,87,91,93,94,96,101,102,103"
235,09:35,7,7,판교,1,9
235,09:35,8,8,동탄/용인,1,92
235,09:35,9,9,평택,7,"38,48,68,78,88,98,108"
236,09:36,1,1,서울역,38,"0,1,5,10,15,18,19,20,22,25,30,32,34,35,40,44,47,50,55,56,58,60,62,65,66,70,71,75,80,81,86,90,95,97,100,104,105,106"
236,09:36,10,10,인천공항,9,"29,39,49,59,69,79,89,99,109"
236,09:36,2,2,수서,1,2
236,09:36,3,3,삼성,1,107
236,09:36,4,4,여의도,45,"6,7,11,12,13,14,16,17,21,23,24,26,27,31,33,36,41,42,43,45,46,51,52,53,54,61,63,67,72,73,74,76,77,82,83,84,85,87,91,93,94,96,101,102,103"
236,09:36,7,7,판교,1,9
236,09:36,9,9,평택,7,"38,48,68,78,88,98,108"
237,09:37,1,1,서울역,39,"0,1,5,8,10,15,18,19,20,22,25,30,32,34,35,40,44,47,50,55,56,58,60,62,65,66,70,71,75,80,81,86,90,95,97,100,104,105,106"
237,09:37,10,10,인천공항,9,"29,39,49,59,69,79,89,99,109"
237,09:37,4,4,여의도,45,"6,7,11,12,13,14,16,17,21,23,24,26,27,31,33,36,41,42,43,45,46,51,52,53,54,61,63,67,72,73,74,76,77,82,83,84,85,87,91,93,94,96,101,102,103"
237,09:37,7,7,판교,1,9
237,09:37,9,9,평택,7,"38,48,68,78,88,98,108"
238,09:38,1,1,서울역,39,"0,1,5,8,10,15,18,19,20,22,25,30,32,34,35,40,44,47,50,55,56,58,60,62,65,66,70,71,75,80,81,86,90,95,97,100,104,105,106"
238,09:38,10,10,인천공항,9,"29,39,49,59,69,79,89,99,109"
238,09:38,4,4,여의도,46,"6,7,11,12,13,14,16,17,21,23,24,26,27,31,33,36,41,42,43,45,46,51,52,53,54,61,63,64,67,72,73,74,76,77,82,83,84,85,87,91,93,94,96,101,102,103"
238,09:38,7,7,판교,1,9
238,09:38,9,9,평택,7,"38,48,68,78,88,98,108"
239,09:39,1,1,서울역,38,"0,1,5,8,10,15,19,20,22,25,30,32,34,35,40,44,47,50,55,56,58,60,62,65,66,70,71,75,80,81,86,90,95,97,100,104,105,106"
239,09:39,10,10,인천공항,9,"29,39,49,59,69,79,89,99,109"
239,09:39,2,2,수서,1,57
239,09:39,4,4,여의도,47,"6,7,11,12,13,14,16,17,21,23,24,26,27,31,33,36,37,41,42,43,45,46,51,52,53,54,61,63,64,67,72,73,74,76,77,82,83,84,85,87,91,93,94,96,101,102,103"
239,09:39,7,7,판교,1,9
239,09:39,9,9,평택,7,"38,48,68,78,88,98,108"
240,09:40,1,1,서울역,37,"0,1,5,8,15,19,20,22,25,30,32,34,35,40,44,47,50,55,56,58,60,62,65,66,70,71,75,80,81,86,90,95,97,100,104,105,106"
240,09:40,10,10,인천공항,9,"29,39,49,59,69,79,89,99,109"
240,09:40,2,2,수서,1,57
240,09:40,4,4,여의도,47,"4,7,11,12,13,14,16,17,21,23,24,26,27,31,33,36,37,41,42,43,45,46,51,52,53,54,61,63,64,67,72,73,74,76,77,82,83,84,85,87,91,93,94,96,101,102,103"
240,09:40,7,7,판교,1,9
240,09:40,9,9,평택,7,"38,48,68,78,88,98,108"
241,09:41,1,1,서울역,37,"0,1,5,8,15,19,20,22,25,30,32,34,35,40,44,47,50,55,56,58,60,62,65,66,70,71,75,80,81,86,90,95,97,100,104,105,106"
241,09:41,10,10,인천공항,9,"29,39,49,59,69,79,89,99,109"
241,09:41,2,2,수서,2,"3,57"
241,09:41,4,4,여의도,47,"4,7,11,12,13,14,16,17,21,23,24,26,27,31,33,36,37,41,42,43,45,46,51,52,53,54,61,63,64,67,72,73,74,76,77,82,83,84,85,87,91,93,94,96,101,102,103"
241,09:41,7,7,판교,1,9
241,09:41,9,9,평택,7,"38,48,68,78,88,98,108"
242,09:42,1,1,서울역,37,"0,1,5,8,15,19,20,22,25,30,32,34,35,40,44,47,50,55,56,58,60,62,65,66,70,71,75,80,81,86,90,95,97,100,104,105,106"
242,09:42,10,10,인천공항,9,"29,39,49,59,69,79,89,99,109"
242,09:42,2,2,수서,2,"3,57"
242,09:42,4,4,여의도,47,"4,7,11,12,13,14,16,17,21,23,24,26,27,31,33,36,37,41,42,43,45,46,51,52,53,54,61,63,64,67,72,73,74,76,77,82,83,84,85,87,91,93,94,96,101,102,103"
242,09:42,7,7,판교,1,9
242,09:42,9,9,평택,7,"38,48,68,78,88,98,108"
243,09:43,1,1,서울역,37,"0,1,5,8,15,19,20,22,25,30,32,34,35,40,44,47,50,55,56,58,60,62,65,66,70,71,75,80,81,86,90,95,97,100,104,105,106"
243,09:43,10,10,인천공항,9,"29,39,49,59,69,79,89,99,109"
243,09:43,2,2,수서,2,"3,57"
243,09:43,4,4,여의도,49,"2,4,7,11,12,13,14,16,17,18,21,23,24,26,27,31,33,36,37,41,42,43,45,46,51,52,53,54,61,63,64,67,72,73,74,76,77,82,83,84,85,87,91,93,94,96,101,102,103"
243,09:43,7,7,판교,1,9
243,09:43,9,9,평택,7,"38,48,68,78,88,98,108"
244,09:44,1,1,서울역,37,"0,1,5,8,15,19,20,22,25,30,32,34,35,40,44,47,50,55,56,58,60,62,65,66,70,71,75,80,81,86,90,95,97,100,104,105,106"
244,09:44,10,10,인천공항,9,"29,39,49,59,69,79,89,99,109"
244,09:44,2,2,수서,2,"3,57"
244,09:44,4,4,여의도,50,"2,4,7,11,12,13,14,16,17,18,21,23,24,26,27,31,33,36,37,41,42,43,45,46,51,52,53,54,61,63,64,67,72,73,74,76,77,82,83,84,85,87,91,93,94,96,101,102,103,107"
244,09:44,7,7,판교,1,9
244,09:44,9,9,평택,7,"38,48,68,78,88,98,108"
245,09:45,1,1,서울역,36,"0,1,5,8,15,19,20,25,30,32,34,35,40,44,47,50,55,56,58,60,62,65,66,70,71,75,80,81,86,90,95,97,100,104,105,106"
245,09:45,10,10,인천공항,9,"29,39,49,59,69,79,89,99,109"
245,09:45,2,2,수서,2,"3,57"
245,09:45,4,4,여의도,50,"2,4,7,11,12,13,14,16,17,18,21,23,24,26,27,31,33,36,37,41,42,43,45,46,51,52,53,54,61,63,64,67,72,73,74,76,77,82,83,84,85,87,91,93,94,96,101,102,103,107"
245,09:45,7,7,판교,1,9
245,09:45,9,9,평택,7,"38,48,68,78,88,98,108"
246,09:46,1,1,서울역,36,"0,1,5,8,15,19,20,25,30,32,34,35,40,44,47,50,55,56,58,60,62,65,66,70,71,75,80,81,86,90,95,97,100,104,105,106"
246,09:46,10,10,인천공항,9,"29,39,49,59,69,79,89,99,109"
246,09:46,2,2,수서,4,"3,6,57,92"
246,09:46,3,3,삼성,1,10
246,09:46,4,4,여의도,50,"2,4,7,11,12,13,14,16,17,18,21,23,24,26,27,31,33,36,37,41,42,43,45,46,51,52,53,54,61,63,64,67,72,73,74,76,77,82,83,84,85,87,91,93,94,96,101,102,103,107"
246,09:46,7,7,판교,2,"9,28"
246,09:46,9,9,평택,7,"38,48,68,78,88,98,108"
247,09:47,1,1,서울역,36,"0,1,5,8,15,19,20,25,30,32,34,35,40,44,47,50,55,56,58,60,62,65,66,70,71,75,80,81,86,90,95,97,100,104,105,106"
247,09:47,10,10,인천공항,9,"29,39,49,59,69,79,89,99,109"
247,09:47,2,2,수서,4,"3,6,57,92"
247,09:47,3,3,삼성,1,10
247,09:47,4,4,여의도,50,"2,4,7,11,12,13,14,16,17,18,21,23,24,26,27,31,33,36,37,41,42,43,45,46,51,52,53,54,61,63,64,67,72,73,74,76,77,82,83,84,85,87,91,93,94,96,101,102,103,107"
247,09:47,7,7,판교,2,"9,28"
247,09:47,9,9,평택,7,"38,48,68,78,88,98,108"
248,09:48,1,1,서울역,36,"0,1,5,8,15,19,20,25,30,32,34,35,40,44,47,50,55,56,58,60,62,65,66,70,71,75,80,81,86,90,95,97,100,104,105,106"
248,09:48,10,10,인천공항,9,"29,39,49,59,69,79,89,99,109"
248,09:48,2,2,수서,3,"3,6,92"
248,09:48,3,3,삼성,1,10
248,09:48,4,4,여의도,50,"2,4,7,11,12,13,14,16,17,18,21,23,24,26,27,31,33,36,37,41,42,43,45,46,51,52,53,54,61,63,64,67,72,73,74,76,77,82,83,84,85,87,91,93,94,96,101,102,103,107"
248,09:48,7,7,판교,2,"9,28"
248,09:48,9,9,평택,7,"38,48,68,78,88,98,108"
249,09:49,1,1,서울역,36,"0,1,5,8,15,19,20,25,30,32,34,35,40,44,47,50,55,56,58,60,62,65,66,70,71,75,80,81,86,90,95,97,100,104,105,106"
249,09:49,10,10,인천공항,9,"29,39,49,59,69,79,89,99,109"
249,09:49,2,2,수서,3,"3,6,92"
249,09:49,3,3,삼성,1,10
249,09:49,4,4,여의도,50,"2,4,7,11,12,13,14,16,17,18,21,23,24,26,27,31,33,36,37,41,42,43,45,46,51,52,53,54,61,63,64,67,72,73,74,76,77,82,83,84,85,87,91,93,94,96,101,102,103,107"
249,09:49,7,7,판교,2,"9,28"
249,09:49,9,9,평택,7,"38,48,68,78,88,98,108"
250,09:50,1,1,서울역,36,"0,1,5,8,15,19,20,25,30,32,34,35,40,44,47,50,55,56,58,60,62,65,66,70,71,75,80,81,86,90,95,97,100,104,105,106"
250,09:50,10,10,인천공항,9,"29,39,49,59,69,79,89,99,109"
250,09:50,2,2,수서,3,"3,6,92"
250,09:50,3,3,삼성,1,10
250,09:50,4,4,여의도,50,"2,4,7,11,12,13,14,16,17,18,21,23,24,26,27,31,33,36,37,41,42,43,45,46,51,52,53,54,61,63,64,67,72,73,74,76,77,82,83,84,85,87,91,93,94,96,101,102,103,107"
250,09:50,7,7,판교,2,"9,28"
250,09:50,9,9,평택,7,"38,48,68,78,88,98,108"
251,09:51,1,1,서울역,35,"1,5,8,15,19,20,25,30,32,34,35,40,44,47,50,55,56,58,60,62,65,66,70,71,75,80,81,86,90,95,97,100,104,105,106"
251,09:51,10,10,인천공항,9,"29,39,49,59,69,79,89,99,109"
251,09:51,2,2,수서,3,"3,6,92"
251,09:51,3,3,삼성,2,"10,22"
251,09:51,4,4,여의도,50,"2,4,7,11,12,13,14,16,17,18,21,23,24,26,27,31,33,36,37,41,42,43,45,46,51,52,53,54,61,63,64,67,72,73,74,76,77,82,83,84,85,87,91,93,94,96,101,102,103,107"
251,09:51,7,7,판교,2,"9,28"
251,09:51,9,9,평택,7,"38,48,68,78,88,98,108"
252,09:52,1,1,서울역,35,"1,5,8,15,19,20,25,30,32,34,35,40,44,47,50,55,56,58,60,62,65,66,70,71,75,80,81,86,90,95,97,100,104,105,106"
252,09:52,10,10,인천공항,9,"29,39,49,59,69,79,89,99,109"
252,09:52,2,2,수서,3,"3,6,92"
252,09:52,3,3,삼성,1,22
252,09:52,4,4,여의도,50,"2,4,7,11,12,13,14,16,17,18,21,23,24,26,27,31,33,36,37,41,42,43,45,46,51,52,53,54,61,63,64,67,72,73,74,76,77,82,83,84,85,87,91,93,94,96,101,102,103,107"
252,09:52,7,7,판교,2,"9,28"
252,09:52,9,9,평택,7,"38,48,68,78,88,98,108"
253,09:53,1,1,서울역,34,"1,5,8,15,19,20,25,30,32,35,40,44,47,50,55,56,58,60,62,65,66,70,71,75,80,81,86,90,95,97,100,104,105,106"
253,09:53,10,10,인천공항,9,"29,39,49,59,69,79,89,99,109"
253,09:53,2,2,수서,3,"3,6,92"
253,09:53,3,3,삼성,1,22
253,09:53,4,4,여의도,50,"2,4,7,11,12,13,14,16,17,18,21,23,24,26,27,31,33,36,37,41,42,43,45,46,51,52,53,54,61,63,64,67,72,73,74,76,77,82,83,84,85,87,91,93,94,96,101,102,103,107"
253,09:53,7,7,판교,2,"9,28"
253,09:53,9,9,평택,7,"38,48,68,78,88,98,108"
254,09:54,1,1,서울역,34,"1,5,8,15,19,20,25,30,32,35,40,44,47,50,55,56,58,60,62,65,66,70,71,75,80,81,86,90,95,97,100,104,105,106"
254,09:54,10,10,인천공항,9,"29,39,49,59,69,79,89,99,109"
254,09:54,2,2,수서,3,"3,6,92"
254,09:54,3,3,삼성,1,22
254,09:54,4,4,여의도,51,"2,4,7,11,12,13,14,16,17,18,21,23,24,26,27,31,33,36,37,41,42,43,45,46,51,52,53,54,57,61,63,64,67,72,73,74,76,77,82,83,84,85,87,91,93,94,96,101,102,103,107"
254,09:54,7,7,판교,2,"9,28"
254,09:54,9,9,평택,7,"38,48,68,78,88,98,108"
255,09:55,1,1,서울역,34,"1,5,8,15,19,20,25,30,32,35,40,44,47,50,55,56,58,60,62,65,66,70,71,75,80,81,86,90,95,97,100,104,105,106"
255,09:55,10,10,인천공항,9,"29,39,49,59,69,79,89,99,109"
255,09:55,2,2,수서,2,"3,6"
255,09:55,3,3,삼성,1,22
255,09:55,4,4,여의도,51,"2,4,7,11,12,13,14,16,17,18,21,23,24,26,27,31,33,36,37,41,42,43,45,46,51,52,53,54,57,61,63,64,67,72,73,74,76,77,82,83,84,85,87,91,93,94,96,101,102,103,107"
255,09:55,7,7,판교,2,"9,28"
255,09:55,9,9,평택,7,"38,48,68,78,88,98,108"
256,09:56,1,1,서울역,34,"1,5,8,15,19,20,25,30,32,35,40,44,47,50,55,56,58,60,62,65,66,70,71,75,80,81,86,90,95,97,100,104,105,106"
256,09:56,10,10,인천공항,9,"29,39,49,59,69,79,89,99,109"
256,09:56,2,2,수서,2,"3,6"
256,09:56,3,3,삼성,1,22
256,09:56,4,4,여의도,51,"2,4,7,11,12,13,14,16,17,18,21,23,24,26,27,31,33,36,37,41,42,43,45,46,51,52,53,54,57,61,63,64,67,72,73,74,76,77,82,83,84,85,87,91,93,94,96,101,102,103,107"
256,09:56,7,7,판교,2,"9,28"
256,09:56,9,9,평택,7,"38,48,68,78,88,98,108"
257,09:57,1,1,서울역,34,"1,5,8,15,19,20,25,30,32,35,40,44,47,50,55,56,58,60,62,65,66,70,71,75,80,81,86,90,95,97,100,104,105,106"
257,09:57,10,10,인천공항,9,"29,39,49,59,69,79,89,99,109"
257,09:57,2,2,수서,2,"3,6"
257,09:57,3,3,삼성,1,22
257,09:57,4,4,여의도,50,"2,4,7,11,12,13,14,16,17,18,21,23,24,26,27,31,33,36,37,41,42,43,45,46,51,52,53,54,61,63,64,67,72,73,74,76,77,82,83,84,85,87,91,93,94,96,101,102,103,107"
257,09:57,7,7,판교,2,"9,28"
257,09:57,9,9,평택,7,"38,48,68,78,88,98,108"
258,09:58,1,1,서울역,34,"1,5,8,15,19,20,25,30,32,35,40,44,47,50,55,56,58,60,62,65,66,70,71,75,80,81,86,90,95,97,100,104,105,106"
258,09:58,10,10,인천공항,9,"29,39,49,59,69,79,89,99,109"
258,09:58,2,2,수서,2,"3,6"
258,09:58,3,3,삼성,1,22
258,09:58,4,4,여의도,50,"2,4,7,11,12,13,14,16,17,18,21,23,24,26,27,31,33,36,37,41,42,43,45,46,51,52,53,54,61,63,64,67,72,73,74,76,77,82,83,84,85,87,91,93,94,96,101,102,103,107"
258,09:58,7,7,판교,3,"0,9,28"
258,09:58,9,9,평택,7,"38,48,68,78,88,98,108"
259,09:59,1,1,서울역,34,"1,5,8,15,19,20,25,30,32,35,40,44,47,50,55,56,58,60,62,65,66,70,71,75,80,81,86,90,95,97,100,104,105,106"
259,09:59,10,10,인천공항,9,"29,39,49,59,69,79,89,99,109"
259,09:59,2,2,수서,2,"3,6"
259,09:59,3,3,삼성,1,34
259,09:59,4,4,여의도,51,"2,4,7,10,11,12,13,14,16,17,18,21,23,24,26,27,31,33,36,37,41,42,43,45,46,51,52,53,54,61,63,64,67,72,73,74,76,77,82,83,84,85,87,91,93,94,96,101,102,103,107"
259,09:59,7,7,판교,3,"0,9,28"
259,09:59,9,9,평택,7,"38,48,68,78,88,98,108"
260,10:00,1,1,서울역,34,"1,5,8,15,19,20,25,30,32,35,40,44,47,50,55,56,58,60,62,65,66,70,71,75,80,81,86,90,95,97,100,104,105,106"
260,10:00,10,10,인천공항,9,"29,39,49,59,69,79,89,99,109"
260,10:00,2,2,수서,1,6
260,10:00,3,3,삼성,1,34
260,10:00,4,4,여의도,51,"2,4,7,10,11,12,13,14,16,17,18,21,23,24,26,27,31,33,36,37,41,42,43,45,46,51,52,53,54,61,63,64,67,72,73,74,76,77,82,83,84,85,87,91,93,94,96,101,102,103,107"
260,10:00,7,7,판교,3,"0,9,28"
260,10:00,9,9,평택,7,"38,48,68,78,88,98,108"
261,10:01,1,1,서울역,35,"1,5,8,15,19,20,25,30,32,35,40,44,47,50,55,56,57,58,60,62,65,66,70,71,75,80,81,86,90,95,97,100,104,105,106"
261,10:01,10,10,인천공항,9,"29,39,49,59,69,79,89,99,109"
261,10:01,3,3,삼성,1,34
261,10:01,4,4,여의도,51,"4,7,10,11,12,13,14,16,17,18,21,23,24,26,27,31,33,36,37,41,42,43,45,46,51,52,53,54,61,63,64,67,72,73,74,76,77,82,83,84,85,87,91,92,93,94,96,101,102,103,107"
261,10:01,7,7,판교,3,"0,9,28"
261,10:01,9,9,평택,7,"38,48,68,78,88,98,108"
262,10:02,1,1,서울역,35,"1,5,8,15,19,20,25,30,32,35,40,44,47,50,55,56,57,58,60,62,65,66,70,71,75,80,81,86,90,95,97,100,104,105,106"
262,10:02,10,10,인천공항,9,"29,39,49,59,69,79,89,99,109"
262,10:02,4,4,여의도,51,"4,7,10,11,12,13,14,16,17,18,21,23,24,26,27,31,33,36,37,41,42,43,45,46,51,52,53,54,61,63,64,67,72,73,74,76,77,82,83,84,85,87,91,92,93,94,96,101,102,103,107"
262,10:02,7,7,판교,3,"0,9,28"
262,10:02,9,9,평택,7,"38,48,68,78,88,98,108"
263,10:03,1,1,서울역,35,"1,5,8,15,19,20,25,30,32,35,40,44,47,50,55,56,57,58,60,62,65,66,70,71,75,80,81,86,90,95,97,100,104,105,106"
263,10:03,10,10,인천공항,9,"29,39,49,59,69,79,89,99,109"
263,10:03,4,4,여의도,51,"4,7,10,11,12,13,14,16,17,18,21,23,24,26,27,31,33,36,37,41,42,43,45,46,51,52,53,54,61,63,64,67,72,73,74,76,77,82,83,84,85,87,91,92,93,94,96,101,102,103,107"
263,10:03,7,7,판교,3,"0,9,28"
263,10:03,9,9,평택,7,"38,48,68,78,88,98,108"
264,10:04,1,1,서울역,35,"1,5,8,15,19,20,25,30,32,35,40,44,47,50,55,56,57,58,60,62,65,66,70,71,75,80,81,86,90,95,97,100,104,105,106"
264,10:04,10,10,인천공항,9,"29,39,49,59,69,79,89,99,109"
264,10:04,4,4,여의도,51,"4,7,10,11,12,13,14,16,17,18,21,23,24,26,27,31,33,36,37,41,42,43,45,46,51,52,53,54,61,63,64,67,72,73,74,76,77,82,83,84,85,87,91,92,93,94,96,101,102,103,107"
264,10:04,7,7,판교,3,"0,9,28"
264,10:04,9,9,평택,7,"38,48,68,78,88,98,108"
265,10:05,1,1,서울역,35,"1,5,8,15,19,20,25,30,32,35,40,44,47,50,55,56,57,58,60,62,65,66,70,71,75,80,81,86,90,95,97,100,104,105,106"
265,10:05,10,10,인천공항,9,"29,39,49,59,69,79,89,99,109"
265,10:05,4,4,여의도,51,"4,7,10,11,12,13,14,16,17,18,21,23,24,26,27,31,33,36,37,41,42,43,45,46,51,52,53,54,61,63,64,67,72,73,74,76,77,82,83,84,85,87,91,92,93,94,96,101,102,103,107"
265,10:05,7,7,판교,3,"0,9,28"
265,10:05,9,9,평택,7,"38,48,68,78,88,98,108"
266,10:06,1,1,서울역,35,"1,5,8,15,19,20,25,30,32,35,40,44,47,50,55,56,57,58,60,62,65,66,70,71,75,80,81,86,90,95,97,100,104,105,106"
266,10:06,10,10,인천공항,9,"29,39,49,59,69,79,89,99,109"
266,10:06,4,4,여의도,53,"3,4,7,10,11,12,13,14,16,17,18,21,22,23,24,26,27,31,33,36,37,41,42,43,45,46,51,52,53,54,61,63,64,67,72,73,74,76,77,82,83,84,85,87,91,92,93,94,96,101,102,103,107"
266,10:06,7,7,판교,3,"0,9,28"
266,10:06,9,9,평택,7,"38,48,68,78,88,98,108"
267,10:07,1,1,서울역,35,"1,5,8,15,19,20,25,30,32,35,40,44,47,50,55,56,57,58,60,62,65,66,70,71,75,80,81,86,90,95,97,100,104,105,106"
267,10:07,10,10,인천공항,9,"29,39,49,59,69,79,89,99,109"
267,10:07,2,2,수서,1,2
267,10:07,4,4,여의도,54,"3,4,6,7,10,11,12,13,14,16,17,18,21,22,23,24,26,27,31,33,36,37,41,42,43,45,46,51,52,53,54,61,63,64,67,72,73,74,76,77,82,83,84,85,87,91,92,93,94,96,101,102,103,107"
267,10:07,7,7,판교,3,"0,9,28"
267,10:07,9,9,평택,7,"38,48,68,78,88,98,108"
268,10:08,1,1,서울역,35,"1,5,8,15,19,20,25,30,32,35,40,44,47,50,55,56,57,58,60,62,65,66,70,71,75,80,81,86,90,95,97,100,104,105,106"
268,10:08,10,10,인천공항,9,"29,39,49,59,69,79,89,99,109"
268,10:08,2,2,수서,1,2
268,10:08,4,4,여의도,54,"3,4,6,7,10,11,12,13,14,16,17,18,21,22,23,24,26,27,31,33,36,37,41,42,43,45,46,51,52,53,54,61,63,64,67,72,73,74,76,77,82,83,84,85,87,91,92,93,94,96,101,102,103,107"
268,10:08,7,7,판교,3,"0,9,28"
268,10:08,9,9,평택,7,"38,48,68,78,88,98,108"
269,10:09,1,1,서울역,35,"1,5,8,15,19,20,25,30,32,35,40,44,47,50,55,56,57,58,60,62,65,66,70,71,75,80,81,86,90,95,97,100,104,105,106"
269,10:09,10,10,인천공항,9,"29,39,49,59,69,79,89,99,109"
269,10:09,2,2,수서,1,2
269,10:09,4,4,여의도,55,"3,4,6,7,10,11,12,13,14,16,17,18,21,22,23,24,26,27,31,33,34,36,37,41,42,43,45,46,51,52,53,54,61,63,64,67,72,73,74,76,77,82,83,84,85,87,91,92,93,94,96,101,102,103,107"
269,10:09,7,7,판교,3,"0,9,28"
269,10:09,9,9,평택,7,"38,48,68,78,88,98,108"
270,10:10,1,1,서울역,35,"1,5,8,15,19,20,25,30,32,35,40,44,47,50,55,56,57,58,60,62,65,66,70,71,75,80,81,86,90,95,97,100,104,105,106"
270,10:10,10,10,인천공항,9,"29,39,49,59,69,79,89,99,109"
270,10:10,2,2,수서,1,2
270,10:10,4,4,여의도,55,"3,4,6,7,10,11,12,13,14,16,17,18,21,22,23,24,26,27,31,33,34,36,37,41,42,43,45,46,51,52,53,54,61,63,64,67,72,73,74,76,77,82,83,84,85,87,91,92,93,94,96,101,102,103,107"
270,10:10,7,7,판교,3,"0,9,28"
270,10:10,9,9,평택,7,"38,48,68,78,88,98,108"
271,10:11,1,1,서울역,35,"1,5,8,15,19,20,25,30,32,35,40,44,47,50,55,56,57,58,60,62,65,66,70,71,75,80,81,86,90,95,97,100,104,105,106"
271,10:11,10,10,인천공항,9,"29,39,49,59,69,79,89,99,109"
271,10:11,2,2,수서,1,2
271,10:11,4,4,여의도,55,"3,4,6,7,10,11,12,13,14,16,17,18,21,22,23,24,26,27,31,33,34,36,37,41,42,43,45,46,51,52,53,54,61,63,64,67,72,73,74,76,77,82,83,84,85,87,91,92,93,94,96,101,102,103,107"
271,10:11,7,7,판교,3,"0,9,28"
271,10:11,9,9,평택,7,"38,48,68,78,88,98,108"
272,10:12,1,1,서울역,35,"1,5,8,15,19,20,25,30,32,35,40,44,47,50,55,56,57,58,60,62,65,66,70,71,75,80,81,86,90,95,97,100,104,105,106"
272,10:12,10,10,인천공항,9,"29,39,49,59,69,79,89,99,109"
272,10:12,2,2,수서,1,2
272,10:12,4,4,여의도,55,"3,4,6,7,10,11,12,13,14,16,17,18,21,22,23,24,26,27,31,33,34,36,37,41,42,43,45,46,51,52,53,54,61,63,64,67,72,73,74,76,77,82,83,84,85,87,91,92,93,94,96,101,102,103,107"
272,10:12,7,7,판교,3,"0,9,28"
272,10:12,9,9,평택,7,"38,48,68,78,88,98,108"
273,10:13,1,1,서울역,35,"1,5,8,15,19,20,25,30,32,35,40,44,47,50,55,56,57,58,60,62,65,66,70,71,75,80,81,86,90,95,97,100,104,105,106"
273,10:13,10,10,인천공항,9,"29,39,49,59,69,79,89,99,109"
273,10:13,2,2,수서,1,2
273,10:13,4,4,여의도,55,"3,4,6,7,10,11,12,13,14,16,17,18,21,22,23,24,26,27,31,33,34,36,37,41,42,43,45,46,51,52,53,54,61,63,64,67,72,73,74,76,77,82,83,84,85,87,91,92,93,94,96,101,102,103,107"
273,10:13,7,7,판교,3,"0,9,28"
273,10:13,9,9,평택,7,"38,48,68,78,88,98,108"
274,10:14,1,1,서울역,35,"1,5,8,15,19,20,25,30,32,35,40,44,47,50,55,56,57,58,60,62,65,66,70,71,75,80,81,86,90,95,97,100,104,105,106"
274,10:14,10,10,인천공항,9,"29,39,49,59,69,79,89,99,109"
274,10:14,2,2,수서,1,2
274,10:14,4,4,여의도,55,"3,4,6,7,10,11,12,13,14,16,17,18,21,22,23,24,26,27,31,33,34,36,37,41,42,43,45,46,51,52,53,54,61,63,64,67,72,73,74,76,77,82,83,84,85,87,91,92,93,94,96,101,102,103,107"
274,10:14,7,7,판교,3,"0,9,28"
274,10:14,9,9,평택,7,"38,48,68,78,88,98,108"
275,10:15,1,1,서울역,35,"1,5,8,15,19,20,25,30,32,35,40,44,47,50,55,56,57,58,60,62,65,66,70,71,75,80,81,86,90,95,97,100,104,105,106"
275,10:15,10,10,인천공항,9,"29,39,49,59,69,79,89,99,109"
275,10:15,2,2,수서,1,2
275,10:15,4,4,여의도,55,"3,4,6,7,10,11,12,13,14,16,17,18,21,22,23,24,26,27,31,33,34,36,37,41,42,43,45,46,51,52,53,54,61,63,64,67,72,73,74,76,77,82,83,84,85,87,91,92,93,94,96,101,102,103,107"
275,10:15,7,7,판교,3,"0,9,28"
275,10:15,9,9,평택,7,"38,48,68,78,88,98,108"
276,10:16,1,1,서울역,35,"1,5,8,15,19,20,25,30,32,35,40,44,47,50,55,56,57,58,60,62,65,66,70,71,75,80,81,86,90,95,97,100,104,105,106"
276,10:16,10,10,인천공항,9,"29,39,49,59,69,79,89,99,109"
276,10:16,2,2,수서,1,2
276,10:16,4,4,여의도,55,"3,4,6,7,10,11,12,13,14,16,17,18,21,22,23,24,26,27,31,33,34,36,37,41,42,43,45,46,51,52,53,54,61,63,64,67,72,73,74,76,77,82,83,84,85,87,91,92,93,94,96,101,102,103,107"
276,10:16,7,7,판교,3,"0,9,28"
276,10:16,9,9,평택,7,"38,48,68,78,88,98,108"
277,10:17,1,1,서울역,35,"1,5,8,15,19,20,25,30,32,35,40,44,47,50,55,56,57,58,60,62,65,66,70,71,75,80,81,86,90,95,97,100,104,105,106"
277,10:17,10,10,인천공항,9,"29,39,49,59,69,79,89,99,109"
277,10:17,2,2,수서,1,2
277,10:17,4,4,여의도,55,"3,4,6,7,10,11,12,13,14,16,17,18,21,22,23,24,26,27,31,33,34,36,37,41,42,43,45,46,51,52,53,54,61,63,64,67,72,73,74,76,77,82,83,84,85,87,91,92,93,94,96,101,102,103,107"
277,10:17,7,7,판교,3,"0,9,28"
277,10:17,9,9,평택,7,"38,48,68,78,88,98,108"
278,10:18,1,1,서울역,35,"1,5,8,15,19,20,25,30,32,35,40,44,47,50,55,56,57,58,60,62,65,66,70,71,75,80,81,86,90,95,97,100,104,105,106"
278,10:18,10,10,인천공항,9,"29,39,49,59,69,79,89,99,109"
278,10:18,2,2,수서,1,2
278,10:18,4,4,여의도,55,"3,4,6,7,10,11,12,13,14,16,17,18,21,22,23,24,26,27,31,33,34,36,37,41,42,43,45,46,51,52,53,54,61,63,64,67,72,73,74,76,77,82,83,84,85,87,91,92,93,94,96,101,102,103,107"
278,10:18,7,7,판교,3,"0,9,28"
278,10:18,9,9,평택,7,"38,48,68,78,88,98,108"
279,10:19,1,1,서울역,35,"1,5,8,15,19,20,25,30,32,35,40,44,47,50,55,56,57,58,60,62,65,66,70,71,75,80,81,86,90,95,97,100,104,105,106"
279,10:19,10,10,인천공항,9,"29,39,49,59,69,79,89,99,109"
279,10:19,2,2,수서,1,2
279,10:19,4,4,여의도,55,"3,4,6,7,10,11,12,13,14,16,17,18,21,22,23,24,26,27,31,33,34,36,37,41,42,43,45,46,51,52,53,54,61,63,64,67,72,73,74,76,77,82,83,84,85,87,91,92,93,94,96,101,102,103,107"
279,10:19,7,7,판교,3,"0,9,28"
279,10:19,9,9,평택,7,"38,48,68,78,88,98,108"
280,10:20,1,1,서울역,35,"1,5,8,15,19,20,25,30,32,35,40,44,47,50,55,56,57,58,60,62,65,66,70,71,75,80,81,86,90,95,97,100,104,105,106"
280,10:20,10,10,인천공항,9,"29,39,49,59,69,79,89,99,109"
280,10:20,2,2,수서,1,2
280,10:20,4,4,여의도,55,"3,4,6,7,10,11,12,13,14,16,17,18,21,22,23,24,26,27,31,33,34,36,37,41,42,43,45,46,51,52,53,54,61,63,64,67,72,73,74,76,77,82,83,84,85,87,91,92,93,94,96,101,102,103,107"
280,10:20,7,7,판교,3,"0,9,28"
280,10:20,9,9,평택,7,"38,48,68,78,88,98,108"
281,10:21,1,1,서울역,35,"1,5,8,15,19,20,25,30,32,35,40,44,47,50,55,56,57,58,60,62,65,66,70,71,75,80,81,86,90,95,97,100,104,105,106"
281,10:21,10,10,인천공항,9,"29,39,49,59,69,79,89,99,109"
281,10:21,2,2,수서,1,2
281,10:21,4,4,여의도,55,"3,4,6,7,10,11,12,13,14,16,17,18,21,22,23,24,26,27,31,33,34,36,37,41,42,43,45,46,51,52,53,54,61,63,64,67,72,73,74,76,77,82,83,84,85,87,91,92,93,94,96,101,102,103,107"
281,10:21,7,7,판교,3,"0,9,28"
281,10:21,9,9,평택,7,"38,48,68,78,88,98,108"
282,10:22,1,1,서울역,35,"1,5,8,15,19,20,25,30,32,35,40,44,47,50,55,56,57,58,60,62,65,66,70,71,75,80,81,86,90,95,97,100,104,105,106"
282,10:22,10,10,인천공항,9,"29,39,49,59,69,79,89,99,109"
282,10:22,2,2,수서,1,2
282,10:22,4,4,여의도,55,"3,4,6,7,10,11,12,13,14,16,17,18,21,22,23,24,26,27,31,33,34,36,37,41,42,43,45,46,51,52,53,54,61,63,64,67,72,73,74,76,77,82,83,84,85,87,91,92,93,94,96,101,102,103,107"
282,10:22,7,7,판교,3,"0,9,28"
282,10:22,9,9,평택,7,"38,48,68,78,88,98,108"
283,10:23,1,1,서울역,35,"1,5,8,15,19,20,25,30,32,35,40,44,47,50,55,56,57,58,60,62,65,66,70,71,75,80,81,86,90,95,97,100,104,105,106"
283,10:23,10,10,인천공항,9,"29,39,49,59,69,79,89,99,109"
283,10:23,2,2,수서,1,2
283,10:23,4,4,여의도,55,"3,4,6,7,10,11,12,13,14,16,17,18,21,22,23,24,26,27,31,33,34,36,37,41,42,43,45,46,51,52,53,54,61,63,64,67,72,73,74,76,77,82,83,84,85,87,91,92,93,94,96,101,102,103,107"
283,10:23,7,7,판교,3,"0,9,28"
283,10:23,9,9,평택,7,"38,48,68,78,88,98,108"
284,10:24,1,1,서울역,35,"1,5,8,15,19,20,25,30,32,35,40,44,47,50,55,56,57,58,60,62,65,66,70,71,75,80,81,86,90,95,97,100,104,105,106"
284,10:24,10,10,인천공항,9,"29,39,49,59,69,79,89,99,109"
284,10:24,2,2,수서,1,2
284,10:24,4,4,여의도,55,"3,4,6,7,10,11,12,13,14,16,17,18,21,22,23,24,26,27,31,33,34,36,37,41,42,43,45,46,51,52,53,54,61,63,64,67,72,73,74,76,77,82,83,84,85,87,91,92,93,94,96,101,102,103,107"
284,10:24,7,7,판교,3,"0,9,28"
284,10:24,9,9,평택,7,"38,48,68,78,88,98,108"
285,10:25,1,1,서울역,35,"1,5,8,15,19,20,25,30,32,35,40,44,47,50,55,56,57,58,60,62,65,66,70,71,75,80,81,86,90,95,97,100,104,105,106"
285,10:25,10,10,인천공항,9,"29,39,49,59,69,79,89,99,109"
285,10:25,2,2,수서,1,2
285,10:25,4,4,여의도,55,"3,4,6,7,10,11,12,13,14,16,17,18,21,22,23,24,26,27,31,33,34,36,37,41,42,43,45,46,51,52,53,54,61,63,64,67,72,73,74,76,77,82,83,84,85,87,91,92,93,94,96,101,102,103,107"
285,10:25,7,7,판교,3,"0,9,28"
285,10:25,9,9,평택,7,"38,48,68,78,88,98,108"
286,10:26,1,1,서울역,35,"1,5,8,15,19,20,25,30,32,35,40,44,47,50,55,56,57,58,60,62,65,66,70,71,75,80,81,86,90,95,97,100,104,105,106"
286,10:26,10,10,인천공항,9,"29,39,49,59,69,79,89,99,109"
286,10:26,2,2,수서,1,2
286,10:26,4,4,여의도,55,"3,4,6,7,10,11,12,13,14,16,17,18,21,22,23,24,26,27,31,33,34,36,37,41,42,43,45,46,51,52,53,54,61,63,64,67,72,73,74,76,77,82,83,84,85,87,91,92,93,94,96,101,102,103,107"
286,10:26,7,7,판교,3,"0,9,28"
286,10:26,9,9,평택,7,"38,48,68,78,88,98,108"
287,10:27,1,1,서울역,35,"1,5,8,15,19,20,25,30,32,35,40,44,47,50,55,56,57,58,60,62,65,66,70,71,75,80,81,86,90,95,97,100,104,105,106"
287,10:27,10,10,인천공항,9,"29,39,49,59,69,79,89,99,109"
287,10:27,2,2,수서,1,2
287,10:27,4,4,여의도,55,"3,4,6,7,10,11,12,13,14,16,17,18,21,22,23,24,26,27,31,33,34,36,37,41,42,43,45,46,51,52,53,54,61,63,64,67,72,73,74,76,77,82,83,84,85,87,91,92,93,94,96,101,102,103,107"
287,10:27,7,7,판교,3,"0,9,28"
287,10:27,9,9,평택,7,"38,48,68,78,88,98,108"
288,10:28,1,1,서울역,35,"1,5,8,15,19,20,25,30,32,35,40,44,47,50,55,56,57,58,60,62,65,66,70,71,75,80,81,86,90,95,97,100,104,105,106"
288,10:28,10,10,인천공항,9,"29,39,49,59,69,79,89,99,109"
288,10:28,2,2,수서,1,2
288,10:28,4,4,여의도,55,"3,4,6,7,10,11,12,13,14,16,17,18,21,22,23,24,26,27,31,33,34,36,37,41,42,43,45,46,51,52,53,54,61,63,64,67,72,73,74,76,77,82,83,84,85,87,91,92,93,94,96,101,102,103,107"
288,10:28,7,7,판교,3,"0,9,28"
288,10:28,9,9,평택,7,"38,48,68,78,88,98,108"
289,10:29,1,1,서울역,35,"1,5,8,15,19,20,25,30,32,35,40,44,47,50,55,56,57,58,60,62,65,66,70,71,75,80,81,86,90,95,97,100,104,105,106"
289,10:29,10,10,인천공항,9,"29,39,49,59,69,79,89,99,109"
289,10:29,2,2,수서,1,2
289,10:29,4,4,여의도,55,"3,4,6,7,10,11,12,13,14,16,17,18,21,22,23,24,26,27,31,33,34,36,37,41,42,43,45,46,51,52,53,54,61,63,64,67,72,73,74,76,77,82,83,84,85,87,91,92,93,94,96,101,102,103,107"
289,10:29,7,7,판교,3,"0,9,28"
289,10:29,9,9,평택,7,"38,48,68,78,88,98,108"
290,10:30,1,1,서울역,35,"1,5,8,15,19,20,25,30,32,35,40,44,47,50,55,56,57,58,60,62,65,66,70,71,75,80,81,86,90,95,97,100,104,105,106"
290,10:30,10,10,인천공항,9,"29,39,49,59,69,79,89,99,109"
290,10:30,2,2,수서,1,2
290,10:30,4,4,여의도,55,"3,4,6,7,10,11,12,13,14,16,17,18,21,22,23,24,26,27,31,33,34,36,37,41,42,43,45,46,51,52,53,54,61,63,64,67,72,73,74,76,77,82,83,84,85,87,91,92,93,94,96,101,102,103,107"
290,10:30,7,7,판교,3,"0,9,28"
290,10:30,9,9,평택,7,"38,48,68,78,88,98,108"
291,10:31,1,1,서울역,35,"1,5,8,15,19,20,25,30,32,35,40,44,47,50,55,56,57,58,60,62,65,66,70,71,75,80,81,86,90,95,97,100,104,105,106"
291,10:31,10,10,인천공항,9,"29,39,49,59,69,79,89,99,109"
291,10:31,2,2,수서,1,2
291,10:31,4,4,여의도,55,"3,4,6,7,10,11,12,13,14,16,17,18,21,22,23,24,26,27,31,33,34,36,37,41,42,43,45,46,51,52,53,54,61,63,64,67,72,73,74,76,77,82,83,84,85,87,91,92,93,94,96,101,102,103,107"
291,10:31,7,7,판교,3,"0,9,28"
291,10:31,9,9,평택,7,"38,48,68,78,88,98,108"
292,10:32,1,1,서울역,35,"1,5,8,15,19,20,25,30,32,35,40,44,47,50,55,56,57,58,60,62,65,66,70,71,75,80,81,86,90,95,97,100,104,105,106"
292,10:32,10,10,인천공항,9,"29,39,49,59,69,79,89,99,109"
292,10:32,2,2,수서,1,2
292,10:32,4,4,여의도,55,"3,4,6,7,10,11,12,13,14,16,17,18,21,22,23,24,26,27,31,33,34,36,37,41,42,43,45,46,51,52,53,54,61,63,64,67,72,73,74,76,77,82,83,84,85,87,91,92,93,94,96,101,102,103,107"
292,10:32,7,7,판교,3,"0,9,28"
292,10:32,9,9,평택,7,"38,48,68,78,88,98,108"
293,10:33,1,1,서울역,35,"1,5,8,15,19,20,25,30,32,35,40,44,47,50,55,56,57,58,60,62,65,66,70,71,75,80,81,86,90,95,97,100,104,105,106"
293,10:33,10,10,인천공항,9,"29,39,49,59,69,79,89,99,109"
293,10:33,2,2,수서,1,2
293,10:33,4,4,여의도,55,"3,4,6,7,10,11,12,13,14,16,17,18,21,22,23,24,26,27,31,33,34,36,37,41,42,43,45,46,51,52,53,54,61,63,64,67,72,73,74,76,77,82,83,84,85,87,91,92,93,94,96,101,102,103,107"
293,10:33,7,7,판교,3,"0,9,28"
293,10:33,9,9,평택,7,"38,48,68,78,88,98,108"
294,10:34,1,1,서울역,35,"1,5,8,15,19,20,25,30,32,35,40,44,47,50,55,56,57,58,60,62,65,66,70,71,75,80,81,86,90,95,97,100,104,105,106"
294,10:34,10,10,인천공항,9,"29,39,49,59,69,79,89,99,109"
294,10:34,2,2,수서,1,2
294,10:34,4,4,여의도,55,"3,4,6,7,10,11,12,13,14,16,17,18,21,22,23,24,26,27,31,33,34,36,37,41,42,43,45,46,51,52,53,54,61,63,64,67,72,73,74,76,77,82,83,84,85,87,91,92,93,94,96,101,102,103,107"
294,10:34,7,7,판교,3,"0,9,28"
294,10:34,9,9,평택,7,"38,48,68,78,88,98,108"
295,10:35,1,1,서울역,35,"1,5,8,15,19,20,25,30,32,35,40,44,47,50,55,56,57,58,60,62,65,66,70,71,75,80,81,86,90,95,97,100,104,105,106"
295,10:35,10,10,인천공항,9,"29,39,49,59,69,79,89,99,109"
295,10:35,2,2,수서,1,2
295,10:35,4,4,여의도,55,"3,4,6,7,10,11,12,13,14,16,17,18,21,22,23,24,26,27,31,33,34,36,37,41,42,43,45,46,51,52,53,54,61,63,64,67,72,73,74,76,77,82,83,84,85,87,91,92,93,94,96,101,102,103,107"
295,10:35,7,7,판교,3,"0,9,28"
295,10:35,9,9,평택,7,"38,48,68,78,88,98,108"
296,10:36,1,1,서울역,35,"1,5,8,15,19,20,25,30,32,35,40,44,47,50,55,56,57,58,60,62,65,66,70,71,75,80,81,86,90,95,97,100,104,105,106"
296,10:36,10,10,인천공항,9,"29,39,49,59,69,79,89,99,109"
296,10:36,2,2,수서,1,2
296,10:36,4,4,여의도,55,"3,4,6,7,10,11,12,13,14,16,17,18,21,22,23,24,26,27,31,33,34,36,37,41,42,43,45,46,51,52,53,54,61,63,64,67,72,73,74,76,77,82,83,84,85,87,91,92,93,94,96,101,102,103,107"
296,10:36,7,7,판교,3,"0,9,28"
296,10:36,9,9,평택,7,"38,48,68,78,88,98,108"
297,10:37,1,1,서울역,35,"1,5,8,15,19,20,25,30,32,35,40,44,47,50,55,56,57,58,60,62,65,66,70,71,75,80,81,86,90,95,97,100,104,105,106"
297,10:37,10,10,인천공항,9,"29,39,49,59,69,79,89,99,109"
297,10:37,2,2,수서,1,2
297,10:37,4,4,여의도,55,"3,4,6,7,10,11,12,13,14,16,17,18,21,22,23,24,26,27,31,33,34,36,37,41,42,43,45,46,51,52,53,54,61,63,64,67,72,73,74,76,77,82,83,84,85,87,91,92,93,94,96,101,102,103,107"
297,10:37,7,7,판교,3,"0,9,28"
297,10:37,9,9,평택,7,"38,48,68,78,88,98,108"
298,10:38,1,1,서울역,35,"1,5,8,15,19,20,25,30,32,35,40,44,47,50,55,56,57,58,60,62,65,66,70,71,75,80,81,86,90,95,97,100,104,105,106"
298,10:38,10,10,인천공항,9,"29,39,49,59,69,79,89,99,109"
298,10:38,2,2,수서,1,2
298,10:38,4,4,여의도,55,"3,4,6,7,10,11,12,13,14,16,17,18,21,22,23,24,26,27,31,33,34,36,37,41,42,43,45,46,51,52,53,54,61,63,64,67,72,73,74,76,77,82,83,84,85,87,91,92,93,94,96,101,102,103,107"
298,10:38,7,7,판교,3,"0,9,28"
298,10:38,9,9,평택,7,"38,48,68,78,88,98,108"
299,10:39,1,1,서울역,35,"1,5,8,15,19,20,25,30,32,35,40,44,47,50,55,56,57,58,60,62,65,66,70,71,75,80,81,86,90,95,97,100,104,105,106"
299,10:39,10,10,인천공항,9,"29,39,49,59,69,79,89,99,109"
299,10:39,2,2,수서,1,2
299,10:39,4,4,여의도,55,"3,4,6,7,10,11,12,13,14,16,17,18,21,22,23,24,26,27,31,33,34,36,37,41,42,43,45,46,51,52,53,54,61,63,64,67,72,73,74,76,77,82,83,84,85,87,91,92,93,94,96,101,102,103,107"
299,10:39,7,7,판교,3,"0,9,28"
299,10:39,9,9,평택,7,"38,48,68,78,88,98,108"
300,10:40,1,1,서울역,35,"1,5,8,15,19,20,25,30,32,35,40,44,47,50,55,56,57,58,60,62,65,66,70,71,75,80,81,86,90,95,97,100,104,105,106"
300,10:40,10,10,인천공항,9,"29,39,49,59,69,79,89,99,109"
300,10:40,2,2,수서,1,2
300,10:40,4,4,여의도,55,"3,4,6,7,10,11,12,13,14,16,17,18,21,22,23,24,26,27,31,33,34,36,37,41,42,43,45,46,51,52,53,54,61,63,64,67,72,73,74,76,77,82,83,84,85,87,91,92,93,94,96,101,102,103,107"
300,10:40,7,7,판교,3,"0,9,28"
300,10:40,9,9,평택,7,"38,48,68,78,88,98,108"
301,10:41,1,1,서울역,35,"1,5,8,15,19,20,25,30,32,35,40,44,47,50,55,56,57,58,60,62,65,66,70,71,75,80,81,86,90,95,97,100,104,105,106"
301,10:41,10,10,인천공항,9,"29,39,49,59,69,79,89,99,109"
301,10:41,2,2,수서,1,2
301,10:41,4,4,여의도,55,"3,4,6,7,10,11,12,13,14,16,17,18,21,22,23,24,26,27,31,33,34,36,37,41,42,43,45,46,51,52,53,54,61,63,64,67,72,73,74,76,77,82,83,84,85,87,91,92,93,94,96,101,102,103,107"
301,10:41,7,7,판교,3,"0,9,28"
301,10:41,9,9,평택,7,"38,48,68,78,88,98,108"
302,10:42,1,1,서울역,35,"1,5,8,15,19,20,25,30,32,35,40,44,47,50,55,56,57,58,60,62,65,66,70,71,75,80,81,86,90,95,97,100,104,105,106"
302,10:42,10,10,인천공항,9,"29,39,49,59,69,79,89,99,109"
302,10:42,2,2,수서,1,2
302,10:42,4,4,여의도,55,"3,4,6,7,10,11,12,13,14,16,17,18,21,22,23,24,26,27,31,33,34,36,37,41,42,43,45,46,51,52,53,54,61,63,64,67,72,73,74,76,77,82,83,84,85,87,91,92,93,94,96,101,102,103,107"
302,10:42,7,7,판교,3,"0,9,28"
302,10:42,9,9,평택,7,"38,48,68,78,88,98,108"
303,10:43,1,1,서울역,35,"1,5,8,15,19,20,25,30,32,35,40,44,47,50,55,56,57,58,60,62,65,66,70,71,75,80,81,86,90,95,97,100,104,105,106"
303,10:43,10,10,인천공항,9,"29,39,49,59,69,79,89,99,109"
303,10:43,2,2,수서,1,2
303,10:43,4,4,여의도,55,"3,4,6,7,10,11,12,13,14,16,17,18,21,22,23,24,26,27,31,33,34,36,37,41,42,43,45,46,51,52,53,54,61,63,64,67,72,73,74,76,77,82,83,84,85,87,91,92,93,94,96,101,102,103,107"
303,10:43,7,7,판교,3,"0,9,28"
303,10:43,9,9,평택,7,"38,48,68,78,88,98,108"
304,10:44,1,1,서울역,35,"1,5,8,15,19,20,25,30,32,35,40,44,47,50,55,56,57,58,60,62,65,66,70,71,75,80,81,86,90,95,97,100,104,105,106"
304,10:44,10,10,인천공항,9,"29,39,49,59,69,79,89,99,109"
304,10:44,2,2,수서,1,2
304,10:44,4,4,여의도,55,"3,4,6,7,10,11,12,13,14,16,17,18,21,22,23,24,26,27,31,33,34,36,37,41,42,43,45,46,51,52,53,54,61,63,64,67,72,73,74,76,77,82,83,84,85,87,91,92,93,94,96,101,102,103,107"
304,10:44,7,7,판교,3,"0,9,28"
304,10:44,9,9,평택,7,"38,48,68,78,88,98,108"
305,10:45,1,1,서울역,35,"1,5,8,15,19,20,25,30,32,35,40,44,47,50,55,56,57,58,60,62,65,66,70,71,75,80,81,86,90,95,97,100,104,105,106"
305,10:45,10,10,인천공항,9,"29,39,49,59,69,79,89,99,109"
305,10:45,2,2,수서,1,2
305,10:45,4,4,여의도,55,"3,4,6,7,10,11,12,13,14,16,17,18,21,22,23,24,26,27,31,33,34,36,37,41,42,43,45,46,51,52,53,54,61,63,64,67,72,73,74,76,77,82,83,84,85,87,91,92,93,94,96,101,102,103,107"
305,10:45,7,7,판교,3,"0,9,28"
305,10:45,9,9,평택,7,"38,48,68,78,88,98,108"
306,10:46,1,1,서울역,35,"1,5,8,15,19,20,25,30,32,35,40,44,47,50,55,56,57,58,60,62,65,66,70,71,75,80,81,86,90,95,97,100,104,105,106"
306,10:46,10,10,인천공항,9,"29,39,49,59,69,79,89,99,109"
306,10:46,2,2,수서,1,2
306,10:46,4,4,여의도,55,"3,4,6,7,10,11,12,13,14,16,17,18,21,22,23,24,26,27,31,33,34,36,37,41,42,43,45,46,51,52,53,54,61,63,64,67,72,73,74,76,77,82,83,84,85,87,91,92,93,94,96,101,102,103,107"
306,10:46,7,7,판교,3,"0,9,28"
306,10:46,9,9,평택,7,"38,48,68,78,88,98,108"
307,10:47,1,1,서울역,35,"1,5,8,15,19,20,25,30,32,35,40,44,47,50,55,56,57,58,60,62,65,66,70,71,75,80,81,86,90,95,97,100,104,105,106"
307,10:47,10,10,인천공항,9,"29,39,49,59,69,79,89,99,109"
307,10:47,2,2,수서,1,2
307,10:47,4,4,여의도,55,"3,4,6,7,10,11,12,13,14,16,17,18,21,22,23,24,26,27,31,33,34,36,37,41,42,43,45,46,51,52,53,54,61,63,64,67,72,73,74,76,77,82,83,84,85,87,91,92,93,94,96,101,102,103,107"
307,10:47,7,7,판교,3,"0,9,28"
307,10:47,9,9,평택,7,"38,48,68,78,88,98,108"
308,10:48,1,1,서울역,35,"1,5,8,15,19,20,25,30,32,35,40,44,47,50,55,56,57,58,60,62,65,66,70,71,75,80,81,86,90,95,97,100,104,105,106"
308,10:48,10,10,인천공항,9,"29,39,49,59,69,79,89,99,109"
308,10:48,2,2,수서,1,2
308,10:48,4,4,여의도,55,"3,4,6,7,10,11,12,13,14,16,17,18,21,22,23,24,26,27,31,33,34,36,37,41,42,43,45,46,51,52,53,54,61,63,64,67,72,73,74,76,77,82,83,84,85,87,91,92,93,94,96,101,102,103,107"
308,10:48,7,7,판교,3,"0,9,28"
308,10:48,9,9,평택,7,"38,48,68,78,88,98,108"
309,10:49,1,1,서울역,35,"1,5,8,15,19,20,25,30,32,35,40,44,47,50,55,56,57,58,60,62,65,66,70,71,75,80,81,86,90,95,97,100,104,105,106"
309,10:49,10,10,인천공항,9,"29,39,49,59,69,79,89,99,109"
309,10:49,2,2,수서,1,2
309,10:49,4,4,여의도,55,"3,4,6,7,10,11,12,13,14,16,17,18,21,22,23,24,26,27,31,33,34,36,37,41,42,43,45,46,51,52,53,54,61,63,64,67,72,73,74,76,77,82,83,84,85,87,91,92,93,94,96,101,102,103,107"
309,10:49,7,7,판교,3,"0,9,28"
309,10:49,9,9,평택,7,"38,48,68,78,88,98,108"
310,10:50,1,1,서울역,35,"1,5,8,15,19,20,25,30,32,35,40,44,47,50,55,56,57,58,60,62,65,66,70,71,75,80,81,86,90,95,97,100,104,105,106"
310,10:50,10,10,인천공항,9,"29,39,49,59,69,79,89,99,109"
310,10:50,2,2,수서,1,2
310,10:50,4,4,여의도,55,"3,4,6,7,10,11,12,13,14,16,17,18,21,22,23,24,26,27,31,33,34,36,37,41,42,43,45,46,51,52,53,54,61,63,64,67,72,73,74,76,77,82,83,84,85,87,91,92,93,94,96,101,102,103,107"
310,10:50,7,7,판교,3,"0,9,28"
310,10:50,9,9,평택,7,"38,48,68,78,88,98,108"
311,10:51,1,1,서울역,35,"1,5,8,15,19,20,25,30,32,35,40,44,47,50,55,56,57,58,60,62,65,66,70,71,75,80,81,86,90,95,97,100,104,105,106"
311,10:51,10,10,인천공항,9,"29,39,49,59,69,79,89,99,109"
311,10:51,2,2,수서,1,2
311,10:51,4,4,여의도,55,"3,4,6,7,10,11,12,13,14,16,17,18,21,22,23,24,26,27,31,33,34,36,37,41,42,43,45,46,51,52,53,54,61,63,64,67,72,73,74,76,77,82,83,84,85,87,91,92,93,94,96,101,102,103,107"
311,10:51,7,7,판교,3,"0,9,28"
311,10:51,9,9,평택,7,"38,48,68,78,88,98,108"
312,10:52,1,1,서울역,35,"1,5,8,15,19,20,25,30,32,35,40,44,47,50,55,56,57,58,60,62,65,66,70,71,75,80,81,86,90,95,97,100,104,105,106"
312,10:52,10,10,인천공항,9,"29,39,49,59,69,79,89,99,109"
312,10:52,2,2,수서,1,2
312,10:52,4,4,여의도,55,"3,4,6,7,10,11,12,13,14,16,17,18,21,22,23,24,26,27,31,33,34,36,37,41,42,43,45,46,51,52,53,54,61,63,64,67,72,73,74,76,77,82,83,84,85,87,91,92,93,94,96,101,102,103,107"
312,10:52,7,7,판교,3,"0,9,28"
312,10:52,9,9,평택,7,"38,48,68,78,88,98,108"
313,10:53,1,1,서울역,35,"1,5,8,15,19,20,25,30,32,35,40,44,47,50,55,56,57,58,60,62,65,66,70,71,75,80,81,86,90,95,97,100,104,105,106"
313,10:53,10,10,인천공항,9,"29,39,49,59,69,79,89,99,109"
313,10:53,2,2,수서,1,2
313,10:53,4,4,여의도,55,"3,4,6,7,10,11,12,13,14,16,17,18,21,22,23,24,26,27,31,33,34,36,37,41,42,43,45,46,51,52,53,54,61,63,64,67,72,73,74,76,77,82,83,84,85,87,91,92,93,94,96,101,102,103,107"
313,10:53,7,7,판교,3,"0,9,28"
313,10:53,9,9,평택,7,"38,48,68,78,88,98,108"
314,10:54,1,1,서울역,35,"1,5,8,15,19,20,25,30,32,35,40,44,47,50,55,56,57,58,60,62,65,66,70,71,75,80,81,86,90,95,97,100,104,105,106"
314,10:54,10,10,인천공항,9,"29,39,49,59,69,79,89,99,109"
314,10:54,2,2,수서,1,2
314,10:54,4,4,여의도,55,"3,4,6,7,10,11,12,13,14,16,17,18,21,22,23,24,26,27,31,33,34,36,37,41,42,43,45,46,51,52,53,54,61,63,64,67,72,73,74,76,77,82,83,84,85,87,91,92,93,94,96,101,102,103,107"
314,10:54,7,7,판교,3,"0,9,28"
314,10:54,9,9,평택,7,"38,48,68,78,88,98,108"
315,10:55,1,1,서울역,35,"1,5,8,15,19,20,25,30,32,35,40,44,47,50,55,56,57,58,60,62,65,66,70,71,75,80,81,86,90,95,97,100,104,105,106"
315,10:55,10,10,인천공항,9,"29,39,49,59,69,79,89,99,109"
315,10:55,2,2,수서,1,2
315,10:55,4,4,여의도,55,"3,4,6,7,10,11,12,13,14,16,17,18,21,22,23,24,26,27,31,33,34,36,37,41,42,43,45,46,51,52,53,54,61,63,64,67,72,73,74,76,77,82,83,84,85,87,91,92,93,94,96,101,102,103,107"
315,10:55,7,7,판교,3,"0,9,28"
315,10:55,9,9,평택,7,"38,48,68,78,88,98,108"
316,10:56,1,1,서울역,35,"1,5,8,15,19,20,25,30,32,35,40,44,47,50,55,56,57,58,60,62,65,66,70,71,75,80,81,86,90,95,97,100,104,105,106"
316,10:56,10,10,인천공항,9,"29,39,49,59,69,79,89,99,109"
316,10:56,2,2,수서,1,2
316,10:56,4,4,여의도,55,"3,4,6,7,10,11,12,13,14,16,17,18,21,22,23,24,26,27,31,33,34,36,37,41,42,43,45,46,51,52,53,54,61,63,64,67,72,73,74,76,77,82,83,84,85,87,91,92,93,94,96,101,102,103,107"
316,10:56,7,7,판교,3,"0,9,28"
316,10:56,9,9,평택,7,"38,48,68,78,88,98,108"
317,10:57,1,1,서울역,35,"1,5,8,15,19,20,25,30,32,35,40,44,47,50,55,56,57,58,60,62,65,66,70,71,75,80,81,86,90,95,97,100,104,105,106"
317,10:57,10,10,인천공항,9,"29,39,49,59,69,79,89,99,109"
317,10:57,2,2,수서,1,2
317,10:57,4,4,여의도,55,"3,4,6,7,10,11,12,13,14,16,17,18,21,22,23,24,26,27,31,33,34,36,37,41,42,43,45,46,51,52,53,54,61,63,64,67,72,73,74,76,77,82,83,84,85,87,91,92,93,94,96,101,102,103,107"
317,10:57,7,7,판교,3,"0,9,28"
317,10:57,9,9,평택,7,"38,48,68,78,88,98,108"
318,10:58,1,1,서울역,35,"1,5,8,15,19,20,25,30,32,35,40,44,47,50,55,56,57,58,60,62,65,66,70,71,75,80,81,86,90,95,97,100,104,105,106"
318,10:58,10,10,인천공항,9,"29,39,49,59,69,79,89,99,109"
318,10:58,2,2,수서,1,2
318,10:58,4,4,여의도,55,"3,4,6,7,10,11,12,13,14,16,17,18,21,22,23,24,26,27,31,33,34,36,37,41,42,43,45,46,51,52,53,54,61,63,64,67,72,73,74,76,77,82,83,84,85,87,91,92,93,94,96,101,102,103,107"
318,10:58,7,7,판교,3,"0,9,28"
318,10:58,9,9,평택,7,"38,48,68,78,88,98,108"
319,10:59,1,1,서울역,35,"1,5,8,15,19,20,25,30,32,35,40,44,47,50,55,56,57,58,60,62,65,66,70,71,75,80,81,86,90,95,97,100,104,105,106"
319,10:59,10,10,인천공항,9,"29,39,49,59,69,79,89,99,109"
319,10:59,2,2,수서,1,2
319,10:59,4,4,여의도,55,"3,4,6,7,10,11,12,13,14,16,17,18,21,22,23,24,26,27,31,33,34,36,37,41,42,43,45,46,51,52,53,54,61,63,64,67,72,73,74,76,77,82,83,84,85,87,91,92,93,94,96,101,102,103,107"
319,10:59,7,7,판교,3,"0,9,28"
319,10:59,9,9,평택,7,"38,48,68,78,88,98,108"
320,11:00,1,1,서울역,35,"1,5,8,15,19,20,25,30,32,35,40,44,47,50,55,56,57,58,60,62,65,66,70,71,75,80,81,86,90,95,97,100,104,105,106"
320,11:00,10,10,인천공항,9,"29,39,49,59,69,79,89,99,109"
320,11:00,2,2,수서,1,2
320,11:00,4,4,여의도,55,"3,4,6,7,10,11,12,13,14,16,17,18,21,22,23,24,26,27,31,33,34,36,37,41,42,43,45,46,51,52,53,54,61,63,64,67,72,73,74,76,77,82,83,84,85,87,91,92,93,94,96,101,102,103,107"
320,11:00,7,7,판교,3,"0,9,28"
320,11:00,9,9,평택,7,"38,48,68,78,88,98,108"
321,11:01,1,1,서울역,35,"1,5,8,15,19,20,25,30,32,35,40,44,47,50,55,56,57,58,60,62,65,66,70,71,75,80,81,86,90,95,97,100,104,105,106"
321,11:01,10,10,인천공항,9,"29,39,49,59,69,79,89,99,109"
321,11:01,2,2,수서,1,2
321,11:01,4,4,여의도,55,"3,4,6,7,10,11,12,13,14,16,17,18,21,22,23,24,26,27,31,33,34,36,37,41,42,43,45,46,51,52,53,54,61,63,64,67,72,73,74,76,77,82,83,84,85,87,91,92,93,94,96,101,102,103,107"
321,11:01,7,7,판교,3,"0,9,28"
321,11:01,9,9,평택,7,"38,48,68,78,88,98,108"
322,11:02,1,1,서울역,35,"1,5,8,15,19,20,25,30,32,35,40,44,47,50,55,56,57,58,60,62,65,66,70,71,75,80,81,86,90,95,97,100,104,105,106"
322,11:02,10,10,인천공항,9,"29,39,49,59,69,79,89,99,109"
322,11:02,2,2,수서,1,2
322,11:02,4,4,여의도,55,"3,4,6,7,10,11,12,13,14,16,17,18,21,22,23,24,26,27,31,33,34,36,37,41,42,43,45,46,51,52,53,54,61,63,64,67,72,73,74,76,77,82,83,84,85,87,91,92,93,94,96,101,102,103,107"
322,11:02,7,7,판교,3,"0,9,28"
322,11:02,9,9,평택,7,"38,48,68,78,88,98,108"
323,11:03,1,1,서울역,35,"1,5,8,15,19,20,25,30,32,35,40,44,47,50,55,56,57,58,60,62,65,66,70,71,75,80,81,86,90,95,97,100,104,105,106"
323,11:03,10,10,인천공항,9,"29,39,49,59,69,79,89,99,109"
323,11:03,2,2,수서,1,2
323,11:03,4,4,여의도,55,"3,4,6,7,10,11,12,13,14,16,17,18,21,22,23,24,26,27,31,33,34,36,37,41,42,43,45,46,51,52,53,54,61,63,64,67,72,73,74,76,77,82,83,84,85,87,91,92,93,94,96,101,102,103,107"
323,11:03,7,7,판교,3,"0,9,28"
323,11:03,9,9,평택,7,"38,48,68,78,88,98,108"
324,11:04,1,1,서울역,35,"1,5,8,15,19,20,25,30,32,35,40,44,47,50,55,56,57,58,60,62,65,66,70,71,75,80,81,86,90,95,97,100,104,105,106"
324,11:04,10,10,인천공항,9,"29,39,49,59,69,79,89,99,109"
324,11:04,2,2,수서,1,2
324,11:04,4,4,여의도,55,"3,4,6,7,10,11,12,13,14,16,17,18,21,22,23,24,26,27,31,33,34,36,37,41,42,43,45,46,51,52,53,54,61,63,64,67,72,73,74,76,77,82,83,84,85,87,91,92,93,94,96,101,102,103,107"
324,11:04,7,7,판교,3,"0,9,28"
324,11:04,9,9,평택,7,"38,48,68,78,88,98,108"
325,11:05,1,1,서울역,35,"1,5,8,15,19,20,25,30,32,35,40,44,47,50,55,56,57,58,60,62,65,66,70,71,75,80,81,86,90,95,97,100,104,105,106"
325,11:05,10,10,인천공항,9,"29,39,49,59,69,79,89,99,109"
325,11:05,2,2,수서,1,2
325,11:05,4,4,여의도,55,"3,4,6,7,10,11,12,13,14,16,17,18,21,22,23,24,26,27,31,33,34,36,37,41,42,43,45,46,51,52,53,54,61,63,64,67,72,73,74,76,77,82,83,84,85,87,91,92,93,94,96,101,102,103,107"
325,11:05,7,7,판교,3,"0,9,28"
325,11:05,9,9,평택,7,"38,48,68,78,88,98,108"
326,11:06,1,1,서울역,35,"1,5,8,15,19,20,25,30,32,35,40,44,47,50,55,56,57,58,60,62,65,66,70,71,75,80,81,86,90,95,97,100,104,105,106"
326,11:06,10,10,인천공항,9,"29,39,49,59,69,79,89,99,109"
326,11:06,2,2,수서,1,2
326,11:06,4,4,여의도,55,"3,4,6,7,10,11,12,13,14,16,17,18,21,22,23,24,26,27,31,33,34,36,37,41,42,43,45,46,51,52,53,54,61,63,64,67,72,73,74,76,77,82,83,84,85,87,91,92,93,94,96,101,102,103,107"
326,11:06,7,7,판교,3,"0,9,28"
326,11:06,9,9,평택,7,"38,48,68,78,88,98,108"
327,11:07,1,1,서울역,35,"1,5,8,15,19,20,25,30,32,35,40,44,47,50,55,56,57,58,60,62,65,66,70,71,75,80,81,86,90,95,97,100,104,105,106"
327,11:07,10,10,인천공항,9,"29,39,49,59,69,79,89,99,109"
327,11:07,2,2,수서,1,2
327,11:07,4,4,여의도,55,"3,4,6,7,10,11,12,13,14,16,17,18,21,22,23,24,26,27,31,33,34,36,37,41,42,43,45,46,51,52,53,54,61,63,64,67,72,73,74,76,77,82,83,84,85,87,91,92,93,94,96,101,102,103,107"
327,11:07,7,7,판교,3,"0,9,28"
327,11:07,9,9,평택,7,"38,48,68,78,88,98,108"
328,11:08,1,1,서울역,35,"1,5,8,15,19,20,25,30,32,35,40,44,47,50,55,56,57,58,60,62,65,66,70,71,75,80,81,86,90,95,97,100,104,105,106"
328,11:08,10,10,인천공항,9,"29,39,49,59,69,79,89,99,109"
328,11:08,2,2,수서,1,2
328,11:08,4,4,여의도,55,"3,4,6,7,10,11,12,13,14,16,17,18,21,22,23,24,26,27,31,33,34,36,37,41,42,43,45,46,51,52,53,54,61,63,64,67,72,73,74,76,77,82,83,84,85,87,91,92,93,94,96,101,102,103,107"
328,11:08,7,7,판교,3,"0,9,28"
328,11:08,9,9,평택,7,"38,48,68,78,88,98,108"
329,11:09,1,1,서울역,35,"1,5,8,15,19,20,25,30,32,35,40,44,47,50,55,56,57,58,60,62,65,66,70,71,75,80,81,86,90,95,97,100,104,105,106"
329,11:09,10,10,인천공항,9,"29,39,49,59,69,79,89,99,109"
329,11:09,2,2,수서,1,2
329,11:09,4,4,여의도,55,"3,4,6,7,10,11,12,13,14,16,17,18,21,22,23,24,26,27,31,33,34,36,37,41,42,43,45,46,51,52,53,54,61,63,64,67,72,73,74,76,77,82,83,84,85,87,91,92,93,94,96,101,102,103,107"
329,11:09,7,7,판교,3,"0,9,28"
329,11:09,9,9,평택,7,"38,48,68,78,88,98,108"
330,11:10,1,1,서울역,35,"1,5,8,15,19,20,25,30,32,35,40,44,47,50,55,56,57,58,60,62,65,66,70,71,75,80,81,86,90,95,97,100,104,105,106"
330,11:10,10,10,인천공항,9,"29,39,49,59,69,79,89,99,109"
330,11:10,2,2,수서,1,2
330,11:10,4,4,여의도,55,"3,4,6,7,10,11,12,13,14,16,17,18,21,22,23,24,26,27,31,33,34,36,37,41,42,43,45,46,51,52,53,54,61,63,64,67,72,73,74,76,77,82,83,84,85,87,91,92,93,94,96,101,102,103,107"
330,11:10,7,7,판교,3,"0,9,28"
330,11:10,9,9,평택,7,"38,48,68,78,88,98,108"
331,11:11,1,1,서울역,35,"1,5,8,15,19,20,25,30,32,35,40,44,47,50,55,56,57,58,60,62,65,66,70,71,75,80,81,86,90,95,97,100,104,105,106"
331,11:11,10,10,인천공항,9,"29,39,49,59,69,79,89,99,109"
331,11:11,2,2,수서,1,2
331,11:11,4,4,여의도,55,"3,4,6,7,10,11,12,13,14,16,17,18,21,22,23,24,26,27,31,33,34,36,37,41,42,43,45,46,51,52,53,54,61,63,64,67,72,73,74,76,77,82,83,84,85,87,91,92,93,94,96,101,102,103,107"
331,11:11,7,7,판교,3,"0,9,28"
331,11:11,9,9,평택,7,"38,48,68,78,88,98,108"
332,11:12,1,1,서울역,35,"1,5,8,15,19,20,25,30,32,35,40,44,47,50,55,56,57,58,60,62,65,66,70,71,75,80,81,86,90,95,97,100,104,105,106"
332,11:12,10,10,인천공항,9,"29,39,49,59,69,79,89,99,109"
332,11:12,2,2,수서,1,2
332,11:12,4,4,여의도,55,"3,4,6,7,10,11,12,13,14,16,17,18,21,22,23,24,26,27,31,33,34,36,37,41,42,43,45,46,51,52,53,54,61,63,64,67,72,73,74,76,77,82,83,84,85,87,91,92,93,94,96,101,102,103,107"
332,11:12,7,7,판교,3,"0,9,28"
332,11:12,9,9,평택,7,"38,48,68,78,88,98,108"
333,11:13,1,1,서울역,35,"1,5,8,15,19,20,25,30,32,35,40,44,47,50,55,56,57,58,60,62,65,66,70,71,75,80,81,86,90,95,97,100,104,105,106"
333,11:13,10,10,인천공항,9,"29,39,49,59,69,79,89,99,109"
333,11:13,2,2,수서,1,2
333,11:13,4,4,여의도,55,"3,4,6,7,10,11,12,13,14,16,17,18,21,22,23,24,26,27,31,33,34,36,37,41,42,43,45,46,51,52,53,54,61,63,64,67,72,73,74,76,77,82,83,84,85,87,91,92,93,94,96,101,102,103,107"
333,11:13,7,7,판교,3,"0,9,28"
333,11:13,9,9,평택,7,"38,48,68,78,88,98,108"
334,11:14,1,1,서울역,35,"1,5,8,15,19,20,25,30,32,35,40,44,47,50,55,56,57,58,60,62,65,66,70,71,75,80,81,86,90,95,97,100,104,105,106"
334,11:14,10,10,인천공항,9,"29,39,49,59,69,79,89,99,109"
334,11:14,2,2,수서,1,2
334,11:14,4,4,여의도,55,"3,4,6,7,10,11,12,13,14,16,17,18,21,22,23,24,26,27,31,33,34,36,37,41,42,43,45,46,51,52,53,54,61,63,64,67,72,73,74,76,77,82,83,84,85,87,91,92,93,94,96,101,102,103,107"
334,11:14,7,7,판교,3,"0,9,28"
334,11:14,9,9,평택,7,"38,48,68,78,88,98,108"
335,11:15,1,1,서울역,35,"1,5,8,15,19,20,25,30,32,35,40,44,47,50,55,56,57,58,60,62,65,66,70,71,75,80,81,86,90,95,97,100,104,105,106"
335,11:15,10,10,인천공항,9,"29,39,49,59,69,79,89,99,109"
335,11:15,2,2,수서,1,2
335,11:15,4,4,여의도,55,"3,4,6,7,10,11,12,13,14,16,17,18,21,22,23,24,26,27,31,33,34,36,37,41,42,43,45,46,51,52,53,54,61,63,64,67,72,73,74,76,77,82,83,84,85,87,91,92,93,94,96,101,102,103,107"
335,11:15,7,7,판교,3,"0,9,28"
335,11:15,9,9,평택,7,"38,48,68,78,88,98,108"
336,11:16,1,1,서울역,35,"1,5,8,15,19,20,25,30,32,35,40,44,47,50,55,56,57,58,60,62,65,66,70,71,75,80,81,86,90,95,97,100,104,105,106"
336,11:16,10,10,인천공항,9,"29,39,49,59,69,79,89,99,109"
336,11:16,2,2,수서,1,2
336,11:16,4,4,여의도,55,"3,4,6,7,10,11,12,13,14,16,17,18,21,22,23,24,26,27,31,33,34,36,37,41,42,43,45,46,51,52,53,54,61,63,64,67,72,73,74,76,77,82,83,84,85,87,91,92,93,94,96,101,102,103,107"
336,11:16,7,7,판교,3,"0,9,28"
336,11:16,9,9,평택,7,"38,48,68,78,88,98,108"
337,11:17,1,1,서울역,35,"1,5,8,15,19,20,25,30,32,35,40,44,47,50,55,56,57,58,60,62,65,66,70,71,75,80,81,86,90,95,97,100,104,105,106"
337,11:17,10,10,인천공항,9,"29,39,49,59,69,79,89,99,109"
337,11:17,2,2,수서,1,2
337,11:17,4,4,여의도,55,"3,4,6,7,10,11,12,13,14,16,17,18,21,22,23,24,26,27,31,33,34,36,37,41,42,43,45,46,51,52,53,54,61,63,64,67,72,73,74,76,77,82,83,84,85,87,91,92,93,94,96,101,102,103,107"
337,11:17,7,7,판교,3,"0,9,28"
337,11:17,9,9,평택,7,"38,48,68,78,88,98,108"
338,11:18,1,1,서울역,35,"1,5,8,15,19,20,25,30,32,35,40,44,47,50,55,56,57,58,60,62,65,66,70,71,75,80,81,86,90,95,97,100,104,105,106"
338,11:18,10,10,인천공항,9,"29,39,49,59,69,79,89,99,109"
338,11:18,2,2,수서,1,2
338,11:18,4,4,여의도,55,"3,4,6,7,10,11,12,13,14,16,17,18,21,22,23,24,26,27,31,33,34,36,37,41,42,43,45,46,51,52,53,54,61,63,64,67,72,73,74,76,77,82,83,84,85,87,91,92,93,94,96,101,102,103,107"
338,11:18,7,7,판교,3,"0,9,28"
338,11:18,9,9,평택,7,"38,48,68,78,88,98,108"
339,11:19,1,1,서울역,35,"1,5,8,15,19,20,25,30,32,35,40,44,47,50,55,56,57,58,60,62,65,66,70,71,75,80,81,86,90,95,97,100,104,105,106"
339,11:19,10,10,인천공항,9,"29,39,49,59,69,79,89,99,109"
339,11:19,2,2,수서,1,2
339,11:19,4,4,여의도,55,"3,4,6,7,10,11,12,13,14,16,17,18,21,22,23,24,26,27,31,33,34,36,37,41,42,43,45,46,51,52,53,54,61,63,64,67,72,73,74,76,77,82,83,84,85,87,91,92,93,94,96,101,102,103,107"
339,11:19,7,7,판교,3,"0,9,28"
339,11:19,9,9,평택,7,"38,48,68,78,88,98,108"
340,11:20,1,1,서울역,35,"1,5,8,15,19,20,25,30,32,35,40,44,47,50,55,56,57,58,60,62,65,66,70,71,75,80,81,86,90,95,97,100,104,105,106"
340,11:20,10,10,인천공항,9,"29,39,49,59,69,79,89,99,109"
340,11:20,2,2,수서,1,2
340,11:20,4,4,여의도,55,"3,4,6,7,10,11,12,13,14,16,17,18,21,22,23,24,26,27,31,33,34,36,37,41,42,43,45,46,51,52,53,54,61,63,64,67,72,73,74,76,77,82,83,84,85,87,91,92,93,94,96,101,102,103,107"
340,11:20,7,7,판교,3,"0,9,28"
340,11:20,9,9,평택,7,"38,48,68,78,88,98,108"
341,11:21,1,1,서울역,35,"1,5,8,15,19,20,25,30,32,35,40,44,47,50,55,56,57,58,60,62,65,66,70,71,75,80,81,86,90,95,97,100,104,105,106"
341,11:21,10,10,인천공항,9,"29,39,49,59,69,79,89,99,109"
341,11:21,2,2,수서,1,2
341,11:21,4,4,여의도,55,"3,4,6,7,10,11,12,13,14,16,17,18,21,22,23,24,26,27,31,33,34,36,37,41,42,43,45,46,51,52,53,54,61,63,64,67,72,73,74,76,77,82,83,84,85,87,91,92,93,94,96,101,102,103,107"
341,11:21,7,7,판교,3,"0,9,28"
341,11:21,9,9,평택,7,"38,48,68,78,88,98,108"
342,11:22,1,1,서울역,35,"1,5,8,15,19,20,25,30,32,35,40,44,47,50,55,56,57,58,60,62,65,66,70,71,75,80,81,86,90,95,97,100,104,105,106"
342,11:22,10,10,인천공항,9,"29,39,49,59,69,79,89,99,109"
342,11:22,2,2,수서,1,2
342,11:22,4,4,여의도,55,"3,4,6,7,10,11,12,13,14,16,17,18,21,22,23,24,26,27,31,33,34,36,37,41,42,43,45,46,51,52,53,54,61,63,64,67,72,73,74,76,77,82,83,84,85,87,91,92,93,94,96,101,102,103,107"
342,11:22,7,7,판교,3,"0,9,28"
342,11:22,9,9,평택,7,"38,48,68,78,88,98,108"
343,11:23,1,1,서울역,35,"1,5,8,15,19,20,25,30,32,35,40,44,47,50,55,56,57,58,60,62,65,66,70,71,75,80,81,86,90,95,97,100,104,105,106"
343,11:23,10,10,인천공항,9,"29,39,49,59,69,79,89,99,109"
343,11:23,2,2,수서,1,2
343,11:23,4,4,여의도,55,"3,4,6,7,10,11,12,13,14,16,17,18,21,22,23,24,26,27,31,33,34,36,37,41,42,43,45,46,51,52,53,54,61,63,64,67,72,73,74,76,77,82,83,84,85,87,91,92,93,94,96,101,102,103,107"
343,11:23,7,7,판교,3,"0,9,28"
343,11:23,9,9,평택,7,"38,48,68,78,88,98,108"
344,11:24,1,1,서울역,35,"1,5,8,15,19,20,25,30,32,35,40,44,47,50,55,56,57,58,60,62,65,66,70,71,75,80,81,86,90,95,97,100,104,105,106"
344,11:24,10,10,인천공항,9,"29,39,49,59,69,79,89,99,109"
344,11:24,2,2,수서,1,2
344,11:24,4,4,여의도,55,"3,4,6,7,10,11,12,13,14,16,17,18,21,22,23,24,26,27,31,33,34,36,37,41,42,43,45,46,51,52,53,54,61,63,64,67,72,73,74,76,77,82,83,84,85,87,91,92,93,94,96,101,102,103,107"
344,11:24,7,7,판교,3,"0,9,28"
344,11:24,9,9,평택,7,"38,48,68,78,88,98,108"
345,11:25,1,1,서울역,35,"1,5,8,15,19,20,25,30,32,35,40,44,47,50,55,56,57,58,60,62,65,66,70,71,75,80,81,86,90,95,97,100,104,105,106"
345,11:25,10,10,인천공항,9,"29,39,49,59,69,79,89,99,109"
345,11:25,2,2,수서,1,2
345,11:25,4,4,여의도,55,"3,4,6,7,10,11,12,13,14,16,17,18,21,22,23,24,26,27,31,33,34,36,37,41,42,43,45,46,51,52,53,54,61,63,64,67,72,73,74,76,77,82,83,84,85,87,91,92,93,94,96,101,102,103,107"
345,11:25,7,7,판교,3,"0,9,28"
345,11:25,9,9,평택,7,"38,48,68,78,88,98,108"
346,11:26,1,1,서울역,35,"1,5,8,15,19,20,25,30,32,35,40,44,47,50,55,56,57,58,60,62,65,66,70,71,75,80,81,86,90,95,97,100,104,105,106"
346,11:26,10,10,인천공항,9,"29,39,49,59,69,79,89,99,109"
346,11:26,2,2,수서,1,2
346,11:26,4,4,여의도,55,"3,4,6,7,10,11,12,13,14,16,17,18,21,22,23,24,26,27,31,33,34,36,37,41,42,43,45,46,51,52,53,54,61,63,64,67,72,73,74,76,77,82,83,84,85,87,91,92,93,94,96,101,102,103,107"
346,11:26,7,7,판교,3,"0,9,28"
346,11:26,9,9,평택,7,"38,48,68,78,88,98,108"
347,11:27,1,1,서울역,35,"1,5,8,15,19,20,25,30,32,35,40,44,47,50,55,56,57,58,60,62,65,66,70,71,75,80,81,86,90,95,97,100,104,105,106"
347,11:27,10,10,인천공항,9,"29,39,49,59,69,79,89,99,109"
347,11:27,2,2,수서,1,2
347,11:27,4,4,여의도,55,"3,4,6,7,10,11,12,13,14,16,17,18,21,22,23,24,26,27,31,33,34,36,37,41,42,43,45,46,51,52,53,54,61,63,64,67,72,73,74,76,77,82,83,84,85,87,91,92,93,94,96,101,102,103,107"
347,11:27,7,7,판교,3,"0,9,28"
347,11:27,9,9,평택,7,"38,48,68,78,88,98,108"
348,11:28,1,1,서울역,35,"1,5,8,15,19,20,25,30,32,35,40,44,47,50,55,56,57,58,60,62,65,66,70,71,75,80,81,86,90,95,97,100,104,105,106"
348,11:28,10,10,인천공항,9,"29,39,49,59,69,79,89,99,109"
348,11:28,2,2,수서,1,2
348,11:28,4,4,여의도,55,"3,4,6,7,10,11,12,13,14,16,17,18,21,22,23,24,26,27,31,33,34,36,37,41,42,43,45,46,51,52,53,54,61,63,64,67,72,73,74,76,77,82,83,84,85,87,91,92,93,94,96,101,102,103,107"
348,11:28,7,7,판교,3,"0,9,28"
348,11:28,9,9,평택,7,"38,48,68,78,88,98,108"
349,11:29,1,1,서울역,35,"1,5,8,15,19,20,25,30,32,35,40,44,47,50,55,56,57,58,60,62,65,66,70,71,75,80,81,86,90,95,97,100,104,105,106"
349,11:29,10,10,인천공항,9,"29,39,49,59,69,79,89,99,109"
349,11:29,2,2,수서,1,2
349,11:29,4,4,여의도,55,"3,4,6,7,10,11,12,13,14,16,17,18,21,22,23,24,26,27,31,33,34,36,37,41,42,43,45,46,51,52,53,54,61,63,64,67,72,73,74,76,77,82,83,84,85,87,91,92,93,94,96,101,102,103,107"
349,11:29,7,7,판교,3,"0,9,28"
349,11:29,9,9,평택,7,"38,48,68,78,88,98,108"
350,11:30,1,1,서울역,35,"1,5,8,15,19,20,25,30,32,35,40,44,47,50,55,56,57,58,60,62,65,66,70,71,75,80,81,86,90,95,97,100,104,105,106"
350,11:30,10,10,인천공항,9,"29,39,49,59,69,79,89,99,109"
350,11:30,2,2,수서,1,2
350,11:30,4,4,여의도,55,"3,4,6,7,10,11,12,13,14,16,17,18,21,22,23,24,26,27,31,33,34,36,37,41,42,43,45,46,51,52,53,54,61,63,64,67,72,73,74,76,77,82,83,84,85,87,91,92,93,94,96,101,102,103,107"
350,11:30,7,7,판교,3,"0,9,28"
350,11:30,9,9,평택,7,"38,48,68,78,88,98,108"
351,11:31,1,1,서울역,35,"1,5,8,15,19,20,25,30,32,35,40,44,47,50,55,56,57,58,60,62,65,66,70,71,75,80,81,86,90,95,97,100,104,105,106"
351,11:31,10,10,인천공항,9,"29,39,49,59,69,79,89,99,109"
351,11:31,2,2,수서,1,2
351,11:31,4,4,여의도,55,"3,4,6,7,10,11,12,13,14,16,17,18,21,22,23,24,26,27,31,33,34,36,37,41,42,43,45,46,51,52,53,54,61,63,64,67,72,73,74,76,77,82,83,84,85,87,91,92,93,94,96,101,102,103,107"
351,11:31,7,7,판교,3,"0,9,28"
351,11:31,9,9,평택,7,"38,48,68,78,88,98,108"
352,11:32,1,1,서울역,35,"1,5,8,15,19,20,25,30,32,35,40,44,47,50,55,56,57,58,60,62,65,66,70,71,75,80,81,86,90,95,97,100,104,105,106"
352,11:32,10,10,인천공항,9,"29,39,49,59,69,79,89,99,109"
352,11:32,2,2,수서,1,2
352,11:32,4,4,여의도,55,"3,4,6,7,10,11,12,13,14,16,17,18,21,22,23,24,26,27,31,33,34,36,37,41,42,43,45,46,51,52,53,54,61,63,64,67,72,73,74,76,77,82,83,84,85,87,91,92,93,94,96,101,102,103,107"
352,11:32,7,7,판교,3,"0,9,28"
352,11:32,9,9,평택,7,"38,48,68,78,88,98,108"
353,11:33,1,1,서울역,35,"1,5,8,15,19,20,25,30,32,35,40,44,47,50,55,56,57,58,60,62,65,66,70,71,75,80,81,86,90,95,97,100,104,105,106"
353,11:33,10,10,인천공항,9,"29,39,49,59,69,79,89,99,109"
353,11:33,2,2,수서,1,2
353,11:33,4,4,여의도,55,"3,4,6,7,10,11,12,13,14,16,17,18,21,22,23,24,26,27,31,33,34,36,37,41,42,43,45,46,51,52,53,54,61,63,64,67,72,73,74,76,77,82,83,84,85,87,91,92,93,94,96,101,102,103,107"
353,11:33,7,7,판교,3,"0,9,28"
353,11:33,9,9,평택,7,"38,48,68,78,88,98,108"
354,11:34,1,1,서울역,35,"1,5,8,15,19,20,25,30,32,35,40,44,47,50,55,56,57,58,60,62,65,66,70,71,75,80,81,86,90,95,97,100,104,105,106"
354,11:34,10,10,인천공항,9,"29,39,49,59,69,79,89,99,109"
354,11:34,2,2,수서,1,2
354,11:34,4,4,여의도,55,"3,4,6,7,10,11,12,13,14,16,17,18,21,22,23,24,26,27,31,33,34,36,37,41,42,43,45,46,51,52,53,54,61,63,64,67,72,73,74,76,77,82,83,84,85,87,91,92,93,94,96,101,102,103,107"
354,11:34,7,7,판교,3,"0,9,28"
354,11:34,9,9,평택,7,"38,48,68,78,88,98,108"
355,11:35,1,1,서울역,35,"1,5,8,15,19,20,25,30,32,35,40,44,47,50,55,56,57,58,60,62,65,66,70,71,75,80,81,86,90,95,97,100,104,105,106"
355,11:35,10,10,인천공항,9,"29,39,49,59,69,79,89,99,109"
355,11:35,2,2,수서,1,2
355,11:35,4,4,여의도,55,"3,4,6,7,10,11,12,13,14,16,17,18,21,22,23,24,26,27,31,33,34,36,37,41,42,43,45,46,51,52,53,54,61,63,64,67,72,73,74,76,77,82,83,84,85,87,91,92,93,94,96,101,102,103,107"
355,11:35,7,7,판교,3,"0,9,28"
355,11:35,9,9,평택,7,"38,48,68,78,88,98,108"
356,11:36,1,1,서울역,35,"1,5,8,15,19,20,25,30,32,35,40,44,47,50,55,56,57,58,60,62,65,66,70,71,75,80,81,86,90,95,97,100,104,105,106"
356,11:36,10,10,인천공항,9,"29,39,49,59,69,79,89,99,109"
356,11:36,2,2,수서,1,2
356,11:36,4,4,여의도,55,"3,4,6,7,10,11,12,13,14,16,17,18,21,22,23,24,26,27,31,33,34,36,37,41,42,43,45,46,51,52,53,54,61,63,64,67,72,73,74,76,77,82,83,84,85,87,91,92,93,94,96,101,102,103,107"
356,11:36,7,7,판교,3,"0,9,28"
356,11:36,9,9,평택,7,"38,48,68,78,88,98,108"
357,11:37,1,1,서울역,35,"1,5,8,15,19,20,25,30,32,35,40,44,47,50,55,56,57,58,60,62,65,66,70,71,75,80,81,86,90,95,97,100,104,105,106"
357,11:37,10,10,인천공항,9,"29,39,49,59,69,79,89,99,109"
357,11:37,2,2,수서,1,2
357,11:37,4,4,여의도,55,"3,4,6,7,10,11,12,13,14,16,17,18,21,22,23,24,26,27,31,33,34,36,37,41,42,43,45,46,51,52,53,54,61,63,64,67,72,73,74,76,77,82,83,84,85,87,91,92,93,94,96,101,102,103,107"
357,11:37,7,7,판교,3,"0,9,28"
357,11:37,9,9,평택,7,"38,48,68,78,88,98,108"
358,11:38,1,1,서울역,35,"1,5,8,15,19,20,25,30,32,35,40,44,47,50,55,56,57,58,60,62,65,66,70,71,75,80,81,86,90,95,97,100,104,105,106"
358,11:38,10,10,인천공항,9,"29,39,49,59,69,79,89,99,109"
358,11:38,2,2,수서,1,2
358,11:38,4,4,여의도,55,"3,4,6,7,10,11,12,13,14,16,17,18,21,22,23,24,26,27,31,33,34,36,37,41,42,43,45,46,51,52,53,54,61,63,64,67,72,73,74,76,77,82,83,84,85,87,91,92,93,94,96,101,102,103,107"
358,11:38,7,7,판교,3,"0,9,28"
358,11:38,9,9,평택,7,"38,48,68,78,88,98,108"
359,11:39,1,1,서울역,35,"1,5,8,15,19,20,25,30,32,35,40,44,47,50,55,56,57,58,60,62,65,66,70,71,75,80,81,86,90,95,97,100,104,105,106"
359,11:39,10,10,인천공항,9,"29,39,49,59,69,79,89,99,109"
359,11:39,2,2,수서,1,2
359,11:39,4,4,여의도,55,"3,4,6,7,10,11,12,13,14,16,17,18,21,22,23,24,26,27,31,33,34,36,37,41,42,43,45,46,51,52,53,54,61,63,64,67,72,73,74,76,77,82,83,84,85,87,91,92,93,94,96,101,102,103,107"
359,11:39,7,7,판교,3,"0,9,28"
359,11:39,9,9,평택,7,"38,48,68,78,88,98,108"
360,11:40,1,1,서울역,34,"1,5,15,19,20,25,30,32,35,40,44,47,50,55,56,57,58,60,62,65,66,70,71,75,80,81,86,90,95,97,100,104,105,106"
360,11:40,10,10,인천공항,9,"29,39,49,59,69,79,89,99,109"
360,11:40,2,2,수서,1,2
360,11:40,4,4,여의도,55,"3,4,6,7,10,11,12,13,14,16,17,18,21,22,23,24,26,27,31,33,34,36,37,41,42,43,45,46,51,52,53,54,61,63,64,67,72,73,74,76,77,82,83,84,85,87,91,92,93,94,96,101,102,103,107"
360,11:40,7,7,판교,3,"0,9,28"
360,11:40,9,9,평택,7,"38,48,68,78,88,98,108"
361,11:41,1,1,서울역,34,"1,5,15,19,20,25,30,32,35,40,44,47,50,55,56,57,58,60,62,65,66,70,71,75,80,81,86,90,95,97,100,104,105,106"
361,11:41,10,10,인천공항,9,"29,39,49,59,69,79,89,99,109"
361,11:41,2,2,수서,1,2
361,11:41,4,4,여의도,55,"3,4,6,7,10,11,12,13,14,16,17,18,21,22,23,24,26,27,31,33,34,36,37,41,42,43,45,46,51,52,53,54,61,63,64,67,72,73,74,76,77,82,83,84,85,87,91,92,93,94,96,101,102,103,107"
361,11:41,7,7,판교,3,"0,9,28"
361,11:41,9,9,평택,7,"38,48,68,78,88,98,108"
362,11:42,1,1,서울역,34,"1,5,15,19,20,25,30,32,35,40,44,47,50,55,56,57,58,60,62,65,66,70,71,75,80,81,86,90,95,97,100,104,105,106"
362,11:42,10,10,인천공항,9,"29,39,49,59,69,79,89,99,109"
362,11:42,2,2,수서,1,2
362,11:42,4,4,여의도,55,"3,4,6,7,10,11,12,13,14,16,17,18,21,22,23,24,26,27,31,33,34,36,37,41,42,43,45,46,51,52,53,54,61,63,64,67,72,73,74,76,77,82,83,84,85,87,91,92,93,94,96,101,102,103,107"
362,11:42,7,7,판교,3,"0,9,28"
362,11:42,9,9,평택,7,"38,48,68,78,88,98,108"
363,11:43,1,1,서울역,34,"1,5,15,19,20,25,30,32,35,40,44,47,50,55,56,57,58,60,62,65,66,70,71,75,80,81,86,90,95,97,100,104,105,106"
363,11:43,10,10,인천공항,9,"29,39,49,59,69,79,89,99,109"
363,11:43,2,2,수서,1,2
363,11:43,4,4,여의도,52,"3,10,11,12,13,14,16,17,18,21,22,23,24,26,27,31,33,34,36,37,41,42,43,45,46,51,52,53,54,61,63,64,67,72,73,74,76,77,82,83,84,85,87,91,92,93,94,96,101,102,103,107"
363,11:43,7,7,판교,3,"0,9,28"
363,11:43,9,9,평택,6,"48,68,78,88,98,108"
364,11:44,1,1,서울역,33,"1,15,19,20,25,30,32,35,40,44,47,50,55,56,57,58,60,62,65,66,70,71,75,80,81,86,90,95,97,100,104,105,106"
364,11:44,10,10,인천공항,9,"29,39,49,59,69,79,89,99,109"
364,11:44,2,2,수서,1,2
364,11:44,4,4,여의도,52,"3,10,11,12,13,14,16,17,18,21,22,23,24,26,27,31,33,34,36,37,41,42,43,45,46,51,52,53,54,61,63,64,67,72,73,74,76,77,82,83,84,85,87,91,92,93,94,96,101,102,103,107"
364,11:44,7,7,판교,3,"0,9,28"
364,11:44,9,9,평택,6,"48,68,78,88,98,108"
365,11:45,1,1,서울역,33,"1,15,19,20,25,30,32,35,40,44,47,50,55,56,57,58,60,62,65,66,70,71,75,80,81,86,90,95,97,100,104,105,106"
365,11:45,10,10,인천공항,9,"29,39,49,59,69,79,89,99,109"
365,11:45,2,2,수서,1,2
365,11:45,4,4,여의도,52,"3,10,11,12,13,14,16,17,18,21,22,23,24,26,27,31,33,34,36,37,41,42,43,45,46,51,52,53,54,61,63,64,67,72,73,74,76,77,82,83,84,85,87,91,92,93,94,96,101,102,103,107"
365,11:45,7,7,판교,3,"0,9,28"
365,11:45,9,9,평택,6,"48,68,78,88,98,108"
366,11:46,1,1,서울역,33,"1,15,19,20,25,30,32,35,40,44,47,50,55,56,57,58,60,62,65,66,70,71,75,80,81,86,90,95,97,100,104,105,106"
366,11:46,10,10,인천공항,9,"29,39,49,59,69,79,89,99,109"
366,11:46,2,2,수서,1,2
366,11:46,4,4,여의도,50,"10,11,12,13,14,17,18,21,22,23,24,26,27,31,33,34,36,37,41,42,43,45,46,51,52,53,54,61,63,64,67,72,73,74,76,77,82,83,84,85,87,91,92,93,94,96,101,102,103,107"
366,11:46,7,7,판교,3,"0,9,28"
366,11:46,9,9,평택,6,"48,68,78,88,98,108"
367,11:47,1,1,서울역,33,"1,15,19,20,25,30,32,35,40,44,47,50,55,56,57,58,60,62,65,66,70,71,75,80,81,86,90,95,97,100,104,105,106"
367,11:47,10,10,인천공항,9,"29,39,49,59,69,79,89,99,109"
367,11:47,2,2,수서,1,2
367,11:47,4,4,여의도,49,"11,12,13,14,17,18,21,22,23,24,26,27,31,33,34,36,37,41,42,43,45,46,51,52,53,54,61,63,64,67,72,73,74,76,77,82,83,84,85,87,91,92,93,94,96,101,102,103,107"
367,11:47,6,6,일산,1,8
367,11:47,7,7,판교,3,"0,9,28"
367,11:47,9,9,평택,6,"48,68,78,88,98,108"
368,11:48,1,1,서울역,33,"1,15,19,20,25,30,32,35,40,44,47,50,55,56,57,58,60,62,65,66,70,71,75,80,81,86,90,95,97,100,104,105,106"
368,11:48,10,10,인천공항,9,"29,39,49,59,69,79,89,99,109"
368,11:48,4,4,여의도,49,"11,12,13,14,17,18,21,22,23,24,26,27,31,33,34,36,37,41,42,43,45,46,51,52,53,54,61,63,64,67,72,73,74,76,77,82,83,84,85,87,91,92,93,94,96,101,102,103,107"
368,11:48,6,6,일산,1,8
368,11:48,7,7,판교,3,"0,9,28"
368,11:48,9,9,평택,6,"48,68,78,88,98,108"
369,11:49,1,1,서울역,33,"1,15,19,20,25,30,32,35,40,44,47,50,55,56,57,58,60,62,65,66,70,71,75,80,81,86,90,95,97,100,104,105,106"
369,11:49,10,10,인천공항,9,"29,39,49,59,69,79,89,99,109"
369,11:49,2,2,수서,2,"4,6"
369,11:49,4,4,여의도,49,"11,12,13,14,17,18,21,22,23,24,26,27,31,33,34,36,37,41,42,43,45,46,51,52,53,54,61,63,64,67,72,73,74,76,77,82,83,84,85,87,91,92,93,94,96,101,102,103,107"
369,11:49,6,6,일산,1,8
369,11:49,7,7,판교,3,"0,9,28"
369,11:49,9,9,평택,6,"48,68,78,88,98,108"
370,11:50,1,1,서울역,34,"1,15,16,19,20,25,30,32,35,40,44,47,50,55,56,57,58,60,62,65,66,70,71,75,80,81,86,90,95,97,100,104,105,106"
370,11:50,10,10,인천공항,9,"29,39,49,59,69,79,89,99,109"
370,11:50,2,2,수서,2,"4,6"
370,11:50,3,3,삼성,1,7
370,11:50,4,4,여의도,49,"11,12,13,14,17,18,21,22,23,24,26,27,31,33,34,36,37,41,42,43,45,46,51,52,53,54,61,63,64,67,72,73,74,76,77,82,83,84,85,87,91,92,93,94,96,101,102,103,107"
370,11:50,6,6,일산,1,8
370,11:50,7,7,판교,3,"0,9,28"
370,11:50,9,9,평택,6,"48,68,78,88,98,108"
371,11:51,1,1,서울역,34,"1,15,16,19,20,25,30,32,35,40,44,47,50,55,56,57,58,60,62,65,66,70,71,75,80,81,86,90,95,97,100,104,105,106"
371,11:51,10,10,인천공항,9,"29,39,49,59,69,79,89,99,109"
371,11:51,2,2,수서,2,"4,6"
371,11:51,3,3,삼성,1,7
371,11:51,4,4,여의도,48,"12,13,14,17,18,21,22,23,24,26,27,31,33,34,36,37,41,42,43,45,46,51,52,53,54,61,63,64,67,72,73,74,76,77,82,83,84,85,87,91,92,93,94,96,101,102,103,107"
371,11:51,6,6,일산,2,"5,8"
371,11:51,7,7,판교,3,"0,9,28"
371,11:51,9,9,평택,6,"48,68,78,88,98,108"
372,11:52,1,1,서울역,34,"1,15,16,19,20,25,30,32,35,40,44,47,50,55,56,57,58,60,62,65,66,70,71,75,80,81,86,90,95,97,100,104,105,106"
372,11:52,10,10,인천공항,9,"29,39,49,59,69,79,89,99,109"
372,11:52,2,2,수서,2,"4,6"
372,11:52,3,3,삼성,1,7
372,11:52,4,4,여의도,48,"12,13,14,17,18,21,22,23,24,26,27,31,33,34,36,37,41,42,43,45,46,51,52,53,54,61,63,64,67,72,73,74,76,77,82,83,84,85,87,91,92,93,94,96,101,102,103,107"
372,11:52,6,6,일산,2,"5,8"
372,11:52,7,7,판교,3,"0,9,28"
372,11:52,9,9,평택,6,"48,68,78,88,98,108"
373,11:53,1,1,서울역,33,"1,15,19,20,25,30,32,35,40,44,47,50,55,56,57,58,60,62,65,66,70,71,75,80,81,86,90,95,97,100,104,105,106"
373,11:53,10,10,인천공항,9,"29,39,49,59,69,79,89,99,109"
373,11:53,2,2,수서,3,"4,6,10"
373,11:53,3,3,삼성,1,7
373,11:53,4,4,여의도,48,"12,13,14,17,18,21,22,23,24,26,27,31,33,34,36,37,41,42,43,45,46,51,52,53,54,61,63,64,67,72,73,74,76,77,82,83,84,85,87,91,92,93,94,96,101,102,103,107"
373,11:53,6,6,일산,2,"5,8"
373,11:53,7,7,판교,3,"0,3,28"
373,11:53,9,9,평택,6,"48,68,78,88,98,108"
374,11:54,1,1,서울역,33,"1,15,19,20,25,30,32,35,40,44,47,50,55,56,57,58,60,62,65,66,70,71,75,80,81,86,90,95,97,100,104,105,106"
374,11:54,10,10,인천공항,9,"29,39,49,59,69,79,89,99,109"
374,11:54,2,2,수서,3,"4,6,10"
374,11:54,3,3,삼성,1,7
374,11:54,4,4,여의도,48,"12,13,14,17,18,21,22,23,24,26,27,31,33,34,36,37,41,42,43,45,46,51,52,53,54,61,63,64,67,72,73,74,76,77,82,83,84,85,87,91,92,93,94,96,101,102,103,107"
374,11:54,6,6,일산,2,"5,8"
374,11:54,7,7,판교,3,"0,3,28"
374,11:54,9,9,평택,6,"48,68,78,88,98,108"
375,11:55,1,1,서울역,33,"1,15,19,20,25,30,32,35,40,44,47,50,55,56,57,58,60,62,65,66,70,71,75,80,81,86,90,95,97,100,104,105,106"
375,11:55,10,10,인천공항,9,"29,39,49,59,69,79,89,99,109"
375,11:55,2,2,수서,3,"4,6,10"
375,11:55,3,3,삼성,1,7
375,11:55,4,4,여의도,48,"12,13,14,17,18,21,22,23,24,26,27,31,33,34,36,37,41,42,43,45,46,51,52,53,54,61,63,64,67,72,73,74,76,77,82,83,84,85,87,91,92,93,94,96,101,102,103,107"
375,11:55,6,6,일산,2,"5,8"
375,11:55,7,7,판교,3,"0,3,28"
375,11:55,9,9,평택,6,"48,68,78,88,98,108"
376,11:56,1,1,서울역,33,"1,15,19,20,25,30,32,35,40,44,47,50,55,56,57,58,60,62,65,66,70,71,75,80,81,86,90,95,97,100,104,105,106"
376,11:56,10,10,인천공항,9,"29,39,49,59,69,79,89,99,109"
376,11:56,2,2,수서,3,"4,6,10"
376,11:56,3,3,삼성,1,7
376,11:56,4,4,여의도,48,"12,13,14,17,18,21,22,23,24,26,27,31,33,34,36,37,41,42,43,45,46,51,52,53,54,61,63,64,67,72,73,74,76,77,82,83,84,85,87,91,92,93,94,96,101,102,103,107"
376,11:56,5,5,김포공항,1,2
376,11:56,6,6,일산,2,"5,8"
376,11:56,7,7,판교,2,"3,28"
376,11:56,9,9,평택,6,"48,68,78,88,98,108"
377,11:57,1,1,서울역,33,"1,15,19,20,25,30,32,35,40,44,47,50,55,56,57,58,60,62,65,66,70,71,75,80,81,86,90,95,97,100,104,105,106"
377,11:57,10,10,인천공항,9,"29,39,49,59,69,79,89,99,109"
377,11:57,2,2,수서,4,"4,6,10,11"
377,11:57,3,3,삼성,1,7
377,11:57,4,4,여의도,47,"12,13,17,18,21,22,23,24,26,27,31,33,34,36,37,41,42,43,45,46,51,52,53,54,61,63,64,67,72,73,74,76,77,82,83,84,85,87,91,92,93,94,96,101,102,103,107"
377,11:57,5,5,김포공항,1,2
377,11:57,6,6,일산,1,5
377,11:57,7,7,판교,2,"3,28"
377,11:57,9,9,평택,6,"48,68,78,88,98,108"
378,11:58,1,1,서울역,33,"1,15,19,20,25,30,32,35,40,44,47,50,55,56,57,58,60,62,65,66,70,71,75,80,81,86,90,95,97,100,104,105,106"
378,11:58,10,10,인천공항,9,"29,39,49,59,69,79,89,99,109"
378,11:58,2,2,수서,4,"4,6,10,11"
378,11:58,3,3,삼성,1,7
378,11:58,4,4,여의도,48,"12,13,17,18,21,22,23,24,26,27,31,33,34,36,37,38,41,42,43,45,46,51,52,53,54,61,63,64,67,72,73,74,76,77,82,83,84,85,87,91,92,93,94,96,101,102,103,107"
378,11:58,5,5,김포공항,1,2
378,11:58,6,6,일산,1,5
378,11:58,7,7,판교,2,"3,28"
378,11:58,9,9,평택,6,"48,68,78,88,98,108"
379,11:59,1,1,서울역,33,"1,15,19,20,25,30,32,35,40,44,47,50,55,56,57,58,60,62,65,66,70,71,75,80,81,86,90,95,97,100,104,105,106"
379,11:59,10,10,인천공항,9,"29,39,49,59,69,79,89,99,109"
379,11:59,2,2,수서,4,"4,6,10,11"
379,11:59,3,3,삼성,1,7
379,11:59,4,4,여의도,47,"12,13,17,21,22,23,24,26,27,31,33,34,36,37,38,41,42,43,45,46,51,52,53,54,61,63,64,67,72,73,74,76,77,82,83,84,85,87,91,92,93,94,96,101,102,103,107"
379,11:59,5,5,김포공항,1,2
379,11:59,7,7,판교,2,"3,28"
379,11:59,9,9,평택,6,"48,68,78,88,98,108"
380,12:00,1,1,서울역,33,"1,15,19,20,25,30,32,35,40,44,47,50,55,56,57,58,60,62,65,66,70,71,75,80,81,86,90,95,97,100,104,105,106"
380,12:00,10,10,인천공항,9,"29,39,49,59,69,79,89,99,109"
380,12:00,2,2,수서,4,"4,6,10,11"
380,12:00,3,3,삼성,1,7
380,12:00,4,4,여의도,47,"9,13,17,21,22,23,24,26,27,31,33,34,36,37,38,41,42,43,45,46,51,52,53,54,61,63,64,67,72,73,74,76,77,82,83,84,85,87,91,92,93,94,96,101,102,103,107"
380,12:00,5,5,김포공항,1,2
380,12:00,7,7,판교,3,"3,16,28"
380,12:00,9,9,평택,6,"48,68,78,88,98,108"
381,12:01,1,1,서울역,33,"1,15,19,20,25,30,32,35,40,44,47,50,55,56,57,58,60,62,65,66,70,71,75,80,81,86,90,95,97,100,104,105,106"
381,12:01,10,10,인천공항,9,"29,39,49,59,69,79,89,99,109"
381,12:01,2,2,수서,3,"4,10,11"
381,12:01,3,3,삼성,1,7
381,12:01,4,4,여의도,47,"9,13,17,21,22,23,24,26,27,31,33,34,36,37,38,41,42,43,45,46,51,52,53,54,61,63,64,67,72,73,74,76,77,82,83,84,85,87,91,92,93,94,96,101,102,103,107"
381,12:01,5,5,김포공항,1,2
381,12:01,7,7,판교,3,"3,16,28"
381,12:01,9,9,평택,6,"48,68,78,88,98,108"
382,12:02,1,1,서울역,33,"1,15,19,20,25,30,32,35,40,44,47,50,55,56,57,58,60,62,65,66,70,71,75,80,81,86,90,95,97,100,104,105,106"
382,12:02,10,10,인천공항,9,"29,39,49,59,69,79,89,99,109"
382,12:02,2,2,수서,3,"4,10,11"
382,12:02,3,3,삼성,1,7
382,12:02,4,4,여의도,46,"9,13,21,22,23,24,26,27,31,33,34,36,37,38,41,42,43,45,46,51,52,53,54,61,63,64,67,72,73,74,76,77,82,83,84,85,87,91,92,93,94,96,101,102,103,107"
382,12:02,5,5,김포공항,1,2
382,12:02,7,7,판교,3,"3,16,28"
382,12:02,9,9,평택,6,"48,68,78,88,98,108"
383,12:03,1,1,서울역,33,"0,15,19,20,25,30,32,35,40,44,47,50,55,56,57,58,60,62,65,66,70,71,75,80,81,86,90,95,97,100,104,105,106"
383,12:03,10,10,인천공항,9,"29,39,49,59,69,79,89,99,109"
383,12:03,2,2,수서,3,"4,10,11"
383,12:03,4,4,여의도,46,"9,13,21,22,23,24,26,27,31,33,34,36,37,38,41,42,43,45,46,51,52,53,54,61,63,64,67,72,73,74,76,77,82,83,84,85,87,91,92,93,94,96,101,102,103,107"
383,12:03,5,5,김포공항,1,2
383,12:03,7,7,판교,3,"3,16,28"
383,12:03,9,9,평택,6,"48,68,78,88,98,108"
384,12:04,1,1,서울역,33,"0,15,19,20,25,30,32,35,40,44,47,50,55,56,57,58,60,62,65,66,70,71,75,80,81,86,90,95,97,100,104,105,106"
384,12:04,10,10,인천공항,9,"29,39,49,59,69,79,89,99,109"
384,12:04,2,2,수서,3,"4,10,11"
384,12:04,3,3,삼성,1,14
384,12:04,4,4,여의도,46,"9,13,21,22,23,24,26,27,31,33,34,36,37,38,41,42,43,45,46,51,52,53,54,61,63,64,67,72,73,74,76,77,82,83,84,85,87,91,92,93,94,96,101,102,103,107"
384,12:04,5,5,김포공항,1,2
384,12:04,7,7,판교,3,"3,16,28"
384,12:04,9,9,평택,6,"48,68,78,88,98,108"
385,12:05,1,1,서울역,33,"0,15,19,20,25,30,32,35,40,44,47,50,55,56,57,58,60,62,65,66,70,71,75,80,81,86,90,95,97,100,104,105,106"
385,12:05,10,10,인천공항,9,"29,39,49,59,69,79,89,99,109"
385,12:05,2,2,수서,3,"4,10,11"
385,12:05,3,3,삼성,1,14
385,12:05,4,4,여의도,46,"9,13,21,22,23,24,26,27,31,33,34,36,37,38,41,42,43,45,46,51,52,53,54,61,63,64,67,72,73,74,76,77,82,83,84,85,87,91,92,93,94,96,101,102,103,107"
385,12:05,5,5,김포공항,1,2
385,12:05,7,7,판교,3,"3,16,28"
385,12:05,9,9,평택,6,"48,68,78,88,98,108"
386,12:06,1,1,서울역,34,"0,5,15,19,20,25,30,32,35,40,44,47,50,55,56,57,58,60,62,65,66,70,71,75,80,81,86,90,95,97,100,104,105,106"
386,12:06,10,10,인천공항,8,"39,49,59,69,79,89,99,109"
386,12:06,2,2,수서,4,"4,10,11,12"
386,12:06,3,3,삼성,1,14
386,12:06,4,4,여의도,46,"9,13,21,22,23,24,26,27,31,33,34,36,37,38,41,42,43,45,46,51,52,53,54,61,63,64,67,72,73,74,76,77,82,83,84,85,87,91,92,93,94,96,101,102,103,107"
386,12:06,5,5,김포공항,1,2
386,12:06,7,7,판교,3,"3,16,28"
386,12:06,9,9,평택,6,"48,68,78,88,98,108"
387,12:07,1,1,서울역,34,"0,5,15,19,20,25,30,32,35,40,44,47,50,55,56,57,58,60,62,65,66,70,71,75,80,81,86,90,95,97,100,104,105,106"
387,12:07,10,10,인천공항,8,"39,49,59,69,79,89,99,109"
387,12:07,2,2,수서,4,"4,10,11,12"
387,12:07,3,3,삼성,1,14
387,12:07,4,4,여의도,46,"9,13,21,22,23,24,26,27,31,33,34,36,37,38,41,42,43,45,46,51,52,53,54,61,63,64,67,72,73,74,76,77,82,83,84,85,87,91,92,93,94,96,101,102,103,107"
387,12:07,5,5,김포공항,1,2
387,12:07,7,7,판교,3,"3,16,28"
387,12:07,9,9,평택,6,"48,68,78,88,98,108"
388,12:08,1,1,서울역,34,"0,5,15,19,20,25,30,32,35,40,44,47,50,55,56,57,58,60,62,65,66,70,71,75,80,81,86,90,95,97,100,104,105,106"
388,12:08,10,10,인천공항,8,"39,49,59,69,79,89,99,109"
388,12:08,2,2,수서,4,"4,10,11,12"
388,12:08,3,3,삼성,1,14
388,12:08,4,4,여의도,45,"9,21,22,23,24,26,27,31,33,34,36,37,38,41,42,43,45,46,51,52,53,54,61,63,64,67,72,73,74,76,77,82,83,84,85,87,91,92,93,94,96,101,102,103,107"
388,12:08,5,5,김포공항,1,2
388,12:08,7,7,판교,3,"3,16,28"
388,12:08,9,9,평택,6,"48,68,78,88,98,108"
389,12:09,1,1,서울역,35,"0,5,7,15,19,20,25,30,32,35,40,44,47,50,55,56,57,58,60,62,65,66,70,71,75,80,81,86,90,95,97,100,104,105,106"
389,12:09,10,10,인천공항,8,"39,49,59,69,79,89,99,109"
389,12:09,2,2,수서,3,"4,10,11"
389,12:09,3,3,삼성,2,"1,14"
389,12:09,4,4,여의도,45,"9,21,22,23,24,26,27,31,33,34,36,37,38,41,42,43,45,46,51,52,53,54,61,63,64,67,72,73,74,76,77,82,83,84,85,87,91,92,93,94,96,101,102,103,107"
389,12:09,5,5,김포공항,2,"2,6"
389,12:09,7,7,판교,5,"3,8,16,17,28"
389,12:09,9,9,평택,6,"48,68,78,88,98,108"
390,12:10,1,1,서울역,35,"0,5,7,15,19,20,25,30,32,35,40,44,47,50,55,56,57,58,60,62,65,66,70,71,75,80,81,86,90,95,97,100,104,105,106"
390,12:10,10,10,인천공항,8,"39,49,59,69,79,89,99,109"
390,12:10,2,2,수서,3,"4,10,11"
390,12:10,3,3,삼성,2,"1,14"
390,12:10,4,4,여의도,45,"9,21,22,23,24,26,27,31,33,34,36,37,38,41,42,43,45,46,51,52,53,54,61,63,64,67,72,73,74,76,77,82,83,84,85,87,91,92,93,94,96,101,102,103,107"
390,12:10,5,5,김포공항,2,"2,6"
390,12:10,7,7,판교,5,"3,8,16,17,28"
390,12:10,9,9,평택,6,"48,68,78,88,98,108"
391,12:11,1,1,서울역,35,"0,5,7,15,19,20,25,30,32,35,40,44,47,50,55,56,57,58,60,62,65,66,70,71,75,80,81,86,90,95,97,100,104,105,106"
391,12:11,10,10,인천공항,9,"18,39,49,59,69,79,89,99,109"
391,12:11,2,2,수서,3,"4,10,11"
391,12:11,3,3,삼성,2,"1,14"
391,12:11,4,4,여의도,45,"9,21,22,23,24,26,27,31,33,34,36,37,38,41,42,43,45,46,51,52,53,54,61,63,64,67,72,73,74,76,77,82,83,84,85,87,91,92,93,94,96,101,102,103,107"
391,12:11,5,5,김포공항,2,"2,6"
391,12:11,7,7,판교,5,"3,8,16,17,28"
391,12:11,9,9,평택,6,"48,68,78,88,98,108"
392,12:12,1,1,서울역,34,"0,7,15,19,20,25,30,32,35,40,44,47,50,55,56,57,58,60,62,65,66,70,71,75,80,81,86,90,95,97,100,104,105,106"
392,12:12,10,10,인천공항,9,"18,39,49,59,69,79,89,99,109"
392,12:12,2,2,수서,3,"4,10,11"
392,12:12,3,3,삼성,3,"1,12,14"
392,12:12,4,4,여의도,45,"9,21,22,23,24,26,27,31,33,34,36,37,38,41,42,43,45,46,51,52,53,54,61,63,64,67,72,73,74,76,77,82,83,84,85,87,91,92,93,94,96,101,102,103,107"
392,12:12,5,5,김포공항,2,"2,6"
392,12:12,7,7,판교,5,"3,8,16,17,28"
392,12:12,9,9,평택,6,"48,68,78,88,98,108"
393,12:13,1,1,서울역,34,"0,7,15,19,20,25,30,32,35,40,44,47,50,55,56,57,58,60,62,65,66,70,71,75,80,81,86,90,95,97,100,104,105,106"
393,12:13,10,10,인천공항,9,"18,39,49,59,69,79,89,99,109"
393,12:13,2,2,수서,3,"4,10,11"
393,12:13,3,3,삼성,3,"1,12,14"
393,12:13,4,4,여의도,45,"9,21,22,23,24,26,27,31,33,34,36,37,38,41,42,43,45,46,51,52,53,54,61,63,64,67,72,73,74,76,77,82,83,84,85,87,91,92,93,94,96,101,102,103,107"
393,12:13,5,5,김포공항,2,"2,6"
393,12:13,7,7,판교,5,"3,8,16,17,28"
393,12:13,9,9,평택,6,"48,68,78,88,98,108"
394,12:14,1,1,서울역,34,"0,7,15,19,20,25,30,32,35,40,44,47,50,55,56,57,58,60,62,65,66,70,71,75,80,81,86,90,95,97,100,104,105,106"
394,12:14,10,10,인천공항,9,"18,39,49,59,69,79,89,99,109"
394,12:14,2,2,수서,3,"4,10,11"
394,12:14,3,3,삼성,3,"1,12,14"
394,12:14,4,4,여의도,45,"9,21,22,23,24,26,27,31,33,34,36,37,38,41,42,43,45,46,51,52,53,54,61,63,64,67,72,73,74,76,77,82,83,84,85,87,91,92,93,94,96,101,102,103,107"
394,12:14,5,5,김포공항,2,"2,6"
394,12:14,7,7,판교,5,"3,8,16,17,28"
394,12:14,9,9,평택,6,"48,68,78,88,98,108"
395,12:15,1,1,서울역,34,"0,7,15,19,20,25,30,32,35,40,44,47,50,55,56,57,58,60,62,65,66,70,71,75,80,81,86,90,95,97,100,104,105,106"
395,12:15,10,10,인천공항,9,"18,39,49,59,69,79,89,99,109"
395,12:15,2,2,수서,3,"4,10,11"
395,12:15,3,3,삼성,3,"1,12,14"
395,12:15,4,4,여의도,45,"9,21,22,23,24,26,27,31,33,34,36,37,38,41,42,43,45,46,51,52,53,54,61,63,64,67,72,73,74,76,77,82,83,84,85,87,91,92,93,94,96,101,102,103,107"
395,12:15,5,5,김포공항,2,"2,6"
395,12:15,6,6,일산,1,13
395,12:15,7,7,판교,5,"3,8,16,17,28"
395,12:15,9,9,평택,6,"48,68,78,88,98,108"
396,12:16,1,1,서울역,34,"0,7,15,19,20,25,30,32,35,40,44,47,50,55,56,57,58,60,62,65,66,70,71,75,80,81,86,90,95,97,100,104,105,106"
396,12:16,10,10,인천공항,9,"18,39,49,59,69,79,89,99,109"
396,12:16,2,2,수서,3,"4,10,11"
396,12:16,3,3,삼성,3,"1,12,14"
396,12:16,4,4,여의도,45,"9,21,22,23,24,26,27,31,33,34,36,37,38,41,42,43,45,46,51,52,53,54,61,63,64,67,72,73,74,76,77,82,83,84,85,87,91,92,93,94,96,101,102,103,107"
396,12:16,5,5,김포공항,2,"2,6"
396,12:16,6,6,일산,1,13
396,12:16,7,7,판교,5,"3,8,16,17,28"
396,12:16,9,9,평택,6,"48,68,78,88,98,108"
397,12:17,1,1,서울역,34,"0,7,15,19,20,25,30,32,35,40,44,47,50,55,56,57,58,60,62,65,66,70,71,75,80,81,86,90,95,97,100,104,105,106"
397,12:17,10,10,인천공항,9,"18,39,49,59,69,79,89,99,109"
397,12:17,2,2,수서,3,"4,10,11"
397,12:17,3,3,삼성,3,"1,12,14"
397,12:17,4,4,여의도,45,"9,21,22,23,24,26,27,31,33,34,36,37,38,41,42,43,45,46,51,52,53,54,61,63,64,67,72,73,74,76,77,82,83,84,85,87,91,92,93,94,96,101,102,103,107"
397,12:17,5,5,김포공항,2,"2,6"
397,12:17,6,6,일산,1,13
397,12:17,7,7,판교,5,"3,8,16,17,28"
397,12:17,9,9,평택,6,"48,68,78,88,98,108"
398,12:18,1,1,서울역,34,"0,7,15,19,20,25,30,32,35,40,44,47,50,55,56,57,58,60,62,65,66,70,71,75,80,81,86,90,95,97,100,104,105,106"
398,12:18,10,10,인천공항,9,"18,39,49,59,69,79,89,99,109"
398,12:18,2,2,수서,3,"4,10,11"
398,12:18,3,3,삼성,3,"1,12,14"
398,12:18,4,4,여의도,46,"9,21,22,23,24,26,27,29,31,33,34,36,37,38,41,42,43,45,46,51,52,53,54,61,63,64,67,72,73,74,76,77,82,83,84,85,87,91,92,93,94,96,101,102,103,107"
398,12:18,5,5,김포공항,2,"2,6"
398,12:18,6,6,일산,1,13
398,12:18,7,7,판교,4,"3,8,16,17"
398,12:18,9,9,평택,6,"48,68,78,88,98,108"
399,12:19,1,1,서울역,34,"0,7,15,19,20,25,30,32,35,40,44,47,50,55,56,57,58,60,62,65,66,70,71,75,80,81,86,90,95,97,100,104,105,106"
399,12:19,10,10,인천공항,9,"18,39,49,59,69,79,89,99,109"
399,12:19,2,2,수서,3,"4,10,11"
399,12:19,3,3,삼성,3,"1,12,14"
399,12:19,4,4,여의도,46,"9,21,22,23,24,26,27,29,31,33,34,36,37,38,41,42,43,45,46,51,52,53,54,61,63,64,67,72,73,74,76,77,82,83,84,85,87,91,92,93,94,96,101,102,103,107"
399,12:19,5,5,김포공항,2,"2,6"
399,12:19,6,6,일산,1,13
399,12:19,7,7,판교,5,"3,5,8,16,17"
399,12:19,9,9,평택,6,"48,68,78,88,98,108"
400,12:20,1,1,서울역,34,"0,7,15,19,20,25,30,32,35,40,44,47,50,55,56,57,58,60,62,65,66,70,71,75,80,81,86,90,95,97,100,104,105,106"
400,12:20,10,10,인천공항,9,"18,39,49,59,69,79,89,99,109"
400,12:20,2,2,수서,3,"4,10,11"
400,12:20,3,3,삼성,3,"1,12,14"
400,12:20,4,4,여의도,46,"9,21,22,23,24,26,27,29,31,33,34,36,37,38,41,42,43,45,46,51,52,53,54,61,63,64,67,72,73,74,76,77,82,83,84,85,87,91,92,93,94,96,101,102,103,107"
400,12:20,5,5,김포공항,2,"2,6"
400,12:20,6,6,일산,1,13
400,12:20,7,7,판교,5,"3,5,8,16,17"
400,12:20,9,9,평택,6,"48,68,78,88,98,108"
401,12:21,1,1,서울역,34,"0,7,15,19,20,25,30,32,35,40,44,47,50,55,56,57,58,60,62,65,66,70,71,75,80,81,86,90,95,97,100,104,105,106"
401,12:21,10,10,인천공항,9,"18,39,49,59,69,79,89,99,109"
401,12:21,2,2,수서,3,"4,10,11"
401,12:21,3,3,삼성,3,"1,12,14"
401,12:21,4,4,여의도,46,"9,21,22,23,24,26,27,29,31,33,34,36,37,38,41,42,43,45,46,51,52,53,54,61,63,64,67,72,73,74,76,77,82,83,84,85,87,91,92,93,94,96,101,102,103,107"
401,12:21,5,5,김포공항,1,2
401,12:21,6,6,일산,1,13
401,12:21,7,7,판교,5,"3,5,8,16,17"
401,12:21,9,9,평택,6,"48,68,78,88,98,108"
402,12:22,1,1,서울역,34,"0,7,15,19,20,25,30,32,35,40,44,47,50,55,56,57,58,60,62,65,66,70,71,75,80,81,86,90,95,97,100,104,105,106"
402,12:22,10,10,인천공항,9,"18,39,49,59,69,79,89,99,109"
402,12:22,2,2,수서,3,"4,10,11"
402,12:22,3,3,삼성,3,"1,12,14"
402,12:22,4,4,여의도,46,"9,21,22,23,24,26,27,29,31,33,34,36,37,38,41,42,43,45,46,51,52,53,54,61,63,64,67,72,73,74,76,77,82,83,84,85,87,91,92,93,94,96,101,102,103,107"
402,12:22,5,5,김포공항,1,2
402,12:22,6,6,일산,1,13
402,12:22,7,7,판교,5,"3,5,8,16,17"
402,12:22,9,9,평택,6,"48,68,78,88,98,108"
403,12:23,1,1,서울역,33,"7,15,19,20,25,30,32,35,40,44,47,50,55,56,57,58,60,62,65,66,70,71,75,80,81,86,90,95,97,100,104,105,106"
403,12:23,10,10,인천공항,9,"18,39,49,59,69,79,89,99,109"
403,12:23,2,2,수서,3,"4,10,11"
403,12:23,3,3,삼성,3,"1,12,14"
403,12:23,4,4,여의도,46,"9,21,22,23,24,26,27,29,31,33,34,36,37,38,41,42,43,45,46,51,52,53,54,61,63,64,67,72,73,74,76,77,82,83,84,85,87,91,92,93,94,96,101,102,103,107"
403,12:23,5,5,김포공항,1,2
403,12:23,6,6,일산,1,13
403,12:23,7,7,판교,5,"3,5,8,16,17"
403,12:23,9,9,평택,6,"48,68,78,88,98,108"
404,12:24,1,1,서울역,33,"7,15,19,20,25,30,32,35,40,44,47,50,55,56,57,58,60,62,65,66,70,71,75,80,81,86,90,95,97,100,104,105,106"
404,12:24,10,10,인천공항,9,"18,39,49,59,69,79,89,99,109"
404,12:24,2,2,수서,3,"4,10,11"
404,12:24,3,3,삼성,3,"1,12,14"
404,12:24,4,4,여의도,46,"9,21,22,23,24,26,27,29,31,33,34,36,37,38,41,42,43,45,46,51,52,53,54,61,63,64,67,72,73,74,76,77,82,83,84,85,87,91,92,93,94,96,101,102,103,107"
404,12:24,5,5,김포공항,1,2
404,12:24,6,6,일산,1,13
404,12:24,7,7,판교,5,"3,5,8,16,17"
404,12:24,9,9,평택,6,"48,68,78,88,98,108"
405,12:25,1,1,서울역,33,"7,15,19,20,25,30,32,35,40,44,47,50,55,56,57,58,60,62,65,66,70,71,75,80,81,86,90,95,97,100,104,105,106"
405,12:25,10,10,인천공항,8,"39,49,59,69,79,89,99,109"
405,12:25,2,2,수서,3,"4,10,11"
405,12:25,3,3,삼성,3,"1,12,14"
405,12:25,4,4,여의도,47,"9,21,22,23,24,26,27,28,29,31,33,34,36,37,38,41,42,43,45,46,51,52,53,54,61,63,64,67,72,73,74,76,77,82,83,84,85,87,91,92,93,94,96,101,102,103,107"
405,12:25,5,5,김포공항,1,2
405,12:25,7,7,판교,5,"3,5,8,16,17"
405,12:25,9,9,평택,6,"48,68,78,88,98,108"
406,12:26,1,1,서울역,33,"7,15,19,20,25,30,32,35,40,44,47,50,55,56,57,58,60,62,65,66,70,71,75,80,81,86,90,95,97,100,104,105,106"
406,12:26,10,10,인천공항,8,"39,49,59,69,79,89,99,109"
406,12:26,2,2,수서,3,"4,10,11"
406,12:26,3,3,삼성,3,"1,12,14"
406,12:26,4,4,여의도,47,"9,21,22,23,24,26,27,28,29,31,33,34,36,37,38,41,42,43,45,46,51,52,53,54,61,63,64,67,72,73,74,76,77,82,83,84,85,87,91,92,93,94,96,101,102,103,107"
406,12:26,5,5,김포공항,1,2
406,12:26,7,7,판교,4,"3,5,16,17"
406,12:26,9,9,평택,6,"48,68,78,88,98,108"
407,12:27,1,1,서울역,33,"7,15,19,20,25,30,32,35,40,44,47,50,55,56,57,58,60,62,65,66,70,71,75,80,81,86,90,95,97,100,104,105,106"
407,12:27,10,10,인천공항,7,"39,49,59,79,89,99,109"
407,12:27,2,2,수서,3,"4,10,11"
407,12:27,3,3,삼성,3,"1,12,14"
407,12:27,4,4,여의도,47,"9,21,22,23,24,26,27,28,29,31,33,34,36,37,38,41,42,43,45,46,51,52,53,54,61,63,64,67,72,73,74,76,77,82,83,84,85,87,91,92,93,94,96,101,102,103,107"
407,12:27,5,5,김포공항,1,2
407,12:27,7,7,판교,3,"5,16,17"
407,12:27,9,9,평택,6,"48,68,78,88,98,108"
408,12:28,1,1,서울역,33,"7,15,19,20,25,30,32,35,40,44,47,50,55,56,57,58,60,62,65,66,70,71,75,80,81,86,90,95,97,100,104,105,106"
408,12:28,10,10,인천공항,7,"39,49,59,79,89,99,109"
408,12:28,2,2,수서,3,"4,10,11"
408,12:28,3,3,삼성,3,"1,12,14"
408,12:28,4,4,여의도,47,"9,21,22,23,24,26,27,28,29,31,33,34,36,37,38,41,42,43,45,46,51,52,53,54,61,63,64,67,72,73,74,76,77,82,83,84,85,87,91,92,93,94,96,101,102,103,107"
408,12:28,5,5,김포공항,1,2
408,12:28,7,7,판교,3,"5,16,17"
408,12:28,9,9,평택,6,"48,68,78,88,98,108"
409,12:29,1,1,서울역,33,"7,15,19,20,25,30,32,35,40,44,47,50,55,56,57,58,60,62,65,66,70,71,75,80,81,86,90,95,97,100,104,105,106"
409,12:29,10,10,인천공항,6,"39,49,79,89,99,109"
409,12:29,2,2,수서,3,"4,10,11"
409,12:29,3,3,삼성,4,"1,6,12,14"
409,12:29,4,4,여의도,47,"9,21,22,23,24,26,27,28,29,31,33,34,36,37,38,41,42,43,45,46,51,52,53,54,61,63,64,67,72,73,74,76,77,82,83,84,85,87,91,92,93,94,96,101,102,103,107"
409,12:29,5,5,김포공항,1,2
409,12:29,7,7,판교,3,"5,16,17"
409,12:29,9,9,평택,6,"48,68,78,88,98,108"
410,12:30,1,1,서울역,33,"7,15,19,20,25,30,32,35,40,44,47,50,55,56,57,58,60,62,65,66,70,71,75,80,81,86,90,95,97,100,104,105,106"
410,12:30,10,10,인천공항,6,"39,49,79,89,99,109"
410,12:30,2,2,수서,3,"4,10,11"
410,12:30,3,3,삼성,4,"1,6,12,14"
410,12:30,4,4,여의도,47,"9,21,22,23,24,26,27,28,29,31,33,34,36,37,38,41,42,43,45,46,51,52,53,54,61,63,64,67,72,73,74,76,77,82,83,84,85,87,91,92,93,94,96,101,102,103,107"
410,12:30,5,5,김포공항,1,2
410,12:30,7,7,판교,4,"0,5,16,17"
410,12:30,9,9,평택,6,"48,68,78,88,98,108"
411,12:31,1,1,서울역,33,"7,15,19,20,25,30,32,35,40,44,47,50,55,56,57,58,60,62,65,66,70,71,75,80,81,86,90,95,97,100,104,105,106"
411,12:31,10,10,인천공항,6,"39,49,79,89,99,109"
411,12:31,2,2,수서,3,"4,10,11"
411,12:31,3,3,삼성,4,"1,6,12,14"
411,12:31,4,4,여의도,47,"9,21,22,23,24,26,27,28,29,31,33,34,36,37,38,41,42,43,45,46,51,52,53,54,61,63,64,67,72,73,74,76,77,82,83,84,85,87,91,92,93,94,96,101,102,103,107"
411,12:31,5,5,김포공항,1,2
411,12:31,7,7,판교,4,"0,5,16,17"
411,12:31,9,9,평택,6,"48,68,78,88,98,108"
412,12:32,1,1,서울역,33,"7,15,19,20,25,30,32,35,40,44,47,50,55,56,57,58,60,62,65,66,70,71,75,80,81,86,90,95,97,100,104,105,106"
412,12:32,10,10,인천공항,6,"39,49,79,89,99,109"
412,12:32,2,2,수서,3,"4,10,11"
412,12:32,3,3,삼성,3,"1,12,14"
412,12:32,4,4,여의도,47,"9,21,22,23,24,26,27,28,29,31,33,34,36,37,38,41,42,43,45,46,51,52,53,54,61,63,64,67,72,73,74,76,77,82,83,84,85,87,91,92,93,94,96,101,102,103,107"
412,12:32,5,5,김포공항,1,2
412,12:32,7,7,판교,3,"0,5,16"
412,12:32,9,9,평택,6,"48,68,78,88,98,108"
413,12:33,1,1,서울역,33,"7,15,19,20,25,30,32,35,40,44,47,50,55,56,57,58,60,62,65,66,70,71,75,80,81,86,90,95,97,100,104,105,106"
413,12:33,10,10,인천공항,6,"39,49,79,89,99,109"
413,12:33,2,2,수서,3,"4,10,11"
413,12:33,3,3,삼성,3,"1,12,14"
413,12:33,4,4,여의도,47,"8,21,22,23,24,26,27,28,29,31,33,34,36,37,38,41,42,43,45,46,51,52,53,54,61,63,64,67,72,73,74,76,77,82,83,84,85,87,91,92,93,94,96,101,102,103,107"
413,12:33,5,5,김포공항,1,2
413,12:33,7,7,판교,3,"0,5,16"
413,12:33,9,9,평택,6,"48,68,78,88,98,108"
414,12:34,1,1,서울역,34,"3,7,15,19,20,25,30,32,35,40,44,47,50,55,56,57,58,60,62,65,66,70,71,75,80,81,86,90,95,97,100,104,105,106"
414,12:34,10,10,인천공항,6,"39,49,79,89,99,109"
414,12:34,2,2,수서,3,"4,10,11"
414,12:34,3,3,삼성,3,"1,12,14"
414,12:34,4,4,여의도,47,"8,21,22,23,24,26,27,28,29,31,33,34,36,37,38,41,42,43,45,46,51,52,53,54,61,63,64,67,72,73,74,76,77,82,83,84,85,87,91,92,93,94,96,101,102,103,107"
414,12:34,5,5,김포공항,1,2
414,12:34,7,7,판교,3,"0,5,16"
414,12:34,9,9,평택,6,"48,68,78,88,98,108"
415,12:35,1,1,서울역,34,"3,7,15,19,20,25,30,32,35,40,44,47,50,55,56,57,58,60,62,65,66,70,71,75,80,81,86,90,95,97,100,104,105,106"
415,12:35,10,10,인천공항,6,"39,49,79,89,99,109"
415,12:35,2,2,수서,4,"4,6,10,11"
415,12:35,3,3,삼성,3,"1,12,14"
415,12:35,4,4,여의도,47,"8,21,22,23,24,26,27,28,29,31,33,34,36,37,38,41,42,43,45,46,51,52,53,54,61,63,64,67,72,73,74,76,77,82,83,84,85,87,91,92,93,94,96,101,102,103,107"
415,12:35,5,5,김포공항,1,2
415,12:35,7,7,판교,3,"0,5,16"
415,12:35,9,9,평택,6,"48,68,78,88,98,108"
416,12:36,1,1,서울역,34,"3,7,15,19,20,25,30,32,35,40,44,47,50,55,56,57,58,60,62,65,66,70,71,75,80,81,86,90,95,97,100,104,105,106"
416,12:36,10,10,인천공항,6,"39,49,79,89,99,109"
416,12:36,2,2,수서,4,"4,6,10,11"
416,12:36,3,3,삼성,3,"1,12,14"
416,12:36,4,4,여의도,47,"8,21,22,23,24,26,27,28,29,31,33,34,36,37,38,41,42,43,45,46,51,52,53,54,61,63,64,67,72,73,74,76,77,82,83,84,85,87,91,92,93,94,96,101,102,103,107"
416,12:36,5,5,김포공항,1,2
416,12:36,7,7,판교,3,"0,5,16"
416,12:36,9,9,평택,6,"48,68,78,88,98,108"
417,12:37,1,1,서울역,34,"3,7,15,19,20,25,30,32,35,40,44,47,50,55,56,57,58,60,62,65,66,70,71,75,80,81,86,90,95,97,100,104,105,106"
417,12:37,10,10,인천공항,6,"39,49,79,89,99,109"
417,12:37,2,2,수서,3,"6,10,11"
417,12:37,3,3,삼성,3,"1,12,14"
417,12:37,4,4,여의도,47,"8,21,22,23,24,26,27,28,29,31,33,34,36,37,38,41,42,43,45,46,51,52,53,54,61,63,64,67,72,73,74,76,77,82,83,84,85,87,91,92,93,94,96,101,102,103,107"
417,12:37,5,5,김포공항,1,2
417,12:37,7,7,판교,4,"0,5,13,16"
417,12:37,9,9,평택,6,"48,68,78,88,98,108"
418,12:38,1,1,서울역,34,"3,7,15,19,20,25,30,32,35,40,44,47,50,55,56,57,58,60,62,65,66,70,71,75,80,81,86,90,95,97,100,104,105,106"
418,12:38,10,10,인천공항,6,"39,49,79,89,99,109"
418,12:38,2,2,수서,3,"6,10,11"
418,12:38,3,3,삼성,3,"1,12,14"
418,12:38,4,4,여의도,47,"8,21,22,23,24,26,27,28,29,31,33,34,36,37,38,41,42,43,45,46,51,52,53,54,61,63,64,67,72,73,74,76,77,82,83,84,85,87,91,92,93,94,96,101,102,103,107"
418,12:38,5,5,김포공항,1,2
418,12:38,7,7,판교,4,"0,5,13,16"
418,12:38,9,9,평택,6,"48,68,78,88,98,108"
419,12:39,1,1,서울역,34,"3,7,15,19,20,25,30,32,35,40,44,47,50,55,56,57,58,60,62,65,66,70,71,75,80,81,86,90,95,97,100,104,105,106"
419,12:39,10,10,인천공항,6,"39,49,79,89,99,109"
419,12:39,2,2,수서,4,"6,9,10,11"
419,12:39,3,3,삼성,3,"1,12,14"
419,12:39,4,4,여의도,49,"8,17,21,22,23,24,26,27,28,29,31,33,34,36,37,38,41,42,43,45,46,51,52,53,54,61,63,64,67,69,72,73,74,76,77,82,83,84,85,87,91,92,93,94,96,101,102,103,107"
419,12:39,5,5,김포공항,1,2
419,12:39,7,7,판교,3,"5,13,16"
419,12:39,9,9,평택,6,"48,68,78,88,98,108"
420,12:40,1,1,서울역,34,"3,7,15,19,20,25,30,32,35,40,44,47,50,55,56,57,58,60,62,65,66,70,71,75,80,81,86,90,95,97,100,104,105,106"
420,12:40,10,10,인천공항,6,"39,49,79,89,99,109"
420,12:40,2,2,수서,4,"6,9,10,11"
420,12:40,3,3,삼성,4,"1,12,14,18"
420,12:40,4,4,여의도,49,"8,17,21,22,23,24,26,27,28,29,31,33,34,36,37,38,41,42,43,45,46,51,52,53,54,61,63,64,67,69,72,73,74,76,77,82,83,84,85,87,91,92,93,94,96,101,102,103,107"
420,12:40,5,5,김포공항,1,2
420,12:40,7,7,판교,3,"5,13,16"
420,12:40,9,9,평택,6,"48,68,78,88,98,108"
421,12:41,1,1,서울역,34,"3,7,15,19,20,25,30,32,35,40,44,47,50,55,56,57,58,60,62,65,66,70,71,75,80,81,86,90,95,97,100,104,105,106"
421,12:41,10,10,인천공항,5,"49,79,89,99,109"
421,12:41,2,2,수서,4,"6,9,10,11"
421,12:41,3,3,삼성,4,"1,12,14,18"
421,12:41,4,4,여의도,49,"8,17,21,22,23,24,26,27,28,29,31,33,34,36,37,38,41,42,43,45,46,51,52,53,54,61,63,64,67,69,72,73,74,76,77,82,83,84,85,87,91,92,93,94,96,101,102,103,107"
421,12:41,5,5,김포공항,1,2
421,12:41,7,7,판교,3,"5,13,16"
421,12:41,9,9,평택,6,"48,68,78,88,98,108"
422,12:42,1,1,서울역,34,"3,7,15,19,20,25,30,32,35,40,44,47,50,55,56,57,58,60,62,65,66,70,71,75,80,81,86,90,95,97,100,104,105,106"
422,12:42,10,10,인천공항,5,"49,79,89,99,109"
422,12:42,2,2,수서,4,"6,9,10,11"
422,12:42,3,3,삼성,4,"1,12,14,18"
422,12:42,4,4,여의도,49,"8,17,21,22,23,24,26,27,28,29,31,33,34,36,37,38,41,42,43,45,46,51,52,53,54,61,63,64,67,69,72,73,74,76,77,82,83,84,85,87,91,92,93,94,96,101,102,103,107"
422,12:42,5,5,김포공항,1,2
422,12:42,7,7,판교,3,"5,13,16"
422,12:42,9,9,평택,6,"48,68,78,88,98,108"
423,12:43,1,1,서울역,34,"3,7,15,19,20,25,30,32,35,40,44,47,50,55,56,57,58,60,62,65,66,70,71,75,80,81,86,90,95,97,100,104,105,106"
423,12:43,10,10,인천공항,5,"49,79,89,99,109"
423,12:43,2,2,수서,4,"6,9,10,11"
423,12:43,3,3,삼성,4,"1,12,14,18"
423,12:43,4,4,여의도,49,"8,17,21,22,23,24,26,27,28,29,31,33,34,36,37,38,41,42,43,45,46,51,52,53,54,61,63,64,67,69,72,73,74,76,77,82,83,84,85,87,91,92,93,94,96,101,102,103,107"
423,12:43,5,5,김포공항,1,2
423,12:43,7,7,판교,3,"5,13,16"
423,12:43,9,9,평택,6,"48,68,78,88,98,108"
424,12:44,1,1,서울역,34,"3,7,15,19,20,25,30,32,35,40,44,47,50,55,56,57,58,60,62,65,66,70,71,75,80,81,86,90,95,97,100,104,105,106"
424,12:44,10,10,인천공항,5,"49,79,89,99,109"
424,12:44,2,2,수서,4,"6,9,10,11"
424,12:44,3,3,삼성,5,"1,12,14,18,59"
424,12:44,4,4,여의도,49,"8,17,21,22,23,24,26,27,28,29,31,33,34,36,37,38,41,42,43,45,46,51,52,53,54,61,63,64,67,69,72,73,74,76,77,82,83,84,85,87,91,92,93,94,96,101,102,103,107"
424,12:44,5,5,김포공항,1,2
424,12:44,7,7,판교,3,"5,13,16"
424,12:44,9,9,평택,6,"48,68,78,88,98,108"
425,12:45,1,1,서울역,34,"3,7,15,19,20,25,30,32,35,40,44,47,50,55,56,57,58,60,62,65,66,70,71,75,80,81,86,90,95,97,100,104,105,106"
425,12:45,10,10,인천공항,5,"49,79,89,99,109"
425,12:45,2,2,수서,4,"6,9,10,11"
425,12:45,3,3,삼성,5,"1,12,14,18,59"
425,12:45,4,4,여의도,49,"8,17,21,22,23,24,26,27,28,29,31,33,34,36,37,38,41,42,43,45,46,51,52,53,54,61,63,64,67,69,72,73,74,76,77,82,83,84,85,87,91,92,93,94,96,101,102,103,107"
425,12:45,5,5,김포공항,2,"2,4"
425,12:45,7,7,판교,3,"5,13,16"
425,12:45,9,9,평택,6,"48,68,78,88,98,108"
426,12:46,1,1,서울역,34,"3,7,15,19,20,25,30,32,35,40,44,47,50,55,56,57,58,60,62,65,66,70,71,75,80,81,86,90,95,97,100,104,105,106"
426,12:46,10,10,인천공항,5,"49,79,89,99,109"
426,12:46,2,2,수서,4,"6,9,10,11"
426,12:46,3,3,삼성,5,"1,12,14,18,59"
426,12:46,4,4,여의도,50,"0,8,17,21,22,23,24,26,27,28,29,31,33,34,36,37,38,41,42,43,45,46,51,52,53,54,61,63,64,67,69,72,73,74,76,77,82,83,84,85,87,91,92,93,94,96,101,102,103,107"
426,12:46,5,5,김포공항,2,"2,4"
426,12:46,7,7,판교,3,"5,13,16"
426,12:46,9,9,평택,6,"48,68,78,88,98,108"
427,12:47,1,1,서울역,34,"3,7,15,19,20,25,30,32,35,40,44,47,50,55,56,57,58,60,62,65,66,70,71,75,80,81,86,90,95,97,100,104,105,106"
427,12:47,10,10,인천공항,4,"49,89,99,109"
427,12:47,2,2,수서,4,"6,9,10,11"
427,12:47,3,3,삼성,5,"1,12,14,18,59"
427,12:47,4,4,여의도,50,"0,8,17,21,22,23,24,26,27,28,29,31,33,34,36,37,38,41,42,43,45,46,51,52,53,54,61,63,64,67,69,72,73,74,76,77,82,83,84,85,87,91,92,93,94,96,101,102,103,107"
427,12:47,5,5,김포공항,2,"2,4"
427,12:47,7,7,판교,3,"5,13,16"
427,12:47,9,9,평택,6,"48,68,78,88,98,108"
428,12:48,1,1,서울역,34,"3,7,15,19,20,25,30,32,35,40,44,47,50,55,56,57,58,60,62,65,66,70,71,75,80,81,86,90,95,97,100,104,105,106"
428,12:48,10,10,인천공항,4,"49,89,99,109"
428,12:48,2,2,수서,3,"6,9,11"
428,12:48,3,3,삼성,5,"1,12,14,18,59"
428,12:48,4,4,여의도,50,"0,8,17,21,22,23,24,26,27,28,29,31,33,34,36,37,38,41,42,43,45,46,51,52,53,54,61,63,64,67,69,72,73,74,76,77,82,83,84,85,87,91,92,93,94,96,101,102,103,107"
428,12:48,5,5,김포공항,2,"2,4"
428,12:48,7,7,판교,3,"5,13,16"
428,12:48,9,9,평택,6,"48,68,78,88,98,108"
429,12:49,1,1,서울역,34,"3,7,15,19,20,25,30,32,35,40,44,47,50,55,56,57,58,60,62,65,66,70,71,75,80,81,86,90,95,97,100,104,105,106"
429,12:49,10,10,인천공항,4,"49,89,99,109"
429,12:49,2,2,수서,3,"6,9,11"
429,12:49,3,3,삼성,5,"1,12,14,18,59"
429,12:49,4,4,여의도,50,"0,8,17,21,22,23,24,26,27,28,29,31,33,34,36,37,38,41,42,43,45,46,51,52,53,54,61,63,64,67,69,72,73,74,76,77,82,83,84,85,87,91,92,93,94,96,101,102,103,107"
429,12:49,5,5,김포공항,2,"2,4"
429,12:49,7,7,판교,3,"5,13,16"
429,12:49,9,9,평택,6,"48,68,78,88,98,108"
430,12:50,1,1,서울역,34,"3,7,15,19,20,25,30,32,35,40,44,47,50,55,56,57,58,60,62,65,66,70,71,75,80,81,86,90,95,97,100,104,105,106"
430,12:50,10,10,인천공항,4,"49,89,99,109"
430,12:50,2,2,수서,3,"6,9,11"
430,12:50,3,3,삼성,5,"1,12,14,18,59"
430,12:50,4,4,여의도,49,"0,17,21,22,23,24,26,27,28,29,31,33,34,36,37,38,41,42,43,45,46,51,52,53,54,61,63,64,67,69,72,73,74,76,77,82,83,84,85,87,91,92,93,94,96,101,102,103,107"
430,12:50,5,5,김포공항,2,"2,4"
430,12:50,7,7,판교,3,"5,13,16"
430,12:50,9,9,평택,6,"48,68,78,88,98,108"
431,12:51,1,1,서울역,34,"3,7,15,19,20,25,30,32,35,40,44,47,50,55,56,57,58,60,62,65,66,70,71,75,80,81,86,90,95,97,100,104,105,106"
431,12:51,10,10,인천공항,4,"49,89,99,109"
431,12:51,2,2,수서,3,"6,9,11"
431,12:51,3,3,삼성,5,"1,12,14,18,59"
431,12:51,4,4,여의도,49,"0,17,21,22,23,24,26,27,28,29,31,33,34,36,37,38,41,42,43,45,46,51,52,53,54,61,63,64,67,69,72,73,74,76,77,82,83,84,85,87,91,92,93,94,96,101,102,103,107"
431,12:51,5,5,김포공항,2,"2,4"
431,12:51,7,7,판교,3,"5,13,16"
431,12:51,9,9,평택,6,"48,68,78,88,98,108"
432,12:52,1,1,서울역,34,"3,7,15,19,20,25,30,32,35,40,44,47,50,55,56,57,58,60,62,65,66,70,71,75,80,81,86,90,95,97,100,104,105,106"
432,12:52,10,10,인천공항,4,"49,89,99,109"
432,12:52,2,2,수서,3,"6,9,11"
432,12:52,3,3,삼성,5,"1,12,14,18,59"
432,12:52,4,4,여의도,49,"0,17,21,22,23,24,26,27,28,29,31,33,34,36,37,38,41,42,43,45,46,51,52,53,54,61,63,64,67,69,72,73,74,76,77,82,83,84,85,87,91,92,93,94,96,101,102,103,107"
432,12:52,5,5,김포공항,2,"2,4"
432,12:52,7,7,판교,3,"5,13,16"
432,12:52,9,9,평택,6,"48,68,78,88,98,108"
433,12:53,1,1,서울역,33,"7,15,19,20,25,30,32,35,40,44,47,50,55,56,57,58,60,62,65,66,70,71,75,80,81,86,90,95,97,100,104,105,106"
433,12:53,10,10,인천공항,4,"49,89,99,109"
433,12:53,2,2,수서,3,"6,9,11"
433,12:53,3,3,삼성,5,"1,12,14,18,59"
433,12:53,4,4,여의도,50,"0,17,21,22,23,24,26,27,28,29,31,33,34,36,37,38,39,41,42,43,45,46,51,52,53,54,61,63,64,67,69,72,73,74,76,77,82,83,84,85,87,91,92,93,94,96,101,102,103,107"
433,12:53,5,5,김포공항,2,"2,4"
433,12:53,7,7,판교,3,"5,13,16"
433,12:53,9,9,평택,6,"48,68,78,88,98,108"
434,12:54,1,1,서울역,33,"7,15,19,20,25,30,32,35,40,44,47,50,55,56,57,58,60,62,65,66,70,71,75,80,81,86,90,95,97,100,104,105,106"
434,12:54,10,10,인천공항,4,"49,89,99,109"
434,12:54,2,2,수서,3,"6,9,11"
434,12:54,3,3,삼성,5,"1,12,14,18,59"
434,12:54,4,4,여의도,50,"0,17,21,22,23,24,26,27,28,29,31,33,34,36,37,38,39,41,42,43,45,46,51,52,53,54,61,63,64,67,69,72,73,74,76,77,82,83,84,85,87,91,92,93,94,96,101,102,103,107"
434,12:54,5,5,김포공항,2,"2,4"
434,12:54,7,7,판교,3,"5,13,16"
434,12:54,9,9,평택,6,"48,68,78,88,98,108"
435,12:55,1,1,서울역,33,"7,15,19,20,25,30,32,35,40,44,47,50,55,56,57,58,60,62,65,66,70,71,75,80,81,86,90,95,97,100,104,105,106"
435,12:55,10,10,인천공항,4,"49,89,99,109"
435,12:55,2,2,수서,2,"9,11"
435,12:55,3,3,삼성,5,"1,12,14,18,59"
435,12:55,4,4,여의도,50,"0,17,21,22,23,24,26,27,28,29,31,33,34,36,37,38,39,41,42,43,45,46,51,52,53,54,61,63,64,67,69,72,73,74,76,77,82,83,84,85,87,91,92,93,94,96,101,102,103,107"
435,12:55,5,5,김포공항,2,"2,4"
435,12:55,7,7,판교,3,"5,13,16"
435,12:55,9,9,평택,6,"48,68,78,88,98,108"
436,12:56,1,1,서울역,33,"7,15,19,20,25,30,32,35,40,44,47,50,55,56,57,58,60,62,65,66,70,71,75,80,81,86,90,95,97,100,104,105,106"
436,12:56,10,10,인천공항,4,"49,89,99,109"
436,12:56,2,2,수서,3,"8,9,11"
436,12:56,3,3,삼성,5,"1,12,14,18,59"
436,12:56,4,4,여의도,50,"0,17,21,22,23,24,26,27,28,29,31,33,34,36,37,38,39,41,42,43,45,46,51,52,53,54,61,63,64,67,69,72,73,74,76,77,82,83,84,85,87,91,92,93,94,96,101,102,103,107"
436,12:56,5,5,김포공항,3,"2,4,10"
436,12:56,7,7,판교,3,"5,13,16"
436,12:56,9,9,평택,6,"48,68,78,88,98,108"
437,12:57,1,1,서울역,33,"7,15,19,20,25,30,32,35,40,44,47,50,55,56,57,58,60,62,65,66,70,71,75,80,81,86,90,95,97,100,104,105,106"
437,12:57,10,10,인천공항,3,"89,99,109"
437,12:57,2,2,수서,3,"8,9,11"
437,12:57,3,3,삼성,5,"1,12,14,18,59"
437,12:57,4,4,여의도,50,"0,17,21,22,23,24,26,27,28,29,31,33,34,36,37,38,39,41,42,43,45,46,51,52,53,54,61,63,64,67,69,72,73,74,76,77,82,83,84,85,87,91,92,93,94,96,101,102,103,107"
437,12:57,5,5,김포공항,3,"2,4,10"
437,12:57,7,7,판교,3,"5,13,16"
437,12:57,9,9,평택,6,"48,68,78,88,98,108"
438,12:58,1,1,서울역,33,"7,15,19,20,25,30,32,35,40,44,47,50,55,56,57,58,60,62,65,66,70,71,75,80,81,86,90,95,97,100,104,105,106"
438,12:58,10,10,인천공항,3,"89,99,109"
438,12:58,2,2,수서,3,"8,9,11"
438,12:58,3,3,삼성,5,"1,12,14,18,59"
438,12:58,4,4,여의도,50,"0,17,21,22,23,24,26,27,28,29,31,33,34,36,37,38,39,41,42,43,45,46,51,52,53,54,61,63,64,67,69,72,73,74,76,77,82,83,84,85,87,91,92,93,94,96,101,102,103,107"
438,12:58,5,5,김포공항,3,"2,4,10"
438,12:58,7,7,판교,3,"5,13,16"
438,12:58,9,9,평택,6,"48,68,78,88,98,108"
439,12:59,1,1,서울역,33,"7,15,19,20,25,30,32,35,40,44,47,50,55,56,57,58,60,62,65,66,70,71,75,80,81,86,90,95,97,100,104,105,106"
439,12:59,10,10,인천공항,3,"89,99,109"
439,12:59,2,2,수서,3,"8,9,11"
439,12:59,3,3,삼성,5,"1,12,14,18,59"
439,12:59,4,4,여의도,50,"0,17,21,22,23,24,26,27,28,29,31,33,34,36,37,38,39,41,42,43,45,46,51,52,53,54,61,63,64,67,69,72,73,74,76,77,82,83,84,85,87,91,92,93,94,96,101,102,103,107"
439,12:59,5,5,김포공항,3,"2,4,10"
439,12:59,7,7,판교,3,"5,13,16"
439,12:59,9,9,평택,6,"48,68,78,88,98,108"
440,13:00,1,1,서울역,33,"7,15,19,20,25,30,32,35,40,44,47,50,55,56,57,58,60,62,65,66,70,71,75,80,81,86,90,95,97,100,104,105,106"
440,13:00,10,10,인천공항,3,"89,99,109"
440,13:00,2,2,수서,3,"8,9,11"
440,13:00,3,3,삼성,5,"1,12,14,18,59"
440,13:00,4,4,여의도,50,"0,17,21,22,23,24,26,27,28,29,31,33,34,36,37,38,39,41,42,43,45,46,51,52,53,54,61,63,64,67,69,72,73,74,76,77,82,83,84,85,87,91,92,93,94,96,101,102,103,107"
440,13:00,5,5,김포공항,3,"2,4,10"
440,13:00,7,7,판교,4,"3,5,13,16"
440,13:00,9,9,평택,6,"48,68,78,88,98,108"
441,13:01,1,1,서울역,33,"7,15,19,20,25,30,32,35,40,44,47,50,55,56,57,58,60,62,65,66,70,71,75,80,81,86,90,95,97,100,104,105,106"
441,13:01,10,10,인천공항,3,"89,99,109"
441,13:01,2,2,수서,3,"8,9,11"
441,13:01,3,3,삼성,5,"1,12,14,18,59"
441,13:01,4,4,여의도,50,"0,17,21,22,23,24,26,27,28,29,31,33,34,36,37,38,39,41,42,43,45,46,51,52,53,54,61,63,64,67,69,72,73,74,76,77,82,83,84,85,87,91,92,93,94,96,101,102,103,107"
441,13:01,5,5,김포공항,3,"2,4,10"
441,13:01,7,7,판교,4,"3,5,13,16"
441,13:01,9,9,평택,6,"48,68,78,88,98,108"
442,13:02,1,1,서울역,33,"7,15,19,20,25,30,32,35,40,44,47,50,55,56,57,58,60,62,65,66,70,71,75,80,81,86,90,95,97,100,104,105,106"
442,13:02,10,10,인천공항,3,"89,99,109"
442,13:02,2,2,수서,3,"8,9,11"
442,13:02,3,3,삼성,6,"1,12,14,18,59,79"
442,13:02,4,4,여의도,50,"0,17,21,22,23,24,26,27,28,29,31,33,34,36,37,38,39,41,42,43,45,46,51,52,53,54,61,63,64,67,69,72,73,74,76,77,82,83,84,85,87,91,92,93,94,96,101,102,103,107"
442,13:02,5,5,김포공항,3,"2,4,10"
442,13:02,7,7,판교,4,"3,5,13,16"
442,13:02,9,9,평택,6,"48,68,78,88,98,108"
443,13:03,1,1,서울역,32,"15,19,20,25,30,32,35,40,44,47,50,55,56,57,58,60,62,65,66,70,71,75,80,81,86,90,95,97,100,104,105,106"
443,13:03,10,10,인천공항,3,"89,99,109"
443,13:03,2,2,수서,3,"8,9,11"
443,13:03,3,3,삼성,5,"12,14,18,59,79"
443,13:03,4,4,여의도,50,"0,17,21,22,23,24,26,27,28,29,31,33,34,36,37,38,39,41,42,43,45,46,51,52,53,54,61,63,64,67,69,72,73,74,76,77,82,83,84,85,87,91,92,93,94,96,101,102,103,107"
443,13:03,5,5,김포공항,4,"2,4,6,10"
443,13:03,7,7,판교,4,"3,5,13,16"
443,13:03,9,9,평택,6,"48,68,78,88,98,108"
444,13:04,1,1,서울역,32,"15,19,20,25,30,32,35,40,44,47,50,55,56,57,58,60,62,65,66,70,71,75,80,81,86,90,95,97,100,104,105,106"
444,13:04,10,10,인천공항,3,"89,99,109"
444,13:04,2,2,수서,3,"8,9,11"
444,13:04,3,3,삼성,5,"12,14,18,59,79"
444,13:04,4,4,여의도,50,"0,17,21,22,23,24,26,27,28,29,31,33,34,36,37,38,39,41,42,43,45,46,51,52,53,54,61,63,64,67,69,72,73,74,76,77,82,83,84,85,87,91,92,93,94,96,101,102,103,107"
444,13:04,5,5,김포공항,4,"2,4,6,10"
444,13:04,7,7,판교,4,"3,5,13,16"
444,13:04,9,9,평택,6,"48,68,78,88,98,108"
445,13:05,1,1,서울역,32,"15,19,20,25,30,32,35,40,44,47,50,55,56,57,58,60,62,65,66,70,71,75,80,81,86,90,95,97,100,104,105,106"
445,13:05,10,10,인천공항,3,"89,99,109"
445,13:05,2,2,수서,3,"8,9,11"
445,13:05,3,3,삼성,5,"12,14,18,59,79"
445,13:05,4,4,여의도,50,"0,17,21,22,23,24,26,27,28,29,31,33,34,36,37,38,39,41,42,43,45,46,51,52,53,54,61,63,64,67,69,72,73,74,76,77,82,83,84,85,87,91,92,93,94,96,101,102,103,107"
445,13:05,5,5,김포공항,4,"2,4,6,10"
445,13:05,7,7,판교,4,"3,5,13,16"
445,13:05,9,9,평택,6,"48,68,78,88,98,108"
446,13:06,1,1,서울역,32,"15,19,20,25,30,32,35,40,44,47,50,55,56,57,58,60,62,65,66,70,71,75,80,81,86,90,95,97,100,104,105,106"
446,13:06,10,10,인천공항,3,"89,99,109"
446,13:06,2,2,수서,3,"8,9,11"
446,13:06,3,3,삼성,5,"12,14,18,59,79"
446,13:06,4,4,여의도,50,"0,17,21,22,23,24,26,27,28,29,31,33,34,36,37,38,39,41,42,43,45,46,51,52,53,54,61,63,64,67,69,72,73,74,76,77,82,83,84,85,87,91,92,93,94,96,101,102,103,107"
446,13:06,5,5,김포공항,4,"2,4,6,10"
446,13:06,7,7,판교,4,"3,5,13,16"
446,13:06,9,9,평택,6,"48,68,78,88,98,108"
447,13:07,1,1,서울역,32,"15,19,20,25,30,32,35,40,44,47,50,55,56,57,58,60,62,65,66,70,71,75,80,81,86,90,95,97,100,104,105,106"
447,13:07,10,10,인천공항,3,"89,99,109"
447,13:07,2,2,수서,3,"8,9,11"
447,13:07,3,3,삼성,5,"12,14,18,59,79"
447,13:07,4,4,여의도,50,"0,17,21,22,23,24,26,27,28,29,31,33,34,36,37,38,39,41,42,43,45,46,51,52,53,54,61,63,64,67,69,72,73,74,76,77,82,83,84,85,87,91,92,93,94,96,101,102,103,107"
447,13:07,5,5,김포공항,4,"2,4,6,10"
447,13:07,7,7,판교,4,"3,5,13,16"
447,13:07,9,9,평택,5,"68,78,88,98,108"
448,13:08,1,1,서울역,32,"15,19,20,25,30,32,35,40,44,47,50,55,56,57,58,60,62,65,66,70,71,75,80,81,86,90,95,97,100,104,105,106"
448,13:08,10,10,인천공항,3,"89,99,109"
448,13:08,2,2,수서,2,"9,11"
448,13:08,3,3,삼성,5,"12,14,18,59,79"
448,13:08,4,4,여의도,50,"0,17,21,22,23,24,26,27,28,29,31,33,34,36,37,38,39,41,42,43,45,46,51,52,53,54,61,63,64,67,69,72,73,74,76,77,82,83,84,85,87,91,92,93,94,96,101,102,103,107"
448,13:08,5,5,김포공항,4,"2,4,6,10"
448,13:08,7,7,판교,4,"3,5,13,16"
448,13:08,9,9,평택,5,"68,78,88,98,108"
449,13:09,1,1,서울역,32,"15,19,20,25,30,32,35,40,44,47,50,55,56,57,58,60,62,65,66,70,71,75,80,81,86,90,95,97,100,104,105,106"
449,13:09,10,10,인천공항,3,"89,99,109"
449,13:09,2,2,수서,2,"9,11"
449,13:09,3,3,삼성,5,"12,14,18,59,79"
449,13:09,4,4,여의도,51,"0,17,21,22,23,24,26,27,28,29,31,33,34,36,37,38,39,41,42,43,45,46,49,51,52,53,54,61,63,64,67,69,72,73,74,76,77,82,83,84,85,87,91,92,93,94,96,101,102,103,107"
449,13:09,5,5,김포공항,4,"2,4,6,10"
449,13:09,7,7,판교,4,"3,5,13,16"
449,13:09,9,9,평택,5,"68,78,88,98,108"
450,13:10,1,1,서울역,32,"15,19,20,25,30,32,35,40,44,47,50,55,56,57,58,60,62,65,66,70,71,75,80,81,86,90,95,97,100,104,105,106"
450,13:10,10,10,인천공항,3,"89,99,109"
450,13:10,2,2,수서,2,"9,11"
450,13:10,3,3,삼성,5,"12,14,18,59,79"
450,13:10,4,4,여의도,50,"17,21,22,23,24,26,27,28,29,31,33,34,36,37,38,39,41,42,43,45,46,49,51,52,53,54,61,63,64,67,69,72,73,74,76,77,82,83,84,85,87,91,92,93,94,96,101,102,103,107"
450,13:10,5,5,김포공항,4,"2,4,6,10"
450,13:10,7,7,판교,5,"3,5,7,13,16"
450,13:10,9,9,평택,5,"68,78,88,98,108"
451,13:11,1,1,서울역,32,"15,19,20,25,30,32,35,40,44,47,50,55,56,57,58,60,62,65,66,70,71,75,80,81,86,90,95,97,100,104,105,106"
451,13:11,10,10,인천공항,3,"89,99,109"
451,13:11,2,2,수서,2,"9,11"
451,13:11,3,3,삼성,5,"12,14,18,59,79"
451,13:11,4,4,여의도,50,"17,21,22,23,24,26,27,28,29,31,33,34,36,37,38,39,41,42,43,45,46,49,51,52,53,54,61,63,64,67,69,72,73,74,76,77,82,83,84,85,87,91,92,93,94,96,101,102,103,107"
451,13:11,5,5,김포공항,4,"2,4,6,10"
451,13:11,7,7,판교,5,"3,5,7,13,16"
451,13:11,9,9,평택,5,"68,78,88,98,108"
452,13:12,1,1,서울역,32,"15,19,20,25,30,32,35,40,44,47,50,55,56,57,58,60,62,65,66,70,71,75,80,81,86,90,95,97,100,104,105,106"
452,13:12,10,10,인천공항,3,"89,99,109"
452,13:12,2,2,수서,2,"9,11"
452,13:12,3,3,삼성,5,"12,14,18,59,79"
452,13:12,4,4,여의도,50,"17,21,22,23,24,26,27,28,29,31,33,34,36,37,38,39,41,42,43,45,46,49,51,52,53,54,61,63,64,67,69,72,73,74,76,77,82,83,84,85,87,91,92,93,94,96,101,102,103,107"
452,13:12,5,5,김포공항,4,"2,4,6,10"
452,13:12,7,7,판교,5,"3,5,7,13,16"
452,13:12,9,9,평택,5,"68,78,88,98,108"
453,13:13,1,1,서울역,32,"15,19,20,25,30,32,35,40,44,47,50,55,56,57,58,60,62,65,66,70,71,75,80,81,86,90,95,97,100,104,105,106"
453,13:13,10,10,인천공항,3,"89,99,109"
453,13:13,2,2,수서,2,"9,11"
453,13:13,3,3,삼성,5,"12,14,18,59,79"
453,13:13,4,4,여의도,50,"17,21,22,23,24,26,27,28,29,31,33,34,36,37,38,39,41,42,43,45,46,49,51,52,53,54,61,63,64,67,69,72,73,74,76,77,82,83,84,85,87,91,92,93,94,96,101,102,103,107"
453,13:13,5,5,김포공항,4,"2,4,6,10"
453,13:13,6,6,일산,1,1
453,13:13,7,7,판교,5,"3,5,7,13,16"
453,13:13,9,9,평택,5,"68,78,88,98,108"
454,13:14,1,1,서울역,32,"15,19,20,25,30,32,35,40,44,47,50,55,56,57,58,60,62,65,66,70,71,75,80,81,86,90,95,97,100,104,105,106"
454,13:14,10,10,인천공항,3,"89,99,109"
454,13:14,2,2,수서,2,"9,11"
454,13:14,3,3,삼성,5,"12,14,18,59,79"
454,13:14,4,4,여의도,50,"17,21,22,23,24,26,27,28,29,31,33,34,36,37,38,39,41,42,43,45,46,49,51,52,53,54,61,63,64,67,69,72,73,74,76,77,82,83,84,85,87,91,92,93,94,96,101,102,103,107"
454,13:14,5,5,김포공항,4,"2,4,6,10"
454,13:14,6,6,일산,1,1
454,13:14,7,7,판교,5,"3,5,7,13,16"
454,13:14,9,9,평택,5,"68,78,88,98,108"
455,13:15,1,1,서울역,32,"15,19,20,25,30,32,35,40,44,47,50,55,56,57,58,60,62,65,66,70,71,75,80,81,86,90,95,97,100,104,105,106"
455,13:15,10,10,인천공항,3,"89,99,109"
455,13:15,2,2,수서,2,"9,11"
455,13:15,3,3,삼성,5,"12,14,18,59,79"
455,13:15,4,4,여의도,50,"17,21,22,23,24,26,27,28,29,31,33,34,36,37,38,39,41,42,43,45,46,49,51,52,53,54,61,63,64,67,69,72,73,74,76,77,82,83,84,85,87,91,92,93,94,96,101,102,103,107"
455,13:15,5,5,김포공항,4,"2,4,6,10"
455,13:15,6,6,일산,1,1
455,13:15,7,7,판교,5,"3,5,7,13,16"
455,13:15,9,9,평택,5,"68,78,88,98,108"
456,13:16,1,1,서울역,32,"15,19,20,25,30,32,35,40,44,47,50,55,56,57,58,60,62,65,66,70,71,75,80,81,86,90,95,97,100,104,105,106"
456,13:16,10,10,인천공항,3,"89,99,109"
456,13:16,2,2,수서,3,"0,9,11"
456,13:16,3,3,삼성,5,"12,14,18,59,79"
456,13:16,4,4,여의도,50,"17,21,22,23,24,26,27,28,29,31,33,34,36,37,38,39,41,42,43,45,46,49,51,52,53,54,61,63,64,67,69,72,73,74,76,77,82,83,84,85,87,91,92,93,94,96,101,102,103,107"
456,13:16,5,5,김포공항,5,"2,4,6,8,10"
456,13:16,6,6,일산,1,1
456,13:16,7,7,판교,4,"5,7,13,16"
456,13:16,9,9,평택,5,"68,78,88,98,108"
457,13:17,1,1,서울역,32,"15,19,20,25,30,32,35,40,44,47,50,55,56,57,58,60,62,65,66,70,71,75,80,81,86,90,95,97,100,104,105,106"
457,13:17,10,10,인천공항,3,"89,99,109"
457,13:17,2,2,수서,3,"0,9,11"
457,13:17,3,3,삼성,5,"12,14,18,59,79"
457,13:17,4,4,여의도,50,"17,21,22,23,24,26,27,28,29,31,33,34,36,37,38,39,41,42,43,45,46,49,51,52,53,54,61,63,64,67,69,72,73,74,76,77,82,83,84,85,87,91,92,93,94,96,101,102,103,107"
457,13:17,5,5,김포공항,5,"2,4,6,8,10"
457,13:17,6,6,일산,1,1
457,13:17,7,7,판교,4,"5,7,13,16"
457,13:17,9,9,평택,5,"68,78,88,98,108"
458,13:18,1,1,서울역,32,"15,19,20,25,30,32,35,40,44,47,50,55,56,57,58,60,62,65,66,70,71,75,80,81,86,90,95,97,100,104,105,106"
458,13:18,10,10,인천공항,3,"89,99,109"
458,13:18,2,2,수서,3,"0,9,11"
458,13:18,3,3,삼성,5,"12,14,18,59,79"
458,13:18,4,4,여의도,50,"17,21,22,23,24,26,27,28,29,31,33,34,36,37,38,39,41,42,43,45,46,49,51,52,53,54,61,63,64,67,69,72,73,74,76,77,82,83,84,85,87,91,92,93,94,96,101,102,103,107"
458,13:18,5,5,김포공항,5,"2,4,6,8,10"
458,13:18,6,6,일산,1,1
458,13:18,7,7,판교,4,"5,7,13,16"
458,13:18,9,9,평택,5,"68,78,88,98,108"
459,13:19,1,1,서울역,32,"15,19,20,25,30,32,35,40,44,47,50,55,56,57,58,60,62,65,66,70,71,75,80,81,86,90,95,97,100,104,105,106"
459,13:19,10,10,인천공항,3,"89,99,109"
459,13:19,2,2,수서,3,"0,9,11"
459,13:19,3,3,삼성,5,"12,14,18,59,79"
459,13:19,4,4,여의도,50,"17,21,22,23,24,26,27,28,29,31,33,34,36,37,38,39,41,42,43,45,46,49,51,52,53,54,61,63,64,67,69,72,73,74,76,77,82,83,84,85,87,91,92,93,94,96,101,102,103,107"
459,13:19,5,5,김포공항,5,"2,4,6,8,10"
459,13:19,6,6,일산,1,1
459,13:19,7,7,판교,4,"5,7,13,16"
459,13:19,9,9,평택,5,"68,78,88,98,108"
460,13:20,1,1,서울역,32,"15,19,20,25,30,32,35,40,44,47,50,55,56,57,58,60,62,65,66,70,71,75,80,81,86,90,95,97,100,104,105,106"
460,13:20,10,10,인천공항,3,"89,99,109"
460,13:20,2,2,수서,3,"0,9,11"
460,13:20,3,3,삼성,5,"12,14,18,59,79"
460,13:20,4,4,여의도,50,"17,21,22,23,24,26,27,28,29,31,33,34,36,37,38,39,41,42,43,45,46,49,51,52,53,54,61,63,64,67,69,72,73,74,76,77,82,83,84,85,87,91,92,93,94,96,101,102,103,107"
460,13:20,5,5,김포공항,5,"2,4,6,8,10"
460,13:20,6,6,일산,1,1
460,13:20,7,7,판교,4,"5,7,13,16"
460,13:20,9,9,평택,5,"68,78,88,98,108"
461,13:21,1,1,서울역,32,"15,19,20,25,30,32,35,40,44,47,50,55,56,57,58,60,62,65,66,70,71,75,80,81,86,90,95,97,100,104,105,106"
461,13:21,10,10,인천공항,3,"89,99,109"
461,13:21,2,2,수서,4,"0,9,11,48"
461,13:21,3,3,삼성,5,"12,14,18,59,79"
461,13:21,4,4,여의도,50,"17,21,22,23,24,26,27,28,29,31,33,34,36,37,38,39,41,42,43,45,46,49,51,52,53,54,61,63,64,67,69,72,73,74,76,77,82,83,84,85,87,91,92,93,94,96,101,102,103,107"
461,13:21,5,5,김포공항,5,"2,4,6,8,10"
461,13:21,6,6,일산,1,1
461,13:21,7,7,판교,4,"5,7,13,16"
461,13:21,9,9,평택,5,"68,78,88,98,108"
462,13:22,1,1,서울역,32,"15,19,20,25,30,32,35,40,44,47,50,55,56,57,58,60,62,65,66,70,71,75,80,81,86,90,95,97,100,104,105,106"
462,13:22,10,10,인천공항,3,"89,99,109"
462,13:22,2,2,수서,4,"0,9,11,48"
462,13:22,3,3,삼성,5,"12,14,18,59,79"
462,13:22,4,4,여의도,50,"17,21,22,23,24,26,27,28,29,31,33,34,36,37,38,39,41,42,43,45,46,49,51,52,53,54,61,63,64,67,69,72,73,74,76,77,82,83,84,85,87,91,92,93,94,96,101,102,103,107"
462,13:22,5,5,김포공항,5,"2,4,6,8,10"
462,13:22,7,7,판교,4,"5,7,13,16"
462,13:22,9,9,평택,5,"68,78,88,98,108"
463,13:23,1,1,서울역,33,"3,15,19,20,25,30,32,35,40,44,47,50,55,56,57,58,60,62,65,66,70,71,75,80,81,86,90,95,97,100,104,105,106"
463,13:23,10,10,인천공항,3,"89,99,109"
463,13:23,2,2,수서,4,"0,9,11,48"
463,13:23,3,3,삼성,5,"12,14,18,59,79"
463,13:23,4,4,여의도,50,"17,21,22,23,24,26,27,28,29,31,33,34,36,37,38,39,41,42,43,45,46,49,51,52,53,54,61,63,64,67,69,72,73,74,76,77,82,83,84,85,87,91,92,93,94,96,101,102,103,107"
463,13:23,5,5,김포공항,5,"2,4,6,8,10"
463,13:23,7,7,판교,4,"5,7,13,16"
463,13:23,9,9,평택,5,"68,78,88,98,108"
464,13:24,1,1,서울역,33,"3,15,19,20,25,30,32,35,40,44,47,50,55,56,57,58,60,62,65,66,70,71,75,80,81,86,90,95,97,100,104,105,106"
464,13:24,10,10,인천공항,3,"89,99,109"
464,13:24,2,2,수서,3,"0,9,11"
464,13:24,3,3,삼성,5,"12,14,18,59,79"
464,13:24,4,4,여의도,50,"17,21,22,23,24,26,27,28,29,31,33,34,36,37,38,39,41,42,43,45,46,49,51,52,53,54,61,63,64,67,69,72,73,74,76,77,82,83,84,85,87,91,92,93,94,96,101,102,103,107"
464,13:24,5,5,김포공항,5,"2,4,6,8,10"
464,13:24,7,7,판교,4,"5,7,13,16"
464,13:24,9,9,평택,5,"68,78,88,98,108"
465,13:25,1,1,서울역,33,"3,15,19,20,25,30,32,35,40,44,47,50,55,56,57,58,60,62,65,66,70,71,75,80,81,86,90,95,97,100,104,105,106"
465,13:25,10,10,인천공항,3,"89,99,109"
465,13:25,2,2,수서,3,"0,9,11"
465,13:25,3,3,삼성,5,"12,14,18,59,79"
465,13:25,4,4,여의도,50,"17,21,22,23,24,26,27,28,29,31,33,34,36,37,38,39,41,42,43,45,46,49,51,52,53,54,61,63,64,67,69,72,73,74,76,77,82,83,84,85,87,91,92,93,94,96,101,102,103,107"
465,13:25,5,5,김포공항,5,"2,4,6,8,10"
465,13:25,7,7,판교,3,"7,13,16"
465,13:25,9,9,평택,5,"68,78,88,98,108"
466,13:26,1,1,서울역,33,"3,15,19,20,25,30,32,35,40,44,47,50,55,56,57,58,60,62,65,66,70,71,75,80,81,86,90,95,97,100,104,105,106"
466,13:26,10,10,인천공항,3,"89,99,109"
466,13:26,2,2,수서,3,"0,9,11"
466,13:26,3,3,삼성,5,"12,14,18,59,79"
466,13:26,4,4,여의도,50,"17,21,22,23,24,26,27,28,29,31,33,34,36,37,38,39,41,42,43,45,46,49,51,52,53,54,61,63,64,67,69,72,73,74,76,77,82,83,84,85,87,91,92,93,94,96,101,102,103,107"
466,13:26,5,5,김포공항,5,"2,4,6,8,10"
466,13:26,7,7,판교,3,"7,13,16"
466,13:26,9,9,평택,5,"68,78,88,98,108"
467,13:27,1,1,서울역,33,"3,15,19,20,25,30,32,35,40,44,47,50,55,56,57,58,60,62,65,66,70,71,75,80,81,86,90,95,97,100,104,105,106"
467,13:27,10,10,인천공항,3,"89,99,109"
467,13:27,2,2,수서,3,"0,9,11"
467,13:27,3,3,삼성,6,"12,14,18,48,59,79"
467,13:27,4,4,여의도,50,"17,21,22,23,24,26,27,28,29,31,33,34,36,37,38,39,41,42,43,45,46,49,51,52,53,54,61,63,64,67,69,72,73,74,76,77,82,83,84,85,87,91,92,93,94,96,101,102,103,107"
467,13:27,5,5,김포공항,5,"2,4,6,8,10"
467,13:27,7,7,판교,3,"7,13,16"
467,13:27,9,9,평택,5,"68,78,88,98,108"
468,13:28,1,1,서울역,33,"3,15,19,20,25,30,32,35,40,44,47,50,55,56,57,58,60,62,65,66,70,71,75,80,81,86,90,95,97,100,104,105,106"
468,13:28,10,10,인천공항,3,"89,99,109"
468,13:28,2,2,수서,3,"0,9,11"
468,13:28,3,3,삼성,6,"12,14,18,48,59,79"
468,13:28,4,4,여의도,50,"17,21,22,23,24,26,27,28,29,31,33,34,36,37,38,39,41,42,43,45,46,49,51,52,53,54,61,63,64,67,69,72,73,74,76,77,82,83,84,85,87,91,92,93,94,96,101,102,103,107"
468,13:28,5,5,김포공항,5,"2,4,6,8,10"
468,13:28,7,7,판교,2,"13,16"
468,13:28,9,9,평택,5,"68,78,88,98,108"
469,13:29,1,1,서울역,33,"3,15,19,20,25,30,32,35,40,44,47,50,55,56,57,58,60,62,65,66,70,71,75,80,81,86,90,95,97,100,104,105,106"
469,13:29,10,10,인천공항,3,"89,99,109"
469,13:29,2,2,수서,3,"0,9,11"
469,13:29,3,3,삼성,6,"12,14,18,48,59,79"
469,13:29,4,4,여의도,50,"17,21,22,23,24,26,27,28,29,31,33,34,36,37,38,39,41,42,43,45,46,49,51,52,53,54,61,63,64,67,69,72,73,74,76,77,82,83,84,85,87,91,92,93,94,96,101,102,103,107"
469,13:29,5,5,김포공항,5,"2,4,6,8,10"
469,13:29,7,7,판교,2,"13,16"
469,13:29,9,9,평택,5,"68,78,88,98,108"
470,13:30,1,1,서울역,33,"3,15,19,20,25,30,32,35,40,44,47,50,55,56,57,58,60,62,65,66,70,71,75,80,81,86,90,95,97,100,104,105,106"
470,13:30,10,10,인천공항,3,"89,99,109"
470,13:30,2,2,수서,3,"0,9,11"
470,13:30,3,3,삼성,6,"12,14,18,48,59,79"
470,13:30,4,4,여의도,50,"17,21,22,23,24,26,27,28,29,31,33,34,36,37,38,39,41,42,43,45,46,49,51,52,53,54,61,63,64,67,69,72,73,74,76,77,82,83,84,85,87,91,92,93,94,96,101,102,103,107"
470,13:30,5,5,김포공항,5,"2,4,6,8,10"
470,13:30,7,7,판교,2,"13,16"
470,13:30,9,9,평택,5,"68,78,88,98,108"
471,13:31,1,1,서울역,33,"3,15,19,20,25,30,32,35,40,44,47,50,55,56,57,58,60,62,65,66,70,71,75,80,81,86,90,95,97,100,104,105,106"
471,13:31,10,10,인천공항,3,"89,99,109"
471,13:31,2,2,수서,3,"0,9,11"
471,13:31,3,3,삼성,6,"12,14,18,48,59,79"
471,13:31,4,4,여의도,50,"17,21,22,23,24,26,27,28,29,31,33,34,36,37,38,39,41,42,43,45,46,49,51,52,53,54,61,63,64,67,69,72,73,74,76,77,82,83,84,85,87,91,92,93,94,96,101,102,103,107"
471,13:31,5,5,김포공항,5,"2,4,6,8,10"
471,13:31,7,7,판교,2,"13,16"
471,13:31,9,9,평택,5,"68,78,88,98,108"
472,13:32,1,1,서울역,33,"3,15,19,20,25,30,32,35,40,44,47,50,55,56,57,58,60,62,65,66,70,71,75,80,81,86,90,95,97,100,104,105,106"
472,13:32,10,10,인천공항,3,"89,99,109"
472,13:32,2,2,수서,3,"0,9,11"
472,13:32,3,3,삼성,6,"12,14,18,48,59,79"
472,13:32,4,4,여의도,51,"5,17,21,22,23,24,26,27,28,29,31,33,34,36,37,38,39,41,42,43,45,46,49,51,52,53,54,61,63,64,67,69,72,73,74,76,77,82,83,84,85,87,91,92,93,94,96,101,102,103,107"
472,13:32,5,5,김포공항,5,"2,4,6,8,10"
472,13:32,7,7,판교,2,"13,16"
472,13:32,9,9,평택,5,"68,78,88,98,108"
473,13:33,1,1,서울역,33,"3,15,19,20,25,30,32,35,40,44,47,50,55,56,57,58,60,62,65,66,70,71,75,80,81,86,90,95,97,100,104,105,106"
473,13:33,10,10,인천공항,3,"89,99,109"
473,13:33,2,2,수서,3,"0,9,11"
473,13:33,3,3,삼성,6,"12,14,18,48,59,79"
473,13:33,4,4,여의도,51,"5,17,21,22,23,24,26,27,28,29,31,33,34,36,37,38,39,41,42,43,45,46,49,51,52,53,54,61,63,64,67,69,72,73,74,76,77,82,83,84,85,87,91,92,93,94,96,101,102,103,107"
473,13:33,5,5,김포공항,5,"2,4,6,8,10"
473,13:33,7,7,판교,2,"13,16"
473,13:33,9,9,평택,5,"68,78,88,98,108"
474,13:34,1,1,서울역,33,"3,15,19,20,25,30,32,35,40,44,47,50,55,56,57,58,60,62,65,66,70,71,75,80,81,86,90,95,97,100,104,105,106"
474,13:34,10,10,인천공항,3,"89,99,109"
474,13:34,2,2,수서,3,"0,9,11"
474,13:34,3,3,삼성,6,"12,14,18,48,59,79"
474,13:34,4,4,여의도,50,"5,21,22,23,24,26,27,28,29,31,33,34,36,37,38,39,41,42,43,45,46,49,51,52,53,54,61,63,64,67,69,72,73,74,76,77,82,83,84,85,87,91,92,93,94,96,101,102,103,107"
474,13:34,5,5,김포공항,5,"2,4,6,8,10"
474,13:34,7,7,판교,3,"1,13,16"
474,13:34,9,9,평택,5,"68,78,88,98,108"
475,13:35,1,1,서울역,33,"3,15,19,20,25,30,32,35,40,44,47,50,55,56,57,58,60,62,65,66,70,71,75,80,81,86,90,95,97,100,104,105,106"
475,13:35,10,10,인천공항,2,"99,109"
475,13:35,2,2,수서,3,"0,9,11"
475,13:35,3,3,삼성,6,"12,14,18,48,59,79"
475,13:35,4,4,여의도,51,"5,7,21,22,23,24,26,27,28,29,31,33,34,36,37,38,39,41,42,43,45,46,49,51,52,53,54,61,63,64,67,69,72,73,74,76,77,82,83,84,85,87,91,92,93,94,96,101,102,103,107"
475,13:35,5,5,김포공항,5,"2,4,6,8,10"
475,13:35,7,7,판교,3,"1,13,16"
475,13:35,9,9,평택,5,"68,78,88,98,108"
476,13:36,1,1,서울역,33,"3,15,19,20,25,30,32,35,40,44,47,50,55,56,57,58,60,62,65,66,70,71,75,80,81,86,90,95,97,100,104,105,106"
476,13:36,10,10,인천공항,2,"99,109"
476,13:36,2,2,수서,3,"0,9,11"
476,13:36,3,3,삼성,6,"12,14,18,48,59,79"
476,13:36,4,4,여의도,51,"5,7,21,22,23,24,26,27,28,29,31,33,34,36,37,38,39,41,42,43,45,46,49,51,52,53,54,61,63,64,67,69,72,73,74,76,77,82,83,84,85,87,91,92,93,94,96,101,102,103,107"
476,13:36,5,5,김포공항,5,"2,4,6,8,10"
476,13:36,7,7,판교,3,"1,13,16"
476,13:36,9,9,평택,5,"68,78,88,98,108"
477,13:37,1,1,서울역,33,"3,15,19,20,25,30,32,35,40,44,47,50,55,56,57,58,60,62,65,66,70,71,75,80,81,86,90,95,97,100,104,105,106"
477,13:37,10,10,인천공항,2,"99,109"
477,13:37,2,2,수서,3,"0,9,11"
477,13:37,3,3,삼성,6,"12,14,18,48,59,79"
477,13:37,4,4,여의도,51,"5,7,21,22,23,24,26,27,28,29,31,33,34,36,37,38,39,41,42,43,45,46,49,51,52,53,54,61,63,64,67,69,72,73,74,76,77,82,83,84,85,87,91,92,93,94,96,101,102,103,107"
477,13:37,5,5,김포공항,5,"2,4,6,8,10"
477,13:37,7,7,판교,3,"1,13,16"
477,13:37,9,9,평택,5,"68,78,88,98,108"
478,13:38,1,1,서울역,33,"3,15,19,20,25,30,32,35,40,44,47,50,55,56,57,58,60,62,65,66,70,71,75,80,81,86,90,95,97,100,104,105,106"
478,13:38,10,10,인천공항,2,"99,109"
478,13:38,2,2,수서,3,"0,9,11"
478,13:38,3,3,삼성,6,"12,14,18,48,59,79"
478,13:38,4,4,여의도,50,"7,21,22,23,24,26,27,28,29,31,33,34,36,37,38,39,41,42,43,45,46,49,51,52,53,54,61,63,64,67,69,72,73,74,76,77,82,83,84,85,87,91,92,93,94,96,101,102,103,107"
478,13:38,5,5,김포공항,5,"2,4,6,8,10"
478,13:38,7,7,판교,3,"1,13,16"
478,13:38,9,9,평택,5,"68,78,88,98,108"
479,13:39,1,1,서울역,33,"3,15,19,20,25,30,32,35,40,44,47,50,55,56,57,58,60,62,65,66,70,71,75,80,81,86,90,95,97,100,104,105,106"
479,13:39,10,10,인천공항,2,"99,109"
479,13:39,2,2,수서,3,"0,9,11"
479,13:39,3,3,삼성,6,"12,14,18,48,59,79"
479,13:39,4,4,여의도,50,"7,21,22,23,24,26,27,28,29,31,33,34,36,37,38,39,41,42,43,45,46,49,51,52,53,54,61,63,64,67,69,72,73,74,76,77,82,83,84,85,87,91,92,93,94,96,101,102,103,107"
479,13:39,5,5,김포공항,5,"2,4,6,8,10"
479,13:39,7,7,판교,3,"1,13,16"
479,13:39,9,9,평택,5,"68,78,88,98,108"
480,13:40,1,1,서울역,33,"3,15,19,20,25,30,32,35,40,44,47,50,55,56,57,58,60,62,65,66,70,71,75,80,81,86,90,95,97,100,104,105,106"
480,13:40,10,10,인천공항,2,"99,109"
480,13:40,2,2,수서,4,"0,9,11,17"
480,13:40,3,3,삼성,6,"12,14,18,48,59,79"
480,13:40,4,4,여의도,50,"7,21,22,23,24,26,27,28,29,31,33,34,36,37,38,39,41,42,43,45,46,49,51,52,53,54,61,63,64,67,69,72,73,74,76,77,82,83,84,85,87,91,92,93,94,96,101,102,103,107"
480,13:40,5,5,김포공항,5,"2,4,6,8,10"
480,13:40,7,7,판교,3,"1,13,16"
480,13:40,9,9,평택,5,"68,78,88,98,108"
481,13:41,1,1,서울역,33,"3,15,19,20,25,30,32,35,40,44,47,50,55,56,57,58,60,62,65,66,70,71,75,80,81,86,90,95,97,100,104,105,106"
481,13:41,10,10,인천공항,2,"99,109"
481,13:41,2,2,수서,4,"0,9,11,17"
481,13:41,3,3,삼성,6,"12,14,18,48,59,79"
481,13:41,4,4,여의도,50,"7,21,22,23,24,26,27,28,29,31,33,34,36,37,38,39,41,42,43,45,46,49,51,52,53,54,61,63,64,67,69,72,73,74,76,77,82,83,84,85,87,91,92,93,94,96,101,102,103,107"
481,13:41,5,5,김포공항,5,"2,4,6,8,10"
481,13:41,7,7,판교,3,"1,13,16"
481,13:41,9,9,평택,5,"68,78,88,98,108"
482,13:42,1,1,서울역,33,"3,15,19,20,25,30,32,35,40,44,47,50,55,56,57,58,60,62,65,66,70,71,75,80,81,86,90,95,97,100,104,105,106"
482,13:42,10,10,인천공항,2,"99,109"
482,13:42,2,2,수서,4,"0,9,11,17"
482,13:42,3,3,삼성,6,"12,14,18,48,59,79"
482,13:42,4,4,여의도,50,"7,21,22,23,24,26,27,28,29,31,33,34,36,37,38,39,41,42,43,45,46,49,51,52,53,54,61,63,64,67,69,72,73,74,76,77,82,83,84,85,87,91,92,93,94,96,101,102,103,107"
482,13:42,5,5,김포공항,5,"2,4,6,8,10"
482,13:42,7,7,판교,3,"1,13,16"
482,13:42,9,9,평택,5,"68,78,88,98,108"
483,13:43,1,1,서울역,33,"3,15,19,20,25,30,32,35,40,44,47,50,55,56,57,58,60,62,65,66,70,71,75,80,81,86,90,95,97,100,104,105,106"
483,13:43,10,10,인천공항,2,"99,109"
483,13:43,2,2,수서,4,"0,9,11,17"
483,13:43,3,3,삼성,6,"12,14,18,48,59,79"
483,13:43,4,4,여의도,50,"7,21,22,23,24,26,27,28,29,31,33,34,36,37,38,39,41,42,43,45,46,49,51,52,53,54,61,63,64,67,69,72,73,74,76,77,82,83,84,85,87,91,92,93,94,96,101,102,103,107"
483,13:43,5,5,김포공항,5,"2,4,6,8,10"
483,13:43,7,7,판교,3,"1,13,16"
483,13:43,9,9,평택,5,"68,78,88,98,108"
484,13:44,1,1,서울역,33,"3,15,19,20,25,30,32,35,40,44,47,50,55,56,57,58,60,62,65,66,70,71,75,80,81,86,90,95,97,100,104,105,106"
484,13:44,10,10,인천공항,2,"99,109"
484,13:44,2,2,수서,4,"0,9,11,17"
484,13:44,3,3,삼성,6,"12,14,18,48,59,79"
484,13:44,4,4,여의도,50,"7,21,22,23,24,26,27,28,29,31,33,34,36,37,38,39,41,42,43,45,46,49,51,52,53,54,61,63,64,67,69,72,73,74,76,77,82,83,84,85,87,91,92,93,94,96,101,102,103,107"
484,13:44,5,5,김포공항,5,"2,4,6,8,10"
484,13:44,7,7,판교,3,"1,13,16"
484,13:44,9,9,평택,5,"68,78,88,98,108"
485,13:45,1,1,서울역,33,"3,15,19,20,25,30,32,35,40,44,47,50,55,56,57,58,60,62,65,66,70,71,75,80,81,86,90,95,97,100,104,105,106"
485,13:45,10,10,인천공항,2,"99,109"
485,13:45,2,2,수서,4,"0,9,11,17"
485,13:45,3,3,삼성,7,"5,12,14,18,48,59,79"
485,13:45,4,4,여의도,49,"7,21,22,24,26,27,28,29,31,33,34,36,37,38,39,41,42,43,45,46,49,51,52,53,54,61,63,64,67,69,72,73,74,76,77,82,83,84,85,87,91,92,93,94,96,101,102,103,107"
485,13:45,5,5,김포공항,5,"2,4,6,8,10"
485,13:45,7,7,판교,3,"1,13,16"
485,13:45,9,9,평택,5,"68,78,88,98,108"
486,13:46,1,1,서울역,33,"3,15,19,20,25,30,32,35,40,44,47,50,55,56,57,58,60,62,65,66,70,71,75,80,81,86,90,95,97,100,104,105,106"
486,13:46,10,10,인천공항,2,"99,109"
486,13:46,2,2,수서,4,"0,9,11,17"
486,13:46,3,3,삼성,7,"5,12,14,18,48,59,79"
486,13:46,4,4,여의도,49,"7,21,22,24,26,27,28,29,31,33,34,36,37,38,39,41,42,43,45,46,49,51,52,53,54,61,63,64,67,69,72,73,74,76,77,82,83,84,85,87,91,92,93,94,96,101,102,103,107"
486,13:46,5,5,김포공항,5,"2,4,6,8,10"
486,13:46,7,7,판교,3,"1,13,16"
486,13:46,9,9,평택,5,"68,78,88,98,108"
487,13:47,1,1,서울역,33,"3,15,19,20,25,30,32,35,40,44,47,50,55,56,57,58,60,62,65,66,70,71,75,80,81,86,90,95,97,100,104,105,106"
487,13:47,10,10,인천공항,2,"99,109"
487,13:47,2,2,수서,4,"0,9,11,17"
487,13:47,3,3,삼성,7,"5,12,14,18,48,59,79"
487,13:47,4,4,여의도,50,"7,21,22,24,26,27,28,29,31,33,34,36,37,38,39,41,42,43,45,46,49,51,52,53,54,61,63,64,67,69,72,73,74,76,77,82,83,84,85,87,89,91,92,93,94,96,101,102,103,107"
487,13:47,5,5,김포공항,5,"2,4,6,8,10"
487,13:47,7,7,판교,3,"1,13,16"
487,13:47,9,9,평택,5,"68,78,88,98,108"
488,13:48,1,1,서울역,33,"3,15,19,20,25,30,32,35,40,44,47,50,55,56,57,58,60,62,65,66,70,71,75,80,81,86,90,95,97,100,104,105,106"
488,13:48,10,10,인천공항,2,"99,109"
488,13:48,2,2,수서,4,"0,9,11,17"
488,13:48,3,3,삼성,7,"5,12,14,18,48,59,79"
488,13:48,4,4,여의도,50,"7,21,22,24,26,27,28,29,31,33,34,36,37,38,39,41,42,43,45,46,49,51,52,53,54,61,63,64,67,69,72,73,74,76,77,82,83,84,85,87,89,91,92,93,94,96,101,102,103,107"
488,13:48,5,5,김포공항,5,"2,4,6,8,10"
488,13:48,7,7,판교,3,"1,13,16"
488,13:48,9,9,평택,5,"68,78,88,98,108"
489,13:49,1,1,서울역,33,"3,15,19,20,25,30,32,35,40,44,47,50,55,56,57,58,60,62,65,66,70,71,75,80,81,86,90,95,97,100,104,105,106"
489,13:49,10,10,인천공항,2,"99,109"
489,13:49,2,2,수서,4,"0,9,11,17"
489,13:49,3,3,삼성,7,"5,12,14,18,48,59,79"
489,13:49,4,4,여의도,50,"7,21,22,24,26,27,28,29,31,33,34,36,37,38,39,41,42,43,45,46,49,51,52,53,54,61,63,64,67,69,72,73,74,76,77,82,83,84,85,87,89,91,92,93,94,96,101,102,103,107"
489,13:49,5,5,김포공항,5,"2,4,6,8,10"
489,13:49,7,7,판교,3,"1,13,16"
489,13:49,9,9,평택,5,"68,78,88,98,108"
490,13:50,1,1,서울역,33,"3,15,19,20,25,30,32,35,40,44,47,50,55,56,57,58,60,62,65,66,70,71,75,80,81,86,90,95,97,100,104,105,106"
490,13:50,10,10,인천공항,2,"99,109"
490,13:50,2,2,수서,4,"0,9,11,17"
490,13:50,3,3,삼성,7,"5,12,14,18,48,59,79"
490,13:50,4,4,여의도,48,"7,21,22,24,27,28,29,31,33,34,36,37,38,39,41,42,43,45,46,49,51,52,53,54,61,63,64,67,69,72,73,74,76,77,82,83,84,85,87,91,92,93,94,96,101,102,103,107"
490,13:50,5,5,김포공항,5,"2,4,6,8,10"
490,13:50,7,7,판교,3,"1,13,16"
490,13:50,9,9,평택,5,"68,78,88,98,108"
491,13:51,1,1,서울역,33,"3,15,19,20,25,30,32,35,40,44,47,50,55,56,57,58,60,62,65,66,70,71,75,80,81,86,90,95,97,100,104,105,106"
491,13:51,10,10,인천공항,2,"99,109"
491,13:51,2,2,수서,4,"0,9,11,17"
491,13:51,3,3,삼성,7,"5,12,14,18,48,59,79"
491,13:51,4,4,여의도,48,"7,21,22,24,27,28,29,31,33,34,36,37,38,39,41,42,43,45,46,49,51,52,53,54,61,63,64,67,69,72,73,74,76,77,82,83,84,85,87,91,92,93,94,96,101,102,103,107"
491,13:51,5,5,김포공항,5,"2,4,6,8,10"
491,13:51,7,7,판교,3,"1,13,16"
491,13:51,9,9,평택,5,"68,78,88,98,108"
492,13:52,1,1,서울역,33,"3,15,19,20,25,30,32,35,40,44,47,50,55,56,57,58,60,62,65,66,70,71,75,80,81,86,90,95,97,100,104,105,106"
492,13:52,10,10,인천공항,2,"99,109"
492,13:52,2,2,수서,4,"0,9,11,17"
492,13:52,3,3,삼성,7,"5,12,14,18,48,59,79"
492,13:52,4,4,여의도,48,"7,21,22,24,27,28,29,31,33,34,36,37,38,39,41,42,43,45,46,49,51,52,53,54,61,63,64,67,69,72,73,74,76,77,82,83,84,85,87,91,92,93,94,96,101,102,103,107"
492,13:52,5,5,김포공항,5,"2,4,6,8,10"
492,13:52,7,7,판교,4,"1,13,16,23"
492,13:52,9,9,평택,5,"68,78,88,98,108"
493,13:53,1,1,서울역,33,"3,15,19,20,25,30,32,35,40,44,47,50,55,56,57,58,60,62,65,66,70,71,75,80,81,86,90,95,97,100,104,105,106"
493,13:53,10,10,인천공항,2,"99,109"
493,13:53,2,2,수서,4,"0,9,11,17"
493,13:53,3,3,삼성,7,"5,12,14,18,48,59,79"
493,13:53,4,4,여의도,48,"7,21,22,24,27,28,29,31,33,34,36,37,38,39,41,42,43,45,46,49,51,52,53,54,61,63,64,67,69,72,73,74,76,77,82,83,84,85,87,91,92,93,94,96,101,102,103,107"
493,13:53,5,5,김포공항,4,"4,6,8,10"
493,13:53,7,7,판교,4,"1,13,16,23"
493,13:53,9,9,평택,5,"68,78,88,98,108"
494,13:54,1,1,서울역,33,"3,15,19,20,25,30,32,35,40,44,47,50,55,56,57,58,60,62,65,66,70,71,75,80,81,86,90,95,97,100,104,105,106"
494,13:54,10,10,인천공항,2,"99,109"
494,13:54,2,2,수서,4,"0,9,11,17"
494,13:54,3,3,삼성,7,"5,12,14,18,48,59,79"
494,13:54,4,4,여의도,47,"7,22,24,27,28,29,31,33,34,36,37,38,39,41,42,43,45,46,49,51,52,53,54,61,63,64,67,69,72,73,74,76,77,82,83,84,85,87,91,92,93,94,96,101,102,103,107"
494,13:54,5,5,김포공항,4,"4,6,8,10"
494,13:54,7,7,판교,4,"1,13,16,23"
494,13:54,9,9,평택,5,"68,78,88,98,108"
495,13:55,1,1,서울역,32,"3,19,20,25,30,32,35,40,44,47,50,55,56,57,58,60,62,65,66,70,71,75,80,81,86,90,95,97,100,104,105,106"
495,13:55,10,10,인천공항,2,"99,109"
495,13:55,2,2,수서,4,"0,9,11,17"
495,13:55,3,3,삼성,7,"5,12,14,18,48,59,79"
495,13:55,4,4,여의도,47,"7,22,24,27,28,29,31,33,34,36,37,38,39,41,42,43,45,46,49,51,52,53,54,61,63,64,67,69,72,73,74,76,77,82,83,84,85,87,91,92,93,94,96,101,102,103,107"
495,13:55,5,5,김포공항,4,"4,6,8,10"
495,13:55,7,7,판교,4,"1,13,16,23"
495,13:55,9,9,평택,5,"68,78,88,98,108"
496,13:56,1,1,서울역,32,"3,19,20,25,30,32,35,40,44,47,50,55,56,57,58,60,62,65,66,70,71,75,80,81,86,90,95,97,100,104,105,106"
496,13:56,10,10,인천공항,2,"99,109"
496,13:56,2,2,수서,4,"0,9,11,17"
496,13:56,3,3,삼성,7,"5,12,14,18,48,59,79"
496,13:56,4,4,여의도,46,"7,22,24,28,29,31,33,34,36,37,38,39,41,42,43,45,46,49,51,52,53,54,61,63,64,67,69,72,73,74,76,77,82,83,84,85,87,91,92,93,94,96,101,102,103,107"
496,13:56,5,5,김포공항,4,"4,6,8,10"
496,13:56,7,7,판교,4,"1,13,16,23"
496,13:56,9,9,평택,5,"68,78,88,98,108"
497,13:57,1,1,서울역,32,"3,19,20,25,30,32,35,40,44,47,50,55,56,57,58,60,62,65,66,70,71,75,80,81,86,90,95,97,100,104,105,106"
497,13:57,10,10,인천공항,2,"99,109"
497,13:57,2,2,수서,4,"0,9,11,17"
497,13:57,3,3,삼성,8,"5,12,14,18,48,59,79,89"
497,13:57,4,4,여의도,46,"7,22,24,28,29,31,33,34,36,37,38,39,41,42,43,45,46,49,51,52,53,54,61,63,64,67,69,72,73,74,76,77,82,83,84,85,87,91,92,93,94,96,101,102,103,107"
497,13:57,5,5,김포공항,4,"4,6,8,10"
497,13:57,7,7,판교,5,"1,13,16,23,26"
497,13:57,9,9,평택,5,"68,78,88,98,108"
498,13:58,1,1,서울역,32,"3,19,20,25,30,32,35,40,44,47,50,55,56,57,58,60,62,65,66,70,71,75,80,81,86,90,95,97,100,104,105,106"
498,13:58,10,10,인천공항,1,109
498,13:58,2,2,수서,4,"0,9,11,17"
498,13:58,3,3,삼성,8,"5,12,14,18,48,59,79,89"
498,13:58,4,4,여의도,46,"7,22,24,28,29,31,33,34,36,37,38,39,41,42,43,45,46,49,51,52,53,54,61,63,64,67,69,72,73,74,76,77,82,83,84,85,87,91,92,93,94,96,101,102,103,107"
498,13:58,5,5,김포공항,4,"4,6,8,10"
498,13:58,7,7,판교,5,"1,13,16,23,26"
498,13:58,9,9,평택,5,"68,78,88,98,108"
499,13:59,1,1,서울역,32,"3,19,20,25,30,32,35,40,44,47,50,55,56,57,58,60,62,65,66,70,71,75,80,81,86,90,95,97,100,104,105,106"
499,13:59,10,10,인천공항,1,109
499,13:59,2,2,수서,4,"0,9,11,17"
499,13:59,3,3,삼성,8,"5,12,14,18,48,59,79,89"
499,13:59,4,4,여의도,46,"7,22,24,28,29,31,33,34,36,37,38,39,41,42,43,45,46,49,51,52,53,54,61,63,64,67,69,72,73,74,76,77,82,83,84,85,87,91,92,93,94,96,101,102,103,107"
499,13:59,5,5,김포공항,4,"4,6,8,10"
499,13:59,7,7,판교,5,"1,13,16,23,26"
499,13:59,9,9,평택,5,"68,78,88,98,108"
500,14:00,1,1,서울역,32,"3,19,20,25,30,32,35,40,44,47,50,55,56,57,58,60,62,65,66,70,71,75,80,81,86,90,95,97,100,104,105,106"
500,14:00,10,10,인천공항,1,109
500,14:00,2,2,수서,5,"0,9,11,17,21"
500,14:00,3,3,삼성,8,"5,12,14,18,48,59,79,89"
500,14:00,4,4,여의도,45,"7,22,24,28,29,31,33,34,36,37,38,39,41,42,43,45,46,49,52,53,54,61,63,64,67,69,72,73,74,76,77,82,83,84,85,87,91,92,93,94,96,101,102,103,107"
500,14:00,5,5,김포공항,4,"4,6,8,10"
500,14:00,7,7,판교,5,"1,13,16,23,26"
500,14:00,9,9,평택,5,"68,78,88,98,108"
501,14:01,1,1,서울역,32,"3,19,20,25,30,32,35,40,44,47,50,55,56,57,58,60,62,65,66,70,71,75,80,81,86,90,95,97,100,104,105,106"
501,14:01,10,10,인천공항,1,109
501,14:01,2,2,수서,6,"0,2,9,11,17,21"
501,14:01,3,3,삼성,8,"5,12,14,18,48,59,79,89"
501,14:01,4,4,여의도,45,"7,22,24,28,29,31,33,34,36,37,38,39,41,42,43,45,46,49,52,53,54,61,63,64,67,69,72,73,74,76,77,82,83,84,85,87,91,92,93,94,96,101,102,103,107"
501,14:01,5,5,김포공항,4,"4,6,8,10"
501,14:01,7,7,판교,5,"1,13,16,23,26"
501,14:01,9,9,평택,5,"68,78,88,98,108"
502,14:02,1,1,서울역,32,"3,19,20,25,30,32,35,40,44,47,50,55,56,57,58,60,62,65,66,70,71,75,80,81,86,90,95,97,100,104,105,106"
502,14:02,10,10,인천공항,1,109
502,14:02,2,2,수서,7,"0,2,9,11,15,17,21"
502,14:02,3,3,삼성,8,"5,12,14,18,48,59,79,89"
502,14:02,4,4,여의도,44,"7,22,24,28,29,31,33,34,36,37,38,39,41,42,43,45,46,52,53,54,61,63,64,67,69,72,73,74,76,77,82,83,84,85,87,91,92,93,94,96,101,102,103,107"
502,14:02,5,5,김포공항,3,"4,6,10"
502,14:02,7,7,판교,5,"1,13,16,23,26"
502,14:02,9,9,평택,5,"68,78,88,98,108"
503,14:03,1,1,서울역,32,"3,19,20,25,30,32,35,40,44,47,50,55,56,57,58,60,62,65,66,70,71,75,80,81,86,90,95,97,100,104,105,106"
503,14:03,10,10,인천공항,1,109
503,14:03,2,2,수서,7,"0,2,9,11,15,17,21"
503,14:03,3,3,삼성,8,"5,12,14,18,48,59,79,89"
503,14:03,4,4,여의도,41,"7,22,28,29,31,33,34,36,38,39,41,42,43,46,52,53,54,61,63,64,67,69,72,73,74,76,77,82,83,84,85,87,91,92,93,94,96,101,102,103,107"
503,14:03,5,5,김포공항,3,"4,6,10"
503,14:03,7,7,판교,6,"1,13,16,23,26,27"
503,14:03,9,9,평택,4,"68,88,98,108"
504,14:04,1,1,서울역,32,"3,19,20,25,30,32,35,40,44,47,50,55,56,57,58,60,62,65,66,70,71,75,80,81,86,90,95,97,100,104,105,106"
504,14:04,10,10,인천공항,1,109
504,14:04,2,2,수서,7,"0,2,9,11,15,17,21"
504,14:04,3,3,삼성,8,"5,12,14,18,48,59,79,89"
504,14:04,4,4,여의도,41,"7,22,28,29,31,33,34,36,38,39,41,42,43,46,52,53,54,61,63,64,67,69,72,73,74,76,77,82,83,84,85,87,91,92,93,94,96,101,102,103,107"
504,14:04,5,5,김포공항,3,"4,6,10"
504,14:04,7,7,판교,4,"16,23,26,27"
504,14:04,9,9,평택,4,"68,88,98,108"
505,14:05,1,1,서울역,32,"3,19,20,25,30,32,35,40,44,47,50,55,56,57,58,60,62,65,66,70,71,75,80,81,86,90,95,97,100,104,105,106"
505,14:05,10,10,인천공항,1,109
505,14:05,2,2,수서,7,"0,2,9,11,15,17,21"
505,14:05,3,3,삼성,8,"5,12,14,18,48,59,79,89"
505,14:05,4,4,여의도,41,"7,22,28,29,31,33,34,36,38,39,41,42,43,46,52,53,54,61,63,64,67,69,72,73,74,76,77,82,83,84,85,87,91,92,93,94,96,101,102,103,107"
505,14:05,5,5,김포공항,3,"4,6,10"
505,14:05,7,7,판교,4,"16,23,26,27"
505,14:05,9,9,평택,4,"68,88,98,108"
506,14:06,1,1,서울역,32,"3,19,20,25,30,32,35,40,44,47,50,55,56,57,58,60,62,65,66,70,71,75,80,81,86,90,95,97,100,104,105,106"
506,14:06,10,10,인천공항,1,109
506,14:06,2,2,수서,6,"0,2,9,15,17,21"
506,14:06,3,3,삼성,8,"5,12,14,18,48,59,79,89"
506,14:06,4,4,여의도,41,"7,22,28,29,31,33,34,36,38,39,41,42,43,46,52,53,54,61,63,64,67,69,72,73,74,76,77,82,83,84,85,87,91,92,93,94,96,101,102,103,107"
506,14:06,5,5,김포공항,3,"4,6,10"
506,14:06,7,7,판교,4,"16,23,26,27"
506,14:06,9,9,평택,4,"68,88,98,108"
507,14:07,1,1,서울역,32,"3,19,20,25,30,32,35,40,44,47,50,55,56,57,58,60,62,65,66,70,71,75,80,81,86,90,95,97,100,104,105,106"
507,14:07,10,10,인천공항,1,109
507,14:07,2,2,수서,5,"2,9,15,17,21"
507,14:07,3,3,삼성,8,"5,12,14,18,48,59,79,89"
507,14:07,4,4,여의도,41,"7,22,28,29,31,33,34,36,38,39,41,42,43,46,52,53,54,61,63,64,67,69,72,73,74,76,77,82,83,84,85,87,91,92,93,94,96,101,102,103,107"
507,14:07,5,5,김포공항,3,"4,6,10"
507,14:07,6,6,일산,1,51
507,14:07,7,7,판교,4,"16,23,26,27"
507,14:07,9,9,평택,4,"68,88,98,108"
508,14:08,1,1,서울역,31,"3,19,20,25,30,32,35,40,44,47,55,56,57,58,60,62,65,66,70,71,75,80,81,86,90,95,97,100,104,105,106"
508,14:08,10,10,인천공항,1,109
508,14:08,2,2,수서,6,"2,9,15,17,21,49"
508,14:08,3,3,삼성,8,"5,12,14,18,48,59,79,89"
508,14:08,4,4,여의도,39,"22,28,29,31,33,34,36,38,39,41,43,46,52,53,54,61,63,64,67,69,72,73,74,76,77,82,83,84,85,87,91,92,93,94,96,101,102,103,107"
508,14:08,5,5,김포공항,3,"4,6,10"
508,14:08,6,6,일산,1,51
508,14:08,7,7,판교,4,"16,23,26,27"
508,14:08,9,9,평택,4,"68,88,98,108"
509,14:09,1,1,서울역,31,"3,19,20,25,30,32,35,40,44,47,55,56,57,58,60,62,65,66,70,71,75,80,81,86,90,95,97,100,104,105,106"
509,14:09,10,10,인천공항,1,109
509,14:09,2,2,수서,7,"2,9,15,17,21,24,49"
509,14:09,3,3,삼성,9,"5,11,12,14,18,48,59,79,89"
509,14:09,4,4,여의도,39,"22,28,29,31,33,34,36,38,39,41,43,46,52,53,54,61,63,64,67,69,72,73,74,76,77,82,83,84,85,87,91,92,93,94,96,101,102,103,107"
509,14:09,5,5,김포공항,3,"4,6,10"
509,14:09,6,6,일산,1,51
509,14:09,7,7,판교,4,"16,23,26,27"
509,14:09,9,9,평택,3,"68,98,108"
510,14:10,1,1,서울역,31,"3,19,20,25,30,32,35,40,44,47,55,56,57,58,60,62,65,66,70,71,75,80,81,86,90,95,97,100,104,105,106"
510,14:10,10,10,인천공항,1,109
510,14:10,2,2,수서,6,"9,15,17,21,24,49"
510,14:10,3,3,삼성,9,"5,11,12,14,18,48,59,79,89"
510,14:10,4,4,여의도,40,"22,28,29,31,33,34,36,38,39,41,43,46,52,53,54,61,63,64,67,69,72,73,74,76,77,82,83,84,85,87,91,92,93,94,96,99,101,102,103,107"
510,14:10,5,5,김포공항,3,"4,6,10"
510,14:10,6,6,일산,1,51
510,14:10,7,7,판교,5,"16,23,26,27,37"
510,14:10,9,9,평택,3,"68,98,108"
511,14:11,1,1,서울역,29,"3,20,25,30,32,35,40,44,55,56,57,58,60,62,65,66,70,71,75,80,81,86,90,95,97,100,104,105,106"
511,14:11,2,2,수서,5,"9,15,17,21,24"
511,14:11,3,3,삼성,9,"5,11,12,14,18,48,59,79,89"
511,14:11,4,4,여의도,41,"1,13,22,29,31,33,34,36,38,39,41,43,46,52,53,54,61,63,64,67,69,72,73,74,76,77,82,83,84,85,87,91,92,93,94,96,99,101,102,103,107"
511,14:11,5,5,김포공항,2,"6,10"
511,14:11,6,6,일산,1,51
511,14:11,7,7,판교,5,"16,23,26,27,37"
511,14:11,9,9,평택,3,"68,98,108"
512,14:12,1,1,서울역,28,"3,20,25,30,32,35,40,44,55,56,57,58,62,65,66,70,71,75,80,81,86,90,95,97,100,104,105,106"
512,14:12,10,10,인천공항,1,8
512,14:12,2,2,수서,5,"9,15,17,21,24"
512,14:12,3,3,삼성,8,"5,12,14,18,48,59,79,89"
512,14:12,4,4,여의도,39,"1,13,22,29,31,33,34,36,39,41,43,46,53,54,61,63,64,67,69,72,73,74,76,77,82,83,84,85,87,91,92,93,94,96,99,101,102,103,107"
512,14:12,5,5,김포공항,2,"6,10"
512,14:12,6,6,일산,1,51
512,14:12,7,7,판교,5,"16,23,26,27,37"
512,14:12,9,9,평택,3,"68,98,108"
513,14:13,1,1,서울역,28,"3,20,25,30,32,35,40,44,55,56,57,58,62,65,66,70,71,75,80,81,86,90,95,97,100,104,105,106"
513,14:13,10,10,인천공항,1,8
513,14:13,2,2,수서,5,"9,15,17,21,24"
513,14:13,3,3,삼성,8,"5,12,14,18,48,59,79,89"
513,14:13,4,4,여의도,39,"1,13,22,29,31,33,34,36,39,41,43,46,53,54,61,63,64,67,69,72,73,74,76,77,82,83,84,85,87,91,92,93,94,96,99,101,102,103,107"
513,14:13,5,5,김포공항,2,"6,10"
513,14:13,7,7,판교,5,"16,23,26,27,37"
513,14:13,9,9,평택,3,"68,98,108"
514,14:14,1,1,서울역,26,"3,20,25,30,35,40,44,55,56,58,62,65,66,70,71,75,80,81,86,90,95,97,100,104,105,106"
514,14:14,10,10,인천공항,1,8
514,14:14,2,2,수서,5,"9,15,17,21,24"
514,14:14,3,3,삼성,6,"5,12,48,59,79,89"
514,14:14,4,4,여의도,39,"1,13,22,29,31,33,34,36,39,41,43,46,53,54,61,63,64,67,69,72,73,74,76,77,82,83,84,85,87,91,92,93,94,96,99,101,102,103,107"
514,14:14,5,5,김포공항,2,"6,10"
514,14:14,7,7,판교,5,"16,23,26,27,37"
514,14:14,9,9,평택,3,"68,98,108"
515,14:15,1,1,서울역,26,"3,20,25,30,35,40,44,55,56,58,62,65,66,70,71,75,80,81,86,90,95,97,100,104,105,106"
515,14:15,10,10,인천공항,1,8
515,14:15,2,2,수서,5,"9,15,17,21,24"
515,14:15,3,3,삼성,5,"12,48,59,79,89"
515,14:15,4,4,여의도,40,"1,13,19,22,29,31,33,34,36,39,41,43,46,53,54,61,63,64,67,69,72,73,74,76,77,82,83,84,85,87,91,92,93,94,96,99,101,102,103,107"
515,14:15,5,5,김포공항,3,"0,6,10"
515,14:15,7,7,판교,6,"7,16,23,26,27,37"
515,14:15,8,8,동탄/용인,1,88
515,14:15,9,9,평택,3,"68,98,108"
516,14:16,1,1,서울역,25,"20,25,30,35,40,44,55,56,58,62,65,66,70,71,75,80,81,86,90,95,97,100,104,105,106"
516,14:16,10,10,인천공항,1,8
516,14:16,2,2,수서,5,"9,15,17,21,24"
516,14:16,3,3,삼성,4,"12,48,59,89"
516,14:16,4,4,여의도,40,"1,13,19,22,29,31,33,34,36,39,41,43,46,53,54,61,63,64,67,69,72,73,74,76,77,82,83,84,85,87,91,92,93,94,96,99,101,102,103,107"
516,14:16,5,5,김포공항,3,"0,6,10"
516,14:16,7,7,판교,6,"7,16,23,26,27,37"
516,14:16,8,8,동탄/용인,1,88
516,14:16,9,9,평택,2,"98,108"
517,14:17,1,1,서울역,25,"20,25,30,35,40,44,55,56,58,62,65,66,70,71,75,80,81,86,90,95,97,100,104,105,106"
517,14:17,10,10,인천공항,1,8
517,14:17,2,2,수서,6,"9,15,17,21,24,28"
517,14:17,3,3,삼성,3,"12,59,89"
517,14:17,4,4,여의도,39,"1,13,19,22,29,31,34,36,39,41,43,46,53,54,61,63,64,67,69,72,73,74,76,77,82,83,84,85,87,91,92,93,94,96,99,101,102,103,107"
517,14:17,5,5,김포공항,3,"0,6,10"
517,14:17,7,7,판교,6,"7,16,23,26,27,37"
517,14:17,8,8,동탄/용인,1,88
517,14:17,9,9,평택,1,108
518,14:18,1,1,서울역,26,"20,25,30,35,40,44,49,55,56,58,62,65,66,70,71,75,80,81,86,90,95,97,100,104,105,106"
518,14:18,2,2,수서,5,"15,17,21,24,28"
518,14:18,3,3,삼성,5,"12,59,60,78,89"
518,14:18,4,4,여의도,38,"1,13,22,29,31,34,36,39,41,43,46,53,54,61,63,64,67,69,72,73,74,76,77,82,83,84,85,87,91,92,93,94,96,99,101,102,103,107"
518,14:18,5,5,김포공항,4,"0,2,6,10"
518,14:18,6,6,일산,1,47
518,14:18,7,7,판교,6,"7,16,23,26,27,37"
518,14:18,9,9,평택,2,"45,108"
519,14:19,1,1,서울역,25,"20,30,35,40,44,49,55,56,58,62,65,66,70,71,75,80,81,86,90,95,97,100,104,105,106"
519,14:19,2,2,수서,6,"4,15,17,21,24,28"
519,14:19,3,3,삼성,5,"12,59,60,78,89"
519,14:19,4,4,여의도,39,"1,11,13,22,29,31,34,36,39,41,43,46,53,54,61,63,64,67,69,72,73,74,76,77,82,83,84,85,87,91,92,93,94,96,99,101,102,103,107"
519,14:19,5,5,김포공항,4,"0,2,6,10"
519,14:19,6,6,일산,2,"47,52"
519,14:19,7,7,판교,6,"7,23,26,27,37,38"
519,14:19,9,9,평택,2,"45,108"
520,14:20,1,1,서울역,26,"14,20,30,35,40,44,49,55,56,58,62,65,66,70,71,75,80,81,86,90,95,97,100,104,105,106"
520,14:20,10,10,인천공항,1,42
520,14:20,2,2,수서,6,"4,15,17,21,24,28"
520,14:20,3,3,삼성,6,"12,32,59,60,78,89"
520,14:20,4,4,여의도,39,"1,11,13,22,29,31,34,36,39,41,43,46,53,54,61,63,64,67,69,72,73,74,76,77,82,83,84,85,87,91,92,93,94,96,99,101,102,103,107"
520,14:20,5,5,김포공항,4,"0,2,6,10"
520,14:20,6,6,일산,2,"47,52"
520,14:20,7,7,판교,6,"7,23,26,27,37,38"
520,14:20,9,9,평택,2,"45,108"
521,14:21,1,1,서울역,25,"14,20,30,35,40,44,55,56,58,62,65,66,70,71,75,80,81,86,90,95,97,100,104,105,106"
521,14:21,10,10,인천공항,2,"42,50"
521,14:21,2,2,수서,6,"4,15,17,21,24,28"
521,14:21,3,3,삼성,6,"12,32,59,60,78,89"
521,14:21,4,4,여의도,39,"1,11,13,22,29,31,34,36,39,41,43,46,53,54,61,63,64,67,69,72,73,74,76,77,82,83,84,85,87,91,92,93,94,96,99,101,102,103,107"
521,14:21,5,5,김포공항,4,"0,2,6,10"
521,14:21,6,6,일산,2,"47,52"
521,14:21,7,7,판교,7,"7,23,26,27,37,38,57"
521,14:21,9,9,평택,2,"45,108"
522,14:22,1,1,서울역,24,"14,30,35,40,44,55,56,58,62,65,66,70,71,75,80,81,86,90,95,97,100,104,105,106"
522,14:22,10,10,인천공항,2,"42,50"
522,14:22,2,2,수서,6,"4,15,17,21,24,28"
522,14:22,3,3,삼성,6,"12,32,59,60,78,89"
522,14:22,4,4,여의도,40,"1,5,11,13,22,29,31,34,36,39,41,43,46,53,54,61,63,64,67,69,72,73,74,76,77,82,83,84,85,87,91,92,93,94,96,99,101,102,103,107"
522,14:22,5,5,김포공항,4,"0,2,6,10"
522,14:22,6,6,일산,2,"47,52"
522,14:22,7,7,판교,6,"7,26,27,37,38,57"
522,14:22,9,9,평택,2,"45,108"
523,14:23,1,1,서울역,23,"30,35,40,44,55,56,58,62,65,66,70,71,75,80,81,86,90,95,97,100,104,105,106"
523,14:23,10,10,인천공항,2,"42,50"
523,14:23,2,2,수서,7,"4,15,17,21,24,28,33"
523,14:23,3,3,삼성,6,"12,32,59,60,78,89"
523,14:23,4,4,여의도,41,"1,5,11,13,22,29,31,34,36,39,41,43,46,53,54,61,63,64,67,69,72,73,74,76,77,82,83,84,85,87,91,92,93,94,96,99,101,102,103,107,109"
523,14:23,5,5,김포공항,4,"0,2,6,10"
523,14:23,6,6,일산,2,"47,52"
523,14:23,7,7,판교,7,"3,7,26,27,37,38,57"
523,14:23,9,9,평택,2,"45,108"
524,14:24,1,1,서울역,23,"30,35,40,44,55,56,58,62,65,66,70,71,75,80,81,86,90,95,97,100,104,105,106"
524,14:24,10,10,인천공항,2,"42,50"
524,14:24,2,2,수서,7,"4,15,17,21,24,28,33"
524,14:24,3,3,삼성,4,"12,32,59,60"
524,14:24,4,4,여의도,42,"1,5,11,13,22,29,31,34,36,39,41,43,46,48,53,54,61,63,64,67,69,72,73,74,76,77,82,83,84,85,87,91,92,93,94,96,99,101,102,103,107,109"
524,14:24,5,5,김포공항,5,"0,2,6,10,79"
524,14:24,6,6,일산,2,"47,52"
524,14:24,7,7,판교,6,"3,7,26,27,37,38"
524,14:24,9,9,평택,2,"45,108"
525,14:25,1,1,서울역,23,"30,35,40,44,55,56,58,62,65,66,70,71,75,80,81,86,90,95,97,100,104,105,106"
525,14:25,10,10,인천공항,2,"42,50"
525,14:25,2,2,수서,6,"4,15,17,24,28,33"
525,14:25,3,3,삼성,4,"12,32,59,60"
525,14:25,4,4,여의도,39,"1,11,13,22,31,34,36,41,43,46,48,53,54,61,63,64,67,69,72,73,74,76,77,82,83,84,85,87,91,92,93,94,96,99,101,102,103,107,109"
525,14:25,5,5,김포공항,5,"0,2,6,10,79"
525,14:25,6,6,일산,1,47
525,14:25,7,7,판교,7,"3,7,26,27,37,38,51"
525,14:25,9,9,평택,2,"45,108"
526,14:26,1,1,서울역,23,"30,35,40,44,55,56,58,62,65,66,70,71,75,80,81,86,90,95,97,100,104,105,106"
526,14:26,10,10,인천공항,2,"42,50"
526,14:26,2,2,수서,5,"4,15,17,24,28"
526,14:26,3,3,삼성,4,"12,32,59,60"
526,14:26,4,4,여의도,39,"1,11,13,16,22,31,34,36,41,43,46,48,53,54,61,63,64,67,69,72,73,74,76,77,82,83,84,85,87,91,92,93,94,96,99,101,102,103,107"
526,14:26,5,5,김포공항,6,"0,2,6,9,10,79"
526,14:26,7,7,판교,8,"3,7,25,26,27,37,38,51"
526,14:26,9,9,평택,2,"45,108"
527,14:27,1,1,서울역,23,"30,35,40,44,55,56,58,62,65,66,70,71,75,80,81,86,90,95,97,100,104,105,106"
527,14:27,10,10,인천공항,2,"42,50"
527,14:27,2,2,수서,5,"4,15,17,24,28"
527,14:27,3,3,삼성,3,"12,32,59"
527,14:27,4,4,여의도,40,"1,11,13,14,16,22,31,34,36,41,43,46,48,53,54,61,63,64,67,69,72,73,74,76,77,82,83,84,85,87,91,92,93,94,96,99,101,102,103,107"
527,14:27,5,5,김포공항,6,"0,2,6,9,10,79"
527,14:27,7,7,판교,7,"3,25,26,27,37,38,51"
527,14:27,9,9,평택,2,"45,108"
528,14:28,1,1,서울역,23,"30,35,40,44,55,56,58,62,65,66,70,71,75,80,81,86,90,95,97,100,104,105,106"
528,14:28,10,10,인천공항,2,"42,50"
528,14:28,2,2,수서,5,"4,15,17,24,28"
528,14:28,3,3,삼성,4,"12,32,59,88"
528,14:28,4,4,여의도,39,"1,11,13,14,16,22,31,34,36,41,43,46,48,54,61,63,64,67,69,72,73,74,76,77,82,83,84,85,87,91,92,93,94,96,99,101,102,103,107"
528,14:28,5,5,김포공항,5,"2,6,9,10,79"
528,14:28,6,6,일산,1,49
528,14:28,7,7,판교,7,"3,25,26,27,37,38,51"
528,14:28,9,9,평택,2,"45,108"
529,14:29,1,1,서울역,24,"23,30,35,40,44,55,56,58,62,65,66,70,71,75,80,81,86,90,95,97,100,104,105,106"
529,14:29,10,10,인천공항,2,"42,50"
529,14:29,2,2,수서,6,"4,15,17,20,24,28"
529,14:29,3,3,삼성,2,"59,88"
529,14:29,4,4,여의도,38,"1,11,14,16,22,31,34,36,41,43,46,48,54,61,63,64,67,69,72,73,74,76,77,82,83,84,85,87,91,92,93,94,96,99,101,102,103,107"
529,14:29,5,5,김포공항,5,"2,6,9,10,79"
529,14:29,6,6,일산,1,49
529,14:29,7,7,판교,7,"3,25,26,27,37,38,51"
529,14:29,9,9,평택,3,"18,45,108"
530,14:30,1,1,서울역,24,"23,30,35,40,44,55,56,58,62,65,66,70,71,75,80,81,86,90,95,97,100,104,105,106"
530,14:30,10,10,인천공항,2,"42,50"
530,14:30,2,2,수서,6,"4,15,17,20,24,28"
530,14:30,3,3,삼성,2,"59,88"
530,14:30,4,4,여의도,38,"1,11,14,16,22,31,34,36,41,43,46,48,54,61,63,64,67,69,72,73,74,76,77,82,83,84,85,87,91,92,93,94,96,99,101,102,103,107"
530,14:30,5,5,김포공항,5,"2,6,9,10,79"
530,14:30,6,6,일산,1,49
530,14:30,7,7,판교,7,"3,25,26,27,37,38,51"
530,14:30,9,9,평택,3,"18,45,108"
531,14:31,1,1,서울역,23,"23,30,35,44,55,56,58,62,65,66,70,71,75,80,81,86,90,95,97,100,104,105,106"
531,14:31,10,10,인천공항,2,"42,50"
531,14:31,2,2,수서,6,"4,15,17,20,24,28"
531,14:31,3,3,삼성,2,"59,88"
531,14:31,4,4,여의도,39,"11,14,16,22,31,34,36,41,43,46,48,54,61,63,64,67,68,69,72,73,74,76,77,78,82,83,84,85,87,91,92,93,94,96,99,101,102,103,107"
531,14:31,5,5,김포공항,6,"2,5,6,9,10,79"
531,14:31,6,6,일산,1,49
531,14:31,7,7,판교,7,"3,25,26,27,37,38,51"
531,14:31,9,9,평택,3,"18,45,108"
532,14:32,1,1,서울역,23,"23,30,35,44,55,56,58,62,65,66,70,71,75,80,81,86,90,95,97,100,104,105,106"
532,14:32,10,10,인천공항,2,"42,50"
532,14:32,2,2,수서,6,"4,15,17,20,24,28"
532,14:32,3,3,삼성,2,"59,88"
532,14:32,4,4,여의도,39,"11,14,16,22,31,34,36,41,43,46,48,54,61,63,64,67,68,69,72,73,74,76,77,78,82,83,84,85,87,91,92,93,94,96,99,101,102,103,107"
532,14:32,5,5,김포공항,7,"2,5,6,9,10,79,89"
532,14:32,6,6,일산,1,49
532,14:32,7,7,판교,8,"3,25,26,27,37,38,39,51"
532,14:32,9,9,평택,3,"18,45,108"
533,14:33,1,1,서울역,24,"23,30,35,44,55,56,58,62,65,66,70,71,75,80,81,86,90,95,97,98,100,104,105,106"
533,14:33,10,10,인천공항,2,"42,50"
533,14:33,2,2,수서,6,"4,15,17,20,24,28"
533,14:33,3,3,삼성,4,"8,59,88,109"
533,14:33,4,4,여의도,38,"11,16,22,31,34,36,41,43,46,48,54,61,63,64,67,68,69,72,73,74,76,77,78,82,83,84,85,87,91,92,93,94,96,99,101,102,103,107"
533,14:33,5,5,김포공항,8,"2,5,6,9,10,21,79,89"
533,14:33,6,6,일산,1,49
533,14:33,7,7,판교,8,"3,25,26,27,37,38,39,51"
533,14:33,9,9,평택,4,"18,19,45,108"
534,14:34,1,1,서울역,24,"23,30,35,44,55,56,58,62,65,66,70,71,75,80,81,86,90,95,97,98,100,104,105,106"
534,14:34,10,10,인천공항,2,"42,50"
534,14:34,2,2,수서,6,"4,15,17,20,24,28"
534,14:34,3,3,삼성,4,"8,59,88,109"
534,14:34,4,4,여의도,38,"7,11,16,22,31,34,36,41,43,46,48,54,61,63,64,67,69,72,73,74,76,77,78,82,83,84,85,87,91,92,93,94,96,99,101,102,103,107"
534,14:34,5,5,김포공항,8,"2,5,6,9,10,21,79,89"
534,14:34,6,6,일산,1,49
534,14:34,7,7,판교,8,"3,25,26,27,37,38,39,51"
534,14:34,9,9,평택,4,"18,19,45,108"
535,14:35,1,1,서울역,23,"23,30,35,55,56,58,62,65,66,70,71,75,80,81,86,90,95,97,98,100,104,105,106"
535,14:35,10,10,인천공항,2,"42,50"
535,14:35,2,2,수서,6,"4,15,17,20,24,28"
535,14:35,3,3,삼성,4,"8,59,88,109"
535,14:35,4,4,여의도,38,"7,11,16,22,31,34,36,41,43,46,48,54,61,63,64,67,69,72,73,74,76,77,78,82,83,84,85,87,91,92,93,94,96,99,101,102,103,107"
535,14:35,5,5,김포공항,8,"2,5,6,9,10,21,79,89"
535,14:35,6,6,일산,1,49
535,14:35,7,7,판교,7,"25,26,27,37,38,39,51"
535,14:35,9,9,평택,4,"18,19,45,108"
536,14:36,1,1,서울역,23,"23,30,35,55,56,58,62,65,66,70,71,75,80,81,86,90,95,97,98,100,104,105,106"
536,14:36,10,10,인천공항,2,"42,50"
536,14:36,2,2,수서,6,"4,15,17,20,24,28"
536,14:36,3,3,삼성,4,"8,59,88,109"
536,14:36,4,4,여의도,39,"7,11,12,16,22,31,32,34,36,43,46,48,54,61,63,64,67,69,72,73,74,76,77,78,82,83,84,85,87,91,92,93,94,96,99,101,102,103,107"
536,14:36,5,5,김포공항,8,"2,5,6,9,10,21,79,89"
536,14:36,6,6,일산,1,49
536,14:36,7,7,판교,8,"13,25,26,27,37,38,39,51"
536,14:36,8,8,동탄/용인,1,33
536,14:36,9,9,평택,5,"18,19,45,57,108"
537,14:37,1,1,서울역,23,"23,30,35,55,56,58,62,65,66,70,71,75,80,81,86,90,95,97,98,100,104,105,106"
537,14:37,10,10,인천공항,1,42
537,14:37,2,2,수서,7,"1,4,15,17,20,24,28"
537,14:37,3,3,삼성,4,"8,59,88,109"
537,14:37,4,4,여의도,37,"11,12,16,31,32,34,36,43,46,48,54,61,63,64,67,69,72,73,74,76,77,78,82,83,84,85,87,91,92,93,94,96,99,101,102,103,107"
537,14:37,5,5,김포공항,8,"2,5,6,9,10,21,79,89"
537,14:37,6,6,일산,1,49
537,14:37,7,7,판교,8,"13,25,27,37,38,39,51,52"
537,14:37,8,8,동탄/용인,1,33
537,14:37,9,9,평택,5,"18,19,45,57,108"
538,14:38,1,1,서울역,23,"23,30,35,55,56,58,62,65,66,70,71,75,80,81,86,90,95,97,98,100,104,105,106"
538,14:38,10,10,인천공항,1,42
538,14:38,2,2,수서,7,"1,4,15,17,20,24,28"
538,14:38,3,3,삼성,4,"8,59,88,109"
538,14:38,4,4,여의도,36,"11,12,31,32,34,36,43,46,48,54,61,63,64,67,69,72,73,74,76,77,78,82,83,84,85,87,91,92,93,94,96,99,101,102,103,107"
538,14:38,5,5,김포공항,8,"2,5,6,9,10,21,79,89"
538,14:38,6,6,일산,1,49
538,14:38,7,7,판교,10,"13,25,27,37,38,39,40,47,51,52"
538,14:38,8,8,동탄/용인,1,33
538,14:38,9,9,평택,5,"18,19,45,57,108"
539,14:39,1,1,서울역,23,"23,30,35,55,56,58,62,65,66,70,71,75,80,81,86,90,95,97,98,100,104,105,106"
539,14:39,10,10,인천공항,1,42
539,14:39,2,2,수서,7,"1,4,15,17,20,24,28"
539,14:39,3,3,삼성,4,"8,59,88,109"
539,14:39,4,4,여의도,36,"11,12,31,32,34,36,43,46,48,54,61,63,64,67,69,72,73,74,76,77,78,82,83,84,85,87,91,92,93,94,96,99,101,102,103,107"
539,14:39,5,5,김포공항,8,"2,5,6,9,10,21,79,89"
539,14:39,6,6,일산,1,49
539,14:39,7,7,판교,10,"13,25,27,37,38,39,40,47,51,52"
539,14:39,8,8,동탄/용인,1,33
539,14:39,9,9,평택,5,"18,19,45,57,108"
540,14:40,1,1,서울역,22,"23,30,35,55,56,62,65,66,70,71,75,80,81,86,90,95,97,98,100,104,105,106"
540,14:40,10,10,인천공항,2,"42,53"
540,14:40,2,2,수서,7,"1,4,15,17,20,24,28"
540,14:40,3,3,삼성,4,"8,59,88,109"
540,14:40,4,4,여의도,36,"11,12,31,32,34,36,43,46,48,54,61,63,64,67,69,72,73,74,76,77,78,82,83,84,85,87,91,92,93,94,96,99,101,102,103,107"
540,14:40,5,5,김포공항,8,"2,5,6,9,10,21,79,89"
540,14:40,6,6,일산,1,49
540,14:40,7,7,판교,10,"13,25,27,37,38,39,40,47,51,52"
540,14:40,8,8,동탄/용인,1,33
540,14:40,9,9,평택,6,"18,19,29,45,57,108"
541,14:41,1,1,서울역,22,"7,30,35,55,56,62,65,66,70,71,75,80,81,86,90,95,97,98,100,104,105,106"
541,14:41,10,10,인천공항,2,"42,53"
541,14:41,2,2,수서,7,"1,4,15,17,20,24,28"
541,14:41,3,3,삼성,4,"8,59,88,109"
541,14:41,4,4,여의도,36,"11,12,31,32,34,36,43,46,48,54,61,63,64,67,69,72,73,74,76,77,78,82,83,84,85,87,91,92,93,94,96,99,101,102,103,107"
541,14:41,5,5,김포공항,8,"2,5,6,9,10,21,79,89"
541,14:41,6,6,일산,1,68
541,14:41,7,7,판교,10,"13,25,27,37,38,39,40,47,51,52"
541,14:41,8,8,동탄/용인,1,33
541,14:41,9,9,평택,6,"18,19,29,45,57,108"
542,14:42,1,1,서울역,22,"7,30,35,55,56,62,65,66,70,71,75,80,81,86,90,95,97,98,100,104,105,106"
542,14:42,10,10,인천공항,2,"42,53"
542,14:42,2,2,수서,7,"1,4,15,17,20,24,28"
542,14:42,3,3,삼성,4,"8,59,88,109"
542,14:42,4,4,여의도,37,"3,11,12,31,32,34,36,43,46,48,54,61,63,64,67,69,72,73,74,76,77,78,82,83,84,85,87,91,92,93,94,96,99,101,102,103,107"
542,14:42,5,5,김포공항,8,"2,5,6,9,10,21,79,89"
542,14:42,6,6,일산,1,68
542,14:42,7,7,판교,11,"13,25,27,37,38,39,40,44,47,51,52"
542,14:42,8,8,동탄/용인,1,33
542,14:42,9,9,평택,7,"18,19,29,45,57,60,108"
543,14:43,1,1,서울역,22,"7,30,35,55,56,62,65,66,70,71,75,80,81,86,90,95,97,98,100,104,105,106"
543,14:43,10,10,인천공항,2,"42,53"
543,14:43,2,2,수서,8,"1,4,15,17,20,22,24,28"
543,14:43,3,3,삼성,4,"8,59,88,109"
543,14:43,4,4,여의도,37,"3,11,12,31,32,34,36,43,46,48,54,61,63,64,67,69,72,73,74,76,77,78,82,83,84,85,87,91,92,93,94,96,99,101,102,103,107"
543,14:43,5,5,김포공항,8,"2,5,6,9,10,21,79,89"
543,14:43,6,6,일산,1,68
543,14:43,7,7,판교,12,"13,25,27,37,38,39,40,41,44,47,51,52"
543,14:43,8,8,동탄/용인,1,33
543,14:43,9,9,평택,7,"18,19,29,45,57,60,108"
544,14:44,1,1,서울역,23,"7,26,30,35,55,56,62,65,66,70,71,75,80,81,86,90,95,97,98,100,104,105,106"
544,14:44,10,10,인천공항,2,"42,53"
544,14:44,2,2,수서,9,"1,4,15,16,17,20,22,24,28"
544,14:44,3,3,삼성,4,"8,59,88,109"
544,14:44,4,4,여의도,37,"3,11,12,31,32,34,36,43,46,48,54,61,63,64,67,69,72,73,74,76,77,78,82,83,84,85,87,91,92,93,94,96,99,101,102,103,107"
544,14:44,5,5,김포공항,8,"2,5,6,9,10,21,79,89"
544,14:44,6,6,일산,1,68
544,14:44,7,7,판교,12,"13,25,27,37,38,39,40,41,44,47,51,52"
544,14:44,8,8,동탄/용인,1,33
544,14:44,9,9,평택,7,"18,19,29,45,57,60,108"
545,14:45,1,1,서울역,22,"7,26,30,35,55,56,65,66,70,71,75,80,81,86,90,95,97,98,100,104,105,106"
545,14:45,10,10,인천공항,2,"42,53"
545,14:45,2,2,수서,9,"1,4,15,16,17,20,22,24,28"
545,14:45,3,3,삼성,4,"8,59,88,109"
545,14:45,4,4,여의도,36,"3,12,31,32,34,36,43,46,48,54,61,63,64,67,69,72,73,74,76,77,78,82,83,84,85,87,91,92,93,94,96,99,101,102,103,107"
545,14:45,5,5,김포공항,8,"2,5,6,9,10,21,79,89"
545,14:45,6,6,일산,1,68
545,14:45,7,7,판교,12,"13,25,27,37,38,39,40,41,44,47,51,52"
545,14:45,8,8,동탄/용인,1,33
545,14:45,9,9,평택,8,"0,18,19,29,45,57,60,108"
546,14:46,1,1,서울역,22,"7,26,30,35,55,56,65,66,70,71,75,80,81,86,90,95,97,98,100,104,105,106"
546,14:46,10,10,인천공항,2,"42,53"
546,14:46,2,2,수서,9,"1,4,15,16,17,20,22,24,28"
546,14:46,3,3,삼성,4,"8,59,88,109"
546,14:46,4,4,여의도,36,"3,12,31,32,34,36,43,46,48,54,61,63,64,67,69,72,73,74,76,77,78,82,83,84,85,87,91,92,93,94,96,99,101,102,103,107"
546,14:46,5,5,김포공항,8,"2,5,6,9,10,21,79,89"
546,14:46,6,6,일산,1,68
546,14:46,7,7,판교,12,"13,25,27,37,38,39,40,41,44,47,51,52"
546,14:46,8,8,동탄/용인,1,33
546,14:46,9,9,평택,8,"0,18,19,29,45,57,60,108"
547,14:47,1,1,서울역,22,"7,26,30,35,55,56,65,66,70,71,75,80,81,86,90,95,97,98,100,104,105,106"
547,14:47,10,10,인천공항,2,"42,53"
547,14:47,2,2,수서,9,"1,4,15,16,17,20,22,24,28"
547,14:47,3,3,삼성,4,"8,59,88,109"
547,14:47,4,4,여의도,36,"3,12,31,32,34,36,43,46,48,54,61,63,64,67,69,72,73,74,76,77,78,82,83,84,85,87,91,92,93,94,96,99,101,102,103,107"
547,14:47,5,5,김포공항,8,"2,5,6,9,10,21,79,89"
547,14:47,6,6,일산,1,68
547,14:47,7,7,판교,13,"13,25,27,37,38,39,40,41,44,47,51,52,58"
547,14:47,8,8,동탄/용인,1,33
547,14:47,9,9,평택,8,"0,18,19,29,45,57,60,108"
548,14:48,1,1,서울역,22,"7,26,30,35,55,56,65,66,70,71,75,80,81,86,90,95,97,98,100,104,105,106"
548,14:48,10,10,인천공항,2,"42,53"
548,14:48,2,2,수서,9,"1,4,15,16,17,20,22,24,28"
548,14:48,3,3,삼성,4,"8,59,88,109"
548,14:48,4,4,여의도,36,"3,12,31,32,34,36,43,46,48,54,61,63,64,67,69,72,73,74,76,77,78,82,83,84,85,87,91,92,93,94,96,99,101,102,103,107"
548,14:48,5,5,김포공항,8,"2,5,6,9,10,21,79,89"
548,14:48,6,6,일산,1,68
548,14:48,7,7,판교,13,"13,25,27,37,38,39,40,41,44,47,51,52,58"
548,14:48,8,8,동탄/용인,1,33
548,14:48,9,9,평택,9,"0,14,18,19,29,45,57,60,108"
549,14:49,1,1,서울역,22,"7,26,30,35,55,56,65,66,70,71,75,80,81,86,90,95,97,98,100,104,105,106"
549,14:49,10,10,인천공항,2,"42,53"
549,14:49,2,2,수서,9,"1,4,15,16,17,20,22,24,28"
549,14:49,3,3,삼성,4,"8,59,88,109"
549,14:49,4,4,여의도,37,"3,12,31,32,34,36,43,46,48,50,54,61,63,64,67,69,72,73,74,76,77,78,82,83,84,85,87,91,92,93,94,96,99,101,102,103,107"
549,14:49,5,5,김포공항,8,"2,5,6,9,10,21,79,89"
549,14:49,6,6,일산,1,68
549,14:49,7,7,판교,13,"13,25,27,37,38,39,40,41,44,47,51,52,58"
549,14:49,8,8,동탄/용인,1,33
549,14:49,9,9,평택,9,"0,14,18,19,29,45,57,60,108"
550,14:50,1,1,서울역,22,"7,26,30,35,55,56,65,66,70,71,75,80,81,86,90,95,97,98,100,104,105,106"
550,14:50,10,10,인천공항,2,"42,53"
550,14:50,2,2,수서,9,"1,4,15,16,17,20,22,24,28"
550,14:50,3,3,삼성,4,"8,59,88,109"
550,14:50,4,4,여의도,37,"3,12,31,32,34,36,43,46,48,50,54,61,63,64,67,69,72,73,74,76,77,78,82,83,84,85,87,91,92,93,94,96,99,101,102,103,107"
550,14:50,5,5,김포공항,8,"2,5,6,9,10,21,79,89"
550,14:50,6,6,일산,1,68
550,14:50,7,7,판교,13,"13,25,27,37,38,39,40,41,44,47,51,52,58"
550,14:50,8,8,동탄/용인,1,33
550,14:50,9,9,평택,9,"0,14,18,19,29,45,57,60,108"
551,14:51,1,1,서울역,22,"7,26,30,35,55,56,65,66,70,71,75,80,81,86,90,95,97,98,100,104,105,106"
551,14:51,10,10,인천공항,2,"42,53"
551,14:51,2,2,수서,9,"1,4,15,16,17,20,22,24,28"
551,14:51,3,3,삼성,4,"8,59,88,109"
551,14:51,4,4,여의도,37,"3,12,31,32,34,36,43,46,48,50,54,61,63,64,67,69,72,73,74,76,77,78,82,83,84,85,87,91,92,93,94,96,99,101,102,103,107"
551,14:51,5,5,김포공항,8,"2,5,6,9,10,21,79,89"
551,14:51,6,6,일산,1,68
551,14:51,7,7,판교,13,"13,25,27,37,38,39,40,41,44,47,51,52,58"
551,14:51,8,8,동탄/용인,1,33
551,14:51,9,9,평택,9,"0,14,18,19,29,45,57,60,108"
552,14:52,1,1,서울역,22,"7,26,30,35,55,56,65,66,70,71,75,80,81,86,90,95,97,98,100,104,105,106"
552,14:52,10,10,인천공항,2,"42,53"
552,14:52,2,2,수서,9,"1,4,15,16,17,20,22,24,28"
552,14:52,3,3,삼성,4,"8,59,88,109"
552,14:52,4,4,여의도,37,"3,12,31,32,34,36,43,46,48,50,54,61,63,64,67,69,72,73,74,76,77,78,82,83,84,85,87,91,92,93,94,96,99,101,102,103,107"
552,14:52,5,5,김포공항,8,"2,5,6,9,10,21,79,89"
552,14:52,6,6,일산,1,68
552,14:52,7,7,판교,15,"11,13,25,27,37,38,39,40,41,44,47,51,52,58,62"
552,14:52,8,8,동탄/용인,1,33
552,14:52,9,9,평택,9,"0,14,18,19,29,45,57,60,108"
553,14:53,1,1,서울역,22,"7,26,30,35,55,56,65,66,70,71,75,80,81,86,90,95,97,98,100,104,105,106"
553,14:53,10,10,인천공항,2,"42,53"
553,14:53,2,2,수서,9,"1,4,15,16,17,20,22,24,28"
553,14:53,3,3,삼성,4,"8,59,88,109"
553,14:53,4,4,여의도,37,"3,12,31,32,34,36,43,46,48,50,54,61,63,64,67,69,72,73,74,76,77,78,82,83,84,85,87,91,92,93,94,96,99,101,102,103,107"
553,14:53,5,5,김포공항,8,"2,5,6,9,10,21,79,89"
553,14:53,6,6,일산,1,68
553,14:53,7,7,판교,16,"11,13,25,27,37,38,39,40,41,44,47,49,51,52,58,62"
553,14:53,8,8,동탄/용인,1,33
553,14:53,9,9,평택,9,"0,14,18,19,29,45,57,60,108"
554,14:54,1,1,서울역,22,"7,26,30,35,55,56,65,66,70,71,75,80,81,86,90,95,97,98,100,104,105,106"
554,14:54,10,10,인천공항,3,"23,42,53"
554,14:54,2,2,수서,9,"1,4,15,16,17,20,22,24,28"
554,14:54,3,3,삼성,4,"8,59,88,109"
554,14:54,4,4,여의도,37,"3,12,31,32,34,36,43,46,48,50,54,61,63,64,67,69,72,73,74,76,77,78,82,83,84,85,87,91,92,93,94,96,99,101,102,103,107"
554,14:54,5,5,김포공항,8,"2,5,6,9,10,21,79,89"
554,14:54,6,6,일산,1,68
554,14:54,7,7,판교,16,"11,13,25,27,37,38,39,40,41,44,47,49,51,52,58,62"
554,14:54,8,8,동탄/용인,1,33
554,14:54,9,9,평택,9,"0,14,18,19,29,45,57,60,108"
555,14:55,1,1,서울역,22,"7,26,30,35,55,56,65,66,70,71,75,80,81,86,90,95,97,98,100,104,105,106"
555,14:55,10,10,인천공항,3,"23,42,53"
555,14:55,2,2,수서,9,"1,4,15,16,17,20,22,24,28"
555,14:55,3,3,삼성,4,"8,59,88,109"
555,14:55,4,4,여의도,37,"3,12,31,32,34,36,43,46,48,50,54,61,63,64,67,69,72,73,74,76,77,78,82,83,84,85,87,91,92,93,94,96,99,101,102,103,107"
555,14:55,5,5,김포공항,8,"2,5,6,9,10,21,79,89"
555,14:55,6,6,일산,1,68
555,14:55,7,7,판교,16,"11,13,25,27,37,38,39,40,41,44,47,49,51,52,58,62"
555,14:55,8,8,동탄/용인,1,33
555,14:55,9,9,평택,9,"0,14,18,19,29,45,57,60,108"
556,14:56,1,1,서울역,22,"7,26,30,35,55,56,65,66,70,71,75,80,81,86,90,95,97,98,100,104,105,106"
556,14:56,10,10,인천공항,3,"23,42,53"
556,14:56,2,2,수서,9,"1,4,15,16,17,20,22,24,28"
556,14:56,3,3,삼성,4,"8,59,88,109"
556,14:56,4,4,여의도,37,"3,12,31,32,34,36,43,46,48,50,54,61,63,64,67,69,72,73,74,76,77,78,82,83,84,85,87,91,92,93,94,96,99,101,102,103,107"
556,14:56,5,5,김포공항,8,"2,5,6,9,10,21,79,89"
556,14:56,6,6,일산,1,68
556,14:56,7,7,판교,16,"11,13,25,27,37,38,39,40,41,44,47,49,51,52,58,62"
556,14:56,8,8,동탄/용인,1,33
556,14:56,9,9,평택,9,"0,14,18,19,29,45,57,60,108"
557,14:57,1,1,서울역,22,"7,26,30,35,55,56,65,66,70,71,75,80,81,86,90,95,97,98,100,104,105,106"
557,14:57,10,10,인천공항,3,"23,42,53"
557,14:57,2,2,수서,9,"1,4,15,16,17,20,22,24,28"
557,14:57,3,3,삼성,4,"8,59,88,109"
557,14:57,4,4,여의도,37,"3,12,31,32,34,36,43,46,48,50,54,61,63,64,67,69,72,73,74,76,77,78,82,83,84,85,87,91,92,93,94,96,99,101,102,103,107"
557,14:57,5,5,김포공항,8,"2,5,6,9,10,21,79,89"
557,14:57,6,6,일산,1,68
557,14:57,7,7,판교,16,"11,13,25,27,37,38,39,40,41,44,47,49,51,52,58,62"
557,14:57,8,8,동탄/용인,1,33
557,14:57,9,9,평택,9,"0,14,18,19,29,45,57,60,108"
558,14:58,1,1,서울역,22,"7,26,30,35,55,56,65,66,70,71,75,80,81,86,90,95,97,98,100,104,105,106"
558,14:58,10,10,인천공항,3,"23,42,53"
558,14:58,2,2,수서,9,"1,4,15,16,17,20,22,24,28"
558,14:58,3,3,삼성,4,"8,59,88,109"
558,14:58,4,4,여의도,37,"3,12,31,32,34,36,43,46,48,50,54,61,63,64,67,69,72,73,74,76,77,78,82,83,84,85,87,91,92,93,94,96,99,101,102,103,107"
558,14:58,5,5,김포공항,8,"2,5,6,9,10,21,79,89"
558,14:58,6,6,일산,1,68
558,14:58,7,7,판교,16,"11,13,25,27,37,38,39,40,41,44,47,49,51,52,58,62"
558,14:58,8,8,동탄/용인,1,33
558,14:58,9,9,평택,9,"0,14,18,19,29,45,57,60,108"
559,14:59,1,1,서울역,22,"7,26,30,35,55,56,65,66,70,71,75,80,81,86,90,95,97,98,100,104,105,106"
559,14:59,10,10,인천공항,3,"23,42,53"
559,14:59,2,2,수서,9,"1,4,15,16,17,20,22,24,28"
559,14:59,3,3,삼성,4,"8,59,88,109"
559,14:59,4,4,여의도,37,"3,12,31,32,34,36,43,46,48,50,54,61,63,64,67,69,72,73,74,76,77,78,82,83,84,85,87,91,92,93,94,96,99,101,102,103,107"
559,14:59,5,5,김포공항,8,"2,5,6,9,10,21,79,89"
559,14:59,6,6,일산,1,68
559,14:59,7,7,판교,16,"11,13,25,27,37,38,39,40,41,44,47,49,51,52,58,62"
559,14:59,8,8,동탄/용인,1,33
559,14:59,9,9,평택,9,"0,14,18,19,29,45,57,60,108"
560,15:00,1,1,서울역,22,"7,26,30,35,55,56,65,66,70,71,75,80,81,86,90,95,97,98,100,104,105,106"
560,15:00,10,10,인천공항,3,"23,42,53"
560,15:00,2,2,수서,9,"1,4,15,16,17,20,22,24,28"
560,15:00,3,3,삼성,4,"8,59,88,109"
560,15:00,4,4,여의도,37,"3,12,31,32,34,36,43,46,48,50,54,61,63,64,67,69,72,73,74,76,77,78,82,83,84,85,87,91,92,93,94,96,99,101,102,103,107"
560,15:00,5,5,김포공항,8,"2,5,6,9,10,21,79,89"
560,15:00,6,6,일산,1,68
560,15:00,7,7,판교,16,"11,13,25,27,37,38,39,40,41,44,47,49,51,52,58,62"
560,15:00,8,8,동탄/용인,1,33
560,15:00,9,9,평택,9,"0,14,18,19,29,45,57,60,108"
561,15:01,1,1,서울역,22,"7,26,30,35,55,56,65,66,70,71,75,80,81,86,90,95,97,98,100,104,105,106"
561,15:01,10,10,인천공항,3,"23,42,53"
561,15:01,2,2,수서,9,"1,4,15,16,17,20,22,24,28"
561,15:01,3,3,삼성,4,"8,59,88,109"
561,15:01,4,4,여의도,37,"3,12,31,32,34,36,43,46,48,50,54,61,63,64,67,69,72,73,74,76,77,78,82,83,84,85,87,91,92,93,94,96,99,101,102,103,107"
561,15:01,5,5,김포공항,8,"2,5,6,9,10,21,79,89"
561,15:01,6,6,일산,1,68
561,15:01,7,7,판교,16,"11,13,25,27,37,38,39,40,41,44,47,49,51,52,58,62"
561,15:01,8,8,동탄/용인,1,33
561,15:01,9,9,평택,9,"0,14,18,19,29,45,57,60,108"
562,15:02,1,1,서울역,22,"7,26,30,35,55,56,65,66,70,71,75,80,81,86,90,95,97,98,100,104,105,106"
562,15:02,10,10,인천공항,3,"23,42,53"
562,15:02,2,2,수서,9,"1,4,15,16,17,20,22,24,28"
562,15:02,3,3,삼성,4,"8,59,88,109"
562,15:02,4,4,여의도,37,"3,12,31,32,34,36,43,46,48,50,54,61,63,64,67,69,72,73,74,76,77,78,82,83,84,85,87,91,92,93,94,96,99,101,102,103,107"
562,15:02,5,5,김포공항,8,"2,5,6,9,10,21,79,89"
562,15:02,6,6,일산,1,68
562,15:02,7,7,판교,16,"11,13,25,27,37,38,39,40,41,44,47,49,51,52,58,62"
562,15:02,8,8,동탄/용인,1,33
562,15:02,9,9,평택,9,"0,14,18,19,29,45,57,60,108"
563,15:03,1,1,서울역,22,"7,26,30,35,55,56,65,66,70,71,75,80,81,86,90,95,97,98,100,104,105,106"
563,15:03,10,10,인천공항,3,"23,42,53"
563,15:03,2,2,수서,9,"1,4,15,16,17,20,22,24,28"
563,15:03,3,3,삼성,4,"8,59,88,109"
563,15:03,4,4,여의도,37,"3,12,31,32,34,36,43,46,48,50,54,61,63,64,67,69,72,73,74,76,77,78,82,83,84,85,87,91,92,93,94,96,99,101,102,103,107"
563,15:03,5,5,김포공항,8,"2,5,6,9,10,21,79,89"
563,15:03,6,6,일산,1,68
563,15:03,7,7,판교,16,"11,13,25,27,37,38,39,40,41,44,47,49,51,52,58,62"
563,15:03,8,8,동탄/용인,1,33
563,15:03,9,9,평택,9,"0,14,18,19,29,45,57,60,108"
564,15:04,1,1,서울역,22,"7,26,30,35,55,56,65,66,70,71,75,80,81,86,90,95,97,98,100,104,105,106"
564,15:04,10,10,인천공항,3,"23,42,53"
564,15:04,2,2,수서,9,"1,4,15,16,17,20,22,24,28"
564,15:04,3,3,삼성,4,"8,59,88,109"
564,15:04,4,4,여의도,37,"3,12,31,32,34,36,43,46,48,50,54,61,63,64,67,69,72,73,74,76,77,78,82,83,84,85,87,91,92,93,94,96,99,101,102,103,107"
564,15:04,5,5,김포공항,8,"2,5,6,9,10,21,79,89"
564,15:04,6,6,일산,1,68
564,15:04,7,7,판교,16,"11,13,25,27,37,38,39,40,41,44,47,49,51,52,58,62"
564,15:04,8,8,동탄/용인,1,33
564,15:04,9,9,평택,9,"0,14,18,19,29,45,57,60,108"
565,15:05,1,1,서울역,22,"7,26,30,35,55,56,65,66,70,71,75,80,81,86,90,95,97,98,100,104,105,106"
565,15:05,10,10,인천공항,3,"23,42,53"
565,15:05,2,2,수서,9,"1,4,15,16,17,20,22,24,28"
565,15:05,3,3,삼성,4,"8,59,88,109"
565,15:05,4,4,여의도,37,"3,12,31,32,34,36,43,46,48,50,54,61,63,64,67,69,72,73,74,76,77,78,82,83,84,85,87,91,92,93,94,96,99,101,102,103,107"
565,15:05,5,5,김포공항,8,"2,5,6,9,10,21,79,89"
565,15:05,6,6,일산,1,68
565,15:05,7,7,판교,16,"11,13,25,27,37,38,39,40,41,44,47,49,51,52,58,62"
565,15:05,8,8,동탄/용인,1,33
565,15:05,9,9,평택,9,"0,14,18,19,29,45,57,60,108"
566,15:06,1,1,서울역,22,"7,26,30,35,55,56,65,66,70,71,75,80,81,86,90,95,97,98,100,104,105,106"
566,15:06,10,10,인천공항,3,"23,42,53"
566,15:06,2,2,수서,9,"1,4,15,16,17,20,22,24,28"
566,15:06,3,3,삼성,4,"8,59,88,109"
566,15:06,4,4,여의도,37,"3,12,31,32,34,36,43,46,48,50,54,61,63,64,67,69,72,73,74,76,77,78,82,83,84,85,87,91,92,93,94,96,99,101,102,103,107"
566,15:06,5,5,김포공항,8,"2,5,6,9,10,21,79,89"
566,15:06,6,6,일산,1,68
566,15:06,7,7,판교,16,"11,13,25,27,37,38,39,40,41,44,47,49,51,52,58,62"
566,15:06,8,8,동탄/용인,1,33
566,15:06,9,9,평택,9,"0,14,18,19,29,45,57,60,108"
567,15:07,1,1,서울역,22,"7,26,30,35,55,56,65,66,70,71,75,80,81,86,90,95,97,98,100,104,105,106"
567,15:07,10,10,인천공항,3,"23,42,53"
567,15:07,2,2,수서,9,"1,4,15,16,17,20,22,24,28"
567,15:07,3,3,삼성,4,"8,59,88,109"
567,15:07,4,4,여의도,37,"3,12,31,32,34,36,43,46,48,50,54,61,63,64,67,69,72,73,74,76,77,78,82,83,84,85,87,91,92,93,94,96,99,101,102,103,107"
567,15:07,5,5,김포공항,8,"2,5,6,9,10,21,79,89"
567,15:07,6,6,일산,1,68
567,15:07,7,7,판교,16,"11,13,25,27,37,38,39,40,41,44,47,49,51,52,58,62"
567,15:07,8,8,동탄/용인,1,33
567,15:07,9,9,평택,9,"0,14,18,19,29,45,57,60,108"
568,15:08,1,1,서울역,22,"7,26,30,35,55,56,65,66,70,71,75,80,81,86,90,95,97,98,100,104,105,106"
568,15:08,10,10,인천공항,3,"23,42,53"
568,15:08,2,2,수서,9,"1,4,15,16,17,20,22,24,28"
568,15:08,3,3,삼성,4,"8,59,88,109"
568,15:08,4,4,여의도,37,"3,12,31,32,34,36,43,46,48,50,54,61,63,64,67,69,72,73,74,76,77,78,82,83,84,85,87,91,92,93,94,96,99,101,102,103,107"
568,15:08,5,5,김포공항,8,"2,5,6,9,10,21,79,89"
568,15:08,6,6,일산,1,68
568,15:08,7,7,판교,16,"11,13,25,27,37,38,39,40,41,44,47,49,51,52,58,62"
568,15:08,8,8,동탄/용인,1,33
568,15:08,9,9,평택,9,"0,14,18,19,29,45,57,60,108"
569,15:09,1,1,서울역,22,"7,26,30,35,55,56,65,66,70,71,75,80,81,86,90,95,97,98,100,104,105,106"
569,15:09,10,10,인천공항,3,"23,42,53"
569,15:09,2,2,수서,9,"1,4,15,16,17,20,22,24,28"
569,15:09,3,3,삼성,4,"8,59,88,109"
569,15:09,4,4,여의도,37,"3,12,31,32,34,36,43,46,48,50,54,61,63,64,67,69,72,73,74,76,77,78,82,83,84,85,87,91,92,93,94,96,99,101,102,103,107"
569,15:09,5,5,김포공항,8,"2,5,6,9,10,21,79,89"
569,15:09,6,6,일산,1,68
569,15:09,7,7,판교,16,"11,13,25,27,37,38,39,40,41,44,47,49,51,52,58,62"
569,15:09,8,8,동탄/용인,1,33
569,15:09,9,9,평택,9,"0,14,18,19,29,45,57,60,108"
570,15:10,1,1,서울역,22,"7,26,30,35,55,56,65,66,70,71,75,80,81,86,90,95,97,98,100,104,105,106"
570,15:10,10,10,인천공항,3,"23,42,53"
570,15:10,2,2,수서,9,"1,4,15,16,17,20,22,24,28"
570,15:10,3,3,삼성,4,"8,59,88,109"
570,15:10,4,4,여의도,37,"3,12,31,32,34,36,43,46,48,50,54,61,63,64,67,69,72,73,74,76,77,78,82,83,84,85,87,91,92,93,94,96,99,101,102,103,107"
570,15:10,5,5,김포공항,8,"2,5,6,9,10,21,79,89"
570,15:10,6,6,일산,1,68
570,15:10,7,7,판교,16,"11,13,25,27,37,38,39,40,41,44,47,49,51,52,58,62"
570,15:10,8,8,동탄/용인,1,33
570,15:10,9,9,평택,9,"0,14,18,19,29,45,57,60,108"
571,15:11,1,1,서울역,22,"7,26,30,35,55,56,65,66,70,71,75,80,81,86,90,95,97,98,100,104,105,106"
571,15:11,10,10,인천공항,3,"23,42,53"
571,15:11,2,2,수서,9,"1,4,15,16,17,20,22,24,28"
571,15:11,3,3,삼성,4,"8,59,88,109"
571,15:11,4,4,여의도,37,"3,12,31,32,34,36,43,46,48,50,54,61,63,64,67,69,72,73,74,76,77,78,82,83,84,85,87,91,92,93,94,96,99,101,102,103,107"
571,15:11,5,5,김포공항,8,"2,5,6,9,10,21,79,89"
571,15:11,6,6,일산,1,68
571,15:11,7,7,판교,16,"11,13,25,27,37,38,39,40,41,44,47,49,51,52,58,62"
571,15:11,8,8,동탄/용인,1,33
571,15:11,9,9,평택,9,"0,14,18,19,29,45,57,60,108"
572,15:12,1,1,서울역,22,"7,26,30,35,55,56,65,66,70,71,75,80,81,86,90,95,97,98,100,104,105,106"
572,15:12,10,10,인천공항,3,"23,42,53"
572,15:12,2,2,수서,9,"1,4,15,16,17,20,22,24,28"
572,15:12,3,3,삼성,4,"8,59,88,109"
572,15:12,4,4,여의도,37,"3,12,31,32,34,36,43,46,48,50,54,61,63,64,67,69,72,73,74,76,77,78,82,83,84,85,87,91,92,93,94,96,99,101,102,103,107"
572,15:12,5,5,김포공항,8,"2,5,6,9,10,21,79,89"
572,15:12,6,6,일산,1,68
572,15:12,7,7,판교,16,"11,13,25,27,37,38,39,40,41,44,47,49,51,52,58,62"
572,15:12,8,8,동탄/용인,1,33
572,15:12,9,9,평택,9,"0,14,18,19,29,45,57,60,108"
573,15:13,1,1,서울역,22,"7,26,30,35,55,56,65,66,70,71,75,80,81,86,90,95,97,98,100,104,105,106"
573,15:13,10,10,인천공항,3,"23,42,53"
573,15:13,2,2,수서,9,"1,4,15,16,17,20,22,24,28"
573,15:13,3,3,삼성,4,"8,59,88,109"
573,15:13,4,4,여의도,37,"3,12,31,32,34,36,43,46,48,50,54,61,63,64,67,69,72,73,74,76,77,78,82,83,84,85,87,91,92,93,94,96,99,101,102,103,107"
573,15:13,5,5,김포공항,8,"2,5,6,9,10,21,79,89"
573,15:13,6,6,일산,1,68
573,15:13,7,7,판교,16,"11,13,25,27,37,38,39,40,41,44,47,49,51,52,58,62"
573,15:13,8,8,동탄/용인,1,33
573,15:13,9,9,평택,9,"0,14,18,19,29,45,57,60,108"
574,15:14,1,1,서울역,22,"7,26,30,35,55,56,65,66,70,71,75,80,81,86,90,95,97,98,100,104,105,106"
574,15:14,10,10,인천공항,3,"23,42,53"
574,15:14,2,2,수서,9,"1,4,15,16,17,20,22,24,28"
574,15:14,3,3,삼성,4,"8,59,88,109"
574,15:14,4,4,여의도,37,"3,12,31,32,34,36,43,46,48,50,54,61,63,64,67,69,72,73,74,76,77,78,82,83,84,85,87,91,92,93,94,96,99,101,102,103,107"
574,15:14,5,5,김포공항,8,"2,5,6,9,10,21,79,89"
574,15:14,6,6,일산,1,68
574,15:14,7,7,판교,16,"11,13,25,27,37,38,39,40,41,44,47,49,51,52,58,62"
574,15:14,8,8,동탄/용인,1,33
574,15:14,9,9,평택,9,"0,14,18,19,29,45,57,60,108"
575,15:15,1,1,서울역,22,"7,26,30,35,55,56,65,66,70,71,75,80,81,86,90,95,97,98,100,104,105,106"
575,15:15,10,10,인천공항,3,"23,42,53"
575,15:15,2,2,수서,9,"1,4,15,16,17,20,22,24,28"
575,15:15,3,3,삼성,4,"8,59,88,109"
575,15:15,4,4,여의도,37,"3,12,31,32,34,36,43,46,48,50,54,61,63,64,67,69,72,73,74,76,77,78,82,83,84,85,87,91,92,93,94,96,99,101,102,103,107"
575,15:15,5,5,김포공항,8,"2,5,6,9,10,21,79,89"
575,15:15,6,6,일산,1,68
575,15:15,7,7,판교,16,"11,13,25,27,37,38,39,40,41,44,47,49,51,52,58,62"
575,15:15,8,8,동탄/용인,1,33
575,15:15,9,9,평택,9,"0,14,18,19,29,45,57,60,108"
576,15:16,1,1,서울역,22,"7,26,30,35,55,56,65,66,70,71,75,80,81,86,90,95,97,98,100,104,105,106"
576,15:16,10,10,인천공항,3,"23,42,53"
576,15:16,2,2,수서,9,"1,4,15,16,17,20,22,24,28"
576,15:16,3,3,삼성,4,"8,59,88,109"
576,15:16,4,4,여의도,37,"3,12,31,32,34,36,43,46,48,50,54,61,63,64,67,69,72,73,74,76,77,78,82,83,84,85,87,91,92,93,94,96,99,101,102,103,107"
576,15:16,5,5,김포공항,8,"2,5,6,9,10,21,79,89"
576,15:16,6,6,일산,1,68
576,15:16,7,7,판교,16,"11,13,25,27,37,38,39,40,41,44,47,49,51,52,58,62"
576,15:16,8,8,동탄/용인,1,33
576,15:16,9,9,평택,9,"0,14,18,19,29,45,57,60,108"
577,15:17,1,1,서울역,22,"7,26,30,35,55,56,65,66,70,71,75,80,81,86,90,95,97,98,100,104,105,106"
577,15:17,10,10,인천공항,3,"23,42,53"
577,15:17,2,2,수서,9,"1,4,15,16,17,20,22,24,28"
577,15:17,3,3,삼성,4,"8,59,88,109"
577,15:17,4,4,여의도,37,"3,12,31,32,34,36,43,46,48,50,54,61,63,64,67,69,72,73,74,76,77,78,82,83,84,85,87,91,92,93,94,96,99,101,102,103,107"
577,15:17,5,5,김포공항,8,"2,5,6,9,10,21,79,89"
577,15:17,6,6,일산,1,68
577,15:17,7,7,판교,16,"11,13,25,27,37,38,39,40,41,44,47,49,51,52,58,62"
577,15:17,8,8,동탄/용인,1,33
577,15:17,9,9,평택,9,"0,14,18,19,29,45,57,60,108"
578,15:18,1,1,서울역,22,"7,26,30,35,55,56,65,66,70,71,75,80,81,86,90,95,97,98,100,104,105,106"
578,15:18,10,10,인천공항,3,"23,42,53"
578,15:18,2,2,수서,9,"1,4,15,16,17,20,22,24,28"
578,15:18,3,3,삼성,4,"8,59,88,109"
578,15:18,4,4,여의도,37,"3,12,31,32,34,36,43,46,48,50,54,61,63,64,67,69,72,73,74,76,77,78,82,83,84,85,87,91,92,93,94,96,99,101,102,103,107"
578,15:18,5,5,김포공항,8,"2,5,6,9,10,21,79,89"
578,15:18,6,6,일산,1,68
578,15:18,7,7,판교,16,"11,13,25,27,37,38,39,40,41,44,47,49,51,52,58,62"
578,15:18,8,8,동탄/용인,1,33
578,15:18,9,9,평택,9,"0,14,18,19,29,45,57,60,108"
579,15:19,1,1,서울역,22,"7,26,30,35,55,56,65,66,70,71,75,80,81,86,90,95,97,98,100,104,105,106"
579,15:19,10,10,인천공항,3,"23,42,53"
579,15:19,2,2,수서,9,"1,4,15,16,17,20,22,24,28"
579,15:19,3,3,삼성,4,"8,59,88,109"
579,15:19,4,4,여의도,37,"3,12,31,32,34,36,43,46,48,50,54,61,63,64,67,69,72,73,74,76,77,78,82,83,84,85,87,91,92,93,94,96,99,101,102,103,107"
579,15:19,5,5,김포공항,8,"2,5,6,9,10,21,79,89"
579,15:19,6,6,일산,1,68
579,15:19,7,7,판교,16,"11,13,25,27,37,38,39,40,41,44,47,49,51,52,58,62"
579,15:19,8,8,동탄/용인,1,33
579,15:19,9,9,평택,9,"0,14,18,19,29,45,57,60,108"
580,15:20,1,1,서울역,22,"7,26,30,35,55,56,65,66,70,71,75,80,81,86,90,95,97,98,100,104,105,106"
580,15:20,10,10,인천공항,3,"23,42,53"
580,15:20,2,2,수서,9,"1,4,15,16,17,20,22,24,28"
580,15:20,3,3,삼성,4,"8,59,88,109"
580,15:20,4,4,여의도,37,"3,12,31,32,34,36,43,46,48,50,54,61,63,64,67,69,72,73,74,76,77,78,82,83,84,85,87,91,92,93,94,96,99,101,102,103,107"
580,15:20,5,5,김포공항,8,"2,5,6,9,10,21,79,89"
580,15:20,6,6,일산,1,68
580,15:20,7,7,판교,16,"11,13,25,27,37,38,39,40,41,44,47,49,51,52,58,62"
580,15:20,8,8,동탄/용인,1,33
580,15:20,9,9,평택,9,"0,14,18,19,29,45,57,60,108"
581,15:21,1,1,서울역,22,"7,26,30,35,55,56,65,66,70,71,75,80,81,86,90,95,97,98,100,104,105,106"
581,15:21,10,10,인천공항,3,"23,42,53"
581,15:21,2,2,수서,9,"1,4,15,16,17,20,22,24,28"
581,15:21,3,3,삼성,4,"8,59,88,109"
581,15:21,4,4,여의도,37,"3,12,31,32,34,36,43,46,48,50,54,61,63,64,67,69,72,73,74,76,77,78,82,83,84,85,87,91,92,93,94,96,99,101,102,103,107"
581,15:21,5,5,김포공항,8,"2,5,6,9,10,21,79,89"
581,15:21,6,6,일산,1,68
581,15:21,7,7,판교,16,"11,13,25,27,37,38,39,40,41,44,47,49,51,52,58,62"
581,15:21,8,8,동탄/용인,1,33
581,15:21,9,9,평택,9,"0,14,18,19,29,45,57,60,108"
582,15:22,1,1,서울역,22,"7,26,30,35,55,56,65,66,70,71,75,80,81,86,90,95,97,98,100,104,105,106"
582,15:22,10,10,인천공항,3,"23,42,53"
582,15:22,2,2,수서,9,"1,4,15,16,17,20,22,24,28"
582,15:22,3,3,삼성,4,"8,59,88,109"
582,15:22,4,4,여의도,37,"3,12,31,32,34,36,43,46,48,50,54,61,63,64,67,69,72,73,74,76,77,78,82,83,84,85,87,91,92,93,94,96,99,101,102,103,107"
582,15:22,5,5,김포공항,8,"2,5,6,9,10,21,79,89"
582,15:22,6,6,일산,1,68
582,15:22,7,7,판교,16,"11,13,25,27,37,38,39,40,41,44,47,49,51,52,58,62"
582,15:22,8,8,동탄/용인,1,33
582,15:22,9,9,평택,9,"0,14,18,19,29,45,57,60,108"
583,15:23,1,1,서울역,22,"7,26,30,35,55,56,65,66,70,71,75,80,81,86,90,95,97,98,100,104,105,106"
583,15:23,10,10,인천공항,3,"23,42,53"
583,15:23,2,2,수서,9,"1,4,15,16,17,20,22,24,28"
583,15:23,3,3,삼성,4,"8,59,88,109"
583,15:23,4,4,여의도,37,"3,12,31,32,34,36,43,46,48,50,54,61,63,64,67,69,72,73,74,76,77,78,82,83,84,85,87,91,92,93,94,96,99,101,102,103,107"
583,15:23,5,5,김포공항,8,"2,5,6,9,10,21,79,89"
583,15:23,6,6,일산,1,68
583,15:23,7,7,판교,16,"11,13,25,27,37,38,39,40,41,44,47,49,51,52,58,62"
583,15:23,8,8,동탄/용인,1,33
583,15:23,9,9,평택,9,"0,14,18,19,29,45,57,60,108"
584,15:24,1,1,서울역,22,"7,26,30,35,55,56,65,66,70,71,75,80,81,86,90,95,97,98,100,104,105,106"
584,15:24,10,10,인천공항,3,"23,42,53"
584,15:24,2,2,수서,9,"1,4,15,16,17,20,22,24,28"
584,15:24,3,3,삼성,4,"8,59,88,109"
584,15:24,4,4,여의도,37,"3,12,31,32,34,36,43,46,48,50,54,61,63,64,67,69,72,73,74,76,77,78,82,83,84,85,87,91,92,93,94,96,99,101,102,103,107"
584,15:24,5,5,김포공항,8,"2,5,6,9,10,21,79,89"
584,15:24,6,6,일산,1,68
584,15:24,7,7,판교,16,"11,13,25,27,37,38,39,40,41,44,47,49,51,52,58,62"
584,15:24,8,8,동탄/용인,1,33
584,15:24,9,9,평택,9,"0,14,18,19,29,45,57,60,108"
585,15:25,1,1,서울역,22,"7,26,30,35,55,56,65,66,70,71,75,80,81,86,90,95,97,98,100,104,105,106"
585,15:25,10,10,인천공항,3,"23,42,53"
585,15:25,2,2,수서,9,"1,4,15,16,17,20,22,24,28"
585,15:25,3,3,삼성,4,"8,59,88,109"
585,15:25,4,4,여의도,37,"3,12,31,32,34,36,43,46,48,50,54,61,63,64,67,69,72,73,74,76,77,78,82,83,84,85,87,91,92,93,94,96,99,101,102,103,107"
585,15:25,5,5,김포공항,8,"2,5,6,9,10,21,79,89"
585,15:25,6,6,일산,1,68
585,15:25,7,7,판교,16,"11,13,25,27,37,38,39,40,41,44,47,49,51,52,58,62"
585,15:25,8,8,동탄/용인,1,33
585,15:25,9,9,평택,9,"0,14,18,19,29,45,57,60,108"
586,15:26,1,1,서울역,22,"7,26,30,35,55,56,65,66,70,71,75,80,81,86,90,95,97,98,100,104,105,106"
586,15:26,10,10,인천공항,3,"23,42,53"
586,15:26,2,2,수서,9,"1,4,15,16,17,20,22,24,28"
586,15:26,3,3,삼성,4,"8,59,88,109"
586,15:26,4,4,여의도,37,"3,12,31,32,34,36,43,46,48,50,54,61,63,64,67,69,72,73,74,76,77,78,82,83,84,85,87,91,92,93,94,96,99,101,102,103,107"
586,15:26,5,5,김포공항,8,"2,5,6,9,10,21,79,89"
586,15:26,6,6,일산,1,68
586,15:26,7,7,판교,16,"11,13,25,27,37,38,39,40,41,44,47,49,51,52,58,62"
586,15:26,8,8,동탄/용인,1,33
586,15:26,9,9,평택,9,"0,14,18,19,29,45,57,60,108"
587,15:27,1,1,서울역,22,"7,26,30,35,55,56,65,66,70,71,75,80,81,86,90,95,97,98,100,104,105,106"
587,15:27,10,10,인천공항,3,"23,42,53"
587,15:27,2,2,수서,9,"1,4,15,16,17,20,22,24,28"
587,15:27,3,3,삼성,4,"8,59,88,109"
587,15:27,4,4,여의도,37,"3,12,31,32,34,36,43,46,48,50,54,61,63,64,67,69,72,73,74,76,77,78,82,83,84,85,87,91,92,93,94,96,99,101,102,103,107"
587,15:27,5,5,김포공항,8,"2,5,6,9,10,21,79,89"
587,15:27,6,6,일산,1,68
587,15:27,7,7,판교,16,"11,13,25,27,37,38,39,40,41,44,47,49,51,52,58,62"
587,15:27,8,8,동탄/용인,1,33
587,15:27,9,9,평택,9,"0,14,18,19,29,45,57,60,108"
588,15:28,1,1,서울역,22,"7,26,30,35,55,56,65,66,70,71,75,80,81,86,90,95,97,98,100,104,105,106"
588,15:28,10,10,인천공항,3,"23,42,53"
588,15:28,2,2,수서,9,"1,4,15,16,17,20,22,24,28"
588,15:28,3,3,삼성,4,"8,59,88,109"
588,15:28,4,4,여의도,37,"3,12,31,32,34,36,43,46,48,50,54,61,63,64,67,69,72,73,74,76,77,78,82,83,84,85,87,91,92,93,94,96,99,101,102,103,107"
588,15:28,5,5,김포공항,8,"2,5,6,9,10,21,79,89"
588,15:28,6,6,일산,1,68
588,15:28,7,7,판교,16,"11,13,25,27,37,38,39,40,41,44,47,49,51,52,58,62"
588,15:28,8,8,동탄/용인,1,33
588,15:28,9,9,평택,9,"0,14,18,19,29,45,57,60,108"
589,15:29,1,1,서울역,22,"7,26,30,35,55,56,65,66,70,71,75,80,81,86,90,95,97,98,100,104,105,106"
589,15:29,10,10,인천공항,3,"23,42,53"
589,15:29,2,2,수서,9,"1,4,15,16,17,20,22,24,28"
589,15:29,3,3,삼성,4,"8,59,88,109"
589,15:29,4,4,여의도,37,"3,12,31,32,34,36,43,46,48,50,54,61,63,64,67,69,72,73,74,76,77,78,82,83,84,85,87,91,92,93,94,96,99,101,102,103,107"
589,15:29,5,5,김포공항,8,"2,5,6,9,10,21,79,89"
589,15:29,6,6,일산,1,68
589,15:29,7,7,판교,16,"11,13,25,27,37,38,39,40,41,44,47,49,51,52,58,62"
589,15:29,8,8,동탄/용인,1,33
589,15:29,9,9,평택,9,"0,14,18,19,29,45,57,60,108"
590,15:30,1,1,서울역,22,"7,26,30,35,55,56,65,66,70,71,75,80,81,86,90,95,97,98,100,104,105,106"
590,15:30,10,10,인천공항,3,"23,42,53"
590,15:30,2,2,수서,9,"1,4,15,16,17,20,22,24,28"
590,15:30,3,3,삼성,4,"8,59,88,109"
590,15:30,4,4,여의도,37,"3,12,31,32,34,36,43,46,48,50,54,61,63,64,67,69,72,73,74,76,77,78,82,83,84,85,87,91,92,93,94,96,99,101,102,103,107"
590,15:30,5,5,김포공항,8,"2,5,6,9,10,21,79,89"
590,15:30,6,6,일산,1,68
590,15:30,7,7,판교,16,"11,13,25,27,37,38,39,40,41,44,47,49,51,52,58,62"
590,15:30,8,8,동탄/용인,1,33
590,15:30,9,9,평택,9,"0,14,18,19,29,45,57,60,108"
591,15:31,1,1,서울역,22,"7,26,30,35,55,56,65,66,70,71,75,80,81,86,90,95,97,98,100,104,105,106"
591,15:31,10,10,인천공항,3,"23,42,53"
591,15:31,2,2,수서,9,"1,4,15,16,17,20,22,24,28"
591,15:31,3,3,삼성,4,"8,59,88,109"
591,15:31,4,4,여의도,37,"3,12,31,32,34,36,43,46,48,50,54,61,63,64,67,69,72,73,74,76,77,78,82,83,84,85,87,91,92,93,94,96,99,101,102,103,107"
591,15:31,5,5,김포공항,8,"2,5,6,9,10,21,79,89"
591,15:31,6,6,일산,1,68
591,15:31,7,7,판교,16,"11,13,25,27,37,38,39,40,41,44,47,49,51,52,58,62"
591,15:31,8,8,동탄/용인,1,33
591,15:31,9,9,평택,9,"0,14,18,19,29,45,57,60,108"
592,15:32,1,1,서울역,22,"7,26,30,35,55,56,65,66,70,71,75,80,81,86,90,95,97,98,100,104,105,106"
592,15:32,10,10,인천공항,3,"23,42,53"
592,15:32,2,2,수서,9,"1,4,15,16,17,20,22,24,28"
592,15:32,3,3,삼성,4,"8,59,88,109"
592,15:32,4,4,여의도,37,"3,12,31,32,34,36,43,46,48,50,54,61,63,64,67,69,72,73,74,76,77,78,82,83,84,85,87,91,92,93,94,96,99,101,102,103,107"
592,15:32,5,5,김포공항,8,"2,5,6,9,10,21,79,89"
592,15:32,6,6,일산,1,68
592,15:32,7,7,판교,16,"11,13,25,27,37,38,39,40,41,44,47,49,51,52,58,62"
592,15:32,8,8,동탄/용인,1,33
592,15:32,9,9,평택,9,"0,14,18,19,29,45,57,60,108"
593,15:33,1,1,서울역,22,"7,26,30,35,55,56,65,66,70,71,75,80,81,86,90,95,97,98,100,104,105,106"
593,15:33,10,10,인천공항,3,"23,42,53"
593,15:33,2,2,수서,9,"1,4,15,16,17,20,22,24,28"
593,15:33,3,3,삼성,4,"8,59,88,109"
593,15:33,4,4,여의도,37,"3,12,31,32,34,36,43,46,48,50,54,61,63,64,67,69,72,73,74,76,77,78,82,83,84,85,87,91,92,93,94,96,99,101,102,103,107"
593,15:33,5,5,김포공항,8,"2,5,6,9,10,21,79,89"
593,15:33,6,6,일산,1,68
593,15:33,7,7,판교,16,"11,13,25,27,37,38,39,40,41,44,47,49,51,52,58,62"
593,15:33,8,8,동탄/용인,1,33
593,15:33,9,9,평택,9,"0,14,18,19,29,45,57,60,108"
594,15:34,1,1,서울역,22,"7,26,30,35,55,56,65,66,70,71,75,80,81,86,90,95,97,98,100,104,105,106"
594,15:34,10,10,인천공항,3,"23,42,53"
594,15:34,2,2,수서,9,"1,4,15,16,17,20,22,24,28"
594,15:34,3,3,삼성,4,"8,59,88,109"
594,15:34,4,4,여의도,37,"3,12,31,32,34,36,43,46,48,50,54,61,63,64,67,69,72,73,74,76,77,78,82,83,84,85,87,91,92,93,94,96,99,101,102,103,107"
594,15:34,5,5,김포공항,8,"2,5,6,9,10,21,79,89"
594,15:34,6,6,일산,1,68
594,15:34,7,7,판교,16,"11,13,25,27,37,38,39,40,41,44,47,49,51,52,58,62"
594,15:34,8,8,동탄/용인,1,33
594,15:34,9,9,평택,9,"0,14,18,19,29,45,57,60,108"
595,15:35,1,1,서울역,22,"7,26,30,35,55,56,65,66,70,71,75,80,81,86,90,95,97,98,100,104,105,106"
595,15:35,10,10,인천공항,3,"23,42,53"
595,15:35,2,2,수서,9,"1,4,15,16,17,20,22,24,28"
595,15:35,3,3,삼성,4,"8,59,88,109"
595,15:35,4,4,여의도,37,"3,12,31,32,34,36,43,46,48,50,54,61,63,64,67,69,72,73,74,76,77,78,82,83,84,85,87,91,92,93,94,96,99,101,102,103,107"
595,15:35,5,5,김포공항,8,"2,5,6,9,10,21,79,89"
595,15:35,6,6,일산,1,68
595,15:35,7,7,판교,16,"11,13,25,27,37,38,39,40,41,44,47,49,51,52,58,62"
595,15:35,8,8,동탄/용인,1,33
595,15:35,9,9,평택,9,"0,14,18,19,29,45,57,60,108"
596,15:36,1,1,서울역,22,"7,26,30,35,55,56,65,66,70,71,75,80,81,86,90,95,97,98,100,104,105,106"
596,15:36,10,10,인천공항,3,"23,42,53"
596,15:36,2,2,수서,9,"1,4,15,16,17,20,22,24,28"
596,15:36,3,3,삼성,4,"8,59,88,109"
596,15:36,4,4,여의도,37,"3,12,31,32,34,36,43,46,48,50,54,61,63,64,67,69,72,73,74,76,77,78,82,83,84,85,87,91,92,93,94,96,99,101,102,103,107"
596,15:36,5,5,김포공항,8,"2,5,6,9,10,21,79,89"
596,15:36,6,6,일산,1,68
596,15:36,7,7,판교,16,"11,13,25,27,37,38,39,40,41,44,47,49,51,52,58,62"
596,15:36,8,8,동탄/용인,1,33
596,15:36,9,9,평택,9,"0,14,18,19,29,45,57,60,108"
597,15:37,1,1,서울역,22,"7,26,30,35,55,56,65,66,70,71,75,80,81,86,90,95,97,98,100,104,105,106"
597,15:37,10,10,인천공항,3,"23,42,53"
597,15:37,2,2,수서,9,"1,4,15,16,17,20,22,24,28"
597,15:37,3,3,삼성,4,"8,59,88,109"
597,15:37,4,4,여의도,37,"3,12,31,32,34,36,43,46,48,50,54,61,63,64,67,69,72,73,74,76,77,78,82,83,84,85,87,91,92,93,94,96,99,101,102,103,107"
597,15:37,5,5,김포공항,8,"2,5,6,9,10,21,79,89"
597,15:37,6,6,일산,1,68
597,15:37,7,7,판교,16,"11,13,25,27,37,38,39,40,41,44,47,49,51,52,58,62"
597,15:37,8,8,동탄/용인,1,33
597,15:37,9,9,평택,9,"0,14,18,19,29,45,57,60,108"
598,15:38,1,1,서울역,22,"7,26,30,35,55,56,65,66,70,71,75,80,81,86,90,95,97,98,100,104,105,106"
598,15:38,10,10,인천공항,3,"23,42,53"
598,15:38,2,2,수서,9,"1,4,15,16,17,20,22,24,28"
598,15:38,3,3,삼성,4,"8,59,88,109"
598,15:38,4,4,여의도,37,"3,12,31,32,34,36,43,46,48,50,54,61,63,64,67,69,72,73,74,76,77,78,82,83,84,85,87,91,92,93,94,96,99,101,102,103,107"
598,15:38,5,5,김포공항,8,"2,5,6,9,10,21,79,89"
598,15:38,6,6,일산,1,68
598,15:38,7,7,판교,16,"11,13,25,27,37,38,39,40,41,44,47,49,51,52,58,62"
598,15:38,8,8,동탄/용인,1,33
598,15:38,9,9,평택,9,"0,14,18,19,29,45,57,60,108"
599,15:39,1,1,서울역,22,"7,26,30,35,55,56,65,66,70,71,75,80,81,86,90,95,97,98,100,104,105,106"
599,15:39,10,10,인천공항,3,"23,42,53"
599,15:39,2,2,수서,9,"1,4,15,16,17,20,22,24,28"
599,15:39,3,3,삼성,4,"8,59,88,109"
599,15:39,4,4,여의도,37,"3,12,31,32,34,36,43,46,48,50,54,61,63,64,67,69,72,73,74,76,77,78,82,83,84,85,87,91,92,93,94,96,99,101,102,103,107"
599,15:39,5,5,김포공항,8,"2,5,6,9,10,21,79,89"
599,15:39,6,6,일산,1,68
599,15:39,7,7,판교,16,"11,13,25,27,37,38,39,40,41,44,47,49,51,52,58,62"
599,15:39,8,8,동탄/용인,1,33
599,15:39,9,9,평택,9,"0,14,18,19,29,45,57,60,108"
600,15:40,1,1,서울역,22,"7,26,30,35,55,56,65,66,70,71,75,80,81,86,90,95,97,98,100,104,105,106"
600,15:40,10,10,인천공항,3,"23,42,53"
600,15:40,2,2,수서,9,"1,4,15,16,17,20,22,24,28"
600,15:40,3,3,삼성,4,"8,59,88,109"
600,15:40,4,4,여의도,37,"3,12,31,32,34,36,43,46,48,50,54,61,63,64,67,69,72,73,74,76,77,78,82,83,84,85,87,91,92,93,94,96,99,101,102,103,107"
600,15:40,5,5,김포공항,8,"2,5,6,9,10,21,79,89"
600,15:40,6,6,일산,1,68
600,15:40,7,7,판교,16,"11,13,25,27,37,38,39,40,41,44,47,49,51,52,58,62"
600,15:40,8,8,동탄/용인,1,33
600,15:40,9,9,평택,9,"0,14,18,19,29,45,57,60,108"
601,15:41,1,1,서울역,22,"7,26,30,35,55,56,65,66,70,71,75,80,81,86,90,95,97,98,100,104,105,106"
601,15:41,10,10,인천공항,3,"23,42,53"
601,15:41,2,2,수서,9,"1,4,15,16,17,20,22,24,28"
601,15:41,3,3,삼성,4,"8,59,88,109"
601,15:41,4,4,여의도,37,"3,12,31,32,34,36,43,46,48,50,54,61,63,64,67,69,72,73,74,76,77,78,82,83,84,85,87,91,92,93,94,96,99,101,102,103,107"
601,15:41,5,5,김포공항,8,"2,5,6,9,10,21,79,89"
601,15:41,6,6,일산,1,68
601,15:41,7,7,판교,16,"11,13,25,27,37,38,39,40,41,44,47,49,51,52,58,62"
601,15:41,8,8,동탄/용인,1,33
601,15:41,9,9,평택,9,"0,14,18,19,29,45,57,60,108"
602,15:42,1,1,서울역,22,"7,26,30,35,55,56,65,66,70,71,75,80,81,86,90,95,97,98,100,104,105,106"
602,15:42,10,10,인천공항,3,"23,42,53"
602,15:42,2,2,수서,9,"1,4,15,16,17,20,22,24,28"
602,15:42,3,3,삼성,4,"8,59,88,109"
602,15:42,4,4,여의도,37,"3,12,31,32,34,36,43,46,48,50,54,61,63,64,67,69,72,73,74,76,77,78,82,83,84,85,87,91,92,93,94,96,99,101,102,103,107"
602,15:42,5,5,김포공항,8,"2,5,6,9,10,21,79,89"
602,15:42,6,6,일산,1,68
602,15:42,7,7,판교,16,"11,13,25,27,37,38,39,40,41,44,47,49,51,52,58,62"
602,15:42,8,8,동탄/용인,1,33
602,15:42,9,9,평택,9,"0,14,18,19,29,45,57,60,108"
603,15:43,1,1,서울역,22,"7,26,30,35,55,56,65,66,70,71,75,80,81,86,90,95,97,98,100,104,105,106"
603,15:43,10,10,인천공항,3,"23,42,53"
603,15:43,2,2,수서,9,"1,4,15,16,17,20,22,24,28"
603,15:43,3,3,삼성,4,"8,59,88,109"
603,15:43,4,4,여의도,37,"3,12,31,32,34,36,43,46,48,50,54,61,63,64,67,69,72,73,74,76,77,78,82,83,84,85,87,91,92,93,94,96,99,101,102,103,107"
603,15:43,5,5,김포공항,8,"2,5,6,9,10,21,79,89"
603,15:43,6,6,일산,1,68
603,15:43,7,7,판교,16,"11,13,25,27,37,38,39,40,41,44,47,49,51,52,58,62"
603,15:43,8,8,동탄/용인,1,33
603,15:43,9,9,평택,9,"0,14,18,19,29,45,57,60,108"
604,15:44,1,1,서울역,22,"7,26,30,35,55,56,65,66,70,71,75,80,81,86,90,95,97,98,100,104,105,106"
604,15:44,10,10,인천공항,3,"23,42,53"
604,15:44,2,2,수서,9,"1,4,15,16,17,20,22,24,28"
604,15:44,3,3,삼성,4,"8,59,88,109"
604,15:44,4,4,여의도,37,"3,12,31,32,34,36,43,46,48,50,54,61,63,64,67,69,72,73,74,76,77,78,82,83,84,85,87,91,92,93,94,96,99,101,102,103,107"
604,15:44,5,5,김포공항,8,"2,5,6,9,10,21,79,89"
604,15:44,6,6,일산,1,68
604,15:44,7,7,판교,16,"11,13,25,27,37,38,39,40,41,44,47,49,51,52,58,62"
604,15:44,8,8,동탄/용인,1,33
604,15:44,9,9,평택,9,"0,14,18,19,29,45,57,60,108"
605,15:45,1,1,서울역,22,"7,26,30,35,55,56,65,66,70,71,75,80,81,86,90,95,97,98,100,104,105,106"
605,15:45,10,10,인천공항,3,"23,42,53"
605,15:45,2,2,수서,9,"1,4,15,16,17,20,22,24,28"
605,15:45,3,3,삼성,4,"8,59,88,109"
605,15:45,4,4,여의도,37,"3,12,31,32,34,36,43,46,48,50,54,61,63,64,67,69,72,73,74,76,77,78,82,83,84,85,87,91,92,93,94,96,99,101,102,103,107"
605,15:45,5,5,김포공항,8,"2,5,6,9,10,21,79,89"
605,15:45,6,6,일산,1,68
605,15:45,7,7,판교,16,"11,13,25,27,37,38,39,40,41,44,47,49,51,52,58,62"
605,15:45,8,8,동탄/용인,1,33
605,15:45,9,9,평택,9,"0,14,18,19,29,45,57,60,108"
606,15:46,1,1,서울역,22,"7,26,30,35,55,56,65,66,70,71,75,80,81,86,90,95,97,98,100,104,105,106"
606,15:46,10,10,인천공항,3,"23,42,53"
606,15:46,2,2,수서,9,"1,4,15,16,17,20,22,24,28"
606,15:46,3,3,삼성,4,"8,59,88,109"
606,15:46,4,4,여의도,37,"3,12,31,32,34,36,43,46,48,50,54,61,63,64,67,69,72,73,74,76,77,78,82,83,84,85,87,91,92,93,94,96,99,101,102,103,107"
606,15:46,5,5,김포공항,8,"2,5,6,9,10,21,79,89"
606,15:46,6,6,일산,1,68
606,15:46,7,7,판교,16,"11,13,25,27,37,38,39,40,41,44,47,49,51,52,58,62"
606,15:46,8,8,동탄/용인,1,33
606,15:46,9,9,평택,9,"0,14,18,19,29,45,57,60,108"
607,15:47,1,1,서울역,22,"7,26,30,35,55,56,65,66,70,71,75,80,81,86,90,95,97,98,100,104,105,106"
607,15:47,10,10,인천공항,3,"23,42,53"
607,15:47,2,2,수서,9,"1,4,15,16,17,20,22,24,28"
607,15:47,3,3,삼성,4,"8,59,88,109"
607,15:47,4,4,여의도,37,"3,12,31,32,34,36,43,46,48,50,54,61,63,64,67,69,72,73,74,76,77,78,82,83,84,85,87,91,92,93,94,96,99,101,102,103,107"
607,15:47,5,5,김포공항,8,"2,5,6,9,10,21,79,89"
607,15:47,6,6,일산,1,68
607,15:47,7,7,판교,16,"11,13,25,27,37,38,39,40,41,44,47,49,51,52,58,62"
607,15:47,8,8,동탄/용인,1,33
607,15:47,9,9,평택,9,"0,14,18,19,29,45,57,60,108"
608,15:48,1,1,서울역,22,"7,26,30,35,55,56,65,66,70,71,75,80,81,86,90,95,97,98,100,104,105,106"
608,15:48,10,10,인천공항,3,"23,42,53"
608,15:48,2,2,수서,9,"1,4,15,16,17,20,22,24,28"
608,15:48,3,3,삼성,4,"8,59,88,109"
608,15:48,4,4,여의도,37,"3,12,31,32,34,36,43,46,48,50,54,61,63,64,67,69,72,73,74,76,77,78,82,83,84,85,87,91,92,93,94,96,99,101,102,103,107"
608,15:48,5,5,김포공항,8,"2,5,6,9,10,21,79,89"
608,15:48,6,6,일산,1,68
608,15:48,7,7,판교,16,"11,13,25,27,37,38,39,40,41,44,47,49,51,52,58,62"
608,15:48,8,8,동탄/용인,1,33
608,15:48,9,9,평택,9,"0,14,18,19,29,45,57,60,108"
609,15:49,1,1,서울역,22,"7,26,30,35,55,56,65,66,70,71,75,80,81,86,90,95,97,98,100,104,105,106"
609,15:49,10,10,인천공항,3,"23,42,53"
609,15:49,2,2,수서,9,"1,4,15,16,17,20,22,24,28"
609,15:49,3,3,삼성,4,"8,59,88,109"
609,15:49,4,4,여의도,37,"3,12,31,32,34,36,43,46,48,50,54,61,63,64,67,69,72,73,74,76,77,78,82,83,84,85,87,91,92,93,94,96,99,101,102,103,107"
609,15:49,5,5,김포공항,8,"2,5,6,9,10,21,79,89"
609,15:49,6,6,일산,1,68
609,15:49,7,7,판교,16,"11,13,25,27,37,38,39,40,41,44,47,49,51,52,58,62"
609,15:49,8,8,동탄/용인,1,33
609,15:49,9,9,평택,9,"0,14,18,19,29,45,57,60,108"
610,15:50,1,1,서울역,22,"7,26,30,35,55,56,65,66,70,71,75,80,81,86,90,95,97,98,100,104,105,106"
610,15:50,10,10,인천공항,3,"23,42,53"
610,15:50,2,2,수서,9,"1,4,15,16,17,20,22,24,28"
610,15:50,3,3,삼성,4,"8,59,88,109"
610,15:50,4,4,여의도,37,"3,12,31,32,34,36,43,46,48,50,54,61,63,64,67,69,72,73,74,76,77,78,82,83,84,85,87,91,92,93,94,96,99,101,102,103,107"
610,15:50,5,5,김포공항,8,"2,5,6,9,10,21,79,89"
610,15:50,6,6,일산,1,68
610,15:50,7,7,판교,16,"11,13,25,27,37,38,39,40,41,44,47,49,51,52,58,62"
610,15:50,8,8,동탄/용인,1,33
610,15:50,9,9,평택,9,"0,14,18,19,29,45,57,60,108"
611,15:51,1,1,서울역,22,"7,26,30,35,55,56,65,66,70,71,75,80,81,86,90,95,97,98,100,104,105,106"
611,15:51,10,10,인천공항,3,"23,42,53"
611,15:51,2,2,수서,9,"1,4,15,16,17,20,22,24,28"
611,15:51,3,3,삼성,4,"8,59,88,109"
611,15:51,4,4,여의도,37,"3,12,31,32,34,36,43,46,48,50,54,61,63,64,67,69,72,73,74,76,77,78,82,83,84,85,87,91,92,93,94,96,99,101,102,103,107"
611,15:51,5,5,김포공항,8,"2,5,6,9,10,21,79,89"
611,15:51,6,6,일산,1,68
611,15:51,7,7,판교,16,"11,13,25,27,37,38,39,40,41,44,47,49,51,52,58,62"
611,15:51,8,8,동탄/용인,1,33
611,15:51,9,9,평택,9,"0,14,18,19,29,45,57,60,108"
612,15:52,1,1,서울역,22,"7,26,30,35,55,56,65,66,70,71,75,80,81,86,90,95,97,98,100,104,105,106"
612,15:52,10,10,인천공항,3,"23,42,53"
612,15:52,2,2,수서,9,"1,4,15,16,17,20,22,24,28"
612,15:52,3,3,삼성,4,"8,59,88,109"
612,15:52,4,4,여의도,37,"3,12,31,32,34,36,43,46,48,50,54,61,63,64,67,69,72,73,74,76,77,78,82,83,84,85,87,91,92,93,94,96,99,101,102,103,107"
612,15:52,5,5,김포공항,8,"2,5,6,9,10,21,79,89"
612,15:52,6,6,일산,1,68
612,15:52,7,7,판교,16,"11,13,25,27,37,38,39,40,41,44,47,49,51,52,58,62"
612,15:52,8,8,동탄/용인,1,33
612,15:52,9,9,평택,9,"0,14,18,19,29,45,57,60,108"
613,15:53,1,1,서울역,22,"7,26,30,35,55,56,65,66,70,71,75,80,81,86,90,95,97,98,100,104,105,106"
613,15:53,10,10,인천공항,3,"23,42,53"
613,15:53,2,2,수서,9,"1,4,15,16,17,20,22,24,28"
613,15:53,3,3,삼성,4,"8,59,88,109"
613,15:53,4,4,여의도,37,"3,12,31,32,34,36,43,46,48,50,54,61,63,64,67,69,72,73,74,76,77,78,82,83,84,85,87,91,92,93,94,96,99,101,102,103,107"
613,15:53,5,5,김포공항,8,"2,5,6,9,10,21,79,89"
613,15:53,6,6,일산,1,68
613,15:53,7,7,판교,16,"11,13,25,27,37,38,39,40,41,44,47,49,51,52,58,62"
613,15:53,8,8,동탄/용인,1,33
613,15:53,9,9,평택,9,"0,14,18,19,29,45,57,60,108"
614,15:54,1,1,서울역,22,"7,26,30,35,55,56,65,66,70,71,75,80,81,86,90,95,97,98,100,104,105,106"
614,15:54,10,10,인천공항,3,"23,42,53"
614,15:54,2,2,수서,9,"1,4,15,16,17,20,22,24,28"
614,15:54,3,3,삼성,4,"8,59,88,109"
614,15:54,4,4,여의도,37,"3,12,31,32,34,36,43,46,48,50,54,61,63,64,67,69,72,73,74,76,77,78,82,83,84,85,87,91,92,93,94,96,99,101,102,103,107"
614,15:54,5,5,김포공항,8,"2,5,6,9,10,21,79,89"
614,15:54,6,6,일산,1,68
614,15:54,7,7,판교,16,"11,13,25,27,37,38,39,40,41,44,47,49,51,52,58,62"
614,15:54,8,8,동탄/용인,1,33
614,15:54,9,9,평택,9,"0,14,18,19,29,45,57,60,108"
615,15:55,1,1,서울역,22,"7,26,30,35,55,56,65,66,70,71,75,80,81,86,90,95,97,98,100,104,105,106"
615,15:55,10,10,인천공항,3,"23,42,53"
615,15:55,2,2,수서,9,"1,4,15,16,17,20,22,24,28"
615,15:55,3,3,삼성,4,"8,59,88,109"
615,15:55,4,4,여의도,37,"3,12,31,32,34,36,43,46,48,50,54,61,63,64,67,69,72,73,74,76,77,78,82,83,84,85,87,91,92,93,94,96,99,101,102,103,107"
615,15:55,5,5,김포공항,8,"2,5,6,9,10,21,79,89"
615,15:55,6,6,일산,1,68
615,15:55,7,7,판교,16,"11,13,25,27,37,38,39,40,41,44,47,49,51,52,58,62"
615,15:55,8,8,동탄/용인,1,33
615,15:55,9,9,평택,9,"0,14,18,19,29,45,57,60,108"
616,15:56,1,1,서울역,22,"7,26,30,35,55,56,65,66,70,71,75,80,81,86,90,95,97,98,100,104,105,106"
616,15:56,10,10,인천공항,3,"23,42,53"
616,15:56,2,2,수서,9,"1,4,15,16,17,20,22,24,28"
616,15:56,3,3,삼성,4,"8,59,88,109"
616,15:56,4,4,여의도,37,"3,12,31,32,34,36,43,46,48,50,54,61,63,64,67,69,72,73,74,76,77,78,82,83,84,85,87,91,92,93,94,96,99,101,102,103,107"
616,15:56,5,5,김포공항,8,"2,5,6,9,10,21,79,89"
616,15:56,6,6,일산,1,68
616,15:56,7,7,판교,16,"11,13,25,27,37,38,39,40,41,44,47,49,51,52,58,62"
616,15:56,8,8,동탄/용인,1,33
616,15:56,9,9,평택,9,"0,14,18,19,29,45,57,60,108"
617,15:57,1,1,서울역,22,"7,26,30,35,55,56,65,66,70,71,75,80,81,86,90,95,97,98,100,104,105,106"
617,15:57,10,10,인천공항,3,"23,42,53"
617,15:57,2,2,수서,9,"1,4,15,16,17,20,22,24,28"
617,15:57,3,3,삼성,4,"8,59,88,109"
617,15:57,4,4,여의도,37,"3,12,31,32,34,36,43,46,48,50,54,61,63,64,67,69,72,73,74,76,77,78,82,83,84,85,87,91,92,93,94,96,99,101,102,103,107"
617,15:57,5,5,김포공항,8,"2,5,6,9,10,21,79,89"
617,15:57,6,6,일산,1,68
617,15:57,7,7,판교,16,"11,13,25,27,37,38,39,40,41,44,47,49,51,52,58,62"
617,15:57,8,8,동탄/용인,1,33
617,15:57,9,9,평택,9,"0,14,18,19,29,45,57,60,108"
618,15:58,1,1,서울역,22,"7,26,30,35,55,56,65,66,70,71,75,80,81,86,90,95,97,98,100,104,105,106"
618,15:58,10,10,인천공항,3,"23,42,53"
618,15:58,2,2,수서,9,"1,4,15,16,17,20,22,24,28"
618,15:58,3,3,삼성,4,"8,59,88,109"
618,15:58,4,4,여의도,37,"3,12,31,32,34,36,43,46,48,50,54,61,63,64,67,69,72,73,74,76,77,78,82,83,84,85,87,91,92,93,94,96,99,101,102,103,107"
618,15:58,5,5,김포공항,8,"2,5,6,9,10,21,79,89"
618,15:58,6,6,일산,1,68
618,15:58,7,7,판교,16,"11,13,25,27,37,38,39,40,41,44,47,49,51,52,58,62"
618,15:58,8,8,동탄/용인,1,33
618,15:58,9,9,평택,9,"0,14,18,19,29,45,57,60,108"
619,15:59,1,1,서울역,22,"7,26,30,35,55,56,65,66,70,71,75,80,81,86,90,95,97,98,100,104,105,106"
619,15:59,10,10,인천공항,3,"23,42,53"
619,15:59,2,2,수서,9,"1,4,15,16,17,20,22,24,28"
619,15:59,3,3,삼성,4,"8,59,88,109"
619,15:59,4,4,여의도,37,"3,12,31,32,34,36,43,46,48,50,54,61,63,64,67,69,72,73,74,76,77,78,82,83,84,85,87,91,92,93,94,96,99,101,102,103,107"
619,15:59,5,5,김포공항,8,"2,5,6,9,10,21,79,89"
619,15:59,6,6,일산,1,68
619,15:59,7,7,판교,16,"11,13,25,27,37,38,39,40,41,44,47,49,51,52,58,62"
619,15:59,8,8,동탄/용인,1,33
619,15:59,9,9,평택,9,"0,14,18,19,29,45,57,60,108"
620,16:00,1,1,서울역,21,"7,26,30,35,55,56,65,66,70,71,75,80,81,86,90,95,97,98,100,104,106"
620,16:00,10,10,인천공항,3,"23,42,53"
620,16:00,2,2,수서,8,"1,4,15,16,17,20,24,28"
620,16:00,3,3,삼성,4,"8,59,88,109"
620,16:00,4,4,여의도,28,"3,12,31,32,34,36,43,46,48,50,54,61,63,64,67,69,72,73,74,76,82,83,84,85,87,91,102,107"
620,16:00,5,5,김포공항,5,"2,5,6,9,21"
620,16:00,6,6,일산,1,68
620,16:00,7,7,판교,16,"11,13,25,27,37,38,39,40,41,44,47,49,51,52,58,62"
620,16:00,8,8,동탄/용인,1,33
620,16:00,9,9,평택,8,"0,14,18,19,29,45,57,108"
621,16:01,1,1,서울역,21,"7,26,30,35,55,56,65,66,70,71,75,80,81,86,90,95,97,98,100,104,106"
621,16:01,10,10,인천공항,3,"23,42,53"
621,16:01,2,2,수서,8,"1,4,15,16,17,20,24,28"
621,16:01,3,3,삼성,4,"8,59,88,109"
621,16:01,4,4,여의도,28,"3,12,31,32,34,36,43,46,48,50,54,61,63,64,67,69,72,73,74,76,82,83,84,85,87,91,102,107"
621,16:01,5,5,김포공항,5,"2,5,6,9,21"
621,16:01,6,6,일산,1,68
621,16:01,7,7,판교,16,"11,13,25,27,37,38,39,40,41,44,47,49,51,52,58,62"
621,16:01,8,8,동탄/용인,1,33
621,16:01,9,9,평택,8,"0,14,18,19,29,45,57,108"
622,16:02,1,1,서울역,21,"7,26,30,35,55,56,65,66,70,71,75,80,81,86,90,95,97,98,100,104,106"
622,16:02,10,10,인천공항,3,"23,42,53"
622,16:02,2,2,수서,8,"1,4,15,16,17,20,24,28"
622,16:02,3,3,삼성,4,"8,59,88,109"
622,16:02,4,4,여의도,28,"3,12,31,32,34,36,43,46,48,50,54,61,63,64,67,69,72,73,74,76,82,83,84,85,87,91,102,107"
622,16:02,5,5,김포공항,5,"2,5,6,9,21"
622,16:02,6,6,일산,1,68
622,16:02,7,7,판교,16,"11,13,25,27,37,38,39,40,41,44,47,49,51,52,58,62"
622,16:02,8,8,동탄/용인,1,33
622,16:02,9,9,평택,8,"0,14,18,19,29,45,57,108"
623,16:03,1,1,서울역,20,"7,26,30,35,55,56,65,66,70,71,75,80,81,86,90,95,97,98,100,104"
623,16:03,10,10,인천공항,2,"23,53"
623,16:03,2,2,수서,6,"4,15,17,20,24,28"
623,16:03,3,3,삼성,3,"8,22,88"
623,16:03,4,4,여의도,23,"3,12,31,32,36,43,46,48,50,54,67,69,72,73,74,76,82,83,85,87,91,102,107"
623,16:03,5,5,김포공항,5,"2,5,6,9,21"
623,16:03,6,6,일산,1,68
623,16:03,7,7,판교,14,"11,13,25,27,38,39,40,41,44,47,49,51,58,62"
623,16:03,8,8,동탄/용인,1,33
623,16:03,9,9,평택,8,"0,14,18,19,29,45,57,108"
624,16:04,1,1,서울역,20,"7,26,30,35,55,56,65,66,70,71,75,80,81,86,90,95,97,98,100,104"
624,16:04,10,10,인천공항,2,"23,53"
624,16:04,2,2,수서,5,"15,17,20,24,28"
624,16:04,3,3,삼성,3,"8,22,88"
624,16:04,4,4,여의도,20,"3,12,31,32,36,43,46,48,50,54,67,69,72,73,74,76,83,87,102,107"
624,16:04,5,5,김포공항,5,"2,5,6,9,21"
624,16:04,6,6,일산,1,68
624,16:04,7,7,판교,14,"11,13,25,27,38,39,40,41,44,47,49,51,58,62"
624,16:04,8,8,동탄/용인,1,33
624,16:04,9,9,평택,8,"0,14,18,19,29,45,57,108"
625,16:05,1,1,서울역,20,"7,26,30,35,55,56,65,66,70,71,75,80,81,86,90,95,97,98,100,104"
625,16:05,10,10,인천공항,2,"23,53"
625,16:05,2,2,수서,5,"15,17,20,24,28"
625,16:05,3,3,삼성,3,"8,22,88"
625,16:05,4,4,여의도,20,"3,12,31,32,36,43,46,48,50,54,67,69,72,73,74,76,83,87,102,107"
625,16:05,5,5,김포공항,5,"2,5,6,9,21"
625,16:05,6,6,일산,1,68
625,16:05,7,7,판교,14,"11,13,25,27,38,39,40,41,44,47,49,51,58,62"
625,16:05,8,8,동탄/용인,1,33
625,16:05,9,9,평택,8,"0,14,18,19,29,45,57,108"
626,16:06,1,1,서울역,18,"7,26,30,35,55,56,65,66,70,71,75,86,90,95,97,98,100,104"
626,16:06,10,10,인천공항,1,23
626,16:06,2,2,수서,7,"17,20,24,28,77,78,93"
626,16:06,3,3,삼성,2,"8,105"
626,16:06,4,4,여의도,20,"3,12,31,32,36,43,46,48,50,54,67,69,72,73,74,76,83,87,102,107"
626,16:06,5,5,김포공항,4,"5,6,9,21"
626,16:06,6,6,일산,1,68
626,16:06,7,7,판교,14,"11,13,25,27,38,39,40,41,44,47,49,51,58,62"
626,16:06,8,8,동탄/용인,2,"33,60"
626,16:06,9,9,평택,8,"0,14,18,19,29,45,57,108"
627,16:07,1,1,서울역,18,"7,26,30,35,55,56,65,66,70,71,75,86,90,95,97,98,100,104"
627,16:07,10,10,인천공항,1,23
627,16:07,2,2,수서,7,"17,20,24,28,77,78,93"
627,16:07,3,3,삼성,5,"4,8,92,101,105"
627,16:07,4,4,여의도,18,"12,31,32,36,43,46,48,50,54,67,69,72,73,74,76,87,102,107"
627,16:07,5,5,김포공항,4,"5,6,9,21"
627,16:07,6,6,일산,6,"10,79,89,94,96,99"
627,16:07,7,7,판교,14,"11,13,25,27,38,39,40,41,44,47,49,51,58,62"
627,16:07,8,8,동탄/용인,2,"33,60"
627,16:07,9,9,평택,8,"0,14,18,19,29,45,57,108"
628,16:08,1,1,서울역,20,"7,26,30,35,55,56,65,66,70,71,75,85,86,90,91,95,97,98,100,104"
628,16:08,10,10,인천공항,1,23
628,16:08,2,2,수서,7,"17,20,24,28,77,78,93"
628,16:08,3,3,삼성,5,"4,8,92,101,105"
628,16:08,4,4,여의도,18,"12,31,32,36,43,46,48,50,54,67,69,72,73,74,76,87,102,107"
628,16:08,5,5,김포공항,4,"5,6,9,21"
628,16:08,6,6,일산,6,"10,79,89,94,96,99"
628,16:08,7,7,판교,13,"13,25,27,38,39,40,41,44,47,49,51,58,62"
628,16:08,8,8,동탄/용인,2,"33,60"
628,16:08,9,9,평택,8,"0,14,18,19,29,45,57,108"
629,16:09,1,1,서울역,20,"7,26,30,35,55,56,59,65,66,70,71,75,85,90,91,95,97,98,100,104"
629,16:09,10,10,인천공항,1,23
629,16:09,2,2,수서,6,"17,20,24,28,78,93"
629,16:09,3,3,삼성,4,"4,8,92,101"
629,16:09,4,4,여의도,19,"12,16,31,32,36,43,46,48,50,54,67,69,72,73,74,76,87,102,107"
629,16:09,5,5,김포공항,4,"5,6,9,21"
629,16:09,6,6,일산,6,"10,79,89,94,96,99"
629,16:09,7,7,판교,13,"13,25,27,38,39,40,41,44,47,49,51,58,62"
629,16:09,8,8,동탄/용인,1,33
629,16:09,9,9,평택,8,"0,14,18,19,29,45,57,108"
630,16:10,1,1,서울역,20,"7,26,30,35,55,56,59,65,66,70,71,75,85,90,91,95,97,98,100,104"
630,16:10,10,10,인천공항,1,23
630,16:10,2,2,수서,7,"17,20,24,28,78,82,93"
630,16:10,3,3,삼성,4,"8,34,64,92"
630,16:10,4,4,여의도,20,"12,16,31,32,37,43,46,48,50,54,67,69,72,73,74,76,87,102,107,109"
630,16:10,5,5,김포공항,3,"6,9,21"
630,16:10,6,6,일산,2,"79,99"
630,16:10,7,7,판교,14,"25,27,38,39,40,41,44,47,49,51,58,61,62,63"
630,16:10,8,8,동탄/용인,1,33
630,16:10,9,9,평택,6,"0,18,19,29,45,57"
631,16:11,1,1,서울역,15,"7,26,35,56,59,65,66,70,71,75,90,95,98,100,104"
631,16:11,10,10,인천공항,1,23
631,16:11,2,2,수서,7,"17,20,24,28,78,82,93"
631,16:11,3,3,삼성,4,"8,34,64,92"
631,16:11,4,4,여의도,19,"16,31,32,37,43,46,48,50,54,67,69,72,73,74,76,87,102,107,109"
631,16:11,5,5,김포공항,4,"1,6,9,21"
631,16:11,6,6,일산,2,"79,99"
631,16:11,7,7,판교,14,"25,27,38,39,40,41,44,47,49,51,58,61,62,63"
631,16:11,8,8,동탄/용인,1,33
631,16:11,9,9,평택,6,"0,18,19,29,45,57"
632,16:12,1,1,서울역,15,"7,26,35,56,59,65,66,70,71,75,90,95,98,100,104"
632,16:12,10,10,인천공항,2,"23,103"
632,16:12,2,2,수서,3,"17,28,82"
632,16:12,3,3,삼성,4,"8,34,64,92"
632,16:12,4,4,여의도,18,"16,31,32,37,46,48,50,54,67,69,72,73,74,76,87,102,107,109"
632,16:12,5,5,김포공항,4,"1,6,9,21"
632,16:12,6,6,일산,2,"79,99"
632,16:12,7,7,판교,14,"25,27,38,39,40,41,44,47,49,51,58,61,62,63"
632,16:12,8,8,동탄/용인,1,33
632,16:12,9,9,평택,6,"0,18,19,29,45,57"
633,16:13,1,1,서울역,15,"7,26,35,56,59,65,66,70,71,75,90,95,98,100,104"
633,16:13,10,10,인천공항,1,103
633,16:13,2,2,수서,3,"3,28,80"
633,16:13,3,3,삼성,4,"8,34,64,92"
633,16:13,4,4,여의도,18,"16,31,32,37,46,48,50,54,67,69,72,73,74,76,87,102,107,109"
633,16:13,5,5,김포공항,4,"1,6,9,21"
633,16:13,6,6,일산,1,99
633,16:13,7,7,판교,14,"25,27,39,40,41,44,47,49,51,58,61,62,63,81"
633,16:13,8,8,동탄/용인,1,33
633,16:13,9,9,평택,5,"18,19,29,45,57"
634,16:14,1,1,서울역,15,"7,26,35,56,59,65,66,70,71,75,90,95,98,100,104"
634,16:14,10,10,인천공항,1,103
634,16:14,2,2,수서,4,"2,3,28,80"
634,16:14,3,3,삼성,5,"8,34,64,83,92"
634,16:14,4,4,여의도,18,"16,31,32,37,46,48,50,54,67,69,72,73,74,76,87,102,107,109"
634,16:14,5,5,김포공항,7,"1,6,9,15,21,22,88"
634,16:14,6,6,일산,1,99
634,16:14,7,7,판교,14,"25,27,39,40,41,44,47,49,51,58,61,62,63,81"
634,16:14,8,8,동탄/용인,1,33
634,16:14,9,9,평택,5,"18,19,29,45,57"
635,16:15,1,1,서울역,13,"7,26,59,65,66,70,71,75,90,95,98,100,104"
635,16:15,2,2,수서,4,"2,3,28,80"
635,16:15,3,3,삼성,5,"8,20,34,64,83"
635,16:15,4,4,여의도,19,"11,16,31,32,37,46,48,50,54,67,69,72,73,74,76,87,102,107,109"
635,16:15,5,5,김포공항,7,"1,6,9,15,21,22,88"
635,16:15,6,6,일산,1,52
635,16:15,7,7,판교,14,"25,27,39,40,41,44,47,49,51,58,61,62,63,81"
635,16:15,8,8,동탄/용인,1,33
635,16:15,9,9,평택,5,"18,19,29,45,57"
636,16:16,1,1,서울역,13,"7,26,59,65,66,70,71,75,90,95,98,100,104"
636,16:16,10,10,인천공항,1,106
636,16:16,2,2,수서,6,"2,3,28,36,80,86"
636,16:16,3,3,삼성,5,"8,20,34,82,83"
636,16:16,4,4,여의도,20,"11,16,31,32,37,46,48,50,54,67,69,72,73,74,76,87,102,105,107,109"
636,16:16,5,5,김포공항,6,"1,9,15,21,22,88"
636,16:16,6,6,일산,1,52
636,16:16,7,7,판교,14,"25,27,39,40,41,44,47,49,51,58,61,62,63,81"
636,16:16,8,8,동탄/용인,2,"33,108"
636,16:16,9,9,평택,5,"18,19,29,45,57"
637,16:17,1,1,서울역,14,"7,13,26,59,65,66,70,71,75,90,95,98,100,104"
637,16:17,10,10,인천공항,1,106
637,16:17,2,2,수서,7,"2,3,12,28,36,80,86"
637,16:17,3,3,삼성,6,"8,20,30,34,82,83"
637,16:17,4,4,여의도,19,"11,16,31,37,46,48,50,54,67,69,72,73,74,76,87,102,105,107,109"
637,16:17,5,5,김포공항,7,"1,9,15,21,22,77,88"
637,16:17,6,6,일산,1,52
637,16:17,7,7,판교,13,"25,27,40,41,44,47,49,51,58,61,62,63,81"
637,16:17,8,8,동탄/용인,2,"33,108"
637,16:17,9,9,평택,5,"18,19,29,45,57"
638,16:18,1,1,서울역,13,"7,13,26,59,66,70,71,75,90,95,98,100,104"
638,16:18,10,10,인천공항,1,106
638,16:18,2,2,수서,8,"2,3,12,28,36,43,80,86"
638,16:18,3,3,삼성,6,"8,30,34,42,82,83"
638,16:18,4,4,여의도,16,"11,16,31,37,46,48,50,54,69,74,76,87,102,105,107,109"
638,16:18,5,5,김포공항,6,"1,15,21,22,77,88"
638,16:18,6,6,일산,2,"52,55"
638,16:18,7,7,판교,12,"25,27,40,41,44,47,49,58,61,62,63,81"
638,16:18,8,8,동탄/용인,2,"33,108"
638,16:18,9,9,평택,6,"18,19,29,45,57,84"
639,16:19,1,1,서울역,14,"7,13,24,26,59,66,70,71,75,90,95,98,100,104"
639,16:19,10,10,인천공항,1,106
639,16:19,2,2,수서,8,"2,3,12,28,36,43,80,86"
639,16:19,3,3,삼성,5,"8,30,34,42,83"
639,16:19,4,4,여의도,16,"11,16,17,31,37,48,50,54,69,74,76,87,102,105,107,109"
639,16:19,5,5,김포공항,7,"1,15,21,22,77,88,97"
639,16:19,6,6,일산,2,"52,55"
639,16:19,7,7,판교,12,"27,40,41,44,47,49,58,61,62,63,68,81"
639,16:19,8,8,동탄/용인,2,"33,108"
639,16:19,9,9,평택,6,"18,19,29,45,57,84"
640,16:20,1,1,서울역,11,"7,13,24,26,70,71,75,90,98,100,104"
640,16:20,10,10,인천공항,1,106
640,16:20,2,2,수서,7,"2,3,12,36,43,80,86"
640,16:20,3,3,삼성,4,"10,30,34,42"
640,16:20,4,4,여의도,18,"11,16,17,31,37,38,48,50,54,60,69,74,76,87,102,105,107,109"
640,16:20,5,5,김포공항,5,"15,21,77,78,97"
640,16:20,6,6,일산,2,"52,55"
640,16:20,7,7,판교,12,"27,40,41,44,47,49,58,61,62,63,68,81"
640,16:20,8,8,동탄/용인,2,"33,108"
640,16:20,9,9,평택,6,"18,19,29,45,57,84"
641,16:21,1,1,서울역,11,"7,13,24,26,70,71,75,90,98,100,104"
641,16:21,10,10,인천공항,1,106
641,16:21,2,2,수서,8,"2,3,12,36,43,80,86,89"
641,16:21,3,3,삼성,6,"10,30,34,35,42,53"
641,16:21,4,4,여의도,17,"11,16,17,37,38,48,50,54,60,69,74,76,87,102,105,107,109"
641,16:21,5,5,김포공항,5,"15,21,77,78,97"
641,16:21,6,6,일산,1,55
641,16:21,7,7,판교,12,"27,40,41,44,47,49,58,61,62,63,68,81"
641,16:21,8,8,동탄/용인,2,"33,108"
641,16:21,9,9,평택,6,"18,19,29,45,57,84"
642,16:22,1,1,서울역,11,"7,13,24,26,70,71,75,90,98,100,104"
642,16:22,10,10,인천공항,1,106
642,16:22,2,2,수서,8,"2,3,12,36,43,80,86,89"
642,16:22,3,3,삼성,6,"10,30,34,35,42,53"
642,16:22,4,4,여의도,15,"11,16,17,37,38,50,54,60,69,74,87,102,105,107,109"
642,16:22,5,5,김포공항,4,"15,21,78,97"
642,16:22,6,6,일산,2,"55,56"
642,16:22,7,7,판교,15,"14,27,40,41,44,47,49,58,61,62,63,68,81,94,96"
642,16:22,8,8,동탄/용인,1,33
642,16:22,9,9,평택,6,"18,19,29,45,57,84"
643,16:23,1,1,서울역,11,"7,13,24,26,70,71,75,90,98,100,104"
643,16:23,10,10,인천공항,1,106
643,16:23,2,2,수서,8,"2,3,12,36,43,80,86,89"
643,16:23,3,3,삼성,5,"10,30,35,42,53"
643,16:23,4,4,여의도,13,"11,16,17,37,38,50,69,74,87,102,105,107,109"
643,16:23,5,5,김포공항,4,"15,21,78,97"
643,16:23,6,6,일산,3,"55,56,93"
643,16:23,7,7,판교,14,"14,27,40,41,44,47,49,58,62,63,68,81,94,96"
643,16:23,8,8,동탄/용인,1,33
643,16:23,9,9,평택,6,"18,19,29,45,57,84"
644,16:24,1,1,서울역,10,"7,13,24,26,71,75,90,98,100,104"
644,16:24,10,10,인천공항,3,"79,91,106"
644,16:24,2,2,수서,9,"2,3,6,12,36,43,80,86,89"
644,16:24,3,3,삼성,5,"10,30,35,42,53"
644,16:24,4,4,여의도,13,"11,16,17,37,38,39,50,69,87,102,105,107,109"
644,16:24,5,5,김포공항,5,"15,21,64,78,97"
644,16:24,6,6,일산,3,"55,56,93"
644,16:24,7,7,판교,14,"14,27,32,40,41,44,49,58,62,63,68,81,94,96"
644,16:24,8,8,동탄/용인,1,33
644,16:24,9,9,평택,4,"18,19,45,84"
645,16:25,1,1,서울역,9,"7,13,24,26,75,90,98,100,104"
645,16:25,10,10,인천공항,4,"79,91,101,106"
645,16:25,2,2,수서,8,"2,3,6,12,36,43,86,89"
645,16:25,3,3,삼성,6,"10,30,35,42,53,67"
645,16:25,4,4,여의도,15,"11,16,17,20,23,37,38,39,50,69,87,102,105,107,109"
645,16:25,5,5,김포공항,4,"15,21,64,78"
645,16:25,6,6,일산,5,"55,56,65,92,93"
645,16:25,7,7,판교,13,"27,32,40,44,49,58,62,63,68,72,81,94,96"
645,16:25,8,8,동탄/용인,1,33
645,16:25,9,9,평택,5,"4,18,19,45,84"
646,16:26,1,1,서울역,8,"7,13,24,26,75,98,100,104"
646,16:26,10,10,인천공항,4,"79,91,101,106"
646,16:26,2,2,수서,7,"2,6,12,36,43,86,89"
646,16:26,3,3,삼성,6,"9,35,42,53,66,67"
646,16:26,4,4,여의도,16,"11,16,17,20,23,25,38,39,50,69,87,88,102,105,107,109"
646,16:26,5,5,김포공항,2,"21,64"
646,16:26,6,6,일산,5,"55,56,65,92,93"
646,16:26,7,7,판교,12,"27,32,44,49,58,62,63,68,72,81,94,96"
646,16:26,8,8,동탄/용인,1,33
646,16:26,9,9,평택,5,"4,18,19,45,84"
647,16:27,1,1,서울역,9,"7,13,24,26,28,60,98,100,104"
647,16:27,10,10,인천공항,4,"79,91,101,106"
647,16:27,2,2,수서,8,"6,12,31,36,43,59,86,89"
647,16:27,3,3,삼성,6,"9,35,42,53,66,67"
647,16:27,4,4,여의도,16,"11,16,17,20,23,25,38,39,50,69,87,88,102,105,107,109"
647,16:27,5,5,김포공항,3,"21,64,82"
647,16:27,6,6,일산,4,"56,65,92,93"
647,16:27,7,7,판교,12,"27,32,49,62,63,68,72,81,94,95,96,99"
647,16:27,8,8,동탄/용인,1,33
647,16:27,9,9,평택,7,"4,5,18,19,45,84,85"
648,16:28,1,1,서울역,11,"7,13,24,26,28,52,60,74,98,100,104"
648,16:28,10,10,인천공항,3,"79,91,101"
648,16:28,2,2,수서,9,"1,6,12,31,36,43,48,59,89"
648,16:28,3,3,삼성,7,"9,22,35,42,53,66,67"
648,16:28,4,4,여의도,14,"0,11,16,17,20,23,25,38,39,88,102,105,107,109"
648,16:28,5,5,김포공항,4,"21,64,82,83"
648,16:28,6,6,일산,4,"56,65,92,93"
648,16:28,7,7,판교,12,"27,32,49,62,63,68,72,81,94,95,96,99"
648,16:28,8,8,동탄/용인,1,33
648,16:28,9,9,평택,7,"4,5,18,19,45,84,85"
649,16:29,1,1,서울역,10,"13,24,26,28,52,60,74,98,100,104"
649,16:29,10,10,인천공항,3,"79,91,101"
649,16:29,2,2,수서,9,"1,6,12,31,36,43,48,59,89"
649,16:29,3,3,삼성,7,"9,22,35,42,53,66,67"
649,16:29,4,4,여의도,14,"0,11,16,17,20,23,25,38,39,88,102,105,107,109"
649,16:29,5,5,김포공항,4,"21,64,82,83"
649,16:29,6,6,일산,4,"56,65,92,93"
649,16:29,7,7,판교,12,"27,32,49,62,63,68,72,81,94,95,96,99"
649,16:29,8,8,동탄/용인,2,"33,73"
649,16:29,9,9,평택,7,"4,5,18,19,45,84,85"
650,16:30,1,1,서울역,11,"13,24,26,28,52,61,74,77,98,100,104"
650,16:30,10,10,인천공항,2,"91,101"
650,16:30,2,2,수서,8,"1,6,12,31,43,48,59,89"
650,16:30,3,3,삼성,9,"9,22,42,53,54,66,67,70,103"
650,16:30,4,4,여의도,13,"0,11,16,17,20,23,25,38,39,88,102,107,109"
650,16:30,5,5,김포공항,4,"21,64,82,83"
650,16:30,6,6,일산,5,"51,56,65,92,93"
650,16:30,7,7,판교,12,"27,32,49,62,63,68,72,81,94,95,96,99"
650,16:30,8,8,동탄/용인,2,"33,73"
650,16:30,9,9,평택,7,"4,5,18,19,45,84,85"
651,16:31,1,1,서울역,11,"13,24,26,28,52,61,74,77,98,100,104"
651,16:31,10,10,인천공항,2,"91,101"
651,16:31,2,2,수서,7,"6,12,31,43,48,59,89"
651,16:31,3,3,삼성,9,"9,42,53,54,66,67,70,71,103"
651,16:31,4,4,여의도,15,"0,11,16,17,20,23,25,38,39,47,80,88,102,107,109"
651,16:31,5,5,김포공항,4,"21,34,64,82"
651,16:31,6,6,일산,5,"51,56,65,92,93"
651,16:31,7,7,판교,11,"27,32,49,62,63,72,81,94,95,96,99"
651,16:31,8,8,동탄/용인,2,"33,73"
651,16:31,9,9,평택,7,"4,5,18,19,45,84,85"
652,16:32,1,1,서울역,12,"13,24,26,28,52,61,74,77,87,98,100,104"
652,16:32,10,10,인천공항,2,"91,101"
652,16:32,2,2,수서,8,"6,12,31,37,43,48,59,89"
652,16:32,3,3,삼성,11,"9,14,42,53,54,66,67,70,71,90,103"
652,16:32,4,4,여의도,16,"0,11,15,16,17,20,23,25,38,39,41,47,78,80,102,109"
652,16:32,5,5,김포공항,4,"21,34,64,82"
652,16:32,6,6,일산,4,"51,56,65,92"
652,16:32,7,7,판교,10,"27,32,49,63,72,81,94,95,96,99"
652,16:32,8,8,동탄/용인,2,"33,73"
652,16:32,9,9,평택,6,"4,5,18,45,84,85"
653,16:33,1,1,서울역,13,"13,24,26,28,40,52,61,74,77,87,98,100,104"
653,16:33,10,10,인천공항,1,101
653,16:33,2,2,수서,9,"6,12,31,35,37,43,48,59,89"
653,16:33,3,3,삼성,9,"9,14,42,53,54,66,67,71,90"
653,16:33,4,4,여의도,18,"0,10,11,15,16,17,20,23,25,38,39,41,47,78,80,102,108,109"
653,16:33,5,5,김포공항,4,"21,34,64,82"
653,16:33,6,6,일산,4,"51,56,65,92"
653,16:33,7,7,판교,9,"27,49,63,72,81,94,95,96,99"
653,16:33,8,8,동탄/용인,1,73
653,16:33,9,9,평택,5,"4,5,18,45,85"
654,16:34,1,1,서울역,11,"24,26,28,40,61,74,77,87,98,100,104"
654,16:34,10,10,인천공항,2,"76,101"
654,16:34,2,2,수서,10,"6,12,31,35,37,43,48,50,59,89"
654,16:34,3,3,삼성,10,"1,9,14,42,53,54,66,67,71,90"
654,16:34,4,4,여의도,18,"0,10,11,15,16,17,20,23,25,38,39,41,44,47,78,102,108,109"
654,16:34,5,5,김포공항,6,"3,21,30,34,64,82"
654,16:34,6,6,일산,4,"51,65,75,92"
654,16:34,7,7,판교,9,"27,49,63,72,81,94,95,96,99"
654,16:34,8,8,동탄/용인,1,73
654,16:34,9,9,평택,5,"4,5,45,46,85"
655,16:35,1,1,서울역,11,"24,26,28,40,61,77,86,87,98,100,104"
655,16:35,10,10,인천공항,2,"76,101"
655,16:35,2,2,수서,10,"6,12,31,35,37,43,48,50,59,89"
655,16:35,3,3,삼성,9,"1,9,42,53,54,66,67,69,71"
655,16:35,4,4,여의도,16,"0,10,11,16,17,20,23,25,38,39,41,44,47,102,108,109"
655,16:35,5,5,김포공항,6,"2,3,30,34,64,82"
655,16:35,6,6,일산,4,"51,65,75,92"
655,16:35,7,7,판교,10,"27,49,63,72,81,94,95,96,97,99"
655,16:35,8,8,동탄/용인,1,73
655,16:35,9,9,평택,6,"4,5,8,45,46,85"
656,16:36,1,1,서울역,9,"24,26,40,86,87,98,100,104,107"
656,16:36,10,10,인천공항,2,"76,101"
656,16:36,2,2,수서,9,"12,31,37,43,48,50,59,89,103"
656,16:36,3,3,삼성,9,"1,9,42,53,54,66,67,69,71"
656,16:36,4,4,여의도,15,"0,10,11,16,17,20,23,25,38,39,41,44,47,102,109"
656,16:36,5,5,김포공항,6,"2,3,30,34,64,82"
656,16:36,6,6,일산,5,"7,51,65,75,92"
656,16:36,7,7,판교,10,"27,49,63,72,81,94,95,96,97,99"
656,16:36,8,8,동탄/용인,1,73
656,16:36,9,9,평택,6,"4,5,8,45,46,85"
657,16:37,1,1,서울역,9,"24,26,40,86,87,98,100,104,107"
657,16:37,10,10,인천공항,2,"76,101"
657,16:37,2,2,수서,10,"12,31,37,43,48,50,59,60,89,103"
657,16:37,3,3,삼성,9,"9,42,53,54,55,66,67,69,71"
657,16:37,4,4,여의도,12,"0,10,11,16,20,23,25,38,41,44,102,109"
657,16:37,5,5,김포공항,6,"2,3,30,34,64,82"
657,16:37,6,6,일산,5,"7,51,65,75,92"
657,16:37,7,7,판교,11,"27,49,63,72,81,94,95,96,97,99,105"
657,16:37,8,8,동탄/용인,1,73
657,16:37,9,9,평택,6,"4,5,8,45,46,85"
658,16:38,1,1,서울역,8,"24,26,40,80,98,100,104,107"
658,16:38,10,10,인천공항,2,"76,101"
658,16:38,2,2,수서,12,"12,14,31,37,43,48,50,59,60,89,90,103"
658,16:38,3,3,삼성,9,"9,42,53,54,55,66,67,69,71"
658,16:38,4,4,여의도,13,"0,10,11,16,20,23,25,38,41,44,68,102,109"
658,16:38,5,5,김포공항,7,"2,3,30,34,36,64,82"
658,16:38,6,6,일산,5,"7,51,65,75,92"
658,16:38,7,7,판교,9,"27,49,72,81,94,95,96,99,105"
658,16:38,8,8,동탄/용인,1,73
658,16:38,9,9,평택,6,"4,5,8,45,46,85"
659,16:39,1,1,서울역,9,"24,26,62,70,80,98,100,104,107"
659,16:39,10,10,인천공항,2,"76,101"
659,16:39,2,2,수서,11,"12,14,31,37,43,48,50,59,60,89,90"
659,16:39,3,3,삼성,11,"9,29,42,53,54,55,57,66,67,69,71"
659,16:39,4,4,여의도,13,"0,10,11,16,20,23,25,38,41,44,68,102,109"
659,16:39,5,5,김포공항,7,"2,3,30,34,36,64,82"
659,16:39,6,6,일산,6,"7,51,58,65,75,92"
659,16:39,7,7,판교,8,"27,49,72,81,94,96,99,105"
659,16:39,8,8,동탄/용인,2,"73,84"
659,16:39,9,9,평택,6,"4,5,8,45,46,85"
660,16:40,1,1,서울역,9,"24,26,62,70,80,98,100,104,107"
660,16:40,10,10,인천공항,2,"76,101"
660,16:40,2,2,수서,11,"12,14,31,37,43,48,50,59,60,89,90"
660,16:40,3,3,삼성,9,"13,29,42,53,54,57,67,69,71"
660,16:40,4,4,여의도,12,"0,11,16,20,23,25,32,38,41,44,68,102"
660,16:40,5,5,김포공항,4,"2,34,36,82"
660,16:40,6,6,일산,5,"7,51,58,65,75"
660,16:40,7,7,판교,8,"27,49,72,81,94,96,99,105"
660,16:40,8,8,동탄/용인,2,"73,84"
660,16:40,9,9,평택,6,"4,5,8,45,46,85"
661,16:41,1,1,서울역,8,"24,26,62,70,98,100,104,107"
661,16:41,10,10,인천공항,3,"76,83,101"
661,16:41,2,2,수서,11,"12,14,31,37,43,48,50,59,60,89,90"
661,16:41,3,3,삼성,9,"13,29,42,53,54,57,67,69,71"
661,16:41,4,4,여의도,11,"0,11,16,20,23,25,32,38,44,68,102"
661,16:41,5,5,김포공항,3,"34,36,82"
661,16:41,6,6,일산,6,"7,22,52,58,65,75"
661,16:41,7,7,판교,8,"27,49,72,81,94,96,99,105"
661,16:41,8,8,동탄/용인,2,"73,84"
661,16:41,9,9,평택,6,"4,5,8,45,46,85"
662,16:42,1,1,서울역,5,"24,26,98,100,104"
662,16:42,10,10,인천공항,3,"76,83,101"
662,16:42,2,2,수서,9,"12,14,37,48,50,59,60,89,90"
662,16:42,3,3,삼성,8,"13,29,42,54,57,67,69,71"
662,16:42,4,4,여의도,12,"0,11,16,20,23,25,32,35,38,44,68,102"
662,16:42,5,5,김포공항,3,"34,36,82"
662,16:42,6,6,일산,4,"22,52,58,75"
662,16:42,7,7,판교,8,"27,49,72,81,94,96,99,105"
662,16:42,8,8,동탄/용인,1,73
662,16:42,9,9,평택,6,"4,5,8,45,46,85"
663,16:43,1,1,서울역,5,"24,26,98,100,104"
663,16:43,10,10,인천공항,2,"83,101"
663,16:43,2,2,수서,11,"12,14,17,37,50,59,60,61,66,89,90"
663,16:43,3,3,삼성,9,"13,29,42,54,57,67,69,71,106"
663,16:43,4,4,여의도,9,"11,20,25,32,35,38,44,68,102"
663,16:43,5,5,김포공항,4,"34,36,74,82"
663,16:43,6,6,일산,6,"22,28,52,58,75,108"
663,16:43,7,7,판교,7,"27,49,81,94,96,99,105"
663,16:43,8,8,동탄/용인,1,73
663,16:43,9,9,평택,6,"4,5,8,45,46,85"
664,16:44,1,1,서울역,5,"26,98,100,104,109"
664,16:44,10,10,인천공항,2,"83,101"
664,16:44,2,2,수서,11,"12,14,17,37,50,59,60,61,66,89,90"
664,16:44,3,3,삼성,9,"13,29,42,54,57,67,69,71,106"
664,16:44,4,4,여의도,8,"11,20,25,35,38,44,68,102"
664,16:44,5,5,김포공항,4,"6,34,74,82"
664,16:44,6,6,일산,5,"28,52,58,75,108"
664,16:44,7,7,판교,8,"39,49,81,93,94,96,99,105"
664,16:44,8,8,동탄/용인,1,73
664,16:44,9,9,평택,6,"4,5,8,45,46,85"
665,16:45,1,1,서울역,6,"26,63,98,100,104,109"
665,16:45,10,10,인천공항,2,"83,101"
665,16:45,2,2,수서,11,"12,14,17,37,50,59,60,61,66,89,90"
665,16:45,3,3,삼성,10,"13,29,40,42,54,67,69,71,79,106"
665,16:45,4,4,여의도,8,"11,20,25,35,38,44,68,102"
665,16:45,5,5,김포공항,4,"1,6,74,82"
665,16:45,6,6,일산,7,"28,52,58,75,86,87,108"
665,16:45,7,7,판교,7,"39,49,93,94,96,99,105"
665,16:45,8,8,동탄/용인,1,73
665,16:45,9,9,평택,6,"4,5,8,45,46,85"
666,16:46,1,1,서울역,7,"9,26,55,63,98,104,109"
666,16:46,10,10,인천공항,2,"83,101"
666,16:46,2,2,수서,9,"12,14,17,37,50,59,60,61,90"
666,16:46,3,3,삼성,10,"13,29,40,42,54,67,69,71,79,106"
666,16:46,4,4,여의도,10,"20,25,30,35,38,44,62,68,95,102"
666,16:46,5,5,김포공항,3,"1,6,74"
666,16:46,6,6,일산,6,"28,52,58,86,87,108"
666,16:46,7,7,판교,8,"18,39,49,56,93,96,99,105"
666,16:46,8,8,동탄/용인,1,73
666,16:46,9,9,평택,5,"4,5,8,46,85"
667,16:47,1,1,서울역,7,"9,26,55,63,92,98,104"
667,16:47,10,10,인천공항,2,"83,101"
667,16:47,2,2,수서,9,"12,17,37,41,50,59,60,61,90"
667,16:47,3,3,삼성,10,"13,29,40,42,54,67,69,71,79,106"
667,16:47,4,4,여의도,11,"19,20,25,30,35,38,44,62,68,95,102"
667,16:47,5,5,김포공항,3,"1,6,74"
667,16:47,6,6,일산,6,"28,52,58,86,87,108"
667,16:47,7,7,판교,7,"10,18,39,49,56,96,99"
667,16:47,8,8,동탄/용인,1,73
667,16:47,9,9,평택,6,"4,5,8,46,85,88"
668,16:48,1,1,서울역,6,"3,9,55,63,92,104"
668,16:48,10,10,인천공항,2,"83,101"
668,16:48,2,2,수서,9,"12,17,41,50,59,60,61,64,90"
668,16:48,3,3,삼성,10,"13,29,42,54,67,69,71,79,91,106"
668,16:48,4,4,여의도,11,"19,20,30,35,38,43,44,62,68,95,102"
668,16:48,5,5,김포공항,3,"1,6,74"
668,16:48,6,6,일산,6,"28,52,58,80,86,108"
668,16:48,7,7,판교,6,"10,18,39,49,56,99"
668,16:48,8,8,동탄/용인,2,"47,73"
668,16:48,9,9,평택,6,"4,5,8,46,85,88"
669,16:49,1,1,서울역,7,"3,7,9,63,65,92,104"
669,16:49,10,10,인천공항,3,"77,83,101"
669,16:49,2,2,수서,10,"0,12,17,23,41,59,60,61,64,90"
669,16:49,3,3,삼성,8,"29,42,54,67,69,71,79,91"
669,16:49,4,4,여의도,9,"19,20,35,38,43,62,68,95,102"
669,16:49,5,5,김포공항,2,"1,6"
669,16:49,6,6,일산,5,"28,52,58,80,86"
669,16:49,7,7,판교,4,"10,39,49,56"
669,16:49,8,8,동탄/용인,2,"47,73"
669,16:49,9,9,평택,5,"4,5,8,85,88"
670,16:50,1,1,서울역,9,"3,7,9,48,63,65,72,92,104"
670,16:50,10,10,인천공항,3,"77,83,101"
670,16:50,2,2,수서,9,"0,12,17,23,59,60,61,64,90"
670,16:50,3,3,삼성,8,"29,42,54,67,69,71,79,91"
670,16:50,4,4,여의도,9,"19,20,35,38,43,62,68,95,102"
670,16:50,5,5,김포공항,5,"1,6,31,53,107"
670,16:50,6,6,일산,8,"28,33,52,58,80,86,97,103"
670,16:50,7,7,판교,4,"10,16,49,56"
670,16:50,8,8,동탄/용인,2,"47,73"
670,16:50,9,9,평택,7,"4,5,8,15,78,85,88"
671,16:51,1,1,서울역,9,"7,9,22,48,63,65,72,92,104"
671,16:51,10,10,인천공항,4,"2,77,83,101"
671,16:51,2,2,수서,10,"0,12,17,23,24,59,60,61,64,90"
671,16:51,3,3,삼성,7,"51,54,67,69,71,79,91"
671,16:51,4,4,여의도,10,"19,20,27,35,38,43,62,68,95,102"
671,16:51,5,5,김포공항,5,"1,6,31,53,107"
671,16:51,6,6,일산,8,"28,33,52,58,80,86,97,103"
671,16:51,7,7,판교,5,"10,16,32,49,56"
671,16:51,8,8,동탄/용인,2,"47,73"
671,16:51,9,9,평택,6,"4,8,15,78,85,88"
672,16:52,1,1,서울역,8,"22,48,63,65,72,81,92,104"
672,16:52,10,10,인천공항,4,"2,77,83,101"
672,16:52,2,2,수서,11,"0,11,12,23,24,36,59,60,61,64,90"
672,16:52,3,3,삼성,8,"51,54,67,71,79,84,91,100"
672,16:52,4,4,여의도,8,"19,20,27,35,38,43,95,102"
672,16:52,5,5,김포공항,5,"1,6,31,53,107"
672,16:52,6,6,일산,7,"28,33,58,80,86,97,103"
672,16:52,7,7,판교,5,"10,16,32,49,56"
672,16:52,8,8,동탄/용인,2,"47,73"
672,16:52,9,9,평택,7,"4,8,15,21,78,85,88"
673,16:53,1,1,서울역,7,"22,63,65,75,81,89,104"
673,16:53,10,10,인천공항,3,"2,77,101"
673,16:53,2,2,수서,11,"0,11,12,23,24,36,59,60,61,64,90"
673,16:53,3,3,삼성,8,"34,51,67,71,79,84,91,100"
673,16:53,4,4,여의도,8,"20,27,35,38,43,94,95,102"
673,16:53,5,5,김포공항,5,"1,6,31,53,107"
673,16:53,6,6,일산,7,"28,33,58,80,86,97,103"
673,16:53,7,7,판교,3,"16,32,56"
673,16:53,8,8,동탄/용인,2,"47,73"
673,16:53,9,9,평택,7,"4,8,15,21,78,85,88"
674,16:54,1,1,서울역,7,"40,63,65,75,81,89,104"
674,16:54,10,10,인천공항,3,"2,77,101"
674,16:54,2,2,수서,9,"0,11,12,23,24,36,60,61,90"
674,16:54,3,3,삼성,10,"34,51,67,71,79,82,84,91,98,100"
674,16:54,4,4,여의도,7,"20,27,35,43,94,95,102"
674,16:54,5,5,김포공항,6,"1,6,31,53,66,107"
674,16:54,6,6,일산,7,"28,33,58,80,86,97,103"
674,16:54,7,7,판교,2,"16,56"
674,16:54,8,8,동탄/용인,3,"47,73,93"
674,16:54,9,9,평택,7,"4,8,15,21,78,85,88"
675,16:55,1,1,서울역,8,"13,40,63,65,75,81,89,104"
675,16:55,10,10,인천공항,4,"2,70,77,101"
675,16:55,2,2,수서,8,"0,11,12,23,24,60,61,90"
675,16:55,3,3,삼성,10,"34,51,55,67,71,79,82,84,91,98"
675,16:55,4,4,여의도,8,"20,27,35,43,50,94,96,102"
675,16:55,5,5,김포공항,8,"1,6,14,31,53,66,107,109"
675,16:55,6,6,일산,8,"26,28,33,58,80,86,97,103"
675,16:55,7,7,판교,3,"16,25,56"
675,16:55,8,8,동탄/용인,3,"47,73,93"
675,16:55,9,9,평택,7,"4,8,15,21,78,85,88"
676,16:56,1,1,서울역,9,"13,40,63,65,75,81,89,99,104"
676,16:56,10,10,인천공항,4,"2,70,77,101"
676,16:56,2,2,수서,8,"0,11,12,23,24,60,61,90"
676,16:56,3,3,삼성,10,"34,51,55,67,71,79,82,84,91,98"
676,16:56,4,4,여의도,10,"18,20,27,35,43,50,94,96,102,106"
676,16:56,5,5,김포공항,9,"1,6,14,31,37,53,66,107,109"
676,16:56,6,6,일산,8,"26,28,33,58,80,86,97,103"
676,16:56,7,7,판교,4,"16,25,30,56"
676,16:56,8,8,동탄/용인,3,"47,73,93"
676,16:56,9,9,평택,7,"4,8,15,21,78,85,88"
677,16:57,1,1,서울역,10,"13,19,41,63,65,75,81,89,99,104"
677,16:57,10,10,인천공항,4,"2,70,77,101"
677,16:57,2,2,수서,8,"0,11,12,23,24,60,61,90"
677,16:57,3,3,삼성,10,"34,51,55,67,71,74,79,82,84,98"
677,16:57,4,4,여의도,10,"18,27,35,39,43,50,94,96,102,106"
677,16:57,5,5,김포공항,9,"1,6,14,31,37,53,66,107,109"
677,16:57,6,6,일산,8,"26,28,33,58,80,86,97,103"
677,16:57,7,7,판교,4,"16,25,30,56"
677,16:57,8,8,동탄/용인,3,"47,73,93"
677,16:57,9,9,평택,7,"4,8,15,21,78,85,88"
678,16:58,1,1,서울역,11,"19,38,41,63,65,69,75,81,89,99,104"
678,16:58,10,10,인천공항,3,"2,70,101"
678,16:58,2,2,수서,8,"11,23,24,61,62,68,90,100"
678,16:58,3,3,삼성,11,"9,34,51,55,67,74,76,79,82,84,98"
678,16:58,4,4,여의도,10,"17,18,27,35,39,43,94,96,102,106"
678,16:58,5,5,김포공항,9,"1,6,14,31,37,53,66,107,109"
678,16:58,6,6,일산,8,"26,28,33,58,80,86,97,103"
678,16:58,7,7,판교,4,"16,25,30,56"
678,16:58,8,8,동탄/용인,3,"47,73,93"
678,16:58,9,9,평택,7,"4,8,15,21,78,85,88"
679,16:59,1,1,서울역,10,"19,38,41,63,69,75,81,89,99,104"
679,16:59,10,10,인천공항,4,"2,70,87,101"
679,16:59,2,2,수서,8,"11,23,24,61,62,68,90,100"
679,16:59,3,3,삼성,11,"9,34,51,55,67,74,76,79,82,84,98"
679,16:59,4,4,여의도,9,"17,18,27,35,39,43,96,102,106"
679,16:59,5,5,김포공항,11,"1,3,6,14,29,31,37,53,66,107,109"
679,16:59,6,6,일산,10,"7,26,28,33,58,80,86,97,103,105"
679,16:59,7,7,판교,4,"16,25,30,56"
679,16:59,8,8,동탄/용인,3,"47,73,93"
679,16:59,9,9,평택,6,"4,8,15,21,85,88"
680,17:00,1,1,서울역,10,"19,38,41,63,69,75,81,89,99,104"
680,17:00,10,10,인천공항,4,"2,70,87,101"
680,17:00,2,2,수서,9,"11,23,24,48,61,62,68,90,100"
680,17:00,3,3,삼성,9,"9,34,55,67,74,76,79,82,84"
680,17:00,4,4,여의도,11,"10,17,18,27,35,39,43,49,59,96,106"
680,17:00,5,5,김포공항,7,"1,3,14,29,37,66,109"
680,17:00,6,6,일산,10,"7,26,28,33,58,80,86,97,103,105"
680,17:00,7,7,판교,5,"16,25,30,56,72"
680,17:00,8,8,동탄/용인,2,"47,73"
680,17:00,9,9,평택,6,"4,8,15,21,57,88"
681,17:01,1,1,서울역,8,"19,38,41,63,69,81,89,99"
681,17:01,10,10,인천공항,3,"2,87,101"
681,17:01,2,2,수서,9,"11,23,24,48,61,62,68,95,100"
681,17:01,3,3,삼성,10,"9,34,45,55,67,74,76,79,82,84"
681,17:01,4,4,여의도,10,"10,17,18,32,35,39,43,49,59,106"
681,17:01,5,5,김포공항,9,"1,3,14,29,37,54,66,92,109"
681,17:01,6,6,일산,11,"7,22,26,28,33,58,80,86,97,103,105"
681,17:01,7,7,판교,5,"16,25,30,56,72"
681,17:01,8,8,동탄/용인,2,"47,73"
681,17:01,9,9,평택,5,"4,8,15,57,88"
682,17:02,1,1,서울역,10,"19,36,38,41,50,63,69,81,89,99"
682,17:02,10,10,인천공항,2,"2,87"
682,17:02,2,2,수서,9,"11,23,24,48,61,62,68,95,100"
682,17:02,3,3,삼성,10,"9,34,45,55,67,74,76,79,82,84"
682,17:02,4,4,여의도,9,"10,17,18,32,35,43,49,59,106"
682,17:02,5,5,김포공항,7,"1,3,14,29,54,64,92"
682,17:02,6,6,일산,10,"7,22,26,33,58,80,86,97,103,105"
682,17:02,7,7,판교,4,"16,25,56,72"
682,17:02,8,8,동탄/용인,2,"47,73"
682,17:02,9,9,평택,5,"4,8,15,57,88"
683,17:03,1,1,서울역,8,"19,36,38,50,69,81,89,99"
683,17:03,10,10,인천공항,2,"2,87"
683,17:03,2,2,수서,10,"11,20,23,24,48,61,62,68,95,100"
683,17:03,3,3,삼성,9,"9,34,40,45,55,67,74,76,84"
683,17:03,4,4,여의도,9,"10,17,18,32,35,43,49,59,106"
683,17:03,5,5,김포공항,7,"1,3,14,29,54,64,92"
683,17:03,6,6,일산,8,"7,22,26,33,80,97,103,105"
683,17:03,7,7,판교,4,"16,25,56,72"
683,17:03,8,8,동탄/용인,2,"47,73"
683,17:03,9,9,평택,5,"4,8,15,57,88"
684,17:04,1,1,서울역,8,"19,36,38,50,69,81,89,99"
684,17:04,10,10,인천공항,2,"2,87"
684,17:04,2,2,수서,8,"11,20,23,24,48,61,68,100"
684,17:04,3,3,삼성,9,"9,13,34,40,45,67,74,76,84"
684,17:04,4,4,여의도,12,"10,17,18,32,35,43,46,49,59,60,91,106"
684,17:04,5,5,김포공항,6,"1,3,14,29,54,64"
684,17:04,6,6,일산,6,"7,22,26,33,80,97"
684,17:04,7,7,판교,4,"25,52,56,72"
684,17:04,8,8,동탄/용인,1,73
684,17:04,9,9,평택,6,"4,8,15,44,57,88"
685,17:05,1,1,서울역,8,"19,36,38,50,69,81,89,99"
685,17:05,10,10,인천공항,2,"2,87"
685,17:05,2,2,수서,8,"20,23,24,48,61,68,94,100"
685,17:05,3,3,삼성,9,"9,13,34,40,45,67,74,76,84"
685,17:05,4,4,여의도,11,"10,17,18,32,35,43,46,49,59,60,91"
685,17:05,5,5,김포공항,6,"1,3,14,29,54,64"
685,17:05,6,6,일산,6,"7,22,26,33,80,97"
685,17:05,7,7,판교,4,"25,52,56,72"
685,17:05,8,8,동탄/용인,1,73
685,17:05,9,9,평택,6,"4,8,15,44,57,88"
686,17:06,1,1,서울역,8,"19,36,38,50,51,69,81,89"
686,17:06,10,10,인천공항,3,"2,42,87"
686,17:06,2,2,수서,9,"20,23,24,48,61,68,94,100,102"
686,17:06,3,3,삼성,8,"9,13,34,40,45,67,76,84"
686,17:06,4,4,여의도,13,"5,10,17,18,32,35,43,46,49,53,59,60,91"
686,17:06,5,5,김포공항,8,"0,1,3,12,14,29,54,64"
686,17:06,6,6,일산,7,"7,22,26,33,65,80,97"
686,17:06,7,7,판교,3,"25,52,72"
686,17:06,8,8,동탄/용인,2,"73,108"
686,17:06,9,9,평택,6,"4,8,15,44,57,88"
687,17:07,1,1,서울역,6,"19,36,50,51,81,89"
687,17:07,10,10,인천공항,3,"2,42,87"
687,17:07,2,2,수서,9,"20,23,24,27,48,61,68,94,102"
687,17:07,3,3,삼성,8,"9,13,34,40,45,67,76,84"
687,17:07,4,4,여의도,15,"5,10,17,18,32,35,43,46,49,53,59,60,90,91,98"
687,17:07,5,5,김포공항,6,"0,3,12,29,54,64"
687,17:07,6,6,일산,7,"7,22,26,33,65,80,97"
687,17:07,7,7,판교,2,"52,72"
687,17:07,8,8,동탄/용인,2,"73,108"
687,17:07,9,9,평택,5,"4,15,44,57,88"
688,17:08,1,1,서울역,7,"6,19,31,50,51,81,89"
688,17:08,10,10,인천공항,3,"2,42,87"
688,17:08,2,2,수서,9,"20,23,24,27,39,48,75,94,102"
688,17:08,3,3,삼성,10,"9,13,40,45,67,76,83,84,96,107"
688,17:08,4,4,여의도,17,"5,10,17,18,32,35,37,43,46,49,53,59,60,66,90,91,98"
688,17:08,5,5,김포공항,5,"0,3,12,29,54"
688,17:08,6,6,일산,8,"7,22,26,33,65,80,97,104"
688,17:08,7,7,판교,2,"52,72"
688,17:08,8,8,동탄/용인,2,"73,108"
688,17:08,9,9,평택,5,"4,15,44,57,88"
689,17:09,1,1,서울역,7,"6,19,31,50,51,81,89"
689,17:09,10,10,인천공항,3,"2,42,87"
689,17:09,2,2,수서,9,"20,23,24,27,39,48,75,94,102"
689,17:09,3,3,삼성,11,"9,13,40,41,45,67,76,83,84,96,107"
689,17:09,4,4,여의도,14,"5,30,32,35,37,43,46,49,59,60,66,90,91,98"
689,17:09,5,5,김포공항,5,"0,3,12,29,54"
689,17:09,6,6,일산,8,"7,22,26,33,65,80,97,104"
689,17:09,7,7,판교,2,"52,72"
689,17:09,8,8,동탄/용인,2,"73,108"
689,17:09,9,9,평택,4,"4,15,44,88"
690,17:10,1,1,서울역,8,"6,19,31,50,51,55,81,89"
690,17:10,10,10,인천공항,2,"42,87"
690,17:10,2,2,수서,9,"20,23,24,27,39,48,75,94,102"
690,17:10,3,3,삼성,11,"13,40,41,45,67,76,83,84,96,107,109"
690,17:10,4,4,여의도,17,"5,30,32,35,37,43,46,49,59,60,66,79,86,90,91,98,99"
690,17:10,5,5,김포공항,4,"0,3,12,29"
690,17:10,6,6,일산,7,"7,26,33,65,80,97,104"
690,17:10,7,7,판교,2,"52,72"
690,17:10,8,8,동탄/용인,2,"73,108"
690,17:10,9,9,평택,4,"4,15,44,88"
691,17:11,1,1,서울역,9,"19,51,55,62,81,89,95,103,105"
691,17:11,10,10,인천공항,2,"42,87"
691,17:11,2,2,수서,9,"20,23,24,27,39,48,75,94,102"
691,17:11,3,3,삼성,8,"13,40,41,45,76,83,84,109"
691,17:11,4,4,여의도,19,"5,11,16,30,32,35,43,46,49,59,60,66,79,86,90,91,93,98,99"
691,17:11,5,5,김포공항,6,"0,3,12,29,63,82"
691,17:11,6,6,일산,7,"7,26,33,65,80,97,104"
691,17:11,7,7,판교,1,52
691,17:11,8,8,동탄/용인,2,"73,108"
691,17:11,9,9,평택,4,"4,15,44,88"
692,17:12,1,1,서울역,8,"19,55,62,81,89,95,103,105"
692,17:12,10,10,인천공항,2,"42,87"
692,17:12,2,2,수서,9,"20,23,24,27,39,48,75,94,102"
692,17:12,3,3,삼성,8,"13,28,45,76,83,84,106,109"
692,17:12,4,4,여의도,17,"5,11,16,30,32,35,43,46,49,60,66,79,86,91,93,98,99"
692,17:12,5,5,김포공항,6,"0,3,12,29,63,82"
692,17:12,6,6,일산,7,"7,26,33,65,80,97,104"
692,17:12,7,7,판교,1,52
692,17:12,8,8,동탄/용인,2,"73,108"
692,17:12,9,9,평택,4,"4,15,44,88"
693,17:13,1,1,서울역,5,"62,81,95,103,105"
693,17:13,10,10,인천공항,2,"42,87"
693,17:13,2,2,수서,8,"20,23,27,39,48,75,94,102"
693,17:13,3,3,삼성,7,"28,76,77,83,84,106,109"
693,17:13,4,4,여의도,16,"5,11,16,30,32,35,43,46,49,56,66,79,91,93,98,100"
693,17:13,5,5,김포공항,6,"0,3,12,29,63,82"
693,17:13,6,6,일산,7,"7,26,33,65,80,97,104"
693,17:13,7,7,판교,1,52
693,17:13,8,8,동탄/용인,1,108
693,17:13,9,9,평택,4,"15,44,71,88"
694,17:14,1,1,서울역,3,"62,81,105"
694,17:14,10,10,인천공항,3,"42,87,92"
694,17:14,2,2,수서,7,"20,23,27,48,75,94,102"
694,17:14,3,3,삼성,8,"28,36,47,76,77,83,106,109"
694,17:14,4,4,여의도,17,"5,11,16,25,30,32,43,46,49,56,61,78,79,91,93,98,100"
694,17:14,5,5,김포공항,7,"0,3,12,29,63,74,82"
694,17:14,6,6,일산,7,"7,26,33,65,80,97,104"
694,17:14,7,7,판교,1,52
694,17:14,8,8,동탄/용인,1,108
694,17:14,9,9,평택,3,"44,71,88"
695,17:15,1,1,서울역,3,"62,68,105"
695,17:15,10,10,인천공항,2,"42,92"
695,17:15,2,2,수서,9,"1,17,18,20,27,48,75,94,102"
695,17:15,3,3,삼성,7,"28,36,47,77,83,106,109"
695,17:15,4,4,여의도,16,"11,16,25,32,43,46,49,56,61,78,79,85,91,93,98,100"
695,17:15,5,5,김포공항,8,"3,12,29,38,63,69,74,82"
695,17:15,6,6,일산,6,"26,33,65,80,97,104"
695,17:15,7,7,판교,2,"52,58"
695,17:15,8,8,동탄/용인,1,108
695,17:15,9,9,평택,3,"44,71,88"
696,17:16,1,1,서울역,4,"9,62,68,105"
696,17:16,10,10,인천공항,2,"42,92"
696,17:16,2,2,수서,9,"1,17,18,20,27,48,75,94,102"
696,17:16,3,3,삼성,9,"10,28,36,47,53,70,77,83,106"
696,17:16,4,4,여의도,18,"11,16,21,25,32,43,46,49,54,56,61,78,79,85,91,93,98,100"
696,17:16,5,5,김포공항,8,"3,12,29,38,63,69,74,82"
696,17:16,6,6,일산,5,"26,33,65,97,104"
696,17:16,7,7,판교,2,"52,58"
696,17:16,8,8,동탄/용인,1,108
696,17:16,9,9,평택,2,"71,88"
697,17:17,1,1,서울역,5,"9,22,62,68,105"
697,17:17,10,10,인천공항,3,"14,42,92"
697,17:17,2,2,수서,9,"1,17,18,20,27,48,75,94,102"
697,17:17,3,3,삼성,11,"10,28,36,47,50,53,70,77,83,101,106"
697,17:17,4,4,여의도,16,"11,16,21,25,32,43,46,49,54,56,61,79,85,93,98,100"
697,17:17,5,5,김포공항,8,"3,12,29,38,63,69,74,82"
697,17:17,6,6,일산,5,"26,33,65,97,104"
697,17:17,7,7,판교,2,"52,58"
697,17:17,8,8,동탄/용인,1,108
697,17:17,9,9,평택,2,"71,88"
698,17:18,1,1,서울역,8,"9,22,35,40,41,62,68,105"
698,17:18,10,10,인천공항,3,"14,64,92"
698,17:18,2,2,수서,9,"1,17,18,20,27,48,59,75,90"
698,17:18,3,3,삼성,13,"10,28,36,37,47,50,51,53,70,77,83,101,106"
698,17:18,4,4,여의도,19,"11,16,21,25,32,43,46,49,54,56,61,72,79,85,93,96,98,100,107"
698,17:18,5,5,김포공항,8,"3,12,29,38,63,69,74,82"
698,17:18,6,6,일산,5,"26,33,65,97,104"
698,17:18,7,7,판교,2,"52,58"
698,17:18,8,8,동탄/용인,1,108
698,17:18,9,9,평택,2,"71,88"
699,17:19,1,1,서울역,7,"9,22,35,40,41,62,68"
699,17:19,10,10,인천공항,3,"14,64,92"
699,17:19,2,2,수서,9,"1,17,18,20,48,59,60,75,90"
699,17:19,3,3,삼성,14,"10,28,36,37,47,50,51,53,55,70,77,83,101,106"
699,17:19,4,4,여의도,18,"11,16,21,25,32,43,46,49,56,61,72,79,85,93,96,98,100,107"
699,17:19,5,5,김포공항,9,"6,12,31,38,63,67,69,74,82"
699,17:19,6,6,일산,5,"26,33,65,97,104"
699,17:19,7,7,판교,2,"52,58"
699,17:19,8,8,동탄/용인,1,108
699,17:19,9,9,평택,2,"71,88"
700,17:20,1,1,서울역,9,"9,22,24,35,40,41,62,68,84"
700,17:20,10,10,인천공항,3,"14,64,92"
700,17:20,2,2,수서,9,"1,17,18,20,48,59,60,75,90"
700,17:20,3,3,삼성,14,"10,28,36,37,47,50,51,53,55,70,77,83,101,106"
700,17:20,4,4,여의도,15,"13,16,21,39,43,46,49,56,72,79,85,96,98,100,107"
700,17:20,5,5,김포공항,7,"6,12,31,38,63,67,82"
700,17:20,6,6,일산,4,"33,65,97,104"
700,17:20,7,7,판교,5,"19,52,58,86,99"
700,17:20,8,8,동탄/용인,1,108
700,17:20,9,9,평택,2,"71,88"
701,17:21,1,1,서울역,8,"9,22,24,41,62,68,78,84"
701,17:21,10,10,인천공항,3,"14,64,92"
701,17:21,2,2,수서,11,"1,5,17,18,20,30,48,59,60,75,95"
701,17:21,3,3,삼성,15,"10,28,36,37,47,50,51,53,55,66,70,77,81,83,101"
701,17:21,4,4,여의도,14,"13,21,23,39,43,46,49,56,72,79,96,98,100,107"
701,17:21,5,5,김포공항,8,"6,12,31,38,63,67,82,89"
701,17:21,6,6,일산,5,"33,65,97,103,104"
701,17:21,7,7,판교,5,"19,52,58,86,99"
701,17:21,8,8,동탄/용인,1,108
701,17:21,9,9,평택,2,"71,88"
702,17:22,1,1,서울역,8,"9,22,24,41,62,68,78,84"
702,17:22,10,10,인천공항,3,"14,64,92"
702,17:22,2,2,수서,11,"1,5,17,18,20,30,48,59,60,75,95"
702,17:22,3,3,삼성,12,"28,36,37,47,50,51,53,55,66,81,83,101"
702,17:22,4,4,여의도,15,"2,8,13,21,23,39,46,49,56,72,79,96,98,100,107"
702,17:22,5,5,김포공항,8,"6,12,31,38,63,67,82,89"
702,17:22,6,6,일산,4,"33,97,103,104"
702,17:22,7,7,판교,5,"19,52,58,86,99"
702,17:22,8,8,동탄/용인,1,108
702,17:22,9,9,평택,2,"71,88"
703,17:23,1,1,서울역,8,"0,9,22,24,41,62,78,84"
703,17:23,10,10,인천공항,4,"14,34,64,92"
703,17:23,2,2,수서,11,"1,5,17,18,30,48,59,60,75,91,95"
703,17:23,3,3,삼성,10,"28,36,37,50,51,55,66,73,81,101"
703,17:23,4,4,여의도,15,"2,8,13,21,23,39,46,49,56,72,96,98,100,107,109"
703,17:23,5,5,김포공항,8,"6,12,31,38,63,67,76,89"
703,17:23,6,6,일산,4,"33,97,103,104"
703,17:23,7,7,판교,5,"19,52,58,86,99"
703,17:23,8,8,동탄/용인,1,108
703,17:23,9,9,평택,2,"71,88"
704,17:24,1,1,서울역,7,"0,9,22,24,62,78,84"
704,17:24,10,10,인천공항,4,"14,34,64,92"
704,17:24,2,2,수서,9,"5,18,30,48,59,60,75,91,95"
704,17:24,3,3,삼성,10,"28,36,37,50,51,55,66,73,90,101"
704,17:24,4,4,여의도,16,"2,8,13,21,23,39,46,49,56,57,72,98,100,102,107,109"
704,17:24,5,5,김포공항,7,"6,31,38,63,67,76,89"
704,17:24,6,6,일산,4,"33,97,103,104"
704,17:24,7,7,판교,4,"19,52,86,99"
704,17:24,8,8,동탄/용인,1,108
704,17:24,9,9,평택,2,"71,88"
705,17:25,1,1,서울역,7,"0,9,22,24,62,78,84"
705,17:25,10,10,인천공항,4,"14,34,64,92"
705,17:25,2,2,수서,9,"5,18,30,48,59,60,75,91,95"
705,17:25,3,3,삼성,11,"28,36,37,50,51,55,66,73,90,101,105"
705,17:25,4,4,여의도,17,"2,8,13,21,23,39,40,46,49,56,57,72,98,100,102,107,109"
705,17:25,5,5,김포공항,6,"6,31,38,63,76,89"
705,17:25,6,6,일산,4,"33,97,103,104"
705,17:25,7,7,판교,4,"19,52,86,99"
705,17:25,8,8,동탄/용인,1,108
705,17:25,9,9,평택,2,"71,88"
706,17:26,1,1,서울역,6,"0,9,24,27,78,84"
706,17:26,10,10,인천공항,4,"14,34,64,92"
706,17:26,2,2,수서,11,"5,11,18,30,32,48,59,60,61,75,95"
706,17:26,3,3,삼성,11,"28,37,50,51,55,66,73,80,90,101,105"
706,17:26,4,4,여의도,14,"2,8,13,21,23,39,40,56,57,72,98,102,107,109"
706,17:26,5,5,김포공항,7,"6,31,38,63,76,89,94"
706,17:26,6,6,일산,4,"33,97,103,104"
706,17:26,7,7,판교,5,"19,52,54,86,99"
706,17:26,8,8,동탄/용인,1,108
706,17:26,9,9,평택,2,"71,88"
707,17:27,1,1,서울역,7,"0,9,24,26,27,84,106"
707,17:27,10,10,인천공항,3,"14,34,92"
707,17:27,2,2,수서,14,"3,5,11,16,18,30,32,48,59,60,61,75,81,95"
707,17:27,3,3,삼성,14,"17,25,28,35,37,50,55,66,73,80,90,93,101,105"
707,17:27,4,4,여의도,13,"2,8,13,21,23,39,40,56,57,72,102,107,109"
707,17:27,5,5,김포공항,7,"6,31,38,63,76,89,94"
707,17:27,6,6,일산,4,"33,97,103,104"
707,17:27,7,7,판교,6,"7,19,52,54,86,99"
707,17:27,8,8,동탄/용인,1,108
707,17:27,9,9,평택,1,88
708,17:28,1,1,서울역,10,"0,9,10,24,26,27,74,84,87,106"
708,17:28,10,10,인천공항,4,"14,34,45,92"
708,17:28,2,2,수서,14,"3,5,11,16,18,30,32,48,59,60,61,75,81,95"
708,17:28,3,3,삼성,14,"17,25,28,35,37,50,66,69,73,80,85,90,93,101"
708,17:28,4,4,여의도,12,"4,8,13,23,39,40,56,57,72,102,107,109"
708,17:28,5,5,김포공항,7,"6,31,38,63,76,89,94"
708,17:28,6,6,일산,3,"33,103,104"
708,17:28,7,7,판교,6,"7,19,52,54,86,99"
708,17:28,8,8,동탄/용인,1,108
708,17:28,9,9,평택,1,88
709,17:29,1,1,서울역,11,"9,10,24,26,27,53,74,83,84,87,106"
709,17:29,10,10,인천공항,5,"14,29,34,45,92"
709,17:29,2,2,수서,13,"3,5,16,18,30,32,48,59,60,61,75,81,95"
709,17:29,3,3,삼성,13,"17,25,35,37,50,66,69,73,85,90,91,93,101"
709,17:29,4,4,여의도,13,"4,8,13,15,20,23,40,56,57,72,102,107,109"
709,17:29,5,5,김포공항,6,"6,31,38,63,89,94"
709,17:29,6,6,일산,3,"33,103,104"
709,17:29,7,7,판교,4,"7,19,43,54"
709,17:29,8,8,동탄/용인,1,108
709,17:29,9,9,평택,1,88
710,17:30,1,1,서울역,10,"9,10,24,27,53,74,83,84,87,106"
710,17:30,10,10,인천공항,4,"29,34,45,92"
710,17:30,2,2,수서,9,"16,18,32,59,60,61,75,81,95"
710,17:30,3,3,삼성,10,"25,37,50,66,69,73,85,91,93,101"
710,17:30,4,4,여의도,16,"1,4,8,13,15,20,23,40,42,47,56,57,72,102,107,109"
710,17:30,5,5,김포공항,8,"6,31,38,63,70,77,89,94"
710,17:30,6,6,일산,4,"33,68,103,104"
710,17:30,7,7,판교,5,"7,19,43,54,79"
710,17:30,8,8,동탄/용인,1,108
710,17:30,9,9,평택,1,88
711,17:31,1,1,서울역,9,"9,10,24,27,53,58,83,84,106"
711,17:31,10,10,인천공항,4,"29,34,45,92"
711,17:31,2,2,수서,11,"16,18,32,59,60,61,75,81,82,95,105"
711,17:31,3,3,삼성,10,"25,37,44,50,66,69,73,91,93,101"
711,17:31,4,4,여의도,15,"1,4,8,13,15,20,23,40,42,47,56,57,72,102,109"
711,17:31,5,5,김포공항,6,"31,38,70,77,89,94"
711,17:31,6,6,일산,4,"33,68,103,104"
711,17:31,7,7,판교,6,"7,19,43,54,79,96"
711,17:31,8,8,동탄/용인,1,108
711,17:31,9,9,평택,1,88
712,17:32,1,1,서울역,9,"9,10,24,27,53,58,83,84,106"
712,17:32,10,10,인천공항,4,"29,34,45,92"
712,17:32,2,2,수서,13,"12,16,32,49,59,60,61,75,80,81,82,95,105"
712,17:32,3,3,삼성,10,"25,37,44,50,66,69,73,91,93,101"
712,17:32,4,4,여의도,14,"1,4,8,13,15,20,23,40,42,47,56,57,72,102"
712,17:32,5,5,김포공항,7,"31,38,41,70,77,89,94"
712,17:32,6,6,일산,4,"33,68,103,104"
712,17:32,7,7,판교,5,"7,43,54,79,96"
712,17:32,8,8,동탄/용인,1,108
712,17:32,9,9,평택,1,88
713,17:33,1,1,서울역,10,"9,10,24,27,51,53,58,83,84,106"
713,17:33,10,10,인천공항,4,"29,34,45,92"
713,17:33,2,2,수서,14,"12,16,32,35,49,59,60,61,75,80,81,82,95,105"
713,17:33,3,3,삼성,12,"3,37,44,50,66,67,69,73,78,91,100,101"
713,17:33,4,4,여의도,12,"1,4,8,13,15,23,36,40,42,47,57,72"
713,17:33,5,5,김포공항,7,"31,38,41,70,77,89,94"
713,17:33,6,6,일산,4,"33,68,103,104"
713,17:33,7,7,판교,7,"7,22,43,46,54,79,96"
713,17:33,8,8,동탄/용인,1,108
713,17:33,9,9,평택,1,88
714,17:34,1,1,서울역,9,"10,24,27,51,53,58,83,84,106"
714,17:34,10,10,인천공항,4,"29,34,45,92"
714,17:34,2,2,수서,15,"12,16,21,32,35,49,59,60,61,75,80,81,82,95,105"
714,17:34,3,3,삼성,12,"3,37,44,50,66,67,73,78,91,98,100,101"
714,17:34,4,4,여의도,11,"1,8,13,15,23,36,40,42,47,57,72"
714,17:34,5,5,김포공항,7,"31,38,41,70,77,89,94"
714,17:34,6,6,일산,4,"33,68,103,104"
714,17:34,7,7,판교,8,"7,22,43,46,54,65,79,96"
714,17:34,8,8,동탄/용인,1,108
714,17:34,9,9,평택,1,88
715,17:35,1,1,서울역,9,"10,24,51,53,58,83,84,97,106"
715,17:35,10,10,인천공항,4,"29,34,45,92"
715,17:35,2,2,수서,14,"12,16,21,35,49,59,60,61,75,80,81,82,95,105"
715,17:35,3,3,삼성,13,"2,3,37,44,50,66,67,73,78,91,98,100,101"
715,17:35,4,4,여의도,12,"1,8,11,13,15,23,36,40,42,47,57,72"
715,17:35,5,5,김포공항,7,"31,38,41,70,77,89,94"
715,17:35,6,6,일산,4,"33,68,103,104"
715,17:35,7,7,판교,8,"7,22,43,46,54,65,79,96"
715,17:35,8,8,동탄/용인,1,108
715,17:35,9,9,평택,1,88
716,17:36,1,1,서울역,13,"10,17,24,51,53,58,83,84,86,90,97,99,106"
716,17:36,10,10,인천공항,3,"29,34,45"
716,17:36,2,2,수서,13,"12,21,35,49,59,60,61,75,80,81,82,95,105"
716,17:36,3,3,삼성,12,"2,3,26,44,50,66,73,78,91,98,100,101"
716,17:36,4,4,여의도,14,"5,8,11,13,15,23,28,30,36,42,47,48,52,72"
716,17:36,5,5,김포공항,8,"31,38,41,55,70,77,89,94"
716,17:36,6,6,일산,4,"33,68,103,104"
716,17:36,7,7,판교,8,"7,22,39,43,46,54,65,96"
716,17:36,8,8,동탄/용인,1,108
716,17:36,9,9,평택,1,88
717,17:37,1,1,서울역,12,"17,24,51,53,58,83,84,86,90,97,99,106"
717,17:37,10,10,인천공항,2,"29,34"
717,17:37,2,2,수서,12,"12,21,35,49,59,60,61,75,80,82,95,105"
717,17:37,3,3,삼성,13,"2,3,26,44,50,66,73,76,78,87,91,98,100"
717,17:37,4,4,여의도,13,"5,8,11,13,15,28,30,36,42,47,48,52,72"
717,17:37,5,5,김포공항,8,"0,38,41,55,70,77,89,94"
717,17:37,6,6,일산,4,"33,68,103,104"
717,17:37,7,7,판교,7,"7,22,39,43,46,54,65"
717,17:37,8,8,동탄/용인,1,108
717,17:37,9,9,평택,1,88
718,17:38,1,1,서울역,11,"17,24,51,53,58,83,84,86,90,99,106"
718,17:38,10,10,인천공항,2,"29,34"
718,17:38,2,2,수서,11,"21,35,49,59,60,61,74,75,80,95,105"
718,17:38,3,3,삼성,13,"2,3,26,44,50,66,73,76,78,87,91,98,100"
718,17:38,4,4,여의도,13,"5,8,11,13,28,30,36,42,47,48,52,72,85"
718,17:38,5,5,김포공항,8,"0,38,41,55,70,77,89,94"
718,17:38,6,6,일산,4,"33,68,103,104"
718,17:38,7,7,판교,8,"7,22,39,43,46,54,65,107"
718,17:38,8,8,동탄/용인,1,108
718,17:38,9,9,평택,1,88
719,17:39,1,1,서울역,11,"17,18,24,51,53,58,83,86,90,99,106"
719,17:39,10,10,인천공항,3,"29,34,62"
719,17:39,2,2,수서,12,"20,21,49,56,59,60,61,74,75,80,95,105"
719,17:39,3,3,삼성,13,"2,3,6,26,44,50,73,76,78,87,91,98,100"
719,17:39,4,4,여의도,13,"5,8,11,13,19,28,30,36,42,47,48,52,85"
719,17:39,5,5,김포공항,8,"0,38,41,55,70,77,89,94"
719,17:39,6,6,일산,4,"33,68,103,104"
719,17:39,7,7,판교,8,"7,39,43,46,54,65,107,109"
719,17:39,8,8,동탄/용인,1,108
719,17:39,9,9,평택,1,88
720,17:40,1,1,서울역,12,"17,18,24,51,53,58,64,69,83,86,90,99"
720,17:40,10,10,인천공항,3,"29,34,62"
720,17:40,2,2,수서,10,"4,20,21,49,56,60,61,74,75,80"
720,17:40,3,3,삼성,10,"2,6,26,50,73,78,87,91,98,100"
720,17:40,4,4,여의도,15,"5,8,11,13,19,25,28,30,36,42,47,48,52,85,93"
720,17:40,5,5,김포공항,4,"0,38,41,55"
720,17:40,6,6,일산,4,"33,68,103,104"
720,17:40,7,7,판교,9,"7,39,43,46,54,65,102,107,109"
720,17:40,8,8,동탄/용인,1,108
720,17:40,9,9,평택,1,88
721,17:41,1,1,서울역,12,"17,18,24,51,53,58,64,69,83,86,90,99"
721,17:41,10,10,인천공항,4,"29,34,62,63"
721,17:41,2,2,수서,10,"4,20,21,49,56,60,61,74,75,80"
721,17:41,3,3,삼성,11,"2,6,26,27,50,73,78,87,91,98,100"
721,17:41,4,4,여의도,16,"5,8,11,13,19,25,28,30,32,36,42,47,48,52,85,93"
721,17:41,5,5,김포공항,4,"0,38,41,55"
721,17:41,6,6,일산,3,"33,68,104"
721,17:41,7,7,판교,10,"7,9,39,43,46,54,65,102,107,109"
721,17:41,9,9,평택,1,88
722,17:42,1,1,서울역,12,"17,18,24,51,53,58,64,67,69,83,86,90"
722,17:42,10,10,인천공항,4,"29,34,62,63"
722,17:42,2,2,수서,10,"1,4,20,21,49,56,57,61,74,80"
722,17:42,3,3,삼성,9,"2,6,26,27,50,73,87,91,98"
722,17:42,4,4,여의도,16,"8,11,13,16,19,25,28,30,32,36,42,47,48,71,85,93"
722,17:42,5,5,김포공항,2,"0,41"
722,17:42,6,6,일산,3,"33,68,104"
722,17:42,7,7,판교,10,"7,9,39,43,46,54,65,102,107,109"
722,17:42,9,9,평택,1,88
723,17:43,1,1,서울역,10,"17,18,51,53,58,67,69,83,86,90"
723,17:43,10,10,인천공항,2,"62,63"
723,17:43,2,2,수서,9,"1,4,20,21,49,56,57,61,74"
723,17:43,3,3,삼성,6,"2,6,27,50,73,91"
723,17:43,4,4,여의도,18,"8,11,13,16,19,25,28,30,32,36,37,42,47,48,71,79,85,93"
723,17:43,5,5,김포공항,2,"0,41"
723,17:43,6,6,일산,3,"33,68,104"
723,17:43,7,7,판교,10,"7,9,39,40,46,54,65,102,107,109"
723,17:43,9,9,평택,1,88
724,17:44,1,1,서울역,10,"17,18,51,53,58,67,69,83,86,90"
724,17:44,10,10,인천공항,2,"62,63"
724,17:44,2,2,수서,8,"1,4,20,21,49,56,57,61"
724,17:44,3,3,삼성,8,"2,6,23,27,50,73,91,97"
724,17:44,4,4,여의도,17,"11,13,16,19,25,28,30,32,36,37,47,48,71,79,85,93,96"
724,17:44,5,5,김포공항,2,"0,41"
724,17:44,6,6,일산,2,"33,68"
724,17:44,7,7,판교,10,"7,9,10,39,40,46,65,102,107,109"
724,17:44,9,9,평택,1,88
725,17:45,1,1,서울역,8,"12,51,53,58,69,82,83,86"
725,17:45,10,10,인천공항,2,"62,63"
725,17:45,2,2,수서,9,"1,4,20,21,49,56,57,61,72"
725,17:45,3,3,삼성,12,"2,6,14,15,23,27,31,50,73,84,91,97"
725,17:45,4,4,여의도,16,"11,13,16,19,25,30,32,35,36,37,47,71,79,85,93,96"
725,17:45,5,5,김포공항,3,"0,41,81"
725,17:45,6,6,일산,2,"33,68"
725,17:45,7,7,판교,9,"7,9,10,39,40,46,65,102,107"
725,17:45,9,9,평택,1,88
726,17:46,1,1,서울역,7,"12,51,53,58,82,83,86"
726,17:46,10,10,인천공항,2,"62,63"
726,17:46,2,2,수서,10,"1,4,20,21,49,56,57,61,72,87"
726,17:46,3,3,삼성,13,"2,6,14,15,23,27,31,50,73,80,84,97,106"
726,17:46,4,4,여의도,18,"13,16,19,22,25,30,32,35,36,37,47,59,71,79,85,93,96,105"
726,17:46,5,5,김포공항,3,"0,41,81"
726,17:46,6,6,일산,2,"33,68"
726,17:46,7,7,판교,7,"9,10,39,40,65,102,107"
726,17:46,9,9,평택,1,88
727,17:47,1,1,서울역,7,"12,51,53,58,82,83,86"
727,17:47,10,10,인천공항,2,"62,63"
727,17:47,2,2,수서,9,"1,4,20,21,49,56,57,72,87"
727,17:47,3,3,삼성,11,"2,6,14,15,23,27,31,80,84,97,106"
727,17:47,4,4,여의도,19,"13,16,19,22,25,30,32,35,36,37,47,59,71,76,79,85,93,96,105"
727,17:47,5,5,김포공항,4,"0,41,66,81"
727,17:47,6,6,일산,1,101
727,17:47,7,7,판교,7,"9,10,39,40,65,102,107"
727,17:47,9,9,평택,1,88
728,17:48,1,1,서울역,10,"12,51,53,58,77,83,86,89,94,100"
728,17:48,10,10,인천공항,2,"62,63"
728,17:48,2,2,수서,9,"1,4,20,21,49,56,57,72,87"
728,17:48,3,3,삼성,10,"6,14,15,23,27,70,80,84,97,106"
728,17:48,4,4,여의도,18,"16,19,22,25,30,32,35,36,37,47,59,60,76,79,85,93,96,105"
728,17:48,5,5,김포공항,5,"0,3,66,81,95"
728,17:48,6,6,일산,1,101
728,17:48,7,7,판교,6,"9,10,40,65,102,107"
728,17:48,9,9,평택,1,88
729,17:49,1,1,서울역,11,"12,51,53,58,75,77,86,89,94,98,100"
729,17:49,10,10,인천공항,2,"62,63"
729,17:49,2,2,수서,8,"1,4,20,21,49,56,57,72"
729,17:49,3,3,삼성,11,"5,6,14,15,23,27,52,64,70,84,97"
729,17:49,4,4,여의도,17,"16,22,30,32,35,36,37,45,47,59,60,76,79,85,93,96,105"
729,17:49,5,5,김포공항,5,"0,3,66,81,95"
729,17:49,6,6,일산,1,101
729,17:49,7,7,판교,6,"9,10,40,65,102,107"
729,17:49,9,9,평택,1,88
730,17:50,1,1,서울역,12,"12,38,51,53,58,75,77,86,89,94,98,100"
730,17:50,10,10,인천공항,2,"62,63"
730,17:50,2,2,수서,7,"1,8,21,49,56,57,72"
730,17:50,3,3,삼성,11,"5,6,14,15,23,27,52,55,64,70,84"
730,17:50,4,4,여의도,18,"16,22,26,30,32,35,36,37,43,45,59,60,76,79,85,93,96,105"
730,17:50,5,5,김포공항,6,"0,3,66,81,95,99"
730,17:50,6,6,일산,1,101
730,17:50,7,7,판교,6,"9,10,24,40,65,102"
731,17:51,1,1,서울역,9,"12,38,51,58,74,75,77,86,98"
731,17:51,10,10,인천공항,2,"62,63"
731,17:51,2,2,수서,8,"1,8,21,31,49,56,57,72"
731,17:51,3,3,삼성,15,"5,15,18,23,27,42,52,55,64,67,84,90,92,103,108"
731,17:51,4,4,여의도,17,"22,26,30,32,35,36,37,43,45,59,60,76,79,85,93,96,105"
731,17:51,5,5,김포공항,5,"0,3,66,95,99"
731,17:51,6,6,일산,1,101
731,17:51,7,7,판교,6,"9,10,24,40,65,102"
732,17:52,1,1,서울역,8,"12,38,51,58,74,77,86,98"
732,17:52,10,10,인천공항,2,"62,63"
732,17:52,2,2,수서,9,"1,8,11,21,31,49,56,57,72"
732,17:52,3,3,삼성,14,"15,18,23,27,42,48,55,64,67,84,90,92,103,108"
732,17:52,4,4,여의도,15,"22,26,30,32,35,36,37,43,45,59,60,76,85,96,105"
732,17:52,5,5,김포공항,5,"0,3,66,95,99"
732,17:52,6,6,일산,1,101
732,17:52,7,7,판교,6,"9,10,17,24,28,102"
733,17:53,1,1,서울역,8,"12,38,46,58,74,77,86,98"
733,17:53,10,10,인천공항,2,"62,63"
733,17:53,2,2,수서,10,"1,8,11,21,31,49,56,57,69,72"
733,17:53,3,3,삼성,13,"15,18,23,42,48,55,64,67,84,90,92,103,108"
733,17:53,4,4,여의도,16,"7,22,26,30,32,35,36,37,43,45,59,60,61,85,96,105"
733,17:53,5,5,김포공항,5,"0,3,66,95,99"
733,17:53,6,6,일산,1,101
733,17:53,7,7,판교,5,"9,17,24,28,102"
734,17:54,1,1,서울역,7,"12,38,46,58,74,86,98"
734,17:54,10,10,인천공항,1,63
734,17:54,2,2,수서,7,"1,8,11,49,56,69,72"
734,17:54,3,3,삼성,9,"23,42,48,55,64,84,90,92,108"
734,17:54,4,4,여의도,16,"7,22,26,30,32,35,36,37,43,45,50,59,60,61,96,105"
734,17:54,5,5,김포공항,5,"0,66,91,95,99"
734,17:54,6,6,일산,1,101
734,17:54,7,7,판교,5,"9,17,24,28,102"
735,17:55,1,1,서울역,10,"12,38,39,46,58,74,80,86,98,106"
735,17:55,10,10,인천공항,3,"44,63,104"
735,17:55,2,2,수서,6,"1,8,11,56,69,72"
735,17:55,3,3,삼성,9,"23,42,48,55,71,84,90,92,108"
735,17:55,4,4,여의도,16,"2,7,26,32,35,36,37,43,45,50,59,60,61,87,100,105"
735,17:55,5,5,김포공항,7,"0,66,73,91,95,99,109"
735,17:55,6,6,일산,2,"82,101"
735,17:55,7,7,판교,6,"9,13,17,24,28,102"
736,17:56,1,1,서울역,10,"12,38,39,46,58,74,80,86,98,106"
736,17:56,10,10,인천공항,2,"44,104"
736,17:56,2,2,수서,7,"1,8,11,47,56,72,83"
736,17:56,3,3,삼성,10,"23,25,42,48,55,71,84,90,92,108"
736,17:56,4,4,여의도,18,"2,4,7,20,26,32,35,36,37,43,45,50,59,60,61,87,100,105"
736,17:56,5,5,김포공항,7,"0,66,73,91,95,99,109"
736,17:56,6,6,일산,2,"54,82"
736,17:56,7,7,판교,7,"9,13,17,19,24,28,102"
737,17:57,1,1,서울역,10,"12,14,38,39,46,58,80,86,98,106"
737,17:57,10,10,인천공항,3,"44,78,104"
737,17:57,2,2,수서,8,"8,11,16,47,56,72,83,103"
737,17:57,3,3,삼성,9,"23,25,31,48,55,71,84,92,108"
737,17:57,4,4,여의도,18,"2,4,7,20,26,35,36,37,43,45,50,59,60,61,87,100,105,107"
737,17:57,5,5,김포공항,6,"66,73,91,95,99,109"
737,17:57,6,6,일산,2,"54,82"
737,17:57,7,7,판교,6,"9,13,17,19,24,28"
738,17:58,1,1,서울역,10,"12,14,38,39,46,58,80,86,98,106"
738,17:58,10,10,인천공항,4,"41,44,78,104"
738,17:58,2,2,수서,7,"8,11,16,47,56,83,103"
738,17:58,3,3,삼성,10,"23,25,29,31,34,55,71,84,92,108"
738,17:58,4,4,여의도,18,"2,4,7,20,26,35,36,37,43,45,50,59,60,61,70,100,105,107"
738,17:58,5,5,김포공항,7,"66,73,91,95,97,99,109"
738,17:58,6,6,일산,3,"53,54,82"
738,17:58,7,7,판교,5,"9,13,19,24,28"
739,17:59,1,1,서울역,12,"12,14,27,38,39,46,58,65,80,86,98,106"
739,17:59,10,10,인천공항,4,"41,44,78,104"
739,17:59,2,2,수서,7,"8,11,16,47,56,83,103"
739,17:59,3,3,삼성,12,"23,25,29,31,34,51,71,79,81,84,92,108"
739,17:59,4,4,여의도,19,"2,4,5,7,20,26,35,36,37,43,50,52,59,60,61,70,100,105,107"
739,17:59,5,5,김포공항,10,"6,66,73,89,91,94,95,97,99,109"
739,17:59,6,6,일산,4,"53,54,75,82"
739,17:59,7,7,판교,7,"9,13,19,28,33,68,93"
740,18:00,1,1,서울역,12,"12,18,27,38,39,46,58,65,67,80,86,106"
740,18:00,10,10,인천공항,3,"41,44,78"
740,18:00,2,2,수서,7,"8,11,16,47,56,83,103"
740,18:00,3,3,삼성,11,"23,25,29,34,51,71,76,79,81,92,108"
740,18:00,4,4,여의도,19,"2,4,5,7,10,20,21,26,35,36,37,43,50,52,57,60,70,100,107"
740,18:00,5,5,김포공항,5,"6,89,94,95,97"
740,18:00,6,6,일산,4,"53,54,75,82"
740,18:00,7,7,판교,7,"9,13,19,28,33,68,93"
741,18:01,1,1,서울역,8,"12,18,27,38,46,65,67,106"
741,18:01,10,10,인천공항,3,"41,44,78"
741,18:01,2,2,수서,7,"11,16,22,47,56,83,103"
741,18:01,3,3,삼성,10,"25,29,34,51,76,79,81,85,92,108"
741,18:01,4,4,여의도,18,"2,4,5,7,10,15,20,21,26,35,37,43,50,52,57,60,70,107"
741,18:01,5,5,김포공항,4,"6,89,94,95"
741,18:01,6,6,일산,3,"53,54,75"
741,18:01,7,7,판교,7,"9,13,19,28,33,68,93"
742,18:02,1,1,서울역,10,"3,12,18,38,46,49,65,67,87,106"
742,18:02,10,10,인천공항,3,"41,44,78"
742,18:02,2,2,수서,7,"11,16,22,47,56,83,103"
742,18:02,3,3,삼성,10,"25,29,30,34,51,76,79,85,92,108"
742,18:02,4,4,여의도,18,"2,4,5,7,10,15,20,21,26,35,37,43,50,52,57,60,70,107"
742,18:02,5,5,김포공항,4,"6,77,89,95"
742,18:02,6,6,일산,3,"53,54,75"
742,18:02,7,7,판교,8,"9,13,19,28,33,68,93,96"
743,18:03,1,1,서울역,12,"3,12,18,38,46,49,65,67,69,87,90,106"
743,18:03,10,10,인천공항,3,"41,44,78"
743,18:03,2,2,수서,5,"11,16,22,47,83"
743,18:03,3,3,삼성,8,"25,29,30,34,51,76,79,85"
743,18:03,4,4,여의도,16,"1,2,4,5,10,15,20,21,35,37,43,52,57,60,70,107"
743,18:03,5,5,김포공항,5,"6,64,77,89,95"
743,18:03,6,6,일산,3,"53,54,75"
743,18:03,7,7,판교,7,"9,13,19,33,68,93,96"
744,18:04,1,1,서울역,14,"3,12,18,38,46,49,59,65,67,69,87,90,102,106"
744,18:04,10,10,인천공항,2,"41,78"
744,18:04,2,2,수서,6,"11,16,22,47,74,83"
744,18:04,3,3,삼성,6,"25,30,51,76,79,85"
744,18:04,4,4,여의도,17,"1,2,4,5,10,15,20,21,35,37,43,52,57,60,70,72,107"
744,18:04,5,5,김포공항,5,"6,64,77,89,95"
744,18:04,6,6,일산,4,"40,53,54,75"
744,18:04,7,7,판교,8,"9,13,19,32,33,68,93,96"
745,18:05,1,1,서울역,14,"3,12,18,38,46,49,59,65,67,69,87,90,102,106"
745,18:05,10,10,인천공항,2,"41,78"
745,18:05,2,2,수서,7,"0,11,16,22,45,47,74"
745,18:05,3,3,삼성,5,"25,51,76,79,85"
745,18:05,4,4,여의도,18,"1,2,4,5,10,15,17,20,21,35,37,43,57,60,70,72,88,107"
745,18:05,5,5,김포공항,5,"6,42,64,77,95"
745,18:05,6,6,일산,2,"40,53"
745,18:05,7,7,판교,6,"9,13,32,68,93,96"
746,18:06,1,1,서울역,14,"3,12,18,31,38,46,49,59,65,67,69,87,90,102"
746,18:06,10,10,인천공항,2,"41,78"
746,18:06,2,2,수서,7,"0,11,16,22,45,47,74"
746,18:06,3,3,삼성,4,"25,51,79,85"
746,18:06,4,4,여의도,19,"1,2,4,5,10,15,17,20,21,24,27,43,55,57,60,70,72,88,107"
746,18:06,5,5,김포공항,5,"6,42,48,77,95"
746,18:06,6,6,일산,2,"40,53"
746,18:06,7,7,판교,6,"9,13,32,68,93,96"
747,18:07,1,1,서울역,13,"3,12,18,31,38,46,49,65,67,69,87,90,102"
747,18:07,10,10,인천공항,1,78
747,18:07,2,2,수서,9,"0,11,14,16,22,45,47,74,101"
747,18:07,3,3,삼성,6,"25,51,58,61,79,85"
747,18:07,4,4,여의도,17,"1,4,5,8,10,15,17,20,21,24,27,55,57,60,72,88,107"
747,18:07,5,5,김포공항,4,"6,42,48,77"
747,18:07,6,6,일산,2,"40,53"
747,18:07,7,7,판교,6,"32,68,93,96,98,105"
748,18:08,1,1,서울역,12,"3,12,18,31,38,46,49,65,67,69,90,102"
748,18:08,10,10,인천공항,1,78
748,18:08,2,2,수서,14,"0,14,16,22,30,45,47,66,73,74,80,86,99,101"
748,18:08,3,3,삼성,7,"51,58,61,79,85,91,100"
748,18:08,4,4,여의도,20,"1,4,5,8,10,15,17,20,21,23,24,27,55,57,60,63,71,72,88,107"
748,18:08,5,5,김포공항,5,"6,42,48,77,84"
748,18:08,6,6,일산,2,"40,53"
748,18:08,7,7,판교,7,"32,36,68,93,96,98,105"
749,18:09,1,1,서울역,12,"3,12,18,31,38,46,49,65,67,69,92,102"
749,18:09,10,10,인천공항,1,78
749,18:09,2,2,수서,16,"0,14,16,22,30,45,47,50,66,73,74,80,86,97,99,101"
749,18:09,3,3,삼성,8,"51,58,61,62,79,85,91,100"
749,18:09,4,4,여의도,21,"1,4,5,8,10,15,17,21,23,24,27,55,56,57,60,63,71,72,88,103,107"
749,18:09,5,5,김포공항,4,"6,42,77,84"
749,18:09,6,6,일산,2,"40,53"
749,18:09,7,7,판교,7,"32,36,68,93,96,98,105"
750,18:10,1,1,서울역,13,"3,12,18,31,34,46,49,65,67,69,92,94,102"
750,18:10,10,10,인천공항,1,78
750,18:10,2,2,수서,16,"0,14,16,22,30,45,47,50,66,73,74,80,86,97,99,101"
750,18:10,3,3,삼성,8,"7,51,58,62,79,85,91,100"
750,18:10,4,4,여의도,22,"1,4,5,8,10,15,17,21,23,24,27,28,55,56,57,60,63,71,88,103,107,108"
750,18:10,5,5,김포공항,5,"6,42,77,81,84"
750,18:10,6,6,일산,1,53
750,18:10,7,7,판교,8,"26,32,36,68,93,96,98,105"
751,18:11,1,1,서울역,12,"12,31,34,43,46,49,65,67,69,92,94,102"
751,18:11,10,10,인천공항,1,78
751,18:11,2,2,수서,12,"0,14,16,22,30,45,47,50,74,86,97,101"
751,18:11,3,3,삼성,6,"7,58,62,85,91,100"
751,18:11,4,4,여의도,21,"1,4,5,8,15,17,21,23,24,27,28,55,56,57,59,60,71,88,103,107,108"
751,18:11,5,5,김포공항,5,"6,42,77,81,84"
751,18:11,6,6,일산,1,53
751,18:11,7,7,판교,6,"26,32,36,93,98,105"
752,18:12,1,1,서울역,14,"12,31,34,43,46,49,65,67,69,76,83,92,94,102"
752,18:12,10,10,인천공항,1,78
752,18:12,2,2,수서,13,"0,14,16,22,30,35,37,45,47,50,74,86,101"
752,18:12,3,3,삼성,7,"7,33,58,62,85,91,100"
752,18:12,4,4,여의도,19,"4,5,8,15,17,19,21,23,24,28,55,56,57,59,60,71,88,107,108"
752,18:12,5,5,김포공항,6,"6,29,42,77,81,84"
752,18:12,6,6,일산,1,53
752,18:12,7,7,판교,7,"26,32,36,52,93,98,105"
753,18:13,1,1,서울역,10,"31,34,43,49,65,67,69,76,83,92"
753,18:13,2,2,수서,12,"0,16,22,30,35,37,45,47,50,74,86,101"
753,18:13,3,3,삼성,7,"7,33,58,62,85,91,100"
753,18:13,4,4,여의도,17,"5,8,15,17,19,21,23,24,28,55,56,57,59,60,71,88,107"
753,18:13,5,5,김포공항,6,"6,29,42,77,81,84"
753,18:13,6,6,일산,1,53
753,18:13,7,7,판교,8,"26,32,36,52,82,93,98,105"
754,18:14,1,1,서울역,10,"31,34,49,65,67,69,72,76,83,92"
754,18:14,10,10,인천공항,1,39
754,18:14,2,2,수서,13,"0,16,22,30,35,37,45,47,50,64,74,86,101"
754,18:14,3,3,삼성,7,"2,7,33,58,62,85,100"
754,18:14,4,4,여의도,18,"5,8,11,13,15,17,19,21,23,24,28,55,56,57,60,71,88,107"
754,18:14,5,5,김포공항,7,"6,29,42,77,81,84,106"
754,18:14,6,6,일산,1,53
754,18:14,7,7,판교,8,"26,32,36,52,82,93,98,105"
754,18:14,8,8,동탄/용인,1,109
755,18:15,1,1,서울역,10,"31,34,49,65,67,69,72,76,83,92"
755,18:15,10,10,인천공항,1,39
755,18:15,2,2,수서,15,"0,16,20,22,30,35,37,45,47,50,64,74,86,87,101"
755,18:15,3,3,삼성,7,"2,7,33,58,62,85,100"
755,18:15,4,4,여의도,18,"5,8,11,13,15,17,19,21,23,25,28,55,56,57,60,71,88,107"
755,18:15,5,5,김포공항,7,"6,29,42,77,81,84,106"
755,18:15,6,6,일산,1,53
755,18:15,7,7,판교,8,"26,32,36,52,82,93,98,105"
755,18:15,8,8,동탄/용인,1,109
756,18:16,1,1,서울역,11,"31,34,49,65,67,69,72,76,83,92,103"
756,18:16,10,10,인천공항,1,39
756,18:16,2,2,수서,14,"20,22,30,35,37,45,47,50,64,74,86,87,90,101"
756,18:16,3,3,삼성,6,"2,33,38,58,62,100"
756,18:16,4,4,여의도,17,"5,8,11,13,15,19,21,23,25,28,55,56,57,60,71,88,107"
756,18:16,5,5,김포공항,7,"6,29,42,77,81,84,106"
756,18:16,6,6,일산,2,"48,53"
756,18:16,7,7,판교,7,"26,36,52,82,93,98,105"
756,18:16,8,8,동탄/용인,1,109
757,18:17,1,1,서울역,11,"31,34,40,65,67,69,76,83,92,103,108"
757,18:17,10,10,인천공항,1,39
757,18:17,2,2,수서,13,"20,22,30,35,37,45,47,50,74,86,87,90,101"
757,18:17,3,3,삼성,6,"2,33,38,58,62,100"
757,18:17,4,4,여의도,16,"8,11,12,13,15,19,21,23,25,28,55,56,57,60,88,107"
757,18:17,5,5,김포공항,7,"6,29,42,77,81,84,106"
757,18:17,6,6,일산,2,"48,53"
757,18:17,7,7,판교,9,"26,36,52,54,75,82,93,98,105"
757,18:17,8,8,동탄/용인,1,104
758,18:18,1,1,서울역,12,"34,40,65,67,68,69,76,80,83,92,103,108"
758,18:18,10,10,인천공항,1,39
758,18:18,2,2,수서,12,"20,22,30,35,37,45,47,50,86,87,90,101"
758,18:18,3,3,삼성,7,"2,33,38,58,62,63,100"
758,18:18,4,4,여의도,18,"8,11,12,13,15,19,21,23,25,28,51,55,56,57,60,79,88,107"
758,18:18,5,5,김포공항,8,"6,29,42,61,77,81,84,106"
758,18:18,6,6,일산,3,"3,48,53"
758,18:18,7,7,판교,11,"10,18,26,36,52,54,75,82,93,98,105"
758,18:18,8,8,동탄/용인,2,"70,104"
759,18:19,1,1,서울역,11,"34,40,65,67,68,69,76,80,83,92,108"
759,18:19,10,10,인천공항,1,39
759,18:19,2,2,수서,12,"20,22,30,35,37,45,47,50,86,87,90,101"
759,18:19,3,3,삼성,10,"1,2,27,33,38,44,46,62,63,100"
759,18:19,4,4,여의도,18,"8,11,12,13,15,19,21,23,25,28,51,55,56,57,60,79,88,107"
759,18:19,5,5,김포공항,10,"6,29,42,61,66,73,77,81,84,106"
759,18:19,6,6,일산,4,"3,9,48,53"
759,18:19,7,7,판교,11,"10,18,26,36,52,54,75,82,93,98,105"
759,18:19,8,8,동탄/용인,2,"70,104"
760,18:20,1,1,서울역,11,"14,34,40,67,68,69,76,80,83,92,108"
760,18:20,10,10,인천공항,1,39
760,18:20,2,2,수서,12,"20,22,30,35,37,47,50,86,87,90,101,102"
760,18:20,3,3,삼성,10,"1,2,4,27,38,43,44,46,62,63"
760,18:20,4,4,여의도,15,"11,13,15,19,21,25,28,51,55,56,57,60,79,88,107"
760,18:20,5,5,김포공항,8,"6,29,61,66,73,77,81,84"
760,18:20,6,6,일산,3,"3,9,48"
760,18:20,7,7,판교,9,"10,18,26,36,54,75,82,93,98"
760,18:20,8,8,동탄/용인,1,70
761,18:21,1,1,서울역,10,"14,34,40,67,68,69,80,83,92,108"
761,18:21,10,10,인천공항,1,39
761,18:21,2,2,수서,12,"20,22,30,35,37,47,50,86,87,90,101,102"
761,18:21,3,3,삼성,9,"1,2,4,27,38,43,44,46,62"
761,18:21,4,4,여의도,14,"11,13,15,19,21,28,51,55,56,57,60,79,88,107"
761,18:21,5,5,김포공항,7,"6,29,66,73,77,81,84"
761,18:21,6,6,일산,3,"3,9,48"
761,18:21,7,7,판교,9,"10,18,26,54,59,75,82,93,98"
761,18:21,8,8,동탄/용인,1,70
762,18:22,1,1,서울역,9,"14,34,40,68,69,80,83,92,108"
762,18:22,10,10,인천공항,1,39
762,18:22,2,2,수서,13,"17,20,22,30,35,37,47,50,86,87,90,101,102"
762,18:22,3,3,삼성,9,"1,2,4,27,38,43,44,46,62"
762,18:22,4,4,여의도,15,"0,11,13,15,19,21,28,51,55,56,57,60,79,88,107"
762,18:22,5,5,김포공항,5,"6,29,77,81,84"
762,18:22,6,6,일산,3,"3,9,24"
762,18:22,7,7,판교,8,"10,18,26,54,59,75,93,98"
762,18:22,8,8,동탄/용인,1,70
762,18:22,9,9,평택,1,89
763,18:23,1,1,서울역,7,"14,16,34,68,69,80,108"
763,18:23,10,10,인천공항,1,39
763,18:23,2,2,수서,11,"17,20,22,35,37,50,86,87,90,101,102"
763,18:23,3,3,삼성,8,"1,2,4,27,38,44,46,49"
763,18:23,4,4,여의도,15,"0,11,13,15,19,21,28,51,55,56,57,60,79,88,107"
763,18:23,5,5,김포공항,5,"6,29,77,81,84"
763,18:23,6,6,일산,4,"3,9,24,96"
763,18:23,7,7,판교,8,"10,18,26,41,59,75,93,98"
763,18:23,8,8,동탄/용인,1,70
763,18:23,9,9,평택,1,89
764,18:24,1,1,서울역,7,"14,16,34,68,69,80,108"
764,18:24,10,10,인천공항,1,39
764,18:24,2,2,수서,11,"17,20,22,35,37,50,86,87,90,101,102"
764,18:24,3,3,삼성,8,"1,2,4,5,27,38,46,49"
764,18:24,4,4,여의도,16,"0,11,13,15,19,21,28,51,55,56,57,60,74,79,88,107"
764,18:24,5,5,김포공항,6,"6,29,77,81,84,85"
764,18:24,6,6,일산,4,"3,9,24,96"
764,18:24,7,7,판교,8,"10,18,26,41,59,75,93,98"
764,18:24,8,8,동탄/용인,2,"70,91"
764,18:24,9,9,평택,2,"89,95"
765,18:25,1,1,서울역,5,"14,16,34,68,80"
765,18:25,10,10,인천공항,1,39
765,18:25,2,2,수서,10,"17,20,35,37,50,86,87,90,101,102"
765,18:25,3,3,삼성,7,"1,2,4,5,38,46,49"
765,18:25,4,4,여의도,14,"0,13,15,19,21,28,51,56,57,60,74,79,88,107"
765,18:25,5,5,김포공항,8,"6,29,64,72,77,81,84,85"
765,18:25,6,6,일산,4,"3,9,24,96"
765,18:25,7,7,판교,8,"10,18,26,31,41,59,75,98"
765,18:25,8,8,동탄/용인,3,"70,91,94"
765,18:25,9,9,평택,2,"89,95"
766,18:26,1,1,서울역,7,"14,16,33,34,68,80,100"
766,18:26,10,10,인천공항,1,39
766,18:26,2,2,수서,10,"8,17,20,35,37,43,86,87,101,102"
766,18:26,3,3,삼성,8,"1,2,4,5,38,46,49,65"
766,18:26,4,4,여의도,15,"0,13,15,19,21,28,42,51,56,58,60,74,79,88,107"
766,18:26,5,5,김포공항,7,"29,64,72,77,81,84,85"
766,18:26,6,6,일산,4,"3,7,9,24"
766,18:26,7,7,판교,8,"10,18,26,31,41,59,75,98"
766,18:26,8,8,동탄/용인,3,"70,91,94"
766,18:26,9,9,평택,2,"89,95"
767,18:27,1,1,서울역,11,"14,16,33,34,52,53,63,68,80,100,105"
767,18:27,10,10,인천공항,2,"39,99"
767,18:27,2,2,수서,10,"8,17,35,37,43,44,86,87,101,102"
767,18:27,3,3,삼성,8,"1,2,4,5,12,46,49,65"
767,18:27,4,4,여의도,15,"0,13,15,19,21,28,42,51,56,58,60,61,74,88,107"
767,18:27,5,5,김포공항,7,"29,64,72,77,81,84,103"
767,18:27,6,6,일산,3,"7,9,24"
767,18:27,7,7,판교,8,"10,18,23,31,41,59,75,98"
767,18:27,8,8,동탄/용인,3,"70,91,94"
767,18:27,9,9,평택,2,"89,95"
768,18:28,1,1,서울역,11,"14,16,33,34,52,53,63,68,80,100,105"
768,18:28,10,10,인천공항,3,"39,97,99"
768,18:28,2,2,수서,10,"8,17,35,37,43,44,86,87,101,102"
768,18:28,3,3,삼성,11,"1,2,4,5,12,25,36,46,49,65,67"
768,18:28,4,4,여의도,16,"0,13,15,19,21,28,42,51,56,58,60,61,74,88,107,109"
768,18:28,5,5,김포공항,7,"29,45,72,77,81,84,103"
768,18:28,6,6,일산,4,"7,9,24,32"
768,18:28,7,7,판교,8,"10,18,23,31,41,59,75,76"
768,18:28,8,8,동탄/용인,4,"70,71,91,94"
768,18:28,9,9,평택,1,95
769,18:29,1,1,서울역,11,"14,16,34,52,53,63,68,80,82,100,105"
769,18:29,10,10,인천공항,3,"39,97,99"
769,18:29,2,2,수서,9,"8,17,37,43,44,86,87,101,102"
769,18:29,3,3,삼성,12,"1,2,4,5,12,25,36,40,46,49,65,67"
769,18:29,4,4,여의도,16,"0,13,15,19,21,28,42,51,56,58,60,61,74,88,107,109"
769,18:29,5,5,김포공항,7,"29,45,72,77,81,84,103"
769,18:29,6,6,일산,5,"7,9,24,32,73"
769,18:29,7,7,판교,8,"10,18,23,31,41,59,75,76"
769,18:29,8,8,동탄/용인,4,"70,71,91,94"
769,18:29,9,9,평택,1,95
770,18:30,1,1,서울역,9,"14,16,34,54,66,68,80,82,100"
770,18:30,10,10,인천공항,3,"39,97,99"
770,18:30,2,2,수서,10,"8,17,37,38,43,44,83,87,101,102"
770,18:30,3,3,삼성,12,"1,2,4,5,12,25,36,40,46,49,65,67"
770,18:30,4,4,여의도,14,"0,13,15,19,21,28,42,51,56,58,60,74,107,109"
770,18:30,5,5,김포공항,5,"45,72,77,81,84"
770,18:30,6,6,일산,5,"7,9,24,32,73"
770,18:30,7,7,판교,9,"10,18,31,41,59,75,76,92,106"
770,18:30,8,8,동탄/용인,3,"70,71,94"
770,18:30,9,9,평택,1,95
771,18:31,1,1,서울역,9,"14,16,34,54,66,68,80,82,100"
771,18:31,10,10,인천공항,2,"97,99"
771,18:31,2,2,수서,8,"8,37,38,43,44,83,87,102"
771,18:31,3,3,삼성,12,"1,2,4,5,12,25,40,46,49,65,67,69"
771,18:31,4,4,여의도,13,"0,13,15,21,22,28,42,51,56,58,74,107,109"
771,18:31,5,5,김포공항,7,"30,45,47,72,77,81,84"
771,18:31,6,6,일산,4,"7,24,32,73"
771,18:31,7,7,판교,9,"10,18,31,41,59,75,76,92,106"
771,18:31,8,8,동탄/용인,3,"70,71,94"
771,18:31,9,9,평택,1,95
772,18:32,1,1,서울역,10,"14,16,34,54,66,68,80,82,93,104"
772,18:32,10,10,인천공항,2,"97,99"
772,18:32,2,2,수서,8,"8,37,38,43,44,83,87,102"
772,18:32,3,3,삼성,11,"1,2,4,5,11,12,25,40,55,67,69"
772,18:32,4,4,여의도,12,"0,13,15,21,22,28,56,58,74,90,107,109"
772,18:32,5,5,김포공항,7,"30,45,47,72,77,81,84"
772,18:32,6,6,일산,3,"7,24,32"
772,18:32,7,7,판교,7,"31,41,59,75,76,92,106"
772,18:32,8,8,동탄/용인,3,"70,71,94"
772,18:32,9,9,평택,2,"78,95"
773,18:33,1,1,서울역,11,"14,16,34,54,66,68,80,82,93,96,104"
773,18:33,10,10,인천공항,2,"97,99"
773,18:33,2,2,수서,7,"8,37,38,43,83,87,102"
773,18:33,3,3,삼성,11,"1,4,5,11,12,25,40,55,57,67,69"
773,18:33,4,4,여의도,11,"0,13,15,21,22,28,56,58,74,90,109"
773,18:33,5,5,김포공항,8,"27,30,45,47,72,77,81,84"
773,18:33,6,6,일산,4,"7,24,32,62"
773,18:33,7,7,판교,7,"31,41,59,75,76,92,106"
773,18:33,8,8,동탄/용인,3,"70,71,94"
773,18:33,9,9,평택,2,"78,95"
774,18:34,1,1,서울역,12,"3,14,16,34,54,66,68,80,82,93,96,104"
774,18:34,10,10,인천공항,2,"97,99"
774,18:34,2,2,수서,6,"8,37,38,43,83,87"
774,18:34,3,3,삼성,11,"1,4,5,6,11,12,25,40,55,57,69"
774,18:34,4,4,여의도,12,"0,13,15,21,22,26,28,56,58,74,90,109"
774,18:34,5,5,김포공항,7,"27,30,50,72,77,81,84"
774,18:34,6,6,일산,5,"7,24,32,62,79"
774,18:34,7,7,판교,5,"31,41,76,92,106"
774,18:34,8,8,동탄/용인,2,"70,89"
774,18:34,9,9,평택,2,"78,95"
775,18:35,1,1,서울역,11,"3,14,16,54,66,68,80,93,96,98,104"
775,18:35,10,10,인천공항,2,"97,99"
775,18:35,2,2,수서,7,"8,37,38,43,65,83,87"
775,18:35,3,3,삼성,11,"1,4,5,6,11,12,25,40,55,57,69"
775,18:35,4,4,여의도,12,"0,13,15,21,22,26,28,56,58,74,90,109"
775,18:35,5,5,김포공항,8,"20,27,30,50,72,77,81,84"
775,18:35,6,6,일산,5,"7,24,32,62,79"
775,18:35,7,7,판교,5,"31,41,76,92,106"
775,18:35,8,8,동탄/용인,1,89
775,18:35,9,9,평택,2,"78,95"
776,18:36,1,1,서울역,11,"3,14,16,35,54,64,68,80,93,98,104"
776,18:36,10,10,인천공항,2,"97,99"
776,18:36,2,2,수서,8,"8,33,37,38,43,65,83,87"
776,18:36,3,3,삼성,11,"1,4,5,6,11,25,40,55,57,63,69"
776,18:36,4,4,여의도,12,"0,15,21,22,26,28,29,56,58,90,103,109"
776,18:36,5,5,김포공항,8,"20,27,30,50,72,77,81,84"
776,18:36,6,6,일산,4,"7,24,32,79"
776,18:36,7,7,판교,5,"31,41,76,92,106"
776,18:36,8,8,동탄/용인,1,89
776,18:36,9,9,평택,2,"78,95"
777,18:37,1,1,서울역,10,"3,14,16,35,64,68,80,93,98,104"
777,18:37,10,10,인천공항,3,"85,97,99"
777,18:37,2,2,수서,8,"8,33,37,43,65,67,83,87"
777,18:37,3,3,삼성,10,"1,4,5,11,25,40,55,57,63,69"
777,18:37,4,4,여의도,11,"0,15,26,28,29,56,58,90,101,103,109"
777,18:37,5,5,김포공항,8,"20,27,30,50,72,77,81,84"
777,18:37,6,6,일산,4,"24,32,53,79"
777,18:37,7,7,판교,7,"31,41,52,76,88,92,106"
777,18:37,8,8,동탄/용인,2,"23,108"
777,18:37,9,9,평택,2,"78,95"
778,18:38,1,1,서울역,9,"3,14,16,17,35,64,68,80,104"
778,18:38,10,10,인천공항,3,"85,97,99"
778,18:38,2,2,수서,8,"8,33,37,43,51,67,83,87"
778,18:38,3,3,삼성,12,"1,4,5,11,19,25,40,55,57,60,63,69"
778,18:38,4,4,여의도,11,"0,15,26,28,29,56,58,90,101,103,109"
778,18:38,5,5,김포공항,9,"20,27,30,50,72,77,81,84,86"
778,18:38,6,6,일산,3,"32,53,79"
778,18:38,7,7,판교,7,"31,41,52,76,88,92,106"
778,18:38,8,8,동탄/용인,2,"23,108"
778,18:38,9,9,평택,2,"78,95"
779,18:39,1,1,서울역,10,"3,14,16,17,18,35,64,68,80,104"
779,18:39,10,10,인천공항,2,"85,99"
779,18:39,2,2,수서,8,"8,33,37,43,51,67,87,100"
779,18:39,3,3,삼성,13,"1,4,5,10,11,19,25,40,55,57,60,63,69"
779,18:39,4,4,여의도,11,"0,15,26,28,29,56,58,90,101,103,109"
779,18:39,5,5,김포공항,9,"20,27,30,50,72,77,81,84,86"
779,18:39,6,6,일산,3,"32,53,79"
779,18:39,7,7,판교,6,"41,52,76,88,92,106"
779,18:39,8,8,동탄/용인,2,"23,108"
779,18:39,9,9,평택,2,"78,95"
780,18:40,1,1,서울역,10,"3,16,17,18,35,44,64,68,80,104"
780,18:40,10,10,인천공항,1,99
780,18:40,2,2,수서,8,"6,8,33,37,43,51,87,100"
780,18:40,3,3,삼성,7,"4,5,10,11,19,55,60"
780,18:40,4,4,여의도,12,"0,2,15,26,28,29,58,90,101,102,103,109"
780,18:40,5,5,김포공항,4,"50,72,84,86"
780,18:40,6,6,일산,1,79
780,18:40,7,7,판교,6,"41,52,76,88,92,106"
780,18:40,9,9,평택,2,"78,95"
781,18:41,1,1,서울역,10,"3,16,17,18,35,44,64,68,80,104"
781,18:41,10,10,인천공항,1,99
781,18:41,2,2,수서,8,"6,8,33,37,43,51,87,100"
781,18:41,3,3,삼성,7,"4,5,10,19,34,55,60"
781,18:41,4,4,여의도,11,"0,2,15,26,28,29,58,90,101,102,103"
781,18:41,5,5,김포공항,4,"50,72,84,86"
781,18:41,6,6,일산,3,"36,45,79"
781,18:41,7,7,판교,6,"41,52,76,88,92,106"
781,18:41,8,8,동탄/용인,1,61
781,18:41,9,9,평택,2,"78,95"
782,18:42,1,1,서울역,10,"3,17,18,35,44,64,68,80,91,104"
782,18:42,10,10,인천공항,1,99
782,18:42,2,2,수서,9,"6,8,33,37,43,51,82,87,100"
782,18:42,3,3,삼성,7,"4,5,10,19,34,55,60"
782,18:42,4,4,여의도,10,"0,2,15,26,28,58,90,101,102,103"
782,18:42,5,5,김포공항,4,"50,72,84,86"
782,18:42,6,6,일산,4,"36,45,49,79"
782,18:42,7,7,판교,6,"41,52,76,88,92,106"
782,18:42,8,8,동탄/용인,3,"46,61,105"
782,18:42,9,9,평택,2,"48,78"
783,18:43,1,1,서울역,9,"3,17,18,35,64,68,80,91,104"
783,18:43,10,10,인천공항,1,99
783,18:43,2,2,수서,11,"6,8,25,33,37,40,43,51,82,87,100"
783,18:43,3,3,삼성,8,"4,5,10,13,19,34,60,74"
783,18:43,4,4,여의도,11,"0,2,15,28,38,39,58,90,101,102,103"
783,18:43,5,5,김포공항,4,"50,72,84,86"
783,18:43,6,6,일산,5,"36,45,49,79,96"
783,18:43,7,7,판교,6,"41,52,76,88,92,106"
783,18:43,8,8,동탄/용인,4,"42,46,61,105"
783,18:43,9,9,평택,2,"48,78"
784,18:44,1,1,서울역,10,"3,7,17,18,35,64,68,80,91,104"
784,18:44,10,10,인천공항,1,99
784,18:44,2,2,수서,12,"6,8,25,33,37,40,43,51,71,82,87,100"
784,18:44,3,3,삼성,8,"4,5,10,13,19,21,34,74"
784,18:44,4,4,여의도,11,"0,2,15,28,38,39,58,90,101,102,103"
784,18:44,5,5,김포공항,6,"12,50,59,72,84,86"
784,18:44,6,6,일산,4,"45,49,79,96"
784,18:44,7,7,판교,7,"41,52,54,76,88,92,106"
784,18:44,8,8,동탄/용인,4,"42,46,61,105"
784,18:44,9,9,평택,2,"48,78"
785,18:45,1,1,서울역,10,"3,7,17,18,35,64,68,80,91,104"
785,18:45,10,10,인천공항,1,99
785,18:45,2,2,수서,12,"6,8,25,33,37,40,43,51,71,82,87,100"
785,18:45,3,3,삼성,8,"4,5,10,13,19,21,34,74"
785,18:45,4,4,여의도,11,"0,2,15,28,38,39,58,90,101,102,103"
785,18:45,5,5,김포공항,6,"12,50,59,72,84,86"
785,18:45,6,6,일산,3,"45,79,96"
785,18:45,7,7,판교,8,"41,52,54,76,88,92,93,106"
785,18:45,8,8,동탄/용인,3,"42,46,61"
785,18:45,9,9,평택,2,"48,78"
786,18:46,1,1,서울역,13,"3,7,17,18,35,57,63,64,68,69,91,94,104"
786,18:46,10,10,인천공항,1,99
786,18:46,2,2,수서,12,"6,25,33,37,40,43,51,55,56,71,82,100"
786,18:46,3,3,삼성,9,"5,10,13,14,19,21,34,62,74"
786,18:46,4,4,여의도,16,"0,2,15,20,27,28,30,31,39,58,77,81,90,101,102,103"
786,18:46,5,5,김포공항,8,"12,50,59,65,72,84,86,98"
786,18:46,6,6,일산,4,"45,75,79,96"
786,18:46,7,7,판교,8,"41,52,54,76,88,92,93,106"
786,18:46,8,8,동탄/용인,3,"42,46,61"
786,18:46,9,9,평택,3,"48,78,108"
787,18:47,1,1,서울역,13,"3,7,17,18,32,35,57,63,64,69,91,94,104"
787,18:47,10,10,인천공항,1,99
787,18:47,2,2,수서,12,"6,25,33,37,40,43,51,55,56,71,82,100"
787,18:47,3,3,삼성,8,"5,10,13,14,19,34,62,74"
787,18:47,4,4,여의도,16,"0,1,2,15,20,27,30,31,39,53,58,77,81,101,102,103"
787,18:47,5,5,김포공항,7,"12,50,65,72,83,84,98"
787,18:47,6,6,일산,4,"45,75,79,96"
787,18:47,7,7,판교,7,"41,54,76,88,92,93,106"
787,18:47,8,8,동탄/용인,3,"42,46,61"
787,18:47,9,9,평택,3,"48,78,108"
788,18:48,1,1,서울역,12,"7,17,18,32,35,57,63,64,69,91,94,104"
788,18:48,10,10,인천공항,1,99
788,18:48,2,2,수서,10,"6,25,33,40,43,51,55,56,71,82"
788,18:48,3,3,삼성,10,"5,10,13,14,16,19,34,62,74,109"
788,18:48,4,4,여의도,17,"0,1,2,15,20,27,30,31,39,53,58,77,81,89,101,102,103"
788,18:48,5,5,김포공항,7,"12,65,67,72,83,84,98"
788,18:48,6,6,일산,4,"45,75,79,96"
788,18:48,7,7,판교,6,"54,76,88,92,93,106"
788,18:48,8,8,동탄/용인,5,"42,46,47,61,66"
788,18:48,9,9,평택,4,"48,78,107,108"
789,18:49,1,1,서울역,11,"7,17,18,32,35,57,63,64,91,94,104"
789,18:49,10,10,인천공항,1,99
789,18:49,2,2,수서,7,"6,25,43,51,56,71,82"
789,18:49,3,3,삼성,8,"5,10,14,16,19,34,62,109"
789,18:49,4,4,여의도,13,"0,1,2,27,30,31,53,58,81,89,101,102,103"
789,18:49,5,5,김포공항,6,"11,12,67,72,83,84"
789,18:49,6,6,일산,4,"45,75,79,96"
789,18:49,7,7,판교,6,"29,54,88,92,93,106"
789,18:49,8,8,동탄/용인,5,"42,46,47,61,66"
789,18:49,9,9,평택,4,"48,78,107,108"
790,18:50,1,1,서울역,13,"7,17,18,32,35,38,57,60,63,64,91,94,104"
790,18:50,10,10,인천공항,1,99
790,18:50,2,2,수서,8,"6,21,25,43,51,56,71,82"
790,18:50,3,3,삼성,7,"5,10,14,16,26,62,109"
790,18:50,4,4,여의도,12,"1,2,27,30,31,53,58,81,89,101,102,103"
790,18:50,5,5,김포공항,5,"11,67,72,83,84"
790,18:50,6,6,일산,5,"44,45,75,79,96"
790,18:50,7,7,판교,6,"29,54,88,92,93,106"
790,18:50,8,8,동탄/용인,5,"42,46,47,61,66"
790,18:50,9,9,평택,4,"48,78,107,108"
791,18:51,1,1,서울역,13,"7,17,18,32,35,36,38,57,60,63,64,94,104"
791,18:51,10,10,인천공항,1,99
791,18:51,2,2,수서,8,"6,21,25,43,51,56,71,82"
791,18:51,3,3,삼성,7,"5,10,14,16,26,62,109"
791,18:51,4,4,여의도,12,"1,2,23,27,30,31,53,58,81,101,102,103"
791,18:51,5,5,김포공항,4,"11,72,83,84"
791,18:51,6,6,일산,6,"44,45,75,79,85,96"
791,18:51,7,7,판교,5,"29,54,88,92,106"
791,18:51,8,8,동탄/용인,4,"42,46,47,61"
791,18:51,9,9,평택,4,"9,48,78,108"
792,18:52,1,1,서울역,11,"7,17,18,32,35,36,38,49,60,64,94"
792,18:52,10,10,인천공항,1,99
792,18:52,2,2,수서,7,"21,25,43,51,56,71,82"
792,18:52,3,3,삼성,7,"5,10,14,16,26,62,109"
792,18:52,4,4,여의도,9,"1,23,31,53,58,87,101,102,103"
792,18:52,5,5,김포공항,4,"11,72,83,84"
792,18:52,6,6,일산,7,"44,45,70,75,79,85,96"
792,18:52,7,7,판교,5,"29,54,88,92,106"
792,18:52,8,8,동탄/용인,3,"46,47,61"
792,18:52,9,9,평택,6,"9,22,48,73,78,108"
793,18:53,1,1,서울역,9,"7,17,18,35,36,38,39,49,94"
793,18:53,10,10,인천공항,1,99
793,18:53,2,2,수서,7,"21,25,34,51,56,71,82"
793,18:53,3,3,삼성,7,"5,10,14,16,62,68,109"
793,18:53,4,4,여의도,10,"1,4,23,31,53,58,87,101,102,103"
793,18:53,5,5,김포공항,3,"11,72,84"
793,18:53,6,6,일산,5,"45,70,75,85,96"
793,18:53,7,7,판교,4,"29,88,92,106"
793,18:53,8,8,동탄/용인,2,"47,61"
793,18:53,9,9,평택,6,"9,22,48,73,78,108"
794,18:54,1,1,서울역,7,"17,18,35,38,39,49,94"
794,18:54,10,10,인천공항,1,99
794,18:54,2,2,수서,5,"21,34,51,56,71"
794,18:54,3,3,삼성,9,"3,10,14,16,28,52,62,68,90"
794,18:54,4,4,여의도,12,"1,4,23,31,37,53,58,87,100,101,102,103"
794,18:54,5,5,김포공항,4,"8,11,72,84"
794,18:54,6,6,일산,4,"45,70,75,85"
794,18:54,7,7,판교,4,"29,88,92,106"
794,18:54,8,8,동탄/용인,2,"47,61"
794,18:54,9,9,평택,5,"22,48,73,78,108"
795,18:55,1,1,서울역,8,"17,18,35,38,39,49,74,89"
795,18:55,10,10,인천공항,1,99
795,18:55,2,2,수서,5,"21,34,51,56,71"
795,18:55,3,3,삼성,8,"3,10,28,41,52,62,68,90"
795,18:55,4,4,여의도,13,"1,4,23,31,37,53,58,87,98,100,101,102,103"
795,18:55,5,5,김포공항,3,"8,72,84"
795,18:55,6,6,일산,4,"45,70,75,85"
795,18:55,7,7,판교,4,"29,88,92,106"
795,18:55,8,8,동탄/용인,2,"47,61"
795,18:55,9,9,평택,5,"22,48,73,78,108"
796,18:56,1,1,서울역,10,"17,18,35,38,39,40,49,50,74,89"
796,18:56,10,10,인천공항,1,99
796,18:56,2,2,수서,6,"0,21,34,56,69,71"
796,18:56,3,3,삼성,9,"3,10,15,20,28,41,52,62,90"
796,18:56,4,4,여의도,13,"1,4,13,23,37,53,58,76,87,98,100,102,103"
796,18:56,5,5,김포공항,3,"8,72,84"
796,18:56,6,6,일산,5,"45,65,70,75,85"
796,18:56,7,7,판교,3,"29,92,106"
796,18:56,8,8,동탄/용인,3,"47,61,97"
796,18:56,9,9,평택,5,"22,48,73,78,108"
797,18:57,1,1,서울역,10,"17,18,35,38,39,40,49,50,74,89"
797,18:57,10,10,인천공항,2,"59,99"
797,18:57,2,2,수서,6,"0,21,34,56,69,71"
797,18:57,3,3,삼성,8,"3,10,15,20,41,52,62,91"
797,18:57,4,4,여의도,13,"1,4,13,23,53,58,76,87,95,98,100,102,103"
797,18:57,5,5,김포공항,2,"33,84"
797,18:57,6,6,일산,5,"45,65,70,75,85"
797,18:57,7,7,판교,4,"29,86,92,106"
797,18:57,8,8,동탄/용인,4,"47,61,97,107"
797,18:57,9,9,평택,5,"22,66,73,78,108"
798,18:58,1,1,서울역,9,"17,18,35,38,39,40,49,50,74"
798,18:58,10,10,인천공항,2,"59,99"
798,18:58,2,2,수서,8,"0,12,16,21,34,56,69,71"
798,18:58,3,3,삼성,8,"3,10,15,20,52,62,91,104"
798,18:58,4,4,여의도,12,"1,4,13,23,53,58,76,87,93,95,100,103"
798,18:58,5,5,김포공항,3,"19,33,84"
798,18:58,6,6,일산,4,"45,65,75,85"
798,18:58,7,7,판교,3,"86,92,106"
798,18:58,8,8,동탄/용인,5,"47,61,80,97,107"
798,18:58,9,9,평택,5,"24,66,73,78,108"
799,18:59,1,1,서울역,10,"17,18,26,35,38,39,40,49,50,74"
799,18:59,10,10,인천공항,2,"59,99"
799,18:59,2,2,수서,8,"0,12,16,21,34,56,63,71"
799,18:59,3,3,삼성,7,"2,3,10,52,62,91,104"
799,18:59,4,4,여의도,11,"13,23,53,58,76,83,87,93,95,100,103"
799,18:59,5,5,김포공항,3,"19,33,84"
799,18:59,6,6,일산,5,"45,57,65,75,85"
799,18:59,7,7,판교,5,"27,30,86,92,106"
799,18:59,8,8,동탄/용인,5,"47,61,80,97,107"
799,18:59,9,9,평택,5,"24,66,73,78,108"
800,19:00,1,1,서울역,9,"18,26,35,38,39,40,43,50,74"
800,19:00,10,10,인천공항,2,"59,99"
800,19:00,2,2,수서,9,"0,12,16,21,28,34,56,63,71"
800,19:00,3,3,삼성,7,"2,7,10,54,62,91,104"
800,19:00,4,4,여의도,10,"13,23,25,53,76,83,87,93,95,103"
800,19:00,5,5,김포공항,4,"6,19,44,84"
800,19:00,6,6,일산,7,"45,55,57,60,65,75,85"
800,19:00,7,7,판교,5,"27,30,32,86,106"
800,19:00,8,8,동탄/용인,6,"47,61,77,80,97,107"
800,19:00,9,9,평택,4,"24,73,78,108"
801,19:01,1,1,서울역,7,"18,26,35,39,40,43,50"
801,19:01,10,10,인천공항,2,"59,99"
801,19:01,2,2,수서,7,"0,16,21,28,41,63,71"
801,19:01,3,3,삼성,7,"2,7,10,54,62,91,94"
801,19:01,4,4,여의도,10,"5,13,23,25,53,76,83,93,95,103"
801,19:01,5,5,김포공항,4,"6,19,44,84"
801,19:01,6,6,일산,7,"45,55,57,60,65,75,85"
801,19:01,7,7,판교,5,"27,30,32,86,106"
801,19:01,8,8,동탄/용인,5,"47,77,80,97,107"
801,19:01,9,9,평택,4,"24,73,78,108"
802,19:02,1,1,서울역,5,"18,35,40,43,50"
802,19:02,10,10,인천공항,2,"59,99"
802,19:02,2,2,수서,7,"0,16,28,41,63,71,101"
802,19:02,3,3,삼성,8,"2,7,10,42,54,62,91,94"
802,19:02,4,4,여의도,9,"5,13,23,25,53,76,93,95,103"
802,19:02,5,5,김포공항,6,"6,19,36,44,82,84"
802,19:02,6,6,일산,8,"45,55,57,60,65,75,85,105"
802,19:02,7,7,판교,5,"27,30,32,86,106"
802,19:02,8,8,동탄/용인,5,"47,77,80,97,107"
802,19:02,9,9,평택,4,"24,73,78,108"
803,19:03,1,1,서울역,7,"18,35,40,43,50,51,90"
803,19:03,10,10,인천공항,2,"59,99"
803,19:03,2,2,수서,7,"0,11,16,41,63,71,101"
803,19:03,3,3,삼성,7,"2,7,10,31,42,62,94"
803,19:03,4,4,여의도,8,"5,13,23,25,53,76,93,103"
803,19:03,5,5,김포공항,7,"6,14,19,36,44,82,84"
803,19:03,6,6,일산,7,"45,55,57,65,75,85,105"
803,19:03,7,7,판교,5,"27,30,32,86,106"
803,19:03,8,8,동탄/용인,6,"47,77,80,81,97,107"
803,19:03,9,9,평택,4,"24,73,78,108"
804,19:04,1,1,서울역,7,"18,35,40,43,50,51,90"
804,19:04,10,10,인천공항,2,"59,99"
804,19:04,2,2,수서,8,"0,11,41,63,71,101,102,104"
804,19:04,3,3,삼성,7,"2,7,10,12,31,42,62"
804,19:04,4,4,여의도,8,"5,13,23,25,53,76,93,103"
804,19:04,5,5,김포공항,6,"6,14,36,44,82,84"
804,19:04,6,6,일산,7,"45,55,57,65,75,85,105"
804,19:04,7,7,판교,5,"27,30,32,86,106"
804,19:04,8,8,동탄/용인,5,"47,77,81,97,107"
804,19:04,9,9,평택,3,"73,78,108"
805,19:05,1,1,서울역,8,"20,35,43,46,50,51,70,90"
805,19:05,10,10,인천공항,2,"59,99"
805,19:05,2,2,수서,6,"11,41,71,101,102,104"
805,19:05,3,3,삼성,6,"2,7,12,31,42,62"
805,19:05,4,4,여의도,8,"5,13,23,25,29,53,93,103"
805,19:05,5,5,김포공항,5,"6,14,44,82,84"
805,19:05,6,6,일산,6,"45,55,65,75,85,105"
805,19:05,7,7,판교,3,"32,86,106"
805,19:05,8,8,동탄/용인,7,"47,64,67,77,81,97,107"
805,19:05,9,9,평택,3,"73,78,108"
806,19:06,1,1,서울역,6,"20,46,51,52,70,90"
806,19:06,10,10,인천공항,2,"59,99"
806,19:06,2,2,수서,8,"11,41,71,91,100,101,102,104"
806,19:06,3,3,삼성,8,"1,2,4,12,17,31,42,62"
806,19:06,4,4,여의도,9,"5,13,23,25,29,33,53,93,103"
806,19:06,5,5,김포공항,4,"14,44,82,84"
806,19:06,6,6,일산,6,"45,55,65,75,85,105"
806,19:06,7,7,판교,2,"86,106"
806,19:06,8,8,동탄/용인,7,"47,64,67,77,81,97,107"
806,19:06,9,9,평택,3,"73,78,108"
807,19:07,1,1,서울역,6,"20,46,51,52,70,90"
807,19:07,10,10,인천공항,2,"59,99"
807,19:07,2,2,수서,8,"11,41,71,87,91,100,101,102"
807,19:07,3,3,삼성,8,"1,2,4,12,17,31,42,62"
807,19:07,4,4,여의도,9,"3,13,23,25,29,33,53,93,103"
807,19:07,5,5,김포공항,4,"14,44,82,84"
807,19:07,6,6,일산,6,"45,55,65,75,85,105"
807,19:07,7,7,판교,2,"86,106"
807,19:07,8,8,동탄/용인,7,"47,64,67,77,81,97,107"
807,19:07,9,9,평택,3,"73,78,108"
808,19:08,1,1,서울역,5,"20,51,52,70,90"
808,19:08,10,10,인천공항,2,"59,99"
808,19:08,2,2,수서,9,"11,41,71,74,87,91,100,101,102"
808,19:08,3,3,삼성,8,"1,2,4,12,17,31,42,62"
808,19:08,4,4,여의도,8,"3,13,23,25,33,53,93,103"
808,19:08,5,5,김포공항,4,"14,44,49,84"
808,19:08,6,6,일산,7,"45,55,65,75,85,88,105"
808,19:08,7,7,판교,3,"38,86,106"
808,19:08,8,8,동탄/용인,7,"37,47,67,77,81,97,107"
808,19:08,9,9,평택,2,"78,108"
809,19:09,1,1,서울역,4,"20,51,70,90"
809,19:09,10,10,인천공항,3,"59,99,109"
809,19:09,2,2,수서,8,"11,41,71,74,87,91,101,102"
809,19:09,3,3,삼성,5,"2,12,17,42,62"
809,19:09,4,4,여의도,7,"3,13,23,33,53,93,103"
809,19:09,5,5,김포공항,5,"14,44,49,56,84"
809,19:09,6,6,일산,8,"15,45,55,65,75,85,88,105"
809,19:09,7,7,판교,3,"38,86,106"
809,19:09,8,8,동탄/용인,6,"37,47,67,77,97,107"
809,19:09,9,9,평택,2,"78,108"
810,19:10,1,1,서울역,5,"20,51,60,70,90"
810,19:10,10,10,인천공항,3,"59,99,109"
810,19:10,2,2,수서,6,"11,41,71,74,91,101"
810,19:10,3,3,삼성,5,"2,12,17,42,62"
810,19:10,4,4,여의도,8,"3,13,23,33,43,53,93,103"
810,19:10,5,5,김포공항,6,"14,21,44,49,56,84"
810,19:10,6,6,일산,9,"15,45,55,65,75,85,88,95,105"
810,19:10,7,7,판교,3,"38,86,106"
810,19:10,8,8,동탄/용인,6,"37,47,67,77,97,107"
810,19:10,9,9,평택,2,"78,108"
811,19:11,1,1,서울역,5,"20,51,60,70,90"
811,19:11,10,10,인천공항,4,"59,89,99,109"
811,19:11,2,2,수서,6,"11,41,71,74,91,101"
811,19:11,3,3,삼성,7,"2,12,17,18,40,42,62"
811,19:11,4,4,여의도,10,"0,3,13,23,33,43,53,63,93,103"
811,19:11,5,5,김포공항,7,"14,21,44,49,54,56,84"
811,19:11,6,6,일산,9,"15,45,55,65,75,85,88,95,105"
811,19:11,7,7,판교,3,"38,86,106"
811,19:11,8,8,동탄/용인,8,"37,47,58,67,72,77,97,107"
811,19:11,9,9,평택,3,"68,78,108"
812,19:12,1,1,서울역,5,"20,30,60,70,90"
812,19:12,10,10,인천공항,4,"59,89,99,109"
812,19:12,2,2,수서,8,"1,11,31,41,71,74,91,101"
812,19:12,3,3,삼성,8,"2,12,18,35,40,42,62,76"
812,19:12,4,4,여의도,12,"0,3,10,13,23,33,43,48,53,63,93,103"
812,19:12,5,5,김포공항,9,"14,16,21,44,49,54,56,84,94"
812,19:12,6,6,일산,11,"15,34,45,55,65,75,85,88,92,95,105"
812,19:12,7,7,판교,4,"38,66,86,106"
812,19:12,8,8,동탄/용인,9,"27,37,47,58,67,72,77,97,107"
812,19:12,9,9,평택,3,"68,78,108"
813,19:13,1,1,서울역,6,"20,30,60,61,70,90"
813,19:13,10,10,인천공항,5,"9,59,89,99,109"
813,19:13,2,2,수서,8,"1,11,31,41,71,74,91,101"
813,19:13,3,3,삼성,10,"2,12,18,32,35,40,42,62,76,102"
813,19:13,4,4,여의도,13,"0,3,10,13,22,23,33,43,48,53,63,93,103"
813,19:13,5,5,김포공항,9,"14,16,21,44,49,54,56,84,94"
813,19:13,6,6,일산,11,"15,34,45,55,65,75,85,88,92,95,105"
813,19:13,7,7,판교,4,"38,66,86,106"
813,19:13,8,8,동탄/용인,10,"27,37,47,58,67,72,77,83,97,107"
813,19:13,9,9,평택,5,"68,78,79,98,108"
814,19:14,1,1,서울역,6,"20,30,60,61,70,90"
814,19:14,10,10,인천공항,6,"9,19,59,89,99,109"
814,19:14,2,2,수서,7,"1,11,31,41,71,91,101"
814,19:14,3,3,삼성,8,"2,12,32,35,42,62,76,102"
814,19:14,4,4,여의도,12,"3,10,13,22,23,33,43,48,53,63,93,103"
814,19:14,5,5,김포공항,9,"14,16,21,44,50,54,56,84,94"
814,19:14,6,6,일산,12,"5,15,34,45,55,65,75,85,88,92,95,105"
814,19:14,7,7,판교,3,"66,86,106"
814,19:14,8,8,동탄/용인,11,"26,27,37,39,47,58,67,77,83,97,107"
814,19:14,9,9,평택,7,"8,68,78,79,96,98,108"
815,19:15,1,1,서울역,6,"20,30,60,61,70,90"
815,19:15,10,10,인천공항,7,"9,19,59,69,89,99,109"
815,19:15,2,2,수서,7,"1,11,31,41,71,91,101"
815,19:15,3,3,삼성,8,"2,12,32,42,52,62,76,102"
815,19:15,4,4,여의도,11,"3,13,22,23,33,43,48,53,63,93,103"
815,19:15,5,5,김포공항,8,"14,21,44,50,54,84,94,104"
815,19:15,6,6,일산,12,"5,15,45,46,55,65,75,85,88,92,95,105"
815,19:15,7,7,판교,4,"36,66,86,106"
815,19:15,8,8,동탄/용인,11,"26,27,37,39,47,58,67,77,83,97,107"
815,19:15,9,9,평택,7,"8,68,78,79,96,98,108"
816,19:16,1,1,서울역,7,"20,30,60,70,80,90,100"
816,19:16,10,10,인천공항,7,"9,19,59,69,89,99,109"
816,19:16,2,2,수서,7,"1,11,31,41,71,91,101"
816,19:16,3,3,삼성,9,"2,12,32,42,52,62,76,82,102"
816,19:16,4,4,여의도,10,"3,13,23,33,43,48,53,63,93,103"
816,19:16,5,5,김포공항,7,"14,44,50,54,84,94,104"
816,19:16,6,6,일산,13,"5,15,25,45,46,55,65,75,85,88,92,95,105"
816,19:16,7,7,판교,5,"6,36,66,86,106"
816,19:16,8,8,동탄/용인,11,"7,26,27,37,39,47,58,67,77,97,107"
816,19:16,9,9,평택,6,"8,68,78,96,98,108"
817,19:17,1,1,서울역,7,"20,30,60,70,80,90,100"
817,19:17,10,10,인천공항,7,"9,19,59,69,89,99,109"
817,19:17,2,2,수서,7,"1,11,31,41,71,91,101"
817,19:17,3,3,삼성,9,"2,12,32,42,52,62,76,82,102"
817,19:17,4,4,여의도,10,"3,13,23,33,43,48,53,63,93,103"
817,19:17,5,5,김포공항,7,"4,14,44,54,84,94,104"
817,19:17,6,6,일산,12,"5,15,25,45,46,55,65,75,85,92,95,105"
817,19:17,7,7,판교,5,"6,36,66,86,106"
817,19:17,8,8,동탄/용인,8,"7,27,37,47,67,77,97,107"
817,19:17,9,9,평택,6,"8,28,68,78,98,108"
818,19:18,1,1,서울역,8,"0,20,30,60,70,80,90,100"
818,19:18,10,10,인천공항,7,"9,19,59,69,89,99,109"
818,19:18,2,2,수서,7,"1,11,31,41,71,91,101"
818,19:18,3,3,삼성,8,"2,12,32,42,52,62,82,102"
818,19:18,4,4,여의도,9,"3,13,23,33,43,53,63,93,103"
818,19:18,5,5,김포공항,7,"4,14,44,54,84,94,104"
818,19:18,6,6,일산,10,"5,15,25,45,55,65,75,85,95,105"
818,19:18,7,7,판교,5,"6,36,66,86,106"
818,19:18,8,8,동탄/용인,8,"7,27,37,47,67,77,97,107"
818,19:18,9,9,평택,6,"8,28,68,78,98,108"
819,19:19,1,1,서울역,9,"0,10,20,30,60,70,80,90,100"
819,19:19,10,10,인천공항,7,"9,19,59,69,89,99,109"
819,19:19,2,2,수서,9,"1,11,31,41,51,71,81,91,101"
819,19:19,3,3,삼성,8,"2,12,32,42,52,62,82,102"
819,19:19,4,4,여의도,9,"3,13,23,33,43,53,63,93,103"
819,19:19,5,5,김포공항,7,"4,14,44,54,84,94,104"
819,19:19,6,6,일산,10,"5,15,25,45,55,65,75,85,95,105"
819,19:19,7,7,판교,5,"6,36,66,86,106"
819,19:19,8,8,동탄/용인,8,"7,27,37,47,67,77,97,107"
819,19:19,9,9,평택,6,"8,28,68,78,98,108"
820,19:20,1,1,서울역,10,"0,10,20,30,40,60,70,80,90,100"
820,19:20,10,10,인천공항,8,"9,19,29,59,69,89,99,109"
820,19:20,2,2,수서,9,"1,11,31,41,51,71,81,91,101"
820,19:20,3,3,삼성,8,"2,12,32,42,52,62,82,102"
820,19:20,4,4,여의도,9,"3,13,23,33,43,53,63,93,103"
820,19:20,5,5,김포공항,7,"4,14,44,54,84,94,104"
820,19:20,6,6,일산,10,"5,15,25,45,55,65,75,85,95,105"
820,19:20,7,7,판교,5,"6,36,66,86,106"
820,19:20,8,8,동탄/용인,9,"7,27,37,47,67,77,87,97,107"
820,19:20,9,9,평택,6,"8,28,68,78,98,108"
821,19:21,1,1,서울역,10,"0,10,20,30,40,60,70,80,90,100"
821,19:21,10,10,인천공항,8,"9,19,29,59,69,89,99,109"
821,19:21,2,2,수서,9,"1,11,31,41,51,71,81,91,101"
821,19:21,3,3,삼성,8,"2,12,32,42,52,62,82,102"
821,19:21,4,4,여의도,9,"3,13,23,33,43,53,63,93,103"
821,19:21,5,5,김포공항,8,"4,14,24,44,54,84,94,104"
821,19:21,6,6,일산,10,"5,15,25,45,55,65,75,85,95,105"
821,19:21,7,7,판교,5,"6,36,66,86,106"
821,19:21,8,8,동탄/용인,9,"7,27,37,47,67,77,87,97,107"
821,19:21,9,9,평택,6,"8,28,68,78,98,108"
822,19:22,1,1,서울역,10,"0,10,20,30,40,60,70,80,90,100"
822,19:22,10,10,인천공항,8,"9,19,29,59,69,89,99,109"
822,19:22,2,2,수서,9,"1,11,31,41,51,71,81,91,101"
822,19:22,3,3,삼성,8,"2,12,32,42,52,62,82,102"
822,19:22,4,4,여의도,9,"3,13,23,33,43,53,63,93,103"
822,19:22,5,5,김포공항,11,"4,14,24,34,44,54,64,74,84,94,104"
822,19:22,6,6,일산,10,"5,15,25,45,55,65,75,85,95,105"
822,19:22,7,7,판교,5,"6,36,66,86,106"
822,19:22,8,8,동탄/용인,11,"7,17,27,37,47,57,67,77,87,97,107"
822,19:22,9,9,평택,6,"8,28,68,78,98,108"
823,19:23,1,1,서울역,10,"0,10,20,30,40,60,70,80,90,100"
823,19:23,10,10,인천공항,8,"9,19,29,59,69,89,99,109"
823,19:23,2,2,수서,10,"1,11,31,41,51,61,71,81,91,101"
823,19:23,3,3,삼성,9,"2,12,22,32,42,52,62,82,102"
823,19:23,4,4,여의도,10,"3,13,23,33,43,53,63,73,93,103"
823,19:23,5,5,김포공항,11,"4,14,24,34,44,54,64,74,84,94,104"
823,19:23,6,6,일산,10,"5,15,25,45,55,65,75,85,95,105"
823,19:23,7,7,판교,5,"6,36,66,86,106"
823,19:23,8,8,동탄/용인,11,"7,17,27,37,47,57,67,77,87,97,107"
823,19:23,9,9,평택,7,"8,28,58,68,78,98,108"
824,19:24,1,1,서울역,10,"0,10,20,30,40,60,70,80,90,100"
824,19:24,10,10,인천공항,9,"9,19,29,49,59,69,89,99,109"
824,19:24,2,2,수서,11,"1,11,21,31,41,51,61,71,81,91,101"
824,19:24,3,3,삼성,10,"2,12,22,32,42,52,62,72,82,102"
824,19:24,4,4,여의도,10,"3,13,23,33,43,53,63,73,93,103"
824,19:24,5,5,김포공항,11,"4,14,24,34,44,54,64,74,84,94,104"
824,19:24,6,6,일산,10,"5,15,25,45,55,65,75,85,95,105"
824,19:24,7,7,판교,6,"6,26,36,66,86,106"
824,19:24,8,8,동탄/용인,11,"7,17,27,37,47,57,67,77,87,97,107"
824,19:24,9,9,평택,7,"8,28,58,68,78,98,108"
825,19:25,1,1,서울역,11,"0,10,20,30,40,50,60,70,80,90,100"
825,19:25,10,10,인천공항,9,"9,19,29,49,59,69,89,99,109"
825,19:25,2,2,수서,11,"1,11,21,31,41,51,61,71,81,91,101"
825,19:25,3,3,삼성,10,"2,12,22,32,42,52,62,72,82,102"
825,19:25,4,4,여의도,10,"3,13,23,33,43,53,63,73,93,103"
825,19:25,5,5,김포공항,11,"4,14,24,34,44,54,64,74,84,94,104"
825,19:25,6,6,일산,11,"5,15,25,35,45,55,65,75,85,95,105"
825,19:25,7,7,판교,9,"6,16,26,36,56,66,76,86,106"
825,19:25,8,8,동탄/용인,11,"7,17,27,37,47,57,67,77,87,97,107"
825,19:25,9,9,평택,7,"8,28,58,68,78,98,108"
826,19:26,1,1,서울역,11,"0,10,20,30,40,50,60,70,80,90,100"
826,19:26,10,10,인천공항,9,"9,19,29,49,59,69,89,99,109"
826,19:26,2,2,수서,11,"1,11,21,31,41,51,61,71,81,91,101"
826,19:26,3,3,삼성,10,"2,12,22,32,42,52,62,72,82,102"
826,19:26,4,4,여의도,10,"3,13,23,33,43,53,63,73,93,103"
826,19:26,5,5,김포공항,11,"4,14,24,34,44,54,64,74,84,94,104"
826,19:26,6,6,일산,11,"5,15,25,35,45,55,65,75,85,95,105"
826,19:26,7,7,판교,9,"6,16,26,36,56,66,76,86,106"
826,19:26,8,8,동탄/용인,11,"7,17,27,37,47,57,67,77,87,97,107"
826,19:26,9,9,평택,8,"8,28,38,58,68,78,98,108"
827,19:27,1,1,서울역,11,"0,10,20,30,40,50,60,70,80,90,100"
827,19:27,10,10,인천공항,9,"9,19,29,49,59,69,89,99,109"
827,19:27,2,2,수서,11,"1,11,21,31,41,51,61,71,81,91,101"
827,19:27,3,3,삼성,10,"2,12,22,32,42,52,62,72,82,102"
827,19:27,4,4,여의도,11,"3,13,23,33,43,53,63,73,83,93,103"
827,19:27,5,5,김포공항,11,"4,14,24,34,44,54,64,74,84,94,104"
827,19:27,6,6,일산,11,"5,15,25,35,45,55,65,75,85,95,105"
827,19:27,7,7,판교,9,"6,16,26,36,56,66,76,86,106"
827,19:27,8,8,동탄/용인,11,"7,17,27,37,47,57,67,77,87,97,107"
827,19:27,9,9,평택,8,"8,28,38,58,68,78,98,108"
828,19:28,1,1,서울역,11,"0,10,20,30,40,50,60,70,80,90,100"
828,19:28,10,10,인천공항,9,"9,19,29,49,59,69,89,99,109"
828,19:28,2,2,수서,11,"1,11,21,31,41,51,61,71,81,91,101"
828,19:28,3,3,삼성,11,"2,12,22,32,42,52,62,72,82,92,102"
828,19:28,4,4,여의도,11,"3,13,23,33,43,53,63,73,83,93,103"
828,19:28,5,5,김포공항,11,"4,14,24,34,44,54,64,74,84,94,104"
828,19:28,6,6,일산,11,"5,15,25,35,45,55,65,75,85,95,105"
828,19:28,7,7,판교,9,"6,16,26,36,56,66,76,86,106"
828,19:28,8,8,동탄/용인,11,"7,17,27,37,47,57,67,77,87,97,107"
828,19:28,9,9,평택,8,"8,28,38,58,68,78,98,108"
829,19:29,1,1,서울역,11,"0,10,20,30,40,50,60,70,80,90,100"
829,19:29,10,10,인천공항,9,"9,19,29,49,59,69,89,99,109"
829,19:29,2,2,수서,11,"1,11,21,31,41,51,61,71,81,91,101"
829,19:29,3,3,삼성,11,"2,12,22,32,42,52,62,72,82,92,102"
829,19:29,4,4,여의도,11,"3,13,23,33,43,53,63,73,83,93,103"
829,19:29,5,5,김포공항,11,"4,14,24,34,44,54,64,74,84,94,104"
829,19:29,6,6,일산,11,"5,15,25,35,45,55,65,75,85,95,105"
829,19:29,7,7,판교,10,"6,16,26,36,56,66,76,86,96,106"
829,19:29,8,8,동탄/용인,11,"7,17,27,37,47,57,67,77,87,97,107"
829,19:29,9,9,평택,9,"8,18,28,38,58,68,78,98,108"
830,19:30,1,1,서울역,11,"0,10,20,30,40,50,60,70,80,90,100"
830,19:30,10,10,인천공항,9,"9,19,29,49,59,69,89,99,109"
830,19:30,2,2,수서,11,"1,11,21,31,41,51,61,71,81,91,101"
830,19:30,3,3,삼성,11,"2,12,22,32,42,52,62,72,82,92,102"
830,19:30,4,4,여의도,11,"3,13,23,33,43,53,63,73,83,93,103"
830,19:30,5,5,김포공항,11,"4,14,24,34,44,54,64,74,84,94,104"
830,19:30,6,6,일산,11,"5,15,25,35,45,55,65,75,85,95,105"
830,19:30,7,7,판교,11,"6,16,26,36,46,56,66,76,86,96,106"
830,19:30,8,8,동탄/용인,11,"7,17,27,37,47,57,67,77,87,97,107"
830,19:30,9,9,평택,9,"8,18,28,38,58,68,78,98,108"
831,19:31,1,1,서울역,11,"0,10,20,30,40,50,60,70,80,90,100"
831,19:31,10,10,인천공항,9,"9,19,29,49,59,69,89,99,109"
831,19:31,2,2,수서,11,"1,11,21,31,41,51,61,71,81,91,101"
831,19:31,3,3,삼성,11,"2,12,22,32,42,52,62,72,82,92,102"
831,19:31,4,4,여의도,11,"3,13,23,33,43,53,63,73,83,93,103"
831,19:31,5,5,김포공항,11,"4,14,24,34,44,54,64,74,84,94,104"
831,19:31,6,6,일산,11,"5,15,25,35,45,55,65,75,85,95,105"
831,19:31,7,7,판교,11,"6,16,26,36,46,56,66,76,86,96,106"
831,19:31,8,8,동탄/용인,11,"7,17,27,37,47,57,67,77,87,97,107"
831,19:31,9,9,평택,9,"8,18,28,38,58,68,78,98,108"
832,19:32,1,1,서울역,11,"0,10,20,30,40,50,60,70,80,90,100"
832,19:32,10,10,인천공항,9,"9,19,29,49,59,69,89,99,109"
832,19:32,2,2,수서,11,"1,11,21,31,41,51,61,71,81,91,101"
832,19:32,3,3,삼성,11,"2,12,22,32,42,52,62,72,82,92,102"
832,19:32,4,4,여의도,11,"3,13,23,33,43,53,63,73,83,93,103"
832,19:32,5,5,김포공항,11,"4,14,24,34,44,54,64,74,84,94,104"
832,19:32,6,6,일산,11,"5,15,25,35,45,55,65,75,85,95,105"
832,19:32,7,7,판교,11,"6,16,26,36,46,56,66,76,86,96,106"
832,19:32,8,8,동탄/용인,11,"7,17,27,37,47,57,67,77,87,97,107"
832,19:32,9,9,평택,9,"8,18,28,38,58,68,78,98,108"
833,19:33,1,1,서울역,11,"0,10,20,30,40,50,60,70,80,90,100"
833,19:33,10,10,인천공항,9,"9,19,29,49,59,69,89,99,109"
833,19:33,2,2,수서,11,"1,11,21,31,41,51,61,71,81,91,101"
833,19:33,3,3,삼성,11,"2,12,22,32,42,52,62,72,82,92,102"
833,19:33,4,4,여의도,11,"3,13,23,33,43,53,63,73,83,93,103"
833,19:33,5,5,김포공항,11,"4,14,24,34,44,54,64,74,84,94,104"
833,19:33,6,6,일산,11,"5,15,25,35,45,55,65,75,85,95,105"
833,19:33,7,7,판교,11,"6,16,26,36,46,56,66,76,86,96,106"
833,19:33,8,8,동탄/용인,11,"7,17,27,37,47,57,67,77,87,97,107"
833,19:33,9,9,평택,10,"8,18,28,38,48,58,68,78,98,108"
834,19:34,1,1,서울역,11,"0,10,20,30,40,50,60,70,80,90,100"
834,19:34,10,10,인천공항,10,"9,19,29,39,49,59,69,89,99,109"
834,19:34,2,2,수서,11,"1,11,21,31,41,51,61,71,81,91,101"
834,19:34,3,3,삼성,11,"2,12,22,32,42,52,62,72,82,92,102"
834,19:34,4,4,여의도,11,"3,13,23,33,43,53,63,73,83,93,103"
834,19:34,5,5,김포공항,11,"4,14,24,34,44,54,64,74,84,94,104"
834,19:34,6,6,일산,11,"5,15,25,35,45,55,65,75,85,95,105"
834,19:34,7,7,판교,11,"6,16,26,36,46,56,66,76,86,96,106"
834,19:34,8,8,동탄/용인,11,"7,17,27,37,47,57,67,77,87,97,107"
834,19:34,9,9,평택,10,"8,18,28,38,48,58,68,78,98,108"
835,19:35,1,1,서울역,11,"0,10,20,30,40,50,60,70,80,90,100"
835,19:35,10,10,인천공항,11,"9,19,29,39,49,59,69,79,89,99,109"
835,19:35,2,2,수서,11,"1,11,21,31,41,51,61,71,81,91,101"
835,19:35,3,3,삼성,11,"2,12,22,32,42,52,62,72,82,92,102"
835,19:35,4,4,여의도,11,"3,13,23,33,43,53,63,73,83,93,103"
835,19:35,5,5,김포공항,11,"4,14,24,34,44,54,64,74,84,94,104"
835,19:35,6,6,일산,11,"5,15,25,35,45,55,65,75,85,95,105"
835,19:35,7,7,판교,11,"6,16,26,36,46,56,66,76,86,96,106"
835,19:35,8,8,동탄/용인,11,"7,17,27,37,47,57,67,77,87,97,107"
835,19:35,9,9,평택,10,"8,18,28,38,48,58,68,78,98,108"
836,19:36,1,1,서울역,11,"0,10,20,30,40,50,60,70,80,90,100"
836,19:36,10,10,인천공항,11,"9,19,29,39,49,59,69,79,89,99,109"
836,19:36,2,2,수서,11,"1,11,21,31,41,51,61,71,81,91,101"
836,19:36,3,3,삼성,11,"2,12,22,32,42,52,62,72,82,92,102"
836,19:36,4,4,여의도,11,"3,13,23,33,43,53,63,73,83,93,103"
836,19:36,5,5,김포공항,11,"4,14,24,34,44,54,64,74,84,94,104"
836,19:36,6,6,일산,11,"5,15,25,35,45,55,65,75,85,95,105"
836,19:36,7,7,판교,11,"6,16,26,36,46,56,66,76,86,96,106"
836,19:36,8,8,동탄/용인,11,"7,17,27,37,47,57,67,77,87,97,107"
836,19:36,9,9,평택,10,"8,18,28,38,48,58,68,78,98,108"
837,19:37,1,1,서울역,11,"0,10,20,30,40,50,60,70,80,90,100"
837,19:37,10,10,인천공항,11,"9,19,29,39,49,59,69,79,89,99,109"
837,19:37,2,2,수서,11,"1,11,21,31,41,51,61,71,81,91,101"
837,19:37,3,3,삼성,11,"2,12,22,32,42,52,62,72,82,92,102"
837,19:37,4,4,여의도,11,"3,13,23,33,43,53,63,73,83,93,103"
837,19:37,5,5,김포공항,11,"4,14,24,34,44,54,64,74,84,94,104"
837,19:37,6,6,일산,11,"5,15,25,35,45,55,65,75,85,95,105"
837,19:37,7,7,판교,11,"6,16,26,36,46,56,66,76,86,96,106"
837,19:37,8,8,동탄/용인,11,"7,17,27,37,47,57,67,77,87,97,107"
837,19:37,9,9,평택,11,"8,18,28,38,48,58,68,78,88,98,108"
