time_min,time_hhmm,route_node_id,physical_node_id,physical_address,vehicle_count,vehicle_ids
0,05:40,1,1,서울역,7,"0,10,20,30,40,50,60"
0,05:40,10,10,인천공항,7,"9,19,29,39,49,59,69"
0,05:40,2,2,수서,7,"1,11,21,31,41,51,61"
0,05:40,3,3,삼성,7,"2,12,22,32,42,52,62"
0,05:40,4,4,여의도,7,"3,13,23,33,43,53,63"
0,05:40,5,5,김포공항,7,"4,14,24,34,44,54,64"
0,05:40,6,6,일산,7,"5,15,25,35,45,55,65"
0,05:40,7,7,판교,7,"6,16,26,36,46,56,66"
0,05:40,8,8,동탄/용인,7,"7,17,27,37,47,57,67"
0,05:40,9,9,평택,7,"8,18,28,38,48,58,68"
1,05:41,1,1,서울역,7,"0,10,20,30,40,50,60"
1,05:41,10,10,인천공항,7,"9,19,29,39,49,59,69"
1,05:41,2,2,수서,7,"1,11,21,31,41,51,61"
1,05:41,3,3,삼성,7,"2,12,22,32,42,52,62"
1,05:41,4,4,여의도,7,"3,13,23,33,43,53,63"
1,05:41,5,5,김포공항,7,"4,14,24,34,44,54,64"
1,05:41,6,6,일산,7,"5,15,25,35,45,55,65"
1,05:41,7,7,판교,7,"6,16,26,36,46,56,66"
1,05:41,8,8,동탄/용인,7,"7,17,27,37,47,57,67"
1,05:41,9,9,평택,7,"8,18,28,38,48,58,68"
2,05:42,1,1,서울역,7,"0,10,20,30,40,50,60"
2,05:42,10,10,인천공항,7,"9,19,29,39,49,59,69"
2,05:42,2,2,수서,7,"1,11,21,31,41,51,61"
2,05:42,3,3,삼성,7,"2,12,22,32,42,52,62"
2,05:42,4,4,여의도,7,"3,13,23,33,43,53,63"
2,05:42,5,5,김포공항,7,"4,14,24,34,44,54,64"
2,05:42,6,6,일산,7,"5,15,25,35,45,55,65"
2,05:42,7,7,판교,7,"6,16,26,36,46,56,66"
2,05:42,8,8,동탄/용인,7,"7,17,27,37,47,57,67"
2,05:42,9,9,평택,7,"8,18,28,38,48,58,68"
3,05:43,1,1,서울역,7,"0,10,20,30,40,50,60"
3,05:43,10,10,인천공항,7,"9,19,29,39,49,59,69"
3,05:43,2,2,수서,7,"1,11,21,31,41,51,61"
3,05:43,3,3,삼성,7,"2,12,22,32,42,52,62"
3,05:43,4,4,여의도,7,"3,13,23,33,43,53,63"
3,05:43,5,5,김포공항,7,"4,14,24,34,44,54,64"
3,05:43,6,6,일산,7,"5,15,25,35,45,55,65"
3,05:43,7,7,판교,7,"6,16,26,36,46,56,66"
3,05:43,8,8,동탄/용인,7,"7,17,27,37,47,57,67"
3,05:43,9,9,평택,7,"8,18,28,38,48,58,68"
4,05:44,1,1,서울역,7,"0,10,20,30,40,50,60"
4,05:44,10,10,인천공항,7,"9,19,29,39,49,59,69"
4,05:44,2,2,수서,7,"1,11,21,31,41,51,61"
4,05:44,3,3,삼성,7,"2,12,22,32,42,52,62"
4,05:44,4,4,여의도,7,"3,13,23,33,43,53,63"
4,05:44,5,5,김포공항,7,"4,14,24,34,44,54,64"
4,05:44,6,6,일산,7,"5,15,25,35,45,55,65"
4,05:44,7,7,판교,7,"6,16,26,36,46,56,66"
4,05:44,8,8,동탄/용인,7,"7,17,27,37,47,57,67"
4,05:44,9,9,평택,7,"8,18,28,38,48,58,68"
5,05:45,1,1,서울역,7,"0,10,20,30,40,50,60"
5,05:45,10,10,인천공항,7,"9,19,29,39,49,59,69"
5,05:45,2,2,수서,7,"1,11,21,31,41,51,61"
5,05:45,3,3,삼성,7,"2,12,22,32,42,52,62"
5,05:45,4,4,여의도,7,"3,13,23,33,43,53,63"
5,05:45,5,5,김포공항,7,"4,14,24,34,44,54,64"
5,05:45,6,6,일산,7,"5,15,25,35,45,55,65"
5,05:45,7,7,판교,7,"6,16,26,36,46,56,66"
5,05:45,8,8,동탄/용인,7,"7,17,27,37,47,57,67"
5,05:45,9,9,평택,7,"8,18,28,38,48,58,68"
6,05:46,1,1,서울역,7,"0,10,20,30,40,50,60"
6,05:46,10,10,인천공항,7,"9,19,29,39,49,59,69"
6,05:46,2,2,수서,7,"1,11,21,31,41,51,61"
6,05:46,3,3,삼성,7,"2,12,22,32,42,52,62"
6,05:46,4,4,여의도,7,"3,13,23,33,43,53,63"
6,05:46,5,5,김포공항,7,"4,14,24,34,44,54,64"
6,05:46,6,6,일산,7,"5,15,25,35,45,55,65"
6,05:46,7,7,판교,7,"6,16,26,36,46,56,66"
6,05:46,8,8,동탄/용인,7,"7,17,27,37,47,57,67"
6,05:46,9,9,평택,7,"8,18,28,38,48,58,68"
7,05:47,1,1,서울역,7,"0,10,20,30,40,50,60"
7,05:47,10,10,인천공항,7,"9,19,29,39,49,59,69"
7,05:47,2,2,수서,7,"1,11,21,31,41,51,61"
7,05:47,3,3,삼성,7,"2,12,22,32,42,52,62"
7,05:47,4,4,여의도,7,"3,13,23,33,43,53,63"
7,05:47,5,5,김포공항,7,"4,14,24,34,44,54,64"
7,05:47,6,6,일산,7,"5,15,25,35,45,55,65"
7,05:47,7,7,판교,7,"6,16,26,36,46,56,66"
7,05:47,8,8,동탄/용인,7,"7,17,27,37,47,57,67"
7,05:47,9,9,평택,7,"8,18,28,38,48,58,68"
8,05:48,1,1,서울역,7,"0,10,20,30,40,50,60"
8,05:48,10,10,인천공항,7,"9,19,29,39,49,59,69"
8,05:48,2,2,수서,7,"1,11,21,31,41,51,61"
8,05:48,3,3,삼성,7,"2,12,22,32,42,52,62"
8,05:48,4,4,여의도,7,"3,13,23,33,43,53,63"
8,05:48,5,5,김포공항,7,"4,14,24,34,44,54,64"
8,05:48,6,6,일산,7,"5,15,25,35,45,55,65"
8,05:48,7,7,판교,7,"6,16,26,36,46,56,66"
8,05:48,8,8,동탄/용인,7,"7,17,27,37,47,57,67"
8,05:48,9,9,평택,7,"8,18,28,38,48,58,68"
9,05:49,1,1,서울역,7,"0,10,20,30,40,50,60"
9,05:49,10,10,인천공항,7,"9,19,29,39,49,59,69"
9,05:49,2,2,수서,7,"1,11,21,31,41,51,61"
9,05:49,3,3,삼성,7,"2,12,22,32,42,52,62"
9,05:49,4,4,여의도,7,"3,13,23,33,43,53,63"
9,05:49,5,5,김포공항,7,"4,14,24,34,44,54,64"
9,05:49,6,6,일산,7,"5,15,25,35,45,55,65"
9,05:49,7,7,판교,7,"6,16,26,36,46,56,66"
9,05:49,8,8,동탄/용인,7,"7,17,27,37,47,57,67"
9,05:49,9,9,평택,7,"8,18,28,38,48,58,68"
10,05:50,1,1,서울역,7,"0,10,20,30,40,50,60"
10,05:50,10,10,인천공항,7,"9,19,29,39,49,59,69"
10,05:50,2,2,수서,7,"1,11,21,31,41,51,61"
10,05:50,3,3,삼성,7,"2,12,22,32,42,52,62"
10,05:50,4,4,여의도,7,"3,13,23,33,43,53,63"
10,05:50,5,5,김포공항,7,"4,14,24,34,44,54,64"
10,05:50,6,6,일산,7,"5,15,25,35,45,55,65"
10,05:50,7,7,판교,7,"6,16,26,36,46,56,66"
10,05:50,8,8,동탄/용인,7,"7,17,27,37,47,57,67"
10,05:50,9,9,평택,7,"8,18,28,38,48,58,68"
11,05:51,1,1,서울역,7,"0,10,20,30,40,50,60"
11,05:51,10,10,인천공항,7,"9,19,29,39,49,59,69"
11,05:51,2,2,수서,7,"1,11,21,31,41,51,61"
11,05:51,3,3,삼성,7,"2,12,22,32,42,52,62"
11,05:51,4,4,여의도,7,"3,13,23,33,43,53,63"
11,05:51,5,5,김포공항,7,"4,14,24,34,44,54,64"
11,05:51,6,6,일산,7,"5,15,25,35,45,55,65"
11,05:51,7,7,판교,7,"6,16,26,36,46,56,66"
11,05:51,8,8,동탄/용인,7,"7,17,27,37,47,57,67"
11,05:51,9,9,평택,7,"8,18,28,38,48,58,68"
12,05:52,1,1,서울역,7,"0,10,20,30,40,50,60"
12,05:52,10,10,인천공항,7,"9,19,29,39,49,59,69"
12,05:52,2,2,수서,7,"1,11,21,31,41,51,61"
12,05:52,3,3,삼성,7,"2,12,22,32,42,52,62"
12,05:52,4,4,여의도,7,"3,13,23,33,43,53,63"
12,05:52,5,5,김포공항,7,"4,14,24,34,44,54,64"
12,05:52,6,6,일산,7,"5,15,25,35,45,55,65"
12,05:52,7,7,판교,7,"6,16,26,36,46,56,66"
12,05:52,8,8,동탄/용인,7,"7,17,27,37,47,57,67"
12,05:52,9,9,평택,7,"8,18,28,38,48,58,68"
13,05:53,1,1,서울역,7,"0,10,20,30,40,50,60"
13,05:53,10,10,인천공항,7,"9,19,29,39,49,59,69"
13,05:53,2,2,수서,7,"1,11,21,31,41,51,61"
13,05:53,3,3,삼성,7,"2,12,22,32,42,52,62"
13,05:53,4,4,여의도,7,"3,13,23,33,43,53,63"
13,05:53,5,5,김포공항,7,"4,14,24,34,44,54,64"
13,05:53,6,6,일산,7,"5,15,25,35,45,55,65"
13,05:53,7,7,판교,7,"6,16,26,36,46,56,66"
13,05:53,8,8,동탄/용인,7,"7,17,27,37,47,57,67"
13,05:53,9,9,평택,7,"8,18,28,38,48,58,68"
14,05:54,1,1,서울역,7,"0,10,20,30,40,50,60"
14,05:54,10,10,인천공항,7,"9,19,29,39,49,59,69"
14,05:54,2,2,수서,7,"1,11,21,31,41,51,61"
14,05:54,3,3,삼성,7,"2,12,22,32,42,52,62"
14,05:54,4,4,여의도,7,"3,13,23,33,43,53,63"
14,05:54,5,5,김포공항,7,"4,14,24,34,44,54,64"
14,05:54,6,6,일산,7,"5,15,25,35,45,55,65"
14,05:54,7,7,판교,7,"6,16,26,36,46,56,66"
14,05:54,8,8,동탄/용인,7,"7,17,27,37,47,57,67"
14,05:54,9,9,평택,7,"8,18,28,38,48,58,68"
15,05:55,1,1,서울역,7,"0,10,20,30,40,50,60"
15,05:55,10,10,인천공항,7,"9,19,29,39,49,59,69"
15,05:55,2,2,수서,7,"1,11,21,31,41,51,61"
15,05:55,3,3,삼성,7,"2,12,22,32,42,52,62"
15,05:55,4,4,여의도,7,"3,13,23,33,43,53,63"
15,05:55,5,5,김포공항,7,"4,14,24,34,44,54,64"
15,05:55,6,6,일산,7,"5,15,25,35,45,55,65"
15,05:55,7,7,판교,7,"6,16,26,36,46,56,66"
15,05:55,8,8,동탄/용인,7,"7,17,27,37,47,57,67"
15,05:55,9,9,평택,7,"8,18,28,38,48,58,68"
16,05:56,1,1,서울역,7,"0,10,20,30,40,50,60"
16,05:56,10,10,인천공항,7,"9,19,29,39,49,59,69"
16,05:56,2,2,수서,7,"1,11,21,31,41,51,61"
16,05:56,3,3,삼성,7,"2,12,22,32,42,52,62"
16,05:56,4,4,여의도,7,"3,13,23,33,43,53,63"
16,05:56,5,5,김포공항,7,"4,14,24,34,44,54,64"
16,05:56,6,6,일산,7,"5,15,25,35,45,55,65"
16,05:56,7,7,판교,7,"6,16,26,36,46,56,66"
16,05:56,8,8,동탄/용인,7,"7,17,27,37,47,57,67"
16,05:56,9,9,평택,7,"8,18,28,38,48,58,68"
17,05:57,1,1,서울역,7,"0,10,20,30,40,50,60"
17,05:57,10,10,인천공항,7,"9,19,29,39,49,59,69"
17,05:57,2,2,수서,7,"1,11,21,31,41,51,61"
17,05:57,3,3,삼성,7,"2,12,22,32,42,52,62"
17,05:57,4,4,여의도,7,"3,13,23,33,43,53,63"
17,05:57,5,5,김포공항,7,"4,14,24,34,44,54,64"
17,05:57,6,6,일산,7,"5,15,25,35,45,55,65"
17,05:57,7,7,판교,7,"6,16,26,36,46,56,66"
17,05:57,8,8,동탄/용인,7,"7,17,27,37,47,57,67"
17,05:57,9,9,평택,7,"8,18,28,38,48,58,68"
18,05:58,1,1,서울역,7,"0,10,20,30,40,50,60"
18,05:58,10,10,인천공항,7,"9,19,29,39,49,59,69"
18,05:58,2,2,수서,7,"1,11,21,31,41,51,61"
18,05:58,3,3,삼성,7,"2,12,22,32,42,52,62"
18,05:58,4,4,여의도,7,"3,13,23,33,43,53,63"
18,05:58,5,5,김포공항,7,"4,14,24,34,44,54,64"
18,05:58,6,6,일산,7,"5,15,25,35,45,55,65"
18,05:58,7,7,판교,7,"6,16,26,36,46,56,66"
18,05:58,8,8,동탄/용인,7,"7,17,27,37,47,57,67"
18,05:58,9,9,평택,7,"8,18,28,38,48,58,68"
19,05:59,1,1,서울역,7,"0,10,20,30,40,50,60"
19,05:59,10,10,인천공항,7,"9,19,29,39,49,59,69"
19,05:59,2,2,수서,7,"1,11,21,31,41,51,61"
19,05:59,3,3,삼성,7,"2,12,22,32,42,52,62"
19,05:59,4,4,여의도,7,"3,13,23,33,43,53,63"
19,05:59,5,5,김포공항,7,"4,14,24,34,44,54,64"
19,05:59,6,6,일산,7,"5,15,25,35,45,55,65"
19,05:59,7,7,판교,7,"6,16,26,36,46,56,66"
19,05:59,8,8,동탄/용인,7,"7,17,27,37,47,57,67"
19,05:59,9,9,평택,7,"8,18,28,38,48,58,68"
20,06:00,1,1,서울역,7,"0,10,20,30,40,50,60"
20,06:00,10,10,인천공항,7,"9,19,29,39,49,59,69"
20,06:00,2,2,수서,7,"1,11,21,31,41,51,61"
20,06:00,3,3,삼성,7,"2,12,22,32,42,52,62"
20,06:00,4,4,여의도,7,"3,13,23,33,43,53,63"
20,06:00,5,5,김포공항,7,"4,14,24,34,44,54,64"
20,06:00,6,6,일산,7,"5,15,25,35,45,55,65"
20,06:00,7,7,판교,7,"6,16,26,36,46,56,66"
20,06:00,8,8,동탄/용인,7,"7,17,27,37,47,57,67"
20,06:00,9,9,평택,7,"8,18,28,38,48,58,68"
21,06:01,1,1,서울역,7,"0,10,20,30,40,50,60"
21,06:01,10,10,인천공항,7,"9,19,29,39,49,59,69"
21,06:01,2,2,수서,7,"1,11,21,31,41,51,61"
21,06:01,3,3,삼성,7,"2,12,22,32,42,52,62"
21,06:01,4,4,여의도,7,"3,13,23,33,43,53,63"
21,06:01,5,5,김포공항,7,"4,14,24,34,44,54,64"
21,06:01,6,6,일산,7,"5,15,25,35,45,55,65"
21,06:01,7,7,판교,7,"6,16,26,36,46,56,66"
21,06:01,8,8,동탄/용인,7,"7,17,27,37,47,57,67"
21,06:01,9,9,평택,7,"8,18,28,38,48,58,68"
22,06:02,1,1,서울역,7,"0,10,20,30,40,50,60"
22,06:02,10,10,인천공항,7,"9,19,29,39,49,59,69"
22,06:02,2,2,수서,7,"1,11,21,31,41,51,61"
22,06:02,3,3,삼성,7,"2,12,22,32,42,52,62"
22,06:02,4,4,여의도,7,"3,13,23,33,43,53,63"
22,06:02,5,5,김포공항,7,"4,14,24,34,44,54,64"
22,06:02,6,6,일산,7,"5,15,25,35,45,55,65"
22,06:02,7,7,판교,7,"6,16,26,36,46,56,66"
22,06:02,8,8,동탄/용인,7,"7,17,27,37,47,57,67"
22,06:02,9,9,평택,7,"8,18,28,38,48,58,68"
23,06:03,1,1,서울역,7,"0,10,20,30,40,50,60"
23,06:03,10,10,인천공항,7,"9,19,29,39,49,59,69"
23,06:03,2,2,수서,7,"1,11,21,31,41,51,61"
23,06:03,3,3,삼성,7,"2,12,22,32,42,52,62"
23,06:03,4,4,여의도,7,"3,13,23,33,43,53,63"
23,06:03,5,5,김포공항,7,"4,14,24,34,44,54,64"
23,06:03,6,6,일산,7,"5,15,25,35,45,55,65"
23,06:03,7,7,판교,7,"6,16,26,36,46,56,66"
23,06:03,8,8,동탄/용인,7,"7,17,27,37,47,57,67"
23,06:03,9,9,평택,7,"8,18,28,38,48,58,68"
24,06:04,1,1,서울역,7,"0,10,20,30,40,50,60"
24,06:04,10,10,인천공항,7,"9,19,29,39,49,59,69"
24,06:04,2,2,수서,7,"1,11,21,31,41,51,61"
24,06:04,3,3,삼성,7,"2,12,22,32,42,52,62"
24,06:04,4,4,여의도,7,"3,13,23,33,43,53,63"
24,06:04,5,5,김포공항,7,"4,14,24,34,44,54,64"
24,06:04,6,6,일산,7,"5,15,25,35,45,55,65"
24,06:04,7,7,판교,7,"6,16,26,36,46,56,66"
24,06:04,8,8,동탄/용인,7,"7,17,27,37,47,57,67"
24,06:04,9,9,평택,7,"8,18,28,38,48,58,68"
25,06:05,1,1,서울역,7,"0,10,20,30,40,50,60"
25,06:05,10,10,인천공항,7,"9,19,29,39,49,59,69"
25,06:05,2,2,수서,7,"1,11,21,31,41,51,61"
25,06:05,3,3,삼성,7,"2,12,22,32,42,52,62"
25,06:05,4,4,여의도,7,"3,13,23,33,43,53,63"
25,06:05,5,5,김포공항,7,"4,14,24,34,44,54,64"
25,06:05,6,6,일산,6,"5,15,35,45,55,65"
25,06:05,7,7,판교,7,"6,16,26,36,46,56,66"
25,06:05,8,8,동탄/용인,7,"7,17,27,37,47,57,67"
25,06:05,9,9,평택,7,"8,18,28,38,48,58,68"
26,06:06,1,1,서울역,7,"0,10,20,30,40,50,60"
26,06:06,10,10,인천공항,7,"9,19,29,39,49,59,69"
26,06:06,2,2,수서,7,"1,11,21,31,41,51,61"
26,06:06,3,3,삼성,7,"2,12,22,32,42,52,62"
26,06:06,4,4,여의도,7,"3,13,23,33,43,53,63"
26,06:06,5,5,김포공항,7,"4,14,24,34,44,54,64"
26,06:06,6,6,일산,6,"5,15,35,45,55,65"
26,06:06,7,7,판교,7,"6,16,26,36,46,56,66"
26,06:06,8,8,동탄/용인,7,"7,17,27,37,47,57,67"
26,06:06,9,9,평택,7,"8,18,28,38,48,58,68"
27,06:07,1,1,서울역,7,"0,10,20,30,40,50,60"
27,06:07,10,10,인천공항,7,"9,19,29,39,49,59,69"
27,06:07,2,2,수서,7,"1,11,21,31,41,51,61"
27,06:07,3,3,삼성,7,"2,12,22,32,42,52,62"
27,06:07,4,4,여의도,7,"3,13,23,33,43,53,63"
27,06:07,5,5,김포공항,7,"4,14,24,34,44,54,64"
27,06:07,6,6,일산,5,"5,15,45,55,65"
27,06:07,7,7,판교,7,"6,16,26,36,46,56,66"
27,06:07,8,8,동탄/용인,7,"7,17,27,37,47,57,67"
27,06:07,9,9,평택,7,"8,18,28,38,48,58,68"
28,06:08,1,1,서울역,7,"0,10,20,30,40,50,60"
28,06:08,10,10,인천공항,7,"9,19,29,39,49,59,69"
28,06:08,2,2,수서,7,"1,11,21,31,41,51,61"
28,06:08,3,3,삼성,7,"2,12,22,32,42,52,62"
28,06:08,4,4,여의도,7,"3,13,23,33,43,53,63"
28,06:08,5,5,김포공항,7,"4,14,24,34,44,54,64"
28,06:08,6,6,일산,5,"5,15,45,55,65"
28,06:08,7,7,판교,7,"6,16,26,36,46,56,66"
28,06:08,8,8,동탄/용인,7,"7,17,27,37,47,57,67"
28,06:08,9,9,평택,7,"8,18,28,38,48,58,68"
29,06:09,1,1,서울역,7,"0,10,20,30,40,50,60"
29,06:09,10,10,인천공항,7,"9,19,29,39,49,59,69"
29,06:09,2,2,수서,7,"1,11,21,31,41,51,61"
29,06:09,3,3,삼성,7,"2,12,22,32,42,52,62"
29,06:09,4,4,여의도,6,"3,13,33,43,53,63"
29,06:09,5,5,김포공항,7,"4,14,24,34,44,54,64"
29,06:09,6,6,일산,5,"5,15,45,55,65"
29,06:09,7,7,판교,7,"6,16,26,36,46,56,66"
29,06:09,8,8,동탄/용인,7,"7,17,27,37,47,57,67"
29,06:09,9,9,평택,7,"8,18,28,38,48,58,68"
30,06:10,1,1,서울역,7,"0,10,20,30,40,50,60"
30,06:10,10,10,인천공항,7,"9,19,29,39,49,59,69"
30,06:10,2,2,수서,7,"1,11,21,31,41,51,61"
30,06:10,3,3,삼성,7,"2,12,22,32,42,52,62"
30,06:10,4,4,여의도,6,"3,13,33,43,53,63"
30,06:10,5,5,김포공항,7,"4,14,24,34,44,54,64"
30,06:10,6,6,일산,5,"5,15,45,55,65"
30,06:10,7,7,판교,7,"6,16,26,36,46,56,66"
30,06:10,8,8,동탄/용인,7,"7,17,27,37,47,57,67"
30,06:10,9,9,평택,7,"8,18,28,38,48,58,68"
31,06:11,1,1,서울역,7,"0,10,20,30,40,50,60"
31,06:11,10,10,인천공항,7,"9,19,29,39,49,59,69"
31,06:11,2,2,수서,7,"1,11,21,31,41,51,61"
31,06:11,3,3,삼성,7,"2,12,22,32,42,52,62"
31,06:11,4,4,여의도,6,"3,13,33,43,53,63"
31,06:11,5,5,김포공항,7,"4,14,24,34,44,54,64"
31,06:11,6,6,일산,5,"5,15,45,55,65"
31,06:11,7,7,판교,7,"6,16,26,36,46,56,66"
31,06:11,8,8,동탄/용인,7,"7,17,27,37,47,57,67"
31,06:11,9,9,평택,7,"8,18,28,38,48,58,68"
32,06:12,1,1,서울역,7,"0,10,20,30,40,50,60"
32,06:12,10,10,인천공항,6,"9,19,29,39,49,69"
32,06:12,2,2,수서,7,"1,11,21,31,41,51,61"
32,06:12,3,3,삼성,7,"2,12,22,32,42,52,62"
32,06:12,4,4,여의도,6,"3,13,33,43,53,63"
32,06:12,5,5,김포공항,7,"4,14,24,34,44,54,64"
32,06:12,6,6,일산,5,"5,15,45,55,65"
32,06:12,7,7,판교,7,"6,16,26,36,46,56,66"
32,06:12,8,8,동탄/용인,7,"7,17,27,37,47,57,67"
32,06:12,9,9,평택,7,"8,18,28,38,48,58,68"
33,06:13,1,1,서울역,7,"0,10,20,30,40,50,60"
33,06:13,10,10,인천공항,5,"9,19,39,49,69"
33,06:13,2,2,수서,7,"1,11,21,31,41,51,61"
33,06:13,3,3,삼성,7,"2,12,22,32,42,52,62"
33,06:13,4,4,여의도,6,"3,13,33,43,53,63"
33,06:13,5,5,김포공항,7,"4,14,24,34,44,54,64"
33,06:13,6,6,일산,5,"5,15,45,55,65"
33,06:13,7,7,판교,7,"6,16,26,36,46,56,66"
33,06:13,8,8,동탄/용인,7,"7,17,27,37,47,57,67"
33,06:13,9,9,평택,7,"8,18,28,38,48,58,68"
34,06:14,1,1,서울역,7,"0,10,20,30,40,50,60"
34,06:14,10,10,인천공항,5,"9,19,39,49,69"
34,06:14,2,2,수서,7,"1,11,21,31,41,51,61"
34,06:14,3,3,삼성,7,"2,12,22,32,42,52,62"
34,06:14,4,4,여의도,6,"3,13,33,43,53,63"
34,06:14,5,5,김포공항,7,"4,14,24,34,44,54,64"
34,06:14,6,6,일산,5,"5,15,45,55,65"
34,06:14,7,7,판교,7,"6,16,26,36,46,56,66"
34,06:14,8,8,동탄/용인,7,"7,17,27,37,47,57,67"
34,06:14,9,9,평택,7,"8,18,28,38,48,58,68"
35,06:15,1,1,서울역,7,"0,10,20,30,40,50,60"
35,06:15,10,10,인천공항,5,"9,19,39,49,69"
35,06:15,2,2,수서,7,"1,11,21,31,41,51,61"
35,06:15,3,3,삼성,7,"2,12,22,32,42,52,62"
35,06:15,4,4,여의도,6,"3,13,33,43,53,63"
35,06:15,5,5,김포공항,7,"4,14,24,34,44,54,64"
35,06:15,6,6,일산,4,"5,45,55,65"
35,06:15,7,7,판교,7,"6,16,26,36,46,56,66"
35,06:15,8,8,동탄/용인,7,"7,17,27,37,47,57,67"
35,06:15,9,9,평택,7,"8,18,28,38,48,58,68"
36,06:16,1,1,서울역,7,"0,10,20,30,40,50,60"
36,06:16,10,10,인천공항,5,"9,19,39,49,69"
36,06:16,2,2,수서,8,"1,11,21,25,31,41,51,61"
36,06:16,3,3,삼성,7,"2,12,22,32,42,52,62"
36,06:16,4,4,여의도,6,"3,13,33,43,53,63"
36,06:16,5,5,김포공항,7,"4,14,24,34,44,54,64"
36,06:16,6,6,일산,3,"45,55,65"
36,06:16,7,7,판교,7,"6,16,26,36,46,56,66"
36,06:16,8,8,동탄/용인,7,"7,17,27,37,47,57,67"
36,06:16,9,9,평택,7,"8,18,28,38,48,58,68"
37,06:17,1,1,서울역,7,"0,10,20,30,40,50,60"
37,06:17,10,10,인천공항,5,"9,19,39,49,69"
37,06:17,2,2,수서,8,"1,11,21,25,31,41,51,61"
37,06:17,3,3,삼성,7,"2,12,22,32,42,52,62"
37,06:17,4,4,여의도,6,"3,13,33,43,53,63"
37,06:17,5,5,김포공항,7,"4,14,24,34,44,54,64"
37,06:17,6,6,일산,3,"45,55,65"
37,06:17,7,7,판교,7,"6,16,26,36,46,56,66"
37,06:17,8,8,동탄/용인,7,"7,17,27,37,47,57,67"
37,06:17,9,9,평택,7,"8,18,28,38,48,58,68"
38,06:18,1,1,서울역,7,"0,10,20,30,40,50,60"
38,06:18,10,10,인천공항,5,"9,19,39,49,69"
38,06:18,2,2,수서,8,"1,11,21,25,31,41,51,61"
38,06:18,3,3,삼성,7,"2,12,22,32,42,52,62"
38,06:18,4,4,여의도,6,"3,13,33,43,53,63"
38,06:18,5,5,김포공항,7,"4,14,24,34,44,54,64"
38,06:18,6,6,일산,3,"45,55,65"
38,06:18,7,7,판교,7,"6,16,26,36,46,56,66"
38,06:18,8,8,동탄/용인,7,"7,17,27,37,47,57,67"
38,06:18,9,9,평택,7,"8,18,28,38,48,58,68"
39,06:19,1,1,서울역,6,"10,20,30,40,50,60"
39,06:19,10,10,인천공항,5,"9,19,39,49,69"
39,06:19,2,2,수서,8,"1,11,21,25,31,41,51,61"
39,06:19,3,3,삼성,7,"2,12,22,32,42,52,62"
39,06:19,4,4,여의도,6,"3,13,33,43,53,63"
39,06:19,5,5,김포공항,7,"4,14,24,34,44,54,64"
39,06:19,6,6,일산,3,"45,55,65"
39,06:19,7,7,판교,8,"6,16,26,35,36,46,56,66"
39,06:19,8,8,동탄/용인,7,"7,17,27,37,47,57,67"
39,06:19,9,9,평택,7,"8,18,28,38,48,58,68"
40,06:20,1,1,서울역,6,"10,20,30,40,50,60"
40,06:20,10,10,인천공항,5,"9,19,39,49,69"
40,06:20,2,2,수서,8,"1,11,21,25,31,41,51,61"
40,06:20,3,3,삼성,7,"2,12,22,32,42,52,62"
40,06:20,4,4,여의도,6,"3,13,33,43,53,63"
40,06:20,5,5,김포공항,7,"4,14,24,34,44,54,64"
40,06:20,6,6,일산,3,"45,55,65"
40,06:20,7,7,판교,8,"6,16,26,35,36,46,56,66"
40,06:20,8,8,동탄/용인,7,"7,17,27,37,47,57,67"
40,06:20,9,9,평택,7,"8,18,28,38,48,58,68"
41,06:21,1,1,서울역,6,"10,20,30,40,50,60"
41,06:21,10,10,인천공항,5,"9,19,39,49,69"
41,06:21,2,2,수서,8,"1,11,21,25,31,41,51,61"
41,06:21,3,3,삼성,7,"2,12,22,32,42,52,62"
41,06:21,4,4,여의도,6,"3,13,33,43,53,63"
41,06:21,5,5,김포공항,7,"4,14,24,34,44,54,64"
41,06:21,6,6,일산,3,"45,55,65"
41,06:21,7,7,판교,8,"6,16,26,35,36,46,56,66"
41,06:21,8,8,동탄/용인,7,"7,17,27,37,47,57,67"
41,06:21,9,9,평택,7,"8,18,28,38,48,58,68"
42,06:22,1,1,서울역,6,"10,20,30,40,50,60"
42,06:22,10,10,인천공항,5,"9,19,39,49,69"
42,06:22,2,2,수서,8,"1,11,21,25,31,41,51,61"
42,06:22,3,3,삼성,7,"2,12,22,32,42,52,62"
42,06:22,4,4,여의도,6,"3,13,33,43,53,63"
42,06:22,5,5,김포공항,7,"4,14,24,34,44,54,64"
42,06:22,6,6,일산,3,"45,55,65"
42,06:22,7,7,판교,8,"6,16,26,35,36,46,56,66"
42,06:22,8,8,동탄/용인,7,"7,17,27,37,47,57,67"
42,06:22,9,9,평택,7,"8,18,28,38,48,58,68"
43,06:23,1,1,서울역,6,"10,20,30,40,50,60"
43,06:23,10,10,인천공항,5,"9,19,39,49,69"
43,06:23,2,2,수서,7,"1,11,21,31,41,51,61"
43,06:23,3,3,삼성,7,"2,12,22,32,42,52,62"
43,06:23,4,4,여의도,6,"3,13,33,43,53,63"
43,06:23,5,5,김포공항,6,"4,14,24,44,54,64"
43,06:23,6,6,일산,2,"45,65"
43,06:23,7,7,판교,8,"6,16,26,35,36,46,56,66"
43,06:23,8,8,동탄/용인,7,"7,17,27,37,47,57,67"
43,06:23,9,9,평택,7,"8,18,28,38,48,58,68"
44,06:24,1,1,서울역,6,"10,20,30,40,50,60"
44,06:24,10,10,인천공항,5,"9,19,39,49,69"
44,06:24,2,2,수서,7,"1,11,21,31,41,51,61"
44,06:24,3,3,삼성,7,"2,12,22,32,42,52,62"
44,06:24,4,4,여의도,6,"3,13,33,43,53,63"
44,06:24,5,5,김포공항,6,"4,14,24,44,54,64"
44,06:24,6,6,일산,1,65
44,06:24,7,7,판교,8,"6,16,26,35,36,46,56,66"
44,06:24,8,8,동탄/용인,7,"7,17,27,37,47,57,67"
44,06:24,9,9,평택,8,"8,18,23,28,38,48,58,68"
45,06:25,1,1,서울역,6,"10,20,30,40,50,60"
45,06:25,10,10,인천공항,5,"9,19,39,49,69"
45,06:25,2,2,수서,7,"1,11,21,31,41,51,61"
45,06:25,3,3,삼성,7,"2,12,22,32,42,52,62"
45,06:25,4,4,여의도,7,"3,13,29,33,43,53,63"
45,06:25,5,5,김포공항,6,"4,14,24,44,54,64"
45,06:25,6,6,일산,1,65
45,06:25,7,7,판교,8,"6,16,26,35,36,46,56,66"
45,06:25,8,8,동탄/용인,7,"7,17,27,37,47,57,67"
45,06:25,9,9,평택,8,"8,18,23,28,38,48,58,68"
46,06:26,1,1,서울역,6,"10,20,30,40,50,60"
46,06:26,10,10,인천공항,6,"9,15,19,39,49,69"
46,06:26,2,2,수서,7,"1,11,21,31,41,51,61"
46,06:26,3,3,삼성,7,"2,12,22,32,42,52,62"
46,06:26,4,4,여의도,7,"3,13,29,33,43,53,63"
46,06:26,5,5,김포공항,6,"4,14,24,44,54,64"
46,06:26,6,6,일산,1,65
46,06:26,7,7,판교,8,"6,16,26,35,36,46,56,66"
46,06:26,8,8,동탄/용인,7,"7,17,27,37,47,57,67"
46,06:26,9,9,평택,8,"8,18,23,28,38,48,58,68"
47,06:27,1,1,서울역,6,"10,20,30,40,50,60"
47,06:27,10,10,인천공항,6,"9,15,19,39,49,69"
47,06:27,2,2,수서,7,"1,11,21,31,41,51,61"
47,06:27,3,3,삼성,8,"2,12,22,32,42,52,59,62"
47,06:27,4,4,여의도,7,"3,13,29,33,43,53,63"
47,06:27,5,5,김포공항,6,"4,14,24,44,54,64"
47,06:27,6,6,일산,1,65
47,06:27,7,7,판교,8,"6,16,26,35,36,46,56,66"
47,06:27,8,8,동탄/용인,7,"7,17,27,37,47,57,67"
47,06:27,9,9,평택,8,"8,18,23,28,38,48,58,68"
48,06:28,1,1,서울역,6,"10,20,30,40,50,60"
48,06:28,10,10,인천공항,6,"9,15,19,39,49,69"
48,06:28,2,2,수서,7,"1,11,21,31,41,51,61"
48,06:28,3,3,삼성,8,"2,12,22,32,42,52,59,62"
48,06:28,4,4,여의도,7,"3,13,29,33,43,53,63"
48,06:28,5,5,김포공항,6,"4,14,24,44,54,64"
48,06:28,6,6,일산,1,65
48,06:28,7,7,판교,9,"5,6,16,26,35,36,46,56,66"
48,06:28,8,8,동탄/용인,7,"7,17,27,37,47,57,67"
48,06:28,9,9,평택,8,"8,18,23,28,38,48,58,68"
49,06:29,1,1,서울역,6,"10,20,30,40,50,60"
49,06:29,10,10,인천공항,6,"9,15,19,39,49,69"
49,06:29,2,2,수서,7,"1,11,21,31,41,51,61"
49,06:29,3,3,삼성,8,"2,12,22,32,42,52,59,62"
49,06:29,4,4,여의도,7,"3,13,29,33,43,53,63"
49,06:29,5,5,김포공항,6,"4,14,24,44,54,64"
49,06:29,6,6,일산,1,65
49,06:29,7,7,판교,9,"5,6,16,26,35,36,46,56,66"
49,06:29,8,8,동탄/용인,7,"7,17,27,37,47,57,67"
49,06:29,9,9,평택,8,"8,18,23,28,38,48,58,68"
50,06:30,1,1,서울역,6,"10,20,30,40,50,60"
50,06:30,10,10,인천공항,6,"9,15,19,39,49,69"
50,06:30,2,2,수서,7,"1,11,21,31,41,51,61"
50,06:30,3,3,삼성,8,"2,12,22,32,42,52,59,62"
50,06:30,4,4,여의도,7,"3,13,29,33,43,53,63"
50,06:30,5,5,김포공항,6,"4,14,24,44,54,64"
50,06:30,6,6,일산,2,"34,65"
50,06:30,7,7,판교,9,"5,6,16,26,35,36,46,56,66"
50,06:30,8,8,동탄/용인,7,"7,17,27,37,47,57,67"
50,06:30,9,9,평택,8,"8,18,23,28,38,48,58,68"
51,06:31,1,1,서울역,6,"10,20,30,40,50,60"
51,06:31,10,10,인천공항,6,"9,15,19,39,49,69"
51,06:31,2,2,수서,6,"1,11,21,41,51,61"
51,06:31,3,3,삼성,8,"2,12,22,32,42,52,59,62"
51,06:31,4,4,여의도,7,"3,13,29,33,43,53,63"
51,06:31,5,5,김포공항,6,"4,14,24,44,54,64"
51,06:31,6,6,일산,2,"34,65"
51,06:31,7,7,판교,9,"5,6,16,26,35,36,46,56,66"
51,06:31,8,8,동탄/용인,7,"7,17,27,37,47,57,67"
51,06:31,9,9,평택,8,"8,18,23,28,38,48,58,68"
52,06:32,1,1,서울역,5,"20,30,40,50,60"
52,06:32,10,10,인천공항,7,"0,9,15,19,39,49,69"
52,06:32,2,2,수서,6,"1,11,21,41,51,61"
52,06:32,3,3,삼성,8,"2,12,22,32,42,52,59,62"
52,06:32,4,4,여의도,7,"3,13,29,33,43,53,63"
52,06:32,5,5,김포공항,6,"4,14,24,44,54,64"
52,06:32,6,6,일산,2,"34,65"
52,06:32,7,7,판교,9,"5,6,16,26,35,36,46,56,66"
52,06:32,8,8,동탄/용인,7,"7,17,27,37,47,57,67"
52,06:32,9,9,평택,8,"8,18,23,28,38,48,58,68"
53,06:33,1,1,서울역,5,"20,30,40,50,60"
53,06:33,10,10,인천공항,7,"0,9,15,19,39,49,69"
53,06:33,2,2,수서,6,"1,11,21,41,51,61"
53,06:33,3,3,삼성,8,"2,12,22,32,42,52,59,62"
53,06:33,4,4,여의도,7,"3,13,29,33,43,53,63"
53,06:33,5,5,김포공항,6,"4,14,24,44,54,64"
53,06:33,6,6,일산,2,"34,65"
53,06:33,7,7,판교,9,"5,6,16,26,35,36,46,56,66"
53,06:33,8,8,동탄/용인,7,"7,17,27,37,47,57,67"
53,06:33,9,9,평택,8,"8,18,23,28,38,48,58,68"
54,06:34,1,1,서울역,5,"20,30,40,50,60"
54,06:34,10,10,인천공항,7,"0,9,15,19,39,49,69"
54,06:34,2,2,수서,6,"1,11,21,41,51,61"
54,06:34,3,3,삼성,8,"2,12,22,32,42,52,59,62"
54,06:34,4,4,여의도,7,"3,13,29,33,43,53,63"
54,06:34,5,5,김포공항,6,"4,14,24,44,54,64"
54,06:34,6,6,일산,2,"34,65"
54,06:34,7,7,판교,9,"5,6,16,26,35,36,46,56,66"
54,06:34,8,8,동탄/용인,7,"7,17,27,37,47,57,67"
54,06:34,9,9,평택,8,"8,18,23,28,38,48,58,68"
55,06:35,1,1,서울역,4,"30,40,50,60"
55,06:35,10,10,인천공항,7,"0,9,15,19,39,49,69"
55,06:35,2,2,수서,6,"1,11,21,41,51,61"
55,06:35,3,3,삼성,8,"2,12,22,32,42,52,59,62"
55,06:35,4,4,여의도,7,"3,13,29,33,43,53,63"
55,06:35,5,5,김포공항,6,"4,14,24,44,54,64"
55,06:35,6,6,일산,2,"34,65"
55,06:35,7,7,판교,10,"5,6,16,26,35,36,46,55,56,66"
55,06:35,8,8,동탄/용인,7,"7,17,27,37,47,57,67"
55,06:35,9,9,평택,8,"8,18,23,28,38,48,58,68"
56,06:36,1,1,서울역,4,"30,40,50,60"
56,06:36,10,10,인천공항,7,"0,9,15,19,39,49,69"
56,06:36,2,2,수서,6,"1,11,21,41,51,61"
56,06:36,3,3,삼성,8,"2,12,22,32,42,52,59,62"
56,06:36,4,4,여의도,7,"3,13,29,33,43,53,63"
56,06:36,5,5,김포공항,6,"4,14,24,44,54,64"
56,06:36,6,6,일산,2,"34,65"
56,06:36,7,7,판교,11,"5,6,16,26,35,36,45,46,55,56,66"
56,06:36,8,8,동탄/용인,7,"7,17,27,37,47,57,67"
56,06:36,9,9,평택,8,"8,18,23,28,38,48,58,68"
57,06:37,1,1,서울역,4,"30,40,50,60"
57,06:37,10,10,인천공항,7,"0,9,15,19,39,49,69"
57,06:37,2,2,수서,6,"1,11,21,41,51,61"
57,06:37,3,3,삼성,8,"2,12,22,32,42,52,59,62"
57,06:37,4,4,여의도,7,"3,13,29,33,43,53,63"
57,06:37,5,5,김포공항,6,"4,14,24,44,54,64"
57,06:37,6,6,일산,1,65
57,06:37,7,7,판교,11,"5,6,16,26,35,36,45,46,55,56,66"
57,06:37,8,8,동탄/용인,7,"7,17,27,37,47,57,67"
57,06:37,9,9,평택,9,"8,18,23,25,28,38,48,58,68"
58,06:38,1,1,서울역,4,"30,40,50,60"
58,06:38,10,10,인천공항,7,"0,9,15,19,39,49,69"
58,06:38,2,2,수서,6,"1,11,21,41,51,61"
58,06:38,3,3,삼성,8,"2,12,22,32,42,52,59,62"
58,06:38,4,4,여의도,7,"3,13,29,33,43,53,63"
58,06:38,5,5,김포공항,6,"4,14,24,44,54,64"
58,06:38,6,6,일산,1,65
58,06:38,7,7,판교,11,"5,6,16,26,35,36,45,46,55,56,66"
58,06:38,8,8,동탄/용인,7,"7,17,27,37,47,57,67"
58,06:38,9,9,평택,9,"8,18,23,25,28,38,48,58,68"
59,06:39,1,1,서울역,4,"30,40,50,60"
59,06:39,10,10,인천공항,7,"0,9,15,19,39,49,69"
59,06:39,2,2,수서,6,"1,11,21,41,51,61"
59,06:39,3,3,삼성,8,"2,12,22,32,42,52,59,62"
59,06:39,4,4,여의도,7,"3,13,29,33,43,53,63"
59,06:39,5,5,김포공항,6,"4,14,24,44,54,64"
59,06:39,6,6,일산,1,65
59,06:39,7,7,판교,11,"5,6,16,26,35,36,45,46,55,56,66"
59,06:39,8,8,동탄/용인,7,"7,17,27,37,47,57,67"
59,06:39,9,9,평택,9,"8,18,23,25,28,38,48,58,68"
60,06:40,1,1,서울역,4,"30,40,50,60"
60,06:40,10,10,인천공항,6,"0,9,19,39,49,69"
60,06:40,2,2,수서,6,"1,11,21,41,51,61"
60,06:40,3,3,삼성,8,"2,12,22,32,42,52,59,62"
60,06:40,4,4,여의도,7,"3,13,29,33,43,53,63"
60,06:40,5,5,김포공항,6,"4,14,24,44,54,64"
60,06:40,6,6,일산,1,65
60,06:40,7,7,판교,11,"5,6,16,26,35,36,45,46,55,56,66"
60,06:40,8,8,동탄/용인,7,"7,17,27,37,47,57,67"
60,06:40,9,9,평택,9,"8,18,23,25,28,38,48,58,68"
61,06:41,1,1,서울역,4,"30,40,50,60"
61,06:41,10,10,인천공항,6,"0,9,19,39,49,69"
61,06:41,2,2,수서,6,"1,11,21,41,51,61"
61,06:41,3,3,삼성,8,"2,12,22,32,42,52,59,62"
61,06:41,4,4,여의도,7,"3,13,29,33,43,53,63"
61,06:41,5,5,김포공항,6,"4,14,24,44,54,64"
61,06:41,6,6,일산,1,65
61,06:41,7,7,판교,11,"5,6,16,26,35,36,45,46,55,56,66"
61,06:41,8,8,동탄/용인,7,"7,17,27,37,47,57,67"
61,06:41,9,9,평택,9,"8,18,23,25,28,38,48,58,68"
62,06:42,1,1,서울역,4,"30,40,50,60"
62,06:42,10,10,인천공항,6,"0,9,19,39,49,69"
62,06:42,2,2,수서,6,"1,11,21,41,51,61"
62,06:42,3,3,삼성,8,"2,12,22,32,42,52,59,62"
62,06:42,4,4,여의도,7,"3,13,29,33,43,53,63"
62,06:42,5,5,김포공항,6,"4,14,24,44,54,64"
62,06:42,6,6,일산,1,65
62,06:42,7,7,판교,11,"5,6,16,26,35,36,45,46,55,56,66"
62,06:42,8,8,동탄/용인,7,"7,17,27,37,47,57,67"
62,06:42,9,9,평택,9,"8,18,23,25,28,38,48,58,68"
63,06:43,1,1,서울역,4,"30,40,50,60"
63,06:43,10,10,인천공항,5,"0,19,39,49,69"
63,06:43,2,2,수서,6,"1,11,21,41,51,61"
63,06:43,3,3,삼성,7,"2,22,32,42,52,59,62"
63,06:43,4,4,여의도,7,"3,13,29,33,43,53,63"
63,06:43,5,5,김포공항,6,"4,14,24,44,54,64"
63,06:43,6,6,일산,1,65
63,06:43,7,7,판교,11,"5,6,16,26,35,36,45,46,55,56,66"
63,06:43,8,8,동탄/용인,7,"7,17,27,37,47,57,67"
63,06:43,9,9,평택,9,"8,18,23,25,28,38,48,58,68"
64,06:44,1,1,서울역,4,"30,40,50,60"
64,06:44,10,10,인천공항,5,"0,19,39,49,69"
64,06:44,2,2,수서,6,"1,11,21,41,51,61"
64,06:44,3,3,삼성,7,"2,22,32,42,52,59,62"
64,06:44,4,4,여의도,7,"3,13,29,33,43,53,63"
64,06:44,5,5,김포공항,6,"4,14,24,44,54,64"
64,06:44,6,6,일산,1,65
64,06:44,7,7,판교,11,"5,6,16,26,35,36,45,46,55,56,66"
64,06:44,8,8,동탄/용인,7,"7,17,27,37,47,57,67"
64,06:44,9,9,평택,9,"8,18,23,25,28,38,48,58,68"
65,06:45,1,1,서울역,4,"30,40,50,60"
65,06:45,10,10,인천공항,6,"0,10,19,39,49,69"
65,06:45,2,2,수서,6,"1,11,21,41,51,61"
65,06:45,3,3,삼성,7,"2,22,32,42,52,59,62"
65,06:45,4,4,여의도,7,"3,13,29,33,43,53,63"
65,06:45,5,5,김포공항,6,"4,14,24,44,54,64"
65,06:45,6,6,일산,1,65
65,06:45,7,7,판교,11,"5,6,16,26,35,36,45,46,55,56,66"
65,06:45,8,8,동탄/용인,7,"7,17,27,37,47,57,67"
65,06:45,9,9,평택,10,"8,18,23,25,28,31,38,48,58,68"
66,06:46,1,1,서울역,4,"30,40,50,60"
66,06:46,10,10,인천공항,6,"0,10,19,39,49,69"
66,06:46,2,2,수서,6,"1,11,21,41,51,61"
66,06:46,3,3,삼성,7,"2,22,32,42,52,59,62"
66,06:46,4,4,여의도,7,"3,13,29,33,43,53,63"
66,06:46,5,5,김포공항,6,"4,14,24,44,54,64"
66,06:46,6,6,일산,1,65
66,06:46,7,7,판교,11,"5,6,16,26,35,36,45,46,55,56,66"
66,06:46,8,8,동탄/용인,7,"7,17,27,37,47,57,67"
66,06:46,9,9,평택,10,"8,18,23,25,28,31,38,48,58,68"
67,06:47,1,1,서울역,4,"30,40,50,60"
67,06:47,10,10,인천공항,6,"0,10,19,39,49,69"
67,06:47,2,2,수서,6,"1,11,21,41,51,61"
67,06:47,3,3,삼성,7,"2,22,32,42,52,59,62"
67,06:47,4,4,여의도,6,"13,29,33,43,53,63"
67,06:47,5,5,김포공항,6,"4,14,24,44,54,64"
67,06:47,6,6,일산,1,65
67,06:47,7,7,판교,11,"5,6,16,26,35,36,45,46,55,56,66"
67,06:47,8,8,동탄/용인,7,"7,17,27,37,47,57,67"
67,06:47,9,9,평택,10,"8,18,23,25,28,31,38,48,58,68"
68,06:48,1,1,서울역,3,"40,50,60"
68,06:48,10,10,인천공항,7,"0,10,19,20,39,49,69"
68,06:48,2,2,수서,6,"1,11,21,41,51,61"
68,06:48,3,3,삼성,7,"2,22,32,42,52,59,62"
68,06:48,4,4,여의도,6,"13,29,33,43,53,63"
68,06:48,5,5,김포공항,6,"4,14,24,44,54,64"
68,06:48,6,6,일산,1,65
68,06:48,7,7,판교,11,"5,6,16,26,35,36,45,46,55,56,66"
68,06:48,8,8,동탄/용인,7,"7,17,27,37,47,57,67"
68,06:48,9,9,평택,10,"8,18,23,25,28,31,38,48,58,68"
69,06:49,1,1,서울역,3,"40,50,60"
69,06:49,10,10,인천공항,6,"0,10,20,39,49,69"
69,06:49,2,2,수서,6,"1,11,21,41,51,61"
69,06:49,3,3,삼성,7,"2,22,32,42,52,59,62"
69,06:49,4,4,여의도,6,"13,29,33,43,53,63"
69,06:49,5,5,김포공항,6,"4,14,24,44,54,64"
69,06:49,6,6,일산,1,65
69,06:49,7,7,판교,12,"5,6,16,26,34,35,36,45,46,55,56,66"
69,06:49,8,8,동탄/용인,7,"7,17,27,37,47,57,67"
69,06:49,9,9,평택,10,"8,18,23,25,28,31,38,48,58,68"
70,06:50,1,1,서울역,3,"40,50,60"
70,06:50,10,10,인천공항,6,"0,10,20,39,49,69"
70,06:50,2,2,수서,6,"1,11,21,41,51,61"
70,06:50,3,3,삼성,7,"2,22,32,42,52,59,62"
70,06:50,4,4,여의도,6,"13,29,33,43,53,63"
70,06:50,5,5,김포공항,6,"4,14,24,44,54,64"
70,06:50,6,6,일산,1,65
70,06:50,7,7,판교,12,"5,6,16,26,34,35,36,45,46,55,56,66"
70,06:50,8,8,동탄/용인,7,"7,17,27,37,47,57,67"
70,06:50,9,9,평택,10,"8,18,23,25,28,31,38,48,58,68"
71,06:51,1,1,서울역,3,"40,50,60"
71,06:51,10,10,인천공항,6,"0,10,20,39,49,69"
71,06:51,2,2,수서,6,"1,11,21,41,51,61"
71,06:51,3,3,삼성,7,"2,22,32,42,52,59,62"
71,06:51,4,4,여의도,6,"13,29,33,43,53,63"
71,06:51,5,5,김포공항,6,"4,14,24,44,54,64"
71,06:51,6,6,일산,1,65
71,06:51,7,7,판교,12,"5,6,16,26,34,35,36,45,46,55,56,66"
71,06:51,8,8,동탄/용인,7,"7,17,27,37,47,57,67"
71,06:51,9,9,평택,10,"8,18,23,25,28,31,38,48,58,68"
72,06:52,1,1,서울역,3,"40,50,60"
72,06:52,10,10,인천공항,6,"0,10,20,39,49,69"
72,06:52,2,2,수서,6,"1,11,21,41,51,61"
72,06:52,3,3,삼성,7,"2,22,32,42,52,59,62"
72,06:52,4,4,여의도,7,"13,15,29,33,43,53,63"
72,06:52,5,5,김포공항,6,"4,14,24,44,54,64"
72,06:52,6,6,일산,1,65
72,06:52,7,7,판교,12,"5,6,16,26,34,35,36,45,46,55,56,66"
72,06:52,8,8,동탄/용인,7,"7,17,27,37,47,57,67"
72,06:52,9,9,평택,10,"8,18,23,25,28,31,38,48,58,68"
73,06:53,1,1,서울역,3,"40,50,60"
73,06:53,10,10,인천공항,5,"0,10,20,49,69"
73,06:53,2,2,수서,6,"1,11,21,41,51,61"
73,06:53,3,3,삼성,7,"2,22,32,42,52,59,62"
73,06:53,4,4,여의도,7,"13,15,29,33,43,53,63"
73,06:53,5,5,김포공항,6,"4,14,24,44,54,64"
73,06:53,6,6,일산,1,65
73,06:53,7,7,판교,12,"5,6,16,26,34,35,36,45,46,55,56,66"
73,06:53,8,8,동탄/용인,7,"7,17,27,37,47,57,67"
73,06:53,9,9,평택,10,"8,18,23,25,28,31,38,48,58,68"
74,06:54,1,1,서울역,3,"40,50,60"
74,06:54,10,10,인천공항,4,"10,20,49,69"
74,06:54,2,2,수서,6,"1,11,21,41,51,61"
74,06:54,3,3,삼성,7,"2,22,32,42,52,59,62"
74,06:54,4,4,여의도,7,"13,15,29,33,43,53,63"
74,06:54,5,5,김포공항,6,"4,14,24,44,54,64"
74,06:54,6,6,일산,1,65
74,06:54,7,7,판교,12,"5,6,16,26,34,35,36,45,46,55,56,66"
74,06:54,8,8,동탄/용인,7,"7,17,27,37,47,57,67"
74,06:54,9,9,평택,10,"8,18,23,25,28,31,38,48,58,68"
75,06:55,1,1,서울역,3,"40,50,60"
75,06:55,10,10,인천공항,3,"20,49,69"
75,06:55,2,2,수서,6,"1,11,21,41,51,61"
75,06:55,3,3,삼성,7,"2,22,32,42,52,59,62"
75,06:55,4,4,여의도,7,"13,15,29,33,43,53,63"
75,06:55,5,5,김포공항,6,"4,14,24,44,54,64"
75,06:55,6,6,일산,1,65
75,06:55,7,7,판교,12,"5,6,16,26,34,35,36,45,46,55,56,66"
75,06:55,8,8,동탄/용인,7,"7,17,27,37,47,57,67"
75,06:55,9,9,평택,10,"8,18,23,25,28,31,38,48,58,68"
76,06:56,1,1,서울역,3,"40,50,60"
76,06:56,10,10,인천공항,3,"20,49,69"
76,06:56,2,2,수서,6,"1,11,21,41,51,61"
76,06:56,3,3,삼성,7,"2,22,32,42,52,59,62"
76,06:56,4,4,여의도,6,"15,29,33,43,53,63"
76,06:56,5,5,김포공항,6,"4,14,24,44,54,64"
76,06:56,6,6,일산,1,65
76,06:56,7,7,판교,12,"5,6,16,26,34,35,36,45,46,55,56,66"
76,06:56,8,8,동탄/용인,7,"7,17,27,37,47,57,67"
76,06:56,9,9,평택,10,"8,18,23,25,28,31,38,48,58,68"
77,06:57,1,1,서울역,3,"40,50,60"
77,06:57,10,10,인천공항,2,"49,69"
77,06:57,2,2,수서,6,"1,11,21,41,51,61"
77,06:57,3,3,삼성,7,"2,22,32,42,52,59,62"
77,06:57,4,4,여의도,6,"15,29,33,43,53,63"
77,06:57,5,5,김포공항,6,"4,14,24,44,54,64"
77,06:57,6,6,일산,1,65
77,06:57,7,7,판교,12,"5,6,16,26,34,35,36,45,46,55,56,66"
77,06:57,8,8,동탄/용인,6,"7,17,27,37,57,67"
77,06:57,9,9,평택,10,"8,18,23,25,28,31,38,48,58,68"
78,06:58,1,1,서울역,3,"40,50,60"
78,06:58,10,10,인천공항,3,"12,49,69"
78,06:58,2,2,수서,6,"1,11,21,41,51,61"
78,06:58,3,3,삼성,8,"2,9,22,32,42,52,59,62"
78,06:58,4,4,여의도,6,"15,29,33,43,53,63"
78,06:58,5,5,김포공항,6,"4,14,24,44,54,64"
78,06:58,6,6,일산,1,65
78,06:58,7,7,판교,12,"5,6,16,26,34,35,36,45,46,55,56,66"
78,06:58,8,8,동탄/용인,6,"7,17,27,37,57,67"
78,06:58,9,9,평택,10,"8,18,23,25,28,31,38,48,58,68"
79,06:59,1,1,서울역,3,"40,50,60"
79,06:59,10,10,인천공항,3,"12,49,69"
79,06:59,2,2,수서,6,"1,11,21,41,51,61"
79,06:59,3,3,삼성,8,"2,9,22,32,42,52,59,62"
79,06:59,4,4,여의도,6,"15,29,33,43,53,63"
79,06:59,5,5,김포공항,6,"4,14,24,44,54,64"
79,06:59,6,6,일산,1,65
79,06:59,7,7,판교,12,"5,6,16,26,34,35,36,45,46,55,56,66"
79,06:59,8,8,동탄/용인,6,"7,17,27,37,57,67"
79,06:59,9,9,평택,10,"8,18,23,25,28,31,38,48,58,68"
80,07:00,1,1,서울역,3,"40,50,60"
80,07:00,10,10,인천공항,3,"12,49,69"
80,07:00,2,2,수서,6,"1,11,21,41,51,61"
80,07:00,3,3,삼성,8,"2,9,22,32,42,52,59,62"
80,07:00,4,4,여의도,6,"15,29,33,43,53,63"
80,07:00,5,5,김포공항,6,"4,14,24,44,54,64"
80,07:00,6,6,일산,1,65
80,07:00,7,7,판교,12,"5,6,16,26,34,35,36,45,46,55,56,66"
80,07:00,8,8,동탄/용인,6,"7,17,27,37,57,67"
80,07:00,9,9,평택,10,"8,18,23,25,28,31,38,48,58,68"
81,07:01,1,1,서울역,3,"40,50,60"
81,07:01,10,10,인천공항,4,"12,30,49,69"
81,07:01,2,2,수서,6,"1,11,21,41,51,61"
81,07:01,3,3,삼성,8,"2,9,22,32,42,52,59,62"
81,07:01,4,4,여의도,5,"15,29,33,53,63"
81,07:01,5,5,김포공항,6,"4,14,24,44,54,64"
81,07:01,6,6,일산,1,65
81,07:01,7,7,판교,12,"5,6,16,26,34,35,36,45,46,55,56,66"
81,07:01,8,8,동탄/용인,6,"7,17,27,37,57,67"
81,07:01,9,9,평택,10,"8,18,23,25,28,31,38,48,58,68"
82,07:02,1,1,서울역,3,"40,50,60"
82,07:02,10,10,인천공항,4,"12,30,49,69"
82,07:02,2,2,수서,6,"1,11,21,41,51,61"
82,07:02,3,3,삼성,8,"2,9,22,32,42,52,59,62"
82,07:02,4,4,여의도,5,"15,29,33,53,63"
82,07:02,5,5,김포공항,6,"4,14,24,44,54,64"
82,07:02,6,6,일산,1,65
82,07:02,7,7,판교,12,"5,6,16,26,34,35,36,45,46,55,56,66"
82,07:02,8,8,동탄/용인,6,"7,17,27,37,57,67"
82,07:02,9,9,평택,11,"3,8,18,23,25,28,31,38,48,58,68"
83,07:03,1,1,서울역,3,"40,50,60"
83,07:03,10,10,인천공항,4,"12,30,49,69"
83,07:03,2,2,수서,6,"1,11,21,41,51,61"
83,07:03,3,3,삼성,8,"2,9,22,32,42,52,59,62"
83,07:03,4,4,여의도,5,"15,29,33,53,63"
83,07:03,5,5,김포공항,6,"4,14,24,44,54,64"
83,07:03,6,6,일산,1,65
83,07:03,7,7,판교,12,"5,6,16,26,34,35,36,45,46,55,56,66"
83,07:03,8,8,동탄/용인,6,"7,17,27,37,57,67"
83,07:03,9,9,평택,11,"3,8,18,23,25,28,31,38,48,58,68"
84,07:04,1,1,서울역,3,"40,50,60"
84,07:04,10,10,인천공항,4,"12,30,49,69"
84,07:04,2,2,수서,6,"1,11,21,41,51,61"
84,07:04,3,3,삼성,9,"2,9,19,22,32,42,52,59,62"
84,07:04,4,4,여의도,4,"15,29,33,63"
84,07:04,5,5,김포공항,5,"4,14,44,54,64"
84,07:04,6,6,일산,1,65
84,07:04,7,7,판교,12,"5,6,16,26,34,35,36,45,46,55,56,66"
84,07:04,8,8,동탄/용인,6,"7,17,27,37,57,67"
84,07:04,9,9,평택,11,"3,8,18,23,25,28,31,38,48,58,68"
85,07:05,1,1,서울역,3,"40,50,60"
85,07:05,10,10,인천공항,4,"12,30,49,69"
85,07:05,2,2,수서,6,"1,11,21,41,51,61"
85,07:05,3,3,삼성,9,"2,9,19,22,32,42,52,59,62"
85,07:05,4,4,여의도,4,"15,29,33,63"
85,07:05,5,5,김포공항,4,"14,44,54,64"
85,07:05,6,6,일산,1,65
85,07:05,7,7,판교,12,"5,6,16,26,34,35,36,45,46,55,56,66"
85,07:05,8,8,동탄/용인,5,"7,27,37,57,67"
85,07:05,9,9,평택,11,"3,8,18,23,25,28,31,38,48,58,68"
86,07:06,1,1,서울역,3,"40,50,60"
86,07:06,10,10,인천공항,4,"12,30,49,69"
86,07:06,2,2,수서,6,"1,11,21,41,51,61"
86,07:06,3,3,삼성,9,"2,9,19,22,32,42,52,59,62"
86,07:06,4,4,여의도,5,"0,15,29,33,63"
86,07:06,5,5,김포공항,4,"14,44,54,64"
86,07:06,6,6,일산,1,65
86,07:06,7,7,판교,12,"5,6,16,26,34,35,36,45,46,55,56,66"
86,07:06,8,8,동탄/용인,5,"7,27,37,57,67"
86,07:06,9,9,평택,11,"3,8,18,23,25,28,31,38,48,58,68"
87,07:07,1,1,서울역,3,"40,50,60"
87,07:07,10,10,인천공항,4,"12,30,49,69"
87,07:07,2,2,수서,6,"1,11,21,41,51,61"
87,07:07,3,3,삼성,9,"2,9,19,22,32,42,52,59,62"
87,07:07,4,4,여의도,6,"0,10,15,29,33,63"
87,07:07,5,5,김포공항,4,"14,44,54,64"
87,07:07,6,6,일산,1,65
87,07:07,7,7,판교,12,"5,6,16,26,34,35,36,45,46,55,56,66"
87,07:07,8,8,동탄/용인,5,"7,27,37,57,67"
87,07:07,9,9,평택,11,"3,8,18,23,25,28,31,38,48,58,68"
88,07:08,1,1,서울역,3,"40,50,60"
88,07:08,10,10,인천공항,4,"12,30,49,69"
88,07:08,2,2,수서,6,"1,11,21,41,51,61"
88,07:08,3,3,삼성,10,"2,9,19,22,32,39,42,52,59,62"
88,07:08,4,4,여의도,7,"0,10,15,29,33,47,63"
88,07:08,5,5,김포공항,4,"14,44,54,64"
88,07:08,6,6,일산,2,"43,65"
88,07:08,7,7,판교,12,"5,6,16,26,34,35,36,45,46,55,56,66"
88,07:08,8,8,동탄/용인,5,"7,27,37,57,67"
88,07:08,9,9,평택,11,"3,8,18,23,25,28,31,38,48,58,68"
89,07:09,1,1,서울역,3,"40,50,60"
89,07:09,10,10,인천공항,4,"12,30,49,69"
89,07:09,2,2,수서,6,"1,11,21,41,51,61"
89,07:09,3,3,삼성,10,"2,9,19,22,32,39,42,52,59,62"
89,07:09,4,4,여의도,7,"0,10,15,29,33,47,63"
89,07:09,5,5,김포공항,4,"14,44,54,64"
89,07:09,6,6,일산,2,"43,65"
89,07:09,7,7,판교,12,"5,6,16,26,34,35,36,45,46,55,56,66"
89,07:09,8,8,동탄/용인,5,"7,27,37,57,67"
89,07:09,9,9,평택,11,"3,8,18,23,25,28,31,38,48,58,68"
90,07:10,1,1,서울역,3,"40,50,60"
90,07:10,10,10,인천공항,3,"12,30,69"
90,07:10,2,2,수서,6,"1,11,21,41,51,61"
90,07:10,3,3,삼성,9,"2,9,19,22,39,42,52,59,62"
90,07:10,4,4,여의도,6,"10,15,29,33,47,63"
90,07:10,5,5,김포공항,4,"14,44,54,64"
90,07:10,6,6,일산,2,"43,65"
90,07:10,7,7,판교,12,"5,6,16,26,34,35,36,45,46,55,56,66"
90,07:10,8,8,동탄/용인,5,"7,27,37,57,67"
90,07:10,9,9,평택,11,"3,8,18,23,25,28,31,38,48,58,68"
91,07:11,1,1,서울역,3,"40,50,60"
91,07:11,10,10,인천공항,3,"12,30,69"
91,07:11,2,2,수서,6,"1,11,21,41,51,61"
91,07:11,3,3,삼성,9,"2,9,19,22,39,42,52,59,62"
91,07:11,4,4,여의도,6,"10,15,29,33,47,63"
91,07:11,5,5,김포공항,4,"14,44,54,64"
91,07:11,6,6,일산,3,"43,53,65"
91,07:11,7,7,판교,12,"5,6,16,26,34,35,36,45,46,55,56,66"
91,07:11,8,8,동탄/용인,5,"7,27,37,57,67"
91,07:11,9,9,평택,12,"3,8,13,18,23,25,28,31,38,48,58,68"
92,07:12,1,1,서울역,3,"40,50,60"
92,07:12,10,10,인천공항,3,"12,30,69"
92,07:12,2,2,수서,6,"1,11,21,41,51,61"
92,07:12,3,3,삼성,10,"2,9,19,20,22,39,42,52,59,62"
92,07:12,4,4,여의도,6,"10,15,29,33,47,63"
92,07:12,5,5,김포공항,4,"14,44,54,64"
92,07:12,6,6,일산,3,"43,53,65"
92,07:12,7,7,판교,12,"5,6,16,26,34,35,36,45,46,55,56,66"
92,07:12,8,8,동탄/용인,5,"7,27,37,57,67"
92,07:12,9,9,평택,12,"3,8,13,18,23,25,28,31,38,48,58,68"
93,07:13,1,1,서울역,4,"4,40,50,60"
93,07:13,10,10,인천공항,3,"12,30,69"
93,07:13,2,2,수서,6,"1,21,32,41,51,61"
93,07:13,3,3,삼성,10,"2,9,19,20,22,39,42,52,59,62"
93,07:13,4,4,여의도,6,"10,15,29,33,47,63"
93,07:13,5,5,김포공항,4,"14,44,54,64"
93,07:13,6,6,일산,3,"43,53,65"
93,07:13,7,7,판교,11,"6,16,26,34,35,36,45,46,55,56,66"
93,07:13,8,8,동탄/용인,4,"7,37,57,67"
93,07:13,9,9,평택,12,"3,8,13,18,23,25,28,31,38,48,58,68"
94,07:14,1,1,서울역,4,"4,40,50,60"
94,07:14,10,10,인천공항,3,"12,30,69"
94,07:14,2,2,수서,5,"1,32,41,51,61"
94,07:14,3,3,삼성,10,"2,9,19,20,22,39,42,52,59,62"
94,07:14,4,4,여의도,6,"10,15,29,33,47,63"
94,07:14,5,5,김포공항,4,"14,44,54,64"
94,07:14,6,6,일산,2,"53,65"
94,07:14,7,7,판교,12,"6,16,24,26,34,35,36,45,46,55,56,66"
94,07:14,8,8,동탄/용인,4,"7,37,57,67"
94,07:14,9,9,평택,12,"3,8,13,18,23,25,28,31,38,48,58,68"
95,07:15,1,1,서울역,4,"4,40,50,60"
95,07:15,10,10,인천공항,3,"12,30,69"
95,07:15,2,2,수서,6,"1,17,32,41,51,61"
95,07:15,3,3,삼성,10,"2,9,19,20,22,39,42,52,59,62"
95,07:15,4,4,여의도,6,"10,15,29,33,47,63"
95,07:15,5,5,김포공항,4,"14,44,54,64"
95,07:15,6,6,일산,2,"53,65"
95,07:15,7,7,판교,12,"6,16,24,26,34,35,36,45,46,55,56,66"
95,07:15,8,8,동탄/용인,4,"7,37,57,67"
95,07:15,9,9,평택,12,"3,8,13,18,23,25,28,31,38,48,58,68"
96,07:16,1,1,서울역,4,"4,40,50,60"
96,07:16,10,10,인천공항,3,"12,30,69"
96,07:16,2,2,수서,5,"1,17,41,51,61"
96,07:16,3,3,삼성,10,"2,9,19,20,22,39,42,52,59,62"
96,07:16,4,4,여의도,6,"10,15,29,33,47,63"
96,07:16,5,5,김포공항,4,"14,44,54,64"
96,07:16,6,6,일산,2,"53,65"
96,07:16,7,7,판교,12,"6,16,24,26,34,35,36,45,46,55,56,66"
96,07:16,8,8,동탄/용인,4,"7,37,57,67"
96,07:16,9,9,평택,12,"3,8,13,18,23,25,28,31,38,48,58,68"
97,07:17,1,1,서울역,4,"4,40,50,60"
97,07:17,10,10,인천공항,2,"12,30"
97,07:17,2,2,수서,5,"1,17,41,51,61"
97,07:17,3,3,삼성,10,"2,9,19,20,22,39,42,52,59,62"
97,07:17,4,4,여의도,6,"10,15,29,33,47,63"
97,07:17,5,5,김포공항,4,"14,44,54,64"
97,07:17,6,6,일산,3,"0,53,65"
97,07:17,7,7,판교,12,"6,16,24,26,34,35,36,45,46,55,56,66"
97,07:17,8,8,동탄/용인,4,"7,37,57,67"
97,07:17,9,9,평택,12,"3,8,13,18,23,25,28,31,38,48,58,68"
98,07:18,1,1,서울역,4,"4,40,50,60"
98,07:18,10,10,인천공항,2,"12,30"
98,07:18,2,2,수서,5,"1,17,41,51,61"
98,07:18,3,3,삼성,10,"2,9,19,20,22,39,42,52,59,62"
98,07:18,4,4,여의도,6,"10,15,29,33,47,63"
98,07:18,5,5,김포공항,4,"14,44,54,64"
98,07:18,6,6,일산,3,"0,53,65"
98,07:18,7,7,판교,12,"6,16,24,26,34,35,36,45,46,55,56,66"
98,07:18,8,8,동탄/용인,4,"7,37,57,67"
98,07:18,9,9,평택,12,"3,8,13,18,23,25,28,31,38,48,58,68"
99,07:19,1,1,서울역,4,"4,40,50,60"
99,07:19,10,10,인천공항,2,"12,30"
99,07:19,2,2,수서,5,"1,17,41,51,61"
99,07:19,3,3,삼성,10,"2,9,19,20,22,39,42,52,59,62"
99,07:19,4,4,여의도,7,"10,11,15,29,33,47,63"
99,07:19,5,5,김포공항,4,"14,44,54,64"
99,07:19,6,6,일산,3,"0,53,65"
99,07:19,7,7,판교,12,"6,16,24,26,34,35,36,45,46,55,56,66"
99,07:19,8,8,동탄/용인,4,"7,37,57,67"
99,07:19,9,9,평택,12,"3,8,13,18,23,25,28,31,38,48,58,68"
100,07:20,1,1,서울역,5,"4,5,40,50,60"
100,07:20,10,10,인천공항,2,"12,30"
100,07:20,2,2,수서,5,"1,17,41,51,61"
100,07:20,3,3,삼성,10,"2,9,19,20,22,39,42,52,59,62"
100,07:20,4,4,여의도,8,"10,11,15,21,29,33,47,63"
100,07:20,5,5,김포공항,4,"14,44,54,64"
100,07:20,6,6,일산,1,65
100,07:20,7,7,판교,12,"6,16,24,26,34,35,36,45,46,55,56,66"
100,07:20,8,8,동탄/용인,4,"7,37,57,67"
100,07:20,9,9,평택,12,"3,8,13,18,23,25,28,31,38,48,58,68"
101,07:21,1,1,서울역,4,"5,40,50,60"
101,07:21,10,10,인천공항,2,"12,30"
101,07:21,2,2,수서,5,"1,17,41,51,61"
101,07:21,3,3,삼성,10,"2,9,19,20,22,39,42,52,59,62"
101,07:21,4,4,여의도,8,"10,11,15,21,29,33,47,63"
101,07:21,5,5,김포공항,4,"14,44,54,64"
101,07:21,6,6,일산,1,65
101,07:21,7,7,판교,12,"6,16,24,26,34,35,36,45,46,55,56,66"
101,07:21,8,8,동탄/용인,3,"7,57,67"
101,07:21,9,9,평택,12,"3,8,13,18,23,25,28,31,38,48,58,68"
102,07:22,1,1,서울역,4,"5,40,50,60"
102,07:22,10,10,인천공항,2,"12,30"
102,07:22,2,2,수서,5,"1,17,41,51,61"
102,07:22,3,3,삼성,10,"2,9,19,20,22,39,42,52,59,62"
102,07:22,4,4,여의도,7,"10,15,21,29,33,47,63"
102,07:22,5,5,김포공항,4,"14,44,54,64"
102,07:22,6,6,일산,1,65
102,07:22,7,7,판교,12,"6,16,24,26,34,35,36,45,46,55,56,66"
102,07:22,8,8,동탄/용인,3,"7,57,67"
102,07:22,9,9,평택,12,"3,8,13,18,23,25,28,31,38,48,58,68"
103,07:23,1,1,서울역,3,"40,50,60"
103,07:23,10,10,인천공항,2,"12,30"
103,07:23,2,2,수서,6,"1,17,27,41,51,61"
103,07:23,3,3,삼성,10,"2,9,19,20,22,39,42,52,59,62"
103,07:23,4,4,여의도,7,"10,15,21,29,33,47,63"
103,07:23,5,5,김포공항,4,"14,44,54,64"
103,07:23,6,6,일산,1,65
103,07:23,7,7,판교,11,"16,24,26,34,35,36,45,46,55,56,66"
103,07:23,8,8,동탄/용인,3,"7,57,67"
103,07:23,9,9,평택,12,"3,8,13,18,23,25,28,31,38,48,58,68"
104,07:24,1,1,서울역,3,"40,50,60"
104,07:24,10,10,인천공항,2,"12,30"
104,07:24,2,2,수서,5,"1,27,41,51,61"
104,07:24,3,3,삼성,11,"2,9,19,20,22,39,42,43,52,59,62"
104,07:24,4,4,여의도,7,"10,15,21,29,33,47,63"
104,07:24,5,5,김포공항,4,"14,44,54,64"
104,07:24,6,6,일산,1,65
104,07:24,7,7,판교,11,"16,24,26,34,35,36,45,46,55,56,66"
104,07:24,8,8,동탄/용인,3,"7,57,67"
104,07:24,9,9,평택,12,"3,8,13,18,23,25,28,31,38,48,58,68"
105,07:25,1,1,서울역,3,"40,50,60"
105,07:25,10,10,인천공항,2,"12,30"
105,07:25,2,2,수서,5,"1,27,41,51,61"
105,07:25,3,3,삼성,11,"2,9,19,20,22,39,42,43,52,59,62"
105,07:25,4,4,여의도,6,"10,15,21,29,33,63"
105,07:25,5,5,김포공항,4,"14,44,54,64"
105,07:25,6,6,일산,1,65
105,07:25,7,7,판교,11,"16,24,26,34,35,36,45,46,55,56,66"
105,07:25,8,8,동탄/용인,3,"7,57,67"
105,07:25,9,9,평택,12,"3,8,13,18,23,25,28,31,38,48,58,68"
106,07:26,1,1,서울역,3,"40,50,60"
106,07:26,10,10,인천공항,2,"12,30"
106,07:26,2,2,수서,5,"1,27,41,51,61"
106,07:26,3,3,삼성,11,"2,9,19,20,22,39,42,43,52,59,62"
106,07:26,4,4,여의도,6,"10,15,21,29,33,63"
106,07:26,5,5,김포공항,4,"14,44,54,64"
106,07:26,6,6,일산,1,65
106,07:26,7,7,판교,11,"16,24,26,34,35,36,45,46,55,56,66"
106,07:26,8,8,동탄/용인,2,"57,67"
106,07:26,9,9,평택,12,"3,8,13,18,23,25,28,31,38,48,58,68"
107,07:27,1,1,서울역,4,"0,40,50,60"
107,07:27,10,10,인천공항,1,12
107,07:27,2,2,수서,5,"1,27,41,51,61"
107,07:27,3,3,삼성,11,"2,9,19,20,22,39,42,43,52,59,62"
107,07:27,4,4,여의도,6,"10,15,21,29,33,63"
107,07:27,5,5,김포공항,4,"14,44,54,64"
107,07:27,6,6,일산,2,"32,65"
107,07:27,7,7,판교,11,"16,24,26,34,35,36,45,46,55,56,66"
107,07:27,8,8,동탄/용인,2,"57,67"
107,07:27,9,9,평택,12,"3,8,13,18,23,25,28,31,38,48,58,68"
108,07:28,1,1,서울역,4,"0,40,50,60"
108,07:28,10,10,인천공항,1,12
108,07:28,2,2,수서,5,"1,27,41,51,61"
108,07:28,3,3,삼성,11,"2,9,19,20,22,39,42,43,52,59,62"
108,07:28,4,4,여의도,6,"10,15,21,29,33,63"
108,07:28,5,5,김포공항,4,"14,44,54,64"
108,07:28,6,6,일산,3,"4,32,65"
108,07:28,7,7,판교,11,"16,24,26,34,35,36,45,46,55,56,66"
108,07:28,8,8,동탄/용인,2,"57,67"
108,07:28,9,9,평택,12,"3,8,13,18,23,25,28,31,38,48,58,68"
109,07:29,1,1,서울역,4,"0,40,50,60"
109,07:29,10,10,인천공항,1,12
109,07:29,2,2,수서,5,"1,27,41,51,61"
109,07:29,3,3,삼성,11,"2,9,19,20,22,39,42,43,52,59,62"
109,07:29,4,4,여의도,6,"10,15,21,29,33,63"
109,07:29,5,5,김포공항,4,"14,44,54,64"
109,07:29,6,6,일산,4,"4,11,32,65"
109,07:29,7,7,판교,11,"16,24,26,34,35,36,45,46,55,56,66"
109,07:29,8,8,동탄/용인,2,"57,67"
109,07:29,9,9,평택,13,"3,8,13,18,23,25,28,31,38,48,49,58,68"
110,07:30,1,1,서울역,4,"0,40,50,60"
110,07:30,10,10,인천공항,1,12
110,07:30,2,2,수서,5,"1,27,41,51,61"
110,07:30,3,3,삼성,11,"2,9,19,20,22,39,42,43,52,59,62"
110,07:30,4,4,여의도,7,"10,15,17,21,29,33,63"
110,07:30,5,5,김포공항,4,"14,44,54,64"
110,07:30,6,6,일산,5,"4,5,11,32,65"
110,07:30,7,7,판교,11,"16,24,26,34,35,36,45,46,55,56,66"
110,07:30,8,8,동탄/용인,2,"57,67"
110,07:30,9,9,평택,13,"3,8,13,18,23,25,28,31,38,48,49,58,68"
111,07:31,1,1,서울역,4,"0,40,50,60"
111,07:31,10,10,인천공항,1,12
111,07:31,2,2,수서,5,"27,37,41,51,61"
111,07:31,3,3,삼성,11,"2,9,19,20,22,39,42,43,52,59,62"
111,07:31,4,4,여의도,7,"10,15,17,21,29,33,63"
111,07:31,5,5,김포공항,5,"14,44,47,54,64"
111,07:31,6,6,일산,4,"5,11,32,65"
111,07:31,7,7,판교,11,"16,24,26,34,35,36,45,46,55,56,66"
111,07:31,8,8,동탄/용인,2,"57,67"
111,07:31,9,9,평택,13,"3,8,13,18,23,25,28,31,38,48,49,58,68"
112,07:32,1,1,서울역,4,"0,40,50,60"
112,07:32,10,10,인천공항,1,12
112,07:32,2,2,수서,5,"27,37,41,51,61"
112,07:32,3,3,삼성,11,"2,9,19,20,22,39,42,43,52,59,62"
112,07:32,4,4,여의도,7,"10,15,17,21,29,33,63"
112,07:32,5,5,김포공항,5,"14,44,47,54,64"
112,07:32,6,6,일산,3,"5,32,65"
112,07:32,7,7,판교,12,"16,24,26,34,35,36,45,46,53,55,56,66"
112,07:32,8,8,동탄/용인,2,"57,67"
112,07:32,9,9,평택,13,"3,8,13,18,23,25,28,31,38,48,49,58,68"
113,07:33,1,1,서울역,4,"0,40,50,60"
113,07:33,10,10,인천공항,1,12
113,07:33,2,2,수서,5,"27,37,41,51,61"
113,07:33,3,3,삼성,11,"2,9,19,20,22,39,42,43,52,59,62"
113,07:33,4,4,여의도,7,"10,15,17,21,29,33,63"
113,07:33,5,5,김포공항,5,"14,44,47,54,64"
113,07:33,6,6,일산,3,"5,32,65"
113,07:33,7,7,판교,12,"16,24,26,34,35,36,45,46,53,55,56,66"
113,07:33,8,8,동탄/용인,2,"57,67"
113,07:33,9,9,평택,13,"3,8,13,18,23,25,28,31,38,48,49,58,68"
114,07:34,1,1,서울역,4,"0,40,50,60"
114,07:34,10,10,인천공항,1,12
114,07:34,2,2,수서,5,"27,37,41,51,61"
114,07:34,3,3,삼성,11,"2,9,19,20,22,39,42,43,52,59,62"
114,07:34,4,4,여의도,7,"10,15,17,21,29,33,63"
114,07:34,5,5,김포공항,4,"14,44,54,64"
114,07:34,6,6,일산,3,"5,32,65"
114,07:34,7,7,판교,11,"24,26,34,35,36,45,46,53,55,56,66"
114,07:34,8,8,동탄/용인,2,"57,67"
114,07:34,9,9,평택,13,"3,8,13,18,23,25,28,31,38,48,49,58,68"
115,07:35,1,1,서울역,4,"0,40,50,60"
115,07:35,10,10,인천공항,1,12
115,07:35,2,2,수서,5,"27,37,41,51,61"
115,07:35,3,3,삼성,11,"2,9,19,20,22,39,42,43,52,59,62"
115,07:35,4,4,여의도,7,"10,15,17,21,29,33,63"
115,07:35,5,5,김포공항,4,"14,44,54,64"
115,07:35,6,6,일산,4,"5,6,32,65"
115,07:35,7,7,판교,11,"24,26,34,35,36,45,46,53,55,56,66"
115,07:35,8,8,동탄/용인,1,67
115,07:35,9,9,평택,13,"3,8,13,18,23,25,28,31,38,48,49,58,68"
116,07:36,1,1,서울역,4,"0,40,50,60"
116,07:36,10,10,인천공항,1,12
116,07:36,2,2,수서,6,"7,27,37,41,51,61"
116,07:36,3,3,삼성,11,"2,9,19,20,22,39,42,43,52,59,62"
116,07:36,4,4,여의도,7,"10,15,17,21,29,33,63"
116,07:36,5,5,김포공항,4,"14,44,54,64"
116,07:36,6,6,일산,3,"6,32,65"
116,07:36,7,7,판교,11,"24,26,34,35,36,45,46,53,55,56,66"
116,07:36,9,9,평택,14,"3,8,13,18,23,25,28,31,38,48,49,58,68,69"
117,07:37,1,1,서울역,4,"0,40,50,60"
117,07:37,10,10,인천공항,1,12
117,07:37,2,2,수서,6,"7,27,37,41,51,61"
117,07:37,3,3,삼성,11,"2,9,19,20,22,39,42,43,52,59,62"
117,07:37,4,4,여의도,8,"1,10,15,17,21,29,33,63"
117,07:37,5,5,김포공항,4,"14,44,54,64"
117,07:37,6,6,일산,3,"6,32,65"
117,07:37,7,7,판교,11,"24,26,34,35,36,45,46,53,55,56,66"
117,07:37,9,9,평택,14,"3,8,13,18,23,25,28,31,38,48,49,58,68,69"
118,07:38,1,1,서울역,5,"0,4,40,50,60"
118,07:38,10,10,인천공항,1,12
118,07:38,2,2,수서,6,"7,27,37,41,51,61"
118,07:38,3,3,삼성,11,"2,9,19,20,22,39,42,43,52,59,62"
118,07:38,4,4,여의도,8,"1,10,15,17,21,29,33,63"
118,07:38,5,5,김포공항,4,"14,44,54,64"
118,07:38,6,6,일산,3,"6,32,65"
118,07:38,7,7,판교,11,"24,26,34,35,36,45,46,53,55,56,66"
118,07:38,9,9,평택,14,"3,8,13,18,23,25,28,31,38,48,49,58,68,69"
119,07:39,1,1,서울역,5,"0,4,40,50,60"
119,07:39,10,10,인천공항,1,12
119,07:39,2,2,수서,6,"7,27,37,41,51,61"
119,07:39,3,3,삼성,11,"2,9,19,20,22,39,42,43,52,59,62"
119,07:39,4,4,여의도,8,"1,10,15,17,21,29,33,63"
119,07:39,5,5,김포공항,4,"14,44,54,64"
119,07:39,6,6,일산,3,"6,32,65"
119,07:39,7,7,판교,11,"24,26,34,35,36,45,46,53,55,56,66"
119,07:39,9,9,평택,14,"3,8,13,18,23,25,28,31,38,48,49,58,68,69"
120,07:40,1,1,서울역,5,"0,4,40,50,60"
120,07:40,10,10,인천공항,1,12
120,07:40,2,2,수서,6,"7,27,37,41,51,61"
120,07:40,3,3,삼성,10,"9,19,20,22,39,42,43,52,59,62"
120,07:40,4,4,여의도,7,"1,10,15,17,21,33,63"
120,07:40,5,5,김포공항,4,"14,44,54,64"
120,07:40,6,6,일산,3,"6,32,65"
120,07:40,7,7,판교,11,"24,26,34,35,36,45,46,53,55,56,66"
120,07:40,9,9,평택,13,"3,8,13,23,25,28,31,38,48,49,58,68,69"
121,07:41,1,1,서울역,5,"0,4,40,50,60"
121,07:41,10,10,인천공항,1,12
121,07:41,2,2,수서,6,"7,27,37,41,51,61"
121,07:41,3,3,삼성,10,"9,19,20,22,39,42,43,52,59,62"
121,07:41,4,4,여의도,8,"1,10,15,16,17,21,33,63"
121,07:41,5,5,김포공항,4,"14,44,54,64"
121,07:41,6,6,일산,3,"6,32,65"
121,07:41,7,7,판교,11,"24,26,34,35,36,45,46,53,55,56,66"
121,07:41,9,9,평택,13,"3,8,13,23,25,28,31,38,48,49,58,68,69"
122,07:42,1,1,서울역,5,"0,4,40,50,60"
122,07:42,10,10,인천공항,1,12
122,07:42,2,2,수서,6,"7,27,37,41,51,61"
122,07:42,3,3,삼성,9,"9,19,20,22,39,42,43,52,59"
122,07:42,4,4,여의도,8,"1,10,15,16,17,21,33,63"
122,07:42,5,5,김포공항,4,"14,44,54,64"
122,07:42,6,6,일산,3,"6,32,65"
122,07:42,7,7,판교,10,"26,34,35,36,45,46,53,55,56,66"
122,07:42,9,9,평택,13,"3,8,13,23,25,28,31,38,48,49,58,68,69"
123,07:43,1,1,서울역,6,"0,4,5,40,50,60"
123,07:43,10,10,인천공항,1,12
123,07:43,2,2,수서,6,"7,27,37,41,51,61"
123,07:43,3,3,삼성,9,"9,19,20,22,39,42,43,52,59"
123,07:43,4,4,여의도,8,"1,10,15,16,17,21,33,63"
123,07:43,5,5,김포공항,4,"14,44,54,64"
123,07:43,6,6,일산,3,"6,32,65"
123,07:43,7,7,판교,10,"26,34,35,36,45,46,53,55,56,66"
123,07:43,9,9,평택,13,"3,8,13,23,25,28,31,38,48,49,58,68,69"
124,07:44,1,1,서울역,6,"0,4,5,40,50,60"
124,07:44,10,10,인천공항,1,12
124,07:44,2,2,수서,6,"7,27,37,41,51,61"
124,07:44,3,3,삼성,9,"9,19,20,22,39,42,43,52,59"
124,07:44,4,4,여의도,8,"1,10,15,16,17,21,33,63"
124,07:44,5,5,김포공항,4,"14,44,54,64"
124,07:44,6,6,일산,2,"6,65"
124,07:44,7,7,판교,12,"11,26,34,35,36,45,46,47,53,55,56,66"
124,07:44,9,9,평택,13,"3,8,13,23,25,28,31,38,48,49,58,68,69"
125,07:45,1,1,서울역,6,"0,4,5,40,50,60"
125,07:45,10,10,인천공항,1,12
125,07:45,2,2,수서,7,"7,27,37,41,51,57,61"
125,07:45,3,3,삼성,8,"9,20,22,39,42,43,52,59"
125,07:45,4,4,여의도,8,"1,10,15,16,17,21,33,63"
125,07:45,5,5,김포공항,4,"14,44,54,64"
125,07:45,6,6,일산,2,"6,65"
125,07:45,7,7,판교,12,"11,26,34,35,36,45,46,47,53,55,56,66"
125,07:45,9,9,평택,12,"8,13,23,25,28,31,38,48,49,58,68,69"
126,07:46,1,1,서울역,6,"0,4,5,40,50,60"
126,07:46,10,10,인천공항,1,12
126,07:46,2,2,수서,8,"7,27,37,41,51,57,61,67"
126,07:46,3,3,삼성,8,"9,20,22,39,42,43,52,59"
126,07:46,4,4,여의도,8,"1,10,15,16,17,21,33,63"
126,07:46,5,5,김포공항,4,"14,44,54,64"
126,07:46,6,6,일산,1,65
126,07:46,7,7,판교,11,"11,26,34,35,45,46,47,53,55,56,66"
126,07:46,8,8,동탄/용인,1,18
126,07:46,9,9,평택,11,"13,23,25,28,30,31,48,49,58,68,69"
127,07:47,1,1,서울역,6,"0,4,5,40,50,60"
127,07:47,10,10,인천공항,1,12
127,07:47,2,2,수서,8,"7,27,37,41,51,57,61,67"
127,07:47,3,3,삼성,8,"9,20,22,39,42,43,52,59"
127,07:47,4,4,여의도,7,"1,15,16,17,21,33,63"
127,07:47,5,5,김포공항,4,"14,44,54,64"
127,07:47,6,6,일산,2,"29,65"
127,07:47,7,7,판교,10,"11,26,34,35,46,47,53,55,56,66"
127,07:47,8,8,동탄/용인,1,18
127,07:47,9,9,평택,11,"13,23,25,28,30,31,48,49,58,68,69"
128,07:48,1,1,서울역,6,"0,4,5,40,50,60"
128,07:48,10,10,인천공항,1,12
128,07:48,2,2,수서,8,"7,27,37,41,51,57,61,67"
128,07:48,3,3,삼성,8,"9,20,22,39,42,43,52,59"
128,07:48,4,4,여의도,7,"1,15,16,17,21,33,63"
128,07:48,5,5,김포공항,4,"14,44,54,64"
128,07:48,6,6,일산,2,"29,65"
128,07:48,7,7,판교,9,"11,26,35,46,47,53,55,56,66"
128,07:48,8,8,동탄/용인,1,18
128,07:48,9,9,평택,11,"13,23,25,28,30,31,48,49,58,68,69"
129,07:49,1,1,서울역,6,"0,4,5,40,50,60"
129,07:49,10,10,인천공항,1,12
129,07:49,2,2,수서,8,"7,27,37,41,51,57,61,67"
129,07:49,3,3,삼성,8,"9,20,22,39,42,43,52,59"
129,07:49,4,4,여의도,8,"1,15,16,17,21,24,33,63"
129,07:49,5,5,김포공항,4,"14,44,54,64"
129,07:49,6,6,일산,2,"29,65"
129,07:49,7,7,판교,9,"11,26,35,46,47,53,55,56,66"
129,07:49,9,9,평택,11,"13,23,25,28,30,31,48,49,58,68,69"
130,07:50,1,1,서울역,6,"0,4,5,40,50,60"
130,07:50,10,10,인천공항,1,12
130,07:50,2,2,수서,8,"7,27,37,41,51,57,61,67"
130,07:50,3,3,삼성,8,"9,20,22,39,42,43,52,59"
130,07:50,4,4,여의도,8,"1,15,16,17,21,24,33,63"
130,07:50,5,5,김포공항,4,"14,44,54,64"
130,07:50,6,6,일산,2,"29,65"
130,07:50,7,7,판교,9,"11,26,35,46,47,53,55,56,66"
130,07:50,8,8,동탄/용인,1,2
130,07:50,9,9,평택,11,"13,23,25,28,30,31,48,49,58,68,69"
131,07:51,1,1,서울역,6,"0,5,32,40,50,60"
131,07:51,10,10,인천공항,1,12
131,07:51,2,2,수서,8,"7,27,37,41,51,57,61,67"
131,07:51,3,3,삼성,8,"9,20,22,39,42,43,52,59"
131,07:51,4,4,여의도,8,"1,15,16,17,21,24,33,63"
131,07:51,5,5,김포공항,4,"14,44,54,64"
131,07:51,6,6,일산,2,"29,65"
131,07:51,7,7,판교,9,"11,26,35,46,47,53,55,56,66"
131,07:51,8,8,동탄/용인,1,2
131,07:51,9,9,평택,10,"13,23,25,28,30,31,48,49,58,68"
132,07:52,1,1,서울역,6,"0,5,32,40,50,60"
132,07:52,2,2,수서,7,"27,37,41,51,57,61,67"
132,07:52,3,3,삼성,8,"9,20,22,39,42,43,52,59"
132,07:52,4,4,여의도,8,"1,15,16,17,21,24,33,63"
132,07:52,5,5,김포공항,4,"14,44,54,64"
132,07:52,6,6,일산,2,"29,65"
132,07:52,7,7,판교,8,"11,26,46,47,53,55,56,66"
132,07:52,8,8,동탄/용인,3,"2,38,62"
132,07:52,9,9,평택,10,"13,23,25,28,30,31,48,49,58,68"
133,07:53,1,1,서울역,7,"0,5,6,32,40,50,60"
133,07:53,2,2,수서,7,"27,37,41,51,57,61,67"
133,07:53,3,3,삼성,8,"9,20,22,39,42,43,52,59"
133,07:53,4,4,여의도,9,"1,15,16,17,21,24,33,36,63"
133,07:53,5,5,김포공항,4,"14,44,54,64"
133,07:53,6,6,일산,1,65
133,07:53,7,7,판교,8,"11,26,46,47,53,55,56,66"
133,07:53,8,8,동탄/용인,3,"2,38,62"
133,07:53,9,9,평택,10,"13,23,25,28,30,31,48,49,58,68"
134,07:54,1,1,서울역,7,"0,5,6,32,40,50,60"
134,07:54,2,2,수서,7,"27,37,41,51,57,61,67"
134,07:54,3,3,삼성,8,"9,20,22,39,42,43,52,59"
134,07:54,4,4,여의도,10,"1,15,16,17,21,24,33,36,45,63"
134,07:54,5,5,김포공항,4,"14,44,54,64"
134,07:54,6,6,일산,2,"10,65"
134,07:54,7,7,판교,8,"11,26,46,47,53,55,56,66"
134,07:54,8,8,동탄/용인,3,"2,38,62"
134,07:54,9,9,평택,10,"13,23,25,28,30,31,48,49,58,68"
135,07:55,1,1,서울역,7,"0,5,6,32,40,50,60"
135,07:55,2,2,수서,7,"27,37,41,51,57,61,67"
135,07:55,3,3,삼성,8,"9,20,22,39,42,43,52,59"
135,07:55,4,4,여의도,11,"1,15,16,17,21,24,33,34,36,45,63"
135,07:55,5,5,김포공항,4,"14,44,54,64"
135,07:55,6,6,일산,2,"10,65"
135,07:55,7,7,판교,8,"11,26,46,47,53,55,56,66"
135,07:55,8,8,동탄/용인,3,"2,19,62"
135,07:55,9,9,평택,10,"13,23,25,28,30,31,48,49,58,68"
136,07:56,1,1,서울역,7,"0,5,6,32,40,50,60"
136,07:56,2,2,수서,7,"27,37,41,51,57,61,67"
136,07:56,3,3,삼성,8,"9,20,22,39,42,43,52,59"
136,07:56,4,4,여의도,11,"1,15,16,17,21,24,33,34,36,45,63"
136,07:56,5,5,김포공항,4,"14,44,54,64"
136,07:56,6,6,일산,2,"10,65"
136,07:56,7,7,판교,8,"11,26,46,47,53,55,56,66"
136,07:56,8,8,동탄/용인,2,"19,62"
136,07:56,9,9,평택,10,"13,23,25,28,30,31,48,49,58,68"
137,07:57,1,1,서울역,7,"0,5,6,32,40,50,60"
137,07:57,2,2,수서,6,"27,37,41,57,61,67"
137,07:57,3,3,삼성,8,"9,20,22,39,42,43,52,59"
137,07:57,4,4,여의도,11,"1,15,16,17,21,24,33,34,36,45,63"
137,07:57,5,5,김포공항,4,"14,44,54,64"
137,07:57,6,6,일산,2,"10,65"
137,07:57,7,7,판교,8,"11,26,46,47,53,55,56,66"
137,07:57,8,8,동탄/용인,2,"19,62"
137,07:57,9,9,평택,10,"13,23,25,28,30,31,48,49,58,68"
138,07:58,1,1,서울역,7,"0,5,6,32,40,50,60"
138,07:58,2,2,수서,6,"27,37,41,57,61,67"
138,07:58,3,3,삼성,8,"9,20,22,39,42,43,52,59"
138,07:58,4,4,여의도,12,"1,7,15,16,17,21,24,33,34,36,45,63"
138,07:58,5,5,김포공항,3,"14,44,54"
138,07:58,6,6,일산,3,"4,10,65"
138,07:58,7,7,판교,8,"11,26,46,47,53,55,56,66"
138,07:58,8,8,동탄/용인,2,"19,62"
138,07:58,9,9,평택,10,"13,23,25,28,30,31,48,49,58,68"
139,07:59,1,1,서울역,8,"0,5,6,32,35,40,50,60"
139,07:59,2,2,수서,7,"18,27,37,41,57,61,67"
139,07:59,3,3,삼성,8,"9,20,22,39,42,43,52,59"
139,07:59,4,4,여의도,12,"1,7,15,16,17,21,24,33,34,36,45,63"
139,07:59,5,5,김포공항,3,"14,44,54"
139,07:59,6,6,일산,3,"4,10,65"
139,07:59,7,7,판교,8,"11,26,46,47,53,55,56,66"
139,07:59,8,8,동탄/용인,2,"19,62"
139,07:59,9,9,평택,10,"13,23,25,28,30,31,48,49,58,68"
140,08:00,1,1,서울역,6,"0,6,32,35,50,60"
140,08:00,2,2,수서,7,"18,27,37,41,57,61,67"
140,08:00,3,3,삼성,8,"9,20,22,39,42,43,52,59"
140,08:00,4,4,여의도,9,"7,15,16,17,24,33,34,36,63"
140,08:00,5,5,김포공항,3,"14,44,54"
140,08:00,6,6,일산,3,"4,10,65"
140,08:00,7,7,판교,8,"11,26,46,47,53,55,56,66"
140,08:00,8,8,동탄/용인,2,"19,62"
140,08:00,9,9,평택,7,"13,23,25,30,31,48,49"
141,08:01,1,1,서울역,5,"6,32,35,50,60"
141,08:01,2,2,수서,7,"18,27,37,41,57,61,67"
141,08:01,3,3,삼성,8,"9,20,22,39,42,43,52,59"
141,08:01,4,4,여의도,8,"15,16,17,24,33,34,36,63"
141,08:01,5,5,김포공항,3,"14,44,54"
141,08:01,6,6,일산,2,"10,65"
141,08:01,7,7,판교,8,"11,26,46,47,53,55,56,66"
141,08:01,8,8,동탄/용인,2,"19,62"
141,08:01,9,9,평택,7,"13,23,25,30,31,48,49"
142,08:02,1,1,서울역,3,"6,32,60"
142,08:02,2,2,수서,7,"18,27,37,41,57,61,67"
142,08:02,3,3,삼성,8,"9,20,22,39,42,43,52,59"
142,08:02,4,4,여의도,7,"16,17,24,33,34,36,63"
142,08:02,5,5,김포공항,3,"14,44,54"
142,08:02,6,6,일산,2,"10,65"
142,08:02,7,7,판교,8,"11,26,46,47,53,55,56,66"
142,08:02,8,8,동탄/용인,2,"19,62"
142,08:02,9,9,평택,7,"13,23,25,30,31,48,49"
143,08:03,1,1,서울역,2,"32,60"
143,08:03,2,2,수서,7,"18,27,37,41,57,61,67"
143,08:03,3,3,삼성,8,"9,20,22,39,42,43,52,59"
143,08:03,4,4,여의도,7,"16,17,24,33,34,36,63"
143,08:03,5,5,김포공항,3,"14,44,54"
143,08:03,6,6,일산,1,65
143,08:03,7,7,판교,8,"11,26,46,47,53,55,56,66"
143,08:03,8,8,동탄/용인,2,"19,62"
143,08:03,9,9,평택,6,"13,25,30,31,48,49"
144,08:04,1,1,서울역,2,"32,60"
144,08:04,2,2,수서,7,"18,27,37,41,57,61,67"
144,08:04,3,3,삼성,8,"9,20,22,39,42,43,52,59"
144,08:04,4,4,여의도,6,"16,17,24,33,34,36"
144,08:04,5,5,김포공항,3,"14,44,54"
144,08:04,6,6,일산,1,65
144,08:04,7,7,판교,8,"11,26,46,47,53,55,56,66"
144,08:04,8,8,동탄/용인,2,"19,62"
144,08:04,9,9,평택,6,"13,25,30,31,48,49"
145,08:05,1,1,서울역,2,"32,60"
145,08:05,2,2,수서,6,"27,37,41,57,61,67"
145,08:05,3,3,삼성,8,"9,20,22,39,42,43,52,59"
145,08:05,4,4,여의도,6,"16,17,24,33,34,36"
145,08:05,5,5,김포공항,4,"14,44,51,54"
145,08:05,6,6,일산,2,"3,65"
145,08:05,7,7,판교,9,"11,26,29,46,47,53,55,56,66"
145,08:05,8,8,동탄/용인,2,"19,62"
145,08:05,9,9,평택,5,"13,25,31,48,49"
146,08:06,1,1,서울역,2,"32,60"
146,08:06,2,2,수서,8,"2,27,37,41,57,61,64,67"
146,08:06,3,3,삼성,9,"9,20,22,39,40,42,43,52,59"
146,08:06,4,4,여의도,7,"16,17,24,33,34,36,38"
146,08:06,5,5,김포공항,5,"1,14,44,51,54"
146,08:06,6,6,일산,3,"3,8,65"
146,08:06,7,7,판교,9,"11,26,29,46,47,53,55,56,66"
146,08:06,8,8,동탄/용인,5,"19,28,58,62,68"
146,08:06,9,9,평택,3,"13,25,48"
147,08:07,1,1,서울역,2,"32,60"
147,08:07,2,2,수서,8,"2,27,37,41,57,61,64,67"
147,08:07,3,3,삼성,8,"12,22,39,40,42,43,52,59"
147,08:07,4,4,여의도,7,"16,17,24,33,34,36,38"
147,08:07,5,5,김포공항,6,"1,7,14,44,51,54"
147,08:07,6,6,일산,6,"3,5,8,21,45,65"
147,08:07,7,7,판교,7,"11,26,29,46,53,55,56"
147,08:07,8,8,동탄/용인,5,"19,28,58,62,68"
147,08:07,9,9,평택,3,"13,25,48"
148,08:08,1,1,서울역,3,"4,32,60"
148,08:08,2,2,수서,7,"2,37,41,57,61,64,67"
148,08:08,3,3,삼성,8,"12,22,39,40,42,43,52,59"
148,08:08,4,4,여의도,7,"16,17,24,33,34,36,38"
148,08:08,5,5,김포공항,7,"1,7,14,15,44,51,54"
148,08:08,6,6,일산,7,"0,3,5,8,21,45,65"
148,08:08,7,7,판교,6,"11,29,46,53,55,56"
148,08:08,8,8,동탄/용인,4,"28,58,62,68"
148,08:08,9,9,평택,3,"13,25,48"
149,08:09,1,1,서울역,2,"4,32"
149,08:09,2,2,수서,7,"2,37,41,57,61,64,67"
149,08:09,3,3,삼성,6,"12,39,42,43,52,59"
149,08:09,4,4,여의도,6,"16,24,33,34,36,38"
149,08:09,5,5,김포공항,5,"7,15,44,51,54"
149,08:09,6,6,일산,9,"0,3,5,8,21,35,45,50,65"
149,08:09,7,7,판교,6,"11,29,46,53,55,56"
149,08:09,8,8,동탄/용인,1,62
149,08:09,9,9,평택,3,"13,25,48"
150,08:10,1,1,서울역,2,"4,32"
150,08:10,2,2,수서,6,"2,37,41,57,61,67"
150,08:10,3,3,삼성,6,"12,39,42,43,52,59"
150,08:10,4,4,여의도,6,"16,24,33,34,36,38"
150,08:10,5,5,김포공항,4,"15,44,51,54"
150,08:10,6,6,일산,7,"0,3,6,8,35,50,65"
150,08:10,7,7,판교,6,"11,29,46,53,55,56"
150,08:10,8,8,동탄/용인,1,62
150,08:10,9,9,평택,3,"13,25,48"
151,08:11,1,1,서울역,1,32
151,08:11,2,2,수서,6,"2,37,41,57,61,67"
151,08:11,3,3,삼성,6,"12,39,42,43,52,59"
151,08:11,4,4,여의도,7,"16,18,24,33,34,36,38"
151,08:11,5,5,김포공항,4,"15,44,51,54"
151,08:11,6,6,일산,8,"0,6,8,35,50,63,65,69"
151,08:11,7,7,판교,6,"11,29,46,53,55,56"
151,08:11,8,8,동탄/용인,2,"30,62"
151,08:11,9,9,평택,3,"13,25,48"
152,08:12,1,1,서울역,1,32
152,08:12,2,2,수서,5,"37,41,57,61,67"
152,08:12,3,3,삼성,5,"12,42,43,52,59"
152,08:12,4,4,여의도,7,"16,18,24,33,34,36,38"
152,08:12,5,5,김포공항,4,"15,44,51,54"
152,08:12,6,6,일산,7,"0,6,8,50,63,65,69"
152,08:12,7,7,판교,5,"11,29,46,55,56"
152,08:12,8,8,동탄/용인,3,"30,49,62"
152,08:12,9,9,평택,3,"13,25,48"
153,08:13,1,1,서울역,1,32
153,08:13,2,2,수서,5,"37,41,57,61,67"
153,08:13,3,3,삼성,6,"12,42,43,52,59,64"
153,08:13,4,4,여의도,7,"16,18,24,33,34,36,38"
153,08:13,5,5,김포공항,4,"15,44,51,54"
153,08:13,6,6,일산,7,"0,6,8,50,63,65,69"
153,08:13,7,7,판교,5,"11,29,46,55,56"
153,08:13,8,8,동탄/용인,3,"30,49,62"
153,08:13,9,9,평택,3,"13,25,48"
154,08:14,1,1,서울역,2,"32,47"
154,08:14,2,2,수서,5,"37,41,57,61,67"
154,08:14,3,3,삼성,6,"12,42,43,52,59,64"
154,08:14,4,4,여의도,10,"9,16,18,24,27,33,34,36,38,66"
154,08:14,5,5,김포공항,3,"44,51,54"
154,08:14,6,6,일산,4,"6,8,50,69"
154,08:14,7,7,판교,5,"11,29,46,55,56"
154,08:14,8,8,동탄/용인,2,"49,62"
154,08:14,9,9,평택,3,"13,25,48"
155,08:15,1,1,서울역,2,"32,47"
155,08:15,2,2,수서,4,"41,57,61,67"
155,08:15,3,3,삼성,6,"12,42,43,52,59,64"
155,08:15,4,4,여의도,11,"9,16,18,24,26,27,33,34,36,38,66"
155,08:15,5,5,김포공항,3,"44,51,54"
155,08:15,6,6,일산,3,"6,8,69"
155,08:15,7,7,판교,5,"11,29,46,55,56"
155,08:15,8,8,동탄/용인,1,62
155,08:15,9,9,평택,3,"13,25,48"
156,08:16,1,1,서울역,2,"32,47"
156,08:16,2,2,수서,4,"41,57,61,67"
156,08:16,3,3,삼성,4,"12,17,42,59"
156,08:16,4,4,여의도,11,"9,16,18,24,26,27,33,34,36,38,66"
156,08:16,5,5,김포공항,3,"44,51,54"
156,08:16,6,6,일산,4,"6,8,60,69"
156,08:16,7,7,판교,6,"11,29,46,55,56,68"
156,08:16,8,8,동탄/용인,1,62
156,08:16,9,9,평택,3,"13,25,48"
157,08:17,1,1,서울역,4,"5,32,45,47"
157,08:17,2,2,수서,3,"57,61,67"
157,08:17,3,3,삼성,5,"1,12,14,17,42"
157,08:17,4,4,여의도,11,"9,16,18,24,26,27,33,34,36,38,66"
157,08:17,5,5,김포공항,4,"40,44,51,54"
157,08:17,6,6,일산,4,"6,8,60,69"
157,08:17,7,7,판교,6,"11,29,46,55,56,68"
157,08:17,8,8,동탄/용인,2,"20,62"
157,08:17,9,9,평택,3,"13,25,48"
158,08:18,1,1,서울역,6,"3,5,32,39,45,47"
158,08:18,2,2,수서,4,"19,57,61,67"
158,08:18,3,3,삼성,7,"1,7,12,14,17,23,42"
158,08:18,4,4,여의도,12,"2,9,16,18,24,26,27,33,34,36,38,66"
158,08:18,5,5,김포공항,4,"40,44,51,54"
158,08:18,6,6,일산,4,"4,8,60,69"
158,08:18,7,7,판교,5,"11,29,46,56,68"
158,08:18,8,8,동탄/용인,2,"20,62"
158,08:18,9,9,평택,3,"13,25,48"
159,08:19,1,1,서울역,7,"3,5,32,39,45,47,53"
159,08:19,2,2,수서,4,"19,57,61,67"
159,08:19,3,3,삼성,6,"1,7,12,14,23,42"
159,08:19,4,4,여의도,12,"2,9,16,18,24,26,27,33,34,36,38,66"
159,08:19,5,5,김포공항,4,"40,44,51,54"
159,08:19,6,6,일산,4,"4,8,60,69"
159,08:19,7,7,판교,4,"11,29,46,56"
159,08:19,8,8,동탄/용인,2,"20,22"
159,08:19,9,9,평택,3,"13,25,48"
160,08:20,1,1,서울역,4,"3,32,39,53"
160,08:20,2,2,수서,3,"19,57,61"
160,08:20,3,3,삼성,6,"1,7,12,14,23,42"
160,08:20,4,4,여의도,8,"2,9,16,28,33,36,38,66"
160,08:20,5,5,김포공항,3,"40,51,54"
160,08:20,6,6,일산,4,"4,8,60,69"
160,08:20,7,7,판교,4,"11,29,46,56"
160,08:20,8,8,동탄/용인,2,"20,22"
160,08:20,9,9,평택,3,"13,25,48"
161,08:21,1,1,서울역,5,"0,32,39,53,65"
161,08:21,2,2,수서,3,"19,57,61"
161,08:21,3,3,삼성,5,"1,7,12,14,42"
161,08:21,4,4,여의도,9,"2,9,16,28,33,36,37,38,66"
161,08:21,5,5,김포공항,3,"40,51,54"
161,08:21,6,6,일산,3,"8,60,69"
161,08:21,7,7,판교,3,"29,46,56"
161,08:21,8,8,동탄/용인,2,"20,22"
161,08:21,9,9,평택,3,"13,25,48"
162,08:22,1,1,서울역,6,"0,31,32,39,53,65"
162,08:22,2,2,수서,3,"19,57,61"
162,08:22,3,3,삼성,7,"1,7,12,14,15,35,42"
162,08:22,4,4,여의도,9,"2,9,16,28,33,36,37,38,66"
162,08:22,5,5,김포공항,3,"40,51,54"
162,08:22,6,6,일산,2,"60,69"
162,08:22,7,7,판교,4,"21,29,46,56"
162,08:22,8,8,동탄/용인,2,"20,22"
162,08:22,9,9,평택,2,"13,25"
163,08:23,1,1,서울역,6,"0,31,32,39,53,65"
163,08:23,2,2,수서,3,"19,57,61"
163,08:23,3,3,삼성,8,"1,7,12,14,15,35,42,67"
163,08:23,4,4,여의도,10,"9,16,28,33,36,37,38,43,52,66"
163,08:23,5,5,김포공항,3,"40,51,58"
163,08:23,6,6,일산,1,69
163,08:23,7,7,판교,3,"21,29,46"
163,08:23,8,8,동탄/용인,1,22
163,08:23,9,9,평택,3,"10,13,25"
164,08:24,1,1,서울역,7,"0,31,32,39,41,53,65"
164,08:24,2,2,수서,3,"19,57,61"
164,08:24,3,3,삼성,8,"1,7,12,14,15,30,35,67"
164,08:24,4,4,여의도,8,"16,28,33,36,38,43,52,59"
164,08:24,5,5,김포공항,3,"40,51,58"
164,08:24,6,6,일산,1,69
164,08:24,7,7,판교,2,"21,29"
164,08:24,8,8,동탄/용인,1,22
164,08:24,9,9,평택,3,"10,13,25"
165,08:25,1,1,서울역,7,"0,31,32,41,53,55,65"
165,08:25,2,2,수서,3,"19,61,63"
165,08:25,3,3,삼성,9,"1,7,12,14,15,30,35,50,67"
165,08:25,4,4,여의도,8,"16,28,33,36,38,43,52,59"
165,08:25,5,5,김포공항,3,"40,51,58"
165,08:25,6,6,일산,1,69
165,08:25,7,7,판교,2,"21,29"
165,08:25,9,9,평택,3,"10,13,25"
166,08:26,1,1,서울역,7,"0,31,32,41,53,55,65"
166,08:26,2,2,수서,4,"19,26,61,63"
166,08:26,3,3,삼성,6,"1,7,15,30,35,50"
166,08:26,4,4,여의도,9,"16,28,33,36,38,43,52,59,68"
166,08:26,5,5,김포공항,4,"18,40,51,58"
166,08:26,6,6,일산,1,69
166,08:26,7,7,판교,2,"21,29"
166,08:26,8,8,동탄/용인,1,64
166,08:26,9,9,평택,2,"10,25"
167,08:27,1,1,서울역,7,"31,32,41,49,53,55,65"
167,08:27,2,2,수서,4,"19,26,61,63"
167,08:27,3,3,삼성,6,"1,7,15,30,35,50"
167,08:27,4,4,여의도,9,"16,28,33,36,38,43,52,59,68"
167,08:27,5,5,김포공항,5,"17,18,40,51,58"
167,08:27,6,6,일산,4,"5,24,34,47"
167,08:27,7,7,판교,4,"21,27,29,45"
167,08:27,8,8,동탄/용인,1,64
167,08:27,9,9,평택,2,"10,25"
168,08:28,1,1,서울역,8,"4,31,32,41,49,53,55,65"
168,08:28,2,2,수서,4,"19,26,61,63"
168,08:28,3,3,삼성,6,"1,7,15,30,44,50"
168,08:28,4,4,여의도,8,"11,16,36,38,43,52,59,68"
168,08:28,5,5,김포공항,5,"17,18,40,51,58"
168,08:28,6,6,일산,5,"3,5,24,34,47"
168,08:28,7,7,판교,4,"21,27,29,45"
168,08:28,8,8,동탄/용인,1,64
168,08:28,9,9,평택,2,"10,25"
169,08:29,1,1,서울역,9,"4,8,31,32,41,49,53,55,65"
169,08:29,2,2,수서,4,"19,61,62,63"
169,08:29,3,3,삼성,6,"1,7,15,30,44,50"
169,08:29,4,4,여의도,5,"11,36,38,52,59"
169,08:29,5,5,김포공항,2,"17,51"
169,08:29,6,6,일산,5,"3,5,24,34,47"
169,08:29,7,7,판교,4,"21,27,29,45"
169,08:29,8,8,동탄/용인,1,64
169,08:29,9,9,평택,2,"10,25"
170,08:30,1,1,서울역,10,"4,8,31,32,41,42,49,55,56,65"
170,08:30,2,2,수서,5,"9,19,61,62,63"
170,08:30,3,3,삼성,6,"1,7,15,30,44,50"
170,08:30,4,4,여의도,5,"11,36,38,52,59"
170,08:30,5,5,김포공항,3,"17,37,51"
170,08:30,6,6,일산,4,"2,3,5,24"
170,08:30,7,7,판교,3,"6,21,29"
170,08:30,8,8,동탄/용인,1,64
170,08:30,9,9,평택,2,"10,25"
171,08:31,1,1,서울역,9,"8,31,32,41,42,49,55,56,65"
171,08:31,2,2,수서,4,"9,19,61,62"
171,08:31,3,3,삼성,6,"1,7,30,44,50,54"
171,08:31,4,4,여의도,6,"11,36,38,46,52,59"
171,08:31,5,5,김포공항,3,"17,37,51"
171,08:31,6,6,일산,3,"2,5,24"
171,08:31,7,7,판교,3,"6,21,29"
171,08:31,8,8,동탄/용인,1,64
171,08:31,9,9,평택,2,"10,25"
172,08:32,1,1,서울역,10,"8,14,31,32,41,42,49,56,57,65"
172,08:32,2,2,수서,4,"9,19,61,62"
172,08:32,3,3,삼성,6,"1,7,30,44,50,54"
172,08:32,4,4,여의도,6,"11,36,38,46,52,59"
172,08:32,5,5,김포공항,3,"17,37,51"
172,08:32,6,6,일산,3,"2,5,24"
172,08:32,7,7,판교,3,"6,29,39"
172,08:32,8,8,동탄/용인,1,64
172,08:32,9,9,평택,2,"10,25"
173,08:33,1,1,서울역,10,"8,14,31,32,41,42,49,56,57,65"
173,08:33,2,2,수서,3,"19,61,62"
173,08:33,3,3,삼성,7,"0,1,7,44,50,54,60"
173,08:33,4,4,여의도,8,"11,12,36,38,46,52,59,67"
173,08:33,5,5,김포공항,2,"37,51"
173,08:33,6,6,일산,1,24
173,08:33,7,7,판교,2,"6,39"
173,08:33,8,8,동탄/용인,1,64
173,08:33,9,9,평택,2,"10,25"
174,08:34,1,1,서울역,11,"8,14,31,32,41,42,49,56,57,65,69"
174,08:34,2,2,수서,4,"19,28,61,62"
174,08:34,3,3,삼성,7,"0,1,7,44,50,54,60"
174,08:34,4,4,여의도,9,"11,12,20,36,38,46,52,59,67"
174,08:34,5,5,김포공항,3,"33,37,51"
174,08:34,7,7,판교,2,"6,39"
174,08:34,8,8,동탄/용인,1,64
174,08:34,9,9,평택,2,"10,25"
175,08:35,1,1,서울역,11,"8,14,31,32,41,42,49,56,57,65,69"
175,08:35,2,2,수서,5,"16,19,28,61,62"
175,08:35,3,3,삼성,7,"0,1,7,44,50,54,60"
175,08:35,4,4,여의도,10,"11,12,20,35,36,38,46,52,59,67"
175,08:35,5,5,김포공항,3,"33,37,51"
175,08:35,7,7,판교,1,6
175,08:35,8,8,동탄/용인,2,"64,66"
175,08:35,9,9,평택,2,"10,25"
176,08:36,1,1,서울역,12,"8,14,26,31,32,41,42,49,56,57,65,69"
176,08:36,2,2,수서,5,"16,19,28,61,62"
176,08:36,3,3,삼성,6,"1,7,44,50,54,60"
176,08:36,4,4,여의도,10,"11,12,20,35,36,38,46,52,59,67"
176,08:36,5,5,김포공항,3,"33,37,51"
176,08:36,6,6,일산,2,"43,68"
176,08:36,7,7,판교,1,6
176,08:36,8,8,동탄/용인,2,"64,66"
176,08:36,9,9,평택,3,"10,23,25"
177,08:37,1,1,서울역,15,"8,14,15,22,26,27,31,32,41,42,45,49,56,57,65"
177,08:37,2,2,수서,5,"16,18,19,61,62"
177,08:37,3,3,삼성,7,"1,7,40,44,50,58,60"
177,08:37,4,4,여의도,11,"11,12,20,34,35,36,38,46,52,59,67"
177,08:37,5,5,김포공항,2,"37,51"
177,08:37,6,6,일산,3,"43,53,68"
177,08:37,7,7,판교,1,6
177,08:37,8,8,동탄/용인,2,"64,66"
177,08:37,9,9,평택,3,"10,23,25"
178,08:38,1,1,서울역,18,"3,8,14,15,22,26,27,31,32,41,42,45,48,49,56,57,63,65"
178,08:38,2,2,수서,4,"18,19,61,62"
178,08:38,3,3,삼성,7,"1,7,40,44,50,58,60"
178,08:38,4,4,여의도,11,"11,12,20,34,35,36,38,46,52,59,67"
178,08:38,5,5,김포공항,2,"37,51"
178,08:38,6,6,일산,4,"4,43,53,68"
178,08:38,7,7,판교,2,"6,13"
178,08:38,8,8,동탄/용인,2,"64,66"
178,08:38,9,9,평택,3,"10,23,25"
179,08:39,1,1,서울역,18,"3,8,14,15,22,26,27,31,32,41,42,45,48,49,56,57,63,65"
179,08:39,2,2,수서,4,"18,19,61,62"
179,08:39,3,3,삼성,4,"1,40,44,58"
179,08:39,4,4,여의도,13,"9,11,12,20,21,34,35,36,38,46,52,59,67"
179,08:39,5,5,김포공항,2,"37,51"
179,08:39,6,6,일산,4,"4,53,55,68"
179,08:39,7,7,판교,1,13
179,08:39,8,8,동탄/용인,2,"64,66"
179,08:39,9,9,평택,3,"10,23,25"
180,08:40,1,1,서울역,15,"2,3,5,8,15,22,26,27,31,41,45,48,56,57,63"
180,08:40,2,2,수서,4,"18,19,61,62"
180,08:40,3,3,삼성,5,"1,40,44,47,58"
180,08:40,4,4,여의도,10,"9,12,20,21,29,36,38,46,52,67"
180,08:40,5,5,김포공항,2,"37,51"
180,08:40,6,6,일산,4,"4,53,55,68"
180,08:40,7,7,판교,1,13
180,08:40,8,8,동탄/용인,2,"64,66"
180,08:40,9,9,평택,3,"10,23,25"
181,08:41,1,1,서울역,14,"2,3,5,8,22,24,26,27,31,45,48,56,57,63"
181,08:41,2,2,수서,4,"18,19,61,62"
181,08:41,3,3,삼성,5,"17,40,44,47,58"
181,08:41,4,4,여의도,10,"9,12,20,21,29,36,38,46,52,67"
181,08:41,5,5,김포공항,2,"37,51"
181,08:41,6,6,일산,3,"53,55,68"
181,08:41,7,7,판교,1,13
181,08:41,8,8,동탄/용인,1,64
181,08:41,9,9,평택,3,"10,23,25"
182,08:42,1,1,서울역,13,"2,3,5,22,24,26,27,31,45,48,56,57,63"
182,08:42,2,2,수서,4,"18,19,61,62"
182,08:42,3,3,삼성,5,"17,40,44,47,58"
182,08:42,4,4,여의도,10,"9,12,20,21,29,36,38,46,52,67"
182,08:42,5,5,김포공항,1,51
182,08:42,6,6,일산,2,"53,68"
182,08:42,7,7,판교,1,13
182,08:42,8,8,동탄/용인,1,64
182,08:42,9,9,평택,3,"10,23,25"
183,08:43,1,1,서울역,10,"2,3,5,22,24,26,27,31,56,63"
183,08:43,2,2,수서,3,"19,61,62"
183,08:43,3,3,삼성,4,"17,40,44,47"
183,08:43,4,4,여의도,9,"9,12,20,21,29,36,46,52,67"
183,08:43,5,5,김포공항,1,51
183,08:43,6,6,일산,2,"53,68"
183,08:43,7,7,판교,1,13
183,08:43,8,8,동탄/용인,1,64
183,08:43,9,9,평택,3,"10,23,25"
184,08:44,1,1,서울역,11,"2,3,5,22,24,26,27,28,31,56,63"
184,08:44,2,2,수서,3,"19,61,62"
184,08:44,3,3,삼성,4,"17,40,44,47"
184,08:44,4,4,여의도,9,"12,16,20,21,36,46,52,54,67"
184,08:44,6,6,일산,2,"53,68"
184,08:44,7,7,판교,2,"13,69"
184,08:44,8,8,동탄/용인,1,64
184,08:44,9,9,평택,3,"10,23,25"
185,08:45,1,1,서울역,11,"3,5,7,22,24,26,27,28,31,56,63"
185,08:45,2,2,수서,4,"19,33,61,62"
185,08:45,3,3,삼성,4,"17,40,44,47"
185,08:45,4,4,여의도,8,"12,16,20,36,46,52,54,67"
185,08:45,5,5,김포공항,1,39
185,08:45,6,6,일산,2,"53,68"
185,08:45,7,7,판교,2,"13,69"
185,08:45,8,8,동탄/용인,1,64
185,08:45,9,9,평택,3,"10,23,25"
186,08:46,1,1,서울역,10,"3,5,6,7,24,27,28,31,56,63"
186,08:46,2,2,수서,5,"19,33,34,61,62"
186,08:46,3,3,삼성,5,"14,17,44,47,49"
186,08:46,4,4,여의도,10,"12,16,20,36,46,50,52,54,60,67"
186,08:46,5,5,김포공항,3,"11,35,39"
186,08:46,7,7,판교,2,"13,69"
186,08:46,8,8,동탄/용인,1,64
186,08:46,9,9,평택,3,"10,23,25"
187,08:47,1,1,서울역,10,"3,5,6,7,24,27,28,31,56,63"
187,08:47,2,2,수서,4,"19,33,34,61"
187,08:47,3,3,삼성,6,"14,15,17,44,47,49"
187,08:47,4,4,여의도,9,"12,16,20,46,50,52,54,60,67"
187,08:47,5,5,김포공항,3,"11,35,39"
187,08:47,6,6,일산,3,"32,42,65"
187,08:47,7,7,판교,2,"13,69"
187,08:47,8,8,동탄/용인,1,64
187,08:47,9,9,평택,3,"10,23,25"
188,08:48,1,1,서울역,11,"3,4,5,6,7,24,27,28,31,56,63"
188,08:48,2,2,수서,4,"19,33,34,61"
188,08:48,3,3,삼성,7,"8,14,15,17,44,47,49"
188,08:48,4,4,여의도,10,"1,12,16,20,46,50,52,54,60,67"
188,08:48,5,5,김포공항,3,"11,35,39"
188,08:48,6,6,일산,4,"32,41,42,65"
188,08:48,7,7,판교,2,"13,69"
188,08:48,8,8,동탄/용인,1,64
188,08:48,9,9,평택,3,"23,25,30"
189,08:49,1,1,서울역,10,"3,4,5,7,24,27,28,31,56,63"
189,08:49,2,2,수서,4,"19,33,38,61"
189,08:49,3,3,삼성,6,"8,15,17,44,45,47"
189,08:49,4,4,여의도,11,"1,12,16,18,20,46,50,52,54,55,60"
189,08:49,5,5,김포공항,1,39
189,08:49,6,6,일산,4,"32,41,42,65"
189,08:49,7,7,판교,2,"13,69"
189,08:49,8,8,동탄/용인,1,64
189,08:49,9,9,평택,3,"23,25,30"
190,08:50,1,1,서울역,9,"3,4,5,7,24,27,28,56,63"
190,08:50,2,2,수서,5,"19,33,38,43,61"
190,08:50,3,3,삼성,6,"8,17,37,44,45,47"
190,08:50,4,4,여의도,11,"1,12,18,20,46,50,52,54,55,58,60"
190,08:50,5,5,김포공항,2,"29,39"
190,08:50,6,6,일산,3,"32,41,48"
190,08:50,7,7,판교,2,"13,69"
190,08:50,8,8,동탄/용인,1,64
190,08:50,9,9,평택,3,"23,25,30"
191,08:51,1,1,서울역,9,"3,4,5,7,24,27,28,56,63"
191,08:51,2,2,수서,5,"19,33,38,43,61"
191,08:51,3,3,삼성,5,"17,37,44,45,47"
191,08:51,4,4,여의도,10,"1,12,18,20,46,50,52,55,58,60"
191,08:51,5,5,김포공항,2,"29,39"
191,08:51,6,6,일산,3,"9,32,48"
191,08:51,7,7,판교,2,"13,69"
191,08:51,8,8,동탄/용인,2,"59,64"
191,08:51,9,9,평택,4,"0,23,25,30"
192,08:52,1,1,서울역,9,"3,4,5,7,24,27,40,56,63"
192,08:52,2,2,수서,4,"19,33,43,61"
192,08:52,3,3,삼성,6,"17,22,37,44,47,51"
192,08:52,4,4,여의도,10,"1,12,18,20,46,50,52,55,58,60"
192,08:52,5,5,김포공항,2,"29,39"
192,08:52,6,6,일산,4,"9,21,32,48"
192,08:52,7,7,판교,3,"2,13,69"
192,08:52,8,8,동탄/용인,2,"59,64"
192,08:52,9,9,평택,4,"0,23,25,30"
193,08:53,1,1,서울역,8,"3,4,5,24,27,40,63,68"
193,08:53,2,2,수서,4,"19,33,43,61"
193,08:53,3,3,삼성,6,"17,22,37,44,47,51"
193,08:53,4,4,여의도,11,"1,12,18,20,46,50,52,55,58,60,62"
193,08:53,5,5,김포공항,2,"29,39"
193,08:53,6,6,일산,4,"9,21,26,48"
193,08:53,7,7,판교,3,"2,13,69"
193,08:53,8,8,동탄/용인,2,"59,64"
193,08:53,9,9,평택,3,"0,25,30"
194,08:54,1,1,서울역,8,"3,4,5,24,27,40,63,68"
194,08:54,2,2,수서,4,"19,33,43,61"
194,08:54,3,3,삼성,6,"17,22,37,44,47,51"
194,08:54,4,4,여의도,11,"1,12,18,20,46,50,52,55,58,60,62"
194,08:54,5,5,김포공항,2,"29,39"
194,08:54,6,6,일산,5,"9,21,26,36,48"
194,08:54,7,7,판교,3,"2,13,69"
194,08:54,8,8,동탄/용인,1,59
194,08:54,9,9,평택,3,"0,25,30"
195,08:55,1,1,서울역,8,"3,4,5,24,27,40,63,68"
195,08:55,2,2,수서,5,"19,33,43,61,67"
195,08:55,3,3,삼성,6,"17,22,37,44,47,51"
195,08:55,4,4,여의도,11,"1,12,18,20,46,50,52,55,58,60,62"
195,08:55,5,5,김포공항,3,"29,39,66"
195,08:55,6,6,일산,4,"9,26,36,48"
195,08:55,7,7,판교,2,"13,69"
195,08:55,8,8,동탄/용인,1,59
195,08:55,9,9,평택,3,"0,25,30"
196,08:56,1,1,서울역,9,"3,4,5,24,27,34,40,63,68"
196,08:56,2,2,수서,6,"16,19,33,43,61,67"
196,08:56,3,3,삼성,6,"17,22,37,44,47,51"
196,08:56,4,4,여의도,12,"1,12,14,18,20,46,50,52,55,58,60,62"
196,08:56,5,5,김포공항,2,"39,66"
196,08:56,6,6,일산,3,"6,9,36"
196,08:56,7,7,판교,2,"13,69"
196,08:56,8,8,동탄/용인,1,59
196,08:56,9,9,평택,3,"0,25,30"
197,08:57,1,1,서울역,11,"3,4,5,8,24,27,34,40,42,63,68"
197,08:57,2,2,수서,7,"11,16,19,33,43,61,67"
197,08:57,3,3,삼성,5,"17,22,37,44,51"
197,08:57,4,4,여의도,13,"1,12,14,15,18,20,46,50,52,55,58,60,62"
197,08:57,5,5,김포공항,3,"39,54,66"
197,08:57,6,6,일산,2,"6,31"
197,08:57,7,7,판교,2,"13,69"
197,08:57,8,8,동탄/용인,1,59
197,08:57,9,9,평택,3,"0,25,30"
198,08:58,1,1,서울역,11,"3,4,5,8,24,27,34,40,42,63,68"
198,08:58,2,2,수서,6,"11,16,19,33,43,61"
198,08:58,3,3,삼성,4,"17,37,44,51"
198,08:58,4,4,여의도,14,"1,12,14,15,18,20,38,46,50,52,55,58,60,62"
198,08:58,5,5,김포공항,2,"54,66"
198,08:58,6,6,일산,2,"6,31"
198,08:58,7,7,판교,3,"13,53,69"
198,08:58,9,9,평택,3,"0,25,30"
199,08:59,1,1,서울역,11,"3,4,5,8,24,27,34,40,42,63,68"
199,08:59,2,2,수서,6,"11,16,19,33,43,61"
199,08:59,3,3,삼성,6,"7,17,37,44,51,56"
199,08:59,4,4,여의도,14,"1,12,14,15,18,20,38,46,50,52,55,58,60,62"
199,08:59,5,5,김포공항,2,"54,66"
199,08:59,6,6,일산,2,"28,31"
199,08:59,7,7,판교,4,"13,35,53,69"
199,08:59,8,8,동탄/용인,1,49
199,08:59,9,9,평택,3,"25,30,57"
200,09:00,1,1,서울역,10,"3,5,8,24,27,34,40,42,63,68"
200,09:00,2,2,수서,6,"11,16,19,33,43,61"
200,09:00,3,3,삼성,5,"7,17,37,51,56"
200,09:00,4,4,여의도,14,"1,12,14,15,18,20,38,46,50,52,55,58,60,62"
200,09:00,5,5,김포공항,3,"45,54,66"
200,09:00,6,6,일산,2,"28,31"
200,09:00,7,7,판교,4,"10,35,53,69"
200,09:00,8,8,동탄/용인,1,49
200,09:00,9,9,평택,3,"25,30,57"
201,09:01,1,1,서울역,9,"5,8,24,27,34,40,42,63,68"
201,09:01,2,2,수서,7,"11,16,19,33,43,61,65"
201,09:01,3,3,삼성,5,"7,37,41,51,56"
201,09:01,4,4,여의도,13,"1,12,14,15,18,20,46,50,52,55,58,60,62"
201,09:01,5,5,김포공항,3,"45,54,66"
201,09:01,6,6,일산,2,"28,31"
201,09:01,7,7,판교,4,"10,35,53,69"
201,09:01,8,8,동탄/용인,1,49
201,09:01,9,9,평택,3,"25,30,57"
202,09:02,1,1,서울역,8,"5,8,27,34,40,42,63,68"
202,09:02,2,2,수서,6,"11,19,33,43,61,65"
202,09:02,3,3,삼성,3,"37,41,51"
202,09:02,4,4,여의도,15,"1,2,12,14,15,18,20,21,46,50,52,55,58,60,62"
202,09:02,5,5,김포공항,3,"45,54,66"
202,09:02,6,6,일산,1,31
202,09:02,7,7,판교,4,"10,35,53,69"
202,09:02,8,8,동탄/용인,1,49
202,09:02,9,9,평택,3,"25,30,57"
203,09:03,1,1,서울역,9,"5,8,27,34,40,42,47,48,68"
203,09:03,2,2,수서,7,"11,19,33,43,44,61,65"
203,09:03,3,3,삼성,4,"32,37,41,51"
203,09:03,4,4,여의도,15,"1,2,12,14,15,18,20,21,46,50,52,55,58,60,62"
203,09:03,5,5,김포공항,2,"45,66"
203,09:03,7,7,판교,3,"35,53,69"
203,09:03,8,8,동탄/용인,1,49
203,09:03,9,9,평택,3,"25,30,57"
204,09:04,1,1,서울역,10,"5,8,9,27,34,40,42,47,48,68"
204,09:04,2,2,수서,8,"11,19,33,43,44,61,64,65"
204,09:04,3,3,삼성,5,"29,32,37,41,51"
204,09:04,4,4,여의도,15,"1,2,12,14,15,18,20,21,46,50,52,55,58,60,62"
204,09:04,5,5,김포공항,2,"45,66"
204,09:04,7,7,판교,3,"35,53,69"
204,09:04,8,8,동탄/용인,1,49
204,09:04,9,9,평택,3,"25,30,57"
205,09:05,1,1,서울역,11,"5,8,9,27,34,40,42,47,48,67,68"
205,09:05,2,2,수서,8,"11,19,33,43,44,61,64,65"
205,09:05,3,3,삼성,5,"29,32,37,41,51"
205,09:05,4,4,여의도,16,"1,2,12,14,15,18,20,21,22,46,50,52,55,58,60,62"
205,09:05,5,5,김포공항,2,"45,66"
205,09:05,7,7,판교,3,"23,53,69"
205,09:05,8,8,동탄/용인,1,49
205,09:05,9,9,평택,2,"25,30"
206,09:06,1,1,서울역,11,"5,6,8,9,27,34,40,42,47,67,68"
206,09:06,2,2,수서,7,"11,19,33,43,61,64,65"
206,09:06,3,3,삼성,8,"4,26,29,32,37,39,41,51"
206,09:06,4,4,여의도,14,"1,2,14,15,20,21,22,46,50,52,55,58,60,62"
206,09:06,5,5,김포공항,1,66
206,09:06,7,7,판교,3,"23,53,69"
206,09:06,8,8,동탄/용인,1,49
206,09:06,9,9,평택,2,"25,30"
207,09:07,1,1,서울역,11,"5,6,8,9,27,34,40,42,47,67,68"
207,09:07,2,2,수서,6,"11,19,33,43,61,64"
207,09:07,3,3,삼성,8,"4,26,29,32,36,39,41,51"
207,09:07,4,4,여의도,13,"1,2,13,14,15,20,22,46,50,52,55,58,60"
207,09:07,5,5,김포공항,2,"38,66"
207,09:07,7,7,판교,3,"23,53,69"
207,09:07,8,8,동탄/용인,1,49
207,09:07,9,9,평택,2,"25,30"
208,09:08,1,1,서울역,11,"5,6,8,9,27,34,40,42,47,67,68"
208,09:08,2,2,수서,5,"11,33,43,61,64"
208,09:08,3,3,삼성,7,"4,26,29,32,36,39,41"
208,09:08,4,4,여의도,14,"2,13,14,15,16,17,20,22,46,50,52,55,58,60"
208,09:08,5,5,김포공항,2,"38,66"
208,09:08,6,6,일산,1,3
208,09:08,7,7,판교,3,"23,53,69"
208,09:08,8,8,동탄/용인,1,49
208,09:08,9,9,평택,2,"25,30"
209,09:09,1,1,서울역,12,"5,6,8,9,27,28,34,40,42,47,67,68"
209,09:09,2,2,수서,5,"11,33,43,61,64"
209,09:09,3,3,삼성,7,"4,26,29,32,36,39,41"
209,09:09,4,4,여의도,16,"2,7,13,14,15,16,17,20,22,46,50,52,55,58,59,60"
209,09:09,5,5,김포공항,2,"38,66"
209,09:09,6,6,일산,2,"3,24"
209,09:09,7,7,판교,3,"23,53,69"
209,09:09,8,8,동탄/용인,1,49
209,09:09,9,9,평택,2,"25,30"
210,09:10,1,1,서울역,13,"5,6,8,9,10,27,28,34,40,42,47,67,68"
210,09:10,2,2,수서,4,"11,43,61,64"
210,09:10,3,3,삼성,7,"4,26,29,32,36,39,41"
210,09:10,4,4,여의도,17,"2,7,13,14,15,16,17,20,22,31,46,50,52,55,58,59,60"
210,09:10,5,5,김포공항,1,66
210,09:10,6,6,일산,2,"3,24"
210,09:10,7,7,판교,2,"23,69"
210,09:10,8,8,동탄/용인,1,49
210,09:10,9,9,평택,2,"25,30"
211,09:11,1,1,서울역,13,"5,6,8,9,10,27,28,34,40,42,47,67,68"
211,09:11,2,2,수서,4,"11,43,61,64"
211,09:11,3,3,삼성,8,"4,26,29,32,36,39,41,54"
211,09:11,4,4,여의도,17,"2,7,13,14,15,16,17,20,22,31,46,50,52,55,58,59,60"
211,09:11,5,5,김포공항,1,66
211,09:11,6,6,일산,2,"3,24"
211,09:11,7,7,판교,3,"0,23,69"
211,09:11,9,9,평택,2,"25,30"
212,09:12,1,1,서울역,13,"5,6,8,9,10,27,28,34,40,42,47,67,68"
212,09:12,2,2,수서,5,"11,12,43,61,64"
212,09:12,3,3,삼성,7,"26,29,32,36,39,41,54"
212,09:12,4,4,여의도,19,"2,7,13,14,15,16,17,20,22,31,35,44,46,50,52,55,58,59,60"
212,09:12,5,5,김포공항,2,"18,66"
212,09:12,6,6,일산,2,"3,24"
212,09:12,7,7,판교,3,"0,23,69"
212,09:12,8,8,동탄/용인,1,56
212,09:12,9,9,평택,2,"25,30"
213,09:13,1,1,서울역,13,"5,6,8,9,10,27,28,34,40,42,47,67,68"
213,09:13,2,2,수서,6,"11,12,43,61,62,64"
213,09:13,3,3,삼성,7,"26,29,32,36,39,41,54"
213,09:13,4,4,여의도,20,"2,7,13,14,15,16,17,20,22,31,35,44,46,50,52,55,58,59,60,65"
213,09:13,5,5,김포공항,2,"18,66"
213,09:13,6,6,일산,2,"3,24"
213,09:13,7,7,판교,4,"0,23,48,69"
213,09:13,8,8,동탄/용인,1,56
213,09:13,9,9,평택,2,"25,30"
214,09:14,1,1,서울역,14,"5,6,8,9,10,27,28,34,40,42,47,51,67,68"
214,09:14,2,2,수서,6,"1,11,12,43,62,64"
214,09:14,3,3,삼성,8,"26,29,32,36,39,41,45,54"
214,09:14,4,4,여의도,21,"2,7,14,15,16,17,19,20,22,31,35,37,44,46,50,52,55,58,59,60,65"
214,09:14,5,5,김포공항,2,"18,66"
214,09:14,6,6,일산,3,"3,21,24"
214,09:14,7,7,판교,4,"0,23,48,69"
214,09:14,8,8,동탄/용인,1,56
214,09:14,9,9,평택,1,30
215,09:15,1,1,서울역,14,"5,6,8,9,10,27,28,34,40,42,47,51,67,68"
215,09:15,2,2,수서,4,"1,11,62,64"
215,09:15,3,3,삼성,8,"26,29,32,36,39,41,45,54"
215,09:15,4,4,여의도,21,"2,7,14,15,16,17,19,20,22,31,35,37,44,46,50,52,55,58,59,60,65"
215,09:15,5,5,김포공항,1,66
215,09:15,6,6,일산,1,21
215,09:15,7,7,판교,4,"0,23,48,69"
215,09:15,8,8,동탄/용인,1,56
215,09:15,9,9,평택,1,30
216,09:16,1,1,서울역,14,"5,6,8,9,10,27,28,34,40,42,47,51,67,68"
216,09:16,2,2,수서,3,"1,11,64"
216,09:16,3,3,삼성,8,"26,29,32,36,39,41,45,54"
216,09:16,4,4,여의도,22,"2,7,14,15,16,17,19,20,22,31,33,35,37,44,46,50,52,55,58,59,60,65"
216,09:16,5,5,김포공항,1,66
216,09:16,6,6,일산,1,21
216,09:16,7,7,판교,4,"0,23,48,69"
216,09:16,8,8,동탄/용인,1,56
216,09:16,9,9,평택,1,30
217,09:17,1,1,서울역,14,"5,6,8,9,10,27,28,34,40,42,47,51,67,68"
217,09:17,2,2,수서,3,"1,11,64"
217,09:17,3,3,삼성,8,"26,29,32,36,39,41,45,54"
217,09:17,4,4,여의도,23,"2,7,14,15,16,17,19,20,22,31,33,35,37,44,46,50,52,53,55,58,59,60,65"
217,09:17,5,5,김포공항,1,66
217,09:17,7,7,판교,4,"0,23,48,69"
217,09:17,8,8,동탄/용인,1,56
217,09:17,9,9,평택,1,30
218,09:18,1,1,서울역,13,"6,8,9,10,27,28,34,40,42,47,51,67,68"
218,09:18,2,2,수서,3,"1,11,64"
218,09:18,3,3,삼성,8,"26,29,32,36,39,41,45,54"
218,09:18,4,4,여의도,23,"2,7,14,15,16,17,19,20,22,31,33,35,37,44,46,50,52,53,55,58,59,60,65"
218,09:18,5,5,김포공항,1,66
218,09:18,7,7,판교,4,"0,23,48,69"
218,09:18,8,8,동탄/용인,1,56
218,09:18,9,9,평택,1,30
219,09:19,1,1,서울역,13,"6,8,9,10,27,28,34,40,42,47,51,67,68"
219,09:19,2,2,수서,4,"1,11,57,64"
219,09:19,3,3,삼성,7,"26,29,32,39,41,45,54"
219,09:19,4,4,여의도,23,"2,4,7,15,16,17,19,20,22,31,33,35,37,44,46,50,52,53,55,58,59,60,65"
219,09:19,5,5,김포공항,1,66
219,09:19,7,7,판교,4,"0,23,48,69"
219,09:19,8,8,동탄/용인,1,56
219,09:19,9,9,평택,2,"30,63"
220,09:20,1,1,서울역,12,"6,8,9,10,27,28,34,40,42,47,51,67"
220,09:20,2,2,수서,4,"1,11,57,64"
220,09:20,3,3,삼성,7,"26,29,32,39,41,45,54"
220,09:20,4,4,여의도,19,"2,4,15,16,17,19,20,31,33,35,37,44,46,52,53,55,58,60,65"
220,09:20,5,5,김포공항,1,66
220,09:20,7,7,판교,4,"0,23,38,48"
220,09:20,8,8,동탄/용인,1,56
220,09:20,9,9,평택,2,"30,63"
221,09:21,1,1,서울역,13,"6,8,9,10,27,28,34,40,42,47,51,61,67"
221,09:21,2,2,수서,5,"1,11,49,57,64"
221,09:21,3,3,삼성,6,"26,29,32,39,41,45"
221,09:21,4,4,여의도,21,"2,4,12,15,16,17,19,20,31,33,35,37,43,44,46,52,53,55,58,60,65"
221,09:21,5,5,김포공항,1,66
221,09:21,7,7,판교,5,"0,13,23,38,48"
221,09:21,9,9,평택,2,"30,63"
222,09:22,1,1,서울역,13,"3,6,8,9,10,27,28,34,40,42,47,51,61"
222,09:22,2,2,수서,5,"1,11,49,57,64"
222,09:22,3,3,삼성,6,"26,29,32,39,41,45"
222,09:22,4,4,여의도,21,"2,4,12,15,16,17,19,20,31,35,37,43,44,46,52,53,55,58,60,62,65"
222,09:22,5,5,김포공항,1,66
222,09:22,7,7,판교,3,"0,13,38"
222,09:22,9,9,평택,2,"30,63"
223,09:23,1,1,서울역,13,"3,6,8,9,10,27,28,34,40,42,47,51,61"
223,09:23,2,2,수서,5,"1,11,18,49,57"
223,09:23,3,3,삼성,6,"26,29,32,39,41,45"
223,09:23,4,4,여의도,19,"4,12,15,16,17,19,20,31,35,37,43,44,46,53,55,58,60,62,65"
223,09:23,7,7,판교,3,"0,13,38"
223,09:23,9,9,평택,2,"30,63"
224,09:24,1,1,서울역,12,"3,6,8,9,10,27,28,34,42,47,51,61"
224,09:24,2,2,수서,5,"1,11,18,49,57"
224,09:24,3,3,삼성,6,"26,29,32,39,41,45"
224,09:24,4,4,여의도,19,"4,12,15,16,17,19,20,31,35,37,43,44,46,53,55,58,60,62,65"
224,09:24,7,7,판교,3,"0,13,38"
224,09:24,9,9,평택,2,"30,63"
225,09:25,1,1,서울역,12,"3,6,8,9,10,27,28,34,42,47,51,61"
225,09:25,2,2,수서,5,"1,11,18,49,57"
225,09:25,3,3,삼성,7,"24,26,29,32,39,41,45"
225,09:25,4,4,여의도,18,"12,15,16,17,19,20,31,35,37,43,44,46,53,55,58,60,62,65"
225,09:25,7,7,판교,3,"0,13,38"
225,09:25,9,9,평택,2,"30,63"
226,09:26,1,1,서울역,12,"3,6,8,9,10,27,28,34,42,47,51,61"
226,09:26,2,2,수서,5,"1,11,18,49,50"
226,09:26,3,3,삼성,7,"24,26,29,32,39,41,45"
226,09:26,4,4,여의도,18,"12,15,16,17,19,20,31,35,36,37,43,44,46,53,55,58,62,65"
226,09:26,5,5,김포공항,1,7
226,09:26,7,7,판교,5,"0,13,14,25,38"
226,09:26,9,9,평택,2,"30,63"
227,09:27,1,1,서울역,11,"3,6,8,9,10,27,28,34,42,47,51"
227,09:27,2,2,수서,5,"1,11,18,49,50"
227,09:27,3,3,삼성,8,"21,24,26,29,32,39,41,45"
227,09:27,4,4,여의도,18,"12,15,16,17,19,20,31,35,36,37,43,44,46,53,55,58,62,65"
227,09:27,5,5,김포공항,1,7
227,09:27,6,6,일산,1,68
227,09:27,7,7,판교,5,"0,13,14,25,38"
227,09:27,9,9,평택,2,"30,63"
228,09:28,1,1,서울역,11,"3,6,8,9,10,27,28,34,42,47,51"
228,09:28,2,2,수서,5,"1,11,18,49,50"
228,09:28,3,3,삼성,9,"21,24,26,29,32,39,41,45,67"
228,09:28,4,4,여의도,18,"12,15,16,17,20,31,35,36,37,43,44,46,53,54,55,58,62,65"
228,09:28,5,5,김포공항,2,"7,33"
228,09:28,6,6,일산,1,68
228,09:28,7,7,판교,5,"0,13,14,25,38"
228,09:28,9,9,평택,2,"30,63"
229,09:29,1,1,서울역,12,"3,6,8,9,10,23,27,28,34,42,47,51"
229,09:29,2,2,수서,4,"1,2,11,49"
229,09:29,3,3,삼성,9,"21,24,26,29,32,39,41,45,67"
229,09:29,4,4,여의도,19,"12,15,16,17,20,31,35,36,37,43,44,46,48,53,54,55,58,62,65"
229,09:29,5,5,김포공항,1,33
229,09:29,6,6,일산,1,68
229,09:29,7,7,판교,4,"0,14,25,38"
229,09:29,9,9,평택,2,"30,63"
230,09:30,1,1,서울역,13,"3,6,8,9,10,23,27,28,34,42,47,51,64"
230,09:30,2,2,수서,4,"1,2,11,49"
230,09:30,3,3,삼성,9,"21,24,26,29,32,39,41,45,67"
230,09:30,4,4,여의도,19,"12,15,16,17,20,31,35,36,37,43,44,46,48,53,54,55,58,62,65"
230,09:30,5,5,김포공항,1,33
230,09:30,7,7,판교,3,"14,25,38"
230,09:30,9,9,평택,2,"30,63"
231,09:31,1,1,서울역,13,"3,6,8,9,10,23,27,28,34,42,47,51,64"
231,09:31,10,10,인천공항,1,5
231,09:31,2,2,수서,5,"1,2,11,49,56"
231,09:31,3,3,삼성,8,"21,24,26,29,39,41,45,67"
231,09:31,4,4,여의도,19,"12,15,16,17,20,31,35,36,37,43,44,46,48,53,54,55,58,62,65"
231,09:31,6,6,일산,1,40
231,09:31,7,7,판교,3,"14,25,38"
231,09:31,8,8,동탄/용인,1,22
231,09:31,9,9,평택,1,63
232,09:32,1,1,서울역,12,"3,6,9,10,23,27,28,34,42,47,51,64"
232,09:32,10,10,인천공항,1,5
232,09:32,2,2,수서,5,"1,2,11,49,56"
232,09:32,3,3,삼성,7,"21,24,29,39,41,45,67"
232,09:32,4,4,여의도,19,"12,15,16,17,20,31,35,36,37,43,44,46,48,53,54,55,58,62,65"
232,09:32,6,6,일산,1,40
232,09:32,7,7,판교,3,"14,25,38"
232,09:32,8,8,동탄/용인,1,22
232,09:32,9,9,평택,2,"63,69"
233,09:33,1,1,서울역,13,"3,6,9,10,23,27,28,34,42,47,51,57,64"
233,09:33,10,10,인천공항,1,5
233,09:33,2,2,수서,5,"1,2,11,49,56"
233,09:33,3,3,삼성,7,"21,24,29,39,41,45,67"
233,09:33,4,4,여의도,18,"12,16,17,20,31,35,36,37,43,44,46,48,53,54,55,58,62,65"
233,09:33,6,6,일산,1,40
233,09:33,7,7,판교,4,"14,25,38,66"
233,09:33,8,8,동탄/용인,1,22
233,09:33,9,9,평택,2,"63,69"
234,09:34,1,1,서울역,13,"3,6,9,10,23,27,28,34,42,47,51,57,64"
234,09:34,10,10,인천공항,1,5
234,09:34,2,2,수서,4,"2,11,49,56"
234,09:34,3,3,삼성,6,"21,24,29,39,41,45"
234,09:34,4,4,여의도,18,"12,16,17,20,31,35,36,37,43,44,46,48,53,54,55,58,62,65"
234,09:34,7,7,판교,4,"14,25,38,66"
234,09:34,9,9,평택,2,"63,69"
235,09:35,1,1,서울역,13,"3,6,9,10,23,27,28,34,42,47,51,57,64"
235,09:35,10,10,인천공항,2,"5,52"
235,09:35,2,2,수서,4,"2,11,49,56"
235,09:35,3,3,삼성,6,"21,24,29,39,41,45"
235,09:35,4,4,여의도,21,"7,12,16,17,18,20,31,35,36,37,43,44,46,48,50,53,54,55,58,62,65"
235,09:35,7,7,판교,5,"14,19,25,38,66"
235,09:35,9,9,평택,2,"59,63"
236,09:36,1,1,서울역,13,"3,6,9,10,23,27,28,34,42,47,51,57,64"
236,09:36,10,10,인천공항,2,"5,52"
236,09:36,2,2,수서,4,"2,11,49,56"
236,09:36,3,3,삼성,6,"21,24,29,39,41,45"
236,09:36,4,4,여의도,22,"7,12,13,16,17,18,20,31,35,36,37,43,44,46,48,50,53,54,55,58,62,65"
236,09:36,7,7,판교,5,"14,19,25,38,66"
236,09:36,8,8,동탄/용인,1,4
236,09:36,9,9,평택,2,"59,63"
237,09:37,1,1,서울역,15,"0,3,6,9,10,23,27,28,34,42,47,51,57,64,68"
237,09:37,10,10,인천공항,2,"5,52"
237,09:37,2,2,수서,4,"2,11,49,56"
237,09:37,3,3,삼성,5,"21,24,39,41,45"
237,09:37,4,4,여의도,21,"7,12,13,17,18,20,31,35,36,37,43,44,46,48,50,53,54,55,58,62,65"
237,09:37,7,7,판교,5,"14,19,25,38,66"
237,09:37,8,8,동탄/용인,1,4
237,09:37,9,9,평택,2,"59,63"
238,09:38,1,1,서울역,15,"0,3,6,9,10,23,27,28,34,42,47,51,57,64,68"
238,09:38,2,2,수서,3,"11,49,56"
238,09:38,3,3,삼성,5,"21,24,39,41,45"
238,09:38,4,4,여의도,22,"7,12,13,17,18,20,31,32,35,36,37,43,44,46,48,50,53,54,55,58,62,65"
238,09:38,7,7,판교,5,"14,19,25,38,66"
238,09:38,8,8,동탄/용인,1,4
238,09:38,9,9,평택,1,63
239,09:39,1,1,서울역,15,"0,3,6,9,10,23,27,28,34,42,47,51,57,64,68"
239,09:39,2,2,수서,4,"11,15,49,56"
239,09:39,3,3,삼성,6,"21,24,33,39,41,45"
239,09:39,4,4,여의도,23,"7,12,13,17,18,20,26,31,32,35,36,37,43,44,46,48,50,53,54,55,58,62,65"
239,09:39,6,6,일산,1,8
239,09:39,7,7,판교,5,"14,19,25,38,66"
239,09:39,9,9,평택,1,63
240,09:40,1,1,서울역,11,"0,3,6,9,23,27,42,47,51,57,68"
240,09:40,2,2,수서,4,"11,15,49,56"
240,09:40,3,3,삼성,6,"21,24,33,39,41,45"
240,09:40,4,4,여의도,21,"1,7,13,17,20,26,31,32,35,36,37,43,44,46,48,50,53,54,55,58,65"
240,09:40,6,6,일산,1,8
240,09:40,7,7,판교,4,"19,25,38,66"
241,09:41,1,1,서울역,10,"0,3,6,9,23,27,42,47,51,68"
241,09:41,2,2,수서,4,"11,15,49,56"
241,09:41,3,3,삼성,6,"21,24,33,39,41,45"
241,09:41,4,4,여의도,21,"1,7,13,17,20,26,31,32,35,36,37,43,44,46,48,50,53,54,55,58,65"
241,09:41,6,6,일산,1,8
241,09:41,7,7,판교,4,"19,25,38,66"
241,09:41,9,9,평택,1,60
242,09:42,1,1,서울역,9,"0,3,6,9,27,42,47,51,68"
242,09:42,2,2,수서,3,"11,15,49"
242,09:42,3,3,삼성,6,"21,24,33,39,41,45"
242,09:42,4,4,여의도,20,"1,7,13,17,20,26,31,32,35,36,37,43,44,46,50,53,54,55,58,65"
242,09:42,7,7,판교,4,"19,25,38,66"
242,09:42,9,9,평택,1,60
243,09:43,1,1,서울역,7,"0,3,6,9,27,42,68"
243,09:43,2,2,수서,3,"15,16,49"
243,09:43,3,3,삼성,5,"21,24,33,41,45"
243,09:43,4,4,여의도,20,"1,7,13,17,20,26,31,32,35,36,37,43,44,46,50,53,54,55,58,65"
243,09:43,7,7,판교,5,"19,25,30,38,66"
243,09:43,9,9,평택,2,"60,61"
244,09:44,1,1,서울역,6,"0,3,9,27,42,68"
244,09:44,2,2,수서,4,"15,16,22,49"
244,09:44,3,3,삼성,5,"21,24,33,41,45"
244,09:44,4,4,여의도,22,"1,2,7,13,17,20,26,29,31,32,35,36,37,43,44,46,50,53,54,55,58,65"
244,09:44,7,7,판교,5,"19,25,30,38,66"
244,09:44,9,9,평택,2,"60,61"
245,09:45,1,1,서울역,5,"0,3,27,42,68"
245,09:45,2,2,수서,4,"15,16,22,49"
245,09:45,3,3,삼성,5,"21,24,33,41,45"
245,09:45,4,4,여의도,22,"1,2,7,13,17,20,26,29,31,32,35,36,37,43,44,46,50,53,54,55,58,65"
245,09:45,7,7,판교,4,"19,25,30,66"
245,09:45,9,9,평택,2,"60,61"
246,09:46,1,1,서울역,5,"0,3,27,42,68"
246,09:46,2,2,수서,5,"12,15,16,22,49"
246,09:46,3,3,삼성,5,"21,24,33,41,64"
246,09:46,4,4,여의도,22,"1,2,7,13,17,20,26,29,31,32,35,36,37,43,44,46,50,53,54,55,58,65"
246,09:46,5,5,김포공항,1,18
246,09:46,7,7,판교,5,"19,25,30,40,66"
246,09:46,8,8,동탄/용인,1,63
246,09:46,9,9,평택,2,"60,61"
247,09:47,1,1,서울역,5,"0,3,27,42,68"
247,09:47,2,2,수서,5,"12,15,16,22,49"
247,09:47,3,3,삼성,5,"21,24,33,57,64"
247,09:47,4,4,여의도,21,"1,2,7,13,17,26,29,31,32,35,36,37,43,44,46,50,53,54,55,58,65"
247,09:47,5,5,김포공항,1,18
247,09:47,6,6,일산,2,"10,62"
247,09:47,7,7,판교,5,"19,25,30,40,66"
247,09:47,8,8,동탄/용인,1,63
248,09:48,1,1,서울역,4,"0,3,42,68"
248,09:48,2,2,수서,5,"12,15,16,22,49"
248,09:48,3,3,삼성,6,"21,23,24,33,57,64"
248,09:48,4,4,여의도,22,"1,2,7,13,17,26,29,31,32,35,36,37,43,44,46,50,53,54,55,56,58,65"
248,09:48,5,5,김포공항,3,"18,28,34"
248,09:48,6,6,일산,2,"10,62"
248,09:48,7,7,판교,5,"19,25,30,40,66"
248,09:48,8,8,동탄/용인,1,63
249,09:49,1,1,서울역,4,"0,3,42,68"
249,09:49,2,2,수서,5,"4,15,16,22,49"
249,09:49,3,3,삼성,5,"21,23,24,33,57"
249,09:49,4,4,여의도,23,"1,2,7,11,13,17,26,29,31,32,35,36,37,43,44,46,50,53,54,55,56,58,65"
249,09:49,5,5,김포공항,2,"28,34"
249,09:49,6,6,일산,3,"10,48,62"
249,09:49,7,7,판교,5,"19,25,30,40,66"
249,09:49,9,9,평택,1,67
250,09:50,1,1,서울역,4,"0,3,42,68"
250,09:50,2,2,수서,5,"4,16,22,47,49"
250,09:50,3,3,삼성,4,"21,23,24,33"
250,09:50,4,4,여의도,24,"1,2,7,11,13,17,26,29,31,32,35,36,37,39,43,44,46,50,53,54,55,56,58,65"
250,09:50,5,5,김포공항,3,"14,28,34"
250,09:50,6,6,일산,2,"48,51"
250,09:50,7,7,판교,5,"19,25,30,40,66"
250,09:50,9,9,평택,1,67
251,09:51,1,1,서울역,4,"3,5,42,68"
251,09:51,2,2,수서,5,"4,16,22,47,49"
251,09:51,3,3,삼성,4,"21,23,24,33"
251,09:51,4,4,여의도,24,"1,2,7,11,13,17,26,29,31,32,35,36,37,39,43,44,46,50,53,54,55,56,58,65"
251,09:51,5,5,김포공항,1,14
251,09:51,6,6,일산,3,"6,48,51"
251,09:51,7,7,판교,4,"25,30,40,66"
251,09:51,9,9,평택,1,67
252,09:52,1,1,서울역,4,"3,5,42,68"
252,09:52,2,2,수서,5,"4,16,22,47,49"
252,09:52,3,3,삼성,5,"8,21,23,24,33"
252,09:52,4,4,여의도,24,"1,2,7,11,13,17,26,29,31,32,35,36,37,39,43,44,46,50,53,54,55,56,58,65"
252,09:52,5,5,김포공항,1,14
252,09:52,6,6,일산,3,"6,9,51"
252,09:52,7,7,판교,4,"25,30,40,66"
252,09:52,9,9,평택,1,67
253,09:53,1,1,서울역,5,"3,5,41,42,68"
253,09:53,2,2,수서,4,"4,16,22,49"
253,09:53,3,3,삼성,5,"8,21,23,24,33"
253,09:53,4,4,여의도,25,"1,2,7,11,13,17,26,29,31,32,35,36,37,39,43,44,45,46,50,53,54,55,56,58,65"
253,09:53,6,6,일산,2,"6,9"
253,09:53,7,7,판교,4,"25,30,40,66"
253,09:53,8,8,동탄/용인,1,61
253,09:53,9,9,평택,1,67
254,09:54,1,1,서울역,5,"3,5,41,42,68"
254,09:54,2,2,수서,4,"4,16,22,49"
254,09:54,3,3,삼성,5,"8,21,24,27,33"
254,09:54,4,4,여의도,25,"1,2,7,11,13,17,26,29,31,32,35,36,37,39,43,44,45,46,50,53,54,55,56,58,65"
254,09:54,6,6,일산,1,9
254,09:54,7,7,판교,4,"25,30,40,66"
254,09:54,8,8,동탄/용인,1,61
254,09:54,9,9,평택,1,67
255,09:55,1,1,서울역,5,"3,5,41,42,68"
255,09:55,2,2,수서,3,"16,22,49"
255,09:55,3,3,삼성,5,"8,21,24,27,33"
255,09:55,4,4,여의도,24,"1,2,7,13,17,26,29,31,32,35,36,37,39,43,44,45,46,50,53,54,55,56,58,65"
255,09:55,5,5,김포공항,1,38
255,09:55,6,6,일산,1,69
255,09:55,7,7,판교,4,"25,30,40,66"
255,09:55,8,8,동탄/용인,1,61
255,09:55,9,9,평택,1,67
256,09:56,1,1,서울역,6,"3,5,12,41,42,68"
256,09:56,2,2,수서,3,"16,22,49"
256,09:56,3,3,삼성,4,"8,21,24,27"
256,09:56,4,4,여의도,26,"1,2,7,13,15,17,26,29,31,32,35,36,37,39,43,44,45,46,50,53,54,55,56,58,64,65"
256,09:56,5,5,김포공항,1,38
256,09:56,6,6,일산,1,69
256,09:56,7,7,판교,4,"25,30,40,66"
256,09:56,9,9,평택,1,67
257,09:57,1,1,서울역,7,"3,5,12,41,42,62,68"
257,09:57,2,2,수서,3,"16,22,49"
257,09:57,3,3,삼성,5,"8,18,21,24,27"
257,09:57,4,4,여의도,26,"1,2,7,13,15,17,26,29,31,32,35,36,37,39,43,44,45,46,50,53,54,55,56,58,64,65"
257,09:57,5,5,김포공항,1,38
257,09:57,6,6,일산,1,69
257,09:57,7,7,판교,4,"25,30,40,66"
257,09:57,9,9,평택,2,"52,67"
258,09:58,1,1,서울역,8,"3,5,12,19,41,42,62,68"
258,09:58,2,2,수서,3,"16,22,49"
258,09:58,3,3,삼성,5,"8,18,21,24,27"
258,09:58,4,4,여의도,26,"1,2,7,13,15,17,26,29,31,32,35,36,37,39,43,44,45,46,50,53,54,55,56,58,64,65"
258,09:58,5,5,김포공항,1,38
258,09:58,6,6,일산,2,"59,69"
258,09:58,7,7,판교,5,"0,25,30,40,66"
258,09:58,8,8,동탄/용인,1,20
258,09:58,9,9,평택,2,"52,67"
259,09:59,1,1,서울역,8,"3,5,12,19,41,42,62,68"
259,09:59,2,2,수서,4,"22,33,49,63"
259,09:59,3,3,삼성,6,"8,18,24,27,28,34"
259,09:59,4,4,여의도,25,"1,2,7,13,15,17,26,29,32,35,36,37,39,43,44,45,46,50,53,54,55,56,58,64,65"
259,09:59,5,5,김포공항,1,38
259,09:59,6,6,일산,2,"59,69"
259,09:59,7,7,판교,6,"0,25,30,40,60,66"
259,09:59,8,8,동탄/용인,1,20
259,09:59,9,9,평택,2,"52,67"
260,10:00,1,1,서울역,9,"3,5,12,19,41,42,47,62,68"
260,10:00,2,2,수서,3,"33,49,63"
260,10:00,3,3,삼성,4,"8,18,28,34"
260,10:00,4,4,여의도,18,"1,2,7,15,17,29,32,35,36,37,39,43,45,46,53,55,56,58"
260,10:00,5,5,김포공항,1,38
260,10:00,6,6,일산,3,"57,59,69"
260,10:00,7,7,판교,5,"0,25,30,40,60"
260,10:00,8,8,동탄/용인,1,20
260,10:00,9,9,평택,2,"52,67"
261,10:01,1,1,서울역,9,"3,6,12,19,41,42,47,62,68"
261,10:01,2,2,수서,2,"33,63"
261,10:01,3,3,삼성,4,"8,18,28,34"
261,10:01,4,4,여의도,20,"1,2,4,7,15,17,23,29,32,35,36,37,39,43,45,46,53,55,56,58"
261,10:01,6,6,일산,3,"57,59,69"
261,10:01,7,7,판교,5,"0,25,30,40,60"
261,10:01,9,9,평택,2,"52,67"
262,10:02,1,1,서울역,10,"3,6,9,12,19,41,42,47,62,68"
262,10:02,2,2,수서,1,63
262,10:02,3,3,삼성,3,"18,28,34"
262,10:02,4,4,여의도,19,"1,4,7,15,17,23,29,32,35,36,37,39,43,45,46,53,55,56,58"
262,10:02,6,6,일산,2,"57,59"
262,10:02,7,7,판교,6,"0,10,25,30,40,60"
262,10:02,9,9,평택,2,"52,67"
263,10:03,1,1,서울역,9,"3,6,9,12,19,41,42,62,68"
263,10:03,2,2,수서,2,"24,63"
263,10:03,3,3,삼성,3,"18,28,34"
263,10:03,4,4,여의도,18,"1,4,7,15,17,23,32,35,36,37,39,43,45,46,53,55,56,58"
263,10:03,6,6,일산,1,59
263,10:03,7,7,판교,7,"0,10,14,25,30,40,60"
263,10:03,9,9,평택,2,"52,67"
264,10:04,1,1,서울역,7,"3,6,9,41,42,62,68"
264,10:04,2,2,수서,3,"24,51,63"
264,10:04,3,3,삼성,3,"18,28,34"
264,10:04,4,4,여의도,16,"1,4,7,15,23,32,35,36,37,39,43,46,53,55,56,58"
264,10:04,6,6,일산,1,59
264,10:04,7,7,판교,8,"0,10,14,25,30,40,48,60"
264,10:04,9,9,평택,2,"52,67"
265,10:05,1,1,서울역,6,"3,6,41,42,62,68"
265,10:05,2,2,수서,4,"24,31,51,63"
265,10:05,3,3,삼성,2,"18,28"
265,10:05,4,4,여의도,16,"4,7,15,16,23,32,35,36,37,39,43,46,53,55,56,58"
265,10:05,6,6,일산,1,59
265,10:05,7,7,판교,8,"0,10,14,25,30,40,48,60"
265,10:05,9,9,평택,2,"52,67"
266,10:06,1,1,서울역,5,"3,41,42,62,68"
266,10:06,2,2,수서,5,"13,26,31,51,61"
266,10:06,3,3,삼성,2,"18,28"
266,10:06,4,4,여의도,18,"4,7,15,16,21,22,23,32,35,36,37,39,43,46,53,55,56,58"
266,10:06,5,5,김포공항,1,65
266,10:06,6,6,일산,1,59
266,10:06,7,7,판교,7,"0,10,14,30,40,48,60"
266,10:06,9,9,평택,2,"52,67"
267,10:07,1,1,서울역,5,"3,41,42,62,68"
267,10:07,10,10,인천공항,1,11
267,10:07,2,2,수서,5,"13,26,31,51,61"
267,10:07,3,3,삼성,2,"18,28"
267,10:07,4,4,여의도,18,"4,7,15,16,21,22,27,35,36,37,39,43,46,49,53,55,56,58"
267,10:07,5,5,김포공항,1,65
267,10:07,6,6,일산,3,"50,54,59"
267,10:07,7,7,판교,6,"0,10,14,30,40,48"
267,10:07,9,9,평택,2,"52,67"
268,10:08,1,1,서울역,5,"3,41,42,62,68"
268,10:08,10,10,인천공항,1,11
268,10:08,2,2,수서,5,"13,26,31,51,61"
268,10:08,3,3,삼성,2,"18,28"
268,10:08,4,4,여의도,16,"4,7,15,16,21,22,27,36,37,39,43,46,49,53,55,58"
268,10:08,5,5,김포공항,2,"2,65"
268,10:08,6,6,일산,4,"5,50,54,59"
268,10:08,7,7,판교,5,"0,14,30,40,48"
268,10:08,9,9,평택,2,"52,67"
269,10:09,1,1,서울역,4,"33,41,42,62"
269,10:09,10,10,인천공항,1,11
269,10:09,2,2,수서,4,"13,31,51,61"
269,10:09,3,3,삼성,2,"18,28"
269,10:09,4,4,여의도,16,"4,7,8,15,16,21,27,36,37,39,43,46,49,53,55,58"
269,10:09,5,5,김포공항,1,2
269,10:09,6,6,일산,4,"5,50,54,59"
269,10:09,7,7,판교,5,"0,14,30,40,48"
269,10:09,9,9,평택,2,"52,67"
270,10:10,1,1,서울역,4,"33,41,42,62"
270,10:10,10,10,인천공항,1,11
270,10:10,2,2,수서,5,"13,17,31,51,61"
270,10:10,3,3,삼성,4,"12,18,19,29"
270,10:10,4,4,여의도,16,"4,7,8,15,16,21,27,36,37,39,43,46,49,53,55,58"
270,10:10,5,5,김포공항,1,2
270,10:10,6,6,일산,3,"5,47,59"
270,10:10,7,7,판교,5,"0,14,30,40,48"
270,10:10,9,9,평택,2,"52,67"
271,10:11,1,1,서울역,4,"33,34,42,62"
271,10:11,10,10,인천공항,1,11
271,10:11,2,2,수서,5,"13,17,31,51,61"
271,10:11,3,3,삼성,6,"9,12,18,19,29,45"
271,10:11,4,4,여의도,15,"4,7,8,15,16,21,27,36,37,39,43,46,49,55,58"
271,10:11,5,5,김포공항,1,1
271,10:11,6,6,일산,2,"47,59"
271,10:11,7,7,판교,5,"0,14,38,40,48"
271,10:11,8,8,동탄/용인,1,44
271,10:11,9,9,평택,1,52
272,10:12,1,1,서울역,3,"34,42,62"
272,10:12,10,10,인천공항,2,"11,64"
272,10:12,2,2,수서,4,"17,31,51,61"
272,10:12,3,3,삼성,7,"9,12,18,19,29,45,69"
272,10:12,4,4,여의도,17,"4,7,8,15,16,20,21,27,36,37,39,43,46,49,55,58,63"
272,10:12,5,5,김포공항,1,1
272,10:12,6,6,일산,3,"47,59,66"
272,10:12,7,7,판교,5,"0,14,38,40,48"
272,10:12,8,8,동탄/용인,1,44
272,10:12,9,9,평택,1,52
273,10:13,1,1,서울역,4,"24,25,34,62"
273,10:13,10,10,인천공항,2,"11,64"
273,10:13,2,2,수서,4,"31,32,51,61"
273,10:13,3,3,삼성,7,"9,12,18,29,45,57,69"
273,10:13,4,4,여의도,17,"4,7,8,15,16,20,21,27,36,37,39,43,46,49,55,58,63"
273,10:13,5,5,김포공항,1,1
273,10:13,6,6,일산,3,"6,59,66"
273,10:13,7,7,판교,5,"0,14,38,40,48"
273,10:13,8,8,동탄/용인,1,44
273,10:13,9,9,평택,1,52
274,10:14,1,1,서울역,4,"24,25,34,62"
274,10:14,10,10,인천공항,2,"11,64"
274,10:14,2,2,수서,3,"31,32,61"
274,10:14,3,3,삼성,6,"12,18,23,29,57,69"
274,10:14,4,4,여의도,17,"4,7,8,15,16,20,21,27,36,37,39,43,46,49,55,58,63"
274,10:14,6,6,일산,3,"6,59,66"
274,10:14,7,7,판교,5,"0,14,38,40,48"
274,10:14,8,8,동탄/용인,1,60
275,10:15,1,1,서울역,5,"10,24,25,34,62"
275,10:15,10,10,인천공항,1,11
275,10:15,2,2,수서,3,"31,32,61"
275,10:15,3,3,삼성,6,"12,18,23,29,35,57"
275,10:15,4,4,여의도,16,"7,8,15,16,20,21,27,36,37,39,43,46,49,55,58,63"
275,10:15,5,5,김포공항,1,22
275,10:15,6,6,일산,2,"6,59"
275,10:15,7,7,판교,4,"0,14,38,48"
275,10:15,8,8,동탄/용인,1,60
276,10:16,1,1,서울역,4,"10,24,34,62"
276,10:16,10,10,인천공항,1,11
276,10:16,2,2,수서,3,"31,32,61"
276,10:16,3,3,삼성,4,"18,23,29,35"
276,10:16,4,4,여의도,13,"8,15,16,20,21,27,37,39,43,49,55,58,63"
276,10:16,5,5,김포공항,1,22
276,10:16,6,6,일산,1,59
276,10:16,7,7,판교,4,"0,3,38,48"
276,10:16,8,8,동탄/용인,1,60
277,10:17,1,1,서울역,4,"10,24,34,62"
277,10:17,10,10,인천공항,1,11
277,10:17,2,2,수서,3,"31,32,61"
277,10:17,3,3,삼성,4,"18,29,35,41"
277,10:17,4,4,여의도,13,"8,15,16,20,21,27,37,39,43,49,55,58,63"
277,10:17,5,5,김포공항,4,"22,26,53,68"
277,10:17,6,6,일산,1,59
277,10:17,7,7,판교,4,"0,3,38,48"
277,10:17,8,8,동탄/용인,1,60
278,10:18,1,1,서울역,5,"5,10,24,34,62"
278,10:18,10,10,인천공항,1,11
278,10:18,2,2,수서,3,"31,32,61"
278,10:18,3,3,삼성,5,"18,29,33,35,41"
278,10:18,4,4,여의도,13,"15,16,20,21,27,30,37,39,43,49,55,58,63"
278,10:18,5,5,김포공항,4,"26,28,53,68"
278,10:18,6,6,일산,1,59
278,10:18,7,7,판교,4,"0,3,38,48"
278,10:18,8,8,동탄/용인,1,60
279,10:19,1,1,서울역,5,"5,10,24,34,62"
279,10:19,10,10,인천공항,1,11
279,10:19,2,2,수서,4,"2,31,32,61"
279,10:19,3,3,삼성,5,"18,29,33,35,41"
279,10:19,4,4,여의도,13,"15,16,20,21,27,30,37,39,43,49,55,58,63"
279,10:19,5,5,김포공항,4,"26,28,53,68"
279,10:19,7,7,판교,5,"0,3,38,48,65"
279,10:19,8,8,동탄/용인,2,"56,60"
280,10:20,1,1,서울역,2,"5,9"
280,10:20,10,10,인천공항,1,11
280,10:20,2,2,수서,3,"2,31,32"
280,10:20,3,3,삼성,6,"18,29,33,35,41,54"
280,10:20,4,4,여의도,9,"19,20,21,30,37,43,55,58,63"
280,10:20,5,5,김포공항,4,"13,26,28,68"
280,10:20,7,7,판교,4,"0,3,48,65"
280,10:20,8,8,동탄/용인,2,"56,60"
281,10:21,1,1,서울역,3,"5,9,51"
281,10:21,10,10,인천공항,1,11
281,10:21,2,2,수서,5,"2,4,31,32,50"
281,10:21,3,3,삼성,4,"18,29,41,54"
281,10:21,4,4,여의도,9,"19,20,21,30,37,43,55,58,63"
281,10:21,5,5,김포공항,5,"13,17,26,28,68"
281,10:21,7,7,판교,3,"0,3,65"
281,10:21,8,8,동탄/용인,2,"56,60"
282,10:22,1,1,서울역,5,"1,5,9,12,51"
282,10:22,10,10,인천공항,1,11
282,10:22,2,2,수서,6,"2,4,7,31,32,50"
282,10:22,3,3,삼성,4,"18,29,41,54"
282,10:22,4,4,여의도,9,"19,20,21,30,40,43,55,58,63"
282,10:22,5,5,김포공항,6,"13,17,26,28,45,68"
282,10:22,7,7,판교,3,"0,3,65"
283,10:23,1,1,서울역,7,"1,5,6,9,12,14,51"
283,10:23,2,2,수서,5,"2,4,7,32,50"
283,10:23,3,3,삼성,4,"36,47,54,61"
283,10:23,4,4,여의도,9,"19,20,21,30,40,43,55,58,63"
283,10:23,5,5,김포공항,4,"13,17,28,45"
283,10:23,6,6,일산,1,25
283,10:23,7,7,판교,4,"0,3,46,65"
284,10:24,1,1,서울역,6,"1,5,6,9,12,14"
284,10:24,2,2,수서,5,"2,4,7,32,50"
284,10:24,3,3,삼성,4,"36,47,54,61"
284,10:24,4,4,여의도,7,"19,20,21,40,43,55,63"
284,10:24,5,5,김포공항,4,"13,17,28,45"
284,10:24,6,6,일산,1,25
284,10:24,7,7,판교,4,"0,3,46,65"
285,10:25,1,1,서울역,6,"1,5,6,9,12,14"
285,10:25,2,2,수서,3,"4,7,50"
285,10:25,3,3,삼성,4,"36,47,54,61"
285,10:25,4,4,여의도,8,"19,20,21,40,43,44,55,63"
285,10:25,5,5,김포공항,5,"13,17,23,28,45"
285,10:25,6,6,일산,2,"25,69"
285,10:25,7,7,판교,4,"0,3,8,46"
286,10:26,1,1,서울역,8,"1,5,6,9,12,14,22,59"
286,10:26,10,10,인천공항,1,42
286,10:26,2,2,수서,4,"4,7,16,50"
286,10:26,3,3,삼성,4,"10,36,47,62"
286,10:26,4,4,여의도,9,"19,20,21,40,43,44,55,63,67"
286,10:26,5,5,김포공항,7,"13,15,17,23,27,28,45"
286,10:26,6,6,일산,3,"25,57,69"
286,10:26,7,7,판교,4,"0,3,8,46"
287,10:27,1,1,서울역,9,"1,5,6,9,12,14,22,35,59"
287,10:27,10,10,인천공항,1,42
287,10:27,2,2,수서,4,"4,7,16,50"
287,10:27,3,3,삼성,5,"10,36,39,47,62"
287,10:27,4,4,여의도,10,"19,20,21,38,40,44,55,63,64,67"
287,10:27,5,5,김포공항,6,"13,15,23,27,28,45"
287,10:27,6,6,일산,3,"25,57,69"
287,10:27,7,7,판교,5,"0,8,46,49,66"
288,10:28,1,1,서울역,9,"1,5,6,9,12,14,22,35,59"
288,10:28,10,10,인천공항,1,42
288,10:28,2,2,수서,5,"4,7,16,50,52"
288,10:28,3,3,삼성,6,"10,36,39,47,53,62"
288,10:28,4,4,여의도,11,"19,20,21,33,38,40,44,48,63,64,67"
288,10:28,5,5,김포공항,6,"13,15,23,27,28,45"
288,10:28,6,6,일산,3,"25,57,69"
288,10:28,7,7,판교,4,"8,46,49,66"
289,10:29,1,1,서울역,9,"1,5,6,9,12,18,22,35,59"
289,10:29,10,10,인천공항,1,42
289,10:29,2,2,수서,3,"4,7,52"
289,10:29,3,3,삼성,4,"36,37,39,53"
289,10:29,4,4,여의도,12,"19,20,21,31,33,38,40,44,48,63,64,67"
289,10:29,5,5,김포공항,3,"23,28,45"
289,10:29,6,6,일산,3,"25,57,69"
289,10:29,7,7,판교,4,"8,46,49,66"
290,10:30,1,1,서울역,8,"1,5,6,9,12,18,22,59"
290,10:30,10,10,인천공항,1,42
290,10:30,2,2,수서,2,"7,52"
290,10:30,3,3,삼성,5,"36,37,39,51,53"
290,10:30,4,4,여의도,11,"19,21,31,33,38,40,41,44,48,64,67"
290,10:30,5,5,김포공항,3,"23,28,45"
290,10:30,6,6,일산,3,"25,57,69"
290,10:30,7,7,판교,4,"8,46,49,66"
291,10:31,1,1,서울역,9,"1,5,9,12,18,22,26,59,68"
291,10:31,10,10,인천공항,1,42
291,10:31,2,2,수서,2,"7,52"
291,10:31,3,3,삼성,5,"36,37,39,51,53"
291,10:31,4,4,여의도,12,"19,21,31,32,33,38,40,41,44,48,64,67"
291,10:31,5,5,김포공항,3,"28,29,45"
291,10:31,6,6,일산,3,"25,57,69"
291,10:31,7,7,판교,5,"8,46,49,58,66"
292,10:32,1,1,서울역,9,"1,5,9,12,18,26,59,61,68"
292,10:32,10,10,인천공항,1,42
292,10:32,2,2,수서,2,"7,52"
292,10:32,3,3,삼성,5,"36,37,39,51,53"
292,10:32,4,4,여의도,12,"19,21,31,32,33,38,40,41,44,48,64,67"
292,10:32,5,5,김포공항,3,"28,29,45"
292,10:32,6,6,일산,3,"25,57,69"
292,10:32,7,7,판교,5,"8,46,49,58,66"
292,10:32,8,8,동탄/용인,2,"24,34"
293,10:33,1,1,서울역,9,"1,5,9,12,18,26,59,61,68"
293,10:33,10,10,인천공항,1,42
293,10:33,2,2,수서,3,"7,43,52"
293,10:33,3,3,삼성,3,"36,37,53"
293,10:33,4,4,여의도,13,"19,21,31,32,33,40,41,44,48,54,56,64,67"
293,10:33,5,5,김포공항,4,"2,28,29,45"
293,10:33,6,6,일산,3,"25,57,69"
293,10:33,7,7,판교,5,"8,46,49,58,66"
293,10:33,8,8,동탄/용인,2,"24,34"
294,10:34,1,1,서울역,11,"1,3,5,9,12,18,26,59,60,61,68"
294,10:34,10,10,인천공항,1,42
294,10:34,2,2,수서,4,"7,43,52,55"
294,10:34,3,3,삼성,3,"36,37,53"
294,10:34,4,4,여의도,12,"19,21,31,32,33,40,41,48,54,56,64,67"
294,10:34,5,5,김포공항,4,"2,28,29,45"
294,10:34,6,6,일산,3,"25,57,69"
294,10:34,7,7,판교,5,"8,46,49,58,66"
294,10:34,8,8,동탄/용인,2,"24,34"
295,10:35,1,1,서울역,11,"1,3,5,9,12,18,26,47,59,60,68"
295,10:35,10,10,인천공항,1,42
295,10:35,2,2,수서,4,"7,43,52,55"
295,10:35,3,3,삼성,4,"17,36,37,53"
295,10:35,4,4,여의도,13,"0,19,21,31,32,33,40,41,48,54,56,64,67"
295,10:35,5,5,김포공항,5,"2,28,29,45,65"
295,10:35,6,6,일산,3,"25,57,69"
295,10:35,7,7,판교,5,"8,46,49,58,66"
295,10:35,8,8,동탄/용인,2,"30,34"
296,10:36,1,1,서울역,12,"1,3,5,9,11,12,26,47,50,59,60,68"
296,10:36,10,10,인천공항,1,42
296,10:36,2,2,수서,4,"7,43,52,55"
296,10:36,3,3,삼성,4,"17,35,37,53"
296,10:36,4,4,여의도,14,"0,10,19,21,31,32,33,40,41,48,54,56,64,67"
296,10:36,5,5,김포공항,5,"2,28,29,45,65"
296,10:36,6,6,일산,3,"25,57,69"
296,10:36,7,7,판교,5,"8,46,49,58,66"
296,10:36,8,8,동탄/용인,2,"30,34"
297,10:37,1,1,서울역,12,"1,3,5,9,11,12,26,47,50,59,60,68"
297,10:37,10,10,인천공항,1,42
297,10:37,2,2,수서,5,"7,15,43,52,55"
297,10:37,3,3,삼성,6,"13,17,27,35,37,63"
297,10:37,4,4,여의도,13,"0,10,19,21,31,33,40,41,48,54,56,64,67"
297,10:37,5,5,김포공항,6,"2,16,28,45,62,65"
297,10:37,6,6,일산,3,"25,57,69"
297,10:37,7,7,판교,6,"8,20,46,49,58,66"
297,10:37,8,8,동탄/용인,2,"30,34"
298,10:38,1,1,서울역,12,"1,3,5,9,11,12,26,47,50,59,60,68"
298,10:38,2,2,수서,6,"6,7,15,43,52,55"
298,10:38,3,3,삼성,6,"13,17,27,35,37,63"
298,10:38,4,4,여의도,13,"0,10,19,21,31,33,40,41,48,54,56,64,67"
298,10:38,5,5,김포공항,6,"2,4,16,28,62,65"
298,10:38,6,6,일산,3,"25,57,69"
298,10:38,7,7,판교,6,"8,20,46,49,58,66"
298,10:38,8,8,동탄/용인,1,34
299,10:39,1,1,서울역,13,"1,3,5,9,11,12,23,26,47,50,59,60,68"
299,10:39,2,2,수서,4,"6,15,43,55"
299,10:39,3,3,삼성,6,"13,17,27,35,37,63"
299,10:39,4,4,여의도,13,"0,10,19,21,31,33,40,41,48,54,61,64,67"
299,10:39,5,5,김포공항,6,"2,4,16,28,62,65"
299,10:39,6,6,일산,3,"25,57,69"
299,10:39,7,7,판교,5,"8,20,46,58,66"
300,10:40,1,1,서울역,9,"1,9,11,12,23,47,50,60,68"
300,10:40,2,2,수서,4,"6,15,44,55"
300,10:40,3,3,삼성,6,"13,17,27,35,37,63"
300,10:40,4,4,여의도,11,"0,10,19,21,31,33,41,54,61,64,67"
300,10:40,5,5,김포공항,5,"4,16,28,62,65"
300,10:40,6,6,일산,3,"25,57,69"
300,10:40,7,7,판교,4,"20,46,58,66"
301,10:41,1,1,서울역,8,"1,9,11,12,23,50,60,68"
301,10:41,2,2,수서,3,"15,44,55"
301,10:41,3,3,삼성,6,"13,17,27,35,37,63"
301,10:41,4,4,여의도,11,"0,10,19,21,31,33,41,54,61,64,67"
301,10:41,5,5,김포공항,7,"4,16,28,39,51,62,65"
301,10:41,6,6,일산,2,"57,69"
301,10:41,7,7,판교,4,"20,46,58,66"
302,10:42,1,1,서울역,7,"1,9,11,12,23,60,68"
302,10:42,10,10,인천공항,1,14
302,10:42,2,2,수서,3,"15,44,55"
302,10:42,3,3,삼성,5,"13,17,27,37,63"
302,10:42,4,4,여의도,9,"0,10,21,31,33,41,54,64,67"
302,10:42,5,5,김포공항,7,"4,16,28,39,51,62,65"
302,10:42,6,6,일산,2,"57,69"
302,10:42,7,7,판교,4,"20,46,58,66"
303,10:43,1,1,서울역,4,"1,12,23,53"
303,10:43,10,10,인천공항,1,14
303,10:43,2,2,수서,2,"15,44"
303,10:43,3,3,삼성,5,"13,17,27,37,63"
303,10:43,4,4,여의도,8,"0,10,21,31,33,41,64,67"
303,10:43,5,5,김포공항,4,"4,39,51,65"
303,10:43,6,6,일산,2,"57,69"
303,10:43,7,7,판교,3,"46,58,66"
304,10:44,1,1,서울역,3,"1,23,53"
304,10:44,10,10,인천공항,1,14
304,10:44,2,2,수서,2,"15,44"
304,10:44,3,3,삼성,5,"13,17,27,37,63"
304,10:44,4,4,여의도,6,"0,10,21,31,41,67"
304,10:44,5,5,김포공항,5,"4,36,39,51,65"
304,10:44,6,6,일산,2,"57,69"
304,10:44,7,7,판교,4,"32,46,58,66"
305,10:45,1,1,서울역,2,"23,53"
305,10:45,10,10,인천공항,2,"14,22"
305,10:45,2,2,수서,2,"15,44"
305,10:45,3,3,삼성,6,"13,17,27,29,37,63"
305,10:45,4,4,여의도,7,"0,7,10,21,31,41,67"
305,10:45,5,5,김포공항,5,"4,36,39,51,65"
305,10:45,6,6,일산,2,"57,69"
305,10:45,7,7,판교,3,"32,58,66"
306,10:46,1,1,서울역,4,"23,45,52,53"
306,10:46,10,10,인천공항,2,"14,22"
306,10:46,2,2,수서,3,"15,44,48"
306,10:46,3,3,삼성,7,"13,17,27,29,37,56,63"
306,10:46,4,4,여의도,8,"0,7,10,21,31,41,49,67"
306,10:46,5,5,김포공항,5,"4,36,39,51,65"
306,10:46,6,6,일산,1,57
306,10:46,7,7,판교,3,"32,58,66"
307,10:47,1,1,서울역,6,"8,23,24,45,52,53"
307,10:47,10,10,인천공항,2,"14,22"
307,10:47,2,2,수서,5,"5,15,44,48,59"
307,10:47,3,3,삼성,7,"13,17,27,29,47,56,63"
307,10:47,4,4,여의도,9,"0,7,9,11,21,31,41,49,67"
307,10:47,5,5,김포공항,3,"36,39,65"
307,10:47,6,6,일산,1,3
307,10:47,7,7,판교,2,"58,66"
308,10:48,1,1,서울역,6,"8,23,24,45,52,53"
308,10:48,10,10,인천공항,2,"14,22"
308,10:48,2,2,수서,5,"5,15,44,48,59"
308,10:48,3,3,삼성,6,"13,27,29,47,56,63"
308,10:48,4,4,여의도,10,"0,7,9,11,12,21,31,41,49,67"
308,10:48,5,5,김포공항,4,"36,39,43,65"
308,10:48,6,6,일산,1,3
308,10:48,7,7,판교,1,66
308,10:48,9,9,평택,1,38
309,10:49,1,1,서울역,4,"8,23,24,45"
309,10:49,10,10,인천공항,3,"14,18,22"
309,10:49,2,2,수서,5,"5,15,20,48,59"
309,10:49,3,3,삼성,7,"13,19,27,29,47,56,63"
309,10:49,4,4,여의도,11,"0,7,9,11,12,21,30,31,41,49,67"
309,10:49,5,5,김포공항,4,"36,39,43,65"
309,10:49,6,6,일산,1,3
309,10:49,7,7,판교,1,66
309,10:49,9,9,평택,1,38
310,10:50,1,1,서울역,4,"8,23,24,45"
310,10:50,10,10,인천공항,3,"14,18,22"
310,10:50,2,2,수서,5,"5,15,20,48,60"
310,10:50,3,3,삼성,7,"13,19,27,29,47,56,63"
310,10:50,4,4,여의도,10,"0,7,9,12,21,30,31,41,49,67"
310,10:50,5,5,김포공항,4,"35,36,43,65"
310,10:50,7,7,판교,3,"2,54,66"
310,10:50,9,9,평택,1,38
311,10:51,1,1,서울역,6,"8,23,24,28,34,45"
311,10:51,10,10,인천공항,3,"14,18,22"
311,10:51,2,2,수서,7,"5,15,16,20,48,60,62"
311,10:51,3,3,삼성,8,"13,19,27,29,47,56,63,64"
311,10:51,4,4,여의도,9,"0,9,12,21,30,31,41,49,67"
311,10:51,5,5,김포공항,4,"35,36,55,65"
311,10:51,7,7,판교,3,"2,54,66"
311,10:51,9,9,평택,1,38
312,10:52,1,1,서울역,7,"8,23,24,28,34,45,46"
312,10:52,10,10,인천공항,2,"14,18"
312,10:52,2,2,수서,6,"5,15,16,48,60,62"
312,10:52,3,3,삼성,8,"13,19,27,29,47,56,63,64"
312,10:52,4,4,여의도,8,"0,9,12,21,30,31,41,49"
312,10:52,5,5,김포공항,4,"35,36,55,65"
312,10:52,6,6,일산,1,6
312,10:52,7,7,판교,4,"1,2,54,66"
312,10:52,8,8,동탄/용인,1,26
312,10:52,9,9,평택,1,38
313,10:53,1,1,서울역,7,"8,23,24,28,34,45,46"
313,10:53,10,10,인천공항,2,"14,18"
313,10:53,2,2,수서,6,"10,15,16,48,60,62"
313,10:53,3,3,삼성,8,"13,19,27,29,42,56,63,64"
313,10:53,4,4,여의도,7,"0,12,21,30,31,41,49"
313,10:53,5,5,김포공항,3,"35,55,65"
313,10:53,6,6,일산,1,6
313,10:53,7,7,판교,5,"1,2,25,54,66"
313,10:53,8,8,동탄/용인,2,"26,61"
313,10:53,9,9,평택,1,38
314,10:54,1,1,서울역,7,"8,23,24,28,34,45,46"
314,10:54,10,10,인천공항,2,"14,18"
314,10:54,2,2,수서,5,"10,15,16,48,60"
314,10:54,3,3,삼성,8,"13,19,27,29,42,56,63,64"
314,10:54,4,4,여의도,8,"0,12,21,30,31,37,41,49"
314,10:54,5,5,김포공항,3,"35,55,65"
314,10:54,6,6,일산,1,6
314,10:54,7,7,판교,4,"1,2,25,54"
314,10:54,8,8,동탄/용인,3,"26,32,61"
314,10:54,9,9,평택,1,38
315,10:55,1,1,서울역,9,"4,8,23,24,28,34,45,46,58"
315,10:55,10,10,인천공항,1,14
315,10:55,2,2,수서,5,"10,15,16,48,60"
315,10:55,3,3,삼성,9,"13,19,29,42,51,52,56,63,64"
315,10:55,4,4,여의도,7,"0,21,30,31,37,41,44"
315,10:55,5,5,김포공항,3,"35,55,65"
315,10:55,6,6,일산,1,6
315,10:55,7,7,판교,4,"1,2,25,54"
315,10:55,8,8,동탄/용인,2,"32,61"
315,10:55,9,9,평택,2,"38,40"
316,10:56,1,1,서울역,9,"4,8,23,24,28,34,45,46,58"
316,10:56,10,10,인천공항,2,"14,33"
316,10:56,2,2,수서,5,"10,15,16,48,53"
316,10:56,3,3,삼성,10,"13,19,29,42,51,52,56,63,64,69"
316,10:56,4,4,여의도,7,"0,21,30,31,37,41,44"
316,10:56,5,5,김포공항,4,"17,35,55,65"
316,10:56,6,6,일산,1,6
316,10:56,7,7,판교,3,"1,2,25"
316,10:56,8,8,동탄/용인,2,"32,61"
316,10:56,9,9,평택,2,"38,40"
317,10:57,1,1,서울역,9,"3,4,8,23,24,34,45,46,58"
317,10:57,10,10,인천공항,2,"14,33"
317,10:57,2,2,수서,5,"10,15,16,48,53"
317,10:57,3,3,삼성,10,"11,19,29,42,51,52,56,62,63,69"
317,10:57,4,4,여의도,6,"21,30,31,37,41,44"
317,10:57,5,5,김포공항,4,"17,35,55,65"
317,10:57,6,6,일산,1,6
317,10:57,7,7,판교,3,"1,2,25"
317,10:57,8,8,동탄/용인,1,61
317,10:57,9,9,평택,2,"38,40"
318,10:58,1,1,서울역,9,"3,4,8,23,24,34,45,46,58"
318,10:58,10,10,인천공항,2,"14,33"
318,10:58,2,2,수서,6,"10,15,16,48,53,67"
318,10:58,3,3,삼성,10,"11,19,29,39,42,51,56,62,63,69"
318,10:58,4,4,여의도,7,"20,21,30,31,37,41,44"
318,10:58,5,5,김포공항,4,"17,35,55,59"
318,10:58,6,6,일산,1,6
318,10:58,7,7,판교,4,"1,2,7,25"
318,10:58,8,8,동탄/용인,1,61
318,10:58,9,9,평택,3,"38,40,50"
319,10:59,1,1,서울역,9,"3,4,8,23,24,34,45,46,58"
319,10:59,10,10,인천공항,1,14
319,10:59,2,2,수서,7,"9,10,15,16,43,48,67"
319,10:59,3,3,삼성,10,"11,19,29,39,42,51,56,62,63,69"
319,10:59,4,4,여의도,7,"20,21,30,31,37,41,44"
319,10:59,5,5,김포공항,4,"17,35,55,59"
319,10:59,6,6,일산,1,6
319,10:59,7,7,판교,5,"1,2,7,25,57"
319,10:59,8,8,동탄/용인,1,61
319,10:59,9,9,평택,4,"38,40,50,68"
320,11:00,1,1,서울역,9,"4,5,8,23,24,34,45,46,58"
320,11:00,10,10,인천공항,1,14
320,11:00,2,2,수서,6,"9,10,15,43,48,67"
320,11:00,3,3,삼성,9,"11,19,29,39,42,51,56,63,69"
320,11:00,4,4,여의도,5,"20,21,31,41,44"
320,11:00,5,5,김포공항,2,"17,59"
320,11:00,6,6,일산,1,6
320,11:00,7,7,판교,5,"1,2,7,25,57"
320,11:00,8,8,동탄/용인,1,61
320,11:00,9,9,평택,4,"38,40,50,68"
321,11:01,1,1,서울역,10,"4,5,8,23,24,27,34,36,45,46"
321,11:01,10,10,인천공항,1,14
321,11:01,2,2,수서,6,"9,10,15,43,48,67"
321,11:01,3,3,삼성,9,"11,19,29,39,42,51,56,63,69"
321,11:01,4,4,여의도,4,"20,31,41,66"
321,11:01,5,5,김포공항,3,"17,47,59"
321,11:01,6,6,일산,1,6
321,11:01,7,7,판교,5,"1,2,7,25,57"
321,11:01,8,8,동탄/용인,1,61
321,11:01,9,9,평택,4,"38,40,50,68"
322,11:02,1,1,서울역,10,"4,5,8,23,24,27,34,36,45,46"
322,11:02,10,10,인천공항,1,14
322,11:02,2,2,수서,6,"9,10,15,43,48,67"
322,11:02,3,3,삼성,8,"11,19,29,39,51,56,63,69"
322,11:02,4,4,여의도,4,"20,31,41,66"
322,11:02,5,5,김포공항,3,"17,47,59"
322,11:02,6,6,일산,1,6
322,11:02,7,7,판교,6,"1,2,7,12,25,57"
322,11:02,8,8,동탄/용인,1,61
322,11:02,9,9,평택,4,"38,40,50,68"
323,11:03,1,1,서울역,8,"4,5,8,13,24,27,36,46"
323,11:03,10,10,인천공항,1,14
323,11:03,2,2,수서,6,"9,10,15,43,48,67"
323,11:03,3,3,삼성,8,"11,19,29,39,51,56,63,69"
323,11:03,4,4,여의도,5,"20,31,41,54,66"
323,11:03,5,5,김포공항,3,"17,47,59"
323,11:03,6,6,일산,1,6
323,11:03,7,7,판교,5,"1,2,7,12,57"
323,11:03,8,8,동탄/용인,1,61
323,11:03,9,9,평택,4,"38,40,50,68"
324,11:04,1,1,서울역,8,"4,5,8,13,24,27,36,46"
324,11:04,10,10,인천공항,1,14
324,11:04,2,2,수서,6,"9,10,15,43,48,67"
324,11:04,3,3,삼성,7,"11,19,29,39,51,56,63"
324,11:04,4,4,여의도,5,"20,22,31,41,54"
324,11:04,5,5,김포공항,4,"17,47,59,60"
324,11:04,6,6,일산,1,6
324,11:04,7,7,판교,6,"0,1,2,7,12,57"
324,11:04,8,8,동탄/용인,1,61
324,11:04,9,9,평택,4,"38,40,50,68"
325,11:05,1,1,서울역,8,"4,5,8,13,24,27,36,46"
325,11:05,10,10,인천공항,1,14
325,11:05,2,2,수서,5,"9,10,43,48,67"
325,11:05,3,3,삼성,6,"11,19,39,51,56,63"
325,11:05,4,4,여의도,5,"20,22,31,41,54"
325,11:05,5,5,김포공항,4,"47,59,60,64"
325,11:05,6,6,일산,1,6
325,11:05,7,7,판교,6,"0,1,2,7,12,57"
325,11:05,8,8,동탄/용인,1,61
325,11:05,9,9,평택,4,"38,40,50,68"
326,11:06,1,1,서울역,8,"4,5,8,13,24,27,36,46"
326,11:06,10,10,인천공항,1,14
326,11:06,2,2,수서,5,"9,10,43,48,67"
326,11:06,3,3,삼성,5,"11,19,39,63,65"
326,11:06,4,4,여의도,6,"20,22,26,31,41,54"
326,11:06,5,5,김포공항,6,"30,47,52,59,60,64"
326,11:06,6,6,일산,2,"6,18"
326,11:06,7,7,판교,7,"0,1,2,7,12,16,57"
326,11:06,9,9,평택,4,"38,40,50,68"
327,11:07,1,1,서울역,7,"4,5,8,13,24,27,46"
327,11:07,10,10,인천공항,2,"14,49"
327,11:07,2,2,수서,7,"9,10,21,43,44,48,67"
327,11:07,3,3,삼성,5,"11,19,37,63,65"
327,11:07,4,4,여의도,6,"22,23,26,31,41,54"
327,11:07,5,5,김포공항,7,"30,47,52,53,59,60,64"
327,11:07,6,6,일산,2,"3,18"
327,11:07,7,7,판교,7,"0,1,2,7,12,16,57"
327,11:07,9,9,평택,4,"38,40,50,68"
328,11:08,1,1,서울역,8,"4,5,8,13,24,27,35,46"
328,11:08,10,10,인천공항,2,"14,49"
328,11:08,2,2,수서,7,"10,21,43,44,48,55,67"
328,11:08,3,3,삼성,5,"11,19,37,63,65"
328,11:08,4,4,여의도,7,"22,23,26,31,32,41,54"
328,11:08,5,5,김포공항,6,"30,47,52,53,60,64"
328,11:08,6,6,일산,3,"3,18,58"
328,11:08,7,7,판교,6,"0,1,2,7,12,16"
328,11:08,9,9,평택,4,"38,40,50,68"
329,11:09,1,1,서울역,6,"4,5,8,27,35,46"
329,11:09,10,10,인천공항,2,"14,49"
329,11:09,2,2,수서,7,"10,21,43,44,48,55,67"
329,11:09,3,3,삼성,4,"11,19,37,63"
329,11:09,4,4,여의도,7,"22,23,26,31,32,41,42"
329,11:09,5,5,김포공항,5,"47,52,53,60,64"
329,11:09,6,6,일산,3,"3,18,58"
329,11:09,7,7,판교,4,"0,2,7,12"
329,11:09,9,9,평택,4,"38,40,50,68"
330,11:10,1,1,서울역,6,"4,5,8,27,35,46"
330,11:10,10,10,인천공항,3,"14,28,49"
330,11:10,2,2,수서,7,"10,21,43,44,48,55,67"
330,11:10,3,3,삼성,4,"11,19,37,63"
330,11:10,4,4,여의도,7,"22,25,26,31,32,41,42"
330,11:10,5,5,김포공항,5,"52,53,60,64,66"
330,11:10,6,6,일산,3,"18,58,62"
330,11:10,7,7,판교,3,"0,7,12"
330,11:10,9,9,평택,3,"40,50,68"
331,11:11,1,1,서울역,6,"4,5,8,27,29,46"
331,11:11,10,10,인천공항,3,"14,28,49"
331,11:11,2,2,수서,7,"10,21,43,44,48,55,67"
331,11:11,3,3,삼성,4,"11,19,37,63"
331,11:11,4,4,여의도,9,"22,25,26,31,32,33,41,42,69"
331,11:11,5,5,김포공항,5,"52,53,60,64,66"
331,11:11,6,6,일산,3,"18,58,62"
331,11:11,7,7,판교,2,"0,7"
331,11:11,9,9,평택,3,"40,50,68"
332,11:12,1,1,서울역,6,"4,5,8,27,29,46"
332,11:12,10,10,인천공항,2,"28,49"
332,11:12,2,2,수서,7,"10,21,43,44,48,55,67"
332,11:12,3,3,삼성,4,"11,19,37,63"
332,11:12,4,4,여의도,8,"22,25,26,32,33,41,42,69"
332,11:12,5,5,김포공항,5,"52,53,60,64,66"
332,11:12,6,6,일산,3,"18,58,62"
332,11:12,7,7,판교,2,"0,7"
332,11:12,9,9,평택,3,"40,50,68"
333,11:13,1,1,서울역,7,"4,5,8,27,29,39,46"
333,11:13,10,10,인천공항,1,28
333,11:13,2,2,수서,8,"10,20,21,43,44,48,55,67"
333,11:13,3,3,삼성,3,"11,19,63"
333,11:13,4,4,여의도,9,"22,24,25,26,32,33,42,56,69"
333,11:13,5,5,김포공항,6,"15,52,53,60,64,66"
333,11:13,6,6,일산,3,"18,58,62"
333,11:13,7,7,판교,2,"0,7"
333,11:13,9,9,평택,3,"40,50,68"
334,11:14,1,1,서울역,8,"4,5,6,8,27,29,39,46"
334,11:14,10,10,인천공항,1,28
334,11:14,2,2,수서,8,"10,20,21,43,44,48,55,67"
334,11:14,3,3,삼성,3,"11,19,63"
334,11:14,4,4,여의도,9,"22,24,25,26,32,33,42,56,69"
334,11:14,5,5,김포공항,6,"15,51,53,60,64,66"
334,11:14,6,6,일산,2,"18,62"
334,11:14,7,7,판교,1,7
334,11:14,9,9,평택,3,"40,50,68"
335,11:15,1,1,서울역,8,"4,5,6,8,27,29,39,46"
335,11:15,10,10,인천공항,1,28
335,11:15,2,2,수서,8,"10,20,21,43,44,48,55,67"
335,11:15,3,3,삼성,4,"11,13,19,63"
335,11:15,4,4,여의도,10,"22,24,25,26,32,33,42,56,57,69"
335,11:15,5,5,김포공항,6,"15,51,53,60,64,66"
335,11:15,6,6,일산,2,"18,62"
335,11:15,7,7,판교,2,"7,17"
335,11:15,9,9,평택,3,"40,50,68"
336,11:16,1,1,서울역,8,"4,5,6,8,27,29,39,46"
336,11:16,10,10,인천공항,2,"34,45"
336,11:16,2,2,수서,8,"10,20,21,43,44,48,55,67"
336,11:16,3,3,삼성,6,"11,13,19,54,59,63"
336,11:16,4,4,여의도,10,"1,22,24,26,32,33,42,56,57,69"
336,11:16,5,5,김포공항,7,"9,15,51,53,60,64,66"
336,11:16,6,6,일산,2,"18,62"
336,11:16,7,7,판교,1,17
336,11:16,9,9,평택,3,"40,50,68"
337,11:17,1,1,서울역,8,"3,4,5,8,27,29,39,46"
337,11:17,10,10,인천공항,2,"34,45"
337,11:17,2,2,수서,8,"10,20,21,43,44,48,55,67"
337,11:17,3,3,삼성,6,"11,13,19,54,59,63"
337,11:17,4,4,여의도,11,"1,2,22,24,26,32,42,56,57,61,69"
337,11:17,5,5,김포공항,7,"9,15,51,53,60,64,66"
337,11:17,6,6,일산,2,"18,62"
337,11:17,7,7,판교,2,"17,23"
337,11:17,9,9,평택,3,"40,50,68"
338,11:18,1,1,서울역,9,"3,4,5,8,12,27,29,39,46"
338,11:18,10,10,인천공항,2,"34,45"
338,11:18,2,2,수서,7,"10,20,21,43,44,55,67"
338,11:18,3,3,삼성,6,"11,19,47,54,59,63"
338,11:18,4,4,여의도,10,"1,2,22,24,26,32,42,56,57,61"
338,11:18,5,5,김포공항,7,"9,15,51,53,60,64,66"
338,11:18,6,6,일산,3,"18,35,62"
338,11:18,7,7,판교,2,"17,23"
338,11:18,9,9,평택,3,"40,50,68"
339,11:19,1,1,서울역,10,"3,4,5,8,12,27,29,37,39,46"
339,11:19,10,10,인천공항,2,"34,45"
339,11:19,2,2,수서,8,"10,20,21,41,43,44,55,67"
339,11:19,3,3,삼성,4,"19,47,54,63"
339,11:19,4,4,여의도,10,"1,2,22,24,26,32,42,56,57,61"
339,11:19,5,5,김포공항,7,"9,15,51,53,60,64,66"
339,11:19,6,6,일산,3,"18,35,62"
339,11:19,7,7,판교,3,"17,23,30"
339,11:19,8,8,동탄/용인,1,65
339,11:19,9,9,평택,3,"40,50,68"
340,11:20,1,1,서울역,8,"3,4,5,8,12,27,37,46"
340,11:20,10,10,인천공항,3,"34,36,45"
340,11:20,2,2,수서,7,"10,20,41,43,44,55,67"
340,11:20,3,3,삼성,4,"19,47,54,63"
340,11:20,4,4,여의도,9,"1,2,22,26,32,42,56,57,61"
340,11:20,5,5,김포공항,6,"9,15,51,53,60,66"
340,11:20,6,6,일산,3,"18,35,62"
340,11:20,7,7,판교,3,"17,23,30"
340,11:20,8,8,동탄/용인,1,65
340,11:20,9,9,평택,3,"40,50,68"
341,11:21,1,1,서울역,6,"3,4,5,8,27,37"
341,11:21,10,10,인천공항,3,"34,36,45"
341,11:21,2,2,수서,7,"10,20,41,43,44,55,67"
341,11:21,3,3,삼성,4,"19,47,54,63"
341,11:21,4,4,여의도,10,"0,1,2,22,26,32,42,56,57,61"
341,11:21,5,5,김포공항,6,"9,15,51,53,60,66"
341,11:21,6,6,일산,3,"16,18,62"
341,11:21,7,7,판교,2,"23,30"
341,11:21,8,8,동탄/용인,1,65
341,11:21,9,9,평택,2,"40,68"
342,11:22,1,1,서울역,5,"3,5,8,27,37"
342,11:22,10,10,인천공항,1,36
342,11:22,2,2,수서,7,"10,20,41,43,44,55,59"
342,11:22,3,3,삼성,5,"19,47,52,54,63"
342,11:22,4,4,여의도,9,"0,1,2,26,32,42,56,57,61"
342,11:22,5,5,김포공항,5,"9,15,51,53,60"
342,11:22,6,6,일산,2,"16,18"
342,11:22,7,7,판교,2,"23,30"
342,11:22,9,9,평택,2,"40,68"
343,11:23,1,1,서울역,4,"5,8,27,37"
343,11:23,10,10,인천공항,1,36
343,11:23,2,2,수서,8,"10,20,33,41,43,44,55,59"
343,11:23,3,3,삼성,5,"19,25,47,52,54"
343,11:23,4,4,여의도,10,"0,1,2,7,26,32,42,56,57,61"
343,11:23,5,5,김포공항,5,"9,15,51,53,60"
343,11:23,6,6,일산,2,"16,18"
343,11:23,7,7,판교,1,30
343,11:23,9,9,평택,2,"40,68"
344,11:24,1,1,서울역,3,"8,27,37"
344,11:24,10,10,인천공항,1,36
344,11:24,2,2,수서,8,"10,20,33,41,43,44,55,59"
344,11:24,3,3,삼성,5,"19,25,47,52,54"
344,11:24,4,4,여의도,11,"0,1,2,7,14,26,32,42,56,57,61"
344,11:24,5,5,김포공항,3,"9,15,51"
344,11:24,6,6,일산,2,"16,18"
344,11:24,7,7,판교,2,"6,30"
344,11:24,9,9,평택,2,"40,68"
345,11:25,1,1,서울역,2,"27,37"
345,11:25,10,10,인천공항,1,36
345,11:25,2,2,수서,7,"10,20,33,41,43,44,55"
345,11:25,3,3,삼성,5,"19,25,47,52,54"
345,11:25,4,4,여의도,12,"0,1,2,7,14,26,32,38,42,49,57,61"
345,11:25,5,5,김포공항,2,"15,51"
345,11:25,6,6,일산,2,"16,18"
345,11:25,7,7,판교,1,6
345,11:25,9,9,평택,2,"40,68"
346,11:26,1,1,서울역,2,"27,37"
346,11:26,10,10,인천공항,1,36
346,11:26,2,2,수서,7,"10,20,33,41,43,44,55"
346,11:26,3,3,삼성,5,"19,25,47,52,54"
346,11:26,4,4,여의도,11,"0,1,2,7,14,21,38,42,49,57,61"
346,11:26,5,5,김포공항,3,"15,48,51"
346,11:26,6,6,일산,2,"16,18"
346,11:26,7,7,판교,2,"6,58"
346,11:26,9,9,평택,2,"40,68"
347,11:27,1,1,서울역,1,27
347,11:27,10,10,인천공항,1,36
347,11:27,2,2,수서,7,"10,20,33,41,43,44,55"
347,11:27,3,3,삼성,5,"19,25,47,52,54"
347,11:27,4,4,여의도,10,"0,1,7,14,21,38,42,49,57,61"
347,11:27,5,5,김포공항,2,"48,51"
347,11:27,6,6,일산,2,"18,64"
347,11:27,7,7,판교,5,"6,24,29,39,58"
347,11:27,9,9,평택,3,"31,40,68"
348,11:28,1,1,서울역,1,27
348,11:28,10,10,인천공항,1,36
348,11:28,2,2,수서,7,"10,20,22,33,43,44,55"
348,11:28,3,3,삼성,5,"19,25,47,52,54"
348,11:28,4,4,여의도,12,"0,1,7,14,17,21,28,38,42,49,57,61"
348,11:28,5,5,김포공항,2,"48,51"
348,11:28,6,6,일산,2,"13,64"
348,11:28,7,7,판교,7,"6,12,24,29,39,46,58"
348,11:28,9,9,평택,3,"31,40,68"
349,11:29,1,1,서울역,1,27
349,11:29,10,10,인천공항,1,36
349,11:29,2,2,수서,6,"10,20,22,43,44,55"
349,11:29,3,3,삼성,3,"3,19,47"
349,11:29,4,4,여의도,11,"0,1,14,17,21,28,38,42,49,57,61"
349,11:29,5,5,김포공항,2,"48,51"
349,11:29,6,6,일산,2,"13,64"
349,11:29,7,7,판교,8,"4,6,12,24,29,39,46,58"
349,11:29,8,8,동탄/용인,1,69
349,11:29,9,9,평택,3,"31,40,68"
350,11:30,1,1,서울역,1,27
350,11:30,10,10,인천공항,1,36
350,11:30,2,2,수서,6,"10,20,22,43,44,55"
350,11:30,3,3,삼성,3,"3,19,47"
350,11:30,4,4,여의도,12,"0,1,14,17,21,23,28,38,42,49,57,60"
350,11:30,5,5,김포공항,1,48
350,11:30,6,6,일산,1,13
350,11:30,7,7,판교,5,"4,12,24,46,58"
350,11:30,8,8,동탄/용인,1,69
350,11:30,9,9,평택,2,"31,68"
351,11:31,1,1,서울역,1,27
351,11:31,10,10,인천공항,1,36
351,11:31,2,2,수서,7,"5,10,20,22,43,44,55"
351,11:31,3,3,삼성,3,"3,19,47"
351,11:31,4,4,여의도,12,"0,1,14,17,21,23,28,38,42,49,57,60"
351,11:31,5,5,김포공항,1,48
351,11:31,6,6,일산,1,13
351,11:31,7,7,판교,3,"4,24,58"
351,11:31,8,8,동탄/용인,1,69
351,11:31,9,9,평택,2,"31,68"
352,11:32,1,1,서울역,1,27
352,11:32,10,10,인천공항,2,"36,66"
352,11:32,2,2,수서,7,"5,20,22,32,43,44,55"
352,11:32,3,3,삼성,4,"3,19,47,53"
352,11:32,4,4,여의도,12,"0,1,14,17,21,23,28,30,38,42,49,60"
352,11:32,5,5,김포공항,1,48
352,11:32,6,6,일산,1,13
352,11:32,7,7,판교,4,"4,8,24,58"
352,11:32,8,8,동탄/용인,1,69
352,11:32,9,9,평택,2,"31,68"
353,11:33,1,1,서울역,2,"9,27"
353,11:33,10,10,인천공항,2,"36,66"
353,11:33,2,2,수서,7,"5,20,22,32,43,44,55"
353,11:33,3,3,삼성,4,"3,19,47,53"
353,11:33,4,4,여의도,11,"0,1,17,21,23,28,30,38,42,49,65"
353,11:33,5,5,김포공항,1,48
353,11:33,6,6,일산,2,"13,67"
353,11:33,7,7,판교,6,"4,8,24,26,35,58"
353,11:33,8,8,동탄/용인,1,69
353,11:33,9,9,평택,1,31
354,11:34,1,1,서울역,2,"9,27"
354,11:34,10,10,인천공항,2,"36,66"
354,11:34,2,2,수서,7,"5,20,22,32,43,44,55"
354,11:34,3,3,삼성,4,"3,19,47,53"
354,11:34,4,4,여의도,9,"1,21,23,28,30,38,42,49,65"
354,11:34,5,5,김포공항,1,48
354,11:34,6,6,일산,3,"13,37,67"
354,11:34,7,7,판교,7,"4,8,24,26,35,58,62"
354,11:34,8,8,동탄/용인,1,69
354,11:34,9,9,평택,2,"11,31"
355,11:35,1,1,서울역,5,"9,18,25,27,41"
355,11:35,10,10,인천공항,1,36
355,11:35,2,2,수서,8,"5,7,20,22,32,43,44,55"
355,11:35,3,3,삼성,4,"15,19,47,53"
355,11:35,4,4,여의도,10,"1,21,23,28,30,33,38,42,49,65"
355,11:35,5,5,김포공항,1,48
355,11:35,6,6,일산,3,"13,37,67"
355,11:35,7,7,판교,5,"4,24,26,35,62"
355,11:35,8,8,동탄/용인,1,69
355,11:35,9,9,평택,2,"11,31"
356,11:36,1,1,서울역,5,"9,18,25,27,41"
356,11:36,10,10,인천공항,1,36
356,11:36,2,2,수서,7,"5,7,20,22,32,44,55"
356,11:36,3,3,삼성,4,"15,19,47,53"
356,11:36,4,4,여의도,11,"1,21,23,28,30,33,38,42,49,50,65"
356,11:36,5,5,김포공항,1,48
356,11:36,6,6,일산,3,"13,37,59"
356,11:36,7,7,판교,4,"4,26,35,62"
356,11:36,8,8,동탄/용인,1,69
356,11:36,9,9,평택,2,"11,31"
357,11:37,1,1,서울역,6,"9,18,25,27,29,41"
357,11:37,10,10,인천공항,2,"36,56"
357,11:37,2,2,수서,7,"5,7,20,22,32,44,55"
357,11:37,3,3,삼성,7,"15,16,19,34,45,47,53"
357,11:37,4,4,여의도,12,"1,6,21,23,28,30,33,38,39,49,50,65"
357,11:37,5,5,김포공항,1,48
357,11:37,6,6,일산,2,"13,59"
357,11:37,7,7,판교,5,"4,26,35,61,62"
357,11:37,8,8,동탄/용인,1,69
357,11:37,9,9,평택,2,"11,31"
358,11:38,1,1,서울역,6,"9,12,25,27,29,41"
358,11:38,10,10,인천공항,3,"36,56,63"
358,11:38,2,2,수서,6,"7,20,22,32,44,55"
358,11:38,3,3,삼성,8,"15,16,19,34,45,47,51,53"
358,11:38,4,4,여의도,11,"1,6,23,30,33,38,39,46,49,50,65"
358,11:38,5,5,김포공항,1,48
358,11:38,6,6,일산,2,"13,59"
358,11:38,7,7,판교,4,"26,35,61,62"
358,11:38,9,9,평택,2,"11,31"
359,11:39,1,1,서울역,6,"9,12,25,27,29,41"
359,11:39,10,10,인천공항,3,"36,56,63"
359,11:39,2,2,수서,7,"7,14,20,22,32,44,55"
359,11:39,3,3,삼성,8,"15,16,19,34,45,47,51,53"
359,11:39,4,4,여의도,10,"1,6,23,30,33,38,39,46,49,50"
359,11:39,5,5,김포공항,1,48
359,11:39,6,6,일산,2,"13,54"
359,11:39,7,7,판교,4,"26,57,61,62"
359,11:39,9,9,평택,1,11
360,11:40,1,1,서울역,5,"9,12,27,29,41"
360,11:40,10,10,인천공항,3,"36,56,63"
360,11:40,2,2,수서,8,"7,14,17,20,22,32,44,55"
360,11:40,3,3,삼성,7,"15,16,19,34,45,51,53"
360,11:40,4,4,여의도,10,"1,6,23,30,33,38,39,46,49,50"
360,11:40,5,5,김포공항,2,"10,48"
360,11:40,6,6,일산,2,"13,54"
360,11:40,7,7,판교,3,"26,57,61"
360,11:40,9,9,평택,1,11
361,11:41,1,1,서울역,5,"9,12,27,29,41"
361,11:41,10,10,인천공항,3,"36,56,63"
361,11:41,2,2,수서,8,"7,14,17,20,22,32,44,55"
361,11:41,3,3,삼성,7,"15,16,19,34,45,51,53"
361,11:41,4,4,여의도,9,"1,6,23,30,33,38,39,49,50"
361,11:41,5,5,김포공항,2,"10,48"
361,11:41,6,6,일산,2,"13,54"
361,11:41,7,7,판교,3,"26,57,61"
361,11:41,9,9,평택,1,11
362,11:42,1,1,서울역,5,"9,12,27,29,41"
362,11:42,10,10,인천공항,3,"36,56,63"
362,11:42,2,2,수서,8,"7,14,17,20,22,32,44,55"
362,11:42,3,3,삼성,7,"15,16,19,34,45,51,53"
362,11:42,4,4,여의도,10,"1,6,8,23,30,33,38,39,49,50"
362,11:42,5,5,김포공항,2,"10,48"
362,11:42,6,6,일산,2,"13,54"
362,11:42,7,7,판교,4,"26,57,61,64"
362,11:42,9,9,평택,2,"2,11"
363,11:43,1,1,서울역,6,"9,12,24,27,29,41"
363,11:43,10,10,인천공항,3,"36,56,63"
363,11:43,2,2,수서,8,"7,14,17,20,22,32,44,55"
363,11:43,3,3,삼성,7,"15,16,19,34,45,51,53"
363,11:43,4,4,여의도,10,"1,6,8,23,30,33,38,39,49,50"
363,11:43,5,5,김포공항,2,"10,48"
363,11:43,6,6,일산,2,"13,54"
363,11:43,7,7,판교,4,"26,57,61,64"
363,11:43,9,9,평택,2,"2,11"
364,11:44,1,1,서울역,6,"9,24,27,29,37,41"
364,11:44,10,10,인천공항,3,"36,56,63"
364,11:44,2,2,수서,10,"7,14,17,20,21,22,28,32,44,55"
364,11:44,3,3,삼성,7,"15,16,19,34,42,45,51"
364,11:44,4,4,여의도,9,"6,8,23,30,33,38,39,49,50"
364,11:44,5,5,김포공항,3,"10,43,48"
364,11:44,6,6,일산,2,"13,54"
364,11:44,7,7,판교,4,"26,57,61,64"
364,11:44,9,9,평택,3,"2,11,52"
365,11:45,1,1,서울역,7,"4,9,24,27,29,37,41"
365,11:45,10,10,인천공항,4,"36,56,60,63"
365,11:45,2,2,수서,9,"7,17,20,21,22,28,32,44,55"
365,11:45,3,3,삼성,7,"15,16,19,34,42,45,51"
365,11:45,4,4,여의도,10,"6,8,23,30,33,38,39,40,49,50"
365,11:45,5,5,김포공항,3,"10,43,48"
365,11:45,6,6,일산,1,13
365,11:45,7,7,판교,5,"18,26,57,61,64"
365,11:45,9,9,평택,3,"2,11,52"
366,11:46,1,1,서울역,8,"4,9,24,27,29,35,37,41"
366,11:46,10,10,인천공항,5,"0,36,56,60,63"
366,11:46,2,2,수서,9,"7,17,20,21,22,28,32,44,55"
366,11:46,3,3,삼성,8,"15,16,19,34,42,45,51,67"
366,11:46,4,4,여의도,9,"6,8,30,33,38,39,40,49,50"
366,11:46,5,5,김포공항,3,"10,43,48"
366,11:46,6,6,일산,1,13
366,11:46,7,7,판교,5,"18,57,61,64,65"
366,11:46,9,9,평택,2,"11,52"
367,11:47,1,1,서울역,8,"4,9,24,27,29,35,37,41"
367,11:47,10,10,인천공항,5,"0,36,56,60,63"
367,11:47,2,2,수서,6,"17,21,22,28,32,44"
367,11:47,3,3,삼성,8,"15,16,19,34,42,45,51,67"
367,11:47,4,4,여의도,9,"8,30,33,38,39,40,49,50,62"
367,11:47,5,5,김포공항,3,"10,43,48"
367,11:47,6,6,일산,3,"13,25,58"
367,11:47,7,7,판교,5,"18,57,61,64,65"
367,11:47,9,9,평택,2,"11,52"
368,11:48,1,1,서울역,8,"4,9,24,27,29,35,37,41"
368,11:48,10,10,인천공항,5,"0,36,56,60,63"
368,11:48,2,2,수서,6,"17,21,22,28,32,44"
368,11:48,3,3,삼성,7,"15,19,34,42,45,51,67"
368,11:48,4,4,여의도,9,"30,33,38,39,40,49,50,62,68"
368,11:48,5,5,김포공항,4,"10,43,47,48"
368,11:48,6,6,일산,4,"13,25,46,58"
368,11:48,7,7,판교,4,"18,61,64,65"
368,11:48,9,9,평택,2,"11,52"
369,11:49,1,1,서울역,8,"4,9,24,27,29,35,37,41"
369,11:49,10,10,인천공항,5,"0,36,56,60,63"
369,11:49,2,2,수서,6,"17,21,22,28,32,44"
369,11:49,3,3,삼성,6,"15,19,42,45,51,67"
369,11:49,4,4,여의도,10,"30,33,38,39,40,49,50,62,68,69"
369,11:49,5,5,김포공항,3,"10,43,47"
369,11:49,6,6,일산,5,"5,13,25,46,58"
369,11:49,7,7,판교,4,"18,61,64,65"
369,11:49,9,9,평택,2,"11,52"
370,11:50,1,1,서울역,8,"4,9,24,27,29,35,37,41"
370,11:50,10,10,인천공항,6,"0,3,36,56,60,63"
370,11:50,2,2,수서,6,"17,21,22,28,32,44"
370,11:50,3,3,삼성,7,"15,19,42,45,51,66,67"
370,11:50,4,4,여의도,10,"30,33,38,39,40,49,50,62,68,69"
370,11:50,5,5,김포공항,3,"10,43,47"
370,11:50,6,6,일산,4,"5,13,46,58"
370,11:50,7,7,판교,4,"18,61,64,65"
370,11:50,9,9,평택,2,"11,52"
371,11:51,1,1,서울역,8,"4,9,24,27,29,35,37,41"
371,11:51,10,10,인천공항,6,"0,3,36,56,60,63"
371,11:51,2,2,수서,6,"17,21,22,28,32,44"
371,11:51,3,3,삼성,7,"15,19,42,45,51,66,67"
371,11:51,4,4,여의도,9,"33,38,39,40,49,50,62,68,69"
371,11:51,5,5,김포공항,3,"10,43,47"
371,11:51,6,6,일산,4,"5,12,13,58"
371,11:51,7,7,판교,6,"1,18,59,61,64,65"
371,11:51,9,9,평택,2,"11,52"
372,11:52,1,1,서울역,9,"4,14,24,27,29,35,37,41,54"
372,11:52,10,10,인천공항,6,"0,3,36,56,60,63"
372,11:52,2,2,수서,7,"17,21,22,23,28,32,44"
372,11:52,3,3,삼성,7,"15,19,42,45,51,66,67"
372,11:52,4,4,여의도,9,"33,38,39,40,49,50,62,68,69"
372,11:52,5,5,김포공항,3,"10,43,47"
372,11:52,6,6,일산,4,"5,12,13,58"
372,11:52,7,7,판교,6,"1,18,59,61,64,65"
372,11:52,8,8,동탄/용인,1,2
372,11:52,9,9,평택,2,"11,52"
373,11:53,1,1,서울역,9,"4,14,24,27,29,35,37,41,54"
373,11:53,10,10,인천공항,6,"0,3,36,56,60,63"
373,11:53,2,2,수서,7,"17,21,22,23,28,32,44"
373,11:53,3,3,삼성,7,"15,19,42,45,51,66,67"
373,11:53,4,4,여의도,9,"26,33,38,39,40,50,62,68,69"
373,11:53,5,5,김포공항,3,"10,43,47"
373,11:53,6,6,일산,3,"5,12,13"
373,11:53,7,7,판교,6,"1,18,59,61,64,65"
373,11:53,8,8,동탄/용인,1,2
373,11:53,9,9,평택,2,"11,52"
374,11:54,1,1,서울역,9,"4,14,24,27,29,35,37,41,54"
374,11:54,10,10,인천공항,6,"0,3,36,56,60,63"
374,11:54,2,2,수서,8,"8,17,21,22,23,28,32,44"
374,11:54,3,3,삼성,7,"15,19,42,45,51,66,67"
374,11:54,4,4,여의도,9,"26,31,33,39,40,50,62,68,69"
374,11:54,5,5,김포공항,3,"10,43,47"
374,11:54,6,6,일산,3,"5,13,53"
374,11:54,7,7,판교,7,"1,6,18,59,61,64,65"
374,11:54,8,8,동탄/용인,1,2
374,11:54,9,9,평택,2,"11,52"
375,11:55,1,1,서울역,9,"4,14,24,27,29,35,37,41,54"
375,11:55,10,10,인천공항,6,"0,3,36,56,60,63"
375,11:55,2,2,수서,8,"8,17,21,22,23,28,32,44"
375,11:55,3,3,삼성,7,"15,19,42,45,51,66,67"
375,11:55,4,4,여의도,10,"26,31,33,39,40,50,57,62,68,69"
375,11:55,5,5,김포공항,5,"7,10,20,43,47"
375,11:55,6,6,일산,3,"5,13,53"
375,11:55,7,7,판교,7,"1,6,18,59,61,64,65"
375,11:55,9,9,평택,2,"11,52"
376,11:56,1,1,서울역,9,"4,14,24,27,29,35,37,41,54"
376,11:56,10,10,인천공항,6,"0,3,36,56,60,63"
376,11:56,2,2,수서,8,"8,17,21,22,23,28,32,44"
376,11:56,3,3,삼성,7,"15,19,42,45,51,66,67"
376,11:56,4,4,여의도,9,"26,31,34,40,50,57,62,68,69"
376,11:56,5,5,김포공항,6,"7,10,16,20,43,47"
376,11:56,6,6,일산,3,"5,13,53"
376,11:56,7,7,판교,6,"1,6,59,61,64,65"
376,11:56,9,9,평택,2,"11,52"
377,11:57,1,1,서울역,9,"14,24,25,27,29,35,37,41,54"
377,11:57,10,10,인천공항,6,"0,3,36,56,60,63"
377,11:57,2,2,수서,9,"8,17,21,22,23,28,30,32,44"
377,11:57,3,3,삼성,6,"15,19,42,51,66,67"
377,11:57,4,4,여의도,9,"26,31,34,40,50,57,62,68,69"
377,11:57,5,5,김포공항,6,"7,10,16,20,43,47"
377,11:57,6,6,일산,3,"5,13,53"
377,11:57,7,7,판교,5,"6,59,61,64,65"
377,11:57,9,9,평택,2,"11,52"
378,11:58,1,1,서울역,9,"14,24,25,27,29,35,37,41,54"
378,11:58,10,10,인천공항,6,"0,3,36,56,60,63"
378,11:58,2,2,수서,8,"8,21,22,23,28,30,32,44"
378,11:58,3,3,삼성,6,"15,19,42,51,66,67"
378,11:58,4,4,여의도,9,"26,31,34,40,50,57,62,68,69"
378,11:58,5,5,김포공항,6,"7,10,16,20,43,47"
378,11:58,6,6,일산,3,"13,53,55"
378,11:58,7,7,판교,4,"6,61,64,65"
378,11:58,9,9,평택,2,"11,52"
379,11:59,1,1,서울역,9,"14,24,25,27,29,35,37,41,54"
379,11:59,10,10,인천공항,5,"0,3,56,60,63"
379,11:59,2,2,수서,8,"8,21,22,23,28,30,32,44"
379,11:59,3,3,삼성,6,"15,19,42,51,66,67"
379,11:59,4,4,여의도,8,"26,31,34,40,57,62,68,69"
379,11:59,5,5,김포공항,5,"7,16,20,43,47"
379,11:59,6,6,일산,2,"53,55"
379,11:59,7,7,판교,5,"6,9,61,64,65"
379,11:59,9,9,평택,2,"11,52"
380,12:00,1,1,서울역,10,"14,24,25,27,29,35,37,41,54,58"
380,12:00,10,10,인천공항,4,"3,56,60,63"
380,12:00,2,2,수서,8,"8,21,22,23,28,30,32,44"
380,12:00,3,3,삼성,4,"15,51,66,67"
380,12:00,4,4,여의도,8,"26,31,34,40,57,62,68,69"
380,12:00,5,5,김포공항,5,"7,16,20,43,47"
380,12:00,6,6,일산,2,"53,55"
380,12:00,7,7,판교,5,"6,9,61,64,65"
380,12:00,9,9,평택,2,"11,52"
381,12:01,1,1,서울역,10,"12,14,24,25,29,35,37,41,54,58"
381,12:01,10,10,인천공항,4,"3,56,60,63"
381,12:01,2,2,수서,8,"8,21,22,23,28,30,32,44"
381,12:01,3,3,삼성,4,"38,51,66,67"
381,12:01,4,4,여의도,8,"26,31,34,40,57,62,68,69"
381,12:01,5,5,김포공항,5,"7,16,20,43,47"
381,12:01,6,6,일산,2,"53,55"
381,12:01,7,7,판교,5,"6,9,61,64,65"
381,12:01,9,9,평택,2,"11,52"
382,12:02,1,1,서울역,10,"12,14,24,25,29,35,37,41,54,58"
382,12:02,10,10,인천공항,4,"3,56,60,63"
382,12:02,2,2,수서,9,"8,21,22,23,28,30,32,33,44"
382,12:02,3,3,삼성,4,"38,51,66,67"
382,12:02,4,4,여의도,7,"26,31,34,57,62,68,69"
382,12:02,5,5,김포공항,5,"7,16,20,43,47"
382,12:02,6,6,일산,2,"53,55"
382,12:02,7,7,판교,5,"6,9,61,64,65"
382,12:02,9,9,평택,2,"11,52"
383,12:03,1,1,서울역,10,"12,14,24,25,29,35,37,41,54,58"
383,12:03,10,10,인천공항,4,"3,56,60,63"
383,12:03,2,2,수서,9,"8,21,22,23,28,30,32,33,44"
383,12:03,3,3,삼성,5,"4,38,51,66,67"
383,12:03,4,4,여의도,7,"18,26,34,57,62,68,69"
383,12:03,5,5,김포공항,5,"7,16,20,43,47"
383,12:03,6,6,일산,2,"53,55"
383,12:03,7,7,판교,6,"6,9,39,46,61,65"
383,12:03,8,8,동탄/용인,1,48
383,12:03,9,9,평택,1,11
384,12:04,1,1,서울역,10,"1,12,24,25,29,35,37,41,54,58"
384,12:04,10,10,인천공항,3,"3,60,63"
384,12:04,2,2,수서,9,"8,21,22,23,28,30,32,33,44"
384,12:04,3,3,삼성,5,"4,38,51,66,67"
384,12:04,4,4,여의도,6,"18,34,57,62,68,69"
384,12:04,5,5,김포공항,5,"7,16,20,43,47"
384,12:04,6,6,일산,2,"53,55"
384,12:04,7,7,판교,5,"9,39,46,61,65"
384,12:04,8,8,동탄/용인,1,48
385,12:05,1,1,서울역,10,"1,12,24,25,29,35,37,41,54,58"
385,12:05,10,10,인천공항,4,"3,49,60,63"
385,12:05,2,2,수서,9,"8,21,22,23,28,30,32,33,44"
385,12:05,3,3,삼성,5,"4,38,51,66,67"
385,12:05,4,4,여의도,7,"18,34,57,59,62,68,69"
385,12:05,5,5,김포공항,5,"7,16,20,43,47"
385,12:05,6,6,일산,2,"53,55"
385,12:05,7,7,판교,5,"9,39,46,61,65"
385,12:05,8,8,동탄/용인,1,48
386,12:06,1,1,서울역,11,"1,12,24,25,29,35,37,41,42,54,58"
386,12:06,10,10,인천공항,4,"3,49,60,63"
386,12:06,2,2,수서,9,"8,21,22,23,28,30,32,33,44"
386,12:06,3,3,삼성,5,"4,38,51,66,67"
386,12:06,4,4,여의도,8,"2,18,34,57,59,62,68,69"
386,12:06,5,5,김포공항,6,"7,16,17,20,43,47"
386,12:06,6,6,일산,2,"53,55"
386,12:06,7,7,판교,5,"9,39,46,61,65"
386,12:06,8,8,동탄/용인,1,48
387,12:07,1,1,서울역,11,"1,12,24,25,29,35,37,41,42,54,58"
387,12:07,10,10,인천공항,3,"49,60,63"
387,12:07,2,2,수서,9,"8,21,22,23,28,30,32,33,44"
387,12:07,3,3,삼성,6,"4,10,38,51,66,67"
387,12:07,4,4,여의도,8,"2,18,34,57,59,62,68,69"
387,12:07,5,5,김포공항,6,"7,16,17,20,43,47"
387,12:07,6,6,일산,3,"45,53,55"
387,12:07,7,7,판교,6,"9,19,39,46,61,65"
387,12:07,8,8,동탄/용인,1,48
388,12:08,1,1,서울역,11,"1,12,24,25,29,35,37,41,42,54,58"
388,12:08,10,10,인천공항,3,"49,60,63"
388,12:08,2,2,수서,8,"8,21,22,23,28,30,32,44"
388,12:08,3,3,삼성,6,"4,10,38,51,66,67"
388,12:08,4,4,여의도,8,"2,18,34,57,59,62,68,69"
388,12:08,5,5,김포공항,6,"7,16,17,20,43,47"
388,12:08,6,6,일산,3,"45,53,55"
388,12:08,7,7,판교,6,"9,19,39,46,61,65"
388,12:08,8,8,동탄/용인,1,48
389,12:09,1,1,서울역,11,"1,12,24,25,29,35,37,41,42,54,58"
389,12:09,10,10,인천공항,3,"49,60,63"
389,12:09,2,2,수서,8,"8,21,22,23,28,30,32,44"
389,12:09,3,3,삼성,6,"4,10,38,51,66,67"
389,12:09,4,4,여의도,8,"2,18,34,57,59,62,68,69"
389,12:09,5,5,김포공항,6,"7,16,17,20,43,47"
389,12:09,6,6,일산,3,"45,53,55"
389,12:09,7,7,판교,7,"9,19,39,40,46,61,65"
389,12:09,8,8,동탄/용인,1,48
390,12:10,1,1,서울역,10,"1,12,24,25,35,37,41,42,54,58"
390,12:10,10,10,인천공항,3,"49,60,63"
390,12:10,2,2,수서,8,"8,21,22,23,28,30,32,44"
390,12:10,3,3,삼성,7,"4,10,31,38,51,66,67"
390,12:10,4,4,여의도,8,"2,18,34,57,59,62,68,69"
390,12:10,5,5,김포공항,6,"7,16,17,20,43,47"
390,12:10,6,6,일산,3,"45,53,55"
390,12:10,7,7,판교,7,"5,9,39,40,46,61,65"
390,12:10,8,8,동탄/용인,1,48
391,12:11,1,1,서울역,10,"6,12,24,25,35,37,41,42,54,58"
391,12:11,10,10,인천공항,4,"49,50,60,63"
391,12:11,2,2,수서,8,"8,21,22,23,28,30,32,44"
391,12:11,3,3,삼성,7,"4,10,31,38,51,66,67"
391,12:11,4,4,여의도,9,"2,18,34,36,57,59,62,68,69"
391,12:11,5,5,김포공항,6,"7,16,17,20,43,47"
391,12:11,6,6,일산,3,"45,53,55"
391,12:11,7,7,판교,9,"5,9,13,14,39,40,46,61,65"
391,12:11,8,8,동탄/용인,1,48
392,12:12,1,1,서울역,10,"6,12,24,25,35,37,41,42,54,58"
392,12:12,10,10,인천공항,4,"49,50,60,63"
392,12:12,2,2,수서,8,"8,21,22,23,28,30,32,44"
392,12:12,3,3,삼성,7,"4,10,31,38,51,66,67"
392,12:12,4,4,여의도,9,"2,18,34,36,57,59,62,68,69"
392,12:12,5,5,김포공항,5,"7,16,20,43,47"
392,12:12,6,6,일산,3,"45,53,55"
392,12:12,7,7,판교,9,"5,9,13,14,39,40,46,61,65"
392,12:12,8,8,동탄/용인,1,48
393,12:13,1,1,서울역,9,"6,12,24,25,37,41,42,54,58"
393,12:13,10,10,인천공항,4,"49,50,60,63"
393,12:13,2,2,수서,8,"8,21,22,23,28,30,32,44"
393,12:13,3,3,삼성,7,"4,10,31,38,51,66,67"
393,12:13,4,4,여의도,9,"2,18,34,36,57,59,62,68,69"
393,12:13,5,5,김포공항,6,"7,16,20,43,47,64"
393,12:13,6,6,일산,3,"45,53,55"
393,12:13,7,7,판교,8,"5,13,14,39,40,46,61,65"
393,12:13,8,8,동탄/용인,1,48
394,12:14,1,1,서울역,9,"6,12,24,25,37,41,42,54,58"
394,12:14,10,10,인천공항,5,"27,49,50,60,63"
394,12:14,2,2,수서,8,"8,21,22,23,28,30,32,44"
394,12:14,3,3,삼성,7,"4,10,31,38,51,66,67"
394,12:14,4,4,여의도,8,"2,34,36,57,59,62,68,69"
394,12:14,5,5,김포공항,6,"7,16,20,43,47,64"
394,12:14,6,6,일산,3,"45,53,55"
394,12:14,7,7,판교,7,"5,13,14,40,46,61,65"
394,12:14,8,8,동탄/용인,1,48
395,12:15,1,1,서울역,9,"6,12,24,25,37,41,42,54,58"
395,12:15,10,10,인천공항,5,"27,49,50,60,63"
395,12:15,2,2,수서,7,"8,21,23,28,30,32,44"
395,12:15,3,3,삼성,8,"0,4,10,31,38,51,66,67"
395,12:15,4,4,여의도,8,"2,34,36,57,59,62,68,69"
395,12:15,5,5,김포공항,6,"7,16,20,43,47,64"
395,12:15,6,6,일산,3,"45,53,55"
395,12:15,7,7,판교,6,"5,13,14,46,61,65"
395,12:15,8,8,동탄/용인,1,48
396,12:16,1,1,서울역,9,"6,12,24,25,37,41,42,54,58"
396,12:16,10,10,인천공항,6,"15,27,49,50,60,63"
396,12:16,2,2,수서,7,"8,21,23,28,30,32,44"
396,12:16,3,3,삼성,8,"0,4,10,31,38,51,66,67"
396,12:16,4,4,여의도,9,"2,34,36,56,57,59,62,68,69"
396,12:16,5,5,김포공항,7,"7,16,20,33,43,47,64"
396,12:16,6,6,일산,3,"45,53,55"
396,12:16,7,7,판교,6,"5,13,14,46,61,65"
396,12:16,8,8,동탄/용인,1,48
397,12:17,1,1,서울역,9,"6,12,24,25,37,41,42,54,58"
397,12:17,10,10,인천공항,6,"15,27,49,50,60,63"
397,12:17,2,2,수서,7,"8,21,23,28,30,32,44"
397,12:17,3,3,삼성,8,"0,4,10,31,38,51,66,67"
397,12:17,4,4,여의도,9,"2,34,36,56,57,59,62,68,69"
397,12:17,5,5,김포공항,7,"7,16,20,33,43,47,64"
397,12:17,6,6,일산,3,"45,53,55"
397,12:17,7,7,판교,6,"5,13,14,46,61,65"
397,12:17,8,8,동탄/용인,1,48
398,12:18,1,1,서울역,9,"6,12,24,25,37,41,42,54,58"
398,12:18,10,10,인천공항,6,"15,27,49,50,60,63"
398,12:18,2,2,수서,6,"8,21,23,28,30,32"
398,12:18,3,3,삼성,8,"0,4,10,31,38,51,66,67"
398,12:18,4,4,여의도,10,"2,34,36,52,56,57,59,62,68,69"
398,12:18,5,5,김포공항,6,"16,20,33,43,47,64"
398,12:18,6,6,일산,2,"45,55"
398,12:18,7,7,판교,7,"1,5,13,14,46,61,65"
398,12:18,8,8,동탄/용인,1,48
399,12:19,1,1,서울역,9,"6,12,24,25,37,41,42,54,58"
399,12:19,10,10,인천공항,6,"15,27,49,50,60,63"
399,12:19,2,2,수서,6,"8,21,23,28,30,32"
399,12:19,3,3,삼성,8,"0,4,10,31,38,51,66,67"
399,12:19,4,4,여의도,11,"2,11,34,36,52,56,57,59,62,68,69"
399,12:19,5,5,김포공항,6,"16,20,33,43,47,64"
399,12:19,6,6,일산,3,"17,45,55"
399,12:19,7,7,판교,6,"1,5,13,46,61,65"
399,12:19,8,8,동탄/용인,1,48
399,12:19,9,9,평택,1,26
400,12:20,1,1,서울역,9,"6,9,24,25,37,41,42,54,58"
400,12:20,10,10,인천공항,5,"15,27,49,60,63"
400,12:20,2,2,수서,6,"8,21,23,28,30,32"
400,12:20,3,3,삼성,8,"0,4,10,31,38,51,66,67"
400,12:20,4,4,여의도,10,"2,11,34,36,52,56,57,59,68,69"
400,12:20,5,5,김포공항,5,"20,33,43,47,64"
400,12:20,6,6,일산,3,"17,45,55"
400,12:20,7,7,판교,4,"1,46,61,65"
400,12:20,8,8,동탄/용인,1,48
400,12:20,9,9,평택,1,26
401,12:21,1,1,서울역,9,"6,9,24,25,37,41,42,54,58"
401,12:21,10,10,인천공항,5,"15,27,49,60,63"
401,12:21,2,2,수서,6,"8,21,23,28,30,32"
401,12:21,3,3,삼성,8,"0,4,10,31,38,51,66,67"
401,12:21,4,4,여의도,11,"2,11,34,36,39,52,56,57,59,68,69"
401,12:21,5,5,김포공항,5,"20,33,43,47,64"
401,12:21,6,6,일산,3,"17,45,55"
401,12:21,7,7,판교,4,"1,46,61,65"
401,12:21,8,8,동탄/용인,1,48
401,12:21,9,9,평택,1,26
402,12:22,1,1,서울역,9,"6,9,24,25,37,41,42,54,58"
402,12:22,10,10,인천공항,5,"15,27,49,60,63"
402,12:22,2,2,수서,6,"8,21,23,28,30,32"
402,12:22,3,3,삼성,8,"0,3,4,10,38,51,66,67"
402,12:22,4,4,여의도,11,"11,34,36,39,40,52,56,57,59,68,69"
402,12:22,5,5,김포공항,5,"20,33,43,47,64"
402,12:22,6,6,일산,2,"45,55"
402,12:22,7,7,판교,4,"1,46,61,65"
402,12:22,8,8,동탄/용인,1,48
402,12:22,9,9,평택,1,26
403,12:23,1,1,서울역,9,"6,9,24,25,37,41,42,54,58"
403,12:23,10,10,인천공항,6,"15,27,29,49,60,63"
403,12:23,2,2,수서,6,"8,21,23,28,30,32"
403,12:23,3,3,삼성,7,"0,3,10,38,51,66,67"
403,12:23,4,4,여의도,10,"11,34,39,40,52,56,57,59,68,69"
403,12:23,5,5,김포공항,6,"20,22,33,43,47,64"
403,12:23,6,6,일산,2,"45,55"
403,12:23,7,7,판교,3,"1,61,65"
403,12:23,8,8,동탄/용인,1,48
403,12:23,9,9,평택,1,26
404,12:24,1,1,서울역,8,"6,9,24,25,41,42,54,58"
404,12:24,10,10,인천공항,6,"15,27,29,49,60,63"
404,12:24,2,2,수서,6,"8,21,23,28,30,32"
404,12:24,3,3,삼성,7,"0,3,10,38,51,66,67"
404,12:24,4,4,여의도,10,"11,34,39,40,52,56,57,59,68,69"
404,12:24,5,5,김포공항,6,"20,22,33,43,47,64"
404,12:24,6,6,일산,2,"45,55"
404,12:24,7,7,판교,3,"1,61,65"
404,12:24,8,8,동탄/용인,1,48
404,12:24,9,9,평택,1,26
405,12:25,1,1,서울역,8,"6,9,24,25,41,42,54,58"
405,12:25,10,10,인천공항,6,"15,27,29,49,60,63"
405,12:25,2,2,수서,6,"8,21,23,28,30,32"
405,12:25,3,3,삼성,7,"0,3,10,38,51,66,67"
405,12:25,4,4,여의도,10,"11,34,39,40,52,56,57,59,68,69"
405,12:25,5,5,김포공항,6,"20,22,33,43,47,64"
405,12:25,6,6,일산,2,"45,55"
405,12:25,7,7,판교,3,"1,61,65"
405,12:25,8,8,동탄/용인,1,48
406,12:26,1,1,서울역,8,"6,9,24,25,41,42,54,58"
406,12:26,10,10,인천공항,9,"15,18,19,27,29,35,49,60,63"
406,12:26,2,2,수서,6,"8,21,23,28,30,32"
406,12:26,3,3,삼성,8,"0,3,7,10,38,51,66,67"
406,12:26,4,4,여의도,10,"11,34,39,40,52,56,57,59,68,69"
406,12:26,5,5,김포공항,5,"20,33,43,47,64"
406,12:26,6,6,일산,2,"45,55"
406,12:26,7,7,판교,3,"1,61,65"
406,12:26,8,8,동탄/용인,1,48
407,12:27,1,1,서울역,9,"5,6,9,24,25,41,42,54,58"
407,12:27,10,10,인천공항,8,"15,18,19,27,29,35,60,63"
407,12:27,2,2,수서,6,"8,21,23,28,30,32"
407,12:27,3,3,삼성,8,"0,3,7,10,38,51,66,67"
407,12:27,4,4,여의도,11,"11,13,34,39,40,52,56,57,59,68,69"
407,12:27,5,5,김포공항,5,"20,33,43,47,64"
407,12:27,6,6,일산,2,"45,55"
407,12:27,7,7,판교,4,"1,12,62,65"
407,12:27,8,8,동탄/용인,1,48
408,12:28,1,1,서울역,8,"5,6,9,25,41,42,54,58"
408,12:28,10,10,인천공항,8,"15,18,19,27,29,35,60,63"
408,12:28,2,2,수서,7,"8,16,21,23,28,30,32"
408,12:28,3,3,삼성,8,"0,3,7,10,38,51,66,67"
408,12:28,4,4,여의도,11,"11,13,34,39,40,52,56,57,59,68,69"
408,12:28,5,5,김포공항,5,"20,33,43,47,64"
408,12:28,6,6,일산,1,55
408,12:28,7,7,판교,3,"1,12,62"
409,12:29,1,1,서울역,8,"5,6,9,25,41,42,54,58"
409,12:29,10,10,인천공항,8,"15,18,19,29,35,53,60,63"
409,12:29,2,2,수서,6,"8,16,23,28,30,32"
409,12:29,3,3,삼성,8,"0,3,7,10,38,51,66,67"
409,12:29,4,4,여의도,10,"11,13,39,40,52,56,57,59,68,69"
409,12:29,5,5,김포공항,5,"20,33,43,47,64"
409,12:29,6,6,일산,2,"44,55"
409,12:29,7,7,판교,4,"1,2,12,62"
410,12:30,1,1,서울역,8,"5,6,9,25,41,42,54,58"
410,12:30,10,10,인천공항,8,"15,18,19,29,35,53,60,63"
410,12:30,2,2,수서,6,"8,16,23,28,30,32"
410,12:30,3,3,삼성,8,"0,3,7,10,38,51,66,67"
410,12:30,4,4,여의도,11,"11,13,39,40,46,52,56,57,59,68,69"
410,12:30,5,5,김포공항,5,"20,33,43,47,64"
410,12:30,6,6,일산,1,44
410,12:30,7,7,판교,4,"1,2,12,36"
411,12:31,1,1,서울역,8,"5,6,9,25,41,42,54,58"
411,12:31,10,10,인천공항,7,"15,18,19,29,35,53,63"
411,12:31,2,2,수서,6,"8,16,23,28,30,32"
411,12:31,3,3,삼성,8,"0,3,7,10,38,51,66,67"
411,12:31,4,4,여의도,11,"11,13,39,40,46,52,56,57,59,68,69"
411,12:31,5,5,김포공항,5,"20,33,43,47,64"
411,12:31,6,6,일산,2,"14,44"
411,12:31,7,7,판교,4,"1,2,12,36"
412,12:32,1,1,서울역,8,"5,6,9,25,41,42,54,58"
412,12:32,10,10,인천공항,7,"15,18,19,29,35,53,63"
412,12:32,2,2,수서,6,"8,16,23,28,30,32"
412,12:32,3,3,삼성,8,"0,3,7,10,38,51,66,67"
412,12:32,4,4,여의도,11,"11,13,39,46,50,52,56,57,59,68,69"
412,12:32,5,5,김포공항,5,"20,33,43,47,64"
412,12:32,6,6,일산,2,"14,44"
412,12:32,7,7,판교,3,"1,12,36"
413,12:33,1,1,서울역,8,"5,6,9,25,41,42,54,58"
413,12:33,10,10,인천공항,7,"15,18,19,29,35,53,63"
413,12:33,2,2,수서,6,"8,16,23,28,30,32"
413,12:33,3,3,삼성,7,"0,3,7,10,38,51,66"
413,12:33,4,4,여의도,10,"13,39,46,50,52,56,57,59,68,69"
413,12:33,5,5,김포공항,5,"20,33,43,47,64"
413,12:33,6,6,일산,2,"14,44"
413,12:33,7,7,판교,2,"1,36"
413,12:33,8,8,동탄/용인,1,4
414,12:34,1,1,서울역,8,"5,6,9,25,41,42,54,58"
414,12:34,10,10,인천공항,7,"15,18,19,29,35,53,63"
414,12:34,2,2,수서,6,"8,16,23,28,30,32"
414,12:34,3,3,삼성,7,"0,3,7,10,38,51,66"
414,12:34,4,4,여의도,11,"13,39,46,50,52,56,57,59,61,68,69"
414,12:34,5,5,김포공항,5,"20,33,43,47,64"
414,12:34,6,6,일산,2,"14,44"
414,12:34,7,7,판교,3,"1,17,36"
414,12:34,8,8,동탄/용인,1,4
415,12:35,1,1,서울역,9,"5,6,9,25,41,42,54,58,65"
415,12:35,10,10,인천공항,7,"15,18,19,29,35,53,63"
415,12:35,2,2,수서,6,"8,16,23,28,30,32"
415,12:35,3,3,삼성,6,"3,7,10,38,51,66"
415,12:35,4,4,여의도,11,"13,39,46,50,52,56,57,59,61,68,69"
415,12:35,5,5,김포공항,5,"20,33,43,47,64"
415,12:35,6,6,일산,2,"14,44"
415,12:35,7,7,판교,3,"1,17,36"
415,12:35,8,8,동탄/용인,1,4
416,12:36,1,1,서울역,9,"5,6,9,25,41,42,54,58,65"
416,12:36,10,10,인천공항,8,"15,18,19,22,29,35,53,63"
416,12:36,2,2,수서,6,"8,16,23,28,30,32"
416,12:36,3,3,삼성,6,"3,7,10,38,51,66"
416,12:36,4,4,여의도,11,"13,39,46,50,52,56,57,59,61,68,69"
416,12:36,5,5,김포공항,5,"20,33,43,47,64"
416,12:36,6,6,일산,2,"14,44"
416,12:36,7,7,판교,3,"1,17,34"
416,12:36,8,8,동탄/용인,1,4
417,12:37,1,1,서울역,9,"5,6,9,25,41,42,54,58,65"
417,12:37,10,10,인천공항,9,"15,18,19,22,29,35,37,53,63"
417,12:37,2,2,수서,5,"8,23,28,30,32"
417,12:37,3,3,삼성,6,"3,7,10,38,51,66"
417,12:37,4,4,여의도,11,"13,39,46,50,52,56,57,59,61,68,69"
417,12:37,5,5,김포공항,6,"20,21,33,43,47,64"
417,12:37,6,6,일산,2,"14,44"
417,12:37,7,7,판교,3,"1,17,34"
417,12:37,8,8,동탄/용인,1,4
417,12:37,9,9,평택,1,31
418,12:38,1,1,서울역,8,"5,6,9,41,42,54,58,65"
418,12:38,10,10,인천공항,9,"15,18,19,22,29,35,37,53,63"
418,12:38,2,2,수서,5,"8,23,28,30,32"
418,12:38,3,3,삼성,7,"3,7,10,38,48,51,66"
418,12:38,4,4,여의도,11,"13,39,46,50,52,56,57,59,61,68,69"
418,12:38,5,5,김포공항,6,"20,21,33,43,47,64"
418,12:38,6,6,일산,2,"14,44"
418,12:38,7,7,판교,3,"1,17,34"
418,12:38,8,8,동탄/용인,1,4
418,12:38,9,9,평택,1,31
419,12:39,1,1,서울역,8,"5,6,9,41,42,54,58,65"
419,12:39,10,10,인천공항,9,"15,18,19,22,29,35,37,53,63"
419,12:39,2,2,수서,6,"8,11,23,28,30,32"
419,12:39,3,3,삼성,7,"3,7,10,38,48,51,66"
419,12:39,4,4,여의도,13,"2,13,39,46,49,50,52,56,57,59,61,68,69"
419,12:39,5,5,김포공항,6,"20,21,33,43,47,64"
419,12:39,6,6,일산,2,"14,44"
419,12:39,7,7,판교,3,"1,17,34"
419,12:39,8,8,동탄/용인,1,4
419,12:39,9,9,평택,1,31
420,12:40,1,1,서울역,9,"5,6,9,12,41,42,54,58,65"
420,12:40,10,10,인천공항,9,"15,18,19,22,29,35,37,53,63"
420,12:40,2,2,수서,6,"8,11,23,28,30,32"
420,12:40,3,3,삼성,7,"3,7,10,38,48,51,66"
420,12:40,4,4,여의도,14,"2,13,26,39,46,49,50,52,56,57,59,61,68,69"
420,12:40,5,5,김포공항,6,"20,21,43,47,62,64"
420,12:40,6,6,일산,2,"14,44"
420,12:40,7,7,판교,3,"1,34,45"
420,12:40,8,8,동탄/용인,1,4
420,12:40,9,9,평택,1,31
421,12:41,1,1,서울역,8,"5,6,9,12,41,42,54,58"
421,12:41,10,10,인천공항,10,"18,19,22,24,29,35,37,53,55,63"
421,12:41,2,2,수서,6,"8,11,23,28,30,32"
421,12:41,3,3,삼성,7,"3,7,10,38,48,51,66"
421,12:41,4,4,여의도,14,"2,13,26,39,46,49,50,52,56,57,59,61,68,69"
421,12:41,5,5,김포공항,6,"20,21,43,47,62,64"
421,12:41,6,6,일산,2,"14,44"
421,12:41,7,7,판교,2,"34,45"
421,12:41,8,8,동탄/용인,1,4
421,12:41,9,9,평택,1,31
422,12:42,1,1,서울역,7,"5,6,9,12,42,54,58"
422,12:42,10,10,인천공항,10,"18,19,22,24,29,35,37,53,55,63"
422,12:42,2,2,수서,6,"8,11,23,28,30,32"
422,12:42,3,3,삼성,7,"3,7,10,38,48,51,66"
422,12:42,4,4,여의도,13,"2,13,26,39,46,49,50,56,57,59,61,68,69"
422,12:42,5,5,김포공항,6,"20,21,43,47,62,64"
422,12:42,6,6,일산,2,"14,44"
422,12:42,7,7,판교,1,45
422,12:42,8,8,동탄/용인,1,4
422,12:42,9,9,평택,1,31
423,12:43,1,1,서울역,6,"5,6,9,42,54,58"
423,12:43,10,10,인천공항,10,"18,19,22,24,29,35,37,53,55,63"
423,12:43,2,2,수서,5,"8,11,28,30,32"
423,12:43,3,3,삼성,7,"3,7,10,38,48,51,66"
423,12:43,4,4,여의도,14,"2,13,26,36,39,46,49,50,56,57,59,61,68,69"
423,12:43,5,5,김포공항,7,"0,20,21,43,47,62,64"
423,12:43,6,6,일산,2,"14,44"
423,12:43,7,7,판교,1,45
423,12:43,8,8,동탄/용인,1,4
423,12:43,9,9,평택,1,31
424,12:44,1,1,서울역,6,"5,6,9,42,54,58"
424,12:44,10,10,인천공항,11,"18,19,22,24,29,35,37,40,53,55,63"
424,12:44,2,2,수서,5,"8,11,28,30,32"
424,12:44,3,3,삼성,8,"3,7,10,27,38,48,51,66"
424,12:44,4,4,여의도,14,"2,13,26,36,39,46,49,50,56,57,59,61,68,69"
424,12:44,5,5,김포공항,7,"0,20,21,43,47,62,64"
424,12:44,6,6,일산,2,"14,44"
424,12:44,7,7,판교,1,45
424,12:44,8,8,동탄/용인,1,4
424,12:44,9,9,평택,1,31
425,12:45,1,1,서울역,5,"5,6,42,54,58"
425,12:45,10,10,인천공항,11,"18,19,22,24,29,35,37,40,53,55,63"
425,12:45,2,2,수서,5,"8,11,28,30,32"
425,12:45,3,3,삼성,8,"3,7,10,27,38,48,51,66"
425,12:45,4,4,여의도,14,"2,13,26,36,39,46,49,50,56,57,59,61,68,69"
425,12:45,5,5,김포공항,8,"0,16,20,21,43,47,62,64"
425,12:45,6,6,일산,2,"14,44"
425,12:45,7,7,판교,1,45
425,12:45,8,8,동탄/용인,1,4
425,12:45,9,9,평택,1,31
426,12:46,1,1,서울역,5,"5,6,42,54,58"
426,12:46,10,10,인천공항,11,"18,19,22,24,29,35,37,40,53,55,63"
426,12:46,2,2,수서,5,"8,11,28,30,32"
426,12:46,3,3,삼성,9,"3,7,10,27,38,48,51,60,66"
426,12:46,4,4,여의도,13,"2,13,36,39,46,49,50,56,57,59,61,68,69"
426,12:46,5,5,김포공항,6,"16,20,43,47,62,64"
426,12:46,6,6,일산,2,"14,44"
426,12:46,7,7,판교,1,45
426,12:46,8,8,동탄/용인,1,4
426,12:46,9,9,평택,1,31
427,12:47,1,1,서울역,5,"5,6,42,54,58"
427,12:47,10,10,인천공항,9,"18,24,29,35,37,40,53,55,63"
427,12:47,2,2,수서,5,"8,11,28,30,32"
427,12:47,3,3,삼성,9,"3,7,10,27,38,48,51,60,66"
427,12:47,4,4,여의도,13,"2,13,17,36,46,49,50,56,57,59,61,68,69"
427,12:47,5,5,김포공항,5,"16,43,47,62,64"
427,12:47,6,6,일산,2,"14,44"
427,12:47,7,7,판교,1,45
427,12:47,9,9,평택,1,31
428,12:48,1,1,서울역,6,"1,5,6,42,54,58"
428,12:48,10,10,인천공항,9,"18,24,29,35,37,40,53,55,63"
428,12:48,2,2,수서,4,"8,11,30,32"
428,12:48,3,3,삼성,8,"7,10,27,38,48,51,60,66"
428,12:48,4,4,여의도,13,"2,13,17,36,46,49,50,56,57,59,61,68,69"
428,12:48,5,5,김포공항,5,"16,43,47,62,64"
428,12:48,6,6,일산,2,"14,44"
428,12:48,7,7,판교,1,45
428,12:48,9,9,평택,2,"31,67"
429,12:49,1,1,서울역,6,"1,5,6,42,54,58"
429,12:49,10,10,인천공항,9,"18,24,29,35,37,40,53,55,63"
429,12:49,2,2,수서,3,"8,11,30"
429,12:49,3,3,삼성,8,"7,10,27,38,48,51,60,66"
429,12:49,4,4,여의도,14,"2,13,17,34,36,46,49,50,56,57,59,61,68,69"
429,12:49,5,5,김포공항,5,"16,43,47,62,64"
429,12:49,6,6,일산,2,"14,44"
429,12:49,7,7,판교,1,45
429,12:49,9,9,평택,2,"31,67"
430,12:50,1,1,서울역,5,"1,5,6,42,54"
430,12:50,10,10,인천공항,9,"18,24,29,35,37,40,53,55,63"
430,12:50,2,2,수서,3,"8,11,30"
430,12:50,3,3,삼성,6,"7,10,27,48,51,60"
430,12:50,4,4,여의도,14,"2,13,17,34,36,46,49,50,56,57,59,61,68,69"
430,12:50,5,5,김포공항,5,"16,43,47,62,64"
430,12:50,6,6,일산,2,"14,44"
430,12:50,7,7,판교,2,"12,45"
430,12:50,9,9,평택,2,"31,67"
431,12:51,1,1,서울역,5,"1,5,6,42,54"
431,12:51,10,10,인천공항,10,"18,24,25,29,35,37,40,53,55,63"
431,12:51,2,2,수서,3,"8,11,30"
431,12:51,3,3,삼성,6,"7,10,27,48,51,60"
431,12:51,4,4,여의도,14,"2,13,17,34,36,46,49,50,56,57,59,61,68,69"
431,12:51,5,5,김포공항,6,"16,23,43,47,62,64"
431,12:51,6,6,일산,2,"14,44"
431,12:51,7,7,판교,2,"12,45"
431,12:51,9,9,평택,2,"31,67"
432,12:52,1,1,서울역,5,"1,5,6,42,54"
432,12:52,10,10,인천공항,10,"18,24,25,29,35,37,40,53,55,63"
432,12:52,2,2,수서,4,"8,11,26,30"
432,12:52,3,3,삼성,6,"7,10,27,48,51,60"
432,12:52,4,4,여의도,13,"2,13,34,36,46,49,50,56,57,59,61,68,69"
432,12:52,5,5,김포공항,6,"16,23,43,47,62,64"
432,12:52,6,6,일산,2,"14,44"
432,12:52,7,7,판교,2,"12,45"
432,12:52,9,9,평택,2,"31,67"
433,12:53,1,1,서울역,4,"1,6,42,54"
433,12:53,10,10,인천공항,10,"18,24,25,29,35,37,40,53,55,63"
433,12:53,2,2,수서,5,"8,11,26,30,39"
433,12:53,3,3,삼성,6,"7,10,27,48,51,60"
433,12:53,4,4,여의도,14,"2,13,15,34,36,46,49,50,56,57,59,61,68,69"
433,12:53,5,5,김포공항,6,"16,23,43,47,62,64"
433,12:53,6,6,일산,2,"14,44"
433,12:53,7,7,판교,2,"12,45"
433,12:53,9,9,평택,2,"31,67"
434,12:54,1,1,서울역,4,"1,6,42,54"
434,12:54,10,10,인천공항,9,"18,24,25,29,37,40,53,55,63"
434,12:54,2,2,수서,4,"8,26,30,39"
434,12:54,3,3,삼성,6,"7,10,27,48,51,60"
434,12:54,4,4,여의도,14,"2,13,15,34,36,46,49,50,56,57,59,61,68,69"
434,12:54,5,5,김포공항,6,"16,23,43,47,62,64"
434,12:54,6,6,일산,2,"14,44"
434,12:54,7,7,판교,2,"12,45"
434,12:54,9,9,평택,2,"31,67"
435,12:55,1,1,서울역,4,"1,6,42,54"
435,12:55,10,10,인천공항,10,"18,24,25,29,37,40,41,53,55,63"
435,12:55,2,2,수서,3,"26,30,39"
435,12:55,3,3,삼성,6,"7,10,27,48,51,60"
435,12:55,4,4,여의도,14,"2,13,15,34,36,46,49,50,56,57,59,61,68,69"
435,12:55,5,5,김포공항,6,"16,23,43,47,62,64"
435,12:55,6,6,일산,2,"14,44"
435,12:55,7,7,판교,2,"12,45"
435,12:55,9,9,평택,2,"31,67"
436,12:56,1,1,서울역,4,"1,6,42,54"
436,12:56,10,10,인천공항,10,"0,24,25,29,37,40,41,53,55,63"
436,12:56,2,2,수서,3,"26,30,39"
436,12:56,3,3,삼성,6,"7,10,27,48,51,60"
436,12:56,4,4,여의도,14,"2,13,15,34,36,46,49,50,56,57,59,61,68,69"
436,12:56,5,5,김포공항,7,"16,23,28,43,47,62,64"
436,12:56,6,6,일산,2,"14,44"
436,12:56,7,7,판교,1,45
436,12:56,9,9,평택,2,"31,67"
437,12:57,1,1,서울역,4,"1,6,42,54"
437,12:57,10,10,인천공항,11,"0,20,24,25,29,37,40,41,53,55,63"
437,12:57,2,2,수서,3,"26,30,39"
437,12:57,3,3,삼성,7,"4,7,10,27,48,51,60"
437,12:57,4,4,여의도,15,"2,13,15,34,36,46,49,50,56,57,59,61,66,68,69"
437,12:57,5,5,김포공항,8,"16,23,28,32,43,47,62,64"
437,12:57,6,6,일산,2,"14,44"
437,12:57,7,7,판교,2,"45,58"
437,12:57,8,8,동탄/용인,1,9
437,12:57,9,9,평택,5,"31,33,52,65,67"
438,12:58,1,1,서울역,4,"1,6,42,54"
438,12:58,10,10,인천공항,11,"0,20,24,25,29,37,40,41,53,55,63"
438,12:58,2,2,수서,3,"26,30,39"
438,12:58,3,3,삼성,7,"4,7,10,27,48,51,60"
438,12:58,4,4,여의도,14,"2,13,15,34,36,46,50,56,57,59,61,66,68,69"
438,12:58,5,5,김포공항,8,"16,23,28,32,43,47,62,64"
438,12:58,6,6,일산,3,"3,14,44"
438,12:58,7,7,판교,2,"45,58"
438,12:58,8,8,동탄/용인,1,9
438,12:58,9,9,평택,5,"31,33,52,65,67"
439,12:59,1,1,서울역,4,"1,6,42,54"
439,12:59,10,10,인천공항,11,"0,20,24,25,29,37,40,41,53,55,63"
439,12:59,2,2,수서,3,"26,30,39"
439,12:59,3,3,삼성,7,"4,7,10,27,48,51,60"
439,12:59,4,4,여의도,14,"2,13,15,34,36,46,50,56,57,59,61,66,68,69"
439,12:59,5,5,김포공항,8,"16,23,28,32,43,47,62,64"
439,12:59,6,6,일산,3,"3,14,44"
439,12:59,7,7,판교,3,"17,45,58"
439,12:59,8,8,동탄/용인,1,9
439,12:59,9,9,평택,5,"31,33,52,65,67"
440,13:00,1,1,서울역,4,"1,6,42,54"
440,13:00,10,10,인천공항,11,"0,20,24,25,29,37,40,41,53,55,63"
440,13:00,2,2,수서,3,"26,30,39"
440,13:00,3,3,삼성,6,"4,7,27,48,51,60"
440,13:00,4,4,여의도,13,"2,13,15,34,36,46,50,56,57,59,61,68,69"
440,13:00,5,5,김포공항,8,"16,23,28,32,43,47,62,64"
440,13:00,6,6,일산,3,"3,14,44"
440,13:00,7,7,판교,3,"5,17,45"
440,13:00,8,8,동탄/용인,1,9
440,13:00,9,9,평택,5,"31,33,52,65,67"
441,13:01,1,1,서울역,3,"1,42,54"
441,13:01,10,10,인천공항,11,"0,20,24,25,29,37,40,41,53,55,63"
441,13:01,2,2,수서,3,"26,30,39"
441,13:01,3,3,삼성,5,"4,27,48,51,60"
441,13:01,4,4,여의도,13,"2,13,15,34,36,46,50,56,57,59,61,68,69"
441,13:01,5,5,김포공항,8,"16,23,28,32,43,47,62,64"
441,13:01,6,6,일산,3,"3,14,44"
441,13:01,7,7,판교,3,"5,17,45"
441,13:01,8,8,동탄/용인,1,9
441,13:01,9,9,평택,5,"31,33,52,65,67"
442,13:02,1,1,서울역,2,"42,54"
442,13:02,10,10,인천공항,11,"0,20,24,25,29,37,40,41,53,55,63"
442,13:02,2,2,수서,3,"26,30,39"
442,13:02,3,3,삼성,7,"4,19,22,27,48,51,60"
442,13:02,4,4,여의도,13,"2,13,15,34,36,46,50,56,57,59,61,68,69"
442,13:02,5,5,김포공항,8,"16,23,28,32,43,47,62,64"
442,13:02,6,6,일산,3,"3,14,44"
442,13:02,7,7,판교,2,"5,45"
442,13:02,8,8,동탄/용인,1,9
442,13:02,9,9,평택,5,"31,33,52,65,67"
443,13:03,1,1,서울역,2,"42,54"
443,13:03,10,10,인천공항,11,"0,20,24,25,29,37,40,41,53,55,63"
443,13:03,2,2,수서,2,"30,39"
443,13:03,3,3,삼성,6,"4,19,22,48,51,60"
443,13:03,4,4,여의도,14,"2,12,13,15,34,36,46,50,56,57,59,61,68,69"
443,13:03,5,5,김포공항,9,"8,16,23,28,32,43,47,62,64"
443,13:03,6,6,일산,3,"3,14,44"
443,13:03,7,7,판교,2,"5,45"
443,13:03,8,8,동탄/용인,1,9
443,13:03,9,9,평택,6,"21,31,33,52,65,67"
444,13:04,1,1,서울역,2,"42,54"
444,13:04,10,10,인천공항,11,"0,20,24,25,29,37,40,41,53,55,63"
444,13:04,2,2,수서,2,"30,39"
444,13:04,3,3,삼성,6,"4,19,22,48,51,60"
444,13:04,4,4,여의도,14,"2,12,13,15,34,36,46,50,56,57,59,61,68,69"
444,13:04,5,5,김포공항,9,"8,16,23,28,32,43,47,62,64"
444,13:04,6,6,일산,3,"3,14,44"
444,13:04,7,7,판교,2,"5,45"
444,13:04,8,8,동탄/용인,1,9
444,13:04,9,9,평택,5,"21,33,52,65,67"
445,13:05,1,1,서울역,2,"42,54"
445,13:05,10,10,인천공항,11,"0,20,24,25,29,37,40,41,53,55,63"
445,13:05,2,2,수서,2,"30,39"
445,13:05,3,3,삼성,6,"4,19,22,48,51,60"
445,13:05,4,4,여의도,14,"2,12,13,15,34,36,46,50,56,57,59,61,68,69"
445,13:05,5,5,김포공항,9,"8,16,23,28,32,43,47,62,64"
445,13:05,6,6,일산,3,"3,11,44"
445,13:05,7,7,판교,2,"5,45"
445,13:05,8,8,동탄/용인,1,9
445,13:05,9,9,평택,6,"21,33,38,52,65,67"
446,13:06,1,1,서울역,2,"42,54"
446,13:06,10,10,인천공항,11,"0,20,24,25,29,37,40,41,53,55,63"
446,13:06,2,2,수서,2,"30,39"
446,13:06,3,3,삼성,6,"4,19,22,48,51,60"
446,13:06,4,4,여의도,15,"2,12,13,15,34,35,36,46,50,56,57,59,61,68,69"
446,13:06,5,5,김포공항,9,"8,16,23,28,32,43,47,62,64"
446,13:06,6,6,일산,3,"3,11,44"
446,13:06,7,7,판교,2,"5,45"
446,13:06,8,8,동탄/용인,1,9
446,13:06,9,9,평택,5,"21,38,52,65,67"
447,13:07,1,1,서울역,3,"42,54,58"
447,13:07,10,10,인천공항,11,"0,20,24,25,29,37,40,41,53,55,63"
447,13:07,2,2,수서,2,"30,39"
447,13:07,3,3,삼성,6,"4,19,22,48,51,60"
447,13:07,4,4,여의도,15,"2,12,13,15,34,35,36,46,50,56,57,59,61,68,69"
447,13:07,5,5,김포공항,9,"8,16,23,28,32,43,47,62,64"
447,13:07,6,6,일산,3,"3,11,44"
447,13:07,7,7,판교,3,"5,10,45"
447,13:07,8,8,동탄/용인,1,9
447,13:07,9,9,평택,5,"21,38,52,65,67"
448,13:08,1,1,서울역,3,"42,54,58"
448,13:08,10,10,인천공항,11,"0,20,24,25,29,37,40,41,53,55,63"
448,13:08,3,3,삼성,6,"4,19,22,48,51,60"
448,13:08,4,4,여의도,16,"2,12,13,15,18,34,35,36,46,50,56,57,59,61,68,69"
448,13:08,5,5,김포공항,9,"8,16,23,28,32,43,47,62,64"
448,13:08,6,6,일산,3,"3,11,44"
448,13:08,7,7,판교,4,"5,6,10,45"
448,13:08,8,8,동탄/용인,1,9
448,13:08,9,9,평택,5,"21,38,52,65,67"
449,13:09,1,1,서울역,3,"42,54,58"
449,13:09,10,10,인천공항,10,"0,20,24,25,37,40,41,53,55,63"
449,13:09,2,2,수서,1,1
449,13:09,3,3,삼성,5,"4,22,48,51,60"
449,13:09,4,4,여의도,17,"2,12,13,15,17,18,34,35,36,46,50,56,57,59,61,68,69"
449,13:09,5,5,김포공항,9,"8,16,23,28,32,43,47,62,64"
449,13:09,6,6,일산,3,"3,11,44"
449,13:09,7,7,판교,4,"5,6,10,45"
449,13:09,8,8,동탄/용인,1,9
449,13:09,9,9,평택,5,"21,38,52,65,67"
450,13:10,1,1,서울역,3,"42,54,58"
450,13:10,10,10,인천공항,11,"0,20,24,25,37,40,41,49,53,55,63"
450,13:10,2,2,수서,1,1
450,13:10,3,3,삼성,4,"4,22,51,60"
450,13:10,4,4,여의도,16,"12,13,15,17,18,34,35,36,46,50,56,57,59,61,68,69"
450,13:10,5,5,김포공항,9,"8,16,23,28,32,43,47,62,64"
450,13:10,6,6,일산,3,"3,11,44"
450,13:10,7,7,판교,2,"6,45"
450,13:10,8,8,동탄/용인,1,9
450,13:10,9,9,평택,5,"21,38,52,65,67"
451,13:11,1,1,서울역,3,"42,54,58"
451,13:11,10,10,인천공항,11,"0,20,24,25,37,40,41,49,53,55,63"
451,13:11,2,2,수서,1,1
451,13:11,3,3,삼성,4,"4,22,51,60"
451,13:11,4,4,여의도,15,"12,13,15,17,18,35,36,46,50,56,57,59,61,68,69"
451,13:11,5,5,김포공항,10,"8,16,23,26,28,32,43,47,62,64"
451,13:11,6,6,일산,4,"3,7,11,44"
451,13:11,7,7,판교,2,"6,45"
451,13:11,8,8,동탄/용인,1,9
451,13:11,9,9,평택,5,"21,38,52,65,67"
452,13:12,1,1,서울역,4,"14,42,54,58"
452,13:12,10,10,인천공항,12,"0,20,24,25,37,40,41,49,53,55,63,66"
452,13:12,2,2,수서,2,"1,19"
452,13:12,3,3,삼성,3,"4,51,60"
452,13:12,4,4,여의도,15,"12,13,15,17,18,35,36,46,50,56,57,59,61,68,69"
452,13:12,5,5,김포공항,10,"8,16,23,26,28,32,43,47,62,64"
452,13:12,6,6,일산,4,"3,7,11,44"
452,13:12,7,7,판교,2,"6,45"
452,13:12,8,8,동탄/용인,1,9
452,13:12,9,9,평택,5,"21,38,52,65,67"
453,13:13,1,1,서울역,4,"14,42,54,58"
453,13:13,10,10,인천공항,12,"0,20,24,25,37,40,41,49,53,55,63,66"
453,13:13,2,2,수서,2,"1,19"
453,13:13,3,3,삼성,3,"4,51,60"
453,13:13,4,4,여의도,15,"12,13,15,17,18,35,36,46,50,56,57,59,61,68,69"
453,13:13,5,5,김포공항,10,"8,16,23,26,28,32,43,47,62,64"
453,13:13,6,6,일산,4,"3,7,11,44"
453,13:13,7,7,판교,2,"6,45"
453,13:13,8,8,동탄/용인,1,9
453,13:13,9,9,평택,5,"21,38,52,65,67"
454,13:14,1,1,서울역,4,"14,42,54,58"
454,13:14,10,10,인천공항,12,"0,20,24,25,37,40,41,49,53,55,63,66"
454,13:14,2,2,수서,2,"1,19"
454,13:14,3,3,삼성,3,"4,51,60"
454,13:14,4,4,여의도,15,"12,13,15,17,18,35,36,46,50,56,57,59,61,68,69"
454,13:14,5,5,김포공항,10,"8,16,23,26,28,32,43,47,62,64"
454,13:14,6,6,일산,4,"3,7,11,44"
454,13:14,7,7,판교,2,"6,45"
454,13:14,8,8,동탄/용인,1,9
454,13:14,9,9,평택,5,"21,38,52,65,67"
455,13:15,1,1,서울역,4,"14,42,54,58"
455,13:15,10,10,인천공항,12,"0,20,24,25,37,40,41,49,53,55,63,66"
455,13:15,2,2,수서,1,1
455,13:15,3,3,삼성,3,"4,51,60"
455,13:15,4,4,여의도,15,"12,13,15,17,18,35,36,46,50,56,57,59,61,68,69"
455,13:15,5,5,김포공항,10,"8,16,23,26,28,32,43,47,62,64"
455,13:15,6,6,일산,4,"3,7,11,44"
455,13:15,7,7,판교,2,"6,45"
455,13:15,8,8,동탄/용인,1,9
455,13:15,9,9,평택,5,"21,38,52,65,67"
456,13:16,1,1,서울역,4,"14,42,54,58"
456,13:16,10,10,인천공항,12,"0,20,24,25,37,40,41,49,53,55,63,66"
456,13:16,2,2,수서,2,"1,2"
456,13:16,3,3,삼성,3,"4,51,60"
456,13:16,4,4,여의도,14,"12,15,17,18,35,36,46,50,56,57,59,61,68,69"
456,13:16,5,5,김포공항,12,"8,16,23,26,28,30,32,39,43,47,62,64"
456,13:16,6,6,일산,4,"3,7,11,44"
456,13:16,7,7,판교,1,6
456,13:16,8,8,동탄/용인,1,9
456,13:16,9,9,평택,5,"21,38,52,65,67"
457,13:17,1,1,서울역,5,"5,14,42,54,58"
457,13:17,10,10,인천공항,11,"0,20,24,25,37,41,49,53,55,63,66"
457,13:17,2,2,수서,2,"1,2"
457,13:17,3,3,삼성,3,"4,51,60"
457,13:17,4,4,여의도,15,"10,12,15,17,18,35,36,46,50,56,57,59,61,68,69"
457,13:17,5,5,김포공항,12,"8,16,23,26,28,30,32,39,43,47,62,64"
457,13:17,6,6,일산,4,"3,7,11,44"
457,13:17,7,7,판교,1,6
457,13:17,8,8,동탄/용인,1,9
457,13:17,9,9,평택,5,"21,38,52,65,67"
458,13:18,1,1,서울역,5,"5,14,42,54,58"
458,13:18,10,10,인천공항,11,"0,20,24,25,37,41,49,53,55,63,66"
458,13:18,2,2,수서,3,"1,2,31"
458,13:18,3,3,삼성,3,"4,51,60"
458,13:18,4,4,여의도,15,"10,12,15,17,18,35,36,46,50,56,57,59,61,68,69"
458,13:18,5,5,김포공항,12,"8,16,23,26,28,30,32,39,43,47,62,64"
458,13:18,6,6,일산,3,"7,11,44"
458,13:18,7,7,판교,2,"6,34"
458,13:18,8,8,동탄/용인,1,9
458,13:18,9,9,평택,6,"21,27,38,52,65,67"
459,13:19,1,1,서울역,5,"5,14,42,54,58"
459,13:19,10,10,인천공항,11,"0,20,24,25,37,41,49,53,55,63,66"
459,13:19,2,2,수서,3,"1,2,31"
459,13:19,3,3,삼성,3,"4,51,60"
459,13:19,4,4,여의도,15,"10,12,15,17,18,35,36,46,50,56,57,59,61,68,69"
459,13:19,5,5,김포공항,13,"8,16,23,26,28,29,30,32,39,43,47,62,64"
459,13:19,6,6,일산,3,"7,11,44"
459,13:19,7,7,판교,3,"6,22,34"
459,13:19,8,8,동탄/용인,1,9
459,13:19,9,9,평택,6,"21,27,38,52,65,67"
460,13:20,1,1,서울역,5,"5,14,42,54,58"
460,13:20,10,10,인천공항,11,"0,20,24,25,37,41,49,53,55,63,66"
460,13:20,2,2,수서,3,"1,2,31"
460,13:20,3,3,삼성,3,"4,51,60"
460,13:20,4,4,여의도,14,"10,12,15,17,35,36,46,50,56,57,59,61,68,69"
460,13:20,5,5,김포공항,12,"8,23,26,28,29,30,32,39,43,47,62,64"
460,13:20,6,6,일산,3,"7,11,44"
460,13:20,7,7,판교,3,"6,22,34"
460,13:20,8,8,동탄/용인,1,9
460,13:20,9,9,평택,5,"21,27,38,52,67"
461,13:21,1,1,서울역,5,"5,14,42,54,58"
461,13:21,10,10,인천공항,11,"0,20,24,25,37,41,49,53,55,63,66"
461,13:21,2,2,수서,3,"1,2,31"
461,13:21,3,3,삼성,3,"4,51,60"
461,13:21,4,4,여의도,15,"10,12,15,17,33,35,36,46,50,56,57,59,61,68,69"
461,13:21,5,5,김포공항,11,"8,23,26,28,29,30,32,39,43,47,64"
461,13:21,6,6,일산,3,"7,11,44"
461,13:21,7,7,판교,3,"6,22,34"
461,13:21,8,8,동탄/용인,1,9
461,13:21,9,9,평택,4,"27,38,52,67"
462,13:22,1,1,서울역,5,"5,14,42,54,58"
462,13:22,10,10,인천공항,11,"0,20,24,25,37,41,49,53,55,63,66"
462,13:22,2,2,수서,3,"2,13,31"
462,13:22,3,3,삼성,3,"4,51,60"
462,13:22,4,4,여의도,15,"10,12,15,17,33,35,36,46,50,56,57,59,61,68,69"
462,13:22,5,5,김포공항,11,"8,23,26,28,29,30,32,39,43,47,64"
462,13:22,6,6,일산,3,"7,11,44"
462,13:22,7,7,판교,3,"6,22,34"
462,13:22,8,8,동탄/용인,1,9
462,13:22,9,9,평택,4,"27,38,52,67"
463,13:23,1,1,서울역,6,"5,14,42,45,54,58"
463,13:23,10,10,인천공항,9,"0,20,24,25,37,53,55,63,66"
463,13:23,2,2,수서,3,"2,13,31"
463,13:23,3,3,삼성,3,"4,51,60"
463,13:23,4,4,여의도,14,"10,12,17,33,35,36,46,50,56,57,59,61,68,69"
463,13:23,5,5,김포공항,10,"8,23,26,28,29,30,32,43,47,64"
463,13:23,6,6,일산,2,"11,44"
463,13:23,7,7,판교,3,"6,22,34"
463,13:23,8,8,동탄/용인,1,9
463,13:23,9,9,평택,4,"27,38,52,67"
464,13:24,1,1,서울역,5,"5,42,45,54,58"
464,13:24,10,10,인천공항,9,"0,20,24,25,37,53,55,63,66"
464,13:24,2,2,수서,3,"2,13,31"
464,13:24,3,3,삼성,3,"4,51,60"
464,13:24,4,4,여의도,14,"10,12,17,33,35,36,46,50,56,57,59,61,68,69"
464,13:24,5,5,김포공항,8,"8,23,28,29,32,43,47,64"
464,13:24,6,6,일산,2,"11,44"
464,13:24,7,7,판교,3,"6,22,34"
464,13:24,8,8,동탄/용인,1,9
464,13:24,9,9,평택,4,"27,38,52,67"
465,13:25,1,1,서울역,5,"5,42,45,54,58"
465,13:25,10,10,인천공항,10,"0,20,24,25,37,48,53,55,63,66"
465,13:25,2,2,수서,3,"2,13,31"
465,13:25,3,3,삼성,3,"4,51,60"
465,13:25,4,4,여의도,14,"10,12,17,33,35,36,46,50,56,57,59,61,68,69"
465,13:25,5,5,김포공항,8,"8,23,28,29,32,43,47,64"
465,13:25,6,6,일산,2,"11,44"
465,13:25,7,7,판교,1,6
465,13:25,8,8,동탄/용인,1,9
465,13:25,9,9,평택,4,"27,38,52,67"
466,13:26,1,1,서울역,4,"5,42,45,58"
466,13:26,10,10,인천공항,10,"0,20,24,25,37,48,53,55,63,66"
466,13:26,2,2,수서,3,"2,13,31"
466,13:26,3,3,삼성,3,"4,51,60"
466,13:26,4,4,여의도,14,"10,12,17,33,35,36,46,50,56,57,59,61,68,69"
466,13:26,5,5,김포공항,8,"8,23,28,29,32,43,47,64"
466,13:26,6,6,일산,3,"11,19,44"
466,13:26,7,7,판교,1,6
466,13:26,8,8,동탄/용인,2,"9,65"
466,13:26,9,9,평택,4,"27,38,52,67"
467,13:27,1,1,서울역,4,"5,42,45,58"
467,13:27,10,10,인천공항,9,"0,20,24,25,37,48,55,63,66"
467,13:27,2,2,수서,3,"2,13,31"
467,13:27,3,3,삼성,3,"4,51,60"
467,13:27,4,4,여의도,14,"10,12,17,33,35,36,46,50,56,57,59,61,68,69"
467,13:27,5,5,김포공항,8,"8,23,28,29,32,43,47,64"
467,13:27,6,6,일산,3,"11,19,44"
467,13:27,7,7,판교,1,18
467,13:27,8,8,동탄/용인,2,"9,65"
467,13:27,9,9,평택,4,"27,38,52,67"
468,13:28,1,1,서울역,4,"5,42,45,58"
468,13:28,10,10,인천공항,9,"0,20,24,25,37,48,55,63,66"
468,13:28,2,2,수서,3,"2,13,31"
468,13:28,3,3,삼성,4,"4,16,51,60"
468,13:28,4,4,여의도,14,"10,12,17,33,35,36,46,50,56,57,59,61,68,69"
468,13:28,5,5,김포공항,8,"8,23,28,29,32,43,47,64"
468,13:28,6,6,일산,3,"11,19,44"
468,13:28,7,7,판교,1,18
468,13:28,8,8,동탄/용인,2,"9,65"
468,13:28,9,9,평택,4,"27,38,52,67"
469,13:29,1,1,서울역,4,"5,42,45,58"
469,13:29,10,10,인천공항,9,"0,20,24,25,37,48,55,63,66"
469,13:29,2,2,수서,3,"2,13,31"
469,13:29,3,3,삼성,4,"4,16,51,60"
469,13:29,4,4,여의도,14,"10,12,17,33,35,36,40,46,50,56,59,61,68,69"
469,13:29,5,5,김포공항,8,"8,23,28,29,32,43,47,64"
469,13:29,6,6,일산,3,"11,19,44"
469,13:29,7,7,판교,1,18
469,13:29,8,8,동탄/용인,1,9
469,13:29,9,9,평택,4,"27,38,52,67"
470,13:30,1,1,서울역,4,"5,42,45,58"
470,13:30,10,10,인천공항,8,"20,24,25,37,48,55,63,66"
470,13:30,2,2,수서,3,"2,13,31"
470,13:30,3,3,삼성,4,"4,16,51,60"
470,13:30,4,4,여의도,13,"10,12,33,35,36,40,46,50,56,59,61,68,69"
470,13:30,5,5,김포공항,9,"1,8,23,28,29,32,43,47,64"
470,13:30,6,6,일산,3,"11,19,44"
470,13:30,7,7,판교,2,"3,18"
470,13:30,8,8,동탄/용인,1,9
470,13:30,9,9,평택,3,"27,38,67"
471,13:31,1,1,서울역,4,"5,42,45,58"
471,13:31,10,10,인천공항,8,"20,24,25,37,48,55,63,66"
471,13:31,2,2,수서,4,"2,13,31,39"
471,13:31,3,3,삼성,3,"4,51,60"
471,13:31,4,4,여의도,13,"10,12,33,35,36,40,46,50,56,59,61,68,69"
471,13:31,5,5,김포공항,9,"1,8,23,28,29,32,43,47,64"
471,13:31,6,6,일산,4,"11,19,26,44"
471,13:31,7,7,판교,3,"3,18,62"
471,13:31,8,8,동탄/용인,1,9
471,13:31,9,9,평택,3,"27,38,67"
472,13:32,1,1,서울역,5,"5,30,42,45,58"
472,13:32,10,10,인천공항,7,"20,24,37,48,55,63,66"
472,13:32,2,2,수서,4,"2,13,31,39"
472,13:32,3,3,삼성,3,"4,51,60"
472,13:32,4,4,여의도,15,"10,12,22,33,34,35,36,40,46,50,56,59,61,68,69"
472,13:32,5,5,김포공항,9,"1,8,23,28,29,32,43,47,64"
472,13:32,6,6,일산,4,"11,19,26,44"
472,13:32,7,7,판교,3,"3,18,62"
472,13:32,8,8,동탄/용인,1,9
472,13:32,9,9,평택,3,"27,38,67"
473,13:33,1,1,서울역,5,"5,30,42,45,58"
473,13:33,10,10,인천공항,7,"20,24,37,48,55,63,66"
473,13:33,2,2,수서,4,"2,13,31,39"
473,13:33,3,3,삼성,3,"4,51,60"
473,13:33,4,4,여의도,14,"12,22,33,34,35,36,40,46,50,56,59,61,68,69"
473,13:33,5,5,김포공항,9,"1,8,23,28,29,32,43,47,64"
473,13:33,6,6,일산,4,"11,19,26,44"
473,13:33,7,7,판교,3,"3,18,62"
473,13:33,8,8,동탄/용인,1,9
473,13:33,9,9,평택,3,"27,38,67"
474,13:34,1,1,서울역,5,"5,30,42,45,58"
474,13:34,10,10,인천공항,7,"20,24,37,48,55,63,66"
474,13:34,2,2,수서,3,"2,13,31"
474,13:34,3,3,삼성,3,"4,51,60"
474,13:34,4,4,여의도,14,"6,12,22,34,35,36,40,46,50,56,59,61,68,69"
474,13:34,5,5,김포공항,9,"1,8,23,28,29,32,43,47,64"
474,13:34,6,6,일산,5,"11,19,26,41,44"
474,13:34,7,7,판교,2,"3,18"
474,13:34,8,8,동탄/용인,1,9
474,13:34,9,9,평택,3,"27,38,67"
475,13:35,1,1,서울역,5,"5,30,42,45,58"
475,13:35,10,10,인천공항,7,"20,24,37,48,55,63,66"
475,13:35,2,2,수서,3,"2,13,21"
475,13:35,3,3,삼성,3,"4,51,60"
475,13:35,4,4,여의도,14,"6,12,22,34,35,36,40,46,50,56,59,61,68,69"
475,13:35,5,5,김포공항,9,"1,8,23,28,29,32,43,47,64"
475,13:35,6,6,일산,5,"11,19,26,41,44"
475,13:35,7,7,판교,3,"3,7,18"
475,13:35,8,8,동탄/용인,1,9
475,13:35,9,9,평택,3,"27,38,67"
476,13:36,1,1,서울역,5,"5,30,42,45,58"
476,13:36,10,10,인천공항,7,"20,24,37,48,55,63,66"
476,13:36,2,2,수서,4,"2,13,17,21"
476,13:36,3,3,삼성,3,"4,51,60"
476,13:36,4,4,여의도,14,"6,12,22,34,35,36,40,46,50,56,59,61,68,69"
476,13:36,5,5,김포공항,9,"1,8,23,28,29,32,43,47,64"
476,13:36,6,6,일산,5,"11,19,26,41,44"
476,13:36,7,7,판교,2,"3,7"
476,13:36,8,8,동탄/용인,1,9
476,13:36,9,9,평택,2,"38,67"
477,13:37,1,1,서울역,5,"5,30,42,45,58"
477,13:37,10,10,인천공항,8,"14,20,24,37,48,55,63,66"
477,13:37,2,2,수서,4,"2,13,17,21"
477,13:37,3,3,삼성,4,"4,39,51,60"
477,13:37,4,4,여의도,14,"6,12,22,34,35,36,40,46,50,56,59,61,68,69"
477,13:37,5,5,김포공항,9,"1,8,23,28,29,32,43,47,64"
477,13:37,6,6,일산,4,"11,19,41,44"
477,13:37,7,7,판교,2,"3,7"
477,13:37,8,8,동탄/용인,1,9
477,13:37,9,9,평택,2,"38,67"
478,13:38,1,1,서울역,4,"5,42,45,58"
478,13:38,10,10,인천공항,8,"14,20,24,37,48,55,63,66"
478,13:38,2,2,수서,4,"2,13,17,21"
478,13:38,3,3,삼성,5,"4,39,49,51,60"
478,13:38,4,4,여의도,14,"6,12,22,34,35,36,40,46,50,56,59,61,68,69"
478,13:38,5,5,김포공항,9,"1,8,23,28,29,32,43,47,64"
478,13:38,6,6,일산,4,"11,19,41,44"
478,13:38,7,7,판교,2,"3,7"
478,13:38,8,8,동탄/용인,2,"9,54"
478,13:38,9,9,평택,3,"15,38,67"
479,13:39,1,1,서울역,4,"5,42,45,58"
479,13:39,10,10,인천공항,8,"14,20,24,37,48,55,63,66"
479,13:39,2,2,수서,4,"2,13,17,21"
479,13:39,3,3,삼성,6,"4,39,49,51,60,65"
479,13:39,4,4,여의도,14,"6,12,22,34,35,36,40,46,50,56,59,61,68,69"
479,13:39,5,5,김포공항,9,"1,8,23,28,29,32,43,47,64"
479,13:39,6,6,일산,4,"11,19,41,44"
479,13:39,7,7,판교,1,7
479,13:39,8,8,동탄/용인,1,54
479,13:39,9,9,평택,3,"15,38,67"
480,13:40,1,1,서울역,4,"5,42,45,58"
480,13:40,10,10,인천공항,8,"14,20,24,37,48,55,63,66"
480,13:40,2,2,수서,4,"2,17,21,33"
480,13:40,3,3,삼성,6,"4,10,49,51,60,65"
480,13:40,4,4,여의도,14,"6,12,22,34,35,36,40,46,50,56,59,61,68,69"
480,13:40,5,5,김포공항,8,"1,8,23,28,29,32,43,64"
480,13:40,6,6,일산,3,"11,19,44"
480,13:40,7,7,판교,1,7
480,13:40,8,8,동탄/용인,1,54
480,13:40,9,9,평택,3,"15,38,67"
481,13:41,1,1,서울역,4,"5,42,45,58"
481,13:41,10,10,인천공항,8,"14,20,24,37,48,55,63,66"
481,13:41,2,2,수서,4,"2,17,21,33"
481,13:41,3,3,삼성,6,"4,10,49,51,60,65"
481,13:41,4,4,여의도,14,"6,12,22,34,35,36,46,50,56,59,61,62,68,69"
481,13:41,5,5,김포공항,7,"1,8,23,28,29,32,43"
481,13:41,6,6,일산,4,"11,16,19,44"
481,13:41,7,7,판교,1,7
481,13:41,8,8,동탄/용인,1,54
481,13:41,9,9,평택,3,"15,38,67"
482,13:42,1,1,서울역,4,"5,42,45,58"
482,13:42,10,10,인천공항,8,"14,20,24,37,48,55,63,66"
482,13:42,2,2,수서,4,"2,17,21,33"
482,13:42,3,3,삼성,7,"4,10,49,51,53,60,65"
482,13:42,4,4,여의도,15,"0,6,12,22,34,35,36,46,50,56,59,61,62,68,69"
482,13:42,5,5,김포공항,7,"1,8,23,28,29,32,43"
482,13:42,6,6,일산,4,"11,16,19,44"
482,13:42,7,7,판교,1,7
482,13:42,8,8,동탄/용인,1,54
482,13:42,9,9,평택,3,"15,38,67"
483,13:43,1,1,서울역,4,"5,42,45,58"
483,13:43,10,10,인천공항,8,"14,20,24,37,48,55,63,66"
483,13:43,2,2,수서,3,"2,17,33"
483,13:43,3,3,삼성,7,"4,10,49,51,53,60,65"
483,13:43,4,4,여의도,15,"0,6,12,22,34,35,36,46,50,56,59,61,62,68,69"
483,13:43,5,5,김포공항,8,"1,8,23,28,29,31,32,43"
483,13:43,6,6,일산,3,"16,19,44"
483,13:43,7,7,판교,1,7
483,13:43,8,8,동탄/용인,1,54
483,13:43,9,9,평택,3,"15,38,67"
484,13:44,1,1,서울역,4,"5,42,45,58"
484,13:44,10,10,인천공항,8,"14,20,24,37,48,55,63,66"
484,13:44,2,2,수서,3,"2,17,33"
484,13:44,3,3,삼성,7,"4,10,49,51,53,60,65"
484,13:44,4,4,여의도,15,"0,6,12,22,34,35,36,46,50,56,59,61,62,68,69"
484,13:44,5,5,김포공항,8,"1,8,23,28,29,31,32,43"
484,13:44,6,6,일산,3,"16,19,44"
484,13:44,7,7,판교,1,7
484,13:44,8,8,동탄/용인,1,54
484,13:44,9,9,평택,4,"15,38,57,67"
485,13:45,1,1,서울역,4,"5,42,45,58"
485,13:45,10,10,인천공항,8,"14,20,24,37,48,55,63,66"
485,13:45,2,2,수서,3,"2,17,33"
485,13:45,3,3,삼성,7,"4,10,49,51,53,60,65"
485,13:45,4,4,여의도,15,"0,6,12,22,34,35,46,50,52,56,59,61,62,68,69"
485,13:45,5,5,김포공항,8,"1,8,23,28,29,31,32,43"
485,13:45,6,6,일산,3,"16,19,44"
485,13:45,7,7,판교,1,7
485,13:45,8,8,동탄/용인,1,54
485,13:45,9,9,평택,4,"15,38,57,67"
486,13:46,1,1,서울역,5,"3,5,42,45,58"
486,13:46,10,10,인천공항,7,"14,20,24,37,48,55,66"
486,13:46,2,2,수서,2,"2,17"
486,13:46,3,3,삼성,7,"4,10,49,51,53,60,65"
486,13:46,4,4,여의도,15,"0,6,12,22,34,35,46,50,52,56,59,61,62,68,69"
486,13:46,5,5,김포공항,9,"1,8,18,23,28,29,31,32,43"
486,13:46,6,6,일산,3,"16,19,44"
486,13:46,7,7,판교,2,"7,13"
486,13:46,8,8,동탄/용인,1,54
486,13:46,9,9,평택,4,"15,38,57,67"
487,13:47,1,1,서울역,5,"3,5,42,45,58"
487,13:47,10,10,인천공항,6,"14,20,24,48,55,66"
487,13:47,2,2,수서,2,"2,17"
487,13:47,3,3,삼성,8,"4,10,25,49,51,53,60,65"
487,13:47,4,4,여의도,14,"0,6,12,22,34,35,46,50,52,56,59,62,68,69"
487,13:47,5,5,김포공항,9,"1,8,18,23,28,29,31,32,43"
487,13:47,6,6,일산,4,"16,19,44,47"
487,13:47,7,7,판교,2,"7,13"
487,13:47,9,9,평택,4,"15,38,57,67"
488,13:48,1,1,서울역,4,"3,5,42,45"
488,13:48,10,10,인천공항,6,"14,20,24,48,55,66"
488,13:48,2,2,수서,2,"2,17"
488,13:48,3,3,삼성,8,"4,10,25,49,51,53,60,65"
488,13:48,4,4,여의도,14,"0,6,12,22,34,35,46,50,52,56,59,62,68,69"
488,13:48,5,5,김포공항,9,"1,8,18,23,28,29,31,32,43"
488,13:48,6,6,일산,4,"16,19,44,47"
488,13:48,7,7,판교,3,"7,13,40"
488,13:48,9,9,평택,4,"15,38,57,67"
489,13:49,1,1,서울역,5,"3,5,42,45,64"
489,13:49,10,10,인천공항,6,"14,20,24,48,55,66"
489,13:49,2,2,수서,2,"2,17"
489,13:49,3,3,삼성,8,"4,10,25,49,51,53,60,65"
489,13:49,4,4,여의도,13,"0,6,12,22,34,35,50,52,56,59,62,68,69"
489,13:49,5,5,김포공항,9,"1,8,18,23,28,29,31,32,43"
489,13:49,6,6,일산,4,"16,19,44,47"
489,13:49,7,7,판교,3,"7,26,40"
489,13:49,9,9,평택,4,"15,38,57,67"
490,13:50,1,1,서울역,5,"3,5,42,45,64"
490,13:50,10,10,인천공항,6,"14,20,24,48,55,66"
490,13:50,2,2,수서,3,"2,17,27"
490,13:50,3,3,삼성,8,"4,10,25,49,51,53,60,65"
490,13:50,4,4,여의도,13,"0,6,12,22,34,35,50,52,56,59,62,68,69"
490,13:50,5,5,김포공항,9,"1,8,18,23,28,29,31,32,43"
490,13:50,6,6,일산,3,"19,44,47"
490,13:50,7,7,판교,3,"7,26,40"
490,13:50,9,9,평택,4,"15,38,57,67"
491,13:51,1,1,서울역,5,"3,5,42,45,64"
491,13:51,10,10,인천공항,7,"14,20,24,30,48,55,66"
491,13:51,2,2,수서,3,"2,17,27"
491,13:51,3,3,삼성,8,"4,10,25,49,51,53,60,65"
491,13:51,4,4,여의도,13,"0,6,12,22,34,35,50,52,56,59,62,68,69"
491,13:51,5,5,김포공항,9,"1,8,18,23,28,29,31,32,43"
491,13:51,6,6,일산,3,"19,44,47"
491,13:51,7,7,판교,3,"7,26,40"
491,13:51,9,9,평택,3,"15,57,67"
492,13:52,1,1,서울역,4,"3,5,42,45"
492,13:52,10,10,인천공항,7,"14,20,24,30,48,55,66"
492,13:52,2,2,수서,3,"2,17,27"
492,13:52,3,3,삼성,8,"4,10,25,49,51,53,60,65"
492,13:52,4,4,여의도,11,"6,12,22,34,35,50,52,56,59,68,69"
492,13:52,5,5,김포공항,9,"1,8,18,23,28,29,31,32,43"
492,13:52,6,6,일산,3,"19,44,47"
492,13:52,7,7,판교,5,"7,26,36,40,41"
492,13:52,9,9,평택,3,"15,57,67"
493,13:53,1,1,서울역,4,"3,5,42,45"
493,13:53,10,10,인천공항,7,"14,20,24,30,48,55,66"
493,13:53,2,2,수서,3,"2,17,27"
493,13:53,3,3,삼성,8,"4,10,25,49,51,53,60,65"
493,13:53,4,4,여의도,10,"6,12,22,34,35,50,52,56,59,69"
493,13:53,5,5,김포공항,8,"8,18,23,28,29,31,32,43"
493,13:53,6,6,일산,2,"19,44"
493,13:53,7,7,판교,5,"7,26,36,40,41"
493,13:53,9,9,평택,3,"15,57,67"
494,13:54,1,1,서울역,4,"3,5,42,45"
494,13:54,10,10,인천공항,7,"14,20,24,30,48,55,66"
494,13:54,2,2,수서,3,"2,17,27"
494,13:54,3,3,삼성,8,"4,10,25,49,51,53,60,65"
494,13:54,4,4,여의도,9,"6,12,22,34,35,52,56,59,69"
494,13:54,5,5,김포공항,8,"8,18,23,28,29,31,32,43"
494,13:54,6,6,일산,3,"19,21,44"
494,13:54,7,7,판교,5,"7,26,36,41,61"
494,13:54,9,9,평택,3,"15,57,67"
495,13:55,1,1,서울역,4,"3,5,42,45"
495,13:55,10,10,인천공항,8,"14,20,24,30,39,48,55,66"
495,13:55,2,2,수서,5,"2,17,27,46,58"
495,13:55,3,3,삼성,8,"4,10,25,49,51,53,60,65"
495,13:55,4,4,여의도,9,"6,12,22,34,35,52,56,59,69"
495,13:55,5,5,김포공항,8,"8,18,23,28,29,31,32,43"
495,13:55,6,6,일산,2,"21,44"
495,13:55,7,7,판교,6,"7,11,26,36,41,61"
495,13:55,9,9,평택,3,"15,57,67"
496,13:56,1,1,서울역,4,"3,5,42,45"
496,13:56,10,10,인천공항,8,"14,20,24,30,39,48,55,66"
496,13:56,2,2,수서,5,"2,17,27,46,58"
496,13:56,3,3,삼성,8,"4,10,25,49,51,53,60,65"
496,13:56,4,4,여의도,10,"6,12,13,22,34,35,52,56,59,69"
496,13:56,5,5,김포공항,8,"8,18,23,28,29,31,32,43"
496,13:56,6,6,일산,3,"9,21,44"
496,13:56,7,7,판교,6,"7,11,26,36,41,61"
496,13:56,9,9,평택,3,"15,57,67"
497,13:57,1,1,서울역,5,"3,5,16,42,45"
497,13:57,10,10,인천공항,8,"14,20,24,30,39,48,55,66"
497,13:57,2,2,수서,5,"2,17,27,46,58"
497,13:57,3,3,삼성,9,"4,10,25,49,51,53,54,60,65"
497,13:57,4,4,여의도,10,"6,12,13,22,34,35,52,56,59,69"
497,13:57,5,5,김포공항,8,"8,18,23,28,29,31,32,43"
497,13:57,6,6,일산,4,"9,21,33,44"
497,13:57,7,7,판교,6,"7,11,26,36,41,61"
497,13:57,9,9,평택,2,"57,67"
498,13:58,1,1,서울역,5,"3,5,16,42,45"
498,13:58,10,10,인천공항,7,"20,24,30,39,48,55,66"
498,13:58,2,2,수서,5,"2,17,27,46,58"
498,13:58,3,3,삼성,9,"4,10,25,49,51,53,54,60,65"
498,13:58,4,4,여의도,8,"6,12,13,22,34,35,56,59"
498,13:58,5,5,김포공항,8,"8,18,23,28,29,31,32,43"
498,13:58,6,6,일산,4,"9,21,33,44"
498,13:58,7,7,판교,5,"7,11,26,36,61"
498,13:58,9,9,평택,2,"57,67"
499,13:59,1,1,서울역,5,"3,5,16,42,45"
499,13:59,10,10,인천공항,7,"20,24,30,39,48,55,66"
499,13:59,2,2,수서,6,"2,17,27,46,58,64"
499,13:59,3,3,삼성,9,"4,10,25,49,51,53,54,60,65"
499,13:59,4,4,여의도,9,"6,12,13,22,34,35,37,56,59"
499,13:59,5,5,김포공항,8,"8,18,23,28,29,31,32,43"
499,13:59,6,6,일산,4,"9,21,33,44"
499,13:59,7,7,판교,6,"7,11,26,36,61,62"
499,13:59,9,9,평택,2,"57,67"
500,14:00,1,1,서울역,5,"3,5,16,42,45"
500,14:00,10,10,인천공항,6,"20,24,30,39,48,55"
500,14:00,2,2,수서,7,"2,17,27,46,50,58,64"
500,14:00,3,3,삼성,9,"4,10,25,49,51,53,54,60,65"
500,14:00,4,4,여의도,9,"6,12,13,22,34,35,37,56,59"
500,14:00,5,5,김포공항,6,"8,23,28,29,31,43"
500,14:00,6,6,일산,3,"9,33,44"
500,14:00,7,7,판교,6,"7,11,26,61,62,68"
500,14:00,9,9,평택,2,"57,67"
501,14:01,1,1,서울역,5,"3,5,16,42,45"
501,14:01,10,10,인천공항,5,"20,30,39,48,55"
501,14:01,2,2,수서,8,"1,2,17,27,46,50,58,64"
501,14:01,3,3,삼성,10,"4,10,25,49,51,53,54,60,63,65"
501,14:01,4,4,여의도,9,"6,12,13,22,34,35,37,56,59"
501,14:01,5,5,김포공항,6,"8,23,28,29,31,43"
501,14:01,6,6,일산,3,"9,33,44"
501,14:01,7,7,판교,5,"7,26,61,62,68"
501,14:01,9,9,평택,2,"57,67"
502,14:02,1,1,서울역,5,"3,5,16,42,45"
502,14:02,10,10,인천공항,5,"20,30,39,48,55"
502,14:02,2,2,수서,8,"1,2,17,27,46,50,58,64"
502,14:02,3,3,삼성,10,"4,10,25,49,51,53,54,60,63,65"
502,14:02,4,4,여의도,9,"6,12,13,22,34,35,37,56,59"
502,14:02,5,5,김포공항,5,"8,28,29,31,43"
502,14:02,6,6,일산,2,"9,33"
502,14:02,7,7,판교,5,"7,26,61,62,68"
502,14:02,9,9,평택,2,"57,67"
503,14:03,1,1,서울역,5,"3,5,16,42,45"
503,14:03,10,10,인천공항,5,"20,30,39,48,55"
503,14:03,2,2,수서,8,"1,2,17,27,46,50,58,64"
503,14:03,3,3,삼성,10,"4,10,25,49,51,53,54,60,63,65"
503,14:03,4,4,여의도,9,"6,12,13,22,34,35,37,56,59"
503,14:03,5,5,김포공항,3,"8,28,43"
503,14:03,6,6,일산,2,"9,33"
503,14:03,7,7,판교,5,"7,26,61,62,68"
503,14:03,8,8,동탄/용인,1,0
503,14:03,9,9,평택,2,"57,67"
504,14:04,1,1,서울역,5,"3,5,16,42,45"
504,14:04,10,10,인천공항,5,"20,30,39,48,55"
504,14:04,2,2,수서,8,"1,17,27,46,50,52,58,64"
504,14:04,3,3,삼성,10,"4,10,25,49,51,53,54,60,63,65"
504,14:04,4,4,여의도,9,"6,12,13,22,34,35,37,56,59"
504,14:04,5,5,김포공항,4,"8,28,40,43"
504,14:04,6,6,일산,2,"9,33"
504,14:04,7,7,판교,3,"61,62,68"
504,14:04,8,8,동탄/용인,1,0
504,14:04,9,9,평택,2,"57,67"
505,14:05,1,1,서울역,5,"3,5,16,42,45"
505,14:05,10,10,인천공항,5,"20,30,39,48,55"
505,14:05,2,2,수서,8,"1,17,27,46,50,52,58,64"
505,14:05,3,3,삼성,11,"4,10,19,25,49,51,53,54,60,63,65"
505,14:05,4,4,여의도,10,"6,12,13,22,34,35,37,41,56,59"
505,14:05,5,5,김포공항,4,"8,28,40,43"
505,14:05,6,6,일산,2,"9,33"
505,14:05,7,7,판교,5,"47,61,62,68,69"
505,14:05,8,8,동탄/용인,1,0
505,14:05,9,9,평택,2,"57,67"
506,14:06,1,1,서울역,5,"3,5,16,42,45"
506,14:06,10,10,인천공항,4,"30,39,48,55"
506,14:06,2,2,수서,7,"1,17,27,46,52,58,64"
506,14:06,3,3,삼성,11,"4,10,19,25,49,51,53,54,60,63,65"
506,14:06,4,4,여의도,9,"6,13,22,34,37,38,41,56,59"
506,14:06,5,5,김포공항,4,"8,28,40,43"
506,14:06,6,6,일산,2,"9,33"
506,14:06,7,7,판교,5,"47,61,62,68,69"
506,14:06,8,8,동탄/용인,1,0
506,14:06,9,9,평택,2,"57,67"
507,14:07,1,1,서울역,5,"3,5,16,42,45"
507,14:07,10,10,인천공항,4,"30,39,48,55"
507,14:07,2,2,수서,6,"1,27,46,52,58,64"
507,14:07,3,3,삼성,10,"4,10,19,25,51,53,54,60,63,65"
507,14:07,4,4,여의도,9,"6,13,22,34,37,38,41,56,59"
507,14:07,5,5,김포공항,4,"8,28,40,43"
507,14:07,6,6,일산,3,"9,18,33"
507,14:07,7,7,판교,5,"47,61,62,68,69"
507,14:07,8,8,동탄/용인,2,"0,36"
507,14:07,9,9,평택,2,"57,67"
508,14:08,1,1,서울역,4,"3,5,42,45"
508,14:08,10,10,인천공항,4,"30,39,48,55"
508,14:08,2,2,수서,6,"1,27,46,52,58,64"
508,14:08,3,3,삼성,10,"4,10,19,25,51,53,54,60,63,65"
508,14:08,4,4,여의도,8,"6,13,22,34,38,41,56,59"
508,14:08,5,5,김포공항,3,"28,40,43"
508,14:08,6,6,일산,3,"9,18,33"
508,14:08,7,7,판교,5,"47,61,62,68,69"
508,14:08,8,8,동탄/용인,2,"0,36"
508,14:08,9,9,평택,2,"57,67"
509,14:09,1,1,서울역,4,"3,5,42,45"
509,14:09,10,10,인천공항,4,"30,39,48,55"
509,14:09,2,2,수서,6,"1,27,46,52,58,64"
509,14:09,3,3,삼성,9,"4,10,19,51,53,54,60,63,65"
509,14:09,4,4,여의도,9,"6,13,22,29,34,38,41,56,59"
509,14:09,5,5,김포공항,3,"28,40,43"
509,14:09,6,6,일산,4,"9,18,23,33"
509,14:09,7,7,판교,5,"47,61,62,68,69"
509,14:09,8,8,동탄/용인,2,"0,36"
509,14:09,9,9,평택,1,57
510,14:10,1,1,서울역,4,"3,5,42,45"
510,14:10,10,10,인천공항,5,"30,32,39,48,55"
510,14:10,2,2,수서,5,"1,27,46,58,64"
510,14:10,3,3,삼성,9,"4,10,19,51,53,54,60,63,65"
510,14:10,4,4,여의도,10,"6,13,14,22,29,34,38,41,56,59"
510,14:10,5,5,김포공항,3,"28,40,43"
510,14:10,6,6,일산,3,"9,23,33"
510,14:10,7,7,판교,5,"47,61,62,68,69"
510,14:10,8,8,동탄/용인,1,0
510,14:10,9,9,평택,1,57
511,14:11,1,1,서울역,5,"3,5,31,42,45"
511,14:11,10,10,인천공항,5,"30,32,39,48,55"
511,14:11,2,2,수서,4,"1,15,46,58"
511,14:11,3,3,삼성,9,"4,10,19,51,53,54,60,63,65"
511,14:11,4,4,여의도,11,"6,7,13,14,22,26,29,34,38,56,59"
511,14:11,5,5,김포공항,2,"40,43"
511,14:11,6,6,일산,3,"9,23,33"
511,14:11,7,7,판교,5,"47,61,62,68,69"
511,14:11,8,8,동탄/용인,1,0
511,14:11,9,9,평택,1,57
512,14:12,1,1,서울역,5,"3,5,31,42,45"
512,14:12,10,10,인천공항,5,"30,32,39,48,55"
512,14:12,2,2,수서,5,"1,15,35,46,58"
512,14:12,3,3,삼성,9,"4,10,19,44,53,54,60,63,65"
512,14:12,4,4,여의도,11,"6,7,13,14,22,26,34,38,50,56,59"
512,14:12,5,5,김포공항,3,"2,40,43"
512,14:12,6,6,일산,2,"9,33"
512,14:12,7,7,판교,6,"21,47,61,62,68,69"
512,14:12,8,8,동탄/용인,1,0
512,14:12,9,9,평택,1,57
513,14:13,1,1,서울역,5,"3,5,31,42,45"
513,14:13,10,10,인천공항,4,"30,39,48,55"
513,14:13,2,2,수서,5,"1,15,35,46,58"
513,14:13,3,3,삼성,8,"4,19,44,53,54,60,63,65"
513,14:13,4,4,여의도,11,"6,7,13,14,22,26,34,38,50,56,59"
513,14:13,5,5,김포공항,3,"2,40,43"
513,14:13,6,6,일산,3,"9,11,33"
513,14:13,7,7,판교,7,"12,21,47,61,62,68,69"
513,14:13,8,8,동탄/용인,1,0
513,14:13,9,9,평택,1,57
514,14:14,1,1,서울역,4,"3,5,42,45"
514,14:14,10,10,인천공항,4,"30,39,48,55"
514,14:14,2,2,수서,5,"1,15,35,46,58"
514,14:14,3,3,삼성,7,"4,19,44,54,60,63,65"
514,14:14,4,4,여의도,11,"6,7,13,14,22,26,34,38,50,56,59"
514,14:14,5,5,김포공항,3,"2,40,43"
514,14:14,6,6,일산,3,"9,11,33"
514,14:14,7,7,판교,7,"12,21,47,61,62,68,69"
514,14:14,8,8,동탄/용인,1,0
514,14:14,9,9,평택,1,57
515,14:15,1,1,서울역,4,"3,5,42,45"
515,14:15,10,10,인천공항,3,"30,39,48"
515,14:15,2,2,수서,5,"1,15,35,46,58"
515,14:15,3,3,삼성,8,"4,19,44,54,60,63,65,66"
515,14:15,4,4,여의도,10,"6,7,13,14,22,26,34,50,56,59"
515,14:15,5,5,김포공항,4,"2,17,40,43"
515,14:15,6,6,일산,3,"9,11,33"
515,14:15,7,7,판교,9,"12,16,21,37,47,61,62,68,69"
515,14:15,9,9,평택,1,57
516,14:16,1,1,서울역,3,"5,42,45"
516,14:16,10,10,인천공항,3,"30,39,48"
516,14:16,2,2,수서,6,"1,8,15,35,46,58"
516,14:16,3,3,삼성,8,"4,24,44,54,60,63,65,66"
516,14:16,4,4,여의도,10,"6,7,13,14,22,26,34,50,56,59"
516,14:16,5,5,김포공항,4,"2,17,40,43"
516,14:16,6,6,일산,3,"9,11,33"
516,14:16,7,7,판교,9,"12,16,21,37,47,61,62,68,69"
516,14:16,9,9,평택,1,57
517,14:17,1,1,서울역,4,"5,42,45,52"
517,14:17,10,10,인천공항,3,"30,39,48"
517,14:17,2,2,수서,6,"1,8,35,41,46,58"
517,14:17,3,3,삼성,8,"4,24,44,54,60,63,65,66"
517,14:17,4,4,여의도,10,"6,13,14,22,26,28,34,50,56,59"
517,14:17,5,5,김포공항,5,"2,17,25,40,43"
517,14:17,6,6,일산,3,"9,11,33"
517,14:17,7,7,판교,9,"12,16,21,37,47,61,62,68,69"
518,14:18,1,1,서울역,5,"5,42,45,51,52"
518,14:18,10,10,인천공항,3,"30,39,48"
518,14:18,2,2,수서,6,"1,8,35,41,46,58"
518,14:18,3,3,삼성,7,"4,24,54,60,63,65,66"
518,14:18,4,4,여의도,11,"6,13,14,20,22,26,28,34,50,56,59"
518,14:18,5,5,김포공항,5,"2,17,25,40,43"
518,14:18,6,6,일산,3,"9,11,33"
518,14:18,7,7,판교,8,"12,16,21,37,47,61,68,69"
519,14:19,1,1,서울역,3,"45,51,52"
519,14:19,10,10,인천공항,3,"30,39,48"
519,14:19,2,2,수서,6,"1,8,35,41,46,58"
519,14:19,3,3,삼성,7,"4,24,54,60,63,65,66"
519,14:19,4,4,여의도,11,"6,13,14,20,22,26,28,34,50,56,59"
519,14:19,5,5,김포공항,6,"2,17,25,27,40,43"
519,14:19,6,6,일산,3,"9,11,33"
519,14:19,7,7,판교,8,"12,16,29,37,47,61,68,69"
520,14:20,1,1,서울역,3,"45,51,52"
520,14:20,10,10,인천공항,3,"30,39,48"
520,14:20,2,2,수서,5,"8,35,41,46,58"
520,14:20,3,3,삼성,9,"4,18,24,31,54,60,63,65,66"
520,14:20,4,4,여의도,11,"6,10,13,14,20,22,26,34,50,56,59"
520,14:20,5,5,김포공항,6,"2,17,25,27,40,43"
520,14:20,6,6,일산,3,"9,11,33"
520,14:20,7,7,판교,4,"29,37,47,69"
521,14:21,1,1,서울역,3,"45,51,52"
521,14:21,10,10,인천공항,3,"30,39,48"
521,14:21,2,2,수서,6,"8,35,38,41,46,58"
521,14:21,3,3,삼성,9,"4,18,24,31,54,60,63,65,66"
521,14:21,4,4,여의도,12,"6,10,13,14,20,26,34,36,50,53,56,59"
521,14:21,5,5,김포공항,5,"2,25,27,40,43"
521,14:21,6,6,일산,2,"9,11"
521,14:21,7,7,판교,4,"29,37,47,69"
522,14:22,1,1,서울역,3,"45,51,52"
522,14:22,10,10,인천공항,3,"30,39,48"
522,14:22,2,2,수서,6,"8,35,38,41,46,58"
522,14:22,3,3,삼성,8,"4,18,24,31,60,63,65,66"
522,14:22,4,4,여의도,12,"6,10,13,14,20,26,34,36,50,53,56,59"
522,14:22,5,5,김포공항,4,"2,25,27,40"
522,14:22,6,6,일산,3,"9,11,64"
522,14:22,7,7,판교,4,"29,37,47,69"
522,14:22,9,9,평택,1,49
523,14:23,1,1,서울역,2,"51,52"
523,14:23,10,10,인천공항,3,"30,39,48"
523,14:23,2,2,수서,4,"8,35,38,58"
523,14:23,3,3,삼성,5,"18,24,31,65,66"
523,14:23,4,4,여의도,11,"6,10,13,14,20,26,34,36,53,56,59"
523,14:23,5,5,김포공항,3,"25,27,40"
523,14:23,6,6,일산,3,"9,11,64"
523,14:23,7,7,판교,4,"3,29,37,69"
523,14:23,9,9,평택,1,49
524,14:24,1,1,서울역,1,52
524,14:24,10,10,인천공항,3,"30,39,48"
524,14:24,2,2,수서,4,"8,35,38,58"
524,14:24,3,3,삼성,6,"18,24,31,65,66,67"
524,14:24,4,4,여의도,10,"6,10,13,14,26,34,36,53,56,59"
524,14:24,5,5,김포공항,3,"19,27,40"
524,14:24,6,6,일산,3,"9,11,64"
524,14:24,7,7,판교,5,"3,23,29,37,69"
524,14:24,9,9,평택,1,49
525,14:25,10,10,인천공항,3,"30,39,48"
525,14:25,2,2,수서,4,"8,35,38,58"
525,14:25,3,3,삼성,7,"0,18,24,31,65,66,67"
525,14:25,4,4,여의도,11,"6,10,13,14,34,36,44,53,56,59,62"
525,14:25,5,5,김포공항,4,"15,19,27,40"
525,14:25,6,6,일산,3,"9,11,64"
525,14:25,7,7,판교,5,"3,23,29,37,69"
525,14:25,9,9,평택,1,49
526,14:26,10,10,인천공항,3,"30,39,48"
526,14:26,2,2,수서,5,"5,8,35,38,58"
526,14:26,3,3,삼성,7,"0,18,24,31,65,66,67"
526,14:26,4,4,여의도,11,"10,13,14,21,34,36,44,53,56,59,62"
526,14:26,5,5,김포공항,4,"15,19,27,40"
526,14:26,6,6,일산,1,64
526,14:26,7,7,판교,5,"3,23,29,37,42"
526,14:26,9,9,평택,1,49
527,14:27,1,1,서울역,3,"12,16,61"
527,14:27,10,10,인천공항,3,"30,39,48"
527,14:27,2,2,수서,4,"5,8,35,58"
527,14:27,3,3,삼성,7,"0,18,24,31,65,66,67"
527,14:27,4,4,여의도,11,"10,13,14,21,34,44,53,56,59,62,68"
527,14:27,5,5,김포공항,4,"15,19,27,40"
527,14:27,6,6,일산,1,64
527,14:27,7,7,판교,6,"3,23,28,29,37,42"
527,14:27,9,9,평택,1,49
528,14:28,1,1,서울역,3,"12,16,61"
528,14:28,10,10,인천공항,3,"30,39,48"
528,14:28,2,2,수서,4,"5,8,35,58"
528,14:28,3,3,삼성,8,"0,18,24,31,32,65,66,67"
528,14:28,4,4,여의도,11,"10,13,14,21,34,44,53,56,59,62,68"
528,14:28,5,5,김포공항,3,"1,19,27"
528,14:28,6,6,일산,1,64
528,14:28,7,7,판교,5,"3,23,28,37,42"
528,14:28,8,8,동탄/용인,1,7
528,14:28,9,9,평택,1,49
529,14:29,1,1,서울역,4,"12,16,17,61"
529,14:29,10,10,인천공항,3,"30,39,48"
529,14:29,2,2,수서,4,"5,8,47,58"
529,14:29,3,3,삼성,7,"0,18,31,32,65,66,67"
529,14:29,4,4,여의도,12,"2,10,14,21,34,44,53,54,56,59,62,68"
529,14:29,5,5,김포공항,3,"1,19,27"
529,14:29,6,6,일산,1,64
529,14:29,7,7,판교,5,"3,23,28,37,42"
529,14:29,8,8,동탄/용인,1,7
529,14:29,9,9,평택,1,49
530,14:30,1,1,서울역,4,"16,17,46,61"
530,14:30,10,10,인천공항,3,"30,39,48"
530,14:30,2,2,수서,4,"5,45,47,58"
530,14:30,3,3,삼성,8,"0,18,31,32,55,65,66,67"
530,14:30,4,4,여의도,13,"2,10,14,21,34,44,53,54,56,59,60,62,68"
530,14:30,5,5,김포공항,3,"1,19,27"
530,14:30,6,6,일산,1,64
530,14:30,7,7,판교,5,"3,28,37,42,50"
530,14:30,8,8,동탄/용인,1,7
530,14:30,9,9,평택,1,49
531,14:31,1,1,서울역,4,"16,17,46,61"
531,14:31,10,10,인천공항,3,"30,39,48"
531,14:31,2,2,수서,4,"5,45,47,58"
531,14:31,3,3,삼성,8,"0,18,31,32,55,65,66,67"
531,14:31,4,4,여의도,12,"2,10,14,21,34,53,54,56,59,60,62,68"
531,14:31,5,5,김포공항,5,"1,4,19,27,63"
531,14:31,6,6,일산,2,"51,64"
531,14:31,7,7,판교,5,"3,28,37,42,50"
531,14:31,8,8,동탄/용인,1,7
531,14:31,9,9,평택,1,49
532,14:32,1,1,서울역,4,"16,25,46,61"
532,14:32,10,10,인천공항,2,"39,48"
532,14:32,2,2,수서,5,"5,6,45,58,69"
532,14:32,3,3,삼성,8,"0,18,31,32,55,65,66,67"
532,14:32,4,4,여의도,10,"10,14,21,54,56,57,59,60,62,68"
532,14:32,5,5,김포공항,5,"1,4,19,27,63"
532,14:32,6,6,일산,2,"51,64"
532,14:32,7,7,판교,5,"3,28,42,50,52"
532,14:32,8,8,동탄/용인,1,7
532,14:32,9,9,평택,1,49
533,14:33,1,1,서울역,3,"25,46,61"
533,14:33,10,10,인천공항,2,"39,48"
533,14:33,2,2,수서,5,"5,6,45,58,69"
533,14:33,3,3,삼성,8,"0,18,31,32,55,65,66,67"
533,14:33,4,4,여의도,9,"10,14,21,54,57,59,60,62,68"
533,14:33,5,5,김포공항,5,"1,4,19,27,63"
533,14:33,6,6,일산,2,"51,64"
533,14:33,7,7,판교,5,"3,33,42,50,52"
533,14:33,8,8,동탄/용인,1,7
533,14:33,9,9,평택,1,49
534,14:34,1,1,서울역,3,"25,46,61"
534,14:34,10,10,인천공항,2,"39,48"
534,14:34,2,2,수서,5,"5,6,45,58,69"
534,14:34,3,3,삼성,7,"18,31,32,55,65,66,67"
534,14:34,4,4,여의도,10,"10,14,15,21,54,57,59,60,62,68"
534,14:34,5,5,김포공항,5,"1,4,19,27,63"
534,14:34,6,6,일산,3,"41,51,64"
534,14:34,7,7,판교,6,"3,33,36,42,50,52"
534,14:34,9,9,평택,1,49
535,14:35,1,1,서울역,4,"25,29,46,61"
535,14:35,10,10,인천공항,1,48
535,14:35,2,2,수서,4,"5,6,45,58"
535,14:35,3,3,삼성,7,"18,31,32,55,65,66,67"
535,14:35,4,4,여의도,9,"10,14,15,21,54,59,60,62,68"
535,14:35,5,5,김포공항,6,"1,4,19,27,38,63"
535,14:35,6,6,일산,3,"41,51,64"
535,14:35,7,7,판교,6,"3,33,36,42,50,52"
535,14:35,9,9,평택,1,49
536,14:36,1,1,서울역,4,"25,29,46,61"
536,14:36,10,10,인천공항,2,"20,48"
536,14:36,2,2,수서,3,"5,6,58"
536,14:36,3,3,삼성,7,"18,31,32,55,65,66,67"
536,14:36,4,4,여의도,10,"10,14,15,21,24,54,59,60,62,68"
536,14:36,5,5,김포공항,6,"1,4,19,27,38,63"
536,14:36,6,6,일산,3,"41,51,64"
536,14:36,7,7,판교,7,"3,13,33,36,42,50,52"
536,14:36,9,9,평택,2,"22,49"
537,14:37,1,1,서울역,5,"23,25,29,46,61"
537,14:37,10,10,인천공항,3,"20,26,48"
537,14:37,2,2,수서,5,"5,6,12,44,58"
537,14:37,3,3,삼성,7,"18,31,32,55,65,66,67"
537,14:37,4,4,여의도,8,"10,14,21,24,54,60,62,68"
537,14:37,5,5,김포공항,7,"1,4,19,27,35,38,63"
537,14:37,6,6,일산,3,"41,51,64"
537,14:37,7,7,판교,6,"13,33,36,42,50,52"
537,14:37,9,9,평택,2,"22,49"
538,14:38,1,1,서울역,4,"23,29,46,61"
538,14:38,10,10,인천공항,3,"20,26,48"
538,14:38,2,2,수서,5,"5,12,44,53,58"
538,14:38,3,3,삼성,7,"18,31,32,55,65,66,67"
538,14:38,4,4,여의도,7,"10,14,21,24,60,62,68"
538,14:38,5,5,김포공항,8,"1,4,8,19,27,35,38,63"
538,14:38,6,6,일산,3,"41,51,64"
538,14:38,7,7,판교,7,"9,11,13,33,36,42,50"
538,14:38,9,9,평택,2,"22,49"
539,14:39,1,1,서울역,4,"23,29,46,57"
539,14:39,10,10,인천공항,3,"20,26,48"
539,14:39,2,2,수서,6,"5,12,44,53,56,58"
539,14:39,3,3,삼성,6,"31,32,55,65,66,67"
539,14:39,4,4,여의도,7,"10,14,24,37,60,62,68"
539,14:39,5,5,김포공항,8,"1,4,8,19,27,35,38,63"
539,14:39,6,6,일산,3,"41,51,64"
539,14:39,7,7,판교,9,"2,9,11,13,17,33,36,42,50"
539,14:39,9,9,평택,3,"22,43,49"
540,14:40,1,1,서울역,4,"23,29,46,57"
540,14:40,10,10,인천공항,2,"20,26"
540,14:40,2,2,수서,5,"5,12,44,53,56"
540,14:40,3,3,삼성,6,"31,32,55,65,66,67"
540,14:40,4,4,여의도,8,"10,14,24,28,37,60,62,68"
540,14:40,5,5,김포공항,8,"1,4,8,19,27,35,38,47"
540,14:40,6,6,일산,2,"41,64"
540,14:40,7,7,판교,10,"2,9,11,13,16,17,33,36,42,50"
540,14:40,9,9,평택,3,"22,43,49"
541,14:41,1,1,서울역,3,"23,46,57"
541,14:41,10,10,인천공항,2,"20,26"
541,14:41,2,2,수서,5,"5,12,44,53,56"
541,14:41,3,3,삼성,4,"32,65,66,67"
541,14:41,4,4,여의도,8,"10,14,24,28,37,60,62,68"
541,14:41,5,5,김포공항,7,"1,4,8,27,35,38,47"
541,14:41,6,6,일산,2,"41,64"
541,14:41,7,7,판교,9,"2,11,13,16,17,33,36,42,50"
541,14:41,9,9,평택,2,"22,43"
542,14:42,1,1,서울역,3,"23,46,57"
542,14:42,2,2,수서,4,"5,12,44,53"
542,14:42,3,3,삼성,4,"32,65,66,67"
542,14:42,4,4,여의도,8,"10,14,24,28,37,60,62,68"
542,14:42,5,5,김포공항,9,"0,1,4,8,27,30,35,38,47"
542,14:42,6,6,일산,2,"41,64"
542,14:42,7,7,판교,8,"2,11,13,16,17,36,42,50"
542,14:42,9,9,평택,1,22
543,14:43,1,1,서울역,3,"23,46,57"
543,14:43,2,2,수서,5,"5,12,44,53,59"
543,14:43,3,3,삼성,3,"32,65,67"
543,14:43,4,4,여의도,7,"14,24,28,37,60,62,68"
543,14:43,5,5,김포공항,8,"0,4,8,27,30,35,38,69"
543,14:43,6,6,일산,2,"41,64"
543,14:43,7,7,판교,8,"2,11,13,16,17,36,42,50"
543,14:43,9,9,평택,1,22
544,14:44,1,1,서울역,4,"3,23,46,57"
544,14:44,2,2,수서,5,"5,12,44,54,59"
544,14:44,3,3,삼성,3,"7,32,67"
544,14:44,4,4,여의도,6,"14,24,28,37,62,68"
544,14:44,5,5,김포공항,8,"0,4,8,27,30,35,38,69"
544,14:44,6,6,일산,2,"41,64"
544,14:44,7,7,판교,8,"2,11,15,16,17,36,42,50"
544,14:44,9,9,평택,1,22
545,14:45,1,1,서울역,4,"3,6,46,57"
545,14:45,2,2,수서,5,"5,12,44,54,59"
545,14:45,3,3,삼성,3,"7,56,67"
545,14:45,4,4,여의도,3,"14,24,28"
545,14:45,5,5,김포공항,6,"0,4,27,35,38,69"
545,14:45,6,6,일산,2,"41,64"
545,14:45,7,7,판교,9,"2,11,15,16,17,25,36,42,50"
545,14:45,9,9,평택,2,"22,40"
546,14:46,1,1,서울역,4,"3,6,46,57"
546,14:46,2,2,수서,4,"5,12,44,54"
546,14:46,3,3,삼성,2,"7,56"
546,14:46,4,4,여의도,4,"14,24,28,58"
546,14:46,5,5,김포공항,6,"0,4,27,35,38,69"
546,14:46,6,6,일산,2,"41,64"
546,14:46,7,7,판교,9,"2,11,15,16,17,25,36,42,50"
546,14:46,9,9,평택,1,40
547,14:47,1,1,서울역,4,"3,6,46,57"
547,14:47,2,2,수서,4,"5,12,44,54"
547,14:47,3,3,삼성,2,"7,56"
547,14:47,4,4,여의도,5,"19,24,28,39,58"
547,14:47,5,5,김포공항,7,"0,4,18,27,35,38,69"
547,14:47,6,6,일산,2,"41,45"
547,14:47,7,7,판교,7,"2,11,16,17,25,36,42"
547,14:47,9,9,평택,2,"34,40"
548,14:48,1,1,서울역,5,"3,6,9,46,57"
548,14:48,2,2,수서,3,"5,12,54"
548,14:48,3,3,삼성,2,"7,63"
548,14:48,4,4,여의도,6,"19,24,28,39,55,58"
548,14:48,5,5,김포공항,7,"0,4,18,27,35,38,69"
548,14:48,6,6,일산,2,"41,45"
548,14:48,7,7,판교,8,"2,11,16,17,25,29,36,42"
548,14:48,9,9,평택,2,"34,40"
549,14:49,1,1,서울역,6,"3,6,9,33,46,57"
549,14:49,2,2,수서,3,"5,12,54"
549,14:49,3,3,삼성,3,"7,59,63"
549,14:49,4,4,여의도,7,"1,19,24,28,39,55,58"
549,14:49,5,5,김포공항,5,"0,4,18,27,35"
549,14:49,6,6,일산,2,"41,45"
549,14:49,7,7,판교,8,"2,11,16,17,25,29,36,42"
549,14:49,9,9,평택,2,"34,40"
550,14:50,1,1,서울역,7,"3,6,9,33,46,57,65"
550,14:50,2,2,수서,4,"5,12,54,60"
550,14:50,3,3,삼성,3,"7,59,63"
550,14:50,4,4,여의도,6,"1,24,28,39,55,58"
550,14:50,5,5,김포공항,5,"0,4,18,27,35"
550,14:50,6,6,일산,3,"41,45,52"
550,14:50,7,7,판교,8,"2,10,11,16,25,29,36,42"
550,14:50,9,9,평택,2,"34,40"
551,14:51,1,1,서울역,6,"3,6,13,33,57,65"
551,14:51,10,10,인천공항,1,21
551,14:51,2,2,수서,4,"5,54,60,62"
551,14:51,3,3,삼성,4,"7,23,47,59"
551,14:51,4,4,여의도,7,"1,24,28,30,39,55,58"
551,14:51,5,5,김포공항,6,"0,4,18,27,35,66"
551,14:51,6,6,일산,4,"31,41,45,52"
551,14:51,7,7,판교,7,"2,10,11,25,29,36,42"
551,14:51,9,9,평택,1,34
552,14:52,1,1,서울역,5,"3,6,13,57,65"
552,14:52,10,10,인천공항,2,"21,61"
552,14:52,2,2,수서,3,"54,60,62"
552,14:52,3,3,삼성,3,"7,23,47"
552,14:52,4,4,여의도,7,"24,28,30,39,48,55,58"
552,14:52,5,5,김포공항,6,"0,4,18,27,35,66"
552,14:52,6,6,일산,4,"31,41,45,52"
552,14:52,7,7,판교,10,"2,10,11,25,29,36,37,42,51,68"
552,14:52,8,8,동탄/용인,1,22
552,14:52,9,9,평택,1,34
553,14:53,1,1,서울역,5,"3,6,13,57,65"
553,14:53,10,10,인천공항,2,"21,61"
553,14:53,2,2,수서,3,"54,60,62"
553,14:53,3,3,삼성,4,"7,8,23,47"
553,14:53,4,4,여의도,7,"24,28,30,39,48,55,58"
553,14:53,5,5,김포공항,7,"0,4,18,27,32,35,66"
553,14:53,6,6,일산,5,"26,31,41,45,52"
553,14:53,7,7,판교,10,"2,10,11,25,29,36,37,42,51,68"
553,14:53,8,8,동탄/용인,1,22
553,14:53,9,9,평택,1,34
554,14:54,1,1,서울역,6,"3,13,15,50,57,65"
554,14:54,10,10,인천공항,2,"21,61"
554,14:54,2,2,수서,3,"54,60,62"
554,14:54,3,3,삼성,3,"7,8,23"
554,14:54,4,4,여의도,6,"20,24,28,39,48,58"
554,14:54,5,5,김포공항,8,"0,4,18,27,32,35,66,67"
554,14:54,6,6,일산,5,"26,31,41,45,52"
554,14:54,7,7,판교,11,"2,10,11,14,25,29,36,37,42,51,68"
554,14:54,8,8,동탄/용인,1,22
554,14:54,9,9,평택,1,34
555,14:55,1,1,서울역,6,"3,13,15,50,57,65"
555,14:55,10,10,인천공항,2,"21,61"
555,14:55,2,2,수서,3,"54,60,62"
555,14:55,3,3,삼성,3,"7,8,23"
555,14:55,4,4,여의도,7,"20,24,28,39,48,56,58"
555,14:55,5,5,김포공항,8,"0,4,18,27,32,35,66,67"
555,14:55,6,6,일산,6,"26,31,41,45,52,53"
555,14:55,7,7,판교,11,"2,10,11,14,25,29,36,37,42,51,68"
555,14:55,9,9,평택,1,34
556,14:56,1,1,서울역,5,"3,13,15,50,57"
556,14:56,10,10,인천공항,2,"21,61"
556,14:56,2,2,수서,3,"54,60,62"
556,14:56,3,3,삼성,3,"7,23,49"
556,14:56,4,4,여의도,7,"20,24,28,39,48,56,58"
556,14:56,5,5,김포공항,9,"0,4,18,27,32,35,44,66,67"
556,14:56,6,6,일산,6,"26,31,41,45,52,53"
556,14:56,7,7,판교,11,"2,10,11,14,25,29,36,37,42,51,68"
556,14:56,9,9,평택,1,34
557,14:57,1,1,서울역,5,"3,13,38,50,57"
557,14:57,10,10,인천공항,2,"21,61"
557,14:57,2,2,수서,3,"54,60,62"
557,14:57,3,3,삼성,5,"7,43,46,49,64"
557,14:57,4,4,여의도,8,"17,20,24,28,39,48,56,58"
557,14:57,5,5,김포공항,9,"0,4,18,27,32,35,44,66,67"
557,14:57,6,6,일산,5,"26,41,45,52,53"
557,14:57,7,7,판교,12,"2,10,11,14,19,25,29,36,37,42,51,68"
557,14:57,9,9,평택,1,34
558,14:58,1,1,서울역,7,"3,12,16,38,50,57,59"
558,14:58,10,10,인천공항,1,61
558,14:58,2,2,수서,2,"60,62"
558,14:58,3,3,삼성,5,"7,43,46,49,64"
558,14:58,4,4,여의도,7,"17,20,28,39,48,56,58"
558,14:58,5,5,김포공항,9,"0,4,18,27,32,35,44,66,67"
558,14:58,6,6,일산,5,"26,41,45,52,53"
558,14:58,7,7,판교,13,"2,9,10,11,14,19,25,29,36,37,42,51,68"
558,14:58,9,9,평택,1,34
559,14:59,1,1,서울역,7,"3,12,16,38,50,57,59"
559,14:59,10,10,인천공항,1,61
559,14:59,2,2,수서,3,"33,60,62"
559,14:59,3,3,삼성,4,"7,43,46,64"
559,14:59,4,4,여의도,7,"17,20,28,39,48,56,58"
559,14:59,5,5,김포공항,10,"0,4,18,27,32,35,44,63,66,67"
559,14:59,6,6,일산,5,"26,41,45,52,53"
559,14:59,7,7,판교,13,"1,9,10,11,14,19,25,29,36,37,42,51,68"
559,14:59,9,9,평택,1,34
560,15:00,1,1,서울역,6,"3,12,16,50,57,59"
560,15:00,10,10,인천공항,1,61
560,15:00,2,2,수서,4,"33,55,60,62"
560,15:00,3,3,삼성,4,"7,43,46,64"
560,15:00,4,4,여의도,6,"17,20,28,39,48,56"
560,15:00,5,5,김포공항,7,"0,5,35,44,63,66,67"
560,15:00,6,6,일산,4,"41,45,52,53"
560,15:00,7,7,판교,12,"1,9,10,11,14,19,25,29,36,37,42,51"
560,15:00,9,9,평택,1,34
561,15:01,1,1,서울역,6,"3,12,16,50,57,59"
561,15:01,10,10,인천공항,1,61
561,15:01,2,2,수서,5,"6,33,55,60,62"
561,15:01,3,3,삼성,3,"43,46,64"
561,15:01,4,4,여의도,6,"17,20,28,39,48,56"
561,15:01,5,5,김포공항,7,"0,5,35,44,63,66,67"
561,15:01,6,6,일산,4,"41,45,52,53"
561,15:01,7,7,판교,12,"1,9,10,11,14,19,25,29,30,36,42,51"
561,15:01,9,9,평택,1,34
562,15:02,1,1,서울역,6,"3,12,16,50,57,59"
562,15:02,10,10,인천공항,1,61
562,15:02,2,2,수서,4,"6,55,60,62"
562,15:02,3,3,삼성,3,"43,46,64"
562,15:02,4,4,여의도,6,"17,20,28,39,48,56"
562,15:02,5,5,김포공항,6,"0,5,44,47,66,67"
562,15:02,6,6,일산,4,"41,45,52,53"
562,15:02,7,7,판교,12,"1,9,10,11,14,19,25,29,30,36,42,51"
562,15:02,9,9,평택,1,34
563,15:03,1,1,서울역,5,"3,12,16,57,59"
563,15:03,10,10,인천공항,1,61
563,15:03,2,2,수서,2,"6,60"
563,15:03,3,3,삼성,2,"43,64"
563,15:03,4,4,여의도,5,"8,20,28,39,48"
563,15:03,5,5,김포공항,6,"0,5,44,47,66,67"
563,15:03,6,6,일산,3,"41,45,53"
563,15:03,7,7,판교,12,"1,9,10,11,19,25,29,30,36,42,51,65"
563,15:03,9,9,평택,1,34
564,15:04,1,1,서울역,4,"3,12,31,57"
564,15:04,10,10,인천공항,1,61
564,15:04,2,2,수서,3,"6,15,60"
564,15:04,3,3,삼성,2,"43,64"
564,15:04,4,4,여의도,5,"8,20,23,28,48"
564,15:04,5,5,김포공항,6,"0,5,44,47,66,67"
564,15:04,6,6,일산,2,"41,53"
564,15:04,7,7,판교,12,"1,9,10,11,19,25,29,30,36,42,51,65"
564,15:04,9,9,평택,1,34
565,15:05,1,1,서울역,2,"12,31"
565,15:05,10,10,인천공항,1,61
565,15:05,2,2,수서,2,"6,15"
565,15:05,3,3,삼성,3,"22,43,64"
565,15:05,4,4,여의도,5,"8,20,23,28,48"
565,15:05,5,5,김포공항,4,"0,5,44,66"
565,15:05,6,6,일산,2,"41,53"
565,15:05,7,7,판교,11,"1,10,11,13,25,29,30,36,42,51,65"
565,15:05,9,9,평택,1,34
566,15:06,1,1,서울역,2,"12,31"
566,15:06,10,10,인천공항,1,61
566,15:06,2,2,수서,3,"6,15,58"
566,15:06,3,3,삼성,3,"22,43,55"
566,15:06,4,4,여의도,9,"2,8,18,20,23,27,28,32,40"
566,15:06,5,5,김포공항,5,"0,5,44,54,66"
566,15:06,6,6,일산,1,53
566,15:06,7,7,판교,10,"10,11,13,25,29,30,36,42,51,65"
566,15:06,9,9,평택,2,"34,69"
567,15:07,1,1,서울역,2,"12,31"
567,15:07,10,10,인천공항,1,61
567,15:07,2,2,수서,3,"6,15,58"
567,15:07,3,3,삼성,3,"22,43,55"
567,15:07,4,4,여의도,8,"2,8,18,20,23,27,32,40"
567,15:07,5,5,김포공항,5,"0,5,44,54,66"
567,15:07,7,7,판교,10,"10,11,13,25,29,30,36,42,51,65"
567,15:07,9,9,평택,1,69
568,15:08,1,1,서울역,2,"12,31"
568,15:08,10,10,인천공항,1,61
568,15:08,2,2,수서,3,"6,15,58"
568,15:08,3,3,삼성,4,"4,22,43,55"
568,15:08,4,4,여의도,9,"2,8,18,20,23,27,32,35,40"
568,15:08,5,5,김포공항,5,"0,5,44,54,66"
568,15:08,7,7,판교,9,"10,11,13,25,29,30,36,42,51"
568,15:08,8,8,동탄/용인,1,37
568,15:08,9,9,평택,1,69
569,15:09,1,1,서울역,3,"12,31,33"
569,15:09,10,10,인천공항,1,61
569,15:09,2,2,수서,4,"6,15,56,58"
569,15:09,3,3,삼성,2,"4,22"
569,15:09,4,4,여의도,6,"2,8,20,23,35,40"
569,15:09,5,5,김포공항,6,"0,5,7,44,54,66"
569,15:09,6,6,일산,1,63
569,15:09,7,7,판교,9,"10,11,13,25,29,30,36,42,51"
569,15:09,8,8,동탄/용인,1,37
569,15:09,9,9,평택,1,69
570,15:10,1,1,서울역,3,"12,31,33"
570,15:10,10,10,인천공항,1,61
570,15:10,2,2,수서,4,"6,39,56,58"
570,15:10,3,3,삼성,2,"4,22"
570,15:10,4,4,여의도,8,"2,8,14,20,21,35,40,46"
570,15:10,5,5,김포공항,6,"0,5,7,44,54,66"
570,15:10,6,6,일산,1,63
570,15:10,7,7,판교,10,"10,11,13,17,25,29,30,36,42,51"
570,15:10,8,8,동탄/용인,1,37
570,15:10,9,9,평택,1,69
571,15:11,1,1,서울역,4,"12,31,33,45"
571,15:11,10,10,인천공항,1,61
571,15:11,2,2,수서,5,"6,16,39,56,58"
571,15:11,3,3,삼성,2,"3,4"
571,15:11,4,4,여의도,9,"2,8,14,20,21,40,46,60,67"
571,15:11,5,5,김포공항,7,"0,5,7,44,54,62,66"
571,15:11,6,6,일산,1,63
571,15:11,7,7,판교,10,"10,11,13,17,25,29,30,36,42,51"
571,15:11,9,9,평택,1,69
572,15:12,1,1,서울역,5,"9,12,19,31,45"
572,15:12,10,10,인천공항,1,61
572,15:12,2,2,수서,4,"6,16,39,56"
572,15:12,3,3,삼성,2,"3,4"
572,15:12,4,4,여의도,8,"2,8,14,20,21,46,60,67"
572,15:12,5,5,김포공항,7,"0,5,7,44,54,62,66"
572,15:12,6,6,일산,2,"47,57"
572,15:12,7,7,판교,11,"10,11,13,17,25,26,29,30,36,42,51"
572,15:12,8,8,동탄/용인,1,38
572,15:12,9,9,평택,2,"68,69"
573,15:13,1,1,서울역,5,"9,12,19,31,45"
573,15:13,10,10,인천공항,1,61
573,15:13,2,2,수서,4,"6,16,39,56"
573,15:13,3,3,삼성,2,"3,4"
573,15:13,4,4,여의도,8,"2,8,14,20,21,46,60,67"
573,15:13,5,5,김포공항,7,"0,5,7,44,54,62,66"
573,15:13,6,6,일산,2,"47,57"
573,15:13,7,7,판교,12,"10,11,13,17,25,26,29,30,36,42,48,51"
573,15:13,8,8,동탄/용인,1,38
573,15:13,9,9,평택,3,"24,68,69"
574,15:14,1,1,서울역,5,"9,12,19,31,45"
574,15:14,10,10,인천공항,1,61
574,15:14,2,2,수서,4,"6,16,39,56"
574,15:14,3,3,삼성,1,3
574,15:14,4,4,여의도,7,"2,8,14,20,21,46,60"
574,15:14,5,5,김포공항,8,"0,5,7,44,54,62,64,66"
574,15:14,6,6,일산,2,"47,57"
574,15:14,7,7,판교,12,"10,11,13,17,25,26,29,30,36,42,48,51"
574,15:14,8,8,동탄/용인,1,38
574,15:14,9,9,평택,4,"24,49,68,69"
575,15:15,1,1,서울역,5,"9,12,19,45,55"
575,15:15,10,10,인천공항,1,61
575,15:15,2,2,수서,6,"6,16,18,27,39,56"
575,15:15,3,3,삼성,1,3
575,15:15,4,4,여의도,6,"8,14,21,46,60,65"
575,15:15,5,5,김포공항,8,"0,5,7,44,54,62,64,66"
575,15:15,6,6,일산,1,57
575,15:15,7,7,판교,12,"10,11,13,17,25,26,29,36,42,48,51,52"
575,15:15,8,8,동탄/용인,1,38
575,15:15,9,9,평택,3,"24,49,69"
576,15:16,1,1,서울역,5,"9,12,19,45,55"
576,15:16,10,10,인천공항,2,"50,61"
576,15:16,2,2,수서,7,"6,16,18,23,27,39,56"
576,15:16,3,3,삼성,2,"3,41"
576,15:16,4,4,여의도,6,"8,14,21,46,60,65"
576,15:16,5,5,김포공항,8,"0,5,7,44,54,62,64,66"
576,15:16,6,6,일산,1,57
576,15:16,7,7,판교,12,"10,11,13,17,25,26,32,36,42,48,51,52"
576,15:16,8,8,동탄/용인,1,38
576,15:16,9,9,평택,3,"24,49,69"
577,15:17,1,1,서울역,4,"9,12,19,55"
577,15:17,10,10,인천공항,3,"50,59,61"
577,15:17,2,2,수서,6,"16,18,23,27,39,56"
577,15:17,3,3,삼성,1,41
577,15:17,4,4,여의도,5,"14,21,46,60,65"
577,15:17,5,5,김포공항,8,"0,5,7,44,54,62,64,66"
577,15:17,6,6,일산,1,57
577,15:17,7,7,판교,12,"10,11,13,17,25,26,32,36,42,48,51,52"
577,15:17,8,8,동탄/용인,1,38
577,15:17,9,9,평택,3,"24,49,69"
578,15:18,1,1,서울역,3,"9,12,55"
578,15:18,10,10,인천공항,3,"50,59,61"
578,15:18,2,2,수서,6,"16,18,23,27,39,56"
578,15:18,3,3,삼성,1,41
578,15:18,4,4,여의도,4,"14,21,46,60"
578,15:18,5,5,김포공항,9,"0,5,7,15,44,54,62,64,66"
578,15:18,6,6,일산,2,"1,57"
578,15:18,7,7,판교,13,"10,11,13,17,25,26,32,35,36,42,48,51,52"
578,15:18,8,8,동탄/용인,2,"28,38"
578,15:18,9,9,평택,3,"24,49,69"
579,15:19,1,1,서울역,3,"9,12,55"
579,15:19,10,10,인천공항,3,"50,59,61"
579,15:19,2,2,수서,7,"16,18,23,27,33,39,56"
579,15:19,3,3,삼성,1,40
579,15:19,4,4,여의도,4,"14,21,46,60"
579,15:19,5,5,김포공항,9,"5,7,15,22,44,54,62,64,66"
579,15:19,6,6,일산,2,"1,57"
579,15:19,7,7,판교,14,"10,11,13,17,25,26,32,35,36,42,48,51,52,53"
579,15:19,8,8,동탄/용인,2,"28,38"
579,15:19,9,9,평택,3,"24,49,69"
580,15:20,1,1,서울역,3,"9,12,55"
580,15:20,10,10,인천공항,3,"50,59,61"
580,15:20,2,2,수서,6,"16,18,23,27,33,39"
580,15:20,3,3,삼성,1,40
580,15:20,4,4,여의도,4,"14,21,46,60"
580,15:20,5,5,김포공항,4,"15,22,64,66"
580,15:20,6,6,일산,2,"1,57"
580,15:20,7,7,판교,14,"10,11,13,17,25,26,32,35,36,42,48,51,52,53"
580,15:20,8,8,동탄/용인,2,"28,38"
580,15:20,9,9,평택,3,"24,49,69"
581,15:21,1,1,서울역,2,"9,55"
581,15:21,10,10,인천공항,3,"50,59,61"
581,15:21,2,2,수서,6,"16,18,23,27,33,39"
581,15:21,3,3,삼성,2,"31,40"
581,15:21,4,4,여의도,3,"21,46,60"
581,15:21,5,5,김포공항,4,"15,22,64,66"
581,15:21,6,6,일산,2,"1,57"
581,15:21,7,7,판교,12,"10,13,17,25,32,35,36,42,48,51,52,53"
581,15:21,8,8,동탄/용인,1,38
581,15:21,9,9,평택,3,"24,49,69"
582,15:22,1,1,서울역,2,"9,55"
582,15:22,10,10,인천공항,3,"50,59,61"
582,15:22,2,2,수서,6,"16,18,23,27,33,39"
582,15:22,3,3,삼성,3,"31,40,63"
582,15:22,4,4,여의도,5,"21,30,34,37,60"
582,15:22,5,5,김포공항,3,"4,15,66"
582,15:22,6,6,일산,2,"1,57"
582,15:22,7,7,판교,10,"13,17,20,32,35,36,42,48,52,53"
582,15:22,8,8,동탄/용인,1,38
582,15:22,9,9,평택,3,"24,49,69"
583,15:23,1,1,서울역,1,55
583,15:23,10,10,인천공항,3,"50,59,61"
583,15:23,2,2,수서,7,"8,16,18,23,27,33,39"
583,15:23,3,3,삼성,3,"31,40,63"
583,15:23,4,4,여의도,4,"29,30,34,37"
583,15:23,5,5,김포공항,3,"4,15,66"
583,15:23,6,6,일산,3,"1,57,58"
583,15:23,7,7,판교,10,"13,17,20,32,35,36,42,48,52,53"
583,15:23,8,8,동탄/용인,1,38
583,15:23,9,9,평택,3,"24,49,69"
584,15:24,1,1,서울역,1,55
584,15:24,10,10,인천공항,3,"50,59,61"
584,15:24,2,2,수서,7,"8,18,23,27,33,39,45"
584,15:24,3,3,삼성,3,"31,40,63"
584,15:24,4,4,여의도,4,"29,30,34,37"
584,15:24,5,5,김포공항,2,"4,15"
584,15:24,6,6,일산,2,"57,58"
584,15:24,7,7,판교,10,"13,17,20,32,35,36,42,48,52,53"
584,15:24,8,8,동탄/용인,1,38
584,15:24,9,9,평택,4,"24,43,49,69"
585,15:25,1,1,서울역,1,55
585,15:25,10,10,인천공항,3,"50,59,61"
585,15:25,2,2,수서,7,"8,18,23,27,33,39,45"
585,15:25,3,3,삼성,2,"31,63"
585,15:25,4,4,여의도,4,"29,30,34,37"
585,15:25,5,5,김포공항,4,"3,4,6,15"
585,15:25,6,6,일산,2,"57,58"
585,15:25,7,7,판교,11,"13,17,19,20,32,35,36,42,48,52,53"
585,15:25,8,8,동탄/용인,1,38
585,15:25,9,9,평택,4,"24,43,49,69"
586,15:26,1,1,서울역,1,55
586,15:26,10,10,인천공항,4,"50,59,61,67"
586,15:26,2,2,수서,6,"8,18,23,33,39,45"
586,15:26,3,3,삼성,2,"31,63"
586,15:26,4,4,여의도,6,"29,30,34,37,54,56"
586,15:26,5,5,김포공항,4,"3,4,6,15"
586,15:26,6,6,일산,2,"57,58"
586,15:26,7,7,판교,10,"13,17,19,20,32,35,36,42,48,53"
586,15:26,8,8,동탄/용인,1,38
586,15:26,9,9,평택,4,"24,43,49,69"
587,15:27,1,1,서울역,1,55
587,15:27,10,10,인천공항,4,"50,59,61,67"
587,15:27,2,2,수서,7,"0,8,18,23,33,39,45"
587,15:27,3,3,삼성,3,"16,31,63"
587,15:27,4,4,여의도,6,"29,30,34,37,54,56"
587,15:27,5,5,김포공항,3,"3,4,6"
587,15:27,6,6,일산,3,"57,58,62"
587,15:27,7,7,판교,11,"13,17,19,20,32,35,36,42,47,48,53"
587,15:27,8,8,동탄/용인,1,38
587,15:27,9,9,평택,5,"24,28,43,49,69"
588,15:28,1,1,서울역,1,55
588,15:28,10,10,인천공항,3,"59,61,67"
588,15:28,2,2,수서,8,"0,8,12,18,23,33,39,45"
588,15:28,3,3,삼성,6,"5,7,11,16,31,44"
588,15:28,4,4,여의도,6,"26,29,34,37,54,56"
588,15:28,5,5,김포공항,3,"3,4,6"
588,15:28,6,6,일산,3,"57,58,62"
588,15:28,7,7,판교,10,"13,14,17,19,35,36,42,47,48,53"
588,15:28,8,8,동탄/용인,1,38
588,15:28,9,9,평택,5,"24,28,43,49,69"
589,15:29,1,1,서울역,2,"25,55"
589,15:29,10,10,인천공항,3,"59,61,67"
589,15:29,2,2,수서,9,"0,8,12,18,21,23,33,39,45"
589,15:29,3,3,삼성,8,"5,7,9,11,16,31,44,46"
589,15:29,4,4,여의도,7,"10,26,29,34,37,51,56"
589,15:29,5,5,김포공항,3,"3,4,6"
589,15:29,6,6,일산,5,"41,57,58,62,64"
589,15:29,7,7,판교,10,"13,14,17,19,35,36,42,47,48,53"
589,15:29,8,8,동탄/용인,1,38
589,15:29,9,9,평택,5,"24,28,43,49,69"
590,15:30,1,1,서울역,2,"25,55"
590,15:30,10,10,인천공항,3,"59,61,67"
590,15:30,2,2,수서,9,"0,8,12,18,21,23,33,39,45"
590,15:30,3,3,삼성,7,"5,7,9,11,16,44,46"
590,15:30,4,4,여의도,8,"10,26,29,34,37,51,56,68"
590,15:30,5,5,김포공항,3,"3,4,6"
590,15:30,6,6,일산,4,"41,57,58,64"
590,15:30,7,7,판교,11,"13,14,17,19,35,36,42,47,48,53,60"
590,15:30,8,8,동탄/용인,1,38
590,15:30,9,9,평택,5,"2,24,28,43,69"
591,15:31,1,1,서울역,3,"25,40,55"
591,15:31,10,10,인천공항,3,"59,61,67"
591,15:31,2,2,수서,8,"0,8,12,18,21,33,39,45"
591,15:31,3,3,삼성,4,"7,9,16,46"
591,15:31,4,4,여의도,8,"10,26,29,34,37,51,56,68"
591,15:31,5,5,김포공항,2,"3,6"
591,15:31,6,6,일산,4,"41,58,64,66"
591,15:31,7,7,판교,10,"13,14,17,19,35,36,42,47,48,60"
591,15:31,8,8,동탄/용인,1,38
591,15:31,9,9,평택,5,"2,24,28,43,69"
592,15:32,1,1,서울역,3,"25,40,55"
592,15:32,10,10,인천공항,3,"59,61,67"
592,15:32,2,2,수서,8,"0,8,12,18,21,33,39,45"
592,15:32,3,3,삼성,3,"7,16,46"
592,15:32,4,4,여의도,5,"10,26,34,37,68"
592,15:32,5,5,김포공항,2,"3,6"
592,15:32,6,6,일산,3,"41,58,66"
592,15:32,7,7,판교,9,"13,14,17,19,36,42,47,48,60"
592,15:32,8,8,동탄/용인,1,38
592,15:32,9,9,평택,5,"2,24,28,43,69"
593,15:33,1,1,서울역,3,"25,40,55"
593,15:33,10,10,인천공항,3,"59,61,67"
593,15:33,2,2,수서,8,"0,8,12,18,21,33,39,45"
593,15:33,3,3,삼성,2,"7,46"
593,15:33,4,4,여의도,5,"10,26,34,52,68"
593,15:33,5,5,김포공항,2,"3,6"
593,15:33,6,6,일산,3,"41,58,66"
593,15:33,7,7,판교,8,"13,14,17,19,42,47,48,60"
593,15:33,8,8,동탄/용인,1,38
593,15:33,9,9,평택,5,"2,24,28,43,65"
594,15:34,1,1,서울역,3,"25,40,55"
594,15:34,10,10,인천공항,3,"59,61,67"
594,15:34,2,2,수서,9,"0,8,12,18,21,30,33,39,45"
594,15:34,3,3,삼성,1,46
594,15:34,4,4,여의도,5,"10,26,34,52,68"
594,15:34,5,5,김포공항,3,"3,6,27"
594,15:34,6,6,일산,4,"15,41,58,66"
594,15:34,7,7,판교,7,"14,17,19,42,47,48,60"
594,15:34,8,8,동탄/용인,1,38
594,15:34,9,9,평택,5,"2,24,28,43,65"
595,15:35,1,1,서울역,3,"25,40,55"
595,15:35,10,10,인천공항,3,"59,61,67"
595,15:35,2,2,수서,9,"0,8,12,18,21,30,33,39,45"
595,15:35,3,3,삼성,2,"20,46"
595,15:35,4,4,여의도,6,"10,26,32,34,52,68"
595,15:35,5,5,김포공항,3,"3,6,27"
595,15:35,6,6,일산,4,"15,41,58,66"
595,15:35,7,7,판교,7,"14,17,19,42,47,48,60"
595,15:35,8,8,동탄/용인,1,38
595,15:35,9,9,평택,5,"2,24,28,43,65"
596,15:36,1,1,서울역,3,"25,40,55"
596,15:36,10,10,인천공항,2,"61,67"
596,15:36,2,2,수서,9,"0,8,12,18,21,30,33,39,45"
596,15:36,3,3,삼성,2,"20,46"
596,15:36,4,4,여의도,5,"10,26,32,34,68"
596,15:36,5,5,김포공항,4,"3,6,27,63"
596,15:36,6,6,일산,4,"15,41,58,66"
596,15:36,7,7,판교,9,"1,14,17,19,42,47,48,54,60"
596,15:36,8,8,동탄/용인,1,22
596,15:36,9,9,평택,4,"2,28,43,65"
597,15:37,1,1,서울역,1,40
597,15:37,10,10,인천공항,2,"61,67"
597,15:37,2,2,수서,9,"0,8,12,18,21,30,33,39,45"
597,15:37,3,3,삼성,2,"20,46"
597,15:37,4,4,여의도,5,"10,26,32,34,68"
597,15:37,5,5,김포공항,4,"3,6,27,63"
597,15:37,6,6,일산,2,"41,58"
597,15:37,7,7,판교,9,"1,14,17,19,42,47,48,54,60"
597,15:37,8,8,동탄/용인,1,22
597,15:37,9,9,평택,4,"2,28,43,65"
598,15:38,1,1,서울역,2,"9,40"
598,15:38,10,10,인천공항,2,"61,67"
598,15:38,2,2,수서,8,"0,12,18,21,30,33,39,45"
598,15:38,3,3,삼성,1,46
598,15:38,4,4,여의도,6,"10,11,32,34,44,68"
598,15:38,5,5,김포공항,5,"3,6,27,31,63"
598,15:38,6,6,일산,2,"41,58"
598,15:38,7,7,판교,9,"1,14,17,19,42,47,48,54,60"
598,15:38,8,8,동탄/용인,1,22
598,15:38,9,9,평택,4,"2,28,43,65"
599,15:39,1,1,서울역,2,"9,40"
599,15:39,10,10,인천공항,2,"61,67"
599,15:39,2,2,수서,7,"0,12,18,21,30,39,45"
599,15:39,3,3,삼성,3,"4,29,46"
599,15:39,4,4,여의도,7,"10,11,32,34,35,44,68"
599,15:39,5,5,김포공항,6,"3,5,6,27,31,63"
599,15:39,6,6,일산,3,"41,50,58"
599,15:39,7,7,판교,10,"1,17,19,42,47,48,51,54,56,60"
599,15:39,8,8,동탄/용인,1,22
599,15:39,9,9,평택,4,"2,28,43,65"
600,15:40,1,1,서울역,2,"9,40"
600,15:40,10,10,인천공항,2,"61,67"
600,15:40,2,2,수서,7,"0,12,18,21,30,39,45"
600,15:40,3,3,삼성,4,"4,29,37,46"
600,15:40,4,4,여의도,8,"11,16,32,34,35,36,44,68"
600,15:40,5,5,김포공항,4,"3,5,31,63"
600,15:40,6,6,일산,3,"41,50,58"
600,15:40,7,7,판교,10,"1,17,19,42,47,48,51,54,56,60"
600,15:40,8,8,동탄/용인,1,22
600,15:40,9,9,평택,3,"28,43,65"
601,15:41,1,1,서울역,3,"9,13,40"
601,15:41,10,10,인천공항,2,"61,67"
601,15:41,2,2,수서,7,"0,12,18,21,30,39,45"
601,15:41,3,3,삼성,5,"4,29,37,46,57"
601,15:41,4,4,여의도,7,"11,16,32,34,35,36,44"
601,15:41,5,5,김포공항,2,"3,5"
601,15:41,6,6,일산,3,"41,50,58"
601,15:41,7,7,판교,10,"1,17,19,42,47,48,51,54,56,60"
601,15:41,8,8,동탄/용인,1,22
601,15:41,9,9,평택,3,"28,43,65"
602,15:42,1,1,서울역,3,"9,13,40"
602,15:42,10,10,인천공항,2,"61,67"
602,15:42,2,2,수서,7,"0,12,18,21,30,39,45"
602,15:42,3,3,삼성,4,"4,37,46,57"
602,15:42,4,4,여의도,7,"11,16,32,34,35,36,44"
602,15:42,5,5,김포공항,2,"3,7"
602,15:42,6,6,일산,4,"23,41,50,58"
602,15:42,7,7,판교,10,"1,17,19,42,47,48,51,56,60,62"
602,15:42,8,8,동탄/용인,1,22
602,15:42,9,9,평택,2,"28,43"
603,15:43,1,1,서울역,3,"9,13,40"
603,15:43,10,10,인천공항,2,"61,67"
603,15:43,2,2,수서,7,"0,12,18,21,30,39,45"
603,15:43,3,3,삼성,4,"4,25,37,57"
603,15:43,4,4,여의도,4,"11,16,35,44"
603,15:43,5,5,김포공항,2,"3,7"
603,15:43,6,6,일산,4,"23,41,50,58"
603,15:43,7,7,판교,11,"1,17,19,42,47,48,51,52,56,60,62"
603,15:43,8,8,동탄/용인,1,22
603,15:43,9,9,평택,2,"28,43"
604,15:44,1,1,서울역,2,"9,13"
604,15:44,10,10,인천공항,1,67
604,15:44,2,2,수서,8,"0,12,18,21,30,39,45,55"
604,15:44,3,3,삼성,4,"4,25,37,57"
604,15:44,4,4,여의도,3,"16,35,44"
604,15:44,5,5,김포공항,2,"3,7"
604,15:44,6,6,일산,4,"23,41,50,58"
604,15:44,7,7,판교,12,"1,17,19,42,47,48,51,52,56,60,62,64"
604,15:44,8,8,동탄/용인,1,22
604,15:44,9,9,평택,2,"28,43"
605,15:45,1,1,서울역,2,"9,13"
605,15:45,10,10,인천공항,1,67
605,15:45,2,2,수서,9,"0,12,18,21,29,30,39,45,55"
605,15:45,3,3,삼성,4,"4,25,37,57"
605,15:45,4,4,여의도,3,"16,44,49"
605,15:45,5,5,김포공항,2,"3,7"
605,15:45,6,6,일산,3,"23,41,50"
605,15:45,7,7,판교,13,"1,17,19,26,42,47,48,51,52,56,60,62,64"
605,15:45,8,8,동탄/용인,1,22
605,15:45,9,9,평택,2,"28,43"
606,15:46,1,1,서울역,3,"9,13,33"
606,15:46,10,10,인천공항,1,67
606,15:46,2,2,수서,8,"12,18,21,29,30,39,45,55"
606,15:46,3,3,삼성,4,"4,25,37,57"
606,15:46,4,4,여의도,4,"14,16,44,49"
606,15:46,5,5,김포공항,4,"3,7,8,20"
606,15:46,6,6,일산,3,"23,41,50"
606,15:46,7,7,판교,13,"1,17,19,26,42,47,48,51,52,56,60,62,64"
606,15:46,8,8,동탄/용인,1,22
606,15:46,9,9,평택,2,"28,43"
607,15:47,1,1,서울역,3,"9,13,33"
607,15:47,10,10,인천공항,2,"53,67"
607,15:47,2,2,수서,8,"18,21,29,30,39,45,55,69"
607,15:47,3,3,삼성,4,"4,15,25,37"
607,15:47,4,4,여의도,6,"14,16,31,38,44,49"
607,15:47,5,5,김포공항,4,"3,7,8,20"
607,15:47,6,6,일산,3,"23,41,50"
607,15:47,7,7,판교,14,"1,10,17,19,26,42,47,48,51,52,56,60,62,64"
607,15:47,8,8,동탄/용인,1,22
607,15:47,9,9,평택,1,28
608,15:48,1,1,서울역,3,"9,13,33"
608,15:48,10,10,인천공항,2,"53,67"
608,15:48,2,2,수서,8,"18,21,27,30,39,45,55,69"
608,15:48,3,3,삼성,5,"4,6,15,25,37"
608,15:48,4,4,여의도,6,"14,16,31,38,44,59"
608,15:48,5,5,김포공항,3,"3,8,20"
608,15:48,6,6,일산,3,"23,41,50"
608,15:48,7,7,판교,14,"1,10,17,19,26,42,47,48,51,52,56,60,62,64"
608,15:48,8,8,동탄/용인,1,22
608,15:48,9,9,평택,1,28
609,15:49,1,1,서울역,3,"9,13,33"
609,15:49,10,10,인천공항,2,"53,67"
609,15:49,2,2,수서,7,"18,21,27,39,55,63,69"
609,15:49,3,3,삼성,5,"4,6,15,25,37"
609,15:49,4,4,여의도,6,"14,16,31,38,44,59"
609,15:49,5,5,김포공항,3,"3,8,20"
609,15:49,6,6,일산,3,"23,41,50"
609,15:49,7,7,판교,14,"1,10,17,19,26,42,47,51,52,56,60,62,64,66"
609,15:49,8,8,동탄/용인,1,22
609,15:49,9,9,평택,1,28
610,15:50,1,1,서울역,2,"13,33"
610,15:50,10,10,인천공항,2,"53,67"
610,15:50,2,2,수서,8,"11,18,21,27,39,55,63,69"
610,15:50,3,3,삼성,7,"5,6,15,25,32,37,40"
610,15:50,4,4,여의도,5,"14,16,38,44,59"
610,15:50,5,5,김포공항,3,"3,8,20"
610,15:50,6,6,일산,2,"23,41"
610,15:50,7,7,판교,14,"1,10,17,19,26,34,42,47,51,52,56,60,64,66"
610,15:50,9,9,평택,1,28
611,15:51,1,1,서울역,2,"13,33"
611,15:51,10,10,인천공항,2,"53,67"
611,15:51,2,2,수서,7,"11,18,21,39,55,63,69"
611,15:51,3,3,삼성,6,"5,15,25,32,37,40"
611,15:51,4,4,여의도,6,"14,16,24,38,44,59"
611,15:51,5,5,김포공항,4,"3,8,20,46"
611,15:51,6,6,일산,2,"23,41"
611,15:51,7,7,판교,11,"1,10,17,19,34,42,52,56,60,64,66"
611,15:51,9,9,평택,1,28
612,15:52,1,1,서울역,2,"13,33"
612,15:52,10,10,인천공항,2,"53,67"
612,15:52,2,2,수서,5,"11,18,39,55,69"
612,15:52,3,3,삼성,7,"5,15,25,32,35,37,40"
612,15:52,4,4,여의도,5,"16,24,38,44,59"
612,15:52,5,5,김포공항,5,"3,8,20,46,54"
612,15:52,6,6,일산,2,"23,41"
612,15:52,7,7,판교,11,"1,10,17,19,34,42,52,56,60,64,66"
612,15:52,8,8,동탄/용인,1,68
612,15:52,9,9,평택,1,28
613,15:53,1,1,서울역,2,"13,33"
613,15:53,10,10,인천공항,1,67
613,15:53,2,2,수서,4,"11,18,39,69"
613,15:53,3,3,삼성,6,"15,25,32,35,37,40"
613,15:53,4,4,여의도,5,"12,24,38,44,59"
613,15:53,5,5,김포공항,5,"3,8,20,46,54"
613,15:53,6,6,일산,2,"23,41"
613,15:53,7,7,판교,11,"1,10,17,19,34,42,52,56,60,64,66"
613,15:53,8,8,동탄/용인,1,68
613,15:53,9,9,평택,1,28
614,15:54,1,1,서울역,2,"13,33"
614,15:54,10,10,인천공항,1,67
614,15:54,2,2,수서,4,"11,18,39,69"
614,15:54,3,3,삼성,6,"15,25,32,35,37,40"
614,15:54,4,4,여의도,6,"12,24,38,44,57,59"
614,15:54,5,5,김포공항,6,"0,3,8,20,46,54"
614,15:54,6,6,일산,2,"23,41"
614,15:54,7,7,판교,11,"1,10,17,19,34,42,52,56,60,64,66"
614,15:54,8,8,동탄/용인,2,"36,68"
614,15:54,9,9,평택,1,28
615,15:55,1,1,서울역,2,"13,33"
615,15:55,10,10,인천공항,1,67
615,15:55,2,2,수서,4,"11,18,39,69"
615,15:55,3,3,삼성,8,"15,25,32,35,37,40,49,58"
615,15:55,4,4,여의도,7,"2,12,24,38,44,57,59"
615,15:55,5,5,김포공항,5,"0,3,8,46,54"
615,15:55,6,6,일산,2,"23,41"
615,15:55,7,7,판교,10,"10,17,19,34,42,52,56,60,64,66"
615,15:55,8,8,동탄/용인,2,"36,68"
615,15:55,9,9,평택,1,28
616,15:56,1,1,서울역,3,"13,33,45"
616,15:56,10,10,인천공항,1,67
616,15:56,2,2,수서,6,"11,18,31,39,65,69"
616,15:56,3,3,삼성,9,"7,15,25,32,35,37,40,49,58"
616,15:56,4,4,여의도,9,"2,12,24,38,44,48,57,59,61"
616,15:56,5,5,김포공항,5,"0,3,8,46,54"
616,15:56,6,6,일산,2,"23,41"
616,15:56,7,7,판교,9,"10,17,19,42,52,56,60,64,66"
616,15:56,8,8,동탄/용인,2,"36,68"
616,15:56,9,9,평택,1,28
617,15:57,1,1,서울역,4,"13,33,45,50"
617,15:57,10,10,인천공항,1,67
617,15:57,2,2,수서,6,"9,11,18,31,39,65"
617,15:57,3,3,삼성,9,"7,15,25,32,35,37,40,49,58"
617,15:57,4,4,여의도,9,"2,4,12,24,38,44,48,57,61"
617,15:57,5,5,김포공항,6,"0,3,8,30,46,54"
617,15:57,6,6,일산,2,"23,41"
617,15:57,7,7,판교,9,"10,17,19,42,52,56,60,64,66"
617,15:57,8,8,동탄/용인,1,68
617,15:57,9,9,평택,1,28
618,15:58,1,1,서울역,6,"13,26,33,45,47,50"
618,15:58,10,10,인천공항,1,67
618,15:58,2,2,수서,6,"9,11,18,31,39,65"
618,15:58,3,3,삼성,6,"7,25,32,35,40,58"
618,15:58,4,4,여의도,10,"2,4,12,24,38,44,48,51,57,61"
618,15:58,5,5,김포공항,6,"0,3,8,30,46,54"
618,15:58,6,6,일산,2,"23,41"
618,15:58,7,7,판교,9,"10,17,19,42,52,56,60,64,66"
618,15:58,8,8,동탄/용인,1,68
618,15:58,9,9,평택,1,28
619,15:59,1,1,서울역,7,"13,21,26,33,45,47,50"
619,15:59,10,10,인천공항,1,67
619,15:59,2,2,수서,6,"9,11,18,31,39,65"
619,15:59,3,3,삼성,5,"7,25,32,35,58"
619,15:59,4,4,여의도,10,"2,4,12,24,38,44,48,51,57,61"
619,15:59,5,5,김포공항,7,"0,6,8,27,30,46,54"
619,15:59,6,6,일산,3,"23,29,41"
619,15:59,7,7,판교,10,"10,14,17,19,42,43,52,60,64,66"
619,15:59,8,8,동탄/용인,1,68
619,15:59,9,9,평택,1,28
620,16:00,1,1,서울역,7,"13,21,26,33,45,47,50"
620,16:00,10,10,인천공항,1,67
620,16:00,2,2,수서,5,"11,18,31,39,65"
620,16:00,3,3,삼성,2,"7,58"
620,16:00,4,4,여의도,9,"2,4,12,24,38,44,48,51,57"
620,16:00,5,5,김포공항,6,"0,6,27,30,46,62"
620,16:00,6,6,일산,3,"23,29,41"
620,16:00,7,7,판교,11,"10,14,16,17,19,42,43,52,60,64,66"
620,16:00,8,8,동탄/용인,1,68
620,16:00,9,9,평택,1,28
621,16:01,1,1,서울역,6,"13,21,33,45,47,50"
621,16:01,10,10,인천공항,1,67
621,16:01,2,2,수서,5,"11,18,31,39,65"
621,16:01,3,3,삼성,2,"7,58"
621,16:01,4,4,여의도,9,"2,4,12,24,38,44,48,51,57"
621,16:01,5,5,김포공항,8,"0,5,6,27,30,46,55,62"
621,16:01,6,6,일산,2,"29,41"
621,16:01,7,7,판교,11,"10,14,16,17,19,42,43,52,60,64,66"
621,16:01,8,8,동탄/용인,1,68
621,16:01,9,9,평택,1,28
622,16:02,1,1,서울역,6,"13,21,33,45,47,50"
622,16:02,10,10,인천공항,1,67
622,16:02,2,2,수서,4,"11,18,39,65"
622,16:02,3,3,삼성,2,"7,58"
622,16:02,4,4,여의도,8,"1,2,4,24,38,44,51,57"
622,16:02,5,5,김포공항,7,"0,5,6,30,46,55,62"
622,16:02,6,6,일산,2,"29,41"
622,16:02,7,7,판교,11,"10,14,16,17,19,42,43,52,60,64,66"
622,16:02,8,8,동탄/용인,1,68
622,16:02,9,9,평택,1,28
623,16:03,1,1,서울역,4,"21,33,47,50"
623,16:03,10,10,인천공항,1,67
623,16:03,2,2,수서,4,"11,18,39,65"
623,16:03,3,3,삼성,1,58
623,16:03,4,4,여의도,9,"1,2,4,24,34,44,51,57,69"
623,16:03,5,5,김포공항,7,"0,5,6,30,46,55,62"
623,16:03,6,6,일산,3,"29,41,63"
623,16:03,7,7,판교,11,"10,14,16,17,19,42,43,52,60,64,66"
623,16:03,8,8,동탄/용인,1,68
623,16:03,9,9,평택,1,28
624,16:04,1,1,서울역,6,"21,33,37,47,50,61"
624,16:04,10,10,인천공항,1,67
624,16:04,2,2,수서,4,"11,18,39,65"
624,16:04,3,3,삼성,2,"58,59"
624,16:04,4,4,여의도,6,"1,4,24,34,57,69"
624,16:04,5,5,김포공항,8,"0,5,6,22,30,46,55,62"
624,16:04,6,6,일산,3,"29,41,63"
624,16:04,7,7,판교,9,"10,16,19,42,43,52,60,64,66"
624,16:04,8,8,동탄/용인,1,68
624,16:04,9,9,평택,1,28
625,16:05,1,1,서울역,6,"21,33,37,47,50,61"
625,16:05,10,10,인천공항,1,67
625,16:05,2,2,수서,2,"11,65"
625,16:05,3,3,삼성,2,"58,59"
625,16:05,4,4,여의도,6,"4,24,34,53,57,69"
625,16:05,5,5,김포공항,8,"0,5,6,22,30,46,55,62"
625,16:05,6,6,일산,3,"29,41,63"
625,16:05,7,7,판교,10,"10,16,19,20,42,43,52,60,64,66"
625,16:05,8,8,동탄/용인,1,68
625,16:05,9,9,평택,1,28
626,16:06,1,1,서울역,8,"32,33,35,37,47,48,50,61"
626,16:06,10,10,인천공항,1,67
626,16:06,2,2,수서,1,65
626,16:06,3,3,삼성,2,"58,59"
626,16:06,4,4,여의도,9,"4,9,24,34,40,53,56,57,69"
626,16:06,5,5,김포공항,8,"0,5,6,15,22,30,46,62"
626,16:06,6,6,일산,3,"29,41,63"
626,16:06,7,7,판교,9,"16,19,20,42,43,52,60,64,66"
626,16:06,8,8,동탄/용인,1,68
626,16:06,9,9,평택,1,28
627,16:07,1,1,서울역,6,"32,35,37,47,48,50"
627,16:07,10,10,인천공항,1,67
627,16:07,2,2,수서,2,"3,65"
627,16:07,3,3,삼성,1,58
627,16:07,4,4,여의도,8,"9,24,34,40,53,56,57,69"
627,16:07,5,5,김포공항,8,"0,5,6,15,22,30,46,62"
627,16:07,6,6,일산,3,"29,41,63"
627,16:07,7,7,판교,9,"16,19,20,42,43,52,60,64,66"
627,16:07,8,8,동탄/용인,1,68
627,16:07,9,9,평택,1,28
628,16:08,1,1,서울역,8,"8,32,35,37,47,48,50,54"
628,16:08,10,10,인천공항,1,67
628,16:08,2,2,수서,2,"3,65"
628,16:08,3,3,삼성,1,58
628,16:08,4,4,여의도,9,"9,24,27,34,36,40,56,57,69"
628,16:08,5,5,김포공항,9,"0,5,6,15,22,25,30,46,62"
628,16:08,6,6,일산,2,"41,49"
628,16:08,7,7,판교,9,"16,19,20,26,42,43,60,64,66"
628,16:08,8,8,동탄/용인,1,68
628,16:08,9,9,평택,1,28
629,16:09,1,1,서울역,5,"8,37,47,50,54"
629,16:09,10,10,인천공항,1,67
629,16:09,2,2,수서,1,3
629,16:09,3,3,삼성,2,"12,58"
629,16:09,4,4,여의도,6,"24,27,34,36,56,57"
629,16:09,5,5,김포공항,6,"0,5,15,22,25,62"
629,16:09,6,6,일산,2,"41,49"
629,16:09,7,7,판교,9,"16,19,20,26,42,43,60,64,66"
629,16:09,8,8,동탄/용인,1,68
629,16:09,9,9,평택,1,28
630,16:10,1,1,서울역,5,"8,37,47,50,54"
630,16:10,10,10,인천공항,1,67
630,16:10,2,2,수서,4,"2,3,13,45"
630,16:10,3,3,삼성,2,"12,58"
630,16:10,4,4,여의도,6,"24,27,34,36,56,57"
630,16:10,5,5,김포공항,5,"5,15,25,31,62"
630,16:10,6,6,일산,2,"41,49"
630,16:10,7,7,판교,10,"16,19,20,26,38,42,43,60,64,66"
630,16:10,8,8,동탄/용인,1,68
631,16:11,1,1,서울역,5,"14,17,37,47,50"
631,16:11,2,2,수서,5,"1,2,3,13,45"
631,16:11,3,3,삼성,3,"12,44,58"
631,16:11,4,4,여의도,4,"34,36,56,57"
631,16:11,5,5,김포공항,5,"5,7,15,25,31"
631,16:11,6,6,일산,2,"41,49"
631,16:11,7,7,판교,10,"16,19,20,26,38,43,51,60,64,66"
631,16:11,8,8,동탄/용인,1,68
632,16:12,1,1,서울역,4,"14,17,37,50"
632,16:12,2,2,수서,5,"1,2,3,13,45"
632,16:12,3,3,삼성,3,"12,44,58"
632,16:12,4,4,여의도,5,"11,34,36,56,57"
632,16:12,5,5,김포공항,5,"5,7,15,25,31"
632,16:12,6,6,일산,2,"41,49"
632,16:12,7,7,판교,10,"16,19,20,26,38,43,51,60,64,66"
632,16:12,8,8,동탄/용인,1,68
633,16:13,1,1,서울역,4,"14,17,40,59"
633,16:13,2,2,수서,6,"1,2,4,13,21,45"
633,16:13,3,3,삼성,3,"12,44,58"
633,16:13,4,4,여의도,6,"10,11,34,36,56,57"
633,16:13,5,5,김포공항,6,"5,7,15,18,25,39"
633,16:13,6,6,일산,2,"41,49"
633,16:13,7,7,판교,10,"19,20,23,26,38,43,51,60,64,66"
633,16:13,8,8,동탄/용인,1,68
634,16:14,1,1,서울역,5,"14,17,40,55,59"
634,16:14,2,2,수서,6,"2,4,13,21,45,53"
634,16:14,3,3,삼성,2,"12,58"
634,16:14,4,4,여의도,5,"10,11,34,36,57"
634,16:14,5,5,김포공항,6,"5,7,15,18,25,39"
634,16:14,6,6,일산,3,"33,41,49"
634,16:14,7,7,판교,10,"19,20,23,26,38,43,51,60,64,66"
634,16:14,8,8,동탄/용인,1,68
635,16:15,1,1,서울역,6,"14,17,40,55,59,63"
635,16:15,2,2,수서,8,"2,4,9,13,21,45,53,69"
635,16:15,3,3,삼성,4,"12,32,35,58"
635,16:15,4,4,여의도,8,"10,11,30,34,36,46,52,57"
635,16:15,5,5,김포공항,7,"5,7,15,18,25,39,61"
635,16:15,6,6,일산,3,"33,41,49"
635,16:15,7,7,판교,10,"19,20,23,26,38,43,51,60,64,66"
635,16:15,8,8,동탄/용인,1,68
636,16:16,1,1,서울역,4,"14,17,55,63"
636,16:16,2,2,수서,7,"4,9,13,21,45,53,69"
636,16:16,3,3,삼성,4,"12,32,35,58"
636,16:16,4,4,여의도,9,"10,11,22,30,34,36,46,52,57"
636,16:16,5,5,김포공항,7,"5,7,15,18,25,39,61"
636,16:16,6,6,일산,3,"33,41,49"
636,16:16,7,7,판교,11,"19,20,23,26,38,43,48,51,60,64,66"
636,16:16,8,8,동탄/용인,1,68
637,16:17,1,1,서울역,3,"17,55,63"
637,16:17,2,2,수서,9,"4,6,9,13,21,24,27,45,69"
637,16:17,3,3,삼성,5,"12,32,35,54,58"
637,16:17,4,4,여의도,7,"10,11,22,30,34,46,52"
637,16:17,5,5,김포공항,7,"5,15,18,25,39,61,65"
637,16:17,6,6,일산,3,"33,41,49"
637,16:17,7,7,판교,9,"19,20,23,26,38,43,48,64,66"
637,16:17,8,8,동탄/용인,1,68
638,16:18,1,1,서울역,3,"17,42,55"
638,16:18,2,2,수서,9,"4,6,9,13,21,24,27,45,69"
638,16:18,3,3,삼성,5,"12,32,35,54,58"
638,16:18,4,4,여의도,4,"10,22,34,52"
638,16:18,5,5,김포공항,7,"5,15,18,25,39,61,65"
638,16:18,6,6,일산,3,"33,41,49"
638,16:18,7,7,판교,9,"19,20,23,26,38,43,48,64,66"
638,16:18,8,8,동탄/용인,1,68
639,16:19,1,1,서울역,4,"17,42,55,62"
639,16:19,2,2,수서,9,"4,6,9,13,21,24,27,45,69"
639,16:19,3,3,삼성,5,"12,32,35,54,58"
639,16:19,4,4,여의도,5,"3,22,31,34,52"
639,16:19,5,5,김포공항,8,"5,8,15,18,25,39,61,65"
639,16:19,6,6,일산,4,"33,41,47,49"
639,16:19,7,7,판교,9,"19,20,23,26,38,43,48,64,66"
639,16:19,8,8,동탄/용인,1,68
640,16:20,1,1,서울역,3,"42,55,62"
640,16:20,2,2,수서,9,"4,6,9,13,21,24,27,45,69"
640,16:20,3,3,삼성,5,"12,32,35,54,58"
640,16:20,4,4,여의도,7,"1,3,16,22,31,34,52"
640,16:20,5,5,김포공항,7,"5,8,18,25,39,61,65"
640,16:20,6,6,일산,4,"37,41,47,50"
640,16:20,7,7,판교,9,"19,20,23,26,29,38,48,64,66"
640,16:20,8,8,동탄/용인,1,68
641,16:21,1,1,서울역,2,"42,62"
641,16:21,2,2,수서,7,"4,6,9,13,21,24,27"
641,16:21,3,3,삼성,5,"12,35,54,56,58"
641,16:21,4,4,여의도,7,"1,3,16,22,31,44,52"
641,16:21,5,5,김포공항,7,"5,8,18,25,39,61,65"
641,16:21,6,6,일산,4,"37,41,47,50"
641,16:21,7,7,판교,9,"19,20,23,26,29,38,48,64,66"
641,16:21,8,8,동탄/용인,1,68
642,16:22,1,1,서울역,1,42
642,16:22,2,2,수서,7,"4,6,9,13,21,24,27"
642,16:22,3,3,삼성,4,"54,56,58,59"
642,16:22,4,4,여의도,6,"1,3,16,22,44,52"
642,16:22,5,5,김포공항,5,"8,18,25,61,65"
642,16:22,6,6,일산,3,"37,47,50"
642,16:22,7,7,판교,9,"19,20,23,26,29,38,48,64,66"
642,16:22,8,8,동탄/용인,1,68
643,16:23,1,1,서울역,2,"2,42"
643,16:23,2,2,수서,8,"4,6,9,13,21,24,27,40"
643,16:23,3,3,삼성,2,"56,59"
643,16:23,4,4,여의도,6,"1,3,16,44,52,67"
643,16:23,5,5,김포공항,5,"8,18,25,61,65"
643,16:23,6,6,일산,2,"47,50"
643,16:23,7,7,판교,8,"20,23,26,29,38,48,64,66"
643,16:23,8,8,동탄/용인,1,68
644,16:24,1,1,서울역,2,"2,53"
644,16:24,2,2,수서,8,"4,6,9,11,13,21,24,40"
644,16:24,3,3,삼성,2,"56,59"
644,16:24,4,4,여의도,7,"1,3,16,44,51,60,67"
644,16:24,5,5,김포공항,4,"8,25,61,65"
644,16:24,6,6,일산,2,"47,50"
644,16:24,7,7,판교,9,"14,20,23,26,29,36,38,64,66"
644,16:24,8,8,동탄/용인,1,68
645,16:25,1,1,서울역,2,"2,53"
645,16:25,2,2,수서,8,"6,7,10,11,13,21,24,40"
645,16:25,3,3,삼성,3,"30,56,59"
645,16:25,4,4,여의도,8,"1,3,16,28,44,51,60,67"
645,16:25,5,5,김포공항,4,"8,25,61,65"
645,16:25,6,6,일산,2,"50,63"
645,16:25,7,7,판교,7,"14,23,26,29,36,38,46"
645,16:25,8,8,동탄/용인,1,68
646,16:26,1,1,서울역,2,"2,53"
646,16:26,2,2,수서,7,"6,7,10,11,13,21,24"
646,16:26,3,3,삼성,4,"17,30,56,59"
646,16:26,4,4,여의도,7,"3,16,28,44,51,60,67"
646,16:26,5,5,김포공항,4,"8,25,61,65"
646,16:26,6,6,일산,2,"50,63"
646,16:26,7,7,판교,7,"14,23,26,29,36,38,46"
646,16:26,8,8,동탄/용인,1,68
647,16:27,1,1,서울역,4,"2,33,43,53"
647,16:27,2,2,수서,8,"6,7,10,11,13,21,24,34"
647,16:27,3,3,삼성,4,"17,30,55,59"
647,16:27,4,4,여의도,7,"3,16,28,45,51,60,67"
647,16:27,5,5,김포공항,3,"8,25,65"
647,16:27,6,6,일산,2,"50,63"
647,16:27,7,7,판교,6,"14,26,29,36,38,46"
647,16:27,8,8,동탄/용인,1,68
647,16:27,9,9,평택,1,0
648,16:28,1,1,서울역,7,"2,12,15,33,43,53,69"
648,16:28,2,2,수서,6,"6,7,11,21,24,34"
648,16:28,3,3,삼성,4,"17,55,59,62"
648,16:28,4,4,여의도,7,"3,16,28,45,51,60,67"
648,16:28,5,5,김포공항,2,"8,65"
648,16:28,6,6,일산,1,63
648,16:28,7,7,판교,6,"14,26,29,36,38,46"
648,16:28,8,8,동탄/용인,1,68
648,16:28,9,9,평택,1,0
649,16:29,1,1,서울역,8,"2,12,15,33,41,43,53,69"
649,16:29,2,2,수서,6,"6,7,11,21,22,34"
649,16:29,3,3,삼성,5,"17,31,55,59,62"
649,16:29,4,4,여의도,8,"3,16,28,35,45,51,60,67"
649,16:29,5,5,김포공항,2,"8,65"
649,16:29,6,6,일산,1,63
649,16:29,7,7,판교,5,"14,26,36,38,46"
649,16:29,8,8,동탄/용인,1,68
649,16:29,9,9,평택,1,0
650,16:30,1,1,서울역,8,"2,12,15,37,39,41,43,69"
650,16:30,2,2,수서,7,"6,7,11,21,22,34,52"
650,16:30,3,3,삼성,7,"5,17,31,49,55,59,62"
650,16:30,4,4,여의도,9,"3,16,19,28,35,45,51,60,67"
650,16:30,5,5,김포공항,2,"8,65"
650,16:30,6,6,일산,1,63
650,16:30,7,7,판교,5,"14,26,36,38,46"
650,16:30,8,8,동탄/용인,1,68
650,16:30,9,9,평택,1,0
651,16:31,1,1,서울역,8,"2,12,27,37,39,41,43,69"
651,16:31,2,2,수서,7,"6,7,11,21,22,34,52"
651,16:31,3,3,삼성,8,"5,10,17,31,49,55,59,62"
651,16:31,4,4,여의도,10,"3,16,19,28,35,45,48,51,60,67"
651,16:31,5,5,김포공항,3,"8,54,58"
651,16:31,6,6,일산,2,"42,63"
651,16:31,7,7,판교,5,"14,26,36,38,46"
651,16:31,9,9,평택,1,0
652,16:32,1,1,서울역,11,"2,12,18,27,37,39,41,43,47,66,69"
652,16:32,2,2,수서,8,"1,6,7,11,21,22,34,52"
652,16:32,3,3,삼성,8,"5,10,17,31,49,55,59,62"
652,16:32,4,4,여의도,11,"3,16,19,20,28,35,45,48,51,60,64"
652,16:32,5,5,김포공항,3,"8,54,58"
652,16:32,6,6,일산,2,"42,63"
652,16:32,7,7,판교,6,"14,26,36,38,40,46"
652,16:32,9,9,평택,2,"0,57"
653,16:33,1,1,서울역,10,"2,12,18,27,39,41,43,47,66,69"
653,16:33,2,2,수서,9,"1,6,7,11,21,22,34,44,52"
653,16:33,3,3,삼성,7,"5,10,31,49,55,59,62"
653,16:33,4,4,여의도,10,"3,16,19,20,28,35,45,48,60,64"
653,16:33,5,5,김포공항,5,"4,8,9,54,58"
653,16:33,6,6,일산,2,"42,63"
653,16:33,7,7,판교,6,"14,26,36,38,40,46"
653,16:33,9,9,평택,2,"0,57"
654,16:34,1,1,서울역,8,"2,18,27,41,43,47,66,69"
654,16:34,2,2,수서,9,"1,6,7,11,21,22,34,44,52"
654,16:34,3,3,삼성,6,"5,31,49,55,59,62"
654,16:34,4,4,여의도,10,"3,19,20,23,28,35,45,48,60,64"
654,16:34,5,5,김포공항,5,"4,8,9,54,58"
654,16:34,6,6,일산,2,"42,63"
654,16:34,7,7,판교,6,"14,26,36,38,40,46"
654,16:34,9,9,평택,2,"0,57"
655,16:35,1,1,서울역,6,"2,27,43,61,66,69"
655,16:35,2,2,수서,9,"1,6,7,11,21,22,34,44,52"
655,16:35,3,3,삼성,6,"5,31,49,55,59,62"
655,16:35,4,4,여의도,11,"3,19,20,23,28,35,45,48,50,60,64"
655,16:35,5,5,김포공항,5,"4,8,9,54,58"
655,16:35,6,6,일산,2,"42,63"
655,16:35,7,7,판교,6,"14,26,30,36,38,46"
655,16:35,9,9,평택,2,"0,57"
656,16:36,1,1,서울역,7,"2,25,27,43,61,66,69"
656,16:36,2,2,수서,8,"1,6,7,11,21,22,34,44"
656,16:36,3,3,삼성,6,"5,31,49,55,59,62"
656,16:36,4,4,여의도,12,"3,19,20,23,28,29,35,45,48,50,60,64"
656,16:36,5,5,김포공항,5,"4,9,13,54,58"
656,16:36,6,6,일산,2,"42,63"
656,16:36,7,7,판교,5,"14,26,30,36,38"
656,16:36,9,9,평택,3,"0,32,57"
657,16:37,1,1,서울역,7,"2,25,43,51,61,66,69"
657,16:37,2,2,수서,9,"1,6,7,11,21,22,33,34,44"
657,16:37,3,3,삼성,6,"5,31,49,55,59,62"
657,16:37,4,4,여의도,11,"3,19,20,23,28,29,35,45,50,60,64"
657,16:37,5,5,김포공항,6,"4,9,13,24,54,58"
657,16:37,6,6,일산,4,"42,53,56,63"
657,16:37,7,7,판교,5,"14,26,30,36,38"
657,16:37,9,9,평택,3,"0,32,57"
658,16:38,1,1,서울역,6,"2,25,43,51,66,69"
658,16:38,2,2,수서,8,"7,11,21,22,33,34,44,67"
658,16:38,3,3,삼성,5,"5,31,49,55,59"
658,16:38,4,4,여의도,11,"3,19,20,23,28,29,35,39,45,60,64"
658,16:38,5,5,김포공항,6,"4,9,13,24,54,58"
658,16:38,6,6,일산,4,"42,53,56,63"
658,16:38,7,7,판교,3,"14,26,38"
658,16:38,9,9,평택,3,"0,32,57"
659,16:39,1,1,서울역,7,"2,17,43,51,65,66,69"
659,16:39,2,2,수서,7,"7,11,21,22,33,34,67"
659,16:39,3,3,삼성,5,"5,31,49,55,59"
659,16:39,4,4,여의도,11,"3,19,20,23,28,29,35,39,45,60,64"
659,16:39,5,5,김포공항,7,"4,9,13,15,24,54,58"
659,16:39,6,6,일산,4,"42,53,56,63"
659,16:39,7,7,판교,2,"14,26"
659,16:39,9,9,평택,3,"0,32,57"
660,16:40,1,1,서울역,6,"2,17,43,65,66,69"
660,16:40,2,2,수서,7,"7,11,21,22,33,34,67"
660,16:40,3,3,삼성,4,"5,12,49,59"
660,16:40,4,4,여의도,8,"19,23,28,29,39,45,60,64"
660,16:40,5,5,김포공항,5,"9,13,15,24,54"
660,16:40,6,6,일산,4,"37,42,53,63"
660,16:40,7,7,판교,2,"14,26"
660,16:40,9,9,평택,3,"0,32,57"
661,16:41,1,1,서울역,6,"2,17,43,65,66,69"
661,16:41,2,2,수서,7,"7,11,21,22,33,34,67"
661,16:41,3,3,삼성,4,"5,12,49,59"
661,16:41,4,4,여의도,8,"10,19,23,28,29,45,60,64"
661,16:41,5,5,김포공항,5,"9,13,15,24,54"
661,16:41,6,6,일산,3,"37,53,63"
661,16:41,7,7,판교,3,"14,16,26"
661,16:41,9,9,평택,2,"0,32"
662,16:42,1,1,서울역,5,"2,17,43,66,69"
662,16:42,2,2,수서,7,"7,11,21,22,33,34,67"
662,16:42,3,3,삼성,3,"5,12,49"
662,16:42,4,4,여의도,10,"10,19,23,28,29,40,45,52,60,64"
662,16:42,5,5,김포공항,3,"13,15,24"
662,16:42,6,6,일산,5,"37,41,47,53,63"
662,16:42,7,7,판교,3,"14,16,26"
662,16:42,9,9,평택,2,"0,32"
663,16:43,1,1,서울역,5,"2,17,46,66,69"
663,16:43,2,2,수서,7,"7,21,33,34,48,55,67"
663,16:43,3,3,삼성,4,"5,12,27,49"
663,16:43,4,4,여의도,8,"10,23,28,29,40,45,52,60"
663,16:43,5,5,김포공항,3,"13,15,18"
663,16:43,6,6,일산,4,"41,47,53,63"
663,16:43,7,7,판교,3,"14,16,26"
663,16:43,9,9,평택,2,"0,32"
664,16:44,1,1,서울역,3,"17,46,66"
664,16:44,2,2,수서,8,"7,21,33,34,48,50,55,67"
664,16:44,3,3,삼성,4,"5,12,27,49"
664,16:44,4,4,여의도,9,"1,10,23,28,29,40,45,52,60"
664,16:44,5,5,김포공항,3,"13,15,18"
664,16:44,6,6,일산,2,"41,47"
664,16:44,7,7,판교,2,"16,26"
664,16:44,9,9,평택,2,"0,32"
665,16:45,1,1,서울역,4,"17,30,46,66"
665,16:45,2,2,수서,6,"7,33,34,48,50,55"
665,16:45,3,3,삼성,4,"5,12,27,49"
665,16:45,4,4,여의도,9,"1,10,23,29,36,40,44,45,60"
665,16:45,5,5,김포공항,3,"13,15,18"
665,16:45,6,6,일산,1,41
665,16:45,7,7,판교,1,16
665,16:45,9,9,평택,2,"0,32"
666,16:46,1,1,서울역,3,"30,46,66"
666,16:46,10,10,인천공항,1,8
666,16:46,2,2,수서,5,"3,7,33,34,50"
666,16:46,3,3,삼성,5,"5,12,27,49,51"
666,16:46,4,4,여의도,10,"1,10,23,29,36,38,40,44,45,60"
666,16:46,5,5,김포공항,5,"6,13,15,61,62"
666,16:46,6,6,일산,1,41
666,16:46,7,7,판교,1,16
666,16:46,9,9,평택,2,"0,32"
667,16:47,1,1,서울역,3,"30,46,66"
667,16:47,10,10,인천공항,1,8
667,16:47,2,2,수서,5,"3,7,33,34,50"
667,16:47,3,3,삼성,5,"5,12,27,49,51"
667,16:47,4,4,여의도,9,"1,23,29,36,38,40,44,45,60"
667,16:47,5,5,김포공항,6,"6,13,15,25,61,62"
667,16:47,6,6,일산,1,41
667,16:47,7,7,판교,3,"20,31,35"
667,16:47,9,9,평택,2,"0,32"
668,16:48,1,1,서울역,4,"30,46,58,66"
668,16:48,10,10,인천공항,1,8
668,16:48,2,2,수서,6,"3,4,7,33,34,50"
668,16:48,3,3,삼성,4,"12,27,49,51"
668,16:48,4,4,여의도,9,"1,23,29,36,38,40,44,45,60"
668,16:48,5,5,김포공항,6,"6,13,15,25,61,62"
668,16:48,6,6,일산,2,"41,68"
668,16:48,7,7,판교,3,"20,31,35"
668,16:48,9,9,평택,2,"0,32"
669,16:49,1,1,서울역,5,"30,46,52,58,66"
669,16:49,10,10,인천공항,1,8
669,16:49,2,2,수서,7,"3,4,7,19,33,34,50"
669,16:49,3,3,삼성,2,"12,27"
669,16:49,4,4,여의도,9,"1,23,29,36,38,40,44,59,60"
669,16:49,5,5,김포공항,5,"6,13,15,25,62"
669,16:49,6,6,일산,2,"41,68"
669,16:49,7,7,판교,3,"20,31,35"
669,16:49,9,9,평택,2,"0,32"
670,16:50,1,1,서울역,7,"11,30,37,46,52,58,66"
670,16:50,10,10,인천공항,1,8
670,16:50,2,2,수서,6,"3,4,7,19,34,50"
670,16:50,3,3,삼성,5,"9,12,27,54,56"
670,16:50,4,4,여의도,9,"1,23,29,36,38,40,44,59,60"
670,16:50,5,5,김포공항,5,"6,15,25,62,65"
670,16:50,6,6,일산,2,"41,68"
670,16:50,7,7,판교,2,"20,31"
670,16:50,9,9,평택,2,"0,32"
671,16:51,1,1,서울역,7,"11,37,46,52,53,63,66"
671,16:51,10,10,인천공항,1,8
671,16:51,2,2,수서,6,"3,7,19,34,50,69"
671,16:51,3,3,삼성,7,"9,12,24,27,42,54,56"
671,16:51,4,4,여의도,10,"1,14,21,23,29,36,38,59,60,67"
671,16:51,5,5,김포공항,7,"6,15,22,25,43,62,65"
671,16:51,6,6,일산,3,"2,41,68"
671,16:51,7,7,판교,2,"20,31"
671,16:51,9,9,평택,1,0
672,16:52,1,1,서울역,7,"11,26,37,47,53,63,66"
672,16:52,10,10,인천공항,1,8
672,16:52,2,2,수서,6,"3,7,19,34,50,69"
672,16:52,3,3,삼성,7,"9,17,24,27,42,54,56"
672,16:52,4,4,여의도,11,"1,14,18,21,23,29,36,48,59,60,67"
672,16:52,5,5,김포공항,7,"6,15,22,25,43,62,65"
672,16:52,6,6,일산,3,"2,41,68"
672,16:52,7,7,판교,3,"20,28,31"
672,16:52,9,9,평택,1,0
673,16:53,1,1,서울역,6,"11,26,47,53,63,66"
673,16:53,10,10,인천공항,2,"8,39"
673,16:53,2,2,수서,6,"3,7,19,34,50,69"
673,16:53,3,3,삼성,5,"17,24,27,42,54"
673,16:53,4,4,여의도,11,"1,14,18,21,23,29,36,48,59,60,67"
673,16:53,5,5,김포공항,7,"6,15,22,25,43,62,65"
673,16:53,6,6,일산,3,"2,41,68"
673,16:53,7,7,판교,2,"20,28"
673,16:53,9,9,평택,1,0
674,16:54,1,1,서울역,4,"11,26,47,66"
674,16:54,10,10,인천공항,2,"8,39"
674,16:54,2,2,수서,6,"3,7,19,34,50,69"
674,16:54,3,3,삼성,5,"17,24,27,42,54"
674,16:54,4,4,여의도,9,"1,14,16,18,21,29,36,48,59"
674,16:54,5,5,김포공항,8,"6,15,22,25,43,55,62,65"
674,16:54,6,6,일산,3,"2,41,68"
674,16:54,7,7,판교,3,"10,20,28"
674,16:54,9,9,평택,1,0
675,16:55,1,1,서울역,5,"11,26,49,51,66"
675,16:55,10,10,인천공항,2,"8,39"
675,16:55,2,2,수서,5,"3,7,45,50,69"
675,16:55,3,3,삼성,5,"17,24,27,42,54"
675,16:55,4,4,여의도,8,"1,14,16,21,29,36,48,59"
675,16:55,5,5,김포공항,8,"6,15,22,25,43,55,62,65"
675,16:55,6,6,일산,3,"2,41,68"
675,16:55,7,7,판교,3,"10,20,28"
675,16:55,9,9,평택,1,0
676,16:56,1,1,서울역,4,"26,49,51,66"
676,16:56,10,10,인천공항,2,"8,39"
676,16:56,2,2,수서,5,"3,7,45,50,69"
676,16:56,3,3,삼성,5,"17,24,27,42,57"
676,16:56,4,4,여의도,10,"1,13,14,16,21,29,33,36,48,59"
676,16:56,5,5,김포공항,9,"5,6,15,22,25,43,55,62,65"
676,16:56,6,6,일산,3,"2,41,68"
676,16:56,7,7,판교,3,"10,20,28"
676,16:56,9,9,평택,1,0
677,16:57,1,1,서울역,4,"26,49,51,66"
677,16:57,10,10,인천공항,2,"8,39"
677,16:57,2,2,수서,6,"3,7,40,44,45,50"
677,16:57,3,3,삼성,6,"17,27,30,42,57,61"
677,16:57,4,4,여의도,11,"1,13,14,16,21,29,33,35,36,48,59"
677,16:57,5,5,김포공항,9,"5,6,15,22,25,43,55,62,65"
677,16:57,6,6,일산,3,"2,41,68"
677,16:57,7,7,판교,3,"10,20,28"
677,16:57,9,9,평택,1,0
678,16:58,1,1,서울역,5,"26,49,60,66,67"
678,16:58,10,10,인천공항,2,"8,39"
678,16:58,2,2,수서,6,"7,38,40,44,45,50"
678,16:58,3,3,삼성,7,"17,27,30,42,52,57,61"
678,16:58,4,4,여의도,10,"1,13,14,16,21,29,33,35,36,59"
678,16:58,5,5,김포공항,9,"5,6,15,22,25,43,55,62,65"
678,16:58,6,6,일산,3,"2,41,68"
678,16:58,7,7,판교,3,"10,20,28"
678,16:58,9,9,평택,2,"0,64"
679,16:59,1,1,서울역,6,"9,26,49,60,66,67"
679,16:59,10,10,인천공항,2,"8,39"
679,16:59,2,2,수서,6,"7,38,40,44,45,50"
679,16:59,3,3,삼성,7,"17,27,30,42,52,57,61"
679,16:59,4,4,여의도,8,"1,14,16,21,33,35,36,59"
679,16:59,5,5,김포공항,11,"4,5,6,15,22,25,43,55,58,62,65"
679,16:59,6,6,일산,4,"2,41,46,68"
679,16:59,7,7,판교,3,"10,20,28"
679,16:59,9,9,평택,2,"0,64"
680,17:00,1,1,서울역,6,"9,26,49,60,66,67"
680,17:00,10,10,인천공항,2,"8,39"
680,17:00,2,2,수서,6,"7,23,38,40,44,50"
680,17:00,3,3,삼성,4,"30,42,52,57"
680,17:00,4,4,여의도,9,"1,14,16,21,31,33,35,36,59"
680,17:00,5,5,김포공항,11,"4,5,6,12,15,22,25,43,58,62,65"
680,17:00,6,6,일산,3,"2,37,46"
680,17:00,7,7,판교,3,"10,20,28"
680,17:00,9,9,평택,2,"0,64"
681,17:01,1,1,서울역,5,"9,26,49,60,66"
681,17:01,10,10,인천공항,2,"8,39"
681,17:01,2,2,수서,7,"7,18,23,40,44,50,63"
681,17:01,3,3,삼성,4,"30,42,52,57"
681,17:01,4,4,여의도,11,"1,14,16,19,21,31,33,34,35,36,59"
681,17:01,5,5,김포공항,7,"4,6,12,43,58,62,65"
681,17:01,6,6,일산,4,"2,37,46,53"
681,17:01,7,7,판교,2,"20,28"
681,17:01,9,9,평택,2,"0,64"
682,17:02,1,1,서울역,3,"26,49,60"
682,17:02,10,10,인천공항,2,"8,39"
682,17:02,2,2,수서,6,"18,23,40,44,50,63"
682,17:02,3,3,삼성,4,"30,42,52,57"
682,17:02,4,4,여의도,10,"1,14,16,19,21,31,34,35,36,59"
682,17:02,5,5,김포공항,6,"6,12,43,58,62,65"
682,17:02,6,6,일산,5,"2,37,46,47,53"
682,17:02,7,7,판교,2,"20,28"
682,17:02,9,9,평택,2,"0,64"
683,17:03,1,1,서울역,2,"49,60"
683,17:03,10,10,인천공항,1,39
683,17:03,2,2,수서,6,"11,18,23,40,50,63"
683,17:03,3,3,삼성,5,"30,42,45,52,57"
683,17:03,4,4,여의도,10,"1,14,16,19,31,34,35,36,59,69"
683,17:03,5,5,김포공항,5,"6,12,43,58,62"
683,17:03,6,6,일산,5,"2,46,47,53,56"
683,17:03,7,7,판교,2,"20,28"
683,17:03,9,9,평택,2,"0,64"
684,17:04,1,1,서울역,1,49
684,17:04,10,10,인천공항,1,39
684,17:04,2,2,수서,7,"11,18,23,40,48,50,63"
684,17:04,3,3,삼성,5,"30,42,45,51,57"
684,17:04,4,4,여의도,9,"1,14,16,31,34,35,36,59,69"
684,17:04,5,5,김포공항,5,"6,12,43,58,62"
684,17:04,6,6,일산,4,"46,47,53,56"
684,17:04,9,9,평택,2,"0,64"
685,17:05,1,1,서울역,1,49
685,17:05,10,10,인천공항,1,39
685,17:05,2,2,수서,6,"11,23,29,40,48,50"
685,17:05,3,3,삼성,5,"30,42,45,51,57"
685,17:05,4,4,여의도,9,"1,14,16,31,34,35,36,59,69"
685,17:05,5,5,김포공항,5,"12,24,43,58,62"
685,17:05,6,6,일산,4,"46,47,53,56"
685,17:05,9,9,평택,2,"0,64"
686,17:06,1,1,서울역,3,"17,27,49"
686,17:06,10,10,인천공항,1,39
686,17:06,2,2,수서,5,"11,23,29,48,50"
686,17:06,3,3,삼성,4,"13,30,45,51"
686,17:06,4,4,여의도,11,"1,14,16,31,32,34,35,36,55,59,69"
686,17:06,5,5,김포공항,5,"3,24,43,58,62"
686,17:06,6,6,일산,4,"46,47,53,56"
686,17:06,9,9,평택,2,"0,64"
687,17:07,1,1,서울역,5,"17,27,41,49,68"
687,17:07,10,10,인천공항,1,39
687,17:07,2,2,수서,4,"11,23,29,48"
687,17:07,3,3,삼성,4,"13,30,45,51"
687,17:07,4,4,여의도,10,"14,16,31,32,35,36,38,55,59,69"
687,17:07,5,5,김포공항,5,"3,24,43,58,62"
687,17:07,6,6,일산,4,"46,47,53,56"
687,17:07,9,9,평택,1,0
688,17:08,1,1,서울역,5,"17,27,41,49,68"
688,17:08,10,10,인천공항,1,39
688,17:08,2,2,수서,5,"11,23,29,33,48"
688,17:08,3,3,삼성,5,"9,13,45,51,63"
688,17:08,4,4,여의도,11,"10,14,16,31,32,35,36,38,55,59,69"
688,17:08,5,5,김포공항,5,"3,24,58,61,62"
688,17:08,6,6,일산,3,"46,53,56"
688,17:08,9,9,평택,1,0
689,17:09,1,1,서울역,4,"25,41,49,68"
689,17:09,10,10,인천공항,1,39
689,17:09,2,2,수서,6,"15,22,23,29,33,48"
689,17:09,3,3,삼성,6,"5,9,13,45,51,63"
689,17:09,4,4,여의도,9,"10,16,32,35,38,44,55,59,69"
689,17:09,5,5,김포공항,6,"3,24,58,61,62,67"
689,17:09,6,6,일산,3,"46,53,66"
689,17:09,9,9,평택,1,0
690,17:10,1,1,서울역,4,"25,37,49,52"
690,17:10,10,10,인천공항,1,39
690,17:10,2,2,수서,6,"15,22,23,29,33,48"
690,17:10,3,3,삼성,7,"4,5,9,13,21,45,63"
690,17:10,4,4,여의도,9,"10,16,32,35,38,44,55,59,69"
690,17:10,5,5,김포공항,7,"3,7,24,58,61,62,67"
690,17:10,6,6,일산,3,"46,53,66"
690,17:10,9,9,평택,1,0
691,17:11,1,1,서울역,6,"2,25,37,49,52,65"
691,17:11,10,10,인천공항,1,39
691,17:11,2,2,수서,6,"15,22,23,29,33,48"
691,17:11,3,3,삼성,6,"4,5,9,13,21,45"
691,17:11,4,4,여의도,10,"16,20,28,32,35,38,44,55,59,69"
691,17:11,5,5,김포공항,7,"3,7,24,26,58,62,67"
691,17:11,6,6,일산,3,"46,53,66"
691,17:11,7,7,판교,1,19
691,17:11,9,9,평택,2,"0,54"
692,17:12,1,1,서울역,6,"2,18,37,49,52,65"
692,17:12,10,10,인천공항,1,39
692,17:12,2,2,수서,5,"15,22,29,33,48"
692,17:12,3,3,삼성,5,"4,5,9,13,21"
692,17:12,4,4,여의도,8,"16,20,28,35,38,44,59,69"
692,17:12,5,5,김포공항,8,"3,7,24,26,58,60,62,67"
692,17:12,6,6,일산,3,"46,53,66"
692,17:12,7,7,판교,1,19
692,17:12,9,9,평택,2,"0,54"
693,17:13,1,1,서울역,5,"2,18,40,52,65"
693,17:13,10,10,인천공항,1,39
693,17:13,2,2,수서,5,"15,22,29,33,34"
693,17:13,3,3,삼성,5,"5,6,9,13,21"
693,17:13,4,4,여의도,10,"16,20,28,35,38,42,44,50,59,69"
693,17:13,5,5,김포공항,7,"3,7,24,26,60,62,67"
693,17:13,6,6,일산,2,"53,66"
693,17:13,7,7,판교,1,19
693,17:13,9,9,평택,1,54
694,17:14,1,1,서울역,4,"2,18,40,52"
694,17:14,10,10,인천공항,1,39
694,17:14,2,2,수서,5,"15,22,29,34,63"
694,17:14,3,3,삼성,6,"1,5,6,12,13,21"
694,17:14,4,4,여의도,10,"16,20,28,35,38,42,44,50,59,69"
694,17:14,5,5,김포공항,8,"3,7,24,26,57,60,62,67"
694,17:14,6,6,일산,2,"53,66"
694,17:14,9,9,평택,1,54
695,17:15,1,1,서울역,4,"2,40,47,52"
695,17:15,10,10,인천공항,1,39
695,17:15,2,2,수서,7,"14,22,29,31,34,36,63"
695,17:15,3,3,삼성,7,"1,6,12,13,17,21,27"
695,17:15,4,4,여의도,10,"8,20,28,35,38,42,44,50,59,69"
695,17:15,5,5,김포공항,8,"3,7,24,26,57,60,62,67"
695,17:15,6,6,일산,2,"53,66"
695,17:15,9,9,평택,1,54
696,17:16,1,1,서울역,7,"2,11,40,43,47,51,56"
696,17:16,10,10,인천공항,1,39
696,17:16,2,2,수서,7,"14,22,29,31,34,36,63"
696,17:16,3,3,삼성,6,"1,6,12,13,17,27"
696,17:16,4,4,여의도,9,"8,20,28,35,42,44,50,59,69"
696,17:16,5,5,김포공항,7,"3,7,24,26,57,60,67"
696,17:16,6,6,일산,2,"53,66"
696,17:16,9,9,평택,1,54
697,17:17,1,1,서울역,6,"11,40,43,47,51,56"
697,17:17,10,10,인천공항,1,39
697,17:17,2,2,수서,6,"14,22,29,31,34,36"
697,17:17,3,3,삼성,6,"1,6,12,13,17,27"
697,17:17,4,4,여의도,7,"8,28,42,44,50,59,69"
697,17:17,5,5,김포공항,7,"3,7,24,26,57,60,67"
697,17:17,6,6,일산,2,"53,66"
697,17:17,7,7,판교,1,68
697,17:17,9,9,평택,1,54
698,17:18,1,1,서울역,6,"11,40,43,47,51,56"
698,17:18,2,2,수서,7,"14,22,29,31,32,34,36"
698,17:18,3,3,삼성,7,"1,6,10,12,13,17,27"
698,17:18,4,4,여의도,7,"8,28,42,44,50,59,69"
698,17:18,5,5,김포공항,8,"3,7,24,26,41,57,60,67"
698,17:18,6,6,일산,1,53
698,17:18,7,7,판교,1,68
698,17:18,9,9,평택,1,54
699,17:19,1,1,서울역,6,"11,23,40,47,51,56"
699,17:19,2,2,수서,7,"14,22,29,31,32,34,36"
699,17:19,3,3,삼성,8,"1,10,12,13,17,27,55,61"
699,17:19,4,4,여의도,6,"8,28,42,50,59,69"
699,17:19,5,5,김포공항,7,"3,7,26,41,57,60,67"
699,17:19,6,6,일산,1,53
699,17:19,7,7,판교,1,68
699,17:19,9,9,평택,1,54
700,17:20,1,1,서울역,8,"9,11,23,40,47,48,51,56"
700,17:20,2,2,수서,7,"14,22,29,31,32,34,36"
700,17:20,3,3,삼성,6,"10,12,17,27,55,61"
700,17:20,4,4,여의도,7,"8,28,33,42,50,59,69"
700,17:20,5,5,김포공항,5,"3,25,26,41,67"
700,17:20,6,6,일산,1,53
700,17:20,7,7,판교,2,"49,68"
700,17:20,9,9,평택,1,54
701,17:21,1,1,서울역,7,"9,11,23,40,48,51,56"
701,17:21,2,2,수서,7,"14,16,22,29,34,36,58"
701,17:21,3,3,삼성,3,"12,55,61"
701,17:21,4,4,여의도,6,"19,28,33,42,50,69"
701,17:21,5,5,김포공항,6,"3,4,25,26,37,67"
701,17:21,6,6,일산,1,53
701,17:21,7,7,판교,2,"49,68"
701,17:21,9,9,평택,1,54
702,17:22,1,1,서울역,6,"9,21,23,48,51,56"
702,17:22,2,2,수서,9,"14,16,18,22,29,34,36,38,58"
702,17:22,3,3,삼성,2,"52,55"
702,17:22,4,4,여의도,6,"19,28,33,42,50,64"
702,17:22,5,5,김포공항,7,"3,4,25,26,37,65,67"
702,17:22,6,6,일산,1,53
702,17:22,7,7,판교,2,"49,68"
702,17:22,9,9,평택,1,54
703,17:23,1,1,서울역,6,"9,21,23,48,51,56"
703,17:23,10,10,인천공항,1,30
703,17:23,2,2,수서,9,"14,16,18,22,29,34,36,38,58"
703,17:23,3,3,삼성,2,"52,55"
703,17:23,4,4,여의도,5,"19,42,50,63,64"
703,17:23,5,5,김포공항,7,"3,4,5,15,37,65,67"
703,17:23,6,6,일산,1,53
703,17:23,7,7,판교,2,"49,68"
703,17:23,9,9,평택,1,54
704,17:24,1,1,서울역,7,"9,21,23,48,51,56,62"
704,17:24,10,10,인천공항,1,30
704,17:24,2,2,수서,9,"14,16,18,22,29,34,36,38,58"
704,17:24,3,3,삼성,4,"20,35,52,55"
704,17:24,4,4,여의도,4,"19,42,63,64"
704,17:24,5,5,김포공항,7,"3,4,5,15,37,65,67"
704,17:24,6,6,일산,2,"2,53"
704,17:24,7,7,판교,2,"49,68"
704,17:24,9,9,평택,1,54
705,17:25,1,1,서울역,7,"9,21,23,48,51,62,66"
705,17:25,10,10,인천공항,1,30
705,17:25,2,2,수서,8,"14,16,18,22,29,36,38,58"
705,17:25,3,3,삼성,4,"20,35,52,55"
705,17:25,4,4,여의도,4,"19,42,63,64"
705,17:25,5,5,김포공항,6,"4,5,15,37,65,67"
705,17:25,6,6,일산,1,2
705,17:25,7,7,판교,3,"46,49,68"
705,17:25,9,9,평택,1,54
706,17:26,1,1,서울역,5,"1,21,23,62,66"
706,17:26,10,10,인천공항,1,30
706,17:26,2,2,수서,6,"16,18,22,36,38,58"
706,17:26,3,3,삼성,4,"20,35,52,55"
706,17:26,4,4,여의도,4,"19,42,63,64"
706,17:26,5,5,김포공항,5,"5,15,37,65,67"
706,17:26,6,6,일산,1,2
706,17:26,7,7,판교,3,"44,46,68"
706,17:26,9,9,평택,1,54
707,17:27,1,1,서울역,6,"1,17,21,23,27,66"
707,17:27,10,10,인천공항,2,"30,45"
707,17:27,2,2,수서,7,"8,18,22,36,38,58,59"
707,17:27,3,3,삼성,5,"20,24,35,52,55"
707,17:27,4,4,여의도,6,"13,19,31,32,63,64"
707,17:27,5,5,김포공항,6,"5,6,15,43,65,67"
707,17:27,6,6,일산,1,2
707,17:27,7,7,판교,3,"44,46,68"
707,17:27,9,9,평택,1,54
708,17:28,1,1,서울역,6,"1,17,21,27,57,60"
708,17:28,10,10,인천공항,2,"30,45"
708,17:28,2,2,수서,6,"7,8,22,36,58,59"
708,17:28,3,3,삼성,4,"20,24,35,52"
708,17:28,4,4,여의도,8,"0,10,13,19,31,32,63,64"
708,17:28,5,5,김포공항,6,"5,6,15,43,65,67"
708,17:28,6,6,일산,1,2
708,17:28,7,7,판교,3,"44,46,47"
708,17:28,9,9,평택,1,54
709,17:29,1,1,서울역,5,"1,17,27,57,60"
709,17:29,10,10,인천공항,2,"30,45"
709,17:29,2,2,수서,9,"7,8,11,22,33,36,40,58,59"
709,17:29,3,3,삼성,5,"20,24,35,41,52"
709,17:29,4,4,여의도,8,"0,10,13,19,31,32,63,64"
709,17:29,5,5,김포공항,6,"5,6,15,43,65,67"
709,17:29,6,6,일산,1,2
709,17:29,7,7,판교,4,"44,46,47,69"
709,17:29,9,9,평택,1,54
710,17:30,1,1,서울역,5,"1,17,27,57,60"
710,17:30,10,10,인천공항,2,"30,45"
710,17:30,2,2,수서,9,"7,8,11,33,36,40,50,58,59"
710,17:30,3,3,삼성,4,"20,24,41,52"
710,17:30,4,4,여의도,5,"0,10,13,63,64"
710,17:30,5,5,김포공항,6,"5,6,12,15,43,65"
710,17:30,6,6,일산,1,2
710,17:30,7,7,판교,5,"28,44,46,47,69"
710,17:30,9,9,평택,1,54
711,17:31,1,1,서울역,4,"1,17,27,60"
711,17:31,10,10,인천공항,2,"30,45"
711,17:31,2,2,수서,9,"7,8,11,33,36,40,50,58,59"
711,17:31,3,3,삼성,5,"20,24,25,26,41"
711,17:31,4,4,여의도,6,"0,13,34,62,63,64"
711,17:31,5,5,김포공항,5,"5,6,12,15,43"
711,17:31,6,6,일산,1,2
711,17:31,7,7,판교,5,"28,44,46,47,69"
711,17:31,9,9,평택,1,54
712,17:32,1,1,서울역,4,"17,27,53,60"
712,17:32,10,10,인천공항,2,"30,45"
712,17:32,2,2,수서,9,"7,8,11,33,36,40,50,58,59"
712,17:32,3,3,삼성,5,"20,24,25,26,41"
712,17:32,4,4,여의도,5,"0,13,29,34,62"
712,17:32,5,5,김포공항,4,"6,12,15,43"
712,17:32,6,6,일산,1,2
712,17:32,7,7,판교,4,"28,46,47,69"
712,17:32,9,9,평택,1,54
713,17:33,1,1,서울역,3,"14,53,60"
713,17:33,10,10,인천공항,2,"30,45"
713,17:33,2,2,수서,9,"7,11,33,36,40,48,50,58,59"
713,17:33,3,3,삼성,6,"3,20,25,26,39,41"
713,17:33,4,4,여의도,6,"0,13,29,34,49,62"
713,17:33,5,5,김포공항,4,"6,12,15,43"
713,17:33,6,6,일산,1,2
713,17:33,7,7,판교,4,"28,46,47,69"
713,17:33,9,9,평택,1,54
714,17:34,1,1,서울역,3,"14,16,53"
714,17:34,10,10,인천공항,2,"30,45"
714,17:34,2,2,수서,8,"11,33,36,40,48,50,58,59"
714,17:34,3,3,삼성,7,"3,4,20,26,39,41,66"
714,17:34,4,4,여의도,6,"0,13,18,29,34,49"
714,17:34,5,5,김포공항,5,"6,9,12,43,51"
714,17:34,6,6,일산,1,2
714,17:34,7,7,판교,5,"28,42,46,47,69"
714,17:34,9,9,평택,1,54
715,17:35,1,1,서울역,3,"14,16,53"
715,17:35,10,10,인천공항,2,"30,45"
715,17:35,2,2,수서,6,"37,40,48,50,58,59"
715,17:35,3,3,삼성,7,"3,4,20,21,26,39,66"
715,17:35,4,4,여의도,8,"0,13,18,29,34,49,55,68"
715,17:35,5,5,김포공항,5,"6,9,12,43,51"
715,17:35,6,6,일산,1,2
715,17:35,7,7,판교,5,"28,42,46,47,69"
715,17:35,9,9,평택,1,54
716,17:36,1,1,서울역,4,"14,16,35,53"
716,17:36,10,10,인천공항,2,"30,45"
716,17:36,2,2,수서,8,"19,31,32,37,40,48,58,59"
716,17:36,3,3,삼성,7,"3,4,20,21,26,39,66"
716,17:36,4,4,여의도,8,"13,18,22,29,34,49,55,68"
716,17:36,5,5,김포공항,4,"6,9,12,51"
716,17:36,6,6,일산,1,2
716,17:36,7,7,판교,5,"28,42,46,47,69"
716,17:36,9,9,평택,1,54
717,17:37,1,1,서울역,4,"14,16,35,53"
717,17:37,10,10,인천공항,3,"30,45,61"
717,17:37,2,2,수서,9,"10,19,31,32,37,40,48,58,59"
717,17:37,3,3,삼성,5,"3,4,20,21,39"
717,17:37,4,4,여의도,7,"13,18,22,29,49,55,68"
717,17:37,5,5,김포공항,4,"6,9,12,51"
717,17:37,6,6,일산,1,2
717,17:37,7,7,판교,5,"28,42,46,47,69"
717,17:37,9,9,평택,1,54
718,17:38,1,1,서울역,5,"14,16,35,53,67"
718,17:38,10,10,인천공항,4,"30,45,56,61"
718,17:38,2,2,수서,8,"10,19,31,32,37,48,58,59"
718,17:38,3,3,삼성,5,"3,4,20,21,39"
718,17:38,4,4,여의도,8,"13,18,22,29,49,52,55,68"
718,17:38,5,5,김포공항,4,"6,9,12,51"
718,17:38,6,6,일산,1,2
718,17:38,7,7,판교,5,"28,42,46,47,69"
718,17:38,8,8,동탄/용인,1,38
718,17:38,9,9,평택,1,54
719,17:39,1,1,서울역,5,"14,16,35,53,67"
719,17:39,10,10,인천공항,4,"30,45,56,61"
719,17:39,2,2,수서,7,"10,19,32,37,48,58,59"
719,17:39,3,3,삼성,7,"4,20,21,27,39,63,64"
719,17:39,4,4,여의도,10,"8,13,18,22,29,44,49,52,55,68"
719,17:39,5,5,김포공항,5,"6,9,12,51,57"
719,17:39,6,6,일산,1,2
719,17:39,7,7,판교,6,"1,28,42,46,47,69"
719,17:39,8,8,동탄/용인,1,38
719,17:39,9,9,평택,1,54
720,17:40,1,1,서울역,4,"14,35,53,67"
720,17:40,10,10,인천공항,4,"30,45,56,61"
720,17:40,2,2,수서,5,"19,32,37,48,58"
720,17:40,3,3,삼성,7,"4,5,21,27,39,63,64"
720,17:40,4,4,여의도,11,"8,13,18,22,24,29,44,49,52,55,68"
720,17:40,5,5,김포공항,4,"9,12,51,57"
720,17:40,6,6,일산,1,2
720,17:40,7,7,판교,2,"1,17"
720,17:40,8,8,동탄/용인,1,38
720,17:40,9,9,평택,1,54
721,17:41,1,1,서울역,4,"14,35,53,67"
721,17:41,10,10,인천공항,5,"23,30,45,61,65"
721,17:41,2,2,수서,5,"19,32,37,48,58"
721,17:41,3,3,삼성,7,"4,5,21,27,39,63,64"
721,17:41,4,4,여의도,13,"8,13,18,22,24,29,33,36,44,49,52,55,68"
721,17:41,5,5,김포공항,4,"9,12,51,57"
721,17:41,6,6,일산,1,2
721,17:41,7,7,판교,3,"1,17,62"
721,17:41,9,9,평택,1,54
722,17:42,1,1,서울역,4,"11,14,53,67"
722,17:42,10,10,인천공항,5,"23,30,45,61,65"
722,17:42,2,2,수서,5,"0,19,37,48,58"
722,17:42,3,3,삼성,6,"5,15,21,27,63,64"
722,17:42,4,4,여의도,11,"13,18,22,24,33,36,49,50,52,55,68"
722,17:42,5,5,김포공항,6,"7,9,12,51,57,60"
722,17:42,6,6,일산,1,2
722,17:42,7,7,판교,3,"1,17,62"
722,17:42,9,9,평택,1,54
723,17:43,1,1,서울역,2,"11,67"
723,17:43,10,10,인천공항,4,"23,30,61,65"
723,17:43,2,2,수서,4,"0,19,37,58"
723,17:43,3,3,삼성,7,"5,15,21,27,59,63,64"
723,17:43,4,4,여의도,11,"13,18,22,24,33,36,49,50,52,55,68"
723,17:43,5,5,김포공항,6,"7,9,12,51,57,60"
723,17:43,6,6,일산,1,2
723,17:43,7,7,판교,3,"1,17,62"
723,17:43,9,9,평택,1,54
724,17:44,1,1,서울역,2,"11,43"
724,17:44,10,10,인천공항,4,"23,30,61,65"
724,17:44,2,2,수서,4,"0,19,37,58"
724,17:44,3,3,삼성,7,"5,15,21,27,59,63,64"
724,17:44,4,4,여의도,9,"22,24,33,36,49,50,52,55,66"
724,17:44,5,5,김포공항,5,"7,9,12,57,60"
724,17:44,6,6,일산,2,"2,25"
724,17:44,7,7,판교,4,"1,17,34,62"
724,17:44,9,9,평택,1,54
725,17:45,1,1,서울역,3,"11,40,43"
725,17:45,10,10,인천공항,4,"23,30,61,65"
725,17:45,2,2,수서,3,"0,19,37"
725,17:45,3,3,삼성,4,"5,15,21,59"
725,17:45,4,4,여의도,9,"22,24,31,33,36,50,52,55,66"
725,17:45,5,5,김포공항,2,"7,60"
725,17:45,6,6,일산,2,"2,25"
725,17:45,7,7,판교,4,"1,17,34,62"
725,17:45,9,9,평택,1,54
726,17:46,1,1,서울역,3,"11,40,43"
726,17:46,10,10,인천공항,3,"23,61,65"
726,17:46,2,2,수서,5,"0,19,37,42,46"
726,17:46,3,3,삼성,3,"5,15,16"
726,17:46,4,4,여의도,10,"10,22,24,31,33,36,50,52,55,66"
726,17:46,5,5,김포공항,2,"7,60"
726,17:46,6,6,일산,2,"2,25"
726,17:46,7,7,판교,4,"1,17,34,62"
726,17:46,9,9,평택,1,54
727,17:47,1,1,서울역,2,"40,43"
727,17:47,10,10,인천공항,3,"23,61,65"
727,17:47,2,2,수서,5,"0,19,37,42,46"
727,17:47,3,3,삼성,5,"5,15,16,47,69"
727,17:47,4,4,여의도,10,"10,22,24,28,31,33,36,50,52,55"
727,17:47,5,5,김포공항,3,"3,7,60"
727,17:47,6,6,일산,2,"25,26"
727,17:47,7,7,판교,3,"1,17,34"
727,17:47,9,9,평택,1,54
728,17:48,1,1,서울역,2,"40,43"
728,17:48,10,10,인천공항,3,"23,61,65"
728,17:48,2,2,수서,6,"0,8,19,29,42,46"
728,17:48,3,3,삼성,5,"6,16,35,47,69"
728,17:48,4,4,여의도,11,"10,22,24,28,31,32,33,36,50,52,55"
728,17:48,5,5,김포공항,3,"3,20,60"
728,17:48,6,6,일산,2,"25,26"
728,17:48,7,7,판교,3,"1,17,34"
728,17:48,9,9,평택,1,54
729,17:49,1,1,서울역,2,"40,43"
729,17:49,10,10,인천공항,3,"23,61,65"
729,17:49,2,2,수서,6,"0,8,19,29,42,46"
729,17:49,3,3,삼성,4,"6,35,47,69"
729,17:49,4,4,여의도,11,"10,22,28,31,32,33,36,39,50,52,55"
729,17:49,5,5,김포공항,3,"3,20,60"
729,17:49,6,6,일산,2,"25,26"
729,17:49,7,7,판교,4,"1,17,34,44"
729,17:49,9,9,평택,1,54
730,17:50,1,1,서울역,2,"40,43"
730,17:50,10,10,인천공항,4,"23,41,61,65"
730,17:50,2,2,수서,8,"0,8,13,18,29,42,46,68"
730,17:50,3,3,삼성,4,"6,35,47,69"
730,17:50,4,4,여의도,10,"10,22,28,31,32,36,39,50,52,55"
730,17:50,5,5,김포공항,3,"3,4,20"
730,17:50,6,6,일산,1,26
730,17:50,7,7,판교,5,"1,14,34,44,53"
731,17:51,1,1,서울역,2,"27,43"
731,17:51,10,10,인천공항,3,"23,41,65"
731,17:51,2,2,수서,7,"0,13,18,29,42,46,68"
731,17:51,3,3,삼성,5,"6,35,38,47,69"
731,17:51,4,4,여의도,10,"10,28,31,32,36,39,50,52,55,58"
731,17:51,5,5,김포공항,3,"3,4,48"
731,17:51,6,6,일산,1,26
731,17:51,7,7,판교,5,"1,14,34,44,53"
732,17:52,1,1,서울역,3,"21,27,43"
732,17:52,10,10,인천공항,3,"23,41,65"
732,17:52,2,2,수서,6,"0,13,18,29,46,68"
732,17:52,3,3,삼성,6,"6,35,38,47,49,69"
732,17:52,4,4,여의도,12,"10,28,31,32,36,39,50,52,55,58,63,64"
732,17:52,5,5,김포공항,4,"3,4,48,67"
732,17:52,6,6,일산,2,"12,26"
732,17:52,7,7,판교,5,"1,14,34,44,53"
733,17:53,1,1,서울역,4,"9,21,27,43"
733,17:53,10,10,인천공항,3,"23,41,65"
733,17:53,2,2,수서,7,"0,13,18,29,46,66,68"
733,17:53,3,3,삼성,5,"6,11,35,38,49"
733,17:53,4,4,여의도,11,"10,31,32,36,39,50,52,55,58,63,64"
733,17:53,5,5,김포공항,4,"3,4,48,67"
733,17:53,6,6,일산,2,"12,26"
733,17:53,7,7,판교,5,"1,14,34,44,53"
734,17:54,1,1,서울역,5,"9,21,27,43,56"
734,17:54,10,10,인천공항,3,"41,51,65"
734,17:54,2,2,수서,5,"0,13,18,66,68"
734,17:54,3,3,삼성,4,"11,35,38,49"
734,17:54,4,4,여의도,9,"10,32,36,39,52,55,58,63,64"
734,17:54,5,5,김포공항,5,"3,4,48,59,67"
734,17:54,6,6,일산,2,"12,26"
734,17:54,7,7,판교,5,"1,14,34,44,53"
735,17:55,1,1,서울역,6,"9,16,21,27,43,56"
735,17:55,10,10,인천공항,4,"41,51,57,65"
735,17:55,2,2,수서,5,"0,13,18,66,68"
735,17:55,3,3,삼성,4,"11,35,38,49"
735,17:55,4,4,여의도,8,"5,10,32,39,55,58,63,64"
735,17:55,5,5,김포공항,5,"3,4,48,59,67"
735,17:55,6,6,일산,2,"12,26"
735,17:55,7,7,판교,4,"1,14,34,53"
736,17:56,1,1,서울역,5,"16,21,27,43,56"
736,17:56,10,10,인천공항,4,"41,51,57,65"
736,17:56,2,2,수서,4,"0,13,18,33"
736,17:56,3,3,삼성,5,"7,11,35,38,49"
736,17:56,4,4,여의도,10,"5,10,19,32,39,55,58,60,63,64"
736,17:56,5,5,김포공항,5,"4,15,48,59,67"
736,17:56,6,6,일산,2,"12,26"
736,17:56,7,7,판교,4,"1,24,34,53"
737,17:57,1,1,서울역,5,"16,21,27,43,56"
737,17:57,10,10,인천공항,4,"41,51,57,65"
737,17:57,2,2,수서,4,"13,18,22,33"
737,17:57,3,3,삼성,4,"7,11,38,49"
737,17:57,4,4,여의도,10,"5,8,10,17,19,39,55,60,63,64"
737,17:57,5,5,김포공항,4,"4,15,59,67"
737,17:57,6,6,일산,2,"12,26"
737,17:57,7,7,판교,4,"1,24,34,53"
738,17:58,1,1,서울역,5,"16,21,27,43,56"
738,17:58,10,10,인천공항,3,"41,51,57"
738,17:58,2,2,수서,4,"13,18,22,33"
738,17:58,3,3,삼성,4,"7,11,38,45"
738,17:58,4,4,여의도,10,"5,8,10,17,19,39,55,60,63,64"
738,17:58,5,5,김포공항,4,"4,15,59,67"
738,17:58,6,6,일산,2,"26,40"
738,17:58,7,7,판교,4,"1,24,34,53"
739,17:59,1,1,서울역,7,"16,20,21,27,42,43,56"
739,17:59,10,10,인천공항,2,"51,57"
739,17:59,2,2,수서,4,"13,22,28,33"
739,17:59,3,3,삼성,2,"38,45"
739,17:59,4,4,여의도,10,"5,8,10,17,19,39,55,60,63,64"
739,17:59,5,5,김포공항,4,"4,15,59,67"
739,17:59,6,6,일산,4,"26,37,40,62"
739,17:59,7,7,판교,5,"1,2,24,34,53"
740,18:00,1,1,서울역,7,"16,20,21,27,42,43,56"
740,18:00,10,10,인천공항,2,"51,57"
740,18:00,2,2,수서,4,"13,22,28,33"
740,18:00,3,3,삼성,2,"38,45"
740,18:00,4,4,여의도,12,"5,8,10,17,19,29,39,47,55,60,63,64"
740,18:00,5,5,김포공항,1,15
740,18:00,6,6,일산,4,"26,37,40,62"
740,18:00,7,7,판교,4,"1,2,24,53"
741,18:01,1,1,서울역,8,"16,20,21,27,42,43,46,56"
741,18:01,10,10,인천공항,2,"51,57"
741,18:01,2,2,수서,4,"22,28,33,36"
741,18:01,3,3,삼성,3,"30,31,45"
741,18:01,4,4,여의도,11,"5,8,10,17,19,29,39,47,60,63,64"
741,18:01,5,5,김포공항,2,"15,69"
741,18:01,6,6,일산,4,"26,37,40,62"
741,18:01,7,7,판교,5,"1,2,24,50,53"
742,18:02,1,1,서울역,7,"16,21,27,42,43,46,56"
742,18:02,10,10,인천공항,2,"51,57"
742,18:02,2,2,수서,4,"22,28,33,36"
742,18:02,3,3,삼성,3,"30,31,45"
742,18:02,4,4,여의도,13,"5,8,10,17,19,29,39,44,47,63,64,66,68"
742,18:02,5,5,김포공항,3,"6,15,69"
742,18:02,6,6,일산,4,"26,37,40,62"
742,18:02,7,7,판교,7,"1,2,24,25,50,52,53"
743,18:03,1,1,서울역,7,"16,21,27,42,43,46,56"
743,18:03,10,10,인천공항,2,"51,57"
743,18:03,2,2,수서,6,"22,28,32,33,36,58"
743,18:03,3,3,삼성,3,"30,31,45"
743,18:03,4,4,여의도,12,"0,5,14,17,19,29,39,44,47,64,66,68"
743,18:03,5,5,김포공항,3,"6,15,69"
743,18:03,6,6,일산,4,"26,37,40,62"
743,18:03,7,7,판교,7,"1,2,24,25,50,52,53"
744,18:04,1,1,서울역,8,"3,21,27,42,43,46,49,56"
744,18:04,10,10,인천공항,1,51
744,18:04,2,2,수서,6,"22,28,32,33,36,58"
744,18:04,3,3,삼성,2,"30,31"
744,18:04,4,4,여의도,13,"0,5,14,17,19,29,35,39,44,47,64,66,68"
744,18:04,5,5,김포공항,3,"6,15,69"
744,18:04,6,6,일산,4,"26,37,40,62"
744,18:04,7,7,판교,6,"1,24,25,50,52,53"
745,18:05,1,1,서울역,9,"3,11,21,27,42,43,46,49,56"
745,18:05,10,10,인천공항,1,51
745,18:05,2,2,수서,7,"22,28,32,33,36,48,58"
745,18:05,3,3,삼성,1,31
745,18:05,4,4,여의도,14,"0,5,14,17,18,19,29,35,44,47,54,64,66,68"
745,18:05,5,5,김포공항,3,"6,15,69"
745,18:05,6,6,일산,4,"26,37,40,62"
745,18:05,7,7,판교,5,"1,24,25,50,52"
746,18:06,1,1,서울역,9,"3,11,21,27,42,43,46,49,56"
746,18:06,10,10,인천공항,1,51
746,18:06,2,2,수서,6,"22,32,33,36,48,58"
746,18:06,3,3,삼성,1,31
746,18:06,4,4,여의도,14,"0,14,17,18,19,29,35,44,47,54,59,66,67,68"
746,18:06,5,5,김포공항,3,"6,15,69"
746,18:06,6,6,일산,4,"26,37,40,62"
746,18:06,7,7,판교,5,"1,24,25,50,52"
747,18:07,1,1,서울역,9,"3,11,21,27,42,43,46,49,56"
747,18:07,10,10,인천공항,1,51
747,18:07,2,2,수서,6,"22,32,33,36,48,58"
747,18:07,3,3,삼성,1,31
747,18:07,4,4,여의도,16,"0,13,14,17,18,19,29,34,35,44,47,54,59,66,67,68"
747,18:07,5,5,김포공항,2,"6,7"
747,18:07,6,6,일산,4,"26,37,40,62"
747,18:07,7,7,판교,4,"24,25,50,52"
748,18:08,1,1,서울역,9,"3,4,11,21,27,43,46,49,56"
748,18:08,10,10,인천공항,1,51
748,18:08,2,2,수서,8,"22,30,32,33,36,48,58,60"
748,18:08,3,3,삼성,1,31
748,18:08,4,4,여의도,15,"0,13,14,17,18,19,29,34,35,38,47,54,59,66,67"
748,18:08,5,5,김포공항,2,"6,7"
748,18:08,6,6,일산,4,"26,37,40,62"
748,18:08,7,7,판교,4,"24,25,50,55"
749,18:09,1,1,서울역,7,"3,4,11,27,46,49,56"
749,18:09,10,10,인천공항,2,"9,51"
749,18:09,2,2,수서,8,"8,22,30,32,33,36,48,60"
749,18:09,3,3,삼성,2,"23,31"
749,18:09,4,4,여의도,11,"0,13,17,18,19,29,34,35,38,54,66"
749,18:09,5,5,김포공항,2,"6,7"
749,18:09,6,6,일산,3,"37,40,62"
749,18:09,7,7,판교,4,"24,25,50,55"
750,18:10,1,1,서울역,6,"4,11,27,46,49,56"
750,18:10,10,10,인천공항,2,"9,51"
750,18:10,2,2,수서,7,"8,22,30,32,33,48,60"
750,18:10,3,3,삼성,3,"10,16,23"
750,18:10,4,4,여의도,11,"0,13,17,18,19,29,34,35,38,54,66"
750,18:10,5,5,김포공항,2,"6,20"
750,18:10,6,6,일산,3,"37,40,62"
750,18:10,7,7,판교,6,"12,24,25,50,55,63"
750,18:10,9,9,평택,1,61
751,18:11,1,1,서울역,4,"11,27,46,56"
751,18:11,10,10,인천공항,2,"9,51"
751,18:11,2,2,수서,8,"8,22,30,32,33,39,48,60"
751,18:11,3,3,삼성,4,"2,10,16,23"
751,18:11,4,4,여의도,12,"0,13,17,18,19,29,34,35,38,41,54,66"
751,18:11,5,5,김포공항,2,"6,20"
751,18:11,6,6,일산,3,"37,40,62"
751,18:11,7,7,판교,6,"12,24,25,50,55,63"
751,18:11,9,9,평택,1,61
752,18:12,1,1,서울역,4,"11,27,46,56"
752,18:12,10,10,인천공항,2,"9,51"
752,18:12,2,2,수서,9,"8,22,30,32,33,39,48,60,64"
752,18:12,3,3,삼성,5,"2,10,16,23,53"
752,18:12,4,4,여의도,11,"13,18,19,28,29,34,35,38,41,54,66"
752,18:12,5,5,김포공항,3,"6,20,45"
752,18:12,6,6,일산,3,"37,40,62"
752,18:12,7,7,판교,6,"12,24,25,50,55,63"
752,18:12,9,9,평택,1,61
753,18:13,1,1,서울역,3,"11,46,56"
753,18:13,10,10,인천공항,2,"9,51"
753,18:13,2,2,수서,9,"8,22,30,32,33,39,48,60,64"
753,18:13,3,3,삼성,6,"2,5,16,23,53,65"
753,18:13,4,4,여의도,12,"13,18,19,28,29,34,35,38,41,54,66,69"
753,18:13,5,5,김포공항,3,"6,20,45"
753,18:13,6,6,일산,3,"37,40,62"
753,18:13,7,7,판교,6,"12,24,25,50,55,63"
753,18:13,9,9,평택,1,61
754,18:14,1,1,서울역,2,"46,56"
754,18:14,10,10,인천공항,2,"9,51"
754,18:14,2,2,수서,9,"8,22,30,32,33,39,48,60,64"
754,18:14,3,3,삼성,4,"5,23,53,65"
754,18:14,4,4,여의도,10,"13,19,28,29,34,35,38,41,66,69"
754,18:14,5,5,김포공항,3,"6,20,45"
754,18:14,6,6,일산,3,"37,40,62"
754,18:14,7,7,판교,6,"12,24,25,50,55,63"
754,18:14,9,9,평택,1,61
755,18:15,1,1,서울역,2,"15,46"
755,18:15,10,10,인천공항,2,"9,51"
755,18:15,2,2,수서,9,"14,22,30,32,33,39,48,60,64"
755,18:15,3,3,삼성,5,"5,23,53,65,68"
755,18:15,4,4,여의도,11,"13,19,28,29,34,35,38,41,52,66,69"
755,18:15,5,5,김포공항,3,"6,20,45"
755,18:15,6,6,일산,3,"37,40,62"
755,18:15,7,7,판교,7,"12,24,42,44,50,55,63"
755,18:15,9,9,평택,1,61
756,18:16,1,1,서울역,4,"15,26,46,58"
756,18:16,10,10,인천공항,2,"9,51"
756,18:16,2,2,수서,8,"14,22,30,33,39,48,60,64"
756,18:16,3,3,삼성,7,"3,5,23,53,65,67,68"
756,18:16,4,4,여의도,9,"19,28,29,35,36,38,41,52,66"
756,18:16,5,5,김포공항,3,"6,20,45"
756,18:16,6,6,일산,5,"21,37,40,59,62"
756,18:16,7,7,판교,9,"12,24,42,43,44,47,50,55,63"
756,18:16,9,9,평택,1,61
757,18:17,1,1,서울역,3,"15,26,58"
757,18:17,10,10,인천공항,2,"9,51"
757,18:17,2,2,수서,7,"14,16,33,39,48,60,64"
757,18:17,3,3,삼성,8,"3,5,23,49,53,65,67,68"
757,18:17,4,4,여의도,9,"28,29,31,35,36,38,41,52,66"
757,18:17,5,5,김포공항,3,"6,20,45"
757,18:17,6,6,일산,5,"21,37,40,59,62"
757,18:17,7,7,판교,9,"12,24,42,43,44,47,50,55,63"
757,18:17,9,9,평택,1,61
758,18:18,1,1,서울역,4,"7,15,26,58"
758,18:18,10,10,인천공항,2,"9,51"
758,18:18,2,2,수서,7,"14,16,33,39,48,60,64"
758,18:18,3,3,삼성,7,"3,5,23,49,65,67,68"
758,18:18,4,4,여의도,7,"28,31,35,36,38,41,66"
758,18:18,5,5,김포공항,3,"6,20,45"
758,18:18,6,6,일산,5,"21,37,40,59,62"
758,18:18,7,7,판교,9,"12,24,42,43,44,47,50,55,63"
758,18:18,9,9,평택,1,61
759,18:19,1,1,서울역,5,"7,10,15,26,58"
759,18:19,10,10,인천공항,2,"9,51"
759,18:19,2,2,수서,7,"14,16,33,39,48,60,64"
759,18:19,3,3,삼성,10,"0,3,5,17,23,27,49,65,67,68"
759,18:19,4,4,여의도,7,"28,31,35,36,38,41,66"
759,18:19,5,5,김포공항,4,"4,6,20,45"
759,18:19,6,6,일산,6,"1,21,37,40,59,62"
759,18:19,7,7,판교,8,"24,42,43,44,47,50,55,63"
759,18:19,9,9,평택,1,61
760,18:20,1,1,서울역,5,"7,10,15,26,58"
760,18:20,10,10,인천공항,2,"9,51"
760,18:20,2,2,수서,7,"14,16,33,39,48,60,64"
760,18:20,3,3,삼성,8,"0,3,5,11,17,27,49,67"
760,18:20,4,4,여의도,6,"28,31,35,36,41,66"
760,18:20,5,5,김포공항,3,"4,20,45"
760,18:20,6,6,일산,4,"1,21,37,59"
760,18:20,7,7,판교,7,"42,43,44,47,50,57,63"
760,18:20,9,9,평택,1,61
761,18:21,1,1,서울역,4,"10,15,26,58"
761,18:21,10,10,인천공항,2,"9,51"
761,18:21,2,2,수서,7,"14,16,33,39,48,60,64"
761,18:21,3,3,삼성,9,"0,3,5,11,17,18,27,49,67"
761,18:21,4,4,여의도,7,"8,28,31,35,36,41,66"
761,18:21,5,5,김포공항,3,"4,20,45"
761,18:21,6,6,일산,4,"1,21,37,59"
761,18:21,7,7,판교,8,"42,43,44,47,50,54,57,63"
761,18:21,9,9,평택,1,61
762,18:22,1,1,서울역,3,"15,26,58"
762,18:22,10,10,인천공항,2,"9,51"
762,18:22,2,2,수서,7,"13,14,16,34,39,60,64"
762,18:22,3,3,삼성,8,"0,3,5,11,17,18,27,49"
762,18:22,4,4,여의도,7,"8,28,31,35,36,41,66"
762,18:22,5,5,김포공항,3,"4,20,45"
762,18:22,6,6,일산,3,"1,21,59"
762,18:22,7,7,판교,7,"42,43,44,50,54,57,63"
762,18:22,9,9,평택,1,61
763,18:23,1,1,서울역,2,"26,32"
763,18:23,10,10,인천공항,2,"9,51"
763,18:23,2,2,수서,6,"13,16,23,34,39,60"
763,18:23,3,3,삼성,7,"0,3,17,18,27,49,69"
763,18:23,4,4,여의도,7,"8,22,31,35,36,41,66"
763,18:23,5,5,김포공항,2,"4,56"
763,18:23,6,6,일산,3,"1,21,59"
763,18:23,7,7,판교,6,"42,43,44,50,54,63"
763,18:23,9,9,평택,1,61
764,18:24,1,1,서울역,2,"26,32"
764,18:24,10,10,인천공항,1,9
764,18:24,2,2,수서,7,"13,16,23,29,34,39,60"
764,18:24,3,3,삼성,7,"0,17,18,19,27,49,69"
764,18:24,4,4,여의도,7,"8,22,31,35,36,41,66"
764,18:24,5,5,김포공항,2,"4,56"
764,18:24,6,6,일산,3,"1,2,21"
764,18:24,7,7,판교,7,"42,43,44,46,50,54,63"
764,18:24,9,9,평택,1,61
765,18:25,1,1,서울역,2,"26,32"
765,18:25,10,10,인천공항,1,9
765,18:25,2,2,수서,6,"13,16,23,29,34,60"
765,18:25,3,3,삼성,7,"0,17,18,19,27,49,69"
765,18:25,4,4,여의도,7,"8,22,31,36,41,53,66"
765,18:25,5,5,김포공항,3,"4,30,56"
765,18:25,6,6,일산,3,"1,2,21"
765,18:25,7,7,판교,6,"42,44,46,50,52,54"
765,18:25,9,9,평택,1,61
766,18:26,1,1,서울역,3,"26,32,65"
766,18:26,10,10,인천공항,1,9
766,18:26,2,2,수서,6,"11,13,24,29,34,60"
766,18:26,3,3,삼성,8,"0,12,17,18,19,27,49,69"
766,18:26,4,4,여의도,5,"8,22,36,53,66"
766,18:26,5,5,김포공항,2,"4,30"
766,18:26,6,6,일산,2,"2,21"
766,18:26,7,7,판교,6,"42,44,46,50,52,54"
766,18:26,9,9,평택,1,61
767,18:27,1,1,서울역,4,"26,32,62,65"
767,18:27,10,10,인천공항,1,9
767,18:27,2,2,수서,6,"11,13,24,29,34,60"
767,18:27,3,3,삼성,7,"12,17,18,19,27,49,69"
767,18:27,4,4,여의도,5,"22,36,53,66,68"
767,18:27,5,5,김포공항,1,30
767,18:27,6,6,일산,4,"2,21,25,38"
767,18:27,7,7,판교,4,"42,46,50,52"
767,18:27,8,8,동탄/용인,1,55
768,18:28,1,1,서울역,4,"26,32,62,65"
768,18:28,10,10,인천공항,1,9
768,18:28,2,2,수서,5,"6,11,13,24,29"
768,18:28,3,3,삼성,8,"10,12,17,18,19,27,49,69"
768,18:28,4,4,여의도,5,"22,36,48,53,68"
768,18:28,5,5,김포공항,1,30
768,18:28,6,6,일산,4,"2,21,25,38"
768,18:28,7,7,판교,4,"42,46,50,52"
768,18:28,8,8,동탄/용인,1,55
769,18:29,1,1,서울역,4,"26,32,37,62"
769,18:29,10,10,인천공항,1,9
769,18:29,2,2,수서,3,"6,13,29"
769,18:29,3,3,삼성,8,"10,15,17,18,19,27,49,69"
769,18:29,4,4,여의도,6,"22,36,47,48,53,68"
769,18:29,5,5,김포공항,2,"7,30"
769,18:29,6,6,일산,4,"2,21,25,38"
769,18:29,7,7,판교,4,"42,46,50,52"
769,18:29,8,8,동탄/용인,1,55
770,18:30,1,1,서울역,5,"3,26,32,37,62"
770,18:30,10,10,인천공항,1,9
770,18:30,2,2,수서,3,"6,13,29"
770,18:30,3,3,삼성,9,"10,15,17,18,19,27,28,49,69"
770,18:30,4,4,여의도,6,"22,36,47,48,53,57"
770,18:30,5,5,김포공항,4,"7,30,33,67"
770,18:30,6,6,일산,2,"2,25"
770,18:30,7,7,판교,5,"42,46,50,52,58"
770,18:30,8,8,동탄/용인,1,55
771,18:31,1,1,서울역,6,"3,26,32,37,59,62"
771,18:31,10,10,인천공항,1,9
771,18:31,2,2,수서,4,"13,29,40,45"
771,18:31,3,3,삼성,8,"15,17,18,19,20,28,49,69"
771,18:31,4,4,여의도,5,"22,36,47,48,57"
771,18:31,5,5,김포공항,4,"7,14,33,67"
771,18:31,6,6,일산,2,"2,25"
771,18:31,7,7,판교,4,"42,46,50,58"
771,18:31,8,8,동탄/용인,1,55
772,18:32,1,1,서울역,8,"3,26,32,37,39,59,62,63"
772,18:32,10,10,인천공항,1,9
772,18:32,2,2,수서,6,"12,13,29,31,40,45"
772,18:32,3,3,삼성,8,"15,18,19,20,28,35,49,69"
772,18:32,4,4,여의도,6,"22,23,43,47,48,57"
772,18:32,5,5,김포공항,4,"7,14,33,67"
772,18:32,6,6,일산,2,"2,25"
772,18:32,7,7,판교,3,"46,50,58"
772,18:32,8,8,동탄/용인,1,55
773,18:33,1,1,서울역,6,"26,32,37,39,59,63"
773,18:33,10,10,인천공항,1,9
773,18:33,2,2,수서,5,"12,13,31,40,45"
773,18:33,3,3,삼성,8,"15,18,20,28,35,41,49,69"
773,18:33,4,4,여의도,6,"22,23,43,47,48,57"
773,18:33,5,5,김포공항,3,"7,14,33"
773,18:33,6,6,일산,3,"2,5,25"
773,18:33,7,7,판교,3,"46,50,58"
774,18:34,1,1,서울역,6,"26,32,37,39,44,63"
774,18:34,2,2,수서,5,"12,13,31,40,45"
774,18:34,3,3,삼성,9,"15,18,28,35,41,49,54,56,69"
774,18:34,4,4,여의도,7,"0,22,23,43,47,48,57"
774,18:34,5,5,김포공항,4,"7,14,16,33"
774,18:34,6,6,일산,4,"5,8,25,64"
774,18:34,7,7,판교,3,"46,50,58"
775,18:35,1,1,서울역,7,"4,26,32,37,39,44,60"
775,18:35,2,2,수서,5,"12,13,31,40,45"
775,18:35,3,3,삼성,8,"18,28,35,41,49,54,56,69"
775,18:35,4,4,여의도,5,"0,22,23,48,57"
775,18:35,5,5,김포공항,4,"7,14,16,33"
775,18:35,6,6,일산,4,"5,8,25,64"
775,18:35,7,7,판교,4,"46,50,58,66"
776,18:36,1,1,서울역,8,"4,11,26,32,37,39,44,60"
776,18:36,2,2,수서,5,"12,13,31,40,45"
776,18:36,3,3,삼성,8,"18,28,35,41,49,54,56,69"
776,18:36,4,4,여의도,5,"0,23,48,51,57"
776,18:36,5,5,김포공항,5,"7,14,16,33,34"
776,18:36,6,6,일산,5,"5,8,25,64,65"
776,18:36,7,7,판교,4,"46,50,58,66"
777,18:37,1,1,서울역,7,"4,11,32,37,39,44,60"
777,18:37,2,2,수서,5,"1,12,13,20,31"
777,18:37,3,3,삼성,7,"18,28,35,41,49,54,69"
777,18:37,4,4,여의도,6,"6,21,23,48,51,57"
777,18:37,5,5,김포공항,6,"7,14,16,24,33,34"
777,18:37,6,6,일산,5,"5,8,25,64,65"
777,18:37,7,7,판교,4,"46,50,58,66"
778,18:38,1,1,서울역,5,"11,32,37,44,60"
778,18:38,2,2,수서,4,"1,13,20,31"
778,18:38,3,3,삼성,8,"18,28,35,41,52,53,54,69"
778,18:38,4,4,여의도,7,"6,10,21,27,48,51,57"
778,18:38,5,5,김포공항,6,"7,14,16,24,33,34"
778,18:38,6,6,일산,5,"5,8,25,64,65"
778,18:38,7,7,판교,4,"46,50,58,66"
779,18:39,1,1,서울역,5,"11,32,37,44,60"
779,18:39,2,2,수서,5,"1,13,20,30,31"
779,18:39,3,3,삼성,11,"3,18,28,35,36,41,52,53,54,62,69"
779,18:39,4,4,여의도,9,"6,10,21,27,29,42,48,51,57"
779,18:39,5,5,김포공항,6,"7,14,16,24,33,34"
779,18:39,6,6,일산,5,"5,8,25,64,65"
779,18:39,7,7,판교,4,"46,50,58,66"
780,18:40,1,1,서울역,5,"11,32,37,44,60"
780,18:40,2,2,수서,3,"13,30,31"
780,18:40,3,3,삼성,10,"3,35,36,41,52,53,54,59,62,69"
780,18:40,4,4,여의도,8,"6,10,21,27,29,42,48,57"
780,18:40,5,5,김포공항,3,"7,33,34"
780,18:40,6,6,일산,1,64
780,18:40,7,7,판교,2,"46,66"
781,18:41,1,1,서울역,6,"2,11,32,37,44,60"
781,18:41,2,2,수서,4,"13,30,31,47"
781,18:41,3,3,삼성,9,"3,35,36,41,53,54,59,62,69"
781,18:41,4,4,여의도,7,"6,21,27,29,42,48,57"
781,18:41,5,5,김포공항,4,"7,19,33,34"
781,18:41,6,6,일산,1,64
781,18:41,7,7,판교,2,"46,66"
782,18:42,1,1,서울역,5,"2,11,32,37,60"
782,18:42,2,2,수서,4,"13,30,31,47"
782,18:42,3,3,삼성,9,"3,35,36,41,53,54,59,62,69"
782,18:42,4,4,여의도,6,"6,21,27,29,42,57"
782,18:42,5,5,김포공항,4,"7,19,33,34"
782,18:42,6,6,일산,1,64
782,18:42,7,7,판교,3,"43,63,66"
782,18:42,8,8,동탄/용인,1,17
783,18:43,1,1,서울역,4,"2,11,37,60"
783,18:43,2,2,수서,5,"0,13,28,30,47"
783,18:43,3,3,삼성,7,"3,22,36,41,53,62,69"
783,18:43,4,4,여의도,6,"6,27,29,42,45,57"
783,18:43,5,5,김포공항,4,"7,19,33,34"
783,18:43,6,6,일산,1,64
783,18:43,7,7,판교,3,"43,63,66"
783,18:43,8,8,동탄/용인,1,17
784,18:44,1,1,서울역,4,"2,11,40,51"
784,18:44,2,2,수서,7,"0,13,23,28,30,47,52"
784,18:44,3,3,삼성,7,"3,22,36,41,53,62,69"
784,18:44,4,4,여의도,7,"6,27,29,42,45,56,57"
784,18:44,5,5,김포공항,4,"7,33,34,61"
784,18:44,6,6,일산,1,64
784,18:44,7,7,판교,4,"26,43,63,66"
784,18:44,8,8,동탄/용인,1,17
785,18:45,1,1,서울역,4,"2,11,40,51"
785,18:45,2,2,수서,6,"0,13,23,28,47,52"
785,18:45,3,3,삼성,6,"22,36,41,53,62,69"
785,18:45,4,4,여의도,5,"27,42,45,56,57"
785,18:45,5,5,김포공항,4,"7,33,34,61"
785,18:45,6,6,일산,3,"15,39,64"
785,18:45,7,7,판교,4,"26,43,63,66"
785,18:45,8,8,동탄/용인,1,17
785,18:45,9,9,평택,1,68
786,18:46,1,1,서울역,4,"2,11,40,51"
786,18:46,2,2,수서,5,"0,23,47,52,54"
786,18:46,3,3,삼성,5,"36,41,53,62,69"
786,18:46,4,4,여의도,7,"1,14,27,42,45,56,57"
786,18:46,5,5,김포공항,7,"4,7,12,33,34,49,61"
786,18:46,6,6,일산,3,"15,39,64"
786,18:46,7,7,판교,4,"26,43,63,66"
786,18:46,8,8,동탄/용인,1,17
786,18:46,9,9,평택,1,68
787,18:47,1,1,서울역,7,"5,9,11,20,25,40,65"
787,18:47,2,2,수서,3,"0,23,54"
787,18:47,3,3,삼성,5,"36,41,50,53,69"
787,18:47,4,4,여의도,9,"1,14,18,27,42,45,56,57,58"
787,18:47,5,5,김포공항,5,"4,7,12,34,49"
787,18:47,6,6,일산,3,"15,39,64"
787,18:47,7,7,판교,3,"26,43,63"
787,18:47,8,8,동탄/용인,2,"17,67"
787,18:47,9,9,평택,1,68
788,18:48,1,1,서울역,9,"5,9,11,16,20,24,25,40,65"
788,18:48,2,2,수서,3,"0,23,54"
788,18:48,3,3,삼성,6,"10,36,41,44,50,69"
788,18:48,4,4,여의도,9,"1,14,18,27,42,45,56,57,58"
788,18:48,5,5,김포공항,5,"4,7,12,34,49"
788,18:48,6,6,일산,2,"15,64"
788,18:48,7,7,판교,3,"26,43,63"
788,18:48,8,8,동탄/용인,2,"17,67"
788,18:48,9,9,평택,1,68
789,18:49,1,1,서울역,9,"5,9,11,16,20,24,25,40,65"
789,18:49,2,2,수서,4,"0,21,23,54"
789,18:49,3,3,삼성,6,"10,32,41,44,46,50"
789,18:49,4,4,여의도,7,"1,18,27,31,56,57,58"
789,18:49,5,5,김포공항,5,"4,7,12,34,49"
789,18:49,6,6,일산,1,15
789,18:49,7,7,판교,2,"26,63"
789,18:49,8,8,동탄/용인,2,"17,67"
789,18:49,9,9,평택,1,68
790,18:50,1,1,서울역,5,"9,11,16,20,24"
790,18:50,2,2,수서,4,"0,21,23,54"
790,18:50,3,3,삼성,7,"10,32,41,44,46,50,60"
790,18:50,4,4,여의도,5,"1,18,27,31,58"
790,18:50,5,5,김포공항,4,"4,12,34,49"
790,18:50,6,6,일산,2,"15,55"
790,18:50,7,7,판교,2,"26,63"
790,18:50,8,8,동탄/용인,2,"17,67"
790,18:50,9,9,평택,2,"38,68"
791,18:51,1,1,서울역,4,"9,11,16,20"
791,18:51,2,2,수서,4,"0,21,23,54"
791,18:51,3,3,삼성,6,"32,41,44,46,50,60"
791,18:51,4,4,여의도,5,"1,18,27,31,58"
791,18:51,5,5,김포공항,4,"4,12,34,49"
791,18:51,6,6,일산,2,"15,55"
791,18:51,7,7,판교,2,"26,63"
791,18:51,8,8,동탄/용인,2,"17,67"
791,18:51,9,9,평택,2,"38,68"
792,18:52,1,1,서울역,5,"9,11,16,20,30"
792,18:52,2,2,수서,3,"21,23,69"
792,18:52,3,3,삼성,6,"29,32,41,44,50,60"
792,18:52,4,4,여의도,7,"1,3,13,18,27,31,58"
792,18:52,5,5,김포공항,3,"4,12,34"
792,18:52,6,6,일산,2,"15,55"
792,18:52,7,7,판교,3,"6,26,63"
792,18:52,8,8,동탄/용인,2,"17,67"
792,18:52,9,9,평택,2,"38,68"
793,18:53,1,1,서울역,6,"9,11,16,28,30,62"
793,18:53,2,2,수서,2,"21,69"
793,18:53,3,3,삼성,7,"2,29,32,41,44,50,51"
793,18:53,4,4,여의도,9,"1,3,13,22,27,31,47,52,61"
793,18:53,5,5,김포공항,3,"4,12,34"
793,18:53,6,6,일산,3,"15,35,55"
793,18:53,7,7,판교,3,"6,26,63"
793,18:53,8,8,동탄/용인,3,"17,48,67"
793,18:53,9,9,평택,2,"38,68"
794,18:54,1,1,서울역,4,"9,28,30,62"
794,18:54,10,10,인천공항,1,19
794,18:54,2,2,수서,3,"10,21,69"
794,18:54,3,3,삼성,7,"2,29,32,44,50,51,66"
794,18:54,4,4,여의도,8,"1,3,13,22,31,47,52,61"
794,18:54,5,5,김포공항,3,"4,12,34"
794,18:54,6,6,일산,3,"15,35,55"
794,18:54,7,7,판교,3,"6,26,63"
794,18:54,8,8,동탄/용인,3,"17,48,67"
794,18:54,9,9,평택,2,"38,68"
795,18:55,1,1,서울역,5,"9,28,30,36,62"
795,18:55,10,10,인천공항,1,19
795,18:55,2,2,수서,5,"10,14,21,33,45"
795,18:55,3,3,삼성,5,"2,32,50,51,66"
795,18:55,4,4,여의도,8,"3,13,22,31,47,52,53,61"
795,18:55,5,5,김포공항,3,"4,12,34"
795,18:55,6,6,일산,3,"15,35,55"
795,18:55,7,7,판교,3,"6,26,63"
795,18:55,8,8,동탄/용인,3,"17,48,67"
795,18:55,9,9,평택,2,"38,68"
796,18:56,1,1,서울역,6,"9,28,30,36,62,64"
796,18:56,10,10,인천공항,1,19
796,18:56,2,2,수서,6,"10,14,21,33,45,60"
796,18:56,3,3,삼성,7,"2,32,40,42,50,51,66"
796,18:56,4,4,여의도,9,"3,7,13,31,43,47,52,53,61"
796,18:56,5,5,김포공항,3,"4,12,34"
796,18:56,6,6,일산,3,"15,35,55"
796,18:56,7,7,판교,3,"6,26,63"
796,18:56,8,8,동탄/용인,3,"17,37,67"
796,18:56,9,9,평택,2,"38,68"
797,18:57,1,1,서울역,6,"9,28,30,36,62,64"
797,18:57,10,10,인천공항,1,19
797,18:57,2,2,수서,5,"14,21,33,45,60"
797,18:57,3,3,삼성,8,"2,24,32,40,42,50,51,66"
797,18:57,4,4,여의도,9,"3,7,13,31,43,47,52,53,61"
797,18:57,5,5,김포공항,3,"4,12,34"
797,18:57,6,6,일산,6,"5,15,25,35,55,65"
797,18:57,7,7,판교,4,"6,26,56,63"
797,18:57,8,8,동탄/용인,3,"17,37,67"
797,18:57,9,9,평택,2,"38,68"
798,18:58,1,1,서울역,7,"9,28,30,36,46,62,64"
798,18:58,10,10,인천공항,2,"19,59"
798,18:58,2,2,수서,5,"14,33,44,45,60"
798,18:58,3,3,삼성,8,"2,24,32,40,42,50,51,66"
798,18:58,4,4,여의도,6,"7,43,47,52,53,61"
798,18:58,5,5,김포공항,3,"4,12,34"
798,18:58,6,6,일산,6,"5,15,25,35,55,65"
798,18:58,7,7,판교,3,"6,26,56"
798,18:58,8,8,동탄/용인,3,"17,37,67"
798,18:58,9,9,평택,2,"38,68"
799,18:59,1,1,서울역,6,"0,9,30,36,46,64"
799,18:59,10,10,인천공항,3,"19,39,59"
799,18:59,2,2,수서,4,"14,33,44,45"
799,18:59,3,3,삼성,9,"2,20,24,32,40,42,50,51,66"
799,18:59,4,4,여의도,5,"7,43,47,52,53"
799,18:59,5,5,김포공항,3,"4,12,34"
799,18:59,6,6,일산,6,"5,15,25,35,55,65"
799,18:59,7,7,판교,3,"6,26,56"
799,18:59,8,8,동탄/용인,3,"17,37,67"
799,18:59,9,9,평택,2,"38,68"
800,19:00,1,1,서울역,6,"0,9,30,36,46,64"
800,19:00,10,10,인천공항,3,"19,39,59"
800,19:00,2,2,수서,3,"14,33,44"
800,19:00,3,3,삼성,3,"20,40,50"
800,19:00,4,4,여의도,5,"7,43,47,52,53"
800,19:00,5,5,김포공항,3,"4,34,54"
800,19:00,6,6,일산,6,"5,15,25,35,55,65"
800,19:00,7,7,판교,3,"6,26,56"
800,19:00,8,8,동탄/용인,3,"17,37,67"
800,19:00,9,9,평택,3,"8,38,68"
801,19:01,1,1,서울역,5,"0,9,30,46,64"
801,19:01,10,10,인천공항,3,"19,39,59"
801,19:01,2,2,수서,4,"1,11,33,44"
801,19:01,3,3,삼성,3,"20,40,50"
801,19:01,4,4,여의도,6,"7,41,43,47,52,53"
801,19:01,5,5,김포공항,4,"4,23,34,54"
801,19:01,6,6,일산,6,"5,15,25,35,55,65"
801,19:01,7,7,판교,4,"6,16,26,56"
801,19:01,8,8,동탄/용인,4,"17,37,57,67"
801,19:01,9,9,평택,3,"8,38,68"
802,19:02,1,1,서울역,5,"0,9,30,46,64"
802,19:02,10,10,인천공항,4,"19,39,49,59"
802,19:02,2,2,수서,4,"1,11,33,44"
802,19:02,3,3,삼성,3,"20,40,50"
802,19:02,4,4,여의도,3,"41,47,53"
802,19:02,5,5,김포공항,4,"4,23,34,54"
802,19:02,6,6,일산,6,"5,15,25,35,55,65"
802,19:02,7,7,판교,4,"6,16,26,56"
802,19:02,8,8,동탄/용인,4,"17,37,57,67"
802,19:02,9,9,평택,4,"8,38,48,68"
803,19:03,1,1,서울역,2,"0,46"
803,19:03,10,10,인천공항,4,"19,39,49,59"
803,19:03,2,2,수서,5,"1,11,24,33,44"
803,19:03,3,3,삼성,4,"20,22,40,50"
803,19:03,4,4,여의도,2,"41,53"
803,19:03,5,5,김포공항,5,"4,23,34,54,69"
803,19:03,6,6,일산,6,"5,15,25,35,55,65"
803,19:03,7,7,판교,4,"6,16,26,56"
803,19:03,8,8,동탄/용인,3,"37,57,67"
803,19:03,9,9,평택,4,"8,38,48,68"
804,19:04,1,1,서울역,2,"0,10"
804,19:04,10,10,인천공항,4,"19,39,49,59"
804,19:04,2,2,수서,5,"1,11,24,31,33"
804,19:04,3,3,삼성,4,"20,22,40,50"
804,19:04,4,4,여의도,3,"21,41,53"
804,19:04,5,5,김포공항,5,"4,23,34,54,69"
804,19:04,6,6,일산,6,"5,15,25,35,55,65"
804,19:04,7,7,판교,4,"6,16,26,56"
804,19:04,8,8,동탄/용인,4,"37,57,58,67"
804,19:04,9,9,평택,4,"8,38,48,68"
805,19:05,1,1,서울역,2,"0,10"
805,19:05,10,10,인천공항,4,"19,39,49,59"
805,19:05,2,2,수서,6,"1,11,24,31,33,61"
805,19:05,3,3,삼성,5,"3,13,22,50,62"
805,19:05,4,4,여의도,4,"21,41,53,63"
805,19:05,5,5,김포공항,5,"4,23,34,54,69"
805,19:05,6,6,일산,6,"5,15,25,35,55,65"
805,19:05,7,7,판교,4,"6,16,26,56"
805,19:05,8,8,동탄/용인,5,"27,37,57,58,67"
805,19:05,9,9,평택,4,"8,38,48,68"
806,19:06,1,1,서울역,8,"0,2,10,32,42,51,60,66"
806,19:06,10,10,인천공항,4,"19,39,49,59"
806,19:06,2,2,수서,5,"1,11,31,33,61"
806,19:06,3,3,삼성,5,"3,13,22,50,62"
806,19:06,4,4,여의도,5,"12,21,41,45,63"
806,19:06,5,5,김포공항,5,"4,23,34,54,69"
806,19:06,6,6,일산,6,"5,15,25,35,55,65"
806,19:06,7,7,판교,4,"6,16,26,56"
806,19:06,8,8,동탄/용인,5,"27,37,57,58,67"
806,19:06,9,9,평택,4,"8,38,48,68"
807,19:07,1,1,서울역,8,"0,2,10,32,42,51,60,66"
807,19:07,10,10,인천공항,4,"19,39,49,59"
807,19:07,2,2,수서,5,"1,11,31,33,61"
807,19:07,3,3,삼성,4,"3,13,22,62"
807,19:07,4,4,여의도,4,"12,21,45,63"
807,19:07,5,5,김포공항,4,"4,34,54,69"
807,19:07,6,6,일산,6,"5,15,25,35,55,65"
807,19:07,7,7,판교,4,"6,16,26,56"
807,19:07,8,8,동탄/용인,4,"27,37,57,67"
807,19:07,9,9,평택,4,"8,38,48,68"
808,19:08,1,1,서울역,7,"2,10,32,42,51,60,66"
808,19:08,10,10,인천공항,4,"19,39,49,59"
808,19:08,2,2,수서,4,"1,11,31,61"
808,19:08,3,3,삼성,2,"22,62"
808,19:08,4,4,여의도,4,"12,21,45,63"
808,19:08,5,5,김포공항,4,"4,34,54,69"
808,19:08,6,6,일산,6,"5,15,25,35,55,65"
808,19:08,7,7,판교,5,"6,16,26,36,56"
808,19:08,8,8,동탄/용인,4,"27,37,57,67"
808,19:08,9,9,평택,5,"8,18,38,48,68"
809,19:09,1,1,서울역,2,"10,60"
809,19:09,10,10,인천공항,4,"19,39,49,59"
809,19:09,2,2,수서,4,"1,11,31,61"
809,19:09,3,3,삼성,5,"22,30,43,52,62"
809,19:09,4,4,여의도,2,"21,63"
809,19:09,5,5,김포공항,4,"4,14,34,54"
809,19:09,6,6,일산,6,"5,15,25,35,55,65"
809,19:09,7,7,판교,5,"6,16,26,36,56"
809,19:09,8,8,동탄/용인,4,"27,37,57,67"
809,19:09,9,9,평택,5,"8,18,38,48,68"
810,19:10,1,1,서울역,1,60
810,19:10,10,10,인천공항,5,"19,29,39,49,59"
810,19:10,2,2,수서,3,"11,31,61"
810,19:10,3,3,삼성,5,"22,30,43,52,62"
810,19:10,4,4,여의도,1,63
810,19:10,5,5,김포공항,4,"4,14,34,54"
810,19:10,6,6,일산,6,"5,15,25,35,55,65"
810,19:10,7,7,판교,6,"6,16,26,36,47,56"
810,19:10,8,8,동탄/용인,4,"27,37,57,67"
810,19:10,9,9,평택,5,"8,18,38,48,68"
811,19:11,1,1,서울역,1,60
811,19:11,10,10,인천공항,5,"19,29,39,49,59"
811,19:11,2,2,수서,3,"11,31,61"
811,19:11,3,3,삼성,5,"22,30,43,52,62"
811,19:11,4,4,여의도,1,63
811,19:11,5,5,김포공항,6,"4,9,14,34,54,64"
811,19:11,6,6,일산,6,"5,15,25,35,55,65"
811,19:11,7,7,판교,7,"6,16,26,36,46,47,56"
811,19:11,8,8,동탄/용인,5,"27,28,37,57,67"
811,19:11,9,9,평택,5,"8,18,38,48,68"
812,19:12,1,1,서울역,1,60
812,19:12,10,10,인천공항,5,"19,29,39,49,59"
812,19:12,2,2,수서,3,"11,31,61"
812,19:12,3,3,삼성,3,"22,52,62"
812,19:12,4,4,여의도,3,"20,40,63"
812,19:12,5,5,김포공항,7,"4,9,14,34,44,54,64"
812,19:12,6,6,일산,6,"5,15,25,35,55,65"
812,19:12,7,7,판교,7,"6,16,26,36,46,47,56"
812,19:12,8,8,동탄/용인,5,"27,28,37,57,67"
812,19:12,9,9,평택,5,"8,18,38,48,68"
813,19:13,1,1,서울역,1,60
813,19:13,10,10,인천공항,5,"19,29,39,49,59"
813,19:13,2,2,수서,4,"11,31,41,61"
813,19:13,3,3,삼성,3,"22,52,62"
813,19:13,4,4,여의도,4,"20,23,40,63"
813,19:13,5,5,김포공항,7,"4,9,14,34,44,54,64"
813,19:13,6,6,일산,7,"5,15,25,35,53,55,65"
813,19:13,7,7,판교,6,"6,16,26,36,46,56"
813,19:13,8,8,동탄/용인,6,"7,27,28,37,57,67"
813,19:13,9,9,평택,6,"8,18,38,48,58,68"
814,19:14,1,1,서울역,1,60
814,19:14,10,10,인천공항,5,"19,29,39,49,59"
814,19:14,2,2,수서,4,"11,31,41,61"
814,19:14,3,3,삼성,4,"0,22,52,62"
814,19:14,4,4,여의도,6,"20,23,33,40,50,63"
814,19:14,5,5,김포공항,7,"4,14,24,34,44,54,64"
814,19:14,6,6,일산,7,"5,15,25,35,53,55,65"
814,19:14,7,7,판교,6,"6,16,26,36,46,56"
814,19:14,8,8,동탄/용인,5,"7,27,37,57,67"
814,19:14,9,9,평택,6,"8,18,38,48,58,68"
815,19:15,1,1,서울역,2,"17,60"
815,19:15,10,10,인천공항,5,"19,29,39,49,59"
815,19:15,2,2,수서,4,"11,31,41,61"
815,19:15,3,3,삼성,7,"0,2,22,32,42,52,62"
815,19:15,4,4,여의도,6,"3,13,23,33,50,63"
815,19:15,5,5,김포공항,7,"4,14,24,34,44,54,64"
815,19:15,6,6,일산,7,"5,15,25,35,53,55,65"
815,19:15,7,7,판교,6,"6,16,26,36,46,56"
815,19:15,8,8,동탄/용인,5,"7,27,37,57,67"
815,19:15,9,9,평택,6,"8,18,38,48,58,68"
816,19:16,1,1,서울역,2,"17,60"
816,19:16,10,10,인천공항,5,"19,29,39,49,59"
816,19:16,2,2,수서,6,"11,21,31,41,51,61"
816,19:16,3,3,삼성,9,"0,2,10,12,22,32,42,52,62"
816,19:16,4,4,여의도,7,"1,3,13,23,33,50,63"
816,19:16,5,5,김포공항,7,"4,14,24,34,44,54,64"
816,19:16,6,6,일산,8,"5,15,25,35,45,53,55,65"
816,19:16,7,7,판교,7,"6,16,26,36,46,56,66"
816,19:16,8,8,동탄/용인,5,"7,27,37,57,67"
816,19:16,9,9,평택,6,"8,18,38,48,58,68"
817,19:17,1,1,서울역,2,"17,60"
817,19:17,10,10,인천공항,5,"19,29,39,49,59"
817,19:17,2,2,수서,6,"11,21,31,41,51,61"
817,19:17,3,3,삼성,8,"2,10,12,22,32,42,52,62"
817,19:17,4,4,여의도,6,"1,3,13,23,33,63"
817,19:17,5,5,김포공항,7,"4,14,24,34,44,54,64"
817,19:17,6,6,일산,8,"5,15,25,35,45,53,55,65"
817,19:17,7,7,판교,7,"6,16,26,36,46,56,66"
817,19:17,8,8,동탄/용인,5,"7,27,37,57,67"
817,19:17,9,9,평택,6,"8,18,38,48,58,68"
818,19:18,1,1,서울역,2,"30,60"
818,19:18,10,10,인천공항,5,"19,29,39,49,59"
818,19:18,2,2,수서,6,"11,21,31,41,51,61"
818,19:18,3,3,삼성,8,"2,10,12,22,32,42,52,62"
818,19:18,4,4,여의도,6,"1,3,13,23,33,63"
818,19:18,5,5,김포공항,7,"4,14,24,34,44,54,64"
818,19:18,6,6,일산,8,"5,15,25,35,45,53,55,65"
818,19:18,7,7,판교,7,"6,16,26,36,46,56,66"
818,19:18,8,8,동탄/용인,5,"7,27,37,57,67"
818,19:18,9,9,평택,6,"8,18,38,48,58,68"
819,19:19,1,1,서울역,4,"20,30,40,60"
819,19:19,10,10,인천공항,6,"19,29,39,49,59,69"
819,19:19,2,2,수서,6,"11,21,31,41,51,61"
819,19:19,3,3,삼성,7,"2,12,22,32,42,52,62"
819,19:19,4,4,여의도,6,"3,13,23,33,43,63"
819,19:19,5,5,김포공항,7,"4,14,24,34,44,54,64"
819,19:19,6,6,일산,7,"5,15,25,35,45,55,65"
819,19:19,7,7,판교,7,"6,16,26,36,46,56,66"
819,19:19,8,8,동탄/용인,5,"7,27,37,57,67"
819,19:19,9,9,평택,6,"8,18,38,48,58,68"
820,19:20,1,1,서울역,4,"20,30,40,60"
820,19:20,10,10,인천공항,6,"19,29,39,49,59,69"
820,19:20,2,2,수서,6,"11,21,31,41,51,61"
820,19:20,3,3,삼성,7,"2,12,22,32,42,52,62"
820,19:20,4,4,여의도,6,"3,13,23,33,43,63"
820,19:20,5,5,김포공항,7,"4,14,24,34,44,54,64"
820,19:20,6,6,일산,7,"5,15,25,35,45,55,65"
820,19:20,7,7,판교,7,"6,16,26,36,46,56,66"
820,19:20,8,8,동탄/용인,6,"7,27,37,47,57,67"
820,19:20,9,9,평택,7,"8,18,28,38,48,58,68"
821,19:21,1,1,서울역,5,"20,30,40,50,60"
821,19:21,10,10,인천공항,6,"19,29,39,49,59,69"
821,19:21,2,2,수서,6,"11,21,31,41,51,61"
821,19:21,3,3,삼성,7,"2,12,22,32,42,52,62"
821,19:21,4,4,여의도,6,"3,13,23,33,43,63"
821,19:21,5,5,김포공항,7,"4,14,24,34,44,54,64"
821,19:21,6,6,일산,7,"5,15,25,35,45,55,65"
821,19:21,7,7,판교,7,"6,16,26,36,46,56,66"
821,19:21,8,8,동탄/용인,6,"7,27,37,47,57,67"
821,19:21,9,9,평택,7,"8,18,28,38,48,58,68"
822,19:22,1,1,서울역,5,"20,30,40,50,60"
822,19:22,10,10,인천공항,6,"19,29,39,49,59,69"
822,19:22,2,2,수서,6,"11,21,31,41,51,61"
822,19:22,3,3,삼성,7,"2,12,22,32,42,52,62"
822,19:22,4,4,여의도,6,"3,13,23,33,43,63"
822,19:22,5,5,김포공항,7,"4,14,24,34,44,54,64"
822,19:22,6,6,일산,7,"5,15,25,35,45,55,65"
822,19:22,7,7,판교,7,"6,16,26,36,46,56,66"
822,19:22,8,8,동탄/용인,6,"7,27,37,47,57,67"
822,19:22,9,9,평택,7,"8,18,28,38,48,58,68"
823,19:23,1,1,서울역,6,"0,20,30,40,50,60"
823,19:23,10,10,인천공항,6,"19,29,39,49,59,69"
823,19:23,2,2,수서,6,"11,21,31,41,51,61"
823,19:23,3,3,삼성,7,"2,12,22,32,42,52,62"
823,19:23,4,4,여의도,6,"3,13,23,33,43,63"
823,19:23,5,5,김포공항,7,"4,14,24,34,44,54,64"
823,19:23,6,6,일산,7,"5,15,25,35,45,55,65"
823,19:23,7,7,판교,7,"6,16,26,36,46,56,66"
823,19:23,8,8,동탄/용인,6,"7,27,37,47,57,67"
823,19:23,9,9,평택,7,"8,18,28,38,48,58,68"
824,19:24,1,1,서울역,6,"0,20,30,40,50,60"
824,19:24,10,10,인천공항,7,"9,19,29,39,49,59,69"
824,19:24,2,2,수서,6,"11,21,31,41,51,61"
824,19:24,3,3,삼성,7,"2,12,22,32,42,52,62"
824,19:24,4,4,여의도,6,"3,13,23,33,43,63"
824,19:24,5,5,김포공항,7,"4,14,24,34,44,54,64"
824,19:24,6,6,일산,7,"5,15,25,35,45,55,65"
824,19:24,7,7,판교,7,"6,16,26,36,46,56,66"
824,19:24,8,8,동탄/용인,6,"7,27,37,47,57,67"
824,19:24,9,9,평택,7,"8,18,28,38,48,58,68"
825,19:25,1,1,서울역,7,"0,10,20,30,40,50,60"
825,19:25,10,10,인천공항,7,"9,19,29,39,49,59,69"
825,19:25,2,2,수서,7,"1,11,21,31,41,51,61"
825,19:25,3,3,삼성,7,"2,12,22,32,42,52,62"
825,19:25,4,4,여의도,6,"3,13,23,33,43,63"
825,19:25,5,5,김포공항,7,"4,14,24,34,44,54,64"
825,19:25,6,6,일산,7,"5,15,25,35,45,55,65"
825,19:25,7,7,판교,7,"6,16,26,36,46,56,66"
825,19:25,8,8,동탄/용인,6,"7,27,37,47,57,67"
825,19:25,9,9,평택,7,"8,18,28,38,48,58,68"
826,19:26,1,1,서울역,7,"0,10,20,30,40,50,60"
826,19:26,10,10,인천공항,7,"9,19,29,39,49,59,69"
826,19:26,2,2,수서,7,"1,11,21,31,41,51,61"
826,19:26,3,3,삼성,7,"2,12,22,32,42,52,62"
826,19:26,4,4,여의도,7,"3,13,23,33,43,53,63"
826,19:26,5,5,김포공항,7,"4,14,24,34,44,54,64"
826,19:26,6,6,일산,7,"5,15,25,35,45,55,65"
826,19:26,7,7,판교,7,"6,16,26,36,46,56,66"
826,19:26,8,8,동탄/용인,6,"7,27,37,47,57,67"
826,19:26,9,9,평택,7,"8,18,28,38,48,58,68"
827,19:27,1,1,서울역,7,"0,10,20,30,40,50,60"
827,19:27,10,10,인천공항,7,"9,19,29,39,49,59,69"
827,19:27,2,2,수서,7,"1,11,21,31,41,51,61"
827,19:27,3,3,삼성,7,"2,12,22,32,42,52,62"
827,19:27,4,4,여의도,7,"3,13,23,33,43,53,63"
827,19:27,5,5,김포공항,7,"4,14,24,34,44,54,64"
827,19:27,6,6,일산,7,"5,15,25,35,45,55,65"
827,19:27,7,7,판교,7,"6,16,26,36,46,56,66"
827,19:27,8,8,동탄/용인,6,"7,27,37,47,57,67"
827,19:27,9,9,평택,7,"8,18,28,38,48,58,68"
828,19:28,1,1,서울역,7,"0,10,20,30,40,50,60"
828,19:28,10,10,인천공항,7,"9,19,29,39,49,59,69"
828,19:28,2,2,수서,7,"1,11,21,31,41,51,61"
828,19:28,3,3,삼성,7,"2,12,22,32,42,52,62"
828,19:28,4,4,여의도,7,"3,13,23,33,43,53,63"
828,19:28,5,5,김포공항,7,"4,14,24,34,44,54,64"
828,19:28,6,6,일산,7,"5,15,25,35,45,55,65"
828,19:28,7,7,판교,7,"6,16,26,36,46,56,66"
828,19:28,8,8,동탄/용인,6,"7,27,37,47,57,67"
828,19:28,9,9,평택,7,"8,18,28,38,48,58,68"
829,19:29,1,1,서울역,7,"0,10,20,30,40,50,60"
829,19:29,10,10,인천공항,7,"9,19,29,39,49,59,69"
829,19:29,2,2,수서,7,"1,11,21,31,41,51,61"
829,19:29,3,3,삼성,7,"2,12,22,32,42,52,62"
829,19:29,4,4,여의도,7,"3,13,23,33,43,53,63"
829,19:29,5,5,김포공항,7,"4,14,24,34,44,54,64"
829,19:29,6,6,일산,7,"5,15,25,35,45,55,65"
829,19:29,7,7,판교,7,"6,16,26,36,46,56,66"
829,19:29,8,8,동탄/용인,6,"7,27,37,47,57,67"
829,19:29,9,9,평택,7,"8,18,28,38,48,58,68"
830,19:30,1,1,서울역,7,"0,10,20,30,40,50,60"
830,19:30,10,10,인천공항,7,"9,19,29,39,49,59,69"
830,19:30,2,2,수서,7,"1,11,21,31,41,51,61"
830,19:30,3,3,삼성,7,"2,12,22,32,42,52,62"
830,19:30,4,4,여의도,7,"3,13,23,33,43,53,63"
830,19:30,5,5,김포공항,7,"4,14,24,34,44,54,64"
830,19:30,6,6,일산,7,"5,15,25,35,45,55,65"
830,19:30,7,7,판교,7,"6,16,26,36,46,56,66"
830,19:30,8,8,동탄/용인,7,"7,17,27,37,47,57,67"
830,19:30,9,9,평택,7,"8,18,28,38,48,58,68"
