time_min,time_hhmm,route_node_id,physical_node_id,physical_address,vehicle_count,vehicle_ids
22,06:02,6,6,일산,1,5
23,06:03,4,4,여의도,1,3
23,06:03,6,6,일산,1,5
24,06:04,4,4,여의도,2,"3,13"
24,06:04,6,6,일산,2,"5,25"
24,06:04,7,7,판교,1,6
25,06:05,10,10,인천공항,1,9
25,06:05,4,4,여의도,2,"3,13"
25,06:05,6,6,일산,1,25
25,06:05,7,7,판교,1,6
26,06:06,10,10,인천공항,1,9
26,06:06,4,4,여의도,1,13
26,06:06,6,6,일산,1,25
26,06:06,7,7,판교,1,6
27,06:07,10,10,인천공항,1,9
27,06:07,9,9,평택,1,8
28,06:08,9,9,평택,1,8
29,06:09,10,10,인천공항,1,9
29,06:09,9,9,평택,1,8
30,06:10,10,10,인천공항,2,"9,19"
30,06:10,6,6,일산,1,35
31,06:11,10,10,인천공항,2,"9,19"
31,06:11,6,6,일산,1,35
32,06:12,10,10,인천공항,1,19
32,06:12,6,6,일산,3,"15,35,45"
33,06:13,6,6,일산,2,"15,45"
34,06:14,6,6,일산,2,"15,45"
36,06:16,1,1,서울역,2,"0,10"
37,06:17,1,1,서울역,2,"0,10"
37,06:17,5,5,김포공항,1,4
38,06:18,1,1,서울역,2,"0,10"
38,06:18,2,2,수서,1,5
38,06:18,5,5,김포공항,1,4
38,06:18,6,6,일산,1,55
39,06:19,2,2,수서,1,5
39,06:19,5,5,김포공항,1,4
39,06:19,6,6,일산,1,55
40,06:20,2,2,수서,2,"1,5"
40,06:20,3,3,삼성,1,2
40,06:20,6,6,일산,2,"55,75"
41,06:21,2,2,수서,1,1
41,06:21,3,3,삼성,1,2
41,06:21,6,6,일산,1,75
41,06:21,7,7,판교,1,25
42,06:22,2,2,수서,1,1
42,06:22,3,3,삼성,1,2
42,06:22,6,6,일산,1,75
42,06:22,7,7,판교,1,25
43,06:23,7,7,판교,1,25
43,06:23,9,9,평택,1,3
44,06:24,1,1,서울역,1,20
44,06:24,9,9,평택,2,"3,13"
45,06:25,1,1,서울역,1,20
45,06:25,10,10,인천공항,1,6
45,06:25,9,9,평택,2,"3,13"
46,06:26,1,1,서울역,1,20
46,06:26,10,10,인천공항,1,6
46,06:26,9,9,평택,1,13
47,06:27,10,10,인천공항,1,6
47,06:27,4,4,여의도,2,"8,19"
47,06:27,7,7,판교,1,35
48,06:28,10,10,인천공항,1,15
48,06:28,2,2,수서,1,5
48,06:28,4,4,여의도,2,"8,19"
48,06:28,7,7,판교,1,35
49,06:29,1,1,서울역,1,30
49,06:29,10,10,인천공항,1,15
49,06:29,2,2,수서,1,5
49,06:29,3,3,삼성,1,9
49,06:29,4,4,여의도,2,"8,19"
49,06:29,7,7,판교,2,"35,45"
50,06:30,1,1,서울역,1,30
50,06:30,10,10,인천공항,1,15
50,06:30,2,2,수서,1,5
50,06:30,3,3,삼성,1,9
50,06:30,6,6,일산,1,85
50,06:30,7,7,판교,1,45
51,06:31,1,1,서울역,1,30
51,06:31,3,3,삼성,1,9
51,06:31,6,6,일산,1,85
51,06:31,7,7,판교,1,45
52,06:32,1,1,서울역,1,40
52,06:32,3,3,삼성,1,9
52,06:32,6,6,일산,1,85
53,06:33,1,1,서울역,1,40
53,06:33,10,10,인천공항,1,39
53,06:33,3,3,삼성,1,9
53,06:33,6,6,일산,1,65
54,06:34,1,1,서울역,1,40
54,06:34,10,10,인천공항,2,"10,39"
54,06:34,3,3,삼성,1,9
54,06:34,6,6,일산,2,"65,95"
55,06:35,10,10,인천공항,3,"6,10,39"
55,06:35,4,4,여의도,1,8
55,06:35,6,6,일산,2,"65,95"
55,06:35,7,7,판교,1,55
56,06:36,10,10,인천공항,2,"6,10"
56,06:36,4,4,여의도,1,8
56,06:36,6,6,일산,1,95
56,06:36,7,7,판교,1,55
57,06:37,10,10,인천공항,2,"6,49"
57,06:37,4,4,여의도,1,8
57,06:37,7,7,판교,2,"55,75"
57,06:37,9,9,평택,1,0
58,06:38,10,10,인천공항,1,49
58,06:38,7,7,판교,1,75
58,06:38,9,9,평택,1,0
59,06:39,10,10,인천공항,1,49
59,06:39,7,7,판교,1,75
59,06:39,9,9,평택,3,"0,1,4"
60,06:40,10,10,인천공항,2,"2,29"
60,06:40,3,3,삼성,1,9
60,06:40,9,9,평택,2,"1,4"
61,06:41,10,10,인천공항,2,"2,29"
61,06:41,3,3,삼성,1,9
61,06:41,9,9,평택,2,"1,4"
62,06:42,1,1,서울역,1,50
62,06:42,10,10,인천공항,3,"2,20,29"
62,06:42,3,3,삼성,1,9
63,06:43,1,1,서울역,1,50
63,06:43,10,10,인천공항,1,20
63,06:43,6,6,일산,1,125
64,06:44,1,1,서울역,1,50
64,06:44,10,10,인천공항,2,"20,29"
64,06:44,4,4,여의도,1,19
64,06:44,6,6,일산,1,125
64,06:44,9,9,평택,1,0
65,06:45,1,1,서울역,1,60
65,06:45,10,10,인천공항,2,"20,29"
65,06:45,4,4,여의도,1,19
65,06:45,6,6,일산,1,125
65,06:45,9,9,평택,1,0
66,06:46,1,1,서울역,1,60
66,06:46,10,10,인천공항,2,"20,29"
66,06:46,4,4,여의도,1,19
66,06:46,9,9,평택,1,0
67,06:47,1,1,서울역,1,60
67,06:47,10,10,인천공항,2,"20,30"
67,06:47,7,7,판교,1,85
67,06:47,9,9,평택,1,5
68,06:48,10,10,인천공항,2,"30,69"
68,06:48,7,7,판교,1,85
68,06:48,9,9,평택,1,5
69,06:49,10,10,인천공항,2,"30,69"
69,06:49,7,7,판교,1,85
69,06:49,9,9,평택,1,5
70,06:50,10,10,인천공항,2,"40,69"
70,06:50,4,4,여의도,2,"23,39"
71,06:51,10,10,인천공항,3,"40,69,79"
71,06:51,4,4,여의도,2,"23,39"
71,06:51,7,7,판교,1,95
72,06:52,10,10,인천공항,4,"40,69,79,89"
72,06:52,4,4,여의도,3,"23,33,39"
72,06:52,7,7,판교,1,95
73,06:53,10,10,인천공항,4,"40,69,79,89"
73,06:53,4,4,여의도,1,33
73,06:53,6,6,일산,1,14
73,06:53,7,7,판교,1,95
74,06:54,10,10,인천공항,2,"40,89"
74,06:54,4,4,여의도,2,"33,49"
74,06:54,6,6,일산,1,14
74,06:54,8,8,동탄/용인,1,7
75,06:55,10,10,인천공항,1,40
75,06:55,3,3,삼성,1,6
75,06:55,4,4,여의도,1,49
75,06:55,6,6,일산,1,14
75,06:55,8,8,동탄/용인,1,7
75,06:55,9,9,평택,1,8
76,06:56,3,3,삼성,1,6
76,06:56,4,4,여의도,1,49
76,06:56,8,8,동탄/용인,1,7
76,06:56,9,9,평택,1,8
77,06:57,3,3,삼성,1,6
77,06:57,9,9,평택,1,8
78,06:58,9,9,평택,1,65
79,06:59,9,9,평택,1,65
80,07:00,10,10,인천공항,2,"9,50"
80,07:00,7,7,판교,1,125
80,07:00,9,9,평택,1,65
81,07:01,10,10,인천공항,2,"9,50"
81,07:01,5,5,김포공항,1,74
81,07:01,7,7,판교,1,125
82,07:02,10,10,인천공항,2,"9,50"
82,07:02,5,5,김포공항,2,"74,84"
82,07:02,7,7,판교,1,125
82,07:02,8,8,동탄/용인,1,17
83,07:03,10,10,인천공항,1,60
83,07:03,5,5,김포공항,2,"74,84"
83,07:03,8,8,동탄/용인,1,17
84,07:04,10,10,인천공항,2,"2,60"
84,07:04,3,3,삼성,1,29
84,07:04,5,5,김포공항,1,84
84,07:04,6,6,일산,1,115
84,07:04,8,8,동탄/용인,1,17
84,07:04,9,9,평택,1,19
85,07:05,10,10,인천공항,3,"2,9,60"
85,07:05,3,3,삼성,2,"20,29"
85,07:05,6,6,일산,1,115
85,07:05,9,9,평택,1,19
86,07:06,10,10,인천공항,3,"2,9,59"
86,07:06,3,3,삼성,2,"20,29"
86,07:06,6,6,일산,1,115
86,07:06,9,9,평택,1,19
87,07:07,10,10,인천공항,2,"9,59"
87,07:07,3,3,삼성,2,"20,29"
88,07:08,10,10,인천공항,2,"0,59"
88,07:08,3,3,삼성,1,29
88,07:08,4,4,여의도,1,79
89,07:09,10,10,인천공항,1,0
89,07:09,3,3,삼성,1,29
89,07:09,4,4,여의도,2,"79,89"
89,07:09,6,6,일산,1,24
90,07:10,10,10,인천공항,1,0
90,07:10,2,2,수서,1,21
90,07:10,4,4,여의도,3,"7,79,89"
90,07:10,6,6,일산,1,24
90,07:10,7,7,판교,2,"14,16"
90,07:10,8,8,동탄/용인,1,27
90,07:10,9,9,평택,1,23
91,07:11,10,10,인천공항,1,0
91,07:11,2,2,수서,2,"21,31"
91,07:11,3,3,삼성,1,69
91,07:11,4,4,여의도,2,"7,89"
91,07:11,6,6,일산,3,"24,34,44"
91,07:11,7,7,판교,2,"14,16"
91,07:11,8,8,동탄/용인,1,27
91,07:11,9,9,평택,1,23
92,07:12,10,10,인천공항,1,0
92,07:12,2,2,수서,2,"21,31"
92,07:12,3,3,삼성,1,69
92,07:12,4,4,여의도,1,7
92,07:12,6,6,일산,2,"34,44"
92,07:12,7,7,판교,2,"14,16"
92,07:12,8,8,동탄/용인,1,27
92,07:12,9,9,평택,2,"23,33"
93,07:13,10,10,인천공항,1,0
93,07:13,2,2,수서,2,"11,31"
93,07:13,3,3,삼성,2,"40,69"
93,07:13,6,6,일산,2,"34,44"
93,07:13,9,9,평택,1,33
94,07:14,1,1,서울역,1,70
94,07:14,10,10,인천공항,1,10
94,07:14,2,2,수서,1,11
94,07:14,3,3,삼성,2,"40,69"
94,07:14,9,9,평택,1,33
95,07:15,1,1,서울역,2,"70,84"
95,07:15,10,10,인천공항,1,10
95,07:15,2,2,수서,1,11
95,07:15,3,3,삼성,2,"40,69"
96,07:16,1,1,서울역,2,"70,84"
96,07:16,10,10,인천공항,1,10
96,07:16,3,3,삼성,1,69
96,07:16,7,7,판교,1,74
97,07:17,1,1,서울역,1,84
97,07:17,2,2,수서,1,17
97,07:17,6,6,일산,2,"54,94"
97,07:17,7,7,판교,1,74
98,07:18,2,2,수서,1,17
98,07:18,6,6,일산,2,"54,94"
98,07:18,7,7,판교,1,74
98,07:18,8,8,동탄/용인,1,37
99,07:19,2,2,수서,1,17
99,07:19,3,3,삼성,1,115
99,07:19,6,6,일산,2,"54,94"
99,07:19,8,8,동탄/용인,1,37
100,07:20,3,3,삼성,1,115
100,07:20,6,6,일산,1,105
100,07:20,7,7,판교,1,14
100,07:20,8,8,동탄/용인,2,"37,47"
101,07:21,10,10,인천공항,1,15
101,07:21,2,2,수서,1,17
101,07:21,3,3,삼성,1,115
101,07:21,4,4,여의도,1,21
101,07:21,6,6,일산,1,105
101,07:21,7,7,판교,1,14
101,07:21,8,8,동탄/용인,1,47
102,07:22,1,1,서울역,1,16
102,07:22,10,10,인천공항,2,"15,30"
102,07:22,2,2,수서,1,17
102,07:22,4,4,여의도,2,"21,31"
102,07:22,6,6,일산,1,105
102,07:22,7,7,판교,1,14
102,07:22,8,8,동탄/용인,1,47
103,07:23,1,1,서울역,1,16
103,07:23,10,10,인천공항,2,"15,30"
103,07:23,2,2,수서,1,17
103,07:23,4,4,여의도,2,"21,31"
103,07:23,8,8,동탄/용인,1,57
104,07:24,1,1,서울역,1,16
104,07:24,10,10,인천공항,1,30
104,07:24,3,3,삼성,2,"6,24"
104,07:24,4,4,여의도,1,31
104,07:24,8,8,동탄/용인,1,57
105,07:25,2,2,수서,1,27
105,07:25,3,3,삼성,2,"6,24"
105,07:25,8,8,동탄/용인,1,57
106,07:26,2,2,수서,1,27
106,07:26,3,3,삼성,4,"6,24,34,59"
107,07:27,2,2,수서,1,27
107,07:27,3,3,삼성,2,"34,59"
108,07:28,10,10,인천공항,1,50
108,07:28,2,2,수서,1,27
108,07:28,3,3,삼성,2,"34,59"
108,07:28,7,7,판교,1,44
108,07:28,9,9,평택,1,2
109,07:29,1,1,서울역,1,94
109,07:29,10,10,인천공항,1,50
109,07:29,2,2,수서,1,27
109,07:29,6,6,일산,4,"11,64,114,124"
109,07:29,7,7,판교,1,44
109,07:29,8,8,동탄/용인,1,67
109,07:29,9,9,평택,2,"2,9"
110,07:30,1,1,서울역,2,"16,94"
110,07:30,10,10,인천공항,1,50
110,07:30,2,2,수서,1,27
110,07:30,6,6,일산,4,"11,64,114,124"
110,07:30,7,7,판교,1,44
110,07:30,8,8,동탄/용인,1,67
110,07:30,9,9,평택,2,"2,9"
111,07:31,1,1,서울역,2,"16,94"
111,07:31,10,10,인천공항,1,50
111,07:31,5,5,김포공항,1,104
111,07:31,6,6,일산,4,"11,64,114,124"
111,07:31,7,7,판교,1,25
111,07:31,8,8,동탄/용인,2,"67,77"
111,07:31,9,9,평택,1,9
112,07:32,1,1,서울역,1,16
112,07:32,10,10,인천공항,1,50
112,07:32,4,4,여의도,1,17
112,07:32,5,5,김포공항,1,104
112,07:32,7,7,판교,1,25
112,07:32,8,8,동탄/용인,1,77
113,07:33,10,10,인천공항,1,50
113,07:33,2,2,수서,1,37
113,07:33,4,4,여의도,1,17
113,07:33,5,5,김포공항,1,104
113,07:33,6,6,일산,1,134
113,07:33,7,7,판교,1,25
113,07:33,8,8,동탄/용인,2,"77,87"
114,07:34,2,2,수서,1,37
114,07:34,4,4,여의도,1,17
114,07:34,6,6,일산,1,134
114,07:34,7,7,판교,1,54
114,07:34,8,8,동탄/용인,1,87
115,07:35,2,2,수서,2,"37,47"
115,07:35,6,6,일산,1,134
115,07:35,7,7,판교,1,54
115,07:35,8,8,동탄/용인,1,87
115,07:35,9,9,평택,1,70
116,07:36,2,2,수서,1,47
116,07:36,3,3,삼성,1,12
116,07:36,7,7,판교,1,54
116,07:36,9,9,평택,1,70
117,07:37,2,2,수서,1,47
117,07:37,3,3,삼성,2,"12,20"
117,07:37,6,6,일산,1,14
117,07:37,9,9,평택,1,70
118,07:38,2,2,수서,1,57
118,07:38,3,3,삼성,2,"12,20"
118,07:38,6,6,일산,1,14
118,07:38,9,9,평택,2,"1,10"
119,07:39,2,2,수서,1,57
119,07:39,3,3,삼성,1,20
119,07:39,4,4,여의도,1,27
119,07:39,6,6,일산,1,14
119,07:39,7,7,판교,1,26
119,07:39,9,9,평택,4,"0,1,2,10"
120,07:40,2,2,수서,1,57
120,07:40,4,4,여의도,1,27
120,07:40,7,7,판교,1,26
120,07:40,9,9,평택,4,"0,1,2,10"
121,07:41,1,1,서울역,2,"114,124"
121,07:41,4,4,여의도,1,27
121,07:41,7,7,판교,1,26
121,07:41,9,9,평택,2,"0,2"
122,07:42,1,1,서울역,2,"114,124"
122,07:42,3,3,삼성,1,29
122,07:42,9,9,평택,1,0
123,07:43,1,1,서울역,2,"114,124"
123,07:43,3,3,삼성,1,29
123,07:43,4,4,여의도,1,25
123,07:43,6,6,일산,1,11
123,07:43,7,7,판교,1,35
123,07:43,9,9,평택,1,0
124,07:44,2,2,수서,1,67
124,07:44,3,3,삼성,1,29
124,07:44,4,4,여의도,1,25
124,07:44,6,6,일산,1,11
124,07:44,7,7,판교,2,"35,36"
124,07:44,9,9,평택,2,"0,6"
125,07:45,1,1,서울역,1,134
125,07:45,2,2,수서,1,67
125,07:45,4,4,여의도,1,25
125,07:45,6,6,일산,1,11
125,07:45,7,7,판교,3,"35,36,44"
125,07:45,8,8,동탄/용인,1,127
125,07:45,9,9,평택,3,"6,15,105"
126,07:46,1,1,서울역,1,134
126,07:46,10,10,인천공항,1,99
126,07:46,2,2,수서,2,"67,77"
126,07:46,7,7,판교,4,"36,44,64,104"
126,07:46,8,8,동탄/용인,1,127
126,07:46,9,9,평택,4,"6,15,30,105"
127,07:47,1,1,서울역,1,134
127,07:47,10,10,인천공항,1,99
127,07:47,2,2,수서,1,77
127,07:47,7,7,판교,3,"44,64,104"
127,07:47,8,8,동탄/용인,1,127
127,07:47,9,9,평택,3,"15,30,105"
128,07:48,10,10,인천공항,1,99
128,07:48,2,2,수서,2,"77,87"
128,07:48,7,7,판교,2,"64,104"
128,07:48,9,9,평택,2,"3,30"
129,07:49,2,2,수서,2,"37,87"
129,07:49,6,6,일산,2,"17,21"
129,07:49,7,7,판교,1,45
129,07:49,8,8,동탄/용인,1,9
129,07:49,9,9,평택,1,3
130,07:50,2,2,수서,2,"37,87"
130,07:50,6,6,일산,2,"17,21"
130,07:50,7,7,판교,1,45
130,07:50,8,8,동탄/용인,1,9
130,07:50,9,9,평택,1,3
131,07:51,2,2,수서,1,37
131,07:51,4,4,여의도,1,26
131,07:51,6,6,일산,2,"17,21"
131,07:51,7,7,판교,1,45
131,07:51,8,8,동탄/용인,2,"9,12"
131,07:51,9,9,평택,1,16
132,07:52,4,4,여의도,1,26
132,07:52,8,8,동탄/용인,3,"12,20,97"
132,07:52,9,9,평택,1,16
133,07:53,4,4,여의도,1,26
133,07:53,8,8,동탄/용인,3,"12,20,97"
133,07:53,9,9,평택,1,16
134,07:54,2,2,수서,1,41
134,07:54,6,6,일산,1,14
134,07:54,8,8,동탄/용인,2,"20,97"
135,07:55,2,2,수서,1,41
135,07:55,4,4,여의도,1,35
135,07:55,5,5,김포공항,1,27
135,07:55,6,6,일산,1,14
135,07:55,9,9,평택,1,50
136,07:56,2,2,수서,1,41
136,07:56,4,4,여의도,2,"35,36"
136,07:56,5,5,김포공항,1,27
136,07:56,6,6,일산,1,14
136,07:56,9,9,평택,1,50
137,07:57,4,4,여의도,3,"35,36,44"
137,07:57,5,5,김포공항,1,27
137,07:57,8,8,동탄/용인,1,29
137,07:57,9,9,평택,1,50
138,07:58,4,4,여의도,2,"36,44"
138,07:58,6,6,일산,1,53
138,07:58,8,8,동탄/용인,1,29
138,07:58,9,9,평택,2,"8,50"
139,07:59,10,10,인천공항,1,60
139,07:59,4,4,여의도,1,44
139,07:59,6,6,일산,1,53
139,07:59,8,8,동탄/용인,1,29
139,07:59,9,9,평택,2,"8,50"
140,08:00,10,10,인천공항,1,60
140,08:00,2,2,수서,2,"47,127"
140,08:00,3,3,삼성,1,92
140,08:00,4,4,여의도,1,37
140,08:00,6,6,일산,1,53
140,08:00,9,9,평택,4,"4,8,10,50"
141,08:01,1,1,서울역,1,45
141,08:01,10,10,인천공항,1,60
141,08:01,2,2,수서,3,"47,51,127"
141,08:01,3,3,삼성,1,92
141,08:01,4,4,여의도,1,37
141,08:01,7,7,판교,1,55
141,08:01,9,9,평택,3,"4,5,10"
142,08:02,1,1,서울역,1,45
142,08:02,2,2,수서,3,"47,51,127"
142,08:02,3,3,삼성,2,"82,92"
142,08:02,4,4,여의도,1,37
142,08:02,7,7,판교,1,55
142,08:02,8,8,동탄/용인,1,117
142,08:02,9,9,평택,3,"4,5,10"
143,08:03,1,1,서울역,1,45
143,08:03,2,2,수서,1,51
143,08:03,3,3,삼성,1,82
143,08:03,6,6,일산,1,1
143,08:03,7,7,판교,1,55
143,08:03,8,8,동탄/용인,1,117
143,08:03,9,9,평택,1,5
144,08:04,1,1,서울역,1,45
144,08:04,2,2,수서,1,9
144,08:04,3,3,삼성,3,"62,82,102"
144,08:04,6,6,일산,2,"1,2"
144,08:04,7,7,판교,2,"46,56"
144,08:04,8,8,동탄/용인,1,117
145,08:05,1,1,서울역,1,45
145,08:05,2,2,수서,2,"9,57"
145,08:05,3,3,삼성,2,"62,102"
145,08:05,6,6,일산,2,"1,2"
145,08:05,7,7,판교,3,"46,54,56"
146,08:06,1,1,서울역,1,45
146,08:06,2,2,수서,3,"9,57,61"
146,08:06,3,3,삼성,5,"34,62,69,99,102"
146,08:06,6,6,일산,1,2
146,08:06,7,7,판교,5,"17,21,46,54,56"
147,08:07,2,2,수서,2,"57,61"
147,08:07,3,3,삼성,3,"34,69,99"
147,08:07,5,5,김포공항,1,41
147,08:07,7,7,판교,3,"17,21,54"
148,08:08,2,2,수서,3,"27,61,67"
148,08:08,3,3,삼성,4,"34,40,69,99"
148,08:08,4,4,여의도,1,97
148,08:08,5,5,김포공항,4,"41,49,63,73"
148,08:08,7,7,판교,2,"17,21"
148,08:08,8,8,동탄/용인,3,"15,19,33"
148,08:08,9,9,평택,1,11
149,08:09,2,2,수서,3,"9,27,67"
149,08:09,3,3,삼성,1,40
149,08:09,4,4,여의도,1,97
149,08:09,5,5,김포공항,4,"41,49,63,73"
149,08:09,6,6,일산,3,"7,103,113"
149,08:09,7,7,판교,1,21
149,08:09,8,8,동탄/용인,3,"15,19,33"
149,08:09,9,9,평택,1,11
150,08:10,1,1,서울역,1,53
150,08:10,2,2,수서,4,"9,27,67,71"
150,08:10,3,3,삼성,2,"40,99"
150,08:10,4,4,여의도,1,97
150,08:10,5,5,김포공항,3,"49,63,73"
150,08:10,6,6,일산,6,"1,7,35,103,113,123"
150,08:10,7,7,판교,1,21
150,08:10,8,8,동탄/용인,3,"15,19,33"
150,08:10,9,9,평택,2,"6,11"
151,08:11,1,1,서울역,1,53
151,08:11,2,2,수서,2,"9,71"
151,08:11,3,3,삼성,1,99
151,08:11,4,4,여의도,1,47
151,08:11,5,5,김포공항,1,73
151,08:11,6,6,일산,9,"1,2,7,25,35,103,113,123,133"
151,08:11,7,7,판교,1,21
151,08:11,8,8,동탄/용인,1,30
151,08:11,9,9,평택,1,6
152,08:12,1,1,서울역,1,53
152,08:12,2,2,수서,1,71
152,08:12,3,3,삼성,2,"99,112"
152,08:12,4,4,여의도,3,"47,51,92"
152,08:12,5,5,김포공항,1,73
152,08:12,6,6,일산,6,"1,2,25,35,123,133"
152,08:12,8,8,동탄/용인,2,"12,30"
152,08:12,9,9,평택,1,6
153,08:13,1,1,서울역,1,55
153,08:13,3,3,삼성,3,"72,112,115"
153,08:13,4,4,여의도,3,"47,51,92"
153,08:13,5,5,김포공항,2,"41,73"
153,08:13,6,6,일산,4,"2,3,25,133"
153,08:13,8,8,동탄/용인,3,"12,20,30"
154,08:14,1,1,서울역,1,55
154,08:14,2,2,수서,1,77
154,08:14,3,3,삼성,4,"72,112,115,122"
154,08:14,4,4,여의도,2,"51,92"
154,08:14,5,5,김포공항,1,41
154,08:14,6,6,일산,2,"3,36"
154,08:14,7,7,판교,1,64
154,08:14,8,8,동탄/용인,2,"12,20"
154,08:14,9,9,평택,1,11
155,08:15,1,1,서울역,1,55
155,08:15,2,2,수서,1,77
155,08:15,3,3,삼성,3,"72,115,122"
155,08:15,5,5,김포공항,2,"41,82"
155,08:15,6,6,일산,4,"3,36,37,80"
155,08:15,7,7,판교,3,"17,64,95"
155,08:15,8,8,동탄/용인,2,"20,23"
155,08:15,9,9,평택,1,11
156,08:16,1,1,서울역,1,56
156,08:16,2,2,수서,1,77
156,08:16,3,3,삼성,1,122
156,08:16,4,4,여의도,3,"46,57,102"
156,08:16,5,5,김포공항,1,82
156,08:16,6,6,일산,6,"3,36,37,39,80,84"
156,08:16,7,7,판교,4,"17,64,95,96"
156,08:16,8,8,동탄/용인,2,"23,38"
156,08:16,9,9,평택,1,11
157,08:17,1,1,서울역,2,"34,56"
157,08:17,10,10,인천공항,1,109
157,08:17,3,3,삼성,1,9
157,08:17,4,4,여의도,5,"46,54,57,61,102"
157,08:17,5,5,김포공항,1,82
157,08:17,6,6,일산,5,"3,37,39,80,84"
157,08:17,7,7,판교,4,"17,66,95,96"
157,08:17,8,8,동탄/용인,3,"23,29,38"
158,08:18,1,1,서울역,2,"34,56"
158,08:18,10,10,인천공항,1,109
158,08:18,3,3,삼성,3,"9,22,42"
158,08:18,4,4,여의도,5,"46,54,57,61,102"
158,08:18,5,5,김포공항,1,82
158,08:18,6,6,일산,4,"3,31,39,84"
158,08:18,7,7,판교,3,"66,74,96"
158,08:18,8,8,동탄/용인,2,"29,38"
159,08:19,1,1,서울역,2,"34,40"
159,08:19,10,10,인천공항,1,109
159,08:19,2,2,수서,1,81
159,08:19,3,3,삼성,4,"9,22,42,132"
159,08:19,4,4,여의도,3,"54,61,67"
159,08:19,5,5,김포공항,1,82
159,08:19,6,6,일산,2,"31,90"
159,08:19,7,7,판교,2,"66,74"
159,08:19,8,8,동탄/용인,2,"29,62"
159,08:19,9,9,평택,1,14
160,08:20,1,1,서울역,1,40
160,08:20,2,2,수서,1,81
160,08:20,3,3,삼성,4,"22,32,42,132"
160,08:20,4,4,여의도,1,67
160,08:20,5,5,김포공항,1,82
160,08:20,6,6,일산,3,"0,31,90"
160,08:20,7,7,판교,2,"74,104"
160,08:20,8,8,동탄/용인,1,62
160,08:20,9,9,평택,2,"14,16"
161,08:21,1,1,서울역,5,"10,21,40,103,113"
161,08:21,2,2,수서,1,81
161,08:21,3,3,삼성,5,"32,49,52,63,132"
161,08:21,4,4,여의도,1,67
161,08:21,5,5,김포공항,1,117
161,08:21,6,6,일산,2,"0,90"
161,08:21,7,7,판교,2,"75,104"
161,08:21,8,8,동탄/용인,3,"62,69,107"
161,08:21,9,9,평택,2,"14,16"
162,08:22,1,1,서울역,7,"8,10,21,71,103,113,123"
162,08:22,2,2,수서,1,91
162,08:22,3,3,삼성,4,"32,49,52,63"
162,08:22,4,4,여의도,1,99
162,08:22,5,5,김포공항,1,117
162,08:22,6,6,일산,1,0
162,08:22,7,7,판교,2,"75,104"
162,08:22,8,8,동탄/용인,3,"62,69,107"
162,08:22,9,9,평택,2,"16,18"
163,08:23,1,1,서울역,8,"8,10,21,71,103,113,123,133"
163,08:23,2,2,수서,2,"33,91"
163,08:23,3,3,삼성,3,"49,52,63"
163,08:23,4,4,여의도,1,99
163,08:23,5,5,김포공항,1,117
163,08:23,7,7,판교,2,"75,106"
163,08:23,8,8,동탄/용인,3,"62,69,107"
163,08:23,9,9,평택,2,"18,60"
164,08:24,1,1,서울역,4,"8,71,123,133"
164,08:24,2,2,수서,2,"33,91"
164,08:24,3,3,삼성,3,"7,49,73"
164,08:24,4,4,여의도,3,"19,99,112"
164,08:24,7,7,판교,1,106
164,08:24,8,8,동탄/용인,1,62
164,08:24,9,9,평택,2,"18,60"
165,08:25,1,1,서울역,1,133
165,08:25,2,2,수서,1,33
165,08:25,3,3,삼성,4,"7,49,73,127"
165,08:25,4,4,여의도,3,"19,112,115"
165,08:25,6,6,일산,1,4
165,08:25,7,7,판교,1,106
165,08:25,9,9,평택,2,"45,60"
166,08:26,1,1,서울역,1,77
166,08:26,2,2,수서,1,101
166,08:26,3,3,삼성,7,"7,25,30,41,49,73,127"
166,08:26,4,4,여의도,5,"19,64,112,115,122"
166,08:26,6,6,일산,2,"4,5"
166,08:26,7,7,판교,2,"76,116"
166,08:26,9,9,평택,1,45
167,08:27,1,1,서울역,3,"77,80,95"
167,08:27,2,2,수서,2,"2,101"
167,08:27,3,3,삼성,6,"7,25,30,41,73,127"
167,08:27,4,4,여의도,3,"64,115,122"
167,08:27,5,5,김포공항,1,15
167,08:27,6,6,일산,3,"0,4,5"
167,08:27,7,7,판교,3,"35,76,116"
167,08:27,9,9,평택,1,45
168,08:28,1,1,서울역,5,"77,80,84,95,96"
168,08:28,2,2,수서,2,"2,101"
168,08:28,3,3,삼성,5,"7,25,30,41,73"
168,08:28,4,4,여의도,2,"64,122"
168,08:28,5,5,김포공항,3,"15,44,46"
168,08:28,6,6,일산,2,"0,5"
168,08:28,7,7,판교,3,"35,76,116"
168,08:28,8,8,동탄/용인,2,"48,72"
169,08:29,1,1,서울역,6,"12,42,80,84,95,96"
169,08:29,2,2,수서,1,2
169,08:29,3,3,삼성,3,"7,24,73"
169,08:29,4,4,여의도,1,66
169,08:29,5,5,김포공항,3,"15,44,46"
169,08:29,6,6,일산,2,"0,79"
169,08:29,7,7,판교,2,"35,85"
169,08:29,8,8,동탄/용인,2,"48,72"
170,08:30,1,1,서울역,5,"12,20,42,84,96"
170,08:30,2,2,수서,1,2
170,08:30,3,3,삼성,2,"24,131"
170,08:30,4,4,여의도,2,"66,74"
170,08:30,5,5,김포공항,3,"9,44,46"
170,08:30,6,6,일산,2,"79,83"
170,08:30,7,7,판교,2,"85,86"
170,08:30,8,8,동탄/용인,2,"48,72"
171,08:31,1,1,서울역,5,"12,20,42,81,90"
171,08:31,2,2,수서,2,"2,38"
171,08:31,3,3,삼성,5,"3,24,25,82,131"
171,08:31,4,4,여의도,4,"23,66,74,132"
171,08:31,5,5,김포공항,1,9
171,08:31,6,6,일산,4,"67,79,83,89"
171,08:31,7,7,판교,3,"36,85,86"
171,08:31,9,9,평택,1,13
172,08:32,1,1,서울역,6,"8,20,52,81,90,104"
172,08:32,2,2,수서,2,"2,38"
172,08:32,3,3,삼성,4,"3,25,82,131"
172,08:32,4,4,여의도,4,"23,32,74,132"
172,08:32,5,5,김포공항,1,9
172,08:32,6,6,일산,5,"5,17,67,83,89"
172,08:32,7,7,판교,4,"35,36,37,86"
172,08:32,9,9,평택,1,13
173,08:33,1,1,서울역,5,"8,52,81,90,104"
173,08:33,2,2,수서,1,38
173,08:33,3,3,삼성,5,"3,10,25,41,82"
173,08:33,4,4,여의도,4,"23,32,75,132"
173,08:33,5,5,김포공항,1,9
173,08:33,6,6,일산,5,"4,5,17,67,89"
173,08:33,7,7,판교,4,"35,36,37,39"
173,08:33,9,9,평택,1,13
174,08:34,1,1,서울역,5,"8,29,52,91,104"
174,08:34,10,10,인천공항,1,31
174,08:34,2,2,수서,1,111
174,08:34,3,3,삼성,4,"3,10,21,41"
174,08:34,4,4,여의도,2,"32,75"
174,08:34,5,5,김포공항,1,9
174,08:34,6,6,일산,4,"4,5,17,92"
174,08:34,7,7,판교,3,"35,37,39"
174,08:34,8,8,동탄/용인,1,50
175,08:35,1,1,서울역,5,"11,29,49,91,106"
175,08:35,10,10,인천공항,1,31
175,08:35,2,2,수서,2,"27,111"
175,08:35,3,3,삼성,5,"3,10,21,34,41"
175,08:35,4,4,여의도,1,75
175,08:35,5,5,김포공항,1,9
175,08:35,6,6,일산,3,"4,6,92"
175,08:35,7,7,판교,2,"37,39"
175,08:35,8,8,동탄/용인,2,"50,72"
175,08:35,9,9,평택,1,1
176,08:36,1,1,서울역,5,"11,29,49,91,106"
176,08:36,10,10,인천공항,1,31
176,08:36,2,2,수서,3,"27,33,111"
176,08:36,3,3,삼성,5,"3,21,34,40,59"
176,08:36,5,5,김포공항,2,"9,117"
176,08:36,6,6,일산,2,"6,92"
176,08:36,7,7,판교,1,37
176,08:36,8,8,동탄/용인,3,"45,50,72"
176,08:36,9,9,평택,1,1
177,08:37,1,1,서울역,3,"11,49,106"
177,08:37,10,10,인천공항,1,31
177,08:37,2,2,수서,2,"27,33"
177,08:37,3,3,삼성,4,"34,40,53,59"
177,08:37,4,4,여의도,1,127
177,08:37,5,5,김포공항,3,"9,51,117"
177,08:37,6,6,일산,2,"6,19"
177,08:37,7,7,판교,3,"16,36,37"
177,08:37,8,8,동탄/용인,2,"45,72"
177,08:37,9,9,평택,1,1
178,08:38,1,1,서울역,2,"101,116"
178,08:38,10,10,인천공항,1,31
178,08:38,2,2,수서,1,33
178,08:38,3,3,삼성,3,"40,53,59"
178,08:38,4,4,여의도,2,"76,127"
178,08:38,5,5,김포공항,3,"9,51,117"
178,08:38,6,6,일산,1,19
178,08:38,7,7,판교,2,"16,36"
178,08:38,8,8,동탄/용인,1,45
178,08:38,9,9,평택,2,"1,22"
179,08:39,1,1,서울역,3,"62,101,116"
179,08:39,10,10,인천공항,1,31
179,08:39,3,3,삼성,1,53
179,08:39,4,4,여의도,2,"76,127"
179,08:39,5,5,김포공항,2,"51,54"
179,08:39,6,6,일산,3,"17,19,57"
179,08:39,7,7,판교,3,"16,18,36"
179,08:39,8,8,동탄/용인,1,58
179,08:39,9,9,평택,2,"1,22"
180,08:40,1,1,서울역,3,"62,101,116"
180,08:40,3,3,삼성,1,73
180,08:40,4,4,여의도,1,76
180,08:40,5,5,김포공항,2,"54,107"
180,08:40,6,6,일산,3,"6,17,57"
180,08:40,7,7,판교,1,18
180,08:40,8,8,동탄/용인,1,58
180,08:40,9,9,평택,2,"1,22"
181,08:41,1,1,서울역,2,"62,79"
181,08:41,3,3,삼성,4,"44,46,63,73"
181,08:41,4,4,여의도,2,"2,85"
181,08:41,5,5,김포공항,2,"54,107"
181,08:41,6,6,일산,3,"6,17,57"
181,08:41,7,7,판교,1,18
181,08:41,8,8,동탄/용인,1,58
181,08:41,9,9,평택,1,109
182,08:42,1,1,서울역,2,"79,83"
182,08:42,10,10,인천공항,1,119
182,08:42,3,3,삼성,4,"44,46,63,73"
182,08:42,4,4,여의도,4,"2,85,86,131"
182,08:42,5,5,김포공항,1,107
182,08:42,6,6,일산,1,6
182,08:42,9,9,평택,2,"14,109"
183,08:43,1,1,서울역,4,"67,79,83,89"
183,08:43,10,10,인천공항,1,119
183,08:43,3,3,삼성,4,"30,44,46,63"
183,08:43,4,4,여의도,4,"2,85,86,131"
183,08:43,9,9,평택,2,"14,109"
184,08:44,1,1,서울역,4,"41,67,83,89"
184,08:44,10,10,인천공항,1,119
184,08:44,2,2,수서,1,38
184,08:44,3,3,삼성,1,30
184,08:44,4,4,여의도,3,"48,86,131"
184,08:44,9,9,평택,1,14
185,08:45,1,1,서울역,3,"41,67,89"
185,08:45,2,2,수서,2,"38,82"
185,08:45,3,3,삼성,1,30
185,08:45,4,4,여의도,2,"10,48"
186,08:46,1,1,서울역,3,"41,92,111"
186,08:46,2,2,수서,2,"38,82"
186,08:46,4,4,여의도,4,"10,21,27,48"
186,08:46,5,5,김포공항,1,107
187,08:47,1,1,서울역,4,"37,59,92,111"
187,08:47,2,2,수서,1,82
187,08:47,4,4,여의도,5,"10,21,27,33,34"
187,08:47,5,5,김포공항,2,"35,107"
187,08:47,9,9,평택,2,"7,22"
188,08:48,1,1,서울역,4,"37,59,92,111"
188,08:48,2,2,수서,1,5
188,08:48,3,3,삼성,3,"44,46,49"
188,08:48,4,4,여의도,5,"21,27,33,34,40"
188,08:48,5,5,김포공항,2,"35,107"
188,08:48,8,8,동탄/용인,1,68
188,08:48,9,9,평택,2,"7,22"
189,08:49,1,1,서울역,2,"37,59"
189,08:49,2,2,수서,2,"5,9"
189,08:49,3,3,삼성,5,"42,44,46,49,117"
189,08:49,4,4,여의도,5,"33,34,36,40,53"
189,08:49,5,5,김포공항,1,35
189,08:49,6,6,일산,2,"23,43"
189,08:49,8,8,동탄/용인,2,"68,69"
189,08:49,9,9,평택,3,"7,22,24"
190,08:50,2,2,수서,2,"5,9"
190,08:50,3,3,삼성,6,"42,44,46,49,51,117"
190,08:50,4,4,여의도,4,"36,40,50,53"
190,08:50,5,5,김포공항,1,32
190,08:50,6,6,일산,3,"23,43,61"
190,08:50,8,8,동탄/용인,2,"68,69"
190,08:50,9,9,평택,2,"7,24"
191,08:51,2,2,수서,2,"5,9"
191,08:51,3,3,삼성,3,"42,51,117"
191,08:51,4,4,여의도,4,"36,50,53,57"
191,08:51,5,5,김포공항,2,"15,32"
191,08:51,6,6,일산,4,"23,43,61,64"
191,08:51,8,8,동탄/용인,2,"60,69"
191,08:51,9,9,평택,3,"7,24,25"
192,08:52,1,1,서울역,1,63
192,08:52,2,2,수서,1,5
192,08:52,3,3,삼성,3,"51,52,54"
192,08:52,4,4,여의도,4,"6,50,57,73"
192,08:52,5,5,김포공항,2,"15,32"
192,08:52,6,6,일산,4,"47,61,64,66"
192,08:52,7,7,판교,1,16
192,08:52,8,8,동탄/용인,2,"60,69"
192,08:52,9,9,평택,2,"7,25"
193,08:53,1,1,서울역,2,"11,63"
193,08:53,2,2,수서,1,5
193,08:53,3,3,삼성,2,"52,54"
193,08:53,4,4,여의도,3,"6,57,73"
193,08:53,5,5,김포공항,2,"15,32"
193,08:53,6,6,일산,4,"26,47,64,66"
193,08:53,7,7,판교,1,16
193,08:53,8,8,동탄/용인,2,"60,69"
193,08:53,9,9,평택,2,"8,25"
194,08:54,1,1,서울역,2,"11,63"
194,08:54,3,3,삼성,4,"17,51,52,54"
194,08:54,4,4,여의도,2,"6,73"
194,08:54,5,5,김포공항,2,"32,72"
194,08:54,6,6,일산,5,"2,26,47,66,74"
194,08:54,7,7,판교,2,"16,19"
194,08:54,8,8,동탄/용인,1,69
194,08:54,9,9,평택,2,"3,8"
195,08:55,1,1,서울역,1,11
195,08:55,2,2,수서,1,29
195,08:55,3,3,삼성,4,"17,41,51,55"
195,08:55,4,4,여의도,2,"38,58"
195,08:55,5,5,김포공항,4,"32,35,45,72"
195,08:55,6,6,일산,3,"2,26,74"
195,08:55,7,7,판교,1,19
195,08:55,8,8,동탄/용인,1,65
195,08:55,9,9,평택,2,"3,8"
196,08:56,2,2,수서,2,"9,29"
196,08:56,3,3,삼성,4,"17,41,51,55"
196,08:56,4,4,여의도,2,"38,58"
196,08:56,5,5,김포공항,3,"35,45,72"
196,08:56,6,6,일산,3,"2,13,74"
196,08:56,7,7,판교,1,19
196,08:56,8,8,동탄/용인,1,65
196,08:56,9,9,평택,3,"3,8,24"
197,08:57,1,1,서울역,1,82
197,08:57,2,2,수서,2,"9,29"
197,08:57,3,3,삼성,3,"17,41,55"
197,08:57,4,4,여의도,2,"38,58"
197,08:57,5,5,김포공항,2,"35,45"
197,08:57,6,6,일산,3,"10,13,48"
197,08:57,7,7,판교,1,18
197,08:57,8,8,동탄/용인,1,65
197,08:57,9,9,평택,3,"3,8,24"
198,08:58,1,1,서울역,1,82
198,08:58,2,2,수서,2,"9,87"
198,08:58,3,3,삼성,2,"17,54"
198,08:58,5,5,김포공항,1,34
198,08:58,6,6,일산,3,"10,13,48"
198,08:58,7,7,판교,1,18
198,08:58,9,9,평택,4,"3,4,8,24"
199,08:59,1,1,서울역,2,"46,82"
199,08:59,2,2,수서,2,"87,121"
199,08:59,3,3,삼성,4,"17,54,56,117"
199,08:59,5,5,김포공항,2,"34,45"
199,08:59,6,6,일산,3,"10,48,75"
199,08:59,7,7,판교,2,"14,18"
199,08:59,8,8,동탄/용인,1,28
199,08:59,9,9,평택,2,"3,4"
200,09:00,1,1,서울역,1,46
200,09:00,2,2,수서,2,"87,121"
200,09:00,3,3,삼성,3,"54,56,117"
200,09:00,4,4,여의도,1,49
200,09:00,5,5,김포공항,2,"34,45"
200,09:00,6,6,일산,1,75
200,09:00,7,7,판교,1,14
200,09:00,8,8,동탄/용인,1,28
200,09:00,9,9,평택,2,"4,25"
201,09:01,1,1,서울역,1,46
201,09:01,2,2,수서,1,121
201,09:01,3,3,삼성,2,"56,117"
201,09:01,4,4,여의도,2,"27,49"
201,09:01,5,5,김포공항,1,45
201,09:01,6,6,일산,1,75
201,09:01,7,7,판교,2,"14,107"
201,09:01,8,8,동탄/용인,1,28
201,09:01,9,9,평택,3,"0,25,31"
202,09:02,1,1,서울역,1,61
202,09:02,4,4,여의도,3,"5,27,49"
202,09:02,5,5,김포공항,1,42
202,09:02,7,7,판교,2,"14,107"
202,09:02,9,9,평택,3,"0,25,31"
203,09:03,1,1,서울역,2,"61,64"
203,09:03,2,2,수서,1,68
203,09:03,4,4,여의도,2,"5,27"
203,09:03,5,5,김포공항,1,42
203,09:03,6,6,일산,1,13
203,09:03,7,7,판교,2,"14,107"
203,09:03,9,9,평택,3,"0,30,31"
204,09:04,1,1,서울역,3,"61,64,66"
204,09:04,2,2,수서,1,68
204,09:04,3,3,삼성,3,"15,23,43"
204,09:04,4,4,여의도,4,"5,16,47,52"
204,09:04,5,5,김포공항,1,42
204,09:04,6,6,일산,1,13
204,09:04,7,7,판교,2,"14,22"
204,09:04,9,9,평택,1,30
205,09:05,1,1,서울역,3,"51,64,66"
205,09:05,2,2,수서,1,68
205,09:05,3,3,삼성,3,"15,23,43"
205,09:05,4,4,여의도,3,"16,47,52"
205,09:05,6,6,일산,1,13
205,09:05,7,7,판교,1,22
205,09:05,9,9,평택,1,30
206,09:06,1,1,서울역,3,"51,66,74"
206,09:06,2,2,수서,1,68
206,09:06,3,3,삼성,4,"15,23,32,43"
206,09:06,4,4,여의도,3,"16,47,52"
206,09:06,5,5,김포공항,1,42
206,09:06,7,7,판교,1,22
206,09:06,9,9,평택,1,119
207,09:07,1,1,서울역,3,"29,51,74"
207,09:07,2,2,수서,1,68
207,09:07,3,3,삼성,2,"32,43"
207,09:07,4,4,여의도,5,"9,16,41,55,60"
207,09:07,5,5,김포공항,1,42
207,09:07,7,7,판교,1,19
207,09:07,9,9,평택,1,119
208,09:08,1,1,서울역,2,"29,74"
208,09:08,10,10,인천공항,1,129
208,09:08,2,2,수서,2,"68,125"
208,09:08,3,3,삼성,4,"26,32,35,43"
208,09:08,4,4,여의도,5,"9,16,41,55,60"
208,09:08,5,5,김포공항,1,42
208,09:08,7,7,판교,1,19
208,09:08,8,8,동탄/용인,1,70
208,09:08,9,9,평택,2,"44,119"
209,09:09,1,1,서울역,2,"29,69"
209,09:09,10,10,인천공항,1,129
209,09:09,2,2,수서,2,"125,126"
209,09:09,3,3,삼성,5,"2,26,32,35,43"
209,09:09,4,4,여의도,8,"9,16,18,41,48,55,60,87"
209,09:09,6,6,일산,2,"21,50"
209,09:09,7,7,판교,1,19
209,09:09,8,8,동탄/용인,1,70
209,09:09,9,9,평택,1,44
210,09:10,1,1,서울역,1,69
210,09:10,10,10,인천공항,1,129
210,09:10,2,2,수서,2,"125,126"
210,09:10,3,3,삼성,4,"2,26,32,35"
210,09:10,4,4,여의도,5,"18,48,54,87,121"
210,09:10,6,6,일산,2,"21,50"
210,09:10,8,8,동탄/용인,1,70
210,09:10,9,9,평택,1,44
211,09:11,1,1,서울역,3,"7,69,75"
211,09:11,2,2,수서,2,"20,126"
211,09:11,3,3,삼성,4,"2,32,34,35"
211,09:11,4,4,여의도,8,"18,38,48,54,56,65,87,121"
211,09:11,6,6,일산,3,"6,21,50"
211,09:11,9,9,평택,1,30
212,09:12,1,1,서울역,3,"7,69,75"
212,09:12,2,2,수서,4,"20,27,46,107"
212,09:12,3,3,삼성,3,"34,35,45"
212,09:12,4,4,여의도,5,"38,54,56,65,121"
212,09:12,5,5,김포공항,1,72
212,09:12,6,6,일산,3,"1,6,49"
212,09:12,9,9,평택,1,30
213,09:13,1,1,서울역,3,"7,69,75"
213,09:13,2,2,수서,4,"20,27,46,107"
213,09:13,3,3,삼성,3,"34,35,45"
213,09:13,4,4,여의도,3,"38,56,65"
213,09:13,5,5,김포공항,1,72
213,09:13,6,6,일산,3,"1,6,49"
213,09:13,7,7,판교,1,24
213,09:13,8,8,동탄/용인,1,31
213,09:13,9,9,평택,1,30
214,09:14,1,1,서울역,1,69
214,09:14,2,2,수서,3,"27,46,107"
214,09:14,3,3,삼성,2,"34,45"
214,09:14,4,4,여의도,1,14
214,09:14,5,5,김포공항,1,72
214,09:14,6,6,일산,2,"1,49"
214,09:14,7,7,판교,2,"10,24"
214,09:14,8,8,동탄/용인,2,"31,117"
214,09:14,9,9,평택,1,11
215,09:15,1,1,서울역,1,12
215,09:15,2,2,수서,1,27
215,09:15,3,3,삼성,2,"34,45"
215,09:15,4,4,여의도,1,14
215,09:15,6,6,일산,1,1
215,09:15,7,7,판교,2,"10,24"
215,09:15,8,8,동탄/용인,2,"31,117"
215,09:15,9,9,평택,1,11
216,09:16,1,1,서울역,1,12
216,09:16,2,2,수서,1,27
216,09:16,3,3,삼성,3,"15,34,45"
216,09:16,4,4,여의도,2,"14,40"
216,09:16,6,6,일산,1,1
216,09:16,7,7,판교,1,10
216,09:16,8,8,동탄/용인,1,117
216,09:16,9,9,평택,1,11
217,09:17,1,1,서울역,2,"8,12"
217,09:17,2,2,수서,1,27
217,09:17,3,3,삼성,2,"15,45"
217,09:17,4,4,여의도,3,"9,40,68"
217,09:17,6,6,일산,1,1
217,09:17,9,9,평택,2,"11,17"
218,09:18,1,1,서울역,2,"8,43"
218,09:18,2,2,수서,1,16
218,09:18,3,3,삼성,2,"15,26"
218,09:18,4,4,여의도,3,"9,40,68"
218,09:18,5,5,김포공항,1,28
218,09:18,8,8,동탄/용인,1,117
218,09:18,9,9,평택,2,"11,17"
219,09:19,1,1,서울역,2,"8,43"
219,09:19,2,2,수서,3,"16,25,29"
219,09:19,3,3,삼성,1,26
219,09:19,4,4,여의도,4,"9,19,68,125"
219,09:19,5,5,김포공항,1,28
219,09:19,7,7,판교,2,"10,24"
219,09:19,8,8,동탄/용인,1,117
219,09:19,9,9,평택,2,"11,17"
220,09:20,1,1,서울역,1,43
220,09:20,2,2,수서,3,"16,25,29"
220,09:20,3,3,삼성,1,26
220,09:20,4,4,여의도,3,"19,125,126"
220,09:20,5,5,김포공항,1,28
220,09:20,7,7,판교,2,"10,24"
220,09:20,8,8,동탄/용인,1,117
221,09:21,1,1,서울역,1,50
221,09:21,2,2,수서,2,"25,29"
221,09:21,4,4,여의도,3,"19,125,126"
221,09:21,7,7,판교,3,"10,24,42"
222,09:22,1,1,서울역,1,50
222,09:22,4,4,여의도,2,"20,126"
222,09:22,7,7,판교,1,42
223,09:23,1,1,서울역,1,50
223,09:23,2,2,수서,1,70
223,09:23,4,4,여의도,4,"14,20,35,46"
223,09:23,7,7,판교,2,"38,42"
224,09:24,1,1,서울역,3,"7,49,107"
224,09:24,2,2,수서,1,70
224,09:24,3,3,삼성,1,21
224,09:24,4,4,여의도,4,"14,20,35,46"
224,09:24,7,7,판교,1,38
224,09:24,9,9,평택,1,0
225,09:25,1,1,서울역,3,"7,49,107"
225,09:25,2,2,수서,4,"16,23,70,72"
225,09:25,3,3,삼성,2,"21,32"
225,09:25,4,4,여의도,3,"14,35,46"
225,09:25,7,7,판교,1,38
225,09:25,9,9,평택,2,"0,17"
226,09:26,1,1,서울역,3,"7,49,107"
226,09:26,2,2,수서,4,"16,23,25,72"
226,09:26,3,3,삼성,3,"6,21,32"
226,09:26,4,4,여의도,3,"27,34,35"
226,09:26,7,7,판교,1,22
226,09:26,9,9,평택,2,"0,17"
227,09:27,2,2,수서,5,"16,23,25,70,72"
227,09:27,3,3,삼성,2,"6,32"
227,09:27,4,4,여의도,4,"27,34,35,45"
227,09:27,7,7,판교,2,"22,38"
227,09:27,9,9,평택,2,"0,17"
228,09:28,2,2,수서,3,"9,25,70"
228,09:28,3,3,삼성,4,"2,6,37,51"
228,09:28,4,4,여의도,5,"15,27,34,35,45"
228,09:28,7,7,판교,4,"22,30,38,40"
228,09:28,8,8,동탄/용인,1,78
228,09:28,9,9,평택,4,"0,4,13,17"
229,09:29,2,2,수서,2,"9,70"
229,09:29,3,3,삼성,4,"2,6,37,51"
229,09:29,4,4,여의도,4,"15,27,33,45"
229,09:29,7,7,판교,3,"30,38,40"
229,09:29,8,8,동탄/용인,1,78
229,09:29,9,9,평택,4,"0,4,13,17"
230,09:30,1,1,서울역,1,31
230,09:30,2,2,수서,1,9
230,09:30,3,3,삼성,4,"2,6,37,51"
230,09:30,4,4,여의도,4,"15,26,27,33"
230,09:30,7,7,판교,2,"30,40"
230,09:30,8,8,동탄/용인,1,78
230,09:30,9,9,평택,3,"4,13,17"
231,09:31,1,1,서울역,3,"24,29,31"
231,09:31,2,2,수서,1,9
231,09:31,3,3,삼성,1,6
231,09:31,4,4,여의도,5,"10,26,27,33,34"
231,09:31,6,6,일산,1,19
232,09:32,1,1,서울역,3,"24,29,31"
232,09:32,2,2,수서,2,"9,72"
232,09:32,3,3,삼성,1,50
232,09:32,4,4,여의도,3,"10,26,34"
232,09:32,6,6,일산,1,19
232,09:32,9,9,평택,2,"4,129"
233,09:33,1,1,서울역,2,"24,29"
233,09:33,10,10,인천공항,1,12
233,09:33,2,2,수서,3,"9,72,117"
233,09:33,3,3,삼성,1,50
233,09:33,4,4,여의도,2,"10,34"
233,09:33,6,6,일산,1,19
233,09:33,8,8,동탄/용인,1,88
233,09:33,9,9,평택,2,"4,129"
234,09:34,10,10,인천공항,1,12
234,09:34,2,2,수서,2,"72,117"
234,09:34,3,3,삼성,1,50
234,09:34,4,4,여의도,1,36
234,09:34,6,6,일산,1,3
234,09:34,8,8,동탄/용인,1,88
234,09:34,9,9,평택,2,"4,129"
235,09:35,10,10,인천공항,1,12
235,09:35,2,2,수서,1,117
235,09:35,3,3,삼성,1,49
235,09:35,4,4,여의도,1,36
235,09:35,6,6,일산,1,3
235,09:35,8,8,동탄/용인,1,88
236,09:36,10,10,인천공항,1,12
236,09:36,2,2,수서,2,"11,117"
236,09:36,3,3,삼성,1,49
236,09:36,4,4,여의도,2,"16,36"
236,09:36,6,6,일산,1,3
237,09:37,1,1,서울역,1,23
237,09:37,10,10,인천공항,1,12
237,09:37,2,2,수서,2,"11,117"
237,09:37,3,3,삼성,2,"49,59"
237,09:37,4,4,여의도,3,"16,25,32"
238,09:38,1,1,서울역,1,23
238,09:38,10,10,인천공항,1,12
238,09:38,2,2,수서,2,"11,117"
238,09:38,3,3,삼성,1,59
238,09:38,4,4,여의도,5,"16,22,25,32,70"
238,09:38,7,7,판교,1,35
239,09:39,1,1,서울역,2,"23,38"
239,09:39,2,2,수서,2,"11,39"
239,09:39,3,3,삼성,1,59
239,09:39,4,4,여의도,4,"22,25,32,70"
239,09:39,6,6,일산,1,18
239,09:39,7,7,판교,1,35
240,09:40,1,1,서울역,1,38
240,09:40,2,2,수서,4,"11,27,33,39"
240,09:40,4,4,여의도,4,"22,37,51,70"
240,09:40,6,6,일산,1,18
240,09:40,7,7,판교,1,35
241,09:41,1,1,서울역,1,38
241,09:41,2,2,수서,4,"11,27,33,39"
241,09:41,4,4,여의도,3,"6,37,51"
241,09:41,6,6,일산,1,18
241,09:41,9,9,평택,1,108
242,09:42,2,2,수서,3,"27,33,34"
242,09:42,4,4,여의도,4,"6,9,37,51"
242,09:42,9,9,평택,2,"44,108"
243,09:43,2,2,수서,2,"34,78"
243,09:43,4,4,여의도,3,"6,9,72"
243,09:43,9,9,평택,3,"14,44,108"
244,09:44,2,2,수서,2,"34,78"
244,09:44,3,3,삼성,1,1
244,09:44,4,4,여의도,3,"9,50,72"
244,09:44,9,9,평택,2,"14,44"
245,09:45,2,2,수서,3,"34,36,78"
245,09:45,3,3,삼성,1,1
245,09:45,4,4,여의도,2,"50,72"
245,09:45,7,7,판교,1,17
245,09:45,9,9,평택,3,"7,14,44"
246,09:46,2,2,수서,2,"34,36"
246,09:46,3,3,삼성,1,1
246,09:46,4,4,여의도,1,50
246,09:46,7,7,판교,1,17
246,09:46,9,9,평택,2,"7,44"
247,09:47,2,2,수서,2,"34,36"
247,09:47,3,3,삼성,1,21
247,09:47,4,4,여의도,2,"49,117"
247,09:47,7,7,판교,1,17
247,09:47,9,9,평택,2,"7,44"
248,09:48,1,1,서울역,1,8
248,09:48,2,2,수서,2,"36,88"
248,09:48,3,3,삼성,2,"21,69"
248,09:48,4,4,여의도,2,"49,117"
248,09:48,5,5,김포공항,3,"41,60,65"
248,09:48,7,7,판교,3,"17,19,30"
248,09:48,9,9,평택,1,2
249,09:49,1,1,서울역,1,8
249,09:49,2,2,수서,2,"36,88"
249,09:49,3,3,삼성,2,"21,69"
249,09:49,4,4,여의도,3,"49,59,117"
249,09:49,5,5,김포공항,3,"41,60,65"
249,09:49,6,6,일산,3,"3,16,20"
249,09:49,7,7,판교,3,"17,19,30"
249,09:49,9,9,평택,1,2
250,09:50,1,1,서울역,1,8
250,09:50,2,2,수서,4,"23,36,78,88"
250,09:50,3,3,삼성,1,69
250,09:50,4,4,여의도,3,"11,39,59"
250,09:50,5,5,김포공항,3,"41,60,65"
250,09:50,6,6,일산,4,"3,5,16,20"
250,09:50,7,7,판교,3,"17,19,30"
250,09:50,9,9,평택,1,2
251,09:51,2,2,수서,2,"23,78"
251,09:51,3,3,삼성,1,71
251,09:51,4,4,여의도,3,"11,39,59"
251,09:51,6,6,일산,5,"3,5,16,20,73"
252,09:52,2,2,수서,2,"23,78"
252,09:52,3,3,삼성,1,71
252,09:52,4,4,여의도,3,"11,32,39"
252,09:52,6,6,일산,4,"0,5,73,76"
253,09:53,2,2,수서,1,29
253,09:53,3,3,삼성,2,"71,74"
253,09:53,4,4,여의도,2,"32,47"
253,09:53,6,6,일산,3,"0,73,76"
253,09:53,8,8,동탄/용인,1,119
254,09:54,2,2,수서,1,29
254,09:54,3,3,삼성,3,"18,74,75"
254,09:54,4,4,여의도,2,"32,47"
254,09:54,6,6,일산,2,"0,76"
254,09:54,8,8,동탄/용인,1,119
255,09:55,2,2,수서,2,"29,31"
255,09:55,3,3,삼성,3,"18,74,75"
255,09:55,4,4,여의도,2,"47,48"
255,09:55,5,5,김포공항,1,45
255,09:55,6,6,일산,1,0
255,09:55,8,8,동탄/용인,1,119
256,09:56,2,2,수서,1,31
256,09:56,3,3,삼성,3,"18,75,77"
256,09:56,4,4,여의도,1,48
256,09:56,5,5,김포공항,1,45
256,09:56,6,6,일산,1,0
257,09:57,1,1,서울역,1,34
257,09:57,2,2,수서,2,"31,38"
257,09:57,3,3,삼성,2,"77,79"
257,09:57,4,4,여의도,1,48
257,09:57,5,5,김포공항,2,"45,46"
257,09:57,6,6,일산,3,"0,4,85"
258,09:58,1,1,서울역,1,34
258,09:58,2,2,수서,2,"38,43"
258,09:58,3,3,삼성,2,"77,79"
258,09:58,5,5,김포공항,1,46
258,09:58,6,6,일산,2,"4,85"
258,09:58,7,7,판교,1,108
258,09:58,8,8,동탄/용인,1,109
259,09:59,1,1,서울역,1,34
259,09:59,2,2,수서,3,"38,43,61"
259,09:59,3,3,삼성,3,"79,80,81"
259,09:59,4,4,여의도,1,36
259,09:59,5,5,김포공항,1,46
259,09:59,6,6,일산,2,"4,85"
259,09:59,7,7,판교,1,108
259,09:59,8,8,동탄/용인,1,109
260,10:00,1,1,서울역,1,30
260,10:00,2,2,수서,2,"43,61"
260,10:00,3,3,삼성,3,"1,80,81"
260,10:00,4,4,여의도,3,"36,69,121"
260,10:00,6,6,일산,1,4
260,10:00,7,7,판교,2,"8,108"
260,10:00,8,8,동탄/용인,1,109
260,10:00,9,9,평택,2,"12,118"
261,10:01,1,1,서울역,1,30
261,10:01,2,2,수서,1,61
261,10:01,3,3,삼성,6,"1,18,60,65,80,81"
261,10:01,4,4,여의도,5,"36,54,69,78,121"
261,10:01,6,6,일산,1,4
261,10:01,7,7,판교,1,8
261,10:01,9,9,평택,2,"12,118"
262,10:02,1,1,서울역,2,"23,30"
262,10:02,3,3,삼성,4,"1,18,60,65"
262,10:02,4,4,여의도,5,"52,54,69,78,121"
262,10:02,6,6,일산,2,"4,21"
262,10:02,7,7,판교,1,8
262,10:02,9,9,평택,2,"12,118"
263,10:03,1,1,서울역,2,"23,73"
263,10:03,2,2,수서,1,27
263,10:03,3,3,삼성,3,"18,60,65"
263,10:03,4,4,여의도,4,"52,54,71,78"
263,10:03,6,6,일산,1,21
263,10:03,7,7,판교,2,"19,41"
264,10:04,1,1,서울역,3,"23,73,76"
264,10:04,2,2,수서,2,"27,47"
264,10:04,4,4,여의도,4,"29,52,55,71"
264,10:04,5,5,김포공항,1,28
264,10:04,6,6,일산,1,21
264,10:04,7,7,판교,2,"19,41"
264,10:04,9,9,평택,1,118
265,10:05,1,1,서울역,2,"73,76"
265,10:05,2,2,수서,2,"27,47"
265,10:05,3,3,삼성,1,88
265,10:05,4,4,여의도,4,"29,55,71,74"
265,10:05,5,5,김포공항,1,28
265,10:05,6,6,일산,1,21
265,10:05,7,7,판교,3,"19,41,42"
265,10:05,9,9,평택,2,"13,118"
266,10:06,1,1,서울역,3,"30,44,76"
266,10:06,2,2,수서,3,"5,47,48"
266,10:06,3,3,삼성,1,88
266,10:06,4,4,여의도,6,"29,31,55,74,75,83"
266,10:06,5,5,김포공항,1,28
266,10:06,6,6,일산,1,21
266,10:06,7,7,판교,3,"16,20,42"
266,10:06,9,9,평택,3,"13,14,118"
267,10:07,1,1,서울역,3,"30,44,53"
267,10:07,2,2,수서,2,"5,48"
267,10:07,3,3,삼성,1,88
267,10:07,4,4,여의도,4,"31,74,75,83"
267,10:07,6,6,일산,2,"0,21"
267,10:07,7,7,판교,3,"16,20,42"
267,10:07,9,9,평택,2,"13,14"
268,10:08,1,1,서울역,3,"30,44,53"
268,10:08,2,2,수서,4,"5,48,68,119"
268,10:08,3,3,삼성,1,89
268,10:08,4,4,여의도,6,"31,38,56,75,77,83"
268,10:08,5,5,김포공항,1,58
268,10:08,6,6,일산,1,0
268,10:08,7,7,판교,3,"16,20,108"
268,10:08,8,8,동탄/용인,1,129
268,10:08,9,9,평택,2,"12,14"
269,10:09,1,1,서울역,3,"44,53,85"
269,10:09,10,10,인천공항,1,32
269,10:09,2,2,수서,2,"68,119"
269,10:09,3,3,삼성,3,"24,89,90"
269,10:09,4,4,여의도,5,"38,43,56,77,79"
269,10:09,5,5,김포공항,1,58
269,10:09,6,6,일산,5,"0,15,22,39,84"
269,10:09,7,7,판교,3,"16,34,108"
269,10:09,8,8,동탄/용인,2,"35,129"
269,10:09,9,9,평택,1,12
270,10:10,1,1,서울역,2,"44,85"
270,10:10,10,10,인천공항,1,32
270,10:10,2,2,수서,3,"5,68,119"
270,10:10,3,3,삼성,5,"24,64,89,90,100"
270,10:10,4,4,여의도,8,"38,43,56,57,70,77,79,95"
270,10:10,5,5,김포공항,1,58
270,10:10,6,6,일산,4,"15,22,39,84"
270,10:10,7,7,판교,4,"16,34,45,108"
270,10:10,8,8,동탄/용인,2,"35,129"
270,10:10,9,9,평택,2,"2,12"
271,10:11,1,1,서울역,3,"44,61,85"
271,10:11,10,10,인천공항,1,32
271,10:11,2,2,수서,5,"5,33,66,69,119"
271,10:11,3,3,삼성,6,"24,64,67,90,91,100"
271,10:11,4,4,여의도,9,"6,43,57,70,79,80,81,86,95"
271,10:11,5,5,김포공항,1,131
271,10:11,6,6,일산,5,"15,22,36,39,84"
271,10:11,7,7,판교,3,"16,34,45"
271,10:11,8,8,동탄/용인,1,35
271,10:11,9,9,평택,2,"2,128"
272,10:12,1,1,서울역,2,"18,61"
272,10:12,10,10,인천공항,1,32
272,10:12,2,2,수서,6,"5,33,54,66,69,119"
272,10:12,3,3,삼성,5,"64,67,91,100,121"
272,10:12,4,4,여의도,9,"6,57,70,71,80,81,86,95,96"
272,10:12,5,5,김포공항,1,131
272,10:12,6,6,일산,1,36
272,10:12,7,7,판교,2,"45,46"
272,10:12,8,8,동탄/용인,1,8
272,10:12,9,9,평택,2,"2,128"
273,10:13,1,1,서울역,2,"18,61"
273,10:13,10,10,인천공항,1,32
273,10:13,2,2,수서,6,"33,47,54,66,69,119"
273,10:13,3,3,삼성,4,"23,67,91,121"
273,10:13,4,4,여의도,7,"6,71,72,80,81,86,96"
273,10:13,5,5,김포공항,2,"131,132"
273,10:13,6,6,일산,3,"25,36,110"
273,10:13,7,7,판교,3,"45,46,63"
273,10:13,8,8,동탄/용인,1,8
273,10:13,9,9,평택,1,128
274,10:14,1,1,서울역,2,"18,61"
274,10:14,10,10,인천공항,4,"32,49,50,117"
274,10:14,2,2,수서,2,"47,54"
274,10:14,3,3,삼성,3,"23,73,121"
274,10:14,4,4,여의도,6,"71,72,80,81,96,109"
274,10:14,5,5,김포공항,1,132
274,10:14,6,6,일산,3,"25,51,110"
274,10:14,7,7,판교,3,"45,46,63"
274,10:14,8,8,동탄/용인,2,"8,17"
274,10:14,9,9,평택,1,3
275,10:15,1,1,서울역,1,61
275,10:15,10,10,인천공항,3,"49,50,117"
275,10:15,2,2,수서,2,"47,55"
275,10:15,3,3,삼성,4,"23,73,76,92"
275,10:15,4,4,여의도,5,"72,80,81,87,109"
275,10:15,5,5,김포공항,1,132
275,10:15,6,6,일산,4,"25,37,51,110"
275,10:15,7,7,판교,3,"45,46,63"
275,10:15,8,8,동탄/용인,1,17
275,10:15,9,9,평택,1,3
276,10:16,1,1,서울역,1,61
276,10:16,10,10,인천공항,3,"49,50,117"
276,10:16,2,2,수서,1,55
276,10:16,3,3,삼성,4,"73,76,92,121"
276,10:16,4,4,여의도,6,"80,81,87,93,109,122"
276,10:16,6,6,일산,3,"26,37,51"
276,10:16,7,7,판교,2,"41,46"
276,10:16,8,8,동탄/용인,1,17
276,10:16,9,9,평택,2,"3,7"
277,10:17,2,2,수서,2,"54,55"
277,10:17,3,3,삼성,6,"76,82,92,94,101,121"
277,10:17,4,4,여의도,5,"42,87,93,122,125"
277,10:17,5,5,김포공항,2,"106,112"
277,10:17,6,6,일산,2,"26,37"
277,10:17,7,7,판교,2,"41,46"
277,10:17,9,9,평택,1,7
278,10:18,2,2,수서,1,54
278,10:18,3,3,삼성,5,"82,83,94,101,121"
278,10:18,4,4,여의도,6,"9,42,93,122,125,126"
278,10:18,5,5,김포공항,3,"106,107,112"
278,10:18,6,6,일산,1,26
278,10:18,7,7,판교,3,"30,41,62"
278,10:18,9,9,평택,1,7
279,10:19,10,10,인천공항,1,52
279,10:19,2,2,수서,2,"54,56"
279,10:19,3,3,삼성,4,"82,83,94,101"
279,10:19,4,4,여의도,4,"9,42,125,126"
279,10:19,5,5,김포공항,4,"106,107,112,115"
279,10:19,6,6,일산,1,27
279,10:19,7,7,판교,2,"30,62"
279,10:19,8,8,동탄/용인,1,20
279,10:19,9,9,평택,1,98
280,10:20,10,10,인천공항,1,52
280,10:20,2,2,수서,1,56
280,10:20,3,3,삼성,1,83
280,10:20,4,4,여의도,4,"9,31,108,126"
280,10:20,5,5,김포공항,2,"107,115"
280,10:20,6,6,일산,3,"19,27,88"
280,10:20,7,7,판교,2,"30,62"
280,10:20,8,8,동탄/용인,1,20
280,10:20,9,9,평택,2,"1,98"
281,10:21,1,1,서울역,2,"64,84"
281,10:21,10,10,인천공항,1,52
281,10:21,2,2,수서,3,"56,57,58"
281,10:21,3,3,삼성,1,60
281,10:21,4,4,여의도,5,"31,34,38,43,108"
281,10:21,5,5,김포공항,3,"68,89,115"
281,10:21,6,6,일산,3,"19,27,88"
281,10:21,8,8,동탄/용인,1,20
281,10:21,9,9,평택,2,"1,98"
282,10:22,1,1,서울역,3,"64,67,84"
282,10:22,10,10,인천공항,1,52
282,10:22,2,2,수서,4,"48,56,57,58"
282,10:22,3,3,삼성,2,"60,95"
282,10:22,4,4,여의도,7,"10,31,34,38,43,100,108"
282,10:22,5,5,김포공항,3,"68,89,90"
282,10:22,6,6,일산,2,"19,88"
282,10:22,7,7,판교,1,70
282,10:22,9,9,평택,1,1
283,10:23,1,1,서울역,4,"64,66,67,84"
283,10:23,10,10,인천공항,1,52
283,10:23,2,2,수서,5,"48,56,57,58,71"
283,10:23,3,3,삼성,3,"60,65,95"
283,10:23,4,4,여의도,5,"10,34,38,43,100"
283,10:23,5,5,김포공항,3,"68,89,90"
283,10:23,6,6,일산,1,27
283,10:23,7,7,판교,2,"70,86"
284,10:24,1,1,서울역,4,"64,66,67,131"
284,10:24,10,10,인천공항,1,52
284,10:24,2,2,수서,6,"48,56,57,58,71,72"
284,10:24,3,3,삼성,6,"15,22,65,83,95,96"
284,10:24,4,4,여의도,4,"10,34,59,100"
284,10:24,5,5,김포공항,5,"68,69,89,90,119"
284,10:24,6,6,일산,3,"24,27,88"
284,10:24,7,7,판교,2,"70,86"
284,10:24,9,9,평택,1,1
285,10:25,1,1,서울역,7,"63,64,66,73,110,118,131"
285,10:25,10,10,인천공항,1,53
285,10:25,2,2,수서,4,"57,58,71,72"
285,10:25,3,3,삼성,5,"15,22,65,83,96"
285,10:25,4,4,여의도,7,"10,13,34,35,42,45,59"
285,10:25,5,5,김포공항,4,"68,69,89,119"
285,10:25,6,6,일산,3,"24,27,88"
285,10:25,7,7,판교,1,86
285,10:25,9,9,평택,1,1
286,10:26,1,1,서울역,9,"63,64,66,73,76,110,118,131,132"
286,10:26,10,10,인천공항,1,53
286,10:26,2,2,수서,3,"57,58,72"
286,10:26,3,3,삼성,4,"15,22,83,96"
286,10:26,4,4,여의도,9,"10,11,13,14,34,35,42,45,59"
286,10:26,5,5,김포공항,5,"68,69,89,90,119"
286,10:26,6,6,일산,3,"5,24,88"
286,10:26,7,7,판교,4,"39,80,81,86"
286,10:26,9,9,평택,4,"1,16,28,105"
287,10:27,1,1,서울역,7,"63,66,73,76,110,118,132"
287,10:27,10,10,인천공항,2,"36,53"
287,10:27,4,4,여의도,9,"10,11,13,14,35,42,45,46,111"
287,10:27,5,5,김포공항,3,"90,91,119"
287,10:27,6,6,일산,3,"5,27,33"
287,10:27,7,7,판교,5,"39,80,81,86,87"
287,10:27,8,8,동탄/용인,1,21
287,10:27,9,9,평택,3,"16,28,105"
288,10:28,1,1,서울역,5,"66,76,82,118,132"
288,10:28,10,10,인천공항,1,36
288,10:28,2,2,수서,1,109
288,10:28,3,3,삼성,4,"25,85,103,122"
288,10:28,4,4,여의도,7,"11,14,35,45,46,111,121"
288,10:28,5,5,김포공항,6,"69,90,91,92,119,127"
288,10:28,6,6,일산,4,"5,23,27,33"
288,10:28,7,7,판교,6,"39,80,81,86,87,93"
288,10:28,8,8,동탄/용인,1,21
288,10:28,9,9,평택,3,"16,28,105"
289,10:29,1,1,서울역,2,"82,118"
289,10:29,10,10,인천공항,1,36
289,10:29,2,2,수서,1,109
289,10:29,3,3,삼성,5,"25,85,103,122,125"
289,10:29,4,4,여의도,6,"35,45,46,101,111,121"
289,10:29,5,5,김포공항,5,"69,91,92,119,127"
289,10:29,6,6,일산,5,"19,23,27,33,47"
289,10:29,7,7,판교,2,"87,93"
289,10:29,8,8,동탄/용인,1,21
290,10:30,1,1,서울역,3,"82,106,118"
290,10:30,10,10,인천공항,1,36
290,10:30,2,2,수서,2,"109,128"
290,10:30,3,3,삼성,7,"25,85,103,112,122,125,126"
290,10:30,4,4,여의도,6,"35,45,46,62,101,121"
290,10:30,5,5,김포공항,5,"69,92,94,104,127"
290,10:30,6,6,일산,6,"4,19,23,33,47,129"
290,10:30,7,7,판교,1,93
291,10:31,1,1,서울역,3,"17,106,107"
291,10:31,10,10,인천공항,2,"36,37"
291,10:31,2,2,수서,2,"31,128"
291,10:31,3,3,삼성,5,"26,112,122,125,126"
291,10:31,4,4,여의도,3,"46,62,101"
291,10:31,5,5,김포공항,4,"41,94,104,113"
291,10:31,6,6,일산,6,"4,19,23,33,47,129"
291,10:31,7,7,판교,1,51
291,10:31,9,9,평택,2,"3,6"
292,10:32,1,1,서울역,4,"17,106,107,117"
292,10:32,10,10,인천공항,3,"36,37,61"
292,10:32,2,2,수서,3,"31,38,128"
292,10:32,3,3,삼성,7,"26,32,112,115,122,125,126"
292,10:32,4,4,여의도,2,"46,62"
292,10:32,5,5,김포공항,4,"41,94,104,113"
292,10:32,6,6,일산,5,"4,19,23,33,129"
292,10:32,7,7,판교,1,51
292,10:32,9,9,평택,3,"0,3,6"
293,10:33,1,1,서울역,4,"17,67,107,117"
293,10:33,10,10,인천공항,3,"36,37,61"
293,10:33,2,2,수서,2,"31,38"
293,10:33,3,3,삼성,5,"26,32,115,122,125"
293,10:33,4,4,여의도,2,"13,62"
293,10:33,5,5,김포공항,4,"12,41,54,113"
293,10:33,6,6,일산,2,"19,23"
293,10:33,7,7,판교,3,"43,51,87"
293,10:33,8,8,동탄/용인,1,40
293,10:33,9,9,평택,3,"0,3,6"
294,10:34,1,1,서울역,4,"17,18,67,117"
294,10:34,10,10,인천공항,4,"2,36,37,61"
294,10:34,2,2,수서,1,38
294,10:34,3,3,삼성,6,"26,32,49,50,115,125"
294,10:34,4,4,여의도,4,"13,62,74,110"
294,10:34,5,5,김포공항,2,"12,54"
294,10:34,6,6,일산,2,"8,19"
294,10:34,7,7,판교,3,"43,87,95"
294,10:34,8,8,동탄/용인,2,"40,70"
294,10:34,9,9,평택,2,"0,6"
295,10:35,1,1,서울역,3,"17,18,67"
295,10:35,10,10,인천공항,4,"2,36,37,53"
295,10:35,2,2,수서,2,"34,71"
295,10:35,3,3,삼성,4,"26,32,49,50"
295,10:35,4,4,여의도,6,"13,20,62,74,76,110"
295,10:35,5,5,김포공항,4,"12,54,56,114"
295,10:35,6,6,일산,2,"8,47"
295,10:35,7,7,판교,4,"43,87,93,95"
295,10:35,8,8,동탄/용인,2,"40,70"
295,10:35,9,9,평택,2,"6,30"
296,10:36,1,1,서울역,2,"17,18"
296,10:36,10,10,인천공항,3,"2,37,53"
296,10:36,2,2,수서,4,"31,34,42,71"
296,10:36,3,3,삼성,5,"15,26,32,49,50"
296,10:36,4,4,여의도,5,"20,74,75,76,110"
296,10:36,5,5,김포공항,4,"12,56,91,114"
296,10:36,6,6,일산,3,"8,24,47"
296,10:36,7,7,판교,3,"59,93,95"
296,10:36,8,8,동탄/용인,2,"21,70"
296,10:36,9,9,평택,2,"6,30"
297,10:37,10,10,인천공항,1,53
297,10:37,2,2,수서,4,"31,34,42,71"
297,10:37,3,3,삼성,3,"15,32,49"
297,10:37,4,4,여의도,3,"20,75,76"
297,10:37,5,5,김포공항,8,"12,54,56,57,58,91,114,116"
297,10:37,6,6,일산,2,"24,47"
297,10:37,7,7,판교,2,"59,93"
297,10:37,8,8,동탄/용인,1,21
297,10:37,9,9,평택,1,30
298,10:38,2,2,수서,4,"31,42,55,112"
298,10:38,3,3,삼성,2,"15,49"
298,10:38,4,4,여의도,3,"20,75,86"
298,10:38,5,5,김포공항,7,"12,54,57,58,91,92,116"
298,10:38,6,6,일산,3,"24,47,48"
298,10:38,7,7,판교,1,59
298,10:38,8,8,동탄/용인,3,"21,39,80"
298,10:38,9,9,평택,1,30
299,10:39,1,1,서울역,1,44
299,10:39,2,2,수서,3,"35,55,112"
299,10:39,3,3,삼성,3,"49,98,111"
299,10:39,4,4,여의도,2,"20,86"
299,10:39,5,5,김포공항,5,"54,57,58,92,116"
299,10:39,6,6,일산,2,"47,48"
299,10:39,7,7,판교,3,"59,89,96"
299,10:39,8,8,동탄/용인,2,"39,80"
299,10:39,9,9,평택,1,30
300,10:40,1,1,서울역,2,"44,109"
300,10:40,2,2,수서,4,"35,55,112,119"
300,10:40,3,3,삼성,2,"98,111"
300,10:40,4,4,여의도,4,"20,77,86,102"
300,10:40,5,5,김포공항,1,92
300,10:40,6,6,일산,2,"47,48"
300,10:40,7,7,판교,4,"45,59,89,96"
300,10:40,8,8,동탄/용인,2,"39,80"
300,10:40,9,9,평택,3,"0,28,30"
301,10:41,1,1,서울역,2,"44,109"
301,10:41,2,2,수서,2,"35,119"
301,10:41,3,3,삼성,3,"98,111,127"
301,10:41,4,4,여의도,4,"77,78,97,102"
301,10:41,5,5,김포공항,2,"85,103"
301,10:41,6,6,일산,1,7
301,10:41,7,7,판교,6,"45,59,88,89,90,96"
301,10:41,9,9,평택,3,"0,28,60"
302,10:42,1,1,서울역,4,"63,107,109,122"
302,10:42,10,10,인천공항,1,64
302,10:42,2,2,수서,1,119
302,10:42,3,3,삼성,3,"52,111,127"
302,10:42,4,4,여의도,4,"77,78,97,102"
302,10:42,5,5,김포공항,2,"85,103"
302,10:42,6,6,일산,1,7
302,10:42,7,7,판교,5,"45,46,51,88,90"
302,10:42,9,9,평택,4,"0,9,28,60"
303,10:43,1,1,서울역,3,"63,107,122"
303,10:43,10,10,인천공항,1,64
303,10:43,2,2,수서,1,34
303,10:43,3,3,삼성,4,"52,104,111,127"
303,10:43,4,4,여의도,3,"78,97,99"
303,10:43,5,5,김포공항,3,"41,85,103"
303,10:43,6,6,일산,1,7
303,10:43,7,7,판교,4,"46,51,88,90"
303,10:43,8,8,동탄/용인,1,68
303,10:43,9,9,평택,3,"9,60,65"
304,10:44,1,1,서울역,4,"63,107,113,122"
304,10:44,10,10,인천공항,2,"64,66"
304,10:44,2,2,수서,3,"34,38,62"
304,10:44,3,3,삼성,3,"52,104,111"
304,10:44,4,4,여의도,1,99
304,10:44,5,5,김포공항,2,"41,85"
304,10:44,6,6,일산,2,"5,8"
304,10:44,7,7,판교,4,"27,46,51,81"
304,10:44,8,8,동탄/용인,1,68
304,10:44,9,9,평택,5,"9,16,60,65,83"
305,10:45,1,1,서울역,2,"26,113"
305,10:45,10,10,인천공항,2,"64,66"
305,10:45,2,2,수서,4,"34,38,62,74"
305,10:45,3,3,삼성,3,"104,115,128"
305,10:45,4,4,여의도,3,"14,87,99"
305,10:45,5,5,김포공항,4,"41,85,94,125"
305,10:45,6,6,일산,2,"5,8"
305,10:45,7,7,판교,2,"27,81"
305,10:45,8,8,동탄/용인,1,68
305,10:45,9,9,평택,6,"9,10,16,60,65,83"
306,10:46,1,1,서울역,3,"26,95,113"
306,10:46,10,10,인천공항,2,"64,66"
306,10:46,2,2,수서,3,"38,62,74"
306,10:46,3,3,삼성,6,"22,23,105,110,115,128"
306,10:46,4,4,여의도,2,"14,87"
306,10:46,5,5,김포공항,3,"85,94,125"
306,10:46,6,6,일산,2,"5,8"
306,10:46,7,7,판교,2,"27,81"
306,10:46,8,8,동탄/용인,1,68
306,10:46,9,9,평택,6,"9,10,16,60,65,83"
307,10:47,1,1,서울역,2,"26,95"
307,10:47,10,10,인천공항,1,64
307,10:47,2,2,수서,3,"74,75,119"
307,10:47,3,3,삼성,7,"22,23,76,105,110,115,128"
307,10:47,4,4,여의도,7,"14,31,87,93,100,108,117"
307,10:47,5,5,김포공항,2,"94,125"
307,10:47,7,7,판교,3,"27,33,46"
307,10:47,8,8,동탄/용인,2,"68,69"
307,10:47,9,9,평택,4,"9,10,65,83"
308,10:48,1,1,서울역,2,"95,114"
308,10:48,10,10,인천공항,1,1
308,10:48,2,2,수서,4,"19,42,75,119"
308,10:48,3,3,삼성,6,"22,23,76,105,110,115"
308,10:48,4,4,여의도,7,"31,87,93,100,108,117,121"
308,10:48,5,5,김포공항,2,"32,71"
308,10:48,6,6,일산,1,48
308,10:48,7,7,판교,3,"27,33,46"
308,10:48,8,8,동탄/용인,2,"68,69"
308,10:48,9,9,평택,3,"10,65,83"
309,10:49,1,1,서울역,1,114
309,10:49,10,10,인천공항,2,"1,61"
309,10:49,2,2,수서,5,"19,42,75,91,119"
309,10:49,3,3,삼성,4,"23,76,110,115"
309,10:49,4,4,여의도,7,"31,87,93,100,108,117,121"
309,10:49,5,5,김포공항,2,"32,71"
309,10:49,6,6,일산,1,48
309,10:49,7,7,판교,3,"27,33,46"
309,10:49,8,8,동탄/용인,2,"43,69"
309,10:49,9,9,평택,3,"10,11,83"
310,10:50,1,1,서울역,3,"112,114,116"
310,10:50,10,10,인천공항,2,"1,61"
310,10:50,2,2,수서,5,"19,35,42,75,91"
310,10:50,3,3,삼성,3,"23,110,115"
310,10:50,4,4,여의도,5,"79,87,93,101,121"
310,10:50,5,5,김포공항,3,"32,49,71"
310,10:50,6,6,일산,2,"48,57"
310,10:50,8,8,동탄/용인,2,"43,69"
310,10:50,9,9,평택,2,"10,11"
311,10:51,1,1,서울역,5,"59,70,96,112,116"
311,10:51,10,10,인천공항,2,"61,67"
311,10:51,2,2,수서,5,"19,35,75,91,92"
311,10:51,3,3,삼성,4,"23,52,110,126"
311,10:51,4,4,여의도,4,"3,79,93,101"
311,10:51,5,5,김포공항,2,"49,120"
311,10:51,6,6,일산,2,"56,57"
311,10:51,7,7,판교,1,45
311,10:51,8,8,동탄/용인,2,"43,69"
311,10:51,9,9,평택,1,11
312,10:52,1,1,서울역,5,"59,70,96,112,116"
312,10:52,10,10,인천공항,2,"24,67"
312,10:52,2,2,수서,6,"19,35,62,75,92,97"
312,10:52,3,3,삼성,5,"52,76,77,126,127"
312,10:52,4,4,여의도,5,"3,79,84,93,101"
312,10:52,5,5,김포공항,2,"49,120"
312,10:52,6,6,일산,2,"56,57"
312,10:52,7,7,판교,3,"45,54,102"
312,10:52,8,8,동탄/용인,1,69
312,10:52,9,9,평택,1,10
313,10:53,1,1,서울역,4,"21,59,70,96"
313,10:53,10,10,인천공항,2,"24,67"
313,10:53,2,2,수서,4,"19,62,92,97"
313,10:53,3,3,삼성,9,"36,39,52,76,77,78,98,126,127"
313,10:53,4,4,여의도,2,"3,84"
313,10:53,5,5,김포공항,1,120
313,10:53,6,6,일산,2,"56,129"
313,10:53,7,7,판교,3,"45,54,102"
313,10:53,9,9,평택,2,"10,13"
314,10:54,1,1,서울역,4,"21,51,96,112"
314,10:54,10,10,인천공항,1,24
314,10:54,2,2,수서,3,"62,97,99"
314,10:54,3,3,삼성,8,"36,37,39,76,77,78,98,127"
314,10:54,4,4,여의도,7,"3,6,80,84,86,106,118"
314,10:54,6,6,일산,2,"55,129"
314,10:54,7,7,판교,3,"54,102,107"
314,10:54,8,8,동탄/용인,1,20
314,10:54,9,9,평택,2,"10,13"
315,10:55,1,1,서울역,4,"21,51,96,112"
315,10:55,10,10,인천공항,1,24
315,10:55,2,2,수서,1,99
315,10:55,3,3,삼성,5,"36,37,39,78,98"
315,10:55,4,4,여의도,8,"3,6,38,80,86,95,106,118"
315,10:55,5,5,김포공항,1,111
315,10:55,6,6,일산,3,"40,55,129"
315,10:55,7,7,판교,3,"47,102,107"
315,10:55,8,8,동탄/용인,1,20
315,10:55,9,9,평택,4,"4,13,17,18"
316,10:56,1,1,서울역,4,"51,81,96,112"
316,10:56,10,10,인천공항,2,"24,67"
316,10:56,2,2,수서,1,99
316,10:56,3,3,삼성,4,"25,36,37,39"
316,10:56,4,4,여의도,10,"3,6,29,38,73,80,86,95,106,118"
316,10:56,5,5,김포공항,1,111
316,10:56,6,6,일산,2,"40,55"
316,10:56,7,7,판교,3,"47,102,107"
316,10:56,8,8,동탄/용인,1,20
316,10:56,9,9,평택,4,"4,15,17,18"
317,10:57,1,1,서울역,3,"81,85,112"
317,10:57,10,10,인천공항,2,"24,67"
317,10:57,3,3,삼성,3,"25,36,39"
317,10:57,4,4,여의도,8,"6,29,38,73,80,82,95,128"
317,10:57,5,5,김포공항,3,"34,111,122"
317,10:57,6,6,일산,2,"40,55"
317,10:57,7,7,판교,2,"47,102"
317,10:57,9,9,평택,4,"4,15,17,18"
318,10:58,1,1,서울역,4,"21,81,85,112"
318,10:58,10,10,인천공항,2,"2,67"
318,10:58,2,2,수서,3,"72,94,100"
318,10:58,3,3,삼성,3,"25,36,39"
318,10:58,4,4,여의도,6,"6,29,73,80,82,128"
318,10:58,5,5,김포공항,4,"34,103,111,122"
318,10:58,6,6,일산,2,"55,58"
318,10:58,7,7,판교,1,47
318,10:58,9,9,평택,1,15
319,10:59,1,1,서울역,6,"21,30,85,112,113,119"
319,10:59,10,10,인천공항,1,2
319,10:59,2,2,수서,4,"72,87,94,100"
319,10:59,3,3,삼성,4,"91,92,104,117"
319,10:59,4,4,여의도,6,"6,42,46,80,82,128"
319,10:59,5,5,김포공항,4,"34,103,111,122"
319,10:59,6,6,일산,3,"40,55,58"
319,10:59,7,7,판교,2,"47,108"
319,10:59,8,8,동탄/용인,1,33
320,11:00,1,1,서울역,4,"21,30,113,119"
320,11:00,10,10,인천공항,1,2
320,11:00,2,2,수서,5,"8,72,87,94,100"
320,11:00,3,3,삼성,5,"28,91,92,104,117"
320,11:00,4,4,여의도,4,"31,42,46,128"
320,11:00,5,5,김포공항,4,"34,103,111,125"
320,11:00,6,6,일산,2,"40,58"
320,11:00,7,7,판교,4,"47,54,108,121"
320,11:00,8,8,동탄/용인,1,33
321,11:01,1,1,서울역,3,"30,113,119"
321,11:01,10,10,인천공항,1,66
321,11:01,2,2,수서,4,"8,87,93,101"
321,11:01,3,3,삼성,7,"28,53,78,91,92,104,117"
321,11:01,4,4,여의도,4,"31,42,46,128"
321,11:01,5,5,김포공항,3,"34,115,125"
321,11:01,6,6,일산,1,40
321,11:01,7,7,판교,3,"54,108,121"
321,11:01,8,8,동탄/용인,2,"20,33"
322,11:02,1,1,서울역,3,"30,52,75"
322,11:02,10,10,인천공항,1,66
322,11:02,2,2,수서,4,"8,19,93,101"
322,11:02,3,3,삼성,4,"28,53,78,105"
322,11:02,4,4,여의도,2,"31,128"
322,11:02,5,5,김포공항,5,"0,34,110,115,125"
322,11:02,7,7,판교,3,"54,88,121"
322,11:02,8,8,동탄/용인,1,20
322,11:02,9,9,평택,2,"11,13"
323,11:03,1,1,서울역,6,"26,30,52,68,75,76"
323,11:03,10,10,인천공항,1,66
323,11:03,2,2,수서,3,"19,93,101"
323,11:03,3,3,삼성,3,"53,78,105"
323,11:03,5,5,김포공항,4,"0,35,110,115"
323,11:03,7,7,판교,1,88
323,11:03,8,8,동탄/용인,1,20
323,11:03,9,9,평택,4,"11,13,44,63"
324,11:04,1,1,서울역,7,"26,30,52,68,75,76,98"
324,11:04,10,10,인천공항,1,1
324,11:04,2,2,수서,2,"19,48"
324,11:04,3,3,삼성,2,"60,105"
324,11:04,4,4,여의도,2,"16,31"
324,11:04,5,5,김포공항,5,"0,35,110,115,126"
324,11:04,6,6,일산,1,7
324,11:04,7,7,판교,3,"27,84,88"
324,11:04,9,9,평택,4,"11,13,44,63"
325,11:05,1,1,서울역,4,"26,68,76,98"
325,11:05,10,10,인천공항,1,1
325,11:05,2,2,수서,2,"8,48"
325,11:05,3,3,삼성,2,"60,64"
325,11:05,4,4,여의도,4,"9,16,31,43"
325,11:05,5,5,김포공항,5,"35,62,115,126,127"
325,11:05,6,6,일산,2,"7,61"
325,11:05,7,7,판교,3,"27,84,107"
325,11:05,9,9,평택,6,"11,14,17,41,44,63"
326,11:06,1,1,서울역,1,98
326,11:06,10,10,인천공항,2,"1,120"
326,11:06,2,2,수서,2,"8,48"
326,11:06,3,3,삼성,4,"28,60,64,118"
326,11:06,4,4,여의도,5,"9,16,31,43,69"
326,11:06,5,5,김포공항,5,"0,62,115,126,127"
326,11:06,6,6,일산,2,"7,61"
326,11:06,7,7,판교,4,"27,84,106,107"
326,11:06,9,9,평택,6,"11,12,14,17,22,41"
327,11:07,1,1,서울역,2,"26,65"
327,11:07,10,10,인천공항,3,"56,79,120"
327,11:07,2,2,수서,2,"8,73"
327,11:07,3,3,삼성,3,"28,64,118"
327,11:07,4,4,여의도,6,"9,16,43,51,69,102"
327,11:07,5,5,김포공항,4,"0,62,115,127"
327,11:07,6,6,일산,1,61
327,11:07,7,7,판교,6,"57,84,89,95,106,107"
327,11:07,9,9,평택,6,"11,12,14,17,22,41"
328,11:08,1,1,서울역,3,"26,65,83"
328,11:08,10,10,인천공항,3,"56,79,120"
328,11:08,2,2,수서,3,"73,80,82"
328,11:08,3,3,삼성,4,"28,64,117,118"
328,11:08,4,4,여의도,4,"16,51,69,102"
328,11:08,5,5,김포공항,2,"0,115"
328,11:08,7,7,판교,6,"57,84,89,90,95,106"
328,11:08,9,9,평택,2,"12,22"
329,11:09,1,1,서울역,3,"26,65,83"
329,11:09,10,10,인천공항,3,"56,79,120"
329,11:09,2,2,수서,4,"73,80,82,129"
329,11:09,3,3,삼성,3,"36,64,117"
329,11:09,4,4,여의도,5,"16,38,51,69,102"
329,11:09,5,5,김포공항,2,"45,115"
329,11:09,6,6,일산,1,49
329,11:09,7,7,판교,5,"57,84,89,90,95"
329,11:09,9,9,평택,2,"5,23"
330,11:10,1,1,서울역,3,"83,104,122"
330,11:10,10,10,인천공항,2,"79,120"
330,11:10,2,2,수서,3,"80,82,129"
330,11:10,3,3,삼성,3,"36,64,117"
330,11:10,4,4,여의도,4,"38,69,85,102"
330,11:10,5,5,김포공항,1,45
330,11:10,6,6,일산,2,"49,71"
330,11:10,7,7,판교,1,90
330,11:10,9,9,평택,2,"5,23"
331,11:11,1,1,서울역,2,"104,122"
331,11:11,10,10,인천공항,3,"79,86,120"
331,11:11,2,2,수서,2,"128,129"
331,11:11,3,3,삼성,2,"36,111"
331,11:11,4,4,여의도,7,"30,38,42,69,85,92,102"
331,11:11,5,5,김포공항,2,"45,72"
331,11:11,6,6,일산,3,"39,49,71"
331,11:11,7,7,판교,1,57
331,11:11,9,9,평택,3,"5,14,23"
332,11:12,1,1,서울역,2,"104,122"
332,11:12,10,10,인천공항,3,"79,86,96"
332,11:12,2,2,수서,2,"48,128"
332,11:12,3,3,삼성,3,"37,53,111"
332,11:12,4,4,여의도,7,"10,30,42,54,85,92,102"
332,11:12,5,5,김포공항,3,"45,72,91"
332,11:12,6,6,일산,2,"39,71"
332,11:12,7,7,판교,1,57
332,11:12,9,9,평택,1,14
333,11:13,1,1,서울역,1,105
333,11:13,10,10,인천공항,2,"86,96"
333,11:13,2,2,수서,3,"34,48,128"
333,11:13,3,3,삼성,3,"37,53,111"
333,11:13,4,4,여의도,7,"9,10,30,42,54,67,92"
333,11:13,5,5,김포공항,3,"45,72,91"
333,11:13,6,6,일산,1,39
333,11:13,7,7,판교,3,"57,95,103"
333,11:13,9,9,평택,1,14
334,11:14,1,1,서울역,1,105
334,11:14,10,10,인천공항,2,"86,96"
334,11:14,2,2,수서,2,"34,48"
334,11:14,3,3,삼성,2,"37,53"
334,11:14,4,4,여의도,5,"9,10,54,67,88"
334,11:14,5,5,김포공항,3,"45,78,91"
334,11:14,7,7,판교,3,"55,95,103"
335,11:15,1,1,서울역,1,105
335,11:15,10,10,인천공항,4,"56,86,96,112"
335,11:15,2,2,수서,2,"34,40"
335,11:15,4,4,여의도,6,"9,10,33,43,67,88"
335,11:15,5,5,김포공항,2,"19,78"
335,11:15,7,7,판교,5,"55,58,95,103,125"
335,11:15,9,9,평택,1,5
336,11:16,1,1,서울역,1,75
336,11:16,10,10,인천공항,4,"56,86,96,112"
336,11:16,2,2,수서,2,"34,40"
336,11:16,3,3,삼성,2,"50,77"
336,11:16,4,4,여의도,5,"10,33,43,88,92"
336,11:16,5,5,김포공항,2,"19,78"
336,11:16,6,6,일산,1,110
336,11:16,7,7,판교,3,"55,58,125"
336,11:16,8,8,동탄/용인,1,41
336,11:16,9,9,평택,3,"5,15,25"
337,11:17,1,1,서울역,2,"75,107"
337,11:17,10,10,인천공항,4,"56,96,112,113"
337,11:17,2,2,수서,3,"34,40,74"
337,11:17,3,3,삼성,2,"50,77"
337,11:17,4,4,여의도,5,"10,33,43,59,92"
337,11:17,5,5,김포공항,2,"19,72"
337,11:17,6,6,일산,2,"62,110"
337,11:17,7,7,판교,3,"55,58,125"
337,11:17,8,8,동탄/용인,1,41
337,11:17,9,9,평택,4,"5,6,15,25"
338,11:18,1,1,서울역,2,"75,107"
338,11:18,10,10,인천공항,3,"56,112,113"
338,11:18,2,2,수서,2,"34,74"
338,11:18,3,3,삼성,2,"50,77"
338,11:18,4,4,여의도,2,"59,92"
338,11:18,5,5,김포공항,2,"32,72"
338,11:18,6,6,일산,2,"62,110"
338,11:18,7,7,판교,1,55
338,11:18,8,8,동탄/용인,2,"18,41"
338,11:18,9,9,평택,3,"6,15,25"
339,11:19,1,1,서울역,2,"107,117"
339,11:19,10,10,인천공항,3,"56,112,113"
339,11:19,2,2,수서,1,74
339,11:19,4,4,여의도,4,"54,59,84,89"
339,11:19,5,5,김포공항,2,"32,72"
339,11:19,6,6,일산,1,62
339,11:19,7,7,판교,3,"51,55,58"
339,11:19,8,8,동탄/용인,2,"18,22"
339,11:19,9,9,평택,2,"6,21"
340,11:20,1,1,서울역,2,"104,117"
340,11:20,10,10,인천공항,2,"56,112"
340,11:20,2,2,수서,2,"69,115"
340,11:20,4,4,여의도,5,"46,54,84,89,90"
340,11:20,5,5,김포공항,1,32
340,11:20,7,7,판교,3,"51,58,103"
340,11:20,8,8,동탄/용인,2,"18,22"
340,11:20,9,9,평택,3,"6,21,29"
341,11:21,1,1,서울역,3,"83,104,117"
341,11:21,2,2,수서,3,"69,102,115"
341,11:21,3,3,삼성,2,"24,66"
341,11:21,4,4,여의도,5,"46,54,84,89,90"
341,11:21,5,5,김포공항,2,"19,126"
341,11:21,6,6,일산,3,"27,39,61"
341,11:21,7,7,판교,3,"51,58,103"
341,11:21,8,8,동탄/용인,1,22
341,11:21,9,9,평택,4,"4,6,21,29"
342,11:22,1,1,서울역,2,"83,104"
342,11:22,2,2,수서,5,"30,69,93,102,115"
342,11:22,3,3,삼성,5,"13,24,60,66,85"
342,11:22,4,4,여의도,5,"46,67,84,88,90"
342,11:22,5,5,김포공항,3,"19,126,127"
342,11:22,6,6,일산,3,"27,39,61"
342,11:22,7,7,판교,1,103
342,11:22,9,9,평택,4,"2,4,6,29"
343,11:23,1,1,서울역,1,83
343,11:23,2,2,수서,4,"30,80,93,102"
343,11:23,3,3,삼성,5,"13,24,60,66,85"
343,11:23,4,4,여의도,4,"57,67,84,88"
343,11:23,5,5,김포공항,4,"19,35,126,127"
343,11:23,6,6,일산,3,"27,39,61"
343,11:23,7,7,판교,1,121
343,11:23,9,9,평택,2,"2,4"
344,11:24,2,2,수서,3,"30,80,93"
344,11:24,3,3,삼성,3,"13,60,85"
344,11:24,4,4,여의도,6,"33,57,67,84,88,89"
344,11:24,5,5,김포공항,2,"35,127"
344,11:24,6,6,일산,1,27
344,11:24,7,7,판교,1,121
344,11:24,9,9,평택,4,"2,3,8,31"
345,11:25,2,2,수서,2,"69,80"
345,11:25,3,3,삼성,1,45
345,11:25,4,4,여의도,5,"11,33,57,89,95"
345,11:25,5,5,김포공항,2,"35,48"
345,11:25,6,6,일산,1,27
345,11:25,7,7,판교,4,"9,51,121,125"
345,11:25,9,9,평택,4,"2,3,8,31"
346,11:26,1,1,서울역,1,17
346,11:26,2,2,수서,1,69
346,11:26,3,3,삼성,3,"13,24,45"
346,11:26,4,4,여의도,6,"11,33,65,89,95,120"
346,11:26,5,5,김포공항,1,48
346,11:26,6,6,일산,1,27
346,11:26,7,7,판교,4,"9,49,51,125"
346,11:26,8,8,동탄/용인,1,7
346,11:26,9,9,평택,5,"2,3,8,28,31"
347,11:27,1,1,서울역,1,17
347,11:27,2,2,수서,2,"69,92"
347,11:27,3,3,삼성,3,"13,24,45"
347,11:27,4,4,여의도,5,"11,65,90,95,120"
347,11:27,5,5,김포공항,2,"48,91"
347,11:27,6,6,일산,1,53
347,11:27,7,7,판교,6,"9,49,51,71,106,125"
347,11:27,8,8,동탄/용인,2,"7,42"
347,11:27,9,9,평택,5,"2,3,16,28,31"
348,11:28,1,1,서울역,1,17
348,11:28,10,10,인천공항,1,64
348,11:28,2,2,수서,1,92
348,11:28,3,3,삼성,3,"13,24,45"
348,11:28,4,4,여의도,7,"11,65,68,74,90,95,120"
348,11:28,5,5,김포공항,1,91
348,11:28,6,6,일산,1,53
348,11:28,7,7,판교,5,"49,71,75,106,108"
348,11:28,8,8,동탄/용인,2,"7,42"
348,11:28,9,9,평택,6,"1,3,16,26,28,31"
349,11:29,10,10,인천공항,1,64
349,11:29,2,2,수서,2,"69,92"
349,11:29,3,3,삼성,1,45
349,11:29,4,4,여의도,7,"11,55,68,74,90,95,120"
349,11:29,5,5,김포공항,2,"34,91"
349,11:29,6,6,일산,2,"53,78"
349,11:29,7,7,판교,6,"49,59,71,75,106,108"
349,11:29,8,8,동탄/용인,1,42
349,11:29,9,9,평택,7,"1,3,16,26,31,36,38"
350,11:30,10,10,인천공항,1,64
350,11:30,2,2,수서,3,"54,69,73"
350,11:30,3,3,삼성,3,"45,72,79"
350,11:30,4,4,여의도,6,"11,55,68,74,95,120"
350,11:30,5,5,김포공항,1,34
350,11:30,6,6,일산,2,"20,78"
350,11:30,7,7,판교,4,"49,59,75,108"
350,11:30,9,9,평택,5,"1,8,26,36,38"
351,11:31,2,2,수서,3,"54,69,73"
351,11:31,3,3,삼성,4,"14,72,79,104"
351,11:31,4,4,여의도,5,"11,55,57,58,120"
351,11:31,5,5,김포공항,1,34
351,11:31,6,6,일산,2,"20,78"
351,11:31,7,7,판교,2,"49,59"
351,11:31,8,8,동탄/용인,2,"42,43"
351,11:31,9,9,평택,4,"8,26,36,38"
352,11:32,10,10,인천공항,2,"64,112"
352,11:32,2,2,수서,3,"54,73,82"
352,11:32,3,3,삼성,4,"14,72,79,104"
352,11:32,4,4,여의도,7,"11,41,55,57,58,74,103"
352,11:32,6,6,일산,1,20
352,11:32,7,7,판교,3,"46,59,71"
352,11:32,8,8,동탄/용인,2,"42,43"
352,11:32,9,9,평택,3,"8,26,37"
353,11:33,1,1,서울역,1,60
353,11:33,10,10,인천공항,2,"64,112"
353,11:33,2,2,수서,4,"82,83,84,88"
353,11:33,3,3,삼성,2,"14,104"
353,11:33,4,4,여의도,7,"11,41,55,57,58,74,103"
353,11:33,6,6,일산,2,"53,105"
353,11:33,7,7,판교,4,"46,59,71,110"
353,11:33,8,8,동탄/용인,2,"42,43"
353,11:33,9,9,평택,4,"8,23,26,37"
354,11:34,1,1,서울역,2,"60,93"
354,11:34,10,10,인천공항,2,"64,112"
354,11:34,2,2,수서,4,"82,83,84,88"
354,11:34,3,3,삼성,3,"66,86,126"
354,11:34,4,4,여의도,7,"41,55,74,76,80,103,107"
354,11:34,6,6,일산,3,"52,53,105"
354,11:34,7,7,판교,6,"9,46,59,62,71,110"
354,11:34,8,8,동탄/용인,1,7
354,11:34,9,9,평택,3,"8,23,37"
355,11:35,1,1,서울역,3,"60,93,121"
355,11:35,2,2,수서,5,"30,83,84,88,89"
355,11:35,3,3,삼성,5,"66,86,96,126,127"
355,11:35,4,4,여의도,7,"5,41,70,76,80,103,107"
355,11:35,6,6,일산,3,"52,53,105"
355,11:35,7,7,판교,6,"9,46,62,75,97,110"
355,11:35,8,8,동탄/용인,1,7
355,11:35,9,9,평택,3,"8,10,23"
356,11:36,1,1,서울역,2,"93,121"
356,11:36,10,10,인천공항,1,77
356,11:36,2,2,수서,2,"30,89"
356,11:36,3,3,삼성,8,"15,35,61,66,86,96,126,127"
356,11:36,4,4,여의도,7,"5,41,70,76,80,103,107"
356,11:36,6,6,일산,2,"20,52"
356,11:36,7,7,판교,5,"9,46,62,75,97"
356,11:36,8,8,동탄/용인,1,7
356,11:36,9,9,평택,3,"1,10,50"
357,11:37,1,1,서울역,3,"17,121,125"
357,11:37,10,10,인천공항,1,77
357,11:37,2,2,수서,2,"30,89"
357,11:37,3,3,삼성,6,"14,15,35,61,96,127"
357,11:37,4,4,여의도,6,"5,41,51,70,80,103"
357,11:37,6,6,일산,1,20
357,11:37,7,7,판교,3,"46,75,97"
357,11:37,9,9,평택,3,"1,10,50"
358,11:38,1,1,서울역,2,"17,125"
358,11:38,10,10,인천공항,1,77
358,11:38,2,2,수서,1,90
358,11:38,3,3,삼성,4,"14,15,35,61"
358,11:38,4,4,여의도,3,"5,51,80"
358,11:38,6,6,일산,1,20
358,11:38,7,7,판교,1,65
358,11:38,9,9,평택,3,"1,10,50"
359,11:39,1,1,서울역,2,"17,125"
359,11:39,10,10,인천공항,2,"67,77"
359,11:39,2,2,수서,2,"90,95"
359,11:39,3,3,삼성,1,14
359,11:39,4,4,여의도,4,"5,51,80,106"
359,11:39,6,6,일산,1,109
359,11:39,7,7,판교,1,65
359,11:39,9,9,평택,1,10
360,11:40,1,1,서울역,1,60
360,11:40,10,10,인천공항,2,"67,77"
360,11:40,2,2,수서,3,"27,90,95"
360,11:40,3,3,삼성,1,91
360,11:40,4,4,여의도,4,"5,58,106,108"
360,11:40,6,6,일산,2,"18,109"
360,11:40,7,7,판교,2,"65,68"
360,11:40,9,9,평택,2,"0,10"
361,11:41,1,1,서울역,1,60
361,11:41,10,10,인천공항,2,"67,77"
361,11:41,2,2,수서,3,"27,54,95"
361,11:41,3,3,삼성,1,91
361,11:41,4,4,여의도,3,"58,106,108"
361,11:41,6,6,일산,4,"18,22,24,109"
361,11:41,7,7,판교,2,"68,120"
361,11:41,9,9,평택,2,"0,25"
362,11:42,1,1,서울역,1,60
362,11:42,2,2,수서,4,"27,54,83,87"
362,11:42,3,3,삼성,1,91
362,11:42,4,4,여의도,3,"58,106,108"
362,11:42,5,5,김포공항,1,69
362,11:42,6,6,일산,3,"18,22,24"
362,11:42,7,7,판교,2,"68,120"
362,11:42,9,9,평택,4,"0,16,25,56"
363,11:43,2,2,수서,4,"54,74,83,87"
363,11:43,4,4,여의도,2,"106,108"
363,11:43,5,5,김포공항,3,"4,69,73"
363,11:43,6,6,일산,2,"22,24"
363,11:43,7,7,판교,3,"62,110,120"
363,11:43,8,8,동탄/용인,1,39
363,11:43,9,9,평택,5,"16,19,25,32,56"
364,11:44,1,1,서울역,1,59
364,11:44,2,2,수서,5,"40,54,74,83,87"
364,11:44,4,4,여의도,3,"71,106,108"
364,11:44,5,5,김포공항,3,"4,69,73"
364,11:44,7,7,판교,2,"62,110"
364,11:44,8,8,동탄/용인,1,39
364,11:44,9,9,평택,5,"16,19,32,33,56"
365,11:45,1,1,서울역,1,59
365,11:45,2,2,수서,3,"40,54,74"
365,11:45,3,3,삼성,1,61
365,11:45,4,4,여의도,3,"2,71,108"
365,11:45,5,5,김포공항,4,"4,69,73,82"
365,11:45,6,6,일산,1,18
365,11:45,7,7,판교,3,"62,110,120"
365,11:45,8,8,동탄/용인,1,39
365,11:45,9,9,평택,4,"19,32,33,56"
366,11:46,1,1,서울역,2,"52,59"
366,11:46,2,2,수서,4,"40,54,70,103"
366,11:46,3,3,삼성,3,"61,72,107"
366,11:46,4,4,여의도,2,"2,71"
366,11:46,5,5,김포공항,4,"4,48,69,82"
366,11:46,6,6,일산,3,"18,22,49"
366,11:46,7,7,판교,3,"76,78,120"
366,11:46,9,9,평택,5,"12,13,19,33,56"
367,11:47,1,1,서울역,3,"46,52,97"
367,11:47,2,2,수서,2,"70,103"
367,11:47,3,3,삼성,3,"61,72,107"
367,11:47,4,4,여의도,3,"2,42,75"
367,11:47,5,5,김포공항,6,"4,34,48,66,69,82"
367,11:47,6,6,일산,3,"18,22,49"
367,11:47,7,7,판교,3,"76,78,120"
367,11:47,9,9,평택,4,"12,13,19,56"
368,11:48,1,1,서울역,3,"46,52,97"
368,11:48,10,10,인천공항,2,"45,57"
368,11:48,2,2,수서,2,"70,103"
368,11:48,3,3,삼성,3,"53,72,107"
368,11:48,4,4,여의도,4,"42,71,75,117"
368,11:48,5,5,김포공항,4,"4,34,48,66"
368,11:48,6,6,일산,2,"22,49"
368,11:48,7,7,판교,2,"76,78"
368,11:48,9,9,평택,3,"12,13,19"
369,11:49,1,1,서울역,4,"46,52,81,97"
369,11:49,10,10,인천공항,3,"45,55,57"
369,11:49,3,3,삼성,1,53
369,11:49,4,4,여의도,4,"42,71,75,117"
369,11:49,5,5,김포공항,2,"34,66"
369,11:49,7,7,판교,1,80
369,11:49,9,9,평택,1,13
370,11:50,1,1,서울역,2,"52,81"
370,11:50,10,10,인천공항,3,"45,55,57"
370,11:50,3,3,삼성,1,53
370,11:50,4,4,여의도,4,"2,42,71,117"
370,11:50,6,6,일산,1,24
370,11:50,7,7,판교,3,"78,80,105"
370,11:50,9,9,평택,1,13
371,11:51,1,1,서울역,3,"52,81,109"
371,11:51,10,10,인천공항,1,55
371,11:51,2,2,수서,1,58
371,11:51,4,4,여의도,3,"2,42,119"
371,11:51,6,6,일산,3,"24,30,49"
371,11:51,7,7,판교,3,"78,80,105"
371,11:51,9,9,평택,2,"11,13"
372,11:52,1,1,서울역,1,109
372,11:52,2,2,수서,2,"58,70"
372,11:52,3,3,삼성,1,112
372,11:52,4,4,여의도,3,"2,42,119"
372,11:52,6,6,일산,4,"14,24,30,49"
372,11:52,7,7,판교,2,"78,105"
372,11:52,8,8,동탄/용인,1,39
372,11:52,9,9,평택,1,11
373,11:53,1,1,서울역,1,109
373,11:53,10,10,인천공항,1,45
373,11:53,2,2,수서,3,"58,70,106"
373,11:53,3,3,삼성,2,"23,112"
373,11:53,4,4,여의도,5,"6,8,59,75,119"
373,11:53,6,6,일산,3,"14,30,49"
373,11:53,7,7,판교,2,"80,88"
373,11:53,8,8,동탄/용인,1,39
373,11:53,9,9,평택,1,11
374,11:54,1,1,서울역,2,"87,116"
374,11:54,10,10,인천공항,1,45
374,11:54,2,2,수서,3,"70,106,108"
374,11:54,3,3,삼성,3,"15,23,112"
374,11:54,4,4,여의도,4,"6,8,59,75"
374,11:54,6,6,일산,1,14
374,11:54,7,7,판교,2,"80,88"
374,11:54,8,8,동탄/용인,1,39
375,11:55,1,1,서울역,3,"87,114,116"
375,11:55,10,10,인천공항,2,"9,45"
375,11:55,2,2,수서,3,"70,106,108"
375,11:55,3,3,삼성,2,"15,23"
375,11:55,4,4,여의도,5,"6,8,59,75,110"
375,11:55,5,5,김포공항,1,83
375,11:55,6,6,일산,1,14
375,11:55,7,7,판교,3,"80,88,105"
375,11:55,9,9,평택,1,41
376,11:56,1,1,서울역,3,"87,114,116"
376,11:56,10,10,인천공항,3,"9,45,55"
376,11:56,2,2,수서,2,"70,108"
376,11:56,3,3,삼성,1,15
376,11:56,4,4,여의도,4,"3,8,51,110"
376,11:56,5,5,김포공항,2,"66,83"
376,11:56,6,6,일산,3,"7,14,30"
376,11:56,7,7,판교,1,105
376,11:56,9,9,평택,2,"26,41"
377,11:57,1,1,서울역,1,114
377,11:57,10,10,인천공항,3,"9,45,55"
377,11:57,2,2,수서,1,70
377,11:57,3,3,삼성,1,53
377,11:57,4,4,여의도,6,"3,8,51,110,120,121"
377,11:57,5,5,김포공항,3,"54,66,83"
377,11:57,6,6,일산,3,"7,14,30"
377,11:57,7,7,판교,1,105
377,11:57,9,9,평택,2,"26,41"
378,11:58,1,1,서울역,1,114
378,11:58,10,10,인천공항,2,"45,55"
378,11:58,3,3,삼성,2,"23,53"
378,11:58,4,4,여의도,6,"3,8,51,72,120,121"
378,11:58,5,5,김포공항,4,"1,54,61,66"
378,11:58,6,6,일산,2,"7,30"
378,11:58,9,9,평택,3,"5,21,26"
379,11:59,1,1,서울역,1,114
379,11:59,2,2,수서,1,71
379,11:59,3,3,삼성,2,"23,53"
379,11:59,4,4,여의도,5,"8,72,110,120,121"
379,11:59,5,5,김포공항,3,"1,54,61"
379,11:59,6,6,일산,1,7
379,11:59,9,9,평택,2,"5,21"
380,12:00,1,1,서울역,1,114
380,12:00,2,2,수서,1,71
380,12:00,3,3,삼성,2,"23,117"
380,12:00,4,4,여의도,3,"8,72,110"
380,12:00,5,5,김포공항,3,"1,54,61"
380,12:00,6,6,일산,2,"7,40"
380,12:00,7,7,판교,2,"47,65"
380,12:00,9,9,평택,4,"0,5,21,62"
381,12:01,10,10,인천공항,1,57
381,12:01,2,2,수서,1,71
381,12:01,3,3,삼성,1,117
381,12:01,4,4,여의도,3,"3,8,110"
381,12:01,5,5,김포공항,1,54
381,12:01,6,6,일산,2,"7,40"
381,12:01,7,7,판교,4,"47,65,68,81"
381,12:01,9,9,평택,6,"0,5,11,17,60,62"
382,12:02,1,1,서울역,1,25
382,12:02,10,10,인천공항,1,57
382,12:02,2,2,수서,1,71
382,12:02,3,3,삼성,1,117
382,12:02,4,4,여의도,3,"3,16,78"
382,12:02,5,5,김포공항,1,54
382,12:02,6,6,일산,1,40
382,12:02,7,7,판교,5,"18,47,65,68,81"
382,12:02,9,9,평택,6,"0,5,11,17,60,62"
383,12:03,1,1,서울역,2,"25,49"
383,12:03,10,10,인천공항,1,57
383,12:03,2,2,수서,1,71
383,12:03,3,3,삼성,1,119
383,12:03,4,4,여의도,3,"3,16,78"
383,12:03,7,7,판교,4,"18,22,68,81"
383,12:03,9,9,평택,5,"5,11,17,60,77"
384,12:04,1,1,서울역,3,"25,49,87"
384,12:04,10,10,인천공항,1,9
384,12:04,2,2,수서,2,"71,75"
384,12:04,3,3,삼성,1,119
384,12:04,4,4,여의도,2,"16,78"
384,12:04,7,7,판교,2,"18,22"
384,12:04,9,9,평택,1,77
385,12:05,1,1,서울역,3,"49,87,88"
385,12:05,10,10,인천공항,1,9
385,12:05,2,2,수서,1,75
385,12:05,3,3,삼성,2,"116,119"
385,12:05,4,4,여의도,2,"6,80"
385,12:05,7,7,판교,3,"18,22,59"
385,12:05,8,8,동탄/용인,1,48
385,12:05,9,9,평택,1,77
386,12:06,1,1,서울역,2,"87,88"
386,12:06,10,10,인천공항,1,9
386,12:06,2,2,수서,1,75
386,12:06,3,3,삼성,1,116
386,12:06,4,4,여의도,3,"6,19,80"
386,12:06,7,7,판교,2,"18,59"
386,12:06,8,8,동탄/용인,1,48
386,12:06,9,9,평택,1,64
387,12:07,1,1,서울역,2,"25,88"
387,12:07,10,10,인천공항,1,42
387,12:07,3,3,삼성,1,116
387,12:07,4,4,여의도,4,"6,19,80,105"
387,12:07,7,7,판교,4,"18,22,24,59"
387,12:07,8,8,동탄/용인,1,48
387,12:07,9,9,평택,1,64
388,12:08,1,1,서울역,4,"25,46,53,88"
388,12:08,10,10,인천공항,1,42
388,12:08,4,4,여의도,4,"10,19,39,105"
388,12:08,5,5,김포공항,2,"12,70"
388,12:08,7,7,판교,2,"22,24"
388,12:08,9,9,평택,3,"4,20,64"
389,12:09,1,1,서울역,4,"25,46,53,88"
389,12:09,10,10,인천공항,1,42
389,12:09,2,2,수서,1,74
389,12:09,3,3,삼성,3,"66,86,121"
389,12:09,4,4,여의도,3,"10,39,105"
389,12:09,5,5,김포공항,2,"12,70"
389,12:09,6,6,일산,1,15
389,12:09,7,7,판교,2,"22,24"
389,12:09,9,9,평택,3,"4,20,34"
390,12:10,1,1,서울역,3,"46,53,88"
390,12:10,2,2,수서,2,"27,74"
390,12:10,3,3,삼성,3,"66,86,121"
390,12:10,4,4,여의도,2,"10,39"
390,12:10,5,5,김포공항,2,"12,70"
390,12:10,6,6,일산,1,15
390,12:10,7,7,판교,1,76
390,12:10,9,9,평택,5,"2,4,20,34,52"
391,12:11,1,1,서울역,1,53
391,12:11,2,2,수서,2,"27,74"
391,12:11,3,3,삼성,3,"66,86,121"
391,12:11,4,4,여의도,1,10
391,12:11,5,5,김포공항,1,70
391,12:11,6,6,일산,1,15
391,12:11,7,7,판교,4,"24,76,81,110"
391,12:11,9,9,평택,3,"2,34,52"
392,12:12,1,1,서울역,1,53
392,12:12,2,2,수서,1,27
392,12:12,4,4,여의도,1,10
392,12:12,5,5,김포공항,1,70
392,12:12,6,6,일산,1,15
392,12:12,7,7,판교,6,"14,24,76,81,84,110"
392,12:12,9,9,평택,2,"2,52"
393,12:13,1,1,서울역,2,"53,68"
393,12:13,10,10,인천공항,2,"42,51"
393,12:13,4,4,여의도,2,"10,55"
393,12:13,5,5,김포공항,1,70
393,12:13,6,6,일산,1,15
393,12:13,7,7,판교,6,"14,24,30,81,84,110"
393,12:13,8,8,동탄/용인,1,43
394,12:14,1,1,서울역,1,68
394,12:14,10,10,인천공항,2,"42,51"
394,12:14,4,4,여의도,1,55
394,12:14,6,6,일산,1,15
394,12:14,7,7,판교,3,"14,30,84"
394,12:14,8,8,동탄/용인,1,43
395,12:15,1,1,서울역,1,68
395,12:15,10,10,인천공항,2,"42,51"
395,12:15,2,2,수서,1,58
395,12:15,4,4,여의도,1,55
395,12:15,5,5,김포공항,3,"65,69,71"
395,12:15,6,6,일산,2,"40,54"
395,12:15,7,7,판교,1,30
395,12:15,8,8,동탄/용인,1,43
396,12:16,10,10,인천공항,1,114
396,12:16,2,2,수서,1,58
396,12:16,3,3,삼성,2,"35,45"
396,12:16,5,5,김포공항,3,"65,69,71"
396,12:16,6,6,일산,2,"40,54"
396,12:16,7,7,판교,3,"7,14,110"
396,12:16,9,9,평택,1,2
397,12:17,1,1,서울역,2,"26,49"
397,12:17,10,10,인천공항,2,"67,114"
397,12:17,2,2,수서,1,58
397,12:17,3,3,삼성,3,"35,45,66"
397,12:17,5,5,김포공항,4,"61,65,69,71"
397,12:17,6,6,일산,3,"40,47,54"
397,12:17,7,7,판교,5,"7,14,89,95,110"
397,12:17,9,9,평택,1,2
398,12:18,1,1,서울역,3,"26,49,93"
398,12:18,10,10,인천공항,3,"23,67,114"
398,12:18,3,3,삼성,4,"35,45,66,79"
398,12:18,4,4,여의도,3,"13,21,57"
398,12:18,5,5,김포공항,1,61
398,12:18,6,6,일산,1,47
398,12:18,7,7,판교,5,"7,14,89,95,110"
398,12:18,9,9,평택,1,2
399,12:19,1,1,서울역,3,"26,49,93"
399,12:19,10,10,인천공항,3,"23,67,114"
399,12:19,3,3,삼성,3,"45,66,79"
399,12:19,4,4,여의도,3,"13,21,57"
399,12:19,5,5,김포공항,1,61
399,12:19,6,6,일산,1,47
399,12:19,7,7,판교,2,"89,95"
399,12:19,9,9,평택,1,4
400,12:20,1,1,서울역,1,93
400,12:20,10,10,인천공항,2,"23,114"
400,12:20,3,3,삼성,3,"45,79,104"
400,12:20,4,4,여의도,3,"13,21,57"
400,12:20,7,7,판교,2,"7,46"
400,12:20,9,9,평택,1,4
401,12:21,1,1,서울역,1,97
401,12:21,10,10,인천공항,1,114
401,12:21,3,3,삼성,2,"45,104"
401,12:21,4,4,여의도,1,11
401,12:21,7,7,판교,3,"7,30,46"
401,12:21,9,9,평택,2,"3,4"
402,12:22,1,1,서울역,2,"76,97"
402,12:22,10,10,인천공항,2,"23,87"
402,12:22,3,3,삼성,1,104
402,12:22,4,4,여의도,1,11
402,12:22,5,5,김포공항,1,74
402,12:22,7,7,판교,4,"7,30,46,59"
402,12:22,9,9,평택,2,"3,17"
403,12:23,1,1,서울역,2,"76,97"
403,12:23,10,10,인천공항,2,"23,87"
403,12:23,4,4,여의도,2,"11,81"
403,12:23,5,5,김포공항,1,74
403,12:23,7,7,판교,2,"30,59"
403,12:23,9,9,평택,2,"3,17"
404,12:24,1,1,서울역,1,76
404,12:24,10,10,인천공항,4,"0,23,51,87"
404,12:24,3,3,삼성,1,9
404,12:24,4,4,여의도,2,"81,84"
404,12:24,5,5,김포공항,1,74
404,12:24,7,7,판교,1,59
404,12:24,9,9,평택,2,"17,22"
405,12:25,1,1,서울역,1,98
405,12:25,10,10,인천공항,3,"0,23,51"
405,12:25,3,3,삼성,1,9
405,12:25,4,4,여의도,2,"81,84"
405,12:25,7,7,판교,1,59
405,12:25,9,9,평택,2,"6,22"
406,12:26,1,1,서울역,1,98
406,12:26,10,10,인천공항,5,"0,18,23,51,88"
406,12:26,2,2,수서,1,75
406,12:26,3,3,삼성,1,9
406,12:26,4,4,여의도,1,84
406,12:26,7,7,판교,1,59
406,12:26,9,9,평택,2,"6,22"
407,12:27,1,1,서울역,2,"26,98"
407,12:27,10,10,인천공항,4,"0,18,23,88"
407,12:27,2,2,수서,1,75
407,12:27,3,3,삼성,1,9
407,12:27,6,6,일산,1,47
407,12:27,7,7,판교,1,59
407,12:27,9,9,평택,2,"6,8"
408,12:28,1,1,서울역,1,26
408,12:28,10,10,인천공항,4,"0,10,18,88"
408,12:28,2,2,수서,1,75
408,12:28,3,3,삼성,3,"9,69,107"
408,12:28,4,4,여의도,1,110
408,12:28,6,6,일산,2,"24,47"
408,12:28,7,7,판교,1,103
408,12:28,9,9,평택,3,"3,8,25"
409,12:29,1,1,서울역,2,"26,95"
409,12:29,10,10,인천공항,5,"0,10,18,53,86"
409,12:29,2,2,수서,1,75
409,12:29,3,3,삼성,3,"9,69,107"
409,12:29,4,4,여의도,3,"11,89,110"
409,12:29,6,6,일산,2,"24,47"
409,12:29,7,7,판교,3,"49,90,103"
409,12:29,9,9,평택,3,"3,8,25"
410,12:30,1,1,서울역,1,95
410,12:30,10,10,인천공항,4,"10,18,53,86"
410,12:30,2,2,수서,2,"61,75"
410,12:30,3,3,삼성,3,"45,69,107"
410,12:30,4,4,여의도,4,"11,13,89,110"
410,12:30,6,6,일산,1,24
410,12:30,7,7,판교,5,"46,49,90,92,103"
410,12:30,9,9,평택,2,"3,25"
411,12:31,1,1,서울역,2,"95,109"
411,12:31,10,10,인천공항,5,"18,27,40,53,86"
411,12:31,2,2,수서,2,"61,75"
411,12:31,3,3,삼성,1,45
411,12:31,4,4,여의도,3,"11,13,89"
411,12:31,6,6,일산,2,"24,58"
411,12:31,7,7,판교,4,"46,49,90,92"
412,12:32,1,1,서울역,1,109
412,12:32,10,10,인천공항,2,"27,40"
412,12:32,2,2,수서,1,61
412,12:32,3,3,삼성,2,"45,91"
412,12:32,4,4,여의도,1,13
412,12:32,6,6,일산,2,"24,58"
412,12:32,7,7,판교,3,"46,54,92"
412,12:32,8,8,동탄/용인,1,48
413,12:33,1,1,서울역,1,109
413,12:33,10,10,인천공항,2,"27,40"
413,12:33,3,3,삼성,2,"42,91"
413,12:33,4,4,여의도,1,30
413,12:33,6,6,일산,3,"14,24,58"
413,12:33,7,7,판교,2,"49,54"
413,12:33,8,8,동탄/용인,1,48
414,12:34,2,2,수서,1,94
414,12:34,3,3,삼성,2,"42,91"
414,12:34,4,4,여의도,2,"30,67"
414,12:34,5,5,김포공항,1,1
414,12:34,6,6,일산,1,14
414,12:34,7,7,판교,2,"49,54"
414,12:34,8,8,동탄/용인,1,48
414,12:34,9,9,평택,1,6
415,12:35,1,1,서울역,2,"68,122"
415,12:35,2,2,수서,1,94
415,12:35,3,3,삼성,1,42
415,12:35,4,4,여의도,2,"30,67"
415,12:35,5,5,김포공항,1,1
415,12:35,6,6,일산,2,"14,43"
415,12:35,7,7,판교,2,"49,128"
415,12:35,8,8,동탄/용인,1,104
415,12:35,9,9,평택,1,6
416,12:36,1,1,서울역,2,"68,122"
416,12:36,10,10,인천공항,1,93
416,12:36,2,2,수서,2,"94,99"
416,12:36,4,4,여의도,2,"5,67"
416,12:36,5,5,김포공항,2,"1,12"
416,12:36,6,6,일산,1,43
416,12:36,7,7,판교,2,"54,128"
416,12:36,8,8,동탄/용인,1,104
416,12:36,9,9,평택,2,"6,35"
417,12:37,1,1,서울역,2,"68,122"
417,12:37,10,10,인천공항,1,93
417,12:37,2,2,수서,1,99
417,12:37,4,4,여의도,1,5
417,12:37,5,5,김포공항,1,12
417,12:37,6,6,일산,1,43
417,12:37,7,7,판교,4,"54,106,128,129"
417,12:37,8,8,동탄/용인,1,104
417,12:37,9,9,평택,3,"15,35,66"
418,12:38,10,10,인천공항,2,"40,93"
418,12:38,2,2,수서,1,99
418,12:38,4,4,여의도,1,5
418,12:38,5,5,김포공항,1,12
418,12:38,7,7,판교,3,"54,106,129"
418,12:38,9,9,평택,4,"15,35,66,79"
419,12:39,1,1,서울역,1,123
419,12:39,10,10,인천공항,3,"10,40,97"
419,12:39,4,4,여의도,2,"4,5"
419,12:39,7,7,판교,3,"106,108,129"
419,12:39,9,9,평택,3,"15,66,79"
420,12:40,1,1,서울역,2,"103,123"
420,12:40,10,10,인천공항,3,"10,40,97"
420,12:40,2,2,수서,1,101
420,12:40,4,4,여의도,2,"4,5"
420,12:40,5,5,김포공항,2,"59,65"
420,12:40,7,7,판교,1,108
420,12:40,8,8,동탄/용인,1,104
420,12:40,9,9,평택,1,79
421,12:41,1,1,서울역,2,"103,123"
421,12:41,10,10,인천공항,2,"10,97"
421,12:41,2,2,수서,2,"13,101"
421,12:41,4,4,여의도,5,"4,5,30,51,90"
421,12:41,5,5,김포공항,3,"59,65,107"
421,12:41,7,7,판교,1,108
421,12:41,8,8,동탄/용인,1,104
422,12:42,1,1,서울역,2,"76,103"
422,12:42,2,2,수서,3,"13,101,102"
422,12:42,3,3,삼성,1,17
422,12:42,4,4,여의도,4,"30,51,90,92"
422,12:42,5,5,김포공항,5,"59,65,70,75,107"
422,12:42,8,8,동탄/용인,1,104
422,12:42,9,9,평택,1,15
423,12:43,1,1,서울역,1,76
423,12:43,10,10,인천공항,2,"47,98"
423,12:43,2,2,수서,2,"13,102"
423,12:43,3,3,삼성,1,17
423,12:43,4,4,여의도,4,"30,51,90,92"
423,12:43,5,5,김포공항,4,"59,70,75,107"
423,12:43,9,9,평택,1,15
424,12:44,1,1,서울역,1,76
424,12:44,10,10,인천공항,3,"27,47,98"
424,12:44,2,2,수서,1,102
424,12:44,3,3,삼성,1,17
424,12:44,4,4,여의도,3,"4,39,92"
424,12:44,5,5,김포공항,4,"59,70,71,75"
424,12:44,9,9,평택,1,15
425,12:45,10,10,인천공항,3,"27,47,98"
425,12:45,2,2,수서,1,102
425,12:45,3,3,삼성,3,"17,23,69"
425,12:45,4,4,여의도,3,"4,39,49"
425,12:45,5,5,김포공항,3,"59,71,75"
426,12:46,10,10,인천공항,2,"11,27"
426,12:46,2,2,수서,2,"102,115"
426,12:46,3,3,삼성,3,"17,23,69"
426,12:46,4,4,여의도,3,"4,39,49"
426,12:46,5,5,김포공항,3,"59,71,75"
427,12:47,1,1,서울역,1,128
427,12:47,10,10,인천공항,1,11
427,12:47,2,2,수서,2,"102,115"
427,12:47,3,3,삼성,6,"0,17,23,42,69,85"
427,12:47,4,4,여의도,1,49
427,12:47,5,5,김포공항,3,"59,75,94"
427,12:47,6,6,일산,1,46
427,12:47,9,9,평택,1,9
428,12:48,1,1,서울역,1,128
428,12:48,10,10,인천공항,2,"7,11"
428,12:48,2,2,수서,1,115
428,12:48,3,3,삼성,4,"0,23,42,85"
428,12:48,4,4,여의도,2,"48,54"
428,12:48,5,5,김포공항,2,"59,94"
428,12:48,6,6,일산,1,46
428,12:48,8,8,동탄/용인,1,28
428,12:48,9,9,평택,2,"9,26"
429,12:49,1,1,서울역,2,"128,129"
429,12:49,10,10,인천공항,2,"7,109"
429,12:49,2,2,수서,1,115
429,12:49,3,3,삼성,4,"0,23,42,85"
429,12:49,4,4,여의도,3,"48,54,106"
429,12:49,5,5,김포공항,2,"94,99"
429,12:49,6,6,일산,2,"14,46"
429,12:49,8,8,동탄/용인,1,28
429,12:49,9,9,평택,2,"9,26"
430,12:50,1,1,서울역,2,"95,129"
430,12:50,10,10,인천공항,3,"7,11,109"
430,12:50,2,2,수서,1,115
430,12:50,3,3,삼성,1,23
430,12:50,4,4,여의도,3,"48,54,106"
430,12:50,5,5,김포공항,1,99
430,12:50,6,6,일산,1,14
430,12:50,7,7,판교,1,96
430,12:50,8,8,동탄/용인,1,28
430,12:50,9,9,평택,2,"26,45"
431,12:51,1,1,서울역,2,"95,129"
431,12:51,10,10,인천공항,3,"11,47,109"
431,12:51,2,2,수서,2,"61,115"
431,12:51,4,4,여의도,3,"19,106,108"
431,12:51,5,5,김포공항,1,99
431,12:51,6,6,일산,1,14
431,12:51,7,7,판교,1,96
431,12:51,9,9,평택,1,45
432,12:52,1,1,서울역,1,95
432,12:52,10,10,인천공항,3,"11,47,91"
432,12:52,2,2,수서,2,"30,61"
432,12:52,4,4,여의도,3,"16,19,108"
432,12:52,7,7,판교,1,96
432,12:52,9,9,평택,1,45
433,12:53,10,10,인천공항,4,"47,53,91,122"
433,12:53,2,2,수서,3,"13,30,61"
433,12:53,4,4,여의도,3,"16,19,108"
433,12:53,5,5,김포공항,1,101
433,12:53,6,6,일산,1,2
433,12:53,7,7,판교,1,116
433,12:53,8,8,동탄/용인,1,24
434,12:54,10,10,인천공항,3,"53,91,122"
434,12:54,2,2,수서,2,"13,30"
434,12:54,4,4,여의도,2,"6,16"
434,12:54,5,5,김포공항,1,101
434,12:54,6,6,일산,1,2
434,12:54,7,7,판교,1,116
434,12:54,8,8,동탄/용인,1,24
434,12:54,9,9,평택,1,20
435,12:55,10,10,인천공항,2,"53,122"
435,12:55,2,2,수서,3,"13,30,39"
435,12:55,3,3,삼성,1,104
435,12:55,4,4,여의도,2,"6,40"
435,12:55,5,5,김포공항,1,101
435,12:55,6,6,일산,1,2
435,12:55,7,7,판교,1,116
435,12:55,8,8,동탄/용인,1,24
435,12:55,9,9,평택,1,20
436,12:56,2,2,수서,2,"30,39"
436,12:56,3,3,삼성,1,104
436,12:56,4,4,여의도,3,"6,21,40"
436,12:56,9,9,평택,3,"1,20,68"
437,12:57,10,10,인천공항,1,123
437,12:57,2,2,수서,3,"30,39,100"
437,12:57,3,3,삼성,2,"0,104"
437,12:57,4,4,여의도,3,"6,21,40"
437,12:57,7,7,판교,1,118
437,12:57,9,9,평택,2,"1,68"
438,12:58,1,1,서울역,1,103
438,12:58,10,10,인천공항,1,123
438,12:58,2,2,수서,1,100
438,12:58,3,3,삼성,2,"0,23"
438,12:58,4,4,여의도,2,"6,21"
438,12:58,5,5,김포공항,1,102
438,12:58,7,7,판교,1,118
438,12:58,9,9,평택,4,"1,8,12,68"
439,12:59,1,1,서울역,2,"103,124"
439,12:59,10,10,인천공항,2,"71,123"
439,12:59,2,2,수서,1,100
439,12:59,3,3,삼성,3,"0,10,23"
439,12:59,4,4,여의도,1,6
439,12:59,5,5,김포공항,1,102
439,12:59,7,7,판교,2,"117,118"
439,12:59,8,8,동탄/용인,1,76
439,12:59,9,9,평택,3,"1,8,12"
440,13:00,1,1,서울역,2,"103,124"
440,13:00,10,10,인천공항,1,71
440,13:00,3,3,삼성,2,"10,23"
440,13:00,4,4,여의도,1,3
440,13:00,5,5,김포공항,1,102
440,13:00,6,6,일산,1,69
440,13:00,7,7,판교,1,117
440,13:00,8,8,동탄/용인,1,76
440,13:00,9,9,평택,3,"1,8,12"
441,13:01,1,1,서울역,1,124
441,13:01,10,10,인천공항,1,71
441,13:01,3,3,삼성,1,10
441,13:01,4,4,여의도,1,3
441,13:01,5,5,김포공항,1,102
441,13:01,6,6,일산,1,69
441,13:01,7,7,판교,1,117
441,13:01,8,8,동탄/용인,1,76
441,13:01,9,9,평택,3,"1,12,22"
442,13:02,10,10,인천공항,1,71
442,13:02,3,3,삼성,2,"15,18"
442,13:02,4,4,여의도,2,"3,96"
442,13:02,5,5,김포공항,2,"102,115"
442,13:02,6,6,일산,2,"2,69"
442,13:02,7,7,판교,1,95
442,13:02,9,9,평택,3,"12,22,65"
443,13:03,10,10,인천공항,1,71
443,13:03,3,3,삼성,3,"15,18,28"
443,13:03,4,4,여의도,2,"3,96"
443,13:03,5,5,김포공항,2,"102,115"
443,13:03,6,6,일산,2,"2,69"
443,13:03,7,7,판교,1,95
443,13:03,9,9,평택,4,"9,12,22,65"
444,13:04,10,10,인천공항,1,71
444,13:04,3,3,삼성,4,"15,18,27,28"
444,13:04,4,4,여의도,3,"3,48,96"
444,13:04,5,5,김포공항,1,115
444,13:04,6,6,일산,2,"2,69"
444,13:04,7,7,판교,1,95
444,13:04,9,9,평택,5,"4,9,12,65,70"
445,13:05,10,10,인천공항,1,14
445,13:05,2,2,수서,1,104
445,13:05,3,3,삼성,3,"15,27,28"
445,13:05,4,4,여의도,3,"3,48,116"
445,13:05,5,5,김포공항,1,115
445,13:05,6,6,일산,1,69
445,13:05,9,9,평택,5,"4,9,12,17,70"
446,13:06,10,10,인천공항,2,"14,86"
446,13:06,2,2,수서,1,104
446,13:06,3,3,삼성,2,"15,27"
446,13:06,4,4,여의도,2,"48,116"
446,13:06,5,5,김포공항,1,115
446,13:06,7,7,판교,1,95
446,13:06,9,9,평택,4,"4,12,17,70"
447,13:07,10,10,인천공항,3,"14,85,86"
447,13:07,2,2,수서,1,104
447,13:07,3,3,삼성,2,"15,18"
447,13:07,4,4,여의도,3,"11,49,116"
447,13:07,5,5,김포공항,1,115
447,13:07,6,6,일산,1,61
447,13:07,7,7,판교,1,95
447,13:07,9,9,평택,2,"17,42"
448,13:08,10,10,인천공항,3,"19,85,86"
448,13:08,3,3,삼성,1,18
448,13:08,4,4,여의도,4,"11,47,49,51"
448,13:08,5,5,김포공항,1,30
448,13:08,6,6,일산,1,61
448,13:08,7,7,판교,1,95
448,13:08,9,9,평택,4,"4,5,42,59"
449,13:09,1,1,서울역,1,118
449,13:09,10,10,인천공항,2,"19,85"
449,13:09,3,3,삼성,1,18
449,13:09,4,4,여의도,4,"11,47,49,51"
449,13:09,5,5,김포공항,1,30
449,13:09,6,6,일산,1,61
449,13:09,7,7,판교,1,111
449,13:09,9,9,평택,4,"4,5,42,59"
450,13:10,1,1,서울역,1,118
450,13:10,10,10,인천공항,1,19
450,13:10,4,4,여의도,3,"47,51,53"
450,13:10,5,5,김포공항,1,30
450,13:10,7,7,판교,2,"103,111"
450,13:10,9,9,평택,3,"4,5,59"
451,13:11,1,1,서울역,1,118
451,13:11,2,2,수서,1,124
451,13:11,4,4,여의도,2,"53,117"
451,13:11,5,5,김포공항,1,30
451,13:11,6,6,일산,1,43
451,13:11,7,7,판교,2,"103,111"
451,13:11,9,9,평택,1,5
452,13:12,2,2,수서,2,"39,124"
452,13:12,4,4,여의도,2,"53,117"
452,13:12,5,5,김포공항,1,30
452,13:12,6,6,일산,2,"43,46"
452,13:12,7,7,판교,1,103
452,13:12,9,9,평택,3,"5,13,16"
453,13:13,10,10,인천공항,1,21
453,13:13,2,2,수서,2,"39,124"
453,13:13,4,4,여의도,2,"47,117"
453,13:13,5,5,김포공항,2,"30,100"
453,13:13,6,6,일산,3,"23,43,46"
453,13:13,7,7,판교,1,112
453,13:13,9,9,평택,3,"5,13,16"
454,13:14,10,10,인천공항,1,21
454,13:14,2,2,수서,1,39
454,13:14,4,4,여의도,1,47
454,13:14,5,5,김포공항,1,100
454,13:14,6,6,일산,2,"23,46"
454,13:14,7,7,판교,1,112
454,13:14,9,9,평택,2,"13,16"
455,13:15,1,1,서울역,2,"20,69"
455,13:15,10,10,인천공항,1,21
455,13:15,2,2,수서,1,48
455,13:15,4,4,여의도,1,47
455,13:15,5,5,김포공항,1,100
455,13:15,6,6,일산,1,23
455,13:15,7,7,판교,1,112
456,13:16,1,1,서울역,2,"20,69"
456,13:16,10,10,인천공항,2,"14,21"
456,13:16,2,2,수서,1,48
456,13:16,6,6,일산,1,23
457,13:17,1,1,서울역,2,"20,69"
457,13:17,10,10,인천공항,2,"14,21"
457,13:17,2,2,수서,1,48
457,13:17,4,4,여의도,1,54
457,13:17,6,6,일산,1,23
458,13:18,10,10,인천공항,2,"14,21"
458,13:18,2,2,수서,1,49
458,13:18,4,4,여의도,2,"8,54"
458,13:18,5,5,김포공항,1,104
458,13:18,6,6,일산,2,"23,58"
458,13:18,9,9,평택,1,16
459,13:19,1,1,서울역,1,118
459,13:19,2,2,수서,2,"49,124"
459,13:19,4,4,여의도,2,"8,54"
459,13:19,5,5,김포공항,1,104
459,13:19,6,6,일산,1,58
459,13:19,7,7,판교,2,"2,27"
459,13:19,9,9,평택,1,16
460,13:20,1,1,서울역,1,118
460,13:20,10,10,인천공항,1,7
460,13:20,2,2,수서,3,"22,49,124"
460,13:20,4,4,여의도,1,8
460,13:20,5,5,김포공항,1,104
460,13:20,6,6,일산,1,58
460,13:20,7,7,판교,3,"2,27,51"
460,13:20,9,9,평택,1,16
461,13:21,1,1,서울역,3,"111,118,125"
461,13:21,10,10,인천공항,1,7
461,13:21,2,2,수서,2,"22,124"
461,13:21,4,4,여의도,1,8
461,13:21,5,5,김포공항,2,"86,95"
461,13:21,7,7,판교,4,"2,27,51,103"
462,13:22,1,1,서울역,2,"111,125"
462,13:22,10,10,인천공항,1,7
462,13:22,2,2,수서,1,22
462,13:22,3,3,삼성,1,71
462,13:22,4,4,여의도,1,8
462,13:22,5,5,김포공항,2,"86,95"
462,13:22,7,7,판교,2,"51,103"
463,13:23,1,1,서울역,3,"20,111,125"
463,13:23,10,10,인천공항,1,1
463,13:23,3,3,삼성,2,"9,71"
463,13:23,4,4,여의도,1,8
463,13:23,5,5,김포공항,2,"86,95"
463,13:23,7,7,판교,1,103
464,13:24,1,1,서울역,1,20
464,13:24,10,10,인천공항,1,1
464,13:24,2,2,수서,1,47
464,13:24,3,3,삼성,2,"9,71"
465,13:25,1,1,서울역,3,"12,20,112"
465,13:25,10,10,인천공항,1,1
465,13:25,2,2,수서,1,47
465,13:25,3,3,삼성,1,9
465,13:25,9,9,평택,2,"0,17"
466,13:26,1,1,서울역,2,"12,112"
466,13:26,10,10,인천공항,2,"1,6"
466,13:26,2,2,수서,1,47
466,13:26,4,4,여의도,1,11
466,13:26,9,9,평택,2,"0,17"
467,13:27,1,1,서울역,2,"12,112"
467,13:27,10,10,인천공항,4,"1,6,18,19"
467,13:27,4,4,여의도,3,"11,40,53"
467,13:27,7,7,판교,1,51
467,13:27,8,8,동탄/용인,1,24
467,13:27,9,9,평택,3,"0,13,17"
468,13:28,1,1,서울역,1,12
468,13:28,10,10,인천공항,4,"1,6,18,19"
468,13:28,3,3,삼성,1,9
468,13:28,4,4,여의도,3,"11,40,53"
468,13:28,6,6,일산,2,"39,61"
468,13:28,7,7,판교,2,"43,51"
468,13:28,8,8,동탄/용인,2,"24,31"
468,13:28,9,9,평택,1,13
469,13:29,1,1,서울역,1,12
469,13:29,10,10,인천공항,3,"6,18,19"
469,13:29,3,3,삼성,1,9
469,13:29,4,4,여의도,2,"40,53"
469,13:29,6,6,일산,2,"39,61"
469,13:29,7,7,판교,4,"43,46,51,54"
469,13:29,8,8,동탄/용인,2,"24,31"
469,13:29,9,9,평택,1,13
470,13:30,1,1,서울역,1,12
470,13:30,10,10,인천공항,2,"6,18"
470,13:30,3,3,삼성,1,9
470,13:30,4,4,여의도,1,84
470,13:30,6,6,일산,2,"39,61"
470,13:30,7,7,판교,3,"43,46,54"
470,13:30,8,8,동탄/용인,1,31
471,13:31,10,10,인천공항,2,"6,18"
471,13:31,2,2,수서,1,22
471,13:31,4,4,여의도,3,"27,55,84"
471,13:31,6,6,일산,1,73
471,13:31,7,7,판교,2,"46,54"
472,13:32,1,1,서울역,1,111
472,13:32,10,10,인천공항,1,18
472,13:32,2,2,수서,2,"22,49"
472,13:32,4,4,여의도,3,"27,55,84"
472,13:32,5,5,김포공항,1,124
472,13:32,6,6,일산,1,73
472,13:32,7,7,판교,1,46
472,13:32,9,9,평택,1,3
473,13:33,1,1,서울역,1,111
473,13:33,2,2,수서,2,"22,49"
473,13:33,4,4,여의도,4,"21,27,55,103"
473,13:33,5,5,김포공항,1,124
473,13:33,6,6,일산,2,"73,74"
473,13:33,7,7,판교,3,"23,43,46"
473,13:33,9,9,평택,3,"3,25,30"
474,13:34,1,1,서울역,1,111
474,13:34,2,2,수서,1,49
474,13:34,4,4,여의도,2,"21,103"
474,13:34,5,5,김포공항,1,124
474,13:34,6,6,일산,2,"74,75"
474,13:34,7,7,판교,3,"23,43,46"
474,13:34,9,9,평택,3,"3,25,30"
475,13:35,1,1,서울역,1,112
475,13:35,10,10,인천공항,1,15
475,13:35,4,4,여의도,2,"21,103"
475,13:35,6,6,일산,2,"74,75"
475,13:35,7,7,판교,4,"23,28,43,58"
475,13:35,9,9,평택,2,"25,30"
476,13:36,1,1,서울역,1,112
476,13:36,10,10,인천공항,1,15
476,13:36,3,3,삼성,2,"10,14"
476,13:36,6,6,일산,2,"7,75"
476,13:36,7,7,판교,2,"28,58"
476,13:36,8,8,동탄/용인,2,"76,118"
477,13:37,1,1,서울역,1,112
477,13:37,10,10,인천공항,1,15
477,13:37,2,2,수서,1,16
477,13:37,3,3,삼성,2,"10,14"
477,13:37,6,6,일산,1,7
477,13:37,7,7,판교,3,"2,28,58"
477,13:37,8,8,동탄/용인,2,"76,118"
478,13:38,2,2,수서,2,"16,53"
478,13:38,3,3,삼성,2,"10,14"
478,13:38,4,4,여의도,1,67
478,13:38,6,6,일산,1,7
478,13:38,7,7,판교,1,2
478,13:38,8,8,동탄/용인,2,"76,118"
479,13:39,10,10,인천공항,1,125
479,13:39,2,2,수서,2,"16,53"
479,13:39,4,4,여의도,1,67
479,13:39,6,6,일산,1,7
479,13:39,7,7,판교,1,2
480,13:40,10,10,인천공항,1,125
480,13:40,2,2,수서,2,"16,53"
480,13:40,3,3,삼성,1,5
480,13:40,4,4,여의도,1,67
480,13:40,6,6,일산,1,7
481,13:41,10,10,인천공항,1,125
481,13:41,2,2,수서,2,"16,47"
481,13:41,3,3,삼성,1,5
481,13:41,6,6,일산,1,7
481,13:41,9,9,평택,1,8
482,13:42,2,2,수서,3,"16,47,55"
482,13:42,3,3,삼성,2,"5,84"
482,13:42,4,4,여의도,1,57
482,13:42,5,5,김포공항,1,51
482,13:42,9,9,평택,1,8
483,13:43,10,10,인천공항,1,15
483,13:43,2,2,수서,2,"47,55"
483,13:43,3,3,삼성,3,"4,31,84"
483,13:43,4,4,여의도,1,57
483,13:43,5,5,김포공항,1,51
483,13:43,6,6,일산,1,9
483,13:43,7,7,판교,1,58
483,13:43,9,9,평택,1,8
484,13:44,10,10,인천공항,2,"15,88"
484,13:44,2,2,수서,1,55
484,13:44,3,3,삼성,3,"4,31,84"
484,13:44,4,4,여의도,4,"19,46,57,72"
484,13:44,5,5,김포공항,1,51
484,13:44,6,6,일산,1,9
484,13:44,7,7,판교,1,58
484,13:44,8,8,동탄/용인,1,118
484,13:44,9,9,평택,2,"3,20"
485,13:45,1,1,서울역,1,69
485,13:45,10,10,인천공항,2,"15,88"
485,13:45,3,3,삼성,2,"4,31"
485,13:45,4,4,여의도,3,"19,46,72"
485,13:45,5,5,김포공항,1,49
485,13:45,6,6,일산,1,9
485,13:45,7,7,판교,3,"23,58,61"
485,13:45,8,8,동탄/용인,1,118
485,13:45,9,9,평택,2,"3,20"
486,13:46,1,1,서울역,2,"17,69"
486,13:46,10,10,인천공항,1,88
486,13:46,4,4,여의도,3,"19,46,72"
486,13:46,5,5,김포공항,1,49
486,13:46,7,7,판교,2,"23,61"
486,13:46,8,8,동탄/용인,1,118
486,13:46,9,9,평택,4,"0,3,11,20"
487,13:47,1,1,서울역,3,"17,28,69"
487,13:47,4,4,여의도,2,"13,46"
487,13:47,5,5,김포공항,1,49
487,13:47,7,7,판교,2,"23,61"
487,13:47,9,9,평택,3,"0,11,40"
488,13:48,1,1,서울역,2,"17,28"
488,13:48,2,2,수서,1,48
488,13:48,4,4,여의도,2,"13,46"
488,13:48,5,5,김포공항,1,43
488,13:48,6,6,일산,1,9
488,13:48,7,7,판교,1,73
488,13:48,8,8,동탄/용인,1,29
488,13:48,9,9,평택,4,"0,3,11,40"
489,13:49,1,1,서울역,2,"17,28"
489,13:49,2,2,수서,1,48
489,13:49,3,3,삼성,1,6
489,13:49,4,4,여의도,4,"13,21,46,78"
489,13:49,5,5,김포공항,1,43
489,13:49,6,6,일산,3,"9,24,83"
489,13:49,7,7,판교,1,73
489,13:49,8,8,동탄/용인,2,"29,30"
489,13:49,9,9,평택,2,"3,40"
490,13:50,1,1,서울역,1,17
490,13:50,10,10,인천공항,1,111
490,13:50,2,2,수서,1,48
490,13:50,3,3,삼성,1,6
490,13:50,4,4,여의도,4,"13,21,78,80"
490,13:50,5,5,김포공항,2,"43,94"
490,13:50,6,6,일산,4,"9,24,83,86"
490,13:50,7,7,판교,3,"67,73,74"
490,13:50,8,8,동탄/용인,2,"29,30"
490,13:50,9,9,평택,2,"3,26"
491,13:51,1,1,서울역,1,17
491,13:51,10,10,인천공항,2,"85,111"
491,13:51,3,3,삼성,1,6
491,13:51,4,4,여의도,5,"13,21,78,80,81"
491,13:51,5,5,김포공항,1,94
491,13:51,6,6,일산,3,"24,83,86"
491,13:51,7,7,판교,4,"54,67,74,75"
491,13:51,8,8,동탄/용인,1,30
491,13:51,9,9,평택,1,26
492,13:52,10,10,인천공항,3,"22,85,111"
492,13:52,2,2,수서,1,25
492,13:52,4,4,여의도,3,"13,80,81"
492,13:52,5,5,김포공항,1,94
492,13:52,6,6,일산,2,"82,86"
492,13:52,7,7,판교,4,"54,67,74,75"
492,13:52,9,9,평택,1,26
493,13:53,10,10,인천공항,3,"22,85,112"
493,13:53,2,2,수서,1,25
493,13:53,4,4,여의도,1,81
493,13:53,6,6,일산,1,82
493,13:53,7,7,판교,3,"54,61,75"
494,13:54,10,10,인천공항,2,"22,112"
494,13:54,2,2,수서,1,25
494,13:54,6,6,일산,2,"51,82"
494,13:54,7,7,판교,2,"57,61"
494,13:54,9,9,평택,1,2
495,13:55,10,10,인천공항,3,"85,91,112"
495,13:55,3,3,삼성,1,1
495,13:55,4,4,여의도,4,"19,58,89,96"
495,13:55,6,6,일산,1,51
495,13:55,7,7,판교,2,"57,61"
495,13:55,9,9,평택,1,2
496,13:56,10,10,인천공항,3,"10,85,91"
496,13:56,3,3,삼성,1,1
496,13:56,4,4,여의도,4,"19,58,89,96"
496,13:56,6,6,일산,2,"16,51"
496,13:56,7,7,판교,3,"7,57,72"
496,13:56,9,9,평택,2,"2,8"
497,13:57,10,10,인천공항,4,"10,85,87,91"
497,13:57,2,2,수서,2,"53,69"
497,13:57,3,3,삼성,1,1
497,13:57,4,4,여의도,4,"19,58,89,96"
497,13:57,6,6,일산,4,"16,24,47,49"
497,13:57,7,7,판교,2,"7,72"
497,13:57,9,9,평택,1,8
498,13:58,10,10,인천공항,2,"10,87"
498,13:58,2,2,수서,3,"46,53,69"
498,13:58,6,6,일산,6,"16,24,39,47,49,76"
498,13:58,7,7,판교,3,"7,67,72"
498,13:58,9,9,평택,1,8
499,13:59,1,1,서울역,1,129
499,13:59,10,10,인천공항,1,87
499,13:59,2,2,수서,3,"46,53,69"
499,13:59,6,6,일산,6,"16,24,39,47,49,76"
499,13:59,7,7,판교,2,"7,67"
500,14:00,1,1,서울역,1,129
500,14:00,2,2,수서,1,46
500,14:00,5,5,김포공항,1,23
500,14:00,6,6,일산,3,"16,39,76"
500,14:00,7,7,판교,2,"7,67"
501,14:01,1,1,서울역,1,129
501,14:01,2,2,수서,2,"17,46"
501,14:01,4,4,여의도,1,88
501,14:01,5,5,김포공항,2,"23,95"
501,14:01,6,6,일산,1,16
501,14:01,7,7,판교,3,"7,57,78"
502,14:02,2,2,수서,3,"17,46,81"
502,14:02,4,4,여의도,2,"88,105"
502,14:02,5,5,김포공항,2,"23,95"
502,14:02,7,7,판교,3,"57,78,80"
503,14:03,10,10,인천공항,1,98
503,14:03,2,2,수서,5,"17,46,55,81,94"
503,14:03,3,3,삼성,1,15
503,14:03,4,4,여의도,4,"88,92,105,106"
503,14:03,5,5,김포공항,1,95
503,14:03,6,6,일산,1,76
503,14:03,7,7,판교,3,"57,78,80"
504,14:04,10,10,인천공항,1,98
504,14:04,2,2,수서,3,"55,81,94"
504,14:04,3,3,삼성,2,"1,15"
504,14:04,4,4,여의도,3,"92,105,106"
504,14:04,6,6,일산,2,"48,76"
504,14:04,7,7,판교,1,80
505,14:05,1,1,서울역,2,"12,133"
505,14:05,10,10,인천공항,1,98
505,14:05,2,2,수서,4,"31,55,81,94"
505,14:05,3,3,삼성,3,"1,15,18"
505,14:05,4,4,여의도,5,"61,88,92,106,108"
505,14:05,5,5,김포공항,1,99
505,14:05,6,6,일산,3,"47,48,76"
505,14:05,8,8,동탄/용인,1,21
506,14:06,1,1,서울역,2,"12,133"
506,14:06,2,2,수서,3,"31,81,89"
506,14:06,3,3,삼성,2,"1,18"
506,14:06,4,4,여의도,3,"61,88,108"
506,14:06,5,5,김포공항,2,"54,99"
506,14:06,6,6,일산,3,"47,48,118"
506,14:06,7,7,판교,1,83
506,14:06,8,8,동탄/용인,1,21
506,14:06,9,9,평택,1,20
507,14:07,1,1,서울역,2,"12,133"
507,14:07,2,2,수서,3,"31,81,89"
507,14:07,3,3,삼성,2,"18,82"
507,14:07,4,4,여의도,3,"61,88,108"
507,14:07,5,5,김포공항,2,"54,99"
507,14:07,6,6,일산,2,"47,118"
507,14:07,7,7,판교,3,"83,86,96"
507,14:07,8,8,동탄/용인,1,21
507,14:07,9,9,평택,1,20
508,14:08,10,10,인천공항,1,10
508,14:08,2,2,수서,3,"17,69,89"
508,14:08,3,3,삼성,4,"18,82,131,132"
508,14:08,4,4,여의도,2,"3,103"
508,14:08,5,5,김포공항,1,54
508,14:08,6,6,일산,1,118
508,14:08,7,7,판교,3,"83,86,96"
508,14:08,8,8,동탄/용인,1,21
508,14:08,9,9,평택,1,20
509,14:09,10,10,인천공항,2,"10,22"
509,14:09,2,2,수서,3,"17,26,69"
509,14:09,3,3,삼성,5,"18,58,82,131,132"
509,14:09,4,4,여의도,3,"3,103,110"
509,14:09,6,6,일산,1,48
509,14:09,7,7,판교,2,"86,96"
509,14:09,8,8,동탄/용인,1,21
509,14:09,9,9,평택,1,32
510,14:10,1,1,서울역,1,134
510,14:10,10,10,인천공항,2,"10,22"
510,14:10,2,2,수서,3,"17,26,69"
510,14:10,3,3,삼성,6,"18,43,58,120,131,132"
510,14:10,4,4,여의도,4,"3,67,103,110"
510,14:10,6,6,일산,2,"29,48"
510,14:10,8,8,동탄/용인,1,21
510,14:10,9,9,평택,2,"13,32"
511,14:11,1,1,서울역,3,"14,28,134"
511,14:11,10,10,인천공항,1,22
511,14:11,2,2,수서,1,26
511,14:11,3,3,삼성,5,"4,43,58,119,120"
511,14:11,4,4,여의도,4,"3,67,110,116"
511,14:11,6,6,일산,4,"0,29,30,48"
511,14:11,7,7,판교,1,51
511,14:11,9,9,평택,2,"13,32"
512,14:12,1,1,서울역,5,"14,28,71,121,134"
512,14:12,10,10,인천공항,1,10
512,14:12,2,2,수서,1,26
512,14:12,3,3,삼성,5,"4,43,84,119,120"
512,14:12,4,4,여의도,4,"3,67,91,116"
512,14:12,6,6,일산,3,"0,29,30"
512,14:12,7,7,판교,1,51
512,14:12,8,8,동탄/용인,1,33
512,14:12,9,9,평택,1,13
513,14:13,1,1,서울역,5,"14,28,71,121,130"
513,14:13,10,10,인천공항,1,10
513,14:13,2,2,수서,1,26
513,14:13,3,3,삼성,3,"4,84,119"
513,14:13,4,4,여의도,4,"3,57,91,116"
513,14:13,6,6,일산,2,"0,30"
513,14:13,7,7,판교,1,51
513,14:13,8,8,동탄/용인,1,33
513,14:13,9,9,평택,2,"11,13"
514,14:14,1,1,서울역,3,"71,121,130"
514,14:14,10,10,인천공항,1,10
514,14:14,2,2,수서,4,"26,89,92,95"
514,14:14,3,3,삼성,3,"5,16,84"
514,14:14,4,4,여의도,3,"57,67,91"
514,14:14,5,5,김포공항,2,"46,53"
514,14:14,7,7,판교,4,"49,51,75,105"
514,14:14,8,8,동탄/용인,1,33
514,14:14,9,9,평택,3,"11,13,32"
515,14:15,1,1,서울역,3,"100,107,130"
515,14:15,2,2,수서,3,"89,92,95"
515,14:15,3,3,삼성,3,"5,16,85"
515,14:15,4,4,여의도,3,"3,57,67"
515,14:15,5,5,김포공항,2,"46,53"
515,14:15,7,7,판교,5,"49,51,75,105,106"
515,14:15,9,9,평택,4,"11,13,19,32"
516,14:16,1,1,서울역,3,"100,107,113"
516,14:16,2,2,수서,4,"89,92,94,95"
516,14:16,3,3,삼성,5,"5,8,16,85,126"
516,14:16,4,4,여의도,4,"3,27,67,81"
516,14:16,5,5,김포공항,3,"46,53,55"
516,14:16,6,6,일산,1,7
516,14:16,7,7,판교,6,"49,51,75,78,105,106"
516,14:16,9,9,평택,3,"2,19,32"
517,14:17,1,1,서울역,4,"31,100,107,113"
517,14:17,10,10,인천공항,1,129
517,14:17,2,2,수서,1,94
517,14:17,3,3,삼성,5,"8,85,87,126,127"
517,14:17,4,4,여의도,4,"3,27,81,112"
517,14:17,5,5,김포공항,1,55
517,14:17,6,6,일산,1,7
517,14:17,7,7,판교,6,"49,72,78,106,108,133"
517,14:17,9,9,평택,2,"2,19"
518,14:18,1,1,서울역,3,"31,104,113"
518,14:18,10,10,인천공항,1,129
518,14:18,2,2,수서,2,"94,99"
518,14:18,3,3,삼성,7,"6,8,82,85,87,126,127"
518,14:18,4,4,여의도,3,"27,81,112"
518,14:18,5,5,김포공항,1,55
518,14:18,6,6,일산,2,"7,29"
518,14:18,7,7,판교,5,"49,72,78,108,133"
518,14:18,9,9,평택,1,2
519,14:19,1,1,서울역,4,"18,31,96,104"
519,14:19,10,10,인천공항,1,129
519,14:19,2,2,수서,2,"99,103"
519,14:19,3,3,삼성,5,"6,82,85,87,127"
519,14:19,4,4,여의도,1,112
519,14:19,5,5,김포공항,1,23
519,14:19,6,6,일산,2,"29,30"
519,14:19,7,7,판교,4,"49,72,108,133"
519,14:19,8,8,동탄/용인,1,24
520,14:20,1,1,서울역,3,"18,96,104"
520,14:20,2,2,수서,3,"25,99,103"
520,14:20,3,3,삼성,4,"6,47,82,85"
520,14:20,4,4,여의도,4,"98,117,131,132"
520,14:20,5,5,김포공항,1,23
520,14:20,6,6,일산,3,"29,30,118"
520,14:20,7,7,판교,1,76
520,14:20,8,8,동탄/용인,2,"24,39"
521,14:21,1,1,서울역,2,"18,96"
521,14:21,2,2,수서,2,"25,103"
521,14:21,3,3,삼성,2,"16,47"
521,14:21,4,4,여의도,6,"58,61,98,117,131,132"
521,14:21,5,5,김포공항,2,"23,69"
521,14:21,6,6,일산,2,"30,118"
521,14:21,7,7,판교,2,"76,110"
521,14:21,8,8,동탄/용인,2,"24,39"
522,14:22,10,10,인천공항,1,88
522,14:22,2,2,수서,3,"25,99,116"
522,14:22,3,3,삼성,3,"14,16,47"
522,14:22,4,4,여의도,8,"57,58,61,98,117,120,131,132"
522,14:22,5,5,김포공항,1,69
522,14:22,6,6,일산,2,"0,118"
522,14:22,7,7,판교,3,"76,110,134"
522,14:22,8,8,동탄/용인,1,39
523,14:23,10,10,인천공항,1,88
523,14:23,2,2,수서,2,"99,116"
523,14:23,3,3,삼성,2,"14,16"
523,14:23,4,4,여의도,8,"57,58,61,81,119,120,131,132"
523,14:23,5,5,김포공항,2,"43,69"
523,14:23,6,6,일산,1,0
523,14:23,7,7,판교,2,"110,134"
523,14:23,9,9,평택,1,9
524,14:24,1,1,서울역,1,18
524,14:24,10,10,인천공항,1,88
524,14:24,2,2,수서,3,"99,116,121"
524,14:24,3,3,삼성,1,14
524,14:24,4,4,여의도,8,"21,57,58,81,119,120,131,132"
524,14:24,5,5,김포공항,1,43
524,14:24,6,6,일산,2,"0,17"
524,14:24,7,7,판교,3,"71,86,134"
524,14:24,9,9,평택,2,"1,9"
525,14:25,1,1,서울역,1,18
525,14:25,2,2,수서,1,121
525,14:25,4,4,여의도,7,"21,58,81,90,119,131,132"
525,14:25,5,5,김포공항,3,"26,43,84"
525,14:25,6,6,일산,1,17
525,14:25,7,7,판교,4,"71,76,86,130"
525,14:25,9,9,평택,2,"1,9"
526,14:26,1,1,서울역,2,"18,75"
526,14:26,10,10,인천공항,1,97
526,14:26,2,2,수서,2,"103,121"
526,14:26,3,3,삼성,2,"8,20"
526,14:26,4,4,여의도,5,"21,51,58,90,119"
526,14:26,5,5,김포공항,3,"26,43,84"
526,14:26,6,6,일산,1,17
526,14:26,7,7,판교,5,"48,71,76,86,130"
526,14:26,9,9,평택,2,"1,12"
527,14:27,1,1,서울역,2,"18,75"
527,14:27,10,10,인천공항,2,"97,109"
527,14:27,2,2,수서,2,"103,116"
527,14:27,3,3,삼성,4,"8,14,20,33"
527,14:27,4,4,여의도,3,"51,90,119"
527,14:27,5,5,김포공항,4,"26,43,84,89"
527,14:27,6,6,일산,1,7
527,14:27,7,7,판교,4,"48,76,107,130"
527,14:27,9,9,평택,1,12
528,14:28,1,1,서울역,4,"18,75,78,87"
528,14:28,10,10,인천공항,2,"97,109"
528,14:28,2,2,수서,3,"103,113,116"
528,14:28,3,3,삼성,4,"8,14,20,33"
528,14:28,4,4,여의도,3,"51,119,126"
528,14:28,5,5,김포공항,2,"43,89"
528,14:28,6,6,일산,1,7
528,14:28,7,7,판교,3,"48,71,107"
528,14:28,9,9,평택,2,"9,12"
529,14:29,1,1,서울역,3,"18,78,87"
529,14:29,10,10,인천공항,4,"97,109,114,129"
529,14:29,2,2,수서,2,"113,116"
529,14:29,3,3,삼성,5,"14,22,33,105,106"
529,14:29,4,4,여의도,6,"21,49,72,91,120,126"
529,14:29,5,5,김포공항,2,"89,94"
529,14:29,6,6,일산,1,7
529,14:29,7,7,판교,4,"71,73,107,112"
529,14:29,9,9,평택,1,9
530,14:30,1,1,서울역,3,"78,87,115"
530,14:30,10,10,인천공항,3,"97,114,129"
530,14:30,2,2,수서,1,113
530,14:30,3,3,삼성,3,"22,105,106"
530,14:30,4,4,여의도,7,"21,49,72,91,98,120,126"
530,14:30,5,5,김포공항,2,"94,127"
530,14:30,6,6,일산,1,104
530,14:30,7,7,판교,3,"71,73,112"
530,14:30,8,8,동탄/용인,1,67
530,14:30,9,9,평택,1,9
531,14:31,1,1,서울역,3,"31,47,115"
531,14:31,10,10,인천공항,5,"97,109,114,122,129"
531,14:31,2,2,수서,3,"92,96,113"
531,14:31,3,3,삼성,4,"22,105,106,108"
531,14:31,4,4,여의도,6,"21,49,72,91,98,120"
531,14:31,5,5,김포공항,3,"82,94,127"
531,14:31,6,6,일산,1,104
531,14:31,7,7,판교,3,"48,73,112"
531,14:31,8,8,동탄/용인,2,"39,67"
531,14:31,9,9,평택,2,"4,9"
532,14:32,1,1,서울역,4,"31,47,85,115"
532,14:32,10,10,인천공항,2,"109,122"
532,14:32,2,2,수서,4,"92,96,113,121"
532,14:32,3,3,삼성,2,"10,108"
532,14:32,4,4,여의도,2,"51,98"
532,14:32,5,5,김포공항,2,"82,127"
532,14:32,6,6,일산,1,104
532,14:32,7,7,판교,2,"48,117"
532,14:32,8,8,동탄/용인,2,"39,67"
532,14:32,9,9,평택,3,"4,9,28"
533,14:33,1,1,서울역,3,"31,47,85"
533,14:33,10,10,인천공항,4,"100,109,122,123"
533,14:33,2,2,수서,4,"92,96,113,121"
533,14:33,3,3,삼성,2,"10,108"
533,14:33,4,4,여의도,4,"13,51,126,128"
533,14:33,5,5,김포공항,1,82
533,14:33,7,7,판교,2,"48,117"
533,14:33,8,8,동탄/용인,1,39
533,14:33,9,9,평택,3,"4,9,28"
534,14:34,1,1,서울역,2,"85,101"
534,14:34,10,10,인천공항,2,"100,123"
534,14:34,2,2,수서,2,"81,121"
534,14:34,3,3,삼성,1,10
534,14:34,4,4,여의도,4,"13,51,126,128"
534,14:34,6,6,일산,1,17
534,14:34,7,7,판교,2,"80,117"
534,14:34,8,8,동탄/용인,1,24
534,14:34,9,9,평택,2,"5,28"
535,14:35,1,1,서울역,4,"32,101,102,124"
535,14:35,10,10,인천공항,2,"100,123"
535,14:35,2,2,수서,2,"33,81"
535,14:35,3,3,삼성,1,10
535,14:35,4,4,여의도,4,"13,75,126,128"
535,14:35,5,5,김포공항,1,99
535,14:35,6,6,일산,2,"17,104"
535,14:35,7,7,판교,4,"29,80,131,132"
535,14:35,8,8,동탄/용인,1,24
535,14:35,9,9,평택,2,"3,5"
536,14:36,1,1,서울역,5,"32,86,101,102,124"
536,14:36,2,2,수서,3,"33,81,90"
536,14:36,3,3,삼성,1,10
536,14:36,4,4,여의도,1,75
536,14:36,5,5,김포공항,1,99
536,14:36,6,6,일산,3,"17,25,104"
536,14:36,7,7,판교,4,"29,80,131,132"
536,14:36,8,8,동탄/용인,1,24
536,14:36,9,9,평택,3,"3,5,27"
537,14:37,1,1,서울역,5,"32,76,86,102,124"
537,14:37,10,10,인천공항,1,88
537,14:37,2,2,수서,3,"20,33,90"
537,14:37,3,3,삼성,2,"10,110"
537,14:37,4,4,여의도,1,75
537,14:37,5,5,김포공항,1,99
537,14:37,6,6,일산,2,"25,104"
537,14:37,7,7,판교,4,"29,118,131,132"
537,14:37,9,9,평택,2,"3,27"
538,14:38,1,1,서울역,4,"32,76,86,124"
538,14:38,10,10,인천공항,2,"61,88"
538,14:38,2,2,수서,3,"20,90,95"
538,14:38,3,3,삼성,4,"15,19,110,133"
538,14:38,6,6,일산,2,"11,25"
538,14:38,7,7,판교,2,"118,119"
538,14:38,9,9,평택,3,"3,6,27"
539,14:39,1,1,서울역,3,"32,76,124"
539,14:39,10,10,인천공항,4,"61,88,100,125"
539,14:39,2,2,수서,2,"20,95"
539,14:39,3,3,삼성,6,"15,19,107,110,130,133"
539,14:39,4,4,여의도,2,"13,53"
539,14:39,5,5,김포공항,1,103
539,14:39,6,6,일산,1,11
539,14:39,7,7,판교,2,"118,119"
539,14:39,9,9,평택,2,"3,6"
540,14:40,1,1,서울역,2,"32,124"
540,14:40,10,10,인천공항,4,"2,61,100,125"
540,14:40,2,2,수서,2,"91,95"
540,14:40,3,3,삼성,6,"10,15,19,107,130,133"
540,14:40,4,4,여의도,3,"13,53,71"
540,14:40,5,5,김포공항,2,"103,116"
540,14:40,6,6,일산,1,11
540,14:40,7,7,판교,2,"87,119"
540,14:40,9,9,평택,2,"3,6"
541,14:41,1,1,서울역,1,32
541,14:41,10,10,인천공항,5,"2,16,58,100,125"
541,14:41,2,2,수서,3,"81,91,98"
541,14:41,3,3,삼성,3,"10,107,130"
541,14:41,4,4,여의도,5,"13,53,71,72,73"
541,14:41,5,5,김포공항,2,"103,116"
541,14:41,7,7,판교,2,"87,120"
541,14:41,9,9,평택,1,23
542,14:42,1,1,서울역,1,32
542,14:42,10,10,인천공항,3,"2,16,58"
542,14:42,2,2,수서,3,"81,91,98"
542,14:42,3,3,삼성,1,10
542,14:42,4,4,여의도,3,"71,72,73"
542,14:42,5,5,김포공항,4,"26,105,106,116"
542,14:42,7,7,판교,2,"87,120"
542,14:42,9,9,평택,3,"4,23,57"
543,14:43,1,1,서울역,1,32
543,14:43,10,10,인천공항,2,"16,58"
543,14:43,2,2,수서,2,"81,98"
543,14:43,4,4,여의도,3,"71,72,73"
543,14:43,5,5,김포공항,3,"26,105,106"
543,14:43,7,7,판교,2,"47,120"
543,14:43,9,9,평택,3,"4,23,57"
544,14:44,10,10,인천공항,1,58
544,14:44,2,2,수서,1,126
544,14:44,4,4,여의도,3,"49,71,73"
544,14:44,5,5,김포공항,6,"26,105,106,108,113,129"
544,14:44,6,6,일산,1,25
544,14:44,7,7,판교,2,"47,85"
544,14:44,9,9,평택,2,"4,57"
545,14:45,10,10,인천공항,1,58
545,14:45,2,2,수서,2,"90,126"
545,14:45,4,4,여의도,3,"49,71,73"
545,14:45,5,5,김포공항,4,"108,113,121,129"
545,14:45,6,6,일산,1,25
545,14:45,7,7,판교,3,"47,85,128"
546,14:46,1,1,서울역,1,80
546,14:46,10,10,인천공항,1,58
546,14:46,2,2,수서,4,"75,90,91,126"
546,14:46,3,3,삼성,1,39
546,14:46,4,4,여의도,4,"49,73,76,114"
546,14:46,5,5,김포공항,5,"46,108,113,121,129"
546,14:46,6,6,일산,1,25
546,14:46,7,7,판교,4,"30,85,101,128"
546,14:46,9,9,평택,1,8
547,14:47,1,1,서울역,2,"33,80"
547,14:47,2,2,수서,4,"75,90,91,96"
547,14:47,3,3,삼성,1,39
547,14:47,4,4,여의도,3,"76,78,114"
547,14:47,5,5,김포공항,2,"46,121"
547,14:47,6,6,일산,1,92
547,14:47,7,7,판교,5,"29,30,101,102,128"
547,14:47,9,9,평택,3,"0,8,14"
548,14:48,1,1,서울역,2,"33,80"
548,14:48,10,10,인천공항,2,"16,115"
548,14:48,2,2,수서,4,"75,91,96,112"
548,14:48,3,3,삼성,1,39
548,14:48,4,4,여의도,5,"20,76,78,114,122"
548,14:48,5,5,김포공항,1,46
548,14:48,6,6,일산,2,"48,92"
548,14:48,7,7,판교,4,"29,30,101,102"
548,14:48,9,9,평택,5,"0,8,14,18,43"
549,14:49,1,1,서울역,5,"33,86,117,118,132"
549,14:49,10,10,인천공항,3,"16,51,115"
549,14:49,2,2,수서,2,"96,112"
549,14:49,3,3,삼성,2,"97,131"
549,14:49,4,4,여의도,4,"20,78,122,127"
549,14:49,6,6,일산,2,"48,92"
549,14:49,7,7,판교,3,"29,30,102"
549,14:49,9,9,평택,5,"0,14,18,21,43"
550,14:50,1,1,서울역,5,"86,117,118,119,132"
550,14:50,10,10,인천공항,4,"2,16,51,115"
550,14:50,2,2,수서,1,112
550,14:50,3,3,삼성,3,"97,131,134"
550,14:50,4,4,여의도,5,"19,20,122,123,127"
550,14:50,5,5,김포공항,1,110
550,14:50,6,6,일산,1,48
550,14:50,7,7,판교,1,30
550,14:50,9,9,평택,3,"18,21,43"
551,14:51,1,1,서울역,6,"24,86,117,118,119,132"
551,14:51,10,10,인천공항,2,"2,51"
551,14:51,3,3,삼성,4,"97,109,131,134"
551,14:51,4,4,여의도,5,"19,89,122,123,127"
551,14:51,5,5,김포공항,1,110
551,14:51,7,7,판교,3,"17,30,53"
551,14:51,9,9,평택,2,"18,21"
552,14:52,1,1,서울역,2,"24,119"
552,14:52,10,10,인천공항,1,2
552,14:52,2,2,수서,2,"72,98"
552,14:52,3,3,삼성,3,"97,109,134"
552,14:52,4,4,여의도,4,"19,89,122,123"
552,14:52,5,5,김포공항,4,"54,107,110,130"
552,14:52,7,7,판교,3,"17,53,104"
552,14:52,8,8,동탄/용인,1,23
552,14:52,9,9,평택,4,"7,12,18,31"
553,14:53,1,1,서울역,2,"24,116"
553,14:53,2,2,수서,2,"72,98"
553,14:53,3,3,삼성,3,"22,97,109"
553,14:53,4,4,여의도,2,"89,122"
553,14:53,5,5,김포공항,3,"54,107,130"
553,14:53,6,6,일산,2,"15,48"
553,14:53,7,7,판교,3,"17,53,104"
553,14:53,8,8,동탄/용인,1,23
553,14:53,9,9,평택,4,"7,12,18,31"
554,14:54,1,1,서울역,2,"116,120"
554,14:54,2,2,수서,3,"71,72,98"
554,14:54,3,3,삼성,3,"22,97,109"
554,14:54,5,5,김포공항,4,"54,107,130,133"
554,14:54,6,6,일산,3,"15,48,95"
554,14:54,7,7,판교,2,"53,104"
554,14:54,8,8,동탄/용인,1,23
554,14:54,9,9,평택,3,"7,12,31"
555,14:55,1,1,서울역,3,"33,116,120"
555,14:55,10,10,인천공항,2,"51,111"
555,14:55,2,2,수서,2,"71,126"
555,14:55,3,3,삼성,3,"22,97,109"
555,14:55,4,4,여의도,1,19
555,14:55,5,5,김포공항,1,133
555,14:55,6,6,일산,3,"15,48,95"
555,14:55,7,7,판교,2,"53,74"
555,14:55,9,9,평택,1,12
556,14:56,1,1,서울역,2,"33,120"
556,14:56,10,10,인천공항,4,"51,61,111,124"
556,14:56,2,2,수서,2,"71,126"
556,14:56,3,3,삼성,3,"39,97,109"
556,14:56,4,4,여의도,2,"19,125"
556,14:56,5,5,김포공항,1,133
556,14:56,6,6,일산,1,95
556,14:56,7,7,판교,3,"53,73,74"
556,14:56,9,9,평택,2,"5,12"
557,14:57,1,1,서울역,3,"24,33,113"
557,14:57,10,10,인천공항,4,"51,61,111,124"
557,14:57,2,2,수서,1,126
557,14:57,3,3,삼성,3,"39,97,128"
557,14:57,4,4,여의도,3,"19,123,125"
557,14:57,6,6,일산,2,"81,92"
557,14:57,7,7,판교,2,"73,74"
557,14:57,9,9,평택,2,"5,12"
558,14:58,1,1,서울역,3,"24,80,113"
558,14:58,10,10,인천공항,2,"61,124"
558,14:58,3,3,삼성,3,"39,109,128"
558,14:58,4,4,여의도,2,"123,125"
558,14:58,5,5,김포공항,1,90
558,14:58,6,6,일산,2,"81,92"
558,14:58,7,7,판교,1,73
558,14:58,9,9,평택,1,5
559,14:59,1,1,서울역,3,"24,80,113"
559,14:59,10,10,인천공항,1,124
559,14:59,2,2,수서,1,72
559,14:59,3,3,삼성,5,"25,100,102,109,128"
559,14:59,4,4,여의도,4,"29,94,123,125"
559,14:59,5,5,김포공항,2,"90,91"
559,14:59,6,6,일산,3,"81,92,95"
559,14:59,7,7,판교,1,78
559,14:59,9,9,평택,1,5
560,15:00,1,1,서울역,3,"80,112,131"
560,15:00,10,10,인천공항,1,124
560,15:00,2,2,수서,2,"72,75"
560,15:00,3,3,삼성,5,"25,100,102,109,132"
560,15:00,4,4,여의도,4,"29,94,114,125"
560,15:00,5,5,김포공항,3,"90,91,96"
560,15:00,6,6,일산,1,95
560,15:00,7,7,판교,2,"47,78"
560,15:00,9,9,평택,2,"5,10"
561,15:01,1,1,서울역,3,"30,112,131"
561,15:01,10,10,인천공항,1,124
561,15:01,2,2,수서,4,"72,75,86,117"
561,15:01,3,3,삼성,4,"25,100,102,132"
561,15:01,4,4,여의도,4,"29,94,114,125"
561,15:01,5,5,김포공항,2,"91,96"
561,15:01,6,6,일산,1,95
561,15:01,7,7,판교,5,"47,73,78,118,127"
561,15:01,9,9,평택,3,"5,10,88"
562,15:02,1,1,서울역,4,"9,30,112,131"
562,15:02,2,2,수서,5,"75,86,117,119,122"
562,15:02,3,3,삼성,2,"100,132"
562,15:02,4,4,여의도,2,"4,114"
562,15:02,5,5,김포공항,1,96
562,15:02,7,7,판교,5,"47,73,78,118,127"
562,15:02,9,9,평택,3,"10,32,88"
563,15:03,1,1,서울역,2,"9,30"
563,15:03,10,10,인천공항,1,76
563,15:03,2,2,수서,4,"86,117,119,122"
563,15:03,3,3,삼성,1,100
563,15:03,4,4,여의도,1,4
563,15:03,5,5,김포공항,1,134
563,15:03,7,7,판교,5,"73,78,89,118,127"
563,15:03,9,9,평택,2,"32,88"
564,15:04,1,1,서울역,1,9
564,15:04,10,10,인천공항,2,"76,115"
564,15:04,2,2,수서,2,"119,122"
564,15:04,3,3,삼성,2,"58,100"
564,15:04,4,4,여의도,1,4
564,15:04,5,5,김포공항,1,134
564,15:04,7,7,판교,2,"78,89"
564,15:04,9,9,평택,4,"7,26,32,49"
565,15:05,1,1,서울역,1,9
565,15:05,10,10,인천공항,2,"76,115"
565,15:05,3,3,삼성,1,58
565,15:05,4,4,여의도,2,"4,20"
565,15:05,5,5,김포공항,2,"98,134"
565,15:05,7,7,판교,2,"89,116"
565,15:05,9,9,평택,4,"7,8,26,49"
566,15:06,1,1,서울역,1,9
566,15:06,10,10,인천공항,1,115
566,15:06,2,2,수서,2,"86,120"
566,15:06,3,3,삼성,1,58
566,15:06,4,4,여의도,3,"4,20,53"
566,15:06,5,5,김포공항,1,98
566,15:06,7,7,판교,1,116
566,15:06,9,9,평택,4,"7,8,26,49"
567,15:07,1,1,서울역,1,9
567,15:07,2,2,수서,3,"71,86,120"
567,15:07,3,3,삼성,1,23
567,15:07,4,4,여의도,5,"4,20,29,53,74"
567,15:07,5,5,김포공항,1,98
567,15:07,6,6,일산,1,81
567,15:07,7,7,판교,2,"33,116"
567,15:07,9,9,평택,1,8
568,15:08,1,1,서울역,2,"9,112"
568,15:08,2,2,수서,4,"71,86,120,123"
568,15:08,3,3,삼성,2,"23,58"
568,15:08,4,4,여의도,5,"29,53,74,99,110"
568,15:08,5,5,김포공항,1,126
568,15:08,6,6,일산,1,81
568,15:08,7,7,판교,1,33
568,15:08,8,8,동탄/용인,1,67
568,15:08,9,9,평택,2,"0,46"
569,15:09,1,1,서울역,2,"9,112"
569,15:09,10,10,인천공항,1,115
569,15:09,2,2,수서,2,"71,123"
569,15:09,3,3,삼성,2,"23,58"
569,15:09,4,4,여의도,6,"29,53,74,99,110,129"
569,15:09,5,5,김포공항,1,126
569,15:09,6,6,일산,2,"55,81"
569,15:09,7,7,판교,1,33
569,15:09,8,8,동탄/용인,1,67
569,15:09,9,9,평택,2,"0,46"
570,15:10,1,1,서울역,2,"9,112"
570,15:10,10,10,인천공항,1,115
570,15:10,2,2,수서,3,"80,123,125"
570,15:10,3,3,삼성,2,"58,132"
570,15:10,4,4,여의도,5,"53,72,99,110,129"
570,15:10,5,5,김포공항,2,"126,128"
570,15:10,6,6,일산,3,"11,55,97"
570,15:10,7,7,판교,2,"33,48"
570,15:10,8,8,동탄/용인,1,67
570,15:10,9,9,평택,4,"0,10,13,46"
571,15:11,1,1,서울역,1,3
571,15:11,10,10,인천공항,2,"115,124"
571,15:11,2,2,수서,2,"80,125"
571,15:11,3,3,삼성,1,132
571,15:11,4,4,여의도,5,"53,72,74,102,129"
571,15:11,5,5,김포공항,2,"109,128"
571,15:11,6,6,일산,3,"11,55,97"
571,15:11,7,7,판교,3,"33,48,94"
571,15:11,9,9,평택,4,"0,1,10,13"
572,15:12,1,1,서울역,3,"3,30,108"
572,15:12,10,10,인천공항,1,124
572,15:12,2,2,수서,2,"80,125"
572,15:12,3,3,삼성,1,132
572,15:12,4,4,여의도,6,"47,72,74,102,111,131"
572,15:12,5,5,김포공항,2,"109,128"
572,15:12,6,6,일산,2,"11,97"
572,15:12,7,7,판교,3,"33,48,94"
572,15:12,9,9,평택,4,"0,1,10,13"
573,15:13,1,1,서울역,5,"3,30,73,100,108"
573,15:13,10,10,인천공항,1,124
573,15:13,2,2,수서,1,80
573,15:13,4,4,여의도,5,"47,74,102,111,131"
573,15:13,5,5,김포공항,3,"75,103,109"
573,15:13,7,7,판교,2,"48,94"
573,15:13,9,9,평택,4,"0,1,13,22"
574,15:14,1,1,서울역,6,"3,30,73,78,100,108"
574,15:14,2,2,수서,2,"80,117"
574,15:14,4,4,여의도,4,"47,102,111,131"
574,15:14,5,5,김포공항,2,"75,103"
574,15:14,6,6,일산,1,15
574,15:14,7,7,판교,2,"48,92"
574,15:14,8,8,동탄/용인,1,24
574,15:14,9,9,평택,5,"2,6,13,22,54"
575,15:15,1,1,서울역,4,"3,73,78,100"
575,15:15,10,10,인천공항,1,113
575,15:15,2,2,수서,2,"80,117"
575,15:15,3,3,삼성,1,51
575,15:15,4,4,여의도,2,"72,102"
575,15:15,5,5,김포공항,3,"75,103,105"
575,15:15,6,6,일산,1,15
575,15:15,7,7,판교,2,"48,92"
575,15:15,8,8,동탄/용인,1,24
575,15:15,9,9,평택,6,"2,6,13,19,22,54"
576,15:16,1,1,서울역,4,"3,12,73,78"
576,15:16,10,10,인천공항,1,113
576,15:16,2,2,수서,1,117
576,15:16,3,3,삼성,4,"25,51,61,123"
576,15:16,4,4,여의도,3,"72,102,121"
576,15:16,5,5,김포공항,1,105
576,15:16,6,6,일산,1,15
576,15:16,7,7,판교,2,"92,95"
576,15:16,8,8,동탄/용인,2,"24,114"
576,15:16,9,9,평택,5,"2,6,19,39,54"
577,15:17,1,1,서울역,2,"12,73"
577,15:17,10,10,인천공항,1,113
577,15:17,2,2,수서,1,122
577,15:17,3,3,삼성,4,"25,51,61,123"
577,15:17,4,4,여의도,2,"72,121"
577,15:17,5,5,김포공항,1,105
577,15:17,7,7,판교,1,95
577,15:17,8,8,동탄/용인,1,114
577,15:17,9,9,평택,2,"19,39"
578,15:18,1,1,서울역,3,"12,73,78"
578,15:18,10,10,인천공항,1,113
578,15:18,2,2,수서,2,"16,122"
578,15:18,3,3,삼성,3,"25,61,123"
578,15:18,4,4,여의도,2,"47,121"
578,15:18,6,6,일산,1,69
578,15:18,7,7,판교,2,"83,95"
578,15:18,8,8,동탄/용인,1,114
578,15:18,9,9,평택,1,39
579,15:19,1,1,서울역,2,"12,78"
579,15:19,10,10,인천공항,1,113
579,15:19,2,2,수서,2,"16,122"
579,15:19,3,3,삼성,1,61
579,15:19,4,4,여의도,3,"5,47,111"
579,15:19,5,5,김포공항,1,86
579,15:19,6,6,일산,2,"69,82"
579,15:19,7,7,판교,3,"83,85,94"
580,15:20,1,1,서울역,2,"12,78"
580,15:20,10,10,인천공항,1,113
580,15:20,2,2,수서,3,"9,16,119"
580,15:20,3,3,삼성,2,"61,110"
580,15:20,4,4,여의도,3,"5,47,111"
580,15:20,5,5,김포공항,1,86
580,15:20,6,6,일산,2,"69,82"
580,15:20,7,7,판교,4,"83,85,94,99"
581,15:21,1,1,서울역,1,12
581,15:21,10,10,인천공항,1,76
581,15:21,2,2,수서,3,"9,119,120"
581,15:21,3,3,삼성,2,"61,110"
581,15:21,4,4,여의도,2,"5,111"
581,15:21,5,5,김포공항,2,"58,86"
581,15:21,6,6,일산,1,82
581,15:21,7,7,판교,4,"85,94,99,129"
582,15:22,10,10,인천공항,1,76
582,15:22,2,2,수서,3,"9,119,120"
582,15:22,3,3,삼성,2,"81,110"
582,15:22,4,4,여의도,2,"5,33"
582,15:22,5,5,김포공항,1,58
582,15:22,6,6,일산,1,97
582,15:22,7,7,판교,2,"99,129"
583,15:23,10,10,인천공항,1,76
583,15:23,2,2,수서,1,120
583,15:23,3,3,삼성,3,"81,108,110"
583,15:23,4,4,여의도,2,"5,33"
583,15:23,5,5,김포공항,2,"58,132"
583,15:23,6,6,일산,2,"71,97"
583,15:23,7,7,판교,1,129
584,15:24,3,3,삼성,3,"81,108,110"
584,15:24,4,4,여의도,4,"5,7,33,67"
584,15:24,5,5,김포공항,1,132
584,15:24,6,6,일산,2,"71,97"
584,15:24,7,7,판교,2,"30,131"
584,15:24,9,9,평택,1,2
585,15:25,10,10,인천공항,1,93
585,15:25,2,2,수서,1,102
585,15:25,3,3,삼성,3,"23,108,110"
585,15:25,4,4,여의도,4,"7,8,48,67"
585,15:25,5,5,김포공항,1,132
585,15:25,6,6,일산,1,71
585,15:25,7,7,판교,3,"30,87,131"
585,15:25,9,9,평택,3,"2,4,20"
586,15:26,10,10,인천공항,2,"93,112"
586,15:26,2,2,수서,3,"3,102,103"
586,15:26,3,3,삼성,1,23
586,15:26,4,4,여의도,5,"7,8,48,67,100"
586,15:26,5,5,김포공항,1,80
586,15:26,7,7,판교,4,"30,55,87,131"
586,15:26,9,9,평택,4,"2,4,20,22"
587,15:27,10,10,인천공항,2,"93,112"
587,15:27,2,2,수서,3,"3,102,103"
587,15:27,3,3,삼성,1,23
587,15:27,4,4,여의도,3,"8,48,100"
587,15:27,5,5,김포공항,2,"80,117"
587,15:27,7,7,판교,2,"55,87"
587,15:27,9,9,평택,4,"4,20,22,29"
588,15:28,10,10,인천공항,2,"74,112"
588,15:28,2,2,수서,5,"3,9,73,103,105"
588,15:28,3,3,삼성,1,121
588,15:28,4,4,여의도,3,"67,100,122"
588,15:28,5,5,김포공항,2,"80,117"
588,15:28,6,6,일산,1,71
588,15:28,7,7,판교,2,"17,55"
588,15:28,9,9,평택,3,"20,22,29"
589,15:29,10,10,인천공항,2,"74,112"
589,15:29,2,2,수서,3,"9,73,105"
589,15:29,3,3,삼성,2,"115,121"
589,15:29,4,4,여의도,3,"67,107,122"
589,15:29,5,5,김포공항,2,"117,123"
589,15:29,6,6,일산,3,"71,75,84"
589,15:29,7,7,판교,2,"17,89"
589,15:29,9,9,평택,3,"20,29,53"
590,15:30,1,1,서울역,1,61
590,15:30,10,10,인천공항,2,"74,112"
590,15:30,2,2,수서,5,"9,73,78,105,111"
590,15:30,3,3,삼성,2,"115,121"
590,15:30,4,4,여의도,5,"10,67,83,107,122"
590,15:30,5,5,김포공항,1,123
590,15:30,6,6,일산,3,"71,75,84"
590,15:30,7,7,판교,4,"17,47,89,92"
590,15:30,8,8,동탄/용인,1,114
590,15:30,9,9,평택,2,"20,53"
591,15:31,1,1,서울역,3,"61,94,125"
591,15:31,10,10,인천공항,1,112
591,15:31,2,2,수서,2,"78,111"
591,15:31,3,3,삼성,3,"115,121,124"
591,15:31,4,4,여의도,5,"5,10,83,85,107"
591,15:31,5,5,김포공항,2,"58,123"
591,15:31,6,6,일산,5,"25,75,84,86,90"
591,15:31,7,7,판교,4,"47,89,92,104"
591,15:31,8,8,동탄/용인,1,114
591,15:31,9,9,평택,1,53
592,15:32,1,1,서울역,3,"61,94,125"
592,15:32,10,10,인천공항,3,"96,98,109"
592,15:32,2,2,수서,2,"78,111"
592,15:32,3,3,삼성,3,"115,121,124"
592,15:32,4,4,여의도,5,"5,10,83,85,122"
592,15:32,5,5,김포공항,1,58
592,15:32,6,6,일산,3,"25,86,90"
592,15:32,7,7,판교,3,"47,92,104"
592,15:32,8,8,동탄/용인,2,"35,114"
592,15:32,9,9,평택,1,4
593,15:33,1,1,서울역,2,"94,125"
593,15:33,10,10,인천공항,5,"74,96,98,109,133"
593,15:33,2,2,수서,1,118
593,15:33,3,3,삼성,4,"115,121,124,129"
593,15:33,4,4,여의도,4,"5,85,122,126"
593,15:33,5,5,김포공항,2,"58,119"
593,15:33,6,6,일산,3,"25,86,90"
593,15:33,7,7,판교,1,104
593,15:33,8,8,동탄/용인,1,35
593,15:33,9,9,평택,2,"4,14"
594,15:34,1,1,서울역,3,"12,94,108"
594,15:34,10,10,인천공항,5,"74,96,98,109,133"
594,15:34,2,2,수서,1,118
594,15:34,3,3,삼성,2,"115,129"
594,15:34,4,4,여의도,2,"122,126"
594,15:34,5,5,김포공항,2,"119,120"
594,15:34,6,6,일산,2,"25,91"
594,15:34,7,7,판교,1,47
594,15:34,8,8,동탄/용인,1,35
594,15:34,9,9,평택,2,"4,14"
595,15:35,1,1,서울역,3,"12,94,108"
595,15:35,10,10,인천공항,5,"0,1,74,96,133"
595,15:35,2,2,수서,3,"78,118,127"
595,15:35,3,3,삼성,2,"51,129"
595,15:35,4,4,여의도,2,"126,128"
595,15:35,5,5,김포공항,2,"119,120"
595,15:35,6,6,일산,2,"25,91"
595,15:35,7,7,판교,2,"47,69"
595,15:35,8,8,동탄/용인,1,24
595,15:35,9,9,평택,4,"11,14,26,72"
596,15:36,1,1,서울역,3,"12,94,108"
596,15:36,10,10,인천공항,3,"0,1,96"
596,15:36,2,2,수서,2,"78,127"
596,15:36,3,3,삼성,2,"51,131"
596,15:36,4,4,여의도,1,128
596,15:36,5,5,김포공항,1,120
596,15:36,6,6,일산,2,"25,91"
596,15:36,7,7,판교,4,"47,69,82,95"
596,15:36,8,8,동탄/용인,2,"15,24"
596,15:36,9,9,평택,3,"11,26,72"
597,15:37,10,10,인천공항,3,"0,1,96"
597,15:37,2,2,수서,2,"78,127"
597,15:37,3,3,삼성,3,"51,115,131"
597,15:37,4,4,여의도,4,"7,80,87,128"
597,15:37,7,7,판교,3,"69,82,95"
597,15:37,8,8,동탄/용인,2,"15,24"
597,15:37,9,9,평택,3,"11,26,72"
598,15:38,10,10,인천공항,3,"0,1,132"
598,15:38,3,3,삼성,2,"115,131"
598,15:38,4,4,여의도,7,"7,33,80,87,106,117,130"
598,15:38,6,6,일산,1,110
598,15:38,7,7,판교,3,"82,95,100"
598,15:38,8,8,동탄/용인,1,15
598,15:38,9,9,평택,2,"11,27"
599,15:39,1,1,서울역,1,134
599,15:39,10,10,인천공항,3,"0,1,132"
599,15:39,2,2,수서,1,102
599,15:39,3,3,삼성,1,115
599,15:39,4,4,여의도,7,"7,33,80,87,106,117,130"
599,15:39,6,6,일산,2,"6,110"
599,15:39,7,7,판교,2,"97,100"
599,15:39,9,9,평택,2,"11,27"
600,15:40,1,1,서울역,2,"61,134"
600,15:40,10,10,인천공항,3,"0,1,132"
600,15:40,2,2,수서,1,102
600,15:40,4,4,여의도,5,"33,85,106,117,130"
600,15:40,6,6,일산,2,"6,110"
600,15:40,7,7,판교,3,"67,97,100"
600,15:40,9,9,평택,4,"11,18,27,28"
601,15:41,1,1,서울역,2,"61,134"
601,15:41,2,2,수서,2,"3,102"
601,15:41,4,4,여의도,3,"8,85,89"
601,15:41,6,6,일산,2,"6,93"
601,15:41,7,7,판교,3,"67,97,107"
601,15:41,9,9,평택,3,"18,28,29"
602,15:42,1,1,서울역,2,"61,121"
602,15:42,10,10,인천공항,1,0
602,15:42,2,2,수서,2,"3,16"
602,15:42,4,4,여의도,6,"8,10,13,85,89,92"
602,15:42,6,6,일산,2,"93,110"
602,15:42,7,7,판교,2,"67,107"
602,15:42,9,9,평택,4,"18,28,29,31"
603,15:43,1,1,서울역,2,"104,121"
603,15:43,10,10,인천공항,1,0
603,15:43,2,2,수서,4,"3,16,73,125"
603,15:43,3,3,삼성,2,"71,81"
603,15:43,4,4,여의도,5,"8,10,13,89,92"
603,15:43,6,6,일산,2,"93,110"
603,15:43,7,7,판교,2,"82,107"
603,15:43,9,9,평택,3,"18,29,31"
604,15:44,1,1,서울역,2,"104,121"
604,15:44,10,10,인천공항,1,0
604,15:44,2,2,수서,5,"16,73,103,111,125"
604,15:44,3,3,삼성,2,"71,81"
604,15:44,4,4,여의도,4,"2,10,13,92"
604,15:44,6,6,일산,2,"9,110"
604,15:44,7,7,판교,2,"82,122"
604,15:44,9,9,평택,3,"18,31,36"
605,15:45,1,1,서울역,2,"104,118"
605,15:45,2,2,수서,5,"22,73,103,111,125"
605,15:45,3,3,삼성,3,"71,81,108"
605,15:45,4,4,여의도,3,"2,13,87"
605,15:45,6,6,일산,1,9
605,15:45,7,7,판교,3,"82,122,126"
605,15:45,9,9,평택,6,"18,19,23,32,36,76"
606,15:46,1,1,서울역,1,118
606,15:46,2,2,수서,5,"22,94,103,105,111"
606,15:46,3,3,삼성,2,"108,113"
606,15:46,4,4,여의도,4,"2,13,87,114"
606,15:46,5,5,김포공항,1,129
606,15:46,6,6,일산,1,9
606,15:46,7,7,판교,5,"75,84,97,122,126"
606,15:46,9,9,평택,5,"19,23,32,36,76"
607,15:47,1,1,서울역,2,"118,127"
607,15:47,2,2,수서,3,"22,94,105"
607,15:47,3,3,삼성,3,"71,108,113"
607,15:47,4,4,여의도,4,"13,87,89,114"
607,15:47,5,5,김포공항,1,129
607,15:47,7,7,판교,6,"69,75,84,97,126,128"
607,15:47,9,9,평택,4,"19,23,32,76"
608,15:48,1,1,서울역,2,"124,127"
608,15:48,2,2,수서,2,"94,105"
608,15:48,3,3,삼성,3,"20,71,113"
608,15:48,4,4,여의도,4,"35,89,95,114"
608,15:48,5,5,김포공항,2,"78,129"
608,15:48,7,7,판교,9,"30,69,75,84,86,90,97,99,128"
608,15:48,9,9,평택,1,23
609,15:49,1,1,서울역,2,"124,127"
609,15:49,10,10,인천공항,1,17
609,15:49,2,2,수서,2,"22,94"
609,15:49,3,3,삼성,5,"20,25,71,80,112"
609,15:49,4,4,여의도,5,"35,89,92,95,109"
609,15:49,5,5,김포공항,3,"47,78,131"
609,15:49,7,7,판교,7,"30,69,75,86,90,99,128"
609,15:49,9,9,평택,1,23
610,15:50,1,1,서울역,1,124
610,15:50,10,10,인천공항,1,17
610,15:50,2,2,수서,2,"22,94"
610,15:50,3,3,삼성,5,"20,25,80,106,112"
610,15:50,4,4,여의도,5,"35,92,95,109,133"
610,15:50,5,5,김포공항,4,"47,78,115,131"
610,15:50,7,7,판교,8,"30,75,84,86,90,99,117,130"
610,15:50,8,8,동탄/용인,1,15
610,15:50,9,9,평택,1,23
611,15:51,10,10,인천공항,1,17
611,15:51,2,2,수서,3,"22,85,94"
611,15:51,3,3,삼성,4,"25,80,106,112"
611,15:51,4,4,여의도,5,"35,92,95,109,133"
611,15:51,5,5,김포공항,3,"47,115,131"
611,15:51,7,7,판교,5,"75,84,91,117,130"
611,15:51,8,8,동탄/용인,1,15
611,15:51,9,9,평택,2,"5,34"
612,15:52,10,10,인천공항,1,123
612,15:52,2,2,수서,1,85
612,15:52,3,3,삼성,2,"98,106"
612,15:52,4,4,여의도,4,"4,35,95,133"
612,15:52,5,5,김포공항,3,"102,115,131"
612,15:52,7,7,판교,6,"84,86,90,91,117,130"
612,15:52,8,8,동탄/용인,1,15
612,15:52,9,9,평택,2,"5,34"
613,15:53,10,10,인천공항,1,123
613,15:53,2,2,수서,1,85
613,15:53,3,3,삼성,1,98
613,15:53,4,4,여의도,5,"2,4,14,35,95"
613,15:53,5,5,김포공항,2,"102,131"
613,15:53,6,6,일산,1,119
613,15:53,7,7,판교,3,"86,90,91"
613,15:53,9,9,평택,3,"5,34,58"
614,15:54,10,10,인천공항,1,123
614,15:54,2,2,수서,2,"26,108"
614,15:54,3,3,삼성,4,"20,98,104,113"
614,15:54,4,4,여의도,3,"2,4,14"
614,15:54,5,5,김포공항,3,"24,102,131"
614,15:54,6,6,일산,1,119
614,15:54,7,7,판교,2,"86,90"
614,15:54,8,8,동탄/용인,1,33
614,15:54,9,9,평택,1,58
615,15:55,2,2,수서,2,"26,108"
615,15:55,3,3,삼성,5,"20,96,98,104,113"
615,15:55,4,4,여의도,5,"2,14,82,111,132"
615,15:55,5,5,김포공항,1,24
615,15:55,6,6,일산,2,"6,119"
615,15:55,8,8,동탄/용인,1,33
615,15:55,9,9,평택,3,"12,51,58"
616,15:56,1,1,서울역,1,121
616,15:56,10,10,인천공항,1,83
616,15:56,2,2,수서,4,"26,87,108,125"
616,15:56,3,3,삼성,6,"20,96,98,104,106,113"
616,15:56,4,4,여의도,3,"82,111,132"
616,15:56,5,5,김포공항,3,"24,73,102"
616,15:56,6,6,일산,1,6
616,15:56,7,7,판교,2,"55,91"
616,15:56,8,8,동탄/용인,1,33
616,15:56,9,9,평택,2,"12,51"
617,15:57,1,1,서울역,2,"121,127"
617,15:57,10,10,인천공항,2,"83,134"
617,15:57,2,2,수서,3,"27,87,125"
617,15:57,3,3,삼성,7,"43,44,45,96,98,106,110"
617,15:57,4,4,여의도,3,"82,111,132"
617,15:57,5,5,김포공항,3,"73,102,103"
617,15:57,6,6,일산,2,"6,120"
617,15:57,7,7,판교,2,"55,91"
617,15:57,9,9,평택,4,"7,12,51,74"
618,15:58,1,1,서울역,2,"121,127"
618,15:58,10,10,인천공항,2,"83,134"
618,15:58,2,2,수서,3,"27,87,125"
618,15:58,3,3,삼성,7,"43,44,45,80,96,106,110"
618,15:58,4,4,여의도,3,"11,97,111"
618,15:58,5,5,김포공항,3,"73,102,103"
618,15:58,6,6,일산,3,"16,48,120"
618,15:58,7,7,판교,2,"55,91"
618,15:58,9,9,평택,2,"7,74"
619,15:59,1,1,서울역,2,"118,127"
619,15:59,10,10,인천공항,2,"83,134"
619,15:59,2,2,수서,2,"27,85"
619,15:59,3,3,삼성,6,"43,44,45,80,96,110"
619,15:59,4,4,여의도,4,"11,42,97,111"
619,15:59,5,5,김포공항,2,"103,105"
619,15:59,6,6,일산,3,"16,48,120"
619,15:59,7,7,판교,1,89
619,15:59,9,9,평택,2,"7,74"
620,16:00,1,1,서울역,2,"99,118"
620,16:00,10,10,인천공항,1,83
620,16:00,2,2,수서,4,"29,85,87,124"
620,16:00,3,3,삼성,2,"80,96"
620,16:00,4,4,여의도,4,"11,42,97,111"
620,16:00,5,5,김포공항,1,105
620,16:00,6,6,일산,2,"16,48"
620,16:00,7,7,판교,1,89
620,16:00,9,9,평택,1,7
621,16:01,1,1,서울역,3,"28,99,118"
621,16:01,10,10,인천공항,2,"17,83"
621,16:01,2,2,수서,6,"26,29,31,85,87,124"
621,16:01,3,3,삼성,1,1
621,16:01,4,4,여의도,5,"4,42,75,97,109"
621,16:01,5,5,김포공항,1,105
621,16:01,7,7,판교,4,"36,89,92,116"
621,16:01,9,9,평택,3,"7,8,61"
622,16:02,1,1,서울역,2,"28,99"
622,16:02,10,10,인천공항,2,"3,17"
622,16:02,2,2,수서,5,"26,29,31,87,124"
622,16:02,3,3,삼성,1,1
622,16:02,4,4,여의도,6,"4,75,84,97,109,114"
622,16:02,5,5,김포공항,2,"69,94"
622,16:02,7,7,판교,4,"36,89,92,116"
622,16:02,9,9,평택,4,"7,8,10,61"
623,16:03,1,1,서울역,1,28
623,16:03,10,10,인천공항,2,"3,17"
623,16:03,2,2,수서,4,"26,27,31,124"
623,16:03,3,3,삼성,1,1
623,16:03,4,4,여의도,8,"4,18,75,84,97,109,114,132"
623,16:03,5,5,김포공항,3,"69,73,94"
623,16:03,6,6,일산,1,9
623,16:03,7,7,판교,5,"36,89,92,95,116"
623,16:03,9,9,평택,4,"8,10,61,81"
624,16:04,10,10,인천공항,2,"3,134"
624,16:04,2,2,수서,3,"27,32,124"
624,16:04,4,4,여의도,7,"18,84,86,90,114,132,133"
624,16:04,5,5,김포공항,4,"24,69,73,94"
624,16:04,6,6,일산,2,"9,93"
624,16:04,7,7,판교,3,"89,92,95"
624,16:04,9,9,평택,4,"7,10,49,81"
625,16:05,1,1,서울역,1,104
625,16:05,10,10,인천공항,1,134
625,16:05,2,2,수서,3,"27,32,124"
625,16:05,3,3,삼성,1,110
625,16:05,4,4,여의도,7,"18,19,86,90,108,132,133"
625,16:05,5,5,김포공항,3,"24,73,78"
625,16:05,6,6,일산,4,"9,22,30,93"
625,16:05,7,7,판교,2,"92,95"
625,16:05,9,9,평택,3,"7,49,81"
626,16:06,1,1,서울역,3,"28,98,104"
626,16:06,10,10,인천공항,1,134
626,16:06,2,2,수서,1,32
626,16:06,3,3,삼성,1,110
626,16:06,4,4,여의도,7,"15,18,19,86,90,108,133"
626,16:06,5,5,김포공항,3,"24,47,78"
626,16:06,6,6,일산,3,"22,30,93"
626,16:06,7,7,판교,2,"92,95"
626,16:06,9,9,평택,3,"0,7,49"
627,16:07,1,1,서울역,3,"28,98,104"
627,16:07,10,10,인천공항,1,71
627,16:07,2,2,수서,2,"23,29"
627,16:07,3,3,삼성,2,"1,110"
627,16:07,4,4,여의도,6,"15,18,19,86,90,108"
627,16:07,5,5,김포공항,3,"47,78,113"
627,16:07,6,6,일산,2,"22,30"
627,16:07,7,7,판교,4,"95,100,117,131"
627,16:07,9,9,평택,3,"0,8,21"
628,16:08,1,1,서울역,2,"28,98"
628,16:08,10,10,인천공항,2,"35,71"
628,16:08,2,2,수서,3,"23,29,121"
628,16:08,3,3,삼성,1,1
628,16:08,4,4,여의도,7,"15,18,86,90,91,106,108"
628,16:08,5,5,김포공항,2,"47,113"
628,16:08,6,6,일산,1,22
628,16:08,7,7,판교,4,"95,100,117,131"
628,16:08,8,8,동탄/용인,1,51
628,16:08,9,9,평택,3,"0,8,21"
629,16:09,10,10,인천공항,2,"35,71"
629,16:09,2,2,수서,4,"23,29,102,121"
629,16:09,3,3,삼성,1,1
629,16:09,4,4,여의도,5,"86,90,91,106,108"
629,16:09,5,5,김포공항,2,"113,125"
629,16:09,6,6,일산,2,"20,22"
629,16:09,7,7,판교,6,"36,100,101,117,127,131"
629,16:09,8,8,동탄/용인,1,51
629,16:09,9,9,평택,3,"0,8,21"
630,16:10,1,1,서울역,1,16
630,16:10,10,10,인천공항,1,35
630,16:10,2,2,수서,3,"34,102,121"
630,16:10,4,4,여의도,3,"91,106,108"
630,16:10,5,5,김포공항,3,"43,44,125"
630,16:10,6,6,일산,2,"20,22"
630,16:10,7,7,판교,6,"36,101,107,111,119,127"
630,16:10,8,8,동탄/용인,1,51
630,16:10,9,9,평택,1,0
631,16:11,1,1,서울역,2,"16,115"
631,16:11,2,2,수서,4,"34,102,118,121"
631,16:11,4,4,여의도,3,"11,91,103"
631,16:11,5,5,김포공항,3,"43,44,125"
631,16:11,6,6,일산,1,20
631,16:11,7,7,판교,7,"36,42,101,107,111,119,127"
631,16:11,9,9,평택,1,0
632,16:12,1,1,서울역,3,"16,105,115"
632,16:12,2,2,수서,7,"23,34,97,102,109,118,121"
632,16:12,3,3,삼성,2,"112,123"
632,16:12,4,4,여의도,6,"11,19,82,91,103,106"
632,16:12,5,5,김포공항,3,"43,44,85"
632,16:12,6,6,일산,1,30
632,16:12,7,7,판교,5,"36,42,107,111,119"
633,16:13,1,1,서울역,3,"105,115,116"
633,16:13,10,10,인천공항,1,71
633,16:13,2,2,수서,7,"23,97,102,109,114,118,121"
633,16:13,3,3,삼성,3,"75,112,123"
633,16:13,4,4,여의도,7,"11,14,19,82,91,103,106"
633,16:13,5,5,김포공항,3,"45,85,87"
633,16:13,6,6,일산,2,"30,55"
633,16:13,7,7,판교,4,"36,42,111,129"
633,16:13,9,9,평택,1,2
634,16:14,1,1,서울역,2,"105,116"
634,16:14,10,10,인천공항,1,71
634,16:14,2,2,수서,7,"23,97,99,102,109,114,132"
634,16:14,3,3,삼성,5,"25,32,75,112,123"
634,16:14,4,4,여의도,7,"14,19,27,82,89,104,106"
634,16:14,5,5,김포공항,3,"45,85,87"
634,16:14,6,6,일산,2,"30,55"
634,16:14,7,7,판교,6,"36,42,111,119,120,129"
634,16:14,9,9,평택,2,"2,13"
635,16:15,1,1,서울역,1,116
635,16:15,10,10,인천공항,1,71
635,16:15,2,2,수서,4,"99,114,132,133"
635,16:15,3,3,삼성,4,"25,32,75,96"
635,16:15,4,4,여의도,6,"14,27,89,94,98,104"
635,16:15,5,5,김포공항,3,"45,85,87"
635,16:15,6,6,일산,1,55
635,16:15,7,7,판교,6,"42,48,111,119,120,129"
635,16:15,9,9,평택,3,"2,13,37"
636,16:16,1,1,서울역,1,116
636,16:16,10,10,인천공항,1,71
636,16:16,2,2,수서,4,"73,99,132,133"
636,16:16,3,3,삼성,4,"25,32,96,123"
636,16:16,4,4,여의도,7,"27,84,89,92,94,98,104"
636,16:16,5,5,김포공항,3,"85,87,124"
636,16:16,7,7,판교,4,"42,48,119,120"
636,16:16,8,8,동탄/용인,1,33
636,16:16,9,9,평택,3,"5,13,37"
637,16:17,1,1,서울역,1,116
637,16:17,10,10,인천공항,3,"3,69,71"
637,16:17,2,2,수서,3,"34,73,133"
637,16:17,3,3,삼성,4,"32,62,96,123"
637,16:17,4,4,여의도,6,"64,84,89,92,94,98"
637,16:17,5,5,김포공항,3,"85,87,124"
637,16:17,6,6,일산,2,"20,26"
637,16:17,7,7,판교,3,"48,54,120"
637,16:17,8,8,동탄/용인,2,"33,52"
637,16:17,9,9,평택,2,"5,37"
638,16:18,1,1,서울역,4,"58,59,66,116"
638,16:18,10,10,인천공항,4,"3,69,71,80"
638,16:18,2,2,수서,7,"34,73,78,86,90,118,133"
638,16:18,3,3,삼성,3,"32,62,123"
638,16:18,4,4,여의도,7,"27,29,64,84,89,92,95"
638,16:18,5,5,김포공항,2,"87,124"
638,16:18,6,6,일산,3,"20,26,55"
638,16:18,7,7,판교,3,"48,54,120"
638,16:18,8,8,동탄/용인,2,"33,52"
638,16:18,9,9,평택,1,5
639,16:19,1,1,서울역,5,"58,59,60,66,117"
639,16:19,10,10,인천공항,3,"3,69,80"
639,16:19,2,2,수서,7,"34,78,86,90,108,118,133"
639,16:19,3,3,삼성,4,"32,62,63,83"
639,16:19,4,4,여의도,8,"27,29,64,65,89,92,95,100"
639,16:19,6,6,일산,3,"20,26,55"
639,16:19,7,7,판교,4,"48,54,120,122"
639,16:19,8,8,동탄/용인,1,52
640,16:20,1,1,서울역,5,"58,59,60,66,117"
640,16:20,10,10,인천공항,1,80
640,16:20,2,2,수서,7,"78,86,90,93,108,118,133"
640,16:20,3,3,삼성,2,"63,83"
640,16:20,4,4,여의도,6,"27,29,65,92,95,100"
640,16:20,6,6,일산,2,"55,110"
640,16:20,7,7,판교,3,"48,67,122"
640,16:20,9,9,평택,1,6
641,16:21,1,1,서울역,2,"60,117"
641,16:21,10,10,인천공항,1,80
641,16:21,2,2,수서,4,"86,90,93,108"
641,16:21,3,3,삼성,2,"63,83"
641,16:21,4,4,여의도,5,"65,92,95,100,101"
641,16:21,6,6,일산,1,110
641,16:21,7,7,판교,4,"49,67,122,126"
641,16:21,9,9,평택,3,"4,6,40"
642,16:22,10,10,인천공항,1,80
642,16:22,2,2,수서,4,"86,90,91,93"
642,16:22,3,3,삼성,1,83
642,16:22,4,4,여의도,5,"95,100,101,107,121"
642,16:22,6,6,일산,2,"16,110"
642,16:22,7,7,판교,5,"49,67,126,127,130"
642,16:22,9,9,평택,4,"4,6,38,40"
643,16:23,10,10,인천공항,1,80
643,16:23,2,2,수서,6,"86,90,91,93,106,115"
643,16:23,3,3,삼성,1,83
643,16:23,4,4,여의도,6,"15,95,100,101,107,121"
643,16:23,5,5,김포공항,1,43
643,16:23,6,6,일산,1,16
643,16:23,7,7,판교,6,"49,103,126,127,128,130"
643,16:23,9,9,평택,5,"2,4,38,39,40"
644,16:24,2,2,수서,5,"31,91,93,106,115"
644,16:24,3,3,삼성,2,"83,134"
644,16:24,4,4,여의도,6,"7,15,51,100,107,121"
644,16:24,5,5,김포공항,1,43
644,16:24,6,6,일산,2,"16,110"
644,16:24,7,7,판교,5,"103,105,127,128,130"
644,16:24,9,9,평택,3,"2,38,39"
645,16:25,1,1,서울역,1,129
645,16:25,2,2,수서,5,"31,91,93,106,115"
645,16:25,3,3,삼성,1,134
645,16:25,4,4,여의도,6,"7,15,18,51,75,111"
645,16:25,5,5,김포공항,2,"43,102"
645,16:25,6,6,일산,1,110
645,16:25,7,7,판교,4,"22,103,105,128"
645,16:25,9,9,평택,3,"2,17,39"
646,16:26,1,1,서울역,2,"99,129"
646,16:26,2,2,수서,4,"31,91,97,98"
646,16:26,3,3,삼성,2,"83,134"
646,16:26,4,4,여의도,6,"7,18,51,75,111,119"
646,16:26,5,5,김포공항,1,102
646,16:26,6,6,일산,1,110
646,16:26,7,7,판교,4,"22,103,104,105"
646,16:26,9,9,평택,2,"17,24"
647,16:27,1,1,서울역,2,"99,129"
647,16:27,2,2,수서,3,"91,97,98"
647,16:27,3,3,삼성,2,"21,83"
647,16:27,4,4,여의도,7,"7,8,18,75,101,111,119"
647,16:27,5,5,김포공항,1,102
647,16:27,6,6,일산,1,112
647,16:27,7,7,판교,4,"22,94,103,104"
647,16:27,9,9,평택,5,"1,10,17,24,28"
648,16:28,1,1,서울역,1,99
648,16:28,2,2,수서,4,"85,89,97,98"
648,16:28,3,3,삼성,2,"21,83"
648,16:28,4,4,여의도,5,"7,8,18,101,119"
648,16:28,6,6,일산,2,"16,112"
648,16:28,7,7,판교,4,"94,103,104,116"
648,16:28,8,8,동탄/용인,3,"19,56,57"
648,16:28,9,9,평택,8,"1,9,10,17,24,28,47,61"
649,16:29,1,1,서울역,1,54
649,16:29,10,10,인천공항,2,"35,82"
649,16:29,2,2,수서,4,"27,85,89,98"
649,16:29,3,3,삼성,5,"21,58,59,64,87"
649,16:29,4,4,여의도,7,"7,8,18,75,101,120,133"
649,16:29,6,6,일산,3,"16,36,112"
649,16:29,7,7,판교,3,"30,94,116"
649,16:29,8,8,동탄/용인,3,"19,56,57"
649,16:29,9,9,평택,8,"1,9,10,17,28,47,50,61"
650,16:30,1,1,서울역,1,54
650,16:30,10,10,인천공항,2,"35,82"
650,16:30,2,2,수서,7,"27,73,85,89,92,98,106"
650,16:30,3,3,삼성,5,"58,59,60,64,87"
650,16:30,4,4,여의도,4,"18,75,120,133"
650,16:30,5,5,김포공항,2,"34,62"
650,16:30,6,6,일산,3,"16,36,66"
650,16:30,7,7,판교,5,"22,30,94,104,116"
650,16:30,8,8,동탄/용인,3,"19,56,57"
650,16:30,9,9,평택,6,"9,17,41,47,50,61"
651,16:31,1,1,서울역,1,54
651,16:31,10,10,인천공항,2,"35,82"
651,16:31,2,2,수서,5,"27,73,92,98,106"
651,16:31,3,3,삼성,6,"58,59,60,64,65,87"
651,16:31,4,4,여의도,6,"63,75,117,120,122,133"
651,16:31,5,5,김포공항,3,"34,62,118"
651,16:31,6,6,일산,4,"36,42,66,123"
651,16:31,7,7,판교,4,"22,30,94,104"
651,16:31,9,9,평택,3,"11,41,50"
652,16:32,10,10,인천공항,1,82
652,16:32,2,2,수서,4,"73,92,95,106"
652,16:32,3,3,삼성,4,"20,60,64,65"
652,16:32,4,4,여의도,4,"63,67,117,122"
652,16:32,5,5,김포공항,3,"34,62,118"
652,16:32,6,6,일산,4,"36,42,66,123"
652,16:32,7,7,판교,5,"22,94,104,105,125"
652,16:32,8,8,동탄/용인,1,68
652,16:32,9,9,평택,2,"11,41"
653,16:33,1,1,서울역,1,86
653,16:33,10,10,인천공항,3,"23,82,84"
653,16:33,2,2,수서,4,"92,95,100,108"
653,16:33,3,3,삼성,3,"20,64,65"
653,16:33,4,4,여의도,7,"52,63,67,107,117,122,126"
653,16:33,5,5,김포공항,2,"34,118"
653,16:33,6,6,일산,3,"36,42,123"
653,16:33,7,7,판교,3,"105,116,125"
653,16:33,8,8,동탄/용인,1,68
653,16:33,9,9,평택,2,"11,14"
654,16:34,1,1,서울역,3,"86,113,130"
654,16:34,10,10,인천공항,3,"23,82,84"
654,16:34,2,2,수서,4,"92,95,100,108"
654,16:34,3,3,삼성,2,"20,64"
654,16:34,4,4,여의도,6,"52,67,107,111,126,127"
654,16:34,5,5,김포공항,2,"34,90"
654,16:34,6,6,일산,1,36
654,16:34,7,7,판교,4,"105,116,125,131"
654,16:34,8,8,동탄/용인,1,68
654,16:34,9,9,평택,3,"1,14,25"
655,16:35,1,1,서울역,3,"86,113,130"
655,16:35,10,10,인천공항,2,"23,84"
655,16:35,2,2,수서,5,"51,92,100,108,109"
655,16:35,3,3,삼성,1,37
655,16:35,4,4,여의도,7,"52,107,111,119,126,127,128"
655,16:35,5,5,김포공항,2,"34,90"
655,16:35,6,6,일산,1,48
655,16:35,7,7,판교,4,"55,70,116,131"
655,16:35,9,9,평택,4,"1,14,25,96"
656,16:36,1,1,서울역,2,"113,130"
656,16:36,10,10,인천공항,1,84
656,16:36,2,2,수서,5,"51,77,78,95,109"
656,16:36,3,3,삼성,2,"37,71"
656,16:36,4,4,여의도,4,"111,119,127,128"
656,16:36,5,5,김포공항,2,"90,93"
656,16:36,6,6,일산,1,48
656,16:36,7,7,판교,4,"55,70,131,134"
656,16:36,9,9,평택,5,"1,14,25,46,96"
657,16:37,10,10,인천공항,2,"32,84"
657,16:37,2,2,수서,5,"51,77,78,95,109"
657,16:37,3,3,삼성,4,"20,37,69,71"
657,16:37,4,4,여의도,3,"119,120,128"
657,16:37,5,5,김포공항,1,93
657,16:37,6,6,일산,1,48
657,16:37,7,7,판교,4,"30,55,70,134"
657,16:37,8,8,동탄/용인,1,76
657,16:37,9,9,평택,5,"1,4,14,46,96"
658,16:38,1,1,서울역,2,"79,81"
658,16:38,10,10,인천공항,3,"23,32,84"
658,16:38,2,2,수서,5,"77,78,95,101,114"
658,16:38,3,3,삼성,4,"20,65,69,71"
658,16:38,4,4,여의도,5,"8,52,103,120,128"
658,16:38,5,5,김포공항,3,"5,91,93"
658,16:38,6,6,일산,2,"33,36"
658,16:38,7,7,판교,3,"30,44,134"
658,16:38,8,8,동탄/용인,1,76
658,16:38,9,9,평택,4,"1,4,14,46"
659,16:39,1,1,서울역,4,"54,79,81,88"
659,16:39,10,10,인천공항,2,"23,32"
659,16:39,2,2,수서,4,"101,114,115,124"
659,16:39,3,3,삼성,5,"20,21,65,69,71"
659,16:39,4,4,여의도,6,"8,52,103,120,128,129"
659,16:39,5,5,김포공항,3,"5,91,97"
659,16:39,6,6,일산,2,"33,36"
659,16:39,7,7,판교,3,"30,44,49"
659,16:39,8,8,동탄/용인,1,76
659,16:39,9,9,평택,2,"1,4"
660,16:40,1,1,서울역,5,"54,79,81,86,88"
660,16:40,10,10,인천공항,2,"23,32"
660,16:40,2,2,수서,5,"85,101,114,115,124"
660,16:40,3,3,삼성,3,"21,65,71"
660,16:40,4,4,여의도,6,"8,52,63,103,128,129"
660,16:40,5,5,김포공항,3,"5,91,97"
660,16:40,6,6,일산,4,"26,31,33,36"
660,16:40,7,7,판교,2,"44,49"
660,16:40,9,9,평택,1,72
661,16:41,1,1,서울역,3,"54,86,88"
661,16:41,10,10,인천공항,1,32
661,16:41,2,2,수서,3,"85,115,124"
661,16:41,3,3,삼성,4,"21,40,71,80"
661,16:41,4,4,여의도,3,"63,106,129"
661,16:41,5,5,김포공항,1,97
661,16:41,6,6,일산,2,"26,31"
661,16:41,7,7,판교,2,"49,110"
661,16:41,9,9,평택,3,"3,11,72"
662,16:42,1,1,서울역,2,"86,104"
662,16:42,10,10,인천공항,1,32
662,16:42,2,2,수서,2,"85,101"
662,16:42,3,3,삼성,3,"40,58,80"
662,16:42,4,4,여의도,5,"38,63,94,103,106"
662,16:42,5,5,김포공항,1,98
662,16:42,6,6,일산,2,"26,31"
662,16:42,7,7,판교,1,110
662,16:42,9,9,평택,3,"3,11,72"
663,16:43,1,1,서울역,1,104
663,16:43,2,2,수서,2,"85,101"
663,16:43,3,3,삼성,4,"40,58,59,80"
663,16:43,4,4,여의도,6,"7,38,39,94,103,106"
663,16:43,5,5,김포공항,1,98
663,16:43,6,6,일산,1,48
663,16:43,7,7,판교,2,"110,117"
663,16:43,9,9,평택,6,"3,6,11,12,15,24"
664,16:44,1,1,서울역,2,"104,125"
664,16:44,10,10,인천공항,1,0
664,16:44,2,2,수서,3,"85,101,107"
664,16:44,3,3,삼성,3,"58,59,80"
664,16:44,4,4,여의도,6,"7,38,39,94,103,105"
664,16:44,5,5,김포공항,1,98
664,16:44,6,6,일산,1,48
664,16:44,7,7,판교,2,"110,117"
664,16:44,9,9,평택,5,"3,6,12,15,24"
665,16:45,1,1,서울역,1,125
665,16:45,10,10,인천공항,1,0
665,16:45,2,2,수서,4,"85,87,107,111"
665,16:45,3,3,삼성,2,"59,80"
665,16:45,4,4,여의도,6,"7,38,39,105,106,116"
665,16:45,6,6,일산,1,48
665,16:45,7,7,판교,3,"61,110,117"
665,16:45,8,8,동탄/용인,1,75
665,16:45,9,9,평택,6,"3,6,12,15,24,43"
666,16:46,1,1,서울역,1,125
666,16:46,10,10,인천공항,2,"0,32"
666,16:46,2,2,수서,6,"87,89,107,111,113,119"
666,16:46,3,3,삼성,1,80
666,16:46,4,4,여의도,9,"29,38,39,51,67,105,106,116,131"
666,16:46,5,5,김포공항,2,"92,108"
666,16:46,6,6,일산,1,73
666,16:46,7,7,판교,2,"61,110"
666,16:46,8,8,동탄/용인,1,75
666,16:46,9,9,평택,6,"3,6,24,25,43,83"
667,16:47,1,1,서울역,1,70
667,16:47,10,10,인천공항,2,"0,32"
667,16:47,2,2,수서,6,"87,89,107,111,113,119"
667,16:47,3,3,삼성,1,60
667,16:47,4,4,여의도,9,"29,38,39,51,67,95,106,116,131"
667,16:47,5,5,김포공항,2,"92,108"
667,16:47,6,6,일산,2,"22,73"
667,16:47,7,7,판교,1,61
667,16:47,8,8,동탄/용인,2,"19,75"
667,16:47,9,9,평택,7,"6,13,24,25,28,43,83"
668,16:48,1,1,서울역,2,"70,77"
668,16:48,10,10,인천공항,2,"0,32"
668,16:48,2,2,수서,8,"89,100,107,111,113,119,120,126"
668,16:48,3,3,삼성,1,60
668,16:48,4,4,여의도,10,"17,29,39,51,67,68,94,95,131,134"
668,16:48,5,5,김포공항,3,"92,108,109"
668,16:48,6,6,일산,2,"22,73"
668,16:48,8,8,동탄/용인,1,19
668,16:48,9,9,평택,8,"6,13,18,24,25,28,83,96"
669,16:49,1,1,서울역,2,"70,77"
669,16:49,10,10,인천공항,1,0
669,16:49,2,2,수서,7,"100,107,111,113,119,120,126"
669,16:49,3,3,삼성,2,"60,81"
669,16:49,4,4,여의도,7,"5,17,51,68,94,95,134"
669,16:49,5,5,김포공항,2,"10,109"
669,16:49,6,6,일산,2,"22,66"
669,16:49,7,7,판교,1,99
669,16:49,8,8,동탄/용인,1,19
669,16:49,9,9,평택,6,"13,15,18,25,28,96"
670,16:50,1,1,서울역,3,"77,104,125"
670,16:50,10,10,인천공항,1,2
670,16:50,2,2,수서,7,"27,100,111,113,119,120,126"
670,16:50,3,3,삼성,4,"37,41,81,88"
670,16:50,4,4,여의도,8,"5,17,44,51,68,94,124,134"
670,16:50,5,5,김포공항,2,"10,109"
670,16:50,6,6,일산,3,"56,57,66"
670,16:50,7,7,판교,3,"99,128,130"
670,16:50,8,8,동탄/용인,1,16
670,16:50,9,9,평택,6,"13,15,18,25,28,96"
671,16:51,1,1,서울역,2,"104,125"
671,16:51,10,10,인천공항,1,2
671,16:51,2,2,수서,5,"27,63,113,119,120"
671,16:51,3,3,삼성,4,"37,41,81,88"
671,16:51,4,4,여의도,6,"5,17,44,51,68,124"
671,16:51,5,5,김포공항,2,"10,114"
671,16:51,6,6,일산,3,"56,57,66"
671,16:51,7,7,판교,5,"99,128,129,130,133"
671,16:51,8,8,동탄/용인,1,16
671,16:51,9,9,평택,5,"13,15,18,25,28"
672,16:52,1,1,서울역,2,"104,125"
672,16:52,10,10,인천공항,2,"2,64"
672,16:52,2,2,수서,4,"27,63,118,120"
672,16:52,3,3,삼성,5,"37,41,76,82,88"
672,16:52,4,4,여의도,5,"17,44,68,95,124"
672,16:52,5,5,김포공항,2,"114,115"
672,16:52,6,6,일산,3,"56,57,78"
672,16:52,7,7,판교,5,"117,128,129,130,133"
672,16:52,8,8,동탄/용인,2,"16,132"
672,16:52,9,9,평택,3,"13,18,28"
673,16:53,1,1,서울역,2,"50,102"
673,16:53,10,10,인천공항,2,"2,64"
673,16:53,2,2,수서,3,"63,118,120"
673,16:53,3,3,삼성,3,"36,76,82"
673,16:53,4,4,여의도,6,"17,44,68,95,101,105"
673,16:53,5,5,김포공항,2,"114,115"
673,16:53,6,6,일산,1,78
673,16:53,7,7,판교,4,"91,117,129,133"
673,16:53,8,8,동탄/용인,1,132
673,16:53,9,9,평택,3,"18,35,96"
674,16:54,1,1,서울역,3,"50,70,102"
674,16:54,10,10,인천공항,2,"2,64"
674,16:54,2,2,수서,3,"45,63,118"
674,16:54,3,3,삼성,3,"36,76,82"
674,16:54,4,4,여의도,5,"44,95,101,105,116"
674,16:54,5,5,김포공항,2,"49,115"
674,16:54,6,6,일산,3,"31,56,78"
674,16:54,7,7,판교,3,"91,103,117"
674,16:54,8,8,동탄/용인,1,132
674,16:54,9,9,평택,2,"35,96"
675,16:55,1,1,서울역,4,"50,70,80,102"
675,16:55,10,10,인천공항,3,"2,52,64"
675,16:55,2,2,수서,2,"45,63"
675,16:55,3,3,삼성,1,36
675,16:55,4,4,여의도,5,"44,101,105,116,121"
675,16:55,5,5,김포공항,1,49
675,16:55,6,6,일산,2,"31,56"
675,16:55,7,7,판교,3,"55,91,103"
675,16:55,9,9,평택,3,"34,35,96"
676,16:56,1,1,서울역,3,"50,70,80"
676,16:56,10,10,인천공항,3,"52,64,79"
676,16:56,2,2,수서,4,"38,45,63,90"
676,16:56,3,3,삼성,4,"36,40,46,84"
676,16:56,4,4,여의도,3,"14,116,121"
676,16:56,5,5,김포공항,1,49
676,16:56,6,6,일산,2,"31,56"
676,16:56,7,7,판교,3,"55,93,103"
676,16:56,9,9,평택,2,"34,35"
677,16:57,1,1,서울역,2,"50,80"
677,16:57,10,10,인천공항,3,"52,64,79"
677,16:57,2,2,수서,5,"38,39,67,90,112"
677,16:57,3,3,삼성,4,"36,40,46,84"
677,16:57,4,4,여의도,2,"14,121"
677,16:57,6,6,일산,2,"57,58"
677,16:57,7,7,판교,6,"55,93,97,103,106,128"
677,16:57,9,9,평택,3,"20,34,35"
678,16:58,1,1,서울역,1,50
678,16:58,10,10,인천공항,3,"52,65,79"
678,16:58,2,2,수서,6,"38,39,67,88,90,112"
678,16:58,3,3,삼성,4,"36,40,46,84"
678,16:58,4,4,여의도,1,14
678,16:58,5,5,김포공항,2,"10,87"
678,16:58,6,6,일산,4,"30,57,58,59"
678,16:58,7,7,판교,5,"93,97,103,106,128"
678,16:58,9,9,평택,4,"8,20,34,35"
679,16:59,10,10,인천공항,3,"52,65,79"
679,16:59,2,2,수서,7,"38,39,67,88,94,112,123"
679,16:59,4,4,여의도,2,"122,126"
679,16:59,5,5,김포공항,2,"10,87"
679,16:59,6,6,일산,6,"30,33,57,58,59,85"
679,16:59,7,7,판교,4,"97,103,106,128"
679,16:59,9,9,평택,4,"8,20,21,34"
680,17:00,10,10,인천공항,3,"52,65,79"
680,17:00,2,2,수서,5,"38,51,88,94,123"
680,17:00,3,3,삼성,2,"41,72"
680,17:00,4,4,여의도,4,"101,119,122,126"
680,17:00,5,5,김포공항,3,"10,87,107"
680,17:00,6,6,일산,4,"30,33,59,85"
680,17:00,7,7,판교,2,"48,129"
680,17:00,8,8,동탄/용인,1,16
680,17:00,9,9,평택,7,"8,18,20,21,34,54,74"
681,17:01,10,10,인천공항,2,"65,79"
681,17:01,2,2,수서,5,"38,51,67,94,123"
681,17:01,3,3,삼성,2,"41,72"
681,17:01,4,4,여의도,5,"99,101,119,122,126"
681,17:01,5,5,김포공항,2,"107,111"
681,17:01,6,6,일산,4,"33,59,85,110"
681,17:01,7,7,판교,2,"48,129"
681,17:01,8,8,동탄/용인,1,16
681,17:01,9,9,평택,5,"18,20,21,54,74"
682,17:02,10,10,인천공항,1,65
682,17:02,2,2,수서,4,"51,67,68,125"
682,17:02,3,3,삼성,3,"41,69,72"
682,17:02,4,4,여의도,5,"99,101,119,120,130"
682,17:02,5,5,김포공항,3,"107,111,113"
682,17:02,6,6,일산,5,"59,60,85,89,110"
682,17:02,7,7,판교,3,"48,104,129"
682,17:02,8,8,동탄/용인,2,"16,26"
682,17:02,9,9,평택,6,"18,20,21,53,54,74"
683,17:03,10,10,인천공항,2,"29,65"
683,17:03,2,2,수서,5,"51,67,68,95,125"
683,17:03,3,3,삼성,1,69
683,17:03,4,4,여의도,7,"14,99,118,119,120,130,133"
683,17:03,5,5,김포공항,3,"11,111,113"
683,17:03,6,6,일산,5,"59,60,85,89,110"
683,17:03,7,7,판교,1,104
683,17:03,8,8,동탄/용인,1,26
683,17:03,9,9,평택,4,"7,20,21,53"
684,17:04,10,10,인천공항,1,29
684,17:04,2,2,수서,6,"44,51,68,95,105,125"
684,17:04,3,3,삼성,2,"69,71"
684,17:04,4,4,여의도,8,"14,99,118,119,120,126,130,133"
684,17:04,5,5,김포공항,2,"11,113"
684,17:04,6,6,일산,5,"22,60,85,89,100"
684,17:04,7,7,판교,1,104
684,17:04,8,8,동탄/용인,1,26
684,17:04,9,9,평택,6,"7,20,21,53,74,86"
685,17:05,10,10,인천공항,3,"1,4,29"
685,17:05,2,2,수서,6,"44,51,95,102,105,116"
685,17:05,3,3,삼성,4,"69,71,72,76"
685,17:05,4,4,여의도,8,"14,91,99,118,119,120,126,133"
685,17:05,5,5,김포공항,2,"11,12"
685,17:05,6,6,일산,3,"22,60,100"
685,17:05,9,9,평택,6,"7,8,20,21,74,86"
686,17:06,10,10,인천공항,3,"1,4,5"
686,17:06,2,2,수서,6,"44,68,102,105,116,121"
686,17:06,3,3,삼성,4,"69,71,72,76"
686,17:06,4,4,여의도,7,"24,91,99,118,120,126,127"
686,17:06,5,5,김포공항,1,12
686,17:06,6,6,일산,4,"22,30,60,100"
686,17:06,7,7,판교,1,66
686,17:06,9,9,평택,5,"7,8,21,74,86"
687,17:07,10,10,인천공항,3,"1,4,5"
687,17:07,2,2,수서,5,"68,94,102,116,121"
687,17:07,3,3,삼성,4,"69,71,72,76"
687,17:07,4,4,여의도,6,"24,91,118,120,124,127"
687,17:07,5,5,김포공항,3,"12,45,63"
687,17:07,6,6,일산,2,"30,60"
687,17:07,7,7,판교,1,66
687,17:07,9,9,평택,4,"7,8,9,21"
688,17:08,10,10,인천공항,2,"1,5"
688,17:08,2,2,수서,4,"39,68,94,121"
688,17:08,3,3,삼성,1,71
688,17:08,4,4,여의도,8,"24,91,93,112,118,124,127,132"
688,17:08,5,5,김포공항,2,"45,63"
688,17:08,6,6,일산,1,30
688,17:08,7,7,판교,1,66
688,17:08,8,8,동탄/용인,1,26
688,17:08,9,9,평택,5,"7,8,9,47,54"
689,17:09,10,10,인천공항,2,"1,4"
689,17:09,2,2,수서,3,"39,68,94"
689,17:09,3,3,삼성,4,"31,32,71,81"
689,17:09,4,4,여의도,9,"24,25,91,93,97,103,112,124,132"
689,17:09,5,5,김포공항,3,"45,63,90"
689,17:09,6,6,일산,3,"19,60,117"
689,17:09,8,8,동탄/용인,1,26
689,17:09,9,9,평택,4,"8,9,47,54"
690,17:10,10,10,인천공항,4,"1,4,6,29"
690,17:10,2,2,수서,3,"39,68,122"
690,17:10,3,3,삼성,3,"31,32,81"
690,17:10,4,4,여의도,10,"24,25,28,91,93,97,103,112,123,132"
690,17:10,5,5,김포공항,2,"12,90"
690,17:10,6,6,일산,4,"19,60,73,117"
690,17:10,7,7,판교,1,66
690,17:10,8,8,동탄/용인,1,26
690,17:10,9,9,평택,5,"8,37,43,47,54"
691,17:11,10,10,인천공항,4,"4,6,27,29"
691,17:11,2,2,수서,5,"10,68,94,101,122"
691,17:11,3,3,삼성,4,"31,32,76,81"
691,17:11,4,4,여의도,7,"24,25,28,93,97,103,123"
691,17:11,5,5,김포공항,4,"12,15,88,90"
691,17:11,6,6,일산,4,"19,60,73,117"
691,17:11,7,7,판교,2,"56,66"
691,17:11,9,9,평택,4,"37,43,47,83"
692,17:12,10,10,인천공항,4,"4,6,27,29"
692,17:12,2,2,수서,4,"10,94,101,122"
692,17:12,3,3,삼성,3,"31,32,76"
692,17:12,4,4,여의도,8,"24,25,28,93,97,103,123,129"
692,17:12,5,5,김포공항,4,"12,13,15,88"
692,17:12,6,6,일산,2,"19,73"
692,17:12,7,7,판교,2,"56,66"
692,17:12,8,8,동탄/용인,1,61
692,17:12,9,9,평택,4,"37,43,47,83"
693,17:13,1,1,서울역,1,77
693,17:13,10,10,인천공항,3,"4,6,27"
693,17:13,2,2,수서,3,"10,94,101"
693,17:13,3,3,삼성,4,"31,32,46,76"
693,17:13,4,4,여의도,8,"24,25,28,93,97,103,112,129"
693,17:13,5,5,김포공항,4,"11,13,15,88"
693,17:13,6,6,일산,2,"19,73"
693,17:13,7,7,판교,2,"56,106"
693,17:13,8,8,동탄/용인,1,61
693,17:13,9,9,평택,2,"47,83"
694,17:14,1,1,서울역,2,"77,96"
694,17:14,10,10,인천공항,3,"4,6,27"
694,17:14,2,2,수서,1,119
694,17:14,3,3,삼성,4,"31,32,33,46"
694,17:14,4,4,여의도,8,"24,25,28,97,103,112,123,129"
694,17:14,5,5,김포공항,3,"11,13,67"
694,17:14,6,6,일산,3,"19,73,128"
694,17:14,7,7,판교,2,"56,106"
694,17:14,8,8,동탄/용인,2,"61,75"
695,17:15,1,1,서울역,2,"77,96"
695,17:15,10,10,인천공항,3,"3,6,27"
695,17:15,2,2,수서,2,"99,119"
695,17:15,3,3,삼성,3,"33,46,64"
695,17:15,4,4,여의도,5,"24,28,112,123,130"
695,17:15,5,5,김포공항,4,"11,13,38,67"
695,17:15,6,6,일산,2,"73,128"
695,17:15,7,7,판교,2,"56,106"
695,17:15,8,8,동탄/용인,1,75
695,17:15,9,9,평택,2,"23,70"
696,17:16,1,1,서울역,1,96
696,17:16,10,10,인천공항,3,"3,27,55"
696,17:16,2,2,수서,3,"99,119,120"
696,17:16,3,3,삼성,2,"33,64"
696,17:16,4,4,여의도,5,"24,35,123,130,131"
696,17:16,5,5,김포공항,4,"13,38,51,67"
696,17:16,6,6,일산,2,"78,128"
696,17:16,7,7,판교,2,"56,126"
696,17:16,8,8,동탄/용인,1,75
696,17:16,9,9,평택,4,"23,36,40,70"
697,17:17,1,1,서울역,1,96
697,17:17,10,10,인천공항,2,"3,55"
697,17:17,2,2,수서,3,"99,118,120"
697,17:17,3,3,삼성,2,"33,64"
697,17:17,4,4,여의도,5,"24,25,35,130,131"
697,17:17,5,5,김포공항,3,"13,38,51"
697,17:17,6,6,일산,2,"42,78"
697,17:17,7,7,판교,2,"57,126"
697,17:17,9,9,평택,5,"23,36,40,50,70"
698,17:18,1,1,서울역,1,96
698,17:18,10,10,인천공항,2,"3,55"
698,17:18,2,2,수서,3,"118,120,124"
698,17:18,3,3,삼성,2,"33,52"
698,17:18,4,4,여의도,6,"25,28,34,35,131,132"
698,17:18,5,5,김포공항,1,51
698,17:18,6,6,일산,2,"42,78"
698,17:18,7,7,판교,4,"57,59,126,127"
698,17:18,9,9,평택,5,"23,36,40,50,70"
699,17:19,1,1,서울역,1,96
699,17:19,10,10,인천공항,2,"1,3"
699,17:19,2,2,수서,3,"91,118,124"
699,17:19,3,3,삼성,3,"33,52,79"
699,17:19,4,4,여의도,4,"25,28,34,132"
699,17:19,6,6,일산,1,42
699,17:19,7,7,판교,3,"57,59,127"
699,17:19,9,9,평택,4,"17,23,50,70"
700,17:20,10,10,인천공항,2,"1,3"
700,17:20,2,2,수서,2,"91,124"
700,17:20,3,3,삼성,3,"0,52,79"
700,17:20,4,4,여의도,5,"18,28,34,129,132"
700,17:20,7,7,판교,2,"59,127"
700,17:20,9,9,평택,4,"17,23,41,70"
701,17:21,10,10,인천공항,2,"1,6"
701,17:21,2,2,수서,1,91
701,17:21,3,3,삼성,5,"0,30,52,65,79"
701,17:21,4,4,여의도,2,"18,129"
701,17:21,5,5,김포공항,1,13
701,17:21,9,9,평택,2,"17,41"
702,17:22,10,10,인천공항,1,6
702,17:22,2,2,수서,1,93
702,17:22,3,3,삼성,5,"0,30,52,53,65"
702,17:22,4,4,여의도,3,"18,34,129"
702,17:22,5,5,김포공항,2,"13,68"
702,17:22,6,6,일산,2,"16,85"
702,17:22,9,9,평택,2,"17,41"
703,17:23,10,10,인천공항,1,6
703,17:23,2,2,수서,4,"12,93,97,103"
703,17:23,3,3,삼성,4,"30,52,53,65"
703,17:23,4,4,여의도,3,"18,34,35"
703,17:23,5,5,김포공항,2,"13,68"
703,17:23,6,6,일산,2,"16,85"
703,17:23,9,9,평택,2,"14,17"
704,17:24,2,2,수서,5,"12,93,97,103,112"
704,17:24,3,3,삼성,2,"30,53"
704,17:24,4,4,여의도,3,"18,34,35"
704,17:24,5,5,김포공항,2,"68,94"
704,17:24,6,6,일산,4,"16,39,85,89"
704,17:24,7,7,판교,1,48
704,17:24,9,9,평택,2,"14,17"
705,17:25,1,1,서울역,1,74
705,17:25,10,10,인천공항,2,"69,72"
705,17:25,2,2,수서,5,"12,97,103,112,123"
705,17:25,3,3,삼성,3,"2,30,53"
705,17:25,4,4,여의도,3,"18,21,35"
705,17:25,5,5,김포공항,2,"68,94"
705,17:25,6,6,일산,4,"39,58,85,89"
705,17:25,7,7,판교,1,48
705,17:25,9,9,평택,2,"14,41"
706,17:26,1,1,서울역,1,74
706,17:26,10,10,인천공항,3,"6,69,72"
706,17:26,2,2,수서,4,"12,112,123,130"
706,17:26,3,3,삼성,3,"2,30,53"
706,17:26,4,4,여의도,1,21
706,17:26,5,5,김포공항,2,"68,94"
706,17:26,6,6,일산,5,"39,58,85,89,100"
706,17:26,7,7,판교,2,"48,60"
706,17:26,8,8,동탄/용인,1,22
706,17:26,9,9,평택,1,41
707,17:27,1,1,서울역,1,74
707,17:27,10,10,인천공항,4,"6,69,71,72"
707,17:27,2,2,수서,4,"12,123,130,131"
707,17:27,3,3,삼성,4,"0,2,30,53"
707,17:27,4,4,여의도,2,"21,29"
707,17:27,5,5,김포공항,2,"68,94"
707,17:27,6,6,일산,5,"32,58,66,85,100"
707,17:27,7,7,판교,2,"48,60"
707,17:27,8,8,동탄/용인,1,22
707,17:27,9,9,평택,1,41
708,17:28,1,1,서울역,1,74
708,17:28,10,10,인천공항,3,"6,69,71"
708,17:28,2,2,수서,4,"12,19,130,131"
708,17:28,3,3,삼성,4,"0,30,53,54"
708,17:28,4,4,여의도,2,"21,29"
708,17:28,5,5,김포공항,2,"94,106"
708,17:28,6,6,일산,5,"32,46,66,100,110"
708,17:28,7,7,판교,2,"48,60"
708,17:28,8,8,동탄/용인,1,22
708,17:28,9,9,평택,1,41
709,17:29,1,1,서울역,2,"61,74"
709,17:29,10,10,인천공항,4,"55,69,71,81"
709,17:29,2,2,수서,3,"19,131,132"
709,17:29,3,3,삼성,4,"0,30,53,54"
709,17:29,4,4,여의도,2,"21,29"
709,17:29,5,5,김포공항,3,"9,94,106"
709,17:29,6,6,일산,4,"32,46,66,110"
709,17:29,7,7,판교,2,"48,60"
709,17:29,9,9,평택,3,"36,41,50"
710,17:30,1,1,서울역,2,"61,74"
710,17:30,10,10,인천공항,5,"55,69,71,72,81"
710,17:30,2,2,수서,2,"19,132"
710,17:30,3,3,삼성,2,"53,54"
710,17:30,4,4,여의도,2,"21,43"
710,17:30,5,5,김포공항,2,"9,106"
710,17:30,6,6,일산,3,"26,46,110"
710,17:30,7,7,판교,2,"60,73"
710,17:30,9,9,평택,4,"36,41,50,86"
711,17:31,1,1,서울역,1,61
711,17:31,10,10,인천공항,6,"55,69,71,72,76,81"
711,17:31,2,2,수서,4,"19,44,129,132"
711,17:31,3,3,삼성,1,2
711,17:31,4,4,여의도,4,"20,27,43,47"
711,17:31,5,5,김포공항,1,9
711,17:31,6,6,일산,4,"26,46,56,110"
711,17:31,7,7,판교,2,"60,73"
711,17:31,9,9,평택,3,"36,50,86"
712,17:32,1,1,서울역,1,83
712,17:32,10,10,인천공항,6,"8,55,69,71,72,76"
712,17:32,2,2,수서,3,"19,44,129"
712,17:32,3,3,삼성,4,"2,4,42,54"
712,17:32,4,4,여의도,5,"20,21,27,43,47"
712,17:32,6,6,일산,5,"26,46,56,110,117"
712,17:32,7,7,판교,1,73
712,17:32,9,9,평택,3,"31,36,86"
713,17:33,1,1,서울역,1,83
713,17:33,10,10,인천공항,4,"8,55,69,76"
713,17:33,2,2,수서,3,"19,44,129"
713,17:33,3,3,삼성,4,"2,4,42,54"
713,17:33,4,4,여의도,4,"20,21,27,47"
713,17:33,6,6,일산,4,"46,56,110,117"
713,17:33,7,7,판교,2,"73,78"
713,17:33,9,9,평택,3,"14,31,36"
714,17:34,1,1,서울역,1,83
714,17:34,10,10,인천공항,3,"8,55,76"
714,17:34,2,2,수서,1,13
714,17:34,3,3,삼성,4,"4,42,54,64"
714,17:34,4,4,여의도,3,"20,21,47"
714,17:34,6,6,일산,1,117
714,17:34,7,7,판교,2,"73,78"
714,17:34,9,9,평택,5,"14,31,36,77,86"
715,17:35,10,10,인천공항,2,"8,76"
715,17:35,2,2,수서,1,13
715,17:35,3,3,삼성,4,"4,42,54,64"
715,17:35,4,4,여의도,2,"20,47"
715,17:35,6,6,일산,1,32
715,17:35,7,7,판교,2,"73,78"
715,17:35,9,9,평택,7,"11,14,24,31,37,77,86"
716,17:36,10,10,인천공항,2,"8,76"
716,17:36,2,2,수서,1,13
716,17:36,3,3,삼성,4,"4,42,54,64"
716,17:36,4,4,여의도,2,"20,47"
716,17:36,6,6,일산,3,"32,56,75"
716,17:36,7,7,판교,2,"73,78"
716,17:36,8,8,동탄/용인,2,"22,127"
716,17:36,9,9,평택,6,"11,24,31,37,77,86"
717,17:37,10,10,인천공항,2,"8,69"
717,17:37,3,3,삼성,5,"4,42,54,64,79"
717,17:37,4,4,여의도,1,20
717,17:37,6,6,일산,3,"32,56,75"
717,17:37,7,7,판교,2,"73,78"
717,17:37,8,8,동탄/용인,2,"22,127"
717,17:37,9,9,평택,5,"11,24,25,31,37"
718,17:38,10,10,인천공항,3,"7,8,69"
718,17:38,3,3,삼성,2,"64,79"
718,17:38,4,4,여의도,2,"20,29"
718,17:38,5,5,김포공항,1,9
718,17:38,6,6,일산,2,"56,75"
718,17:38,7,7,판교,2,"73,78"
718,17:38,8,8,동탄/용인,2,"22,127"
718,17:38,9,9,평택,3,"11,24,25"
719,17:39,1,1,서울역,1,70
719,17:39,10,10,인천공항,3,"7,8,69"
719,17:39,2,2,수서,2,"10,91"
719,17:39,3,3,삼성,2,"64,79"
719,17:39,4,4,여의도,2,"20,29"
719,17:39,5,5,김포공항,1,9
719,17:39,6,6,일산,1,75
719,17:39,8,8,동탄/용인,1,57
719,17:39,9,9,평택,3,"11,24,25"
720,17:40,1,1,서울역,1,70
720,17:40,10,10,인천공항,3,"7,8,35"
720,17:40,2,2,수서,3,"10,91,105"
720,17:40,3,3,삼성,2,"58,65"
720,17:40,4,4,여의도,5,"29,43,47,133,134"
720,17:40,5,5,김포공항,1,9
720,17:40,6,6,일산,2,"75,128"
720,17:40,8,8,동탄/용인,1,57
720,17:40,9,9,평택,2,"11,24"
721,17:41,1,1,서울역,1,70
721,17:41,10,10,인천공항,3,"33,35,52"
721,17:41,2,2,수서,3,"10,91,105"
721,17:41,3,3,삼성,2,"58,65"
721,17:41,4,4,여의도,4,"43,47,133,134"
721,17:41,6,6,일산,3,"66,75,128"
721,17:41,7,7,판교,1,89
721,17:41,8,8,동탄/용인,1,57
721,17:41,9,9,평택,3,"24,25,28"
722,17:42,10,10,인천공항,3,"33,35,52"
722,17:42,2,2,수서,1,105
722,17:42,3,3,삼성,3,"4,58,65"
722,17:42,4,4,여의도,4,"43,47,133,134"
722,17:42,6,6,일산,4,"0,12,66,128"
722,17:42,7,7,판교,2,"85,89"
722,17:42,9,9,평택,3,"24,25,28"
723,17:43,10,10,인천공항,2,"33,52"
723,17:43,2,2,수서,1,112
723,17:43,3,3,삼성,2,"4,58"
723,17:43,6,6,일산,3,"0,12,66"
723,17:43,7,7,판교,3,"85,89,100"
723,17:43,9,9,평택,5,"1,18,24,25,28"
724,17:44,10,10,인천공항,1,5
724,17:44,2,2,수서,1,112
724,17:44,3,3,삼성,2,"4,58"
724,17:44,6,6,일산,2,"0,12"
724,17:44,7,7,판교,2,"85,100"
724,17:44,9,9,평택,3,"1,18,25"
725,17:45,10,10,인천공항,1,5
725,17:45,2,2,수서,1,112
725,17:45,3,3,삼성,2,"58,65"
725,17:45,4,4,여의도,1,27
725,17:45,7,7,판교,2,"85,100"
725,17:45,9,9,평택,4,"1,18,25,28"
726,17:46,10,10,인천공항,1,5
726,17:46,3,3,삼성,3,"6,46,65"
726,17:46,4,4,여의도,4,"27,74,80,96"
726,17:46,6,6,일산,3,"0,2,26"
726,17:46,7,7,판교,1,85
726,17:46,9,9,평택,2,"25,28"
727,17:47,10,10,인천공항,1,30
727,17:47,2,2,수서,1,93
727,17:47,3,3,삼성,3,"6,46,65"
727,17:47,4,4,여의도,5,"27,72,74,80,96"
727,17:47,6,6,일산,5,"0,2,19,26,44"
727,17:47,7,7,판교,1,85
727,17:47,9,9,평택,2,"28,40"
728,17:48,10,10,인천공항,3,"30,48,53"
728,17:48,2,2,수서,2,"93,116"
728,17:48,3,3,삼성,3,"6,41,46"
728,17:48,4,4,여의도,7,"51,62,72,74,80,96,97"
728,17:48,6,6,일산,5,"0,2,19,26,44"
728,17:48,7,7,판교,5,"95,102,110,119,120"
728,17:48,9,9,평택,2,"28,40"
729,17:49,10,10,인천공항,3,"30,48,53"
729,17:49,2,2,수서,3,"93,116,118"
729,17:49,3,3,삼성,3,"6,41,50"
729,17:49,4,4,여의도,6,"51,62,63,72,83,97"
729,17:49,6,6,일산,2,"19,44"
729,17:49,7,7,판교,8,"95,102,103,110,117,119,120,121"
729,17:49,9,9,평택,3,"28,40,77"
730,17:50,10,10,인천공항,4,"30,33,48,53"
730,17:50,2,2,수서,2,"116,118"
730,17:50,3,3,삼성,5,"3,6,41,46,50"
730,17:50,4,4,여의도,7,"23,51,62,63,72,83,97"
730,17:50,6,6,일산,2,"16,44"
730,17:50,7,7,판교,8,"95,102,103,110,117,119,120,121"
730,17:50,9,9,평택,2,"28,77"
731,17:51,10,10,인천공항,4,"30,33,48,53"
731,17:51,2,2,수서,6,"32,47,116,118,133,134"
731,17:51,3,3,삼성,5,"3,6,41,46,50"
731,17:51,4,4,여의도,4,"23,63,72,83"
731,17:51,5,5,김포공항,1,49
731,17:51,6,6,일산,3,"16,38,44"
731,17:51,7,7,판교,4,"103,110,117,121"
731,17:51,9,9,평택,1,77
732,17:52,10,10,인천공항,6,"30,33,35,48,53,56"
732,17:52,2,2,수서,5,"32,47,116,133,134"
732,17:52,3,3,삼성,5,"3,41,46,50,55"
732,17:52,4,4,여의도,4,"23,36,72,127"
732,17:52,5,5,김포공항,1,49
732,17:52,6,6,일산,4,"16,38,44,45"
732,17:52,7,7,판교,1,110
732,17:52,9,9,평택,3,"1,21,77"
733,17:53,10,10,인천공항,6,"30,33,35,48,53,56"
733,17:53,2,2,수서,5,"32,47,116,133,134"
733,17:53,3,3,삼성,4,"41,46,50,55"
733,17:53,4,4,여의도,2,"36,127"
733,17:53,5,5,김포공항,3,"17,49,105"
733,17:53,6,6,일산,5,"38,39,45,73,78"
733,17:53,7,7,판교,1,110
733,17:53,9,9,평택,4,"1,21,34,77"
734,17:54,10,10,인천공항,5,"30,33,35,48,56"
734,17:54,3,3,삼성,6,"3,41,46,50,55,82"
734,17:54,4,4,여의도,2,"36,127"
734,17:54,5,5,김포공항,2,"17,105"
734,17:54,6,6,일산,5,"38,39,45,73,78"
734,17:54,8,8,동탄/용인,1,29
734,17:54,9,9,평택,6,"1,21,34,60,77,104"
735,17:55,1,1,서울역,1,86
735,17:55,10,10,인천공항,5,"30,33,42,48,54"
735,17:55,3,3,삼성,6,"3,41,46,50,55,82"
735,17:55,4,4,여의도,4,"31,36,37,127"
735,17:55,5,5,김포공항,3,"15,17,105"
735,17:55,6,6,일산,5,"38,39,73,78,91"
735,17:55,8,8,동탄/용인,1,29
735,17:55,9,9,평택,5,"1,21,34,60,104"
736,17:56,1,1,서울역,1,86
736,17:56,10,10,인천공항,3,"42,48,54"
736,17:56,2,2,수서,1,32
736,17:56,3,3,삼성,5,"3,41,50,55,82"
736,17:56,4,4,여의도,4,"31,36,37,127"
736,17:56,5,5,김포공항,2,"15,112"
736,17:56,6,6,일산,3,"38,78,91"
736,17:56,7,7,판교,1,75
736,17:56,8,8,동탄/용인,2,"29,126"
736,17:56,9,9,평택,5,"1,21,59,60,104"
737,17:57,1,1,서울역,1,86
737,17:57,10,10,인천공항,7,"14,42,43,54,64,66,79"
737,17:57,2,2,수서,3,"32,74,80"
737,17:57,3,3,삼성,3,"50,55,69"
737,17:57,4,4,여의도,4,"31,36,37,127"
737,17:57,5,5,김포공항,2,"15,112"
737,17:57,6,6,일산,4,"4,19,78,91"
737,17:57,7,7,판교,2,"75,128"
737,17:57,8,8,동탄/용인,1,126
737,17:57,9,9,평택,5,"1,18,20,21,59"
738,17:58,1,1,서울역,2,"61,86"
738,17:58,10,10,인천공항,7,"14,22,43,54,64,66,79"
738,17:58,2,2,수서,3,"32,74,80"
738,17:58,3,3,삼성,3,"8,55,69"
738,17:58,4,4,여의도,1,37
738,17:58,5,5,김포공항,2,"15,112"
738,17:58,6,6,일산,5,"2,4,19,78,91"
738,17:58,7,7,판교,3,"75,96,128"
738,17:58,8,8,동탄/용인,1,126
738,17:58,9,9,평택,3,"18,20,59"
739,17:59,1,1,서울역,2,"61,86"
739,17:59,10,10,인천공항,7,"14,22,43,54,64,66,79"
739,17:59,2,2,수서,2,"74,80"
739,17:59,3,3,삼성,3,"8,55,69"
739,17:59,4,4,여의도,1,37
739,17:59,5,5,김포공항,1,15
739,17:59,6,6,일산,4,"2,4,19,91"
739,17:59,7,7,판교,2,"96,128"
739,17:59,9,9,평택,2,"18,20"
740,18:00,1,1,서울역,2,"61,86"
740,18:00,10,10,인천공항,4,"10,22,54,64"
740,18:00,2,2,수서,3,"74,80,83"
740,18:00,3,3,삼성,3,"8,55,69"
740,18:00,4,4,여의도,4,"31,37,119,120"
740,18:00,5,5,김포공항,1,15
740,18:00,6,6,일산,2,"2,91"
740,18:00,7,7,판교,4,"51,62,96,97"
740,18:00,9,9,평택,2,"9,20"
741,18:01,10,10,인천공항,3,"7,10,64"
741,18:01,2,2,수서,5,"13,72,74,80,83"
741,18:01,3,3,삼성,1,69
741,18:01,4,4,여의도,5,"31,36,119,120,121"
741,18:01,6,6,일산,1,57
741,18:01,7,7,판교,5,"51,62,63,96,97"
741,18:01,9,9,평택,3,"9,20,34"
742,18:02,10,10,인천공항,3,"7,10,64"
742,18:02,2,2,수서,7,"13,26,47,72,74,80,83"
742,18:02,3,3,삼성,1,69
742,18:02,4,4,여의도,5,"31,36,119,120,121"
742,18:02,5,5,김포공항,1,118
742,18:02,6,6,일산,1,57
742,18:02,7,7,판교,5,"51,62,63,96,97"
742,18:02,9,9,평택,3,"9,20,34"
743,18:03,10,10,인천공항,2,"7,58"
743,18:03,2,2,수서,4,"13,26,47,72"
743,18:03,4,4,여의도,4,"36,119,120,121"
743,18:03,5,5,김포공항,3,"24,102,118"
743,18:03,6,6,일산,2,"57,93"
743,18:03,7,7,판교,4,"62,63,96,97"
743,18:03,9,9,평택,2,"9,34"
744,18:04,10,10,인천공항,1,58
744,18:04,2,2,수서,4,"13,26,47,49"
744,18:04,4,4,여의도,3,"25,119,120"
744,18:04,5,5,김포공항,5,"24,102,103,116,118"
744,18:04,6,6,일산,1,93
744,18:04,7,7,판교,3,"62,63,97"
744,18:04,9,9,평택,2,"9,34"
745,18:05,10,10,인천공항,2,"58,65"
745,18:05,2,2,수서,5,"13,47,49,72,84"
745,18:05,4,4,여의도,3,"25,119,120"
745,18:05,5,5,김포공항,4,"24,102,103,116"
745,18:05,6,6,일산,2,"93,95"
745,18:05,7,7,판교,3,"62,63,97"
745,18:05,9,9,평택,2,"9,34"
746,18:06,1,1,서울역,1,70
746,18:06,10,10,인천공항,1,65
746,18:06,2,2,수서,6,"13,47,49,72,84,127"
746,18:06,4,4,여의도,1,25
746,18:06,5,5,김포공항,2,"103,116"
746,18:06,6,6,일산,1,95
746,18:06,7,7,판교,2,"63,75"
746,18:06,9,9,평택,1,34
747,18:07,1,1,서울역,1,70
747,18:07,10,10,인천공항,1,65
747,18:07,2,2,수서,5,"47,49,72,84,127"
747,18:07,4,4,여의도,2,"25,40"
747,18:07,5,5,김포공항,1,116
747,18:07,6,6,일산,1,95
747,18:07,7,7,판교,2,"44,75"
748,18:08,1,1,서울역,1,70
748,18:08,10,10,인천공항,1,65
748,18:08,2,2,수서,3,"49,69,127"
748,18:08,4,4,여의도,3,"25,28,40"
748,18:08,5,5,김포공항,1,116
748,18:08,7,7,판교,3,"44,75,85"
748,18:08,9,9,평택,3,"5,27,29"
749,18:09,1,1,서울역,1,73
749,18:09,10,10,인천공항,1,65
749,18:09,2,2,수서,4,"37,39,49,69"
749,18:09,4,4,여의도,4,"25,28,40,121"
749,18:09,5,5,김포공항,1,116
749,18:09,7,7,판교,4,"44,45,75,85"
749,18:09,8,8,동탄/용인,1,100
749,18:09,9,9,평택,3,"5,27,29"
750,18:10,1,1,서울역,4,"73,107,108,109"
750,18:10,10,10,인천공항,1,65
750,18:10,2,2,수서,4,"37,39,69,98"
750,18:10,4,4,여의도,5,"28,40,67,68,121"
750,18:10,6,6,일산,1,4
750,18:10,7,7,판교,3,"45,75,85"
750,18:10,8,8,동탄/용인,1,100
750,18:10,9,9,평택,3,"5,27,29"
751,18:11,1,1,서울역,7,"73,88,107,108,109,111,125"
751,18:11,2,2,수서,4,"37,39,98,129"
751,18:11,3,3,삼성,1,6
751,18:11,4,4,여의도,9,"28,40,48,67,68,74,80,87,121"
751,18:11,6,6,일산,1,4
751,18:11,7,7,판교,3,"38,45,75"
751,18:11,8,8,동탄/용인,1,100
751,18:11,9,9,평택,1,5
752,18:12,1,1,서울역,7,"88,90,107,108,109,111,125"
752,18:12,2,2,수서,4,"39,98,129,130"
752,18:12,3,3,삼성,2,"6,35"
752,18:12,4,4,여의도,10,"28,40,48,67,68,74,77,80,87,121"
752,18:12,6,6,일산,2,"4,32"
752,18:12,7,7,판교,1,38
752,18:12,8,8,동탄/용인,2,"16,51"
752,18:12,9,9,평택,1,5
753,18:13,1,1,서울역,6,"88,90,94,109,111,125"
753,18:13,10,10,인천공항,1,46
753,18:13,2,2,수서,6,"39,83,105,129,130,131"
753,18:13,3,3,삼성,4,"6,30,33,35"
753,18:13,4,4,여의도,8,"28,48,74,77,80,87,96,121"
753,18:13,6,6,일산,1,32
753,18:13,7,7,판교,2,"38,78"
753,18:13,8,8,동탄/용인,2,"16,51"
753,18:13,9,9,평택,1,5
754,18:14,1,1,서울역,4,"90,94,109,111"
754,18:14,10,10,인천공항,3,"41,46,82"
754,18:14,2,2,수서,9,"26,39,83,99,105,119,120,130,131"
754,18:14,3,3,삼성,3,"30,33,35"
754,18:14,4,4,여의도,5,"23,28,77,96,121"
754,18:14,6,6,일산,2,"4,32"
754,18:14,7,7,판교,2,"38,78"
754,18:14,8,8,동탄/용인,2,"16,51"
754,18:14,9,9,평택,1,3
755,18:15,1,1,서울역,8,"60,86,94,97,104,109,111,112"
755,18:15,10,10,인천공항,4,"41,46,50,82"
755,18:15,2,2,수서,8,"26,83,99,101,105,119,120,131"
755,18:15,3,3,삼성,3,"30,33,35"
755,18:15,4,4,여의도,4,"23,28,77,96"
755,18:15,6,6,일산,1,4
755,18:15,7,7,판교,3,"38,78,91"
755,18:15,8,8,동탄/용인,1,16
755,18:15,9,9,평택,1,3
756,18:16,1,1,서울역,9,"24,60,86,92,97,104,111,112,113"
756,18:16,10,10,인천공항,4,"41,46,50,82"
756,18:16,2,2,수서,6,"26,99,101,119,120,132"
756,18:16,3,3,삼성,3,"33,35,59"
756,18:16,4,4,여의도,5,"23,28,72,77,96"
756,18:16,6,6,일산,1,4
756,18:16,7,7,판교,2,"38,91"
756,18:16,8,8,동탄/용인,2,"16,31"
756,18:16,9,9,평택,1,3
757,18:17,1,1,서울역,9,"24,60,84,86,92,97,104,112,113"
757,18:17,10,10,인천공항,3,"11,46,50"
757,18:17,2,2,수서,4,"99,101,122,132"
757,18:17,3,3,삼성,4,"8,33,35,59"
757,18:17,4,4,여의도,3,"72,77,96"
757,18:17,7,7,판교,1,91
757,18:17,8,8,동탄/용인,3,"16,31,36"
758,18:18,1,1,서울역,6,"24,84,92,97,112,113"
758,18:18,10,10,인천공항,4,"11,46,50,55"
758,18:18,2,2,수서,3,"99,122,132"
758,18:18,3,3,삼성,3,"8,33,59"
758,18:18,4,4,여의도,3,"23,72,96"
758,18:18,5,5,김포공항,1,47
758,18:18,6,6,일산,1,126
758,18:18,7,7,판교,2,"38,91"
758,18:18,8,8,동탄/용인,2,"31,36"
758,18:18,9,9,평택,1,0
759,18:19,1,1,서울역,4,"84,97,112,113"
759,18:19,10,10,인천공항,3,"11,50,55"
759,18:19,2,2,수서,4,"99,122,123,132"
759,18:19,3,3,삼성,1,8
759,18:19,4,4,여의도,1,23
759,18:19,5,5,김포공항,2,"18,47"
759,18:19,6,6,일산,1,126
759,18:19,7,7,판교,2,"38,91"
759,18:19,8,8,동탄/용인,4,"19,27,36,44"
759,18:19,9,9,평택,2,"0,61"
760,18:20,1,1,서울역,5,"69,97,104,112,113"
760,18:20,10,10,인천공항,2,"50,55"
760,18:20,2,2,수서,4,"119,123,124,132"
760,18:20,3,3,삼성,1,73
760,18:20,4,4,여의도,1,23
760,18:20,5,5,김포공항,5,"17,18,47,49,118"
760,18:20,6,6,일산,2,"62,126"
760,18:20,7,7,판교,2,"38,91"
760,18:20,8,8,동탄/용인,4,"19,27,36,44"
760,18:20,9,9,평택,3,"0,15,61"
761,18:21,1,1,서울역,3,"69,104,113"
761,18:21,10,10,인천공항,1,10
761,18:21,2,2,수서,4,"119,123,124,132"
761,18:21,3,3,삼성,3,"73,107,108"
761,18:21,5,5,김포공항,5,"17,18,47,49,118"
761,18:21,6,6,일산,3,"12,62,63"
761,18:21,8,8,동탄/용인,4,"19,27,36,44"
761,18:21,9,9,평택,3,"0,15,61"
762,18:22,1,1,서울역,4,"60,69,98,104"
762,18:22,10,10,인천공항,1,10
762,18:22,2,2,수서,2,"119,124"
762,18:22,3,3,삼성,3,"73,107,108"
762,18:22,4,4,여의도,2,"72,129"
762,18:22,5,5,김포공항,4,"17,47,49,118"
762,18:22,6,6,일산,4,"12,32,62,63"
762,18:22,7,7,판교,3,"7,68,128"
762,18:22,8,8,동탄/용인,1,36
762,18:22,9,9,평택,2,"0,15"
763,18:23,1,1,서울역,2,"60,98"
763,18:23,10,10,인천공항,1,10
763,18:23,2,2,수서,3,"121,124,125"
763,18:23,3,3,삼성,2,"107,108"
763,18:23,4,4,여의도,6,"9,21,72,74,129,130"
763,18:23,5,5,김포공항,1,47
763,18:23,6,6,일산,3,"12,32,63"
763,18:23,7,7,판교,5,"7,68,87,88,128"
763,18:23,8,8,동탄/용인,1,70
763,18:23,9,9,평택,3,"0,2,15"
764,18:24,1,1,서울역,2,"60,98"
764,18:24,2,2,수서,4,"67,121,124,125"
764,18:24,3,3,삼성,1,109
764,18:24,4,4,여의도,9,"9,21,25,34,72,74,129,130,131"
764,18:24,6,6,일산,1,32
764,18:24,7,7,판교,6,"7,68,87,88,90,128"
764,18:24,8,8,동탄/용인,1,70
764,18:24,9,9,평택,2,"2,15"
765,18:25,1,1,서울역,1,105
765,18:25,10,10,인천공항,1,13
765,18:25,2,2,수서,5,"67,94,121,124,125"
765,18:25,3,3,삼성,2,"109,111"
765,18:25,4,4,여의도,10,"9,21,25,34,48,74,100,129,130,131"
765,18:25,5,5,김포공항,1,39
765,18:25,6,6,일산,1,85
765,18:25,7,7,판교,4,"7,87,88,90"
765,18:25,8,8,동탄/용인,1,70
765,18:25,9,9,평택,2,"2,15"
766,18:26,1,1,서울역,1,105
766,18:26,10,10,인천공항,2,"1,13"
766,18:26,2,2,수서,4,"67,94,121,125"
766,18:26,3,3,삼성,2,"109,111"
766,18:26,4,4,여의도,8,"9,21,25,34,48,100,129,131"
766,18:26,5,5,김포공항,2,"39,83"
766,18:26,6,6,일산,3,"6,75,85"
766,18:26,7,7,판교,5,"7,68,88,89,90"
766,18:26,8,8,동탄/용인,1,40
767,18:27,1,1,서울역,1,105
767,18:27,10,10,인천공항,2,"1,13"
767,18:27,2,2,수서,5,"37,94,96,121,125"
767,18:27,3,3,삼성,2,"109,111"
767,18:27,4,4,여의도,6,"9,21,34,48,100,129"
767,18:27,5,5,김포공항,2,"39,83"
767,18:27,6,6,일산,3,"6,75,85"
767,18:27,7,7,판교,4,"7,68,88,89"
767,18:27,8,8,동탄/용인,3,"19,40,70"
768,18:28,1,1,서울역,2,"33,59"
768,18:28,10,10,인천공항,2,"1,13"
768,18:28,2,2,수서,7,"37,94,96,120,121,125,127"
768,18:28,3,3,삼성,3,"30,109,111"
768,18:28,4,4,여의도,4,"9,21,29,34"
768,18:28,5,5,김포공항,2,"83,101"
768,18:28,6,6,일산,2,"6,75"
768,18:28,7,7,판교,5,"24,68,88,89,92"
768,18:28,8,8,동탄/용인,3,"19,40,70"
769,18:29,1,1,서울역,3,"33,51,59"
769,18:29,10,10,인천공항,2,"1,13"
769,18:29,2,2,수서,7,"37,94,96,110,120,121,127"
769,18:29,3,3,삼성,4,"30,109,111,112"
769,18:29,4,4,여의도,4,"29,34,77,95"
769,18:29,5,5,김포공항,1,101
769,18:29,6,6,일산,1,75
769,18:29,7,7,판교,3,"24,87,92"
769,18:29,8,8,동탄/용인,4,"19,31,40,70"
770,18:30,1,1,서울역,6,"33,51,59,69,114,115"
770,18:30,10,10,인천공항,2,"1,13"
770,18:30,2,2,수서,7,"94,96,110,120,121,127,133"
770,18:30,3,3,삼성,5,"30,111,112,113,116"
770,18:30,4,4,여의도,7,"29,77,80,91,95,126,132"
770,18:30,5,5,김포공항,3,"99,101,122"
770,18:30,6,6,일산,2,"26,75"
770,18:30,7,7,판교,4,"24,87,92,97"
770,18:30,8,8,동탄/용인,3,"28,31,40"
771,18:31,1,1,서울역,6,"51,57,69,73,114,115"
771,18:31,10,10,인천공항,1,1
771,18:31,2,2,수서,6,"96,110,120,121,133,134"
771,18:31,3,3,삼성,4,"104,112,113,116"
771,18:31,4,4,여의도,6,"77,80,91,95,126,132"
771,18:31,5,5,김포공항,2,"99,122"
771,18:31,6,6,일산,2,"26,75"
771,18:31,7,7,판교,4,"24,78,87,97"
771,18:31,8,8,동탄/용인,4,"28,31,40,70"
772,18:32,1,1,서울역,8,"51,57,69,73,102,107,114,115"
772,18:32,10,10,인천공항,1,1
772,18:32,2,2,수서,4,"96,120,133,134"
772,18:32,3,3,삼성,5,"93,104,112,113,116"
772,18:32,4,4,여의도,4,"80,91,126,132"
772,18:32,5,5,김포공항,2,"99,122"
772,18:32,6,6,일산,3,"6,8,26"
772,18:32,7,7,판교,3,"24,78,97"
772,18:32,8,8,동탄/용인,3,"28,70,86"
772,18:32,9,9,평택,1,2
773,18:33,1,1,서울역,8,"49,51,57,73,84,102,103,107"
773,18:33,10,10,인천공항,1,1
773,18:33,2,2,수서,2,"120,134"
773,18:33,3,3,삼성,5,"93,104,112,113,118"
773,18:33,4,4,여의도,1,132
773,18:33,5,5,김포공항,2,"99,119"
773,18:33,6,6,일산,2,"6,8"
773,18:33,7,7,판교,2,"24,78"
773,18:33,8,8,동탄/용인,2,"70,86"
773,18:33,9,9,평택,1,2
774,18:34,1,1,서울역,9,"47,49,51,57,84,102,103,106,107"
774,18:34,10,10,인천공항,1,1
774,18:34,2,2,수서,4,"17,74,117,134"
774,18:34,3,3,삼성,5,"93,112,113,118,128"
774,18:34,4,4,여의도,5,"14,91,105,124,132"
774,18:34,5,5,김포공항,2,"99,119"
774,18:34,6,6,일산,2,"6,8"
774,18:34,7,7,판교,1,72
774,18:34,8,8,동탄/용인,2,"23,86"
774,18:34,9,9,평택,1,2
775,18:35,1,1,서울역,7,"47,49,57,64,84,103,106"
775,18:35,2,2,수서,5,"17,74,108,117,134"
775,18:35,3,3,삼성,4,"93,113,118,128"
775,18:35,4,4,여의도,6,"14,22,91,105,124,132"
775,18:35,5,5,김포공항,2,"99,119"
775,18:35,6,6,일산,2,"8,38"
775,18:35,7,7,판교,1,72
775,18:35,8,8,동탄/용인,1,23
776,18:36,1,1,서울역,4,"47,57,64,106"
776,18:36,2,2,수서,5,"17,74,108,117,134"
776,18:36,3,3,삼성,2,"93,128"
776,18:36,4,4,여의도,9,"14,20,22,29,39,41,91,105,124"
776,18:36,6,6,일산,3,"5,8,38"
776,18:36,7,7,판교,1,72
776,18:36,8,8,동탄/용인,1,23
776,18:36,9,9,평택,1,2
777,18:37,1,1,서울역,3,"36,62,64"
777,18:37,2,2,수서,3,"17,108,109"
777,18:37,3,3,삼성,3,"53,54,93"
777,18:37,4,4,여의도,9,"20,22,29,39,41,42,91,124,125"
777,18:37,5,5,김포공항,1,123
777,18:37,6,6,일산,4,"5,8,16,38"
777,18:37,7,7,판교,1,129
777,18:37,9,9,평택,1,2
778,18:38,1,1,서울역,6,"36,62,63,88,89,98"
778,18:38,2,2,수서,3,"17,74,109"
778,18:38,3,3,삼성,3,"53,54,68"
778,18:38,4,4,여의도,10,"10,20,29,39,41,42,43,91,124,125"
778,18:38,5,5,김포공항,1,123
778,18:38,6,6,일산,2,"5,16"
778,18:38,7,7,판교,1,129
778,18:38,9,9,평택,1,2
779,18:39,1,1,서울역,7,"36,62,63,83,88,89,98"
779,18:39,2,2,수서,5,"17,74,92,109,111"
779,18:39,3,3,삼성,5,"33,53,54,61,68"
779,18:39,4,4,여의도,9,"10,29,42,43,46,91,124,125,127"
779,18:39,5,5,김포공항,1,123
779,18:39,6,6,일산,1,16
779,18:39,7,7,판교,2,"55,129"
779,18:39,8,8,동탄/용인,1,60
779,18:39,9,9,평택,1,4
780,18:40,1,1,서울역,6,"36,63,83,88,89,98"
780,18:40,2,2,수서,5,"59,74,77,92,111"
780,18:40,3,3,삼성,3,"33,61,68"
780,18:40,4,4,여의도,7,"10,29,43,46,100,121,127"
780,18:40,7,7,판교,2,"55,72"
780,18:40,8,8,동탄/용인,2,"25,60"
780,18:40,9,9,평택,1,4
781,18:41,1,1,서울역,3,"36,83,88"
781,18:41,2,2,수서,6,"59,67,77,80,92,111"
781,18:41,3,3,삼성,5,"33,61,95,114,115"
781,18:41,4,4,여의도,7,"29,46,87,100,121,127,133"
781,18:41,5,5,김포공항,1,94
781,18:41,6,6,일산,2,"27,44"
781,18:41,7,7,판교,2,"55,72"
781,18:41,8,8,동탄/용인,3,"25,48,60"
781,18:41,9,9,평택,1,4
782,18:42,1,1,서울역,2,"36,88"
782,18:42,2,2,수서,4,"59,67,77,80"
782,18:42,3,3,삼성,5,"33,95,114,115,126"
782,18:42,4,4,여의도,5,"87,100,121,124,133"
782,18:42,5,5,김포공항,1,94
782,18:42,6,6,일산,3,"7,27,44"
782,18:42,7,7,판교,1,72
782,18:42,8,8,동탄/용인,3,"21,25,48"
782,18:42,9,9,평택,1,4
783,18:43,1,1,서울역,1,88
783,18:43,2,2,수서,4,"67,73,77,80"
783,18:43,3,3,삼성,5,"33,95,114,115,126"
783,18:43,4,4,여의도,4,"87,124,125,133"
783,18:43,5,5,김포공항,2,"94,96"
783,18:43,6,6,일산,5,"7,27,30,37,44"
783,18:43,8,8,동탄/용인,2,"21,48"
783,18:43,9,9,평택,1,4
784,18:44,1,1,서울역,1,110
784,18:44,2,2,수서,4,"73,77,80,107"
784,18:44,3,3,삼성,2,"33,126"
784,18:44,4,4,여의도,3,"87,124,125"
784,18:44,5,5,김포공항,3,"18,96,120"
784,18:44,6,6,일산,3,"7,30,37"
784,18:44,7,7,판교,1,102
784,18:44,8,8,동탄/용인,2,"21,48"
784,18:44,9,9,평택,1,4
785,18:45,1,1,서울역,1,110
785,18:45,10,10,인천공항,1,35
785,18:45,2,2,수서,6,"73,77,80,104,107,112"
785,18:45,3,3,삼성,1,57
785,18:45,4,4,여의도,4,"20,87,121,125"
785,18:45,5,5,김포공항,3,"18,96,120"
785,18:45,6,6,일산,2,"30,37"
785,18:45,7,7,판교,3,"49,102,103"
785,18:45,8,8,동탄/용인,2,"48,116"
785,18:45,9,9,평택,2,"3,23"
786,18:46,1,1,서울역,2,"40,110"
786,18:46,10,10,인천공항,1,35
786,18:46,2,2,수서,6,"68,80,104,107,112,113"
786,18:46,3,3,삼성,2,"14,57"
786,18:46,4,4,여의도,5,"20,87,108,121,127"
786,18:46,5,5,김포공항,3,"18,78,120"
786,18:46,7,7,판교,8,"45,47,49,90,102,103,105,106"
786,18:46,8,8,동탄/용인,2,"48,116"
786,18:46,9,9,평택,3,"3,12,23"
787,18:47,1,1,서울역,2,"40,110"
787,18:47,10,10,인천공항,1,35
787,18:47,2,2,수서,6,"59,68,104,107,112,113"
787,18:47,3,3,삼성,3,"14,22,57"
787,18:47,4,4,여의도,5,"10,20,108,121,127"
787,18:47,5,5,김포공항,3,"78,120,134"
787,18:47,7,7,판교,7,"45,47,49,90,103,105,106"
787,18:47,8,8,동탄/용인,3,"25,69,116"
787,18:47,9,9,평택,4,"3,12,23,32"
788,18:48,1,1,서울역,4,"40,70,110,118"
788,18:48,2,2,수서,5,"59,68,91,107,113"
788,18:48,3,3,삼성,5,"14,22,41,57,62"
788,18:48,4,4,여의도,7,"10,11,20,108,109,123,127"
788,18:48,5,5,김포공항,5,"64,78,93,120,134"
788,18:48,7,7,판교,6,"39,45,47,90,105,106"
788,18:48,8,8,동탄/용인,2,"25,69"
788,18:48,9,9,평택,2,"12,32"
789,18:49,1,1,서울역,5,"70,97,110,117,118"
789,18:49,2,2,수서,6,"59,68,91,107,113,114"
789,18:49,3,3,삼성,7,"22,41,42,57,62,63,129"
789,18:49,4,4,여의도,11,"10,11,20,26,38,53,54,108,109,123,130"
789,18:49,5,5,김포공항,4,"64,93,120,134"
789,18:49,6,6,일산,1,19
789,18:49,7,7,판교,1,39
789,18:49,8,8,동탄/용인,2,"25,69"
789,18:49,9,9,평택,1,32
790,18:50,1,1,서울역,6,"70,97,99,101,117,118"
790,18:50,2,2,수서,5,"59,68,91,113,114"
790,18:50,3,3,삼성,7,"41,42,43,57,62,63,129"
790,18:50,4,4,여의도,12,"11,20,26,34,38,53,54,108,109,111,123,130"
790,18:50,5,5,김포공항,4,"17,64,93,134"
790,18:50,6,6,일산,2,"5,19"
790,18:50,7,7,판교,1,39
790,18:50,8,8,동탄/용인,2,"21,84"
791,18:51,1,1,서울역,8,"70,75,92,97,99,101,117,128"
791,18:51,2,2,수서,8,"59,68,91,95,100,113,114,115"
791,18:51,3,3,삼성,7,"42,43,46,55,57,63,129"
791,18:51,4,4,여의도,10,"26,34,38,53,54,61,108,109,111,130"
791,18:51,5,5,김포공항,4,"17,74,93,134"
791,18:51,6,6,일산,4,"5,16,19,31"
791,18:51,7,7,판교,2,"39,83"
791,18:51,8,8,동탄/용인,2,"21,84"
792,18:52,1,1,서울역,7,"70,75,92,99,101,117,128"
792,18:52,2,2,수서,5,"59,91,95,100,115"
792,18:52,3,3,삼성,5,"43,46,55,57,72"
792,18:52,4,4,여의도,6,"34,61,67,109,111,131"
792,18:52,5,5,김포공항,4,"17,74,93,134"
792,18:52,6,6,일산,3,"5,16,31"
792,18:52,7,7,판교,3,"36,39,83"
792,18:52,8,8,동탄/용인,2,"21,84"
792,18:52,9,9,평택,1,12
793,18:53,1,1,서울역,5,"70,75,92,117,128"
793,18:53,2,2,수서,4,"91,95,100,115"
793,18:53,3,3,삼성,4,"46,55,57,72"
793,18:53,4,4,여의도,7,"27,61,67,109,111,131,132"
793,18:53,5,5,김포공항,2,"74,93"
793,18:53,6,6,일산,3,"5,16,31"
793,18:53,7,7,판교,3,"36,39,83"
793,18:53,9,9,평택,1,12
794,18:54,1,1,서울역,3,"94,117,119"
794,18:54,2,2,수서,3,"14,91,100"
794,18:54,3,3,삼성,1,72
794,18:54,4,4,여의도,6,"27,67,111,131,132,133"
794,18:54,5,5,김포공항,1,17
794,18:54,6,6,일산,1,5
794,18:54,7,7,판교,3,"36,47,124"
794,18:54,9,9,평택,1,12
795,18:55,1,1,서울역,4,"77,94,119,126"
795,18:55,2,2,수서,5,"14,22,87,91,100"
795,18:55,4,4,여의도,6,"0,27,30,111,132,133"
795,18:55,5,5,김포공항,1,17
795,18:55,6,6,일산,1,5
795,18:55,7,7,판교,5,"36,47,83,124,125"
795,18:55,8,8,동탄/용인,2,"29,98"
795,18:55,9,9,평택,1,12
796,18:56,1,1,서울역,7,"37,40,77,94,96,119,126"
796,18:56,2,2,수서,6,"14,22,87,91,100,121"
796,18:56,4,4,여의도,6,"0,2,30,53,104,133"
796,18:56,5,5,김포공항,1,17
796,18:56,7,7,판교,5,"36,47,83,124,125"
796,18:56,8,8,동탄/용인,2,"29,98"
796,18:56,9,9,평택,1,12
797,18:57,1,1,서울역,8,"37,40,44,77,96,112,119,126"
797,18:57,2,2,수서,4,"18,22,87,121"
797,18:57,3,3,삼성,1,72
797,18:57,4,4,여의도,7,"0,2,30,53,54,103,104"
797,18:57,5,5,김포공항,1,80
797,18:57,6,6,일산,1,33
797,18:57,7,7,판교,4,"36,47,83,125"
797,18:57,8,8,동탄/용인,2,"29,98"
797,18:57,9,9,평택,3,"6,9,12"
798,18:58,1,1,서울역,6,"37,40,44,96,112,119"
798,18:58,2,2,수서,3,"18,87,121"
798,18:58,3,3,삼성,1,72
798,18:58,4,4,여의도,8,"2,53,54,90,103,104,105,106"
798,18:58,5,5,김포공항,1,80
798,18:58,6,6,일산,1,33
798,18:58,7,7,판교,2,"47,127"
798,18:58,8,8,동탄/용인,2,"29,88"
798,18:58,9,9,평택,2,"6,9"
799,18:59,1,1,서울역,5,"41,44,70,112,119"
799,18:59,2,2,수서,2,"18,87"
799,18:59,3,3,삼성,2,"48,72"
799,18:59,4,4,여의도,6,"2,54,90,103,105,106"
799,18:59,5,5,김포공항,1,80
799,18:59,6,6,일산,1,33
799,18:59,7,7,판교,3,"47,110,127"
799,18:59,8,8,동탄/용인,2,"29,88"
799,18:59,9,9,평택,2,"6,9"
800,19:00,1,1,서울역,3,"1,41,70"
800,19:00,2,2,수서,5,"18,87,108,118,121"
800,19:00,3,3,삼성,4,"11,48,97,123"
800,19:00,4,4,여의도,5,"2,61,90,105,106"
800,19:00,5,5,김포공항,1,107
800,19:00,6,6,일산,1,7
800,19:00,7,7,판교,2,"110,127"
800,19:00,8,8,동탄/용인,3,"28,29,88"
800,19:00,9,9,평택,1,51
801,19:01,1,1,서울역,5,"1,41,70,113,114"
801,19:01,2,2,수서,4,"18,108,118,121"
801,19:01,3,3,삼성,8,"11,26,38,48,97,99,101,123"
801,19:01,4,4,여의도,3,"2,61,67"
801,19:01,5,5,김포공항,1,107
801,19:01,6,6,일산,2,"7,24"
801,19:01,7,7,판교,2,"110,130"
801,19:01,8,8,동탄/용인,2,"28,29"
801,19:01,9,9,평택,1,51
802,19:02,1,1,서울역,4,"1,92,113,114"
802,19:02,2,2,수서,5,"18,108,109,118,121"
802,19:02,3,3,삼성,7,"11,26,38,97,99,101,123"
802,19:02,4,4,여의도,4,"2,61,67,95"
802,19:02,5,5,김포공항,3,"68,107,129"
802,19:02,6,6,일산,2,"7,24"
802,19:02,7,7,판교,1,130
802,19:02,8,8,동탄/용인,2,"28,29"
802,19:02,9,9,평택,1,51
803,19:03,1,1,서울역,4,"77,92,113,114"
803,19:03,2,2,수서,3,"109,128,131"
803,19:03,3,3,삼성,5,"26,38,97,99,101"
803,19:03,4,4,여의도,4,"2,57,67,95"
803,19:03,5,5,김포공항,2,"68,129"
803,19:03,6,6,일산,2,"24,45"
803,19:03,7,7,판교,1,130
803,19:03,8,8,동탄/용인,1,29
803,19:03,9,9,평택,1,8
804,19:04,1,1,서울역,4,"25,77,92,113"
804,19:04,2,2,수서,5,"109,111,128,131,132"
804,19:04,3,3,삼성,2,"97,99"
804,19:04,4,4,여의도,3,"2,57,95"
804,19:04,5,5,김포공항,3,"68,75,129"
804,19:04,6,6,일산,1,45
804,19:04,7,7,판교,1,117
804,19:04,8,8,동탄/용인,1,20
804,19:04,9,9,평택,1,8
805,19:05,1,1,서울역,4,"25,77,112,113"
805,19:05,2,2,수서,6,"42,111,128,131,132,133"
805,19:05,3,3,삼성,3,"27,97,99"
805,19:05,4,4,여의도,5,"0,3,57,90,95"
805,19:05,5,5,김포공항,2,"68,75"
805,19:05,6,6,일산,1,45
805,19:05,7,7,판교,1,117
805,19:05,8,8,동탄/용인,1,20
805,19:05,9,9,평택,2,"4,8"
806,19:06,1,1,서울역,4,"25,112,113,115"
806,19:06,2,2,수서,8,"42,73,94,111,128,131,132,133"
806,19:06,3,3,삼성,2,"27,99"
806,19:06,4,4,여의도,6,"0,3,22,57,90,95"
806,19:06,5,5,김포공항,2,"68,75"
806,19:06,6,6,일산,1,59
806,19:06,7,7,판교,2,"49,117"
806,19:06,8,8,동탄/용인,2,"20,34"
806,19:06,9,9,평택,1,4
807,19:07,1,1,서울역,3,"112,113,115"
807,19:07,10,10,인천공항,1,13
807,19:07,2,2,수서,7,"42,73,94,128,131,132,133"
807,19:07,3,3,삼성,3,"27,30,96"
807,19:07,4,4,여의도,7,"0,3,22,57,83,90,95"
807,19:07,5,5,김포공항,4,"14,68,91,100"
807,19:07,6,6,일산,1,59
807,19:07,7,7,판교,3,"49,102,126"
807,19:07,8,8,동탄/용인,2,"20,34"
807,19:07,9,9,평택,2,"4,10"
808,19:08,1,1,서울역,5,"46,62,113,114,115"
808,19:08,10,10,인천공항,1,13
808,19:08,2,2,수서,6,"73,94,128,131,132,133"
808,19:08,3,3,삼성,3,"30,96,119"
808,19:08,4,4,여의도,4,"22,57,80,83"
808,19:08,5,5,김포공항,3,"14,91,100"
808,19:08,6,6,일산,2,"39,59"
808,19:08,7,7,판교,3,"49,102,126"
808,19:08,8,8,동탄/용인,2,"20,34"
808,19:08,9,9,평택,2,"6,10"
809,19:09,1,1,서울역,5,"46,62,85,113,114"
809,19:09,10,10,인천공항,1,13
809,19:09,2,2,수서,6,"26,38,73,94,132,133"
809,19:09,3,3,삼성,5,"30,96,103,119,124"
809,19:09,4,4,여의도,4,"22,72,80,83"
809,19:09,5,5,김포공항,4,"14,37,91,100"
809,19:09,6,6,일산,2,"39,59"
809,19:09,7,7,판교,2,"102,126"
809,19:09,8,8,동탄/용인,1,20
809,19:09,9,9,평택,2,"6,10"
810,19:10,1,1,서울역,5,"46,62,63,85,114"
810,19:10,2,2,수서,6,"26,38,73,94,132,133"
810,19:10,3,3,삼성,6,"103,105,106,119,124,134"
810,19:10,4,4,여의도,3,"22,72,80"
810,19:10,5,5,김포공항,2,"37,44"
810,19:10,6,6,일산,2,"39,59"
810,19:10,9,9,평택,2,"6,8"
811,19:11,1,1,서울역,3,"63,85,123"
811,19:11,2,2,수서,6,"26,38,73,94,132,133"
811,19:11,3,3,삼성,8,"11,103,105,106,119,124,127,134"
811,19:11,4,4,여의도,3,"22,72,104"
811,19:11,5,5,김포공항,3,"37,44,78"
811,19:11,6,6,일산,2,"19,59"
811,19:11,7,7,판교,1,41
811,19:11,9,9,평택,1,8
812,19:12,1,1,서울역,3,"63,64,123"
812,19:12,2,2,수서,4,"38,108,132,133"
812,19:12,3,3,삼성,6,"11,105,106,119,127,134"
812,19:12,4,4,여의도,3,"31,93,104"
812,19:12,5,5,김포공항,2,"44,78"
812,19:12,6,6,일산,2,"19,36"
812,19:12,7,7,판교,2,"41,61"
812,19:12,8,8,동탄/용인,1,53
812,19:12,9,9,평택,1,8
813,19:13,1,1,서울역,3,"25,64,123"
813,19:13,2,2,수서,4,"27,38,108,133"
813,19:13,3,3,삼성,3,"11,119,127"
813,19:13,4,4,여의도,4,"31,93,104,107"
813,19:13,5,5,김포공항,2,"78,121"
813,19:13,6,6,일산,2,"19,36"
813,19:13,7,7,판교,3,"41,61,67"
813,19:13,8,8,동탄/용인,4,"17,40,53,54"
814,19:14,1,1,서울역,4,"24,25,64,115"
814,19:14,2,2,수서,5,"27,38,48,94,108"
814,19:14,3,3,삼성,1,125
814,19:14,4,4,여의도,3,"31,93,107"
814,19:14,5,5,김포공항,2,"87,121"
814,19:14,6,6,일산,2,"36,47"
814,19:14,7,7,판교,3,"61,67,92"
814,19:14,8,8,동탄/용인,4,"17,40,53,54"
815,19:15,1,1,서울역,4,"24,25,69,115"
815,19:15,2,2,수서,5,"27,30,48,94,109"
815,19:15,3,3,삼성,1,125
815,19:15,4,4,여의도,4,"12,97,107,120"
815,19:15,5,5,김포공항,2,"87,121"
815,19:15,6,6,일산,1,47
815,19:15,7,7,판교,3,"61,67,92"
815,19:15,8,8,동탄/용인,3,"17,40,54"
815,19:15,9,9,평택,1,9
816,19:16,1,1,서울역,3,"24,69,115"
816,19:16,2,2,수서,4,"30,48,94,109"
816,19:16,3,3,삼성,2,"125,130"
816,19:16,4,4,여의도,5,"12,42,97,99,120"
816,19:16,5,5,김포공항,2,"14,87"
816,19:16,6,6,일산,2,"18,47"
816,19:16,7,7,판교,2,"61,92"
816,19:16,8,8,동탄/용인,1,70
816,19:16,9,9,평택,2,"9,16"
817,19:17,1,1,서울역,3,"1,28,69"
817,19:17,2,2,수서,3,"30,57,109"
817,19:17,3,3,삼성,1,130
817,19:17,4,4,여의도,5,"12,42,97,99,120"
817,19:17,5,5,김포공항,1,14
817,19:17,6,6,일산,3,"18,47,95"
817,19:17,7,7,판교,3,"61,90,112"
817,19:17,8,8,동탄/용인,1,70
817,19:17,9,9,평택,2,"9,16"
818,19:18,1,1,서울역,4,"1,28,29,68"
818,19:18,2,2,수서,5,"30,55,57,96,109"
818,19:18,3,3,삼성,1,130
818,19:18,4,4,여의도,5,"12,42,72,91,99"
818,19:18,5,5,김포공항,1,14
818,19:18,6,6,일산,3,"18,47,95"
818,19:18,7,7,판교,2,"90,112"
818,19:18,8,8,동탄/용인,1,70
818,19:18,9,9,평택,2,"5,16"
819,19:19,1,1,서울역,6,"1,28,29,68,74,89"
819,19:19,2,2,수서,7,"30,55,57,60,96,109,113"
819,19:19,3,3,삼성,2,"46,62"
819,19:19,4,4,여의도,5,"12,42,72,91,99"
819,19:19,5,5,김포공항,2,"128,131"
819,19:19,6,6,일산,2,"47,95"
819,19:19,7,7,판교,2,"90,112"
819,19:19,9,9,평택,2,"5,10"
820,19:20,1,1,서울역,5,"28,29,68,74,89"
820,19:20,2,2,수서,7,"30,55,60,96,109,113,114"
820,19:20,3,3,삼성,2,"46,62"
820,19:20,4,4,여의도,7,"3,12,26,42,72,91,99"
820,19:20,5,5,김포공항,2,"128,131"
820,19:20,6,6,일산,1,80
820,19:20,8,8,동탄/용인,1,77
820,19:20,9,9,평택,3,"5,10,15"
821,19:21,1,1,서울역,3,"28,74,89"
821,19:21,2,2,수서,3,"60,113,114"
821,19:21,3,3,삼성,3,"46,62,63"
821,19:21,4,4,여의도,6,"3,12,26,42,83,99"
821,19:21,5,5,김포공항,2,"128,131"
821,19:21,6,6,일산,3,"18,21,80"
821,19:21,7,7,판교,1,22
821,19:21,8,8,동탄/용인,2,"34,77"
821,19:21,9,9,평택,3,"5,10,15"
822,19:22,1,1,서울역,1,28
822,19:22,2,2,수서,1,114
822,19:22,3,3,삼성,2,"63,123"
822,19:22,4,4,여의도,6,"3,12,26,83,97,134"
822,19:22,5,5,김포공항,2,"85,124"
822,19:22,6,6,일산,3,"18,21,80"
822,19:22,7,7,판교,1,22
822,19:22,8,8,동탄/용인,2,"34,77"
822,19:22,9,9,평택,2,"5,15"
823,19:23,2,2,수서,1,57
823,19:23,3,3,삼성,3,"63,64,123"
823,19:23,4,4,여의도,6,"12,38,83,97,127,134"
823,19:23,5,5,김포공항,3,"85,124,132"
823,19:23,6,6,일산,3,"18,21,49"
823,19:23,7,7,판교,2,"22,104"
823,19:23,8,8,동탄/용인,2,"17,34"
823,19:23,9,9,평택,1,5
824,19:24,2,2,수서,1,57
824,19:24,3,3,삼성,4,"31,64,78,123"
824,19:24,4,4,여의도,5,"27,38,97,127,134"
824,19:24,5,5,김포공항,4,"85,124,132,133"
824,19:24,6,6,일산,3,"49,93,102"
824,19:24,7,7,판교,1,104
824,19:24,8,8,동탄/용인,1,17
825,19:25,1,1,서울역,1,13
825,19:25,2,2,수서,7,"43,57,101,103,105,106,119"
825,19:25,3,3,삼성,3,"31,64,78"
825,19:25,4,4,여의도,5,"4,27,38,48,127"
825,19:25,5,5,김포공항,2,"132,133"
825,19:25,6,6,일산,5,"49,73,93,102,107"
825,19:25,7,7,판교,1,104
825,19:25,8,8,동탄/용인,1,17
825,19:25,9,9,평택,2,"0,7"
826,19:26,1,1,서울역,1,13
826,19:26,2,2,수서,7,"43,57,101,103,105,106,119"
826,19:26,3,3,삼성,2,"31,78"
826,19:26,4,4,여의도,5,"4,26,27,38,48"
826,19:26,5,5,김포공항,2,"132,133"
826,19:26,6,6,일산,5,"24,73,93,102,107"
826,19:26,7,7,판교,1,115
826,19:26,9,9,평택,2,"0,7"
827,19:27,1,1,서울역,1,13
827,19:27,2,2,수서,8,"43,46,57,101,103,105,106,119"
827,19:27,4,4,여의도,4,"4,26,38,48"
827,19:27,5,5,김포공항,3,"125,132,133"
827,19:27,6,6,일산,5,"24,69,73,107,120"
827,19:27,7,7,판교,1,115
827,19:27,8,8,동탄/용인,2,"40,61"
827,19:27,9,9,평택,2,"0,7"
828,19:28,2,2,수서,3,"46,57,117"
828,19:28,4,4,여의도,5,"4,6,26,38,130"
828,19:28,5,5,김포공항,3,"125,132,133"
828,19:28,6,6,일산,5,"24,69,73,108,120"
828,19:28,7,7,판교,1,115
828,19:28,8,8,동탄/용인,2,"40,61"
828,19:28,9,9,평택,1,0
829,19:29,1,1,서울역,1,126
829,19:29,2,2,수서,4,"46,63,72,117"
829,19:29,3,3,삼성,1,68
829,19:29,4,4,여의도,8,"4,6,33,36,39,55,110,130"
829,19:29,5,5,김포공항,2,"125,133"
829,19:29,6,6,일산,4,"69,73,108,120"
829,19:29,7,7,판교,2,"22,92"
829,19:29,8,8,동탄/용인,3,"20,40,61"
829,19:29,9,9,평택,1,0
830,19:30,1,1,서울역,5,"87,96,121,122,126"
830,19:30,2,2,수서,5,"46,62,63,72,117"
830,19:30,3,3,삼성,3,"68,75,91"
830,19:30,4,4,여의도,10,"4,6,27,33,36,39,55,110,112,130"
830,19:30,5,5,김포공항,1,44
830,19:30,6,6,일산,4,"21,73,94,108"
830,19:30,7,7,판교,3,"22,41,92"
830,19:30,8,8,동탄/용인,3,"2,20,25"
830,19:30,9,9,평택,1,0
831,19:31,1,1,서울역,5,"87,96,121,122,126"
831,19:31,10,10,인천공항,1,11
831,19:31,2,2,수서,6,"46,62,63,64,72,74"
831,19:31,3,3,삼성,4,"68,75,91,99"
831,19:31,4,4,여의도,7,"27,33,36,39,55,110,112"
831,19:31,5,5,김포공항,2,"30,44"
831,19:31,6,6,일산,3,"21,42,94"
831,19:31,7,7,판교,4,"22,41,92,116"
831,19:31,8,8,동탄/용인,3,"2,20,25"
831,19:31,9,9,평택,1,5
832,19:32,1,1,서울역,6,"87,96,121,122,127,128"
832,19:32,10,10,인천공항,1,11
832,19:32,2,2,수서,9,"12,14,28,46,62,64,72,74,78"
832,19:32,3,3,삼성,4,"53,75,91,99"
832,19:32,4,4,여의도,3,"27,45,112"
832,19:32,5,5,김포공항,2,"30,44"
832,19:32,6,6,일산,5,"3,21,24,42,94"
832,19:32,7,7,판교,2,"41,116"
832,19:32,8,8,동탄/용인,3,"2,20,25"
832,19:32,9,9,평택,1,5
833,19:33,1,1,서울역,2,"127,128"
833,19:33,10,10,인천공항,1,11
833,19:33,2,2,수서,9,"12,14,28,62,64,72,74,78,111"
833,19:33,3,3,삼성,2,"53,99"
833,19:33,4,4,여의도,6,"38,45,47,54,70,84"
833,19:33,5,5,김포공항,1,30
833,19:33,6,6,일산,5,"3,24,42,83,94"
833,19:33,7,7,판교,1,116
833,19:33,8,8,동탄/용인,3,"2,20,25"
833,19:33,9,9,평택,1,5
834,19:34,1,1,서울역,4,"13,127,128,129"
834,19:34,2,2,수서,9,"12,14,28,62,72,74,78,111,123"
834,19:34,3,3,삼성,1,53
834,19:34,4,4,여의도,8,"38,45,47,48,54,55,70,84"
834,19:34,5,5,김포공항,1,30
834,19:34,6,6,일산,6,"3,24,83,94,97,109"
834,19:34,8,8,동탄/용인,4,"2,20,25,60"
835,19:35,1,1,서울역,5,"13,52,56,124,129"
835,19:35,2,2,수서,7,"12,14,62,74,111,113,123"
835,19:35,4,4,여의도,9,"9,38,47,48,49,54,55,70,84"
835,19:35,5,5,김포공항,1,30
835,19:35,6,6,일산,4,"83,94,97,109"
835,19:35,8,8,동탄/용인,3,"2,25,60"
836,19:36,1,1,서울역,8,"13,29,52,56,124,129,131,134"
836,19:36,2,2,수서,6,"12,14,74,111,113,123"
836,19:36,3,3,삼성,1,34
836,19:36,4,4,여의도,10,"9,48,49,55,59,77,103,105,106,119"
836,19:36,5,5,김포공항,1,30
836,19:36,6,6,일산,2,"97,109"
836,19:36,8,8,동탄/용인,2,"60,89"
836,19:36,9,9,평택,1,19
837,19:37,1,1,서울역,10,"29,43,52,56,58,85,124,130,131,134"
837,19:37,2,2,수서,5,"12,14,26,111,113"
837,19:37,3,3,삼성,2,"34,95"
837,19:37,4,4,여의도,9,"9,49,59,77,103,105,106,107,119"
837,19:37,6,6,일산,1,109
837,19:37,8,8,동탄/용인,1,89
837,19:37,9,9,평택,1,19
838,19:38,1,1,서울역,8,"29,43,58,65,85,130,131,134"
838,19:38,2,2,수서,6,"26,68,91,111,113,114"
838,19:38,3,3,삼성,2,"34,95"
838,19:38,4,4,여의도,7,"59,77,103,105,106,107,119"
838,19:38,5,5,김포공항,1,101
838,19:38,6,6,일산,1,109
838,19:38,8,8,동탄/용인,1,89
838,19:38,9,9,평택,2,"1,19"
839,19:39,1,1,서울역,6,"43,58,65,85,130,131"
839,19:39,2,2,수서,6,"26,68,91,99,113,114"
839,19:39,3,3,삼성,2,"95,102"
839,19:39,4,4,여의도,4,"10,69,107,120"
839,19:39,5,5,김포공항,1,101
839,19:39,6,6,일산,1,109
839,19:39,7,7,판교,1,67
839,19:39,9,9,평택,1,1
840,19:40,1,1,서울역,5,"17,65,96,117,131"
840,19:40,2,2,수서,6,"26,68,91,99,113,114"
840,19:40,3,3,삼성,1,102
840,19:40,4,4,여의도,7,"6,8,10,15,63,69,120"
840,19:40,5,5,김포공항,1,101
840,19:40,7,7,판교,2,"67,90"
840,19:40,9,9,평택,1,1
841,19:41,1,1,서울역,4,"17,96,117,131"
841,19:41,2,2,수서,3,"26,27,99"
841,19:41,3,3,삼성,4,"102,110,121,122"
841,19:41,4,4,여의도,7,"6,8,10,15,63,69,120"
841,19:41,5,5,김포공항,1,30
841,19:41,6,6,일산,3,"33,36,39"
841,19:41,7,7,판교,3,"67,90,126"
841,19:41,9,9,평택,1,1
842,19:42,1,1,서울역,3,"17,96,117"
842,19:42,2,2,수서,2,"26,27"
842,19:42,3,3,삼성,5,"40,110,112,121,122"
842,19:42,4,4,여의도,7,"6,8,9,10,15,63,64"
842,19:42,5,5,김포공항,1,30
842,19:42,6,6,일산,4,"33,36,39,57"
842,19:42,7,7,판교,3,"87,90,126"
842,19:42,9,9,평택,1,1
843,19:43,1,1,서울역,1,17
843,19:43,2,2,수서,2,"26,27"
843,19:43,3,3,삼성,7,"40,110,112,116,121,122,128"
843,19:43,4,4,여의도,4,"9,10,64,78"
843,19:43,5,5,김포공항,3,"30,46,75"
843,19:43,6,6,일산,4,"33,36,39,57"
843,19:43,7,7,판교,2,"87,126"
843,19:43,9,9,평택,2,"1,7"
844,19:44,1,1,서울역,1,17
844,19:44,2,2,수서,2,"26,38"
844,19:44,3,3,삼성,5,"40,110,112,116,128"
844,19:44,4,4,여의도,6,"9,10,15,53,64,78"
844,19:44,5,5,김포공항,3,"46,75,92"
844,19:44,6,6,일산,3,"3,45,57"
844,19:44,7,7,판교,2,"87,127"
844,19:44,8,8,동탄/용인,1,4
844,19:44,9,9,평택,1,7
845,19:45,1,1,서울역,1,17
845,19:45,2,2,수서,4,"26,27,38,48"
845,19:45,3,3,삼성,7,"54,70,84,110,116,128,129"
845,19:45,4,4,여의도,6,"9,15,53,64,78,123"
845,19:45,5,5,김포공항,4,"37,46,75,92"
845,19:45,6,6,일산,4,"3,45,47,57"
845,19:45,7,7,판교,2,"87,127"
845,19:45,8,8,동탄/용인,1,4
845,19:45,9,9,평택,1,7
846,19:46,1,1,서울역,2,"43,119"
846,19:46,2,2,수서,4,"27,38,44,48"
846,19:46,3,3,삼성,6,"54,70,84,110,124,129"
846,19:46,4,4,여의도,6,"9,15,53,64,78,123"
846,19:46,5,5,김포공항,4,"37,46,62,92"
846,19:46,6,6,일산,5,"3,22,45,47,57"
846,19:46,7,7,판교,3,"55,87,127"
846,19:46,8,8,동탄/용인,1,4
846,19:46,9,9,평택,1,18
847,19:47,1,1,서울역,2,"43,119"
847,19:47,2,2,수서,3,"27,44,48"
847,19:47,3,3,삼성,5,"54,70,84,124,129"
847,19:47,4,4,여의도,5,"9,53,64,78,123"
847,19:47,5,5,김포공항,3,"37,46,62"
847,19:47,6,6,일산,7,"22,41,47,49,52,56,57"
847,19:47,7,7,판교,2,"55,87"
847,19:47,9,9,평택,1,18
848,19:48,1,1,서울역,4,"34,43,117,119"
848,19:48,2,2,수서,2,"27,44"
848,19:48,3,3,삼성,2,"77,124"
848,19:48,4,4,여의도,3,"53,63,78"
848,19:48,5,5,김포공항,3,"12,46,62"
848,19:48,6,6,일산,7,"22,41,49,52,56,59,72"
848,19:48,7,7,판교,2,"55,134"
848,19:48,9,9,평택,2,"18,60"
849,19:49,1,1,서울역,5,"20,34,42,109,117"
849,19:49,2,2,수서,3,"27,28,121"
849,19:49,3,3,삼성,3,"77,107,115"
849,19:49,4,4,여의도,6,"53,63,73,80,83,91"
849,19:49,5,5,김포공항,2,"12,62"
849,19:49,6,6,일산,7,"41,49,52,56,58,59,72"
849,19:49,7,7,판교,3,"85,130,134"
849,19:49,9,9,평택,1,60
850,19:50,1,1,서울역,8,"2,20,34,42,100,109,117,125"
850,19:50,2,2,수서,6,"27,28,40,112,121,122"
850,19:50,3,3,삼성,4,"77,107,115,131"
850,19:50,4,4,여의도,6,"63,73,80,83,91,99"
850,19:50,5,5,김포공항,3,"12,62,95"
850,19:50,6,6,일산,5,"58,59,65,72,74"
850,19:50,7,7,판교,3,"85,130,134"
850,19:50,9,9,평택,1,60
851,19:51,1,1,서울역,8,"2,20,42,100,101,109,125,132"
851,19:51,2,2,수서,6,"28,40,112,116,121,122"
851,19:51,3,3,삼성,4,"107,115,120,131"
851,19:51,4,4,여의도,7,"5,73,80,83,91,93,99"
851,19:51,5,5,김포공항,3,"12,62,95"
851,19:51,6,6,일산,5,"14,58,65,69,74"
851,19:51,7,7,판교,2,"85,130"
852,19:52,1,1,서울역,7,"2,20,100,101,125,132,133"
852,19:52,2,2,수서,6,"28,40,48,112,116,122"
852,19:52,3,3,삼성,3,"31,120,131"
852,19:52,4,4,여의도,5,"5,91,93,94,99"
852,19:52,5,5,김포공항,3,"12,95,102"
852,19:52,6,6,일산,5,"14,65,69,74,111"
852,19:52,7,7,판교,2,"55,96"
853,19:53,1,1,서울역,7,"2,8,20,25,101,132,133"
853,19:53,2,2,수서,4,"28,48,116,118"
853,19:53,3,3,삼성,3,"31,120,131"
853,19:53,4,4,여의도,5,"5,91,93,94,97"
853,19:53,5,5,김포공항,2,"12,102"
853,19:53,6,6,일산,3,"14,69,111"
853,19:53,7,7,판교,2,"55,96"
853,19:53,8,8,동탄/용인,1,29
854,19:54,1,1,서울역,8,"2,8,20,25,61,123,132,133"
854,19:54,2,2,수서,4,"28,48,104,118"
854,19:54,3,3,삼성,2,"31,131"
854,19:54,4,4,여의도,4,"91,94,97,108"
854,19:54,5,5,김포공항,1,102
854,19:54,6,6,일산,3,"10,111,113"
854,19:54,7,7,판교,2,"55,96"
854,19:54,8,8,동탄/용인,1,29
855,19:55,1,1,서울역,7,"2,8,25,61,110,123,132"
855,19:55,2,2,수서,4,"15,104,118,128"
855,19:55,3,3,삼성,1,131
855,19:55,4,4,여의도,3,"97,99,108"
855,19:55,5,5,김포공항,1,68
855,19:55,6,6,일산,3,"10,111,113"
855,19:55,8,8,동탄/용인,2,"4,29"
855,19:55,9,9,평택,2,"13,16"
856,19:56,1,1,서울역,6,"25,54,61,110,123,132"
856,19:56,2,2,수서,5,"15,104,118,124,128"
856,19:56,4,4,여의도,5,"45,99,103,106,108"
856,19:56,5,5,김포공항,1,68
856,19:56,6,6,일산,4,"10,41,111,113"
856,19:56,8,8,동탄/용인,1,4
856,19:56,9,9,평택,2,"13,16"
857,19:57,1,1,서울역,5,"25,54,57,75,110"
857,19:57,2,2,수서,5,"15,118,124,128,129"
857,19:57,4,4,여의도,5,"45,47,99,103,106"
857,19:57,5,5,김포공항,1,68
857,19:57,6,6,일산,5,"41,90,111,113,114"
857,19:57,7,7,판교,2,"64,130"
857,19:57,8,8,동탄/용인,1,4
857,19:57,9,9,평택,2,"13,16"
858,19:58,1,1,서울역,4,"25,54,57,75"
858,19:58,2,2,수서,5,"53,118,119,124,129"
858,19:58,4,4,여의도,5,"45,47,103,105,106"
858,19:58,6,6,일산,4,"41,90,113,114"
858,19:58,7,7,판교,3,"64,78,130"
858,19:58,9,9,평택,2,"13,18"
859,19:59,1,1,서울역,4,"52,57,75,92"
859,19:59,2,2,수서,6,"53,63,119,120,124,129"
859,19:59,3,3,삼성,2,"34,127"
859,19:59,4,4,여의도,4,"0,47,49,105"
859,19:59,6,6,일산,5,"26,67,90,113,114"
859,19:59,7,7,판교,3,"64,78,130"
859,19:59,9,9,평택,3,"13,18,21"
860,20:00,1,1,서울역,4,"52,92,110,115"
860,20:00,2,2,수서,5,"53,63,119,120,124"
860,20:00,3,3,삼성,3,"34,42,127"
860,20:00,4,4,여의도,4,"0,49,105,121"
860,20:00,6,6,일산,3,"10,26,67"
860,20:00,7,7,판교,2,"78,117"
860,20:00,8,8,동탄/용인,2,"17,30"
860,20:00,9,9,평택,4,"6,13,18,21"
861,20:01,1,1,서울역,4,"52,92,110,115"
861,20:01,2,2,수서,4,"63,119,120,124"
861,20:01,3,3,삼성,6,"34,42,83,100,125,127"
861,20:01,4,4,여의도,6,"0,1,49,112,121,122"
861,20:01,5,5,김포공항,1,46
861,20:01,6,6,일산,5,"10,26,67,73,80"
861,20:01,7,7,판교,1,117
861,20:01,8,8,동탄/용인,3,"9,17,30"
861,20:01,9,9,평택,2,"6,21"
862,20:02,1,1,서울역,2,"110,115"
862,20:02,2,2,수서,2,"38,119"
862,20:02,3,3,삼성,6,"34,42,83,100,101,125"
862,20:02,4,4,여의도,6,"0,1,112,116,121,122"
862,20:02,5,5,김포공항,2,"46,109"
862,20:02,6,6,일산,6,"10,14,26,73,80,87"
862,20:02,7,7,판교,1,117
862,20:02,8,8,동탄/용인,3,"9,17,30"
862,20:02,9,9,평택,2,"6,19"
863,20:03,2,2,수서,3,"38,91,119"
863,20:03,3,3,삼성,7,"34,83,93,100,101,125,133"
863,20:03,4,4,여의도,6,"0,1,7,112,116,122"
863,20:03,5,5,김포공항,3,"40,46,109"
863,20:03,6,6,일산,6,"14,22,26,73,80,87"
863,20:03,8,8,동탄/용인,2,"9,43"
863,20:03,9,9,평택,3,"6,19,21"
864,20:04,1,1,서울역,1,20
864,20:04,10,10,인천공항,1,11
864,20:04,2,2,수서,2,"38,91"
864,20:04,3,3,삼성,5,"34,93,94,101,133"
864,20:04,4,4,여의도,4,"0,1,7,116"
864,20:04,5,5,김포공항,2,"40,109"
864,20:04,6,6,일산,5,"14,22,26,27,87"
864,20:04,8,8,동탄/용인,3,"9,37,43"
864,20:04,9,9,평택,3,"6,19,21"
865,20:05,1,1,서울역,1,20
865,20:05,10,10,인천공항,1,11
865,20:05,2,2,수서,4,"70,77,84,91"
865,20:05,3,3,삼성,6,"34,93,94,97,132,133"
865,20:05,4,4,여의도,2,"1,7"
865,20:05,5,5,김포공항,1,40
865,20:05,6,6,일산,4,"8,22,26,27"
865,20:05,8,8,동탄/용인,3,"9,37,43"
865,20:05,9,9,평택,3,"6,21,23"
866,20:06,1,1,서울역,2,"20,104"
866,20:06,10,10,인천공항,1,11
866,20:06,2,2,수서,5,"70,77,84,99,107"
866,20:06,3,3,삼성,5,"34,94,97,108,132"
866,20:06,4,4,여의도,3,"1,116,128"
866,20:06,5,5,김포공항,1,40
866,20:06,6,6,일산,4,"8,26,27,61"
866,20:06,7,7,판교,2,"12,123"
866,20:06,8,8,동탄/용인,2,"9,37"
866,20:06,9,9,평택,2,"23,32"
867,20:07,1,1,서울역,1,104
867,20:07,10,10,인천공항,1,11
867,20:07,2,2,수서,6,"70,77,84,99,103,107"
867,20:07,3,3,삼성,5,"34,54,97,108,132"
867,20:07,4,4,여의도,2,"116,128"
867,20:07,5,5,김포공항,1,40
867,20:07,6,6,일산,5,"8,26,27,31,61"
867,20:07,7,7,판교,2,"12,123"
867,20:07,9,9,평택,3,"23,24,32"
868,20:08,1,1,서울역,1,104
868,20:08,10,10,인천공항,1,11
868,20:08,2,2,수서,4,"25,99,103,107"
868,20:08,3,3,삼성,3,"54,108,132"
868,20:08,4,4,여의도,3,"116,128,129"
868,20:08,5,5,김포공항,1,40
868,20:08,6,6,일산,7,"8,27,28,31,45,48,61"
868,20:08,7,7,판교,3,"12,106,123"
868,20:08,9,9,평택,2,"24,32"
869,20:09,1,1,서울역,3,"56,58,60"
869,20:09,10,10,인천공항,1,11
869,20:09,2,2,수서,5,"25,75,100,103,105"
869,20:09,3,3,삼성,3,"54,83,132"
869,20:09,4,4,여의도,1,129
869,20:09,6,6,일산,8,"8,27,28,31,45,47,48,55"
869,20:09,7,7,판교,1,106
869,20:09,8,8,동탄/용인,1,130
869,20:09,9,9,평택,3,"3,24,51"
870,20:10,1,1,서울역,4,"56,58,59,60"
870,20:10,2,2,수서,7,"25,44,68,75,100,103,105"
870,20:10,3,3,삼성,2,"83,132"
870,20:10,4,4,여의도,1,129
870,20:10,5,5,김포공항,1,57
870,20:10,6,6,일산,6,"8,28,45,47,48,55"
870,20:10,7,7,판교,1,106
870,20:10,8,8,동탄/용인,1,130
870,20:10,9,9,평택,3,"3,24,51"
871,20:11,1,1,서울역,5,"56,58,59,60,65"
871,20:11,2,2,수서,10,"15,44,53,68,75,92,93,100,103,105"
871,20:11,3,3,삼성,3,"49,83,110"
871,20:11,4,4,여의도,1,5
871,20:11,5,5,김포공항,1,57
871,20:11,6,6,일산,4,"28,47,52,55"
871,20:11,8,8,동탄/용인,1,130
871,20:11,9,9,평택,3,"3,24,51"
872,20:12,1,1,서울역,4,"4,59,65,67"
872,20:12,2,2,수서,11,"15,44,53,68,92,93,94,101,103,105,115"
872,20:12,3,3,삼성,3,"49,110,125"
872,20:12,4,4,여의도,1,5
872,20:12,5,5,김포공항,4,"57,120,124,127"
872,20:12,6,6,일산,3,"28,52,118"
872,20:12,9,9,평택,1,24
873,20:13,1,1,서울역,4,"4,65,67,69"
873,20:13,2,2,수서,9,"15,53,92,93,94,97,101,105,115"
873,20:13,3,3,삼성,4,"49,54,110,125"
873,20:13,4,4,여의도,1,5
873,20:13,5,5,김포공항,4,"57,120,124,127"
873,20:13,6,6,일산,3,"28,52,118"
874,20:14,1,1,서울역,4,"4,67,69,104"
874,20:14,2,2,수서,7,"63,89,94,97,101,105,115"
874,20:14,3,3,삼성,2,"54,125"
874,20:14,5,5,김포공항,5,"57,119,120,124,127"
874,20:14,6,6,일산,1,118
874,20:14,7,7,판교,1,78
875,20:15,1,1,서울역,2,"69,104"
875,20:15,2,2,수서,5,"46,63,89,97,109"
875,20:15,3,3,삼성,1,54
875,20:15,4,4,여의도,1,16
875,20:15,5,5,김포공항,3,"57,119,124"
875,20:15,6,6,일산,1,118
875,20:15,7,7,판교,1,78
875,20:15,9,9,평택,1,3
876,20:16,1,1,서울역,2,"60,104"
876,20:16,2,2,수서,6,"25,46,63,88,89,109"
876,20:16,4,4,여의도,2,"7,16"
876,20:16,5,5,김포공항,2,"119,124"
876,20:16,6,6,일산,1,118
876,20:16,7,7,판교,2,"20,78"
876,20:16,8,8,동탄/용인,1,37
876,20:16,9,9,평택,1,3
877,20:17,1,1,서울역,2,"60,72"
877,20:17,2,2,수서,5,"25,46,88,109,132"
877,20:17,4,4,여의도,2,"7,16"
877,20:17,5,5,김포공항,1,124
877,20:17,6,6,일산,2,"27,118"
877,20:17,7,7,판교,2,"12,20"
877,20:17,8,8,동탄/용인,1,37
877,20:17,9,9,평택,2,"3,9"
878,20:18,1,1,서울역,2,"60,72"
878,20:18,2,2,수서,5,"25,46,88,132,133"
878,20:18,3,3,삼성,1,131
878,20:18,4,4,여의도,5,"7,13,16,18,121"
878,20:18,5,5,김포공항,4,"62,70,77,84"
878,20:18,6,6,일산,3,"27,28,38"
878,20:18,7,7,판교,2,"12,20"
878,20:18,8,8,동탄/용인,1,37
878,20:18,9,9,평택,2,"9,17"
879,20:19,1,1,서울역,2,"39,72"
879,20:19,2,2,수서,4,"40,46,132,133"
879,20:19,3,3,삼성,1,131
879,20:19,4,4,여의도,4,"13,16,18,121"
879,20:19,5,5,김포공항,5,"62,70,77,84,107"
879,20:19,6,6,일산,3,"27,28,38"
879,20:19,7,7,판교,1,12
879,20:19,9,9,평택,3,"9,17,29"
880,20:20,1,1,서울역,1,39
880,20:20,2,2,수서,4,"40,46,75,133"
880,20:20,3,3,삼성,2,"42,131"
880,20:20,4,4,여의도,4,"13,16,18,121"
880,20:20,5,5,김포공항,5,"62,70,77,84,107"
880,20:20,6,6,일산,2,"28,38"
880,20:20,8,8,동탄/용인,1,30
880,20:20,9,9,평택,2,"17,29"
881,20:21,1,1,서울역,1,39
881,20:21,2,2,수서,2,"40,75"
881,20:21,3,3,삼성,1,42
881,20:21,4,4,여의도,1,13
881,20:21,5,5,김포공항,1,107
881,20:21,6,6,일산,2,"56,58"
881,20:21,8,8,동탄/용인,2,"30,43"
881,20:21,9,9,평택,2,"29,41"
882,20:22,2,2,수서,3,"40,75,91"
882,20:22,3,3,삼성,1,42
882,20:22,4,4,여의도,2,"13,19"
882,20:22,5,5,김포공항,2,"83,100"
882,20:22,6,6,일산,3,"56,58,59"
882,20:22,8,8,동탄/용인,2,"30,43"
882,20:22,9,9,평택,1,41
883,20:23,10,10,인천공항,1,116
883,20:23,2,2,수서,2,"40,91"
883,20:23,3,3,삼성,2,"42,108"
883,20:23,4,4,여의도,3,"6,13,19"
883,20:23,5,5,김포공항,4,"68,83,100,103"
883,20:23,6,6,일산,4,"56,58,59,65"
883,20:23,7,7,판교,1,64
883,20:23,8,8,동탄/용인,1,43
883,20:23,9,9,평택,1,41
884,20:24,10,10,인천공항,1,116
884,20:24,2,2,수서,3,"40,91,92"
884,20:24,3,3,삼성,2,"42,108"
884,20:24,4,4,여의도,2,"6,19"
884,20:24,5,5,김포공항,5,"68,83,93,100,103"
884,20:24,6,6,일산,3,"59,65,67"
884,20:24,7,7,판교,1,64
885,20:25,10,10,인천공항,2,"34,116"
885,20:25,2,2,수서,2,"92,110"
885,20:25,3,3,삼성,2,"42,108"
885,20:25,4,4,여의도,2,"6,23"
885,20:25,5,5,김포공항,8,"68,93,94,101,103,105,115,125"
885,20:25,6,6,일산,3,"65,67,69"
885,20:25,7,7,판교,1,64
885,20:25,9,9,평택,2,"2,10"
886,20:26,10,10,인천공항,1,34
886,20:26,2,2,수서,3,"92,99,110"
886,20:26,4,4,여의도,3,"6,23,32"
886,20:26,5,5,김포공항,9,"54,68,93,94,97,101,105,115,125"
886,20:26,6,6,일산,4,"31,44,67,69"
886,20:26,8,8,동탄/용인,1,86
886,20:26,9,9,평택,2,"2,10"
887,20:27,10,10,인천공항,1,34
887,20:27,2,2,수서,2,"99,110"
887,20:27,3,3,삼성,2,"11,49"
887,20:27,4,4,여의도,3,"6,23,32"
887,20:27,5,5,김포공항,10,"54,68,89,94,97,101,104,105,115,125"
887,20:27,6,6,일산,4,"31,44,53,69"
887,20:27,8,8,동탄/용인,1,86
887,20:27,9,9,평택,3,"2,10,14"
888,20:28,10,10,인천공항,1,34
888,20:28,2,2,수서,7,"99,106,112,117,123,126,134"
888,20:28,3,3,삼성,2,"11,49"
888,20:28,4,4,여의도,3,"6,23,32"
888,20:28,5,5,김포공항,6,"54,68,89,97,104,109"
888,20:28,6,6,일산,4,"31,44,53,60"
888,20:28,8,8,동탄/용인,1,86
888,20:28,9,9,평택,4,"2,10,14,22"
889,20:29,10,10,인천공항,1,34
889,20:29,2,2,수서,7,"106,112,117,122,123,126,134"
889,20:29,3,3,삼성,2,"11,49"
889,20:29,4,4,여의도,2,"23,51"
889,20:29,5,5,김포공항,5,"78,88,89,104,109"
889,20:29,6,6,일산,3,"53,60,72"
889,20:29,9,9,평택,4,"2,10,14,22"
890,20:30,10,10,인천공항,1,34
890,20:30,2,2,수서,11,"57,102,106,112,117,122,123,126,128,129,134"
890,20:30,3,3,삼성,1,11
890,20:30,4,4,여의도,4,"18,23,32,51"
890,20:30,5,5,김포공항,4,"78,88,109,132"
890,20:30,6,6,일산,3,"60,63,72"
890,20:30,9,9,평택,5,"2,10,14,22,26"
891,20:31,2,2,수서,8,"57,62,70,77,102,122,128,129"
891,20:31,3,3,삼성,1,11
891,20:31,4,4,여의도,3,"18,32,51"
891,20:31,5,5,김포공항,6,"46,78,88,131,132,133"
891,20:31,6,6,일산,2,"63,72"
891,20:31,7,7,판교,1,85
891,20:31,9,9,평택,5,"0,5,14,22,26"
892,20:32,1,1,서울역,1,4
892,20:32,10,10,인천공항,1,15
892,20:32,2,2,수서,8,"57,62,70,77,84,102,128,129"
892,20:32,3,3,삼성,2,"11,107"
892,20:32,4,4,여의도,2,"18,32"
892,20:32,5,5,김포공항,5,"39,46,131,132,133"
892,20:32,6,6,일산,2,"33,63"
892,20:32,7,7,판교,1,85
892,20:32,9,9,평택,5,"0,5,14,22,26"
893,20:33,1,1,서울역,1,4
893,20:33,10,10,인천공항,1,15
893,20:33,2,2,수서,4,"62,70,77,84"
893,20:33,3,3,삼성,1,107
893,20:33,5,5,김포공항,4,"39,46,131,133"
893,20:33,6,6,일산,1,33
893,20:33,7,7,판교,1,85
893,20:33,9,9,평택,3,"0,5,22"
894,20:34,1,1,서울역,1,4
894,20:34,10,10,인천공항,1,15
894,20:34,2,2,수서,3,"62,84,95"
894,20:34,3,3,삼성,1,107
894,20:34,4,4,여의도,1,19
894,20:34,5,5,김포공항,1,39
894,20:34,6,6,일산,2,"12,33"
894,20:34,8,8,동탄/용인,1,98
894,20:34,9,9,평택,2,"0,5"
895,20:35,1,1,서울역,1,100
895,20:35,10,10,인천공항,1,121
895,20:35,2,2,수서,3,"62,83,95"
895,20:35,4,4,여의도,2,"3,19"
895,20:35,5,5,김포공항,1,40
895,20:35,6,6,일산,2,"12,36"
895,20:35,8,8,동탄/용인,1,98
895,20:35,9,9,평택,2,"0,5"
896,20:36,1,1,서울역,2,"100,103"
896,20:36,10,10,인천공항,1,121
896,20:36,2,2,수서,3,"62,83,95"
896,20:36,4,4,여의도,3,"3,19,21"
896,20:36,5,5,김포공항,2,"40,108"
896,20:36,6,6,일산,3,"12,36,75"
896,20:36,8,8,동탄/용인,1,98
896,20:36,9,9,평택,4,"0,1,5,7"
897,20:37,1,1,서울역,4,"30,37,100,103"
897,20:37,10,10,인천공항,2,"25,121"
897,20:37,2,2,수서,1,83
897,20:37,4,4,여의도,3,"3,9,21"
897,20:37,5,5,김포공항,2,"40,108"
897,20:37,6,6,일산,2,"36,75"
897,20:37,9,9,평택,2,"1,7"
898,20:38,1,1,서울역,5,"30,37,43,101,103"
898,20:38,10,10,인천공항,1,25
898,20:38,4,4,여의도,3,"9,17,21"
898,20:38,5,5,김포공항,2,"108,110"
898,20:38,6,6,일산,3,"12,75,91"
898,20:38,9,9,평택,3,"1,7,16"
899,20:39,1,1,서울역,4,"30,37,43,101"
899,20:39,10,10,인천공항,1,25
899,20:39,2,2,수서,3,"54,57,68"
899,20:39,4,4,여의도,3,"9,17,29"
899,20:39,5,5,김포공항,1,110
899,20:39,6,6,일산,2,"12,91"
899,20:39,9,9,평택,2,"1,16"
900,20:40,1,1,서울역,2,"43,101"
900,20:40,2,2,수서,3,"54,57,68"
900,20:40,4,4,여의도,2,"17,29"
900,20:40,5,5,김포공항,1,110
900,20:40,6,6,일산,5,"12,38,64,91,92"
900,20:40,9,9,평택,2,"1,16"
901,20:41,1,1,서울역,1,43
901,20:41,2,2,수서,3,"54,57,68"
901,20:41,4,4,여의도,1,29
901,20:41,5,5,김포공항,6,"106,112,117,123,126,134"
901,20:41,6,6,일산,4,"38,44,64,92"
901,20:41,9,9,평택,4,"1,8,13,16"
902,20:42,1,1,서울역,1,43
902,20:42,10,10,인천공항,1,25
902,20:42,2,2,수서,1,68
902,20:42,5,5,김포공항,7,"106,112,117,122,123,126,134"
902,20:42,6,6,일산,5,"38,44,64,92,99"
902,20:42,8,8,동탄/용인,1,130
902,20:42,9,9,평택,3,"8,13,16"
903,20:43,1,1,서울역,2,"43,86"
903,20:43,10,10,인천공항,2,"25,42"
903,20:43,2,2,수서,1,68
903,20:43,4,4,여의도,1,24
903,20:43,5,5,김포공항,10,"102,106,112,117,122,123,126,128,129,134"
903,20:43,6,6,일산,2,"44,99"
903,20:43,8,8,동탄/용인,1,130
903,20:43,9,9,평택,4,"8,13,16,28"
904,20:44,1,1,서울역,1,86
904,20:44,10,10,인천공항,3,"25,34,42"
904,20:44,2,2,수서,1,68
904,20:44,4,4,여의도,1,24
904,20:44,5,5,김포공항,6,"70,77,102,122,128,129"
904,20:44,6,6,일산,2,"4,99"
904,20:44,8,8,동탄/용인,1,130
904,20:44,9,9,평택,3,"8,13,28"
905,20:45,1,1,서울역,1,86
905,20:45,10,10,인천공항,3,"23,34,42"
905,20:45,4,4,여의도,1,24
905,20:45,5,5,김포공항,7,"70,77,84,102,107,128,129"
905,20:45,6,6,일산,1,4
905,20:45,9,9,평택,4,"8,13,26,28"
906,20:46,10,10,인천공항,3,"23,34,42"
906,20:46,3,3,삼성,1,11
906,20:46,5,5,김포공항,4,"70,77,84,107"
906,20:46,6,6,일산,1,4
906,20:46,9,9,평택,4,"8,13,26,28"
907,20:47,10,10,인천공항,4,"23,32,42,49"
907,20:47,3,3,삼성,1,11
907,20:47,4,4,여의도,1,3
907,20:47,5,5,김포공항,4,"62,84,95,107"
907,20:47,6,6,일산,2,"4,100"
907,20:47,9,9,평택,2,"26,28"
908,20:48,10,10,인천공항,3,"32,42,49"
908,20:48,2,2,수서,1,51
908,20:48,3,3,삼성,1,11
908,20:48,4,4,여의도,2,"3,10"
908,20:48,5,5,김포공항,3,"62,83,95"
908,20:48,6,6,일산,5,"4,45,85,100,103"
908,20:48,9,9,평택,2,"27,28"
909,20:49,10,10,인천공항,2,"32,49"
909,20:49,2,2,수서,1,51
909,20:49,4,4,여의도,3,"3,10,21"
909,20:49,5,5,김포공항,3,"62,83,95"
909,20:49,6,6,일산,5,"4,45,85,100,103"
909,20:49,8,8,동탄/용인,1,20
909,20:49,9,9,평택,1,27
910,20:50,2,2,수서,5,"51,78,88,89,93"
910,20:50,3,3,삼성,1,115
910,20:50,4,4,여의도,2,"10,21"
910,20:50,5,5,김포공항,1,83
910,20:50,6,6,일산,5,"45,47,85,101,103"
910,20:50,8,8,동탄/용인,1,20
910,20:50,9,9,평택,2,"18,27"
911,20:51,1,1,서울역,2,"37,98"
911,20:51,10,10,인천공항,1,15
911,20:51,2,2,수서,5,"78,88,89,93,94"
911,20:51,3,3,삼성,1,115
911,20:51,4,4,여의도,3,"21,22,29"
911,20:51,5,5,김포공항,1,39
911,20:51,6,6,일산,3,"47,48,101"
911,20:51,8,8,동탄/용인,1,20
911,20:51,9,9,평택,3,"18,27,31"
912,20:52,1,1,서울역,3,"37,98,120"
912,20:52,10,10,인천공항,1,15
912,20:52,2,2,수서,6,"78,88,89,93,94,97"
912,20:52,3,3,삼성,1,115
912,20:52,4,4,여의도,2,"22,29"
912,20:52,5,5,김포공항,2,"39,54"
912,20:52,6,6,일산,4,"47,48,52,101"
912,20:52,9,9,평택,3,"18,27,31"
913,20:53,1,1,서울역,3,"37,98,120"
913,20:53,10,10,인천공항,1,15
913,20:53,2,2,수서,3,"94,97,105"
913,20:53,4,4,여의도,2,"22,29"
913,20:53,5,5,김포공항,2,"39,54"
913,20:53,6,6,일산,3,"43,48,52"
913,20:53,9,9,평택,5,"7,18,27,31,41"
914,20:54,1,1,서울역,1,120
914,20:54,2,2,수서,3,"96,97,105"
914,20:54,3,3,삼성,2,"106,112"
914,20:54,4,4,여의도,1,5
914,20:54,5,5,김포공항,1,54
914,20:54,6,6,일산,2,"43,52"
914,20:54,9,9,평택,5,"7,18,19,31,41"
915,20:55,2,2,수서,2,"96,105"
915,20:55,3,3,삼성,2,"106,112"
915,20:55,4,4,여의도,2,"5,9"
915,20:55,5,5,김포공항,1,68
915,20:55,6,6,일산,2,"43,57"
915,20:55,9,9,평택,5,"7,18,19,31,41"
916,20:56,2,2,수서,2,"96,102"
916,20:56,3,3,삼성,2,"106,112"
916,20:56,4,4,여의도,2,"5,9"
916,20:56,5,5,김포공항,2,"40,68"
916,20:56,6,6,일산,1,57
916,20:56,9,9,평택,2,"19,31"
917,20:57,1,1,서울역,1,122
917,20:57,2,2,수서,3,"70,77,102"
917,20:57,4,4,여의도,4,"2,5,9,10"
917,20:57,5,5,김포공항,3,"40,46,68"
917,20:57,6,6,일산,2,"53,57"
917,20:57,9,9,평택,3,"6,19,33"
918,20:58,1,1,서울역,2,"122,123"
918,20:58,2,2,수서,5,"70,77,84,102,104"
918,20:58,4,4,여의도,3,"2,5,10"
918,20:58,5,5,김포공항,2,"40,46"
918,20:58,6,6,일산,2,"53,55"
918,20:58,9,9,평택,3,"6,19,33"
919,20:59,1,1,서울역,3,"122,123,130"
919,20:59,2,2,수서,4,"70,77,84,104"
919,20:59,3,3,삼성,1,107
919,20:59,4,4,여의도,3,"2,5,10"
919,20:59,5,5,김포공항,1,46
919,20:59,6,6,일산,2,"53,55"
919,20:59,9,9,평택,3,"6,19,33"
920,21:00,1,1,서울역,2,"123,130"
920,21:00,10,10,인천공항,2,"23,121"
920,21:00,2,2,수서,2,"84,104"
920,21:00,3,3,삼성,1,107
920,21:00,4,4,여의도,1,2
920,21:00,6,6,일산,2,"55,56"
920,21:00,9,9,평택,1,36
921,21:01,1,1,서울역,1,130
921,21:01,10,10,인천공항,3,"23,32,121"
921,21:01,3,3,삼성,1,107
921,21:01,4,4,여의도,4,"2,14,16,17"
921,21:01,5,5,김포공항,1,51
921,21:01,6,6,일산,3,"21,56,57"
921,21:01,9,9,평택,1,36
922,21:02,10,10,인천공항,4,"23,32,35,121"
922,21:02,2,2,수서,1,29
922,21:02,4,4,여의도,4,"2,14,16,17"
922,21:02,5,5,김포공항,2,"51,68"
922,21:02,6,6,일산,3,"21,56,57"
922,21:02,9,9,평택,1,36
923,21:03,10,10,인천공항,2,"32,35"
923,21:03,2,2,수서,1,29
923,21:03,4,4,여의도,4,"0,14,16,17"
923,21:03,5,5,김포공항,6,"51,68,78,88,89,93"
923,21:03,6,6,일산,2,"21,57"
923,21:03,7,7,판교,1,25
924,21:04,10,10,인천공항,1,35
924,21:04,2,2,수서,2,"29,39"
924,21:04,4,4,여의도,1,0
924,21:04,5,5,김포공항,7,"37,68,78,88,89,93,94"
924,21:04,6,6,일산,2,"58,120"
924,21:04,7,7,판교,1,25
924,21:04,9,9,평택,1,6
925,21:05,10,10,인천공항,1,35
925,21:05,2,2,수서,1,39
925,21:05,4,4,여의도,2,"0,26"
925,21:05,5,5,김포공항,7,"37,78,88,89,93,94,97"
925,21:05,6,6,일산,2,"58,120"
925,21:05,7,7,판교,2,"25,34"
925,21:05,9,9,평택,2,"6,38"
926,21:06,1,1,서울역,2,"20,86"
926,21:06,10,10,인천공항,3,"11,35,42"
926,21:06,2,2,수서,1,39
926,21:06,4,4,여의도,3,"0,26,28"
926,21:06,5,5,김포공항,3,"37,94,97"
926,21:06,6,6,일산,3,"58,59,120"
926,21:06,7,7,판교,1,34
926,21:06,9,9,평택,3,"6,38,44"
927,21:07,1,1,서울역,2,"20,86"
927,21:07,10,10,인천공항,4,"11,35,42,49"
927,21:07,4,4,여의도,3,"0,26,28"
927,21:07,5,5,김포공항,3,"37,97,106"
927,21:07,6,6,일산,2,"59,60"
927,21:07,7,7,판교,1,34
927,21:07,9,9,평택,3,"3,38,44"
928,21:08,1,1,서울역,2,"20,86"
928,21:08,10,10,인천공항,3,"11,42,49"
928,21:08,4,4,여의도,3,"0,1,28"
928,21:08,5,5,김포공항,2,"37,106"
928,21:08,6,6,일산,2,"59,60"
928,21:08,9,9,평택,3,"3,12,44"
929,21:09,10,10,인천공항,2,"42,49"
929,21:09,2,2,수서,2,"39,40"
929,21:09,4,4,여의도,1,1
929,21:09,5,5,김포공항,3,"37,102,106"
929,21:09,6,6,일산,3,"60,105,122"
929,21:09,9,9,평택,2,"3,12"
930,21:10,1,1,서울역,1,95
930,21:10,10,10,인천공항,3,"42,49,115"
930,21:10,2,2,수서,3,"39,40,46"
930,21:10,4,4,여의도,1,1
930,21:10,5,5,김포공항,3,"70,77,102"
930,21:10,6,6,일산,4,"96,105,122,123"
930,21:10,9,9,평택,2,"3,12"
931,21:11,1,1,서울역,2,"95,108"
931,21:11,10,10,인천공항,4,"42,49,50,115"
931,21:11,2,2,수서,3,"39,40,46"
931,21:11,4,4,여의도,2,"1,14"
931,21:11,5,5,김포공항,5,"70,77,84,102,104"
931,21:11,6,6,일산,4,"96,105,122,123"
931,21:11,9,9,평택,2,"3,12"
932,21:12,1,1,서울역,2,"95,108"
932,21:12,10,10,인천공항,6,"49,50,54,66,109,115"
932,21:12,2,2,수서,2,"29,46"
932,21:12,4,4,여의도,2,"1,14"
932,21:12,5,5,김포공항,5,"70,77,84,104,107"
932,21:12,6,6,일산,2,"96,123"
932,21:12,9,9,평택,3,"3,4,12"
933,21:13,1,1,서울역,4,"95,98,108,130"
933,21:13,10,10,인천공항,6,"50,54,62,66,71,109"
933,21:13,2,2,수서,1,29
933,21:13,3,3,삼성,1,110
933,21:13,4,4,여의도,5,"1,14,18,28,41"
933,21:13,5,5,김포공항,3,"84,104,107"
933,21:13,8,8,동탄/용인,1,15
933,21:13,9,9,평택,3,"4,12,45"
934,21:14,1,1,서울역,4,"95,98,108,130"
934,21:14,10,10,인천공항,7,"50,54,62,66,71,109,112"
934,21:14,2,2,수서,1,29
934,21:14,3,3,삼성,1,110
934,21:14,4,4,여의도,5,"16,18,28,31,41"
934,21:14,5,5,김포공항,1,107
934,21:14,6,6,일산,2,"21,61"
934,21:14,8,8,동탄/용인,1,15
934,21:14,9,9,평택,2,"4,45"
935,21:15,1,1,서울역,4,"95,98,108,130"
935,21:15,10,10,인천공항,4,"50,62,71,112"
935,21:15,3,3,삼성,2,"83,110"
935,21:15,4,4,여의도,5,"16,18,28,31,41"
935,21:15,5,5,김포공항,1,7
935,21:15,6,6,일산,2,"21,61"
935,21:15,8,8,동탄/용인,1,15
935,21:15,9,9,평택,3,"9,45,47"
936,21:16,1,1,서울역,2,"89,108"
936,21:16,10,10,인천공항,3,"50,51,112"
936,21:16,3,3,삼성,1,83
936,21:16,4,4,여의도,2,"16,31"
936,21:16,5,5,김포공항,1,7
936,21:16,6,6,일산,2,"21,61"
936,21:16,9,9,평택,4,"4,9,47,48"
937,21:17,1,1,서울역,1,89
937,21:17,10,10,인천공항,3,"51,68,76"
937,21:17,3,3,삼성,2,"26,83"
937,21:17,4,4,여의도,4,"8,19,31,121"
937,21:17,5,5,김포공항,1,7
937,21:17,6,6,일산,1,63
937,21:17,7,7,판교,1,56
937,21:17,9,9,평택,5,"4,9,47,48,52"
938,21:18,1,1,서울역,2,"89,93"
938,21:18,10,10,인천공항,3,"51,68,76"
938,21:18,3,3,삼성,2,"26,34"
938,21:18,4,4,여의도,4,"8,19,31,121"
938,21:18,5,5,김포공항,1,7
938,21:18,6,6,일산,1,63
938,21:18,7,7,판교,2,"56,57"
938,21:18,9,9,평택,4,"4,9,48,52"
939,21:19,1,1,서울역,2,"30,93"
939,21:19,10,10,인천공항,3,"68,76,79"
939,21:19,2,2,수서,1,40
939,21:19,3,3,삼성,2,"26,34"
939,21:19,4,4,여의도,6,"8,13,18,19,31,121"
939,21:19,5,5,김포공항,1,7
939,21:19,6,6,일산,1,63
939,21:19,7,7,판교,2,"56,57"
939,21:19,9,9,평택,2,"9,52"
940,21:20,1,1,서울역,2,"30,93"
940,21:20,10,10,인천공항,1,79
940,21:20,2,2,수서,2,"37,40"
940,21:20,3,3,삼성,2,"23,34"
940,21:20,4,4,여의도,3,"8,13,18"
940,21:20,5,5,김포공항,1,7
940,21:20,6,6,일산,1,64
940,21:20,7,7,판교,1,57
940,21:20,9,9,평택,2,"9,33"
941,21:21,1,1,서울역,1,30
941,21:21,10,10,인천공항,1,79
941,21:21,2,2,수서,2,"37,40"
941,21:21,3,3,삼성,2,"23,32"
941,21:21,4,4,여의도,3,"8,13,18"
941,21:21,6,6,일산,1,64
941,21:21,7,7,판교,1,58
941,21:21,9,9,평택,2,"17,33"
942,21:22,10,10,인천공항,2,"68,115"
942,21:22,2,2,수서,1,37
942,21:22,3,3,삼성,2,"23,32"
942,21:22,4,4,여의도,2,"8,13"
942,21:22,6,6,일산,2,"43,64"
942,21:22,7,7,판교,1,58
942,21:22,9,9,평택,3,"17,33,53"
943,21:23,10,10,인천공항,4,"68,81,115,116"
943,21:23,2,2,수서,1,37
943,21:23,3,3,삼성,2,"23,32"
943,21:23,4,4,여의도,2,"13,19"
943,21:23,5,5,김포공항,1,102
943,21:23,6,6,일산,1,43
943,21:23,7,7,판교,2,"58,59"
943,21:23,9,9,평택,3,"17,53,55"
944,21:24,10,10,인천공항,6,"68,81,82,86,115,116"
944,21:24,2,2,수서,1,37
944,21:24,3,3,삼성,1,23
944,21:24,4,4,여의도,4,"6,13,19,27"
944,21:24,5,5,김포공항,2,"102,104"
944,21:24,6,6,일산,1,43
944,21:24,7,7,판교,2,"59,60"
944,21:24,9,9,평택,2,"53,55"
945,21:25,10,10,인천공항,4,"81,82,86,116"
945,21:25,2,2,수서,1,37
945,21:25,3,3,삼성,2,"23,35"
945,21:25,4,4,여의도,4,"6,19,22,27"
945,21:25,5,5,김포공항,2,"102,104"
945,21:25,6,6,일산,1,98
945,21:25,7,7,판교,2,"59,60"
945,21:25,9,9,평택,1,55
946,21:26,10,10,인천공항,3,"11,82,86"
946,21:26,3,3,삼성,2,"32,35"
946,21:26,4,4,여의도,3,"6,22,27"
946,21:26,5,5,김포공항,1,104
946,21:26,6,6,일산,1,98
946,21:26,7,7,판교,1,60
947,21:27,10,10,인천공항,3,"11,82,86"
947,21:27,3,3,삼성,2,"32,35"
947,21:27,4,4,여의도,3,"6,22,121"
947,21:27,6,6,일산,1,98
947,21:27,9,9,평택,1,10
948,21:28,10,10,인천공항,3,"11,82,86"
948,21:28,3,3,삼성,2,"32,35"
948,21:28,4,4,여의도,2,"6,121"
948,21:28,9,9,평택,2,"10,39"
949,21:29,10,10,인천공항,3,"82,86,112"
949,21:29,3,3,삼성,2,"35,42"
949,21:29,4,4,여의도,2,"6,121"
949,21:29,7,7,판교,1,25
949,21:29,9,9,평택,3,"2,10,39"
950,21:30,1,1,서울역,2,"78,109"
950,21:30,10,10,인천공항,3,"21,28,112"
950,21:30,3,3,삼성,4,"35,42,49,57"
950,21:30,4,4,여의도,3,"3,62,70"
950,21:30,5,5,김포공항,1,26
950,21:30,7,7,판교,1,25
950,21:30,9,9,평택,2,"2,39"
951,21:31,1,1,서울역,3,"78,107,109"
951,21:31,10,10,인천공항,5,"21,28,95,112,130"
951,21:31,2,2,수서,1,7
951,21:31,3,3,삼성,4,"42,46,49,57"
951,21:31,4,4,여의도,3,"3,62,70"
951,21:31,5,5,김포공항,1,26
951,21:31,7,7,판교,2,"25,61"
951,21:31,9,9,평택,3,"2,5,14"
952,21:32,1,1,서울역,4,"78,84,107,109"
952,21:32,10,10,인천공항,7,"21,28,95,97,108,112,130"
952,21:32,2,2,수서,1,7
952,21:32,3,3,삼성,5,"42,46,49,57,66"
952,21:32,4,4,여의도,4,"3,62,70,77"
952,21:32,5,5,김포공항,1,26
952,21:32,6,6,일산,1,65
952,21:32,7,7,판교,1,61
952,21:32,9,9,평택,2,"5,14"
953,21:33,1,1,서울역,3,"84,88,107"
953,21:33,10,10,인천공항,7,"28,29,95,97,108,112,130"
953,21:33,2,2,수서,1,7
953,21:33,3,3,삼성,5,"42,46,49,66,71"
953,21:33,4,4,여의도,4,"3,24,51,77"
953,21:33,6,6,일산,2,"65,67"
953,21:33,7,7,판교,1,61
953,21:33,9,9,평택,3,"5,14,110"
954,21:34,1,1,서울역,2,"84,88"
954,21:34,10,10,인천공항,9,"28,29,31,89,95,97,106,108,112"
954,21:34,3,3,삼성,5,"42,49,50,66,71"
954,21:34,4,4,여의도,5,"3,24,27,51,77"
954,21:34,6,6,일산,3,"65,67,69"
954,21:34,7,7,판교,1,63
954,21:34,9,9,평택,2,"16,110"
955,21:35,1,1,서울역,4,"20,84,88,94"
955,21:35,10,10,인천공항,7,"28,29,31,89,95,106,108"
955,21:35,3,3,삼성,4,"42,49,50,71"
955,21:35,4,4,여의도,4,"3,24,27,51"
955,21:35,6,6,일산,3,"40,67,69"
955,21:35,7,7,판교,1,63
955,21:35,9,9,평택,4,"0,16,83,110"
956,21:36,1,1,서울역,5,"20,84,88,94,117"
956,21:36,10,10,인천공항,6,"29,31,89,95,106,108"
956,21:36,3,3,삼성,2,"42,50"
956,21:36,4,4,여의도,2,"4,27"
956,21:36,6,6,일산,2,"40,69"
956,21:36,7,7,판교,1,63
956,21:36,9,9,평택,3,"0,16,83"
957,21:37,1,1,서울역,5,"20,84,88,94,117"
957,21:37,10,10,인천공항,3,"29,30,108"
957,21:37,3,3,삼성,3,"42,50,76"
957,21:37,4,4,여의도,1,4
957,21:37,6,6,일산,2,"40,72"
957,21:37,7,7,판교,1,64
957,21:37,8,8,동탄/용인,1,15
957,21:37,9,9,평택,2,"0,83"
958,21:38,1,1,서울역,3,"88,94,117"
958,21:38,10,10,인천공항,4,"29,30,43,102"
958,21:38,3,3,삼성,2,"50,76"
958,21:38,4,4,여의도,2,"4,9"
958,21:38,6,6,일산,3,"40,72,73"
958,21:38,7,7,판교,1,64
958,21:38,8,8,동탄/용인,1,15
958,21:38,9,9,평택,1,34
959,21:39,1,1,서울역,2,"94,109"
959,21:39,10,10,인천공항,7,"30,31,43,93,102,104,130"
959,21:39,3,3,삼성,2,"50,76"
959,21:39,4,4,여의도,4,"4,9,41,115"
959,21:39,6,6,일산,4,"40,72,73,74"
959,21:39,7,7,판교,1,64
959,21:39,8,8,동탄/용인,1,15
959,21:39,9,9,평택,1,34
960,21:40,1,1,서울역,2,"94,109"
960,21:40,10,10,인천공항,7,"31,43,89,93,102,104,130"
960,21:40,4,4,여의도,6,"4,9,33,41,115,116"
960,21:40,6,6,일산,4,"40,73,74,75"
960,21:40,9,9,평택,2,"1,34"
961,21:41,1,1,서울역,1,109
961,21:41,10,10,인천공항,6,"31,43,89,93,104,130"
961,21:41,4,4,여의도,7,"4,9,33,41,51,115,116"
961,21:41,6,6,일산,2,"74,75"
961,21:41,9,9,평택,1,1
962,21:42,10,10,인천공항,2,"43,89"
962,21:42,3,3,삼성,2,"68,79"
962,21:42,4,4,여의도,5,"9,33,51,54,116"
962,21:42,6,6,일산,1,75
962,21:42,9,9,평택,1,1
963,21:43,10,10,인천공항,1,43
963,21:43,3,3,삼성,3,"68,79,81"
963,21:43,4,4,여의도,4,"9,33,51,54"
963,21:43,5,5,김포공항,1,57
963,21:43,6,6,일산,2,"80,107"
963,21:43,9,9,평택,2,"19,23"
964,21:44,10,10,인천공항,2,"37,121"
964,21:44,3,3,삼성,3,"68,79,81"
964,21:44,4,4,여의도,3,"12,33,54"
964,21:44,5,5,김포공항,1,57
964,21:44,6,6,일산,2,"80,107"
964,21:44,9,9,평택,2,"19,23"
965,21:45,10,10,인천공항,2,"37,121"
965,21:45,3,3,삼성,1,81
965,21:45,4,4,여의도,2,"12,33"
965,21:45,5,5,김포공항,1,57
965,21:45,6,6,일산,2,"80,107"
965,21:45,9,9,평택,4,"0,19,22,23"
966,21:46,10,10,인천공항,2,"37,121"
966,21:46,3,3,삼성,1,35
966,21:46,4,4,여의도,1,12
966,21:46,6,6,일산,1,85
966,21:46,9,9,평택,3,"0,22,32"
967,21:47,10,10,인천공항,4,"37,70,93,121"
967,21:47,2,2,수서,2,"7,11"
967,21:47,3,3,삼성,3,"35,82,86"
967,21:47,6,6,일산,1,85
967,21:47,7,7,판교,1,56
967,21:47,9,9,평택,3,"0,22,32"
968,21:48,1,1,서울역,1,71
968,21:48,10,10,인천공항,5,"37,70,78,93,121"
968,21:48,2,2,수서,2,"7,11"
968,21:48,3,3,삼성,3,"35,82,86"
968,21:48,5,5,김포공항,1,124
968,21:48,6,6,일산,2,"85,117"
968,21:48,7,7,판교,1,56
968,21:48,9,9,평택,1,32
969,21:49,1,1,서울역,2,"71,76"
969,21:49,10,10,인천공항,6,"37,70,77,78,93,121"
969,21:49,2,2,수서,2,"7,11"
969,21:49,3,3,삼성,3,"49,82,86"
969,21:49,4,4,여의도,2,"12,119"
969,21:49,5,5,김포공항,2,"106,124"
969,21:49,6,6,일산,2,"87,117"
969,21:49,7,7,판교,2,"56,65"
969,21:49,8,8,동탄/용인,1,10
969,21:49,9,9,평택,1,8
970,21:50,1,1,서울역,3,"71,76,97"
970,21:50,10,10,인천공항,5,"21,25,77,78,93"
970,21:50,3,3,삼성,2,"49,82"
970,21:50,4,4,여의도,2,"12,119"
970,21:50,5,5,김포공항,2,"106,124"
970,21:50,6,6,일산,3,"87,90,117"
970,21:50,7,7,판교,2,"65,67"
970,21:50,8,8,동탄/용인,1,10
970,21:50,9,9,평택,3,"1,8,18"
971,21:51,1,1,서울역,3,"76,97,129"
971,21:51,10,10,인천공항,6,"21,25,46,77,78,93"
971,21:51,3,3,삼성,2,"49,82"
971,21:51,4,4,여의도,2,"12,119"
971,21:51,5,5,김포공항,1,106
971,21:51,6,6,일산,2,"87,90"
971,21:51,7,7,판교,3,"65,67,69"
971,21:51,8,8,동탄/용인,1,10
971,21:51,9,9,평택,4,"1,8,13,18"
972,21:52,1,1,서울역,2,"97,129"
972,21:52,10,10,인천공항,7,"21,25,46,70,77,78,93"
972,21:52,3,3,삼성,3,"66,82,112"
972,21:52,6,6,일산,1,90
972,21:52,7,7,판교,2,"67,69"
972,21:52,8,8,동탄/용인,1,14
972,21:52,9,9,평택,4,"1,2,13,18"
973,21:53,1,1,서울역,1,129
973,21:53,10,10,인천공항,6,"25,46,70,77,78,84"
973,21:53,3,3,삼성,2,"66,112"
973,21:53,7,7,판교,1,69
973,21:53,8,8,동탄/용인,2,"14,16"
973,21:53,9,9,평택,3,"2,13,24"
974,21:54,1,1,서울역,1,131
974,21:54,10,10,인천공항,7,"25,46,70,77,84,88,134"
974,21:54,3,3,삼성,3,"50,66,112"
974,21:54,7,7,판교,1,72
974,21:54,8,8,동탄/용인,2,"14,16"
974,21:54,9,9,평택,3,"2,24,27"
975,21:55,1,1,서울역,3,"125,131,132"
975,21:55,10,10,인천공항,7,"25,42,46,84,88,126,134"
975,21:55,3,3,삼성,2,"50,112"
975,21:55,4,4,여의도,1,26
975,21:55,7,7,판교,3,"40,72,73"
975,21:55,8,8,동탄/용인,1,16
975,21:55,9,9,평택,2,"24,27"
976,21:56,1,1,서울역,3,"125,131,132"
976,21:56,10,10,인천공항,7,"42,46,84,88,94,126,134"
976,21:56,3,3,삼성,3,"29,50,112"
976,21:56,4,4,여의도,2,"26,130"
976,21:56,7,7,판교,4,"40,72,73,74"
976,21:56,8,8,동탄/용인,1,109
976,21:56,9,9,평택,2,"20,27"
977,21:57,1,1,서울역,5,"68,125,131,132,133"
977,21:57,10,10,인천공항,7,"30,42,46,84,88,94,126"
977,21:57,3,3,삼성,2,"29,112"
977,21:57,4,4,여의도,2,"26,130"
977,21:57,7,7,판교,4,"40,73,74,75"
977,21:57,8,8,동탄/용인,1,109
977,21:57,9,9,평택,1,20
978,21:58,1,1,서울역,4,"68,131,132,133"
978,21:58,10,10,인천공항,7,"30,42,46,84,88,94,127"
978,21:58,3,3,삼성,1,29
978,21:58,4,4,여의도,1,130
978,21:58,7,7,판교,2,"74,75"
978,21:58,8,8,동탄/용인,1,109
978,21:58,9,9,평택,1,20
979,21:59,1,1,서울역,5,"68,97,131,132,133"
979,21:59,10,10,인천공항,8,"30,42,46,84,88,94,127,128"
979,21:59,6,6,일산,1,15
979,21:59,7,7,판교,2,"40,75"
979,21:59,9,9,평택,1,41
980,22:00,1,1,서울역,2,"97,132"
980,22:00,10,10,인천공항,6,"42,84,88,94,127,128"
980,22:00,3,3,삼성,1,89
980,22:00,4,4,여의도,1,130
980,22:00,6,6,일산,1,15
980,22:00,7,7,판교,2,"40,80"
980,22:00,9,9,평택,1,41
981,22:01,1,1,서울역,1,97
981,22:01,10,10,인천공항,4,"84,88,94,128"
981,22:01,3,3,삼성,2,"43,89"
981,22:01,4,4,여의도,2,"54,130"
981,22:01,6,6,일산,1,15
981,22:01,7,7,판교,2,"40,80"
981,22:01,9,9,평택,3,"6,41,51"
982,22:02,10,10,인천공항,2,"88,94"
982,22:02,3,3,삼성,2,"43,89"
982,22:02,4,4,여의도,2,"54,130"
982,22:02,7,7,판교,1,80
982,22:02,9,9,평택,2,"6,51"
983,22:03,10,10,인천공항,3,"94,95,124"
983,22:03,3,3,삼성,1,43
983,22:03,4,4,여의도,3,"54,62,115"
983,22:03,7,7,판교,1,85
983,22:03,9,9,평택,3,"6,33,51"
984,22:04,10,10,인천공항,3,"94,95,124"
984,22:04,3,3,삼성,1,28
984,22:04,4,4,여의도,3,"62,115,121"
984,22:04,6,6,일산,2,"15,56"
984,22:04,7,7,판교,1,85
984,22:04,9,9,평택,1,33
985,22:05,10,10,인천공항,2,"95,124"
985,22:05,2,2,수서,1,29
985,22:05,3,3,삼성,1,28
985,22:05,4,4,여의도,5,"0,62,115,116,121"
985,22:05,5,5,김포공항,1,66
985,22:05,6,6,일산,2,"15,56"
985,22:05,7,7,판교,1,85
985,22:05,9,9,평택,1,33
986,22:06,10,10,인천공항,2,"71,119"
986,22:06,2,2,수서,1,29
986,22:06,3,3,삼성,1,28
986,22:06,4,4,여의도,3,"0,116,121"
986,22:06,5,5,김포공항,1,66
986,22:06,6,6,일산,2,"15,56"
986,22:06,7,7,판교,1,87
986,22:06,9,9,평택,2,"7,35"
987,22:07,10,10,인천공항,3,"71,76,119"
987,22:07,2,2,수서,1,29
987,22:07,3,3,삼성,1,37
987,22:07,4,4,여의도,3,"0,116,121"
987,22:07,5,5,김포공항,1,66
987,22:07,6,6,일산,1,125
987,22:07,7,7,판교,2,"87,90"
987,22:07,9,9,평택,3,"5,7,35"
988,22:08,1,1,서울역,1,112
988,22:08,10,10,인천공항,4,"71,76,102,119"
988,22:08,3,3,삼성,1,37
988,22:08,4,4,여의도,2,"0,121"
988,22:08,6,6,일산,1,125
988,22:08,7,7,판교,2,"87,90"
988,22:08,9,9,평택,5,"3,4,5,7,35"
989,22:09,1,1,서울역,1,112
989,22:09,10,10,인천공항,5,"49,71,76,102,129"
989,22:09,2,2,수서,1,64
989,22:09,3,3,삼성,1,37
989,22:09,4,4,여의도,3,"0,70,121"
989,22:09,6,6,일산,3,"56,68,125"
989,22:09,7,7,판교,1,90
989,22:09,9,9,평택,3,"3,4,5"
990,22:10,1,1,서울역,2,"16,112"
990,22:10,10,10,인천공항,5,"49,71,76,102,129"
990,22:10,2,2,수서,2,"59,64"
990,22:10,3,3,삼성,1,93
990,22:10,4,4,여의도,3,"0,1,70"
990,22:10,6,6,일산,2,"56,68"
990,22:10,9,9,평택,2,"3,4"
991,22:11,1,1,서울역,2,"16,89"
991,22:11,10,10,인천공항,5,"49,71,76,102,129"
991,22:11,2,2,수서,3,"21,59,64"
991,22:11,3,3,삼성,2,"78,93"
991,22:11,4,4,여의도,2,"1,70"
991,22:11,6,6,일산,3,"10,56,68"
992,22:12,1,1,서울역,3,"16,89,134"
992,22:12,10,10,인천공항,3,"49,76,102"
992,22:12,2,2,수서,2,"21,59"
992,22:12,3,3,삼성,3,"31,78,93"
992,22:12,4,4,여의도,4,"1,2,70,126"
992,22:12,5,5,김포공항,1,57
992,22:12,6,6,일산,1,10
992,22:12,7,7,판교,1,58
993,22:13,1,1,서울역,2,"89,134"
993,22:13,10,10,인천공항,2,"49,102"
993,22:13,2,2,수서,2,"21,60"
993,22:13,3,3,삼성,4,"28,31,78,93"
993,22:13,4,4,여의도,3,"2,70,126"
993,22:13,5,5,김포공항,1,57
993,22:13,6,6,일산,1,10
993,22:13,7,7,판교,1,58
994,22:14,1,1,서울역,2,"79,134"
994,22:14,10,10,인천공항,2,"49,50"
994,22:14,2,2,수서,4,"11,25,60,61"
994,22:14,3,3,삼성,3,"28,31,93"
994,22:14,4,4,여의도,3,"2,70,126"
994,22:14,5,5,김포공항,2,"40,57"
994,22:14,6,6,일산,1,14
994,22:14,7,7,판교,1,58
995,22:15,1,1,서울역,3,"79,81,86"
995,22:15,10,10,인천공항,3,"50,131,133"
995,22:15,2,2,수서,5,"11,25,60,61,65"
995,22:15,3,3,삼성,2,"28,93"
995,22:15,4,4,여의도,1,127
995,22:15,5,5,김포공항,1,40
995,22:15,6,6,일산,1,14
995,22:15,9,9,평택,2,"9,26"
996,22:16,1,1,서울역,4,"79,81,86,134"
996,22:16,10,10,인천공항,5,"50,106,131,132,133"
996,22:16,2,2,수서,4,"11,25,61,65"
996,22:16,4,4,여의도,2,"127,128"
996,22:16,5,5,김포공항,1,40
996,22:16,6,6,일산,1,14
996,22:16,8,8,동탄/용인,1,97
996,22:16,9,9,평택,3,"9,12,26"
997,22:17,1,1,서울역,3,"81,86,134"
997,22:17,10,10,인천공항,6,"50,106,130,131,132,133"
997,22:17,2,2,수서,1,65
997,22:17,3,3,삼성,1,46
997,22:17,4,4,여의도,2,"127,128"
997,22:17,5,5,김포공항,1,40
997,22:17,6,6,일산,1,14
997,22:17,8,8,동탄/용인,1,97
997,22:17,9,9,평택,3,"9,12,26"
998,22:18,1,1,서울역,3,"66,82,134"
998,22:18,10,10,인천공항,5,"50,106,130,131,132"
998,22:18,2,2,수서,1,30
998,22:18,3,3,삼성,2,"42,46"
998,22:18,4,4,여의도,1,128
998,22:18,5,5,김포공항,1,40
998,22:18,6,6,일산,1,14
998,22:18,8,8,동탄/용인,1,97
998,22:18,9,9,평택,1,12
999,22:19,1,1,서울역,2,"66,82"
999,22:19,10,10,인천공항,5,"50,104,130,131,132"
999,22:19,2,2,수서,1,30
999,22:19,3,3,삼성,3,"42,46,84"
999,22:19,5,5,김포공항,1,40
999,22:19,6,6,일산,3,"10,14,68"
1000,22:20,1,1,서울역,2,"66,82"
1000,22:20,10,10,인천공항,5,"104,115,124,131,132"
1000,22:20,2,2,수서,1,30
1000,22:20,3,3,삼성,4,"42,46,84,88"
1000,22:20,6,6,일산,2,"10,68"
1001,22:21,10,10,인천공항,5,"104,108,115,124,132"
1001,22:21,3,3,삼성,4,"31,46,84,88"
1001,22:21,4,4,여의도,1,1
1001,22:21,6,6,일산,3,"10,29,68"
1001,22:21,7,7,판교,1,15
1001,22:21,9,9,평택,1,54
1002,22:22,10,10,인천공항,4,"108,115,116,124"
1002,22:22,3,3,삼성,5,"31,46,77,88,94"
1002,22:22,4,4,여의도,2,"1,127"
1002,22:22,5,5,김포공항,1,64
1002,22:22,6,6,일산,1,29
1002,22:22,7,7,판교,1,15
1002,22:22,9,9,평택,1,54
1003,22:23,10,10,인천공항,3,"108,115,116"
1003,22:23,2,2,수서,1,25
1003,22:23,3,3,삼성,4,"31,77,94,95"
1003,22:23,4,4,여의도,2,"1,127"
1003,22:23,5,5,김포공항,2,"59,64"
1003,22:23,6,6,일산,1,29
1003,22:23,7,7,판교,1,15
1003,22:23,9,9,평택,2,"54,62"
1004,22:24,10,10,인천공항,4,"115,116,121,129"
1004,22:24,2,2,수서,2,"21,25"
1004,22:24,3,3,삼성,4,"31,77,94,95"
1004,22:24,4,4,여의도,2,"2,127"
1004,22:24,5,5,김포공항,2,"59,64"
1004,22:24,9,9,평택,1,62
1005,22:25,10,10,인천공항,4,"115,116,121,129"
1005,22:25,2,2,수서,4,"21,25,30,57"
1005,22:25,3,3,삼성,2,"31,95"
1005,22:25,4,4,여의도,1,2
1005,22:25,5,5,김포공항,1,59
1005,22:25,9,9,평택,1,62
1006,22:26,10,10,인천공항,5,"112,115,116,121,129"
1006,22:26,2,2,수서,3,"21,30,57"
1006,22:26,3,3,삼성,1,31
1006,22:26,4,4,여의도,1,2
1006,22:26,5,5,김포공항,1,60
1006,22:26,7,7,판교,1,56
1007,22:27,10,10,인천공항,4,"112,115,116,119"
1007,22:27,2,2,수서,2,"30,57"
1007,22:27,4,4,여의도,1,5
1007,22:27,5,5,김포공항,2,"60,61"
1007,22:27,6,6,일산,1,86
1007,22:27,7,7,판교,1,56
1008,22:28,1,1,서울역,2,"78,93"
1008,22:28,10,10,인천공항,4,"112,115,116,119"
1008,22:28,2,2,수서,2,"42,57"
1008,22:28,4,4,여의도,1,5
1008,22:28,5,5,김포공항,3,"60,61,65"
1008,22:28,6,6,일산,1,86
1008,22:28,7,7,판교,1,56
1009,22:29,1,1,서울역,3,"16,78,93"
1009,22:29,10,10,인천공항,3,"116,119,121"
1009,22:29,2,2,수서,2,"42,57"
1009,22:29,3,3,삼성,1,71
1009,22:29,4,4,여의도,1,5
1009,22:29,5,5,김포공항,2,"61,65"
1009,22:29,6,6,일산,1,86
1009,22:29,9,9,평택,1,3
1010,22:30,1,1,서울역,4,"16,78,84,93"
1010,22:30,10,10,인천공항,2,"116,121"
1010,22:30,2,2,수서,2,"42,57"
1010,22:30,3,3,삼성,3,"37,71,76"
1010,22:30,5,5,김포공항,1,65
1010,22:30,6,6,일산,1,86
1010,22:30,9,9,평택,2,"3,4"
1011,22:31,1,1,서울역,3,"16,84,88"
1011,22:31,10,10,인천공항,1,121
1011,22:31,3,3,삼성,4,"37,71,76,102"
1011,22:31,6,6,일산,1,86
1011,22:31,9,9,평택,2,"3,4"
1012,22:32,1,1,서울역,2,"84,88"
1012,22:32,10,10,인천공항,2,"79,130"
1012,22:32,2,2,수서,1,43
1012,22:32,3,3,삼성,5,"37,49,71,76,102"
1012,22:32,4,4,여의도,1,5
1012,22:32,6,6,일산,1,86
1012,22:32,9,9,평택,1,4
1013,22:33,1,1,서울역,3,"77,88,94"
1013,22:33,10,10,인천공항,5,"28,58,79,81,130"
1013,22:33,2,2,수서,1,43
1013,22:33,3,3,삼성,3,"49,71,102"
1013,22:33,4,4,여의도,2,"5,106"
1013,22:33,6,6,일산,1,91
1013,22:33,8,8,동탄/용인,1,134
1014,22:34,1,1,서울역,2,"77,94"
1014,22:34,10,10,인천공항,5,"28,58,79,81,130"
1014,22:34,2,2,수서,1,43
1014,22:34,3,3,삼성,4,"10,49,71,102"
1014,22:34,4,4,여의도,2,"5,106"
1014,22:34,6,6,일산,1,91
1014,22:34,8,8,동탄/용인,1,134
1014,22:34,9,9,평택,1,6
1015,22:35,1,1,서울역,3,"77,94,95"
1015,22:35,10,10,인천공항,5,"11,28,58,81,131"
1015,22:35,3,3,삼성,2,"10,102"
1015,22:35,4,4,여의도,1,106
1015,22:35,6,6,일산,1,91
1015,22:35,8,8,동탄/용인,1,134
1015,22:35,9,9,평택,1,6
1016,22:36,1,1,서울역,3,"59,64,95"
1016,22:36,10,10,인천공항,6,"11,28,66,79,82,131"
1016,22:36,3,3,삼성,2,"10,102"
1016,22:36,7,7,판교,2,"15,68"
1016,22:36,9,9,평택,2,"6,7"
1017,22:37,1,1,서울역,3,"59,64,95"
1017,22:37,10,10,인천공항,7,"11,28,58,66,79,82,131"
1017,22:37,3,3,삼성,1,50
1017,22:37,4,4,여의도,1,124
1017,22:37,7,7,판교,2,"15,68"
1017,22:37,9,9,평택,1,7
1018,22:38,1,1,서울역,2,"59,64"
1018,22:38,10,10,인천공항,6,"28,58,66,79,81,82"
1018,22:38,3,3,삼성,1,50
1018,22:38,4,4,여의도,1,124
1018,22:38,5,5,김포공항,1,30
1018,22:38,7,7,판교,2,"15,68"
1018,22:38,9,9,평택,2,"7,8"
1019,22:39,1,1,서울역,1,60
1019,22:39,10,10,인천공항,4,"58,79,81,127"
1019,22:39,2,2,수서,1,46
1019,22:39,3,3,삼성,2,"50,104"
1019,22:39,4,4,여의도,1,124
1019,22:39,5,5,김포공항,1,30
1019,22:39,6,6,일산,1,25
1019,22:39,9,9,평택,3,"0,8,40"
1020,22:40,1,1,서울역,1,60
1020,22:40,10,10,인천공항,3,"79,81,127"
1020,22:40,2,2,수서,1,46
1020,22:40,3,3,삼성,1,104
1020,22:40,4,4,여의도,1,106
1020,22:40,5,5,김포공항,1,30
1020,22:40,6,6,일산,1,25
1020,22:40,7,7,판교,1,56
1020,22:40,9,9,평택,3,"0,8,40"
1021,22:41,1,1,서울역,1,60
1021,22:41,10,10,인천공항,4,"11,79,89,127"
1021,22:41,2,2,수서,1,46
1021,22:41,3,3,삼성,2,"104,108"
1021,22:41,4,4,여의도,3,"106,124,129"
1021,22:41,5,5,김포공항,2,"42,57"
1021,22:41,6,6,일산,1,25
1021,22:41,7,7,판교,1,56
1021,22:41,9,9,평택,3,"0,1,40"
1022,22:42,10,10,인천공항,2,"11,89"
1022,22:42,3,3,삼성,1,108
1022,22:42,4,4,여의도,3,"106,124,129"
1022,22:42,5,5,김포공항,2,"42,57"
1022,22:42,7,7,판교,1,56
1022,22:42,9,9,평택,1,1
1023,22:43,10,10,인천공항,2,"11,89"
1023,22:43,3,3,삼성,1,108
1023,22:43,4,4,여의도,3,"124,126,129"
1023,22:43,5,5,김포공항,2,"42,57"
1023,22:43,6,6,일산,1,29
1023,22:43,9,9,평택,1,1
1024,22:44,10,10,인천공항,2,"31,66"
1024,22:44,4,4,여의도,1,126
1024,22:44,6,6,일산,1,29
1024,22:44,9,9,평택,1,2
1025,22:45,10,10,인천공항,3,"21,31,66"
1025,22:45,3,3,삼성,1,10
1025,22:45,4,4,여의도,1,126
1025,22:45,5,5,김포공항,1,43
1025,22:45,6,6,일산,1,29
1025,22:45,9,9,평택,2,"2,70"
1026,22:46,10,10,인천공항,5,"21,31,66,78,93"
1026,22:46,3,3,삼성,2,"10,115"
1026,22:46,5,5,김포공항,1,43
1026,22:46,6,6,일산,1,92
1026,22:46,9,9,평택,2,"2,70"
1027,22:47,1,1,서울역,1,128
1027,22:47,10,10,인천공항,4,"21,31,78,93"
1027,22:47,3,3,삼성,3,"10,115,119"
1027,22:47,5,5,김포공항,1,43
1027,22:47,6,6,일산,1,92
1027,22:47,7,7,판교,1,86
1027,22:47,8,8,동탄/용인,1,71
1027,22:47,9,9,평택,1,70
1028,22:48,1,1,서울역,1,128
1028,22:48,10,10,인천공항,3,"31,78,93"
1028,22:48,3,3,삼성,3,"115,116,119"
1028,22:48,6,6,일산,3,"25,64,92"
1028,22:48,7,7,판교,1,86
1028,22:48,8,8,동탄/용인,1,71
1029,22:49,1,1,서울역,1,128
1029,22:49,10,10,인천공항,3,"31,78,88"
1029,22:49,3,3,삼성,4,"115,116,119,121"
1029,22:49,4,4,여의도,2,"3,130"
1029,22:49,6,6,일산,2,"25,64"
1029,22:49,7,7,판교,2,"14,86"
1029,22:49,8,8,동탄/용인,1,71
1030,22:50,1,1,서울역,1,129
1030,22:50,10,10,인천공항,3,"37,78,88"
1030,22:50,3,3,삼성,3,"115,116,121"
1030,22:50,4,4,여의도,3,"3,4,130"
1030,22:50,6,6,일산,2,"25,64"
1030,22:50,7,7,판교,2,"14,91"
1030,22:50,9,9,평택,1,16
1031,22:51,1,1,서울역,2,"30,129"
1031,22:51,10,10,인천공항,4,"37,78,88,94"
1031,22:51,2,2,수서,1,76
1031,22:51,3,3,삼성,3,"115,116,121"
1031,22:51,4,4,여의도,3,"3,4,130"
1031,22:51,7,7,판교,2,"14,91"
1031,22:51,9,9,평택,2,"0,16"
1032,22:52,1,1,서울역,2,"30,129"
1032,22:52,10,10,인천공항,4,"21,37,82,94"
1032,22:52,2,2,수서,2,"76,102"
1032,22:52,3,3,삼성,1,116
1032,22:52,4,4,여의도,2,"4,131"
1032,22:52,5,5,김포공항,1,46
1032,22:52,7,7,판교,1,91
1032,22:52,9,9,평택,3,"0,5,16"
1033,22:53,1,1,서울역,1,30
1033,22:53,10,10,인천공항,4,"21,82,94,95"
1033,22:53,2,2,수서,2,"76,102"
1033,22:53,3,3,삼성,2,"49,116"
1033,22:53,4,4,여의도,1,131
1033,22:53,5,5,김포공항,1,46
1033,22:53,6,6,일산,1,15
1033,22:53,9,9,평택,2,"0,5"
1034,22:54,10,10,인천공항,4,"21,59,82,95"
1034,22:54,2,2,수서,1,102
1034,22:54,3,3,삼성,1,49
1034,22:54,4,4,여의도,3,"3,6,131"
1034,22:54,5,5,김포공항,1,46
1034,22:54,6,6,일산,2,"15,64"
1034,22:54,9,9,평택,1,5
1035,22:55,10,10,인천공항,2,"59,95"
1035,22:55,3,3,삼성,1,49
1035,22:55,4,4,여의도,3,"3,4,6"
1035,22:55,6,6,일산,2,"15,64"
1036,22:56,10,10,인천공항,1,59
1036,22:56,4,4,여의도,4,"3,4,6,7"
1036,22:56,6,6,일산,2,"15,64"
1037,22:57,10,10,인천공항,2,"31,60"
1037,22:57,2,2,수서,1,104
1037,22:57,3,3,삼성,1,58
1037,22:57,4,4,여의도,2,"4,7"
1037,22:57,6,6,일산,2,"15,56"
1038,22:58,10,10,인천공항,2,"31,60"
1038,22:58,2,2,수서,2,"104,108"
1038,22:58,3,3,삼성,1,58
1038,22:58,4,4,여의도,2,"7,8"
1038,22:58,6,6,일산,2,"15,56"
1039,22:59,1,1,서울역,1,130
1039,22:59,10,10,인천공항,2,"31,60"
1039,22:59,2,2,수서,2,"104,108"
1039,22:59,3,3,삼성,2,"58,79"
1039,22:59,4,4,여의도,1,8
1039,22:59,6,6,일산,1,56
1040,23:00,1,1,서울역,1,130
1040,23:00,10,10,인천공항,1,126
1040,23:00,2,2,수서,1,108
1040,23:00,3,3,삼성,1,79
1040,23:00,4,4,여의도,1,8
1040,23:00,7,7,판교,1,29
1040,23:00,9,9,평택,1,106
1041,23:01,1,1,서울역,1,130
1041,23:01,10,10,인천공항,1,126
1041,23:01,3,3,삼성,3,"11,79,81"
1041,23:01,4,4,여의도,1,66
1041,23:01,7,7,판교,1,29
1041,23:01,9,9,평택,2,"106,124"
1042,23:02,10,10,인천공항,2,"77,126"
1042,23:02,3,3,삼성,3,"11,79,81"
1042,23:02,4,4,여의도,1,66
1042,23:02,7,7,판교,1,29
1042,23:02,9,9,평택,2,"106,124"
1043,23:03,10,10,인천공항,2,"77,84"
1043,23:03,3,3,삼성,4,"11,25,79,81"
1043,23:03,4,4,여의도,1,66
1043,23:03,7,7,판교,1,92
1043,23:03,9,9,평택,1,124
1044,23:04,10,10,인천공항,2,"77,84"
1044,23:04,3,3,삼성,2,"25,79"
1044,23:04,5,5,김포공항,1,76
1044,23:04,7,7,판교,1,92
1045,23:05,10,10,인천공항,5,"10,37,59,84,128"
1045,23:05,3,3,삼성,1,25
1045,23:05,5,5,김포공항,2,"76,102"
1045,23:05,7,7,판교,1,92
1046,23:06,1,1,서울역,1,131
1046,23:06,10,10,인천공항,4,"10,37,59,128"
1046,23:06,4,4,여의도,1,78
1046,23:06,5,5,김포공항,2,"76,102"
1047,23:07,1,1,서울역,1,131
1047,23:07,10,10,인천공항,4,"10,37,59,128"
1047,23:07,3,3,삼성,1,11
1047,23:07,4,4,여의도,1,78
1047,23:07,5,5,김포공항,1,102
1048,23:08,1,1,서울역,1,131
1048,23:08,10,10,인천공항,3,"37,60,129"
1048,23:08,3,3,삼성,2,"11,28"
1048,23:08,4,4,여의도,1,78
1049,23:09,10,10,인천공항,5,"30,37,60,77,129"
1049,23:09,3,3,삼성,2,"11,28"
1049,23:09,4,4,여의도,1,82
1050,23:10,1,1,서울역,1,66
1050,23:10,10,10,인천공항,5,"30,37,60,77,129"
1050,23:10,3,3,삼성,1,28
1050,23:10,4,4,여의도,1,82
1050,23:10,5,5,김포공항,1,104
1051,23:11,1,1,서울역,1,66
1051,23:11,10,10,인천공항,2,"30,77"
1051,23:11,4,4,여의도,2,"0,82"
1051,23:11,5,5,김포공항,2,"104,108"
1051,23:11,7,7,판교,1,64
1052,23:12,1,1,서울역,1,66
1052,23:12,10,10,인천공항,2,"10,30"
1052,23:12,3,3,삼성,1,21
1052,23:12,4,4,여의도,1,0
1052,23:12,5,5,김포공항,2,"104,108"
1052,23:12,7,7,판교,1,64
1053,23:13,10,10,인천공항,3,"10,30,49"
1053,23:13,3,3,삼성,1,21
1053,23:13,4,4,여의도,1,0
1053,23:13,5,5,김포공항,1,108
1053,23:13,7,7,판교,2,"15,64"
1054,23:14,1,1,서울역,1,25
1054,23:14,10,10,인천공항,3,"10,30,49"
1054,23:14,3,3,삼성,1,21
1054,23:14,7,7,판교,1,15
1054,23:14,9,9,평택,1,3
1055,23:15,1,1,서울역,1,25
1055,23:15,10,10,인천공항,1,49
1055,23:15,4,4,여의도,1,0
1055,23:15,7,7,판교,1,15
1055,23:15,9,9,평택,2,"3,4"
1056,23:16,1,1,서울역,1,25
1056,23:16,4,4,여의도,1,0
1056,23:16,9,9,평택,2,"3,4"
1057,23:17,1,1,서울역,1,78
1057,23:17,10,10,인천공항,1,130
1057,23:17,3,3,삼성,1,31
1057,23:17,4,4,여의도,1,0
1057,23:17,9,9,평택,1,4
1058,23:18,1,1,서울역,1,78
1058,23:18,10,10,인천공항,2,"49,130"
1058,23:18,3,3,삼성,1,31
1059,23:19,1,1,서울역,1,78
1059,23:19,10,10,인천공항,2,"49,130"
1059,23:19,3,3,삼성,1,31
1059,23:19,4,4,여의도,1,6
1060,23:20,10,10,인천공항,1,49
1060,23:20,4,4,여의도,2,"6,7"
1061,23:21,10,10,인천공항,1,84
1061,23:21,4,4,여의도,2,"6,7"
1062,23:22,10,10,인천공항,1,84
1062,23:22,4,4,여의도,2,"7,59"
1062,23:22,6,6,일산,1,56
1063,23:23,10,10,인천공항,1,84
1063,23:23,4,4,여의도,1,59
1063,23:23,6,6,일산,1,56
1064,23:24,10,10,인천공항,1,131
1064,23:24,4,4,여의도,1,59
1064,23:24,6,6,일산,1,56
1065,23:25,10,10,인천공항,1,131
1065,23:25,4,4,여의도,1,60
1065,23:25,6,6,일산,1,96
1066,23:26,1,1,서울역,1,82
1066,23:26,10,10,인천공항,1,131
1066,23:26,4,4,여의도,2,"60,77"
1066,23:26,6,6,일산,1,96
1067,23:27,1,1,서울역,1,82
1067,23:27,10,10,인천공항,1,11
1067,23:27,4,4,여의도,2,"60,77"
1067,23:27,6,6,일산,1,96
1068,23:28,1,1,서울역,1,82
1068,23:28,10,10,인천공항,2,"11,66"
1068,23:28,3,3,삼성,1,37
1068,23:28,4,4,여의도,1,77
1068,23:28,6,6,일산,1,10
1069,23:29,10,10,인천공항,2,"11,66"
1069,23:29,3,3,삼성,1,37
1069,23:29,4,4,여의도,1,8
1069,23:29,6,6,일산,1,10
1070,23:30,10,10,인천공항,1,66
1070,23:30,3,3,삼성,1,37
1070,23:30,4,4,여의도,1,8
1070,23:30,6,6,일산,1,10
1071,23:31,3,3,삼성,1,37
1071,23:31,4,4,여의도,1,8
1072,23:32,10,10,인천공항,1,25
1072,23:32,3,3,삼성,2,"30,37"
1073,23:33,10,10,인천공항,2,"25,66"
1073,23:33,3,3,삼성,2,"30,37"
1074,23:34,10,10,인천공항,2,"25,66"
1074,23:34,3,3,삼성,1,30
1075,23:35,1,1,서울역,2,"28,77"
1075,23:35,10,10,인천공항,1,66
1076,23:36,1,1,서울역,2,"28,77"
1077,23:37,1,1,서울역,2,"28,77"
1077,23:37,3,3,삼성,1,21
1078,23:38,10,10,인천공항,1,56
1078,23:38,3,3,삼성,3,"21,30,49"
1078,23:38,4,4,여의도,1,84
1079,23:39,10,10,인천공항,2,"11,56"
1079,23:39,3,3,삼성,3,"21,30,49"
1079,23:39,4,4,여의도,1,84
1079,23:39,9,9,평택,1,6
1080,23:40,10,10,인천공항,2,"11,56"
1080,23:40,3,3,삼성,2,"30,49"
1080,23:40,4,4,여의도,2,"60,84"
1080,23:40,9,9,평택,2,"6,7"
1081,23:41,10,10,인천공항,1,11
1081,23:41,4,4,여의도,2,"59,60"
1081,23:41,9,9,평택,2,"6,7"
1082,23:42,4,4,여의도,2,"59,60"
1082,23:42,7,7,판교,1,96
1082,23:42,9,9,평택,1,7
1083,23:43,4,4,여의도,1,59
1083,23:43,7,7,판교,1,96
1083,23:43,9,9,평택,1,0
1084,23:44,10,10,인천공항,1,82
1084,23:44,7,7,판교,1,96
1084,23:44,9,9,평택,1,0
1085,23:45,10,10,인천공항,1,82
1085,23:45,9,9,평택,1,0
1086,23:46,10,10,인천공항,1,82
1087,23:47,10,10,인천공항,1,78
1088,23:48,10,10,인천공항,1,78
1089,23:49,10,10,인천공항,1,78
1089,23:49,9,9,평택,1,8
1090,23:50,4,4,여의도,1,66
1090,23:50,9,9,평택,1,8
1091,23:51,4,4,여의도,1,66
1091,23:51,5,5,김포공항,1,30
1091,23:51,9,9,평택,1,8
1092,23:52,4,4,여의도,1,66
1092,23:52,5,5,김포공항,1,30
1093,23:53,10,10,인천공항,1,28
1093,23:53,5,5,김포공항,1,30
1094,23:54,10,10,인천공항,1,28
1095,23:55,10,10,인천공항,1,28
1097,23:57,10,10,인천공항,2,"21,60"
1098,23:58,10,10,인천공항,2,"21,60"
1099,23:59,10,10,인천공항,2,"21,60"
1099,23:59,3,3,삼성,1,11
1100,00:00,3,3,삼성,1,11
1101,00:01,3,3,삼성,1,11
1101,00:01,9,9,평택,1,59
1102,00:02,9,9,평택,1,59
1103,00:03,9,9,평택,1,59
1104,00:04,10,10,인천공항,1,77
1105,00:05,10,10,인천공항,1,77
1106,00:06,10,10,인천공항,1,77
