time_min,time_hhmm,route_node_id,physical_node_id,physical_address,vehicle_count,vehicle_ids
20,06:00,10,10,인천공항,1,9
21,06:01,10,10,인천공항,1,9
22,06:02,1,1,서울역,1,0
22,06:02,10,10,인천공항,1,9
23,06:03,1,1,서울역,1,0
23,06:03,6,6,일산,1,5
24,06:04,1,1,서울역,1,0
24,06:04,10,10,인천공항,1,39
24,06:04,6,6,일산,1,5
25,06:05,10,10,인천공항,2,"19,39"
25,06:05,6,6,일산,1,5
26,06:06,10,10,인천공항,3,"19,29,39"
27,06:07,10,10,인천공항,2,"19,29"
28,06:08,10,10,인천공항,2,"19,29"
29,06:09,10,10,인천공항,1,19
30,06:10,10,10,인천공항,1,19
31,06:11,2,2,수서,1,1
31,06:11,6,6,일산,1,25
32,06:12,1,1,서울역,1,10
32,06:12,10,10,인천공항,1,24
32,06:12,2,2,수서,1,1
32,06:12,3,3,삼성,1,2
32,06:12,6,6,일산,1,25
33,06:13,1,1,서울역,2,"10,20"
33,06:13,10,10,인천공항,2,"14,24"
33,06:13,2,2,수서,1,1
33,06:13,3,3,삼성,1,2
33,06:13,6,6,일산,3,"15,25,35"
34,06:14,1,1,서울역,2,"10,20"
34,06:14,10,10,인천공항,3,"14,24,33"
34,06:14,3,3,삼성,1,2
34,06:14,6,6,일산,2,"15,35"
35,06:15,1,1,서울역,1,20
35,06:15,10,10,인천공항,2,"14,33"
35,06:15,6,6,일산,2,"15,35"
36,06:16,10,10,인천공항,1,33
39,06:19,2,2,수서,1,5
39,06:19,4,4,여의도,1,3
40,06:20,2,2,수서,1,5
40,06:20,3,3,삼성,1,9
40,06:20,4,4,여의도,1,3
41,06:21,2,2,수서,1,5
41,06:21,3,3,삼성,1,9
41,06:21,4,4,여의도,2,"3,39"
41,06:21,7,7,판교,1,6
42,06:22,3,3,삼성,1,9
42,06:22,4,4,여의도,1,39
42,06:22,7,7,판교,1,6
42,06:22,9,9,평택,1,8
43,06:23,1,1,서울역,1,30
43,06:23,10,10,인천공항,1,0
43,06:23,4,4,여의도,1,39
43,06:23,7,7,판교,1,6
43,06:23,9,9,평택,1,8
44,06:24,1,1,서울역,1,30
44,06:24,10,10,인천공항,1,0
44,06:24,9,9,평택,1,8
45,06:25,1,1,서울역,1,30
45,06:25,10,10,인천공항,1,0
45,06:25,2,2,수서,1,5
46,06:26,10,10,인천공항,1,0
46,06:26,2,2,수서,1,5
46,06:26,3,3,삼성,1,29
46,06:26,4,4,여의도,1,23
47,06:27,10,10,인천공항,1,0
47,06:27,2,2,수서,1,5
47,06:27,3,3,삼성,2,"9,29"
47,06:27,4,4,여의도,1,23
47,06:27,5,5,김포공항,1,34
48,06:28,10,10,인천공항,1,0
48,06:28,3,3,삼성,3,"9,19,29"
48,06:28,4,4,여의도,1,23
48,06:28,5,5,김포공항,1,34
48,06:28,7,7,판교,1,25
49,06:29,2,2,수서,1,15
49,06:29,3,3,삼성,2,"9,19"
49,06:29,4,4,여의도,1,24
49,06:29,5,5,김포공항,1,34
49,06:29,7,7,판교,1,25
50,06:30,10,10,인천공항,1,10
50,06:30,2,2,수서,1,15
50,06:30,3,3,삼성,1,19
50,06:30,4,4,여의도,1,24
50,06:30,7,7,판교,2,"25,35"
51,06:31,10,10,인천공항,2,"10,20"
51,06:31,2,2,수서,1,15
51,06:31,3,3,삼성,1,19
51,06:31,4,4,여의도,1,24
51,06:31,5,5,김포공항,1,4
51,06:31,7,7,판교,1,35
52,06:32,10,10,인천공항,4,"1,2,10,20"
52,06:32,3,3,삼성,1,19
52,06:32,5,5,김포공항,1,4
52,06:32,7,7,판교,1,35
53,06:33,1,1,서울역,1,11
53,06:33,10,10,인천공항,3,"1,2,20"
53,06:33,3,3,삼성,2,"14,19"
53,06:33,5,5,김포공항,1,4
54,06:34,1,1,서울역,1,11
54,06:34,10,10,인천공항,2,"1,2"
54,06:34,3,3,삼성,2,"14,33"
55,06:35,1,1,서울역,1,11
55,06:35,10,10,인천공항,1,1
55,06:35,3,3,삼성,2,"14,33"
55,06:35,6,6,일산,1,32
56,06:36,10,10,인천공항,1,1
56,06:36,3,3,삼성,1,33
56,06:36,6,6,일산,2,"22,32"
57,06:37,1,1,서울역,2,"29,40"
57,06:37,10,10,인천공항,1,1
57,06:37,6,6,일산,2,"22,32"
58,06:38,1,1,서울역,2,"29,40"
58,06:38,6,6,일산,2,"12,22"
59,06:39,1,1,서울역,2,"29,40"
59,06:39,6,6,일산,1,12
59,06:39,9,9,평택,1,3
60,06:40,10,10,인천공항,1,10
60,06:40,4,4,여의도,2,"13,39"
60,06:40,6,6,일산,1,12
60,06:40,9,9,평택,1,3
61,06:41,10,10,인천공항,2,"10,30"
61,06:41,4,4,여의도,2,"13,39"
61,06:41,6,6,일산,1,5
61,06:41,9,9,평택,1,3
62,06:42,10,10,인천공항,3,"6,10,30"
62,06:42,3,3,삼성,1,8
62,06:42,4,4,여의도,2,"13,39"
62,06:42,6,6,일산,1,5
63,06:43,10,10,인천공항,2,"6,30"
63,06:43,3,3,삼성,1,8
63,06:43,6,6,일산,1,5
64,06:44,10,10,인천공항,1,6
64,06:44,3,3,삼성,1,8
64,06:44,6,6,일산,1,5
65,06:45,4,4,여의도,1,24
65,06:45,6,6,일산,1,5
66,06:46,3,3,삼성,1,0
66,06:46,4,4,여의도,1,24
66,06:46,6,6,일산,1,5
66,06:46,9,9,평택,1,23
67,06:47,10,10,인천공항,2,"9,20"
67,06:47,3,3,삼성,1,0
67,06:47,4,4,여의도,1,24
67,06:47,9,9,평택,1,23
68,06:48,10,10,인천공항,2,"9,20"
68,06:48,3,3,삼성,1,0
68,06:48,9,9,평택,1,23
69,06:49,1,1,서울역,1,21
69,06:49,10,10,인천공항,3,"6,9,20"
69,06:49,4,4,여의도,1,35
69,06:49,9,9,평택,1,34
70,06:50,1,1,서울역,1,21
70,06:50,10,10,인천공항,1,6
70,06:50,4,4,여의도,1,35
70,06:50,9,9,평택,1,34
71,06:51,1,1,서울역,1,21
71,06:51,10,10,인천공항,2,"6,11"
71,06:51,4,4,여의도,1,35
71,06:51,9,9,평택,1,34
72,06:52,10,10,인천공항,1,11
72,06:52,2,2,수서,1,22
72,06:52,6,6,일산,1,14
73,06:53,1,1,서울역,2,"8,31"
73,06:53,10,10,인천공항,1,11
73,06:53,2,2,수서,1,22
73,06:53,6,6,일산,1,14
73,06:53,9,9,평택,1,4
74,06:54,1,1,서울역,2,"8,31"
74,06:54,10,10,인천공항,2,"2,9"
74,06:54,2,2,수서,1,22
74,06:54,6,6,일산,1,14
74,06:54,9,9,평택,1,4
75,06:55,1,1,서울역,2,"8,31"
75,06:55,10,10,인천공항,5,"2,9,11,29,40"
75,06:55,3,3,삼성,1,1
75,06:55,7,7,판교,1,12
75,06:55,9,9,평택,1,4
76,06:56,10,10,인천공항,5,"2,9,11,29,40"
76,06:56,3,3,삼성,1,1
76,06:56,4,4,여의도,1,26
76,06:56,7,7,판교,1,12
77,06:57,1,1,서울역,1,0
77,06:57,10,10,인천공항,5,"9,11,29,39,40"
77,06:57,3,3,삼성,1,1
77,06:57,4,4,여의도,2,"16,26"
77,06:57,7,7,판교,1,12
78,06:58,1,1,서울역,1,0
78,06:58,10,10,인천공항,2,"9,39"
78,06:58,4,4,여의도,2,"16,26"
79,06:59,1,1,서울역,1,0
79,06:59,10,10,인천공항,2,"9,39"
79,06:59,4,4,여의도,1,16
80,07:00,2,2,수서,1,5
80,07:00,3,3,삼성,1,10
80,07:00,9,9,평택,2,"13,32"
81,07:01,2,2,수서,1,5
81,07:01,3,3,삼성,1,10
81,07:01,9,9,평택,2,"13,32"
82,07:02,2,2,수서,1,5
82,07:02,3,3,삼성,1,10
82,07:02,9,9,평택,2,"13,32"
83,07:03,2,2,수서,1,5
84,07:04,2,2,수서,1,5
84,07:04,4,4,여의도,1,20
85,07:05,2,2,수서,1,5
85,07:05,4,4,여의도,1,20
85,07:05,9,9,평택,1,24
86,07:06,4,4,여의도,1,20
86,07:06,7,7,판교,1,12
86,07:06,9,9,평택,1,24
87,07:07,10,10,인천공항,1,21
87,07:07,7,7,판교,1,12
87,07:07,9,9,평택,2,"3,24"
88,07:08,10,10,인천공항,1,21
88,07:08,7,7,판교,1,12
88,07:08,9,9,평택,1,3
89,07:09,10,10,인천공항,1,21
89,07:09,3,3,삼성,1,6
89,07:09,7,7,판교,1,14
89,07:09,9,9,평택,2,"3,35"
90,07:10,3,3,삼성,1,6
90,07:10,7,7,판교,1,14
90,07:10,9,9,평택,1,35
91,07:11,10,10,인천공항,2,"8,31"
91,07:11,3,3,삼성,2,"1,6"
91,07:11,5,5,김포공항,1,33
91,07:11,7,7,판교,1,14
91,07:11,9,9,평택,2,"4,35"
92,07:12,10,10,인천공항,2,"8,31"
92,07:12,3,3,삼성,1,1
92,07:12,5,5,김포공항,1,33
92,07:12,6,6,일산,1,19
92,07:12,9,9,평택,1,4
93,07:13,10,10,인천공항,2,"8,31"
93,07:13,3,3,삼성,1,1
93,07:13,5,5,김포공항,1,33
93,07:13,6,6,일산,2,"19,29"
93,07:13,9,9,평택,1,4
94,07:14,4,4,여의도,1,5
94,07:14,6,6,일산,3,"19,29,30"
95,07:15,10,10,인천공항,1,0
95,07:15,2,2,수서,1,2
95,07:15,3,3,삼성,1,11
95,07:15,4,4,여의도,1,5
95,07:15,6,6,일산,2,"29,30"
96,07:16,10,10,인천공항,1,0
96,07:16,2,2,수서,1,2
96,07:16,3,3,삼성,1,11
96,07:16,4,4,여의도,1,5
96,07:16,6,6,일산,2,"20,30"
96,07:16,9,9,평택,1,26
97,07:17,10,10,인천공항,1,0
97,07:17,2,2,수서,1,2
97,07:17,3,3,삼성,2,"9,11"
97,07:17,6,6,일산,1,20
97,07:17,9,9,평택,2,"16,26"
98,07:18,10,10,인천공항,1,0
98,07:18,2,2,수서,1,2
98,07:18,3,3,삼성,1,9
98,07:18,4,4,여의도,1,12
98,07:18,6,6,일산,1,20
98,07:18,9,9,평택,3,"13,16,26"
99,07:19,10,10,인천공항,1,0
99,07:19,2,2,수서,1,2
99,07:19,3,3,삼성,2,"9,11"
99,07:19,4,4,여의도,1,12
99,07:19,9,9,평택,2,"13,16"
100,07:20,10,10,인천공항,1,0
100,07:20,2,2,수서,1,2
100,07:20,3,3,삼성,2,"9,11"
100,07:20,4,4,여의도,1,12
100,07:20,9,9,평택,1,13
101,07:21,3,3,삼성,2,"9,11"
102,07:22,3,3,삼성,1,9
103,07:23,8,8,동탄/용인,1,17
104,07:24,3,3,삼성,1,9
104,07:24,5,5,김포공항,1,1
104,07:24,8,8,동탄/용인,1,17
105,07:25,1,1,서울역,1,29
105,07:25,3,3,삼성,1,9
105,07:25,5,5,김포공항,1,1
105,07:25,8,8,동탄/용인,2,"17,27"
106,07:26,1,1,서울역,2,"29,30"
106,07:26,3,3,삼성,1,9
106,07:26,5,5,김포공항,1,1
106,07:26,7,7,판교,1,33
106,07:26,8,8,동탄/용인,1,27
107,07:27,1,1,서울역,2,"29,30"
107,07:27,2,2,수서,1,15
107,07:27,3,3,삼성,1,19
107,07:27,7,7,판교,1,33
107,07:27,8,8,동탄/용인,1,27
107,07:27,9,9,평택,1,16
108,07:28,1,1,서울역,1,30
108,07:28,2,2,수서,1,15
108,07:28,3,3,삼성,1,19
108,07:28,7,7,판교,1,33
108,07:28,8,8,동탄/용인,1,37
108,07:28,9,9,평택,1,16
109,07:29,2,2,수서,1,15
109,07:29,3,3,삼성,1,19
109,07:29,6,6,일산,1,5
109,07:29,8,8,동탄/용인,2,"7,37"
109,07:29,9,9,평택,1,16
110,07:30,6,6,일산,1,5
110,07:30,8,8,동탄/용인,2,"7,37"
111,07:31,10,10,인천공항,1,8
111,07:31,5,5,김포공항,1,2
111,07:31,6,6,일산,1,5
111,07:31,8,8,동탄/용인,2,"7,26"
112,07:32,10,10,인천공항,1,8
112,07:32,5,5,김포공항,1,2
112,07:32,6,6,일산,2,"3,6"
112,07:32,8,8,동탄/용인,1,26
112,07:32,9,9,평택,1,18
113,07:33,10,10,인천공항,1,8
113,07:33,5,5,김포공항,1,2
113,07:33,6,6,일산,3,"3,6,39"
113,07:33,8,8,동탄/용인,1,26
113,07:33,9,9,평택,1,18
114,07:34,6,6,일산,5,"3,6,12,39,40"
114,07:34,8,8,동탄/용인,1,11
114,07:34,9,9,평택,1,18
115,07:35,6,6,일산,4,"10,12,39,40"
115,07:35,8,8,동탄/용인,1,11
116,07:36,6,6,일산,5,"4,10,12,36,40"
116,07:36,8,8,동탄/용인,1,11
117,07:37,3,3,삼성,1,28
117,07:37,5,5,김포공항,1,14
117,07:37,6,6,일산,4,"4,10,25,36"
118,07:38,3,3,삼성,2,"17,28"
118,07:38,4,4,여의도,1,15
118,07:38,5,5,김포공항,1,14
118,07:38,6,6,일산,3,"4,25,36"
119,07:39,3,3,삼성,2,"17,28"
119,07:39,4,4,여의도,1,15
119,07:39,5,5,김포공항,2,"14,34"
119,07:39,6,6,일산,2,"1,25"
119,07:39,8,8,동탄/용인,1,9
120,07:40,10,10,인천공항,1,21
120,07:40,2,2,수서,1,27
120,07:40,3,3,삼성,1,17
120,07:40,4,4,여의도,1,15
120,07:40,5,5,김포공항,1,34
120,07:40,6,6,일산,1,1
120,07:40,8,8,동탄/용인,1,9
121,07:41,10,10,인천공항,1,21
121,07:41,2,2,수서,1,27
121,07:41,5,5,김포공항,1,34
121,07:41,6,6,일산,1,1
121,07:41,8,8,동탄/용인,1,9
121,07:41,9,9,평택,2,"20,23"
122,07:42,10,10,인천공항,1,21
122,07:42,2,2,수서,1,27
122,07:42,6,6,일산,1,4
122,07:42,9,9,평택,2,"20,23"
123,07:43,2,2,수서,1,37
123,07:43,6,6,일산,2,"4,13"
123,07:43,9,9,평택,2,"20,23"
124,07:44,10,10,인천공항,1,31
124,07:44,2,2,수서,1,37
124,07:44,6,6,일산,2,"4,13"
125,07:45,1,1,서울역,1,39
125,07:45,10,10,인천공항,1,31
125,07:45,2,2,수서,1,37
125,07:45,4,4,여의도,1,7
125,07:45,6,6,일산,1,13
126,07:46,1,1,서울역,2,"39,40"
126,07:46,10,10,인천공항,1,31
126,07:46,2,2,수서,1,26
126,07:46,4,4,여의도,1,7
126,07:46,6,6,일산,2,"3,13"
127,07:47,1,1,서울역,2,"39,40"
127,07:47,2,2,수서,1,26
127,07:47,4,4,여의도,1,7
127,07:47,6,6,일산,2,"3,13"
127,07:47,9,9,평택,1,20
128,07:48,1,1,서울역,2,"36,40"
128,07:48,2,2,수서,1,26
128,07:48,6,6,일산,2,"3,13"
128,07:48,9,9,평택,2,"20,24"
129,07:49,1,1,서울역,2,"25,36"
129,07:49,2,2,수서,1,22
129,07:49,3,3,삼성,1,12
129,07:49,7,7,판교,1,6
129,07:49,9,9,평택,2,"20,24"
130,07:50,1,1,서울역,2,"25,36"
130,07:50,2,2,수서,2,"14,22"
130,07:50,3,3,삼성,1,12
130,07:50,6,6,일산,1,29
130,07:50,7,7,판교,1,6
130,07:50,9,9,평택,1,24
131,07:51,1,1,서울역,2,"1,25"
131,07:51,2,2,수서,3,"10,14,22"
131,07:51,3,3,삼성,1,12
131,07:51,6,6,일산,1,29
131,07:51,7,7,판교,1,6
132,07:52,1,1,서울역,1,1
132,07:52,2,2,수서,2,"10,14"
132,07:52,3,3,삼성,1,19
132,07:52,6,6,일산,2,"16,29"
132,07:52,8,8,동탄/용인,1,28
133,07:53,1,1,서울역,1,1
133,07:53,2,2,수서,1,10
133,07:53,3,3,삼성,1,19
133,07:53,6,6,일산,1,16
133,07:53,8,8,동탄/용인,1,28
134,07:54,3,3,삼성,1,19
134,07:54,6,6,일산,1,16
134,07:54,7,7,판교,2,"33,34"
134,07:54,8,8,동탄/용인,1,28
134,07:54,9,9,평택,2,"0,5"
135,07:55,10,10,인천공항,1,15
135,07:55,7,7,판교,2,"33,34"
135,07:55,9,9,평택,3,"0,5,8"
136,07:56,10,10,인천공항,1,15
136,07:56,7,7,판교,2,"33,34"
136,07:56,9,9,평택,3,"0,5,8"
137,07:57,10,10,인천공항,1,15
137,07:57,3,3,삼성,1,4
137,07:57,6,6,일산,1,18
137,07:57,9,9,평택,1,8
138,07:58,3,3,삼성,2,"4,12"
138,07:58,6,6,일산,1,18
139,07:59,2,2,수서,1,10
139,07:59,3,3,삼성,2,"4,12"
139,07:59,6,6,일산,1,18
140,08:00,2,2,수서,1,10
140,08:00,3,3,삼성,1,12
140,08:00,4,4,여의도,1,22
140,08:00,8,8,동탄/용인,1,11
141,08:01,2,2,수서,2,"10,26"
141,08:01,3,3,삼성,2,"4,13"
141,08:01,4,4,여의도,1,22
141,08:01,6,6,일산,1,18
141,08:01,8,8,동탄/용인,1,11
142,08:02,2,2,수서,1,26
142,08:02,3,3,삼성,2,"4,13"
142,08:02,4,4,여의도,1,22
142,08:02,6,6,일산,1,18
142,08:02,8,8,동탄/용인,1,11
142,08:02,9,9,평택,1,32
143,08:03,2,2,수서,1,26
143,08:03,3,3,삼성,2,"4,13"
143,08:03,6,6,일산,1,18
143,08:03,9,9,평택,2,"32,35"
144,08:04,9,9,평택,3,"21,32,35"
145,08:05,3,3,삼성,1,29
145,08:05,9,9,평택,2,"21,35"
146,08:06,3,3,삼성,1,29
146,08:06,4,4,여의도,1,33
146,08:06,6,6,일산,1,23
146,08:06,9,9,평택,1,21
147,08:07,2,2,수서,1,37
147,08:07,3,3,삼성,1,29
147,08:07,4,4,여의도,1,33
147,08:07,6,6,일산,2,"19,23"
147,08:07,8,8,동탄/용인,1,28
147,08:07,9,9,평택,1,21
148,08:08,2,2,수서,1,37
148,08:08,4,4,여의도,2,"7,33"
148,08:08,6,6,일산,2,"19,23"
148,08:08,7,7,판교,1,27
148,08:08,8,8,동탄/용인,1,28
148,08:08,9,9,평택,2,"21,31"
149,08:09,2,2,수서,1,37
149,08:09,4,4,여의도,1,7
149,08:09,6,6,일산,2,"19,25"
149,08:09,7,7,판교,1,27
149,08:09,8,8,동탄/용인,1,28
149,08:09,9,9,평택,2,"21,31"
150,08:10,4,4,여의도,1,7
150,08:10,6,6,일산,3,"19,23,25"
150,08:10,7,7,판교,1,27
150,08:10,9,9,평택,1,31
151,08:11,6,6,일산,3,"19,23,25"
151,08:11,9,9,평택,2,"0,3"
152,08:12,3,3,삼성,1,13
152,08:12,4,4,여의도,1,26
152,08:12,5,5,김포공항,1,10
152,08:12,6,6,일산,3,"19,23,25"
152,08:12,9,9,평택,4,"0,3,31,38"
153,08:13,3,3,삼성,1,13
153,08:13,4,4,여의도,1,26
153,08:13,5,5,김포공항,1,10
153,08:13,6,6,일산,2,"24,25"
153,08:13,9,9,평택,4,"0,3,31,38"
154,08:14,3,3,삼성,1,13
154,08:14,4,4,여의도,1,26
154,08:14,5,5,김포공항,1,10
154,08:14,6,6,일산,2,"24,25"
154,08:14,7,7,판교,1,6
154,08:14,8,8,동탄/용인,1,39
154,08:14,9,9,평택,2,"31,38"
155,08:15,6,6,일산,1,24
155,08:15,7,7,판교,1,6
155,08:15,8,8,동탄/용인,2,"39,40"
155,08:15,9,9,평택,1,31
156,08:16,10,10,인천공항,1,2
156,08:16,3,3,삼성,1,18
156,08:16,6,6,일산,1,24
156,08:16,7,7,판교,1,6
156,08:16,8,8,동탄/용인,3,"22,39,40"
156,08:16,9,9,평택,1,31
157,08:17,1,1,서울역,1,11
157,08:17,10,10,인천공항,1,2
157,08:17,3,3,삼성,1,18
157,08:17,6,6,일산,3,"16,24,30"
157,08:17,7,7,판교,1,14
157,08:17,8,8,동탄/용인,2,"22,40"
157,08:17,9,9,평택,3,"3,17,31"
158,08:18,1,1,서울역,1,11
158,08:18,10,10,인천공항,1,2
158,08:18,3,3,삼성,1,18
158,08:18,6,6,일산,4,"16,24,30,36"
158,08:18,7,7,판교,2,"14,34"
158,08:18,8,8,동탄/용인,1,22
158,08:18,9,9,평택,3,"3,12,17"
159,08:19,1,1,서울역,2,"11,37"
159,08:19,6,6,일산,3,"16,30,36"
159,08:19,7,7,판교,3,"14,32,34"
159,08:19,8,8,동탄/용인,1,9
159,08:19,9,9,평택,4,"3,12,15,17"
160,08:20,1,1,서울역,1,37
160,08:20,6,6,일산,2,"20,36"
160,08:20,7,7,판교,3,"32,34,35"
160,08:20,8,8,동탄/용인,1,9
160,08:20,9,9,평택,4,"5,8,12,15"
161,08:21,1,1,서울역,1,37
161,08:21,6,6,일산,1,20
161,08:21,7,7,판교,2,"32,35"
161,08:21,8,8,동탄/용인,1,9
161,08:21,9,9,평택,4,"4,5,8,15"
162,08:22,6,6,일산,1,20
162,08:22,7,7,판교,1,35
162,08:22,9,9,평택,4,"4,5,8,15"
163,08:23,9,9,평택,2,"4,15"
164,08:24,1,1,서울역,1,28
164,08:24,9,9,평택,2,"4,15"
165,08:25,1,1,서울역,1,28
165,08:25,3,3,삼성,2,"19,23"
165,08:25,6,6,일산,1,27
165,08:25,9,9,평택,1,4
166,08:26,1,1,서울역,1,28
166,08:26,3,3,삼성,2,"19,23"
166,08:26,6,6,일산,2,"20,27"
166,08:26,9,9,평택,1,4
167,08:27,3,3,삼성,2,"19,23"
167,08:27,6,6,일산,2,"20,27"
168,08:28,1,1,서울역,1,21
168,08:28,6,6,일산,1,20
168,08:28,9,9,평택,1,7
169,08:29,1,1,서울역,1,21
169,08:29,6,6,일산,1,1
169,08:29,7,7,판교,3,"25,35,38"
169,08:29,9,9,평택,1,7
170,08:30,1,1,서울역,1,21
170,08:30,6,6,일산,1,1
170,08:30,7,7,판교,3,"25,35,38"
170,08:30,9,9,평택,1,7
171,08:31,3,3,삼성,1,24
171,08:31,4,4,여의도,1,40
171,08:31,6,6,일산,2,"1,27"
171,08:31,7,7,판교,3,"25,35,38"
171,08:31,8,8,동탄/용인,1,32
171,08:31,9,9,평택,1,6
172,08:32,3,3,삼성,1,24
172,08:32,4,4,여의도,1,40
172,08:32,6,6,일산,1,27
172,08:32,7,7,판교,1,25
172,08:32,8,8,동탄/용인,2,"29,32"
172,08:32,9,9,평택,3,"6,7,13"
173,08:33,2,2,수서,1,16
173,08:33,3,3,삼성,1,24
173,08:33,4,4,여의도,1,40
173,08:33,5,5,김포공항,1,39
173,08:33,6,6,일산,1,27
173,08:33,7,7,판교,1,25
173,08:33,8,8,동탄/용인,2,"29,32"
173,08:33,9,9,평택,3,"6,7,13"
174,08:34,2,2,수서,1,16
174,08:34,5,5,김포공항,1,39
174,08:34,6,6,일산,1,14
174,08:34,7,7,판교,2,"17,25"
174,08:34,8,8,동탄/용인,2,"26,29"
174,08:34,9,9,평택,2,"7,13"
175,08:35,10,10,인천공항,1,10
175,08:35,2,2,수서,1,16
175,08:35,3,3,삼성,1,18
175,08:35,5,5,김포공항,2,"22,39"
175,08:35,6,6,일산,1,14
175,08:35,7,7,판교,1,17
175,08:35,8,8,동탄/용인,1,26
175,08:35,9,9,평택,2,"7,34"
176,08:36,1,1,서울역,2,"9,31"
176,08:36,10,10,인천공항,1,10
176,08:36,2,2,수서,1,16
176,08:36,3,3,삼성,1,18
176,08:36,5,5,김포공항,1,22
176,08:36,6,6,일산,3,"0,11,14"
176,08:36,7,7,판교,1,17
176,08:36,8,8,동탄/용인,1,26
176,08:36,9,9,평택,2,"7,34"
177,08:37,1,1,서울역,2,"9,31"
177,08:37,10,10,인천공항,1,10
177,08:37,2,2,수서,1,16
177,08:37,3,3,삼성,1,18
177,08:37,5,5,김포공항,1,22
177,08:37,6,6,일산,3,"0,11,14"
177,08:37,7,7,판교,2,"17,30"
177,08:37,8,8,동탄/용인,1,26
177,08:37,9,9,평택,2,"7,34"
178,08:38,1,1,서울역,2,"9,31"
178,08:38,2,2,수서,1,16
178,08:38,6,6,일산,3,"0,11,14"
178,08:38,7,7,판교,3,"17,30,36"
178,08:38,8,8,동탄/용인,1,26
179,08:39,1,1,서울역,1,31
179,08:39,10,10,인천공항,1,10
179,08:39,3,3,삼성,1,19
179,08:39,6,6,일산,1,14
179,08:39,7,7,판교,4,"15,17,30,36"
179,08:39,8,8,동탄/용인,2,"26,33"
180,08:40,1,1,서울역,1,31
180,08:40,10,10,인천공항,1,10
180,08:40,3,3,삼성,1,19
180,08:40,4,4,여의도,1,8
180,08:40,7,7,판교,2,"15,36"
180,08:40,8,8,동탄/용인,1,33
180,08:40,9,9,평택,1,2
181,08:41,1,1,서울역,1,31
181,08:41,10,10,인천공항,1,10
181,08:41,3,3,삼성,2,"19,20"
181,08:41,4,4,여의도,2,"8,35"
181,08:41,7,7,판교,1,15
181,08:41,8,8,동탄/용인,1,33
181,08:41,9,9,평택,1,2
182,08:42,3,3,삼성,1,20
182,08:42,4,4,여의도,2,"8,35"
182,08:42,9,9,평택,1,2
183,08:43,3,3,삼성,1,20
183,08:43,4,4,여의도,1,35
183,08:43,6,6,일산,1,0
184,08:44,1,1,서울역,1,9
184,08:44,3,3,삼성,2,"20,23"
184,08:44,6,6,일산,1,0
184,08:44,9,9,평택,1,12
185,08:45,1,1,서울역,1,9
185,08:45,2,2,수서,1,24
185,08:45,3,3,삼성,2,"20,23"
185,08:45,6,6,일산,3,"0,3,5"
185,08:45,9,9,평택,1,12
186,08:46,1,1,서울역,1,9
186,08:46,2,2,수서,1,24
186,08:46,3,3,삼성,3,"20,23,27"
186,08:46,6,6,일산,2,"3,5"
186,08:46,7,7,판교,1,1
186,08:46,9,9,평택,1,12
187,08:47,2,2,수서,1,24
187,08:47,3,3,삼성,1,27
187,08:47,6,6,일산,2,"3,5"
187,08:47,7,7,판교,1,1
188,08:48,1,1,서울역,1,32
188,08:48,3,3,삼성,1,27
188,08:48,4,4,여의도,1,29
188,08:48,6,6,일산,1,5
188,08:48,7,7,판교,1,1
188,08:48,9,9,평택,1,13
189,08:49,1,1,서울역,1,32
189,08:49,4,4,여의도,2,"17,29"
189,08:49,5,5,김포공항,1,16
189,08:49,6,6,일산,3,"5,21,40"
189,08:49,8,8,동탄/용인,2,"25,38"
189,08:49,9,9,평택,2,"13,34"
190,08:50,1,1,서울역,1,32
190,08:50,4,4,여의도,2,"17,29"
190,08:50,5,5,김포공항,1,16
190,08:50,6,6,일산,3,"5,21,40"
190,08:50,7,7,판교,1,36
190,08:50,8,8,동탄/용인,2,"25,38"
190,08:50,9,9,평택,3,"2,13,34"
191,08:51,4,4,여의도,1,17
191,08:51,5,5,김포공항,1,16
191,08:51,6,6,일산,4,"21,31,37,40"
191,08:51,7,7,판교,1,36
191,08:51,8,8,동탄/용인,2,"25,38"
191,08:51,9,9,평택,2,"2,34"
192,08:52,10,10,인천공항,1,22
192,08:52,3,3,삼성,1,14
192,08:52,6,6,일산,2,"31,37"
192,08:52,7,7,판교,1,36
192,08:52,9,9,평택,1,2
193,08:53,10,10,인천공항,1,22
193,08:53,3,3,삼성,1,14
193,08:53,4,4,여의도,1,26
193,08:53,6,6,일산,2,"31,37"
193,08:53,7,7,판교,1,11
194,08:54,10,10,인천공항,2,"22,39"
194,08:54,3,3,삼성,1,14
194,08:54,4,4,여의도,2,"8,26"
194,08:54,7,7,판교,1,11
194,08:54,8,8,동탄/용인,1,30
195,08:55,10,10,인천공항,1,39
195,08:55,3,3,삼성,1,14
195,08:55,4,4,여의도,2,"8,26"
195,08:55,6,6,일산,1,31
195,08:55,7,7,판교,1,11
195,08:55,8,8,동탄/용인,1,30
195,08:55,9,9,평택,1,18
196,08:56,1,1,서울역,1,33
196,08:56,10,10,인천공항,1,39
196,08:56,3,3,삼성,1,14
196,08:56,4,4,여의도,3,"8,24,26"
196,08:56,6,6,일산,1,31
196,08:56,7,7,판교,1,11
196,08:56,8,8,동탄/용인,1,30
196,08:56,9,9,평택,1,18
197,08:57,1,1,서울역,1,33
197,08:57,10,10,인천공항,1,39
197,08:57,3,3,삼성,1,14
197,08:57,4,4,여의도,3,"8,24,26"
197,08:57,6,6,일산,4,"3,4,28,31"
197,08:57,7,7,판교,1,11
197,08:57,9,9,평택,1,18
198,08:58,1,1,서울역,1,33
198,08:58,10,10,인천공항,1,39
198,08:58,3,3,삼성,1,27
198,08:58,4,4,여의도,3,"8,24,26"
198,08:58,6,6,일산,3,"3,4,28"
198,08:58,7,7,판교,1,11
198,08:58,8,8,동탄/용인,2,"1,35"
199,08:59,10,10,인천공항,1,39
199,08:59,3,3,삼성,2,"27,32"
199,08:59,4,4,여의도,1,8
199,08:59,6,6,일산,3,"3,4,28"
199,08:59,8,8,동탄/용인,2,"1,35"
199,08:59,9,9,평택,2,"18,19"
200,09:00,3,3,삼성,2,"27,32"
200,09:00,5,5,김포공항,1,16
200,09:00,6,6,일산,1,7
200,09:00,8,8,동탄/용인,2,"1,35"
200,09:00,9,9,평택,2,"18,19"
201,09:01,3,3,삼성,1,32
201,09:01,5,5,김포공항,1,16
201,09:01,6,6,일산,1,7
201,09:01,9,9,평택,2,"18,19"
202,09:02,5,5,김포공항,1,16
202,09:02,6,6,일산,1,7
203,09:03,3,3,삼성,1,5
203,09:03,6,6,일산,1,7
203,09:03,9,9,평택,2,"6,10"
204,09:04,3,3,삼성,3,"5,21,40"
204,09:04,4,4,여의도,1,12
204,09:04,6,6,일산,1,7
204,09:04,9,9,평택,3,"6,10,23"
205,09:05,3,3,삼성,3,"5,21,40"
205,09:05,4,4,여의도,1,12
205,09:05,6,6,일산,1,7
205,09:05,7,7,판교,1,13
205,09:05,9,9,평택,4,"6,9,10,23"
206,09:06,1,1,서울역,1,25
206,09:06,3,3,삼성,3,"21,37,40"
206,09:06,4,4,여의도,1,12
206,09:06,6,6,일산,1,4
206,09:06,7,7,판교,2,"13,34"
206,09:06,9,9,평택,3,"9,10,23"
207,09:07,1,1,서울역,1,25
207,09:07,3,3,삼성,1,37
207,09:07,6,6,일산,2,"4,36"
207,09:07,7,7,판교,2,"13,34"
207,09:07,9,9,평택,2,"9,10"
208,09:08,1,1,서울역,1,25
208,09:08,3,3,삼성,2,"5,37"
208,09:08,4,4,여의도,2,"11,12"
208,09:08,5,5,김포공항,1,38
208,09:08,6,6,일산,2,"4,36"
208,09:08,7,7,판교,1,34
208,09:08,9,9,평택,1,10
209,09:09,3,3,삼성,1,5
209,09:09,4,4,여의도,2,"11,12"
209,09:09,5,5,김포공항,2,"24,38"
209,09:09,6,6,일산,1,36
209,09:09,9,9,평택,1,9
210,09:10,3,3,삼성,1,5
210,09:10,4,4,여의도,2,"11,12"
210,09:10,5,5,김포공항,3,"17,24,38"
210,09:10,8,8,동탄/용인,1,19
210,09:10,9,9,평택,1,9
211,09:11,1,1,서울역,1,30
211,09:11,4,4,여의도,1,32
211,09:11,5,5,김포공항,2,"17,24"
211,09:11,7,7,판교,1,13
211,09:11,8,8,동탄/용인,1,19
211,09:11,9,9,평택,1,9
212,09:12,1,1,서울역,1,30
212,09:12,2,2,수서,1,40
212,09:12,3,3,삼성,1,28
212,09:12,4,4,여의도,1,32
212,09:12,5,5,김포공항,1,17
212,09:12,7,7,판교,2,"13,31"
212,09:12,8,8,동탄/용인,1,19
212,09:12,9,9,평택,1,15
213,09:13,1,1,서울역,1,30
213,09:13,2,2,수서,1,40
213,09:13,3,3,삼성,2,"16,28"
213,09:13,4,4,여의도,1,32
213,09:13,6,6,일산,1,27
213,09:13,7,7,판교,2,"13,31"
213,09:13,9,9,평택,1,15
214,09:14,2,2,수서,1,40
214,09:14,3,3,삼성,2,"16,28"
214,09:14,4,4,여의도,1,35
214,09:14,6,6,일산,1,27
214,09:14,7,7,판교,1,31
214,09:14,9,9,평택,1,15
215,09:15,1,1,서울역,1,1
215,09:15,10,10,인천공항,1,26
215,09:15,2,2,수서,1,21
215,09:15,3,3,삼성,1,16
215,09:15,4,4,여의도,1,35
215,09:15,6,6,일산,2,"2,27"
215,09:15,7,7,판교,1,31
215,09:15,9,9,평택,1,14
216,09:16,1,1,서울역,1,1
216,09:16,10,10,인천공항,1,26
216,09:16,2,2,수서,2,"21,37"
216,09:16,4,4,여의도,1,35
216,09:16,6,6,일산,1,2
216,09:16,7,7,판교,2,"18,31"
216,09:16,9,9,평택,2,"0,14"
217,09:17,1,1,서울역,1,1
217,09:17,10,10,인천공항,1,26
217,09:17,2,2,수서,3,"21,34,37"
217,09:17,6,6,일산,1,2
217,09:17,7,7,판교,2,"18,31"
217,09:17,9,9,평택,3,"0,8,14"
218,09:18,1,1,서울역,1,1
218,09:18,2,2,수서,2,"34,37"
218,09:18,6,6,일산,1,2
218,09:18,7,7,판교,1,18
218,09:18,8,8,동탄/용인,1,10
218,09:18,9,9,평택,3,"0,8,20"
219,09:19,1,1,서울역,1,1
219,09:19,2,2,수서,2,"12,34"
219,09:19,5,5,김포공항,2,"11,38"
219,09:19,6,6,일산,1,2
219,09:19,8,8,동탄/용인,1,10
219,09:19,9,9,평택,3,"0,8,20"
220,09:20,1,1,서울역,1,1
220,09:20,2,2,수서,1,12
220,09:20,5,5,김포공항,2,"11,38"
220,09:20,6,6,일산,2,"2,7"
220,09:20,8,8,동탄/용인,1,10
220,09:20,9,9,평택,3,"0,8,20"
221,09:21,2,2,수서,1,12
221,09:21,3,3,삼성,1,4
221,09:21,5,5,김포공항,2,"11,38"
221,09:21,6,6,일산,1,7
221,09:21,7,7,판교,1,18
221,09:21,9,9,평택,3,"0,8,39"
222,09:22,2,2,수서,1,24
222,09:22,3,3,삼성,1,4
222,09:22,6,6,일산,1,7
222,09:22,7,7,판교,1,18
222,09:22,9,9,평택,3,"3,8,39"
223,09:23,1,1,서울역,1,13
223,09:23,2,2,수서,1,24
223,09:23,3,3,삼성,1,4
223,09:23,4,4,여의도,1,40
223,09:23,7,7,판교,1,18
223,09:23,9,9,평택,2,"3,39"
224,09:24,1,1,서울역,1,13
224,09:24,2,2,수서,1,24
224,09:24,4,4,여의도,1,40
224,09:24,9,9,평택,2,"3,39"
225,09:25,1,1,서울역,1,13
225,09:25,2,2,수서,2,"16,24"
225,09:25,4,4,여의도,1,40
225,09:25,7,7,판교,1,17
225,09:25,9,9,평택,2,"22,39"
226,09:26,1,1,서울역,1,13
226,09:26,2,2,수서,2,"16,24"
226,09:26,4,4,여의도,1,19
226,09:26,7,7,판교,2,"9,17"
226,09:26,9,9,평택,2,"22,39"
227,09:27,1,1,서울역,1,13
227,09:27,2,2,수서,4,"12,16,24,28"
227,09:27,4,4,여의도,2,"19,37"
227,09:27,7,7,판교,2,"9,17"
227,09:27,9,9,평택,2,"3,22"
228,09:28,1,1,서울역,1,13
228,09:28,2,2,수서,2,"12,28"
228,09:28,4,4,여의도,3,"19,34,37"
228,09:28,6,6,일산,2,"6,36"
228,09:28,7,7,판교,1,9
228,09:28,9,9,평택,2,"3,5"
229,09:29,2,2,수서,2,"12,28"
229,09:29,4,4,여의도,2,"34,37"
229,09:29,5,5,김포공항,1,32
229,09:29,6,6,일산,5,"6,25,30,33,36"
229,09:29,7,7,판교,2,"9,15"
229,09:29,9,9,평택,2,"3,5"
230,09:30,4,4,여의도,1,34
230,09:30,5,5,김포공항,2,"32,35"
230,09:30,6,6,일산,5,"6,25,30,33,36"
230,09:30,7,7,판교,2,"9,15"
230,09:30,9,9,평택,2,"3,5"
231,09:31,5,5,김포공항,3,"21,32,35"
231,09:31,6,6,일산,3,"25,30,33"
231,09:31,7,7,판교,2,"9,15"
231,09:31,8,8,동탄/용인,1,8
231,09:31,9,9,평택,1,3
232,09:32,1,1,서울역,1,7
232,09:32,2,2,수서,1,11
232,09:32,5,5,김포공항,2,"21,35"
232,09:32,6,6,일산,1,25
232,09:32,8,8,동탄/용인,2,"8,23"
232,09:32,9,9,평택,1,3
233,09:33,1,1,서울역,2,"7,18"
233,09:33,2,2,수서,1,11
233,09:33,3,3,삼성,1,4
233,09:33,5,5,김포공항,1,21
233,09:33,6,6,일산,1,25
233,09:33,8,8,동탄/용인,2,"8,23"
234,09:34,1,1,서울역,2,"7,18"
234,09:34,2,2,수서,2,"2,11"
234,09:34,3,3,삼성,1,4
234,09:34,6,6,일산,1,25
234,09:34,7,7,판교,1,38
234,09:34,8,8,동탄/용인,1,23
234,09:34,9,9,평택,1,5
235,09:35,1,1,서울역,2,"10,18"
235,09:35,2,2,수서,2,"2,11"
235,09:35,3,3,삼성,1,4
235,09:35,7,7,판교,1,38
235,09:35,9,9,평택,1,5
236,09:36,1,1,서울역,1,10
236,09:36,10,10,인천공항,1,29
236,09:36,2,2,수서,2,"2,11"
236,09:36,4,4,여의도,2,"16,24"
236,09:36,6,6,일산,1,6
236,09:36,7,7,판교,2,"15,38"
236,09:36,8,8,동탄/용인,1,14
236,09:36,9,9,평택,1,5
237,09:37,1,1,서울역,1,10
237,09:37,10,10,인천공항,1,29
237,09:37,2,2,수서,2,"2,11"
237,09:37,4,4,여의도,2,"16,24"
237,09:37,6,6,일산,2,"6,27"
237,09:37,7,7,판교,1,15
237,09:37,8,8,동탄/용인,1,14
237,09:37,9,9,평택,1,5
238,09:38,10,10,인천공항,1,29
238,09:38,2,2,수서,1,2
238,09:38,4,4,여의도,3,"16,24,28"
238,09:38,5,5,김포공항,1,37
238,09:38,6,6,일산,2,"6,27"
238,09:38,7,7,판교,1,15
238,09:38,8,8,동탄/용인,1,14
238,09:38,9,9,평택,1,5
239,09:39,2,2,수서,1,2
239,09:39,4,4,여의도,1,28
239,09:39,5,5,김포공항,1,37
239,09:39,6,6,일산,1,27
239,09:39,9,9,평택,2,"5,26"
240,09:40,4,4,여의도,1,28
240,09:40,5,5,김포공항,2,"12,37"
240,09:40,9,9,평택,1,26
241,09:41,1,1,서울역,1,9
241,09:41,4,4,여의도,1,19
241,09:41,5,5,김포공항,1,12
241,09:41,9,9,평택,1,26
242,09:42,1,1,서울역,1,9
242,09:42,4,4,여의도,1,19
242,09:42,5,5,김포공항,1,12
243,09:43,1,1,서울역,1,9
243,09:43,3,3,삼성,1,36
243,09:43,4,4,여의도,1,19
244,09:44,3,3,삼성,1,36
244,09:44,4,4,여의도,1,16
244,09:44,7,7,판교,2,"23,32"
245,09:45,3,3,삼성,1,36
245,09:45,4,4,여의도,1,16
245,09:45,7,7,판교,3,"23,32,35"
246,09:46,3,3,삼성,1,36
246,09:46,4,4,여의도,2,"11,16"
246,09:46,7,7,판교,5,"23,30,32,33,35"
246,09:46,9,9,평택,1,1
247,09:47,3,3,삼성,1,36
247,09:47,4,4,여의도,2,"8,11"
247,09:47,7,7,판교,5,"3,30,32,33,35"
247,09:47,9,9,평택,2,"1,13"
248,09:48,3,3,삼성,1,36
248,09:48,4,4,여의도,4,"2,8,11,15"
248,09:48,5,5,김포공항,1,21
248,09:48,7,7,판교,4,"3,30,32,33"
248,09:48,9,9,평택,2,"1,13"
249,09:49,2,2,수서,1,10
249,09:49,4,4,여의도,3,"2,8,15"
249,09:49,5,5,김포공항,1,21
249,09:49,6,6,일산,1,18
249,09:49,7,7,판교,4,"3,25,32,33"
249,09:49,8,8,동탄/용인,1,38
249,09:49,9,9,평택,1,13
250,09:50,2,2,수서,1,10
250,09:50,4,4,여의도,2,"2,15"
250,09:50,5,5,김포공항,1,21
250,09:50,6,6,일산,1,18
250,09:50,7,7,판교,3,"3,25,33"
250,09:50,8,8,동탄/용인,1,38
251,09:51,2,2,수서,2,"7,10"
251,09:51,3,3,삼성,1,6
251,09:51,6,6,일산,1,18
251,09:51,7,7,판교,3,"3,25,33"
251,09:51,8,8,동탄/용인,2,"31,38"
252,09:52,2,2,수서,2,"7,19"
252,09:52,3,3,삼성,1,6
252,09:52,4,4,여의도,1,14
252,09:52,7,7,판교,2,"3,25"
252,09:52,8,8,동탄/용인,1,31
253,09:53,2,2,수서,2,"7,19"
253,09:53,3,3,삼성,1,6
253,09:53,4,4,여의도,1,14
253,09:53,7,7,판교,2,"25,37"
253,09:53,8,8,동탄/용인,1,31
253,09:53,9,9,평택,1,4
254,09:54,2,2,수서,1,19
254,09:54,4,4,여의도,1,14
254,09:54,7,7,판교,3,"5,25,37"
254,09:54,9,9,평택,2,"4,13"
255,09:55,2,2,수서,1,16
255,09:55,7,7,판교,2,"5,37"
255,09:55,9,9,평택,2,"4,13"
256,09:56,1,1,서울역,1,9
256,09:56,2,2,수서,1,16
256,09:56,7,7,판교,1,5
256,09:56,9,9,평택,1,13
257,09:57,1,1,서울역,1,9
257,09:57,2,2,수서,1,16
257,09:57,6,6,일산,1,0
257,09:57,7,7,판교,1,5
257,09:57,9,9,평택,1,24
258,09:58,1,1,서울역,1,9
258,09:58,4,4,여의도,1,36
258,09:58,6,6,일산,1,0
258,09:58,7,7,판교,1,5
258,09:58,9,9,평택,1,24
259,09:59,4,4,여의도,2,"32,36"
259,09:59,6,6,일산,1,0
259,09:59,7,7,판교,1,5
259,09:59,9,9,평택,1,24
260,10:00,3,3,삼성,1,6
260,10:00,4,4,여의도,4,"8,10,32,36"
260,10:00,6,6,일산,1,0
260,10:00,9,9,평택,1,29
261,10:01,1,1,서울역,1,33
261,10:01,2,2,수서,1,19
261,10:01,3,3,삼성,1,6
261,10:01,4,4,여의도,5,"8,10,32,36,40"
261,10:01,6,6,일산,1,0
261,10:01,7,7,판교,1,35
261,10:01,9,9,평택,1,29
262,10:02,1,1,서울역,1,33
262,10:02,2,2,수서,1,19
262,10:02,3,3,삼성,1,6
262,10:02,4,4,여의도,4,"8,10,36,40"
262,10:02,6,6,일산,1,0
262,10:02,7,7,판교,2,"17,35"
262,10:02,9,9,평택,2,"27,29"
263,10:03,1,1,서울역,1,33
263,10:03,2,2,수서,1,19
263,10:03,4,4,여의도,2,"36,40"
263,10:03,7,7,판교,3,"17,21,35"
263,10:03,9,9,평택,2,"27,29"
264,10:04,5,5,김포공항,1,7
264,10:04,7,7,판교,2,"17,21"
264,10:04,9,9,평택,2,"27,29"
265,10:05,2,2,수서,1,19
265,10:05,4,4,여의도,2,"28,38"
265,10:05,5,5,김포공항,1,7
265,10:05,7,7,판교,1,21
265,10:05,9,9,평택,3,"1,27,29"
266,10:06,2,2,수서,1,19
266,10:06,4,4,여의도,3,"14,28,38"
266,10:06,5,5,김포공항,1,7
266,10:06,7,7,판교,1,18
266,10:06,9,9,평택,3,"1,20,27"
267,10:07,1,1,서울역,1,33
267,10:07,2,2,수서,1,19
267,10:07,4,4,여의도,4,"14,28,31,38"
267,10:07,7,7,판교,1,18
267,10:07,9,9,평택,4,"1,4,20,27"
268,10:08,1,1,서울역,1,33
268,10:08,4,4,여의도,3,"2,14,31"
268,10:08,7,7,판교,1,18
268,10:08,9,9,평택,4,"4,20,22,27"
269,10:09,1,1,서울역,1,33
269,10:09,3,3,삼성,1,25
269,10:09,4,4,여의도,2,"2,31"
269,10:09,6,6,일산,1,34
269,10:09,9,9,평택,3,"4,22,27"
270,10:10,3,3,삼성,1,25
270,10:10,4,4,여의도,1,2
270,10:10,6,6,일산,1,34
270,10:10,9,9,평택,2,"22,27"
271,10:11,2,2,수서,1,16
271,10:11,3,3,삼성,1,25
271,10:11,6,6,일산,3,"15,32,34"
272,10:12,2,2,수서,2,"16,36"
272,10:12,6,6,일산,2,"15,32"
273,10:13,2,2,수서,2,"16,36"
273,10:13,3,3,삼성,1,23
273,10:13,4,4,여의도,2,"10,35"
273,10:13,6,6,일산,2,"15,32"
274,10:14,2,2,수서,1,36
274,10:14,3,3,삼성,1,23
274,10:14,4,4,여의도,3,"10,17,35"
275,10:15,3,3,삼성,1,23
275,10:15,4,4,여의도,4,"10,11,17,35"
275,10:15,9,9,평택,1,3
276,10:16,2,2,수서,1,28
276,10:16,4,4,여의도,2,"11,17"
276,10:16,9,9,평택,1,3
277,10:17,2,2,수서,2,"14,28"
277,10:17,4,4,여의도,2,"11,35"
277,10:17,6,6,일산,1,38
277,10:17,9,9,평택,2,"3,9"
278,10:18,10,10,인천공항,2,"37,40"
278,10:18,2,2,수서,2,"14,28"
278,10:18,3,3,삼성,1,30
278,10:18,4,4,여의도,1,35
278,10:18,5,5,김포공항,2,"12,19"
278,10:18,6,6,일산,1,38
278,10:18,9,9,평택,3,"3,5,9"
279,10:19,10,10,인천공항,2,"37,40"
279,10:19,2,2,수서,2,"2,14"
279,10:19,3,3,삼성,1,30
279,10:19,4,4,여의도,1,35
279,10:19,5,5,김포공항,2,"12,19"
279,10:19,6,6,일산,3,"13,31,38"
279,10:19,9,9,평택,3,"3,5,9"
280,10:20,1,1,서울역,1,25
280,10:20,10,10,인천공항,2,"37,40"
280,10:20,2,2,수서,1,2
280,10:20,3,3,삼성,1,30
280,10:20,5,5,김포공항,2,"12,19"
280,10:20,6,6,일산,2,"13,31"
280,10:20,9,9,평택,4,"3,5,6,8"
281,10:21,1,1,서울역,1,25
281,10:21,2,2,수서,1,2
281,10:21,5,5,김포공항,1,19
281,10:21,6,6,일산,2,"13,31"
281,10:21,9,9,평택,2,"6,8"
282,10:22,1,1,서울역,1,25
282,10:22,5,5,김포공항,1,19
282,10:22,9,9,평택,2,"6,8"
283,10:23,1,1,서울역,1,25
283,10:23,4,4,여의도,1,29
283,10:23,5,5,김포공항,1,19
283,10:23,6,6,일산,1,13
283,10:23,9,9,평택,1,6
284,10:24,1,1,서울역,1,25
284,10:24,4,4,여의도,1,29
284,10:24,6,6,일산,1,13
284,10:24,9,9,평택,1,6
285,10:25,1,1,서울역,1,25
285,10:25,2,2,수서,1,34
285,10:25,4,4,여의도,1,29
285,10:25,5,5,김포공항,1,7
285,10:25,6,6,일산,1,13
285,10:25,9,9,평택,1,6
286,10:26,10,10,인천공항,1,40
286,10:26,2,2,수서,1,34
286,10:26,4,4,여의도,1,29
286,10:26,5,5,김포공항,1,7
286,10:26,9,9,평택,2,"8,26"
287,10:27,10,10,인천공항,1,40
287,10:27,2,2,수서,2,"32,34"
287,10:27,4,4,여의도,2,"17,29"
287,10:27,5,5,김포공항,1,7
287,10:27,6,6,일산,1,16
287,10:27,7,7,판교,1,24
287,10:27,9,9,평택,3,"8,26,39"
288,10:28,10,10,인천공항,1,40
288,10:28,2,2,수서,1,32
288,10:28,4,4,여의도,3,"17,27,29"
288,10:28,5,5,김포공항,1,20
288,10:28,6,6,일산,1,16
288,10:28,7,7,판교,2,"15,24"
288,10:28,9,9,평택,4,"8,26,33,39"
289,10:29,1,1,서울역,1,28
289,10:29,10,10,인천공항,1,1
289,10:29,2,2,수서,1,32
289,10:29,3,3,삼성,1,2
289,10:29,4,4,여의도,2,"17,27"
289,10:29,5,5,김포공항,1,20
289,10:29,6,6,일산,1,16
289,10:29,7,7,판교,2,"15,24"
289,10:29,8,8,동탄/용인,1,21
289,10:29,9,9,평택,2,"33,39"
290,10:30,1,1,서울역,1,28
290,10:30,10,10,인천공항,1,1
290,10:30,3,3,삼성,1,2
290,10:30,4,4,여의도,1,27
290,10:30,5,5,김포공항,2,"20,22"
290,10:30,7,7,판교,1,15
290,10:30,8,8,동탄/용인,2,"18,21"
290,10:30,9,9,평택,1,33
291,10:31,1,1,서울역,1,28
291,10:31,10,10,인천공항,2,"1,4"
291,10:31,3,3,삼성,2,"2,14"
291,10:31,4,4,여의도,1,27
291,10:31,5,5,김포공항,1,22
291,10:31,8,8,동탄/용인,2,"18,21"
292,10:32,10,10,인천공항,1,4
292,10:32,3,3,삼성,2,"14,38"
292,10:32,4,4,여의도,1,27
292,10:32,5,5,김포공항,1,22
292,10:32,8,8,동탄/용인,1,18
293,10:33,10,10,인천공항,1,4
293,10:33,3,3,삼성,2,"14,38"
293,10:33,4,4,여의도,1,27
293,10:33,6,6,일산,1,30
293,10:33,8,8,동탄/용인,1,35
293,10:33,9,9,평택,2,"10,23"
294,10:34,10,10,인천공항,1,4
294,10:34,3,3,삼성,1,38
294,10:34,6,6,일산,2,"16,30"
294,10:34,8,8,동탄/용인,1,35
294,10:34,9,9,평택,3,"10,23,33"
295,10:35,10,10,인천공항,1,4
295,10:35,6,6,일산,2,"16,30"
295,10:35,8,8,동탄/용인,1,35
295,10:35,9,9,평택,4,"10,11,23,33"
296,10:36,10,10,인천공항,1,4
296,10:36,6,6,일산,1,16
296,10:36,9,9,평택,3,"11,33,36"
297,10:37,2,2,수서,1,29
297,10:37,5,5,김포공항,1,19
297,10:37,9,9,평택,2,"11,36"
298,10:38,2,2,수서,1,29
298,10:38,5,5,김포공항,1,19
298,10:38,9,9,평택,1,36
299,10:39,2,2,수서,2,"29,32"
299,10:39,5,5,김포공항,1,19
299,10:39,6,6,일산,1,30
299,10:39,9,9,평택,2,"0,23"
300,10:40,2,2,수서,1,32
300,10:40,4,4,여의도,1,27
300,10:40,6,6,일산,1,30
300,10:40,9,9,평택,4,"0,9,12,23"
301,10:41,2,2,수서,1,32
301,10:41,4,4,여의도,1,27
301,10:41,6,6,일산,1,30
301,10:41,9,9,평택,5,"0,9,10,12,23"
302,10:42,4,4,여의도,1,27
302,10:42,6,6,일산,1,40
302,10:42,8,8,동탄/용인,1,35
302,10:42,9,9,평택,3,"9,10,12"
303,10:43,6,6,일산,1,40
303,10:43,8,8,동탄/용인,1,35
303,10:43,9,9,평택,2,"0,10"
304,10:44,3,3,삼성,2,"37,38"
304,10:44,6,6,일산,1,40
304,10:44,8,8,동탄/용인,1,35
304,10:44,9,9,평택,4,"0,10,25,31"
305,10:45,3,3,삼성,2,"37,38"
305,10:45,5,5,김포공항,1,6
305,10:45,9,9,평택,4,"0,10,25,31"
306,10:46,3,3,삼성,2,"37,38"
306,10:46,4,4,여의도,1,26
306,10:46,5,5,김포공항,1,6
306,10:46,9,9,평택,3,"10,25,31"
307,10:47,4,4,여의도,2,"26,39"
307,10:47,5,5,김포공항,1,6
307,10:47,9,9,평택,2,"7,17"
308,10:48,3,3,삼성,1,37
308,10:48,4,4,여의도,2,"26,39"
308,10:48,5,5,김포공항,1,8
308,10:48,6,6,일산,1,40
308,10:48,9,9,평택,2,"7,17"
309,10:49,3,3,삼성,1,37
309,10:49,4,4,여의도,2,"26,39"
309,10:49,5,5,김포공항,1,8
309,10:49,6,6,일산,1,40
309,10:49,9,9,평택,3,"2,7,17"
310,10:50,3,3,삼성,2,"15,37"
310,10:50,4,4,여의도,2,"26,39"
310,10:50,5,5,김포공항,1,8
310,10:50,6,6,일산,1,40
310,10:50,9,9,평택,3,"2,7,28"
311,10:51,3,3,삼성,1,15
311,10:51,4,4,여의도,2,"26,39"
311,10:51,5,5,김포공항,1,8
311,10:51,6,6,일산,1,21
311,10:51,9,9,평택,4,"2,7,14,28"
312,10:52,1,1,서울역,1,3
312,10:52,10,10,인천공항,1,20
312,10:52,2,2,수서,1,29
312,10:52,3,3,삼성,2,"15,34"
312,10:52,4,4,여의도,1,39
312,10:52,5,5,김포공항,1,8
312,10:52,6,6,일산,2,"18,21"
312,10:52,7,7,판교,1,27
312,10:52,9,9,평택,3,"7,14,28"
313,10:53,1,1,서울역,1,3
313,10:53,10,10,인천공항,1,20
313,10:53,2,2,수서,1,29
313,10:53,3,3,삼성,1,34
313,10:53,5,5,김포공항,1,8
313,10:53,6,6,일산,2,"18,21"
313,10:53,7,7,판교,1,27
313,10:53,9,9,평택,1,14
314,10:54,1,1,서울역,1,3
314,10:54,10,10,인천공항,1,20
314,10:54,2,2,수서,2,"5,29"
314,10:54,3,3,삼성,2,"33,34"
314,10:54,6,6,일산,2,"18,21"
314,10:54,7,7,판교,1,27
314,10:54,9,9,평택,1,11
315,10:55,1,1,서울역,1,3
315,10:55,2,2,수서,2,"5,30"
315,10:55,3,3,삼성,1,33
315,10:55,6,6,일산,1,21
315,10:55,9,9,평택,2,"11,12"
316,10:56,1,1,서울역,1,3
316,10:56,2,2,수서,2,"5,30"
316,10:56,3,3,삼성,1,33
316,10:56,6,6,일산,1,21
316,10:56,8,8,동탄/용인,1,16
316,10:56,9,9,평택,2,"11,12"
317,10:57,1,1,서울역,2,"3,36"
317,10:57,2,2,수서,2,"5,30"
317,10:57,8,8,동탄/용인,1,16
317,10:57,9,9,평택,1,12
318,10:58,1,1,서울역,2,"3,36"
318,10:58,2,2,수서,1,5
318,10:58,3,3,삼성,1,33
318,10:58,6,6,일산,1,6
318,10:58,8,8,동탄/용인,1,16
318,10:58,9,9,평택,1,32
319,10:59,1,1,서울역,2,"3,36"
319,10:59,2,2,수서,2,"5,30"
319,10:59,3,3,삼성,2,"23,33"
319,10:59,5,5,김포공항,1,22
319,10:59,6,6,일산,1,6
319,10:59,8,8,동탄/용인,1,17
319,10:59,9,9,평택,2,"19,32"
320,11:00,1,1,서울역,1,3
320,11:00,10,10,인천공항,1,1
320,11:00,2,2,수서,1,30
320,11:00,3,3,삼성,2,"23,33"
320,11:00,5,5,김포공항,1,22
320,11:00,6,6,일산,1,6
320,11:00,8,8,동탄/용인,2,"16,17"
320,11:00,9,9,평택,3,"13,19,32"
321,11:01,10,10,인천공항,1,1
321,11:01,2,2,수서,1,30
321,11:01,3,3,삼성,1,23
321,11:01,5,5,김포공항,1,22
321,11:01,8,8,동탄/용인,2,"16,17"
321,11:01,9,9,평택,2,"13,19"
322,11:02,1,1,서울역,1,36
322,11:02,10,10,인천공항,1,1
322,11:02,5,5,김포공항,1,9
322,11:02,7,7,판교,1,39
322,11:02,8,8,동탄/용인,1,16
322,11:02,9,9,평택,2,"13,19"
323,11:03,1,1,서울역,1,36
323,11:03,5,5,김포공항,1,9
323,11:03,7,7,판교,1,39
323,11:03,9,9,평택,1,19
324,11:04,1,1,서울역,1,36
324,11:04,2,2,수서,1,40
324,11:04,4,4,여의도,1,10
324,11:04,5,5,김포공항,1,9
324,11:04,6,6,일산,1,35
324,11:04,7,7,판교,1,39
324,11:04,9,9,평택,2,"19,38"
325,11:05,2,2,수서,1,40
325,11:05,4,4,여의도,1,10
325,11:05,6,6,일산,1,35
325,11:05,9,9,평택,1,38
326,11:06,2,2,수서,1,40
326,11:06,3,3,삼성,1,4
326,11:06,4,4,여의도,1,10
326,11:06,6,6,일산,1,35
326,11:06,7,7,판교,1,24
326,11:06,9,9,평택,2,"19,38"
327,11:07,3,3,삼성,1,4
327,11:07,4,4,여의도,1,10
327,11:07,6,6,일산,1,35
327,11:07,7,7,판교,1,24
327,11:07,9,9,평택,2,"13,19"
328,11:08,3,3,삼성,1,4
328,11:08,4,4,여의도,1,10
328,11:08,6,6,일산,1,35
328,11:08,7,7,판교,1,24
328,11:08,9,9,평택,3,"13,19,25"
329,11:09,4,4,여의도,1,10
329,11:09,6,6,일산,1,35
329,11:09,9,9,평택,3,"13,25,26"
330,11:10,2,2,수서,1,21
330,11:10,4,4,여의도,1,7
330,11:10,5,5,김포공항,1,5
330,11:10,9,9,평택,3,"15,25,26"
331,11:11,2,2,수서,1,21
331,11:11,3,3,삼성,1,4
331,11:11,4,4,여의도,1,7
331,11:11,5,5,김포공항,1,5
331,11:11,9,9,평택,3,"15,26,29"
332,11:12,2,2,수서,1,21
332,11:12,3,3,삼성,1,4
332,11:12,4,4,여의도,1,7
332,11:12,5,5,김포공항,2,"5,9"
332,11:12,9,9,평택,4,"14,15,29,34"
333,11:13,10,10,인천공항,1,18
333,11:13,3,3,삼성,3,"4,23,36"
333,11:13,5,5,김포공항,1,9
333,11:13,6,6,일산,1,33
333,11:13,9,9,평택,3,"14,29,34"
334,11:14,10,10,인천공항,1,18
334,11:14,3,3,삼성,2,"23,36"
334,11:14,4,4,여의도,1,11
334,11:14,5,5,김포공항,1,9
334,11:14,6,6,일산,2,"27,33"
334,11:14,9,9,평택,2,"14,34"
335,11:15,10,10,인천공항,1,18
335,11:15,3,3,삼성,2,"23,36"
335,11:15,4,4,여의도,4,"11,12,17,40"
335,11:15,6,6,일산,2,"27,33"
336,11:16,4,4,여의도,5,"7,11,12,17,40"
336,11:16,5,5,김포공항,1,30
336,11:16,6,6,일산,2,"27,33"
336,11:16,9,9,평택,1,20
337,11:17,1,1,서울역,1,16
337,11:17,4,4,여의도,5,"7,10,12,17,40"
337,11:17,5,5,김포공항,1,30
337,11:17,6,6,일산,1,33
337,11:17,9,9,평택,1,20
338,11:18,1,1,서울역,1,16
338,11:18,3,3,삼성,1,36
338,11:18,4,4,여의도,2,"7,10"
338,11:18,5,5,김포공항,1,30
338,11:18,6,6,일산,1,33
338,11:18,7,7,판교,1,39
338,11:18,9,9,평택,3,"15,20,37"
339,11:19,1,1,서울역,1,16
339,11:19,3,3,삼성,1,36
339,11:19,4,4,여의도,1,10
339,11:19,7,7,판교,1,39
339,11:19,8,8,동탄/용인,1,28
339,11:19,9,9,평택,3,"15,26,37"
340,11:20,3,3,삼성,1,36
340,11:20,4,4,여의도,1,11
340,11:20,6,6,일산,1,0
340,11:20,7,7,판교,1,39
340,11:20,8,8,동탄/용인,1,28
340,11:20,9,9,평택,3,"15,26,37"
341,11:21,4,4,여의도,1,11
341,11:21,6,6,일산,1,0
341,11:21,8,8,동탄/용인,1,28
341,11:21,9,9,평택,2,"22,26"
342,11:22,4,4,여의도,1,11
342,11:22,6,6,일산,1,0
342,11:22,9,9,평택,3,"2,8,22"
343,11:23,4,4,여의도,1,11
343,11:23,9,9,평택,4,"2,8,20,22"
344,11:24,4,4,여의도,2,"11,12"
344,11:24,9,9,평택,4,"1,2,8,20"
345,11:25,4,4,여의도,2,"11,12"
345,11:25,9,9,평택,3,"1,8,20"
346,11:26,2,2,수서,1,40
346,11:26,4,4,여의도,3,"12,16,19"
346,11:26,6,6,일산,1,0
346,11:26,9,9,평택,2,"1,8"
347,11:27,10,10,인천공항,1,24
347,11:27,2,2,수서,1,40
347,11:27,3,3,삼성,1,6
347,11:27,4,4,여의도,2,"16,19"
347,11:27,6,6,일산,1,0
347,11:27,9,9,평택,2,"3,8"
348,11:28,10,10,인천공항,1,24
348,11:28,2,2,수서,1,40
348,11:28,3,3,삼성,1,6
348,11:28,4,4,여의도,3,"16,19,25"
348,11:28,6,6,일산,1,0
348,11:28,9,9,평택,2,"3,22"
349,11:29,10,10,인천공항,1,24
349,11:29,3,3,삼성,1,6
349,11:29,4,4,여의도,2,"19,25"
349,11:29,5,5,김포공항,1,30
349,11:29,9,9,평택,2,"3,22"
350,11:30,3,3,삼성,1,6
350,11:30,4,4,여의도,3,"17,19,25"
350,11:30,5,5,김포공항,1,30
350,11:30,9,9,평택,1,22
351,11:31,3,3,삼성,1,6
351,11:31,4,4,여의도,3,"17,19,25"
351,11:31,5,5,김포공항,1,30
351,11:31,8,8,동탄/용인,2,"9,31"
351,11:31,9,9,평택,2,"4,29"
352,11:32,3,3,삼성,1,6
352,11:32,4,4,여의도,2,"17,25"
352,11:32,8,8,동탄/용인,2,"9,31"
352,11:32,9,9,평택,4,"4,22,29,35"
353,11:33,3,3,삼성,1,21
353,11:33,4,4,여의도,1,25
353,11:33,6,6,일산,1,36
353,11:33,8,8,동탄/용인,2,"9,31"
353,11:33,9,9,평택,5,"4,22,23,29,35"
354,11:34,3,3,삼성,1,21
354,11:34,5,5,김포공항,1,14
354,11:34,6,6,일산,1,36
354,11:34,9,9,평택,4,"4,22,23,35"
355,11:35,3,3,삼성,1,21
355,11:35,4,4,여의도,2,"19,28"
355,11:35,5,5,김포공항,1,14
355,11:35,6,6,일산,2,"36,39"
355,11:35,9,9,평택,2,"4,23"
356,11:36,10,10,인천공항,1,24
356,11:36,4,4,여의도,2,"19,28"
356,11:36,5,5,김포공항,1,14
356,11:36,6,6,일산,1,39
356,11:36,9,9,평택,2,"4,23"
357,11:37,10,10,인천공항,1,24
357,11:37,2,2,수서,1,16
357,11:37,4,4,여의도,2,"19,28"
357,11:37,6,6,일산,1,39
357,11:37,9,9,평택,3,"4,10,23"
358,11:38,10,10,인천공항,1,24
358,11:38,2,2,수서,1,16
358,11:38,3,3,삼성,1,40
358,11:38,9,9,평택,4,"1,4,10,23"
359,11:39,2,2,수서,1,16
359,11:39,3,3,삼성,2,"26,40"
359,11:39,5,5,김포공항,1,13
359,11:39,9,9,평택,3,"1,4,10"
360,11:40,3,3,삼성,2,"26,40"
360,11:40,5,5,김포공항,2,"13,14"
360,11:40,9,9,평택,2,"1,7"
361,11:41,3,3,삼성,1,26
361,11:41,5,5,김포공항,2,"13,14"
361,11:41,6,6,일산,1,39
361,11:41,8,8,동탄/용인,1,9
361,11:41,9,9,평택,1,7
362,11:42,2,2,수서,1,25
362,11:42,5,5,김포공항,2,"5,14"
362,11:42,6,6,일산,2,"36,39"
362,11:42,8,8,동탄/용인,1,9
362,11:42,9,9,평택,1,7
363,11:43,2,2,수서,1,25
363,11:43,4,4,여의도,1,20
363,11:43,5,5,김포공항,1,5
363,11:43,6,6,일산,2,"36,39"
363,11:43,8,8,동탄/용인,1,9
363,11:43,9,9,평택,2,"7,11"
364,11:44,2,2,수서,1,25
364,11:44,4,4,여의도,1,20
364,11:44,5,5,김포공항,1,5
364,11:44,6,6,일산,1,36
364,11:44,9,9,평택,4,"7,11,12,27"
365,11:45,4,4,여의도,1,20
365,11:45,7,7,판교,1,33
365,11:45,9,9,평택,5,"3,7,11,12,27"
366,11:46,7,7,판교,1,33
366,11:46,9,9,평택,5,"3,7,11,12,27"
367,11:47,2,2,수서,1,16
367,11:47,5,5,김포공항,2,"13,15"
367,11:47,6,6,일산,1,2
367,11:47,7,7,판교,1,33
367,11:47,9,9,평택,4,"3,7,10,11"
368,11:48,1,1,서울역,1,31
368,11:48,2,2,수서,1,16
368,11:48,5,5,김포공항,2,"13,15"
368,11:48,6,6,일산,1,2
368,11:48,8,8,동탄/용인,1,32
368,11:48,9,9,평택,3,"7,10,11"
369,11:49,1,1,서울역,1,31
369,11:49,2,2,수서,1,16
369,11:49,3,3,삼성,1,26
369,11:49,5,5,김포공항,2,"13,15"
369,11:49,6,6,일산,1,2
369,11:49,8,8,동탄/용인,1,32
369,11:49,9,9,평택,1,10
370,11:50,1,1,서울역,1,31
370,11:50,3,3,삼성,2,"26,28"
370,11:50,8,8,동탄/용인,2,"32,35"
370,11:50,9,9,평택,3,"6,17,18"
371,11:51,3,3,삼성,3,"26,28,29"
371,11:51,5,5,김포공항,1,13
371,11:51,8,8,동탄/용인,1,35
371,11:51,9,9,평택,5,"6,12,17,18,30"
372,11:52,3,3,삼성,2,"28,29"
372,11:52,4,4,여의도,1,22
372,11:52,5,5,김포공항,1,13
372,11:52,8,8,동탄/용인,1,35
372,11:52,9,9,평택,5,"6,12,17,18,30"
373,11:53,2,2,수서,1,14
373,11:53,3,3,삼성,1,29
373,11:53,4,4,여의도,1,22
373,11:53,5,5,김포공항,1,13
373,11:53,9,9,평택,4,"12,17,21,30"
374,11:54,2,2,수서,1,14
374,11:54,4,4,여의도,1,22
374,11:54,9,9,평택,2,"17,21"
375,11:55,2,2,수서,1,14
375,11:55,4,4,여의도,1,22
375,11:55,9,9,평택,3,"17,19,21"
376,11:56,1,1,서울역,1,31
376,11:56,3,3,삼성,1,23
376,11:56,4,4,여의도,1,22
376,11:56,7,7,판교,1,33
376,11:56,9,9,평택,1,19
377,11:57,1,1,서울역,1,31
377,11:57,2,2,수서,3,"14,34,39"
377,11:57,3,3,삼성,1,23
377,11:57,4,4,여의도,2,"20,22"
377,11:57,6,6,일산,1,2
377,11:57,7,7,판교,2,"33,38"
377,11:57,9,9,평택,2,"6,19"
378,11:58,1,1,서울역,1,31
378,11:58,2,2,수서,3,"14,34,39"
378,11:58,3,3,삼성,1,23
378,11:58,4,4,여의도,1,20
378,11:58,5,5,김포공항,1,8
378,11:58,6,6,일산,1,2
378,11:58,7,7,판교,2,"33,38"
378,11:58,9,9,평택,2,"6,40"
379,11:59,2,2,수서,3,"14,34,39"
379,11:59,4,4,여의도,2,"20,22"
379,11:59,5,5,김포공항,1,8
379,11:59,6,6,일산,1,2
379,11:59,7,7,판교,1,38
379,11:59,9,9,평택,2,"6,40"
380,12:00,4,4,여의도,1,22
380,12:00,5,5,김포공항,1,8
380,12:00,9,9,평택,2,"24,40"
381,12:01,4,4,여의도,1,22
381,12:01,9,9,평택,2,"11,24"
382,12:02,10,10,인천공항,1,1
382,12:02,9,9,평택,3,"0,11,24"
383,12:03,10,10,인천공항,1,1
383,12:03,3,3,삼성,1,23
383,12:03,6,6,일산,2,"9,16"
383,12:03,9,9,평택,2,"0,11"
384,12:04,10,10,인천공항,1,1
384,12:04,3,3,삼성,2,"23,29"
384,12:04,4,4,여의도,1,32
384,12:04,6,6,일산,2,"9,16"
384,12:04,9,9,평택,2,"0,5"
385,12:05,3,3,삼성,3,"23,29,35"
385,12:05,4,4,여의도,1,32
385,12:05,6,6,일산,2,"9,16"
385,12:05,9,9,평택,1,5
386,12:06,3,3,삼성,2,"29,35"
386,12:06,4,4,여의도,2,"7,32"
386,12:06,9,9,평택,1,5
387,12:07,10,10,인천공항,1,1
387,12:07,3,3,삼성,1,35
387,12:07,4,4,여의도,2,"7,10"
387,12:07,5,5,김포공항,2,"3,8"
387,12:07,9,9,평택,1,36
388,12:08,10,10,인천공항,1,1
388,12:08,3,3,삼성,1,35
388,12:08,4,4,여의도,2,"7,10"
388,12:08,5,5,김포공항,2,"3,8"
388,12:08,9,9,평택,2,"18,36"
389,12:09,1,1,서울역,1,39
389,12:09,10,10,인천공항,1,1
389,12:09,3,3,삼성,1,35
389,12:09,4,4,여의도,3,"7,10,38"
389,12:09,5,5,김포공항,2,"3,8"
389,12:09,9,9,평택,4,"18,19,26,36"
390,12:10,1,1,서울역,1,39
390,12:10,3,3,삼성,1,35
390,12:10,4,4,여의도,3,"4,7,38"
390,12:10,9,9,평택,4,"18,19,26,28"
391,12:11,1,1,서울역,1,39
391,12:11,3,3,삼성,1,15
391,12:11,4,4,여의도,4,"4,7,12,38"
391,12:11,9,9,평택,4,"0,19,26,28"
392,12:12,3,3,삼성,1,15
392,12:12,4,4,여의도,2,"4,12"
392,12:12,9,9,평택,2,"0,28"
393,12:13,3,3,삼성,1,15
393,12:13,4,4,여의도,4,"4,12,17,32"
393,12:13,6,6,일산,2,"14,33"
393,12:13,9,9,평택,3,"0,5,13"
394,12:14,4,4,여의도,3,"4,17,32"
394,12:14,6,6,일산,2,"14,33"
394,12:14,9,9,평택,2,"5,13"
395,12:15,4,4,여의도,3,"4,17,32"
395,12:15,6,6,일산,2,"14,33"
395,12:15,9,9,평택,2,"5,13"
396,12:16,4,4,여의도,2,"4,17"
396,12:16,6,6,일산,1,14
396,12:16,9,9,평택,2,"13,34"
397,12:17,4,4,여의도,3,"4,7,17"
397,12:17,6,6,일산,1,14
397,12:17,7,7,판교,1,24
397,12:17,9,9,평택,4,"13,20,31,34"
398,12:18,3,3,삼성,1,25
398,12:18,4,4,여의도,3,"4,7,17"
398,12:18,6,6,일산,1,14
398,12:18,7,7,판교,1,24
398,12:18,9,9,평택,4,"13,20,31,34"
399,12:19,3,3,삼성,2,"25,40"
399,12:19,4,4,여의도,1,7
399,12:19,6,6,일산,1,9
399,12:19,7,7,판교,2,"24,27"
399,12:19,8,8,동탄/용인,1,2
399,12:19,9,9,평택,3,"20,22,31"
400,12:20,3,3,삼성,3,"25,39,40"
400,12:20,6,6,일산,1,9
400,12:20,7,7,판교,1,27
400,12:20,8,8,동탄/용인,1,2
400,12:20,9,9,평택,1,22
401,12:21,3,3,삼성,2,"39,40"
401,12:21,4,4,여의도,2,"11,12"
401,12:21,6,6,일산,1,9
401,12:21,7,7,판교,1,27
401,12:21,8,8,동탄/용인,1,2
401,12:21,9,9,평택,1,22
402,12:22,3,3,삼성,1,39
402,12:22,4,4,여의도,2,"11,12"
403,12:23,3,3,삼성,1,39
403,12:23,4,4,여의도,2,"11,12"
403,12:23,9,9,평택,1,23
404,12:24,3,3,삼성,1,39
404,12:24,9,9,평택,3,"21,23,29"
405,12:25,3,3,삼성,2,"32,39"
405,12:25,9,9,평택,3,"21,23,29"
406,12:26,3,3,삼성,1,32
406,12:26,6,6,일산,1,15
406,12:26,9,9,평택,3,"21,23,29"
407,12:27,3,3,삼성,2,"1,32"
407,12:27,5,5,김포공항,1,6
407,12:27,6,6,일산,1,15
407,12:27,9,9,평택,1,23
408,12:28,3,3,삼성,2,"1,18"
408,12:28,4,4,여의도,1,10
408,12:28,5,5,김포공항,1,6
408,12:28,6,6,일산,1,15
408,12:28,9,9,평택,1,23
409,12:29,3,3,삼성,3,"1,18,19"
409,12:29,4,4,여의도,2,"10,11"
409,12:29,5,5,김포공항,1,6
409,12:29,9,9,평택,2,"8,13"
410,12:30,3,3,삼성,3,"1,18,19"
410,12:30,4,4,여의도,2,"10,11"
410,12:30,6,6,일산,1,15
410,12:30,9,9,평택,2,"8,13"
411,12:31,3,3,삼성,3,"1,19,32"
411,12:31,4,4,여의도,1,11
411,12:31,6,6,일산,1,15
411,12:31,9,9,평택,2,"8,13"
412,12:32,3,3,삼성,2,"1,32"
412,12:32,6,6,일산,1,15
412,12:32,8,8,동탄/용인,2,"2,17"
413,12:33,10,10,인천공항,1,33
413,12:33,3,3,삼성,1,32
413,12:33,4,4,여의도,1,5
413,12:33,7,7,판교,1,14
413,12:33,8,8,동탄/용인,2,"2,17"
414,12:34,1,1,서울역,1,3
414,12:34,10,10,인천공항,1,33
414,12:34,3,3,삼성,1,9
414,12:34,4,4,여의도,1,5
414,12:34,7,7,판교,2,"14,31"
414,12:34,8,8,동탄/용인,2,"2,17"
415,12:35,1,1,서울역,1,3
415,12:35,10,10,인천공항,1,33
415,12:35,3,3,삼성,1,9
415,12:35,4,4,여의도,1,5
415,12:35,7,7,판교,2,"14,31"
415,12:35,8,8,동탄/용인,1,17
415,12:35,9,9,평택,1,8
416,12:36,1,1,서울역,1,3
416,12:36,3,3,삼성,1,9
416,12:36,6,6,일산,1,27
416,12:36,7,7,판교,2,"14,31"
416,12:36,8,8,동탄/용인,1,17
416,12:36,9,9,평택,2,"4,8"
417,12:37,3,3,삼성,1,9
417,12:37,6,6,일산,1,27
417,12:37,7,7,판교,2,"14,30"
417,12:37,8,8,동탄/용인,1,17
417,12:37,9,9,평택,2,"4,8"
418,12:38,10,10,인천공항,1,12
418,12:38,2,2,수서,1,26
418,12:38,3,3,삼성,1,9
418,12:38,6,6,일산,1,27
418,12:38,7,7,판교,2,"14,30"
418,12:38,9,9,평택,3,"4,22,25"
419,12:39,10,10,인천공항,1,12
419,12:39,2,2,수서,2,"26,34"
419,12:39,3,3,삼성,1,9
419,12:39,4,4,여의도,1,5
419,12:39,7,7,판교,1,30
419,12:39,9,9,평택,2,"22,25"
420,12:40,10,10,인천공항,1,12
420,12:40,2,2,수서,2,"26,34"
420,12:40,3,3,삼성,1,18
420,12:40,4,4,여의도,1,5
420,12:40,5,5,김포공항,1,0
420,12:40,9,9,평택,3,"4,22,25"
421,12:41,2,2,수서,1,34
421,12:41,3,3,삼성,1,18
421,12:41,4,4,여의도,1,5
421,12:41,5,5,김포공항,1,0
421,12:41,9,9,평택,1,4
422,12:42,3,3,삼성,2,"18,19"
422,12:42,5,5,김포공항,1,0
422,12:42,9,9,평택,2,"4,35"
423,12:43,3,3,삼성,1,19
423,12:43,9,9,평택,3,"25,35,39"
424,12:44,3,3,삼성,2,"19,21"
424,12:44,9,9,평택,3,"25,35,39"
425,12:45,3,3,삼성,1,21
425,12:45,8,8,동탄/용인,1,11
425,12:45,9,9,평택,3,"7,25,39"
426,12:46,1,1,서울역,1,31
426,12:46,3,3,삼성,1,21
426,12:46,6,6,일산,3,"16,24,32"
426,12:46,8,8,동탄/용인,1,11
426,12:46,9,9,평택,1,7
427,12:47,1,1,서울역,1,31
427,12:47,6,6,일산,3,"16,24,32"
427,12:47,7,7,판교,1,15
427,12:47,8,8,동탄/용인,1,11
427,12:47,9,9,평택,1,7
428,12:48,1,1,서울역,1,31
428,12:48,4,4,여의도,1,14
428,12:48,6,6,일산,4,"16,24,32,40"
428,12:48,7,7,판교,1,15
428,12:48,9,9,평택,1,10
429,12:49,4,4,여의도,3,"13,14,30"
429,12:49,6,6,일산,2,"24,40"
429,12:49,7,7,판교,1,15
429,12:49,9,9,평택,2,"7,10"
430,12:50,4,4,여의도,3,"13,14,30"
430,12:50,6,6,일산,2,"24,40"
430,12:50,9,9,평택,3,"1,7,10"
431,12:51,4,4,여의도,2,"13,30"
431,12:51,6,6,일산,1,24
431,12:51,9,9,평택,3,"1,7,10"
432,12:52,4,4,여의도,1,13
432,12:52,5,5,김포공항,1,34
432,12:52,9,9,평택,2,"1,10"
433,12:53,4,4,여의도,1,13
433,12:53,5,5,김포공항,1,34
433,12:53,6,6,일산,1,27
433,12:53,8,8,동탄/용인,1,11
433,12:53,9,9,평택,2,"1,10"
434,12:54,10,10,인천공항,1,6
434,12:54,4,4,여의도,2,"13,14"
434,12:54,5,5,김포공항,1,34
434,12:54,6,6,일산,3,"2,26,27"
434,12:54,8,8,동탄/용인,1,11
434,12:54,9,9,평택,1,1
435,12:55,10,10,인천공항,2,"6,38"
435,12:55,3,3,삼성,1,21
435,12:55,4,4,여의도,1,14
435,12:55,6,6,일산,3,"2,26,27"
435,12:55,7,7,판교,1,29
435,12:55,8,8,동탄/용인,1,11
435,12:55,9,9,평택,2,"1,3"
436,12:56,10,10,인천공항,2,"6,38"
436,12:56,2,2,수서,1,37
436,12:56,3,3,삼성,1,21
436,12:56,4,4,여의도,1,14
436,12:56,6,6,일산,2,"2,26"
436,12:56,7,7,판교,2,"15,29"
436,12:56,9,9,평택,1,3
437,12:57,10,10,인천공항,1,38
437,12:57,2,2,수서,1,37
437,12:57,3,3,삼성,1,21
437,12:57,7,7,판교,2,"15,29"
437,12:57,9,9,평택,3,"3,9,20"
438,12:58,1,1,서울역,1,23
438,12:58,10,10,인천공항,1,6
438,12:58,2,2,수서,1,37
438,12:58,3,3,삼성,1,22
438,12:58,7,7,판교,1,15
438,12:58,9,9,평택,3,"3,9,20"
439,12:59,1,1,서울역,1,23
439,12:59,10,10,인천공항,2,"6,38"
439,12:59,3,3,삼성,1,22
439,12:59,5,5,김포공항,1,0
439,12:59,9,9,평택,4,"3,5,9,20"
440,13:00,1,1,서울역,1,23
440,13:00,10,10,인천공항,2,"6,38"
440,13:00,3,3,삼성,1,22
440,13:00,5,5,김포공항,1,0
440,13:00,9,9,평택,3,"3,5,18"
441,13:01,10,10,인천공항,1,38
441,13:01,3,3,삼성,1,33
441,13:01,5,5,김포공항,1,0
441,13:01,9,9,평택,2,"5,18"
442,13:02,3,3,삼성,1,33
442,13:02,9,9,평택,3,"5,18,19"
443,13:03,1,1,서울역,1,23
443,13:03,3,3,삼성,1,33
443,13:03,4,4,여의도,1,30
443,13:03,7,7,판교,1,16
443,13:03,9,9,평택,2,"5,19"
444,13:04,1,1,서울역,2,"23,25"
444,13:04,4,4,여의도,1,30
444,13:04,7,7,판교,1,16
444,13:04,9,9,평택,3,"5,18,19"
445,13:05,1,1,서울역,2,"23,25"
445,13:05,4,4,여의도,1,30
445,13:05,6,6,일산,1,26
445,13:05,7,7,판교,1,16
445,13:05,9,9,평택,1,18
446,13:06,1,1,서울역,1,25
446,13:06,6,6,일산,1,26
446,13:06,7,7,판교,1,24
446,13:06,9,9,평택,1,18
447,13:07,4,4,여의도,2,"8,29"
447,13:07,6,6,일산,1,26
447,13:07,7,7,판교,1,24
448,13:08,4,4,여의도,2,"8,29"
448,13:08,6,6,일산,1,32
448,13:08,7,7,판교,1,24
449,13:09,4,4,여의도,3,"8,11,29"
449,13:09,5,5,김포공항,1,37
449,13:09,6,6,일산,1,32
450,13:10,4,4,여의도,1,11
450,13:10,5,5,김포공항,1,37
450,13:10,6,6,일산,1,32
450,13:10,7,7,판교,1,27
451,13:11,4,4,여의도,2,"10,11"
451,13:11,5,5,김포공항,1,37
451,13:11,6,6,일산,1,40
451,13:11,7,7,판교,1,27
452,13:12,10,10,인천공항,1,12
452,13:12,4,4,여의도,1,10
452,13:12,6,6,일산,2,"17,40"
452,13:12,7,7,판교,1,27
453,13:13,10,10,인천공항,1,12
453,13:13,4,4,여의도,1,10
453,13:13,6,6,일산,2,"17,40"
453,13:13,7,7,판교,1,27
454,13:14,10,10,인천공항,2,"12,34"
454,13:14,6,6,일산,1,17
454,13:14,7,7,판교,1,27
454,13:14,9,9,평택,1,14
455,13:15,10,10,인천공항,3,"21,31,34"
455,13:15,2,2,수서,1,23
455,13:15,6,6,일산,1,17
455,13:15,7,7,판교,1,27
455,13:15,9,9,평택,1,14
456,13:16,10,10,인천공항,3,"21,31,34"
456,13:16,2,2,수서,1,23
456,13:16,4,4,여의도,2,"8,10"
456,13:16,6,6,일산,2,"17,25"
456,13:16,9,9,평택,1,14
457,13:17,10,10,인천공항,2,"21,31"
457,13:17,2,2,수서,1,23
457,13:17,4,4,여의도,4,"7,8,10,20"
457,13:17,6,6,일산,2,"17,25"
457,13:17,9,9,평택,1,9
458,13:18,10,10,인천공항,1,21
458,13:18,3,3,삼성,1,6
458,13:18,4,4,여의도,4,"7,8,10,20"
458,13:18,6,6,일산,2,"22,25"
458,13:18,9,9,평택,2,"9,14"
459,13:19,10,10,인천공항,2,"4,21"
459,13:19,3,3,삼성,2,"6,38"
459,13:19,4,4,여의도,2,"7,20"
459,13:19,6,6,일산,1,22
459,13:19,9,9,평택,2,"9,14"
460,13:20,10,10,인천공항,2,"4,21"
460,13:20,3,3,삼성,2,"6,38"
460,13:20,6,6,일산,1,22
460,13:20,9,9,평택,1,14
461,13:21,10,10,인천공항,1,4
461,13:21,2,2,수서,1,23
461,13:21,3,3,삼성,2,"6,38"
461,13:21,9,9,평택,1,0
462,13:22,10,10,인천공항,1,3
462,13:22,2,2,수서,1,23
462,13:22,3,3,삼성,2,"6,38"
462,13:22,4,4,여의도,1,5
462,13:22,7,7,판교,1,26
462,13:22,9,9,평택,2,"0,13"
463,13:23,10,10,인천공항,1,3
463,13:23,2,2,수서,2,"18,23"
463,13:23,3,3,삼성,2,"6,38"
463,13:23,4,4,여의도,1,5
463,13:23,7,7,판교,1,26
463,13:23,9,9,평택,3,"0,13,30"
464,13:24,10,10,인천공항,1,3
464,13:24,2,2,수서,1,18
464,13:24,3,3,삼성,1,38
464,13:24,4,4,여의도,1,5
464,13:24,7,7,판교,1,26
464,13:24,9,9,평택,3,"0,13,30"
465,13:25,10,10,인천공항,2,"3,15"
465,13:25,2,2,수서,1,18
465,13:25,3,3,삼성,2,"6,38"
465,13:25,7,7,판교,1,32
465,13:25,9,9,평택,3,"0,19,30"
466,13:26,10,10,인천공항,2,"3,15"
466,13:26,2,2,수서,1,18
466,13:26,3,3,삼성,2,"6,38"
466,13:26,7,7,판교,1,32
466,13:26,9,9,평택,2,"0,19"
467,13:27,10,10,인천공항,2,"3,15"
467,13:27,2,2,수서,2,"10,18"
467,13:27,3,3,삼성,2,"6,38"
467,13:27,7,7,판교,1,32
467,13:27,9,9,평택,1,19
468,13:28,1,1,서울역,1,7
468,13:28,10,10,인천공항,1,15
468,13:28,2,2,수서,2,"10,18"
468,13:28,5,5,김포공항,1,27
468,13:28,7,7,판교,1,40
468,13:28,8,8,동탄/용인,1,35
469,13:29,1,1,서울역,1,7
469,13:29,10,10,인천공항,1,15
469,13:29,2,2,수서,1,10
469,13:29,5,5,김포공항,1,27
469,13:29,7,7,판교,2,"16,40"
469,13:29,8,8,동탄/용인,1,35
470,13:30,1,1,서울역,1,7
470,13:30,10,10,인천공항,1,15
470,13:30,5,5,김포공항,1,27
470,13:30,7,7,판교,2,"16,40"
470,13:30,8,8,동탄/용인,1,35
471,13:31,7,7,판교,1,16
471,13:31,9,9,평택,1,28
472,13:32,10,10,인천공항,2,"1,37"
472,13:32,9,9,평택,1,28
473,13:33,10,10,인천공항,2,"1,37"
473,13:33,6,6,일산,1,29
473,13:33,7,7,판교,1,25
473,13:33,9,9,평택,1,28
474,13:34,1,1,서울역,1,26
474,13:34,10,10,인천공항,2,"1,37"
474,13:34,4,4,여의도,1,5
474,13:34,6,6,일산,1,29
474,13:34,7,7,판교,1,25
475,13:35,1,1,서울역,1,26
475,13:35,10,10,인천공항,1,20
475,13:35,2,2,수서,1,24
475,13:35,4,4,여의도,1,5
475,13:35,6,6,일산,1,29
475,13:35,7,7,판교,2,"22,25"
475,13:35,8,8,동탄/용인,1,30
475,13:35,9,9,평택,1,13
476,13:36,1,1,서울역,1,26
476,13:36,10,10,인천공항,1,20
476,13:36,2,2,수서,1,24
476,13:36,4,4,여의도,1,5
476,13:36,7,7,판교,2,"22,25"
476,13:36,8,8,동탄/용인,1,30
476,13:36,9,9,평택,3,"8,12,13"
477,13:37,10,10,인천공항,1,20
477,13:37,2,2,수서,2,"10,24"
477,13:37,4,4,여의도,2,"9,11"
477,13:37,7,7,판교,2,"22,25"
477,13:37,8,8,동탄/용인,1,30
477,13:37,9,9,평택,3,"8,12,13"
478,13:38,2,2,수서,1,10
478,13:38,4,4,여의도,3,"9,11,32"
478,13:38,7,7,판교,1,25
478,13:38,9,9,평택,2,"8,12"
479,13:39,2,2,수서,1,10
479,13:39,3,3,삼성,1,33
479,13:39,4,4,여의도,3,"9,11,32"
480,13:40,3,3,삼성,1,33
480,13:40,4,4,여의도,2,"9,32"
480,13:40,6,6,일산,1,38
480,13:40,9,9,평택,1,23
481,13:41,3,3,삼성,2,"21,33"
481,13:41,4,4,여의도,1,9
481,13:41,5,5,김포공항,1,27
481,13:41,6,6,일산,1,38
481,13:41,9,9,평택,1,23
482,13:42,3,3,삼성,1,21
482,13:42,4,4,여의도,1,9
482,13:42,5,5,김포공항,1,27
482,13:42,6,6,일산,2,"18,38"
482,13:42,7,7,판교,1,17
482,13:42,9,9,평택,1,23
483,13:43,10,10,인천공항,1,4
483,13:43,3,3,삼성,1,21
483,13:43,5,5,김포공항,1,27
483,13:43,6,6,일산,1,18
483,13:43,7,7,판교,1,17
484,13:44,10,10,인천공항,2,"1,4"
484,13:44,3,3,삼성,1,31
484,13:44,4,4,여의도,2,"0,35"
484,13:44,6,6,일산,2,"18,38"
484,13:44,7,7,판교,1,17
485,13:45,10,10,인천공항,2,"1,4"
485,13:45,3,3,삼성,1,31
485,13:45,4,4,여의도,2,"0,35"
485,13:45,6,6,일산,3,"2,34,38"
485,13:45,7,7,판교,1,40
486,13:46,1,1,서울역,1,19
486,13:46,10,10,인천공항,1,1
486,13:46,3,3,삼성,1,31
486,13:46,4,4,여의도,2,"0,35"
486,13:46,6,6,일산,3,"2,34,38"
486,13:46,7,7,판교,1,40
486,13:46,9,9,평택,1,16
487,13:47,1,1,서울역,1,19
487,13:47,6,6,일산,3,"2,18,34"
487,13:47,7,7,판교,1,40
487,13:47,9,9,평택,1,16
488,13:48,1,1,서울역,1,19
488,13:48,2,2,수서,1,11
488,13:48,4,4,여의도,1,25
488,13:48,6,6,일산,1,18
488,13:48,9,9,평택,2,"8,16"
489,13:49,2,2,수서,1,11
489,13:49,4,4,여의도,1,25
489,13:49,6,6,일산,1,18
489,13:49,9,9,평택,2,"8,16"
490,13:50,2,2,수서,1,11
490,13:50,4,4,여의도,2,"14,25"
490,13:50,7,7,판교,2,"29,32"
490,13:50,9,9,평택,2,"8,16"
491,13:51,2,2,수서,1,9
491,13:51,4,4,여의도,2,"14,30"
491,13:51,6,6,일산,1,24
491,13:51,7,7,판교,2,"29,32"
491,13:51,9,9,평택,2,"12,16"
492,13:52,1,1,서울역,1,28
492,13:52,2,2,수서,1,9
492,13:52,3,3,삼성,1,37
492,13:52,4,4,여의도,2,"14,30"
492,13:52,6,6,일산,1,24
492,13:52,7,7,판교,2,"29,32"
492,13:52,9,9,평택,1,12
493,13:53,1,1,서울역,1,28
493,13:53,2,2,수서,1,9
493,13:53,3,3,삼성,1,37
493,13:53,4,4,여의도,1,30
493,13:53,6,6,일산,1,24
493,13:53,7,7,판교,1,22
493,13:53,9,9,평택,1,12
494,13:54,1,1,서울역,1,28
494,13:54,3,3,삼성,1,37
494,13:54,4,4,여의도,1,35
494,13:54,7,7,판교,3,"17,21,22"
494,13:54,9,9,평택,2,"5,6"
495,13:55,3,3,삼성,1,20
495,13:55,4,4,여의도,2,"13,35"
495,13:55,5,5,김포공항,1,0
495,13:55,7,7,판교,3,"17,21,22"
495,13:55,9,9,평택,2,"5,6"
496,13:56,3,3,삼성,1,20
496,13:56,4,4,여의도,2,"13,35"
496,13:56,5,5,김포공항,1,0
496,13:56,7,7,판교,2,"17,21"
496,13:56,9,9,평택,3,"5,6,10"
497,13:57,2,2,수서,1,9
497,13:57,3,3,삼성,2,"15,20"
497,13:57,4,4,여의도,2,"13,40"
497,13:57,5,5,김포공항,1,0
497,13:57,7,7,판교,1,29
497,13:57,9,9,평택,2,"7,10"
498,13:58,2,2,수서,1,9
498,13:58,3,3,삼성,1,15
498,13:58,4,4,여의도,1,40
498,13:58,7,7,판교,1,29
498,13:58,9,9,평택,2,"7,10"
499,13:59,10,10,인천공항,1,33
499,13:59,2,2,수서,1,9
499,13:59,3,3,삼성,1,15
499,13:59,4,4,여의도,1,40
499,13:59,7,7,판교,1,29
499,13:59,9,9,평택,1,7
500,14:00,10,10,인천공항,1,33
500,14:00,3,3,삼성,1,37
500,14:00,9,9,평택,1,7
501,14:01,10,10,인천공항,1,33
501,14:01,3,3,삼성,1,37
501,14:01,4,4,여의도,1,40
501,14:01,7,7,판교,1,38
501,14:01,9,9,평택,2,"5,7"
502,14:02,3,3,삼성,1,37
502,14:02,4,4,여의도,1,40
502,14:02,6,6,일산,1,24
502,14:02,7,7,판교,1,38
502,14:02,9,9,평택,2,"5,7"
503,14:03,2,2,수서,1,11
503,14:03,4,4,여의도,2,"13,40"
503,14:03,6,6,일산,1,24
503,14:03,7,7,판교,1,38
503,14:03,9,9,평택,2,"5,27"
504,14:04,2,2,수서,2,"4,11"
504,14:04,4,4,여의도,1,13
504,14:04,6,6,일산,1,24
504,14:04,9,9,평택,1,27
505,14:05,2,2,수서,3,"4,11,35"
505,14:05,4,4,여의도,1,13
505,14:05,9,9,평택,2,"3,27"
506,14:06,1,1,서울역,1,21
506,14:06,2,2,수서,2,"4,35"
506,14:06,9,9,평택,1,3
507,14:07,1,1,서울역,1,21
507,14:07,2,2,수서,2,"4,35"
507,14:07,8,8,동탄/용인,1,2
507,14:07,9,9,평택,1,3
508,14:08,1,1,서울역,1,21
508,14:08,10,10,인천공항,1,33
508,14:08,2,2,수서,2,"4,35"
508,14:08,3,3,삼성,1,8
508,14:08,4,4,여의도,1,28
508,14:08,5,5,김포공항,1,22
508,14:08,8,8,동탄/용인,2,"2,36"
508,14:08,9,9,평택,1,1
509,14:09,10,10,인천공항,1,33
509,14:09,2,2,수서,2,"4,35"
509,14:09,3,3,삼성,1,8
509,14:09,4,4,여의도,2,"19,28"
509,14:09,5,5,김포공항,1,22
509,14:09,6,6,일산,1,34
509,14:09,8,8,동탄/용인,2,"2,36"
509,14:09,9,9,평택,2,"1,10"
510,14:10,1,1,서울역,1,16
510,14:10,10,10,인천공항,1,33
510,14:10,2,2,수서,1,35
510,14:10,3,3,삼성,1,8
510,14:10,4,4,여의도,2,"19,28"
510,14:10,5,5,김포공항,1,22
510,14:10,6,6,일산,1,34
510,14:10,8,8,동탄/용인,1,36
510,14:10,9,9,평택,2,"1,10"
511,14:11,1,1,서울역,1,16
511,14:11,3,3,삼성,2,"12,15"
511,14:11,4,4,여의도,2,"14,19"
511,14:11,6,6,일산,1,34
511,14:11,9,9,평택,1,10
512,14:12,1,1,서울역,1,16
512,14:12,2,2,수서,1,40
512,14:12,3,3,삼성,2,"12,15"
512,14:12,4,4,여의도,1,14
512,14:12,5,5,김포공항,1,29
512,14:12,9,9,평택,1,26
513,14:13,2,2,수서,1,40
513,14:13,3,3,삼성,2,"12,15"
513,14:13,4,4,여의도,1,14
513,14:13,5,5,김포공항,1,29
513,14:13,6,6,일산,1,9
513,14:13,9,9,평택,1,26
514,14:14,2,2,수서,1,40
514,14:14,4,4,여의도,1,25
514,14:14,5,5,김포공항,1,29
514,14:14,6,6,일산,1,9
514,14:14,9,9,평택,1,26
515,14:15,10,10,인천공항,1,17
515,14:15,2,2,수서,1,40
515,14:15,4,4,여의도,2,"25,30"
515,14:15,6,6,일산,2,"9,37"
516,14:16,10,10,인천공항,1,17
516,14:16,2,2,수서,2,"32,40"
516,14:16,4,4,여의도,2,"25,30"
516,14:16,6,6,일산,2,"9,37"
516,14:16,7,7,판교,1,38
517,14:17,10,10,인천공항,1,17
517,14:17,2,2,수서,2,"32,40"
517,14:17,4,4,여의도,1,30
517,14:17,6,6,일산,2,"9,37"
517,14:17,7,7,판교,1,38
517,14:17,9,9,평택,1,1
518,14:18,2,2,수서,1,32
518,14:18,3,3,삼성,1,20
518,14:18,6,6,일산,2,"9,37"
518,14:18,7,7,판교,1,38
518,14:18,9,9,평택,1,1
519,14:19,10,10,인천공항,1,17
519,14:19,2,2,수서,1,21
519,14:19,3,3,삼성,1,20
519,14:19,6,6,일산,1,37
519,14:19,7,7,판교,1,24
519,14:19,9,9,평택,1,1
520,14:20,10,10,인천공항,1,17
520,14:20,2,2,수서,1,21
520,14:20,3,3,삼성,1,20
520,14:20,6,6,일산,1,37
520,14:20,7,7,판교,1,24
520,14:20,8,8,동탄/용인,1,2
521,14:21,10,10,인천공항,1,17
521,14:21,2,2,수서,1,21
521,14:21,7,7,판교,1,24
521,14:21,8,8,동탄/용인,1,2
522,14:22,3,3,삼성,1,8
522,14:22,8,8,동탄/용인,1,2
522,14:22,9,9,평택,2,"3,11"
523,14:23,3,3,삼성,1,8
523,14:23,6,6,일산,1,4
523,14:23,8,8,동탄/용인,1,18
523,14:23,9,9,평택,4,"3,6,11,13"
524,14:24,3,3,삼성,1,8
524,14:24,6,6,일산,2,"4,35"
524,14:24,8,8,동탄/용인,2,"18,28"
524,14:24,9,9,평택,5,"3,6,11,13,23"
525,14:25,6,6,일산,2,"4,35"
525,14:25,8,8,동탄/용인,3,"18,19,28"
525,14:25,9,9,평택,3,"6,13,23"
526,14:26,6,6,일산,2,"15,35"
526,14:26,7,7,판교,1,34
526,14:26,8,8,동탄/용인,2,"19,28"
526,14:26,9,9,평택,1,23
527,14:27,6,6,일산,2,"15,35"
527,14:27,7,7,판교,1,34
527,14:27,8,8,동탄/용인,1,19
528,14:28,6,6,일산,2,"15,35"
528,14:28,7,7,판교,1,34
529,14:29,1,1,서울역,1,16
529,14:29,2,2,수서,1,33
529,14:29,3,3,삼성,1,12
529,14:29,4,4,여의도,1,31
529,14:29,6,6,일산,2,"15,35"
530,14:30,1,1,서울역,2,"10,16"
530,14:30,2,2,수서,1,33
530,14:30,3,3,삼성,1,12
530,14:30,4,4,여의도,1,31
530,14:30,6,6,일산,2,"15,36"
531,14:31,1,1,서울역,3,"7,10,16"
531,14:31,2,2,수서,1,33
531,14:31,3,3,삼성,1,12
531,14:31,4,4,여의도,1,31
531,14:31,6,6,일산,3,"15,36,40"
531,14:31,9,9,평택,1,14
532,14:32,1,1,서울역,2,"7,10"
532,14:32,10,10,인천공항,1,22
532,14:32,4,4,여의도,1,5
532,14:32,6,6,일산,3,"32,36,40"
532,14:32,9,9,평택,2,"13,14"
533,14:33,1,1,서울역,1,7
533,14:33,10,10,인천공항,1,22
533,14:33,4,4,여의도,1,5
533,14:33,6,6,일산,3,"32,38,40"
533,14:33,7,7,판교,1,9
533,14:33,9,9,평택,2,"13,14"
534,14:34,1,1,서울역,1,7
534,14:34,10,10,인천공항,1,22
534,14:34,4,4,여의도,1,5
534,14:34,6,6,일산,2,"32,38"
534,14:34,7,7,판교,1,9
534,14:34,9,9,평택,3,"0,13,25"
535,14:35,1,1,서울역,1,7
535,14:35,6,6,일산,2,"21,38"
535,14:35,7,7,판교,3,"9,34,37"
535,14:35,9,9,평택,4,"0,13,25,30"
536,14:36,1,1,서울역,1,7
536,14:36,4,4,여의도,1,29
536,14:36,6,6,일산,1,21
536,14:36,7,7,판교,3,"9,34,37"
536,14:36,9,9,평택,4,"0,13,25,30"
537,14:37,1,1,서울역,2,"2,10"
537,14:37,4,4,여의도,1,29
537,14:37,6,6,일산,1,21
537,14:37,7,7,판교,3,"9,34,37"
537,14:37,9,9,평택,2,"13,30"
538,14:38,1,1,서울역,2,"2,10"
538,14:38,10,10,인천공항,1,20
538,14:38,4,4,여의도,2,"27,29"
538,14:38,6,6,일산,1,21
538,14:38,7,7,판교,1,9
539,14:39,1,1,서울역,2,"2,10"
539,14:39,10,10,인천공항,1,20
539,14:39,4,4,여의도,1,27
539,14:39,6,6,일산,1,21
539,14:39,7,7,판교,1,24
540,14:40,10,10,인천공항,1,20
540,14:40,3,3,삼성,1,16
540,14:40,4,4,여의도,1,27
540,14:40,6,6,일산,1,21
540,14:40,7,7,판교,2,"17,24"
541,14:41,3,3,삼성,1,16
541,14:41,7,7,판교,2,"17,24"
541,14:41,9,9,평택,1,11
542,14:42,3,3,삼성,2,"3,16"
542,14:42,7,7,판교,1,17
542,14:42,8,8,동탄/용인,1,18
542,14:42,9,9,평택,2,"8,11"
543,14:43,2,2,수서,1,23
543,14:43,3,3,삼성,2,"3,6"
543,14:43,6,6,일산,1,32
543,14:43,8,8,동탄/용인,1,18
543,14:43,9,9,평택,2,"8,11"
544,14:44,2,2,수서,1,23
544,14:44,3,3,삼성,2,"3,6"
544,14:44,6,6,일산,1,32
544,14:44,7,7,판교,1,35
544,14:44,8,8,동탄/용인,1,18
544,14:44,9,9,평택,1,8
545,14:45,2,2,수서,1,23
545,14:45,3,3,삼성,3,"3,6,33"
545,14:45,6,6,일산,1,32
545,14:45,7,7,판교,1,35
546,14:46,3,3,삼성,2,"3,33"
546,14:46,7,7,판교,2,"15,35"
547,14:47,1,1,서울역,1,34
547,14:47,2,2,수서,1,29
547,14:47,3,3,삼성,3,"1,3,33"
547,14:47,7,7,판교,2,"15,35"
548,14:48,1,1,서울역,1,34
548,14:48,2,2,수서,1,29
548,14:48,3,3,삼성,1,1
548,14:48,6,6,일산,1,22
548,14:48,7,7,판교,2,"15,35"
549,14:49,1,1,서울역,1,34
549,14:49,2,2,수서,2,"27,29"
549,14:49,3,3,삼성,1,1
549,14:49,4,4,여의도,1,40
549,14:49,6,6,일산,1,22
549,14:49,7,7,판교,1,35
549,14:49,9,9,평택,3,"12,14,31"
550,14:50,2,2,수서,1,27
550,14:50,4,4,여의도,2,"5,40"
550,14:50,6,6,일산,2,"4,22"
550,14:50,7,7,판교,1,37
550,14:50,9,9,평택,3,"12,14,31"
551,14:51,2,2,수서,1,27
551,14:51,3,3,삼성,1,23
551,14:51,4,4,여의도,2,"5,40"
551,14:51,6,6,일산,1,4
551,14:51,7,7,판교,1,37
551,14:51,9,9,평택,3,"12,14,31"
552,14:52,3,3,삼성,2,"6,23"
552,14:52,4,4,여의도,1,5
552,14:52,6,6,일산,1,4
552,14:52,7,7,판교,2,"28,37"
552,14:52,9,9,평택,1,25
553,14:53,3,3,삼성,2,"6,23"
553,14:53,4,4,여의도,1,19
553,14:53,6,6,일산,1,9
553,14:53,7,7,판교,1,28
553,14:53,9,9,평택,1,25
554,14:54,2,2,수서,1,27
554,14:54,3,3,삼성,1,6
554,14:54,4,4,여의도,1,19
554,14:54,6,6,일산,1,9
554,14:54,7,7,판교,2,"15,28"
554,14:54,9,9,평택,1,25
555,14:55,2,2,수서,1,27
555,14:55,4,4,여의도,1,19
555,14:55,6,6,일산,1,9
555,14:55,7,7,판교,1,15
556,14:56,1,1,서울역,2,"2,13"
556,14:56,2,2,수서,1,27
556,14:56,6,6,일산,1,24
556,14:56,7,7,판교,1,15
556,14:56,9,9,평택,1,12
557,14:57,1,1,서울역,2,"2,13"
557,14:57,10,10,인천공항,1,36
557,14:57,3,3,삼성,1,16
557,14:57,4,4,여의도,1,39
557,14:57,6,6,일산,1,24
557,14:57,7,7,판교,1,17
557,14:57,9,9,평택,1,12
558,14:58,1,1,서울역,2,"2,13"
558,14:58,10,10,인천공항,1,36
558,14:58,3,3,삼성,1,16
558,14:58,4,4,여의도,2,"18,39"
558,14:58,6,6,일산,2,"9,24"
558,14:58,7,7,판교,1,17
558,14:58,9,9,평택,2,"8,12"
559,14:59,1,1,서울역,1,13
559,14:59,10,10,인천공항,1,36
559,14:59,2,2,수서,1,29
559,14:59,3,3,삼성,1,16
559,14:59,4,4,여의도,3,"18,35,39"
559,14:59,6,6,일산,1,9
559,14:59,7,7,판교,1,17
559,14:59,9,9,평택,1,8
560,15:00,1,1,서울역,2,"13,34"
560,15:00,2,2,수서,1,29
560,15:00,4,4,여의도,2,"18,35"
560,15:00,6,6,일산,1,9
560,15:00,7,7,판교,1,32
560,15:00,9,9,평택,2,"8,26"
561,15:01,1,1,서울역,2,"13,34"
561,15:01,2,2,수서,1,29
561,15:01,4,4,여의도,3,"11,18,35"
561,15:01,6,6,일산,1,24
561,15:01,7,7,판교,1,32
561,15:01,9,9,평택,1,26
562,15:02,1,1,서울역,1,34
562,15:02,4,4,여의도,3,"11,18,37"
562,15:02,6,6,일산,1,24
562,15:02,7,7,판교,1,32
562,15:02,9,9,평택,2,"26,30"
563,15:03,4,4,여의도,3,"11,18,37"
563,15:03,6,6,일산,1,24
563,15:03,9,9,평택,1,30
564,15:04,4,4,여의도,2,"28,37"
564,15:04,9,9,평택,3,"7,30,31"
565,15:05,10,10,인천공항,1,33
565,15:05,3,3,삼성,1,4
565,15:05,4,4,여의도,1,28
565,15:05,9,9,평택,3,"3,7,31"
566,15:06,10,10,인천공항,2,"33,40"
566,15:06,3,3,삼성,1,4
566,15:06,4,4,여의도,1,28
566,15:06,7,7,판교,1,21
566,15:06,9,9,평택,4,"3,7,10,31"
567,15:07,10,10,인천공항,2,"33,40"
567,15:07,3,3,삼성,1,4
567,15:07,4,4,여의도,2,"28,35"
567,15:07,7,7,판교,1,21
567,15:07,9,9,평택,2,"3,10"
568,15:08,10,10,인천공항,2,"33,40"
568,15:08,4,4,여의도,2,"28,35"
568,15:08,7,7,판교,1,21
568,15:08,9,9,평택,2,"10,31"
569,15:09,10,10,인천공항,1,33
569,15:09,3,3,삼성,2,"1,14"
569,15:09,4,4,여의도,3,"17,28,35"
569,15:09,8,8,동탄/용인,1,19
569,15:09,9,9,평택,2,"7,31"
570,15:10,10,10,인천공항,1,33
570,15:10,3,3,삼성,2,"1,14"
570,15:10,4,4,여의도,1,17
570,15:10,6,6,일산,1,27
570,15:10,8,8,동탄/용인,1,19
570,15:10,9,9,평택,3,"5,7,31"
571,15:11,10,10,인천공항,3,"23,33,40"
571,15:11,3,3,삼성,2,"1,14"
571,15:11,4,4,여의도,1,17
571,15:11,6,6,일산,3,"15,22,27"
571,15:11,8,8,동탄/용인,1,19
571,15:11,9,9,평택,2,"5,7"
572,15:12,10,10,인천공항,3,"23,33,40"
572,15:12,5,5,김포공항,2,"13,29"
572,15:12,6,6,일산,3,"15,22,27"
572,15:12,7,7,판교,2,"21,34"
572,15:12,9,9,평택,3,"0,5,6"
573,15:13,1,1,서울역,2,"24,25"
573,15:13,10,10,인천공항,3,"23,33,40"
573,15:13,2,2,수서,1,4
573,15:13,5,5,김포공항,2,"13,29"
573,15:13,6,6,일산,2,"15,22"
573,15:13,7,7,판교,2,"21,34"
573,15:13,9,9,평택,2,"0,6"
574,15:14,1,1,서울역,2,"24,25"
574,15:14,10,10,인천공항,1,23
574,15:14,2,2,수서,1,4
574,15:14,4,4,여의도,1,17
574,15:14,5,5,김포공항,2,"13,29"
574,15:14,7,7,판교,2,"21,34"
574,15:14,9,9,평택,2,"0,6"
575,15:15,1,1,서울역,2,"24,25"
575,15:15,10,10,인천공항,1,23
575,15:15,2,2,수서,1,4
575,15:15,4,4,여의도,2,"17,37"
575,15:15,7,7,판교,1,9
576,15:16,10,10,인천공항,2,"23,40"
576,15:16,3,3,삼성,1,12
576,15:16,4,4,여의도,2,"17,37"
576,15:16,7,7,판교,1,9
576,15:16,9,9,평택,1,5
577,15:17,10,10,인천공항,1,40
577,15:17,3,3,삼성,2,"12,36"
577,15:17,4,4,여의도,1,37
577,15:17,7,7,판교,1,9
577,15:17,9,9,평택,7,"2,3,5,6,16,32,39"
578,15:18,10,10,인천공항,1,40
578,15:18,3,3,삼성,2,"12,36"
578,15:18,9,9,평택,7,"2,3,5,6,16,32,39"
579,15:19,10,10,인천공항,1,20
579,15:19,3,3,삼성,1,36
579,15:19,9,9,평택,6,"2,3,6,16,32,39"
580,15:20,10,10,인천공항,1,20
581,15:21,10,10,인천공항,1,20
581,15:21,9,9,평택,1,18
582,15:22,4,4,여의도,2,"8,30"
582,15:22,5,5,김포공항,1,26
582,15:22,9,9,평택,1,18
583,15:23,4,4,여의도,2,"8,30"
583,15:23,5,5,김포공항,1,26
583,15:23,6,6,일산,1,38
583,15:23,9,9,평택,1,18
584,15:24,3,3,삼성,1,36
584,15:24,4,4,여의도,3,"8,21,30"
584,15:24,5,5,김포공항,1,26
584,15:24,6,6,일산,1,38
584,15:24,9,9,평택,1,10
585,15:25,3,3,삼성,1,36
585,15:25,4,4,여의도,2,"8,21"
585,15:25,5,5,김포공항,1,26
585,15:25,6,6,일산,1,38
585,15:25,9,9,평택,1,10
586,15:26,3,3,삼성,1,36
586,15:26,4,4,여의도,2,"8,21"
586,15:26,5,5,김포공항,1,26
586,15:26,9,9,평택,1,10
587,15:27,3,3,삼성,1,36
587,15:27,4,4,여의도,1,8
587,15:27,5,5,김포공항,1,26
587,15:27,6,6,일산,1,15
587,15:27,8,8,동탄/용인,1,19
587,15:27,9,9,평택,2,"28,35"
588,15:28,3,3,삼성,1,36
588,15:28,4,4,여의도,1,11
588,15:28,6,6,일산,1,15
588,15:28,8,8,동탄/용인,1,19
588,15:28,9,9,평택,2,"28,35"
589,15:29,1,1,서울역,2,"25,31"
589,15:29,3,3,삼성,1,36
589,15:29,4,4,여의도,2,"11,21"
589,15:29,6,6,일산,3,"4,15,27"
589,15:29,8,8,동탄/용인,1,19
589,15:29,9,9,평택,3,"1,28,35"
590,15:30,1,1,서울역,2,"25,31"
590,15:30,4,4,여의도,3,"11,21,30"
590,15:30,6,6,일산,2,"4,27"
590,15:30,9,9,평택,2,"1,35"
591,15:31,1,1,서울역,2,"25,31"
591,15:31,3,3,삼성,1,33
591,15:31,4,4,여의도,2,"21,30"
591,15:31,6,6,일산,2,"4,27"
591,15:31,9,9,평택,2,"1,35"
592,15:32,1,1,서울역,1,31
592,15:32,3,3,삼성,1,33
592,15:32,4,4,여의도,2,"9,30"
592,15:32,5,5,김포공항,1,29
592,15:32,9,9,평택,3,"1,18,35"
593,15:33,1,1,서울역,1,31
593,15:33,3,3,삼성,1,33
593,15:33,4,4,여의도,1,9
593,15:33,5,5,김포공항,1,29
593,15:33,8,8,동탄/용인,1,22
593,15:33,9,9,평택,2,"1,18"
594,15:34,1,1,서울역,1,31
594,15:34,3,3,삼성,2,"23,33"
594,15:34,4,4,여의도,1,9
594,15:34,5,5,김포공항,1,29
594,15:34,8,8,동탄/용인,1,22
594,15:34,9,9,평택,3,"1,17,18"
595,15:35,3,3,삼성,3,"23,33,34"
595,15:35,4,4,여의도,1,24
595,15:35,8,8,동탄/용인,1,22
595,15:35,9,9,평택,2,"17,37"
596,15:36,10,10,인천공항,1,0
596,15:36,3,3,삼성,4,"23,33,34,40"
596,15:36,4,4,여의도,2,"5,24"
596,15:36,8,8,동탄/용인,1,22
596,15:36,9,9,평택,3,"16,17,37"
597,15:37,10,10,인천공항,1,0
597,15:37,3,3,삼성,3,"12,34,40"
597,15:37,4,4,여의도,4,"5,6,7,24"
597,15:37,8,8,동탄/용인,1,22
597,15:37,9,9,평택,2,"16,37"
598,15:38,1,1,서울역,1,32
598,15:38,10,10,인천공항,1,0
598,15:38,3,3,삼성,2,"12,40"
598,15:38,4,4,여의도,3,"5,6,7"
598,15:38,8,8,동탄/용인,1,22
598,15:38,9,9,평택,2,"2,16"
599,15:39,1,1,서울역,1,32
599,15:39,10,10,인천공항,1,0
599,15:39,2,2,수서,1,38
599,15:39,3,3,삼성,2,"12,40"
599,15:39,4,4,여의도,3,"5,6,7"
599,15:39,9,9,평택,1,2
600,15:40,1,1,서울역,1,32
600,15:40,10,10,인천공항,1,0
600,15:40,2,2,수서,1,38
600,15:40,3,3,삼성,1,40
600,15:40,4,4,여의도,1,5
600,15:40,9,9,평택,1,2
601,15:41,1,1,서울역,2,"31,32"
601,15:41,10,10,인천공항,1,0
601,15:41,2,2,수서,1,38
601,15:41,3,3,삼성,1,40
601,15:41,4,4,여의도,1,5
601,15:41,9,9,평택,1,37
602,15:42,1,1,서울역,2,"31,32"
602,15:42,3,3,삼성,1,40
602,15:42,4,4,여의도,1,6
602,15:42,9,9,평택,2,"17,37"
603,15:43,1,1,서울역,2,"31,32"
603,15:43,3,3,삼성,1,40
603,15:43,4,4,여의도,2,"6,7"
603,15:43,9,9,평택,3,"17,20,37"
604,15:44,3,3,삼성,1,40
604,15:44,4,4,여의도,3,"6,7,10"
604,15:44,7,7,판교,1,9
604,15:44,9,9,평택,2,"17,20"
605,15:45,4,4,여의도,2,"7,10"
605,15:45,5,5,김포공항,1,3
605,15:45,7,7,판교,1,9
605,15:45,9,9,평택,2,"8,20"
606,15:46,2,2,수서,1,23
606,15:46,4,4,여의도,1,10
606,15:46,5,5,김포공항,2,"3,19"
606,15:46,7,7,판교,1,9
606,15:46,9,9,평택,2,"8,39"
607,15:47,10,10,인천공항,1,36
607,15:47,2,2,수서,1,23
607,15:47,5,5,김포공항,2,"3,19"
607,15:47,9,9,평택,3,"8,26,39"
608,15:48,10,10,인천공항,1,36
608,15:48,2,2,수서,1,23
608,15:48,5,5,김포공항,1,19
608,15:48,9,9,평택,3,"11,26,39"
609,15:49,10,10,인천공항,1,36
609,15:49,4,4,여의도,1,14
609,15:49,8,8,동탄/용인,1,15
609,15:49,9,9,평택,4,"11,13,21,26"
610,15:50,10,10,인천공항,1,36
610,15:50,4,4,여의도,1,14
610,15:50,8,8,동탄/용인,1,15
610,15:50,9,9,평택,5,"11,13,21,25,30"
611,15:51,1,1,서울역,1,35
611,15:51,10,10,인천공항,1,36
611,15:51,2,2,수서,1,33
611,15:51,4,4,여의도,1,14
611,15:51,8,8,동탄/용인,2,"15,27"
611,15:51,9,9,평택,6,"11,13,20,21,25,30"
612,15:52,1,1,서울역,1,35
612,15:52,10,10,인천공항,1,36
612,15:52,2,2,수서,1,33
612,15:52,3,3,삼성,2,"18,32"
612,15:52,6,6,일산,1,12
612,15:52,8,8,동탄/용인,1,27
612,15:52,9,9,평택,4,"11,20,25,30"
613,15:53,1,1,서울역,1,35
613,15:53,2,2,수서,1,33
613,15:53,3,3,삼성,2,"18,32"
613,15:53,6,6,일산,1,12
613,15:53,8,8,동탄/용인,1,27
613,15:53,9,9,평택,2,"11,20"
614,15:54,3,3,삼성,2,"18,32"
614,15:54,5,5,김포공항,1,1
614,15:54,6,6,일산,1,12
614,15:54,8,8,동탄/용인,1,27
614,15:54,9,9,평택,1,29
615,15:55,10,10,인천공항,1,34
615,15:55,5,5,김포공항,2,"1,22"
615,15:55,6,6,일산,1,12
615,15:55,8,8,동탄/용인,1,27
615,15:55,9,9,평택,2,"24,29"
616,15:56,10,10,인천공항,1,34
616,15:56,4,4,여의도,1,16
616,15:56,5,5,김포공항,2,"1,22"
616,15:56,6,6,일산,1,12
616,15:56,8,8,동탄/용인,1,27
616,15:56,9,9,평택,2,"24,29"
617,15:57,10,10,인천공항,1,34
617,15:57,4,4,여의도,1,16
617,15:57,5,5,김포공항,2,"1,22"
617,15:57,6,6,일산,2,"12,40"
617,15:57,9,9,평택,3,"8,21,24"
618,15:58,2,2,수서,1,38
618,15:58,4,4,여의도,1,16
618,15:58,5,5,김포공항,1,1
618,15:58,6,6,일산,2,"4,40"
618,15:58,9,9,평택,2,"8,21"
619,15:59,2,2,수서,1,38
619,15:59,3,3,삼성,3,"0,18,32"
619,15:59,5,5,김포공항,1,1
619,15:59,6,6,일산,2,"4,40"
619,15:59,9,9,평택,3,"8,21,24"
620,16:00,10,10,인천공항,1,34
620,16:00,2,2,수서,2,"14,38"
620,16:00,3,3,삼성,3,"0,18,32"
620,16:00,5,5,김포공항,1,2
620,16:00,6,6,일산,2,"4,40"
620,16:00,7,7,판교,1,9
620,16:00,9,9,평택,2,"24,25"
621,16:01,10,10,인천공항,1,34
621,16:01,2,2,수서,1,14
621,16:01,3,3,삼성,4,"0,18,32,37"
621,16:01,5,5,김포공항,1,2
621,16:01,6,6,일산,1,40
621,16:01,7,7,판교,1,9
621,16:01,9,9,평택,2,"24,25"
622,16:02,10,10,인천공항,1,34
622,16:02,2,2,수서,1,14
622,16:02,3,3,삼성,2,"0,37"
622,16:02,4,4,여의도,1,17
622,16:02,5,5,김포공항,1,2
622,16:02,6,6,일산,2,"23,40"
622,16:02,7,7,판교,1,9
622,16:02,9,9,평택,3,"6,25,31"
623,16:03,3,3,삼성,2,"0,37"
623,16:03,4,4,여의도,1,17
623,16:03,6,6,일산,1,23
623,16:03,9,9,평택,4,"6,7,25,31"
624,16:04,3,3,삼성,1,0
624,16:04,4,4,여의도,1,17
624,16:04,5,5,김포공항,1,19
624,16:04,6,6,일산,1,23
624,16:04,9,9,평택,5,"6,7,25,26,31"
625,16:05,5,5,김포공항,1,19
625,16:05,9,9,평택,4,"7,25,26,28"
626,16:06,3,3,삼성,2,"37,39"
626,16:06,5,5,김포공항,1,19
626,16:06,9,9,평택,2,"26,28"
627,16:07,3,3,삼성,2,"37,39"
627,16:07,6,6,일산,1,33
627,16:07,9,9,평택,2,"26,28"
628,16:08,3,3,삼성,2,"37,39"
628,16:08,6,6,일산,1,33
628,16:08,9,9,평택,4,"5,15,26,28"
629,16:09,4,4,여의도,1,10
629,16:09,6,6,일산,1,33
629,16:09,7,7,판교,1,35
629,16:09,9,9,평택,4,"5,15,26,28"
630,16:10,4,4,여의도,1,10
630,16:10,7,7,판교,1,35
630,16:10,9,9,평택,4,"5,7,15,28"
631,16:11,2,2,수서,1,14
631,16:11,3,3,삼성,1,39
631,16:11,4,4,여의도,3,"10,16,20"
631,16:11,6,6,일산,1,23
631,16:11,7,7,판교,1,35
631,16:11,9,9,평택,1,7
632,16:12,1,1,서울역,1,40
632,16:12,2,2,수서,1,14
632,16:12,3,3,삼성,1,39
632,16:12,4,4,여의도,3,"9,16,20"
632,16:12,6,6,일산,1,23
632,16:12,7,7,판교,1,12
632,16:12,9,9,평택,2,"7,29"
633,16:13,1,1,서울역,1,40
633,16:13,2,2,수서,1,14
633,16:13,3,3,삼성,1,39
633,16:13,4,4,여의도,4,"9,16,17,20"
633,16:13,5,5,김포공항,1,11
633,16:13,6,6,일산,1,23
633,16:13,7,7,판교,1,12
633,16:13,9,9,평택,1,29
634,16:14,1,1,서울역,1,40
634,16:14,4,4,여의도,2,"9,17"
634,16:14,5,5,김포공항,1,11
634,16:14,6,6,일산,1,32
634,16:14,7,7,판교,1,12
634,16:14,9,9,평택,1,29
635,16:15,1,1,서울역,1,40
635,16:15,4,4,여의도,2,"17,20"
635,16:15,5,5,김포공항,1,11
635,16:15,6,6,일산,1,32
635,16:15,9,9,평택,2,"13,29"
636,16:16,1,1,서울역,1,40
636,16:16,10,10,인천공항,1,36
636,16:16,4,4,여의도,1,20
636,16:16,6,6,일산,2,"27,32"
636,16:16,9,9,평택,2,"13,29"
637,16:17,1,1,서울역,1,40
637,16:17,10,10,인천공항,1,36
637,16:17,3,3,삼성,1,19
637,16:17,4,4,여의도,1,20
637,16:17,6,6,일산,1,27
637,16:17,9,9,평택,3,"5,13,29"
638,16:18,10,10,인천공항,1,36
638,16:18,3,3,삼성,1,19
638,16:18,5,5,김포공항,1,2
638,16:18,6,6,일산,1,27
638,16:18,9,9,평택,2,"5,30"
639,16:19,10,10,인천공항,1,38
639,16:19,3,3,삼성,1,19
639,16:19,4,4,여의도,1,24
639,16:19,5,5,김포공항,1,2
639,16:19,6,6,일산,1,27
639,16:19,9,9,평택,3,"5,30,31"
640,16:20,10,10,인천공항,1,38
640,16:20,4,4,여의도,3,"9,21,24"
640,16:20,5,5,김포공항,2,"2,3"
640,16:20,6,6,일산,1,27
640,16:20,8,8,동탄/용인,1,4
640,16:20,9,9,평택,2,"30,31"
641,16:21,10,10,인천공항,2,"8,38"
641,16:21,3,3,삼성,1,19
641,16:21,4,4,여의도,4,"9,21,24,35"
641,16:21,5,5,김포공항,1,3
641,16:21,6,6,일산,1,27
641,16:21,8,8,동탄/용인,1,4
641,16:21,9,9,평택,1,31
642,16:22,10,10,인천공항,2,"8,18"
642,16:22,3,3,삼성,1,19
642,16:22,4,4,여의도,3,"9,21,35"
642,16:22,5,5,김포공항,1,3
642,16:22,8,8,동탄/용인,1,4
642,16:22,9,9,평택,1,0
643,16:23,10,10,인천공항,2,"8,18"
643,16:23,3,3,삼성,1,19
643,16:23,4,4,여의도,3,"21,25,35"
643,16:23,9,9,평택,1,0
644,16:24,10,10,인천공항,1,18
644,16:24,4,4,여의도,4,"21,24,25,35"
644,16:24,9,9,평택,2,"0,34"
645,16:25,10,10,인천공항,1,18
645,16:25,4,4,여의도,4,"21,24,25,35"
645,16:25,9,9,평택,2,"6,34"
646,16:26,10,10,인천공항,1,18
646,16:26,4,4,여의도,3,"24,25,35"
646,16:26,9,9,평택,3,"6,34,37"
647,16:27,10,10,인천공항,1,18
647,16:27,4,4,여의도,2,"25,26"
647,16:27,9,9,평택,4,"0,1,6,37"
648,16:28,2,2,수서,1,12
648,16:28,3,3,삼성,1,15
648,16:28,4,4,여의도,4,"24,25,26,28"
648,16:28,9,9,평택,3,"0,1,37"
649,16:29,2,2,수서,1,12
649,16:29,3,3,삼성,1,15
649,16:29,4,4,여의도,3,"24,26,28"
649,16:29,9,9,평택,3,"0,1,10"
650,16:30,2,2,수서,1,12
650,16:30,3,3,삼성,1,15
650,16:30,4,4,여의도,3,"24,26,28"
650,16:30,9,9,평택,2,"0,10"
651,16:31,4,4,여의도,2,"26,28"
651,16:31,9,9,평택,4,"0,10,16,39"
652,16:32,10,10,인천공항,1,14
652,16:32,4,4,여의도,2,"26,28"
652,16:32,9,9,평택,3,"0,16,39"
653,16:33,10,10,인천공항,1,14
653,16:33,4,4,여의도,2,"25,28"
653,16:33,9,9,평택,4,"10,16,17,39"
654,16:34,10,10,인천공항,1,14
654,16:34,3,3,삼성,1,27
654,16:34,4,4,여의도,1,25
654,16:34,5,5,김포공항,1,11
654,16:34,9,9,평택,2,"10,17"
655,16:35,2,2,수서,1,35
655,16:35,3,3,삼성,1,27
655,16:35,4,4,여의도,2,"25,29"
655,16:35,5,5,김포공항,1,11
655,16:35,9,9,평택,3,"10,17,20"
656,16:36,2,2,수서,1,35
656,16:36,3,3,삼성,1,27
656,16:36,4,4,여의도,2,"25,29"
656,16:36,5,5,김포공항,1,11
656,16:36,8,8,동탄/용인,1,4
656,16:36,9,9,평택,2,"20,40"
657,16:37,2,2,수서,1,35
657,16:37,3,3,삼성,1,15
657,16:37,4,4,여의도,2,"25,29"
657,16:37,5,5,김포공항,1,13
657,16:37,8,8,동탄/용인,1,4
657,16:37,9,9,평택,2,"20,40"
658,16:38,1,1,서울역,1,22
658,16:38,3,3,삼성,1,15
658,16:38,4,4,여의도,3,"25,29,30"
658,16:38,5,5,김포공항,1,13
658,16:38,8,8,동탄/용인,1,4
658,16:38,9,9,평택,1,40
659,16:39,1,1,서울역,1,22
659,16:39,3,3,삼성,1,15
659,16:39,4,4,여의도,4,"26,29,30,31"
659,16:39,5,5,김포공항,1,13
659,16:39,6,6,일산,1,32
660,16:40,1,1,서울역,1,22
660,16:40,4,4,여의도,4,"26,29,30,31"
660,16:40,5,5,김포공항,1,13
660,16:40,6,6,일산,1,32
660,16:40,9,9,평택,3,"2,9,36"
661,16:41,10,10,인천공항,1,5
661,16:41,4,4,여의도,4,"26,28,30,31"
661,16:41,5,5,김포공항,1,13
661,16:41,6,6,일산,1,32
661,16:41,9,9,평택,4,"2,9,19,36"
662,16:42,10,10,인천공항,1,5
662,16:42,4,4,여의도,3,"28,30,31"
662,16:42,5,5,김포공항,1,13
662,16:42,8,8,동탄/용인,1,23
662,16:42,9,9,평택,6,"2,3,9,19,34,36"
663,16:43,10,10,인천공항,1,5
663,16:43,4,4,여의도,3,"28,30,31"
663,16:43,5,5,김포공항,1,7
663,16:43,8,8,동탄/용인,1,23
663,16:43,9,9,평택,3,"3,19,34"
664,16:44,3,3,삼성,1,27
664,16:44,4,4,여의도,2,"28,31"
664,16:44,5,5,김포공항,1,7
664,16:44,6,6,일산,1,12
664,16:44,8,8,동탄/용인,1,23
664,16:44,9,9,평택,2,"3,34"
665,16:45,3,3,삼성,1,27
665,16:45,4,4,여의도,2,"6,28"
665,16:45,5,5,김포공항,1,7
665,16:45,6,6,일산,1,12
665,16:45,9,9,평택,1,34
666,16:46,3,3,삼성,1,27
666,16:46,4,4,여의도,2,"6,28"
666,16:46,5,5,김포공항,1,7
666,16:46,6,6,일산,1,12
666,16:46,9,9,평택,2,"34,37"
667,16:47,3,3,삼성,1,35
667,16:47,4,4,여의도,1,6
667,16:47,5,5,김포공항,1,7
667,16:47,9,9,평택,4,"1,34,36,37"
668,16:48,3,3,삼성,1,35
668,16:48,5,5,김포공항,1,7
668,16:48,9,9,평택,5,"1,17,24,36,37"
669,16:49,3,3,삼성,1,35
669,16:49,9,9,평택,4,"1,17,24,36"
670,16:50,9,9,평택,3,"17,24,39"
671,16:51,4,4,여의도,1,29
671,16:51,9,9,평택,2,"24,39"
672,16:52,2,2,수서,1,30
672,16:52,4,4,여의도,1,29
672,16:52,6,6,일산,1,8
672,16:52,9,9,평택,2,"24,39"
673,16:53,2,2,수서,2,"30,31"
673,16:53,4,4,여의도,2,"10,29"
673,16:53,6,6,일산,1,8
673,16:53,8,8,동탄/용인,1,23
673,16:53,9,9,평택,1,24
674,16:54,2,2,수서,2,"30,31"
674,16:54,3,3,삼성,1,33
674,16:54,4,4,여의도,1,10
674,16:54,6,6,일산,1,8
674,16:54,8,8,동탄/용인,1,23
674,16:54,9,9,평택,2,"16,24"
675,16:55,2,2,수서,3,"30,31,32"
675,16:55,3,3,삼성,1,33
675,16:55,4,4,여의도,1,10
675,16:55,8,8,동탄/용인,1,23
675,16:55,9,9,평택,2,"16,24"
676,16:56,2,2,수서,3,"30,31,32"
676,16:56,3,3,삼성,2,"18,33"
676,16:56,4,4,여의도,1,10
676,16:56,9,9,평택,5,"11,16,21,24,25"
677,16:57,2,2,수서,3,"30,31,32"
677,16:57,3,3,삼성,1,18
677,16:57,4,4,여의도,1,10
677,16:57,9,9,평택,5,"2,11,15,21,25"
678,16:58,2,2,수서,1,31
678,16:58,3,3,삼성,1,18
678,16:58,4,4,여의도,1,10
678,16:58,6,6,일산,1,4
678,16:58,9,9,평택,5,"2,11,15,21,25"
679,16:59,3,3,삼성,1,18
679,16:59,4,4,여의도,1,10
679,16:59,6,6,일산,1,4
679,16:59,9,9,평택,6,"2,15,21,22,25,26"
680,17:00,3,3,삼성,1,18
680,17:00,4,4,여의도,1,10
680,17:00,6,6,일산,1,4
680,17:00,9,9,평택,6,"3,15,21,22,25,26"
681,17:01,3,3,삼성,1,18
681,17:01,4,4,여의도,1,10
681,17:01,6,6,일산,1,4
681,17:01,9,9,평택,8,"3,9,15,20,21,22,25,26"
682,17:02,6,6,일산,1,4
682,17:02,9,9,평택,5,"3,9,13,15,20"
683,17:03,6,6,일산,1,4
683,17:03,9,9,평택,3,"9,13,20"
684,17:04,9,9,평택,3,"13,20,28"
685,17:05,4,4,여의도,1,34
685,17:05,9,9,평택,3,"13,20,28"
686,17:06,10,10,인천공항,1,0
686,17:06,3,3,삼성,1,37
686,17:06,4,4,여의도,1,34
686,17:06,9,9,평택,4,"13,20,28,40"
687,17:07,1,1,서울역,1,30
687,17:07,10,10,인천공항,1,0
687,17:07,3,3,삼성,2,"8,37"
687,17:07,4,4,여의도,3,"31,34,36"
687,17:07,9,9,평택,3,"13,28,40"
688,17:08,1,1,서울역,1,30
688,17:08,10,10,인천공항,2,"0,5"
688,17:08,3,3,삼성,2,"8,37"
688,17:08,4,4,여의도,4,"31,32,34,36"
688,17:08,5,5,김포공항,1,6
688,17:08,9,9,평택,3,"11,28,40"
689,17:09,1,1,서울역,1,30
689,17:09,10,10,인천공항,2,"0,5"
689,17:09,3,3,삼성,1,8
689,17:09,4,4,여의도,4,"31,32,34,36"
689,17:09,5,5,김포공항,1,6
689,17:09,9,9,평택,4,"11,19,22,28"
690,17:10,1,1,서울역,2,"12,30"
690,17:10,10,10,인천공항,2,"0,5"
690,17:10,3,3,삼성,2,"8,39"
690,17:10,4,4,여의도,3,"31,32,34"
690,17:10,5,5,김포공항,2,"6,17"
690,17:10,9,9,평택,3,"11,19,22"
691,17:11,1,1,서울역,2,"12,30"
691,17:11,10,10,인천공항,2,"0,1"
691,17:11,3,3,삼성,2,"8,39"
691,17:11,4,4,여의도,2,"31,34"
691,17:11,5,5,김포공항,2,"6,17"
691,17:11,9,9,평택,4,"11,19,22,29"
692,17:12,1,1,서울역,2,"12,30"
692,17:12,10,10,인천공항,1,1
692,17:12,3,3,삼성,2,"8,39"
692,17:12,4,4,여의도,2,"31,34"
692,17:12,5,5,김포공항,2,"6,17"
692,17:12,9,9,평택,2,"11,29"
693,17:13,10,10,인천공항,1,1
693,17:13,4,4,여의도,1,34
693,17:13,5,5,김포공항,1,6
693,17:13,9,9,평택,4,"11,22,27,29"
694,17:14,10,10,인천공항,1,1
694,17:14,4,4,여의도,1,24
694,17:14,9,9,평택,3,"22,27,33"
695,17:15,10,10,인천공항,1,1
695,17:15,4,4,여의도,1,24
695,17:15,6,6,일산,1,23
695,17:15,9,9,평택,3,"22,27,33"
696,17:16,10,10,인천공항,1,1
696,17:16,4,4,여의도,2,"24,36"
696,17:16,6,6,일산,1,23
696,17:16,9,9,평택,3,"25,33,35"
697,17:17,10,10,인천공항,1,1
697,17:17,4,4,여의도,1,36
697,17:17,6,6,일산,1,23
697,17:17,9,9,평택,4,"25,26,33,35"
698,17:18,1,1,서울역,1,37
698,17:18,10,10,인천공항,2,"1,16"
698,17:18,2,2,수서,1,39
698,17:18,4,4,여의도,1,36
698,17:18,6,6,일산,1,23
698,17:18,9,9,평택,5,"7,25,26,33,35"
699,17:19,1,1,서울역,1,37
699,17:19,10,10,인천공항,2,"1,16"
699,17:19,2,2,수서,1,39
699,17:19,6,6,일산,1,23
699,17:19,8,8,동탄/용인,1,38
699,17:19,9,9,평택,5,"7,10,26,33,35"
700,17:20,1,1,서울역,1,37
700,17:20,10,10,인천공항,1,16
700,17:20,2,2,수서,1,39
700,17:20,4,4,여의도,1,24
700,17:20,6,6,일산,1,23
700,17:20,8,8,동탄/용인,1,38
700,17:20,9,9,평택,3,"7,10,35"
701,17:21,4,4,여의도,1,24
701,17:21,8,8,동탄/용인,1,38
701,17:21,9,9,평택,2,"10,35"
702,17:22,4,4,여의도,1,24
702,17:22,5,5,김포공항,1,17
702,17:22,9,9,평택,2,"10,27"
703,17:23,5,5,김포공항,1,17
703,17:23,8,8,동탄/용인,1,4
703,17:23,9,9,평택,2,"10,27"
704,17:24,10,10,인천공항,2,"2,3"
704,17:24,4,4,여의도,1,20
704,17:24,5,5,김포공항,1,17
704,17:24,8,8,동탄/용인,1,4
704,17:24,9,9,평택,3,"7,10,27"
705,17:25,10,10,인천공항,3,"2,3,9"
705,17:25,4,4,여의도,1,20
705,17:25,8,8,동탄/용인,1,4
705,17:25,9,9,평택,1,7
706,17:26,10,10,인천공항,3,"2,3,9"
706,17:26,4,4,여의도,1,20
706,17:26,9,9,평택,2,"7,27"
707,17:27,10,10,인천공항,2,"2,9"
707,17:27,4,4,여의도,1,20
707,17:27,9,9,평택,2,"27,28"
708,17:28,10,10,인천공항,1,2
708,17:28,4,4,여의도,2,"20,21"
708,17:28,9,9,평택,4,"18,27,28,32"
709,17:29,10,10,인천공항,1,2
709,17:29,3,3,삼성,1,40
709,17:29,4,4,여의도,2,"20,21"
709,17:29,9,9,평택,3,"18,28,32"
710,17:30,3,3,삼성,1,40
710,17:30,4,4,여의도,2,"20,21"
710,17:30,9,9,평택,5,"10,18,28,31,32"
711,17:31,10,10,인천공항,1,3
711,17:31,2,2,수서,1,24
711,17:31,3,3,삼성,1,40
711,17:31,4,4,여의도,2,"20,21"
711,17:31,5,5,김포공항,1,19
711,17:31,9,9,평택,7,"10,12,28,29,30,31,34"
712,17:32,10,10,인천공항,2,"3,9"
712,17:32,2,2,수서,1,24
712,17:32,4,4,여의도,2,"20,21"
712,17:32,5,5,김포공항,1,19
712,17:32,9,9,평택,8,"5,10,12,28,29,30,31,34"
713,17:33,10,10,인천공항,2,"3,9"
713,17:33,2,2,수서,1,24
713,17:33,3,3,삼성,1,23
713,17:33,4,4,여의도,2,"21,22"
713,17:33,5,5,김포공항,1,19
713,17:33,9,9,평택,6,"5,6,12,29,30,34"
714,17:34,10,10,인천공항,2,"3,9"
714,17:34,2,2,수서,1,24
714,17:34,3,3,삼성,1,23
714,17:34,4,4,여의도,1,22
714,17:34,9,9,평택,6,"4,5,6,10,18,29"
715,17:35,1,1,서울역,1,14
715,17:35,10,10,인천공항,2,"3,11"
715,17:35,2,2,수서,1,24
715,17:35,3,3,삼성,1,23
715,17:35,4,4,여의도,1,22
715,17:35,9,9,평택,7,"4,5,6,10,12,18,29"
716,17:36,1,1,서울역,2,"14,16"
716,17:36,10,10,인천공항,3,"3,9,11"
716,17:36,2,2,수서,1,24
716,17:36,3,3,삼성,1,23
716,17:36,4,4,여의도,2,"22,25"
716,17:36,5,5,김포공항,1,13
716,17:36,9,9,평택,8,"4,5,6,10,12,18,29,36"
717,17:37,1,1,서울역,2,"14,16"
717,17:37,10,10,인천공항,2,"9,11"
717,17:37,3,3,삼성,2,"1,23"
717,17:37,4,4,여의도,3,"22,25,26"
717,17:37,5,5,김포공항,1,13
717,17:37,6,6,일산,1,39
717,17:37,9,9,평택,5,"5,6,12,30,36"
718,17:38,1,1,서울역,2,"16,33"
718,17:38,10,10,인천공항,2,"9,11"
718,17:38,3,3,삼성,2,"1,23"
718,17:38,4,4,여의도,3,"22,25,26"
718,17:38,5,5,김포공항,1,13
718,17:38,6,6,일산,2,"15,39"
718,17:38,9,9,평택,3,"6,30,36"
719,17:39,1,1,서울역,2,"16,33"
719,17:39,10,10,인천공항,1,11
719,17:39,3,3,삼성,1,1
719,17:39,4,4,여의도,1,26
719,17:39,6,6,일산,2,"15,39"
719,17:39,9,9,평택,4,"6,12,30,37"
720,17:40,1,1,서울역,2,"16,33"
720,17:40,10,10,인천공항,1,11
720,17:40,3,3,삼성,1,1
720,17:40,4,4,여의도,2,"25,26"
720,17:40,6,6,일산,1,15
720,17:40,9,9,평택,5,"6,8,12,31,37"
721,17:41,1,1,서울역,1,16
721,17:41,10,10,인천공항,1,11
721,17:41,3,3,삼성,1,1
721,17:41,4,4,여의도,2,"25,26"
721,17:41,6,6,일산,1,38
721,17:41,9,9,평택,5,"6,8,12,31,37"
722,17:42,10,10,인천공항,1,11
722,17:42,3,3,삼성,1,1
722,17:42,4,4,여의도,3,"22,25,26"
722,17:42,6,6,일산,1,38
722,17:42,9,9,평택,2,"8,31"
723,17:43,10,10,인천공항,1,11
723,17:43,4,4,여의도,1,22
723,17:43,6,6,일산,1,38
723,17:43,9,9,평택,2,"8,31"
724,17:44,10,10,인천공항,1,11
724,17:44,4,4,여의도,1,22
724,17:44,9,9,평택,3,"8,17,31"
725,17:45,10,10,인천공항,1,11
725,17:45,4,4,여의도,1,24
725,17:45,9,9,평택,3,"8,17,31"
726,17:46,10,10,인천공항,1,11
726,17:46,4,4,여의도,2,"24,27"
726,17:46,9,9,평택,1,17
727,17:47,10,10,인천공항,1,0
727,17:47,3,3,삼성,1,2
727,17:47,4,4,여의도,2,"24,27"
727,17:47,9,9,평택,1,17
728,17:48,1,1,서울역,1,35
728,17:48,10,10,인천공항,1,0
728,17:48,2,2,수서,1,1
728,17:48,3,3,삼성,1,2
728,17:48,4,4,여의도,1,27
728,17:48,6,6,일산,1,38
728,17:48,9,9,평택,1,17
729,17:49,1,1,서울역,1,35
729,17:49,10,10,인천공항,1,0
729,17:49,2,2,수서,1,1
729,17:49,3,3,삼성,1,2
729,17:49,4,4,여의도,2,"24,27"
729,17:49,6,6,일산,1,38
729,17:49,9,9,평택,2,"17,32"
730,17:50,1,1,서울역,1,35
730,17:50,2,2,수서,1,1
730,17:50,4,4,여의도,3,"24,27,28"
730,17:50,6,6,일산,1,38
730,17:50,9,9,평택,2,"20,32"
731,17:51,2,2,수서,2,"25,26"
731,17:51,4,4,여의도,3,"24,27,28"
731,17:51,6,6,일산,1,15
731,17:51,9,9,평택,2,"20,32"
732,17:52,2,2,수서,2,"25,26"
732,17:52,4,4,여의도,1,28
732,17:52,6,6,일산,1,15
732,17:52,9,9,평택,2,"20,32"
733,17:53,2,2,수서,2,"25,26"
733,17:53,4,4,여의도,1,28
733,17:53,6,6,일산,1,15
733,17:53,9,9,평택,1,32
734,17:54,2,2,수서,1,25
734,17:54,3,3,삼성,1,3
734,17:54,4,4,여의도,2,"28,29"
734,17:54,9,9,평택,1,32
735,17:55,2,2,수서,1,25
735,17:55,3,3,삼성,1,3
735,17:55,4,4,여의도,2,"28,29"
736,17:56,10,10,인천공항,1,7
736,17:56,2,2,수서,1,25
736,17:56,3,3,삼성,2,"3,9"
736,17:56,4,4,여의도,1,29
736,17:56,5,5,김포공항,1,18
736,17:56,9,9,평택,2,"14,20"
737,17:57,10,10,인천공항,1,7
737,17:57,3,3,삼성,2,"3,9"
737,17:57,4,4,여의도,1,29
737,17:57,5,5,김포공항,1,18
737,17:57,9,9,평택,4,"14,20,34,40"
738,17:58,10,10,인천공항,2,"7,10"
738,17:58,3,3,삼성,2,"3,9"
738,17:58,4,4,여의도,2,"28,29"
738,17:58,5,5,김포공항,1,18
738,17:58,9,9,평택,4,"14,20,34,40"
739,17:59,10,10,인천공항,3,"5,7,10"
739,17:59,3,3,삼성,2,"3,9"
739,17:59,4,4,여의도,2,"28,29"
739,17:59,9,9,평택,4,"14,19,34,40"
740,18:00,10,10,인천공항,3,"5,7,10"
740,18:00,3,3,삼성,2,"2,9"
740,18:00,4,4,여의도,3,"27,28,30"
740,18:00,9,9,평택,3,"14,19,21"
741,18:01,10,10,인천공항,3,"5,7,10"
741,18:01,3,3,삼성,2,"2,9"
741,18:01,4,4,여의도,2,"27,30"
741,18:01,5,5,김포공항,1,18
741,18:01,9,9,평택,3,"14,19,21"
742,18:02,1,1,서울역,1,33
742,18:02,10,10,인천공항,1,10
742,18:02,3,3,삼성,1,2
742,18:02,4,4,여의도,2,"27,30"
742,18:02,5,5,김포공항,1,18
742,18:02,9,9,평택,2,"21,22"
743,18:03,1,1,서울역,1,33
743,18:03,10,10,인천공항,2,"6,10"
743,18:03,4,4,여의도,1,31
743,18:03,5,5,김포공항,1,18
743,18:03,9,9,평택,2,"21,22"
744,18:04,1,1,서울역,2,"33,35"
744,18:04,10,10,인천공항,2,"6,10"
744,18:04,2,2,수서,1,26
744,18:04,3,3,삼성,1,11
744,18:04,4,4,여의도,1,31
744,18:04,6,6,일산,2,"12,39"
744,18:04,9,9,평택,2,"21,22"
745,18:05,1,1,서울역,1,35
745,18:05,10,10,인천공항,2,"6,10"
745,18:05,2,2,수서,1,26
745,18:05,3,3,삼성,2,"4,11"
745,18:05,4,4,여의도,1,31
745,18:05,6,6,일산,2,"12,39"
745,18:05,9,9,평택,3,"21,22,36"
746,18:06,1,1,서울역,1,35
746,18:06,10,10,인천공항,1,10
746,18:06,2,2,수서,1,26
746,18:06,3,3,삼성,2,"4,11"
746,18:06,4,4,여의도,1,31
746,18:06,6,6,일산,2,"12,39"
746,18:06,9,9,평택,2,"22,36"
747,18:07,2,2,수서,2,"9,38"
747,18:07,3,3,삼성,2,"4,11"
747,18:07,4,4,여의도,1,31
747,18:07,6,6,일산,1,12
747,18:07,9,9,평택,2,"22,36"
748,18:08,2,2,수서,2,"9,38"
748,18:08,3,3,삼성,1,11
748,18:08,4,4,여의도,1,31
748,18:08,6,6,일산,1,12
748,18:08,9,9,평택,2,"16,36"
749,18:09,1,1,서울역,1,30
749,18:09,2,2,수서,2,"9,38"
749,18:09,3,3,삼성,1,11
749,18:09,6,6,일산,1,12
749,18:09,9,9,평택,2,"16,36"
750,18:10,1,1,서울역,1,30
750,18:10,4,4,여의도,1,29
750,18:10,6,6,일산,1,25
750,18:10,9,9,평택,3,"13,16,36"
751,18:11,1,1,서울역,2,"2,30"
751,18:11,4,4,여의도,1,29
751,18:11,6,6,일산,1,25
751,18:11,9,9,평택,4,"0,13,16,37"
752,18:12,1,1,서울역,1,2
752,18:12,2,2,수서,1,38
752,18:12,4,4,여의도,2,"29,32"
752,18:12,6,6,일산,1,25
752,18:12,9,9,평택,5,"0,13,16,23,37"
753,18:13,1,1,서울역,1,2
753,18:13,2,2,수서,1,38
753,18:13,3,3,삼성,1,33
753,18:13,4,4,여의도,1,32
753,18:13,9,9,평택,4,"0,16,23,37"
754,18:14,2,2,수서,1,38
754,18:14,3,3,삼성,1,33
754,18:14,4,4,여의도,1,32
754,18:14,9,9,평택,2,"0,23"
755,18:15,3,3,삼성,1,33
755,18:15,4,4,여의도,1,32
755,18:15,9,9,평택,1,0
756,18:16,10,10,인천공항,1,8
756,18:16,3,3,삼성,2,"20,33"
756,18:16,4,4,여의도,1,32
756,18:16,6,6,일산,1,1
756,18:16,9,9,평택,1,0
757,18:17,10,10,인천공항,1,8
757,18:17,3,3,삼성,3,"20,33,40"
757,18:17,4,4,여의도,1,32
757,18:17,6,6,일산,1,1
757,18:17,8,8,동탄/용인,1,3
758,18:18,10,10,인천공항,1,8
758,18:18,3,3,삼성,3,"20,33,40"
758,18:18,4,4,여의도,1,32
758,18:18,6,6,일산,1,1
758,18:18,8,8,동탄/용인,1,3
758,18:18,9,9,평택,1,28
759,18:19,10,10,인천공항,1,5
759,18:19,2,2,수서,1,11
759,18:19,3,3,삼성,3,"19,39,40"
759,18:19,4,4,여의도,2,"31,32"
759,18:19,6,6,일산,1,1
759,18:19,8,8,동탄/용인,1,3
759,18:19,9,9,평택,2,"24,28"
760,18:20,10,10,인천공항,1,5
760,18:20,2,2,수서,1,11
760,18:20,3,3,삼성,2,"19,39"
760,18:20,4,4,여의도,3,"31,32,34"
760,18:20,6,6,일산,1,1
760,18:20,9,9,평택,5,"15,23,24,27,28"
761,18:21,10,10,인천공항,1,5
761,18:21,2,2,수서,1,11
761,18:21,3,3,삼성,2,"19,39"
761,18:21,4,4,여의도,2,"31,34"
761,18:21,6,6,일산,1,1
761,18:21,8,8,동탄/용인,1,35
761,18:21,9,9,평택,4,"15,23,24,27"
762,18:22,3,3,삼성,1,39
762,18:22,4,4,여의도,2,"17,34"
762,18:22,8,8,동탄/용인,1,35
762,18:22,9,9,평택,3,"15,23,27"
763,18:23,3,3,삼성,1,39
763,18:23,4,4,여의도,1,17
763,18:23,6,6,일산,1,9
763,18:23,8,8,동탄/용인,1,35
764,18:24,3,3,삼성,2,"4,39"
764,18:24,4,4,여의도,1,17
764,18:24,6,6,일산,2,"9,12"
764,18:24,8,8,동탄/용인,1,35
765,18:25,10,10,인천공항,1,26
765,18:25,2,2,수서,1,20
765,18:25,3,3,삼성,1,4
765,18:25,4,4,여의도,2,"17,22"
765,18:25,6,6,일산,2,"9,12"
765,18:25,8,8,동탄/용인,1,35
766,18:26,10,10,인천공항,1,26
766,18:26,2,2,수서,1,20
766,18:26,3,3,삼성,1,4
766,18:26,4,4,여의도,2,"17,22"
766,18:26,6,6,일산,1,12
766,18:26,8,8,동탄/용인,2,"30,35"
767,18:27,1,1,서울역,1,2
767,18:27,10,10,인천공항,1,26
767,18:27,2,2,수서,1,20
767,18:27,4,4,여의도,2,"17,22"
767,18:27,6,6,일산,1,12
767,18:27,8,8,동탄/용인,1,30
768,18:28,1,1,서울역,1,2
768,18:28,10,10,인천공항,1,14
768,18:28,4,4,여의도,2,"22,36"
768,18:28,6,6,일산,2,"12,38"
768,18:28,8,8,동탄/용인,1,30
769,18:29,1,1,서울역,1,2
769,18:29,10,10,인천공항,1,14
769,18:29,2,2,수서,1,20
769,18:29,4,4,여의도,2,"22,36"
769,18:29,6,6,일산,2,"12,38"
770,18:30,1,1,서울역,2,"19,34"
770,18:30,10,10,인천공항,1,14
770,18:30,2,2,수서,1,20
770,18:30,4,4,여의도,2,"22,36"
770,18:30,6,6,일산,1,38
770,18:30,9,9,평택,2,"24,29"
771,18:31,1,1,서울역,2,"19,34"
771,18:31,2,2,수서,1,20
771,18:31,3,3,삼성,1,7
771,18:31,4,4,여의도,1,36
771,18:31,6,6,일산,1,33
771,18:31,9,9,평택,2,"24,29"
772,18:32,1,1,서울역,3,"19,34,37"
772,18:32,3,3,삼성,1,7
772,18:32,4,4,여의도,2,"21,36"
772,18:32,6,6,일산,1,33
772,18:32,9,9,평택,2,"24,29"
773,18:33,1,1,서울역,1,37
773,18:33,2,2,수서,1,25
773,18:33,3,3,삼성,1,7
773,18:33,4,4,여의도,2,"21,36"
773,18:33,6,6,일산,1,33
773,18:33,8,8,동탄/용인,1,30
773,18:33,9,9,평택,1,24
774,18:34,1,1,서울역,1,37
774,18:34,2,2,수서,1,25
774,18:34,4,4,여의도,1,21
774,18:34,8,8,동탄/용인,3,"18,30,32"
774,18:34,9,9,평택,1,24
775,18:35,2,2,수서,1,25
775,18:35,3,3,삼성,1,10
775,18:35,8,8,동탄/용인,4,"18,30,31,32"
775,18:35,9,9,평택,1,24
776,18:36,2,2,수서,1,17
776,18:36,3,3,삼성,1,10
776,18:36,8,8,동탄/용인,3,"18,31,32"
777,18:37,2,2,수서,1,17
777,18:37,3,3,삼성,1,10
777,18:37,6,6,일산,1,39
777,18:37,8,8,동탄/용인,3,"31,32,40"
778,18:38,10,10,인천공항,1,0
778,18:38,2,2,수서,1,17
778,18:38,6,6,일산,1,39
778,18:38,8,8,동탄/용인,2,"32,40"
778,18:38,9,9,평택,1,15
779,18:39,10,10,인천공항,1,0
779,18:39,2,2,수서,1,22
779,18:39,6,6,일산,2,"3,39"
779,18:39,8,8,동탄/용인,2,"32,40"
779,18:39,9,9,평택,1,15
780,18:40,10,10,인천공항,1,0
780,18:40,2,2,수서,1,22
780,18:40,4,4,여의도,2,"23,36"
780,18:40,6,6,일산,2,"3,11"
780,18:40,7,7,판교,1,5
780,18:40,9,9,평택,2,"15,16"
781,18:41,2,2,수서,1,22
781,18:41,3,3,삼성,1,19
781,18:41,4,4,여의도,2,"23,36"
781,18:41,6,6,일산,2,"3,11"
781,18:41,7,7,판교,1,5
781,18:41,9,9,평택,1,16
782,18:42,3,3,삼성,1,19
782,18:42,4,4,여의도,2,"23,36"
782,18:42,6,6,일산,2,"3,11"
782,18:42,7,7,판교,1,5
782,18:42,9,9,평택,1,16
783,18:43,2,2,수서,1,22
783,18:43,3,3,삼성,1,19
783,18:43,4,4,여의도,1,23
783,18:43,6,6,일산,1,3
784,18:44,1,1,서울역,1,13
784,18:44,2,2,수서,1,22
784,18:44,4,4,여의도,1,23
784,18:44,6,6,일산,1,3
784,18:44,8,8,동탄/용인,1,2
784,18:44,9,9,평택,2,"4,16"
785,18:45,1,1,서울역,2,"13,25"
785,18:45,2,2,수서,1,22
785,18:45,4,4,여의도,1,23
785,18:45,6,6,일산,1,20
785,18:45,8,8,동탄/용인,1,2
785,18:45,9,9,평택,2,"4,16"
786,18:46,1,1,서울역,2,"13,25"
786,18:46,6,6,일산,2,"20,35"
786,18:46,8,8,동탄/용인,1,2
786,18:46,9,9,평택,2,"4,16"
787,18:47,1,1,서울역,2,"13,25"
787,18:47,4,4,여의도,1,21
787,18:47,6,6,일산,2,"20,35"
787,18:47,8,8,동탄/용인,1,34
787,18:47,9,9,평택,1,4
788,18:48,1,1,서울역,3,"10,13,25"
788,18:48,2,2,수서,1,22
788,18:48,3,3,삼성,1,7
788,18:48,4,4,여의도,1,21
788,18:48,6,6,일산,2,"20,35"
788,18:48,8,8,동탄/용인,2,"31,34"
788,18:48,9,9,평택,3,"4,18,27"
789,18:49,1,1,서울역,4,"10,13,25,38"
789,18:49,2,2,수서,1,22
789,18:49,3,3,삼성,1,7
789,18:49,4,4,여의도,2,"21,33"
789,18:49,6,6,일산,1,20
789,18:49,8,8,동탄/용인,2,"31,34"
789,18:49,9,9,평택,5,"1,4,18,27,28"
790,18:50,1,1,서울역,3,"10,25,38"
790,18:50,2,2,수서,1,22
790,18:50,3,3,삼성,1,7
790,18:50,4,4,여의도,1,33
790,18:50,6,6,일산,1,20
790,18:50,8,8,동탄/용인,2,"31,34"
790,18:50,9,9,평택,4,"1,18,27,28"
791,18:51,1,1,서울역,1,38
791,18:51,4,4,여의도,1,33
791,18:51,6,6,일산,1,9
791,18:51,8,8,동탄/용인,1,34
791,18:51,9,9,평택,2,"1,28"
792,18:52,1,1,서울역,1,37
792,18:52,3,3,삼성,1,36
792,18:52,4,4,여의도,1,11
792,18:52,6,6,일산,1,9
792,18:52,8,8,동탄/용인,1,34
792,18:52,9,9,평택,2,"12,27"
793,18:53,1,1,서울역,1,37
793,18:53,3,3,삼성,1,36
793,18:53,4,4,여의도,2,"11,24"
793,18:53,6,6,일산,1,9
793,18:53,9,9,평택,2,"12,27"
794,18:54,1,1,서울역,3,"32,37,40"
794,18:54,2,2,수서,1,23
794,18:54,3,3,삼성,1,36
794,18:54,4,4,여의도,2,"11,24"
794,18:54,9,9,평택,2,"12,27"
795,18:55,1,1,서울역,2,"32,40"
795,18:55,2,2,수서,1,23
795,18:55,4,4,여의도,1,24
795,18:55,9,9,평택,1,12
796,18:56,1,1,서울역,2,"32,40"
796,18:56,2,2,수서,1,23
796,18:56,4,4,여의도,1,24
796,18:56,7,7,판교,1,5
796,18:56,9,9,평택,2,"1,12"
797,18:57,2,2,수서,1,23
797,18:57,4,4,여의도,1,24
797,18:57,7,7,판교,1,5
797,18:57,9,9,평택,2,"1,12"
798,18:58,2,2,수서,1,23
798,18:58,4,4,여의도,1,24
798,18:58,7,7,판교,1,5
798,18:58,8,8,동탄/용인,1,2
798,18:58,9,9,평택,1,1
799,18:59,2,2,수서,1,23
799,18:59,8,8,동탄/용인,1,2
800,19:00,1,1,서울역,1,32
800,19:00,2,2,수서,3,"17,25,33"
800,19:00,8,8,동탄/용인,1,2
800,19:00,9,9,평택,1,29
801,19:01,1,1,서울역,1,32
801,19:01,2,2,수서,3,"17,25,33"
801,19:01,9,9,평택,1,29
802,19:02,1,1,서울역,1,32
802,19:02,10,10,인천공항,1,15
802,19:02,2,2,수서,3,"17,25,33"
802,19:02,9,9,평택,1,29
803,19:03,10,10,인천공항,1,15
803,19:03,2,2,수서,3,"11,25,33"
803,19:03,4,4,여의도,1,24
803,19:03,6,6,일산,1,7
804,19:04,10,10,인천공항,1,15
804,19:04,2,2,수서,3,"11,25,33"
804,19:04,4,4,여의도,2,"16,24"
804,19:04,6,6,일산,2,"7,22"
804,19:04,8,8,동탄/용인,1,13
805,19:05,2,2,수서,5,"11,19,25,33,36"
805,19:05,4,4,여의도,2,"16,24"
805,19:05,6,6,일산,3,"7,22,30"
805,19:05,8,8,동탄/용인,2,"10,13"
806,19:06,2,2,수서,3,"19,33,36"
806,19:06,3,3,삼성,1,9
806,19:06,4,4,여의도,2,"16,40"
806,19:06,6,6,일산,2,"22,30"
806,19:06,8,8,동탄/용인,3,"10,13,38"
807,19:07,2,2,수서,3,"19,33,36"
807,19:07,3,3,삼성,1,9
807,19:07,4,4,여의도,2,"16,40"
807,19:07,6,6,일산,2,"22,30"
807,19:07,8,8,동탄/용인,2,"10,38"
807,19:07,9,9,평택,1,21
808,19:08,2,2,수서,2,"33,36"
808,19:08,3,3,삼성,1,9
808,19:08,4,4,여의도,2,"16,40"
808,19:08,6,6,일산,1,22
808,19:08,8,8,동탄/용인,1,38
808,19:08,9,9,평택,1,21
809,19:09,2,2,수서,1,36
809,19:09,4,4,여의도,4,"16,28,35,39"
809,19:09,6,6,일산,1,22
809,19:09,8,8,동탄/용인,1,37
809,19:09,9,9,평택,1,21
810,19:10,2,2,수서,1,36
810,19:10,4,4,여의도,4,"16,28,35,39"
810,19:10,6,6,일산,1,31
810,19:10,8,8,동탄/용인,1,37
810,19:10,9,9,평택,1,21
811,19:11,10,10,인천공항,1,4
811,19:11,4,4,여의도,4,"16,28,35,39"
811,19:11,6,6,일산,1,31
811,19:11,8,8,동탄/용인,1,37
811,19:11,9,9,평택,1,21
812,19:12,10,10,인천공항,1,4
812,19:12,2,2,수서,1,32
812,19:12,4,4,여의도,3,"16,27,28"
812,19:12,6,6,일산,2,"31,34"
812,19:12,9,9,평택,1,21
813,19:13,10,10,인천공항,1,4
813,19:13,2,2,수서,2,"20,32"
813,19:13,3,3,삼성,1,9
813,19:13,4,4,여의도,2,"27,28"
813,19:13,6,6,일산,3,"5,23,34"
814,19:14,2,2,수서,2,"20,32"
814,19:14,3,3,삼성,1,9
814,19:14,4,4,여의도,3,"0,27,28"
814,19:14,6,6,일산,3,"5,23,34"
815,19:15,1,1,서울역,1,7
815,19:15,2,2,수서,2,"20,32"
815,19:15,3,3,삼성,1,9
815,19:15,4,4,여의도,3,"0,6,27"
815,19:15,6,6,일산,2,"5,23"
815,19:15,9,9,평택,1,12
816,19:16,1,1,서울역,1,7
816,19:16,2,2,수서,1,32
816,19:16,4,4,여의도,3,"0,6,27"
816,19:16,9,9,평택,1,12
817,19:17,1,1,서울역,2,"7,18"
817,19:17,2,2,수서,2,"32,40"
817,19:17,4,4,여의도,2,"6,27"
817,19:17,9,9,평택,1,12
818,19:18,1,1,서울역,1,18
818,19:18,2,2,수서,4,"8,14,26,40"
819,19:19,1,1,서울역,2,"2,18"
819,19:19,2,2,수서,5,"8,11,14,26,40"
819,19:19,6,6,일산,1,25
820,19:20,1,1,서울역,1,2
820,19:20,2,2,수서,4,"8,11,14,26"
820,19:20,4,4,여의도,1,29
820,19:20,6,6,일산,1,25
820,19:20,9,9,평택,1,3
821,19:21,1,1,서울역,1,2
821,19:21,10,10,인천공항,1,17
821,19:21,2,2,수서,2,"11,16"
821,19:21,4,4,여의도,1,29
821,19:21,6,6,일산,2,"19,25"
821,19:21,7,7,판교,2,"35,39"
821,19:21,9,9,평택,1,3
822,19:22,1,1,서울역,1,2
822,19:22,10,10,인천공항,1,17
822,19:22,2,2,수서,1,16
822,19:22,4,4,여의도,1,29
822,19:22,6,6,일산,2,"19,33"
822,19:22,7,7,판교,2,"35,39"
822,19:22,9,9,평택,1,3
823,19:23,1,1,서울역,1,2
823,19:23,10,10,인천공항,1,17
823,19:23,2,2,수서,3,"16,28,40"
823,19:23,4,4,여의도,1,29
823,19:23,6,6,일산,2,"19,33"
823,19:23,7,7,판교,2,"35,39"
823,19:23,9,9,평택,1,24
824,19:24,1,1,서울역,1,2
824,19:24,2,2,수서,3,"16,28,40"
824,19:24,4,4,여의도,1,29
824,19:24,6,6,일산,2,"33,36"
824,19:24,9,9,평택,2,"3,24"
825,19:25,2,2,수서,3,"16,28,40"
825,19:25,4,4,여의도,2,"9,29"
825,19:25,6,6,일산,2,"33,36"
825,19:25,9,9,평택,2,"3,24"
826,19:26,2,2,수서,3,"6,16,40"
826,19:26,4,4,여의도,1,9
826,19:26,6,6,일산,3,"0,33,36"
826,19:26,9,9,평택,1,3
827,19:27,2,2,수서,4,"6,16,28,40"
827,19:27,4,4,여의도,1,9
827,19:27,6,6,일산,3,"0,33,36"
828,19:28,2,2,수서,4,"6,16,28,40"
828,19:28,6,6,일산,2,"0,36"
829,19:29,10,10,인천공항,1,1
829,19:29,2,2,수서,3,"6,16,28"
829,19:29,4,4,여의도,1,5
829,19:29,6,6,일산,2,"20,36"
830,19:30,10,10,인천공항,1,1
830,19:30,2,2,수서,2,"6,27"
830,19:30,4,4,여의도,2,"5,21"
830,19:30,6,6,일산,1,20
830,19:30,8,8,동탄/용인,1,38
831,19:31,10,10,인천공항,1,1
831,19:31,2,2,수서,2,"6,27"
831,19:31,4,4,여의도,2,"5,21"
831,19:31,5,5,김포공항,1,8
831,19:31,6,6,일산,2,"20,32"
831,19:31,8,8,동탄/용인,1,38
832,19:32,1,1,서울역,1,23
832,19:32,2,2,수서,1,27
832,19:32,4,4,여의도,2,"9,21"
832,19:32,5,5,김포공항,1,8
832,19:32,6,6,일산,1,32
832,19:32,8,8,동탄/용인,2,"7,38"
832,19:32,9,9,평택,1,10
833,19:33,1,1,서울역,1,23
833,19:33,2,2,수서,3,"18,27,34"
833,19:33,4,4,여의도,1,9
833,19:33,5,5,김포공항,1,8
833,19:33,6,6,일산,1,32
833,19:33,7,7,판교,1,13
833,19:33,8,8,동탄/용인,1,7
833,19:33,9,9,평택,1,10
834,19:34,1,1,서울역,1,23
834,19:34,2,2,수서,4,"18,27,29,34"
834,19:34,3,3,삼성,1,22
834,19:34,4,4,여의도,1,9
834,19:34,5,5,김포공항,2,"14,26"
834,19:34,7,7,판교,1,13
834,19:34,8,8,동탄/용인,1,7
834,19:34,9,9,평택,2,"10,37"
835,19:35,1,1,서울역,1,15
835,19:35,2,2,수서,4,"18,27,29,34"
835,19:35,3,3,삼성,1,22
835,19:35,5,5,김포공항,2,"14,26"
835,19:35,7,7,판교,1,13
835,19:35,9,9,평택,1,37
836,19:36,1,1,서울역,1,15
836,19:36,2,2,수서,1,29
836,19:36,3,3,삼성,1,22
836,19:36,5,5,김포공항,2,"14,26"
836,19:36,9,9,평택,1,37
837,19:37,1,1,서울역,1,15
837,19:37,6,6,일산,1,0
837,19:37,8,8,동탄/용인,1,7
838,19:38,6,6,일산,1,0
838,19:38,7,7,판교,1,35
838,19:38,8,8,동탄/용인,1,7
839,19:39,10,10,인천공항,1,12
839,19:39,2,2,수서,1,31
839,19:39,6,6,일산,1,0
839,19:39,7,7,판교,1,35
839,19:39,8,8,동탄/용인,1,7
840,19:40,10,10,인천공항,1,12
840,19:40,2,2,수서,2,"29,31"
840,19:40,4,4,여의도,1,21
840,19:40,7,7,판교,1,35
841,19:41,10,10,인천공항,1,12
841,19:41,2,2,수서,2,"29,31"
841,19:41,4,4,여의도,1,21
841,19:41,6,6,일산,1,5
841,19:41,9,9,평택,1,24
842,19:42,2,2,수서,1,29
842,19:42,4,4,여의도,1,21
842,19:42,6,6,일산,2,"5,40"
842,19:42,9,9,평택,1,24
843,19:43,2,2,수서,1,29
843,19:43,6,6,일산,5,"5,16,28,30,40"
843,19:43,9,9,평택,2,"2,24"
844,19:44,10,10,인천공항,1,11
844,19:44,2,2,수서,1,29
844,19:44,6,6,일산,5,"5,16,28,30,40"
844,19:44,9,9,평택,1,2
845,19:45,1,1,서울역,1,18
845,19:45,10,10,인천공항,1,11
845,19:45,2,2,수서,1,29
845,19:45,6,6,일산,5,"5,16,28,30,40"
845,19:45,9,9,평택,1,2
846,19:46,1,1,서울역,1,18
846,19:46,10,10,인천공항,1,11
846,19:46,3,3,삼성,1,15
846,19:46,6,6,일산,3,"5,16,40"
847,19:47,1,1,서울역,2,"18,38"
847,19:47,3,3,삼성,1,15
847,19:47,6,6,일산,2,"16,40"
848,19:48,1,1,서울역,2,"18,38"
848,19:48,3,3,삼성,1,15
848,19:48,6,6,일산,1,16
848,19:48,8,8,동탄/용인,2,"4,9"
849,19:49,1,1,서울역,3,"18,32,38"
849,19:49,4,4,여의도,2,"19,25"
849,19:49,6,6,일산,2,"22,27"
849,19:49,8,8,동탄/용인,2,"4,9"
850,19:50,1,1,서울역,3,"18,32,33"
850,19:50,10,10,인천공항,1,6
850,19:50,2,2,수서,2,"8,14"
850,19:50,4,4,여의도,3,"19,20,25"
850,19:50,6,6,일산,3,"13,22,27"
850,19:50,8,8,동탄/용인,2,"4,9"
851,19:51,1,1,서울역,3,"32,33,36"
851,19:51,10,10,인천공항,1,6
851,19:51,2,2,수서,3,"8,14,21"
851,19:51,4,4,여의도,3,"19,20,25"
851,19:51,6,6,일산,3,"13,22,27"
852,19:52,1,1,서울역,2,"33,36"
852,19:52,10,10,인천공항,1,6
852,19:52,2,2,수서,3,"8,14,21"
852,19:52,4,4,여의도,2,"10,20"
852,19:52,6,6,일산,3,"13,22,27"
853,19:53,1,1,서울역,1,36
853,19:53,2,2,수서,1,21
853,19:53,4,4,여의도,1,10
853,19:53,5,5,김포공항,1,26
853,19:53,6,6,일산,2,"22,27"
854,19:54,1,1,서울역,1,7
854,19:54,2,2,수서,1,15
854,19:54,4,4,여의도,2,"10,37"
854,19:54,5,5,김포공항,1,26
854,19:54,6,6,일산,2,"22,27"
855,19:55,1,1,서울역,1,7
855,19:55,10,10,인천공항,1,1
855,19:55,2,2,수서,1,15
855,19:55,4,4,여의도,1,37
855,19:55,5,5,김포공항,1,26
855,19:55,6,6,일산,1,35
856,19:56,1,1,서울역,2,"7,38"
856,19:56,10,10,인천공항,1,1
856,19:56,2,2,수서,1,15
856,19:56,4,4,여의도,3,"12,28,37"
856,19:56,6,6,일산,1,35
857,19:57,1,1,서울역,2,"7,38"
857,19:57,10,10,인천공항,2,"1,6"
857,19:57,2,2,수서,1,15
857,19:57,4,4,여의도,2,"12,28"
857,19:57,6,6,일산,1,35
858,19:58,1,1,서울역,2,"7,38"
858,19:58,10,10,인천공항,1,6
858,19:58,2,2,수서,1,15
858,19:58,3,3,삼성,1,30
858,19:58,4,4,여의도,2,"12,28"
858,19:58,6,6,일산,1,31
859,19:59,1,1,서울역,1,7
859,19:59,10,10,인천공항,1,6
859,19:59,2,2,수서,1,15
859,19:59,3,3,삼성,1,30
859,19:59,6,6,일산,2,"29,31"
860,20:00,2,2,수서,1,25
860,20:00,3,3,삼성,1,30
860,20:00,6,6,일산,3,"13,29,31"
861,20:01,10,10,인천공항,1,3
861,20:01,2,2,수서,1,25
861,20:01,6,6,일산,3,"13,19,29"
861,20:01,9,9,평택,1,2
862,20:02,10,10,인천공항,1,3
862,20:02,2,2,수서,1,25
862,20:02,4,4,여의도,1,10
862,20:02,6,6,일산,5,"13,16,19,20,29"
862,20:02,9,9,평택,2,"0,2"
863,20:03,10,10,인천공항,1,3
863,20:03,4,4,여의도,2,"10,37"
863,20:03,6,6,일산,4,"16,19,20,29"
863,20:03,9,9,평택,2,"0,2"
864,20:04,10,10,인천공항,1,17
864,20:04,4,4,여의도,2,"10,37"
864,20:04,6,6,일산,4,"16,20,29,34"
864,20:04,8,8,동탄/용인,1,23
864,20:04,9,9,평택,1,0
865,20:05,10,10,인천공항,2,"17,24"
865,20:05,4,4,여의도,1,37
865,20:05,6,6,일산,1,34
865,20:05,8,8,동탄/용인,1,23
865,20:05,9,9,평택,1,0
866,20:06,10,10,인천공항,3,"3,17,24"
866,20:06,6,6,일산,3,"8,14,34"
866,20:06,8,8,동탄/용인,2,"23,32"
866,20:06,9,9,평택,1,0
867,20:07,10,10,인천공항,2,"3,24"
867,20:07,2,2,수서,1,28
867,20:07,3,3,삼성,1,22
867,20:07,6,6,일산,2,"8,14"
867,20:07,8,8,동탄/용인,2,"32,33"
867,20:07,9,9,평택,1,0
868,20:08,10,10,인천공항,1,3
868,20:08,2,2,수서,1,28
868,20:08,3,3,삼성,1,22
868,20:08,6,6,일산,2,"8,14"
868,20:08,8,8,동탄/용인,3,"32,33,36"
868,20:08,9,9,평택,1,9
869,20:09,2,2,수서,2,"21,28"
869,20:09,3,3,삼성,1,22
869,20:09,4,4,여의도,1,35
869,20:09,6,6,일산,1,8
869,20:09,8,8,동탄/용인,2,"33,36"
869,20:09,9,9,평택,1,9
870,20:10,2,2,수서,1,21
870,20:10,4,4,여의도,2,"30,35"
870,20:10,6,6,일산,2,"8,14"
870,20:10,8,8,동탄/용인,1,36
870,20:10,9,9,평택,1,9
871,20:11,2,2,수서,2,"21,25"
871,20:11,4,4,여의도,3,"30,35,40"
871,20:11,6,6,일산,2,"8,14"
872,20:12,2,2,수서,2,"25,39"
872,20:12,4,4,여의도,2,"30,40"
872,20:12,6,6,일산,2,"14,19"
872,20:12,8,8,동탄/용인,2,"12,26"
873,20:13,2,2,수서,2,"25,39"
873,20:13,4,4,여의도,2,"31,40"
873,20:13,6,6,일산,2,"15,19"
873,20:13,8,8,동탄/용인,3,"12,26,38"
873,20:13,9,9,평택,1,5
874,20:14,2,2,수서,1,39
874,20:14,4,4,여의도,1,31
874,20:14,6,6,일산,2,"15,19"
874,20:14,8,8,동탄/용인,3,"12,26,38"
874,20:14,9,9,평택,1,5
875,20:15,2,2,수서,1,22
875,20:15,4,4,여의도,1,31
875,20:15,6,6,일산,1,15
875,20:15,8,8,동탄/용인,1,38
875,20:15,9,9,평택,1,5
876,20:16,2,2,수서,2,"22,28"
876,20:16,6,6,일산,2,"15,20"
876,20:16,7,7,판교,1,1
876,20:16,9,9,평택,1,5
877,20:17,2,2,수서,2,"22,28"
877,20:17,4,4,여의도,1,34
877,20:17,6,6,일산,2,"15,20"
877,20:17,7,7,판교,1,1
877,20:17,9,9,평택,2,"5,18"
878,20:18,1,1,서울역,1,4
878,20:18,2,2,수서,1,28
878,20:18,4,4,여의도,1,34
878,20:18,6,6,일산,2,"15,20"
878,20:18,7,7,판교,1,1
878,20:18,9,9,평택,2,"5,18"
879,20:19,1,1,서울역,1,4
879,20:19,4,4,여의도,1,34
879,20:19,6,6,일산,1,15
879,20:19,8,8,동탄/용인,1,38
879,20:19,9,9,평택,1,18
880,20:20,1,1,서울역,1,4
880,20:20,6,6,일산,2,"15,27"
880,20:20,8,8,동탄/용인,1,38
880,20:20,9,9,평택,1,18
881,20:21,4,4,여의도,1,2
881,20:21,6,6,일산,2,"15,27"
881,20:21,8,8,동탄/용인,1,38
881,20:21,9,9,평택,1,18
882,20:22,4,4,여의도,1,2
882,20:22,6,6,일산,1,27
882,20:22,9,9,평택,2,"10,18"
883,20:23,4,4,여의도,1,2
883,20:23,9,9,평택,2,"10,37"
884,20:24,3,3,삼성,2,"6,17"
884,20:24,9,9,평택,2,"10,37"
885,20:25,3,3,삼성,2,"6,17"
885,20:25,6,6,일산,3,"21,29,31"
885,20:25,9,9,평택,3,"10,13,37"
886,20:26,3,3,삼성,2,"6,17"
886,20:26,6,6,일산,3,"21,29,31"
886,20:26,9,9,평택,3,"10,13,37"
887,20:27,4,4,여의도,1,4
887,20:27,6,6,일산,4,"21,25,29,31"
887,20:27,9,9,평택,4,"10,13,16,37"
888,20:28,4,4,여의도,2,"4,9"
888,20:28,6,6,일산,3,"21,25,39"
888,20:28,8,8,동탄/용인,1,7
888,20:28,9,9,평택,4,"12,13,16,37"
889,20:29,2,2,수서,1,1
889,20:29,4,4,여의도,2,"4,9"
889,20:29,6,6,일산,3,"21,25,39"
889,20:29,8,8,동탄/용인,1,7
889,20:29,9,9,평택,4,"12,13,16,35"
890,20:30,2,2,수서,1,1
890,20:30,4,4,여의도,1,9
890,20:30,6,6,일산,2,"21,39"
890,20:30,8,8,동탄/용인,1,7
890,20:30,9,9,평택,5,"12,13,16,30,35"
891,20:31,2,2,수서,1,1
891,20:31,6,6,일산,2,"22,25"
891,20:31,9,9,평택,4,"16,30,35,40"
892,20:32,2,2,수서,1,6
892,20:32,6,6,일산,4,"22,25,28,31"
892,20:32,9,9,평택,4,"16,30,35,40"
893,20:33,2,2,수서,1,6
893,20:33,6,6,일산,4,"22,25,28,31"
893,20:33,9,9,평택,4,"23,30,35,40"
894,20:34,1,1,서울역,1,33
894,20:34,2,2,수서,1,6
894,20:34,4,4,여의도,2,"0,2"
894,20:34,6,6,일산,2,"28,31"
894,20:34,9,9,평택,4,"23,30,35,40"
895,20:35,1,1,서울역,1,33
895,20:35,4,4,여의도,2,"0,2"
895,20:35,6,6,일산,1,22
895,20:35,9,9,평택,3,"23,30,40"
896,20:36,1,1,서울역,2,"33,38"
896,20:36,4,4,여의도,2,"0,2"
896,20:36,6,6,일산,2,"22,28"
896,20:36,9,9,평택,1,40
897,20:37,1,1,서울역,1,38
897,20:37,6,6,일산,3,"22,28,39"
897,20:37,7,7,판교,1,3
897,20:37,9,9,평택,1,19
898,20:38,1,1,서울역,1,38
898,20:38,2,2,수서,1,17
898,20:38,6,6,일산,2,"28,39"
898,20:38,7,7,판교,1,3
898,20:38,9,9,평택,1,19
899,20:39,10,10,인천공항,1,11
899,20:39,2,2,수서,1,17
899,20:39,6,6,일산,3,"4,32,39"
899,20:39,7,7,판교,1,3
899,20:39,9,9,평택,1,19
900,20:40,10,10,인천공항,1,11
900,20:40,2,2,수서,1,17
900,20:40,6,6,일산,2,"4,32"
900,20:40,9,9,평택,3,"8,14,19"
901,20:41,10,10,인천공항,1,11
901,20:41,6,6,일산,2,"4,32"
901,20:41,9,9,평택,4,"8,14,19,20"
902,20:42,10,10,인천공항,1,24
902,20:42,6,6,일산,1,4
902,20:42,9,9,평택,4,"8,14,19,20"
903,20:43,10,10,인천공항,1,24
903,20:43,6,6,일산,1,4
903,20:43,9,9,평택,3,"8,14,20"
904,20:44,10,10,인천공항,1,24
904,20:44,6,6,일산,1,4
904,20:44,9,9,평택,3,"8,14,20"
905,20:45,6,6,일산,1,1
905,20:45,9,9,평택,4,"8,14,20,27"
906,20:46,4,4,여의도,1,37
906,20:46,6,6,일산,2,"1,33"
906,20:46,9,9,평택,3,"20,27,34"
907,20:47,4,4,여의도,1,37
907,20:47,6,6,일산,2,"1,33"
907,20:47,9,9,평택,2,"27,34"
908,20:48,2,2,수서,2,"0,3"
908,20:48,4,4,여의도,1,37
908,20:48,6,6,일산,3,"1,6,33"
908,20:48,8,8,동탄/용인,1,26
908,20:48,9,9,평택,2,"27,34"
909,20:49,2,2,수서,3,"0,3,38"
909,20:49,6,6,일산,3,"1,6,33"
909,20:49,8,8,동탄/용인,1,26
909,20:49,9,9,평택,1,27
910,20:50,2,2,수서,3,"0,3,38"
910,20:50,4,4,여의도,4,"5,9,16,18"
910,20:50,6,6,일산,3,"1,6,33"
910,20:50,8,8,동탄/용인,1,26
910,20:50,9,9,평택,2,"27,29"
911,20:51,2,2,수서,1,38
911,20:51,4,4,여의도,4,"5,9,16,18"
911,20:51,6,6,일산,1,33
911,20:51,9,9,평택,2,"15,29"
912,20:52,4,4,여의도,4,"5,9,16,18"
912,20:52,6,6,일산,1,6
912,20:52,9,9,평택,2,"15,29"
913,20:53,4,4,여의도,2,"23,30"
913,20:53,6,6,일산,1,6
913,20:53,9,9,평택,4,"15,21,29,34"
914,20:54,4,4,여의도,2,"23,30"
914,20:54,6,6,일산,2,"6,17"
914,20:54,9,9,평택,5,"2,15,21,29,34"
915,20:55,4,4,여의도,2,"23,30"
915,20:55,6,6,일산,1,17
915,20:55,9,9,평택,5,"2,15,21,29,34"
916,20:56,6,6,일산,1,17
916,20:56,9,9,평택,4,"2,15,21,25"
917,20:57,9,9,평택,4,"7,21,25,31"
918,20:58,9,9,평택,4,"7,21,25,31"
919,20:59,4,4,여의도,1,10
919,20:59,6,6,일산,1,17
919,20:59,9,9,평택,3,"7,25,31"
920,21:00,4,4,여의도,2,"10,19"
920,21:00,6,6,일산,1,17
920,21:00,7,7,판교,1,11
920,21:00,9,9,평택,2,"25,31"
921,21:01,4,4,여의도,3,"10,12,19"
921,21:01,5,5,김포공항,1,0
921,21:01,6,6,일산,1,17
921,21:01,7,7,판교,1,11
921,21:01,9,9,평택,3,"25,28,31"
922,21:02,4,4,여의도,2,"12,19"
922,21:02,5,5,김포공항,1,0
922,21:02,7,7,판교,1,11
922,21:02,9,9,평택,3,"28,31,39"
923,21:03,4,4,여의도,1,12
923,21:03,5,5,김포공항,1,0
923,21:03,7,7,판교,1,24
923,21:03,9,9,평택,2,"28,39"
924,21:04,4,4,여의도,3,"5,13,35"
924,21:04,7,7,판교,1,24
924,21:04,9,9,평택,1,39
925,21:05,4,4,여의도,3,"5,13,35"
925,21:05,6,6,일산,1,38
925,21:05,7,7,판교,1,24
926,21:06,4,4,여의도,4,"5,13,35,40"
926,21:06,6,6,일산,1,38
926,21:06,9,9,평택,1,2
927,21:07,4,4,여의도,2,"10,40"
927,21:07,6,6,일산,1,38
927,21:07,9,9,평택,1,2
928,21:08,1,1,서울역,1,26
928,21:08,4,4,여의도,3,"10,27,40"
928,21:08,9,9,평택,1,2
929,21:09,1,1,서울역,1,26
929,21:09,3,3,삼성,1,30
929,21:09,4,4,여의도,2,"10,27"
930,21:10,1,1,서울역,1,26
930,21:10,3,3,삼성,1,30
930,21:10,4,4,여의도,2,"12,27"
930,21:10,5,5,김포공항,1,0
930,21:10,9,9,평택,1,9
931,21:11,2,2,수서,1,11
931,21:11,3,3,삼성,1,30
931,21:11,4,4,여의도,1,12
931,21:11,5,5,김포공항,1,0
931,21:11,9,9,평택,1,9
932,21:12,2,2,수서,1,11
932,21:12,4,4,여의도,2,"12,13"
932,21:12,5,5,김포공항,1,0
932,21:12,9,9,평택,1,9
933,21:13,2,2,수서,1,11
933,21:13,4,4,여의도,4,"13,16,29,34"
933,21:13,9,9,평택,1,9
934,21:14,2,2,수서,1,24
934,21:14,4,4,여의도,5,"13,16,18,29,34"
934,21:14,9,9,평택,2,"9,33"
935,21:15,2,2,수서,1,24
935,21:15,4,4,여의도,5,"16,18,19,29,34"
935,21:15,6,6,일산,1,38
935,21:15,9,9,평택,4,"4,9,22,33"
936,21:16,2,2,수서,1,24
936,21:16,3,3,삼성,2,"23,35"
936,21:16,4,4,여의도,5,"8,14,18,19,20"
936,21:16,6,6,일산,2,"3,38"
936,21:16,9,9,평택,3,"4,22,33"
937,21:17,3,3,삼성,2,"23,35"
937,21:17,4,4,여의도,5,"7,8,14,19,20"
937,21:17,6,6,일산,2,"3,38"
937,21:17,9,9,평택,4,"1,4,22,32"
938,21:18,3,3,삼성,2,"23,35"
938,21:18,4,4,여의도,4,"7,8,14,20"
938,21:18,6,6,일산,1,3
938,21:18,9,9,평택,2,"1,32"
939,21:19,1,1,서울역,1,26
939,21:19,3,3,삼성,1,37
939,21:19,4,4,여의도,2,"7,25"
939,21:19,6,6,일산,1,3
939,21:19,8,8,동탄/용인,1,36
939,21:19,9,9,평택,2,"1,32"
940,21:20,1,1,서울역,1,26
940,21:20,3,3,삼성,1,37
940,21:20,4,4,여의도,1,25
940,21:20,6,6,일산,1,3
940,21:20,8,8,동탄/용인,1,36
941,21:21,1,1,서울역,1,26
941,21:21,3,3,삼성,1,37
941,21:21,4,4,여의도,1,25
941,21:21,6,6,일산,1,3
941,21:21,8,8,동탄/용인,1,36
943,21:23,4,4,여의도,1,7
943,21:23,9,9,평택,1,6
944,21:24,4,4,여의도,2,"7,8"
944,21:24,6,6,일산,1,30
944,21:24,9,9,평택,3,"5,6,17"
945,21:25,4,4,여의도,2,"7,8"
945,21:25,6,6,일산,1,30
945,21:25,9,9,평택,3,"5,6,17"
946,21:26,1,1,서울역,2,"34,40"
946,21:26,4,4,여의도,1,8
946,21:26,6,6,일산,1,30
946,21:26,9,9,평택,2,"5,17"
947,21:27,1,1,서울역,2,"34,40"
947,21:27,4,4,여의도,3,"14,15,21"
947,21:27,9,9,평택,1,10
948,21:28,1,1,서울역,2,"34,40"
948,21:28,4,4,여의도,4,"14,15,21,31"
948,21:28,5,5,김포공항,1,2
948,21:28,9,9,평택,1,10
949,21:29,4,4,여의도,4,"14,15,21,31"
949,21:29,5,5,김포공항,1,2
949,21:29,9,9,평택,1,10
950,21:30,4,4,여의도,2,"15,31"
950,21:30,5,5,김포공항,1,2
950,21:30,6,6,일산,1,24
950,21:30,9,9,평택,1,12
951,21:31,4,4,여의도,1,15
951,21:31,6,6,일산,1,24
951,21:31,9,9,평택,1,12
952,21:32,10,10,인천공항,1,11
952,21:32,4,4,여의도,1,15
952,21:32,6,6,일산,1,24
952,21:32,7,7,판교,1,38
952,21:32,9,9,평택,2,"12,13"
953,21:33,10,10,인천공항,1,11
953,21:33,4,4,여의도,1,9
953,21:33,7,7,판교,1,38
953,21:33,9,9,평택,2,"13,16"
954,21:34,10,10,인천공항,1,11
954,21:34,4,4,여의도,1,9
954,21:34,7,7,판교,1,38
954,21:34,9,9,평택,4,"4,13,16,18"
955,21:35,10,10,인천공항,1,11
955,21:35,4,4,여의도,1,9
955,21:35,9,9,평택,4,"4,16,18,19"
956,21:36,1,1,서울역,1,36
956,21:36,10,10,인천공항,1,11
956,21:36,4,4,여의도,2,"9,20"
956,21:36,7,7,판교,1,3
956,21:36,9,9,평택,4,"4,18,19,23"
957,21:37,1,1,서울역,1,36
957,21:37,10,10,인천공항,1,11
957,21:37,4,4,여의도,2,"9,20"
957,21:37,7,7,판교,1,3
957,21:37,9,9,평택,2,"19,23"
958,21:38,1,1,서울역,1,36
958,21:38,4,4,여의도,2,"9,20"
958,21:38,6,6,일산,1,34
958,21:38,7,7,판교,2,"3,38"
958,21:38,9,9,평택,3,"0,1,23"
959,21:39,10,10,인천공항,1,37
959,21:39,6,6,일산,1,34
959,21:39,7,7,판교,1,38
959,21:39,9,9,평택,2,"0,1"
960,21:40,10,10,인천공항,1,37
960,21:40,4,4,여의도,1,21
960,21:40,6,6,일산,1,34
960,21:40,7,7,판교,1,38
960,21:40,9,9,평택,3,"0,1,26"
961,21:41,10,10,인천공항,1,37
961,21:41,4,4,여의도,1,21
961,21:41,9,9,평택,2,"0,26"
962,21:42,4,4,여의도,1,21
962,21:42,9,9,평택,2,"0,26"
963,21:43,9,9,평택,2,"0,7"
964,21:44,9,9,평택,2,"7,8"
965,21:45,4,4,여의도,1,25
965,21:45,9,9,평택,2,"7,8"
966,21:46,4,4,여의도,2,"25,27"
966,21:46,9,9,평택,1,8
967,21:47,4,4,여의도,3,"25,27,29"
967,21:47,9,9,평택,2,"14,40"
968,21:48,10,10,인천공항,1,35
968,21:48,4,4,여의도,2,"27,29"
968,21:48,9,9,평택,3,"5,14,40"
969,21:49,10,10,인천공항,1,35
969,21:49,4,4,여의도,2,"29,31"
969,21:49,9,9,평택,3,"5,14,40"
970,21:50,10,10,인천공항,1,35
970,21:50,3,3,삼성,1,3
970,21:50,4,4,여의도,2,"31,34"
970,21:50,9,9,평택,1,5
971,21:51,10,10,인천공항,1,35
971,21:51,3,3,삼성,1,3
971,21:51,4,4,여의도,2,"31,34"
972,21:52,10,10,인천공항,1,35
972,21:52,3,3,삼성,1,3
972,21:52,4,4,여의도,1,34
972,21:52,8,8,동탄/용인,1,10
972,21:52,9,9,평택,1,6
973,21:53,10,10,인천공항,1,35
973,21:53,8,8,동탄/용인,1,10
973,21:53,9,9,평택,1,6
974,21:54,4,4,여의도,1,4
974,21:54,8,8,동탄/용인,1,10
974,21:54,9,9,평택,1,6
975,21:55,10,10,인천공항,1,37
975,21:55,4,4,여의도,1,4
975,21:55,6,6,일산,1,38
975,21:55,8,8,동탄/용인,1,8
976,21:56,10,10,인천공항,1,37
976,21:56,2,2,수서,2,"16,18"
976,21:56,4,4,여의도,1,4
976,21:56,6,6,일산,1,38
976,21:56,8,8,동탄/용인,1,8
976,21:56,9,9,평택,2,"9,20"
977,21:57,1,1,서울역,1,36
977,21:57,10,10,인천공항,1,37
977,21:57,2,2,수서,2,"16,18"
977,21:57,3,3,삼성,1,28
977,21:57,4,4,여의도,2,"19,22"
977,21:57,6,6,일산,1,38
977,21:57,8,8,동탄/용인,1,8
977,21:57,9,9,평택,2,"9,20"
978,21:58,1,1,서울역,1,36
978,21:58,10,10,인천공항,1,37
978,21:58,2,2,수서,3,"16,17,18"
978,21:58,3,3,삼성,1,28
978,21:58,4,4,여의도,3,"19,22,33"
978,21:58,8,8,동탄/용인,1,12
978,21:58,9,9,평택,2,"9,20"
979,21:59,1,1,서울역,1,36
979,21:59,10,10,인천공항,1,37
979,21:59,2,2,수서,1,17
979,21:59,3,3,삼성,1,28
979,21:59,4,4,여의도,4,"19,22,33,39"
979,21:59,5,5,김포공항,1,2
979,21:59,8,8,동탄/용인,1,12
979,21:59,9,9,평택,1,15
980,22:00,10,10,인천공항,1,37
980,22:00,2,2,수서,1,17
980,22:00,4,4,여의도,3,"4,33,39"
980,22:00,5,5,김포공항,2,"1,2"
980,22:00,8,8,동탄/용인,1,12
980,22:00,9,9,평택,2,"15,21"
981,22:01,4,4,여의도,2,"4,39"
981,22:01,5,5,김포공항,2,"1,2"
981,22:01,9,9,평택,2,"15,21"
982,22:02,4,4,여의도,1,4
982,22:02,5,5,김포공항,1,1
982,22:02,9,9,평택,2,"7,21"
983,22:03,9,9,평택,1,7
984,22:04,2,2,수서,1,11
984,22:04,6,6,일산,1,24
984,22:04,9,9,평택,1,7
985,22:05,2,2,수서,1,11
985,22:05,6,6,일산,1,24
985,22:05,9,9,평택,1,25
986,22:06,2,2,수서,1,11
986,22:06,6,6,일산,1,24
986,22:06,9,9,평택,2,"25,27"
987,22:07,2,2,수서,1,11
987,22:07,6,6,일산,1,30
987,22:07,9,9,평택,3,"25,27,29"
988,22:08,2,2,수서,1,11
988,22:08,4,4,여의도,1,5
988,22:08,6,6,일산,1,30
988,22:08,9,9,평택,2,"27,29"
989,22:09,2,2,수서,1,11
989,22:09,4,4,여의도,1,5
989,22:09,6,6,일산,2,"30,38"
989,22:09,9,9,평택,2,"29,31"
990,22:10,4,4,여의도,1,5
990,22:10,6,6,일산,1,38
990,22:10,9,9,평택,1,31
991,22:11,6,6,일산,1,38
991,22:11,9,9,평택,1,31
992,22:12,4,4,여의도,2,"0,6"
993,22:13,3,3,삼성,1,1
993,22:13,4,4,여의도,2,"0,6"
994,22:14,3,3,삼성,1,1
994,22:14,4,4,여의도,2,"0,6"
994,22:14,6,6,일산,1,10
994,22:14,8,8,동탄/용인,1,36
995,22:15,3,3,삼성,1,1
995,22:15,6,6,일산,1,10
995,22:15,8,8,동탄/용인,1,36
995,22:15,9,9,평택,2,"9,16"
996,22:16,6,6,일산,1,10
996,22:16,8,8,동탄/용인,1,36
996,22:16,9,9,평택,2,"9,16"
997,22:17,1,1,서울역,1,5
997,22:17,10,10,인천공항,2,"18,28"
997,22:17,3,3,삼성,1,14
997,22:17,9,9,평택,4,"9,16,17,22"
998,22:18,1,1,서울역,1,5
998,22:18,10,10,인천공항,2,"18,28"
998,22:18,3,3,삼성,3,"14,26,37"
998,22:18,9,9,평택,3,"17,22,33"
999,22:19,1,1,서울역,1,5
999,22:19,10,10,인천공항,2,"18,28"
999,22:19,3,3,삼성,4,"14,24,26,37"
999,22:19,4,4,여의도,1,0
999,22:19,9,9,평택,4,"17,22,33,39"
1000,22:20,10,10,인천공항,1,28
1000,22:20,3,3,삼성,3,"24,26,37"
1000,22:20,4,4,여의도,1,0
1000,22:20,6,6,일산,1,12
1000,22:20,9,9,평택,3,"4,33,39"
1001,22:21,10,10,인천공항,1,28
1001,22:21,2,2,수서,1,35
1001,22:21,3,3,삼성,2,"24,37"
1001,22:21,4,4,여의도,1,0
1001,22:21,6,6,일산,1,12
1001,22:21,9,9,평택,3,"2,4,39"
1002,22:22,10,10,인천공항,1,28
1002,22:22,2,2,수서,1,35
1002,22:22,3,3,삼성,2,"30,37"
1002,22:22,4,4,여의도,1,7
1002,22:22,6,6,일산,1,12
1002,22:22,9,9,평택,3,"2,3,4"
1003,22:23,2,2,수서,1,35
1003,22:23,3,3,삼성,2,"30,37"
1003,22:23,4,4,여의도,1,7
1003,22:23,9,9,평택,3,"2,3,4"
1004,22:24,10,10,인천공항,1,18
1004,22:24,3,3,삼성,1,30
1004,22:24,4,4,여의도,1,7
1004,22:24,9,9,평택,2,"3,4"
1005,22:25,10,10,인천공항,2,"18,38"
1005,22:25,9,9,평택,1,4
1006,22:26,10,10,인천공항,2,"18,38"
1007,22:27,10,10,인천공항,1,38
1007,22:27,6,6,일산,1,10
1008,22:28,10,10,인천공항,1,38
1008,22:28,2,2,수서,1,35
1008,22:28,6,6,일산,1,10
1008,22:28,9,9,평택,2,"2,34"
1009,22:29,10,10,인천공항,1,38
1009,22:29,2,2,수서,1,35
1009,22:29,6,6,일산,2,"10,12"
1009,22:29,9,9,평택,2,"2,34"
1010,22:30,10,10,인천공항,1,38
1010,22:30,2,2,수서,1,35
1010,22:30,3,3,삼성,1,24
1010,22:30,6,6,일산,1,12
1010,22:30,9,9,평택,2,"2,34"
1011,22:31,3,3,삼성,1,24
1011,22:31,6,6,일산,1,12
1012,22:32,3,3,삼성,1,24
1013,22:33,2,2,수서,1,30
1014,22:34,2,2,수서,1,30
1014,22:34,3,3,삼성,1,7
1014,22:34,6,6,일산,1,8
1014,22:34,9,9,평택,1,19
1015,22:35,10,10,인천공항,1,5
1015,22:35,2,2,수서,1,30
1015,22:35,3,3,삼성,1,7
1015,22:35,4,4,여의도,2,"6,9"
1015,22:35,6,6,일산,1,8
1015,22:35,9,9,평택,1,19
1016,22:36,10,10,인천공항,1,5
1016,22:36,3,3,삼성,1,7
1016,22:36,4,4,여의도,2,"6,9"
1016,22:36,6,6,일산,1,8
1016,22:36,9,9,평택,1,19
1017,22:37,10,10,인천공항,2,"5,11"
1017,22:37,3,3,삼성,1,37
1017,22:37,4,4,여의도,3,"6,9,40"
1018,22:38,1,1,서울역,1,15
1018,22:38,10,10,인천공항,2,"11,26"
1018,22:38,3,3,삼성,1,37
1018,22:38,4,4,여의도,2,"9,40"
1018,22:38,8,8,동탄/용인,1,36
1018,22:38,9,9,평택,1,3
1019,22:39,1,1,서울역,1,15
1019,22:39,10,10,인천공항,3,"5,11,26"
1019,22:39,3,3,삼성,1,37
1019,22:39,4,4,여의도,2,"9,40"
1019,22:39,8,8,동탄/용인,1,36
1019,22:39,9,9,평택,3,"0,3,13"
1020,22:40,1,1,서울역,1,15
1020,22:40,10,10,인천공항,2,"5,26"
1020,22:40,3,3,삼성,1,28
1020,22:40,4,4,여의도,1,9
1020,22:40,8,8,동탄/용인,1,36
1020,22:40,9,9,평택,3,"0,3,13"
1021,22:41,10,10,인천공항,1,5
1021,22:41,3,3,삼성,1,28
1021,22:41,9,9,평택,2,"0,13"
1022,22:42,3,3,삼성,2,"10,28"
1023,22:43,10,10,인천공항,1,11
1023,22:43,3,3,삼성,1,10
1024,22:44,10,10,인천공항,1,11
1024,22:44,3,3,삼성,2,"10,12"
1024,22:44,6,6,일산,1,35
1025,22:45,10,10,인천공항,2,"1,11"
1025,22:45,3,3,삼성,1,12
1025,22:45,6,6,일산,1,35
1026,22:46,10,10,인천공항,1,1
1026,22:46,3,3,삼성,1,12
1026,22:46,6,6,일산,1,35
1027,22:47,10,10,인천공항,2,"1,26"
1027,22:47,6,6,일산,1,35
1028,22:48,10,10,인천공항,1,26
1028,22:48,2,2,수서,1,28
1028,22:48,3,3,삼성,1,38
1028,22:48,4,4,여의도,1,2
1028,22:48,6,6,일산,1,35
1029,22:49,10,10,인천공항,3,"1,14,26"
1029,22:49,2,2,수서,1,28
1029,22:49,3,3,삼성,2,"12,38"
1029,22:49,4,4,여의도,1,2
1029,22:49,6,6,일산,2,"30,35"
1030,22:50,10,10,인천공항,2,"1,14"
1030,22:50,2,2,수서,1,28
1030,22:50,3,3,삼성,2,"12,38"
1030,22:50,4,4,여의도,1,2
1030,22:50,6,6,일산,1,30
1030,22:50,8,8,동탄/용인,1,19
1030,22:50,9,9,평택,1,24
1031,22:51,1,1,서울역,1,17
1031,22:51,10,10,인천공항,2,"1,14"
1031,22:51,2,2,수서,1,22
1031,22:51,3,3,삼성,1,12
1031,22:51,4,4,여의도,1,2
1031,22:51,6,6,일산,1,30
1031,22:51,8,8,동탄/용인,1,19
1031,22:51,9,9,평택,1,24
1032,22:52,1,1,서울역,2,"16,17"
1032,22:52,10,10,인천공항,1,14
1032,22:52,2,2,수서,1,22
1032,22:52,4,4,여의도,1,2
1032,22:52,8,8,동탄/용인,1,19
1032,22:52,9,9,평택,1,24
1033,22:53,1,1,서울역,2,"16,17"
1033,22:53,10,10,인천공항,1,14
1033,22:53,2,2,수서,1,22
1033,22:53,4,4,여의도,1,2
1034,22:54,1,1,서울역,1,16
1034,22:54,10,10,인천공항,3,"7,14,40"
1034,22:54,4,4,여의도,1,10
1034,22:54,6,6,일산,1,8
1035,22:55,10,10,인천공항,3,"7,9,40"
1035,22:55,4,4,여의도,2,"4,10"
1035,22:55,6,6,일산,1,8
1035,22:55,8,8,동탄/용인,1,15
1035,22:55,9,9,평택,1,6
1036,22:56,10,10,인천공항,3,"7,9,40"
1036,22:56,2,2,수서,1,18
1036,22:56,4,4,여의도,2,"4,10"
1036,22:56,6,6,일산,1,8
1036,22:56,8,8,동탄/용인,1,15
1036,22:56,9,9,평택,2,"0,6"
1037,22:57,10,10,인천공항,3,"7,9,37"
1037,22:57,2,2,수서,1,18
1037,22:57,4,4,여의도,1,4
1037,22:57,8,8,동탄/용인,1,15
1037,22:57,9,9,평택,2,"0,6"
1038,22:58,10,10,인천공항,3,"7,9,37"
1038,22:58,2,2,수서,1,18
1038,22:58,4,4,여의도,1,3
1038,22:58,9,9,평택,1,0
1039,22:59,1,1,서울역,1,38
1039,22:59,10,10,인천공항,3,"7,9,37"
1039,22:59,3,3,삼성,1,5
1039,22:59,4,4,여의도,2,"3,13"
1039,22:59,8,8,동탄/용인,1,15
1040,23:00,1,1,서울역,1,38
1040,23:00,10,10,인천공항,3,"9,36,37"
1040,23:00,3,3,삼성,1,5
1040,23:00,4,4,여의도,2,"3,13"
1040,23:00,8,8,동탄/용인,1,15
1041,23:01,1,1,서울역,1,38
1041,23:01,10,10,인천공항,2,"36,37"
1041,23:01,3,3,삼성,1,5
1041,23:01,4,4,여의도,1,13
1041,23:01,8,8,동탄/용인,1,15
1042,23:02,10,10,인천공항,2,"36,37"
1043,23:03,3,3,삼성,1,11
1044,23:04,10,10,인천공항,1,36
1044,23:04,3,3,삼성,1,11
1044,23:04,5,5,김포공항,1,22
1044,23:04,7,7,판교,1,35
1045,23:05,10,10,인천공항,2,"36,40"
1045,23:05,3,3,삼성,1,11
1045,23:05,5,5,김포공항,1,22
1045,23:05,7,7,판교,1,35
1046,23:06,10,10,인천공항,2,"36,40"
1046,23:06,5,5,김포공항,1,22
1046,23:06,7,7,판교,1,35
1047,23:07,10,10,인천공항,1,40
1047,23:07,3,3,삼성,1,26
1048,23:08,3,3,삼성,1,26
1049,23:09,10,10,인천공항,1,12
1049,23:09,3,3,삼성,1,26
1049,23:09,4,4,여의도,1,3
1050,23:10,10,10,인천공항,1,12
1050,23:10,4,4,여의도,1,3
1051,23:11,10,10,인천공항,1,12
1051,23:11,4,4,여의도,2,"3,4"
1051,23:11,9,9,평택,1,2
1052,23:12,10,10,인천공항,1,12
1052,23:12,3,3,삼성,1,5
1052,23:12,4,4,여의도,1,4
1052,23:12,9,9,평택,1,2
1053,23:13,10,10,인천공항,1,12
1053,23:13,2,2,수서,1,18
1053,23:13,3,3,삼성,1,5
1053,23:13,4,4,여의도,1,4
1053,23:13,9,9,평택,1,2
1054,23:14,10,10,인천공항,1,12
1054,23:14,2,2,수서,1,18
1054,23:14,3,3,삼성,1,5
1055,23:15,2,2,수서,1,18
1055,23:15,6,6,일산,1,30
1056,23:16,4,4,여의도,1,0
1056,23:16,6,6,일산,1,30
1057,23:17,4,4,여의도,2,"0,6"
1057,23:17,6,6,일산,1,30
1058,23:18,1,1,서울역,3,"20,25,26"
1058,23:18,2,2,수서,1,1
1058,23:18,4,4,여의도,2,"0,6"
1059,23:19,1,1,서울역,4,"20,21,25,26"
1059,23:19,2,2,수서,1,1
1059,23:19,4,4,여의도,1,6
1059,23:19,9,9,평택,1,8
1060,23:20,1,1,서울역,4,"20,21,25,26"
1060,23:20,2,2,수서,1,1
1060,23:20,3,3,삼성,1,37
1060,23:20,6,6,일산,2,"19,28"
1060,23:20,8,8,동탄/용인,1,16
1060,23:20,9,9,평택,1,8
1061,23:21,1,1,서울역,1,21
1061,23:21,3,3,삼성,2,"14,37"
1061,23:21,6,6,일산,2,"19,28"
1061,23:21,8,8,동탄/용인,1,16
1061,23:21,9,9,평택,1,8
1062,23:22,3,3,삼성,2,"14,37"
1062,23:22,6,6,일산,2,"19,28"
1062,23:22,8,8,동탄/용인,1,16
1063,23:23,3,3,삼성,1,14
1063,23:23,4,4,여의도,1,0
1063,23:23,6,6,일산,1,19
1064,23:24,3,3,삼성,2,"14,36"
1064,23:24,4,4,여의도,1,0
1064,23:24,6,6,일산,1,19
1064,23:24,9,9,평택,2,"10,17"
1065,23:25,3,3,삼성,4,"11,14,36,40"
1065,23:25,4,4,여의도,2,"0,13"
1065,23:25,6,6,일산,1,19
1065,23:25,9,9,평택,2,"10,17"
1066,23:26,3,3,삼성,4,"11,14,36,40"
1066,23:26,4,4,여의도,1,13
1066,23:26,9,9,평택,2,"10,17"
1067,23:27,3,3,삼성,2,"11,40"
1067,23:27,4,4,여의도,1,13
1067,23:27,6,6,일산,1,5
1068,23:28,3,3,삼성,2,"7,11"
1068,23:28,4,4,여의도,1,22
1068,23:28,6,6,일산,1,5
1069,23:29,10,10,인천공항,1,38
1069,23:29,3,3,삼성,2,"7,11"
1069,23:29,4,4,여의도,1,22
1069,23:29,6,6,일산,1,5
1069,23:29,9,9,평택,1,3
1070,23:30,1,1,서울역,1,1
1070,23:30,10,10,인천공항,1,38
1070,23:30,3,3,삼성,3,"7,9,11"
1070,23:30,4,4,여의도,1,22
1070,23:30,9,9,평택,1,3
1071,23:31,1,1,서울역,2,"1,37"
1071,23:31,10,10,인천공항,1,38
1071,23:31,3,3,삼성,1,9
1071,23:31,6,6,일산,1,15
1071,23:31,9,9,평택,2,"3,4"
1072,23:32,1,1,서울역,2,"1,37"
1072,23:32,3,3,삼성,1,9
1072,23:32,6,6,일산,1,15
1072,23:32,9,9,평택,2,"4,18"
1073,23:33,1,1,서울역,1,37
1073,23:33,3,3,삼성,1,9
1073,23:33,6,6,일산,1,15
1073,23:33,9,9,평택,2,"4,18"
1074,23:34,1,1,서울역,1,35
1074,23:34,10,10,인천공항,1,6
1074,23:34,3,3,삼성,1,9
1074,23:34,9,9,평택,1,18
1075,23:35,1,1,서울역,1,35
1075,23:35,10,10,인천공항,2,"6,38"
1075,23:35,3,3,삼성,1,9
1076,23:36,1,1,서울역,1,35
1076,23:36,10,10,인천공항,3,"6,25,38"
1077,23:37,10,10,인천공항,4,"6,21,25,38"
1077,23:37,5,5,김포공항,1,14
1078,23:38,10,10,인천공항,3,"6,21,25"
1078,23:38,3,3,삼성,1,40
1078,23:38,5,5,김포공항,1,14
1079,23:39,10,10,인천공항,3,"6,20,21"
1079,23:39,3,3,삼성,1,40
1079,23:39,5,5,김포공항,1,14
1080,23:40,10,10,인천공항,3,"20,21,25"
1080,23:40,3,3,삼성,1,40
1080,23:40,9,9,평택,1,30
1081,23:41,10,10,인천공항,3,"20,21,25"
1081,23:41,3,3,삼성,1,7
1081,23:41,9,9,평택,1,30
1082,23:42,10,10,인천공항,3,"20,21,25"
1082,23:42,3,3,삼성,1,7
1082,23:42,9,9,평택,1,30
1083,23:43,10,10,인천공항,1,20
1083,23:43,3,3,삼성,1,7
1083,23:43,6,6,일산,1,11
1083,23:43,9,9,평택,1,0
1084,23:44,10,10,인천공항,1,20
1084,23:44,6,6,일산,1,11
1084,23:44,9,9,평택,1,0
1085,23:45,5,5,김포공항,1,14
1085,23:45,6,6,일산,1,11
1085,23:45,9,9,평택,2,"0,13"
1086,23:46,3,3,삼성,2,"12,36"
1086,23:46,5,5,김포공항,1,14
1086,23:46,6,6,일산,1,11
1086,23:46,9,9,평택,1,13
1087,23:47,10,10,인천공항,1,26
1087,23:47,3,3,삼성,2,"12,36"
1087,23:47,5,5,김포공항,1,14
1087,23:47,6,6,일산,1,11
1087,23:47,9,9,평택,1,13
1088,23:48,10,10,인천공항,1,26
1088,23:48,3,3,삼성,2,"12,36"
1088,23:48,6,6,일산,2,"9,11"
1088,23:48,9,9,평택,1,22
1089,23:49,10,10,인천공항,2,"26,37"
1089,23:49,6,6,일산,1,9
1089,23:49,9,9,평택,1,22
1090,23:50,10,10,인천공항,1,37
1090,23:50,6,6,일산,1,9
1090,23:50,9,9,평택,1,22
1091,23:51,10,10,인천공항,1,37
1092,23:52,10,10,인천공항,1,35
1093,23:53,10,10,인천공항,1,35
1093,23:53,6,6,일산,1,40
1094,23:54,10,10,인천공항,1,35
1094,23:54,6,6,일산,1,40
1095,23:55,3,3,삼성,1,38
1095,23:55,6,6,일산,1,40
1096,23:56,3,3,삼성,1,38
1097,23:57,3,3,삼성,1,38
1097,23:57,4,4,여의도,2,"21,25"
1098,23:58,4,4,여의도,2,"21,25"
1098,23:58,9,9,평택,1,19
1099,23:59,4,4,여의도,2,"21,25"
1099,23:59,5,5,김포공항,1,36
1099,23:59,9,9,평택,1,19
1100,00:00,5,5,김포공항,1,36
1100,00:00,7,7,판교,1,14
1100,00:00,9,9,평택,1,19
1101,00:01,10,10,인천공항,2,"1,7"
1101,00:01,5,5,김포공항,1,36
1101,00:01,7,7,판교,1,14
1102,00:02,10,10,인천공항,2,"1,7"
1102,00:02,3,3,삼성,1,20
1102,00:02,7,7,판교,1,14
1103,00:03,10,10,인천공항,2,"1,7"
1103,00:03,3,3,삼성,1,20
1104,00:04,3,3,삼성,1,20
1109,00:09,3,3,삼성,1,6
1110,00:10,3,3,삼성,1,6
1111,00:11,3,3,삼성,1,6
