time_min,time_hhmm,route_node_id,physical_node_id,physical_address,vehicle_count,vehicle_ids
0,05:40,1,1,서울역,10,"0,10,20,30,40,50,60,70,80,90"
0,05:40,10,10,인천공항,10,"9,19,29,39,49,59,69,79,89,99"
0,05:40,2,2,수서,10,"1,11,21,31,41,51,61,71,81,91"
0,05:40,3,3,삼성,10,"2,12,22,32,42,52,62,72,82,92"
0,05:40,4,4,여의도,10,"3,13,23,33,43,53,63,73,83,93"
0,05:40,5,5,김포공항,10,"4,14,24,34,44,54,64,74,84,94"
0,05:40,6,6,일산,10,"5,15,25,35,45,55,65,75,85,95"
0,05:40,7,7,판교,10,"6,16,26,36,46,56,66,76,86,96"
0,05:40,8,8,동탄/용인,10,"7,17,27,37,47,57,67,77,87,97"
0,05:40,9,9,평택,10,"8,18,28,38,48,58,68,78,88,98"
1,05:41,1,1,서울역,10,"0,10,20,30,40,50,60,70,80,90"
1,05:41,10,10,인천공항,10,"9,19,29,39,49,59,69,79,89,99"
1,05:41,2,2,수서,10,"1,11,21,31,41,51,61,71,81,91"
1,05:41,3,3,삼성,10,"2,12,22,32,42,52,62,72,82,92"
1,05:41,4,4,여의도,10,"3,13,23,33,43,53,63,73,83,93"
1,05:41,5,5,김포공항,10,"4,14,24,34,44,54,64,74,84,94"
1,05:41,6,6,일산,10,"5,15,25,35,45,55,65,75,85,95"
1,05:41,7,7,판교,10,"6,16,26,36,46,56,66,76,86,96"
1,05:41,8,8,동탄/용인,10,"7,17,27,37,47,57,67,77,87,97"
1,05:41,9,9,평택,10,"8,18,28,38,48,58,68,78,88,98"
2,05:42,1,1,서울역,10,"0,10,20,30,40,50,60,70,80,90"
2,05:42,10,10,인천공항,10,"9,19,29,39,49,59,69,79,89,99"
2,05:42,2,2,수서,10,"1,11,21,31,41,51,61,71,81,91"
2,05:42,3,3,삼성,10,"2,12,22,32,42,52,62,72,82,92"
2,05:42,4,4,여의도,10,"3,13,23,33,43,53,63,73,83,93"
2,05:42,5,5,김포공항,10,"4,14,24,34,44,54,64,74,84,94"
2,05:42,6,6,일산,10,"5,15,25,35,45,55,65,75,85,95"
2,05:42,7,7,판교,10,"6,16,26,36,46,56,66,76,86,96"
2,05:42,8,8,동탄/용인,10,"7,17,27,37,47,57,67,77,87,97"
2,05:42,9,9,평택,10,"8,18,28,38,48,58,68,78,88,98"
3,05:43,1,1,서울역,10,"0,10,20,30,40,50,60,70,80,90"
3,05:43,10,10,인천공항,10,"9,19,29,39,49,59,69,79,89,99"
3,05:43,2,2,수서,10,"1,11,21,31,41,51,61,71,81,91"
3,05:43,3,3,삼성,10,"2,12,22,32,42,52,62,72,82,92"
3,05:43,4,4,여의도,10,"3,13,23,33,43,53,63,73,83,93"
3,05:43,5,5,김포공항,10,"4,14,24,34,44,54,64,74,84,94"
3,05:43,6,6,일산,10,"5,15,25,35,45,55,65,75,85,95"
3,05:43,7,7,판교,10,"6,16,26,36,46,56,66,76,86,96"
3,05:43,8,8,동탄/용인,10,"7,17,27,37,47,57,67,77,87,97"
3,05:43,9,9,평택,10,"8,18,28,38,48,58,68,78,88,98"
4,05:44,1,1,서울역,10,"0,10,20,30,40,50,60,70,80,90"
4,05:44,10,10,인천공항,10,"9,19,29,39,49,59,69,79,89,99"
4,05:44,2,2,수서,10,"1,11,21,31,41,51,61,71,81,91"
4,05:44,3,3,삼성,10,"2,12,22,32,42,52,62,72,82,92"
4,05:44,4,4,여의도,10,"3,13,23,33,43,53,63,73,83,93"
4,05:44,5,5,김포공항,10,"4,14,24,34,44,54,64,74,84,94"
4,05:44,6,6,일산,10,"5,15,25,35,45,55,65,75,85,95"
4,05:44,7,7,판교,10,"6,16,26,36,46,56,66,76,86,96"
4,05:44,8,8,동탄/용인,10,"7,17,27,37,47,57,67,77,87,97"
4,05:44,9,9,평택,10,"8,18,28,38,48,58,68,78,88,98"
5,05:45,1,1,서울역,10,"0,10,20,30,40,50,60,70,80,90"
5,05:45,10,10,인천공항,10,"9,19,29,39,49,59,69,79,89,99"
5,05:45,2,2,수서,10,"1,11,21,31,41,51,61,71,81,91"
5,05:45,3,3,삼성,10,"2,12,22,32,42,52,62,72,82,92"
5,05:45,4,4,여의도,10,"3,13,23,33,43,53,63,73,83,93"
5,05:45,5,5,김포공항,10,"4,14,24,34,44,54,64,74,84,94"
5,05:45,6,6,일산,10,"5,15,25,35,45,55,65,75,85,95"
5,05:45,7,7,판교,10,"6,16,26,36,46,56,66,76,86,96"
5,05:45,8,8,동탄/용인,10,"7,17,27,37,47,57,67,77,87,97"
5,05:45,9,9,평택,10,"8,18,28,38,48,58,68,78,88,98"
6,05:46,1,1,서울역,10,"0,10,20,30,40,50,60,70,80,90"
6,05:46,10,10,인천공항,10,"9,19,29,39,49,59,69,79,89,99"
6,05:46,2,2,수서,10,"1,11,21,31,41,51,61,71,81,91"
6,05:46,3,3,삼성,10,"2,12,22,32,42,52,62,72,82,92"
6,05:46,4,4,여의도,10,"3,13,23,33,43,53,63,73,83,93"
6,05:46,5,5,김포공항,10,"4,14,24,34,44,54,64,74,84,94"
6,05:46,6,6,일산,10,"5,15,25,35,45,55,65,75,85,95"
6,05:46,7,7,판교,10,"6,16,26,36,46,56,66,76,86,96"
6,05:46,8,8,동탄/용인,10,"7,17,27,37,47,57,67,77,87,97"
6,05:46,9,9,평택,10,"8,18,28,38,48,58,68,78,88,98"
7,05:47,1,1,서울역,10,"0,10,20,30,40,50,60,70,80,90"
7,05:47,10,10,인천공항,10,"9,19,29,39,49,59,69,79,89,99"
7,05:47,2,2,수서,10,"1,11,21,31,41,51,61,71,81,91"
7,05:47,3,3,삼성,10,"2,12,22,32,42,52,62,72,82,92"
7,05:47,4,4,여의도,10,"3,13,23,33,43,53,63,73,83,93"
7,05:47,5,5,김포공항,10,"4,14,24,34,44,54,64,74,84,94"
7,05:47,6,6,일산,10,"5,15,25,35,45,55,65,75,85,95"
7,05:47,7,7,판교,10,"6,16,26,36,46,56,66,76,86,96"
7,05:47,8,8,동탄/용인,10,"7,17,27,37,47,57,67,77,87,97"
7,05:47,9,9,평택,10,"8,18,28,38,48,58,68,78,88,98"
8,05:48,1,1,서울역,10,"0,10,20,30,40,50,60,70,80,90"
8,05:48,10,10,인천공항,10,"9,19,29,39,49,59,69,79,89,99"
8,05:48,2,2,수서,10,"1,11,21,31,41,51,61,71,81,91"
8,05:48,3,3,삼성,10,"2,12,22,32,42,52,62,72,82,92"
8,05:48,4,4,여의도,10,"3,13,23,33,43,53,63,73,83,93"
8,05:48,5,5,김포공항,10,"4,14,24,34,44,54,64,74,84,94"
8,05:48,6,6,일산,10,"5,15,25,35,45,55,65,75,85,95"
8,05:48,7,7,판교,10,"6,16,26,36,46,56,66,76,86,96"
8,05:48,8,8,동탄/용인,10,"7,17,27,37,47,57,67,77,87,97"
8,05:48,9,9,평택,10,"8,18,28,38,48,58,68,78,88,98"
9,05:49,1,1,서울역,10,"0,10,20,30,40,50,60,70,80,90"
9,05:49,10,10,인천공항,10,"9,19,29,39,49,59,69,79,89,99"
9,05:49,2,2,수서,10,"1,11,21,31,41,51,61,71,81,91"
9,05:49,3,3,삼성,10,"2,12,22,32,42,52,62,72,82,92"
9,05:49,4,4,여의도,10,"3,13,23,33,43,53,63,73,83,93"
9,05:49,5,5,김포공항,10,"4,14,24,34,44,54,64,74,84,94"
9,05:49,6,6,일산,10,"5,15,25,35,45,55,65,75,85,95"
9,05:49,7,7,판교,10,"6,16,26,36,46,56,66,76,86,96"
9,05:49,8,8,동탄/용인,10,"7,17,27,37,47,57,67,77,87,97"
9,05:49,9,9,평택,10,"8,18,28,38,48,58,68,78,88,98"
10,05:50,1,1,서울역,10,"0,10,20,30,40,50,60,70,80,90"
10,05:50,10,10,인천공항,10,"9,19,29,39,49,59,69,79,89,99"
10,05:50,2,2,수서,10,"1,11,21,31,41,51,61,71,81,91"
10,05:50,3,3,삼성,10,"2,12,22,32,42,52,62,72,82,92"
10,05:50,4,4,여의도,10,"3,13,23,33,43,53,63,73,83,93"
10,05:50,5,5,김포공항,10,"4,14,24,34,44,54,64,74,84,94"
10,05:50,6,6,일산,10,"5,15,25,35,45,55,65,75,85,95"
10,05:50,7,7,판교,10,"6,16,26,36,46,56,66,76,86,96"
10,05:50,8,8,동탄/용인,10,"7,17,27,37,47,57,67,77,87,97"
10,05:50,9,9,평택,10,"8,18,28,38,48,58,68,78,88,98"
11,05:51,1,1,서울역,10,"0,10,20,30,40,50,60,70,80,90"
11,05:51,10,10,인천공항,10,"9,19,29,39,49,59,69,79,89,99"
11,05:51,2,2,수서,10,"1,11,21,31,41,51,61,71,81,91"
11,05:51,3,3,삼성,10,"2,12,22,32,42,52,62,72,82,92"
11,05:51,4,4,여의도,10,"3,13,23,33,43,53,63,73,83,93"
11,05:51,5,5,김포공항,10,"4,14,24,34,44,54,64,74,84,94"
11,05:51,6,6,일산,10,"5,15,25,35,45,55,65,75,85,95"
11,05:51,7,7,판교,10,"6,16,26,36,46,56,66,76,86,96"
11,05:51,8,8,동탄/용인,10,"7,17,27,37,47,57,67,77,87,97"
11,05:51,9,9,평택,10,"8,18,28,38,48,58,68,78,88,98"
12,05:52,1,1,서울역,10,"0,10,20,30,40,50,60,70,80,90"
12,05:52,10,10,인천공항,10,"9,19,29,39,49,59,69,79,89,99"
12,05:52,2,2,수서,10,"1,11,21,31,41,51,61,71,81,91"
12,05:52,3,3,삼성,10,"2,12,22,32,42,52,62,72,82,92"
12,05:52,4,4,여의도,10,"3,13,23,33,43,53,63,73,83,93"
12,05:52,5,5,김포공항,10,"4,14,24,34,44,54,64,74,84,94"
12,05:52,6,6,일산,10,"5,15,25,35,45,55,65,75,85,95"
12,05:52,7,7,판교,10,"6,16,26,36,46,56,66,76,86,96"
12,05:52,8,8,동탄/용인,10,"7,17,27,37,47,57,67,77,87,97"
12,05:52,9,9,평택,10,"8,18,28,38,48,58,68,78,88,98"
13,05:53,1,1,서울역,10,"0,10,20,30,40,50,60,70,80,90"
13,05:53,10,10,인천공항,10,"9,19,29,39,49,59,69,79,89,99"
13,05:53,2,2,수서,10,"1,11,21,31,41,51,61,71,81,91"
13,05:53,3,3,삼성,10,"2,12,22,32,42,52,62,72,82,92"
13,05:53,4,4,여의도,10,"3,13,23,33,43,53,63,73,83,93"
13,05:53,5,5,김포공항,10,"4,14,24,34,44,54,64,74,84,94"
13,05:53,6,6,일산,10,"5,15,25,35,45,55,65,75,85,95"
13,05:53,7,7,판교,10,"6,16,26,36,46,56,66,76,86,96"
13,05:53,8,8,동탄/용인,10,"7,17,27,37,47,57,67,77,87,97"
13,05:53,9,9,평택,10,"8,18,28,38,48,58,68,78,88,98"
14,05:54,1,1,서울역,10,"0,10,20,30,40,50,60,70,80,90"
14,05:54,10,10,인천공항,10,"9,19,29,39,49,59,69,79,89,99"
14,05:54,2,2,수서,10,"1,11,21,31,41,51,61,71,81,91"
14,05:54,3,3,삼성,10,"2,12,22,32,42,52,62,72,82,92"
14,05:54,4,4,여의도,10,"3,13,23,33,43,53,63,73,83,93"
14,05:54,5,5,김포공항,10,"4,14,24,34,44,54,64,74,84,94"
14,05:54,6,6,일산,10,"5,15,25,35,45,55,65,75,85,95"
14,05:54,7,7,판교,10,"6,16,26,36,46,56,66,76,86,96"
14,05:54,8,8,동탄/용인,10,"7,17,27,37,47,57,67,77,87,97"
14,05:54,9,9,평택,10,"8,18,28,38,48,58,68,78,88,98"
15,05:55,1,1,서울역,10,"0,10,20,30,40,50,60,70,80,90"
15,05:55,10,10,인천공항,10,"9,19,29,39,49,59,69,79,89,99"
15,05:55,2,2,수서,10,"1,11,21,31,41,51,61,71,81,91"
15,05:55,3,3,삼성,10,"2,12,22,32,42,52,62,72,82,92"
15,05:55,4,4,여의도,10,"3,13,23,33,43,53,63,73,83,93"
15,05:55,5,5,김포공항,10,"4,14,24,34,44,54,64,74,84,94"
15,05:55,6,6,일산,10,"5,15,25,35,45,55,65,75,85,95"
15,05:55,7,7,판교,10,"6,16,26,36,46,56,66,76,86,96"
15,05:55,8,8,동탄/용인,10,"7,17,27,37,47,57,67,77,87,97"
15,05:55,9,9,평택,10,"8,18,28,38,48,58,68,78,88,98"
16,05:56,1,1,서울역,10,"0,10,20,30,40,50,60,70,80,90"
16,05:56,10,10,인천공항,10,"9,19,29,39,49,59,69,79,89,99"
16,05:56,2,2,수서,10,"1,11,21,31,41,51,61,71,81,91"
16,05:56,3,3,삼성,10,"2,12,22,32,42,52,62,72,82,92"
16,05:56,4,4,여의도,10,"3,13,23,33,43,53,63,73,83,93"
16,05:56,5,5,김포공항,10,"4,14,24,34,44,54,64,74,84,94"
16,05:56,6,6,일산,10,"5,15,25,35,45,55,65,75,85,95"
16,05:56,7,7,판교,10,"6,16,26,36,46,56,66,76,86,96"
16,05:56,8,8,동탄/용인,10,"7,17,27,37,47,57,67,77,87,97"
16,05:56,9,9,평택,10,"8,18,28,38,48,58,68,78,88,98"
17,05:57,1,1,서울역,10,"0,10,20,30,40,50,60,70,80,90"
17,05:57,10,10,인천공항,10,"9,19,29,39,49,59,69,79,89,99"
17,05:57,2,2,수서,10,"1,11,21,31,41,51,61,71,81,91"
17,05:57,3,3,삼성,10,"2,12,22,32,42,52,62,72,82,92"
17,05:57,4,4,여의도,10,"3,13,23,33,43,53,63,73,83,93"
17,05:57,5,5,김포공항,10,"4,14,24,34,44,54,64,74,84,94"
17,05:57,6,6,일산,10,"5,15,25,35,45,55,65,75,85,95"
17,05:57,7,7,판교,10,"6,16,26,36,46,56,66,76,86,96"
17,05:57,8,8,동탄/용인,10,"7,17,27,37,47,57,67,77,87,97"
17,05:57,9,9,평택,10,"8,18,28,38,48,58,68,78,88,98"
18,05:58,1,1,서울역,10,"0,10,20,30,40,50,60,70,80,90"
18,05:58,10,10,인천공항,10,"9,19,29,39,49,59,69,79,89,99"
18,05:58,2,2,수서,10,"1,11,21,31,41,51,61,71,81,91"
18,05:58,3,3,삼성,10,"2,12,22,32,42,52,62,72,82,92"
18,05:58,4,4,여의도,10,"3,13,23,33,43,53,63,73,83,93"
18,05:58,5,5,김포공항,10,"4,14,24,34,44,54,64,74,84,94"
18,05:58,6,6,일산,10,"5,15,25,35,45,55,65,75,85,95"
18,05:58,7,7,판교,10,"6,16,26,36,46,56,66,76,86,96"
18,05:58,8,8,동탄/용인,10,"7,17,27,37,47,57,67,77,87,97"
18,05:58,9,9,평택,10,"8,18,28,38,48,58,68,78,88,98"
19,05:59,1,1,서울역,10,"0,10,20,30,40,50,60,70,80,90"
19,05:59,10,10,인천공항,10,"9,19,29,39,49,59,69,79,89,99"
19,05:59,2,2,수서,10,"1,11,21,31,41,51,61,71,81,91"
19,05:59,3,3,삼성,10,"2,12,22,32,42,52,62,72,82,92"
19,05:59,4,4,여의도,10,"3,13,23,33,43,53,63,73,83,93"
19,05:59,5,5,김포공항,10,"4,14,24,34,44,54,64,74,84,94"
19,05:59,6,6,일산,10,"5,15,25,35,45,55,65,75,85,95"
19,05:59,7,7,판교,10,"6,16,26,36,46,56,66,76,86,96"
19,05:59,8,8,동탄/용인,10,"7,17,27,37,47,57,67,77,87,97"
19,05:59,9,9,평택,10,"8,18,28,38,48,58,68,78,88,98"
20,06:00,1,1,서울역,10,"0,10,20,30,40,50,60,70,80,90"
20,06:00,10,10,인천공항,10,"9,19,29,39,49,59,69,79,89,99"
20,06:00,2,2,수서,10,"1,11,21,31,41,51,61,71,81,91"
20,06:00,3,3,삼성,10,"2,12,22,32,42,52,62,72,82,92"
20,06:00,4,4,여의도,10,"3,13,23,33,43,53,63,73,83,93"
20,06:00,5,5,김포공항,10,"4,14,24,34,44,54,64,74,84,94"
20,06:00,6,6,일산,10,"5,15,25,35,45,55,65,75,85,95"
20,06:00,7,7,판교,10,"6,16,26,36,46,56,66,76,86,96"
20,06:00,8,8,동탄/용인,10,"7,17,27,37,47,57,67,77,87,97"
20,06:00,9,9,평택,10,"8,18,28,38,48,58,68,78,88,98"
21,06:01,1,1,서울역,10,"0,10,20,30,40,50,60,70,80,90"
21,06:01,10,10,인천공항,10,"9,19,29,39,49,59,69,79,89,99"
21,06:01,2,2,수서,10,"1,11,21,31,41,51,61,71,81,91"
21,06:01,3,3,삼성,10,"2,12,22,32,42,52,62,72,82,92"
21,06:01,4,4,여의도,10,"3,13,23,33,43,53,63,73,83,93"
21,06:01,5,5,김포공항,10,"4,14,24,34,44,54,64,74,84,94"
21,06:01,6,6,일산,10,"5,15,25,35,45,55,65,75,85,95"
21,06:01,7,7,판교,10,"6,16,26,36,46,56,66,76,86,96"
21,06:01,8,8,동탄/용인,10,"7,17,27,37,47,57,67,77,87,97"
21,06:01,9,9,평택,10,"8,18,28,38,48,58,68,78,88,98"
22,06:02,1,1,서울역,10,"0,10,20,30,40,50,60,70,80,90"
22,06:02,10,10,인천공항,10,"9,19,29,39,49,59,69,79,89,99"
22,06:02,2,2,수서,10,"1,11,21,31,41,51,61,71,81,91"
22,06:02,3,3,삼성,10,"2,12,22,32,42,52,62,72,82,92"
22,06:02,4,4,여의도,10,"3,13,23,33,43,53,63,73,83,93"
22,06:02,5,5,김포공항,10,"4,14,24,34,44,54,64,74,84,94"
22,06:02,6,6,일산,10,"5,15,25,35,45,55,65,75,85,95"
22,06:02,7,7,판교,10,"6,16,26,36,46,56,66,76,86,96"
22,06:02,8,8,동탄/용인,10,"7,17,27,37,47,57,67,77,87,97"
22,06:02,9,9,평택,10,"8,18,28,38,48,58,68,78,88,98"
23,06:03,1,1,서울역,10,"0,10,20,30,40,50,60,70,80,90"
23,06:03,10,10,인천공항,10,"9,19,29,39,49,59,69,79,89,99"
23,06:03,2,2,수서,10,"1,11,21,31,41,51,61,71,81,91"
23,06:03,3,3,삼성,10,"2,12,22,32,42,52,62,72,82,92"
23,06:03,4,4,여의도,10,"3,13,23,33,43,53,63,73,83,93"
23,06:03,5,5,김포공항,10,"4,14,24,34,44,54,64,74,84,94"
23,06:03,6,6,일산,10,"5,15,25,35,45,55,65,75,85,95"
23,06:03,7,7,판교,10,"6,16,26,36,46,56,66,76,86,96"
23,06:03,8,8,동탄/용인,10,"7,17,27,37,47,57,67,77,87,97"
23,06:03,9,9,평택,10,"8,18,28,38,48,58,68,78,88,98"
24,06:04,1,1,서울역,10,"0,10,20,30,40,50,60,70,80,90"
24,06:04,10,10,인천공항,10,"9,19,29,39,49,59,69,79,89,99"
24,06:04,2,2,수서,10,"1,11,21,31,41,51,61,71,81,91"
24,06:04,3,3,삼성,10,"2,12,22,32,42,52,62,72,82,92"
24,06:04,4,4,여의도,10,"3,13,23,33,43,53,63,73,83,93"
24,06:04,5,5,김포공항,10,"4,14,24,34,44,54,64,74,84,94"
24,06:04,6,6,일산,10,"5,15,25,35,45,55,65,75,85,95"
24,06:04,7,7,판교,10,"6,16,26,36,46,56,66,76,86,96"
24,06:04,8,8,동탄/용인,10,"7,17,27,37,47,57,67,77,87,97"
24,06:04,9,9,평택,10,"8,18,28,38,48,58,68,78,88,98"
25,06:05,1,1,서울역,10,"0,10,20,30,40,50,60,70,80,90"
25,06:05,10,10,인천공항,10,"9,19,29,39,49,59,69,79,89,99"
25,06:05,2,2,수서,10,"1,11,21,31,41,51,61,71,81,91"
25,06:05,3,3,삼성,10,"2,12,22,32,42,52,62,72,82,92"
25,06:05,4,4,여의도,10,"3,13,23,33,43,53,63,73,83,93"
25,06:05,5,5,김포공항,10,"4,14,24,34,44,54,64,74,84,94"
25,06:05,6,6,일산,9,"5,25,35,45,55,65,75,85,95"
25,06:05,7,7,판교,10,"6,16,26,36,46,56,66,76,86,96"
25,06:05,8,8,동탄/용인,10,"7,17,27,37,47,57,67,77,87,97"
25,06:05,9,9,평택,10,"8,18,28,38,48,58,68,78,88,98"
26,06:06,1,1,서울역,10,"0,10,20,30,40,50,60,70,80,90"
26,06:06,10,10,인천공항,10,"9,19,29,39,49,59,69,79,89,99"
26,06:06,2,2,수서,10,"1,11,21,31,41,51,61,71,81,91"
26,06:06,3,3,삼성,10,"2,12,22,32,42,52,62,72,82,92"
26,06:06,4,4,여의도,10,"3,13,23,33,43,53,63,73,83,93"
26,06:06,5,5,김포공항,10,"4,14,24,34,44,54,64,74,84,94"
26,06:06,6,6,일산,9,"5,25,35,45,55,65,75,85,95"
26,06:06,7,7,판교,10,"6,16,26,36,46,56,66,76,86,96"
26,06:06,8,8,동탄/용인,10,"7,17,27,37,47,57,67,77,87,97"
26,06:06,9,9,평택,10,"8,18,28,38,48,58,68,78,88,98"
27,06:07,1,1,서울역,10,"0,10,20,30,40,50,60,70,80,90"
27,06:07,10,10,인천공항,10,"9,19,29,39,49,59,69,79,89,99"
27,06:07,2,2,수서,10,"1,11,21,31,41,51,61,71,81,91"
27,06:07,3,3,삼성,10,"2,12,22,32,42,52,62,72,82,92"
27,06:07,4,4,여의도,10,"3,13,23,33,43,53,63,73,83,93"
27,06:07,5,5,김포공항,10,"4,14,24,34,44,54,64,74,84,94"
27,06:07,6,6,일산,8,"5,25,45,55,65,75,85,95"
27,06:07,7,7,판교,10,"6,16,26,36,46,56,66,76,86,96"
27,06:07,8,8,동탄/용인,10,"7,17,27,37,47,57,67,77,87,97"
27,06:07,9,9,평택,10,"8,18,28,38,48,58,68,78,88,98"
28,06:08,1,1,서울역,10,"0,10,20,30,40,50,60,70,80,90"
28,06:08,10,10,인천공항,10,"9,19,29,39,49,59,69,79,89,99"
28,06:08,2,2,수서,10,"1,11,21,31,41,51,61,71,81,91"
28,06:08,3,3,삼성,10,"2,12,22,32,42,52,62,72,82,92"
28,06:08,4,4,여의도,10,"3,13,23,33,43,53,63,73,83,93"
28,06:08,5,5,김포공항,10,"4,14,24,34,44,54,64,74,84,94"
28,06:08,6,6,일산,8,"5,25,45,55,65,75,85,95"
28,06:08,7,7,판교,10,"6,16,26,36,46,56,66,76,86,96"
28,06:08,8,8,동탄/용인,10,"7,17,27,37,47,57,67,77,87,97"
28,06:08,9,9,평택,10,"8,18,28,38,48,58,68,78,88,98"
29,06:09,1,1,서울역,10,"0,10,20,30,40,50,60,70,80,90"
29,06:09,10,10,인천공항,10,"9,19,29,39,49,59,69,79,89,99"
29,06:09,2,2,수서,10,"1,11,21,31,41,51,61,71,81,91"
29,06:09,3,3,삼성,10,"2,12,22,32,42,52,62,72,82,92"
29,06:09,4,4,여의도,9,"13,23,33,43,53,63,73,83,93"
29,06:09,5,5,김포공항,10,"4,14,24,34,44,54,64,74,84,94"
29,06:09,6,6,일산,8,"5,25,45,55,65,75,85,95"
29,06:09,7,7,판교,10,"6,16,26,36,46,56,66,76,86,96"
29,06:09,8,8,동탄/용인,10,"7,17,27,37,47,57,67,77,87,97"
29,06:09,9,9,평택,10,"8,18,28,38,48,58,68,78,88,98"
30,06:10,1,1,서울역,10,"0,10,20,30,40,50,60,70,80,90"
30,06:10,10,10,인천공항,10,"9,19,29,39,49,59,69,79,89,99"
30,06:10,2,2,수서,10,"1,11,21,31,41,51,61,71,81,91"
30,06:10,3,3,삼성,10,"2,12,22,32,42,52,62,72,82,92"
30,06:10,4,4,여의도,9,"13,23,33,43,53,63,73,83,93"
30,06:10,5,5,김포공항,10,"4,14,24,34,44,54,64,74,84,94"
30,06:10,6,6,일산,8,"5,25,45,55,65,75,85,95"
30,06:10,7,7,판교,10,"6,16,26,36,46,56,66,76,86,96"
30,06:10,8,8,동탄/용인,10,"7,17,27,37,47,57,67,77,87,97"
30,06:10,9,9,평택,10,"8,18,28,38,48,58,68,78,88,98"
31,06:11,1,1,서울역,10,"0,10,20,30,40,50,60,70,80,90"
31,06:11,10,10,인천공항,10,"9,19,29,39,49,59,69,79,89,99"
31,06:11,2,2,수서,10,"1,11,21,31,41,51,61,71,81,91"
31,06:11,3,3,삼성,10,"2,12,22,32,42,52,62,72,82,92"
31,06:11,4,4,여의도,9,"13,23,33,43,53,63,73,83,93"
31,06:11,5,5,김포공항,10,"4,14,24,34,44,54,64,74,84,94"
31,06:11,6,6,일산,8,"5,25,45,55,65,75,85,95"
31,06:11,7,7,판교,10,"6,16,26,36,46,56,66,76,86,96"
31,06:11,8,8,동탄/용인,10,"7,17,27,37,47,57,67,77,87,97"
31,06:11,9,9,평택,10,"8,18,28,38,48,58,68,78,88,98"
32,06:12,1,1,서울역,10,"0,10,20,30,40,50,60,70,80,90"
32,06:12,10,10,인천공항,9,"9,29,39,49,59,69,79,89,99"
32,06:12,2,2,수서,10,"1,11,21,31,41,51,61,71,81,91"
32,06:12,3,3,삼성,10,"2,12,22,32,42,52,62,72,82,92"
32,06:12,4,4,여의도,9,"13,23,33,43,53,63,73,83,93"
32,06:12,5,5,김포공항,10,"4,14,24,34,44,54,64,74,84,94"
32,06:12,6,6,일산,8,"5,25,45,55,65,75,85,95"
32,06:12,7,7,판교,10,"6,16,26,36,46,56,66,76,86,96"
32,06:12,8,8,동탄/용인,10,"7,17,27,37,47,57,67,77,87,97"
32,06:12,9,9,평택,10,"8,18,28,38,48,58,68,78,88,98"
33,06:13,1,1,서울역,10,"0,10,20,30,40,50,60,70,80,90"
33,06:13,10,10,인천공항,8,"29,39,49,59,69,79,89,99"
33,06:13,2,2,수서,10,"1,11,21,31,41,51,61,71,81,91"
33,06:13,3,3,삼성,10,"2,12,22,32,42,52,62,72,82,92"
33,06:13,4,4,여의도,9,"13,23,33,43,53,63,73,83,93"
33,06:13,5,5,김포공항,10,"4,14,24,34,44,54,64,74,84,94"
33,06:13,6,6,일산,8,"5,25,45,55,65,75,85,95"
33,06:13,7,7,판교,10,"6,16,26,36,46,56,66,76,86,96"
33,06:13,8,8,동탄/용인,10,"7,17,27,37,47,57,67,77,87,97"
33,06:13,9,9,평택,10,"8,18,28,38,48,58,68,78,88,98"
34,06:14,1,1,서울역,10,"0,10,20,30,40,50,60,70,80,90"
34,06:14,10,10,인천공항,8,"29,39,49,59,69,79,89,99"
34,06:14,2,2,수서,10,"1,11,21,31,41,51,61,71,81,91"
34,06:14,3,3,삼성,10,"2,12,22,32,42,52,62,72,82,92"
34,06:14,4,4,여의도,9,"13,23,33,43,53,63,73,83,93"
34,06:14,5,5,김포공항,10,"4,14,24,34,44,54,64,74,84,94"
34,06:14,6,6,일산,8,"5,25,45,55,65,75,85,95"
34,06:14,7,7,판교,10,"6,16,26,36,46,56,66,76,86,96"
34,06:14,8,8,동탄/용인,10,"7,17,27,37,47,57,67,77,87,97"
34,06:14,9,9,평택,10,"8,18,28,38,48,58,68,78,88,98"
35,06:15,1,1,서울역,10,"0,10,20,30,40,50,60,70,80,90"
35,06:15,10,10,인천공항,8,"29,39,49,59,69,79,89,99"
35,06:15,2,2,수서,10,"1,11,21,31,41,51,61,71,81,91"
35,06:15,3,3,삼성,10,"2,12,22,32,42,52,62,72,82,92"
35,06:15,4,4,여의도,9,"13,23,33,43,53,63,73,83,93"
35,06:15,5,5,김포공항,10,"4,14,24,34,44,54,64,74,84,94"
35,06:15,6,6,일산,7,"5,45,55,65,75,85,95"
35,06:15,7,7,판교,10,"6,16,26,36,46,56,66,76,86,96"
35,06:15,8,8,동탄/용인,10,"7,17,27,37,47,57,67,77,87,97"
35,06:15,9,9,평택,10,"8,18,28,38,48,58,68,78,88,98"
36,06:16,1,1,서울역,10,"0,10,20,30,40,50,60,70,80,90"
36,06:16,10,10,인천공항,8,"29,39,49,59,69,79,89,99"
36,06:16,2,2,수서,11,"1,11,15,21,31,41,51,61,71,81,91"
36,06:16,3,3,삼성,10,"2,12,22,32,42,52,62,72,82,92"
36,06:16,4,4,여의도,9,"13,23,33,43,53,63,73,83,93"
36,06:16,5,5,김포공항,10,"4,14,24,34,44,54,64,74,84,94"
36,06:16,6,6,일산,6,"45,55,65,75,85,95"
36,06:16,7,7,판교,10,"6,16,26,36,46,56,66,76,86,96"
36,06:16,8,8,동탄/용인,10,"7,17,27,37,47,57,67,77,87,97"
36,06:16,9,9,평택,10,"8,18,28,38,48,58,68,78,88,98"
37,06:17,1,1,서울역,10,"0,10,20,30,40,50,60,70,80,90"
37,06:17,10,10,인천공항,8,"29,39,49,59,69,79,89,99"
37,06:17,2,2,수서,11,"1,11,15,21,31,41,51,61,71,81,91"
37,06:17,3,3,삼성,10,"2,12,22,32,42,52,62,72,82,92"
37,06:17,4,4,여의도,9,"13,23,33,43,53,63,73,83,93"
37,06:17,5,5,김포공항,10,"4,14,24,34,44,54,64,74,84,94"
37,06:17,6,6,일산,6,"45,55,65,75,85,95"
37,06:17,7,7,판교,10,"6,16,26,36,46,56,66,76,86,96"
37,06:17,8,8,동탄/용인,10,"7,17,27,37,47,57,67,77,87,97"
37,06:17,9,9,평택,10,"8,18,28,38,48,58,68,78,88,98"
38,06:18,1,1,서울역,10,"0,10,20,30,40,50,60,70,80,90"
38,06:18,10,10,인천공항,8,"29,39,49,59,69,79,89,99"
38,06:18,2,2,수서,11,"1,11,15,21,31,41,51,61,71,81,91"
38,06:18,3,3,삼성,10,"2,12,22,32,42,52,62,72,82,92"
38,06:18,4,4,여의도,9,"13,23,33,43,53,63,73,83,93"
38,06:18,5,5,김포공항,10,"4,14,24,34,44,54,64,74,84,94"
38,06:18,6,6,일산,6,"45,55,65,75,85,95"
38,06:18,7,7,판교,10,"6,16,26,36,46,56,66,76,86,96"
38,06:18,8,8,동탄/용인,10,"7,17,27,37,47,57,67,77,87,97"
38,06:18,9,9,평택,10,"8,18,28,38,48,58,68,78,88,98"
39,06:19,1,1,서울역,9,"10,20,30,40,50,60,70,80,90"
39,06:19,10,10,인천공항,8,"29,39,49,59,69,79,89,99"
39,06:19,2,2,수서,11,"1,11,15,21,31,41,51,61,71,81,91"
39,06:19,3,3,삼성,10,"2,12,22,32,42,52,62,72,82,92"
39,06:19,4,4,여의도,9,"13,23,33,43,53,63,73,83,93"
39,06:19,5,5,김포공항,10,"4,14,24,34,44,54,64,74,84,94"
39,06:19,6,6,일산,6,"45,55,65,75,85,95"
39,06:19,7,7,판교,11,"6,16,26,35,36,46,56,66,76,86,96"
39,06:19,8,8,동탄/용인,10,"7,17,27,37,47,57,67,77,87,97"
39,06:19,9,9,평택,10,"8,18,28,38,48,58,68,78,88,98"
40,06:20,1,1,서울역,9,"10,20,30,40,50,60,70,80,90"
40,06:20,10,10,인천공항,8,"29,39,49,59,69,79,89,99"
40,06:20,2,2,수서,11,"1,11,15,21,31,41,51,61,71,81,91"
40,06:20,3,3,삼성,10,"2,12,22,32,42,52,62,72,82,92"
40,06:20,4,4,여의도,9,"13,23,33,43,53,63,73,83,93"
40,06:20,5,5,김포공항,10,"4,14,24,34,44,54,64,74,84,94"
40,06:20,6,6,일산,6,"45,55,65,75,85,95"
40,06:20,7,7,판교,11,"6,16,26,35,36,46,56,66,76,86,96"
40,06:20,8,8,동탄/용인,10,"7,17,27,37,47,57,67,77,87,97"
40,06:20,9,9,평택,10,"8,18,28,38,48,58,68,78,88,98"
41,06:21,1,1,서울역,9,"10,20,30,40,50,60,70,80,90"
41,06:21,10,10,인천공항,8,"29,39,49,59,69,79,89,99"
41,06:21,2,2,수서,11,"1,11,15,21,31,41,51,61,71,81,91"
41,06:21,3,3,삼성,10,"2,12,22,32,42,52,62,72,82,92"
41,06:21,4,4,여의도,9,"13,23,33,43,53,63,73,83,93"
41,06:21,5,5,김포공항,10,"4,14,24,34,44,54,64,74,84,94"
41,06:21,6,6,일산,6,"45,55,65,75,85,95"
41,06:21,7,7,판교,11,"6,16,26,35,36,46,56,66,76,86,96"
41,06:21,8,8,동탄/용인,10,"7,17,27,37,47,57,67,77,87,97"
41,06:21,9,9,평택,10,"8,18,28,38,48,58,68,78,88,98"
42,06:22,1,1,서울역,9,"10,20,30,40,50,60,70,80,90"
42,06:22,10,10,인천공항,8,"29,39,49,59,69,79,89,99"
42,06:22,2,2,수서,11,"1,11,15,21,31,41,51,61,71,81,91"
42,06:22,3,3,삼성,10,"2,12,22,32,42,52,62,72,82,92"
42,06:22,4,4,여의도,9,"13,23,33,43,53,63,73,83,93"
42,06:22,5,5,김포공항,10,"4,14,24,34,44,54,64,74,84,94"
42,06:22,6,6,일산,6,"45,55,65,75,85,95"
42,06:22,7,7,판교,11,"6,16,26,35,36,46,56,66,76,86,96"
42,06:22,8,8,동탄/용인,10,"7,17,27,37,47,57,67,77,87,97"
42,06:22,9,9,평택,10,"8,18,28,38,48,58,68,78,88,98"
43,06:23,1,1,서울역,9,"10,20,30,40,50,60,70,80,90"
43,06:23,10,10,인천공항,8,"29,39,49,59,69,79,89,99"
43,06:23,2,2,수서,11,"1,11,15,21,31,41,51,61,71,81,91"
43,06:23,3,3,삼성,10,"2,12,22,32,42,52,62,72,82,92"
43,06:23,4,4,여의도,9,"13,23,33,43,53,63,73,83,93"
43,06:23,5,5,김포공항,10,"4,14,24,34,44,54,64,74,84,94"
43,06:23,6,6,일산,5,"45,65,75,85,95"
43,06:23,7,7,판교,11,"6,16,26,35,36,46,56,66,76,86,96"
43,06:23,8,8,동탄/용인,10,"7,17,27,37,47,57,67,77,87,97"
43,06:23,9,9,평택,10,"8,18,28,38,48,58,68,78,88,98"
44,06:24,1,1,서울역,9,"10,20,30,40,50,60,70,80,90"
44,06:24,10,10,인천공항,8,"29,39,49,59,69,79,89,99"
44,06:24,2,2,수서,11,"1,11,15,21,31,41,51,61,71,81,91"
44,06:24,3,3,삼성,10,"2,12,22,32,42,52,62,72,82,92"
44,06:24,4,4,여의도,9,"13,23,33,43,53,63,73,83,93"
44,06:24,5,5,김포공항,10,"4,14,24,34,44,54,64,74,84,94"
44,06:24,6,6,일산,4,"65,75,85,95"
44,06:24,7,7,판교,11,"6,16,26,35,36,46,56,66,76,86,96"
44,06:24,8,8,동탄/용인,10,"7,17,27,37,47,57,67,77,87,97"
44,06:24,9,9,평택,11,"3,8,18,28,38,48,58,68,78,88,98"
45,06:25,1,1,서울역,9,"10,20,30,40,50,60,70,80,90"
45,06:25,10,10,인천공항,8,"29,39,49,59,69,79,89,99"
45,06:25,2,2,수서,11,"1,11,15,21,31,41,51,61,71,81,91"
45,06:25,3,3,삼성,10,"2,12,22,32,42,52,62,72,82,92"
45,06:25,4,4,여의도,10,"9,13,23,33,43,53,63,73,83,93"
45,06:25,5,5,김포공항,10,"4,14,24,34,44,54,64,74,84,94"
45,06:25,6,6,일산,4,"65,75,85,95"
45,06:25,7,7,판교,11,"6,16,26,35,36,46,56,66,76,86,96"
45,06:25,8,8,동탄/용인,10,"7,17,27,37,47,57,67,77,87,97"
45,06:25,9,9,평택,11,"3,8,18,28,38,48,58,68,78,88,98"
46,06:26,1,1,서울역,9,"10,20,30,40,50,60,70,80,90"
46,06:26,10,10,인천공항,9,"25,29,39,49,59,69,79,89,99"
46,06:26,2,2,수서,11,"1,11,15,21,31,41,51,61,71,81,91"
46,06:26,3,3,삼성,10,"2,12,22,32,42,52,62,72,82,92"
46,06:26,4,4,여의도,10,"9,13,23,33,43,53,63,73,83,93"
46,06:26,5,5,김포공항,10,"4,14,24,34,44,54,64,74,84,94"
46,06:26,6,6,일산,4,"65,75,85,95"
46,06:26,7,7,판교,11,"6,16,26,35,36,46,56,66,76,86,96"
46,06:26,8,8,동탄/용인,10,"7,17,27,37,47,57,67,77,87,97"
46,06:26,9,9,평택,11,"3,8,18,28,38,48,58,68,78,88,98"
47,06:27,1,1,서울역,9,"10,20,30,40,50,60,70,80,90"
47,06:27,10,10,인천공항,9,"25,29,39,49,59,69,79,89,99"
47,06:27,2,2,수서,11,"1,11,15,21,31,41,51,61,71,81,91"
47,06:27,3,3,삼성,11,"2,12,19,22,32,42,52,62,72,82,92"
47,06:27,4,4,여의도,10,"9,13,23,33,43,53,63,73,83,93"
47,06:27,5,5,김포공항,10,"4,14,24,34,44,54,64,74,84,94"
47,06:27,6,6,일산,4,"65,75,85,95"
47,06:27,7,7,판교,11,"6,16,26,35,36,46,56,66,76,86,96"
47,06:27,8,8,동탄/용인,10,"7,17,27,37,47,57,67,77,87,97"
47,06:27,9,9,평택,11,"3,8,18,28,38,48,58,68,78,88,98"
48,06:28,1,1,서울역,9,"10,20,30,40,50,60,70,80,90"
48,06:28,10,10,인천공항,9,"25,29,39,49,59,69,79,89,99"
48,06:28,2,2,수서,11,"1,11,15,21,31,41,51,61,71,81,91"
48,06:28,3,3,삼성,11,"2,12,19,22,32,42,52,62,72,82,92"
48,06:28,4,4,여의도,10,"9,13,23,33,43,53,63,73,83,93"
48,06:28,5,5,김포공항,10,"4,14,24,34,44,54,64,74,84,94"
48,06:28,6,6,일산,4,"65,75,85,95"
48,06:28,7,7,판교,12,"5,6,16,26,35,36,46,56,66,76,86,96"
48,06:28,8,8,동탄/용인,10,"7,17,27,37,47,57,67,77,87,97"
48,06:28,9,9,평택,11,"3,8,18,28,38,48,58,68,78,88,98"
49,06:29,1,1,서울역,9,"10,20,30,40,50,60,70,80,90"
49,06:29,10,10,인천공항,9,"25,29,39,49,59,69,79,89,99"
49,06:29,2,2,수서,11,"1,11,15,21,31,41,51,61,71,81,91"
49,06:29,3,3,삼성,11,"2,12,19,22,32,42,52,62,72,82,92"
49,06:29,4,4,여의도,10,"9,13,23,33,43,53,63,73,83,93"
49,06:29,5,5,김포공항,10,"4,14,24,34,44,54,64,74,84,94"
49,06:29,6,6,일산,4,"65,75,85,95"
49,06:29,7,7,판교,12,"5,6,16,26,35,36,46,56,66,76,86,96"
49,06:29,8,8,동탄/용인,10,"7,17,27,37,47,57,67,77,87,97"
49,06:29,9,9,평택,11,"3,8,18,28,38,48,58,68,78,88,98"
50,06:30,1,1,서울역,9,"10,20,30,40,50,60,70,80,90"
50,06:30,10,10,인천공항,9,"25,29,39,49,59,69,79,89,99"
50,06:30,2,2,수서,11,"1,11,15,21,31,41,51,61,71,81,91"
50,06:30,3,3,삼성,11,"2,12,19,22,32,42,52,62,72,82,92"
50,06:30,4,4,여의도,10,"9,13,23,33,43,53,63,73,83,93"
50,06:30,5,5,김포공항,10,"4,14,24,34,44,54,64,74,84,94"
50,06:30,6,6,일산,4,"65,75,85,95"
50,06:30,7,7,판교,12,"5,6,16,26,35,36,46,56,66,76,86,96"
50,06:30,8,8,동탄/용인,10,"7,17,27,37,47,57,67,77,87,97"
50,06:30,9,9,평택,11,"3,8,18,28,38,48,58,68,78,88,98"
51,06:31,1,1,서울역,9,"10,20,30,40,50,60,70,80,90"
51,06:31,10,10,인천공항,9,"25,29,39,49,59,69,79,89,99"
51,06:31,2,2,수서,11,"1,11,15,21,31,41,51,61,71,81,91"
51,06:31,3,3,삼성,11,"2,12,19,22,32,42,52,62,72,82,92"
51,06:31,4,4,여의도,10,"9,13,23,33,43,53,63,73,83,93"
51,06:31,5,5,김포공항,10,"4,14,24,34,44,54,64,74,84,94"
51,06:31,6,6,일산,4,"65,75,85,95"
51,06:31,7,7,판교,12,"5,6,16,26,35,36,46,56,66,76,86,96"
51,06:31,8,8,동탄/용인,10,"7,17,27,37,47,57,67,77,87,97"
51,06:31,9,9,평택,11,"3,8,18,28,38,48,58,68,78,88,98"
52,06:32,1,1,서울역,8,"20,30,40,50,60,70,80,90"
52,06:32,10,10,인천공항,10,"0,25,29,39,49,59,69,79,89,99"
52,06:32,2,2,수서,11,"1,11,15,21,31,41,51,61,71,81,91"
52,06:32,3,3,삼성,11,"2,12,19,22,32,42,52,62,72,82,92"
52,06:32,4,4,여의도,10,"9,13,23,33,43,53,63,73,83,93"
52,06:32,5,5,김포공항,10,"4,14,24,34,44,54,64,74,84,94"
52,06:32,6,6,일산,4,"65,75,85,95"
52,06:32,7,7,판교,12,"5,6,16,26,35,36,46,56,66,76,86,96"
52,06:32,8,8,동탄/용인,10,"7,17,27,37,47,57,67,77,87,97"
52,06:32,9,9,평택,11,"3,8,18,28,38,48,58,68,78,88,98"
53,06:33,1,1,서울역,8,"20,30,40,50,60,70,80,90"
53,06:33,10,10,인천공항,10,"0,25,29,39,49,59,69,79,89,99"
53,06:33,2,2,수서,11,"1,11,15,21,31,41,51,61,71,81,91"
53,06:33,3,3,삼성,11,"2,12,19,22,32,42,52,62,72,82,92"
53,06:33,4,4,여의도,10,"9,13,23,33,43,53,63,73,83,93"
53,06:33,5,5,김포공항,10,"4,14,24,34,44,54,64,74,84,94"
53,06:33,6,6,일산,4,"65,75,85,95"
53,06:33,7,7,판교,12,"5,6,16,26,35,36,46,56,66,76,86,96"
53,06:33,8,8,동탄/용인,10,"7,17,27,37,47,57,67,77,87,97"
53,06:33,9,9,평택,11,"3,8,18,28,38,48,58,68,78,88,98"
54,06:34,1,1,서울역,8,"20,30,40,50,60,70,80,90"
54,06:34,10,10,인천공항,10,"0,25,29,39,49,59,69,79,89,99"
54,06:34,2,2,수서,11,"1,11,15,21,31,41,51,61,71,81,91"
54,06:34,3,3,삼성,11,"2,12,19,22,32,42,52,62,72,82,92"
54,06:34,4,4,여의도,10,"9,13,23,33,43,53,63,73,83,93"
54,06:34,5,5,김포공항,10,"4,14,24,34,44,54,64,74,84,94"
54,06:34,6,6,일산,4,"65,75,85,95"
54,06:34,7,7,판교,12,"5,6,16,26,35,36,46,56,66,76,86,96"
54,06:34,8,8,동탄/용인,10,"7,17,27,37,47,57,67,77,87,97"
54,06:34,9,9,평택,11,"3,8,18,28,38,48,58,68,78,88,98"
55,06:35,1,1,서울역,7,"30,40,50,60,70,80,90"
55,06:35,10,10,인천공항,10,"0,25,29,39,49,59,69,79,89,99"
55,06:35,2,2,수서,11,"1,11,15,21,31,41,51,61,71,81,91"
55,06:35,3,3,삼성,11,"2,12,19,22,32,42,52,62,72,82,92"
55,06:35,4,4,여의도,10,"9,13,23,33,43,53,63,73,83,93"
55,06:35,5,5,김포공항,10,"4,14,24,34,44,54,64,74,84,94"
55,06:35,6,6,일산,4,"65,75,85,95"
55,06:35,7,7,판교,13,"5,6,16,26,35,36,46,55,56,66,76,86,96"
55,06:35,8,8,동탄/용인,10,"7,17,27,37,47,57,67,77,87,97"
55,06:35,9,9,평택,11,"3,8,18,28,38,48,58,68,78,88,98"
56,06:36,1,1,서울역,7,"30,40,50,60,70,80,90"
56,06:36,10,10,인천공항,10,"0,25,29,39,49,59,69,79,89,99"
56,06:36,2,2,수서,11,"1,11,15,21,31,41,51,61,71,81,91"
56,06:36,3,3,삼성,11,"2,12,19,22,32,42,52,62,72,82,92"
56,06:36,4,4,여의도,10,"9,13,23,33,43,53,63,73,83,93"
56,06:36,5,5,김포공항,10,"4,14,24,34,44,54,64,74,84,94"
56,06:36,6,6,일산,4,"65,75,85,95"
56,06:36,7,7,판교,14,"5,6,16,26,35,36,45,46,55,56,66,76,86,96"
56,06:36,8,8,동탄/용인,10,"7,17,27,37,47,57,67,77,87,97"
56,06:36,9,9,평택,11,"3,8,18,28,38,48,58,68,78,88,98"
57,06:37,1,1,서울역,7,"30,40,50,60,70,80,90"
57,06:37,10,10,인천공항,10,"0,25,29,39,49,59,69,79,89,99"
57,06:37,2,2,수서,11,"1,11,15,21,31,41,51,61,71,81,91"
57,06:37,3,3,삼성,11,"2,12,19,22,32,42,52,62,72,82,92"
57,06:37,4,4,여의도,10,"9,13,23,33,43,53,63,73,83,93"
57,06:37,5,5,김포공항,10,"4,14,24,34,44,54,64,74,84,94"
57,06:37,6,6,일산,3,"75,85,95"
57,06:37,7,7,판교,14,"5,6,16,26,35,36,45,46,55,56,66,76,86,96"
57,06:37,8,8,동탄/용인,10,"7,17,27,37,47,57,67,77,87,97"
57,06:37,9,9,평택,11,"3,8,18,28,38,48,58,68,78,88,98"
58,06:38,1,1,서울역,7,"30,40,50,60,70,80,90"
58,06:38,10,10,인천공항,10,"0,25,29,39,49,59,69,79,89,99"
58,06:38,2,2,수서,11,"1,11,15,21,31,41,51,61,71,81,91"
58,06:38,3,3,삼성,11,"2,12,19,22,32,42,52,62,72,82,92"
58,06:38,4,4,여의도,10,"9,13,23,33,43,53,63,73,83,93"
58,06:38,5,5,김포공항,10,"4,14,24,34,44,54,64,74,84,94"
58,06:38,6,6,일산,3,"75,85,95"
58,06:38,7,7,판교,14,"5,6,16,26,35,36,45,46,55,56,66,76,86,96"
58,06:38,8,8,동탄/용인,10,"7,17,27,37,47,57,67,77,87,97"
58,06:38,9,9,평택,11,"3,8,18,28,38,48,58,68,78,88,98"
59,06:39,1,1,서울역,7,"30,40,50,60,70,80,90"
59,06:39,10,10,인천공항,10,"0,25,29,39,49,59,69,79,89,99"
59,06:39,2,2,수서,11,"1,11,15,21,31,41,51,61,71,81,91"
59,06:39,3,3,삼성,11,"2,12,19,22,32,42,52,62,72,82,92"
59,06:39,4,4,여의도,10,"9,13,23,33,43,53,63,73,83,93"
59,06:39,5,5,김포공항,10,"4,14,24,34,44,54,64,74,84,94"
59,06:39,6,6,일산,3,"75,85,95"
59,06:39,7,7,판교,14,"5,6,16,26,35,36,45,46,55,56,66,76,86,96"
59,06:39,8,8,동탄/용인,10,"7,17,27,37,47,57,67,77,87,97"
59,06:39,9,9,평택,11,"3,8,18,28,38,48,58,68,78,88,98"
60,06:40,1,1,서울역,7,"30,40,50,60,70,80,90"
60,06:40,10,10,인천공항,9,"0,29,39,49,59,69,79,89,99"
60,06:40,2,2,수서,11,"1,11,15,21,31,41,51,61,71,81,91"
60,06:40,3,3,삼성,11,"2,12,19,22,32,42,52,62,72,82,92"
60,06:40,4,4,여의도,10,"9,13,23,33,43,53,63,73,83,93"
60,06:40,5,5,김포공항,10,"4,14,24,34,44,54,64,74,84,94"
60,06:40,6,6,일산,3,"75,85,95"
60,06:40,7,7,판교,14,"5,6,16,26,35,36,45,46,55,56,66,76,86,96"
60,06:40,8,8,동탄/용인,10,"7,17,27,37,47,57,67,77,87,97"
60,06:40,9,9,평택,11,"3,8,18,28,38,48,58,68,78,88,98"
61,06:41,1,1,서울역,7,"30,40,50,60,70,80,90"
61,06:41,10,10,인천공항,9,"0,29,39,49,59,69,79,89,99"
61,06:41,2,2,수서,11,"1,11,15,21,31,41,51,61,71,81,91"
61,06:41,3,3,삼성,11,"2,12,19,22,32,42,52,62,72,82,92"
61,06:41,4,4,여의도,10,"9,13,23,33,43,53,63,73,83,93"
61,06:41,5,5,김포공항,10,"4,14,24,34,44,54,64,74,84,94"
61,06:41,6,6,일산,3,"75,85,95"
61,06:41,7,7,판교,14,"5,6,16,26,35,36,45,46,55,56,66,76,86,96"
61,06:41,8,8,동탄/용인,10,"7,17,27,37,47,57,67,77,87,97"
61,06:41,9,9,평택,11,"3,8,18,28,38,48,58,68,78,88,98"
62,06:42,1,1,서울역,7,"30,40,50,60,70,80,90"
62,06:42,10,10,인천공항,9,"0,29,39,49,59,69,79,89,99"
62,06:42,2,2,수서,11,"1,11,15,21,31,41,51,61,71,81,91"
62,06:42,3,3,삼성,11,"2,12,19,22,32,42,52,62,72,82,92"
62,06:42,4,4,여의도,10,"9,13,23,33,43,53,63,73,83,93"
62,06:42,5,5,김포공항,10,"4,14,24,34,44,54,64,74,84,94"
62,06:42,6,6,일산,3,"75,85,95"
62,06:42,7,7,판교,14,"5,6,16,26,35,36,45,46,55,56,66,76,86,96"
62,06:42,8,8,동탄/용인,10,"7,17,27,37,47,57,67,77,87,97"
62,06:42,9,9,평택,11,"3,8,18,28,38,48,58,68,78,88,98"
63,06:43,1,1,서울역,7,"30,40,50,60,70,80,90"
63,06:43,10,10,인천공항,8,"29,39,49,59,69,79,89,99"
63,06:43,2,2,수서,11,"1,11,15,21,31,41,51,61,71,81,91"
63,06:43,3,3,삼성,11,"2,12,19,22,32,42,52,62,72,82,92"
63,06:43,4,4,여의도,10,"9,13,23,33,43,53,63,73,83,93"
63,06:43,5,5,김포공항,10,"4,14,24,34,44,54,64,74,84,94"
63,06:43,6,6,일산,3,"75,85,95"
63,06:43,7,7,판교,14,"5,6,16,26,35,36,45,46,55,56,66,76,86,96"
63,06:43,8,8,동탄/용인,10,"7,17,27,37,47,57,67,77,87,97"
63,06:43,9,9,평택,11,"3,8,18,28,38,48,58,68,78,88,98"
64,06:44,1,1,서울역,7,"30,40,50,60,70,80,90"
64,06:44,10,10,인천공항,8,"29,39,49,59,69,79,89,99"
64,06:44,2,2,수서,11,"1,11,15,21,31,41,51,61,71,81,91"
64,06:44,3,3,삼성,11,"2,12,19,22,32,42,52,62,72,82,92"
64,06:44,4,4,여의도,10,"9,13,23,33,43,53,63,73,83,93"
64,06:44,5,5,김포공항,10,"4,14,24,34,44,54,64,74,84,94"
64,06:44,6,6,일산,3,"75,85,95"
64,06:44,7,7,판교,14,"5,6,16,26,35,36,45,46,55,56,66,76,86,96"
64,06:44,8,8,동탄/용인,10,"7,17,27,37,47,57,67,77,87,97"
64,06:44,9,9,평택,11,"3,8,18,28,38,48,58,68,78,88,98"
65,06:45,1,1,서울역,7,"30,40,50,60,70,80,90"
65,06:45,10,10,인천공항,9,"10,29,39,49,59,69,79,89,99"
65,06:45,2,2,수서,11,"1,11,15,21,31,41,51,61,71,81,91"
65,06:45,3,3,삼성,11,"2,12,19,22,32,42,52,62,72,82,92"
65,06:45,4,4,여의도,10,"9,13,23,33,43,53,63,73,83,93"
65,06:45,5,5,김포공항,10,"4,14,24,34,44,54,64,74,84,94"
65,06:45,6,6,일산,3,"75,85,95"
65,06:45,7,7,판교,14,"5,6,16,26,35,36,45,46,55,56,66,76,86,96"
65,06:45,8,8,동탄/용인,10,"7,17,27,37,47,57,67,77,87,97"
65,06:45,9,9,평택,11,"3,8,18,28,38,48,58,68,78,88,98"
66,06:46,1,1,서울역,7,"30,40,50,60,70,80,90"
66,06:46,10,10,인천공항,9,"10,29,39,49,59,69,79,89,99"
66,06:46,2,2,수서,11,"1,11,15,21,31,41,51,61,71,81,91"
66,06:46,3,3,삼성,11,"2,12,19,22,32,42,52,62,72,82,92"
66,06:46,4,4,여의도,10,"9,13,23,33,43,53,63,73,83,93"
66,06:46,5,5,김포공항,10,"4,14,24,34,44,54,64,74,84,94"
66,06:46,6,6,일산,2,"75,95"
66,06:46,7,7,판교,14,"5,6,16,26,35,36,45,46,55,56,66,76,86,96"
66,06:46,8,8,동탄/용인,10,"7,17,27,37,47,57,67,77,87,97"
66,06:46,9,9,평택,11,"3,8,18,28,38,48,58,68,78,88,98"
67,06:47,1,1,서울역,7,"30,40,50,60,70,80,90"
67,06:47,10,10,인천공항,9,"10,29,39,49,59,69,79,89,99"
67,06:47,2,2,수서,11,"1,11,15,21,31,41,51,61,71,81,91"
67,06:47,3,3,삼성,11,"2,12,19,22,32,42,52,62,72,82,92"
67,06:47,4,4,여의도,9,"13,23,33,43,53,63,73,83,93"
67,06:47,5,5,김포공항,10,"4,14,24,34,44,54,64,74,84,94"
67,06:47,6,6,일산,2,"75,95"
67,06:47,7,7,판교,14,"5,6,16,26,35,36,45,46,55,56,66,76,86,96"
67,06:47,8,8,동탄/용인,10,"7,17,27,37,47,57,67,77,87,97"
67,06:47,9,9,평택,11,"3,8,18,28,38,48,58,68,78,88,98"
68,06:48,1,1,서울역,6,"40,50,60,70,80,90"
68,06:48,10,10,인천공항,10,"10,20,29,39,49,59,69,79,89,99"
68,06:48,2,2,수서,11,"1,11,15,21,31,41,51,61,71,81,91"
68,06:48,3,3,삼성,11,"2,12,19,22,32,42,52,62,72,82,92"
68,06:48,4,4,여의도,9,"13,23,33,43,53,63,73,83,93"
68,06:48,5,5,김포공항,10,"4,14,24,34,44,54,64,74,84,94"
68,06:48,6,6,일산,2,"75,95"
68,06:48,7,7,판교,14,"5,6,16,26,35,36,45,46,55,56,66,76,86,96"
68,06:48,8,8,동탄/용인,10,"7,17,27,37,47,57,67,77,87,97"
68,06:48,9,9,평택,11,"3,8,18,28,38,48,58,68,78,88,98"
69,06:49,1,1,서울역,6,"40,50,60,70,80,90"
69,06:49,10,10,인천공항,9,"10,20,39,49,59,69,79,89,99"
69,06:49,2,2,수서,11,"1,11,15,21,31,41,51,61,71,81,91"
69,06:49,3,3,삼성,11,"2,12,19,22,32,42,52,62,72,82,92"
69,06:49,4,4,여의도,9,"13,23,33,43,53,63,73,83,93"
69,06:49,5,5,김포공항,10,"4,14,24,34,44,54,64,74,84,94"
69,06:49,6,6,일산,2,"75,95"
69,06:49,7,7,판교,15,"5,6,16,26,35,36,45,46,55,56,65,66,76,86,96"
69,06:49,8,8,동탄/용인,10,"7,17,27,37,47,57,67,77,87,97"
69,06:49,9,9,평택,11,"3,8,18,28,38,48,58,68,78,88,98"
70,06:50,1,1,서울역,6,"40,50,60,70,80,90"
70,06:50,10,10,인천공항,9,"10,20,39,49,59,69,79,89,99"
70,06:50,2,2,수서,11,"1,11,15,21,31,41,51,61,71,81,91"
70,06:50,3,3,삼성,11,"2,12,19,22,32,42,52,62,72,82,92"
70,06:50,4,4,여의도,9,"13,23,33,43,53,63,73,83,93"
70,06:50,5,5,김포공항,10,"4,14,24,34,44,54,64,74,84,94"
70,06:50,6,6,일산,2,"75,95"
70,06:50,7,7,판교,15,"5,6,16,26,35,36,45,46,55,56,65,66,76,86,96"
70,06:50,8,8,동탄/용인,10,"7,17,27,37,47,57,67,77,87,97"
70,06:50,9,9,평택,11,"3,8,18,28,38,48,58,68,78,88,98"
71,06:51,1,1,서울역,6,"40,50,60,70,80,90"
71,06:51,10,10,인천공항,8,"10,20,49,59,69,79,89,99"
71,06:51,2,2,수서,11,"1,11,15,21,31,41,51,61,71,81,91"
71,06:51,3,3,삼성,11,"2,12,19,22,32,42,52,62,72,82,92"
71,06:51,4,4,여의도,9,"13,23,33,43,53,63,73,83,93"
71,06:51,5,5,김포공항,10,"4,14,24,34,44,54,64,74,84,94"
71,06:51,6,6,일산,2,"75,95"
71,06:51,7,7,판교,15,"5,6,16,26,35,36,45,46,55,56,65,66,76,86,96"
71,06:51,8,8,동탄/용인,10,"7,17,27,37,47,57,67,77,87,97"
71,06:51,9,9,평택,11,"3,8,18,28,38,48,58,68,78,88,98"
72,06:52,1,1,서울역,6,"40,50,60,70,80,90"
72,06:52,10,10,인천공항,8,"10,20,49,59,69,79,89,99"
72,06:52,2,2,수서,11,"1,11,15,21,31,41,51,61,71,81,91"
72,06:52,3,3,삼성,11,"2,12,19,22,32,42,52,62,72,82,92"
72,06:52,4,4,여의도,10,"13,23,25,33,43,53,63,73,83,93"
72,06:52,5,5,김포공항,10,"4,14,24,34,44,54,64,74,84,94"
72,06:52,6,6,일산,2,"75,95"
72,06:52,7,7,판교,15,"5,6,16,26,35,36,45,46,55,56,65,66,76,86,96"
72,06:52,8,8,동탄/용인,10,"7,17,27,37,47,57,67,77,87,97"
72,06:52,9,9,평택,11,"3,8,18,28,38,48,58,68,78,88,98"
73,06:53,1,1,서울역,6,"40,50,60,70,80,90"
73,06:53,10,10,인천공항,8,"10,20,49,59,69,79,89,99"
73,06:53,2,2,수서,11,"1,11,15,21,31,41,51,61,71,81,91"
73,06:53,3,3,삼성,11,"2,12,19,22,32,42,52,62,72,82,92"
73,06:53,4,4,여의도,10,"13,23,25,33,43,53,63,73,83,93"
73,06:53,5,5,김포공항,10,"4,14,24,34,44,54,64,74,84,94"
73,06:53,6,6,일산,2,"75,95"
73,06:53,7,7,판교,15,"5,6,16,26,35,36,45,46,55,56,65,66,76,86,96"
73,06:53,8,8,동탄/용인,10,"7,17,27,37,47,57,67,77,87,97"
73,06:53,9,9,평택,11,"3,8,18,28,38,48,58,68,78,88,98"
74,06:54,1,1,서울역,6,"40,50,60,70,80,90"
74,06:54,10,10,인천공항,7,"20,49,59,69,79,89,99"
74,06:54,2,2,수서,11,"1,11,15,21,31,41,51,61,71,81,91"
74,06:54,3,3,삼성,11,"2,12,19,22,32,42,52,62,72,82,92"
74,06:54,4,4,여의도,10,"13,23,25,33,43,53,63,73,83,93"
74,06:54,5,5,김포공항,10,"4,14,24,34,44,54,64,74,84,94"
74,06:54,6,6,일산,2,"75,95"
74,06:54,7,7,판교,15,"5,6,16,26,35,36,45,46,55,56,65,66,76,86,96"
74,06:54,8,8,동탄/용인,10,"7,17,27,37,47,57,67,77,87,97"
74,06:54,9,9,평택,11,"3,8,18,28,38,48,58,68,78,88,98"
75,06:55,1,1,서울역,6,"40,50,60,70,80,90"
75,06:55,10,10,인천공항,6,"49,59,69,79,89,99"
75,06:55,2,2,수서,11,"1,11,15,21,31,41,51,61,71,81,91"
75,06:55,3,3,삼성,11,"2,12,19,22,32,42,52,62,72,82,92"
75,06:55,4,4,여의도,10,"13,23,25,33,43,53,63,73,83,93"
75,06:55,5,5,김포공항,10,"4,14,24,34,44,54,64,74,84,94"
75,06:55,6,6,일산,2,"75,95"
75,06:55,7,7,판교,15,"5,6,16,26,35,36,45,46,55,56,65,66,76,86,96"
75,06:55,8,8,동탄/용인,10,"7,17,27,37,47,57,67,77,87,97"
75,06:55,9,9,평택,11,"3,8,18,28,38,48,58,68,78,88,98"
76,06:56,1,1,서울역,6,"40,50,60,70,80,90"
76,06:56,10,10,인천공항,6,"49,59,69,79,89,99"
76,06:56,2,2,수서,11,"1,11,15,21,31,41,51,61,71,81,91"
76,06:56,3,3,삼성,11,"2,12,19,22,32,42,52,62,72,82,92"
76,06:56,4,4,여의도,9,"23,25,33,43,53,63,73,83,93"
76,06:56,5,5,김포공항,10,"4,14,24,34,44,54,64,74,84,94"
76,06:56,6,6,일산,1,75
76,06:56,7,7,판교,15,"5,6,16,26,35,36,45,46,55,56,65,66,76,86,96"
76,06:56,8,8,동탄/용인,10,"7,17,27,37,47,57,67,77,87,97"
76,06:56,9,9,평택,11,"3,8,18,28,38,48,58,68,78,88,98"
77,06:57,1,1,서울역,6,"40,50,60,70,80,90"
77,06:57,10,10,인천공항,5,"59,69,79,89,99"
77,06:57,2,2,수서,11,"1,11,15,21,31,41,51,61,71,81,91"
77,06:57,3,3,삼성,11,"2,12,19,22,32,42,52,62,72,82,92"
77,06:57,4,4,여의도,9,"23,25,33,43,53,63,73,83,93"
77,06:57,5,5,김포공항,10,"4,14,24,34,44,54,64,74,84,94"
77,06:57,6,6,일산,1,75
77,06:57,7,7,판교,15,"5,6,16,26,35,36,45,46,55,56,65,66,76,86,96"
77,06:57,8,8,동탄/용인,9,"7,17,37,47,57,67,77,87,97"
77,06:57,9,9,평택,11,"3,8,18,28,38,48,58,68,78,88,98"
78,06:58,1,1,서울역,6,"40,50,60,70,80,90"
78,06:58,10,10,인천공항,5,"59,69,79,89,99"
78,06:58,2,2,수서,11,"1,11,15,21,31,41,51,61,71,81,91"
78,06:58,3,3,삼성,12,"0,2,12,19,22,32,42,52,62,72,82,92"
78,06:58,4,4,여의도,9,"23,25,33,43,53,63,73,83,93"
78,06:58,5,5,김포공항,10,"4,14,24,34,44,54,64,74,84,94"
78,06:58,6,6,일산,1,75
78,06:58,7,7,판교,16,"5,6,16,26,35,36,45,46,55,56,65,66,76,85,86,96"
78,06:58,8,8,동탄/용인,9,"7,17,37,47,57,67,77,87,97"
78,06:58,9,9,평택,11,"3,8,18,28,38,48,58,68,78,88,98"
79,06:59,1,1,서울역,6,"40,50,60,70,80,90"
79,06:59,10,10,인천공항,5,"59,69,79,89,99"
79,06:59,2,2,수서,11,"1,11,15,21,31,41,51,61,71,81,91"
79,06:59,3,3,삼성,12,"0,2,12,19,22,32,42,52,62,72,82,92"
79,06:59,4,4,여의도,9,"23,25,33,43,53,63,73,83,93"
79,06:59,5,5,김포공항,10,"4,14,24,34,44,54,64,74,84,94"
79,06:59,6,6,일산,1,75
79,06:59,7,7,판교,16,"5,6,16,26,35,36,45,46,55,56,65,66,76,85,86,96"
79,06:59,8,8,동탄/용인,9,"7,17,37,47,57,67,77,87,97"
79,06:59,9,9,평택,11,"3,8,18,28,38,48,58,68,78,88,98"
80,07:00,1,1,서울역,6,"40,50,60,70,80,90"
80,07:00,10,10,인천공항,5,"59,69,79,89,99"
80,07:00,2,2,수서,11,"1,11,15,21,31,41,51,61,71,81,91"
80,07:00,3,3,삼성,12,"0,2,12,19,22,32,42,52,62,72,82,92"
80,07:00,4,4,여의도,9,"23,25,33,43,53,63,73,83,93"
80,07:00,5,5,김포공항,10,"4,14,24,34,44,54,64,74,84,94"
80,07:00,6,6,일산,1,75
80,07:00,7,7,판교,16,"5,6,16,26,35,36,45,46,55,56,65,66,76,85,86,96"
80,07:00,8,8,동탄/용인,9,"7,17,37,47,57,67,77,87,97"
80,07:00,9,9,평택,11,"3,8,18,28,38,48,58,68,78,88,98"
81,07:01,1,1,서울역,6,"40,50,60,70,80,90"
81,07:01,10,10,인천공항,6,"30,59,69,79,89,99"
81,07:01,2,2,수서,11,"1,11,15,21,31,41,51,61,71,81,91"
81,07:01,3,3,삼성,12,"0,2,12,19,22,32,42,52,62,72,82,92"
81,07:01,4,4,여의도,9,"23,25,33,43,53,63,73,83,93"
81,07:01,5,5,김포공항,9,"4,14,34,44,54,64,74,84,94"
81,07:01,6,6,일산,1,75
81,07:01,7,7,판교,16,"5,6,16,26,35,36,45,46,55,56,65,66,76,85,86,96"
81,07:01,8,8,동탄/용인,9,"7,17,37,47,57,67,77,87,97"
81,07:01,9,9,평택,11,"3,8,18,28,38,48,58,68,78,88,98"
82,07:02,1,1,서울역,6,"40,50,60,70,80,90"
82,07:02,10,10,인천공항,6,"30,59,69,79,89,99"
82,07:02,2,2,수서,11,"1,11,15,21,31,41,51,61,71,81,91"
82,07:02,3,3,삼성,12,"0,2,12,19,22,32,42,52,62,72,82,92"
82,07:02,4,4,여의도,9,"23,25,33,43,53,63,73,83,93"
82,07:02,5,5,김포공항,9,"4,14,34,44,54,64,74,84,94"
82,07:02,6,6,일산,1,75
82,07:02,7,7,판교,16,"5,6,16,26,35,36,45,46,55,56,65,66,76,85,86,96"
82,07:02,8,8,동탄/용인,9,"7,17,37,47,57,67,77,87,97"
82,07:02,9,9,평택,12,"3,8,9,18,28,38,48,58,68,78,88,98"
83,07:03,1,1,서울역,6,"40,50,60,70,80,90"
83,07:03,10,10,인천공항,6,"30,59,69,79,89,99"
83,07:03,2,2,수서,11,"1,11,15,21,31,41,51,61,71,81,91"
83,07:03,3,3,삼성,12,"0,2,12,19,22,32,42,52,62,72,82,92"
83,07:03,4,4,여의도,9,"23,25,33,43,53,63,73,83,93"
83,07:03,5,5,김포공항,9,"4,14,34,44,54,64,74,84,94"
83,07:03,6,6,일산,1,75
83,07:03,7,7,판교,16,"5,6,16,26,35,36,45,46,55,56,65,66,76,85,86,96"
83,07:03,8,8,동탄/용인,9,"7,17,37,47,57,67,77,87,97"
83,07:03,9,9,평택,12,"3,8,9,18,28,38,48,58,68,78,88,98"
84,07:04,1,1,서울역,6,"40,50,60,70,80,90"
84,07:04,10,10,인천공항,6,"30,59,69,79,89,99"
84,07:04,2,2,수서,11,"1,11,15,21,31,41,51,61,71,81,91"
84,07:04,3,3,삼성,13,"0,2,12,19,22,29,32,42,52,62,72,82,92"
84,07:04,4,4,여의도,9,"23,25,33,43,53,63,73,83,93"
84,07:04,5,5,김포공항,8,"4,34,44,54,64,74,84,94"
84,07:04,6,6,일산,1,75
84,07:04,7,7,판교,16,"5,6,16,26,35,36,45,46,55,56,65,66,76,85,86,96"
84,07:04,8,8,동탄/용인,9,"7,17,37,47,57,67,77,87,97"
84,07:04,9,9,평택,12,"3,8,9,18,28,38,48,58,68,78,88,98"
85,07:05,1,1,서울역,6,"40,50,60,70,80,90"
85,07:05,10,10,인천공항,6,"30,59,69,79,89,99"
85,07:05,2,2,수서,11,"1,11,15,21,31,41,51,61,71,81,91"
85,07:05,3,3,삼성,13,"0,2,12,19,22,29,32,42,52,62,72,82,92"
85,07:05,4,4,여의도,9,"23,25,33,43,53,63,73,83,93"
85,07:05,5,5,김포공항,7,"34,44,54,64,74,84,94"
85,07:05,6,6,일산,1,75
85,07:05,7,7,판교,16,"5,6,16,26,35,36,45,46,55,56,65,66,76,85,86,96"
85,07:05,8,8,동탄/용인,8,"7,37,47,57,67,77,87,97"
85,07:05,9,9,평택,12,"3,8,9,18,28,38,48,58,68,78,88,98"
86,07:06,1,1,서울역,6,"40,50,60,70,80,90"
86,07:06,10,10,인천공항,6,"30,59,69,79,89,99"
86,07:06,2,2,수서,11,"1,11,15,21,31,41,51,61,71,81,91"
86,07:06,3,3,삼성,14,"0,2,12,19,22,29,32,39,42,52,62,72,82,92"
86,07:06,4,4,여의도,10,"10,23,25,33,43,53,63,73,83,93"
86,07:06,5,5,김포공항,7,"34,44,54,64,74,84,94"
86,07:06,6,6,일산,1,75
86,07:06,7,7,판교,16,"5,6,16,26,35,36,45,46,55,56,65,66,76,85,86,96"
86,07:06,8,8,동탄/용인,8,"7,37,47,57,67,77,87,97"
86,07:06,9,9,평택,12,"3,8,9,18,28,38,48,58,68,78,88,98"
87,07:07,1,1,서울역,6,"40,50,60,70,80,90"
87,07:07,10,10,인천공항,6,"30,59,69,79,89,99"
87,07:07,2,2,수서,11,"1,11,15,21,31,41,51,61,71,81,91"
87,07:07,3,3,삼성,14,"0,2,12,19,22,29,32,39,42,52,62,72,82,92"
87,07:07,4,4,여의도,11,"10,20,23,25,33,43,53,63,73,83,93"
87,07:07,5,5,김포공항,7,"34,44,54,64,74,84,94"
87,07:07,6,6,일산,1,75
87,07:07,7,7,판교,16,"5,6,16,26,35,36,45,46,55,56,65,66,76,85,86,96"
87,07:07,8,8,동탄/용인,8,"7,37,47,57,67,77,87,97"
87,07:07,9,9,평택,12,"3,8,9,18,28,38,48,58,68,78,88,98"
88,07:08,1,1,서울역,6,"40,50,60,70,80,90"
88,07:08,10,10,인천공항,6,"30,59,69,79,89,99"
88,07:08,2,2,수서,11,"1,11,15,21,31,41,51,61,71,81,91"
88,07:08,3,3,삼성,14,"0,2,12,19,22,29,32,39,42,52,62,72,82,92"
88,07:08,4,4,여의도,12,"10,20,23,25,27,33,43,53,63,73,83,93"
88,07:08,5,5,김포공항,7,"34,44,54,64,74,84,94"
88,07:08,6,6,일산,2,"24,75"
88,07:08,7,7,판교,17,"5,6,16,26,35,36,45,46,55,56,65,66,76,85,86,95,96"
88,07:08,8,8,동탄/용인,8,"7,37,47,57,67,77,87,97"
88,07:08,9,9,평택,12,"3,8,9,18,28,38,48,58,68,78,88,98"
89,07:09,1,1,서울역,6,"40,50,60,70,80,90"
89,07:09,10,10,인천공항,6,"30,59,69,79,89,99"
89,07:09,2,2,수서,11,"1,11,15,21,31,41,51,61,71,81,91"
89,07:09,3,3,삼성,14,"0,2,12,19,22,29,32,39,42,52,62,72,82,92"
89,07:09,4,4,여의도,12,"10,20,23,25,27,33,43,53,63,73,83,93"
89,07:09,5,5,김포공항,7,"34,44,54,64,74,84,94"
89,07:09,6,6,일산,2,"24,75"
89,07:09,7,7,판교,17,"5,6,16,26,35,36,45,46,55,56,65,66,76,85,86,95,96"
89,07:09,8,8,동탄/용인,8,"7,37,47,57,67,77,87,97"
89,07:09,9,9,평택,12,"3,8,9,18,28,38,48,58,68,78,88,98"
90,07:10,1,1,서울역,6,"40,50,60,70,80,90"
90,07:10,10,10,인천공항,5,"30,69,79,89,99"
90,07:10,2,2,수서,11,"1,11,15,21,31,41,51,61,71,81,91"
90,07:10,3,3,삼성,14,"0,2,12,19,22,29,32,39,42,52,62,72,82,92"
90,07:10,4,4,여의도,12,"10,20,23,25,27,33,43,53,63,73,83,93"
90,07:10,5,5,김포공항,7,"34,44,54,64,74,84,94"
90,07:10,6,6,일산,2,"24,75"
90,07:10,7,7,판교,17,"5,6,16,26,35,36,45,46,55,56,65,66,76,85,86,95,96"
90,07:10,8,8,동탄/용인,8,"7,37,47,57,67,77,87,97"
90,07:10,9,9,평택,12,"3,8,9,18,28,38,48,58,68,78,88,98"
91,07:11,1,1,서울역,6,"40,50,60,70,80,90"
91,07:11,10,10,인천공항,5,"30,69,79,89,99"
91,07:11,2,2,수서,11,"1,11,15,21,31,41,51,61,71,81,91"
91,07:11,3,3,삼성,14,"0,2,12,19,22,29,32,39,42,52,62,72,82,92"
91,07:11,4,4,여의도,12,"10,20,23,25,27,33,43,53,63,73,83,93"
91,07:11,5,5,김포공항,7,"34,44,54,64,74,84,94"
91,07:11,6,6,일산,2,"24,75"
91,07:11,7,7,판교,17,"5,6,16,26,35,36,45,46,55,56,65,66,76,85,86,95,96"
91,07:11,8,8,동탄/용인,8,"7,37,47,57,67,77,87,97"
91,07:11,9,9,평택,13,"3,8,9,13,18,28,38,48,58,68,78,88,98"
92,07:12,1,1,서울역,6,"40,50,60,70,80,90"
92,07:12,10,10,인천공항,5,"30,69,79,89,99"
92,07:12,2,2,수서,11,"1,11,15,21,31,41,51,61,71,81,91"
92,07:12,3,3,삼성,15,"0,2,12,19,22,29,32,39,42,49,52,62,72,82,92"
92,07:12,4,4,여의도,12,"10,20,23,25,27,33,43,53,63,73,83,93"
92,07:12,5,5,김포공항,7,"34,44,54,64,74,84,94"
92,07:12,6,6,일산,2,"24,75"
92,07:12,7,7,판교,17,"5,6,16,26,35,36,45,46,55,56,65,66,76,85,86,95,96"
92,07:12,8,8,동탄/용인,8,"7,37,47,57,67,77,87,97"
92,07:12,9,9,평택,13,"3,8,9,13,18,28,38,48,58,68,78,88,98"
93,07:13,1,1,서울역,7,"4,40,50,60,70,80,90"
93,07:13,10,10,인천공항,5,"30,69,79,89,99"
93,07:13,2,2,수서,10,"1,15,21,31,41,51,61,71,81,91"
93,07:13,3,3,삼성,15,"0,2,12,19,22,29,32,39,42,49,52,62,72,82,92"
93,07:13,4,4,여의도,12,"10,20,23,25,27,33,43,53,63,73,83,93"
93,07:13,5,5,김포공항,7,"34,44,54,64,74,84,94"
93,07:13,6,6,일산,2,"24,75"
93,07:13,7,7,판교,16,"6,16,26,35,36,45,46,55,56,65,66,76,85,86,95,96"
93,07:13,8,8,동탄/용인,7,"7,47,57,67,77,87,97"
93,07:13,9,9,평택,13,"3,8,9,13,18,28,38,48,58,68,78,88,98"
94,07:14,1,1,서울역,7,"4,40,50,60,70,80,90"
94,07:14,10,10,인천공항,5,"30,69,79,89,99"
94,07:14,2,2,수서,9,"1,21,31,41,51,61,71,81,91"
94,07:14,3,3,삼성,15,"0,2,12,19,22,29,32,39,42,49,52,62,72,82,92"
94,07:14,4,4,여의도,12,"10,20,23,25,27,33,43,53,63,73,83,93"
94,07:14,5,5,김포공항,7,"34,44,54,64,74,84,94"
94,07:14,6,6,일산,1,75
94,07:14,7,7,판교,17,"6,14,16,26,35,36,45,46,55,56,65,66,76,85,86,95,96"
94,07:14,8,8,동탄/용인,7,"7,47,57,67,77,87,97"
94,07:14,9,9,평택,13,"3,8,9,13,18,28,38,48,58,68,78,88,98"
95,07:15,1,1,서울역,7,"4,40,50,60,70,80,90"
95,07:15,10,10,인천공항,5,"30,69,79,89,99"
95,07:15,2,2,수서,10,"1,17,21,31,41,51,61,71,81,91"
95,07:15,3,3,삼성,15,"0,2,12,19,22,29,32,39,42,49,52,62,72,82,92"
95,07:15,4,4,여의도,12,"10,20,23,25,27,33,43,53,63,73,83,93"
95,07:15,5,5,김포공항,7,"34,44,54,64,74,84,94"
95,07:15,6,6,일산,1,75
95,07:15,7,7,판교,17,"6,14,16,26,35,36,45,46,55,56,65,66,76,85,86,95,96"
95,07:15,8,8,동탄/용인,7,"7,47,57,67,77,87,97"
95,07:15,9,9,평택,13,"3,8,9,13,18,28,38,48,58,68,78,88,98"
96,07:16,1,1,서울역,7,"4,40,50,60,70,80,90"
96,07:16,10,10,인천공항,5,"30,69,79,89,99"
96,07:16,2,2,수서,9,"1,17,21,41,51,61,71,81,91"
96,07:16,3,3,삼성,15,"0,2,12,19,22,29,32,39,42,49,52,62,72,82,92"
96,07:16,4,4,여의도,12,"10,20,23,25,27,33,43,53,63,73,83,93"
96,07:16,5,5,김포공항,7,"34,44,54,64,74,84,94"
96,07:16,6,6,일산,1,75
96,07:16,7,7,판교,17,"6,14,16,26,35,36,45,46,55,56,65,66,76,85,86,95,96"
96,07:16,8,8,동탄/용인,7,"7,47,57,67,77,87,97"
96,07:16,9,9,평택,13,"3,8,9,13,18,28,38,48,58,68,78,88,98"
97,07:17,1,1,서울역,7,"4,40,50,60,70,80,90"
97,07:17,10,10,인천공항,4,"30,79,89,99"
97,07:17,2,2,수서,9,"1,17,21,41,51,61,71,81,91"
97,07:17,3,3,삼성,15,"0,2,12,19,22,29,32,39,42,49,52,62,72,82,92"
97,07:17,4,4,여의도,12,"10,20,23,25,27,33,43,53,63,73,83,93"
97,07:17,5,5,김포공항,7,"34,44,54,64,74,84,94"
97,07:17,6,6,일산,1,75
97,07:17,7,7,판교,17,"6,14,16,26,35,36,45,46,55,56,65,66,76,85,86,95,96"
97,07:17,8,8,동탄/용인,7,"7,47,57,67,77,87,97"
97,07:17,9,9,평택,13,"3,8,9,13,18,28,38,48,58,68,78,88,98"
98,07:18,1,1,서울역,7,"4,40,50,60,70,80,90"
98,07:18,10,10,인천공항,4,"30,79,89,99"
98,07:18,2,2,수서,9,"1,17,21,41,51,61,71,81,91"
98,07:18,3,3,삼성,15,"0,2,12,19,22,29,32,39,42,49,52,62,72,82,92"
98,07:18,4,4,여의도,12,"10,20,23,25,27,33,43,53,63,73,83,93"
98,07:18,5,5,김포공항,7,"34,44,54,64,74,84,94"
98,07:18,6,6,일산,1,75
98,07:18,7,7,판교,17,"6,14,16,26,35,36,45,46,55,56,65,66,76,85,86,95,96"
98,07:18,8,8,동탄/용인,7,"7,47,57,67,77,87,97"
98,07:18,9,9,평택,13,"3,8,9,13,18,28,38,48,58,68,78,88,98"
99,07:19,1,1,서울역,7,"4,40,50,60,70,80,90"
99,07:19,10,10,인천공항,4,"30,79,89,99"
99,07:19,2,2,수서,9,"1,17,21,41,51,61,71,81,91"
99,07:19,3,3,삼성,15,"0,2,12,19,22,29,32,39,42,49,52,62,72,82,92"
99,07:19,4,4,여의도,13,"10,11,20,23,25,27,33,43,53,63,73,83,93"
99,07:19,5,5,김포공항,7,"34,44,54,64,74,84,94"
99,07:19,6,6,일산,1,75
99,07:19,7,7,판교,17,"6,14,16,26,35,36,45,46,55,56,65,66,76,85,86,95,96"
99,07:19,8,8,동탄/용인,7,"7,47,57,67,77,87,97"
99,07:19,9,9,평택,13,"3,8,9,13,18,28,38,48,58,68,78,88,98"
100,07:20,1,1,서울역,8,"4,5,40,50,60,70,80,90"
100,07:20,10,10,인천공항,4,"30,79,89,99"
100,07:20,2,2,수서,9,"1,17,21,41,51,61,71,81,91"
100,07:20,3,3,삼성,15,"0,2,12,19,22,29,32,39,42,49,52,62,72,82,92"
100,07:20,4,4,여의도,14,"10,11,15,20,23,25,27,33,43,53,63,73,83,93"
100,07:20,5,5,김포공항,7,"34,44,54,64,74,84,94"
100,07:20,7,7,판교,17,"6,14,16,26,35,36,45,46,55,56,65,66,76,85,86,95,96"
100,07:20,8,8,동탄/용인,7,"7,47,57,67,77,87,97"
100,07:20,9,9,평택,13,"3,8,9,13,18,28,38,48,58,68,78,88,98"
101,07:21,1,1,서울역,7,"5,40,50,60,70,80,90"
101,07:21,10,10,인천공항,4,"30,79,89,99"
101,07:21,2,2,수서,9,"1,17,21,41,51,61,71,81,91"
101,07:21,3,3,삼성,15,"0,2,12,19,22,29,32,39,42,49,52,62,72,82,92"
101,07:21,4,4,여의도,14,"10,11,15,20,23,25,27,33,43,53,63,73,83,93"
101,07:21,5,5,김포공항,7,"34,44,54,64,74,84,94"
101,07:21,7,7,판교,17,"6,14,16,26,35,36,45,46,55,56,65,66,76,85,86,95,96"
101,07:21,8,8,동탄/용인,6,"7,57,67,77,87,97"
101,07:21,9,9,평택,13,"3,8,9,13,18,28,38,48,58,68,78,88,98"
102,07:22,1,1,서울역,7,"5,40,50,60,70,80,90"
102,07:22,10,10,인천공항,4,"30,79,89,99"
102,07:22,2,2,수서,9,"1,17,21,41,51,61,71,81,91"
102,07:22,3,3,삼성,15,"0,2,12,19,22,29,32,39,42,49,52,62,72,82,92"
102,07:22,4,4,여의도,14,"10,11,15,20,23,25,27,33,43,53,63,73,83,93"
102,07:22,5,5,김포공항,7,"34,44,54,64,74,84,94"
102,07:22,7,7,판교,17,"6,14,16,26,35,36,45,46,55,56,65,66,76,85,86,95,96"
102,07:22,8,8,동탄/용인,6,"7,57,67,77,87,97"
102,07:22,9,9,평택,13,"3,8,9,13,18,28,38,48,58,68,78,88,98"
103,07:23,1,1,서울역,6,"40,50,60,70,80,90"
103,07:23,10,10,인천공항,4,"30,79,89,99"
103,07:23,2,2,수서,10,"1,17,21,37,41,51,61,71,81,91"
103,07:23,3,3,삼성,15,"0,2,12,19,22,29,32,39,42,49,52,62,72,82,92"
103,07:23,4,4,여의도,14,"10,11,15,20,23,25,27,33,43,53,63,73,83,93"
103,07:23,5,5,김포공항,7,"34,44,54,64,74,84,94"
103,07:23,7,7,판교,16,"6,14,16,26,35,36,46,55,56,65,66,76,85,86,95,96"
103,07:23,8,8,동탄/용인,6,"7,57,67,77,87,97"
103,07:23,9,9,평택,13,"3,8,9,13,18,28,38,48,58,68,78,88,98"
104,07:24,1,1,서울역,6,"40,50,60,70,80,90"
104,07:24,10,10,인천공항,4,"30,79,89,99"
104,07:24,2,2,수서,9,"1,21,37,41,51,61,71,81,91"
104,07:24,3,3,삼성,16,"0,2,12,19,22,24,29,32,39,42,49,52,62,72,82,92"
104,07:24,4,4,여의도,14,"10,11,15,20,23,25,27,33,43,53,63,73,83,93"
104,07:24,5,5,김포공항,7,"34,44,54,64,74,84,94"
104,07:24,7,7,판교,16,"6,14,16,26,35,36,46,55,56,65,66,76,85,86,95,96"
104,07:24,8,8,동탄/용인,6,"7,57,67,77,87,97"
104,07:24,9,9,평택,13,"3,8,9,13,18,28,38,48,58,68,78,88,98"
105,07:25,1,1,서울역,6,"40,50,60,70,80,90"
105,07:25,10,10,인천공항,4,"30,79,89,99"
105,07:25,2,2,수서,9,"1,21,37,41,51,61,71,81,91"
105,07:25,3,3,삼성,16,"0,2,12,19,22,24,29,32,39,42,49,52,62,72,82,92"
105,07:25,4,4,여의도,14,"10,11,15,20,23,25,27,33,43,53,63,73,83,93"
105,07:25,5,5,김포공항,7,"34,44,54,64,74,84,94"
105,07:25,7,7,판교,16,"6,14,16,26,35,36,46,55,56,65,66,76,85,86,95,96"
105,07:25,8,8,동탄/용인,6,"7,57,67,77,87,97"
105,07:25,9,9,평택,13,"3,8,9,13,18,28,38,48,58,68,78,88,98"
106,07:26,1,1,서울역,6,"40,50,60,70,80,90"
106,07:26,10,10,인천공항,4,"30,79,89,99"
106,07:26,2,2,수서,9,"1,21,37,41,51,61,71,81,91"
106,07:26,3,3,삼성,16,"0,2,12,19,22,24,29,32,39,42,49,52,62,72,82,92"
106,07:26,4,4,여의도,14,"10,11,15,20,23,25,27,33,43,53,63,73,83,93"
106,07:26,5,5,김포공항,7,"34,44,54,64,74,84,94"
106,07:26,7,7,판교,16,"6,14,16,26,35,36,46,55,56,65,66,76,85,86,95,96"
106,07:26,8,8,동탄/용인,5,"57,67,77,87,97"
106,07:26,9,9,평택,13,"3,8,9,13,18,28,38,48,58,68,78,88,98"
107,07:27,1,1,서울역,7,"40,50,60,70,75,80,90"
107,07:27,10,10,인천공항,3,"30,89,99"
107,07:27,2,2,수서,9,"1,21,37,41,51,61,71,81,91"
107,07:27,3,3,삼성,16,"0,2,12,19,22,24,29,32,39,42,49,52,62,72,82,92"
107,07:27,4,4,여의도,14,"10,11,15,20,23,25,27,33,43,53,63,73,83,93"
107,07:27,5,5,김포공항,7,"34,44,54,64,74,84,94"
107,07:27,6,6,일산,1,31
107,07:27,7,7,판교,16,"6,14,16,26,35,36,46,55,56,65,66,76,85,86,95,96"
107,07:27,8,8,동탄/용인,5,"57,67,77,87,97"
107,07:27,9,9,평택,13,"3,8,9,13,18,28,38,48,58,68,78,88,98"
108,07:28,1,1,서울역,7,"40,50,60,70,75,80,90"
108,07:28,10,10,인천공항,3,"30,89,99"
108,07:28,2,2,수서,9,"1,21,37,41,51,61,71,81,91"
108,07:28,3,3,삼성,16,"0,2,12,19,22,24,29,32,39,42,49,52,62,72,82,92"
108,07:28,4,4,여의도,14,"10,11,15,20,23,25,27,33,43,53,63,73,83,93"
108,07:28,5,5,김포공항,7,"34,44,54,64,74,84,94"
108,07:28,6,6,일산,2,"4,31"
108,07:28,7,7,판교,16,"6,14,16,26,35,36,46,55,56,65,66,76,85,86,95,96"
108,07:28,8,8,동탄/용인,5,"57,67,77,87,97"
108,07:28,9,9,평택,13,"3,8,9,13,18,28,38,48,58,68,78,88,98"
109,07:29,1,1,서울역,7,"40,50,60,70,75,80,90"
109,07:29,10,10,인천공항,3,"30,89,99"
109,07:29,2,2,수서,9,"1,21,37,41,51,61,71,81,91"
109,07:29,3,3,삼성,16,"0,2,12,19,22,24,29,32,39,42,49,52,62,72,82,92"
109,07:29,4,4,여의도,14,"10,11,15,20,23,25,27,33,43,53,63,73,83,93"
109,07:29,5,5,김포공항,7,"34,44,54,64,74,84,94"
109,07:29,6,6,일산,2,"4,31"
109,07:29,7,7,판교,16,"6,14,16,26,35,36,46,55,56,65,66,76,85,86,95,96"
109,07:29,8,8,동탄/용인,5,"57,67,77,87,97"
109,07:29,9,9,평택,14,"3,8,9,13,18,28,38,48,58,59,68,78,88,98"
110,07:30,1,1,서울역,7,"40,50,60,70,75,80,90"
110,07:30,10,10,인천공항,3,"30,89,99"
110,07:30,2,2,수서,9,"1,21,37,41,51,61,71,81,91"
110,07:30,3,3,삼성,16,"0,2,12,19,22,24,29,32,39,42,49,52,62,72,82,92"
110,07:30,4,4,여의도,15,"10,11,15,17,20,23,25,27,33,43,53,63,73,83,93"
110,07:30,5,5,김포공항,7,"34,44,54,64,74,84,94"
110,07:30,6,6,일산,3,"4,5,31"
110,07:30,7,7,판교,16,"6,14,16,26,35,36,46,55,56,65,66,76,85,86,95,96"
110,07:30,8,8,동탄/용인,5,"57,67,77,87,97"
110,07:30,9,9,평택,14,"3,8,9,13,18,28,38,48,58,59,68,78,88,98"
111,07:31,1,1,서울역,7,"40,50,60,70,75,80,90"
111,07:31,10,10,인천공항,3,"30,89,99"
111,07:31,2,2,수서,9,"21,37,41,47,51,61,71,81,91"
111,07:31,3,3,삼성,16,"0,2,12,19,22,24,29,32,39,42,49,52,62,72,82,92"
111,07:31,4,4,여의도,15,"10,11,15,17,20,23,25,27,33,43,53,63,73,83,93"
111,07:31,5,5,김포공항,7,"34,44,54,64,74,84,94"
111,07:31,6,6,일산,2,"5,31"
111,07:31,7,7,판교,16,"6,14,16,26,35,36,46,55,56,65,66,76,85,86,95,96"
111,07:31,8,8,동탄/용인,5,"57,67,77,87,97"
111,07:31,9,9,평택,14,"3,8,9,13,18,28,38,48,58,59,68,78,88,98"
112,07:32,1,1,서울역,7,"40,50,60,70,75,80,90"
112,07:32,10,10,인천공항,3,"30,89,99"
112,07:32,2,2,수서,9,"21,37,41,47,51,61,71,81,91"
112,07:32,3,3,삼성,16,"0,2,12,19,22,24,29,32,39,42,49,52,62,72,82,92"
112,07:32,4,4,여의도,15,"10,11,15,17,20,23,25,27,33,43,53,63,73,83,93"
112,07:32,5,5,김포공항,7,"34,44,54,64,74,84,94"
112,07:32,6,6,일산,2,"5,31"
112,07:32,7,7,판교,16,"6,14,16,26,35,36,46,55,56,65,66,76,85,86,95,96"
112,07:32,8,8,동탄/용인,5,"57,67,77,87,97"
112,07:32,9,9,평택,14,"3,8,9,13,18,28,38,48,58,59,68,78,88,98"
113,07:33,1,1,서울역,7,"40,50,60,70,75,80,90"
113,07:33,10,10,인천공항,3,"30,89,99"
113,07:33,2,2,수서,9,"21,37,41,47,51,61,71,81,91"
113,07:33,3,3,삼성,16,"0,2,12,19,22,24,29,32,39,42,49,52,62,72,82,92"
113,07:33,4,4,여의도,15,"10,11,15,17,20,23,25,27,33,43,53,63,73,83,93"
113,07:33,5,5,김포공항,7,"34,44,54,64,74,84,94"
113,07:33,6,6,일산,2,"5,31"
113,07:33,7,7,판교,16,"6,14,16,26,35,36,46,55,56,65,66,76,85,86,95,96"
113,07:33,8,8,동탄/용인,5,"57,67,77,87,97"
113,07:33,9,9,평택,14,"3,8,9,13,18,28,38,48,58,59,68,78,88,98"
114,07:34,1,1,서울역,7,"40,50,60,70,75,80,90"
114,07:34,10,10,인천공항,2,"30,99"
114,07:34,2,2,수서,9,"21,37,41,47,51,61,71,81,91"
114,07:34,3,3,삼성,16,"0,2,12,19,22,24,29,32,39,42,49,52,62,72,82,92"
114,07:34,4,4,여의도,15,"10,11,15,17,20,23,25,27,33,43,53,63,73,83,93"
114,07:34,5,5,김포공항,6,"44,54,64,74,84,94"
114,07:34,6,6,일산,2,"5,31"
114,07:34,7,7,판교,15,"6,16,26,35,36,46,55,56,65,66,76,85,86,95,96"
114,07:34,8,8,동탄/용인,5,"57,67,77,87,97"
114,07:34,9,9,평택,14,"3,8,9,13,18,28,38,48,58,59,68,78,88,98"
115,07:35,1,1,서울역,7,"40,50,60,70,75,80,90"
115,07:35,10,10,인천공항,2,"30,99"
115,07:35,2,2,수서,9,"21,37,41,47,51,61,71,81,91"
115,07:35,3,3,삼성,16,"0,2,12,19,22,24,29,32,39,42,49,52,62,72,82,92"
115,07:35,4,4,여의도,15,"10,11,15,17,20,23,25,27,33,43,53,63,73,83,93"
115,07:35,5,5,김포공항,6,"44,54,64,74,84,94"
115,07:35,6,6,일산,3,"5,31,45"
115,07:35,7,7,판교,15,"6,16,26,35,36,46,55,56,65,66,76,85,86,95,96"
115,07:35,8,8,동탄/용인,4,"67,77,87,97"
115,07:35,9,9,평택,14,"3,8,9,13,18,28,38,48,58,59,68,78,88,98"
116,07:36,1,1,서울역,7,"40,50,60,70,75,80,90"
116,07:36,10,10,인천공항,2,"30,99"
116,07:36,2,2,수서,10,"7,21,37,41,47,51,61,71,81,91"
116,07:36,3,3,삼성,16,"0,2,12,19,22,24,29,32,39,42,49,52,62,72,82,92"
116,07:36,4,4,여의도,15,"10,11,15,17,20,23,25,27,33,43,53,63,73,83,93"
116,07:36,5,5,김포공항,6,"44,54,64,74,84,94"
116,07:36,6,6,일산,2,"31,45"
116,07:36,7,7,판교,15,"6,16,26,35,36,46,55,56,65,66,76,85,86,95,96"
116,07:36,8,8,동탄/용인,3,"77,87,97"
116,07:36,9,9,평택,15,"3,8,9,13,18,28,38,48,58,59,68,69,78,88,98"
117,07:37,1,1,서울역,7,"40,50,60,70,75,80,90"
117,07:37,10,10,인천공항,2,"30,99"
117,07:37,2,2,수서,10,"7,21,37,41,47,51,61,71,81,91"
117,07:37,3,3,삼성,16,"0,2,12,19,22,24,29,32,39,42,49,52,62,72,82,92"
117,07:37,4,4,여의도,16,"1,10,11,15,17,20,23,25,27,33,43,53,63,73,83,93"
117,07:37,5,5,김포공항,6,"44,54,64,74,84,94"
117,07:37,6,6,일산,2,"31,45"
117,07:37,7,7,판교,15,"6,16,26,35,36,46,55,56,65,66,76,85,86,95,96"
117,07:37,8,8,동탄/용인,3,"77,87,97"
117,07:37,9,9,평택,15,"3,8,9,13,18,28,38,48,58,59,68,69,78,88,98"
118,07:38,1,1,서울역,8,"4,40,50,60,70,75,80,90"
118,07:38,10,10,인천공항,2,"30,99"
118,07:38,2,2,수서,10,"7,21,37,41,47,51,61,71,81,91"
118,07:38,3,3,삼성,16,"0,2,12,19,22,24,29,32,39,42,49,52,62,72,82,92"
118,07:38,4,4,여의도,16,"1,10,11,15,17,20,23,25,27,33,43,53,63,73,83,93"
118,07:38,5,5,김포공항,6,"44,54,64,74,84,94"
118,07:38,6,6,일산,2,"31,45"
118,07:38,7,7,판교,15,"6,16,26,35,36,46,55,56,65,66,76,85,86,95,96"
118,07:38,8,8,동탄/용인,3,"77,87,97"
118,07:38,9,9,평택,15,"3,8,9,13,18,28,38,48,58,59,68,69,78,88,98"
119,07:39,1,1,서울역,8,"4,40,50,60,70,75,80,90"
119,07:39,10,10,인천공항,2,"30,99"
119,07:39,2,2,수서,10,"7,21,37,41,47,51,61,71,81,91"
119,07:39,3,3,삼성,15,"2,12,19,22,24,29,32,39,42,49,52,62,72,82,92"
119,07:39,4,4,여의도,16,"1,10,11,15,17,20,23,25,27,33,43,53,63,73,83,93"
119,07:39,5,5,김포공항,6,"44,54,64,74,84,94"
119,07:39,6,6,일산,2,"31,45"
119,07:39,7,7,판교,15,"6,16,26,35,36,46,55,56,65,66,76,85,86,95,96"
119,07:39,8,8,동탄/용인,3,"77,87,97"
119,07:39,9,9,평택,15,"3,8,9,13,18,28,38,48,58,59,68,69,78,88,98"
120,07:40,1,1,서울역,8,"4,40,50,60,70,75,80,90"
120,07:40,10,10,인천공항,2,"30,99"
120,07:40,2,2,수서,10,"7,21,37,41,47,51,61,71,81,91"
120,07:40,3,3,삼성,14,"12,19,22,24,29,32,39,42,49,52,62,72,82,92"
120,07:40,4,4,여의도,16,"1,10,11,15,17,20,23,25,27,33,43,53,63,73,83,93"
120,07:40,5,5,김포공항,6,"44,54,64,74,84,94"
120,07:40,6,6,일산,2,"31,45"
120,07:40,7,7,판교,15,"6,16,26,35,36,46,55,56,65,66,76,85,86,95,96"
120,07:40,8,8,동탄/용인,3,"77,87,97"
120,07:40,9,9,평택,15,"3,8,9,13,18,28,38,48,58,59,68,69,78,88,98"
121,07:41,1,1,서울역,8,"4,40,50,60,70,75,80,90"
121,07:41,10,10,인천공항,2,"30,99"
121,07:41,2,2,수서,10,"7,21,37,41,47,51,61,71,81,91"
121,07:41,3,3,삼성,14,"12,19,22,24,29,32,39,42,49,52,62,72,82,92"
121,07:41,4,4,여의도,17,"1,10,11,14,15,17,20,23,25,27,33,43,53,63,73,83,93"
121,07:41,5,5,김포공항,6,"44,54,64,74,84,94"
121,07:41,6,6,일산,2,"31,45"
121,07:41,7,7,판교,15,"6,16,26,35,36,46,55,56,65,66,76,85,86,95,96"
121,07:41,8,8,동탄/용인,3,"77,87,97"
121,07:41,9,9,평택,15,"3,8,9,13,18,28,38,48,58,59,68,69,78,88,98"
122,07:42,1,1,서울역,8,"4,40,50,60,70,75,80,90"
122,07:42,10,10,인천공항,2,"30,99"
122,07:42,2,2,수서,10,"7,21,37,41,47,51,61,71,81,91"
122,07:42,3,3,삼성,14,"12,19,22,24,29,32,39,42,49,52,62,72,82,92"
122,07:42,4,4,여의도,16,"1,10,11,14,15,20,23,25,27,33,43,53,63,73,83,93"
122,07:42,5,5,김포공항,6,"44,54,64,74,84,94"
122,07:42,6,6,일산,2,"31,45"
122,07:42,7,7,판교,14,"6,26,35,36,46,55,56,65,66,76,85,86,95,96"
122,07:42,8,8,동탄/용인,3,"77,87,97"
122,07:42,9,9,평택,15,"3,8,9,13,18,28,38,48,58,59,68,69,78,88,98"
123,07:43,1,1,서울역,9,"4,5,40,50,60,70,75,80,90"
123,07:43,10,10,인천공항,2,"30,99"
123,07:43,2,2,수서,10,"7,21,37,41,47,51,61,71,81,91"
123,07:43,3,3,삼성,14,"12,19,22,24,29,32,39,42,49,52,62,72,82,92"
123,07:43,4,4,여의도,16,"1,10,11,14,15,20,23,25,27,33,43,53,63,73,83,93"
123,07:43,5,5,김포공항,6,"44,54,64,74,84,94"
123,07:43,6,6,일산,2,"31,45"
123,07:43,7,7,판교,14,"6,26,35,36,46,55,56,65,66,76,85,86,95,96"
123,07:43,8,8,동탄/용인,3,"77,87,97"
123,07:43,9,9,평택,15,"3,8,9,13,18,28,38,48,58,59,68,69,78,88,98"
124,07:44,1,1,서울역,9,"4,5,40,50,60,70,75,80,90"
124,07:44,10,10,인천공항,2,"30,99"
124,07:44,2,2,수서,10,"7,21,37,41,47,51,61,71,81,91"
124,07:44,3,3,삼성,14,"12,19,22,24,29,32,39,42,49,52,62,72,82,92"
124,07:44,4,4,여의도,16,"1,10,11,14,15,20,23,25,27,33,43,53,63,73,83,93"
124,07:44,5,5,김포공항,6,"44,54,64,74,84,94"
124,07:44,6,6,일산,1,31
124,07:44,7,7,판교,15,"6,26,34,35,36,46,55,56,65,66,76,85,86,95,96"
124,07:44,8,8,동탄/용인,3,"77,87,97"
124,07:44,9,9,평택,15,"3,8,9,13,18,28,38,48,58,59,68,69,78,88,98"
125,07:45,1,1,서울역,9,"4,5,40,50,60,70,75,80,90"
125,07:45,10,10,인천공항,2,"30,99"
125,07:45,2,2,수서,11,"7,21,37,41,47,51,57,61,71,81,91"
125,07:45,3,3,삼성,13,"12,19,22,24,32,39,42,49,52,62,72,82,92"
125,07:45,4,4,여의도,16,"1,10,11,14,15,20,23,25,27,33,43,53,63,73,83,93"
125,07:45,5,5,김포공항,6,"44,54,64,74,84,94"
125,07:45,6,6,일산,1,31
125,07:45,7,7,판교,15,"6,26,34,35,36,46,55,56,65,66,76,85,86,95,96"
125,07:45,8,8,동탄/용인,3,"77,87,97"
125,07:45,9,9,평택,14,"8,9,13,18,28,38,48,58,59,68,69,78,88,98"
126,07:46,1,1,서울역,9,"4,5,40,50,60,70,75,80,90"
126,07:46,10,10,인천공항,2,"30,99"
126,07:46,2,2,수서,12,"7,21,37,41,47,51,57,61,67,71,81,91"
126,07:46,3,3,삼성,13,"12,19,22,24,32,39,42,49,52,62,72,82,92"
126,07:46,4,4,여의도,16,"1,10,11,14,15,20,23,25,27,33,43,53,63,73,83,93"
126,07:46,5,5,김포공항,6,"44,54,64,74,84,94"
126,07:46,7,7,판교,14,"6,34,35,36,46,55,56,65,66,76,85,86,95,96"
126,07:46,8,8,동탄/용인,3,"77,87,97"
126,07:46,9,9,평택,14,"9,13,18,28,38,48,58,59,68,69,78,79,88,98"
127,07:47,1,1,서울역,9,"4,5,40,50,60,70,75,80,90"
127,07:47,10,10,인천공항,2,"30,99"
127,07:47,2,2,수서,12,"7,21,37,41,47,51,57,61,67,71,81,91"
127,07:47,3,3,삼성,13,"12,19,22,24,32,39,42,49,52,62,72,82,92"
127,07:47,4,4,여의도,16,"1,10,11,14,15,20,23,25,27,33,43,53,63,73,83,93"
127,07:47,5,5,김포공항,6,"44,54,64,74,84,94"
127,07:47,7,7,판교,14,"6,34,35,36,46,55,56,65,66,76,85,86,95,96"
127,07:47,8,8,동탄/용인,3,"77,87,97"
127,07:47,9,9,평택,14,"9,13,18,28,38,48,58,59,68,69,78,79,88,98"
128,07:48,1,1,서울역,9,"4,5,40,50,60,70,75,80,90"
128,07:48,10,10,인천공항,2,"30,99"
128,07:48,2,2,수서,12,"7,21,37,41,47,51,57,61,67,71,81,91"
128,07:48,3,3,삼성,13,"12,19,22,24,32,39,42,49,52,62,72,82,92"
128,07:48,4,4,여의도,16,"1,10,11,14,15,20,23,25,27,33,43,53,63,73,83,93"
128,07:48,5,5,김포공항,6,"44,54,64,74,84,94"
128,07:48,7,7,판교,13,"6,34,36,46,55,56,65,66,76,85,86,95,96"
128,07:48,8,8,동탄/용인,3,"77,87,97"
128,07:48,9,9,평택,14,"9,13,18,28,38,48,58,59,68,69,78,79,88,98"
129,07:49,1,1,서울역,9,"4,5,40,50,60,70,75,80,90"
129,07:49,10,10,인천공항,2,"30,99"
129,07:49,2,2,수서,12,"7,21,37,41,47,51,57,61,67,71,81,91"
129,07:49,3,3,삼성,13,"12,19,22,24,32,39,42,49,52,62,72,82,92"
129,07:49,4,4,여의도,17,"1,10,11,14,15,16,20,23,25,27,33,43,53,63,73,83,93"
129,07:49,5,5,김포공항,6,"44,54,64,74,84,94"
129,07:49,6,6,일산,1,17
129,07:49,7,7,판교,13,"6,34,36,46,55,56,65,66,76,85,86,95,96"
129,07:49,8,8,동탄/용인,4,"0,77,87,97"
129,07:49,9,9,평택,14,"9,13,18,28,38,48,58,59,68,69,78,79,88,98"
130,07:50,1,1,서울역,9,"4,5,40,50,60,70,75,80,90"
130,07:50,10,10,인천공항,2,"30,99"
130,07:50,2,2,수서,12,"7,21,37,41,47,51,57,61,67,71,81,91"
130,07:50,3,3,삼성,13,"12,19,22,24,32,39,42,49,52,62,72,82,92"
130,07:50,4,4,여의도,17,"1,10,11,14,15,16,20,23,25,27,33,43,53,63,73,83,93"
130,07:50,5,5,김포공항,6,"44,54,64,74,84,94"
130,07:50,6,6,일산,1,17
130,07:50,7,7,판교,12,"6,36,46,55,56,65,66,76,85,86,95,96"
130,07:50,8,8,동탄/용인,5,"0,2,77,87,97"
130,07:50,9,9,평택,14,"9,13,18,28,38,48,58,59,68,69,78,79,88,98"
131,07:51,1,1,서울역,10,"4,5,40,45,50,60,70,75,80,90"
131,07:51,10,10,인천공항,2,"30,99"
131,07:51,2,2,수서,12,"7,21,37,41,47,51,57,61,67,71,81,91"
131,07:51,3,3,삼성,13,"12,19,22,24,32,39,42,49,52,62,72,82,92"
131,07:51,4,4,여의도,17,"1,10,11,14,15,16,20,23,25,27,33,43,53,63,73,83,93"
131,07:51,5,5,김포공항,6,"44,54,64,74,84,94"
131,07:51,6,6,일산,1,17
131,07:51,7,7,판교,12,"6,36,46,55,56,65,66,76,85,86,95,96"
131,07:51,8,8,동탄/용인,5,"0,2,77,87,97"
131,07:51,9,9,평택,14,"9,13,18,28,38,48,58,59,68,69,78,79,88,98"
132,07:52,1,1,서울역,10,"4,5,40,45,50,60,70,75,80,90"
132,07:52,10,10,인천공항,2,"30,99"
132,07:52,2,2,수서,11,"21,37,41,47,51,57,61,67,71,81,91"
132,07:52,3,3,삼성,13,"12,19,22,24,32,39,42,49,52,62,72,82,92"
132,07:52,4,4,여의도,17,"1,10,11,14,15,16,20,23,25,27,33,43,53,63,73,83,93"
132,07:52,5,5,김포공항,6,"44,54,64,74,84,94"
132,07:52,6,6,일산,1,17
132,07:52,7,7,판교,11,"36,46,55,56,65,66,76,85,86,95,96"
132,07:52,8,8,동탄/용인,4,"0,2,87,97"
132,07:52,9,9,평택,14,"9,13,18,28,38,48,58,59,68,69,78,79,88,98"
133,07:53,1,1,서울역,11,"4,5,31,40,45,50,60,70,75,80,90"
133,07:53,10,10,인천공항,2,"30,99"
133,07:53,2,2,수서,11,"21,37,41,47,51,57,61,67,71,81,91"
133,07:53,3,3,삼성,13,"12,19,22,24,32,39,42,49,52,62,72,82,92"
133,07:53,4,4,여의도,18,"1,10,11,14,15,16,20,23,25,26,27,33,43,53,63,73,83,93"
133,07:53,5,5,김포공항,6,"44,54,64,74,84,94"
133,07:53,6,6,일산,1,17
133,07:53,7,7,판교,11,"36,46,55,56,65,66,76,85,86,95,96"
133,07:53,8,8,동탄/용인,4,"0,2,87,97"
133,07:53,9,9,평택,15,"9,13,18,28,38,48,58,59,68,69,78,79,88,89,98"
134,07:54,1,1,서울역,11,"4,5,31,40,45,50,60,70,75,80,90"
134,07:54,10,10,인천공항,2,"30,99"
134,07:54,2,2,수서,11,"21,37,41,47,51,57,61,67,71,81,91"
134,07:54,3,3,삼성,13,"12,19,22,24,32,39,42,49,52,62,72,82,92"
134,07:54,4,4,여의도,18,"1,10,11,14,15,16,20,23,25,26,27,33,43,53,63,73,83,93"
134,07:54,5,5,김포공항,6,"44,54,64,74,84,94"
134,07:54,6,6,일산,1,17
134,07:54,7,7,판교,11,"36,46,55,56,65,66,76,85,86,95,96"
134,07:54,8,8,동탄/용인,4,"0,2,87,97"
134,07:54,9,9,평택,15,"9,13,18,28,38,48,58,59,68,69,78,79,88,89,98"
135,07:55,1,1,서울역,11,"4,5,31,40,45,50,60,70,75,80,90"
135,07:55,10,10,인천공항,2,"30,99"
135,07:55,2,2,수서,11,"21,37,41,47,51,57,61,67,71,81,91"
135,07:55,3,3,삼성,13,"12,19,22,24,32,39,42,49,52,62,72,82,92"
135,07:55,4,4,여의도,19,"1,10,11,14,15,16,20,23,25,26,27,33,35,43,53,63,73,83,93"
135,07:55,5,5,김포공항,6,"44,54,64,74,84,94"
135,07:55,7,7,판교,11,"36,46,55,56,65,66,76,85,86,95,96"
135,07:55,8,8,동탄/용인,4,"0,2,29,87"
135,07:55,9,9,평택,15,"9,13,18,28,38,48,58,59,68,69,78,79,88,89,98"
136,07:56,1,1,서울역,11,"4,5,31,40,45,50,60,70,75,80,90"
136,07:56,10,10,인천공항,2,"30,99"
136,07:56,2,2,수서,11,"21,37,41,47,51,57,61,67,71,81,91"
136,07:56,3,3,삼성,13,"12,19,22,24,32,39,42,49,52,62,72,82,92"
136,07:56,4,4,여의도,19,"1,10,11,14,15,16,20,23,25,26,27,33,35,43,53,63,73,83,93"
136,07:56,5,5,김포공항,6,"44,54,64,74,84,94"
136,07:56,7,7,판교,11,"36,46,55,56,65,66,76,85,86,95,96"
136,07:56,8,8,동탄/용인,4,"0,2,29,87"
136,07:56,9,9,평택,15,"9,13,18,28,38,48,58,59,68,69,78,79,88,89,98"
137,07:57,1,1,서울역,11,"4,5,31,40,45,50,60,70,75,80,90"
137,07:57,10,10,인천공항,2,"30,99"
137,07:57,2,2,수서,10,"21,37,41,47,57,61,67,71,81,91"
137,07:57,3,3,삼성,13,"12,19,22,24,32,39,42,49,52,62,72,82,92"
137,07:57,4,4,여의도,20,"1,10,11,14,15,16,20,23,25,26,27,33,34,35,43,53,63,73,83,93"
137,07:57,5,5,김포공항,6,"44,54,64,74,84,94"
137,07:57,7,7,판교,11,"36,46,55,56,65,66,76,85,86,95,96"
137,07:57,8,8,동탄/용인,4,"0,2,29,87"
137,07:57,9,9,평택,15,"9,13,18,28,38,48,58,59,68,69,78,79,88,89,98"
138,07:58,1,1,서울역,11,"4,5,31,40,45,50,60,70,75,80,90"
138,07:58,10,10,인천공항,2,"30,99"
138,07:58,2,2,수서,10,"21,37,41,47,57,61,67,71,81,91"
138,07:58,3,3,삼성,13,"12,19,22,24,32,39,42,49,52,62,72,82,92"
138,07:58,4,4,여의도,21,"1,7,10,11,14,15,16,20,23,25,26,27,33,34,35,43,53,63,73,83,93"
138,07:58,5,5,김포공항,5,"44,54,64,84,94"
138,07:58,7,7,판교,11,"36,46,55,56,65,66,76,85,86,95,96"
138,07:58,8,8,동탄/용인,4,"0,2,29,87"
138,07:58,9,9,평택,15,"9,13,18,28,38,48,58,59,68,69,78,79,88,89,98"
139,07:59,1,1,서울역,12,"4,5,6,31,40,45,50,60,70,75,80,90"
139,07:59,10,10,인천공항,2,"30,99"
139,07:59,2,2,수서,10,"21,37,41,47,57,61,67,71,81,91"
139,07:59,3,3,삼성,13,"12,19,22,24,32,39,42,49,52,62,72,82,92"
139,07:59,4,4,여의도,21,"1,7,10,11,14,15,16,20,23,25,26,27,33,34,35,43,53,63,73,83,93"
139,07:59,5,5,김포공항,5,"44,54,64,84,94"
139,07:59,7,7,판교,11,"36,46,55,56,65,66,76,85,86,95,96"
139,07:59,8,8,동탄/용인,4,"0,2,29,87"
139,07:59,9,9,평택,15,"9,13,18,28,38,48,58,59,68,69,78,79,88,89,98"
140,08:00,1,1,서울역,10,"4,6,31,40,50,60,70,75,80,90"
140,08:00,10,10,인천공항,2,"30,99"
140,08:00,2,2,수서,10,"21,37,41,47,57,61,67,71,81,91"
140,08:00,3,3,삼성,13,"12,19,22,24,32,39,42,49,52,62,72,82,92"
140,08:00,4,4,여의도,20,"7,10,11,14,15,16,20,23,25,26,27,33,34,35,43,53,63,73,83,93"
140,08:00,5,5,김포공항,5,"44,54,64,84,94"
140,08:00,7,7,판교,11,"36,46,55,56,65,66,76,85,86,95,96"
140,08:00,8,8,동탄/용인,4,"0,2,29,87"
140,08:00,9,9,평택,14,"9,13,18,28,48,58,59,68,69,78,79,88,89,98"
141,08:01,1,1,서울역,10,"4,6,31,40,50,60,70,75,80,90"
141,08:01,10,10,인천공항,2,"30,99"
141,08:01,2,2,수서,10,"21,37,41,47,57,61,67,71,81,91"
141,08:01,3,3,삼성,13,"12,19,22,24,32,39,42,49,52,62,72,82,92"
141,08:01,4,4,여의도,20,"7,10,11,14,15,16,20,23,25,26,27,33,34,35,43,53,63,73,83,93"
141,08:01,5,5,김포공항,5,"44,54,64,84,94"
141,08:01,7,7,판교,11,"36,46,55,56,65,66,76,85,86,95,96"
141,08:01,8,8,동탄/용인,4,"0,2,29,87"
141,08:01,9,9,평택,14,"9,13,18,28,48,58,59,68,69,78,79,88,89,98"
142,08:02,1,1,서울역,10,"4,6,31,40,50,60,70,75,80,90"
142,08:02,10,10,인천공항,2,"30,99"
142,08:02,2,2,수서,11,"21,37,41,47,57,61,67,71,77,81,91"
142,08:02,3,3,삼성,13,"12,19,22,24,32,39,42,49,52,62,72,82,92"
142,08:02,4,4,여의도,19,"7,10,11,14,15,16,20,23,26,27,33,34,35,43,53,63,73,83,93"
142,08:02,5,5,김포공항,5,"44,54,64,84,94"
142,08:02,7,7,판교,11,"36,46,55,56,65,66,76,85,86,95,96"
142,08:02,8,8,동탄/용인,4,"0,2,29,87"
142,08:02,9,9,평택,14,"9,13,18,28,48,58,59,68,69,78,79,88,89,98"
143,08:03,1,1,서울역,9,"6,31,40,50,60,70,75,80,90"
143,08:03,10,10,인천공항,2,"30,99"
143,08:03,2,2,수서,10,"37,41,47,57,61,67,71,77,81,91"
143,08:03,3,3,삼성,13,"12,19,22,24,32,39,42,49,52,62,72,82,92"
143,08:03,4,4,여의도,19,"7,10,11,14,15,16,20,23,26,27,33,34,35,43,53,63,73,83,93"
143,08:03,5,5,김포공항,5,"44,54,64,84,94"
143,08:03,7,7,판교,11,"36,46,55,56,65,66,76,85,86,95,96"
143,08:03,8,8,동탄/용인,3,"0,29,87"
143,08:03,9,9,평택,14,"9,13,18,28,48,58,59,68,69,78,79,88,89,98"
144,08:04,1,1,서울역,9,"6,31,40,50,60,70,75,80,90"
144,08:04,10,10,인천공항,2,"30,99"
144,08:04,2,2,수서,10,"37,41,47,57,61,67,71,77,81,91"
144,08:04,3,3,삼성,13,"12,19,22,24,32,39,42,49,52,62,72,82,92"
144,08:04,4,4,여의도,18,"7,11,14,15,16,20,23,26,27,33,34,35,43,53,63,73,83,93"
144,08:04,5,5,김포공항,5,"44,54,64,84,94"
144,08:04,7,7,판교,11,"36,46,55,56,65,66,76,85,86,95,96"
144,08:04,8,8,동탄/용인,3,"0,29,87"
144,08:04,9,9,평택,14,"9,13,18,28,48,58,59,68,69,78,79,88,89,98"
145,08:05,1,1,서울역,9,"6,31,40,50,60,70,75,80,90"
145,08:05,10,10,인천공항,2,"30,99"
145,08:05,2,2,수서,10,"37,41,47,57,61,67,71,77,81,91"
145,08:05,3,3,삼성,12,"12,19,22,24,32,39,42,49,52,62,82,92"
145,08:05,4,4,여의도,18,"7,11,14,15,16,20,23,26,27,33,34,35,43,53,63,73,83,93"
145,08:05,5,5,김포공항,6,"44,51,54,64,84,94"
145,08:05,6,6,일산,1,3
145,08:05,7,7,판교,11,"36,46,55,56,65,66,76,85,86,95,96"
145,08:05,8,8,동탄/용인,3,"0,29,87"
145,08:05,9,9,평택,14,"9,13,18,28,48,58,59,68,69,78,79,88,89,98"
146,08:06,1,1,서울역,9,"6,31,40,50,60,70,75,80,90"
146,08:06,10,10,인천공항,2,"30,99"
146,08:06,2,2,수서,11,"37,41,47,57,61,67,71,74,77,81,91"
146,08:06,3,3,삼성,12,"12,19,22,24,32,39,42,49,52,62,82,92"
146,08:06,4,4,여의도,19,"7,11,14,15,16,20,23,26,27,33,34,35,43,53,63,73,83,93,97"
146,08:06,5,5,김포공항,6,"44,51,54,64,84,94"
146,08:06,6,6,일산,2,"3,8"
146,08:06,7,7,판교,11,"36,46,55,56,65,66,76,85,86,95,96"
146,08:06,8,8,동탄/용인,4,"0,29,38,87"
146,08:06,9,9,평택,12,"9,18,28,58,59,68,69,78,79,88,89,98"
147,08:07,1,1,서울역,8,"6,31,50,60,70,75,80,90"
147,08:07,10,10,인천공항,2,"30,99"
147,08:07,2,2,수서,11,"37,41,47,57,61,67,71,74,77,81,91"
147,08:07,3,3,삼성,10,"19,22,24,32,39,42,49,52,62,92"
147,08:07,4,4,여의도,19,"7,11,14,15,16,20,23,26,27,33,34,35,43,53,63,73,83,93,97"
147,08:07,5,5,김포공항,6,"44,51,54,64,84,94"
147,08:07,6,6,일산,5,"1,3,5,8,45"
147,08:07,7,7,판교,10,"17,36,46,56,66,76,85,86,95,96"
147,08:07,8,8,동탄/용인,4,"0,29,38,87"
147,08:07,9,9,평택,11,"9,18,28,58,68,69,78,79,88,89,98"
148,08:08,1,1,서울역,8,"6,31,50,60,70,75,80,90"
148,08:08,10,10,인천공항,2,"30,99"
148,08:08,2,2,수서,10,"41,47,57,61,67,71,74,77,81,91"
148,08:08,3,3,삼성,10,"19,22,24,32,39,42,49,52,62,92"
148,08:08,4,4,여의도,19,"7,11,14,15,16,20,23,26,27,33,34,35,43,53,63,73,83,93,97"
148,08:08,5,5,김포공항,6,"44,51,54,64,84,94"
148,08:08,6,6,일산,5,"1,3,5,8,45"
148,08:08,7,7,판교,9,"17,36,46,56,76,85,86,95,96"
148,08:08,8,8,동탄/용인,3,"29,38,87"
148,08:08,9,9,평택,11,"9,18,28,58,68,69,78,79,88,89,98"
149,08:09,1,1,서울역,8,"6,31,50,60,70,75,80,90"
149,08:09,10,10,인천공항,2,"30,99"
149,08:09,2,2,수서,10,"41,47,57,61,67,71,74,77,81,91"
149,08:09,3,3,삼성,9,"19,22,24,32,39,42,49,52,62"
149,08:09,4,4,여의도,18,"7,14,15,16,20,21,23,27,33,34,35,43,53,63,73,83,93,97"
149,08:09,5,5,김포공항,5,"51,54,64,84,94"
149,08:09,6,6,일산,6,"1,3,5,8,25,45"
149,08:09,7,7,판교,9,"17,36,46,56,76,85,86,95,96"
149,08:09,8,8,동탄/용인,2,"29,87"
149,08:09,9,9,평택,11,"9,18,28,58,68,69,78,79,88,89,98"
150,08:10,1,1,서울역,8,"6,31,50,60,70,75,80,90"
150,08:10,10,10,인천공항,2,"30,99"
150,08:10,2,2,수서,10,"41,47,57,61,67,71,74,77,81,91"
150,08:10,3,3,삼성,9,"19,22,24,32,39,42,49,52,62"
150,08:10,4,4,여의도,18,"7,14,15,16,20,21,23,27,33,34,35,43,53,63,73,83,93,97"
150,08:10,5,5,김포공항,4,"51,54,84,94"
150,08:10,6,6,일산,4,"3,4,8,25"
150,08:10,7,7,판교,9,"17,36,46,56,76,85,86,95,96"
150,08:10,8,8,동탄/용인,2,"29,87"
150,08:10,9,9,평택,11,"9,18,28,58,68,69,78,79,88,89,98"
151,08:11,1,1,서울역,8,"6,31,50,60,70,75,80,90"
151,08:11,10,10,인천공항,2,"30,99"
151,08:11,2,2,수서,10,"41,47,57,61,67,71,74,77,81,91"
151,08:11,3,3,삼성,9,"19,22,24,32,39,42,49,52,62"
151,08:11,4,4,여의도,18,"7,14,15,16,20,21,23,27,33,34,35,43,53,63,73,83,93,97"
151,08:11,5,5,김포공항,4,"51,54,84,94"
151,08:11,6,6,일산,5,"3,4,8,10,25"
151,08:11,7,7,판교,9,"17,36,46,56,76,85,86,95,96"
151,08:11,8,8,동탄/용인,2,"29,87"
151,08:11,9,9,평택,10,"9,18,28,68,69,78,79,88,89,98"
152,08:12,1,1,서울역,8,"6,31,50,60,70,75,80,90"
152,08:12,10,10,인천공항,2,"30,99"
152,08:12,2,2,수서,9,"47,57,61,67,71,74,77,81,91"
152,08:12,3,3,삼성,8,"22,24,32,39,42,49,52,62"
152,08:12,4,4,여의도,18,"7,14,15,16,20,21,23,27,33,34,35,43,53,63,73,83,93,97"
152,08:12,5,5,김포공항,4,"51,54,84,94"
152,08:12,6,6,일산,5,"3,4,8,10,25"
152,08:12,7,7,판교,8,"17,36,46,76,85,86,95,96"
152,08:12,8,8,동탄/용인,3,"29,48,87"
152,08:12,9,9,평택,10,"9,18,28,68,69,78,79,88,89,98"
153,08:13,1,1,서울역,8,"6,31,50,60,70,75,80,90"
153,08:13,10,10,인천공항,2,"30,99"
153,08:13,2,2,수서,8,"47,57,61,67,74,77,81,91"
153,08:13,3,3,삼성,9,"2,22,24,32,39,42,49,52,62"
153,08:13,4,4,여의도,18,"7,14,15,16,20,21,23,27,33,34,35,43,53,63,73,83,93,97"
153,08:13,5,5,김포공항,5,"51,54,72,84,94"
153,08:13,6,6,일산,5,"3,4,8,10,25"
153,08:13,7,7,판교,8,"17,36,46,76,85,86,95,96"
153,08:13,8,8,동탄/용인,3,"29,48,87"
153,08:13,9,9,평택,10,"9,18,28,68,69,78,79,88,89,98"
154,08:14,1,1,서울역,9,"6,31,50,55,60,70,75,80,90"
154,08:14,10,10,인천공항,2,"30,99"
154,08:14,2,2,수서,8,"47,57,61,67,74,77,81,91"
154,08:14,3,3,삼성,9,"2,22,24,32,39,42,49,52,62"
154,08:14,4,4,여의도,21,"7,12,14,15,16,20,21,23,27,33,34,35,37,43,53,63,65,73,83,93,97"
154,08:14,5,5,김포공항,4,"51,54,72,94"
154,08:14,6,6,일산,5,"4,8,10,25,40"
154,08:14,7,7,판교,8,"17,36,46,76,85,86,95,96"
154,08:14,8,8,동탄/용인,2,"29,48"
154,08:14,9,9,평택,10,"9,18,28,68,69,78,79,88,89,98"
155,08:15,1,1,서울역,9,"6,31,50,55,60,70,75,80,90"
155,08:15,10,10,인천공항,2,"30,99"
155,08:15,2,2,수서,8,"47,57,61,67,74,77,81,91"
155,08:15,3,3,삼성,9,"2,22,24,32,39,42,49,52,62"
155,08:15,4,4,여의도,22,"7,12,14,15,16,20,21,23,27,33,34,35,37,43,53,63,65,66,73,83,93,97"
155,08:15,5,5,김포공항,4,"51,54,72,94"
155,08:15,6,6,일산,3,"4,10,40"
155,08:15,7,7,판교,8,"17,36,46,76,85,86,95,96"
155,08:15,8,8,동탄/용인,2,"29,48"
155,08:15,9,9,평택,10,"9,18,28,68,69,78,79,88,89,98"
156,08:16,1,1,서울역,9,"6,31,50,55,60,70,75,80,90"
156,08:16,10,10,인천공항,2,"30,99"
156,08:16,2,2,수서,8,"47,57,61,67,74,77,81,91"
156,08:16,3,3,삼성,8,"2,24,32,42,49,52,62,71"
156,08:16,4,4,여의도,22,"7,12,14,15,16,20,21,23,27,33,34,35,37,43,53,63,65,66,73,83,93,97"
156,08:16,5,5,김포공항,3,"54,72,94"
156,08:16,6,6,일산,5,"4,10,11,26,40"
156,08:16,7,7,판교,9,"17,36,38,46,76,85,86,95,96"
156,08:16,8,8,동탄/용인,2,"29,48"
156,08:16,9,9,평택,10,"9,18,28,68,69,78,79,88,89,98"
157,08:17,1,1,서울역,12,"1,5,6,31,45,50,55,60,70,75,80,90"
157,08:17,10,10,인천공항,2,"30,99"
157,08:17,2,2,수서,7,"47,61,67,74,77,81,91"
157,08:17,3,3,삼성,8,"2,24,32,44,49,52,62,71"
157,08:17,4,4,여의도,22,"7,12,14,15,16,20,21,23,27,33,34,35,37,43,53,63,65,66,73,83,93,97"
157,08:17,5,5,김포공항,3,"54,72,94"
157,08:17,6,6,일산,5,"4,10,11,26,40"
157,08:17,7,7,판교,9,"17,36,38,46,76,85,86,95,96"
157,08:17,8,8,동탄/용인,4,"29,48,58,82"
157,08:17,9,9,평택,10,"9,18,28,68,69,78,79,88,89,98"
158,08:18,1,1,서울역,13,"1,5,6,19,31,45,50,55,60,70,75,80,90"
158,08:18,10,10,인천공항,2,"30,99"
158,08:18,2,2,수서,8,"0,47,61,67,74,77,81,91"
158,08:18,3,3,삼성,9,"2,24,32,44,49,52,62,64,71"
158,08:18,4,4,여의도,23,"7,12,14,15,16,20,21,23,27,33,34,35,37,41,43,53,63,65,66,73,83,93,97"
158,08:18,5,5,김포공항,3,"54,72,94"
158,08:18,6,6,일산,3,"11,26,40"
158,08:18,7,7,판교,8,"17,36,38,46,85,86,95,96"
158,08:18,8,8,동탄/용인,3,"29,58,82"
158,08:18,9,9,평택,10,"9,18,28,68,69,78,79,88,89,98"
159,08:19,1,1,서울역,14,"1,5,6,19,31,45,50,55,56,60,70,75,80,90"
159,08:19,10,10,인천공항,2,"30,99"
159,08:19,2,2,수서,8,"0,47,61,67,74,77,81,91"
159,08:19,3,3,삼성,7,"24,32,44,49,52,62,64"
159,08:19,4,4,여의도,23,"7,12,14,15,16,20,21,23,27,33,34,35,37,41,43,53,63,65,66,73,83,93,97"
159,08:19,5,5,김포공항,3,"54,72,94"
159,08:19,6,6,일산,3,"11,26,40"
159,08:19,7,7,판교,7,"17,36,46,85,86,95,96"
159,08:19,8,8,동탄/용인,3,"58,82,92"
159,08:19,9,9,평택,10,"9,18,28,68,69,78,79,88,89,98"
160,08:20,1,1,서울역,12,"1,19,31,45,50,55,56,60,70,75,80,90"
160,08:20,10,10,인천공항,2,"30,99"
160,08:20,2,2,수서,8,"0,47,61,67,74,77,81,91"
160,08:20,3,3,삼성,7,"24,32,44,49,52,62,64"
160,08:20,4,4,여의도,19,"7,20,21,23,27,33,34,35,37,41,43,53,63,65,66,73,83,93,97"
160,08:20,5,5,김포공항,3,"54,72,94"
160,08:20,6,6,일산,2,"11,26"
160,08:20,7,7,판교,7,"17,36,46,85,86,95,96"
160,08:20,8,8,동탄/용인,3,"58,82,92"
160,08:20,9,9,평택,10,"9,18,28,68,69,78,79,88,89,98"
161,08:21,1,1,서울역,12,"1,3,19,31,50,55,56,60,70,75,80,90"
161,08:21,10,10,인천공항,2,"30,99"
161,08:21,2,2,수서,8,"0,47,61,67,74,77,81,91"
161,08:21,3,3,삼성,7,"24,32,44,49,52,62,64"
161,08:21,4,4,여의도,19,"7,20,21,23,27,33,34,35,37,41,43,53,63,65,66,73,83,93,97"
161,08:21,5,5,김포공항,3,"54,72,94"
161,08:21,6,6,일산,2,"11,26"
161,08:21,7,7,판교,6,"36,46,85,86,95,96"
161,08:21,8,8,동탄/용인,3,"58,82,92"
161,08:21,9,9,평택,10,"9,18,28,68,69,78,79,88,89,98"
162,08:22,1,1,서울역,14,"1,3,8,13,19,31,50,55,56,60,70,75,80,90"
162,08:22,10,10,인천공항,2,"30,99"
162,08:22,2,2,수서,8,"0,47,61,67,74,77,81,91"
162,08:22,3,3,삼성,8,"24,32,44,49,52,62,64,84"
162,08:22,4,4,여의도,19,"7,20,21,23,27,33,34,35,37,41,43,53,63,65,66,73,83,93,97"
162,08:22,5,5,김포공항,3,"54,72,94"
162,08:22,6,6,일산,1,26
162,08:22,7,7,판교,6,"36,46,85,86,95,96"
162,08:22,8,8,동탄/용인,3,"58,82,92"
162,08:22,9,9,평택,10,"9,18,28,68,69,78,79,88,89,98"
163,08:23,1,1,서울역,14,"1,3,8,13,19,31,50,55,56,60,70,75,80,90"
163,08:23,10,10,인천공항,2,"30,99"
163,08:23,2,2,수서,8,"0,47,61,67,74,77,81,91"
163,08:23,3,3,삼성,8,"24,32,44,49,52,62,64,84"
163,08:23,4,4,여의도,21,"7,20,21,22,23,27,33,34,35,37,39,41,43,53,63,65,66,73,83,93,97"
163,08:23,5,5,김포공항,2,"54,94"
163,08:23,7,7,판교,5,"36,46,86,95,96"
163,08:23,8,8,동탄/용인,2,"58,92"
163,08:23,9,9,평택,10,"9,18,28,68,69,78,79,88,89,98"
164,08:24,1,1,서울역,15,"1,3,8,13,19,31,50,55,56,57,60,70,75,80,90"
164,08:24,10,10,인천공항,2,"30,99"
164,08:24,2,2,수서,8,"0,47,61,67,74,77,81,91"
164,08:24,3,3,삼성,8,"32,44,49,51,52,64,84,87"
164,08:24,4,4,여의도,22,"7,20,21,22,23,27,33,34,35,37,39,41,42,43,53,63,65,66,73,83,93,97"
164,08:24,5,5,김포공항,2,"54,94"
164,08:24,7,7,판교,3,"36,46,86"
164,08:24,8,8,동탄/용인,2,"58,92"
164,08:24,9,9,평택,10,"9,18,28,68,69,78,79,88,89,98"
165,08:25,1,1,서울역,17,"1,3,8,10,13,19,31,50,55,56,57,60,70,75,76,80,90"
165,08:25,10,10,인천공항,2,"30,99"
165,08:25,2,2,수서,7,"0,47,67,74,77,81,91"
165,08:25,3,3,삼성,8,"25,32,44,51,52,64,84,87"
165,08:25,4,4,여의도,22,"7,20,21,22,23,27,33,34,35,37,39,41,42,43,53,63,65,66,73,83,93,97"
165,08:25,5,5,김포공항,2,"54,94"
165,08:25,7,7,판교,3,"36,46,86"
165,08:25,8,8,동탄/용인,1,92
165,08:25,9,9,평택,10,"9,18,28,68,69,78,79,88,89,98"
166,08:26,1,1,서울역,17,"1,3,8,10,13,19,31,50,55,56,57,60,70,75,76,80,90"
166,08:26,10,10,인천공항,2,"30,99"
166,08:26,2,2,수서,7,"0,47,67,74,77,81,91"
166,08:26,3,3,삼성,6,"25,32,51,64,84,87"
166,08:26,4,4,여의도,23,"7,20,21,22,23,27,33,34,35,37,38,39,41,42,43,53,63,65,66,73,83,93,97"
166,08:26,5,5,김포공항,3,"14,54,94"
166,08:26,7,7,판교,2,"36,46"
166,08:26,8,8,동탄/용인,1,92
166,08:26,9,9,평택,9,"18,28,68,69,78,79,88,89,98"
167,08:27,1,1,서울역,16,"1,8,10,13,19,31,50,55,56,57,60,70,75,76,80,90"
167,08:27,10,10,인천공항,2,"30,99"
167,08:27,2,2,수서,7,"0,47,67,74,77,81,91"
167,08:27,3,3,삼성,6,"25,32,45,51,84,87"
167,08:27,4,4,여의도,23,"7,20,21,22,23,27,33,34,35,37,38,39,41,42,43,53,63,65,66,73,83,93,97"
167,08:27,5,5,김포공항,4,"14,54,71,94"
167,08:27,6,6,일산,5,"5,6,12,16,59"
167,08:27,7,7,판교,3,"15,36,46"
167,08:27,8,8,동탄/용인,1,92
167,08:27,9,9,평택,9,"18,28,68,69,78,79,88,89,98"
168,08:28,1,1,서울역,16,"1,8,10,13,19,31,50,55,56,57,60,70,75,76,80,90"
168,08:28,10,10,인천공항,2,"30,99"
168,08:28,2,2,수서,7,"0,47,67,74,77,81,91"
168,08:28,3,3,삼성,6,"25,32,45,51,84,87"
168,08:28,4,4,여의도,24,"7,17,20,21,22,23,27,33,34,35,37,38,39,41,42,43,53,63,65,66,73,83,93,97"
168,08:28,5,5,김포공항,4,"14,54,71,94"
168,08:28,6,6,일산,5,"5,6,12,16,59"
168,08:28,7,7,판교,3,"15,36,46"
168,08:28,9,9,평택,8,"18,28,68,78,79,88,89,98"
169,08:29,1,1,서울역,17,"1,8,10,11,13,19,31,50,55,56,57,60,70,75,76,80,90"
169,08:29,10,10,인천공항,2,"30,99"
169,08:29,2,2,수서,7,"0,29,47,67,74,81,91"
169,08:29,3,3,삼성,6,"25,32,45,51,84,87"
169,08:29,4,4,여의도,23,"7,17,20,21,22,23,27,33,34,35,37,39,41,42,43,53,63,65,66,73,83,93,97"
169,08:29,5,5,김포공항,2,"54,71"
169,08:29,6,6,일산,5,"5,6,12,16,59"
169,08:29,7,7,판교,3,"15,36,46"
169,08:29,8,8,동탄/용인,1,2
169,08:29,9,9,평택,7,"18,28,78,79,88,89,98"
170,08:30,1,1,서울역,20,"1,8,10,11,13,19,24,31,48,50,55,56,57,60,70,75,76,80,85,90"
170,08:30,10,10,인천공항,2,"30,99"
170,08:30,2,2,수서,7,"0,29,47,67,74,81,91"
170,08:30,3,3,삼성,6,"25,32,45,51,84,87"
170,08:30,4,4,여의도,23,"7,17,20,21,22,23,27,33,34,35,37,39,41,42,43,53,63,65,66,73,83,93,97"
170,08:30,5,5,김포공항,1,71
170,08:30,6,6,일산,3,"6,12,59"
170,08:30,7,7,판교,3,"4,36,46"
170,08:30,8,8,동탄/용인,1,2
170,08:30,9,9,평택,7,"18,28,78,79,88,89,98"
171,08:31,1,1,서울역,20,"1,8,10,11,13,19,24,31,48,50,55,56,57,60,70,75,76,80,85,90"
171,08:31,10,10,인천공항,2,"30,99"
171,08:31,2,2,수서,7,"0,29,47,67,74,81,91"
171,08:31,3,3,삼성,7,"25,32,45,51,72,84,87"
171,08:31,4,4,여의도,25,"17,20,21,22,23,27,33,34,35,37,39,41,42,43,53,62,63,65,66,73,83,93,95,96,97"
171,08:31,5,5,김포공항,1,71
171,08:31,6,6,일산,3,"6,12,59"
171,08:31,7,7,판교,3,"4,36,46"
171,08:31,8,8,동탄/용인,1,2
171,08:31,9,9,평택,7,"18,28,78,79,88,89,98"
172,08:32,1,1,서울역,21,"1,8,11,13,19,24,31,44,48,50,55,56,57,60,61,70,75,76,80,85,90"
172,08:32,10,10,인천공항,2,"30,99"
172,08:32,2,2,수서,7,"0,29,47,67,74,81,91"
172,08:32,3,3,삼성,7,"25,32,45,51,72,84,87"
172,08:32,4,4,여의도,26,"17,20,21,22,23,27,33,34,35,37,39,41,42,43,49,53,62,63,65,66,73,83,93,95,96,97"
172,08:32,5,5,김포공항,1,71
172,08:32,6,6,일산,3,"6,12,59"
172,08:32,7,7,판교,3,"4,40,46"
172,08:32,8,8,동탄/용인,1,2
172,08:32,9,9,평택,7,"18,28,78,79,88,89,98"
173,08:33,1,1,서울역,23,"1,8,11,13,19,24,31,44,48,50,55,56,57,60,61,64,70,75,76,80,85,86,90"
173,08:33,10,10,인천공항,2,"30,99"
173,08:33,2,2,수서,6,"29,47,67,74,81,91"
173,08:33,3,3,삼성,7,"25,26,32,51,72,84,87"
173,08:33,4,4,여의도,27,"17,20,21,22,23,27,33,34,35,37,39,41,42,43,49,52,53,62,63,65,66,73,83,93,95,96,97"
173,08:33,5,5,김포공항,1,71
173,08:33,6,6,일산,2,"12,59"
173,08:33,7,7,판교,2,"4,40"
173,08:33,8,8,동탄/용인,1,2
173,08:33,9,9,평택,7,"18,28,78,79,88,89,98"
174,08:34,1,1,서울역,23,"1,8,11,13,19,24,31,44,48,50,55,56,57,60,61,64,70,75,76,80,85,86,90"
174,08:34,10,10,인천공항,2,"30,99"
174,08:34,2,2,수서,6,"29,47,67,74,81,91"
174,08:34,3,3,삼성,7,"25,26,32,51,72,84,87"
174,08:34,4,4,여의도,28,"17,20,21,22,23,27,33,34,35,37,39,41,42,43,49,52,53,62,63,65,66,73,82,83,93,95,96,97"
174,08:34,5,5,김포공항,1,71
174,08:34,6,6,일산,2,"3,59"
174,08:34,7,7,판교,2,"4,40"
174,08:34,8,8,동탄/용인,2,"2,69"
174,08:34,9,9,평택,7,"18,28,78,79,88,89,98"
175,08:35,1,1,서울역,23,"1,8,11,13,19,24,31,44,48,50,55,56,57,60,61,64,70,75,76,80,85,86,90"
175,08:35,10,10,인천공항,2,"30,99"
175,08:35,2,2,수서,6,"29,47,67,74,81,91"
175,08:35,3,3,삼성,7,"25,26,32,51,72,84,87"
175,08:35,4,4,여의도,28,"17,20,21,22,23,27,33,34,35,37,39,41,42,43,49,52,53,62,63,65,66,73,82,83,93,95,96,97"
175,08:35,5,5,김포공항,1,71
175,08:35,6,6,일산,2,"3,59"
175,08:35,7,7,판교,2,"4,40"
175,08:35,8,8,동탄/용인,3,"2,68,69"
175,08:35,9,9,평택,7,"18,28,78,79,88,89,98"
176,08:36,1,1,서울역,24,"1,8,11,13,19,24,31,44,48,50,55,56,57,60,61,64,70,75,76,77,80,85,86,90"
176,08:36,10,10,인천공항,2,"30,99"
176,08:36,2,2,수서,6,"29,47,67,74,81,91"
176,08:36,3,3,삼성,7,"25,26,32,51,72,84,87"
176,08:36,4,4,여의도,28,"17,20,21,22,23,27,33,34,35,37,39,41,42,43,49,52,53,62,63,65,66,73,82,83,93,95,96,97"
176,08:36,5,5,김포공항,1,71
176,08:36,6,6,일산,2,"3,38"
176,08:36,7,7,판교,2,"4,40"
176,08:36,8,8,동탄/용인,3,"2,68,69"
176,08:36,9,9,평택,7,"18,28,78,79,88,89,98"
177,08:37,1,1,서울역,27,"1,5,8,11,13,15,19,24,31,44,48,50,55,56,57,58,60,61,64,70,75,76,77,80,85,86,90"
177,08:37,10,10,인천공항,2,"30,99"
177,08:37,2,2,수서,6,"14,29,47,67,74,91"
177,08:37,3,3,삼성,7,"25,26,32,72,84,87,94"
177,08:37,4,4,여의도,29,"16,17,20,21,22,23,27,33,34,35,37,39,41,42,43,49,52,53,62,63,65,66,73,82,83,93,95,96,97"
177,08:37,5,5,김포공항,2,"7,71"
177,08:37,6,6,일산,2,"3,38"
177,08:37,7,7,판교,2,"4,40"
177,08:37,8,8,동탄/용인,3,"2,68,69"
177,08:37,9,9,평택,7,"18,28,78,79,88,89,98"
178,08:38,1,1,서울역,27,"1,5,8,11,13,15,19,24,31,44,48,50,55,56,57,58,60,61,64,70,75,76,77,80,85,86,90"
178,08:38,10,10,인천공항,2,"30,99"
178,08:38,2,2,수서,5,"14,47,67,74,91"
178,08:38,3,3,삼성,8,"25,26,32,54,72,84,87,94"
178,08:38,4,4,여의도,29,"16,17,20,21,22,23,27,33,34,35,37,39,41,42,43,49,52,53,62,63,65,66,73,82,83,93,95,96,97"
178,08:38,5,5,김포공항,2,"7,71"
178,08:38,6,6,일산,2,"3,38"
178,08:38,7,7,판교,3,"4,9,40"
178,08:38,8,8,동탄/용인,3,"2,68,69"
178,08:38,9,9,평택,7,"18,28,78,79,88,89,98"
179,08:39,1,1,서울역,27,"1,5,8,11,13,15,19,24,31,44,48,50,55,56,57,58,60,61,64,70,75,76,77,80,85,86,90"
179,08:39,10,10,인천공항,2,"30,99"
179,08:39,2,2,수서,4,"14,67,74,91"
179,08:39,3,3,삼성,6,"26,32,54,72,84,94"
179,08:39,4,4,여의도,32,"0,16,17,20,21,22,23,27,33,34,35,36,37,39,41,42,43,49,52,53,62,63,65,66,73,82,83,92,93,95,96,97"
179,08:39,5,5,김포공항,2,"7,71"
179,08:39,6,6,일산,3,"3,10,38"
179,08:39,7,7,판교,2,"9,40"
179,08:39,8,8,동탄/용인,3,"2,68,69"
179,08:39,9,9,평택,7,"18,28,78,79,88,89,98"
180,08:40,1,1,서울역,24,"5,6,8,11,15,24,31,48,50,55,56,57,58,60,61,64,70,75,76,77,80,85,86,90"
180,08:40,10,10,인천공항,2,"30,99"
180,08:40,2,2,수서,4,"14,67,74,91"
180,08:40,3,3,삼성,5,"26,54,72,84,94"
180,08:40,4,4,여의도,31,"0,17,20,21,23,27,33,34,35,36,37,39,41,42,43,46,49,52,53,62,63,65,66,73,82,83,92,93,95,96,97"
180,08:40,5,5,김포공항,2,"7,71"
180,08:40,6,6,일산,2,"10,38"
180,08:40,7,7,판교,2,"9,40"
180,08:40,8,8,동탄/용인,3,"2,68,69"
180,08:40,9,9,평택,7,"18,28,78,79,88,89,98"
181,08:41,1,1,서울역,24,"5,6,8,12,15,24,31,48,50,55,56,57,58,60,61,64,70,75,76,77,80,85,86,90"
181,08:41,10,10,인천공항,2,"30,99"
181,08:41,2,2,수서,4,"14,67,74,91"
181,08:41,3,3,삼성,5,"26,54,72,84,94"
181,08:41,4,4,여의도,31,"0,17,20,21,23,27,33,34,35,36,37,39,41,42,43,46,49,52,53,62,63,65,66,73,82,83,92,93,95,96,97"
181,08:41,5,5,김포공항,2,"7,71"
181,08:41,6,6,일산,2,"10,38"
181,08:41,7,7,판교,1,9
181,08:41,8,8,동탄/용인,2,"2,69"
181,08:41,9,9,평택,7,"18,28,78,79,88,89,98"
182,08:42,1,1,서울역,24,"5,6,8,12,15,24,31,48,50,55,56,57,58,60,61,64,70,75,76,77,80,85,86,90"
182,08:42,10,10,인천공항,2,"30,99"
182,08:42,2,2,수서,4,"14,67,74,91"
182,08:42,3,3,삼성,4,"54,72,84,94"
182,08:42,4,4,여의도,30,"0,17,20,21,23,27,33,35,36,37,39,41,42,43,46,49,52,53,62,63,65,66,73,82,83,92,93,95,96,97"
182,08:42,5,5,김포공항,1,7
182,08:42,6,6,일산,2,"10,38"
182,08:42,7,7,판교,1,9
182,08:42,8,8,동탄/용인,1,2
182,08:42,9,9,평택,7,"18,28,78,79,88,89,98"
183,08:43,1,1,서울역,24,"5,6,8,12,24,31,48,50,55,56,57,58,59,60,61,64,70,75,76,77,80,85,86,90"
183,08:43,10,10,인천공항,2,"30,99"
183,08:43,2,2,수서,4,"14,67,74,91"
183,08:43,3,3,삼성,4,"54,72,84,94"
183,08:43,4,4,여의도,30,"0,17,20,21,23,27,33,35,36,37,39,41,42,43,46,49,52,53,62,63,65,66,73,82,83,92,93,95,96,97"
183,08:43,5,5,김포공항,1,7
183,08:43,6,6,일산,2,"10,38"
183,08:43,7,7,판교,1,9
183,08:43,8,8,동탄/용인,1,2
183,08:43,9,9,평택,6,"18,28,78,79,88,98"
184,08:44,1,1,서울역,24,"6,8,12,24,31,48,50,55,56,57,58,59,60,61,64,70,75,76,77,80,81,85,86,90"
184,08:44,10,10,인천공항,2,"30,99"
184,08:44,2,2,수서,4,"14,67,74,91"
184,08:44,3,3,삼성,3,"54,84,94"
184,08:44,4,4,여의도,31,"0,17,20,21,23,27,29,35,36,37,39,41,42,43,46,49,51,52,53,62,63,65,66,73,82,83,92,93,95,96,97"
184,08:44,6,6,일산,2,"10,38"
184,08:44,7,7,판교,1,9
184,08:44,8,8,동탄/용인,1,2
184,08:44,9,9,평택,6,"18,28,78,79,88,98"
185,08:45,1,1,서울역,24,"6,8,12,25,31,48,50,55,56,57,58,59,60,61,64,70,75,76,77,80,81,85,86,90"
185,08:45,10,10,인천공항,1,30
185,08:45,2,2,수서,4,"14,67,74,91"
185,08:45,3,3,삼성,3,"54,84,94"
185,08:45,4,4,여의도,31,"0,20,21,23,27,29,35,36,37,39,41,42,43,46,47,49,51,52,53,62,63,65,66,73,82,83,92,93,95,96,97"
185,08:45,6,6,일산,2,"10,38"
185,08:45,7,7,판교,1,9
185,08:45,8,8,동탄/용인,1,2
185,08:45,9,9,평택,5,"18,28,79,88,98"
186,08:46,1,1,서울역,24,"4,8,12,25,31,48,50,55,56,57,58,59,60,61,64,70,75,76,77,80,81,85,86,90"
186,08:46,10,10,인천공항,1,30
186,08:46,2,2,수서,5,"14,22,67,74,91"
186,08:46,3,3,삼성,4,"44,54,84,94"
186,08:46,4,4,여의도,32,"0,20,21,23,27,29,35,36,37,39,41,42,43,46,47,49,51,52,53,62,63,65,66,73,82,83,87,92,93,95,96,97"
186,08:46,5,5,김포공항,1,16
186,08:46,7,7,판교,1,9
186,08:46,8,8,동탄/용인,1,2
186,08:46,9,9,평택,5,"18,28,79,88,98"
187,08:47,1,1,서울역,24,"3,4,8,25,31,48,50,55,56,57,58,59,60,61,64,70,75,76,77,80,81,85,86,90"
187,08:47,10,10,인천공항,1,30
187,08:47,2,2,수서,4,"14,22,67,91"
187,08:47,3,3,삼성,4,"44,54,84,94"
187,08:47,4,4,여의도,32,"0,20,21,23,29,32,35,36,37,39,41,42,43,46,47,49,51,52,53,62,63,65,66,73,82,83,87,92,93,95,96,97"
187,08:47,5,5,김포공항,1,16
187,08:47,6,6,일산,3,"1,13,19"
187,08:47,7,7,판교,1,9
187,08:47,8,8,동탄/용인,1,2
187,08:47,9,9,평택,5,"18,28,79,88,98"
188,08:48,1,1,서울역,23,"3,4,25,31,48,50,55,56,57,58,59,60,61,64,70,75,76,77,80,81,85,86,90"
188,08:48,10,10,인천공항,1,30
188,08:48,2,2,수서,4,"14,22,67,91"
188,08:48,3,3,삼성,4,"44,54,84,94"
188,08:48,4,4,여의도,33,"0,20,21,23,29,32,35,36,37,39,40,41,42,43,46,47,49,51,52,53,62,63,65,66,73,82,83,87,92,93,95,96,97"
188,08:48,5,5,김포공항,1,16
188,08:48,6,6,일산,4,"1,11,13,19"
188,08:48,7,7,판교,1,9
188,08:48,8,8,동탄/용인,1,2
188,08:48,9,9,평택,5,"28,45,79,88,98"
189,08:49,1,1,서울역,23,"3,4,25,31,48,50,55,56,57,58,59,60,61,64,70,75,76,77,80,81,85,86,90"
189,08:49,10,10,인천공항,1,30
189,08:49,2,2,수서,3,"14,67,91"
189,08:49,3,3,삼성,4,"15,54,84,94"
189,08:49,4,4,여의도,33,"0,20,21,26,29,32,35,36,37,39,40,41,42,43,46,47,49,51,52,53,62,63,65,66,73,82,83,87,92,93,95,96,97"
189,08:49,6,6,일산,5,"1,11,13,19,34"
189,08:49,7,7,판교,1,9
189,08:49,8,8,동탄/용인,2,"2,89"
189,08:49,9,9,평택,5,"28,45,79,88,98"
190,08:50,1,1,서울역,22,"4,25,48,50,55,56,57,58,59,60,61,64,70,72,75,76,77,80,81,85,86,90"
190,08:50,10,10,인천공항,1,30
190,08:50,2,2,수서,3,"14,67,91"
190,08:50,3,3,삼성,4,"15,54,71,84"
190,08:50,4,4,여의도,32,"0,20,26,29,32,35,36,37,39,40,41,42,43,46,47,49,51,52,53,62,63,65,66,73,82,83,87,92,93,95,96,97"
190,08:50,5,5,김포공항,1,33
190,08:50,6,6,일산,2,"11,34"
190,08:50,7,7,판교,1,9
190,08:50,8,8,동탄/용인,2,"2,89"
190,08:50,9,9,평택,5,"28,45,79,88,98"
191,08:51,1,1,서울역,22,"4,25,48,50,55,56,57,58,59,60,61,64,70,72,75,76,77,80,81,85,86,90"
191,08:51,10,10,인천공항,1,30
191,08:51,2,2,수서,3,"14,67,91"
191,08:51,3,3,삼성,3,"15,54,71"
191,08:51,4,4,여의도,32,"0,20,26,29,32,35,36,37,39,40,41,42,43,46,47,49,51,52,53,62,63,65,66,73,82,83,87,92,93,95,96,97"
191,08:51,5,5,김포공항,2,"17,33"
191,08:51,6,6,일산,2,"5,34"
191,08:51,7,7,판교,1,9
191,08:51,8,8,동탄/용인,2,"78,89"
191,08:51,9,9,평택,5,"28,45,79,88,98"
192,08:52,1,1,서울역,22,"4,25,48,50,55,56,57,58,59,60,61,64,70,72,75,76,77,80,81,85,86,90"
192,08:52,10,10,인천공항,1,30
192,08:52,2,2,수서,2,"14,67"
192,08:52,3,3,삼성,4,"7,15,54,71"
192,08:52,4,4,여의도,30,"26,29,32,35,36,37,39,40,41,42,43,46,47,49,51,52,53,62,63,65,66,73,82,83,87,92,93,95,96,97"
192,08:52,5,5,김포공항,2,"17,33"
192,08:52,6,6,일산,3,"5,24,34"
192,08:52,7,7,판교,1,9
192,08:52,8,8,동탄/용인,2,"78,89"
192,08:52,9,9,평택,5,"28,45,79,88,98"
193,08:53,1,1,서울역,23,"4,25,38,48,50,55,56,57,58,59,60,61,64,70,72,75,76,77,80,81,85,86,90"
193,08:53,10,10,인천공항,1,30
193,08:53,2,2,수서,2,"14,67"
193,08:53,3,3,삼성,5,"7,12,15,54,71"
193,08:53,4,4,여의도,33,"10,26,29,32,35,36,37,39,40,41,42,43,46,47,49,51,52,53,62,63,65,66,69,73,74,82,83,87,92,93,95,96,97"
193,08:53,5,5,김포공항,2,"17,27"
193,08:53,6,6,일산,4,"5,6,24,34"
193,08:53,7,7,판교,1,9
193,08:53,8,8,동탄/용인,2,"78,89"
193,08:53,9,9,평택,4,"45,79,88,98"
194,08:54,1,1,서울역,23,"4,25,38,48,50,55,56,57,58,59,60,61,64,70,72,75,76,77,80,81,85,86,90"
194,08:54,10,10,인천공항,1,30
194,08:54,2,2,수서,2,"14,67"
194,08:54,3,3,삼성,6,"7,8,12,15,54,71"
194,08:54,4,4,여의도,33,"10,26,29,32,35,36,37,39,40,41,42,43,46,47,49,51,52,53,62,63,65,66,69,73,74,82,83,87,92,93,95,96,97"
194,08:54,5,5,김포공항,2,"17,27"
194,08:54,6,6,일산,4,"5,6,24,34"
194,08:54,7,7,판교,1,9
194,08:54,8,8,동탄/용인,2,"78,89"
194,08:54,9,9,평택,4,"45,79,88,98"
195,08:55,1,1,서울역,23,"4,25,38,48,50,55,56,57,58,59,60,61,64,70,72,75,76,77,80,81,85,86,90"
195,08:55,10,10,인천공항,1,30
195,08:55,2,2,수서,3,"14,23,67"
195,08:55,3,3,삼성,5,"7,8,12,54,71"
195,08:55,4,4,여의도,33,"10,26,29,32,35,36,37,39,40,41,42,43,46,47,49,51,52,53,62,63,65,66,69,73,74,82,83,87,92,93,95,96,97"
195,08:55,5,5,김포공항,3,"17,27,68"
195,08:55,6,6,일산,4,"5,6,24,34"
195,08:55,8,8,동탄/용인,1,78
195,08:55,9,9,평택,4,"45,79,88,98"
196,08:56,1,1,서울역,24,"4,22,25,38,48,50,55,56,57,58,59,60,61,64,70,72,75,76,77,80,81,85,86,90"
196,08:56,10,10,인천공항,1,30
196,08:56,2,2,수서,4,"14,21,23,67"
196,08:56,3,3,삼성,5,"7,8,12,54,71"
196,08:56,4,4,여의도,33,"10,26,29,32,35,36,37,39,40,41,42,43,46,47,49,51,52,53,62,63,65,66,69,73,74,82,83,87,92,93,95,96,97"
196,08:56,5,5,김포공항,3,"17,27,68"
196,08:56,6,6,일산,2,"5,24"
196,08:56,8,8,동탄/용인,1,78
196,08:56,9,9,평택,4,"45,79,88,98"
197,08:57,1,1,서울역,26,"1,4,22,25,38,48,50,55,56,57,58,59,60,61,64,70,72,75,76,77,80,81,84,85,86,90"
197,08:57,10,10,인천공항,1,30
197,08:57,2,2,수서,5,"14,16,21,23,67"
197,08:57,3,3,삼성,4,"7,12,54,71"
197,08:57,4,4,여의도,34,"10,26,29,32,35,36,37,39,40,41,42,43,46,47,49,51,52,53,62,63,65,66,69,73,74,82,83,87,92,93,94,95,96,97"
197,08:57,5,5,김포공항,3,"17,27,68"
197,08:57,6,6,일산,2,"24,31"
197,08:57,7,7,판교,1,3
197,08:57,8,8,동탄/용인,1,78
197,08:57,9,9,평택,4,"45,79,88,98"
198,08:58,1,1,서울역,26,"1,4,22,25,38,48,50,55,56,57,58,59,60,61,64,70,72,75,76,77,80,81,84,85,86,90"
198,08:58,10,10,인천공항,1,30
198,08:58,2,2,수서,5,"14,16,20,21,67"
198,08:58,3,3,삼성,4,"7,12,54,71"
198,08:58,4,4,여의도,35,"10,26,29,32,35,36,37,39,40,41,42,43,46,47,49,51,52,53,62,63,65,66,69,73,74,82,83,87,91,92,93,94,95,96,97"
198,08:58,5,5,김포공항,2,"27,68"
198,08:58,6,6,일산,1,31
198,08:58,7,7,판교,1,3
198,08:58,9,9,평택,4,"45,79,88,98"
199,08:59,1,1,서울역,26,"1,4,22,25,38,48,50,55,56,57,58,59,60,61,64,70,72,75,76,77,80,81,84,85,86,90"
199,08:59,10,10,인천공항,1,30
199,08:59,2,2,수서,5,"14,16,20,21,67"
199,08:59,3,3,삼성,3,"7,54,71"
199,08:59,4,4,여의도,35,"10,26,29,32,35,36,37,39,40,41,42,43,46,47,49,51,52,53,62,63,65,66,69,73,74,82,83,87,91,92,93,94,95,96,97"
199,08:59,5,5,김포공항,2,"27,68"
199,08:59,6,6,일산,2,"0,31"
199,08:59,7,7,판교,1,3
199,08:59,8,8,동탄/용인,1,44
199,08:59,9,9,평택,3,"79,88,98"
200,09:00,1,1,서울역,26,"1,4,22,25,38,48,50,55,56,57,58,59,60,61,64,70,72,75,76,77,80,81,84,85,86,90"
200,09:00,10,10,인천공항,1,30
200,09:00,2,2,수서,5,"14,16,20,21,67"
200,09:00,3,3,삼성,4,"7,13,54,71"
200,09:00,4,4,여의도,34,"10,26,29,32,35,37,39,40,41,42,43,46,47,49,51,52,53,62,63,65,66,69,73,74,82,83,87,91,92,93,94,95,96,97"
200,09:00,5,5,김포공항,1,68
200,09:00,6,6,일산,2,"0,31"
200,09:00,7,7,판교,2,"3,18"
200,09:00,8,8,동탄/용인,1,44
200,09:00,9,9,평택,3,"79,88,98"
201,09:01,1,1,서울역,25,"1,22,25,38,48,50,55,56,57,58,59,60,61,64,70,72,75,76,77,80,81,84,85,86,90"
201,09:01,10,10,인천공항,1,30
201,09:01,2,2,수서,6,"2,14,16,20,21,67"
201,09:01,3,3,삼성,5,"11,13,33,54,71"
201,09:01,4,4,여의도,34,"10,26,29,32,35,37,39,40,41,42,43,46,47,49,51,52,53,62,63,65,66,69,73,74,82,83,87,91,92,93,94,95,96,97"
201,09:01,5,5,김포공항,1,68
201,09:01,6,6,일산,2,"0,31"
201,09:01,7,7,판교,2,"3,18"
201,09:01,8,8,동탄/용인,1,44
201,09:01,9,9,평택,2,"88,98"
202,09:02,1,1,서울역,24,"1,22,38,48,50,55,56,57,58,59,60,61,64,70,72,75,76,77,80,81,84,85,86,90"
202,09:02,10,10,인천공항,1,30
202,09:02,2,2,수서,5,"2,14,16,20,67"
202,09:02,3,3,삼성,5,"11,13,33,54,71"
202,09:02,4,4,여의도,35,"9,10,26,29,32,35,37,39,40,41,42,43,46,47,49,51,52,53,62,63,65,66,69,73,74,82,83,87,91,92,93,94,95,96,97"
202,09:02,5,5,김포공항,1,68
202,09:02,6,6,일산,1,31
202,09:02,7,7,판교,3,"3,18,19"
202,09:02,8,8,동탄/용인,1,44
202,09:02,9,9,평택,2,"88,98"
203,09:03,1,1,서울역,26,"1,6,8,22,38,48,50,55,56,57,58,59,60,61,64,70,72,75,76,77,80,81,84,85,86,90"
203,09:03,10,10,인천공항,1,30
203,09:03,2,2,수서,4,"2,14,16,20"
203,09:03,3,3,삼성,4,"11,13,33,71"
203,09:03,4,4,여의도,35,"9,10,26,29,32,35,37,39,40,41,42,43,46,47,49,51,52,53,62,63,65,66,69,73,74,82,83,87,91,92,93,94,95,96,97"
203,09:03,5,5,김포공항,2,"15,68"
203,09:03,7,7,판교,1,19
203,09:03,8,8,동탄/용인,1,44
203,09:03,9,9,평택,2,"88,98"
204,09:04,1,1,서울역,27,"1,5,6,8,22,38,48,50,55,56,57,58,59,60,61,64,70,72,75,76,77,80,81,84,85,86,90"
204,09:04,10,10,인천공항,1,30
204,09:04,2,2,수서,3,"2,14,16"
204,09:04,3,3,삼성,4,"11,13,33,71"
204,09:04,4,4,여의도,35,"9,10,26,29,32,35,37,39,40,41,42,43,46,47,49,51,52,53,62,63,65,66,69,73,74,82,83,87,91,92,93,94,95,96,97"
204,09:04,5,5,김포공항,1,15
204,09:04,7,7,판교,1,19
204,09:04,8,8,동탄/용인,1,44
204,09:04,9,9,평택,3,"88,98,99"
205,09:05,1,1,서울역,29,"1,5,6,8,22,23,24,38,48,50,55,56,57,58,59,60,61,64,70,72,75,76,77,80,81,84,85,86,90"
205,09:05,10,10,인천공항,1,30
205,09:05,2,2,수서,3,"2,14,16"
205,09:05,3,3,삼성,4,"11,13,33,71"
205,09:05,4,4,여의도,35,"9,10,26,29,32,35,37,39,40,41,42,43,46,47,49,51,52,53,62,63,65,66,69,73,74,82,83,87,91,92,93,94,95,96,97"
205,09:05,5,5,김포공항,1,15
205,09:05,7,7,판교,2,"19,28"
205,09:05,8,8,동탄/용인,1,44
205,09:05,9,9,평택,3,"88,98,99"
206,09:06,1,1,서울역,29,"1,5,6,8,22,23,24,38,48,50,55,56,57,58,59,60,61,64,70,72,75,76,77,80,81,84,85,86,90"
206,09:06,10,10,인천공항,1,30
206,09:06,2,2,수서,3,"2,14,16"
206,09:06,3,3,삼성,6,"11,13,17,33,34,71"
206,09:06,4,4,여의도,34,"9,10,12,29,35,37,39,40,41,42,43,46,47,49,51,52,53,62,63,65,66,69,73,74,82,83,87,91,92,93,94,95,96,97"
206,09:06,5,5,김포공항,2,"15,36"
206,09:06,7,7,판교,2,"19,28"
206,09:06,8,8,동탄/용인,1,44
206,09:06,9,9,평택,3,"88,98,99"
207,09:07,1,1,서울역,29,"1,6,8,22,23,24,38,48,50,55,56,57,58,59,60,61,64,70,72,75,76,77,80,81,84,85,86,89,90"
207,09:07,10,10,인천공항,1,30
207,09:07,2,2,수서,3,"2,14,16"
207,09:07,3,3,삼성,5,"11,13,17,33,34"
207,09:07,4,4,여의도,34,"9,10,12,29,35,37,39,40,41,42,43,46,47,49,51,52,53,62,63,65,66,69,73,74,82,83,87,91,92,93,94,95,96,97"
207,09:07,5,5,김포공항,2,"15,36"
207,09:07,7,7,판교,2,"19,28"
207,09:07,8,8,동탄/용인,1,44
207,09:07,9,9,평택,3,"88,98,99"
208,09:08,1,1,서울역,29,"1,6,8,22,23,24,38,48,50,55,56,57,58,59,60,61,64,70,72,75,76,77,80,81,84,85,86,89,90"
208,09:08,10,10,인천공항,1,30
208,09:08,2,2,수서,2,"14,16"
208,09:08,3,3,삼성,4,"13,17,27,34"
208,09:08,4,4,여의도,34,"7,12,21,29,35,37,39,40,41,42,43,46,47,49,51,52,53,62,63,65,66,69,73,74,82,83,87,91,92,93,94,95,96,97"
208,09:08,5,5,김포공항,2,"15,36"
208,09:08,6,6,일산,1,4
208,09:08,7,7,판교,1,28
208,09:08,8,8,동탄/용인,1,44
208,09:08,9,9,평택,3,"88,98,99"
209,09:09,1,1,서울역,30,"0,1,6,8,22,23,24,38,48,50,55,56,57,58,59,60,61,64,70,72,75,76,77,80,81,84,85,86,89,90"
209,09:09,10,10,인천공항,1,30
209,09:09,2,2,수서,2,"14,16"
209,09:09,3,3,삼성,4,"13,17,27,34"
209,09:09,4,4,여의도,36,"7,12,21,29,35,37,39,40,41,42,43,46,47,49,51,52,53,62,63,65,66,67,69,73,74,78,82,83,87,91,92,93,94,95,96,97"
209,09:09,5,5,김포공항,1,15
209,09:09,6,6,일산,2,"4,25"
209,09:09,7,7,판교,1,28
209,09:09,8,8,동탄/용인,1,44
209,09:09,9,9,평택,3,"88,98,99"
210,09:10,1,1,서울역,31,"0,1,6,8,18,22,23,24,38,48,50,55,56,57,58,59,60,61,64,70,72,75,76,77,80,81,84,85,86,89,90"
210,09:10,10,10,인천공항,1,30
210,09:10,2,2,수서,1,16
210,09:10,3,3,삼성,4,"13,17,27,34"
210,09:10,4,4,여의도,40,"3,7,12,20,21,29,31,35,37,39,40,41,42,43,46,47,49,51,52,53,54,62,63,65,66,67,69,73,74,78,82,83,87,91,92,93,94,95,96,97"
210,09:10,5,5,김포공항,1,15
210,09:10,6,6,일산,2,"4,25"
210,09:10,7,7,판교,1,28
210,09:10,8,8,동탄/용인,1,44
210,09:10,9,9,평택,3,"88,98,99"
211,09:11,1,1,서울역,31,"0,1,6,8,18,22,23,24,38,48,50,55,56,57,58,59,60,61,64,70,72,75,76,77,80,81,84,85,86,89,90"
211,09:11,10,10,인천공항,1,30
211,09:11,2,2,수서,2,"16,33"
211,09:11,3,3,삼성,4,"13,17,27,34"
211,09:11,4,4,여의도,39,"3,7,12,20,21,31,35,37,39,40,41,42,43,46,47,49,51,52,53,54,62,63,65,66,67,69,73,74,78,82,83,87,91,92,93,94,95,96,97"
211,09:11,5,5,김포공항,1,15
211,09:11,6,6,일산,2,"4,25"
211,09:11,7,7,판교,1,45
211,09:11,9,9,평택,3,"88,98,99"
212,09:12,1,1,서울역,31,"0,1,6,8,18,22,23,24,38,48,50,55,56,57,58,59,60,61,64,70,72,75,76,77,80,81,84,85,86,89,90"
212,09:12,10,10,인천공항,1,30
212,09:12,2,2,수서,3,"16,26,33"
212,09:12,3,3,삼성,4,"17,27,34,68"
212,09:12,4,4,여의도,39,"3,7,12,20,21,31,35,37,39,40,41,42,43,46,47,49,51,52,53,54,62,63,65,66,67,69,73,74,78,82,83,87,91,92,93,94,95,96,97"
212,09:12,5,5,김포공항,2,"15,32"
212,09:12,6,6,일산,2,"4,25"
212,09:12,7,7,판교,1,45
212,09:12,9,9,평택,3,"88,98,99"
213,09:13,1,1,서울역,31,"0,1,6,8,18,22,23,24,38,48,50,55,56,57,58,59,60,61,64,70,72,75,76,77,80,81,84,85,86,89,90"
213,09:13,10,10,인천공항,1,30
213,09:13,2,2,수서,3,"16,26,33"
213,09:13,3,3,삼성,4,"17,27,34,68"
213,09:13,4,4,여의도,39,"3,7,12,20,21,31,35,37,39,40,41,42,43,46,47,49,51,52,53,54,62,63,65,66,67,69,73,74,78,82,83,87,91,92,93,94,95,96,97"
213,09:13,5,5,김포공항,2,"15,32"
213,09:13,6,6,일산,2,"4,25"
213,09:13,7,7,판교,1,45
213,09:13,9,9,평택,3,"88,98,99"
214,09:14,1,1,서울역,32,"0,1,6,8,11,18,22,23,24,38,48,50,55,56,57,58,59,60,61,64,70,72,75,76,77,80,81,84,85,86,89,90"
214,09:14,10,10,인천공항,1,30
214,09:14,2,2,수서,4,"9,10,16,26"
214,09:14,3,3,삼성,4,"17,27,34,68"
214,09:14,4,4,여의도,41,"2,3,7,12,20,21,31,35,37,39,40,41,42,43,46,47,49,51,52,53,54,62,63,65,66,67,69,71,73,74,78,82,83,87,91,92,93,94,95,96,97"
214,09:14,5,5,김포공항,2,"15,32"
214,09:14,6,6,일산,2,"4,25"
214,09:14,7,7,판교,2,"5,45"
214,09:14,9,9,평택,2,"98,99"
215,09:15,1,1,서울역,32,"0,1,6,8,11,18,22,23,24,38,48,50,55,56,57,58,59,60,61,64,70,72,75,76,77,80,81,84,85,86,89,90"
215,09:15,10,10,인천공항,1,30
215,09:15,2,2,수서,2,"9,10"
215,09:15,3,3,삼성,4,"17,27,34,68"
215,09:15,4,4,여의도,42,"2,3,7,12,19,20,21,31,35,37,39,40,41,42,43,46,47,49,51,52,53,54,62,63,65,66,67,69,71,73,74,78,82,83,87,91,92,93,94,95,96,97"
215,09:15,5,5,김포공항,1,15
215,09:15,7,7,판교,2,"5,45"
215,09:15,9,9,평택,2,"98,99"
216,09:16,1,1,서울역,32,"0,1,6,8,11,18,22,23,24,38,48,50,55,56,57,58,59,60,61,64,70,72,75,76,77,80,81,84,85,86,89,90"
216,09:16,10,10,인천공항,1,30
216,09:16,2,2,수서,2,"9,10"
216,09:16,3,3,삼성,4,"17,27,34,68"
216,09:16,4,4,여의도,42,"2,3,7,12,14,19,21,31,35,37,39,40,41,42,43,46,47,49,51,52,53,54,62,63,65,66,67,69,71,73,74,78,82,83,87,91,92,93,94,95,96,97"
216,09:16,5,5,김포공항,1,15
216,09:16,7,7,판교,2,"5,45"
216,09:16,9,9,평택,2,"98,99"
217,09:17,1,1,서울역,33,"0,1,6,8,11,18,22,23,24,38,48,50,55,56,57,58,59,60,61,64,70,72,75,76,77,79,80,81,84,85,86,89,90"
217,09:17,10,10,인천공항,1,30
217,09:17,2,2,수서,3,"9,10,29"
217,09:17,3,3,삼성,4,"17,27,34,68"
217,09:17,4,4,여의도,42,"2,3,7,12,14,19,21,31,35,37,39,40,41,42,43,46,47,49,51,52,53,54,62,63,65,66,67,69,71,73,74,78,82,83,87,91,92,93,94,95,96,97"
217,09:17,5,5,김포공항,1,15
217,09:17,7,7,판교,2,"5,45"
217,09:17,9,9,평택,2,"98,99"
218,09:18,1,1,서울역,32,"0,1,8,11,18,22,23,24,38,48,50,55,56,57,58,59,60,61,64,70,72,75,76,77,79,80,81,84,85,86,89,90"
218,09:18,10,10,인천공항,1,30
218,09:18,2,2,수서,3,"9,10,29"
218,09:18,3,3,삼성,4,"17,27,34,68"
218,09:18,4,4,여의도,43,"2,3,7,12,14,19,21,28,31,35,37,39,40,41,42,43,46,47,49,51,52,53,54,62,63,65,66,67,69,71,73,74,78,82,83,87,91,92,93,94,95,96,97"
218,09:18,5,5,김포공항,1,15
218,09:18,7,7,판교,2,"5,45"
218,09:18,9,9,평택,2,"98,99"
219,09:19,1,1,서울역,32,"0,1,8,11,18,22,23,24,38,48,50,55,56,57,58,59,60,61,64,70,72,75,76,77,79,80,81,84,85,86,89,90"
219,09:19,10,10,인천공항,1,30
219,09:19,2,2,수서,3,"9,10,29"
219,09:19,3,3,삼성,3,"27,34,68"
219,09:19,4,4,여의도,43,"2,3,7,12,13,14,19,28,31,35,37,39,40,41,42,43,46,47,49,51,52,53,54,62,63,65,66,67,69,71,73,74,78,82,83,87,91,92,93,94,95,96,97"
219,09:19,5,5,김포공항,1,15
219,09:19,7,7,판교,3,"5,36,45"
219,09:19,9,9,평택,2,"98,99"
220,09:20,1,1,서울역,31,"1,8,11,18,22,23,24,38,48,50,55,56,57,58,59,60,61,64,70,72,75,76,77,79,80,81,84,85,86,89,90"
220,09:20,10,10,인천공항,1,30
220,09:20,2,2,수서,1,10
220,09:20,3,3,삼성,3,"27,34,68"
220,09:20,4,4,여의도,39,"2,3,13,14,28,31,37,39,40,41,42,43,46,47,49,51,52,53,54,62,63,65,66,67,69,71,73,74,78,82,83,87,91,92,93,94,95,96,97"
220,09:20,5,5,김포공항,1,15
220,09:20,7,7,판교,3,"5,36,45"
220,09:20,9,9,평택,2,"98,99"
221,09:21,1,1,서울역,32,"1,8,11,18,22,23,24,33,38,48,50,55,56,57,58,59,60,61,64,70,72,75,76,77,79,80,81,84,85,86,89,90"
221,09:21,10,10,인천공항,1,30
221,09:21,2,2,수서,2,"10,44"
221,09:21,3,3,삼성,2,"27,68"
221,09:21,4,4,여의도,41,"2,3,13,14,16,26,28,31,37,39,40,41,42,43,46,47,49,51,52,53,54,62,63,65,66,67,69,71,73,74,78,82,83,87,91,92,93,94,95,96,97"
221,09:21,5,5,김포공항,1,15
221,09:21,7,7,판교,3,"5,36,45"
221,09:21,9,9,평택,2,"98,99"
222,09:22,1,1,서울역,33,"1,4,8,11,18,22,23,24,33,38,48,50,55,56,57,58,59,60,61,64,70,72,75,76,77,79,80,81,84,85,86,89,90"
222,09:22,10,10,인천공항,1,30
222,09:22,2,2,수서,2,"10,44"
222,09:22,3,3,삼성,2,"27,68"
222,09:22,4,4,여의도,41,"2,3,13,14,16,26,28,31,37,39,40,41,42,43,46,47,49,51,52,53,54,62,63,65,66,67,69,71,73,74,78,82,83,87,91,92,93,94,95,96,97"
222,09:22,5,5,김포공항,1,15
222,09:22,7,7,판교,2,"5,36"
222,09:22,9,9,평택,2,"98,99"
223,09:23,1,1,서울역,33,"1,4,8,11,18,22,23,24,33,38,48,50,55,56,57,58,59,60,61,64,70,72,75,76,77,79,80,81,84,85,86,89,90"
223,09:23,10,10,인천공항,1,30
223,09:23,2,2,수서,3,"10,32,44"
223,09:23,3,3,삼성,2,"27,68"
223,09:23,4,4,여의도,41,"2,3,13,14,16,26,28,31,37,39,40,41,42,43,46,47,49,51,52,53,54,62,63,65,66,67,69,71,73,74,78,82,83,87,91,92,93,94,95,96,97"
223,09:23,5,5,김포공항,1,15
223,09:23,7,7,판교,3,"5,20,36"
223,09:23,9,9,평택,2,"98,99"
224,09:24,1,1,서울역,33,"1,4,8,11,18,22,23,24,33,38,48,50,55,56,57,58,59,60,61,64,70,72,75,76,77,79,80,81,84,85,86,89,90"
224,09:24,10,10,인천공항,1,30
224,09:24,2,2,수서,3,"10,32,44"
224,09:24,3,3,삼성,2,"27,68"
224,09:24,4,4,여의도,41,"2,3,13,14,16,26,28,31,37,39,40,41,42,43,46,47,49,51,52,53,54,62,63,65,66,67,69,71,73,74,78,82,83,87,91,92,93,94,95,96,97"
224,09:24,5,5,김포공항,1,15
224,09:24,7,7,판교,3,"5,20,36"
224,09:24,9,9,평택,2,"98,99"
225,09:25,1,1,서울역,33,"1,4,8,11,18,22,23,24,33,38,48,50,55,56,57,58,59,60,61,64,70,72,75,76,77,79,80,81,84,85,86,89,90"
225,09:25,10,10,인천공항,1,30
225,09:25,2,2,수서,3,"10,32,44"
225,09:25,3,3,삼성,3,"25,27,68"
225,09:25,4,4,여의도,41,"2,3,13,14,16,26,28,31,37,39,40,41,42,43,46,47,49,51,52,53,54,62,63,65,66,67,69,71,73,74,78,82,83,87,91,92,93,94,95,96,97"
225,09:25,5,5,김포공항,1,15
225,09:25,7,7,판교,2,"5,20"
225,09:25,9,9,평택,2,"98,99"
226,09:26,1,1,서울역,33,"1,4,8,11,18,22,23,24,33,38,48,50,55,56,57,58,59,60,61,64,70,72,75,76,77,79,80,81,84,85,86,89,90"
226,09:26,10,10,인천공항,1,30
226,09:26,2,2,수서,5,"7,10,19,32,44"
226,09:26,3,3,삼성,3,"25,27,68"
226,09:26,4,4,여의도,43,"2,3,9,13,14,16,17,26,28,31,37,39,40,41,42,43,46,47,49,51,52,53,54,62,63,65,66,67,69,71,73,74,78,82,83,87,91,92,93,94,95,96,97"
226,09:26,5,5,김포공항,1,12
226,09:26,7,7,판교,4,"5,20,21,88"
226,09:26,9,9,평택,2,"98,99"
227,09:27,1,1,서울역,34,"1,4,8,11,18,22,23,24,29,33,38,48,50,55,56,57,58,59,60,61,64,70,72,75,76,77,79,80,81,84,85,86,89,90"
227,09:27,10,10,인천공항,1,30
227,09:27,2,2,수서,5,"7,10,19,32,44"
227,09:27,3,3,삼성,3,"25,27,68"
227,09:27,4,4,여의도,43,"2,3,9,13,14,16,17,26,28,31,37,39,40,41,42,43,46,47,49,51,52,53,54,62,63,65,66,67,69,71,73,74,78,82,83,87,91,92,93,94,95,96,97"
227,09:27,5,5,김포공항,1,12
227,09:27,6,6,일산,1,0
227,09:27,7,7,판교,4,"5,20,21,88"
227,09:27,9,9,평택,2,"98,99"
228,09:28,1,1,서울역,34,"1,4,8,11,18,22,23,24,29,33,38,48,50,55,56,57,58,59,60,61,64,70,72,75,76,77,79,80,81,84,85,86,89,90"
228,09:28,10,10,인천공항,1,30
228,09:28,2,2,수서,5,"7,10,19,32,44"
228,09:28,3,3,삼성,3,"25,27,68"
228,09:28,4,4,여의도,44,"2,3,9,13,14,16,17,26,28,31,34,37,39,40,41,42,43,46,47,49,51,52,53,54,62,63,65,66,67,69,71,73,74,78,82,83,87,91,92,93,94,95,96,97"
228,09:28,5,5,김포공항,1,12
228,09:28,6,6,일산,1,0
228,09:28,7,7,판교,4,"5,20,21,88"
228,09:28,9,9,평택,2,"98,99"
229,09:29,1,1,서울역,35,"1,4,8,11,18,22,23,24,29,33,38,45,48,50,55,56,57,58,59,60,61,64,70,72,75,76,77,79,80,81,84,85,86,89,90"
229,09:29,10,10,인천공항,1,30
229,09:29,2,2,수서,3,"7,10,44"
229,09:29,3,3,삼성,3,"25,27,68"
229,09:29,4,4,여의도,44,"2,3,9,13,14,16,17,26,28,31,34,37,39,40,41,42,43,46,47,49,51,52,53,54,62,63,65,66,67,69,71,73,74,78,82,83,87,91,92,93,94,95,96,97"
229,09:29,6,6,일산,1,0
229,09:29,7,7,판교,3,"5,21,88"
229,09:29,9,9,평택,2,"98,99"
230,09:30,1,1,서울역,35,"1,4,8,11,18,22,23,24,29,33,38,45,48,50,55,56,57,58,59,60,61,64,70,72,75,76,77,79,80,81,84,85,86,89,90"
230,09:30,10,10,인천공항,1,30
230,09:30,2,2,수서,3,"7,10,44"
230,09:30,3,3,삼성,3,"25,27,68"
230,09:30,4,4,여의도,43,"2,3,9,13,14,16,17,28,31,34,37,39,40,41,42,43,46,47,49,51,52,53,54,62,63,65,66,67,69,71,73,74,78,82,83,87,91,92,93,94,95,96,97"
230,09:30,7,7,판교,2,"21,88"
230,09:30,9,9,평택,2,"98,99"
231,09:31,1,1,서울역,34,"1,8,11,18,22,23,24,29,33,38,45,48,50,55,56,57,58,59,60,61,64,70,72,75,76,77,79,80,81,84,85,86,89,90"
231,09:31,10,10,인천공항,2,"6,30"
231,09:31,2,2,수서,2,"7,44"
231,09:31,3,3,삼성,2,"25,27"
231,09:31,4,4,여의도,43,"2,3,9,13,14,16,17,28,31,34,37,39,40,41,42,43,46,47,49,51,52,53,54,62,63,65,66,67,69,71,73,74,78,82,83,87,91,92,93,94,95,96,97"
231,09:31,7,7,판교,2,"21,88"
231,09:31,8,8,동탄/용인,1,35
231,09:31,9,9,평택,1,99
232,09:32,1,1,서울역,34,"1,8,11,18,22,23,24,29,33,38,45,48,50,55,56,57,58,59,60,61,64,70,72,75,76,77,79,80,81,84,85,86,89,90"
232,09:32,10,10,인천공항,2,"6,30"
232,09:32,2,2,수서,2,"7,44"
232,09:32,3,3,삼성,1,25
232,09:32,4,4,여의도,44,"2,3,13,14,15,16,17,28,31,34,36,37,39,40,41,42,43,46,47,49,51,52,53,54,62,63,65,66,67,69,71,73,74,78,82,83,87,91,92,93,94,95,96,97"
232,09:32,7,7,판교,2,"21,88"
232,09:32,8,8,동탄/용인,1,35
232,09:32,9,9,평택,1,99
233,09:33,1,1,서울역,34,"1,8,11,18,22,23,24,29,33,38,45,48,50,55,56,57,58,59,60,61,64,70,72,75,76,77,79,80,81,84,85,86,89,90"
233,09:33,10,10,인천공항,2,"6,30"
233,09:33,2,2,수서,2,"7,44"
233,09:33,3,3,삼성,1,25
233,09:33,4,4,여의도,42,"3,14,15,16,17,28,31,34,36,37,39,40,41,42,43,46,47,49,51,52,53,54,62,63,65,66,67,69,71,73,74,78,82,83,87,91,92,93,94,95,96,97"
233,09:33,7,7,판교,2,"21,88"
233,09:33,8,8,동탄/용인,1,35
233,09:33,9,9,평택,1,99
234,09:34,1,1,서울역,34,"1,8,11,18,22,23,24,29,33,38,45,48,50,55,56,57,58,59,60,61,64,70,72,75,76,77,79,80,81,84,85,86,89,90"
234,09:34,10,10,인천공항,2,"6,30"
234,09:34,2,2,수서,2,"7,44"
234,09:34,3,3,삼성,1,25
234,09:34,4,4,여의도,42,"3,14,15,16,17,28,31,34,36,37,39,40,41,42,43,46,47,49,51,52,53,54,62,63,65,66,67,69,71,73,74,78,82,83,87,91,92,93,94,95,96,97"
234,09:34,7,7,판교,2,"21,88"
234,09:34,9,9,평택,1,99
235,09:35,1,1,서울역,34,"1,8,11,18,22,23,24,29,33,38,45,48,50,55,56,57,58,59,60,61,64,70,72,75,76,77,79,80,81,84,85,86,89,90"
235,09:35,10,10,인천공항,2,"6,30"
235,09:35,2,2,수서,1,7
235,09:35,3,3,삼성,1,25
235,09:35,4,4,여의도,43,"3,14,15,16,17,28,31,32,34,36,37,39,40,41,42,43,46,47,49,51,52,53,54,62,63,65,66,67,69,71,73,74,78,82,83,87,91,92,93,94,95,96,97"
235,09:35,7,7,판교,2,"21,88"
235,09:35,9,9,평택,1,99
236,09:36,1,1,서울역,35,"1,8,11,18,19,22,23,24,29,33,38,45,48,50,55,56,57,58,59,60,61,64,70,72,75,76,77,79,80,81,84,85,86,89,90"
236,09:36,10,10,인천공항,2,"6,30"
236,09:36,2,2,수서,1,7
236,09:36,3,3,삼성,1,25
236,09:36,4,4,여의도,44,"3,14,15,16,17,20,28,31,32,34,36,37,39,40,41,42,43,46,47,49,51,52,53,54,62,63,65,66,67,69,71,73,74,78,82,83,87,91,92,93,94,95,96,97"
236,09:36,7,7,판교,2,"21,88"
236,09:36,9,9,평택,1,99
237,09:37,1,1,서울역,37,"0,1,5,8,11,18,19,22,23,24,29,33,38,45,48,50,55,56,57,58,59,60,61,64,70,72,75,76,77,79,80,81,84,85,86,89,90"
237,09:37,10,10,인천공항,2,"6,30"
237,09:37,3,3,삼성,2,"4,12"
237,09:37,4,4,여의도,44,"10,14,15,16,17,20,28,31,32,34,36,37,39,40,41,42,43,46,47,49,51,52,53,54,62,63,65,66,67,69,71,73,74,78,82,83,87,91,92,93,94,95,96,97"
237,09:37,7,7,판교,2,"21,88"
237,09:37,9,9,평택,1,99
238,09:38,1,1,서울역,37,"0,1,5,8,11,18,19,22,23,24,29,33,38,45,48,50,55,56,57,58,59,60,61,64,70,72,75,76,77,79,80,81,84,85,86,89,90"
238,09:38,10,10,인천공항,1,30
238,09:38,3,3,삼성,2,"4,12"
238,09:38,4,4,여의도,45,"10,14,15,16,17,20,28,31,32,34,36,37,39,40,41,42,43,46,47,49,51,52,53,54,62,63,65,66,67,68,69,71,73,74,78,82,83,87,91,92,93,94,95,96,97"
238,09:38,7,7,판교,2,"21,88"
238,09:38,9,9,평택,1,99
239,09:39,1,1,서울역,37,"0,1,5,8,11,18,19,22,23,24,29,33,38,45,48,50,55,56,57,58,59,60,61,64,70,72,75,76,77,79,80,81,84,85,86,89,90"
239,09:39,10,10,인천공항,1,30
239,09:39,2,2,수서,2,"2,13"
239,09:39,3,3,삼성,2,"4,12"
239,09:39,4,4,여의도,46,"10,14,15,16,17,20,27,28,31,32,34,36,37,39,40,41,42,43,46,47,49,51,52,53,54,62,63,65,66,67,68,69,71,73,74,78,82,83,87,91,92,93,94,95,96,97"
239,09:39,7,7,판교,3,"9,21,88"
239,09:39,9,9,평택,1,99
240,09:40,1,1,서울역,34,"0,5,11,19,22,23,24,29,33,38,45,48,50,55,56,57,58,59,60,61,64,70,72,75,76,77,79,80,81,84,85,86,89,90"
240,09:40,10,10,인천공항,1,30
240,09:40,2,2,수서,2,"2,13"
240,09:40,3,3,삼성,2,"4,12"
240,09:40,4,4,여의도,42,"10,14,15,17,20,27,31,32,36,37,39,40,41,42,43,46,47,49,51,52,53,54,62,65,66,67,68,69,71,73,74,78,82,83,87,91,92,93,94,95,96,97"
240,09:40,7,7,판교,2,"9,21"
240,09:40,9,9,평택,1,99
241,09:41,1,1,서울역,33,"0,5,11,19,22,23,24,29,33,45,48,50,55,56,57,58,59,60,61,64,70,72,75,76,77,79,80,81,84,85,86,89,90"
241,09:41,10,10,인천공항,1,30
241,09:41,2,2,수서,2,"2,13"
241,09:41,3,3,삼성,2,"4,12"
241,09:41,4,4,여의도,43,"10,14,15,17,20,27,31,32,36,37,39,40,41,42,43,44,46,47,49,51,52,53,54,62,65,66,67,68,69,71,73,74,78,82,83,87,91,92,93,94,95,96,97"
241,09:41,7,7,판교,2,"9,21"
241,09:41,9,9,평택,1,99
242,09:42,1,1,서울역,32,"0,5,19,22,23,24,29,33,45,48,50,55,56,57,58,59,60,61,64,70,72,75,76,77,79,80,81,84,85,86,89,90"
242,09:42,10,10,인천공항,1,30
242,09:42,2,2,수서,1,2
242,09:42,3,3,삼성,2,"4,12"
242,09:42,4,4,여의도,43,"10,14,15,17,20,27,31,32,36,37,39,40,41,42,43,44,46,47,49,51,52,53,54,62,65,66,67,68,69,71,73,74,78,82,83,87,91,92,93,94,95,96,97"
242,09:42,7,7,판교,2,"9,21"
242,09:42,9,9,평택,1,99
243,09:43,1,1,서울역,31,"0,5,19,22,23,29,33,45,48,50,55,56,57,58,59,60,61,64,70,72,75,76,77,79,80,81,84,85,86,89,90"
243,09:43,10,10,인천공항,1,30
243,09:43,2,2,수서,2,"2,3"
243,09:43,3,3,삼성,1,12
243,09:43,4,4,여의도,43,"7,14,15,17,20,27,31,32,36,37,39,40,41,42,43,44,46,47,49,51,52,53,54,62,65,66,67,68,69,71,73,74,78,82,83,87,91,92,93,94,95,96,97"
243,09:43,7,7,판교,3,"9,21,98"
243,09:43,9,9,평택,1,99
244,09:44,1,1,서울역,31,"0,5,19,22,23,29,33,45,48,50,55,56,57,58,59,60,61,64,70,72,75,76,77,79,80,81,84,85,86,89,90"
244,09:44,10,10,인천공항,1,30
244,09:44,2,2,수서,3,"2,3,35"
244,09:44,3,3,삼성,1,12
244,09:44,4,4,여의도,44,"7,14,15,17,20,25,27,31,32,36,37,39,40,41,42,43,44,46,47,49,51,52,53,54,62,65,66,67,68,69,71,73,74,78,82,83,87,91,92,93,94,95,96,97"
244,09:44,7,7,판교,3,"9,21,98"
244,09:44,9,9,평택,1,99
245,09:45,1,1,서울역,31,"0,5,19,22,23,29,33,45,48,50,55,56,57,58,59,60,61,64,70,72,75,76,77,79,80,81,84,85,86,89,90"
245,09:45,10,10,인천공항,1,30
245,09:45,2,2,수서,3,"2,3,35"
245,09:45,3,3,삼성,1,12
245,09:45,4,4,여의도,43,"7,14,15,17,20,25,31,32,36,37,39,40,41,42,43,44,46,47,49,51,52,53,54,62,65,66,67,68,69,71,73,74,78,82,83,87,91,92,93,94,95,96,97"
245,09:45,7,7,판교,3,"9,21,98"
245,09:45,9,9,평택,2,"26,99"
246,09:46,1,1,서울역,31,"0,5,19,22,23,29,33,45,48,50,55,56,57,58,59,60,61,64,70,72,75,76,77,79,80,81,84,85,86,89,90"
246,09:46,10,10,인천공항,1,30
246,09:46,2,2,수서,4,"2,3,28,35"
246,09:46,3,3,삼성,2,"1,8"
246,09:46,4,4,여의도,43,"7,14,15,17,20,25,31,32,36,37,39,40,41,42,43,44,46,47,49,51,52,53,54,62,65,66,67,68,69,71,73,74,78,82,83,87,91,92,93,94,95,96,97"
246,09:46,5,5,김포공항,3,"16,34,63"
246,09:46,7,7,판교,3,"9,21,98"
246,09:46,9,9,평택,2,"26,99"
247,09:47,1,1,서울역,30,"0,5,19,22,23,29,45,48,50,55,56,57,58,59,60,61,64,70,72,75,76,77,79,80,81,84,85,86,89,90"
247,09:47,10,10,인천공항,1,30
247,09:47,2,2,수서,4,"2,3,28,35"
247,09:47,3,3,삼성,3,"1,8,38"
247,09:47,4,4,여의도,43,"7,14,15,17,20,25,31,32,36,37,39,40,41,42,43,44,46,47,49,51,52,53,54,62,65,66,67,68,69,71,73,74,78,82,83,87,91,92,93,94,95,96,97"
247,09:47,5,5,김포공항,3,"16,34,63"
247,09:47,6,6,일산,1,18
247,09:47,7,7,판교,3,"9,21,98"
247,09:47,8,8,동탄/용인,1,88
247,09:47,9,9,평택,1,26
248,09:48,1,1,서울역,29,"0,5,22,23,29,45,48,50,55,56,57,58,59,60,61,64,70,72,75,76,77,79,80,81,84,85,86,89,90"
248,09:48,10,10,인천공항,1,30
248,09:48,2,2,수서,4,"2,3,28,35"
248,09:48,3,3,삼성,4,"1,8,11,38"
248,09:48,4,4,여의도,44,"7,13,14,15,17,20,25,31,32,36,37,39,40,41,42,43,44,46,47,49,51,52,53,54,62,65,66,67,68,69,71,73,74,78,82,83,87,91,92,93,94,95,96,97"
248,09:48,5,5,김포공항,3,"16,34,63"
248,09:48,6,6,일산,1,18
248,09:48,7,7,판교,3,"9,21,98"
248,09:48,8,8,동탄/용인,1,88
248,09:48,9,9,평택,1,26
249,09:49,1,1,서울역,29,"0,5,22,23,29,45,48,50,55,56,57,58,59,60,61,64,70,72,75,76,77,79,80,81,84,85,86,89,90"
249,09:49,10,10,인천공항,1,30
249,09:49,2,2,수서,3,"2,3,35"
249,09:49,3,3,삼성,2,"11,38"
249,09:49,4,4,여의도,42,"7,13,14,15,17,20,25,31,36,37,39,40,41,43,44,46,47,49,51,52,53,54,62,65,66,67,68,69,71,73,74,78,82,83,87,91,92,93,94,95,96,97"
249,09:49,5,5,김포공항,1,10
249,09:49,6,6,일산,1,18
249,09:49,7,7,판교,3,"9,21,98"
249,09:49,8,8,동탄/용인,1,88
249,09:49,9,9,평택,1,26
250,09:50,1,1,서울역,29,"0,5,22,23,29,45,48,50,55,56,57,58,59,60,61,64,70,72,75,76,77,79,80,81,84,85,86,89,90"
250,09:50,10,10,인천공항,1,30
250,09:50,2,2,수서,3,"2,3,35"
250,09:50,3,3,삼성,1,11
250,09:50,4,4,여의도,43,"4,7,13,14,15,17,20,25,31,36,37,39,40,41,43,44,46,47,49,51,52,53,54,62,65,66,67,68,69,71,73,74,78,82,83,87,91,92,93,94,95,96,97"
250,09:50,5,5,김포공항,1,10
250,09:50,6,6,일산,2,"18,24"
250,09:50,7,7,판교,3,"9,21,98"
250,09:50,9,9,평택,1,26
251,09:51,1,1,서울역,29,"5,6,22,23,29,45,48,50,55,56,57,58,59,60,61,64,70,72,75,76,77,79,80,81,84,85,86,89,90"
251,09:51,10,10,인천공항,1,30
251,09:51,2,2,수서,4,"2,3,27,35"
251,09:51,3,3,삼성,1,11
251,09:51,4,4,여의도,42,"4,7,14,15,17,20,25,31,36,37,39,40,41,43,44,46,47,49,51,52,53,54,62,65,66,67,68,69,71,73,74,78,82,83,87,91,92,93,94,95,96,97"
251,09:51,5,5,김포공항,1,10
251,09:51,6,6,일산,2,"18,24"
251,09:51,7,7,판교,2,"21,98"
251,09:51,9,9,평택,1,26
252,09:52,1,1,서울역,29,"5,6,22,23,29,45,48,50,55,56,57,58,59,60,61,64,70,72,75,76,77,79,80,81,84,85,86,89,90"
252,09:52,10,10,인천공항,1,30
252,09:52,2,2,수서,3,"2,27,35"
252,09:52,3,3,삼성,1,11
252,09:52,4,4,여의도,41,"4,7,14,15,17,20,25,31,36,37,40,41,43,44,46,47,49,51,52,53,54,62,65,66,67,68,69,71,73,74,78,82,83,87,91,92,93,94,95,96,97"
252,09:52,6,6,일산,2,"18,24"
252,09:52,7,7,판교,2,"21,98"
252,09:52,9,9,평택,1,26
253,09:53,1,1,서울역,28,"5,6,22,23,29,45,48,50,55,56,57,59,60,61,64,70,72,75,76,77,79,80,81,84,85,86,89,90"
253,09:53,10,10,인천공항,1,30
253,09:53,2,2,수서,3,"2,27,35"
253,09:53,3,3,삼성,2,"11,33"
253,09:53,4,4,여의도,42,"4,7,12,14,15,17,20,25,31,36,37,40,41,43,44,46,47,49,51,52,53,54,62,65,66,67,68,69,71,73,74,78,82,83,87,91,92,93,94,95,96,97"
253,09:53,7,7,판교,2,"21,98"
253,09:53,9,9,평택,1,26
254,09:54,1,1,서울역,28,"5,6,22,23,29,45,48,50,55,56,57,59,60,61,64,70,72,75,76,77,79,80,81,84,85,86,89,90"
254,09:54,10,10,인천공항,1,30
254,09:54,2,2,수서,2,"2,35"
254,09:54,3,3,삼성,2,"19,33"
254,09:54,4,4,여의도,42,"4,7,12,14,15,17,20,25,31,36,37,40,41,43,44,46,47,49,51,52,53,54,62,65,66,67,68,69,71,73,74,78,82,83,87,91,92,93,94,95,96,97"
254,09:54,7,7,판교,2,"21,98"
254,09:54,9,9,평택,1,26
255,09:55,1,1,서울역,29,"1,5,6,22,23,29,45,48,50,55,56,57,59,60,61,64,70,72,75,76,77,79,80,81,84,85,86,89,90"
255,09:55,10,10,인천공항,1,30
255,09:55,2,2,수서,3,"2,32,35"
255,09:55,3,3,삼성,2,"19,33"
255,09:55,4,4,여의도,41,"4,7,12,14,15,17,20,31,36,37,40,41,43,44,46,47,49,51,52,53,54,62,65,66,67,68,69,71,73,74,78,82,83,87,91,92,93,94,95,96,97"
255,09:55,5,5,김포공항,1,42
255,09:55,7,7,판교,2,"21,98"
255,09:55,9,9,평택,1,26
256,09:56,1,1,서울역,30,"1,5,6,22,23,28,29,45,48,50,55,56,57,59,60,61,64,70,72,75,76,77,79,80,81,84,85,86,89,90"
256,09:56,10,10,인천공항,1,30
256,09:56,2,2,수서,2,"2,32"
256,09:56,3,3,삼성,2,"19,33"
256,09:56,4,4,여의도,42,"4,7,8,12,14,15,17,20,31,36,37,40,41,43,44,46,47,49,51,52,53,54,62,65,66,67,68,69,71,73,74,78,82,83,87,91,92,93,94,95,96,97"
256,09:56,5,5,김포공항,1,42
256,09:56,7,7,판교,2,"21,98"
256,09:56,9,9,평택,1,26
257,09:57,1,1,서울역,30,"1,5,6,22,23,28,29,45,48,50,55,56,57,59,60,61,64,70,72,75,76,77,79,80,81,84,85,86,89,90"
257,09:57,10,10,인천공항,1,30
257,09:57,2,2,수서,3,"2,13,32"
257,09:57,3,3,삼성,4,"16,19,33,34"
257,09:57,4,4,여의도,42,"4,7,8,12,14,15,17,20,31,36,37,40,41,43,44,46,47,49,51,52,53,54,62,65,66,67,68,69,71,73,74,78,82,83,87,91,92,93,94,95,96,97"
257,09:57,5,5,김포공항,1,42
257,09:57,7,7,판교,2,"21,98"
257,09:57,9,9,평택,1,26
258,09:58,1,1,서울역,31,"1,5,6,9,22,23,28,29,45,48,50,55,56,57,59,60,61,64,70,72,75,76,77,79,80,81,84,85,86,89,90"
258,09:58,10,10,인천공항,1,30
258,09:58,2,2,수서,3,"2,13,39"
258,09:58,3,3,삼성,4,"16,19,33,34"
258,09:58,4,4,여의도,43,"3,4,7,8,12,14,15,17,20,31,36,37,40,41,43,44,46,47,49,51,52,53,54,62,65,66,67,68,69,71,73,74,78,82,83,87,91,92,93,94,95,96,97"
258,09:58,5,5,김포공항,1,42
258,09:58,7,7,판교,3,"0,21,98"
258,09:58,9,9,평택,1,26
259,09:59,1,1,서울역,31,"1,5,6,9,22,23,28,29,45,48,50,55,56,57,59,60,61,64,70,72,75,76,77,79,80,81,84,85,86,89,90"
259,09:59,10,10,인천공항,1,30
259,09:59,2,2,수서,3,"2,13,39"
259,09:59,3,3,삼성,4,"16,19,34,58"
259,09:59,4,4,여의도,42,"3,7,8,12,14,15,17,20,31,36,37,40,41,43,44,46,47,49,51,52,53,54,62,65,66,67,68,69,71,73,74,78,82,83,87,91,92,93,94,95,96,97"
259,09:59,5,5,김포공항,1,42
259,09:59,7,7,판교,5,"0,21,63,98,99"
259,09:59,9,9,평택,1,26
260,10:00,1,1,서울역,26,"1,5,6,9,18,22,23,29,45,48,50,55,57,61,64,70,72,75,76,77,79,81,84,85,89,90"
260,10:00,10,10,인천공항,1,30
260,10:00,2,2,수서,3,"2,39,88"
260,10:00,3,3,삼성,4,"10,16,34,58"
260,10:00,4,4,여의도,29,"3,7,8,12,14,15,17,20,31,36,37,40,41,43,46,47,49,53,54,62,65,66,71,74,78,82,83,87,92"
260,10:00,5,5,김포공항,1,42
260,10:00,6,6,일산,1,38
260,10:00,7,7,판교,5,"0,21,63,98,99"
260,10:00,9,9,평택,1,26
261,10:01,1,1,서울역,23,"1,6,9,18,22,23,27,45,48,50,55,57,64,70,72,76,77,79,81,84,85,89,90"
261,10:01,10,10,인천공항,1,30
261,10:01,2,2,수서,2,"2,88"
261,10:01,3,3,삼성,4,"10,16,34,58"
261,10:01,4,4,여의도,29,"3,7,8,11,12,14,15,17,20,31,36,37,40,41,43,46,47,49,53,54,62,65,66,71,74,82,83,87,92"
261,10:01,6,6,일산,1,38
261,10:01,7,7,판교,5,"0,21,63,98,99"
261,10:01,9,9,평택,1,26
262,10:02,1,1,서울역,22,"1,6,9,18,22,23,27,45,48,50,55,57,64,70,72,77,79,81,84,85,89,90"
262,10:02,10,10,인천공항,1,30
262,10:02,2,2,수서,2,"2,88"
262,10:02,3,3,삼성,3,"10,16,34"
262,10:02,4,4,여의도,29,"3,7,8,11,12,14,15,17,20,31,35,36,37,40,41,43,46,47,53,54,62,65,66,71,74,82,83,87,92"
262,10:02,6,6,일산,1,38
262,10:02,7,7,판교,4,"0,21,63,98"
262,10:02,9,9,평택,1,26
263,10:03,1,1,서울역,18,"1,6,9,22,23,27,45,48,50,55,64,72,77,79,81,84,89,90"
263,10:03,10,10,인천공항,1,30
263,10:03,2,2,수서,2,"2,88"
263,10:03,3,3,삼성,3,"10,16,34"
263,10:03,4,4,여의도,27,"3,7,8,11,12,14,15,20,31,35,36,37,40,41,43,46,47,53,54,62,65,66,71,74,82,83,87"
263,10:03,6,6,일산,1,38
263,10:03,7,7,판교,4,"0,21,63,98"
263,10:03,9,9,평택,1,26
264,10:04,1,1,서울역,17,"1,6,9,22,23,27,45,48,50,55,64,72,77,81,84,89,90"
264,10:04,10,10,인천공항,1,30
264,10:04,2,2,수서,3,"2,24,88"
264,10:04,3,3,삼성,2,"10,34"
264,10:04,4,4,여의도,25,"3,7,8,11,12,14,15,20,32,35,36,37,40,41,43,46,47,54,62,65,66,71,82,83,87"
264,10:04,6,6,일산,1,38
264,10:04,7,7,판교,4,"0,21,63,98"
264,10:04,9,9,평택,1,26
265,10:05,1,1,서울역,15,"1,9,22,23,27,45,50,55,64,72,77,81,84,89,90"
265,10:05,10,10,인천공항,1,30
265,10:05,2,2,수서,3,"4,24,88"
265,10:05,3,3,삼성,2,"10,34"
265,10:05,4,4,여의도,22,"3,7,8,11,12,14,15,20,32,35,36,37,40,41,43,54,65,66,71,82,83,87"
265,10:05,6,6,일산,1,38
265,10:05,7,7,판교,4,"0,21,63,98"
265,10:05,9,9,평택,1,26
266,10:06,1,1,서울역,13,"1,9,22,23,27,45,50,72,77,81,84,89,90"
266,10:06,10,10,인천공항,1,30
266,10:06,2,2,수서,5,"4,24,51,52,73"
266,10:06,3,3,삼성,4,"10,28,34,56"
266,10:06,4,4,여의도,24,"3,7,8,11,12,13,14,15,20,32,33,35,36,37,40,41,43,54,65,66,71,82,83,87"
266,10:06,5,5,김포공항,2,"69,91"
266,10:06,6,6,일산,1,38
266,10:06,7,7,판교,3,"0,63,98"
266,10:06,9,9,평택,1,26
267,10:07,1,1,서울역,13,"1,9,22,23,27,45,50,72,77,81,84,89,90"
267,10:07,10,10,인천공항,2,"25,30"
267,10:07,2,2,수서,5,"4,24,51,52,73"
267,10:07,3,3,삼성,5,"10,28,29,34,56"
267,10:07,4,4,여의도,25,"3,7,8,11,12,13,14,19,20,32,33,35,36,37,39,40,41,43,54,65,66,71,82,83,87"
267,10:07,5,5,김포공항,2,"69,91"
267,10:07,6,6,일산,6,"38,59,60,67,80,93"
267,10:07,7,7,판교,3,"0,63,98"
267,10:07,9,9,평택,1,26
268,10:08,1,1,서울역,12,"1,9,22,23,27,45,50,77,81,84,89,90"
268,10:08,10,10,인천공항,1,25
268,10:08,2,2,수서,5,"4,24,51,52,73"
268,10:08,3,3,삼성,5,"10,28,29,34,56"
268,10:08,4,4,여의도,24,"3,7,8,11,12,13,14,19,20,32,33,35,36,37,39,40,41,43,54,65,66,71,82,83"
268,10:08,5,5,김포공항,3,"49,69,91"
268,10:08,6,6,일산,8,"5,38,59,60,61,67,80,93"
268,10:08,7,7,판교,3,"0,75,98"
268,10:08,9,9,평택,1,26
269,10:09,1,1,서울역,12,"9,22,23,27,45,50,77,81,84,89,90,99"
269,10:09,10,10,인천공항,1,25
269,10:09,2,2,수서,3,"4,24,52"
269,10:09,3,3,삼성,4,"10,29,34,57"
269,10:09,4,4,여의도,25,"3,7,8,11,12,13,14,19,20,32,33,35,36,37,39,40,41,43,54,58,65,66,71,82,83"
269,10:09,5,5,김포공항,2,"49,91"
269,10:09,6,6,일산,9,"5,38,59,60,61,67,76,80,93"
269,10:09,7,7,판교,3,"0,75,98"
269,10:09,9,9,평택,1,26
270,10:10,1,1,서울역,12,"9,16,23,27,45,50,77,81,84,89,90,99"
270,10:10,10,10,인천공항,1,25
270,10:10,2,2,수서,5,"4,24,52,53,74"
270,10:10,3,3,삼성,5,"10,17,29,34,57"
270,10:10,4,4,여의도,24,"3,7,8,11,12,13,14,19,20,33,35,36,37,39,40,41,43,54,58,65,66,71,82,83"
270,10:10,5,5,김포공항,2,"49,91"
270,10:10,6,6,일산,7,"5,38,60,61,67,70,76"
270,10:10,7,7,판교,4,"0,18,75,98"
270,10:10,9,9,평택,1,26
271,10:11,1,1,서울역,9,"9,16,27,45,81,84,89,90,99"
271,10:11,10,10,인천공항,1,25
271,10:11,2,2,수서,7,"4,24,47,52,53,74,79"
271,10:11,3,3,삼성,7,"6,10,17,29,34,48,57"
271,10:11,4,4,여의도,22,"3,7,8,11,13,14,19,20,33,35,36,37,39,40,41,43,54,58,66,71,82,83"
271,10:11,5,5,김포공항,2,"62,91"
271,10:11,6,6,일산,4,"38,60,70,76"
271,10:11,7,7,판교,4,"0,18,31,42"
271,10:11,8,8,동탄/용인,2,"44,97"
271,10:11,9,9,평택,1,26
272,10:12,1,1,서울역,10,"2,9,16,27,45,81,84,89,90,99"
272,10:12,10,10,인천공항,5,"25,68,94,95,96"
272,10:12,2,2,수서,6,"4,24,47,53,74,79"
272,10:12,3,3,삼성,7,"6,10,17,29,34,48,57"
272,10:12,4,4,여의도,23,"3,7,8,11,13,14,19,20,33,35,36,37,39,40,41,43,54,58,66,71,82,83,88"
272,10:12,5,5,김포공항,1,62
272,10:12,6,6,일산,4,"38,60,70,76"
272,10:12,7,7,판교,4,"0,18,31,42"
272,10:12,8,8,동탄/용인,3,"44,78,97"
272,10:12,9,9,평택,1,26
273,10:13,1,1,서울역,10,"2,16,21,27,45,81,84,89,90,99"
273,10:13,10,10,인천공항,5,"25,68,94,95,96"
273,10:13,2,2,수서,7,"4,15,24,47,53,74,79"
273,10:13,3,3,삼성,6,"6,10,17,34,48,57"
273,10:13,4,4,여의도,23,"3,7,8,11,13,14,19,20,33,35,36,37,39,40,41,43,54,58,66,71,82,83,88"
273,10:13,5,5,김포공항,1,62
273,10:13,6,6,일산,6,"38,55,60,64,70,76"
273,10:13,7,7,판교,4,"0,18,31,42"
273,10:13,8,8,동탄/용인,3,"44,78,97"
273,10:13,9,9,평택,1,26
274,10:14,1,1,서울역,10,"2,16,21,27,45,81,84,89,90,99"
274,10:14,10,10,인천공항,5,"25,68,94,95,96"
274,10:14,2,2,수서,5,"4,15,24,53,74"
274,10:14,3,3,삼성,6,"6,10,17,34,48,57"
274,10:14,4,4,여의도,22,"3,7,8,11,13,14,19,20,33,35,36,37,39,40,41,43,54,58,71,82,83,88"
274,10:14,5,5,김포공항,1,62
274,10:14,6,6,일산,5,"38,55,64,70,76"
274,10:14,7,7,판교,4,"0,18,31,42"
274,10:14,8,8,동탄/용인,2,"78,92"
275,10:15,1,1,서울역,11,"2,16,21,27,45,63,81,84,89,90,99"
275,10:15,10,10,인천공항,2,"25,96"
275,10:15,2,2,수서,5,"4,15,24,53,74"
275,10:15,3,3,삼성,5,"6,10,17,34,48"
275,10:15,4,4,여의도,20,"7,8,11,13,14,19,20,35,36,37,39,40,41,43,54,58,71,82,83,88"
275,10:15,5,5,김포공항,1,62
275,10:15,6,6,일산,6,"38,55,64,70,72,76"
275,10:15,7,7,판교,4,"0,18,31,42"
275,10:15,8,8,동탄/용인,1,92
276,10:16,1,1,서울역,10,"2,16,27,45,63,81,84,89,90,99"
276,10:16,10,10,인천공항,2,"25,96"
276,10:16,2,2,수서,3,"4,15,24"
276,10:16,3,3,삼성,4,"6,10,22,48"
276,10:16,4,4,여의도,18,"8,11,13,14,19,20,36,37,39,40,41,43,54,58,71,82,83,88"
276,10:16,5,5,김포공항,1,62
276,10:16,6,6,일산,4,"38,64,72,76"
276,10:16,7,7,판교,4,"0,1,31,42"
276,10:16,8,8,동탄/용인,1,92
276,10:16,9,9,평택,1,86
277,10:17,1,1,서울역,10,"2,16,27,45,63,81,84,89,90,99"
277,10:17,10,10,인천공항,3,"25,46,96"
277,10:17,2,2,수서,3,"4,15,24"
277,10:17,3,3,삼성,6,"10,22,23,32,48,50"
277,10:17,4,4,여의도,18,"8,11,13,14,19,20,36,37,39,40,41,43,54,58,71,82,83,88"
277,10:17,5,5,김포공항,4,"12,28,51,65"
277,10:17,6,6,일산,3,"38,64,72"
277,10:17,7,7,판교,3,"0,1,42"
277,10:17,8,8,동탄/용인,1,92
277,10:17,9,9,평택,1,86
278,10:18,1,1,서울역,11,"2,5,16,27,45,63,81,84,89,90,99"
278,10:18,10,10,인천공항,2,"25,46"
278,10:18,2,2,수서,3,"4,15,24"
278,10:18,3,3,삼성,5,"10,22,23,32,50"
278,10:18,4,4,여의도,19,"11,13,14,19,20,36,37,39,40,41,43,54,58,67,71,82,83,88,98"
278,10:18,5,5,김포공항,4,"12,28,51,65"
278,10:18,6,6,일산,4,"38,64,72,77"
278,10:18,7,7,판교,3,"0,1,42"
278,10:18,8,8,동탄/용인,1,92
278,10:18,9,9,평택,1,86
279,10:19,1,1,서울역,11,"2,5,16,27,45,63,81,84,89,90,99"
279,10:19,10,10,인천공항,2,"25,46"
279,10:19,2,2,수서,4,"4,15,24,49"
279,10:19,3,3,삼성,5,"10,22,23,32,50"
279,10:19,4,4,여의도,18,"11,13,14,19,20,37,39,40,41,43,54,58,67,71,82,83,88,98"
279,10:19,5,5,김포공항,4,"12,28,51,65"
279,10:19,6,6,일산,4,"38,56,72,77"
279,10:19,7,7,판교,4,"0,1,42,69"
279,10:19,8,8,동탄/용인,2,"87,92"
279,10:19,9,9,평택,1,85
280,10:20,1,1,서울역,4,"2,5,63,81"
280,10:20,10,10,인천공항,2,"25,46"
280,10:20,2,2,수서,4,"4,15,24,49"
280,10:20,3,3,삼성,5,"10,22,32,50,80"
280,10:20,4,4,여의도,15,"11,13,14,19,20,30,37,39,40,43,54,58,67,82,98"
280,10:20,5,5,김포공항,5,"12,28,51,52,65"
280,10:20,6,6,일산,5,"38,56,72,73,77"
280,10:20,7,7,판교,3,"0,1,69"
280,10:20,8,8,동탄/용인,2,"87,92"
280,10:20,9,9,평택,1,85
281,10:21,1,1,서울역,5,"2,5,47,63,81"
281,10:21,10,10,인천공항,2,"25,46"
281,10:21,2,2,수서,6,"3,4,15,24,49,59"
281,10:21,3,3,삼성,6,"10,22,32,50,61,80"
281,10:21,4,4,여의도,13,"11,13,14,19,20,30,37,40,43,54,58,82,98"
281,10:21,5,5,김포공항,6,"12,28,29,51,52,65"
281,10:21,6,6,일산,5,"38,56,72,73,77"
281,10:21,7,7,판교,3,"0,1,69"
281,10:21,8,8,동탄/용인,2,"87,92"
281,10:21,9,9,평택,1,85
282,10:22,1,1,서울역,5,"2,5,34,47,63"
282,10:22,10,10,인천공항,2,"25,46"
282,10:22,2,2,수서,7,"3,4,7,15,24,49,59"
282,10:22,3,3,삼성,7,"10,22,32,33,50,61,80"
282,10:22,4,4,여의도,13,"11,13,14,19,20,30,37,40,43,54,58,82,98"
282,10:22,5,5,김포공항,6,"12,28,29,51,52,65"
282,10:22,6,6,일산,4,"38,56,73,77"
282,10:22,7,7,판교,2,"0,69"
282,10:22,8,8,동탄/용인,1,87
283,10:23,1,1,서울역,6,"5,6,34,47,55,63"
283,10:23,10,10,인천공항,1,25
283,10:23,2,2,수서,6,"3,7,15,24,49,59"
283,10:23,3,3,삼성,5,"10,33,50,61,80"
283,10:23,4,4,여의도,15,"11,13,14,17,18,19,20,30,37,40,43,54,58,82,98"
283,10:23,5,5,김포공항,4,"12,28,29,52"
283,10:23,6,6,일산,5,"21,38,56,73,77"
283,10:23,7,7,판교,3,"0,35,69"
283,10:23,8,8,동탄/용인,1,87
283,10:23,9,9,평택,1,75
284,10:24,1,1,서울역,5,"5,6,34,55,63"
284,10:24,10,10,인천공항,1,25
284,10:24,2,2,수서,6,"3,7,15,24,49,59"
284,10:24,3,3,삼성,6,"10,33,50,60,61,80"
284,10:24,4,4,여의도,13,"11,13,14,17,18,19,20,30,31,43,54,58,82"
284,10:24,5,5,김포공항,4,"28,29,52,53"
284,10:24,6,6,일산,5,"21,38,56,73,77"
284,10:24,7,7,판교,3,"0,35,69"
284,10:24,8,8,동탄/용인,1,87
284,10:24,9,9,평택,1,75
285,10:25,1,1,서울역,6,"5,6,34,55,62,63"
285,10:25,10,10,인천공항,1,25
285,10:25,2,2,수서,4,"3,7,24,59"
285,10:25,3,3,삼성,5,"10,33,60,61,80"
285,10:25,4,4,여의도,14,"11,13,14,17,18,19,20,30,31,43,44,54,58,82"
285,10:25,5,5,김포공항,4,"28,29,52,53"
285,10:25,6,6,일산,6,"21,38,57,73,77,79"
285,10:25,7,7,판교,4,"0,8,35,69"
285,10:25,8,8,동탄/용인,1,87
285,10:25,9,9,평택,1,75
286,10:26,1,1,서울역,6,"5,6,34,55,62,63"
286,10:26,10,10,인천공항,2,"9,25"
286,10:26,2,2,수서,4,"3,7,59,88"
286,10:26,3,3,삼성,8,"10,16,33,36,60,61,90,99"
286,10:26,4,4,여의도,14,"11,13,14,17,18,19,20,30,31,43,44,54,58,82"
286,10:26,5,5,김포공항,6,"29,48,52,53,71,83"
286,10:26,6,6,일산,5,"21,38,57,73,79"
286,10:26,7,7,판교,4,"0,8,35,69"
286,10:26,8,8,동탄/용인,1,87
286,10:26,9,9,평택,1,75
287,10:27,1,1,서울역,7,"5,6,34,42,55,62,63"
287,10:27,10,10,인천공항,3,"9,25,70"
287,10:27,2,2,수서,5,"3,7,45,59,88"
287,10:27,3,3,삼성,7,"10,16,33,36,60,90,99"
287,10:27,4,4,여의도,16,"11,13,14,17,18,20,23,30,31,43,44,54,58,68,82,94"
287,10:27,5,5,김포공항,6,"29,48,52,53,71,83"
287,10:27,6,6,일산,8,"21,38,57,73,74,79,84,89"
287,10:27,7,7,판교,4,"0,8,35,41"
287,10:27,8,8,동탄/용인,1,93
287,10:27,9,9,평택,1,75
288,10:28,1,1,서울역,7,"5,6,34,42,55,62,63"
288,10:28,10,10,인천공항,3,"9,25,70"
288,10:28,2,2,수서,6,"3,7,26,45,59,88"
288,10:28,3,3,삼성,7,"10,16,36,39,60,90,99"
288,10:28,4,4,여의도,16,"11,13,14,17,18,23,30,31,43,44,47,54,58,68,82,94"
288,10:28,5,5,김포공항,6,"29,48,52,53,71,83"
288,10:28,6,6,일산,8,"21,38,57,73,74,79,84,89"
288,10:28,7,7,판교,3,"8,35,41"
288,10:28,8,8,동탄/용인,1,93
288,10:28,9,9,평택,1,75
289,10:29,1,1,서울역,8,"5,6,32,34,42,55,62,63"
289,10:29,10,10,인천공항,3,"9,25,70"
289,10:29,2,2,수서,4,"3,7,26,45"
289,10:29,3,3,삼성,5,"10,36,39,60,64"
289,10:29,4,4,여의도,18,"1,4,11,13,14,17,18,23,30,31,43,44,47,54,58,68,82,94"
289,10:29,5,5,김포공항,3,"29,48,53"
289,10:29,6,6,일산,8,"21,38,57,73,74,79,84,89"
289,10:29,7,7,판교,4,"8,35,41,76"
289,10:29,8,8,동탄/용인,1,93
289,10:29,9,9,평택,2,"66,91"
290,10:30,1,1,서울역,7,"6,32,34,42,55,62,63"
290,10:30,10,10,인천공항,3,"9,25,70"
290,10:30,2,2,수서,3,"3,7,26"
290,10:30,3,3,삼성,5,"10,36,39,64,95"
290,10:30,4,4,여의도,17,"1,4,13,14,17,18,22,23,30,31,43,44,47,54,58,68,82"
290,10:30,5,5,김포공항,3,"29,48,98"
290,10:30,6,6,일산,6,"21,38,57,73,74,79"
290,10:30,7,7,판교,4,"8,35,41,76"
290,10:30,8,8,동탄/용인,1,93
290,10:30,9,9,평택,2,"66,91"
291,10:31,1,1,서울역,9,"6,32,34,42,51,55,62,63,65"
291,10:31,10,10,인천공항,3,"9,25,70"
291,10:31,2,2,수서,3,"3,7,26"
291,10:31,3,3,삼성,6,"10,36,37,39,64,95"
291,10:31,4,4,여의도,16,"1,4,13,14,15,17,18,22,23,30,31,43,54,58,68,82"
291,10:31,5,5,김포공항,4,"2,29,48,98"
291,10:31,6,6,일산,7,"21,38,57,73,74,79,97"
291,10:31,7,7,판교,5,"8,35,40,41,76"
291,10:31,8,8,동탄/용인,1,93
291,10:31,9,9,평택,2,"66,91"
292,10:32,1,1,서울역,10,"6,32,34,42,51,55,56,62,63,65"
292,10:32,10,10,인천공항,3,"9,25,70"
292,10:32,2,2,수서,3,"3,7,26"
292,10:32,3,3,삼성,6,"12,36,37,39,64,95"
292,10:32,4,4,여의도,14,"1,13,14,15,18,22,23,30,31,43,54,58,68,82"
292,10:32,5,5,김포공항,4,"2,29,48,98"
292,10:32,6,6,일산,8,"21,38,57,73,74,78,79,97"
292,10:32,7,7,판교,5,"8,35,40,41,76"
292,10:32,8,8,동탄/용인,2,"27,93"
292,10:32,9,9,평택,2,"66,91"
293,10:33,1,1,서울역,11,"6,32,34,42,51,55,56,61,62,63,65"
293,10:33,10,10,인천공항,4,"9,25,70,72"
293,10:33,2,2,수서,4,"3,7,19,26"
293,10:33,3,3,삼성,7,"12,36,37,39,64,95,96"
293,10:33,4,4,여의도,13,"1,13,14,15,18,22,30,31,43,58,68,80,82"
293,10:33,5,5,김포공항,5,"2,29,48,49,50"
293,10:33,6,6,일산,6,"38,57,74,78,79,97"
293,10:33,7,7,판교,5,"8,35,40,41,76"
293,10:33,8,8,동탄/용인,2,"27,93"
293,10:33,9,9,평택,2,"66,91"
294,10:34,1,1,서울역,14,"6,32,33,34,42,51,55,56,61,62,63,65,69,92"
294,10:34,10,10,인천공항,4,"9,25,70,72"
294,10:34,2,2,수서,5,"3,7,19,20,26"
294,10:34,3,3,삼성,7,"12,28,36,37,64,95,96"
294,10:34,4,4,여의도,13,"1,13,14,15,18,22,30,31,43,58,68,80,82"
294,10:34,5,5,김포공항,5,"24,29,48,49,50"
294,10:34,6,6,일산,6,"38,57,74,78,79,97"
294,10:34,7,7,판교,5,"8,35,40,41,76"
294,10:34,8,8,동탄/용인,3,"27,81,93"
294,10:34,9,9,평택,2,"66,91"
295,10:35,1,1,서울역,14,"6,32,33,34,42,51,55,56,61,62,63,65,69,92"
295,10:35,10,10,인천공항,4,"9,25,70,72"
295,10:35,2,2,수서,5,"3,7,19,20,26"
295,10:35,3,3,삼성,7,"12,28,36,37,64,95,96"
295,10:35,4,4,여의도,13,"0,1,13,14,15,18,22,30,31,43,68,80,82"
295,10:35,5,5,김포공항,4,"24,29,49,50"
295,10:35,6,6,일산,5,"38,57,74,78,97"
295,10:35,7,7,판교,5,"8,35,40,41,76"
295,10:35,8,8,동탄/용인,2,"81,93"
295,10:35,9,9,평택,2,"66,91"
296,10:36,1,1,서울역,15,"32,33,34,42,46,51,55,56,59,61,62,63,65,69,92"
296,10:36,10,10,인천공항,4,"9,25,70,72"
296,10:36,2,2,수서,5,"3,7,19,20,26"
296,10:36,3,3,삼성,7,"12,28,36,37,64,95,96"
296,10:36,4,4,여의도,12,"0,1,13,14,15,16,30,31,43,68,80,82"
296,10:36,5,5,김포공항,5,"24,29,49,50,94"
296,10:36,6,6,일산,4,"38,57,78,97"
296,10:36,7,7,판교,5,"8,35,40,41,76"
296,10:36,8,8,동탄/용인,2,"81,93"
296,10:36,9,9,평택,3,"66,67,91"
297,10:37,1,1,서울역,16,"32,33,34,42,46,51,52,55,56,59,61,62,63,65,69,92"
297,10:37,10,10,인천공항,4,"9,25,70,72"
297,10:37,2,2,수서,5,"3,7,19,20,26"
297,10:37,3,3,삼성,7,"12,28,36,37,64,85,96"
297,10:37,4,4,여의도,12,"0,1,13,14,15,16,30,31,43,68,80,82"
297,10:37,5,5,김포공항,5,"24,29,49,50,94"
297,10:37,6,6,일산,4,"38,57,78,97"
297,10:37,7,7,판교,6,"8,11,35,40,41,76"
297,10:37,8,8,동탄/용인,2,"81,93"
297,10:37,9,9,평택,3,"66,67,91"
298,10:38,1,1,서울역,16,"32,33,34,42,46,51,52,55,56,59,61,62,63,65,69,92"
298,10:38,10,10,인천공항,3,"25,70,72"
298,10:38,2,2,수서,5,"3,7,19,20,26"
298,10:38,3,3,삼성,7,"12,28,37,44,53,85,96"
298,10:38,4,4,여의도,13,"0,1,13,14,15,16,30,31,43,68,80,82,87"
298,10:38,5,5,김포공항,8,"4,24,29,45,49,50,60,94"
298,10:38,6,6,일산,4,"38,57,78,97"
298,10:38,7,7,판교,5,"8,11,35,41,77"
298,10:38,8,8,동탄/용인,2,"81,93"
298,10:38,9,9,평택,2,"67,91"
299,10:39,1,1,서울역,16,"32,33,34,42,46,51,52,55,56,59,61,62,63,65,69,92"
299,10:39,10,10,인천공항,3,"25,70,72"
299,10:39,2,2,수서,4,"7,19,20,23"
299,10:39,3,3,삼성,7,"12,28,37,44,53,85,96"
299,10:39,4,4,여의도,13,"0,1,13,14,15,16,30,31,43,68,80,82,87"
299,10:39,5,5,김포공항,8,"4,24,29,45,49,50,60,94"
299,10:39,6,6,일산,4,"38,57,86,97"
299,10:39,7,7,판교,7,"8,11,35,41,71,77,83"
299,10:39,8,8,동탄/용인,2,"81,93"
299,10:39,9,9,평택,2,"67,91"
300,10:40,1,1,서울역,11,"32,33,51,52,55,56,59,61,63,65,69"
300,10:40,10,10,인천공항,3,"25,70,72"
300,10:40,2,2,수서,4,"7,19,20,23"
300,10:40,3,3,삼성,7,"12,28,37,44,53,85,96"
300,10:40,4,4,여의도,12,"0,1,13,14,15,16,31,43,68,80,82,87"
300,10:40,5,5,김포공항,8,"4,10,24,45,49,50,60,94"
300,10:40,6,6,일산,5,"38,57,86,88,97"
300,10:40,7,7,판교,7,"11,35,41,54,71,77,83"
300,10:40,9,9,평택,1,67
301,10:41,1,1,서울역,9,"32,33,52,55,56,59,63,65,69"
301,10:41,10,10,인천공항,3,"25,70,72"
301,10:41,2,2,수서,5,"7,19,20,23,98"
301,10:41,3,3,삼성,7,"12,28,37,44,53,85,96"
301,10:41,4,4,여의도,12,"0,1,13,14,15,16,31,43,68,80,82,87"
301,10:41,5,5,김포공항,7,"10,24,45,49,50,60,94"
301,10:41,6,6,일산,4,"57,86,88,97"
301,10:41,7,7,판교,7,"11,35,41,54,71,77,83"
301,10:41,9,9,평택,1,67
302,10:42,1,1,서울역,10,"2,32,33,52,55,56,59,63,65,69"
302,10:42,10,10,인천공항,3,"25,70,72"
302,10:42,2,2,수서,6,"7,19,20,22,23,98"
302,10:42,3,3,삼성,8,"12,28,37,44,53,58,85,96"
302,10:42,4,4,여의도,11,"0,1,13,15,16,31,43,68,80,82,87"
302,10:42,5,5,김포공항,7,"10,24,39,45,49,50,60"
302,10:42,6,6,일산,4,"57,86,88,97"
302,10:42,7,7,판교,9,"11,35,41,54,71,77,83,84,89"
302,10:42,9,9,평택,1,67
303,10:43,1,1,서울역,8,"2,32,33,52,55,59,65,69"
303,10:43,10,10,인천공항,4,"5,25,70,72"
303,10:43,2,2,수서,6,"7,19,20,22,23,98"
303,10:43,3,3,삼성,9,"12,28,37,44,48,53,58,73,85"
303,10:43,4,4,여의도,10,"0,1,13,15,16,31,43,68,82,87"
303,10:43,5,5,김포공항,6,"10,39,45,49,50,60"
303,10:43,6,6,일산,4,"57,86,88,97"
303,10:43,7,7,판교,9,"11,35,41,54,71,77,83,84,89"
303,10:43,9,9,평택,1,67
304,10:44,1,1,서울역,8,"2,32,33,36,52,59,65,69"
304,10:44,10,10,인천공항,4,"5,25,70,72"
304,10:44,2,2,수서,6,"7,19,20,22,23,98"
304,10:44,3,3,삼성,10,"12,28,37,44,48,53,58,73,75,85"
304,10:44,4,4,여의도,9,"0,1,13,15,16,43,68,82,87"
304,10:44,5,5,김포공항,6,"10,39,45,49,50,60"
304,10:44,6,6,일산,4,"57,86,88,97"
304,10:44,7,7,판교,9,"11,35,41,54,71,77,83,84,89"
304,10:44,9,9,평택,3,"67,90,99"
305,10:45,1,1,서울역,8,"2,32,33,36,52,59,65,69"
305,10:45,10,10,인천공항,4,"5,25,70,72"
305,10:45,2,2,수서,6,"7,19,20,22,23,98"
305,10:45,3,3,삼성,10,"12,28,37,44,48,53,58,73,75,85"
305,10:45,4,4,여의도,13,"0,1,3,13,15,16,40,43,61,68,76,82,87"
305,10:45,5,5,김포공항,7,"10,39,45,49,50,60,95"
305,10:45,6,6,일산,4,"57,86,88,97"
305,10:45,7,7,판교,9,"11,21,41,54,71,77,83,84,89"
305,10:45,9,9,평택,3,"67,90,99"
306,10:46,1,1,서울역,9,"2,26,32,33,36,52,59,65,69"
306,10:46,10,10,인천공항,3,"5,70,72"
306,10:46,2,2,수서,8,"7,19,20,22,23,30,79,98"
306,10:46,3,3,삼성,11,"12,28,37,44,48,53,58,73,75,85,92"
306,10:46,4,4,여의도,13,"0,1,3,13,15,16,40,43,61,68,76,82,87"
306,10:46,5,5,김포공항,8,"10,39,45,49,50,60,64,95"
306,10:46,6,6,일산,4,"57,86,88,97"
306,10:46,7,7,판교,9,"11,21,41,54,71,77,83,84,89"
306,10:46,8,8,동탄/용인,1,91
306,10:46,9,9,평택,4,"47,67,90,99"
307,10:47,1,1,서울역,11,"2,8,26,27,32,33,36,52,59,65,69"
307,10:47,10,10,인천공항,3,"5,70,72"
307,10:47,2,2,수서,8,"7,20,22,23,30,74,79,98"
307,10:47,3,3,삼성,10,"12,28,44,48,53,58,73,75,85,92"
307,10:47,4,4,여의도,12,"0,1,3,15,16,40,43,61,68,76,82,87"
307,10:47,5,5,김포공항,8,"10,39,45,49,50,60,64,95"
307,10:47,6,6,일산,5,"46,57,62,88,97"
307,10:47,7,7,판교,9,"11,21,41,54,71,77,83,84,89"
307,10:47,8,8,동탄/용인,1,91
307,10:47,9,9,평택,5,"17,47,67,90,99"
308,10:48,1,1,서울역,9,"8,26,27,33,36,52,59,65,69"
308,10:48,10,10,인천공항,3,"5,70,72"
308,10:48,2,2,수서,8,"7,20,22,23,30,74,79,98"
308,10:48,3,3,삼성,9,"12,44,48,53,58,73,75,85,92"
308,10:48,4,4,여의도,11,"0,1,3,15,16,40,43,68,76,82,87"
308,10:48,5,5,김포공항,7,"10,42,45,49,50,64,95"
308,10:48,6,6,일산,6,"46,51,57,62,88,97"
308,10:48,7,7,판교,8,"11,21,54,71,77,83,84,89"
308,10:48,8,8,동탄/용인,1,91
308,10:48,9,9,평택,5,"17,47,67,90,99"
309,10:49,1,1,서울역,8,"4,8,26,27,33,36,52,59"
309,10:49,10,10,인천공항,4,"5,6,70,72"
309,10:49,2,2,수서,7,"7,20,22,30,74,79,98"
309,10:49,3,3,삼성,10,"12,14,44,48,53,58,73,75,85,92"
309,10:49,4,4,여의도,11,"0,1,3,15,16,40,43,68,76,82,87"
309,10:49,5,5,김포공항,5,"10,42,45,64,95"
309,10:49,6,6,일산,6,"46,51,57,62,88,97"
309,10:49,7,7,판교,8,"11,21,54,71,77,83,84,89"
309,10:49,9,9,평택,4,"17,47,90,99"
310,10:50,1,1,서울역,7,"4,8,26,27,33,36,59"
310,10:50,10,10,인천공항,5,"5,6,70,72,78"
310,10:50,2,2,수서,8,"7,20,22,30,74,79,94,98"
310,10:50,3,3,삼성,11,"12,14,44,48,53,58,73,75,85,92,93"
310,10:50,4,4,여의도,9,"0,3,15,16,40,43,68,76,87"
310,10:50,5,5,김포공항,4,"10,42,64,95"
310,10:50,6,6,일산,5,"51,57,63,88,97"
310,10:50,7,7,판교,10,"11,21,29,54,71,77,80,83,84,89"
310,10:50,9,9,평택,2,"17,47"
311,10:51,1,1,서울역,8,"4,8,24,26,27,33,36,59"
311,10:51,10,10,인천공항,5,"5,6,70,72,78"
311,10:51,2,2,수서,7,"7,22,30,74,79,94,98"
311,10:51,3,3,삼성,12,"12,14,31,44,48,53,58,73,75,85,92,93"
311,10:51,4,4,여의도,10,"0,3,15,16,40,43,68,76,81,87"
311,10:51,5,5,김포공항,4,"10,56,64,95"
311,10:51,6,6,일산,6,"51,55,57,63,88,97"
311,10:51,7,7,판교,10,"11,21,29,54,71,77,80,83,84,89"
311,10:51,9,9,평택,3,"17,18,47"
312,10:52,1,1,서울역,8,"4,8,24,26,27,33,35,36"
312,10:52,10,10,인천공항,4,"5,6,72,78"
312,10:52,2,2,수서,7,"7,22,30,74,79,94,98"
312,10:52,3,3,삼성,11,"12,14,31,44,48,53,58,73,75,85,93"
312,10:52,4,4,여의도,9,"0,3,15,16,40,43,76,81,87"
312,10:52,5,5,김포공항,4,"10,56,64,95"
312,10:52,6,6,일산,6,"51,55,57,63,88,97"
312,10:52,7,7,판교,10,"11,21,29,54,71,77,80,83,84,89"
312,10:52,9,9,평택,2,"17,18"
313,10:53,1,1,서울역,8,"4,8,24,26,27,33,35,36"
313,10:53,10,10,인천공항,4,"5,6,72,78"
313,10:53,2,2,수서,7,"7,13,30,74,79,94,98"
313,10:53,3,3,삼성,11,"9,12,14,31,44,48,53,73,75,85,93"
313,10:53,4,4,여의도,11,"0,3,15,16,19,40,65,66,76,81,87"
313,10:53,5,5,김포공항,4,"10,56,64,95"
313,10:53,6,6,일산,5,"51,55,57,88,97"
313,10:53,7,7,판교,11,"11,21,29,38,54,71,77,80,83,84,89"
313,10:53,9,9,평택,2,"17,18"
314,10:54,1,1,서울역,9,"4,8,24,26,27,33,35,36,86"
314,10:54,10,10,인천공항,4,"5,6,72,78"
314,10:54,2,2,수서,7,"7,13,30,74,79,94,98"
314,10:54,3,3,삼성,11,"9,12,14,31,44,48,53,73,75,85,93"
314,10:54,4,4,여의도,12,"0,3,15,16,19,37,40,65,66,76,81,87"
314,10:54,5,5,김포공항,3,"10,64,95"
314,10:54,6,6,일산,4,"51,57,88,97"
314,10:54,7,7,판교,9,"11,29,38,54,71,77,80,83,89"
314,10:54,9,9,평택,2,"17,18"
315,10:55,1,1,서울역,10,"4,8,24,26,27,33,35,36,41,86"
315,10:55,10,10,인천공항,3,"5,72,78"
315,10:55,2,2,수서,5,"7,13,79,94,98"
315,10:55,3,3,삼성,11,"9,12,14,31,44,48,53,73,75,85,93"
315,10:55,4,4,여의도,11,"0,3,15,16,19,37,40,65,66,76,81"
315,10:55,5,5,김포공항,3,"10,64,95"
315,10:55,6,6,일산,4,"51,57,88,97"
315,10:55,7,7,판교,10,"2,11,29,38,54,71,77,80,83,89"
315,10:55,9,9,평택,2,"17,18"
316,10:56,1,1,서울역,11,"4,8,24,26,27,33,35,36,39,41,86"
316,10:56,10,10,인천공항,3,"5,72,78"
316,10:56,2,2,수서,6,"7,13,60,79,94,98"
316,10:56,3,3,삼성,11,"9,12,14,31,44,48,53,73,75,85,93"
316,10:56,4,4,여의도,11,"0,3,15,16,19,37,40,65,66,76,81"
316,10:56,5,5,김포공항,4,"10,28,64,95"
316,10:56,6,6,일산,4,"57,69,88,97"
316,10:56,7,7,판교,10,"2,11,29,38,54,71,77,80,83,89"
316,10:56,9,9,평택,3,"17,18,34"
317,10:57,1,1,서울역,11,"4,8,24,26,27,33,35,36,39,41,86"
317,10:57,10,10,인천공항,3,"5,72,78"
317,10:57,2,2,수서,6,"7,13,60,79,94,98"
317,10:57,3,3,삼성,11,"9,14,31,44,48,49,50,53,75,82,93"
317,10:57,4,4,여의도,10,"3,15,16,19,20,37,65,66,76,81"
317,10:57,5,5,김포공항,5,"10,23,28,64,95"
317,10:57,6,6,일산,4,"57,69,88,97"
317,10:57,7,7,판교,11,"1,2,11,29,38,54,71,77,80,83,89"
317,10:57,9,9,평택,2,"17,34"
318,10:58,1,1,서울역,11,"8,24,26,27,33,35,36,39,41,45,86"
318,10:58,10,10,인천공항,3,"5,72,78"
318,10:58,2,2,수서,7,"7,13,60,68,79,94,98"
318,10:58,3,3,삼성,10,"9,31,44,48,49,50,53,75,82,93"
318,10:58,4,4,여의도,11,"3,15,16,19,20,25,37,65,66,76,81"
318,10:58,5,5,김포공항,5,"10,23,28,52,95"
318,10:58,6,6,일산,4,"57,69,88,97"
318,10:58,7,7,판교,11,"1,2,11,29,38,54,71,77,80,83,89"
318,10:58,9,9,평택,3,"17,34,96"
319,10:59,1,1,서울역,11,"8,24,26,27,33,35,36,39,41,45,86"
319,10:59,10,10,인천공항,2,"5,78"
319,10:59,2,2,수서,8,"7,13,43,60,68,79,94,98"
319,10:59,3,3,삼성,10,"9,44,48,49,50,53,75,82,91,93"
319,10:59,4,4,여의도,9,"3,15,16,20,25,37,66,76,81"
319,10:59,5,5,김포공항,5,"10,23,28,52,95"
319,10:59,6,6,일산,5,"57,59,69,88,97"
319,10:59,7,7,판교,10,"1,2,11,29,38,71,77,80,83,89"
319,10:59,9,9,평택,3,"17,34,96"
320,11:00,1,1,서울역,11,"8,22,24,26,27,33,35,39,41,45,86"
320,11:00,10,10,인천공항,2,"5,78"
320,11:00,2,2,수서,8,"7,13,43,60,68,79,94,98"
320,11:00,3,3,삼성,9,"9,44,49,50,53,75,82,91,93"
320,11:00,4,4,여의도,9,"3,15,16,20,25,37,66,76,81"
320,11:00,5,5,김포공항,4,"23,28,52,95"
320,11:00,6,6,일산,5,"57,59,69,88,97"
320,11:00,7,7,판교,10,"1,2,11,29,38,71,77,80,83,89"
320,11:00,9,9,평택,3,"17,34,96"
321,11:01,1,1,서울역,11,"8,22,24,26,27,33,35,39,41,45,86"
321,11:01,10,10,인천공항,3,"5,42,78"
321,11:01,2,2,수서,9,"7,13,43,46,60,68,79,94,98"
321,11:01,3,3,삼성,9,"9,44,49,50,53,75,82,91,93"
321,11:01,4,4,여의도,9,"15,16,20,21,25,37,66,76,81"
321,11:01,5,5,김포공항,5,"23,28,52,58,95"
321,11:01,6,6,일산,5,"57,59,69,88,97"
321,11:01,7,7,판교,10,"1,2,11,29,38,71,77,80,83,89"
321,11:01,9,9,평택,3,"17,34,96"
322,11:02,1,1,서울역,11,"8,22,24,26,27,33,35,39,41,45,86"
322,11:02,10,10,인천공항,3,"5,42,78"
322,11:02,2,2,수서,9,"7,13,43,46,60,68,79,94,98"
322,11:02,3,3,삼성,9,"9,44,49,50,53,75,82,91,93"
322,11:02,4,4,여의도,8,"15,16,20,21,25,37,76,81"
322,11:02,5,5,김포공항,5,"23,28,52,58,95"
322,11:02,6,6,일산,3,"57,88,97"
322,11:02,7,7,판교,12,"1,2,11,29,38,62,71,77,80,83,87,89"
322,11:02,9,9,평택,3,"17,34,96"
323,11:03,1,1,서울역,10,"12,22,26,27,33,35,39,41,45,86"
323,11:03,10,10,인천공항,3,"5,42,78"
323,11:03,2,2,수서,9,"7,13,43,46,60,68,79,94,98"
323,11:03,3,3,삼성,9,"9,44,49,50,53,75,82,91,93"
323,11:03,4,4,여의도,8,"15,16,20,21,25,37,76,81"
323,11:03,5,5,김포공항,6,"28,30,52,58,74,95"
323,11:03,6,6,일산,3,"57,88,97"
323,11:03,7,7,판교,11,"1,11,29,38,62,71,77,80,83,87,89"
323,11:03,9,9,평택,4,"17,34,61,96"
324,11:04,1,1,서울역,11,"12,14,22,26,27,33,35,39,41,45,86"
324,11:04,10,10,인천공항,4,"5,42,56,78"
324,11:04,2,2,수서,9,"7,13,43,46,60,68,79,94,98"
324,11:04,3,3,삼성,9,"9,44,49,50,53,75,82,91,93"
324,11:04,4,4,여의도,8,"15,16,20,21,37,70,76,81"
324,11:04,5,5,김포공항,6,"28,30,58,74,84,95"
324,11:04,6,6,일산,3,"57,88,97"
324,11:04,7,7,판교,12,"0,1,11,29,38,62,71,77,80,83,87,89"
324,11:04,9,9,평택,5,"17,32,34,61,96"
325,11:05,1,1,서울역,12,"12,14,22,26,27,33,35,39,41,45,67,86"
325,11:05,10,10,인천공항,5,"5,42,55,56,78"
325,11:05,2,2,수서,7,"43,46,60,68,79,94,98"
325,11:05,3,3,삼성,7,"49,50,53,82,90,91,93"
325,11:05,4,4,여의도,9,"15,16,20,21,37,70,76,81,99"
325,11:05,5,5,김포공항,7,"28,30,58,73,74,84,95"
325,11:05,6,6,일산,3,"57,88,97"
325,11:05,7,7,판교,12,"0,1,29,38,62,63,71,77,80,83,87,89"
325,11:05,9,9,평택,5,"17,32,34,61,96"
326,11:06,1,1,서울역,11,"12,14,22,26,27,35,39,41,45,67,86"
326,11:06,10,10,인천공항,5,"5,42,55,56,78"
326,11:06,2,2,수서,7,"43,46,60,68,79,94,98"
326,11:06,3,3,삼성,8,"19,49,53,64,82,90,91,93"
326,11:06,4,4,여의도,9,"16,20,21,37,54,70,76,81,99"
326,11:06,5,5,김포공항,6,"28,30,58,73,74,84"
326,11:06,6,6,일산,4,"6,57,88,97"
326,11:06,7,7,판교,12,"0,1,29,38,62,63,71,77,80,83,87,89"
326,11:06,9,9,평택,5,"17,32,34,61,96"
327,11:07,1,1,서울역,10,"12,22,26,27,35,39,41,45,67,86"
327,11:07,10,10,인천공항,5,"5,42,55,56,78"
327,11:07,2,2,수서,9,"3,43,46,51,60,68,79,94,98"
327,11:07,3,3,삼성,7,"19,49,53,64,90,91,93"
327,11:07,4,4,여의도,10,"16,20,21,37,47,48,54,70,81,99"
327,11:07,5,5,김포공항,6,"28,30,58,73,74,84"
327,11:07,6,6,일산,4,"6,36,85,97"
327,11:07,7,7,판교,11,"0,1,29,38,62,63,71,77,83,87,89"
327,11:07,9,9,평택,6,"17,32,34,61,92,96"
328,11:08,1,1,서울역,10,"10,12,22,26,27,35,41,45,67,86"
328,11:08,10,10,인천공항,5,"5,42,55,56,78"
328,11:08,2,2,수서,10,"3,43,46,51,60,66,68,79,94,98"
328,11:08,3,3,삼성,7,"19,49,53,64,90,91,93"
328,11:08,4,4,여의도,10,"16,20,21,37,47,48,54,70,81,99"
328,11:08,5,5,김포공항,5,"30,58,73,74,84"
328,11:08,6,6,일산,3,"6,36,85"
328,11:08,7,7,판교,10,"0,1,38,62,63,71,77,83,87,89"
328,11:08,9,9,평택,5,"17,32,61,92,96"
329,11:09,1,1,서울역,10,"10,12,22,26,27,35,41,45,67,86"
329,11:09,10,10,인천공항,6,"5,40,42,55,56,78"
329,11:09,2,2,수서,10,"3,43,46,51,60,66,68,79,94,98"
329,11:09,3,3,삼성,7,"19,49,53,64,90,91,93"
329,11:09,4,4,여의도,10,"16,20,21,37,47,48,54,70,81,99"
329,11:09,5,5,김포공항,4,"58,73,74,84"
329,11:09,6,6,일산,3,"6,36,85"
329,11:09,7,7,판교,9,"0,1,62,63,71,77,83,87,89"
329,11:09,9,9,평택,5,"17,32,61,92,96"
330,11:10,1,1,서울역,10,"10,12,22,26,27,35,41,45,67,86"
330,11:10,10,10,인천공항,6,"5,40,42,55,56,78"
330,11:10,2,2,수서,10,"3,43,46,51,60,66,68,79,94,98"
330,11:10,3,3,삼성,7,"19,49,53,64,90,91,93"
330,11:10,4,4,여의도,11,"2,16,20,21,37,47,48,54,70,81,99"
330,11:10,5,5,김포공항,4,"58,73,74,84"
330,11:10,6,6,일산,3,"6,36,85"
330,11:10,7,7,판교,8,"0,1,63,71,77,83,87,89"
330,11:10,9,9,평택,4,"32,61,92,96"
331,11:11,1,1,서울역,12,"9,10,12,22,26,27,35,41,44,45,67,86"
331,11:11,10,10,인천공항,7,"4,5,40,42,55,56,78"
331,11:11,2,2,수서,11,"3,23,43,46,51,60,66,68,79,94,98"
331,11:11,3,3,삼성,6,"19,53,64,90,91,93"
331,11:11,4,4,여의도,12,"2,14,16,20,21,37,47,48,54,70,72,81"
331,11:11,5,5,김포공항,4,"58,73,74,84"
331,11:11,6,6,일산,3,"6,36,85"
331,11:11,7,7,판교,8,"0,1,63,71,77,83,87,89"
331,11:11,9,9,평택,4,"32,61,92,96"
332,11:12,1,1,서울역,11,"9,10,12,26,27,35,41,44,45,67,86"
332,11:12,10,10,인천공항,6,"4,40,42,55,56,78"
332,11:12,2,2,수서,12,"3,15,23,43,46,51,60,66,68,79,94,98"
332,11:12,3,3,삼성,5,"19,53,64,90,93"
332,11:12,4,4,여의도,13,"2,11,14,16,18,21,37,47,48,54,70,72,81"
332,11:12,5,5,김포공항,4,"58,73,74,84"
332,11:12,6,6,일산,3,"6,36,85"
332,11:12,7,7,판교,8,"0,1,63,71,77,83,87,89"
332,11:12,9,9,평택,4,"32,61,92,96"
333,11:13,1,1,서울역,11,"9,10,12,26,27,35,41,44,45,67,86"
333,11:13,10,10,인천공항,5,"4,40,55,56,78"
333,11:13,2,2,수서,13,"3,15,23,43,46,51,59,60,66,68,79,94,98"
333,11:13,3,3,삼성,5,"19,53,64,90,93"
333,11:13,4,4,여의도,11,"2,11,14,16,18,21,48,50,54,70,72"
333,11:13,5,5,김포공항,7,"7,13,58,73,74,75,84"
333,11:13,6,6,일산,2,"6,85"
333,11:13,7,7,판교,8,"0,1,63,71,77,83,87,89"
333,11:13,9,9,평택,4,"32,61,92,96"
334,11:14,1,1,서울역,12,"9,10,12,26,27,35,41,44,45,67,86,88"
334,11:14,10,10,인천공항,5,"4,40,55,56,78"
334,11:14,2,2,수서,13,"3,15,23,43,46,51,59,60,66,68,79,94,98"
334,11:14,3,3,삼성,6,"19,53,64,76,90,93"
334,11:14,4,4,여의도,11,"2,11,14,16,18,21,48,50,54,70,72"
334,11:14,5,5,김포공항,7,"7,13,58,73,74,75,84"
334,11:14,6,6,일산,2,"6,85"
334,11:14,7,7,판교,9,"1,52,63,69,71,77,83,87,89"
334,11:14,8,8,동탄/용인,1,34
334,11:14,9,9,평택,6,"31,32,61,65,92,96"
335,11:15,1,1,서울역,14,"9,10,12,26,27,29,35,41,44,45,67,86,88,97"
335,11:15,10,10,인천공항,4,"4,40,55,78"
335,11:15,2,2,수서,13,"3,15,23,43,46,51,59,60,66,68,79,94,98"
335,11:15,3,3,삼성,6,"19,53,64,76,90,93"
335,11:15,4,4,여의도,11,"2,11,14,16,18,21,48,50,54,70,72"
335,11:15,5,5,김포공항,8,"7,13,58,73,74,75,82,84"
335,11:15,6,6,일산,3,"6,39,85"
335,11:15,7,7,판교,9,"1,52,63,69,71,77,83,87,89"
335,11:15,8,8,동탄/용인,1,34
335,11:15,9,9,평택,6,"31,32,61,65,92,96"
336,11:16,1,1,서울역,14,"9,10,12,26,27,29,35,41,44,45,67,86,88,97"
336,11:16,10,10,인천공항,6,"4,8,24,40,55,78"
336,11:16,2,2,수서,13,"3,15,23,43,46,51,59,60,66,68,79,94,98"
336,11:16,3,3,삼성,7,"19,28,53,64,76,90,93"
336,11:16,4,4,여의도,12,"2,11,14,16,18,21,38,48,50,54,70,72"
336,11:16,5,5,김포공항,8,"7,13,58,73,74,75,82,84"
336,11:16,6,6,일산,3,"6,39,85"
336,11:16,7,7,판교,10,"1,52,63,69,71,77,83,87,89,95"
336,11:16,8,8,동탄/용인,1,34
336,11:16,9,9,평택,6,"31,32,61,65,92,96"
337,11:17,1,1,서울역,14,"9,10,12,26,27,29,35,41,44,45,49,67,86,97"
337,11:17,10,10,인천공항,6,"4,8,24,40,55,78"
337,11:17,2,2,수서,14,"3,15,23,30,43,46,51,59,60,66,68,79,94,98"
337,11:17,3,3,삼성,7,"19,28,53,64,76,90,93"
337,11:17,4,4,여의도,13,"2,11,14,16,18,21,38,48,50,54,62,70,72"
337,11:17,5,5,김포공항,8,"7,13,58,73,74,75,82,84"
337,11:17,6,6,일산,3,"6,39,85"
337,11:17,7,7,판교,10,"1,52,63,69,71,77,83,87,89,95"
337,11:17,8,8,동탄/용인,1,34
337,11:17,9,9,평택,6,"31,32,61,65,92,96"
338,11:18,1,1,서울역,14,"9,10,12,26,27,29,35,41,44,45,49,67,86,97"
338,11:18,10,10,인천공항,6,"4,8,24,40,55,78"
338,11:18,2,2,수서,14,"3,15,23,30,43,46,51,59,60,66,68,79,94,98"
338,11:18,3,3,삼성,6,"19,28,53,76,90,93"
338,11:18,4,4,여의도,12,"2,11,16,18,21,38,48,50,54,62,70,72"
338,11:18,5,5,김포공항,7,"7,13,58,73,74,75,84"
338,11:18,6,6,일산,3,"6,39,85"
338,11:18,7,7,판교,11,"1,52,63,69,71,77,83,87,89,95,99"
338,11:18,8,8,동탄/용인,1,34
338,11:18,9,9,평택,6,"31,32,61,65,92,96"
339,11:19,1,1,서울역,13,"9,10,26,27,29,35,41,44,45,49,67,86,97"
339,11:19,10,10,인천공항,6,"4,8,24,40,55,78"
339,11:19,2,2,수서,15,"3,15,23,30,37,43,46,47,59,60,66,68,79,94,98"
339,11:19,3,3,삼성,5,"28,53,76,90,93"
339,11:19,4,4,여의도,12,"2,11,16,18,21,38,48,50,54,62,70,72"
339,11:19,5,5,김포공항,6,"13,58,73,74,75,84"
339,11:19,6,6,일산,4,"6,39,80,85"
339,11:19,7,7,판교,11,"1,52,57,69,71,77,83,87,89,95,99"
339,11:19,8,8,동탄/용인,1,34
339,11:19,9,9,평택,7,"25,31,32,61,65,92,96"
340,11:20,1,1,서울역,13,"9,10,26,27,29,35,41,44,45,49,67,86,97"
340,11:20,10,10,인천공항,6,"4,8,24,40,55,78"
340,11:20,2,2,수서,14,"3,15,30,37,43,46,47,59,60,66,68,79,94,98"
340,11:20,3,3,삼성,6,"28,53,76,81,90,93"
340,11:20,4,4,여의도,11,"2,11,16,18,21,38,48,50,54,62,70"
340,11:20,5,5,김포공항,6,"13,58,73,74,75,84"
340,11:20,6,6,일산,4,"6,39,80,85"
340,11:20,7,7,판교,11,"1,52,57,69,71,77,83,87,89,95,99"
340,11:20,8,8,동탄/용인,1,34
340,11:20,9,9,평택,7,"25,31,32,61,65,92,96"
341,11:21,1,1,서울역,13,"9,10,26,27,29,35,41,44,45,49,67,86,97"
341,11:21,10,10,인천공항,5,"4,8,24,55,78"
341,11:21,2,2,수서,14,"3,15,30,37,43,46,47,59,60,66,68,79,94,98"
341,11:21,3,3,삼성,6,"28,53,76,81,90,93"
341,11:21,4,4,여의도,12,"0,2,11,16,18,21,38,48,50,54,62,70"
341,11:21,5,5,김포공항,6,"13,58,73,74,75,84"
341,11:21,6,6,일산,3,"6,80,85"
341,11:21,7,7,판교,11,"1,52,57,69,71,77,83,87,89,95,99"
341,11:21,9,9,평택,7,"25,31,32,61,65,92,96"
342,11:22,1,1,서울역,13,"9,10,26,27,29,35,41,44,45,49,67,86,97"
342,11:22,10,10,인천공항,5,"4,8,24,55,78"
342,11:22,2,2,수서,14,"3,15,30,37,43,46,47,59,60,66,68,79,94,98"
342,11:22,3,3,삼성,6,"28,53,76,81,90,93"
342,11:22,4,4,여의도,11,"0,2,11,18,21,38,48,50,54,62,70"
342,11:22,5,5,김포공항,6,"13,58,73,74,75,84"
342,11:22,6,6,일산,3,"6,80,85"
342,11:22,7,7,판교,11,"1,52,57,69,71,77,83,87,89,95,99"
342,11:22,9,9,평택,8,"25,31,32,33,61,65,92,96"
343,11:23,1,1,서울역,12,"10,26,27,29,35,41,44,45,49,67,86,97"
343,11:23,10,10,인천공항,5,"4,8,24,55,78"
343,11:23,2,2,수서,14,"3,15,30,37,43,46,47,59,60,66,68,79,94,98"
343,11:23,3,3,삼성,6,"28,53,76,81,90,93"
343,11:23,4,4,여의도,11,"0,2,11,18,21,38,48,50,54,62,70"
343,11:23,5,5,김포공항,6,"13,58,73,74,75,84"
343,11:23,6,6,일산,3,"6,80,85"
343,11:23,7,7,판교,10,"1,57,69,71,77,83,87,89,95,99"
343,11:23,9,9,평택,8,"25,31,32,33,61,65,92,96"
344,11:24,1,1,서울역,11,"26,27,29,35,41,44,45,49,67,86,97"
344,11:24,10,10,인천공항,5,"4,8,24,55,78"
344,11:24,2,2,수서,14,"3,15,30,37,43,46,47,59,60,66,68,79,94,98"
344,11:24,3,3,삼성,6,"28,53,76,81,90,93"
344,11:24,4,4,여의도,12,"0,2,5,11,18,21,38,48,50,54,62,70"
344,11:24,5,5,김포공항,5,"13,73,74,75,84"
344,11:24,6,6,일산,2,"80,85"
344,11:24,7,7,판교,11,"1,57,69,71,77,83,87,88,89,95,99"
344,11:24,9,9,평택,7,"25,31,32,33,61,65,92"
345,11:25,1,1,서울역,11,"26,27,29,35,41,44,45,49,67,86,97"
345,11:25,10,10,인천공항,5,"4,8,24,55,78"
345,11:25,2,2,수서,14,"3,15,30,37,43,46,47,59,60,66,68,79,94,98"
345,11:25,3,3,삼성,5,"53,76,81,90,93"
345,11:25,4,4,여의도,14,"0,2,5,11,17,18,21,38,42,48,50,54,62,70"
345,11:25,5,5,김포공항,4,"73,74,75,84"
345,11:25,6,6,일산,2,"80,85"
345,11:25,7,7,판교,11,"1,36,69,71,77,83,87,88,89,95,99"
345,11:25,9,9,평택,6,"25,32,33,61,65,92"
346,11:26,1,1,서울역,10,"26,27,29,35,41,44,45,49,86,97"
346,11:26,10,10,인천공항,5,"4,8,24,55,78"
346,11:26,2,2,수서,13,"3,15,37,43,46,47,59,60,66,68,79,94,98"
346,11:26,3,3,삼성,5,"53,76,81,90,93"
346,11:26,4,4,여의도,14,"0,2,5,17,18,23,38,42,48,50,54,62,63,70"
346,11:26,5,5,김포공항,4,"73,74,75,84"
346,11:26,6,6,일산,2,"80,85"
346,11:26,7,7,판교,12,"1,12,36,69,71,77,83,87,88,89,95,99"
346,11:26,9,9,평택,6,"25,32,33,61,65,92"
347,11:27,1,1,서울역,9,"26,27,29,35,41,44,45,86,97"
347,11:27,10,10,인천공항,5,"4,8,24,55,78"
347,11:27,2,2,수서,13,"3,15,37,43,46,47,59,60,66,68,79,94,98"
347,11:27,3,3,삼성,6,"7,53,76,81,90,93"
347,11:27,4,4,여의도,14,"0,2,5,17,18,23,38,42,48,50,54,62,63,70"
347,11:27,5,5,김포공항,3,"51,74,84"
347,11:27,6,6,일산,2,"80,85"
347,11:27,7,7,판교,13,"1,12,36,69,71,72,77,83,87,88,89,95,99"
347,11:27,9,9,평택,8,"20,25,32,33,61,65,91,92"
348,11:28,1,1,서울역,9,"26,27,29,35,41,44,45,86,97"
348,11:28,10,10,인천공항,6,"4,8,24,55,78,82"
348,11:28,2,2,수서,13,"3,15,16,43,46,47,59,60,66,68,79,94,98"
348,11:28,3,3,삼성,6,"7,53,76,81,90,93"
348,11:28,4,4,여의도,14,"0,2,5,17,18,23,38,42,48,50,54,62,63,70"
348,11:28,5,5,김포공항,3,"51,74,84"
348,11:28,6,6,일산,2,"64,85"
348,11:28,7,7,판교,13,"1,12,36,69,71,72,77,83,87,88,89,95,99"
348,11:28,9,9,평택,9,"20,22,25,32,33,61,65,91,92"
349,11:29,1,1,서울역,9,"26,27,29,35,41,44,45,86,97"
349,11:29,10,10,인천공항,6,"4,8,24,55,78,82"
349,11:29,2,2,수서,13,"3,15,16,43,46,47,59,60,66,68,79,94,98"
349,11:29,3,3,삼성,6,"7,9,53,81,90,93"
349,11:29,4,4,여의도,14,"0,2,5,17,18,23,38,42,48,50,54,62,63,70"
349,11:29,5,5,김포공항,3,"51,74,84"
349,11:29,6,6,일산,2,"64,85"
349,11:29,7,7,판교,12,"1,12,36,71,72,77,83,87,88,89,95,99"
349,11:29,8,8,동탄/용인,1,14
349,11:29,9,9,평택,9,"20,22,25,32,33,61,65,91,92"
350,11:30,1,1,서울역,9,"26,27,29,35,41,44,45,86,97"
350,11:30,10,10,인천공항,6,"4,8,24,55,78,82"
350,11:30,2,2,수서,13,"3,15,16,43,46,47,59,60,66,68,79,94,98"
350,11:30,3,3,삼성,7,"7,9,53,56,81,90,93"
350,11:30,4,4,여의도,14,"0,2,5,17,18,23,38,42,48,50,52,54,63,70"
350,11:30,5,5,김포공항,2,"51,84"
350,11:30,6,6,일산,2,"64,85"
350,11:30,7,7,판교,11,"12,36,71,72,77,83,87,88,89,95,99"
350,11:30,8,8,동탄/용인,1,14
350,11:30,9,9,평택,8,"20,22,32,33,61,65,91,92"
351,11:31,1,1,서울역,10,"26,27,28,29,35,41,44,45,86,97"
351,11:31,10,10,인천공항,6,"4,8,24,55,78,82"
351,11:31,2,2,수서,14,"3,10,15,16,43,46,47,59,60,66,68,79,94,98"
351,11:31,3,3,삼성,7,"7,9,53,56,81,90,93"
351,11:31,4,4,여의도,14,"0,2,5,17,23,38,42,48,49,50,52,54,63,70"
351,11:31,5,5,김포공항,2,"51,84"
351,11:31,6,6,일산,2,"64,85"
351,11:31,7,7,판교,9,"12,36,72,77,83,87,89,95,99"
351,11:31,8,8,동탄/용인,2,"14,31"
351,11:31,9,9,평택,8,"20,22,32,33,61,65,91,92"
352,11:32,1,1,서울역,10,"26,27,28,29,35,41,44,45,86,97"
352,11:32,10,10,인천공항,6,"4,8,24,55,78,82"
352,11:32,2,2,수서,14,"10,11,15,16,43,46,47,59,60,66,68,79,94,98"
352,11:32,3,3,삼성,8,"7,9,53,56,58,81,90,93"
352,11:32,4,4,여의도,16,"0,2,5,17,23,30,34,38,42,48,49,50,52,57,63,70"
352,11:32,5,5,김포공항,2,"51,84"
352,11:32,6,6,일산,2,"64,85"
352,11:32,7,7,판교,9,"12,36,72,77,83,87,89,95,99"
352,11:32,8,8,동탄/용인,2,"14,31"
352,11:32,9,9,평택,8,"20,22,32,33,61,65,91,92"
353,11:33,1,1,서울역,11,"13,26,27,28,29,35,41,44,45,86,97"
353,11:33,10,10,인천공항,6,"4,8,24,55,78,82"
353,11:33,2,2,수서,14,"10,11,15,16,43,46,47,59,60,66,68,79,94,98"
353,11:33,3,3,삼성,8,"7,9,53,56,58,81,90,93"
353,11:33,4,4,여의도,14,"2,17,23,30,34,38,42,48,49,50,52,57,63,70"
353,11:33,5,5,김포공항,2,"51,84"
353,11:33,6,6,일산,3,"64,67,85"
353,11:33,7,7,판교,11,"12,21,36,39,72,77,83,87,89,95,99"
353,11:33,8,8,동탄/용인,2,"14,31"
353,11:33,9,9,평택,8,"20,22,32,33,61,65,91,92"
354,11:34,1,1,서울역,11,"13,26,27,28,29,35,41,44,45,86,97"
354,11:34,10,10,인천공항,6,"4,8,24,55,78,82"
354,11:34,2,2,수서,14,"10,11,15,16,43,46,47,59,60,66,68,79,94,98"
354,11:34,3,3,삼성,9,"6,7,9,53,56,58,81,90,93"
354,11:34,4,4,여의도,13,"2,23,30,34,38,42,48,49,50,52,57,63,70"
354,11:34,5,5,김포공항,2,"51,84"
354,11:34,6,6,일산,3,"64,67,85"
354,11:34,7,7,판교,11,"12,21,36,39,72,77,83,87,89,95,99"
354,11:34,8,8,동탄/용인,2,"14,31"
354,11:34,9,9,평택,9,"19,20,22,32,33,61,65,91,92"
355,11:35,1,1,서울역,13,"13,26,27,28,29,35,37,41,44,45,80,86,97"
355,11:35,10,10,인천공항,6,"4,8,24,55,78,82"
355,11:35,2,2,수서,14,"10,11,15,16,43,46,47,59,60,66,68,79,94,98"
355,11:35,3,3,삼성,10,"6,7,9,53,56,58,73,81,90,93"
355,11:35,4,4,여의도,12,"2,23,30,38,42,48,49,50,52,57,63,70"
355,11:35,5,5,김포공항,2,"51,84"
355,11:35,6,6,일산,3,"64,67,85"
355,11:35,7,7,판교,11,"12,21,36,39,72,77,83,87,89,95,99"
355,11:35,8,8,동탄/용인,2,"14,31"
355,11:35,9,9,평택,9,"19,20,22,32,33,61,65,91,92"
356,11:36,1,1,서울역,14,"13,26,27,28,29,35,37,41,44,45,69,80,86,97"
356,11:36,10,10,인천공항,6,"4,8,24,55,78,82"
356,11:36,2,2,수서,13,"10,11,15,16,46,47,59,60,66,68,79,94,98"
356,11:36,3,3,삼성,10,"6,7,9,53,56,58,73,81,90,93"
356,11:36,4,4,여의도,12,"2,23,30,38,42,48,49,50,52,57,63,70"
356,11:36,5,5,김포공항,2,"51,84"
356,11:36,6,6,일산,3,"64,67,85"
356,11:36,7,7,판교,11,"12,21,36,39,72,77,83,87,89,95,99"
356,11:36,8,8,동탄/용인,2,"14,31"
356,11:36,9,9,평택,9,"19,20,22,32,33,61,65,91,92"
357,11:37,1,1,서울역,14,"13,26,27,28,29,35,37,41,44,45,69,80,86,97"
357,11:37,10,10,인천공항,6,"4,8,24,55,78,82"
357,11:37,2,2,수서,14,"10,11,15,16,18,46,47,59,60,66,68,79,94,98"
357,11:37,3,3,삼성,9,"6,7,9,56,58,73,81,90,93"
357,11:37,4,4,여의도,10,"1,2,23,30,38,42,48,50,57,70"
357,11:37,5,5,김포공항,2,"51,84"
357,11:37,6,6,일산,2,"67,85"
357,11:37,7,7,판교,11,"12,21,39,62,72,77,83,87,89,95,99"
357,11:37,8,8,동탄/용인,1,14
357,11:37,9,9,평택,9,"19,20,22,32,33,61,65,91,92"
358,11:38,1,1,서울역,13,"13,26,27,28,29,35,37,41,44,45,69,86,97"
358,11:38,10,10,인천공항,6,"4,8,24,55,78,82"
358,11:38,2,2,수서,13,"10,11,15,16,18,46,59,60,66,68,79,94,98"
358,11:38,3,3,삼성,10,"6,7,9,56,58,73,74,81,90,93"
358,11:38,4,4,여의도,8,"1,2,30,42,48,50,70,71"
358,11:38,5,5,김포공항,2,"51,84"
358,11:38,6,6,일산,2,"67,85"
358,11:38,7,7,판교,10,"12,21,39,62,72,83,87,89,95,99"
358,11:38,8,8,동탄/용인,1,14
358,11:38,9,9,평택,9,"19,20,22,32,33,61,65,91,92"
359,11:39,1,1,서울역,13,"13,26,27,28,29,35,37,41,44,45,69,86,97"
359,11:39,10,10,인천공항,6,"4,8,24,55,78,82"
359,11:39,2,2,수서,13,"10,11,15,16,18,46,59,60,66,68,79,94,98"
359,11:39,3,3,삼성,10,"6,7,9,56,58,73,74,81,90,93"
359,11:39,4,4,여의도,9,"1,2,30,42,48,50,70,71,96"
359,11:39,5,5,김포공항,2,"51,84"
359,11:39,6,6,일산,3,"67,76,85"
359,11:39,7,7,판교,11,"12,21,39,54,62,72,83,87,89,95,99"
359,11:39,8,8,동탄/용인,1,14
359,11:39,9,9,평택,8,"19,22,32,33,61,65,91,92"
360,11:40,1,1,서울역,13,"13,26,27,28,29,35,37,41,44,45,69,86,97"
360,11:40,10,10,인천공항,5,"4,8,55,78,82"
360,11:40,2,2,수서,14,"10,11,15,16,17,18,46,59,60,66,68,79,94,98"
360,11:40,3,3,삼성,9,"6,7,9,56,73,74,81,90,93"
360,11:40,4,4,여의도,9,"1,2,30,42,48,50,70,71,96"
360,11:40,5,5,김포공항,3,"3,51,84"
360,11:40,6,6,일산,3,"67,76,85"
360,11:40,7,7,판교,11,"12,21,39,54,62,72,83,87,89,95,99"
360,11:40,8,8,동탄/용인,1,14
360,11:40,9,9,평택,9,"19,22,32,33,40,61,65,91,92"
361,11:41,1,1,서울역,13,"13,26,27,28,29,35,37,41,44,45,69,86,97"
361,11:41,10,10,인천공항,5,"4,8,55,78,82"
361,11:41,2,2,수서,14,"10,11,15,16,17,18,46,59,60,66,68,79,94,98"
361,11:41,3,3,삼성,9,"6,7,9,56,73,74,81,90,93"
361,11:41,4,4,여의도,9,"1,2,30,42,48,50,70,71,96"
361,11:41,5,5,김포공항,3,"3,51,84"
361,11:41,6,6,일산,2,"76,85"
361,11:41,7,7,판교,11,"12,21,39,54,62,72,83,87,89,95,99"
361,11:41,8,8,동탄/용인,1,14
361,11:41,9,9,평택,9,"19,22,32,33,40,61,65,91,92"
362,11:42,1,1,서울역,13,"13,26,27,28,29,35,37,41,44,45,69,86,97"
362,11:42,10,10,인천공항,5,"4,8,55,78,82"
362,11:42,2,2,수서,14,"10,11,15,16,17,18,46,59,60,66,68,79,94,98"
362,11:42,3,3,삼성,9,"6,7,9,56,73,74,81,90,93"
362,11:42,4,4,여의도,9,"1,2,30,42,48,50,70,71,96"
362,11:42,5,5,김포공항,3,"3,51,84"
362,11:42,6,6,일산,2,"34,76"
362,11:42,7,7,판교,10,"12,21,54,62,72,83,87,89,95,99"
362,11:42,8,8,동탄/용인,1,14
362,11:42,9,9,평택,9,"19,22,32,33,40,61,65,91,92"
363,11:43,1,1,서울역,13,"13,26,27,28,29,35,37,41,44,45,69,86,97"
363,11:43,10,10,인천공항,5,"4,8,55,78,82"
363,11:43,2,2,수서,14,"10,11,15,16,17,18,46,59,60,66,68,79,94,98"
363,11:43,3,3,삼성,9,"6,7,9,56,73,74,81,90,93"
363,11:43,4,4,여의도,9,"1,2,30,42,48,50,70,71,96"
363,11:43,5,5,김포공항,3,"3,51,84"
363,11:43,6,6,일산,3,"34,76,88"
363,11:43,7,7,판교,10,"12,21,54,62,72,83,87,89,95,99"
363,11:43,8,8,동탄/용인,1,14
363,11:43,9,9,평택,9,"19,22,32,33,40,61,65,91,92"
364,11:44,1,1,서울역,15,"13,26,27,28,29,35,36,37,41,44,45,64,69,86,97"
364,11:44,10,10,인천공항,5,"4,8,55,78,82"
364,11:44,2,2,수서,16,"10,11,15,16,17,18,23,38,46,59,60,66,68,79,94,98"
364,11:44,3,3,삼성,10,"6,7,9,56,63,73,74,81,90,93"
364,11:44,4,4,여의도,7,"1,30,48,50,70,71,96"
364,11:44,5,5,김포공항,4,"3,43,51,84"
364,11:44,6,6,일산,3,"34,76,88"
364,11:44,7,7,판교,11,"12,21,52,54,62,72,83,87,89,95,99"
364,11:44,8,8,동탄/용인,1,14
364,11:44,9,9,평택,10,"19,22,32,33,40,61,65,75,91,92"
365,11:45,1,1,서울역,15,"13,26,27,28,29,35,36,37,41,44,45,64,69,86,97"
365,11:45,10,10,인천공항,6,"0,4,8,55,78,82"
365,11:45,2,2,수서,15,"10,15,16,17,18,23,38,46,59,60,66,68,79,94,98"
365,11:45,3,3,삼성,10,"6,7,9,56,63,73,74,81,90,93"
365,11:45,4,4,여의도,9,"1,25,30,48,50,70,71,77,96"
365,11:45,5,5,김포공항,5,"3,43,51,53,84"
365,11:45,6,6,일산,3,"34,76,88"
365,11:45,7,7,판교,12,"12,21,52,54,62,72,80,83,87,89,95,99"
365,11:45,8,8,동탄/용인,1,14
365,11:45,9,9,평택,10,"19,22,32,33,40,61,65,75,91,92"
366,11:46,1,1,서울역,15,"13,26,27,28,29,35,36,37,41,44,45,64,69,86,97"
366,11:46,10,10,인천공항,6,"0,4,8,55,78,82"
366,11:46,2,2,수서,15,"10,15,16,17,18,23,38,46,59,60,66,68,79,94,98"
366,11:46,3,3,삼성,10,"6,7,9,56,63,73,74,81,90,93"
366,11:46,4,4,여의도,8,"1,25,48,50,70,71,77,96"
366,11:46,5,5,김포공항,5,"3,43,51,53,84"
366,11:46,6,6,일산,3,"34,76,88"
366,11:46,7,7,판교,11,"12,52,54,62,72,80,83,87,89,95,99"
366,11:46,8,8,동탄/용인,1,14
366,11:46,9,9,평택,10,"19,22,32,33,40,61,65,75,91,92"
367,11:47,1,1,서울역,15,"13,26,27,28,29,35,36,37,41,44,45,64,69,86,97"
367,11:47,10,10,인천공항,6,"0,4,8,55,78,82"
367,11:47,2,2,수서,13,"16,17,18,23,38,46,59,60,66,68,79,94,98"
367,11:47,3,3,삼성,10,"6,7,9,56,63,73,74,81,90,93"
367,11:47,4,4,여의도,7,"25,48,50,70,71,77,96"
367,11:47,5,5,김포공항,5,"3,43,51,53,84"
367,11:47,6,6,일산,3,"34,76,88"
367,11:47,7,7,판교,11,"12,52,54,62,72,80,83,87,89,95,99"
367,11:47,8,8,동탄/용인,1,14
367,11:47,9,9,평택,10,"19,22,32,33,40,61,65,75,91,92"
368,11:48,1,1,서울역,13,"13,26,27,28,29,36,37,44,45,64,69,86,97"
368,11:48,10,10,인천공항,6,"0,4,8,55,78,82"
368,11:48,2,2,수서,13,"16,17,18,23,38,46,59,60,66,68,79,94,98"
368,11:48,3,3,삼성,9,"6,7,9,63,73,74,81,90,93"
368,11:48,4,4,여의도,8,"25,31,48,50,70,71,77,96"
368,11:48,5,5,김포공항,5,"3,43,51,53,84"
368,11:48,6,6,일산,3,"34,76,88"
368,11:48,7,7,판교,11,"12,52,54,62,72,80,83,87,89,95,99"
368,11:48,8,8,동탄/용인,1,14
368,11:48,9,9,평택,10,"5,22,32,33,40,61,65,75,91,92"
369,11:49,1,1,서울역,15,"13,26,27,28,29,36,37,39,44,45,64,69,85,86,97"
369,11:49,10,10,인천공항,6,"0,4,8,55,78,82"
369,11:49,2,2,수서,13,"16,17,18,23,38,46,59,60,66,68,79,94,98"
369,11:49,3,3,삼성,8,"6,9,63,73,74,81,90,93"
369,11:49,4,4,여의도,8,"25,31,48,50,70,71,77,96"
369,11:49,5,5,김포공항,5,"3,43,51,53,84"
369,11:49,6,6,일산,3,"34,47,88"
369,11:49,7,7,판교,11,"12,52,54,62,72,80,83,87,89,95,99"
369,11:49,8,8,동탄/용인,1,14
369,11:49,9,9,평택,10,"5,22,32,33,40,61,65,75,91,92"
370,11:50,1,1,서울역,15,"13,26,27,28,29,36,37,39,44,45,64,69,85,86,97"
370,11:50,10,10,인천공항,7,"0,4,8,55,57,78,82"
370,11:50,2,2,수서,13,"16,17,18,23,42,46,59,60,66,68,79,94,98"
370,11:50,3,3,삼성,8,"6,9,63,73,74,81,90,93"
370,11:50,4,4,여의도,8,"25,31,48,50,70,71,77,96"
370,11:50,5,5,김포공항,4,"3,43,53,84"
370,11:50,6,6,일산,4,"34,47,58,88"
370,11:50,7,7,판교,10,"12,54,62,72,80,83,87,89,95,99"
370,11:50,8,8,동탄/용인,1,14
370,11:50,9,9,평택,10,"5,22,32,33,40,61,65,75,91,92"
371,11:51,1,1,서울역,15,"13,26,27,28,29,36,37,39,44,45,64,69,85,86,97"
371,11:51,10,10,인천공항,7,"0,4,8,55,57,78,82"
371,11:51,2,2,수서,13,"16,17,18,23,42,46,59,60,66,68,79,94,98"
371,11:51,3,3,삼성,8,"6,9,63,73,74,81,90,93"
371,11:51,4,4,여의도,7,"25,48,50,70,71,77,96"
371,11:51,5,5,김포공항,4,"3,43,53,84"
371,11:51,6,6,일산,4,"34,47,58,88"
371,11:51,7,7,판교,10,"2,12,54,62,72,83,87,89,95,99"
371,11:51,8,8,동탄/용인,1,14
371,11:51,9,9,평택,10,"5,22,32,33,40,61,65,75,91,92"
372,11:52,1,1,서울역,15,"11,13,27,28,29,36,37,39,44,45,64,69,85,86,97"
372,11:52,10,10,인천공항,7,"0,4,8,55,57,78,82"
372,11:52,2,2,수서,14,"16,17,18,23,30,42,46,59,60,66,68,79,94,98"
372,11:52,3,3,삼성,8,"6,9,63,73,74,81,90,93"
372,11:52,4,4,여의도,8,"25,41,48,50,70,71,77,96"
372,11:52,5,5,김포공항,4,"3,43,53,84"
372,11:52,6,6,일산,4,"34,47,58,88"
372,11:52,7,7,판교,10,"2,12,54,62,72,83,87,89,95,99"
372,11:52,8,8,동탄/용인,1,14
372,11:52,9,9,평택,11,"5,22,32,33,40,49,61,65,75,91,92"
373,11:53,1,1,서울역,15,"11,13,27,28,29,36,37,39,44,45,64,69,85,86,97"
373,11:53,10,10,인천공항,7,"0,4,8,55,57,78,82"
373,11:53,2,2,수서,14,"16,17,18,23,30,42,46,59,60,66,68,79,94,98"
373,11:53,3,3,삼성,8,"6,9,63,73,74,81,90,93"
373,11:53,4,4,여의도,9,"21,25,41,48,50,70,71,77,96"
373,11:53,5,5,김포공항,4,"3,43,53,84"
373,11:53,6,6,일산,3,"47,58,88"
373,11:53,7,7,판교,11,"2,12,54,62,67,72,83,87,89,95,99"
373,11:53,8,8,동탄/용인,1,14
373,11:53,9,9,평택,11,"5,22,32,33,40,49,61,65,75,91,92"
374,11:54,1,1,서울역,15,"11,13,27,28,29,36,37,39,44,45,64,69,85,86,97"
374,11:54,10,10,인천공항,7,"0,4,8,55,57,78,82"
374,11:54,2,2,수서,14,"16,17,18,23,30,42,46,59,60,66,68,79,94,98"
374,11:54,3,3,삼성,8,"6,9,63,73,74,81,90,93"
374,11:54,4,4,여의도,7,"20,21,41,48,70,71,96"
374,11:54,5,5,김포공항,4,"3,43,53,84"
374,11:54,6,6,일산,2,"47,58"
374,11:54,7,7,판교,12,"1,2,12,54,62,67,72,83,87,89,95,99"
374,11:54,8,8,동탄/용인,1,14
374,11:54,9,9,평택,11,"5,22,32,33,40,49,61,65,75,91,92"
375,11:55,1,1,서울역,15,"11,13,27,28,29,36,37,39,44,45,64,69,85,86,97"
375,11:55,10,10,인천공항,7,"0,4,8,55,57,78,82"
375,11:55,2,2,수서,14,"16,17,18,23,30,42,46,59,60,66,68,79,94,98"
375,11:55,3,3,삼성,8,"6,9,63,73,74,81,90,93"
375,11:55,4,4,여의도,6,"20,21,48,70,71,96"
375,11:55,5,5,김포공항,6,"3,10,15,43,53,84"
375,11:55,6,6,일산,2,"47,58"
375,11:55,7,7,판교,12,"1,2,12,54,62,67,72,83,87,89,95,99"
375,11:55,9,9,평택,11,"5,22,32,33,40,49,61,65,75,91,92"
376,11:56,1,1,서울역,16,"11,13,27,28,29,36,37,39,44,45,64,69,76,85,86,97"
376,11:56,10,10,인천공항,7,"0,4,8,55,57,78,82"
376,11:56,2,2,수서,14,"16,17,18,23,30,42,46,59,60,66,68,79,94,98"
376,11:56,3,3,삼성,8,"6,9,63,73,74,81,90,93"
376,11:56,4,4,여의도,5,"7,20,21,71,96"
376,11:56,5,5,김포공항,7,"3,10,15,43,53,56,84"
376,11:56,6,6,일산,2,"47,58"
376,11:56,7,7,판교,11,"1,2,54,62,67,72,83,87,89,95,99"
376,11:56,9,9,평택,11,"5,22,32,33,40,49,61,65,75,91,92"
377,11:57,1,1,서울역,15,"11,27,28,29,36,37,39,44,45,64,69,76,85,86,97"
377,11:57,10,10,인천공항,7,"0,4,8,55,57,78,82"
377,11:57,2,2,수서,14,"16,17,18,23,30,42,46,59,60,66,68,79,94,98"
377,11:57,3,3,삼성,7,"6,9,73,74,81,90,93"
377,11:57,4,4,여의도,6,"7,20,21,52,71,96"
377,11:57,5,5,김포공항,7,"3,10,15,43,53,56,84"
377,11:57,6,6,일산,2,"47,58"
377,11:57,7,7,판교,10,"1,54,62,67,72,83,87,89,95,99"
377,11:57,9,9,평택,11,"5,22,32,33,40,49,61,65,75,91,92"
378,11:58,1,1,서울역,15,"11,27,28,29,36,37,39,44,45,64,69,76,85,86,97"
378,11:58,10,10,인천공항,7,"0,4,8,55,57,78,82"
378,11:58,2,2,수서,13,"17,18,23,30,42,46,59,60,66,68,79,94,98"
378,11:58,3,3,삼성,7,"6,9,73,74,81,90,93"
378,11:58,4,4,여의도,6,"7,20,21,52,71,96"
378,11:58,5,5,김포공항,7,"3,10,15,43,53,56,84"
378,11:58,6,6,일산,2,"31,58"
378,11:58,7,7,판교,10,"1,54,62,67,72,83,87,89,95,99"
378,11:58,9,9,평택,11,"5,22,32,33,40,49,61,65,75,91,92"
379,11:59,1,1,서울역,15,"11,27,28,29,36,37,39,44,45,64,69,76,85,86,97"
379,11:59,10,10,인천공항,6,"4,8,55,57,78,82"
379,11:59,2,2,수서,13,"17,18,23,30,42,46,59,60,66,68,79,94,98"
379,11:59,3,3,삼성,7,"6,9,73,74,81,90,93"
379,11:59,4,4,여의도,5,"7,20,21,52,71"
379,11:59,5,5,김포공항,6,"10,15,43,53,56,84"
379,11:59,6,6,일산,2,"31,58"
379,11:59,7,7,판교,10,"1,26,54,62,72,83,87,89,95,99"
379,11:59,9,9,평택,12,"5,22,24,32,33,40,49,61,65,75,91,92"
380,12:00,1,1,서울역,15,"11,27,28,29,36,37,39,44,45,64,69,76,85,86,97"
380,12:00,10,10,인천공항,5,"4,55,57,78,82"
380,12:00,2,2,수서,14,"17,18,23,25,30,42,46,59,60,66,68,79,94,98"
380,12:00,3,3,삼성,6,"6,73,74,81,90,93"
380,12:00,4,4,여의도,5,"7,20,21,52,71"
380,12:00,5,5,김포공항,6,"10,15,43,53,56,84"
380,12:00,6,6,일산,2,"31,58"
380,12:00,7,7,판교,10,"1,26,54,62,72,83,87,89,95,99"
380,12:00,9,9,평택,12,"5,22,24,32,33,40,49,61,65,75,91,92"
381,12:01,1,1,서울역,15,"11,27,28,29,36,37,39,44,45,64,69,76,85,86,97"
381,12:01,10,10,인천공항,5,"4,55,57,78,82"
381,12:01,2,2,수서,14,"17,18,23,25,30,42,46,59,60,66,68,79,94,98"
381,12:01,3,3,삼성,6,"50,73,74,81,90,93"
381,12:01,4,4,여의도,5,"7,20,21,52,71"
381,12:01,5,5,김포공항,6,"10,15,43,53,56,84"
381,12:01,6,6,일산,3,"31,38,58"
381,12:01,7,7,판교,10,"1,26,54,62,72,83,87,89,95,99"
381,12:01,9,9,평택,12,"5,22,24,32,33,40,49,61,65,75,91,92"
382,12:02,1,1,서울역,14,"11,27,29,36,37,39,44,45,64,69,76,85,86,97"
382,12:02,10,10,인천공항,5,"4,55,57,78,82"
382,12:02,2,2,수서,15,"17,18,23,25,30,42,46,48,59,60,66,68,79,94,98"
382,12:02,3,3,삼성,6,"50,73,74,81,90,93"
382,12:02,4,4,여의도,4,"7,20,21,52"
382,12:02,5,5,김포공항,6,"10,15,43,53,56,84"
382,12:02,6,6,일산,3,"31,38,58"
382,12:02,7,7,판교,10,"1,26,54,62,72,83,87,89,95,99"
382,12:02,9,9,평택,12,"5,22,24,32,33,40,49,61,65,75,91,92"
383,12:03,1,1,서울역,14,"11,27,29,36,37,39,44,45,64,69,76,85,86,97"
383,12:03,10,10,인천공항,5,"4,55,57,78,82"
383,12:03,2,2,수서,14,"17,23,25,30,42,46,48,59,60,66,68,79,94,98"
383,12:03,3,3,삼성,7,"13,50,73,74,81,90,93"
383,12:03,4,4,여의도,5,"7,12,19,21,52"
383,12:03,5,5,김포공항,6,"10,15,43,53,56,84"
383,12:03,6,6,일산,3,"31,38,58"
383,12:03,7,7,판교,9,"1,26,54,62,70,72,83,87,95"
383,12:03,9,9,평택,13,"5,22,24,32,33,40,49,61,65,75,80,91,92"
384,12:04,1,1,서울역,15,"2,11,27,29,36,37,39,44,45,64,69,76,85,86,97"
384,12:04,10,10,인천공항,4,"4,57,78,82"
384,12:04,2,2,수서,14,"17,23,25,30,42,46,48,59,60,66,68,79,94,98"
384,12:04,3,3,삼성,7,"13,50,73,74,81,90,93"
384,12:04,4,4,여의도,5,"7,12,19,21,52"
384,12:04,5,5,김포공항,6,"10,15,43,53,56,84"
384,12:04,6,6,일산,2,"38,58"
384,12:04,7,7,판교,8,"26,54,62,70,72,83,87,95"
384,12:04,9,9,평택,13,"5,24,32,33,35,40,49,61,65,75,80,91,92"
385,12:05,1,1,서울역,16,"2,11,27,29,36,37,39,44,45,47,64,69,76,85,86,97"
385,12:05,10,10,인천공항,4,"4,57,78,82"
385,12:05,2,2,수서,13,"17,23,25,42,46,48,59,60,66,68,79,94,98"
385,12:05,3,3,삼성,7,"13,50,73,74,81,90,93"
385,12:05,4,4,여의도,4,"12,19,21,52"
385,12:05,5,5,김포공항,6,"10,15,43,53,56,84"
385,12:05,6,6,일산,2,"38,58"
385,12:05,7,7,판교,9,"26,34,54,62,70,72,83,87,95"
385,12:05,9,9,평택,13,"5,24,32,33,35,40,49,61,65,75,80,91,92"
386,12:06,1,1,서울역,17,"2,9,11,27,29,36,37,39,44,45,47,64,69,76,85,86,97"
386,12:06,10,10,인천공항,5,"4,57,77,78,82"
386,12:06,2,2,수서,13,"17,23,25,42,46,48,59,60,66,68,79,94,98"
386,12:06,3,3,삼성,7,"13,50,73,74,81,90,93"
386,12:06,4,4,여의도,6,"12,14,19,21,52,67"
386,12:06,5,5,김포공항,7,"10,15,16,43,53,56,84"
386,12:06,6,6,일산,2,"38,58"
386,12:06,7,7,판교,10,"26,34,54,62,70,72,83,87,88,95"
386,12:06,9,9,평택,13,"5,24,32,33,35,40,49,61,65,75,80,91,92"
387,12:07,1,1,서울역,17,"2,9,11,27,29,36,37,39,44,45,47,64,69,76,85,86,97"
387,12:07,10,10,인천공항,5,"4,57,77,78,82"
387,12:07,2,2,수서,13,"17,23,25,42,46,48,59,60,66,68,79,94,98"
387,12:07,3,3,삼성,8,"3,13,50,73,74,81,90,93"
387,12:07,4,4,여의도,6,"12,14,19,21,52,67"
387,12:07,5,5,김포공항,7,"10,15,16,43,53,56,84"
387,12:07,6,6,일산,3,"38,58,63"
387,12:07,7,7,판교,10,"26,34,54,62,70,72,83,87,88,95"
387,12:07,9,9,평택,14,"5,24,32,33,35,40,49,51,61,65,75,80,91,92"
388,12:08,1,1,서울역,16,"2,9,11,27,29,36,37,39,44,45,64,69,76,85,86,97"
388,12:08,10,10,인천공항,5,"4,57,77,78,82"
388,12:08,2,2,수서,13,"17,23,25,42,46,48,59,60,66,68,79,94,98"
388,12:08,3,3,삼성,8,"3,13,50,73,74,81,90,93"
388,12:08,4,4,여의도,5,"12,14,19,52,67"
388,12:08,5,5,김포공항,7,"10,15,16,43,53,56,84"
388,12:08,6,6,일산,3,"38,58,63"
388,12:08,7,7,판교,10,"26,34,54,62,70,72,83,87,88,95"
388,12:08,9,9,평택,14,"5,24,32,33,35,40,49,51,61,65,75,80,91,92"
389,12:09,1,1,서울역,16,"2,9,11,27,29,36,37,39,44,45,64,69,76,85,86,97"
389,12:09,10,10,인천공항,5,"4,57,77,78,82"
389,12:09,2,2,수서,13,"17,23,25,42,46,48,59,60,66,68,79,94,98"
389,12:09,3,3,삼성,8,"3,13,50,73,74,81,90,93"
389,12:09,4,4,여의도,5,"12,14,19,52,67"
389,12:09,5,5,김포공항,7,"10,15,16,43,53,56,84"
389,12:09,6,6,일산,3,"38,58,63"
389,12:09,7,7,판교,11,"26,34,54,62,70,71,72,83,87,88,95"
389,12:09,9,9,평택,14,"5,24,32,33,35,40,49,51,61,65,75,80,91,92"
390,12:10,1,1,서울역,15,"2,9,27,29,36,37,39,44,45,64,69,76,85,86,97"
390,12:10,10,10,인천공항,5,"4,57,77,78,82"
390,12:10,2,2,수서,13,"17,23,25,42,46,48,59,60,66,68,79,94,98"
390,12:10,3,3,삼성,9,"3,13,20,50,73,74,81,90,93"
390,12:10,4,4,여의도,5,"12,14,19,52,67"
390,12:10,5,5,김포공항,7,"10,15,16,43,53,56,84"
390,12:10,6,6,일산,3,"38,58,63"
390,12:10,7,7,판교,10,"26,34,54,62,70,71,72,83,87,88"
390,12:10,9,9,평택,15,"5,24,32,33,35,40,41,49,51,61,65,75,80,91,92"
391,12:11,1,1,서울역,15,"1,9,27,29,36,37,39,44,45,64,69,76,85,86,97"
391,12:11,10,10,인천공항,6,"4,57,77,78,82,96"
391,12:11,2,2,수서,13,"17,23,25,42,46,48,59,60,66,68,79,94,98"
391,12:11,3,3,삼성,9,"3,13,20,50,73,74,81,90,93"
391,12:11,4,4,여의도,6,"0,12,14,19,52,67"
391,12:11,5,5,김포공항,8,"10,15,16,18,43,53,56,84"
391,12:11,6,6,일산,3,"38,58,63"
391,12:11,7,7,판교,11,"26,30,34,54,62,70,71,72,83,87,88"
391,12:11,9,9,평택,15,"5,24,32,33,35,40,41,49,51,61,65,75,80,91,92"
392,12:12,1,1,서울역,15,"1,9,27,29,36,37,39,44,45,64,69,76,85,86,97"
392,12:12,10,10,인천공항,6,"4,57,77,78,82,96"
392,12:12,2,2,수서,13,"17,23,25,42,46,48,59,60,66,68,79,94,98"
392,12:12,3,3,삼성,9,"3,13,20,50,73,74,81,90,93"
392,12:12,4,4,여의도,6,"0,12,14,19,52,67"
392,12:12,5,5,김포공항,8,"10,15,16,18,43,53,56,84"
392,12:12,6,6,일산,3,"38,58,63"
392,12:12,7,7,판교,11,"26,30,34,54,62,70,71,72,83,87,88"
392,12:12,9,9,평택,15,"5,24,32,33,35,40,41,49,51,61,65,75,80,91,92"
393,12:13,1,1,서울역,14,"1,9,29,36,37,39,44,45,64,69,76,85,86,97"
393,12:13,10,10,인천공항,6,"4,57,77,78,82,96"
393,12:13,2,2,수서,13,"17,23,25,42,46,48,59,60,66,68,79,94,98"
393,12:13,3,3,삼성,9,"3,13,20,50,73,74,81,90,93"
393,12:13,4,4,여의도,6,"0,12,14,19,52,67"
393,12:13,5,5,김포공항,9,"10,15,16,18,43,53,56,84,89"
393,12:13,6,6,일산,3,"38,58,63"
393,12:13,7,7,판교,10,"30,34,54,62,70,71,72,83,87,88"
393,12:13,9,9,평택,15,"5,24,32,33,35,40,41,49,51,61,65,75,80,91,92"
394,12:14,1,1,서울역,14,"1,9,29,36,37,39,44,45,64,69,76,85,86,97"
394,12:14,10,10,인천공항,6,"4,57,77,78,82,96"
394,12:14,2,2,수서,13,"17,23,25,42,46,48,59,60,66,68,79,94,98"
394,12:14,3,3,삼성,9,"3,13,20,50,73,74,81,90,93"
394,12:14,4,4,여의도,5,"0,14,19,52,67"
394,12:14,5,5,김포공항,9,"10,15,16,18,43,53,56,84,89"
394,12:14,6,6,일산,3,"38,58,63"
394,12:14,7,7,판교,9,"30,34,62,70,71,72,83,87,88"
394,12:14,9,9,평택,15,"5,24,32,33,35,40,41,49,51,61,65,75,80,91,92"
395,12:15,1,1,서울역,14,"1,9,29,36,37,39,44,45,64,69,76,85,86,97"
395,12:15,10,10,인천공항,7,"4,28,57,77,78,82,96"
395,12:15,2,2,수서,12,"23,25,42,46,48,59,60,66,68,79,94,98"
395,12:15,3,3,삼성,10,"3,8,13,20,50,73,74,81,90,93"
395,12:15,4,4,여의도,5,"0,14,19,52,67"
395,12:15,5,5,김포공항,9,"10,15,16,18,43,53,56,84,89"
395,12:15,6,6,일산,4,"38,58,63,99"
395,12:15,7,7,판교,9,"30,34,47,70,71,72,83,87,88"
395,12:15,9,9,평택,15,"5,24,32,33,35,40,41,49,51,61,65,75,80,91,92"
396,12:16,1,1,서울역,14,"1,9,29,36,37,39,44,45,64,69,76,85,86,97"
396,12:16,10,10,인천공항,8,"4,6,28,57,77,78,82,96"
396,12:16,2,2,수서,12,"23,25,42,46,48,59,60,66,68,79,94,98"
396,12:16,3,3,삼성,10,"3,8,13,20,50,73,74,81,90,93"
396,12:16,4,4,여의도,6,"0,14,19,52,55,67"
396,12:16,5,5,김포공항,9,"10,15,16,18,43,53,56,84,89"
396,12:16,6,6,일산,4,"38,58,63,99"
396,12:16,7,7,판교,10,"30,31,34,47,70,71,72,83,87,88"
396,12:16,9,9,평택,15,"5,24,32,33,35,40,41,49,51,61,65,75,80,91,92"
397,12:17,1,1,서울역,14,"1,9,29,36,37,39,44,45,64,69,76,85,86,97"
397,12:17,10,10,인천공항,8,"4,6,28,57,77,78,82,96"
397,12:17,2,2,수서,12,"23,25,42,46,48,59,60,66,68,79,94,98"
397,12:17,3,3,삼성,10,"3,8,13,20,50,73,74,81,90,93"
397,12:17,4,4,여의도,6,"0,14,19,52,55,67"
397,12:17,5,5,김포공항,9,"10,15,16,18,43,53,56,84,89"
397,12:17,6,6,일산,4,"38,58,63,99"
397,12:17,7,7,판교,10,"30,31,34,47,70,71,72,83,87,88"
397,12:17,9,9,평택,15,"5,24,32,33,35,40,41,49,51,61,65,75,80,91,92"
398,12:18,1,1,서울역,14,"1,9,29,36,37,39,44,45,64,69,76,85,86,97"
398,12:18,10,10,인천공항,8,"4,6,28,57,77,78,82,96"
398,12:18,2,2,수서,11,"23,42,46,48,59,60,66,68,79,94,98"
398,12:18,3,3,삼성,10,"3,8,13,20,50,73,74,81,90,93"
398,12:18,4,4,여의도,6,"0,14,19,52,55,67"
398,12:18,5,5,김포공항,8,"15,16,18,43,53,56,84,89"
398,12:18,6,6,일산,3,"38,63,99"
398,12:18,7,7,판교,11,"2,30,31,34,47,70,71,72,83,87,88"
398,12:18,9,9,평택,15,"5,24,32,33,35,40,41,49,51,61,65,75,80,91,92"
399,12:19,1,1,서울역,14,"1,9,29,36,37,39,44,45,64,69,76,85,86,97"
399,12:19,10,10,인천공항,8,"4,6,28,57,77,78,82,96"
399,12:19,2,2,수서,11,"23,42,46,48,59,60,66,68,79,94,98"
399,12:19,3,3,삼성,10,"3,8,13,20,50,73,74,81,90,93"
399,12:19,4,4,여의도,7,"0,14,19,22,52,55,67"
399,12:19,5,5,김포공항,8,"15,16,18,43,53,56,84,89"
399,12:19,6,6,일산,3,"38,63,99"
399,12:19,7,7,판교,9,"2,31,34,47,71,72,83,87,88"
399,12:19,9,9,평택,15,"5,24,32,33,35,40,41,49,51,61,65,75,80,91,92"
400,12:20,1,1,서울역,14,"1,26,29,36,37,39,44,45,64,69,76,85,86,97"
400,12:20,10,10,인천공항,8,"4,6,28,57,77,78,82,96"
400,12:20,2,2,수서,11,"23,42,46,48,59,60,66,68,79,94,98"
400,12:20,3,3,삼성,10,"3,8,13,20,50,73,74,81,90,93"
400,12:20,4,4,여의도,7,"0,14,19,22,52,55,67"
400,12:20,5,5,김포공항,7,"16,18,43,53,56,84,89"
400,12:20,6,6,일산,3,"38,63,99"
400,12:20,7,7,판교,8,"2,31,47,71,72,83,87,88"
400,12:20,9,9,평택,16,"5,7,24,32,33,35,40,41,49,51,61,65,75,80,91,92"
401,12:21,1,1,서울역,14,"1,26,29,36,37,39,44,45,64,69,76,85,86,97"
401,12:21,10,10,인천공항,8,"4,6,28,57,77,78,82,96"
401,12:21,2,2,수서,11,"23,42,46,48,59,60,66,68,79,94,98"
401,12:21,3,3,삼성,10,"3,8,13,20,50,73,74,81,90,93"
401,12:21,4,4,여의도,8,"0,14,19,22,52,54,55,67"
401,12:21,5,5,김포공항,7,"16,18,43,53,56,84,89"
401,12:21,6,6,일산,2,"38,63"
401,12:21,7,7,판교,8,"2,31,47,71,72,83,87,88"
401,12:21,9,9,평택,16,"5,7,24,32,33,35,40,41,49,51,61,65,75,80,91,92"
402,12:22,1,1,서울역,14,"1,26,29,36,37,39,44,45,64,69,76,85,86,97"
402,12:22,10,10,인천공항,7,"4,28,57,77,78,82,96"
402,12:22,2,2,수서,11,"23,42,46,48,59,60,66,68,79,94,98"
402,12:22,3,3,삼성,9,"3,8,13,20,73,74,81,90,93"
402,12:22,4,4,여의도,9,"0,14,19,22,52,54,55,62,67"
402,12:22,5,5,김포공항,7,"16,18,43,53,56,84,89"
402,12:22,6,6,일산,2,"38,63"
402,12:22,7,7,판교,8,"2,31,47,71,72,83,87,88"
402,12:22,9,9,평택,17,"5,7,24,32,33,35,40,41,49,51,61,65,75,80,91,92,95"
403,12:23,1,1,서울역,14,"1,26,29,36,37,39,44,45,64,69,76,85,86,97"
403,12:23,10,10,인천공항,8,"4,11,28,57,77,78,82,96"
403,12:23,2,2,수서,11,"23,42,46,48,59,60,66,68,79,94,98"
403,12:23,3,3,삼성,9,"3,8,13,20,73,74,81,90,93"
403,12:23,4,4,여의도,9,"0,14,19,22,52,54,55,62,67"
403,12:23,5,5,김포공항,8,"16,17,18,43,53,56,84,89"
403,12:23,6,6,일산,2,"38,63"
403,12:23,7,7,판교,7,"2,31,47,72,83,87,88"
403,12:23,9,9,평택,18,"5,7,21,24,32,33,35,40,41,49,51,61,65,75,80,91,92,95"
404,12:24,1,1,서울역,13,"1,26,36,37,39,44,45,64,69,76,85,86,97"
404,12:24,10,10,인천공항,8,"4,11,28,57,77,78,82,96"
404,12:24,2,2,수서,11,"23,42,46,48,59,60,66,68,79,94,98"
404,12:24,3,3,삼성,8,"3,13,20,73,74,81,90,93"
404,12:24,4,4,여의도,9,"0,14,19,22,52,54,55,62,67"
404,12:24,5,5,김포공항,8,"16,17,18,43,53,56,84,89"
404,12:24,6,6,일산,2,"38,63"
404,12:24,7,7,판교,7,"2,31,47,72,83,87,88"
404,12:24,9,9,평택,18,"5,7,21,24,32,33,35,40,41,49,51,61,65,75,80,91,92,95"
405,12:25,1,1,서울역,13,"1,26,36,37,39,44,45,64,69,76,85,86,97"
405,12:25,10,10,인천공항,8,"4,11,28,57,77,78,82,96"
405,12:25,2,2,수서,11,"23,42,46,48,59,60,66,68,79,94,98"
405,12:25,3,3,삼성,8,"3,13,20,73,74,81,90,93"
405,12:25,4,4,여의도,9,"0,14,19,22,52,54,55,62,67"
405,12:25,5,5,김포공항,8,"16,17,18,43,53,56,84,89"
405,12:25,6,6,일산,2,"38,63"
405,12:25,7,7,판교,7,"2,31,47,72,83,87,88"
405,12:25,9,9,평택,18,"5,7,21,24,32,33,35,40,41,49,51,61,65,75,80,91,92,95"
406,12:26,1,1,서울역,13,"1,26,36,37,39,44,45,64,69,76,85,86,97"
406,12:26,10,10,인천공항,10,"4,11,12,27,28,57,77,78,82,96"
406,12:26,2,2,수서,11,"23,42,46,48,59,60,66,68,79,94,98"
406,12:26,3,3,삼성,9,"3,10,13,20,73,74,81,90,93"
406,12:26,4,4,여의도,10,"0,14,19,22,52,54,55,62,67,70"
406,12:26,5,5,김포공항,7,"16,18,43,53,56,84,89"
406,12:26,6,6,일산,2,"38,63"
406,12:26,7,7,판교,7,"2,31,47,72,83,87,88"
406,12:26,9,9,평택,18,"5,7,21,24,32,33,35,40,41,49,51,61,65,75,80,91,92,95"
407,12:27,1,1,서울역,14,"1,26,34,36,37,39,44,45,64,69,76,85,86,97"
407,12:27,10,10,인천공항,9,"4,11,12,27,28,77,78,82,96"
407,12:27,2,2,수서,11,"23,42,46,48,59,60,66,68,79,94,98"
407,12:27,3,3,삼성,9,"3,10,13,20,73,74,81,90,93"
407,12:27,4,4,여의도,10,"0,14,19,22,52,54,55,62,67,70"
407,12:27,5,5,김포공항,7,"16,18,43,53,56,84,89"
407,12:27,6,6,일산,2,"38,63"
407,12:27,7,7,판교,7,"9,31,47,72,83,87,88"
407,12:27,9,9,평택,18,"5,7,21,24,32,33,35,40,41,49,51,61,65,75,80,91,92,95"
408,12:28,1,1,서울역,13,"1,26,34,37,39,44,45,64,69,76,85,86,97"
408,12:28,10,10,인천공항,9,"4,11,12,27,28,77,78,82,96"
408,12:28,2,2,수서,12,"15,23,42,46,48,59,60,66,68,79,94,98"
408,12:28,3,3,삼성,9,"3,10,13,20,73,74,81,90,93"
408,12:28,4,4,여의도,10,"0,14,19,22,52,54,55,62,67,70"
408,12:28,5,5,김포공항,7,"16,18,43,53,56,84,89"
408,12:28,6,6,일산,1,63
408,12:28,7,7,판교,7,"9,31,47,72,83,87,88"
408,12:28,9,9,평택,18,"5,7,21,24,32,33,35,40,41,49,51,61,65,75,80,91,92,95"
409,12:29,1,1,서울역,13,"1,26,34,37,39,44,45,64,69,76,85,86,97"
409,12:29,10,10,인천공항,9,"4,11,12,27,58,77,78,82,96"
409,12:29,2,2,수서,11,"15,42,46,48,59,60,66,68,79,94,98"
409,12:29,3,3,삼성,9,"3,10,13,20,73,74,81,90,93"
409,12:29,4,4,여의도,10,"0,14,19,22,52,54,55,62,67,70"
409,12:29,5,5,김포공항,7,"16,18,43,53,56,84,89"
409,12:29,6,6,일산,2,"25,63"
409,12:29,7,7,판교,7,"9,31,47,72,83,87,88"
409,12:29,9,9,평택,18,"5,7,21,24,32,33,35,40,41,49,51,61,65,75,80,91,92,95"
410,12:30,1,1,서울역,13,"1,26,34,37,39,44,45,64,69,76,85,86,97"
410,12:30,10,10,인천공항,8,"4,11,12,27,58,78,82,96"
410,12:30,2,2,수서,11,"15,42,46,48,59,60,66,68,79,94,98"
410,12:30,3,3,삼성,9,"3,10,13,20,73,74,81,90,93"
410,12:30,4,4,여의도,11,"0,14,19,22,52,54,55,62,67,70,71"
410,12:30,5,5,김포공항,7,"16,18,43,53,56,84,89"
410,12:30,6,6,일산,1,25
410,12:30,7,7,판교,6,"9,47,72,83,87,88"
410,12:30,9,9,평택,18,"5,7,21,24,32,33,35,40,41,49,51,61,65,75,80,91,92,95"
411,12:31,1,1,서울역,13,"1,26,34,37,39,44,45,64,69,76,85,86,97"
411,12:31,10,10,인천공항,8,"4,11,12,27,58,78,82,96"
411,12:31,2,2,수서,11,"15,42,46,48,59,60,66,68,79,94,98"
411,12:31,3,3,삼성,9,"3,10,13,20,73,74,81,90,93"
411,12:31,4,4,여의도,11,"0,14,19,22,52,54,55,62,67,70,71"
411,12:31,5,5,김포공항,7,"16,18,43,53,56,84,89"
411,12:31,6,6,일산,2,"25,30"
411,12:31,7,7,판교,6,"9,47,72,83,87,88"
411,12:31,9,9,평택,18,"5,7,21,24,32,33,35,40,41,49,51,61,65,75,80,91,92,95"
412,12:32,1,1,서울역,13,"1,26,34,37,39,44,45,64,69,76,85,86,97"
412,12:32,10,10,인천공항,8,"4,11,12,27,58,78,82,96"
412,12:32,2,2,수서,11,"15,42,46,48,59,60,66,68,79,94,98"
412,12:32,3,3,삼성,9,"3,10,13,20,73,74,81,90,93"
412,12:32,4,4,여의도,10,"0,19,22,52,54,55,62,67,70,71"
412,12:32,5,5,김포공항,7,"16,18,43,53,56,84,89"
412,12:32,6,6,일산,2,"25,30"
412,12:32,7,7,판교,5,"9,72,83,87,88"
412,12:32,9,9,평택,18,"5,7,21,24,32,33,35,40,41,49,51,61,65,75,80,91,92,95"
413,12:33,1,1,서울역,13,"1,26,34,37,39,44,45,64,69,76,85,86,97"
413,12:33,10,10,인천공항,8,"4,11,12,27,58,78,82,96"
413,12:33,2,2,수서,11,"15,42,46,48,59,60,66,68,79,94,98"
413,12:33,3,3,삼성,8,"3,10,13,73,74,81,90,93"
413,12:33,4,4,여의도,9,"19,22,52,54,55,62,67,70,71"
413,12:33,5,5,김포공항,7,"16,18,43,53,56,84,89"
413,12:33,6,6,일산,2,"25,30"
413,12:33,7,7,판교,5,"72,83,87,88,99"
413,12:33,9,9,평택,18,"5,7,21,24,32,33,35,40,41,49,51,61,65,75,80,91,92,95"
414,12:34,1,1,서울역,13,"1,26,34,37,39,44,45,64,69,76,85,86,97"
414,12:34,10,10,인천공항,8,"4,11,12,27,58,78,82,96"
414,12:34,2,2,수서,11,"15,42,46,48,59,60,66,68,79,94,98"
414,12:34,3,3,삼성,8,"3,10,13,73,74,81,90,93"
414,12:34,4,4,여의도,11,"2,6,19,22,52,54,55,62,67,70,71"
414,12:34,5,5,김포공항,7,"16,18,43,53,56,84,89"
414,12:34,6,6,일산,2,"25,30"
414,12:34,7,7,판교,5,"72,83,87,88,99"
414,12:34,8,8,동탄/용인,1,8
414,12:34,9,9,평택,18,"5,7,21,24,32,33,35,40,41,49,51,61,65,75,80,91,92,95"
415,12:35,1,1,서울역,13,"1,26,34,37,39,44,45,64,69,76,85,86,97"
415,12:35,10,10,인천공항,8,"4,11,12,27,58,78,82,96"
415,12:35,2,2,수서,11,"15,42,46,48,59,60,66,68,79,94,98"
415,12:35,3,3,삼성,7,"10,13,73,74,81,90,93"
415,12:35,4,4,여의도,11,"2,6,19,22,52,54,55,62,67,70,71"
415,12:35,5,5,김포공항,7,"16,18,43,53,56,84,89"
415,12:35,6,6,일산,2,"25,30"
415,12:35,7,7,판교,5,"72,83,87,88,99"
415,12:35,8,8,동탄/용인,1,8
415,12:35,9,9,평택,18,"5,7,21,24,32,33,35,40,41,49,51,61,65,75,80,91,92,95"
416,12:36,1,1,서울역,13,"1,26,34,37,39,44,45,64,69,76,85,86,97"
416,12:36,10,10,인천공항,9,"4,11,12,17,27,58,78,82,96"
416,12:36,2,2,수서,11,"15,42,46,48,59,60,66,68,79,94,98"
416,12:36,3,3,삼성,7,"10,13,73,74,81,90,93"
416,12:36,4,4,여의도,11,"2,6,19,22,52,54,55,62,67,70,71"
416,12:36,5,5,김포공항,7,"16,18,43,53,56,84,89"
416,12:36,6,6,일산,2,"25,30"
416,12:36,7,7,판교,4,"83,87,88,99"
416,12:36,8,8,동탄/용인,1,8
416,12:36,9,9,평택,18,"5,7,21,24,32,33,35,40,41,49,51,61,65,75,80,91,92,95"
417,12:37,1,1,서울역,14,"1,26,31,34,37,39,44,45,64,69,76,85,86,97"
417,12:37,10,10,인천공항,10,"4,11,12,17,27,29,58,78,82,96"
417,12:37,2,2,수서,10,"42,46,48,59,60,66,68,79,94,98"
417,12:37,3,3,삼성,7,"10,13,73,74,81,90,93"
417,12:37,4,4,여의도,11,"2,6,19,22,52,54,55,62,67,70,71"
417,12:37,5,5,김포공항,8,"16,18,23,43,53,56,84,89"
417,12:37,6,6,일산,2,"25,30"
417,12:37,7,7,판교,4,"83,87,88,99"
417,12:37,8,8,동탄/용인,1,8
417,12:37,9,9,평택,19,"5,7,21,24,32,33,35,40,41,49,50,51,61,65,75,80,91,92,95"
418,12:38,1,1,서울역,13,"1,26,31,37,39,44,45,64,69,76,85,86,97"
418,12:38,10,10,인천공항,10,"4,11,12,17,27,29,58,78,82,96"
418,12:38,2,2,수서,10,"42,46,48,59,60,66,68,79,94,98"
418,12:38,3,3,삼성,7,"10,13,73,74,81,90,93"
418,12:38,4,4,여의도,11,"2,6,19,22,52,54,55,62,67,70,71"
418,12:38,5,5,김포공항,8,"16,18,23,43,53,56,84,89"
418,12:38,6,6,일산,2,"25,30"
418,12:38,7,7,판교,4,"83,87,88,99"
418,12:38,8,8,동탄/용인,1,8
418,12:38,9,9,평택,19,"5,7,21,24,32,33,35,40,41,49,50,51,61,65,75,80,91,92,95"
419,12:39,1,1,서울역,13,"1,26,31,37,39,44,45,64,69,76,85,86,97"
419,12:39,10,10,인천공항,10,"4,11,12,17,27,29,58,78,82,96"
419,12:39,2,2,수서,11,"0,42,46,48,59,60,66,68,79,94,98"
419,12:39,3,3,삼성,7,"10,13,73,74,81,90,93"
419,12:39,4,4,여의도,13,"2,6,19,22,47,52,54,55,57,62,67,70,71"
419,12:39,5,5,김포공항,8,"16,18,23,43,53,56,84,89"
419,12:39,6,6,일산,2,"25,30"
419,12:39,7,7,판교,4,"83,87,88,99"
419,12:39,8,8,동탄/용인,1,8
419,12:39,9,9,평택,19,"5,7,21,24,32,33,35,40,41,49,50,51,61,65,75,80,91,92,95"
420,12:40,1,1,서울역,13,"1,26,31,37,39,44,45,64,69,76,85,86,97"
420,12:40,10,10,인천공항,10,"4,11,12,17,27,29,58,78,82,96"
420,12:40,2,2,수서,11,"0,42,46,48,59,60,66,68,79,94,98"
420,12:40,3,3,삼성,7,"10,13,73,74,81,90,93"
420,12:40,4,4,여의도,13,"2,6,19,22,47,52,54,55,57,62,67,70,71"
420,12:40,5,5,김포공항,7,"16,23,43,53,56,84,89"
420,12:40,6,6,일산,2,"25,30"
420,12:40,7,7,판교,4,"38,83,87,99"
420,12:40,8,8,동탄/용인,1,8
420,12:40,9,9,평택,19,"5,7,21,24,32,33,35,40,41,49,50,51,61,65,75,80,91,92,95"
421,12:41,1,1,서울역,13,"1,26,31,37,39,44,45,64,69,76,85,86,97"
421,12:41,10,10,인천공항,11,"11,12,17,27,29,36,58,63,78,82,96"
421,12:41,2,2,수서,11,"0,42,46,48,59,60,66,68,79,94,98"
421,12:41,3,3,삼성,7,"10,13,73,74,81,90,93"
421,12:41,4,4,여의도,13,"2,6,19,22,47,52,54,55,57,62,67,70,71"
421,12:41,5,5,김포공항,7,"16,23,43,53,56,84,89"
421,12:41,6,6,일산,2,"25,30"
421,12:41,7,7,판교,3,"38,87,99"
421,12:41,8,8,동탄/용인,1,8
421,12:41,9,9,평택,19,"5,7,21,24,32,33,35,40,41,49,50,51,61,65,75,80,91,92,95"
422,12:42,1,1,서울역,12,"1,26,31,39,44,45,64,69,76,85,86,97"
422,12:42,10,10,인천공항,11,"11,12,17,27,29,36,58,63,78,82,96"
422,12:42,2,2,수서,11,"0,42,46,48,59,60,66,68,79,94,98"
422,12:42,3,3,삼성,7,"10,13,73,74,81,90,93"
422,12:42,4,4,여의도,13,"2,6,19,22,47,52,54,55,57,62,67,70,71"
422,12:42,5,5,김포공항,7,"16,23,43,53,56,84,89"
422,12:42,6,6,일산,2,"25,30"
422,12:42,7,7,판교,2,"38,99"
422,12:42,8,8,동탄/용인,1,8
422,12:42,9,9,평택,19,"5,7,21,24,32,33,35,40,41,49,50,51,61,65,75,80,91,92,95"
423,12:43,1,1,서울역,12,"1,26,31,39,44,45,64,69,76,85,86,97"
423,12:43,10,10,인천공항,11,"11,12,17,27,29,36,58,63,78,82,96"
423,12:43,2,2,수서,10,"0,46,48,59,60,66,68,79,94,98"
423,12:43,3,3,삼성,7,"10,13,73,74,81,90,93"
423,12:43,4,4,여의도,14,"2,6,19,22,47,52,54,55,57,62,67,70,71,72"
423,12:43,5,5,김포공항,9,"3,9,16,23,43,53,56,84,89"
423,12:43,6,6,일산,2,"25,30"
423,12:43,7,7,판교,2,"38,99"
423,12:43,8,8,동탄/용인,1,8
423,12:43,9,9,평택,19,"5,7,21,24,32,33,35,40,41,49,50,51,61,65,75,80,91,92,95"
424,12:44,1,1,서울역,12,"1,26,31,39,44,45,64,69,76,85,86,97"
424,12:44,10,10,인천공항,12,"11,12,14,17,27,29,36,58,63,78,82,96"
424,12:44,2,2,수서,10,"0,46,48,59,60,66,68,79,94,98"
424,12:44,3,3,삼성,8,"10,13,28,73,74,81,90,93"
424,12:44,4,4,여의도,14,"2,6,19,22,47,52,54,55,57,62,67,70,71,72"
424,12:44,5,5,김포공항,9,"3,9,16,23,43,53,56,84,89"
424,12:44,6,6,일산,2,"25,30"
424,12:44,7,7,판교,2,"38,99"
424,12:44,8,8,동탄/용인,1,8
424,12:44,9,9,평택,19,"5,7,21,24,32,33,35,40,41,49,50,51,61,65,75,80,91,92,95"
425,12:45,1,1,서울역,11,"1,26,31,44,45,64,69,76,85,86,97"
425,12:45,10,10,인천공항,12,"11,12,14,17,27,29,36,58,63,78,82,96"
425,12:45,2,2,수서,10,"0,46,48,59,60,66,68,79,94,98"
425,12:45,3,3,삼성,9,"10,13,28,73,74,77,81,90,93"
425,12:45,4,4,여의도,14,"2,6,19,22,47,52,54,55,57,62,67,70,71,72"
425,12:45,5,5,김포공항,10,"3,9,15,16,23,43,53,56,84,89"
425,12:45,6,6,일산,2,"25,30"
425,12:45,7,7,판교,2,"38,99"
425,12:45,8,8,동탄/용인,1,8
425,12:45,9,9,평택,19,"5,7,21,24,32,33,35,40,41,49,50,51,61,65,75,80,91,92,95"
426,12:46,1,1,서울역,11,"1,26,31,44,45,64,69,76,85,86,97"
426,12:46,10,10,인천공항,12,"11,12,14,17,27,29,36,58,63,78,82,96"
426,12:46,2,2,수서,10,"0,46,48,59,60,66,68,79,94,98"
426,12:46,3,3,삼성,9,"10,13,28,73,74,77,81,90,93"
426,12:46,4,4,여의도,14,"2,6,19,22,47,52,54,55,57,62,67,70,71,72"
426,12:46,5,5,김포공항,8,"9,15,23,43,53,56,84,89"
426,12:46,6,6,일산,2,"25,30"
426,12:46,7,7,판교,2,"38,99"
426,12:46,8,8,동탄/용인,1,8
426,12:46,9,9,평택,19,"5,7,21,24,32,33,35,40,41,49,50,51,61,65,75,80,91,92,95"
427,12:47,1,1,서울역,11,"1,26,31,44,45,64,69,76,85,86,97"
427,12:47,10,10,인천공항,11,"11,14,17,27,29,36,58,63,78,82,96"
427,12:47,2,2,수서,10,"0,46,48,59,60,66,68,79,94,98"
427,12:47,3,3,삼성,9,"10,13,28,73,74,77,81,90,93"
427,12:47,4,4,여의도,14,"2,19,22,47,52,54,55,57,62,67,70,71,72,88"
427,12:47,5,5,김포공항,8,"9,15,23,43,53,56,84,89"
427,12:47,6,6,일산,2,"25,30"
427,12:47,7,7,판교,2,"38,99"
427,12:47,9,9,평택,19,"5,7,21,24,32,33,35,40,41,49,50,51,61,65,75,80,91,92,95"
428,12:48,1,1,서울역,12,"1,26,31,44,45,64,69,76,83,85,86,97"
428,12:48,10,10,인천공항,11,"11,14,17,27,29,36,58,63,78,82,96"
428,12:48,2,2,수서,9,"0,48,59,60,66,68,79,94,98"
428,12:48,3,3,삼성,8,"13,28,73,74,77,81,90,93"
428,12:48,4,4,여의도,14,"2,19,22,47,52,54,55,57,62,67,70,71,72,88"
428,12:48,5,5,김포공항,8,"9,15,23,43,53,56,84,89"
428,12:48,6,6,일산,2,"25,30"
428,12:48,7,7,판교,2,"38,99"
428,12:48,9,9,평택,20,"5,7,20,21,24,32,33,35,40,41,49,50,51,61,65,75,80,91,92,95"
429,12:49,1,1,서울역,12,"1,26,31,44,45,64,69,76,83,85,86,97"
429,12:49,10,10,인천공항,11,"11,14,17,27,29,36,58,63,78,82,96"
429,12:49,2,2,수서,8,"0,59,60,66,68,79,94,98"
429,12:49,3,3,삼성,8,"13,28,73,74,77,81,90,93"
429,12:49,4,4,여의도,15,"2,19,22,47,52,54,55,57,62,67,70,71,72,87,88"
429,12:49,5,5,김포공항,7,"15,23,43,53,56,84,89"
429,12:49,6,6,일산,2,"25,30"
429,12:49,7,7,판교,2,"38,99"
429,12:49,9,9,평택,20,"5,7,20,21,24,32,33,35,40,41,49,50,51,61,65,75,80,91,92,95"
430,12:50,1,1,서울역,12,"1,26,31,44,45,64,69,76,83,85,86,97"
430,12:50,10,10,인천공항,10,"11,17,27,29,36,58,63,78,82,96"
430,12:50,2,2,수서,8,"0,59,60,66,68,79,94,98"
430,12:50,3,3,삼성,6,"13,28,74,77,90,93"
430,12:50,4,4,여의도,15,"2,19,22,47,52,54,55,57,62,67,70,71,72,87,88"
430,12:50,5,5,김포공항,7,"15,23,43,53,56,84,89"
430,12:50,6,6,일산,2,"25,30"
430,12:50,7,7,판교,2,"38,99"
430,12:50,9,9,평택,20,"5,7,20,21,24,32,33,35,40,41,49,50,51,61,65,75,80,91,92,95"
431,12:51,1,1,서울역,12,"1,26,31,44,45,64,69,76,83,85,86,97"
431,12:51,10,10,인천공항,11,"11,17,27,29,34,36,58,63,78,82,96"
431,12:51,2,2,수서,7,"0,59,60,66,79,94,98"
431,12:51,3,3,삼성,6,"13,28,74,77,90,93"
431,12:51,4,4,여의도,15,"2,19,22,47,52,54,55,57,62,67,70,71,72,87,88"
431,12:51,5,5,김포공항,8,"15,23,42,43,53,56,84,89"
431,12:51,6,6,일산,2,"25,30"
431,12:51,7,7,판교,2,"38,99"
431,12:51,9,9,평택,20,"5,7,20,21,24,32,33,35,40,41,49,50,51,61,65,75,80,91,92,95"
432,12:52,1,1,서울역,12,"1,26,31,44,45,64,69,76,83,85,86,97"
432,12:52,10,10,인천공항,11,"11,17,27,29,34,36,58,63,78,82,96"
432,12:52,2,2,수서,7,"0,59,60,66,79,94,98"
432,12:52,3,3,삼성,6,"13,28,74,77,90,93"
432,12:52,4,4,여의도,15,"2,19,22,47,52,54,55,57,62,67,70,71,72,87,88"
432,12:52,5,5,김포공항,8,"15,23,42,43,53,56,84,89"
432,12:52,6,6,일산,1,25
432,12:52,7,7,판교,2,"38,99"
432,12:52,9,9,평택,20,"5,7,20,21,24,32,33,35,40,41,49,50,51,61,65,75,80,91,92,95"
433,12:53,1,1,서울역,11,"26,31,44,45,64,69,76,83,85,86,97"
433,12:53,10,10,인천공항,11,"11,17,27,29,34,36,58,63,78,82,96"
433,12:53,2,2,수서,7,"0,6,59,60,66,94,98"
433,12:53,3,3,삼성,6,"13,28,74,77,90,93"
433,12:53,4,4,여의도,16,"2,4,19,22,47,52,54,55,57,62,67,70,71,72,87,88"
433,12:53,5,5,김포공항,8,"15,23,42,43,53,56,84,89"
433,12:53,6,6,일산,1,25
433,12:53,7,7,판교,2,"38,99"
433,12:53,9,9,평택,20,"5,7,20,21,24,32,33,35,40,41,49,50,51,61,65,75,80,91,92,95"
434,12:54,1,1,서울역,11,"26,31,44,45,64,69,76,83,85,86,97"
434,12:54,10,10,인천공항,10,"11,27,29,34,36,58,63,78,82,96"
434,12:54,2,2,수서,6,"0,6,59,60,94,98"
434,12:54,3,3,삼성,6,"13,28,74,77,90,93"
434,12:54,4,4,여의도,16,"2,4,19,22,47,52,54,55,57,62,67,70,71,72,87,88"
434,12:54,5,5,김포공항,8,"15,23,42,43,53,56,84,89"
434,12:54,6,6,일산,1,25
434,12:54,7,7,판교,2,"38,99"
434,12:54,9,9,평택,20,"5,7,20,21,24,32,33,35,40,41,49,50,51,61,65,75,80,91,92,95"
435,12:55,1,1,서울역,11,"26,31,44,45,64,69,76,83,85,86,97"
435,12:55,10,10,인천공항,11,"11,27,29,34,36,37,58,63,78,82,96"
435,12:55,2,2,수서,5,"6,59,60,94,98"
435,12:55,3,3,삼성,6,"13,28,74,77,90,93"
435,12:55,4,4,여의도,16,"2,4,19,22,47,52,54,55,57,62,67,70,71,72,87,88"
435,12:55,5,5,김포공항,8,"15,23,42,43,53,56,84,89"
435,12:55,6,6,일산,1,25
435,12:55,7,7,판교,2,"38,99"
435,12:55,9,9,평택,20,"5,7,20,21,24,32,33,35,40,41,49,50,51,61,65,75,80,91,92,95"
436,12:56,1,1,서울역,11,"26,31,44,45,64,69,76,83,85,86,97"
436,12:56,10,10,인천공항,11,"3,27,29,34,36,37,58,63,78,82,96"
436,12:56,2,2,수서,5,"6,59,60,94,98"
436,12:56,3,3,삼성,6,"13,28,74,77,90,93"
436,12:56,4,4,여의도,16,"2,4,19,22,47,52,54,55,57,62,67,70,71,72,87,88"
436,12:56,5,5,김포공항,9,"15,23,42,43,46,53,56,84,89"
436,12:56,6,6,일산,1,25
436,12:56,7,7,판교,1,38
436,12:56,9,9,평택,20,"5,7,20,21,24,32,33,35,40,41,49,50,51,61,65,75,80,91,92,95"
437,12:57,1,1,서울역,11,"26,31,44,45,64,69,76,83,85,86,97"
437,12:57,10,10,인천공항,11,"3,27,29,34,36,37,58,63,78,82,96"
437,12:57,2,2,수서,5,"6,59,60,94,98"
437,12:57,3,3,삼성,7,"8,13,28,74,77,90,93"
437,12:57,4,4,여의도,17,"2,4,19,22,47,52,54,55,57,62,67,70,71,72,81,87,88"
437,12:57,5,5,김포공항,10,"15,23,42,43,46,48,53,56,84,89"
437,12:57,6,6,일산,1,25
437,12:57,7,7,판교,2,"38,68"
437,12:57,8,8,동탄/용인,1,39
437,12:57,9,9,평택,21,"5,7,18,20,21,24,32,33,35,40,41,49,50,51,61,65,75,80,91,92,95"
438,12:58,1,1,서울역,11,"26,31,44,45,64,69,76,83,85,86,97"
438,12:58,10,10,인천공항,11,"3,27,29,34,36,37,58,63,78,82,96"
438,12:58,2,2,수서,5,"6,59,60,94,98"
438,12:58,3,3,삼성,7,"8,13,28,74,77,90,93"
438,12:58,4,4,여의도,16,"2,4,22,47,52,54,55,57,62,67,70,71,72,81,87,88"
438,12:58,5,5,김포공항,10,"15,23,42,43,46,48,53,56,84,89"
438,12:58,6,6,일산,2,"10,25"
438,12:58,7,7,판교,2,"38,68"
438,12:58,8,8,동탄/용인,1,39
438,12:58,9,9,평택,21,"5,7,18,20,21,24,32,33,35,40,41,49,50,51,61,65,75,80,91,92,95"
439,12:59,1,1,서울역,11,"26,31,44,45,64,69,76,83,85,86,97"
439,12:59,10,10,인천공항,12,"3,9,27,29,34,36,37,58,63,78,82,96"
439,12:59,2,2,수서,5,"6,59,60,94,98"
439,12:59,3,3,삼성,7,"8,13,28,74,77,90,93"
439,12:59,4,4,여의도,16,"2,4,22,47,52,54,55,57,62,67,70,71,72,81,87,88"
439,12:59,5,5,김포공항,10,"15,23,42,43,46,48,53,56,84,89"
439,12:59,6,6,일산,2,"10,25"
439,12:59,7,7,판교,3,"38,68,79"
439,12:59,8,8,동탄/용인,1,39
439,12:59,9,9,평택,21,"5,7,18,20,21,24,32,33,35,40,41,49,50,51,61,65,75,80,91,92,95"
440,13:00,1,1,서울역,11,"26,31,44,45,64,69,76,83,85,86,97"
440,13:00,10,10,인천공항,12,"3,9,27,29,34,36,37,58,63,78,82,96"
440,13:00,2,2,수서,5,"6,59,60,94,98"
440,13:00,3,3,삼성,7,"8,13,28,74,77,90,93"
440,13:00,4,4,여의도,15,"2,4,22,47,52,54,55,57,62,67,70,71,72,87,88"
440,13:00,5,5,김포공항,10,"15,23,42,43,46,48,53,56,84,89"
440,13:00,6,6,일산,2,"10,25"
440,13:00,7,7,판교,3,"1,38,79"
440,13:00,8,8,동탄/용인,1,39
440,13:00,9,9,평택,21,"5,7,18,20,21,24,32,33,35,40,41,49,50,51,61,65,75,80,91,92,95"
441,13:01,1,1,서울역,10,"26,44,45,64,69,76,83,85,86,97"
441,13:01,10,10,인천공항,12,"3,9,27,29,34,36,37,58,63,78,82,96"
441,13:01,2,2,수서,5,"6,59,60,94,98"
441,13:01,3,3,삼성,6,"8,28,74,77,90,93"
441,13:01,4,4,여의도,15,"2,4,22,47,52,54,55,57,62,67,70,71,72,87,88"
441,13:01,5,5,김포공항,10,"15,23,42,43,46,48,53,56,84,89"
441,13:01,6,6,일산,2,"10,25"
441,13:01,7,7,판교,3,"1,38,79"
441,13:01,8,8,동탄/용인,1,39
441,13:01,9,9,평택,21,"5,7,18,20,21,24,32,33,35,40,41,49,50,51,61,65,75,80,91,92,95"
442,13:02,1,1,서울역,9,"44,45,64,69,76,83,85,86,97"
442,13:02,10,10,인천공항,12,"3,9,27,29,34,36,37,58,63,78,82,96"
442,13:02,2,2,수서,5,"6,59,60,94,98"
442,13:02,3,3,삼성,7,"8,12,28,74,77,90,93"
442,13:02,4,4,여의도,15,"2,4,22,47,52,54,55,57,62,67,70,71,72,87,88"
442,13:02,5,5,김포공항,10,"15,23,42,43,46,48,53,56,84,89"
442,13:02,6,6,일산,2,"10,25"
442,13:02,7,7,판교,2,"1,38"
442,13:02,8,8,동탄/용인,1,39
442,13:02,9,9,평택,21,"5,7,18,20,21,24,32,33,35,40,41,49,50,51,61,65,75,80,91,92,95"
443,13:03,1,1,서울역,9,"44,45,64,69,76,83,85,86,97"
443,13:03,10,10,인천공항,13,"3,9,27,29,30,34,36,37,58,63,78,82,96"
443,13:03,2,2,수서,4,"59,60,94,98"
443,13:03,3,3,삼성,7,"8,12,28,74,77,90,93"
443,13:03,4,4,여의도,16,"2,4,22,47,52,54,55,57,62,67,70,71,72,87,88,99"
443,13:03,5,5,김포공항,11,"0,15,23,42,43,46,48,53,56,84,89"
443,13:03,6,6,일산,2,"10,25"
443,13:03,7,7,판교,2,"1,38"
443,13:03,8,8,동탄/용인,1,39
443,13:03,9,9,평택,22,"5,7,16,18,20,21,24,32,33,35,40,41,49,50,51,61,65,75,80,91,92,95"
444,13:04,1,1,서울역,9,"44,45,64,69,76,83,85,86,97"
444,13:04,10,10,인천공항,13,"3,9,27,29,30,34,36,37,58,63,78,82,96"
444,13:04,2,2,수서,4,"59,60,94,98"
444,13:04,3,3,삼성,7,"8,12,28,74,77,90,93"
444,13:04,4,4,여의도,16,"2,4,22,47,52,54,55,57,62,67,70,71,72,87,88,99"
444,13:04,5,5,김포공항,11,"0,15,23,42,43,46,48,53,56,84,89"
444,13:04,6,6,일산,2,"10,25"
444,13:04,7,7,판교,2,"1,38"
444,13:04,8,8,동탄/용인,1,39
444,13:04,9,9,평택,21,"7,16,18,20,21,24,32,33,35,40,41,49,50,51,61,65,75,80,91,92,95"
445,13:05,1,1,서울역,9,"44,45,64,69,76,83,85,86,97"
445,13:05,10,10,인천공항,13,"3,9,27,29,30,34,36,37,58,63,78,82,96"
445,13:05,2,2,수서,4,"59,60,94,98"
445,13:05,3,3,삼성,8,"8,12,14,28,74,77,90,93"
445,13:05,4,4,여의도,16,"2,4,22,47,52,54,55,57,62,67,70,71,72,87,88,99"
445,13:05,5,5,김포공항,11,"0,15,23,42,43,46,48,53,56,84,89"
445,13:05,6,6,일산,2,"10,66"
445,13:05,7,7,판교,2,"1,38"
445,13:05,8,8,동탄/용인,1,39
445,13:05,9,9,평택,22,"7,16,18,20,21,24,32,33,35,40,41,49,50,51,61,65,73,75,80,91,92,95"
446,13:06,1,1,서울역,9,"44,45,64,69,76,83,85,86,97"
446,13:06,10,10,인천공항,13,"3,9,27,29,30,34,36,37,58,63,78,82,96"
446,13:06,2,2,수서,4,"59,60,94,98"
446,13:06,3,3,삼성,8,"8,12,14,28,74,77,90,93"
446,13:06,4,4,여의도,17,"2,4,17,22,47,52,54,55,57,62,67,70,71,72,87,88,99"
446,13:06,5,5,김포공항,11,"0,15,23,42,43,46,48,53,56,84,89"
446,13:06,6,6,일산,2,"10,66"
446,13:06,7,7,판교,2,"1,38"
446,13:06,8,8,동탄/용인,1,39
446,13:06,9,9,평택,22,"7,16,18,20,21,24,32,33,35,40,41,49,50,51,61,65,73,75,80,91,92,95"
447,13:07,1,1,서울역,10,"44,45,64,68,69,76,83,85,86,97"
447,13:07,10,10,인천공항,13,"3,9,27,29,30,34,36,37,58,63,78,82,96"
447,13:07,2,2,수서,3,"59,60,94"
447,13:07,3,3,삼성,8,"8,12,14,28,74,77,90,93"
447,13:07,4,4,여의도,17,"2,4,17,22,47,52,54,55,57,62,67,70,71,72,87,88,99"
447,13:07,5,5,김포공항,11,"0,15,23,42,43,46,48,53,56,84,89"
447,13:07,6,6,일산,2,"10,66"
447,13:07,7,7,판교,2,"1,38"
447,13:07,8,8,동탄/용인,1,39
447,13:07,9,9,평택,22,"7,16,18,20,21,24,32,33,35,40,41,49,50,51,61,65,73,75,80,91,92,95"
448,13:08,1,1,서울역,10,"44,45,64,68,69,76,83,85,86,97"
448,13:08,10,10,인천공항,13,"3,9,27,29,30,34,36,37,58,63,78,82,96"
448,13:08,2,2,수서,1,94
448,13:08,3,3,삼성,8,"8,12,14,28,74,77,90,93"
448,13:08,4,4,여의도,18,"2,4,11,17,22,47,52,54,55,57,62,67,70,71,72,87,88,99"
448,13:08,5,5,김포공항,11,"0,15,23,42,43,46,48,53,56,84,89"
448,13:08,6,6,일산,2,"10,66"
448,13:08,7,7,판교,3,"1,31,38"
448,13:08,8,8,동탄/용인,1,39
448,13:08,9,9,평택,22,"7,16,18,20,21,24,32,33,35,40,41,49,50,51,61,65,73,75,80,91,92,95"
449,13:09,1,1,서울역,10,"44,45,64,68,69,76,83,85,86,97"
449,13:09,10,10,인천공항,12,"3,9,29,30,34,36,37,58,63,78,82,96"
449,13:09,2,2,수서,2,"26,94"
449,13:09,3,3,삼성,8,"8,12,14,28,74,77,90,93"
449,13:09,4,4,여의도,19,"2,4,11,17,22,47,52,54,55,57,62,67,70,71,72,79,87,88,99"
449,13:09,5,5,김포공항,11,"0,15,23,42,43,46,48,53,56,84,89"
449,13:09,6,6,일산,2,"10,66"
449,13:09,7,7,판교,2,"1,31"
449,13:09,8,8,동탄/용인,1,39
449,13:09,9,9,평택,22,"7,16,18,20,21,24,32,33,35,40,41,49,50,51,61,65,73,75,80,91,92,95"
450,13:10,1,1,서울역,10,"44,45,64,68,69,76,83,85,86,97"
450,13:10,10,10,인천공항,13,"3,9,19,29,30,34,36,37,58,63,78,82,96"
450,13:10,2,2,수서,2,"26,94"
450,13:10,3,3,삼성,7,"8,12,14,74,77,90,93"
450,13:10,4,4,여의도,18,"4,11,17,22,47,52,54,55,57,62,67,70,71,72,79,87,88,99"
450,13:10,5,5,김포공항,11,"0,15,23,42,43,46,48,53,56,84,89"
450,13:10,6,6,일산,2,"10,66"
450,13:10,7,7,판교,1,31
450,13:10,8,8,동탄/용인,1,39
450,13:10,9,9,평택,21,"7,16,18,20,21,24,33,35,40,41,49,50,51,61,65,73,75,80,91,92,95"
451,13:11,1,1,서울역,10,"44,45,64,68,69,76,83,85,86,97"
451,13:11,10,10,인천공항,13,"3,9,19,29,30,34,36,37,58,63,78,82,96"
451,13:11,2,2,수서,2,"26,94"
451,13:11,3,3,삼성,7,"8,12,14,74,77,90,93"
451,13:11,4,4,여의도,17,"4,11,17,47,52,54,55,57,62,67,70,71,72,79,87,88,99"
451,13:11,5,5,김포공항,12,"0,6,15,23,42,43,46,48,53,56,84,89"
451,13:11,6,6,일산,3,"10,13,66"
451,13:11,7,7,판교,1,31
451,13:11,8,8,동탄/용인,1,39
451,13:11,9,9,평택,21,"7,16,18,20,21,24,33,35,40,41,49,50,51,61,65,73,75,80,91,92,95"
452,13:12,1,1,서울역,11,"25,44,45,64,68,69,76,83,85,86,97"
452,13:12,10,10,인천공항,14,"3,9,19,29,30,34,36,37,58,63,78,81,82,96"
452,13:12,2,2,수서,2,"26,94"
452,13:12,3,3,삼성,6,"8,14,74,77,90,93"
452,13:12,4,4,여의도,17,"4,11,17,47,52,54,55,57,62,67,70,71,72,79,87,88,99"
452,13:12,5,5,김포공항,12,"0,6,15,23,42,43,46,48,53,56,84,89"
452,13:12,6,6,일산,3,"10,13,66"
452,13:12,7,7,판교,1,31
452,13:12,8,8,동탄/용인,1,39
452,13:12,9,9,평택,21,"7,16,18,20,21,24,33,35,40,41,49,50,51,61,65,73,75,80,91,92,95"
453,13:13,1,1,서울역,11,"25,44,45,64,68,69,76,83,85,86,97"
453,13:13,10,10,인천공항,14,"3,9,19,29,30,34,36,37,58,63,78,81,82,96"
453,13:13,2,2,수서,2,"26,94"
453,13:13,3,3,삼성,6,"8,14,74,77,90,93"
453,13:13,4,4,여의도,17,"4,11,17,47,52,54,55,57,62,67,70,71,72,79,87,88,99"
453,13:13,5,5,김포공항,12,"0,6,15,23,42,43,46,48,53,56,84,89"
453,13:13,6,6,일산,3,"10,13,66"
453,13:13,7,7,판교,2,"31,98"
453,13:13,8,8,동탄/용인,1,39
453,13:13,9,9,평택,21,"7,16,18,20,21,24,33,35,40,41,49,50,51,61,65,73,75,80,91,92,95"
454,13:14,1,1,서울역,11,"25,44,45,64,68,69,76,83,85,86,97"
454,13:14,10,10,인천공항,14,"3,9,19,29,30,34,36,37,58,63,78,81,82,96"
454,13:14,2,2,수서,2,"26,94"
454,13:14,3,3,삼성,6,"8,14,74,77,90,93"
454,13:14,4,4,여의도,17,"4,11,17,47,52,54,55,57,62,67,70,71,72,79,87,88,99"
454,13:14,5,5,김포공항,12,"0,6,15,23,42,43,46,48,53,56,84,89"
454,13:14,6,6,일산,3,"10,13,66"
454,13:14,7,7,판교,2,"31,98"
454,13:14,8,8,동탄/용인,1,39
454,13:14,9,9,평택,20,"7,16,18,20,24,33,35,40,41,49,50,51,61,65,73,75,80,91,92,95"
455,13:15,1,1,서울역,11,"25,44,45,64,68,69,76,83,85,86,97"
455,13:15,10,10,인천공항,14,"3,9,19,29,30,34,36,37,58,63,78,81,82,96"
455,13:15,2,2,수서,1,26
455,13:15,3,3,삼성,6,"8,14,74,77,90,93"
455,13:15,4,4,여의도,17,"4,11,17,47,52,54,55,57,62,67,70,71,72,79,87,88,99"
455,13:15,5,5,김포공항,12,"0,6,15,23,42,43,46,48,53,56,84,89"
455,13:15,6,6,일산,3,"10,13,66"
455,13:15,7,7,판교,2,"31,98"
455,13:15,8,8,동탄/용인,1,39
455,13:15,9,9,평택,20,"7,16,18,20,24,33,35,40,41,49,50,51,61,65,73,75,80,91,92,95"
456,13:16,1,1,서울역,11,"25,44,45,64,68,69,76,83,85,86,97"
456,13:16,10,10,인천공항,14,"3,9,19,29,30,34,36,37,58,63,78,81,82,96"
456,13:16,2,2,수서,2,"2,26"
456,13:16,3,3,삼성,6,"8,14,74,77,90,93"
456,13:16,4,4,여의도,18,"4,11,17,38,47,52,54,55,57,62,67,70,71,72,79,87,88,99"
456,13:16,5,5,김포공항,14,"0,6,15,23,42,43,46,48,53,56,59,60,84,89"
456,13:16,6,6,일산,3,"10,13,66"
456,13:16,7,7,판교,1,31
456,13:16,8,8,동탄/용인,1,39
456,13:16,9,9,평택,20,"7,16,18,20,24,33,35,40,41,49,50,51,61,65,73,75,80,91,92,95"
457,13:17,1,1,서울역,12,"1,25,44,45,64,68,69,76,83,85,86,97"
457,13:17,10,10,인천공항,13,"3,9,19,30,34,36,37,58,63,78,81,82,96"
457,13:17,2,2,수서,2,"2,26"
457,13:17,3,3,삼성,6,"8,14,74,77,90,93"
457,13:17,4,4,여의도,17,"4,17,38,47,52,54,55,57,62,67,70,71,72,79,87,88,99"
457,13:17,5,5,김포공항,14,"0,6,15,23,42,43,46,48,53,56,59,60,84,89"
457,13:17,6,6,일산,2,"10,66"
457,13:17,7,7,판교,1,31
457,13:17,8,8,동탄/용인,1,39
457,13:17,9,9,평택,20,"7,16,18,20,24,33,35,40,41,49,50,51,61,65,73,75,80,91,92,95"
458,13:18,1,1,서울역,12,"1,25,44,45,64,68,69,76,83,85,86,97"
458,13:18,10,10,인천공항,13,"3,9,19,30,34,36,37,58,63,78,81,82,96"
458,13:18,2,2,수서,3,"2,5,26"
458,13:18,3,3,삼성,6,"8,14,74,77,90,93"
458,13:18,4,4,여의도,17,"4,17,38,47,52,54,55,57,62,67,70,71,72,79,87,88,99"
458,13:18,5,5,김포공항,14,"0,6,15,23,42,43,46,48,53,56,59,60,84,89"
458,13:18,6,6,일산,1,66
458,13:18,7,7,판교,2,"22,31"
458,13:18,8,8,동탄/용인,1,39
458,13:18,9,9,평택,20,"7,16,18,20,24,33,35,40,41,49,50,51,61,65,73,75,80,91,92,95"
459,13:19,1,1,서울역,12,"1,25,44,45,64,68,69,76,83,85,86,97"
459,13:19,10,10,인천공항,13,"3,9,19,30,34,36,37,58,63,78,81,82,96"
459,13:19,2,2,수서,3,"2,5,26"
459,13:19,3,3,삼성,6,"8,14,74,77,90,93"
459,13:19,4,4,여의도,17,"4,17,38,47,52,54,55,57,62,67,70,71,72,79,87,88,99"
459,13:19,5,5,김포공항,15,"0,6,15,23,27,42,43,46,48,53,56,59,60,84,89"
459,13:19,6,6,일산,1,66
459,13:19,7,7,판교,3,"12,22,31"
459,13:19,8,8,동탄/용인,1,39
459,13:19,9,9,평택,20,"7,16,18,20,24,33,35,40,41,49,50,51,61,65,73,75,80,91,92,95"
460,13:20,1,1,서울역,12,"1,25,44,45,64,68,69,76,83,85,86,97"
460,13:20,10,10,인천공항,13,"3,9,19,30,34,36,37,58,63,78,81,82,96"
460,13:20,2,2,수서,3,"2,5,26"
460,13:20,3,3,삼성,6,"8,14,74,77,90,93"
460,13:20,4,4,여의도,17,"4,17,38,47,52,54,55,57,62,67,70,71,72,79,87,88,99"
460,13:20,5,5,김포공항,15,"0,6,15,23,27,42,43,46,48,53,56,59,60,84,89"
460,13:20,6,6,일산,1,66
460,13:20,7,7,판교,3,"12,22,31"
460,13:20,8,8,동탄/용인,1,39
460,13:20,9,9,평택,20,"7,16,18,20,24,33,35,40,41,49,50,51,61,65,73,75,80,91,92,95"
461,13:21,1,1,서울역,12,"1,25,44,45,64,68,69,76,83,85,86,97"
461,13:21,10,10,인천공항,13,"3,9,19,30,34,36,37,58,63,78,81,82,96"
461,13:21,2,2,수서,3,"2,5,26"
461,13:21,3,3,삼성,6,"8,14,74,77,90,93"
461,13:21,4,4,여의도,17,"4,17,38,47,52,54,55,57,62,67,70,71,72,79,87,88,99"
461,13:21,5,5,김포공항,14,"0,15,23,27,42,43,46,48,53,56,59,60,84,89"
461,13:21,7,7,판교,3,"12,22,31"
461,13:21,8,8,동탄/용인,1,39
461,13:21,9,9,평택,20,"7,16,18,20,24,33,35,40,41,49,50,51,61,65,73,75,80,91,92,95"
462,13:22,1,1,서울역,12,"1,25,44,45,64,68,69,76,83,85,86,97"
462,13:22,10,10,인천공항,13,"3,9,19,30,34,36,37,58,63,78,81,82,96"
462,13:22,2,2,수서,2,"2,5"
462,13:22,3,3,삼성,6,"8,14,74,77,90,93"
462,13:22,4,4,여의도,17,"4,17,38,47,52,54,55,57,62,67,70,71,72,79,87,88,99"
462,13:22,5,5,김포공항,14,"0,15,23,27,42,43,46,48,53,56,59,60,84,89"
462,13:22,7,7,판교,3,"12,22,31"
462,13:22,8,8,동탄/용인,1,39
462,13:22,9,9,평택,20,"7,16,18,20,24,33,35,40,41,49,50,51,61,65,73,75,80,91,92,95"
463,13:23,1,1,서울역,13,"1,25,44,45,64,68,69,76,83,85,86,97,98"
463,13:23,10,10,인천공항,12,"3,9,30,34,36,37,58,63,78,81,82,96"
463,13:23,2,2,수서,3,"2,5,11"
463,13:23,3,3,삼성,6,"8,14,74,77,90,93"
463,13:23,4,4,여의도,16,"4,17,38,52,54,55,57,62,67,70,71,72,79,87,88,99"
463,13:23,5,5,김포공항,14,"0,15,23,27,42,43,46,48,53,56,59,60,84,89"
463,13:23,7,7,판교,3,"12,22,31"
463,13:23,8,8,동탄/용인,1,39
463,13:23,9,9,평택,20,"7,16,18,20,24,33,35,40,41,49,50,51,61,65,73,75,80,91,92,95"
464,13:24,1,1,서울역,12,"1,44,45,64,68,69,76,83,85,86,97,98"
464,13:24,10,10,인천공항,12,"3,9,30,34,36,37,58,63,78,81,82,96"
464,13:24,2,2,수서,3,"2,5,11"
464,13:24,3,3,삼성,6,"8,14,74,77,90,93"
464,13:24,4,4,여의도,16,"4,17,38,52,54,55,57,62,67,70,71,72,79,87,88,99"
464,13:24,5,5,김포공항,14,"0,15,23,27,42,43,46,48,53,56,59,60,84,89"
464,13:24,7,7,판교,3,"12,22,31"
464,13:24,8,8,동탄/용인,1,39
464,13:24,9,9,평택,20,"7,16,18,20,24,33,35,40,41,49,50,51,61,65,73,75,80,91,92,95"
465,13:25,1,1,서울역,12,"1,44,45,64,68,69,76,83,85,86,97,98"
465,13:25,10,10,인천공항,13,"3,9,28,30,34,36,37,58,63,78,81,82,96"
465,13:25,2,2,수서,3,"2,5,11"
465,13:25,3,3,삼성,6,"8,14,74,77,90,93"
465,13:25,4,4,여의도,16,"4,17,38,52,54,55,57,62,67,70,71,72,79,87,88,99"
465,13:25,5,5,김포공항,14,"0,15,23,27,42,43,46,48,53,56,59,60,84,89"
465,13:25,7,7,판교,1,22
465,13:25,8,8,동탄/용인,1,39
465,13:25,9,9,평택,20,"7,16,18,20,24,33,35,40,41,49,50,51,61,65,73,75,80,91,92,95"
466,13:26,1,1,서울역,12,"1,32,45,64,68,69,76,83,85,86,97,98"
466,13:26,10,10,인천공항,13,"3,9,28,30,34,36,37,58,63,78,81,82,96"
466,13:26,2,2,수서,3,"2,5,11"
466,13:26,3,3,삼성,6,"8,14,74,77,90,93"
466,13:26,4,4,여의도,16,"4,17,38,52,54,55,57,62,67,70,71,72,79,87,88,99"
466,13:26,5,5,김포공항,14,"0,15,23,27,42,43,46,48,53,56,59,60,84,89"
466,13:26,6,6,일산,1,94
466,13:26,7,7,판교,1,22
466,13:26,8,8,동탄/용인,1,39
466,13:26,9,9,평택,20,"7,16,18,20,24,33,35,40,41,49,50,51,61,65,73,75,80,91,92,95"
467,13:27,1,1,서울역,12,"1,32,45,64,68,69,76,83,85,86,97,98"
467,13:27,10,10,인천공항,13,"3,9,28,30,34,36,37,58,63,78,81,82,96"
467,13:27,2,2,수서,3,"2,5,11"
467,13:27,3,3,삼성,6,"8,14,74,77,90,93"
467,13:27,4,4,여의도,16,"4,17,38,52,54,55,57,62,67,70,71,72,79,87,88,99"
467,13:27,5,5,김포공항,13,"0,23,27,42,43,46,48,53,56,59,60,84,89"
467,13:27,6,6,일산,1,94
467,13:27,8,8,동탄/용인,1,39
467,13:27,9,9,평택,20,"7,16,18,20,24,33,35,40,41,49,50,51,61,65,73,75,80,91,92,95"
468,13:28,1,1,서울역,12,"1,32,45,64,68,69,76,83,85,86,97,98"
468,13:28,10,10,인천공항,13,"3,9,28,30,34,36,37,58,63,78,81,82,96"
468,13:28,2,2,수서,3,"2,5,11"
468,13:28,3,3,삼성,5,"8,74,77,90,93"
468,13:28,4,4,여의도,16,"4,17,38,52,54,55,57,62,67,70,71,72,79,87,88,99"
468,13:28,5,5,김포공항,13,"0,23,27,42,43,46,48,53,56,59,60,84,89"
468,13:28,6,6,일산,2,"6,94"
468,13:28,8,8,동탄/용인,1,39
468,13:28,9,9,평택,20,"7,16,18,20,24,33,35,40,41,49,50,51,61,65,73,75,80,91,92,95"
469,13:29,1,1,서울역,12,"1,32,45,64,68,69,76,83,85,86,97,98"
469,13:29,10,10,인천공항,13,"3,9,28,30,34,36,37,58,63,78,81,82,96"
469,13:29,2,2,수서,3,"2,5,11"
469,13:29,3,3,삼성,6,"8,21,74,77,90,93"
469,13:29,4,4,여의도,17,"4,17,29,38,52,54,55,57,62,67,70,71,72,79,87,88,99"
469,13:29,5,5,김포공항,13,"0,23,27,42,43,46,48,53,56,59,60,84,89"
469,13:29,6,6,일산,2,"6,94"
469,13:29,7,7,판교,1,13
469,13:29,9,9,평택,20,"7,16,18,20,24,33,35,40,41,49,50,51,61,65,73,75,80,91,92,95"
470,13:30,1,1,서울역,12,"1,32,45,64,68,69,76,83,85,86,97,98"
470,13:30,10,10,인천공항,12,"9,28,30,34,36,37,58,63,78,81,82,96"
470,13:30,2,2,수서,3,"2,5,11"
470,13:30,3,3,삼성,6,"8,21,74,77,90,93"
470,13:30,4,4,여의도,16,"4,29,38,52,54,55,57,62,67,70,71,72,79,87,88,99"
470,13:30,5,5,김포공항,14,"0,23,26,27,42,43,46,48,53,56,59,60,84,89"
470,13:30,6,6,일산,2,"6,94"
470,13:30,7,7,판교,3,"10,13,47"
470,13:30,9,9,평택,19,"7,16,18,20,24,33,35,40,41,49,51,61,65,73,75,80,91,92,95"
471,13:31,1,1,서울역,12,"1,32,45,64,68,69,76,83,85,86,97,98"
471,13:31,10,10,인천공항,12,"9,28,30,34,36,37,58,63,78,81,82,96"
471,13:31,2,2,수서,4,"2,5,11,14"
471,13:31,3,3,삼성,5,"21,74,77,90,93"
471,13:31,4,4,여의도,16,"4,29,38,52,54,55,57,62,67,70,71,72,79,87,88,99"
471,13:31,5,5,김포공항,14,"0,23,26,27,42,43,46,48,53,56,59,60,84,89"
471,13:31,6,6,일산,2,"6,94"
471,13:31,7,7,판교,3,"10,13,47"
471,13:31,9,9,평택,19,"7,16,18,20,24,33,35,40,41,49,51,61,65,73,75,80,91,92,95"
472,13:32,1,1,서울역,12,"1,32,45,64,68,69,76,83,85,86,97,98"
472,13:32,10,10,인천공항,11,"28,30,34,36,37,58,63,78,81,82,96"
472,13:32,2,2,수서,4,"2,5,11,14"
472,13:32,3,3,삼성,5,"21,74,77,90,93"
472,13:32,4,4,여의도,18,"4,12,29,31,38,52,54,55,57,62,67,70,71,72,79,87,88,99"
472,13:32,5,5,김포공항,14,"0,23,26,27,42,43,46,48,53,56,59,60,84,89"
472,13:32,6,6,일산,2,"6,94"
472,13:32,7,7,판교,3,"10,13,47"
472,13:32,9,9,평택,19,"7,16,18,20,24,33,35,40,41,49,51,61,65,73,75,80,91,92,95"
473,13:33,1,1,서울역,12,"1,32,45,64,68,69,76,83,85,86,97,98"
473,13:33,10,10,인천공항,11,"28,30,34,36,37,58,63,78,81,82,96"
473,13:33,2,2,수서,4,"2,5,11,14"
473,13:33,3,3,삼성,5,"21,74,77,90,93"
473,13:33,4,4,여의도,17,"12,29,31,38,52,54,55,57,62,67,70,71,72,79,87,88,99"
473,13:33,5,5,김포공항,14,"0,23,26,27,42,43,46,48,53,56,59,60,84,89"
473,13:33,6,6,일산,2,"6,94"
473,13:33,7,7,판교,4,"10,13,47,66"
473,13:33,9,9,평택,19,"7,16,18,20,24,33,35,40,41,49,51,61,65,73,75,80,91,92,95"
474,13:34,1,1,서울역,12,"1,32,45,64,68,69,76,83,85,86,97,98"
474,13:34,10,10,인천공항,11,"28,30,34,36,37,58,63,78,81,82,96"
474,13:34,2,2,수서,3,"2,5,11"
474,13:34,3,3,삼성,5,"21,74,77,90,93"
474,13:34,4,4,여의도,18,"12,22,29,31,38,52,54,55,57,62,67,70,71,72,79,87,88,99"
474,13:34,5,5,김포공항,14,"0,23,26,27,42,43,46,48,53,56,59,60,84,89"
474,13:34,6,6,일산,3,"15,19,94"
474,13:34,7,7,판교,4,"10,13,47,66"
474,13:34,9,9,평택,19,"7,16,18,20,24,33,35,40,41,49,51,61,65,73,75,80,91,92,95"
475,13:35,1,1,서울역,12,"1,32,45,64,68,69,76,83,85,86,97,98"
475,13:35,10,10,인천공항,11,"28,30,34,36,37,58,63,78,81,82,96"
475,13:35,2,2,수서,2,"5,11"
475,13:35,3,3,삼성,5,"21,74,77,90,93"
475,13:35,4,4,여의도,17,"12,22,31,38,52,54,55,57,62,67,70,71,72,79,87,88,99"
475,13:35,5,5,김포공항,14,"0,23,26,27,42,43,46,48,53,56,59,60,84,89"
475,13:35,6,6,일산,3,"15,19,94"
475,13:35,7,7,판교,3,"10,47,66"
475,13:35,9,9,평택,19,"7,16,18,20,24,33,35,40,41,49,51,61,65,73,75,80,91,92,95"
476,13:36,1,1,서울역,12,"1,32,45,64,68,69,76,83,85,86,97,98"
476,13:36,10,10,인천공항,11,"28,30,34,36,37,58,63,78,81,82,96"
476,13:36,2,2,수서,3,"5,11,17"
476,13:36,3,3,삼성,5,"21,74,77,90,93"
476,13:36,4,4,여의도,17,"12,22,31,38,52,54,55,57,62,67,70,71,72,79,87,88,99"
476,13:36,5,5,김포공항,14,"0,23,26,27,42,43,46,48,53,56,59,60,84,89"
476,13:36,6,6,일산,3,"15,19,94"
476,13:36,7,7,판교,3,"10,47,66"
476,13:36,8,8,동탄/용인,1,50
476,13:36,9,9,평택,19,"7,16,18,20,24,33,35,40,41,49,51,61,65,73,75,80,91,92,95"
477,13:37,1,1,서울역,12,"1,32,45,64,68,69,76,83,85,86,97,98"
477,13:37,10,10,인천공항,12,"25,28,30,34,36,37,58,63,78,81,82,96"
477,13:37,2,2,수서,3,"5,11,17"
477,13:37,3,3,삼성,6,"14,21,74,77,90,93"
477,13:37,4,4,여의도,17,"12,22,31,38,52,54,55,57,62,67,70,71,72,79,87,88,99"
477,13:37,5,5,김포공항,14,"0,23,26,27,42,43,46,48,53,56,59,60,84,89"
477,13:37,6,6,일산,3,"15,19,94"
477,13:37,7,7,판교,3,"10,47,66"
477,13:37,8,8,동탄/용인,1,50
477,13:37,9,9,평택,19,"7,16,18,20,24,33,35,40,41,49,51,61,65,73,75,80,91,92,95"
478,13:38,1,1,서울역,11,"1,45,64,68,69,76,83,85,86,97,98"
478,13:38,10,10,인천공항,12,"25,28,30,34,36,37,58,63,78,81,82,96"
478,13:38,2,2,수서,3,"5,11,17"
478,13:38,3,3,삼성,6,"14,21,74,77,90,93"
478,13:38,4,4,여의도,17,"12,22,31,38,52,54,55,57,62,67,70,71,72,79,87,88,99"
478,13:38,5,5,김포공항,14,"0,23,26,27,42,43,46,48,53,56,59,60,84,89"
478,13:38,6,6,일산,3,"15,19,94"
478,13:38,7,7,판교,3,"10,47,66"
478,13:38,8,8,동탄/용인,2,"44,50"
478,13:38,9,9,평택,19,"7,16,18,20,24,33,35,40,41,49,51,61,65,73,75,80,91,92,95"
479,13:39,1,1,서울역,11,"1,45,64,68,69,76,83,85,86,97,98"
479,13:39,10,10,인천공항,12,"25,28,30,34,36,37,58,63,78,81,82,96"
479,13:39,2,2,수서,3,"5,11,17"
479,13:39,3,3,삼성,7,"14,21,39,74,77,90,93"
479,13:39,4,4,여의도,17,"12,22,31,38,52,54,55,57,62,67,70,71,72,79,87,88,99"
479,13:39,5,5,김포공항,14,"0,23,26,27,42,43,46,48,53,56,59,60,84,89"
479,13:39,6,6,일산,3,"15,19,94"
479,13:39,7,7,판교,1,47
479,13:39,8,8,동탄/용인,1,44
479,13:39,9,9,평택,19,"7,16,18,20,24,33,35,40,41,49,51,61,65,73,75,80,91,92,95"
480,13:40,1,1,서울역,11,"1,45,64,68,69,76,83,85,86,97,98"
480,13:40,10,10,인천공항,12,"25,28,30,34,36,37,58,63,78,81,82,96"
480,13:40,2,2,수서,3,"5,11,17"
480,13:40,3,3,삼성,5,"4,21,39,74,77"
480,13:40,4,4,여의도,17,"12,22,31,38,52,54,55,57,62,67,70,71,72,79,87,88,99"
480,13:40,5,5,김포공항,13,"0,26,27,42,43,46,48,53,56,59,60,84,89"
480,13:40,6,6,일산,1,94
480,13:40,7,7,판교,1,47
480,13:40,8,8,동탄/용인,1,44
480,13:40,9,9,평택,19,"7,16,18,20,24,33,35,40,41,49,51,61,65,73,75,80,91,92,95"
481,13:41,1,1,서울역,11,"1,45,64,68,69,76,83,85,86,97,98"
481,13:41,10,10,인천공항,12,"25,28,30,34,36,37,58,63,78,81,82,96"
481,13:41,2,2,수서,4,"5,11,17,29"
481,13:41,3,3,삼성,5,"4,21,39,74,77"
481,13:41,4,4,여의도,16,"12,22,31,52,54,55,57,62,67,70,71,72,79,87,88,99"
481,13:41,5,5,김포공항,13,"0,26,27,42,43,46,48,53,56,59,60,84,89"
481,13:41,6,6,일산,2,"8,94"
481,13:41,7,7,판교,1,47
481,13:41,8,8,동탄/용인,1,44
481,13:41,9,9,평택,19,"7,16,18,20,24,33,35,40,41,49,51,61,65,73,75,80,91,92,95"
482,13:42,1,1,서울역,11,"1,45,64,68,69,76,83,85,86,97,98"
482,13:42,10,10,인천공항,12,"25,28,30,34,36,37,58,63,78,81,82,96"
482,13:42,2,2,수서,4,"5,11,17,29"
482,13:42,3,3,삼성,5,"4,21,39,74,77"
482,13:42,4,4,여의도,18,"3,12,13,22,31,52,54,55,57,62,67,70,71,72,79,87,88,99"
482,13:42,5,5,김포공항,13,"0,26,27,42,43,46,48,53,56,59,60,84,89"
482,13:42,6,6,일산,2,"8,94"
482,13:42,7,7,판교,1,47
482,13:42,8,8,동탄/용인,1,44
482,13:42,9,9,평택,19,"7,16,18,20,24,33,35,40,41,49,51,61,65,73,75,80,91,92,95"
483,13:43,1,1,서울역,11,"1,45,64,68,69,76,83,85,86,97,98"
483,13:43,10,10,인천공항,12,"25,28,30,34,36,37,58,63,78,81,82,96"
483,13:43,2,2,수서,6,"5,11,17,29,90,93"
483,13:43,3,3,삼성,5,"4,21,39,74,77"
483,13:43,4,4,여의도,18,"3,12,13,22,31,52,54,55,57,62,67,70,71,72,79,87,88,99"
483,13:43,5,5,김포공항,14,"0,2,26,27,42,43,46,48,53,56,59,60,84,89"
483,13:43,6,6,일산,2,"8,94"
483,13:43,7,7,판교,1,47
483,13:43,8,8,동탄/용인,1,44
483,13:43,9,9,평택,19,"7,16,18,20,24,33,35,40,41,49,51,61,65,73,75,80,91,92,95"
484,13:44,1,1,서울역,11,"1,45,64,68,69,76,83,85,86,97,98"
484,13:44,10,10,인천공항,12,"25,28,30,34,36,37,58,63,78,81,82,96"
484,13:44,2,2,수서,6,"5,11,17,29,90,93"
484,13:44,3,3,삼성,5,"4,21,39,74,77"
484,13:44,4,4,여의도,18,"3,12,13,22,31,52,54,55,57,62,67,70,71,72,79,87,88,99"
484,13:44,5,5,김포공항,14,"0,2,26,27,42,43,46,48,53,56,59,60,84,89"
484,13:44,6,6,일산,2,"8,94"
484,13:44,7,7,판교,1,47
484,13:44,8,8,동탄/용인,1,44
484,13:44,9,9,평택,19,"7,16,18,20,24,33,35,40,41,49,51,61,65,73,75,80,91,92,95"
485,13:45,1,1,서울역,11,"1,45,64,68,69,76,83,85,86,97,98"
485,13:45,10,10,인천공항,12,"25,28,30,34,36,37,58,63,78,81,82,96"
485,13:45,2,2,수서,6,"5,11,17,29,90,93"
485,13:45,3,3,삼성,5,"4,21,39,74,77"
485,13:45,4,4,여의도,18,"3,12,13,22,31,52,54,55,57,62,67,70,71,72,79,87,88,99"
485,13:45,5,5,김포공항,13,"0,2,27,42,43,46,48,53,56,59,60,84,89"
485,13:45,6,6,일산,2,"8,94"
485,13:45,7,7,판교,1,47
485,13:45,8,8,동탄/용인,1,44
485,13:45,9,9,평택,19,"7,16,18,20,24,33,35,40,41,49,51,61,65,73,75,80,91,92,95"
486,13:46,1,1,서울역,12,"1,10,45,64,68,69,76,83,85,86,97,98"
486,13:46,10,10,인천공항,12,"25,28,30,34,36,37,58,63,78,81,82,96"
486,13:46,2,2,수서,4,"5,11,17,29"
486,13:46,3,3,삼성,5,"4,21,39,74,77"
486,13:46,4,4,여의도,18,"3,12,13,22,31,52,54,55,57,62,67,70,71,72,79,87,88,99"
486,13:46,5,5,김포공항,13,"0,2,27,42,43,46,48,53,56,59,60,84,89"
486,13:46,6,6,일산,2,"8,94"
486,13:46,7,7,판교,1,6
486,13:46,8,8,동탄/용인,1,44
486,13:46,9,9,평택,19,"7,16,18,20,24,33,35,40,41,49,51,61,65,73,75,80,91,92,95"
487,13:47,1,1,서울역,12,"1,10,45,64,68,69,76,83,85,86,97,98"
487,13:47,10,10,인천공항,11,"25,28,34,36,37,58,63,78,81,82,96"
487,13:47,2,2,수서,4,"5,11,17,29"
487,13:47,3,3,삼성,6,"4,9,21,39,74,77"
487,13:47,4,4,여의도,17,"3,12,13,22,31,52,54,57,62,67,70,71,72,79,87,88,99"
487,13:47,5,5,김포공항,13,"0,2,27,42,43,46,48,53,56,59,60,84,89"
487,13:47,6,6,일산,3,"8,23,94"
487,13:47,7,7,판교,1,6
487,13:47,9,9,평택,19,"7,16,18,20,24,33,35,40,41,49,51,61,65,73,75,80,91,92,95"
488,13:48,1,1,서울역,12,"1,10,45,64,68,69,76,83,85,86,97,98"
488,13:48,10,10,인천공항,11,"25,28,34,36,37,58,63,78,81,82,96"
488,13:48,2,2,수서,4,"5,11,17,29"
488,13:48,3,3,삼성,6,"4,9,21,39,74,77"
488,13:48,4,4,여의도,16,"3,12,22,31,52,54,57,62,67,70,71,72,79,87,88,99"
488,13:48,5,5,김포공항,13,"0,2,27,42,43,46,48,53,56,59,60,84,89"
488,13:48,6,6,일산,3,"8,23,94"
488,13:48,7,7,판교,2,"6,38"
488,13:48,9,9,평택,19,"7,16,18,20,24,33,35,40,41,49,51,61,65,73,75,80,91,92,95"
489,13:49,1,1,서울역,12,"1,10,45,64,68,69,76,83,85,86,97,98"
489,13:49,10,10,인천공항,11,"25,28,34,36,37,58,63,78,81,82,96"
489,13:49,2,2,수서,4,"5,11,17,29"
489,13:49,3,3,삼성,6,"4,9,21,39,74,77"
489,13:49,4,4,여의도,15,"3,22,31,52,54,57,62,67,70,71,72,79,87,88,99"
489,13:49,5,5,김포공항,14,"0,2,27,42,43,46,48,53,56,59,60,66,84,89"
489,13:49,6,6,일산,3,"8,23,94"
489,13:49,7,7,판교,2,"6,38"
489,13:49,9,9,평택,19,"7,16,18,20,24,33,35,40,41,49,51,61,65,73,75,80,91,92,95"
490,13:50,1,1,서울역,12,"1,10,45,64,68,69,76,83,85,86,97,98"
490,13:50,10,10,인천공항,11,"25,28,34,36,37,58,63,78,81,82,96"
490,13:50,2,2,수서,4,"5,11,17,29"
490,13:50,3,3,삼성,6,"4,9,21,39,74,77"
490,13:50,4,4,여의도,16,"3,22,31,50,52,54,57,62,67,70,71,72,79,87,88,99"
490,13:50,5,5,김포공항,14,"0,2,27,42,43,46,48,53,56,59,60,66,84,89"
490,13:50,6,6,일산,2,"23,94"
490,13:50,7,7,판교,2,"6,38"
490,13:50,9,9,평택,19,"7,16,18,20,24,33,35,40,41,49,51,61,65,73,75,80,91,92,95"
491,13:51,1,1,서울역,12,"1,10,45,64,68,69,76,83,85,86,97,98"
491,13:51,10,10,인천공항,12,"25,28,32,34,36,37,58,63,78,81,82,96"
491,13:51,2,2,수서,4,"5,11,17,29"
491,13:51,3,3,삼성,6,"4,9,21,39,74,77"
491,13:51,4,4,여의도,16,"3,22,31,50,52,54,57,62,67,70,71,72,79,87,88,99"
491,13:51,5,5,김포공항,14,"0,2,27,42,43,46,48,53,56,59,60,66,84,89"
491,13:51,6,6,일산,2,"23,94"
491,13:51,7,7,판교,2,"6,38"
491,13:51,9,9,평택,18,"7,18,20,24,33,35,40,41,49,51,61,65,73,75,80,91,92,95"
492,13:52,1,1,서울역,10,"1,64,68,69,76,83,85,86,97,98"
492,13:52,10,10,인천공항,12,"25,28,32,34,36,37,58,63,78,81,82,96"
492,13:52,2,2,수서,4,"5,11,17,29"
492,13:52,3,3,삼성,6,"4,9,21,39,74,77"
492,13:52,4,4,여의도,14,"3,22,31,50,52,54,62,67,70,71,79,87,88,99"
492,13:52,5,5,김포공항,14,"0,2,27,42,43,46,48,53,56,59,60,66,84,89"
492,13:52,6,6,일산,3,"23,26,94"
492,13:52,7,7,판교,4,"6,15,19,38"
492,13:52,9,9,평택,18,"7,18,20,24,33,35,40,41,49,51,61,65,73,75,80,91,92,95"
493,13:53,1,1,서울역,10,"1,64,68,69,76,83,85,86,97,98"
493,13:53,10,10,인천공항,12,"25,28,32,34,36,37,58,63,78,81,82,96"
493,13:53,2,2,수서,4,"5,11,17,29"
493,13:53,3,3,삼성,6,"4,9,21,39,74,77"
493,13:53,4,4,여의도,13,"3,22,31,47,52,54,67,70,71,79,87,88,99"
493,13:53,5,5,김포공항,13,"2,27,42,43,46,48,53,56,59,60,66,84,89"
493,13:53,6,6,일산,2,"26,94"
493,13:53,7,7,판교,4,"6,15,19,38"
493,13:53,9,9,평택,18,"7,18,20,24,33,35,40,41,49,51,61,65,73,75,80,91,92,95"
494,13:54,1,1,서울역,10,"1,64,68,69,76,83,85,86,97,98"
494,13:54,10,10,인천공항,12,"25,28,32,34,36,37,58,63,78,81,82,96"
494,13:54,2,2,수서,4,"5,11,17,29"
494,13:54,3,3,삼성,6,"4,9,21,39,74,77"
494,13:54,4,4,여의도,12,"3,31,47,52,54,67,70,71,79,87,88,99"
494,13:54,5,5,김포공항,13,"2,27,42,43,46,48,53,56,59,60,66,84,89"
494,13:54,6,6,일산,2,"26,94"
494,13:54,7,7,판교,4,"6,15,19,55"
494,13:54,9,9,평택,18,"7,18,20,24,33,35,40,41,49,51,61,65,73,75,80,91,92,95"
495,13:55,1,1,서울역,10,"1,64,68,69,76,83,85,86,97,98"
495,13:55,10,10,인천공항,13,"14,25,28,32,34,36,37,58,63,78,81,82,96"
495,13:55,2,2,수서,5,"5,11,12,17,29"
495,13:55,3,3,삼성,6,"4,9,21,39,74,77"
495,13:55,4,4,여의도,12,"3,31,47,52,54,67,70,71,79,87,88,99"
495,13:55,5,5,김포공항,13,"2,27,42,43,46,48,53,56,59,60,66,84,89"
495,13:55,6,6,일산,1,26
495,13:55,7,7,판교,5,"6,13,15,19,55"
495,13:55,9,9,평택,18,"7,18,20,24,33,35,40,41,49,51,61,65,73,75,80,91,92,95"
496,13:56,1,1,서울역,10,"1,64,68,69,76,83,85,86,97,98"
496,13:56,10,10,인천공항,13,"14,25,28,32,34,36,37,58,63,78,81,82,96"
496,13:56,2,2,수서,5,"5,11,12,17,29"
496,13:56,3,3,삼성,6,"4,9,21,39,74,77"
496,13:56,4,4,여의도,12,"3,31,47,52,54,67,70,71,79,87,88,99"
496,13:56,5,5,김포공항,13,"2,27,42,43,46,48,53,56,59,60,66,84,89"
496,13:56,6,6,일산,1,26
496,13:56,7,7,판교,5,"6,13,15,19,55"
496,13:56,9,9,평택,18,"7,18,20,24,33,35,40,41,49,51,61,65,73,75,80,91,92,95"
497,13:57,1,1,서울역,11,"1,8,64,68,69,76,83,85,86,97,98"
497,13:57,10,10,인천공항,13,"14,25,28,32,34,36,37,58,63,78,81,82,96"
497,13:57,2,2,수서,5,"5,11,12,17,29"
497,13:57,3,3,삼성,7,"4,9,21,39,44,74,77"
497,13:57,4,4,여의도,12,"3,31,47,52,54,67,70,71,79,87,88,99"
497,13:57,5,5,김포공항,13,"2,27,42,43,46,48,53,56,59,60,66,84,89"
497,13:57,6,6,일산,3,"26,90,93"
497,13:57,7,7,판교,5,"6,13,15,19,55"
497,13:57,9,9,평택,18,"7,18,20,24,33,35,40,41,49,51,61,65,73,75,80,91,92,95"
498,13:58,1,1,서울역,11,"1,8,64,68,69,76,83,85,86,97,98"
498,13:58,10,10,인천공항,12,"14,28,32,34,36,37,58,63,78,81,82,96"
498,13:58,2,2,수서,5,"5,11,12,17,29"
498,13:58,3,3,삼성,7,"4,9,21,39,44,74,77"
498,13:58,4,4,여의도,9,"3,47,52,54,70,71,79,88,99"
498,13:58,5,5,김포공항,13,"2,27,42,43,46,48,53,56,59,60,66,84,89"
498,13:58,6,6,일산,3,"26,90,93"
498,13:58,7,7,판교,4,"6,13,15,55"
498,13:58,9,9,평택,18,"7,18,20,24,33,35,40,41,49,51,61,65,73,75,80,91,92,95"
499,13:59,1,1,서울역,11,"1,8,64,68,69,76,83,85,86,97,98"
499,13:59,10,10,인천공항,12,"14,28,32,34,36,37,58,63,78,81,82,96"
499,13:59,2,2,수서,7,"5,10,11,12,17,29,45"
499,13:59,3,3,삼성,7,"4,9,21,39,44,74,77"
499,13:59,4,4,여의도,10,"3,30,47,52,54,70,71,79,88,99"
499,13:59,5,5,김포공항,13,"2,27,42,43,46,48,53,56,59,60,66,84,89"
499,13:59,6,6,일산,2,"90,93"
499,13:59,7,7,판교,5,"6,13,15,55,57"
499,13:59,9,9,평택,18,"7,18,20,24,33,35,40,41,49,51,61,65,73,75,80,91,92,95"
500,14:00,1,1,서울역,11,"1,8,64,68,69,76,83,85,86,97,98"
500,14:00,10,10,인천공항,12,"14,28,32,34,36,37,58,63,78,81,82,96"
500,14:00,2,2,수서,8,"5,10,11,12,17,22,29,45"
500,14:00,3,3,삼성,7,"4,9,21,39,44,74,77"
500,14:00,4,4,여의도,10,"3,30,47,52,54,70,71,79,88,99"
500,14:00,5,5,김포공항,12,"2,27,42,43,46,48,53,56,59,66,84,89"
500,14:00,6,6,일산,3,"50,90,93"
500,14:00,7,7,판교,6,"6,13,15,55,57,62"
500,14:00,9,9,평택,18,"7,18,20,24,33,35,40,41,49,51,61,65,73,75,80,91,92,95"
501,14:01,1,1,서울역,11,"1,8,64,68,69,76,83,85,86,97,98"
501,14:01,10,10,인천공항,11,"14,32,34,36,37,58,63,78,81,82,96"
501,14:01,2,2,수서,9,"0,5,10,11,12,17,22,29,45"
501,14:01,3,3,삼성,7,"4,9,21,39,44,74,77"
501,14:01,4,4,여의도,10,"3,30,47,52,54,70,71,79,88,99"
501,14:01,5,5,김포공항,12,"2,27,42,43,46,48,53,56,59,66,84,89"
501,14:01,6,6,일산,3,"50,90,93"
501,14:01,7,7,판교,5,"6,13,55,57,62"
501,14:01,9,9,평택,18,"7,18,20,24,33,35,40,41,49,51,61,65,73,75,80,91,92,95"
502,14:02,1,1,서울역,10,"1,8,64,69,76,83,85,86,97,98"
502,14:02,10,10,인천공항,11,"14,32,34,36,37,58,63,78,81,82,96"
502,14:02,2,2,수서,9,"0,5,10,11,12,17,22,29,45"
502,14:02,3,3,삼성,7,"4,9,21,39,44,74,77"
502,14:02,4,4,여의도,10,"3,30,47,52,54,70,71,79,88,99"
502,14:02,5,5,김포공항,12,"2,27,42,43,46,48,53,56,59,66,84,89"
502,14:02,6,6,일산,3,"50,90,93"
502,14:02,7,7,판교,5,"6,13,55,57,62"
502,14:02,9,9,평택,18,"7,18,20,24,33,35,40,41,49,51,61,65,73,75,80,91,92,95"
503,14:03,1,1,서울역,10,"1,8,64,69,76,83,85,86,97,98"
503,14:03,10,10,인천공항,11,"14,32,34,36,37,58,63,78,81,82,96"
503,14:03,2,2,수서,9,"0,5,10,11,12,17,22,29,45"
503,14:03,3,3,삼성,7,"4,9,21,39,44,74,77"
503,14:03,4,4,여의도,10,"3,30,47,52,54,70,71,79,88,99"
503,14:03,5,5,김포공항,11,"2,27,42,43,46,48,53,59,66,84,89"
503,14:03,6,6,일산,2,"50,93"
503,14:03,7,7,판교,5,"6,13,55,57,62"
503,14:03,8,8,동탄/용인,1,72
503,14:03,9,9,평택,18,"7,18,20,24,33,35,40,41,49,51,61,65,73,75,80,91,92,95"
504,14:04,1,1,서울역,10,"1,8,64,69,76,83,85,86,97,98"
504,14:04,10,10,인천공항,11,"14,32,34,36,37,58,63,78,81,82,96"
504,14:04,2,2,수서,9,"0,10,11,12,17,22,29,31,45"
504,14:04,3,3,삼성,7,"4,9,21,39,44,74,77"
504,14:04,4,4,여의도,10,"3,30,47,52,54,70,71,79,88,99"
504,14:04,5,5,김포공항,12,"2,27,38,42,43,46,48,53,59,66,84,89"
504,14:04,6,6,일산,2,"50,93"
504,14:04,7,7,판교,3,"55,57,62"
504,14:04,8,8,동탄/용인,1,72
504,14:04,9,9,평택,18,"7,18,20,24,33,35,40,41,49,51,61,65,73,75,80,91,92,95"
505,14:05,1,1,서울역,10,"1,8,64,69,76,83,85,86,97,98"
505,14:05,10,10,인천공항,11,"14,32,34,36,37,58,63,78,81,82,96"
505,14:05,2,2,수서,9,"0,10,11,12,17,22,29,31,45"
505,14:05,3,3,삼성,8,"4,9,21,39,44,74,77,94"
505,14:05,4,4,여의도,11,"3,19,30,47,52,54,70,71,79,88,99"
505,14:05,5,5,김포공항,12,"2,27,38,42,43,46,48,53,59,66,84,89"
505,14:05,6,6,일산,2,"50,93"
505,14:05,7,7,판교,5,"23,55,57,62,67"
505,14:05,8,8,동탄/용인,1,72
505,14:05,9,9,평택,18,"7,18,20,24,33,35,40,41,49,51,61,65,73,75,80,91,92,95"
506,14:06,1,1,서울역,10,"1,8,64,69,76,83,85,86,97,98"
506,14:06,10,10,인천공항,10,"32,34,36,37,58,63,78,81,82,96"
506,14:06,2,2,수서,6,"0,10,17,29,31,45"
506,14:06,3,3,삼성,8,"4,9,21,39,44,74,77,94"
506,14:06,4,4,여의도,10,"3,16,19,52,54,70,71,79,88,99"
506,14:06,5,5,김포공항,12,"2,27,38,42,43,46,48,53,59,66,84,89"
506,14:06,6,6,일산,1,50
506,14:06,7,7,판교,5,"23,55,57,62,67"
506,14:06,8,8,동탄/용인,1,72
506,14:06,9,9,평택,18,"7,18,20,24,33,35,40,41,49,51,61,65,73,75,80,91,92,95"
507,14:07,1,1,서울역,10,"1,8,64,69,76,83,85,86,97,98"
507,14:07,10,10,인천공항,10,"32,34,36,37,58,63,78,81,82,96"
507,14:07,2,2,수서,5,"10,17,29,31,45"
507,14:07,3,3,삼성,7,"4,9,21,44,74,77,94"
507,14:07,4,4,여의도,10,"3,16,19,52,54,70,71,79,88,99"
507,14:07,5,5,김포공항,12,"2,27,38,42,43,46,48,53,59,66,84,89"
507,14:07,6,6,일산,1,50
507,14:07,7,7,판교,5,"23,55,57,62,67"
507,14:07,8,8,동탄/용인,1,72
507,14:07,9,9,평택,18,"7,18,20,24,33,35,40,41,49,51,61,65,73,75,80,91,92,95"
508,14:08,1,1,서울역,10,"1,60,64,69,76,83,85,86,97,98"
508,14:08,10,10,인천공항,10,"32,34,36,37,58,63,78,81,82,96"
508,14:08,2,2,수서,5,"10,17,29,31,45"
508,14:08,3,3,삼성,7,"4,9,21,44,74,77,94"
508,14:08,4,4,여의도,9,"3,16,19,52,70,71,79,88,99"
508,14:08,5,5,김포공항,11,"27,38,42,43,46,48,53,59,66,84,89"
508,14:08,7,7,판교,5,"23,55,57,62,67"
508,14:08,8,8,동탄/용인,1,72
508,14:08,9,9,평택,18,"7,18,20,24,33,35,40,41,49,51,61,65,73,75,80,91,92,95"
509,14:09,1,1,서울역,10,"1,60,64,69,76,83,85,86,97,98"
509,14:09,10,10,인천공항,10,"32,34,36,37,58,63,78,81,82,96"
509,14:09,2,2,수서,5,"10,17,29,31,45"
509,14:09,3,3,삼성,6,"4,21,44,74,77,94"
509,14:09,4,4,여의도,9,"3,16,19,52,70,71,79,88,99"
509,14:09,5,5,김포공항,11,"27,38,42,43,46,48,53,59,66,84,89"
509,14:09,7,7,판교,5,"23,55,57,62,67"
509,14:09,8,8,동탄/용인,1,72
509,14:09,9,9,평택,18,"7,18,20,24,33,35,40,41,49,51,61,65,73,75,80,91,92,95"
510,14:10,1,1,서울역,10,"1,60,64,69,76,83,85,86,97,98"
510,14:10,10,10,인천공항,10,"32,34,36,37,58,63,78,81,82,96"
510,14:10,2,2,수서,5,"10,17,29,31,45"
510,14:10,3,3,삼성,6,"4,21,44,74,77,94"
510,14:10,4,4,여의도,10,"3,16,19,25,52,70,71,79,88,99"
510,14:10,5,5,김포공항,11,"27,38,42,43,46,48,53,59,66,84,89"
510,14:10,7,7,판교,5,"23,55,57,62,67"
510,14:10,8,8,동탄/용인,1,72
510,14:10,9,9,평택,18,"7,18,20,24,33,35,40,41,49,51,61,65,73,75,80,91,92,95"
511,14:11,1,1,서울역,10,"1,60,64,69,76,83,85,86,97,98"
511,14:11,10,10,인천공항,10,"32,34,36,37,58,63,78,81,82,96"
511,14:11,2,2,수서,5,"10,17,29,31,45"
511,14:11,3,3,삼성,6,"4,21,56,74,77,94"
511,14:11,4,4,여의도,12,"3,6,13,16,19,25,52,70,71,79,88,99"
511,14:11,5,5,김포공항,10,"27,38,42,43,48,53,59,66,84,89"
511,14:11,7,7,판교,6,"23,26,55,57,62,67"
511,14:11,8,8,동탄/용인,1,72
511,14:11,9,9,평택,18,"7,18,20,24,33,35,40,41,49,51,61,65,73,75,80,91,92,95"
512,14:12,1,1,서울역,10,"1,60,64,69,76,83,85,86,97,98"
512,14:12,10,10,인천공항,10,"32,34,36,37,58,63,78,81,82,96"
512,14:12,2,2,수서,6,"10,17,29,31,45,47"
512,14:12,3,3,삼성,6,"4,21,56,74,77,94"
512,14:12,4,4,여의도,12,"3,6,11,13,16,19,25,52,70,71,88,99"
512,14:12,5,5,김포공항,11,"5,27,38,42,43,48,53,59,66,84,89"
512,14:12,7,7,판교,6,"23,26,55,57,62,67"
512,14:12,8,8,동탄/용인,1,72
512,14:12,9,9,평택,18,"7,18,20,24,33,35,40,41,49,51,61,65,73,75,80,91,92,95"
513,14:13,1,1,서울역,11,"1,12,60,64,69,76,83,85,86,97,98"
513,14:13,10,10,인천공항,10,"32,34,36,37,58,63,78,81,82,96"
513,14:13,2,2,수서,6,"10,17,29,31,45,47"
513,14:13,3,3,삼성,6,"21,56,74,77,90,94"
513,14:13,4,4,여의도,12,"3,6,11,13,16,19,25,52,70,71,88,99"
513,14:13,5,5,김포공항,11,"5,27,38,42,43,48,53,59,66,84,89"
513,14:13,6,6,일산,1,15
513,14:13,7,7,판교,7,"23,26,30,55,57,62,67"
513,14:13,8,8,동탄/용인,1,72
513,14:13,9,9,평택,19,"7,18,20,24,33,35,40,41,49,51,61,65,73,75,80,87,91,92,95"
514,14:14,1,1,서울역,9,"1,12,64,69,76,85,86,97,98"
514,14:14,10,10,인천공항,10,"32,34,36,37,58,63,78,81,82,96"
514,14:14,2,2,수서,6,"10,17,29,31,45,47"
514,14:14,3,3,삼성,4,"21,56,90,94"
514,14:14,4,4,여의도,11,"3,6,11,13,16,19,25,70,71,88,99"
514,14:14,5,5,김포공항,12,"5,22,27,38,42,43,48,53,59,66,84,89"
514,14:14,6,6,일산,1,15
514,14:14,7,7,판교,7,"23,26,30,55,57,62,67"
514,14:14,8,8,동탄/용인,1,72
514,14:14,9,9,평택,19,"7,18,20,24,33,35,40,41,49,51,61,65,73,75,80,87,91,92,95"
515,14:15,1,1,서울역,9,"1,12,64,69,76,85,86,97,98"
515,14:15,10,10,인천공항,10,"32,34,36,58,63,68,78,81,82,96"
515,14:15,2,2,수서,5,"17,29,31,45,47"
515,14:15,3,3,삼성,4,"21,56,90,94"
515,14:15,4,4,여의도,11,"3,6,11,13,16,19,25,70,71,88,99"
515,14:15,5,5,김포공항,13,"0,5,22,27,38,42,43,48,53,59,66,84,89"
515,14:15,6,6,일산,1,15
515,14:15,7,7,판교,9,"8,23,26,30,54,55,57,62,67"
515,14:15,9,9,평택,19,"7,18,20,24,33,35,40,41,49,51,61,65,73,75,80,87,91,92,95"
516,14:16,1,1,서울역,8,"12,64,69,76,85,86,97,98"
516,14:16,10,10,인천공항,10,"32,34,36,58,63,68,78,81,82,96"
516,14:16,2,2,수서,6,"2,17,29,31,45,47"
516,14:16,3,3,삼성,4,"28,56,90,94"
516,14:16,4,4,여의도,11,"3,6,11,13,16,19,25,70,71,88,99"
516,14:16,5,5,김포공항,13,"0,5,22,27,38,42,43,48,53,59,66,84,89"
516,14:16,6,6,일산,1,15
516,14:16,7,7,판교,9,"8,23,26,30,54,55,57,62,67"
516,14:16,9,9,평택,19,"7,18,20,24,33,35,40,41,49,51,61,65,73,75,80,87,91,92,95"
517,14:17,1,1,서울역,9,"12,44,64,69,76,85,86,97,98"
517,14:17,10,10,인천공항,10,"32,34,36,58,63,68,78,81,82,96"
517,14:17,2,2,수서,6,"2,17,29,31,45,47"
517,14:17,3,3,삼성,3,"28,90,94"
517,14:17,4,4,여의도,11,"3,6,11,13,16,19,25,70,71,88,99"
517,14:17,5,5,김포공항,14,"0,5,9,22,27,38,42,43,48,53,59,66,84,89"
517,14:17,6,6,일산,1,15
517,14:17,7,7,판교,9,"8,23,26,30,54,55,57,62,67"
517,14:17,9,9,평택,18,"18,20,24,33,35,40,41,49,51,61,65,73,75,80,87,91,92,95"
518,14:18,1,1,서울역,9,"12,44,64,69,76,85,86,97,98"
518,14:18,10,10,인천공항,10,"32,34,36,58,63,68,78,81,82,96"
518,14:18,2,2,수서,6,"2,17,29,31,45,47"
518,14:18,3,3,삼성,4,"28,50,90,94"
518,14:18,4,4,여의도,11,"3,6,13,14,16,19,25,70,71,88,99"
518,14:18,5,5,김포공항,14,"0,5,9,22,27,38,42,43,48,53,59,66,84,89"
518,14:18,6,6,일산,2,"15,46"
518,14:18,7,7,판교,10,"8,23,26,30,54,55,57,62,67,93"
518,14:18,9,9,평택,18,"18,20,24,33,35,40,41,49,51,61,65,73,75,80,87,91,92,95"
519,14:19,1,1,서울역,7,"12,44,76,85,86,97,98"
519,14:19,10,10,인천공항,10,"32,34,36,58,63,68,78,81,82,96"
519,14:19,2,2,수서,6,"2,17,29,31,45,47"
519,14:19,3,3,삼성,4,"28,50,90,94"
519,14:19,4,4,여의도,11,"3,6,13,14,16,19,25,70,71,88,99"
519,14:19,5,5,김포공항,14,"0,5,9,22,27,38,42,43,48,53,59,66,84,89"
519,14:19,6,6,일산,2,"15,46"
519,14:19,7,7,판교,10,"8,26,30,54,55,57,62,67,79,93"
519,14:19,9,9,평택,18,"18,20,24,33,35,40,41,49,51,61,65,73,75,80,87,91,92,95"
520,14:20,1,1,서울역,7,"12,44,76,85,86,97,98"
520,14:20,10,10,인천공항,10,"32,34,36,58,63,68,78,81,82,96"
520,14:20,2,2,수서,5,"2,31,45,47,52"
520,14:20,3,3,삼성,5,"28,50,83,90,94"
520,14:20,4,4,여의도,12,"3,4,6,13,14,16,19,25,70,71,88,99"
520,14:20,5,5,김포공항,11,"5,9,22,27,38,42,53,59,66,84,89"
520,14:20,6,6,일산,2,"15,46"
520,14:20,7,7,판교,7,"8,26,30,54,57,79,93"
520,14:20,9,9,평택,18,"18,20,24,33,35,40,41,49,51,61,65,73,75,80,87,91,92,95"
521,14:21,1,1,서울역,5,"44,76,86,97,98"
521,14:21,10,10,인천공항,10,"32,34,36,58,63,68,78,81,82,96"
521,14:21,2,2,수서,5,"2,31,45,47,52"
521,14:21,3,3,삼성,5,"28,50,83,90,94"
521,14:21,4,4,여의도,13,"3,4,6,13,14,19,25,70,71,74,77,88,99"
521,14:21,5,5,김포공항,11,"5,9,22,27,38,42,53,59,66,84,89"
521,14:21,6,6,일산,2,"15,46"
521,14:21,7,7,판교,7,"8,26,30,54,57,79,93"
521,14:21,9,9,평택,18,"18,20,24,33,35,40,41,49,51,61,65,73,75,80,87,91,92,95"
522,14:22,1,1,서울역,5,"44,76,86,97,98"
522,14:22,10,10,인천공항,10,"32,34,36,58,63,68,78,81,82,96"
522,14:22,2,2,수서,5,"2,31,45,47,52"
522,14:22,3,3,삼성,5,"28,50,83,90,94"
522,14:22,4,4,여의도,13,"3,4,6,13,14,19,25,70,71,74,77,88,99"
522,14:22,5,5,김포공항,11,"5,9,22,27,38,42,53,59,66,84,89"
522,14:22,6,6,일산,2,"15,46"
522,14:22,7,7,판교,6,"8,26,30,54,57,93"
522,14:22,9,9,평택,19,"18,20,24,33,35,39,40,41,49,51,61,65,73,75,80,87,91,92,95"
523,14:23,1,1,서울역,4,"76,86,97,98"
523,14:23,10,10,인천공항,10,"32,34,36,58,63,68,78,81,82,96"
523,14:23,2,2,수서,3,"2,47,52"
523,14:23,3,3,삼성,4,"17,28,50,83"
523,14:23,4,4,여의도,11,"3,4,6,13,14,19,25,71,74,77,99"
523,14:23,5,5,김포공항,11,"5,10,22,27,38,42,53,59,66,84,89"
523,14:23,6,6,일산,2,"15,46"
523,14:23,7,7,판교,7,"1,8,26,30,54,57,93"
523,14:23,9,9,평택,19,"18,20,24,33,35,39,40,41,49,51,61,65,73,75,80,87,91,92,95"
524,14:24,1,1,서울역,4,"76,86,97,98"
524,14:24,10,10,인천공항,10,"32,34,36,58,63,68,78,81,82,96"
524,14:24,2,2,수서,3,"2,47,52"
524,14:24,3,3,삼성,3,"17,28,83"
524,14:24,4,4,여의도,11,"3,4,6,13,14,19,25,71,74,77,99"
524,14:24,5,5,김포공항,11,"10,21,22,27,38,42,53,59,66,84,89"
524,14:24,6,6,일산,1,15
524,14:24,7,7,판교,7,"1,8,26,30,54,57,93"
524,14:24,9,9,평택,19,"18,20,24,33,35,39,40,41,49,51,61,65,73,75,80,87,91,92,95"
525,14:25,1,1,서울역,4,"76,86,97,98"
525,14:25,10,10,인천공항,10,"32,34,36,58,63,68,78,81,82,96"
525,14:25,2,2,수서,3,"2,47,52"
525,14:25,3,3,삼성,4,"17,28,72,83"
525,14:25,4,4,여의도,10,"3,4,6,13,14,19,25,74,77,99"
525,14:25,5,5,김포공항,11,"10,21,22,27,38,42,53,59,66,84,89"
525,14:25,6,6,일산,1,15
525,14:25,7,7,판교,7,"1,8,26,30,54,57,93"
525,14:25,9,9,평택,19,"18,20,24,33,35,39,40,41,49,51,61,65,73,75,80,87,91,92,95"
526,14:26,1,1,서울역,3,"76,97,98"
526,14:26,10,10,인천공항,10,"32,34,36,58,63,68,78,81,82,96"
526,14:26,2,2,수서,5,"2,47,52,62,64"
526,14:26,3,3,삼성,2,"28,72"
526,14:26,4,4,여의도,10,"4,6,13,14,19,23,25,74,77,99"
526,14:26,5,5,김포공항,11,"10,21,22,27,38,42,53,59,66,84,89"
526,14:26,7,7,판교,8,"1,8,26,30,54,57,69,93"
526,14:26,9,9,평택,19,"18,20,24,33,35,39,40,41,49,51,61,65,73,75,80,87,91,92,95"
527,14:27,1,1,서울역,4,"55,76,97,98"
527,14:27,10,10,인천공항,10,"32,34,36,58,63,68,78,81,82,96"
527,14:27,2,2,수서,5,"2,47,52,62,64"
527,14:27,3,3,삼성,2,"28,72"
527,14:27,4,4,여의도,11,"4,6,13,14,19,23,25,67,74,77,99"
527,14:27,5,5,김포공항,11,"10,21,22,27,38,42,53,59,66,84,89"
527,14:27,6,6,일산,1,0
527,14:27,7,7,판교,7,"1,26,30,54,57,69,93"
527,14:27,9,9,평택,19,"18,20,24,33,35,39,40,41,49,51,61,65,73,75,80,87,91,92,95"
528,14:28,1,1,서울역,4,"43,55,76,98"
528,14:28,10,10,인천공항,10,"32,34,36,58,63,68,78,81,82,96"
528,14:28,2,2,수서,7,"2,47,52,62,64,79,85"
528,14:28,3,3,삼성,3,"28,48,72"
528,14:28,4,4,여의도,10,"4,6,13,14,23,25,67,74,77,99"
528,14:28,5,5,김포공항,12,"10,21,22,27,29,38,42,53,59,66,84,89"
528,14:28,6,6,일산,2,"0,12"
528,14:28,7,7,판교,6,"1,30,54,57,69,93"
528,14:28,9,9,평택,19,"18,20,24,33,35,39,40,41,49,51,61,65,73,75,80,87,91,92,95"
529,14:29,1,1,서울역,4,"43,55,76,98"
529,14:29,10,10,인천공항,10,"32,34,36,58,63,68,78,81,82,96"
529,14:29,2,2,수서,6,"2,47,52,64,79,85"
529,14:29,3,3,삼성,2,"48,72"
529,14:29,4,4,여의도,9,"4,13,14,23,25,67,74,77,99"
529,14:29,5,5,김포공항,12,"10,21,22,27,29,38,42,53,59,66,84,89"
529,14:29,6,6,일산,2,"0,12"
529,14:29,7,7,판교,6,"1,30,54,57,69,93"
529,14:29,8,8,동탄/용인,1,11
529,14:29,9,9,평택,19,"18,20,24,33,35,39,40,41,49,51,61,65,73,75,80,87,91,92,95"
530,14:30,1,1,서울역,5,"43,45,55,76,98"
530,14:30,10,10,인천공항,10,"32,34,36,58,63,68,78,81,82,96"
530,14:30,2,2,수서,6,"2,47,52,64,79,85"
530,14:30,3,3,삼성,3,"37,48,72"
530,14:30,4,4,여의도,10,"4,13,14,23,25,67,74,77,94,99"
530,14:30,5,5,김포공항,11,"10,21,22,27,29,38,42,53,59,66,84"
530,14:30,6,6,일산,1,12
530,14:30,7,7,판교,8,"1,30,54,57,69,70,88,93"
530,14:30,8,8,동탄/용인,1,11
530,14:30,9,9,평택,20,"18,20,24,33,35,39,40,41,49,51,60,61,65,73,75,80,87,91,92,95"
531,14:31,1,1,서울역,5,"43,45,55,76,98"
531,14:31,10,10,인천공항,10,"32,34,36,58,63,68,78,81,82,96"
531,14:31,2,2,수서,5,"2,47,52,64,85"
531,14:31,3,3,삼성,4,"9,37,48,72"
531,14:31,4,4,여의도,11,"4,13,14,23,25,50,67,74,77,94,99"
531,14:31,5,5,김포공항,11,"21,22,27,29,38,42,53,59,66,84,90"
531,14:31,6,6,일산,1,12
531,14:31,7,7,판교,7,"1,54,57,69,70,88,93"
531,14:31,8,8,동탄/용인,1,11
531,14:31,9,9,평택,20,"18,20,24,33,35,39,40,41,49,51,60,61,65,73,75,80,87,91,92,95"
532,14:32,1,1,서울역,5,"5,43,45,55,76"
532,14:32,10,10,인천공항,9,"34,36,58,63,68,78,81,82,96"
532,14:32,2,2,수서,6,"2,3,47,52,64,85"
532,14:32,3,3,삼성,4,"9,37,48,72"
532,14:32,4,4,여의도,10,"4,7,13,23,25,50,67,74,77,94"
532,14:32,5,5,김포공항,11,"21,22,27,29,38,42,53,59,66,84,90"
532,14:32,6,6,일산,1,12
532,14:32,7,7,판교,7,"1,57,69,70,71,88,93"
532,14:32,8,8,동탄/용인,1,11
532,14:32,9,9,평택,21,"18,20,24,33,35,39,40,41,49,51,56,60,61,65,73,75,80,87,91,92,95"
533,14:33,1,1,서울역,5,"5,43,45,55,76"
533,14:33,10,10,인천공항,8,"34,36,63,68,78,81,82,96"
533,14:33,2,2,수서,7,"2,3,47,52,64,85,86"
533,14:33,3,3,삼성,4,"9,37,48,72"
533,14:33,4,4,여의도,11,"4,7,13,23,25,50,67,74,77,83,94"
533,14:33,5,5,김포공항,11,"21,22,27,29,38,42,53,59,66,84,90"
533,14:33,6,6,일산,1,12
533,14:33,7,7,판교,7,"1,57,69,70,71,88,93"
533,14:33,8,8,동탄/용인,1,11
533,14:33,9,9,평택,21,"18,20,24,33,35,39,40,41,49,51,56,60,61,65,73,75,80,87,91,92,95"
534,14:34,1,1,서울역,5,"5,8,45,55,76"
534,14:34,10,10,인천공항,8,"34,36,63,68,78,81,82,96"
534,14:34,2,2,수서,7,"2,3,19,47,52,64,86"
534,14:34,3,3,삼성,3,"9,37,72"
534,14:34,4,4,여의도,11,"4,7,13,23,25,50,67,74,77,83,94"
534,14:34,5,5,김포공항,12,"17,21,22,27,29,38,42,53,59,66,84,90"
534,14:34,6,6,일산,2,"12,31"
534,14:34,7,7,판교,6,"1,69,70,71,88,93"
534,14:34,8,8,동탄/용인,1,11
534,14:34,9,9,평택,21,"18,20,24,33,35,39,40,41,49,51,56,60,61,65,73,75,80,87,91,92,95"
535,14:35,1,1,서울역,6,"5,8,26,45,55,76"
535,14:35,10,10,인천공항,7,"36,63,68,78,81,82,96"
535,14:35,2,2,수서,6,"2,3,19,47,52,86"
535,14:35,3,3,삼성,3,"9,37,72"
535,14:35,4,4,여의도,9,"4,13,25,50,67,74,77,83,94"
535,14:35,5,5,김포공항,12,"17,21,22,27,29,38,42,53,59,66,84,90"
535,14:35,6,6,일산,2,"12,31"
535,14:35,7,7,판교,7,"1,69,70,71,88,93,97"
535,14:35,8,8,동탄/용인,1,11
535,14:35,9,9,평택,21,"18,20,24,33,35,39,40,41,49,51,56,60,61,65,73,75,80,87,91,92,95"
536,14:36,1,1,서울역,6,"5,8,26,45,55,76"
536,14:36,10,10,인천공항,7,"44,63,68,78,81,82,96"
536,14:36,2,2,수서,6,"2,3,19,47,52,86"
536,14:36,3,3,삼성,3,"9,37,72"
536,14:36,4,4,여의도,9,"4,13,28,50,67,74,77,83,94"
536,14:36,5,5,김포공항,12,"17,21,22,27,29,38,42,53,59,66,84,90"
536,14:36,6,6,일산,2,"12,31"
536,14:36,7,7,판교,9,"1,6,46,69,70,71,88,93,97"
536,14:36,8,8,동탄/용인,1,11
536,14:36,9,9,평택,22,"16,18,20,24,33,35,39,40,41,49,51,56,60,61,65,73,75,80,87,91,92,95"
537,14:37,1,1,서울역,6,"5,8,26,45,55,76"
537,14:37,10,10,인천공항,6,"44,68,78,81,82,96"
537,14:37,2,2,수서,6,"2,3,19,47,52,86"
537,14:37,3,3,삼성,3,"9,37,72"
537,14:37,4,4,여의도,7,"4,13,28,74,77,83,94"
537,14:37,5,5,김포공항,13,"17,21,22,27,29,38,42,53,59,62,66,84,90"
537,14:37,6,6,일산,2,"12,31"
537,14:37,7,7,판교,8,"6,46,69,70,71,88,93,97"
537,14:37,8,8,동탄/용인,1,11
537,14:37,9,9,평택,21,"16,20,24,33,35,39,40,41,49,51,56,60,61,65,73,75,80,87,91,92,95"
538,14:38,1,1,서울역,6,"8,26,45,55,76,89"
538,14:38,10,10,인천공항,6,"44,68,78,81,82,96"
538,14:38,2,2,수서,6,"2,3,19,47,52,86"
538,14:38,3,3,삼성,3,"9,37,72"
538,14:38,4,4,여의도,8,"4,13,28,30,74,77,83,94"
538,14:38,5,5,김포공항,13,"17,21,22,27,29,38,42,53,59,62,66,84,90"
538,14:38,6,6,일산,2,"12,31"
538,14:38,7,7,판교,9,"6,15,46,69,70,71,88,93,97"
538,14:38,9,9,평택,21,"16,20,24,33,35,39,40,41,49,51,56,60,61,65,73,75,80,87,91,92,95"
539,14:39,1,1,서울역,6,"7,8,26,45,76,89"
539,14:39,10,10,인천공항,6,"44,68,78,81,82,96"
539,14:39,2,2,수서,4,"2,3,19,47"
539,14:39,3,3,삼성,3,"10,37,72"
539,14:39,4,4,여의도,9,"4,13,28,30,54,74,77,83,94"
539,14:39,5,5,김포공항,14,"17,21,22,27,29,38,42,53,59,62,66,79,84,90"
539,14:39,6,6,일산,2,"12,31"
539,14:39,7,7,판교,11,"6,15,46,69,70,71,88,93,97,98,99"
539,14:39,9,9,평택,21,"16,20,24,33,35,39,40,41,49,51,56,60,61,65,73,75,80,87,91,92,95"
540,14:40,1,1,서울역,6,"7,8,26,45,76,89"
540,14:40,10,10,인천공항,6,"44,68,78,81,82,96"
540,14:40,2,2,수서,3,"2,3,19"
540,14:40,3,3,삼성,3,"10,37,72"
540,14:40,4,4,여의도,9,"4,13,28,30,54,74,77,83,94"
540,14:40,5,5,김포공항,13,"17,21,22,27,38,42,53,59,62,66,79,84,90"
540,14:40,6,6,일산,1,31
540,14:40,7,7,판교,9,"6,15,46,69,70,88,97,98,99"
540,14:40,9,9,평택,21,"16,20,24,33,35,39,40,41,49,51,56,60,61,65,73,75,80,87,91,92,95"
541,14:41,1,1,서울역,6,"7,8,26,45,76,89"
541,14:41,10,10,인천공항,6,"44,68,78,81,82,96"
541,14:41,2,2,수서,4,"2,3,19,23"
541,14:41,3,3,삼성,3,"10,37,72"
541,14:41,4,4,여의도,9,"4,13,28,30,54,74,77,83,94"
541,14:41,5,5,김포공항,13,"17,21,22,27,38,42,53,59,62,66,79,84,90"
541,14:41,6,6,일산,1,31
541,14:41,7,7,판교,8,"6,15,46,70,88,97,98,99"
541,14:41,9,9,평택,21,"16,20,24,33,35,39,40,41,49,51,56,60,61,65,73,75,80,87,91,92,95"
542,14:42,1,1,서울역,6,"7,8,26,45,76,89"
542,14:42,10,10,인천공항,5,"68,78,81,82,96"
542,14:42,2,2,수서,5,"2,3,19,23,25"
542,14:42,3,3,삼성,3,"10,37,72"
542,14:42,4,4,여의도,9,"4,13,28,30,54,74,77,83,94"
542,14:42,5,5,김포공항,16,"17,21,22,27,32,38,42,48,53,59,62,66,79,84,85,90"
542,14:42,6,6,일산,1,31
542,14:42,7,7,판교,9,"0,6,15,46,70,88,97,98,99"
542,14:42,9,9,평택,20,"16,24,33,35,39,40,41,49,51,56,60,61,65,73,75,80,87,91,92,95"
543,14:43,1,1,서울역,6,"7,8,26,45,76,89"
543,14:43,10,10,인천공항,5,"68,78,81,82,96"
543,14:43,2,2,수서,6,"2,3,19,23,25,67"
543,14:43,3,3,삼성,2,"10,72"
543,14:43,4,4,여의도,8,"13,28,30,54,74,77,83,94"
543,14:43,5,5,김포공항,16,"17,22,27,32,38,42,48,53,59,62,64,66,79,84,85,90"
543,14:43,6,6,일산,1,31
543,14:43,7,7,판교,9,"0,6,15,46,70,88,97,98,99"
543,14:43,9,9,평택,20,"16,24,33,35,39,40,41,49,51,56,60,61,65,73,75,80,87,91,92,95"
544,14:44,1,1,서울역,6,"1,7,8,26,45,76"
544,14:44,10,10,인천공항,5,"68,78,81,82,96"
544,14:44,2,2,수서,5,"2,19,23,25,67"
544,14:44,3,3,삼성,1,10
544,14:44,4,4,여의도,7,"13,28,54,74,77,83,94"
544,14:44,5,5,김포공항,16,"17,22,27,32,38,42,48,53,59,62,64,66,79,84,85,90"
544,14:44,6,6,일산,1,31
544,14:44,7,7,판교,10,"0,6,15,46,50,70,88,97,98,99"
544,14:44,9,9,평택,20,"16,24,33,35,39,40,41,49,51,56,60,61,65,73,75,80,87,91,92,95"
545,14:45,1,1,서울역,5,"1,8,26,45,76"
545,14:45,10,10,인천공항,5,"68,78,81,82,96"
545,14:45,2,2,수서,5,"2,19,23,25,67"
545,14:45,4,4,여의도,4,"13,28,77,94"
545,14:45,5,5,김포공항,15,"17,27,32,38,42,48,53,59,62,64,66,79,84,85,90"
545,14:45,6,6,일산,1,31
545,14:45,7,7,판교,11,"0,5,6,15,46,50,70,88,97,98,99"
545,14:45,9,9,평택,20,"16,24,33,35,39,40,41,49,51,56,60,61,65,73,75,80,87,91,92,95"
546,14:46,1,1,서울역,6,"1,8,26,45,52,76"
546,14:46,10,10,인천공항,4,"78,81,82,96"
546,14:46,2,2,수서,5,"2,19,23,25,67"
546,14:46,4,4,여의도,5,"13,28,47,77,94"
546,14:46,5,5,김포공항,15,"17,27,32,38,42,48,53,59,62,64,66,79,84,85,90"
546,14:46,6,6,일산,2,"31,57"
546,14:46,7,7,판교,10,"0,5,6,15,46,50,70,88,98,99"
546,14:46,9,9,평택,19,"16,24,33,39,40,41,49,51,56,60,61,65,73,75,80,87,91,92,95"
547,14:47,1,1,서울역,6,"1,8,26,45,52,76"
547,14:47,10,10,인천공항,4,"78,81,82,96"
547,14:47,2,2,수서,5,"2,19,23,25,67"
547,14:47,3,3,삼성,2,"71,93"
547,14:47,4,4,여의도,4,"28,34,47,77"
547,14:47,5,5,김포공항,17,"9,17,27,32,38,42,48,53,59,62,64,66,79,84,85,86,90"
547,14:47,6,6,일산,3,"29,31,57"
547,14:47,7,7,판교,9,"0,5,6,15,46,50,70,88,99"
547,14:47,9,9,평택,20,"14,16,24,33,39,40,41,49,51,56,60,61,65,73,75,80,87,91,92,95"
548,14:48,1,1,서울역,5,"1,8,45,52,76"
548,14:48,10,10,인천공항,4,"78,81,82,96"
548,14:48,2,2,수서,4,"2,19,25,67"
548,14:48,3,3,삼성,5,"11,58,69,71,93"
548,14:48,4,4,여의도,5,"28,34,36,47,77"
548,14:48,5,5,김포공항,16,"9,17,27,32,38,42,53,59,62,64,66,79,84,85,86,90"
548,14:48,6,6,일산,3,"29,31,57"
548,14:48,7,7,판교,9,"0,5,6,15,46,50,70,88,99"
548,14:48,9,9,평택,19,"14,24,33,39,40,41,49,51,56,60,61,65,73,75,80,87,91,92,95"
549,14:49,1,1,서울역,4,"1,8,45,52"
549,14:49,10,10,인천공항,4,"78,81,82,96"
549,14:49,2,2,수서,4,"2,19,25,67"
549,14:49,3,3,삼성,5,"11,58,69,71,93"
549,14:49,4,4,여의도,6,"21,28,34,36,47,77"
549,14:49,5,5,김포공항,15,"9,17,32,38,42,53,59,62,64,66,79,84,85,86,90"
549,14:49,6,6,일산,3,"29,31,57"
549,14:49,7,7,판교,9,"0,5,6,15,46,50,70,88,99"
549,14:49,9,9,평택,19,"14,24,33,39,40,41,49,51,56,60,61,65,73,75,80,87,91,92,95"
550,14:50,1,1,서울역,5,"1,8,45,52,72"
550,14:50,10,10,인천공항,4,"78,81,82,96"
550,14:50,2,2,수서,5,"2,19,25,30,67"
550,14:50,3,3,삼성,4,"11,58,69,71"
550,14:50,4,4,여의도,6,"21,34,36,37,47,77"
550,14:50,5,5,김포공항,15,"9,17,32,38,42,53,59,62,64,66,79,84,85,86,90"
550,14:50,6,6,일산,2,"31,57"
550,14:50,7,7,판교,8,"0,4,5,46,50,70,88,99"
550,14:50,9,9,평택,20,"14,24,33,39,40,41,43,49,51,56,60,61,65,73,75,80,87,91,92,95"
551,14:51,1,1,서울역,4,"1,45,52,72"
551,14:51,10,10,인천공항,4,"78,81,82,96"
551,14:51,2,2,수서,5,"2,25,30,54,67"
551,14:51,3,3,삼성,4,"7,11,58,71"
551,14:51,4,4,여의도,7,"21,22,34,36,37,47,77"
551,14:51,5,5,김포공항,15,"9,17,32,38,42,53,59,62,64,66,79,84,85,86,90"
551,14:51,6,6,일산,2,"31,57"
551,14:51,7,7,판교,8,"0,4,5,46,50,70,88,99"
551,14:51,9,9,평택,20,"14,24,33,39,40,41,43,49,51,56,60,61,65,73,75,80,87,91,92,95"
552,14:52,1,1,서울역,4,"1,45,52,72"
552,14:52,10,10,인천공항,5,"55,78,81,82,96"
552,14:52,2,2,수서,4,"25,30,54,67"
552,14:52,3,3,삼성,5,"7,11,58,63,71"
552,14:52,4,4,여의도,6,"22,34,36,37,47,77"
552,14:52,5,5,김포공항,14,"9,17,32,38,42,59,62,64,66,79,84,85,86,90"
552,14:52,6,6,일산,2,"31,57"
552,14:52,7,7,판교,11,"0,4,5,12,46,50,70,74,83,88,99"
552,14:52,8,8,동탄/용인,1,35
552,14:52,9,9,평택,20,"14,24,33,39,40,41,43,49,51,56,60,61,65,73,75,80,87,91,92,95"
553,14:53,1,1,서울역,4,"1,18,52,72"
553,14:53,10,10,인천공항,5,"55,78,81,82,96"
553,14:53,2,2,수서,4,"25,30,54,67"
553,14:53,3,3,삼성,5,"7,11,58,63,97"
553,14:53,4,4,여의도,6,"22,34,36,37,47,77"
553,14:53,5,5,김포공항,15,"9,10,17,32,38,42,59,62,64,66,79,84,85,86,90"
553,14:53,6,6,일산,2,"31,57"
553,14:53,7,7,판교,11,"0,4,5,12,46,50,70,74,83,88,99"
553,14:53,8,8,동탄/용인,1,35
553,14:53,9,9,평택,20,"14,24,33,39,40,41,43,49,51,56,60,61,65,73,75,80,87,91,92,95"
554,14:54,1,1,서울역,5,"1,18,52,72,98"
554,14:54,10,10,인천공항,5,"55,78,81,82,96"
554,14:54,2,2,수서,4,"25,30,54,67"
554,14:54,3,3,삼성,5,"7,11,58,63,97"
554,14:54,4,4,여의도,6,"34,36,37,44,47,77"
554,14:54,5,5,김포공항,15,"9,10,17,32,38,42,59,62,64,66,79,84,85,86,90"
554,14:54,6,6,일산,2,"31,57"
554,14:54,7,7,판교,12,"0,4,5,12,13,46,50,70,74,83,88,99"
554,14:54,8,8,동탄/용인,1,35
554,14:54,9,9,평택,20,"14,24,33,39,40,41,43,49,51,56,60,61,65,73,75,80,87,91,92,95"
555,14:55,1,1,서울역,5,"1,18,52,72,98"
555,14:55,10,10,인천공항,5,"55,78,81,82,96"
555,14:55,2,2,수서,4,"25,30,54,67"
555,14:55,3,3,삼성,5,"7,11,58,63,97"
555,14:55,4,4,여의도,6,"34,36,37,44,47,77"
555,14:55,5,5,김포공항,15,"9,10,17,32,38,42,59,62,64,66,79,84,85,86,90"
555,14:55,6,6,일산,3,"3,48,57"
555,14:55,7,7,판교,12,"0,4,5,12,13,46,50,70,74,83,88,99"
555,14:55,9,9,평택,20,"14,24,33,39,40,41,43,49,51,56,60,61,65,73,75,80,87,91,92,95"
556,14:56,1,1,서울역,4,"1,18,52,98"
556,14:56,10,10,인천공항,5,"55,78,81,82,96"
556,14:56,2,2,수서,4,"25,30,54,67"
556,14:56,3,3,삼성,5,"7,11,58,63,97"
556,14:56,4,4,여의도,5,"36,37,44,47,77"
556,14:56,5,5,김포공항,16,"9,10,17,23,32,38,42,59,62,64,66,79,84,85,86,90"
556,14:56,6,6,일산,3,"3,48,57"
556,14:56,7,7,판교,13,"0,4,5,12,13,46,50,70,74,76,83,88,99"
556,14:56,9,9,평택,20,"14,24,33,39,40,41,43,49,51,56,60,61,65,73,75,80,87,91,92,95"
557,14:57,1,1,서울역,5,"1,6,18,69,98"
557,14:57,10,10,인천공항,6,"55,78,81,82,89,96"
557,14:57,2,2,수서,4,"25,30,54,67"
557,14:57,3,3,삼성,5,"8,11,58,63,97"
557,14:57,4,4,여의도,7,"15,36,37,44,47,77,93"
557,14:57,5,5,김포공항,16,"9,10,17,23,32,38,42,59,62,64,66,79,84,85,86,90"
557,14:57,6,6,일산,3,"3,48,57"
557,14:57,7,7,판교,14,"0,4,5,12,13,28,46,50,70,74,76,83,88,99"
557,14:57,9,9,평택,20,"14,24,33,39,40,41,43,49,51,56,60,61,65,73,75,80,87,91,92,95"
558,14:58,1,1,서울역,7,"1,6,18,19,20,69,98"
558,14:58,10,10,인천공항,5,"55,78,81,89,96"
558,14:58,2,2,수서,4,"25,30,54,67"
558,14:58,3,3,삼성,5,"8,11,58,63,97"
558,14:58,4,4,여의도,7,"15,36,37,44,47,77,93"
558,14:58,5,5,김포공항,16,"9,10,17,23,32,38,42,59,62,64,66,79,84,85,86,90"
558,14:58,6,6,일산,3,"3,48,57"
558,14:58,7,7,판교,14,"0,4,5,12,13,28,46,50,70,74,76,83,88,99"
558,14:58,9,9,평택,20,"14,24,33,39,40,41,43,49,51,56,60,61,65,73,75,80,87,91,92,95"
559,14:59,1,1,서울역,7,"1,6,18,19,20,69,98"
559,14:59,10,10,인천공항,6,"55,78,81,89,94,96"
559,14:59,2,2,수서,3,"25,54,67"
559,14:59,3,3,삼성,4,"8,11,58,63"
559,14:59,4,4,여의도,7,"15,36,37,44,47,77,93"
559,14:59,5,5,김포공항,16,"9,10,17,23,32,38,42,59,62,64,66,79,84,85,86,90"
559,14:59,6,6,일산,4,"3,48,53,57"
559,14:59,7,7,판교,14,"0,4,12,13,21,28,46,50,70,74,76,83,88,99"
559,14:59,9,9,평택,20,"14,24,33,39,40,41,43,49,51,56,60,61,65,73,75,80,87,91,92,95"
560,15:00,1,1,서울역,7,"1,6,18,19,20,69,98"
560,15:00,10,10,인천공항,6,"55,78,81,89,94,96"
560,15:00,2,2,수서,4,"25,45,54,67"
560,15:00,3,3,삼성,5,"8,11,29,58,63"
560,15:00,4,4,여의도,6,"15,37,44,47,77,93"
560,15:00,5,5,김포공항,15,"2,9,17,23,32,38,42,59,62,64,66,84,85,86,90"
560,15:00,6,6,일산,4,"3,48,53,57"
560,15:00,7,7,판교,14,"0,4,12,13,21,28,46,50,70,74,76,83,88,99"
560,15:00,9,9,평택,20,"14,24,33,39,40,41,43,49,51,56,60,61,65,73,75,80,87,91,92,95"
561,15:01,1,1,서울역,7,"1,6,18,19,20,69,98"
561,15:01,10,10,인천공항,5,"78,81,89,94,96"
561,15:01,2,2,수서,4,"25,45,54,67"
561,15:01,3,3,삼성,5,"8,29,58,63,68"
561,15:01,4,4,여의도,6,"15,37,44,47,77,93"
561,15:01,5,5,김포공항,16,"2,9,17,23,32,38,42,59,62,64,66,71,84,85,86,90"
561,15:01,6,6,일산,3,"3,53,57"
561,15:01,7,7,판교,15,"0,4,12,13,21,22,28,46,50,70,74,76,83,88,99"
561,15:01,9,9,평택,19,"14,24,39,40,41,43,49,51,56,60,61,65,73,75,80,87,91,92,95"
562,15:02,1,1,서울역,7,"1,6,19,20,31,69,98"
562,15:02,10,10,인천공항,4,"81,89,94,96"
562,15:02,2,2,수서,5,"25,34,45,54,67"
562,15:02,3,3,삼성,5,"8,29,58,63,68"
562,15:02,4,4,여의도,4,"15,47,77,93"
562,15:02,5,5,김포공항,15,"2,9,23,32,38,42,59,62,64,66,71,84,85,86,90"
562,15:02,6,6,일산,3,"3,53,57"
562,15:02,7,7,판교,15,"0,4,12,13,21,22,28,46,50,70,74,76,83,88,99"
562,15:02,9,9,평택,19,"14,24,39,40,41,43,49,51,56,60,61,65,73,75,80,87,91,92,95"
563,15:03,1,1,서울역,5,"1,6,19,20,31"
563,15:03,10,10,인천공항,4,"81,89,94,96"
563,15:03,2,2,수서,4,"25,34,45,67"
563,15:03,3,3,삼성,3,"29,63,68"
563,15:03,4,4,여의도,5,"15,16,47,77,93"
563,15:03,5,5,김포공항,14,"2,9,32,38,42,59,62,64,66,71,84,85,86,90"
563,15:03,6,6,일산,3,"3,53,57"
563,15:03,7,7,판교,15,"0,4,12,21,22,28,46,50,70,72,74,76,83,88,99"
563,15:03,9,9,평택,18,"14,24,40,41,43,49,51,56,60,61,65,73,75,80,87,91,92,95"
564,15:04,1,1,서울역,5,"1,6,19,20,31"
564,15:04,10,10,인천공항,4,"81,89,94,96"
564,15:04,2,2,수서,5,"25,34,45,52,67"
564,15:04,3,3,삼성,3,"29,63,68"
564,15:04,4,4,여의도,6,"7,15,16,47,77,93"
564,15:04,5,5,김포공항,14,"2,9,32,38,42,59,62,64,66,71,84,85,86,90"
564,15:04,6,6,일산,2,"53,57"
564,15:04,7,7,판교,15,"0,4,12,21,22,28,46,50,70,72,74,76,83,88,99"
564,15:04,9,9,평택,19,"14,24,26,40,41,43,49,51,56,60,61,65,73,75,80,87,91,92,95"
565,15:05,1,1,서울역,3,"6,20,31"
565,15:05,10,10,인천공항,4,"81,89,94,96"
565,15:05,2,2,수서,4,"25,34,45,52"
565,15:05,3,3,삼성,3,"29,35,68"
565,15:05,4,4,여의도,6,"7,15,16,47,77,93"
565,15:05,5,5,김포공항,14,"2,9,32,38,42,59,62,64,66,71,84,85,86,90"
565,15:05,6,6,일산,2,"53,57"
565,15:05,7,7,판교,13,"4,21,22,28,46,50,70,72,74,76,83,88,99"
565,15:05,9,9,평택,19,"14,24,26,40,41,43,49,51,56,60,61,65,73,75,80,87,91,92,95"
566,15:06,1,1,서울역,3,"6,20,31"
566,15:06,10,10,인천공항,4,"81,89,94,96"
566,15:06,2,2,수서,4,"25,34,36,52"
566,15:06,3,3,삼성,3,"29,35,68"
566,15:06,4,4,여의도,8,"5,7,10,15,16,47,79,93"
566,15:06,5,5,김포공항,14,"2,9,32,38,42,59,62,64,66,71,84,85,86,90"
566,15:06,6,6,일산,1,57
566,15:06,7,7,판교,13,"4,21,22,28,46,50,70,72,74,76,83,88,99"
566,15:06,9,9,평택,20,"14,24,26,27,40,41,43,49,51,56,60,61,65,73,75,80,87,91,92,95"
567,15:07,1,1,서울역,3,"6,20,31"
567,15:07,10,10,인천공항,4,"81,89,94,96"
567,15:07,2,2,수서,4,"25,34,36,52"
567,15:07,3,3,삼성,3,"29,35,68"
567,15:07,4,4,여의도,7,"5,7,10,16,47,79,93"
567,15:07,5,5,김포공항,15,"2,9,30,32,38,42,59,62,64,66,71,84,85,86,90"
567,15:07,6,6,일산,1,57
567,15:07,7,7,판교,13,"4,21,22,28,46,50,70,72,74,76,83,88,99"
567,15:07,9,9,평택,19,"24,26,27,40,41,43,49,51,56,60,61,65,73,75,80,87,91,92,95"
568,15:08,1,1,서울역,3,"6,20,31"
568,15:08,10,10,인천공항,4,"81,89,94,96"
568,15:08,2,2,수서,5,"25,34,36,44,52"
568,15:08,3,3,삼성,3,"29,35,68"
568,15:08,4,4,여의도,7,"5,7,10,16,17,79,93"
568,15:08,5,5,김포공항,15,"2,9,30,32,38,42,59,62,64,66,71,84,85,86,90"
568,15:08,6,6,일산,1,57
568,15:08,7,7,판교,13,"4,21,22,28,46,50,70,72,74,76,83,88,99"
568,15:08,9,9,평택,19,"24,26,27,40,41,43,49,51,56,60,61,65,73,75,80,87,91,92,95"
569,15:09,1,1,서울역,2,"6,20"
569,15:09,10,10,인천공항,4,"81,89,94,96"
569,15:09,2,2,수서,5,"18,34,36,44,52"
569,15:09,3,3,삼성,3,"35,45,68"
569,15:09,4,4,여의도,6,"5,7,17,23,79,93"
569,15:09,5,5,김포공항,16,"2,9,11,30,32,38,42,59,62,64,66,71,84,85,86,90"
569,15:09,6,6,일산,1,57
569,15:09,7,7,판교,14,"4,21,22,28,37,46,50,70,72,74,76,83,88,99"
569,15:09,9,9,평택,19,"24,26,27,40,41,43,49,51,56,60,61,65,73,75,80,87,91,92,95"
570,15:10,1,1,서울역,2,"6,20"
570,15:10,10,10,인천공항,4,"81,89,94,96"
570,15:10,2,2,수서,5,"18,34,36,44,52"
570,15:10,3,3,삼성,3,"35,45,68"
570,15:10,4,4,여의도,8,"5,7,8,13,17,23,79,93"
570,15:10,5,5,김포공항,16,"2,9,11,30,32,38,42,59,62,64,66,71,84,85,86,90"
570,15:10,6,6,일산,1,57
570,15:10,7,7,판교,14,"4,21,22,28,37,46,50,70,72,74,76,83,88,99"
570,15:10,9,9,평택,19,"24,26,27,40,41,43,49,51,56,60,61,65,73,75,80,87,91,92,95"
571,15:11,1,1,서울역,4,"3,6,20,63"
571,15:11,10,10,인천공항,4,"81,89,94,96"
571,15:11,2,2,수서,5,"18,34,36,44,52"
571,15:11,3,3,삼성,4,"1,35,45,68"
571,15:11,4,4,여의도,7,"5,7,8,13,23,67,79"
571,15:11,5,5,김포공항,18,"2,9,11,30,32,38,42,54,58,59,62,64,66,71,84,85,86,90"
571,15:11,6,6,일산,1,57
571,15:11,7,7,판교,14,"4,21,22,28,37,46,50,70,72,74,76,83,88,99"
571,15:11,9,9,평택,19,"24,26,27,40,41,43,49,51,56,60,61,65,73,75,80,87,91,92,95"
572,15:12,1,1,서울역,6,"0,3,6,12,20,63"
572,15:12,10,10,인천공항,3,"81,89,96"
572,15:12,2,2,수서,5,"18,34,36,44,52"
572,15:12,3,3,삼성,3,"1,35,68"
572,15:12,4,4,여의도,6,"5,7,8,13,23,67"
572,15:12,5,5,김포공항,18,"2,9,11,30,32,38,42,54,58,59,62,64,66,71,84,85,86,90"
572,15:12,6,6,일산,2,"19,57"
572,15:12,7,7,판교,14,"4,21,22,28,37,46,50,70,72,74,76,83,88,99"
572,15:12,9,9,평택,19,"24,26,27,40,41,43,49,51,56,60,61,65,73,75,80,87,91,92,95"
573,15:13,1,1,서울역,6,"0,3,6,12,20,63"
573,15:13,10,10,인천공항,3,"81,89,96"
573,15:13,2,2,수서,6,"15,18,34,36,44,52"
573,15:13,3,3,삼성,3,"1,35,68"
573,15:13,4,4,여의도,7,"5,7,8,13,23,55,67"
573,15:13,5,5,김포공항,18,"2,9,11,30,32,38,42,54,58,59,62,64,66,71,84,85,86,90"
573,15:13,6,6,일산,1,19
573,15:13,7,7,판교,16,"4,21,22,28,37,46,48,50,70,72,74,76,77,83,88,99"
573,15:13,9,9,평택,18,"24,27,40,41,43,49,51,56,60,61,65,73,75,80,87,91,92,95"
574,15:14,1,1,서울역,6,"0,3,6,12,20,63"
574,15:14,10,10,인천공항,3,"81,89,96"
574,15:14,2,2,수서,7,"15,18,34,36,47,52,82"
574,15:14,3,3,삼성,3,"1,35,68"
574,15:14,4,4,여의도,7,"5,7,8,13,23,55,67"
574,15:14,5,5,김포공항,18,"2,9,11,30,32,38,42,54,58,59,62,64,66,71,84,85,86,90"
574,15:14,6,6,일산,1,19
574,15:14,7,7,판교,16,"4,21,22,28,37,46,48,50,70,72,74,76,77,83,88,99"
574,15:14,9,9,평택,19,"24,27,40,41,43,49,51,56,60,61,65,73,75,80,87,91,92,95,97"
575,15:15,1,1,서울역,5,"0,3,6,12,63"
575,15:15,10,10,인천공항,3,"81,89,96"
575,15:15,2,2,수서,8,"15,16,18,34,36,47,52,82"
575,15:15,3,3,삼성,3,"1,35,68"
575,15:15,4,4,여의도,5,"7,8,13,55,67"
575,15:15,5,5,김포공항,18,"2,9,11,30,32,38,42,54,58,59,62,64,66,71,84,85,86,90"
575,15:15,6,6,일산,1,19
575,15:15,7,7,판교,15,"4,21,22,37,46,48,50,70,72,74,76,77,83,88,99"
575,15:15,8,8,동탄/용인,1,69
575,15:15,9,9,평택,19,"24,27,40,41,43,49,51,56,60,61,65,73,75,80,87,91,92,95,97"
576,15:16,1,1,서울역,5,"0,3,6,12,63"
576,15:16,10,10,인천공항,4,"81,89,96,98"
576,15:16,2,2,수서,9,"15,16,18,31,34,36,47,52,82"
576,15:16,3,3,삼성,3,"1,35,68"
576,15:16,4,4,여의도,5,"7,8,13,55,67"
576,15:16,5,5,김포공항,18,"2,9,11,30,32,38,42,54,58,59,62,64,66,71,84,85,86,90"
576,15:16,6,6,일산,1,19
576,15:16,7,7,판교,15,"4,10,22,37,46,48,50,70,72,74,76,77,83,88,99"
576,15:16,8,8,동탄/용인,1,69
576,15:16,9,9,평택,18,"24,27,40,41,43,49,56,60,61,65,73,75,80,87,91,92,95,97"
577,15:17,1,1,서울역,5,"0,6,12,33,63"
577,15:17,10,10,인천공항,4,"81,89,96,98"
577,15:17,2,2,수서,9,"15,16,18,31,34,36,47,52,82"
577,15:17,3,3,삼성,3,"1,68,78"
577,15:17,4,4,여의도,4,"8,13,55,67"
577,15:17,5,5,김포공항,20,"2,9,11,25,29,30,32,38,42,54,58,59,62,64,66,71,84,85,86,90"
577,15:17,6,6,일산,1,19
577,15:17,7,7,판교,15,"4,10,22,37,46,48,50,70,72,74,76,77,83,88,99"
577,15:17,8,8,동탄/용인,1,69
577,15:17,9,9,평택,18,"24,27,40,41,43,49,56,60,61,65,73,75,80,87,91,92,95,97"
578,15:18,1,1,서울역,4,"0,6,33,63"
578,15:18,10,10,인천공항,4,"81,89,96,98"
578,15:18,2,2,수서,8,"15,16,31,34,36,47,52,82"
578,15:18,3,3,삼성,4,"1,68,78,93"
578,15:18,4,4,여의도,5,"8,13,39,55,67"
578,15:18,5,5,김포공항,20,"2,9,11,25,29,30,32,38,42,54,58,59,62,64,66,71,84,85,86,90"
578,15:18,6,6,일산,1,19
578,15:18,7,7,판교,17,"4,10,17,22,37,46,48,50,53,70,72,74,76,77,83,88,99"
578,15:18,8,8,동탄/용인,1,69
578,15:18,9,9,평택,18,"24,27,40,41,43,49,56,60,61,65,73,75,80,87,91,92,95,97"
579,15:19,1,1,서울역,4,"0,6,33,63"
579,15:19,10,10,인천공항,4,"81,89,96,98"
579,15:19,2,2,수서,8,"15,16,31,34,36,47,52,82"
579,15:19,3,3,삼성,4,"1,68,78,93"
579,15:19,4,4,여의도,5,"8,13,39,55,67"
579,15:19,5,5,김포공항,19,"2,11,25,29,30,32,38,42,54,58,59,62,64,66,71,84,85,86,90"
579,15:19,6,6,일산,1,19
579,15:19,7,7,판교,17,"4,10,17,22,37,46,48,50,53,70,72,74,76,77,83,88,99"
579,15:19,8,8,동탄/용인,1,69
579,15:19,9,9,평택,18,"24,27,40,41,43,49,56,60,61,65,73,75,80,87,91,92,95,97"
580,15:20,1,1,서울역,4,"0,6,33,63"
580,15:20,10,10,인천공항,3,"81,89,98"
580,15:20,2,2,수서,5,"15,16,47,52,82"
580,15:20,3,3,삼성,4,"1,68,78,93"
580,15:20,4,4,여의도,5,"8,13,39,55,67"
580,15:20,5,5,김포공항,18,"2,25,29,30,32,42,45,54,58,59,62,64,66,71,84,85,86,90"
580,15:20,6,6,일산,1,19
580,15:20,7,7,판교,16,"4,10,17,22,37,46,48,50,53,70,72,74,76,77,88,99"
580,15:20,8,8,동탄/용인,1,69
580,15:20,9,9,평택,18,"24,27,40,41,43,49,56,60,61,65,73,75,80,87,91,92,95,97"
581,15:21,1,1,서울역,3,"0,33,63"
581,15:21,10,10,인천공항,3,"81,89,98"
581,15:21,2,2,수서,5,"15,16,47,52,82"
581,15:21,3,3,삼성,5,"1,20,68,78,93"
581,15:21,4,4,여의도,5,"8,13,39,55,67"
581,15:21,5,5,김포공항,18,"2,25,29,30,32,42,45,54,58,59,62,64,66,71,84,85,86,90"
581,15:21,6,6,일산,1,19
581,15:21,7,7,판교,15,"4,10,17,22,46,48,50,53,70,72,74,76,77,88,99"
581,15:21,8,8,동탄/용인,1,69
581,15:21,9,9,평택,18,"24,27,40,41,43,49,56,60,61,65,73,75,80,87,91,92,95,97"
582,15:22,1,1,서울역,3,"0,33,63"
582,15:22,10,10,인천공항,3,"81,89,98"
582,15:22,2,2,수서,5,"15,16,47,52,82"
582,15:22,3,3,삼성,4,"1,20,78,93"
582,15:22,4,4,여의도,5,"13,14,28,39,67"
582,15:22,5,5,김포공항,16,"2,29,30,32,42,45,54,58,59,62,66,71,84,85,86,90"
582,15:22,6,6,일산,1,19
582,15:22,7,7,판교,14,"10,17,23,46,48,50,53,70,72,74,76,77,88,99"
582,15:22,8,8,동탄/용인,1,69
582,15:22,9,9,평택,18,"24,27,40,41,43,49,56,60,61,65,73,75,80,87,91,92,95,97"
583,15:23,1,1,서울역,3,"0,33,63"
583,15:23,10,10,인천공항,3,"81,89,98"
583,15:23,2,2,수서,6,"7,15,16,47,52,82"
583,15:23,3,3,삼성,6,"20,31,36,57,78,93"
583,15:23,4,4,여의도,5,"13,14,21,28,39"
583,15:23,5,5,김포공항,15,"2,30,32,42,45,54,58,59,62,66,71,84,85,86,90"
583,15:23,6,6,일산,1,19
583,15:23,7,7,판교,14,"10,17,23,46,48,50,53,70,72,74,76,77,88,99"
583,15:23,8,8,동탄/용인,1,69
583,15:23,9,9,평택,18,"24,27,40,41,43,49,56,60,61,65,73,75,80,87,91,92,95,97"
584,15:24,1,1,서울역,3,"0,33,63"
584,15:24,10,10,인천공항,3,"81,89,98"
584,15:24,2,2,수서,6,"3,7,15,16,52,82"
584,15:24,3,3,삼성,6,"20,31,36,57,78,93"
584,15:24,4,4,여의도,4,"13,14,21,28"
584,15:24,5,5,김포공항,14,"2,30,32,42,45,58,59,62,66,71,84,85,86,90"
584,15:24,6,6,일산,1,19
584,15:24,7,7,판교,14,"10,17,23,46,48,50,53,70,72,74,76,77,88,99"
584,15:24,8,8,동탄/용인,1,69
584,15:24,9,9,평택,18,"24,27,40,41,43,49,56,60,61,65,73,75,80,87,91,92,95,97"
585,15:25,1,1,서울역,3,"0,33,63"
585,15:25,10,10,인천공항,3,"81,89,98"
585,15:25,2,2,수서,6,"3,7,15,16,52,82"
585,15:25,3,3,삼성,6,"20,31,36,57,78,93"
585,15:25,4,4,여의도,4,"13,14,21,28"
585,15:25,5,5,김포공항,15,"2,30,32,35,42,45,58,59,62,66,71,84,85,86,90"
585,15:25,6,6,일산,2,"19,44"
585,15:25,7,7,판교,15,"10,12,17,23,46,48,50,53,70,72,74,76,77,88,99"
585,15:25,8,8,동탄/용인,1,69
585,15:25,9,9,평택,18,"24,27,40,41,43,49,56,60,61,65,73,75,80,87,91,92,95,97"
586,15:26,1,1,서울역,3,"0,33,63"
586,15:26,10,10,인천공항,3,"81,89,98"
586,15:26,2,2,수서,5,"3,7,16,52,82"
586,15:26,3,3,삼성,5,"20,36,57,78,93"
586,15:26,4,4,여의도,6,"11,13,14,21,28,34"
586,15:26,5,5,김포공항,15,"2,18,30,32,35,42,45,58,59,62,71,84,85,86,90"
586,15:26,6,6,일산,1,44
586,15:26,7,7,판교,15,"10,12,17,23,46,48,50,53,70,72,74,76,77,88,99"
586,15:26,8,8,동탄/용인,1,69
586,15:26,9,9,평택,18,"24,27,40,41,43,49,56,60,61,65,73,75,80,87,91,92,95,97"
587,15:27,1,1,서울역,3,"0,33,63"
587,15:27,10,10,인천공항,3,"5,81,89"
587,15:27,2,2,수서,6,"3,7,9,16,52,82"
587,15:27,3,3,삼성,8,"20,36,47,57,78,83,93,94"
587,15:27,4,4,여의도,5,"11,14,21,28,34"
587,15:27,5,5,김포공항,14,"2,18,30,32,35,42,45,58,59,62,71,84,86,90"
587,15:27,6,6,일산,2,"38,44"
587,15:27,7,7,판교,15,"10,12,17,23,46,48,50,53,70,72,74,76,77,88,99"
587,15:27,8,8,동탄/용인,1,69
587,15:27,9,9,평택,19,"24,27,40,41,43,49,56,60,61,65,73,75,79,80,87,91,92,95,97"
588,15:28,1,1,서울역,4,"0,33,63,68"
588,15:28,10,10,인천공항,3,"5,81,89"
588,15:28,2,2,수서,8,"3,6,7,8,9,16,52,82"
588,15:28,3,3,삼성,8,"20,36,47,57,78,83,93,94"
588,15:28,4,4,여의도,8,"11,14,21,25,26,28,34,37"
588,15:28,5,5,김포공항,14,"2,18,30,32,35,42,45,58,59,62,71,84,86,90"
588,15:28,6,6,일산,2,"38,44"
588,15:28,7,7,판교,14,"10,12,23,46,48,50,53,70,72,74,76,77,88,99"
588,15:28,8,8,동탄/용인,1,69
588,15:28,9,9,평택,19,"24,27,40,41,43,49,56,60,61,65,73,75,79,80,87,91,92,95,97"
589,15:29,1,1,서울역,5,"0,22,33,63,68"
589,15:29,10,10,인천공항,3,"5,81,89"
589,15:29,2,2,수서,8,"3,6,7,8,9,16,52,82"
589,15:29,3,3,삼성,8,"20,47,55,57,78,83,93,94"
589,15:29,4,4,여의도,9,"4,14,21,25,26,28,29,34,37"
589,15:29,5,5,김포공항,13,"18,30,32,35,42,45,58,59,62,71,84,86,90"
589,15:29,6,6,일산,2,"38,44"
589,15:29,7,7,판교,14,"10,12,23,46,48,50,53,70,72,74,76,77,88,99"
589,15:29,8,8,동탄/용인,1,69
589,15:29,9,9,평택,19,"24,27,40,41,43,49,56,60,61,65,73,75,79,80,87,91,92,95,97"
590,15:30,1,1,서울역,5,"0,22,33,63,68"
590,15:30,10,10,인천공항,3,"5,81,89"
590,15:30,2,2,수서,7,"3,6,7,8,9,16,52"
590,15:30,3,3,삼성,7,"20,47,55,57,78,93,94"
590,15:30,4,4,여의도,9,"4,14,21,25,26,28,29,34,37"
590,15:30,5,5,김포공항,13,"18,30,32,35,42,45,58,59,62,71,84,86,90"
590,15:30,6,6,일산,2,"38,44"
590,15:30,7,7,판교,15,"10,12,23,46,48,50,53,67,70,72,74,76,77,88,99"
590,15:30,8,8,동탄/용인,1,69
590,15:30,9,9,평택,19,"24,27,40,41,43,49,56,60,61,65,73,75,79,80,87,91,92,95,97"
591,15:31,1,1,서울역,5,"0,22,33,63,68"
591,15:31,10,10,인천공항,3,"5,81,89"
591,15:31,2,2,수서,7,"3,6,7,8,9,16,52"
591,15:31,3,3,삼성,6,"20,47,55,57,93,94"
591,15:31,4,4,여의도,8,"4,14,21,26,28,29,34,37"
591,15:31,5,5,김포공항,12,"18,30,32,35,42,45,58,62,71,84,86,90"
591,15:31,6,6,일산,2,"38,54"
591,15:31,7,7,판교,16,"10,12,23,39,46,48,50,53,67,70,72,74,76,77,88,99"
591,15:31,8,8,동탄/용인,1,69
591,15:31,9,9,평택,19,"24,27,40,41,43,49,56,60,61,65,73,75,79,80,87,91,92,95,97"
592,15:32,1,1,서울역,5,"0,22,33,63,68"
592,15:32,10,10,인천공항,4,"5,64,81,89"
592,15:32,2,2,수서,7,"3,6,7,8,9,16,52"
592,15:32,3,3,삼성,5,"20,47,55,93,94"
592,15:32,4,4,여의도,6,"4,14,21,26,28,37"
592,15:32,5,5,김포공항,10,"32,35,42,45,58,62,71,84,86,90"
592,15:32,6,6,일산,2,"38,54"
592,15:32,7,7,판교,15,"10,12,39,46,48,50,53,67,70,72,74,76,77,88,99"
592,15:32,8,8,동탄/용인,1,69
592,15:32,9,9,평택,19,"24,27,40,41,43,49,56,60,61,65,73,75,79,80,87,91,92,95,97"
593,15:33,1,1,서울역,5,"0,22,33,63,68"
593,15:33,10,10,인천공항,3,"64,81,89"
593,15:33,2,2,수서,8,"3,6,7,8,9,13,16,52"
593,15:33,3,3,삼성,5,"47,55,82,93,94"
593,15:33,4,4,여의도,7,"4,14,21,26,28,37,85"
593,15:33,5,5,김포공항,10,"32,35,42,45,58,62,71,84,86,90"
593,15:33,6,6,일산,2,"1,54"
593,15:33,7,7,판교,14,"10,12,39,48,50,53,67,70,72,74,76,77,88,99"
593,15:33,8,8,동탄/용인,1,69
593,15:33,9,9,평택,19,"24,27,40,41,43,49,56,60,61,65,73,75,79,80,87,91,92,95,97"
594,15:34,1,1,서울역,5,"0,22,33,63,68"
594,15:34,10,10,인천공항,3,"64,81,89"
594,15:34,2,2,수서,7,"3,6,7,8,9,13,16"
594,15:34,3,3,삼성,4,"55,82,93,94"
594,15:34,4,4,여의도,6,"4,14,21,26,28,85"
594,15:34,5,5,김포공항,12,"15,31,32,35,42,45,58,62,71,84,86,90"
594,15:34,6,6,일산,2,"1,54"
594,15:34,7,7,판교,14,"10,12,39,48,50,53,67,70,72,74,76,77,88,99"
594,15:34,8,8,동탄/용인,1,69
594,15:34,9,9,평택,19,"24,27,40,41,43,49,56,60,61,65,73,75,79,80,87,91,92,95,97"
595,15:35,1,1,서울역,5,"0,22,33,63,68"
595,15:35,10,10,인천공항,4,"51,64,81,89"
595,15:35,2,2,수서,7,"3,6,7,8,9,13,16"
595,15:35,3,3,삼성,4,"82,93,94,96"
595,15:35,4,4,여의도,7,"4,14,17,21,26,28,85"
595,15:35,5,5,김포공항,12,"15,31,32,35,42,45,58,62,71,84,86,90"
595,15:35,6,6,일산,2,"1,54"
595,15:35,7,7,판교,14,"10,12,39,48,50,53,67,70,72,74,76,77,88,99"
595,15:35,8,8,동탄/용인,1,69
595,15:35,9,9,평택,19,"24,27,40,41,43,49,56,60,61,65,73,75,79,80,87,91,92,95,97"
596,15:36,1,1,서울역,5,"0,22,33,63,68"
596,15:36,10,10,인천공항,4,"51,64,66,89"
596,15:36,2,2,수서,7,"3,6,7,8,9,13,16"
596,15:36,3,3,삼성,4,"82,93,94,96"
596,15:36,4,4,여의도,6,"4,14,17,21,26,28"
596,15:36,5,5,김포공항,12,"15,31,32,35,42,45,58,62,71,84,86,90"
596,15:36,6,6,일산,2,"1,54"
596,15:36,7,7,판교,14,"10,11,12,39,48,50,53,70,72,74,76,77,88,99"
596,15:36,9,9,평택,19,"24,27,40,41,43,49,56,60,61,65,73,75,79,80,87,91,92,95,97"
597,15:37,1,1,서울역,3,"22,63,68"
597,15:37,10,10,인천공항,4,"51,64,66,89"
597,15:37,2,2,수서,7,"3,6,7,8,9,13,16"
597,15:37,3,3,삼성,5,"2,82,93,94,96"
597,15:37,4,4,여의도,7,"4,14,17,21,26,28,59"
597,15:37,5,5,김포공항,13,"15,31,32,35,36,42,45,58,62,71,84,86,90"
597,15:37,6,6,일산,1,1
597,15:37,7,7,판교,13,"10,11,12,39,48,50,53,70,74,76,77,88,99"
597,15:37,9,9,평택,19,"24,27,40,41,43,49,56,60,61,65,73,75,79,80,87,91,92,95,97"
598,15:38,1,1,서울역,3,"22,63,68"
598,15:38,10,10,인천공항,3,"51,66,89"
598,15:38,2,2,수서,6,"3,6,7,8,13,16"
598,15:38,3,3,삼성,5,"2,82,93,94,96"
598,15:38,4,4,여의도,9,"14,17,18,21,26,28,30,59,78"
598,15:38,5,5,김포공항,13,"15,31,32,35,36,42,45,58,62,71,84,86,90"
598,15:38,6,6,일산,1,1
598,15:38,7,7,판교,15,"10,11,12,19,25,39,48,50,53,70,74,76,77,88,99"
598,15:38,9,9,평택,18,"27,40,41,43,49,56,60,61,65,73,75,79,80,87,91,92,95,97"
599,15:39,1,1,서울역,4,"20,22,63,68"
599,15:39,10,10,인천공항,3,"51,66,89"
599,15:39,2,2,수서,5,"3,6,7,13,16"
599,15:39,3,3,삼성,6,"2,34,82,93,94,96"
599,15:39,4,4,여의도,11,"14,17,18,21,23,26,28,30,57,59,78"
599,15:39,5,5,김포공항,13,"15,31,32,35,36,42,45,58,62,71,84,86,90"
599,15:39,7,7,판교,15,"10,11,19,25,29,39,48,50,53,70,74,76,77,88,99"
599,15:39,9,9,평택,18,"27,40,41,43,49,56,60,61,65,73,75,79,80,87,91,92,95,97"
600,15:40,1,1,서울역,4,"20,22,63,68"
600,15:40,10,10,인천공항,3,"51,66,89"
600,15:40,2,2,수서,5,"3,6,7,13,16"
600,15:40,3,3,삼성,5,"2,34,93,94,96"
600,15:40,4,4,여의도,12,"14,17,18,21,23,26,28,30,46,57,59,78"
600,15:40,5,5,김포공항,10,"15,31,32,36,58,62,71,84,86,90"
600,15:40,6,6,일산,1,83
600,15:40,7,7,판교,13,"10,11,19,25,29,39,48,50,53,70,74,88,99"
600,15:40,9,9,평택,18,"27,40,41,43,49,56,60,61,65,73,75,79,80,87,91,92,95,97"
601,15:41,1,1,서울역,4,"20,22,63,68"
601,15:41,10,10,인천공항,3,"51,66,89"
601,15:41,2,2,수서,5,"3,6,7,13,16"
601,15:41,3,3,삼성,7,"2,34,37,44,93,94,96"
601,15:41,4,4,여의도,9,"14,21,23,26,28,46,57,59,78"
601,15:41,5,5,김포공항,10,"15,31,32,36,58,62,71,84,86,90"
601,15:41,6,6,일산,1,83
601,15:41,7,7,판교,12,"10,11,19,25,29,39,48,50,53,70,88,99"
601,15:41,9,9,평택,17,"27,40,43,49,56,60,61,65,73,75,79,80,87,91,92,95,97"
602,15:42,1,1,서울역,4,"20,22,63,68"
602,15:42,10,10,인천공항,2,"51,89"
602,15:42,2,2,수서,5,"3,6,7,13,16"
602,15:42,3,3,삼성,8,"2,34,37,44,93,94,96,98"
602,15:42,4,4,여의도,10,"14,21,23,26,28,46,55,57,59,78"
602,15:42,5,5,김포공항,11,"15,31,32,36,47,58,62,71,84,86,90"
602,15:42,6,6,일산,1,83
602,15:42,7,7,판교,12,"10,11,19,25,29,39,48,50,53,70,88,99"
602,15:42,9,9,평택,17,"27,40,43,49,56,60,61,65,73,75,79,80,87,91,92,95,97"
603,15:43,1,1,서울역,4,"20,22,63,67"
603,15:43,10,10,인천공항,2,"51,89"
603,15:43,2,2,수서,5,"3,6,7,13,16"
603,15:43,3,3,삼성,9,"0,2,34,37,44,93,94,96,98"
603,15:43,4,4,여의도,9,"14,21,23,26,46,55,57,59,78"
603,15:43,5,5,김포공항,11,"15,31,32,36,47,58,62,71,84,86,90"
603,15:43,6,6,일산,1,83
603,15:43,7,7,판교,13,"10,11,19,25,29,39,48,50,53,70,85,88,99"
603,15:43,9,9,평택,15,"27,40,43,49,56,61,65,73,79,80,87,91,92,95,97"
604,15:44,1,1,서울역,3,"20,63,67"
604,15:44,10,10,인천공항,1,89
604,15:44,2,2,수서,6,"3,6,7,13,16,33"
604,15:44,3,3,삼성,9,"0,2,34,37,44,93,94,96,98"
604,15:44,4,4,여의도,7,"14,21,23,26,46,55,57"
604,15:44,5,5,김포공항,10,"15,31,36,47,58,62,71,84,86,90"
604,15:44,6,6,일산,2,"5,83"
604,15:44,7,7,판교,13,"10,11,19,25,29,39,48,50,53,70,85,88,99"
604,15:44,9,9,평택,14,"27,40,43,49,56,61,65,73,80,87,91,92,95,97"
605,15:45,1,1,서울역,2,"63,67"
605,15:45,10,10,인천공항,1,89
605,15:45,2,2,수서,6,"3,6,7,13,16,33"
605,15:45,3,3,삼성,8,"0,34,37,44,93,94,96,98"
605,15:45,4,4,여의도,6,"14,21,26,46,55,57"
605,15:45,5,5,김포공항,10,"15,31,36,47,58,62,71,84,86,90"
605,15:45,6,6,일산,3,"5,52,83"
605,15:45,7,7,판교,15,"4,10,11,19,25,29,38,39,48,50,53,70,85,88,99"
605,15:45,9,9,평택,14,"27,40,43,49,56,61,65,73,80,87,91,92,95,97"
606,15:46,1,1,서울역,3,"8,63,67"
606,15:46,10,10,인천공항,1,89
606,15:46,2,2,수서,7,"6,7,13,16,33,76,77"
606,15:46,3,3,삼성,8,"0,34,37,44,93,94,96,98"
606,15:46,4,4,여의도,9,"12,14,21,26,42,45,46,55,57"
606,15:46,5,5,김포공항,11,"9,15,31,36,47,58,62,71,84,86,90"
606,15:46,6,6,일산,3,"5,52,83"
606,15:46,7,7,판교,13,"4,10,11,19,25,29,38,39,48,50,53,70,88"
606,15:46,9,9,평택,14,"27,40,43,49,56,61,65,73,80,87,91,92,95,97"
607,15:47,1,1,서울역,3,"8,63,67"
607,15:47,10,10,인천공항,1,89
607,15:47,2,2,수서,7,"6,7,16,33,74,76,77"
607,15:47,3,3,삼성,8,"0,34,37,44,93,94,96,98"
607,15:47,4,4,여의도,10,"12,14,21,26,42,45,46,55,57,69"
607,15:47,5,5,김포공항,11,"9,15,31,36,47,62,71,72,84,86,90"
607,15:47,6,6,일산,4,"5,35,52,83"
607,15:47,7,7,판교,13,"4,10,11,19,25,29,38,39,48,50,53,70,88"
607,15:47,9,9,평택,13,"27,43,49,56,61,65,73,80,87,91,92,95,97"
608,15:48,1,1,서울역,3,"8,63,67"
608,15:48,10,10,인천공항,1,89
608,15:48,2,2,수서,7,"6,7,16,33,74,76,77"
608,15:48,3,3,삼성,9,"0,17,34,37,44,93,94,96,98"
608,15:48,4,4,여의도,10,"12,14,21,26,42,45,55,57,69,81"
608,15:48,5,5,김포공항,11,"9,15,31,36,47,71,72,82,84,86,90"
608,15:48,6,6,일산,4,"5,35,52,83"
608,15:48,7,7,판교,15,"4,10,11,18,19,25,29,30,38,39,48,50,53,70,88"
608,15:48,9,9,평택,11,"27,43,56,61,73,80,87,91,92,95,97"
609,15:49,1,1,서울역,3,"8,63,67"
609,15:49,10,10,인천공항,1,89
609,15:49,2,2,수서,5,"7,16,28,33,74"
609,15:49,3,3,삼성,10,"0,1,17,34,37,44,93,94,96,98"
609,15:49,4,4,여의도,8,"12,14,21,26,55,57,69,81"
609,15:49,5,5,김포공항,11,"9,15,31,36,47,71,72,82,84,86,90"
609,15:49,6,6,일산,4,"5,35,52,83"
609,15:49,7,7,판교,15,"4,10,11,18,19,29,30,38,39,48,50,53,54,70,88"
609,15:49,9,9,평택,10,"27,43,61,73,80,87,91,92,95,97"
610,15:50,1,1,서울역,2,"8,63"
610,15:50,10,10,인천공항,1,89
610,15:50,2,2,수서,4,"7,16,28,33"
610,15:50,3,3,삼성,10,"0,1,17,22,34,37,44,94,96,98"
610,15:50,4,4,여의도,9,"12,14,21,26,32,55,57,69,81"
610,15:50,5,5,김포공항,10,"9,15,31,47,71,72,82,84,86,90"
610,15:50,6,6,일산,2,"5,52"
610,15:50,7,7,판교,13,"4,10,11,18,19,29,30,38,39,48,54,70,88"
610,15:50,8,8,동탄/용인,1,79
610,15:50,9,9,평택,10,"27,43,61,73,80,87,91,92,95,97"
611,15:51,1,1,서울역,2,"8,63"
611,15:51,10,10,인천공항,1,89
611,15:51,2,2,수서,4,"7,16,28,33"
611,15:51,3,3,삼성,11,"0,1,17,22,34,37,44,78,94,96,98"
611,15:51,4,4,여의도,9,"12,14,21,26,32,55,57,69,81"
611,15:51,5,5,김포공항,10,"9,15,31,47,71,72,82,84,86,90"
611,15:51,6,6,일산,2,"5,52"
611,15:51,7,7,판교,12,"4,10,11,18,19,30,38,39,48,54,70,88"
611,15:51,8,8,동탄/용인,1,79
611,15:51,9,9,평택,9,"27,43,61,80,87,91,92,95,97"
612,15:52,1,1,서울역,2,"8,63"
612,15:52,10,10,인천공항,1,89
612,15:52,2,2,수서,5,"7,16,28,33,85"
612,15:52,3,3,삼성,11,"0,1,17,22,34,37,44,78,94,96,98"
612,15:52,4,4,여의도,9,"2,12,21,26,32,55,57,69,81"
612,15:52,5,5,김포공항,10,"9,15,31,47,71,72,82,84,86,90"
612,15:52,6,6,일산,2,"5,52"
612,15:52,7,7,판교,11,"4,10,11,18,30,38,39,48,54,70,88"
612,15:52,8,8,동탄/용인,1,79
612,15:52,9,9,평택,9,"27,43,61,80,87,91,92,95,97"
613,15:53,1,1,서울역,3,"8,63,99"
613,15:53,10,10,인천공항,1,89
613,15:53,2,2,수서,5,"7,16,28,33,85"
613,15:53,3,3,삼성,11,"1,17,22,34,37,44,64,78,94,96,98"
613,15:53,4,4,여의도,10,"2,12,13,24,26,32,55,57,69,81"
613,15:53,5,5,김포공항,10,"9,15,31,47,71,72,82,84,86,90"
613,15:53,6,6,일산,2,"5,52"
613,15:53,7,7,판교,11,"4,10,11,18,30,38,39,48,54,70,88"
613,15:53,9,9,평택,9,"27,43,61,80,87,91,92,95,97"
614,15:54,1,1,서울역,3,"8,63,99"
614,15:54,2,2,수서,6,"7,16,28,33,46,85"
614,15:54,3,3,삼성,10,"1,22,34,37,44,64,78,94,96,98"
614,15:54,4,4,여의도,10,"2,12,13,24,26,32,55,57,69,81"
614,15:54,5,5,김포공항,11,"3,9,15,31,47,71,72,82,84,86,90"
614,15:54,6,6,일산,2,"5,52"
614,15:54,7,7,판교,10,"4,10,11,18,38,39,48,54,70,88"
614,15:54,9,9,평택,8,"27,43,80,87,91,92,95,97"
615,15:55,1,1,서울역,3,"8,63,99"
615,15:55,2,2,수서,6,"7,16,28,33,41,46"
615,15:55,3,3,삼성,10,"1,22,34,37,44,64,78,94,96,98"
615,15:55,4,4,여의도,10,"2,12,13,24,26,32,55,57,69,81"
615,15:55,5,5,김포공항,10,"3,9,15,47,71,72,82,84,86,90"
615,15:55,6,6,일산,3,"5,52,62"
615,15:55,7,7,판교,8,"10,11,18,38,39,48,54,88"
615,15:55,9,9,평택,8,"27,43,80,87,91,92,95,97"
616,15:56,1,1,서울역,3,"8,63,99"
616,15:56,2,2,수서,6,"7,16,28,33,41,46"
616,15:56,3,3,삼성,9,"1,34,37,44,64,78,94,96,98"
616,15:56,4,4,여의도,10,"2,12,13,24,25,26,51,55,57,81"
616,15:56,5,5,김포공항,10,"3,9,15,47,71,72,82,84,86,90"
616,15:56,6,6,일산,3,"5,52,62"
616,15:56,7,7,판교,8,"10,11,18,38,39,48,54,88"
616,15:56,8,8,동탄/용인,1,23
616,15:56,9,9,평택,8,"27,43,80,87,91,92,95,97"
617,15:57,1,1,서울역,5,"8,50,63,83,99"
617,15:57,10,10,인천공항,1,58
617,15:57,2,2,수서,6,"7,28,33,41,46,67"
617,15:57,3,3,삼성,10,"1,34,37,44,64,66,78,94,96,98"
617,15:57,4,4,여의도,10,"2,12,13,24,25,26,51,55,57,81"
617,15:57,5,5,김포공항,12,"3,6,9,15,47,71,72,76,82,84,86,90"
617,15:57,6,6,일산,4,"5,36,52,62"
617,15:57,7,7,판교,8,"10,11,18,38,39,48,54,88"
617,15:57,8,8,동탄/용인,1,23
617,15:57,9,9,평택,8,"27,43,80,87,91,92,95,97"
618,15:58,1,1,서울역,5,"8,50,63,83,99"
618,15:58,10,10,인천공항,2,"20,58"
618,15:58,2,2,수서,6,"7,28,33,41,46,67"
618,15:58,3,3,삼성,9,"1,37,44,64,66,78,94,96,98"
618,15:58,4,4,여의도,12,"2,12,13,24,25,26,29,51,55,57,60,81"
618,15:58,5,5,김포공항,14,"3,6,9,15,47,71,72,74,76,82,84,86,90,93"
618,15:58,6,6,일산,3,"5,36,52"
618,15:58,7,7,판교,8,"10,11,18,38,39,48,54,88"
618,15:58,8,8,동탄/용인,1,23
618,15:58,9,9,평택,8,"27,43,80,87,91,92,95,97"
619,15:59,1,1,서울역,6,"8,19,50,63,75,83"
619,15:59,10,10,인천공항,2,"20,58"
619,15:59,2,2,수서,7,"7,22,28,33,41,46,67"
619,15:59,3,3,삼성,8,"1,44,64,66,78,94,96,98"
619,15:59,4,4,여의도,11,"2,12,24,25,26,29,51,55,57,60,81"
619,15:59,5,5,김포공항,14,"3,6,9,15,47,71,72,74,76,82,84,86,90,93"
619,15:59,6,6,일산,3,"5,36,52"
619,15:59,7,7,판교,8,"10,11,14,18,38,40,48,88"
619,15:59,8,8,동탄/용인,1,23
619,15:59,9,9,평택,10,"27,43,59,68,80,87,91,92,95,97"
620,16:00,1,1,서울역,5,"8,19,63,75,83"
620,16:00,10,10,인천공항,2,"20,58"
620,16:00,2,2,수서,7,"7,22,28,33,41,46,67"
620,16:00,3,3,삼성,6,"44,64,66,78,94,98"
620,16:00,4,4,여의도,9,"2,12,24,25,26,29,51,60,81"
620,16:00,5,5,김포공항,14,"3,6,9,47,53,71,72,74,76,82,84,86,90,93"
620,16:00,6,6,일산,4,"5,36,52,77"
620,16:00,7,7,판교,9,"10,11,14,18,21,38,40,48,88"
620,16:00,8,8,동탄/용인,1,23
620,16:00,9,9,평택,9,"27,43,59,68,80,87,92,95,97"
621,16:01,1,1,서울역,5,"8,19,63,75,83"
621,16:01,10,10,인천공항,2,"20,58"
621,16:01,2,2,수서,7,"7,22,28,33,41,46,67"
621,16:01,3,3,삼성,6,"44,64,66,78,94,98"
621,16:01,4,4,여의도,10,"2,12,17,24,25,26,29,30,51,60"
621,16:01,5,5,김포공항,12,"0,3,6,9,53,71,72,76,82,84,86,90"
621,16:01,6,6,일산,3,"36,52,77"
621,16:01,7,7,판교,9,"10,11,14,18,21,38,40,48,88"
621,16:01,8,8,동탄/용인,1,23
621,16:01,9,9,평택,9,"27,43,59,68,80,87,92,95,97"
622,16:02,1,1,서울역,5,"8,19,63,75,83"
622,16:02,10,10,인천공항,2,"20,58"
622,16:02,2,2,수서,8,"7,22,28,33,41,46,49,67"
622,16:02,3,3,삼성,5,"44,66,78,94,98"
622,16:02,4,4,여의도,10,"4,12,17,24,25,26,29,30,51,60"
622,16:02,5,5,김포공항,10,"0,3,6,53,71,72,76,82,86,90"
622,16:02,6,6,일산,3,"36,52,77"
622,16:02,7,7,판교,10,"10,11,14,18,21,35,38,40,48,88"
622,16:02,8,8,동탄/용인,1,23
622,16:02,9,9,평택,9,"27,43,59,68,80,87,92,95,97"
623,16:03,1,1,서울역,4,"8,19,63,75"
623,16:03,10,10,인천공항,1,20
623,16:03,2,2,수서,8,"7,22,28,33,41,46,49,56"
623,16:03,3,3,삼성,5,"44,66,69,94,98"
623,16:03,4,4,여의도,12,"4,12,16,17,24,25,26,29,30,51,60,65"
623,16:03,5,5,김포공항,9,"0,3,6,53,71,72,82,86,90"
623,16:03,6,6,일산,3,"36,52,77"
623,16:03,7,7,판교,10,"10,11,14,18,21,35,38,40,48,88"
623,16:03,8,8,동탄/용인,1,23
623,16:03,9,9,평택,9,"27,43,59,68,80,87,92,95,97"
624,16:04,1,1,서울역,7,"8,19,34,55,57,63,75"
624,16:04,10,10,인천공항,1,20
624,16:04,2,2,수서,7,"22,28,33,41,46,49,56"
624,16:04,3,3,삼성,5,"44,66,69,94,98"
624,16:04,4,4,여의도,12,"4,12,16,17,24,25,26,30,51,60,65,79"
624,16:04,5,5,김포공항,9,"0,3,6,53,71,72,82,86,90"
624,16:04,6,6,일산,3,"36,52,77"
624,16:04,7,7,판교,8,"10,14,18,21,35,38,40,88"
624,16:04,8,8,동탄/용인,1,23
624,16:04,9,9,평택,11,"27,42,43,45,59,68,80,87,92,95,97"
625,16:05,1,1,서울역,6,"8,34,55,57,63,75"
625,16:05,10,10,인천공항,1,20
625,16:05,2,2,수서,6,"28,33,41,46,49,56"
625,16:05,3,3,삼성,5,"44,66,69,94,98"
625,16:05,4,4,여의도,12,"4,12,16,17,24,25,26,30,51,60,65,79"
625,16:05,5,5,김포공항,8,"0,3,6,53,72,82,86,90"
625,16:05,6,6,일산,2,"52,77"
625,16:05,7,7,판교,9,"10,14,18,21,31,35,38,40,88"
625,16:05,8,8,동탄/용인,1,23
625,16:05,9,9,평택,11,"27,42,43,45,59,68,80,87,92,95,97"
626,16:06,1,1,서울역,6,"8,34,55,57,63,75"
626,16:06,10,10,인천공항,1,20
626,16:06,2,2,수서,6,"28,33,41,46,49,56"
626,16:06,3,3,삼성,5,"44,66,69,94,98"
626,16:06,4,4,여의도,15,"4,16,17,24,25,26,30,37,39,51,60,65,73,79,89"
626,16:06,5,5,김포공항,6,"0,3,6,53,82,90"
626,16:06,6,6,일산,2,"52,85"
626,16:06,7,7,판교,9,"10,14,18,21,31,35,38,40,88"
626,16:06,8,8,동탄/용인,2,"23,91"
626,16:06,9,9,평택,11,"27,42,43,45,59,68,80,87,92,95,97"
627,16:07,1,1,서울역,4,"8,34,63,75"
627,16:07,10,10,인천공항,1,20
627,16:07,2,2,수서,6,"28,33,41,46,49,56"
627,16:07,3,3,삼성,5,"44,66,69,94,98"
627,16:07,4,4,여의도,14,"4,16,17,24,25,30,37,39,51,60,65,73,79,89"
627,16:07,5,5,김포공항,4,"0,3,6,53"
627,16:07,6,6,일산,2,"70,85"
627,16:07,7,7,판교,10,"10,14,18,21,31,35,38,40,50,88"
627,16:07,8,8,동탄/용인,2,"23,91"
627,16:07,9,9,평택,11,"27,42,43,45,59,68,80,87,92,95,97"
628,16:08,1,1,서울역,4,"8,15,34,75"
628,16:08,10,10,인천공항,2,"20,32"
628,16:08,2,2,수서,7,"28,33,41,46,49,56,61"
628,16:08,3,3,삼성,4,"44,66,69,94"
628,16:08,4,4,여의도,13,"16,17,24,25,30,37,39,51,60,65,73,79,89"
628,16:08,5,5,김포공항,5,"0,1,3,6,53"
628,16:08,6,6,일산,2,"70,85"
628,16:08,7,7,판교,11,"10,14,18,21,31,35,38,40,50,81,88"
628,16:08,8,8,동탄/용인,2,"23,91"
628,16:08,9,9,평택,11,"27,42,43,45,59,68,80,87,92,95,97"
629,16:09,1,1,서울역,6,"8,15,34,47,74,75"
629,16:09,10,10,인천공항,2,"20,32"
629,16:09,2,2,수서,6,"33,41,46,49,56,61"
629,16:09,3,3,삼성,3,"44,66,94"
629,16:09,4,4,여의도,11,"16,17,24,25,37,39,51,60,65,73,79"
629,16:09,5,5,김포공항,3,"0,1,6"
629,16:09,6,6,일산,2,"70,85"
629,16:09,7,7,판교,11,"2,10,14,18,31,35,38,40,50,81,88"
629,16:09,8,8,동탄/용인,1,23
629,16:09,9,9,평택,11,"27,42,43,45,59,68,80,87,92,95,97"
630,16:10,1,1,서울역,6,"8,15,34,47,74,75"
630,16:10,10,10,인천공항,2,"20,32"
630,16:10,2,2,수서,8,"9,33,46,49,56,61,83,84"
630,16:10,3,3,삼성,3,"44,66,94"
630,16:10,4,4,여의도,11,"16,17,24,25,37,39,51,60,65,73,79"
630,16:10,5,5,김포공항,4,"0,1,6,64"
630,16:10,6,6,일산,3,"70,85,96"
630,16:10,7,7,판교,9,"2,14,31,35,38,40,50,81,88"
630,16:10,8,8,동탄/용인,1,23
630,16:10,9,9,평택,8,"43,45,68,80,87,92,95,97"
631,16:11,1,1,서울역,7,"8,11,34,47,48,74,76"
631,16:11,10,10,인천공항,2,"32,93"
631,16:11,2,2,수서,7,"9,33,46,56,61,83,84"
631,16:11,3,3,삼성,4,"29,44,66,94"
631,16:11,4,4,여의도,11,"16,17,24,25,37,39,51,60,65,73,79"
631,16:11,5,5,김포공항,6,"0,1,6,64,67,78"
631,16:11,6,6,일산,4,"54,70,85,96"
631,16:11,7,7,판교,8,"2,14,35,38,40,50,81,88"
631,16:11,8,8,동탄/용인,1,23
631,16:11,9,9,평택,7,"43,45,68,80,87,95,97"
632,16:12,1,1,서울역,4,"11,34,48,76"
632,16:12,10,10,인천공항,3,"32,93,99"
632,16:12,2,2,수서,8,"9,12,19,33,56,61,83,84"
632,16:12,3,3,삼성,4,"29,44,66,94"
632,16:12,4,4,여의도,10,"17,24,25,37,39,51,60,65,73,79"
632,16:12,5,5,김포공항,7,"0,1,6,7,64,67,78"
632,16:12,6,6,일산,3,"54,70,96"
632,16:12,7,7,판교,8,"2,14,35,38,40,50,81,88"
632,16:12,8,8,동탄/용인,1,23
632,16:12,9,9,평택,7,"43,45,68,80,87,95,97"
633,16:13,1,1,서울역,5,"11,34,48,71,76"
633,16:13,10,10,인천공항,3,"32,93,99"
633,16:13,2,2,수서,9,"9,12,19,26,33,56,61,83,84"
633,16:13,3,3,삼성,4,"29,44,66,94"
633,16:13,4,4,여의도,10,"17,24,25,37,39,51,60,65,73,79"
633,16:13,5,5,김포공항,7,"1,6,7,22,64,67,78"
633,16:13,6,6,일산,3,"54,70,96"
633,16:13,7,7,판교,9,"2,5,14,35,38,40,50,81,88"
633,16:13,8,8,동탄/용인,1,23
633,16:13,9,9,평택,7,"43,45,68,80,87,95,97"
634,16:14,1,1,서울역,5,"11,34,48,71,72"
634,16:14,10,10,인천공항,3,"32,93,99"
634,16:14,2,2,수서,12,"4,9,12,19,26,33,55,56,57,61,83,84"
634,16:14,3,3,삼성,6,"29,44,63,66,86,94"
634,16:14,4,4,여의도,8,"17,24,25,39,51,65,73,79"
634,16:14,5,5,김포공항,7,"1,6,7,22,64,67,78"
634,16:14,6,6,일산,3,"54,70,96"
634,16:14,7,7,판교,9,"2,5,14,35,38,40,50,81,88"
634,16:14,8,8,동탄/용인,1,23
634,16:14,9,9,평택,8,"13,43,45,68,80,87,95,97"
635,16:15,1,1,서울역,6,"11,34,48,71,72,82"
635,16:15,10,10,인천공항,3,"32,93,99"
635,16:15,2,2,수서,13,"4,9,12,19,26,30,33,55,56,57,61,83,84"
635,16:15,3,3,삼성,6,"29,44,63,66,86,94"
635,16:15,4,4,여의도,9,"17,24,25,39,51,53,65,73,79"
635,16:15,5,5,김포공항,7,"1,6,7,22,64,67,78"
635,16:15,6,6,일산,3,"54,70,96"
635,16:15,7,7,판교,8,"5,14,35,38,40,50,81,88"
635,16:15,8,8,동탄/용인,1,23
635,16:15,9,9,평택,8,"13,43,45,68,80,87,95,97"
636,16:16,1,1,서울역,5,"11,34,48,72,82"
636,16:16,10,10,인천공항,3,"32,93,99"
636,16:16,2,2,수서,11,"4,9,12,19,26,30,33,55,57,61,83"
636,16:16,3,3,삼성,7,"29,44,63,66,77,86,89"
636,16:16,4,4,여의도,12,"17,21,24,25,39,41,51,53,65,69,73,79"
636,16:16,5,5,김포공항,7,"1,7,22,64,67,78,98"
636,16:16,6,6,일산,2,"54,70"
636,16:16,7,7,판교,7,"5,14,35,40,50,81,88"
636,16:16,8,8,동탄/용인,1,23
636,16:16,9,9,평택,8,"13,43,45,68,80,87,95,97"
637,16:17,1,1,서울역,4,"18,34,72,82"
637,16:17,10,10,인천공항,3,"32,93,99"
637,16:17,2,2,수서,11,"3,4,9,12,19,26,30,33,55,57,83"
637,16:17,3,3,삼성,6,"44,63,66,77,86,89"
637,16:17,4,4,여의도,11,"10,17,21,39,41,51,53,65,69,73,79"
637,16:17,5,5,김포공항,8,"1,7,22,28,64,67,78,98"
637,16:17,6,6,일산,2,"54,70"
637,16:17,7,7,판교,6,"5,14,36,40,81,88"
637,16:17,8,8,동탄/용인,2,"23,92"
637,16:17,9,9,평택,8,"13,43,45,68,80,87,95,97"
638,16:18,1,1,서울역,5,"18,34,49,72,82"
638,16:18,10,10,인천공항,3,"32,93,99"
638,16:18,2,2,수서,12,"3,4,9,12,16,19,26,30,33,55,57,83"
638,16:18,3,3,삼성,7,"8,58,63,66,77,86,89"
638,16:18,4,4,여의도,11,"10,17,21,31,39,41,46,51,69,73,79"
638,16:18,5,5,김포공항,7,"7,22,28,64,67,78,98"
638,16:18,6,6,일산,4,"15,54,70,75"
638,16:18,7,7,판교,6,"5,14,36,40,81,88"
638,16:18,8,8,동탄/용인,2,"23,92"
638,16:18,9,9,평택,8,"13,43,45,62,80,87,95,97"
639,16:19,1,1,서울역,5,"18,34,49,72,82"
639,16:19,10,10,인천공항,3,"32,93,99"
639,16:19,2,2,수서,12,"3,4,9,12,16,19,26,30,33,55,57,83"
639,16:19,3,3,삼성,7,"8,58,63,66,77,86,89"
639,16:19,4,4,여의도,10,"10,17,21,31,41,46,51,69,73,79"
639,16:19,5,5,김포공항,7,"7,22,28,64,67,78,98"
639,16:19,6,6,일산,5,"15,47,54,70,75"
639,16:19,7,7,판교,7,"5,14,36,40,52,81,88"
639,16:19,8,8,동탄/용인,2,"23,92"
639,16:19,9,9,평택,7,"13,43,45,62,80,87,95"
640,16:20,1,1,서울역,4,"18,34,49,82"
640,16:20,10,10,인천공항,2,"93,99"
640,16:20,2,2,수서,13,"3,4,9,12,16,19,26,30,33,37,55,57,83"
640,16:20,3,3,삼성,6,"8,58,63,66,77,89"
640,16:20,4,4,여의도,9,"10,17,21,31,41,46,51,79,91"
640,16:20,5,5,김포공항,7,"22,28,64,67,74,78,98"
640,16:20,6,6,일산,4,"15,47,54,75"
640,16:20,7,7,판교,7,"5,14,36,40,52,81,88"
640,16:20,8,8,동탄/용인,1,23
640,16:20,9,9,평택,7,"13,43,45,62,80,87,95"
641,16:21,1,1,서울역,3,"18,34,49"
641,16:21,10,10,인천공항,2,"93,99"
641,16:21,2,2,수서,13,"3,4,9,12,16,19,26,30,33,37,55,76,83"
641,16:21,3,3,삼성,7,"8,58,60,63,66,77,89"
641,16:21,4,4,여의도,7,"10,21,31,41,51,79,91"
641,16:21,5,5,김포공항,7,"22,28,64,67,74,78,98"
641,16:21,6,6,일산,4,"15,47,54,75"
641,16:21,7,7,판교,7,"5,14,36,40,52,81,88"
641,16:21,8,8,동탄/용인,1,23
641,16:21,9,9,평택,7,"13,43,45,62,80,87,95"
642,16:22,1,1,서울역,3,"18,34,49"
642,16:22,10,10,인천공항,2,"93,99"
642,16:22,2,2,수서,13,"3,4,9,12,16,19,26,30,33,37,55,76,83"
642,16:22,3,3,삼성,7,"8,58,60,63,66,71,89"
642,16:22,4,4,여의도,6,"2,10,31,41,51,91"
642,16:22,5,5,김포공항,7,"22,28,64,67,74,78,98"
642,16:22,6,6,일산,3,"15,47,75"
642,16:22,7,7,판교,7,"14,36,40,42,52,81,88"
642,16:22,8,8,동탄/용인,1,23
642,16:22,9,9,평택,7,"13,43,45,62,80,87,95"
643,16:23,1,1,서울역,5,"18,34,38,49,56"
643,16:23,10,10,인천공항,1,99
643,16:23,2,2,수서,13,"3,4,9,12,16,19,26,30,33,55,76,83,85"
643,16:23,3,3,삼성,6,"8,58,60,63,71,89"
643,16:23,4,4,여의도,6,"2,10,20,31,41,91"
643,16:23,5,5,김포공항,5,"22,28,64,67,74"
643,16:23,6,6,일산,3,"15,47,75"
643,16:23,7,7,판교,6,"14,36,42,52,81,88"
643,16:23,8,8,동탄/용인,1,23
643,16:23,9,9,평택,7,"13,43,45,62,80,87,95"
644,16:24,1,1,서울역,5,"18,34,38,56,61"
644,16:24,10,10,인천공항,1,99
644,16:24,2,2,수서,12,"3,4,6,9,12,16,26,30,55,76,83,85"
644,16:24,3,3,삼성,4,"8,60,63,71"
644,16:24,4,4,여의도,8,"2,10,20,29,35,41,50,91"
644,16:24,5,5,김포공항,5,"64,67,74,84,94"
644,16:24,6,6,일산,2,"11,47"
644,16:24,7,7,판교,8,"14,24,36,42,48,52,81,88"
644,16:24,8,8,동탄/용인,1,23
644,16:24,9,9,평택,7,"13,43,45,62,80,90,95"
645,16:25,1,1,서울역,6,"18,34,38,46,56,61"
645,16:25,10,10,인천공항,1,99
645,16:25,2,2,수서,12,"3,4,6,12,16,26,30,39,55,76,83,85"
645,16:25,3,3,삼성,6,"8,59,60,63,65,71"
645,16:25,4,4,여의도,8,"2,10,20,27,29,35,50,91"
645,16:25,5,5,김포공항,5,"64,67,74,84,94"
645,16:25,6,6,일산,2,"11,47"
645,16:25,7,7,판교,7,"14,24,36,42,48,52,53"
645,16:25,8,8,동탄/용인,1,23
645,16:25,9,9,평택,7,"13,43,45,62,80,90,95"
646,16:26,1,1,서울역,5,"34,38,46,56,61"
646,16:26,10,10,인천공항,1,99
646,16:26,2,2,수서,12,"3,4,6,12,16,26,30,39,55,76,83,85"
646,16:26,3,3,삼성,8,"1,8,59,60,63,65,71,72"
646,16:26,4,4,여의도,8,"2,10,20,27,29,35,50,91"
646,16:26,5,5,김포공항,4,"64,67,84,94"
646,16:26,6,6,일산,2,"11,47"
646,16:26,7,7,판교,7,"14,24,36,42,48,52,53"
646,16:26,8,8,동탄/용인,1,23
646,16:26,9,9,평택,6,"13,43,45,80,90,95"
647,16:27,1,1,서울역,5,"34,38,46,56,61"
647,16:27,2,2,수서,12,"3,4,6,16,17,26,30,39,55,76,83,85"
647,16:27,3,3,삼성,8,"1,59,60,63,65,71,72,73"
647,16:27,4,4,여의도,8,"2,10,20,27,29,35,57,91"
647,16:27,5,5,김포공항,2,"67,94"
647,16:27,6,6,일산,2,"11,47"
647,16:27,7,7,판교,7,"14,24,42,48,52,53,69"
647,16:27,8,8,동탄/용인,1,23
647,16:27,9,9,평택,6,"13,43,45,80,90,95"
648,16:28,1,1,서울역,5,"7,34,38,56,61"
648,16:28,2,2,수서,12,"3,4,6,16,17,26,30,39,55,76,83,85"
648,16:28,3,3,삼성,8,"1,59,60,63,65,71,72,73"
648,16:28,4,4,여의도,8,"2,10,20,27,29,35,57,91"
648,16:28,5,5,김포공항,1,94
648,16:28,6,6,일산,3,"11,47,82"
648,16:28,7,7,판교,6,"14,24,48,53,69,96"
648,16:28,8,8,동탄/용인,1,23
648,16:28,9,9,평택,6,"13,43,45,80,90,95"
649,16:29,1,1,서울역,6,"7,34,38,54,56,61"
649,16:29,2,2,수서,12,"4,6,16,17,26,30,39,51,55,76,83,85"
649,16:29,3,3,삼성,9,"1,59,60,63,65,71,72,73,79"
649,16:29,4,4,여의도,10,"2,5,10,20,27,29,35,57,78,91"
649,16:29,5,5,김포공항,1,94
649,16:29,6,6,일산,3,"11,47,82"
649,16:29,7,7,판교,6,"14,24,48,53,69,96"
649,16:29,8,8,동탄/용인,1,23
649,16:29,9,9,평택,6,"13,43,45,80,90,95"
650,16:30,1,1,서울역,7,"7,34,37,38,40,54,56"
650,16:30,2,2,수서,13,"4,6,16,17,26,30,31,39,51,55,76,83,85"
650,16:30,3,3,삼성,9,"1,59,63,65,70,71,72,73,79"
650,16:30,4,4,여의도,9,"2,5,10,20,27,35,57,78,91"
650,16:30,5,5,김포공항,1,94
650,16:30,6,6,일산,2,"11,82"
650,16:30,7,7,판교,5,"14,24,48,53,96"
650,16:30,8,8,동탄/용인,1,23
650,16:30,9,9,평택,7,"0,13,43,45,80,90,95"
651,16:31,1,1,서울역,8,"19,34,37,38,40,54,56,75"
651,16:31,2,2,수서,13,"4,6,16,17,26,30,31,39,41,51,55,76,85"
651,16:31,3,3,삼성,9,"1,59,63,65,70,71,72,73,79"
651,16:31,4,4,여의도,11,"2,5,10,20,27,35,57,58,78,91,92"
651,16:31,5,5,김포공항,2,"66,94"
651,16:31,6,6,일산,3,"11,49,82"
651,16:31,7,7,판교,5,"14,24,48,53,96"
651,16:31,9,9,평택,6,"0,13,43,80,90,95"
652,16:32,1,1,서울역,9,"19,22,28,34,37,38,40,54,75"
652,16:32,2,2,수서,13,"4,6,16,17,26,30,31,39,41,51,55,76,85"
652,16:32,3,3,삼성,9,"1,59,63,65,70,71,72,73,79"
652,16:32,4,4,여의도,12,"2,5,10,20,27,35,57,58,81,88,91,92"
652,16:32,5,5,김포공항,3,"33,66,94"
652,16:32,6,6,일산,4,"11,49,77,82"
652,16:32,7,7,판교,5,"14,24,48,53,96"
652,16:32,8,8,동탄/용인,1,62
652,16:32,9,9,평택,7,"0,13,25,43,80,90,95"
653,16:33,1,1,서울역,8,"19,22,28,34,38,40,54,75"
653,16:33,2,2,수서,13,"4,6,16,17,26,30,31,39,41,51,55,76,85"
653,16:33,3,3,삼성,9,"1,59,63,65,68,70,71,72,79"
653,16:33,4,4,여의도,12,"2,5,10,20,27,35,57,58,81,88,91,92"
653,16:33,5,5,김포공항,4,"9,33,66,94"
653,16:33,6,6,일산,5,"11,18,49,77,82"
653,16:33,7,7,판교,6,"14,24,48,53,96,98"
653,16:33,8,8,동탄/용인,1,62
653,16:33,9,9,평택,7,"0,13,25,43,44,80,95"
654,16:34,1,1,서울역,6,"19,22,28,38,40,54"
654,16:34,10,10,인천공항,1,21
654,16:34,2,2,수서,13,"4,6,16,17,26,30,31,39,41,51,55,76,85"
654,16:34,3,3,삼성,9,"1,59,63,65,68,70,71,72,79"
654,16:34,4,4,여의도,11,"2,5,10,20,27,35,36,57,81,88,92"
654,16:34,5,5,김포공항,4,"9,33,66,94"
654,16:34,6,6,일산,7,"11,18,49,50,77,82,89"
654,16:34,7,7,판교,6,"14,24,48,53,96,98"
654,16:34,8,8,동탄/용인,1,62
654,16:34,9,9,평택,6,"0,13,25,44,80,95"
655,16:35,1,1,서울역,5,"19,38,40,52,64"
655,16:35,10,10,인천공항,2,"21,86"
655,16:35,2,2,수서,14,"4,6,16,17,26,30,31,39,41,46,51,55,76,85"
655,16:35,3,3,삼성,10,"1,32,59,63,65,68,70,71,72,79"
655,16:35,4,4,여의도,12,"2,5,10,20,27,35,36,42,57,81,88,92"
655,16:35,5,5,김포공항,6,"8,9,12,33,66,94"
655,16:35,6,6,일산,7,"11,18,49,50,77,82,89"
655,16:35,7,7,판교,5,"14,24,48,96,98"
655,16:35,9,9,평택,6,"0,13,25,44,80,95"
656,16:36,1,1,서울역,6,"19,38,40,52,64,67"
656,16:36,10,10,인천공항,2,"21,86"
656,16:36,2,2,수서,16,"4,6,16,17,26,29,30,31,39,41,46,51,55,73,76,85"
656,16:36,3,3,삼성,10,"1,32,59,63,65,68,70,71,72,79"
656,16:36,4,4,여의도,12,"2,5,10,20,27,35,36,42,57,81,88,92"
656,16:36,5,5,김포공항,7,"8,9,12,33,66,94,97"
656,16:36,6,6,일산,7,"11,18,49,50,77,82,89"
656,16:36,7,7,판교,5,"14,15,24,96,98"
656,16:36,9,9,평택,6,"0,13,25,44,80,95"
657,16:37,1,1,서울역,6,"19,38,40,52,64,67"
657,16:37,10,10,인천공항,3,"21,84,86"
657,16:37,2,2,수서,14,"4,6,16,17,29,30,31,39,46,51,55,73,76,85"
657,16:37,3,3,삼성,10,"1,32,59,63,65,68,70,71,72,79"
657,16:37,4,4,여의도,13,"2,5,10,20,35,36,42,57,60,69,81,88,92"
657,16:37,5,5,김포공항,8,"3,8,9,12,33,66,94,97"
657,16:37,6,6,일산,8,"11,18,49,50,61,77,82,89"
657,16:37,7,7,판교,5,"14,15,24,96,98"
657,16:37,9,9,평택,5,"0,13,25,44,80"
658,16:38,1,1,서울역,6,"19,38,40,52,58,67"
658,16:38,10,10,인천공항,3,"21,84,86"
658,16:38,2,2,수서,13,"6,16,17,29,30,31,39,46,51,55,73,76,85"
658,16:38,3,3,삼성,11,"1,32,59,63,65,68,70,71,72,79,93"
658,16:38,4,4,여의도,12,"2,5,10,20,36,42,57,60,69,81,88,92"
658,16:38,5,5,김포공항,7,"3,8,9,12,66,94,97"
658,16:38,6,6,일산,8,"11,18,49,50,61,77,82,89"
658,16:38,7,7,판교,4,"14,15,24,98"
658,16:38,9,9,평택,5,"0,13,25,44,80"
659,16:39,1,1,서울역,5,"19,38,40,52,58"
659,16:39,10,10,인천공항,3,"21,84,86"
659,16:39,2,2,수서,12,"6,16,17,29,30,31,39,46,55,73,76,85"
659,16:39,3,3,삼성,11,"1,32,59,63,65,70,71,72,79,87,93"
659,16:39,4,4,여의도,12,"2,5,10,20,36,42,57,60,69,81,88,92"
659,16:39,5,5,김포공항,8,"3,7,8,12,66,83,94,97"
659,16:39,6,6,일산,9,"11,18,49,50,56,61,77,82,89"
659,16:39,7,7,판교,3,"14,15,24"
659,16:39,9,9,평택,5,"0,13,25,44,80"
660,16:40,1,1,서울역,5,"19,38,40,52,58"
660,16:40,10,10,인천공항,1,86
660,16:40,2,2,수서,12,"6,16,17,29,30,31,37,39,55,73,76,85"
660,16:40,3,3,삼성,11,"32,34,59,63,65,70,71,72,79,87,93"
660,16:40,4,4,여의도,8,"5,10,20,42,60,69,88,92"
660,16:40,5,5,김포공항,6,"3,7,12,83,94,97"
660,16:40,6,6,일산,6,"11,49,50,56,61,89"
660,16:40,7,7,판교,3,"14,15,24"
660,16:40,9,9,평택,5,"0,13,25,44,80"
661,16:41,1,1,서울역,4,"19,38,40,52"
661,16:41,10,10,인천공항,1,86
661,16:41,2,2,수서,12,"6,16,17,29,30,31,37,39,55,73,76,85"
661,16:41,3,3,삼성,11,"32,34,54,59,63,65,71,72,79,87,93"
661,16:41,4,4,여의도,7,"5,10,20,42,69,88,92"
661,16:41,5,5,김포공항,6,"3,7,12,83,94,97"
661,16:41,6,6,일산,6,"49,50,56,61,75,89"
661,16:41,7,7,판교,4,"14,15,24,91"
661,16:41,9,9,평택,5,"0,13,25,44,80"
662,16:42,1,1,서울역,4,"19,38,40,52"
662,16:42,10,10,인천공항,1,86
662,16:42,2,2,수서,12,"6,16,17,29,30,31,37,39,55,73,76,85"
662,16:42,3,3,삼성,10,"32,34,54,59,63,72,79,87,93,99"
662,16:42,4,4,여의도,8,"5,10,20,42,53,69,88,92"
662,16:42,5,5,김포공항,3,"3,94,97"
662,16:42,6,6,일산,7,"22,49,50,56,61,75,89"
662,16:42,7,7,판교,4,"14,24,47,91"
662,16:42,9,9,평택,5,"0,13,25,44,80"
663,16:43,1,1,서울역,4,"19,38,48,52"
663,16:43,10,10,인천공항,1,86
663,16:43,2,2,수서,9,"6,17,27,29,39,55,73,76,85"
663,16:43,3,3,삼성,10,"32,34,54,59,63,72,79,87,93,99"
663,16:43,4,4,여의도,9,"5,10,20,26,42,53,69,88,92"
663,16:43,5,5,김포공항,3,"3,28,97"
663,16:43,6,6,일산,7,"22,49,50,56,61,75,89"
663,16:43,7,7,판교,4,"14,24,47,91"
663,16:43,8,8,동탄/용인,1,78
663,16:43,9,9,평택,5,"0,25,44,74,80"
664,16:44,1,1,서울역,3,"19,38,48"
664,16:44,10,10,인천공항,1,86
664,16:44,2,2,수서,8,"6,17,27,29,35,39,55,76"
664,16:44,3,3,삼성,10,"32,34,54,59,63,72,79,87,93,99"
664,16:44,4,4,여의도,9,"5,10,20,26,42,53,69,88,92"
664,16:44,5,5,김포공항,2,"3,28"
664,16:44,6,6,일산,5,"22,50,56,61,89"
664,16:44,7,7,판교,3,"24,47,91"
664,16:44,8,8,동탄/용인,1,78
664,16:44,9,9,평택,5,"0,25,44,74,80"
665,16:45,1,1,서울역,4,"19,38,48,96"
665,16:45,10,10,인천공항,1,86
665,16:45,2,2,수서,7,"17,27,29,35,39,55,76"
665,16:45,3,3,삼성,9,"32,34,54,59,63,72,79,93,99"
665,16:45,4,4,여의도,7,"20,26,42,53,69,88,92"
665,16:45,5,5,김포공항,2,"3,28"
665,16:45,6,6,일산,4,"50,56,61,89"
665,16:45,7,7,판교,3,"24,47,91"
665,16:45,8,8,동탄/용인,1,78
665,16:45,9,9,평택,5,"0,25,44,74,80"
666,16:46,1,1,서울역,5,"1,38,48,51,96"
666,16:46,10,10,인천공항,1,86
666,16:46,2,2,수서,8,"2,17,27,29,35,55,57,76"
666,16:46,3,3,삼성,8,"32,54,59,63,72,79,93,99"
666,16:46,4,4,여의도,10,"26,42,45,53,62,66,69,88,92,98"
666,16:46,5,5,김포공항,3,"4,28,64"
666,16:46,6,6,일산,3,"56,61,89"
666,16:46,7,7,판교,5,"24,43,46,47,91"
666,16:46,8,8,동탄/용인,1,78
666,16:46,9,9,평택,4,"0,44,74,80"
667,16:47,1,1,서울역,8,"1,18,38,48,51,77,82,96"
667,16:47,10,10,인천공항,1,86
667,16:47,2,2,수서,8,"2,17,27,35,55,57,60,76"
667,16:47,3,3,삼성,8,"32,54,59,63,72,79,93,99"
667,16:47,4,4,여의도,9,"26,42,45,53,62,66,88,92,98"
667,16:47,5,5,김포공항,5,"4,28,64,67,68"
667,16:47,6,6,일산,3,"56,61,89"
667,16:47,7,7,판교,5,"36,43,46,47,81"
667,16:47,8,8,동탄/용인,1,78
667,16:47,9,9,평택,4,"0,44,74,80"
668,16:48,1,1,서울역,7,"1,18,48,51,77,82,96"
668,16:48,10,10,인천공항,1,86
668,16:48,2,2,수서,10,"2,8,17,27,35,55,57,58,60,76"
668,16:48,3,3,삼성,8,"32,54,59,72,79,90,93,99"
668,16:48,4,4,여의도,9,"26,42,45,53,62,66,88,92,98"
668,16:48,5,5,김포공항,5,"4,28,64,67,68"
668,16:48,6,6,일산,5,"23,41,56,61,89"
668,16:48,7,7,판교,5,"36,43,46,47,81"
668,16:48,8,8,동탄/용인,1,78
668,16:48,9,9,평택,4,"0,44,74,80"
669,16:49,1,1,서울역,6,"18,48,51,77,82,96"
669,16:49,10,10,인천공항,2,"9,86"
669,16:49,2,2,수서,8,"2,8,17,35,55,58,60,76"
669,16:49,3,3,삼성,8,"32,40,54,59,72,79,90,99"
669,16:49,4,4,여의도,9,"26,30,42,45,53,62,65,88,98"
669,16:49,5,5,김포공항,5,"4,28,67,68,70"
669,16:49,6,6,일산,5,"23,41,56,61,89"
669,16:49,7,7,판교,4,"36,43,47,81"
669,16:49,8,8,동탄/용인,1,78
669,16:49,9,9,평택,4,"0,44,74,80"
670,16:50,1,1,서울역,4,"37,48,51,96"
670,16:50,10,10,인천공항,2,"9,86"
670,16:50,2,2,수서,9,"2,8,12,17,35,55,58,76,83"
670,16:50,3,3,삼성,7,"7,32,40,59,79,90,99"
670,16:50,4,4,여의도,9,"26,30,42,45,53,62,65,88,98"
670,16:50,5,5,김포공항,4,"4,68,70,71"
670,16:50,6,6,일산,5,"23,41,56,61,89"
670,16:50,7,7,판교,3,"43,47,81"
670,16:50,8,8,동탄/용인,1,78
670,16:50,9,9,평택,4,"0,44,74,80"
671,16:51,1,1,서울역,6,"37,48,49,51,75,96"
671,16:51,10,10,인천공항,2,"9,86"
671,16:51,2,2,수서,9,"2,12,17,35,52,55,58,76,83"
671,16:51,3,3,삼성,8,"7,11,40,59,79,90,94,99"
671,16:51,4,4,여의도,10,"6,14,26,30,42,45,53,62,65,98"
671,16:51,5,5,김포공항,5,"4,16,31,70,71"
671,16:51,6,6,일산,5,"23,41,56,61,89"
671,16:51,7,7,판교,3,"43,47,81"
671,16:51,8,8,동탄/용인,1,78
671,16:51,9,9,평택,3,"0,74,80"
672,16:52,1,1,서울역,7,"22,34,37,49,51,75,96"
672,16:52,10,10,인천공항,1,9
672,16:52,2,2,수서,9,"2,12,17,35,52,55,58,76,83"
672,16:52,3,3,삼성,10,"7,11,19,40,59,79,90,94,97,99"
672,16:52,4,4,여의도,10,"6,14,26,30,45,53,62,65,84,98"
672,16:52,5,5,김포공항,5,"4,16,31,71,85"
672,16:52,6,6,일산,5,"23,41,56,61,89"
672,16:52,7,7,판교,5,"5,10,43,47,81"
672,16:52,8,8,동탄/용인,1,78
672,16:52,9,9,평택,2,"0,80"
673,16:53,1,1,서울역,8,"22,34,39,49,51,75,95,96"
673,16:53,10,10,인천공항,1,9
673,16:53,2,2,수서,7,"2,12,17,52,58,69,76"
673,16:53,3,3,삼성,10,"7,11,19,40,59,79,90,94,97,99"
673,16:53,4,4,여의도,10,"6,14,26,30,45,53,62,65,84,98"
673,16:53,5,5,김포공항,5,"4,16,31,71,85"
673,16:53,6,6,일산,5,"23,41,56,61,89"
673,16:53,7,7,판교,5,"5,10,43,47,81"
673,16:53,8,8,동탄/용인,1,78
673,16:53,9,9,평택,2,"0,80"
674,16:54,1,1,서울역,8,"22,34,39,51,63,91,95,96"
674,16:54,10,10,인천공항,1,9
674,16:54,2,2,수서,6,"2,12,17,52,69,76"
674,16:54,3,3,삼성,10,"3,7,11,19,40,59,79,90,97,99"
674,16:54,4,4,여의도,10,"6,14,24,26,30,45,62,65,84,98"
674,16:54,5,5,김포공항,5,"4,16,31,71,85"
674,16:54,6,6,일산,6,"15,23,41,56,61,89"
674,16:54,7,7,판교,5,"5,10,43,47,81"
674,16:54,8,8,동탄/용인,1,78
674,16:54,9,9,평택,2,"0,80"
675,16:55,1,1,서울역,7,"39,51,63,91,93,95,96"
675,16:55,10,10,인천공항,1,9
675,16:55,2,2,수서,6,"2,12,17,52,69,92"
675,16:55,3,3,삼성,12,"1,3,7,11,19,21,40,59,79,90,97,99"
675,16:55,4,4,여의도,8,"6,14,24,27,30,45,65,98"
675,16:55,5,5,김포공항,6,"4,16,29,31,71,85"
675,16:55,6,6,일산,8,"15,23,38,41,56,61,73,89"
675,16:55,7,7,판교,5,"5,10,43,47,81"
675,16:55,8,8,동탄/용인,1,78
675,16:55,9,9,평택,2,"0,33"
676,16:56,1,1,서울역,9,"42,51,57,63,72,91,93,95,96"
676,16:56,10,10,인천공항,1,9
676,16:56,2,2,수서,6,"2,12,17,52,69,92"
676,16:56,3,3,삼성,10,"1,3,11,19,21,40,59,90,97,99"
676,16:56,4,4,여의도,10,"6,14,24,27,28,30,45,46,65,98"
676,16:56,5,5,김포공항,6,"4,16,29,31,71,85"
676,16:56,6,6,일산,8,"15,23,38,41,56,61,73,89"
676,16:56,7,7,판교,5,"5,10,47,66,81"
676,16:56,8,8,동탄/용인,1,78
676,16:56,9,9,평택,2,"0,33"
677,16:57,1,1,서울역,9,"42,51,57,60,72,91,93,95,96"
677,16:57,10,10,인천공항,1,9
677,16:57,2,2,수서,7,"2,12,17,52,69,88,92"
677,16:57,3,3,삼성,11,"1,3,11,19,21,40,59,64,90,97,99"
677,16:57,4,4,여의도,9,"6,24,27,28,30,36,45,46,98"
677,16:57,5,5,김포공항,6,"4,16,29,31,71,85"
677,16:57,6,6,일산,7,"15,18,38,41,61,73,89"
677,16:57,7,7,판교,5,"5,10,47,66,81"
677,16:57,8,8,동탄/용인,1,78
677,16:57,9,9,평택,2,"0,33"
678,16:58,1,1,서울역,10,"42,51,53,57,60,72,91,93,95,96"
678,16:58,10,10,인천공항,1,9
678,16:58,2,2,수서,7,"2,12,17,52,69,88,92"
678,16:58,3,3,삼성,14,"1,3,11,13,19,21,40,48,59,64,67,90,97,99"
678,16:58,4,4,여의도,8,"6,24,27,28,36,45,46,98"
678,16:58,5,5,김포공항,9,"4,16,29,31,54,71,77,82,85"
678,16:58,6,6,일산,7,"15,18,38,41,61,73,89"
678,16:58,7,7,판교,5,"10,47,50,66,81"
678,16:58,8,8,동탄/용인,1,78
678,16:58,9,9,평택,2,"0,33"
679,16:59,1,1,서울역,9,"42,51,53,57,60,91,93,95,96"
679,16:59,10,10,인천공항,1,9
679,16:59,2,2,수서,5,"17,52,69,88,92"
679,16:59,3,3,삼성,14,"1,3,11,13,19,21,40,48,59,64,67,68,90,99"
679,16:59,4,4,여의도,9,"6,24,27,28,36,45,46,55,98"
679,16:59,5,5,김포공항,11,"4,8,16,29,31,32,54,71,77,82,85"
679,16:59,6,6,일산,7,"15,18,38,41,61,73,89"
679,16:59,7,7,판교,5,"10,47,50,66,81"
679,16:59,8,8,동탄/용인,1,78
679,16:59,9,9,평택,2,"0,33"
680,17:00,1,1,서울역,9,"42,51,53,57,60,83,93,95,96"
680,17:00,10,10,인천공항,1,9
680,17:00,2,2,수서,5,"37,52,69,88,92"
680,17:00,3,3,삼성,13,"1,3,11,13,19,21,40,48,59,67,68,90,99"
680,17:00,4,4,여의도,10,"6,24,27,28,36,45,46,55,58,98"
680,17:00,5,5,김포공항,9,"4,8,16,29,31,32,54,77,82"
680,17:00,6,6,일산,6,"15,38,41,61,73,89"
680,17:00,7,7,판교,5,"10,47,50,66,81"
680,17:00,8,8,동탄/용인,1,78
680,17:00,9,9,평택,3,"0,33,87"
681,17:01,1,1,서울역,9,"42,51,53,57,60,83,93,95,96"
681,17:01,10,10,인천공항,1,9
681,17:01,2,2,수서,7,"26,37,52,62,69,88,92"
681,17:01,3,3,삼성,13,"1,3,11,13,19,21,34,40,48,59,68,90,99"
681,17:01,4,4,여의도,13,"6,24,25,27,28,36,45,46,55,58,76,94,98"
681,17:01,5,5,김포공항,7,"8,29,31,32,35,54,77"
681,17:01,6,6,일산,7,"15,38,41,49,61,73,89"
681,17:01,7,7,판교,5,"10,50,66,75,81"
681,17:01,9,9,평택,4,"0,20,33,87"
682,17:02,1,1,서울역,7,"51,53,60,83,93,95,96"
682,17:02,10,10,인천공항,2,"9,70"
682,17:02,2,2,수서,7,"26,37,52,62,69,88,92"
682,17:02,3,3,삼성,13,"1,3,11,13,19,21,34,40,48,59,68,90,99"
682,17:02,4,4,여의도,10,"6,25,27,36,45,46,55,58,76,94"
682,17:02,5,5,김포공항,6,"8,29,31,32,35,54"
682,17:02,6,6,일산,7,"15,22,38,49,61,73,89"
682,17:02,7,7,판교,4,"10,50,75,81"
682,17:02,9,9,평택,4,"0,20,33,87"
683,17:03,1,1,서울역,6,"51,53,83,93,95,96"
683,17:03,10,10,인천공항,1,70
683,17:03,2,2,수서,8,"14,26,37,39,62,65,88,92"
683,17:03,3,3,삼성,14,"1,3,11,13,19,21,34,40,48,59,63,68,90,99"
683,17:03,4,4,여의도,11,"6,25,27,36,43,45,46,55,58,76,94"
683,17:03,5,5,김포공항,6,"8,29,31,32,35,54"
683,17:03,6,6,일산,6,"15,22,38,49,73,89"
683,17:03,7,7,판교,4,"10,50,75,81"
683,17:03,9,9,평택,4,"0,20,33,87"
684,17:04,1,1,서울역,5,"51,83,93,95,96"
684,17:04,10,10,인천공항,1,70
684,17:04,2,2,수서,8,"14,26,30,37,39,62,65,88"
684,17:04,3,3,삼성,12,"1,3,11,13,19,21,34,40,48,63,68,90"
684,17:04,4,4,여의도,10,"6,25,27,36,43,45,55,58,76,94"
684,17:04,5,5,김포공항,6,"7,8,29,31,32,35"
684,17:04,6,6,일산,6,"15,22,38,49,73,89"
684,17:04,7,7,판교,2,"75,81"
684,17:04,9,9,평택,4,"0,20,33,87"
685,17:05,1,1,서울역,5,"51,83,93,95,96"
685,17:05,10,10,인천공항,1,70
685,17:05,2,2,수서,8,"14,26,30,37,39,62,65,88"
685,17:05,3,3,삼성,12,"1,11,13,19,21,34,40,48,63,68,72,90"
685,17:05,4,4,여의도,10,"5,6,25,27,36,43,45,55,58,94"
685,17:05,5,5,김포공항,4,"7,8,31,35"
685,17:05,6,6,일산,6,"15,22,38,49,73,89"
685,17:05,7,7,판교,2,"75,81"
685,17:05,9,9,평택,4,"0,20,33,87"
686,17:06,1,1,서울역,4,"51,93,95,96"
686,17:06,10,10,인천공항,1,70
686,17:06,2,2,수서,7,"14,26,30,37,39,62,65"
686,17:06,3,3,삼성,9,"1,13,19,21,34,40,48,68,72"
686,17:06,4,4,여의도,14,"5,6,25,27,36,43,44,45,55,58,71,85,94,97"
686,17:06,5,5,김포공항,4,"7,8,31,35"
686,17:06,6,6,일산,6,"15,22,38,49,73,89"
686,17:06,7,7,판교,2,"75,81"
686,17:06,9,9,평택,3,"0,20,33"
687,17:07,1,1,서울역,5,"18,51,93,95,96"
687,17:07,10,10,인천공항,2,"70,84"
687,17:07,2,2,수서,7,"14,26,30,37,39,62,65"
687,17:07,3,3,삼성,10,"1,13,19,21,23,34,40,48,72,86"
687,17:07,4,4,여의도,15,"5,6,27,36,43,44,45,55,58,71,74,82,85,94,97"
687,17:07,5,5,김포공항,4,"2,7,8,31"
687,17:07,6,6,일산,6,"15,22,38,49,73,89"
687,17:07,7,7,판교,1,81
687,17:07,9,9,평택,3,"0,20,33"
688,17:08,1,1,서울역,4,"18,51,95,96"
688,17:08,10,10,인천공항,2,"70,84"
688,17:08,2,2,수서,9,"14,24,26,30,37,39,62,65,98"
688,17:08,3,3,삼성,8,"19,21,23,34,40,48,72,86"
688,17:08,4,4,여의도,17,"5,6,27,36,43,44,45,47,55,58,71,74,77,82,85,94,97"
688,17:08,5,5,김포공항,7,"2,7,8,17,31,64,91"
688,17:08,6,6,일산,5,"15,38,49,73,89"
688,17:08,7,7,판교,1,81
688,17:08,9,9,평택,3,"0,20,33"
689,17:09,1,1,서울역,6,"16,18,51,66,95,96"
689,17:09,10,10,인천공항,2,"70,84"
689,17:09,2,2,수서,9,"4,14,24,26,30,62,65,90,98"
689,17:09,3,3,삼성,10,"19,21,23,28,34,40,48,60,72,86"
689,17:09,4,4,여의도,14,"5,36,43,44,45,47,52,55,58,69,74,77,82,97"
689,17:09,5,5,김포공항,8,"2,7,8,17,31,64,67,91"
689,17:09,6,6,일산,5,"15,42,49,73,89"
689,17:09,7,7,판교,2,"56,81"
689,17:09,9,9,평택,3,"0,20,33"
690,17:10,1,1,서울역,6,"16,51,59,66,95,99"
690,17:10,10,10,인천공항,2,"70,84"
690,17:10,2,2,수서,10,"4,14,24,26,30,46,62,65,90,98"
690,17:10,3,3,삼성,9,"19,21,23,28,40,48,60,72,86"
690,17:10,4,4,여의도,15,"5,36,43,44,45,47,52,54,55,58,69,74,77,80,97"
690,17:10,5,5,김포공항,9,"2,7,8,17,31,57,64,67,91"
690,17:10,6,6,일산,5,"15,42,49,73,89"
690,17:10,7,7,판교,2,"56,81"
690,17:10,9,9,평택,3,"0,20,33"
691,17:11,1,1,서울역,8,"3,16,51,59,66,92,95,99"
691,17:11,10,10,인천공항,2,"70,84"
691,17:11,2,2,수서,10,"4,14,26,30,46,62,65,76,90,98"
691,17:11,3,3,삼성,9,"19,23,28,40,48,60,72,78,86"
691,17:11,4,4,여의도,15,"10,36,43,44,45,47,50,52,54,55,58,69,74,80,97"
691,17:11,5,5,김포공항,7,"2,7,8,17,31,57,67"
691,17:11,6,6,일산,5,"15,42,49,73,89"
691,17:11,7,7,판교,2,"56,81"
691,17:11,9,9,평택,4,"0,20,33,79"
692,17:12,1,1,서울역,8,"3,16,51,59,63,66,92,99"
692,17:12,10,10,인천공항,2,"70,84"
692,17:12,2,2,수서,9,"4,14,26,30,46,62,65,76,90"
692,17:12,3,3,삼성,10,"23,28,40,41,48,60,72,78,83,86"
692,17:12,4,4,여의도,15,"10,36,43,44,45,47,50,52,54,55,58,69,74,80,88"
692,17:12,5,5,김포공항,8,"2,7,8,17,31,53,57,67"
692,17:12,6,6,일산,5,"15,42,49,73,89"
692,17:12,7,7,판교,2,"56,81"
692,17:12,9,9,평택,4,"0,20,33,79"
693,17:13,1,1,서울역,7,"3,16,63,66,92,94,99"
693,17:13,10,10,인천공항,2,"70,84"
693,17:13,2,2,수서,8,"4,14,25,26,30,65,76,90"
693,17:13,3,3,삼성,11,"23,28,32,40,41,48,60,72,78,83,86"
693,17:13,4,4,여의도,15,"10,11,35,36,43,44,45,47,50,52,55,58,74,80,88"
693,17:13,5,5,김포공항,7,"2,8,17,31,53,57,67"
693,17:13,6,6,일산,3,"42,49,89"
693,17:13,7,7,판교,2,"56,81"
693,17:13,9,9,평택,3,"20,33,79"
694,17:14,1,1,서울역,8,"3,13,16,63,66,92,94,99"
694,17:14,10,10,인천공항,2,"70,84"
694,17:14,2,2,수서,7,"4,14,25,26,30,65,90"
694,17:14,3,3,삼성,12,"23,28,32,40,41,48,60,72,78,83,86,93"
694,17:14,4,4,여의도,15,"10,11,35,36,43,44,47,50,52,55,58,74,75,80,88"
694,17:14,5,5,김포공항,7,"2,8,17,31,53,57,67"
694,17:14,6,6,일산,3,"42,49,89"
694,17:14,7,7,판교,1,56
694,17:14,9,9,평택,1,79
695,17:15,1,1,서울역,7,"3,13,22,66,92,94,99"
695,17:15,10,10,인천공항,3,"12,29,84"
695,17:15,2,2,수서,8,"4,6,14,25,26,27,30,71"
695,17:15,3,3,삼성,10,"23,32,40,41,48,72,78,83,86,93"
695,17:15,4,4,여의도,17,"9,10,11,35,36,37,43,44,47,50,52,55,58,74,75,80,88"
695,17:15,5,5,김포공항,8,"2,8,17,31,53,57,67,68"
695,17:15,6,6,일산,3,"42,49,89"
695,17:15,7,7,판교,2,"56,61"
695,17:15,9,9,평택,1,79
696,17:16,1,1,서울역,9,"3,13,22,38,39,66,92,94,99"
696,17:16,10,10,인천공항,3,"12,29,84"
696,17:16,2,2,수서,8,"4,6,14,25,26,27,30,71"
696,17:16,3,3,삼성,7,"41,48,72,78,83,86,93"
696,17:16,4,4,여의도,16,"9,10,11,35,37,43,44,47,50,52,55,58,74,75,80,88"
696,17:16,5,5,김포공항,7,"8,17,31,53,57,67,68"
696,17:16,6,6,일산,3,"42,49,89"
696,17:16,7,7,판교,3,"56,61,85"
696,17:16,9,9,평택,1,79
697,17:17,1,1,서울역,8,"13,21,22,38,39,66,94,99"
697,17:17,10,10,인천공항,3,"12,29,84"
697,17:17,2,2,수서,8,"4,6,14,25,26,27,30,71"
697,17:17,3,3,삼성,7,"41,48,72,78,83,86,93"
697,17:17,4,4,여의도,16,"9,11,24,35,37,43,44,47,52,55,58,64,74,75,80,88"
697,17:17,5,5,김포공항,7,"8,17,31,53,57,67,68"
697,17:17,6,6,일산,3,"42,49,89"
697,17:17,7,7,판교,5,"18,56,61,82,85"
697,17:17,9,9,평택,1,79
698,17:18,1,1,서울역,8,"13,21,22,38,39,66,94,99"
698,17:18,10,10,인천공항,3,"12,29,84"
698,17:18,2,2,수서,9,"4,6,14,25,26,27,30,71,97"
698,17:18,3,3,삼성,9,"5,41,48,72,77,78,86,93,95"
698,17:18,4,4,여의도,16,"9,11,24,35,37,43,44,47,52,55,58,64,74,75,80,88"
698,17:18,5,5,김포공항,9,"8,17,31,34,53,57,67,68,96"
698,17:18,6,6,일산,2,"49,89"
698,17:18,7,7,판교,5,"18,56,61,82,85"
698,17:18,9,9,평택,1,79
699,17:19,1,1,서울역,9,"13,21,22,38,39,66,94,98,99"
699,17:19,10,10,인천공항,3,"12,29,84"
699,17:19,2,2,수서,10,"4,6,14,25,26,27,30,69,71,97"
699,17:19,3,3,삼성,11,"5,41,48,59,72,77,78,86,91,93,95"
699,17:19,4,4,여의도,15,"9,11,24,37,43,44,46,47,55,58,64,74,75,80,88"
699,17:19,5,5,김포공항,8,"8,17,34,53,57,67,68,96"
699,17:19,6,6,일산,2,"49,89"
699,17:19,7,7,판교,5,"18,56,61,82,85"
699,17:19,9,9,평택,1,79
700,17:20,1,1,서울역,10,"13,21,22,38,39,62,66,94,98,99"
700,17:20,10,10,인천공항,3,"12,29,84"
700,17:20,2,2,수서,10,"4,6,14,25,26,27,30,69,71,97"
700,17:20,3,3,삼성,12,"5,41,48,54,59,72,77,78,86,91,93,95"
700,17:20,4,4,여의도,14,"9,11,24,37,43,44,46,47,55,58,75,76,80,88"
700,17:20,5,5,김포공항,5,"8,17,34,67,96"
700,17:20,6,6,일산,2,"49,89"
700,17:20,7,7,판교,6,"18,51,56,61,82,85"
700,17:20,9,9,평택,1,79
701,17:21,1,1,서울역,9,"13,21,38,39,60,62,66,98,99"
701,17:21,10,10,인천공항,3,"12,29,84"
701,17:21,2,2,수서,10,"4,6,7,14,25,26,27,30,69,97"
701,17:21,3,3,삼성,13,"5,45,48,54,59,63,72,77,78,86,91,93,95"
701,17:21,4,4,여의도,15,"11,24,37,44,46,47,55,58,65,75,76,80,81,87,88"
701,17:21,5,5,김포공항,4,"8,17,34,96"
701,17:21,6,6,일산,2,"49,89"
701,17:21,7,7,판교,6,"18,51,56,61,82,85"
701,17:21,9,9,평택,1,79
702,17:22,1,1,서울역,7,"13,21,38,60,62,98,99"
702,17:22,10,10,인천공항,3,"12,29,84"
702,17:22,2,2,수서,11,"4,6,7,14,25,26,27,30,36,69,97"
702,17:22,3,3,삼성,11,"5,45,48,54,59,63,77,78,86,93,95"
702,17:22,4,4,여의도,14,"11,24,37,44,46,47,58,65,75,76,80,81,87,88"
702,17:22,5,5,김포공항,4,"8,17,34,96"
702,17:22,6,6,일산,2,"49,89"
702,17:22,7,7,판교,5,"18,51,56,61,82"
702,17:22,9,9,평택,1,79
703,17:23,1,1,서울역,6,"13,38,60,62,98,99"
703,17:23,10,10,인천공항,4,"1,12,29,84"
703,17:23,2,2,수서,13,"4,6,7,10,14,25,26,27,30,36,50,69,97"
703,17:23,3,3,삼성,10,"5,45,54,59,63,73,77,78,93,95"
703,17:23,4,4,여의도,12,"11,23,24,37,44,46,47,65,76,81,87,88"
703,17:23,5,5,김포공항,5,"16,28,34,90,96"
703,17:23,6,6,일산,1,49
703,17:23,7,7,판교,5,"18,51,56,61,82"
703,17:23,9,9,평택,1,79
704,17:24,1,1,서울역,8,"2,13,38,60,62,83,98,99"
704,17:24,10,10,인천공항,4,"1,12,29,84"
704,17:24,2,2,수서,13,"3,6,7,10,14,25,26,27,30,36,50,69,92"
704,17:24,3,3,삼성,9,"45,54,59,63,73,77,78,93,95"
704,17:24,4,4,여의도,10,"11,23,44,46,47,65,76,81,87,88"
704,17:24,5,5,김포공항,6,"16,28,32,34,40,90"
704,17:24,6,6,일산,1,49
704,17:24,7,7,판교,5,"18,51,56,61,82"
705,17:25,1,1,서울역,8,"2,13,38,42,60,62,83,99"
705,17:25,10,10,인천공항,4,"1,12,29,84"
705,17:25,2,2,수서,12,"3,6,7,10,14,25,26,27,30,36,50,92"
705,17:25,3,3,삼성,8,"45,54,63,73,77,78,93,95"
705,17:25,4,4,여의도,10,"11,23,44,46,47,65,76,81,87,88"
705,17:25,5,5,김포공항,6,"16,28,32,34,40,90"
705,17:25,7,7,판교,5,"15,18,51,56,82"
706,17:26,1,1,서울역,6,"2,13,42,60,62,83"
706,17:26,10,10,인천공항,4,"1,12,29,84"
706,17:26,2,2,수서,10,"3,6,7,10,26,27,30,36,50,92"
706,17:26,3,3,삼성,7,"35,45,63,77,78,93,95"
706,17:26,4,4,여의도,9,"11,44,46,47,57,65,81,87,88"
706,17:26,5,5,김포공항,6,"16,28,32,34,40,90"
706,17:26,7,7,판교,5,"15,18,51,52,56"
707,17:27,1,1,서울역,6,"2,13,42,60,62,83"
707,17:27,10,10,인천공항,4,"1,12,19,29"
707,17:27,2,2,수서,10,"3,9,10,26,27,30,36,43,50,92"
707,17:27,3,3,삼성,9,"22,35,45,63,74,77,78,93,97"
707,17:27,4,4,여의도,9,"11,46,47,57,65,67,71,81,88"
707,17:27,5,5,김포공항,6,"16,28,32,34,40,90"
707,17:27,7,7,판교,5,"15,51,52,56,64"
708,17:28,1,1,서울역,8,"2,13,42,53,60,62,83,91"
708,17:28,10,10,인천공항,4,"1,12,19,29"
708,17:28,2,2,수서,10,"3,9,10,26,27,30,36,43,50,92"
708,17:28,3,3,삼성,9,"22,35,45,63,68,74,77,93,97"
708,17:28,4,4,여의도,11,"0,11,41,46,47,57,65,67,71,81,88"
708,17:28,5,5,김포공항,6,"16,28,32,34,40,90"
708,17:28,7,7,판교,5,"15,51,52,56,64"
709,17:29,1,1,서울역,10,"2,13,42,53,60,62,83,85,86,91"
709,17:29,10,10,인천공항,5,"1,12,19,29,31"
709,17:29,2,2,수서,13,"3,9,10,26,27,30,36,39,43,50,73,75,92"
709,17:29,3,3,삼성,10,"22,33,35,45,63,68,74,77,93,97"
709,17:29,4,4,여의도,10,"0,20,41,46,47,65,67,71,81,88"
709,17:29,5,5,김포공항,4,"16,32,34,40"
709,17:29,7,7,판교,5,"15,52,55,56,64"
710,17:30,1,1,서울역,11,"2,5,13,42,53,60,62,83,85,86,91"
710,17:30,10,10,인천공항,5,"1,12,19,29,31"
710,17:30,2,2,수서,14,"3,9,10,26,27,30,36,37,39,43,50,73,75,92"
710,17:30,3,3,삼성,11,"22,33,35,45,63,68,70,77,80,93,97"
710,17:30,4,4,여의도,10,"0,4,20,41,47,48,65,71,81,88"
710,17:30,5,5,김포공항,6,"16,32,34,40,66,72"
710,17:30,7,7,판교,7,"15,21,52,55,56,58,64"
711,17:31,1,1,서울역,8,"2,5,13,60,62,83,85,86"
711,17:31,10,10,인천공항,5,"1,12,19,29,31"
711,17:31,2,2,수서,13,"3,9,10,27,30,36,37,39,43,50,73,75,92"
711,17:31,3,3,삼성,11,"8,17,22,33,35,63,70,77,80,93,97"
711,17:31,4,4,여의도,11,"0,4,20,41,47,48,65,69,71,81,88"
711,17:31,5,5,김포공항,5,"16,32,40,66,72"
711,17:31,7,7,판교,8,"15,21,24,52,55,56,58,64"
712,17:32,1,1,서울역,8,"2,5,13,49,62,83,85,86"
712,17:32,10,10,인천공항,5,"1,12,19,29,31"
712,17:32,2,2,수서,15,"3,9,10,27,30,36,37,39,43,50,73,75,76,92,98"
712,17:32,3,3,삼성,12,"8,17,22,33,38,63,70,77,80,93,96,97"
712,17:32,4,4,여의도,12,"0,4,14,20,41,47,48,65,69,71,81,88"
712,17:32,5,5,김포공항,5,"16,32,40,66,72"
712,17:32,7,7,판교,8,"15,21,24,52,55,56,58,64"
712,17:32,8,8,동탄/용인,1,61
713,17:33,1,1,서울역,8,"13,25,49,82,83,85,86,95"
713,17:33,10,10,인천공항,4,"1,12,19,31"
713,17:33,2,2,수서,13,"10,27,30,36,37,39,43,50,73,75,76,92,98"
713,17:33,3,3,삼성,12,"8,17,33,38,63,70,77,80,89,93,96,97"
713,17:33,4,4,여의도,13,"0,4,6,14,20,41,47,48,54,65,69,71,88"
713,17:33,5,5,김포공항,6,"16,32,40,59,66,72"
713,17:33,7,7,판교,7,"15,21,24,52,55,56,58"
713,17:33,8,8,동탄/용인,1,61
714,17:34,1,1,서울역,8,"7,25,49,82,83,85,86,95"
714,17:34,10,10,인천공항,5,"1,12,19,31,94"
714,17:34,2,2,수서,12,"10,30,36,37,39,43,45,73,75,76,92,98"
714,17:34,3,3,삼성,12,"8,17,33,38,63,70,77,80,87,89,93,96"
714,17:34,4,4,여의도,13,"0,4,6,14,18,20,41,48,54,65,69,71,88"
714,17:34,5,5,김포공항,6,"16,32,40,59,66,72"
714,17:34,7,7,판교,8,"15,21,24,44,52,55,56,58"
714,17:34,8,8,동탄/용인,1,61
715,17:35,1,1,서울역,8,"7,25,49,82,83,85,86,95"
715,17:35,10,10,인천공항,4,"1,12,19,94"
715,17:35,2,2,수서,12,"10,11,30,36,37,39,43,45,73,75,76,92"
715,17:35,3,3,삼성,11,"8,17,33,38,63,70,77,80,87,89,93"
715,17:35,4,4,여의도,14,"0,4,6,14,18,20,41,48,54,65,69,71,88,90"
715,17:35,5,5,김포공항,5,"32,40,59,66,72"
715,17:35,7,7,판교,8,"15,21,24,44,52,55,56,58"
715,17:35,8,8,동탄/용인,1,61
716,17:36,1,1,서울역,8,"7,25,49,82,83,85,86,95"
716,17:36,10,10,인천공항,4,"1,12,19,94"
716,17:36,2,2,수서,11,"10,11,30,37,39,43,45,73,75,76,92"
716,17:36,3,3,삼성,10,"8,17,33,38,63,70,77,87,89,93"
716,17:36,4,4,여의도,12,"4,6,14,18,20,41,51,54,65,69,71,90"
716,17:36,5,5,김포공항,6,"32,40,59,66,72,78"
716,17:36,7,7,판교,8,"15,21,24,44,52,55,56,57"
716,17:36,8,8,동탄/용인,1,61
717,17:37,1,1,서울역,9,"7,25,49,68,82,83,85,86,95"
717,17:37,10,10,인천공항,4,"1,12,19,94"
717,17:37,2,2,수서,11,"10,11,28,30,37,39,43,73,75,76,92"
717,17:37,3,3,삼성,12,"8,33,38,42,46,63,70,77,87,89,91,93"
717,17:37,4,4,여의도,14,"4,5,6,14,18,20,26,51,54,65,69,71,74,90"
717,17:37,5,5,김포공항,6,"32,40,59,66,72,78"
717,17:37,7,7,판교,8,"21,24,44,52,55,56,57,67"
717,17:37,8,8,동탄/용인,1,61
718,17:38,1,1,서울역,9,"7,25,49,68,82,83,85,86,95"
718,17:38,10,10,인천공항,5,"1,12,19,23,94"
718,17:38,2,2,수서,9,"10,11,28,30,37,43,73,75,92"
718,17:38,3,3,삼성,13,"8,33,42,46,60,63,70,77,87,89,91,93,98"
718,17:38,4,4,여의도,13,"4,5,6,14,18,20,26,51,54,65,69,71,74"
718,17:38,5,5,김포공항,6,"32,40,59,66,72,78"
718,17:38,7,7,판교,8,"21,24,44,52,55,56,57,67"
719,17:39,1,1,서울역,9,"7,22,25,49,68,82,85,86,95"
719,17:39,10,10,인천공항,5,"1,12,23,94,99"
719,17:39,2,2,수서,10,"10,11,28,30,37,43,73,75,81,92"
719,17:39,3,3,삼성,14,"8,33,36,42,46,60,62,63,77,87,89,91,93,98"
719,17:39,4,4,여의도,16,"3,4,5,6,14,18,20,26,35,51,65,69,71,74,79,84"
719,17:39,5,5,김포공항,6,"40,53,59,66,72,78"
719,17:39,7,7,판교,8,"21,24,44,52,55,56,57,67"
720,17:40,1,1,서울역,8,"9,22,25,49,68,82,86,95"
720,17:40,10,10,인천공항,5,"1,12,23,94,99"
720,17:40,2,2,수서,9,"10,11,28,30,37,43,73,81,92"
720,17:40,3,3,삼성,10,"36,42,46,60,62,63,77,89,93,98"
720,17:40,4,4,여의도,17,"3,4,6,14,18,20,26,27,35,51,64,65,69,71,74,79,84"
720,17:40,5,5,김포공항,3,"40,53,59"
720,17:40,7,7,판교,8,"2,21,24,52,55,56,57,67"
721,17:41,1,1,서울역,9,"9,22,25,49,68,82,86,95,96"
721,17:41,10,10,인천공항,6,"1,12,23,34,94,99"
721,17:41,2,2,수서,8,"10,11,28,37,43,73,81,92"
721,17:41,3,3,삼성,10,"36,42,46,47,60,62,63,89,93,98"
721,17:41,4,4,여의도,17,"3,4,6,14,18,20,26,27,35,51,64,65,69,71,74,79,84"
721,17:41,5,5,김포공항,3,"40,53,59"
721,17:41,7,7,판교,9,"2,13,21,24,52,55,56,57,67"
722,17:42,1,1,서울역,8,"9,25,49,68,82,86,95,96"
722,17:42,10,10,인천공항,6,"1,12,23,34,94,99"
722,17:42,2,2,수서,10,"0,10,11,28,37,43,73,81,88,92"
722,17:42,3,3,삼성,7,"42,46,47,60,62,63,98"
722,17:42,4,4,여의도,17,"3,4,6,14,18,20,26,27,35,51,64,65,69,71,74,79,84"
722,17:42,5,5,김포공항,4,"40,50,53,59"
722,17:42,7,7,판교,8,"2,13,21,24,52,55,56,67"
723,17:43,1,1,서울역,7,"9,17,49,68,82,86,96"
723,17:43,10,10,인천공항,5,"1,23,34,94,99"
723,17:43,2,2,수서,10,"0,10,11,28,37,43,73,81,88,92"
723,17:43,3,3,삼성,8,"16,42,46,47,60,62,63,98"
723,17:43,4,4,여의도,18,"3,4,6,14,18,20,26,27,35,45,51,58,64,69,74,79,80,84"
723,17:43,5,5,김포공항,4,"40,50,53,59"
723,17:43,7,7,판교,6,"2,13,21,24,48,56"
724,17:44,1,1,서울역,6,"9,17,68,82,86,96"
724,17:44,10,10,인천공항,5,"1,23,34,94,99"
724,17:44,2,2,수서,8,"0,10,11,28,37,43,81,88"
724,17:44,3,3,삼성,8,"16,42,46,47,60,62,63,98"
724,17:44,4,4,여의도,17,"3,14,15,18,20,26,27,35,45,51,58,64,74,76,79,80,84"
724,17:44,5,5,김포공항,4,"40,50,53,59"
724,17:44,6,6,일산,1,97
724,17:44,7,7,판교,6,"2,13,21,24,41,48"
725,17:45,1,1,서울역,7,"9,17,39,68,82,86,96"
725,17:45,10,10,인천공항,4,"1,23,34,94"
725,17:45,2,2,수서,8,"0,10,11,28,43,54,81,88"
725,17:45,3,3,삼성,9,"16,42,46,47,60,62,63,83,98"
725,17:45,4,4,여의도,16,"14,15,18,20,26,27,29,35,38,45,51,58,64,74,76,80"
725,17:45,5,5,김포공항,2,"40,50"
725,17:45,6,6,일산,1,97
725,17:45,7,7,판교,7,"2,13,21,24,41,48,90"
726,17:46,1,1,서울역,6,"39,82,86,87,91,96"
726,17:46,10,10,인천공항,3,"23,34,94"
726,17:46,2,2,수서,8,"0,10,11,28,43,54,81,88"
726,17:46,3,3,삼성,9,"16,42,46,47,60,62,83,85,98"
726,17:46,4,4,여의도,17,"14,15,18,20,26,27,29,35,38,45,51,58,64,66,72,76,78"
726,17:46,5,5,김포공항,2,"40,50"
726,17:46,6,6,일산,1,97
726,17:46,7,7,판교,7,"2,13,21,24,41,48,90"
727,17:47,1,1,서울역,7,"32,39,82,86,87,91,96"
727,17:47,10,10,인천공항,3,"23,34,94"
727,17:47,2,2,수서,8,"0,10,11,28,43,54,81,88"
727,17:47,3,3,삼성,9,"5,16,42,46,47,60,62,83,85"
727,17:47,4,4,여의도,17,"14,15,18,26,27,29,30,35,38,45,51,58,64,66,72,76,78"
727,17:47,5,5,김포공항,3,"40,50,70"
727,17:47,6,6,일산,2,"7,97"
727,17:47,7,7,판교,7,"2,13,21,24,41,48,90"
728,17:48,1,1,서울역,6,"32,39,86,87,91,96"
728,17:48,10,10,인천공항,3,"23,34,94"
728,17:48,2,2,수서,6,"0,10,28,43,54,88"
728,17:48,3,3,삼성,10,"5,16,22,42,46,47,60,61,83,85"
728,17:48,4,4,여의도,18,"14,15,18,26,27,29,30,35,38,45,51,58,64,66,72,76,77,78"
728,17:48,5,5,김포공항,4,"8,40,70,75"
728,17:48,6,6,일산,2,"7,97"
728,17:48,7,7,판교,7,"2,13,21,24,41,48,90"
729,17:49,1,1,서울역,6,"32,39,57,86,87,91"
729,17:49,10,10,인천공항,3,"23,34,94"
729,17:49,2,2,수서,8,"0,10,28,43,54,65,71,88"
729,17:49,3,3,삼성,9,"5,16,22,42,47,60,61,83,85"
729,17:49,4,4,여의도,14,"14,15,27,29,30,35,36,38,45,51,58,64,76,77"
729,17:49,5,5,김포공항,4,"8,40,70,75"
729,17:49,6,6,일산,2,"7,97"
729,17:49,7,7,판교,7,"2,13,21,24,41,48,90"
730,17:50,1,1,서울역,8,"32,39,52,55,57,86,87,91"
730,17:50,10,10,인천공항,3,"23,34,94"
730,17:50,2,2,수서,10,"0,4,6,28,43,54,65,71,88,95"
730,17:50,3,3,삼성,10,"5,16,22,31,42,47,60,61,83,85"
730,17:50,4,4,여의도,16,"14,15,27,29,30,35,36,38,45,51,58,67,73,76,77,92"
730,17:50,5,5,김포공항,5,"8,40,75,89,93"
730,17:50,6,6,일산,1,97
730,17:50,7,7,판교,6,"2,21,24,25,48,90"
731,17:51,1,1,서울역,8,"32,39,52,55,57,86,87,91"
731,17:51,10,10,인천공항,3,"23,34,94"
731,17:51,2,2,수서,9,"0,4,6,43,54,65,71,88,95"
731,17:51,3,3,삼성,10,"5,16,31,42,47,60,61,69,83,85"
731,17:51,4,4,여의도,16,"15,27,29,30,35,36,37,38,45,51,58,67,73,76,77,92"
731,17:51,5,5,김포공항,5,"8,40,75,89,93"
731,17:51,6,6,일산,2,"49,97"
731,17:51,7,7,판교,5,"2,21,24,25,48"
732,17:52,1,1,서울역,8,"32,39,52,55,57,63,86,87"
732,17:52,10,10,인천공항,3,"23,34,94"
732,17:52,2,2,수서,9,"0,4,6,43,54,65,71,88,95"
732,17:52,3,3,삼성,11,"3,5,17,31,42,47,60,61,69,83,85"
732,17:52,4,4,여의도,15,"15,29,30,35,36,37,38,45,51,58,67,73,76,77,92"
732,17:52,5,5,김포공항,5,"8,40,75,89,93"
732,17:52,6,6,일산,2,"49,97"
732,17:52,7,7,판교,6,"2,21,24,25,79,84"
732,17:52,9,9,평택,1,44
733,17:53,1,1,서울역,8,"32,39,52,55,57,63,86,87"
733,17:53,10,10,인천공항,3,"23,34,94"
733,17:53,2,2,수서,9,"0,4,6,43,54,65,71,88,95"
733,17:53,3,3,삼성,11,"3,17,31,42,60,61,69,74,80,83,85"
733,17:53,4,4,여의도,15,"15,29,30,35,36,37,38,45,51,58,67,73,76,77,92"
733,17:53,5,5,김포공항,5,"8,40,75,89,93"
733,17:53,6,6,일산,2,"49,97"
733,17:53,7,7,판교,6,"2,9,24,25,79,84"
733,17:53,9,9,평택,1,44
734,17:54,1,1,서울역,8,"32,39,52,55,57,63,86,87"
734,17:54,10,10,인천공항,2,"34,94"
734,17:54,2,2,수서,8,"0,4,6,43,65,71,88,95"
734,17:54,3,3,삼성,14,"3,17,19,20,31,42,60,61,69,74,80,82,83,85"
734,17:54,4,4,여의도,16,"11,15,30,35,36,37,38,45,50,51,58,67,73,76,77,92"
734,17:54,5,5,김포공항,6,"8,40,68,75,89,93"
734,17:54,6,6,일산,2,"49,97"
734,17:54,7,7,판교,6,"2,9,24,25,79,84"
734,17:54,9,9,평택,1,44
735,17:55,1,1,서울역,8,"32,39,46,52,55,63,86,87"
735,17:55,10,10,인천공항,4,"33,53,59,94"
735,17:55,2,2,수서,7,"0,4,6,26,65,71,95"
735,17:55,3,3,삼성,11,"19,20,31,42,60,61,69,74,80,82,85"
735,17:55,4,4,여의도,14,"11,15,30,36,37,38,50,51,58,67,73,76,77,92"
735,17:55,5,5,김포공항,6,"8,40,68,75,89,93"
735,17:55,6,6,일산,2,"49,97"
735,17:55,7,7,판교,5,"2,9,24,25,79"
736,17:56,1,1,서울역,4,"32,46,63,87"
736,17:56,10,10,인천공항,4,"33,53,59,94"
736,17:56,2,2,수서,7,"0,4,6,26,65,95,96"
736,17:56,3,3,삼성,10,"19,20,31,42,60,61,66,69,74,82"
736,17:56,4,4,여의도,14,"10,11,15,36,37,38,50,51,58,70,73,76,77,92"
736,17:56,5,5,김포공항,7,"8,40,62,68,75,89,93"
736,17:56,6,6,일산,3,"49,56,97"
736,17:56,7,7,판교,8,"2,9,18,24,25,72,78,79"
737,17:57,1,1,서울역,5,"22,32,46,63,87"
737,17:57,10,10,인천공항,4,"33,53,59,94"
737,17:57,2,2,수서,7,"4,6,14,26,65,95,96"
737,17:57,3,3,삼성,8,"19,20,31,42,60,66,74,82"
737,17:57,4,4,여의도,15,"10,11,13,15,36,37,38,51,58,70,73,76,77,92,99"
737,17:57,5,5,김포공항,5,"62,68,75,89,93"
737,17:57,6,6,일산,2,"56,97"
737,17:57,7,7,판교,9,"2,9,18,24,25,64,72,78,79"
738,17:58,1,1,서울역,7,"22,28,32,46,63,87,90"
738,17:58,10,10,인천공항,3,"33,53,59"
738,17:58,2,2,수서,7,"4,6,14,26,65,95,96"
738,17:58,3,3,삼성,8,"12,19,20,31,42,66,74,82"
738,17:58,4,4,여의도,15,"10,11,13,15,36,37,38,51,58,70,73,76,77,92,99"
738,17:58,5,5,김포공항,5,"62,68,75,89,93"
738,17:58,6,6,일산,2,"56,97"
738,17:58,7,7,판교,8,"2,9,18,24,25,64,72,78"
739,17:59,1,1,서울역,8,"22,28,32,46,48,63,87,90"
739,17:59,10,10,인천공항,3,"33,53,59"
739,17:59,2,2,수서,6,"4,14,26,91,95,96"
739,17:59,3,3,삼성,9,"12,19,20,27,42,66,71,74,82"
739,17:59,4,4,여의도,14,"10,11,13,15,36,37,38,51,58,73,76,77,92,99"
739,17:59,5,5,김포공항,5,"62,68,75,89,93"
739,17:59,6,6,일산,2,"56,81"
739,17:59,7,7,판교,7,"2,18,24,25,64,72,78"
740,18:00,1,1,서울역,7,"28,32,46,48,63,87,90"
740,18:00,10,10,인천공항,3,"33,53,59"
740,18:00,2,2,수서,6,"4,14,26,91,95,96"
740,18:00,3,3,삼성,7,"12,20,27,42,66,71,74"
740,18:00,4,4,여의도,14,"5,10,11,13,15,21,36,37,38,47,51,54,73,77"
740,18:00,5,5,김포공항,3,"16,62,93"
740,18:00,6,6,일산,2,"56,81"
740,18:00,7,7,판교,6,"2,18,25,64,72,78"
741,18:01,1,1,서울역,8,"17,28,32,46,48,63,87,90"
741,18:01,10,10,인천공항,3,"33,53,59"
741,18:01,2,2,수서,6,"14,26,35,91,95,96"
741,18:01,3,3,삼성,7,"1,12,20,27,66,71,74"
741,18:01,4,4,여의도,14,"5,10,11,13,15,21,36,37,38,47,54,73,77,88"
741,18:01,5,5,김포공항,3,"16,62,93"
741,18:01,6,6,일산,2,"56,81"
741,18:01,7,7,판교,7,"2,18,25,29,64,72,78"
742,18:02,1,1,서울역,9,"17,28,32,43,46,48,63,87,90"
742,18:02,10,10,인천공항,4,"33,53,59,98"
742,18:02,2,2,수서,7,"14,26,30,35,91,95,96"
742,18:02,3,3,삼성,6,"1,12,20,27,71,86"
742,18:02,4,4,여의도,15,"3,5,10,11,13,15,21,37,38,47,54,73,77,84,88"
742,18:02,5,5,김포공항,1,16
742,18:02,6,6,일산,4,"41,56,57,81"
742,18:02,7,7,판교,7,"2,7,18,25,29,45,64"
743,18:03,1,1,서울역,8,"17,28,32,43,46,48,63,90"
743,18:03,10,10,인천공항,4,"33,53,59,98"
743,18:03,2,2,수서,7,"14,26,30,35,55,91,95"
743,18:03,3,3,삼성,5,"1,12,27,71,86"
743,18:03,4,4,여의도,16,"0,3,5,10,11,13,21,37,38,47,54,73,77,80,84,88"
743,18:03,5,5,김포공항,1,83
743,18:03,6,6,일산,4,"41,56,57,81"
743,18:03,7,7,판교,8,"2,7,18,25,29,45,64,67"
744,18:04,1,1,서울역,9,"17,28,32,43,46,48,58,60,92"
744,18:04,10,10,인천공항,3,"33,59,98"
744,18:04,2,2,수서,7,"14,26,30,35,55,91,95"
744,18:04,3,3,삼성,5,"1,27,50,71,86"
744,18:04,4,4,여의도,17,"0,3,5,10,11,13,21,37,38,47,54,69,73,77,80,84,88"
744,18:04,5,5,김포공항,3,"52,83,85"
744,18:04,6,6,일산,4,"41,56,57,81"
744,18:04,7,7,판교,6,"2,7,18,29,45,67"
745,18:05,1,1,서울역,10,"17,28,32,40,43,48,58,60,79,92"
745,18:05,10,10,인천공항,3,"33,59,98"
745,18:05,2,2,수서,8,"8,14,26,30,35,55,91,95"
745,18:05,3,3,삼성,5,"1,27,50,71,86"
745,18:05,4,4,여의도,17,"0,3,5,10,11,13,21,37,38,47,54,65,69,73,80,84,88"
745,18:05,5,5,김포공항,4,"52,61,83,85"
745,18:05,6,6,일산,3,"41,56,57"
745,18:05,7,7,판교,6,"2,7,18,29,45,67"
746,18:06,1,1,서울역,13,"6,9,17,28,32,40,43,48,58,60,79,82,92"
746,18:06,10,10,인천공항,3,"33,59,98"
746,18:06,2,2,수서,8,"8,14,26,30,35,55,76,91"
746,18:06,3,3,삼성,6,"1,27,50,70,71,86"
746,18:06,4,4,여의도,17,"0,3,10,11,13,21,31,37,38,47,54,65,69,73,80,84,88"
746,18:06,5,5,김포공항,4,"52,61,83,85"
746,18:06,6,6,일산,3,"41,56,57"
746,18:06,7,7,판교,5,"2,7,18,29,45"
747,18:07,1,1,서울역,10,"6,9,17,28,40,43,48,60,79,82"
747,18:07,10,10,인천공항,3,"33,59,98"
747,18:07,2,2,수서,9,"8,14,22,26,30,35,55,76,91"
747,18:07,3,3,삼성,4,"27,50,70,86"
747,18:07,4,4,여의도,18,"0,3,4,10,13,21,24,31,34,38,47,54,65,69,73,80,84,88"
747,18:07,5,5,김포공항,3,"61,83,85"
747,18:07,6,6,일산,3,"41,56,57"
747,18:07,7,7,판교,5,"7,18,29,45,99"
748,18:08,1,1,서울역,12,"6,9,17,28,40,43,48,60,75,79,82,89"
748,18:08,10,10,인천공항,3,"33,59,98"
748,18:08,2,2,수서,11,"8,14,22,26,30,35,36,49,55,68,76"
748,18:08,3,3,삼성,3,"50,70,86"
748,18:08,4,4,여의도,16,"0,3,4,10,21,24,31,34,42,47,54,65,69,80,84,88"
748,18:08,5,5,김포공항,3,"19,83,85"
748,18:08,6,6,일산,3,"41,56,57"
748,18:08,7,7,판교,6,"7,18,29,45,51,99"
749,18:09,1,1,서울역,12,"6,9,17,28,40,43,48,60,75,79,82,89"
749,18:09,10,10,인천공항,4,"33,39,59,98"
749,18:09,2,2,수서,11,"8,14,22,26,30,35,36,49,55,68,76"
749,18:09,3,3,삼성,4,"23,50,70,86"
749,18:09,4,4,여의도,19,"0,3,4,10,21,24,31,34,42,47,54,65,69,72,74,78,80,84,88"
749,18:09,5,5,김포공항,2,"19,85"
749,18:09,6,6,일산,2,"56,57"
749,18:09,7,7,판교,6,"7,18,29,45,51,99"
750,18:10,1,1,서울역,13,"6,9,12,28,40,43,48,60,75,79,82,89,96"
750,18:10,10,10,인천공항,4,"33,39,59,98"
750,18:10,2,2,수서,11,"8,14,26,30,35,36,49,55,62,68,76"
750,18:10,3,3,삼성,5,"15,23,63,70,86"
750,18:10,4,4,여의도,20,"0,3,4,10,20,21,24,31,34,42,44,47,54,65,72,74,78,80,84,88"
750,18:10,5,5,김포공항,3,"19,66,85"
750,18:10,6,6,일산,2,"56,57"
750,18:10,7,7,판교,6,"7,18,29,45,51,99"
751,18:11,1,1,서울역,13,"6,9,12,16,28,40,43,48,60,64,79,82,96"
751,18:11,10,10,인천공항,4,"33,39,59,98"
751,18:11,2,2,수서,12,"8,14,26,30,35,36,49,55,62,76,77,90"
751,18:11,3,3,삼성,6,"15,23,25,63,70,86"
751,18:11,4,4,여의도,20,"0,3,4,10,20,21,24,31,34,42,44,47,54,65,72,74,78,80,84,88"
751,18:11,5,5,김포공항,4,"19,66,85,87"
751,18:11,6,6,일산,2,"56,57"
751,18:11,7,7,판교,7,"7,18,29,45,51,97,99"
752,18:12,1,1,서울역,12,"6,12,16,28,40,43,48,60,64,79,82,96"
752,18:12,10,10,인천공항,4,"33,39,59,98"
752,18:12,2,2,수서,12,"8,14,26,30,35,36,49,55,62,76,77,90"
752,18:12,3,3,삼성,5,"15,23,25,63,86"
752,18:12,4,4,여의도,19,"4,10,20,21,24,31,34,42,44,47,54,65,72,74,78,80,84,88,95"
752,18:12,5,5,김포공항,4,"19,66,85,87"
752,18:12,6,6,일산,3,"46,56,57"
752,18:12,7,7,판교,7,"7,18,29,45,51,97,99"
753,18:13,1,1,서울역,13,"6,12,16,28,40,43,48,60,64,67,79,82,96"
753,18:13,10,10,인천공항,4,"33,39,59,98"
753,18:13,2,2,수서,11,"8,14,26,30,35,36,49,55,76,77,90"
753,18:13,3,3,삼성,8,"5,15,23,25,32,63,86,94"
753,18:13,4,4,여의도,19,"4,10,20,21,24,31,34,42,44,47,54,65,72,74,78,80,84,88,95"
753,18:13,5,5,김포공항,4,"19,66,85,87"
753,18:13,6,6,일산,3,"46,56,57"
753,18:13,7,7,판교,6,"7,18,29,45,51,97"
754,18:14,1,1,서울역,10,"6,12,28,48,60,64,67,79,82,96"
754,18:14,10,10,인천공항,4,"33,39,59,98"
754,18:14,2,2,수서,13,"8,14,26,30,35,36,38,49,55,76,77,90,92"
754,18:14,3,3,삼성,9,"5,15,23,25,32,37,63,86,94"
754,18:14,4,4,여의도,21,"1,4,20,21,24,31,34,42,44,47,54,61,65,71,72,74,78,84,88,91,95"
754,18:14,5,5,김포공항,4,"19,66,85,87"
754,18:14,6,6,일산,3,"46,56,57"
754,18:14,7,7,판교,7,"7,11,18,29,45,51,97"
755,18:15,1,1,서울역,11,"6,12,28,48,52,60,64,67,79,82,96"
755,18:15,10,10,인천공항,4,"33,39,59,98"
755,18:15,2,2,수서,13,"8,14,26,30,35,36,38,49,55,76,77,90,92"
755,18:15,3,3,삼성,9,"5,15,23,25,32,37,63,86,94"
755,18:15,4,4,여의도,20,"1,4,20,21,24,27,31,34,42,44,47,54,61,65,71,74,78,84,88,91"
755,18:15,5,5,김포공항,5,"19,58,66,85,87"
755,18:15,6,6,일산,4,"46,56,57,73"
755,18:15,7,7,판교,7,"7,11,13,29,45,51,97"
756,18:16,1,1,서울역,10,"6,12,28,41,52,60,64,79,82,96"
756,18:16,10,10,인천공항,4,"33,39,59,98"
756,18:16,2,2,수서,12,"8,26,30,35,36,38,49,55,76,77,90,92"
756,18:16,3,3,삼성,9,"5,15,23,25,32,37,63,86,94"
756,18:16,4,4,여의도,18,"1,4,21,24,27,31,34,42,47,54,61,65,71,74,78,84,88,91"
756,18:16,5,5,김포공항,5,"19,58,66,85,87"
756,18:16,6,6,일산,4,"46,56,57,73"
756,18:16,7,7,판교,6,"7,11,13,45,51,97"
757,18:17,1,1,서울역,11,"6,12,22,41,52,60,64,79,82,83,96"
757,18:17,10,10,인천공항,4,"33,39,59,98"
757,18:17,2,2,수서,10,"26,30,36,38,49,55,76,77,90,92"
757,18:17,3,3,삼성,8,"5,15,23,32,37,69,86,94"
757,18:17,4,4,여의도,16,"1,4,21,24,27,31,34,47,50,54,71,74,78,84,88,91"
757,18:17,5,5,김포공항,5,"19,58,66,85,87"
757,18:17,6,6,일산,4,"46,56,57,73"
757,18:17,7,7,판교,8,"7,11,13,17,45,51,81,97"
758,18:18,1,1,서울역,10,"12,22,41,60,64,68,79,82,83,96"
758,18:18,10,10,인천공항,4,"33,39,59,98"
758,18:18,2,2,수서,11,"26,30,36,38,49,55,75,76,77,90,92"
758,18:18,3,3,삼성,8,"5,15,23,32,37,69,86,94"
758,18:18,4,4,여의도,16,"1,4,21,24,27,31,34,47,50,54,71,74,78,84,88,91"
758,18:18,5,5,김포공항,5,"19,58,66,85,87"
758,18:18,6,6,일산,3,"56,57,73"
758,18:18,7,7,판교,9,"7,11,13,17,45,51,81,89,97"
759,18:19,1,1,서울역,11,"12,22,41,60,64,68,79,82,83,95,96"
759,18:19,10,10,인천공항,4,"33,39,59,98"
759,18:19,2,2,수서,11,"26,30,36,38,49,55,75,76,77,90,92"
759,18:19,3,3,삼성,8,"0,3,23,32,37,69,86,94"
759,18:19,4,4,여의도,15,"1,21,24,27,31,34,47,50,54,71,74,78,84,88,91"
759,18:19,5,5,김포공항,5,"19,58,66,85,87"
759,18:19,6,6,일산,5,"2,9,56,57,73"
759,18:19,7,7,판교,9,"7,11,13,17,45,51,81,89,97"
759,18:19,9,9,평택,1,93
760,18:20,1,1,서울역,10,"12,22,41,62,64,68,79,82,95,96"
760,18:20,10,10,인천공항,3,"33,39,59"
760,18:20,2,2,수서,10,"26,30,36,38,49,55,75,76,90,92"
760,18:20,3,3,삼성,9,"0,3,23,32,37,40,43,69,86"
760,18:20,4,4,여의도,13,"24,27,31,34,47,50,54,71,74,78,84,88,91"
760,18:20,5,5,김포공항,2,"19,70"
760,18:20,6,6,일산,4,"2,9,57,73"
760,18:20,7,7,판교,9,"11,13,17,45,51,53,81,89,97"
760,18:20,9,9,평택,1,93
761,18:21,1,1,서울역,10,"12,22,41,62,64,68,79,82,95,96"
761,18:21,10,10,인천공항,3,"33,39,59"
761,18:21,2,2,수서,10,"26,30,36,38,49,55,75,76,90,92"
761,18:21,3,3,삼성,10,"0,3,10,23,32,37,40,43,69,86"
761,18:21,4,4,여의도,13,"24,27,31,34,47,50,54,71,74,78,84,88,91"
761,18:21,5,5,김포공항,2,"19,70"
761,18:21,6,6,일산,3,"2,9,57"
761,18:21,7,7,판교,10,"11,13,17,45,51,53,80,81,89,97"
761,18:21,9,9,평택,1,93
762,18:22,1,1,서울역,7,"12,22,62,64,68,82,96"
762,18:22,10,10,인천공항,3,"33,39,59"
762,18:22,2,2,수서,9,"36,38,44,49,55,75,76,90,92"
762,18:22,3,3,삼성,11,"0,3,10,23,37,40,43,48,69,72,86"
762,18:22,4,4,여의도,13,"24,27,31,34,47,50,54,71,74,78,84,88,91"
762,18:22,5,5,김포공항,3,"16,19,70"
762,18:22,6,6,일산,2,"2,9"
762,18:22,7,7,판교,10,"11,13,17,45,51,53,80,81,89,97"
762,18:22,9,9,평택,1,93
763,18:23,1,1,서울역,8,"12,14,22,62,64,68,82,96"
763,18:23,10,10,인천공항,3,"33,39,59"
763,18:23,2,2,수서,9,"36,42,44,49,55,75,76,90,92"
763,18:23,3,3,삼성,10,"0,3,10,23,29,37,40,48,72,86"
763,18:23,4,4,여의도,14,"8,24,27,31,34,47,50,54,71,74,78,84,88,91"
763,18:23,5,5,김포공항,1,16
763,18:23,6,6,일산,2,"2,9"
763,18:23,7,7,판교,11,"11,13,17,45,51,53,67,80,81,89,97"
763,18:23,9,9,평택,1,93
764,18:24,1,1,서울역,9,"1,12,14,22,62,64,68,82,96"
764,18:24,10,10,인천공항,2,"39,59"
764,18:24,2,2,수서,8,"36,42,44,49,55,76,90,92"
764,18:24,3,3,삼성,11,"0,3,6,10,23,29,37,40,48,72,86"
764,18:24,4,4,여의도,14,"8,24,27,31,34,47,50,54,71,74,78,84,88,91"
764,18:24,5,5,김포공항,1,16
764,18:24,6,6,일산,2,"2,9"
764,18:24,7,7,판교,12,"11,13,17,28,51,53,61,67,80,81,89,97"
764,18:24,9,9,평택,1,93
765,18:25,1,1,서울역,8,"1,12,14,22,62,64,68,96"
765,18:25,10,10,인천공항,2,"39,59"
765,18:25,2,2,수서,10,"4,32,36,42,44,49,55,76,90,92"
765,18:25,3,3,삼성,8,"0,3,6,10,23,29,40,72"
765,18:25,4,4,여의도,13,"8,27,31,34,47,50,54,71,74,78,84,88,91"
765,18:25,5,5,김포공항,3,"16,35,63"
765,18:25,6,6,일산,3,"2,9,99"
765,18:25,7,7,판교,11,"11,13,17,28,51,53,61,67,80,81,97"
765,18:25,9,9,평택,1,93
766,18:26,1,1,서울역,8,"1,12,14,22,64,68,94,96"
766,18:26,10,10,인천공항,2,"39,59"
766,18:26,2,2,수서,8,"4,32,36,42,43,44,55,76"
766,18:26,3,3,삼성,7,"0,3,6,10,23,60,72"
766,18:26,4,4,여의도,17,"8,15,27,31,34,47,50,54,58,66,77,78,84,85,87,88,91"
766,18:26,5,5,김포공항,4,"16,35,52,63"
766,18:26,6,6,일산,3,"2,9,99"
766,18:26,7,7,판교,10,"11,13,17,28,51,61,67,80,81,97"
766,18:26,9,9,평택,1,93
767,18:27,1,1,서울역,7,"12,14,22,56,64,94,96"
767,18:27,10,10,인천공항,2,"39,59"
767,18:27,2,2,수서,7,"4,32,36,42,43,44,76"
767,18:27,3,3,삼성,7,"0,3,6,21,23,60,72"
767,18:27,4,4,여의도,18,"7,8,15,27,31,34,47,50,54,58,66,77,78,84,85,87,88,91"
767,18:27,5,5,김포공항,4,"16,35,52,63"
767,18:27,6,6,일산,5,"2,9,18,25,99"
767,18:27,7,7,판교,9,"11,13,17,28,51,67,80,81,97"
767,18:27,8,8,동탄/용인,1,20
767,18:27,9,9,평택,1,93
768,18:28,1,1,서울역,7,"12,14,22,56,64,94,96"
768,18:28,10,10,인천공항,2,"39,59"
768,18:28,2,2,수서,8,"4,32,37,42,43,48,76,86"
768,18:28,3,3,삼성,7,"0,3,6,21,60,72,79"
768,18:28,4,4,여의도,18,"7,8,15,30,31,34,47,50,54,58,66,77,78,84,85,87,88,91"
768,18:28,5,5,김포공항,3,"35,52,63"
768,18:28,6,6,일산,4,"9,18,25,99"
768,18:28,7,7,판교,8,"11,13,17,28,51,67,80,81"
768,18:28,8,8,동탄/용인,2,"20,65"
769,18:29,1,1,서울역,7,"12,14,22,56,57,64,96"
769,18:29,10,10,인천공항,2,"39,59"
769,18:29,2,2,수서,9,"4,32,37,40,42,43,48,76,86"
769,18:29,3,3,삼성,7,"0,3,6,21,60,72,79"
769,18:29,4,4,여의도,13,"7,8,15,30,31,34,47,50,54,70,78,84,91"
769,18:29,5,5,김포공항,2,"35,63"
769,18:29,6,6,일산,3,"9,18,25"
769,18:29,7,7,판교,8,"13,17,28,41,51,67,80,95"
769,18:29,8,8,동탄/용인,2,"20,65"
770,18:30,1,1,서울역,7,"12,14,22,56,57,64,96"
770,18:30,10,10,인천공항,2,"39,59"
770,18:30,2,2,수서,9,"4,32,37,40,42,43,48,76,86"
770,18:30,3,3,삼성,7,"0,3,6,21,60,72,79"
770,18:30,4,4,여의도,12,"7,8,15,30,31,34,47,50,54,70,78,84"
770,18:30,5,5,김포공항,2,"26,35"
770,18:30,6,6,일산,2,"9,18"
770,18:30,7,7,판교,7,"17,28,41,51,67,80,95"
770,18:30,8,8,동탄/용인,2,"20,65"
771,18:31,1,1,서울역,9,"12,14,22,45,56,57,64,75,96"
771,18:31,10,10,인천공항,2,"39,59"
771,18:31,2,2,수서,9,"4,19,23,40,42,43,48,76,86"
771,18:31,3,3,삼성,6,"0,6,21,60,79,82"
771,18:31,4,4,여의도,12,"7,8,15,30,31,34,47,50,54,70,78,84"
771,18:31,5,5,김포공항,2,"26,38"
771,18:31,6,6,일산,2,"9,18"
771,18:31,7,7,판교,7,"17,28,41,51,67,80,95"
771,18:31,8,8,동탄/용인,2,"20,65"
772,18:32,1,1,서울역,11,"12,14,22,29,45,56,57,64,75,89,96"
772,18:32,10,10,인천공항,2,"39,59"
772,18:32,2,2,수서,10,"4,19,23,40,42,43,48,74,76,86"
772,18:32,3,3,삼성,8,"0,6,21,24,60,62,79,82"
772,18:32,4,4,여의도,11,"7,8,15,30,34,47,50,54,78,84,90"
772,18:32,5,5,김포공항,2,"26,38"
772,18:32,6,6,일산,2,"9,18"
772,18:32,7,7,판교,4,"28,41,51,80"
772,18:32,8,8,동탄/용인,3,"20,65,83"
773,18:33,1,1,서울역,12,"10,12,14,29,45,57,64,75,89,92,96,98"
773,18:33,10,10,인천공항,2,"39,59"
773,18:33,2,2,수서,10,"4,19,23,40,42,43,48,74,76,86"
773,18:33,3,3,삼성,9,"0,6,21,24,60,62,71,79,82"
773,18:33,4,4,여의도,11,"7,8,15,30,34,47,50,54,78,84,90"
773,18:33,5,5,김포공항,2,"26,38"
773,18:33,6,6,일산,3,"9,18,69"
773,18:33,7,7,판교,4,"28,41,51,80"
773,18:33,8,8,동탄/용인,2,"65,83"
774,18:34,1,1,서울역,12,"10,12,14,29,45,57,61,64,89,92,96,98"
774,18:34,10,10,인천공항,2,"5,59"
774,18:34,2,2,수서,10,"4,19,40,42,43,48,68,74,76,86"
774,18:34,3,3,삼성,9,"0,6,21,24,60,62,71,79,82"
774,18:34,4,4,여의도,11,"7,8,15,30,34,47,50,54,78,84,90"
774,18:34,5,5,김포공항,3,"26,38,49"
774,18:34,6,6,일산,3,"9,18,69"
774,18:34,7,7,판교,4,"1,28,41,80"
774,18:34,8,8,동탄/용인,2,"65,83"
775,18:35,1,1,서울역,12,"10,12,14,36,45,57,61,64,92,96,97,98"
775,18:35,10,10,인천공항,2,"5,59"
775,18:35,2,2,수서,10,"4,19,40,42,43,48,68,74,76,86"
775,18:35,3,3,삼성,9,"0,6,21,24,27,62,71,79,82"
775,18:35,4,4,여의도,10,"7,8,30,34,47,50,52,54,84,90"
775,18:35,5,5,김포공항,4,"26,38,49,55"
775,18:35,6,6,일산,3,"9,18,69"
775,18:35,7,7,판교,4,"1,28,41,80"
775,18:35,8,8,동탄/용인,2,"65,83"
776,18:36,1,1,서울역,11,"12,14,36,45,57,61,64,81,92,96,97"
776,18:36,10,10,인천공항,2,"5,59"
776,18:36,2,2,수서,10,"4,19,40,42,43,48,68,74,76,86"
776,18:36,3,3,삼성,11,"0,6,11,16,21,24,27,62,79,82,88"
776,18:36,4,4,여의도,12,"8,30,33,34,47,50,52,54,63,84,90,99"
776,18:36,5,5,김포공항,5,"26,38,44,49,55"
776,18:36,6,6,일산,5,"9,58,69,77,94"
776,18:36,7,7,판교,6,"1,28,41,66,80,85"
776,18:36,8,8,동탄/용인,2,"65,83"
777,18:37,1,1,서울역,10,"12,13,14,25,36,57,81,92,96,97"
777,18:37,10,10,인천공항,1,59
777,18:37,2,2,수서,8,"4,19,42,43,48,68,74,76"
777,18:37,3,3,삼성,12,"0,6,11,16,21,24,27,62,79,82,88,91"
777,18:37,4,4,여의도,15,"8,30,32,33,34,35,37,47,50,52,54,63,84,90,99"
777,18:37,5,5,김포공항,5,"26,38,44,49,55"
777,18:37,6,6,일산,5,"9,58,69,77,94"
777,18:37,7,7,판교,6,"1,28,41,66,80,85"
777,18:37,8,8,동탄/용인,2,"65,83"
778,18:38,1,1,서울역,9,"12,13,14,25,36,57,81,92,96"
778,18:38,10,10,인천공항,1,59
778,18:38,2,2,수서,7,"4,19,42,43,48,68,76"
778,18:38,3,3,삼성,11,"0,11,16,21,24,27,62,79,82,88,91"
778,18:38,4,4,여의도,15,"3,8,30,32,33,34,35,37,47,50,54,63,84,90,99"
778,18:38,5,5,김포공항,5,"26,38,44,49,55"
778,18:38,6,6,일산,5,"53,58,69,77,94"
778,18:38,7,7,판교,6,"1,28,41,66,80,85"
778,18:38,8,8,동탄/용인,2,"65,83"
778,18:38,9,9,평택,1,46
779,18:39,1,1,서울역,9,"12,13,14,25,36,57,81,92,96"
779,18:39,10,10,인천공항,1,59
779,18:39,2,2,수서,7,"4,19,42,48,68,71,76"
779,18:39,3,3,삼성,13,"0,11,16,21,22,24,27,31,62,79,82,88,91"
779,18:39,4,4,여의도,15,"3,8,17,30,32,33,34,35,37,47,50,54,84,90,99"
779,18:39,5,5,김포공항,5,"26,38,44,49,55"
779,18:39,6,6,일산,5,"53,58,69,77,94"
779,18:39,7,7,판교,6,"1,28,41,66,80,85"
779,18:39,8,8,동탄/용인,2,"65,83"
779,18:39,9,9,평택,1,46
780,18:40,1,1,서울역,7,"13,14,36,57,81,92,96"
780,18:40,10,10,인천공항,1,59
780,18:40,2,2,수서,8,"4,19,42,48,56,68,71,76"
780,18:40,3,3,삼성,8,"11,16,21,22,27,31,62,88"
780,18:40,4,4,여의도,14,"3,8,17,32,33,34,35,37,47,50,54,84,90,99"
780,18:40,5,5,김포공항,2,"26,55"
780,18:40,6,6,일산,3,"53,69,94"
780,18:40,7,7,판교,3,"1,28,41"
780,18:40,8,8,동탄/용인,3,"65,83,87"
780,18:40,9,9,평택,1,46
781,18:41,1,1,서울역,7,"13,14,36,57,81,92,96"
781,18:41,10,10,인천공항,1,59
781,18:41,2,2,수서,10,"4,19,42,48,56,68,71,75,76,78"
781,18:41,3,3,삼성,7,"11,16,22,29,31,62,88"
781,18:41,4,4,여의도,12,"3,8,17,32,33,34,35,37,50,54,84,99"
781,18:41,6,6,일산,3,"69,72,94"
781,18:41,7,7,판교,3,"1,28,41"
781,18:41,8,8,동탄/용인,3,"65,83,87"
781,18:41,9,9,평택,2,"46,73"
782,18:42,1,1,서울역,6,"13,14,36,57,92,96"
782,18:42,10,10,인천공항,1,59
782,18:42,2,2,수서,9,"4,19,48,56,68,71,75,76,78"
782,18:42,3,3,삼성,7,"10,11,15,16,22,29,31"
782,18:42,4,4,여의도,10,"3,8,17,32,34,35,37,50,54,84"
782,18:42,5,5,김포공항,1,23
782,18:42,6,6,일산,4,"69,72,89,94"
782,18:42,7,7,판교,3,"1,28,41"
782,18:42,8,8,동탄/용인,3,"65,83,87"
782,18:42,9,9,평택,2,"46,73"
783,18:43,1,1,서울역,7,"13,14,18,36,57,92,96"
783,18:43,10,10,인천공항,1,59
783,18:43,2,2,수서,10,"4,19,24,48,56,68,71,75,76,78"
783,18:43,3,3,삼성,8,"7,10,11,15,16,22,29,31"
783,18:43,4,4,여의도,11,"3,8,17,32,34,35,37,50,54,84,93"
783,18:43,5,5,김포공항,1,23
783,18:43,6,6,일산,4,"69,72,89,94"
783,18:43,7,7,판교,2,"1,41"
783,18:43,8,8,동탄/용인,4,"65,70,83,87"
783,18:43,9,9,평택,2,"46,73"
784,18:44,1,1,서울역,5,"13,18,36,40,92"
784,18:44,10,10,인천공항,1,59
784,18:44,2,2,수서,10,"4,24,27,48,56,68,71,75,76,78"
784,18:44,3,3,삼성,8,"7,10,11,15,16,22,29,31"
784,18:44,4,4,여의도,11,"3,8,17,32,34,37,50,54,74,84,93"
784,18:44,5,5,김포공항,2,"23,51"
784,18:44,6,6,일산,5,"67,69,89,94,95"
784,18:44,7,7,판교,3,"1,45,64"
784,18:44,8,8,동탄/용인,4,"65,70,83,87"
784,18:44,9,9,평택,1,73
785,18:45,1,1,서울역,5,"13,18,36,40,92"
785,18:45,10,10,인천공항,1,59
785,18:45,2,2,수서,10,"4,24,27,48,56,62,68,75,76,78"
785,18:45,3,3,삼성,7,"7,10,11,15,16,22,29"
785,18:45,4,4,여의도,10,"3,6,8,32,34,37,54,74,84,93"
785,18:45,5,5,김포공항,3,"23,51,86"
785,18:45,6,6,일산,5,"67,69,89,94,95"
785,18:45,7,7,판교,4,"1,45,52,64"
785,18:45,8,8,동탄/용인,5,"60,65,70,83,87"
785,18:45,9,9,평택,1,73
786,18:46,1,1,서울역,7,"18,36,40,79,82,91,92"
786,18:46,10,10,인천공항,1,59
786,18:46,2,2,수서,9,"27,30,48,56,62,68,75,76,78"
786,18:46,3,3,삼성,7,"7,10,11,12,15,22,29"
786,18:46,4,4,여의도,13,"3,6,8,32,34,37,38,44,49,54,74,84,93"
786,18:46,5,5,김포공항,4,"23,51,86,97"
786,18:46,6,6,일산,5,"67,69,89,94,95"
786,18:46,7,7,판교,4,"45,52,63,64"
786,18:46,8,8,동탄/용인,4,"60,70,83,87"
786,18:46,9,9,평택,1,73
787,18:47,1,1,서울역,11,"18,39,40,58,66,77,79,80,82,91,92"
787,18:47,10,10,인천공항,1,59
787,18:47,2,2,수서,8,"30,48,56,62,68,75,76,78"
787,18:47,3,3,삼성,6,"7,10,11,12,15,22"
787,18:47,4,4,여의도,16,"0,3,6,8,26,32,34,37,38,44,49,54,74,84,85,93"
787,18:47,5,5,김포공항,5,"23,43,51,86,97"
787,18:47,6,6,일산,5,"67,69,89,94,95"
787,18:47,7,7,판교,5,"25,45,52,63,64"
787,18:47,8,8,동탄/용인,4,"60,70,83,87"
787,18:47,9,9,평택,1,73
788,18:48,1,1,서울역,13,"18,39,40,53,58,66,77,79,80,82,88,91,92"
788,18:48,10,10,인천공항,1,59
788,18:48,2,2,수서,8,"30,48,56,62,68,75,76,78"
788,18:48,3,3,삼성,8,"7,10,11,12,15,22,47,90"
788,18:48,4,4,여의도,16,"0,3,6,8,26,32,34,37,38,42,44,49,74,84,85,93"
788,18:48,5,5,김포공항,5,"23,43,51,86,97"
788,18:48,6,6,일산,7,"5,55,67,69,89,94,95"
788,18:48,7,7,판교,5,"25,45,52,63,64"
788,18:48,8,8,동탄/용인,5,"60,70,83,87,98"
788,18:48,9,9,평택,2,"2,73"
789,18:49,1,1,서울역,11,"18,39,40,53,58,66,77,80,88,91,92"
789,18:49,10,10,인천공항,1,59
789,18:49,2,2,수서,8,"30,48,56,62,68,75,76,78"
789,18:49,3,3,삼성,8,"7,10,11,12,15,33,47,90"
789,18:49,4,4,여의도,12,"0,3,6,26,34,37,42,49,74,84,85,93"
789,18:49,5,5,김포공항,5,"21,23,43,51,86"
789,18:49,6,6,일산,6,"5,55,67,69,94,95"
789,18:49,7,7,판교,6,"25,45,52,63,64,81"
789,18:49,8,8,동탄/용인,6,"60,61,70,83,87,98"
789,18:49,9,9,평택,2,"2,73"
790,18:50,1,1,서울역,7,"18,39,40,53,88,91,92"
790,18:50,10,10,인천공항,1,59
790,18:50,2,2,수서,7,"30,48,56,62,68,75,76"
790,18:50,3,3,삼성,10,"7,10,11,12,14,28,33,47,57,90"
790,18:50,4,4,여의도,13,"0,3,6,19,26,34,37,42,49,74,84,85,93"
790,18:50,5,5,김포공항,5,"21,23,43,51,86"
790,18:50,6,6,일산,6,"5,20,55,69,94,95"
790,18:50,7,7,판교,6,"25,45,52,63,64,81"
790,18:50,8,8,동탄/용인,5,"60,61,83,87,98"
790,18:50,9,9,평택,2,"2,73"
791,18:51,1,1,서울역,7,"18,31,39,40,72,91,92"
791,18:51,10,10,인천공항,1,59
791,18:51,2,2,수서,7,"30,48,50,56,68,75,76"
791,18:51,3,3,삼성,12,"7,10,11,12,14,28,33,35,41,47,57,90"
791,18:51,4,4,여의도,12,"0,6,19,26,34,37,42,49,74,84,85,93"
791,18:51,5,5,김포공항,4,"21,43,51,86"
791,18:51,6,6,일산,6,"5,20,55,69,94,95"
791,18:51,7,7,판교,6,"25,45,52,63,64,81"
791,18:51,8,8,동탄/용인,4,"60,61,83,87"
791,18:51,9,9,평택,2,"2,73"
792,18:52,1,1,서울역,6,"31,39,40,71,72,92"
792,18:52,10,10,인천공항,1,59
792,18:52,2,2,수서,4,"22,30,50,76"
792,18:52,3,3,삼성,12,"10,11,12,13,14,17,28,35,41,47,57,90"
792,18:52,4,4,여의도,12,"0,6,19,24,26,34,37,42,74,84,85,93"
792,18:52,5,5,김포공항,4,"21,43,51,86"
792,18:52,6,6,일산,5,"5,20,55,69,95"
792,18:52,7,7,판교,5,"25,45,52,64,81"
792,18:52,8,8,동탄/용인,3,"60,83,87"
792,18:52,9,9,평택,2,"2,73"
793,18:53,1,1,서울역,6,"31,39,40,71,72,92"
793,18:53,10,10,인천공항,1,59
793,18:53,2,2,수서,4,"22,30,50,76"
793,18:53,3,3,삼성,11,"1,10,11,12,13,14,17,35,36,41,47"
793,18:53,4,4,여의도,9,"0,6,24,34,37,42,74,84,93"
793,18:53,5,5,김포공항,3,"21,51,86"
793,18:53,6,6,일산,4,"5,20,55,95"
793,18:53,7,7,판교,4,"45,52,64,81"
793,18:53,8,8,동탄/용인,4,"60,83,87,99"
793,18:53,9,9,평택,2,"2,73"
794,18:54,1,1,서울역,4,"27,39,40,71"
794,18:54,10,10,인천공항,1,59
794,18:54,2,2,수서,4,"22,30,50,76"
794,18:54,3,3,삼성,9,"1,10,11,12,13,14,17,35,36"
794,18:54,4,4,여의도,8,"0,6,24,37,42,74,84,93"
794,18:54,5,5,김포공항,4,"4,16,21,51"
794,18:54,6,6,일산,4,"5,20,55,95"
794,18:54,7,7,판교,4,"45,52,64,81"
794,18:54,8,8,동탄/용인,4,"60,83,87,99"
794,18:54,9,9,평택,1,73
795,18:55,1,1,서울역,4,"27,39,40,71"
795,18:55,10,10,인천공항,1,59
795,18:55,2,2,수서,3,"30,32,50"
795,18:55,3,3,삼성,9,"1,10,11,12,13,14,35,36,54"
795,18:55,4,4,여의도,8,"0,6,24,37,42,74,84,93"
795,18:55,5,5,김포공항,4,"4,16,21,51"
795,18:55,6,6,일산,4,"5,20,55,95"
795,18:55,7,7,판교,3,"45,52,64"
795,18:55,8,8,동탄/용인,4,"60,83,87,99"
795,18:55,9,9,평택,1,73
796,18:56,1,1,서울역,6,"15,27,39,40,71,89"
796,18:56,10,10,인천공항,1,59
796,18:56,2,2,수서,4,"28,30,32,50"
796,18:56,3,3,삼성,11,"1,8,10,11,12,13,14,35,36,54,65"
796,18:56,4,4,여의도,9,"0,6,24,37,42,74,78,84,93"
796,18:56,5,5,김포공항,4,"4,16,21,51"
796,18:56,6,6,일산,5,"5,55,79,82,95"
796,18:56,7,7,판교,4,"38,44,45,64"
796,18:56,8,8,동탄/용인,5,"60,83,87,96,99"
796,18:56,9,9,평택,1,73
797,18:57,1,1,서울역,6,"15,39,40,67,71,89"
797,18:57,10,10,인천공항,1,59
797,18:57,2,2,수서,6,"3,28,30,32,41,58"
797,18:57,3,3,삼성,11,"1,8,11,12,13,14,35,36,54,65,88"
797,18:57,4,4,여의도,6,"0,24,37,78,84,93"
797,18:57,5,5,김포공항,4,"4,16,21,51"
797,18:57,6,6,일산,7,"5,29,55,79,80,82,95"
797,18:57,7,7,판교,5,"38,44,45,64,66"
797,18:57,8,8,동탄/용인,5,"60,83,87,96,99"
797,18:57,9,9,평택,2,"73,98"
798,18:58,1,1,서울역,6,"15,33,40,67,71,89"
798,18:58,10,10,인천공항,1,59
798,18:58,2,2,수서,7,"3,28,30,32,41,53,58"
798,18:58,3,3,삼성,13,"1,8,11,12,13,14,18,35,36,54,65,88,91"
798,18:58,4,4,여의도,6,"0,24,37,78,84,93"
798,18:58,5,5,김포공항,4,"4,16,51,77"
798,18:58,6,6,일산,7,"5,29,55,79,80,82,95"
798,18:58,7,7,판교,4,"38,44,64,66"
798,18:58,8,8,동탄/용인,5,"60,83,87,96,99"
798,18:58,9,9,평택,2,"9,98"
799,18:59,1,1,서울역,8,"33,56,57,67,68,71,90,94"
799,18:59,10,10,인천공항,1,59
799,18:59,2,2,수서,7,"3,23,30,32,41,53,58"
799,18:59,3,3,삼성,10,"11,12,13,14,18,35,54,65,88,91"
799,18:59,4,4,여의도,8,"0,7,24,37,43,46,78,93"
799,18:59,5,5,김포공항,4,"4,16,51,77"
799,18:59,6,6,일산,5,"5,29,55,80,95"
799,18:59,7,7,판교,3,"49,64,66"
799,18:59,8,8,동탄/용인,4,"60,83,87,99"
799,18:59,9,9,평택,2,"9,98"
800,19:00,1,1,서울역,8,"33,56,57,67,68,71,90,94"
800,19:00,10,10,인천공항,1,59
800,19:00,2,2,수서,6,"3,23,30,32,41,53"
800,19:00,3,3,삼성,6,"11,13,18,26,54,91"
800,19:00,4,4,여의도,8,"0,7,25,37,43,46,78,93"
800,19:00,5,5,김포공항,4,"4,48,75,77"
800,19:00,6,6,일산,3,"5,55,95"
800,19:00,7,7,판교,2,"49,66"
800,19:00,8,8,동탄/용인,4,"60,83,87,99"
800,19:00,9,9,평택,2,"9,98"
801,19:01,1,1,서울역,7,"56,57,67,68,71,90,94"
801,19:01,10,10,인천공항,1,59
801,19:01,2,2,수서,6,"3,23,30,41,81,92"
801,19:01,3,3,삼성,6,"11,13,18,26,54,91"
801,19:01,4,4,여의도,8,"0,7,25,37,43,46,78,93"
801,19:01,5,5,김포공항,3,"4,48,75"
801,19:01,6,6,일산,3,"5,55,95"
801,19:01,7,7,판교,3,"31,49,66"
801,19:01,8,8,동탄/용인,3,"60,87,99"
801,19:01,9,9,평택,2,"9,98"
802,19:02,1,1,서울역,7,"56,57,67,68,70,71,90"
802,19:02,10,10,인천공항,1,59
802,19:02,2,2,수서,8,"1,3,23,30,41,61,81,92"
802,19:02,3,3,삼성,6,"11,13,18,26,54,91"
802,19:02,4,4,여의도,5,"0,7,25,46,93"
802,19:02,5,5,김포공항,4,"4,48,72,75"
802,19:02,6,6,일산,4,"5,55,62,95"
802,19:02,7,7,판교,3,"31,49,66"
802,19:02,8,8,동탄/용인,3,"60,87,99"
802,19:02,9,9,평택,2,"9,98"
803,19:03,1,1,서울역,6,"56,57,68,70,71,90"
803,19:03,10,10,인천공항,1,59
803,19:03,2,2,수서,11,"1,3,14,23,30,41,42,61,74,81,92"
803,19:03,3,3,삼성,6,"11,13,18,26,54,91"
803,19:03,4,4,여의도,5,"7,25,46,50,93"
803,19:03,5,5,김포공항,6,"4,22,48,72,75,76"
803,19:03,6,6,일산,4,"5,55,62,95"
803,19:03,7,7,판교,3,"31,49,66"
803,19:03,8,8,동탄/용인,3,"87,97,99"
803,19:03,9,9,평택,2,"9,98"
804,19:04,1,1,서울역,7,"24,56,57,68,70,71,90"
804,19:04,10,10,인천공항,1,59
804,19:04,2,2,수서,10,"1,3,14,23,41,42,61,74,81,92"
804,19:04,3,3,삼성,6,"6,11,13,26,53,54"
804,19:04,4,4,여의도,6,"7,10,25,46,50,93"
804,19:04,5,5,김포공항,6,"4,22,48,72,75,76"
804,19:04,6,6,일산,5,"5,55,62,63,95"
804,19:04,7,7,판교,3,"49,66,86"
804,19:04,8,8,동탄/용인,5,"47,85,87,97,99"
804,19:04,9,9,평택,1,98
805,19:05,1,1,서울역,4,"24,56,70,71"
805,19:05,10,10,인천공항,2,"19,59"
805,19:05,2,2,수서,11,"1,3,14,23,41,42,61,74,81,84,92"
805,19:05,3,3,삼성,5,"6,26,40,53,54"
805,19:05,4,4,여의도,5,"10,25,45,50,93"
805,19:05,5,5,김포공항,5,"4,22,48,75,76"
805,19:05,6,6,일산,5,"5,55,62,63,95"
805,19:05,7,7,판교,3,"39,66,86"
805,19:05,8,8,동탄/용인,7,"17,34,47,85,87,97,99"
805,19:05,9,9,평택,1,98
806,19:06,1,1,서울역,7,"12,24,28,35,56,65,70"
806,19:06,10,10,인천공항,2,"19,59"
806,19:06,2,2,수서,9,"1,3,23,41,61,74,81,84,92"
806,19:06,3,3,삼성,3,"6,40,53"
806,19:06,4,4,여의도,4,"10,25,45,51"
806,19:06,5,5,김포공항,3,"4,22,76"
806,19:06,6,6,일산,5,"5,55,62,63,95"
806,19:06,7,7,판교,5,"36,39,66,86,96"
806,19:06,8,8,동탄/용인,7,"17,34,47,85,87,97,99"
806,19:06,9,9,평택,1,98
807,19:07,1,1,서울역,7,"12,28,35,56,65,70,80"
807,19:07,10,10,인천공항,2,"19,59"
807,19:07,2,2,수서,9,"1,3,23,41,61,74,81,84,91"
807,19:07,3,3,삼성,2,"6,40"
807,19:07,4,4,여의도,4,"25,32,45,51"
807,19:07,5,5,김포공항,4,"4,15,22,76"
807,19:07,6,6,일산,4,"5,55,62,95"
807,19:07,7,7,판교,5,"36,39,66,86,96"
807,19:07,8,8,동탄/용인,6,"17,34,47,87,97,99"
807,19:07,9,9,평택,1,98
808,19:08,1,1,서울역,5,"12,28,35,65,80"
808,19:08,10,10,인천공항,2,"19,59"
808,19:08,2,2,수서,9,"1,23,33,41,61,74,81,84,91"
808,19:08,3,3,삼성,2,"6,40"
808,19:08,4,4,여의도,3,"25,32,51"
808,19:08,5,5,김포공항,4,"4,15,22,76"
808,19:08,6,6,일산,4,"5,52,55,95"
808,19:08,7,7,판교,5,"36,39,66,86,96"
808,19:08,8,8,동탄/용인,6,"17,34,47,87,97,99"
808,19:08,9,9,평택,1,98
809,19:09,1,1,서울역,1,80
809,19:09,10,10,인천공항,2,"19,59"
809,19:09,2,2,수서,8,"1,23,33,41,61,81,84,91"
809,19:09,3,3,삼성,6,"6,40,42,43,78,82"
809,19:09,4,4,여의도,2,"2,32"
809,19:09,5,5,김포공항,3,"4,15,44"
809,19:09,6,6,일산,4,"5,52,55,95"
809,19:09,7,7,판교,5,"36,39,66,86,96"
809,19:09,8,8,동탄/용인,7,"17,27,34,47,87,97,99"
809,19:09,9,9,평택,1,98
810,19:10,1,1,서울역,2,"50,80"
810,19:10,10,10,인천공항,3,"19,59,79"
810,19:10,2,2,수서,8,"1,31,33,41,61,81,84,91"
810,19:10,3,3,삼성,7,"0,40,42,43,78,82,92"
810,19:10,4,4,여의도,1,2
810,19:10,5,5,김포공항,2,"4,44"
810,19:10,6,6,일산,4,"5,52,55,95"
810,19:10,7,7,판교,6,"16,36,39,66,86,96"
810,19:10,8,8,동탄/용인,7,"17,27,34,47,87,97,99"
810,19:10,9,9,평택,1,98
811,19:11,1,1,서울역,3,"10,50,80"
811,19:11,10,10,인천공항,4,"19,29,59,79"
811,19:11,2,2,수서,6,"1,31,41,61,81,91"
811,19:11,3,3,삼성,7,"0,42,43,57,78,82,92"
811,19:11,4,4,여의도,1,2
811,19:11,5,5,김포공항,3,"4,44,67"
811,19:11,6,6,일산,4,"5,52,55,95"
811,19:11,7,7,판교,5,"16,36,66,86,96"
811,19:11,8,8,동탄/용인,7,"17,27,47,87,89,97,99"
811,19:11,9,9,평택,2,"38,98"
812,19:12,1,1,서울역,3,"10,50,80"
812,19:12,10,10,인천공항,4,"19,29,59,79"
812,19:12,2,2,수서,6,"1,31,41,61,81,91"
812,19:12,3,3,삼성,6,"0,42,57,71,82,92"
812,19:12,4,4,여의도,2,"11,13"
812,19:12,5,5,김포공항,4,"4,30,44,67"
812,19:12,6,6,일산,5,"5,52,55,64,95"
812,19:12,7,7,판교,7,"16,36,46,66,86,90,96"
812,19:12,8,8,동탄/용인,8,"17,21,27,47,87,89,97,99"
812,19:12,9,9,평택,2,"38,98"
813,19:13,1,1,서울역,4,"10,50,80,83"
813,19:13,10,10,인천공항,4,"19,29,59,79"
813,19:13,2,2,수서,6,"1,31,41,61,81,91"
813,19:13,3,3,삼성,6,"42,57,71,72,82,92"
813,19:13,4,4,여의도,3,"11,13,73"
813,19:13,5,5,김포공항,4,"4,30,44,67"
813,19:13,6,6,일산,7,"5,52,55,64,75,93,95"
813,19:13,7,7,판교,8,"16,26,36,46,66,86,90,96"
813,19:13,8,8,동탄/용인,9,"17,21,27,37,47,87,89,97,99"
813,19:13,9,9,평택,4,"38,69,85,98"
814,19:14,1,1,서울역,4,"10,50,80,83"
814,19:14,10,10,인천공항,4,"19,29,59,79"
814,19:14,2,2,수서,6,"1,31,41,61,81,91"
814,19:14,3,3,삼성,6,"42,70,71,72,82,92"
814,19:14,4,4,여의도,6,"3,11,13,53,63,73"
814,19:14,5,5,김포공항,5,"4,14,30,44,54"
814,19:14,6,6,일산,6,"5,55,64,75,93,95"
814,19:14,7,7,판교,8,"16,26,36,46,66,86,90,96"
814,19:14,8,8,동탄/용인,9,"17,21,27,37,47,87,94,97,99"
814,19:14,9,9,평택,6,"8,38,58,69,85,98"
815,19:15,1,1,서울역,5,"10,50,60,80,83"
815,19:15,10,10,인천공항,4,"19,29,59,79"
815,19:15,2,2,수서,7,"1,31,41,51,61,81,91"
815,19:15,3,3,삼성,6,"12,42,70,72,82,92"
815,19:15,4,4,여의도,5,"3,13,53,63,73"
815,19:15,5,5,김포공항,5,"4,14,24,44,54"
815,19:15,6,6,일산,7,"5,45,55,64,75,93,95"
815,19:15,7,7,판교,8,"16,26,36,46,56,66,86,96"
815,19:15,8,8,동탄/용인,8,"17,27,37,47,77,87,94,97"
815,19:15,9,9,평택,7,"8,38,58,69,85,88,98"
816,19:16,1,1,서울역,4,"10,50,60,80"
816,19:16,10,10,인천공항,4,"19,29,59,79"
816,19:16,2,2,수서,7,"1,31,41,51,61,81,91"
816,19:16,3,3,삼성,6,"12,42,70,72,82,92"
816,19:16,4,4,여의도,6,"3,13,23,53,63,73"
816,19:16,5,5,김포공항,5,"4,14,24,44,54"
816,19:16,6,6,일산,10,"5,25,35,45,55,64,65,75,93,95"
816,19:16,7,7,판교,8,"16,26,36,46,56,66,86,96"
816,19:16,8,8,동탄/용인,9,"7,17,27,37,47,77,87,94,97"
816,19:16,9,9,평택,6,"8,20,38,58,88,98"
817,19:17,1,1,서울역,5,"10,40,50,60,80"
817,19:17,10,10,인천공항,4,"19,29,59,79"
817,19:17,2,2,수서,7,"1,31,41,51,61,81,91"
817,19:17,3,3,삼성,7,"12,22,32,42,72,82,92"
817,19:17,4,4,여의도,7,"3,13,23,33,53,63,73"
817,19:17,5,5,김포공항,6,"4,14,24,44,54,74"
817,19:17,6,6,일산,11,"5,15,25,35,45,55,64,65,75,93,95"
817,19:17,7,7,판교,9,"6,16,26,36,46,56,66,86,96"
817,19:17,8,8,동탄/용인,8,"7,17,27,37,47,77,87,97"
817,19:17,9,9,평택,6,"8,20,38,58,88,98"
818,19:18,1,1,서울역,5,"10,40,50,60,80"
818,19:18,10,10,인천공항,4,"19,29,59,79"
818,19:18,2,2,수서,8,"1,31,41,51,61,71,81,91"
818,19:18,3,3,삼성,8,"12,22,32,42,62,72,82,92"
818,19:18,4,4,여의도,7,"3,13,23,33,53,63,73"
818,19:18,5,5,김포공항,6,"4,14,24,44,54,74"
818,19:18,6,6,일산,10,"5,15,25,35,45,55,65,75,93,95"
818,19:18,7,7,판교,9,"6,16,26,36,46,56,66,86,96"
818,19:18,8,8,동탄/용인,8,"7,17,27,37,47,77,87,97"
818,19:18,9,9,평택,6,"8,20,38,58,88,98"
819,19:19,1,1,서울역,6,"0,10,40,50,60,80"
819,19:19,10,10,인천공항,4,"19,29,59,79"
819,19:19,2,2,수서,8,"1,31,41,51,61,71,81,91"
819,19:19,3,3,삼성,9,"2,12,22,32,42,62,72,82,92"
819,19:19,4,4,여의도,8,"3,13,23,33,43,53,63,73"
819,19:19,5,5,김포공항,7,"4,14,24,44,54,74,84"
819,19:19,6,6,일산,9,"5,15,25,35,45,55,65,75,95"
819,19:19,7,7,판교,10,"6,16,26,36,46,56,66,76,86,96"
819,19:19,8,8,동탄/용인,8,"7,17,27,37,47,77,87,97"
819,19:19,9,9,평택,7,"8,18,20,38,58,88,98"
820,19:20,1,1,서울역,6,"0,10,40,50,60,80"
820,19:20,10,10,인천공항,4,"19,29,59,79"
820,19:20,2,2,수서,8,"1,31,41,51,61,71,81,91"
820,19:20,3,3,삼성,9,"2,12,22,32,42,62,72,82,92"
820,19:20,4,4,여의도,9,"3,13,23,33,43,53,63,73,83"
820,19:20,5,5,김포공항,7,"4,14,24,44,54,74,84"
820,19:20,6,6,일산,9,"5,15,25,35,45,55,65,75,95"
820,19:20,7,7,판교,10,"6,16,26,36,46,56,66,76,86,96"
820,19:20,8,8,동탄/용인,8,"7,17,27,37,47,77,87,97"
820,19:20,9,9,평택,7,"8,18,20,38,58,88,98"
821,19:21,1,1,서울역,6,"0,10,40,50,60,80"
821,19:21,10,10,인천공항,5,"19,29,49,59,79"
821,19:21,2,2,수서,9,"1,11,31,41,51,61,71,81,91"
821,19:21,3,3,삼성,9,"2,12,22,32,42,62,72,82,92"
821,19:21,4,4,여의도,9,"3,13,23,33,43,53,63,73,83"
821,19:21,5,5,김포공항,7,"4,14,24,44,54,74,84"
821,19:21,6,6,일산,9,"5,15,25,35,45,55,65,75,95"
821,19:21,7,7,판교,10,"6,16,26,36,46,56,66,76,86,96"
821,19:21,8,8,동탄/용인,8,"7,17,27,37,47,77,87,97"
821,19:21,9,9,평택,8,"8,18,20,38,58,68,88,98"
822,19:22,1,1,서울역,7,"0,10,40,50,60,80,90"
822,19:22,10,10,인천공항,5,"19,29,49,59,79"
822,19:22,2,2,수서,9,"1,11,31,41,51,61,71,81,91"
822,19:22,3,3,삼성,9,"2,12,22,32,42,62,72,82,92"
822,19:22,4,4,여의도,9,"3,13,23,33,43,53,63,73,83"
822,19:22,5,5,김포공항,7,"4,14,24,44,54,74,84"
822,19:22,6,6,일산,9,"5,15,25,35,45,55,65,75,95"
822,19:22,7,7,판교,10,"6,16,26,36,46,56,66,76,86,96"
822,19:22,8,8,동탄/용인,8,"7,17,27,37,47,77,87,97"
822,19:22,9,9,평택,8,"8,18,20,38,58,68,88,98"
823,19:23,1,1,서울역,9,"0,10,30,40,50,60,70,80,90"
823,19:23,10,10,인천공항,6,"9,19,29,49,59,79"
823,19:23,2,2,수서,9,"1,11,31,41,51,61,71,81,91"
823,19:23,3,3,삼성,9,"2,12,22,32,42,62,72,82,92"
823,19:23,4,4,여의도,9,"3,13,23,33,43,53,63,73,83"
823,19:23,5,5,김포공항,7,"4,14,24,44,54,74,84"
823,19:23,6,6,일산,9,"5,15,25,35,45,55,65,75,95"
823,19:23,7,7,판교,10,"6,16,26,36,46,56,66,76,86,96"
823,19:23,8,8,동탄/용인,8,"7,17,27,37,47,77,87,97"
823,19:23,9,9,평택,9,"8,18,20,38,48,58,68,88,98"
824,19:24,1,1,서울역,9,"0,10,30,40,50,60,70,80,90"
824,19:24,10,10,인천공항,6,"9,19,29,49,59,79"
824,19:24,2,2,수서,9,"1,11,31,41,51,61,71,81,91"
824,19:24,3,3,삼성,10,"2,12,22,32,42,52,62,72,82,92"
824,19:24,4,4,여의도,9,"3,13,23,33,43,53,63,73,83"
824,19:24,5,5,김포공항,7,"4,14,24,44,54,74,84"
824,19:24,6,6,일산,9,"5,15,25,35,45,55,65,75,95"
824,19:24,7,7,판교,10,"6,16,26,36,46,56,66,76,86,96"
824,19:24,8,8,동탄/용인,9,"7,17,27,37,47,57,77,87,97"
824,19:24,9,9,평택,9,"8,18,20,38,48,58,68,88,98"
825,19:25,1,1,서울역,9,"0,10,30,40,50,60,70,80,90"
825,19:25,10,10,인천공항,6,"9,19,29,49,59,79"
825,19:25,2,2,수서,10,"1,11,21,31,41,51,61,71,81,91"
825,19:25,3,3,삼성,10,"2,12,22,32,42,52,62,72,82,92"
825,19:25,4,4,여의도,9,"3,13,23,33,43,53,63,73,83"
825,19:25,5,5,김포공항,9,"4,14,24,34,44,54,64,74,84"
825,19:25,6,6,일산,9,"5,15,25,35,45,55,65,75,95"
825,19:25,7,7,판교,10,"6,16,26,36,46,56,66,76,86,96"
825,19:25,8,8,동탄/용인,9,"7,17,27,37,47,57,77,87,97"
825,19:25,9,9,평택,10,"8,18,20,28,38,48,58,68,88,98"
826,19:26,1,1,서울역,9,"0,10,30,40,50,60,70,80,90"
826,19:26,10,10,인천공항,6,"9,19,29,49,59,79"
826,19:26,2,2,수서,10,"1,11,21,31,41,51,61,71,81,91"
826,19:26,3,3,삼성,10,"2,12,22,32,42,52,62,72,82,92"
826,19:26,4,4,여의도,10,"3,13,23,33,43,53,63,73,83,93"
826,19:26,5,5,김포공항,9,"4,14,24,34,44,54,64,74,84"
826,19:26,6,6,일산,9,"5,15,25,35,45,55,65,75,95"
826,19:26,7,7,판교,10,"6,16,26,36,46,56,66,76,86,96"
826,19:26,8,8,동탄/용인,9,"7,17,27,37,47,57,77,87,97"
826,19:26,9,9,평택,10,"8,18,20,28,38,48,58,68,88,98"
827,19:27,1,1,서울역,9,"0,10,30,40,50,60,70,80,90"
827,19:27,10,10,인천공항,7,"9,19,29,39,49,59,79"
827,19:27,2,2,수서,10,"1,11,21,31,41,51,61,71,81,91"
827,19:27,3,3,삼성,10,"2,12,22,32,42,52,62,72,82,92"
827,19:27,4,4,여의도,10,"3,13,23,33,43,53,63,73,83,93"
827,19:27,5,5,김포공항,9,"4,14,24,34,44,54,64,74,84"
827,19:27,6,6,일산,9,"5,15,25,35,45,55,65,75,95"
827,19:27,7,7,판교,10,"6,16,26,36,46,56,66,76,86,96"
827,19:27,8,8,동탄/용인,9,"7,17,27,37,47,57,77,87,97"
827,19:27,9,9,평택,11,"8,18,20,28,38,48,58,68,78,88,98"
828,19:28,1,1,서울역,9,"0,10,30,40,50,60,70,80,90"
828,19:28,10,10,인천공항,7,"9,19,29,39,49,59,79"
828,19:28,2,2,수서,10,"1,11,21,31,41,51,61,71,81,91"
828,19:28,3,3,삼성,10,"2,12,22,32,42,52,62,72,82,92"
828,19:28,4,4,여의도,10,"3,13,23,33,43,53,63,73,83,93"
828,19:28,5,5,김포공항,9,"4,14,24,34,44,54,64,74,84"
828,19:28,6,6,일산,9,"5,15,25,35,45,55,65,75,95"
828,19:28,7,7,판교,10,"6,16,26,36,46,56,66,76,86,96"
828,19:28,8,8,동탄/용인,10,"7,17,27,37,47,57,67,77,87,97"
828,19:28,9,9,평택,11,"8,18,20,28,38,48,58,68,78,88,98"
829,19:29,1,1,서울역,9,"0,10,30,40,50,60,70,80,90"
829,19:29,10,10,인천공항,7,"9,19,29,39,49,59,79"
829,19:29,2,2,수서,10,"1,11,21,31,41,51,61,71,81,91"
829,19:29,3,3,삼성,10,"2,12,22,32,42,52,62,72,82,92"
829,19:29,4,4,여의도,10,"3,13,23,33,43,53,63,73,83,93"
829,19:29,5,5,김포공항,9,"4,14,24,34,44,54,64,74,84"
829,19:29,6,6,일산,9,"5,15,25,35,45,55,65,75,95"
829,19:29,7,7,판교,10,"6,16,26,36,46,56,66,76,86,96"
829,19:29,8,8,동탄/용인,10,"7,17,27,37,47,57,67,77,87,97"
829,19:29,9,9,평택,11,"8,18,20,28,38,48,58,68,78,88,98"
830,19:30,1,1,서울역,9,"0,10,30,40,50,60,70,80,90"
830,19:30,10,10,인천공항,7,"9,19,29,39,49,59,79"
830,19:30,2,2,수서,10,"1,11,21,31,41,51,61,71,81,91"
830,19:30,3,3,삼성,10,"2,12,22,32,42,52,62,72,82,92"
830,19:30,4,4,여의도,10,"3,13,23,33,43,53,63,73,83,93"
830,19:30,5,5,김포공항,9,"4,14,24,34,44,54,64,74,84"
830,19:30,6,6,일산,9,"5,15,25,35,45,55,65,75,95"
830,19:30,7,7,판교,10,"6,16,26,36,46,56,66,76,86,96"
830,19:30,8,8,동탄/용인,10,"7,17,27,37,47,57,67,77,87,97"
830,19:30,9,9,평택,11,"8,18,20,28,38,48,58,68,78,88,98"
831,19:31,1,1,서울역,9,"0,10,30,40,50,60,70,80,90"
831,19:31,10,10,인천공항,8,"9,19,29,39,49,59,79,89"
831,19:31,2,2,수서,10,"1,11,21,31,41,51,61,71,81,91"
831,19:31,3,3,삼성,10,"2,12,22,32,42,52,62,72,82,92"
831,19:31,4,4,여의도,10,"3,13,23,33,43,53,63,73,83,93"
831,19:31,5,5,김포공항,10,"4,14,24,34,44,54,64,74,84,94"
831,19:31,6,6,일산,9,"5,15,25,35,45,55,65,75,95"
831,19:31,7,7,판교,10,"6,16,26,36,46,56,66,76,86,96"
831,19:31,8,8,동탄/용인,10,"7,17,27,37,47,57,67,77,87,97"
831,19:31,9,9,평택,11,"8,18,20,28,38,48,58,68,78,88,98"
832,19:32,1,1,서울역,9,"0,10,30,40,50,60,70,80,90"
832,19:32,10,10,인천공항,9,"9,19,29,39,49,59,79,89,99"
832,19:32,2,2,수서,10,"1,11,21,31,41,51,61,71,81,91"
832,19:32,3,3,삼성,10,"2,12,22,32,42,52,62,72,82,92"
832,19:32,4,4,여의도,10,"3,13,23,33,43,53,63,73,83,93"
832,19:32,5,5,김포공항,10,"4,14,24,34,44,54,64,74,84,94"
832,19:32,6,6,일산,9,"5,15,25,35,45,55,65,75,95"
832,19:32,7,7,판교,10,"6,16,26,36,46,56,66,76,86,96"
832,19:32,8,8,동탄/용인,10,"7,17,27,37,47,57,67,77,87,97"
832,19:32,9,9,평택,11,"8,18,20,28,38,48,58,68,78,88,98"
833,19:33,1,1,서울역,9,"0,10,30,40,50,60,70,80,90"
833,19:33,10,10,인천공항,9,"9,19,29,39,49,59,79,89,99"
833,19:33,2,2,수서,10,"1,11,21,31,41,51,61,71,81,91"
833,19:33,3,3,삼성,10,"2,12,22,32,42,52,62,72,82,92"
833,19:33,4,4,여의도,10,"3,13,23,33,43,53,63,73,83,93"
833,19:33,5,5,김포공항,10,"4,14,24,34,44,54,64,74,84,94"
833,19:33,6,6,일산,9,"5,15,25,35,45,55,65,75,95"
833,19:33,7,7,판교,10,"6,16,26,36,46,56,66,76,86,96"
833,19:33,8,8,동탄/용인,10,"7,17,27,37,47,57,67,77,87,97"
833,19:33,9,9,평택,11,"8,18,20,28,38,48,58,68,78,88,98"
834,19:34,1,1,서울역,9,"0,10,30,40,50,60,70,80,90"
834,19:34,10,10,인천공항,9,"9,19,29,39,49,59,79,89,99"
834,19:34,2,2,수서,10,"1,11,21,31,41,51,61,71,81,91"
834,19:34,3,3,삼성,10,"2,12,22,32,42,52,62,72,82,92"
834,19:34,4,4,여의도,10,"3,13,23,33,43,53,63,73,83,93"
834,19:34,5,5,김포공항,10,"4,14,24,34,44,54,64,74,84,94"
834,19:34,6,6,일산,9,"5,15,25,35,45,55,65,75,95"
834,19:34,7,7,판교,10,"6,16,26,36,46,56,66,76,86,96"
834,19:34,8,8,동탄/용인,10,"7,17,27,37,47,57,67,77,87,97"
834,19:34,9,9,평택,11,"8,18,20,28,38,48,58,68,78,88,98"
835,19:35,1,1,서울역,9,"0,10,30,40,50,60,70,80,90"
835,19:35,10,10,인천공항,10,"9,19,29,39,49,59,69,79,89,99"
835,19:35,2,2,수서,10,"1,11,21,31,41,51,61,71,81,91"
835,19:35,3,3,삼성,10,"2,12,22,32,42,52,62,72,82,92"
835,19:35,4,4,여의도,10,"3,13,23,33,43,53,63,73,83,93"
835,19:35,5,5,김포공항,10,"4,14,24,34,44,54,64,74,84,94"
835,19:35,6,6,일산,9,"5,15,25,35,45,55,65,75,95"
835,19:35,7,7,판교,10,"6,16,26,36,46,56,66,76,86,96"
835,19:35,8,8,동탄/용인,10,"7,17,27,37,47,57,67,77,87,97"
835,19:35,9,9,평택,11,"8,18,20,28,38,48,58,68,78,88,98"
836,19:36,1,1,서울역,9,"0,10,30,40,50,60,70,80,90"
836,19:36,10,10,인천공항,10,"9,19,29,39,49,59,69,79,89,99"
836,19:36,2,2,수서,10,"1,11,21,31,41,51,61,71,81,91"
836,19:36,3,3,삼성,10,"2,12,22,32,42,52,62,72,82,92"
836,19:36,4,4,여의도,10,"3,13,23,33,43,53,63,73,83,93"
836,19:36,5,5,김포공항,10,"4,14,24,34,44,54,64,74,84,94"
836,19:36,6,6,일산,10,"5,15,25,35,45,55,65,75,85,95"
836,19:36,7,7,판교,10,"6,16,26,36,46,56,66,76,86,96"
836,19:36,8,8,동탄/용인,10,"7,17,27,37,47,57,67,77,87,97"
836,19:36,9,9,평택,10,"8,18,28,38,48,58,68,78,88,98"
837,19:37,1,1,서울역,9,"0,10,30,40,50,60,70,80,90"
837,19:37,10,10,인천공항,10,"9,19,29,39,49,59,69,79,89,99"
837,19:37,2,2,수서,10,"1,11,21,31,41,51,61,71,81,91"
837,19:37,3,3,삼성,10,"2,12,22,32,42,52,62,72,82,92"
837,19:37,4,4,여의도,10,"3,13,23,33,43,53,63,73,83,93"
837,19:37,5,5,김포공항,10,"4,14,24,34,44,54,64,74,84,94"
837,19:37,6,6,일산,10,"5,15,25,35,45,55,65,75,85,95"
837,19:37,7,7,판교,10,"6,16,26,36,46,56,66,76,86,96"
837,19:37,8,8,동탄/용인,10,"7,17,27,37,47,57,67,77,87,97"
837,19:37,9,9,평택,10,"8,18,28,38,48,58,68,78,88,98"
838,19:38,1,1,서울역,9,"0,10,30,40,50,60,70,80,90"
838,19:38,10,10,인천공항,10,"9,19,29,39,49,59,69,79,89,99"
838,19:38,2,2,수서,10,"1,11,21,31,41,51,61,71,81,91"
838,19:38,3,3,삼성,10,"2,12,22,32,42,52,62,72,82,92"
838,19:38,4,4,여의도,10,"3,13,23,33,43,53,63,73,83,93"
838,19:38,5,5,김포공항,10,"4,14,24,34,44,54,64,74,84,94"
838,19:38,6,6,일산,10,"5,15,25,35,45,55,65,75,85,95"
838,19:38,7,7,판교,10,"6,16,26,36,46,56,66,76,86,96"
838,19:38,8,8,동탄/용인,10,"7,17,27,37,47,57,67,77,87,97"
838,19:38,9,9,평택,10,"8,18,28,38,48,58,68,78,88,98"
839,19:39,1,1,서울역,9,"0,10,30,40,50,60,70,80,90"
839,19:39,10,10,인천공항,10,"9,19,29,39,49,59,69,79,89,99"
839,19:39,2,2,수서,10,"1,11,21,31,41,51,61,71,81,91"
839,19:39,3,3,삼성,10,"2,12,22,32,42,52,62,72,82,92"
839,19:39,4,4,여의도,10,"3,13,23,33,43,53,63,73,83,93"
839,19:39,5,5,김포공항,10,"4,14,24,34,44,54,64,74,84,94"
839,19:39,6,6,일산,10,"5,15,25,35,45,55,65,75,85,95"
839,19:39,7,7,판교,10,"6,16,26,36,46,56,66,76,86,96"
839,19:39,8,8,동탄/용인,10,"7,17,27,37,47,57,67,77,87,97"
839,19:39,9,9,평택,10,"8,18,28,38,48,58,68,78,88,98"
840,19:40,1,1,서울역,9,"0,10,30,40,50,60,70,80,90"
840,19:40,10,10,인천공항,10,"9,19,29,39,49,59,69,79,89,99"
840,19:40,2,2,수서,10,"1,11,21,31,41,51,61,71,81,91"
840,19:40,3,3,삼성,10,"2,12,22,32,42,52,62,72,82,92"
840,19:40,4,4,여의도,10,"3,13,23,33,43,53,63,73,83,93"
840,19:40,5,5,김포공항,10,"4,14,24,34,44,54,64,74,84,94"
840,19:40,6,6,일산,10,"5,15,25,35,45,55,65,75,85,95"
840,19:40,7,7,판교,10,"6,16,26,36,46,56,66,76,86,96"
840,19:40,8,8,동탄/용인,10,"7,17,27,37,47,57,67,77,87,97"
840,19:40,9,9,평택,10,"8,18,28,38,48,58,68,78,88,98"
841,19:41,1,1,서울역,9,"0,10,30,40,50,60,70,80,90"
841,19:41,10,10,인천공항,10,"9,19,29,39,49,59,69,79,89,99"
841,19:41,2,2,수서,10,"1,11,21,31,41,51,61,71,81,91"
841,19:41,3,3,삼성,10,"2,12,22,32,42,52,62,72,82,92"
841,19:41,4,4,여의도,10,"3,13,23,33,43,53,63,73,83,93"
841,19:41,5,5,김포공항,10,"4,14,24,34,44,54,64,74,84,94"
841,19:41,6,6,일산,10,"5,15,25,35,45,55,65,75,85,95"
841,19:41,7,7,판교,10,"6,16,26,36,46,56,66,76,86,96"
841,19:41,8,8,동탄/용인,10,"7,17,27,37,47,57,67,77,87,97"
841,19:41,9,9,평택,10,"8,18,28,38,48,58,68,78,88,98"
842,19:42,1,1,서울역,9,"0,10,30,40,50,60,70,80,90"
842,19:42,10,10,인천공항,10,"9,19,29,39,49,59,69,79,89,99"
842,19:42,2,2,수서,10,"1,11,21,31,41,51,61,71,81,91"
842,19:42,3,3,삼성,10,"2,12,22,32,42,52,62,72,82,92"
842,19:42,4,4,여의도,10,"3,13,23,33,43,53,63,73,83,93"
842,19:42,5,5,김포공항,10,"4,14,24,34,44,54,64,74,84,94"
842,19:42,6,6,일산,10,"5,15,25,35,45,55,65,75,85,95"
842,19:42,7,7,판교,10,"6,16,26,36,46,56,66,76,86,96"
842,19:42,8,8,동탄/용인,10,"7,17,27,37,47,57,67,77,87,97"
842,19:42,9,9,평택,10,"8,18,28,38,48,58,68,78,88,98"
843,19:43,1,1,서울역,9,"0,10,30,40,50,60,70,80,90"
843,19:43,10,10,인천공항,10,"9,19,29,39,49,59,69,79,89,99"
843,19:43,2,2,수서,10,"1,11,21,31,41,51,61,71,81,91"
843,19:43,3,3,삼성,10,"2,12,22,32,42,52,62,72,82,92"
843,19:43,4,4,여의도,10,"3,13,23,33,43,53,63,73,83,93"
843,19:43,5,5,김포공항,10,"4,14,24,34,44,54,64,74,84,94"
843,19:43,6,6,일산,10,"5,15,25,35,45,55,65,75,85,95"
843,19:43,7,7,판교,10,"6,16,26,36,46,56,66,76,86,96"
843,19:43,8,8,동탄/용인,10,"7,17,27,37,47,57,67,77,87,97"
843,19:43,9,9,평택,10,"8,18,28,38,48,58,68,78,88,98"
844,19:44,1,1,서울역,9,"0,10,30,40,50,60,70,80,90"
844,19:44,10,10,인천공항,10,"9,19,29,39,49,59,69,79,89,99"
844,19:44,2,2,수서,10,"1,11,21,31,41,51,61,71,81,91"
844,19:44,3,3,삼성,10,"2,12,22,32,42,52,62,72,82,92"
844,19:44,4,4,여의도,10,"3,13,23,33,43,53,63,73,83,93"
844,19:44,5,5,김포공항,10,"4,14,24,34,44,54,64,74,84,94"
844,19:44,6,6,일산,10,"5,15,25,35,45,55,65,75,85,95"
844,19:44,7,7,판교,10,"6,16,26,36,46,56,66,76,86,96"
844,19:44,8,8,동탄/용인,10,"7,17,27,37,47,57,67,77,87,97"
844,19:44,9,9,평택,10,"8,18,28,38,48,58,68,78,88,98"
845,19:45,1,1,서울역,9,"0,10,30,40,50,60,70,80,90"
845,19:45,10,10,인천공항,10,"9,19,29,39,49,59,69,79,89,99"
845,19:45,2,2,수서,10,"1,11,21,31,41,51,61,71,81,91"
845,19:45,3,3,삼성,10,"2,12,22,32,42,52,62,72,82,92"
845,19:45,4,4,여의도,10,"3,13,23,33,43,53,63,73,83,93"
845,19:45,5,5,김포공항,10,"4,14,24,34,44,54,64,74,84,94"
845,19:45,6,6,일산,10,"5,15,25,35,45,55,65,75,85,95"
845,19:45,7,7,판교,10,"6,16,26,36,46,56,66,76,86,96"
845,19:45,8,8,동탄/용인,10,"7,17,27,37,47,57,67,77,87,97"
845,19:45,9,9,평택,10,"8,18,28,38,48,58,68,78,88,98"
846,19:46,1,1,서울역,9,"0,10,30,40,50,60,70,80,90"
846,19:46,10,10,인천공항,10,"9,19,29,39,49,59,69,79,89,99"
846,19:46,2,2,수서,10,"1,11,21,31,41,51,61,71,81,91"
846,19:46,3,3,삼성,10,"2,12,22,32,42,52,62,72,82,92"
846,19:46,4,4,여의도,10,"3,13,23,33,43,53,63,73,83,93"
846,19:46,5,5,김포공항,10,"4,14,24,34,44,54,64,74,84,94"
846,19:46,6,6,일산,10,"5,15,25,35,45,55,65,75,85,95"
846,19:46,7,7,판교,10,"6,16,26,36,46,56,66,76,86,96"
846,19:46,8,8,동탄/용인,10,"7,17,27,37,47,57,67,77,87,97"
846,19:46,9,9,평택,10,"8,18,28,38,48,58,68,78,88,98"
847,19:47,1,1,서울역,9,"0,10,30,40,50,60,70,80,90"
847,19:47,10,10,인천공항,10,"9,19,29,39,49,59,69,79,89,99"
847,19:47,2,2,수서,10,"1,11,21,31,41,51,61,71,81,91"
847,19:47,3,3,삼성,10,"2,12,22,32,42,52,62,72,82,92"
847,19:47,4,4,여의도,10,"3,13,23,33,43,53,63,73,83,93"
847,19:47,5,5,김포공항,10,"4,14,24,34,44,54,64,74,84,94"
847,19:47,6,6,일산,10,"5,15,25,35,45,55,65,75,85,95"
847,19:47,7,7,판교,10,"6,16,26,36,46,56,66,76,86,96"
847,19:47,8,8,동탄/용인,10,"7,17,27,37,47,57,67,77,87,97"
847,19:47,9,9,평택,10,"8,18,28,38,48,58,68,78,88,98"
848,19:48,1,1,서울역,9,"0,10,30,40,50,60,70,80,90"
848,19:48,10,10,인천공항,10,"9,19,29,39,49,59,69,79,89,99"
848,19:48,2,2,수서,10,"1,11,21,31,41,51,61,71,81,91"
848,19:48,3,3,삼성,10,"2,12,22,32,42,52,62,72,82,92"
848,19:48,4,4,여의도,10,"3,13,23,33,43,53,63,73,83,93"
848,19:48,5,5,김포공항,10,"4,14,24,34,44,54,64,74,84,94"
848,19:48,6,6,일산,10,"5,15,25,35,45,55,65,75,85,95"
848,19:48,7,7,판교,10,"6,16,26,36,46,56,66,76,86,96"
848,19:48,8,8,동탄/용인,10,"7,17,27,37,47,57,67,77,87,97"
848,19:48,9,9,평택,10,"8,18,28,38,48,58,68,78,88,98"
849,19:49,1,1,서울역,9,"0,10,30,40,50,60,70,80,90"
849,19:49,10,10,인천공항,10,"9,19,29,39,49,59,69,79,89,99"
849,19:49,2,2,수서,10,"1,11,21,31,41,51,61,71,81,91"
849,19:49,3,3,삼성,10,"2,12,22,32,42,52,62,72,82,92"
849,19:49,4,4,여의도,10,"3,13,23,33,43,53,63,73,83,93"
849,19:49,5,5,김포공항,10,"4,14,24,34,44,54,64,74,84,94"
849,19:49,6,6,일산,10,"5,15,25,35,45,55,65,75,85,95"
849,19:49,7,7,판교,10,"6,16,26,36,46,56,66,76,86,96"
849,19:49,8,8,동탄/용인,10,"7,17,27,37,47,57,67,77,87,97"
849,19:49,9,9,평택,10,"8,18,28,38,48,58,68,78,88,98"
850,19:50,1,1,서울역,9,"0,10,30,40,50,60,70,80,90"
850,19:50,10,10,인천공항,10,"9,19,29,39,49,59,69,79,89,99"
850,19:50,2,2,수서,10,"1,11,21,31,41,51,61,71,81,91"
850,19:50,3,3,삼성,10,"2,12,22,32,42,52,62,72,82,92"
850,19:50,4,4,여의도,10,"3,13,23,33,43,53,63,73,83,93"
850,19:50,5,5,김포공항,10,"4,14,24,34,44,54,64,74,84,94"
850,19:50,6,6,일산,10,"5,15,25,35,45,55,65,75,85,95"
850,19:50,7,7,판교,10,"6,16,26,36,46,56,66,76,86,96"
850,19:50,8,8,동탄/용인,10,"7,17,27,37,47,57,67,77,87,97"
850,19:50,9,9,평택,10,"8,18,28,38,48,58,68,78,88,98"
851,19:51,1,1,서울역,9,"0,10,30,40,50,60,70,80,90"
851,19:51,10,10,인천공항,10,"9,19,29,39,49,59,69,79,89,99"
851,19:51,2,2,수서,10,"1,11,21,31,41,51,61,71,81,91"
851,19:51,3,3,삼성,10,"2,12,22,32,42,52,62,72,82,92"
851,19:51,4,4,여의도,10,"3,13,23,33,43,53,63,73,83,93"
851,19:51,5,5,김포공항,10,"4,14,24,34,44,54,64,74,84,94"
851,19:51,6,6,일산,10,"5,15,25,35,45,55,65,75,85,95"
851,19:51,7,7,판교,10,"6,16,26,36,46,56,66,76,86,96"
851,19:51,8,8,동탄/용인,10,"7,17,27,37,47,57,67,77,87,97"
851,19:51,9,9,평택,10,"8,18,28,38,48,58,68,78,88,98"
852,19:52,1,1,서울역,10,"0,10,20,30,40,50,60,70,80,90"
852,19:52,10,10,인천공항,10,"9,19,29,39,49,59,69,79,89,99"
852,19:52,2,2,수서,10,"1,11,21,31,41,51,61,71,81,91"
852,19:52,3,3,삼성,10,"2,12,22,32,42,52,62,72,82,92"
852,19:52,4,4,여의도,10,"3,13,23,33,43,53,63,73,83,93"
852,19:52,5,5,김포공항,10,"4,14,24,34,44,54,64,74,84,94"
852,19:52,6,6,일산,10,"5,15,25,35,45,55,65,75,85,95"
852,19:52,7,7,판교,10,"6,16,26,36,46,56,66,76,86,96"
852,19:52,8,8,동탄/용인,10,"7,17,27,37,47,57,67,77,87,97"
852,19:52,9,9,평택,10,"8,18,28,38,48,58,68,78,88,98"
