time_min,time_hhmm,route_node_id,physical_node_id,physical_address,vehicle_count,vehicle_ids
0,05:40,1,1,서울역,15,"0,10,20,30,40,50,60,70,80,90,100,110,120,130,140"
0,05:40,10,10,인천공항,15,"9,19,29,39,49,59,69,79,89,99,109,119,129,139,149"
0,05:40,2,2,수서,15,"1,11,21,31,41,51,61,71,81,91,101,111,121,131,141"
0,05:40,3,3,삼성,15,"2,12,22,32,42,52,62,72,82,92,102,112,122,132,142"
0,05:40,4,4,여의도,15,"3,13,23,33,43,53,63,73,83,93,103,113,123,133,143"
0,05:40,5,5,김포공항,15,"4,14,24,34,44,54,64,74,84,94,104,114,124,134,144"
0,05:40,6,6,일산,15,"5,15,25,35,45,55,65,75,85,95,105,115,125,135,145"
0,05:40,7,7,판교,15,"6,16,26,36,46,56,66,76,86,96,106,116,126,136,146"
0,05:40,8,8,동탄/용인,15,"7,17,27,37,47,57,67,77,87,97,107,117,127,137,147"
0,05:40,9,9,평택,15,"8,18,28,38,48,58,68,78,88,98,108,118,128,138,148"
1,05:41,1,1,서울역,15,"0,10,20,30,40,50,60,70,80,90,100,110,120,130,140"
1,05:41,10,10,인천공항,15,"9,19,29,39,49,59,69,79,89,99,109,119,129,139,149"
1,05:41,2,2,수서,15,"1,11,21,31,41,51,61,71,81,91,101,111,121,131,141"
1,05:41,3,3,삼성,15,"2,12,22,32,42,52,62,72,82,92,102,112,122,132,142"
1,05:41,4,4,여의도,15,"3,13,23,33,43,53,63,73,83,93,103,113,123,133,143"
1,05:41,5,5,김포공항,15,"4,14,24,34,44,54,64,74,84,94,104,114,124,134,144"
1,05:41,6,6,일산,15,"5,15,25,35,45,55,65,75,85,95,105,115,125,135,145"
1,05:41,7,7,판교,15,"6,16,26,36,46,56,66,76,86,96,106,116,126,136,146"
1,05:41,8,8,동탄/용인,15,"7,17,27,37,47,57,67,77,87,97,107,117,127,137,147"
1,05:41,9,9,평택,15,"8,18,28,38,48,58,68,78,88,98,108,118,128,138,148"
2,05:42,1,1,서울역,15,"0,10,20,30,40,50,60,70,80,90,100,110,120,130,140"
2,05:42,10,10,인천공항,15,"9,19,29,39,49,59,69,79,89,99,109,119,129,139,149"
2,05:42,2,2,수서,15,"1,11,21,31,41,51,61,71,81,91,101,111,121,131,141"
2,05:42,3,3,삼성,15,"2,12,22,32,42,52,62,72,82,92,102,112,122,132,142"
2,05:42,4,4,여의도,15,"3,13,23,33,43,53,63,73,83,93,103,113,123,133,143"
2,05:42,5,5,김포공항,15,"4,14,24,34,44,54,64,74,84,94,104,114,124,134,144"
2,05:42,6,6,일산,15,"5,15,25,35,45,55,65,75,85,95,105,115,125,135,145"
2,05:42,7,7,판교,15,"6,16,26,36,46,56,66,76,86,96,106,116,126,136,146"
2,05:42,8,8,동탄/용인,15,"7,17,27,37,47,57,67,77,87,97,107,117,127,137,147"
2,05:42,9,9,평택,15,"8,18,28,38,48,58,68,78,88,98,108,118,128,138,148"
3,05:43,1,1,서울역,15,"0,10,20,30,40,50,60,70,80,90,100,110,120,130,140"
3,05:43,10,10,인천공항,15,"9,19,29,39,49,59,69,79,89,99,109,119,129,139,149"
3,05:43,2,2,수서,15,"1,11,21,31,41,51,61,71,81,91,101,111,121,131,141"
3,05:43,3,3,삼성,15,"2,12,22,32,42,52,62,72,82,92,102,112,122,132,142"
3,05:43,4,4,여의도,15,"3,13,23,33,43,53,63,73,83,93,103,113,123,133,143"
3,05:43,5,5,김포공항,15,"4,14,24,34,44,54,64,74,84,94,104,114,124,134,144"
3,05:43,6,6,일산,15,"5,15,25,35,45,55,65,75,85,95,105,115,125,135,145"
3,05:43,7,7,판교,15,"6,16,26,36,46,56,66,76,86,96,106,116,126,136,146"
3,05:43,8,8,동탄/용인,15,"7,17,27,37,47,57,67,77,87,97,107,117,127,137,147"
3,05:43,9,9,평택,15,"8,18,28,38,48,58,68,78,88,98,108,118,128,138,148"
4,05:44,1,1,서울역,15,"0,10,20,30,40,50,60,70,80,90,100,110,120,130,140"
4,05:44,10,10,인천공항,15,"9,19,29,39,49,59,69,79,89,99,109,119,129,139,149"
4,05:44,2,2,수서,15,"1,11,21,31,41,51,61,71,81,91,101,111,121,131,141"
4,05:44,3,3,삼성,15,"2,12,22,32,42,52,62,72,82,92,102,112,122,132,142"
4,05:44,4,4,여의도,15,"3,13,23,33,43,53,63,73,83,93,103,113,123,133,143"
4,05:44,5,5,김포공항,15,"4,14,24,34,44,54,64,74,84,94,104,114,124,134,144"
4,05:44,6,6,일산,15,"5,15,25,35,45,55,65,75,85,95,105,115,125,135,145"
4,05:44,7,7,판교,15,"6,16,26,36,46,56,66,76,86,96,106,116,126,136,146"
4,05:44,8,8,동탄/용인,15,"7,17,27,37,47,57,67,77,87,97,107,117,127,137,147"
4,05:44,9,9,평택,15,"8,18,28,38,48,58,68,78,88,98,108,118,128,138,148"
5,05:45,1,1,서울역,15,"0,10,20,30,40,50,60,70,80,90,100,110,120,130,140"
5,05:45,10,10,인천공항,15,"9,19,29,39,49,59,69,79,89,99,109,119,129,139,149"
5,05:45,2,2,수서,15,"1,11,21,31,41,51,61,71,81,91,101,111,121,131,141"
5,05:45,3,3,삼성,15,"2,12,22,32,42,52,62,72,82,92,102,112,122,132,142"
5,05:45,4,4,여의도,15,"3,13,23,33,43,53,63,73,83,93,103,113,123,133,143"
5,05:45,5,5,김포공항,15,"4,14,24,34,44,54,64,74,84,94,104,114,124,134,144"
5,05:45,6,6,일산,15,"5,15,25,35,45,55,65,75,85,95,105,115,125,135,145"
5,05:45,7,7,판교,15,"6,16,26,36,46,56,66,76,86,96,106,116,126,136,146"
5,05:45,8,8,동탄/용인,15,"7,17,27,37,47,57,67,77,87,97,107,117,127,137,147"
5,05:45,9,9,평택,15,"8,18,28,38,48,58,68,78,88,98,108,118,128,138,148"
6,05:46,1,1,서울역,15,"0,10,20,30,40,50,60,70,80,90,100,110,120,130,140"
6,05:46,10,10,인천공항,15,"9,19,29,39,49,59,69,79,89,99,109,119,129,139,149"
6,05:46,2,2,수서,15,"1,11,21,31,41,51,61,71,81,91,101,111,121,131,141"
6,05:46,3,3,삼성,15,"2,12,22,32,42,52,62,72,82,92,102,112,122,132,142"
6,05:46,4,4,여의도,15,"3,13,23,33,43,53,63,73,83,93,103,113,123,133,143"
6,05:46,5,5,김포공항,15,"4,14,24,34,44,54,64,74,84,94,104,114,124,134,144"
6,05:46,6,6,일산,15,"5,15,25,35,45,55,65,75,85,95,105,115,125,135,145"
6,05:46,7,7,판교,15,"6,16,26,36,46,56,66,76,86,96,106,116,126,136,146"
6,05:46,8,8,동탄/용인,15,"7,17,27,37,47,57,67,77,87,97,107,117,127,137,147"
6,05:46,9,9,평택,15,"8,18,28,38,48,58,68,78,88,98,108,118,128,138,148"
7,05:47,1,1,서울역,15,"0,10,20,30,40,50,60,70,80,90,100,110,120,130,140"
7,05:47,10,10,인천공항,15,"9,19,29,39,49,59,69,79,89,99,109,119,129,139,149"
7,05:47,2,2,수서,15,"1,11,21,31,41,51,61,71,81,91,101,111,121,131,141"
7,05:47,3,3,삼성,15,"2,12,22,32,42,52,62,72,82,92,102,112,122,132,142"
7,05:47,4,4,여의도,15,"3,13,23,33,43,53,63,73,83,93,103,113,123,133,143"
7,05:47,5,5,김포공항,15,"4,14,24,34,44,54,64,74,84,94,104,114,124,134,144"
7,05:47,6,6,일산,15,"5,15,25,35,45,55,65,75,85,95,105,115,125,135,145"
7,05:47,7,7,판교,15,"6,16,26,36,46,56,66,76,86,96,106,116,126,136,146"
7,05:47,8,8,동탄/용인,15,"7,17,27,37,47,57,67,77,87,97,107,117,127,137,147"
7,05:47,9,9,평택,15,"8,18,28,38,48,58,68,78,88,98,108,118,128,138,148"
8,05:48,1,1,서울역,15,"0,10,20,30,40,50,60,70,80,90,100,110,120,130,140"
8,05:48,10,10,인천공항,15,"9,19,29,39,49,59,69,79,89,99,109,119,129,139,149"
8,05:48,2,2,수서,15,"1,11,21,31,41,51,61,71,81,91,101,111,121,131,141"
8,05:48,3,3,삼성,15,"2,12,22,32,42,52,62,72,82,92,102,112,122,132,142"
8,05:48,4,4,여의도,15,"3,13,23,33,43,53,63,73,83,93,103,113,123,133,143"
8,05:48,5,5,김포공항,15,"4,14,24,34,44,54,64,74,84,94,104,114,124,134,144"
8,05:48,6,6,일산,15,"5,15,25,35,45,55,65,75,85,95,105,115,125,135,145"
8,05:48,7,7,판교,15,"6,16,26,36,46,56,66,76,86,96,106,116,126,136,146"
8,05:48,8,8,동탄/용인,15,"7,17,27,37,47,57,67,77,87,97,107,117,127,137,147"
8,05:48,9,9,평택,15,"8,18,28,38,48,58,68,78,88,98,108,118,128,138,148"
9,05:49,1,1,서울역,15,"0,10,20,30,40,50,60,70,80,90,100,110,120,130,140"
9,05:49,10,10,인천공항,15,"9,19,29,39,49,59,69,79,89,99,109,119,129,139,149"
9,05:49,2,2,수서,15,"1,11,21,31,41,51,61,71,81,91,101,111,121,131,141"
9,05:49,3,3,삼성,15,"2,12,22,32,42,52,62,72,82,92,102,112,122,132,142"
9,05:49,4,4,여의도,15,"3,13,23,33,43,53,63,73,83,93,103,113,123,133,143"
9,05:49,5,5,김포공항,15,"4,14,24,34,44,54,64,74,84,94,104,114,124,134,144"
9,05:49,6,6,일산,15,"5,15,25,35,45,55,65,75,85,95,105,115,125,135,145"
9,05:49,7,7,판교,15,"6,16,26,36,46,56,66,76,86,96,106,116,126,136,146"
9,05:49,8,8,동탄/용인,15,"7,17,27,37,47,57,67,77,87,97,107,117,127,137,147"
9,05:49,9,9,평택,15,"8,18,28,38,48,58,68,78,88,98,108,118,128,138,148"
10,05:50,1,1,서울역,15,"0,10,20,30,40,50,60,70,80,90,100,110,120,130,140"
10,05:50,10,10,인천공항,15,"9,19,29,39,49,59,69,79,89,99,109,119,129,139,149"
10,05:50,2,2,수서,15,"1,11,21,31,41,51,61,71,81,91,101,111,121,131,141"
10,05:50,3,3,삼성,15,"2,12,22,32,42,52,62,72,82,92,102,112,122,132,142"
10,05:50,4,4,여의도,15,"3,13,23,33,43,53,63,73,83,93,103,113,123,133,143"
10,05:50,5,5,김포공항,15,"4,14,24,34,44,54,64,74,84,94,104,114,124,134,144"
10,05:50,6,6,일산,15,"5,15,25,35,45,55,65,75,85,95,105,115,125,135,145"
10,05:50,7,7,판교,15,"6,16,26,36,46,56,66,76,86,96,106,116,126,136,146"
10,05:50,8,8,동탄/용인,15,"7,17,27,37,47,57,67,77,87,97,107,117,127,137,147"
10,05:50,9,9,평택,15,"8,18,28,38,48,58,68,78,88,98,108,118,128,138,148"
11,05:51,1,1,서울역,15,"0,10,20,30,40,50,60,70,80,90,100,110,120,130,140"
11,05:51,10,10,인천공항,15,"9,19,29,39,49,59,69,79,89,99,109,119,129,139,149"
11,05:51,2,2,수서,15,"1,11,21,31,41,51,61,71,81,91,101,111,121,131,141"
11,05:51,3,3,삼성,15,"2,12,22,32,42,52,62,72,82,92,102,112,122,132,142"
11,05:51,4,4,여의도,15,"3,13,23,33,43,53,63,73,83,93,103,113,123,133,143"
11,05:51,5,5,김포공항,15,"4,14,24,34,44,54,64,74,84,94,104,114,124,134,144"
11,05:51,6,6,일산,15,"5,15,25,35,45,55,65,75,85,95,105,115,125,135,145"
11,05:51,7,7,판교,15,"6,16,26,36,46,56,66,76,86,96,106,116,126,136,146"
11,05:51,8,8,동탄/용인,15,"7,17,27,37,47,57,67,77,87,97,107,117,127,137,147"
11,05:51,9,9,평택,15,"8,18,28,38,48,58,68,78,88,98,108,118,128,138,148"
12,05:52,1,1,서울역,15,"0,10,20,30,40,50,60,70,80,90,100,110,120,130,140"
12,05:52,10,10,인천공항,15,"9,19,29,39,49,59,69,79,89,99,109,119,129,139,149"
12,05:52,2,2,수서,15,"1,11,21,31,41,51,61,71,81,91,101,111,121,131,141"
12,05:52,3,3,삼성,15,"2,12,22,32,42,52,62,72,82,92,102,112,122,132,142"
12,05:52,4,4,여의도,15,"3,13,23,33,43,53,63,73,83,93,103,113,123,133,143"
12,05:52,5,5,김포공항,15,"4,14,24,34,44,54,64,74,84,94,104,114,124,134,144"
12,05:52,6,6,일산,15,"5,15,25,35,45,55,65,75,85,95,105,115,125,135,145"
12,05:52,7,7,판교,15,"6,16,26,36,46,56,66,76,86,96,106,116,126,136,146"
12,05:52,8,8,동탄/용인,15,"7,17,27,37,47,57,67,77,87,97,107,117,127,137,147"
12,05:52,9,9,평택,15,"8,18,28,38,48,58,68,78,88,98,108,118,128,138,148"
13,05:53,1,1,서울역,15,"0,10,20,30,40,50,60,70,80,90,100,110,120,130,140"
13,05:53,10,10,인천공항,15,"9,19,29,39,49,59,69,79,89,99,109,119,129,139,149"
13,05:53,2,2,수서,15,"1,11,21,31,41,51,61,71,81,91,101,111,121,131,141"
13,05:53,3,3,삼성,15,"2,12,22,32,42,52,62,72,82,92,102,112,122,132,142"
13,05:53,4,4,여의도,15,"3,13,23,33,43,53,63,73,83,93,103,113,123,133,143"
13,05:53,5,5,김포공항,15,"4,14,24,34,44,54,64,74,84,94,104,114,124,134,144"
13,05:53,6,6,일산,15,"5,15,25,35,45,55,65,75,85,95,105,115,125,135,145"
13,05:53,7,7,판교,15,"6,16,26,36,46,56,66,76,86,96,106,116,126,136,146"
13,05:53,8,8,동탄/용인,15,"7,17,27,37,47,57,67,77,87,97,107,117,127,137,147"
13,05:53,9,9,평택,15,"8,18,28,38,48,58,68,78,88,98,108,118,128,138,148"
14,05:54,1,1,서울역,15,"0,10,20,30,40,50,60,70,80,90,100,110,120,130,140"
14,05:54,10,10,인천공항,15,"9,19,29,39,49,59,69,79,89,99,109,119,129,139,149"
14,05:54,2,2,수서,15,"1,11,21,31,41,51,61,71,81,91,101,111,121,131,141"
14,05:54,3,3,삼성,15,"2,12,22,32,42,52,62,72,82,92,102,112,122,132,142"
14,05:54,4,4,여의도,15,"3,13,23,33,43,53,63,73,83,93,103,113,123,133,143"
14,05:54,5,5,김포공항,15,"4,14,24,34,44,54,64,74,84,94,104,114,124,134,144"
14,05:54,6,6,일산,15,"5,15,25,35,45,55,65,75,85,95,105,115,125,135,145"
14,05:54,7,7,판교,15,"6,16,26,36,46,56,66,76,86,96,106,116,126,136,146"
14,05:54,8,8,동탄/용인,15,"7,17,27,37,47,57,67,77,87,97,107,117,127,137,147"
14,05:54,9,9,평택,15,"8,18,28,38,48,58,68,78,88,98,108,118,128,138,148"
15,05:55,1,1,서울역,15,"0,10,20,30,40,50,60,70,80,90,100,110,120,130,140"
15,05:55,10,10,인천공항,15,"9,19,29,39,49,59,69,79,89,99,109,119,129,139,149"
15,05:55,2,2,수서,15,"1,11,21,31,41,51,61,71,81,91,101,111,121,131,141"
15,05:55,3,3,삼성,15,"2,12,22,32,42,52,62,72,82,92,102,112,122,132,142"
15,05:55,4,4,여의도,15,"3,13,23,33,43,53,63,73,83,93,103,113,123,133,143"
15,05:55,5,5,김포공항,15,"4,14,24,34,44,54,64,74,84,94,104,114,124,134,144"
15,05:55,6,6,일산,15,"5,15,25,35,45,55,65,75,85,95,105,115,125,135,145"
15,05:55,7,7,판교,15,"6,16,26,36,46,56,66,76,86,96,106,116,126,136,146"
15,05:55,8,8,동탄/용인,15,"7,17,27,37,47,57,67,77,87,97,107,117,127,137,147"
15,05:55,9,9,평택,15,"8,18,28,38,48,58,68,78,88,98,108,118,128,138,148"
16,05:56,1,1,서울역,15,"0,10,20,30,40,50,60,70,80,90,100,110,120,130,140"
16,05:56,10,10,인천공항,15,"9,19,29,39,49,59,69,79,89,99,109,119,129,139,149"
16,05:56,2,2,수서,15,"1,11,21,31,41,51,61,71,81,91,101,111,121,131,141"
16,05:56,3,3,삼성,15,"2,12,22,32,42,52,62,72,82,92,102,112,122,132,142"
16,05:56,4,4,여의도,15,"3,13,23,33,43,53,63,73,83,93,103,113,123,133,143"
16,05:56,5,5,김포공항,15,"4,14,24,34,44,54,64,74,84,94,104,114,124,134,144"
16,05:56,6,6,일산,15,"5,15,25,35,45,55,65,75,85,95,105,115,125,135,145"
16,05:56,7,7,판교,15,"6,16,26,36,46,56,66,76,86,96,106,116,126,136,146"
16,05:56,8,8,동탄/용인,15,"7,17,27,37,47,57,67,77,87,97,107,117,127,137,147"
16,05:56,9,9,평택,15,"8,18,28,38,48,58,68,78,88,98,108,118,128,138,148"
17,05:57,1,1,서울역,15,"0,10,20,30,40,50,60,70,80,90,100,110,120,130,140"
17,05:57,10,10,인천공항,15,"9,19,29,39,49,59,69,79,89,99,109,119,129,139,149"
17,05:57,2,2,수서,15,"1,11,21,31,41,51,61,71,81,91,101,111,121,131,141"
17,05:57,3,3,삼성,15,"2,12,22,32,42,52,62,72,82,92,102,112,122,132,142"
17,05:57,4,4,여의도,15,"3,13,23,33,43,53,63,73,83,93,103,113,123,133,143"
17,05:57,5,5,김포공항,15,"4,14,24,34,44,54,64,74,84,94,104,114,124,134,144"
17,05:57,6,6,일산,15,"5,15,25,35,45,55,65,75,85,95,105,115,125,135,145"
17,05:57,7,7,판교,15,"6,16,26,36,46,56,66,76,86,96,106,116,126,136,146"
17,05:57,8,8,동탄/용인,15,"7,17,27,37,47,57,67,77,87,97,107,117,127,137,147"
17,05:57,9,9,평택,15,"8,18,28,38,48,58,68,78,88,98,108,118,128,138,148"
18,05:58,1,1,서울역,15,"0,10,20,30,40,50,60,70,80,90,100,110,120,130,140"
18,05:58,10,10,인천공항,15,"9,19,29,39,49,59,69,79,89,99,109,119,129,139,149"
18,05:58,2,2,수서,15,"1,11,21,31,41,51,61,71,81,91,101,111,121,131,141"
18,05:58,3,3,삼성,15,"2,12,22,32,42,52,62,72,82,92,102,112,122,132,142"
18,05:58,4,4,여의도,15,"3,13,23,33,43,53,63,73,83,93,103,113,123,133,143"
18,05:58,5,5,김포공항,15,"4,14,24,34,44,54,64,74,84,94,104,114,124,134,144"
18,05:58,6,6,일산,15,"5,15,25,35,45,55,65,75,85,95,105,115,125,135,145"
18,05:58,7,7,판교,15,"6,16,26,36,46,56,66,76,86,96,106,116,126,136,146"
18,05:58,8,8,동탄/용인,15,"7,17,27,37,47,57,67,77,87,97,107,117,127,137,147"
18,05:58,9,9,평택,15,"8,18,28,38,48,58,68,78,88,98,108,118,128,138,148"
19,05:59,1,1,서울역,15,"0,10,20,30,40,50,60,70,80,90,100,110,120,130,140"
19,05:59,10,10,인천공항,15,"9,19,29,39,49,59,69,79,89,99,109,119,129,139,149"
19,05:59,2,2,수서,15,"1,11,21,31,41,51,61,71,81,91,101,111,121,131,141"
19,05:59,3,3,삼성,15,"2,12,22,32,42,52,62,72,82,92,102,112,122,132,142"
19,05:59,4,4,여의도,15,"3,13,23,33,43,53,63,73,83,93,103,113,123,133,143"
19,05:59,5,5,김포공항,15,"4,14,24,34,44,54,64,74,84,94,104,114,124,134,144"
19,05:59,6,6,일산,15,"5,15,25,35,45,55,65,75,85,95,105,115,125,135,145"
19,05:59,7,7,판교,15,"6,16,26,36,46,56,66,76,86,96,106,116,126,136,146"
19,05:59,8,8,동탄/용인,15,"7,17,27,37,47,57,67,77,87,97,107,117,127,137,147"
19,05:59,9,9,평택,15,"8,18,28,38,48,58,68,78,88,98,108,118,128,138,148"
20,06:00,1,1,서울역,15,"0,10,20,30,40,50,60,70,80,90,100,110,120,130,140"
20,06:00,10,10,인천공항,15,"9,19,29,39,49,59,69,79,89,99,109,119,129,139,149"
20,06:00,2,2,수서,15,"1,11,21,31,41,51,61,71,81,91,101,111,121,131,141"
20,06:00,3,3,삼성,15,"2,12,22,32,42,52,62,72,82,92,102,112,122,132,142"
20,06:00,4,4,여의도,15,"3,13,23,33,43,53,63,73,83,93,103,113,123,133,143"
20,06:00,5,5,김포공항,15,"4,14,24,34,44,54,64,74,84,94,104,114,124,134,144"
20,06:00,6,6,일산,15,"5,15,25,35,45,55,65,75,85,95,105,115,125,135,145"
20,06:00,7,7,판교,15,"6,16,26,36,46,56,66,76,86,96,106,116,126,136,146"
20,06:00,8,8,동탄/용인,15,"7,17,27,37,47,57,67,77,87,97,107,117,127,137,147"
20,06:00,9,9,평택,15,"8,18,28,38,48,58,68,78,88,98,108,118,128,138,148"
21,06:01,1,1,서울역,15,"0,10,20,30,40,50,60,70,80,90,100,110,120,130,140"
21,06:01,10,10,인천공항,15,"9,19,29,39,49,59,69,79,89,99,109,119,129,139,149"
21,06:01,2,2,수서,15,"1,11,21,31,41,51,61,71,81,91,101,111,121,131,141"
21,06:01,3,3,삼성,15,"2,12,22,32,42,52,62,72,82,92,102,112,122,132,142"
21,06:01,4,4,여의도,15,"3,13,23,33,43,53,63,73,83,93,103,113,123,133,143"
21,06:01,5,5,김포공항,15,"4,14,24,34,44,54,64,74,84,94,104,114,124,134,144"
21,06:01,6,6,일산,15,"5,15,25,35,45,55,65,75,85,95,105,115,125,135,145"
21,06:01,7,7,판교,15,"6,16,26,36,46,56,66,76,86,96,106,116,126,136,146"
21,06:01,8,8,동탄/용인,15,"7,17,27,37,47,57,67,77,87,97,107,117,127,137,147"
21,06:01,9,9,평택,15,"8,18,28,38,48,58,68,78,88,98,108,118,128,138,148"
22,06:02,1,1,서울역,15,"0,10,20,30,40,50,60,70,80,90,100,110,120,130,140"
22,06:02,10,10,인천공항,15,"9,19,29,39,49,59,69,79,89,99,109,119,129,139,149"
22,06:02,2,2,수서,15,"1,11,21,31,41,51,61,71,81,91,101,111,121,131,141"
22,06:02,3,3,삼성,15,"2,12,22,32,42,52,62,72,82,92,102,112,122,132,142"
22,06:02,4,4,여의도,15,"3,13,23,33,43,53,63,73,83,93,103,113,123,133,143"
22,06:02,5,5,김포공항,15,"4,14,24,34,44,54,64,74,84,94,104,114,124,134,144"
22,06:02,6,6,일산,15,"5,15,25,35,45,55,65,75,85,95,105,115,125,135,145"
22,06:02,7,7,판교,15,"6,16,26,36,46,56,66,76,86,96,106,116,126,136,146"
22,06:02,8,8,동탄/용인,15,"7,17,27,37,47,57,67,77,87,97,107,117,127,137,147"
22,06:02,9,9,평택,15,"8,18,28,38,48,58,68,78,88,98,108,118,128,138,148"
23,06:03,1,1,서울역,15,"0,10,20,30,40,50,60,70,80,90,100,110,120,130,140"
23,06:03,10,10,인천공항,15,"9,19,29,39,49,59,69,79,89,99,109,119,129,139,149"
23,06:03,2,2,수서,15,"1,11,21,31,41,51,61,71,81,91,101,111,121,131,141"
23,06:03,3,3,삼성,15,"2,12,22,32,42,52,62,72,82,92,102,112,122,132,142"
23,06:03,4,4,여의도,15,"3,13,23,33,43,53,63,73,83,93,103,113,123,133,143"
23,06:03,5,5,김포공항,15,"4,14,24,34,44,54,64,74,84,94,104,114,124,134,144"
23,06:03,6,6,일산,15,"5,15,25,35,45,55,65,75,85,95,105,115,125,135,145"
23,06:03,7,7,판교,15,"6,16,26,36,46,56,66,76,86,96,106,116,126,136,146"
23,06:03,8,8,동탄/용인,15,"7,17,27,37,47,57,67,77,87,97,107,117,127,137,147"
23,06:03,9,9,평택,15,"8,18,28,38,48,58,68,78,88,98,108,118,128,138,148"
24,06:04,1,1,서울역,15,"0,10,20,30,40,50,60,70,80,90,100,110,120,130,140"
24,06:04,10,10,인천공항,15,"9,19,29,39,49,59,69,79,89,99,109,119,129,139,149"
24,06:04,2,2,수서,15,"1,11,21,31,41,51,61,71,81,91,101,111,121,131,141"
24,06:04,3,3,삼성,15,"2,12,22,32,42,52,62,72,82,92,102,112,122,132,142"
24,06:04,4,4,여의도,15,"3,13,23,33,43,53,63,73,83,93,103,113,123,133,143"
24,06:04,5,5,김포공항,15,"4,14,24,34,44,54,64,74,84,94,104,114,124,134,144"
24,06:04,6,6,일산,15,"5,15,25,35,45,55,65,75,85,95,105,115,125,135,145"
24,06:04,7,7,판교,15,"6,16,26,36,46,56,66,76,86,96,106,116,126,136,146"
24,06:04,8,8,동탄/용인,15,"7,17,27,37,47,57,67,77,87,97,107,117,127,137,147"
24,06:04,9,9,평택,15,"8,18,28,38,48,58,68,78,88,98,108,118,128,138,148"
25,06:05,1,1,서울역,15,"0,10,20,30,40,50,60,70,80,90,100,110,120,130,140"
25,06:05,10,10,인천공항,15,"9,19,29,39,49,59,69,79,89,99,109,119,129,139,149"
25,06:05,2,2,수서,15,"1,11,21,31,41,51,61,71,81,91,101,111,121,131,141"
25,06:05,3,3,삼성,15,"2,12,22,32,42,52,62,72,82,92,102,112,122,132,142"
25,06:05,4,4,여의도,15,"3,13,23,33,43,53,63,73,83,93,103,113,123,133,143"
25,06:05,5,5,김포공항,15,"4,14,24,34,44,54,64,74,84,94,104,114,124,134,144"
25,06:05,6,6,일산,14,"5,15,35,45,55,65,75,85,95,105,115,125,135,145"
25,06:05,7,7,판교,15,"6,16,26,36,46,56,66,76,86,96,106,116,126,136,146"
25,06:05,8,8,동탄/용인,15,"7,17,27,37,47,57,67,77,87,97,107,117,127,137,147"
25,06:05,9,9,평택,15,"8,18,28,38,48,58,68,78,88,98,108,118,128,138,148"
26,06:06,1,1,서울역,15,"0,10,20,30,40,50,60,70,80,90,100,110,120,130,140"
26,06:06,10,10,인천공항,15,"9,19,29,39,49,59,69,79,89,99,109,119,129,139,149"
26,06:06,2,2,수서,15,"1,11,21,31,41,51,61,71,81,91,101,111,121,131,141"
26,06:06,3,3,삼성,15,"2,12,22,32,42,52,62,72,82,92,102,112,122,132,142"
26,06:06,4,4,여의도,15,"3,13,23,33,43,53,63,73,83,93,103,113,123,133,143"
26,06:06,5,5,김포공항,15,"4,14,24,34,44,54,64,74,84,94,104,114,124,134,144"
26,06:06,6,6,일산,14,"5,15,35,45,55,65,75,85,95,105,115,125,135,145"
26,06:06,7,7,판교,15,"6,16,26,36,46,56,66,76,86,96,106,116,126,136,146"
26,06:06,8,8,동탄/용인,15,"7,17,27,37,47,57,67,77,87,97,107,117,127,137,147"
26,06:06,9,9,평택,15,"8,18,28,38,48,58,68,78,88,98,108,118,128,138,148"
27,06:07,1,1,서울역,15,"0,10,20,30,40,50,60,70,80,90,100,110,120,130,140"
27,06:07,10,10,인천공항,15,"9,19,29,39,49,59,69,79,89,99,109,119,129,139,149"
27,06:07,2,2,수서,15,"1,11,21,31,41,51,61,71,81,91,101,111,121,131,141"
27,06:07,3,3,삼성,15,"2,12,22,32,42,52,62,72,82,92,102,112,122,132,142"
27,06:07,4,4,여의도,15,"3,13,23,33,43,53,63,73,83,93,103,113,123,133,143"
27,06:07,5,5,김포공항,15,"4,14,24,34,44,54,64,74,84,94,104,114,124,134,144"
27,06:07,6,6,일산,13,"5,15,45,55,65,75,85,95,105,115,125,135,145"
27,06:07,7,7,판교,14,"16,26,36,46,56,66,76,86,96,106,116,126,136,146"
27,06:07,8,8,동탄/용인,15,"7,17,27,37,47,57,67,77,87,97,107,117,127,137,147"
27,06:07,9,9,평택,15,"8,18,28,38,48,58,68,78,88,98,108,118,128,138,148"
28,06:08,1,1,서울역,15,"0,10,20,30,40,50,60,70,80,90,100,110,120,130,140"
28,06:08,10,10,인천공항,15,"9,19,29,39,49,59,69,79,89,99,109,119,129,139,149"
28,06:08,2,2,수서,15,"1,11,21,31,41,51,61,71,81,91,101,111,121,131,141"
28,06:08,3,3,삼성,15,"2,12,22,32,42,52,62,72,82,92,102,112,122,132,142"
28,06:08,4,4,여의도,15,"3,13,23,33,43,53,63,73,83,93,103,113,123,133,143"
28,06:08,5,5,김포공항,15,"4,14,24,34,44,54,64,74,84,94,104,114,124,134,144"
28,06:08,6,6,일산,13,"5,15,45,55,65,75,85,95,105,115,125,135,145"
28,06:08,7,7,판교,14,"16,26,36,46,56,66,76,86,96,106,116,126,136,146"
28,06:08,8,8,동탄/용인,15,"7,17,27,37,47,57,67,77,87,97,107,117,127,137,147"
28,06:08,9,9,평택,15,"8,18,28,38,48,58,68,78,88,98,108,118,128,138,148"
29,06:09,1,1,서울역,15,"0,10,20,30,40,50,60,70,80,90,100,110,120,130,140"
29,06:09,10,10,인천공항,15,"9,19,29,39,49,59,69,79,89,99,109,119,129,139,149"
29,06:09,2,2,수서,15,"1,11,21,31,41,51,61,71,81,91,101,111,121,131,141"
29,06:09,3,3,삼성,15,"2,12,22,32,42,52,62,72,82,92,102,112,122,132,142"
29,06:09,4,4,여의도,14,"3,13,33,43,53,63,73,83,93,103,113,123,133,143"
29,06:09,5,5,김포공항,15,"4,14,24,34,44,54,64,74,84,94,104,114,124,134,144"
29,06:09,6,6,일산,13,"5,15,45,55,65,75,85,95,105,115,125,135,145"
29,06:09,7,7,판교,14,"16,26,36,46,56,66,76,86,96,106,116,126,136,146"
29,06:09,8,8,동탄/용인,15,"7,17,27,37,47,57,67,77,87,97,107,117,127,137,147"
29,06:09,9,9,평택,15,"8,18,28,38,48,58,68,78,88,98,108,118,128,138,148"
30,06:10,1,1,서울역,15,"0,10,20,30,40,50,60,70,80,90,100,110,120,130,140"
30,06:10,10,10,인천공항,15,"9,19,29,39,49,59,69,79,89,99,109,119,129,139,149"
30,06:10,2,2,수서,15,"1,11,21,31,41,51,61,71,81,91,101,111,121,131,141"
30,06:10,3,3,삼성,15,"2,12,22,32,42,52,62,72,82,92,102,112,122,132,142"
30,06:10,4,4,여의도,14,"3,13,33,43,53,63,73,83,93,103,113,123,133,143"
30,06:10,5,5,김포공항,15,"4,14,24,34,44,54,64,74,84,94,104,114,124,134,144"
30,06:10,6,6,일산,13,"5,15,45,55,65,75,85,95,105,115,125,135,145"
30,06:10,7,7,판교,14,"16,26,36,46,56,66,76,86,96,106,116,126,136,146"
30,06:10,8,8,동탄/용인,15,"7,17,27,37,47,57,67,77,87,97,107,117,127,137,147"
30,06:10,9,9,평택,14,"18,28,38,48,58,68,78,88,98,108,118,128,138,148"
31,06:11,1,1,서울역,15,"0,10,20,30,40,50,60,70,80,90,100,110,120,130,140"
31,06:11,10,10,인천공항,15,"9,19,29,39,49,59,69,79,89,99,109,119,129,139,149"
31,06:11,2,2,수서,15,"1,11,21,31,41,51,61,71,81,91,101,111,121,131,141"
31,06:11,3,3,삼성,15,"2,12,22,32,42,52,62,72,82,92,102,112,122,132,142"
31,06:11,4,4,여의도,14,"3,13,33,43,53,63,73,83,93,103,113,123,133,143"
31,06:11,5,5,김포공항,15,"4,14,24,34,44,54,64,74,84,94,104,114,124,134,144"
31,06:11,6,6,일산,13,"5,15,45,55,65,75,85,95,105,115,125,135,145"
31,06:11,7,7,판교,14,"16,26,36,46,56,66,76,86,96,106,116,126,136,146"
31,06:11,8,8,동탄/용인,15,"7,17,27,37,47,57,67,77,87,97,107,117,127,137,147"
31,06:11,9,9,평택,14,"18,28,38,48,58,68,78,88,98,108,118,128,138,148"
32,06:12,1,1,서울역,15,"0,10,20,30,40,50,60,70,80,90,100,110,120,130,140"
32,06:12,10,10,인천공항,14,"9,19,29,39,49,69,79,89,99,109,119,129,139,149"
32,06:12,2,2,수서,15,"1,11,21,31,41,51,61,71,81,91,101,111,121,131,141"
32,06:12,3,3,삼성,15,"2,12,22,32,42,52,62,72,82,92,102,112,122,132,142"
32,06:12,4,4,여의도,14,"3,13,33,43,53,63,73,83,93,103,113,123,133,143"
32,06:12,5,5,김포공항,15,"4,14,24,34,44,54,64,74,84,94,104,114,124,134,144"
32,06:12,6,6,일산,13,"5,15,45,55,65,75,85,95,105,115,125,135,145"
32,06:12,7,7,판교,14,"16,26,36,46,56,66,76,86,96,106,116,126,136,146"
32,06:12,8,8,동탄/용인,15,"7,17,27,37,47,57,67,77,87,97,107,117,127,137,147"
32,06:12,9,9,평택,14,"18,28,38,48,58,68,78,88,98,108,118,128,138,148"
33,06:13,1,1,서울역,15,"0,10,20,30,40,50,60,70,80,90,100,110,120,130,140"
33,06:13,10,10,인천공항,13,"9,19,39,49,69,79,89,99,109,119,129,139,149"
33,06:13,2,2,수서,15,"1,11,21,31,41,51,61,71,81,91,101,111,121,131,141"
33,06:13,3,3,삼성,15,"2,12,22,32,42,52,62,72,82,92,102,112,122,132,142"
33,06:13,4,4,여의도,14,"3,13,33,43,53,63,73,83,93,103,113,123,133,143"
33,06:13,5,5,김포공항,15,"4,14,24,34,44,54,64,74,84,94,104,114,124,134,144"
33,06:13,6,6,일산,13,"5,15,45,55,65,75,85,95,105,115,125,135,145"
33,06:13,7,7,판교,14,"16,26,36,46,56,66,76,86,96,106,116,126,136,146"
33,06:13,8,8,동탄/용인,15,"7,17,27,37,47,57,67,77,87,97,107,117,127,137,147"
33,06:13,9,9,평택,14,"18,28,38,48,58,68,78,88,98,108,118,128,138,148"
34,06:14,1,1,서울역,15,"0,10,20,30,40,50,60,70,80,90,100,110,120,130,140"
34,06:14,10,10,인천공항,13,"9,19,39,49,69,79,89,99,109,119,129,139,149"
34,06:14,2,2,수서,15,"1,11,21,31,41,51,61,71,81,91,101,111,121,131,141"
34,06:14,3,3,삼성,15,"2,12,22,32,42,52,62,72,82,92,102,112,122,132,142"
34,06:14,4,4,여의도,14,"3,13,33,43,53,63,73,83,93,103,113,123,133,143"
34,06:14,5,5,김포공항,15,"4,14,24,34,44,54,64,74,84,94,104,114,124,134,144"
34,06:14,6,6,일산,13,"5,15,45,55,65,75,85,95,105,115,125,135,145"
34,06:14,7,7,판교,14,"16,26,36,46,56,66,76,86,96,106,116,126,136,146"
34,06:14,8,8,동탄/용인,15,"7,17,27,37,47,57,67,77,87,97,107,117,127,137,147"
34,06:14,9,9,평택,14,"18,28,38,48,58,68,78,88,98,108,118,128,138,148"
35,06:15,1,1,서울역,15,"0,10,20,30,40,50,60,70,80,90,100,110,120,130,140"
35,06:15,10,10,인천공항,13,"9,19,39,49,69,79,89,99,109,119,129,139,149"
35,06:15,2,2,수서,15,"1,11,21,31,41,51,61,71,81,91,101,111,121,131,141"
35,06:15,3,3,삼성,15,"2,12,22,32,42,52,62,72,82,92,102,112,122,132,142"
35,06:15,4,4,여의도,14,"3,13,33,43,53,63,73,83,93,103,113,123,133,143"
35,06:15,5,5,김포공항,15,"4,14,24,34,44,54,64,74,84,94,104,114,124,134,144"
35,06:15,6,6,일산,12,"5,45,55,65,75,85,95,105,115,125,135,145"
35,06:15,7,7,판교,14,"16,26,36,46,56,66,76,86,96,106,116,126,136,146"
35,06:15,8,8,동탄/용인,15,"7,17,27,37,47,57,67,77,87,97,107,117,127,137,147"
35,06:15,9,9,평택,14,"18,28,38,48,58,68,78,88,98,108,118,128,138,148"
36,06:16,1,1,서울역,15,"0,10,20,30,40,50,60,70,80,90,100,110,120,130,140"
36,06:16,10,10,인천공항,13,"9,19,39,49,69,79,89,99,109,119,129,139,149"
36,06:16,2,2,수서,16,"1,11,21,25,31,41,51,61,71,81,91,101,111,121,131,141"
36,06:16,3,3,삼성,15,"2,12,22,32,42,52,62,72,82,92,102,112,122,132,142"
36,06:16,4,4,여의도,14,"3,13,33,43,53,63,73,83,93,103,113,123,133,143"
36,06:16,5,5,김포공항,15,"4,14,24,34,44,54,64,74,84,94,104,114,124,134,144"
36,06:16,6,6,일산,11,"45,55,65,75,85,95,105,115,125,135,145"
36,06:16,7,7,판교,14,"16,26,36,46,56,66,76,86,96,106,116,126,136,146"
36,06:16,8,8,동탄/용인,15,"7,17,27,37,47,57,67,77,87,97,107,117,127,137,147"
36,06:16,9,9,평택,14,"18,28,38,48,58,68,78,88,98,108,118,128,138,148"
37,06:17,1,1,서울역,15,"0,10,20,30,40,50,60,70,80,90,100,110,120,130,140"
37,06:17,10,10,인천공항,13,"9,19,39,49,69,79,89,99,109,119,129,139,149"
37,06:17,2,2,수서,16,"1,11,21,25,31,41,51,61,71,81,91,101,111,121,131,141"
37,06:17,3,3,삼성,15,"2,12,22,32,42,52,62,72,82,92,102,112,122,132,142"
37,06:17,4,4,여의도,14,"3,13,33,43,53,63,73,83,93,103,113,123,133,143"
37,06:17,5,5,김포공항,15,"4,14,24,34,44,54,64,74,84,94,104,114,124,134,144"
37,06:17,6,6,일산,11,"45,55,65,75,85,95,105,115,125,135,145"
37,06:17,7,7,판교,14,"16,26,36,46,56,66,76,86,96,106,116,126,136,146"
37,06:17,8,8,동탄/용인,15,"7,17,27,37,47,57,67,77,87,97,107,117,127,137,147"
37,06:17,9,9,평택,14,"18,28,38,48,58,68,78,88,98,108,118,128,138,148"
38,06:18,1,1,서울역,15,"0,10,20,30,40,50,60,70,80,90,100,110,120,130,140"
38,06:18,10,10,인천공항,13,"9,19,39,49,69,79,89,99,109,119,129,139,149"
38,06:18,2,2,수서,16,"1,11,21,25,31,41,51,61,71,81,91,101,111,121,131,141"
38,06:18,3,3,삼성,15,"2,12,22,32,42,52,62,72,82,92,102,112,122,132,142"
38,06:18,4,4,여의도,14,"3,13,33,43,53,63,73,83,93,103,113,123,133,143"
38,06:18,5,5,김포공항,15,"4,14,24,34,44,54,64,74,84,94,104,114,124,134,144"
38,06:18,6,6,일산,11,"45,55,65,75,85,95,105,115,125,135,145"
38,06:18,7,7,판교,14,"16,26,36,46,56,66,76,86,96,106,116,126,136,146"
38,06:18,8,8,동탄/용인,15,"7,17,27,37,47,57,67,77,87,97,107,117,127,137,147"
38,06:18,9,9,평택,14,"18,28,38,48,58,68,78,88,98,108,118,128,138,148"
39,06:19,1,1,서울역,13,"10,20,30,50,60,70,80,90,100,110,120,130,140"
39,06:19,10,10,인천공항,13,"9,19,39,49,69,79,89,99,109,119,129,139,149"
39,06:19,2,2,수서,16,"1,11,21,25,31,41,51,61,71,81,91,101,111,121,131,141"
39,06:19,3,3,삼성,15,"2,12,22,32,42,52,62,72,82,92,102,112,122,132,142"
39,06:19,4,4,여의도,14,"3,13,33,43,53,63,73,83,93,103,113,123,133,143"
39,06:19,5,5,김포공항,15,"4,14,24,34,44,54,64,74,84,94,104,114,124,134,144"
39,06:19,6,6,일산,11,"45,55,65,75,85,95,105,115,125,135,145"
39,06:19,7,7,판교,15,"16,26,35,36,46,56,66,76,86,96,106,116,126,136,146"
39,06:19,8,8,동탄/용인,15,"7,17,27,37,47,57,67,77,87,97,107,117,127,137,147"
39,06:19,9,9,평택,14,"18,28,38,48,58,68,78,88,98,108,118,128,138,148"
40,06:20,1,1,서울역,13,"10,20,30,50,60,70,80,90,100,110,120,130,140"
40,06:20,10,10,인천공항,13,"9,19,39,49,69,79,89,99,109,119,129,139,149"
40,06:20,2,2,수서,16,"1,11,21,25,31,41,51,61,71,81,91,101,111,121,131,141"
40,06:20,3,3,삼성,15,"2,12,22,32,42,52,62,72,82,92,102,112,122,132,142"
40,06:20,4,4,여의도,14,"3,13,33,43,53,63,73,83,93,103,113,123,133,143"
40,06:20,5,5,김포공항,14,"14,24,34,44,54,64,74,84,94,104,114,124,134,144"
40,06:20,6,6,일산,11,"45,55,65,75,85,95,105,115,125,135,145"
40,06:20,7,7,판교,15,"16,26,35,36,46,56,66,76,86,96,106,116,126,136,146"
40,06:20,8,8,동탄/용인,15,"7,17,27,37,47,57,67,77,87,97,107,117,127,137,147"
40,06:20,9,9,평택,14,"18,28,38,48,58,68,78,88,98,108,118,128,138,148"
41,06:21,1,1,서울역,13,"10,20,30,50,60,70,80,90,100,110,120,130,140"
41,06:21,10,10,인천공항,13,"9,19,39,49,69,79,89,99,109,119,129,139,149"
41,06:21,2,2,수서,16,"1,11,21,25,31,41,51,61,71,81,91,101,111,121,131,141"
41,06:21,3,3,삼성,15,"2,12,22,32,42,52,62,72,82,92,102,112,122,132,142"
41,06:21,4,4,여의도,14,"3,13,33,43,53,63,73,83,93,103,113,123,133,143"
41,06:21,5,5,김포공항,14,"14,24,34,44,54,64,74,84,94,104,114,124,134,144"
41,06:21,6,6,일산,11,"45,55,65,75,85,95,105,115,125,135,145"
41,06:21,7,7,판교,15,"16,26,35,36,46,56,66,76,86,96,106,116,126,136,146"
41,06:21,8,8,동탄/용인,15,"7,17,27,37,47,57,67,77,87,97,107,117,127,137,147"
41,06:21,9,9,평택,14,"18,28,38,48,58,68,78,88,98,108,118,128,138,148"
42,06:22,1,1,서울역,13,"10,20,30,50,60,70,80,90,100,110,120,130,140"
42,06:22,10,10,인천공항,13,"9,19,39,49,69,79,89,99,109,119,129,139,149"
42,06:22,2,2,수서,16,"1,11,21,25,31,41,51,61,71,81,91,101,111,121,131,141"
42,06:22,3,3,삼성,15,"2,12,22,32,42,52,62,72,82,92,102,112,122,132,142"
42,06:22,4,4,여의도,14,"3,13,33,43,53,63,73,83,93,103,113,123,133,143"
42,06:22,5,5,김포공항,14,"14,24,34,44,54,64,74,84,94,104,114,124,134,144"
42,06:22,6,6,일산,11,"45,55,65,75,85,95,105,115,125,135,145"
42,06:22,7,7,판교,15,"16,26,35,36,46,56,66,76,86,96,106,116,126,136,146"
42,06:22,8,8,동탄/용인,15,"7,17,27,37,47,57,67,77,87,97,107,117,127,137,147"
42,06:22,9,9,평택,14,"18,28,38,48,58,68,78,88,98,108,118,128,138,148"
43,06:23,1,1,서울역,13,"10,20,30,50,60,70,80,90,100,110,120,130,140"
43,06:23,10,10,인천공항,14,"6,9,19,39,49,69,79,89,99,109,119,129,139,149"
43,06:23,2,2,수서,15,"1,11,25,31,41,51,61,71,81,91,101,111,121,131,141"
43,06:23,3,3,삼성,14,"12,22,32,42,52,62,72,82,92,102,112,122,132,142"
43,06:23,4,4,여의도,14,"3,13,33,43,53,63,73,83,93,103,113,123,133,143"
43,06:23,5,5,김포공항,14,"14,24,34,44,54,64,74,84,94,104,114,124,134,144"
43,06:23,6,6,일산,10,"45,55,75,85,95,105,115,125,135,145"
43,06:23,7,7,판교,15,"16,26,35,36,46,56,66,76,86,96,106,116,126,136,146"
43,06:23,8,8,동탄/용인,15,"7,17,27,37,47,57,67,77,87,97,107,117,127,137,147"
43,06:23,9,9,평택,14,"18,28,38,48,58,68,78,88,98,108,118,128,138,148"
44,06:24,1,1,서울역,13,"10,20,30,50,60,70,80,90,100,110,120,130,140"
44,06:24,10,10,인천공항,14,"6,9,19,39,49,69,79,89,99,109,119,129,139,149"
44,06:24,2,2,수서,15,"1,11,25,31,41,51,61,71,81,91,101,111,121,131,141"
44,06:24,3,3,삼성,14,"12,22,32,42,52,62,72,82,92,102,112,122,132,142"
44,06:24,4,4,여의도,14,"3,13,33,43,53,63,73,83,93,103,113,123,133,143"
44,06:24,5,5,김포공항,14,"14,24,34,44,54,64,74,84,94,104,114,124,134,144"
44,06:24,6,6,일산,9,"55,75,85,95,105,115,125,135,145"
44,06:24,7,7,판교,15,"16,26,35,36,46,56,66,76,86,96,106,116,126,136,146"
44,06:24,8,8,동탄/용인,15,"7,17,27,37,47,57,67,77,87,97,107,117,127,137,147"
44,06:24,9,9,평택,15,"18,23,28,38,48,58,68,78,88,98,108,118,128,138,148"
45,06:25,1,1,서울역,13,"10,20,30,50,60,70,80,90,100,110,120,130,140"
45,06:25,10,10,인천공항,14,"6,9,19,39,49,69,79,89,99,109,119,129,139,149"
45,06:25,2,2,수서,15,"1,11,25,31,41,51,61,71,81,91,101,111,121,131,141"
45,06:25,3,3,삼성,14,"12,22,32,42,52,62,72,82,92,102,112,122,132,142"
45,06:25,4,4,여의도,16,"3,8,13,29,33,43,53,63,73,83,93,103,113,123,133,143"
45,06:25,5,5,김포공항,14,"14,24,34,44,54,64,74,84,94,104,114,124,134,144"
45,06:25,6,6,일산,9,"55,75,85,95,105,115,125,135,145"
45,06:25,7,7,판교,15,"16,26,35,36,46,56,66,76,86,96,106,116,126,136,146"
45,06:25,8,8,동탄/용인,15,"7,17,27,37,47,57,67,77,87,97,107,117,127,137,147"
45,06:25,9,9,평택,15,"18,23,28,38,48,58,68,78,88,98,108,118,128,138,148"
46,06:26,1,1,서울역,13,"10,20,30,50,60,70,80,90,100,110,120,130,140"
46,06:26,10,10,인천공항,15,"6,9,15,19,39,49,69,79,89,99,109,119,129,139,149"
46,06:26,2,2,수서,15,"1,11,25,31,41,51,61,71,81,91,101,111,121,131,141"
46,06:26,3,3,삼성,14,"12,22,32,42,52,62,72,82,92,102,112,122,132,142"
46,06:26,4,4,여의도,16,"3,8,13,29,33,43,53,63,73,83,93,103,113,123,133,143"
46,06:26,5,5,김포공항,14,"14,24,34,44,54,64,74,84,94,104,114,124,134,144"
46,06:26,6,6,일산,9,"55,75,85,95,105,115,125,135,145"
46,06:26,7,7,판교,15,"16,26,35,36,46,56,66,76,86,96,106,116,126,136,146"
46,06:26,8,8,동탄/용인,15,"7,17,27,37,47,57,67,77,87,97,107,117,127,137,147"
46,06:26,9,9,평택,15,"18,23,28,38,48,58,68,78,88,98,108,118,128,138,148"
47,06:27,1,1,서울역,13,"10,20,30,50,60,70,80,90,100,110,120,130,140"
47,06:27,10,10,인천공항,15,"6,9,15,19,39,49,69,79,89,99,109,119,129,139,149"
47,06:27,2,2,수서,15,"1,11,25,31,41,51,61,71,81,91,101,111,121,131,141"
47,06:27,3,3,삼성,15,"12,22,32,42,52,59,62,72,82,92,102,112,122,132,142"
47,06:27,4,4,여의도,16,"3,8,13,29,33,43,53,63,73,83,93,103,113,123,133,143"
47,06:27,5,5,김포공항,14,"14,24,34,44,54,64,74,84,94,104,114,124,134,144"
47,06:27,6,6,일산,9,"55,75,85,95,105,115,125,135,145"
47,06:27,7,7,판교,15,"16,26,35,36,46,56,66,76,86,96,106,116,126,136,146"
47,06:27,8,8,동탄/용인,15,"7,17,27,37,47,57,67,77,87,97,107,117,127,137,147"
47,06:27,9,9,평택,15,"18,23,28,38,48,58,68,78,88,98,108,118,128,138,148"
48,06:28,1,1,서울역,13,"10,20,30,50,60,70,80,90,100,110,120,130,140"
48,06:28,10,10,인천공항,15,"6,9,15,19,39,49,69,79,89,99,109,119,129,139,149"
48,06:28,2,2,수서,15,"1,11,25,31,41,51,61,71,81,91,101,111,121,131,141"
48,06:28,3,3,삼성,15,"12,22,32,42,52,59,62,72,82,92,102,112,122,132,142"
48,06:28,4,4,여의도,16,"3,8,13,29,33,43,53,63,73,83,93,103,113,123,133,143"
48,06:28,5,5,김포공항,14,"14,24,34,44,54,64,74,84,94,104,114,124,134,144"
48,06:28,6,6,일산,9,"55,75,85,95,105,115,125,135,145"
48,06:28,7,7,판교,16,"5,16,26,35,36,46,56,66,76,86,96,106,116,126,136,146"
48,06:28,8,8,동탄/용인,15,"7,17,27,37,47,57,67,77,87,97,107,117,127,137,147"
48,06:28,9,9,평택,15,"18,23,28,38,48,58,68,78,88,98,108,118,128,138,148"
49,06:29,1,1,서울역,13,"10,20,30,50,60,70,80,90,100,110,120,130,140"
49,06:29,10,10,인천공항,15,"6,9,15,19,39,49,69,79,89,99,109,119,129,139,149"
49,06:29,2,2,수서,15,"1,11,25,31,41,51,61,71,81,91,101,111,121,131,141"
49,06:29,3,3,삼성,15,"12,22,32,42,52,59,62,72,82,92,102,112,122,132,142"
49,06:29,4,4,여의도,16,"3,8,13,29,33,43,53,63,73,83,93,103,113,123,133,143"
49,06:29,5,5,김포공항,14,"14,24,34,44,54,64,74,84,94,104,114,124,134,144"
49,06:29,6,6,일산,9,"55,75,85,95,105,115,125,135,145"
49,06:29,7,7,판교,16,"5,16,26,35,36,46,56,66,76,86,96,106,116,126,136,146"
49,06:29,8,8,동탄/용인,15,"7,17,27,37,47,57,67,77,87,97,107,117,127,137,147"
49,06:29,9,9,평택,15,"18,23,28,38,48,58,68,78,88,98,108,118,128,138,148"
50,06:30,1,1,서울역,13,"10,20,30,50,60,70,80,90,100,110,120,130,140"
50,06:30,10,10,인천공항,15,"6,9,15,19,39,49,69,79,89,99,109,119,129,139,149"
50,06:30,2,2,수서,15,"1,11,25,31,41,51,61,71,81,91,101,111,121,131,141"
50,06:30,3,3,삼성,15,"12,22,32,42,52,59,62,72,82,92,102,112,122,132,142"
50,06:30,4,4,여의도,16,"3,8,13,29,33,43,53,63,73,83,93,103,113,123,133,143"
50,06:30,5,5,김포공항,14,"14,24,34,44,54,64,74,84,94,104,114,124,134,144"
50,06:30,6,6,일산,9,"55,75,85,95,105,115,125,135,145"
50,06:30,7,7,판교,16,"5,16,26,35,36,46,56,66,76,86,96,106,116,126,136,146"
50,06:30,8,8,동탄/용인,15,"7,17,27,37,47,57,67,77,87,97,107,117,127,137,147"
50,06:30,9,9,평택,15,"18,23,28,38,48,58,68,78,88,98,108,118,128,138,148"
51,06:31,1,1,서울역,13,"10,20,30,50,60,70,80,90,100,110,120,130,140"
51,06:31,10,10,인천공항,15,"6,9,15,19,39,49,69,79,89,99,109,119,129,139,149"
51,06:31,2,2,수서,14,"1,11,31,41,51,61,71,81,91,101,111,121,131,141"
51,06:31,3,3,삼성,15,"12,22,32,42,52,59,62,72,82,92,102,112,122,132,142"
51,06:31,4,4,여의도,16,"3,8,13,29,33,43,53,63,73,83,93,103,113,123,133,143"
51,06:31,5,5,김포공항,14,"14,24,34,44,54,64,74,84,94,104,114,124,134,144"
51,06:31,6,6,일산,9,"55,75,85,95,105,115,125,135,145"
51,06:31,7,7,판교,16,"5,16,26,35,36,46,56,66,76,86,96,106,116,126,136,146"
51,06:31,8,8,동탄/용인,15,"7,17,27,37,47,57,67,77,87,97,107,117,127,137,147"
51,06:31,9,9,평택,15,"18,23,28,38,48,58,68,78,88,98,108,118,128,138,148"
52,06:32,1,1,서울역,12,"20,30,50,60,70,80,90,100,110,120,130,140"
52,06:32,10,10,인천공항,16,"0,6,9,15,19,39,49,69,79,89,99,109,119,129,139,149"
52,06:32,2,2,수서,14,"1,11,31,41,51,61,71,81,91,101,111,121,131,141"
52,06:32,3,3,삼성,15,"12,22,32,42,52,59,62,72,82,92,102,112,122,132,142"
52,06:32,4,4,여의도,16,"3,8,13,29,33,43,53,63,73,83,93,103,113,123,133,143"
52,06:32,5,5,김포공항,14,"14,24,34,44,54,64,74,84,94,104,114,124,134,144"
52,06:32,6,6,일산,9,"55,75,85,95,105,115,125,135,145"
52,06:32,7,7,판교,16,"5,16,26,35,36,46,56,66,76,86,96,106,116,126,136,146"
52,06:32,8,8,동탄/용인,15,"7,17,27,37,47,57,67,77,87,97,107,117,127,137,147"
52,06:32,9,9,평택,15,"18,23,28,38,48,58,68,78,88,98,108,118,128,138,148"
53,06:33,1,1,서울역,12,"20,30,50,60,70,80,90,100,110,120,130,140"
53,06:33,10,10,인천공항,16,"0,6,9,15,19,39,49,69,79,89,99,109,119,129,139,149"
53,06:33,2,2,수서,14,"1,11,31,41,51,61,71,81,91,101,111,121,131,141"
53,06:33,3,3,삼성,15,"12,22,32,42,52,59,62,72,82,92,102,112,122,132,142"
53,06:33,4,4,여의도,16,"3,8,13,29,33,43,53,63,73,83,93,103,113,123,133,143"
53,06:33,5,5,김포공항,14,"14,24,34,44,54,64,74,84,94,104,114,124,134,144"
53,06:33,6,6,일산,9,"55,75,85,95,105,115,125,135,145"
53,06:33,7,7,판교,16,"5,16,26,35,36,46,56,66,76,86,96,106,116,126,136,146"
53,06:33,8,8,동탄/용인,15,"7,17,27,37,47,57,67,77,87,97,107,117,127,137,147"
53,06:33,9,9,평택,15,"18,23,28,38,48,58,68,78,88,98,108,118,128,138,148"
54,06:34,1,1,서울역,12,"20,30,50,60,70,80,90,100,110,120,130,140"
54,06:34,10,10,인천공항,16,"0,6,9,15,19,39,49,69,79,89,99,109,119,129,139,149"
54,06:34,2,2,수서,14,"1,11,31,41,51,61,71,81,91,101,111,121,131,141"
54,06:34,3,3,삼성,15,"12,22,32,42,52,59,62,72,82,92,102,112,122,132,142"
54,06:34,4,4,여의도,16,"3,8,13,29,33,43,53,63,73,83,93,103,113,123,133,143"
54,06:34,5,5,김포공항,14,"14,24,34,44,54,64,74,84,94,104,114,124,134,144"
54,06:34,6,6,일산,9,"55,75,85,95,105,115,125,135,145"
54,06:34,7,7,판교,16,"5,16,26,35,36,46,56,66,76,86,96,106,116,126,136,146"
54,06:34,8,8,동탄/용인,15,"7,17,27,37,47,57,67,77,87,97,107,117,127,137,147"
54,06:34,9,9,평택,15,"18,23,28,38,48,58,68,78,88,98,108,118,128,138,148"
55,06:35,1,1,서울역,11,"30,50,60,70,80,90,100,110,120,130,140"
55,06:35,10,10,인천공항,16,"0,6,9,15,19,39,49,69,79,89,99,109,119,129,139,149"
55,06:35,2,2,수서,14,"1,11,31,41,51,61,71,81,91,101,111,121,131,141"
55,06:35,3,3,삼성,15,"12,22,32,42,52,59,62,72,82,92,102,112,122,132,142"
55,06:35,4,4,여의도,16,"3,8,13,29,33,43,53,63,73,83,93,103,113,123,133,143"
55,06:35,5,5,김포공항,14,"14,24,34,44,54,64,74,84,94,104,114,124,134,144"
55,06:35,6,6,일산,9,"55,75,85,95,105,115,125,135,145"
55,06:35,7,7,판교,17,"5,16,26,35,36,46,56,65,66,76,86,96,106,116,126,136,146"
55,06:35,8,8,동탄/용인,15,"7,17,27,37,47,57,67,77,87,97,107,117,127,137,147"
55,06:35,9,9,평택,16,"18,23,28,38,40,48,58,68,78,88,98,108,118,128,138,148"
56,06:36,1,1,서울역,11,"30,50,60,70,80,90,100,110,120,130,140"
56,06:36,10,10,인천공항,16,"0,6,9,15,19,39,49,69,79,89,99,109,119,129,139,149"
56,06:36,2,2,수서,14,"1,11,31,41,51,61,71,81,91,101,111,121,131,141"
56,06:36,3,3,삼성,15,"12,22,32,42,52,59,62,72,82,92,102,112,122,132,142"
56,06:36,4,4,여의도,16,"3,8,13,29,33,43,53,63,73,83,93,103,113,123,133,143"
56,06:36,5,5,김포공항,14,"14,24,34,44,54,64,74,84,94,104,114,124,134,144"
56,06:36,6,6,일산,8,"55,75,85,95,105,115,125,135"
56,06:36,7,7,판교,18,"5,16,26,35,36,45,46,56,65,66,76,86,96,106,116,126,136,146"
56,06:36,8,8,동탄/용인,15,"7,17,27,37,47,57,67,77,87,97,107,117,127,137,147"
56,06:36,9,9,평택,16,"18,23,28,38,40,48,58,68,78,88,98,108,118,128,138,148"
57,06:37,1,1,서울역,11,"30,50,60,70,80,90,100,110,120,130,140"
57,06:37,10,10,인천공항,16,"0,6,9,15,19,39,49,69,79,89,99,109,119,129,139,149"
57,06:37,2,2,수서,14,"1,11,31,41,51,61,71,81,91,101,111,121,131,141"
57,06:37,3,3,삼성,15,"12,22,32,42,52,59,62,72,82,92,102,112,122,132,142"
57,06:37,4,4,여의도,16,"3,8,13,29,33,43,53,63,73,83,93,103,113,123,133,143"
57,06:37,5,5,김포공항,14,"14,24,34,44,54,64,74,84,94,104,114,124,134,144"
57,06:37,6,6,일산,7,"55,85,95,105,115,125,135"
57,06:37,7,7,판교,18,"5,16,26,35,36,45,46,56,65,66,76,86,96,106,116,126,136,146"
57,06:37,8,8,동탄/용인,15,"7,17,27,37,47,57,67,77,87,97,107,117,127,137,147"
57,06:37,9,9,평택,18,"4,18,21,23,28,38,40,48,58,68,78,88,98,108,118,128,138,148"
58,06:38,1,1,서울역,11,"30,50,60,70,80,90,100,110,120,130,140"
58,06:38,10,10,인천공항,17,"0,2,6,9,15,19,39,49,69,79,89,99,109,119,129,139,149"
58,06:38,2,2,수서,14,"1,11,31,41,51,61,71,81,91,101,111,121,131,141"
58,06:38,3,3,삼성,15,"12,22,32,42,52,59,62,72,82,92,102,112,122,132,142"
58,06:38,4,4,여의도,15,"3,8,29,33,43,53,63,73,83,93,103,113,123,133,143"
58,06:38,5,5,김포공항,14,"14,24,34,44,54,64,74,84,94,104,114,124,134,144"
58,06:38,6,6,일산,7,"55,85,95,105,115,125,135"
58,06:38,7,7,판교,18,"5,16,26,35,36,45,46,56,65,66,76,86,96,106,116,126,136,146"
58,06:38,8,8,동탄/용인,15,"7,17,27,37,47,57,67,77,87,97,107,117,127,137,147"
58,06:38,9,9,평택,18,"4,18,21,23,28,38,40,48,58,68,78,88,98,108,118,128,138,148"
59,06:39,1,1,서울역,11,"30,50,60,70,80,90,100,110,120,130,140"
59,06:39,10,10,인천공항,17,"0,2,6,9,15,19,39,49,69,79,89,99,109,119,129,139,149"
59,06:39,2,2,수서,14,"1,11,31,41,51,61,71,81,91,101,111,121,131,141"
59,06:39,3,3,삼성,15,"12,22,32,42,52,59,62,72,82,92,102,112,122,132,142"
59,06:39,4,4,여의도,15,"3,8,29,33,43,53,63,73,83,93,103,113,123,133,143"
59,06:39,5,5,김포공항,14,"14,24,34,44,54,64,74,84,94,104,114,124,134,144"
59,06:39,6,6,일산,7,"55,85,95,105,115,125,135"
59,06:39,7,7,판교,18,"5,16,26,35,36,45,46,56,65,66,76,86,96,106,116,126,136,146"
59,06:39,8,8,동탄/용인,15,"7,17,27,37,47,57,67,77,87,97,107,117,127,137,147"
59,06:39,9,9,평택,18,"4,18,21,23,28,38,40,48,58,68,78,88,98,108,118,128,138,148"
60,06:40,1,1,서울역,11,"30,50,60,70,80,90,100,110,120,130,140"
60,06:40,10,10,인천공항,16,"0,2,6,15,19,39,49,69,79,89,99,109,119,129,139,149"
60,06:40,2,2,수서,14,"1,11,31,41,51,61,71,81,91,101,111,121,131,141"
60,06:40,3,3,삼성,15,"12,22,32,42,52,59,62,72,82,92,102,112,122,132,142"
60,06:40,4,4,여의도,15,"3,8,29,33,43,53,63,73,83,93,103,113,123,133,143"
60,06:40,5,5,김포공항,14,"14,24,34,44,54,64,74,84,94,104,114,124,134,144"
60,06:40,6,6,일산,7,"55,85,95,105,115,125,135"
60,06:40,7,7,판교,18,"5,16,26,35,36,45,46,56,65,66,76,86,96,106,116,126,136,146"
60,06:40,8,8,동탄/용인,15,"7,17,27,37,47,57,67,77,87,97,107,117,127,137,147"
60,06:40,9,9,평택,18,"4,18,21,23,28,38,40,48,58,68,78,88,98,108,118,128,138,148"
61,06:41,1,1,서울역,11,"30,50,60,70,80,90,100,110,120,130,140"
61,06:41,10,10,인천공항,16,"0,2,6,15,19,39,49,69,79,89,99,109,119,129,139,149"
61,06:41,2,2,수서,14,"1,11,31,41,51,61,71,81,91,101,111,121,131,141"
61,06:41,3,3,삼성,15,"12,22,32,42,52,59,62,72,82,92,102,112,122,132,142"
61,06:41,4,4,여의도,15,"3,8,29,33,43,53,63,73,83,93,103,113,123,133,143"
61,06:41,5,5,김포공항,14,"14,24,34,44,54,64,74,84,94,104,114,124,134,144"
61,06:41,6,6,일산,7,"55,85,95,105,115,125,135"
61,06:41,7,7,판교,18,"5,16,26,35,36,45,46,56,65,66,76,86,96,106,116,126,136,146"
61,06:41,8,8,동탄/용인,15,"7,17,27,37,47,57,67,77,87,97,107,117,127,137,147"
61,06:41,9,9,평택,18,"4,18,21,23,28,38,40,48,58,68,78,88,98,108,118,128,138,148"
62,06:42,1,1,서울역,11,"30,50,60,70,80,90,100,110,120,130,140"
62,06:42,10,10,인천공항,16,"0,2,6,15,19,39,49,69,79,89,99,109,119,129,139,149"
62,06:42,2,2,수서,14,"1,11,31,41,51,61,71,81,91,101,111,121,131,141"
62,06:42,3,3,삼성,15,"12,22,32,42,52,59,62,72,82,92,102,112,122,132,142"
62,06:42,4,4,여의도,15,"3,8,29,33,43,53,63,73,83,93,103,113,123,133,143"
62,06:42,5,5,김포공항,14,"14,24,34,44,54,64,74,84,94,104,114,124,134,144"
62,06:42,6,6,일산,7,"55,85,95,105,115,125,135"
62,06:42,7,7,판교,18,"5,16,26,35,36,45,46,56,65,66,76,86,96,106,116,126,136,146"
62,06:42,8,8,동탄/용인,15,"7,17,27,37,47,57,67,77,87,97,107,117,127,137,147"
62,06:42,9,9,평택,18,"4,18,21,23,28,38,40,48,58,68,78,88,98,108,118,128,138,148"
63,06:43,1,1,서울역,11,"30,50,60,70,80,90,100,110,120,130,140"
63,06:43,10,10,인천공항,15,"0,2,15,19,39,49,69,79,89,99,109,119,129,139,149"
63,06:43,2,2,수서,14,"1,11,31,41,51,61,71,81,91,101,111,121,131,141"
63,06:43,3,3,삼성,14,"12,32,42,52,59,62,72,82,92,102,112,122,132,142"
63,06:43,4,4,여의도,15,"3,8,29,33,43,53,63,73,83,93,103,113,123,133,143"
63,06:43,5,5,김포공항,14,"14,24,34,44,54,64,74,84,94,104,114,124,134,144"
63,06:43,6,6,일산,7,"55,85,95,105,115,125,135"
63,06:43,7,7,판교,18,"5,16,26,35,36,45,46,56,65,66,76,86,96,106,116,126,136,146"
63,06:43,8,8,동탄/용인,15,"7,17,27,37,47,57,67,77,87,97,107,117,127,137,147"
63,06:43,9,9,평택,18,"4,18,21,23,28,38,40,48,58,68,78,88,98,108,118,128,138,148"
64,06:44,1,1,서울역,11,"30,50,60,70,80,90,100,110,120,130,140"
64,06:44,10,10,인천공항,15,"0,2,15,19,39,49,69,79,89,99,109,119,129,139,149"
64,06:44,2,2,수서,14,"1,11,31,41,51,61,71,81,91,101,111,121,131,141"
64,06:44,3,3,삼성,14,"12,32,42,52,59,62,72,82,92,102,112,122,132,142"
64,06:44,4,4,여의도,15,"3,8,29,33,43,53,63,73,83,93,103,113,123,133,143"
64,06:44,5,5,김포공항,14,"14,24,34,44,54,64,74,84,94,104,114,124,134,144"
64,06:44,6,6,일산,7,"55,85,95,105,115,125,135"
64,06:44,7,7,판교,18,"5,16,26,35,36,45,46,56,65,66,76,86,96,106,116,126,136,146"
64,06:44,8,8,동탄/용인,15,"7,17,27,37,47,57,67,77,87,97,107,117,127,137,147"
64,06:44,9,9,평택,18,"4,18,21,23,28,38,40,48,58,68,78,88,98,108,118,128,138,148"
65,06:45,1,1,서울역,11,"30,50,60,70,80,90,100,110,120,130,140"
65,06:45,10,10,인천공항,16,"0,2,10,15,19,39,49,69,79,89,99,109,119,129,139,149"
65,06:45,2,2,수서,14,"1,11,31,41,51,61,71,81,91,101,111,121,131,141"
65,06:45,3,3,삼성,14,"12,32,42,52,59,62,72,82,92,102,112,122,132,142"
65,06:45,4,4,여의도,15,"3,8,29,33,43,53,63,73,83,93,103,113,123,133,143"
65,06:45,5,5,김포공항,14,"14,24,34,44,54,64,74,84,94,104,114,124,134,144"
65,06:45,6,6,일산,7,"55,85,95,105,115,125,135"
65,06:45,7,7,판교,18,"5,16,26,35,36,45,46,56,65,66,76,86,96,106,116,126,136,146"
65,06:45,8,8,동탄/용인,15,"7,17,27,37,47,57,67,77,87,97,107,117,127,137,147"
65,06:45,9,9,평택,19,"4,18,21,23,25,28,38,40,48,58,68,78,88,98,108,118,128,138,148"
66,06:46,1,1,서울역,11,"30,50,60,70,80,90,100,110,120,130,140"
66,06:46,10,10,인천공항,16,"0,2,10,15,19,39,49,69,79,89,99,109,119,129,139,149"
66,06:46,2,2,수서,14,"1,11,31,41,51,61,71,81,91,101,111,121,131,141"
66,06:46,3,3,삼성,14,"12,32,42,52,59,62,72,82,92,102,112,122,132,142"
66,06:46,4,4,여의도,14,"3,8,33,43,53,63,73,83,93,103,113,123,133,143"
66,06:46,5,5,김포공항,14,"14,24,34,44,54,64,74,84,94,104,114,124,134,144"
66,06:46,6,6,일산,6,"55,85,95,105,115,125"
66,06:46,7,7,판교,18,"5,16,26,35,36,45,46,56,65,66,76,86,96,106,116,126,136,146"
66,06:46,8,8,동탄/용인,15,"7,17,27,37,47,57,67,77,87,97,107,117,127,137,147"
66,06:46,9,9,평택,19,"4,18,21,23,25,28,38,40,48,58,68,78,88,98,108,118,128,138,148"
67,06:47,1,1,서울역,11,"30,50,60,70,80,90,100,110,120,130,140"
67,06:47,10,10,인천공항,16,"0,2,10,15,19,39,49,69,79,89,99,109,119,129,139,149"
67,06:47,2,2,수서,14,"1,11,31,41,51,61,71,81,91,101,111,121,131,141"
67,06:47,3,3,삼성,14,"12,32,42,52,59,62,72,82,92,102,112,122,132,142"
67,06:47,4,4,여의도,13,"8,33,43,53,63,73,83,93,103,113,123,133,143"
67,06:47,5,5,김포공항,14,"14,24,34,44,54,64,74,84,94,104,114,124,134,144"
67,06:47,6,6,일산,6,"55,85,95,105,115,125"
67,06:47,7,7,판교,18,"5,16,26,35,36,45,46,56,65,66,76,86,96,106,116,126,136,146"
67,06:47,8,8,동탄/용인,15,"7,17,27,37,47,57,67,77,87,97,107,117,127,137,147"
67,06:47,9,9,평택,18,"18,21,23,25,28,38,40,48,58,68,78,88,98,108,118,128,138,148"
68,06:48,1,1,서울역,10,"50,60,70,80,90,100,110,120,130,140"
68,06:48,10,10,인천공항,17,"0,2,10,15,19,20,39,49,69,79,89,99,109,119,129,139,149"
68,06:48,2,2,수서,14,"1,11,31,41,51,61,71,81,91,101,111,121,131,141"
68,06:48,3,3,삼성,14,"12,32,42,52,59,62,72,82,92,102,112,122,132,142"
68,06:48,4,4,여의도,13,"8,33,43,53,63,73,83,93,103,113,123,133,143"
68,06:48,5,5,김포공항,14,"14,24,34,44,54,64,74,84,94,104,114,124,134,144"
68,06:48,6,6,일산,6,"55,85,95,105,115,125"
68,06:48,7,7,판교,18,"5,16,26,35,36,45,46,56,65,66,76,86,96,106,116,126,136,146"
68,06:48,8,8,동탄/용인,15,"7,17,27,37,47,57,67,77,87,97,107,117,127,137,147"
68,06:48,9,9,평택,18,"18,21,23,25,28,38,40,48,58,68,78,88,98,108,118,128,138,148"
69,06:49,1,1,서울역,10,"50,60,70,80,90,100,110,120,130,140"
69,06:49,10,10,인천공항,16,"0,2,10,19,20,39,49,69,79,89,99,109,119,129,139,149"
69,06:49,2,2,수서,14,"1,11,31,41,51,61,71,81,91,101,111,121,131,141"
69,06:49,3,3,삼성,14,"12,32,42,52,59,62,72,82,92,102,112,122,132,142"
69,06:49,4,4,여의도,13,"8,33,43,53,63,73,83,93,103,113,123,133,143"
69,06:49,5,5,김포공항,14,"14,24,34,44,54,64,74,84,94,104,114,124,134,144"
69,06:49,6,6,일산,6,"55,85,95,105,115,125"
69,06:49,7,7,판교,19,"5,16,26,35,36,45,46,56,65,66,75,76,86,96,106,116,126,136,146"
69,06:49,8,8,동탄/용인,15,"7,17,27,37,47,57,67,77,87,97,107,117,127,137,147"
69,06:49,9,9,평택,18,"18,21,23,25,28,38,40,48,58,68,78,88,98,108,118,128,138,148"
70,06:50,1,1,서울역,10,"50,60,70,80,90,100,110,120,130,140"
70,06:50,10,10,인천공항,16,"0,2,10,19,20,39,49,69,79,89,99,109,119,129,139,149"
70,06:50,2,2,수서,14,"1,11,31,41,51,61,71,81,91,101,111,121,131,141"
70,06:50,3,3,삼성,14,"12,32,42,52,59,62,72,82,92,102,112,122,132,142"
70,06:50,4,4,여의도,13,"8,33,43,53,63,73,83,93,103,113,123,133,143"
70,06:50,5,5,김포공항,14,"14,24,34,44,54,64,74,84,94,104,114,124,134,144"
70,06:50,6,6,일산,6,"55,85,95,105,115,125"
70,06:50,7,7,판교,19,"5,16,26,35,36,45,46,56,65,66,75,76,86,96,106,116,126,136,146"
70,06:50,8,8,동탄/용인,15,"7,17,27,37,47,57,67,77,87,97,107,117,127,137,147"
70,06:50,9,9,평택,18,"18,21,23,25,28,38,40,48,58,68,78,88,98,108,118,128,138,148"
71,06:51,1,1,서울역,10,"50,60,70,80,90,100,110,120,130,140"
71,06:51,10,10,인천공항,16,"0,2,10,19,20,39,49,69,79,89,99,109,119,129,139,149"
71,06:51,2,2,수서,14,"1,11,31,41,51,61,71,81,91,101,111,121,131,141"
71,06:51,3,3,삼성,14,"12,32,42,52,59,62,72,82,92,102,112,122,132,142"
71,06:51,4,4,여의도,13,"8,33,43,53,63,73,83,93,103,113,123,133,143"
71,06:51,5,5,김포공항,14,"14,24,34,44,54,64,74,84,94,104,114,124,134,144"
71,06:51,6,6,일산,6,"55,85,95,105,115,125"
71,06:51,7,7,판교,19,"5,16,26,35,36,45,46,56,65,66,75,76,86,96,106,116,126,136,146"
71,06:51,8,8,동탄/용인,15,"7,17,27,37,47,57,67,77,87,97,107,117,127,137,147"
71,06:51,9,9,평택,18,"18,21,23,25,28,38,40,48,58,68,78,88,98,108,118,128,138,148"
72,06:52,1,1,서울역,10,"50,60,70,80,90,100,110,120,130,140"
72,06:52,10,10,인천공항,16,"0,2,10,19,20,39,49,69,79,89,99,109,119,129,139,149"
72,06:52,2,2,수서,14,"1,11,31,41,51,61,71,81,91,101,111,121,131,141"
72,06:52,3,3,삼성,14,"12,32,42,52,59,62,72,82,92,102,112,122,132,142"
72,06:52,4,4,여의도,14,"8,9,33,43,53,63,73,83,93,103,113,123,133,143"
72,06:52,5,5,김포공항,14,"14,24,34,44,54,64,74,84,94,104,114,124,134,144"
72,06:52,6,6,일산,6,"55,85,95,105,115,125"
72,06:52,7,7,판교,19,"5,16,26,35,36,45,46,56,65,66,75,76,86,96,106,116,126,136,146"
72,06:52,8,8,동탄/용인,15,"7,17,27,37,47,57,67,77,87,97,107,117,127,137,147"
72,06:52,9,9,평택,18,"18,21,23,25,28,38,40,48,58,68,78,88,98,108,118,128,138,148"
73,06:53,1,1,서울역,10,"50,60,70,80,90,100,110,120,130,140"
73,06:53,10,10,인천공항,15,"0,2,10,20,39,49,69,79,89,99,109,119,129,139,149"
73,06:53,2,2,수서,14,"1,11,31,41,51,61,71,81,91,101,111,121,131,141"
73,06:53,3,3,삼성,14,"12,32,42,52,59,62,72,82,92,102,112,122,132,142"
73,06:53,4,4,여의도,14,"8,9,33,43,53,63,73,83,93,103,113,123,133,143"
73,06:53,5,5,김포공항,14,"14,24,34,44,54,64,74,84,94,104,114,124,134,144"
73,06:53,6,6,일산,7,"29,55,85,95,105,115,125"
73,06:53,7,7,판교,19,"5,16,26,35,36,45,46,56,65,66,75,76,86,96,106,116,126,136,146"
73,06:53,8,8,동탄/용인,15,"7,17,27,37,47,57,67,77,87,97,107,117,127,137,147"
73,06:53,9,9,평택,19,"13,18,21,23,25,28,38,40,48,58,68,78,88,98,108,118,128,138,148"
74,06:54,1,1,서울역,10,"50,60,70,80,90,100,110,120,130,140"
74,06:54,10,10,인천공항,14,"2,10,20,39,49,69,79,89,99,109,119,129,139,149"
74,06:54,2,2,수서,14,"1,11,31,41,51,61,71,81,91,101,111,121,131,141"
74,06:54,3,3,삼성,14,"12,32,42,52,59,62,72,82,92,102,112,122,132,142"
74,06:54,4,4,여의도,14,"8,9,33,43,53,63,73,83,93,103,113,123,133,143"
74,06:54,5,5,김포공항,14,"14,24,34,44,54,64,74,84,94,104,114,124,134,144"
74,06:54,6,6,일산,7,"29,55,85,95,105,115,125"
74,06:54,7,7,판교,19,"5,16,26,35,36,45,46,56,65,66,75,76,86,96,106,116,126,136,146"
74,06:54,8,8,동탄/용인,15,"7,17,27,37,47,57,67,77,87,97,107,117,127,137,147"
74,06:54,9,9,평택,19,"13,18,21,23,25,28,38,40,48,58,68,78,88,98,108,118,128,138,148"
75,06:55,1,1,서울역,10,"50,60,70,80,90,100,110,120,130,140"
75,06:55,10,10,인천공항,13,"10,20,39,49,69,79,89,99,109,119,129,139,149"
75,06:55,2,2,수서,14,"1,11,31,41,51,61,71,81,91,101,111,121,131,141"
75,06:55,3,3,삼성,14,"12,32,42,52,59,62,72,82,92,102,112,122,132,142"
75,06:55,4,4,여의도,14,"8,9,33,43,53,63,73,83,93,103,113,123,133,143"
75,06:55,5,5,김포공항,14,"14,24,34,44,54,64,74,84,94,104,114,124,134,144"
75,06:55,6,6,일산,7,"29,55,85,95,105,115,125"
75,06:55,7,7,판교,19,"5,16,26,35,36,45,46,56,65,66,75,76,86,96,106,116,126,136,146"
75,06:55,8,8,동탄/용인,15,"7,17,27,37,47,57,67,77,87,97,107,117,127,137,147"
75,06:55,9,9,평택,19,"13,18,21,23,25,28,38,40,48,58,68,78,88,98,108,118,128,138,148"
76,06:56,1,1,서울역,10,"50,60,70,80,90,100,110,120,130,140"
76,06:56,10,10,인천공항,13,"10,20,39,49,69,79,89,99,109,119,129,139,149"
76,06:56,2,2,수서,14,"1,11,31,41,51,61,71,81,91,101,111,121,131,141"
76,06:56,3,3,삼성,14,"12,32,42,52,59,62,72,82,92,102,112,122,132,142"
76,06:56,4,4,여의도,13,"9,33,43,53,63,73,83,93,103,113,123,133,143"
76,06:56,5,5,김포공항,14,"14,24,34,44,54,64,74,84,94,104,114,124,134,144"
76,06:56,6,6,일산,6,"55,85,95,105,115,125"
76,06:56,7,7,판교,19,"5,16,26,35,36,45,46,56,65,66,75,76,86,96,106,116,126,136,146"
76,06:56,8,8,동탄/용인,15,"7,17,27,37,47,57,67,77,87,97,107,117,127,137,147"
76,06:56,9,9,평택,20,"13,18,21,23,25,28,38,40,48,58,68,78,88,98,108,118,128,138,145,148"
77,06:57,1,1,서울역,10,"50,60,70,80,90,100,110,120,130,140"
77,06:57,10,10,인천공항,12,"20,39,49,69,79,89,99,109,119,129,139,149"
77,06:57,2,2,수서,14,"1,11,31,41,51,61,71,81,91,101,111,121,131,141"
77,06:57,3,3,삼성,14,"12,32,42,52,59,62,72,82,92,102,112,122,132,142"
77,06:57,4,4,여의도,13,"9,33,43,53,63,73,83,93,103,113,123,133,143"
77,06:57,5,5,김포공항,14,"14,24,34,44,54,64,74,84,94,104,114,124,134,144"
77,06:57,6,6,일산,6,"55,85,95,105,115,125"
77,06:57,7,7,판교,19,"5,16,26,35,36,45,46,56,65,66,75,76,86,96,106,116,126,136,146"
77,06:57,8,8,동탄/용인,14,"7,17,27,37,57,67,77,87,97,107,117,127,137,147"
77,06:57,9,9,평택,20,"13,18,21,23,25,28,38,40,48,58,68,78,88,98,108,118,128,138,145,148"
78,06:58,1,1,서울역,10,"50,60,70,80,90,100,110,120,130,140"
78,06:58,10,10,인천공항,13,"20,22,39,49,69,79,89,99,109,119,129,139,149"
78,06:58,2,2,수서,14,"1,11,31,41,51,61,71,81,91,101,111,121,131,141"
78,06:58,3,3,삼성,15,"6,12,32,42,52,59,62,72,82,92,102,112,122,132,142"
78,06:58,4,4,여의도,13,"9,33,43,53,63,73,83,93,103,113,123,133,143"
78,06:58,5,5,김포공항,14,"14,24,34,44,54,64,74,84,94,104,114,124,134,144"
78,06:58,6,6,일산,6,"55,85,95,105,115,125"
78,06:58,7,7,판교,20,"5,16,26,35,36,45,46,56,65,66,75,76,86,96,106,116,126,135,136,146"
78,06:58,8,8,동탄/용인,14,"7,17,27,37,57,67,77,87,97,107,117,127,137,147"
78,06:58,9,9,평택,20,"13,18,21,23,25,28,38,40,48,58,68,78,88,98,108,118,128,138,145,148"
79,06:59,1,1,서울역,10,"50,60,70,80,90,100,110,120,130,140"
79,06:59,10,10,인천공항,13,"20,22,39,49,69,79,89,99,109,119,129,139,149"
79,06:59,2,2,수서,14,"1,11,31,41,51,61,71,81,91,101,111,121,131,141"
79,06:59,3,3,삼성,15,"6,12,32,42,52,59,62,72,82,92,102,112,122,132,142"
79,06:59,4,4,여의도,13,"9,33,43,53,63,73,83,93,103,113,123,133,143"
79,06:59,5,5,김포공항,14,"14,24,34,44,54,64,74,84,94,104,114,124,134,144"
79,06:59,6,6,일산,6,"55,85,95,105,115,125"
79,06:59,7,7,판교,20,"5,16,26,35,36,45,46,56,65,66,75,76,86,96,106,116,126,135,136,146"
79,06:59,8,8,동탄/용인,14,"7,17,27,37,57,67,77,87,97,107,117,127,137,147"
79,06:59,9,9,평택,20,"13,18,21,23,25,28,38,40,48,58,68,78,88,98,108,118,128,138,145,148"
80,07:00,1,1,서울역,10,"50,60,70,80,90,100,110,120,130,140"
80,07:00,10,10,인천공항,13,"20,22,39,49,69,79,89,99,109,119,129,139,149"
80,07:00,2,2,수서,14,"1,11,31,41,51,61,71,81,91,101,111,121,131,141"
80,07:00,3,3,삼성,15,"6,12,32,42,52,59,62,72,82,92,102,112,122,132,142"
80,07:00,4,4,여의도,11,"33,53,63,73,83,93,103,113,123,133,143"
80,07:00,5,5,김포공항,14,"14,24,34,44,54,64,74,84,94,104,114,124,134,144"
80,07:00,6,6,일산,6,"55,85,95,105,115,125"
80,07:00,7,7,판교,20,"5,16,26,35,36,45,46,56,65,66,75,76,86,96,106,116,126,135,136,146"
80,07:00,8,8,동탄/용인,14,"7,17,27,37,57,67,77,87,97,107,117,127,137,147"
80,07:00,9,9,평택,20,"13,18,21,23,25,28,38,40,48,58,68,78,88,98,108,118,128,138,145,148"
81,07:01,1,1,서울역,10,"50,60,70,80,90,100,110,120,130,140"
81,07:01,10,10,인천공항,14,"20,22,30,39,49,69,79,89,99,109,119,129,139,149"
81,07:01,2,2,수서,14,"1,11,31,41,51,61,71,81,91,101,111,121,131,141"
81,07:01,3,3,삼성,15,"6,12,32,42,52,59,62,72,82,92,102,112,122,132,142"
81,07:01,4,4,여의도,10,"53,63,73,83,93,103,113,123,133,143"
81,07:01,5,5,김포공항,14,"14,24,34,44,54,64,74,84,94,104,114,124,134,144"
81,07:01,6,6,일산,6,"55,85,95,105,115,125"
81,07:01,7,7,판교,20,"5,16,26,35,36,45,46,56,65,66,75,76,86,96,106,116,126,135,136,146"
81,07:01,8,8,동탄/용인,14,"7,17,27,37,57,67,77,87,97,107,117,127,137,147"
81,07:01,9,9,평택,20,"13,18,21,23,25,28,38,40,48,58,68,78,88,98,108,118,128,138,145,148"
82,07:02,1,1,서울역,10,"50,60,70,80,90,100,110,120,130,140"
82,07:02,10,10,인천공항,14,"20,22,30,39,49,69,79,89,99,109,119,129,139,149"
82,07:02,2,2,수서,14,"1,11,31,41,51,61,71,81,91,101,111,121,131,141"
82,07:02,3,3,삼성,15,"6,12,32,42,52,59,62,72,82,92,102,112,122,132,142"
82,07:02,4,4,여의도,10,"53,63,73,83,93,103,113,123,133,143"
82,07:02,5,5,김포공항,14,"14,24,34,44,54,64,74,84,94,104,114,124,134,144"
82,07:02,6,6,일산,6,"55,85,95,105,115,125"
82,07:02,7,7,판교,20,"5,16,26,35,36,45,46,56,65,66,75,76,86,96,106,116,126,135,136,146"
82,07:02,8,8,동탄/용인,14,"7,17,27,37,57,67,77,87,97,107,117,127,137,147"
82,07:02,9,9,평택,21,"3,13,18,21,23,25,28,38,40,48,58,68,78,88,98,108,118,128,138,145,148"
83,07:03,1,1,서울역,10,"50,60,70,80,90,100,110,120,130,140"
83,07:03,10,10,인천공항,14,"20,22,30,39,49,69,79,89,99,109,119,129,139,149"
83,07:03,2,2,수서,14,"1,11,31,41,51,61,71,81,91,101,111,121,131,141"
83,07:03,3,3,삼성,15,"6,12,32,42,52,59,62,72,82,92,102,112,122,132,142"
83,07:03,4,4,여의도,10,"53,63,73,83,93,103,113,123,133,143"
83,07:03,5,5,김포공항,14,"14,24,34,44,54,64,74,84,94,104,114,124,134,144"
83,07:03,6,6,일산,6,"55,85,95,105,115,125"
83,07:03,7,7,판교,20,"5,16,26,35,36,45,46,56,65,66,75,76,86,96,106,116,126,135,136,146"
83,07:03,8,8,동탄/용인,14,"7,17,27,37,57,67,77,87,97,107,117,127,137,147"
83,07:03,9,9,평택,21,"3,13,18,21,23,25,28,38,40,48,58,68,78,88,98,108,118,128,138,145,148"
84,07:04,1,1,서울역,10,"50,60,70,80,90,100,110,120,130,140"
84,07:04,10,10,인천공항,14,"20,22,30,39,49,69,79,89,99,109,119,129,139,149"
84,07:04,2,2,수서,14,"1,11,31,41,51,61,71,81,91,101,111,121,131,141"
84,07:04,3,3,삼성,16,"6,12,15,32,42,52,59,62,72,82,92,102,112,122,132,142"
84,07:04,4,4,여의도,10,"53,63,73,83,93,103,113,123,133,143"
84,07:04,5,5,김포공항,13,"14,34,44,54,64,74,84,94,104,114,124,134,144"
84,07:04,6,6,일산,6,"55,85,95,105,115,125"
84,07:04,7,7,판교,20,"5,16,26,35,36,45,46,56,65,66,75,76,86,96,106,116,126,135,136,146"
84,07:04,8,8,동탄/용인,14,"7,17,27,37,57,67,77,87,97,107,117,127,137,147"
84,07:04,9,9,평택,21,"3,13,18,21,23,25,28,38,40,48,58,68,78,88,98,108,118,128,138,145,148"
85,07:05,1,1,서울역,10,"50,60,70,80,90,100,110,120,130,140"
85,07:05,10,10,인천공항,14,"20,22,30,39,49,69,79,89,99,109,119,129,139,149"
85,07:05,2,2,수서,14,"1,11,31,41,51,61,71,81,91,101,111,121,131,141"
85,07:05,3,3,삼성,16,"6,12,15,32,42,52,59,62,72,82,92,102,112,122,132,142"
85,07:05,4,4,여의도,10,"53,63,73,83,93,103,113,123,133,143"
85,07:05,5,5,김포공항,12,"34,44,54,64,74,84,94,104,114,124,134,144"
85,07:05,6,6,일산,6,"55,85,95,105,115,125"
85,07:05,7,7,판교,20,"5,16,26,35,36,45,46,56,65,66,75,76,86,96,106,116,126,135,136,146"
85,07:05,8,8,동탄/용인,13,"7,27,37,57,67,77,87,97,107,117,127,137,147"
85,07:05,9,9,평택,21,"3,13,18,21,23,25,28,38,40,48,58,68,78,88,98,108,118,128,138,145,148"
86,07:06,1,1,서울역,10,"50,60,70,80,90,100,110,120,130,140"
86,07:06,10,10,인천공항,15,"4,20,22,30,39,49,69,79,89,99,109,119,129,139,149"
86,07:06,2,2,수서,14,"1,11,31,41,51,61,71,81,91,101,111,121,131,141"
86,07:06,3,3,삼성,16,"6,12,15,32,42,52,59,62,72,82,92,102,112,122,132,142"
86,07:06,4,4,여의도,11,"0,53,63,73,83,93,103,113,123,133,143"
86,07:06,5,5,김포공항,12,"34,44,54,64,74,84,94,104,114,124,134,144"
86,07:06,6,6,일산,6,"55,85,95,105,115,125"
86,07:06,7,7,판교,20,"5,16,26,35,36,45,46,56,65,66,75,76,86,96,106,116,126,135,136,146"
86,07:06,8,8,동탄/용인,13,"7,27,37,57,67,77,87,97,107,117,127,137,147"
86,07:06,9,9,평택,21,"3,13,18,21,23,25,28,38,40,48,58,68,78,88,98,108,118,128,138,145,148"
87,07:07,1,1,서울역,10,"50,60,70,80,90,100,110,120,130,140"
87,07:07,10,10,인천공항,15,"4,20,22,30,39,49,69,79,89,99,109,119,129,139,149"
87,07:07,2,2,수서,14,"1,11,31,41,51,61,71,81,91,101,111,121,131,141"
87,07:07,3,3,삼성,16,"6,12,15,32,42,52,59,62,72,82,92,102,112,122,132,142"
87,07:07,4,4,여의도,12,"0,2,53,63,73,83,93,103,113,123,133,143"
87,07:07,5,5,김포공항,12,"34,44,54,64,74,84,94,104,114,124,134,144"
87,07:07,6,6,일산,8,"9,43,55,85,95,105,115,125"
87,07:07,7,7,판교,20,"5,16,26,35,36,45,46,56,65,66,75,76,86,96,106,116,126,135,136,146"
87,07:07,8,8,동탄/용인,13,"7,27,37,57,67,77,87,97,107,117,127,137,147"
87,07:07,9,9,평택,21,"3,13,18,21,23,25,28,38,40,48,58,68,78,88,98,108,118,128,138,145,148"
88,07:08,1,1,서울역,10,"50,60,70,80,90,100,110,120,130,140"
88,07:08,10,10,인천공항,15,"4,20,22,30,39,49,69,79,89,99,109,119,129,139,149"
88,07:08,2,2,수서,14,"1,11,31,41,51,61,71,81,91,101,111,121,131,141"
88,07:08,3,3,삼성,17,"6,12,15,19,32,42,52,59,62,72,82,92,102,112,122,132,142"
88,07:08,4,4,여의도,13,"0,2,47,53,63,73,83,93,103,113,123,133,143"
88,07:08,5,5,김포공항,12,"34,44,54,64,74,84,94,104,114,124,134,144"
88,07:08,6,6,일산,9,"9,33,43,55,85,95,105,115,125"
88,07:08,7,7,판교,21,"5,16,26,29,35,36,45,46,56,65,66,75,76,86,96,106,116,126,135,136,146"
88,07:08,8,8,동탄/용인,13,"7,27,37,57,67,77,87,97,107,117,127,137,147"
88,07:08,9,9,평택,21,"3,13,18,21,23,25,28,38,40,48,58,68,78,88,98,108,118,128,138,145,148"
89,07:09,1,1,서울역,10,"50,60,70,80,90,100,110,120,130,140"
89,07:09,10,10,인천공항,15,"4,20,22,30,39,49,69,79,89,99,109,119,129,139,149"
89,07:09,2,2,수서,14,"1,11,31,41,51,61,71,81,91,101,111,121,131,141"
89,07:09,3,3,삼성,17,"6,12,15,19,32,42,52,59,62,72,82,92,102,112,122,132,142"
89,07:09,4,4,여의도,12,"2,47,53,63,73,83,93,103,113,123,133,143"
89,07:09,5,5,김포공항,12,"34,44,54,64,74,84,94,104,114,124,134,144"
89,07:09,6,6,일산,9,"9,33,43,55,85,95,105,115,125"
89,07:09,7,7,판교,21,"5,16,26,29,35,36,45,46,56,65,66,75,76,86,96,106,116,126,135,136,146"
89,07:09,8,8,동탄/용인,13,"7,27,37,57,67,77,87,97,107,117,127,137,147"
89,07:09,9,9,평택,21,"3,13,18,21,23,25,28,38,40,48,58,68,78,88,98,108,118,128,138,145,148"
90,07:10,1,1,서울역,10,"50,60,70,80,90,100,110,120,130,140"
90,07:10,10,10,인천공항,14,"4,20,30,39,49,69,79,89,99,109,119,129,139,149"
90,07:10,2,2,수서,14,"1,11,31,41,51,61,71,81,91,101,111,121,131,141"
90,07:10,3,3,삼성,17,"6,12,15,19,32,42,52,59,62,72,82,92,102,112,122,132,142"
90,07:10,4,4,여의도,11,"47,53,63,73,83,93,103,113,123,133,143"
90,07:10,5,5,김포공항,12,"34,44,54,64,74,84,94,104,114,124,134,144"
90,07:10,6,6,일산,7,"33,55,85,95,105,115,125"
90,07:10,7,7,판교,21,"5,16,26,29,35,36,45,46,56,65,66,75,76,86,96,106,116,126,135,136,146"
90,07:10,8,8,동탄/용인,13,"7,27,37,57,67,77,87,97,107,117,127,137,147"
90,07:10,9,9,평택,21,"3,13,18,21,23,25,28,38,40,48,58,68,78,88,98,108,118,128,138,145,148"
91,07:11,1,1,서울역,10,"50,60,70,80,90,100,110,120,130,140"
91,07:11,10,10,인천공항,14,"4,20,30,39,49,69,79,89,99,109,119,129,139,149"
91,07:11,2,2,수서,14,"1,11,31,41,51,61,71,81,91,101,111,121,131,141"
91,07:11,3,3,삼성,17,"6,12,15,19,32,42,52,59,62,72,82,92,102,112,122,132,142"
91,07:11,4,4,여의도,11,"47,53,63,73,83,93,103,113,123,133,143"
91,07:11,5,5,김포공항,12,"34,44,54,64,74,84,94,104,114,124,134,144"
91,07:11,6,6,일산,7,"33,55,85,95,105,115,125"
91,07:11,7,7,판교,21,"5,16,26,29,35,36,45,46,56,65,66,75,76,86,96,106,116,126,135,136,146"
91,07:11,8,8,동탄/용인,13,"7,27,37,57,67,77,87,97,107,117,127,137,147"
91,07:11,9,9,평택,22,"3,8,13,18,21,23,25,28,38,40,48,58,68,78,88,98,108,118,128,138,145,148"
92,07:12,1,1,서울역,10,"50,60,70,80,90,100,110,120,130,140"
92,07:12,10,10,인천공항,13,"20,30,39,49,69,79,89,99,109,119,129,139,149"
92,07:12,2,2,수서,14,"1,11,31,41,51,61,71,81,91,101,111,121,131,141"
92,07:12,3,3,삼성,18,"6,10,12,15,19,32,42,52,59,62,72,82,92,102,112,122,132,142"
92,07:12,4,4,여의도,11,"47,53,63,73,83,93,103,113,123,133,143"
92,07:12,5,5,김포공항,12,"34,44,54,64,74,84,94,104,114,124,134,144"
92,07:12,6,6,일산,7,"33,55,85,95,105,115,125"
92,07:12,7,7,판교,21,"5,16,26,29,35,36,45,46,56,65,66,75,76,86,96,106,116,126,135,136,146"
92,07:12,8,8,동탄/용인,13,"7,27,37,57,67,77,87,97,107,117,127,137,147"
92,07:12,9,9,평택,22,"3,8,13,18,21,23,25,28,38,40,48,58,68,78,88,98,108,118,128,138,145,148"
93,07:13,1,1,서울역,11,"14,50,60,70,80,90,100,110,120,130,140"
93,07:13,10,10,인천공항,13,"20,30,39,49,69,79,89,99,109,119,129,139,149"
93,07:13,2,2,수서,13,"1,31,41,51,61,71,81,91,101,111,121,131,141"
93,07:13,3,3,삼성,18,"6,10,12,15,19,32,42,52,59,62,72,82,92,102,112,122,132,142"
93,07:13,4,4,여의도,11,"47,53,63,73,83,93,103,113,123,133,143"
93,07:13,5,5,김포공항,12,"34,44,54,64,74,84,94,104,114,124,134,144"
93,07:13,6,6,일산,7,"33,55,85,95,105,115,125"
93,07:13,7,7,판교,20,"16,26,29,35,36,45,46,56,65,66,75,76,86,96,106,116,126,135,136,146"
93,07:13,8,8,동탄/용인,12,"7,37,57,67,77,87,97,107,117,127,137,147"
93,07:13,9,9,평택,22,"3,8,13,18,21,23,25,28,38,40,48,58,68,78,88,98,108,118,128,138,145,148"
94,07:14,1,1,서울역,11,"14,50,60,70,80,90,100,110,120,130,140"
94,07:14,10,10,인천공항,13,"20,30,39,49,69,79,89,99,109,119,129,139,149"
94,07:14,2,2,수서,12,"1,41,51,61,71,81,91,101,111,121,131,141"
94,07:14,3,3,삼성,18,"6,10,12,15,19,32,42,52,59,62,72,82,92,102,112,122,132,142"
94,07:14,4,4,여의도,11,"47,53,63,73,83,93,103,113,123,133,143"
94,07:14,5,5,김포공항,12,"34,44,54,64,74,84,94,104,114,124,134,144"
94,07:14,6,6,일산,6,"55,85,95,105,115,125"
94,07:14,7,7,판교,21,"16,24,26,29,35,36,45,46,56,65,66,75,76,86,96,106,116,126,135,136,146"
94,07:14,8,8,동탄/용인,12,"7,37,57,67,77,87,97,107,117,127,137,147"
94,07:14,9,9,평택,22,"3,8,13,18,21,23,25,28,38,40,48,58,68,78,88,98,108,118,128,138,145,148"
95,07:15,1,1,서울역,11,"14,50,60,70,80,90,100,110,120,130,140"
95,07:15,10,10,인천공항,13,"20,30,39,49,69,79,89,99,109,119,129,139,149"
95,07:15,2,2,수서,13,"1,17,41,51,61,71,81,91,101,111,121,131,141"
95,07:15,3,3,삼성,18,"6,10,12,15,19,32,42,52,59,62,72,82,92,102,112,122,132,142"
95,07:15,4,4,여의도,11,"47,53,63,73,83,93,103,113,123,133,143"
95,07:15,5,5,김포공항,12,"34,44,54,64,74,84,94,104,114,124,134,144"
95,07:15,6,6,일산,6,"55,85,95,105,115,125"
95,07:15,7,7,판교,21,"16,24,26,29,35,36,45,46,56,65,66,75,76,86,96,106,116,126,135,136,146"
95,07:15,8,8,동탄/용인,12,"7,37,57,67,77,87,97,107,117,127,137,147"
95,07:15,9,9,평택,22,"3,8,13,18,21,23,25,28,38,40,48,58,68,78,88,98,108,118,128,138,145,148"
96,07:16,1,1,서울역,11,"14,50,60,70,80,90,100,110,120,130,140"
96,07:16,10,10,인천공항,13,"20,30,39,49,69,79,89,99,109,119,129,139,149"
96,07:16,2,2,수서,12,"1,17,41,51,61,71,91,101,111,121,131,141"
96,07:16,3,3,삼성,18,"6,10,12,15,19,32,42,52,59,62,72,82,92,102,112,122,132,142"
96,07:16,4,4,여의도,11,"47,53,63,73,83,93,103,113,123,133,143"
96,07:16,5,5,김포공항,12,"34,44,54,64,74,84,94,104,114,124,134,144"
96,07:16,6,6,일산,7,"0,55,85,95,105,115,125"
96,07:16,7,7,판교,21,"16,24,26,29,35,36,45,46,56,65,66,75,76,86,96,106,116,126,135,136,146"
96,07:16,8,8,동탄/용인,12,"7,37,57,67,77,87,97,107,117,127,137,147"
96,07:16,9,9,평택,22,"3,8,13,18,21,23,25,28,38,40,48,58,68,78,88,98,108,118,128,138,145,148"
97,07:17,1,1,서울역,10,"14,60,70,80,90,100,110,120,130,140"
97,07:17,10,10,인천공항,12,"20,39,49,69,79,89,99,109,119,129,139,149"
97,07:17,2,2,수서,12,"1,17,41,51,61,71,91,101,111,121,131,141"
97,07:17,3,3,삼성,18,"6,10,12,15,19,32,42,52,59,62,72,82,92,102,112,122,132,142"
97,07:17,4,4,여의도,11,"47,53,63,73,83,93,103,113,123,133,143"
97,07:17,5,5,김포공항,12,"34,44,54,64,74,84,94,104,114,124,134,144"
97,07:17,6,6,일산,8,"0,2,55,85,95,105,115,125"
97,07:17,7,7,판교,21,"16,24,26,29,35,36,45,46,56,65,66,75,76,86,96,106,116,126,135,136,146"
97,07:17,8,8,동탄/용인,12,"7,37,57,67,77,87,97,107,117,127,137,147"
97,07:17,9,9,평택,22,"3,8,13,18,21,23,25,28,38,40,48,58,68,78,88,98,108,118,128,138,145,148"
98,07:18,1,1,서울역,10,"14,60,70,80,90,100,110,120,130,140"
98,07:18,10,10,인천공항,12,"20,39,49,69,79,89,99,109,119,129,139,149"
98,07:18,2,2,수서,12,"1,17,41,51,61,71,91,101,111,121,131,141"
98,07:18,3,3,삼성,18,"6,10,12,15,19,32,42,52,59,62,72,82,92,102,112,122,132,142"
98,07:18,4,4,여의도,11,"47,53,63,73,83,93,103,113,123,133,143"
98,07:18,5,5,김포공항,12,"34,44,54,64,74,84,94,104,114,124,134,144"
98,07:18,6,6,일산,8,"0,2,55,85,95,105,115,125"
98,07:18,7,7,판교,21,"16,24,26,29,35,36,45,46,56,65,66,75,76,86,96,106,116,126,135,136,146"
98,07:18,8,8,동탄/용인,12,"7,37,57,67,77,87,97,107,117,127,137,147"
98,07:18,9,9,평택,22,"3,8,13,18,21,23,25,28,38,40,48,58,68,78,88,98,108,118,128,138,145,148"
99,07:19,1,1,서울역,10,"14,60,70,80,90,100,110,120,130,140"
99,07:19,10,10,인천공항,12,"20,39,49,69,79,89,99,109,119,129,139,149"
99,07:19,2,2,수서,12,"1,17,41,51,61,71,91,101,111,121,131,141"
99,07:19,3,3,삼성,18,"6,10,12,15,19,32,42,52,59,62,72,82,92,102,112,122,132,142"
99,07:19,4,4,여의도,12,"11,47,53,63,73,83,93,103,113,123,133,143"
99,07:19,5,5,김포공항,12,"34,44,54,64,74,84,94,104,114,124,134,144"
99,07:19,6,6,일산,7,"2,55,85,95,105,115,125"
99,07:19,7,7,판교,21,"16,24,26,29,35,36,45,46,56,65,66,75,76,86,96,106,116,126,135,136,146"
99,07:19,8,8,동탄/용인,12,"7,37,57,67,77,87,97,107,117,127,137,147"
99,07:19,9,9,평택,22,"3,8,13,18,21,23,25,28,38,40,48,58,68,78,88,98,108,118,128,138,145,148"
100,07:20,1,1,서울역,11,"5,14,60,70,80,90,100,110,120,130,140"
100,07:20,10,10,인천공항,12,"20,39,49,69,79,89,99,109,119,129,139,149"
100,07:20,2,2,수서,12,"1,17,41,51,61,71,91,101,111,121,131,141"
100,07:20,3,3,삼성,19,"6,9,10,12,15,19,32,42,52,59,62,72,82,92,102,112,122,132,142"
100,07:20,4,4,여의도,13,"11,31,47,53,63,73,83,93,103,113,123,133,143"
100,07:20,5,5,김포공항,12,"34,44,54,64,74,84,94,104,114,124,134,144"
100,07:20,6,6,일산,5,"55,95,105,115,125"
100,07:20,7,7,판교,21,"16,24,26,29,35,36,45,46,56,65,66,75,76,86,96,106,116,126,135,136,146"
100,07:20,8,8,동탄/용인,12,"7,37,57,67,77,87,97,107,117,127,137,147"
100,07:20,9,9,평택,22,"3,8,13,18,21,23,25,28,38,40,48,58,68,78,88,98,108,118,128,138,145,148"
101,07:21,1,1,서울역,11,"5,14,60,70,80,90,100,110,120,130,140"
101,07:21,10,10,인천공항,12,"20,39,49,69,79,89,99,109,119,129,139,149"
101,07:21,2,2,수서,12,"1,17,41,51,61,71,91,101,111,121,131,141"
101,07:21,3,3,삼성,19,"6,9,10,12,15,19,32,42,52,59,62,72,82,92,102,112,122,132,142"
101,07:21,4,4,여의도,13,"11,31,47,53,63,73,83,93,103,113,123,133,143"
101,07:21,5,5,김포공항,12,"34,44,54,64,74,84,94,104,114,124,134,144"
101,07:21,6,6,일산,5,"55,95,105,115,125"
101,07:21,7,7,판교,21,"16,24,26,29,35,36,45,46,56,65,66,75,76,86,96,106,116,126,135,136,146"
101,07:21,8,8,동탄/용인,11,"7,57,67,77,87,97,107,117,127,137,147"
101,07:21,9,9,평택,22,"3,8,13,18,21,23,25,28,38,40,48,58,68,78,88,98,108,118,128,138,145,148"
102,07:22,1,1,서울역,11,"5,14,60,70,80,90,100,110,120,130,140"
102,07:22,10,10,인천공항,12,"20,39,49,69,79,89,99,109,119,129,139,149"
102,07:22,2,2,수서,12,"1,17,41,51,61,71,91,101,111,121,131,141"
102,07:22,3,3,삼성,19,"6,9,10,12,15,19,32,42,52,59,62,72,82,92,102,112,122,132,142"
102,07:22,4,4,여의도,12,"11,31,47,53,73,83,93,103,113,123,133,143"
102,07:22,5,5,김포공항,12,"34,44,54,64,74,84,94,104,114,124,134,144"
102,07:22,6,6,일산,5,"55,95,105,115,125"
102,07:22,7,7,판교,22,"16,24,26,29,35,36,43,45,46,56,65,66,75,76,86,96,106,116,126,135,136,146"
102,07:22,8,8,동탄/용인,11,"7,57,67,77,87,97,107,117,127,137,147"
102,07:22,9,9,평택,22,"3,8,13,18,21,23,25,28,38,40,48,58,68,78,88,98,108,118,128,138,145,148"
103,07:23,1,1,서울역,11,"5,14,60,70,80,90,100,110,120,130,140"
103,07:23,10,10,인천공항,12,"20,39,49,69,79,89,99,109,119,129,139,149"
103,07:23,2,2,수서,13,"1,17,27,41,51,61,71,91,101,111,121,131,141"
103,07:23,3,3,삼성,19,"6,9,10,12,15,19,32,42,52,59,62,72,82,92,102,112,122,132,142"
103,07:23,4,4,여의도,12,"11,31,47,53,73,83,93,103,113,123,133,143"
103,07:23,5,5,김포공항,12,"34,44,54,64,74,84,94,104,114,124,134,144"
103,07:23,6,6,일산,4,"55,95,105,125"
103,07:23,7,7,판교,21,"16,24,26,29,35,36,43,45,46,56,65,66,76,86,96,106,116,126,135,136,146"
103,07:23,8,8,동탄/용인,11,"7,57,67,77,87,97,107,117,127,137,147"
103,07:23,9,9,평택,22,"3,8,13,18,21,23,25,28,38,40,48,58,68,78,88,98,108,118,128,138,145,148"
104,07:24,1,1,서울역,11,"5,14,60,70,80,90,100,110,120,130,140"
104,07:24,10,10,인천공항,12,"20,39,49,69,79,89,99,109,119,129,139,149"
104,07:24,2,2,수서,12,"1,27,41,51,61,71,91,101,111,121,131,141"
104,07:24,3,3,삼성,20,"6,9,10,12,15,19,32,33,42,52,59,62,72,82,92,102,112,122,132,142"
104,07:24,4,4,여의도,12,"11,31,47,53,73,83,93,103,113,123,133,143"
104,07:24,5,5,김포공항,12,"34,44,54,64,74,84,94,104,114,124,134,144"
104,07:24,6,6,일산,4,"55,95,105,125"
104,07:24,7,7,판교,21,"16,24,26,29,35,36,43,45,46,56,65,66,76,86,96,106,116,126,135,136,146"
104,07:24,8,8,동탄/용인,11,"7,57,67,77,87,97,107,117,127,137,147"
104,07:24,9,9,평택,22,"3,8,13,18,21,23,25,28,38,40,48,58,68,78,88,98,108,118,128,138,145,148"
105,07:25,1,1,서울역,11,"5,14,60,70,80,90,100,110,120,130,140"
105,07:25,10,10,인천공항,12,"20,39,49,69,79,89,99,109,119,129,139,149"
105,07:25,2,2,수서,12,"1,27,41,51,61,71,91,101,111,121,131,141"
105,07:25,3,3,삼성,20,"6,9,10,12,15,19,32,33,42,52,59,62,72,82,92,102,112,122,132,142"
105,07:25,4,4,여의도,12,"11,31,47,53,73,83,93,103,113,123,133,143"
105,07:25,5,5,김포공항,12,"34,44,54,64,74,84,94,104,114,124,134,144"
105,07:25,6,6,일산,4,"55,95,105,125"
105,07:25,7,7,판교,21,"16,24,26,29,35,36,43,45,46,56,65,66,76,86,96,106,116,126,135,136,146"
105,07:25,8,8,동탄/용인,11,"7,57,67,77,87,97,107,117,127,137,147"
105,07:25,9,9,평택,22,"3,8,13,18,21,23,25,28,38,40,48,58,68,78,88,98,108,118,128,138,145,148"
106,07:26,1,1,서울역,11,"5,14,60,70,80,90,100,110,120,130,140"
106,07:26,10,10,인천공항,12,"20,39,49,69,79,89,99,109,119,129,139,149"
106,07:26,2,2,수서,12,"1,27,41,51,61,71,91,101,111,121,131,141"
106,07:26,3,3,삼성,20,"6,9,10,12,15,19,32,33,42,52,59,62,72,82,92,102,112,122,132,142"
106,07:26,4,4,여의도,12,"11,31,47,53,73,83,93,103,113,123,133,143"
106,07:26,5,5,김포공항,12,"34,44,54,64,74,84,94,104,114,124,134,144"
106,07:26,6,6,일산,4,"55,95,105,125"
106,07:26,7,7,판교,21,"16,24,26,29,35,36,43,45,46,56,65,66,76,86,96,106,116,126,135,136,146"
106,07:26,8,8,동탄/용인,10,"57,67,77,87,97,107,117,127,137,147"
106,07:26,9,9,평택,22,"3,8,13,18,21,23,25,28,38,40,48,58,68,78,88,98,108,118,128,138,145,148"
107,07:27,1,1,서울역,12,"5,14,60,70,80,85,90,100,110,120,130,140"
107,07:27,10,10,인천공항,11,"20,49,69,79,89,99,109,119,129,139,149"
107,07:27,2,2,수서,12,"1,27,41,51,61,71,91,101,111,121,131,141"
107,07:27,3,3,삼성,20,"4,6,9,10,12,15,19,32,33,42,52,59,62,72,82,92,112,122,132,142"
107,07:27,4,4,여의도,12,"11,31,47,53,73,83,93,103,113,123,133,143"
107,07:27,5,5,김포공항,12,"34,44,54,64,74,84,94,104,114,124,134,144"
107,07:27,6,6,일산,5,"55,81,95,105,125"
107,07:27,7,7,판교,21,"16,24,26,29,35,36,43,45,46,56,65,66,76,86,96,106,116,126,135,136,146"
107,07:27,8,8,동탄/용인,10,"57,67,77,87,97,107,117,127,137,147"
107,07:27,9,9,평택,22,"3,8,13,18,21,23,25,28,38,40,48,58,68,78,88,98,108,118,128,138,145,148"
108,07:28,1,1,서울역,12,"5,14,60,70,80,85,90,100,110,120,130,140"
108,07:28,10,10,인천공항,11,"20,49,69,79,89,99,109,119,129,139,149"
108,07:28,2,2,수서,12,"1,27,41,51,61,71,91,101,111,121,131,141"
108,07:28,3,3,삼성,20,"4,6,9,10,12,15,19,32,33,42,52,59,62,72,82,92,112,122,132,142"
108,07:28,4,4,여의도,12,"11,31,47,53,73,83,93,103,113,123,133,143"
108,07:28,5,5,김포공항,12,"34,44,54,64,74,84,94,104,114,124,134,144"
108,07:28,6,6,일산,5,"55,81,95,105,125"
108,07:28,7,7,판교,21,"16,24,26,29,35,36,43,45,46,56,65,66,76,86,96,106,116,126,135,136,146"
108,07:28,8,8,동탄/용인,10,"57,67,77,87,97,107,117,127,137,147"
108,07:28,9,9,평택,22,"3,8,13,18,21,23,25,28,38,40,48,58,68,78,88,98,108,118,128,138,145,148"
109,07:29,1,1,서울역,12,"5,14,60,70,80,85,90,100,110,120,130,140"
109,07:29,10,10,인천공항,11,"20,49,69,79,89,99,109,119,129,139,149"
109,07:29,2,2,수서,12,"1,27,41,51,61,71,91,101,111,121,131,141"
109,07:29,3,3,삼성,20,"4,6,9,10,12,15,19,32,33,42,52,59,62,72,82,92,112,122,132,142"
109,07:29,4,4,여의도,12,"11,31,47,53,73,83,93,103,113,123,133,143"
109,07:29,5,5,김포공항,12,"34,44,54,64,74,84,94,104,114,124,134,144"
109,07:29,6,6,일산,6,"55,63,81,95,105,125"
109,07:29,7,7,판교,21,"16,24,26,29,35,36,43,45,46,56,65,66,76,86,96,106,116,126,135,136,146"
109,07:29,8,8,동탄/용인,10,"57,67,77,87,97,107,117,127,137,147"
109,07:29,9,9,평택,23,"3,8,13,18,21,22,23,25,28,38,40,48,58,68,78,88,98,108,118,128,138,145,148"
110,07:30,1,1,서울역,13,"5,14,60,70,80,85,90,100,110,115,120,130,140"
110,07:30,10,10,인천공항,11,"20,49,69,79,89,99,109,119,129,139,149"
110,07:30,2,2,수서,12,"1,27,41,51,61,71,91,101,111,121,131,141"
110,07:30,3,3,삼성,20,"4,6,9,10,12,15,19,32,33,42,52,59,62,72,82,92,112,122,132,142"
110,07:30,4,4,여의도,13,"11,17,31,47,53,73,83,93,103,113,123,133,143"
110,07:30,5,5,김포공항,12,"34,44,54,64,74,84,94,104,114,124,134,144"
110,07:30,6,6,일산,6,"55,63,81,95,105,125"
110,07:30,7,7,판교,21,"16,24,26,29,35,36,43,45,46,56,65,66,76,86,96,106,116,126,135,136,146"
110,07:30,8,8,동탄/용인,10,"57,67,77,87,97,107,117,127,137,147"
110,07:30,9,9,평택,23,"3,8,13,18,21,22,23,25,28,38,40,48,58,68,78,88,98,108,118,128,138,145,148"
111,07:31,1,1,서울역,13,"5,14,60,70,80,85,90,100,110,115,120,130,140"
111,07:31,10,10,인천공항,11,"20,49,69,79,89,99,109,119,129,139,149"
111,07:31,2,2,수서,12,"27,37,41,51,61,71,91,101,111,121,131,141"
111,07:31,3,3,삼성,20,"4,6,9,10,12,15,19,32,33,42,52,59,62,72,82,92,112,122,132,142"
111,07:31,4,4,여의도,13,"11,17,31,47,53,73,83,93,103,113,123,133,143"
111,07:31,5,5,김포공항,12,"34,44,54,64,74,84,94,104,114,124,134,144"
111,07:31,6,6,일산,5,"55,63,81,95,125"
111,07:31,7,7,판교,22,"0,16,24,26,29,35,36,43,45,46,56,65,66,76,86,96,106,116,126,135,136,146"
111,07:31,8,8,동탄/용인,10,"57,67,77,87,97,107,117,127,137,147"
111,07:31,9,9,평택,23,"3,8,13,18,21,22,23,25,28,38,40,48,58,68,78,88,98,108,118,128,138,145,148"
112,07:32,1,1,서울역,13,"5,14,60,70,80,85,90,100,110,115,120,130,140"
112,07:32,10,10,인천공항,11,"20,49,69,79,89,99,109,119,129,139,149"
112,07:32,2,2,수서,12,"27,37,41,51,61,71,91,101,111,121,131,141"
112,07:32,3,3,삼성,20,"4,6,9,10,12,15,19,32,33,42,52,59,62,72,82,92,112,122,132,142"
112,07:32,4,4,여의도,13,"11,17,31,47,53,73,83,93,103,113,123,133,143"
112,07:32,5,5,김포공항,12,"34,44,54,64,74,84,94,104,114,124,134,144"
112,07:32,6,6,일산,4,"55,81,95,125"
112,07:32,7,7,판교,23,"0,2,16,24,26,29,35,36,43,45,46,56,65,66,76,86,96,106,116,126,135,136,146"
112,07:32,8,8,동탄/용인,10,"57,67,77,87,97,107,117,127,137,147"
112,07:32,9,9,평택,23,"3,8,13,18,21,22,23,25,28,38,40,48,58,68,78,88,98,108,118,128,138,145,148"
113,07:33,1,1,서울역,12,"5,14,60,70,80,85,90,100,110,120,130,140"
113,07:33,10,10,인천공항,11,"20,49,69,79,89,99,109,119,129,139,149"
113,07:33,2,2,수서,12,"27,37,41,51,61,71,91,101,111,121,131,141"
113,07:33,3,3,삼성,20,"4,6,9,10,12,15,19,32,33,42,52,59,62,72,82,92,112,122,132,142"
113,07:33,4,4,여의도,13,"11,17,31,47,53,73,83,93,103,113,123,133,143"
113,07:33,5,5,김포공항,12,"34,44,54,64,74,84,94,104,114,124,134,144"
113,07:33,6,6,일산,4,"55,81,95,125"
113,07:33,7,7,판교,23,"0,2,16,24,26,29,35,36,43,45,46,56,65,66,76,86,96,106,116,126,135,136,146"
113,07:33,8,8,동탄/용인,10,"57,67,77,87,97,107,117,127,137,147"
113,07:33,9,9,평택,24,"3,8,13,18,21,22,23,25,28,38,40,48,50,58,68,78,88,98,108,118,128,138,145,148"
114,07:34,1,1,서울역,12,"5,14,60,70,80,85,90,100,110,120,130,140"
114,07:34,10,10,인천공항,10,"20,69,79,89,99,109,119,129,139,149"
114,07:34,2,2,수서,12,"27,37,41,51,61,71,91,101,111,121,131,141"
114,07:34,3,3,삼성,20,"4,6,9,10,12,15,19,32,33,42,52,59,62,72,82,92,112,122,132,142"
114,07:34,4,4,여의도,13,"11,17,31,47,53,73,83,93,103,113,123,133,143"
114,07:34,5,5,김포공항,11,"34,44,54,64,84,94,104,114,124,134,144"
114,07:34,6,6,일산,4,"55,81,95,125"
114,07:34,7,7,판교,22,"0,2,24,26,29,35,36,43,45,46,56,65,66,76,86,96,106,116,126,135,136,146"
114,07:34,8,8,동탄/용인,10,"57,67,77,87,97,107,117,127,137,147"
114,07:34,9,9,평택,24,"3,8,13,18,21,22,23,25,28,38,40,48,50,58,68,78,88,98,108,118,128,138,145,148"
115,07:35,1,1,서울역,12,"5,14,60,70,80,85,90,100,110,120,130,140"
115,07:35,10,10,인천공항,10,"20,69,79,89,99,109,119,129,139,149"
115,07:35,2,2,수서,12,"27,37,41,51,61,71,91,101,111,121,131,141"
115,07:35,3,3,삼성,20,"4,6,9,10,12,15,19,32,33,42,52,59,62,72,82,92,112,122,132,142"
115,07:35,4,4,여의도,13,"11,17,31,47,53,73,83,93,103,113,123,133,143"
115,07:35,5,5,김포공항,11,"34,44,54,64,84,94,104,114,124,134,144"
115,07:35,6,6,일산,5,"55,75,81,95,125"
115,07:35,7,7,판교,22,"0,2,24,26,29,35,36,43,45,46,56,65,66,76,86,96,106,116,126,135,136,146"
115,07:35,8,8,동탄/용인,9,"67,77,87,97,107,117,127,137,147"
115,07:35,9,9,평택,24,"3,8,13,18,21,22,23,25,28,38,40,48,50,58,68,78,88,98,108,118,128,138,145,148"
116,07:36,1,1,서울역,12,"5,14,60,70,80,85,90,100,110,120,130,140"
116,07:36,10,10,인천공항,10,"20,69,79,89,99,109,119,129,139,149"
116,07:36,2,2,수서,13,"7,27,37,41,51,61,71,91,101,111,121,131,141"
116,07:36,3,3,삼성,20,"4,6,9,10,12,15,19,32,33,42,52,59,62,72,82,92,112,122,132,142"
116,07:36,4,4,여의도,13,"11,17,31,47,53,73,83,93,103,113,123,133,143"
116,07:36,5,5,김포공항,11,"34,44,54,64,84,94,104,114,124,134,144"
116,07:36,6,6,일산,4,"55,75,81,95"
116,07:36,7,7,판교,22,"0,2,24,26,29,35,36,43,45,46,56,65,66,76,86,96,106,116,126,135,136,146"
116,07:36,8,8,동탄/용인,8,"77,87,97,107,117,127,137,147"
116,07:36,9,9,평택,25,"3,8,13,18,21,22,23,25,28,30,38,40,48,50,58,68,78,88,98,108,118,128,138,145,148"
117,07:37,1,1,서울역,12,"5,14,60,70,80,85,90,100,110,120,130,140"
117,07:37,10,10,인천공항,10,"20,69,79,89,99,109,119,129,139,149"
117,07:37,2,2,수서,13,"7,27,37,41,51,61,71,91,101,111,121,131,141"
117,07:37,3,3,삼성,20,"4,6,9,10,12,15,19,32,33,42,52,59,62,72,82,92,112,122,132,142"
117,07:37,4,4,여의도,14,"1,11,17,31,47,53,73,83,93,103,113,123,133,143"
117,07:37,5,5,김포공항,11,"34,44,54,64,84,94,104,114,124,134,144"
117,07:37,6,6,일산,4,"55,75,81,95"
117,07:37,7,7,판교,22,"0,2,24,26,29,35,36,43,45,46,56,65,66,76,86,96,106,116,126,135,136,146"
117,07:37,8,8,동탄/용인,8,"77,87,97,107,117,127,137,147"
117,07:37,9,9,평택,25,"3,8,13,18,21,22,23,25,28,30,38,40,48,50,58,68,78,88,98,108,118,128,138,145,148"
118,07:38,1,1,서울역,13,"5,14,60,70,80,85,90,100,105,110,120,130,140"
118,07:38,10,10,인천공항,10,"20,69,79,89,99,109,119,129,139,149"
118,07:38,2,2,수서,13,"7,27,37,41,51,61,71,91,101,111,121,131,141"
118,07:38,3,3,삼성,20,"4,6,9,10,12,15,19,32,33,42,52,59,62,72,82,92,112,122,132,142"
118,07:38,4,4,여의도,14,"1,11,17,31,47,53,73,83,93,103,113,123,133,143"
118,07:38,5,5,김포공항,11,"34,44,54,64,84,94,104,114,124,134,144"
118,07:38,6,6,일산,4,"55,75,81,95"
118,07:38,7,7,판교,22,"0,2,24,26,29,35,36,43,45,46,56,65,66,76,86,96,106,116,126,135,136,146"
118,07:38,8,8,동탄/용인,8,"77,87,97,107,117,127,137,147"
118,07:38,9,9,평택,25,"3,8,13,18,21,22,23,25,28,30,38,40,48,50,58,68,78,88,98,108,118,128,138,145,148"
119,07:39,1,1,서울역,13,"5,14,60,70,80,85,90,100,105,110,120,130,140"
119,07:39,10,10,인천공항,10,"20,69,79,89,99,109,119,129,139,149"
119,07:39,2,2,수서,13,"7,27,37,41,51,61,71,91,101,111,121,131,141"
119,07:39,3,3,삼성,19,"4,9,10,12,15,19,32,33,42,52,59,62,72,82,92,112,122,132,142"
119,07:39,4,4,여의도,14,"1,11,17,31,47,53,73,83,93,103,113,123,133,143"
119,07:39,5,5,김포공항,11,"34,44,54,64,84,94,104,114,124,134,144"
119,07:39,6,6,일산,4,"55,75,81,95"
119,07:39,7,7,판교,22,"0,2,24,26,29,35,36,43,45,46,56,65,66,76,86,96,106,116,126,135,136,146"
119,07:39,8,8,동탄/용인,8,"77,87,97,107,117,127,137,147"
119,07:39,9,9,평택,25,"3,8,13,18,21,22,23,25,28,30,38,40,48,50,58,68,78,88,98,108,118,128,138,145,148"
120,07:40,1,1,서울역,12,"5,14,60,70,80,85,90,100,105,110,120,140"
120,07:40,10,10,인천공항,10,"20,69,79,89,99,109,119,129,139,149"
120,07:40,2,2,수서,13,"7,27,37,41,51,61,71,91,101,111,121,131,141"
120,07:40,3,3,삼성,18,"4,10,12,15,19,32,33,42,52,59,62,72,82,92,112,122,132,142"
120,07:40,4,4,여의도,14,"1,11,17,31,47,53,73,83,93,103,113,123,133,143"
120,07:40,5,5,김포공항,11,"34,44,54,64,84,94,104,114,124,134,144"
120,07:40,6,6,일산,4,"55,75,81,95"
120,07:40,7,7,판교,22,"0,2,24,26,29,35,36,43,45,46,56,65,66,76,86,96,106,116,126,135,136,146"
120,07:40,8,8,동탄/용인,8,"77,87,97,107,117,127,137,147"
120,07:40,9,9,평택,25,"3,8,13,18,21,22,23,25,28,30,38,40,48,50,58,68,78,88,98,108,118,128,138,145,148"
121,07:41,1,1,서울역,12,"5,14,60,70,80,85,90,100,105,110,120,140"
121,07:41,10,10,인천공항,10,"20,69,79,89,99,109,119,129,139,149"
121,07:41,2,2,수서,13,"7,27,37,41,51,61,71,91,101,111,121,131,141"
121,07:41,3,3,삼성,18,"4,10,12,15,19,32,33,42,52,59,62,72,82,92,112,122,132,142"
121,07:41,4,4,여의도,15,"1,11,16,17,31,47,53,73,83,93,103,113,123,133,143"
121,07:41,5,5,김포공항,11,"34,44,54,64,84,94,104,114,124,134,144"
121,07:41,6,6,일산,4,"55,75,81,95"
121,07:41,7,7,판교,22,"0,2,24,26,29,35,36,43,45,46,56,65,66,76,86,96,106,116,126,135,136,146"
121,07:41,8,8,동탄/용인,8,"77,87,97,107,117,127,137,147"
121,07:41,9,9,평택,25,"3,8,13,18,21,22,23,25,28,30,38,40,48,50,58,68,78,88,98,108,118,128,138,145,148"
122,07:42,1,1,서울역,11,"5,14,60,70,80,85,90,105,110,120,140"
122,07:42,10,10,인천공항,10,"20,69,79,89,99,109,119,129,139,149"
122,07:42,2,2,수서,13,"7,27,37,41,51,61,71,91,101,111,121,131,141"
122,07:42,3,3,삼성,18,"4,10,12,15,19,32,33,42,52,59,62,72,82,92,112,122,132,142"
122,07:42,4,4,여의도,15,"1,11,16,17,31,47,53,73,83,93,103,113,123,133,143"
122,07:42,5,5,김포공항,11,"34,44,54,64,84,94,104,114,124,134,144"
122,07:42,6,6,일산,4,"55,75,81,95"
122,07:42,7,7,판교,21,"0,24,26,29,35,36,43,45,46,56,65,66,76,86,96,106,116,126,135,136,146"
122,07:42,8,8,동탄/용인,8,"77,87,97,107,117,127,137,147"
122,07:42,9,9,평택,25,"3,8,13,18,22,23,25,28,30,38,40,48,50,58,68,78,88,98,102,108,118,128,138,145,148"
123,07:43,1,1,서울역,12,"5,14,60,70,80,85,90,105,110,120,125,140"
123,07:43,10,10,인천공항,10,"20,69,79,89,99,109,119,129,139,149"
123,07:43,2,2,수서,13,"7,27,37,41,51,61,71,91,101,111,121,131,141"
123,07:43,3,3,삼성,18,"4,10,12,15,19,32,33,42,52,59,62,72,82,92,112,122,132,142"
123,07:43,4,4,여의도,15,"1,11,16,17,31,47,53,73,83,93,103,113,123,133,143"
123,07:43,5,5,김포공항,11,"34,44,54,64,84,94,104,114,124,134,144"
123,07:43,6,6,일산,4,"55,75,81,95"
123,07:43,7,7,판교,21,"0,24,26,29,35,36,43,45,46,56,65,66,76,86,96,106,116,126,135,136,146"
123,07:43,8,8,동탄/용인,8,"77,87,97,107,117,127,137,147"
123,07:43,9,9,평택,25,"3,8,13,18,22,23,25,28,30,38,40,48,50,58,68,78,88,98,102,108,118,128,138,145,148"
124,07:44,1,1,서울역,12,"5,14,60,70,80,85,90,105,110,120,125,140"
124,07:44,10,10,인천공항,10,"20,69,79,89,99,109,119,129,139,149"
124,07:44,2,2,수서,13,"7,27,37,41,51,61,71,91,101,111,121,131,141"
124,07:44,3,3,삼성,18,"4,10,12,15,19,32,33,42,52,59,62,72,82,92,112,122,132,142"
124,07:44,4,4,여의도,15,"1,11,16,17,31,47,53,73,83,93,103,113,123,133,143"
124,07:44,5,5,김포공항,11,"34,44,54,64,84,94,104,114,124,134,144"
124,07:44,6,6,일산,3,"55,75,81"
124,07:44,7,7,판교,23,"0,24,26,29,35,36,43,45,46,56,63,65,66,74,76,86,96,106,116,126,135,136,146"
124,07:44,8,8,동탄/용인,8,"77,87,97,107,117,127,137,147"
124,07:44,9,9,평택,25,"3,8,13,18,22,23,25,28,30,38,40,48,50,58,68,78,88,98,102,108,118,128,138,145,148"
125,07:45,1,1,서울역,12,"5,14,60,70,80,85,90,105,110,120,125,140"
125,07:45,10,10,인천공항,10,"20,69,79,89,99,109,119,129,139,149"
125,07:45,2,2,수서,14,"7,27,37,41,51,57,61,71,91,101,111,121,131,141"
125,07:45,3,3,삼성,17,"4,10,12,15,19,32,33,42,52,59,72,82,92,112,122,132,142"
125,07:45,4,4,여의도,15,"1,11,16,17,31,47,53,73,83,93,103,113,123,133,143"
125,07:45,5,5,김포공항,11,"34,44,54,64,84,94,104,114,124,134,144"
125,07:45,6,6,일산,3,"55,75,81"
125,07:45,7,7,판교,23,"0,24,26,29,35,36,43,45,46,56,63,65,66,74,76,86,96,106,116,126,135,136,146"
125,07:45,8,8,동탄/용인,8,"77,87,97,107,117,127,137,147"
125,07:45,9,9,평택,23,"13,18,22,23,25,28,30,38,40,48,50,58,68,78,88,98,102,108,118,128,138,145,148"
126,07:46,1,1,서울역,12,"5,14,60,70,80,85,90,105,110,120,125,140"
126,07:46,10,10,인천공항,10,"20,69,79,89,99,109,119,129,139,149"
126,07:46,2,2,수서,15,"7,27,37,41,51,57,61,67,71,91,101,111,121,131,141"
126,07:46,3,3,삼성,17,"4,10,12,15,19,32,33,42,52,59,72,82,92,112,122,132,142"
126,07:46,4,4,여의도,15,"1,11,16,17,31,47,53,73,83,93,103,113,123,133,143"
126,07:46,5,5,김포공항,11,"34,44,54,64,84,94,104,114,124,134,144"
126,07:46,6,6,일산,2,"75,81"
126,07:46,7,7,판교,22,"0,24,26,29,36,43,45,46,56,63,65,66,74,76,86,96,106,116,126,135,136,146"
126,07:46,8,8,동탄/용인,8,"77,87,97,107,117,127,137,147"
126,07:46,9,9,평택,24,"13,18,22,23,25,28,30,38,39,40,48,50,58,68,78,88,98,102,108,118,128,138,145,148"
127,07:47,1,1,서울역,11,"5,14,60,80,85,90,105,110,120,125,140"
127,07:47,10,10,인천공항,10,"20,69,79,89,99,109,119,129,139,149"
127,07:47,2,2,수서,15,"7,27,37,41,51,57,61,67,71,91,101,111,121,131,141"
127,07:47,3,3,삼성,17,"4,10,12,15,19,32,33,42,52,59,72,82,92,112,122,132,142"
127,07:47,4,4,여의도,15,"1,11,16,17,31,47,53,73,83,93,103,113,123,133,143"
127,07:47,5,5,김포공항,11,"34,44,54,64,84,94,104,114,124,134,144"
127,07:47,6,6,일산,3,"75,81,130"
127,07:47,7,7,판교,21,"0,24,26,29,43,45,46,56,63,65,66,74,76,86,96,106,116,126,135,136,146"
127,07:47,8,8,동탄/용인,8,"77,87,97,107,117,127,137,147"
127,07:47,9,9,평택,24,"13,18,22,23,25,28,30,38,39,40,48,50,58,68,78,88,98,102,108,118,128,138,145,148"
128,07:48,1,1,서울역,11,"5,14,60,80,85,90,105,110,120,125,140"
128,07:48,10,10,인천공항,10,"20,69,79,89,99,109,119,129,139,149"
128,07:48,2,2,수서,15,"7,27,37,41,51,57,61,67,71,91,101,111,121,131,141"
128,07:48,3,3,삼성,17,"4,10,12,15,19,32,33,42,52,59,72,82,92,112,122,132,142"
128,07:48,4,4,여의도,15,"1,11,16,17,31,47,53,73,83,93,103,113,123,133,143"
128,07:48,5,5,김포공항,11,"34,44,54,64,84,94,104,114,124,134,144"
128,07:48,6,6,일산,3,"75,81,130"
128,07:48,7,7,판교,20,"0,24,26,29,45,46,56,63,65,66,74,76,86,96,106,116,126,135,136,146"
128,07:48,8,8,동탄/용인,8,"77,87,97,107,117,127,137,147"
128,07:48,9,9,평택,24,"13,18,22,23,25,28,30,38,39,40,48,50,58,68,78,88,98,102,108,118,128,138,145,148"
129,07:49,1,1,서울역,11,"5,14,60,80,85,90,105,110,120,125,140"
129,07:49,10,10,인천공항,9,"69,79,89,99,109,119,129,139,149"
129,07:49,2,2,수서,15,"7,27,37,41,51,57,61,67,71,91,101,111,121,131,141"
129,07:49,3,3,삼성,17,"4,10,12,15,19,32,33,42,52,59,72,82,92,112,122,132,142"
129,07:49,4,4,여의도,16,"1,2,11,16,17,31,47,53,73,83,93,103,113,123,133,143"
129,07:49,5,5,김포공항,11,"34,44,54,64,84,94,104,114,124,134,144"
129,07:49,6,6,일산,4,"75,81,100,130"
129,07:49,7,7,판교,20,"0,24,26,29,45,46,56,63,65,66,74,76,86,96,106,116,126,135,136,146"
129,07:49,8,8,동탄/용인,9,"6,77,87,97,107,117,127,137,147"
129,07:49,9,9,평택,25,"13,18,22,23,25,28,30,38,39,40,48,50,58,68,78,88,98,102,108,115,118,128,138,145,148"
130,07:50,1,1,서울역,11,"5,14,60,80,85,90,105,110,120,125,140"
130,07:50,10,10,인천공항,9,"69,79,89,99,109,119,129,139,149"
130,07:50,2,2,수서,15,"7,27,37,41,51,57,61,67,71,91,101,111,121,131,141"
130,07:50,3,3,삼성,17,"4,10,12,15,19,32,33,42,52,59,72,82,92,112,122,132,142"
130,07:50,4,4,여의도,16,"1,2,11,16,17,31,47,53,73,83,93,103,113,123,133,143"
130,07:50,5,5,김포공항,11,"34,44,54,64,84,94,104,114,124,134,144"
130,07:50,6,6,일산,3,"75,81,100"
130,07:50,7,7,판교,20,"0,24,26,29,45,46,56,63,65,66,74,76,86,96,106,116,126,135,136,146"
130,07:50,8,8,동탄/용인,10,"6,9,77,87,97,107,117,127,137,147"
130,07:50,9,9,평택,25,"13,18,22,23,25,28,30,38,39,40,48,50,58,68,78,88,98,102,108,115,118,128,138,145,148"
131,07:51,1,1,서울역,12,"5,14,60,80,85,90,95,105,110,120,125,140"
131,07:51,10,10,인천공항,9,"69,79,89,99,109,119,129,139,149"
131,07:51,2,2,수서,15,"7,27,37,41,51,57,61,67,71,91,101,111,121,131,141"
131,07:51,3,3,삼성,17,"4,10,12,15,19,32,33,42,52,59,72,82,92,112,122,132,142"
131,07:51,4,4,여의도,15,"2,11,16,17,31,47,53,73,83,93,103,113,123,133,143"
131,07:51,5,5,김포공항,11,"34,44,54,64,84,94,104,114,124,134,144"
131,07:51,6,6,일산,3,"75,81,100"
131,07:51,7,7,판교,20,"0,24,26,29,45,46,56,63,65,66,74,76,86,96,106,116,126,135,136,146"
131,07:51,8,8,동탄/용인,10,"6,9,77,87,97,107,117,127,137,147"
131,07:51,9,9,평택,25,"13,18,22,23,25,28,30,38,39,40,48,50,58,68,78,88,98,102,108,115,118,128,138,145,148"
132,07:52,1,1,서울역,12,"5,14,60,80,85,90,95,105,110,120,125,140"
132,07:52,10,10,인천공항,9,"69,79,89,99,109,119,129,139,149"
132,07:52,2,2,수서,14,"27,37,41,51,57,61,67,71,91,101,111,121,131,141"
132,07:52,3,3,삼성,17,"4,10,12,15,19,32,33,42,52,59,72,82,92,112,122,132,142"
132,07:52,4,4,여의도,15,"2,11,16,17,31,47,53,73,83,93,103,113,123,133,143"
132,07:52,5,5,김포공항,11,"34,44,54,64,84,94,104,114,124,134,144"
132,07:52,6,6,일산,3,"75,81,100"
132,07:52,7,7,판교,19,"0,24,26,45,46,56,63,65,66,74,76,86,96,106,116,126,135,136,146"
132,07:52,8,8,동탄/용인,9,"6,9,87,97,107,117,127,137,147"
132,07:52,9,9,평택,25,"13,18,22,23,25,28,30,38,39,40,48,50,58,68,78,88,98,102,108,115,118,128,138,145,148"
133,07:53,1,1,서울역,13,"5,14,55,60,80,85,90,95,105,110,120,125,140"
133,07:53,10,10,인천공항,9,"69,79,89,99,109,119,129,139,149"
133,07:53,2,2,수서,14,"27,37,41,51,57,61,67,71,91,101,111,121,131,141"
133,07:53,3,3,삼성,17,"4,10,12,15,19,32,33,42,52,59,72,82,92,112,122,132,142"
133,07:53,4,4,여의도,16,"2,11,16,17,31,35,47,53,73,83,93,103,113,123,133,143"
133,07:53,5,5,김포공항,11,"34,44,54,64,84,94,104,114,124,134,144"
133,07:53,6,6,일산,3,"75,81,100"
133,07:53,7,7,판교,19,"0,24,26,45,46,56,63,65,66,74,76,86,96,106,116,126,135,136,146"
133,07:53,8,8,동탄/용인,9,"6,9,87,97,107,117,127,137,147"
133,07:53,9,9,평택,26,"13,18,22,23,25,28,30,38,39,40,48,49,50,58,68,78,88,98,102,108,115,118,128,138,145,148"
134,07:54,1,1,서울역,13,"5,14,55,60,80,85,90,95,105,110,120,125,140"
134,07:54,10,10,인천공항,9,"69,79,89,99,109,119,129,139,149"
134,07:54,2,2,수서,14,"27,37,41,51,57,61,67,71,91,101,111,121,131,141"
134,07:54,3,3,삼성,17,"4,10,12,15,19,32,33,42,52,59,72,82,92,112,122,132,142"
134,07:54,4,4,여의도,17,"2,11,16,17,31,35,36,47,53,73,83,93,103,113,123,133,143"
134,07:54,5,5,김포공항,11,"34,44,54,64,84,94,104,114,124,134,144"
134,07:54,6,6,일산,4,"70,75,81,100"
134,07:54,7,7,판교,19,"0,24,26,45,46,56,63,65,66,74,76,86,96,106,116,126,135,136,146"
134,07:54,8,8,동탄/용인,9,"6,9,87,97,107,117,127,137,147"
134,07:54,9,9,평택,25,"13,18,22,25,28,30,38,39,40,48,49,50,58,68,78,88,98,102,108,115,118,128,138,145,148"
135,07:55,1,1,서울역,13,"5,14,55,60,80,85,90,95,105,110,120,125,140"
135,07:55,10,10,인천공항,9,"69,79,89,99,109,119,129,139,149"
135,07:55,2,2,수서,14,"27,37,41,51,57,61,67,71,91,101,111,121,131,141"
135,07:55,3,3,삼성,17,"4,10,12,15,19,32,33,42,52,59,72,82,92,112,122,132,142"
135,07:55,4,4,여의도,18,"2,11,16,17,31,35,36,43,47,53,73,83,93,103,113,123,133,143"
135,07:55,5,5,김포공항,11,"34,44,54,64,84,94,104,114,124,134,144"
135,07:55,6,6,일산,3,"70,75,81"
135,07:55,7,7,판교,19,"0,24,26,45,46,56,63,65,66,74,76,86,96,106,116,126,135,136,146"
135,07:55,8,8,동탄/용인,9,"6,9,62,87,97,107,127,137,147"
135,07:55,9,9,평택,25,"13,18,22,25,28,30,38,39,40,48,49,50,58,68,78,88,98,102,108,115,118,128,138,145,148"
136,07:56,1,1,서울역,13,"5,14,55,60,80,85,90,95,105,110,120,125,140"
136,07:56,10,10,인천공항,9,"69,79,89,99,109,119,129,139,149"
136,07:56,2,2,수서,14,"27,37,41,51,57,61,67,71,91,101,111,121,131,141"
136,07:56,3,3,삼성,17,"4,10,12,15,19,32,33,42,52,59,72,82,92,112,122,132,142"
136,07:56,4,4,여의도,18,"2,11,16,17,31,35,36,43,47,53,73,83,93,103,113,123,133,143"
136,07:56,5,5,김포공항,11,"34,44,54,64,84,94,104,114,124,134,144"
136,07:56,6,6,일산,3,"70,75,81"
136,07:56,7,7,판교,19,"0,24,26,45,46,56,63,65,66,74,76,86,96,106,116,126,135,136,146"
136,07:56,8,8,동탄/용인,9,"6,9,62,87,97,107,127,137,147"
136,07:56,9,9,평택,25,"13,18,22,25,28,30,38,39,40,48,49,50,58,68,78,88,98,102,108,115,118,128,138,145,148"
137,07:57,1,1,서울역,13,"5,14,55,60,80,85,90,95,105,110,120,125,140"
137,07:57,10,10,인천공항,9,"69,79,89,99,109,119,129,139,149"
137,07:57,2,2,수서,13,"27,37,41,51,57,67,71,91,101,111,121,131,141"
137,07:57,3,3,삼성,17,"4,10,12,15,19,32,33,42,52,59,72,82,92,112,122,132,142"
137,07:57,4,4,여의도,18,"2,11,16,17,31,35,36,43,47,53,73,83,93,103,113,123,133,143"
137,07:57,5,5,김포공항,11,"34,44,54,64,84,94,104,114,124,134,144"
137,07:57,6,6,일산,3,"70,75,81"
137,07:57,7,7,판교,19,"0,24,26,45,46,56,63,65,66,74,76,86,96,106,116,126,135,136,146"
137,07:57,8,8,동탄/용인,9,"6,9,62,87,97,107,127,137,147"
137,07:57,9,9,평택,25,"13,18,22,25,28,30,38,39,40,48,49,50,58,68,78,88,98,102,108,115,118,128,138,145,148"
138,07:58,1,1,서울역,13,"5,14,55,60,80,85,90,95,105,110,120,125,140"
138,07:58,10,10,인천공항,9,"69,79,89,99,109,119,129,139,149"
138,07:58,2,2,수서,13,"27,37,41,51,57,67,71,91,101,111,121,131,141"
138,07:58,3,3,삼성,17,"4,10,12,15,19,32,33,42,52,59,72,82,92,112,122,132,142"
138,07:58,4,4,여의도,19,"2,7,11,16,17,31,35,36,43,47,53,73,83,93,103,113,123,133,143"
138,07:58,5,5,김포공항,10,"34,44,54,64,84,94,104,114,134,144"
138,07:58,6,6,일산,4,"1,70,75,81"
138,07:58,7,7,판교,19,"0,24,26,45,46,56,63,65,66,74,76,86,96,106,116,126,135,136,146"
138,07:58,8,8,동탄/용인,9,"6,9,62,87,97,107,127,137,147"
138,07:58,9,9,평택,25,"13,18,22,25,28,30,38,39,40,48,49,50,58,68,78,88,98,102,108,115,118,128,138,145,148"
139,07:59,1,1,서울역,14,"5,14,29,55,60,80,85,90,95,105,110,120,125,140"
139,07:59,10,10,인천공항,9,"69,79,89,99,109,119,129,139,149"
139,07:59,2,2,수서,13,"27,37,41,51,57,67,71,91,101,111,121,131,141"
139,07:59,3,3,삼성,17,"4,10,12,15,19,32,33,42,52,59,72,82,92,112,122,132,142"
139,07:59,4,4,여의도,19,"2,7,11,16,17,31,35,36,43,47,53,73,83,93,103,113,123,133,143"
139,07:59,5,5,김포공항,10,"34,44,54,64,84,94,104,114,134,144"
139,07:59,6,6,일산,4,"1,70,75,81"
139,07:59,7,7,판교,19,"0,24,26,45,46,56,63,65,66,74,76,86,96,106,116,126,135,136,146"
139,07:59,8,8,동탄/용인,9,"6,9,62,87,97,107,127,137,147"
139,07:59,9,9,평택,25,"13,18,22,25,28,30,38,39,40,48,49,50,58,68,78,88,98,102,108,115,118,128,138,145,148"
140,08:00,1,1,서울역,13,"14,29,55,60,80,85,90,95,105,110,120,125,140"
140,08:00,10,10,인천공항,9,"69,79,89,99,109,119,129,139,149"
140,08:00,2,2,수서,13,"27,37,41,51,57,67,71,91,101,111,121,131,141"
140,08:00,3,3,삼성,17,"4,10,12,15,19,32,33,42,52,59,72,82,92,112,122,132,142"
140,08:00,4,4,여의도,17,"2,7,11,16,17,31,35,36,43,47,73,83,93,103,113,123,143"
140,08:00,5,5,김포공항,10,"34,44,54,64,84,94,104,114,134,144"
140,08:00,6,6,일산,4,"1,70,75,81"
140,08:00,7,7,판교,19,"0,24,26,45,46,56,63,65,66,74,76,86,96,106,116,126,135,136,146"
140,08:00,8,8,동탄/용인,9,"6,9,62,87,97,107,127,137,147"
140,08:00,9,9,평택,24,"13,18,22,25,28,30,38,39,40,49,50,58,68,78,88,98,102,108,115,118,128,138,145,148"
141,08:01,1,1,서울역,13,"14,29,55,60,80,85,90,95,105,110,120,125,140"
141,08:01,10,10,인천공항,9,"69,79,89,99,109,119,129,139,149"
141,08:01,2,2,수서,13,"27,37,41,51,57,67,71,91,101,111,121,131,141"
141,08:01,3,3,삼성,17,"4,10,12,15,19,32,33,42,52,59,72,82,92,112,122,132,142"
141,08:01,4,4,여의도,17,"2,7,11,16,17,31,35,36,43,47,73,83,93,103,113,123,143"
141,08:01,5,5,김포공항,10,"34,44,54,64,84,94,104,114,134,144"
141,08:01,6,6,일산,3,"70,75,81"
141,08:01,7,7,판교,19,"0,24,26,45,46,56,63,65,66,74,76,86,96,106,116,126,135,136,146"
141,08:01,8,8,동탄/용인,9,"6,9,62,87,97,107,127,137,147"
141,08:01,9,9,평택,24,"13,18,22,25,28,30,38,39,40,49,50,58,68,78,88,98,102,108,115,118,128,138,145,148"
142,08:02,1,1,서울역,12,"14,29,55,80,85,90,95,105,110,120,125,140"
142,08:02,10,10,인천공항,8,"79,89,99,109,119,129,139,149"
142,08:02,2,2,수서,14,"27,37,41,51,57,67,71,77,91,101,111,121,131,141"
142,08:02,3,3,삼성,17,"4,10,12,15,19,32,33,42,52,59,72,82,92,112,122,132,142"
142,08:02,4,4,여의도,17,"2,7,11,16,17,31,35,36,43,47,73,83,93,103,113,123,143"
142,08:02,5,5,김포공항,10,"34,44,54,64,84,94,104,114,134,144"
142,08:02,6,6,일산,4,"21,70,75,81"
142,08:02,7,7,판교,19,"0,24,26,45,46,56,63,65,66,74,76,86,96,106,116,126,135,136,146"
142,08:02,8,8,동탄/용인,9,"6,9,62,87,97,107,127,137,147"
142,08:02,9,9,평택,23,"13,18,22,25,28,30,38,39,40,49,50,58,68,78,88,102,108,115,118,128,138,145,148"
143,08:03,1,1,서울역,11,"14,55,80,85,90,95,105,110,120,125,140"
143,08:03,10,10,인천공항,8,"79,89,99,109,119,129,139,149"
143,08:03,2,2,수서,13,"37,41,51,57,67,71,77,91,101,111,121,131,141"
143,08:03,3,3,삼성,17,"4,10,12,15,19,32,33,42,52,59,72,82,92,112,122,132,142"
143,08:03,4,4,여의도,15,"11,16,17,31,35,36,43,47,73,83,93,103,113,123,143"
143,08:03,5,5,김포공항,10,"34,44,54,64,84,94,104,114,134,144"
143,08:03,6,6,일산,3,"21,75,81"
143,08:03,7,7,판교,19,"0,24,26,45,46,56,63,65,66,74,76,86,96,106,116,126,135,136,146"
143,08:03,8,8,동탄/용인,8,"6,9,87,97,107,127,137,147"
143,08:03,9,9,평택,23,"13,18,22,25,28,30,38,39,40,49,50,58,68,78,88,102,108,115,118,128,138,145,148"
144,08:04,1,1,서울역,11,"14,55,80,85,90,95,105,110,120,125,140"
144,08:04,10,10,인천공항,8,"79,89,99,109,119,129,139,149"
144,08:04,2,2,수서,13,"37,41,51,57,67,71,77,91,101,111,121,131,141"
144,08:04,3,3,삼성,18,"4,10,12,15,19,20,32,33,42,52,59,72,82,92,112,122,132,142"
144,08:04,4,4,여의도,14,"11,16,17,31,35,36,43,47,73,93,103,113,123,143"
144,08:04,5,5,김포공항,10,"34,44,54,64,84,94,104,114,134,144"
144,08:04,6,6,일산,3,"21,75,81"
144,08:04,7,7,판교,19,"0,24,26,45,46,56,63,65,66,74,76,86,96,106,116,126,135,136,146"
144,08:04,8,8,동탄/용인,8,"6,9,87,97,107,127,137,147"
144,08:04,9,9,평택,23,"13,18,22,25,28,30,38,39,40,49,50,58,68,78,88,102,108,115,118,128,138,145,148"
145,08:05,1,1,서울역,10,"14,80,85,90,95,105,110,120,125,140"
145,08:05,10,10,인천공항,8,"79,89,99,109,119,129,139,149"
145,08:05,2,2,수서,13,"37,41,51,57,67,71,77,91,101,111,121,131,141"
145,08:05,3,3,삼성,17,"4,10,12,15,19,20,32,33,42,52,59,72,92,112,122,132,142"
145,08:05,4,4,여의도,14,"11,16,17,31,35,36,43,47,73,93,103,113,123,143"
145,08:05,5,5,김포공항,11,"34,44,54,61,64,84,94,104,114,134,144"
145,08:05,6,6,일산,5,"3,8,21,75,81"
145,08:05,7,7,판교,19,"0,24,26,45,46,56,63,65,66,74,76,86,96,106,116,126,135,136,146"
145,08:05,8,8,동탄/용인,8,"6,9,87,97,107,127,137,147"
145,08:05,9,9,평택,23,"13,18,22,25,28,30,38,39,40,49,50,58,68,78,88,102,108,115,118,128,138,145,148"
146,08:06,1,1,서울역,10,"14,80,85,90,95,105,110,120,125,140"
146,08:06,10,10,인천공항,8,"79,89,99,109,119,129,139,149"
146,08:06,2,2,수서,14,"37,41,51,57,67,71,77,91,101,111,121,124,131,141"
146,08:06,3,3,삼성,17,"4,10,12,15,19,20,32,33,42,52,59,72,92,112,122,132,142"
146,08:06,4,4,여의도,15,"11,16,17,31,35,36,43,47,73,93,103,113,117,123,143"
146,08:06,5,5,김포공항,11,"34,44,54,61,64,84,94,104,114,134,144"
146,08:06,6,6,일산,5,"3,8,21,75,81"
146,08:06,7,7,판교,19,"0,24,26,45,46,56,63,65,66,74,76,86,96,106,116,126,135,136,146"
146,08:06,8,8,동탄/용인,9,"6,9,48,87,97,107,127,137,147"
146,08:06,9,9,평택,22,"13,18,22,25,30,38,39,40,49,50,58,68,78,88,102,108,115,118,128,138,145,148"
147,08:07,1,1,서울역,10,"14,80,85,90,95,105,110,120,125,140"
147,08:07,10,10,인천공항,8,"79,89,99,109,119,129,139,149"
147,08:07,2,2,수서,14,"37,41,51,57,67,71,77,91,101,111,121,124,131,141"
147,08:07,3,3,삼성,15,"10,12,15,19,20,32,33,42,52,59,72,92,112,122,132"
147,08:07,4,4,여의도,15,"11,16,17,31,35,36,43,47,73,93,103,113,117,123,143"
147,08:07,5,5,김포공항,11,"34,44,54,61,64,84,94,104,114,134,144"
147,08:07,6,6,일산,7,"3,5,8,21,53,75,133"
147,08:07,7,7,판교,18,"0,24,26,45,56,63,65,74,76,86,96,100,106,116,126,135,136,146"
147,08:07,8,8,동탄/용인,9,"6,9,48,87,97,107,127,137,147"
147,08:07,9,9,평택,21,"13,18,22,25,30,38,39,49,50,58,68,78,88,102,108,115,118,128,138,145,148"
148,08:08,1,1,서울역,11,"1,14,80,85,90,95,105,110,120,125,140"
148,08:08,10,10,인천공항,8,"79,89,99,109,119,129,139,149"
148,08:08,2,2,수서,13,"41,51,57,67,71,77,91,101,111,121,124,131,141"
148,08:08,3,3,삼성,15,"10,12,15,19,20,32,33,42,52,59,72,92,112,122,132"
148,08:08,4,4,여의도,15,"11,16,17,31,35,36,43,47,73,93,103,113,117,123,143"
148,08:08,5,5,김포공항,11,"34,44,54,61,64,84,94,104,114,134,144"
148,08:08,6,6,일산,7,"3,5,8,21,53,75,133"
148,08:08,7,7,판교,17,"0,24,26,45,56,63,65,76,86,96,100,106,116,126,135,136,146"
148,08:08,8,8,동탄/용인,9,"9,48,87,97,98,107,127,137,147"
148,08:08,9,9,평택,21,"13,18,22,25,30,38,39,49,50,58,68,78,88,102,108,115,118,128,138,145,148"
149,08:09,1,1,서울역,10,"1,14,80,85,90,95,105,120,125,140"
149,08:09,10,10,인천공항,8,"79,89,99,109,119,129,139,149"
149,08:09,2,2,수서,14,"2,41,51,57,67,71,77,91,101,111,121,124,131,141"
149,08:09,3,3,삼성,14,"10,12,15,19,20,32,33,42,52,59,72,112,122,132"
149,08:09,4,4,여의도,15,"11,16,17,27,31,35,36,43,47,93,103,113,117,123,143"
149,08:09,5,5,김포공항,10,"44,54,61,64,84,94,104,114,134,144"
149,08:09,6,6,일산,8,"3,5,8,21,53,60,75,133"
149,08:09,7,7,판교,17,"0,24,26,45,56,63,65,76,86,96,100,106,116,126,135,136,146"
149,08:09,8,8,동탄/용인,7,"9,87,98,107,127,137,147"
149,08:09,9,9,평택,21,"13,18,22,25,30,38,39,49,50,58,68,78,88,102,108,115,118,128,138,145,148"
150,08:10,1,1,서울역,10,"1,14,80,85,90,95,105,120,125,140"
150,08:10,10,10,인천공항,8,"79,89,99,109,119,129,139,149"
150,08:10,2,2,수서,14,"2,41,51,57,67,71,77,91,101,111,121,124,131,141"
150,08:10,3,3,삼성,14,"10,12,15,19,20,32,33,42,52,59,72,112,122,132"
150,08:10,4,4,여의도,15,"11,16,17,27,31,35,36,43,47,93,103,113,117,123,143"
150,08:10,5,5,김포공항,9,"44,54,61,84,94,104,114,134,144"
150,08:10,6,6,일산,8,"3,7,8,21,29,60,75,133"
150,08:10,7,7,판교,17,"0,24,26,45,56,63,65,76,86,96,100,106,116,126,135,136,146"
150,08:10,8,8,동탄/용인,7,"9,87,98,107,127,137,147"
150,08:10,9,9,평택,22,"13,18,22,25,30,38,39,49,50,58,68,78,88,102,108,115,118,128,130,138,145,148"
151,08:11,1,1,서울역,8,"14,85,90,95,105,120,125,140"
151,08:11,10,10,인천공항,8,"79,89,99,109,119,129,139,149"
151,08:11,2,2,수서,14,"2,41,51,57,67,71,77,91,101,111,121,124,131,141"
151,08:11,3,3,삼성,14,"10,12,15,19,20,32,33,42,52,59,72,112,122,132"
151,08:11,4,4,여의도,15,"11,16,17,27,31,35,36,43,47,93,103,113,117,123,143"
151,08:11,5,5,김포공항,9,"44,54,61,84,94,104,114,134,144"
151,08:11,6,6,일산,8,"3,7,8,21,29,60,83,133"
151,08:11,7,7,판교,17,"0,24,26,45,56,63,65,76,86,96,100,106,116,126,135,136,146"
151,08:11,8,8,동탄/용인,6,"9,87,107,127,137,147"
151,08:11,9,9,평택,22,"13,18,22,25,30,38,39,49,50,58,68,78,88,102,108,115,118,128,130,138,145,148"
152,08:12,1,1,서울역,7,"14,85,90,95,105,120,140"
152,08:12,10,10,인천공항,8,"79,89,99,109,119,129,139,149"
152,08:12,2,2,수서,13,"2,51,57,67,71,77,91,101,111,121,124,131,141"
152,08:12,3,3,삼성,13,"10,12,15,19,20,32,33,42,59,72,112,122,132"
152,08:12,4,4,여의도,15,"11,16,17,27,31,35,36,43,47,93,103,113,117,123,143"
152,08:12,5,5,김포공항,9,"44,54,61,84,94,104,114,134,144"
152,08:12,6,6,일산,8,"3,7,8,21,29,60,83,133"
152,08:12,7,7,판교,16,"0,24,26,45,63,65,76,86,96,100,106,116,126,135,136,146"
152,08:12,8,8,동탄/용인,6,"9,87,107,127,137,147"
152,08:12,9,9,평택,22,"13,18,22,25,30,38,39,49,50,58,68,78,88,102,108,115,118,128,130,138,145,148"
153,08:13,1,1,서울역,7,"14,85,90,95,105,120,140"
153,08:13,10,10,인천공항,8,"79,89,99,109,119,129,139,149"
153,08:13,2,2,수서,12,"51,57,67,71,77,91,101,111,121,124,131,141"
153,08:13,3,3,삼성,14,"10,12,15,19,20,32,33,42,59,62,72,112,122,132"
153,08:13,4,4,여의도,15,"11,16,17,27,31,35,36,43,47,93,103,113,117,123,143"
153,08:13,5,5,김포공항,10,"44,54,61,82,84,94,104,114,134,144"
153,08:13,6,6,일산,7,"3,7,8,21,29,60,83"
153,08:13,7,7,판교,16,"0,24,26,45,63,65,76,86,96,100,106,116,126,135,136,146"
153,08:13,8,8,동탄/용인,6,"9,87,107,127,137,147"
153,08:13,9,9,평택,21,"13,18,22,25,30,38,39,49,58,68,78,88,102,108,115,118,128,130,138,145,148"
154,08:14,1,1,서울역,8,"14,46,85,90,95,105,120,140"
154,08:14,10,10,인천공항,8,"79,89,99,109,119,129,139,149"
154,08:14,2,2,수서,12,"51,57,67,71,77,91,101,111,121,124,131,141"
154,08:14,3,3,삼성,14,"10,12,15,19,20,32,33,42,59,62,72,112,122,132"
154,08:14,4,4,여의도,19,"4,11,16,17,27,31,35,36,37,43,47,66,81,93,103,113,117,123,143"
154,08:14,5,5,김포공항,9,"44,54,61,82,94,104,114,134,144"
154,08:14,6,6,일산,6,"3,7,8,23,29,60"
154,08:14,7,7,판교,16,"0,24,26,45,63,65,76,86,96,100,106,116,126,135,136,146"
154,08:14,8,8,동탄/용인,5,"9,107,127,137,147"
154,08:14,9,9,평택,21,"13,18,22,25,30,38,39,49,58,68,78,88,102,108,115,118,128,130,138,145,148"
155,08:15,1,1,서울역,8,"14,46,85,90,95,105,120,140"
155,08:15,10,10,인천공항,8,"79,89,99,109,119,129,139,149"
155,08:15,2,2,수서,12,"51,57,67,71,77,91,101,111,121,124,131,141"
155,08:15,3,3,삼성,14,"10,12,15,19,20,32,33,42,59,62,72,112,122,132"
155,08:15,4,4,여의도,20,"4,11,16,17,27,31,35,36,37,43,47,66,74,81,93,103,113,117,123,143"
155,08:15,5,5,김포공항,9,"44,54,61,82,94,104,114,134,144"
155,08:15,6,6,일산,5,"3,7,8,23,29"
155,08:15,7,7,판교,16,"0,24,26,45,63,65,76,86,96,100,106,116,126,135,136,146"
155,08:15,8,8,동탄/용인,5,"9,107,127,137,147"
155,08:15,9,9,평택,21,"13,18,22,25,30,38,39,49,58,68,78,88,102,108,115,118,128,130,138,145,148"
156,08:16,1,1,서울역,8,"14,46,85,90,95,105,120,140"
156,08:16,10,10,인천공항,8,"79,89,99,109,119,129,139,149"
156,08:16,2,2,수서,12,"51,57,67,71,77,91,101,111,121,124,131,141"
156,08:16,3,3,삼성,14,"2,10,12,15,19,32,33,42,59,62,72,112,122,132"
156,08:16,4,4,여의도,20,"4,11,16,17,27,31,35,36,37,43,47,66,74,81,93,103,113,117,123,143"
156,08:16,5,5,김포공항,8,"54,61,82,94,104,114,134,144"
156,08:16,6,6,일산,7,"3,7,8,23,29,73,110"
156,08:16,7,7,판교,16,"0,24,26,45,63,65,76,86,96,100,106,116,126,135,136,146"
156,08:16,8,8,동탄/용인,5,"9,107,127,137,147"
156,08:16,9,9,평택,21,"13,18,22,25,30,38,39,49,58,68,78,88,102,108,115,118,128,130,138,145,148"
157,08:17,1,1,서울역,9,"5,14,46,85,90,95,105,120,140"
157,08:17,10,10,인천공항,8,"79,89,99,109,119,129,139,149"
157,08:17,2,2,수서,11,"57,67,71,77,91,101,111,121,124,131,141"
157,08:17,3,3,삼성,15,"2,10,12,15,19,32,33,34,42,59,62,72,112,122,132"
157,08:17,4,4,여의도,19,"4,11,16,17,27,31,35,36,37,43,47,66,74,93,103,113,117,123,143"
157,08:17,5,5,김포공항,8,"54,61,82,94,104,114,134,144"
157,08:17,6,6,일산,6,"3,8,23,29,73,110"
157,08:17,7,7,판교,16,"0,24,26,45,63,65,76,86,96,100,106,116,126,135,136,146"
157,08:17,8,8,동탄/용인,6,"9,107,127,137,142,147"
157,08:17,9,9,평택,20,"13,18,22,25,38,39,49,58,68,78,88,102,108,115,118,128,130,138,145,148"
158,08:18,1,1,서울역,11,"5,14,46,52,75,85,90,95,105,120,140"
158,08:18,10,10,인천공항,8,"79,89,99,109,119,129,139,149"
158,08:18,2,2,수서,12,"6,57,67,71,77,91,101,111,121,124,131,141"
158,08:18,3,3,삼성,16,"2,10,12,15,19,33,34,42,59,62,64,72,112,122,125,132"
158,08:18,4,4,여의도,20,"4,11,16,17,27,31,35,36,37,41,43,47,66,74,93,103,113,117,123,143"
158,08:18,5,5,김포공항,8,"54,61,82,94,104,114,134,144"
158,08:18,6,6,일산,7,"1,3,8,23,73,80,110"
158,08:18,7,7,판교,14,"0,24,26,45,65,76,86,96,100,106,116,135,136,146"
158,08:18,8,8,동탄/용인,4,"9,137,142,147"
158,08:18,9,9,평택,20,"13,18,22,25,38,39,49,58,68,78,88,102,108,115,118,128,130,138,145,148"
159,08:19,1,1,서울역,12,"5,14,46,52,56,75,85,90,95,105,120,140"
159,08:19,10,10,인천공항,8,"79,89,99,109,119,129,139,149"
159,08:19,2,2,수서,12,"6,57,67,71,77,91,101,111,121,124,131,141"
159,08:19,3,3,삼성,14,"10,12,15,19,33,34,42,59,64,72,112,122,125,132"
159,08:19,4,4,여의도,20,"4,11,16,17,27,31,35,36,37,41,43,47,66,74,93,103,113,117,123,143"
159,08:19,5,5,김포공항,8,"54,61,82,94,104,114,134,144"
159,08:19,6,6,일산,7,"1,3,8,23,73,80,110"
159,08:19,7,7,판교,14,"0,24,26,45,65,76,86,96,100,106,116,135,136,146"
159,08:19,8,8,동탄/용인,4,"92,137,142,147"
159,08:19,9,9,평택,20,"13,18,22,25,38,39,49,58,68,78,88,102,108,115,118,128,130,138,145,148"
160,08:20,1,1,서울역,11,"14,52,56,75,85,90,95,105,120,133,140"
160,08:20,10,10,인천공항,7,"89,99,109,119,129,139,149"
160,08:20,2,2,수서,12,"6,57,67,71,77,91,101,111,121,124,131,141"
160,08:20,3,3,삼성,15,"10,12,15,19,33,34,42,53,59,64,72,112,122,125,132"
160,08:20,4,4,여의도,17,"16,17,27,31,35,36,37,41,43,74,93,97,103,113,117,123,143"
160,08:20,5,5,김포공항,8,"54,61,82,94,104,114,134,144"
160,08:20,6,6,일산,7,"1,3,8,23,73,80,110"
160,08:20,7,7,판교,14,"0,24,26,45,65,76,86,96,100,106,116,135,136,146"
160,08:20,8,8,동탄/용인,4,"92,137,142,147"
160,08:20,9,9,평택,19,"13,18,22,25,38,39,49,58,68,88,102,108,115,118,128,130,138,145,148"
161,08:21,1,1,서울역,12,"14,21,52,56,75,85,90,95,105,120,133,140"
161,08:21,10,10,인천공항,7,"89,99,109,119,129,139,149"
161,08:21,2,2,수서,12,"6,57,67,71,77,91,101,111,121,124,131,141"
161,08:21,3,3,삼성,14,"10,12,15,19,33,34,42,53,59,64,72,112,122,132"
161,08:21,4,4,여의도,17,"16,17,27,31,35,36,37,41,43,74,93,97,103,113,117,123,143"
161,08:21,5,5,김포공항,8,"54,61,82,94,104,114,134,144"
161,08:21,6,6,일산,5,"3,8,23,73,110"
161,08:21,7,7,판교,13,"24,26,45,65,76,86,96,100,106,116,135,136,146"
161,08:21,8,8,동탄/용인,4,"92,137,142,147"
161,08:21,9,9,평택,21,"13,18,22,25,38,39,49,55,58,68,69,88,102,108,115,118,128,130,138,145,148"
162,08:22,1,1,서울역,13,"14,21,28,52,56,75,85,90,95,105,120,133,140"
162,08:22,10,10,인천공항,7,"89,99,109,119,129,139,149"
162,08:22,2,2,수서,12,"6,57,67,71,77,91,101,111,121,124,131,141"
162,08:22,3,3,삼성,15,"10,12,15,19,33,34,42,53,59,64,72,84,112,122,132"
162,08:22,4,4,여의도,17,"16,17,27,31,35,36,37,41,43,74,93,97,103,113,117,123,143"
162,08:22,5,5,김포공항,8,"54,61,82,94,104,114,134,144"
162,08:22,6,6,일산,4,"3,23,73,110"
162,08:22,7,7,판교,13,"24,26,45,65,76,86,96,100,106,116,135,136,146"
162,08:22,8,8,동탄/용인,4,"92,137,142,147"
162,08:22,9,9,평택,21,"13,18,22,25,38,39,49,55,58,68,69,88,102,108,115,118,128,130,138,145,148"
163,08:23,1,1,서울역,11,"14,21,28,52,56,75,90,95,105,120,140"
163,08:23,10,10,인천공항,7,"89,99,109,119,129,139,149"
163,08:23,2,2,수서,12,"6,57,67,71,77,91,101,111,121,124,131,141"
163,08:23,3,3,삼성,15,"10,12,15,19,33,34,42,53,59,64,72,84,112,122,132"
163,08:23,4,4,여의도,18,"16,17,20,27,31,35,36,37,41,43,74,93,97,103,113,117,123,143"
163,08:23,5,5,김포공항,8,"48,54,61,82,94,104,114,144"
163,08:23,6,6,일산,1,23
163,08:23,7,7,판교,12,"24,26,45,76,86,96,100,106,116,135,136,146"
163,08:23,8,8,동탄/용인,4,"92,137,142,147"
163,08:23,9,9,평택,22,"13,18,22,25,38,39,49,55,58,68,69,70,88,102,108,115,118,128,130,138,145,148"
164,08:24,1,1,서울역,13,"7,14,21,28,51,52,56,75,90,95,105,120,140"
164,08:24,10,10,인천공항,7,"89,99,109,119,129,139,149"
164,08:24,2,2,수서,11,"6,57,71,77,91,101,111,121,124,131,141"
164,08:24,3,3,삼성,16,"10,12,15,19,33,34,42,44,53,64,72,84,87,112,122,132"
164,08:24,4,4,여의도,18,"16,17,20,27,31,35,36,37,41,43,74,93,97,103,113,117,123,143"
164,08:24,5,5,김포공항,8,"48,54,61,82,94,104,114,144"
164,08:24,6,6,일산,1,23
164,08:24,7,7,판교,11,"24,26,45,81,96,100,106,116,135,136,146"
164,08:24,8,8,동탄/용인,4,"92,137,142,147"
164,08:24,9,9,평택,22,"13,18,22,25,38,39,49,55,58,68,69,70,88,102,108,115,118,128,130,138,145,148"
165,08:25,1,1,서울역,14,"7,14,21,28,51,52,56,63,75,90,95,105,120,140"
165,08:25,10,10,인천공항,7,"89,99,109,119,129,139,149"
165,08:25,2,2,수서,11,"6,71,77,83,91,101,111,121,124,131,141"
165,08:25,3,3,삼성,16,"10,12,15,19,34,42,44,53,60,64,72,84,87,112,122,132"
165,08:25,4,4,여의도,18,"16,17,20,27,31,32,36,37,41,43,74,93,97,103,113,117,123,143"
165,08:25,5,5,김포공항,9,"48,54,61,82,94,98,104,114,144"
165,08:25,6,6,일산,1,23
165,08:25,7,7,판교,11,"24,26,45,81,96,100,106,116,135,136,146"
165,08:25,8,8,동탄/용인,2,"92,142"
165,08:25,9,9,평택,22,"13,18,22,25,38,39,49,55,58,68,69,70,88,102,108,115,118,128,130,138,145,148"
166,08:26,1,1,서울역,14,"7,14,21,28,51,52,56,63,75,90,95,105,120,140"
166,08:26,10,10,인천공항,7,"89,99,109,119,129,139,149"
166,08:26,2,2,수서,11,"6,71,77,83,91,101,111,121,124,131,141"
166,08:26,3,3,삼성,15,"10,12,15,19,34,42,44,60,64,72,84,87,112,122,132"
166,08:26,4,4,여의도,18,"16,17,20,27,31,32,36,37,41,43,74,93,97,103,113,117,123,143"
166,08:26,5,5,김포공항,8,"48,54,61,82,98,104,114,144"
166,08:26,6,6,일산,1,23
166,08:26,7,7,판교,10,"24,26,81,96,100,106,116,135,136,146"
166,08:26,8,8,동탄/용인,3,"78,92,142"
166,08:26,9,9,평택,21,"18,22,25,38,39,49,55,58,68,69,70,88,102,108,115,118,128,130,138,145,148"
167,08:27,1,1,서울역,13,"14,21,28,51,52,56,63,75,90,95,105,120,140"
167,08:27,10,10,인천공항,7,"89,99,109,119,129,139,149"
167,08:27,2,2,수서,11,"6,71,77,83,91,101,111,121,124,131,141"
167,08:27,3,3,삼성,14,"10,12,15,19,34,42,44,60,67,84,87,112,122,132"
167,08:27,4,4,여의도,17,"16,17,20,27,31,32,36,37,41,74,93,97,103,113,117,123,143"
167,08:27,5,5,김포공항,9,"2,48,54,61,82,98,104,114,144"
167,08:27,6,6,일산,8,"4,5,11,23,40,46,47,66"
167,08:27,7,7,판교,10,"24,26,81,96,100,106,116,135,136,146"
167,08:27,8,8,동탄/용인,3,"78,92,142"
167,08:27,9,9,평택,21,"18,22,25,38,39,49,55,58,68,69,70,88,102,108,115,118,128,130,138,145,148"
168,08:28,1,1,서울역,13,"1,14,21,28,51,52,56,75,90,95,105,120,140"
168,08:28,10,10,인천공항,7,"89,99,109,119,129,139,149"
168,08:28,2,2,수서,11,"6,71,77,83,91,101,111,121,124,131,141"
168,08:28,3,3,삼성,13,"10,12,15,19,34,42,44,60,67,87,112,122,132"
168,08:28,4,4,여의도,18,"0,16,17,20,27,31,32,36,37,41,74,93,97,103,113,117,123,143"
168,08:28,5,5,김포공항,9,"2,48,54,61,82,98,104,114,144"
168,08:28,6,6,일산,7,"4,5,11,40,46,47,66"
168,08:28,7,7,판교,10,"24,26,81,96,100,106,116,135,136,146"
168,08:28,8,8,동탄/용인,2,"78,142"
168,08:28,9,9,평택,21,"18,22,25,38,39,49,55,58,68,69,70,88,102,108,115,118,128,130,138,145,148"
169,08:29,1,1,서울역,14,"1,8,14,21,28,51,52,56,75,90,95,105,120,140"
169,08:29,10,10,인천공항,7,"89,99,109,119,129,139,149"
169,08:29,2,2,수서,11,"6,9,71,77,83,91,111,121,124,131,141"
169,08:29,3,3,삼성,14,"10,12,15,19,34,42,44,60,67,85,87,112,122,132"
169,08:29,4,4,여의도,19,"0,16,17,20,27,31,32,36,37,41,74,93,97,103,107,113,117,123,143"
169,08:29,5,5,김포공항,8,"2,48,61,82,98,104,114,144"
169,08:29,6,6,일산,7,"4,5,11,40,46,47,66"
169,08:29,7,7,판교,10,"24,26,81,96,100,106,116,135,136,146"
169,08:29,8,8,동탄/용인,2,"62,142"
169,08:29,9,9,평택,20,"18,22,25,38,39,49,55,58,69,70,88,102,108,115,118,128,130,138,145,148"
170,08:30,1,1,서울역,18,"1,3,8,14,21,28,51,52,56,59,65,75,90,95,105,120,127,140"
170,08:30,10,10,인천공항,7,"89,99,109,119,129,139,149"
170,08:30,2,2,수서,11,"6,9,71,77,83,91,111,121,124,131,141"
170,08:30,3,3,삼성,13,"10,12,15,19,34,42,44,60,85,87,112,122,132"
170,08:30,4,4,여의도,19,"0,16,17,20,27,31,32,36,37,41,74,93,97,103,107,113,117,123,143"
170,08:30,5,5,김포공항,7,"2,61,82,98,104,114,144"
170,08:30,6,6,일산,5,"4,5,40,66,126"
170,08:30,7,7,판교,10,"24,26,29,96,100,106,116,135,136,146"
170,08:30,8,8,동탄/용인,2,"62,142"
170,08:30,9,9,평택,20,"18,22,25,38,39,49,55,58,69,70,88,102,108,115,118,128,130,138,145,148"
171,08:31,1,1,서울역,18,"1,3,8,14,21,28,51,52,56,59,65,75,90,95,105,120,127,140"
171,08:31,10,10,인천공항,7,"89,99,109,119,129,139,149"
171,08:31,2,2,수서,11,"6,9,71,77,83,91,111,121,124,131,141"
171,08:31,3,3,삼성,14,"10,12,15,19,34,42,44,60,85,87,112,122,132,134"
171,08:31,4,4,여의도,21,"0,16,17,20,27,31,32,36,37,41,74,76,86,93,97,103,107,113,117,123,143"
171,08:31,5,5,김포공항,6,"2,61,82,104,114,144"
171,08:31,6,6,일산,5,"4,5,40,66,126"
171,08:31,7,7,판교,10,"24,26,29,96,100,106,116,135,136,146"
171,08:31,8,8,동탄/용인,2,"62,142"
171,08:31,9,9,평택,20,"18,22,25,38,39,49,55,58,69,70,88,102,108,115,118,128,130,138,145,148"
172,08:32,1,1,서울역,19,"1,3,8,14,21,28,51,52,56,57,59,65,75,90,95,105,120,127,140"
172,08:32,10,10,인천공항,8,"80,89,99,109,119,129,139,149"
172,08:32,2,2,수서,11,"6,9,71,77,83,91,111,121,124,131,141"
172,08:32,3,3,삼성,14,"10,12,15,19,34,42,44,60,85,87,112,122,132,134"
172,08:32,4,4,여의도,21,"0,16,17,20,27,32,33,36,37,41,74,76,86,93,97,103,107,113,117,123,143"
172,08:32,5,5,김포공항,6,"2,61,82,104,114,144"
172,08:32,6,6,일산,6,"4,5,35,40,66,126"
172,08:32,7,7,판교,10,"24,26,29,96,100,106,116,135,136,146"
172,08:32,8,8,동탄/용인,2,"62,142"
172,08:32,9,9,평택,20,"18,22,25,38,39,49,55,58,69,70,88,102,108,115,118,128,130,138,145,148"
173,08:33,1,1,서울역,22,"1,3,8,14,21,28,30,45,51,52,56,57,59,65,72,75,90,95,105,120,127,140"
173,08:33,10,10,인천공항,8,"80,89,99,109,119,129,139,149"
173,08:33,2,2,수서,10,"6,9,71,83,91,111,121,124,131,141"
173,08:33,3,3,삼성,15,"10,12,15,19,34,42,44,60,73,85,87,112,122,132,134"
173,08:33,4,4,여의도,22,"0,16,17,20,27,32,33,36,37,41,53,74,76,86,93,97,103,107,113,117,123,143"
173,08:33,5,5,김포공항,6,"2,61,82,104,114,144"
173,08:33,6,6,일산,6,"5,35,40,50,66,126"
173,08:33,7,7,판교,9,"24,29,96,100,106,116,135,136,146"
173,08:33,8,8,동탄/용인,2,"62,142"
173,08:33,9,9,평택,20,"18,22,25,38,39,49,55,58,69,70,88,102,108,115,118,128,130,138,145,148"
174,08:34,1,1,서울역,22,"1,3,8,14,21,28,30,45,51,52,56,57,59,65,72,75,90,95,105,120,127,140"
174,08:34,10,10,인천공항,8,"80,89,99,109,119,129,139,149"
174,08:34,2,2,수서,10,"6,9,71,83,91,111,121,124,131,141"
174,08:34,3,3,삼성,17,"10,12,15,19,34,42,44,60,63,73,85,87,94,112,122,132,134"
174,08:34,4,4,여의도,23,"0,16,17,20,27,32,33,36,37,41,53,64,74,76,86,93,97,103,107,113,117,123,143"
174,08:34,5,5,김포공항,6,"2,61,82,104,114,144"
174,08:34,6,6,일산,6,"35,40,43,50,66,126"
174,08:34,7,7,판교,10,"7,24,29,96,100,106,116,135,136,146"
174,08:34,8,8,동탄/용인,2,"62,142"
174,08:34,9,9,평택,19,"18,22,25,38,39,49,55,58,69,70,102,108,115,118,128,130,138,145,148"
175,08:35,1,1,서울역,22,"1,3,8,14,21,23,30,45,51,52,56,57,59,65,72,75,90,95,105,120,127,140"
175,08:35,10,10,인천공항,8,"80,89,99,109,119,129,139,149"
175,08:35,2,2,수서,10,"6,9,71,83,91,111,121,124,131,141"
175,08:35,3,3,삼성,16,"10,12,15,19,34,42,44,60,63,73,87,94,112,122,132,134"
175,08:35,4,4,여의도,24,"0,16,17,20,27,32,33,36,37,41,53,64,74,76,84,86,93,97,103,107,113,117,123,143"
175,08:35,5,5,김포공항,6,"2,61,82,104,114,144"
175,08:35,6,6,일산,5,"40,43,50,66,126"
175,08:35,7,7,판교,10,"7,24,29,96,100,110,116,135,136,146"
175,08:35,8,8,동탄/용인,3,"62,68,142"
175,08:35,9,9,평택,19,"18,22,25,38,39,49,55,58,69,70,102,108,115,118,128,130,138,145,148"
176,08:36,1,1,서울역,23,"1,3,8,14,21,23,30,45,51,52,56,57,59,65,72,75,90,95,101,105,120,127,140"
176,08:36,10,10,인천공항,8,"80,89,99,109,119,129,139,149"
176,08:36,2,2,수서,10,"6,9,71,83,91,111,121,124,131,141"
176,08:36,3,3,삼성,15,"10,12,15,19,34,42,60,63,73,87,94,112,122,132,134"
176,08:36,4,4,여의도,24,"0,16,17,20,27,32,33,36,37,41,53,64,74,76,84,86,93,97,103,107,113,117,123,143"
176,08:36,5,5,김포공항,6,"2,61,82,104,114,144"
176,08:36,6,6,일산,3,"43,50,126"
176,08:36,7,7,판교,10,"7,24,29,96,100,110,116,135,136,146"
176,08:36,8,8,동탄/용인,3,"62,68,142"
176,08:36,9,9,평택,20,"18,22,25,38,39,49,55,58,69,70,102,108,115,118,125,128,130,138,145,148"
177,08:37,1,1,서울역,26,"1,3,8,14,21,23,30,45,51,52,56,57,59,65,72,75,81,90,95,101,105,120,127,137,140,147"
177,08:37,10,10,인천공항,8,"80,89,99,109,119,129,139,149"
177,08:37,2,2,수서,9,"6,9,71,83,91,121,124,131,141"
177,08:37,3,3,삼성,15,"10,12,15,19,34,42,54,60,73,87,94,112,122,132,134"
177,08:37,4,4,여의도,25,"0,11,16,17,20,27,32,33,36,37,41,53,64,74,76,84,86,93,97,103,107,113,117,123,143"
177,08:37,5,5,김포공항,5,"2,61,82,114,144"
177,08:37,6,6,일산,3,"43,50,126"
177,08:37,7,7,판교,10,"7,24,29,96,100,110,116,135,136,146"
177,08:37,8,8,동탄/용인,3,"62,68,142"
177,08:37,9,9,평택,20,"18,22,25,38,39,49,55,58,69,70,102,108,115,118,125,128,130,138,145,148"
178,08:38,1,1,서울역,26,"1,3,8,14,21,23,30,45,51,52,56,57,59,65,72,75,81,90,95,101,105,120,127,137,140,147"
178,08:38,10,10,인천공항,8,"80,89,99,109,119,129,139,149"
178,08:38,2,2,수서,8,"6,9,71,91,121,124,131,141"
178,08:38,3,3,삼성,16,"10,12,15,19,34,42,48,54,60,73,87,94,112,122,132,134"
178,08:38,4,4,여의도,25,"0,11,16,17,20,27,32,33,36,37,41,53,64,74,76,84,86,93,97,103,107,113,117,123,143"
178,08:38,5,5,김포공항,5,"2,61,82,114,144"
178,08:38,6,6,일산,3,"43,50,126"
178,08:38,7,7,판교,11,"7,13,24,29,96,100,110,116,135,136,146"
178,08:38,8,8,동탄/용인,3,"62,68,142"
178,08:38,9,9,평택,20,"18,22,25,38,39,49,55,58,69,70,102,108,115,118,125,128,130,138,145,148"
179,08:39,1,1,서울역,26,"1,3,8,14,21,23,30,45,51,52,56,57,59,65,72,75,81,90,95,101,105,120,127,137,140,147"
179,08:39,10,10,인천공항,8,"80,89,99,109,119,129,139,149"
179,08:39,2,2,수서,8,"6,9,71,98,121,124,131,141"
179,08:39,3,3,삼성,15,"10,15,19,34,42,48,54,60,73,87,94,112,122,132,134"
179,08:39,4,4,여의도,27,"0,11,16,17,20,27,32,33,36,37,41,53,64,74,76,77,84,86,92,93,97,103,107,113,117,123,143"
179,08:39,5,5,김포공항,5,"2,61,82,114,144"
179,08:39,6,6,일산,4,"31,43,50,126"
179,08:39,7,7,판교,10,"7,13,24,96,100,110,116,135,136,146"
179,08:39,8,8,동탄/용인,3,"62,68,142"
179,08:39,9,9,평택,22,"18,22,25,38,39,49,55,58,69,70,79,102,108,115,118,125,128,130,133,138,145,148"
180,08:40,1,1,서울역,24,"1,3,4,8,21,23,45,51,56,57,59,65,72,75,81,90,95,101,105,120,127,137,140,147"
180,08:40,10,10,인천공항,8,"80,89,99,109,119,129,139,149"
180,08:40,2,2,수서,7,"6,9,98,121,124,131,141"
180,08:40,3,3,삼성,15,"10,15,19,34,42,46,48,54,73,87,94,112,122,132,134"
180,08:40,4,4,여의도,26,"0,11,16,17,20,26,27,32,33,37,41,53,74,76,77,84,86,92,93,97,103,107,113,117,123,143"
180,08:40,5,5,김포공항,5,"2,61,82,114,144"
180,08:40,6,6,일산,3,"31,50,126"
180,08:40,7,7,판교,9,"7,13,24,100,110,116,135,136,146"
180,08:40,8,8,동탄/용인,3,"62,68,142"
180,08:40,9,9,평택,22,"18,22,25,38,39,49,55,58,69,70,79,102,108,115,118,125,128,130,133,138,145,148"
181,08:41,1,1,서울역,24,"1,3,4,5,8,21,23,51,56,57,59,65,72,75,81,90,95,101,105,120,127,137,140,147"
181,08:41,10,10,인천공항,8,"80,89,99,109,119,129,139,149"
181,08:41,2,2,수서,7,"6,9,98,121,124,131,141"
181,08:41,3,3,삼성,14,"15,19,34,42,46,48,54,73,87,94,112,122,132,134"
181,08:41,4,4,여의도,26,"0,11,16,17,20,26,27,32,33,37,41,53,74,76,77,84,86,92,93,97,103,107,113,117,123,143"
181,08:41,5,5,김포공항,5,"2,61,82,114,144"
181,08:41,6,6,일산,3,"31,50,126"
181,08:41,7,7,판교,9,"7,13,24,100,110,116,135,136,146"
181,08:41,8,8,동탄/용인,2,"62,142"
181,08:41,9,9,평택,22,"18,22,25,38,39,49,55,58,69,70,79,102,108,115,118,125,128,130,133,138,145,148"
182,08:42,1,1,서울역,23,"1,3,4,5,8,21,23,51,56,57,59,65,72,75,90,95,101,105,120,127,137,140,147"
182,08:42,10,10,인천공항,8,"80,89,99,109,119,129,139,149"
182,08:42,2,2,수서,7,"6,9,98,121,124,131,141"
182,08:42,3,3,삼성,13,"15,19,34,42,46,48,54,87,94,112,122,132,134"
182,08:42,4,4,여의도,27,"0,11,16,17,20,26,27,32,33,37,41,53,74,76,77,84,86,92,93,97,103,106,107,113,117,123,143"
182,08:42,5,5,김포공항,4,"61,82,114,144"
182,08:42,6,6,일산,2,"50,126"
182,08:42,7,7,판교,10,"7,13,24,47,100,110,116,135,136,146"
182,08:42,8,8,동탄/용인,1,62
182,08:42,9,9,평택,22,"18,22,25,38,39,49,55,58,69,70,79,102,108,115,118,125,128,130,133,138,145,148"
183,08:43,1,1,서울역,23,"3,4,5,8,21,23,40,51,56,57,59,65,72,75,90,95,101,105,120,127,137,140,147"
183,08:43,10,10,인천공항,8,"80,89,99,109,119,129,139,149"
183,08:43,2,2,수서,7,"6,9,98,121,124,131,141"
183,08:43,3,3,삼성,14,"15,19,34,42,46,48,54,71,87,94,112,122,132,134"
183,08:43,4,4,여의도,28,"0,11,16,17,20,26,27,32,33,37,41,44,53,74,76,77,84,86,92,93,97,103,106,107,113,117,123,143"
183,08:43,5,5,김포공항,5,"61,78,82,114,144"
183,08:43,6,6,일산,2,"50,126"
183,08:43,7,7,판교,10,"7,13,24,47,100,110,116,135,136,146"
183,08:43,8,8,동탄/용인,1,62
183,08:43,9,9,평택,21,"18,22,25,38,39,49,55,58,70,79,102,108,115,118,125,128,130,133,138,145,148"
184,08:44,1,1,서울역,24,"3,4,5,8,21,23,40,51,56,57,59,65,72,75,90,95,101,105,111,120,127,137,140,147"
184,08:44,10,10,인천공항,8,"80,89,99,109,119,129,139,149"
184,08:44,2,2,수서,7,"6,9,98,121,124,131,141"
184,08:44,3,3,삼성,13,"15,19,34,42,46,54,71,87,94,112,122,132,134"
184,08:44,4,4,여의도,28,"11,16,17,20,26,27,32,33,37,41,44,53,74,76,77,83,84,86,92,93,97,103,106,107,113,117,123,143"
184,08:44,5,5,김포공항,3,"78,114,144"
184,08:44,6,6,일산,2,"50,126"
184,08:44,7,7,판교,10,"7,13,24,47,100,110,116,135,136,146"
184,08:44,8,8,동탄/용인,1,62
184,08:44,9,9,평택,21,"18,22,25,38,39,49,55,58,70,79,102,108,115,118,125,128,130,133,138,145,148"
185,08:45,1,1,서울역,25,"3,4,5,8,12,21,23,40,51,56,57,59,65,72,75,90,95,101,105,111,120,127,137,140,147"
185,08:45,10,10,인천공항,6,"80,99,119,129,139,149"
185,08:45,2,2,수서,8,"6,9,98,104,121,124,131,141"
185,08:45,3,3,삼성,13,"15,19,34,42,46,54,71,87,94,112,122,132,134"
185,08:45,4,4,여의도,28,"11,16,17,20,26,27,32,33,37,41,44,53,74,76,77,83,84,86,91,92,93,97,103,107,113,117,123,143"
185,08:45,5,5,김포공항,3,"78,114,144"
185,08:45,6,6,일산,2,"50,126"
185,08:45,7,7,판교,10,"7,13,24,47,100,110,116,135,136,146"
185,08:45,8,8,동탄/용인,1,62
185,08:45,9,9,평택,20,"18,22,25,38,39,49,55,67,70,102,108,115,118,125,128,130,133,138,145,148"
186,08:46,1,1,서울역,24,"3,5,8,12,21,23,29,40,51,56,57,59,72,75,90,95,101,105,111,120,127,137,140,147"
186,08:46,10,10,인천공항,6,"80,99,119,129,139,149"
186,08:46,2,2,수서,8,"6,9,35,98,104,121,124,141"
186,08:46,3,3,삼성,13,"14,15,19,34,42,46,54,87,94,112,122,132,134"
186,08:46,4,4,여의도,28,"11,16,17,20,26,27,32,33,37,41,44,53,74,76,77,83,84,86,91,92,93,97,103,107,113,117,123,143"
186,08:46,5,5,김포공항,4,"36,78,114,144"
186,08:46,6,6,일산,1,126
186,08:46,7,7,판교,10,"7,13,24,47,100,110,116,135,136,146"
186,08:46,8,8,동탄/용인,1,62
186,08:46,9,9,평택,20,"18,22,25,38,39,49,55,67,70,102,108,115,118,125,128,130,133,138,145,148"
187,08:47,1,1,서울역,24,"3,5,8,12,21,23,29,43,51,56,57,59,72,75,90,95,101,105,111,120,127,137,140,147"
187,08:47,10,10,인천공항,6,"80,99,119,129,139,149"
187,08:47,2,2,수서,7,"6,9,35,98,104,124,141"
187,08:47,3,3,삼성,13,"14,15,19,34,42,46,54,87,94,112,122,132,134"
187,08:47,4,4,여의도,30,"11,16,17,20,26,27,32,33,37,41,44,53,60,74,76,77,83,84,86,91,92,93,96,97,103,107,113,117,123,143"
187,08:47,5,5,김포공항,4,"36,78,114,144"
187,08:47,6,6,일산,4,"30,52,64,126"
187,08:47,7,7,판교,10,"7,13,24,47,100,110,116,135,136,146"
187,08:47,8,8,동탄/용인,1,62
187,08:47,9,9,평택,20,"18,22,25,38,39,49,55,67,70,102,108,115,118,125,128,130,133,138,145,148"
188,08:48,1,1,서울역,24,"3,5,8,12,21,23,29,43,51,56,57,59,72,75,90,95,101,105,111,120,127,137,140,147"
188,08:48,10,10,인천공항,6,"80,99,119,129,139,149"
188,08:48,2,2,수서,7,"6,9,35,98,104,124,141"
188,08:48,3,3,삼성,14,"14,15,19,34,42,46,54,81,87,94,112,122,132,134"
188,08:48,4,4,여의도,31,"10,11,16,17,20,26,27,32,33,37,41,44,53,60,74,76,77,83,84,86,91,92,93,96,97,103,107,113,117,123,143"
188,08:48,5,5,김포공항,4,"36,78,114,144"
188,08:48,6,6,일산,4,"30,45,52,64"
188,08:48,7,7,판교,10,"7,13,24,47,100,110,116,135,136,146"
188,08:48,8,8,동탄/용인,1,62
188,08:48,9,9,평택,19,"22,25,38,39,49,55,67,70,102,108,115,118,125,128,130,133,138,145,148"
189,08:49,1,1,서울역,22,"3,5,8,12,21,23,43,51,56,57,59,72,75,95,101,105,111,120,127,137,140,147"
189,08:49,10,10,인천공항,6,"80,99,119,129,139,149"
189,08:49,2,2,수서,7,"6,9,35,98,104,124,141"
189,08:49,3,3,삼성,13,"15,19,34,42,46,54,81,87,94,112,122,132,134"
189,08:49,4,4,여의도,31,"10,11,16,17,20,26,27,32,37,41,44,53,60,73,74,76,77,83,84,86,91,92,93,96,97,103,107,113,117,123,143"
189,08:49,5,5,김포공항,3,"78,114,144"
189,08:49,6,6,일산,4,"30,45,52,64"
189,08:49,7,7,판교,10,"7,13,24,47,100,110,116,135,136,146"
189,08:49,8,8,동탄/용인,2,"62,69"
189,08:49,9,9,평택,19,"22,25,38,39,49,55,67,70,102,108,115,118,125,128,130,133,138,145,148"
190,08:50,1,1,서울역,21,"3,8,12,21,23,48,51,56,57,59,72,75,95,101,105,111,120,127,137,140,147"
190,08:50,10,10,인천공항,6,"80,99,119,129,139,149"
190,08:50,2,2,수서,7,"6,9,35,98,104,124,141"
190,08:50,3,3,삼성,13,"2,15,19,34,42,46,81,87,94,112,122,132,134"
190,08:50,4,4,여의도,31,"10,11,16,17,20,26,27,32,37,41,44,53,60,73,74,76,77,83,84,86,91,92,93,96,97,103,107,113,117,123,143"
190,08:50,5,5,김포공항,3,"78,114,144"
190,08:50,6,6,일산,3,"1,30,45"
190,08:50,7,7,판교,10,"7,13,24,47,100,110,116,135,136,146"
190,08:50,8,8,동탄/용인,2,"62,69"
190,08:50,9,9,평택,19,"25,38,39,49,55,67,70,85,102,108,115,118,125,128,130,133,138,145,148"
191,08:51,1,1,서울역,21,"3,8,12,21,23,48,51,56,57,59,72,75,95,101,105,111,120,127,137,140,147"
191,08:51,10,10,인천공항,6,"80,99,119,129,139,149"
191,08:51,2,2,수서,7,"6,9,35,98,104,124,141"
191,08:51,3,3,삼성,11,"2,15,19,34,42,46,87,112,122,132,134"
191,08:51,4,4,여의도,31,"10,11,16,17,20,26,27,32,37,41,44,53,60,73,74,76,77,83,84,86,91,92,93,96,97,103,107,113,117,123,143"
191,08:51,5,5,김포공항,4,"78,106,114,144"
191,08:51,6,6,일산,3,"0,1,30"
191,08:51,7,7,판교,10,"7,13,24,47,100,110,116,135,136,146"
191,08:51,8,8,동탄/용인,2,"58,69"
191,08:51,9,9,평택,20,"25,28,38,39,49,55,67,70,85,102,108,115,118,125,128,130,133,138,145,148"
192,08:52,1,1,서울역,21,"3,8,12,21,23,48,51,56,57,59,72,75,95,101,105,111,120,127,137,140,147"
192,08:52,10,10,인천공항,6,"80,99,119,129,139,149"
192,08:52,2,2,수서,7,"6,9,35,82,98,104,141"
192,08:52,3,3,삼성,12,"2,15,19,31,34,42,46,61,87,112,122,134"
192,08:52,4,4,여의도,31,"10,11,16,17,20,26,27,32,37,41,44,53,60,73,74,76,77,83,84,86,91,92,93,96,97,103,107,113,117,123,143"
192,08:52,5,5,김포공항,4,"78,106,114,144"
192,08:52,6,6,일산,3,"0,1,30"
192,08:52,7,7,판교,10,"7,13,24,47,100,110,116,135,136,146"
192,08:52,8,8,동탄/용인,2,"58,69"
192,08:52,9,9,평택,21,"25,28,38,39,49,55,63,67,70,85,102,108,115,118,125,128,130,133,138,145,148"
193,08:53,1,1,서울역,22,"3,8,21,23,48,50,51,56,57,59,72,75,95,101,105,111,120,127,131,137,140,147"
193,08:53,10,10,인천공항,6,"80,99,119,129,139,149"
193,08:53,2,2,수서,7,"6,9,35,82,98,104,141"
193,08:53,3,3,삼성,12,"2,15,19,31,34,42,46,61,87,112,122,134"
193,08:53,4,4,여의도,33,"10,11,16,17,20,26,27,32,37,41,44,53,60,73,74,76,77,83,84,86,91,92,93,96,97,103,107,113,117,121,123,142,143"
193,08:53,5,5,김포공항,4,"78,106,114,144"
193,08:53,6,6,일산,4,"0,1,4,65"
193,08:53,7,7,판교,10,"7,13,24,47,100,110,116,135,136,146"
193,08:53,8,8,동탄/용인,2,"58,69"
193,08:53,9,9,평택,20,"25,28,38,39,49,55,63,67,70,85,102,115,118,125,128,130,133,138,145,148"
194,08:54,1,1,서울역,22,"3,8,21,23,48,50,51,56,57,59,72,75,95,101,105,111,120,127,131,137,140,147"
194,08:54,10,10,인천공항,6,"80,99,119,129,139,149"
194,08:54,2,2,수서,7,"6,9,35,82,98,104,141"
194,08:54,3,3,삼성,12,"2,15,19,31,34,42,46,61,87,112,122,134"
194,08:54,4,4,여의도,33,"10,11,16,17,20,26,27,32,37,41,44,53,60,73,74,76,77,83,84,86,91,92,93,96,97,103,107,113,117,121,123,142,143"
194,08:54,5,5,김포공항,4,"78,106,114,144"
194,08:54,6,6,일산,6,"0,1,4,40,65,88"
194,08:54,7,7,판교,10,"7,13,24,47,100,110,116,135,136,146"
194,08:54,8,8,동탄/용인,2,"58,69"
194,08:54,9,9,평택,20,"25,28,38,39,49,55,63,67,70,85,102,115,118,125,128,130,133,138,145,148"
195,08:55,1,1,서울역,23,"3,8,21,23,48,50,51,56,57,59,72,75,95,101,105,111,120,126,127,131,137,140,147"
195,08:55,10,10,인천공항,6,"80,99,119,129,139,149"
195,08:55,2,2,수서,8,"6,9,33,35,82,98,104,141"
195,08:55,3,3,삼성,13,"2,15,19,31,34,42,46,61,87,90,112,122,134"
195,08:55,4,4,여의도,33,"10,11,16,17,20,26,27,32,37,41,44,53,60,73,74,76,77,83,84,86,91,92,93,96,97,103,107,113,117,121,123,142,143"
195,08:55,5,5,김포공항,5,"68,78,106,114,144"
195,08:55,6,6,일산,6,"0,1,4,40,65,88"
195,08:55,7,7,판교,9,"7,13,47,100,110,116,135,136,146"
195,08:55,8,8,동탄/용인,1,58
195,08:55,9,9,평택,20,"25,28,38,39,49,55,63,67,70,85,102,115,118,125,128,130,133,138,145,148"
196,08:56,1,1,서울역,22,"3,8,23,48,50,51,56,57,59,72,75,95,101,105,111,120,126,127,131,137,140,147"
196,08:56,10,10,인천공항,6,"80,99,119,129,139,149"
196,08:56,2,2,수서,8,"6,9,33,35,82,98,104,141"
196,08:56,3,3,삼성,13,"2,15,19,31,34,42,46,61,87,90,112,122,134"
196,08:56,4,4,여의도,33,"10,11,16,17,20,26,27,32,37,41,44,53,60,73,74,76,77,83,84,86,91,92,93,96,97,103,107,113,117,121,123,142,143"
196,08:56,5,5,김포공항,5,"68,78,106,114,144"
196,08:56,6,6,일산,4,"0,29,40,88"
196,08:56,7,7,판교,9,"7,13,47,100,110,116,135,136,146"
196,08:56,8,8,동탄/용인,1,58
196,08:56,9,9,평택,21,"25,28,38,39,49,55,63,66,67,70,85,102,115,118,125,128,130,133,138,145,148"
197,08:57,1,1,서울역,23,"3,8,23,48,50,51,56,57,59,72,75,94,95,101,105,111,120,126,127,131,137,140,147"
197,08:57,10,10,인천공항,6,"80,99,119,129,139,149"
197,08:57,2,2,수서,8,"6,9,33,35,82,98,104,141"
197,08:57,3,3,삼성,12,"2,15,19,31,34,42,46,61,87,90,122,134"
197,08:57,4,4,여의도,34,"10,11,16,17,20,26,27,32,37,41,44,53,54,60,73,74,76,77,83,84,86,91,92,93,96,97,103,107,113,117,121,123,142,143"
197,08:57,5,5,김포공항,4,"68,78,114,144"
197,08:57,6,6,일산,3,"5,29,88"
197,08:57,7,7,판교,10,"7,13,43,47,100,110,116,135,136,146"
197,08:57,8,8,동탄/용인,1,58
197,08:57,9,9,평택,21,"25,28,38,39,49,55,63,66,67,70,85,102,115,118,125,128,130,133,138,145,148"
198,08:58,1,1,서울역,23,"3,8,23,48,50,51,56,57,59,72,75,94,95,101,105,111,120,126,127,131,137,140,147"
198,08:58,10,10,인천공항,6,"80,99,119,129,139,149"
198,08:58,2,2,수서,7,"6,9,35,82,98,104,141"
198,08:58,3,3,삼성,10,"2,15,19,31,34,42,46,87,122,134"
198,08:58,4,4,여의도,35,"10,11,16,17,20,26,27,32,37,41,44,53,54,60,73,74,76,77,83,84,86,91,92,93,96,97,103,107,113,117,121,123,124,142,143"
198,08:58,5,5,김포공항,3,"68,114,144"
198,08:58,6,6,일산,3,"5,29,88"
198,08:58,7,7,판교,10,"7,13,43,47,100,110,116,135,136,146"
198,08:58,9,9,평택,21,"25,28,38,39,49,55,63,66,67,70,85,102,115,118,125,128,130,133,138,145,148"
199,08:59,1,1,서울역,23,"3,8,23,48,50,51,56,57,59,72,75,94,95,101,105,111,120,126,127,131,137,140,147"
199,08:59,10,10,인천공항,6,"80,99,119,129,139,149"
199,08:59,2,2,수서,7,"6,9,35,82,98,104,141"
199,08:59,3,3,삼성,10,"12,15,19,31,34,42,46,87,122,134"
199,08:59,4,4,여의도,35,"10,11,16,17,20,26,27,32,37,41,44,53,54,60,73,74,76,77,83,84,86,91,92,93,96,97,103,107,113,117,121,123,124,142,143"
199,08:59,5,5,김포공항,3,"68,114,144"
199,08:59,6,6,일산,2,"5,88"
199,08:59,7,7,판교,11,"7,13,36,43,47,100,110,116,135,136,146"
199,08:59,8,8,동탄/용인,2,"14,108"
199,08:59,9,9,평택,19,"28,38,39,49,55,63,66,67,70,102,115,118,125,128,130,133,138,145,148"
200,09:00,1,1,서울역,23,"3,8,23,48,50,51,56,57,59,72,75,94,95,101,105,111,120,126,127,131,137,140,147"
200,09:00,10,10,인천공항,6,"80,99,119,129,139,149"
200,09:00,2,2,수서,7,"6,9,35,82,98,104,141"
200,09:00,3,3,삼성,10,"12,15,19,31,34,42,46,87,122,134"
200,09:00,4,4,여의도,34,"10,11,16,17,20,26,27,32,37,41,44,53,54,73,74,76,77,83,84,86,91,92,93,96,97,103,107,113,117,121,123,124,142,143"
200,09:00,5,5,김포공항,3,"68,132,144"
200,09:00,6,6,일산,2,"5,88"
200,09:00,7,7,판교,11,"13,18,36,43,47,100,110,116,135,136,146"
200,09:00,8,8,동탄/용인,2,"14,108"
200,09:00,9,9,평택,19,"28,38,39,49,55,63,66,67,70,102,115,118,125,128,130,133,138,145,148"
201,09:01,1,1,서울역,23,"3,8,23,48,50,51,56,57,59,72,75,94,95,101,105,111,120,126,127,131,137,140,147"
201,09:01,10,10,인천공항,6,"80,99,119,129,139,149"
201,09:01,2,2,수서,9,"6,9,35,52,62,82,98,104,141"
201,09:01,3,3,삼성,10,"12,19,31,34,42,45,46,87,122,134"
201,09:01,4,4,여의도,34,"10,11,16,17,20,26,27,32,37,41,44,53,54,73,74,76,77,83,84,86,91,92,93,96,97,103,107,113,117,121,123,124,142,143"
201,09:01,5,5,김포공항,3,"68,132,144"
201,09:01,6,6,일산,2,"5,88"
201,09:01,7,7,판교,11,"13,18,36,43,47,100,110,116,135,136,146"
201,09:01,8,8,동탄/용인,2,"14,108"
201,09:01,9,9,평택,18,"28,38,49,63,66,67,70,71,102,115,118,125,128,130,133,138,145,148"
202,09:02,1,1,서울역,22,"8,23,48,50,51,56,57,59,72,75,94,95,101,105,111,120,126,127,131,137,140,147"
202,09:02,10,10,인천공항,6,"80,99,119,129,139,149"
202,09:02,2,2,수서,8,"6,9,35,52,62,82,98,104"
202,09:02,3,3,삼성,8,"19,31,34,42,45,46,122,134"
202,09:02,4,4,여의도,35,"10,11,16,17,20,24,26,27,32,37,41,44,53,54,73,74,76,77,83,84,86,91,92,93,96,97,103,107,113,117,121,123,124,142,143"
202,09:02,5,5,김포공항,3,"68,132,144"
202,09:02,6,6,일산,1,5
202,09:02,7,7,판교,13,"13,18,22,36,43,47,64,100,110,116,135,136,146"
202,09:02,8,8,동탄/용인,1,14
202,09:02,9,9,평택,18,"28,38,49,63,66,67,70,71,102,115,118,125,128,130,133,138,145,148"
203,09:03,1,1,서울역,24,"1,8,23,48,50,51,56,57,59,72,75,94,95,101,105,111,112,120,126,127,131,137,140,147"
203,09:03,10,10,인천공항,6,"80,99,119,129,139,149"
203,09:03,2,2,수서,7,"6,9,35,52,62,82,104"
203,09:03,3,3,삼성,9,"19,30,31,34,42,45,46,122,134"
203,09:03,4,4,여의도,36,"4,10,11,16,17,20,24,26,27,32,37,41,44,53,54,73,74,76,77,83,84,86,91,92,93,96,97,103,107,113,117,121,123,124,142,143"
203,09:03,5,5,김포공항,3,"68,132,144"
203,09:03,7,7,판교,12,"13,22,36,43,47,64,100,110,116,135,136,146"
203,09:03,8,8,동탄/용인,1,14
203,09:03,9,9,평택,18,"28,38,49,63,66,67,70,71,102,115,118,125,128,130,133,138,145,148"
204,09:04,1,1,서울역,25,"0,1,8,23,48,50,51,56,57,59,72,75,94,95,101,105,111,112,120,126,127,131,137,140,147"
204,09:04,10,10,인천공항,6,"80,99,119,129,139,149"
204,09:04,2,2,수서,6,"6,9,35,52,62,104"
204,09:04,3,3,삼성,9,"19,30,31,34,42,45,46,122,134"
204,09:04,4,4,여의도,36,"4,10,11,16,17,20,24,26,27,32,37,41,44,53,54,73,74,76,77,83,84,86,91,92,93,96,97,103,107,113,117,121,123,124,142,143"
204,09:04,5,5,김포공항,2,"132,144"
204,09:04,7,7,판교,12,"13,22,36,43,47,64,100,110,116,135,136,146"
204,09:04,8,8,동탄/용인,1,14
204,09:04,9,9,평택,20,"28,38,49,63,66,67,70,71,89,102,109,115,118,125,128,130,133,138,145,148"
205,09:05,1,1,서울역,26,"0,1,8,23,33,48,50,51,56,57,59,72,75,94,95,101,105,111,112,120,126,127,131,137,140,147"
205,09:05,10,10,인천공항,6,"80,99,119,129,139,149"
205,09:05,2,2,수서,6,"6,9,35,52,62,104"
205,09:05,3,3,삼성,10,"19,30,31,34,42,45,46,106,122,134"
205,09:05,4,4,여의도,37,"4,10,11,16,17,20,24,26,27,32,37,41,44,53,54,61,73,74,76,77,83,84,86,91,92,93,96,97,103,107,113,117,121,123,124,142,143"
205,09:05,5,5,김포공항,2,"132,144"
205,09:05,6,6,일산,1,79
205,09:05,7,7,판교,11,"13,22,43,47,64,100,110,116,135,136,146"
205,09:05,8,8,동탄/용인,1,14
205,09:05,9,9,평택,20,"28,38,49,63,66,67,70,71,89,102,109,115,118,125,128,130,133,138,145,148"
206,09:06,1,1,서울역,26,"0,1,8,23,33,48,50,51,56,57,59,72,75,94,95,101,105,111,112,120,126,127,131,137,140,147"
206,09:06,10,10,인천공항,6,"80,99,119,129,139,149"
206,09:06,2,2,수서,6,"6,9,35,52,62,104"
206,09:06,3,3,삼성,11,"19,30,31,34,42,45,46,78,106,122,134"
206,09:06,4,4,여의도,38,"2,4,10,11,16,17,20,24,26,27,32,37,41,44,53,54,61,73,74,76,77,83,84,86,91,92,93,96,97,103,107,113,117,121,123,124,142,143"
206,09:06,5,5,김포공항,2,"132,144"
206,09:06,6,6,일산,1,79
206,09:06,7,7,판교,11,"13,22,43,47,64,100,110,116,135,136,146"
206,09:06,8,8,동탄/용인,1,14
206,09:06,9,9,평택,21,"28,38,49,63,66,67,70,71,81,89,102,109,115,118,125,128,130,133,138,145,148"
207,09:07,1,1,서울역,26,"0,1,23,33,48,50,51,56,57,59,69,72,75,94,95,101,105,111,112,120,126,127,131,137,140,147"
207,09:07,10,10,인천공항,6,"80,99,119,129,139,149"
207,09:07,2,2,수서,6,"6,9,35,52,62,104"
207,09:07,3,3,삼성,11,"19,30,34,40,42,45,46,78,106,122,134"
207,09:07,4,4,여의도,39,"2,4,7,10,11,16,17,20,24,26,27,32,37,41,44,53,54,61,73,74,76,77,83,84,86,91,92,93,96,97,103,107,113,117,121,123,124,142,143"
207,09:07,5,5,김포공항,2,"132,144"
207,09:07,6,6,일산,2,"60,79"
207,09:07,7,7,판교,11,"13,22,43,47,64,100,110,116,135,136,146"
207,09:07,8,8,동탄/용인,1,14
207,09:07,9,9,평택,20,"28,38,49,63,66,70,71,81,89,102,109,115,118,125,128,130,133,138,145,148"
208,09:08,1,1,서울역,26,"0,1,23,33,48,50,51,56,57,59,69,72,75,94,95,101,105,111,112,120,126,127,131,137,140,147"
208,09:08,10,10,인천공항,6,"80,99,119,129,139,149"
208,09:08,2,2,수서,5,"6,35,52,62,104"
208,09:08,3,3,삼성,12,"19,30,34,40,42,45,46,78,106,114,122,134"
208,09:08,4,4,여의도,40,"2,4,7,11,15,16,17,20,24,26,27,32,37,41,44,53,54,61,73,74,76,77,83,84,86,91,92,93,96,97,103,107,113,117,121,123,124,141,142,143"
208,09:08,5,5,김포공항,2,"132,144"
208,09:08,6,6,일산,2,"60,79"
208,09:08,7,7,판교,12,"13,22,43,47,64,65,100,110,116,135,136,146"
208,09:08,8,8,동탄/용인,1,14
208,09:08,9,9,평택,20,"28,38,49,63,66,70,71,81,89,102,109,115,118,125,128,130,133,138,145,148"
209,09:09,1,1,서울역,27,"0,1,23,33,48,50,51,56,57,59,69,72,75,88,94,95,101,105,111,112,120,126,127,131,137,140,147"
209,09:09,10,10,인천공항,6,"80,99,119,129,139,149"
209,09:09,2,2,수서,5,"6,35,52,62,104"
209,09:09,3,3,삼성,13,"19,29,30,34,40,42,45,46,78,106,114,122,134"
209,09:09,4,4,여의도,43,"2,4,7,11,15,16,17,20,24,26,27,32,37,41,44,53,54,58,61,73,74,76,77,83,84,86,87,91,92,93,96,97,98,103,107,113,117,121,123,124,141,142,143"
209,09:09,5,5,김포공항,1,132
209,09:09,6,6,일산,3,"3,60,79"
209,09:09,7,7,판교,12,"13,22,43,47,64,65,100,110,116,135,136,146"
209,09:09,8,8,동탄/용인,1,14
209,09:09,9,9,평택,20,"28,38,49,63,66,70,71,81,89,102,109,115,118,125,128,130,133,138,145,148"
210,09:10,1,1,서울역,28,"0,1,18,23,33,48,50,51,56,57,59,69,72,75,88,94,95,101,105,111,112,120,126,127,131,137,140,147"
210,09:10,10,10,인천공항,6,"80,99,119,129,139,149"
210,09:10,2,2,수서,4,"6,52,62,104"
210,09:10,3,3,삼성,13,"19,29,30,34,40,42,45,46,78,106,114,122,134"
210,09:10,4,4,여의도,45,"2,4,5,7,11,15,16,17,20,24,26,27,32,37,41,44,53,54,58,61,73,74,76,77,82,83,84,86,87,91,92,93,96,97,98,103,107,113,117,121,123,124,141,142,143"
210,09:10,5,5,김포공항,1,132
210,09:10,6,6,일산,2,"3,79"
210,09:10,7,7,판교,11,"13,22,47,64,65,100,110,116,135,136,146"
210,09:10,8,8,동탄/용인,1,14
210,09:10,9,9,평택,20,"28,38,49,63,66,70,71,81,89,102,109,115,118,125,128,130,133,138,145,148"
211,09:11,1,1,서울역,28,"0,1,18,23,33,48,50,51,56,57,59,69,72,75,88,94,95,101,105,111,112,120,126,127,131,137,140,147"
211,09:11,10,10,인천공항,4,"80,129,139,149"
211,09:11,2,2,수서,4,"6,52,62,104"
211,09:11,3,3,삼성,12,"19,29,30,34,40,42,45,46,78,114,122,134"
211,09:11,4,4,여의도,45,"2,4,5,7,11,15,16,17,20,24,26,27,32,37,41,44,53,54,58,61,73,74,76,77,82,83,84,86,87,91,92,93,96,97,98,103,107,113,117,121,123,124,141,142,143"
211,09:11,5,5,김포공항,1,132
211,09:11,6,6,일산,2,"3,79"
211,09:11,7,7,판교,12,"13,22,25,47,64,65,100,110,116,135,136,146"
211,09:11,9,9,평택,20,"28,38,49,63,66,70,71,81,89,102,109,115,118,125,128,130,133,138,145,148"
212,09:12,1,1,서울역,28,"0,1,18,23,33,48,50,51,56,57,59,69,72,75,88,94,95,101,105,111,112,120,126,127,131,137,140,147"
212,09:12,10,10,인천공항,4,"80,129,139,149"
212,09:12,2,2,수서,4,"6,52,62,104"
212,09:12,3,3,삼성,12,"19,29,30,34,40,42,46,68,78,114,122,134"
212,09:12,4,4,여의도,46,"2,4,5,7,11,15,16,17,20,24,26,27,32,36,37,41,44,53,54,58,61,73,74,76,77,82,83,84,86,87,91,92,93,96,97,98,103,107,113,117,121,123,124,141,142,143"
212,09:12,5,5,김포공항,1,132
212,09:12,6,6,일산,2,"3,79"
212,09:12,7,7,판교,12,"13,22,25,47,64,65,100,110,116,135,136,146"
212,09:12,8,8,동탄/용인,1,12
212,09:12,9,9,평택,21,"21,28,38,49,63,66,70,71,81,89,102,109,115,118,125,128,130,133,138,145,148"
213,09:13,1,1,서울역,28,"0,1,18,23,33,48,50,51,56,57,59,69,72,75,88,94,95,101,105,111,112,120,126,127,131,137,140,147"
213,09:13,10,10,인천공항,4,"80,129,139,149"
213,09:13,2,2,수서,4,"6,52,62,104"
213,09:13,3,3,삼성,12,"19,29,30,34,40,42,46,68,78,114,122,134"
213,09:13,4,4,여의도,45,"2,4,5,7,11,15,16,17,20,26,27,32,36,37,41,44,53,54,58,61,73,74,76,77,82,83,84,86,87,91,92,93,96,97,98,103,107,113,117,121,123,124,141,142,143"
213,09:13,5,5,김포공항,1,132
213,09:13,6,6,일산,2,"3,79"
213,09:13,7,7,판교,12,"13,22,25,47,64,65,100,110,116,135,136,146"
213,09:13,8,8,동탄/용인,2,"12,67"
213,09:13,9,9,평택,22,"21,28,38,49,63,66,70,71,81,89,90,102,109,115,118,125,128,130,133,138,145,148"
214,09:14,1,1,서울역,28,"0,1,18,23,33,48,50,51,56,57,59,69,72,75,88,94,95,101,105,111,112,120,126,127,131,137,140,147"
214,09:14,10,10,인천공항,4,"80,129,139,149"
214,09:14,2,2,수서,4,"6,10,52,104"
214,09:14,3,3,삼성,12,"19,29,30,34,40,42,46,68,78,114,122,134"
214,09:14,4,4,여의도,46,"2,5,7,9,11,15,16,17,20,26,27,31,32,36,37,41,44,53,54,58,61,73,74,76,77,82,83,84,86,87,91,92,93,96,97,98,103,107,113,117,121,123,124,141,142,143"
214,09:14,5,5,김포공항,1,132
214,09:14,6,6,일산,3,"3,8,79"
214,09:14,7,7,판교,12,"13,22,25,47,64,65,100,110,116,135,136,146"
214,09:14,8,8,동탄/용인,2,"12,67"
214,09:14,9,9,평택,22,"21,28,38,49,63,66,70,71,81,89,90,102,109,115,118,125,128,130,133,138,145,148"
215,09:15,1,1,서울역,28,"0,1,18,23,33,48,50,51,56,57,59,69,72,75,88,94,95,101,105,111,112,120,126,127,131,137,140,147"
215,09:15,10,10,인천공항,4,"80,129,139,149"
215,09:15,2,2,수서,4,"6,10,39,52"
215,09:15,3,3,삼성,12,"19,29,30,34,40,42,46,68,78,114,122,134"
215,09:15,4,4,여의도,46,"2,5,7,9,11,15,16,17,20,26,27,31,32,36,37,41,44,53,54,58,61,73,74,76,77,82,83,84,86,87,91,92,93,96,97,98,103,107,113,117,121,123,124,141,142,143"
215,09:15,6,6,일산,1,8
215,09:15,7,7,판교,12,"13,22,25,47,64,65,100,110,116,135,136,146"
215,09:15,8,8,동탄/용인,2,"12,67"
215,09:15,9,9,평택,22,"21,28,38,49,63,66,70,71,81,89,90,102,109,115,118,125,128,130,133,138,145,148"
216,09:16,1,1,서울역,28,"0,1,18,23,33,48,50,51,56,57,59,69,72,75,88,94,95,101,105,111,112,120,126,127,131,137,140,147"
216,09:16,10,10,인천공항,4,"80,129,139,149"
216,09:16,2,2,수서,4,"6,10,39,52"
216,09:16,3,3,삼성,12,"19,29,30,34,40,42,46,68,78,114,122,134"
216,09:16,4,4,여의도,47,"2,5,7,9,11,15,16,17,20,26,27,31,32,35,36,37,41,44,53,54,58,61,73,74,76,77,82,83,84,86,87,91,92,93,96,97,98,103,107,113,117,121,123,124,141,142,143"
216,09:16,5,5,김포공항,1,108
216,09:16,6,6,일산,1,8
216,09:16,7,7,판교,12,"13,22,25,47,64,65,100,110,116,135,136,146"
216,09:16,8,8,동탄/용인,1,12
216,09:16,9,9,평택,22,"21,28,38,49,63,66,70,71,81,89,90,102,109,115,118,125,128,130,133,138,145,148"
217,09:17,1,1,서울역,30,"0,1,18,23,33,48,50,51,55,56,57,59,69,72,75,88,94,95,101,105,106,111,112,120,126,127,131,137,140,147"
217,09:17,10,10,인천공항,4,"80,129,139,149"
217,09:17,2,2,수서,3,"6,10,39"
217,09:17,3,3,삼성,12,"19,29,30,34,40,42,46,68,78,114,122,134"
217,09:17,4,4,여의도,48,"2,5,7,9,11,15,16,17,20,26,27,31,32,35,36,37,41,43,44,53,54,58,61,73,74,76,77,82,83,84,86,87,91,92,93,96,97,98,103,107,113,117,121,123,124,141,142,143"
217,09:17,5,5,김포공항,1,108
217,09:17,7,7,판교,12,"13,22,25,47,64,65,100,110,116,135,136,146"
217,09:17,8,8,동탄/용인,1,12
217,09:17,9,9,평택,22,"21,28,38,49,63,66,70,71,81,89,90,102,109,115,118,125,128,130,133,138,145,148"
218,09:18,1,1,서울역,29,"0,18,23,33,48,50,51,55,56,57,59,69,72,75,88,94,95,101,105,106,111,112,120,126,127,131,137,140,147"
218,09:18,10,10,인천공항,4,"80,129,139,149"
218,09:18,2,2,수서,3,"6,10,39"
218,09:18,3,3,삼성,12,"19,29,30,34,40,42,46,68,78,114,122,134"
218,09:18,4,4,여의도,48,"2,5,7,9,11,15,16,17,20,26,27,31,32,35,36,37,41,43,44,53,54,58,61,73,74,76,77,82,83,84,86,87,91,92,93,96,97,98,103,107,113,117,121,123,124,141,142,143"
218,09:18,5,5,김포공항,1,108
218,09:18,7,7,판교,12,"13,22,25,47,64,65,100,110,116,135,136,146"
218,09:18,8,8,동탄/용인,1,12
218,09:18,9,9,평택,21,"28,38,49,63,66,70,71,81,89,90,102,109,115,118,125,128,130,133,138,145,148"
219,09:19,1,1,서울역,29,"0,18,23,33,48,50,51,55,56,57,59,69,72,75,88,94,95,101,105,106,111,112,120,126,127,131,137,140,147"
219,09:19,10,10,인천공항,4,"80,129,139,149"
219,09:19,2,2,수서,3,"6,10,39"
219,09:19,3,3,삼성,11,"19,29,30,40,42,46,68,78,114,122,134"
219,09:19,4,4,여의도,48,"2,7,9,11,15,16,17,20,26,27,31,32,35,36,37,41,43,44,45,53,54,58,61,73,74,76,77,82,83,84,86,87,91,92,93,96,97,98,103,107,113,117,121,123,124,141,142,143"
219,09:19,5,5,김포공항,2,"24,108"
219,09:19,6,6,일산,1,85
219,09:19,7,7,판교,13,"13,22,25,47,64,65,100,110,116,135,136,144,146"
219,09:19,8,8,동탄/용인,1,12
219,09:19,9,9,평택,20,"28,38,63,66,70,71,81,89,90,102,109,115,118,125,128,130,133,138,145,148"
220,09:20,1,1,서울역,29,"0,18,23,33,48,50,51,55,56,57,59,69,72,75,88,94,95,101,105,106,111,112,120,126,127,131,137,140,147"
220,09:20,10,10,인천공항,4,"80,129,139,149"
220,09:20,2,2,수서,3,"6,10,39"
220,09:20,3,3,삼성,11,"19,29,30,40,42,46,68,78,114,122,134"
220,09:20,4,4,여의도,45,"9,11,15,16,17,20,26,27,31,32,35,36,37,43,44,45,53,54,58,61,73,74,76,77,82,83,84,86,87,91,92,93,96,97,98,103,107,113,117,121,123,124,141,142,143"
220,09:20,5,5,김포공항,2,"24,108"
220,09:20,6,6,일산,1,85
220,09:20,7,7,판교,13,"13,22,25,47,64,65,100,110,116,135,136,144,146"
220,09:20,8,8,동탄/용인,1,12
220,09:20,9,9,평택,19,"38,63,66,70,71,81,89,90,102,109,115,118,125,128,130,133,138,145,148"
221,09:21,1,1,서울역,30,"0,18,23,33,48,50,51,55,56,57,59,62,69,72,75,88,94,95,101,105,106,111,112,120,126,127,131,137,140,147"
221,09:21,10,10,인천공항,4,"80,129,139,149"
221,09:21,2,2,수서,4,"6,10,14,39"
221,09:21,3,3,삼성,10,"19,29,30,40,42,68,78,114,122,134"
221,09:21,4,4,여의도,46,"9,11,15,16,17,20,26,27,31,32,35,36,37,43,44,45,53,54,58,61,73,74,76,77,82,83,84,86,87,91,92,93,96,97,98,103,104,107,113,117,121,123,124,141,142,143"
221,09:21,5,5,김포공항,2,"24,108"
221,09:21,6,6,일산,1,85
221,09:21,7,7,판교,14,"4,13,22,25,47,64,65,100,110,116,135,136,144,146"
221,09:21,9,9,평택,19,"38,63,66,70,71,81,89,90,102,109,115,118,125,128,130,133,138,145,148"
222,09:22,1,1,서울역,30,"0,18,23,33,48,50,51,55,56,57,59,62,69,72,75,79,88,95,101,105,106,111,112,120,126,127,131,137,140,147"
222,09:22,10,10,인천공항,4,"80,129,139,149"
222,09:22,2,2,수서,4,"6,10,14,39"
222,09:22,3,3,삼성,10,"19,29,30,40,42,68,78,114,122,134"
222,09:22,4,4,여의도,46,"9,11,15,16,17,20,26,27,31,32,35,36,37,43,44,45,53,54,58,61,73,74,76,77,82,83,84,86,87,91,92,93,96,97,98,103,104,107,113,117,121,123,124,141,142,143"
222,09:22,5,5,김포공항,1,108
222,09:22,6,6,일산,1,85
222,09:22,7,7,판교,12,"4,13,47,64,65,100,110,116,135,136,144,146"
222,09:22,9,9,평택,19,"38,63,66,70,71,81,89,90,102,109,115,118,125,128,130,133,138,145,148"
223,09:23,1,1,서울역,30,"0,18,23,33,48,50,51,55,56,57,59,62,69,72,75,79,88,95,101,105,106,111,112,120,126,127,131,137,140,147"
223,09:23,10,10,인천공항,4,"80,129,139,149"
223,09:23,2,2,수서,4,"6,14,39,132"
223,09:23,3,3,삼성,10,"19,29,30,40,42,68,78,114,122,134"
223,09:23,4,4,여의도,46,"9,11,15,16,17,20,26,27,31,32,35,36,37,43,44,45,52,53,54,58,61,73,74,76,77,82,83,84,86,87,91,92,93,96,97,98,104,107,113,117,121,123,124,141,142,143"
223,09:23,5,5,김포공항,1,108
223,09:23,6,6,일산,1,85
223,09:23,7,7,판교,12,"4,13,47,64,65,100,110,116,135,136,144,146"
223,09:23,9,9,평택,19,"38,63,66,70,71,81,89,90,102,109,115,118,125,128,130,133,138,145,148"
224,09:24,1,1,서울역,30,"0,18,23,33,48,50,51,55,56,57,59,62,69,72,75,79,88,95,101,105,106,111,112,120,126,127,131,137,140,147"
224,09:24,10,10,인천공항,3,"80,129,149"
224,09:24,2,2,수서,4,"6,14,39,132"
224,09:24,3,3,삼성,10,"19,29,30,40,42,68,78,114,122,134"
224,09:24,4,4,여의도,45,"9,11,15,16,17,20,26,27,31,32,35,36,37,43,44,45,52,53,54,61,73,74,76,77,82,83,84,86,87,91,92,93,96,97,98,104,107,113,117,121,123,124,141,142,143"
224,09:24,5,5,김포공항,1,108
224,09:24,6,6,일산,1,85
224,09:24,7,7,판교,12,"4,13,47,64,65,100,110,116,135,136,144,146"
224,09:24,9,9,평택,19,"38,63,66,70,71,81,89,90,102,109,115,118,125,128,130,133,138,145,148"
225,09:25,1,1,서울역,30,"0,18,23,33,48,50,51,55,56,57,59,62,69,72,75,79,88,95,101,105,106,111,112,120,126,127,131,137,140,147"
225,09:25,10,10,인천공항,3,"80,129,149"
225,09:25,2,2,수서,4,"6,14,39,132"
225,09:25,3,3,삼성,11,"3,19,29,30,40,42,68,78,114,122,134"
225,09:25,4,4,여의도,45,"9,11,15,16,17,20,26,27,31,32,35,36,37,43,44,45,52,53,54,61,73,74,76,77,82,83,84,86,87,91,92,93,96,97,98,104,107,113,117,121,123,124,141,142,143"
225,09:25,5,5,김포공항,1,108
225,09:25,6,6,일산,1,85
225,09:25,7,7,판교,12,"4,13,47,64,65,100,110,116,135,136,144,146"
225,09:25,9,9,평택,19,"38,63,66,70,71,81,89,90,102,109,115,118,125,128,130,133,138,145,148"
226,09:26,1,1,서울역,30,"0,18,23,33,48,50,51,55,56,57,59,62,69,72,75,79,88,95,101,105,106,111,112,120,126,127,131,137,140,147"
226,09:26,10,10,인천공항,3,"80,129,149"
226,09:26,2,2,수서,5,"2,6,14,39,132"
226,09:26,3,3,삼성,12,"3,19,29,30,40,42,68,78,99,114,122,134"
226,09:26,4,4,여의도,45,"9,11,15,16,17,20,26,27,31,32,34,35,36,37,43,44,45,52,53,61,73,74,76,77,82,83,84,86,87,91,92,93,96,97,98,104,107,113,117,121,123,124,141,142,143"
226,09:26,5,5,김포공항,3,"7,41,108"
226,09:26,6,6,일산,1,85
226,09:26,7,7,판교,13,"4,5,13,47,64,65,100,110,116,135,136,144,146"
226,09:26,8,8,동탄/용인,1,28
226,09:26,9,9,평택,19,"38,63,66,70,71,81,89,90,102,109,115,118,125,128,130,133,138,145,148"
227,09:27,1,1,서울역,29,"0,18,23,33,48,50,51,56,57,59,62,69,72,75,79,88,95,101,105,106,111,112,120,126,127,131,137,140,147"
227,09:27,10,10,인천공항,3,"80,129,149"
227,09:27,2,2,수서,5,"2,6,14,39,132"
227,09:27,3,3,삼성,13,"3,8,19,29,30,40,42,68,78,99,114,122,134"
227,09:27,4,4,여의도,45,"9,11,15,16,17,20,26,27,31,32,34,35,36,37,43,44,45,52,53,61,73,74,76,77,82,83,84,86,87,91,92,93,96,97,98,104,107,113,117,121,123,124,141,142,143"
227,09:27,5,5,김포공항,3,"7,41,108"
227,09:27,6,6,일산,1,85
227,09:27,7,7,판교,13,"4,5,13,47,64,65,100,110,116,135,136,144,146"
227,09:27,8,8,동탄/용인,1,28
227,09:27,9,9,평택,18,"63,66,70,71,81,89,90,102,109,115,118,125,128,130,133,138,145,148"
228,09:28,1,1,서울역,30,"0,18,23,33,48,50,51,56,57,59,62,67,69,72,75,79,88,95,101,105,106,111,112,120,126,127,131,137,140,147"
228,09:28,10,10,인천공항,3,"80,129,149"
228,09:28,2,2,수서,5,"2,6,14,39,132"
228,09:28,3,3,삼성,14,"3,8,19,29,30,40,42,68,78,94,99,114,122,134"
228,09:28,4,4,여의도,45,"9,11,15,16,20,26,27,31,32,34,35,36,37,43,44,45,46,52,53,61,73,74,76,77,82,83,84,86,87,91,92,93,96,97,98,104,107,113,117,121,123,124,141,142,143"
228,09:28,5,5,김포공항,3,"7,41,108"
228,09:28,7,7,판교,13,"4,5,13,47,64,65,100,110,116,135,136,144,146"
228,09:28,8,8,동탄/용인,1,28
228,09:28,9,9,평택,18,"63,66,70,71,81,89,90,102,109,115,118,125,128,130,133,138,145,148"
229,09:29,1,1,서울역,31,"0,18,22,23,33,48,50,51,56,57,59,62,67,69,72,75,79,88,95,101,105,106,111,112,120,126,127,131,137,140,147"
229,09:29,10,10,인천공항,3,"80,129,149"
229,09:29,2,2,수서,4,"2,6,14,39"
229,09:29,3,3,삼성,14,"3,8,19,29,30,40,42,68,78,94,99,114,122,134"
229,09:29,4,4,여의도,46,"9,11,15,16,20,25,26,27,31,32,34,35,36,37,43,44,45,46,52,53,61,73,74,76,77,82,83,84,86,87,91,92,93,96,97,98,104,107,113,117,121,123,124,141,142,143"
229,09:29,5,5,김포공항,1,108
229,09:29,7,7,판교,13,"4,5,13,47,64,65,100,110,116,135,136,144,146"
229,09:29,9,9,평택,18,"63,66,70,71,81,89,90,102,109,115,118,125,128,130,133,138,145,148"
230,09:30,1,1,서울역,32,"0,10,18,22,23,33,48,50,51,56,57,59,62,67,69,72,75,79,88,95,101,105,106,111,112,120,126,127,131,137,140,147"
230,09:30,10,10,인천공항,3,"80,129,149"
230,09:30,2,2,수서,3,"2,6,39"
230,09:30,3,3,삼성,14,"3,8,19,29,30,40,42,68,78,94,99,114,122,134"
230,09:30,4,4,여의도,46,"9,11,15,16,20,25,26,27,31,32,34,35,36,37,43,44,45,46,52,53,61,73,74,76,77,82,83,84,86,87,91,92,93,96,97,98,104,107,113,117,121,123,124,141,142,143"
230,09:30,5,5,김포공항,1,108
230,09:30,7,7,판교,13,"5,13,21,47,64,65,100,110,116,135,136,144,146"
230,09:30,9,9,평택,20,"60,63,66,70,71,81,89,90,102,109,115,118,119,125,128,130,133,138,145,148"
231,09:31,1,1,서울역,32,"0,10,18,22,23,33,48,50,51,56,57,59,62,67,69,72,75,79,88,95,101,105,106,111,112,120,126,127,131,137,140,147"
231,09:31,10,10,인천공항,4,"1,80,129,149"
231,09:31,2,2,수서,3,"2,12,39"
231,09:31,3,3,삼성,12,"3,8,19,29,40,42,68,78,99,114,122,134"
231,09:31,4,4,여의도,46,"9,11,15,16,20,25,26,27,31,32,34,35,36,37,43,44,45,46,52,53,61,73,74,76,77,82,83,84,86,87,91,92,93,96,97,98,104,107,113,117,121,123,124,141,142,143"
231,09:31,5,5,김포공항,1,108
231,09:31,6,6,일산,1,58
231,09:31,7,7,판교,13,"5,13,21,47,64,65,100,110,116,135,136,144,146"
231,09:31,9,9,평택,19,"60,66,70,71,81,89,90,102,109,115,118,119,125,128,130,133,138,145,148"
232,09:32,1,1,서울역,31,"0,10,18,22,23,33,50,51,56,57,59,62,67,69,72,75,79,88,95,101,105,106,111,112,120,126,127,131,137,140,147"
232,09:32,10,10,인천공항,4,"1,80,129,149"
232,09:32,2,2,수서,3,"2,12,39"
232,09:32,3,3,삼성,11,"3,8,29,40,42,68,78,99,114,122,134"
232,09:32,4,4,여의도,46,"9,11,15,16,20,25,26,27,31,32,34,35,36,37,43,44,45,46,52,53,61,73,74,76,77,82,83,84,86,87,91,92,93,96,97,98,104,107,113,117,121,123,124,141,142,143"
232,09:32,5,5,김포공항,1,108
232,09:32,6,6,일산,1,58
232,09:32,7,7,판교,13,"13,21,24,47,64,65,100,110,116,135,136,144,146"
232,09:32,9,9,평택,19,"60,66,70,71,81,89,90,102,109,115,118,119,125,128,130,133,138,145,148"
233,09:33,1,1,서울역,31,"0,10,18,22,23,33,50,51,56,57,59,62,67,69,72,75,79,88,95,101,105,106,111,112,120,126,127,131,137,140,147"
233,09:33,10,10,인천공항,4,"1,80,129,149"
233,09:33,2,2,수서,4,"2,12,39,49"
233,09:33,3,3,삼성,11,"3,8,29,40,42,68,78,99,114,122,134"
233,09:33,4,4,여의도,45,"9,11,16,20,25,26,27,31,32,34,35,36,37,43,44,45,46,52,53,61,73,74,76,77,82,83,84,86,87,91,92,93,96,97,98,104,107,113,117,121,123,124,141,142,143"
233,09:33,5,5,김포공항,1,108
233,09:33,6,6,일산,1,58
233,09:33,7,7,판교,13,"13,21,24,47,64,65,100,110,116,135,136,144,146"
233,09:33,8,8,동탄/용인,1,38
233,09:33,9,9,평택,18,"60,66,70,71,81,89,90,102,109,115,118,119,125,130,133,138,145,148"
234,09:34,1,1,서울역,31,"0,10,18,22,23,33,50,51,56,57,59,62,67,69,72,75,79,88,95,101,105,106,111,112,120,126,127,131,137,140,147"
234,09:34,10,10,인천공항,4,"1,80,129,149"
234,09:34,2,2,수서,4,"2,12,39,49"
234,09:34,3,3,삼성,11,"3,8,29,40,42,68,78,99,114,122,134"
234,09:34,4,4,여의도,45,"9,11,16,20,25,26,27,31,32,34,35,36,37,43,44,45,46,52,53,61,73,74,76,77,82,83,84,86,87,91,92,93,96,97,98,104,107,113,117,121,123,124,141,142,143"
234,09:34,5,5,김포공항,1,108
234,09:34,7,7,판교,13,"13,21,24,47,64,65,100,110,116,135,136,144,146"
234,09:34,8,8,동탄/용인,1,38
234,09:34,9,9,평택,18,"60,66,70,71,81,89,90,102,109,115,118,119,125,130,133,138,145,148"
235,09:35,1,1,서울역,32,"0,10,18,22,23,33,50,51,56,57,59,62,67,69,72,75,79,85,88,95,101,105,106,111,112,120,126,127,131,137,140,147"
235,09:35,10,10,인천공항,5,"1,80,103,129,149"
235,09:35,2,2,수서,4,"2,12,39,49"
235,09:35,3,3,삼성,11,"3,8,29,40,42,68,78,99,114,122,134"
235,09:35,4,4,여의도,46,"7,9,11,16,20,25,26,27,31,32,34,35,36,37,43,44,45,46,52,53,61,73,74,76,77,82,83,84,86,87,91,92,93,96,97,98,104,107,113,117,121,123,124,141,142,143"
235,09:35,5,5,김포공항,1,108
235,09:35,7,7,판교,14,"13,17,21,24,47,64,65,100,110,116,135,136,144,146"
235,09:35,8,8,동탄/용인,1,38
235,09:35,9,9,평택,17,"60,66,70,71,81,89,90,102,109,115,118,119,125,133,138,145,148"
236,09:36,1,1,서울역,33,"0,10,18,22,23,33,50,51,56,57,59,62,67,69,72,75,79,85,88,95,101,105,106,111,112,120,126,127,131,132,137,140,147"
236,09:36,10,10,인천공항,5,"1,80,103,129,149"
236,09:36,2,2,수서,4,"2,12,39,49"
236,09:36,3,3,삼성,11,"3,8,29,40,42,68,78,99,114,122,134"
236,09:36,4,4,여의도,47,"7,9,11,14,16,20,25,26,27,31,32,34,35,36,37,43,44,45,46,52,53,61,73,74,76,77,82,83,84,86,87,91,92,93,96,97,98,104,107,113,117,121,123,124,141,142,143"
236,09:36,5,5,김포공항,1,108
236,09:36,7,7,판교,14,"13,17,21,24,47,64,65,100,110,116,135,136,144,146"
236,09:36,9,9,평택,17,"60,66,70,71,81,89,90,102,109,115,118,119,125,133,138,145,148"
237,09:37,1,1,서울역,34,"0,4,10,18,22,23,33,50,51,56,57,59,62,67,69,72,75,79,85,88,95,101,105,106,111,112,120,126,127,131,132,137,140,147"
237,09:37,10,10,인천공항,5,"1,80,103,129,149"
237,09:37,2,2,수서,2,"39,49"
237,09:37,3,3,삼성,11,"3,8,40,41,42,68,78,99,114,122,134"
237,09:37,4,4,여의도,47,"6,7,9,11,14,20,25,26,27,31,32,34,35,36,37,43,44,45,46,52,53,61,73,74,76,77,82,83,84,86,87,91,92,93,96,97,98,104,107,113,117,121,123,124,141,142,143"
237,09:37,5,5,김포공항,1,108
237,09:37,7,7,판교,14,"13,17,21,24,47,64,65,100,110,116,135,136,144,146"
237,09:37,9,9,평택,17,"60,66,70,71,81,89,90,102,109,115,118,119,125,133,138,145,148"
238,09:38,1,1,서울역,34,"0,4,10,18,22,23,33,50,51,56,57,59,62,67,69,72,75,79,85,88,95,101,105,106,111,112,120,126,127,131,132,137,140,147"
238,09:38,10,10,인천공항,4,"80,103,129,149"
238,09:38,2,2,수서,2,"39,49"
238,09:38,3,3,삼성,11,"3,8,40,41,42,68,78,99,114,122,134"
238,09:38,4,4,여의도,48,"6,7,9,11,14,20,25,26,27,30,31,32,34,35,36,37,43,44,45,46,52,53,61,73,74,76,77,82,83,84,86,87,91,92,93,96,97,98,104,107,113,117,121,123,124,141,142,143"
238,09:38,5,5,김포공항,1,108
238,09:38,7,7,판교,14,"13,17,21,24,47,64,65,100,110,116,135,136,144,146"
238,09:38,9,9,평택,17,"60,66,70,71,81,89,90,102,109,115,118,119,125,133,138,145,148"
239,09:39,1,1,서울역,34,"0,4,10,18,22,23,33,50,51,56,57,59,62,67,69,72,75,79,85,88,95,101,105,106,111,112,120,126,127,131,132,137,140,147"
239,09:39,10,10,인천공항,4,"80,103,129,149"
239,09:39,2,2,수서,4,"15,28,39,49"
239,09:39,3,3,삼성,11,"3,8,40,41,42,68,78,99,114,122,134"
239,09:39,4,4,여의도,50,"5,6,7,9,11,14,19,20,25,26,27,30,31,32,34,35,36,37,43,44,45,46,52,53,61,73,74,76,77,82,83,84,86,87,91,92,93,96,97,98,104,107,113,117,121,123,124,141,142,143"
239,09:39,5,5,김포공항,1,108
239,09:39,6,6,일산,1,48
239,09:39,7,7,판교,14,"13,17,21,24,47,64,65,100,110,116,135,136,144,146"
239,09:39,9,9,평택,17,"60,66,70,71,81,89,90,102,109,115,118,119,125,133,138,145,148"
240,09:40,1,1,서울역,33,"0,10,18,22,23,33,50,51,56,57,59,62,67,69,72,75,79,85,88,95,101,105,106,111,112,120,126,127,131,132,137,140,147"
240,09:40,10,10,인천공항,4,"80,103,129,149"
240,09:40,2,2,수서,4,"15,28,39,49"
240,09:40,3,3,삼성,11,"3,8,40,41,42,68,78,99,114,122,134"
240,09:40,4,4,여의도,44,"5,6,9,14,19,20,25,26,27,30,31,32,34,35,36,37,43,44,45,46,53,61,74,76,77,83,84,86,91,92,93,96,97,98,104,107,113,117,121,123,124,141,142,143"
240,09:40,5,5,김포공항,1,108
240,09:40,6,6,일산,1,48
240,09:40,7,7,판교,14,"13,17,21,24,47,64,65,100,110,116,135,136,144,146"
240,09:40,9,9,평택,16,"66,70,71,81,89,90,102,109,115,118,119,125,133,138,145,148"
241,09:41,1,1,서울역,32,"0,10,18,22,33,50,51,56,57,59,62,67,69,72,75,79,85,88,95,101,105,106,111,112,120,126,127,131,132,137,140,147"
241,09:41,10,10,인천공항,4,"80,103,129,149"
241,09:41,2,2,수서,3,"15,28,49"
241,09:41,3,3,삼성,11,"3,8,40,41,42,68,78,99,114,122,134"
241,09:41,4,4,여의도,44,"5,6,9,14,19,20,25,26,27,30,31,32,34,35,36,37,43,44,45,46,53,61,74,76,77,83,84,86,91,92,93,96,97,98,104,107,113,117,121,123,124,141,142,143"
241,09:41,5,5,김포공항,1,108
241,09:41,6,6,일산,1,48
241,09:41,7,7,판교,14,"13,17,21,24,47,64,65,100,110,116,135,136,144,146"
241,09:41,9,9,평택,17,"54,66,70,71,81,89,90,102,109,115,118,119,125,133,138,145,148"
242,09:42,1,1,서울역,31,"0,10,18,22,33,50,51,56,57,59,62,67,69,72,75,79,85,88,95,101,105,106,111,112,120,126,127,131,132,140,147"
242,09:42,10,10,인천공항,4,"80,103,129,149"
242,09:42,2,2,수서,2,"15,28"
242,09:42,3,3,삼성,11,"3,8,40,41,42,68,78,99,114,122,134"
242,09:42,4,4,여의도,44,"5,6,9,14,19,20,25,26,27,30,31,32,34,35,36,37,43,44,45,46,53,61,74,76,77,83,84,86,91,92,93,96,97,98,104,107,113,117,121,123,124,141,142,143"
242,09:42,5,5,김포공항,1,108
242,09:42,7,7,판교,14,"13,17,21,24,47,64,65,100,110,116,135,136,144,146"
242,09:42,9,9,평택,17,"54,66,70,71,81,89,90,102,109,115,118,119,125,133,138,145,148"
243,09:43,1,1,서울역,30,"0,10,18,22,33,50,51,56,57,59,62,67,69,72,75,79,85,88,95,101,105,106,111,112,120,126,131,132,140,147"
243,09:43,10,10,인천공항,3,"80,129,149"
243,09:43,2,2,수서,3,"15,16,28"
243,09:43,3,3,삼성,10,"3,8,41,42,68,78,99,114,122,134"
243,09:43,4,4,여의도,46,"2,5,6,9,12,14,19,20,25,26,27,30,31,32,34,35,36,37,43,44,45,46,53,61,74,76,77,83,84,86,91,92,93,96,97,98,104,107,113,117,121,123,124,141,142,143"
243,09:43,5,5,김포공항,1,108
243,09:43,7,7,판교,15,"13,17,21,24,47,63,64,65,100,110,116,135,136,144,146"
243,09:43,9,9,평택,19,"54,55,66,70,71,81,89,90,102,109,115,118,119,125,133,138,139,145,148"
244,09:44,1,1,서울역,29,"0,18,22,33,50,51,56,57,59,62,67,69,72,75,79,85,88,95,101,105,106,111,112,120,126,131,132,140,147"
244,09:44,10,10,인천공항,3,"80,129,149"
244,09:44,2,2,수서,3,"15,16,28"
244,09:44,3,3,삼성,10,"3,8,41,42,68,78,99,114,122,134"
244,09:44,4,4,여의도,46,"2,5,6,9,12,14,19,20,25,26,27,29,30,31,32,34,35,36,37,43,44,45,46,61,74,76,77,83,84,86,91,92,93,96,97,98,104,107,113,117,121,123,124,141,142,143"
244,09:44,5,5,김포공항,1,108
244,09:44,7,7,판교,15,"13,17,21,24,47,63,64,65,100,110,116,135,136,144,146"
244,09:44,9,9,평택,19,"54,55,66,70,71,81,89,90,102,109,115,118,119,125,133,138,139,145,148"
245,09:45,1,1,서울역,28,"0,22,33,50,51,56,57,59,62,67,69,72,75,79,85,88,95,101,105,106,111,112,120,126,131,132,140,147"
245,09:45,10,10,인천공항,3,"80,129,149"
245,09:45,2,2,수서,3,"15,16,28"
245,09:45,3,3,삼성,10,"3,8,41,42,68,78,99,114,122,134"
245,09:45,4,4,여의도,46,"2,5,6,9,12,14,19,20,25,26,27,29,30,31,32,34,35,36,37,43,44,45,46,61,74,76,77,83,84,86,91,92,93,96,97,98,104,107,113,117,121,123,124,141,142,143"
245,09:45,5,5,김포공항,1,108
245,09:45,7,7,판교,15,"13,17,21,24,47,63,64,65,100,110,116,135,136,144,146"
245,09:45,9,9,평택,19,"54,55,66,70,71,81,89,90,102,109,115,118,119,125,133,138,139,145,148"
246,09:46,1,1,서울역,28,"0,22,33,50,51,56,57,59,62,67,69,72,75,79,85,88,95,101,105,106,111,112,120,126,131,132,140,147"
246,09:46,10,10,인천공항,2,"129,149"
246,09:46,2,2,수서,5,"15,16,28,38,52"
246,09:46,3,3,삼성,9,"3,8,41,68,78,99,114,122,134"
246,09:46,4,4,여의도,46,"2,5,6,9,12,14,19,20,25,26,27,29,30,31,32,34,35,36,37,43,44,45,46,61,74,76,77,83,84,86,91,92,93,96,97,98,104,107,113,117,121,123,124,141,142,143"
246,09:46,5,5,김포공항,5,"7,11,73,82,108"
246,09:46,7,7,판교,16,"13,17,21,24,47,58,63,64,65,100,110,116,135,136,144,146"
246,09:46,8,8,동탄/용인,1,60
246,09:46,9,9,평택,20,"54,55,66,70,71,81,89,90,94,102,109,115,118,119,125,133,138,139,145,148"
247,09:47,1,1,서울역,28,"0,22,33,50,51,56,57,59,62,67,69,72,75,79,85,88,95,101,105,106,111,112,120,126,131,132,140,147"
247,09:47,10,10,인천공항,2,"129,149"
247,09:47,2,2,수서,5,"15,16,28,38,52"
247,09:47,3,3,삼성,9,"3,8,23,41,68,78,114,122,134"
247,09:47,4,4,여의도,47,"2,5,6,9,12,14,19,20,25,26,27,29,30,31,32,34,35,36,37,39,43,44,45,46,61,74,76,77,83,84,86,91,92,93,96,97,98,104,107,113,117,121,123,124,141,142,143"
247,09:47,5,5,김포공항,5,"7,11,73,82,108"
247,09:47,6,6,일산,2,"4,87"
247,09:47,7,7,판교,16,"13,17,21,24,47,58,63,64,65,100,110,116,135,136,144,146"
247,09:47,8,8,동탄/용인,1,60
247,09:47,9,9,평택,19,"55,66,70,71,81,89,90,94,102,109,115,118,119,125,133,138,139,145,148"
248,09:48,1,1,서울역,28,"0,22,33,50,51,56,57,59,62,67,69,72,75,79,85,88,95,101,105,106,111,112,120,126,131,132,140,147"
248,09:48,10,10,인천공항,2,"129,149"
248,09:48,2,2,수서,5,"15,16,28,38,52"
248,09:48,3,3,삼성,9,"3,8,23,41,68,78,114,122,134"
248,09:48,4,4,여의도,48,"2,5,6,9,12,14,19,20,25,26,27,29,30,31,32,34,35,36,37,39,43,44,45,46,49,61,74,76,77,83,84,86,91,92,93,96,97,98,104,107,113,117,121,123,124,141,142,143"
248,09:48,5,5,김포공항,5,"7,11,73,82,108"
248,09:48,6,6,일산,2,"4,87"
248,09:48,7,7,판교,16,"13,17,21,24,47,58,63,64,65,100,110,116,135,136,144,146"
248,09:48,8,8,동탄/용인,1,60
248,09:48,9,9,평택,19,"55,66,70,71,81,89,90,94,102,109,115,118,119,125,133,138,139,145,148"
249,09:49,1,1,서울역,28,"0,22,33,50,51,56,57,59,62,67,69,72,75,79,85,88,95,101,105,106,111,112,120,126,131,132,140,147"
249,09:49,10,10,인천공항,2,"129,149"
249,09:49,2,2,수서,4,"15,16,28,38"
249,09:49,3,3,삼성,9,"3,8,23,41,68,78,114,122,134"
249,09:49,4,4,여의도,47,"2,5,6,9,12,14,19,20,25,26,27,29,30,31,32,34,35,36,37,39,43,44,45,46,49,61,74,76,77,84,86,91,92,93,96,97,98,104,107,113,117,121,123,124,141,142,143"
249,09:49,5,5,김포공항,1,108
249,09:49,6,6,일산,3,"4,87,137"
249,09:49,7,7,판교,16,"13,17,21,24,47,58,63,64,65,100,110,116,135,136,144,146"
249,09:49,9,9,평택,17,"66,71,81,89,90,94,102,109,115,118,119,125,133,138,139,145,148"
250,09:50,1,1,서울역,28,"0,22,33,50,51,56,57,59,62,67,69,72,75,79,85,88,95,101,105,106,111,112,120,126,131,132,140,147"
250,09:50,10,10,인천공항,2,"129,149"
250,09:50,2,2,수서,5,"15,16,28,38,53"
250,09:50,3,3,삼성,8,"3,8,41,68,78,114,122,134"
250,09:50,4,4,여의도,48,"2,5,6,9,12,14,19,20,25,26,27,29,30,31,32,34,35,36,37,39,40,43,44,45,46,49,61,74,76,77,84,86,91,92,93,96,97,98,104,107,113,117,121,123,124,141,142,143"
250,09:50,5,5,김포공항,1,108
250,09:50,6,6,일산,3,"87,127,137"
250,09:50,7,7,판교,16,"13,17,21,24,47,58,63,64,65,100,110,116,135,136,144,146"
250,09:50,9,9,평택,17,"66,71,81,89,90,94,102,109,115,118,119,125,133,138,139,145,148"
251,09:51,1,1,서울역,28,"1,22,33,50,51,56,57,59,62,67,69,72,75,79,85,88,95,101,105,106,111,112,120,126,131,132,140,147"
251,09:51,10,10,인천공항,2,"129,149"
251,09:51,2,2,수서,5,"15,16,28,38,53"
251,09:51,3,3,삼성,7,"3,8,41,78,114,122,134"
251,09:51,4,4,여의도,48,"2,5,6,9,12,14,19,20,25,26,27,29,30,31,32,34,35,36,37,39,40,43,44,45,46,49,61,74,76,77,84,86,91,92,93,96,97,98,104,107,113,117,121,123,124,141,142,143"
251,09:51,5,5,김포공항,1,108
251,09:51,6,6,일산,4,"10,87,127,137"
251,09:51,7,7,판교,15,"13,21,24,47,58,63,64,65,100,110,116,135,136,144,146"
251,09:51,9,9,평택,17,"66,71,81,89,90,94,102,109,115,118,119,125,133,138,139,145,148"
252,09:52,1,1,서울역,28,"1,22,33,50,51,56,57,59,62,67,69,72,75,79,85,88,95,101,105,106,111,112,120,126,131,132,140,147"
252,09:52,10,10,인천공항,2,"129,149"
252,09:52,2,2,수서,5,"15,16,28,38,53"
252,09:52,3,3,삼성,8,"3,8,41,48,78,114,122,134"
252,09:52,4,4,여의도,48,"2,5,6,9,12,14,19,20,25,26,27,29,30,31,32,34,35,36,37,39,40,43,44,45,46,49,61,74,76,77,84,86,91,92,93,96,97,98,104,107,113,117,121,123,124,141,142,143"
252,09:52,5,5,김포공항,1,108
252,09:52,6,6,일산,4,"10,18,87,127"
252,09:52,7,7,판교,15,"13,21,24,47,58,63,64,65,100,110,116,135,136,144,146"
252,09:52,9,9,평택,16,"66,71,81,89,94,102,109,115,118,119,125,133,138,139,145,148"
253,09:53,1,1,서울역,29,"1,22,33,50,51,56,57,59,62,67,69,72,75,79,85,88,95,99,101,105,106,111,112,120,126,131,132,140,147"
253,09:53,10,10,인천공항,2,"129,149"
253,09:53,2,2,수서,3,"16,28,38"
253,09:53,3,3,삼성,8,"3,8,41,48,78,114,122,134"
253,09:53,4,4,여의도,48,"2,5,6,9,12,14,19,20,25,26,27,29,30,31,32,34,35,36,37,39,40,42,43,44,45,46,61,74,76,77,84,86,91,92,93,96,97,98,104,107,113,117,121,123,124,141,142,143"
253,09:53,5,5,김포공항,1,108
253,09:53,6,6,일산,3,"10,18,128"
253,09:53,7,7,판교,15,"13,21,24,47,58,63,64,65,100,110,116,135,136,144,146"
253,09:53,8,8,동탄/용인,1,54
253,09:53,9,9,평택,16,"66,71,81,89,94,102,109,115,118,119,125,133,138,139,145,148"
254,09:54,1,1,서울역,29,"1,22,33,50,51,56,57,59,62,67,69,72,75,79,85,88,95,99,101,105,106,111,112,120,126,131,132,140,147"
254,09:54,10,10,인천공항,2,"129,149"
254,09:54,2,2,수서,3,"16,28,38"
254,09:54,3,3,삼성,8,"3,8,41,48,78,114,122,134"
254,09:54,4,4,여의도,48,"2,5,6,9,12,14,19,20,25,26,27,29,30,31,32,34,35,36,37,39,40,42,43,44,45,46,61,74,76,77,84,86,91,92,93,96,97,98,104,107,113,117,121,123,124,141,142,143"
254,09:54,5,5,김포공항,1,108
254,09:54,6,6,일산,2,"18,128"
254,09:54,7,7,판교,15,"13,21,24,47,58,63,64,65,100,110,116,135,136,144,146"
254,09:54,8,8,동탄/용인,1,54
254,09:54,9,9,평택,16,"66,71,81,89,94,102,109,115,118,119,125,133,138,139,145,148"
255,09:55,1,1,서울역,29,"1,22,33,50,51,56,57,59,62,67,69,72,75,79,85,88,95,99,101,105,106,111,112,120,126,131,132,140,147"
255,09:55,10,10,인천공항,2,"129,149"
255,09:55,2,2,수서,3,"16,28,38"
255,09:55,3,3,삼성,8,"3,8,41,48,78,114,122,134"
255,09:55,4,4,여의도,47,"2,5,6,9,12,14,19,20,25,26,27,29,30,31,32,34,35,36,37,39,40,42,43,44,45,46,74,76,77,84,86,91,92,93,96,97,98,104,107,113,117,121,123,124,141,142,143"
255,09:55,5,5,김포공항,2,"83,108"
255,09:55,6,6,일산,2,"128,130"
255,09:55,7,7,판교,15,"13,21,24,47,58,63,64,65,100,110,116,135,136,144,146"
255,09:55,8,8,동탄/용인,1,54
255,09:55,9,9,평택,16,"66,71,81,89,94,102,109,115,118,119,125,133,138,139,145,148"
256,09:56,1,1,서울역,30,"1,22,33,50,51,52,56,57,59,62,67,69,72,75,79,85,88,95,99,101,105,106,111,112,120,126,131,132,140,147"
256,09:56,10,10,인천공항,2,"129,149"
256,09:56,2,2,수서,3,"16,28,38"
256,09:56,3,3,삼성,8,"3,8,41,48,78,114,122,134"
256,09:56,4,4,여의도,47,"2,5,6,9,12,14,19,20,25,26,27,29,30,31,32,34,35,36,37,39,40,42,43,44,45,46,74,76,77,84,86,91,92,93,96,97,98,104,107,113,117,121,123,124,141,142,143"
256,09:56,5,5,김포공항,2,"83,108"
256,09:56,6,6,일산,2,"128,130"
256,09:56,7,7,판교,15,"13,21,24,47,58,63,64,65,100,110,116,135,136,144,146"
256,09:56,9,9,평택,16,"66,71,81,89,94,102,109,115,118,119,125,133,138,139,145,148"
257,09:57,1,1,서울역,31,"1,4,22,33,50,51,52,56,57,59,62,67,69,72,75,79,85,88,95,99,101,105,106,111,112,120,126,131,132,140,147"
257,09:57,10,10,인천공항,2,"129,149"
257,09:57,2,2,수서,3,"16,28,38"
257,09:57,3,3,삼성,11,"3,7,8,11,41,48,73,78,114,122,134"
257,09:57,4,4,여의도,47,"2,5,6,9,12,14,19,20,25,26,27,29,30,31,32,34,35,36,37,39,40,42,43,44,45,46,74,76,77,84,86,91,92,93,96,97,98,104,107,113,117,121,123,124,141,142,143"
257,09:57,5,5,김포공항,2,"83,108"
257,09:57,6,6,일산,2,"128,130"
257,09:57,7,7,판교,15,"13,21,24,47,58,63,64,65,100,110,116,135,136,144,146"
257,09:57,9,9,평택,16,"66,71,81,89,94,102,109,115,118,119,125,133,138,139,145,148"
258,09:58,1,1,서울역,32,"1,4,17,22,33,50,51,52,56,57,59,62,67,69,72,75,79,85,88,95,99,101,105,106,111,112,120,126,131,132,140,147"
258,09:58,10,10,인천공항,2,"129,149"
258,09:58,2,2,수서,3,"16,28,38"
258,09:58,3,3,삼성,10,"3,7,8,11,41,73,78,114,122,134"
258,09:58,4,4,여의도,48,"2,5,6,9,12,14,19,20,25,26,27,29,30,31,32,34,35,36,37,39,40,42,43,44,45,46,68,74,76,77,84,86,91,92,93,96,97,98,104,107,113,117,121,123,124,141,142,143"
258,09:58,5,5,김포공항,2,"83,108"
258,09:58,6,6,일산,2,"128,130"
258,09:58,7,7,판교,16,"0,13,21,24,47,58,63,64,65,100,110,116,135,136,144,146"
258,09:58,8,8,동탄/용인,1,90
258,09:58,9,9,평택,16,"66,71,81,89,94,102,109,115,118,119,125,133,138,139,145,148"
259,09:59,1,1,서울역,32,"1,4,17,22,33,50,51,52,56,57,59,62,67,69,72,75,79,85,88,95,99,101,105,106,111,112,120,126,131,132,140,147"
259,09:59,10,10,인천공항,2,"129,149"
259,09:59,2,2,수서,4,"28,38,49,60"
259,09:59,3,3,삼성,9,"3,7,11,41,73,78,114,122,134"
259,09:59,4,4,여의도,48,"2,5,6,9,12,14,15,19,20,26,27,29,30,31,32,34,35,36,37,39,40,42,43,44,45,46,68,74,76,77,84,86,91,92,93,96,97,98,104,107,113,117,121,123,124,141,142,143"
259,09:59,5,5,김포공항,2,"83,108"
259,09:59,6,6,일산,2,"128,130"
259,09:59,7,7,판교,17,"0,13,21,24,47,58,63,64,65,82,100,110,116,135,136,144,146"
259,09:59,8,8,동탄/용인,1,90
259,09:59,9,9,평택,16,"66,71,81,89,94,102,109,115,118,119,125,133,138,139,145,148"
260,10:00,1,1,서울역,24,"4,17,22,50,51,53,56,59,62,67,69,75,79,85,88,95,99,101,105,106,111,132,140,147"
260,10:00,10,10,인천공항,2,"129,149"
260,10:00,2,2,수서,3,"38,49,60"
260,10:00,3,3,삼성,7,"3,7,11,41,73,122,134"
260,10:00,4,4,여의도,41,"5,6,9,12,14,15,20,26,27,29,30,31,32,34,35,36,37,39,40,42,43,44,45,68,74,76,77,84,86,91,92,96,97,98,117,121,123,124,141,142,143"
260,10:00,5,5,김포공항,2,"83,108"
260,10:00,6,6,일산,3,"23,128,130"
260,10:00,7,7,판교,16,"0,13,21,24,47,58,63,64,65,82,100,110,116,135,144,146"
260,10:00,8,8,동탄/용인,1,90
260,10:00,9,9,평택,15,"66,71,81,89,94,102,115,118,119,125,133,138,139,145,148"
261,10:01,1,1,서울역,21,"10,17,22,51,53,56,59,67,69,75,79,85,88,95,99,101,105,106,111,132,147"
261,10:01,10,10,인천공항,2,"129,149"
261,10:01,2,2,수서,2,"49,60"
261,10:01,3,3,삼성,7,"3,7,11,41,73,122,134"
261,10:01,4,4,여의도,41,"5,6,9,12,14,15,20,26,27,29,30,31,32,34,35,36,37,39,40,42,43,44,45,68,74,76,77,84,86,91,92,96,97,98,117,121,123,124,141,142,143"
261,10:01,5,5,김포공항,1,108
261,10:01,6,6,일산,3,"23,128,130"
261,10:01,7,7,판교,17,"0,13,21,24,47,55,58,63,64,65,82,100,110,116,135,144,146"
261,10:01,9,9,평택,15,"66,71,81,89,94,102,115,118,119,125,133,138,139,145,148"
262,10:02,1,1,서울역,21,"10,17,18,22,51,53,56,59,67,69,75,79,85,88,95,99,101,106,111,132,147"
262,10:02,10,10,인천공항,2,"129,149"
262,10:02,2,2,수서,2,"49,60"
262,10:02,3,3,삼성,6,"7,11,41,73,122,134"
262,10:02,4,4,여의도,40,"5,6,9,12,14,15,20,26,27,29,30,31,32,34,35,36,37,39,40,42,43,44,45,68,74,76,77,84,86,91,92,97,98,117,121,123,124,141,142,143"
262,10:02,5,5,김포공항,1,108
262,10:02,6,6,일산,3,"23,128,130"
262,10:02,7,7,판교,17,"0,13,21,24,47,55,58,63,64,65,82,100,110,116,135,144,146"
262,10:02,9,9,평택,16,"66,71,81,89,94,102,103,115,118,119,125,133,138,139,145,148"
263,10:03,1,1,서울역,19,"10,17,18,22,51,53,56,59,67,69,79,85,95,99,101,106,111,132,147"
263,10:03,10,10,인천공항,2,"129,149"
263,10:03,2,2,수서,3,"49,60,114"
263,10:03,3,3,삼성,5,"7,11,73,122,134"
263,10:03,4,4,여의도,39,"5,6,9,12,14,15,20,26,29,30,31,32,34,35,36,37,39,40,42,43,44,45,68,74,76,77,84,86,91,92,97,98,117,121,123,124,141,142,143"
263,10:03,5,5,김포공항,1,108
263,10:03,6,6,일산,3,"23,128,130"
263,10:03,7,7,판교,17,"0,13,21,24,47,55,58,63,64,65,82,100,110,116,135,144,146"
263,10:03,9,9,평택,16,"66,71,81,89,94,102,103,115,118,119,125,133,138,139,145,148"
264,10:04,1,1,서울역,19,"10,17,18,22,51,53,56,59,67,69,79,85,95,99,101,106,111,132,147"
264,10:04,10,10,인천공항,2,"129,149"
264,10:04,2,2,수서,4,"49,60,114,127"
264,10:04,3,3,삼성,4,"7,11,122,134"
264,10:04,4,4,여의도,37,"5,6,9,12,14,15,20,26,29,30,31,32,34,35,36,37,39,40,42,43,44,45,68,74,76,77,84,86,91,92,98,117,121,123,124,142,143"
264,10:04,5,5,김포공항,1,108
264,10:04,6,6,일산,2,"23,128"
264,10:04,7,7,판교,17,"0,13,21,24,47,55,58,63,64,65,82,100,110,116,135,144,146"
264,10:04,9,9,평택,16,"66,71,81,89,94,102,103,115,118,119,125,133,138,139,145,148"
265,10:05,1,1,서울역,18,"10,18,22,53,56,59,67,69,70,79,85,95,99,101,106,111,132,147"
265,10:05,10,10,인천공항,2,"129,149"
265,10:05,2,2,수서,4,"25,60,114,127"
265,10:05,3,3,삼성,4,"7,11,122,134"
265,10:05,4,4,여의도,38,"5,6,9,12,14,15,16,20,26,29,30,31,32,34,35,36,37,39,40,42,43,44,45,48,68,74,76,77,84,86,92,98,117,121,123,124,140,143"
265,10:05,5,5,김포공항,1,108
265,10:05,6,6,일산,2,"23,128"
265,10:05,7,7,판교,18,"0,13,21,24,47,55,58,63,64,65,82,87,100,110,116,135,144,146"
265,10:05,9,9,평택,17,"66,71,80,81,89,94,102,103,115,118,119,125,133,138,139,145,148"
266,10:06,1,1,서울역,16,"18,22,53,56,59,67,69,70,85,95,99,101,106,111,132,147"
266,10:06,10,10,인천공항,2,"129,149"
266,10:06,2,2,수서,5,"25,54,93,127,136"
266,10:06,3,3,삼성,6,"7,11,33,72,122,134"
266,10:06,4,4,여의도,40,"5,6,8,9,12,14,15,16,20,26,28,29,30,31,32,34,35,36,37,39,40,42,43,44,45,48,68,74,76,77,84,86,92,98,117,121,123,124,140,143"
266,10:06,5,5,김포공항,3,"46,104,108"
266,10:06,6,6,일산,1,128
266,10:06,7,7,판교,17,"0,21,24,47,55,58,63,64,65,82,87,100,110,116,135,144,146"
266,10:06,8,8,동탄/용인,1,109
266,10:06,9,9,평택,17,"66,71,80,81,89,94,102,103,115,118,119,125,133,138,139,145,148"
267,10:07,1,1,서울역,16,"18,22,53,56,59,67,69,70,85,95,99,101,106,111,132,147"
267,10:07,10,10,인천공항,3,"61,129,149"
267,10:07,2,2,수서,6,"1,25,54,93,127,136"
267,10:07,3,3,삼성,7,"7,11,33,50,72,122,134"
267,10:07,4,4,여의도,41,"5,6,8,9,12,14,15,16,20,26,28,30,31,32,34,35,36,37,38,39,40,42,43,44,45,48,68,74,76,77,78,84,86,92,98,117,121,123,124,140,143"
267,10:07,5,5,김포공항,3,"46,104,108"
267,10:07,6,6,일산,6,"52,57,107,113,128,131"
267,10:07,7,7,판교,16,"0,21,24,47,55,58,64,65,82,87,100,110,116,135,144,146"
267,10:07,8,8,동탄/용인,1,109
267,10:07,9,9,평택,16,"66,71,80,89,94,102,103,115,118,119,125,133,138,139,145,148"
268,10:08,1,1,서울역,15,"18,22,53,56,59,67,69,70,95,99,101,106,111,132,147"
268,10:08,10,10,인천공항,2,"61,129"
268,10:08,2,2,수서,6,"1,25,54,93,127,136"
268,10:08,3,3,삼성,7,"7,11,33,50,72,122,134"
268,10:08,4,4,여의도,40,"5,6,8,9,12,14,15,16,20,26,28,30,31,32,34,35,36,37,38,39,40,42,43,44,45,48,68,74,76,77,78,84,86,92,98,117,121,123,124,143"
268,10:08,5,5,김포공항,4,"46,96,104,108"
268,10:08,6,6,일산,8,"4,52,57,62,107,113,128,131"
268,10:08,7,7,판교,15,"0,24,47,55,58,64,65,82,87,100,110,116,135,144,146"
268,10:08,8,8,동탄/용인,1,109
268,10:08,9,9,평택,16,"66,71,80,89,94,102,103,115,118,119,125,133,138,139,145,148"
269,10:09,1,1,서울역,14,"18,22,53,56,59,67,69,70,95,99,101,106,111,132"
269,10:09,10,10,인천공항,2,"61,129"
269,10:09,2,2,수서,5,"1,25,54,93,127"
269,10:09,3,3,삼성,6,"7,11,50,75,122,134"
269,10:09,4,4,여의도,41,"3,5,6,8,9,12,14,15,16,20,26,28,30,31,32,34,35,36,37,38,39,40,42,43,44,45,48,68,74,76,77,78,84,86,92,98,117,121,123,124,143"
269,10:09,5,5,김포공항,2,"96,108"
269,10:09,6,6,일산,9,"4,52,57,62,105,107,113,128,131"
269,10:09,7,7,판교,15,"0,24,47,55,58,64,65,82,87,100,110,116,135,144,146"
269,10:09,8,8,동탄/용인,1,109
269,10:09,9,9,평택,16,"66,71,80,89,94,102,103,115,118,119,125,133,138,139,145,148"
270,10:10,1,1,서울역,15,"18,22,53,56,59,67,69,70,73,95,99,101,106,111,132"
270,10:10,10,10,인천공항,2,"61,129"
270,10:10,2,2,수서,6,"25,54,93,97,127,141"
270,10:10,3,3,삼성,7,"7,11,27,50,75,122,134"
270,10:10,4,4,여의도,41,"3,5,6,8,9,12,14,15,16,20,26,28,30,31,32,34,35,36,37,38,39,40,42,43,44,45,48,68,74,76,77,78,84,86,92,98,117,121,123,124,143"
270,10:10,5,5,김포공항,2,"96,108"
270,10:10,6,6,일산,6,"4,62,88,105,113,128"
270,10:10,7,7,판교,15,"0,24,47,55,58,64,65,82,87,100,110,116,135,144,146"
270,10:10,8,8,동탄/용인,1,109
270,10:10,9,9,평택,16,"66,71,80,89,94,102,103,115,118,119,125,133,138,139,145,148"
271,10:11,1,1,서울역,14,"22,53,56,59,67,69,70,73,95,99,101,111,130,132"
271,10:11,10,10,인천공항,2,"61,129"
271,10:11,2,2,수서,7,"25,54,93,97,127,141,142"
271,10:11,3,3,삼성,9,"7,11,17,27,50,51,75,122,134"
271,10:11,4,4,여의도,39,"3,5,6,8,9,12,14,15,20,26,28,30,31,32,34,35,36,37,38,39,40,42,43,44,45,68,74,76,77,78,84,86,92,98,117,121,123,124,143"
271,10:11,5,5,김포공항,2,"96,108"
271,10:11,6,6,일산,3,"88,105,128"
271,10:11,7,7,판교,14,"0,24,55,58,64,65,82,83,87,100,110,116,144,146"
271,10:11,8,8,동탄/용인,1,109
271,10:11,9,9,평택,14,"66,80,89,94,102,103,115,118,119,125,138,139,145,148"
272,10:12,1,1,서울역,15,"22,49,53,56,59,67,69,70,73,95,99,101,111,130,132"
272,10:12,10,10,인천공항,4,"2,19,61,129"
272,10:12,2,2,수서,6,"25,54,97,127,141,142"
272,10:12,3,3,삼성,9,"7,11,17,27,50,51,75,122,134"
272,10:12,4,4,여의도,41,"3,5,6,8,9,12,14,15,20,26,28,30,31,32,34,35,36,37,38,39,40,42,43,44,45,60,68,74,76,77,78,84,86,90,92,98,117,121,123,124,143"
272,10:12,5,5,김포공항,2,"96,108"
272,10:12,6,6,일산,3,"88,105,128"
272,10:12,7,7,판교,14,"0,24,55,58,64,65,82,83,87,100,110,116,144,146"
272,10:12,8,8,동탄/용인,2,"109,112"
272,10:12,9,9,평택,15,"66,80,89,94,102,103,115,118,119,125,137,138,139,145,148"
273,10:13,1,1,서울역,16,"13,49,53,56,59,67,69,70,73,95,99,101,111,114,130,132"
273,10:13,10,10,인천공항,5,"2,19,61,126,129"
273,10:13,2,2,수서,6,"25,29,54,127,141,142"
273,10:13,3,3,삼성,7,"7,11,17,27,51,75,134"
273,10:13,4,4,여의도,40,"3,5,6,8,9,12,14,15,20,26,28,30,31,32,35,36,37,38,39,40,42,43,44,45,60,68,74,76,77,78,84,86,90,92,98,117,121,123,124,143"
273,10:13,5,5,김포공항,2,"96,108"
273,10:13,6,6,일산,5,"10,79,88,105,128"
273,10:13,7,7,판교,14,"0,24,55,58,64,65,82,83,87,100,110,116,144,146"
273,10:13,8,8,동탄/용인,2,"109,112"
273,10:13,9,9,평택,13,"66,80,89,94,102,103,118,119,137,138,139,145,148"
274,10:14,1,1,서울역,16,"13,49,53,56,59,67,69,70,73,95,99,101,111,114,130,132"
274,10:14,10,10,인천공항,5,"2,19,61,126,129"
274,10:14,2,2,수서,4,"25,29,127,141"
274,10:14,3,3,삼성,7,"7,11,17,27,51,75,134"
274,10:14,4,4,여의도,39,"3,5,6,8,9,12,14,15,20,26,28,30,31,32,35,36,37,38,39,40,42,43,44,45,60,68,74,76,77,78,84,86,90,92,98,121,123,124,143"
274,10:14,5,5,김포공항,2,"96,108"
274,10:14,6,6,일산,5,"10,79,88,105,128"
274,10:14,7,7,판교,14,"0,24,55,58,64,65,82,83,87,100,110,116,144,146"
274,10:14,8,8,동탄/용인,3,"63,109,112"
274,10:14,9,9,평택,12,"80,89,94,102,103,118,119,137,138,139,145,148"
275,10:15,1,1,서울역,17,"13,21,49,53,56,59,67,69,70,73,95,99,101,111,114,130,132"
275,10:15,10,10,인천공항,3,"19,61,126"
275,10:15,2,2,수서,4,"25,29,127,141"
275,10:15,3,3,삼성,7,"7,11,17,27,51,134,140"
275,10:15,4,4,여의도,38,"3,5,8,9,12,14,15,20,26,28,30,31,32,35,36,37,38,39,40,42,43,44,45,60,68,74,76,77,78,84,86,90,92,98,121,123,124,143"
275,10:15,5,5,김포공항,1,108
275,10:15,6,6,일산,6,"10,79,85,88,105,128"
275,10:15,7,7,판교,13,"0,24,58,64,65,82,83,87,100,110,116,144,146"
275,10:15,8,8,동탄/용인,1,63
275,10:15,9,9,평택,12,"80,89,94,102,103,118,119,137,138,139,145,148"
276,10:16,1,1,서울역,16,"21,49,53,56,59,67,69,70,73,95,99,101,111,114,130,132"
276,10:16,10,10,인천공항,2,"19,61"
276,10:16,2,2,수서,3,"25,29,127"
276,10:16,3,3,삼성,7,"7,17,23,27,51,134,140"
276,10:16,4,4,여의도,35,"3,5,9,12,14,15,20,26,28,31,32,35,37,38,39,40,42,43,44,45,60,68,74,76,77,78,84,86,90,92,98,121,123,124,143"
276,10:16,5,5,김포공항,1,108
276,10:16,6,6,일산,4,"79,85,105,128"
276,10:16,7,7,판교,13,"0,58,64,65,82,83,87,100,110,116,144,146,147"
276,10:16,8,8,동탄/용인,1,63
276,10:16,9,9,평택,13,"80,89,94,102,103,118,119,120,137,138,139,145,148"
277,10:17,1,1,서울역,16,"21,49,53,56,59,67,69,70,73,95,99,101,111,114,130,132"
277,10:17,10,10,인천공항,3,"19,61,91"
277,10:17,2,2,수서,3,"25,29,127"
277,10:17,3,3,삼성,7,"7,18,23,27,51,134,140"
277,10:17,4,4,여의도,35,"3,5,9,12,14,15,20,26,28,31,32,35,37,38,39,40,42,43,44,45,60,68,74,76,77,78,84,86,90,92,98,121,123,124,143"
277,10:17,5,5,김포공항,3,"16,33,48"
277,10:17,6,6,일산,3,"79,85,128"
277,10:17,7,7,판교,13,"0,58,64,65,82,83,87,100,110,116,144,146,147"
277,10:17,8,8,동탄/용인,1,63
277,10:17,9,9,평택,13,"80,89,94,102,103,118,119,120,137,138,139,145,148"
278,10:18,1,1,서울역,17,"4,21,49,53,56,59,67,69,70,73,95,99,101,111,114,130,132"
278,10:18,10,10,인천공항,2,"61,91"
278,10:18,2,2,수서,3,"25,29,127"
278,10:18,3,3,삼성,6,"7,18,23,27,134,140"
278,10:18,4,4,여의도,36,"3,9,12,14,15,20,26,28,31,32,35,37,38,39,40,42,43,44,45,47,60,68,74,76,77,78,84,86,90,92,98,113,121,123,124,143"
278,10:18,5,5,김포공항,4,"1,16,33,48"
278,10:18,6,6,일산,4,"79,85,106,128"
278,10:18,7,7,판교,13,"0,58,64,65,82,83,87,100,110,116,144,146,147"
278,10:18,8,8,동탄/용인,1,63
278,10:18,9,9,평택,14,"41,80,89,94,102,103,118,119,120,137,138,139,145,148"
279,10:19,1,1,서울역,17,"4,21,49,53,56,59,67,69,70,73,95,99,101,111,114,130,132"
279,10:19,10,10,인천공항,2,"61,91"
279,10:19,2,2,수서,4,"25,29,34,127"
279,10:19,3,3,삼성,6,"7,18,23,27,134,140"
279,10:19,4,4,여의도,36,"3,9,12,14,15,20,26,28,31,32,35,37,38,39,40,42,43,44,45,47,60,68,74,76,77,78,84,86,90,92,98,113,121,123,124,143"
279,10:19,5,5,김포공항,4,"1,16,33,48"
279,10:19,6,6,일산,4,"72,85,106,128"
279,10:19,7,7,판교,14,"0,58,64,65,82,83,87,100,104,110,116,144,146,147"
279,10:19,8,8,동탄/용인,2,"63,115"
279,10:19,9,9,평택,13,"41,80,89,94,102,103,118,119,137,138,139,145,148"
280,10:20,1,1,서울역,11,"4,21,53,59,67,69,70,73,101,111,132"
280,10:20,10,10,인천공항,2,"61,91"
280,10:20,2,2,수서,4,"25,29,34,127"
280,10:20,3,3,삼성,6,"7,18,52,57,134,140"
280,10:20,4,4,여의도,30,"3,9,12,14,15,28,31,35,38,39,40,42,43,44,45,47,60,68,74,76,77,78,86,90,92,113,121,122,123,149"
280,10:20,5,5,김포공항,5,"1,16,33,48,93"
280,10:20,6,6,일산,5,"72,85,106,128,136"
280,10:20,7,7,판교,13,"0,58,64,65,82,87,100,104,110,116,144,146,147"
280,10:20,8,8,동탄/용인,2,"63,115"
280,10:20,9,9,평택,12,"41,80,89,94,102,103,118,137,138,139,145,148"
281,10:21,1,1,서울역,11,"4,21,53,54,59,67,69,70,73,111,132"
281,10:21,10,10,인천공항,2,"61,91"
281,10:21,2,2,수서,6,"6,25,29,34,107,127"
281,10:21,3,3,삼성,7,"7,18,52,57,62,134,140"
281,10:21,4,4,여의도,29,"3,9,12,14,15,28,31,35,38,39,40,42,43,44,45,47,60,68,74,76,77,78,86,90,92,121,122,123,149"
281,10:21,5,5,김포공항,7,"1,16,33,48,50,93,97"
281,10:21,6,6,일산,5,"72,85,106,128,136"
281,10:21,7,7,판교,12,"0,64,65,82,87,100,104,110,116,144,146,147"
281,10:21,8,8,동탄/용인,2,"63,115"
281,10:21,9,9,평택,11,"41,80,89,94,102,103,118,137,138,139,145"
282,10:22,1,1,서울역,12,"4,11,21,53,54,59,67,69,70,73,111,132"
282,10:22,10,10,인천공항,2,"61,91"
282,10:22,2,2,수서,7,"6,8,25,29,34,107,127"
282,10:22,3,3,삼성,7,"7,18,52,57,62,134,140"
282,10:22,4,4,여의도,29,"3,9,12,14,15,28,35,38,39,40,42,43,44,45,47,55,60,68,74,76,77,78,86,90,92,121,122,123,149"
282,10:22,5,5,김포공항,7,"1,16,33,48,50,93,97"
282,10:22,6,6,일산,4,"72,106,128,136"
282,10:22,7,7,판교,12,"0,64,65,82,87,100,104,110,116,144,146,147"
282,10:22,8,8,동탄/용인,1,115
282,10:22,9,9,평택,11,"41,80,89,94,102,103,118,137,138,139,145"
283,10:23,1,1,서울역,15,"4,10,11,17,21,24,53,54,59,69,70,73,81,111,132"
283,10:23,10,10,인천공항,2,"61,91"
283,10:23,2,2,수서,7,"6,8,29,34,96,107,127"
283,10:23,3,3,삼성,5,"7,30,52,57,62"
283,10:23,4,4,여의도,29,"3,9,12,14,15,28,35,38,39,40,42,43,44,45,47,55,60,68,74,76,77,78,86,90,92,121,122,123,149"
283,10:23,5,5,김포공항,6,"1,16,33,50,93,97"
283,10:23,6,6,일산,5,"13,72,106,128,136"
283,10:23,7,7,판교,13,"0,36,64,65,82,87,100,104,110,116,144,146,147"
283,10:23,8,8,동탄/용인,1,115
283,10:23,9,9,평택,12,"41,80,89,94,102,103,118,135,137,138,139,145"
284,10:24,1,1,서울역,15,"4,10,11,17,21,24,53,54,59,69,70,73,81,111,132"
284,10:24,10,10,인천공항,2,"61,91"
284,10:24,2,2,수서,7,"6,8,29,34,96,107,127"
284,10:24,3,3,삼성,5,"7,30,52,57,62"
284,10:24,4,4,여의도,28,"3,9,12,14,15,28,35,38,40,42,43,44,45,47,55,60,68,74,76,77,78,86,90,92,121,122,123,149"
284,10:24,5,5,김포공항,5,"1,33,50,93,97"
284,10:24,6,6,일산,5,"13,72,106,128,136"
284,10:24,7,7,판교,13,"0,36,64,65,82,87,100,104,110,116,144,146,147"
284,10:24,8,8,동탄/용인,1,115
284,10:24,9,9,평택,12,"41,80,89,94,102,103,118,135,137,138,139,145"
285,10:25,1,1,서울역,16,"4,10,11,17,21,24,53,54,59,69,70,73,81,108,111,132"
285,10:25,10,10,인천공항,2,"61,91"
285,10:25,2,2,수서,6,"6,8,29,96,107,127"
285,10:25,3,3,삼성,5,"7,30,52,57,62"
285,10:25,4,4,여의도,28,"3,9,12,14,15,28,35,38,40,42,43,44,45,47,55,60,68,74,76,77,78,86,90,92,121,122,123,149"
285,10:25,5,5,김포공항,5,"1,33,50,93,97"
285,10:25,6,6,일산,6,"13,72,75,106,136,142"
285,10:25,7,7,판교,14,"0,5,36,64,65,82,87,100,104,110,116,144,146,147"
285,10:25,8,8,동탄/용인,1,115
285,10:25,9,9,평택,11,"41,89,94,102,103,118,135,137,138,139,145"
286,10:26,1,1,서울역,14,"4,11,17,21,53,54,59,69,70,73,81,108,111,132"
286,10:26,10,10,인천공항,3,"22,61,91"
286,10:26,2,2,수서,8,"6,8,29,96,98,107,127,143"
286,10:26,3,3,삼성,6,"7,30,49,62,114,130"
286,10:26,4,4,여의도,30,"3,9,12,14,15,28,35,38,40,42,43,44,45,47,55,60,68,71,74,76,77,78,86,90,92,109,121,122,123,149"
286,10:26,5,5,김포공항,10,"1,20,26,33,50,51,84,93,97,124"
286,10:26,6,6,일산,5,"13,72,75,136,142"
286,10:26,7,7,판교,14,"0,5,36,64,65,82,87,100,104,110,116,144,146,147"
286,10:26,8,8,동탄/용인,2,"115,119"
286,10:26,9,9,평택,12,"41,46,89,94,102,103,118,135,137,138,139,145"
287,10:27,1,1,서울역,13,"4,11,17,21,53,54,59,69,70,73,81,108,111"
287,10:27,10,10,인천공항,4,"22,61,88,91"
287,10:27,2,2,수서,8,"6,8,29,56,96,98,127,143"
287,10:27,3,3,삼성,6,"7,30,32,49,114,130"
287,10:27,4,4,여의도,32,"2,3,9,12,14,15,27,28,35,40,42,43,44,45,47,55,60,68,71,74,76,77,78,86,90,92,109,121,122,123,129,149"
287,10:27,5,5,김포공항,9,"1,20,26,33,50,51,84,93,124"
287,10:27,6,6,일산,8,"13,72,75,95,99,136,141,142"
287,10:27,7,7,판교,14,"0,5,36,37,65,82,87,100,104,110,116,144,146,147"
287,10:27,8,8,동탄/용인,3,"119,131,148"
287,10:27,9,9,평택,12,"41,46,89,94,102,103,118,135,137,138,139,145"
288,10:28,1,1,서울역,13,"4,11,17,21,53,54,59,69,70,73,81,108,111"
288,10:28,10,10,인천공항,4,"22,61,88,91"
288,10:28,2,2,수서,8,"6,29,56,66,96,98,127,143"
288,10:28,3,3,삼성,6,"7,30,32,49,114,130"
288,10:28,4,4,여의도,32,"2,3,9,12,14,15,27,28,35,42,43,44,45,47,55,58,60,68,71,74,76,77,78,86,90,92,109,121,122,123,129,149"
288,10:28,5,5,김포공항,10,"1,20,26,33,50,51,84,93,124,133"
288,10:28,6,6,일산,8,"13,72,75,95,99,136,141,142"
288,10:28,7,7,판교,13,"5,36,37,65,82,87,100,104,110,116,144,146,147"
288,10:28,8,8,동탄/용인,3,"119,131,148"
288,10:28,9,9,평택,11,"41,46,94,102,103,118,135,137,138,139,145"
289,10:29,1,1,서울역,14,"4,11,17,18,21,53,54,59,69,70,73,81,108,111"
289,10:29,10,10,인천공항,4,"22,61,88,91"
289,10:29,2,2,수서,5,"6,29,56,66,127"
289,10:29,3,3,삼성,5,"7,30,31,32,79"
289,10:29,4,4,여의도,31,"2,3,9,12,14,15,25,27,28,35,42,43,44,45,47,55,58,60,68,71,74,76,77,78,86,90,92,121,122,123,129"
289,10:29,5,5,김포공항,4,"33,50,51,133"
289,10:29,6,6,일산,8,"13,72,75,95,99,136,141,142"
289,10:29,7,7,판교,14,"5,36,37,65,82,87,100,104,105,110,116,144,146,147"
289,10:29,8,8,동탄/용인,2,"131,148"
289,10:29,9,9,평택,10,"41,46,94,102,103,117,118,137,138,145"
290,10:30,1,1,서울역,14,"4,11,17,18,21,53,54,59,69,70,73,81,108,111"
290,10:30,10,10,인천공항,3,"22,88,91"
290,10:30,2,2,수서,4,"6,29,66,127"
290,10:30,3,3,삼성,5,"7,30,31,32,79"
290,10:30,4,4,여의도,29,"2,3,9,14,15,25,27,28,35,43,44,45,47,55,58,60,68,71,74,76,77,78,86,90,92,121,122,123,134"
290,10:30,5,5,김포공항,5,"33,50,51,83,133"
290,10:30,6,6,일산,7,"13,67,72,75,136,141,142"
290,10:30,7,7,판교,14,"5,36,37,65,82,87,100,104,105,110,116,144,146,147"
290,10:30,8,8,동탄/용인,2,"131,148"
290,10:30,9,9,평택,10,"41,46,94,102,103,117,118,137,138,145"
291,10:31,1,1,서울역,13,"4,11,17,18,48,53,54,59,70,73,81,108,111"
291,10:31,10,10,인천공항,3,"22,88,91"
291,10:31,2,2,수서,4,"6,29,66,127"
291,10:31,3,3,삼성,6,"7,30,31,32,79,126"
291,10:31,4,4,여의도,29,"2,3,9,14,15,25,27,28,35,43,44,45,47,55,58,60,68,71,74,76,77,78,86,90,92,121,122,123,134"
291,10:31,5,5,김포공항,5,"50,51,83,133,140"
291,10:31,6,6,일산,7,"13,67,72,75,136,141,142"
291,10:31,7,7,판교,15,"5,36,37,39,65,82,87,100,104,105,110,116,144,146,147"
291,10:31,8,8,동탄/용인,2,"131,148"
291,10:31,9,9,평택,10,"41,46,94,102,103,117,118,137,138,145"
292,10:32,1,1,서울역,14,"4,11,18,48,53,54,57,59,70,73,81,108,111,128"
292,10:32,10,10,인천공항,4,"22,88,91,125"
292,10:32,2,2,수서,4,"6,29,66,127"
292,10:32,3,3,삼성,6,"16,24,31,32,79,126"
292,10:32,4,4,여의도,29,"2,3,9,14,15,25,27,28,35,43,44,45,47,55,58,60,68,71,74,76,77,78,86,90,92,121,122,123,134"
292,10:32,5,5,김포공항,5,"50,51,83,133,140"
292,10:32,6,6,일산,8,"13,67,72,75,112,136,141,142"
292,10:32,7,7,판교,15,"5,36,37,39,65,82,87,100,104,105,110,116,144,146,147"
292,10:32,8,8,동탄/용인,2,"131,148"
292,10:32,9,9,평택,10,"41,46,94,102,103,117,118,137,138,145"
293,10:33,1,1,서울역,14,"4,11,18,48,53,54,57,59,70,73,81,108,111,128"
293,10:33,10,10,인천공항,5,"22,85,88,91,125"
293,10:33,2,2,수서,5,"6,29,38,66,127"
293,10:33,3,3,삼성,7,"16,19,24,31,32,79,126"
293,10:33,4,4,여의도,28,"2,3,9,14,15,25,28,35,43,44,45,52,55,58,60,68,71,74,76,77,78,86,90,92,121,122,123,134"
293,10:33,5,5,김포공항,6,"34,50,51,83,133,140"
293,10:33,6,6,일산,5,"13,75,112,141,142"
293,10:33,7,7,판교,15,"5,36,37,39,65,82,87,100,104,105,110,116,144,146,147"
293,10:33,8,8,동탄/용인,3,"101,131,148"
293,10:33,9,9,평택,10,"41,46,94,102,103,117,118,137,138,145"
294,10:34,1,1,서울역,17,"4,11,18,48,53,54,57,59,63,64,70,73,81,108,111,128,129"
294,10:34,10,10,인천공항,5,"22,85,88,91,125"
294,10:34,2,2,수서,6,"6,29,38,40,66,127"
294,10:34,3,3,삼성,7,"16,19,24,31,32,79,126"
294,10:34,4,4,여의도,29,"2,3,8,9,14,15,25,28,35,43,45,52,55,58,60,62,68,71,74,76,77,78,86,90,92,121,122,123,134"
294,10:34,5,5,김포공항,5,"34,50,51,83,140"
294,10:34,6,6,일산,5,"13,75,112,141,142"
294,10:34,7,7,판교,15,"5,36,37,39,65,82,87,100,104,105,110,116,144,146,147"
294,10:34,8,8,동탄/용인,4,"89,101,131,148"
294,10:34,9,9,평택,10,"41,46,94,102,103,117,118,137,138,145"
295,10:35,1,1,서울역,17,"4,11,18,48,53,54,57,59,63,64,70,73,81,108,111,128,129"
295,10:35,10,10,인천공항,6,"22,23,85,88,91,125"
295,10:35,2,2,수서,6,"6,29,38,40,66,127"
295,10:35,3,3,삼성,7,"16,19,31,32,79,97,126"
295,10:35,4,4,여의도,28,"0,2,3,8,9,14,15,28,35,45,52,55,58,60,62,68,71,74,76,77,78,86,90,92,121,122,123,134"
295,10:35,5,5,김포공항,7,"34,50,51,83,107,132,140"
295,10:35,6,6,일산,4,"13,75,112,141"
295,10:35,7,7,판교,15,"5,36,37,39,65,82,87,100,104,105,110,116,144,146,147"
295,10:35,8,8,동탄/용인,3,"89,101,131"
295,10:35,9,9,평택,10,"41,46,94,102,103,117,118,137,138,145"
296,10:36,1,1,서울역,17,"4,11,48,53,54,57,59,63,64,70,73,81,96,108,111,128,129"
296,10:36,10,10,인천공항,6,"22,23,85,88,91,125"
296,10:36,2,2,수서,6,"6,29,38,40,66,127"
296,10:36,3,3,삼성,7,"16,19,31,32,79,97,126"
296,10:36,4,4,여의도,27,"0,2,3,8,9,14,15,35,45,52,55,58,60,62,68,71,74,76,77,78,86,90,92,121,122,123,134"
296,10:36,5,5,김포공항,7,"34,50,51,83,107,132,140"
296,10:36,6,6,일산,5,"13,75,109,112,141"
296,10:36,7,7,판교,15,"5,36,37,39,65,82,87,100,104,105,110,116,144,146,147"
296,10:36,8,8,동탄/용인,2,"89,131"
296,10:36,9,9,평택,11,"41,46,94,102,103,113,117,118,137,138,145"
297,10:37,1,1,서울역,18,"4,11,20,48,53,54,57,59,63,64,70,73,81,96,108,111,128,129"
297,10:37,10,10,인천공항,6,"22,23,85,88,91,125"
297,10:37,2,2,수서,7,"6,29,38,40,66,124,127"
297,10:37,3,3,삼성,7,"1,16,19,31,42,79,97"
297,10:37,4,4,여의도,27,"0,2,3,8,9,14,15,35,45,52,55,58,60,62,68,71,74,76,77,78,86,90,92,121,122,123,134"
297,10:37,5,5,김포공항,9,"34,49,50,51,83,107,132,140,143"
297,10:37,6,6,일산,5,"13,75,109,112,141"
297,10:37,7,7,판교,16,"5,12,36,37,39,65,82,87,100,104,105,110,116,144,146,147"
297,10:37,8,8,동탄/용인,1,131
297,10:37,9,9,평택,10,"41,94,102,103,113,117,118,137,138,145"
298,10:38,1,1,서울역,19,"4,11,20,30,48,53,54,57,59,63,64,70,73,81,96,108,111,128,129"
298,10:38,10,10,인천공항,4,"85,88,91,125"
298,10:38,2,2,수서,8,"6,29,38,40,66,69,124,127"
298,10:38,3,3,삼성,7,"1,16,19,31,42,79,97"
298,10:38,4,4,여의도,28,"0,2,3,8,9,14,15,35,45,52,55,58,60,62,68,71,74,76,77,78,86,90,92,115,121,122,123,134"
298,10:38,5,5,김포공항,8,"34,49,50,56,83,107,140,143"
298,10:38,6,6,일산,5,"13,75,109,112,141"
298,10:38,7,7,판교,17,"5,12,36,37,39,65,82,87,100,104,105,106,110,116,144,146,147"
298,10:38,8,8,동탄/용인,2,"10,131"
298,10:38,9,9,평택,10,"41,94,102,103,113,117,118,137,138,145"
299,10:39,1,1,서울역,19,"4,11,20,30,48,53,54,57,59,63,64,70,73,81,96,108,111,128,129"
299,10:39,10,10,인천공항,4,"85,88,91,125"
299,10:39,2,2,수서,6,"6,38,40,69,124,127"
299,10:39,3,3,삼성,6,"1,16,19,42,79,97"
299,10:39,4,4,여의도,28,"0,2,3,8,9,14,15,35,45,52,55,58,60,62,68,71,74,76,77,78,86,90,92,115,121,122,123,134"
299,10:39,5,5,김포공항,8,"34,49,50,56,83,107,140,143"
299,10:39,6,6,일산,5,"13,75,109,112,120"
299,10:39,7,7,판교,18,"5,12,36,37,39,82,84,87,93,100,104,105,106,110,116,144,146,147"
299,10:39,8,8,동탄/용인,2,"10,131"
299,10:39,9,9,평택,10,"41,94,102,103,113,117,118,137,138,145"
300,10:40,1,1,서울역,14,"4,11,20,30,48,53,57,63,64,70,81,108,111,129"
300,10:40,10,10,인천공항,4,"85,88,91,125"
300,10:40,2,2,수서,7,"6,38,40,44,69,124,127"
300,10:40,3,3,삼성,7,"1,16,19,42,79,80,97"
300,10:40,4,4,여의도,27,"0,2,3,8,9,14,15,35,52,55,58,60,62,68,71,74,76,77,78,86,90,92,115,119,121,123,134"
300,10:40,5,5,김포공항,8,"7,34,49,56,83,107,140,143"
300,10:40,6,6,일산,6,"13,75,98,109,112,120"
300,10:40,7,7,판교,16,"5,12,37,39,47,82,84,87,93,100,104,105,106,110,144,146"
300,10:40,8,8,동탄/용인,2,"10,131"
300,10:40,9,9,평택,8,"41,94,102,103,113,117,118,145"
301,10:41,1,1,서울역,12,"4,11,20,30,48,53,57,64,81,108,111,129"
301,10:41,10,10,인천공항,4,"85,88,91,125"
301,10:41,2,2,수서,7,"6,38,40,44,69,124,127"
301,10:41,3,3,삼성,6,"1,16,19,42,79,80"
301,10:41,4,4,여의도,27,"0,2,3,8,9,14,15,35,52,55,58,60,62,68,71,74,76,77,78,86,90,92,115,119,121,123,134"
301,10:41,5,5,김포공항,8,"7,34,49,56,83,107,140,143"
301,10:41,6,6,일산,5,"75,98,109,112,120"
301,10:41,7,7,판교,16,"5,12,37,39,47,82,84,87,93,100,104,105,106,110,144,146"
301,10:41,8,8,동탄/용인,1,131
301,10:41,9,9,평택,8,"41,94,102,103,113,117,118,145"
302,10:42,1,1,서울역,12,"4,11,20,30,48,53,57,64,81,108,111,129"
302,10:42,10,10,인천공항,4,"85,88,91,125"
302,10:42,2,2,수서,7,"6,38,40,44,69,124,127"
302,10:42,3,3,삼성,8,"1,16,19,42,43,79,80,133"
302,10:42,4,4,여의도,26,"0,2,3,8,14,15,35,52,55,58,60,62,68,71,74,76,77,78,86,90,92,115,119,121,123,134"
302,10:42,5,5,김포공항,7,"7,34,49,56,83,107,143"
302,10:42,6,6,일산,5,"75,98,109,112,120"
302,10:42,7,7,판교,18,"5,12,37,39,47,82,84,87,93,95,99,100,104,105,106,110,144,146"
302,10:42,8,8,동탄/용인,1,131
302,10:42,9,9,평택,8,"41,94,102,103,113,117,118,145"
303,10:43,1,1,서울역,11,"4,11,20,30,32,48,53,64,81,111,129"
303,10:43,10,10,인천공항,4,"85,88,91,125"
303,10:43,2,2,수서,6,"6,38,44,69,124,127"
303,10:43,3,3,삼성,9,"1,16,19,42,43,79,80,133,136"
303,10:43,4,4,여의도,25,"0,2,3,8,14,15,35,55,58,60,62,68,71,74,76,77,78,86,90,92,115,119,121,123,134"
303,10:43,5,5,김포공항,7,"7,24,49,56,83,107,143"
303,10:43,6,6,일산,5,"75,98,109,112,120"
303,10:43,7,7,판교,18,"5,12,37,39,47,82,84,87,93,95,99,100,104,105,106,110,144,146"
303,10:43,8,8,동탄/용인,2,"26,131"
303,10:43,9,9,평택,5,"94,102,113,117,145"
304,10:44,1,1,서울역,11,"4,11,20,30,32,48,53,64,81,111,129"
304,10:44,10,10,인천공항,4,"21,85,88,91"
304,10:44,2,2,수서,6,"6,38,44,69,124,127"
304,10:44,3,3,삼성,10,"1,16,19,42,43,79,80,133,136,139"
304,10:44,4,4,여의도,24,"0,2,3,8,14,15,35,58,60,62,68,71,74,76,77,78,86,90,92,115,119,121,123,134"
304,10:44,5,5,김포공항,7,"7,24,49,56,83,107,143"
304,10:44,6,6,일산,5,"75,98,109,112,120"
304,10:44,7,7,판교,18,"5,12,37,39,47,82,84,87,93,95,99,100,104,105,106,110,144,146"
304,10:44,8,8,동탄/용인,1,26
304,10:44,9,9,평택,8,"94,102,113,114,117,130,145,149"
305,10:45,1,1,서울역,9,"4,11,20,30,32,53,64,81,111"
305,10:45,10,10,인천공항,5,"17,21,85,88,91"
305,10:45,2,2,수서,5,"6,38,44,124,127"
305,10:45,3,3,삼성,11,"1,16,19,42,43,61,79,80,133,136,139"
305,10:45,4,4,여의도,26,"0,2,3,8,14,15,29,35,58,60,62,68,70,71,74,76,77,78,86,90,92,115,119,121,123,134"
305,10:45,5,5,김포공항,8,"7,24,49,56,83,107,126,143"
305,10:45,6,6,일산,5,"75,98,109,112,120"
305,10:45,7,7,판교,18,"5,12,39,47,72,82,84,87,93,95,99,100,104,105,106,110,144,146"
305,10:45,8,8,동탄/용인,2,"26,33"
305,10:45,9,9,평택,8,"94,102,113,114,117,130,145,149"
306,10:46,1,1,서울역,11,"4,11,20,30,32,51,53,64,66,81,111"
306,10:46,10,10,인천공항,5,"17,21,85,88,91"
306,10:46,2,2,수서,8,"6,38,44,45,116,124,127,142"
306,10:46,3,3,삼성,12,"1,16,19,42,43,61,79,80,128,133,136,139"
306,10:46,4,4,여의도,27,"0,2,3,8,14,15,29,35,58,60,62,65,68,70,71,74,76,77,78,86,90,92,115,119,121,123,134"
306,10:46,5,5,김포공항,7,"7,24,56,83,107,126,143"
306,10:46,6,6,일산,5,"75,98,109,112,120"
306,10:46,7,7,판교,18,"5,12,39,47,72,82,84,87,93,95,99,100,104,105,106,110,144,146"
306,10:46,8,8,동탄/용인,4,"26,33,137,138"
306,10:46,9,9,평택,7,"94,113,114,117,130,145,149"
307,10:47,1,1,서울역,13,"4,11,20,30,32,36,51,53,64,66,81,111,148"
307,10:47,10,10,인천공항,5,"17,21,85,88,91"
307,10:47,2,2,수서,8,"6,38,44,45,116,124,127,142"
307,10:47,3,3,삼성,11,"1,16,42,43,61,79,80,128,133,136,139"
307,10:47,4,4,여의도,26,"0,2,8,14,15,29,35,58,60,62,65,68,70,71,74,76,77,78,86,90,92,115,119,121,123,134"
307,10:47,5,5,김포공항,7,"7,24,56,83,107,126,143"
307,10:47,6,6,일산,6,"59,96,98,109,112,120"
307,10:47,7,7,판교,18,"5,12,39,47,72,82,84,87,93,95,99,100,104,105,106,110,144,146"
307,10:47,8,8,동탄/용인,5,"26,33,137,138,147"
307,10:47,9,9,평택,6,"94,114,117,130,145,149"
308,10:48,1,1,서울역,12,"4,11,20,30,32,36,51,64,66,81,111,148"
308,10:48,10,10,인천공항,6,"17,21,85,88,91,135"
308,10:48,2,2,수서,8,"6,38,44,45,116,124,127,142"
308,10:48,3,3,삼성,10,"1,42,43,61,79,80,128,133,136,139"
308,10:48,4,4,여의도,26,"0,2,8,14,15,29,35,58,60,62,65,68,71,74,76,77,78,86,89,90,92,115,119,121,123,134"
308,10:48,5,5,김포공항,7,"7,24,56,73,83,126,143"
308,10:48,6,6,일산,6,"59,63,96,98,112,120"
308,10:48,7,7,판교,17,"5,12,47,72,82,84,87,93,95,99,100,104,105,106,110,144,146"
308,10:48,8,8,동탄/용인,5,"26,33,137,138,147"
308,10:48,9,9,평택,7,"27,94,114,117,130,145,149"
309,10:49,1,1,서울역,10,"4,11,20,30,32,36,51,64,111,148"
309,10:49,10,10,인천공항,7,"17,18,21,85,88,91,135"
309,10:49,2,2,수서,6,"6,38,45,124,127,142"
309,10:49,3,3,삼성,11,"1,9,42,43,61,79,80,128,133,136,139"
309,10:49,4,4,여의도,26,"0,2,8,14,15,29,35,58,60,62,65,68,71,74,76,77,78,86,89,90,92,115,119,121,123,134"
309,10:49,5,5,김포공항,6,"7,24,73,97,126,143"
309,10:49,6,6,일산,6,"59,63,96,98,112,120"
309,10:49,7,7,판교,17,"5,12,47,72,82,84,87,93,95,99,100,104,105,106,110,144,146"
309,10:49,8,8,동탄/용인,3,"33,137,147"
309,10:49,9,9,평택,6,"27,114,117,130,145,149"
310,10:50,1,1,서울역,10,"4,11,20,30,32,36,51,64,111,148"
310,10:50,10,10,인천공항,7,"17,18,85,88,91,135,141"
310,10:50,2,2,수서,7,"6,38,45,124,127,140,142"
310,10:50,3,3,삼성,11,"1,9,42,43,61,79,80,128,133,136,139"
310,10:50,4,4,여의도,23,"0,8,14,15,29,35,60,62,65,71,74,76,77,78,86,89,90,92,115,119,121,123,134"
310,10:50,5,5,김포공항,4,"24,73,97,126"
310,10:50,6,6,일산,5,"63,98,108,112,120"
310,10:50,7,7,판교,19,"5,12,47,50,52,72,82,84,87,93,95,99,100,104,105,106,110,144,146"
310,10:50,8,8,동탄/용인,2,"33,137"
310,10:50,9,9,평택,6,"25,27,117,130,145,149"
311,10:51,1,1,서울역,10,"11,20,30,32,34,36,51,64,111,148"
311,10:51,10,10,인천공항,7,"17,18,85,88,91,135,141"
311,10:51,2,2,수서,6,"6,38,45,127,140,142"
311,10:51,3,3,삼성,12,"1,9,42,43,55,61,79,80,128,133,136,139"
311,10:51,4,4,여의도,23,"0,8,14,15,29,35,60,62,65,71,74,76,77,78,86,89,90,92,115,119,121,123,134"
311,10:51,5,5,김포공항,5,"24,40,57,97,126"
311,10:51,6,6,일산,5,"63,98,108,112,120"
311,10:51,7,7,판교,19,"5,12,47,50,52,72,82,84,87,93,95,99,100,104,105,106,110,144,146"
311,10:51,8,8,동탄/용인,2,"122,137"
311,10:51,9,9,평택,7,"25,27,28,117,130,145,149"
312,10:52,1,1,서울역,10,"11,20,30,32,34,36,37,64,111,148"
312,10:52,10,10,인천공항,6,"17,18,88,91,135,141"
312,10:52,2,2,수서,6,"6,38,45,127,140,142"
312,10:52,3,3,삼성,11,"1,9,42,43,55,61,79,80,133,136,139"
312,10:52,4,4,여의도,23,"0,8,14,15,29,35,46,60,65,71,74,76,77,78,86,89,90,92,115,119,121,123,134"
312,10:52,5,5,김포공항,5,"24,40,57,97,126"
312,10:52,6,6,일산,5,"63,98,108,112,120"
312,10:52,7,7,판교,20,"5,12,47,50,52,72,82,84,87,93,95,99,100,104,105,106,110,129,144,146"
312,10:52,8,8,동탄/용인,1,122
312,10:52,9,9,평택,6,"25,27,28,130,145,149"
313,10:53,1,1,서울역,11,"10,11,20,30,32,34,36,37,64,111,148"
313,10:53,10,10,인천공항,6,"17,18,88,91,135,141"
313,10:53,2,2,수서,6,"3,6,38,45,140,142"
313,10:53,3,3,삼성,13,"1,9,22,23,42,43,55,61,79,80,133,136,139"
313,10:53,4,4,여의도,24,"0,8,14,15,29,35,46,60,65,66,71,74,76,77,78,86,89,90,92,115,119,121,123,134"
313,10:53,5,5,김포공항,5,"24,40,57,97,126"
313,10:53,6,6,일산,5,"63,98,101,112,120"
313,10:53,7,7,판교,21,"5,12,13,47,50,52,72,82,84,87,93,95,99,100,104,105,106,110,129,144,146"
313,10:53,8,8,동탄/용인,1,122
313,10:53,9,9,평택,7,"25,27,28,67,130,145,149"
314,10:54,1,1,서울역,13,"10,11,20,30,32,34,36,37,49,64,75,111,148"
314,10:54,10,10,인천공항,6,"17,18,88,91,135,141"
314,10:54,2,2,수서,6,"3,6,38,45,140,142"
314,10:54,3,3,삼성,12,"1,9,22,23,42,43,55,80,131,133,136,139"
314,10:54,4,4,여의도,25,"0,8,14,15,19,29,35,46,60,65,66,71,74,76,77,78,86,89,90,92,115,119,121,123,134"
314,10:54,5,5,김포공항,4,"24,40,97,126"
314,10:54,6,6,일산,4,"63,98,101,112"
314,10:54,7,7,판교,20,"5,12,13,50,52,72,82,84,87,93,95,99,100,104,105,106,110,129,144,146"
314,10:54,8,8,동탄/용인,1,122
314,10:54,9,9,평택,8,"25,27,28,31,67,130,145,149"
315,10:55,1,1,서울역,14,"10,11,20,30,32,34,36,37,39,49,64,75,111,148"
315,10:55,10,10,인천공항,5,"17,88,91,135,141"
315,10:55,2,2,수서,4,"3,6,38,140"
315,10:55,3,3,삼성,12,"1,9,22,23,42,43,55,80,131,133,136,139"
315,10:55,4,4,여의도,25,"0,8,14,15,19,29,35,44,46,60,66,71,76,77,78,86,89,90,92,109,115,119,121,123,134"
315,10:55,5,5,김포공항,4,"24,40,97,126"
315,10:55,6,6,일산,4,"63,98,101,112"
315,10:55,7,7,판교,20,"5,12,13,50,52,72,82,84,87,93,95,99,100,104,105,106,110,129,144,146"
315,10:55,8,8,동탄/용인,1,122
315,10:55,9,9,평택,9,"25,27,28,31,67,130,132,145,149"
316,10:56,1,1,서울역,14,"10,11,20,30,32,34,36,37,39,49,64,75,111,148"
316,10:56,10,10,인천공항,5,"17,88,91,135,141"
316,10:56,2,2,수서,6,"3,6,38,68,107,140"
316,10:56,3,3,삼성,12,"1,9,22,23,42,43,55,80,131,133,136,139"
316,10:56,4,4,여의도,25,"0,8,14,15,19,29,35,44,46,60,66,71,76,77,78,86,89,90,92,109,115,119,121,123,134"
316,10:56,5,5,김포공항,5,"16,24,40,97,126"
316,10:56,6,6,일산,5,"69,81,98,101,112"
316,10:56,7,7,판교,19,"5,12,13,52,72,82,84,87,93,95,99,100,104,105,106,110,129,144,146"
316,10:56,8,8,동탄/용인,1,122
316,10:56,9,9,평택,10,"25,27,28,31,54,67,130,132,145,149"
317,10:57,1,1,서울역,13,"10,11,20,32,34,36,37,39,49,64,75,111,148"
317,10:57,10,10,인천공항,5,"17,88,91,135,141"
317,10:57,2,2,수서,6,"3,6,38,68,107,140"
317,10:57,3,3,삼성,13,"9,22,23,42,43,55,56,58,80,83,131,133,136"
317,10:57,4,4,여의도,23,"8,14,15,19,29,35,44,46,66,71,76,77,78,86,89,92,109,115,119,121,123,124,134"
317,10:57,5,5,김포공항,6,"16,24,40,97,116,126"
317,10:57,6,6,일산,5,"69,81,98,101,112"
317,10:57,7,7,판교,20,"2,5,12,13,52,72,82,84,87,93,95,99,100,104,105,106,110,129,144,146"
317,10:57,8,8,동탄/용인,1,122
317,10:57,9,9,평택,9,"25,27,31,54,67,130,132,145,149"
318,10:58,1,1,서울역,14,"7,10,11,20,32,34,36,37,39,49,64,75,111,148"
318,10:58,10,10,인천공항,6,"17,48,88,91,135,141"
318,10:58,2,2,수서,7,"3,6,38,62,68,107,140"
318,10:58,3,3,삼성,13,"9,22,23,41,42,43,55,56,58,83,131,133,136"
318,10:58,4,4,여의도,22,"8,14,15,19,29,35,44,46,66,71,76,77,78,86,89,92,115,119,121,123,124,134"
318,10:58,5,5,김포공항,5,"16,24,40,116,126"
318,10:58,6,6,일산,6,"4,69,81,98,101,112"
318,10:58,7,7,판교,20,"2,5,12,13,52,72,82,84,87,93,95,99,100,104,105,106,110,129,144,146"
318,10:58,8,8,동탄/용인,1,122
318,10:58,9,9,평택,9,"25,27,31,54,67,130,132,145,149"
319,10:59,1,1,서울역,15,"7,10,11,20,32,34,36,37,39,49,64,75,103,111,148"
319,10:59,10,10,인천공항,5,"17,48,91,135,141"
319,10:59,2,2,수서,7,"3,6,38,62,68,107,140"
319,10:59,3,3,삼성,14,"9,22,26,41,42,43,55,56,58,83,125,131,133,136"
319,10:59,4,4,여의도,21,"8,14,15,19,29,35,44,46,71,76,77,78,86,89,92,115,119,121,123,124,134"
319,10:59,5,5,김포공항,5,"16,24,40,116,126"
319,10:59,6,6,일산,7,"4,51,69,81,98,101,112"
319,10:59,7,7,판교,20,"2,5,12,13,52,72,82,84,87,93,95,99,100,104,105,106,110,129,144,146"
319,10:59,8,8,동탄/용인,1,122
319,10:59,9,9,평택,9,"25,27,31,54,67,130,132,145,149"
320,11:00,1,1,서울역,15,"7,10,11,20,32,34,36,37,39,49,75,103,111,127,148"
320,11:00,10,10,인천공항,6,"17,48,91,135,141,143"
320,11:00,2,2,수서,7,"3,6,38,62,68,107,140"
320,11:00,3,3,삼성,14,"9,22,26,41,42,43,55,56,58,83,125,131,133,136"
320,11:00,4,4,여의도,22,"8,14,15,19,29,35,44,46,71,76,77,78,86,89,92,115,119,121,123,124,134,138"
320,11:00,5,5,김포공항,4,"16,40,116,118"
320,11:00,6,6,일산,7,"4,51,69,81,98,101,112"
320,11:00,7,7,판교,19,"2,5,12,13,52,72,82,84,87,93,95,99,104,105,106,110,129,144,146"
320,11:00,8,8,동탄/용인,1,122
320,11:00,9,9,평택,8,"25,27,31,54,130,132,145,149"
321,11:01,1,1,서울역,15,"7,10,11,20,32,34,36,37,39,49,75,103,111,127,148"
321,11:01,10,10,인천공항,6,"17,48,91,135,141,143"
321,11:01,2,2,수서,9,"3,6,38,59,62,65,68,107,140"
321,11:01,3,3,삼성,15,"9,22,26,33,41,42,43,55,56,58,83,125,131,133,136"
321,11:01,4,4,여의도,22,"14,15,19,29,35,44,46,47,71,76,77,78,86,89,92,115,119,121,123,124,134,138"
321,11:01,5,5,김포공항,4,"16,40,116,118"
321,11:01,6,6,일산,7,"4,51,69,81,98,101,112"
321,11:01,7,7,판교,19,"2,5,12,13,52,72,82,84,87,93,95,99,104,105,106,110,129,144,146"
321,11:01,8,8,동탄/용인,1,122
321,11:01,9,9,평택,8,"25,27,31,54,130,132,145,149"
322,11:02,1,1,서울역,17,"7,10,11,20,32,34,36,37,39,49,75,102,103,111,127,147,148"
322,11:02,10,10,인천공항,6,"17,48,91,135,141,143"
322,11:02,2,2,수서,9,"3,6,38,59,62,65,68,107,140"
322,11:02,3,3,삼성,15,"9,26,33,41,42,43,55,56,58,83,113,125,131,133,136"
322,11:02,4,4,여의도,22,"14,15,19,21,29,35,44,46,47,76,77,78,86,89,92,115,119,121,123,124,134,138"
322,11:02,5,5,김포공항,6,"16,40,61,79,116,118"
322,11:02,6,6,일산,5,"4,69,98,101,112"
322,11:02,7,7,판교,21,"2,5,12,13,52,72,74,82,84,87,93,95,96,99,104,105,106,110,129,144,146"
322,11:02,8,8,동탄/용인,1,122
322,11:02,9,9,평택,8,"25,27,31,54,130,132,145,149"
323,11:03,1,1,서울역,15,"1,7,10,11,34,36,37,39,49,75,102,111,127,147,148"
323,11:03,10,10,인천공항,6,"17,48,91,135,141,143"
323,11:03,2,2,수서,9,"3,6,38,59,62,65,68,107,140"
323,11:03,3,3,삼성,14,"9,26,33,41,42,43,55,56,83,113,125,131,133,136"
323,11:03,4,4,여의도,23,"14,15,19,21,29,35,44,46,47,50,76,77,78,86,89,92,115,119,121,124,134,137,138"
323,11:03,5,5,김포공항,8,"16,40,45,61,79,116,118,142"
323,11:03,6,6,일산,5,"4,69,98,101,112"
323,11:03,7,7,판교,20,"2,5,13,52,72,74,82,84,87,93,95,96,99,104,105,106,110,129,144,146"
323,11:03,8,8,동탄/용인,1,122
323,11:03,9,9,평택,9,"25,27,31,54,70,130,132,145,149"
324,11:04,1,1,서울역,15,"1,7,10,11,34,36,37,39,49,75,102,111,127,147,148"
324,11:04,10,10,인천공항,6,"17,48,57,91,141,143"
324,11:04,2,2,수서,9,"3,6,38,59,62,65,68,107,140"
324,11:04,3,3,삼성,15,"9,26,33,41,42,43,55,56,60,83,113,125,131,133,136"
324,11:04,4,4,여의도,25,"14,15,19,21,29,35,44,46,50,64,76,77,78,85,86,89,92,94,115,119,121,124,134,137,138"
324,11:04,5,5,김포공항,7,"16,45,61,79,116,118,142"
324,11:04,6,6,일산,5,"4,69,98,101,112"
324,11:04,7,7,판교,21,"0,2,5,13,52,72,74,82,84,87,93,95,96,99,104,105,106,110,129,144,146"
324,11:04,8,8,동탄/용인,1,122
324,11:04,9,9,평택,10,"25,27,31,53,54,70,130,132,145,149"
325,11:05,1,1,서울역,16,"1,7,10,11,23,34,36,37,39,49,75,102,111,127,147,148"
325,11:05,10,10,인천공항,7,"17,48,57,91,120,141,143"
325,11:05,2,2,수서,7,"38,59,62,65,68,107,140"
325,11:05,3,3,삼성,13,"9,26,33,41,43,55,56,60,83,113,125,133,136"
325,11:05,4,4,여의도,25,"14,15,19,21,29,35,44,46,50,64,76,77,78,85,86,89,92,94,115,119,121,124,134,137,138"
325,11:05,5,5,김포공항,7,"16,45,61,79,116,118,142"
325,11:05,6,6,일산,5,"4,69,98,101,112"
325,11:05,7,7,판교,21,"0,2,5,52,72,74,82,84,87,93,95,96,99,104,105,106,108,110,129,144,146"
325,11:05,8,8,동탄/용인,1,122
325,11:05,9,9,평택,9,"25,27,31,53,70,130,132,145,149"
326,11:06,1,1,서울역,14,"1,7,10,11,23,34,37,39,49,75,102,111,114,148"
326,11:06,10,10,인천공항,7,"17,48,57,91,120,141,143"
326,11:06,2,2,수서,8,"38,59,62,65,68,100,107,140"
326,11:06,3,3,삼성,11,"9,33,43,55,60,83,97,113,125,133,136"
326,11:06,4,4,여의도,24,"15,19,21,29,35,44,46,50,64,76,77,78,85,86,89,92,94,115,119,121,124,134,137,138"
326,11:06,5,5,김포공항,7,"16,45,61,79,80,118,142"
326,11:06,6,6,일산,5,"18,69,98,101,112"
326,11:06,7,7,판교,21,"0,2,5,52,72,74,82,84,87,93,95,96,99,104,105,106,108,110,129,144,146"
326,11:06,8,8,동탄/용인,1,67
326,11:06,9,9,평택,9,"25,27,31,53,70,130,132,145,149"
327,11:07,1,1,서울역,14,"1,7,10,11,23,34,37,39,49,75,102,111,114,148"
327,11:07,10,10,인천공항,5,"17,57,91,120,141"
327,11:07,2,2,수서,10,"8,38,59,62,63,65,68,100,107,140"
327,11:07,3,3,삼성,10,"9,43,55,60,83,97,113,125,133,136"
327,11:07,4,4,여의도,23,"15,19,21,35,44,46,50,64,76,77,78,85,86,89,92,94,115,119,121,124,134,137,138"
327,11:07,5,5,김포공항,7,"16,45,61,79,80,118,142"
327,11:07,6,6,일산,5,"18,69,98,112,139"
327,11:07,7,7,판교,20,"0,2,5,52,72,74,82,84,87,93,95,96,99,104,105,108,110,129,144,146"
327,11:07,8,8,동탄/용인,1,67
327,11:07,9,9,평택,10,"25,27,31,53,70,128,130,132,145,149"
328,11:08,1,1,서울역,16,"1,7,10,11,23,24,34,37,39,49,75,102,111,114,117,148"
328,11:08,10,10,인천공항,5,"17,57,91,120,141"
328,11:08,2,2,수서,12,"8,38,59,62,63,65,68,71,100,107,126,140"
328,11:08,3,3,삼성,10,"9,43,55,60,83,97,113,125,133,136"
328,11:08,4,4,여의도,23,"15,19,21,35,44,46,50,64,76,77,78,85,86,89,92,94,115,119,121,124,134,137,138"
328,11:08,5,5,김포공항,6,"16,45,79,80,118,142"
328,11:08,6,6,일산,4,"18,69,98,139"
328,11:08,7,7,판교,19,"0,2,5,72,74,82,84,87,93,95,96,99,104,105,108,110,129,144,146"
328,11:08,8,8,동탄/용인,1,67
328,11:08,9,9,평택,10,"25,27,31,53,70,73,128,132,145,149"
329,11:09,1,1,서울역,15,"1,7,10,11,23,24,34,37,39,49,75,102,111,117,148"
329,11:09,10,10,인천공항,6,"17,57,90,91,120,141"
329,11:09,2,2,수서,11,"8,38,59,62,63,65,68,71,107,126,140"
329,11:09,3,3,삼성,10,"9,43,55,60,83,97,113,125,133,136"
329,11:09,4,4,여의도,24,"15,19,21,22,35,44,46,50,64,76,77,78,85,86,89,92,94,115,119,121,124,134,137,138"
329,11:09,5,5,김포공항,3,"79,80,118"
329,11:09,6,6,일산,4,"18,69,98,139"
329,11:09,7,7,판교,18,"0,2,5,74,82,84,87,93,95,96,99,104,105,108,110,129,144,146"
329,11:09,9,9,평택,10,"25,27,31,53,70,73,128,132,145,149"
330,11:10,1,1,서울역,14,"1,7,10,11,23,24,37,39,49,75,102,111,117,148"
330,11:10,10,10,인천공항,6,"17,30,57,90,120,141"
330,11:10,2,2,수서,11,"8,38,59,62,63,65,68,71,107,126,140"
330,11:10,3,3,삼성,9,"9,43,55,83,97,113,125,133,136"
330,11:10,4,4,여의도,23,"12,15,19,21,22,35,44,46,50,77,78,85,86,89,92,94,115,119,121,124,134,137,138"
330,11:10,5,5,김포공항,4,"47,79,80,118"
330,11:10,6,6,일산,4,"18,69,103,139"
330,11:10,7,7,판교,18,"0,2,5,74,82,84,87,93,95,96,99,104,105,108,110,129,144,146"
330,11:10,9,9,평택,8,"27,31,70,73,128,132,145,149"
331,11:11,1,1,서울역,15,"1,7,10,11,23,24,37,39,42,49,75,102,111,117,148"
331,11:11,10,10,인천공항,6,"17,30,57,90,120,141"
331,11:11,2,2,수서,11,"8,38,59,62,63,65,68,71,107,126,140"
331,11:11,3,3,삼성,8,"9,55,83,97,113,125,133,136"
331,11:11,4,4,여의도,24,"12,15,19,21,22,35,44,46,50,77,78,85,86,88,89,92,94,115,119,121,124,134,137,138"
331,11:11,5,5,김포공항,4,"47,79,80,118"
331,11:11,6,6,일산,4,"18,69,103,139"
331,11:11,7,7,판교,17,"0,2,5,82,84,87,93,95,96,99,104,105,108,110,129,144,146"
331,11:11,9,9,평택,8,"27,31,70,73,128,132,145,149"
332,11:12,1,1,서울역,15,"1,7,10,11,23,24,37,39,42,49,75,102,111,117,148"
332,11:12,10,10,인천공항,5,"30,57,90,120,141"
332,11:12,2,2,수서,12,"8,14,38,59,62,63,65,68,71,107,126,140"
332,11:12,3,3,삼성,9,"9,55,83,97,113,125,127,133,136"
332,11:12,4,4,여의도,26,"12,13,15,19,21,22,28,35,44,46,50,77,78,85,86,88,89,92,94,115,119,121,124,134,137,138"
332,11:12,5,5,김포공항,4,"47,79,80,118"
332,11:12,6,6,일산,3,"69,103,139"
332,11:12,7,7,판교,17,"0,2,5,82,84,87,93,95,96,99,104,105,108,110,129,144,146"
332,11:12,9,9,평택,8,"27,31,70,73,128,132,145,149"
333,11:13,1,1,서울역,16,"1,7,10,11,23,24,33,37,39,42,49,75,102,111,117,148"
333,11:13,10,10,인천공항,4,"30,90,120,141"
333,11:13,2,2,수서,13,"8,14,38,51,59,62,63,65,68,71,107,126,140"
333,11:13,3,3,삼성,9,"9,55,83,97,113,125,127,133,136"
333,11:13,4,4,여의도,24,"12,13,15,19,21,22,28,41,50,77,78,85,86,88,89,92,94,115,119,121,124,134,137,138"
333,11:13,5,5,김포공항,7,"3,6,47,79,80,118,131"
333,11:13,6,6,일산,3,"69,103,139"
333,11:13,7,7,판교,17,"0,2,5,82,84,87,93,95,96,99,104,105,108,110,129,144,146"
333,11:13,9,9,평택,9,"27,31,70,73,109,128,132,145,149"
334,11:14,1,1,서울역,17,"1,7,10,11,23,24,33,37,39,42,49,75,101,102,111,117,148"
334,11:14,10,10,인천공항,4,"30,90,120,141"
334,11:14,2,2,수서,13,"8,14,38,51,59,62,63,65,68,71,107,126,140"
334,11:14,3,3,삼성,10,"9,29,55,83,97,113,125,127,133,136"
334,11:14,4,4,여의도,24,"12,13,15,19,21,22,28,41,50,77,78,85,86,88,89,92,94,115,119,121,124,134,137,138"
334,11:14,5,5,김포공항,8,"3,6,47,56,79,80,118,131"
334,11:14,6,6,일산,3,"69,103,139"
334,11:14,7,7,판교,18,"2,5,40,81,82,84,87,93,95,96,99,104,105,108,110,129,144,146"
334,11:14,9,9,평택,9,"27,31,66,70,73,109,128,132,145"
335,11:15,1,1,서울역,19,"1,7,10,11,23,24,33,37,39,42,49,52,75,101,102,111,112,117,148"
335,11:15,10,10,인천공항,4,"30,90,120,141"
335,11:15,2,2,수서,13,"8,14,38,51,59,62,63,65,68,71,107,126,140"
335,11:15,3,3,삼성,8,"9,29,55,83,97,125,133,136"
335,11:15,4,4,여의도,23,"12,13,15,19,21,28,41,50,77,78,85,86,88,89,92,94,115,119,121,124,134,137,138"
335,11:15,5,5,김포공항,8,"3,6,47,56,79,80,118,131"
335,11:15,6,6,일산,3,"69,103,139"
335,11:15,7,7,판교,18,"2,5,40,81,82,84,87,93,95,96,99,104,105,108,110,129,144,146"
335,11:15,9,9,평택,9,"27,31,66,70,73,109,128,132,145"
336,11:16,1,1,서울역,19,"1,7,10,11,23,24,33,37,39,42,49,52,75,101,102,111,112,117,148"
336,11:16,10,10,인천공항,6,"20,30,32,90,120,141"
336,11:16,2,2,수서,13,"8,14,38,51,59,62,63,65,68,71,107,126,140"
336,11:16,3,3,삼성,9,"9,29,55,61,83,97,125,133,136"
336,11:16,4,4,여의도,24,"12,13,15,19,21,28,41,50,72,77,78,85,86,88,89,92,94,115,119,121,124,134,137,138"
336,11:16,5,5,김포공항,7,"3,6,56,79,80,118,131"
336,11:16,6,6,일산,4,"69,103,114,139"
336,11:16,7,7,판교,19,"2,5,40,81,82,84,87,93,95,96,99,104,105,108,110,116,129,144,146"
336,11:16,8,8,동탄/용인,1,53
336,11:16,9,9,평택,9,"27,31,66,70,73,109,128,132,145"
337,11:17,1,1,서울역,19,"1,7,10,11,23,24,33,37,39,42,43,49,52,75,102,111,112,117,148"
337,11:17,10,10,인천공항,6,"20,30,32,90,120,141"
337,11:17,2,2,수서,14,"8,14,38,51,59,62,63,65,68,71,107,126,140,142"
337,11:17,3,3,삼성,10,"9,29,45,55,61,83,97,125,133,136"
337,11:17,4,4,여의도,25,"12,13,15,19,21,28,41,50,72,77,78,85,86,88,89,92,94,115,119,121,122,124,134,137,138"
337,11:17,5,5,김포공항,7,"3,6,56,79,80,118,131"
337,11:17,6,6,일산,4,"69,103,114,139"
337,11:17,7,7,판교,20,"2,5,40,76,81,82,84,87,93,95,96,99,104,105,108,110,116,129,144,146"
337,11:17,8,8,동탄/용인,1,53
337,11:17,9,9,평택,9,"27,31,66,70,73,109,128,132,145"
338,11:18,1,1,서울역,19,"1,7,10,11,23,24,33,37,39,42,43,49,52,75,102,111,112,117,148"
338,11:18,10,10,인천공항,6,"20,30,32,90,120,141"
338,11:18,2,2,수서,14,"8,14,38,51,59,62,63,65,68,71,107,126,140,142"
338,11:18,3,3,삼성,10,"9,29,45,55,61,83,97,125,133,136"
338,11:18,4,4,여의도,24,"12,15,19,21,28,41,50,72,74,77,78,85,86,88,89,92,94,115,121,122,124,134,137,138"
338,11:18,5,5,김포공항,7,"3,6,56,79,80,118,131"
338,11:18,6,6,일산,3,"69,114,139"
338,11:18,7,7,판교,21,"2,4,5,40,76,81,82,84,87,93,95,96,99,104,105,108,110,116,129,144,146"
338,11:18,8,8,동탄/용인,2,"53,147"
338,11:18,9,9,평택,11,"27,31,58,66,70,73,109,123,128,132,145"
339,11:19,1,1,서울역,18,"1,10,11,23,24,33,37,39,42,43,49,52,75,102,111,112,117,148"
339,11:19,10,10,인천공항,6,"20,30,32,90,120,141"
339,11:19,2,2,수서,15,"8,14,38,44,46,51,59,62,65,68,71,107,126,140,142"
339,11:19,3,3,삼성,10,"29,45,55,61,83,97,125,133,135,136"
339,11:19,4,4,여의도,23,"12,15,19,21,28,50,72,74,77,78,85,86,88,89,92,94,115,121,122,124,134,137,138"
339,11:19,5,5,김포공항,7,"3,6,56,79,80,118,131"
339,11:19,6,6,일산,3,"69,106,139"
339,11:19,7,7,판교,20,"2,4,5,40,76,81,84,87,93,95,96,99,104,105,108,110,116,129,144,146"
339,11:19,8,8,동탄/용인,2,"53,147"
339,11:19,9,9,평택,11,"27,31,58,66,70,73,109,123,128,132,145"
340,11:20,1,1,서울역,17,"1,10,11,23,24,33,37,39,42,43,49,52,102,111,112,117,148"
340,11:20,10,10,인천공항,6,"20,30,32,90,120,141"
340,11:20,2,2,수서,14,"8,14,38,44,46,59,62,65,68,71,107,126,140,142"
340,11:20,3,3,삼성,12,"29,35,45,54,55,61,83,97,125,133,135,136"
340,11:20,4,4,여의도,22,"12,15,19,21,28,50,67,72,74,78,85,86,88,92,94,115,121,122,124,134,137,138"
340,11:20,5,5,김포공항,7,"3,6,56,79,80,118,131"
340,11:20,6,6,일산,3,"69,106,139"
340,11:20,7,7,판교,20,"2,4,5,40,76,81,84,87,93,95,96,99,104,105,108,110,116,129,144,146"
340,11:20,8,8,동탄/용인,2,"53,147"
340,11:20,9,9,평택,10,"27,31,58,70,73,109,123,128,132,145"
341,11:21,1,1,서울역,17,"1,10,11,23,24,33,37,39,42,43,49,52,102,111,112,117,148"
341,11:21,10,10,인천공항,5,"20,26,30,32,141"
341,11:21,2,2,수서,14,"8,14,38,44,46,59,62,65,68,71,107,126,140,142"
341,11:21,3,3,삼성,12,"29,35,45,54,55,61,83,97,125,133,135,136"
341,11:21,4,4,여의도,23,"0,12,15,19,21,28,50,67,72,74,78,85,86,88,92,94,115,121,122,124,134,137,138"
341,11:21,5,5,김포공항,7,"3,6,56,79,80,118,131"
341,11:21,6,6,일산,3,"69,106,139"
341,11:21,7,7,판교,20,"2,4,5,40,76,81,84,87,93,95,96,99,104,105,108,110,116,129,144,146"
341,11:21,8,8,동탄/용인,1,53
341,11:21,9,9,평택,9,"27,58,70,73,109,123,128,132,145"
342,11:22,1,1,서울역,17,"1,10,11,23,24,33,37,39,42,43,49,52,102,111,112,117,148"
342,11:22,10,10,인천공항,5,"20,26,30,32,141"
342,11:22,2,2,수서,14,"8,14,38,44,46,59,62,65,68,71,107,126,140,142"
342,11:22,3,3,삼성,12,"29,35,45,54,55,61,83,97,125,133,135,136"
342,11:22,4,4,여의도,22,"0,12,19,21,28,50,67,72,74,78,85,86,88,92,94,115,121,122,124,134,137,138"
342,11:22,5,5,김포공항,7,"3,6,56,79,80,118,131"
342,11:22,6,6,일산,3,"69,106,139"
342,11:22,7,7,판교,20,"2,4,5,40,76,81,84,87,93,95,96,99,104,105,108,110,116,129,144,146"
342,11:22,9,9,평택,10,"27,36,58,70,73,109,123,128,132,145"
343,11:23,1,1,서울역,16,"10,11,23,24,33,37,39,42,43,49,52,102,111,112,117,148"
343,11:23,10,10,인천공항,5,"20,26,30,32,141"
343,11:23,2,2,수서,14,"8,14,38,44,46,59,62,65,68,71,107,126,140,142"
343,11:23,3,3,삼성,11,"29,35,45,54,55,61,83,125,133,135,136"
343,11:23,4,4,여의도,22,"0,12,19,21,28,50,67,72,74,78,85,86,88,92,94,115,121,122,124,134,137,138"
343,11:23,5,5,김포공항,7,"3,6,56,79,80,118,131"
343,11:23,6,6,일산,3,"69,106,139"
343,11:23,7,7,판교,18,"2,4,5,81,84,87,93,95,96,99,104,105,108,110,116,129,144,146"
343,11:23,9,9,평택,10,"36,58,70,73,100,109,123,128,132,145"
344,11:24,1,1,서울역,16,"11,23,24,33,37,39,42,43,49,52,102,111,112,117,130,148"
344,11:24,10,10,인천공항,5,"20,26,30,32,141"
344,11:24,2,2,수서,14,"8,14,38,44,46,59,62,65,68,71,107,126,140,142"
344,11:24,3,3,삼성,12,"29,35,45,47,54,55,61,83,125,133,135,136"
344,11:24,4,4,여의도,23,"0,12,17,19,21,28,50,67,72,74,78,85,86,88,92,94,115,121,122,124,134,137,138"
344,11:24,5,5,김포공항,6,"3,6,56,80,118,131"
344,11:24,6,6,일산,2,"106,139"
344,11:24,7,7,판교,20,"2,4,5,18,81,84,87,93,95,96,99,101,104,105,108,110,116,129,144,146"
344,11:24,9,9,평택,10,"36,58,70,73,100,109,123,128,132,145"
345,11:25,1,1,서울역,16,"11,23,24,33,37,39,42,43,49,52,102,111,112,117,130,148"
345,11:25,10,10,인천공항,5,"20,26,30,32,141"
345,11:25,2,2,수서,14,"8,14,38,44,46,59,62,65,68,71,107,126,140,142"
345,11:25,3,3,삼성,13,"29,35,45,47,54,55,61,83,91,125,133,135,136"
345,11:25,4,4,여의도,24,"0,12,17,19,21,25,28,50,57,67,72,74,78,85,86,88,92,94,121,122,124,134,137,138"
345,11:25,5,5,김포공항,5,"6,56,80,118,131"
345,11:25,6,6,일산,3,"106,113,139"
345,11:25,7,7,판교,20,"2,4,5,18,81,84,87,93,95,96,99,101,104,105,108,110,116,129,144,146"
345,11:25,9,9,평택,12,"36,58,60,64,70,73,100,109,123,128,132,145"
346,11:26,1,1,서울역,14,"11,23,24,33,37,39,42,49,52,102,111,117,130,148"
346,11:26,10,10,인천공항,5,"20,26,30,32,141"
346,11:26,2,2,수서,13,"8,14,44,46,59,62,65,68,71,107,126,140,142"
346,11:26,3,3,삼성,12,"29,45,47,54,55,61,83,91,125,133,135,136"
346,11:26,4,4,여의도,24,"0,12,17,25,28,50,51,57,67,72,74,78,82,85,86,88,92,94,121,122,124,134,137,138"
346,11:26,5,5,김포공항,5,"6,56,80,118,131"
346,11:26,6,6,일산,3,"106,113,139"
346,11:26,7,7,판교,21,"2,4,5,7,18,81,84,87,93,95,96,99,101,104,105,108,110,116,129,144,146"
346,11:26,8,8,동탄/용인,1,66
346,11:26,9,9,평택,16,"16,34,36,48,58,60,64,70,73,100,109,123,128,132,143,145"
347,11:27,1,1,서울역,14,"11,23,24,33,37,39,42,49,52,102,111,117,130,148"
347,11:27,10,10,인천공항,5,"20,26,30,32,141"
347,11:27,2,2,수서,13,"8,14,44,46,59,62,65,68,71,107,126,140,142"
347,11:27,3,3,삼성,12,"29,45,47,54,55,61,83,91,125,133,135,136"
347,11:27,4,4,여의도,24,"0,12,17,25,28,50,51,57,67,72,74,78,82,85,86,88,92,94,121,122,124,134,137,138"
347,11:27,5,5,김포공항,4,"56,63,118,131"
347,11:27,6,6,일산,4,"75,106,113,139"
347,11:27,7,7,판교,22,"2,4,5,7,18,77,81,84,87,93,95,96,99,101,104,105,108,110,116,129,144,146"
347,11:27,8,8,동탄/용인,2,"66,98"
347,11:27,9,9,평택,16,"16,34,36,48,58,60,64,70,73,100,109,123,128,132,143,145"
348,11:28,1,1,서울역,14,"11,23,24,33,37,39,42,49,52,102,111,117,130,148"
348,11:28,10,10,인천공항,5,"20,26,30,32,141"
348,11:28,2,2,수서,13,"8,14,15,46,59,62,65,68,71,107,126,140,142"
348,11:28,3,3,삼성,12,"29,45,47,54,55,61,83,91,125,133,135,136"
348,11:28,4,4,여의도,24,"0,12,17,25,28,50,51,57,67,72,74,78,82,85,86,88,92,94,121,122,124,134,137,138"
348,11:28,5,5,김포공항,4,"56,63,118,131"
348,11:28,6,6,일산,3,"75,113,139"
348,11:28,7,7,판교,22,"2,4,5,7,18,77,81,84,87,93,95,96,99,101,104,105,108,110,116,129,144,146"
348,11:28,8,8,동탄/용인,2,"66,98"
348,11:28,9,9,평택,14,"16,34,48,58,60,64,70,73,100,123,128,132,143,145"
349,11:29,1,1,서울역,13,"11,23,24,33,37,39,42,49,52,102,117,130,148"
349,11:29,10,10,인천공항,5,"20,26,30,32,141"
349,11:29,2,2,수서,13,"8,14,15,46,59,62,65,68,71,107,126,140,142"
349,11:29,3,3,삼성,12,"1,29,45,47,54,55,83,91,133,135,136,149"
349,11:29,4,4,여의도,23,"0,12,17,25,28,50,51,57,72,74,78,82,85,86,88,92,94,121,122,124,134,137,138"
349,11:29,5,5,김포공항,4,"56,63,118,131"
349,11:29,6,6,일산,3,"75,113,139"
349,11:29,7,7,판교,22,"2,4,5,7,18,77,81,84,87,93,95,96,99,101,104,105,108,110,116,129,144,146"
349,11:29,8,8,동탄/용인,2,"13,98"
349,11:29,9,9,평택,14,"16,34,48,58,60,64,70,73,100,123,128,132,143,145"
350,11:30,1,1,서울역,13,"11,23,24,33,37,39,42,49,52,102,117,130,148"
350,11:30,10,10,인천공항,5,"20,26,30,32,141"
350,11:30,2,2,수서,13,"8,14,15,46,59,62,65,68,71,107,126,140,142"
350,11:30,3,3,삼성,12,"1,29,45,47,54,55,83,91,133,135,136,149"
350,11:30,4,4,여의도,23,"0,12,17,25,40,50,51,57,74,76,78,82,85,86,88,92,94,121,122,124,134,137,138"
350,11:30,5,5,김포공항,3,"63,118,131"
350,11:30,6,6,일산,2,"113,139"
350,11:30,7,7,판교,21,"4,5,7,77,81,84,87,93,95,96,99,101,103,104,105,108,110,116,129,144,146"
350,11:30,8,8,동탄/용인,3,"13,41,98"
350,11:30,9,9,평택,16,"16,22,34,48,58,60,64,70,73,100,123,127,128,132,143,145"
351,11:31,1,1,서울역,13,"11,23,24,33,37,39,42,49,52,102,117,130,148"
351,11:31,10,10,인천공항,5,"20,26,30,32,141"
351,11:31,2,2,수서,14,"8,10,14,15,46,59,62,65,68,71,107,126,140,142"
351,11:31,3,3,삼성,12,"1,29,45,47,54,55,83,91,133,135,136,149"
351,11:31,4,4,여의도,22,"12,17,25,40,50,51,57,74,76,78,82,85,86,88,92,94,121,122,124,134,137,138"
351,11:31,5,5,김포공항,3,"63,118,131"
351,11:31,6,6,일산,2,"113,139"
351,11:31,7,7,판교,20,"4,5,7,77,81,87,93,95,96,99,101,103,104,105,108,110,114,129,144,146"
351,11:31,8,8,동탄/용인,3,"13,41,98"
351,11:31,9,9,평택,16,"16,22,34,48,58,60,64,70,73,100,123,127,128,132,143,145"
352,11:32,1,1,서울역,14,"11,23,24,33,35,37,39,42,49,52,102,117,130,148"
352,11:32,10,10,인천공항,6,"20,26,30,32,89,141"
352,11:32,2,2,수서,14,"10,14,15,21,46,59,62,65,68,71,107,126,140,142"
352,11:32,3,3,삼성,13,"1,29,45,47,54,55,79,83,91,133,135,136,149"
352,11:32,4,4,여의도,23,"12,17,25,38,40,50,51,57,74,76,78,82,85,86,88,92,94,121,122,124,134,137,138"
352,11:32,5,5,김포공항,3,"63,118,131"
352,11:32,6,6,일산,2,"113,139"
352,11:32,7,7,판교,19,"4,5,77,81,87,93,95,96,99,101,103,104,105,108,110,114,129,144,146"
352,11:32,8,8,동탄/용인,3,"13,41,98"
352,11:32,9,9,평택,15,"16,22,34,58,60,64,70,73,100,123,127,128,132,143,145"
353,11:33,1,1,서울역,15,"3,11,23,24,33,35,37,39,42,49,52,102,117,130,148"
353,11:33,10,10,인천공항,6,"20,26,30,32,89,141"
353,11:33,2,2,수서,14,"10,14,15,21,46,59,62,65,68,71,107,126,140,142"
353,11:33,3,3,삼성,13,"1,29,45,47,54,55,79,83,91,133,135,136,149"
353,11:33,4,4,여의도,22,"12,25,38,40,50,51,53,57,74,76,78,82,85,86,88,92,94,122,124,134,137,138"
353,11:33,5,5,김포공항,3,"63,118,131"
353,11:33,6,6,일산,4,"43,112,113,139"
353,11:33,7,7,판교,20,"4,5,19,77,81,87,93,95,96,99,101,103,104,105,108,110,114,129,144,146"
353,11:33,8,8,동탄/용인,3,"13,41,98"
353,11:33,9,9,평택,16,"16,22,34,58,60,64,70,73,100,119,123,127,128,132,143,145"
354,11:34,1,1,서울역,15,"3,11,23,24,33,35,37,39,42,49,52,102,117,130,148"
354,11:34,10,10,인천공항,6,"20,26,30,32,89,141"
354,11:34,2,2,수서,14,"10,14,15,21,46,59,62,65,68,71,107,126,140,142"
354,11:34,3,3,삼성,14,"1,29,45,47,54,55,69,79,83,91,133,135,136,149"
354,11:34,4,4,여의도,21,"12,25,38,40,50,51,53,57,74,76,78,82,85,86,88,92,94,124,134,137,138"
354,11:34,5,5,김포공항,3,"63,118,131"
354,11:34,6,6,일산,4,"43,112,113,139"
354,11:34,7,7,판교,20,"4,5,19,77,81,87,93,95,96,99,101,103,104,105,108,110,114,129,144,146"
354,11:34,8,8,동탄/용인,3,"13,41,98"
354,11:34,9,9,평택,17,"9,16,22,34,58,60,64,70,73,100,119,123,127,128,132,143,145"
355,11:35,1,1,서울역,17,"3,11,23,24,33,35,37,39,42,44,49,52,102,106,117,130,148"
355,11:35,10,10,인천공항,5,"20,26,30,89,141"
355,11:35,2,2,수서,14,"10,14,15,21,46,59,62,65,68,71,107,126,140,142"
355,11:35,3,3,삼성,15,"1,29,45,47,54,55,69,79,80,83,91,133,135,136,149"
355,11:35,4,4,여의도,20,"12,25,38,40,51,53,57,74,76,78,82,85,86,88,92,94,124,134,137,138"
355,11:35,5,5,김포공항,3,"63,118,131"
355,11:35,6,6,일산,4,"43,112,113,139"
355,11:35,7,7,판교,20,"4,5,19,77,81,87,93,95,96,99,101,103,104,105,108,110,114,129,144,146"
355,11:35,8,8,동탄/용인,3,"13,41,98"
355,11:35,9,9,평택,17,"9,16,22,34,58,60,64,70,73,100,119,123,127,128,132,143,145"
356,11:36,1,1,서울역,17,"3,11,23,24,33,35,37,39,42,44,49,52,102,106,117,130,148"
356,11:36,10,10,인천공항,5,"20,26,30,89,141"
356,11:36,2,2,수서,14,"10,14,15,21,28,59,62,65,68,71,107,126,140,142"
356,11:36,3,3,삼성,16,"1,29,45,47,54,55,69,79,80,83,90,91,133,135,136,149"
356,11:36,4,4,여의도,19,"12,25,31,38,51,57,74,76,78,82,85,86,88,92,94,124,134,137,138"
356,11:36,5,5,김포공항,3,"63,118,131"
356,11:36,6,6,일산,4,"111,112,113,139"
356,11:36,7,7,판교,20,"4,5,19,67,81,87,93,95,96,99,101,103,104,105,108,110,114,129,144,146"
356,11:36,8,8,동탄/용인,3,"13,41,98"
356,11:36,9,9,평택,15,"9,34,58,60,64,70,73,100,119,123,127,128,132,143,145"
357,11:37,1,1,서울역,18,"3,11,18,23,24,33,35,37,39,42,44,49,52,102,106,117,130,148"
357,11:37,10,10,인천공항,6,"20,26,30,89,115,141"
357,11:37,2,2,수서,14,"10,14,15,21,28,59,62,65,68,71,107,126,140,142"
357,11:37,3,3,삼성,14,"1,29,45,54,55,69,79,80,83,90,133,135,136,149"
357,11:37,4,4,여의도,17,"2,12,31,38,57,76,78,82,85,86,88,92,94,124,134,137,138"
357,11:37,5,5,김포공항,3,"63,118,131"
357,11:37,6,6,일산,3,"111,112,139"
357,11:37,7,7,판교,21,"4,5,19,67,72,81,87,93,95,96,99,101,103,104,105,108,110,114,129,144,146"
357,11:37,8,8,동탄/용인,2,"13,41"
357,11:37,9,9,평택,15,"9,34,58,60,64,70,73,100,119,123,127,128,132,143,145"
358,11:38,1,1,서울역,17,"3,11,18,23,24,33,35,37,39,42,44,49,52,102,117,130,148"
358,11:38,10,10,인천공항,7,"20,26,30,89,97,115,141"
358,11:38,2,2,수서,13,"10,14,15,21,28,59,62,65,68,107,126,140,142"
358,11:38,3,3,삼성,16,"1,27,29,45,54,55,56,69,79,80,83,90,133,135,136,149"
358,11:38,4,4,여의도,17,"2,12,31,38,76,78,82,84,85,86,88,92,94,124,134,137,138"
358,11:38,5,5,김포공항,3,"63,118,131"
358,11:38,6,6,일산,4,"111,112,139,147"
358,11:38,7,7,판교,21,"0,4,5,19,67,72,81,93,95,96,99,101,103,104,105,108,110,114,129,144,146"
358,11:38,8,8,동탄/용인,2,"13,41"
358,11:38,9,9,평택,15,"9,34,58,60,64,70,73,100,119,123,127,128,132,143,145"
359,11:39,1,1,서울역,18,"3,7,11,18,23,24,33,35,37,39,42,44,49,52,102,117,130,148"
359,11:39,10,10,인천공항,7,"20,26,30,89,97,115,141"
359,11:39,2,2,수서,13,"10,14,15,21,28,59,62,65,68,107,126,140,142"
359,11:39,3,3,삼성,16,"1,27,29,45,54,55,56,69,79,80,83,90,133,135,136,149"
359,11:39,4,4,여의도,16,"2,12,31,38,76,78,82,84,85,86,88,92,94,124,134,137"
359,11:39,5,5,김포공항,3,"63,118,131"
359,11:39,6,6,일산,5,"61,111,112,139,147"
359,11:39,7,7,판교,20,"0,4,5,19,67,72,93,95,96,99,101,103,104,105,108,110,114,129,144,146"
359,11:39,8,8,동탄/용인,2,"13,41"
359,11:39,9,9,평택,14,"9,34,58,60,64,70,73,100,123,127,128,132,143,145"
360,11:40,1,1,서울역,18,"3,7,11,18,23,24,33,35,37,39,42,44,49,52,102,117,130,148"
360,11:40,10,10,인천공항,6,"20,26,30,97,115,141"
360,11:40,2,2,수서,13,"10,14,15,21,28,59,62,65,68,107,126,140,142"
360,11:40,3,3,삼성,15,"1,27,29,45,54,55,56,79,80,83,90,133,135,136,149"
360,11:40,4,4,여의도,17,"2,12,31,38,66,76,78,82,84,85,86,88,92,94,124,134,137"
360,11:40,5,5,김포공항,4,"8,63,118,131"
360,11:40,6,6,일산,5,"61,111,112,139,147"
360,11:40,7,7,판교,20,"0,4,5,19,67,72,93,95,96,99,101,103,104,105,108,110,114,129,144,146"
360,11:40,8,8,동탄/용인,2,"13,41"
360,11:40,9,9,평택,15,"9,34,58,60,64,70,73,100,120,123,127,128,132,143,145"
361,11:41,1,1,서울역,18,"3,7,11,18,23,24,33,35,37,39,42,44,49,52,102,117,130,148"
361,11:41,10,10,인천공항,6,"20,26,30,97,115,141"
361,11:41,2,2,수서,14,"10,14,15,21,28,50,59,62,65,68,107,126,140,142"
361,11:41,3,3,삼성,15,"1,27,29,45,54,55,56,79,80,83,90,133,135,136,149"
361,11:41,4,4,여의도,17,"2,12,31,38,66,76,78,82,84,85,86,88,92,94,124,134,137"
361,11:41,5,5,김포공항,4,"8,63,118,131"
361,11:41,6,6,일산,4,"61,111,139,147"
361,11:41,7,7,판교,20,"0,4,5,19,67,72,93,95,96,99,101,103,104,105,108,110,114,129,144,146"
361,11:41,8,8,동탄/용인,2,"13,41"
361,11:41,9,9,평택,15,"9,34,58,60,64,70,73,100,120,123,127,128,132,143,145"
362,11:42,1,1,서울역,18,"3,7,11,18,23,24,33,35,37,39,42,44,49,52,102,117,130,148"
362,11:42,10,10,인천공항,6,"20,26,30,97,115,141"
362,11:42,2,2,수서,14,"10,14,15,21,28,50,59,62,65,68,107,126,140,142"
362,11:42,3,3,삼성,15,"1,27,29,45,54,55,56,79,80,83,90,133,135,136,149"
362,11:42,4,4,여의도,17,"2,12,31,38,66,76,78,82,84,85,86,88,92,94,124,134,137"
362,11:42,5,5,김포공항,4,"8,63,118,131"
362,11:42,6,6,일산,4,"61,111,139,147"
362,11:42,7,7,판교,21,"0,4,5,19,67,72,75,93,95,96,99,101,103,104,105,108,110,114,129,144,146"
362,11:42,8,8,동탄/용인,2,"13,41"
362,11:42,9,9,평택,15,"9,34,58,60,64,70,73,100,120,123,127,128,132,143,145"
363,11:43,1,1,서울역,18,"3,7,11,18,23,24,33,35,39,42,44,49,52,77,102,117,130,148"
363,11:43,10,10,인천공항,6,"20,26,30,97,115,141"
363,11:43,2,2,수서,15,"10,14,15,21,28,50,51,59,62,65,68,107,126,140,142"
363,11:43,3,3,삼성,15,"1,27,29,45,54,55,56,79,80,83,90,133,135,136,149"
363,11:43,4,4,여의도,18,"2,12,31,36,38,66,76,78,82,84,85,86,88,92,94,124,134,137"
363,11:43,5,5,김포공항,4,"8,63,118,131"
363,11:43,6,6,일산,6,"53,61,111,116,139,147"
363,11:43,7,7,판교,21,"0,4,5,19,67,72,75,93,95,96,99,101,103,104,105,108,110,114,129,144,146"
363,11:43,8,8,동탄/용인,2,"13,41"
363,11:43,9,9,평택,14,"34,58,60,64,70,73,100,120,123,127,128,132,143,145"
364,11:44,1,1,서울역,19,"3,7,11,18,23,24,33,35,39,42,44,49,52,77,102,113,117,130,148"
364,11:44,10,10,인천공항,6,"20,26,30,97,115,141"
364,11:44,2,2,수서,16,"10,14,15,21,28,50,51,57,59,62,65,68,107,126,140,142"
364,11:44,3,3,삼성,16,"1,25,27,29,45,54,55,56,79,80,83,90,133,135,136,149"
364,11:44,4,4,여의도,17,"2,31,36,38,66,76,78,82,84,85,86,88,92,94,124,134,137"
364,11:44,5,5,김포공항,5,"8,46,63,118,131"
364,11:44,6,6,일산,6,"53,61,111,116,139,147"
364,11:44,7,7,판교,22,"0,4,5,19,67,72,74,75,93,95,96,99,101,103,104,105,108,110,114,129,144,146"
364,11:44,8,8,동탄/용인,2,"13,41"
364,11:44,9,9,평택,15,"6,34,60,64,70,73,100,120,123,125,127,128,132,143,145"
365,11:45,1,1,서울역,19,"3,7,11,18,23,24,33,35,39,42,44,49,52,77,102,113,117,130,148"
365,11:45,10,10,인천공항,7,"20,26,30,97,115,121,141"
365,11:45,2,2,수서,15,"10,15,21,28,50,51,57,59,62,65,68,107,126,140,142"
365,11:45,3,3,삼성,16,"1,25,27,29,45,54,55,56,79,80,83,90,133,135,136,149"
365,11:45,4,4,여의도,17,"2,36,38,66,76,78,82,84,85,86,87,88,92,94,124,134,137"
365,11:45,5,5,김포공항,7,"8,46,47,63,109,118,131"
365,11:45,6,6,일산,5,"53,61,116,139,147"
365,11:45,7,7,판교,23,"0,4,5,19,67,72,74,75,93,95,96,99,101,103,104,105,106,108,110,114,129,144,146"
365,11:45,8,8,동탄/용인,2,"13,41"
365,11:45,9,9,평택,15,"6,34,60,64,70,73,100,120,123,125,127,128,132,143,145"
366,11:46,1,1,서울역,20,"3,7,11,18,23,24,33,35,39,42,44,49,52,77,81,102,113,117,130,148"
366,11:46,10,10,인천공항,8,"20,26,30,97,115,121,122,141"
366,11:46,2,2,수서,15,"10,15,21,28,50,51,57,59,62,65,68,107,126,140,142"
366,11:46,3,3,삼성,17,"1,25,27,29,43,45,54,55,56,79,80,83,90,133,135,136,149"
366,11:46,4,4,여의도,17,"2,36,38,66,76,78,82,84,85,86,87,88,92,94,124,134,137"
366,11:46,5,5,김포공항,7,"8,46,47,63,109,118,131"
366,11:46,6,6,일산,4,"53,61,116,147"
366,11:46,7,7,판교,21,"0,4,19,67,72,74,75,93,95,96,99,101,103,104,105,106,108,110,129,144,146"
366,11:46,8,8,동탄/용인,2,"13,41"
366,11:46,9,9,평택,15,"6,34,60,64,70,73,100,120,123,125,127,128,132,143,145"
367,11:47,1,1,서울역,20,"3,7,11,18,23,24,33,35,39,42,44,49,52,77,81,102,113,117,130,148"
367,11:47,10,10,인천공항,8,"20,26,30,97,115,121,122,141"
367,11:47,2,2,수서,12,"15,28,50,51,57,59,65,68,107,126,140,142"
367,11:47,3,3,삼성,17,"1,25,27,29,43,45,54,55,56,79,80,83,90,133,135,136,149"
367,11:47,4,4,여의도,16,"36,48,66,76,78,82,84,85,86,87,88,92,94,124,134,137"
367,11:47,5,5,김포공항,7,"8,46,47,63,109,118,131"
367,11:47,6,6,일산,4,"53,61,116,147"
367,11:47,7,7,판교,21,"0,4,19,67,72,74,75,93,95,96,99,101,103,104,105,106,108,110,129,144,146"
367,11:47,8,8,동탄/용인,2,"13,41"
367,11:47,9,9,평택,15,"6,34,60,64,70,73,100,120,123,125,127,128,132,143,145"
368,11:48,1,1,서울역,18,"3,7,11,18,23,24,33,35,39,42,44,52,77,81,102,113,130,148"
368,11:48,10,10,인천공항,8,"20,26,30,97,115,121,122,141"
368,11:48,2,2,수서,12,"15,28,50,51,57,59,65,68,107,126,140,142"
368,11:48,3,3,삼성,16,"1,25,29,43,45,54,55,56,79,80,83,90,133,135,136,149"
368,11:48,4,4,여의도,17,"36,48,66,76,78,82,84,85,86,87,88,92,94,98,124,134,137"
368,11:48,5,5,김포공항,7,"8,46,47,63,109,118,131"
368,11:48,6,6,일산,4,"53,61,116,147"
368,11:48,7,7,판교,20,"0,4,67,72,74,75,93,95,96,99,101,103,104,105,106,108,110,129,144,146"
368,11:48,8,8,동탄/용인,2,"13,41"
368,11:48,9,9,평택,15,"6,17,60,64,70,73,100,120,123,125,127,128,132,143,145"
369,11:49,1,1,서울역,18,"3,7,11,18,23,24,33,35,39,42,44,52,77,81,102,113,130,148"
369,11:49,10,10,인천공항,8,"20,26,30,97,115,121,122,141"
369,11:49,2,2,수서,12,"15,28,50,51,57,59,65,68,107,126,140,142"
369,11:49,3,3,삼성,16,"1,25,29,43,45,54,55,56,79,80,83,90,133,135,136,149"
369,11:49,4,4,여의도,17,"36,48,66,76,78,82,84,85,86,87,88,92,94,98,124,134,137"
369,11:49,5,5,김포공항,6,"8,46,47,109,118,131"
369,11:49,6,6,일산,4,"53,61,71,147"
369,11:49,7,7,판교,19,"0,4,72,74,75,93,95,96,99,101,103,104,105,106,108,110,129,144,146"
369,11:49,8,8,동탄/용인,2,"13,41"
369,11:49,9,9,평택,14,"6,17,60,64,70,100,120,123,125,127,128,132,143,145"
370,11:50,1,1,서울역,18,"3,7,11,18,23,24,33,35,39,42,44,52,77,81,102,113,130,148"
370,11:50,10,10,인천공항,8,"20,26,30,97,115,121,122,141"
370,11:50,2,2,수서,12,"15,28,50,51,57,59,65,68,107,126,140,142"
370,11:50,3,3,삼성,16,"1,29,32,43,45,54,55,56,79,80,83,90,133,135,136,149"
370,11:50,4,4,여의도,17,"36,48,66,76,78,82,84,85,86,87,88,92,94,98,124,134,137"
370,11:50,5,5,김포공항,5,"8,46,47,109,131"
370,11:50,6,6,일산,5,"53,61,69,71,147"
370,11:50,7,7,판교,19,"0,4,72,74,75,93,95,96,99,101,103,104,105,106,108,110,129,144,146"
370,11:50,8,8,동탄/용인,2,"13,41"
370,11:50,9,9,평택,14,"6,17,60,64,70,100,120,123,125,127,128,132,143,145"
371,11:51,1,1,서울역,18,"3,7,11,18,23,24,33,35,39,42,44,52,77,81,102,113,130,148"
371,11:51,10,10,인천공항,8,"20,26,30,97,115,121,122,141"
371,11:51,2,2,수서,13,"15,28,31,50,51,57,59,65,68,107,126,140,142"
371,11:51,3,3,삼성,17,"1,22,29,32,43,45,54,55,56,79,80,83,90,133,135,136,149"
371,11:51,4,4,여의도,17,"16,36,48,66,76,78,82,84,85,86,87,88,92,94,124,134,137"
371,11:51,5,5,김포공항,5,"8,46,47,109,131"
371,11:51,6,6,일산,4,"53,61,69,71"
371,11:51,7,7,판교,20,"0,4,12,72,74,75,93,95,96,99,101,103,104,105,106,108,110,129,144,146"
371,11:51,8,8,동탄/용인,2,"13,41"
371,11:51,9,9,평택,15,"6,17,40,60,64,70,100,120,123,125,127,128,132,143,145"
372,11:52,1,1,서울역,18,"3,11,14,18,23,24,33,35,39,42,44,52,77,81,102,113,130,148"
372,11:52,10,10,인천공항,9,"20,26,30,91,97,115,121,122,141"
372,11:52,2,2,수서,13,"15,28,31,50,51,57,59,65,68,107,126,140,142"
372,11:52,3,3,삼성,17,"1,22,29,32,43,45,54,55,56,79,80,83,90,133,135,136,149"
372,11:52,4,4,여의도,18,"16,36,48,66,76,78,82,84,85,86,87,88,92,94,117,124,134,137"
372,11:52,5,5,김포공항,5,"8,46,47,109,131"
372,11:52,6,6,일산,4,"53,61,69,71"
372,11:52,7,7,판교,20,"0,4,12,72,74,75,93,95,96,99,101,103,104,105,106,108,110,129,144,146"
372,11:52,8,8,동탄/용인,2,"13,41"
372,11:52,9,9,평택,15,"6,17,40,60,64,70,100,120,123,125,127,128,132,143,145"
373,11:53,1,1,서울역,19,"3,11,14,18,23,24,33,35,39,42,44,52,77,81,102,113,130,139,148"
373,11:53,10,10,인천공항,9,"20,26,30,91,97,115,121,122,141"
373,11:53,2,2,수서,14,"15,28,31,38,50,51,57,59,65,68,107,126,140,142"
373,11:53,3,3,삼성,17,"1,22,29,32,43,45,54,55,56,79,80,83,90,133,135,136,149"
373,11:53,4,4,여의도,17,"5,16,36,66,76,78,82,85,86,87,88,92,94,117,124,134,137"
373,11:53,5,5,김포공항,5,"8,46,47,109,131"
373,11:53,6,6,일산,3,"61,69,71"
373,11:53,7,7,판교,21,"0,4,12,72,74,75,93,95,96,99,101,103,104,105,106,108,110,112,129,144,146"
373,11:53,8,8,동탄/용인,2,"13,41"
373,11:53,9,9,평택,15,"6,17,40,60,64,70,100,120,123,125,127,128,132,143,145"
374,11:54,1,1,서울역,19,"3,11,14,18,23,24,33,35,39,42,44,52,77,81,102,113,130,139,148"
374,11:54,10,10,인천공항,9,"20,26,30,91,97,115,121,122,141"
374,11:54,2,2,수서,14,"15,28,31,38,50,51,57,59,65,68,107,126,140,142"
374,11:54,3,3,삼성,17,"1,22,29,32,43,45,54,55,56,79,80,83,90,133,135,136,149"
374,11:54,4,4,여의도,16,"5,16,66,76,78,82,85,86,87,88,92,94,117,124,134,137"
374,11:54,5,5,김포공항,5,"8,46,47,109,131"
374,11:54,6,6,일산,3,"61,69,71"
374,11:54,7,7,판교,22,"0,2,4,12,72,74,75,93,95,96,99,101,103,104,105,106,108,110,112,129,144,146"
374,11:54,8,8,동탄/용인,2,"13,41"
374,11:54,9,9,평택,15,"6,40,60,64,70,100,120,123,125,127,128,132,138,143,145"
375,11:55,1,1,서울역,19,"3,11,14,18,23,24,33,35,39,42,44,52,77,81,102,113,130,139,148"
375,11:55,10,10,인천공항,9,"20,26,30,91,97,115,121,122,141"
375,11:55,2,2,수서,14,"15,28,31,38,50,51,57,59,65,68,107,126,140,142"
375,11:55,3,3,삼성,17,"1,22,29,32,43,45,54,55,56,79,80,83,90,133,135,136,149"
375,11:55,4,4,여의도,16,"5,16,19,66,76,78,82,85,86,87,88,92,94,124,134,137"
375,11:55,5,5,김포공항,7,"8,10,21,46,47,109,131"
375,11:55,6,6,일산,3,"61,69,71"
375,11:55,7,7,판교,22,"0,2,4,12,72,74,75,93,95,96,99,101,103,104,105,106,108,110,112,129,144,146"
375,11:55,8,8,동탄/용인,1,41
375,11:55,9,9,평택,15,"6,40,60,64,70,100,120,123,125,127,128,132,138,143,145"
376,11:56,1,1,서울역,20,"3,11,14,18,23,24,33,35,39,42,44,52,77,81,102,113,116,130,139,148"
376,11:56,10,10,인천공항,9,"20,26,30,91,97,115,121,122,141"
376,11:56,2,2,수서,14,"15,28,31,38,50,51,57,59,65,68,107,126,140,142"
376,11:56,3,3,삼성,17,"1,22,29,32,43,45,54,55,56,79,80,83,90,133,135,136,149"
376,11:56,4,4,여의도,14,"5,16,19,78,82,85,86,87,88,92,94,124,134,137"
376,11:56,5,5,김포공항,9,"8,10,21,27,46,47,109,119,131"
376,11:56,6,6,일산,3,"61,69,71"
376,11:56,7,7,판교,20,"2,12,72,74,75,93,95,96,99,101,103,104,105,106,108,110,112,129,144,146"
376,11:56,8,8,동탄/용인,1,41
376,11:56,9,9,평택,15,"6,40,60,64,70,100,120,123,125,127,128,132,138,143,145"
377,11:57,1,1,서울역,19,"11,14,18,23,24,33,35,39,42,44,52,77,81,102,113,116,130,139,148"
377,11:57,10,10,인천공항,9,"20,26,30,91,97,115,121,122,141"
377,11:57,2,2,수서,14,"15,28,31,38,50,51,57,59,65,68,107,126,140,142"
377,11:57,3,3,삼성,16,"1,22,32,43,45,54,55,56,79,80,83,90,133,135,136,149"
377,11:57,4,4,여의도,15,"5,16,19,25,78,82,85,86,87,88,92,94,124,134,137"
377,11:57,5,5,김포공항,9,"8,10,21,27,46,47,109,119,131"
377,11:57,6,6,일산,3,"61,69,71"
377,11:57,7,7,판교,20,"2,12,72,74,75,93,95,96,99,101,103,104,105,106,108,110,112,129,144,146"
377,11:57,8,8,동탄/용인,1,41
377,11:57,9,9,평택,15,"6,40,60,64,70,100,120,123,125,127,128,132,138,143,145"
378,11:58,1,1,서울역,19,"11,14,18,23,24,33,35,39,42,44,52,77,81,102,113,116,130,139,148"
378,11:58,10,10,인천공항,9,"20,26,30,91,97,115,121,122,141"
378,11:58,2,2,수서,13,"28,31,38,50,51,57,59,65,68,107,126,140,142"
378,11:58,3,3,삼성,16,"1,22,32,43,45,54,55,56,79,80,83,90,133,135,136,149"
378,11:58,4,4,여의도,16,"5,9,16,19,25,78,82,85,86,87,88,92,94,124,134,137"
378,11:58,5,5,김포공항,9,"8,10,21,27,46,47,109,119,131"
378,11:58,6,6,일산,4,"61,62,69,98"
378,11:58,7,7,판교,19,"2,72,74,75,93,95,96,99,101,103,104,105,106,108,110,112,129,144,146"
378,11:58,8,8,동탄/용인,1,41
378,11:58,9,9,평택,16,"6,40,60,64,70,100,114,120,123,125,127,128,132,138,143,145"
379,11:59,1,1,서울역,19,"11,14,18,23,24,33,35,39,42,44,52,77,81,102,113,116,130,139,148"
379,11:59,10,10,인천공항,8,"20,26,91,97,115,121,122,141"
379,11:59,2,2,수서,14,"28,31,38,48,50,51,57,59,65,68,107,126,140,142"
379,11:59,3,3,삼성,16,"1,22,32,43,45,54,55,56,79,80,83,90,133,135,136,149"
379,11:59,4,4,여의도,15,"5,9,16,19,25,78,82,86,87,88,92,94,124,134,137"
379,11:59,5,5,김포공항,8,"10,21,27,46,47,109,119,131"
379,11:59,6,6,일산,3,"62,69,98"
379,11:59,7,7,판교,20,"2,7,72,74,75,93,95,96,99,101,103,104,105,106,108,110,112,129,144,146"
379,11:59,8,8,동탄/용인,1,41
379,11:59,9,9,평택,18,"6,37,40,60,64,70,89,100,114,120,123,125,127,128,132,138,143,145"
380,12:00,1,1,서울역,21,"11,14,18,23,24,33,35,39,42,44,52,53,58,77,81,102,113,116,130,139,148"
380,12:00,10,10,인천공항,7,"20,26,91,97,121,122,141"
380,12:00,2,2,수서,14,"28,31,38,48,50,51,57,59,65,68,107,126,140,142"
380,12:00,3,3,삼성,15,"1,32,43,45,54,55,56,79,80,83,90,133,135,136,149"
380,12:00,4,4,여의도,14,"5,9,19,25,78,82,86,87,88,92,94,124,134,137"
380,12:00,5,5,김포공항,8,"10,21,27,46,47,109,119,131"
380,12:00,6,6,일산,3,"62,69,98"
380,12:00,7,7,판교,20,"2,7,72,74,75,93,95,96,99,101,103,104,105,106,108,110,112,129,144,146"
380,12:00,8,8,동탄/용인,1,41
380,12:00,9,9,평택,18,"6,37,40,60,64,70,89,100,114,120,123,125,127,128,132,138,143,145"
381,12:01,1,1,서울역,20,"11,14,18,24,33,35,39,42,44,52,53,58,77,81,102,113,116,130,139,148"
381,12:01,10,10,인천공항,7,"20,26,91,97,121,122,141"
381,12:01,2,2,수서,14,"28,31,38,48,50,51,57,59,65,68,107,126,140,142"
381,12:01,3,3,삼성,15,"32,36,43,45,54,55,56,79,80,83,90,133,135,136,149"
381,12:01,4,4,여의도,14,"5,9,19,25,78,82,86,87,88,92,94,124,134,137"
381,12:01,5,5,김포공항,8,"10,21,27,46,47,109,119,131"
381,12:01,6,6,일산,3,"62,69,98"
381,12:01,7,7,판교,20,"2,7,72,74,75,93,95,96,99,101,103,104,105,106,108,110,112,129,144,146"
381,12:01,8,8,동탄/용인,1,41
381,12:01,9,9,평택,18,"6,37,40,60,64,70,89,100,114,120,123,125,127,128,132,138,143,145"
382,12:02,1,1,서울역,20,"11,14,18,24,33,35,39,42,44,52,53,58,77,81,102,113,116,130,139,148"
382,12:02,10,10,인천공항,7,"20,26,91,97,121,122,141"
382,12:02,2,2,수서,15,"28,31,38,48,50,51,57,59,65,66,68,107,126,140,142"
382,12:02,3,3,삼성,15,"32,36,43,45,54,55,56,79,80,83,90,133,135,136,149"
382,12:02,4,4,여의도,13,"5,9,19,25,82,86,87,88,92,94,124,134,137"
382,12:02,5,5,김포공항,8,"10,21,27,46,47,109,119,131"
382,12:02,6,6,일산,3,"62,69,98"
382,12:02,7,7,판교,20,"2,7,72,74,75,93,95,96,99,101,103,104,105,106,108,110,112,129,144,146"
382,12:02,8,8,동탄/용인,1,41
382,12:02,9,9,평택,18,"6,37,40,60,64,70,89,100,114,120,123,125,127,128,132,138,143,145"
383,12:03,1,1,서울역,20,"0,11,14,18,24,33,35,39,42,44,52,58,77,81,102,113,116,130,139,148"
383,12:03,10,10,인천공항,7,"20,26,91,97,121,122,141"
383,12:03,2,2,수서,14,"28,38,48,50,51,57,59,65,66,68,107,126,140,142"
383,12:03,3,3,삼성,16,"3,32,36,43,45,54,55,56,79,80,83,90,133,135,136,149"
383,12:03,4,4,여의도,15,"4,5,9,19,25,34,82,86,87,88,92,94,124,134,137"
383,12:03,5,5,김포공항,8,"10,21,27,46,47,109,119,131"
383,12:03,6,6,일산,3,"62,69,98"
383,12:03,7,7,판교,21,"2,7,72,74,75,76,93,95,96,99,101,103,104,105,106,110,112,129,144,146,147"
383,12:03,8,8,동탄/용인,2,"41,63"
383,12:03,9,9,평택,17,"6,37,40,60,64,70,89,100,114,123,125,127,128,132,138,143,145"
384,12:04,1,1,서울역,20,"0,11,14,18,24,33,35,39,42,44,52,58,77,81,102,113,116,130,139,148"
384,12:04,10,10,인천공항,6,"20,26,97,121,122,141"
384,12:04,2,2,수서,14,"28,38,48,50,51,57,59,65,66,68,107,126,140,142"
384,12:04,3,3,삼성,16,"3,32,36,43,45,54,55,56,79,80,83,90,133,135,136,149"
384,12:04,4,4,여의도,14,"4,5,9,19,25,34,82,86,87,88,94,124,134,137"
384,12:04,5,5,김포공항,8,"10,21,27,46,47,109,119,131"
384,12:04,6,6,일산,3,"62,69,98"
384,12:04,7,7,판교,20,"7,72,74,75,76,93,95,96,99,101,103,104,105,106,110,112,129,144,146,147"
384,12:04,8,8,동탄/용인,2,"41,63"
384,12:04,9,9,평택,16,"37,40,49,64,70,89,100,114,123,125,127,128,132,138,143,145"
385,12:05,1,1,서울역,21,"0,11,14,18,24,33,35,39,42,44,52,58,71,77,81,102,113,116,130,139,148"
385,12:05,10,10,인천공항,8,"20,26,67,84,97,121,122,141"
385,12:05,2,2,수서,14,"28,38,48,50,51,57,59,65,66,68,107,126,140,142"
385,12:05,3,3,삼성,16,"3,32,36,43,45,54,55,56,79,80,83,90,133,135,136,149"
385,12:05,4,4,여의도,15,"4,5,9,12,19,25,34,82,86,87,88,94,124,134,137"
385,12:05,5,5,김포공항,8,"10,21,27,46,47,109,119,131"
385,12:05,6,6,일산,3,"62,69,98"
385,12:05,7,7,판교,19,"72,74,75,76,93,95,96,99,101,103,104,105,106,110,112,129,144,146,147"
385,12:05,8,8,동탄/용인,2,"41,63"
385,12:05,9,9,평택,15,"49,64,70,89,100,111,114,123,125,127,128,132,138,143,145"
386,12:06,1,1,서울역,22,"0,11,14,18,22,24,33,35,39,42,44,52,58,71,77,81,102,113,116,130,139,148"
386,12:06,10,10,인천공항,8,"20,26,67,84,97,121,122,141"
386,12:06,2,2,수서,14,"28,38,48,50,51,57,59,65,66,68,107,126,140,142"
386,12:06,3,3,삼성,16,"3,32,36,43,45,54,55,56,79,80,83,90,133,135,136,149"
386,12:06,4,4,여의도,16,"4,5,9,12,13,19,25,34,82,86,87,88,94,124,134,137"
386,12:06,5,5,김포공항,10,"10,15,21,27,46,47,73,109,119,131"
386,12:06,6,6,일산,3,"62,69,98"
386,12:06,7,7,판교,18,"72,74,75,76,93,95,96,99,101,103,104,105,106,110,112,129,146,147"
386,12:06,8,8,동탄/용인,2,"41,63"
386,12:06,9,9,평택,15,"49,64,70,89,100,111,114,123,125,127,128,132,138,143,145"
387,12:07,1,1,서울역,22,"0,11,14,18,22,24,33,35,39,42,44,52,58,71,77,81,102,113,116,130,139,148"
387,12:07,10,10,인천공항,7,"20,26,67,84,121,122,141"
387,12:07,2,2,수서,14,"28,38,48,50,51,57,59,65,66,68,107,126,140,142"
387,12:07,3,3,삼성,18,"3,8,16,32,36,43,45,54,55,56,79,80,83,90,133,135,136,149"
387,12:07,4,4,여의도,16,"4,5,9,12,13,19,25,34,82,86,87,88,94,124,134,137"
387,12:07,5,5,김포공항,10,"10,15,21,27,46,47,73,109,119,131"
387,12:07,6,6,일산,4,"29,62,69,98"
387,12:07,7,7,판교,18,"72,74,75,76,93,95,96,99,101,103,104,105,106,110,112,129,146,147"
387,12:07,8,8,동탄/용인,2,"41,63"
387,12:07,9,9,평택,15,"49,64,70,89,100,111,114,118,125,127,128,132,138,143,145"
388,12:08,1,1,서울역,21,"0,11,14,18,22,24,33,35,39,42,44,52,58,77,81,102,113,116,130,139,148"
388,12:08,10,10,인천공항,7,"20,26,67,84,121,122,141"
388,12:08,2,2,수서,14,"28,38,48,50,51,57,59,65,66,68,107,126,140,142"
388,12:08,3,3,삼성,18,"3,8,16,32,36,43,45,54,55,56,79,80,83,90,133,135,136,149"
388,12:08,4,4,여의도,15,"4,5,9,12,13,25,34,82,86,87,88,94,124,134,137"
388,12:08,5,5,김포공항,10,"10,15,21,27,46,47,73,109,119,131"
388,12:08,6,6,일산,4,"29,62,69,98"
388,12:08,7,7,판교,18,"72,74,75,76,93,95,96,99,101,103,104,105,106,110,112,129,146,147"
388,12:08,8,8,동탄/용인,2,"41,63"
388,12:08,9,9,평택,15,"49,64,70,89,100,111,114,118,125,127,128,132,138,143,145"
389,12:09,1,1,서울역,21,"0,11,14,18,22,24,33,35,39,42,44,52,58,77,81,102,113,116,130,139,148"
389,12:09,10,10,인천공항,7,"20,26,67,84,121,122,141"
389,12:09,2,2,수서,14,"28,38,48,50,51,57,59,65,66,68,107,126,140,142"
389,12:09,3,3,삼성,18,"3,8,16,32,36,43,45,54,55,56,79,80,83,90,133,135,136,149"
389,12:09,4,4,여의도,15,"4,5,9,12,13,17,25,82,86,87,88,94,124,134,137"
389,12:09,5,5,김포공항,10,"10,15,21,27,46,47,73,109,119,131"
389,12:09,6,6,일산,4,"29,62,69,98"
389,12:09,7,7,판교,19,"72,74,75,76,78,93,95,96,99,101,103,104,105,106,110,112,129,146,147"
389,12:09,8,8,동탄/용인,2,"41,63"
389,12:09,9,9,평택,15,"49,64,70,89,100,111,114,118,125,127,128,132,138,143,145"
390,12:10,1,1,서울역,19,"0,11,14,18,22,33,35,39,42,44,58,77,81,102,113,116,130,139,148"
390,12:10,10,10,인천공항,7,"20,26,67,84,121,122,141"
390,12:10,2,2,수서,14,"28,38,48,50,51,57,59,65,66,68,107,126,140,142"
390,12:10,3,3,삼성,18,"3,8,16,32,36,43,45,54,55,56,79,80,83,90,133,135,136,149"
390,12:10,4,4,여의도,15,"4,5,9,12,13,17,25,82,86,87,88,94,124,134,137"
390,12:10,5,5,김포공항,10,"10,15,21,27,46,47,73,109,119,131"
390,12:10,6,6,일산,4,"29,62,69,98"
390,12:10,7,7,판교,19,"53,72,74,75,76,78,93,95,96,99,101,103,104,105,106,112,129,146,147"
390,12:10,8,8,동탄/용인,2,"41,63"
390,12:10,9,9,평택,16,"49,64,70,89,100,111,114,117,118,125,127,128,132,138,143,145"
391,12:11,1,1,서울역,19,"2,11,14,18,22,33,35,39,42,44,58,77,81,102,113,116,130,139,148"
391,12:11,10,10,인천공항,8,"20,26,67,84,85,121,122,141"
391,12:11,2,2,수서,14,"28,38,48,50,51,57,59,65,66,68,107,126,140,142"
391,12:11,3,3,삼성,18,"3,8,16,32,36,43,45,54,55,56,79,80,83,90,133,135,136,149"
391,12:11,4,4,여의도,16,"4,5,9,12,13,17,25,30,82,86,87,88,94,124,134,137"
391,12:11,5,5,김포공항,11,"10,15,21,27,31,46,47,73,109,119,131"
391,12:11,6,6,일산,4,"29,62,69,98"
391,12:11,7,7,판교,20,"53,61,72,74,75,76,78,93,95,96,99,101,103,104,105,106,112,129,146,147"
391,12:11,8,8,동탄/용인,2,"41,63"
391,12:11,9,9,평택,16,"49,64,70,89,100,111,114,117,118,125,127,128,132,138,143,145"
392,12:12,1,1,서울역,19,"2,11,14,18,22,33,35,39,42,44,58,77,81,102,113,116,130,139,148"
392,12:12,10,10,인천공항,8,"20,26,67,84,85,121,122,141"
392,12:12,2,2,수서,14,"28,38,48,50,51,57,59,65,66,68,107,126,140,142"
392,12:12,3,3,삼성,17,"3,8,16,32,43,45,54,55,56,79,80,83,90,133,135,136,149"
392,12:12,4,4,여의도,16,"4,5,9,12,13,17,25,30,82,86,87,88,94,124,134,137"
392,12:12,5,5,김포공항,11,"10,15,21,27,31,46,47,73,109,119,131"
392,12:12,6,6,일산,4,"29,62,69,98"
392,12:12,7,7,판교,20,"53,61,72,74,75,76,78,93,95,96,99,101,103,104,105,106,112,129,146,147"
392,12:12,8,8,동탄/용인,2,"41,63"
392,12:12,9,9,평택,16,"49,64,70,89,100,111,114,117,118,125,127,128,132,138,143,145"
393,12:13,1,1,서울역,18,"2,11,14,18,22,35,39,42,44,58,77,81,102,113,116,130,139,148"
393,12:13,10,10,인천공항,8,"20,26,67,84,85,121,122,141"
393,12:13,2,2,수서,14,"28,38,48,50,51,57,59,65,66,68,107,126,140,142"
393,12:13,3,3,삼성,17,"3,8,16,32,43,45,54,55,56,79,80,83,90,133,135,136,149"
393,12:13,4,4,여의도,16,"4,5,9,12,13,17,25,30,82,86,87,88,94,124,134,137"
393,12:13,5,5,김포공항,11,"10,15,21,27,31,46,47,73,109,119,131"
393,12:13,6,6,일산,4,"29,62,69,98"
393,12:13,7,7,판교,20,"53,61,72,74,75,76,78,93,95,96,99,101,103,104,105,106,112,129,146,147"
393,12:13,8,8,동탄/용인,3,"41,63,123"
393,12:13,9,9,평택,16,"49,64,70,89,100,111,114,117,118,125,127,128,132,138,143,145"
394,12:14,1,1,서울역,18,"2,11,14,18,22,35,39,42,44,58,77,81,102,113,116,130,139,148"
394,12:14,10,10,인천공항,9,"20,23,26,67,84,85,121,122,141"
394,12:14,2,2,수서,14,"28,38,48,50,51,57,59,65,66,68,107,126,140,142"
394,12:14,3,3,삼성,17,"3,8,16,32,43,45,54,55,56,79,80,83,90,133,135,136,149"
394,12:14,4,4,여의도,15,"4,5,12,13,17,25,30,82,86,87,88,94,124,134,137"
394,12:14,5,5,김포공항,11,"10,15,21,27,31,46,47,73,109,119,131"
394,12:14,6,6,일산,4,"29,62,69,98"
394,12:14,7,7,판교,19,"53,61,74,75,76,78,93,95,96,99,101,103,104,105,106,112,129,146,147"
394,12:14,8,8,동탄/용인,3,"41,63,123"
394,12:14,9,9,평택,16,"49,64,70,89,100,111,114,117,118,125,127,128,132,138,143,145"
395,12:15,1,1,서울역,18,"2,11,14,18,22,35,39,42,44,58,77,81,102,113,116,130,139,148"
395,12:15,10,10,인천공항,9,"20,23,26,67,84,85,121,122,141"
395,12:15,2,2,수서,13,"28,48,50,51,57,59,65,66,68,107,126,140,142"
395,12:15,3,3,삼성,18,"3,8,16,32,43,45,54,55,56,79,80,83,90,115,133,135,136,149"
395,12:15,4,4,여의도,15,"4,5,12,13,17,25,30,82,86,87,88,94,124,134,137"
395,12:15,5,5,김포공항,12,"7,10,15,21,27,31,46,47,73,109,119,131"
395,12:15,6,6,일산,5,"29,62,69,98,108"
395,12:15,7,7,판교,19,"53,61,71,75,76,78,93,95,96,99,101,103,104,105,106,112,129,146,147"
395,12:15,8,8,동탄/용인,3,"41,63,123"
395,12:15,9,9,평택,16,"49,64,70,89,100,111,114,117,118,125,127,128,132,138,143,145"
396,12:16,1,1,서울역,18,"2,11,14,18,22,35,39,42,44,58,77,81,102,113,116,130,139,148"
396,12:16,10,10,인천공항,9,"1,20,23,26,67,84,85,122,141"
396,12:16,2,2,수서,13,"28,48,50,51,57,59,65,66,68,107,126,140,142"
396,12:16,3,3,삼성,18,"3,8,16,32,43,45,54,55,56,79,80,83,90,115,133,135,136,149"
396,12:16,4,4,여의도,16,"4,5,12,13,17,25,30,82,86,87,88,91,94,124,134,137"
396,12:16,5,5,김포공항,12,"7,10,15,21,27,31,46,47,73,109,119,131"
396,12:16,6,6,일산,6,"29,34,62,69,98,108"
396,12:16,7,7,판교,18,"61,71,75,76,78,93,95,96,99,101,103,104,105,106,112,129,146,147"
396,12:16,8,8,동탄/용인,2,"41,63"
396,12:16,9,9,평택,16,"49,64,70,89,100,111,114,117,118,125,127,128,132,138,143,145"
397,12:17,1,1,서울역,18,"2,11,14,18,22,35,39,42,44,58,77,81,102,113,116,130,139,148"
397,12:17,10,10,인천공항,9,"1,20,23,26,67,84,85,122,141"
397,12:17,2,2,수서,13,"28,48,50,51,57,59,65,66,68,107,126,140,142"
397,12:17,3,3,삼성,18,"3,8,16,32,43,45,54,55,56,79,80,83,90,115,133,135,136,149"
397,12:17,4,4,여의도,16,"4,5,12,13,17,25,30,82,86,87,88,91,94,124,134,137"
397,12:17,5,5,김포공항,12,"7,10,15,21,27,31,46,47,73,109,119,131"
397,12:17,6,6,일산,6,"29,34,62,69,98,108"
397,12:17,7,7,판교,18,"61,71,75,76,78,93,95,96,99,101,103,104,105,106,112,129,146,147"
397,12:17,8,8,동탄/용인,2,"41,63"
397,12:17,9,9,평택,16,"49,64,70,89,100,111,114,117,118,125,127,128,132,138,143,145"
398,12:18,1,1,서울역,19,"2,11,14,18,22,35,36,39,42,44,58,77,81,102,113,116,130,139,148"
398,12:18,10,10,인천공항,9,"1,20,23,26,67,84,85,122,141"
398,12:18,2,2,수서,12,"28,48,50,51,57,59,66,68,107,126,140,142"
398,12:18,3,3,삼성,18,"3,8,16,32,43,45,54,55,56,79,80,83,90,115,133,135,136,149"
398,12:18,4,4,여의도,16,"4,5,12,13,17,25,30,82,86,87,88,91,94,124,134,137"
398,12:18,5,5,김포공항,11,"7,15,21,27,31,46,47,73,109,119,131"
398,12:18,6,6,일산,4,"29,34,69,108"
398,12:18,7,7,판교,19,"0,61,71,75,76,78,93,95,96,99,101,103,104,105,106,112,129,146,147"
398,12:18,8,8,동탄/용인,2,"41,63"
398,12:18,9,9,평택,16,"49,64,70,89,100,111,114,117,118,125,127,128,132,138,143,145"
399,12:19,1,1,서울역,19,"2,11,14,18,22,35,36,39,42,44,58,77,81,102,113,116,130,139,148"
399,12:19,10,10,인천공항,9,"1,20,23,26,67,84,85,122,141"
399,12:19,2,2,수서,12,"28,48,50,51,57,59,66,68,107,126,140,142"
399,12:19,3,3,삼성,18,"3,8,16,32,43,45,54,55,56,79,80,83,90,115,133,135,136,149"
399,12:19,4,4,여의도,18,"4,5,6,12,13,17,25,30,60,82,86,87,88,91,94,124,134,137"
399,12:19,5,5,김포공항,11,"7,15,21,27,31,46,47,73,109,119,131"
399,12:19,6,6,일산,3,"29,69,108"
399,12:19,7,7,판교,18,"0,61,71,75,76,78,93,95,96,99,101,103,104,105,106,129,146,147"
399,12:19,8,8,동탄/용인,2,"41,63"
399,12:19,9,9,평택,16,"49,64,70,89,92,100,111,114,118,125,127,128,132,138,143,145"
400,12:20,1,1,서울역,18,"2,14,18,22,35,36,39,42,44,58,77,81,102,113,116,130,139,148"
400,12:20,10,10,인천공항,8,"1,20,23,26,84,85,122,141"
400,12:20,2,2,수서,11,"28,48,50,51,57,59,66,68,107,126,142"
400,12:20,3,3,삼성,17,"3,8,16,32,43,54,55,56,79,80,83,90,115,133,135,136,149"
400,12:20,4,4,여의도,19,"4,5,6,12,13,17,25,30,37,60,82,86,87,88,91,94,124,134,137"
400,12:20,5,5,김포공항,10,"7,21,27,31,46,47,73,109,119,131"
400,12:20,6,6,일산,3,"29,69,108"
400,12:20,7,7,판교,17,"0,71,75,76,78,93,95,96,99,101,103,104,105,106,129,146,147"
400,12:20,8,8,동탄/용인,2,"41,63"
400,12:20,9,9,평택,16,"49,64,70,89,92,100,111,114,118,125,127,128,132,138,143,145"
401,12:21,1,1,서울역,18,"2,14,18,22,35,39,40,42,44,58,77,81,102,113,116,130,139,148"
401,12:21,10,10,인천공항,8,"1,20,23,26,84,85,122,141"
401,12:21,2,2,수서,11,"28,48,50,51,57,59,66,68,107,126,142"
401,12:21,3,3,삼성,17,"3,8,16,32,43,54,55,56,79,80,83,90,115,133,135,136,149"
401,12:21,4,4,여의도,20,"4,5,6,12,13,17,25,30,37,60,72,82,86,87,88,91,94,124,134,137"
401,12:21,5,5,김포공항,10,"7,21,27,31,46,47,73,109,119,131"
401,12:21,6,6,일산,3,"29,69,108"
401,12:21,7,7,판교,16,"0,75,76,78,93,95,96,99,101,103,104,105,106,129,146,147"
401,12:21,8,8,동탄/용인,2,"41,63"
401,12:21,9,9,평택,16,"49,64,70,89,92,100,111,114,118,125,127,128,132,138,143,145"
402,12:22,1,1,서울역,18,"2,14,18,22,35,39,40,42,44,58,77,81,102,113,116,130,139,148"
402,12:22,10,10,인천공항,10,"1,20,23,26,84,85,120,122,141,144"
402,12:22,2,2,수서,11,"28,48,50,51,57,59,66,68,107,126,142"
402,12:22,3,3,삼성,17,"3,8,16,32,54,55,56,79,80,83,90,97,115,133,135,136,149"
402,12:22,4,4,여의도,21,"4,5,6,12,13,17,25,30,37,60,72,74,82,86,87,88,91,94,124,134,137"
402,12:22,5,5,김포공항,10,"7,21,27,31,46,47,73,109,119,131"
402,12:22,6,6,일산,3,"29,69,108"
402,12:22,7,7,판교,16,"0,75,76,78,93,95,96,99,101,103,104,105,106,129,146,147"
402,12:22,8,8,동탄/용인,2,"41,63"
402,12:22,9,9,평택,16,"64,70,89,92,100,110,111,114,118,125,127,128,132,138,143,145"
403,12:23,1,1,서울역,19,"2,14,18,22,35,39,40,42,44,53,58,77,81,102,113,116,130,139,148"
403,12:23,10,10,인천공항,11,"1,20,23,24,26,84,85,120,122,141,144"
403,12:23,2,2,수서,11,"28,48,50,51,57,59,66,68,107,126,142"
403,12:23,3,3,삼성,16,"8,16,32,54,55,56,79,80,83,90,97,115,133,135,136,149"
403,12:23,4,4,여의도,21,"4,5,6,12,13,17,25,30,37,60,72,74,82,86,87,88,91,94,124,134,137"
403,12:23,5,5,김포공항,11,"7,21,27,31,38,46,47,73,109,119,131"
403,12:23,6,6,일산,3,"29,69,108"
403,12:23,7,7,판교,15,"0,76,78,93,95,96,99,101,103,104,105,106,129,146,147"
403,12:23,8,8,동탄/용인,2,"41,63"
403,12:23,9,9,평택,17,"19,64,70,89,92,100,110,111,114,118,125,127,128,132,138,143,145"
404,12:24,1,1,서울역,19,"2,14,18,22,35,39,40,42,44,53,58,77,81,102,113,116,130,139,148"
404,12:24,10,10,인천공항,11,"1,20,23,24,26,84,85,120,122,141,144"
404,12:24,2,2,수서,11,"28,48,50,51,57,59,66,68,107,126,142"
404,12:24,3,3,삼성,16,"8,16,32,54,55,56,79,80,83,90,97,115,133,135,136,149"
404,12:24,4,4,여의도,21,"4,5,6,12,13,17,25,30,37,60,72,74,82,86,87,88,91,94,124,134,137"
404,12:24,5,5,김포공항,10,"7,21,27,31,38,46,73,109,119,131"
404,12:24,6,6,일산,3,"29,69,108"
404,12:24,7,7,판교,15,"0,76,78,93,95,96,99,101,103,104,105,106,129,146,147"
404,12:24,8,8,동탄/용인,2,"41,63"
404,12:24,9,9,평택,17,"19,64,70,89,92,100,110,111,114,118,125,127,128,132,138,143,145"
405,12:25,1,1,서울역,19,"2,14,18,22,35,39,40,42,44,53,58,77,81,102,113,116,130,139,148"
405,12:25,10,10,인천공항,11,"1,20,23,24,26,84,85,120,122,141,144"
405,12:25,2,2,수서,11,"28,48,50,51,57,59,66,68,107,126,142"
405,12:25,3,3,삼성,16,"8,16,32,54,55,56,79,80,83,90,97,115,133,135,136,149"
405,12:25,4,4,여의도,21,"4,5,6,12,13,17,25,30,37,60,72,74,82,86,87,88,91,94,124,134,137"
405,12:25,5,5,김포공항,10,"7,21,27,31,38,46,73,109,119,131"
405,12:25,6,6,일산,3,"29,69,108"
405,12:25,7,7,판교,15,"0,76,78,93,95,96,99,101,103,104,105,106,129,146,147"
405,12:25,8,8,동탄/용인,2,"41,63"
405,12:25,9,9,평택,16,"19,70,89,92,100,110,111,114,118,125,127,128,132,138,143,145"
406,12:26,1,1,서울역,19,"2,14,18,22,35,39,40,42,44,53,58,77,81,102,113,116,130,139,148"
406,12:26,10,10,인천공항,13,"1,9,20,23,24,26,33,84,85,120,122,141,144"
406,12:26,2,2,수서,11,"28,48,50,51,57,59,66,68,107,126,142"
406,12:26,3,3,삼성,17,"8,10,16,32,54,55,56,79,80,83,90,97,115,133,135,136,149"
406,12:26,4,4,여의도,21,"4,5,6,12,13,17,25,30,37,60,72,74,82,86,87,88,91,94,124,134,137"
406,12:26,5,5,김포공항,9,"7,21,27,31,46,73,109,119,131"
406,12:26,6,6,일산,3,"29,69,108"
406,12:26,7,7,판교,16,"0,76,78,93,95,96,99,101,103,104,105,106,129,140,146,147"
406,12:26,8,8,동탄/용인,2,"41,63"
406,12:26,9,9,평택,16,"19,52,70,92,100,110,111,114,118,125,127,128,132,138,143,145"
407,12:27,1,1,서울역,20,"2,14,18,22,35,39,40,42,44,53,58,61,77,81,102,113,116,130,139,148"
407,12:27,10,10,인천공항,12,"1,9,20,23,24,33,84,85,120,122,141,144"
407,12:27,2,2,수서,11,"28,48,50,51,57,59,66,68,107,126,142"
407,12:27,3,3,삼성,17,"8,10,16,32,54,55,56,79,80,83,90,97,115,133,135,136,149"
407,12:27,4,4,여의도,21,"4,5,6,12,13,17,25,30,37,60,72,74,82,86,87,88,91,94,124,134,137"
407,12:27,5,5,김포공항,9,"7,21,27,31,46,73,109,119,131"
407,12:27,6,6,일산,3,"29,69,108"
407,12:27,7,7,판교,16,"0,11,78,93,95,96,99,101,103,104,105,106,129,140,146,147"
407,12:27,8,8,동탄/용인,2,"41,63"
407,12:27,9,9,평택,16,"19,52,70,92,100,110,111,114,118,125,127,128,132,138,143,145"
408,12:28,1,1,서울역,19,"2,14,18,35,39,40,42,44,53,58,61,77,81,102,113,116,130,139,148"
408,12:28,10,10,인천공항,12,"1,9,20,23,24,33,84,85,120,122,141,144"
408,12:28,2,2,수서,12,"15,28,48,50,51,57,59,66,68,107,126,142"
408,12:28,3,3,삼성,17,"8,10,16,32,54,55,56,79,80,83,90,97,115,133,135,136,149"
408,12:28,4,4,여의도,22,"4,5,6,12,13,17,25,30,37,60,71,72,74,82,86,87,88,91,94,124,134,137"
408,12:28,5,5,김포공항,9,"7,21,27,31,46,73,109,119,131"
408,12:28,6,6,일산,2,"69,108"
408,12:28,7,7,판교,15,"0,11,78,93,95,96,99,101,103,104,106,129,140,146,147"
408,12:28,8,8,동탄/용인,1,63
408,12:28,9,9,평택,16,"19,52,70,92,100,110,111,114,118,125,127,128,132,138,143,145"
409,12:29,1,1,서울역,19,"2,14,18,35,39,40,42,44,53,58,61,77,81,102,113,116,130,139,148"
409,12:29,10,10,인천공항,12,"1,9,23,24,33,62,84,85,120,122,141,144"
409,12:29,2,2,수서,12,"15,28,48,50,51,57,59,66,68,107,126,142"
409,12:29,3,3,삼성,17,"8,10,16,32,54,55,56,79,80,83,90,97,115,133,135,136,149"
409,12:29,4,4,여의도,22,"4,5,6,12,13,17,25,30,37,60,71,72,74,82,86,87,88,91,94,124,134,137"
409,12:29,5,5,김포공항,9,"7,21,27,31,46,73,109,119,131"
409,12:29,6,6,일산,3,"65,69,108"
409,12:29,7,7,판교,14,"0,11,78,93,95,96,99,101,103,104,106,129,146,147"
409,12:29,8,8,동탄/용인,1,63
409,12:29,9,9,평택,16,"19,52,70,92,100,110,111,114,118,125,127,128,132,138,143,145"
410,12:30,1,1,서울역,18,"2,14,18,35,39,40,42,53,58,61,77,81,102,113,116,130,139,148"
410,12:30,10,10,인천공항,12,"1,9,23,24,33,62,84,85,120,122,141,144"
410,12:30,2,2,수서,12,"15,28,48,50,51,57,59,66,68,107,126,142"
410,12:30,3,3,삼성,17,"8,10,16,32,54,55,56,79,80,83,90,97,115,133,135,136,149"
410,12:30,4,4,여의도,23,"4,5,6,12,13,17,25,30,37,60,71,72,74,75,82,86,87,88,91,94,124,134,137"
410,12:30,5,5,김포공항,9,"7,21,27,31,46,73,109,119,131"
410,12:30,6,6,일산,2,"65,69"
410,12:30,7,7,판교,14,"0,11,93,95,96,98,99,101,103,104,106,129,146,147"
410,12:30,8,8,동탄/용인,1,63
410,12:30,9,9,평택,16,"19,52,70,92,100,110,111,114,118,125,127,128,132,138,143,145"
411,12:31,1,1,서울역,18,"2,14,18,35,39,40,42,53,58,61,77,81,102,113,116,130,139,148"
411,12:31,10,10,인천공항,11,"1,9,23,24,33,62,85,120,122,141,144"
411,12:31,2,2,수서,12,"15,28,48,50,51,57,59,66,68,107,126,142"
411,12:31,3,3,삼성,18,"8,10,16,32,54,55,56,79,80,83,90,97,115,121,133,135,136,149"
411,12:31,4,4,여의도,23,"4,5,6,12,13,17,25,30,37,60,71,72,74,75,82,86,87,88,91,94,124,134,137"
411,12:31,5,5,김포공항,9,"7,21,27,31,46,73,109,119,131"
411,12:31,6,6,일산,4,"47,65,69,112"
411,12:31,7,7,판교,14,"0,11,93,95,96,98,99,101,103,104,106,129,146,147"
411,12:31,8,8,동탄/용인,1,63
411,12:31,9,9,평택,16,"19,52,70,92,100,110,111,114,118,125,127,128,132,138,143,145"
412,12:32,1,1,서울역,18,"2,14,18,35,39,40,42,53,58,61,77,81,102,113,116,130,139,148"
412,12:32,10,10,인천공항,11,"1,9,23,24,33,62,85,120,122,141,144"
412,12:32,2,2,수서,11,"15,48,50,51,57,59,66,68,107,126,142"
412,12:32,3,3,삼성,18,"8,10,16,32,54,55,56,79,80,83,90,97,115,121,133,135,136,149"
412,12:32,4,4,여의도,23,"4,5,6,12,13,17,30,37,60,67,71,72,74,75,82,86,87,88,91,94,124,134,137"
412,12:32,5,5,김포공항,9,"7,21,27,31,46,73,109,119,131"
412,12:32,6,6,일산,4,"47,65,69,112"
412,12:32,7,7,판교,13,"0,11,93,96,98,99,101,103,104,106,129,146,147"
412,12:32,8,8,동탄/용인,2,"63,89"
412,12:32,9,9,평택,15,"19,70,92,100,110,111,114,118,125,127,128,132,138,143,145"
413,12:33,1,1,서울역,18,"2,14,18,35,39,40,42,53,58,61,77,81,102,113,116,130,139,148"
413,12:33,10,10,인천공항,11,"1,9,23,24,33,62,85,120,122,141,144"
413,12:33,2,2,수서,11,"15,48,50,51,57,59,66,68,107,126,142"
413,12:33,3,3,삼성,17,"8,10,16,54,55,56,79,80,83,90,97,115,121,133,135,136,149"
413,12:33,4,4,여의도,22,"4,5,6,12,13,17,30,60,67,71,72,74,75,82,86,87,88,91,94,124,134,137"
413,12:33,5,5,김포공항,9,"7,21,27,31,46,73,109,119,131"
413,12:33,6,6,일산,5,"47,65,69,112,123"
413,12:33,7,7,판교,12,"0,11,93,96,98,99,101,103,104,106,129,146"
413,12:33,8,8,동탄/용인,3,"3,63,89"
413,12:33,9,9,평택,15,"19,70,92,100,110,111,114,118,125,127,128,132,138,143,145"
414,12:34,1,1,서울역,18,"2,14,18,35,39,40,42,53,58,61,77,81,102,113,116,130,139,148"
414,12:34,10,10,인천공항,12,"1,9,23,24,33,36,62,85,120,122,141,144"
414,12:34,2,2,수서,11,"15,48,50,51,57,59,66,68,107,126,142"
414,12:34,3,3,삼성,17,"8,10,16,54,55,56,79,80,83,90,97,115,121,133,135,136,149"
414,12:34,4,4,여의도,23,"4,5,6,12,13,17,30,60,67,71,72,74,75,76,82,86,87,88,91,94,124,134,137"
414,12:34,5,5,김포공항,9,"7,21,27,31,46,73,109,119,131"
414,12:34,6,6,일산,4,"65,69,112,123"
414,12:34,7,7,판교,12,"0,11,93,96,98,99,101,103,104,106,129,146"
414,12:34,8,8,동탄/용인,3,"3,63,89"
414,12:34,9,9,평택,15,"19,70,92,100,110,111,114,118,125,127,128,132,138,143,145"
415,12:35,1,1,서울역,18,"2,14,18,35,39,40,42,53,58,61,77,81,102,113,116,130,139,148"
415,12:35,10,10,인천공항,12,"1,9,23,24,33,36,62,85,120,122,141,144"
415,12:35,2,2,수서,11,"15,48,50,51,57,59,66,68,107,126,142"
415,12:35,3,3,삼성,16,"10,16,54,55,56,79,80,83,90,97,115,121,133,135,136,149"
415,12:35,4,4,여의도,23,"4,5,6,12,13,17,30,60,67,71,72,74,75,76,82,86,87,88,91,94,124,134,137"
415,12:35,5,5,김포공항,9,"7,21,27,31,46,73,109,119,131"
415,12:35,6,6,일산,4,"65,69,112,123"
415,12:35,7,7,판교,12,"0,11,93,96,98,99,101,103,104,106,129,146"
415,12:35,8,8,동탄/용인,2,"3,63"
415,12:35,9,9,평택,16,"19,45,70,92,100,110,111,114,118,125,127,128,132,138,143,145"
416,12:36,1,1,서울역,18,"2,14,18,35,39,40,42,53,58,61,77,81,102,113,116,130,139,148"
416,12:36,10,10,인천공항,13,"1,9,23,24,33,36,38,62,85,120,122,141,144"
416,12:36,2,2,수서,11,"15,48,50,51,57,59,66,68,107,126,142"
416,12:36,3,3,삼성,16,"10,16,54,55,56,79,80,83,90,97,115,121,133,135,136,149"
416,12:36,4,4,여의도,23,"4,5,6,12,13,17,30,60,67,71,72,74,75,76,82,86,87,88,91,94,124,134,137"
416,12:36,5,5,김포공항,9,"7,21,27,31,46,73,109,119,131"
416,12:36,6,6,일산,4,"65,69,112,123"
416,12:36,7,7,판교,11,"0,11,93,98,99,101,103,104,106,129,146"
416,12:36,8,8,동탄/용인,2,"3,63"
416,12:36,9,9,평택,16,"19,45,70,92,100,110,111,114,118,125,127,128,132,138,143,145"
417,12:37,1,1,서울역,19,"2,14,18,35,39,40,42,53,58,61,77,78,81,102,113,116,130,139,148"
417,12:37,10,10,인천공항,13,"1,9,23,24,33,36,38,62,85,120,122,141,144"
417,12:37,2,2,수서,11,"15,48,50,51,57,59,66,68,107,126,142"
417,12:37,3,3,삼성,16,"10,16,54,55,56,79,80,83,90,97,115,121,133,135,136,149"
417,12:37,4,4,여의도,24,"4,5,6,12,13,17,30,49,60,67,71,72,74,75,76,82,86,87,88,91,94,124,134,137"
417,12:37,5,5,김포공항,9,"7,21,27,31,46,73,109,119,131"
417,12:37,6,6,일산,4,"65,69,112,123"
417,12:37,7,7,판교,11,"0,11,93,98,99,101,103,104,106,129,146"
417,12:37,8,8,동탄/용인,2,"3,63"
417,12:37,9,9,평택,17,"19,43,45,70,92,100,110,111,114,118,125,127,128,132,138,143,145"
418,12:38,1,1,서울역,17,"2,14,18,39,40,42,58,61,77,78,81,102,113,116,130,139,148"
418,12:38,10,10,인천공항,13,"1,9,23,24,33,36,38,62,85,120,122,141,144"
418,12:38,2,2,수서,11,"15,48,50,51,57,59,66,68,107,126,142"
418,12:38,3,3,삼성,17,"10,16,41,54,55,56,79,80,83,90,97,115,121,133,135,136,149"
418,12:38,4,4,여의도,24,"4,5,6,12,13,17,30,49,60,67,71,72,74,75,76,82,86,87,88,91,94,124,134,137"
418,12:38,5,5,김포공항,10,"7,21,27,31,46,73,105,109,119,131"
418,12:38,6,6,일산,4,"65,69,112,123"
418,12:38,7,7,판교,11,"0,11,93,98,99,101,103,104,106,129,146"
418,12:38,8,8,동탄/용인,2,"3,63"
418,12:38,9,9,평택,17,"19,43,45,70,92,100,110,111,114,118,125,127,128,132,138,143,145"
419,12:39,1,1,서울역,17,"2,14,18,39,40,42,58,61,77,78,81,102,113,116,130,139,148"
419,12:39,10,10,인천공항,13,"1,9,23,24,33,36,38,62,85,120,122,141,144"
419,12:39,2,2,수서,12,"15,37,48,50,51,57,59,66,68,107,126,142"
419,12:39,3,3,삼성,17,"10,16,41,54,55,56,79,80,83,90,97,115,121,133,135,136,149"
419,12:39,4,4,여의도,26,"4,5,6,12,13,17,26,30,49,60,67,71,72,74,75,76,82,86,87,88,91,94,95,124,134,137"
419,12:39,5,5,김포공항,10,"7,21,27,31,46,73,105,109,119,131"
419,12:39,6,6,일산,5,"65,69,112,117,123"
419,12:39,7,7,판교,11,"0,11,93,98,99,101,103,104,106,129,146"
419,12:39,8,8,동탄/용인,2,"3,63"
419,12:39,9,9,평택,18,"19,34,43,45,70,92,100,110,111,114,118,125,127,128,132,138,143,145"
420,12:40,1,1,서울역,16,"2,14,18,39,40,42,58,61,78,81,102,113,116,130,139,148"
420,12:40,10,10,인천공항,13,"1,9,23,24,33,36,38,62,85,120,122,141,144"
420,12:40,2,2,수서,11,"15,37,50,51,57,59,66,68,107,126,142"
420,12:40,3,3,삼성,18,"10,16,41,54,55,56,64,79,80,83,90,97,115,121,133,135,136,149"
420,12:40,4,4,여의도,26,"4,5,6,12,13,17,26,30,49,60,67,71,72,74,75,76,82,86,87,88,91,94,95,124,134,137"
420,12:40,5,5,김포공항,10,"7,27,28,31,46,73,105,109,119,131"
420,12:40,6,6,일산,5,"65,69,112,117,123"
420,12:40,7,7,판교,11,"0,11,29,93,98,101,103,104,106,129,146"
420,12:40,8,8,동탄/용인,2,"3,63"
420,12:40,9,9,평택,18,"19,34,43,45,70,92,100,110,111,114,118,125,127,128,132,138,143,145"
421,12:41,1,1,서울역,16,"2,14,18,39,40,42,58,61,78,81,102,113,116,130,139,148"
421,12:41,10,10,인천공항,14,"9,22,23,24,33,36,38,62,85,108,120,122,141,144"
421,12:41,2,2,수서,11,"15,37,50,51,57,59,66,68,107,126,142"
421,12:41,3,3,삼성,18,"10,16,41,54,55,56,64,79,80,83,90,97,115,121,133,135,136,149"
421,12:41,4,4,여의도,26,"4,5,6,12,13,17,26,30,49,60,67,71,72,74,75,76,82,86,87,88,91,94,95,124,134,137"
421,12:41,5,5,김포공항,10,"7,27,28,31,46,73,105,109,119,131"
421,12:41,6,6,일산,5,"65,69,112,117,123"
421,12:41,7,7,판교,10,"0,11,29,98,101,103,104,106,129,146"
421,12:41,8,8,동탄/용인,2,"3,63"
421,12:41,9,9,평택,17,"19,34,43,70,92,100,110,111,114,118,125,127,128,132,138,143,145"
422,12:42,1,1,서울역,15,"2,14,18,40,42,58,61,78,81,102,113,116,130,139,148"
422,12:42,10,10,인천공항,14,"9,22,23,24,33,36,38,62,85,108,120,122,141,144"
422,12:42,2,2,수서,11,"15,37,50,51,57,59,66,68,107,126,142"
422,12:42,3,3,삼성,18,"10,16,41,54,55,56,64,79,80,83,90,97,115,121,133,135,136,149"
422,12:42,4,4,여의도,26,"4,5,6,12,13,17,26,30,49,60,67,71,72,74,75,76,82,86,87,88,91,94,95,124,134,137"
422,12:42,5,5,김포공항,10,"7,27,28,31,46,73,105,109,119,131"
422,12:42,6,6,일산,5,"65,69,112,117,123"
422,12:42,7,7,판교,9,"0,11,29,101,103,104,106,129,146"
422,12:42,8,8,동탄/용인,2,"3,63"
422,12:42,9,9,평택,17,"19,34,43,70,92,100,110,111,114,118,125,127,128,132,138,143,145"
423,12:43,1,1,서울역,15,"2,14,18,40,42,58,61,78,81,102,113,116,130,139,148"
423,12:43,10,10,인천공항,14,"9,22,23,24,33,36,38,62,85,108,120,122,141,144"
423,12:43,2,2,수서,11,"15,37,50,51,57,59,66,68,107,126,142"
423,12:43,3,3,삼성,18,"10,16,41,54,55,56,64,79,80,83,90,97,115,121,133,135,136,149"
423,12:43,4,4,여의도,26,"4,5,6,12,13,17,26,30,49,67,71,72,74,75,76,82,86,87,88,91,94,95,96,124,134,137"
423,12:43,5,5,김포공항,11,"7,8,27,28,31,46,73,105,109,119,131"
423,12:43,6,6,일산,5,"65,69,112,117,123"
423,12:43,7,7,판교,9,"0,11,29,101,103,104,106,129,146"
423,12:43,8,8,동탄/용인,2,"3,63"
423,12:43,9,9,평택,17,"19,34,43,70,92,100,110,111,114,118,125,127,128,132,138,143,145"
424,12:44,1,1,서울역,15,"2,14,18,40,42,58,61,78,81,102,113,116,130,139,148"
424,12:44,10,10,인천공항,15,"9,22,23,24,25,33,36,38,62,85,108,120,122,141,144"
424,12:44,2,2,수서,11,"15,37,50,51,57,59,66,68,107,126,142"
424,12:44,3,3,삼성,19,"10,16,20,41,54,55,56,64,79,80,83,90,97,115,121,133,135,136,149"
424,12:44,4,4,여의도,26,"4,5,6,12,13,17,26,30,49,67,71,72,74,75,76,82,86,87,88,91,94,95,96,124,134,137"
424,12:44,5,5,김포공항,11,"7,8,27,28,31,46,73,105,109,119,131"
424,12:44,6,6,일산,5,"65,69,112,117,123"
424,12:44,7,7,판교,9,"0,11,29,101,103,104,106,129,146"
424,12:44,8,8,동탄/용인,2,"3,63"
424,12:44,9,9,평택,17,"19,34,43,70,92,100,110,111,114,118,125,127,128,132,138,143,145"
425,12:45,1,1,서울역,14,"2,14,18,42,58,61,78,81,102,113,116,130,139,148"
425,12:45,10,10,인천공항,16,"9,22,23,24,25,33,36,38,62,85,108,120,122,140,141,144"
425,12:45,2,2,수서,11,"15,37,50,51,57,59,66,68,107,126,142"
425,12:45,3,3,삼성,19,"10,16,20,41,54,55,56,64,79,80,83,90,97,115,121,133,135,136,149"
425,12:45,4,4,여의도,26,"4,5,6,12,13,17,26,30,49,67,71,72,74,75,76,82,86,87,88,91,94,95,96,124,134,137"
425,12:45,5,5,김포공항,11,"7,8,27,28,31,46,73,105,109,119,131"
425,12:45,6,6,일산,6,"65,69,112,117,123,147"
425,12:45,7,7,판교,9,"0,11,29,101,103,104,106,129,146"
425,12:45,8,8,동탄/용인,2,"3,63"
425,12:45,9,9,평택,17,"19,34,43,70,92,100,110,111,114,118,125,127,128,132,138,143,145"
426,12:46,1,1,서울역,14,"2,14,18,42,58,61,78,81,102,113,116,130,139,148"
426,12:46,10,10,인천공항,16,"9,22,23,24,25,33,36,38,62,85,108,120,122,140,141,144"
426,12:46,2,2,수서,11,"15,37,50,51,57,59,66,68,107,126,142"
426,12:46,3,3,삼성,20,"10,16,20,41,54,55,56,64,79,80,83,84,90,97,115,121,133,135,136,149"
426,12:46,4,4,여의도,27,"4,5,6,12,13,17,26,30,49,67,71,72,74,75,76,82,86,87,88,89,91,94,95,96,124,134,137"
426,12:46,5,5,김포공항,9,"7,28,31,46,73,105,109,119,131"
426,12:46,6,6,일산,6,"65,69,112,117,123,147"
426,12:46,7,7,판교,9,"0,11,29,101,103,104,106,129,146"
426,12:46,8,8,동탄/용인,2,"3,63"
426,12:46,9,9,평택,17,"19,34,44,70,92,100,110,111,114,118,125,127,128,132,138,143,145"
427,12:47,1,1,서울역,14,"2,14,18,42,58,61,78,81,102,113,116,130,139,148"
427,12:47,10,10,인천공항,15,"9,22,24,25,33,36,38,62,85,108,120,122,140,141,144"
427,12:47,2,2,수서,11,"15,37,50,51,57,59,66,68,107,126,142"
427,12:47,3,3,삼성,20,"10,16,20,41,54,55,56,64,79,80,83,84,90,97,115,121,133,135,136,149"
427,12:47,4,4,여의도,27,"4,6,12,13,17,26,30,49,52,71,72,74,75,76,82,86,87,88,89,91,94,95,96,99,124,134,137"
427,12:47,5,5,김포공항,8,"28,31,46,73,105,109,119,131"
427,12:47,6,6,일산,6,"65,69,112,117,123,147"
427,12:47,7,7,판교,10,"0,11,29,77,101,103,104,106,129,146"
427,12:47,8,8,동탄/용인,1,3
427,12:47,9,9,평택,17,"19,34,44,70,92,100,110,111,114,118,125,127,128,132,138,143,145"
428,12:48,1,1,서울역,15,"2,14,18,42,58,61,78,81,93,102,113,116,130,139,148"
428,12:48,10,10,인천공항,15,"9,22,24,25,33,36,38,62,85,108,120,122,140,141,144"
428,12:48,2,2,수서,10,"15,50,51,57,59,66,68,107,126,142"
428,12:48,3,3,삼성,19,"16,20,41,54,55,56,64,79,80,83,84,90,97,115,121,133,135,136,149"
428,12:48,4,4,여의도,27,"4,6,12,13,17,26,30,49,52,71,72,74,75,76,82,86,87,88,89,91,94,95,96,99,124,134,137"
428,12:48,5,5,김포공항,9,"28,31,46,48,73,105,109,119,131"
428,12:48,6,6,일산,6,"65,69,112,117,123,147"
428,12:48,7,7,판교,10,"0,11,29,77,101,103,104,106,129,146"
428,12:48,8,8,동탄/용인,1,3
428,12:48,9,9,평택,18,"19,32,34,44,70,92,100,110,111,114,118,125,127,128,132,138,143,145"
429,12:49,1,1,서울역,15,"2,14,18,42,58,61,78,81,93,102,113,116,130,139,148"
429,12:49,10,10,인천공항,15,"9,22,24,25,33,36,38,62,85,108,120,122,140,141,144"
429,12:49,2,2,수서,9,"15,50,57,59,66,68,107,126,142"
429,12:49,3,3,삼성,19,"16,20,41,54,55,56,64,79,80,83,84,90,97,115,121,133,135,136,149"
429,12:49,4,4,여의도,28,"4,6,12,13,17,26,30,49,52,71,72,74,75,76,82,86,87,88,89,91,94,95,96,98,99,124,134,137"
429,12:49,5,5,김포공항,8,"31,46,48,73,105,109,119,131"
429,12:49,6,6,일산,6,"65,69,112,117,123,147"
429,12:49,7,7,판교,10,"0,11,29,77,101,103,104,106,129,146"
429,12:49,8,8,동탄/용인,1,3
429,12:49,9,9,평택,18,"19,32,34,44,70,92,100,110,111,114,118,125,127,128,132,138,143,145"
430,12:50,1,1,서울역,15,"2,14,18,42,58,61,78,81,93,102,113,116,130,139,148"
430,12:50,10,10,인천공항,14,"9,24,25,33,36,38,62,85,108,120,122,140,141,144"
430,12:50,2,2,수서,9,"15,50,57,59,66,68,107,126,142"
430,12:50,3,3,삼성,17,"16,20,55,56,64,79,80,83,84,90,97,115,121,133,135,136,149"
430,12:50,4,4,여의도,28,"4,6,12,13,17,26,30,49,52,71,72,74,75,76,82,86,87,88,89,91,94,95,96,98,99,124,134,137"
430,12:50,5,5,김포공항,8,"31,46,48,73,105,109,119,131"
430,12:50,6,6,일산,6,"65,69,112,117,123,147"
430,12:50,7,7,판교,9,"0,11,29,101,103,104,106,129,146"
430,12:50,9,9,평택,18,"19,32,34,44,70,92,100,110,111,114,118,125,127,128,132,138,143,145"
431,12:51,1,1,서울역,15,"2,14,18,42,58,61,78,81,93,102,113,116,130,139,148"
431,12:51,10,10,인천공항,15,"9,24,25,33,35,36,38,62,85,108,120,122,140,141,144"
431,12:51,2,2,수서,9,"15,50,57,59,66,68,107,126,142"
431,12:51,3,3,삼성,17,"16,20,55,56,64,79,80,83,84,90,97,115,121,133,135,136,149"
431,12:51,4,4,여의도,28,"4,6,12,13,17,26,30,49,52,71,72,74,75,76,82,86,87,88,89,91,94,95,96,98,99,124,134,137"
431,12:51,5,5,김포공항,8,"31,46,48,73,105,109,119,131"
431,12:51,6,6,일산,6,"65,69,112,117,123,147"
431,12:51,7,7,판교,9,"0,11,29,101,103,104,106,129,146"
431,12:51,8,8,동탄/용인,1,47
431,12:51,9,9,평택,18,"19,32,34,44,70,92,100,110,111,114,118,125,127,128,132,138,143,145"
432,12:52,1,1,서울역,15,"2,14,18,42,58,61,78,81,93,102,113,116,130,139,148"
432,12:52,10,10,인천공항,15,"9,24,25,33,35,36,38,62,85,108,120,122,140,141,144"
432,12:52,2,2,수서,9,"15,50,57,59,66,68,107,126,142"
432,12:52,3,3,삼성,17,"16,20,55,56,64,79,80,83,84,90,97,115,121,133,135,136,149"
432,12:52,4,4,여의도,28,"4,6,12,13,17,26,30,49,52,71,72,74,75,76,82,86,87,88,89,91,94,95,96,98,99,124,134,137"
432,12:52,5,5,김포공항,8,"31,46,48,73,105,109,119,131"
432,12:52,6,6,일산,5,"65,69,117,123,147"
432,12:52,7,7,판교,9,"0,11,29,101,103,104,106,129,146"
432,12:52,8,8,동탄/용인,1,47
432,12:52,9,9,평택,18,"19,32,34,44,70,92,100,110,111,114,118,125,127,128,132,138,143,145"
433,12:53,1,1,서울역,14,"2,18,42,58,61,78,81,93,102,113,116,130,139,148"
433,12:53,10,10,인천공항,15,"9,24,25,33,35,36,38,62,85,108,120,122,140,141,144"
433,12:53,2,2,수서,10,"5,15,50,57,59,66,68,107,126,142"
433,12:53,3,3,삼성,17,"16,20,55,56,64,79,80,83,84,90,97,115,121,133,135,136,149"
433,12:53,4,4,여의도,29,"1,4,6,12,13,17,26,30,49,52,71,72,74,75,76,82,86,87,88,89,91,94,95,96,98,99,124,134,137"
433,12:53,5,5,김포공항,8,"31,46,48,73,105,109,119,131"
433,12:53,6,6,일산,5,"65,69,117,123,147"
433,12:53,7,7,판교,9,"0,11,29,101,103,104,106,129,146"
433,12:53,8,8,동탄/용인,1,47
433,12:53,9,9,평택,18,"19,32,34,44,70,92,100,110,111,114,118,125,127,128,132,138,143,145"
434,12:54,1,1,서울역,14,"2,18,42,58,61,78,81,93,102,113,116,130,139,148"
434,12:54,10,10,인천공항,14,"9,24,25,35,36,38,62,85,108,120,122,140,141,144"
434,12:54,2,2,수서,9,"5,15,50,57,59,66,107,126,142"
434,12:54,3,3,삼성,17,"16,20,55,56,64,79,80,83,84,90,97,115,121,133,135,136,149"
434,12:54,4,4,여의도,29,"1,4,6,12,13,17,26,30,49,52,71,72,74,75,76,82,86,87,88,89,91,94,95,96,98,99,124,134,137"
434,12:54,5,5,김포공항,8,"31,46,48,73,105,109,119,131"
434,12:54,6,6,일산,5,"65,69,117,123,147"
434,12:54,7,7,판교,9,"0,11,29,101,103,104,106,129,146"
434,12:54,8,8,동탄/용인,1,47
434,12:54,9,9,평택,19,"19,32,34,44,53,70,92,100,110,111,114,118,125,127,128,132,138,143,145"
435,12:55,1,1,서울역,14,"2,18,42,58,61,78,81,93,102,113,116,130,139,148"
435,12:55,10,10,인천공항,15,"9,24,25,35,36,38,39,62,85,108,120,122,140,141,144"
435,12:55,2,2,수서,8,"5,50,57,59,66,107,126,142"
435,12:55,3,3,삼성,17,"16,20,55,56,64,79,80,83,84,90,97,115,121,133,135,136,149"
435,12:55,4,4,여의도,28,"1,4,6,12,13,17,26,30,49,52,72,74,75,76,82,86,87,88,89,91,94,95,96,98,99,124,134,137"
435,12:55,5,5,김포공항,8,"31,46,48,73,105,109,119,131"
435,12:55,6,6,일산,5,"65,69,117,123,147"
435,12:55,7,7,판교,9,"0,11,29,101,103,104,106,129,146"
435,12:55,8,8,동탄/용인,1,47
435,12:55,9,9,평택,19,"19,32,34,44,53,70,92,100,110,111,114,118,125,127,128,132,138,143,145"
436,12:56,1,1,서울역,14,"2,18,42,58,61,78,81,93,102,113,116,130,139,148"
436,12:56,10,10,인천공항,15,"8,24,25,35,36,38,39,62,85,108,120,122,140,141,144"
436,12:56,2,2,수서,7,"5,50,57,59,66,107,142"
436,12:56,3,3,삼성,17,"16,20,55,56,64,79,80,83,84,90,97,115,121,133,135,136,149"
436,12:56,4,4,여의도,29,"1,4,6,12,13,17,26,30,45,49,52,72,74,75,76,82,86,87,88,89,91,94,95,96,98,99,124,134,137"
436,12:56,5,5,김포공항,9,"31,37,46,48,73,105,109,119,131"
436,12:56,6,6,일산,5,"65,69,117,123,147"
436,12:56,7,7,판교,8,"0,11,29,103,104,106,129,146"
436,12:56,8,8,동탄/용인,1,47
436,12:56,9,9,평택,19,"19,32,34,44,53,70,92,100,110,111,114,118,125,127,128,132,138,143,145"
437,12:57,1,1,서울역,14,"2,18,42,58,61,78,81,93,102,113,116,130,139,148"
437,12:57,10,10,인천공항,16,"7,8,24,25,35,36,38,39,62,85,108,120,122,140,141,144"
437,12:57,2,2,수서,7,"5,50,57,59,66,107,142"
437,12:57,3,3,삼성,18,"16,20,55,56,63,64,79,80,83,84,90,97,115,121,133,135,136,149"
437,12:57,4,4,여의도,30,"1,4,6,12,13,17,26,30,41,45,49,52,72,74,75,76,82,86,87,88,89,91,94,95,96,98,99,124,134,137"
437,12:57,5,5,김포공항,10,"31,37,46,48,51,73,105,109,119,131"
437,12:57,6,6,일산,5,"65,69,117,123,147"
437,12:57,7,7,판교,8,"0,11,29,103,104,106,129,146"
437,12:57,8,8,동탄/용인,2,"40,47"
437,12:57,9,9,평택,19,"19,21,32,34,53,70,92,100,110,111,114,118,125,127,128,132,138,143,145"
438,12:58,1,1,서울역,14,"2,18,42,58,61,78,81,93,102,113,116,130,139,148"
438,12:58,10,10,인천공항,16,"7,8,24,25,35,36,38,39,62,85,108,120,122,140,141,144"
438,12:58,2,2,수서,7,"5,50,57,59,66,107,142"
438,12:58,3,3,삼성,18,"16,20,55,56,63,64,79,80,83,84,90,97,115,121,133,135,136,149"
438,12:58,4,4,여의도,29,"1,4,6,12,13,17,26,30,41,45,52,72,74,75,76,82,86,87,88,89,91,94,95,96,98,99,124,134,137"
438,12:58,5,5,김포공항,10,"31,37,46,48,51,73,105,109,119,131"
438,12:58,6,6,일산,6,"10,65,69,117,123,147"
438,12:58,7,7,판교,8,"0,11,29,103,104,106,129,146"
438,12:58,8,8,동탄/용인,2,"40,47"
438,12:58,9,9,평택,20,"19,21,32,34,53,60,70,92,100,110,111,114,118,125,127,128,132,138,143,145"
439,12:59,1,1,서울역,14,"2,18,42,58,61,78,81,93,102,113,116,130,139,148"
439,12:59,10,10,인천공항,16,"7,8,24,25,35,36,38,39,62,85,108,120,122,140,141,144"
439,12:59,2,2,수서,7,"5,50,57,59,66,107,142"
439,12:59,3,3,삼성,18,"16,20,55,56,63,64,79,80,83,84,90,97,115,121,133,135,136,149"
439,12:59,4,4,여의도,29,"1,4,6,12,13,17,26,30,41,45,52,72,74,75,76,82,86,87,88,89,91,94,95,96,98,99,124,134,137"
439,12:59,5,5,김포공항,10,"31,37,46,48,51,73,105,109,119,131"
439,12:59,6,6,일산,6,"10,65,69,117,123,147"
439,12:59,7,7,판교,8,"0,11,29,103,104,106,129,146"
439,12:59,8,8,동탄/용인,2,"40,47"
439,12:59,9,9,평택,19,"19,21,32,34,53,60,70,92,100,110,114,118,125,127,128,132,138,143,145"
440,13:00,1,1,서울역,14,"2,18,42,58,61,78,81,93,102,113,116,130,139,148"
440,13:00,10,10,인천공항,16,"7,8,24,25,35,36,38,39,62,85,108,120,122,140,141,144"
440,13:00,2,2,수서,7,"5,50,57,59,66,107,142"
440,13:00,3,3,삼성,18,"3,16,20,56,63,64,79,80,83,84,90,97,115,121,133,135,136,149"
440,13:00,4,4,여의도,28,"1,4,6,12,13,17,26,30,45,52,72,74,75,76,82,86,87,88,89,91,94,95,96,98,99,124,134,137"
440,13:00,5,5,김포공항,10,"31,37,46,48,51,73,105,109,119,131"
440,13:00,6,6,일산,6,"10,65,69,117,123,147"
440,13:00,7,7,판교,8,"0,11,14,103,104,106,129,146"
440,13:00,8,8,동탄/용인,2,"40,47"
440,13:00,9,9,평택,19,"19,21,32,34,53,60,70,92,100,110,114,118,125,127,128,132,138,143,145"
441,13:01,1,1,서울역,13,"2,42,58,61,78,81,93,102,113,116,130,139,148"
441,13:01,10,10,인천공항,16,"7,8,24,25,35,36,38,39,62,85,108,120,122,140,141,144"
441,13:01,2,2,수서,7,"5,50,57,59,66,107,142"
441,13:01,3,3,삼성,18,"3,20,43,56,63,64,79,80,83,84,90,97,115,121,133,135,136,149"
441,13:01,4,4,여의도,28,"1,4,6,12,13,17,26,30,45,52,72,74,75,76,82,86,87,88,89,91,94,95,96,98,99,124,134,137"
441,13:01,5,5,김포공항,10,"31,37,46,48,51,73,105,109,119,131"
441,13:01,6,6,일산,6,"10,65,69,117,123,147"
441,13:01,7,7,판교,8,"0,11,14,103,104,106,129,146"
441,13:01,8,8,동탄/용인,2,"40,47"
441,13:01,9,9,평택,19,"19,21,32,34,53,60,70,92,100,110,114,118,125,127,128,132,138,143,145"
442,13:02,1,1,서울역,12,"42,58,61,78,81,93,102,113,116,130,139,148"
442,13:02,10,10,인천공항,16,"7,8,24,25,35,36,38,39,62,85,108,120,122,140,141,144"
442,13:02,2,2,수서,7,"5,50,57,59,66,107,142"
442,13:02,3,3,삼성,19,"3,20,23,43,56,63,64,79,80,83,84,90,97,115,121,133,135,136,149"
442,13:02,4,4,여의도,28,"1,4,6,12,13,17,26,30,45,52,72,74,75,76,82,86,87,88,89,91,94,95,96,98,99,124,134,137"
442,13:02,5,5,김포공항,10,"31,37,46,48,51,73,105,109,119,131"
442,13:02,6,6,일산,6,"10,65,69,117,123,147"
442,13:02,7,7,판교,7,"0,11,14,104,106,129,146"
442,13:02,8,8,동탄/용인,2,"40,47"
442,13:02,9,9,평택,20,"19,21,32,34,53,60,67,70,92,100,110,114,118,125,127,128,132,138,143,145"
443,13:03,1,1,서울역,12,"42,58,61,78,81,93,102,113,116,130,139,148"
443,13:03,10,10,인천공항,17,"7,8,24,25,35,36,38,39,62,85,108,112,120,122,140,141,144"
443,13:03,2,2,수서,6,"50,57,59,66,107,142"
443,13:03,3,3,삼성,19,"3,20,23,43,56,63,64,79,80,83,84,90,97,115,121,133,135,136,149"
443,13:03,4,4,여의도,29,"1,4,6,12,13,17,26,30,45,52,72,74,75,76,82,86,87,88,89,91,94,95,96,98,99,101,124,134,137"
443,13:03,5,5,김포공항,11,"15,31,37,46,48,51,73,105,109,119,131"
443,13:03,6,6,일산,6,"10,65,69,117,123,147"
443,13:03,7,7,판교,7,"0,11,14,104,106,129,146"
443,13:03,8,8,동탄/용인,2,"40,47"
443,13:03,9,9,평택,21,"19,21,27,32,34,53,60,67,70,92,100,110,114,118,125,127,128,132,138,143,145"
444,13:04,1,1,서울역,12,"42,58,61,78,81,93,102,113,116,130,139,148"
444,13:04,10,10,인천공항,17,"7,8,24,25,35,36,38,39,62,85,108,112,120,122,140,141,144"
444,13:04,2,2,수서,6,"50,57,59,66,107,142"
444,13:04,3,3,삼성,19,"3,20,23,43,56,63,64,79,80,83,84,90,97,115,121,133,135,136,149"
444,13:04,4,4,여의도,28,"1,4,6,12,13,17,26,30,45,52,72,74,75,76,82,86,88,89,91,94,95,96,98,99,101,124,134,137"
444,13:04,5,5,김포공항,11,"15,31,37,46,48,51,73,105,109,119,131"
444,13:04,6,6,일산,6,"10,65,69,117,123,147"
444,13:04,7,7,판교,7,"0,11,14,104,106,129,146"
444,13:04,8,8,동탄/용인,2,"40,47"
444,13:04,9,9,평택,20,"21,27,32,34,53,60,67,70,92,100,110,114,118,125,127,128,132,138,143,145"
445,13:05,1,1,서울역,12,"42,58,61,78,81,93,102,113,116,130,139,148"
445,13:05,10,10,인천공항,16,"7,8,24,25,35,36,38,39,85,108,112,120,122,140,141,144"
445,13:05,2,2,수서,6,"50,57,59,66,107,142"
445,13:05,3,3,삼성,20,"3,20,22,23,43,56,63,64,79,80,83,84,90,97,115,121,133,135,136,149"
445,13:05,4,4,여의도,28,"1,4,6,12,13,17,26,30,45,52,72,74,75,76,82,86,88,89,91,94,95,96,98,99,101,124,134,137"
445,13:05,5,5,김포공항,11,"15,31,37,46,48,51,73,105,109,119,131"
445,13:05,6,6,일산,5,"10,68,117,123,147"
445,13:05,7,7,판교,7,"0,11,14,104,106,129,146"
445,13:05,8,8,동탄/용인,2,"40,47"
445,13:05,9,9,평택,21,"21,27,32,34,53,54,60,67,70,92,100,110,114,118,125,127,128,132,138,143,145"
446,13:06,1,1,서울역,12,"42,58,61,78,81,93,102,113,116,130,139,148"
446,13:06,10,10,인천공항,17,"7,8,24,25,35,36,38,39,77,85,108,112,120,122,140,141,144"
446,13:06,2,2,수서,6,"50,57,59,66,107,142"
446,13:06,3,3,삼성,20,"3,20,22,23,43,56,63,64,79,80,83,84,90,97,115,121,133,135,136,149"
446,13:06,4,4,여의도,29,"1,4,6,12,13,17,26,30,33,45,52,72,74,75,76,82,86,88,89,91,94,95,96,98,99,101,124,134,137"
446,13:06,5,5,김포공항,11,"15,31,37,46,48,51,73,105,109,119,131"
446,13:06,6,6,일산,5,"10,68,117,123,147"
446,13:06,7,7,판교,7,"0,11,14,104,106,129,146"
446,13:06,8,8,동탄/용인,2,"40,47"
446,13:06,9,9,평택,20,"27,28,34,53,54,60,67,70,92,100,110,114,118,125,127,128,132,138,143,145"
447,13:07,1,1,서울역,13,"29,42,58,61,78,81,93,102,113,116,130,139,148"
447,13:07,10,10,인천공항,17,"7,8,24,25,35,36,38,39,77,85,108,112,120,122,140,141,144"
447,13:07,2,2,수서,6,"50,57,59,66,107,142"
447,13:07,3,3,삼성,20,"3,20,22,23,43,56,63,64,79,80,83,84,90,97,115,121,133,135,136,149"
447,13:07,4,4,여의도,29,"1,4,6,12,13,17,26,30,33,45,52,72,74,75,76,82,86,88,89,91,94,95,96,98,99,101,124,134,137"
447,13:07,5,5,김포공항,11,"15,31,37,46,48,51,73,105,109,119,131"
447,13:07,6,6,일산,5,"10,68,117,123,147"
447,13:07,7,7,판교,7,"0,11,14,104,106,129,146"
447,13:07,8,8,동탄/용인,2,"40,47"
447,13:07,9,9,평택,20,"27,28,34,53,54,60,67,70,92,100,110,114,118,125,127,128,132,138,143,145"
448,13:08,1,1,서울역,13,"29,42,58,61,78,81,93,102,113,116,130,139,148"
448,13:08,10,10,인천공항,17,"7,8,24,25,35,36,38,39,77,85,108,112,120,122,140,141,144"
448,13:08,2,2,수서,4,"59,66,107,142"
448,13:08,3,3,삼성,20,"3,20,22,23,43,56,63,64,79,80,83,84,90,97,115,121,133,135,136,149"
448,13:08,4,4,여의도,30,"1,4,6,9,12,13,17,26,30,33,45,52,72,74,75,76,82,86,88,89,91,94,95,96,98,99,101,124,134,137"
448,13:08,5,5,김포공항,11,"15,31,37,46,48,51,73,105,109,119,131"
448,13:08,6,6,일산,5,"10,68,117,123,147"
448,13:08,7,7,판교,8,"0,11,14,18,104,106,129,146"
448,13:08,8,8,동탄/용인,2,"40,47"
448,13:08,9,9,평택,20,"27,28,34,53,54,60,67,70,92,100,110,114,118,125,127,128,132,138,143,145"
449,13:09,1,1,서울역,13,"29,42,58,61,78,81,93,102,113,116,130,139,148"
449,13:09,10,10,인천공항,16,"7,8,24,25,36,38,39,77,85,108,112,120,122,140,141,144"
449,13:09,2,2,수서,5,"2,59,66,107,142"
449,13:09,3,3,삼성,20,"3,20,22,23,43,56,63,64,79,80,83,84,90,97,115,121,133,135,136,149"
449,13:09,4,4,여의도,31,"1,4,6,9,12,13,17,26,30,33,45,52,72,74,75,76,82,86,88,89,91,94,95,96,98,99,101,103,124,134,137"
449,13:09,5,5,김포공항,11,"15,31,37,46,48,51,73,105,109,119,131"
449,13:09,6,6,일산,5,"10,68,117,123,147"
449,13:09,7,7,판교,6,"0,11,14,18,106,129"
449,13:09,8,8,동탄/용인,2,"40,47"
449,13:09,9,9,평택,20,"27,28,34,53,54,60,67,70,92,100,110,114,118,125,127,128,132,138,143,145"
450,13:10,1,1,서울역,13,"29,42,58,61,78,81,93,102,113,116,130,139,148"
450,13:10,10,10,인천공항,17,"7,8,24,25,36,38,39,49,77,85,108,112,120,122,140,141,144"
450,13:10,2,2,수서,5,"2,59,66,107,142"
450,13:10,3,3,삼성,19,"3,22,23,43,56,63,64,79,80,83,84,90,97,115,121,133,135,136,149"
450,13:10,4,4,여의도,30,"4,6,9,12,13,17,26,30,33,45,52,72,74,75,76,82,86,88,89,91,94,95,96,98,99,101,103,124,134,137"
450,13:10,5,5,김포공항,11,"15,31,37,46,48,51,73,105,109,119,131"
450,13:10,6,6,일산,5,"10,68,117,123,147"
450,13:10,7,7,판교,5,"11,14,18,106,129"
450,13:10,8,8,동탄/용인,2,"40,47"
450,13:10,9,9,평택,21,"27,28,34,54,60,67,70,71,92,100,110,114,118,125,126,127,128,132,138,143,145"
451,13:11,1,1,서울역,13,"29,42,58,61,78,81,93,102,113,116,130,139,148"
451,13:11,10,10,인천공항,17,"7,8,24,25,36,38,39,49,77,85,108,112,120,122,140,141,144"
451,13:11,2,2,수서,5,"2,59,66,107,142"
451,13:11,3,3,삼성,19,"3,22,23,43,56,63,64,79,80,83,84,90,97,115,121,133,135,136,149"
451,13:11,4,4,여의도,29,"4,6,9,13,17,26,30,33,45,52,72,74,75,76,82,86,88,89,91,94,95,96,98,99,101,103,124,134,137"
451,13:11,5,5,김포공항,12,"5,15,31,37,46,48,51,73,105,109,119,131"
451,13:11,6,6,일산,6,"10,16,68,117,123,147"
451,13:11,7,7,판교,5,"11,14,18,106,129"
451,13:11,8,8,동탄/용인,2,"40,47"
451,13:11,9,9,평택,21,"27,28,34,54,60,67,70,71,92,100,110,114,118,125,126,127,128,132,138,143,145"
452,13:12,1,1,서울역,14,"29,42,58,61,65,78,81,93,102,113,116,130,139,148"
452,13:12,10,10,인천공항,18,"7,8,24,25,36,38,39,41,49,77,85,108,112,120,122,140,141,144"
452,13:12,2,2,수서,5,"2,59,66,107,142"
452,13:12,3,3,삼성,19,"3,22,23,43,56,63,64,79,80,83,84,90,97,115,121,133,135,136,149"
452,13:12,4,4,여의도,29,"4,6,9,13,17,26,30,33,45,52,72,74,75,76,82,86,88,89,91,94,95,96,98,99,101,103,124,134,137"
452,13:12,5,5,김포공항,12,"5,15,31,37,46,48,51,73,105,109,119,131"
452,13:12,6,6,일산,6,"10,16,68,117,123,147"
452,13:12,7,7,판교,5,"11,14,18,106,129"
452,13:12,8,8,동탄/용인,2,"40,47"
452,13:12,9,9,평택,21,"27,28,34,54,60,67,70,71,92,100,110,114,118,125,126,127,128,132,138,143,145"
453,13:13,1,1,서울역,15,"29,42,44,58,61,65,78,81,93,102,113,116,130,139,148"
453,13:13,10,10,인천공항,18,"7,8,24,25,36,38,39,41,49,77,85,108,112,120,122,140,141,144"
453,13:13,2,2,수서,5,"2,59,66,107,142"
453,13:13,3,3,삼성,19,"3,22,23,43,56,63,64,79,80,83,84,90,97,115,121,133,135,136,149"
453,13:13,4,4,여의도,29,"4,6,9,13,17,26,30,33,45,52,72,74,75,76,82,86,88,89,91,94,95,96,98,99,101,103,124,134,137"
453,13:13,5,5,김포공항,12,"5,15,31,37,46,48,51,73,105,109,119,131"
453,13:13,6,6,일산,6,"10,16,68,117,123,147"
453,13:13,7,7,판교,5,"11,14,18,106,129"
453,13:13,8,8,동탄/용인,2,"40,47"
453,13:13,9,9,평택,21,"27,28,34,54,60,67,70,71,92,100,110,114,118,125,126,127,128,132,138,143,145"
454,13:14,1,1,서울역,15,"29,42,44,58,61,65,78,81,93,102,113,116,130,139,148"
454,13:14,10,10,인천공항,18,"7,8,24,25,36,38,39,41,49,77,85,108,112,120,122,140,141,144"
454,13:14,2,2,수서,5,"2,59,66,107,142"
454,13:14,3,3,삼성,19,"3,22,23,43,56,63,64,79,80,83,84,90,97,115,121,133,135,136,149"
454,13:14,4,4,여의도,29,"4,6,9,13,17,26,30,33,45,52,72,74,75,76,82,86,88,89,91,94,95,96,98,99,101,103,124,134,137"
454,13:14,5,5,김포공항,11,"5,15,37,46,48,51,73,105,109,119,131"
454,13:14,6,6,일산,6,"10,16,68,117,123,147"
454,13:14,7,7,판교,5,"11,14,18,106,129"
454,13:14,8,8,동탄/용인,2,"40,47"
454,13:14,9,9,평택,20,"27,28,54,60,67,70,71,92,100,110,114,118,125,126,127,128,132,138,143,145"
455,13:15,1,1,서울역,15,"29,42,44,58,61,65,78,81,93,102,113,116,130,139,148"
455,13:15,10,10,인천공항,18,"7,8,24,25,36,38,39,41,49,77,85,108,112,120,122,140,141,144"
455,13:15,2,2,수서,4,"2,59,66,142"
455,13:15,3,3,삼성,19,"3,22,23,43,56,63,64,79,80,83,84,90,97,115,121,133,135,136,149"
455,13:15,4,4,여의도,29,"4,6,9,13,17,26,30,33,45,52,72,74,75,76,82,86,88,89,91,94,95,96,98,99,101,103,124,134,137"
455,13:15,5,5,김포공항,11,"5,15,37,46,48,51,73,105,109,119,131"
455,13:15,6,6,일산,6,"10,16,68,117,123,147"
455,13:15,7,7,판교,5,"11,14,18,106,129"
455,13:15,8,8,동탄/용인,2,"40,47"
455,13:15,9,9,평택,21,"27,28,54,55,60,67,70,71,92,100,110,114,118,125,126,127,128,132,138,143,145"
456,13:16,1,1,서울역,15,"29,42,44,58,61,65,78,81,93,102,113,116,130,139,148"
456,13:16,10,10,인천공항,18,"7,8,24,25,36,38,39,41,49,77,85,108,112,120,122,140,141,144"
456,13:16,2,2,수서,5,"1,2,59,66,142"
456,13:16,3,3,삼성,19,"3,22,23,43,56,63,64,79,80,83,84,90,97,115,121,133,135,136,149"
456,13:16,4,4,여의도,29,"4,9,13,17,26,30,33,45,52,72,74,75,76,82,86,88,89,91,94,95,96,98,99,101,103,104,124,134,137"
456,13:16,5,5,김포공항,13,"5,15,37,46,48,50,51,57,73,105,109,119,131"
456,13:16,6,6,일산,6,"10,16,68,117,123,147"
456,13:16,7,7,판교,4,"11,18,106,129"
456,13:16,8,8,동탄/용인,2,"40,47"
456,13:16,9,9,평택,21,"27,28,54,55,60,67,70,71,92,100,110,114,118,125,126,127,128,132,138,143,145"
457,13:17,1,1,서울역,16,"0,29,42,44,58,61,65,78,81,93,102,113,116,130,139,148"
457,13:17,10,10,인천공항,17,"7,8,24,25,36,39,41,49,77,85,108,112,120,122,140,141,144"
457,13:17,2,2,수서,5,"1,2,59,66,142"
457,13:17,3,3,삼성,19,"3,22,23,43,56,63,64,79,80,83,84,90,97,115,121,133,135,136,149"
457,13:17,4,4,여의도,29,"4,9,13,17,26,30,33,45,52,72,74,75,76,82,86,88,89,91,94,95,96,98,99,101,103,104,124,134,137"
457,13:17,5,5,김포공항,13,"5,15,37,46,48,50,51,57,73,105,109,119,131"
457,13:17,6,6,일산,6,"10,16,68,117,123,147"
457,13:17,7,7,판교,5,"11,18,69,106,129"
457,13:17,8,8,동탄/용인,2,"40,47"
457,13:17,9,9,평택,21,"27,28,54,55,60,67,70,71,92,100,110,114,118,125,126,127,128,132,138,143,145"
458,13:18,1,1,서울역,16,"0,29,42,44,58,61,65,78,81,93,102,113,116,130,139,148"
458,13:18,10,10,인천공항,18,"7,8,24,25,36,39,41,49,77,85,108,111,112,120,122,140,141,144"
458,13:18,2,2,수서,6,"1,2,19,59,66,142"
458,13:18,3,3,삼성,19,"3,22,23,43,56,63,64,79,80,83,84,90,97,115,121,133,135,136,149"
458,13:18,4,4,여의도,29,"4,9,13,17,26,30,33,45,52,72,74,75,76,82,86,88,89,91,94,95,96,98,99,101,103,104,124,134,137"
458,13:18,5,5,김포공항,13,"5,15,37,46,48,50,51,57,73,105,109,119,131"
458,13:18,6,6,일산,4,"16,117,123,147"
458,13:18,7,7,판교,6,"11,12,18,69,106,129"
458,13:18,8,8,동탄/용인,2,"40,47"
458,13:18,9,9,평택,21,"27,28,54,55,60,67,70,71,92,100,110,114,118,125,126,127,128,132,138,143,145"
459,13:19,1,1,서울역,16,"0,29,42,44,58,61,65,78,81,93,102,113,116,130,139,148"
459,13:19,10,10,인천공항,18,"7,8,24,25,36,39,41,49,77,85,108,111,112,120,122,140,141,144"
459,13:19,2,2,수서,6,"1,2,19,59,66,142"
459,13:19,3,3,삼성,19,"3,22,23,43,56,63,64,79,80,83,84,90,97,115,121,133,135,136,149"
459,13:19,4,4,여의도,29,"4,9,13,17,26,30,33,45,52,72,74,75,76,82,86,88,89,91,94,95,96,98,99,101,103,104,124,134,137"
459,13:19,5,5,김포공항,15,"5,15,35,37,46,48,50,51,57,73,105,109,119,131,146"
459,13:19,6,6,일산,4,"16,117,123,147"
459,13:19,7,7,판교,6,"11,12,18,69,106,129"
459,13:19,8,8,동탄/용인,2,"40,47"
459,13:19,9,9,평택,22,"27,28,54,55,60,67,70,71,87,92,100,110,114,118,125,126,127,128,132,138,143,145"
460,13:20,1,1,서울역,16,"0,29,42,44,58,61,65,78,81,93,102,113,116,130,139,148"
460,13:20,10,10,인천공항,18,"7,8,24,25,36,39,41,49,77,85,108,111,112,120,122,140,141,144"
460,13:20,2,2,수서,6,"1,2,19,59,66,142"
460,13:20,3,3,삼성,20,"3,22,23,43,56,62,63,64,79,80,83,84,90,97,115,121,133,135,136,149"
460,13:20,4,4,여의도,28,"4,13,17,26,30,33,45,52,72,74,75,76,82,86,88,89,91,94,95,96,98,99,101,103,104,124,134,137"
460,13:20,5,5,김포공항,15,"5,15,35,37,46,48,50,51,57,73,105,109,119,131,146"
460,13:20,6,6,일산,4,"16,117,123,147"
460,13:20,7,7,판교,6,"11,12,18,69,106,129"
460,13:20,8,8,동탄/용인,2,"40,47"
460,13:20,9,9,평택,22,"27,28,54,55,60,67,70,71,87,92,100,110,114,118,125,126,127,128,132,138,143,145"
461,13:21,1,1,서울역,16,"0,29,42,44,58,61,65,78,81,93,102,113,116,130,139,148"
461,13:21,10,10,인천공항,18,"7,8,24,25,36,39,41,49,77,85,108,111,112,120,122,140,141,144"
461,13:21,2,2,수서,6,"1,2,19,59,66,142"
461,13:21,3,3,삼성,21,"3,22,23,32,43,56,62,63,64,79,80,83,84,90,97,115,121,133,135,136,149"
461,13:21,4,4,여의도,29,"4,13,17,21,26,30,33,45,52,72,74,75,76,82,86,88,89,91,94,95,96,98,99,101,103,104,124,134,137"
461,13:21,5,5,김포공항,14,"15,35,37,46,48,50,51,57,73,105,109,119,131,146"
461,13:21,6,6,일산,3,"16,123,147"
461,13:21,7,7,판교,6,"11,12,18,69,106,129"
461,13:21,8,8,동탄/용인,2,"40,47"
461,13:21,9,9,평택,20,"28,54,55,60,67,70,71,87,92,100,110,118,125,126,127,128,132,138,143,145"
462,13:22,1,1,서울역,16,"0,29,42,44,58,61,65,78,81,93,102,113,116,130,139,148"
462,13:22,10,10,인천공항,18,"7,8,24,25,36,39,41,49,77,85,108,111,112,120,122,140,141,144"
462,13:22,2,2,수서,6,"1,6,19,59,66,142"
462,13:22,3,3,삼성,21,"3,22,23,32,43,56,62,63,64,79,80,83,84,90,97,115,121,133,135,136,149"
462,13:22,4,4,여의도,29,"4,13,17,21,26,30,33,45,52,72,74,75,76,82,86,88,89,91,94,95,96,98,99,101,103,104,124,134,137"
462,13:22,5,5,김포공항,14,"15,35,37,46,48,50,51,57,73,105,109,119,131,146"
462,13:22,6,6,일산,3,"16,123,147"
462,13:22,7,7,판교,6,"11,12,18,69,106,129"
462,13:22,8,8,동탄/용인,2,"40,47"
462,13:22,9,9,평택,20,"28,54,55,60,67,70,71,87,92,100,110,118,125,126,127,128,132,138,143,145"
463,13:23,1,1,서울역,17,"0,14,29,42,44,58,61,65,78,81,93,102,113,116,130,139,148"
463,13:23,10,10,인천공항,17,"7,8,24,36,39,41,49,77,85,108,111,112,120,122,140,141,144"
463,13:23,2,2,수서,6,"1,6,19,59,66,142"
463,13:23,3,3,삼성,21,"3,22,23,32,43,56,62,63,64,79,80,83,84,90,97,115,121,133,135,136,149"
463,13:23,4,4,여의도,28,"4,13,17,21,26,30,33,45,52,72,74,75,76,82,86,88,89,91,94,96,98,99,101,103,104,124,134,137"
463,13:23,5,5,김포공항,14,"15,35,37,46,48,50,51,57,73,105,109,119,131,146"
463,13:23,6,6,일산,3,"16,123,147"
463,13:23,7,7,판교,6,"11,12,18,69,106,129"
463,13:23,8,8,동탄/용인,2,"40,47"
463,13:23,9,9,평택,20,"28,54,55,60,67,70,71,87,92,100,110,118,125,126,127,128,132,138,143,145"
464,13:24,1,1,서울역,16,"0,14,29,42,44,58,61,65,78,93,102,113,116,130,139,148"
464,13:24,10,10,인천공항,17,"7,8,24,36,39,41,49,77,85,108,111,112,120,122,140,141,144"
464,13:24,2,2,수서,6,"1,6,19,59,66,142"
464,13:24,3,3,삼성,21,"3,22,23,32,43,56,62,63,64,79,80,83,84,90,97,115,121,133,135,136,149"
464,13:24,4,4,여의도,28,"4,13,17,21,26,30,33,45,52,72,74,75,76,82,86,88,89,91,94,96,98,99,101,103,104,124,134,137"
464,13:24,5,5,김포공항,14,"15,35,37,46,48,50,51,57,73,105,109,119,131,146"
464,13:24,6,6,일산,3,"16,123,147"
464,13:24,7,7,판교,6,"11,12,18,69,106,129"
464,13:24,8,8,동탄/용인,2,"40,47"
464,13:24,9,9,평택,20,"28,54,55,60,67,70,71,87,92,100,110,118,125,126,127,128,132,138,143,145"
465,13:25,1,1,서울역,16,"0,14,29,42,44,58,61,65,78,93,102,113,116,130,139,148"
465,13:25,10,10,인천공항,17,"7,8,20,24,36,39,49,77,85,108,111,112,120,122,140,141,144"
465,13:25,2,2,수서,6,"1,6,19,59,66,142"
465,13:25,3,3,삼성,21,"3,22,23,32,43,56,62,63,64,79,80,83,84,90,97,115,121,133,135,136,149"
465,13:25,4,4,여의도,28,"4,13,17,21,26,30,33,45,52,72,74,75,76,82,86,88,89,91,94,96,98,99,101,103,104,124,134,137"
465,13:25,5,5,김포공항,14,"15,35,37,46,48,50,51,57,73,105,109,119,131,146"
465,13:25,6,6,일산,3,"16,123,147"
465,13:25,7,7,판교,4,"11,69,106,129"
465,13:25,8,8,동탄/용인,2,"40,47"
465,13:25,9,9,평택,20,"28,54,55,60,67,70,71,87,92,100,110,118,125,126,127,128,132,138,143,145"
466,13:26,1,1,서울역,15,"0,14,29,44,53,58,61,65,78,93,102,113,130,139,148"
466,13:26,10,10,인천공항,17,"7,8,20,24,36,39,49,77,85,108,111,112,120,122,140,141,144"
466,13:26,2,2,수서,6,"1,6,19,59,66,142"
466,13:26,3,3,삼성,20,"3,22,23,32,43,56,62,63,64,79,80,83,90,97,115,121,133,135,136,149"
466,13:26,4,4,여의도,28,"4,13,17,21,26,30,33,45,52,72,74,75,76,82,86,88,89,91,94,96,98,99,101,103,104,124,134,137"
466,13:26,5,5,김포공항,14,"15,35,37,46,48,50,51,57,73,105,109,119,131,146"
466,13:26,6,6,일산,4,"16,107,123,147"
466,13:26,7,7,판교,4,"11,69,106,129"
466,13:26,8,8,동탄/용인,2,"40,47"
466,13:26,9,9,평택,20,"28,54,55,60,67,70,71,87,92,100,110,118,125,126,127,128,132,138,143,145"
467,13:27,1,1,서울역,15,"0,14,29,44,53,58,61,65,78,93,102,113,130,139,148"
467,13:27,10,10,인천공항,17,"7,8,20,24,36,39,49,77,85,108,111,112,120,122,140,141,144"
467,13:27,2,2,수서,6,"1,6,19,59,66,142"
467,13:27,3,3,삼성,20,"3,22,23,32,43,56,62,63,64,79,80,83,90,97,115,121,133,135,136,149"
467,13:27,4,4,여의도,28,"4,13,17,21,26,30,33,45,52,72,74,75,76,82,86,88,89,91,94,96,98,99,101,103,104,124,134,137"
467,13:27,5,5,김포공항,13,"35,37,46,48,50,51,57,73,105,109,119,131,146"
467,13:27,6,6,일산,4,"16,107,123,147"
467,13:27,7,7,판교,4,"9,69,106,129"
467,13:27,8,8,동탄/용인,3,"40,47,114"
467,13:27,9,9,평택,20,"28,54,55,60,67,70,71,87,92,100,110,118,125,126,127,128,132,138,143,145"
468,13:28,1,1,서울역,15,"0,14,29,44,53,58,61,65,78,93,102,113,130,139,148"
468,13:28,10,10,인천공항,17,"7,8,20,24,36,39,49,77,85,108,111,112,120,122,140,141,144"
468,13:28,2,2,수서,6,"1,6,19,59,66,142"
468,13:28,3,3,삼성,19,"3,22,23,32,43,56,62,63,64,80,83,90,97,115,121,133,135,136,149"
468,13:28,4,4,여의도,28,"4,13,17,21,26,30,33,45,52,72,74,75,76,82,86,88,89,91,94,96,98,99,101,103,104,124,134,137"
468,13:28,5,5,김포공항,13,"35,37,46,48,50,51,57,73,105,109,119,131,146"
468,13:28,6,6,일산,5,"5,16,107,123,147"
468,13:28,7,7,판교,4,"9,69,106,129"
468,13:28,8,8,동탄/용인,3,"40,47,114"
468,13:28,9,9,평택,19,"28,55,60,67,70,71,87,92,100,110,118,125,126,127,128,132,138,143,145"
469,13:29,1,1,서울역,15,"0,14,29,44,53,58,61,65,78,93,102,113,130,139,148"
469,13:29,10,10,인천공항,17,"7,8,20,24,36,39,49,77,85,108,111,112,120,122,140,141,144"
469,13:29,2,2,수서,6,"1,6,19,59,66,142"
469,13:29,3,3,삼성,20,"3,22,23,32,34,43,56,62,63,64,80,83,90,97,115,121,133,135,136,149"
469,13:29,4,4,여의도,28,"4,13,17,21,26,30,33,38,45,52,72,74,75,76,82,86,88,89,91,94,96,99,101,103,104,124,134,137"
469,13:29,5,5,김포공항,13,"35,37,46,48,50,51,57,73,105,109,119,131,146"
469,13:29,6,6,일산,5,"5,16,107,123,147"
469,13:29,7,7,판교,4,"9,69,106,129"
469,13:29,8,8,동탄/용인,2,"40,114"
469,13:29,9,9,평택,19,"28,55,60,67,70,71,87,92,100,110,118,125,126,127,128,132,138,143,145"
470,13:30,1,1,서울역,15,"0,14,29,44,53,58,61,65,78,93,102,113,130,139,148"
470,13:30,10,10,인천공항,15,"8,20,24,36,39,77,85,108,111,112,120,122,140,141,144"
470,13:30,2,2,수서,6,"1,6,19,59,66,142"
470,13:30,3,3,삼성,20,"3,22,23,32,34,43,56,62,63,64,80,83,90,97,115,121,133,135,136,149"
470,13:30,4,4,여의도,25,"4,13,17,26,30,33,38,45,52,72,74,75,76,82,86,88,89,91,94,96,101,104,124,134,137"
470,13:30,5,5,김포공항,14,"2,35,37,46,48,50,51,57,73,105,109,119,131,146"
470,13:30,6,6,일산,5,"5,16,107,123,147"
470,13:30,7,7,판교,5,"9,10,68,69,106"
470,13:30,8,8,동탄/용인,1,40
470,13:30,9,9,평택,18,"28,55,60,67,70,71,92,100,110,118,125,126,127,128,132,138,143,145"
471,13:31,1,1,서울역,15,"0,14,29,44,53,58,61,65,78,93,102,113,130,139,148"
471,13:31,10,10,인천공항,15,"8,20,24,36,39,77,85,108,111,112,120,122,140,141,144"
471,13:31,2,2,수서,7,"1,6,19,59,66,79,142"
471,13:31,3,3,삼성,19,"3,22,23,32,34,43,56,63,64,80,83,90,97,115,121,133,135,136,149"
471,13:31,4,4,여의도,25,"4,13,17,26,30,33,38,45,52,72,74,75,76,82,86,88,89,91,94,96,101,104,124,134,137"
471,13:31,5,5,김포공항,14,"2,35,37,46,48,50,51,57,73,105,109,119,131,146"
471,13:31,6,6,일산,4,"16,107,123,147"
471,13:31,7,7,판교,5,"9,10,68,69,106"
471,13:31,8,8,동탄/용인,1,40
471,13:31,9,9,평택,19,"28,31,55,60,67,70,71,92,100,110,118,125,126,127,128,132,138,143,145"
472,13:32,1,1,서울역,15,"0,14,29,44,53,58,61,65,78,93,102,113,130,139,148"
472,13:32,10,10,인천공항,15,"8,20,24,36,39,77,85,108,111,112,120,122,140,141,144"
472,13:32,2,2,수서,7,"1,6,19,59,66,79,142"
472,13:32,3,3,삼성,19,"3,22,23,32,34,43,56,63,64,80,83,90,97,115,121,133,135,136,149"
472,13:32,4,4,여의도,27,"4,12,13,17,18,26,30,33,38,45,52,72,74,75,76,82,86,88,89,91,94,96,101,104,124,134,137"
472,13:32,5,5,김포공항,14,"2,35,37,46,48,50,51,57,73,105,109,119,131,146"
472,13:32,6,6,일산,4,"16,107,123,147"
472,13:32,7,7,판교,5,"9,10,68,69,106"
472,13:32,8,8,동탄/용인,1,40
472,13:32,9,9,평택,19,"28,31,55,60,67,70,71,92,100,110,118,125,126,127,128,132,138,143,145"
473,13:33,1,1,서울역,15,"0,14,29,44,53,58,61,65,78,93,102,113,130,139,148"
473,13:33,10,10,인천공항,15,"8,20,24,36,39,77,85,108,111,112,120,122,140,141,144"
473,13:33,2,2,수서,7,"1,6,19,59,66,79,142"
473,13:33,3,3,삼성,19,"3,22,23,32,34,43,56,63,64,80,83,90,97,115,121,133,135,136,149"
473,13:33,4,4,여의도,26,"12,13,17,18,26,30,33,38,45,52,72,74,75,76,82,86,88,89,91,94,96,101,104,124,134,137"
473,13:33,5,5,김포공항,14,"2,35,37,46,48,50,51,57,73,105,109,119,131,146"
473,13:33,6,6,일산,4,"16,107,123,147"
473,13:33,7,7,판교,7,"9,10,68,69,84,106,117"
473,13:33,8,8,동탄/용인,1,40
473,13:33,9,9,평택,19,"28,31,55,60,67,70,71,92,100,110,118,125,126,127,128,132,138,143,145"
474,13:34,1,1,서울역,15,"0,14,29,44,53,58,61,65,78,93,102,113,130,139,148"
474,13:34,10,10,인천공항,14,"8,24,36,39,77,85,108,111,112,120,122,140,141,144"
474,13:34,2,2,수서,6,"1,6,19,59,66,142"
474,13:34,3,3,삼성,19,"3,22,23,32,34,43,56,63,64,80,83,90,97,115,121,133,135,136,149"
474,13:34,4,4,여의도,27,"11,12,13,17,18,26,30,33,38,45,52,72,74,75,76,82,86,88,89,91,94,96,101,104,124,134,137"
474,13:34,5,5,김포공항,14,"2,35,37,46,48,50,51,57,73,105,109,119,131,146"
474,13:34,6,6,일산,6,"15,16,25,107,123,147"
474,13:34,7,7,판교,6,"9,10,68,84,106,117"
474,13:34,8,8,동탄/용인,1,40
474,13:34,9,9,평택,19,"28,31,55,60,67,70,71,92,100,110,118,125,126,127,128,132,138,143,145"
475,13:35,1,1,서울역,15,"0,14,29,44,53,58,61,65,78,93,102,113,130,139,148"
475,13:35,10,10,인천공항,14,"8,24,36,39,77,85,108,111,112,120,122,140,141,144"
475,13:35,2,2,수서,6,"1,6,27,59,66,142"
475,13:35,3,3,삼성,19,"3,22,23,32,34,43,56,63,64,80,83,90,97,115,121,133,135,136,149"
475,13:35,4,4,여의도,27,"11,12,13,17,18,26,30,33,38,45,52,72,74,75,76,82,86,88,89,91,94,96,101,104,124,134,137"
475,13:35,5,5,김포공항,14,"2,35,37,46,48,50,51,57,73,105,109,119,131,146"
475,13:35,6,6,일산,6,"15,16,25,107,123,147"
475,13:35,7,7,판교,6,"9,10,68,84,106,117"
475,13:35,8,8,동탄/용인,1,40
475,13:35,9,9,평택,19,"28,31,55,60,67,70,71,92,100,110,118,125,126,127,128,132,138,143,145"
476,13:36,1,1,서울역,15,"0,14,29,44,53,58,61,65,78,93,102,113,130,139,148"
476,13:36,10,10,인천공항,14,"8,24,36,39,77,85,108,111,112,120,122,140,141,144"
476,13:36,2,2,수서,7,"1,6,21,27,59,66,142"
476,13:36,3,3,삼성,19,"3,22,23,32,34,43,56,63,64,80,83,90,97,115,121,133,135,136,149"
476,13:36,4,4,여의도,27,"11,12,13,17,18,26,30,33,38,45,52,72,74,75,76,82,86,88,89,91,94,96,101,104,124,134,137"
476,13:36,5,5,김포공항,14,"2,35,37,46,48,50,51,57,73,105,109,119,131,146"
476,13:36,6,6,일산,6,"15,16,25,107,123,147"
476,13:36,7,7,판교,5,"9,10,68,106,117"
476,13:36,8,8,동탄/용인,2,"40,87"
476,13:36,9,9,평택,18,"31,55,60,67,70,71,92,100,110,118,125,126,127,128,132,138,143,145"
477,13:37,1,1,서울역,15,"0,14,29,44,53,58,61,65,78,93,102,113,130,139,148"
477,13:37,10,10,인천공항,15,"8,24,36,39,77,81,85,108,111,112,120,122,140,141,144"
477,13:37,2,2,수서,7,"1,6,21,27,59,66,142"
477,13:37,3,3,삼성,20,"3,22,23,32,34,43,56,63,64,79,80,83,90,97,115,121,133,135,136,149"
477,13:37,4,4,여의도,26,"11,12,13,17,18,30,33,38,45,52,72,74,75,76,82,86,88,89,91,94,96,101,104,124,134,137"
477,13:37,5,5,김포공항,14,"2,35,37,46,48,50,51,57,73,105,109,119,131,146"
477,13:37,6,6,일산,5,"15,16,25,107,123"
477,13:37,7,7,판교,6,"9,10,68,103,106,117"
477,13:37,8,8,동탄/용인,2,"40,87"
477,13:37,9,9,평택,18,"31,55,60,67,70,71,92,100,110,118,125,126,127,128,132,138,143,145"
478,13:38,1,1,서울역,14,"0,14,29,44,53,58,61,65,93,102,113,130,139,148"
478,13:38,10,10,인천공항,15,"8,24,36,39,77,81,85,108,111,112,120,122,140,141,144"
478,13:38,2,2,수서,7,"1,6,21,27,59,66,142"
478,13:38,3,3,삼성,20,"3,22,23,32,34,43,56,63,64,79,80,83,90,97,115,121,133,135,136,149"
478,13:38,4,4,여의도,26,"11,12,13,17,18,30,33,38,45,52,72,74,75,76,82,86,88,89,91,94,96,101,104,124,134,137"
478,13:38,5,5,김포공항,14,"2,35,37,46,48,50,51,57,73,105,109,119,131,146"
478,13:38,6,6,일산,5,"15,16,25,107,123"
478,13:38,7,7,판교,5,"9,10,103,106,117"
478,13:38,8,8,동탄/용인,3,"40,42,87"
478,13:38,9,9,평택,19,"31,55,60,67,70,71,92,95,100,110,118,125,126,127,128,132,138,143,145"
479,13:39,1,1,서울역,14,"0,14,29,44,53,58,61,65,93,102,113,130,139,148"
479,13:39,10,10,인천공항,15,"8,24,36,39,77,81,85,108,111,112,120,122,140,141,144"
479,13:39,2,2,수서,7,"1,6,21,27,59,66,142"
479,13:39,3,3,삼성,21,"3,22,23,32,34,43,47,56,63,64,79,80,83,90,97,115,121,133,135,136,149"
479,13:39,4,4,여의도,26,"11,12,13,17,18,30,33,38,45,52,72,74,75,76,82,86,88,89,91,94,96,101,104,124,134,137"
479,13:39,5,5,김포공항,14,"2,35,37,46,48,50,51,57,73,105,109,119,131,146"
479,13:39,6,6,일산,5,"15,16,25,107,123"
479,13:39,7,7,판교,5,"9,10,103,106,117"
479,13:39,8,8,동탄/용인,2,"40,42"
479,13:39,9,9,평택,19,"31,55,60,67,70,71,92,95,100,110,118,125,126,127,128,132,138,143,145"
480,13:40,1,1,서울역,14,"0,14,29,44,53,58,61,65,93,102,113,130,139,148"
480,13:40,10,10,인천공항,15,"8,24,36,39,77,81,85,108,111,112,120,122,140,141,144"
480,13:40,2,2,수서,7,"1,6,21,27,59,66,142"
480,13:40,3,3,삼성,19,"3,4,22,23,32,34,41,43,47,56,63,64,80,83,90,121,135,136,149"
480,13:40,4,4,여의도,26,"11,12,13,17,18,30,33,38,45,52,72,74,75,76,82,86,88,89,91,94,96,101,104,124,134,137"
480,13:40,5,5,김포공항,15,"2,35,37,46,48,50,51,57,73,105,109,119,129,131,146"
480,13:40,6,6,일산,4,"16,25,107,123"
480,13:40,7,7,판교,4,"9,10,106,117"
480,13:40,8,8,동탄/용인,2,"40,42"
480,13:40,9,9,평택,18,"31,55,60,67,70,71,92,95,100,118,125,126,127,128,132,138,143,145"
481,13:41,1,1,서울역,14,"0,14,29,44,53,58,61,65,93,102,113,130,139,148"
481,13:41,10,10,인천공항,15,"8,24,36,39,77,81,85,108,111,112,120,122,140,141,144"
481,13:41,2,2,수서,7,"1,6,21,27,59,66,142"
481,13:41,3,3,삼성,19,"3,4,22,23,32,34,41,43,47,56,63,64,80,83,90,121,135,136,149"
481,13:41,4,4,여의도,26,"11,12,13,17,30,33,38,45,52,69,72,74,75,76,82,86,88,89,91,94,96,101,104,124,134,137"
481,13:41,5,5,김포공항,14,"2,35,37,46,48,50,51,57,73,105,119,129,131,146"
481,13:41,6,6,일산,5,"16,25,62,107,123"
481,13:41,7,7,판교,4,"9,10,106,117"
481,13:41,8,8,동탄/용인,2,"40,42"
481,13:41,9,9,평택,18,"31,55,60,67,70,71,92,95,100,118,125,126,127,128,132,138,143,145"
482,13:42,1,1,서울역,14,"0,14,29,44,53,58,61,65,93,102,113,130,139,148"
482,13:42,10,10,인천공항,15,"8,24,36,39,77,81,85,108,111,112,120,122,140,141,144"
482,13:42,2,2,수서,7,"1,6,21,27,59,66,142"
482,13:42,3,3,삼성,19,"3,4,22,23,32,34,41,43,47,56,63,64,80,83,90,121,135,136,149"
482,13:42,4,4,여의도,27,"7,11,12,13,17,30,33,38,45,52,69,72,74,75,76,82,86,88,89,91,94,96,101,104,124,134,137"
482,13:42,5,5,김포공항,14,"2,35,37,46,48,50,51,57,73,105,119,129,131,146"
482,13:42,6,6,일산,5,"16,25,62,107,123"
482,13:42,7,7,판교,4,"9,10,106,117"
482,13:42,8,8,동탄/용인,2,"40,42"
482,13:42,9,9,평택,19,"31,55,60,67,70,71,92,95,100,116,118,125,126,127,128,132,138,143,145"
483,13:43,1,1,서울역,14,"0,14,29,44,53,58,61,65,93,102,113,130,139,148"
483,13:43,10,10,인천공항,15,"8,24,36,39,77,81,85,108,111,112,120,122,140,141,144"
483,13:43,2,2,수서,10,"1,6,21,26,27,59,66,97,115,142"
483,13:43,3,3,삼성,19,"3,4,22,23,32,34,41,43,47,56,63,64,80,83,90,121,135,136,149"
483,13:43,4,4,여의도,27,"7,11,12,13,17,30,33,38,45,52,69,72,74,75,76,82,86,88,89,91,94,96,101,104,124,134,137"
483,13:43,5,5,김포공항,15,"2,19,35,37,46,48,50,51,57,73,105,119,129,131,146"
483,13:43,6,6,일산,5,"16,25,62,107,123"
483,13:43,7,7,판교,5,"5,9,10,106,117"
483,13:43,8,8,동탄/용인,2,"40,42"
483,13:43,9,9,평택,18,"31,55,60,67,70,71,92,95,100,116,125,126,127,128,132,138,143,145"
484,13:44,1,1,서울역,15,"0,14,29,44,53,54,58,61,65,93,102,113,130,139,148"
484,13:44,10,10,인천공항,15,"8,24,36,39,77,81,85,108,111,112,120,122,140,141,144"
484,13:44,2,2,수서,10,"1,6,21,26,27,59,66,97,115,142"
484,13:44,3,3,삼성,19,"3,4,22,23,32,34,41,43,47,56,63,64,80,83,90,121,135,136,149"
484,13:44,4,4,여의도,27,"7,11,12,13,17,30,33,38,45,52,69,72,74,75,76,82,86,88,89,91,94,96,101,104,124,134,137"
484,13:44,5,5,김포공항,14,"2,19,35,37,46,48,50,51,73,105,119,129,131,146"
484,13:44,6,6,일산,5,"16,25,62,107,123"
484,13:44,7,7,판교,5,"5,9,10,106,117"
484,13:44,8,8,동탄/용인,2,"40,42"
484,13:44,9,9,평택,19,"31,55,60,67,70,71,92,95,98,100,116,125,126,127,128,132,138,143,145"
485,13:45,1,1,서울역,16,"0,14,29,44,53,54,58,61,65,68,93,102,113,130,139,148"
485,13:45,10,10,인천공항,15,"8,24,36,39,77,81,85,108,111,112,120,122,140,141,144"
485,13:45,2,2,수서,10,"1,6,21,26,27,59,66,97,115,142"
485,13:45,3,3,삼성,19,"3,4,22,23,32,34,41,43,47,49,56,63,64,80,83,90,135,136,149"
485,13:45,4,4,여의도,26,"7,11,12,13,17,30,38,45,52,69,72,74,75,76,82,86,88,89,91,94,96,101,104,124,134,137"
485,13:45,5,5,김포공항,13,"2,19,35,37,48,50,51,73,105,119,129,131,146"
485,13:45,6,6,일산,5,"16,25,62,107,123"
485,13:45,7,7,판교,5,"5,9,10,106,117"
485,13:45,8,8,동탄/용인,2,"40,42"
485,13:45,9,9,평택,19,"31,55,60,67,70,71,92,95,98,99,100,125,126,127,128,132,138,143,145"
486,13:46,1,1,서울역,16,"0,14,29,44,53,54,58,61,65,68,93,102,113,130,139,148"
486,13:46,10,10,인천공항,14,"8,24,36,39,77,81,108,111,112,120,122,140,141,144"
486,13:46,2,2,수서,8,"1,6,21,26,27,59,66,142"
486,13:46,3,3,삼성,19,"3,4,22,23,32,34,41,43,47,49,56,63,64,80,83,90,135,136,149"
486,13:46,4,4,여의도,26,"7,11,12,13,17,30,38,45,52,69,72,74,75,76,82,86,88,89,91,94,96,101,104,124,134,137"
486,13:46,5,5,김포공항,14,"2,19,35,37,48,50,51,73,84,105,119,129,131,146"
486,13:46,6,6,일산,5,"16,25,62,107,123"
486,13:46,7,7,판교,4,"5,9,10,117"
486,13:46,8,8,동탄/용인,3,"40,42,110"
486,13:46,9,9,평택,19,"31,55,60,67,70,71,92,95,98,99,100,125,126,127,128,132,138,143,145"
487,13:47,1,1,서울역,16,"0,14,29,44,53,54,58,61,65,68,93,102,113,130,139,148"
487,13:47,10,10,인천공항,13,"8,24,36,77,81,108,111,112,120,122,140,141,144"
487,13:47,2,2,수서,8,"1,6,21,26,27,59,66,142"
487,13:47,3,3,삼성,19,"3,4,22,23,32,34,41,43,47,49,56,63,64,80,83,90,135,136,149"
487,13:47,4,4,여의도,25,"7,11,12,13,17,30,38,45,52,72,74,75,76,82,86,88,89,91,94,96,101,104,124,134,137"
487,13:47,5,5,김포공항,14,"2,19,35,37,48,50,51,73,84,105,119,129,131,146"
487,13:47,6,6,일산,6,"16,25,62,107,114,123"
487,13:47,7,7,판교,5,"5,9,10,117,133"
487,13:47,8,8,동탄/용인,2,"42,110"
487,13:47,9,9,평택,19,"31,55,60,67,70,71,92,95,98,99,100,125,126,127,128,132,138,143,145"
488,13:48,1,1,서울역,16,"0,14,29,44,53,54,58,61,65,68,93,102,113,130,139,148"
488,13:48,10,10,인천공항,13,"8,24,36,77,81,108,111,112,120,122,140,141,144"
488,13:48,2,2,수서,9,"1,6,21,26,27,59,66,121,142"
488,13:48,3,3,삼성,19,"3,4,22,23,32,34,41,43,47,49,56,63,64,80,83,90,135,136,149"
488,13:48,4,4,여의도,25,"7,11,12,13,17,30,38,45,52,72,74,75,76,82,86,88,89,91,94,96,101,104,124,134,137"
488,13:48,5,5,김포공항,14,"2,19,35,37,48,50,51,73,84,105,119,129,131,146"
488,13:48,6,6,일산,7,"16,25,62,107,109,114,123"
488,13:48,7,7,판교,6,"5,9,10,18,117,133"
488,13:48,8,8,동탄/용인,2,"42,110"
488,13:48,9,9,평택,19,"31,55,60,67,70,71,92,95,98,99,100,125,126,127,128,132,138,143,145"
489,13:49,1,1,서울역,16,"0,14,29,44,53,54,58,61,65,68,93,102,113,130,139,148"
489,13:49,10,10,인천공항,13,"8,24,36,77,81,108,111,112,120,122,140,141,144"
489,13:49,2,2,수서,9,"1,6,21,26,27,59,66,121,142"
489,13:49,3,3,삼성,20,"3,4,20,22,23,32,34,41,43,47,49,56,63,64,80,83,90,135,136,149"
489,13:49,4,4,여의도,24,"7,11,12,13,17,30,45,52,72,74,75,76,82,86,88,89,91,94,96,101,104,124,134,137"
489,13:49,5,5,김포공항,14,"2,19,35,37,48,50,51,73,84,105,119,129,131,146"
489,13:49,6,6,일산,7,"16,25,62,107,109,114,123"
489,13:49,7,7,판교,7,"5,9,10,18,117,133,147"
489,13:49,8,8,동탄/용인,2,"42,118"
489,13:49,9,9,평택,19,"31,55,60,67,70,71,92,95,98,99,100,125,126,127,128,132,138,143,145"
490,13:50,1,1,서울역,16,"0,14,29,44,53,54,58,61,65,68,93,102,113,130,139,148"
490,13:50,10,10,인천공항,13,"8,24,36,77,81,108,111,112,120,122,140,141,144"
490,13:50,2,2,수서,10,"1,6,21,26,27,28,59,66,121,142"
490,13:50,3,3,삼성,20,"3,4,20,22,23,32,34,41,43,47,49,56,63,64,80,83,90,135,136,149"
490,13:50,4,4,여의도,26,"7,11,12,13,17,30,45,52,57,72,74,75,76,82,86,87,88,89,91,94,96,101,104,124,134,137"
490,13:50,5,5,김포공항,14,"2,19,35,37,48,50,51,73,84,105,119,129,131,146"
490,13:50,6,6,일산,6,"16,25,107,109,114,123"
490,13:50,7,7,판교,6,"5,9,10,18,117,147"
490,13:50,8,8,동탄/용인,2,"42,118"
490,13:50,9,9,평택,19,"31,55,60,67,70,71,92,95,98,99,100,125,126,127,128,132,138,143,145"
491,13:51,1,1,서울역,16,"0,14,29,44,53,54,58,61,65,68,93,102,113,130,139,148"
491,13:51,10,10,인천공항,14,"8,24,36,77,78,81,108,111,112,120,122,140,141,144"
491,13:51,2,2,수서,10,"1,6,21,26,27,28,59,66,121,142"
491,13:51,3,3,삼성,20,"3,4,20,22,23,32,34,41,43,47,49,56,63,64,80,83,90,135,136,149"
491,13:51,4,4,여의도,26,"7,11,12,13,17,30,45,52,57,72,74,75,76,82,86,87,88,89,91,94,96,101,104,124,134,137"
491,13:51,5,5,김포공항,13,"2,19,35,37,48,50,51,73,105,119,129,131,146"
491,13:51,6,6,일산,5,"16,25,107,114,123"
491,13:51,7,7,판교,6,"5,9,10,18,117,147"
491,13:51,8,8,동탄/용인,3,"42,116,118"
491,13:51,9,9,평택,17,"31,60,67,70,71,92,95,98,100,125,126,127,128,132,138,143,145"
492,13:52,1,1,서울역,15,"0,14,29,44,53,54,61,65,68,93,102,113,130,139,148"
492,13:52,10,10,인천공항,14,"8,24,36,77,78,81,108,111,112,120,122,140,141,144"
492,13:52,2,2,수서,10,"1,6,21,26,27,28,59,66,121,142"
492,13:52,3,3,삼성,20,"3,4,20,22,23,32,34,41,43,47,49,56,63,64,80,83,90,135,136,149"
492,13:52,4,4,여의도,24,"11,12,13,17,30,45,52,57,74,75,76,82,86,87,88,89,91,94,96,101,104,124,134,137"
492,13:52,5,5,김포공항,13,"2,19,35,37,48,50,51,73,105,119,129,131,146"
492,13:52,6,6,일산,6,"16,25,46,107,114,123"
492,13:52,7,7,판교,8,"5,9,10,15,18,33,117,147"
492,13:52,8,8,동탄/용인,2,"42,116"
492,13:52,9,9,평택,18,"31,60,67,70,71,92,95,98,100,103,125,126,127,128,132,138,143,145"
493,13:53,1,1,서울역,15,"0,14,29,44,53,54,61,65,68,93,102,113,130,139,148"
493,13:53,10,10,인천공항,14,"8,24,36,77,78,81,108,111,112,120,122,140,141,144"
493,13:53,2,2,수서,10,"1,6,21,26,27,28,59,66,121,142"
493,13:53,3,3,삼성,20,"3,4,20,22,23,32,34,41,43,47,49,56,63,64,80,83,90,135,136,149"
493,13:53,4,4,여의도,23,"11,12,13,17,30,45,52,57,75,76,82,86,88,89,91,94,96,101,104,106,124,134,137"
493,13:53,5,5,김포공항,12,"19,35,37,48,50,51,73,105,119,129,131,146"
493,13:53,6,6,일산,5,"16,25,46,107,114"
493,13:53,7,7,판교,8,"5,9,10,15,18,33,117,147"
493,13:53,8,8,동탄/용인,2,"42,116"
493,13:53,9,9,평택,17,"60,67,70,71,92,95,98,100,103,125,126,127,128,132,138,143,145"
494,13:54,1,1,서울역,15,"0,14,29,44,53,54,61,65,68,93,102,113,130,139,148"
494,13:54,10,10,인천공항,14,"8,24,36,77,78,81,108,111,112,120,122,140,141,144"
494,13:54,2,2,수서,10,"1,6,21,26,27,28,59,66,121,142"
494,13:54,3,3,삼성,20,"3,4,20,22,23,32,34,41,43,47,49,56,63,64,80,83,90,135,136,149"
494,13:54,4,4,여의도,22,"11,12,13,17,30,52,57,75,76,82,86,88,89,91,94,96,101,104,106,124,134,137"
494,13:54,5,5,김포공항,12,"19,35,37,48,50,51,73,105,119,129,131,146"
494,13:54,6,6,일산,5,"16,25,46,107,114"
494,13:54,7,7,판교,9,"5,9,10,15,18,33,69,117,147"
494,13:54,8,8,동탄/용인,1,42
494,13:54,9,9,평택,17,"60,67,70,71,92,95,98,100,103,125,126,127,128,132,138,143,145"
495,13:55,1,1,서울역,15,"0,14,29,44,53,54,61,65,68,93,102,113,130,139,148"
495,13:55,10,10,인천공항,15,"8,24,36,77,78,79,81,108,111,112,120,122,140,141,144"
495,13:55,2,2,수서,10,"1,6,21,26,27,28,38,59,66,142"
495,13:55,3,3,삼성,20,"3,4,20,22,23,32,34,41,43,47,49,56,63,64,80,83,90,135,136,149"
495,13:55,4,4,여의도,22,"11,12,13,17,30,52,57,75,76,82,86,88,89,91,94,96,101,104,106,124,134,137"
495,13:55,5,5,김포공항,12,"19,35,37,48,50,51,73,105,119,129,131,146"
495,13:55,6,6,일산,4,"16,25,46,114"
495,13:55,7,7,판교,9,"5,9,10,15,18,33,69,117,147"
495,13:55,8,8,동탄/용인,1,42
495,13:55,9,9,평택,17,"60,67,70,71,92,95,98,100,103,125,126,127,128,132,138,143,145"
496,13:56,1,1,서울역,15,"0,14,29,44,53,54,61,65,68,93,102,113,130,139,148"
496,13:56,10,10,인천공항,15,"8,24,36,77,78,79,81,108,111,112,120,122,140,141,144"
496,13:56,2,2,수서,10,"1,6,21,26,27,28,38,59,66,142"
496,13:56,3,3,삼성,20,"3,4,20,22,23,32,34,41,43,47,49,56,63,64,80,83,90,135,136,149"
496,13:56,4,4,여의도,22,"11,12,13,17,30,52,57,75,76,82,86,88,89,91,94,96,101,104,106,124,134,137"
496,13:56,5,5,김포공항,12,"19,35,37,48,50,51,73,105,119,129,131,146"
496,13:56,6,6,일산,4,"16,25,46,114"
496,13:56,7,7,판교,8,"5,9,10,15,33,69,117,147"
496,13:56,8,8,동탄/용인,1,42
496,13:56,9,9,평택,17,"60,67,70,71,92,95,98,100,103,125,126,127,128,132,138,143,145"
497,13:57,1,1,서울역,16,"0,14,29,44,53,54,61,62,65,68,93,102,113,130,139,148"
497,13:57,10,10,인천공항,15,"8,24,36,77,78,79,81,108,111,112,120,122,140,141,144"
497,13:57,2,2,수서,10,"1,6,21,26,27,28,38,59,66,142"
497,13:57,3,3,삼성,21,"3,4,20,22,23,32,34,40,41,43,47,49,56,63,64,80,83,90,135,136,149"
497,13:57,4,4,여의도,22,"11,12,13,17,30,52,57,75,76,82,86,88,89,91,94,96,101,104,106,124,134,137"
497,13:57,5,5,김포공항,12,"19,35,37,48,50,51,73,105,119,129,131,146"
497,13:57,6,6,일산,6,"16,25,46,97,114,115"
497,13:57,7,7,판교,8,"5,9,10,15,33,69,117,147"
497,13:57,8,8,동탄/용인,1,42
497,13:57,9,9,평택,17,"60,67,70,71,92,95,98,100,103,125,126,127,128,132,138,143,145"
498,13:58,1,1,서울역,16,"0,14,29,44,53,54,61,62,65,68,93,102,113,130,139,148"
498,13:58,10,10,인천공항,14,"24,36,77,78,79,81,108,111,112,120,122,140,141,144"
498,13:58,2,2,수서,10,"1,6,21,26,27,28,38,59,66,142"
498,13:58,3,3,삼성,21,"3,4,20,22,23,32,34,40,41,43,47,49,56,63,64,80,83,90,135,136,149"
498,13:58,4,4,여의도,19,"11,12,13,17,30,76,82,86,88,89,91,94,96,101,104,106,124,134,137"
498,13:58,5,5,김포공항,12,"19,35,37,48,50,51,73,105,119,129,131,146"
498,13:58,6,6,일산,7,"16,25,46,84,97,114,115"
498,13:58,7,7,판교,7,"5,9,10,15,33,69,117"
498,13:58,8,8,동탄/용인,1,42
498,13:58,9,9,평택,17,"60,67,70,71,92,95,98,100,103,125,126,127,128,132,138,143,145"
499,13:59,1,1,서울역,16,"0,14,29,44,53,54,61,62,65,68,93,102,113,130,139,148"
499,13:59,10,10,인천공항,14,"24,36,77,78,79,81,108,111,112,120,122,140,141,144"
499,13:59,2,2,수서,11,"1,6,21,26,27,28,38,58,59,66,142"
499,13:59,3,3,삼성,21,"3,4,20,22,23,32,34,40,41,43,47,49,56,63,64,80,83,90,135,136,149"
499,13:59,4,4,여의도,20,"11,12,13,17,30,39,76,82,86,88,89,91,94,96,101,104,106,124,134,137"
499,13:59,5,5,김포공항,12,"19,35,37,48,50,51,73,105,119,129,131,146"
499,13:59,6,6,일산,6,"16,25,84,97,114,115"
499,13:59,7,7,판교,8,"5,9,10,15,33,69,72,117"
499,13:59,8,8,동탄/용인,1,42
499,13:59,9,9,평택,16,"67,70,71,92,95,98,100,103,125,126,127,128,132,138,143,145"
500,14:00,1,1,서울역,16,"0,14,29,44,53,54,61,62,65,68,93,102,113,130,139,148"
500,14:00,10,10,인천공항,14,"24,36,77,78,79,81,108,111,112,120,122,140,141,144"
500,14:00,2,2,수서,12,"1,6,21,26,27,28,38,45,58,59,66,142"
500,14:00,3,3,삼성,21,"3,4,20,22,23,32,34,40,41,43,47,49,56,63,64,80,83,90,135,136,149"
500,14:00,4,4,여의도,20,"11,12,13,17,30,39,76,82,86,88,89,91,94,96,101,104,106,124,134,137"
500,14:00,5,5,김포공항,10,"19,35,48,50,51,105,119,129,131,133"
500,14:00,6,6,일산,7,"16,25,84,87,97,114,115"
500,14:00,7,7,판교,9,"5,9,10,15,33,69,72,74,117"
500,14:00,8,8,동탄/용인,1,42
500,14:00,9,9,평택,15,"67,70,71,95,98,100,103,125,126,127,128,132,138,143,145"
501,14:01,1,1,서울역,16,"0,14,29,44,53,54,61,62,65,68,93,102,113,130,139,148"
501,14:01,10,10,인천공항,13,"24,36,77,78,79,81,111,112,120,122,140,141,144"
501,14:01,2,2,수서,13,"1,2,6,21,26,27,28,38,45,58,59,66,142"
501,14:01,3,3,삼성,22,"3,4,20,22,23,32,34,40,41,43,47,49,56,63,64,80,83,85,90,135,136,149"
501,14:01,4,4,여의도,20,"11,12,13,17,30,39,76,82,86,88,89,91,94,96,101,104,106,124,134,137"
501,14:01,5,5,김포공항,10,"19,35,48,50,51,105,119,129,131,133"
501,14:01,6,6,일산,6,"16,25,87,97,114,115"
501,14:01,7,7,판교,8,"5,9,10,15,69,72,74,117"
501,14:01,8,8,동탄/용인,1,42
501,14:01,9,9,평택,15,"67,70,71,95,98,100,103,125,126,127,128,132,138,143,145"
502,14:02,1,1,서울역,15,"0,14,29,44,53,54,61,62,65,68,93,102,113,130,148"
502,14:02,10,10,인천공항,13,"24,36,77,78,79,81,111,112,120,122,140,141,144"
502,14:02,2,2,수서,13,"1,2,6,21,26,27,28,38,45,58,59,66,142"
502,14:02,3,3,삼성,22,"3,4,20,22,23,32,34,40,41,43,47,49,56,63,64,80,83,85,90,135,136,149"
502,14:02,4,4,여의도,20,"11,12,13,17,30,39,76,82,86,88,89,91,94,96,101,104,106,124,134,137"
502,14:02,5,5,김포공항,10,"19,35,48,50,51,105,119,129,131,133"
502,14:02,6,6,일산,5,"16,25,87,97,115"
502,14:02,7,7,판교,8,"5,9,10,15,69,72,74,117"
502,14:02,8,8,동탄/용인,1,42
502,14:02,9,9,평택,15,"67,70,71,95,98,100,103,125,126,127,128,132,138,143,145"
503,14:03,1,1,서울역,15,"0,14,29,44,53,54,61,62,65,68,93,102,113,130,148"
503,14:03,10,10,인천공항,13,"24,36,77,78,79,81,111,112,120,122,140,141,144"
503,14:03,2,2,수서,13,"1,2,6,21,26,27,28,38,45,58,59,66,142"
503,14:03,3,3,삼성,22,"3,4,20,22,23,32,34,40,41,43,47,49,56,63,64,80,83,85,90,135,136,149"
503,14:03,4,4,여의도,21,"11,12,13,17,18,30,39,76,82,86,88,89,91,94,96,101,104,106,124,134,137"
503,14:03,5,5,김포공항,10,"19,35,48,50,51,105,119,129,131,133"
503,14:03,6,6,일산,4,"16,25,87,115"
503,14:03,7,7,판교,8,"5,9,10,15,69,72,74,117"
503,14:03,8,8,동탄/용인,2,"7,42"
503,14:03,9,9,평택,15,"67,70,71,95,98,100,103,125,126,127,128,132,138,143,145"
504,14:04,1,1,서울역,15,"0,14,29,44,53,54,61,62,65,68,93,102,113,130,148"
504,14:04,10,10,인천공항,13,"24,36,77,78,79,81,111,112,120,122,140,141,144"
504,14:04,2,2,수서,13,"2,6,21,26,27,28,38,45,52,58,59,66,142"
504,14:04,3,3,삼성,22,"3,4,20,22,23,32,34,40,41,43,47,49,56,63,64,80,83,85,90,135,136,149"
504,14:04,4,4,여의도,21,"11,12,13,17,18,30,39,76,82,86,88,89,91,94,96,101,104,106,124,134,137"
504,14:04,5,5,김포공항,10,"19,35,48,50,51,105,119,129,131,133"
504,14:04,6,6,일산,4,"16,25,87,115"
504,14:04,7,7,판교,6,"10,15,69,72,74,117"
504,14:04,8,8,동탄/용인,2,"7,42"
504,14:04,9,9,평택,15,"67,70,71,95,98,100,103,125,126,127,128,132,138,143,145"
505,14:05,1,1,서울역,15,"0,14,29,44,53,54,61,62,65,68,93,102,113,130,148"
505,14:05,10,10,인천공항,13,"24,36,77,78,79,81,111,112,120,122,140,141,144"
505,14:05,2,2,수서,13,"2,6,21,26,27,28,38,45,52,58,59,66,142"
505,14:05,3,3,삼성,23,"3,4,20,22,23,32,34,40,41,43,47,49,56,63,64,80,83,85,90,107,135,136,149"
505,14:05,4,4,여의도,21,"11,12,13,17,18,30,39,76,82,86,88,89,91,94,96,101,104,106,124,134,137"
505,14:05,5,5,김포공항,10,"19,35,48,50,51,105,119,129,131,133"
505,14:05,6,6,일산,4,"16,25,87,115"
505,14:05,7,7,판교,8,"10,15,69,72,74,75,117,123"
505,14:05,8,8,동탄/용인,2,"7,42"
505,14:05,9,9,평택,15,"67,70,71,95,98,100,103,125,126,127,128,132,138,143,145"
506,14:06,1,1,서울역,15,"0,14,29,44,53,54,61,62,65,68,93,102,113,130,148"
506,14:06,10,10,인천공항,12,"36,77,78,79,81,111,112,120,122,140,141,144"
506,14:06,2,2,수서,11,"2,6,21,26,27,45,52,58,59,66,142"
506,14:06,3,3,삼성,23,"3,4,20,22,23,32,34,40,41,43,47,49,56,63,64,80,83,85,90,107,135,136,149"
506,14:06,4,4,여의도,21,"12,13,17,18,30,37,55,76,82,86,88,89,91,94,96,101,104,106,124,134,137"
506,14:06,5,5,김포공항,10,"19,35,48,50,51,105,119,129,131,133"
506,14:06,6,6,일산,5,"16,25,87,110,121"
506,14:06,7,7,판교,8,"10,15,69,72,74,75,117,123"
506,14:06,8,8,동탄/용인,3,"7,42,92"
506,14:06,9,9,평택,15,"67,70,71,95,98,100,103,125,126,127,128,132,138,143,145"
507,14:07,1,1,서울역,15,"0,14,29,44,53,54,61,62,65,68,93,102,113,130,148"
507,14:07,10,10,인천공항,12,"36,77,78,79,81,111,112,120,122,140,141,144"
507,14:07,2,2,수서,11,"2,21,26,27,31,45,52,58,59,66,142"
507,14:07,3,3,삼성,22,"3,4,20,22,23,34,40,41,43,47,49,56,63,64,80,83,85,90,107,135,136,149"
507,14:07,4,4,여의도,21,"12,13,17,18,30,37,55,76,82,86,88,89,91,94,96,101,104,106,124,134,137"
507,14:07,5,5,김포공항,9,"19,35,48,50,51,119,129,131,133"
507,14:07,6,6,일산,5,"16,25,87,110,121"
507,14:07,7,7,판교,8,"10,15,69,72,74,75,117,123"
507,14:07,8,8,동탄/용인,3,"7,42,92"
507,14:07,9,9,평택,15,"67,70,71,95,98,100,103,125,126,127,128,132,138,143,145"
508,14:08,1,1,서울역,15,"0,14,44,53,54,61,62,65,68,73,93,102,113,130,148"
508,14:08,10,10,인천공항,12,"36,77,78,79,81,111,112,120,122,140,141,144"
508,14:08,2,2,수서,12,"2,21,26,27,31,45,52,58,59,66,142,146"
508,14:08,3,3,삼성,22,"3,4,20,22,23,34,40,41,43,47,49,56,63,64,80,83,85,90,107,135,136,149"
508,14:08,4,4,여의도,20,"12,13,17,18,37,55,76,82,86,88,89,91,94,96,101,104,106,124,134,137"
508,14:08,5,5,김포공항,8,"48,50,51,119,129,131,133,147"
508,14:08,6,6,일산,4,"16,25,110,121"
508,14:08,7,7,판교,8,"10,15,69,72,74,75,117,123"
508,14:08,8,8,동탄/용인,3,"7,42,92"
508,14:08,9,9,평택,15,"67,70,71,95,98,100,103,125,126,127,128,132,138,143,145"
509,14:09,1,1,서울역,15,"0,14,44,53,54,61,62,65,68,73,93,102,113,130,148"
509,14:09,10,10,인천공항,12,"36,77,78,79,81,111,112,120,122,140,141,144"
509,14:09,2,2,수서,12,"2,21,26,27,31,45,52,58,59,66,142,146"
509,14:09,3,3,삼성,21,"3,4,20,22,23,34,40,41,43,47,56,63,64,80,83,85,90,107,135,136,149"
509,14:09,4,4,여의도,19,"12,13,17,18,55,76,82,86,88,89,91,94,96,101,104,106,124,134,137"
509,14:09,5,5,김포공항,8,"48,50,51,119,129,131,133,147"
509,14:09,6,6,일산,5,"16,25,110,118,121"
509,14:09,7,7,판교,8,"10,15,69,72,74,75,117,123"
509,14:09,8,8,동탄/용인,3,"7,42,92"
509,14:09,9,9,평택,14,"67,71,95,98,100,103,125,126,127,128,132,138,143,145"
510,14:10,1,1,서울역,15,"0,14,44,53,54,61,62,65,68,73,93,102,113,130,148"
510,14:10,10,10,인천공항,12,"36,77,78,79,81,111,112,120,122,140,141,144"
510,14:10,2,2,수서,12,"2,21,26,27,31,45,52,58,59,66,142,146"
510,14:10,3,3,삼성,21,"3,4,20,22,23,34,40,41,43,47,56,63,64,80,83,85,90,107,135,136,149"
510,14:10,4,4,여의도,20,"8,12,13,17,18,55,76,82,86,88,89,91,94,96,101,104,106,124,134,137"
510,14:10,5,5,김포공항,8,"48,50,51,119,129,131,133,147"
510,14:10,6,6,일산,5,"16,25,110,118,121"
510,14:10,7,7,판교,8,"10,15,69,72,74,75,117,123"
510,14:10,8,8,동탄/용인,3,"7,42,92"
510,14:10,9,9,평택,14,"67,71,95,98,100,103,125,126,127,128,132,138,143,145"
511,14:11,1,1,서울역,14,"0,14,44,53,54,61,62,65,68,93,102,113,130,148"
511,14:11,10,10,인천공항,12,"36,77,78,79,81,111,112,120,122,140,141,144"
511,14:11,2,2,수서,12,"2,21,26,27,31,45,52,58,59,66,142,146"
511,14:11,3,3,삼성,20,"3,4,20,22,23,34,40,41,43,56,63,64,80,83,85,90,107,135,136,149"
511,14:11,4,4,여의도,21,"5,8,9,12,13,17,18,55,82,86,88,89,91,94,96,101,104,106,124,134,137"
511,14:11,5,5,김포공항,8,"48,50,51,119,129,131,133,147"
511,14:11,6,6,일산,7,"16,25,99,110,116,118,121"
511,14:11,7,7,판교,9,"10,15,46,69,72,74,75,117,123"
511,14:11,8,8,동탄/용인,3,"7,42,92"
511,14:11,9,9,평택,15,"67,71,95,98,100,103,109,125,126,127,128,132,138,143,145"
512,14:12,1,1,서울역,14,"0,14,44,53,54,61,62,65,68,93,102,113,130,148"
512,14:12,10,10,인천공항,12,"36,77,78,79,81,111,112,120,122,140,141,144"
512,14:12,2,2,수서,13,"2,21,26,27,31,39,45,52,58,59,66,142,146"
512,14:12,3,3,삼성,21,"3,4,20,22,23,34,40,41,43,56,63,64,80,83,85,90,107,114,135,136,149"
512,14:12,4,4,여의도,21,"5,8,9,12,13,17,18,28,55,86,88,89,91,94,96,101,104,106,124,134,137"
512,14:12,5,5,김포공항,9,"1,48,50,51,119,129,131,133,147"
512,14:12,6,6,일산,7,"16,25,99,110,116,118,121"
512,14:12,7,7,판교,9,"10,15,46,69,72,74,75,117,123"
512,14:12,8,8,동탄/용인,3,"7,42,92"
512,14:12,9,9,평택,14,"67,95,98,100,103,109,125,126,127,128,132,138,143,145"
513,14:13,1,1,서울역,15,"0,14,38,44,53,54,61,62,65,68,93,102,113,130,148"
513,14:13,10,10,인천공항,12,"36,77,78,79,81,111,112,120,122,140,141,144"
513,14:13,2,2,수서,13,"2,21,26,27,31,39,45,52,58,59,66,142,146"
513,14:13,3,3,삼성,20,"3,20,22,23,34,40,41,43,56,63,64,80,83,85,90,107,114,135,136,149"
513,14:13,4,4,여의도,21,"5,8,9,12,13,17,18,28,55,86,88,89,91,94,96,101,104,106,124,134,137"
513,14:13,5,5,김포공항,9,"1,48,50,51,119,129,131,133,147"
513,14:13,6,6,일산,8,"16,25,33,99,110,116,118,121"
513,14:13,7,7,판교,10,"10,11,15,46,69,72,74,75,117,123"
513,14:13,8,8,동탄/용인,2,"7,42"
513,14:13,9,9,평택,15,"57,67,95,98,100,103,109,125,126,127,128,132,138,143,145"
514,14:14,1,1,서울역,14,"0,14,38,44,53,54,61,62,65,68,93,102,113,148"
514,14:14,10,10,인천공항,12,"36,77,78,79,81,111,112,120,122,140,141,144"
514,14:14,2,2,수서,12,"2,21,26,27,31,39,45,52,58,59,66,142"
514,14:14,3,3,삼성,19,"3,20,22,23,41,43,56,60,63,64,80,83,85,90,107,114,135,136,149"
514,14:14,4,4,여의도,22,"5,8,9,12,13,17,18,28,35,55,86,88,89,91,94,96,101,104,106,124,134,137"
514,14:14,5,5,김포공항,9,"1,48,50,51,119,129,131,133,147"
514,14:14,6,6,일산,8,"16,25,33,99,110,116,118,121"
514,14:14,7,7,판교,10,"10,11,15,46,69,72,74,75,117,123"
514,14:14,8,8,동탄/용인,2,"7,42"
514,14:14,9,9,평택,15,"57,67,95,98,100,103,109,125,126,127,128,132,138,143,145"
515,14:15,1,1,서울역,15,"0,14,38,44,53,54,61,62,65,68,93,102,105,113,148"
515,14:15,10,10,인천공항,11,"36,77,78,79,81,120,122,139,140,141,144"
515,14:15,2,2,수서,11,"2,26,27,31,39,45,52,58,59,66,142"
515,14:15,3,3,삼성,19,"3,20,22,23,41,43,56,60,63,64,80,83,85,90,107,114,135,136,149"
515,14:15,4,4,여의도,21,"5,8,9,12,13,17,18,28,35,86,88,89,91,94,96,101,104,106,124,134,137"
515,14:15,5,5,김포공항,10,"1,6,48,50,51,119,129,131,133,147"
515,14:15,6,6,일산,8,"16,25,33,99,110,116,118,121"
515,14:15,7,7,판교,13,"10,11,15,29,30,46,69,72,74,75,97,117,123"
515,14:15,8,8,동탄/용인,1,42
515,14:15,9,9,평택,15,"57,67,95,98,100,103,109,125,126,127,128,132,138,143,145"
516,14:16,1,1,서울역,14,"14,38,44,53,54,61,62,65,68,93,102,105,113,148"
516,14:16,10,10,인천공항,11,"36,77,78,79,81,120,122,139,140,141,144"
516,14:16,2,2,수서,12,"2,19,26,27,31,39,45,52,58,59,66,142"
516,14:16,3,3,삼성,19,"3,22,23,41,43,56,60,63,64,80,83,85,90,107,108,114,135,136,149"
516,14:16,4,4,여의도,21,"5,8,9,12,13,17,18,28,35,86,88,89,91,94,96,101,104,106,124,134,137"
516,14:16,5,5,김포공항,10,"1,6,48,50,51,119,129,131,133,147"
516,14:16,6,6,일산,8,"16,25,33,99,110,116,118,121"
516,14:16,7,7,판교,13,"10,11,15,29,30,46,69,72,74,75,97,117,123"
516,14:16,8,8,동탄/용인,1,42
516,14:16,9,9,평택,14,"57,67,95,98,100,103,109,126,127,128,132,138,143,145"
517,14:17,1,1,서울역,15,"14,38,44,47,53,54,61,62,65,68,93,102,105,113,148"
517,14:17,10,10,인천공항,11,"36,77,78,79,81,120,122,139,140,141,144"
517,14:17,2,2,수서,13,"2,19,26,27,31,39,45,52,58,59,66,76,142"
517,14:17,3,3,삼성,18,"22,23,41,43,56,60,63,64,80,83,85,90,107,108,114,135,136,149"
517,14:17,4,4,여의도,20,"5,8,9,12,13,17,18,28,86,88,89,91,94,96,101,104,106,124,134,137"
517,14:17,5,5,김포공항,11,"1,6,48,49,50,51,119,129,131,133,147"
517,14:17,6,6,일산,7,"16,25,33,110,116,118,121"
517,14:17,7,7,판교,13,"10,11,15,29,30,46,69,72,74,75,97,117,123"
517,14:17,8,8,동탄/용인,1,42
517,14:17,9,9,평택,13,"57,95,98,100,103,109,126,127,128,132,138,143,145"
518,14:18,1,1,서울역,14,"14,38,44,47,53,54,62,65,68,93,102,105,113,148"
518,14:18,10,10,인천공항,11,"36,77,78,79,81,120,122,139,140,141,144"
518,14:18,2,2,수서,13,"2,19,26,27,31,39,45,52,58,59,66,76,142"
518,14:18,3,3,삼성,19,"22,23,41,43,56,60,63,64,80,83,85,87,90,107,108,114,135,136,149"
518,14:18,4,4,여의도,21,"5,8,9,12,13,17,18,24,28,86,88,89,91,94,96,101,104,106,124,134,137"
518,14:18,5,5,김포공항,11,"1,6,48,49,50,51,119,129,131,133,147"
518,14:18,6,6,일산,7,"16,25,33,110,116,118,121"
518,14:18,7,7,판교,14,"10,11,15,29,30,46,69,72,74,75,97,115,117,123"
518,14:18,8,8,동탄/용인,2,"42,84"
518,14:18,9,9,평택,13,"57,95,98,100,103,109,126,127,128,132,138,143,145"
519,14:19,1,1,서울역,12,"38,47,53,54,62,65,68,93,102,105,113,148"
519,14:19,10,10,인천공항,11,"36,77,78,79,81,120,122,139,140,141,144"
519,14:19,2,2,수서,13,"2,19,26,27,31,39,45,52,58,59,66,76,142"
519,14:19,3,3,삼성,19,"22,23,41,43,56,60,63,64,80,83,85,87,90,107,108,114,135,136,149"
519,14:19,4,4,여의도,21,"5,8,9,12,13,17,18,24,28,86,88,89,91,94,96,101,104,106,124,134,137"
519,14:19,5,5,김포공항,11,"1,6,48,49,50,51,119,129,131,133,147"
519,14:19,6,6,일산,7,"16,25,33,110,116,118,121"
519,14:19,7,7,판교,14,"11,15,29,30,46,69,72,74,75,82,97,115,117,123"
519,14:19,8,8,동탄/용인,2,"42,84"
519,14:19,9,9,평택,12,"57,95,98,100,103,126,127,128,132,138,143,145"
520,14:20,1,1,서울역,12,"38,47,53,54,62,65,68,93,102,105,113,148"
520,14:20,10,10,인천공항,11,"36,77,78,79,81,120,122,139,140,141,144"
520,14:20,2,2,수서,12,"2,19,26,27,31,39,45,52,59,66,76,142"
520,14:20,3,3,삼성,19,"22,23,41,43,56,60,63,64,80,83,85,87,90,107,108,114,135,136,149"
520,14:20,4,4,여의도,22,"4,5,8,9,12,13,17,18,24,28,86,88,89,91,94,96,101,104,106,124,134,137"
520,14:20,5,5,김포공항,6,"1,6,49,50,51,119"
520,14:20,6,6,일산,7,"16,25,33,110,116,118,121"
520,14:20,7,7,판교,12,"11,15,29,30,46,74,75,82,97,115,117,123"
520,14:20,8,8,동탄/용인,2,"42,84"
520,14:20,9,9,평택,12,"57,95,98,100,103,126,127,128,132,138,143,145"
521,14:21,1,1,서울역,10,"38,47,53,65,68,93,102,105,113,148"
521,14:21,10,10,인천공항,12,"36,37,77,78,79,81,120,122,139,140,141,144"
521,14:21,2,2,수서,13,"2,19,26,27,31,39,45,52,55,59,66,76,142"
521,14:21,3,3,삼성,19,"22,23,41,43,56,60,63,64,80,83,85,87,90,107,108,114,135,136,149"
521,14:21,4,4,여의도,23,"4,5,8,9,12,13,18,24,28,34,40,86,88,89,91,94,96,101,104,106,124,134,137"
521,14:21,5,5,김포공항,6,"1,6,49,50,51,119"
521,14:21,6,6,일산,7,"16,25,33,110,116,118,121"
521,14:21,7,7,판교,12,"11,15,29,30,46,74,75,82,97,115,117,123"
521,14:21,8,8,동탄/용인,2,"42,84"
521,14:21,9,9,평택,12,"57,95,98,100,103,126,127,128,132,138,143,145"
522,14:22,1,1,서울역,10,"38,47,53,65,68,93,102,105,113,148"
522,14:22,10,10,인천공항,12,"36,37,77,78,79,81,120,122,139,140,141,144"
522,14:22,2,2,수서,13,"2,19,26,27,31,39,45,52,55,59,66,76,142"
522,14:22,3,3,삼성,18,"22,23,43,56,60,63,64,80,83,85,87,90,107,108,114,135,136,149"
522,14:22,4,4,여의도,23,"4,5,8,9,12,13,18,24,28,34,40,86,88,89,91,94,96,101,104,106,124,134,137"
522,14:22,5,5,김포공항,5,"6,49,50,51,119"
522,14:22,6,6,일산,7,"16,25,33,110,116,118,121"
522,14:22,7,7,판교,12,"11,15,29,30,46,74,75,82,97,115,117,123"
522,14:22,8,8,동탄/용인,2,"42,84"
522,14:22,9,9,평택,13,"32,57,95,98,100,103,126,127,128,132,138,143,145"
523,14:23,1,1,서울역,9,"38,47,53,65,68,93,102,113,148"
523,14:23,10,10,인천공항,12,"36,37,77,78,79,81,120,122,139,140,141,144"
523,14:23,2,2,수서,12,"2,19,26,27,39,45,52,55,59,66,76,142"
523,14:23,3,3,삼성,15,"23,43,60,64,80,83,85,87,90,107,108,114,135,136,149"
523,14:23,4,4,여의도,22,"4,5,8,9,12,13,18,24,28,34,40,88,89,91,94,96,101,104,106,124,134,137"
523,14:23,5,5,김포공항,6,"6,21,49,50,51,119"
523,14:23,6,6,일산,7,"16,25,33,110,116,118,121"
523,14:23,7,7,판교,13,"0,11,15,29,30,46,74,75,82,97,115,117,123"
523,14:23,8,8,동탄/용인,2,"42,84"
523,14:23,9,9,평택,13,"32,57,95,98,100,103,126,127,128,132,138,143,145"
524,14:24,1,1,서울역,9,"38,47,53,65,68,93,102,113,148"
524,14:24,10,10,인천공항,13,"36,37,73,77,78,79,81,120,122,139,140,141,144"
524,14:24,2,2,수서,12,"2,19,26,27,39,45,52,55,59,66,76,142"
524,14:24,3,3,삼성,15,"23,43,60,61,70,80,83,85,90,107,108,114,135,136,149"
524,14:24,4,4,여의도,21,"4,5,8,9,13,18,28,34,40,88,89,91,92,94,96,101,104,106,124,134,137"
524,14:24,5,5,김포공항,7,"6,20,21,49,50,51,119"
524,14:24,6,6,일산,6,"16,25,33,116,118,121"
524,14:24,7,7,판교,13,"0,11,15,29,30,46,74,75,82,97,115,117,123"
524,14:24,8,8,동탄/용인,2,"42,84"
524,14:24,9,9,평택,13,"32,57,95,98,100,103,126,127,128,132,138,143,145"
525,14:25,1,1,서울역,9,"38,47,53,65,68,93,102,113,148"
525,14:25,10,10,인천공항,13,"36,37,73,77,78,79,81,120,122,139,140,141,144"
525,14:25,2,2,수서,11,"2,26,27,39,45,52,55,59,66,76,142"
525,14:25,3,3,삼성,16,"7,23,43,60,61,70,80,83,85,90,107,108,114,135,136,149"
525,14:25,4,4,여의도,20,"4,5,8,9,13,18,34,40,88,89,91,92,94,96,101,104,106,124,134,137"
525,14:25,5,5,김포공항,7,"6,20,21,49,50,51,119"
525,14:25,6,6,일산,6,"16,25,33,116,118,146"
525,14:25,7,7,판교,12,"0,11,15,29,30,46,74,75,82,97,115,117"
525,14:25,8,8,동탄/용인,2,"42,84"
525,14:25,9,9,평택,13,"32,57,95,98,100,103,126,127,128,132,138,143,145"
526,14:26,1,1,서울역,7,"38,53,68,93,102,113,148"
526,14:26,10,10,인천공항,13,"36,37,73,77,78,79,81,120,122,139,140,141,144"
526,14:26,2,2,수서,12,"2,14,26,27,39,45,52,55,59,66,76,142"
526,14:26,3,3,삼성,16,"7,23,43,60,61,70,80,83,85,90,107,108,114,135,136,149"
526,14:26,4,4,여의도,23,"4,5,8,9,10,13,18,34,40,48,88,89,91,92,94,96,101,104,106,124,129,134,137"
526,14:26,5,5,김포공항,7,"6,20,21,49,50,51,119"
526,14:26,6,6,일산,4,"33,116,118,146"
526,14:26,7,7,판교,13,"0,11,15,29,30,44,46,74,75,82,97,115,117"
526,14:26,8,8,동탄/용인,2,"42,84"
526,14:26,9,9,평택,13,"32,57,95,98,100,103,126,127,128,132,138,143,145"
527,14:27,1,1,서울역,8,"38,53,68,69,93,102,113,148"
527,14:27,10,10,인천공항,13,"36,37,73,77,78,79,81,120,122,139,140,141,144"
527,14:27,2,2,수서,12,"2,14,26,27,39,45,52,55,59,66,76,142"
527,14:27,3,3,삼성,16,"7,23,43,60,61,70,80,83,85,90,107,108,114,135,136,149"
527,14:27,4,4,여의도,24,"4,5,8,9,10,13,18,34,40,48,72,88,89,91,92,94,96,101,104,106,124,129,134,137"
527,14:27,5,5,김포공항,6,"6,20,21,49,50,51"
527,14:27,6,6,일산,5,"33,116,118,146,147"
527,14:27,7,7,판교,12,"0,11,15,30,44,46,74,75,82,97,115,117"
527,14:27,8,8,동탄/용인,2,"42,84"
527,14:27,9,9,평택,13,"32,57,95,98,100,103,126,127,128,132,138,143,145"
528,14:28,1,1,서울역,8,"38,53,69,71,93,102,113,148"
528,14:28,10,10,인천공항,13,"36,37,73,77,78,79,81,120,122,139,140,141,144"
528,14:28,2,2,수서,13,"2,14,26,27,39,45,52,55,59,62,66,76,142"
528,14:28,3,3,삼성,18,"7,23,43,60,61,70,80,83,85,90,107,108,114,131,133,135,136,149"
528,14:28,4,4,여의도,24,"4,5,8,9,10,13,18,34,40,48,72,88,89,91,92,94,96,101,104,106,124,129,134,137"
528,14:28,5,5,김포공항,7,"6,20,21,49,50,51,58"
528,14:28,6,6,일산,6,"33,54,116,118,146,147"
528,14:28,7,7,판교,11,"0,11,15,44,46,74,75,82,97,115,117"
528,14:28,8,8,동탄/용인,3,"35,42,84"
528,14:28,9,9,평택,13,"32,57,95,98,100,103,126,127,128,132,138,143,145"
529,14:29,1,1,서울역,8,"38,53,69,71,93,102,113,148"
529,14:29,10,10,인천공항,13,"36,37,73,77,78,79,81,120,122,139,140,141,144"
529,14:29,2,2,수서,12,"2,14,26,27,39,45,52,55,62,66,76,142"
529,14:29,3,3,삼성,17,"7,43,60,61,70,80,83,85,90,107,108,114,131,133,135,136,149"
529,14:29,4,4,여의도,21,"5,9,10,13,18,34,40,41,72,88,89,91,92,94,96,101,104,106,124,134,137"
529,14:29,5,5,김포공항,7,"6,20,21,49,50,51,58"
529,14:29,6,6,일산,6,"33,54,116,118,146,147"
529,14:29,7,7,판교,12,"0,11,15,44,46,74,75,82,97,99,115,117"
529,14:29,8,8,동탄/용인,3,"35,42,84"
529,14:29,9,9,평택,13,"32,57,95,98,100,103,126,127,128,132,138,143,145"
530,14:30,1,1,서울역,9,"31,38,53,69,71,93,102,113,148"
530,14:30,10,10,인천공항,13,"36,37,73,77,78,79,81,120,122,139,140,141,144"
530,14:30,2,2,수서,12,"2,14,26,27,39,45,52,55,62,66,76,142"
530,14:30,3,3,삼성,19,"7,43,60,61,70,80,83,85,90,107,108,111,112,114,131,133,135,136,149"
530,14:30,4,4,여의도,21,"5,9,10,13,18,40,41,63,72,88,89,91,92,94,96,101,104,106,124,134,137"
530,14:30,5,5,김포공항,6,"6,21,49,50,51,58"
530,14:30,6,6,일산,5,"33,54,116,118,146"
530,14:30,7,7,판교,13,"0,11,15,44,46,74,75,82,86,97,99,115,117"
530,14:30,8,8,동탄/용인,3,"35,42,84"
530,14:30,9,9,평택,14,"32,57,95,98,100,103,126,127,128,130,132,138,143,145"
531,14:31,1,1,서울역,9,"31,38,53,69,71,93,102,113,148"
531,14:31,10,10,인천공항,13,"36,37,73,77,78,79,81,120,122,139,140,141,144"
531,14:31,2,2,수서,13,"2,14,26,27,39,45,52,55,62,66,76,123,142"
531,14:31,3,3,삼성,17,"7,43,60,61,70,80,83,85,90,107,108,111,112,114,135,136,149"
531,14:31,4,4,여의도,21,"5,9,10,13,18,40,41,63,72,88,89,91,92,94,96,101,104,106,124,134,137"
531,14:31,5,5,김포공항,8,"6,21,22,49,50,51,56,58"
531,14:31,6,6,일산,5,"33,54,116,118,146"
531,14:31,7,7,판교,14,"0,11,15,24,44,46,74,75,82,86,97,99,115,117"
531,14:31,8,8,동탄/용인,3,"35,42,84"
531,14:31,9,9,평택,14,"32,57,95,98,100,103,126,127,128,130,132,138,143,145"
532,14:32,1,1,서울역,8,"31,38,53,69,71,102,113,148"
532,14:32,10,10,인천공항,12,"37,73,77,78,79,81,120,122,139,140,141,144"
532,14:32,2,2,수서,13,"2,14,26,27,39,45,52,55,62,66,76,123,142"
532,14:32,3,3,삼성,16,"7,43,60,61,70,80,85,90,107,108,111,112,114,135,136,149"
532,14:32,4,4,여의도,19,"5,9,10,13,41,63,67,72,88,91,92,94,96,101,104,106,124,134,137"
532,14:32,5,5,김포공항,7,"6,22,49,50,51,56,58"
532,14:32,6,6,일산,5,"33,54,116,118,146"
532,14:32,7,7,판교,14,"0,11,15,24,28,44,74,75,82,86,97,99,115,117"
532,14:32,8,8,동탄/용인,3,"35,42,84"
532,14:32,9,9,평택,15,"3,32,57,95,98,100,103,126,127,128,130,132,138,143,145"
533,14:33,1,1,서울역,6,"31,69,71,102,113,148"
533,14:33,10,10,인천공항,11,"37,73,77,78,81,120,122,139,140,141,144"
533,14:33,2,2,수서,13,"2,14,26,27,39,45,52,62,65,66,76,123,142"
533,14:33,3,3,삼성,16,"7,43,60,61,70,80,85,90,107,108,111,112,114,135,136,149"
533,14:33,4,4,여의도,18,"5,9,10,13,41,63,67,88,91,92,94,96,101,104,106,124,134,137"
533,14:33,5,5,김포공항,7,"6,22,49,50,51,56,58"
533,14:33,6,6,일산,5,"33,54,116,118,146"
533,14:33,7,7,판교,14,"0,11,15,24,28,44,74,75,82,86,97,99,115,117"
533,14:33,8,8,동탄/용인,3,"35,42,84"
533,14:33,9,9,평택,15,"3,32,57,95,98,100,103,126,127,128,130,132,138,143,145"
534,14:34,1,1,서울역,7,"29,31,69,71,102,113,148"
534,14:34,10,10,인천공항,11,"37,73,77,78,81,120,122,139,140,141,144"
534,14:34,2,2,수서,12,"2,14,26,27,39,45,52,62,65,66,76,142"
534,14:34,3,3,삼성,16,"7,43,60,61,70,80,85,90,107,108,111,112,114,135,136,149"
534,14:34,4,4,여의도,18,"5,9,10,13,41,63,67,88,91,92,94,96,101,104,106,124,134,137"
534,14:34,5,5,김포공항,7,"6,22,49,50,51,56,58"
534,14:34,6,6,일산,5,"33,54,116,118,146"
534,14:34,7,7,판교,13,"0,11,15,24,28,44,74,75,82,86,97,99,115"
534,14:34,8,8,동탄/용인,2,"42,84"
534,14:34,9,9,평택,15,"3,32,57,95,98,100,103,126,127,128,130,132,138,143,145"
535,14:35,1,1,서울역,9,"29,30,31,69,71,102,113,119,148"
535,14:35,10,10,인천공항,10,"73,77,78,81,120,122,139,140,141,144"
535,14:35,2,2,수서,12,"2,4,14,26,27,39,45,52,65,66,76,142"
535,14:35,3,3,삼성,16,"7,43,60,61,70,80,85,90,107,108,111,112,114,135,136,149"
535,14:35,4,4,여의도,17,"5,9,10,13,41,63,88,91,92,94,96,101,104,106,124,134,137"
535,14:35,5,5,김포공항,7,"6,22,49,50,51,56,58"
535,14:35,6,6,일산,5,"33,54,116,118,146"
535,14:35,7,7,판교,13,"0,11,15,24,28,68,74,75,82,86,97,99,115"
535,14:35,8,8,동탄/용인,2,"42,84"
535,14:35,9,9,평택,15,"3,32,57,95,98,100,103,126,127,128,130,132,138,143,145"
536,14:36,1,1,서울역,8,"29,30,31,71,102,113,119,148"
536,14:36,10,10,인천공항,11,"12,77,78,81,105,120,122,139,140,141,144"
536,14:36,2,2,수서,12,"2,4,14,26,27,34,39,52,65,66,76,142"
536,14:36,3,3,삼성,16,"7,43,60,61,70,80,85,90,107,108,111,112,114,135,136,149"
536,14:36,4,4,여의도,18,"5,9,10,13,20,23,41,63,88,92,94,96,101,104,106,124,134,137"
536,14:36,5,5,김포공항,7,"6,22,49,50,51,56,58"
536,14:36,6,6,일산,7,"19,33,54,116,118,125,146"
536,14:36,7,7,판교,15,"0,8,11,15,24,28,68,74,75,82,86,97,99,110,115"
536,14:36,8,8,동탄/용인,2,"42,84"
536,14:36,9,9,평택,15,"3,17,57,95,98,100,103,126,127,128,130,132,138,143,145"
537,14:37,1,1,서울역,8,"29,30,31,71,102,113,119,148"
537,14:37,10,10,인천공항,10,"12,77,78,105,120,122,139,140,141,144"
537,14:37,2,2,수서,12,"2,4,14,26,27,34,39,52,65,66,76,142"
537,14:37,3,3,삼성,16,"7,43,60,61,70,80,85,90,107,108,111,112,114,135,136,149"
537,14:37,4,4,여의도,17,"5,9,10,13,20,23,41,63,92,94,96,101,104,106,124,134,137"
537,14:37,5,5,김포공항,8,"6,22,49,50,51,56,58,59"
537,14:37,6,6,일산,7,"19,33,54,116,118,125,146"
537,14:37,7,7,판교,14,"8,11,15,24,28,68,74,75,82,86,97,99,110,115"
537,14:37,8,8,동탄/용인,1,42
537,14:37,9,9,평택,15,"3,17,57,95,98,100,103,126,127,128,130,132,138,143,145"
538,14:38,1,1,서울역,7,"29,30,31,102,113,119,148"
538,14:38,10,10,인천공항,11,"12,77,78,105,109,120,122,139,140,141,144"
538,14:38,2,2,수서,13,"2,4,14,26,27,34,39,40,52,65,66,76,142"
538,14:38,3,3,삼성,16,"7,43,60,61,70,80,85,90,107,108,111,112,114,135,136,149"
538,14:38,4,4,여의도,16,"5,9,10,13,20,23,63,92,94,96,101,104,106,124,134,137"
538,14:38,5,5,김포공항,8,"6,22,49,50,51,56,58,59"
538,14:38,6,6,일산,7,"19,33,54,116,118,125,146"
538,14:38,7,7,판교,16,"8,11,15,16,24,25,28,68,74,75,82,86,97,99,110,115"
538,14:38,8,8,동탄/용인,1,42
538,14:38,9,9,평택,15,"3,17,57,95,98,100,103,126,127,128,130,132,138,143,145"
539,14:39,1,1,서울역,8,"29,30,31,67,102,113,119,148"
539,14:39,10,10,인천공항,13,"12,47,64,77,78,105,109,120,122,139,140,141,144"
539,14:39,2,2,수서,14,"2,4,14,26,27,34,39,40,52,65,66,72,76,142"
539,14:39,3,3,삼성,15,"7,43,60,61,70,80,90,107,108,111,112,114,135,136,149"
539,14:39,4,4,여의도,16,"5,9,10,13,23,46,63,92,94,96,101,104,106,124,134,137"
539,14:39,5,5,김포공항,8,"6,22,49,50,51,56,58,59"
539,14:39,6,6,일산,7,"19,33,54,116,118,125,146"
539,14:39,7,7,판교,18,"8,11,15,16,24,25,28,68,74,75,82,86,89,93,97,99,110,115"
539,14:39,8,8,동탄/용인,1,42
539,14:39,9,9,평택,17,"1,3,17,57,87,95,98,100,103,126,127,128,130,132,138,143,145"
540,14:40,1,1,서울역,8,"29,30,31,67,102,113,119,148"
540,14:40,10,10,인천공항,12,"12,47,64,77,78,105,109,120,122,139,140,144"
540,14:40,2,2,수서,13,"2,4,14,26,27,34,40,52,65,66,72,76,142"
540,14:40,3,3,삼성,15,"7,43,60,61,70,80,90,107,108,111,112,114,135,136,149"
540,14:40,4,4,여의도,15,"5,9,13,23,46,63,92,94,96,101,104,106,124,134,137"
540,14:40,5,5,김포공항,7,"6,22,49,50,56,59,83"
540,14:40,6,6,일산,6,"19,54,116,118,125,146"
540,14:40,7,7,판교,18,"8,11,15,16,24,25,28,68,74,75,82,86,89,93,97,99,110,115"
540,14:40,8,8,동탄/용인,1,42
540,14:40,9,9,평택,17,"1,3,17,57,87,95,98,100,103,126,127,128,130,132,138,143,145"
541,14:41,1,1,서울역,7,"29,30,31,67,102,113,148"
541,14:41,10,10,인천공항,13,"12,47,48,64,77,78,105,109,120,122,139,140,144"
541,14:41,2,2,수서,13,"2,4,14,26,27,34,40,52,65,66,72,76,142"
541,14:41,3,3,삼성,13,"7,43,60,70,80,90,107,108,111,112,114,135,136"
541,14:41,4,4,여의도,15,"5,9,13,23,46,63,92,94,96,101,104,106,124,134,137"
541,14:41,5,5,김포공항,8,"6,22,49,50,55,56,59,83"
541,14:41,6,6,일산,6,"19,54,116,118,125,146"
541,14:41,7,7,판교,18,"8,11,15,16,24,25,28,68,74,75,82,86,89,93,97,99,110,115"
541,14:41,8,8,동탄/용인,1,42
541,14:41,9,9,평택,16,"1,17,57,87,95,98,100,103,126,127,128,130,132,138,143,145"
542,14:42,1,1,서울역,6,"29,30,31,67,113,148"
542,14:42,10,10,인천공항,13,"12,47,48,64,77,78,105,109,120,122,139,140,144"
542,14:42,2,2,수서,13,"2,4,14,26,27,34,40,52,65,66,72,76,142"
542,14:42,3,3,삼성,13,"7,43,60,70,80,90,107,108,111,112,114,135,136"
542,14:42,4,4,여의도,16,"5,9,13,23,44,46,63,92,94,96,101,104,106,124,134,137"
542,14:42,5,5,김포공항,9,"6,22,36,49,50,55,56,59,83"
542,14:42,6,6,일산,6,"19,54,116,118,125,146"
542,14:42,7,7,판교,18,"8,11,15,16,24,25,28,68,74,75,82,86,89,93,97,99,110,115"
542,14:42,8,8,동탄/용인,1,42
542,14:42,9,9,평택,16,"1,17,57,87,95,98,100,103,126,127,128,130,132,138,143,145"
543,14:43,1,1,서울역,7,"29,30,31,45,67,113,148"
543,14:43,10,10,인천공항,13,"12,47,48,64,77,78,105,109,120,122,139,140,144"
543,14:43,2,2,수서,14,"2,4,14,26,27,34,40,52,65,66,72,76,88,142"
543,14:43,3,3,삼성,11,"7,43,60,70,80,107,108,111,112,114,136"
543,14:43,4,4,여의도,14,"9,23,44,46,63,92,94,96,101,104,106,124,134,137"
543,14:43,5,5,김포공항,10,"6,22,36,49,50,55,56,59,62,83"
543,14:43,6,6,일산,6,"19,54,116,118,125,146"
543,14:43,7,7,판교,19,"8,11,15,16,24,25,28,68,74,75,82,86,89,91,93,97,99,110,115"
543,14:43,8,8,동탄/용인,1,42
543,14:43,9,9,평택,16,"1,17,57,87,95,98,100,103,126,127,128,130,132,138,143,145"
544,14:44,1,1,서울역,9,"0,10,29,30,31,45,67,113,148"
544,14:44,10,10,인천공항,13,"12,47,48,64,77,78,105,109,120,122,139,140,144"
544,14:44,2,2,수서,13,"2,14,26,27,34,40,41,52,65,66,72,76,88"
544,14:44,3,3,삼성,11,"7,35,43,60,70,107,108,111,112,114,136"
544,14:44,4,4,여의도,14,"9,23,44,46,63,92,94,96,101,104,106,124,134,137"
544,14:44,5,5,김포공항,10,"6,22,36,49,50,55,56,59,62,83"
544,14:44,6,6,일산,6,"19,54,116,118,125,146"
544,14:44,7,7,판교,19,"8,11,15,16,24,25,28,68,74,75,82,86,89,91,93,97,99,110,115"
544,14:44,8,8,동탄/용인,1,42
544,14:44,9,9,평택,17,"1,17,57,87,95,98,100,103,126,127,128,129,130,132,138,143,145"
545,14:45,1,1,서울역,8,"0,10,30,31,45,67,113,148"
545,14:45,10,10,인천공항,13,"12,47,48,64,77,78,105,109,120,122,139,140,144"
545,14:45,2,2,수서,13,"2,14,26,27,34,40,41,52,65,66,72,76,88"
545,14:45,3,3,삼성,10,"7,35,43,60,70,108,111,112,114,136"
545,14:45,4,4,여의도,11,"9,23,44,94,96,101,104,106,124,134,137"
545,14:45,5,5,김포공항,10,"6,22,36,49,50,55,56,59,62,83"
545,14:45,6,6,일산,7,"19,54,116,118,123,125,146"
545,14:45,7,7,판교,20,"8,11,15,16,24,25,28,68,71,74,75,82,86,89,91,93,97,99,110,115"
545,14:45,8,8,동탄/용인,1,42
545,14:45,9,9,평택,18,"1,17,57,87,95,98,100,103,121,126,127,128,129,130,132,138,143,145"
546,14:46,1,1,서울역,8,"0,10,30,31,45,67,113,148"
546,14:46,10,10,인천공항,13,"12,38,47,48,64,78,105,109,120,122,139,140,144"
546,14:46,2,2,수서,13,"2,14,26,27,34,40,41,52,65,66,72,76,88"
546,14:46,3,3,삼성,8,"7,35,43,60,111,112,114,136"
546,14:46,4,4,여의도,14,"9,23,39,44,51,58,94,96,101,104,106,124,134,137"
546,14:46,5,5,김포공항,10,"6,22,36,49,50,55,56,59,62,83"
546,14:46,6,6,일산,7,"19,54,116,117,123,125,146"
546,14:46,7,7,판교,19,"8,11,15,16,24,25,28,68,71,74,75,82,86,89,91,93,97,99,110"
546,14:46,8,8,동탄/용인,1,42
546,14:46,9,9,평택,20,"1,17,57,87,95,98,100,103,121,126,127,128,129,130,131,132,133,138,143,145"
547,14:47,1,1,서울역,7,"0,30,31,45,67,113,148"
547,14:47,10,10,인천공항,12,"12,38,47,64,78,105,109,120,122,139,140,144"
547,14:47,2,2,수서,13,"2,14,26,27,34,40,41,52,65,66,72,76,88"
547,14:47,3,3,삼성,8,"7,35,43,60,111,112,114,136"
547,14:47,4,4,여의도,14,"23,37,39,44,51,58,94,96,101,104,106,124,134,137"
547,14:47,5,5,김포공항,11,"6,22,36,49,50,55,56,59,62,83,85"
547,14:47,6,6,일산,6,"19,116,117,123,125,146"
547,14:47,7,7,판교,18,"8,11,15,16,24,25,28,68,71,74,75,82,86,89,91,97,99,110"
547,14:47,8,8,동탄/용인,1,42
547,14:47,9,9,평택,21,"1,17,18,57,87,95,98,100,103,121,126,127,128,129,130,131,132,133,138,143,145"
548,14:48,1,1,서울역,7,"0,30,31,45,67,113,148"
548,14:48,10,10,인천공항,11,"12,38,64,78,105,109,120,122,139,140,144"
548,14:48,2,2,수서,12,"2,14,27,34,40,41,52,65,66,72,76,88"
548,14:48,3,3,삼성,9,"7,35,43,60,79,111,112,114,136"
548,14:48,4,4,여의도,15,"23,37,39,51,58,61,73,94,96,101,104,106,124,134,137"
548,14:48,5,5,김포공항,11,"6,22,36,49,50,55,56,59,62,83,85"
548,14:48,6,6,일산,6,"19,116,117,123,125,146"
548,14:48,7,7,판교,18,"8,11,15,16,24,25,28,68,71,74,75,82,86,89,91,97,99,110"
548,14:48,8,8,동탄/용인,1,42
548,14:48,9,9,평택,20,"1,18,57,87,95,98,100,103,121,126,127,128,129,130,131,132,133,138,143,145"
549,14:49,1,1,서울역,7,"0,30,31,45,67,84,148"
549,14:49,10,10,인천공항,11,"12,38,64,78,105,109,120,122,139,140,144"
549,14:49,2,2,수서,12,"2,14,27,34,40,41,52,65,66,72,76,88"
549,14:49,3,3,삼성,9,"7,35,43,60,79,111,112,114,136"
549,14:49,4,4,여의도,13,"23,37,39,61,73,94,96,101,104,106,124,134,137"
549,14:49,5,5,김포공항,9,"6,22,36,50,55,56,62,83,85"
549,14:49,6,6,일산,6,"19,116,117,123,125,146"
549,14:49,7,7,판교,19,"8,11,15,16,24,25,28,68,71,74,75,82,86,89,91,97,99,102,110"
549,14:49,8,8,동탄/용인,1,42
549,14:49,9,9,평택,22,"1,18,21,53,57,87,95,98,100,103,121,126,127,128,129,130,131,132,133,138,143,145"
550,14:50,1,1,서울역,7,"0,30,45,67,80,84,148"
550,14:50,10,10,인천공항,11,"12,38,64,78,105,109,120,122,139,140,144"
550,14:50,2,2,수서,12,"2,14,27,34,40,41,52,65,66,72,76,88"
550,14:50,3,3,삼성,9,"7,35,43,60,79,111,112,114,136"
550,14:50,4,4,여의도,12,"23,37,39,61,73,96,101,104,106,124,134,137"
550,14:50,5,5,김포공항,9,"6,22,36,50,55,56,62,83,85"
550,14:50,6,6,일산,6,"19,116,117,123,125,146"
550,14:50,7,7,판교,18,"5,8,11,15,16,24,25,68,71,74,75,82,86,89,91,97,102,110"
550,14:50,8,8,동탄/용인,1,42
550,14:50,9,9,평택,23,"1,18,21,53,57,87,95,98,100,103,121,126,127,128,129,130,131,132,133,138,143,145,147"
551,14:51,1,1,서울역,7,"0,30,45,67,80,84,148"
551,14:51,10,10,인천공항,12,"12,20,38,64,78,105,109,120,122,139,140,144"
551,14:51,2,2,수서,13,"2,27,34,40,41,46,52,63,65,66,72,76,88"
551,14:51,3,3,삼성,9,"7,29,35,43,60,79,111,114,136"
551,14:51,4,4,여의도,12,"23,37,39,61,73,96,101,104,106,124,134,137"
551,14:51,5,5,김포공항,10,"6,22,36,50,55,56,62,83,85,90"
551,14:51,6,6,일산,7,"19,116,117,123,125,146,149"
551,14:51,7,7,판교,18,"5,8,11,15,16,24,25,68,71,74,75,82,86,89,91,97,102,110"
551,14:51,8,8,동탄/용인,1,42
551,14:51,9,9,평택,23,"1,18,21,53,57,87,95,98,100,103,121,126,127,128,129,130,131,132,133,138,143,145,147"
552,14:52,1,1,서울역,8,"0,30,32,45,67,80,84,148"
552,14:52,10,10,인천공항,12,"12,20,38,64,78,105,109,120,122,139,140,144"
552,14:52,2,2,수서,12,"27,34,40,41,46,52,63,65,66,72,76,88"
552,14:52,3,3,삼성,10,"7,29,35,43,60,79,81,111,114,136"
552,14:52,4,4,여의도,11,"23,37,39,61,73,101,104,106,124,134,137"
552,14:52,5,5,김포공항,10,"6,22,36,50,55,56,62,83,85,90"
552,14:52,6,6,일산,7,"19,116,117,123,125,146,149"
552,14:52,7,7,판교,19,"5,8,11,15,16,24,25,33,68,71,74,75,82,86,89,91,92,97,110"
552,14:52,8,8,동탄/용인,1,42
552,14:52,9,9,평택,24,"1,18,21,53,57,69,87,95,98,100,103,121,126,127,128,129,130,131,132,133,138,143,145,147"
553,14:53,1,1,서울역,7,"0,30,32,67,80,84,148"
553,14:53,10,10,인천공항,11,"12,20,38,64,78,105,109,120,122,139,144"
553,14:53,2,2,수서,12,"27,34,40,41,46,52,63,65,66,72,76,88"
553,14:53,3,3,삼성,10,"7,29,35,43,60,79,81,111,114,115"
553,14:53,4,4,여의도,12,"23,37,39,61,73,101,104,106,108,124,134,137"
553,14:53,5,5,김포공항,11,"6,22,36,50,55,56,62,83,85,90,107"
553,14:53,6,6,일산,7,"19,116,117,123,125,146,149"
553,14:53,7,7,판교,19,"5,8,11,15,16,24,25,33,68,71,74,75,82,86,89,91,92,97,110"
553,14:53,8,8,동탄/용인,1,42
553,14:53,9,9,평택,24,"1,18,21,53,57,69,87,95,98,100,103,121,126,127,128,129,130,131,132,133,138,143,145,147"
554,14:54,1,1,서울역,8,"0,30,32,67,80,84,93,148"
554,14:54,10,10,인천공항,12,"12,20,38,64,78,105,109,119,120,122,139,144"
554,14:54,2,2,수서,11,"27,34,40,41,52,63,65,66,72,76,88"
554,14:54,3,3,삼성,10,"7,29,35,43,60,79,81,111,114,115"
554,14:54,4,4,여의도,10,"23,37,39,73,104,106,108,124,134,137"
554,14:54,5,5,김포공항,12,"6,22,36,50,55,56,62,70,83,85,90,107"
554,14:54,6,6,일산,7,"19,116,117,123,125,146,149"
554,14:54,7,7,판교,20,"5,8,9,11,15,16,24,25,33,68,71,74,75,82,86,89,91,92,97,110"
554,14:54,8,8,동탄/용인,1,42
554,14:54,9,9,평택,24,"1,18,21,53,57,69,87,95,98,100,103,121,126,127,128,129,130,131,132,133,138,143,145,147"
555,14:55,1,1,서울역,7,"0,30,32,67,80,84,93"
555,14:55,10,10,인천공항,12,"12,20,38,64,78,105,109,119,120,122,139,144"
555,14:55,2,2,수서,11,"27,34,40,41,52,63,65,66,72,76,88"
555,14:55,3,3,삼성,10,"7,29,35,43,60,79,81,111,114,115"
555,14:55,4,4,여의도,11,"23,37,39,59,73,104,106,108,124,134,137"
555,14:55,5,5,김포공항,11,"6,22,36,55,56,62,70,83,85,90,107"
555,14:55,6,6,일산,8,"4,116,117,123,125,142,146,149"
555,14:55,7,7,판교,21,"5,8,9,11,15,16,24,25,33,44,68,71,74,75,82,86,89,91,92,97,110"
555,14:55,9,9,평택,24,"1,18,21,53,57,69,87,95,98,100,103,121,126,127,128,129,130,131,132,133,138,143,145,147"
556,14:56,1,1,서울역,7,"0,30,32,67,80,84,93"
556,14:56,10,10,인천공항,11,"12,20,38,64,78,105,109,119,122,139,144"
556,14:56,2,2,수서,11,"27,34,40,41,52,63,65,66,72,76,88"
556,14:56,3,3,삼성,10,"7,29,31,35,43,60,79,81,114,115"
556,14:56,4,4,여의도,11,"23,37,39,59,73,104,106,108,124,134,137"
556,14:56,5,5,김포공항,12,"6,22,26,36,55,56,62,70,83,85,90,107"
556,14:56,6,6,일산,8,"4,116,117,123,125,142,146,149"
556,14:56,7,7,판교,22,"5,8,9,11,15,16,24,25,33,44,68,71,74,75,82,86,89,91,92,97,110,113"
556,14:56,9,9,평택,24,"1,18,21,53,57,69,87,95,98,100,103,121,126,127,128,129,130,131,132,133,138,143,145,147"
557,14:57,1,1,서울역,9,"0,3,30,32,80,84,93,99,112"
557,14:57,10,10,인천공항,11,"12,20,38,64,78,105,109,119,122,139,144"
557,14:57,2,2,수서,11,"27,34,40,41,52,63,65,66,72,76,88"
557,14:57,3,3,삼성,11,"7,29,31,35,43,46,54,60,81,114,115"
557,14:57,4,4,여의도,12,"23,28,37,39,59,73,104,106,108,124,134,137"
557,14:57,5,5,김포공항,12,"6,22,26,36,55,56,62,70,83,85,90,107"
557,14:57,6,6,일산,8,"4,116,117,123,125,142,146,149"
557,14:57,7,7,판교,23,"5,8,9,11,15,16,24,25,33,44,68,71,74,75,82,86,89,91,92,94,97,110,113"
557,14:57,9,9,평택,24,"1,18,21,53,57,69,87,95,98,100,103,121,126,127,128,129,130,131,132,133,138,143,145,147"
558,14:58,1,1,서울역,9,"0,3,14,30,32,84,93,99,112"
558,14:58,10,10,인천공항,10,"20,38,64,78,105,109,119,122,139,144"
558,14:58,2,2,수서,10,"27,34,40,41,52,63,66,72,76,88"
558,14:58,3,3,삼성,11,"7,29,31,35,43,46,54,60,81,114,115"
558,14:58,4,4,여의도,12,"23,28,37,39,73,77,104,106,108,124,134,137"
558,14:58,5,5,김포공항,12,"6,22,26,36,55,56,62,70,83,85,90,107"
558,14:58,6,6,일산,8,"4,116,117,123,125,142,146,149"
558,14:58,7,7,판교,24,"5,8,9,11,15,16,24,25,33,44,68,71,74,75,82,86,89,91,92,94,97,110,113,118"
558,14:58,9,9,평택,26,"1,13,18,21,53,57,69,87,95,98,100,103,121,126,127,128,129,130,131,132,133,135,138,143,145,147"
559,14:59,1,1,서울역,9,"0,3,14,30,32,84,93,99,112"
559,14:59,10,10,인천공항,10,"20,38,64,78,105,109,119,122,139,144"
559,14:59,2,2,수서,10,"27,34,40,41,52,63,66,72,76,88"
559,14:59,3,3,삼성,10,"7,29,31,35,43,46,54,60,81,114"
559,14:59,4,4,여의도,12,"23,28,37,39,73,77,104,106,108,124,134,137"
559,14:59,5,5,김포공항,12,"6,22,26,36,55,56,62,70,83,85,90,107"
559,14:59,6,6,일산,8,"4,116,117,123,125,142,146,149"
559,14:59,7,7,판교,24,"5,9,11,15,16,24,25,33,44,68,71,74,75,82,86,89,91,92,94,96,97,110,113,118"
559,14:59,9,9,평택,27,"1,13,18,21,53,57,69,87,95,98,100,103,121,126,127,128,129,130,131,132,133,135,138,141,143,145,147"
560,15:00,1,1,서울역,9,"0,3,14,30,32,84,93,99,112"
560,15:00,10,10,인천공항,11,"10,20,38,64,78,105,109,119,122,139,144"
560,15:00,2,2,수서,12,"27,34,40,41,45,52,61,63,66,72,76,88"
560,15:00,3,3,삼성,9,"7,29,31,35,43,54,60,81,114"
560,15:00,4,4,여의도,10,"23,28,39,77,104,106,108,124,134,137"
560,15:00,5,5,김포공항,10,"2,6,22,26,36,55,56,62,90,107"
560,15:00,6,6,일산,7,"4,116,123,125,142,146,149"
560,15:00,7,7,판교,24,"5,9,11,15,16,24,25,33,44,68,71,74,75,82,86,89,91,92,94,96,97,110,113,118"
560,15:00,9,9,평택,27,"1,13,18,21,53,57,69,87,95,98,100,103,121,126,127,128,129,130,131,132,133,135,138,141,143,145,147"
561,15:01,1,1,서울역,8,"0,3,14,30,32,93,99,112"
561,15:01,10,10,인천공항,12,"10,20,38,51,64,78,105,109,119,122,139,144"
561,15:01,2,2,수서,12,"27,34,40,41,45,52,61,63,66,72,76,88"
561,15:01,3,3,삼성,7,"7,29,31,35,43,54,60"
561,15:01,4,4,여의도,10,"23,28,39,77,104,106,108,124,134,137"
561,15:01,5,5,김포공항,11,"2,6,22,26,36,55,56,62,90,107,136"
561,15:01,6,6,일산,7,"4,116,123,125,142,146,149"
561,15:01,7,7,판교,23,"9,11,15,16,24,25,33,44,68,71,74,75,82,86,89,91,92,94,96,97,101,113,118"
561,15:01,9,9,평택,26,"1,13,18,53,57,69,87,95,98,100,103,121,126,127,128,129,130,131,132,133,135,138,141,143,145,147"
562,15:02,1,1,서울역,9,"0,3,14,19,30,32,93,99,112"
562,15:02,10,10,인천공항,11,"10,20,38,51,64,105,109,119,122,139,144"
562,15:02,2,2,수서,11,"27,34,40,45,52,61,63,66,72,76,88"
562,15:02,3,3,삼성,8,"7,29,31,35,43,48,54,60"
562,15:02,4,4,여의도,9,"23,28,39,77,106,108,124,134,137"
562,15:02,5,5,김포공항,11,"2,6,22,26,36,55,56,62,90,107,136"
562,15:02,6,6,일산,7,"4,116,123,125,142,146,149"
562,15:02,7,7,판교,23,"9,11,15,16,24,25,33,44,68,71,74,75,82,86,89,91,92,94,96,97,101,118,148"
562,15:02,9,9,평택,25,"1,13,18,53,57,69,87,95,98,100,121,126,127,128,129,130,131,132,133,135,138,141,143,145,147"
563,15:03,1,1,서울역,7,"0,3,14,19,30,32,99"
563,15:03,10,10,인천공항,11,"10,20,38,51,64,105,109,119,122,139,144"
563,15:03,2,2,수서,10,"27,34,40,45,61,63,66,72,76,88"
563,15:03,3,3,삼성,8,"7,31,35,43,47,48,54,60"
563,15:03,4,4,여의도,9,"17,23,28,39,77,108,111,124,134"
563,15:03,5,5,김포공항,10,"2,6,22,26,36,55,56,90,107,136"
563,15:03,6,6,일산,7,"4,116,123,125,142,146,149"
563,15:03,7,7,판교,22,"9,11,15,16,25,33,44,68,71,74,75,82,86,89,91,92,94,96,97,101,118,148"
563,15:03,9,9,평택,25,"1,13,18,53,57,69,87,95,98,100,121,126,127,128,129,130,131,132,133,135,138,141,143,145,147"
564,15:04,1,1,서울역,8,"0,3,14,19,30,32,37,99"
564,15:04,10,10,인천공항,11,"10,20,38,51,64,105,109,119,122,139,144"
564,15:04,2,2,수서,11,"27,34,40,45,61,63,66,67,72,76,88"
564,15:04,3,3,삼성,8,"7,31,35,43,47,48,54,60"
564,15:04,4,4,여의도,10,"17,23,28,39,77,79,108,111,124,134"
564,15:04,5,5,김포공항,10,"2,6,22,26,36,55,56,90,107,136"
564,15:04,6,6,일산,6,"4,123,125,142,146,149"
564,15:04,7,7,판교,21,"9,11,15,16,33,44,68,71,74,75,82,86,89,91,92,94,96,97,101,118,148"
564,15:04,9,9,평택,26,"1,18,53,57,58,69,87,95,98,100,102,121,126,127,128,129,130,131,132,133,135,138,141,143,145,147"
565,15:05,1,1,서울역,6,"3,19,30,32,37,99"
565,15:05,10,10,인천공항,11,"10,20,38,51,64,105,109,119,122,139,144"
565,15:05,2,2,수서,11,"27,34,40,45,61,63,66,67,72,76,88"
565,15:05,3,3,삼성,8,"7,31,35,42,47,48,54,60"
565,15:05,4,4,여의도,10,"17,23,28,39,77,79,108,111,124,134"
565,15:05,5,5,김포공항,9,"2,6,22,26,36,56,90,107,136"
565,15:05,6,6,일산,6,"4,123,125,142,146,149"
565,15:05,7,7,판교,21,"11,15,16,33,44,68,71,74,75,80,82,86,89,91,92,94,96,97,101,118,148"
565,15:05,9,9,평택,26,"1,18,53,57,58,69,87,95,98,100,102,121,126,127,128,129,130,131,132,133,135,138,141,143,145,147"
566,15:06,1,1,서울역,6,"3,19,30,32,37,99"
566,15:06,10,10,인천공항,11,"10,20,38,51,64,105,109,119,122,139,144"
566,15:06,2,2,수서,12,"27,34,40,45,61,63,66,67,72,73,76,88"
566,15:06,3,3,삼성,8,"7,31,35,42,47,48,54,60"
566,15:06,4,4,여의도,10,"8,17,23,28,39,77,79,108,111,124"
566,15:06,5,5,김포공항,10,"2,6,22,26,36,56,65,90,107,136"
566,15:06,6,6,일산,4,"4,125,146,149"
566,15:06,7,7,판교,21,"11,15,16,33,44,68,71,74,75,80,82,86,89,91,92,94,96,97,101,118,148"
566,15:06,9,9,평택,27,"1,18,49,53,57,58,69,87,95,98,100,102,121,126,127,128,129,130,131,132,133,135,138,141,143,145,147"
567,15:07,1,1,서울역,5,"3,19,30,32,99"
567,15:07,10,10,인천공항,11,"10,20,38,51,64,105,109,119,122,139,144"
567,15:07,2,2,수서,13,"5,27,34,40,45,61,63,66,67,72,73,76,88"
567,15:07,3,3,삼성,7,"31,35,42,47,48,54,60"
567,15:07,4,4,여의도,8,"8,17,23,39,77,79,111,124"
567,15:07,5,5,김포공항,8,"2,6,22,26,56,65,90,107"
567,15:07,6,6,일산,7,"4,70,83,85,125,146,149"
567,15:07,7,7,판교,21,"11,15,16,33,44,68,71,74,75,80,82,86,89,91,92,94,96,97,101,118,148"
567,15:07,9,9,평택,26,"1,49,53,57,58,69,87,95,98,100,102,121,126,127,128,129,130,131,132,133,135,138,141,143,145,147"
568,15:08,1,1,서울역,6,"3,19,30,32,99,110"
568,15:08,10,10,인천공항,11,"10,20,38,51,64,105,109,119,122,139,144"
568,15:08,2,2,수서,14,"5,27,34,40,45,61,63,66,67,72,73,76,84,88"
568,15:08,3,3,삼성,7,"31,35,42,47,48,54,60"
568,15:08,4,4,여의도,9,"8,17,23,39,41,77,79,81,111"
568,15:08,5,5,김포공항,8,"2,6,22,26,56,65,90,107"
568,15:08,6,6,일산,7,"4,70,83,85,125,146,149"
568,15:08,7,7,판교,21,"11,15,16,33,44,68,71,74,75,80,82,86,89,91,92,94,96,97,101,118,148"
568,15:08,8,8,동탄/용인,1,103
568,15:08,9,9,평택,26,"1,49,53,57,58,69,87,95,98,100,102,121,126,127,128,129,130,131,132,133,135,138,141,143,145,147"
569,15:09,1,1,서울역,5,"3,19,32,99,110"
569,15:09,10,10,인천공항,11,"10,20,38,51,64,105,109,119,122,139,144"
569,15:09,2,2,수서,14,"5,27,40,45,61,63,66,67,72,73,76,84,88,106"
569,15:09,3,3,삼성,7,"31,35,42,47,48,54,60"
569,15:09,4,4,여의도,9,"8,17,23,39,41,77,79,81,113"
569,15:09,5,5,김포공항,9,"2,6,22,26,56,65,90,107,114"
569,15:09,6,6,일산,7,"4,70,83,85,125,146,149"
569,15:09,7,7,판교,21,"11,15,16,33,44,68,71,74,75,80,86,89,91,92,94,96,97,101,104,118,148"
569,15:09,8,8,동탄/용인,1,103
569,15:09,9,9,평택,26,"1,49,53,57,58,69,87,95,98,100,102,121,126,127,128,129,130,131,132,133,135,138,141,143,145,147"
570,15:10,1,1,서울역,5,"3,19,32,99,110"
570,15:10,10,10,인천공항,11,"10,20,38,51,64,105,109,119,122,139,144"
570,15:10,2,2,수서,13,"27,40,45,61,63,66,67,72,73,76,84,88,106"
570,15:10,3,3,삼성,7,"31,35,42,47,48,54,60"
570,15:10,4,4,여의도,11,"8,12,17,23,24,39,41,77,79,81,113"
570,15:10,5,5,김포공항,9,"2,6,22,26,56,65,90,107,114"
570,15:10,6,6,일산,5,"4,46,62,146,149"
570,15:10,7,7,판교,21,"11,15,16,33,44,68,71,74,75,80,86,89,91,92,94,96,97,101,104,118,148"
570,15:10,8,8,동탄/용인,1,103
570,15:10,9,9,평택,25,"1,49,57,58,69,87,95,98,100,102,121,126,127,128,129,130,131,132,133,135,138,141,143,145,147"
571,15:11,1,1,서울역,7,"3,19,25,32,43,99,116"
571,15:11,10,10,인천공항,11,"10,20,38,51,64,105,109,119,122,139,144"
571,15:11,2,2,수서,13,"27,40,45,61,63,66,67,72,73,76,84,88,106"
571,15:11,3,3,삼성,7,"0,31,35,42,47,48,60"
571,15:11,4,4,여의도,11,"8,12,17,23,24,41,55,77,79,81,113"
571,15:11,5,5,김포공항,11,"2,6,22,26,29,52,56,65,90,107,114"
571,15:11,6,6,일산,5,"4,46,62,146,149"
571,15:11,7,7,판교,21,"11,15,16,33,44,68,71,74,75,80,86,89,91,92,94,96,97,101,104,118,148"
571,15:11,9,9,평택,25,"1,49,57,58,69,87,95,98,100,102,121,126,127,128,129,130,131,132,133,135,138,141,143,145,147"
572,15:12,1,1,서울역,8,"3,9,19,25,32,43,99,116"
572,15:12,10,10,인천공항,10,"10,20,38,51,105,109,119,122,139,144"
572,15:12,2,2,수서,14,"27,40,45,61,63,66,67,72,73,76,84,88,106,120"
572,15:12,3,3,삼성,7,"0,31,35,42,47,48,60"
572,15:12,4,4,여의도,10,"8,12,17,23,24,41,55,77,79,81"
572,15:12,5,5,김포공항,11,"2,6,22,26,29,52,56,65,90,107,114"
572,15:12,6,6,일산,6,"4,14,46,62,146,149"
572,15:12,7,7,판교,22,"11,15,16,33,44,68,71,74,75,80,86,89,91,92,94,96,97,101,104,117,118,148"
572,15:12,9,9,평택,27,"1,49,50,57,58,69,87,95,98,100,102,121,126,127,128,129,130,131,132,133,135,138,140,141,143,145,147"
573,15:13,1,1,서울역,8,"3,9,19,25,32,43,99,116"
573,15:13,10,10,인천공항,10,"10,20,38,51,105,109,119,122,139,144"
573,15:13,2,2,수서,15,"27,40,45,61,63,66,67,72,73,76,84,88,106,108,120"
573,15:13,3,3,삼성,7,"0,31,35,42,47,48,60"
573,15:13,4,4,여의도,11,"8,12,17,23,24,41,55,77,79,81,136"
573,15:13,5,5,김포공항,11,"2,6,22,26,29,52,56,65,90,107,114"
573,15:13,6,6,일산,5,"4,14,46,146,149"
573,15:13,7,7,판교,23,"11,15,16,33,44,68,71,74,75,80,86,89,91,92,94,96,97,101,104,117,118,134,148"
573,15:13,9,9,평택,28,"1,49,50,57,58,59,69,87,95,98,100,102,121,126,127,128,129,130,131,132,133,135,138,140,141,143,145,147"
574,15:14,1,1,서울역,8,"3,9,19,25,32,43,99,116"
574,15:14,10,10,인천공항,9,"10,20,38,51,109,119,122,139,144"
574,15:14,2,2,수서,16,"27,40,45,61,63,66,67,72,73,76,84,88,106,108,120,124"
574,15:14,3,3,삼성,7,"0,31,35,42,47,48,60"
574,15:14,4,4,여의도,8,"8,12,17,23,24,77,79,136"
574,15:14,5,5,김포공항,11,"2,6,22,26,29,52,56,65,90,107,114"
574,15:14,6,6,일산,6,"4,14,36,46,146,149"
574,15:14,7,7,판교,24,"11,15,16,28,33,44,68,71,74,75,80,86,89,91,92,94,96,97,101,104,117,118,134,148"
574,15:14,8,8,동탄/용인,1,137
574,15:14,9,9,평택,27,"1,49,50,58,59,69,87,95,98,100,102,115,121,126,127,128,129,131,132,133,135,138,140,141,143,145,147"
575,15:15,1,1,서울역,6,"3,9,25,32,43,116"
575,15:15,10,10,인천공항,9,"10,20,38,51,109,119,122,139,144"
575,15:15,2,2,수서,17,"27,40,45,61,63,66,67,72,73,76,84,88,106,108,111,120,124"
575,15:15,3,3,삼성,7,"0,31,35,42,47,48,60"
575,15:15,4,4,여의도,7,"8,12,23,24,77,79,136"
575,15:15,5,5,김포공항,12,"2,6,7,22,26,29,52,56,65,90,107,114"
575,15:15,6,6,일산,6,"4,14,36,46,146,149"
575,15:15,7,7,판교,23,"11,15,16,28,33,44,71,74,75,80,86,89,91,92,94,96,97,101,104,117,118,134,148"
575,15:15,8,8,동탄/용인,2,"112,137"
575,15:15,9,9,평택,27,"1,49,50,58,59,69,87,95,98,100,102,115,121,126,127,128,129,131,132,133,135,138,140,141,143,145,147"
576,15:16,1,1,서울역,5,"3,9,25,43,116"
576,15:16,10,10,인천공항,10,"10,20,38,51,93,109,119,122,139,144"
576,15:16,2,2,수서,18,"27,30,40,45,61,63,66,67,72,73,76,84,88,106,108,111,120,124"
576,15:16,3,3,삼성,8,"0,31,35,42,47,48,60,82"
576,15:16,4,4,여의도,6,"8,12,23,24,77,79"
576,15:16,5,5,김포공항,12,"2,6,7,22,26,29,52,56,65,90,107,114"
576,15:16,6,6,일산,6,"4,14,36,46,146,149"
576,15:16,7,7,판교,22,"11,15,16,28,33,71,74,75,80,86,89,91,92,94,96,97,101,104,117,118,134,148"
576,15:16,8,8,동탄/용인,2,"112,137"
576,15:16,9,9,평택,26,"1,49,50,58,59,69,87,95,98,100,102,115,121,126,127,128,131,132,133,135,138,140,141,143,145,147"
577,15:17,1,1,서울역,6,"3,9,21,25,43,116"
577,15:17,10,10,인천공항,10,"10,20,38,51,93,109,119,122,139,144"
577,15:17,2,2,수서,17,"30,40,45,61,63,66,67,72,73,76,84,88,106,108,111,120,124"
577,15:17,3,3,삼성,8,"0,35,42,47,48,60,78,82"
577,15:17,4,4,여의도,5,"8,23,24,77,79"
577,15:17,5,5,김포공항,13,"2,6,7,22,26,29,34,52,56,65,90,107,114"
577,15:17,6,6,일산,5,"4,14,46,146,149"
577,15:17,7,7,판교,22,"11,15,16,28,33,71,74,75,80,86,89,91,92,94,96,97,101,104,117,118,134,148"
577,15:17,8,8,동탄/용인,2,"112,137"
577,15:17,9,9,평택,25,"1,49,50,58,59,69,87,95,98,100,102,115,121,126,127,128,132,133,135,138,140,141,143,145,147"
578,15:18,1,1,서울역,6,"3,9,21,25,43,116"
578,15:18,10,10,인천공항,10,"10,20,38,51,93,109,119,122,139,144"
578,15:18,2,2,수서,17,"30,40,45,61,63,66,67,72,73,76,84,88,106,108,111,120,124"
578,15:18,3,3,삼성,8,"0,35,42,47,48,60,78,82"
578,15:18,4,4,여의도,4,"8,23,24,79"
578,15:18,5,5,김포공항,13,"2,6,7,22,26,29,34,52,56,65,90,107,114"
578,15:18,6,6,일산,5,"4,14,46,146,149"
578,15:18,7,7,판교,24,"11,15,16,28,33,71,74,75,80,86,89,91,92,94,96,97,101,104,117,118,123,134,142,148"
578,15:18,8,8,동탄/용인,2,"112,137"
578,15:18,9,9,평택,24,"1,49,58,59,69,87,95,98,100,102,115,121,126,127,128,132,133,135,138,140,141,143,145,147"
579,15:19,1,1,서울역,6,"3,9,21,25,43,116"
579,15:19,10,10,인천공항,10,"10,20,38,51,93,109,119,122,139,144"
579,15:19,2,2,수서,17,"30,40,45,61,63,66,67,72,73,76,84,88,106,108,111,120,124"
579,15:19,3,3,삼성,7,"0,35,42,47,48,60,78"
579,15:19,4,4,여의도,5,"8,13,23,24,79"
579,15:19,5,5,김포공항,13,"6,7,22,26,29,34,52,54,56,65,90,107,114"
579,15:19,6,6,일산,5,"4,14,46,146,149"
579,15:19,7,7,판교,24,"11,15,16,28,33,71,74,75,80,86,89,91,92,94,96,97,101,104,117,118,123,134,142,148"
579,15:19,8,8,동탄/용인,2,"112,137"
579,15:19,9,9,평택,24,"1,49,58,59,69,87,95,98,100,102,115,121,126,127,128,132,133,135,138,140,141,143,145,147"
580,15:20,1,1,서울역,6,"3,9,21,25,43,116"
580,15:20,10,10,인천공항,11,"10,20,37,38,51,93,109,119,122,139,144"
580,15:20,2,2,수서,15,"30,40,45,63,66,67,72,73,76,84,88,108,111,120,124"
580,15:20,3,3,삼성,8,"0,35,42,47,48,60,78,125"
580,15:20,4,4,여의도,5,"8,13,23,24,79"
580,15:20,5,5,김포공항,11,"6,7,22,26,29,52,54,56,90,107,114"
580,15:20,6,6,일산,5,"4,14,46,146,149"
580,15:20,7,7,판교,21,"11,16,28,71,74,75,80,86,89,91,92,94,96,97,101,104,117,118,123,134,142"
580,15:20,8,8,동탄/용인,2,"112,137"
580,15:20,9,9,평택,23,"1,49,58,59,69,87,95,98,100,102,115,126,127,128,132,133,135,138,140,141,143,145,147"
581,15:21,1,1,서울역,5,"9,21,25,43,116"
581,15:21,10,10,인천공항,11,"10,20,37,38,51,93,109,119,122,139,144"
581,15:21,2,2,수서,15,"30,40,45,63,66,67,72,73,76,84,88,108,111,120,124"
581,15:21,3,3,삼성,10,"0,19,35,41,42,47,48,60,78,125"
581,15:21,4,4,여의도,4,"8,13,23,79"
581,15:21,5,5,김포공항,10,"6,7,22,26,29,52,54,56,107,114"
581,15:21,6,6,일산,6,"4,5,14,46,146,149"
581,15:21,7,7,판교,21,"11,16,28,74,75,80,81,86,89,91,92,94,96,97,101,104,117,118,123,134,142"
581,15:21,8,8,동탄/용인,2,"112,137"
581,15:21,9,9,평택,23,"1,49,58,59,69,87,95,98,100,102,115,126,127,128,132,133,135,138,140,141,143,145,147"
582,15:22,1,1,서울역,5,"9,21,25,43,116"
582,15:22,10,10,인천공항,11,"10,20,37,38,51,93,109,119,122,139,144"
582,15:22,2,2,수서,15,"30,40,45,63,66,67,72,73,76,84,88,108,111,120,124"
582,15:22,3,3,삼성,9,"0,19,35,41,42,48,60,78,125"
582,15:22,4,4,여의도,5,"8,13,18,68,103"
582,15:22,5,5,김포공항,9,"6,7,22,26,29,54,56,107,114"
582,15:22,6,6,일산,6,"4,5,14,46,146,149"
582,15:22,7,7,판교,25,"16,17,28,70,74,75,80,81,83,85,86,89,91,92,94,96,97,99,101,104,117,118,123,134,142"
582,15:22,8,8,동탄/용인,2,"112,137"
582,15:22,9,9,평택,22,"1,49,59,69,87,95,98,100,102,115,126,127,128,132,133,135,138,140,141,143,145,147"
583,15:23,1,1,서울역,5,"9,21,25,43,116"
583,15:23,10,10,인천공항,11,"10,20,37,38,51,93,109,119,122,139,144"
583,15:23,2,2,수서,17,"12,30,32,40,45,63,66,67,72,73,76,84,88,108,111,120,124"
583,15:23,3,3,삼성,10,"0,19,35,41,42,48,60,78,106,125"
583,15:23,4,4,여의도,5,"13,18,44,68,103"
583,15:23,5,5,김포공항,8,"6,7,22,26,29,56,107,114"
583,15:23,6,6,일산,5,"5,14,46,146,149"
583,15:23,7,7,판교,24,"16,17,28,70,75,80,81,83,85,86,89,91,92,94,96,97,99,101,104,117,118,123,134,142"
583,15:23,8,8,동탄/용인,2,"112,137"
583,15:23,9,9,평택,22,"1,49,59,69,87,95,98,100,102,115,126,127,128,132,133,135,138,140,141,143,145,147"
584,15:24,1,1,서울역,5,"9,21,25,43,116"
584,15:24,10,10,인천공항,11,"10,20,37,38,51,93,109,110,119,122,144"
584,15:24,2,2,수서,17,"12,30,32,40,45,63,66,67,72,73,76,84,88,108,111,120,124"
584,15:24,3,3,삼성,10,"0,19,35,41,42,48,60,78,106,125"
584,15:24,4,4,여의도,5,"13,18,44,68,103"
584,15:24,5,5,김포공항,8,"6,7,22,26,29,56,107,114"
584,15:24,6,6,일산,4,"5,46,146,149"
584,15:24,7,7,판교,23,"16,17,28,70,75,80,81,83,85,86,89,91,92,94,96,97,99,101,104,117,118,123,134"
584,15:24,8,8,동탄/용인,2,"112,137"
584,15:24,9,9,평택,22,"1,49,59,69,87,95,98,100,102,115,126,127,128,132,133,135,138,140,141,143,145,147"
585,15:25,1,1,서울역,5,"9,21,25,43,116"
585,15:25,10,10,인천공항,11,"10,20,37,38,51,93,109,110,119,122,144"
585,15:25,2,2,수서,17,"12,30,32,40,45,63,66,67,72,73,76,84,88,108,111,120,124"
585,15:25,3,3,삼성,10,"0,19,35,41,42,48,60,78,106,125"
585,15:25,4,4,여의도,6,"13,18,44,53,68,103"
585,15:25,5,5,김포공항,10,"6,7,22,26,27,29,31,56,107,114"
585,15:25,6,6,일산,4,"5,46,146,149"
585,15:25,7,7,판교,23,"16,17,28,70,75,80,81,83,85,86,89,91,92,94,96,97,99,101,104,117,118,123,134"
585,15:25,8,8,동탄/용인,2,"112,137"
585,15:25,9,9,평택,22,"1,49,59,69,87,95,98,100,102,115,126,127,128,132,133,135,138,140,141,143,145,147"
586,15:26,1,1,서울역,5,"9,21,25,43,116"
586,15:26,10,10,인천공항,12,"10,20,37,38,51,55,93,109,110,119,122,144"
586,15:26,2,2,수서,16,"12,32,40,45,63,66,67,72,73,76,84,88,108,111,120,124"
586,15:26,3,3,삼성,9,"0,19,35,41,42,48,60,78,106"
586,15:26,4,4,여의도,7,"13,18,44,53,61,68,103"
586,15:26,5,5,김포공항,10,"6,7,22,26,27,29,31,56,107,114"
586,15:26,6,6,일산,4,"5,46,146,149"
586,15:26,7,7,판교,23,"16,17,28,70,75,80,81,83,85,86,89,91,92,94,96,97,99,101,104,117,118,123,134"
586,15:26,8,8,동탄/용인,2,"112,137"
586,15:26,9,9,평택,23,"1,39,49,59,69,87,95,98,100,102,115,126,127,128,132,133,135,138,140,141,143,145,147"
587,15:27,1,1,서울역,5,"9,21,25,43,116"
587,15:27,10,10,인천공항,11,"10,20,37,38,55,93,109,110,119,122,144"
587,15:27,2,2,수서,17,"2,12,32,40,45,63,66,67,72,73,76,84,88,108,111,120,124"
587,15:27,3,3,삼성,11,"0,19,35,41,42,48,60,64,78,106,148"
587,15:27,4,4,여의도,7,"18,33,44,53,61,68,103"
587,15:27,5,5,김포공항,9,"6,7,22,26,27,29,31,107,114"
587,15:27,6,6,일산,6,"5,34,46,65,146,149"
587,15:27,7,7,판교,23,"16,17,28,70,75,80,81,83,85,86,89,91,92,94,96,97,99,101,104,117,118,123,134"
587,15:27,8,8,동탄/용인,2,"112,137"
587,15:27,9,9,평택,23,"1,39,49,59,87,95,98,100,102,113,115,126,127,128,132,133,135,138,140,141,143,145,147"
588,15:28,1,1,서울역,6,"9,21,25,43,47,116"
588,15:28,10,10,인천공항,9,"20,37,38,55,109,110,119,122,144"
588,15:28,2,2,수서,18,"2,3,12,23,32,40,45,63,66,67,72,73,76,84,88,111,120,124"
588,15:28,3,3,삼성,10,"19,35,41,42,48,60,64,78,106,148"
588,15:28,4,4,여의도,9,"18,33,44,52,53,61,68,71,103"
588,15:28,5,5,김포공항,9,"6,7,22,26,27,29,31,107,114"
588,15:28,6,6,일산,7,"5,34,46,65,90,146,149"
588,15:28,7,7,판교,23,"16,17,24,28,75,80,81,83,85,86,89,91,92,94,96,97,99,101,104,117,118,123,134"
588,15:28,8,8,동탄/용인,2,"112,137"
588,15:28,9,9,평택,23,"1,39,49,59,87,95,98,100,102,113,115,126,127,128,132,133,135,138,140,141,143,145,147"
589,15:29,1,1,서울역,6,"9,21,25,43,47,116"
589,15:29,10,10,인천공항,9,"20,37,38,55,109,110,119,122,144"
589,15:29,2,2,수서,18,"2,3,12,23,32,40,45,63,66,67,72,73,76,84,88,111,120,124"
589,15:29,3,3,삼성,11,"19,35,41,42,48,60,64,78,79,105,148"
589,15:29,4,4,여의도,12,"11,18,33,44,52,53,54,57,61,68,71,103"
589,15:29,5,5,김포공항,8,"6,22,26,27,29,31,107,114"
589,15:29,6,6,일산,8,"5,34,46,65,82,90,146,149"
589,15:29,7,7,판교,23,"16,17,24,28,75,80,81,83,85,86,89,91,92,94,96,97,99,101,104,117,118,123,134"
589,15:29,8,8,동탄/용인,2,"112,137"
589,15:29,9,9,평택,23,"1,39,49,59,87,95,98,100,102,113,115,126,127,128,132,133,135,138,140,141,143,145,147"
590,15:30,1,1,서울역,7,"9,21,25,43,47,74,116"
590,15:30,10,10,인천공항,9,"20,37,38,55,109,110,119,122,144"
590,15:30,2,2,수서,19,"2,3,12,23,32,40,45,63,66,67,72,73,76,84,88,111,120,124,142"
590,15:30,3,3,삼성,10,"19,35,41,42,48,60,64,78,79,105"
590,15:30,4,4,여의도,11,"11,18,44,52,53,54,57,61,68,71,103"
590,15:30,5,5,김포공항,8,"6,22,26,27,29,31,107,114"
590,15:30,6,6,일산,6,"5,46,82,90,146,149"
590,15:30,7,7,판교,24,"8,16,17,24,28,75,80,81,83,85,86,89,91,92,94,96,97,99,101,104,117,118,123,134"
590,15:30,8,8,동탄/용인,2,"112,137"
590,15:30,9,9,평택,22,"1,39,49,59,87,95,98,102,113,115,126,127,128,132,133,135,138,140,141,143,145,147"
591,15:31,1,1,서울역,7,"9,21,25,43,47,74,116"
591,15:31,10,10,인천공항,9,"20,37,38,55,109,110,119,122,144"
591,15:31,2,2,수서,19,"2,3,12,23,32,40,45,63,66,67,72,73,76,84,88,111,120,124,142"
591,15:31,3,3,삼성,9,"19,35,41,42,64,78,79,105,108"
591,15:31,4,4,여의도,10,"11,18,44,53,54,57,61,68,71,103"
591,15:31,5,5,김포공항,8,"6,22,26,27,29,31,107,114"
591,15:31,6,6,일산,4,"5,46,82,149"
591,15:31,7,7,판교,22,"8,16,17,24,75,80,81,83,85,86,89,91,92,94,96,97,99,101,104,117,118,123"
591,15:31,8,8,동탄/용인,2,"112,137"
591,15:31,9,9,평택,23,"1,39,49,59,87,95,98,102,113,115,126,127,128,132,133,135,136,138,140,141,143,145,147"
592,15:32,1,1,서울역,7,"9,21,25,43,47,74,116"
592,15:32,10,10,인천공항,9,"20,37,38,55,109,110,119,122,144"
592,15:32,2,2,수서,19,"2,3,12,23,32,40,45,63,66,67,72,73,76,84,88,111,120,124,142"
592,15:32,3,3,삼성,8,"19,35,41,42,64,79,105,108"
592,15:32,4,4,여의도,9,"11,18,44,53,57,61,68,71,103"
592,15:32,5,5,김포공항,7,"6,22,26,27,29,31,114"
592,15:32,6,6,일산,4,"15,46,82,149"
592,15:32,7,7,판교,21,"8,16,17,24,80,81,83,85,86,89,91,92,94,96,97,99,101,104,117,118,123"
592,15:32,8,8,동탄/용인,2,"112,137"
592,15:32,9,9,평택,22,"1,39,49,87,95,98,102,113,115,126,127,128,132,133,135,136,138,140,141,143,145,147"
593,15:33,1,1,서울역,7,"9,21,25,43,47,74,116"
593,15:33,10,10,인천공항,10,"20,37,38,55,109,110,119,122,130,144"
593,15:33,2,2,수서,19,"2,3,12,13,23,32,40,45,63,66,67,72,73,76,84,88,111,120,124"
593,15:33,3,3,삼성,8,"19,35,41,42,64,79,105,108"
593,15:33,4,4,여의도,10,"11,18,44,50,53,56,57,61,68,71"
593,15:33,5,5,김포공항,7,"6,22,26,27,29,31,114"
593,15:33,6,6,일산,4,"15,46,82,149"
593,15:33,7,7,판교,21,"8,16,17,24,80,81,83,85,86,89,91,92,94,96,97,99,101,104,117,118,123"
593,15:33,8,8,동탄/용인,2,"112,137"
593,15:33,9,9,평택,24,"1,39,49,62,77,87,95,98,102,113,115,126,127,128,132,133,135,136,138,140,141,143,145,147"
594,15:34,1,1,서울역,7,"9,21,25,43,47,74,116"
594,15:34,10,10,인천공항,10,"20,37,38,55,109,110,119,122,130,144"
594,15:34,2,2,수서,19,"2,3,12,13,23,32,40,45,63,66,67,72,73,76,84,88,111,120,124"
594,15:34,3,3,삼성,8,"19,35,41,42,64,79,105,108"
594,15:34,4,4,여의도,8,"11,44,50,53,56,57,61,68"
594,15:34,5,5,김포공항,8,"6,22,26,27,29,30,31,125"
594,15:34,6,6,일산,4,"15,46,82,149"
594,15:34,7,7,판교,20,"8,17,24,80,81,83,85,86,89,91,92,94,96,97,99,101,104,117,118,123"
594,15:34,8,8,동탄/용인,3,"36,112,137"
594,15:34,9,9,평택,24,"1,39,49,62,77,87,95,98,102,113,115,126,127,128,132,133,135,136,138,140,141,143,145,147"
595,15:35,1,1,서울역,7,"9,21,25,43,47,74,116"
595,15:35,10,10,인천공항,11,"20,37,38,55,109,110,119,122,129,130,144"
595,15:35,2,2,수서,19,"2,3,12,13,23,32,40,45,63,66,67,72,73,76,84,88,111,120,124"
595,15:35,3,3,삼성,7,"19,35,41,42,64,79,108"
595,15:35,4,4,여의도,9,"11,44,50,53,56,57,61,68,70"
595,15:35,5,5,김포공항,8,"6,22,26,27,29,30,31,125"
595,15:35,6,6,일산,4,"15,46,82,149"
595,15:35,7,7,판교,21,"4,8,17,24,80,81,83,85,86,89,91,92,94,96,97,99,101,104,117,118,123"
595,15:35,8,8,동탄/용인,3,"36,112,137"
595,15:35,9,9,평택,24,"1,39,49,62,77,87,95,98,102,113,115,126,127,128,132,133,135,136,138,140,141,143,145,147"
596,15:36,1,1,서울역,8,"9,21,25,43,47,74,116,121"
596,15:36,10,10,인천공항,9,"37,38,55,109,110,119,122,129,130"
596,15:36,2,2,수서,19,"2,3,12,13,23,32,40,45,63,66,67,72,73,76,84,88,111,120,124"
596,15:36,3,3,삼성,6,"19,35,41,42,79,108"
596,15:36,4,4,여의도,8,"11,44,50,53,57,61,68,70"
596,15:36,5,5,김포공항,8,"6,22,26,27,29,30,31,125"
596,15:36,6,6,일산,4,"15,46,82,149"
596,15:36,7,7,판교,21,"4,14,17,24,80,81,83,85,86,89,91,92,94,96,97,99,101,104,117,118,123"
596,15:36,8,8,동탄/용인,2,"36,137"
596,15:36,9,9,평택,24,"1,39,49,62,77,87,95,98,102,113,115,126,127,128,132,133,135,136,138,140,141,143,145,147"
597,15:37,1,1,서울역,7,"9,21,43,47,74,116,121"
597,15:37,10,10,인천공항,9,"37,38,55,109,110,119,122,129,130"
597,15:37,2,2,수서,19,"2,3,12,13,23,32,40,45,63,66,67,72,73,76,84,88,111,120,124"
597,15:37,3,3,삼성,6,"7,19,35,41,42,79"
597,15:37,4,4,여의도,10,"11,44,50,53,57,58,61,65,68,70"
597,15:37,5,5,김포공항,9,"6,22,26,27,29,30,31,106,125"
597,15:37,6,6,일산,4,"15,46,82,131"
597,15:37,7,7,판교,21,"4,14,17,24,33,80,81,83,85,86,91,92,94,96,97,99,101,104,117,118,123"
597,15:37,8,8,동탄/용인,2,"36,137"
597,15:37,9,9,평택,24,"1,39,49,62,77,87,95,98,102,113,115,126,127,128,132,133,135,136,138,140,141,143,145,147"
598,15:38,1,1,서울역,8,"9,21,43,47,74,78,116,121"
598,15:38,10,10,인천공항,8,"37,38,55,110,119,122,129,130"
598,15:38,2,2,수서,18,"2,3,12,13,23,32,40,45,66,67,72,73,76,84,88,111,120,124"
598,15:38,3,3,삼성,5,"7,19,35,42,79"
598,15:38,4,4,여의도,13,"28,44,48,50,53,57,58,60,61,65,68,70,107"
598,15:38,5,5,김포공항,9,"6,22,26,27,29,30,31,106,125"
598,15:38,6,6,일산,3,"46,82,131"
598,15:38,7,7,판교,22,"4,14,17,24,33,52,80,81,83,85,86,91,92,94,96,97,99,101,104,117,118,123"
598,15:38,8,8,동탄/용인,2,"36,137"
598,15:38,9,9,평택,23,"39,49,62,77,87,95,98,102,113,115,126,127,128,132,133,135,136,138,140,141,143,145,147"
599,15:39,1,1,서울역,8,"9,21,43,47,74,78,116,121"
599,15:39,10,10,인천공항,8,"37,38,55,110,119,122,129,130"
599,15:39,2,2,수서,17,"2,3,12,13,23,40,45,66,67,72,73,76,84,88,111,120,124"
599,15:39,3,3,삼성,5,"7,19,35,42,79"
599,15:39,4,4,여의도,14,"28,44,48,50,53,57,58,60,61,65,68,70,75,107"
599,15:39,5,5,김포공항,9,"6,22,26,27,29,30,31,106,125"
599,15:39,6,6,일산,4,"10,46,82,131"
599,15:39,7,7,판교,22,"4,14,24,33,52,54,80,81,83,85,86,91,92,94,96,97,99,101,104,117,118,123"
599,15:39,8,8,동탄/용인,2,"36,137"
599,15:39,9,9,평택,23,"39,49,62,77,87,95,98,102,113,115,126,127,128,132,133,135,136,138,140,141,143,145,147"
600,15:40,1,1,서울역,8,"9,21,43,47,74,78,116,121"
600,15:40,10,10,인천공항,8,"37,38,55,110,119,122,129,130"
600,15:40,2,2,수서,16,"2,12,13,23,40,45,66,67,72,73,76,84,88,111,120,124"
600,15:40,3,3,삼성,6,"7,19,35,42,79,103"
600,15:40,4,4,여의도,13,"28,44,48,50,53,57,58,60,61,68,70,75,107"
600,15:40,5,5,김포공항,8,"6,22,26,27,29,30,31,106"
600,15:40,6,6,일산,5,"10,46,82,131,148"
600,15:40,7,7,판교,22,"4,14,24,33,52,54,80,81,83,85,86,91,92,94,96,97,99,101,104,117,118,123"
600,15:40,8,8,동탄/용인,1,137
600,15:40,9,9,평택,22,"39,49,62,77,87,95,98,102,113,126,127,128,132,133,135,136,138,140,141,143,145,147"
601,15:41,1,1,서울역,8,"9,16,43,47,74,78,116,121"
601,15:41,10,10,인천공항,8,"37,38,55,110,119,122,129,130"
601,15:41,2,2,수서,16,"2,12,13,23,40,45,66,67,72,73,76,84,88,111,120,124"
601,15:41,3,3,삼성,8,"7,19,35,42,71,79,103,146"
601,15:41,4,4,여의도,11,"44,48,50,53,57,58,60,61,68,75,107"
601,15:41,5,5,김포공항,8,"6,22,26,27,29,30,31,106"
601,15:41,6,6,일산,5,"10,46,82,131,148"
601,15:41,7,7,판교,22,"4,14,24,33,52,54,80,81,83,85,86,91,92,94,96,97,99,101,104,117,118,123"
601,15:41,8,8,동탄/용인,1,137
601,15:41,9,9,평택,22,"39,49,62,77,87,95,98,102,113,126,127,128,132,133,135,136,138,140,141,143,145,147"
602,15:42,1,1,서울역,7,"16,43,47,74,78,116,121"
602,15:42,10,10,인천공항,7,"37,38,55,119,122,129,130"
602,15:42,2,2,수서,16,"2,12,13,23,40,45,66,67,72,73,76,84,88,111,120,124"
602,15:42,3,3,삼성,9,"7,19,35,42,51,71,79,103,146"
602,15:42,4,4,여의도,12,"44,48,50,53,57,58,60,61,68,69,75,107"
602,15:42,5,5,김포공항,8,"6,22,26,27,29,30,31,106"
602,15:42,6,6,일산,5,"10,46,82,131,148"
602,15:42,7,7,판교,23,"4,14,24,33,34,52,54,80,81,83,85,86,91,92,94,96,97,99,101,104,117,118,123"
602,15:42,8,8,동탄/용인,1,137
602,15:42,9,9,평택,21,"39,49,77,87,95,98,102,113,126,127,128,132,133,135,136,138,140,141,143,145,147"
603,15:43,1,1,서울역,6,"16,43,47,74,78,116"
603,15:43,10,10,인천공항,6,"37,38,55,119,122,129"
603,15:43,2,2,수서,16,"2,12,13,23,40,45,66,67,72,73,76,84,88,111,120,124"
603,15:43,3,3,삼성,9,"19,35,42,51,71,79,93,103,146"
603,15:43,4,4,여의도,12,"8,44,48,50,53,57,58,60,64,69,75,107"
603,15:43,5,5,김포공항,9,"6,22,26,27,29,30,31,105,106"
603,15:43,6,6,일산,5,"10,46,82,131,148"
603,15:43,7,7,판교,25,"4,14,24,33,34,52,54,56,80,81,83,85,86,90,91,92,94,96,97,99,101,104,117,118,123"
603,15:43,8,8,동탄/용인,1,137
603,15:43,9,9,평택,22,"0,39,49,77,87,95,98,113,126,127,128,132,133,135,136,138,139,140,141,143,145,147"
604,15:44,1,1,서울역,5,"16,47,74,78,116"
604,15:44,10,10,인천공항,4,"38,119,122,129"
604,15:44,2,2,수서,16,"2,12,13,25,40,45,66,67,72,73,76,84,88,111,120,124"
604,15:44,3,3,삼성,9,"19,35,42,51,71,79,93,103,146"
604,15:44,4,4,여의도,10,"8,44,48,50,53,57,64,69,75,107"
604,15:44,5,5,김포공항,8,"6,22,26,27,29,30,105,106"
604,15:44,6,6,일산,6,"10,46,82,131,142,148"
604,15:44,7,7,판교,26,"4,5,14,24,33,34,52,54,56,80,81,83,85,86,90,91,92,94,96,97,99,101,104,117,118,123"
604,15:44,8,8,동탄/용인,1,137
604,15:44,9,9,평택,22,"0,39,49,77,87,95,98,113,126,127,128,132,133,135,136,138,139,140,141,143,145,147"
605,15:45,1,1,서울역,5,"16,47,74,78,116"
605,15:45,10,10,인천공항,4,"38,119,122,129"
605,15:45,2,2,수서,15,"2,12,13,25,40,66,67,72,73,76,84,88,111,120,124"
605,15:45,3,3,삼성,10,"19,35,42,51,71,79,93,100,103,146"
605,15:45,4,4,여의도,9,"8,44,48,50,53,57,64,69,75"
605,15:45,5,5,김포공항,9,"6,22,26,27,29,30,105,106,108"
605,15:45,6,6,일산,6,"10,46,82,131,142,148"
605,15:45,7,7,판교,27,"4,5,11,14,24,33,34,52,54,56,80,81,83,85,86,90,91,92,94,96,97,99,101,104,117,118,123"
605,15:45,8,8,동탄/용인,1,137
605,15:45,9,9,평택,21,"0,39,49,87,95,98,113,126,127,128,132,133,135,136,138,139,140,141,143,145,147"
606,15:46,1,1,서울역,6,"16,32,47,74,78,116"
606,15:46,10,10,인천공항,4,"38,119,122,129"
606,15:46,2,2,수서,15,"12,13,25,40,59,66,67,72,73,76,84,88,111,120,124"
606,15:46,3,3,삼성,9,"19,35,51,71,79,93,100,103,146"
606,15:46,4,4,여의도,10,"8,17,44,48,50,53,57,64,69,75"
606,15:46,5,5,김포공항,9,"6,22,26,27,29,30,63,106,108"
606,15:46,6,6,일산,5,"10,46,82,131,142"
606,15:46,7,7,판교,27,"4,5,11,14,24,33,34,52,54,56,80,81,83,85,86,90,91,92,94,96,97,99,101,104,117,118,123"
606,15:46,8,8,동탄/용인,1,137
606,15:46,9,9,평택,21,"0,39,49,87,95,98,113,126,127,128,132,133,135,136,138,139,140,141,143,145,147"
607,15:47,1,1,서울역,7,"3,16,32,47,74,78,116"
607,15:47,10,10,인천공항,5,"38,119,122,129,134"
607,15:47,2,2,수서,14,"12,13,25,40,59,67,72,73,76,84,88,111,120,124"
607,15:47,3,3,삼성,10,"19,21,35,51,79,93,100,103,146,149"
607,15:47,4,4,여의도,10,"8,17,44,48,50,57,64,69,75,112"
607,15:47,5,5,김포공항,10,"6,22,26,27,29,30,63,89,106,108"
607,15:47,6,6,일산,6,"10,46,82,125,131,142"
607,15:47,7,7,판교,28,"4,5,11,14,24,33,34,52,54,56,65,80,81,83,85,86,90,91,92,94,96,97,99,101,104,117,118,123"
607,15:47,8,8,동탄/용인,1,137
607,15:47,9,9,평택,20,"0,49,87,95,98,113,126,127,128,132,133,135,136,138,139,140,141,143,145,147"
608,15:48,1,1,서울역,7,"3,16,32,47,74,78,116"
608,15:48,10,10,인천공항,5,"38,119,122,129,134"
608,15:48,2,2,수서,14,"12,13,25,40,59,67,72,73,76,84,88,111,120,124"
608,15:48,3,3,삼성,11,"19,21,35,51,70,79,93,100,103,146,149"
608,15:48,4,4,여의도,10,"8,17,20,44,48,50,57,64,69,112"
608,15:48,5,5,김포공항,9,"6,22,26,27,30,63,89,106,108"
608,15:48,6,6,일산,6,"10,46,82,125,131,142"
608,15:48,7,7,판교,29,"4,5,11,14,24,28,33,34,52,54,56,65,80,81,83,85,86,90,91,92,94,96,97,99,101,104,117,118,123"
608,15:48,8,8,동탄/용인,1,137
608,15:48,9,9,평택,17,"0,95,98,126,127,128,132,133,135,136,138,139,140,141,143,145,147"
609,15:49,1,1,서울역,7,"3,16,32,47,74,78,116"
609,15:49,10,10,인천공항,5,"38,119,122,129,134"
609,15:49,2,2,수서,15,"12,25,40,59,61,67,68,72,73,76,84,88,111,120,124"
609,15:49,3,3,삼성,11,"19,21,35,51,70,79,93,100,103,146,149"
609,15:49,4,4,여의도,9,"17,20,44,48,50,57,64,69,112"
609,15:49,5,5,김포공항,9,"6,22,26,27,30,63,89,106,108"
609,15:49,6,6,일산,6,"10,46,82,125,131,142"
609,15:49,7,7,판교,28,"4,5,11,14,24,28,34,52,54,56,65,80,81,83,85,86,90,91,92,94,96,97,99,101,104,117,118,123"
609,15:49,8,8,동탄/용인,1,137
609,15:49,9,9,평택,17,"0,18,98,126,127,128,132,133,135,136,138,139,140,141,143,145,147"
610,15:50,1,1,서울역,6,"16,32,47,74,78,116"
610,15:50,10,10,인천공항,5,"38,119,122,129,134"
610,15:50,2,2,수서,14,"12,25,40,59,61,67,68,73,76,84,88,111,120,124"
610,15:50,3,3,삼성,12,"19,21,35,43,51,70,79,93,100,103,146,149"
610,15:50,4,4,여의도,10,"17,20,31,44,48,50,57,64,69,112"
610,15:50,5,5,김포공항,8,"6,22,26,27,30,63,106,108"
610,15:50,6,6,일산,4,"10,46,131,142"
610,15:50,7,7,판교,27,"4,5,11,14,15,28,34,52,54,56,65,80,81,83,85,90,91,92,94,96,97,99,101,104,117,118,123"
610,15:50,8,8,동탄/용인,1,137
610,15:50,9,9,평택,17,"0,18,98,126,127,128,132,133,135,136,138,139,140,141,143,145,147"
611,15:51,1,1,서울역,6,"16,32,47,74,78,116"
611,15:51,10,10,인천공항,5,"38,119,122,129,134"
611,15:51,2,2,수서,14,"12,25,40,59,61,67,68,73,76,84,88,111,120,124"
611,15:51,3,3,삼성,13,"19,21,35,43,51,60,70,79,93,100,103,146,149"
611,15:51,4,4,여의도,10,"17,20,31,44,48,50,57,64,69,112"
611,15:51,5,5,김포공항,9,"6,7,22,26,27,30,63,106,108"
611,15:51,6,6,일산,4,"10,46,131,142"
611,15:51,7,7,판교,25,"4,5,11,14,15,28,52,54,56,65,80,81,83,85,90,91,92,94,96,97,99,104,117,118,123"
611,15:51,8,8,동탄/용인,1,137
611,15:51,9,9,평택,18,"0,18,98,114,126,127,128,132,133,135,136,138,139,140,141,143,145,147"
612,15:52,1,1,서울역,6,"16,32,47,74,78,116"
612,15:52,10,10,인천공항,5,"38,119,122,129,134"
612,15:52,2,2,수서,12,"25,40,59,67,68,73,76,84,88,111,120,124"
612,15:52,3,3,삼성,12,"19,21,35,43,51,60,70,79,100,103,146,149"
612,15:52,4,4,여의도,9,"20,31,44,48,50,57,64,69,112"
612,15:52,5,5,김포공항,9,"6,7,22,26,27,30,63,106,108"
612,15:52,6,6,일산,4,"10,46,131,142"
612,15:52,7,7,판교,25,"4,5,11,14,15,28,52,54,56,65,80,81,83,85,90,91,92,94,96,97,99,104,117,118,123"
612,15:52,8,8,동탄/용인,1,137
612,15:52,9,9,평택,18,"0,18,98,114,126,127,128,132,133,135,136,138,139,140,141,143,145,147"
613,15:53,1,1,서울역,6,"16,32,47,74,78,116"
613,15:53,10,10,인천공항,5,"38,119,122,129,134"
613,15:53,2,2,수서,12,"25,40,59,67,68,73,76,84,88,111,120,124"
613,15:53,3,3,삼성,13,"19,21,35,43,51,60,70,79,100,103,109,146,149"
613,15:53,4,4,여의도,9,"1,20,48,50,57,64,66,69,112"
613,15:53,5,5,김포공항,9,"6,7,22,26,27,30,63,106,108"
613,15:53,6,6,일산,4,"10,46,131,142"
613,15:53,7,7,판교,24,"4,5,11,14,15,28,54,56,65,80,81,83,85,90,91,92,94,96,97,99,104,117,118,123"
613,15:53,9,9,평택,19,"0,18,41,98,114,126,127,128,132,133,135,136,138,139,140,141,143,145,147"
614,15:54,1,1,서울역,7,"16,32,47,74,78,105,116"
614,15:54,10,10,인천공항,4,"119,122,129,134"
614,15:54,2,2,수서,13,"25,40,59,67,68,73,75,76,84,88,111,120,124"
614,15:54,3,3,삼성,12,"19,21,35,43,51,60,79,100,103,109,146,149"
614,15:54,4,4,여의도,10,"1,20,48,50,57,64,66,69,71,112"
614,15:54,5,5,김포공항,11,"2,6,7,22,26,27,30,36,63,106,108"
614,15:54,6,6,일산,4,"10,46,131,142"
614,15:54,7,7,판교,23,"4,5,11,14,15,54,56,65,80,81,83,85,90,91,92,94,96,97,99,104,117,118,123"
614,15:54,9,9,평택,18,"0,18,41,114,126,127,128,132,133,135,136,138,139,140,141,143,145,147"
615,15:55,1,1,서울역,7,"16,32,47,74,78,105,116"
615,15:55,10,10,인천공항,5,"9,119,122,129,134"
615,15:55,2,2,수서,13,"25,40,59,67,68,73,75,76,84,88,111,120,124"
615,15:55,3,3,삼성,12,"19,21,35,43,51,60,79,100,103,109,146,149"
615,15:55,4,4,여의도,11,"1,20,48,50,57,64,66,69,71,112,115"
615,15:55,5,5,김포공항,11,"2,6,7,22,26,27,30,36,63,106,108"
615,15:55,6,6,일산,5,"10,29,46,131,142"
615,15:55,7,7,판교,22,"5,11,14,15,54,56,65,80,81,83,85,90,91,92,94,96,97,99,104,117,118,123"
615,15:55,9,9,평택,19,"0,18,41,114,126,127,128,132,133,135,136,138,139,140,141,143,144,145,147"
616,15:56,1,1,서울역,7,"16,32,47,74,78,105,116"
616,15:56,10,10,인천공항,5,"9,119,122,129,134"
616,15:56,2,2,수서,14,"25,40,59,62,67,68,73,75,76,84,88,111,120,124"
616,15:56,3,3,삼성,12,"19,21,35,51,60,79,100,103,109,146,148,149"
616,15:56,4,4,여의도,12,"1,20,33,37,48,50,57,66,69,71,112,115"
616,15:56,5,5,김포공항,11,"2,6,7,22,26,27,30,36,63,106,108"
616,15:56,6,6,일산,6,"10,29,45,46,131,142"
616,15:56,7,7,판교,22,"5,11,14,15,54,56,65,80,81,83,85,90,91,92,94,96,97,99,104,117,118,123"
616,15:56,8,8,동탄/용인,1,107
616,15:56,9,9,평택,19,"0,18,41,114,126,127,128,132,133,135,136,138,139,140,141,143,144,145,147"
617,15:57,1,1,서울역,8,"16,24,32,47,74,78,82,116"
617,15:57,10,10,인천공항,5,"9,119,122,129,134"
617,15:57,2,2,수서,14,"3,25,40,62,67,68,73,75,76,84,88,111,120,124"
617,15:57,3,3,삼성,12,"19,21,35,51,60,79,100,103,109,110,146,148"
617,15:57,4,4,여의도,12,"1,20,33,37,48,50,57,66,69,71,112,115"
617,15:57,5,5,김포공항,11,"2,6,13,22,26,27,30,36,63,106,108"
617,15:57,6,6,일산,6,"10,29,45,46,131,142"
617,15:57,7,7,판교,22,"5,11,14,15,54,56,65,80,81,83,85,90,91,92,94,96,97,99,104,117,118,123"
617,15:57,8,8,동탄/용인,1,107
617,15:57,9,9,평택,19,"0,18,41,114,126,127,128,132,133,135,136,138,139,140,141,143,144,145,147"
618,15:58,1,1,서울역,9,"16,24,32,47,74,78,82,89,116"
618,15:58,10,10,인천공항,5,"9,119,122,129,134"
618,15:58,2,2,수서,14,"3,25,40,62,67,68,73,75,76,84,88,111,120,124"
618,15:58,3,3,삼성,11,"19,35,51,60,100,103,109,110,130,146,148"
618,15:58,4,4,여의도,12,"1,20,33,34,37,48,50,57,66,69,71,112"
618,15:58,5,5,김포공항,12,"2,6,13,22,26,27,30,36,63,72,106,108"
618,15:58,6,6,일산,5,"10,45,46,131,142"
618,15:58,7,7,판교,22,"5,11,14,15,54,56,65,80,81,83,85,90,91,92,94,96,97,99,104,117,118,123"
618,15:58,8,8,동탄/용인,1,107
618,15:58,9,9,평택,19,"0,18,41,114,126,127,128,132,133,135,136,138,139,140,141,143,144,145,147"
619,15:59,1,1,서울역,11,"12,16,24,32,47,74,78,82,89,102,116"
619,15:59,10,10,인천공항,5,"9,119,122,129,134"
619,15:59,2,2,수서,14,"3,25,40,62,67,68,73,75,76,84,88,111,120,124"
619,15:59,3,3,삼성,11,"19,35,51,55,100,103,109,110,130,146,148"
619,15:59,4,4,여의도,12,"1,20,33,34,37,48,50,57,66,69,71,112"
619,15:59,5,5,김포공항,11,"2,13,22,26,27,30,36,63,72,106,108"
619,15:59,6,6,일산,5,"10,45,46,131,142"
619,15:59,7,7,판교,22,"5,11,14,15,17,39,56,65,80,81,83,85,90,91,92,94,96,97,99,117,118,123"
619,15:59,8,8,동탄/용인,1,107
619,15:59,9,9,평택,21,"0,18,41,58,114,121,126,127,128,132,133,135,136,138,139,140,141,143,144,145,147"
620,16:00,1,1,서울역,10,"12,16,32,47,74,78,82,89,102,116"
620,16:00,10,10,인천공항,4,"23,119,122,129"
620,16:00,2,2,수서,13,"25,40,62,67,68,73,75,76,84,88,111,120,124"
620,16:00,3,3,삼성,9,"51,55,100,103,109,110,130,146,148"
620,16:00,4,4,여의도,13,"1,20,33,34,37,48,50,52,57,69,71,77,112"
620,16:00,5,5,김포공항,11,"2,13,22,27,30,36,63,72,86,93,108"
620,16:00,6,6,일산,5,"10,45,46,131,142"
620,16:00,7,7,판교,22,"5,11,14,15,17,39,44,56,65,80,81,85,90,91,92,94,96,97,99,117,118,123"
620,16:00,8,8,동탄/용인,1,107
620,16:00,9,9,평택,18,"0,41,58,114,121,126,127,132,133,135,136,139,140,141,143,144,145,147"
621,16:01,1,1,서울역,10,"12,16,28,32,47,74,78,82,102,116"
621,16:01,10,10,인천공항,4,"23,119,122,129"
621,16:01,2,2,수서,13,"25,40,62,67,68,73,75,76,84,88,111,120,124"
621,16:01,3,3,삼성,8,"51,55,100,103,109,110,146,148"
621,16:01,4,4,여의도,13,"1,20,33,34,37,48,50,52,57,69,70,71,77"
621,16:01,5,5,김포공항,11,"2,13,22,27,30,36,63,72,86,93,108"
621,16:01,6,6,일산,4,"45,46,131,142"
621,16:01,7,7,판교,22,"5,11,14,15,17,39,44,56,65,80,81,85,90,91,92,94,96,97,99,117,118,123"
621,16:01,8,8,동탄/용인,1,107
621,16:01,9,9,평택,19,"0,41,42,58,114,121,126,127,132,133,135,136,139,140,141,143,144,145,147"
622,16:02,1,1,서울역,10,"12,16,28,32,47,74,78,82,102,116"
622,16:02,10,10,인천공항,4,"23,119,122,129"
622,16:02,2,2,수서,13,"25,40,62,67,68,73,75,76,84,87,111,120,124"
622,16:02,3,3,삼성,8,"51,55,100,103,109,110,146,148"
622,16:02,4,4,여의도,12,"1,4,20,33,34,37,48,50,52,57,70,77"
622,16:02,5,5,김포공항,10,"2,13,22,30,36,63,72,86,93,108"
622,16:02,6,6,일산,3,"46,131,142"
622,16:02,7,7,판교,23,"5,11,14,15,17,39,44,56,65,80,81,85,90,91,92,94,96,97,99,117,118,123,125"
622,16:02,8,8,동탄/용인,1,107
622,16:02,9,9,평택,20,"0,41,42,53,58,114,121,126,127,132,133,135,136,139,140,141,143,144,145,147"
623,16:03,1,1,서울역,9,"12,16,28,32,47,74,78,102,116"
623,16:03,10,10,인천공항,2,"23,129"
623,16:03,2,2,수서,14,"25,40,62,67,68,73,75,76,84,87,95,111,120,124"
623,16:03,3,3,삼성,8,"51,55,64,103,109,110,146,148"
623,16:03,4,4,여의도,15,"1,4,20,33,34,37,48,49,50,52,57,59,70,77,113"
623,16:03,5,5,김포공항,10,"2,13,22,30,36,63,72,86,93,108"
623,16:03,6,6,일산,5,"46,61,101,131,142"
623,16:03,7,7,판교,23,"5,11,14,15,17,39,44,56,65,80,81,85,90,91,92,94,96,97,99,117,118,123,125"
623,16:03,8,8,동탄/용인,1,107
623,16:03,9,9,평택,20,"0,41,42,53,58,114,121,126,127,132,133,135,136,139,140,141,143,144,145,147"
624,16:04,1,1,서울역,11,"12,16,28,32,47,66,74,78,79,102,116"
624,16:04,10,10,인천공항,2,"23,129"
624,16:04,2,2,수서,11,"25,62,67,68,73,84,87,95,111,120,124"
624,16:04,3,3,삼성,8,"51,55,64,103,109,110,146,148"
624,16:04,4,4,여의도,14,"1,4,20,33,34,37,49,50,52,57,59,77,113,137"
624,16:04,5,5,김포공항,10,"2,13,22,30,36,63,72,86,93,108"
624,16:04,6,6,일산,5,"46,61,101,131,142"
624,16:04,7,7,판교,21,"5,14,15,39,44,56,65,80,81,85,90,91,92,94,96,97,99,117,118,123,125"
624,16:04,8,8,동탄/용인,1,107
624,16:04,9,9,평택,21,"0,8,41,42,53,58,114,121,126,127,132,133,135,136,139,140,141,143,144,145,147"
625,16:05,1,1,서울역,9,"12,28,32,47,66,74,79,102,116"
625,16:05,10,10,인천공항,3,"23,31,129"
625,16:05,2,2,수서,9,"62,67,68,84,87,95,111,120,124"
625,16:05,3,3,삼성,7,"51,55,64,109,110,146,148"
625,16:05,4,4,여의도,13,"1,4,20,33,34,37,49,52,57,59,77,113,137"
625,16:05,5,5,김포공항,9,"2,13,22,36,63,72,86,93,108"
625,16:05,6,6,일산,5,"46,61,101,131,142"
625,16:05,7,7,판교,21,"5,14,15,39,44,56,65,80,81,85,90,91,92,94,96,97,99,117,118,123,125"
625,16:05,8,8,동탄/용인,1,107
625,16:05,9,9,평택,21,"0,8,41,42,53,58,114,121,126,127,132,133,135,136,139,140,141,143,144,145,147"
626,16:06,1,1,서울역,8,"19,28,32,47,66,74,79,102"
626,16:06,10,10,인천공항,3,"23,31,129"
626,16:06,2,2,수서,9,"62,67,68,84,87,95,111,120,124"
626,16:06,3,3,삼성,6,"51,55,64,109,146,148"
626,16:06,4,4,여의도,15,"3,4,20,33,34,37,38,49,52,54,57,60,77,113,137"
626,16:06,5,5,김포공항,6,"2,13,21,22,63,108"
626,16:06,6,6,일산,5,"46,61,101,131,142"
626,16:06,7,7,판교,20,"14,15,39,44,56,65,80,81,85,90,91,92,94,96,97,99,117,118,123,125"
626,16:06,8,8,동탄/용인,2,"107,128"
626,16:06,9,9,평택,21,"0,8,41,42,53,58,114,121,126,127,132,133,135,136,139,140,141,143,144,145,147"
627,16:07,1,1,서울역,6,"19,28,32,47,79,102"
627,16:07,10,10,인천공항,3,"23,31,129"
627,16:07,2,2,수서,10,"6,62,67,68,84,87,95,111,120,124"
627,16:07,3,3,삼성,7,"51,55,64,76,109,146,148"
627,16:07,4,4,여의도,15,"3,4,20,33,34,37,38,49,52,54,57,60,77,113,137"
627,16:07,5,5,김포공항,6,"2,13,21,22,63,108"
627,16:07,6,6,일산,3,"61,101,149"
627,16:07,7,7,판교,22,"7,14,15,24,39,44,56,65,80,81,85,90,91,92,94,96,97,99,117,118,123,125"
627,16:07,8,8,동탄/용인,2,"107,128"
627,16:07,9,9,평택,20,"0,8,42,53,58,114,121,126,127,132,133,135,136,139,140,141,143,144,145,147"
628,16:08,1,1,서울역,8,"19,26,28,32,47,70,79,102"
628,16:08,10,10,인천공항,3,"23,31,129"
628,16:08,2,2,수서,11,"6,62,67,68,84,87,95,98,111,120,124"
628,16:08,3,3,삼성,8,"51,55,64,76,106,109,146,148"
628,16:08,4,4,여의도,14,"3,20,33,34,37,38,49,52,54,57,60,77,113,137"
628,16:08,5,5,김포공항,6,"2,13,21,22,35,63"
628,16:08,6,6,일산,3,"61,101,149"
628,16:08,7,7,판교,22,"7,14,15,24,39,44,65,80,81,85,90,91,92,94,96,97,99,112,117,118,123,125"
628,16:08,8,8,동탄/용인,2,"107,128"
628,16:08,9,9,평택,20,"0,8,42,53,58,114,121,126,127,132,133,135,136,139,140,141,143,144,145,147"
629,16:09,1,1,서울역,6,"19,26,32,47,70,79"
629,16:09,10,10,인천공항,3,"23,31,129"
629,16:09,2,2,수서,10,"6,62,68,84,87,95,98,111,120,124"
629,16:09,3,3,삼성,9,"51,55,64,69,76,106,109,146,148"
629,16:09,4,4,여의도,10,"20,34,37,49,52,54,57,77,113,137"
629,16:09,5,5,김포공항,4,"2,13,21,35"
629,16:09,6,6,일산,3,"61,101,149"
629,16:09,7,7,판교,23,"7,14,15,24,39,44,65,71,80,81,85,90,91,92,94,96,97,99,112,117,118,123,125"
629,16:09,8,8,동탄/용인,1,107
629,16:09,9,9,평택,20,"0,8,42,53,58,114,121,126,127,132,133,135,136,139,140,141,143,144,145,147"
630,16:10,1,1,서울역,7,"19,26,32,47,59,70,79"
630,16:10,10,10,인천공항,4,"23,31,105,129"
630,16:10,2,2,수서,11,"6,27,62,68,82,87,95,98,111,120,124"
630,16:10,3,3,삼성,8,"51,55,64,69,106,109,146,148"
630,16:10,4,4,여의도,10,"20,34,37,49,52,54,57,77,113,137"
630,16:10,5,5,김포공항,4,"13,21,35,88"
630,16:10,6,6,일산,3,"61,101,149"
630,16:10,7,7,판교,21,"14,15,24,44,65,71,80,81,85,90,91,92,94,96,97,99,112,117,118,123,125"
630,16:10,8,8,동탄/용인,1,107
630,16:10,9,9,평택,18,"8,53,58,114,121,126,127,132,133,135,136,139,140,141,143,144,145,147"
631,16:11,1,1,서울역,8,"11,17,19,32,40,47,59,79"
631,16:11,10,10,인천공항,3,"43,105,129"
631,16:11,2,2,수서,10,"6,27,62,68,82,95,98,111,120,124"
631,16:11,3,3,삼성,8,"16,51,55,64,69,109,146,148"
631,16:11,4,4,여의도,9,"20,30,37,49,52,54,57,113,137"
631,16:11,5,5,김포공항,5,"13,21,35,88,100"
631,16:11,6,6,일산,4,"61,101,104,149"
631,16:11,7,7,판교,21,"14,15,24,44,65,71,80,81,85,90,91,92,94,96,97,99,112,117,118,123,125"
631,16:11,8,8,동탄/용인,1,107
631,16:11,9,9,평택,17,"8,53,58,114,121,126,127,133,135,136,139,140,141,143,144,145,147"
632,16:12,1,1,서울역,7,"11,17,32,40,47,59,79"
632,16:12,10,10,인천공항,3,"43,105,129"
632,16:12,2,2,수서,11,"1,6,27,62,68,82,95,98,111,120,124"
632,16:12,3,3,삼성,8,"16,51,55,64,69,109,146,148"
632,16:12,4,4,여의도,13,"20,30,36,37,49,52,54,57,72,86,103,113,137"
632,16:12,5,5,김포공항,5,"13,21,35,88,100"
632,16:12,6,6,일산,5,"61,83,101,104,149"
632,16:12,7,7,판교,22,"14,15,24,44,65,71,78,80,81,85,90,91,92,94,96,97,99,112,117,118,123,125"
632,16:12,8,8,동탄/용인,1,107
632,16:12,9,9,평택,17,"8,53,58,114,121,126,127,133,135,136,139,140,141,143,144,145,147"
633,16:13,1,1,서울역,8,"9,11,17,32,40,47,60,79"
633,16:13,10,10,인천공항,3,"43,105,129"
633,16:13,2,2,수서,12,"1,6,12,62,68,82,95,98,111,116,120,124"
633,16:13,3,3,삼성,6,"16,51,55,69,109,148"
633,16:13,4,4,여의도,14,"5,20,30,36,37,49,52,54,57,72,86,103,113,137"
633,16:13,5,5,김포공항,7,"13,21,25,35,73,88,100"
633,16:13,6,6,일산,4,"61,83,101,104"
633,16:13,7,7,판교,21,"10,15,24,44,71,78,80,81,85,90,91,92,94,96,97,99,112,117,118,123,125"
633,16:13,8,8,동탄/용인,1,107
633,16:13,9,9,평택,18,"8,53,58,114,115,121,126,127,133,135,136,139,140,141,143,144,145,147"
634,16:14,1,1,서울역,6,"9,11,32,47,60,79"
634,16:14,10,10,인천공항,4,"43,89,105,129"
634,16:14,2,2,수서,13,"1,4,6,12,62,68,82,95,98,111,116,120,124"
634,16:14,3,3,삼성,7,"16,51,55,69,93,109,148"
634,16:14,4,4,여의도,12,"5,20,36,37,49,52,54,57,72,86,103,137"
634,16:14,5,5,김포공항,8,"13,21,25,35,73,88,100,110"
634,16:14,6,6,일산,5,"61,66,83,101,104"
634,16:14,7,7,판교,22,"10,15,24,44,45,71,78,80,81,85,90,91,92,94,96,97,99,112,117,118,123,125"
634,16:14,8,8,동탄/용인,1,107
634,16:14,9,9,평택,18,"8,53,58,114,115,121,126,127,133,135,136,139,140,141,143,144,145,147"
635,16:15,1,1,서울역,7,"9,11,32,47,60,77,79"
635,16:15,10,10,인천공항,4,"43,89,105,129"
635,16:15,2,2,수서,15,"1,3,4,6,12,33,62,68,82,95,98,111,116,120,124"
635,16:15,3,3,삼성,9,"16,18,28,51,55,69,93,109,148"
635,16:15,4,4,여의도,12,"5,20,37,49,52,54,56,57,63,86,103,137"
635,16:15,5,5,김포공항,9,"13,21,25,35,73,74,88,100,110"
635,16:15,6,6,일산,5,"61,66,75,101,104"
635,16:15,7,7,판교,21,"10,15,24,44,45,78,80,81,85,90,91,92,94,96,97,99,112,117,118,123,125"
635,16:15,8,8,동탄/용인,1,107
635,16:15,9,9,평택,18,"8,53,58,114,115,121,126,127,133,135,136,139,140,141,143,144,145,147"
636,16:16,1,1,서울역,5,"11,32,47,77,79"
636,16:16,10,10,인천공항,5,"43,89,105,129,130"
636,16:16,2,2,수서,14,"1,3,4,6,12,33,62,68,98,111,116,120,124,134"
636,16:16,3,3,삼성,11,"16,18,28,38,51,55,69,93,108,109,148"
636,16:16,4,4,여의도,13,"5,20,37,49,52,54,56,57,63,84,86,103,137"
636,16:16,5,5,김포공항,8,"13,25,35,73,74,88,100,110"
636,16:16,6,6,일산,5,"61,66,75,101,104"
636,16:16,7,7,판교,21,"10,15,24,44,45,78,80,81,85,90,91,92,94,96,97,99,112,117,118,123,125"
636,16:16,8,8,동탄/용인,2,"50,107"
636,16:16,9,9,평택,18,"8,53,58,114,115,121,126,127,133,135,136,139,140,141,143,144,145,147"
637,16:17,1,1,서울역,6,"7,32,39,47,77,79"
637,16:17,10,10,인천공항,5,"43,89,105,129,130"
637,16:17,2,2,수서,15,"1,3,4,6,12,22,33,34,62,68,111,116,120,124,134"
637,16:17,3,3,삼성,9,"16,18,28,38,51,55,69,108,131"
637,16:17,4,4,여의도,11,"5,37,49,52,56,57,63,84,86,103,137"
637,16:17,5,5,김포공항,9,"13,25,35,67,73,74,88,100,110"
637,16:17,6,6,일산,5,"61,66,75,101,104"
637,16:17,7,7,판교,21,"10,15,24,44,45,78,80,81,85,90,91,92,94,96,97,99,112,117,118,123,125"
637,16:17,8,8,동탄/용인,3,"50,107,132"
637,16:17,9,9,평택,18,"8,53,58,114,115,121,126,127,133,135,136,139,140,141,143,144,145,147"
638,16:18,1,1,서울역,7,"7,32,39,47,77,79,87"
638,16:18,10,10,인천공항,6,"43,89,105,129,130,142"
638,16:18,2,2,수서,15,"1,3,4,6,12,22,33,34,62,68,111,116,120,124,134"
638,16:18,3,3,삼성,11,"16,19,28,38,51,55,69,108,119,122,131"
638,16:18,4,4,여의도,9,"5,37,49,52,56,57,84,86,103"
638,16:18,5,5,김포공항,8,"25,35,67,73,74,88,100,110"
638,16:18,6,6,일산,6,"61,66,70,75,101,104"
638,16:18,7,7,판교,19,"10,15,44,45,80,81,85,90,91,92,94,96,97,99,112,117,118,123,125"
638,16:18,8,8,동탄/용인,3,"50,107,132"
638,16:18,9,9,평택,18,"8,29,58,114,115,121,126,127,133,135,136,139,140,141,143,144,145,147"
639,16:19,1,1,서울역,8,"7,32,39,47,64,77,79,87"
639,16:19,10,10,인천공항,7,"43,89,105,129,130,138,142"
639,16:19,2,2,수서,14,"1,3,4,6,12,22,33,34,62,68,111,116,120,124"
639,16:19,3,3,삼성,9,"16,19,28,38,51,55,119,122,131"
639,16:19,4,4,여의도,8,"5,37,49,52,56,57,84,103"
639,16:19,5,5,김포공항,9,"25,26,35,67,73,74,88,100,110"
639,16:19,6,6,일산,6,"61,66,70,75,101,104"
639,16:19,7,7,판교,21,"10,15,41,44,45,46,80,81,85,90,91,92,94,96,97,99,112,117,118,123,125"
639,16:19,8,8,동탄/용인,2,"107,132"
639,16:19,9,9,평택,18,"8,29,48,58,114,115,121,126,127,133,135,136,139,141,143,144,145,147"
640,16:20,1,1,서울역,6,"39,47,64,77,79,87"
640,16:20,10,10,인천공항,6,"89,105,129,130,138,142"
640,16:20,2,2,수서,14,"1,3,4,6,22,30,33,34,62,68,111,116,120,124"
640,16:20,3,3,삼성,8,"16,19,28,38,51,55,119,122"
640,16:20,4,4,여의도,10,"5,14,37,49,52,56,57,65,84,128"
640,16:20,5,5,김포공항,7,"25,26,35,67,73,74,100"
640,16:20,6,6,일산,6,"59,61,66,70,75,104"
640,16:20,7,7,판교,19,"10,15,41,46,80,81,85,90,91,92,94,96,97,99,112,117,118,123,125"
640,16:20,8,8,동탄/용인,1,107
640,16:20,9,9,평택,16,"8,29,48,58,114,115,121,126,127,133,136,139,141,143,145,147"
641,16:21,1,1,서울역,4,"39,64,79,87"
641,16:21,10,10,인천공항,6,"89,105,129,130,138,142"
641,16:21,2,2,수서,15,"1,3,4,6,22,30,33,34,36,40,68,111,116,120,124"
641,16:21,3,3,삼성,8,"16,19,28,38,51,55,113,122"
641,16:21,4,4,여의도,8,"5,14,49,52,57,65,84,128"
641,16:21,5,5,김포공항,8,"25,26,27,35,67,73,100,146"
641,16:21,6,6,일산,4,"59,61,104,106"
641,16:21,7,7,판교,20,"10,15,17,41,46,80,81,85,90,91,92,94,96,97,99,112,117,118,123,125"
641,16:21,8,8,동탄/용인,1,107
641,16:21,9,9,평택,16,"8,29,48,58,114,115,121,126,127,133,136,139,141,143,145,147"
642,16:22,1,1,서울역,3,"39,79,87"
642,16:22,10,10,인천공항,5,"89,105,129,130,142"
642,16:22,2,2,수서,15,"1,3,4,6,22,30,33,34,36,40,68,111,116,120,124"
642,16:22,3,3,삼성,5,"19,28,55,113,122"
642,16:22,4,4,여의도,8,"14,49,52,57,65,71,82,128"
642,16:22,5,5,김포공항,8,"25,26,27,35,67,73,100,146"
642,16:22,6,6,일산,3,"59,104,106"
642,16:22,7,7,판교,19,"15,17,41,46,80,81,85,90,91,92,94,96,97,99,112,117,118,123,125"
642,16:22,8,8,동탄/용인,1,107
642,16:22,9,9,평택,15,"8,48,58,114,115,121,126,127,133,136,139,141,143,145,147"
643,16:23,1,1,서울역,3,"39,87,95"
643,16:23,10,10,인천공항,4,"105,129,130,142"
643,16:23,2,2,수서,16,"1,3,4,6,22,30,33,34,36,40,68,111,116,120,124,131"
643,16:23,3,3,삼성,4,"19,28,113,122"
643,16:23,4,4,여의도,6,"14,23,65,71,82,128"
643,16:23,5,5,김포공항,8,"25,26,27,35,67,73,100,146"
643,16:23,6,6,일산,3,"60,104,106"
643,16:23,7,7,판교,19,"15,17,41,46,80,81,85,90,91,92,94,96,97,99,112,117,118,123,125"
643,16:23,8,8,동탄/용인,1,107
643,16:23,9,9,평택,14,"8,48,58,114,115,121,126,127,133,136,141,143,145,147"
644,16:24,1,1,서울역,3,"39,95,98"
644,16:24,10,10,인천공항,4,"105,129,130,142"
644,16:24,2,2,수서,17,"1,3,4,6,21,22,30,33,34,36,40,111,116,119,120,124,131"
644,16:24,3,3,삼성,4,"19,28,113,122"
644,16:24,4,4,여의도,7,"14,23,65,71,82,109,128"
644,16:24,5,5,김포공항,8,"25,26,27,35,67,73,100,146"
644,16:24,6,6,일산,3,"11,60,104"
644,16:24,7,7,판교,20,"15,17,20,41,46,80,81,85,90,91,92,94,96,97,99,112,117,118,123,125"
644,16:24,8,8,동탄/용인,1,107
644,16:24,9,9,평택,13,"8,48,58,115,121,126,127,133,136,141,143,145,147"
645,16:25,1,1,서울역,4,"39,56,95,98"
645,16:25,10,10,인천공항,4,"105,129,130,142"
645,16:25,2,2,수서,16,"1,3,4,21,22,30,33,34,36,40,111,116,119,120,124,131"
645,16:25,3,3,삼성,6,"19,28,42,113,122,137"
645,16:25,4,4,여의도,7,"0,14,23,65,82,109,128"
645,16:25,5,5,김포공항,7,"25,26,35,67,100,146,148"
645,16:25,6,6,일산,3,"11,60,104"
645,16:25,7,7,판교,18,"15,17,20,46,63,81,85,91,94,96,97,99,112,117,118,123,125,149"
645,16:25,8,8,동탄/용인,1,107
645,16:25,9,9,평택,15,"8,48,58,76,102,115,121,126,127,133,136,141,143,145,147"
646,16:26,1,1,서울역,3,"56,95,98"
646,16:26,10,10,인천공항,4,"105,129,130,142"
646,16:26,2,2,수서,16,"1,3,4,21,22,30,33,34,36,40,111,116,119,120,124,131"
646,16:26,3,3,삼성,9,"13,19,28,31,32,42,113,122,137"
646,16:26,4,4,여의도,5,"0,23,82,109,128"
646,16:26,5,5,김포공항,7,"25,26,35,67,100,146,148"
646,16:26,6,6,일산,3,"11,60,104"
646,16:26,7,7,판교,18,"15,17,20,46,63,81,85,91,94,96,97,99,112,117,118,123,125,149"
646,16:26,8,8,동탄/용인,3,"72,107,135"
646,16:26,9,9,평택,14,"8,48,58,76,102,115,121,126,127,133,141,143,145,147"
647,16:27,1,1,서울역,5,"12,44,56,95,98"
647,16:27,10,10,인천공항,3,"129,130,142"
647,16:27,2,2,수서,16,"1,3,4,21,22,30,33,34,36,37,40,111,116,120,124,131"
647,16:27,3,3,삼성,9,"13,28,31,32,42,47,103,122,137"
647,16:27,4,4,여의도,8,"0,23,45,62,74,82,109,128"
647,16:27,5,5,김포공항,6,"25,26,35,67,100,148"
647,16:27,6,6,일산,4,"60,93,104,110"
647,16:27,7,7,판교,18,"7,15,20,46,63,81,83,91,94,96,97,99,112,117,118,123,125,149"
647,16:27,8,8,동탄/용인,3,"72,107,135"
647,16:27,9,9,평택,15,"2,8,48,58,76,102,115,121,126,127,133,141,143,145,147"
648,16:28,1,1,서울역,7,"12,16,44,70,75,95,98"
648,16:28,10,10,인천공항,3,"129,130,142"
648,16:28,2,2,수서,16,"1,4,21,22,30,33,34,36,37,40,88,111,116,120,124,131"
648,16:28,3,3,삼성,10,"13,28,31,32,42,47,64,103,122,137"
648,16:28,4,4,여의도,8,"0,23,45,62,74,82,109,128"
648,16:28,5,5,김포공항,5,"25,26,35,67,100"
648,16:28,6,6,일산,4,"60,77,93,110"
648,16:28,7,7,판교,17,"7,15,20,63,81,83,91,94,96,97,99,112,117,118,123,125,149"
648,16:28,8,8,동탄/용인,3,"72,107,135"
648,16:28,9,9,평택,15,"2,8,48,58,76,102,115,121,126,127,133,141,143,145,147"
649,16:29,1,1,서울역,9,"12,16,44,61,70,71,75,95,98"
649,16:29,10,10,인천공항,4,"9,129,130,142"
649,16:29,2,2,수서,18,"1,4,21,30,33,34,36,37,40,49,52,57,88,111,116,120,124,131"
649,16:29,3,3,삼성,10,"5,13,28,31,32,42,47,64,103,137"
649,16:29,4,4,여의도,10,"0,10,23,45,51,62,74,82,109,128"
649,16:29,5,5,김포공항,5,"25,26,35,67,100"
649,16:29,6,6,일산,6,"60,77,84,93,108,110"
649,16:29,7,7,판교,17,"7,15,20,63,81,83,91,94,96,97,99,112,117,118,123,125,149"
649,16:29,8,8,동탄/용인,2,"72,107"
649,16:29,9,9,평택,15,"2,8,48,58,76,102,115,121,126,127,133,141,143,145,147"
650,16:30,1,1,서울역,9,"16,44,59,61,70,71,75,95,98"
650,16:30,10,10,인천공항,4,"9,129,130,142"
650,16:30,2,2,수서,19,"1,4,21,30,33,34,36,37,40,49,52,57,79,88,111,116,120,124,131"
650,16:30,3,3,삼성,11,"5,13,28,31,32,42,47,64,101,103,137"
650,16:30,4,4,여의도,9,"0,10,23,45,51,62,82,109,128"
650,16:30,5,5,김포공항,5,"25,26,35,67,100"
650,16:30,6,6,일산,6,"24,60,77,78,84,108"
650,16:30,7,7,판교,17,"7,15,20,63,81,83,91,94,96,97,99,112,117,118,123,125,149"
650,16:30,8,8,동탄/용인,2,"72,107"
650,16:30,9,9,평택,14,"2,8,48,58,76,102,115,121,126,127,133,141,143,147"
651,16:31,1,1,서울역,7,"16,44,59,61,71,95,98"
651,16:31,10,10,인천공항,5,"9,86,129,130,142"
651,16:31,2,2,수서,18,"1,4,21,30,33,34,36,37,49,52,57,79,87,111,116,120,124,131"
651,16:31,3,3,삼성,10,"5,13,28,31,32,42,47,64,101,103"
651,16:31,4,4,여의도,10,"0,10,23,45,51,62,73,82,109,132"
651,16:31,5,5,김포공항,5,"25,26,55,67,100"
651,16:31,6,6,일산,6,"24,60,77,78,84,108"
651,16:31,7,7,판교,17,"7,15,20,63,81,83,91,94,96,97,99,112,117,118,123,125,149"
651,16:31,8,8,동탄/용인,2,"72,107"
651,16:31,9,9,평택,11,"2,8,102,115,121,126,127,133,141,143,147"
652,16:32,1,1,서울역,8,"16,44,59,61,71,90,95,98"
652,16:32,10,10,인천공항,5,"9,86,129,130,142"
652,16:32,2,2,수서,19,"1,4,21,30,33,34,36,37,49,52,57,65,79,87,111,116,120,124,131"
652,16:32,3,3,삼성,10,"5,13,28,31,32,42,47,64,101,103"
652,16:32,4,4,여의도,12,"0,10,23,45,51,62,73,80,82,92,109,132"
652,16:32,5,5,김포공항,6,"25,26,55,67,68,100"
652,16:32,6,6,일산,5,"24,60,77,78,108"
652,16:32,7,7,판교,17,"7,15,20,63,81,83,91,94,96,97,99,112,117,118,123,125,149"
652,16:32,8,8,동탄/용인,2,"107,136"
652,16:32,9,9,평택,11,"2,8,54,102,121,126,127,133,141,143,147"
653,16:33,1,1,서울역,6,"16,44,61,71,90,98"
653,16:33,10,10,인천공항,5,"9,86,129,130,142"
653,16:33,2,2,수서,19,"1,4,21,30,33,34,36,37,49,52,57,65,79,87,111,116,120,124,131"
653,16:33,3,3,삼성,11,"13,27,28,31,32,42,47,53,64,101,103"
653,16:33,4,4,여의도,13,"0,10,23,45,51,62,73,80,82,92,109,132,146"
653,16:33,5,5,김포공항,7,"6,25,26,55,67,68,100"
653,16:33,6,6,일산,6,"24,39,60,77,78,108"
653,16:33,7,7,판교,19,"7,14,15,20,63,66,81,83,91,94,96,97,99,112,117,118,123,125,149"
653,16:33,8,8,동탄/용인,2,"107,136"
653,16:33,9,9,평택,11,"2,8,18,54,121,126,127,133,141,143,147"
654,16:34,1,1,서울역,7,"11,44,61,71,90,98,119"
654,16:34,10,10,인천공항,6,"9,69,86,129,130,142"
654,16:34,2,2,수서,19,"1,4,21,30,33,34,36,37,49,52,57,65,79,87,111,116,120,124,131"
654,16:34,3,3,삼성,10,"13,27,28,31,32,42,47,53,101,103"
654,16:34,4,4,여의도,15,"0,10,17,23,45,51,62,73,80,82,85,92,109,132,146"
654,16:34,5,5,김포공항,7,"6,25,26,55,67,68,100"
654,16:34,6,6,일산,6,"24,39,60,77,78,108"
654,16:34,7,7,판교,19,"7,14,15,20,63,66,81,83,91,94,96,97,99,112,117,118,123,125,149"
654,16:34,8,8,동탄/용인,2,"107,136"
654,16:34,9,9,평택,11,"2,8,18,54,121,126,127,133,141,143,147"
655,16:35,1,1,서울역,8,"11,44,61,71,90,98,104,119"
655,16:35,10,10,인천공항,6,"9,69,86,129,134,142"
655,16:35,2,2,수서,19,"1,4,21,30,33,34,36,37,52,57,65,79,87,106,111,116,120,124,131"
655,16:35,3,3,삼성,10,"13,27,28,31,32,43,47,53,101,103"
655,16:35,4,4,여의도,16,"0,10,17,23,45,46,51,62,73,80,82,85,92,109,132,146"
655,16:35,5,5,김포공항,8,"6,25,26,55,67,68,100,113"
655,16:35,6,6,일산,7,"24,39,56,60,77,78,108"
655,16:35,7,7,판교,18,"7,14,15,20,63,66,81,83,91,96,97,99,112,117,118,123,125,149"
655,16:35,8,8,동탄/용인,1,107
655,16:35,9,9,평택,11,"2,8,18,54,121,126,127,133,141,143,147"
656,16:36,1,1,서울역,7,"11,61,90,98,104,119,144"
656,16:36,10,10,인천공항,5,"9,69,86,134,142"
656,16:36,2,2,수서,20,"1,4,21,30,33,34,36,37,52,57,65,74,79,87,106,111,116,120,124,131"
656,16:36,3,3,삼성,9,"13,28,31,32,43,47,53,101,103"
656,16:36,4,4,여의도,15,"0,10,17,23,45,46,51,62,73,80,82,85,92,109,132"
656,16:36,5,5,김포공항,9,"3,6,25,55,67,68,100,113,140"
656,16:36,6,6,일산,8,"24,39,50,56,60,77,78,108"
656,16:36,7,7,판교,16,"7,15,20,63,66,81,91,96,97,99,112,117,118,123,125,149"
656,16:36,8,8,동탄/용인,1,107
656,16:36,9,9,평택,11,"2,8,18,54,121,126,127,133,141,143,147"
657,16:37,1,1,서울역,7,"61,90,93,98,104,119,144"
657,16:37,10,10,인천공항,5,"9,69,86,134,142"
657,16:37,2,2,수서,21,"1,4,12,21,30,33,34,36,37,52,57,65,74,79,87,106,111,116,120,124,131"
657,16:37,3,3,삼성,10,"13,28,29,31,32,43,47,53,101,103"
657,16:37,4,4,여의도,14,"0,10,17,23,45,46,51,62,80,82,85,92,109,132"
657,16:37,5,5,김포공항,10,"3,6,22,25,55,67,68,100,113,140"
657,16:37,6,6,일산,10,"19,24,39,41,50,56,60,77,78,108"
657,16:37,7,7,판교,15,"7,15,20,63,66,81,91,96,99,112,117,118,123,125,149"
657,16:37,8,8,동탄/용인,1,107
657,16:37,9,9,평택,12,"2,8,18,38,54,121,126,127,133,141,143,147"
658,16:38,1,1,서울역,5,"61,93,98,119,144"
658,16:38,10,10,인천공항,6,"9,69,86,134,142,148"
658,16:38,2,2,수서,19,"4,12,21,30,33,34,36,37,52,57,65,74,79,87,111,116,120,124,131"
658,16:38,3,3,삼성,11,"13,28,29,31,32,43,47,53,89,101,103"
658,16:38,4,4,여의도,13,"0,10,17,23,45,46,51,62,80,82,85,109,137"
658,16:38,5,5,김포공항,10,"3,6,22,25,55,67,68,100,113,140"
658,16:38,6,6,일산,11,"19,24,39,41,50,56,60,70,77,78,108"
658,16:38,7,7,판교,14,"7,15,20,63,66,81,96,99,112,117,118,123,125,149"
658,16:38,8,8,동탄/용인,1,107
658,16:38,9,9,평택,12,"2,8,18,38,54,121,126,127,133,141,143,147"
659,16:39,1,1,서울역,6,"5,61,93,98,119,139"
659,16:39,10,10,인천공항,6,"9,69,86,134,142,148"
659,16:39,2,2,수서,17,"4,12,21,30,33,34,36,37,52,65,74,79,87,111,120,124,131"
659,16:39,3,3,삼성,14,"13,28,29,31,32,35,43,47,53,89,95,101,103,114"
659,16:39,4,4,여의도,13,"0,10,17,23,45,46,51,62,80,82,85,109,137"
659,16:39,5,5,김포공항,12,"3,6,22,25,40,55,67,68,75,100,113,140"
659,16:39,6,6,일산,11,"19,24,39,41,50,56,60,70,77,78,108"
659,16:39,7,7,판교,13,"7,15,20,63,66,81,99,112,117,118,123,125,149"
659,16:39,8,8,동탄/용인,1,107
659,16:39,9,9,평택,12,"2,8,18,38,54,121,126,127,133,141,143,147"
660,16:40,1,1,서울역,5,"5,61,98,119,139"
660,16:40,10,10,인천공항,5,"9,86,134,142,148"
660,16:40,2,2,수서,14,"4,12,21,30,33,36,65,74,79,87,111,120,124,131"
660,16:40,3,3,삼성,12,"13,16,28,29,35,43,53,89,95,101,103,114"
660,16:40,4,4,여의도,9,"23,45,46,51,62,82,109,135,137"
660,16:40,5,5,김포공항,12,"3,6,22,25,40,55,67,68,75,100,113,140"
660,16:40,6,6,일산,7,"24,50,59,60,70,77,78"
660,16:40,7,7,판교,12,"7,15,20,63,66,99,112,117,118,123,125,149"
660,16:40,9,9,평택,10,"8,18,38,54,121,126,127,133,141,147"
661,16:41,1,1,서울역,5,"5,61,98,119,139"
661,16:41,10,10,인천공항,5,"9,86,134,142,148"
661,16:41,2,2,수서,14,"4,12,21,30,33,36,65,74,79,87,111,120,124,131"
661,16:41,3,3,삼성,12,"13,16,28,29,35,43,53,89,95,101,103,114"
661,16:41,4,4,여의도,8,"45,46,49,51,62,82,109,135"
661,16:41,5,5,김포공항,10,"3,22,25,40,67,68,75,100,113,140"
661,16:41,6,6,일산,6,"24,50,59,60,77,78"
661,16:41,7,7,판교,12,"7,15,20,63,66,99,112,117,118,123,125,149"
661,16:41,9,9,평택,11,"8,18,38,54,121,126,127,133,138,141,147"
662,16:42,1,1,서울역,4,"5,61,98,119"
662,16:42,10,10,인천공항,5,"9,86,134,142,148"
662,16:42,2,2,수서,12,"4,12,21,30,33,65,79,87,111,120,124,131"
662,16:42,3,3,삼성,11,"13,16,28,29,43,53,89,95,103,105,114"
662,16:42,4,4,여의도,9,"45,46,49,51,62,82,94,109,135"
662,16:42,5,5,김포공항,9,"3,22,25,40,67,68,100,113,140"
662,16:42,6,6,일산,6,"50,59,60,77,78,88"
662,16:42,7,7,판교,13,"7,15,20,63,66,99,110,112,117,118,123,125,149"
662,16:42,9,9,평택,11,"8,18,38,54,121,126,127,133,138,141,147"
663,16:43,1,1,서울역,5,"5,61,83,98,119"
663,16:43,10,10,인천공항,5,"9,86,134,142,148"
663,16:43,2,2,수서,10,"4,12,21,33,65,79,87,111,120,124"
663,16:43,3,3,삼성,11,"13,16,28,29,43,53,89,95,103,105,114"
663,16:43,4,4,여의도,7,"45,49,62,82,94,109,135"
663,16:43,5,5,김포공항,9,"3,22,25,40,42,67,68,113,140"
663,16:43,6,6,일산,7,"44,50,59,60,77,78,88"
663,16:43,7,7,판교,12,"7,15,48,63,66,110,112,117,118,123,125,149"
663,16:43,9,9,평택,10,"18,38,54,121,126,127,133,138,141,147"
664,16:44,1,1,서울역,4,"0,5,83,98"
664,16:44,10,10,인천공항,5,"9,86,134,142,148"
664,16:44,2,2,수서,12,"4,12,21,33,65,79,87,92,111,120,124,132"
664,16:44,3,3,삼성,10,"13,16,28,29,43,89,95,103,105,114"
664,16:44,4,4,여의도,8,"45,49,62,82,94,97,109,135"
664,16:44,5,5,김포공항,10,"3,22,25,27,40,42,67,68,113,140"
664,16:44,6,6,일산,7,"11,44,50,59,77,78,88"
664,16:44,7,7,판교,13,"15,48,63,66,73,84,110,112,117,118,123,125,149"
664,16:44,9,9,평택,10,"18,38,54,122,126,127,133,138,141,147"
665,16:45,1,1,서울역,5,"0,5,83,91,98"
665,16:45,10,10,인천공항,5,"9,86,134,142,148"
665,16:45,2,2,수서,10,"4,12,21,65,87,92,111,120,124,132"
665,16:45,3,3,삼성,8,"13,16,28,29,43,103,105,114"
665,16:45,4,4,여의도,5,"62,82,94,97,135"
665,16:45,5,5,김포공항,10,"3,22,25,27,40,42,67,68,113,140"
665,16:45,6,6,일산,7,"11,44,50,59,77,78,88"
665,16:45,7,7,판교,11,"15,48,63,66,73,84,112,118,123,125,149"
665,16:45,9,9,평택,10,"18,38,54,122,126,127,133,138,141,147"
666,16:46,1,1,서울역,8,"0,31,32,47,57,83,91,98"
666,16:46,10,10,인천공항,6,"9,26,86,134,142,148"
666,16:46,2,2,수서,13,"4,10,12,21,65,85,87,92,111,120,124,132,144"
666,16:46,3,3,삼성,7,"13,16,28,29,43,105,114"
666,16:46,4,4,여의도,12,"34,37,52,58,62,76,82,94,96,97,135,136"
666,16:46,5,5,김포공항,8,"1,3,27,42,68,90,104,140"
666,16:46,6,6,일산,6,"11,44,50,59,78,88"
666,16:46,7,7,판교,10,"15,48,63,66,73,84,118,123,125,149"
666,16:46,9,9,평택,10,"18,38,122,126,127,128,133,138,141,147"
667,16:47,1,1,서울역,9,"19,31,32,47,56,57,83,91,98"
667,16:47,10,10,인천공항,6,"9,26,86,134,142,148"
667,16:47,2,2,수서,14,"4,10,12,21,53,85,87,92,111,120,124,132,137,144"
667,16:47,3,3,삼성,7,"13,16,28,29,43,105,114"
667,16:47,4,4,여의도,13,"34,37,52,55,58,62,76,82,94,96,97,135,136"
667,16:47,5,5,김포공항,9,"1,3,27,42,68,90,104,140,145"
667,16:47,6,6,일산,5,"44,50,59,78,88"
667,16:47,7,7,판교,9,"17,48,63,66,73,84,123,125,149"
667,16:47,8,8,동탄/용인,1,146
667,16:47,9,9,평택,10,"18,38,122,126,127,128,133,138,141,147"
668,16:48,1,1,서울역,12,"19,31,32,47,56,57,70,83,91,98,115,130"
668,16:48,10,10,인천공항,6,"9,26,86,134,142,148"
668,16:48,2,2,수서,14,"4,10,12,21,53,85,87,92,111,120,124,132,137,144"
668,16:48,3,3,삼성,7,"13,16,28,29,102,105,114"
668,16:48,4,4,여의도,14,"34,37,52,55,58,62,75,76,82,94,96,97,135,136"
668,16:48,5,5,김포공항,9,"1,3,27,42,68,90,93,104,145"
668,16:48,6,6,일산,6,"14,44,50,59,78,88"
668,16:48,7,7,판교,8,"17,48,63,66,73,84,123,149"
668,16:48,8,8,동탄/용인,1,146
668,16:48,9,9,평택,10,"18,38,122,126,127,128,133,138,141,147"
669,16:49,1,1,서울역,10,"19,24,56,57,70,83,91,98,115,130"
669,16:49,10,10,인천공항,8,"9,26,64,71,86,134,142,148"
669,16:49,2,2,수서,14,"4,10,12,21,51,53,87,92,111,120,124,132,137,144"
669,16:49,3,3,삼성,7,"6,13,16,29,102,105,114"
669,16:49,4,4,여의도,13,"37,52,55,58,62,75,76,82,94,96,97,135,136"
669,16:49,5,5,김포공항,9,"1,3,27,42,68,90,93,104,145"
669,16:49,6,6,일산,8,"14,44,50,59,72,78,88,106"
669,16:49,7,7,판교,8,"17,48,63,66,73,84,123,149"
669,16:49,8,8,동탄/용인,1,146
669,16:49,9,9,평택,9,"18,38,126,127,128,133,138,141,147"
670,16:50,1,1,서울역,9,"20,24,57,70,83,91,98,115,130"
670,16:50,10,10,인천공항,8,"9,26,64,71,86,134,142,148"
670,16:50,2,2,수서,12,"4,10,12,21,51,87,92,111,120,124,132,144"
670,16:50,3,3,삼성,10,"6,13,16,29,39,99,102,105,107,114"
670,16:50,4,4,여의도,11,"37,52,58,62,75,76,82,94,96,135,136"
670,16:50,5,5,김포공항,11,"1,3,27,35,36,68,74,90,93,104,145"
670,16:50,6,6,일산,9,"14,44,50,59,72,78,88,106,116"
670,16:50,7,7,판교,7,"17,48,63,66,73,123,149"
670,16:50,8,8,동탄/용인,1,146
670,16:50,9,9,평택,8,"18,38,126,128,133,138,141,147"
671,16:51,1,1,서울역,7,"20,24,57,83,98,115,130"
671,16:51,10,10,인천공항,8,"9,26,64,71,86,134,142,148"
671,16:51,2,2,수서,15,"4,10,12,21,41,51,87,92,108,111,119,120,124,132,144"
671,16:51,3,3,삼성,10,"6,16,29,39,99,102,105,107,114,129"
671,16:51,4,4,여의도,12,"7,33,37,52,58,76,79,82,94,96,135,136"
671,16:51,5,5,김포공항,12,"1,3,27,30,35,36,68,74,90,93,104,145"
671,16:51,6,6,일산,10,"14,44,50,59,61,72,78,88,106,116"
671,16:51,7,7,판교,7,"17,48,63,66,73,123,149"
671,16:51,8,8,동탄/용인,2,"80,146"
671,16:51,9,9,평택,7,"38,126,128,133,138,141,147"
672,16:52,1,1,서울역,8,"20,57,83,98,110,115,117,130"
672,16:52,10,10,인천공항,7,"9,26,64,71,134,142,148"
672,16:52,2,2,수서,12,"4,10,12,21,41,92,108,119,120,124,132,144"
672,16:52,3,3,삼성,11,"5,6,16,39,49,99,102,105,107,114,129"
672,16:52,4,4,여의도,15,"7,33,37,52,58,67,69,76,79,82,94,95,96,135,136"
672,16:52,5,5,김포공항,12,"1,3,27,30,35,36,68,74,90,93,104,145"
672,16:52,6,6,일산,11,"14,44,50,59,61,72,78,81,88,106,116"
672,16:52,7,7,판교,9,"17,45,48,63,66,73,109,123,149"
672,16:52,8,8,동탄/용인,2,"80,146"
672,16:52,9,9,평택,7,"38,126,128,133,138,141,147"
673,16:53,1,1,서울역,6,"83,98,110,115,117,130"
673,16:53,10,10,인천공항,8,"9,23,26,64,71,134,142,148"
673,16:53,2,2,수서,11,"4,10,21,41,92,108,119,120,124,132,144"
673,16:53,3,3,삼성,9,"5,6,16,49,102,105,107,114,129"
673,16:53,4,4,여의도,14,"7,33,52,58,67,69,76,79,82,94,95,96,135,136"
673,16:53,5,5,김포공항,11,"1,3,27,30,35,36,74,90,93,104,145"
673,16:53,6,6,일산,11,"14,44,50,59,61,72,78,81,88,106,116"
673,16:53,7,7,판교,9,"17,45,63,66,73,100,109,123,149"
673,16:53,8,8,동탄/용인,2,"80,146"
673,16:53,9,9,평택,7,"38,126,128,133,138,141,147"
674,16:54,1,1,서울역,7,"11,83,98,110,115,117,118"
674,16:54,10,10,인천공항,8,"9,23,26,64,71,134,142,148"
674,16:54,2,2,수서,9,"10,21,40,92,119,120,124,132,144"
674,16:54,3,3,삼성,12,"5,6,16,22,25,49,60,102,105,107,114,129"
674,16:54,4,4,여의도,15,"7,15,33,52,58,67,69,76,79,82,94,95,96,135,136"
674,16:54,5,5,김포공항,11,"1,3,27,30,35,36,74,90,93,104,145"
674,16:54,6,6,일산,13,"0,14,44,50,59,61,72,78,81,88,106,116,131"
674,16:54,7,7,판교,8,"17,45,63,66,73,100,109,123"
674,16:54,8,8,동탄/용인,1,146
674,16:54,9,9,평택,7,"38,126,128,133,138,141,147"
675,16:55,1,1,서울역,7,"11,28,83,98,115,117,118"
675,16:55,10,10,인천공항,7,"9,23,26,64,71,142,148"
675,16:55,2,2,수서,9,"10,34,40,92,119,120,124,132,144"
675,16:55,3,3,삼성,15,"5,6,16,22,25,31,32,47,60,102,105,107,114,129,143"
675,16:55,4,4,여의도,15,"2,7,15,33,58,67,76,79,82,94,95,96,125,135,136"
675,16:55,5,5,김포공항,12,"1,3,27,30,35,36,65,74,90,93,104,145"
675,16:55,6,6,일산,14,"0,14,44,50,59,61,72,78,81,88,89,106,116,131"
675,16:55,7,7,판교,8,"17,45,63,66,73,100,109,123"
675,16:55,8,8,동탄/용인,2,"122,146"
675,16:55,9,9,평택,7,"38,126,128,133,138,141,147"
676,16:56,1,1,서울역,6,"11,28,98,115,117,118"
676,16:56,10,10,인천공항,7,"9,23,26,64,71,142,148"
676,16:56,2,2,수서,11,"10,34,40,55,92,119,120,124,132,140,144"
676,16:56,3,3,삼성,14,"5,16,22,25,31,32,47,60,102,105,107,114,129,143"
676,16:56,4,4,여의도,16,"2,7,15,33,42,58,67,76,79,82,94,95,96,125,135,136"
676,16:56,5,5,김포공항,14,"1,3,27,30,35,36,43,65,74,90,93,104,112,145"
676,16:56,6,6,일산,15,"0,14,44,50,59,61,72,78,81,88,89,103,106,116,131"
676,16:56,7,7,판교,8,"17,45,63,66,73,109,113,123"
676,16:56,8,8,동탄/용인,2,"122,146"
676,16:56,9,9,평택,6,"38,126,128,133,141,147"
677,16:57,1,1,서울역,7,"28,53,98,115,117,118,137"
677,16:57,10,10,인천공항,7,"9,23,26,64,71,142,148"
677,16:57,2,2,수서,11,"10,34,55,62,92,119,120,124,132,140,144"
677,16:57,3,3,삼성,14,"5,16,22,25,31,32,47,60,102,105,107,114,129,143"
677,16:57,4,4,여의도,16,"2,7,15,33,42,58,67,76,79,82,94,95,96,125,135,136"
677,16:57,5,5,김포공항,14,"1,3,27,30,35,36,43,65,74,90,93,104,112,145"
677,16:57,6,6,일산,15,"0,14,19,44,50,59,61,72,81,88,89,103,106,116,131"
677,16:57,7,7,판교,8,"17,45,63,66,73,109,113,123"
677,16:57,8,8,동탄/용인,2,"122,146"
677,16:57,9,9,평택,6,"38,101,128,133,141,147"
678,16:58,1,1,서울역,7,"28,53,98,115,117,118,137"
678,16:58,10,10,인천공항,7,"9,23,26,64,71,142,148"
678,16:58,2,2,수서,11,"10,34,55,62,92,119,120,124,132,140,144"
678,16:58,3,3,삼성,13,"8,16,22,25,31,32,47,60,102,105,107,114,129"
678,16:58,4,4,여의도,13,"7,15,33,42,76,79,82,94,95,96,125,135,136"
678,16:58,5,5,김포공항,15,"1,3,27,30,35,36,43,56,65,74,90,93,104,112,145"
678,16:58,6,6,일산,16,"0,14,19,44,50,59,61,72,81,88,89,91,103,106,116,131"
678,16:58,7,7,판교,10,"17,45,63,66,73,75,77,109,113,123"
678,16:58,8,8,동탄/용인,2,"122,146"
678,16:58,9,9,평택,7,"38,46,101,133,139,141,147"
679,16:59,1,1,서울역,10,"28,51,52,53,98,111,115,117,118,137"
679,16:59,10,10,인천공항,7,"9,23,26,64,71,142,148"
679,16:59,2,2,수서,11,"10,34,37,55,62,92,119,120,124,132,144"
679,16:59,3,3,삼성,14,"8,16,22,25,31,32,47,60,102,105,107,114,121,129"
679,16:59,4,4,여의도,13,"7,12,15,33,68,79,82,94,95,96,125,135,136"
679,16:59,5,5,김포공항,17,"1,3,13,27,30,35,36,43,56,65,70,74,90,93,104,112,145"
679,16:59,6,6,일산,17,"0,14,19,24,44,50,59,61,72,81,88,89,91,103,106,116,131"
679,16:59,7,7,판교,8,"17,45,63,66,73,75,77,109"
679,16:59,8,8,동탄/용인,2,"122,146"
679,16:59,9,9,평택,7,"38,46,101,133,139,141,147"
680,17:00,1,1,서울역,9,"28,51,52,53,98,111,115,117,137"
680,17:00,10,10,인천공항,7,"9,23,26,64,71,142,148"
680,17:00,2,2,수서,11,"10,34,37,55,57,62,92,119,120,124,132"
680,17:00,3,3,삼성,11,"8,16,31,32,47,60,105,107,114,121,129"
680,17:00,4,4,여의도,11,"7,12,15,33,48,68,79,82,94,95,125"
680,17:00,5,5,김포공항,12,"1,3,13,27,36,43,56,65,70,87,93,112"
680,17:00,6,6,일산,17,"0,14,19,24,44,50,59,61,72,81,85,89,91,103,106,116,131"
680,17:00,7,7,판교,9,"17,20,45,63,66,73,75,77,109"
680,17:00,8,8,동탄/용인,2,"122,146"
680,17:00,9,9,평택,7,"38,46,101,133,139,141,147"
681,17:01,1,1,서울역,9,"28,51,52,53,98,111,115,117,137"
681,17:01,10,10,인천공항,6,"9,23,26,64,71,148"
681,17:01,2,2,수서,11,"10,34,37,55,57,62,92,119,120,124,132"
681,17:01,3,3,삼성,12,"8,16,31,32,47,60,105,107,110,114,121,129"
681,17:01,4,4,여의도,13,"7,12,15,21,33,48,54,68,79,82,94,95,149"
681,17:01,5,5,김포공항,12,"1,3,13,27,36,43,56,65,70,87,93,112"
681,17:01,6,6,일산,15,"0,19,24,50,59,61,72,81,85,89,91,103,106,116,131"
681,17:01,7,7,판교,8,"17,20,45,66,73,75,77,109"
681,17:01,8,8,동탄/용인,1,146
681,17:01,9,9,평택,7,"38,46,101,133,139,141,147"
682,17:02,1,1,서울역,6,"28,53,111,115,117,137"
682,17:02,10,10,인천공항,7,"9,23,26,64,71,97,148"
682,17:02,2,2,수서,9,"34,37,57,62,92,119,120,124,132"
682,17:02,3,3,삼성,12,"8,16,31,32,47,60,105,107,110,114,121,129"
682,17:02,4,4,여의도,13,"7,12,15,21,33,48,49,54,79,82,94,95,149"
682,17:02,5,5,김포공항,10,"1,3,4,13,27,36,43,65,87,93"
682,17:02,6,6,일산,16,"0,19,24,50,59,61,72,81,84,85,89,91,103,106,116,131"
682,17:02,7,7,판교,8,"17,20,45,66,73,75,77,109"
682,17:02,8,8,동탄/용인,1,146
682,17:02,9,9,평택,7,"38,46,101,133,139,141,147"
683,17:03,1,1,서울역,6,"28,53,111,115,117,137"
683,17:03,10,10,인천공항,6,"23,26,64,71,97,148"
683,17:03,2,2,수서,8,"34,37,57,62,83,92,119,124"
683,17:03,3,3,삼성,12,"8,16,31,32,47,60,105,107,110,114,121,129"
683,17:03,4,4,여의도,13,"12,15,21,33,48,49,54,79,82,94,95,100,149"
683,17:03,5,5,김포공항,10,"1,3,4,13,27,36,43,65,87,93"
683,17:03,6,6,일산,17,"0,19,24,39,50,59,61,72,81,84,85,89,91,103,106,116,131"
683,17:03,7,7,판교,8,"17,20,45,66,73,75,77,109"
683,17:03,8,8,동탄/용인,1,146
683,17:03,9,9,평택,7,"38,46,101,133,139,141,147"
684,17:04,1,1,서울역,6,"28,53,111,117,135,137"
684,17:04,10,10,인천공항,6,"23,26,64,71,97,148"
684,17:04,2,2,수서,10,"34,37,57,58,62,67,83,92,119,124"
684,17:04,3,3,삼성,12,"8,16,31,32,47,60,105,107,110,114,121,129"
684,17:04,4,4,여의도,12,"12,15,21,48,49,54,79,82,94,95,100,149"
684,17:04,5,5,김포공항,9,"1,4,6,13,27,43,65,87,93"
684,17:04,6,6,일산,16,"0,11,19,24,39,50,59,61,72,81,84,89,103,106,116,131"
684,17:04,7,7,판교,7,"20,45,66,73,75,77,109"
684,17:04,8,8,동탄/용인,1,146
684,17:04,9,9,평택,7,"38,46,101,133,139,141,147"
685,17:05,1,1,서울역,6,"28,53,117,125,135,137"
685,17:05,10,10,인천공항,6,"23,26,64,71,97,148"
685,17:05,2,2,수서,10,"37,57,58,62,67,76,83,92,119,124"
685,17:05,3,3,삼성,10,"8,16,31,32,47,105,107,110,114,129"
685,17:05,4,4,여의도,15,"5,12,15,21,48,49,54,79,80,82,94,95,100,127,149"
685,17:05,5,5,김포공항,9,"1,4,6,13,40,43,65,87,93"
685,17:05,6,6,일산,14,"0,11,19,39,41,59,61,72,89,103,106,108,116,131"
685,17:05,7,7,판교,6,"20,45,73,75,77,109"
685,17:05,8,8,동탄/용인,1,146
685,17:05,9,9,평택,7,"38,46,101,133,139,141,147"
686,17:06,1,1,서울역,9,"25,28,53,102,117,123,125,135,137"
686,17:06,10,10,인천공항,6,"23,26,64,71,97,148"
686,17:06,2,2,수서,9,"37,57,58,67,76,83,92,119,124"
686,17:06,3,3,삼성,11,"8,16,31,32,42,105,107,110,114,118,129"
686,17:06,4,4,여의도,19,"5,12,15,18,21,35,48,49,54,74,79,80,82,90,94,95,113,127,149"
686,17:06,5,5,김포공항,8,"1,4,6,13,40,43,65,93"
686,17:06,6,6,일산,14,"0,11,19,39,41,59,61,72,89,103,106,108,116,131"
686,17:06,7,7,판교,3,"45,75,77"
686,17:06,8,8,동탄/용인,1,146
686,17:06,9,9,평택,6,"38,46,101,133,139,147"
687,17:07,1,1,서울역,9,"25,28,53,88,102,117,123,125,144"
687,17:07,10,10,인천공항,7,"23,26,64,69,71,97,130"
687,17:07,2,2,수서,9,"37,57,58,67,76,83,92,119,124"
687,17:07,3,3,삼성,14,"8,16,31,32,42,86,96,105,107,110,114,118,129,136"
687,17:07,4,4,여의도,17,"5,12,15,18,35,48,49,74,79,80,82,90,94,95,113,127,149"
687,17:07,5,5,김포공항,7,"1,4,6,13,40,43,140"
687,17:07,6,6,일산,13,"11,19,39,41,59,61,72,89,103,106,108,116,131"
687,17:07,7,7,판교,3,"45,75,77"
687,17:07,8,8,동탄/용인,1,146
687,17:07,9,9,평택,6,"29,38,46,101,133,139"
688,17:08,1,1,서울역,9,"25,28,53,88,102,117,123,144,145"
688,17:08,10,10,인천공항,7,"23,26,64,69,71,97,130"
688,17:08,2,2,수서,10,"37,57,58,67,68,76,83,92,119,124"
688,17:08,3,3,삼성,14,"30,31,32,42,86,96,104,105,107,110,114,118,129,136"
688,17:08,4,4,여의도,20,"5,12,15,18,35,48,49,56,63,70,74,79,80,82,90,94,95,113,127,149"
688,17:08,5,5,김포공항,6,"1,6,13,22,43,140"
688,17:08,6,6,일산,12,"11,19,39,41,59,61,72,89,103,106,116,131"
688,17:08,7,7,판교,3,"45,75,77"
688,17:08,8,8,동탄/용인,1,146
688,17:08,9,9,평택,6,"29,38,46,99,101,139"
689,17:09,1,1,서울역,8,"28,53,88,102,117,123,144,145"
689,17:09,10,10,인천공항,7,"23,26,64,69,71,97,130"
689,17:09,2,2,수서,10,"37,57,58,67,68,76,83,92,119,124"
689,17:09,3,3,삼성,13,"30,31,32,42,86,96,104,105,107,110,114,118,136"
689,17:09,4,4,여의도,17,"5,15,18,48,49,56,63,70,79,80,82,94,95,113,120,127,149"
689,17:09,5,5,김포공항,6,"1,6,13,22,43,140"
689,17:09,6,6,일산,12,"11,19,41,59,61,72,89,98,103,106,116,131"
689,17:09,7,7,판교,4,"45,75,77,78"
689,17:09,8,8,동탄/용인,1,146
689,17:09,9,9,평택,6,"29,38,46,99,101,139"
690,17:10,1,1,서울역,6,"28,53,102,123,132,145"
690,17:10,10,10,인천공항,7,"23,26,64,69,71,97,130"
690,17:10,2,2,수서,9,"37,57,67,68,76,83,112,119,124"
690,17:10,3,3,삼성,13,"7,30,31,32,42,86,104,105,107,110,114,118,134"
690,17:10,4,4,여의도,15,"5,15,18,48,49,56,63,70,79,80,94,95,113,120,127"
690,17:10,5,5,김포공항,8,"1,6,10,13,22,43,51,52"
690,17:10,6,6,일산,11,"11,19,41,59,61,72,98,103,106,116,131"
690,17:10,7,7,판교,4,"45,75,77,78"
690,17:10,9,9,평택,6,"29,38,46,99,101,139"
691,17:11,1,1,서울역,7,"28,53,60,85,102,123,132"
691,17:11,10,10,인천공항,7,"23,26,64,69,71,97,130"
691,17:11,2,2,수서,8,"37,57,67,76,83,112,119,124"
691,17:11,3,3,삼성,14,"7,14,31,32,33,42,44,86,107,110,111,118,122,134"
691,17:11,4,4,여의도,13,"15,17,18,34,48,49,63,79,94,95,113,120,127"
691,17:11,5,5,김포공항,8,"1,6,10,13,22,43,51,52"
691,17:11,6,6,일산,11,"11,19,41,59,61,72,98,103,106,116,131"
691,17:11,7,7,판교,3,"45,77,78"
691,17:11,9,9,평택,4,"29,99,101,139"
692,17:12,1,1,서울역,11,"24,28,53,60,66,84,85,102,123,132,138"
692,17:12,10,10,인천공항,7,"23,26,64,69,71,97,130"
692,17:12,2,2,수서,7,"3,37,57,67,76,112,124"
692,17:12,3,3,삼성,14,"7,14,31,32,33,36,42,44,86,107,110,111,122,134"
692,17:12,4,4,여의도,14,"15,17,34,48,49,62,63,79,87,94,95,113,126,127"
692,17:12,5,5,김포공항,9,"1,6,10,13,22,43,51,52,115"
692,17:12,6,6,일산,11,"11,19,41,59,61,72,98,103,106,116,131"
692,17:12,7,7,판교,3,"45,77,78"
692,17:12,8,8,동탄/용인,1,55
692,17:12,9,9,평택,4,"29,99,101,139"
693,17:13,1,1,서울역,10,"24,28,60,66,84,85,109,123,132,138"
693,17:13,10,10,인천공항,7,"23,26,64,69,71,97,130"
693,17:13,2,2,수서,9,"3,21,37,54,57,67,76,112,124"
693,17:13,3,3,삼성,15,"7,14,31,32,33,36,42,44,86,107,110,111,122,134,137"
693,17:13,4,4,여의도,20,"15,17,20,34,47,48,49,62,63,65,73,79,87,93,94,95,113,126,127,128"
693,17:13,5,5,김포공항,8,"1,6,10,22,43,51,115,121"
693,17:13,6,6,일산,9,"19,41,59,72,98,103,106,116,131"
693,17:13,7,7,판교,4,"45,77,78,100"
693,17:13,8,8,동탄/용인,1,55
693,17:13,9,9,평택,6,"2,29,99,101,139,143"
694,17:14,1,1,서울역,11,"0,8,24,28,60,66,84,109,123,132,138"
694,17:14,10,10,인천공항,7,"23,26,64,69,71,97,130"
694,17:14,2,2,수서,10,"3,21,37,54,57,67,76,105,112,124"
694,17:14,3,3,삼성,16,"7,14,31,32,33,36,42,44,86,107,110,111,122,125,134,137"
694,17:14,4,4,여의도,19,"15,17,20,34,47,49,62,63,65,73,79,87,93,94,95,113,126,127,128"
694,17:14,5,5,김포공항,8,"1,6,10,22,43,51,115,121"
694,17:14,6,6,일산,9,"19,41,59,72,98,103,106,116,131"
694,17:14,7,7,판교,5,"45,77,78,100,135"
694,17:14,8,8,동탄/용인,1,55
694,17:14,9,9,평택,6,"2,29,99,101,139,143"
695,17:15,1,1,서울역,9,"0,8,24,28,60,108,109,132,138"
695,17:15,10,10,인천공항,7,"26,27,64,69,71,97,130"
695,17:15,2,2,수서,11,"3,12,21,35,37,54,57,67,76,105,112"
695,17:15,3,3,삼성,16,"7,14,25,32,33,42,44,50,86,107,110,111,122,125,134,137"
695,17:15,4,4,여의도,19,"9,15,17,20,34,47,49,62,63,65,73,79,93,94,95,113,126,127,128"
695,17:15,5,5,김포공항,8,"1,6,10,22,43,51,115,121"
695,17:15,6,6,일산,9,"19,41,59,72,98,103,106,116,131"
695,17:15,7,7,판교,5,"45,77,78,100,135"
695,17:15,8,8,동탄/용인,1,55
695,17:15,9,9,평택,6,"2,29,99,101,139,143"
696,17:16,1,1,서울역,10,"0,8,24,28,39,60,108,109,132,138"
696,17:16,10,10,인천공항,6,"26,27,64,69,97,130"
696,17:16,2,2,수서,10,"3,12,35,37,54,57,67,76,82,105"
696,17:16,3,3,삼성,18,"4,14,25,32,33,40,42,44,50,86,107,110,111,122,125,134,137,142"
696,17:16,4,4,여의도,18,"9,17,20,34,47,49,58,62,63,65,73,79,94,95,113,126,127,128"
696,17:16,5,5,김포공항,7,"6,10,22,43,51,115,121"
696,17:16,6,6,일산,8,"19,41,59,72,98,103,106,131"
696,17:16,7,7,판교,7,"45,74,77,78,90,91,135"
696,17:16,8,8,동탄/용인,1,55
696,17:16,9,9,평택,6,"2,29,99,101,139,143"
697,17:17,1,1,서울역,11,"8,24,28,39,89,92,108,109,114,132,138"
697,17:17,10,10,인천공항,6,"26,27,64,69,97,130"
697,17:17,2,2,수서,11,"3,12,35,37,54,57,70,76,80,82,144"
697,17:17,3,3,삼성,16,"4,14,25,32,40,42,44,50,86,107,110,125,134,137,142,149"
697,17:17,4,4,여의도,20,"9,17,20,34,47,49,58,62,63,65,68,73,79,95,96,113,126,127,128,136"
697,17:17,5,5,김포공항,8,"6,10,22,43,51,115,121,129"
697,17:17,6,6,일산,7,"19,59,72,98,103,106,131"
697,17:17,7,7,판교,8,"45,74,77,78,81,90,91,135"
697,17:17,8,8,동탄/용인,1,55
697,17:17,9,9,평택,6,"2,29,99,101,139,143"
698,17:18,1,1,서울역,11,"8,28,39,89,92,108,109,114,132,138,140"
698,17:18,10,10,인천공항,5,"26,27,64,97,130"
698,17:18,2,2,수서,13,"12,18,35,37,54,57,70,76,80,82,120,144,145"
698,17:18,3,3,삼성,18,"4,5,14,25,32,40,42,44,50,56,86,107,110,125,134,137,142,149"
698,17:18,4,4,여의도,23,"9,17,20,34,47,49,58,62,63,65,68,73,75,79,83,95,96,104,113,126,127,128,136"
698,17:18,5,5,김포공항,10,"6,10,22,43,51,88,115,117,121,129"
698,17:18,6,6,일산,7,"19,59,72,98,103,106,131"
698,17:18,7,7,판교,7,"45,74,77,81,90,91,135"
698,17:18,8,8,동탄/용인,1,55
698,17:18,9,9,평택,6,"2,29,99,101,139,143"
699,17:19,1,1,서울역,11,"8,28,39,89,92,108,114,119,132,138,140"
699,17:19,10,10,인천공항,5,"26,27,64,97,130"
699,17:19,2,2,수서,13,"12,18,35,37,54,57,70,76,80,82,120,144,145"
699,17:19,3,3,삼성,15,"5,14,25,42,44,50,56,86,102,107,110,125,137,142,149"
699,17:19,4,4,여의도,22,"9,17,20,34,47,52,58,62,63,68,73,75,79,83,95,96,104,113,126,127,128,136"
699,17:19,5,5,김포공항,10,"6,22,30,43,51,88,115,117,121,129"
699,17:19,6,6,일산,6,"19,59,72,98,103,106"
699,17:19,7,7,판교,7,"45,74,77,81,90,91,135"
699,17:19,8,8,동탄/용인,1,55
699,17:19,9,9,평택,6,"2,29,99,101,139,143"
700,17:20,1,1,서울역,10,"8,28,39,92,108,114,119,132,138,140"
700,17:20,10,10,인천공항,5,"26,27,64,97,130"
700,17:20,2,2,수서,12,"12,18,35,37,54,57,76,80,82,120,144,145"
700,17:20,3,3,삼성,14,"5,14,25,42,44,50,56,102,107,110,125,137,142,146"
700,17:20,4,4,여의도,14,"34,47,52,63,75,79,83,95,96,104,113,126,127,136"
700,17:20,5,5,김포공항,8,"6,22,30,51,88,117,118,129"
700,17:20,6,6,일산,5,"19,59,72,103,106"
700,17:20,7,7,판교,6,"45,53,74,90,91,135"
700,17:20,8,8,동탄/용인,1,55
700,17:20,9,9,평택,5,"2,29,99,101,143"
701,17:21,1,1,서울역,9,"8,28,31,39,92,114,119,132,138"
701,17:21,10,10,인천공항,5,"26,27,64,97,130"
701,17:21,2,2,수서,11,"12,13,37,54,57,76,80,82,120,144,145"
701,17:21,3,3,삼성,13,"5,25,42,44,48,56,102,110,123,125,137,142,146"
701,17:21,4,4,여의도,13,"34,47,52,63,79,83,96,104,113,126,127,136,141"
701,17:21,5,5,김포공항,7,"6,22,30,51,117,118,129"
701,17:21,6,6,일산,5,"19,59,72,103,106"
701,17:21,7,7,판교,6,"45,53,74,90,91,135"
701,17:21,8,8,동탄/용인,1,55
701,17:21,9,9,평택,5,"2,29,99,101,143"
702,17:22,1,1,서울역,8,"8,31,39,92,114,119,132,138"
702,17:22,10,10,인천공항,5,"26,27,64,97,130"
702,17:22,2,2,수서,12,"12,13,15,37,54,57,76,80,82,120,144,145"
702,17:22,3,3,삼성,12,"5,25,42,48,56,102,110,123,125,142,146,148"
702,17:22,4,4,여의도,12,"21,34,47,79,83,96,104,113,126,127,136,141"
702,17:22,5,5,김포공항,8,"6,22,30,51,85,117,118,129"
702,17:22,6,6,일산,5,"19,59,72,103,106"
702,17:22,7,7,판교,7,"45,53,66,74,87,90,135"
702,17:22,8,8,동탄/용인,1,55
702,17:22,9,9,평택,5,"2,29,99,101,143"
703,17:23,1,1,서울역,8,"31,39,92,111,119,132,138,147"
703,17:23,10,10,인천공항,6,"16,26,27,64,97,130"
703,17:23,2,2,수서,11,"13,15,37,57,76,80,82,94,120,144,145"
703,17:23,3,3,삼성,12,"5,25,42,48,56,61,102,123,125,142,146,148"
703,17:23,4,4,여의도,16,"7,21,34,47,67,83,96,100,104,105,113,126,127,133,136,141"
703,17:23,5,5,김포공항,7,"30,36,84,85,117,118,124"
703,17:23,6,6,일산,5,"19,59,72,103,106"
703,17:23,7,7,판교,8,"45,53,66,74,87,90,93,135"
703,17:23,8,8,동탄/용인,1,55
703,17:23,9,9,평택,5,"2,29,99,101,143"
704,17:24,1,1,서울역,11,"1,9,31,39,41,92,111,119,128,132,147"
704,17:24,10,10,인천공항,6,"16,26,27,64,97,130"
704,17:24,2,2,수서,11,"13,15,37,60,76,80,82,94,120,144,145"
704,17:24,3,3,삼성,11,"25,42,48,56,61,102,123,125,142,146,148"
704,17:24,4,4,여의도,17,"3,7,21,33,34,47,67,83,96,100,104,105,113,126,133,136,141"
704,17:24,5,5,김포공항,8,"30,36,84,85,112,117,118,124"
704,17:24,6,6,일산,5,"0,19,59,103,106"
704,17:24,7,7,판교,8,"45,53,66,74,87,90,93,135"
704,17:24,8,8,동탄/용인,1,55
704,17:24,9,9,평택,4,"2,29,99,101"
705,17:25,1,1,서울역,11,"1,9,31,32,41,75,92,111,128,132,147"
705,17:25,10,10,인천공항,5,"16,26,64,97,130"
705,17:25,2,2,수서,10,"13,15,37,60,80,82,94,120,144,145"
705,17:25,3,3,삼성,10,"25,42,48,56,61,102,123,125,142,146"
705,17:25,4,4,여의도,17,"3,7,21,33,34,47,67,78,83,100,104,105,113,126,133,136,141"
705,17:25,5,5,김포공항,8,"30,36,84,112,117,118,122,124"
705,17:25,6,6,일산,4,"0,24,103,106"
705,17:25,7,7,판교,8,"11,45,53,66,87,90,93,135"
705,17:25,8,8,동탄/용인,1,55
705,17:25,9,9,평택,4,"2,29,99,101"
706,17:26,1,1,서울역,9,"1,9,31,32,41,75,128,147,149"
706,17:26,10,10,인천공항,5,"16,26,64,97,130"
706,17:26,2,2,수서,10,"13,15,37,60,68,81,82,94,144,145"
706,17:26,3,3,삼성,10,"25,42,46,48,56,65,102,123,142,146"
706,17:26,4,4,여의도,14,"3,7,21,33,34,38,47,67,78,83,105,133,136,141"
706,17:26,5,5,김포공항,7,"30,36,112,117,118,122,124"
706,17:26,6,6,일산,4,"0,24,103,106"
706,17:26,7,7,판교,9,"11,45,49,53,66,87,90,93,109"
706,17:26,8,8,동탄/용인,1,55
706,17:26,9,9,평택,4,"2,29,99,101"
707,17:27,1,1,서울역,7,"1,31,32,70,75,147,149"
707,17:27,10,10,인천공항,4,"16,26,97,130"
707,17:27,2,2,수서,8,"15,68,81,82,94,95,144,145"
707,17:27,3,3,삼성,15,"17,20,25,42,46,48,56,58,62,65,102,108,123,142,146"
707,17:27,4,4,여의도,15,"3,7,18,21,33,35,38,47,67,78,83,105,133,136,141"
707,17:27,5,5,김포공항,9,"4,30,36,40,112,117,122,124,134"
707,17:27,6,6,일산,4,"0,24,103,106"
707,17:27,7,7,판교,9,"11,49,53,66,73,87,90,93,109"
707,17:27,8,8,동탄/용인,2,"55,77"
707,17:27,9,9,평택,4,"2,29,99,101"
708,17:28,1,1,서울역,8,"1,31,32,43,44,70,147,149"
708,17:28,10,10,인천공항,4,"16,26,97,130"
708,17:28,2,2,수서,11,"15,52,68,81,82,94,95,121,140,144,145"
708,17:28,3,3,삼성,15,"17,20,25,42,46,48,56,58,62,65,108,115,123,142,146"
708,17:28,4,4,여의도,16,"3,7,18,33,35,38,47,50,67,71,78,83,105,107,133,141"
708,17:28,5,5,김포공항,10,"4,30,36,40,89,112,117,122,124,134"
708,17:28,6,6,일산,3,"0,24,106"
708,17:28,7,7,판교,8,"11,49,53,73,90,93,109,116"
708,17:28,8,8,동탄/용인,2,"55,77"
708,17:28,9,9,평택,4,"2,29,99,101"
709,17:29,1,1,서울역,8,"1,31,32,43,44,70,91,147"
709,17:29,10,10,인천공항,4,"10,26,97,130"
709,17:29,2,2,수서,11,"15,52,61,81,82,94,95,121,140,144,145"
709,17:29,3,3,삼성,14,"17,20,46,48,56,58,62,65,88,108,115,123,142,146"
709,17:29,4,4,여의도,17,"3,7,12,18,33,35,38,47,50,67,71,78,83,105,107,133,141"
709,17:29,5,5,김포공항,7,"4,30,40,89,112,122,134"
709,17:29,6,6,일산,3,"0,24,106"
709,17:29,7,7,판교,8,"11,49,63,73,90,93,109,116"
709,17:29,8,8,동탄/용인,2,"55,77"
709,17:29,9,9,평택,3,"29,99,101"
710,17:30,1,1,서울역,7,"1,31,32,43,44,91,147"
710,17:30,10,10,인천공항,4,"10,26,97,130"
710,17:30,2,2,수서,12,"8,15,52,61,81,82,94,95,121,140,144,145"
710,17:30,3,3,삼성,11,"23,46,56,65,88,108,115,123,138,142,146"
710,17:30,4,4,여의도,17,"3,7,12,18,33,35,38,47,50,57,67,71,78,83,105,107,133"
710,17:30,5,5,김포공항,8,"4,28,30,40,89,122,134,137"
710,17:30,6,6,일산,3,"0,24,106"
710,17:30,7,7,판교,9,"11,49,63,79,90,93,109,114,116"
710,17:30,8,8,동탄/용인,1,55
710,17:30,9,9,평택,3,"29,99,101"
711,17:31,1,1,서울역,9,"1,31,32,44,51,69,91,147,148"
711,17:31,10,10,인천공항,4,"10,26,97,130"
711,17:31,2,2,수서,12,"8,15,52,61,81,94,95,98,129,140,144,145"
711,17:31,3,3,삼성,15,"6,22,23,46,56,65,88,108,115,119,123,127,138,142,146"
711,17:31,4,4,여의도,19,"3,5,7,12,18,33,35,38,47,50,57,67,71,76,78,83,105,107,133"
711,17:31,5,5,김포공항,9,"4,28,30,40,54,110,122,134,137"
711,17:31,6,6,일산,3,"0,24,106"
711,17:31,7,7,판교,9,"11,49,63,79,90,109,114,116,131"
711,17:31,8,8,동탄/용인,1,55
711,17:31,9,9,평택,3,"29,99,101"
712,17:32,1,1,서울역,10,"1,31,32,44,51,59,69,74,147,148"
712,17:32,10,10,인천공항,4,"10,26,97,130"
712,17:32,2,2,수서,12,"8,15,52,61,94,95,98,126,129,140,144,145"
712,17:32,3,3,삼성,14,"6,22,23,56,65,108,111,115,119,123,127,138,142,146"
712,17:32,4,4,여의도,20,"3,5,7,12,18,33,35,38,47,50,57,67,71,76,78,80,83,105,107,133"
712,17:32,5,5,김포공항,9,"4,28,30,40,54,110,122,134,137"
712,17:32,6,6,일산,3,"0,24,106"
712,17:32,7,7,판교,9,"11,49,63,79,90,109,114,116,131"
712,17:32,8,8,동탄/용인,1,55
712,17:32,9,9,평택,3,"29,99,101"
713,17:33,1,1,서울역,11,"31,32,44,51,59,69,74,120,135,147,148"
713,17:33,10,10,인천공항,2,"10,130"
713,17:33,2,2,수서,12,"8,15,52,61,94,95,98,126,129,140,144,145"
713,17:33,3,3,삼성,17,"6,22,23,41,56,65,85,108,111,113,115,119,123,127,138,142,146"
713,17:33,4,4,여의도,19,"3,5,12,18,33,37,38,50,57,60,67,71,76,78,80,83,105,107,133"
713,17:33,5,5,김포공항,9,"4,28,30,39,54,110,122,134,137"
713,17:33,6,6,일산,3,"0,24,106"
713,17:33,7,7,판교,9,"11,49,63,79,90,109,114,116,131"
713,17:33,8,8,동탄/용인,1,55
713,17:33,9,9,평택,3,"29,99,101"
714,17:34,1,1,서울역,9,"13,32,44,59,69,74,120,135,147"
714,17:34,10,10,인천공항,2,"10,130"
714,17:34,2,2,수서,10,"8,21,61,94,95,98,126,128,140,144"
714,17:34,3,3,삼성,18,"6,22,23,41,56,65,72,84,85,108,111,113,119,123,127,138,142,146"
714,17:34,4,4,여의도,19,"3,5,12,18,37,38,45,50,57,60,67,71,76,78,80,83,105,107,133"
714,17:34,5,5,김포공항,9,"4,28,39,54,110,122,125,134,137"
714,17:34,6,6,일산,3,"0,24,106"
714,17:34,7,7,판교,10,"11,34,49,63,79,90,109,114,116,131"
714,17:34,8,8,동탄/용인,1,55
714,17:34,9,9,평택,3,"29,99,101"
715,17:35,1,1,서울역,10,"13,25,32,44,59,69,74,87,120,135"
715,17:35,10,10,인천공항,3,"10,86,130"
715,17:35,2,2,수서,9,"8,21,95,98,118,126,128,140,144"
715,17:35,3,3,삼성,17,"6,22,23,41,56,72,84,85,108,113,119,123,127,138,142,146,149"
715,17:35,4,4,여의도,21,"3,5,18,37,45,50,57,60,66,67,68,71,76,78,80,83,102,105,107,133,139"
715,17:35,5,5,김포공항,10,"4,9,28,39,54,110,122,125,134,137"
715,17:35,6,6,일산,3,"0,24,106"
715,17:35,7,7,판교,9,"11,34,63,79,90,114,116,131,136"
715,17:35,8,8,동탄/용인,1,55
715,17:35,9,9,평택,3,"29,99,101"
716,17:36,1,1,서울역,11,"13,25,32,44,48,59,69,74,87,120,135"
716,17:36,10,10,인천공항,4,"10,14,86,130"
716,17:36,2,2,수서,9,"8,21,98,118,126,128,140,141,144"
716,17:36,3,3,삼성,14,"6,22,56,72,84,108,113,119,123,127,138,142,146,149"
716,17:36,4,4,여의도,21,"5,18,37,42,45,50,53,57,66,67,68,71,76,78,80,83,102,105,107,133,139"
716,17:36,5,5,김포공항,10,"9,28,39,54,75,110,122,125,134,137"
716,17:36,6,6,일산,4,"0,24,27,106"
716,17:36,7,7,판교,9,"11,34,63,79,90,114,116,131,136"
716,17:36,8,8,동탄/용인,2,"55,96"
716,17:36,9,9,평택,3,"29,99,101"
717,17:37,1,1,서울역,10,"13,25,32,44,48,59,74,87,120,135"
717,17:37,10,10,인천공항,3,"10,14,86"
717,17:37,2,2,수서,11,"8,21,36,70,118,124,126,128,140,141,144"
717,17:37,3,3,삼성,11,"6,56,72,108,113,117,123,138,142,146,149"
717,17:37,4,4,여의도,27,"5,17,18,20,37,42,45,50,53,57,58,62,66,67,68,71,73,76,78,80,82,83,102,105,107,133,139"
717,17:37,5,5,김포공항,10,"9,28,39,54,75,110,122,125,134,137"
717,17:37,6,6,일산,4,"0,24,27,106"
717,17:37,7,7,판교,8,"19,34,63,79,90,114,116,136"
717,17:37,8,8,동탄/용인,3,"55,96,100"
717,17:37,9,9,평택,3,"29,99,101"
718,17:38,1,1,서울역,10,"13,25,32,44,46,48,74,87,120,135"
718,17:38,10,10,인천공항,4,"10,14,86,104"
718,17:38,2,2,수서,11,"8,21,36,70,118,124,126,128,140,141,144"
718,17:38,3,3,삼성,14,"6,56,72,91,103,108,112,113,117,123,138,142,146,149"
718,17:38,4,4,여의도,26,"5,17,18,20,37,42,45,50,53,57,58,62,66,67,71,73,76,78,80,82,83,102,105,107,133,139"
718,17:38,5,5,김포공항,10,"9,28,39,54,75,110,122,125,134,137"
718,17:38,6,6,일산,3,"0,24,27"
718,17:38,7,7,판교,8,"19,34,63,79,90,114,116,136"
718,17:38,8,8,동탄/용인,4,"55,93,96,100"
718,17:38,9,9,평택,3,"29,99,101"
719,17:39,1,1,서울역,10,"13,25,32,44,46,48,74,87,120,135"
719,17:39,10,10,인천공항,6,"10,14,86,92,104,132"
719,17:39,2,2,수서,12,"7,8,21,36,70,118,124,126,128,140,141,144"
719,17:39,3,3,삼성,13,"6,56,72,89,91,103,108,112,113,117,142,146,149"
719,17:39,4,4,여의도,27,"5,17,18,20,37,42,45,50,53,57,58,62,66,67,71,73,76,78,80,82,83,102,105,107,133,139,143"
719,17:39,5,5,김포공항,12,"9,28,39,43,54,75,110,121,122,125,134,137"
719,17:39,6,6,일산,2,"0,24"
719,17:39,7,7,판교,8,"19,34,63,79,90,114,116,136"
719,17:39,8,8,동탄/용인,3,"55,93,100"
719,17:39,9,9,평택,3,"29,99,101"
720,17:40,1,1,서울역,9,"25,32,44,46,48,74,87,120,135"
720,17:40,10,10,인천공항,6,"10,14,86,92,104,132"
720,17:40,2,2,수서,9,"7,21,36,70,118,126,128,141,144"
720,17:40,3,3,삼성,14,"6,35,77,89,91,103,108,112,113,117,142,146,148,149"
720,17:40,4,4,여의도,28,"5,15,17,18,20,37,42,45,50,53,57,58,62,66,67,71,73,76,78,80,82,83,102,105,107,133,139,143"
720,17:40,5,5,김포공항,14,"9,28,39,43,54,75,81,88,110,121,122,125,134,137"
720,17:40,6,6,일산,2,"0,24"
720,17:40,7,7,판교,9,"1,19,47,63,79,90,114,116,136"
720,17:40,8,8,동탄/용인,1,93
720,17:40,9,9,평택,3,"29,99,101"
721,17:41,1,1,서울역,11,"25,32,44,46,48,52,74,87,120,135,145"
721,17:41,10,10,인천공항,6,"10,14,86,92,104,132"
721,17:41,2,2,수서,8,"7,12,21,36,70,128,141,144"
721,17:41,3,3,삼성,12,"6,33,35,77,89,103,108,113,117,146,148,149"
721,17:41,4,4,여의도,26,"5,15,17,18,20,37,42,45,50,53,57,58,62,66,67,71,73,76,78,82,94,102,105,107,133,143"
721,17:41,5,5,김포공항,14,"9,28,39,43,54,75,81,88,110,121,122,125,134,137"
721,17:41,6,6,일산,2,"0,24"
721,17:41,7,7,판교,9,"1,19,31,47,63,90,114,116,136"
721,17:41,9,9,평택,2,"29,101"
722,17:42,1,1,서울역,15,"16,23,25,32,41,44,46,52,61,74,87,109,120,135,145"
722,17:42,10,10,인천공항,6,"10,14,86,92,104,132"
722,17:42,2,2,수서,8,"3,7,12,21,36,60,70,128"
722,17:42,3,3,삼성,13,"6,30,33,35,64,77,89,103,108,117,146,148,149"
722,17:42,4,4,여의도,28,"5,15,17,18,20,37,42,45,49,50,53,57,58,62,65,66,67,71,73,76,78,82,94,95,105,107,133,143"
722,17:42,5,5,김포공항,17,"9,28,39,43,51,54,75,81,88,110,115,121,122,125,129,134,137"
722,17:42,6,6,일산,2,"0,24"
722,17:42,7,7,판교,10,"1,19,31,38,47,63,90,114,116,136"
722,17:42,9,9,평택,2,"29,101"
723,17:43,1,1,서울역,12,"16,23,25,41,44,46,52,61,74,109,120,145"
723,17:43,10,10,인천공항,6,"10,40,86,92,104,132"
723,17:43,2,2,수서,7,"3,7,12,21,60,70,128"
723,17:43,3,3,삼성,13,"30,33,35,64,69,77,89,103,108,117,146,148,149"
723,17:43,4,4,여의도,25,"5,15,17,20,37,42,45,49,50,53,57,58,62,65,66,67,71,73,76,78,82,94,95,105,143"
723,17:43,5,5,김포공항,18,"9,28,39,43,51,54,75,81,88,110,115,121,122,125,129,134,137,147"
723,17:43,6,6,일산,2,"0,24"
723,17:43,7,7,판교,9,"1,19,31,38,47,63,90,116,136"
723,17:43,9,9,평택,2,"29,101"
724,17:44,1,1,서울역,11,"4,16,23,41,44,46,52,61,74,109,145"
724,17:44,10,10,인천공항,6,"10,40,86,92,104,132"
724,17:44,2,2,수서,7,"3,7,12,21,60,68,70"
724,17:44,3,3,삼성,11,"30,33,35,64,69,77,89,117,146,148,149"
724,17:44,4,4,여의도,29,"2,11,15,17,20,22,37,42,45,49,50,53,57,58,62,65,66,67,71,73,76,78,82,94,95,105,127,131,143"
724,17:44,5,5,김포공항,19,"9,28,39,43,51,54,75,81,85,88,110,115,121,122,125,129,134,137,147"
724,17:44,6,6,일산,2,"0,24"
724,17:44,7,7,판교,6,"1,19,31,38,47,63"
724,17:44,9,9,평택,1,29
725,17:45,1,1,서울역,11,"4,16,23,41,44,46,52,61,74,109,145"
725,17:45,10,10,인천공항,5,"10,40,86,92,104"
725,17:45,2,2,수서,7,"3,7,12,21,60,68,70"
725,17:45,3,3,삼성,10,"30,33,35,64,69,77,117,146,148,149"
725,17:45,4,4,여의도,29,"2,11,15,17,20,22,26,37,42,45,49,50,53,57,58,62,65,66,67,71,73,76,78,82,94,95,105,127,131"
725,17:45,5,5,김포공항,18,"9,28,39,43,51,54,75,81,84,85,88,110,121,122,125,134,137,147"
725,17:45,6,6,일산,3,"0,24,111"
725,17:45,7,7,판교,5,"1,19,31,38,47"
725,17:45,9,9,평택,1,29
726,17:46,1,1,서울역,11,"4,16,23,41,44,46,52,61,74,109,145"
726,17:46,10,10,인천공항,4,"40,86,92,104"
726,17:46,2,2,수서,7,"3,7,12,34,60,68,70"
726,17:46,3,3,삼성,6,"30,33,64,69,146,148"
726,17:46,4,4,여의도,28,"2,11,15,17,20,22,26,37,42,45,49,50,53,57,58,62,65,66,67,71,73,76,78,94,95,127,131,140"
726,17:46,5,5,김포공항,19,"9,28,39,43,51,54,59,75,81,84,85,88,110,121,122,125,134,137,147"
726,17:46,6,6,일산,3,"0,24,111"
726,17:46,7,7,판교,5,"1,19,31,38,47"
726,17:46,9,9,평택,1,29
727,17:47,1,1,서울역,12,"4,16,23,41,44,46,52,61,74,91,109,145"
727,17:47,10,10,인천공항,4,"40,86,92,104"
727,17:47,2,2,수서,7,"3,7,12,34,60,68,70"
727,17:47,3,3,삼성,5,"30,33,64,69,148"
727,17:47,4,4,여의도,28,"2,11,15,17,22,26,37,42,45,49,50,53,57,58,62,65,66,67,71,72,73,76,78,94,95,127,131,140"
727,17:47,5,5,김포공항,20,"9,28,39,43,51,54,59,75,81,84,85,88,110,121,122,123,125,134,137,147"
727,17:47,6,6,일산,2,"111,119"
727,17:47,7,7,판교,5,"1,19,31,38,47"
727,17:47,9,9,평택,1,29
728,17:48,1,1,서울역,12,"4,16,23,41,44,46,52,61,74,91,126,145"
728,17:48,10,10,인천공항,4,"40,86,92,104"
728,17:48,2,2,수서,8,"3,7,12,34,60,68,70,102"
728,17:48,3,3,삼성,8,"30,33,48,64,69,97,106,148"
728,17:48,4,4,여의도,28,"2,11,15,17,22,26,37,42,45,49,50,53,57,58,62,65,66,67,71,72,73,76,78,94,127,131,140,144"
728,17:48,5,5,김포공항,23,"8,9,13,28,39,43,51,54,59,75,81,84,85,88,110,121,122,123,124,125,134,137,147"
728,17:48,6,6,일산,3,"98,111,119"
728,17:48,7,7,판교,5,"1,19,31,47,80"
728,17:48,9,9,평택,1,29
729,17:49,1,1,서울역,13,"4,16,23,41,44,46,52,61,74,91,126,141,145"
729,17:49,10,10,인천공항,4,"40,86,92,104"
729,17:49,2,2,수서,9,"3,7,12,18,34,60,68,70,102"
729,17:49,3,3,삼성,7,"30,33,48,64,87,97,106"
729,17:49,4,4,여의도,28,"2,11,17,22,26,36,37,42,49,50,53,57,58,62,65,66,67,71,72,73,76,78,94,113,127,131,140,144"
729,17:49,5,5,김포공항,26,"8,9,13,28,39,43,51,54,59,75,81,84,85,88,110,112,118,121,122,123,124,125,134,137,142,147"
729,17:49,6,6,일산,3,"98,111,119"
729,17:49,7,7,판교,4,"19,31,47,80"
729,17:49,9,9,평택,1,29
730,17:50,1,1,서울역,13,"4,16,23,41,44,46,52,61,74,91,114,126,141"
730,17:50,10,10,인천공항,5,"27,40,86,92,104"
730,17:50,2,2,수서,11,"3,5,7,12,18,34,60,68,70,102,135"
730,17:50,3,3,삼성,10,"30,48,55,64,87,97,100,106,107,133"
730,17:50,4,4,여의도,27,"2,11,17,22,26,36,37,42,49,50,53,57,58,62,65,66,67,71,72,73,76,78,96,113,128,140,144"
730,17:50,5,5,김포공항,26,"8,9,13,28,39,43,51,54,59,75,81,84,85,88,110,112,118,121,122,123,124,125,134,137,142,147"
730,17:50,6,6,일산,2,"98,111"
730,17:50,7,7,판교,5,"19,31,32,47,80"
731,17:51,1,1,서울역,15,"4,16,23,41,44,46,52,61,74,91,114,116,126,136,141"
731,17:51,10,10,인천공항,5,"27,40,86,92,104"
731,17:51,2,2,수서,11,"3,5,12,18,34,60,68,70,102,135,143"
731,17:51,3,3,삼성,9,"48,55,64,87,93,97,100,107,133"
731,17:51,4,4,여의도,27,"2,11,22,26,36,37,42,49,50,53,57,58,62,65,66,67,71,72,73,76,78,96,103,108,113,128,140"
731,17:51,5,5,김포공항,28,"6,8,9,13,28,39,43,51,54,59,75,79,81,84,85,88,110,112,118,121,122,123,124,125,134,137,142,147"
731,17:51,6,6,일산,2,"98,111"
731,17:51,7,7,판교,6,"19,25,31,32,47,80"
732,17:52,1,1,서울역,16,"4,16,23,41,44,46,52,61,74,91,114,116,126,136,141,149"
732,17:52,10,10,인천공항,5,"27,40,86,92,104"
732,17:52,2,2,수서,10,"3,5,12,18,60,68,70,102,135,143"
732,17:52,3,3,삼성,10,"48,55,64,87,93,97,100,107,130,133"
732,17:52,4,4,여의도,28,"2,11,21,22,26,36,37,42,49,50,53,57,58,62,65,66,67,71,72,73,76,78,96,103,108,113,128,140"
732,17:52,5,5,김포공항,29,"6,8,9,13,28,39,43,51,54,59,75,79,81,84,85,88,110,112,118,120,121,122,123,124,125,134,137,142,147"
732,17:52,6,6,일산,2,"98,111"
732,17:52,7,7,판교,6,"19,25,31,32,47,80"
732,17:52,8,8,동탄/용인,1,83
733,17:53,1,1,서울역,16,"4,16,23,41,44,46,52,61,74,91,114,116,126,136,141,149"
733,17:53,10,10,인천공항,5,"27,40,86,92,104"
733,17:53,2,2,수서,9,"3,5,12,18,60,70,102,135,143"
733,17:53,3,3,삼성,10,"48,55,64,82,87,93,97,100,107,130"
733,17:53,4,4,여의도,30,"2,11,21,22,26,35,36,37,42,49,50,53,57,58,62,65,66,67,71,72,73,76,77,78,96,103,108,113,128,140"
733,17:53,5,5,김포공항,29,"6,8,9,13,28,39,43,51,54,59,75,79,81,84,85,88,89,110,112,118,120,121,122,124,125,134,137,142,147"
733,17:53,6,6,일산,2,"98,111"
733,17:53,7,7,판교,6,"25,31,32,47,80,105"
733,17:53,8,8,동탄/용인,1,83
734,17:54,1,1,서울역,15,"4,16,23,41,44,46,52,61,74,91,114,116,136,141,149"
734,17:54,10,10,인천공항,6,"27,40,86,92,104,138"
734,17:54,2,2,수서,8,"3,5,12,18,60,106,135,143"
734,17:54,3,3,삼성,10,"20,48,55,82,87,93,97,100,107,130"
734,17:54,4,4,여의도,28,"2,11,21,35,36,37,42,49,50,53,57,58,62,65,66,67,71,72,73,76,77,78,96,103,108,113,128,140"
734,17:54,5,5,김포공항,29,"6,8,9,13,28,39,43,51,54,59,75,81,84,85,88,89,110,112,117,118,120,121,122,124,125,134,137,142,147"
734,17:54,6,6,일산,2,"98,111"
734,17:54,7,7,판교,5,"25,31,32,47,105"
734,17:54,8,8,동탄/용인,1,83
735,17:55,1,1,서울역,16,"4,16,23,41,44,46,52,61,74,91,114,116,136,141,148,149"
735,17:55,10,10,인천공항,9,"27,40,56,86,92,104,115,129,138"
735,17:55,2,2,수서,9,"3,5,12,18,45,60,106,135,143"
735,17:55,3,3,삼성,10,"20,48,55,82,93,95,97,100,107,130"
735,17:55,4,4,여의도,25,"2,11,21,35,36,42,53,57,58,62,65,66,67,71,72,73,76,77,78,96,103,108,113,128,140"
735,17:55,5,5,김포공항,30,"6,8,9,13,28,39,43,51,54,59,75,81,84,85,88,89,110,112,117,118,120,121,122,124,125,134,137,142,146,147"
735,17:55,6,6,일산,3,"98,109,111"
735,17:55,7,7,판교,5,"25,31,32,47,105"
735,17:55,8,8,동탄/용인,1,83
736,17:56,1,1,서울역,14,"4,16,23,41,44,46,61,74,91,116,136,141,148,149"
736,17:56,10,10,인천공항,7,"56,86,92,104,115,129,138"
736,17:56,2,2,수서,9,"3,12,18,45,60,106,133,135,143"
736,17:56,3,3,삼성,9,"20,48,55,82,93,95,97,107,130"
736,17:56,4,4,여의도,25,"1,2,11,21,35,42,53,57,58,62,65,66,67,71,72,73,76,77,78,99,103,108,113,128,140"
736,17:56,5,5,김포공항,29,"6,8,9,13,28,39,43,51,54,59,75,81,84,85,88,110,112,117,118,120,121,122,124,125,134,137,142,146,147"
736,17:56,6,6,일산,4,"90,98,109,111"
736,17:56,7,7,판교,6,"15,25,31,32,47,105"
736,17:56,8,8,동탄/용인,1,83
736,17:56,9,9,평택,1,139
737,17:57,1,1,서울역,13,"4,16,23,41,44,46,61,74,91,116,141,148,149"
737,17:57,10,10,인천공항,7,"56,86,92,104,115,129,138"
737,17:57,2,2,수서,8,"12,17,18,45,60,106,133,135"
737,17:57,3,3,삼성,9,"20,55,82,93,94,95,107,127,130"
737,17:57,4,4,여의도,25,"1,2,7,11,21,35,42,53,57,58,62,65,66,67,71,72,73,76,77,78,99,108,113,128,140"
737,17:57,5,5,김포공항,29,"6,9,13,28,39,43,51,54,59,69,75,81,84,85,88,110,112,117,118,120,121,122,124,125,134,137,142,146,147"
737,17:57,6,6,일산,3,"90,98,109"
737,17:57,7,7,판교,6,"15,31,32,47,105,131"
737,17:57,8,8,동탄/용인,1,83
737,17:57,9,9,평택,2,"63,139"
738,17:58,1,1,서울역,11,"4,16,23,41,44,46,61,74,91,116,148"
738,17:58,10,10,인천공항,6,"56,86,92,104,129,138"
738,17:58,2,2,수서,8,"12,17,18,45,60,106,133,135"
738,17:58,3,3,삼성,10,"14,20,55,82,93,94,95,107,127,130"
738,17:58,4,4,여의도,25,"1,2,7,11,21,30,35,42,53,57,58,62,65,66,67,71,72,73,76,77,78,99,113,128,140"
738,17:58,5,5,김포공항,31,"6,9,13,28,33,39,43,51,54,59,69,75,81,84,85,88,110,112,117,118,120,121,122,124,125,134,137,142,145,146,147"
738,17:58,6,6,일산,4,"90,98,109,144"
738,17:58,7,7,판교,6,"15,31,32,47,105,131"
738,17:58,8,8,동탄/용인,1,83
738,17:58,9,9,평택,2,"63,139"
739,17:59,1,1,서울역,12,"4,16,23,34,41,44,46,61,74,91,116,148"
739,17:59,10,10,인천공항,6,"56,86,92,104,129,138"
739,17:59,2,2,수서,6,"12,17,18,45,60,106"
739,17:59,3,3,삼성,10,"14,20,55,82,93,94,95,107,127,130"
739,17:59,4,4,여의도,27,"1,2,7,11,21,30,35,42,53,57,58,62,65,66,67,68,71,72,73,76,77,78,99,113,123,128,140"
739,17:59,5,5,김포공항,31,"6,9,13,28,33,39,43,51,54,59,69,75,81,84,85,88,110,112,117,118,120,121,122,124,125,134,137,142,145,146,147"
739,17:59,6,6,일산,4,"90,98,109,144"
739,17:59,7,7,판교,8,"0,15,24,31,32,47,105,131"
739,17:59,8,8,동탄/용인,1,83
739,17:59,9,9,평택,2,"63,139"
740,18:00,1,1,서울역,11,"4,16,23,34,41,46,61,74,91,101,148"
740,18:00,10,10,인천공항,6,"56,86,92,104,129,138"
740,18:00,2,2,수서,6,"12,17,18,45,60,106"
740,18:00,3,3,삼성,9,"14,20,55,82,94,95,127,130,132"
740,18:00,4,4,여의도,27,"1,2,7,11,19,21,30,35,42,53,57,58,65,66,67,68,70,71,72,73,76,78,99,113,123,128,140"
740,18:00,5,5,김포공항,19,"33,43,54,69,75,85,88,117,118,121,122,124,125,134,137,142,145,146,147"
740,18:00,6,6,일산,4,"38,98,109,144"
740,18:00,7,7,판교,7,"0,15,24,32,47,105,131"
740,18:00,8,8,동탄/용인,1,83
740,18:00,9,9,평택,1,139
741,18:01,1,1,서울역,13,"4,16,23,34,41,46,61,74,80,91,101,102,148"
741,18:01,10,10,인천공항,6,"86,92,104,119,129,138"
741,18:01,2,2,수서,7,"17,18,45,49,50,60,106"
741,18:01,3,3,삼성,9,"10,14,20,22,82,94,127,130,132"
741,18:01,4,4,여의도,26,"1,2,7,11,19,30,35,53,57,58,64,65,66,67,68,70,71,72,73,76,78,99,113,123,128,140"
741,18:01,5,5,김포공항,17,"33,43,54,69,75,85,88,118,121,122,124,125,134,137,142,145,147"
741,18:01,6,6,일산,4,"38,109,126,144"
741,18:01,7,7,판교,8,"0,15,24,26,32,47,105,131"
741,18:01,8,8,동탄/용인,1,83
741,18:01,9,9,평택,1,139
742,18:02,1,1,서울역,13,"4,16,23,34,41,46,61,74,80,91,101,102,148"
742,18:02,10,10,인천공항,6,"86,92,104,119,129,138"
742,18:02,2,2,수서,7,"17,36,45,49,50,60,106"
742,18:02,3,3,삼성,8,"10,14,20,22,94,127,130,132"
742,18:02,4,4,여의도,25,"1,2,7,11,19,30,35,57,58,64,65,66,67,68,70,71,72,73,76,78,99,113,123,128,140"
742,18:02,5,5,김포공항,17,"33,43,54,69,75,85,88,118,121,122,124,125,134,137,142,145,147"
742,18:02,6,6,일산,4,"38,109,126,144"
742,18:02,7,7,판교,9,"0,15,24,26,32,37,47,105,131"
742,18:02,8,8,동탄/용인,1,83
742,18:02,9,9,평택,1,139
743,18:03,1,1,서울역,13,"4,5,16,23,34,41,46,74,80,91,101,102,148"
743,18:03,10,10,인천공항,5,"92,104,119,129,138"
743,18:03,2,2,수서,7,"17,36,45,49,50,60,106"
743,18:03,3,3,삼성,7,"10,14,22,94,96,132,136"
743,18:03,4,4,여의도,25,"1,2,3,7,19,30,35,57,58,64,65,66,67,68,70,72,73,76,78,99,113,123,128,140,143"
743,18:03,5,5,김포공항,15,"33,54,85,87,88,118,121,122,124,125,134,137,142,145,147"
743,18:03,6,6,일산,3,"38,126,144"
743,18:03,7,7,판교,7,"0,15,24,26,32,37,131"
743,18:03,8,8,동탄/용인,1,83
743,18:03,9,9,평택,1,139
744,18:04,1,1,서울역,14,"4,5,16,23,25,34,41,46,74,77,80,91,101,102"
744,18:04,10,10,인천공항,6,"79,92,104,119,129,138"
744,18:04,2,2,수서,6,"17,36,49,50,60,106"
744,18:04,3,3,삼성,7,"10,22,94,96,132,136,149"
744,18:04,4,4,여의도,26,"1,2,3,7,19,30,35,48,57,58,64,65,66,67,68,70,72,73,76,78,99,113,123,128,140,143"
744,18:04,5,5,김포공항,16,"54,85,87,88,100,114,118,121,122,124,125,134,137,142,145,147"
744,18:04,6,6,일산,3,"38,126,144"
744,18:04,7,7,판교,6,"0,15,24,26,37,103"
744,18:04,8,8,동탄/용인,1,83
744,18:04,9,9,평택,1,139
745,18:05,1,1,서울역,15,"4,5,8,16,23,25,34,41,46,74,77,80,91,101,102"
745,18:05,10,10,인천공항,6,"79,92,104,119,129,138"
745,18:05,2,2,수서,6,"17,36,49,50,60,106"
745,18:05,3,3,삼성,7,"10,22,94,96,132,136,149"
745,18:05,4,4,여의도,28,"1,2,3,7,19,29,30,35,48,57,58,64,65,66,67,68,70,72,73,76,78,99,113,123,128,135,140,143"
745,18:05,5,5,김포공항,15,"54,85,87,97,100,114,121,122,124,125,134,137,142,145,147"
745,18:05,6,6,일산,3,"38,126,144"
745,18:05,7,7,판교,7,"0,15,24,26,37,103,108"
745,18:05,8,8,동탄/용인,1,83
745,18:05,9,9,평택,1,139
746,18:06,1,1,서울역,16,"4,5,8,16,23,25,34,41,46,74,77,80,91,93,102,133"
746,18:06,10,10,인천공항,7,"79,89,92,104,119,129,138"
746,18:06,2,2,수서,6,"17,36,49,50,60,106"
746,18:06,3,3,삼성,6,"10,22,96,132,136,149"
746,18:06,4,4,여의도,29,"1,3,7,19,29,30,35,39,48,57,58,59,64,65,66,67,68,70,72,73,76,78,99,113,123,128,135,140,143"
746,18:06,5,5,김포공항,16,"54,85,87,97,100,114,121,122,124,125,134,137,141,142,145,147"
746,18:06,6,6,일산,3,"38,126,144"
746,18:06,7,7,판교,7,"0,15,24,26,37,103,108"
746,18:06,8,8,동탄/용인,1,83
746,18:06,9,9,평택,1,139
747,18:07,1,1,서울역,16,"4,5,8,16,23,25,34,41,46,74,80,90,91,93,95,133"
747,18:07,10,10,인천공항,6,"79,89,104,119,129,138"
747,18:07,2,2,수서,8,"17,21,36,44,49,50,60,106"
747,18:07,3,3,삼성,5,"22,96,132,136,149"
747,18:07,4,4,여의도,29,"1,3,7,12,19,29,30,31,39,48,57,58,59,64,65,66,67,68,70,73,76,78,99,113,123,128,135,140,143"
747,18:07,5,5,김포공항,13,"54,85,97,121,122,124,125,134,137,141,142,145,147"
747,18:07,6,6,일산,3,"38,126,144"
747,18:07,7,7,판교,8,"0,15,24,26,37,62,103,108"
747,18:07,8,8,동탄/용인,1,83
747,18:07,9,9,평택,1,139
748,18:08,1,1,서울역,14,"4,5,8,13,16,25,41,46,80,90,91,93,95,133"
748,18:08,10,10,인천공항,6,"79,89,104,119,129,138"
748,18:08,2,2,수서,15,"6,9,17,21,28,36,44,49,50,53,60,84,106,110,112"
748,18:08,3,3,삼성,6,"22,51,96,132,136,149"
748,18:08,4,4,여의도,28,"1,3,7,12,18,19,29,30,31,39,48,55,58,59,64,65,66,67,68,70,76,99,113,123,128,135,140,143"
748,18:08,5,5,김포공항,15,"54,85,97,107,116,121,122,124,125,134,137,141,142,145,147"
748,18:08,6,6,일산,3,"38,126,144"
748,18:08,7,7,판교,8,"0,15,24,26,37,42,62,103"
748,18:08,8,8,동탄/용인,1,83
748,18:08,9,9,평택,1,139
749,18:09,1,1,서울역,15,"4,5,8,13,16,25,41,46,80,90,91,93,95,127,133"
749,18:09,10,10,인천공항,7,"52,79,89,104,119,129,138"
749,18:09,2,2,수서,16,"6,9,17,21,28,36,44,49,50,53,60,71,84,106,110,112"
749,18:09,3,3,삼성,5,"22,51,132,136,149"
749,18:09,4,4,여의도,28,"1,3,7,12,18,19,29,30,31,48,55,58,64,65,66,67,68,69,70,76,82,99,113,123,128,135,140,143"
749,18:09,5,5,김포공항,14,"54,85,97,107,116,121,122,124,125,134,137,142,145,147"
749,18:09,6,6,일산,3,"115,126,144"
749,18:09,7,7,판교,8,"15,24,26,37,42,62,103,111"
749,18:09,8,8,동탄/용인,1,83
749,18:09,9,9,평택,1,139
750,18:10,1,1,서울역,13,"5,8,13,16,25,41,46,80,91,93,95,127,133"
750,18:10,10,10,인천공항,7,"52,79,89,104,119,129,138"
750,18:10,2,2,수서,14,"6,9,17,21,28,36,50,53,60,71,84,106,110,112"
750,18:10,3,3,삼성,7,"11,22,51,132,136,148,149"
750,18:10,4,4,여의도,32,"1,3,7,12,18,19,20,29,30,31,47,48,55,58,64,65,66,67,68,69,70,76,82,99,105,113,123,128,130,135,140,143"
750,18:10,5,5,김포공항,14,"54,85,97,107,116,121,122,124,125,134,137,142,145,147"
750,18:10,6,6,일산,3,"115,126,144"
750,18:10,7,7,판교,7,"15,24,26,37,42,103,111"
751,18:11,1,1,서울역,13,"5,16,25,41,45,46,80,91,93,95,127,131,133"
751,18:11,10,10,인천공항,7,"52,79,89,104,119,129,138"
751,18:11,2,2,수서,7,"17,21,36,50,53,60,71"
751,18:11,3,3,삼성,10,"11,22,27,32,40,75,132,136,148,149"
751,18:11,4,4,여의도,32,"1,3,7,12,18,19,20,29,30,31,47,48,55,58,64,65,66,67,68,69,70,76,82,99,105,113,123,128,130,135,140,143"
751,18:11,5,5,김포공항,14,"54,85,97,107,116,121,122,124,125,134,137,142,145,147"
751,18:11,6,6,일산,3,"115,126,144"
751,18:11,7,7,판교,8,"15,24,26,37,42,103,111,146"
752,18:12,1,1,서울역,13,"5,16,25,41,45,46,80,91,93,95,127,131,133"
752,18:12,10,10,인천공항,6,"79,89,104,119,129,138"
752,18:12,2,2,수서,7,"17,21,36,50,53,60,71"
752,18:12,3,3,삼성,10,"11,22,27,32,40,75,132,136,148,149"
752,18:12,4,4,여의도,29,"3,7,12,18,20,29,30,31,47,48,55,58,64,65,66,67,68,69,70,76,82,105,113,123,128,130,135,140,143"
752,18:12,5,5,김포공항,15,"14,54,85,97,107,116,121,122,124,125,134,137,142,145,147"
752,18:12,6,6,일산,3,"115,126,144"
752,18:12,7,7,판교,8,"15,24,26,37,42,103,111,146"
753,18:13,1,1,서울역,13,"5,25,41,45,46,80,88,91,93,95,127,131,133"
753,18:13,10,10,인천공항,6,"79,89,104,119,129,138"
753,18:13,2,2,수서,8,"17,21,36,50,53,60,71,101"
753,18:13,3,3,삼성,11,"2,11,22,27,32,40,75,77,132,136,148"
753,18:13,4,4,여의도,30,"3,7,12,18,20,29,30,31,47,48,55,58,64,65,66,67,68,69,70,76,82,94,105,113,123,128,130,135,140,143"
753,18:13,5,5,김포공항,15,"14,54,85,97,107,116,121,122,124,125,134,137,142,145,147"
753,18:13,6,6,일산,3,"115,126,144"
753,18:13,7,7,판교,9,"15,24,26,37,42,98,103,111,146"
754,18:14,1,1,서울역,13,"5,25,41,45,46,80,88,91,93,95,127,131,133"
754,18:14,10,10,인천공항,6,"79,89,104,119,129,138"
754,18:14,2,2,수서,9,"17,21,36,50,53,60,71,78,101"
754,18:14,3,3,삼성,11,"2,11,22,27,32,40,72,77,132,136,148"
754,18:14,4,4,여의도,28,"3,7,12,20,29,30,31,47,48,55,58,64,65,66,67,68,69,70,76,82,94,105,113,123,130,135,140,143"
754,18:14,5,5,김포공항,15,"14,54,85,97,107,116,121,122,124,125,134,137,142,145,147"
754,18:14,6,6,일산,6,"100,102,114,115,126,144"
754,18:14,7,7,판교,10,"15,24,26,35,37,42,98,103,111,146"
754,18:14,8,8,동탄/용인,1,81
755,18:15,1,1,서울역,13,"5,25,41,45,46,80,87,88,91,95,127,131,133"
755,18:15,10,10,인천공항,5,"79,89,104,119,129"
755,18:15,2,2,수서,10,"17,21,36,50,53,60,71,74,78,101"
755,18:15,3,3,삼성,11,"2,11,22,27,32,40,72,77,132,136,148"
755,18:15,4,4,여의도,26,"3,7,12,20,29,30,31,47,48,55,58,64,65,66,67,68,70,82,94,105,113,123,130,135,140,143"
755,18:15,5,5,김포공항,16,"10,14,54,85,97,107,116,121,122,124,125,134,137,142,145,147"
755,18:15,6,6,일산,7,"73,100,102,114,115,126,144"
755,18:15,7,7,판교,12,"15,23,26,35,37,42,57,98,103,109,111,146"
755,18:15,8,8,동탄/용인,2,"81,117"
756,18:16,1,1,서울역,12,"25,38,41,45,46,80,87,91,95,127,131,133"
756,18:16,10,10,인천공항,5,"79,89,104,119,129"
756,18:16,2,2,수서,9,"17,36,50,53,60,71,74,78,101"
756,18:16,3,3,삼성,12,"2,4,11,22,27,32,40,72,77,132,136,148"
756,18:16,4,4,여의도,27,"3,7,12,20,29,30,31,47,48,55,58,64,65,66,67,68,70,82,94,96,105,113,123,130,135,140,143"
756,18:16,5,5,김포공항,17,"10,14,34,54,85,97,107,116,121,122,124,125,134,137,142,145,147"
756,18:16,6,6,일산,7,"73,100,102,114,115,126,144"
756,18:16,7,7,판교,11,"15,23,26,35,42,57,98,103,109,111,146"
756,18:16,8,8,동탄/용인,2,"81,117"
757,18:17,1,1,서울역,11,"38,41,44,46,49,80,87,91,95,127,133"
757,18:17,10,10,인천공항,5,"79,89,104,119,129"
757,18:17,2,2,수서,9,"36,50,53,60,71,74,78,101,141"
757,18:17,3,3,삼성,12,"2,4,11,22,27,32,40,72,77,132,136,148"
757,18:17,4,4,여의도,26,"3,7,12,20,28,30,31,47,48,55,58,64,65,66,67,68,70,82,94,96,105,123,130,135,140,143"
757,18:17,5,5,김포공항,18,"10,14,34,54,63,85,97,107,116,121,122,124,125,134,137,142,145,147"
757,18:17,6,6,일산,5,"73,100,115,126,144"
757,18:17,7,7,판교,12,"15,23,26,35,42,56,57,98,103,109,111,146"
757,18:17,8,8,동탄/용인,1,117
757,18:17,9,9,평택,1,120
758,18:18,1,1,서울역,10,"38,41,44,46,49,80,84,91,127,133"
758,18:18,10,10,인천공항,5,"79,89,104,119,129"
758,18:18,2,2,수서,10,"36,50,53,60,71,74,78,99,101,141"
758,18:18,3,3,삼성,12,"2,4,11,22,27,32,40,72,77,86,132,148"
758,18:18,4,4,여의도,25,"3,7,12,20,28,30,31,47,48,55,58,64,65,66,67,68,70,94,96,105,123,130,135,140,143"
758,18:18,5,5,김포공항,18,"10,14,34,54,63,85,97,107,116,121,122,124,125,134,137,142,145,147"
758,18:18,6,6,일산,5,"8,100,115,126,144"
758,18:18,7,7,판교,13,"13,15,23,26,35,42,56,57,98,103,109,111,146"
758,18:18,8,8,동탄/용인,1,117
758,18:18,9,9,평택,1,120
759,18:19,1,1,서울역,8,"38,41,44,46,49,84,127,133"
759,18:19,10,10,인천공항,5,"79,89,104,119,129"
759,18:19,2,2,수서,10,"36,50,53,60,71,74,78,99,101,141"
759,18:19,3,3,삼성,15,"1,2,4,11,16,19,22,27,32,40,72,77,86,132,148"
759,18:19,4,4,여의도,24,"3,7,12,20,28,30,47,48,55,58,64,65,66,67,68,70,94,96,105,123,130,135,140,143"
759,18:19,5,5,김포공항,21,"6,9,10,14,34,54,63,85,97,106,107,116,121,122,124,125,134,137,142,145,147"
759,18:19,6,6,일산,5,"8,100,115,126,144"
759,18:19,7,7,판교,13,"13,15,23,26,35,42,56,57,98,103,109,111,146"
759,18:19,8,8,동탄/용인,2,"117,118"
759,18:19,9,9,평택,2,"61,120"
760,18:20,1,1,서울역,8,"38,41,44,46,49,84,127,133"
760,18:20,10,10,인천공항,5,"79,89,104,119,129"
760,18:20,2,2,수서,9,"36,50,53,60,74,78,99,101,141"
760,18:20,3,3,삼성,11,"1,4,11,16,19,27,32,72,86,132,148"
760,18:20,4,4,여의도,18,"3,12,20,30,47,48,55,58,65,67,68,70,94,96,123,130,140,143"
760,18:20,5,5,김포공항,11,"6,9,10,63,97,106,121,134,142,145,147"
760,18:20,6,6,일산,5,"8,100,115,126,144"
760,18:20,7,7,판교,11,"13,23,26,42,56,57,98,103,109,111,146"
760,18:20,8,8,동탄/용인,4,"39,59,117,118"
760,18:20,9,9,평택,3,"43,61,108"
761,18:21,1,1,서울역,7,"38,44,46,49,84,127,133"
761,18:21,10,10,인천공항,5,"79,89,104,119,129"
761,18:21,2,2,수서,8,"36,50,53,60,74,78,101,141"
761,18:21,3,3,삼성,11,"1,4,11,16,18,19,27,32,72,132,148"
761,18:21,4,4,여의도,19,"3,12,20,30,47,48,55,58,65,67,68,70,83,94,96,123,130,140,143"
761,18:21,5,5,김포공항,11,"6,9,10,63,106,121,134,142,145,147,149"
761,18:21,6,6,일산,6,"0,8,100,115,126,144"
761,18:21,7,7,판교,12,"13,23,26,42,56,57,98,103,109,111,128,146"
761,18:21,8,8,동탄/용인,4,"39,51,59,118"
761,18:21,9,9,평택,4,"33,43,61,108"
762,18:22,1,1,서울역,6,"44,46,49,84,127,133"
762,18:22,10,10,인천공항,5,"79,89,104,119,129"
762,18:22,2,2,수서,5,"53,74,78,101,141"
762,18:22,3,3,삼성,13,"1,4,5,11,16,18,19,27,32,72,76,132,148"
762,18:22,4,4,여의도,19,"3,12,20,30,47,48,55,58,65,67,68,70,83,94,96,123,130,140,143"
762,18:22,5,5,김포공항,9,"6,63,106,121,134,142,145,147,149"
762,18:22,6,6,일산,6,"0,8,62,100,115,144"
762,18:22,7,7,판교,11,"13,23,26,42,56,57,98,103,109,128,146"
762,18:22,8,8,동탄/용인,4,"39,51,59,90"
762,18:22,9,9,평택,4,"33,43,61,108"
763,18:23,1,1,서울역,6,"21,44,46,49,84,133"
763,18:23,10,10,인천공항,5,"79,89,104,119,129"
763,18:23,2,2,수서,8,"22,40,53,74,78,88,101,141"
763,18:23,3,3,삼성,13,"1,4,5,16,18,19,27,32,37,72,76,131,132"
763,18:23,4,4,여의도,19,"3,12,17,20,47,48,55,58,65,67,68,70,83,94,96,123,130,140,143"
763,18:23,5,5,김포공항,9,"6,63,93,106,134,142,145,147,149"
763,18:23,6,6,일산,6,"0,8,62,100,115,144"
763,18:23,7,7,판교,11,"13,23,26,42,56,57,92,103,109,128,146"
763,18:23,8,8,동탄/용인,3,"39,51,90"
763,18:23,9,9,평택,4,"33,43,61,108"
764,18:24,1,1,서울역,9,"21,28,44,46,49,64,66,84,133"
764,18:24,10,10,인천공항,4,"79,89,119,129"
764,18:24,2,2,수서,10,"22,40,45,53,78,82,86,88,101,141"
764,18:24,3,3,삼성,13,"1,4,5,16,19,27,29,32,37,72,76,131,132"
764,18:24,4,4,여의도,18,"3,12,17,20,47,48,55,58,65,67,68,70,83,96,123,130,140,143"
764,18:24,5,5,김포공항,8,"6,63,93,106,134,142,145,147"
764,18:24,6,6,일산,7,"0,8,62,75,100,115,144"
764,18:24,7,7,판교,12,"13,23,25,26,42,56,57,92,103,109,113,146"
764,18:24,8,8,동탄/용인,3,"39,51,90"
764,18:24,9,9,평택,4,"33,43,61,108"
765,18:25,1,1,서울역,8,"21,28,44,49,64,66,84,133"
765,18:25,10,10,인천공항,4,"79,89,119,129"
765,18:25,2,2,수서,11,"22,31,40,45,53,78,82,86,88,101,141"
765,18:25,3,3,삼성,11,"1,4,5,19,27,29,37,72,76,131,132"
765,18:25,4,4,여의도,19,"3,12,17,20,47,55,58,65,67,68,70,73,83,96,123,130,136,140,143"
765,18:25,5,5,김포공항,6,"6,63,93,134,145,147"
765,18:25,6,6,일산,7,"0,8,62,75,100,115,144"
765,18:25,7,7,판교,11,"13,25,26,42,56,57,92,103,109,113,146"
765,18:25,8,8,동탄/용인,3,"39,51,90"
765,18:25,9,9,평택,4,"33,43,61,108"
766,18:26,1,1,서울역,10,"2,21,28,44,49,64,66,77,84,133"
766,18:26,10,10,인천공항,4,"79,89,119,129"
766,18:26,2,2,수서,10,"7,31,40,45,78,82,86,105,135,141"
766,18:26,3,3,삼성,9,"1,4,5,19,27,29,72,76,132"
766,18:26,4,4,여의도,22,"12,17,20,47,54,55,58,67,68,70,71,73,83,96,116,122,123,125,130,136,140,143"
766,18:26,5,5,김포공항,6,"6,63,95,134,145,147"
766,18:26,6,6,일산,7,"0,8,62,75,100,115,144"
766,18:26,7,7,판교,12,"13,25,26,42,56,80,91,92,103,109,113,146"
766,18:26,8,8,동탄/용인,4,"39,51,69,90"
766,18:26,9,9,평택,4,"33,43,61,108"
767,18:27,1,1,서울역,7,"2,21,44,49,77,84,133"
767,18:27,10,10,인천공항,6,"79,89,110,112,119,129"
767,18:27,2,2,수서,9,"7,31,40,45,78,82,105,135,141"
767,18:27,3,3,삼성,11,"1,4,5,19,27,29,41,52,72,102,132"
767,18:27,4,4,여의도,23,"12,15,17,20,47,54,55,58,67,68,70,71,73,83,96,116,122,123,125,130,136,140,143"
767,18:27,5,5,김포공항,6,"6,63,95,134,145,147"
767,18:27,6,6,일산,7,"0,8,24,62,100,115,144"
767,18:27,7,7,판교,12,"13,25,26,42,56,80,91,92,99,103,109,146"
767,18:27,8,8,동탄/용인,5,"35,39,51,69,90"
767,18:27,9,9,평택,3,"43,61,108"
768,18:28,1,1,서울역,8,"2,21,44,49,77,84,85,107"
768,18:28,10,10,인천공항,6,"79,89,110,112,119,129"
768,18:28,2,2,수서,12,"7,31,34,40,45,78,82,105,111,124,135,141"
768,18:28,3,3,삼성,13,"1,4,5,14,19,27,29,38,41,52,72,102,132"
768,18:28,4,4,여의도,22,"12,15,17,20,47,50,54,55,67,70,71,73,83,96,116,122,123,125,130,136,140,143"
768,18:28,5,5,김포공항,6,"6,63,95,134,145,147"
768,18:28,6,6,일산,5,"0,24,100,115,144"
768,18:28,7,7,판교,12,"13,25,26,42,56,80,91,92,99,103,109,146"
768,18:28,8,8,동탄/용인,4,"35,39,51,69"
768,18:28,9,9,평택,3,"43,61,108"
769,18:29,1,1,서울역,10,"2,21,44,49,81,84,85,97,107,126"
769,18:29,10,10,인천공항,7,"79,89,110,112,119,129,139"
769,18:29,2,2,수서,10,"7,31,34,45,78,82,105,111,124,141"
769,18:29,3,3,삼성,13,"1,4,5,14,19,27,29,38,41,52,102,127,132"
769,18:29,4,4,여의도,16,"12,15,20,47,50,55,67,70,73,83,96,123,130,136,140,143"
769,18:29,5,5,김포공항,5,"6,63,134,145,147"
769,18:29,6,6,일산,5,"0,24,100,115,144"
769,18:29,7,7,판교,11,"13,25,26,56,80,91,92,99,103,109,146"
769,18:29,8,8,동탄/용인,3,"35,51,69"
769,18:29,9,9,평택,3,"43,61,108"
770,18:30,1,1,서울역,11,"2,18,21,44,49,81,84,85,97,107,126"
770,18:30,10,10,인천공항,7,"79,89,110,112,119,129,139"
770,18:30,2,2,수서,11,"7,31,34,45,78,82,94,105,111,124,141"
770,18:30,3,3,삼성,15,"1,4,5,10,14,19,27,29,30,38,41,52,102,127,132"
770,18:30,4,4,여의도,14,"12,15,20,50,55,67,70,73,83,96,123,136,140,143"
770,18:30,5,5,김포공항,7,"6,36,60,63,134,145,147"
770,18:30,6,6,일산,5,"0,24,100,115,144"
770,18:30,7,7,판교,9,"13,56,80,91,92,103,109,137,146"
770,18:30,8,8,동탄/용인,4,"35,51,69,87"
770,18:30,9,9,평택,3,"43,61,108"
771,18:31,1,1,서울역,11,"2,16,18,21,32,44,49,81,84,97,126"
771,18:31,10,10,인천공항,7,"79,89,110,112,119,129,139"
771,18:31,2,2,수서,9,"7,45,78,82,94,105,111,121,141"
771,18:31,3,3,삼성,12,"4,10,19,27,29,30,41,46,52,102,127,132"
771,18:31,4,4,여의도,13,"12,15,50,55,67,70,73,83,96,123,136,142,143"
771,18:31,5,5,김포공항,8,"6,11,36,60,63,134,145,147"
771,18:31,6,6,일산,5,"0,24,100,115,144"
771,18:31,7,7,판교,9,"13,56,80,91,92,103,109,137,146"
771,18:31,8,8,동탄/용인,4,"35,51,69,87"
771,18:31,9,9,평택,3,"43,61,108"
772,18:32,1,1,서울역,12,"2,16,18,21,32,37,44,49,81,84,126,131"
772,18:32,10,10,인천공항,8,"9,79,89,110,112,119,129,139"
772,18:32,2,2,수서,9,"7,45,78,82,94,105,111,121,141"
772,18:32,3,3,삼성,11,"4,10,19,29,30,41,46,48,52,102,132"
772,18:32,4,4,여의도,15,"12,15,23,50,55,67,73,83,93,96,101,123,136,142,143"
772,18:32,5,5,김포공항,9,"6,11,36,60,63,74,134,145,147"
772,18:32,6,6,일산,5,"0,24,100,115,144"
772,18:32,7,7,판교,8,"56,80,91,92,103,109,137,146"
772,18:32,8,8,동탄/용인,4,"35,51,69,87"
772,18:32,9,9,평택,3,"43,61,108"
773,18:33,1,1,서울역,13,"16,21,22,32,37,44,49,57,76,81,84,126,131"
773,18:33,10,10,인천공항,7,"9,79,89,112,119,129,139"
773,18:33,2,2,수서,7,"78,82,94,105,111,121,141"
773,18:33,3,3,삼성,13,"3,4,10,19,29,30,41,46,48,52,66,102,132"
773,18:33,4,4,여의도,15,"12,15,23,50,55,67,73,83,93,96,101,123,136,142,143"
773,18:33,5,5,김포공항,9,"6,11,36,60,63,74,134,145,147"
773,18:33,6,6,일산,7,"0,24,65,100,115,144,148"
773,18:33,7,7,판교,7,"56,80,91,92,103,109,146"
773,18:33,8,8,동탄/용인,3,"51,69,87"
773,18:33,9,9,평택,3,"43,61,108"
774,18:34,1,1,서울역,13,"16,21,22,37,44,49,57,75,76,81,84,126,131"
774,18:34,10,10,인천공항,8,"9,79,89,112,119,129,139,149"
774,18:34,2,2,수서,6,"78,82,94,111,121,141"
774,18:34,3,3,삼성,13,"3,4,10,19,29,30,34,41,48,52,66,102,132"
774,18:34,4,4,여의도,15,"12,15,23,50,55,67,73,83,93,96,101,123,136,142,143"
774,18:34,5,5,김포공항,9,"6,36,53,60,63,74,134,145,147"
774,18:34,6,6,일산,7,"0,24,28,65,115,144,148"
774,18:34,7,7,판교,8,"56,64,80,91,92,103,109,146"
774,18:34,8,8,동탄/용인,4,"51,69,87,113"
774,18:34,9,9,평택,4,"43,61,108,138"
775,18:35,1,1,서울역,11,"16,21,22,44,49,57,75,76,81,84,126"
775,18:35,10,10,인천공항,8,"9,79,89,112,119,129,139,149"
775,18:35,2,2,수서,9,"17,54,78,82,94,111,121,133,141"
775,18:35,3,3,삼성,12,"3,4,10,19,29,30,34,41,52,66,102,132"
775,18:35,4,4,여의도,14,"12,15,50,55,62,67,73,93,96,101,123,136,142,143"
775,18:35,5,5,김포공항,10,"6,36,53,60,63,74,86,134,145,147"
775,18:35,6,6,일산,8,"0,24,28,65,98,115,144,148"
775,18:35,7,7,판교,9,"56,64,80,91,92,103,106,109,146"
775,18:35,8,8,동탄/용인,4,"51,69,87,113"
775,18:35,9,9,평택,4,"43,61,108,138"
776,18:36,1,1,서울역,12,"16,21,22,40,44,49,75,76,81,84,126,135"
776,18:36,10,10,인천공항,8,"9,79,89,112,119,129,139,149"
776,18:36,2,2,수서,8,"17,54,78,82,111,121,133,141"
776,18:36,3,3,삼성,14,"3,4,10,19,29,30,34,41,42,52,66,102,122,132"
776,18:36,4,4,여의도,15,"15,50,55,62,67,72,73,93,96,101,104,123,136,142,143"
776,18:36,5,5,김포공항,9,"6,36,53,63,74,86,134,145,147"
776,18:36,6,6,일산,9,"0,24,28,65,71,98,115,144,148"
776,18:36,7,7,판교,11,"56,64,80,91,92,103,106,109,116,125,146"
776,18:36,8,8,동탄/용인,3,"51,69,113"
776,18:36,9,9,평택,5,"43,61,108,128,138"
777,18:37,1,1,서울역,12,"21,22,26,40,44,49,76,81,84,95,126,135"
777,18:37,10,10,인천공항,8,"9,79,89,112,119,129,139,149"
777,18:37,2,2,수서,7,"17,46,54,78,82,133,141"
777,18:37,3,3,삼성,15,"3,4,10,19,29,30,41,42,52,66,85,102,122,130,132"
777,18:37,4,4,여의도,16,"15,25,31,50,55,62,67,72,73,93,96,101,104,123,136,143"
777,18:37,5,5,김포공항,9,"6,36,53,63,74,86,134,145,147"
777,18:37,6,6,일산,8,"24,28,65,71,98,115,144,148"
777,18:37,7,7,판교,10,"56,64,80,91,92,103,106,116,125,146"
777,18:37,8,8,동탄/용인,3,"51,69,113"
777,18:37,9,9,평택,6,"43,61,108,114,128,138"
778,18:38,1,1,서울역,11,"21,22,26,40,49,76,81,84,95,127,135"
778,18:38,10,10,인천공항,8,"9,79,89,112,119,129,139,149"
778,18:38,2,2,수서,8,"17,46,54,78,82,107,133,141"
778,18:38,3,3,삼성,17,"3,4,10,19,20,29,30,41,42,52,66,85,102,122,130,132,140"
778,18:38,4,4,여의도,17,"1,15,25,31,50,55,62,67,72,73,93,96,101,104,123,136,143"
778,18:38,5,5,김포공항,9,"6,36,53,63,74,86,134,145,147"
778,18:38,6,6,일산,9,"24,28,65,71,98,115,117,144,148"
778,18:38,7,7,판교,10,"56,64,80,91,92,103,106,116,125,146"
778,18:38,8,8,동탄/용인,3,"51,69,113"
778,18:38,9,9,평택,6,"43,61,108,114,128,138"
779,18:39,1,1,서울역,11,"21,22,26,40,49,76,81,84,95,127,135"
779,18:39,10,10,인천공항,8,"9,79,89,112,119,129,139,149"
779,18:39,2,2,수서,9,"17,46,54,78,82,97,107,133,141"
779,18:39,3,3,삼성,18,"2,3,4,19,20,29,30,41,42,52,66,70,85,102,122,130,132,140"
779,18:39,4,4,여의도,19,"1,7,13,15,25,31,45,50,55,62,67,72,73,93,101,104,123,136,143"
779,18:39,5,5,김포공항,11,"6,14,36,53,63,74,86,124,134,145,147"
779,18:39,6,6,일산,8,"24,28,65,98,115,117,118,144"
779,18:39,7,7,판교,10,"56,64,80,91,92,103,106,116,125,146"
779,18:39,8,8,동탄/용인,4,"51,68,69,113"
779,18:39,9,9,평택,6,"43,61,108,114,128,138"
780,18:40,1,1,서울역,10,"21,22,26,40,49,81,84,90,127,135"
780,18:40,10,10,인천공항,8,"9,59,79,89,119,129,139,149"
780,18:40,2,2,수서,8,"17,54,78,82,97,107,133,141"
780,18:40,3,3,삼성,16,"2,19,20,29,30,32,41,42,52,70,85,102,122,130,132,140"
780,18:40,4,4,여의도,18,"1,7,13,15,45,50,55,62,67,72,73,93,101,104,105,123,136,143"
780,18:40,5,5,김포공항,10,"14,36,53,63,74,86,124,134,145,147"
780,18:40,6,6,일산,6,"24,98,115,117,118,120"
780,18:40,7,7,판교,9,"56,80,91,92,103,106,116,125,146"
780,18:40,8,8,동탄/용인,3,"51,68,69"
780,18:40,9,9,평택,7,"43,61,88,108,114,128,138"
781,18:41,1,1,서울역,11,"21,22,26,39,40,49,81,84,90,127,135"
781,18:41,10,10,인천공항,8,"9,59,79,89,119,129,139,149"
781,18:41,2,2,수서,7,"54,78,82,83,97,133,141"
781,18:41,3,3,삼성,16,"2,19,20,29,30,32,41,42,52,70,85,102,122,130,132,140"
781,18:41,4,4,여의도,14,"1,7,13,15,45,55,72,73,93,104,105,123,136,143"
781,18:41,5,5,김포공항,10,"14,36,53,63,74,86,124,134,145,147"
781,18:41,6,6,일산,7,"5,24,98,115,117,118,120"
781,18:41,7,7,판교,9,"56,80,91,92,103,106,116,125,146"
781,18:41,8,8,동탄/용인,5,"47,51,68,69,77"
781,18:41,9,9,평택,7,"43,61,88,108,114,128,138"
782,18:42,1,1,서울역,10,"21,22,26,39,40,49,84,90,127,135"
782,18:42,10,10,인천공항,8,"9,59,79,89,119,129,139,149"
782,18:42,2,2,수서,8,"11,54,78,82,83,131,133,141"
782,18:42,3,3,삼성,13,"2,19,29,30,32,42,52,70,85,102,130,132,140"
782,18:42,4,4,여의도,13,"1,7,13,15,33,55,73,93,104,105,123,136,143"
782,18:42,5,5,김포공항,9,"36,53,63,74,86,124,134,145,147"
782,18:42,6,6,일산,8,"5,24,98,99,115,117,118,120"
782,18:42,7,7,판교,10,"23,56,80,91,92,103,106,116,125,146"
782,18:42,8,8,동탄/용인,5,"27,47,51,69,77"
782,18:42,9,9,평택,6,"61,88,108,114,128,138"
783,18:43,1,1,서울역,9,"22,26,39,40,49,84,90,127,135"
783,18:43,10,10,인천공항,8,"9,59,79,89,119,129,139,149"
783,18:43,2,2,수서,8,"11,54,78,82,83,131,133,141"
783,18:43,3,3,삼성,10,"2,12,19,29,42,52,70,102,132,140"
783,18:43,4,4,여의도,12,"1,7,13,15,33,55,73,93,104,123,136,143"
783,18:43,5,5,김포공항,8,"53,63,74,86,124,134,145,147"
783,18:43,6,6,일산,7,"5,24,98,99,115,117,118"
783,18:43,7,7,판교,8,"23,56,80,91,103,106,116,146"
783,18:43,8,8,동탄/용인,5,"27,47,51,69,77"
783,18:43,9,9,평택,7,"58,61,88,108,114,128,138"
784,18:44,1,1,서울역,10,"0,22,26,39,40,60,84,90,121,135"
784,18:44,10,10,인천공항,8,"9,59,79,89,119,129,139,149"
784,18:44,2,2,수서,6,"11,54,82,83,131,141"
784,18:44,3,3,삼성,9,"2,12,19,29,42,52,102,132,142"
784,18:44,4,4,여의도,12,"1,7,13,15,33,55,73,93,104,123,136,143"
784,18:44,5,5,김포공항,9,"53,63,74,86,94,124,134,145,147"
784,18:44,6,6,일산,7,"5,75,98,99,115,117,118"
784,18:44,7,7,판교,8,"16,23,56,80,103,106,116,146"
784,18:44,8,8,동탄/용인,5,"27,47,51,69,77"
784,18:44,9,9,평택,7,"58,61,88,108,114,128,138"
785,18:45,1,1,서울역,9,"0,26,39,40,60,84,90,121,135"
785,18:45,10,10,인천공항,8,"9,59,79,89,119,129,139,149"
785,18:45,2,2,수서,6,"11,20,54,83,131,141"
785,18:45,3,3,삼성,8,"12,19,29,42,52,102,132,142"
785,18:45,4,4,여의도,12,"1,7,13,15,33,55,73,93,104,123,136,143"
785,18:45,5,5,김포공항,11,"34,53,63,74,86,94,111,124,134,145,147"
785,18:45,6,6,일산,7,"5,75,98,115,117,118,137"
785,18:45,7,7,판교,9,"16,23,56,80,103,106,116,126,146"
785,18:45,8,8,동탄/용인,4,"27,47,51,77"
785,18:45,9,9,평택,7,"58,61,88,108,114,128,138"
786,18:46,1,1,서울역,12,"0,3,26,39,40,60,66,84,90,110,121,135"
786,18:46,10,10,인천공항,8,"9,59,79,89,119,129,139,149"
786,18:46,2,2,수서,8,"11,20,31,64,83,130,131,141"
786,18:46,3,3,삼성,7,"12,29,42,52,102,132,142"
786,18:46,4,4,여의도,14,"1,6,7,10,13,15,33,55,73,93,104,123,136,143"
786,18:46,5,5,김포공항,12,"34,44,53,63,74,86,94,111,124,134,145,147"
786,18:46,6,6,일산,7,"5,75,98,115,117,118,137"
786,18:46,7,7,판교,9,"16,23,56,96,103,106,116,126,146"
786,18:46,8,8,동탄/용인,3,"27,47,77"
786,18:46,9,9,평택,8,"38,58,61,88,108,114,128,138"
787,18:47,1,1,서울역,14,"0,3,26,40,46,60,65,66,84,90,110,121,135,144"
787,18:47,10,10,인천공항,8,"9,59,79,89,119,129,139,149"
787,18:47,2,2,수서,11,"11,20,31,64,70,83,101,130,131,140,141"
787,18:47,3,3,삼성,7,"12,29,42,52,102,132,142"
787,18:47,4,4,여의도,15,"1,4,6,7,10,13,17,33,55,73,93,104,123,136,143"
787,18:47,5,5,김포공항,12,"34,44,63,74,86,94,109,111,124,134,145,147"
787,18:47,6,6,일산,7,"5,75,98,115,117,118,137"
787,18:47,7,7,판교,11,"16,23,56,76,95,96,103,106,116,126,146"
787,18:47,8,8,동탄/용인,4,"27,37,47,77"
787,18:47,9,9,평택,8,"38,58,61,88,108,114,128,138"
788,18:48,1,1,서울역,15,"0,3,26,41,46,60,65,66,84,87,90,110,121,135,144"
788,18:48,10,10,인천공항,8,"9,59,79,89,119,129,139,149"
788,18:48,2,2,수서,10,"11,20,31,64,70,83,101,130,140,141"
788,18:48,3,3,삼성,9,"12,29,50,52,62,81,102,132,142"
788,18:48,4,4,여의도,15,"1,4,6,7,10,13,17,55,73,93,97,104,123,136,143"
788,18:48,5,5,김포공항,11,"34,44,63,86,94,109,111,124,134,145,147"
788,18:48,6,6,일산,7,"5,75,98,115,117,118,137"
788,18:48,7,7,판교,11,"16,23,56,76,95,96,103,106,116,126,146"
788,18:48,8,8,동탄/용인,5,"27,37,47,57,77"
788,18:48,9,9,평택,9,"8,38,58,61,68,88,108,128,138"
789,18:49,1,1,서울역,11,"0,26,32,41,46,60,65,87,110,121,144"
789,18:49,10,10,인천공항,8,"9,59,79,89,119,129,139,149"
789,18:49,2,2,수서,9,"11,20,31,64,70,83,101,140,141"
789,18:49,3,3,삼성,10,"21,29,50,52,62,72,81,102,132,142"
789,18:49,4,4,여의도,13,"1,4,7,10,17,36,55,73,93,97,104,123,143"
789,18:49,5,5,김포공항,12,"34,44,63,86,94,105,109,111,124,134,145,147"
789,18:49,6,6,일산,8,"5,45,75,98,115,117,118,137"
789,18:49,7,7,판교,9,"16,56,76,95,96,103,106,126,146"
789,18:49,8,8,동탄/용인,5,"27,37,47,57,77"
789,18:49,9,9,평택,10,"8,18,38,58,61,68,88,108,128,138"
790,18:50,1,1,서울역,9,"26,32,41,46,60,87,110,120,121"
790,18:50,10,10,인천공항,8,"9,59,79,89,119,129,139,149"
790,18:50,2,2,수서,10,"11,14,20,31,64,70,71,83,140,141"
790,18:50,3,3,삼성,11,"21,29,50,52,62,72,81,92,102,132,142"
790,18:50,4,4,여의도,16,"1,4,7,10,17,30,36,55,73,78,93,97,104,123,133,143"
790,18:50,5,5,김포공항,12,"34,44,63,86,94,105,111,122,124,134,145,147"
790,18:50,6,6,일산,9,"5,35,45,75,98,115,117,118,137"
790,18:50,7,7,판교,8,"56,76,95,96,103,106,126,146"
790,18:50,8,8,동탄/용인,6,"27,37,47,57,77,125"
790,18:50,9,9,평택,11,"8,18,38,48,58,61,68,88,108,128,138"
791,18:51,1,1,서울역,11,"2,24,26,32,41,46,60,87,110,120,121"
791,18:51,10,10,인천공항,8,"9,59,79,89,119,129,139,149"
791,18:51,2,2,수서,11,"11,14,31,42,49,64,70,71,83,140,141"
791,18:51,3,3,삼성,13,"21,22,29,50,52,62,72,81,91,92,102,132,142"
791,18:51,4,4,여의도,13,"4,7,10,17,30,36,55,73,78,93,104,123,133"
791,18:51,5,5,김포공항,11,"34,44,63,86,94,105,122,124,134,145,147"
791,18:51,6,6,일산,9,"5,35,45,75,98,115,117,118,137"
791,18:51,7,7,판교,8,"56,76,95,96,103,106,126,146"
791,18:51,8,8,동탄/용인,8,"25,27,37,47,57,77,107,125"
791,18:51,9,9,평택,11,"8,18,38,48,58,61,68,88,108,128,138"
792,18:52,1,1,서울역,12,"2,24,26,41,46,60,82,87,110,113,120,121"
792,18:52,10,10,인천공항,8,"9,59,79,89,119,129,139,149"
792,18:52,2,2,수서,11,"11,12,14,31,42,49,70,71,83,140,141"
792,18:52,3,3,삼성,13,"21,22,29,50,52,62,72,81,91,92,102,132,142"
792,18:52,4,4,여의도,12,"4,7,10,17,30,55,73,78,93,104,123,133"
792,18:52,5,5,김포공항,11,"34,44,63,86,94,105,122,124,134,145,147"
792,18:52,6,6,일산,8,"5,35,45,75,98,115,118,137"
792,18:52,7,7,판교,8,"56,76,95,96,103,106,126,146"
792,18:52,8,8,동탄/용인,9,"25,27,37,47,57,67,77,107,125"
792,18:52,9,9,평택,11,"8,18,38,48,58,61,68,88,108,128,138"
793,18:53,1,1,서울역,11,"2,24,41,46,60,82,87,110,113,120,121"
793,18:53,10,10,인천공항,8,"9,59,79,89,119,129,139,149"
793,18:53,2,2,수서,11,"11,12,14,15,31,42,49,71,83,140,141"
793,18:53,3,3,삼성,14,"21,22,29,50,52,62,72,80,81,91,92,102,132,142"
793,18:53,4,4,여의도,11,"4,7,10,17,30,55,73,78,93,123,133"
793,18:53,5,5,김포공항,10,"34,44,63,86,94,105,124,134,145,147"
793,18:53,6,6,일산,8,"5,35,45,75,85,115,118,137"
793,18:53,7,7,판교,8,"56,76,95,96,103,106,126,146"
793,18:53,8,8,동탄/용인,7,"25,37,47,57,67,77,107"
793,18:53,9,9,평택,11,"8,18,38,48,58,61,68,88,108,128,138"
794,18:54,1,1,서울역,9,"2,41,46,60,82,87,110,113,120"
794,18:54,10,10,인천공항,8,"9,59,79,89,119,129,139,149"
794,18:54,2,2,수서,9,"11,12,14,15,31,49,71,83,141"
794,18:54,3,3,삼성,14,"21,22,29,40,52,62,72,80,81,91,92,102,132,142"
794,18:54,4,4,여의도,10,"10,17,30,55,73,78,93,123,131,133"
794,18:54,5,5,김포공항,12,"19,34,44,54,63,86,94,105,124,134,145,147"
794,18:54,6,6,일산,7,"5,35,45,75,85,115,137"
794,18:54,7,7,판교,8,"56,76,95,96,103,106,126,146"
794,18:54,8,8,동탄/용인,7,"25,37,47,57,67,77,107"
794,18:54,9,9,평택,12,"8,18,38,48,58,61,68,88,100,108,128,138"
795,18:55,1,1,서울역,9,"2,41,46,60,82,87,110,113,120"
795,18:55,10,10,인천공항,8,"9,59,79,89,119,129,139,149"
795,18:55,2,2,수서,8,"11,14,15,31,49,53,71,141"
795,18:55,3,3,삼성,17,"21,22,29,33,40,52,62,72,80,81,90,91,92,102,112,132,142"
795,18:55,4,4,여의도,10,"10,17,30,55,73,78,93,123,131,133"
795,18:55,5,5,김포공항,12,"19,34,44,54,63,86,94,105,124,134,145,147"
795,18:55,6,6,일산,6,"5,35,45,75,85,115"
795,18:55,7,7,판교,8,"56,76,95,96,103,106,126,146"
795,18:55,8,8,동탄/용인,7,"25,37,47,57,67,77,107"
795,18:55,9,9,평택,12,"8,18,38,48,58,61,68,88,100,108,128,138"
796,18:56,1,1,서울역,10,"2,46,60,74,82,87,110,113,120,130"
796,18:56,10,10,인천공항,9,"9,59,79,89,99,119,129,139,149"
796,18:56,2,2,수서,8,"3,11,15,31,49,53,71,141"
796,18:56,3,3,삼성,20,"0,13,21,22,29,33,40,51,52,62,72,80,81,90,91,92,102,112,132,142"
796,18:56,4,4,여의도,10,"10,17,30,55,73,93,101,116,123,131"
796,18:56,5,5,김포공항,12,"19,34,44,54,63,86,94,105,124,134,145,147"
796,18:56,6,6,일산,7,"5,35,45,75,85,115,135"
796,18:56,7,7,판교,10,"6,56,66,76,96,103,106,126,136,146"
796,18:56,8,8,동탄/용인,8,"25,37,47,57,67,77,107,127"
796,18:56,9,9,평택,12,"8,18,38,48,58,61,68,88,100,108,128,138"
797,18:57,1,1,서울역,10,"16,46,60,74,82,87,110,113,120,130"
797,18:57,10,10,인천공항,9,"9,59,79,89,99,119,129,139,149"
797,18:57,2,2,수서,10,"1,3,11,15,31,49,53,71,141,144"
797,18:57,3,3,삼성,19,"0,13,21,22,29,33,40,51,52,62,72,80,81,90,92,102,112,132,142"
797,18:57,4,4,여의도,11,"10,17,30,43,55,73,93,101,116,123,131"
797,18:57,5,5,김포공항,12,"19,34,44,54,63,84,86,94,105,124,134,145"
797,18:57,6,6,일산,8,"5,35,45,65,75,85,115,135"
797,18:57,7,7,판교,10,"6,56,66,76,96,103,106,126,136,146"
797,18:57,8,8,동탄/용인,8,"25,37,47,57,67,77,107,127"
797,18:57,9,9,평택,12,"8,18,38,48,58,61,68,88,100,108,128,138"
798,18:58,1,1,서울역,11,"16,20,46,60,74,82,87,110,113,120,130"
798,18:58,10,10,인천공항,9,"9,59,79,89,99,119,129,139,149"
798,18:58,2,2,수서,10,"1,3,11,15,31,49,53,71,141,144"
798,18:58,3,3,삼성,21,"0,13,21,22,29,32,33,40,51,52,62,72,80,81,90,92,102,112,132,142,143"
798,18:58,4,4,여의도,10,"17,30,43,55,73,93,101,116,123,131"
798,18:58,5,5,김포공항,12,"19,34,44,54,63,84,86,94,105,124,134,145"
798,18:58,6,6,일산,8,"5,35,45,65,75,85,115,135"
798,18:58,7,7,판교,9,"6,56,66,76,96,106,126,136,146"
798,18:58,8,8,동탄/용인,8,"25,37,47,57,67,77,107,127"
798,18:58,9,9,평택,11,"8,18,38,48,58,68,88,100,108,128,138"
799,18:59,1,1,서울역,11,"16,20,46,60,74,82,110,113,117,120,130"
799,18:59,10,10,인천공항,9,"9,59,79,89,99,119,129,139,149"
799,18:59,2,2,수서,12,"1,3,11,15,31,49,53,71,104,111,141,144"
799,18:59,3,3,삼성,20,"0,13,21,22,29,32,33,40,51,52,62,72,81,90,92,102,112,132,142,143"
799,18:59,4,4,여의도,9,"17,43,55,73,93,116,122,123,131"
799,18:59,5,5,김포공항,12,"19,34,44,54,63,84,86,94,105,124,134,145"
799,18:59,6,6,일산,8,"5,35,45,65,75,85,115,135"
799,18:59,7,7,판교,10,"6,36,56,66,76,96,106,126,136,146"
799,18:59,8,8,동탄/용인,9,"25,37,39,47,57,67,77,107,127"
799,18:59,9,9,평택,12,"8,18,38,48,58,68,88,100,108,128,138,148"
800,19:00,1,1,서울역,9,"16,20,46,60,74,82,117,120,130"
800,19:00,10,10,인천공항,10,"9,59,79,89,99,109,119,129,139,149"
800,19:00,2,2,수서,13,"1,3,4,11,15,31,49,53,71,104,111,141,144"
800,19:00,3,3,삼성,12,"13,32,33,40,52,90,92,102,112,132,142,143"
800,19:00,4,4,여의도,9,"17,42,43,55,73,93,116,122,123"
800,19:00,5,5,김포공항,7,"44,54,64,84,94,124,134"
800,19:00,6,6,일산,8,"5,35,45,65,75,85,115,135"
800,19:00,7,7,판교,10,"6,26,36,56,66,76,106,126,136,146"
800,19:00,8,8,동탄/용인,9,"25,37,39,47,57,67,77,107,127"
800,19:00,9,9,평택,13,"8,18,28,38,48,58,68,88,100,108,128,138,148"
801,19:01,1,1,서울역,8,"16,20,60,74,117,120,130,140"
801,19:01,10,10,인천공항,10,"9,59,79,89,99,109,119,129,139,149"
801,19:01,2,2,수서,13,"1,3,4,11,15,31,49,71,104,111,121,141,144"
801,19:01,3,3,삼성,10,"13,33,40,52,92,102,112,132,142,143"
801,19:01,4,4,여의도,9,"17,42,43,55,73,93,116,122,123"
801,19:01,5,5,김포공항,7,"44,54,64,84,94,124,134"
801,19:01,6,6,일산,9,"5,23,35,45,65,75,85,115,135"
801,19:01,7,7,판교,10,"6,26,36,56,66,76,106,126,136,146"
801,19:01,8,8,동탄/용인,8,"25,39,47,57,67,77,107,127"
801,19:01,9,9,평택,13,"8,18,28,38,48,58,68,88,100,108,128,138,148"
802,19:02,1,1,서울역,8,"12,16,20,60,74,120,130,140"
802,19:02,10,10,인천공항,11,"9,59,69,79,89,99,109,119,129,139,149"
802,19:02,2,2,수서,13,"1,3,4,11,15,31,49,71,104,111,121,141,144"
802,19:02,3,3,삼성,10,"33,40,41,52,92,102,112,132,142,143"
802,19:02,4,4,여의도,6,"42,43,55,73,93,123"
802,19:02,5,5,김포공항,9,"24,44,50,54,64,84,94,124,134"
802,19:02,6,6,일산,9,"5,23,35,45,65,75,85,115,135"
802,19:02,7,7,판교,10,"6,26,36,56,66,76,106,126,136,146"
802,19:02,8,8,동탄/용인,8,"25,47,57,67,77,97,107,127"
802,19:02,9,9,평택,13,"8,18,28,38,48,58,68,88,100,108,128,138,148"
803,19:03,1,1,서울역,6,"12,20,60,120,130,140"
803,19:03,10,10,인천공항,11,"9,59,69,79,89,99,109,119,129,139,149"
803,19:03,2,2,수서,12,"1,3,4,11,31,49,71,104,111,121,141,144"
803,19:03,3,3,삼성,12,"2,33,40,41,52,92,102,112,132,133,142,143"
803,19:03,4,4,여의도,6,"42,43,73,93,114,123"
803,19:03,5,5,김포공항,10,"24,44,50,54,64,83,84,94,124,134"
803,19:03,6,6,일산,9,"5,23,35,45,65,75,85,115,135"
803,19:03,7,7,판교,10,"6,26,36,56,66,76,106,126,136,146"
803,19:03,8,8,동탄/용인,7,"47,57,67,77,97,107,127"
803,19:03,9,9,평택,13,"8,18,28,38,48,58,68,88,100,108,128,138,148"
804,19:04,1,1,서울역,6,"12,20,60,120,130,140"
804,19:04,10,10,인천공항,11,"9,59,69,79,89,99,109,119,129,139,149"
804,19:04,2,2,수서,12,"1,3,4,11,31,49,71,104,111,121,141,144"
804,19:04,3,3,삼성,11,"2,33,40,41,52,92,102,112,132,133,142"
804,19:04,4,4,여의도,8,"42,43,73,91,93,110,114,123"
804,19:04,5,5,김포공항,11,"14,24,44,50,54,64,83,84,94,124,134"
804,19:04,6,6,일산,9,"5,35,45,65,70,75,85,115,135"
804,19:04,7,7,판교,10,"6,26,36,56,66,76,106,126,136,146"
804,19:04,8,8,동탄/용인,7,"47,57,67,77,97,107,127"
804,19:04,9,9,평택,13,"8,18,28,38,48,58,68,88,100,108,128,138,148"
805,19:05,1,1,서울역,7,"12,20,27,60,80,120,140"
805,19:05,10,10,인천공항,11,"9,59,69,79,89,99,109,119,129,139,149"
805,19:05,2,2,수서,10,"1,3,4,11,31,71,101,111,121,141"
805,19:05,3,3,삼성,10,"2,10,40,52,92,102,112,132,133,142"
805,19:05,4,4,여의도,9,"42,43,73,91,93,103,110,114,123"
805,19:05,5,5,김포공항,10,"14,24,44,54,64,83,84,94,124,134"
805,19:05,6,6,일산,9,"5,35,45,65,70,75,85,115,135"
805,19:05,7,7,판교,10,"6,26,36,56,66,76,106,126,136,146"
805,19:05,8,8,동탄/용인,8,"7,47,57,67,77,97,107,127"
805,19:05,9,9,평택,13,"8,18,28,38,48,58,68,88,100,108,128,138,148"
806,19:06,1,1,서울역,15,"0,12,20,21,22,27,29,51,60,62,72,80,81,120,140"
806,19:06,10,10,인천공항,11,"9,59,69,79,89,99,109,119,129,139,149"
806,19:06,2,2,수서,10,"1,3,11,31,71,101,111,121,131,141"
806,19:06,3,3,삼성,10,"2,10,30,52,92,102,112,132,133,142"
806,19:06,4,4,여의도,13,"34,42,63,73,86,91,93,103,105,110,114,123,145"
806,19:06,5,5,김포공항,10,"14,24,44,54,64,83,84,94,124,134"
806,19:06,6,6,일산,9,"5,35,45,65,70,75,85,115,135"
806,19:06,7,7,판교,10,"6,26,36,56,66,76,106,126,136,146"
806,19:06,8,8,동탄/용인,8,"7,47,57,67,77,97,107,127"
806,19:06,9,9,평택,13,"8,18,28,38,48,58,68,88,100,108,128,138,148"
807,19:07,1,1,서울역,16,"0,12,21,22,27,29,32,51,60,62,72,80,81,90,120,140"
807,19:07,10,10,인천공항,11,"9,59,69,79,89,99,109,119,129,139,149"
807,19:07,2,2,수서,10,"3,11,31,71,101,111,121,131,141,143"
807,19:07,3,3,삼성,11,"2,10,30,52,82,92,102,112,132,133,142"
807,19:07,4,4,여의도,13,"34,42,53,63,73,86,91,93,103,105,114,123,145"
807,19:07,5,5,김포공항,10,"14,24,44,54,64,83,84,94,124,134"
807,19:07,6,6,일산,9,"5,35,45,65,70,75,85,115,135"
807,19:07,7,7,판교,10,"6,26,36,56,66,76,106,126,136,146"
807,19:07,8,8,동탄/용인,8,"7,47,57,67,77,97,107,127"
807,19:07,9,9,평택,13,"8,18,28,38,48,58,68,88,100,108,128,138,148"
808,19:08,1,1,서울역,14,"0,21,22,29,32,51,60,62,72,80,81,90,120,140"
808,19:08,10,10,인천공항,11,"9,59,69,79,89,99,109,119,129,139,149"
808,19:08,2,2,수서,11,"11,31,41,71,101,111,116,121,131,141,143"
808,19:08,3,3,삼성,11,"2,10,30,52,82,92,102,112,132,133,142"
808,19:08,4,4,여의도,13,"34,42,53,63,73,86,91,93,103,105,114,123,145"
808,19:08,5,5,김포공항,11,"14,24,44,54,64,83,84,94,113,124,134"
808,19:08,6,6,일산,10,"5,35,45,65,70,75,85,95,115,135"
808,19:08,7,7,판교,11,"6,26,36,46,56,66,76,106,126,136,146"
808,19:08,8,8,동탄/용인,8,"7,47,57,67,77,97,107,127"
808,19:08,9,9,평택,13,"8,18,28,38,48,58,68,88,100,108,128,138,148"
809,19:09,1,1,서울역,6,"32,60,80,90,120,140"
809,19:09,10,10,인천공항,11,"9,59,69,79,89,99,109,119,129,139,149"
809,19:09,2,2,수서,11,"11,31,41,71,101,111,116,121,131,141,143"
809,19:09,3,3,삼성,11,"2,10,30,52,82,92,102,112,122,132,142"
809,19:09,4,4,여의도,7,"13,53,73,91,93,103,123"
809,19:09,5,5,김포공항,10,"14,24,44,54,64,84,94,113,124,134"
809,19:09,6,6,일산,10,"5,35,45,65,70,75,85,95,115,135"
809,19:09,7,7,판교,11,"6,26,36,46,56,66,76,106,126,136,146"
809,19:09,8,8,동탄/용인,8,"7,47,57,67,77,97,107,127"
809,19:09,9,9,평택,13,"8,18,28,38,48,58,68,88,100,108,128,138,148"
810,19:10,1,1,서울역,4,"60,80,90,120"
810,19:10,10,10,인천공항,12,"9,19,59,69,79,89,99,109,119,129,139,149"
810,19:10,2,2,수서,10,"11,31,41,71,101,111,116,121,131,141"
810,19:10,3,3,삼성,11,"2,10,30,52,82,92,102,112,122,132,142"
810,19:10,4,4,여의도,6,"13,53,73,93,103,123"
810,19:10,5,5,김포공항,10,"14,24,44,54,64,84,94,113,124,134"
810,19:10,6,6,일산,10,"5,35,45,65,75,85,95,115,125,135"
810,19:10,7,7,판교,13,"6,16,26,36,46,55,56,66,76,106,126,136,146"
810,19:10,8,8,동탄/용인,8,"7,47,57,67,77,97,107,127"
810,19:10,9,9,평택,13,"8,18,28,38,48,58,68,88,100,108,128,138,148"
811,19:11,1,1,서울역,4,"60,80,90,120"
811,19:11,10,10,인천공항,12,"9,19,59,69,79,89,99,109,119,129,139,149"
811,19:11,2,2,수서,9,"11,31,41,71,101,111,121,131,141"
811,19:11,3,3,삼성,11,"2,30,52,82,92,102,112,122,130,132,142"
811,19:11,4,4,여의도,7,"13,23,53,73,93,103,123"
811,19:11,5,5,김포공항,10,"14,24,44,54,64,74,84,94,124,134"
811,19:11,6,6,일산,10,"5,35,45,65,75,85,95,115,125,135"
811,19:11,7,7,판교,13,"6,16,26,36,46,55,56,66,76,106,126,136,146"
811,19:11,8,8,동탄/용인,10,"7,47,57,67,77,87,97,107,127,147"
811,19:11,9,9,평택,14,"8,18,28,38,48,58,68,78,88,100,108,128,138,148"
812,19:12,1,1,서울역,4,"60,80,90,120"
812,19:12,10,10,인천공항,12,"9,19,59,69,79,89,99,109,119,129,139,149"
812,19:12,2,2,수서,9,"11,31,41,71,101,111,121,131,141"
812,19:12,3,3,삼성,10,"2,52,82,92,102,112,122,130,132,142"
812,19:12,4,4,여의도,8,"13,23,33,53,73,93,103,123"
812,19:12,5,5,김포공항,10,"14,24,44,54,64,74,84,94,124,134"
812,19:12,6,6,일산,11,"5,35,45,65,75,85,95,96,115,125,135"
812,19:12,7,7,판교,13,"6,16,26,36,46,55,56,66,76,106,126,136,146"
812,19:12,8,8,동탄/용인,10,"7,47,57,67,77,87,97,107,127,147"
812,19:12,9,9,평택,14,"8,18,28,38,48,58,68,78,88,100,108,128,138,148"
813,19:13,1,1,서울역,6,"37,50,60,80,90,120"
813,19:13,10,10,인천공항,12,"9,19,59,69,79,89,99,109,119,129,139,149"
813,19:13,2,2,수서,9,"11,31,41,71,101,111,121,131,141"
813,19:13,3,3,삼성,10,"2,52,82,92,102,112,122,130,132,142"
813,19:13,4,4,여의도,9,"13,23,33,53,61,73,93,103,123"
813,19:13,5,5,김포공항,13,"14,24,44,49,54,64,74,84,94,104,124,134,144"
813,19:13,6,6,일산,12,"5,35,43,45,65,75,85,95,96,115,125,135"
813,19:13,7,7,판교,12,"6,16,26,36,46,56,66,76,106,126,136,146"
813,19:13,8,8,동탄/용인,11,"7,17,47,57,67,77,87,97,107,127,147"
813,19:13,9,9,평택,14,"8,18,28,38,48,58,68,78,88,98,108,128,138,148"
814,19:14,1,1,서울역,6,"37,50,60,80,90,120"
814,19:14,10,10,인천공항,12,"9,19,59,69,79,89,99,109,119,129,139,149"
814,19:14,2,2,수서,9,"11,31,41,71,101,111,121,131,141"
814,19:14,3,3,삼성,9,"2,52,82,92,102,112,122,132,142"
814,19:14,4,4,여의도,10,"3,13,23,33,53,61,73,93,103,123"
814,19:14,5,5,김포공항,15,"4,14,24,40,44,49,54,64,74,84,94,104,124,134,144"
814,19:14,6,6,일산,14,"5,15,35,43,45,65,75,85,95,96,110,115,125,135"
814,19:14,7,7,판교,13,"6,16,20,26,36,46,56,66,76,106,126,136,146"
814,19:14,8,8,동탄/용인,12,"7,17,47,57,67,77,87,97,107,117,127,147"
814,19:14,9,9,평택,15,"8,18,28,38,48,58,68,78,88,98,108,118,128,138,148"
815,19:15,1,1,서울역,7,"25,37,50,60,80,90,120"
815,19:15,10,10,인천공항,12,"9,19,59,69,79,89,99,109,119,129,139,149"
815,19:15,2,2,수서,9,"11,31,41,71,101,111,121,131,141"
815,19:15,3,3,삼성,12,"2,22,52,62,72,82,92,102,112,122,132,142"
815,19:15,4,4,여의도,11,"3,13,23,33,53,61,73,83,93,103,123"
815,19:15,5,5,김포공항,16,"1,4,14,24,40,44,49,54,64,74,84,94,104,124,134,144"
815,19:15,6,6,일산,14,"5,15,35,43,45,65,75,85,95,96,110,115,125,135"
815,19:15,7,7,판교,13,"6,16,20,26,36,46,56,66,76,106,126,136,146"
815,19:15,8,8,동탄/용인,12,"7,17,47,57,67,77,87,97,107,117,127,147"
815,19:15,9,9,평택,16,"8,18,28,38,48,58,68,78,88,98,108,118,128,137,138,148"
816,19:16,1,1,서울역,6,"25,50,60,80,90,120"
816,19:16,10,10,인천공항,12,"9,19,59,69,79,89,99,109,119,129,139,149"
816,19:16,2,2,수서,11,"11,21,31,41,71,91,101,111,121,131,141"
816,19:16,3,3,삼성,15,"2,22,32,42,52,62,72,82,92,102,112,122,132,140,142"
816,19:16,4,4,여의도,13,"3,13,23,33,53,61,73,83,93,103,123,133,143"
816,19:16,5,5,김포공항,16,"1,4,12,14,24,40,44,54,64,74,84,94,104,124,134,144"
816,19:16,6,6,일산,20,"0,5,15,29,34,35,45,63,65,75,85,95,96,105,110,114,115,125,135,145"
816,19:16,7,7,판교,16,"6,16,20,26,36,46,51,56,66,76,81,86,106,126,136,146"
816,19:16,8,8,동탄/용인,12,"7,17,47,57,67,77,87,97,107,117,127,147"
816,19:16,9,9,평택,16,"8,18,28,38,48,58,68,78,88,98,108,118,128,137,138,148"
817,19:17,1,1,서울역,8,"10,25,50,60,70,80,90,120"
817,19:17,10,10,인천공항,12,"9,19,59,69,79,89,99,109,119,129,139,149"
817,19:17,2,2,수서,11,"11,21,31,41,71,91,101,111,121,131,141"
817,19:17,3,3,삼성,15,"2,22,32,42,52,62,72,82,92,102,112,122,132,140,142"
817,19:17,4,4,여의도,14,"3,13,23,33,53,61,73,83,93,103,113,123,133,143"
817,19:17,5,5,김포공항,15,"1,4,12,14,24,44,54,64,74,84,94,104,124,134,144"
817,19:17,6,6,일산,19,"0,5,15,29,34,35,45,63,65,75,85,95,96,105,114,115,125,135,145"
817,19:17,7,7,판교,16,"6,16,26,36,46,51,56,66,76,81,86,106,116,126,136,146"
817,19:17,8,8,동탄/용인,12,"7,17,47,57,67,77,87,97,107,117,127,147"
817,19:17,9,9,평택,16,"8,18,28,38,48,58,68,78,88,98,108,118,128,137,138,148"
818,19:18,1,1,서울역,8,"10,30,50,60,70,80,90,120"
818,19:18,10,10,인천공항,12,"9,19,59,69,79,89,99,109,119,129,139,149"
818,19:18,2,2,수서,11,"11,21,31,41,71,91,101,111,121,131,141"
818,19:18,3,3,삼성,15,"2,22,32,42,52,62,72,82,92,102,112,122,132,140,142"
818,19:18,4,4,여의도,14,"3,13,23,33,53,61,73,83,93,103,113,123,133,143"
818,19:18,5,5,김포공항,14,"4,12,14,24,44,54,64,74,84,94,104,124,134,144"
818,19:18,6,6,일산,18,"0,5,15,29,34,35,45,63,65,75,85,95,105,114,115,125,135,145"
818,19:18,7,7,판교,16,"6,16,26,36,46,51,56,66,76,81,86,106,116,126,136,146"
818,19:18,8,8,동탄/용인,12,"7,17,47,57,67,77,87,97,107,117,127,147"
818,19:18,9,9,평택,15,"8,18,28,38,48,58,68,78,88,98,108,118,128,138,148"
819,19:19,1,1,서울역,8,"10,30,50,60,70,80,90,120"
819,19:19,10,10,인천공항,13,"9,19,39,59,69,79,89,99,109,119,129,139,149"
819,19:19,2,2,수서,11,"11,21,31,41,71,91,101,111,121,131,141"
819,19:19,3,3,삼성,14,"2,22,32,42,52,62,72,82,92,102,112,122,132,142"
819,19:19,4,4,여의도,13,"3,13,23,33,53,73,83,93,103,113,123,133,143"
819,19:19,5,5,김포공항,13,"4,14,24,44,54,64,74,84,94,104,124,134,144"
819,19:19,6,6,일산,13,"5,15,35,45,65,75,85,95,105,115,125,135,145"
819,19:19,7,7,판교,14,"6,16,26,36,46,56,66,76,86,106,116,126,136,146"
819,19:19,8,8,동탄/용인,12,"7,17,47,57,67,77,87,97,107,117,127,147"
819,19:19,9,9,평택,15,"8,18,28,38,48,58,68,78,88,98,108,118,128,138,148"
820,19:20,1,1,서울역,9,"10,30,50,60,70,80,90,120,130"
820,19:20,10,10,인천공항,13,"9,19,39,59,69,79,89,99,109,119,129,139,149"
820,19:20,2,2,수서,11,"11,21,31,41,71,91,101,111,121,131,141"
820,19:20,3,3,삼성,14,"2,22,32,42,52,62,72,82,92,102,112,122,132,142"
820,19:20,4,4,여의도,13,"3,13,23,33,53,73,83,93,103,113,123,133,143"
820,19:20,5,5,김포공항,13,"4,14,24,44,54,64,74,84,94,104,124,134,144"
820,19:20,6,6,일산,13,"5,15,35,45,65,75,85,95,105,115,125,135,145"
820,19:20,7,7,판교,14,"6,16,26,36,46,56,66,76,86,106,116,126,136,146"
820,19:20,8,8,동탄/용인,13,"7,17,27,47,57,67,77,87,97,107,117,127,147"
820,19:20,9,9,평택,15,"8,18,28,38,48,58,68,78,88,98,108,118,128,138,148"
821,19:21,1,1,서울역,9,"10,30,50,60,70,80,90,120,130"
821,19:21,10,10,인천공항,13,"9,19,39,59,69,79,89,99,109,119,129,139,149"
821,19:21,2,2,수서,11,"11,21,31,41,71,91,101,111,121,131,141"
821,19:21,3,3,삼성,14,"2,22,32,42,52,62,72,82,92,102,112,122,132,142"
821,19:21,4,4,여의도,13,"3,13,23,33,53,73,83,93,103,113,123,133,143"
821,19:21,5,5,김포공항,13,"4,14,24,44,54,64,74,84,94,104,124,134,144"
821,19:21,6,6,일산,13,"5,15,35,45,65,75,85,95,105,115,125,135,145"
821,19:21,7,7,판교,14,"6,16,26,36,46,56,66,76,86,106,116,126,136,146"
821,19:21,8,8,동탄/용인,13,"7,17,27,47,57,67,77,87,97,107,117,127,147"
821,19:21,9,9,평택,15,"8,18,28,38,48,58,68,78,88,98,108,118,128,138,148"
822,19:22,1,1,서울역,9,"10,30,50,60,70,80,90,120,130"
822,19:22,10,10,인천공항,13,"9,19,39,59,69,79,89,99,109,119,129,139,149"
822,19:22,2,2,수서,11,"11,21,31,41,71,91,101,111,121,131,141"
822,19:22,3,3,삼성,14,"2,22,32,42,52,62,72,82,92,102,112,122,132,142"
822,19:22,4,4,여의도,13,"3,13,23,33,53,73,83,93,103,113,123,133,143"
822,19:22,5,5,김포공항,13,"4,14,24,44,54,64,74,84,94,104,124,134,144"
822,19:22,6,6,일산,13,"5,15,35,45,65,75,85,95,105,115,125,135,145"
822,19:22,7,7,판교,14,"6,16,26,36,46,56,66,76,86,106,116,126,136,146"
822,19:22,8,8,동탄/용인,13,"7,17,27,47,57,67,77,87,97,107,117,127,147"
822,19:22,9,9,평택,15,"8,18,28,38,48,58,68,78,88,98,108,118,128,138,148"
823,19:23,1,1,서울역,9,"10,30,50,60,70,80,90,120,130"
823,19:23,10,10,인천공항,13,"9,19,39,59,69,79,89,99,109,119,129,139,149"
823,19:23,2,2,수서,11,"11,21,31,41,71,91,101,111,121,131,141"
823,19:23,3,3,삼성,14,"2,22,32,42,52,62,72,82,92,102,112,122,132,142"
823,19:23,4,4,여의도,14,"3,13,23,33,43,53,73,83,93,103,113,123,133,143"
823,19:23,5,5,김포공항,13,"4,14,24,44,54,64,74,84,94,104,124,134,144"
823,19:23,6,6,일산,13,"5,15,35,45,65,75,85,95,105,115,125,135,145"
823,19:23,7,7,판교,14,"6,16,26,36,46,56,66,76,86,106,116,126,136,146"
823,19:23,8,8,동탄/용인,13,"7,17,27,47,57,67,77,87,97,107,117,127,147"
823,19:23,9,9,평택,15,"8,18,28,38,48,58,68,78,88,98,108,118,128,138,148"
824,19:24,1,1,서울역,11,"10,20,30,50,60,70,80,90,110,120,130"
824,19:24,10,10,인천공항,13,"9,19,39,59,69,79,89,99,109,119,129,139,149"
824,19:24,2,2,수서,11,"11,21,31,41,71,91,101,111,121,131,141"
824,19:24,3,3,삼성,14,"2,22,32,42,52,62,72,82,92,102,112,122,132,142"
824,19:24,4,4,여의도,14,"3,13,23,33,43,53,73,83,93,103,113,123,133,143"
824,19:24,5,5,김포공항,13,"4,14,24,44,54,64,74,84,94,104,124,134,144"
824,19:24,6,6,일산,13,"5,15,35,45,65,75,85,95,105,115,125,135,145"
824,19:24,7,7,판교,14,"6,16,26,36,46,56,66,76,86,106,116,126,136,146"
824,19:24,8,8,동탄/용인,14,"7,17,27,47,57,67,77,87,97,107,117,127,137,147"
824,19:24,9,9,평택,15,"8,18,28,38,48,58,68,78,88,98,108,118,128,138,148"
825,19:25,1,1,서울역,13,"10,20,30,40,50,60,70,80,90,110,120,130,140"
825,19:25,10,10,인천공항,13,"9,19,39,59,69,79,89,99,109,119,129,139,149"
825,19:25,2,2,수서,14,"11,21,31,41,51,61,71,81,91,101,111,121,131,141"
825,19:25,3,3,삼성,14,"2,22,32,42,52,62,72,82,92,102,112,122,132,142"
825,19:25,4,4,여의도,14,"3,13,23,33,43,53,73,83,93,103,113,123,133,143"
825,19:25,5,5,김포공항,13,"4,14,24,44,54,64,74,84,94,104,124,134,144"
825,19:25,6,6,일산,15,"5,15,25,35,45,55,65,75,85,95,105,115,125,135,145"
825,19:25,7,7,판교,14,"6,16,26,36,46,56,66,76,86,106,116,126,136,146"
825,19:25,8,8,동탄/용인,14,"7,17,27,47,57,67,77,87,97,107,117,127,137,147"
825,19:25,9,9,평택,15,"8,18,28,38,48,58,68,78,88,98,108,118,128,138,148"
826,19:26,1,1,서울역,14,"0,10,20,30,40,50,60,70,80,90,110,120,130,140"
826,19:26,10,10,인천공항,14,"9,19,39,49,59,69,79,89,99,109,119,129,139,149"
826,19:26,2,2,수서,15,"1,11,21,31,41,51,61,71,81,91,101,111,121,131,141"
826,19:26,3,3,삼성,14,"2,22,32,42,52,62,72,82,92,102,112,122,132,142"
826,19:26,4,4,여의도,15,"3,13,23,33,43,53,63,73,83,93,103,113,123,133,143"
826,19:26,5,5,김포공항,15,"4,14,24,34,44,54,64,74,84,94,104,114,124,134,144"
826,19:26,6,6,일산,15,"5,15,25,35,45,55,65,75,85,95,105,115,125,135,145"
826,19:26,7,7,판교,14,"6,16,26,36,46,56,66,76,86,106,116,126,136,146"
826,19:26,8,8,동탄/용인,14,"7,17,27,47,57,67,77,87,97,107,117,127,137,147"
826,19:26,9,9,평택,15,"8,18,28,38,48,58,68,78,88,98,108,118,128,138,148"
827,19:27,1,1,서울역,14,"0,10,20,30,40,50,60,70,80,90,110,120,130,140"
827,19:27,10,10,인천공항,14,"9,19,39,49,59,69,79,89,99,109,119,129,139,149"
827,19:27,2,2,수서,15,"1,11,21,31,41,51,61,71,81,91,101,111,121,131,141"
827,19:27,3,3,삼성,15,"2,12,22,32,42,52,62,72,82,92,102,112,122,132,142"
827,19:27,4,4,여의도,15,"3,13,23,33,43,53,63,73,83,93,103,113,123,133,143"
827,19:27,5,5,김포공항,15,"4,14,24,34,44,54,64,74,84,94,104,114,124,134,144"
827,19:27,6,6,일산,15,"5,15,25,35,45,55,65,75,85,95,105,115,125,135,145"
827,19:27,7,7,판교,14,"6,16,26,36,46,56,66,76,86,106,116,126,136,146"
827,19:27,8,8,동탄/용인,14,"7,17,27,47,57,67,77,87,97,107,117,127,137,147"
827,19:27,9,9,평택,15,"8,18,28,38,48,58,68,78,88,98,108,118,128,138,148"
828,19:28,1,1,서울역,14,"0,10,20,30,40,50,60,70,80,90,110,120,130,140"
828,19:28,10,10,인천공항,14,"9,19,39,49,59,69,79,89,99,109,119,129,139,149"
828,19:28,2,2,수서,15,"1,11,21,31,41,51,61,71,81,91,101,111,121,131,141"
828,19:28,3,3,삼성,15,"2,12,22,32,42,52,62,72,82,92,102,112,122,132,142"
828,19:28,4,4,여의도,15,"3,13,23,33,43,53,63,73,83,93,103,113,123,133,143"
828,19:28,5,5,김포공항,15,"4,14,24,34,44,54,64,74,84,94,104,114,124,134,144"
828,19:28,6,6,일산,15,"5,15,25,35,45,55,65,75,85,95,105,115,125,135,145"
828,19:28,7,7,판교,14,"6,16,26,36,46,56,66,76,86,106,116,126,136,146"
828,19:28,8,8,동탄/용인,15,"7,17,27,37,47,57,67,77,87,97,107,117,127,137,147"
828,19:28,9,9,평택,15,"8,18,28,38,48,58,68,78,88,98,108,118,128,138,148"
829,19:29,1,1,서울역,15,"0,10,20,30,40,50,60,70,80,90,100,110,120,130,140"
829,19:29,10,10,인천공항,14,"9,19,39,49,59,69,79,89,99,109,119,129,139,149"
829,19:29,2,2,수서,15,"1,11,21,31,41,51,61,71,81,91,101,111,121,131,141"
829,19:29,3,3,삼성,15,"2,12,22,32,42,52,62,72,82,92,102,112,122,132,142"
829,19:29,4,4,여의도,15,"3,13,23,33,43,53,63,73,83,93,103,113,123,133,143"
829,19:29,5,5,김포공항,15,"4,14,24,34,44,54,64,74,84,94,104,114,124,134,144"
829,19:29,6,6,일산,15,"5,15,25,35,45,55,65,75,85,95,105,115,125,135,145"
829,19:29,7,7,판교,14,"6,16,26,36,46,56,66,76,86,106,116,126,136,146"
829,19:29,8,8,동탄/용인,15,"7,17,27,37,47,57,67,77,87,97,107,117,127,137,147"
829,19:29,9,9,평택,15,"8,18,28,38,48,58,68,78,88,98,108,118,128,138,148"
830,19:30,1,1,서울역,15,"0,10,20,30,40,50,60,70,80,90,100,110,120,130,140"
830,19:30,10,10,인천공항,15,"9,19,29,39,49,59,69,79,89,99,109,119,129,139,149"
830,19:30,2,2,수서,15,"1,11,21,31,41,51,61,71,81,91,101,111,121,131,141"
830,19:30,3,3,삼성,15,"2,12,22,32,42,52,62,72,82,92,102,112,122,132,142"
830,19:30,4,4,여의도,15,"3,13,23,33,43,53,63,73,83,93,103,113,123,133,143"
830,19:30,5,5,김포공항,15,"4,14,24,34,44,54,64,74,84,94,104,114,124,134,144"
830,19:30,6,6,일산,15,"5,15,25,35,45,55,65,75,85,95,105,115,125,135,145"
830,19:30,7,7,판교,15,"6,16,26,36,46,56,66,76,86,96,106,116,126,136,146"
830,19:30,8,8,동탄/용인,15,"7,17,27,37,47,57,67,77,87,97,107,117,127,137,147"
830,19:30,9,9,평택,15,"8,18,28,38,48,58,68,78,88,98,108,118,128,138,148"
