time_min,time_hhmm,route_node_id,physical_node_id,physical_address,vehicle_count,vehicle_ids
0,05:40,1,1,서울역,7,"0,10,20,30,40,50,60"
0,05:40,10,10,인천공항,7,"9,19,29,39,49,59,69"
0,05:40,2,2,수서,7,"1,11,21,31,41,51,61"
0,05:40,3,3,삼성,7,"2,12,22,32,42,52,62"
0,05:40,4,4,여의도,7,"3,13,23,33,43,53,63"
0,05:40,5,5,김포공항,7,"4,14,24,34,44,54,64"
0,05:40,6,6,일산,7,"5,15,25,35,45,55,65"
0,05:40,7,7,판교,7,"6,16,26,36,46,56,66"
0,05:40,8,8,동탄/용인,7,"7,17,27,37,47,57,67"
0,05:40,9,9,평택,7,"8,18,28,38,48,58,68"
1,05:41,1,1,서울역,7,"0,10,20,30,40,50,60"
1,05:41,10,10,인천공항,7,"9,19,29,39,49,59,69"
1,05:41,2,2,수서,7,"1,11,21,31,41,51,61"
1,05:41,3,3,삼성,7,"2,12,22,32,42,52,62"
1,05:41,4,4,여의도,7,"3,13,23,33,43,53,63"
1,05:41,5,5,김포공항,7,"4,14,24,34,44,54,64"
1,05:41,6,6,일산,7,"5,15,25,35,45,55,65"
1,05:41,7,7,판교,7,"6,16,26,36,46,56,66"
1,05:41,8,8,동탄/용인,7,"7,17,27,37,47,57,67"
1,05:41,9,9,평택,7,"8,18,28,38,48,58,68"
2,05:42,1,1,서울역,7,"0,10,20,30,40,50,60"
2,05:42,10,10,인천공항,7,"9,19,29,39,49,59,69"
2,05:42,2,2,수서,7,"1,11,21,31,41,51,61"
2,05:42,3,3,삼성,7,"2,12,22,32,42,52,62"
2,05:42,4,4,여의도,7,"3,13,23,33,43,53,63"
2,05:42,5,5,김포공항,7,"4,14,24,34,44,54,64"
2,05:42,6,6,일산,7,"5,15,25,35,45,55,65"
2,05:42,7,7,판교,7,"6,16,26,36,46,56,66"
2,05:42,8,8,동탄/용인,7,"7,17,27,37,47,57,67"
2,05:42,9,9,평택,7,"8,18,28,38,48,58,68"
3,05:43,1,1,서울역,7,"0,10,20,30,40,50,60"
3,05:43,10,10,인천공항,7,"9,19,29,39,49,59,69"
3,05:43,2,2,수서,7,"1,11,21,31,41,51,61"
3,05:43,3,3,삼성,7,"2,12,22,32,42,52,62"
3,05:43,4,4,여의도,7,"3,13,23,33,43,53,63"
3,05:43,5,5,김포공항,7,"4,14,24,34,44,54,64"
3,05:43,6,6,일산,7,"5,15,25,35,45,55,65"
3,05:43,7,7,판교,7,"6,16,26,36,46,56,66"
3,05:43,8,8,동탄/용인,7,"7,17,27,37,47,57,67"
3,05:43,9,9,평택,7,"8,18,28,38,48,58,68"
4,05:44,1,1,서울역,7,"0,10,20,30,40,50,60"
4,05:44,10,10,인천공항,7,"9,19,29,39,49,59,69"
4,05:44,2,2,수서,7,"1,11,21,31,41,51,61"
4,05:44,3,3,삼성,7,"2,12,22,32,42,52,62"
4,05:44,4,4,여의도,7,"3,13,23,33,43,53,63"
4,05:44,5,5,김포공항,7,"4,14,24,34,44,54,64"
4,05:44,6,6,일산,7,"5,15,25,35,45,55,65"
4,05:44,7,7,판교,7,"6,16,26,36,46,56,66"
4,05:44,8,8,동탄/용인,7,"7,17,27,37,47,57,67"
4,05:44,9,9,평택,7,"8,18,28,38,48,58,68"
5,05:45,1,1,서울역,7,"0,10,20,30,40,50,60"
5,05:45,10,10,인천공항,7,"9,19,29,39,49,59,69"
5,05:45,2,2,수서,7,"1,11,21,31,41,51,61"
5,05:45,3,3,삼성,7,"2,12,22,32,42,52,62"
5,05:45,4,4,여의도,7,"3,13,23,33,43,53,63"
5,05:45,5,5,김포공항,7,"4,14,24,34,44,54,64"
5,05:45,6,6,일산,7,"5,15,25,35,45,55,65"
5,05:45,7,7,판교,7,"6,16,26,36,46,56,66"
5,05:45,8,8,동탄/용인,7,"7,17,27,37,47,57,67"
5,05:45,9,9,평택,7,"8,18,28,38,48,58,68"
6,05:46,1,1,서울역,7,"0,10,20,30,40,50,60"
6,05:46,10,10,인천공항,7,"9,19,29,39,49,59,69"
6,05:46,2,2,수서,7,"1,11,21,31,41,51,61"
6,05:46,3,3,삼성,7,"2,12,22,32,42,52,62"
6,05:46,4,4,여의도,7,"3,13,23,33,43,53,63"
6,05:46,5,5,김포공항,7,"4,14,24,34,44,54,64"
6,05:46,6,6,일산,7,"5,15,25,35,45,55,65"
6,05:46,7,7,판교,7,"6,16,26,36,46,56,66"
6,05:46,8,8,동탄/용인,7,"7,17,27,37,47,57,67"
6,05:46,9,9,평택,7,"8,18,28,38,48,58,68"
7,05:47,1,1,서울역,7,"0,10,20,30,40,50,60"
7,05:47,10,10,인천공항,7,"9,19,29,39,49,59,69"
7,05:47,2,2,수서,7,"1,11,21,31,41,51,61"
7,05:47,3,3,삼성,7,"2,12,22,32,42,52,62"
7,05:47,4,4,여의도,7,"3,13,23,33,43,53,63"
7,05:47,5,5,김포공항,7,"4,14,24,34,44,54,64"
7,05:47,6,6,일산,7,"5,15,25,35,45,55,65"
7,05:47,7,7,판교,7,"6,16,26,36,46,56,66"
7,05:47,8,8,동탄/용인,7,"7,17,27,37,47,57,67"
7,05:47,9,9,평택,7,"8,18,28,38,48,58,68"
8,05:48,1,1,서울역,7,"0,10,20,30,40,50,60"
8,05:48,10,10,인천공항,7,"9,19,29,39,49,59,69"
8,05:48,2,2,수서,7,"1,11,21,31,41,51,61"
8,05:48,3,3,삼성,7,"2,12,22,32,42,52,62"
8,05:48,4,4,여의도,7,"3,13,23,33,43,53,63"
8,05:48,5,5,김포공항,7,"4,14,24,34,44,54,64"
8,05:48,6,6,일산,7,"5,15,25,35,45,55,65"
8,05:48,7,7,판교,7,"6,16,26,36,46,56,66"
8,05:48,8,8,동탄/용인,7,"7,17,27,37,47,57,67"
8,05:48,9,9,평택,7,"8,18,28,38,48,58,68"
9,05:49,1,1,서울역,7,"0,10,20,30,40,50,60"
9,05:49,10,10,인천공항,7,"9,19,29,39,49,59,69"
9,05:49,2,2,수서,7,"1,11,21,31,41,51,61"
9,05:49,3,3,삼성,7,"2,12,22,32,42,52,62"
9,05:49,4,4,여의도,7,"3,13,23,33,43,53,63"
9,05:49,5,5,김포공항,7,"4,14,24,34,44,54,64"
9,05:49,6,6,일산,7,"5,15,25,35,45,55,65"
9,05:49,7,7,판교,7,"6,16,26,36,46,56,66"
9,05:49,8,8,동탄/용인,7,"7,17,27,37,47,57,67"
9,05:49,9,9,평택,7,"8,18,28,38,48,58,68"
10,05:50,1,1,서울역,7,"0,10,20,30,40,50,60"
10,05:50,10,10,인천공항,7,"9,19,29,39,49,59,69"
10,05:50,2,2,수서,7,"1,11,21,31,41,51,61"
10,05:50,3,3,삼성,7,"2,12,22,32,42,52,62"
10,05:50,4,4,여의도,7,"3,13,23,33,43,53,63"
10,05:50,5,5,김포공항,7,"4,14,24,34,44,54,64"
10,05:50,6,6,일산,7,"5,15,25,35,45,55,65"
10,05:50,7,7,판교,7,"6,16,26,36,46,56,66"
10,05:50,8,8,동탄/용인,7,"7,17,27,37,47,57,67"
10,05:50,9,9,평택,7,"8,18,28,38,48,58,68"
11,05:51,1,1,서울역,7,"0,10,20,30,40,50,60"
11,05:51,10,10,인천공항,7,"9,19,29,39,49,59,69"
11,05:51,2,2,수서,7,"1,11,21,31,41,51,61"
11,05:51,3,3,삼성,7,"2,12,22,32,42,52,62"
11,05:51,4,4,여의도,7,"3,13,23,33,43,53,63"
11,05:51,5,5,김포공항,7,"4,14,24,34,44,54,64"
11,05:51,6,6,일산,7,"5,15,25,35,45,55,65"
11,05:51,7,7,판교,7,"6,16,26,36,46,56,66"
11,05:51,8,8,동탄/용인,7,"7,17,27,37,47,57,67"
11,05:51,9,9,평택,7,"8,18,28,38,48,58,68"
12,05:52,1,1,서울역,7,"0,10,20,30,40,50,60"
12,05:52,10,10,인천공항,7,"9,19,29,39,49,59,69"
12,05:52,2,2,수서,7,"1,11,21,31,41,51,61"
12,05:52,3,3,삼성,7,"2,12,22,32,42,52,62"
12,05:52,4,4,여의도,7,"3,13,23,33,43,53,63"
12,05:52,5,5,김포공항,7,"4,14,24,34,44,54,64"
12,05:52,6,6,일산,7,"5,15,25,35,45,55,65"
12,05:52,7,7,판교,7,"6,16,26,36,46,56,66"
12,05:52,8,8,동탄/용인,7,"7,17,27,37,47,57,67"
12,05:52,9,9,평택,7,"8,18,28,38,48,58,68"
13,05:53,1,1,서울역,7,"0,10,20,30,40,50,60"
13,05:53,10,10,인천공항,7,"9,19,29,39,49,59,69"
13,05:53,2,2,수서,7,"1,11,21,31,41,51,61"
13,05:53,3,3,삼성,7,"2,12,22,32,42,52,62"
13,05:53,4,4,여의도,7,"3,13,23,33,43,53,63"
13,05:53,5,5,김포공항,7,"4,14,24,34,44,54,64"
13,05:53,6,6,일산,7,"5,15,25,35,45,55,65"
13,05:53,7,7,판교,7,"6,16,26,36,46,56,66"
13,05:53,8,8,동탄/용인,7,"7,17,27,37,47,57,67"
13,05:53,9,9,평택,7,"8,18,28,38,48,58,68"
14,05:54,1,1,서울역,7,"0,10,20,30,40,50,60"
14,05:54,10,10,인천공항,7,"9,19,29,39,49,59,69"
14,05:54,2,2,수서,7,"1,11,21,31,41,51,61"
14,05:54,3,3,삼성,7,"2,12,22,32,42,52,62"
14,05:54,4,4,여의도,7,"3,13,23,33,43,53,63"
14,05:54,5,5,김포공항,7,"4,14,24,34,44,54,64"
14,05:54,6,6,일산,7,"5,15,25,35,45,55,65"
14,05:54,7,7,판교,7,"6,16,26,36,46,56,66"
14,05:54,8,8,동탄/용인,7,"7,17,27,37,47,57,67"
14,05:54,9,9,평택,7,"8,18,28,38,48,58,68"
15,05:55,1,1,서울역,7,"0,10,20,30,40,50,60"
15,05:55,10,10,인천공항,7,"9,19,29,39,49,59,69"
15,05:55,2,2,수서,7,"1,11,21,31,41,51,61"
15,05:55,3,3,삼성,7,"2,12,22,32,42,52,62"
15,05:55,4,4,여의도,7,"3,13,23,33,43,53,63"
15,05:55,5,5,김포공항,7,"4,14,24,34,44,54,64"
15,05:55,6,6,일산,7,"5,15,25,35,45,55,65"
15,05:55,7,7,판교,7,"6,16,26,36,46,56,66"
15,05:55,8,8,동탄/용인,7,"7,17,27,37,47,57,67"
15,05:55,9,9,평택,7,"8,18,28,38,48,58,68"
16,05:56,1,1,서울역,7,"0,10,20,30,40,50,60"
16,05:56,10,10,인천공항,7,"9,19,29,39,49,59,69"
16,05:56,2,2,수서,7,"1,11,21,31,41,51,61"
16,05:56,3,3,삼성,7,"2,12,22,32,42,52,62"
16,05:56,4,4,여의도,7,"3,13,23,33,43,53,63"
16,05:56,5,5,김포공항,7,"4,14,24,34,44,54,64"
16,05:56,6,6,일산,7,"5,15,25,35,45,55,65"
16,05:56,7,7,판교,7,"6,16,26,36,46,56,66"
16,05:56,8,8,동탄/용인,7,"7,17,27,37,47,57,67"
16,05:56,9,9,평택,7,"8,18,28,38,48,58,68"
17,05:57,1,1,서울역,7,"0,10,20,30,40,50,60"
17,05:57,10,10,인천공항,7,"9,19,29,39,49,59,69"
17,05:57,2,2,수서,7,"1,11,21,31,41,51,61"
17,05:57,3,3,삼성,7,"2,12,22,32,42,52,62"
17,05:57,4,4,여의도,7,"3,13,23,33,43,53,63"
17,05:57,5,5,김포공항,7,"4,14,24,34,44,54,64"
17,05:57,6,6,일산,7,"5,15,25,35,45,55,65"
17,05:57,7,7,판교,7,"6,16,26,36,46,56,66"
17,05:57,8,8,동탄/용인,7,"7,17,27,37,47,57,67"
17,05:57,9,9,평택,7,"8,18,28,38,48,58,68"
18,05:58,1,1,서울역,7,"0,10,20,30,40,50,60"
18,05:58,10,10,인천공항,7,"9,19,29,39,49,59,69"
18,05:58,2,2,수서,7,"1,11,21,31,41,51,61"
18,05:58,3,3,삼성,7,"2,12,22,32,42,52,62"
18,05:58,4,4,여의도,7,"3,13,23,33,43,53,63"
18,05:58,5,5,김포공항,7,"4,14,24,34,44,54,64"
18,05:58,6,6,일산,7,"5,15,25,35,45,55,65"
18,05:58,7,7,판교,7,"6,16,26,36,46,56,66"
18,05:58,8,8,동탄/용인,7,"7,17,27,37,47,57,67"
18,05:58,9,9,평택,7,"8,18,28,38,48,58,68"
19,05:59,1,1,서울역,7,"0,10,20,30,40,50,60"
19,05:59,10,10,인천공항,7,"9,19,29,39,49,59,69"
19,05:59,2,2,수서,7,"1,11,21,31,41,51,61"
19,05:59,3,3,삼성,7,"2,12,22,32,42,52,62"
19,05:59,4,4,여의도,7,"3,13,23,33,43,53,63"
19,05:59,5,5,김포공항,7,"4,14,24,34,44,54,64"
19,05:59,6,6,일산,7,"5,15,25,35,45,55,65"
19,05:59,7,7,판교,7,"6,16,26,36,46,56,66"
19,05:59,8,8,동탄/용인,7,"7,17,27,37,47,57,67"
19,05:59,9,9,평택,7,"8,18,28,38,48,58,68"
20,06:00,1,1,서울역,7,"0,10,20,30,40,50,60"
20,06:00,10,10,인천공항,7,"9,19,29,39,49,59,69"
20,06:00,2,2,수서,7,"1,11,21,31,41,51,61"
20,06:00,3,3,삼성,7,"2,12,22,32,42,52,62"
20,06:00,4,4,여의도,7,"3,13,23,33,43,53,63"
20,06:00,5,5,김포공항,7,"4,14,24,34,44,54,64"
20,06:00,6,6,일산,7,"5,15,25,35,45,55,65"
20,06:00,7,7,판교,7,"6,16,26,36,46,56,66"
20,06:00,8,8,동탄/용인,7,"7,17,27,37,47,57,67"
20,06:00,9,9,평택,7,"8,18,28,38,48,58,68"
21,06:01,1,1,서울역,7,"0,10,20,30,40,50,60"
21,06:01,10,10,인천공항,7,"9,19,29,39,49,59,69"
21,06:01,2,2,수서,7,"1,11,21,31,41,51,61"
21,06:01,3,3,삼성,7,"2,12,22,32,42,52,62"
21,06:01,4,4,여의도,7,"3,13,23,33,43,53,63"
21,06:01,5,5,김포공항,7,"4,14,24,34,44,54,64"
21,06:01,6,6,일산,7,"5,15,25,35,45,55,65"
21,06:01,7,7,판교,7,"6,16,26,36,46,56,66"
21,06:01,8,8,동탄/용인,7,"7,17,27,37,47,57,67"
21,06:01,9,9,평택,7,"8,18,28,38,48,58,68"
22,06:02,1,1,서울역,7,"0,10,20,30,40,50,60"
22,06:02,10,10,인천공항,7,"9,19,29,39,49,59,69"
22,06:02,2,2,수서,7,"1,11,21,31,41,51,61"
22,06:02,3,3,삼성,7,"2,12,22,32,42,52,62"
22,06:02,4,4,여의도,7,"3,13,23,33,43,53,63"
22,06:02,5,5,김포공항,7,"4,14,24,34,44,54,64"
22,06:02,6,6,일산,7,"5,15,25,35,45,55,65"
22,06:02,7,7,판교,7,"6,16,26,36,46,56,66"
22,06:02,8,8,동탄/용인,7,"7,17,27,37,47,57,67"
22,06:02,9,9,평택,7,"8,18,28,38,48,58,68"
23,06:03,1,1,서울역,7,"0,10,20,30,40,50,60"
23,06:03,10,10,인천공항,7,"9,19,29,39,49,59,69"
23,06:03,2,2,수서,7,"1,11,21,31,41,51,61"
23,06:03,3,3,삼성,7,"2,12,22,32,42,52,62"
23,06:03,4,4,여의도,7,"3,13,23,33,43,53,63"
23,06:03,5,5,김포공항,7,"4,14,24,34,44,54,64"
23,06:03,6,6,일산,7,"5,15,25,35,45,55,65"
23,06:03,7,7,판교,7,"6,16,26,36,46,56,66"
23,06:03,8,8,동탄/용인,7,"7,17,27,37,47,57,67"
23,06:03,9,9,평택,7,"8,18,28,38,48,58,68"
24,06:04,1,1,서울역,7,"0,10,20,30,40,50,60"
24,06:04,10,10,인천공항,7,"9,19,29,39,49,59,69"
24,06:04,2,2,수서,7,"1,11,21,31,41,51,61"
24,06:04,3,3,삼성,7,"2,12,22,32,42,52,62"
24,06:04,4,4,여의도,7,"3,13,23,33,43,53,63"
24,06:04,5,5,김포공항,7,"4,14,24,34,44,54,64"
24,06:04,6,6,일산,7,"5,15,25,35,45,55,65"
24,06:04,7,7,판교,7,"6,16,26,36,46,56,66"
24,06:04,8,8,동탄/용인,7,"7,17,27,37,47,57,67"
24,06:04,9,9,평택,7,"8,18,28,38,48,58,68"
25,06:05,1,1,서울역,7,"0,10,20,30,40,50,60"
25,06:05,10,10,인천공항,7,"9,19,29,39,49,59,69"
25,06:05,2,2,수서,7,"1,11,21,31,41,51,61"
25,06:05,3,3,삼성,7,"2,12,22,32,42,52,62"
25,06:05,4,4,여의도,7,"3,13,23,33,43,53,63"
25,06:05,5,5,김포공항,7,"4,14,24,34,44,54,64"
25,06:05,6,6,일산,6,"5,25,35,45,55,65"
25,06:05,7,7,판교,7,"6,16,26,36,46,56,66"
25,06:05,8,8,동탄/용인,7,"7,17,27,37,47,57,67"
25,06:05,9,9,평택,7,"8,18,28,38,48,58,68"
26,06:06,1,1,서울역,7,"0,10,20,30,40,50,60"
26,06:06,10,10,인천공항,7,"9,19,29,39,49,59,69"
26,06:06,2,2,수서,7,"1,11,21,31,41,51,61"
26,06:06,3,3,삼성,7,"2,12,22,32,42,52,62"
26,06:06,4,4,여의도,7,"3,13,23,33,43,53,63"
26,06:06,5,5,김포공항,7,"4,14,24,34,44,54,64"
26,06:06,6,6,일산,6,"5,25,35,45,55,65"
26,06:06,7,7,판교,7,"6,16,26,36,46,56,66"
26,06:06,8,8,동탄/용인,7,"7,17,27,37,47,57,67"
26,06:06,9,9,평택,7,"8,18,28,38,48,58,68"
27,06:07,1,1,서울역,7,"0,10,20,30,40,50,60"
27,06:07,10,10,인천공항,7,"9,19,29,39,49,59,69"
27,06:07,2,2,수서,7,"1,11,21,31,41,51,61"
27,06:07,3,3,삼성,7,"2,12,22,32,42,52,62"
27,06:07,4,4,여의도,7,"3,13,23,33,43,53,63"
27,06:07,5,5,김포공항,7,"4,14,24,34,44,54,64"
27,06:07,6,6,일산,5,"5,25,45,55,65"
27,06:07,7,7,판교,6,"16,26,36,46,56,66"
27,06:07,8,8,동탄/용인,7,"7,17,27,37,47,57,67"
27,06:07,9,9,평택,7,"8,18,28,38,48,58,68"
28,06:08,1,1,서울역,7,"0,10,20,30,40,50,60"
28,06:08,10,10,인천공항,7,"9,19,29,39,49,59,69"
28,06:08,2,2,수서,7,"1,11,21,31,41,51,61"
28,06:08,3,3,삼성,7,"2,12,22,32,42,52,62"
28,06:08,4,4,여의도,7,"3,13,23,33,43,53,63"
28,06:08,5,5,김포공항,7,"4,14,24,34,44,54,64"
28,06:08,6,6,일산,5,"5,25,45,55,65"
28,06:08,7,7,판교,6,"16,26,36,46,56,66"
28,06:08,8,8,동탄/용인,7,"7,17,27,37,47,57,67"
28,06:08,9,9,평택,7,"8,18,28,38,48,58,68"
29,06:09,1,1,서울역,7,"0,10,20,30,40,50,60"
29,06:09,10,10,인천공항,7,"9,19,29,39,49,59,69"
29,06:09,2,2,수서,7,"1,11,21,31,41,51,61"
29,06:09,3,3,삼성,7,"2,12,22,32,42,52,62"
29,06:09,4,4,여의도,6,"13,23,33,43,53,63"
29,06:09,5,5,김포공항,7,"4,14,24,34,44,54,64"
29,06:09,6,6,일산,5,"5,25,45,55,65"
29,06:09,7,7,판교,6,"16,26,36,46,56,66"
29,06:09,8,8,동탄/용인,7,"7,17,27,37,47,57,67"
29,06:09,9,9,평택,7,"8,18,28,38,48,58,68"
30,06:10,1,1,서울역,7,"0,10,20,30,40,50,60"
30,06:10,10,10,인천공항,7,"9,19,29,39,49,59,69"
30,06:10,2,2,수서,7,"1,11,21,31,41,51,61"
30,06:10,3,3,삼성,7,"2,12,22,32,42,52,62"
30,06:10,4,4,여의도,6,"13,23,33,43,53,63"
30,06:10,5,5,김포공항,7,"4,14,24,34,44,54,64"
30,06:10,6,6,일산,5,"5,25,45,55,65"
30,06:10,7,7,판교,6,"16,26,36,46,56,66"
30,06:10,8,8,동탄/용인,7,"7,17,27,37,47,57,67"
30,06:10,9,9,평택,6,"18,28,38,48,58,68"
31,06:11,1,1,서울역,7,"0,10,20,30,40,50,60"
31,06:11,10,10,인천공항,7,"9,19,29,39,49,59,69"
31,06:11,2,2,수서,7,"1,11,21,31,41,51,61"
31,06:11,3,3,삼성,7,"2,12,22,32,42,52,62"
31,06:11,4,4,여의도,6,"13,23,33,43,53,63"
31,06:11,5,5,김포공항,7,"4,14,24,34,44,54,64"
31,06:11,6,6,일산,5,"5,25,45,55,65"
31,06:11,7,7,판교,6,"16,26,36,46,56,66"
31,06:11,8,8,동탄/용인,7,"7,17,27,37,47,57,67"
31,06:11,9,9,평택,6,"18,28,38,48,58,68"
32,06:12,1,1,서울역,7,"0,10,20,30,40,50,60"
32,06:12,10,10,인천공항,6,"9,29,39,49,59,69"
32,06:12,2,2,수서,7,"1,11,21,31,41,51,61"
32,06:12,3,3,삼성,7,"2,12,22,32,42,52,62"
32,06:12,4,4,여의도,6,"13,23,33,43,53,63"
32,06:12,5,5,김포공항,7,"4,14,24,34,44,54,64"
32,06:12,6,6,일산,5,"5,25,45,55,65"
32,06:12,7,7,판교,6,"16,26,36,46,56,66"
32,06:12,8,8,동탄/용인,7,"7,17,27,37,47,57,67"
32,06:12,9,9,평택,6,"18,28,38,48,58,68"
33,06:13,1,1,서울역,7,"0,10,20,30,40,50,60"
33,06:13,10,10,인천공항,5,"29,39,49,59,69"
33,06:13,2,2,수서,7,"1,11,21,31,41,51,61"
33,06:13,3,3,삼성,7,"2,12,22,32,42,52,62"
33,06:13,4,4,여의도,6,"13,23,33,43,53,63"
33,06:13,5,5,김포공항,7,"4,14,24,34,44,54,64"
33,06:13,6,6,일산,5,"5,25,45,55,65"
33,06:13,7,7,판교,6,"16,26,36,46,56,66"
33,06:13,8,8,동탄/용인,7,"7,17,27,37,47,57,67"
33,06:13,9,9,평택,6,"18,28,38,48,58,68"
34,06:14,1,1,서울역,7,"0,10,20,30,40,50,60"
34,06:14,10,10,인천공항,5,"29,39,49,59,69"
34,06:14,2,2,수서,7,"1,11,21,31,41,51,61"
34,06:14,3,3,삼성,7,"2,12,22,32,42,52,62"
34,06:14,4,4,여의도,6,"13,23,33,43,53,63"
34,06:14,5,5,김포공항,7,"4,14,24,34,44,54,64"
34,06:14,6,6,일산,5,"5,25,45,55,65"
34,06:14,7,7,판교,6,"16,26,36,46,56,66"
34,06:14,8,8,동탄/용인,7,"7,17,27,37,47,57,67"
34,06:14,9,9,평택,6,"18,28,38,48,58,68"
35,06:15,1,1,서울역,7,"0,10,20,30,40,50,60"
35,06:15,10,10,인천공항,5,"29,39,49,59,69"
35,06:15,2,2,수서,7,"1,11,21,31,41,51,61"
35,06:15,3,3,삼성,7,"2,12,22,32,42,52,62"
35,06:15,4,4,여의도,6,"13,23,33,43,53,63"
35,06:15,5,5,김포공항,7,"4,14,24,34,44,54,64"
35,06:15,6,6,일산,4,"5,45,55,65"
35,06:15,7,7,판교,6,"16,26,36,46,56,66"
35,06:15,8,8,동탄/용인,7,"7,17,27,37,47,57,67"
35,06:15,9,9,평택,6,"18,28,38,48,58,68"
36,06:16,1,1,서울역,7,"0,10,20,30,40,50,60"
36,06:16,10,10,인천공항,5,"29,39,49,59,69"
36,06:16,2,2,수서,8,"1,11,15,21,31,41,51,61"
36,06:16,3,3,삼성,7,"2,12,22,32,42,52,62"
36,06:16,4,4,여의도,6,"13,23,33,43,53,63"
36,06:16,5,5,김포공항,7,"4,14,24,34,44,54,64"
36,06:16,6,6,일산,3,"45,55,65"
36,06:16,7,7,판교,6,"16,26,36,46,56,66"
36,06:16,8,8,동탄/용인,7,"7,17,27,37,47,57,67"
36,06:16,9,9,평택,6,"18,28,38,48,58,68"
37,06:17,1,1,서울역,7,"0,10,20,30,40,50,60"
37,06:17,10,10,인천공항,5,"29,39,49,59,69"
37,06:17,2,2,수서,8,"1,11,15,21,31,41,51,61"
37,06:17,3,3,삼성,7,"2,12,22,32,42,52,62"
37,06:17,4,4,여의도,6,"13,23,33,43,53,63"
37,06:17,5,5,김포공항,7,"4,14,24,34,44,54,64"
37,06:17,6,6,일산,3,"45,55,65"
37,06:17,7,7,판교,6,"16,26,36,46,56,66"
37,06:17,8,8,동탄/용인,7,"7,17,27,37,47,57,67"
37,06:17,9,9,평택,6,"18,28,38,48,58,68"
38,06:18,1,1,서울역,7,"0,10,20,30,40,50,60"
38,06:18,10,10,인천공항,5,"29,39,49,59,69"
38,06:18,2,2,수서,8,"1,11,15,21,31,41,51,61"
38,06:18,3,3,삼성,7,"2,12,22,32,42,52,62"
38,06:18,4,4,여의도,6,"13,23,33,43,53,63"
38,06:18,5,5,김포공항,7,"4,14,24,34,44,54,64"
38,06:18,6,6,일산,3,"45,55,65"
38,06:18,7,7,판교,6,"16,26,36,46,56,66"
38,06:18,8,8,동탄/용인,7,"7,17,27,37,47,57,67"
38,06:18,9,9,평택,6,"18,28,38,48,58,68"
39,06:19,1,1,서울역,5,"10,30,40,50,60"
39,06:19,10,10,인천공항,5,"29,39,49,59,69"
39,06:19,2,2,수서,8,"1,11,15,21,31,41,51,61"
39,06:19,3,3,삼성,7,"2,12,22,32,42,52,62"
39,06:19,4,4,여의도,6,"13,23,33,43,53,63"
39,06:19,5,5,김포공항,7,"4,14,24,34,44,54,64"
39,06:19,6,6,일산,3,"45,55,65"
39,06:19,7,7,판교,7,"16,26,35,36,46,56,66"
39,06:19,8,8,동탄/용인,7,"7,17,27,37,47,57,67"
39,06:19,9,9,평택,6,"18,28,38,48,58,68"
40,06:20,1,1,서울역,5,"10,30,40,50,60"
40,06:20,10,10,인천공항,5,"29,39,49,59,69"
40,06:20,2,2,수서,8,"1,11,15,21,31,41,51,61"
40,06:20,3,3,삼성,7,"2,12,22,32,42,52,62"
40,06:20,4,4,여의도,6,"13,23,33,43,53,63"
40,06:20,5,5,김포공항,6,"14,24,34,44,54,64"
40,06:20,6,6,일산,3,"45,55,65"
40,06:20,7,7,판교,7,"16,26,35,36,46,56,66"
40,06:20,8,8,동탄/용인,7,"7,17,27,37,47,57,67"
40,06:20,9,9,평택,6,"18,28,38,48,58,68"
41,06:21,1,1,서울역,5,"10,30,40,50,60"
41,06:21,10,10,인천공항,5,"29,39,49,59,69"
41,06:21,2,2,수서,8,"1,11,15,21,31,41,51,61"
41,06:21,3,3,삼성,7,"2,12,22,32,42,52,62"
41,06:21,4,4,여의도,6,"13,23,33,43,53,63"
41,06:21,5,5,김포공항,6,"14,24,34,44,54,64"
41,06:21,6,6,일산,3,"45,55,65"
41,06:21,7,7,판교,7,"16,26,35,36,46,56,66"
41,06:21,8,8,동탄/용인,7,"7,17,27,37,47,57,67"
41,06:21,9,9,평택,6,"18,28,38,48,58,68"
42,06:22,1,1,서울역,5,"10,30,40,50,60"
42,06:22,10,10,인천공항,5,"29,39,49,59,69"
42,06:22,2,2,수서,8,"1,11,15,21,31,41,51,61"
42,06:22,3,3,삼성,7,"2,12,22,32,42,52,62"
42,06:22,4,4,여의도,6,"13,23,33,43,53,63"
42,06:22,5,5,김포공항,6,"14,24,34,44,54,64"
42,06:22,6,6,일산,3,"45,55,65"
42,06:22,7,7,판교,7,"16,26,35,36,46,56,66"
42,06:22,8,8,동탄/용인,7,"7,17,27,37,47,57,67"
42,06:22,9,9,평택,6,"18,28,38,48,58,68"
43,06:23,1,1,서울역,5,"10,30,40,50,60"
43,06:23,10,10,인천공항,6,"6,29,39,49,59,69"
43,06:23,2,2,수서,7,"11,15,21,31,41,51,61"
43,06:23,3,3,삼성,6,"12,22,32,42,52,62"
43,06:23,4,4,여의도,6,"13,23,33,43,53,63"
43,06:23,5,5,김포공항,6,"14,24,34,44,54,64"
43,06:23,6,6,일산,2,"45,65"
43,06:23,7,7,판교,7,"16,26,35,36,46,56,66"
43,06:23,8,8,동탄/용인,7,"7,17,27,37,47,57,67"
43,06:23,9,9,평택,6,"18,28,38,48,58,68"
44,06:24,1,1,서울역,5,"10,30,40,50,60"
44,06:24,10,10,인천공항,6,"6,29,39,49,59,69"
44,06:24,2,2,수서,7,"11,15,21,31,41,51,61"
44,06:24,3,3,삼성,6,"12,22,32,42,52,62"
44,06:24,4,4,여의도,6,"13,23,33,43,53,63"
44,06:24,5,5,김포공항,6,"14,24,34,44,54,64"
44,06:24,6,6,일산,1,65
44,06:24,7,7,판교,7,"16,26,35,36,46,56,66"
44,06:24,8,8,동탄/용인,7,"7,17,27,37,47,57,67"
44,06:24,9,9,평택,7,"3,18,28,38,48,58,68"
45,06:25,1,1,서울역,5,"10,30,40,50,60"
45,06:25,10,10,인천공항,6,"6,29,39,49,59,69"
45,06:25,2,2,수서,7,"11,15,21,31,41,51,61"
45,06:25,3,3,삼성,6,"12,22,32,42,52,62"
45,06:25,4,4,여의도,8,"8,9,13,23,33,43,53,63"
45,06:25,5,5,김포공항,6,"14,24,34,44,54,64"
45,06:25,6,6,일산,1,65
45,06:25,7,7,판교,7,"16,26,35,36,46,56,66"
45,06:25,8,8,동탄/용인,7,"7,17,27,37,47,57,67"
45,06:25,9,9,평택,7,"3,18,28,38,48,58,68"
46,06:26,1,1,서울역,5,"10,30,40,50,60"
46,06:26,10,10,인천공항,7,"6,25,29,39,49,59,69"
46,06:26,2,2,수서,7,"11,15,21,31,41,51,61"
46,06:26,3,3,삼성,6,"12,22,32,42,52,62"
46,06:26,4,4,여의도,8,"8,9,13,23,33,43,53,63"
46,06:26,5,5,김포공항,6,"14,24,34,44,54,64"
46,06:26,6,6,일산,1,65
46,06:26,7,7,판교,7,"16,26,35,36,46,56,66"
46,06:26,8,8,동탄/용인,7,"7,17,27,37,47,57,67"
46,06:26,9,9,평택,7,"3,18,28,38,48,58,68"
47,06:27,1,1,서울역,5,"10,30,40,50,60"
47,06:27,10,10,인천공항,7,"6,25,29,39,49,59,69"
47,06:27,2,2,수서,7,"11,15,21,31,41,51,61"
47,06:27,3,3,삼성,7,"12,19,22,32,42,52,62"
47,06:27,4,4,여의도,8,"8,9,13,23,33,43,53,63"
47,06:27,5,5,김포공항,6,"14,24,34,44,54,64"
47,06:27,6,6,일산,1,65
47,06:27,7,7,판교,7,"16,26,35,36,46,56,66"
47,06:27,8,8,동탄/용인,7,"7,17,27,37,47,57,67"
47,06:27,9,9,평택,7,"3,18,28,38,48,58,68"
48,06:28,1,1,서울역,5,"10,30,40,50,60"
48,06:28,10,10,인천공항,7,"6,25,29,39,49,59,69"
48,06:28,2,2,수서,7,"11,15,21,31,41,51,61"
48,06:28,3,3,삼성,7,"12,19,22,32,42,52,62"
48,06:28,4,4,여의도,8,"8,9,13,23,33,43,53,63"
48,06:28,5,5,김포공항,6,"14,24,34,44,54,64"
48,06:28,6,6,일산,1,65
48,06:28,7,7,판교,8,"5,16,26,35,36,46,56,66"
48,06:28,8,8,동탄/용인,7,"7,17,27,37,47,57,67"
48,06:28,9,9,평택,7,"3,18,28,38,48,58,68"
49,06:29,1,1,서울역,5,"10,30,40,50,60"
49,06:29,10,10,인천공항,7,"6,25,29,39,49,59,69"
49,06:29,2,2,수서,7,"11,15,21,31,41,51,61"
49,06:29,3,3,삼성,7,"12,19,22,32,42,52,62"
49,06:29,4,4,여의도,8,"8,9,13,23,33,43,53,63"
49,06:29,5,5,김포공항,6,"14,24,34,44,54,64"
49,06:29,6,6,일산,1,65
49,06:29,7,7,판교,8,"5,16,26,35,36,46,56,66"
49,06:29,8,8,동탄/용인,7,"7,17,27,37,47,57,67"
49,06:29,9,9,평택,7,"3,18,28,38,48,58,68"
50,06:30,1,1,서울역,5,"10,30,40,50,60"
50,06:30,10,10,인천공항,7,"6,25,29,39,49,59,69"
50,06:30,2,2,수서,7,"11,15,21,31,41,51,61"
50,06:30,3,3,삼성,7,"12,19,22,32,42,52,62"
50,06:30,4,4,여의도,8,"8,9,13,23,33,43,53,63"
50,06:30,5,5,김포공항,6,"14,24,34,44,54,64"
50,06:30,6,6,일산,1,65
50,06:30,7,7,판교,8,"5,16,26,35,36,46,56,66"
50,06:30,8,8,동탄/용인,7,"7,17,27,37,47,57,67"
50,06:30,9,9,평택,7,"3,18,28,38,48,58,68"
51,06:31,1,1,서울역,5,"10,30,40,50,60"
51,06:31,10,10,인천공항,7,"6,25,29,39,49,59,69"
51,06:31,2,2,수서,6,"15,21,31,41,51,61"
51,06:31,3,3,삼성,7,"12,19,22,32,42,52,62"
51,06:31,4,4,여의도,8,"8,9,13,23,33,43,53,63"
51,06:31,5,5,김포공항,6,"14,24,34,44,54,64"
51,06:31,6,6,일산,1,65
51,06:31,7,7,판교,8,"5,16,26,35,36,46,56,66"
51,06:31,8,8,동탄/용인,7,"7,17,27,37,47,57,67"
51,06:31,9,9,평택,7,"3,18,28,38,48,58,68"
52,06:32,1,1,서울역,4,"30,40,50,60"
52,06:32,10,10,인천공항,8,"0,6,25,29,39,49,59,69"
52,06:32,2,2,수서,6,"15,21,31,41,51,61"
52,06:32,3,3,삼성,7,"12,19,22,32,42,52,62"
52,06:32,4,4,여의도,8,"8,9,13,23,33,43,53,63"
52,06:32,5,5,김포공항,6,"14,24,34,44,54,64"
52,06:32,6,6,일산,1,65
52,06:32,7,7,판교,8,"5,16,26,35,36,46,56,66"
52,06:32,8,8,동탄/용인,7,"7,17,27,37,47,57,67"
52,06:32,9,9,평택,7,"3,18,28,38,48,58,68"
53,06:33,1,1,서울역,4,"30,40,50,60"
53,06:33,10,10,인천공항,8,"0,6,25,29,39,49,59,69"
53,06:33,2,2,수서,6,"15,21,31,41,51,61"
53,06:33,3,3,삼성,7,"12,19,22,32,42,52,62"
53,06:33,4,4,여의도,8,"8,9,13,23,33,43,53,63"
53,06:33,5,5,김포공항,6,"14,24,34,44,54,64"
53,06:33,6,6,일산,1,65
53,06:33,7,7,판교,8,"5,16,26,35,36,46,56,66"
53,06:33,8,8,동탄/용인,7,"7,17,27,37,47,57,67"
53,06:33,9,9,평택,7,"3,18,28,38,48,58,68"
54,06:34,1,1,서울역,4,"30,40,50,60"
54,06:34,10,10,인천공항,8,"0,6,25,29,39,49,59,69"
54,06:34,2,2,수서,6,"15,21,31,41,51,61"
54,06:34,3,3,삼성,7,"12,19,22,32,42,52,62"
54,06:34,4,4,여의도,8,"8,9,13,23,33,43,53,63"
54,06:34,5,5,김포공항,6,"14,24,34,44,54,64"
54,06:34,6,6,일산,1,65
54,06:34,7,7,판교,8,"5,16,26,35,36,46,56,66"
54,06:34,8,8,동탄/용인,7,"7,17,27,37,47,57,67"
54,06:34,9,9,평택,7,"3,18,28,38,48,58,68"
55,06:35,1,1,서울역,3,"40,50,60"
55,06:35,10,10,인천공항,8,"0,6,25,29,39,49,59,69"
55,06:35,2,2,수서,6,"15,21,31,41,51,61"
55,06:35,3,3,삼성,7,"12,19,22,32,42,52,62"
55,06:35,4,4,여의도,8,"8,9,13,23,33,43,53,63"
55,06:35,5,5,김포공항,6,"14,24,34,44,54,64"
55,06:35,6,6,일산,1,65
55,06:35,7,7,판교,9,"5,16,26,35,36,46,55,56,66"
55,06:35,8,8,동탄/용인,7,"7,17,27,37,47,57,67"
55,06:35,9,9,평택,8,"3,18,20,28,38,48,58,68"
56,06:36,1,1,서울역,3,"40,50,60"
56,06:36,10,10,인천공항,8,"0,6,25,29,39,49,59,69"
56,06:36,2,2,수서,6,"15,21,31,41,51,61"
56,06:36,3,3,삼성,7,"12,19,22,32,42,52,62"
56,06:36,4,4,여의도,8,"8,9,13,23,33,43,53,63"
56,06:36,5,5,김포공항,6,"14,24,34,44,54,64"
56,06:36,6,6,일산,1,65
56,06:36,7,7,판교,10,"5,16,26,35,36,45,46,55,56,66"
56,06:36,8,8,동탄/용인,7,"7,17,27,37,47,57,67"
56,06:36,9,9,평택,8,"3,18,20,28,38,48,58,68"
57,06:37,1,1,서울역,3,"40,50,60"
57,06:37,10,10,인천공항,8,"0,6,25,29,39,49,59,69"
57,06:37,2,2,수서,6,"15,21,31,41,51,61"
57,06:37,3,3,삼성,7,"12,19,22,32,42,52,62"
57,06:37,4,4,여의도,8,"8,9,13,23,33,43,53,63"
57,06:37,5,5,김포공항,6,"14,24,34,44,54,64"
57,06:37,7,7,판교,10,"5,16,26,35,36,45,46,55,56,66"
57,06:37,8,8,동탄/용인,7,"7,17,27,37,47,57,67"
57,06:37,9,9,평택,10,"1,3,4,18,20,28,38,48,58,68"
58,06:38,1,1,서울역,3,"40,50,60"
58,06:38,10,10,인천공항,9,"0,2,6,25,29,39,49,59,69"
58,06:38,2,2,수서,6,"15,21,31,41,51,61"
58,06:38,3,3,삼성,7,"12,19,22,32,42,52,62"
58,06:38,4,4,여의도,7,"8,13,23,33,43,53,63"
58,06:38,5,5,김포공항,6,"14,24,34,44,54,64"
58,06:38,7,7,판교,10,"5,16,26,35,36,45,46,55,56,66"
58,06:38,8,8,동탄/용인,7,"7,17,27,37,47,57,67"
58,06:38,9,9,평택,10,"1,3,4,18,20,28,38,48,58,68"
59,06:39,1,1,서울역,3,"40,50,60"
59,06:39,10,10,인천공항,9,"0,2,6,25,29,39,49,59,69"
59,06:39,2,2,수서,6,"15,21,31,41,51,61"
59,06:39,3,3,삼성,7,"12,19,22,32,42,52,62"
59,06:39,4,4,여의도,7,"8,13,23,33,43,53,63"
59,06:39,5,5,김포공항,6,"14,24,34,44,54,64"
59,06:39,7,7,판교,10,"5,16,26,35,36,45,46,55,56,66"
59,06:39,8,8,동탄/용인,7,"7,17,27,37,47,57,67"
59,06:39,9,9,평택,10,"1,3,4,18,20,28,38,48,58,68"
60,06:40,1,1,서울역,3,"40,50,60"
60,06:40,10,10,인천공항,8,"0,2,25,29,39,49,59,69"
60,06:40,2,2,수서,6,"15,21,31,41,51,61"
60,06:40,3,3,삼성,7,"12,19,22,32,42,52,62"
60,06:40,4,4,여의도,6,"8,13,33,43,53,63"
60,06:40,5,5,김포공항,6,"14,24,34,44,54,64"
60,06:40,7,7,판교,10,"5,16,26,35,36,45,46,55,56,66"
60,06:40,8,8,동탄/용인,7,"7,17,27,37,47,57,67"
60,06:40,9,9,평택,10,"1,3,4,18,20,28,38,48,58,68"
61,06:41,1,1,서울역,3,"40,50,60"
61,06:41,10,10,인천공항,8,"0,2,25,29,39,49,59,69"
61,06:41,2,2,수서,6,"15,21,31,41,51,61"
61,06:41,3,3,삼성,7,"12,19,22,32,42,52,62"
61,06:41,4,4,여의도,6,"8,13,33,43,53,63"
61,06:41,5,5,김포공항,6,"14,24,34,44,54,64"
61,06:41,7,7,판교,10,"5,16,26,35,36,45,46,55,56,66"
61,06:41,8,8,동탄/용인,7,"7,17,27,37,47,57,67"
61,06:41,9,9,평택,10,"1,3,4,18,20,28,38,48,58,68"
62,06:42,1,1,서울역,3,"40,50,60"
62,06:42,10,10,인천공항,8,"0,2,25,29,39,49,59,69"
62,06:42,2,2,수서,6,"15,21,31,41,51,61"
62,06:42,3,3,삼성,7,"12,19,22,32,42,52,62"
62,06:42,4,4,여의도,6,"8,13,33,43,53,63"
62,06:42,5,5,김포공항,6,"14,24,34,44,54,64"
62,06:42,7,7,판교,10,"5,16,26,35,36,45,46,55,56,66"
62,06:42,8,8,동탄/용인,7,"7,17,27,37,47,57,67"
62,06:42,9,9,평택,10,"1,3,4,18,20,28,38,48,58,68"
63,06:43,1,1,서울역,3,"40,50,60"
63,06:43,10,10,인천공항,7,"2,25,29,39,49,59,69"
63,06:43,2,2,수서,6,"15,21,31,41,51,61"
63,06:43,3,3,삼성,6,"19,22,32,42,52,62"
63,06:43,4,4,여의도,6,"8,13,33,43,53,63"
63,06:43,5,5,김포공항,6,"14,24,34,44,54,64"
63,06:43,7,7,판교,10,"5,16,26,35,36,45,46,55,56,66"
63,06:43,8,8,동탄/용인,7,"7,17,27,37,47,57,67"
63,06:43,9,9,평택,10,"1,3,4,18,20,28,38,48,58,68"
64,06:44,1,1,서울역,3,"40,50,60"
64,06:44,10,10,인천공항,7,"2,25,29,39,49,59,69"
64,06:44,2,2,수서,6,"15,21,31,41,51,61"
64,06:44,3,3,삼성,6,"19,22,32,42,52,62"
64,06:44,4,4,여의도,6,"8,13,33,43,53,63"
64,06:44,5,5,김포공항,6,"14,24,34,44,54,64"
64,06:44,7,7,판교,10,"5,16,26,35,36,45,46,55,56,66"
64,06:44,8,8,동탄/용인,7,"7,17,27,37,47,57,67"
64,06:44,9,9,평택,10,"1,3,4,18,20,28,38,48,58,68"
65,06:45,1,1,서울역,3,"40,50,60"
65,06:45,10,10,인천공항,8,"2,10,25,29,39,49,59,69"
65,06:45,2,2,수서,6,"15,21,31,41,51,61"
65,06:45,3,3,삼성,6,"19,22,32,42,52,62"
65,06:45,4,4,여의도,6,"8,13,33,43,53,63"
65,06:45,5,5,김포공항,6,"14,24,34,44,54,64"
65,06:45,7,7,판교,10,"5,16,26,35,36,45,46,55,56,66"
65,06:45,8,8,동탄/용인,7,"7,17,27,37,47,57,67"
65,06:45,9,9,평택,11,"1,3,4,11,18,20,28,38,48,58,68"
66,06:46,1,1,서울역,3,"40,50,60"
66,06:46,10,10,인천공항,8,"2,10,25,29,39,49,59,69"
66,06:46,2,2,수서,6,"15,21,31,41,51,61"
66,06:46,3,3,삼성,6,"19,22,32,42,52,62"
66,06:46,4,4,여의도,5,"8,13,43,53,63"
66,06:46,5,5,김포공항,6,"14,24,34,44,54,64"
66,06:46,7,7,판교,10,"5,16,26,35,36,45,46,55,56,66"
66,06:46,8,8,동탄/용인,7,"7,17,27,37,47,57,67"
66,06:46,9,9,평택,11,"1,3,4,11,18,20,28,38,48,58,68"
67,06:47,1,1,서울역,3,"40,50,60"
67,06:47,10,10,인천공항,8,"2,10,25,29,39,49,59,69"
67,06:47,2,2,수서,6,"15,21,31,41,51,61"
67,06:47,3,3,삼성,6,"19,22,32,42,52,62"
67,06:47,4,4,여의도,4,"13,43,53,63"
67,06:47,5,5,김포공항,6,"14,24,34,44,54,64"
67,06:47,6,6,일산,1,23
67,06:47,7,7,판교,10,"5,16,26,35,36,45,46,55,56,66"
67,06:47,8,8,동탄/용인,7,"7,17,27,37,47,57,67"
67,06:47,9,9,평택,10,"3,4,11,18,20,28,38,48,58,68"
68,06:48,1,1,서울역,2,"50,60"
68,06:48,10,10,인천공항,9,"2,10,25,29,30,39,49,59,69"
68,06:48,2,2,수서,6,"15,21,31,41,51,61"
68,06:48,3,3,삼성,6,"19,22,32,42,52,62"
68,06:48,4,4,여의도,4,"13,43,53,63"
68,06:48,5,5,김포공항,6,"14,24,34,44,54,64"
68,06:48,6,6,일산,1,23
68,06:48,7,7,판교,10,"5,16,26,35,36,45,46,55,56,66"
68,06:48,8,8,동탄/용인,7,"7,17,27,37,47,57,67"
68,06:48,9,9,평택,10,"3,4,11,18,20,28,38,48,58,68"
69,06:49,1,1,서울역,2,"50,60"
69,06:49,10,10,인천공항,8,"2,10,29,30,39,49,59,69"
69,06:49,2,2,수서,6,"15,21,31,41,51,61"
69,06:49,3,3,삼성,6,"19,22,32,42,52,62"
69,06:49,4,4,여의도,4,"13,43,53,63"
69,06:49,5,5,김포공항,6,"14,24,34,44,54,64"
69,06:49,6,6,일산,1,23
69,06:49,7,7,판교,11,"5,16,26,35,36,45,46,55,56,65,66"
69,06:49,8,8,동탄/용인,7,"7,17,27,37,47,57,67"
69,06:49,9,9,평택,10,"3,4,11,18,20,28,38,48,58,68"
70,06:50,1,1,서울역,2,"50,60"
70,06:50,10,10,인천공항,8,"2,10,29,30,39,49,59,69"
70,06:50,2,2,수서,6,"15,21,31,41,51,61"
70,06:50,3,3,삼성,6,"19,22,32,42,52,62"
70,06:50,4,4,여의도,4,"13,43,53,63"
70,06:50,5,5,김포공항,6,"14,24,34,44,54,64"
70,06:50,7,7,판교,11,"5,16,26,35,36,45,46,55,56,65,66"
70,06:50,8,8,동탄/용인,7,"7,17,27,37,47,57,67"
70,06:50,9,9,평택,10,"3,4,11,18,20,28,38,48,58,68"
71,06:51,1,1,서울역,2,"50,60"
71,06:51,10,10,인천공항,7,"2,10,30,39,49,59,69"
71,06:51,2,2,수서,6,"15,21,31,41,51,61"
71,06:51,3,3,삼성,6,"19,22,32,42,52,62"
71,06:51,4,4,여의도,4,"13,43,53,63"
71,06:51,5,5,김포공항,6,"14,24,34,44,54,64"
71,06:51,7,7,판교,11,"5,16,26,35,36,45,46,55,56,65,66"
71,06:51,8,8,동탄/용인,7,"7,17,27,37,47,57,67"
71,06:51,9,9,평택,10,"3,4,11,18,20,28,38,48,58,68"
72,06:52,1,1,서울역,2,"50,60"
72,06:52,10,10,인천공항,7,"2,10,30,39,49,59,69"
72,06:52,2,2,수서,6,"15,21,31,41,51,61"
72,06:52,3,3,삼성,6,"19,22,32,42,52,62"
72,06:52,4,4,여의도,5,"6,13,43,53,63"
72,06:52,5,5,김포공항,6,"14,24,34,44,54,64"
72,06:52,7,7,판교,11,"5,16,26,35,36,45,46,55,56,65,66"
72,06:52,8,8,동탄/용인,7,"7,17,27,37,47,57,67"
72,06:52,9,9,평택,10,"3,4,11,18,20,28,38,48,58,68"
73,06:53,1,1,서울역,2,"50,60"
73,06:53,10,10,인천공항,7,"2,10,30,39,49,59,69"
73,06:53,2,2,수서,6,"15,21,31,41,51,61"
73,06:53,3,3,삼성,6,"19,22,32,42,52,62"
73,06:53,4,4,여의도,5,"6,13,43,53,63"
73,06:53,5,5,김포공항,6,"14,24,34,44,54,64"
73,06:53,6,6,일산,1,33
73,06:53,7,7,판교,11,"5,16,26,35,36,45,46,55,56,65,66"
73,06:53,8,8,동탄/용인,7,"7,17,27,37,47,57,67"
73,06:53,9,9,평택,11,"3,4,9,11,18,20,28,38,48,58,68"
74,06:54,1,1,서울역,2,"50,60"
74,06:54,10,10,인천공항,6,"10,30,39,49,59,69"
74,06:54,2,2,수서,6,"15,21,31,41,51,61"
74,06:54,3,3,삼성,6,"19,22,32,42,52,62"
74,06:54,4,4,여의도,5,"6,13,43,53,63"
74,06:54,5,5,김포공항,6,"14,24,34,44,54,64"
74,06:54,6,6,일산,1,33
74,06:54,7,7,판교,11,"5,16,26,35,36,45,46,55,56,65,66"
74,06:54,8,8,동탄/용인,7,"7,17,27,37,47,57,67"
74,06:54,9,9,평택,11,"3,4,9,11,18,20,28,38,48,58,68"
75,06:55,1,1,서울역,2,"50,60"
75,06:55,10,10,인천공항,5,"30,39,49,59,69"
75,06:55,2,2,수서,6,"15,21,31,41,51,61"
75,06:55,3,3,삼성,6,"19,22,32,42,52,62"
75,06:55,4,4,여의도,5,"6,13,43,53,63"
75,06:55,5,5,김포공항,6,"14,24,34,44,54,64"
75,06:55,6,6,일산,1,33
75,06:55,7,7,판교,11,"5,16,26,35,36,45,46,55,56,65,66"
75,06:55,8,8,동탄/용인,7,"7,17,27,37,47,57,67"
75,06:55,9,9,평택,11,"3,4,9,11,18,20,28,38,48,58,68"
76,06:56,1,1,서울역,2,"50,60"
76,06:56,10,10,인천공항,5,"30,39,49,59,69"
76,06:56,2,2,수서,6,"15,21,31,41,51,61"
76,06:56,3,3,삼성,6,"19,22,32,42,52,62"
76,06:56,4,4,여의도,4,"6,43,53,63"
76,06:56,5,5,김포공항,6,"14,24,34,44,54,64"
76,06:56,7,7,판교,11,"5,16,26,35,36,45,46,55,56,65,66"
76,06:56,8,8,동탄/용인,7,"7,17,27,37,47,57,67"
76,06:56,9,9,평택,11,"3,4,9,11,18,20,28,38,48,58,68"
77,06:57,1,1,서울역,2,"50,60"
77,06:57,10,10,인천공항,4,"39,49,59,69"
77,06:57,2,2,수서,6,"15,21,31,41,51,61"
77,06:57,3,3,삼성,6,"19,22,32,42,52,62"
77,06:57,4,4,여의도,4,"6,43,53,63"
77,06:57,5,5,김포공항,6,"14,24,34,44,54,64"
77,06:57,7,7,판교,11,"5,16,26,35,36,45,46,55,56,65,66"
77,06:57,8,8,동탄/용인,6,"7,17,37,47,57,67"
77,06:57,9,9,평택,11,"3,4,9,11,18,20,28,38,48,58,68"
78,06:58,1,1,서울역,2,"50,60"
78,06:58,10,10,인천공항,5,"12,39,49,59,69"
78,06:58,2,2,수서,6,"15,21,31,41,51,61"
78,06:58,3,3,삼성,7,"0,19,22,32,42,52,62"
78,06:58,4,4,여의도,4,"6,43,53,63"
78,06:58,5,5,김포공항,6,"14,24,34,44,54,64"
78,06:58,7,7,판교,11,"5,16,26,35,36,45,46,55,56,65,66"
78,06:58,8,8,동탄/용인,6,"7,17,37,47,57,67"
78,06:58,9,9,평택,11,"3,4,9,11,18,20,28,38,48,58,68"
79,06:59,1,1,서울역,2,"50,60"
79,06:59,10,10,인천공항,5,"12,39,49,59,69"
79,06:59,2,2,수서,6,"15,21,31,41,51,61"
79,06:59,3,3,삼성,7,"0,19,22,32,42,52,62"
79,06:59,4,4,여의도,4,"6,43,53,63"
79,06:59,5,5,김포공항,6,"14,24,34,44,54,64"
79,06:59,7,7,판교,11,"5,16,26,35,36,45,46,55,56,65,66"
79,06:59,8,8,동탄/용인,6,"7,17,37,47,57,67"
79,06:59,9,9,평택,11,"3,4,9,11,18,20,28,38,48,58,68"
80,07:00,1,1,서울역,2,"50,60"
80,07:00,10,10,인천공항,5,"12,39,49,59,69"
80,07:00,2,2,수서,6,"15,21,31,41,51,61"
80,07:00,3,3,삼성,7,"0,19,22,32,42,52,62"
80,07:00,4,4,여의도,4,"6,43,53,63"
80,07:00,5,5,김포공항,4,"14,24,54,64"
80,07:00,7,7,판교,11,"5,16,26,35,36,45,46,55,56,65,66"
80,07:00,8,8,동탄/용인,6,"7,17,37,47,57,67"
80,07:00,9,9,평택,11,"3,4,9,11,18,20,28,38,48,58,68"
81,07:01,1,1,서울역,2,"50,60"
81,07:01,10,10,인천공항,6,"12,39,40,49,59,69"
81,07:01,2,2,수서,6,"15,21,31,41,51,61"
81,07:01,3,3,삼성,7,"0,19,22,32,42,52,62"
81,07:01,4,4,여의도,3,"6,53,63"
81,07:01,5,5,김포공항,4,"14,24,54,64"
81,07:01,7,7,판교,11,"5,16,26,35,36,45,46,55,56,65,66"
81,07:01,8,8,동탄/용인,6,"7,17,37,47,57,67"
81,07:01,9,9,평택,11,"3,4,9,11,18,20,28,38,48,58,68"
82,07:02,1,1,서울역,2,"50,60"
82,07:02,10,10,인천공항,6,"12,39,40,49,59,69"
82,07:02,2,2,수서,6,"15,21,31,41,51,61"
82,07:02,3,3,삼성,7,"0,19,22,32,42,52,62"
82,07:02,4,4,여의도,3,"6,53,63"
82,07:02,5,5,김포공항,4,"14,24,54,64"
82,07:02,7,7,판교,12,"5,16,23,26,35,36,45,46,55,56,65,66"
82,07:02,8,8,동탄/용인,6,"7,17,37,47,57,67"
82,07:02,9,9,평택,12,"3,4,8,9,11,18,20,28,38,48,58,68"
83,07:03,1,1,서울역,2,"50,60"
83,07:03,10,10,인천공항,6,"12,39,40,49,59,69"
83,07:03,2,2,수서,6,"15,21,31,41,51,61"
83,07:03,3,3,삼성,7,"0,19,22,32,42,52,62"
83,07:03,4,4,여의도,3,"6,53,63"
83,07:03,5,5,김포공항,4,"14,24,54,64"
83,07:03,7,7,판교,12,"5,16,23,26,35,36,45,46,55,56,65,66"
83,07:03,8,8,동탄/용인,6,"7,17,37,47,57,67"
83,07:03,9,9,평택,12,"3,4,8,9,11,18,20,28,38,48,58,68"
84,07:04,1,1,서울역,2,"50,60"
84,07:04,10,10,인천공항,6,"12,39,40,49,59,69"
84,07:04,2,2,수서,6,"15,21,31,41,51,61"
84,07:04,3,3,삼성,8,"0,19,22,25,32,42,52,62"
84,07:04,4,4,여의도,3,"6,53,63"
84,07:04,5,5,김포공항,3,"14,54,64"
84,07:04,7,7,판교,12,"5,16,23,26,35,36,45,46,55,56,65,66"
84,07:04,8,8,동탄/용인,6,"7,17,37,47,57,67"
84,07:04,9,9,평택,12,"3,4,8,9,11,18,20,28,38,48,58,68"
85,07:05,1,1,서울역,2,"50,60"
85,07:05,10,10,인천공항,6,"12,39,40,49,59,69"
85,07:05,2,2,수서,6,"15,21,31,41,51,61"
85,07:05,3,3,삼성,8,"0,19,22,25,32,42,52,62"
85,07:05,4,4,여의도,3,"6,53,63"
85,07:05,5,5,김포공항,2,"54,64"
85,07:05,7,7,판교,12,"5,16,23,26,35,36,45,46,55,56,65,66"
85,07:05,8,8,동탄/용인,5,"7,37,47,57,67"
85,07:05,9,9,평택,12,"3,4,8,9,11,18,20,28,38,48,58,68"
86,07:06,1,1,서울역,2,"50,60"
86,07:06,10,10,인천공항,7,"1,12,39,40,49,59,69"
86,07:06,2,2,수서,6,"15,21,31,41,51,61"
86,07:06,3,3,삼성,9,"0,19,22,25,29,32,42,52,62"
86,07:06,4,4,여의도,4,"2,6,53,63"
86,07:06,5,5,김포공항,2,"54,64"
86,07:06,7,7,판교,12,"5,16,23,26,35,36,45,46,55,56,65,66"
86,07:06,8,8,동탄/용인,5,"7,37,47,57,67"
86,07:06,9,9,평택,12,"3,4,8,9,11,18,20,28,38,48,58,68"
87,07:07,1,1,서울역,2,"50,60"
87,07:07,10,10,인천공항,7,"1,12,39,40,49,59,69"
87,07:07,2,2,수서,6,"15,21,31,41,51,61"
87,07:07,3,3,삼성,9,"0,19,22,25,29,32,42,52,62"
87,07:07,4,4,여의도,5,"2,6,10,53,63"
87,07:07,5,5,김포공항,2,"54,64"
87,07:07,6,6,일산,2,"34,44"
87,07:07,7,7,판교,12,"5,16,23,26,35,36,45,46,55,56,65,66"
87,07:07,8,8,동탄/용인,5,"7,37,47,57,67"
87,07:07,9,9,평택,12,"3,4,8,9,11,18,20,28,38,48,58,68"
88,07:08,1,1,서울역,2,"50,60"
88,07:08,10,10,인천공항,7,"1,12,39,40,49,59,69"
88,07:08,2,2,수서,6,"15,21,31,41,51,61"
88,07:08,3,3,삼성,9,"0,19,22,25,29,32,42,52,62"
88,07:08,4,4,여의도,6,"2,6,10,27,53,63"
88,07:08,5,5,김포공항,2,"54,64"
88,07:08,6,6,일산,3,"34,43,44"
88,07:08,7,7,판교,13,"5,16,23,26,33,35,36,45,46,55,56,65,66"
88,07:08,8,8,동탄/용인,5,"7,37,47,57,67"
88,07:08,9,9,평택,12,"3,4,8,9,11,18,20,28,38,48,58,68"
89,07:09,1,1,서울역,2,"50,60"
89,07:09,10,10,인천공항,7,"1,12,39,40,49,59,69"
89,07:09,2,2,수서,6,"15,21,31,41,51,61"
89,07:09,3,3,삼성,9,"0,19,22,25,29,32,42,52,62"
89,07:09,4,4,여의도,6,"2,6,10,27,53,63"
89,07:09,5,5,김포공항,2,"54,64"
89,07:09,6,6,일산,3,"34,43,44"
89,07:09,7,7,판교,13,"5,16,23,26,33,35,36,45,46,55,56,65,66"
89,07:09,8,8,동탄/용인,5,"7,37,47,57,67"
89,07:09,9,9,평택,12,"3,4,8,9,11,18,20,28,38,48,58,68"
90,07:10,1,1,서울역,2,"50,60"
90,07:10,10,10,인천공항,6,"1,39,40,49,59,69"
90,07:10,2,2,수서,6,"15,21,31,41,51,61"
90,07:10,3,3,삼성,9,"0,19,22,25,29,32,42,52,62"
90,07:10,4,4,여의도,4,"6,27,53,63"
90,07:10,5,5,김포공항,2,"54,64"
90,07:10,6,6,일산,1,43
90,07:10,7,7,판교,13,"5,16,23,26,33,35,36,45,46,55,56,65,66"
90,07:10,8,8,동탄/용인,5,"7,37,47,57,67"
90,07:10,9,9,평택,12,"3,4,8,9,11,18,20,28,38,48,58,68"
91,07:11,1,1,서울역,2,"50,60"
91,07:11,10,10,인천공항,6,"1,39,40,49,59,69"
91,07:11,2,2,수서,6,"15,21,31,41,51,61"
91,07:11,3,3,삼성,9,"0,19,22,25,29,32,42,52,62"
91,07:11,4,4,여의도,3,"6,53,63"
91,07:11,5,5,김포공항,2,"54,64"
91,07:11,6,6,일산,1,43
91,07:11,7,7,판교,13,"5,16,23,26,33,35,36,45,46,55,56,65,66"
91,07:11,8,8,동탄/용인,5,"7,37,47,57,67"
91,07:11,9,9,평택,13,"3,4,8,9,11,13,18,20,28,38,48,58,68"
92,07:12,1,1,서울역,2,"50,60"
92,07:12,10,10,인천공항,5,"39,40,49,59,69"
92,07:12,2,2,수서,6,"15,21,31,41,51,61"
92,07:12,3,3,삼성,10,"0,19,22,25,29,30,32,42,52,62"
92,07:12,4,4,여의도,3,"6,53,63"
92,07:12,5,5,김포공항,2,"54,64"
92,07:12,6,6,일산,1,43
92,07:12,7,7,판교,13,"5,16,23,26,33,35,36,45,46,55,56,65,66"
92,07:12,8,8,동탄/용인,5,"7,37,47,57,67"
92,07:12,9,9,평택,13,"3,4,8,9,11,13,18,20,28,38,48,58,68"
93,07:13,1,1,서울역,3,"14,50,60"
93,07:13,10,10,인천공항,5,"39,40,49,59,69"
93,07:13,2,2,수서,5,"15,31,41,51,61"
93,07:13,3,3,삼성,10,"0,19,22,25,29,30,32,42,52,62"
93,07:13,4,4,여의도,3,"6,53,63"
93,07:13,5,5,김포공항,2,"54,64"
93,07:13,6,6,일산,1,43
93,07:13,7,7,판교,12,"16,23,26,33,35,36,45,46,55,56,65,66"
93,07:13,8,8,동탄/용인,4,"7,47,57,67"
93,07:13,9,9,평택,13,"3,4,8,9,11,13,18,20,28,38,48,58,68"
94,07:14,1,1,서울역,3,"14,50,60"
94,07:14,10,10,인천공항,5,"39,40,49,59,69"
94,07:14,2,2,수서,4,"15,41,51,61"
94,07:14,3,3,삼성,10,"0,19,22,25,29,30,32,42,52,62"
94,07:14,4,4,여의도,3,"6,53,63"
94,07:14,5,5,김포공항,2,"54,64"
94,07:14,7,7,판교,13,"16,23,24,26,33,35,36,45,46,55,56,65,66"
94,07:14,8,8,동탄/용인,4,"7,47,57,67"
94,07:14,9,9,평택,13,"3,4,8,9,11,13,18,20,28,38,48,58,68"
95,07:15,1,1,서울역,3,"14,50,60"
95,07:15,10,10,인천공항,5,"39,40,49,59,69"
95,07:15,2,2,수서,5,"15,17,41,51,61"
95,07:15,3,3,삼성,10,"0,19,22,25,29,30,32,42,52,62"
95,07:15,4,4,여의도,3,"6,53,63"
95,07:15,5,5,김포공항,2,"54,64"
95,07:15,7,7,판교,13,"16,23,24,26,33,35,36,45,46,55,56,65,66"
95,07:15,8,8,동탄/용인,4,"7,47,57,67"
95,07:15,9,9,평택,13,"3,4,8,9,11,13,18,20,28,38,48,58,68"
96,07:16,1,1,서울역,3,"14,50,60"
96,07:16,10,10,인천공항,5,"39,40,49,59,69"
96,07:16,2,2,수서,4,"15,17,41,61"
96,07:16,3,3,삼성,10,"0,19,22,25,29,30,32,42,52,62"
96,07:16,4,4,여의도,3,"6,53,63"
96,07:16,5,5,김포공항,2,"54,64"
96,07:16,7,7,판교,13,"16,23,24,26,33,35,36,45,46,55,56,65,66"
96,07:16,8,8,동탄/용인,4,"7,47,57,67"
96,07:16,9,9,평택,13,"3,4,8,9,11,13,18,20,28,38,48,58,68"
97,07:17,1,1,서울역,2,"14,60"
97,07:17,10,10,인천공항,4,"40,49,59,69"
97,07:17,2,2,수서,4,"15,17,41,61"
97,07:17,3,3,삼성,10,"0,19,22,25,29,30,32,42,52,62"
97,07:17,4,4,여의도,3,"6,53,63"
97,07:17,5,5,김포공항,2,"54,64"
97,07:17,6,6,일산,2,"2,10"
97,07:17,7,7,판교,13,"16,23,24,26,33,35,36,45,46,55,56,65,66"
97,07:17,8,8,동탄/용인,4,"7,47,57,67"
97,07:17,9,9,평택,13,"3,4,8,9,11,13,18,20,28,38,48,58,68"
98,07:18,1,1,서울역,2,"14,60"
98,07:18,10,10,인천공항,4,"40,49,59,69"
98,07:18,2,2,수서,4,"15,17,41,61"
98,07:18,3,3,삼성,10,"0,19,22,25,29,30,32,42,52,62"
98,07:18,4,4,여의도,3,"6,53,63"
98,07:18,5,5,김포공항,2,"54,64"
98,07:18,6,6,일산,3,"2,10,27"
98,07:18,7,7,판교,13,"16,23,24,26,33,35,36,45,46,55,56,65,66"
98,07:18,8,8,동탄/용인,4,"7,47,57,67"
98,07:18,9,9,평택,13,"3,4,8,9,11,13,18,20,28,38,48,58,68"
99,07:19,1,1,서울역,2,"14,60"
99,07:19,10,10,인천공항,4,"40,49,59,69"
99,07:19,2,2,수서,4,"15,17,41,61"
99,07:19,3,3,삼성,10,"0,19,22,25,29,30,32,42,52,62"
99,07:19,4,4,여의도,4,"6,21,53,63"
99,07:19,5,5,김포공항,2,"54,64"
99,07:19,6,6,일산,3,"2,10,27"
99,07:19,7,7,판교,13,"16,23,24,26,33,35,36,45,46,55,56,65,66"
99,07:19,8,8,동탄/용인,4,"7,47,57,67"
99,07:19,9,9,평택,13,"3,4,8,9,11,13,18,20,28,38,48,58,68"
100,07:20,1,1,서울역,3,"5,14,60"
100,07:20,10,10,인천공항,4,"40,49,59,69"
100,07:20,2,2,수서,4,"15,17,41,61"
100,07:20,3,3,삼성,11,"0,19,22,25,29,30,32,34,42,52,62"
100,07:20,4,4,여의도,5,"6,21,31,53,63"
100,07:20,5,5,김포공항,2,"54,64"
100,07:20,6,6,일산,1,27
100,07:20,7,7,판교,13,"16,23,24,26,33,35,36,45,46,55,56,65,66"
100,07:20,8,8,동탄/용인,4,"7,47,57,67"
100,07:20,9,9,평택,13,"3,4,8,9,11,13,18,20,28,38,48,58,68"
101,07:21,1,1,서울역,3,"5,14,60"
101,07:21,10,10,인천공항,4,"40,49,59,69"
101,07:21,2,2,수서,4,"15,17,41,61"
101,07:21,3,3,삼성,11,"0,19,22,25,29,30,32,34,42,52,62"
101,07:21,4,4,여의도,5,"6,21,31,53,63"
101,07:21,5,5,김포공항,2,"54,64"
101,07:21,7,7,판교,13,"16,23,24,26,33,35,36,45,46,55,56,65,66"
101,07:21,8,8,동탄/용인,3,"7,57,67"
101,07:21,9,9,평택,13,"3,4,8,9,11,13,18,20,28,38,48,58,68"
102,07:22,1,1,서울역,2,"5,60"
102,07:22,10,10,인천공항,4,"40,49,59,69"
102,07:22,2,2,수서,4,"15,17,41,61"
102,07:22,3,3,삼성,11,"0,19,22,25,29,30,32,34,42,52,62"
102,07:22,4,4,여의도,4,"21,31,53,63"
102,07:22,5,5,김포공항,2,"54,64"
102,07:22,7,7,판교,14,"16,23,24,26,33,35,36,44,45,46,55,56,65,66"
102,07:22,8,8,동탄/용인,3,"7,57,67"
102,07:22,9,9,평택,13,"3,4,8,9,11,13,18,20,28,38,48,58,68"
103,07:23,1,1,서울역,1,60
103,07:23,10,10,인천공항,4,"40,49,59,69"
103,07:23,2,2,수서,5,"15,17,37,41,61"
103,07:23,3,3,삼성,11,"0,19,22,25,29,30,32,34,42,52,62"
103,07:23,4,4,여의도,4,"21,31,53,63"
103,07:23,5,5,김포공항,2,"54,64"
103,07:23,7,7,판교,13,"16,23,24,26,35,36,44,45,46,55,56,65,66"
103,07:23,8,8,동탄/용인,3,"7,57,67"
103,07:23,9,9,평택,13,"3,4,8,9,11,13,18,20,28,38,48,58,68"
104,07:24,1,1,서울역,1,60
104,07:24,10,10,인천공항,4,"40,49,59,69"
104,07:24,2,2,수서,4,"15,37,41,61"
104,07:24,3,3,삼성,12,"0,19,22,25,29,30,32,34,42,43,52,62"
104,07:24,4,4,여의도,4,"21,31,53,63"
104,07:24,5,5,김포공항,2,"54,64"
104,07:24,7,7,판교,13,"16,23,24,26,35,36,44,45,46,55,56,65,66"
104,07:24,8,8,동탄/용인,3,"7,57,67"
104,07:24,9,9,평택,13,"3,4,8,9,11,13,18,20,28,38,48,58,68"
105,07:25,1,1,서울역,1,60
105,07:25,10,10,인천공항,4,"40,49,59,69"
105,07:25,2,2,수서,4,"15,37,41,61"
105,07:25,3,3,삼성,12,"0,19,22,25,29,30,32,34,42,43,52,62"
105,07:25,4,4,여의도,4,"21,31,53,63"
105,07:25,5,5,김포공항,2,"54,64"
105,07:25,7,7,판교,13,"16,23,24,26,35,36,44,45,46,55,56,65,66"
105,07:25,8,8,동탄/용인,3,"7,57,67"
105,07:25,9,9,평택,13,"3,4,8,9,11,13,18,20,28,38,48,58,68"
106,07:26,1,1,서울역,1,60
106,07:26,10,10,인천공항,4,"40,49,59,69"
106,07:26,2,2,수서,4,"15,37,41,61"
106,07:26,3,3,삼성,12,"0,19,22,25,29,30,32,34,42,43,52,62"
106,07:26,4,4,여의도,4,"21,31,53,63"
106,07:26,5,5,김포공항,2,"54,64"
106,07:26,7,7,판교,13,"16,23,24,26,35,36,44,45,46,55,56,65,66"
106,07:26,8,8,동탄/용인,2,"57,67"
106,07:26,9,9,평택,13,"3,4,8,9,11,13,18,20,28,38,48,58,68"
107,07:27,1,1,서울역,2,"2,60"
107,07:27,10,10,인천공항,3,"40,59,69"
107,07:27,2,2,수서,4,"15,37,41,61"
107,07:27,3,3,삼성,12,"0,1,19,25,29,30,32,34,42,43,52,62"
107,07:27,4,4,여의도,4,"21,31,53,63"
107,07:27,5,5,김포공항,2,"54,64"
107,07:27,6,6,일산,1,51
107,07:27,7,7,판교,13,"16,23,24,26,35,36,44,45,46,55,56,65,66"
107,07:27,8,8,동탄/용인,2,"57,67"
107,07:27,9,9,평택,13,"3,4,8,9,11,13,18,20,28,38,48,58,68"
108,07:28,1,1,서울역,2,"2,60"
108,07:28,10,10,인천공항,3,"40,59,69"
108,07:28,2,2,수서,4,"15,37,41,61"
108,07:28,3,3,삼성,12,"0,1,19,25,29,30,32,34,42,43,52,62"
108,07:28,4,4,여의도,4,"21,31,53,63"
108,07:28,5,5,김포공항,2,"54,64"
108,07:28,6,6,일산,1,51
108,07:28,7,7,판교,13,"16,23,24,26,35,36,44,45,46,55,56,65,66"
108,07:28,8,8,동탄/용인,2,"57,67"
108,07:28,9,9,평택,13,"3,4,8,9,11,13,18,20,28,38,48,58,68"
109,07:29,1,1,서울역,2,"2,60"
109,07:29,10,10,인천공항,3,"40,59,69"
109,07:29,2,2,수서,4,"15,37,41,61"
109,07:29,3,3,삼성,12,"0,1,19,25,29,30,32,34,42,43,52,62"
109,07:29,4,4,여의도,4,"21,31,53,63"
109,07:29,5,5,김포공항,2,"54,64"
109,07:29,6,6,일산,3,"6,14,51"
109,07:29,7,7,판교,13,"16,23,24,26,35,36,44,45,46,55,56,65,66"
109,07:29,8,8,동탄/용인,2,"57,67"
109,07:29,9,9,평택,14,"3,4,8,9,11,12,13,18,20,28,38,48,58,68"
110,07:30,1,1,서울역,2,"2,60"
110,07:30,10,10,인천공항,3,"40,59,69"
110,07:30,2,2,수서,4,"15,37,41,61"
110,07:30,3,3,삼성,12,"0,1,19,25,29,30,32,34,42,43,52,62"
110,07:30,4,4,여의도,5,"17,21,31,53,63"
110,07:30,5,5,김포공항,2,"54,64"
110,07:30,6,6,일산,4,"5,6,14,51"
110,07:30,7,7,판교,13,"16,23,24,26,35,36,44,45,46,55,56,65,66"
110,07:30,8,8,동탄/용인,2,"57,67"
110,07:30,9,9,평택,14,"3,4,8,9,11,12,13,18,20,28,38,48,58,68"
111,07:31,1,1,서울역,2,"2,60"
111,07:31,10,10,인천공항,3,"40,59,69"
111,07:31,2,2,수서,4,"37,41,47,61"
111,07:31,3,3,삼성,12,"0,1,19,25,29,30,32,34,42,43,52,62"
111,07:31,4,4,여의도,5,"17,21,31,53,63"
111,07:31,5,5,김포공항,2,"54,64"
111,07:31,6,6,일산,4,"5,6,14,51"
111,07:31,7,7,판교,13,"16,23,24,26,35,36,44,45,46,55,56,65,66"
111,07:31,8,8,동탄/용인,2,"57,67"
111,07:31,9,9,평택,14,"3,4,8,9,11,12,13,18,20,28,38,48,58,68"
112,07:32,1,1,서울역,2,"2,60"
112,07:32,10,10,인천공항,3,"40,59,69"
112,07:32,2,2,수서,4,"37,41,47,61"
112,07:32,3,3,삼성,12,"0,1,19,25,29,30,32,34,42,43,52,62"
112,07:32,4,4,여의도,5,"17,21,31,53,63"
112,07:32,5,5,김포공항,2,"54,64"
112,07:32,6,6,일산,3,"5,6,51"
112,07:32,7,7,판교,14,"10,16,23,24,26,35,36,44,45,46,55,56,65,66"
112,07:32,8,8,동탄/용인,2,"57,67"
112,07:32,9,9,평택,14,"3,4,8,9,11,12,13,18,20,28,38,48,58,68"
113,07:33,1,1,서울역,1,60
113,07:33,10,10,인천공항,3,"40,59,69"
113,07:33,2,2,수서,4,"37,41,47,61"
113,07:33,3,3,삼성,12,"0,1,19,25,29,30,32,34,42,43,52,62"
113,07:33,4,4,여의도,5,"17,21,31,53,63"
113,07:33,5,5,김포공항,2,"54,64"
113,07:33,6,6,일산,2,"6,51"
113,07:33,7,7,판교,15,"10,16,23,24,26,27,35,36,44,45,46,55,56,65,66"
113,07:33,8,8,동탄/용인,2,"57,67"
113,07:33,9,9,평택,15,"3,4,8,9,11,12,13,18,20,28,38,48,50,58,68"
114,07:34,1,1,서울역,1,60
114,07:34,10,10,인천공항,2,"40,69"
114,07:34,2,2,수서,4,"37,41,47,61"
114,07:34,3,3,삼성,12,"0,1,19,25,29,30,32,34,42,43,52,62"
114,07:34,4,4,여의도,5,"17,21,31,53,63"
114,07:34,5,5,김포공항,1,64
114,07:34,6,6,일산,2,"6,51"
114,07:34,7,7,판교,14,"10,23,24,26,27,35,36,44,45,46,55,56,65,66"
114,07:34,8,8,동탄/용인,2,"57,67"
114,07:34,9,9,평택,15,"3,4,8,9,11,12,13,18,20,28,38,48,50,58,68"
115,07:35,1,1,서울역,1,60
115,07:35,10,10,인천공항,2,"40,69"
115,07:35,2,2,수서,4,"37,41,47,61"
115,07:35,3,3,삼성,12,"0,1,19,25,29,30,32,34,42,43,52,62"
115,07:35,4,4,여의도,5,"17,21,31,53,63"
115,07:35,5,5,김포공항,1,64
115,07:35,6,6,일산,3,"6,33,51"
115,07:35,7,7,판교,14,"10,23,24,26,27,35,36,44,45,46,55,56,65,66"
115,07:35,8,8,동탄/용인,1,67
115,07:35,9,9,평택,15,"3,4,8,9,11,12,13,18,20,28,38,48,50,58,68"
116,07:36,1,1,서울역,1,60
116,07:36,10,10,인천공항,2,"40,69"
116,07:36,2,2,수서,5,"7,37,41,47,61"
116,07:36,3,3,삼성,12,"0,1,19,25,29,30,32,34,42,43,52,62"
116,07:36,4,4,여의도,5,"17,21,31,53,63"
116,07:36,5,5,김포공항,1,64
116,07:36,6,6,일산,2,"33,51"
116,07:36,7,7,판교,14,"10,23,24,26,27,35,36,44,45,46,55,56,65,66"
116,07:36,9,9,평택,16,"3,4,8,9,11,12,13,18,20,28,38,39,48,50,58,68"
117,07:37,1,1,서울역,1,60
117,07:37,10,10,인천공항,2,"40,69"
117,07:37,2,2,수서,5,"7,37,41,47,61"
117,07:37,3,3,삼성,12,"0,1,19,25,29,30,32,34,42,43,52,62"
117,07:37,4,4,여의도,6,"15,17,21,31,53,63"
117,07:37,5,5,김포공항,1,64
117,07:37,6,6,일산,2,"33,51"
117,07:37,7,7,판교,14,"10,23,24,26,27,35,36,44,45,46,55,56,65,66"
117,07:37,9,9,평택,16,"3,4,8,9,11,12,13,18,20,28,38,39,48,50,58,68"
118,07:38,1,1,서울역,1,60
118,07:38,10,10,인천공항,2,"40,69"
118,07:38,2,2,수서,5,"7,37,41,47,61"
118,07:38,3,3,삼성,12,"0,1,19,25,29,30,32,34,42,43,52,62"
118,07:38,4,4,여의도,6,"15,17,21,31,53,63"
118,07:38,5,5,김포공항,1,64
118,07:38,6,6,일산,2,"33,51"
118,07:38,7,7,판교,14,"10,23,24,26,27,35,36,44,45,46,55,56,65,66"
118,07:38,9,9,평택,16,"3,4,8,9,11,12,13,18,20,28,38,39,48,50,58,68"
119,07:39,1,1,서울역,1,60
119,07:39,10,10,인천공항,2,"40,69"
119,07:39,2,2,수서,5,"7,37,41,47,61"
119,07:39,3,3,삼성,11,"1,19,25,29,30,32,34,42,43,52,62"
119,07:39,4,4,여의도,6,"15,17,21,31,53,63"
119,07:39,5,5,김포공항,1,64
119,07:39,6,6,일산,2,"33,51"
119,07:39,7,7,판교,14,"10,23,24,26,27,35,36,44,45,46,55,56,65,66"
119,07:39,9,9,평택,16,"3,4,8,9,11,12,13,18,20,28,38,39,48,50,58,68"
120,07:40,1,1,서울역,2,"5,60"
120,07:40,10,10,인천공항,2,"40,69"
120,07:40,2,2,수서,5,"7,37,41,47,61"
120,07:40,3,3,삼성,10,"19,25,29,30,32,34,42,43,52,62"
120,07:40,4,4,여의도,6,"15,17,21,31,53,63"
120,07:40,5,5,김포공항,1,64
120,07:40,6,6,일산,2,"33,51"
120,07:40,7,7,판교,14,"10,23,24,26,27,35,36,44,45,46,55,56,65,66"
120,07:40,9,9,평택,15,"3,4,8,11,12,13,18,20,28,38,39,48,50,58,68"
121,07:41,1,1,서울역,2,"5,60"
121,07:41,10,10,인천공항,2,"40,69"
121,07:41,2,2,수서,5,"7,37,41,47,61"
121,07:41,3,3,삼성,10,"19,25,29,30,32,34,42,43,52,62"
121,07:41,4,4,여의도,7,"15,16,17,21,31,53,63"
121,07:41,5,5,김포공항,1,64
121,07:41,6,6,일산,2,"33,51"
121,07:41,7,7,판교,14,"10,23,24,26,27,35,36,44,45,46,55,56,65,66"
121,07:41,9,9,평택,15,"3,4,8,11,12,13,18,20,28,38,39,48,50,58,68"
122,07:42,1,1,서울역,2,"5,60"
122,07:42,10,10,인천공항,2,"40,69"
122,07:42,2,2,수서,5,"7,37,41,47,61"
122,07:42,3,3,삼성,10,"19,25,29,30,32,34,42,43,52,62"
122,07:42,4,4,여의도,6,"15,16,17,21,53,63"
122,07:42,5,5,김포공항,1,64
122,07:42,6,6,일산,2,"33,51"
122,07:42,7,7,판교,13,"10,24,26,27,35,36,44,45,46,55,56,65,66"
122,07:42,9,9,평택,15,"3,4,11,12,13,18,20,22,28,38,39,48,50,58,68"
123,07:43,1,1,서울역,3,"5,6,60"
123,07:43,10,10,인천공항,2,"40,69"
123,07:43,2,2,수서,5,"7,37,41,47,61"
123,07:43,3,3,삼성,10,"19,25,29,30,32,34,42,43,52,62"
123,07:43,4,4,여의도,6,"15,16,17,21,53,63"
123,07:43,5,5,김포공항,1,64
123,07:43,6,6,일산,2,"33,51"
123,07:43,7,7,판교,13,"10,24,26,27,35,36,44,45,46,55,56,65,66"
123,07:43,9,9,평택,15,"3,4,11,12,13,18,20,22,28,38,39,48,50,58,68"
124,07:44,1,1,서울역,3,"5,6,60"
124,07:44,10,10,인천공항,2,"40,69"
124,07:44,2,2,수서,5,"7,37,41,47,61"
124,07:44,3,3,삼성,10,"19,25,29,30,32,34,42,43,52,62"
124,07:44,4,4,여의도,6,"15,16,17,21,53,63"
124,07:44,5,5,김포공항,1,64
124,07:44,6,6,일산,1,33
124,07:44,7,7,판교,15,"10,14,24,26,27,35,36,44,45,46,54,55,56,65,66"
124,07:44,9,9,평택,15,"3,4,11,12,13,18,20,22,28,38,39,48,50,58,68"
125,07:45,1,1,서울역,3,"5,6,60"
125,07:45,10,10,인천공항,2,"40,69"
125,07:45,2,2,수서,6,"7,37,41,47,57,61"
125,07:45,3,3,삼성,9,"19,25,29,30,34,42,43,52,62"
125,07:45,4,4,여의도,6,"15,16,17,21,53,63"
125,07:45,5,5,김포공항,1,64
125,07:45,6,6,일산,1,33
125,07:45,7,7,판교,15,"10,14,24,26,27,35,36,44,45,46,54,55,56,65,66"
125,07:45,9,9,평택,13,"11,12,13,18,20,22,28,38,39,48,50,58,68"
126,07:46,1,1,서울역,3,"5,6,60"
126,07:46,10,10,인천공항,2,"40,69"
126,07:46,2,2,수서,7,"7,37,41,47,57,61,67"
126,07:46,3,3,삼성,9,"19,25,29,30,34,42,43,52,62"
126,07:46,4,4,여의도,6,"15,16,17,21,53,63"
126,07:46,5,5,김포공항,1,64
126,07:46,7,7,판교,14,"10,14,26,27,35,36,44,45,46,54,55,56,65,66"
126,07:46,8,8,동탄/용인,1,9
126,07:46,9,9,평택,14,"11,12,13,18,20,22,28,38,39,48,49,50,58,68"
127,07:47,1,1,서울역,2,"5,6"
127,07:47,10,10,인천공항,2,"40,69"
127,07:47,2,2,수서,7,"7,37,41,47,57,61,67"
127,07:47,3,3,삼성,9,"19,25,29,30,34,42,43,52,62"
127,07:47,4,4,여의도,6,"15,16,17,21,53,63"
127,07:47,5,5,김포공항,1,64
127,07:47,7,7,판교,14,"10,14,26,27,35,36,44,45,46,54,55,56,65,66"
127,07:47,8,8,동탄/용인,1,9
127,07:47,9,9,평택,14,"11,12,13,18,20,22,28,38,39,48,49,50,58,68"
128,07:48,1,1,서울역,2,"5,6"
128,07:48,10,10,인천공항,2,"40,69"
128,07:48,2,2,수서,7,"7,37,41,47,57,61,67"
128,07:48,3,3,삼성,9,"19,25,29,30,34,42,43,52,62"
128,07:48,4,4,여의도,6,"15,16,17,21,53,63"
128,07:48,5,5,김포공항,1,64
128,07:48,7,7,판교,13,"10,14,27,35,36,44,45,46,54,55,56,65,66"
128,07:48,8,8,동탄/용인,1,9
128,07:48,9,9,평택,14,"11,12,13,18,20,22,28,38,39,48,49,50,58,68"
129,07:49,1,1,서울역,2,"5,6"
129,07:49,10,10,인천공항,1,69
129,07:49,2,2,수서,7,"7,37,41,47,57,61,67"
129,07:49,3,3,삼성,9,"19,25,29,30,34,42,43,52,62"
129,07:49,4,4,여의도,6,"15,17,21,23,53,63"
129,07:49,5,5,김포공항,1,64
129,07:49,6,6,일산,1,31
129,07:49,7,7,판교,13,"10,14,27,35,36,44,45,46,54,55,56,65,66"
129,07:49,8,8,동탄/용인,2,"0,9"
129,07:49,9,9,평택,15,"2,11,12,13,18,20,22,28,38,39,48,49,50,58,68"
130,07:50,1,1,서울역,2,"5,6"
130,07:50,10,10,인천공항,1,69
130,07:50,2,2,수서,7,"7,37,41,47,57,61,67"
130,07:50,3,3,삼성,9,"19,25,29,30,34,42,43,52,62"
130,07:50,4,4,여의도,6,"15,17,21,23,53,63"
130,07:50,5,5,김포공항,1,64
130,07:50,6,6,일산,1,31
130,07:50,7,7,판교,12,"10,27,35,36,44,45,46,54,55,56,65,66"
130,07:50,8,8,동탄/용인,3,"0,1,9"
130,07:50,9,9,평택,15,"2,11,12,13,18,20,22,28,38,39,48,49,50,58,68"
131,07:51,1,1,서울역,2,"6,51"
131,07:51,10,10,인천공항,1,69
131,07:51,2,2,수서,7,"7,37,41,47,57,61,67"
131,07:51,3,3,삼성,9,"19,25,29,30,34,42,43,52,62"
131,07:51,4,4,여의도,6,"15,17,21,23,53,63"
131,07:51,5,5,김포공항,1,64
131,07:51,6,6,일산,1,31
131,07:51,7,7,판교,12,"10,27,35,36,44,45,46,54,55,56,65,66"
131,07:51,8,8,동탄/용인,3,"0,1,9"
131,07:51,9,9,평택,14,"2,11,12,18,20,22,28,38,39,48,49,50,58,68"
132,07:52,1,1,서울역,2,"6,51"
132,07:52,10,10,인천공항,1,69
132,07:52,2,2,수서,6,"37,41,47,57,61,67"
132,07:52,3,3,삼성,9,"19,25,29,30,34,42,43,52,62"
132,07:52,4,4,여의도,6,"15,17,21,23,53,63"
132,07:52,5,5,김포공항,1,64
132,07:52,6,6,일산,1,31
132,07:52,7,7,판교,11,"27,35,36,44,45,46,54,55,56,65,66"
132,07:52,8,8,동탄/용인,2,"0,1"
132,07:52,9,9,평택,14,"2,11,12,18,20,22,28,38,39,48,49,50,58,68"
133,07:53,1,1,서울역,3,"6,33,51"
133,07:53,10,10,인천공항,1,69
133,07:53,2,2,수서,6,"37,41,47,57,61,67"
133,07:53,3,3,삼성,9,"19,25,29,30,34,42,43,52,62"
133,07:53,4,4,여의도,7,"15,17,21,23,24,53,63"
133,07:53,5,5,김포공항,1,64
133,07:53,6,6,일산,1,31
133,07:53,7,7,판교,11,"27,35,36,44,45,46,54,55,56,65,66"
133,07:53,8,8,동탄/용인,2,"0,1"
133,07:53,9,9,평택,15,"2,11,12,18,20,22,28,38,39,48,49,50,58,59,68"
134,07:54,1,1,서울역,3,"6,33,51"
134,07:54,10,10,인천공항,1,69
134,07:54,2,2,수서,6,"37,41,47,57,61,67"
134,07:54,3,3,삼성,9,"19,25,29,30,34,42,43,52,62"
134,07:54,4,4,여의도,7,"15,17,21,23,24,53,63"
134,07:54,5,5,김포공항,1,64
134,07:54,6,6,일산,2,"31,60"
134,07:54,7,7,판교,11,"27,35,36,44,45,46,54,55,56,65,66"
134,07:54,8,8,동탄/용인,2,"0,1"
134,07:54,9,9,평택,15,"2,11,12,18,20,22,28,38,39,48,49,50,58,59,68"
135,07:55,1,1,서울역,3,"6,33,51"
135,07:55,10,10,인천공항,1,69
135,07:55,2,2,수서,6,"37,41,47,57,61,67"
135,07:55,3,3,삼성,9,"19,25,29,30,34,42,43,52,62"
135,07:55,4,4,여의도,8,"15,17,21,23,24,26,53,63"
135,07:55,5,5,김포공항,2,"16,64"
135,07:55,6,6,일산,1,60
135,07:55,7,7,판교,11,"27,35,36,44,45,46,54,55,56,65,66"
135,07:55,8,8,동탄/용인,2,"1,32"
135,07:55,9,9,평택,15,"2,11,12,18,20,22,28,38,39,48,49,50,58,59,68"
136,07:56,1,1,서울역,3,"6,33,51"
136,07:56,10,10,인천공항,1,69
136,07:56,2,2,수서,6,"37,41,47,57,61,67"
136,07:56,3,3,삼성,9,"19,25,29,30,34,42,43,52,62"
136,07:56,4,4,여의도,8,"15,17,21,23,24,26,53,63"
136,07:56,5,5,김포공항,2,"16,64"
136,07:56,6,6,일산,1,60
136,07:56,7,7,판교,11,"27,35,36,44,45,46,54,55,56,65,66"
136,07:56,8,8,동탄/용인,2,"1,32"
136,07:56,9,9,평택,15,"2,11,12,18,20,22,28,38,39,48,49,50,58,59,68"
137,07:57,1,1,서울역,3,"6,33,51"
137,07:57,10,10,인천공항,1,69
137,07:57,2,2,수서,6,"37,41,47,57,61,67"
137,07:57,3,3,삼성,9,"19,25,29,30,34,42,43,52,62"
137,07:57,4,4,여의도,9,"14,15,17,21,23,24,26,53,63"
137,07:57,5,5,김포공항,2,"16,64"
137,07:57,6,6,일산,1,60
137,07:57,7,7,판교,11,"27,35,36,44,45,46,54,55,56,65,66"
137,07:57,8,8,동탄/용인,2,"1,32"
137,07:57,9,9,평택,15,"2,11,12,18,20,22,28,38,39,48,49,50,58,59,68"
138,07:58,1,1,서울역,3,"6,33,51"
138,07:58,10,10,인천공항,1,69
138,07:58,2,2,수서,6,"37,41,47,57,61,67"
138,07:58,3,3,삼성,9,"19,25,29,30,34,42,43,52,62"
138,07:58,4,4,여의도,10,"7,14,15,17,21,23,24,26,53,63"
138,07:58,5,5,김포공항,1,64
138,07:58,6,6,일산,2,"5,60"
138,07:58,7,7,판교,11,"27,35,36,44,45,46,54,55,56,65,66"
138,07:58,8,8,동탄/용인,2,"1,32"
138,07:58,9,9,평택,15,"2,11,12,18,20,22,28,38,39,48,49,50,58,59,68"
139,07:59,1,1,서울역,4,"6,10,33,51"
139,07:59,10,10,인천공항,1,69
139,07:59,2,2,수서,6,"37,41,47,57,61,67"
139,07:59,3,3,삼성,9,"19,25,29,30,34,42,43,52,62"
139,07:59,4,4,여의도,10,"7,14,15,17,21,23,24,26,53,63"
139,07:59,5,5,김포공항,1,64
139,07:59,6,6,일산,2,"5,60"
139,07:59,7,7,판교,11,"27,35,36,44,45,46,54,55,56,65,66"
139,07:59,8,8,동탄/용인,2,"1,32"
139,07:59,9,9,평택,15,"2,11,12,18,20,22,28,38,39,48,49,50,58,59,68"
140,08:00,1,1,서울역,4,"6,10,33,51"
140,08:00,10,10,인천공항,1,69
140,08:00,2,2,수서,6,"37,41,47,57,61,67"
140,08:00,3,3,삼성,9,"19,25,29,30,34,42,43,52,62"
140,08:00,4,4,여의도,7,"7,15,17,21,23,24,26"
140,08:00,5,5,김포공항,1,64
140,08:00,6,6,일산,2,"5,60"
140,08:00,7,7,판교,10,"27,36,44,45,46,54,55,56,65,66"
140,08:00,8,8,동탄/용인,2,"1,32"
140,08:00,9,9,평택,12,"2,11,12,18,20,38,39,48,50,58,59,68"
141,08:01,1,1,서울역,4,"6,10,33,51"
141,08:01,10,10,인천공항,1,69
141,08:01,2,2,수서,6,"37,41,47,57,61,67"
141,08:01,3,3,삼성,9,"19,25,29,30,34,42,43,52,62"
141,08:01,4,4,여의도,6,"15,17,21,23,24,26"
141,08:01,5,5,김포공항,1,64
141,08:01,6,6,일산,1,60
141,08:01,7,7,판교,10,"27,36,44,45,46,54,55,56,65,66"
141,08:01,8,8,동탄/용인,2,"1,32"
141,08:01,9,9,평택,12,"2,11,12,18,20,38,39,48,50,58,59,68"
142,08:02,1,1,서울역,3,"10,33,51"
142,08:02,2,2,수서,7,"9,37,41,47,57,61,67"
142,08:02,3,3,삼성,9,"19,25,29,30,34,42,43,52,62"
142,08:02,4,4,여의도,5,"17,21,23,24,26"
142,08:02,5,5,김포공항,1,64
142,08:02,6,6,일산,2,"8,60"
142,08:02,7,7,판교,10,"27,36,44,45,46,54,55,56,65,66"
142,08:02,8,8,동탄/용인,2,"1,32"
142,08:02,9,9,평택,11,"2,11,12,18,20,38,39,48,58,59,68"
143,08:03,1,1,서울역,3,"10,33,51"
143,08:03,2,2,수서,5,"9,41,47,57,67"
143,08:03,3,3,삼성,9,"19,25,29,30,34,42,43,52,62"
143,08:03,4,4,여의도,5,"17,21,23,24,26"
143,08:03,5,5,김포공항,1,64
143,08:03,6,6,일산,1,8
143,08:03,7,7,판교,10,"27,36,44,45,46,54,55,56,65,66"
143,08:03,8,8,동탄/용인,1,1
143,08:03,9,9,평택,11,"2,11,12,18,20,38,39,48,58,59,68"
144,08:04,1,1,서울역,3,"10,33,51"
144,08:04,2,2,수서,5,"9,41,47,57,67"
144,08:04,3,3,삼성,10,"19,25,29,30,34,40,42,43,52,62"
144,08:04,4,4,여의도,4,"17,23,24,26"
144,08:04,5,5,김포공항,1,64
144,08:04,6,6,일산,1,8
144,08:04,7,7,판교,10,"27,36,44,45,46,54,55,56,65,66"
144,08:04,8,8,동탄/용인,1,1
144,08:04,9,9,평택,11,"2,11,12,18,20,38,39,48,58,59,68"
145,08:05,1,1,서울역,3,"10,33,51"
145,08:05,2,2,수서,5,"9,41,47,57,67"
145,08:05,3,3,삼성,10,"19,25,29,30,34,40,42,43,52,62"
145,08:05,4,4,여의도,4,"17,23,24,26"
145,08:05,5,5,김포공항,1,64
145,08:05,6,6,일산,3,"3,4,8"
145,08:05,7,7,판교,10,"27,36,44,45,46,54,55,56,65,66"
145,08:05,8,8,동탄/용인,1,1
145,08:05,9,9,평택,10,"2,11,12,18,38,39,48,58,59,68"
146,08:06,1,1,서울역,3,"10,33,51"
146,08:06,2,2,수서,6,"9,16,41,47,57,67"
146,08:06,3,3,삼성,10,"19,25,29,30,34,40,42,43,52,62"
146,08:06,4,4,여의도,5,"0,17,23,24,26"
146,08:06,5,5,김포공항,2,"14,64"
146,08:06,6,6,일산,3,"3,4,8"
146,08:06,7,7,판교,10,"27,36,44,45,46,54,55,56,65,66"
146,08:06,8,8,동탄/용인,4,"1,22,28,49"
146,08:06,9,9,평택,8,"2,12,18,38,48,58,59,68"
147,08:07,1,1,서울역,2,"33,51"
147,08:07,2,2,수서,6,"9,16,41,47,57,67"
147,08:07,3,3,삼성,9,"25,29,30,35,40,42,43,52,62"
147,08:07,4,4,여의도,5,"0,17,23,24,26"
147,08:07,5,5,김포공항,3,"7,14,64"
147,08:07,6,6,일산,5,"3,4,8,53,63"
147,08:07,7,7,판교,9,"27,31,44,46,54,55,56,65,66"
147,08:07,8,8,동탄/용인,4,"1,22,28,49"
147,08:07,9,9,평택,7,"2,12,18,38,48,59,68"
148,08:08,1,1,서울역,3,"5,33,51"
148,08:08,2,2,수서,5,"9,16,47,57,67"
148,08:08,3,3,삼성,9,"25,29,30,35,40,42,43,52,62"
148,08:08,4,4,여의도,4,"0,17,24,26"
148,08:08,5,5,김포공항,4,"7,14,15,64"
148,08:08,6,6,일산,4,"3,4,53,63"
148,08:08,7,7,판교,8,"27,31,44,54,55,56,65,66"
148,08:08,8,8,동탄/용인,4,"22,28,49,50"
148,08:08,9,9,평택,7,"2,12,18,38,48,59,68"
149,08:09,1,1,서울역,3,"5,33,51"
149,08:09,2,2,수서,5,"9,16,47,57,67"
149,08:09,3,3,삼성,9,"25,29,30,35,40,42,43,52,62"
149,08:09,4,4,여의도,4,"0,17,26,37"
149,08:09,5,5,김포공항,2,"7,15"
149,08:09,6,6,일산,5,"3,4,6,53,63"
149,08:09,7,7,판교,8,"27,31,44,54,55,56,65,66"
149,08:09,8,8,동탄/용인,1,50
149,08:09,9,9,평택,6,"2,12,18,48,59,68"
150,08:10,1,1,서울역,3,"5,33,51"
150,08:10,2,2,수서,5,"9,16,47,57,67"
150,08:10,3,3,삼성,7,"25,29,30,42,43,52,62"
150,08:10,4,4,여의도,4,"0,17,26,37"
150,08:10,5,5,김포공항,1,15
150,08:10,6,6,일산,4,"3,4,6,63"
150,08:10,7,7,판교,8,"27,31,44,54,55,56,65,66"
150,08:10,8,8,동탄/용인,1,50
150,08:10,9,9,평택,5,"2,12,48,59,68"
151,08:11,1,1,서울역,2,"33,51"
151,08:11,2,2,수서,4,"16,47,57,67"
151,08:11,3,3,삼성,7,"25,29,30,42,43,52,62"
151,08:11,4,4,여의도,4,"0,17,26,37"
151,08:11,5,5,김포공항,2,"15,61"
151,08:11,6,6,일산,6,"3,4,6,13,21,63"
151,08:11,7,7,판교,8,"27,31,44,54,55,56,65,66"
151,08:11,8,8,동탄/용인,1,20
151,08:11,9,9,평택,4,"2,12,59,68"
152,08:12,1,1,서울역,2,"33,51"
152,08:12,2,2,수서,4,"16,47,57,67"
152,08:12,3,3,삼성,6,"29,30,42,43,52,62"
152,08:12,4,4,여의도,3,"0,17,26"
152,08:12,5,5,김포공항,2,"15,61"
152,08:12,6,6,일산,5,"3,4,13,21,63"
152,08:12,7,7,판교,7,"27,31,54,55,56,65,66"
152,08:12,8,8,동탄/용인,2,"20,39"
152,08:12,9,9,평택,4,"2,12,59,68"
153,08:13,1,1,서울역,2,"33,51"
153,08:13,2,2,수서,4,"16,47,57,67"
153,08:13,3,3,삼성,7,"29,30,32,42,43,52,62"
153,08:13,4,4,여의도,3,"0,17,26"
153,08:13,5,5,김포공항,2,"15,61"
153,08:13,6,6,일산,4,"3,4,13,21"
153,08:13,7,7,판교,7,"27,31,54,55,56,65,66"
153,08:13,8,8,동탄/용인,2,"20,39"
153,08:13,9,9,평택,3,"2,12,68"
154,08:14,1,1,서울역,3,"33,36,51"
154,08:14,2,2,수서,4,"16,47,57,67"
154,08:14,3,3,삼성,7,"29,30,32,42,43,52,62"
154,08:14,4,4,여의도,6,"0,17,19,26,41,45"
154,08:14,5,5,김포공항,1,61
154,08:14,6,6,일산,2,"10,13"
154,08:14,7,7,판교,7,"27,31,54,55,56,65,66"
154,08:14,8,8,동탄/용인,1,39
154,08:14,9,9,평택,3,"2,12,68"
155,08:15,1,1,서울역,4,"8,33,36,51"
155,08:15,2,2,수서,3,"47,57,67"
155,08:15,3,3,삼성,7,"29,30,32,42,43,52,62"
155,08:15,4,4,여의도,7,"0,17,19,26,41,45,46"
155,08:15,5,5,김포공항,1,61
155,08:15,6,6,일산,3,"10,13,23"
155,08:15,7,7,판교,7,"27,31,54,55,56,65,66"
155,08:15,8,8,동탄/용인,2,"38,39"
155,08:15,9,9,평택,3,"2,12,68"
156,08:16,1,1,서울역,4,"8,33,36,51"
156,08:16,2,2,수서,3,"47,57,67"
156,08:16,3,3,삼성,5,"30,32,43,52,62"
156,08:16,4,4,여의도,7,"0,17,19,26,41,45,46"
156,08:16,5,5,김포공항,1,61
156,08:16,6,6,일산,4,"10,13,23,24"
156,08:16,7,7,판교,8,"27,28,31,54,55,56,65,66"
156,08:16,8,8,동탄/용인,3,"18,38,39"
156,08:16,9,9,평택,3,"2,12,68"
157,08:17,1,1,서울역,5,"8,33,36,51,53"
157,08:17,2,2,수서,2,"57,67"
157,08:17,3,3,삼성,6,"14,30,32,52,62,64"
157,08:17,4,4,여의도,8,"0,9,17,19,26,41,45,46"
157,08:17,5,5,김포공항,1,61
157,08:17,6,6,일산,3,"10,23,24"
157,08:17,7,7,판교,8,"27,28,31,54,55,56,65,66"
157,08:17,8,8,동탄/용인,5,"18,34,38,39,48"
157,08:17,9,9,평택,2,"2,68"
158,08:18,1,1,서울역,6,"8,25,33,36,51,53"
158,08:18,2,2,수서,3,"1,57,67"
158,08:18,3,3,삼성,7,"7,14,30,32,52,62,64"
158,08:18,4,4,여의도,8,"0,9,17,19,26,41,45,46"
158,08:18,5,5,김포공항,2,"40,61"
158,08:18,6,6,일산,4,"5,10,23,24"
158,08:18,7,7,판교,7,"27,28,31,55,56,65,66"
158,08:18,8,8,동탄/용인,3,"18,34,48"
158,08:18,9,9,평택,2,"2,68"
159,08:19,1,1,서울역,7,"8,25,33,36,44,51,53"
159,08:19,2,2,수서,3,"1,57,67"
159,08:19,3,3,삼성,6,"7,14,30,52,62,64"
159,08:19,4,4,여의도,8,"0,9,17,19,26,41,45,46"
159,08:19,5,5,김포공항,2,"40,61"
159,08:19,6,6,일산,5,"5,10,23,24,37"
159,08:19,7,7,판교,6,"27,31,55,56,65,66"
159,08:19,8,8,동탄/용인,2,"34,48"
159,08:19,9,9,평택,2,"2,68"
160,08:20,1,1,서울역,5,"25,44,51,53,63"
160,08:20,2,2,수서,3,"1,57,67"
160,08:20,3,3,삼성,6,"7,14,30,52,62,64"
160,08:20,4,4,여의도,4,"19,22,26,45"
160,08:20,5,5,김포공항,1,40
160,08:20,6,6,일산,5,"5,10,23,24,37"
160,08:20,7,7,판교,6,"27,31,55,56,65,66"
160,08:20,8,8,동탄/용인,3,"34,35,48"
160,08:20,9,9,평택,2,"2,68"
161,08:21,1,1,서울역,6,"3,4,25,44,53,63"
161,08:21,2,2,수서,3,"1,57,67"
161,08:21,3,3,삼성,6,"7,14,30,52,62,64"
161,08:21,4,4,여의도,5,"16,19,22,26,45"
161,08:21,5,5,김포공항,1,40
161,08:21,6,6,일산,4,"5,23,24,37"
161,08:21,7,7,판교,5,"31,55,56,65,66"
161,08:21,8,8,동탄/용인,3,"34,35,48"
161,08:21,9,9,평택,3,"2,68,69"
162,08:22,1,1,서울역,6,"3,4,11,25,53,63"
162,08:22,2,2,수서,3,"1,57,67"
162,08:22,3,3,삼성,8,"6,7,14,15,30,52,62,64"
162,08:22,4,4,여의도,5,"16,19,22,26,45"
162,08:22,5,5,김포공항,1,40
162,08:22,6,6,일산,2,"5,24"
162,08:22,7,7,판교,5,"31,55,56,65,66"
162,08:22,8,8,동탄/용인,3,"34,35,48"
162,08:22,9,9,평택,3,"2,68,69"
163,08:23,1,1,서울역,5,"3,4,11,25,53"
163,08:23,2,2,수서,3,"1,57,67"
163,08:23,3,3,삼성,7,"6,7,15,30,52,62,64"
163,08:23,4,4,여의도,6,"16,19,22,29,42,45"
163,08:23,5,5,김포공항,2,"40,49"
163,08:23,6,6,일산,1,5
163,08:23,7,7,판교,4,"31,56,65,66"
163,08:23,8,8,동탄/용인,3,"34,35,48"
163,08:23,9,9,평택,4,"2,60,68,69"
164,08:24,1,1,서울역,6,"3,4,11,25,47,53"
164,08:24,2,2,수서,3,"1,57,67"
164,08:24,3,3,삼성,7,"6,7,15,20,52,62,64"
164,08:24,4,4,여의도,5,"19,22,29,42,43"
164,08:24,5,5,김포공항,2,"40,49"
164,08:24,7,7,판교,3,"31,56,66"
164,08:24,8,8,동탄/용인,3,"34,35,48"
164,08:24,9,9,평택,4,"2,60,68,69"
165,08:25,1,1,서울역,6,"3,4,11,25,47,54"
165,08:25,2,2,수서,3,"1,21,57"
165,08:25,3,3,삼성,6,"6,7,15,20,62,64"
165,08:25,4,4,여의도,4,"19,29,42,43"
165,08:25,5,5,김포공항,3,"40,49,50"
165,08:25,7,7,판교,3,"31,56,66"
165,08:25,8,8,동탄/용인,2,"34,35"
165,08:25,9,9,평택,4,"2,60,68,69"
166,08:26,1,1,서울역,6,"3,4,11,25,47,54"
166,08:26,2,2,수서,3,"1,21,57"
166,08:26,3,3,삼성,5,"6,7,15,20,62"
166,08:26,4,4,여의도,5,"19,28,29,42,43"
166,08:26,5,5,김포공항,4,"17,40,49,50"
166,08:26,7,7,판교,2,"31,56"
166,08:26,8,8,동탄/용인,1,34
166,08:26,9,9,평택,3,"60,68,69"
167,08:27,1,1,서울역,6,"3,4,11,25,47,54"
167,08:27,2,2,수서,3,"1,21,57"
167,08:27,3,3,삼성,5,"6,7,15,20,51"
167,08:27,4,4,여의도,5,"19,28,29,42,43"
167,08:27,5,5,김포공항,4,"17,40,49,50"
167,08:27,6,6,일산,7,"0,8,9,36,41,46,58"
167,08:27,7,7,판교,3,"31,33,56"
167,08:27,8,8,동탄/용인,1,34
167,08:27,9,9,평택,3,"60,68,69"
168,08:28,1,1,서울역,4,"4,25,47,54"
168,08:28,2,2,수서,3,"1,21,57"
168,08:28,3,3,삼성,6,"6,7,15,20,51,61"
168,08:28,4,4,여의도,5,"27,28,29,42,43"
168,08:28,5,5,김포공항,4,"17,40,49,50"
168,08:28,6,6,일산,7,"0,8,9,36,41,46,58"
168,08:28,7,7,판교,3,"31,33,56"
168,08:28,9,9,평택,2,"60,69"
169,08:29,1,1,서울역,5,"4,23,25,47,54"
169,08:29,2,2,수서,3,"1,18,21"
169,08:29,3,3,삼성,6,"6,7,15,20,51,61"
169,08:29,4,4,여의도,5,"27,29,38,42,43"
169,08:29,5,5,김포공항,2,"40,50"
169,08:29,6,6,일산,8,"0,8,9,36,41,44,46,58"
169,08:29,7,7,판교,3,"31,33,56"
169,08:29,8,8,동탄/용인,1,32
169,08:29,9,9,평택,2,"60,69"
170,08:30,1,1,서울역,8,"4,23,24,25,30,39,54,55"
170,08:30,2,2,수서,3,"1,18,21"
170,08:30,3,3,삼성,5,"6,7,15,51,61"
170,08:30,4,4,여의도,4,"27,29,38,42"
170,08:30,5,5,김포공항,2,"16,50"
170,08:30,6,6,일산,5,"8,9,44,46,58"
170,08:30,7,7,판교,3,"31,56,63"
170,08:30,8,8,동탄/용인,1,32
170,08:30,9,9,평택,2,"60,69"
171,08:31,1,1,서울역,8,"4,23,24,25,30,39,54,55"
171,08:31,2,2,수서,3,"1,18,21"
171,08:31,3,3,삼성,6,"6,7,15,51,53,61"
171,08:31,4,4,여의도,5,"27,29,38,42,65"
171,08:31,5,5,김포공항,2,"14,16"
171,08:31,6,6,일산,5,"8,9,44,46,58"
171,08:31,7,7,판교,3,"31,56,63"
171,08:31,8,8,동탄/용인,1,32
171,08:31,9,9,평택,2,"60,69"
172,08:32,1,1,서울역,9,"4,23,24,25,30,39,54,55,67"
172,08:32,2,2,수서,3,"1,18,21"
172,08:32,3,3,삼성,7,"6,7,15,37,51,53,61"
172,08:32,4,4,여의도,5,"27,29,42,52,65"
172,08:32,5,5,김포공항,2,"14,16"
172,08:32,6,6,일산,5,"8,9,22,46,58"
172,08:32,7,7,판교,2,"56,63"
172,08:32,8,8,동탄/용인,1,32
172,08:32,9,9,평택,2,"60,69"
173,08:33,1,1,서울역,12,"4,12,23,24,25,30,39,54,55,62,66,67"
173,08:33,2,2,수서,2,"18,21"
173,08:33,3,3,삼성,6,"6,7,15,37,53,61"
173,08:33,4,4,여의도,6,"27,29,42,52,64,65"
173,08:33,5,5,김포공항,2,"14,16"
173,08:33,6,6,일산,5,"9,22,46,58,59"
173,08:33,7,7,판교,2,"10,63"
173,08:33,8,8,동탄/용인,1,32
173,08:33,9,9,평택,2,"60,69"
174,08:34,1,1,서울역,12,"4,12,23,24,25,30,39,54,55,62,66,67"
174,08:34,2,2,수서,2,"18,21"
174,08:34,3,3,삼성,6,"3,6,7,15,37,61"
174,08:34,4,4,여의도,6,"27,29,42,52,64,65"
174,08:34,5,5,김포공항,3,"14,16,19"
174,08:34,6,6,일산,4,"22,46,58,59"
174,08:34,7,7,판교,2,"10,63"
174,08:34,8,8,동탄/용인,2,"32,68"
174,08:34,9,9,평택,2,"60,69"
175,08:35,1,1,서울역,11,"4,12,23,24,30,39,54,55,62,66,67"
175,08:35,10,10,인천공항,1,26
175,08:35,2,2,수서,2,"18,21"
175,08:35,3,3,삼성,6,"3,6,7,15,37,61"
175,08:35,4,4,여의도,6,"27,29,42,52,64,65"
175,08:35,5,5,김포공항,3,"14,16,19"
175,08:35,6,6,일산,4,"11,46,58,59"
175,08:35,7,7,판교,2,"10,63"
175,08:35,8,8,동탄/용인,3,"32,45,68"
175,08:35,9,9,평택,2,"60,69"
176,08:36,1,1,서울역,12,"4,12,23,24,30,39,54,55,57,62,66,67"
176,08:36,10,10,인천공항,1,26
176,08:36,2,2,수서,2,"18,21"
176,08:36,3,3,삼성,6,"3,6,7,37,47,61"
176,08:36,4,4,여의도,6,"27,29,42,52,64,65"
176,08:36,5,5,김포공항,3,"14,16,19"
176,08:36,6,6,일산,3,"11,28,59"
176,08:36,7,7,판교,2,"5,10"
176,08:36,8,8,동탄/용인,3,"32,45,68"
176,08:36,9,9,평택,2,"60,69"
177,08:37,1,1,서울역,15,"0,4,12,23,24,30,33,39,48,54,55,57,62,66,67"
177,08:37,10,10,인천공항,1,26
177,08:37,2,2,수서,2,"17,18"
177,08:37,3,3,삼성,7,"3,6,7,37,47,49,61"
177,08:37,4,4,여의도,8,"20,27,29,36,42,52,64,65"
177,08:37,5,5,김포공항,2,"14,16"
177,08:37,6,6,일산,4,"11,28,43,59"
177,08:37,7,7,판교,2,"5,10"
177,08:37,8,8,동탄/용인,3,"32,45,68"
177,08:37,9,9,평택,3,"13,60,69"
178,08:38,1,1,서울역,16,"0,4,12,23,24,30,33,35,39,48,54,55,57,62,66,67"
178,08:38,10,10,인천공항,1,26
178,08:38,2,2,수서,1,17
178,08:38,3,3,삼성,8,"3,6,7,37,40,47,49,61"
178,08:38,4,4,여의도,8,"20,27,29,36,42,52,64,65"
178,08:38,5,5,김포공항,2,"14,16"
178,08:38,6,6,일산,3,"28,43,59"
178,08:38,7,7,판교,3,"2,5,10"
178,08:38,8,8,동탄/용인,3,"32,45,68"
178,08:38,9,9,평택,3,"13,60,69"
179,08:39,1,1,서울역,16,"0,4,12,23,24,30,33,35,39,48,54,55,57,62,66,67"
179,08:39,10,10,인천공항,1,26
179,08:39,2,2,수서,1,17
179,08:39,3,3,삼성,7,"3,7,37,40,49,50,61"
179,08:39,4,4,여의도,11,"1,20,27,29,31,34,36,42,52,64,65"
179,08:39,5,5,김포공항,2,"14,16"
179,08:39,6,6,일산,4,"28,38,43,59"
179,08:39,7,7,판교,2,"2,5"
179,08:39,8,8,동탄/용인,3,"32,45,68"
179,08:39,9,9,평택,3,"13,60,69"
180,08:40,1,1,서울역,11,"4,8,12,24,30,35,39,48,57,66,67"
180,08:40,10,10,인천공항,1,26
180,08:40,2,2,수서,1,17
180,08:40,3,3,삼성,7,"7,37,40,41,49,50,61"
180,08:40,4,4,여의도,7,"1,31,34,42,52,56,65"
180,08:40,5,5,김포공항,2,"14,16"
180,08:40,6,6,일산,4,"28,38,43,59"
180,08:40,7,7,판교,2,"2,5"
180,08:40,8,8,동탄/용인,3,"32,45,68"
180,08:40,9,9,평택,3,"13,60,69"
181,08:41,1,1,서울역,11,"4,8,9,12,24,30,39,48,57,66,67"
181,08:41,10,10,인천공항,1,26
181,08:41,2,2,수서,1,17
181,08:41,3,3,삼성,6,"37,40,41,49,50,61"
181,08:41,4,4,여의도,7,"1,31,34,42,52,56,65"
181,08:41,5,5,김포공항,2,"14,16"
181,08:41,6,6,일산,4,"28,38,43,59"
181,08:41,7,7,판교,2,"2,5"
181,08:41,8,8,동탄/용인,2,"32,68"
181,08:41,9,9,평택,3,"13,60,69"
182,08:42,1,1,서울역,10,"4,8,9,12,24,30,39,48,66,67"
182,08:42,10,10,인천공항,1,26
182,08:42,2,2,수서,1,17
182,08:42,3,3,삼성,6,"37,40,41,49,50,61"
182,08:42,4,4,여의도,7,"1,31,34,42,52,56,65"
182,08:42,5,5,김포공항,1,16
182,08:42,6,6,일산,3,"28,43,59"
182,08:42,7,7,판교,1,2
182,08:42,8,8,동탄/용인,1,32
182,08:42,9,9,평택,3,"13,60,69"
183,08:43,1,1,서울역,10,"8,9,12,24,30,39,48,58,66,67"
183,08:43,10,10,인천공항,1,26
183,08:43,3,3,삼성,6,"37,40,41,49,50,61"
183,08:43,4,4,여의도,8,"1,15,31,34,42,52,56,65"
183,08:43,5,5,김포공항,1,16
183,08:43,6,6,일산,3,"28,43,59"
183,08:43,7,7,판교,1,2
183,08:43,8,8,동탄/용인,1,32
183,08:43,9,9,평택,2,"13,60"
184,08:44,1,1,서울역,11,"8,9,12,21,24,30,39,48,58,66,67"
184,08:44,10,10,인천공항,1,26
184,08:44,3,3,삼성,6,"37,40,41,49,50,61"
184,08:44,4,4,여의도,8,"15,18,31,34,42,52,56,65"
184,08:44,6,6,일산,3,"28,43,59"
184,08:44,7,7,판교,2,"2,44"
184,08:44,8,8,동탄/용인,1,32
184,08:44,9,9,평택,2,"13,60"
185,08:45,1,1,서울역,12,"6,8,9,11,21,24,30,39,48,58,66,67"
185,08:45,2,2,수서,1,19
185,08:45,3,3,삼성,6,"37,40,41,49,50,61"
185,08:45,4,4,여의도,7,"15,18,34,42,52,56,65"
185,08:45,6,6,일산,2,"28,43"
185,08:45,7,7,판교,2,"2,44"
185,08:45,8,8,동탄/용인,1,32
185,08:45,9,9,평택,2,"13,60"
186,08:46,1,1,서울역,11,"6,9,10,11,21,24,30,48,58,66,67"
186,08:46,2,2,수서,4,"19,22,27,29"
186,08:46,3,3,삼성,7,"23,37,40,49,50,61,62"
186,08:46,4,4,여의도,6,"15,18,34,42,52,65"
186,08:46,5,5,김포공항,3,"20,36,63"
186,08:46,7,7,판교,2,"2,44"
186,08:46,8,8,동탄/용인,1,32
186,08:46,9,9,평택,2,"13,60"
187,08:47,1,1,서울역,10,"6,10,11,21,24,30,48,58,66,67"
187,08:47,2,2,수서,4,"19,22,27,29"
187,08:47,3,3,삼성,6,"23,37,49,50,61,62"
187,08:47,4,4,여의도,6,"3,15,18,34,52,65"
187,08:47,5,5,김포공항,3,"20,36,63"
187,08:47,6,6,일산,4,"0,33,54,55"
187,08:47,7,7,판교,2,"2,44"
187,08:47,8,8,동탄/용인,1,32
187,08:47,9,9,평택,2,"13,60"
188,08:48,1,1,서울역,10,"6,10,11,21,24,30,48,58,66,67"
188,08:48,2,2,수서,4,"19,22,27,29"
188,08:48,3,3,삼성,7,"23,37,49,50,57,61,62"
188,08:48,4,4,여의도,7,"3,7,15,18,34,52,65"
188,08:48,5,5,김포공항,3,"20,36,63"
188,08:48,6,6,일산,5,"0,33,35,54,55"
188,08:48,7,7,판교,2,"2,44"
188,08:48,8,8,동탄/용인,1,32
188,08:48,9,9,평택,2,"51,60"
189,08:49,1,1,서울역,9,"6,10,11,21,24,30,48,66,67"
189,08:49,2,2,수서,2,"19,22"
189,08:49,3,3,삼성,5,"37,49,50,57,61"
189,08:49,4,4,여의도,8,"3,5,7,15,17,34,52,65"
189,08:49,5,5,김포공항,1,63
189,08:49,6,6,일산,5,"0,33,35,54,55"
189,08:49,7,7,판교,2,"2,44"
189,08:49,8,8,동탄/용인,2,"32,69"
189,08:49,9,9,평택,3,"51,53,60"
190,08:50,1,1,서울역,8,"6,10,11,24,30,48,66,67"
190,08:50,2,2,수서,2,"19,22"
190,08:50,3,3,삼성,5,"14,37,49,57,61"
190,08:50,4,4,여의도,8,"3,5,7,15,17,34,52,65"
190,08:50,5,5,김포공항,1,63
190,08:50,6,6,일산,3,"4,33,35"
190,08:50,7,7,판교,2,"2,44"
190,08:50,8,8,동탄/용인,2,"32,69"
190,08:50,9,9,평택,2,"51,53"
191,08:51,1,1,서울역,8,"6,10,11,24,30,48,66,67"
191,08:51,2,2,수서,2,"19,22"
191,08:51,3,3,삼성,3,"14,37,61"
191,08:51,4,4,여의도,7,"3,5,7,15,17,52,65"
191,08:51,5,5,김포공항,2,"31,63"
191,08:51,6,6,일산,3,"1,4,33"
191,08:51,7,7,판교,2,"2,44"
191,08:51,8,8,동탄/용인,2,"64,69"
191,08:51,9,9,평택,3,"25,51,53"
192,08:52,1,1,서울역,9,"6,10,11,24,30,48,59,66,67"
192,08:52,2,2,수서,1,19
192,08:52,3,3,삼성,6,"8,14,16,37,38,61"
192,08:52,4,4,여의도,6,"3,7,15,17,52,65"
192,08:52,5,5,김포공항,2,"31,63"
192,08:52,6,6,일산,4,"1,4,12,33"
192,08:52,7,7,판교,2,"2,44"
192,08:52,8,8,동탄/용인,2,"64,69"
192,08:52,9,9,평택,3,"25,51,53"
193,08:53,1,1,서울역,9,"6,11,24,28,40,48,59,66,67"
193,08:53,2,2,수서,1,19
193,08:53,3,3,삼성,7,"8,9,14,16,37,38,61"
193,08:53,4,4,여의도,8,"3,7,15,17,41,52,65,68"
193,08:53,5,5,김포공항,2,"31,63"
193,08:53,6,6,일산,5,"1,4,12,39,56"
193,08:53,7,7,판교,2,"2,44"
193,08:53,8,8,동탄/용인,2,"64,69"
193,08:53,9,9,평택,3,"25,51,53"
194,08:54,1,1,서울역,9,"6,11,24,28,40,48,59,66,67"
194,08:54,2,2,수서,1,19
194,08:54,3,3,삼성,7,"8,9,14,16,37,38,61"
194,08:54,4,4,여의도,8,"3,7,15,17,41,52,65,68"
194,08:54,5,5,김포공항,2,"31,63"
194,08:54,6,6,일산,6,"1,4,12,39,42,56"
194,08:54,7,7,판교,2,"2,44"
194,08:54,8,8,동탄/용인,2,"64,69"
194,08:54,9,9,평택,4,"25,47,51,53"
195,08:55,1,1,서울역,9,"6,11,24,28,40,48,59,66,67"
195,08:55,2,2,수서,2,"18,19"
195,08:55,3,3,삼성,7,"9,14,16,37,38,58,61"
195,08:55,4,4,여의도,9,"3,7,15,17,27,41,52,65,68"
195,08:55,5,5,김포공항,3,"31,45,63"
195,08:55,6,6,일산,5,"1,4,39,42,56"
195,08:55,7,7,판교,1,2
195,08:55,8,8,동탄/용인,1,64
195,08:55,9,9,평택,4,"25,47,51,53"
196,08:56,1,1,서울역,9,"6,11,28,29,40,48,59,66,67"
196,08:56,2,2,수서,2,"18,19"
196,08:56,3,3,삼성,6,"14,16,37,38,58,61"
196,08:56,4,4,여의도,9,"3,7,15,17,27,41,52,65,68"
196,08:56,5,5,김포공항,3,"31,45,63"
196,08:56,6,6,일산,2,"1,42"
196,08:56,7,7,판교,1,2
196,08:56,8,8,동탄/용인,1,64
196,08:56,9,9,평택,5,"25,46,47,51,53"
197,08:57,1,1,서울역,11,"0,6,11,28,29,40,48,49,59,66,67"
197,08:57,2,2,수서,3,"18,19,20"
197,08:57,3,3,삼성,5,"14,16,37,38,58"
197,08:57,4,4,여의도,10,"3,7,15,17,27,41,50,52,65,68"
197,08:57,5,5,김포공항,3,"34,45,63"
197,08:57,6,6,일산,1,21
197,08:57,7,7,판교,1,2
197,08:57,8,8,동탄/용인,1,64
197,08:57,9,9,평택,4,"25,46,47,53"
198,08:58,1,1,서울역,11,"0,6,11,28,29,40,48,49,59,66,67"
198,08:58,2,2,수서,3,"5,19,20"
198,08:58,3,3,삼성,4,"14,16,37,38"
198,08:58,4,4,여의도,11,"3,7,15,17,22,27,41,50,52,65,68"
198,08:58,5,5,김포공항,2,"34,45"
198,08:58,6,6,일산,1,21
198,08:58,7,7,판교,2,"2,43"
198,08:58,9,9,평택,4,"25,46,47,53"
199,08:59,1,1,서울역,11,"0,6,11,28,29,40,48,49,59,66,67"
199,08:59,2,2,수서,3,"5,19,20"
199,08:59,3,3,삼성,5,"10,16,30,37,38"
199,08:59,4,4,여의도,11,"3,7,15,17,22,27,41,50,52,65,68"
199,08:59,5,5,김포공항,2,"34,45"
199,08:59,6,6,일산,1,21
199,08:59,7,7,판교,3,"2,36,43"
199,08:59,8,8,동탄/용인,1,23
199,08:59,9,9,평택,3,"46,47,53"
200,09:00,1,1,서울역,11,"0,6,11,28,29,40,48,49,59,66,67"
200,09:00,2,2,수서,3,"5,19,20"
200,09:00,3,3,삼성,5,"10,16,30,37,38"
200,09:00,4,4,여의도,11,"3,7,15,17,22,27,41,50,52,65,68"
200,09:00,5,5,김포공항,2,"34,45"
200,09:00,6,6,일산,1,21
200,09:00,7,7,판교,3,"13,36,43"
200,09:00,8,8,동탄/용인,1,23
200,09:00,9,9,평택,3,"46,47,53"
201,09:01,1,1,서울역,10,"6,11,28,29,40,48,49,59,66,67"
201,09:01,2,2,수서,5,"5,19,20,32,54"
201,09:01,3,3,삼성,5,"10,30,35,37,38"
201,09:01,4,4,여의도,10,"3,7,15,17,27,41,50,52,65,68"
201,09:01,5,5,김포공항,2,"34,45"
201,09:01,6,6,일산,1,21
201,09:01,7,7,판교,3,"13,36,43"
201,09:01,8,8,동탄/용인,1,23
201,09:01,9,9,평택,2,"46,47"
202,09:02,1,1,서울역,9,"6,28,29,40,48,49,59,66,67"
202,09:02,2,2,수서,5,"5,19,20,32,54"
202,09:02,3,3,삼성,3,"35,37,38"
202,09:02,4,4,여의도,12,"3,7,12,15,17,27,41,44,50,52,65,68"
202,09:02,5,5,김포공항,2,"34,45"
202,09:02,6,6,일산,1,21
202,09:02,7,7,판교,5,"13,36,43,55,60"
202,09:02,8,8,동탄/용인,1,23
202,09:02,9,9,평택,2,"46,47"
203,09:03,1,1,서울역,11,"4,6,28,29,40,48,49,59,61,66,67"
203,09:03,2,2,수서,5,"5,19,20,32,54"
203,09:03,3,3,삼성,4,"33,35,37,38"
203,09:03,4,4,여의도,13,"3,7,9,12,15,17,27,41,44,50,52,65,68"
203,09:03,5,5,김포공항,2,"8,45"
203,09:03,7,7,판교,5,"13,36,43,55,60"
203,09:03,8,8,동탄/용인,1,23
203,09:03,9,9,평택,2,"46,47"
204,09:04,1,1,서울역,12,"1,4,6,28,29,40,48,49,59,61,66,67"
204,09:04,2,2,수서,4,"19,20,32,54"
204,09:04,3,3,삼성,4,"33,35,37,38"
204,09:04,4,4,여의도,13,"3,7,9,12,15,17,27,41,44,50,52,65,68"
204,09:04,5,5,김포공항,1,8
204,09:04,7,7,판교,5,"13,36,43,55,60"
204,09:04,8,8,동탄/용인,1,23
204,09:04,9,9,평택,4,"26,46,47,62"
205,09:05,1,1,서울역,13,"1,4,6,18,28,29,40,48,49,59,61,66,67"
205,09:05,2,2,수서,4,"19,20,32,54"
205,09:05,3,3,삼성,5,"31,33,35,37,38"
205,09:05,4,4,여의도,13,"3,7,9,12,15,17,27,41,44,50,52,65,68"
205,09:05,5,5,김포공항,1,8
205,09:05,7,7,판교,4,"13,43,55,60"
205,09:05,8,8,동탄/용인,1,23
205,09:05,9,9,평택,3,"26,47,62"
206,09:06,1,1,서울역,13,"1,4,6,18,28,29,40,48,49,59,61,66,67"
206,09:06,2,2,수서,4,"19,20,32,54"
206,09:06,3,3,삼성,7,"31,33,35,37,38,39,63"
206,09:06,4,4,여의도,13,"3,7,9,12,14,15,27,41,44,50,52,65,68"
206,09:06,5,5,김포공항,1,8
206,09:06,7,7,판교,4,"13,43,55,60"
206,09:06,8,8,동탄/용인,1,23
206,09:06,9,9,평택,4,"26,47,57,62"
207,09:07,1,1,서울역,14,"1,4,6,18,28,29,40,48,49,59,61,66,67,69"
207,09:07,2,2,수서,3,"19,20,32"
207,09:07,3,3,삼성,7,"31,33,35,37,39,42,63"
207,09:07,4,4,여의도,13,"2,3,7,9,14,15,27,41,44,50,52,65,68"
207,09:07,5,5,김포공항,2,"8,22"
207,09:07,7,7,판교,4,"13,43,55,60"
207,09:07,8,8,동탄/용인,1,23
207,09:07,9,9,평택,3,"26,47,57"
208,09:08,1,1,서울역,13,"1,4,6,28,29,40,48,49,59,61,66,67,69"
208,09:08,2,2,수서,2,"20,32"
208,09:08,3,3,삼성,6,"31,33,35,39,42,63"
208,09:08,4,4,여의도,13,"2,7,9,14,15,16,27,41,44,50,52,65,68"
208,09:08,5,5,김포공항,2,"8,22"
208,09:08,6,6,일산,1,0
208,09:08,7,7,판교,5,"13,43,55,56,60"
208,09:08,8,8,동탄/용인,1,23
208,09:08,9,9,평택,3,"26,47,57"
209,09:09,1,1,서울역,13,"1,4,6,28,29,40,48,49,59,61,66,67,69"
209,09:09,2,2,수서,2,"20,32"
209,09:09,3,3,삼성,6,"31,33,35,39,42,63"
209,09:09,4,4,여의도,15,"2,7,9,10,14,15,16,27,41,44,50,52,64,65,68"
209,09:09,5,5,김포공항,2,"8,22"
209,09:09,6,6,일산,2,"0,11"
209,09:09,7,7,판교,5,"13,43,55,56,60"
209,09:09,8,8,동탄/용인,1,23
209,09:09,9,9,평택,3,"26,47,57"
210,09:10,1,1,서울역,13,"1,4,6,28,29,40,48,49,59,61,66,67,69"
210,09:10,2,2,수서,1,32
210,09:10,3,3,삼성,6,"31,33,35,39,42,63"
210,09:10,4,4,여의도,17,"2,5,7,9,10,14,15,16,21,27,41,44,50,52,64,65,68"
210,09:10,5,5,김포공항,1,8
210,09:10,6,6,일산,2,"0,11"
210,09:10,7,7,판교,4,"13,55,56,60"
210,09:10,8,8,동탄/용인,1,23
210,09:10,9,9,평택,3,"26,47,57"
211,09:11,1,1,서울역,13,"1,4,6,28,29,40,48,49,59,61,66,67,69"
211,09:11,2,2,수서,2,"32,37"
211,09:11,3,3,삼성,6,"33,34,35,39,42,63"
211,09:11,4,4,여의도,16,"2,5,7,9,10,14,16,21,27,41,44,50,52,64,65,68"
211,09:11,5,5,김포공항,1,8
211,09:11,6,6,일산,2,"0,11"
211,09:11,7,7,판교,5,"13,25,55,56,60"
211,09:11,9,9,평택,3,"26,47,57"
212,09:12,1,1,서울역,13,"1,4,6,28,29,40,48,49,59,61,66,67,69"
212,09:12,2,2,수서,2,"32,37"
212,09:12,3,3,삼성,5,"33,34,42,45,63"
212,09:12,4,4,여의도,17,"2,5,7,9,10,14,16,21,27,36,41,44,50,52,64,65,68"
212,09:12,5,5,김포공항,2,"8,17"
212,09:12,6,6,일산,2,"0,11"
212,09:12,7,7,판교,5,"13,25,55,56,60"
212,09:12,8,8,동탄/용인,1,30
212,09:12,9,9,평택,4,"24,26,47,57"
213,09:13,1,1,서울역,13,"1,4,6,28,29,40,48,49,59,61,66,67,69"
213,09:13,2,2,수서,3,"12,32,37"
213,09:13,3,3,삼성,5,"33,34,42,45,63"
213,09:13,4,4,여의도,17,"2,5,7,9,10,14,16,21,36,41,44,50,52,54,64,65,68"
213,09:13,5,5,김포공항,2,"8,17"
213,09:13,6,6,일산,2,"0,11"
213,09:13,7,7,판교,5,"13,25,55,56,60"
213,09:13,8,8,동탄/용인,2,"30,62"
213,09:13,9,9,평택,5,"24,26,47,57,58"
214,09:14,1,1,서울역,13,"1,4,6,28,29,40,48,49,59,61,66,67,69"
214,09:14,2,2,수서,4,"3,12,31,32"
214,09:14,3,3,삼성,5,"33,34,42,45,63"
214,09:14,4,4,여의도,18,"2,5,9,10,14,16,19,21,36,38,41,44,50,52,54,64,65,68"
214,09:14,5,5,김포공항,2,"8,17"
214,09:14,6,6,일산,2,"0,11"
214,09:14,7,7,판교,5,"13,25,55,56,60"
214,09:14,8,8,동탄/용인,2,"30,62"
214,09:14,9,9,평택,5,"24,26,47,57,58"
215,09:15,1,1,서울역,13,"1,4,6,28,29,40,48,49,59,61,66,67,69"
215,09:15,2,2,수서,3,"3,12,31"
215,09:15,3,3,삼성,5,"33,34,42,45,63"
215,09:15,4,4,여의도,18,"2,5,9,10,14,16,19,21,36,38,41,44,50,52,54,64,65,68"
215,09:15,5,5,김포공항,1,8
215,09:15,6,6,일산,1,18
215,09:15,7,7,판교,5,"13,25,55,56,60"
215,09:15,8,8,동탄/용인,2,"30,62"
215,09:15,9,9,평택,5,"24,26,47,57,58"
216,09:16,1,1,서울역,13,"1,4,6,28,29,40,48,49,59,61,66,67,69"
216,09:16,2,2,수서,2,"3,31"
216,09:16,3,3,삼성,5,"33,34,42,45,63"
216,09:16,4,4,여의도,19,"2,5,9,10,14,16,19,20,21,36,38,41,44,50,52,54,64,65,68"
216,09:16,5,5,김포공항,1,8
216,09:16,6,6,일산,1,18
216,09:16,7,7,판교,5,"13,25,55,56,60"
216,09:16,8,8,동탄/용인,1,30
216,09:16,9,9,평택,5,"24,26,47,57,58"
217,09:17,1,1,서울역,14,"1,4,6,28,29,40,48,49,53,59,61,66,67,69"
217,09:17,2,2,수서,2,"3,15"
217,09:17,3,3,삼성,5,"33,34,42,45,63"
217,09:17,4,4,여의도,20,"2,5,9,10,14,16,19,20,21,36,38,41,43,44,50,52,54,64,65,68"
217,09:17,5,5,김포공항,1,8
217,09:17,6,6,일산,2,"18,51"
217,09:17,7,7,판교,5,"13,25,55,56,60"
217,09:17,8,8,동탄/용인,1,30
217,09:17,9,9,평택,5,"24,26,47,57,58"
218,09:18,1,1,서울역,14,"4,6,28,29,39,40,48,49,53,59,61,66,67,69"
218,09:18,2,2,수서,2,"3,15"
218,09:18,3,3,삼성,5,"33,34,42,45,63"
218,09:18,4,4,여의도,20,"2,5,9,10,14,16,19,20,21,36,38,41,43,44,50,52,54,64,65,68"
218,09:18,5,5,김포공항,1,8
218,09:18,6,6,일산,2,"18,51"
218,09:18,7,7,판교,5,"13,25,55,56,60"
218,09:18,8,8,동탄/용인,1,30
218,09:18,9,9,평택,4,"26,47,57,58"
219,09:19,1,1,서울역,14,"4,6,28,29,39,40,48,49,53,59,61,66,67,69"
219,09:19,2,2,수서,3,"3,15,46"
219,09:19,3,3,삼성,4,"34,42,45,63"
219,09:19,4,4,여의도,20,"2,5,10,14,16,19,20,21,35,36,38,41,43,44,50,52,54,64,65,68"
219,09:19,5,5,김포공항,2,"8,27"
219,09:19,6,6,일산,2,"18,51"
219,09:19,7,7,판교,5,"13,25,55,56,60"
219,09:19,8,8,동탄/용인,1,30
219,09:19,9,9,평택,3,"26,57,58"
220,09:20,1,1,서울역,14,"4,6,28,29,39,40,48,49,53,59,61,66,67,69"
220,09:20,2,2,수서,2,"3,46"
220,09:20,3,3,삼성,4,"34,42,45,63"
220,09:20,4,4,여의도,17,"5,10,19,20,21,35,36,38,41,43,44,50,52,54,64,65,68"
220,09:20,5,5,김포공항,2,"8,27"
220,09:20,6,6,일산,2,"18,51"
220,09:20,7,7,판교,4,"22,25,55,56"
220,09:20,8,8,동탄/용인,1,30
220,09:20,9,9,평택,3,"26,57,58"
221,09:21,1,1,서울역,15,"4,6,28,29,37,39,40,48,49,53,59,61,66,67,69"
221,09:21,2,2,수서,3,"3,23,46"
221,09:21,3,3,삼성,3,"34,45,63"
221,09:21,4,4,여의도,18,"5,10,19,20,21,32,35,36,38,41,43,44,50,52,54,64,65,68"
221,09:21,5,5,김포공항,2,"8,27"
221,09:21,6,6,일산,1,51
221,09:21,7,7,판교,5,"7,22,25,55,56"
221,09:21,9,9,평택,3,"26,57,58"
222,09:22,1,1,서울역,16,"0,4,6,28,29,37,39,40,48,49,53,59,61,66,67,69"
222,09:22,2,2,수서,3,"3,23,46"
222,09:22,3,3,삼성,3,"34,45,63"
222,09:22,4,4,여의도,19,"5,10,12,19,20,21,32,35,36,38,41,43,44,50,52,54,64,65,68"
222,09:22,5,5,김포공항,1,8
222,09:22,6,6,일산,1,51
222,09:22,7,7,판교,3,"7,22,25"
222,09:22,9,9,평택,3,"26,57,58"
223,09:23,1,1,서울역,16,"0,4,6,28,29,37,39,40,48,49,53,59,61,66,67,69"
223,09:23,2,2,수서,4,"3,17,23,46"
223,09:23,3,3,삼성,3,"34,45,63"
223,09:23,4,4,여의도,19,"5,10,12,19,20,21,31,32,35,38,41,43,44,50,52,54,64,65,68"
223,09:23,5,5,김포공항,1,8
223,09:23,6,6,일산,1,51
223,09:23,7,7,판교,3,"7,22,25"
223,09:23,9,9,평택,3,"26,57,58"
224,09:24,1,1,서울역,15,"0,4,6,28,29,39,40,48,49,53,59,61,66,67,69"
224,09:24,2,2,수서,4,"3,17,23,46"
224,09:24,3,3,삼성,3,"34,45,63"
224,09:24,4,4,여의도,19,"5,10,12,19,20,21,31,32,35,38,41,43,44,50,52,54,64,65,68"
224,09:24,5,5,김포공항,1,8
224,09:24,6,6,일산,1,51
224,09:24,7,7,판교,3,"7,22,25"
224,09:24,9,9,평택,3,"26,57,58"
225,09:25,1,1,서울역,15,"0,4,6,28,29,39,40,48,49,53,59,61,66,67,69"
225,09:25,2,2,수서,4,"3,17,23,46"
225,09:25,3,3,삼성,4,"11,34,45,63"
225,09:25,4,4,여의도,19,"5,10,12,19,20,21,31,32,35,38,41,43,44,50,52,54,64,65,68"
225,09:25,5,5,김포공항,1,8
225,09:25,6,6,일산,1,51
225,09:25,7,7,판교,3,"7,22,25"
225,09:25,9,9,평택,3,"26,57,58"
226,09:26,1,1,서울역,15,"0,4,6,28,29,39,40,48,49,53,59,61,66,67,69"
226,09:26,2,2,수서,5,"2,3,17,23,46"
226,09:26,3,3,삼성,4,"11,34,45,63"
226,09:26,4,4,여의도,20,"5,10,12,19,20,21,31,32,33,35,38,41,43,44,50,52,54,64,65,68"
226,09:26,5,5,김포공항,1,14
226,09:26,6,6,일산,1,51
226,09:26,7,7,판교,3,"7,9,22"
226,09:26,9,9,평택,3,"26,57,58"
227,09:27,1,1,서울역,17,"0,4,6,13,15,28,29,39,40,48,49,53,59,61,66,67,69"
227,09:27,2,2,수서,5,"2,3,17,23,46"
227,09:27,3,3,삼성,4,"11,34,45,63"
227,09:27,4,4,여의도,19,"5,10,12,19,20,21,31,33,35,38,41,43,44,50,52,54,64,65,68"
227,09:27,5,5,김포공항,1,14
227,09:27,6,6,일산,1,51
227,09:27,7,7,판교,3,"7,9,22"
227,09:27,8,8,동탄/용인,1,60
227,09:27,9,9,평택,3,"26,57,58"
228,09:28,1,1,서울역,18,"0,4,6,13,15,28,29,39,40,48,49,53,59,61,62,66,67,69"
228,09:28,2,2,수서,5,"2,3,17,23,46"
228,09:28,3,3,삼성,4,"11,34,45,63"
228,09:28,4,4,여의도,19,"5,12,19,20,21,31,33,35,38,41,42,43,44,50,52,54,64,65,68"
228,09:28,5,5,김포공항,1,14
228,09:28,7,7,판교,3,"7,9,22"
228,09:28,8,8,동탄/용인,1,60
228,09:28,9,9,평택,3,"26,57,58"
229,09:29,1,1,서울역,19,"0,4,6,13,15,28,29,39,40,48,49,53,55,59,61,62,66,67,69"
229,09:29,2,2,수서,4,"2,3,23,46"
229,09:29,3,3,삼성,4,"11,34,45,63"
229,09:29,4,4,여의도,19,"5,12,19,20,31,33,35,38,41,42,43,44,50,52,54,56,64,65,68"
229,09:29,7,7,판교,3,"7,9,22"
229,09:29,8,8,동탄/용인,1,60
229,09:29,9,9,평택,3,"26,57,58"
230,09:30,1,1,서울역,19,"0,4,6,13,15,28,29,39,40,48,49,53,55,59,61,62,66,67,69"
230,09:30,2,2,수서,3,"2,3,46"
230,09:30,3,3,삼성,5,"11,34,37,45,63"
230,09:30,4,4,여의도,19,"5,12,19,20,31,33,35,38,41,42,43,44,50,52,54,56,64,65,68"
230,09:30,7,7,판교,3,"9,22,24"
230,09:30,9,9,평택,3,"26,57,58"
231,09:31,1,1,서울역,19,"0,4,6,13,15,28,29,39,40,48,49,53,55,59,61,62,66,67,69"
231,09:31,10,10,인천공항,1,1
231,09:31,2,2,수서,3,"2,30,46"
231,09:31,3,3,삼성,5,"11,18,34,37,63"
231,09:31,4,4,여의도,19,"5,12,19,20,31,33,35,38,41,42,43,44,50,52,54,56,64,65,68"
231,09:31,7,7,판교,3,"9,22,24"
231,09:31,9,9,평택,2,"57,58"
232,09:32,1,1,서울역,18,"0,4,6,13,15,29,39,40,48,49,53,55,59,61,62,66,67,69"
232,09:32,10,10,인천공항,1,1
232,09:32,2,2,수서,3,"2,30,46"
232,09:32,3,3,삼성,4,"11,18,37,63"
232,09:32,4,4,여의도,20,"5,8,12,19,20,31,33,35,38,41,42,43,44,50,52,54,56,64,65,68"
232,09:32,7,7,판교,3,"22,24,27"
232,09:32,9,9,평택,2,"57,58"
233,09:33,1,1,서울역,17,"0,4,6,15,29,39,40,48,49,53,55,59,61,62,66,67,69"
233,09:33,10,10,인천공항,1,1
233,09:33,2,2,수서,4,"2,30,46,47"
233,09:33,3,3,삼성,3,"11,18,63"
233,09:33,4,4,여의도,19,"8,12,19,20,31,33,35,38,41,42,43,44,50,52,54,56,64,65,68"
233,09:33,7,7,판교,3,"22,24,27"
233,09:33,8,8,동탄/용인,1,25
233,09:33,9,9,평택,1,58
234,09:34,1,1,서울역,17,"0,4,6,15,29,39,40,48,49,53,55,59,61,62,66,67,69"
234,09:34,10,10,인천공항,1,1
234,09:34,2,2,수서,4,"2,30,46,47"
234,09:34,3,3,삼성,3,"11,18,63"
234,09:34,4,4,여의도,19,"8,12,19,20,31,33,35,38,41,42,43,44,50,52,54,56,64,65,68"
234,09:34,6,6,일산,1,32
234,09:34,7,7,판교,3,"22,24,27"
234,09:34,8,8,동탄/용인,1,25
234,09:34,9,9,평택,1,58
235,09:35,1,1,서울역,18,"0,4,6,15,29,39,40,48,49,51,53,55,59,61,62,66,67,69"
235,09:35,10,10,인천공항,2,"1,36"
235,09:35,2,2,수서,4,"2,30,46,47"
235,09:35,3,3,삼성,3,"11,18,63"
235,09:35,4,4,여의도,20,"8,12,17,19,20,31,33,35,38,41,42,43,44,50,52,54,56,64,65,68"
235,09:35,6,6,일산,1,32
235,09:35,7,7,판교,4,"10,22,24,27"
235,09:35,8,8,동탄/용인,1,25
235,09:35,9,9,평택,2,"16,58"
236,09:36,1,1,서울역,18,"0,4,6,15,29,39,40,48,49,51,53,55,59,61,62,66,67,69"
236,09:36,10,10,인천공항,2,"1,36"
236,09:36,2,2,수서,4,"2,30,46,47"
236,09:36,3,3,삼성,3,"11,18,63"
236,09:36,4,4,여의도,20,"8,12,17,19,20,31,33,35,38,41,42,43,44,50,52,54,56,64,65,68"
236,09:36,6,6,일산,1,32
236,09:36,7,7,판교,4,"10,22,24,27"
236,09:36,9,9,평택,2,"16,58"
237,09:37,1,1,서울역,20,"0,4,6,7,15,23,29,39,40,48,49,51,53,55,59,61,62,66,67,69"
237,09:37,10,10,인천공항,2,"1,36"
237,09:37,2,2,수서,2,"46,47"
237,09:37,3,3,삼성,3,"14,18,63"
237,09:37,4,4,여의도,20,"3,8,17,19,20,31,33,35,38,41,42,43,44,50,52,54,56,64,65,68"
237,09:37,7,7,판교,4,"10,22,24,27"
237,09:37,9,9,평택,2,"16,58"
238,09:38,1,1,서울역,20,"0,4,6,7,15,23,29,39,40,48,49,51,53,55,59,61,62,66,67,69"
238,09:38,10,10,인천공항,1,36
238,09:38,2,2,수서,2,"46,47"
238,09:38,3,3,삼성,3,"14,18,63"
238,09:38,4,4,여의도,21,"3,8,17,19,20,31,33,35,38,41,42,43,44,45,50,52,54,56,64,65,68"
238,09:38,7,7,판교,4,"10,22,24,27"
238,09:38,9,9,평택,1,58
239,09:39,1,1,서울역,20,"0,4,6,7,15,23,29,39,40,48,49,51,53,55,59,61,62,66,67,69"
239,09:39,10,10,인천공항,1,36
239,09:39,2,2,수서,3,"5,46,47"
239,09:39,3,3,삼성,3,"14,18,63"
239,09:39,4,4,여의도,23,"3,8,9,17,19,20,31,33,34,35,38,41,42,43,44,45,50,52,54,56,64,65,68"
239,09:39,6,6,일산,1,28
239,09:39,7,7,판교,4,"10,22,24,27"
239,09:39,9,9,평택,1,58
240,09:40,1,1,서울역,16,"0,7,23,29,39,40,48,49,51,53,55,59,61,62,66,67"
240,09:40,10,10,인천공항,1,36
240,09:40,2,2,수서,4,"5,46,47,60"
240,09:40,3,3,삼성,3,"14,18,63"
240,09:40,4,4,여의도,20,"3,9,17,19,20,31,33,34,35,41,42,43,44,45,52,54,56,64,65,68"
240,09:40,6,6,일산,1,28
240,09:40,7,7,판교,3,"10,22,27"
240,09:40,9,9,평택,1,58
241,09:41,1,1,서울역,15,"0,7,23,29,39,40,48,51,53,55,59,61,62,66,67"
241,09:41,10,10,인천공항,1,36
241,09:41,2,2,수서,3,"5,47,60"
241,09:41,3,3,삼성,3,"14,18,63"
241,09:41,4,4,여의도,20,"3,9,17,19,20,31,33,34,35,41,42,43,44,45,52,54,56,64,65,68"
241,09:41,6,6,일산,1,28
241,09:41,7,7,판교,3,"10,22,27"
241,09:41,9,9,평택,1,58
242,09:42,1,1,서울역,14,"0,7,29,39,40,48,51,53,55,59,61,62,66,67"
242,09:42,10,10,인천공항,1,36
242,09:42,2,2,수서,2,"5,60"
242,09:42,3,3,삼성,3,"14,18,63"
242,09:42,4,4,여의도,19,"3,9,17,19,20,31,33,34,35,41,42,43,44,45,52,54,64,65,68"
242,09:42,7,7,판교,3,"10,22,27"
242,09:42,9,9,평택,1,58
243,09:43,1,1,서울역,13,"0,7,29,39,48,51,53,55,59,61,62,66,67"
243,09:43,2,2,수서,3,"5,12,60"
243,09:43,3,3,삼성,2,"14,18"
243,09:43,4,4,여의도,21,"2,3,9,17,19,20,30,31,33,34,35,41,42,43,44,45,52,54,64,65,68"
243,09:43,7,7,판교,4,"10,22,26,27"
243,09:43,9,9,평택,1,58
244,09:44,1,1,서울역,12,"0,7,29,48,51,53,55,59,61,62,66,67"
244,09:44,2,2,수서,3,"5,12,60"
244,09:44,3,3,삼성,2,"14,18"
244,09:44,4,4,여의도,22,"2,3,9,11,17,19,20,30,31,33,34,35,41,42,43,44,45,52,54,64,65,68"
244,09:44,7,7,판교,4,"10,22,26,27"
244,09:44,9,9,평택,2,"21,58"
245,09:45,1,1,서울역,11,"0,7,29,51,53,55,59,61,62,66,67"
245,09:45,2,2,수서,3,"5,12,60"
245,09:45,3,3,삼성,2,"14,18"
245,09:45,4,4,여의도,21,"2,3,9,11,17,19,20,30,31,33,35,41,42,43,44,45,52,54,64,65,68"
245,09:45,7,7,판교,4,"10,22,26,27"
245,09:45,9,9,평택,2,"21,58"
246,09:46,1,1,서울역,11,"0,7,29,51,53,55,59,61,62,66,67"
246,09:46,2,2,수서,4,"5,12,25,60"
246,09:46,3,3,삼성,3,"4,15,18"
246,09:46,4,4,여의도,21,"2,3,9,11,17,19,20,30,31,33,35,41,42,43,44,45,52,54,64,65,68"
246,09:46,5,5,김포공항,3,"8,38,50"
246,09:46,7,7,판교,4,"10,22,26,27"
246,09:46,9,9,평택,2,"21,58"
247,09:47,1,1,서울역,11,"0,7,29,51,53,55,59,61,62,66,67"
247,09:47,2,2,수서,3,"5,12,25"
247,09:47,3,3,삼성,4,"4,15,18,49"
247,09:47,4,4,여의도,22,"2,3,9,11,17,19,20,30,31,33,35,41,42,43,44,45,46,52,54,64,65,68"
247,09:47,5,5,김포공항,3,"8,38,50"
247,09:47,6,6,일산,2,"6,69"
247,09:47,7,7,판교,4,"10,22,26,27"
247,09:47,8,8,동탄/용인,1,24
247,09:47,9,9,평택,1,21
248,09:48,1,1,서울역,10,"0,7,51,53,55,59,61,62,66,67"
248,09:48,2,2,수서,3,"5,12,25"
248,09:48,3,3,삼성,5,"4,15,18,23,49"
248,09:48,4,4,여의도,23,"2,3,9,11,17,19,20,30,31,33,35,41,42,43,44,45,46,47,52,54,64,65,68"
248,09:48,5,5,김포공항,3,"8,38,50"
248,09:48,6,6,일산,2,"6,69"
248,09:48,7,7,판교,4,"10,22,26,27"
248,09:48,8,8,동탄/용인,1,24
248,09:48,9,9,평택,2,"21,37"
249,09:49,1,1,서울역,10,"0,7,51,53,55,59,61,62,66,67"
249,09:49,2,2,수서,3,"5,12,25"
249,09:49,3,3,삼성,3,"18,23,49"
249,09:49,4,4,여의도,23,"2,3,9,11,17,19,20,30,31,33,35,41,42,43,44,45,46,47,52,54,64,65,68"
249,09:49,6,6,일산,2,"6,69"
249,09:49,7,7,판교,5,"10,22,26,27,32"
249,09:49,8,8,동탄/용인,1,24
249,09:49,9,9,평택,3,"13,21,37"
250,09:50,1,1,서울역,10,"0,7,51,53,55,59,61,62,66,67"
250,09:50,2,2,수서,3,"5,12,25"
250,09:50,3,3,삼성,2,"18,23"
250,09:50,4,4,여의도,24,"2,3,9,11,17,19,20,30,31,33,35,41,42,43,44,45,46,47,52,54,63,64,65,68"
250,09:50,6,6,일산,2,"40,69"
250,09:50,7,7,판교,5,"10,22,26,27,32"
250,09:50,9,9,평택,2,"13,37"
251,09:51,1,1,서울역,10,"1,7,51,53,55,59,61,62,66,67"
251,09:51,2,2,수서,3,"5,12,25"
251,09:51,3,3,삼성,2,"18,23"
251,09:51,4,4,여의도,21,"2,3,9,11,17,19,20,30,31,33,35,41,42,44,45,46,54,63,64,65,68"
251,09:51,5,5,김포공항,1,34
251,09:51,6,6,일산,3,"39,40,69"
251,09:51,7,7,판교,4,"22,26,27,32"
251,09:51,9,9,평택,2,"13,37"
252,09:52,1,1,서울역,10,"1,7,51,53,55,59,61,62,66,67"
252,09:52,2,2,수서,3,"5,12,25"
252,09:52,3,3,삼성,3,"18,23,28"
252,09:52,4,4,여의도,20,"2,3,11,17,19,20,30,31,33,35,41,42,44,45,46,54,63,64,65,68"
252,09:52,5,5,김포공항,1,34
252,09:52,6,6,일산,4,"39,40,48,69"
252,09:52,7,7,판교,4,"22,26,27,32"
252,09:52,9,9,평택,2,"13,37"
253,09:53,1,1,서울역,10,"1,7,51,53,55,59,61,62,66,67"
253,09:53,2,2,수서,1,25
253,09:53,3,3,삼성,3,"18,23,28"
253,09:53,4,4,여의도,20,"2,3,11,14,17,19,20,30,31,33,35,42,44,45,46,54,63,64,65,68"
253,09:53,5,5,김포공항,1,34
253,09:53,6,6,일산,3,"39,48,57"
253,09:53,7,7,판교,4,"22,26,27,32"
253,09:53,8,8,동탄/용인,1,56
253,09:53,9,9,평택,2,"13,37"
254,09:54,1,1,서울역,11,"1,7,51,53,55,59,60,61,62,66,67"
254,09:54,2,2,수서,1,25
254,09:54,3,3,삼성,3,"18,28,29"
254,09:54,4,4,여의도,20,"2,3,11,14,17,19,20,30,31,33,35,42,44,45,46,54,63,64,65,68"
254,09:54,6,6,일산,2,"48,57"
254,09:54,7,7,판교,4,"22,26,27,32"
254,09:54,8,8,동탄/용인,1,56
254,09:54,9,9,평택,2,"13,37"
255,09:55,1,1,서울역,12,"1,4,7,51,53,55,59,60,61,62,66,67"
255,09:55,2,2,수서,1,25
255,09:55,3,3,삼성,3,"18,28,29"
255,09:55,4,4,여의도,20,"2,3,11,14,17,19,20,30,31,33,35,42,44,45,46,54,63,64,65,68"
255,09:55,6,6,일산,1,57
255,09:55,7,7,판교,4,"22,26,27,32"
255,09:55,8,8,동탄/용인,1,56
255,09:55,9,9,평택,2,"13,37"
256,09:56,1,1,서울역,12,"1,4,7,51,53,55,59,60,61,62,66,67"
256,09:56,2,2,수서,1,25
256,09:56,3,3,삼성,3,"18,28,29"
256,09:56,4,4,여의도,21,"2,3,11,14,15,17,19,20,30,31,33,35,42,44,45,46,54,63,64,65,68"
256,09:56,6,6,일산,1,57
256,09:56,7,7,판교,4,"22,26,27,32"
256,09:56,9,9,평택,2,"13,37"
257,09:57,1,1,서울역,13,"1,4,6,7,51,53,55,59,60,61,62,66,67"
257,09:57,2,2,수서,2,"25,43"
257,09:57,3,3,삼성,5,"8,18,28,29,38"
257,09:57,4,4,여의도,21,"2,3,11,14,15,17,19,20,30,31,33,35,42,44,45,46,54,63,64,65,68"
257,09:57,5,5,김포공항,2,"47,52"
257,09:57,6,6,일산,1,57
257,09:57,7,7,판교,4,"22,26,27,32"
257,09:57,9,9,평택,2,"13,37"
258,09:58,1,1,서울역,14,"1,4,6,7,10,51,53,55,59,60,61,62,66,67"
258,09:58,2,2,수서,3,"9,25,43"
258,09:58,3,3,삼성,5,"8,18,28,29,38"
258,09:58,4,4,여의도,20,"2,3,11,14,15,17,19,20,30,33,35,42,44,45,46,54,63,64,65,68"
258,09:58,5,5,김포공항,2,"47,52"
258,09:58,6,6,일산,2,"16,57"
258,09:58,7,7,판교,5,"0,22,26,27,32"
258,09:58,9,9,평택,2,"13,37"
259,09:59,1,1,서울역,14,"1,4,6,7,10,51,53,55,59,60,61,62,66,67"
259,09:59,2,2,수서,3,"9,41,43"
259,09:59,3,3,삼성,4,"8,28,29,38"
259,09:59,4,4,여의도,20,"3,5,11,14,15,17,19,20,30,33,35,42,44,45,46,54,63,64,65,68"
259,09:59,5,5,김포공항,2,"47,52"
259,09:59,6,6,일산,2,"16,57"
259,09:59,7,7,판교,7,"0,22,26,27,32,50,58"
259,09:59,9,9,평택,2,"13,37"
260,10:00,1,1,서울역,12,"1,4,6,10,12,51,53,55,59,61,66,67"
260,10:00,2,2,수서,3,"9,24,41"
260,10:00,3,3,삼성,2,"8,38"
260,10:00,4,4,여의도,18,"3,5,11,14,15,17,19,20,30,33,35,42,45,46,54,63,64,68"
260,10:00,5,5,김포공항,1,52
260,10:00,6,6,일산,3,"16,49,57"
260,10:00,7,7,판교,7,"0,22,26,27,32,50,58"
260,10:00,9,9,평택,2,"13,37"
261,10:01,1,1,서울역,11,"1,4,6,12,39,51,53,55,59,61,67"
261,10:01,2,2,수서,2,"24,41"
261,10:01,3,3,삼성,2,"8,38"
261,10:01,4,4,여의도,19,"3,5,11,14,15,17,19,20,23,30,33,35,42,45,46,54,63,64,68"
261,10:01,5,5,김포공항,1,52
261,10:01,6,6,일산,3,"16,49,57"
261,10:01,7,7,판교,7,"0,22,26,27,32,50,58"
261,10:01,9,9,평택,2,"13,37"
262,10:02,1,1,서울역,12,"1,4,6,12,39,48,51,53,55,59,61,67"
262,10:02,2,2,수서,2,"24,41"
262,10:02,3,3,삼성,3,"8,34,38"
262,10:02,4,4,여의도,18,"3,5,11,14,15,17,19,20,23,30,33,35,42,45,46,54,63,68"
262,10:02,5,5,김포공항,1,52
262,10:02,6,6,일산,3,"16,49,57"
262,10:02,7,7,판교,6,"0,22,26,27,32,50"
262,10:02,9,9,평택,3,"13,36,37"
263,10:03,1,1,서울역,9,"1,4,6,39,48,51,53,55,59"
263,10:03,2,2,수서,3,"24,28,41"
263,10:03,3,3,삼성,2,"34,38"
263,10:03,4,4,여의도,16,"3,5,11,14,15,17,19,23,30,33,35,42,45,46,54,63"
263,10:03,5,5,김포공항,1,52
263,10:03,6,6,일산,3,"16,49,57"
263,10:03,7,7,판교,6,"0,22,26,27,32,50"
263,10:03,9,9,평택,3,"13,36,37"
264,10:04,1,1,서울역,7,"1,4,6,48,53,55,59"
264,10:04,2,2,수서,4,"24,28,40,41"
264,10:04,3,3,삼성,2,"34,38"
264,10:04,4,4,여의도,16,"3,5,11,14,15,17,19,23,30,33,35,42,45,46,54,63"
264,10:04,5,5,김포공항,1,52
264,10:04,6,6,일산,1,49
264,10:04,7,7,판교,6,"0,22,26,27,32,50"
264,10:04,9,9,평택,3,"13,36,37"
265,10:05,1,1,서울역,5,"1,4,53,55,59"
265,10:05,2,2,수서,4,"2,24,28,40"
265,10:05,3,3,삼성,2,"34,38"
265,10:05,4,4,여의도,15,"3,5,11,14,17,19,23,25,30,33,35,42,45,46,54"
265,10:05,6,6,일산,1,49
265,10:05,7,7,판교,7,"0,22,26,27,32,50,69"
265,10:05,9,9,평택,3,"13,36,37"
266,10:06,1,1,서울역,5,"1,4,21,53,55"
266,10:06,2,2,수서,4,"2,40,56,65"
266,10:06,3,3,삼성,3,"34,38,60"
266,10:06,4,4,여의도,17,"3,5,11,14,17,18,19,23,25,30,33,35,42,43,45,46,54"
266,10:06,5,5,김포공항,1,44
266,10:06,6,6,일산,1,49
266,10:06,7,7,판교,6,"0,26,27,32,50,69"
266,10:06,9,9,평택,3,"13,36,37"
267,10:07,1,1,서울역,5,"1,4,21,53,55"
267,10:07,2,2,수서,4,"2,40,56,65"
267,10:07,3,3,삼성,4,"10,34,38,60"
267,10:07,4,4,여의도,18,"3,5,9,11,14,17,18,23,25,29,30,33,35,42,43,45,46,54"
267,10:07,5,5,김포공항,1,44
267,10:07,6,6,일산,3,"7,49,62"
267,10:07,7,7,판교,5,"0,26,27,32,69"
267,10:07,9,9,평택,2,"13,36"
268,10:08,1,1,서울역,5,"1,4,21,53,55"
268,10:08,2,2,수서,4,"2,40,56,65"
268,10:08,3,3,삼성,3,"10,38,60"
268,10:08,4,4,여의도,18,"3,5,9,11,14,17,18,23,25,29,30,33,35,42,43,45,46,54"
268,10:08,5,5,김포공항,2,"44,64"
268,10:08,6,6,일산,4,"7,49,62,66"
268,10:08,7,7,판교,4,"0,27,32,69"
268,10:08,9,9,평택,2,"13,36"
269,10:09,1,1,서울역,4,"4,21,55,58"
269,10:09,2,2,수서,4,"2,40,56,68"
269,10:09,3,3,삼성,4,"10,12,38,61"
269,10:09,4,4,여의도,18,"3,5,9,11,14,17,18,23,25,29,30,33,35,42,43,45,46,54"
269,10:09,5,5,김포공항,1,64
269,10:09,6,6,일산,4,"7,49,62,66"
269,10:09,7,7,판교,4,"0,27,32,69"
269,10:09,9,9,평택,2,"13,36"
270,10:10,1,1,서울역,2,"4,58"
270,10:10,10,10,인천공항,1,31
270,10:10,2,2,수서,4,"2,40,56,68"
270,10:10,3,3,삼성,5,"12,20,38,39,61"
270,10:10,4,4,여의도,18,"3,5,8,9,11,14,17,18,25,29,30,33,35,42,43,45,46,54"
270,10:10,5,5,김포공항,1,64
270,10:10,6,6,일산,3,"49,66,67"
270,10:10,7,7,판교,5,"0,27,32,47,69"
270,10:10,9,9,평택,2,"13,36"
271,10:11,1,1,서울역,3,"4,16,58"
271,10:11,10,10,인천공항,1,31
271,10:11,2,2,수서,5,"2,40,51,56,68"
271,10:11,3,3,삼성,6,"6,12,20,38,39,61"
271,10:11,4,4,여의도,17,"3,5,8,9,11,17,18,25,29,30,33,35,42,43,45,46,54"
271,10:11,5,5,김포공항,2,"15,64"
271,10:11,6,6,일산,2,"66,67"
271,10:11,7,7,판교,4,"0,32,47,69"
271,10:11,9,9,평택,1,13
272,10:12,1,1,서울역,3,"4,16,41"
272,10:12,10,10,인천공항,1,31
272,10:12,2,2,수서,4,"2,40,51,68"
272,10:12,3,3,삼성,6,"6,12,20,38,39,61"
272,10:12,4,4,여의도,18,"3,5,8,9,11,17,18,24,25,29,30,33,35,42,43,45,46,54"
272,10:12,5,5,김포공항,2,"15,64"
272,10:12,6,6,일산,2,"66,67"
272,10:12,7,7,판교,5,"0,32,47,48,69"
272,10:12,9,9,평택,1,13
273,10:13,1,1,서울역,4,"16,22,28,41"
273,10:13,10,10,인천공항,1,31
273,10:13,2,2,수서,5,"2,19,40,51,68"
273,10:13,3,3,삼성,5,"6,12,20,38,61"
273,10:13,4,4,여의도,17,"3,5,9,11,17,18,24,25,29,30,33,35,42,43,45,46,54"
273,10:13,5,5,김포공항,2,"15,64"
273,10:13,6,6,일산,3,"59,66,67"
273,10:13,7,7,판교,5,"0,32,47,48,69"
273,10:13,9,9,평택,1,13
274,10:14,1,1,서울역,5,"16,22,28,34,41"
274,10:14,10,10,인천공항,1,31
274,10:14,2,2,수서,4,"2,19,40,68"
274,10:14,3,3,삼성,6,"6,12,20,38,57,61"
274,10:14,4,4,여의도,17,"3,5,9,11,17,18,24,25,29,30,33,35,42,43,45,46,54"
274,10:14,5,5,김포공항,2,"15,64"
274,10:14,6,6,일산,2,"59,67"
274,10:14,7,7,판교,5,"0,32,47,48,69"
274,10:14,8,8,동탄/용인,1,50
275,10:15,1,1,서울역,6,"16,22,26,28,34,41"
275,10:15,10,10,인천공항,1,31
275,10:15,2,2,수서,3,"2,19,40"
275,10:15,3,3,삼성,5,"6,20,38,53,57"
275,10:15,4,4,여의도,15,"5,9,11,17,24,25,29,30,33,35,42,43,45,46,54"
275,10:15,5,5,김포공항,1,15
275,10:15,6,6,일산,2,"59,67"
275,10:15,7,7,판교,4,"0,47,52,69"
275,10:15,8,8,동탄/용인,1,50
276,10:16,1,1,서울역,5,"16,26,28,34,41"
276,10:16,10,10,인천공항,1,31
276,10:16,2,2,수서,3,"2,19,40"
276,10:16,3,3,삼성,4,"6,21,53,57"
276,10:16,4,4,여의도,14,"9,11,17,24,25,29,30,33,35,42,43,45,46,54"
276,10:16,5,5,김포공항,1,15
276,10:16,7,7,판교,4,"0,1,52,69"
276,10:16,8,8,동탄/용인,1,50
277,10:17,1,1,서울역,5,"16,26,28,34,41"
277,10:17,10,10,인천공항,2,"31,63"
277,10:17,2,2,수서,4,"2,19,40,55"
277,10:17,3,3,삼성,4,"21,23,53,57"
277,10:17,4,4,여의도,13,"9,11,17,24,29,30,33,35,42,43,45,46,54"
277,10:17,5,5,김포공항,2,"14,65"
277,10:17,7,7,판교,4,"0,1,52,69"
277,10:17,8,8,동탄/용인,1,50
278,10:18,1,1,서울역,6,"16,26,28,34,41,49"
278,10:18,10,10,인천공항,2,"31,63"
278,10:18,2,2,수서,4,"2,19,40,55"
278,10:18,3,3,삼성,4,"21,23,53,57"
278,10:18,4,4,여의도,12,"11,17,27,29,30,33,35,42,43,45,46,54"
278,10:18,5,5,김포공항,3,"10,14,65"
278,10:18,7,7,판교,4,"0,1,52,69"
278,10:18,8,8,동탄/용인,1,50
279,10:19,1,1,서울역,6,"16,26,28,34,41,49"
279,10:19,10,10,인천공항,2,"31,63"
279,10:19,2,2,수서,4,"2,19,40,55"
279,10:19,3,3,삼성,4,"21,23,53,57"
279,10:19,4,4,여의도,11,"11,17,27,29,30,33,42,43,45,46,54"
279,10:19,5,5,김포공항,4,"8,10,14,65"
279,10:19,6,6,일산,2,"58,60"
279,10:19,7,7,판교,5,"0,1,44,52,69"
279,10:19,8,8,동탄/용인,1,50
280,10:20,1,1,서울역,4,"26,28,34,49"
280,10:20,10,10,인천공항,2,"31,63"
280,10:20,2,2,수서,3,"2,19,55"
280,10:20,3,3,삼성,5,"7,21,23,53,62"
280,10:20,4,4,여의도,9,"17,27,29,30,33,42,43,46,54"
280,10:20,5,5,김포공항,5,"8,10,14,56,65"
280,10:20,6,6,일산,2,"58,60"
280,10:20,7,7,판교,5,"0,1,44,52,69"
280,10:20,8,8,동탄/용인,1,50
281,10:21,1,1,서울역,5,"26,28,34,49,51"
281,10:21,10,10,인천공항,2,"31,63"
281,10:21,2,2,수서,4,"2,3,19,55"
281,10:21,3,3,삼성,4,"7,21,23,62"
281,10:21,4,4,여의도,8,"17,27,29,30,33,42,46,54"
281,10:21,5,5,김포공항,6,"8,10,14,39,56,65"
281,10:21,6,6,일산,2,"58,60"
281,10:21,7,7,판교,4,"0,1,44,52"
281,10:21,8,8,동탄/용인,1,50
282,10:22,1,1,서울역,6,"26,28,34,38,49,51"
282,10:22,10,10,인천공항,2,"31,63"
282,10:22,2,2,수서,5,"2,3,5,19,55"
282,10:22,3,3,삼성,5,"7,18,21,23,62"
282,10:22,4,4,여의도,9,"17,27,29,30,32,33,42,46,54"
282,10:22,5,5,김포공항,5,"10,14,39,56,65"
282,10:22,6,6,일산,1,60
282,10:22,7,7,판교,3,"0,44,52"
283,10:23,1,1,서울역,10,"6,26,28,34,37,38,47,49,51,59"
283,10:23,10,10,인천공항,1,31
283,10:23,2,2,수서,5,"3,5,19,55,64"
283,10:23,3,3,삼성,4,"7,18,40,62"
283,10:23,4,4,여의도,10,"17,20,27,29,30,32,33,42,46,54"
283,10:23,5,5,김포공항,6,"10,12,14,39,56,68"
283,10:23,6,6,일산,2,"22,60"
283,10:23,7,7,판교,3,"0,44,52"
284,10:24,1,1,서울역,9,"6,26,28,34,37,38,47,49,59"
284,10:24,10,10,인천공항,1,31
284,10:24,2,2,수서,5,"3,5,19,55,64"
284,10:24,3,3,삼성,5,"7,18,40,62,66"
284,10:24,4,4,여의도,8,"17,20,27,29,30,32,33,54"
284,10:24,5,5,김포공항,5,"10,12,39,56,68"
284,10:24,6,6,일산,2,"22,60"
284,10:24,7,7,판교,4,"0,25,44,52"
285,10:25,1,1,서울역,10,"6,15,26,28,34,37,38,47,49,59"
285,10:25,10,10,인천공항,1,31
285,10:25,2,2,수서,4,"3,5,55,64"
285,10:25,3,3,삼성,5,"7,18,40,62,66"
285,10:25,4,4,여의도,8,"17,20,27,29,30,32,33,54"
285,10:25,5,5,김포공항,5,"10,12,39,56,68"
285,10:25,6,6,일산,3,"22,60,61"
285,10:25,7,7,판교,5,"0,9,25,44,52"
286,10:26,1,1,서울역,9,"6,15,26,28,34,37,38,47,49"
286,10:26,10,10,인천공항,2,"4,31"
286,10:26,2,2,수서,3,"3,5,64"
286,10:26,3,3,삼성,5,"7,16,18,35,66"
286,10:26,4,4,여의도,9,"17,20,27,29,30,32,33,36,54"
286,10:26,5,5,김포공항,6,"10,11,12,39,56,68"
286,10:26,6,6,일산,3,"22,60,61"
286,10:26,7,7,판교,5,"0,9,25,44,52"
287,10:27,1,1,서울역,9,"6,15,26,28,34,37,38,47,49"
287,10:27,10,10,인천공항,3,"4,31,67"
287,10:27,2,2,수서,4,"3,5,41,64"
287,10:27,3,3,삼성,5,"7,16,18,35,66"
287,10:27,4,4,여의도,9,"17,20,27,29,32,33,36,54,57"
287,10:27,5,5,김포공항,5,"10,11,12,56,68"
287,10:27,6,6,일산,3,"22,60,61"
287,10:27,7,7,판교,5,"0,9,25,45,52"
287,10:27,9,9,평택,1,48
288,10:28,1,1,서울역,9,"6,15,26,28,34,37,38,47,49"
288,10:28,10,10,인천공항,3,"4,31,67"
288,10:28,2,2,수서,5,"3,5,13,41,64"
288,10:28,3,3,삼성,5,"7,16,35,43,66"
288,10:28,4,4,여의도,9,"17,20,27,29,32,36,54,57,69"
288,10:28,5,5,김포공항,5,"10,11,12,56,68"
288,10:28,6,6,일산,3,"22,60,61"
288,10:28,7,7,판교,4,"9,25,45,52"
288,10:28,9,9,평택,1,48
289,10:29,1,1,서울역,9,"6,15,23,26,28,34,38,47,49"
289,10:29,10,10,인천공항,3,"4,31,67"
289,10:29,2,2,수서,4,"3,5,13,41"
289,10:29,3,3,삼성,4,"7,35,43,66"
289,10:29,4,4,여의도,10,"2,17,20,27,29,32,36,54,57,69"
289,10:29,5,5,김포공항,3,"12,53,68"
289,10:29,6,6,일산,3,"22,60,61"
289,10:29,7,7,판교,4,"9,25,45,52"
289,10:29,9,9,평택,1,48
290,10:30,1,1,서울역,9,"6,8,15,23,28,34,38,47,49"
290,10:30,10,10,인천공항,3,"4,31,67"
290,10:30,2,2,수서,2,"5,13"
290,10:30,3,3,삼성,3,"7,35,43"
290,10:30,4,4,여의도,8,"2,20,21,29,32,36,57,69"
290,10:30,5,5,김포공항,3,"12,53,68"
290,10:30,6,6,일산,3,"22,60,61"
290,10:30,7,7,판교,4,"9,25,45,52"
290,10:30,9,9,평택,1,48
291,10:31,1,1,서울역,10,"6,8,15,23,28,34,38,47,49,65"
291,10:31,10,10,인천공항,3,"4,31,67"
291,10:31,2,2,수서,2,"5,13"
291,10:31,3,3,삼성,4,"7,35,42,43"
291,10:31,4,4,여의도,9,"2,19,20,21,29,32,36,57,69"
291,10:31,5,5,김포공항,3,"12,53,68"
291,10:31,6,6,일산,3,"22,60,61"
291,10:31,7,7,판교,5,"9,25,45,46,52"
291,10:31,9,9,평택,1,48
292,10:32,1,1,서울역,10,"6,8,15,28,34,38,47,49,62,65"
292,10:32,10,10,인천공항,3,"4,31,67"
292,10:32,2,2,수서,2,"5,13"
292,10:32,3,3,삼성,5,"14,35,42,43,58"
292,10:32,4,4,여의도,9,"2,19,20,21,29,32,36,57,69"
292,10:32,5,5,김포공항,4,"1,51,53,68"
292,10:32,6,6,일산,3,"22,60,61"
292,10:32,7,7,판교,5,"9,25,45,46,52"
292,10:32,9,9,평택,1,48
293,10:33,1,1,서울역,10,"6,8,15,28,34,38,47,49,62,65"
293,10:33,10,10,인천공항,3,"4,31,67"
293,10:33,2,2,수서,3,"5,13,30"
293,10:33,3,3,삼성,5,"14,35,42,43,58"
293,10:33,4,4,여의도,10,"2,19,20,21,29,32,36,40,57,69"
293,10:33,5,5,김포공항,4,"1,51,53,68"
293,10:33,6,6,일산,3,"59,60,61"
293,10:33,7,7,판교,5,"9,25,45,46,52"
293,10:33,9,9,평택,2,"24,48"
294,10:34,1,1,서울역,13,"6,8,15,18,28,34,38,44,47,49,50,62,65"
294,10:34,10,10,인천공항,3,"4,31,67"
294,10:34,2,2,수서,4,"5,13,30,33"
294,10:34,3,3,삼성,4,"14,35,42,58"
294,10:34,4,4,여의도,9,"2,19,20,21,29,36,40,57,69"
294,10:34,5,5,김포공항,5,"1,51,53,55,68"
294,10:34,6,6,일산,3,"59,60,61"
294,10:34,7,7,판교,5,"9,25,45,46,52"
294,10:34,9,9,평택,2,"24,48"
295,10:35,1,1,서울역,13,"6,8,15,18,28,34,38,44,47,49,50,62,65"
295,10:35,10,10,인천공항,3,"4,31,67"
295,10:35,2,2,수서,4,"5,13,30,33"
295,10:35,3,3,삼성,5,"14,35,39,42,58"
295,10:35,4,4,여의도,9,"0,2,19,20,21,29,40,57,69"
295,10:35,5,5,김포공항,5,"1,51,53,55,68"
295,10:35,6,6,일산,3,"59,60,61"
295,10:35,7,7,판교,5,"9,25,45,46,52"
295,10:35,9,9,평택,2,"24,48"
296,10:36,1,1,서울역,13,"6,8,15,18,34,38,44,47,49,50,62,63,65"
296,10:36,10,10,인천공항,3,"4,31,67"
296,10:36,2,2,수서,5,"5,13,30,33,37"
296,10:36,3,3,삼성,5,"14,35,39,42,58"
296,10:36,4,4,여의도,9,"0,2,16,19,20,21,40,57,69"
296,10:36,5,5,김포공항,5,"1,51,53,55,68"
296,10:36,6,6,일산,2,"60,61"
296,10:36,7,7,판교,5,"9,25,45,46,52"
296,10:36,9,9,평택,2,"24,48"
297,10:37,1,1,서울역,14,"3,6,8,15,18,34,38,44,47,49,50,62,63,65"
297,10:37,10,10,인천공항,3,"4,31,67"
297,10:37,2,2,수서,6,"5,13,30,33,37,56"
297,10:37,3,3,삼성,7,"10,14,35,39,42,54,58"
297,10:37,4,4,여의도,8,"0,2,16,20,21,40,57,69"
297,10:37,5,5,김포공항,6,"1,51,53,55,64,68"
297,10:37,6,6,일산,2,"60,61"
297,10:37,7,7,판교,6,"9,17,25,45,46,52"
297,10:37,9,9,평택,2,"24,48"
298,10:38,1,1,서울역,14,"3,6,8,15,18,34,38,44,47,49,50,62,63,65"
298,10:38,10,10,인천공항,2,"31,67"
298,10:38,2,2,수서,6,"5,13,30,33,37,56"
298,10:38,3,3,삼성,5,"10,14,39,42,54"
298,10:38,4,4,여의도,8,"0,2,16,20,21,40,57,69"
298,10:38,5,5,김포공항,6,"1,41,55,64,66,68"
298,10:38,6,6,일산,2,"60,61"
298,10:38,7,7,판교,6,"9,17,25,45,46,52"
298,10:38,9,9,평택,2,"24,48"
299,10:39,1,1,서울역,14,"3,6,8,15,18,34,38,44,47,49,50,62,63,65"
299,10:39,10,10,인천공항,2,"31,67"
299,10:39,2,2,수서,4,"13,30,33,56"
299,10:39,3,3,삼성,5,"10,14,39,42,54"
299,10:39,4,4,여의도,8,"0,2,16,20,21,40,57,69"
299,10:39,5,5,김포공항,6,"1,41,55,64,66,68"
299,10:39,6,6,일산,3,"23,60,61"
299,10:39,7,7,판교,6,"9,11,17,25,45,46"
299,10:39,9,9,평택,2,"24,48"
300,10:40,1,1,서울역,10,"3,8,12,15,18,38,44,49,50,62"
300,10:40,10,10,인천공항,2,"31,67"
300,10:40,2,2,수서,5,"13,30,32,33,56"
300,10:40,3,3,삼성,4,"10,14,39,54"
300,10:40,4,4,여의도,7,"0,2,16,20,21,40,69"
300,10:40,5,5,김포공항,6,"7,41,55,64,66,68"
300,10:40,6,6,일산,3,"23,60,61"
300,10:40,7,7,판교,5,"11,17,25,45,46"
300,10:40,9,9,평택,2,"24,48"
301,10:41,1,1,서울역,9,"3,8,12,15,18,44,49,50,62"
301,10:41,10,10,인천공항,2,"31,67"
301,10:41,2,2,수서,5,"13,30,32,33,56"
301,10:41,3,3,삼성,3,"10,14,54"
301,10:41,4,4,여의도,7,"0,2,16,20,21,40,69"
301,10:41,5,5,김포공항,6,"7,41,55,64,66,68"
301,10:41,6,6,일산,2,"23,61"
301,10:41,7,7,판교,5,"11,17,25,45,46"
301,10:41,9,9,평택,1,24
302,10:42,1,1,서울역,8,"3,12,15,18,44,49,50,62"
302,10:42,10,10,인천공항,2,"31,67"
302,10:42,2,2,수서,4,"13,32,33,56"
302,10:42,3,3,삼성,3,"10,14,54"
302,10:42,4,4,여의도,5,"0,2,20,40,69"
302,10:42,5,5,김포공항,7,"7,41,43,55,64,66,68"
302,10:42,6,6,일산,1,61
302,10:42,7,7,판교,6,"11,17,25,36,45,46"
302,10:42,9,9,평택,1,24
303,10:43,1,1,서울역,6,"3,18,44,49,50,62"
303,10:43,10,10,인천공항,3,"26,31,67"
303,10:43,2,2,수서,5,"13,32,33,42,56"
303,10:43,3,3,삼성,2,"10,14"
303,10:43,4,4,여의도,5,"0,2,20,40,69"
303,10:43,5,5,김포공항,5,"7,41,43,66,68"
303,10:43,6,6,일산,1,61
303,10:43,7,7,판교,6,"11,17,25,36,45,46"
303,10:43,9,9,평택,1,24
304,10:44,1,1,서울역,6,"3,35,44,49,50,62"
304,10:44,10,10,인천공항,3,"26,31,67"
304,10:44,2,2,수서,5,"13,32,33,42,56"
304,10:44,3,3,삼성,3,"10,14,19"
304,10:44,4,4,여의도,5,"0,2,6,20,40"
304,10:44,5,5,김포공항,4,"7,43,66,68"
304,10:44,6,6,일산,1,61
304,10:44,7,7,판교,6,"11,17,25,36,45,46"
304,10:44,9,9,평택,1,24
305,10:45,1,1,서울역,5,"35,44,49,50,62"
305,10:45,10,10,인천공항,3,"26,31,67"
305,10:45,2,2,수서,5,"13,32,33,42,56"
305,10:45,3,3,삼성,3,"10,14,19"
305,10:45,4,4,여의도,6,"0,2,5,6,20,40"
305,10:45,5,5,김포공항,4,"7,43,66,68"
305,10:45,6,6,일산,1,61
305,10:45,7,7,판교,6,"11,17,22,36,45,46"
305,10:45,9,9,평택,2,"24,27"
306,10:46,1,1,서울역,5,"35,44,50,51,62"
306,10:46,10,10,인천공항,2,"26,67"
306,10:46,2,2,수서,5,"13,32,33,56,57"
306,10:46,3,3,삼성,5,"10,14,19,53,59"
306,10:46,4,4,여의도,8,"0,2,5,6,8,20,40,52"
306,10:46,5,5,김포공항,4,"7,43,58,66"
306,10:46,6,6,일산,1,61
306,10:46,7,7,판교,6,"11,17,22,36,45,46"
306,10:46,9,9,평택,2,"24,27"
307,10:47,1,1,서울역,6,"9,35,44,50,51,62"
307,10:47,10,10,인천공항,2,"26,67"
307,10:47,2,2,수서,5,"13,32,33,56,57"
307,10:47,3,3,삼성,5,"10,14,19,53,59"
307,10:47,4,4,여의도,8,"0,2,5,8,12,15,40,52"
307,10:47,5,5,김포공항,5,"7,37,43,58,66"
307,10:47,6,6,일산,3,"34,61,65"
307,10:47,7,7,판교,6,"11,17,22,36,45,46"
307,10:47,9,9,평택,2,"24,27"
308,10:48,1,1,서울역,5,"9,35,44,51,62"
308,10:48,10,10,인천공항,2,"26,67"
308,10:48,2,2,수서,5,"13,32,33,56,57"
308,10:48,3,3,삼성,5,"10,14,19,53,59"
308,10:48,4,4,여의도,9,"0,2,5,8,12,15,18,40,52"
308,10:48,5,5,김포공항,6,"7,37,43,58,63,66"
308,10:48,6,6,일산,4,"34,38,61,65"
308,10:48,7,7,판교,5,"17,22,36,45,46"
308,10:48,9,9,평택,2,"24,27"
309,10:49,1,1,서울역,5,"9,30,35,44,51"
309,10:49,10,10,인천공항,3,"26,28,67"
309,10:49,2,2,수서,4,"13,33,56,57"
309,10:49,3,3,삼성,5,"14,19,21,53,59"
309,10:49,4,4,여의도,9,"0,2,5,8,12,15,18,40,52"
309,10:49,5,5,김포공항,6,"7,37,39,43,58,63"
309,10:49,6,6,일산,4,"34,38,61,65"
309,10:49,7,7,판교,5,"17,22,36,45,46"
309,10:49,9,9,평택,2,"24,27"
310,10:50,1,1,서울역,5,"9,30,35,44,51"
310,10:50,10,10,인천공항,3,"26,28,67"
310,10:50,2,2,수서,4,"13,33,56,57"
310,10:50,3,3,삼성,4,"14,21,53,59"
310,10:50,4,4,여의도,7,"0,5,8,18,40,49,52"
310,10:50,5,5,김포공항,5,"37,39,43,58,63"
310,10:50,6,6,일산,2,"38,61"
310,10:50,7,7,판교,6,"1,17,22,36,45,46"
310,10:50,9,9,평택,2,"24,27"
311,10:51,1,1,서울역,5,"9,30,35,44,51"
311,10:51,10,10,인천공항,3,"26,28,67"
311,10:51,2,2,수서,5,"13,55,56,57,64"
311,10:51,3,3,삼성,5,"14,21,53,59,69"
311,10:51,4,4,여의도,7,"0,5,8,18,40,49,52"
311,10:51,5,5,김포공항,4,"37,39,43,58"
311,10:51,6,6,일산,1,61
311,10:51,7,7,판교,6,"1,17,22,36,45,46"
311,10:51,9,9,평택,2,"27,29"
312,10:52,1,1,서울역,7,"9,25,30,35,41,44,51"
312,10:52,10,10,인천공항,2,"28,67"
312,10:52,2,2,수서,5,"13,55,56,57,64"
312,10:52,3,3,삼성,5,"14,21,53,59,69"
312,10:52,4,4,여의도,7,"0,5,8,18,40,49,52"
312,10:52,5,5,김포공항,3,"37,39,43"
312,10:52,6,6,일산,1,61
312,10:52,7,7,판교,7,"1,3,17,22,36,45,46"
312,10:52,9,9,평택,2,"27,29"
313,10:53,1,1,서울역,6,"25,30,35,41,44,51"
313,10:53,10,10,인천공항,3,"23,28,67"
313,10:53,2,2,수서,5,"13,20,55,57,64"
313,10:53,3,3,삼성,6,"4,14,21,53,59,69"
313,10:53,4,4,여의도,6,"0,5,18,40,49,52"
313,10:53,5,5,김포공항,2,"39,43"
313,10:53,6,6,일산,1,61
313,10:53,7,7,판교,8,"1,3,17,22,36,45,46,60"
313,10:53,8,8,동탄/용인,1,16
313,10:53,9,9,평택,2,"27,29"
314,10:54,1,1,서울역,7,"25,30,35,41,44,51,68"
314,10:54,10,10,인천공항,3,"23,28,67"
314,10:54,2,2,수서,4,"13,20,55,57"
314,10:54,3,3,삼성,6,"4,14,21,53,59,69"
314,10:54,4,4,여의도,6,"0,5,18,40,49,52"
314,10:54,5,5,김포공항,3,"39,42,43"
314,10:54,6,6,일산,1,61
314,10:54,7,7,판교,8,"1,3,6,22,36,45,46,60"
314,10:54,8,8,동탄/용인,1,16
314,10:54,9,9,평택,2,"27,29"
315,10:55,1,1,서울역,8,"11,25,30,35,41,44,51,68"
315,10:55,10,10,인천공항,2,"23,67"
315,10:55,2,2,수서,4,"13,20,55,57"
315,10:55,3,3,삼성,4,"4,14,21,69"
315,10:55,4,4,여의도,5,"0,5,32,40,49"
315,10:55,5,5,김포공항,3,"39,42,43"
315,10:55,6,6,일산,1,61
315,10:55,7,7,판교,8,"1,3,6,22,36,45,46,60"
315,10:55,8,8,동탄/용인,1,16
315,10:55,9,9,평택,2,"27,29"
316,10:56,1,1,서울역,8,"11,25,30,35,41,44,51,68"
316,10:56,10,10,인천공항,2,"23,67"
316,10:56,2,2,수서,5,"12,13,20,55,57"
316,10:56,3,3,삼성,4,"4,14,21,69"
316,10:56,4,4,여의도,6,"0,5,32,40,48,49"
316,10:56,5,5,김포공항,3,"39,42,43"
316,10:56,6,6,일산,1,61
316,10:56,7,7,판교,7,"1,3,6,22,45,46,60"
316,10:56,8,8,동탄/용인,1,16
316,10:56,9,9,평택,3,"27,29,47"
317,10:57,1,1,서울역,9,"11,25,30,34,35,41,44,51,68"
317,10:57,10,10,인천공항,2,"23,67"
317,10:57,2,2,수서,4,"12,13,20,57"
317,10:57,3,3,삼성,6,"4,15,21,64,66,69"
317,10:57,4,4,여의도,7,"5,9,19,32,33,40,48"
317,10:57,5,5,김포공항,5,"10,39,42,43,62"
317,10:57,6,6,일산,1,61
317,10:57,7,7,판교,8,"1,2,3,6,22,45,46,60"
317,10:57,8,8,동탄/용인,1,16
317,10:57,9,9,평택,2,"27,47"
318,10:58,1,1,서울역,9,"7,11,30,34,35,41,44,51,68"
318,10:58,10,10,인천공항,2,"23,67"
318,10:58,2,2,수서,3,"12,13,20"
318,10:58,3,3,삼성,5,"4,15,64,66,69"
318,10:58,4,4,여의도,8,"5,9,19,31,32,33,40,48"
318,10:58,5,5,김포공항,4,"10,42,43,62"
318,10:58,6,6,일산,1,61
318,10:58,7,7,판교,8,"1,2,3,6,22,45,46,60"
318,10:58,8,8,동탄/용인,1,16
318,10:58,9,9,평택,3,"27,47,54"
319,10:59,1,1,서울역,9,"7,11,30,34,35,41,44,51,68"
319,10:59,10,10,인천공항,1,23
319,10:59,2,2,수서,4,"8,12,13,20"
319,10:59,3,3,삼성,5,"4,15,64,66,69"
319,10:59,4,4,여의도,8,"5,9,19,31,32,33,40,48"
319,10:59,5,5,김포공항,4,"10,42,43,62"
319,10:59,6,6,일산,1,61
319,10:59,7,7,판교,8,"1,2,3,6,22,45,46,60"
319,10:59,8,8,동탄/용인,1,16
319,10:59,9,9,평택,3,"27,47,54"
320,11:00,1,1,서울역,7,"7,11,35,41,44,51,56"
320,11:00,10,10,인천공항,1,23
320,11:00,2,2,수서,4,"8,12,13,20"
320,11:00,3,3,삼성,4,"4,15,58,66"
320,11:00,4,4,여의도,7,"5,19,31,32,33,40,48"
320,11:00,5,5,김포공항,3,"10,43,62"
320,11:00,6,6,일산,1,61
320,11:00,7,7,판교,8,"1,2,3,6,22,45,46,60"
320,11:00,8,8,동탄/용인,1,16
320,11:00,9,9,평택,3,"27,47,54"
321,11:01,1,1,서울역,6,"11,35,41,44,51,56"
321,11:01,10,10,인천공항,2,"23,63"
321,11:01,2,2,수서,7,"8,12,13,20,37,52,65"
321,11:01,3,3,삼성,4,"4,15,58,66"
321,11:01,4,4,여의도,7,"17,19,31,32,33,40,48"
321,11:01,5,5,김포공항,3,"10,43,62"
321,11:01,6,6,일산,1,61
321,11:01,7,7,판교,8,"1,2,3,6,22,45,46,60"
321,11:01,8,8,동탄/용인,1,16
321,11:01,9,9,평택,3,"27,47,54"
322,11:02,1,1,서울역,5,"11,41,44,51,56"
322,11:02,10,10,인천공항,2,"23,63"
322,11:02,2,2,수서,8,"8,12,13,20,37,38,52,65"
322,11:02,3,3,삼성,4,"4,15,58,66"
322,11:02,4,4,여의도,6,"17,19,31,32,33,40"
322,11:02,5,5,김포공항,3,"10,43,62"
322,11:02,6,6,일산,1,61
322,11:02,7,7,판교,9,"1,2,3,6,18,22,45,46,60"
322,11:02,8,8,동탄/용인,1,16
322,11:02,9,9,평택,3,"27,47,54"
323,11:03,1,1,서울역,5,"11,14,44,51,56"
323,11:03,10,10,인천공항,2,"23,63"
323,11:03,2,2,수서,8,"8,12,13,20,37,38,52,65"
323,11:03,3,3,삼성,4,"4,15,58,66"
323,11:03,4,4,여의도,7,"17,19,31,32,33,36,40"
323,11:03,5,5,김포공항,4,"10,43,53,59"
323,11:03,6,6,일산,2,"26,61"
323,11:03,7,7,판교,8,"1,3,6,18,22,45,46,60"
323,11:03,8,8,동탄/용인,1,16
323,11:03,9,9,평택,3,"27,47,54"
324,11:04,1,1,서울역,6,"11,14,21,44,51,56"
324,11:04,10,10,인천공항,2,"23,63"
324,11:04,2,2,수서,7,"8,12,13,20,37,38,52"
324,11:04,3,3,삼성,4,"4,15,58,66"
324,11:04,4,4,여의도,6,"19,32,33,36,40,68"
324,11:04,5,5,김포공항,4,"10,43,53,59"
324,11:04,6,6,일산,2,"26,61"
324,11:04,7,7,판교,9,"0,1,3,6,18,22,45,46,60"
324,11:04,8,8,동탄/용인,1,16
324,11:04,9,9,평택,4,"27,47,50,54"
325,11:05,1,1,서울역,6,"11,14,21,44,51,56"
325,11:05,10,10,인천공항,2,"23,63"
325,11:05,2,2,수서,6,"8,12,20,37,38,52"
325,11:05,3,3,삼성,2,"58,66"
325,11:05,4,4,여의도,6,"19,32,33,36,40,68"
325,11:05,5,5,김포공항,5,"10,43,53,55,59"
325,11:05,6,6,일산,2,"26,61"
325,11:05,7,7,판교,8,"0,1,6,18,22,45,46,60"
325,11:05,8,8,동탄/용인,1,16
325,11:05,9,9,평택,4,"27,47,50,54"
326,11:06,1,1,서울역,5,"11,14,21,44,56"
326,11:06,10,10,인천공항,2,"23,63"
326,11:06,2,2,수서,6,"8,12,20,37,38,52"
326,11:06,3,3,삼성,2,"34,39"
326,11:06,4,4,여의도,6,"24,32,33,36,40,68"
326,11:06,5,5,김포공항,4,"53,55,57,59"
326,11:06,6,6,일산,2,"26,61"
326,11:06,7,7,판교,8,"0,1,6,18,22,45,46,60"
326,11:06,9,9,평택,4,"27,47,50,54"
327,11:07,1,1,서울역,4,"11,14,21,56"
327,11:07,10,10,인천공항,2,"23,63"
327,11:07,2,2,수서,7,"5,8,12,20,37,38,52"
327,11:07,3,3,삼성,4,"9,34,39,65"
327,11:07,4,4,여의도,7,"24,28,32,33,36,40,69"
327,11:07,5,5,김포공항,4,"53,55,57,59"
327,11:07,6,6,일산,1,26
327,11:07,7,7,판교,7,"0,6,18,22,45,46,60"
327,11:07,9,9,평택,4,"27,47,50,54"
328,11:08,1,1,서울역,4,"11,14,21,56"
328,11:08,10,10,인천공항,2,"23,63"
328,11:08,2,2,수서,8,"5,12,20,37,38,42,48,52"
328,11:08,3,3,삼성,4,"9,34,39,65"
328,11:08,4,4,여의도,7,"24,28,32,33,36,40,69"
328,11:08,5,5,김포공항,4,"53,55,57,59"
328,11:08,6,6,일산,2,"7,26"
328,11:08,7,7,판교,6,"0,18,22,45,46,60"
328,11:08,9,9,평택,3,"27,47,50"
329,11:09,1,1,서울역,4,"11,14,21,56"
329,11:09,10,10,인천공항,3,"23,49,63"
329,11:09,2,2,수서,8,"5,12,20,37,38,42,48,52"
329,11:09,3,3,삼성,3,"9,39,65"
329,11:09,4,4,여의도,6,"24,28,32,33,40,69"
329,11:09,5,5,김포공항,4,"53,55,57,59"
329,11:09,6,6,일산,1,7
329,11:09,7,7,판교,6,"0,18,22,45,46,60"
329,11:09,9,9,평택,3,"27,47,50"
330,11:10,1,1,서울역,3,"11,14,56"
330,11:10,10,10,인천공항,3,"23,49,63"
330,11:10,2,2,수서,8,"5,12,20,37,38,42,48,52"
330,11:10,3,3,삼성,2,"9,39"
330,11:10,4,4,여의도,7,"2,24,28,32,33,40,69"
330,11:10,5,5,김포공항,5,"17,53,55,57,59"
330,11:10,6,6,일산,3,"7,41,64"
330,11:10,7,7,판교,5,"0,18,45,46,60"
330,11:10,9,9,평택,2,"47,50"
331,11:11,1,1,서울역,6,"4,11,14,15,56,62"
331,11:11,10,10,인천공항,4,"23,25,49,63"
331,11:11,2,2,수서,6,"5,12,20,37,38,42"
331,11:11,3,3,삼성,2,"9,39"
331,11:11,4,4,여의도,9,"2,24,28,32,33,40,44,67,69"
331,11:11,5,5,김포공항,5,"17,53,55,57,59"
331,11:11,6,6,일산,2,"41,64"
331,11:11,7,7,판교,4,"0,45,46,60"
331,11:11,9,9,평택,2,"47,50"
332,11:12,1,1,서울역,5,"4,11,15,56,62"
332,11:12,10,10,인천공항,3,"25,49,63"
332,11:12,2,2,수서,7,"5,12,19,20,37,38,42"
332,11:12,3,3,삼성,1,9
332,11:12,4,4,여의도,11,"2,3,24,28,29,32,33,40,44,67,69"
332,11:12,5,5,김포공항,4,"17,55,57,59"
332,11:12,6,6,일산,2,"41,64"
332,11:12,7,7,판교,4,"0,45,46,60"
332,11:12,9,9,평택,2,"47,50"
333,11:13,1,1,서울역,5,"4,11,15,56,62"
333,11:13,10,10,인천공항,3,"25,30,49"
333,11:13,2,2,수서,7,"5,12,19,20,37,38,42"
333,11:13,3,3,삼성,1,9
333,11:13,4,4,여의도,7,"2,3,24,29,44,58,67"
333,11:13,5,5,김포공항,5,"13,17,55,57,59"
333,11:13,6,6,일산,1,64
333,11:13,7,7,판교,4,"0,45,46,60"
333,11:13,9,9,평택,2,"47,50"
334,11:14,1,1,서울역,4,"4,11,15,56"
334,11:14,10,10,인천공항,3,"25,30,49"
334,11:14,2,2,수서,7,"5,12,19,20,37,38,42"
334,11:14,3,3,삼성,4,"9,10,43,48"
334,11:14,4,4,여의도,7,"2,3,24,29,44,58,67"
334,11:14,5,5,김포공항,6,"13,17,55,57,59,66"
334,11:14,6,6,일산,1,64
334,11:14,7,7,판교,3,"45,46,60"
334,11:14,9,9,평택,2,"47,50"
335,11:15,1,1,서울역,5,"4,6,11,15,56"
335,11:15,10,10,인천공항,4,"25,30,35,49"
335,11:15,2,2,수서,7,"5,12,19,20,37,38,42"
335,11:15,3,3,삼성,4,"9,10,43,48"
335,11:15,4,4,여의도,7,"2,3,24,29,44,58,67"
335,11:15,5,5,김포공항,6,"13,17,55,57,59,66"
335,11:15,6,6,일산,1,64
335,11:15,7,7,판교,3,"45,46,60"
335,11:15,9,9,평택,2,"47,50"
336,11:16,1,1,서울역,5,"4,6,11,15,56"
336,11:16,10,10,인천공항,4,"25,30,35,49"
336,11:16,2,2,수서,7,"5,12,19,20,37,38,42"
336,11:16,3,3,삼성,5,"9,10,36,43,48"
336,11:16,4,4,여의도,7,"2,3,24,29,44,58,67"
336,11:16,5,5,김포공항,7,"8,13,17,55,57,59,66"
336,11:16,6,6,일산,1,64
336,11:16,7,7,판교,3,"45,46,60"
336,11:16,9,9,평택,2,"47,50"
337,11:17,1,1,서울역,5,"4,6,11,15,56"
337,11:17,10,10,인천공항,3,"30,35,49"
337,11:17,2,2,수서,7,"5,12,19,20,37,38,42"
337,11:17,3,3,삼성,4,"9,10,36,43"
337,11:17,4,4,여의도,9,"2,3,16,22,24,29,44,58,67"
337,11:17,5,5,김포공항,8,"8,13,17,34,55,57,59,66"
337,11:17,6,6,일산,1,64
337,11:17,7,7,판교,3,"45,46,60"
337,11:17,9,9,평택,2,"47,50"
338,11:18,1,1,서울역,7,"4,6,7,11,15,39,56"
338,11:18,10,10,인천공항,3,"30,35,49"
338,11:18,2,2,수서,6,"5,12,19,20,37,42"
338,11:18,3,3,삼성,4,"9,10,36,43"
338,11:18,4,4,여의도,10,"2,3,16,18,22,24,29,58,62,67"
338,11:18,5,5,김포공항,8,"8,13,17,34,55,57,59,66"
338,11:18,6,6,일산,1,64
338,11:18,7,7,판교,3,"45,46,60"
338,11:18,9,9,평택,2,"47,50"
339,11:19,1,1,서울역,6,"4,6,7,15,39,56"
339,11:19,10,10,인천공항,3,"30,35,49"
339,11:19,2,2,수서,8,"5,12,19,20,32,33,37,42"
339,11:19,3,3,삼성,3,"10,36,43"
339,11:19,4,4,여의도,9,"2,3,16,18,22,24,29,62,67"
339,11:19,5,5,김포공항,7,"8,17,34,55,57,59,66"
339,11:19,6,6,일산,2,"1,64"
339,11:19,7,7,판교,3,"45,46,61"
339,11:19,9,9,평택,3,"31,47,50"
340,11:20,1,1,서울역,5,"4,6,7,15,39"
340,11:20,10,10,인천공항,3,"30,35,49"
340,11:20,2,2,수서,8,"5,19,20,32,33,37,42,53"
340,11:20,3,3,삼성,4,"10,36,40,43"
340,11:20,4,4,여의도,9,"2,3,16,18,22,24,29,62,67"
340,11:20,5,5,김포공항,7,"8,17,34,55,57,59,66"
340,11:20,6,6,일산,2,"1,64"
340,11:20,7,7,판교,4,"45,46,61,69"
340,11:20,9,9,평택,3,"31,47,50"
341,11:21,1,1,서울역,5,"4,6,7,15,39"
341,11:21,10,10,인천공항,1,30
341,11:21,2,2,수서,8,"5,19,20,32,33,37,42,53"
341,11:21,3,3,삼성,4,"10,36,40,43"
341,11:21,4,4,여의도,9,"0,2,3,16,18,22,24,29,67"
341,11:21,5,5,김포공항,7,"8,17,34,55,57,59,66"
341,11:21,6,6,일산,2,"1,64"
341,11:21,7,7,판교,5,"26,45,46,61,69"
341,11:21,9,9,평택,3,"31,47,50"
342,11:22,1,1,서울역,5,"4,6,7,15,39"
342,11:22,2,2,수서,8,"5,19,20,32,33,37,42,53"
342,11:22,3,3,삼성,4,"10,36,40,43"
342,11:22,4,4,여의도,9,"0,2,3,16,18,22,24,29,67"
342,11:22,5,5,김포공항,7,"8,17,34,55,57,59,66"
342,11:22,6,6,일산,2,"1,64"
342,11:22,7,7,판교,5,"26,45,46,61,69"
342,11:22,9,9,평택,5,"31,47,50,51,68"
343,11:23,1,1,서울역,4,"6,7,15,39"
343,11:23,2,2,수서,8,"5,19,20,32,33,37,42,53"
343,11:23,3,3,삼성,5,"10,36,40,43,54"
343,11:23,4,4,여의도,8,"0,2,3,16,18,22,24,29"
343,11:23,5,5,김포공항,7,"8,17,34,55,57,59,66"
343,11:23,6,6,일산,2,"1,64"
343,11:23,7,7,판교,3,"26,61,69"
343,11:23,9,9,평택,4,"31,50,51,68"
344,11:24,1,1,서울역,3,"7,15,39"
344,11:24,2,2,수서,8,"5,19,20,32,33,37,42,53"
344,11:24,3,3,삼성,5,"10,36,40,43,54"
344,11:24,4,4,여의도,9,"0,2,3,16,22,23,24,29,56"
344,11:24,5,5,김포공항,6,"8,34,55,57,59,66"
344,11:24,6,6,일산,2,"1,64"
344,11:24,7,7,판교,3,"26,61,69"
344,11:24,9,9,평택,4,"31,50,51,68"
345,11:25,1,1,서울역,2,"7,15"
345,11:25,10,10,인천공항,1,65
345,11:25,2,2,수서,8,"5,19,20,32,33,37,42,53"
345,11:25,3,3,삼성,4,"36,40,43,54"
345,11:25,4,4,여의도,11,"0,2,3,16,22,23,24,27,29,56,63"
345,11:25,5,5,김포공항,5,"34,55,57,59,66"
345,11:25,6,6,일산,2,"1,64"
345,11:25,7,7,판교,4,"26,41,61,69"
345,11:25,9,9,평택,3,"51,52,68"
346,11:26,1,1,서울역,2,"7,15"
346,11:26,10,10,인천공항,1,65
346,11:26,2,2,수서,7,"5,19,32,33,37,42,53"
346,11:26,3,3,삼성,3,"36,43,54"
346,11:26,4,4,여의도,11,"0,3,12,16,23,24,27,29,56,60,63"
346,11:26,5,5,김포공항,6,"34,38,55,57,59,66"
346,11:26,6,6,일산,2,"1,64"
346,11:26,7,7,판교,6,"11,26,41,58,61,69"
346,11:26,9,9,평택,4,"21,51,52,68"
347,11:27,1,1,서울역,2,"7,15"
347,11:27,10,10,인천공항,1,65
347,11:27,2,2,수서,7,"5,19,32,33,37,42,53"
347,11:27,3,3,삼성,4,"13,36,43,54"
347,11:27,4,4,여의도,9,"0,3,12,23,24,27,29,60,63"
347,11:27,5,5,김포공항,4,"38,55,57,66"
347,11:27,6,6,일산,3,"1,48,64"
347,11:27,7,7,판교,6,"11,26,41,58,61,69"
347,11:27,9,9,평택,4,"21,51,52,68"
348,11:28,1,1,서울역,2,"7,15"
348,11:28,10,10,인천공항,1,65
348,11:28,2,2,수서,6,"5,19,33,37,42,53"
348,11:28,3,3,삼성,4,"13,36,43,54"
348,11:28,4,4,여의도,9,"0,3,12,23,24,27,29,60,63"
348,11:28,5,5,김포공항,4,"38,55,57,66"
348,11:28,6,6,일산,2,"1,48"
348,11:28,7,7,판교,6,"11,26,41,58,61,69"
348,11:28,9,9,평택,5,"14,21,28,51,52"
349,11:29,1,1,서울역,2,"7,15"
349,11:29,10,10,인천공항,1,65
349,11:29,2,2,수서,7,"5,19,33,37,42,53,67"
349,11:29,3,3,삼성,3,"4,13,43"
349,11:29,4,4,여의도,10,"0,3,12,23,24,25,27,29,60,63"
349,11:29,5,5,김포공항,4,"38,55,57,66"
349,11:29,6,6,일산,2,"1,48"
349,11:29,7,7,판교,5,"11,26,41,58,69"
349,11:29,8,8,동탄/용인,1,44
349,11:29,9,9,평택,5,"14,21,28,51,52"
350,11:30,1,1,서울역,1,7
350,11:30,10,10,인천공항,1,65
350,11:30,2,2,수서,7,"5,19,33,37,42,53,67"
350,11:30,3,3,삼성,2,"4,13"
350,11:30,4,4,여의도,12,"0,3,12,23,24,25,27,29,45,46,60,63"
350,11:30,5,5,김포공항,3,"38,57,66"
350,11:30,6,6,일산,2,"1,48"
350,11:30,7,7,판교,5,"11,26,41,58,69"
350,11:30,8,8,동탄/용인,1,44
350,11:30,9,9,평택,5,"14,21,28,51,52"
351,11:31,1,1,서울역,2,"7,10"
351,11:31,10,10,인천공항,1,65
351,11:31,2,2,수서,8,"5,6,19,33,37,42,53,67"
351,11:31,3,3,삼성,2,"4,13"
351,11:31,4,4,여의도,12,"0,3,12,23,24,25,27,29,45,46,60,63"
351,11:31,5,5,김포공항,3,"38,57,66"
351,11:31,6,6,일산,2,"1,48"
351,11:31,7,7,판교,5,"11,18,26,41,58"
351,11:31,8,8,동탄/용인,1,44
351,11:31,9,9,평택,5,"14,21,28,51,52"
352,11:32,1,1,서울역,2,"7,10"
352,11:32,10,10,인천공항,1,65
352,11:32,2,2,수서,8,"2,6,19,33,37,42,53,67"
352,11:32,3,3,삼성,3,"4,13,17"
352,11:32,4,4,여의도,11,"0,3,20,23,24,25,27,45,46,60,63"
352,11:32,5,5,김포공항,2,"57,66"
352,11:32,6,6,일산,2,"1,48"
352,11:32,7,7,판교,5,"18,26,39,41,58"
352,11:32,8,8,동탄/용인,1,44
352,11:32,9,9,평택,4,"14,28,51,52"
353,11:33,1,1,서울역,3,"7,8,10"
353,11:33,10,10,인천공항,1,65
353,11:33,2,2,수서,9,"2,6,16,19,33,37,42,53,67"
353,11:33,3,3,삼성,3,"4,13,17"
353,11:33,4,4,여의도,10,"0,3,20,24,25,27,45,46,60,63"
353,11:33,5,5,김포공항,2,"57,66"
353,11:33,6,6,일산,2,"1,48"
353,11:33,7,7,판교,6,"18,22,26,39,41,58"
353,11:33,8,8,동탄/용인,1,44
353,11:33,9,9,평택,4,"14,28,51,52"
354,11:34,1,1,서울역,3,"7,8,10"
354,11:34,10,10,인천공항,1,65
354,11:34,2,2,수서,9,"2,6,16,19,33,37,42,53,67"
354,11:34,3,3,삼성,3,"4,13,17"
354,11:34,4,4,여의도,10,"0,3,15,20,24,25,45,46,60,63"
354,11:34,5,5,김포공항,2,"57,66"
354,11:34,6,6,일산,2,"1,48"
354,11:34,7,7,판교,6,"18,22,26,39,41,58"
354,11:34,8,8,동탄/용인,1,44
354,11:34,9,9,평택,5,"9,14,28,51,52"
355,11:35,1,1,서울역,5,"7,8,10,32,64"
355,11:35,2,2,수서,9,"2,6,16,19,33,37,42,53,67"
355,11:35,3,3,삼성,4,"4,13,17,34"
355,11:35,4,4,여의도,9,"0,3,15,20,25,45,46,60,63"
355,11:35,5,5,김포공항,2,"57,66"
355,11:35,6,6,일산,2,"1,48"
355,11:35,7,7,판교,6,"18,22,26,39,41,58"
355,11:35,8,8,동탄/용인,1,44
355,11:35,9,9,평택,5,"9,14,28,51,52"
356,11:36,1,1,서울역,6,"7,8,10,32,61,64"
356,11:36,2,2,수서,8,"2,6,16,19,37,42,53,67"
356,11:36,3,3,삼성,5,"4,13,17,34,35"
356,11:36,4,4,여의도,9,"0,3,15,20,25,45,46,60,63"
356,11:36,5,5,김포공항,2,"57,66"
356,11:36,6,6,일산,2,"1,48"
356,11:36,7,7,판교,5,"18,22,26,39,41"
356,11:36,8,8,동탄/용인,1,44
356,11:36,9,9,평택,5,"9,14,28,52,62"
357,11:37,1,1,서울역,6,"7,8,10,32,61,64"
357,11:37,2,2,수서,8,"2,6,16,19,37,42,53,67"
357,11:37,3,3,삼성,6,"4,13,17,30,34,35"
357,11:37,4,4,여의도,6,"0,3,20,45,60,63"
357,11:37,5,5,김포공항,2,"57,66"
357,11:37,6,6,일산,1,1
357,11:37,7,7,판교,4,"18,22,26,39"
357,11:37,8,8,동탄/용인,1,44
357,11:37,9,9,평택,4,"9,28,52,62"
358,11:38,1,1,서울역,5,"7,8,10,32,61"
358,11:38,2,2,수서,7,"2,6,16,19,37,42,67"
358,11:38,3,3,삼성,6,"4,13,30,34,35,55"
358,11:38,4,4,여의도,8,"0,3,20,38,45,47,63,69"
358,11:38,5,5,김포공항,2,"57,66"
358,11:38,6,6,일산,1,1
358,11:38,7,7,판교,2,"22,26"
358,11:38,9,9,평택,4,"9,28,52,62"
359,11:39,1,1,서울역,5,"7,8,10,32,61"
359,11:39,10,10,인천공항,1,56
359,11:39,2,2,수서,8,"2,6,16,19,23,37,42,67"
359,11:39,3,3,삼성,6,"4,13,30,34,35,55"
359,11:39,4,4,여의도,8,"3,11,20,38,45,47,63,69"
359,11:39,5,5,김포공항,2,"57,66"
359,11:39,6,6,일산,2,"1,36"
359,11:39,7,7,판교,3,"22,26,29"
359,11:39,9,9,평택,4,"9,28,52,62"
360,11:40,1,1,서울역,4,"7,8,32,61"
360,11:40,10,10,인천공항,1,56
360,11:40,2,2,수서,7,"2,6,16,19,23,37,67"
360,11:40,3,3,삼성,6,"4,13,30,34,35,55"
360,11:40,4,4,여의도,10,"3,11,20,31,38,45,47,50,63,69"
360,11:40,5,5,김포공항,2,"5,57"
360,11:40,6,6,일산,2,"1,36"
360,11:40,7,7,판교,3,"22,26,29"
360,11:40,9,9,평택,5,"9,28,49,52,62"
361,11:41,1,1,서울역,4,"7,8,32,61"
361,11:41,10,10,인천공항,2,"40,56"
361,11:41,2,2,수서,8,"2,6,16,19,23,24,37,67"
361,11:41,3,3,삼성,6,"4,13,30,34,35,55"
361,11:41,4,4,여의도,9,"3,11,20,31,45,47,50,63,69"
361,11:41,5,5,김포공항,2,"5,57"
361,11:41,6,6,일산,2,"1,36"
361,11:41,7,7,판교,4,"22,26,27,29"
361,11:41,9,9,평택,5,"9,28,49,52,62"
362,11:42,1,1,서울역,4,"7,8,32,61"
362,11:42,10,10,인천공항,2,"40,56"
362,11:42,2,2,수서,8,"2,6,16,19,23,24,37,67"
362,11:42,3,3,삼성,5,"4,13,30,34,55"
362,11:42,4,4,여의도,8,"3,20,31,45,47,50,63,69"
362,11:42,5,5,김포공항,2,"5,57"
362,11:42,6,6,일산,2,"1,36"
362,11:42,7,7,판교,4,"22,26,27,29"
362,11:42,9,9,평택,4,"9,28,49,52"
363,11:43,1,1,서울역,5,"7,8,32,58,61"
363,11:43,10,10,인천공항,2,"40,56"
363,11:43,2,2,수서,9,"2,6,16,19,23,24,25,37,67"
363,11:43,3,3,삼성,5,"4,13,30,34,55"
363,11:43,4,4,여의도,8,"3,20,31,45,47,50,63,69"
363,11:43,5,5,김포공항,2,"5,57"
363,11:43,6,6,일산,2,"1,36"
363,11:43,7,7,판교,4,"22,26,27,29"
363,11:43,9,9,평택,3,"9,49,52"
364,11:44,1,1,서울역,6,"7,8,32,48,58,61"
364,11:44,10,10,인천공항,2,"40,56"
364,11:44,2,2,수서,10,"2,6,16,19,23,24,25,37,60,67"
364,11:44,3,3,삼성,5,"4,13,30,34,46"
364,11:44,4,4,여의도,7,"20,31,45,47,50,63,69"
364,11:44,5,5,김포공항,3,"5,33,57"
364,11:44,6,6,일산,2,"1,36"
364,11:44,7,7,판교,5,"15,22,26,27,29"
364,11:44,9,9,평택,4,"9,49,54,59"
365,11:45,1,1,서울역,6,"7,8,18,32,48,58"
365,11:45,10,10,인천공항,3,"40,43,56"
365,11:45,2,2,수서,9,"2,16,19,23,24,25,37,60,67"
365,11:45,3,3,삼성,5,"4,13,30,34,46"
365,11:45,4,4,여의도,8,"20,31,39,45,47,50,63,69"
365,11:45,5,5,김포공항,4,"5,33,57,68"
365,11:45,6,6,일산,1,1
365,11:45,7,7,판교,6,"15,22,26,27,29,64"
365,11:45,9,9,평택,4,"9,49,54,59"
366,11:46,1,1,서울역,6,"7,8,18,32,48,58"
366,11:46,10,10,인천공항,3,"40,43,56"
366,11:46,2,2,수서,9,"2,16,19,23,24,25,37,60,67"
366,11:46,3,3,삼성,5,"4,13,30,34,46"
366,11:46,4,4,여의도,6,"39,45,47,50,63,69"
366,11:46,5,5,김포공항,5,"5,17,33,57,68"
366,11:46,6,6,일산,1,1
366,11:46,7,7,판교,6,"15,26,27,29,42,64"
366,11:46,9,9,평택,4,"9,49,54,59"
367,11:47,1,1,서울역,6,"7,8,18,32,48,58"
367,11:47,10,10,인천공항,3,"40,43,56"
367,11:47,2,2,수서,7,"19,23,24,25,37,60,67"
367,11:47,3,3,삼성,5,"4,13,30,34,46"
367,11:47,4,4,여의도,6,"21,39,47,50,63,69"
367,11:47,5,5,김포공항,5,"5,17,33,57,68"
367,11:47,6,6,일산,3,"1,10,66"
367,11:47,7,7,판교,6,"15,26,27,29,42,64"
367,11:47,9,9,평택,5,"9,12,49,54,59"
368,11:48,1,1,서울역,5,"7,8,18,48,58"
368,11:48,10,10,인천공항,3,"40,43,56"
368,11:48,2,2,수서,7,"19,23,24,25,37,60,67"
368,11:48,3,3,삼성,4,"4,13,30,46"
368,11:48,4,4,여의도,6,"21,39,47,50,63,69"
368,11:48,5,5,김포공항,5,"5,17,33,57,68"
368,11:48,6,6,일산,3,"1,10,66"
368,11:48,7,7,판교,5,"15,27,29,42,64"
368,11:48,9,9,평택,4,"12,49,54,59"
369,11:49,1,1,서울역,5,"7,8,18,48,58"
369,11:49,10,10,인천공항,3,"40,43,56"
369,11:49,2,2,수서,6,"19,23,24,37,60,67"
369,11:49,3,3,삼성,3,"4,30,46"
369,11:49,4,4,여의도,7,"21,39,44,47,50,63,69"
369,11:49,5,5,김포공항,5,"5,17,33,57,68"
369,11:49,6,6,일산,5,"1,10,11,53,66"
369,11:49,7,7,판교,4,"15,27,29,64"
369,11:49,9,9,평택,4,"12,49,54,59"
370,11:50,1,1,서울역,5,"7,8,18,48,58"
370,11:50,10,10,인천공항,3,"40,43,56"
370,11:50,2,2,수서,6,"19,23,24,37,60,67"
370,11:50,3,3,삼성,4,"4,30,46,65"
370,11:50,4,4,여의도,7,"21,39,44,47,50,63,69"
370,11:50,5,5,김포공항,4,"5,17,33,68"
370,11:50,6,6,일산,4,"1,11,53,66"
370,11:50,7,7,판교,4,"15,27,29,64"
370,11:50,9,9,평택,4,"12,49,54,59"
371,11:51,1,1,서울역,5,"7,8,18,48,58"
371,11:51,10,10,인천공항,3,"40,43,56"
371,11:51,2,2,수서,6,"19,23,24,37,60,67"
371,11:51,3,3,삼성,5,"4,30,46,51,65"
371,11:51,4,4,여의도,7,"21,39,44,47,50,63,69"
371,11:51,5,5,김포공항,4,"5,17,33,68"
371,11:51,6,6,일산,4,"1,11,53,66"
371,11:51,7,7,판교,5,"3,15,27,29,64"
371,11:51,9,9,평택,4,"12,49,54,59"
372,11:52,1,1,서울역,5,"6,7,18,36,48"
372,11:52,10,10,인천공항,3,"40,43,56"
372,11:52,2,2,수서,8,"19,20,23,24,31,37,60,67"
372,11:52,3,3,삼성,5,"4,30,46,51,65"
372,11:52,4,4,여의도,8,"14,21,39,44,47,50,63,69"
372,11:52,5,5,김포공항,3,"5,33,68"
372,11:52,6,6,일산,4,"1,35,53,66"
372,11:52,7,7,판교,5,"3,15,27,29,64"
372,11:52,9,9,평택,4,"12,49,54,59"
373,11:53,1,1,서울역,5,"6,7,18,36,48"
373,11:53,10,10,인천공항,4,"40,41,43,56"
373,11:53,2,2,수서,8,"19,20,23,24,31,37,60,67"
373,11:53,3,3,삼성,5,"4,30,46,51,65"
373,11:53,4,4,여의도,7,"14,22,39,44,47,50,63"
373,11:53,5,5,김포공항,3,"5,33,68"
373,11:53,6,6,일산,3,"35,53,66"
373,11:53,7,7,판교,5,"3,15,27,29,64"
373,11:53,9,9,평택,2,"49,54"
374,11:54,1,1,서울역,5,"6,7,18,36,48"
374,11:54,10,10,인천공항,4,"40,41,43,56"
374,11:54,2,2,수서,8,"19,20,23,24,31,37,60,67"
374,11:54,3,3,삼성,5,"4,30,46,51,65"
374,11:54,4,4,여의도,5,"14,22,44,50,63"
374,11:54,5,5,김포공항,3,"5,33,68"
374,11:54,6,6,일산,2,"35,53"
374,11:54,7,7,판교,6,"3,15,27,29,45,64"
374,11:54,8,8,동탄/용인,1,55
374,11:54,9,9,평택,3,"0,49,54"
375,11:55,1,1,서울역,5,"6,7,18,36,48"
375,11:55,10,10,인천공항,4,"40,41,43,56"
375,11:55,2,2,수서,8,"19,20,23,24,31,37,60,67"
375,11:55,3,3,삼성,5,"4,30,46,51,65"
375,11:55,4,4,여의도,6,"14,22,26,44,50,63"
375,11:55,5,5,김포공항,5,"2,5,16,33,68"
375,11:55,6,6,일산,1,35
375,11:55,7,7,판교,6,"3,15,27,29,45,64"
375,11:55,8,8,동탄/용인,1,55
375,11:55,9,9,평택,3,"0,49,54"
376,11:56,1,1,서울역,5,"6,7,18,36,48"
376,11:56,10,10,인천공항,4,"40,41,43,56"
376,11:56,2,2,수서,8,"19,20,23,24,31,37,60,67"
376,11:56,3,3,삼성,5,"4,30,46,51,65"
376,11:56,4,4,여의도,6,"13,14,22,26,50,63"
376,11:56,5,5,김포공항,6,"2,5,16,33,34,68"
376,11:56,6,6,일산,1,35
376,11:56,7,7,판교,5,"3,27,29,45,64"
376,11:56,8,8,동탄/용인,1,55
376,11:56,9,9,평택,4,"0,38,49,54"
377,11:57,1,1,서울역,5,"6,10,18,36,48"
377,11:57,10,10,인천공항,4,"40,41,43,56"
377,11:57,2,2,수서,8,"19,20,23,24,31,37,60,67"
377,11:57,3,3,삼성,4,"4,30,51,65"
377,11:57,4,4,여의도,6,"13,14,22,26,50,63"
377,11:57,5,5,김포공항,6,"2,5,16,33,34,68"
377,11:57,6,6,일산,1,35
377,11:57,7,7,판교,4,"27,29,45,64"
377,11:57,9,9,평택,4,"0,38,49,54"
378,11:58,1,1,서울역,5,"6,10,18,36,48"
378,11:58,10,10,인천공항,4,"40,41,43,56"
378,11:58,2,2,수서,7,"20,23,24,31,37,60,67"
378,11:58,3,3,삼성,4,"4,30,51,65"
378,11:58,4,4,여의도,7,"13,14,22,26,28,50,63"
378,11:58,5,5,김포공항,6,"2,5,16,33,34,68"
378,11:58,6,6,일산,1,35
378,11:58,7,7,판교,3,"27,29,45"
378,11:58,9,9,평택,4,"0,38,49,54"
379,11:59,1,1,서울역,5,"6,10,18,36,48"
379,11:59,10,10,인천공항,3,"41,43,56"
379,11:59,2,2,수서,8,"20,21,23,24,31,37,60,67"
379,11:59,3,3,삼성,4,"4,30,51,65"
379,11:59,4,4,여의도,5,"13,14,26,28,63"
379,11:59,5,5,김포공항,6,"2,16,33,34,62,68"
379,11:59,6,6,일산,1,35
379,11:59,7,7,판교,4,"8,27,29,45"
379,11:59,9,9,평택,3,"0,38,49"
380,12:00,1,1,서울역,7,"1,6,10,18,36,48,52"
380,12:00,10,10,인천공항,2,"41,56"
380,12:00,2,2,수서,8,"20,21,23,24,31,37,60,67"
380,12:00,3,3,삼성,3,"4,51,65"
380,12:00,4,4,여의도,5,"13,14,26,28,63"
380,12:00,5,5,김포공항,6,"2,16,33,34,62,68"
380,12:00,6,6,일산,2,"25,35"
380,12:00,7,7,판교,4,"8,27,29,45"
380,12:00,9,9,평택,3,"0,38,49"
381,12:01,1,1,서울역,7,"1,6,10,18,36,48,52"
381,12:01,10,10,인천공항,2,"41,56"
381,12:01,2,2,수서,7,"20,21,23,24,31,60,67"
381,12:01,3,3,삼성,3,"47,51,65"
381,12:01,4,4,여의도,4,"13,26,28,63"
381,12:01,5,5,김포공항,6,"2,16,33,34,62,68"
381,12:01,6,6,일산,1,25
381,12:01,7,7,판교,4,"8,27,29,45"
381,12:01,9,9,평택,5,"0,38,42,49,61"
382,12:02,1,1,서울역,7,"1,6,10,36,48,52,53"
382,12:02,10,10,인천공항,2,"41,56"
382,12:02,2,2,수서,8,"20,21,23,24,31,44,60,67"
382,12:02,3,3,삼성,3,"47,51,65"
382,12:02,4,4,여의도,3,"13,26,28"
382,12:02,5,5,김포공항,6,"2,16,33,34,62,68"
382,12:02,6,6,일산,1,25
382,12:02,7,7,판교,4,"8,27,29,45"
382,12:02,9,9,평택,5,"0,38,42,49,61"
383,12:03,1,1,서울역,6,"6,10,36,48,52,53"
383,12:03,10,10,인천공항,2,"41,56"
383,12:03,2,2,수서,8,"20,21,23,24,31,44,60,67"
383,12:03,3,3,삼성,4,"7,47,51,65"
383,12:03,4,4,여의도,4,"9,13,15,28"
383,12:03,5,5,김포공항,6,"2,16,33,34,62,68"
383,12:03,6,6,일산,1,25
383,12:03,7,7,판교,4,"8,27,29,45"
383,12:03,9,9,평택,4,"38,42,49,61"
384,12:04,1,1,서울역,7,"3,6,10,36,48,52,53"
384,12:04,10,10,인천공항,1,56
384,12:04,2,2,수서,8,"20,21,23,24,31,44,60,67"
384,12:04,3,3,삼성,4,"7,47,51,65"
384,12:04,4,4,여의도,4,"9,13,15,28"
384,12:04,5,5,김포공항,6,"2,16,33,34,62,68"
384,12:04,6,6,일산,1,25
384,12:04,7,7,판교,5,"8,11,27,29,45"
384,12:04,9,9,평택,5,"32,38,42,49,61"
385,12:05,1,1,서울역,7,"3,6,10,36,48,52,53"
385,12:05,10,10,인천공항,2,"56,69"
385,12:05,2,2,수서,6,"20,23,24,31,60,67"
385,12:05,3,3,삼성,4,"7,47,51,65"
385,12:05,4,4,여의도,5,"9,13,15,28,64"
385,12:05,5,5,김포공항,6,"2,16,33,34,62,68"
385,12:05,6,6,일산,1,25
385,12:05,7,7,판교,4,"11,27,29,45"
385,12:05,9,9,평택,4,"32,42,49,61"
386,12:06,1,1,서울역,8,"3,6,10,30,36,48,52,53"
386,12:06,10,10,인천공항,2,"56,69"
386,12:06,2,2,수서,6,"20,23,24,31,60,67"
386,12:06,3,3,삼성,4,"7,47,51,65"
386,12:06,4,4,여의도,5,"9,13,15,28,64"
386,12:06,5,5,김포공항,7,"2,16,19,33,34,62,68"
386,12:06,6,6,일산,1,25
386,12:06,7,7,판교,6,"11,27,29,45,50,66"
386,12:06,8,8,동탄/용인,1,17
386,12:06,9,9,평택,4,"32,42,49,61"
387,12:07,1,1,서울역,8,"3,6,10,30,36,48,52,53"
387,12:07,10,10,인천공항,1,69
387,12:07,2,2,수서,6,"20,23,24,31,60,67"
387,12:07,3,3,삼성,5,"5,7,47,51,65"
387,12:07,4,4,여의도,5,"9,13,15,28,64"
387,12:07,5,5,김포공항,7,"2,16,19,33,34,62,68"
387,12:07,6,6,일산,2,"25,46"
387,12:07,7,7,판교,7,"11,27,29,37,45,50,66"
387,12:07,8,8,동탄/용인,1,17
387,12:07,9,9,평택,3,"32,49,57"
388,12:08,1,1,서울역,8,"3,6,10,30,36,48,52,53"
388,12:08,10,10,인천공항,1,69
388,12:08,2,2,수서,6,"20,23,24,31,60,67"
388,12:08,3,3,삼성,6,"5,7,14,47,51,65"
388,12:08,4,4,여의도,6,"9,12,13,15,55,64"
388,12:08,5,5,김포공항,6,"2,16,19,33,62,68"
388,12:08,6,6,일산,2,"25,46"
388,12:08,7,7,판교,7,"11,27,29,37,45,50,66"
388,12:08,8,8,동탄/용인,1,17
388,12:08,9,9,평택,4,"32,49,57,58"
389,12:09,1,1,서울역,8,"3,6,10,30,36,48,52,53"
389,12:09,10,10,인천공항,1,69
389,12:09,2,2,수서,6,"20,23,24,31,60,67"
389,12:09,3,3,삼성,6,"5,7,14,47,51,65"
389,12:09,4,4,여의도,6,"9,12,13,15,55,64"
389,12:09,5,5,김포공항,6,"2,16,19,33,62,68"
389,12:09,6,6,일산,2,"25,46"
389,12:09,7,7,판교,8,"11,27,29,37,45,50,63,66"
389,12:09,8,8,동탄/용인,1,17
389,12:09,9,9,평택,5,"32,39,49,57,58"
390,12:10,1,1,서울역,6,"3,6,30,36,48,53"
390,12:10,10,10,인천공항,1,69
390,12:10,2,2,수서,6,"20,23,24,31,60,67"
390,12:10,3,3,삼성,6,"5,7,14,47,51,65"
390,12:10,4,4,여의도,6,"9,12,13,15,55,64"
390,12:10,5,5,김포공항,7,"2,16,19,33,59,62,68"
390,12:10,6,6,일산,2,"25,46"
390,12:10,7,7,판교,8,"1,11,27,29,45,50,63,66"
390,12:10,8,8,동탄/용인,1,17
390,12:10,9,9,평택,5,"32,39,49,57,58"
391,12:11,1,1,서울역,5,"6,30,36,48,53"
391,12:11,10,10,인천공항,2,"22,69"
391,12:11,2,2,수서,6,"20,23,24,31,60,67"
391,12:11,3,3,삼성,6,"5,7,14,47,51,65"
391,12:11,4,4,여의도,7,"9,12,13,15,40,55,64"
391,12:11,5,5,김포공항,7,"2,16,19,33,59,62,68"
391,12:11,6,6,일산,2,"25,46"
391,12:11,7,7,판교,9,"1,11,27,29,44,45,50,63,66"
391,12:11,8,8,동탄/용인,1,17
391,12:11,9,9,평택,5,"32,39,49,57,58"
392,12:12,1,1,서울역,6,"6,8,30,36,48,53"
392,12:12,10,10,인천공항,2,"22,69"
392,12:12,2,2,수서,6,"20,23,24,31,60,67"
392,12:12,3,3,삼성,6,"5,7,14,47,51,65"
392,12:12,4,4,여의도,7,"9,12,13,15,40,55,64"
392,12:12,5,5,김포공항,7,"2,16,19,33,59,62,68"
392,12:12,6,6,일산,2,"25,46"
392,12:12,7,7,판교,9,"1,11,27,29,44,45,50,63,66"
392,12:12,8,8,동탄/용인,1,17
392,12:12,9,9,평택,5,"32,39,49,57,58"
393,12:13,1,1,서울역,6,"6,8,30,36,48,53"
393,12:13,10,10,인천공항,2,"22,69"
393,12:13,2,2,수서,6,"20,23,24,31,60,67"
393,12:13,3,3,삼성,6,"5,7,14,47,51,65"
393,12:13,4,4,여의도,7,"9,12,13,15,40,55,64"
393,12:13,5,5,김포공항,8,"2,16,19,21,33,59,62,68"
393,12:13,6,6,일산,2,"25,46"
393,12:13,7,7,판교,10,"1,11,27,29,35,44,45,50,63,66"
393,12:13,8,8,동탄/용인,1,17
393,12:13,9,9,평택,5,"32,39,49,57,58"
394,12:14,1,1,서울역,6,"6,8,30,36,48,53"
394,12:14,10,10,인천공항,2,"22,69"
394,12:14,2,2,수서,6,"20,23,24,31,60,67"
394,12:14,3,3,삼성,5,"5,7,47,51,65"
394,12:14,4,4,여의도,6,"9,13,15,40,55,64"
394,12:14,5,5,김포공항,8,"2,16,19,21,33,59,62,68"
394,12:14,6,6,일산,2,"25,46"
394,12:14,7,7,판교,9,"1,11,27,35,44,45,50,63,66"
394,12:14,8,8,동탄/용인,1,17
394,12:14,9,9,평택,5,"32,39,49,57,58"
395,12:15,1,1,서울역,7,"6,8,30,36,48,53,54"
395,12:15,10,10,인천공항,3,"18,22,69"
395,12:15,2,2,수서,5,"23,24,31,60,67"
395,12:15,3,3,삼성,6,"5,7,43,47,51,65"
395,12:15,4,4,여의도,6,"9,13,15,40,55,64"
395,12:15,5,5,김포공항,8,"2,16,19,21,33,59,62,68"
395,12:15,6,6,일산,3,"25,34,46"
395,12:15,7,7,판교,8,"1,11,27,35,44,50,63,66"
395,12:15,8,8,동탄/용인,1,17
395,12:15,9,9,평택,5,"32,39,49,57,58"
396,12:16,1,1,서울역,6,"6,8,36,48,53,54"
396,12:16,10,10,인천공항,3,"4,18,22"
396,12:16,2,2,수서,5,"23,24,31,60,67"
396,12:16,3,3,삼성,6,"5,7,43,47,51,65"
396,12:16,4,4,여의도,7,"9,13,15,40,41,55,64"
396,12:16,5,5,김포공항,8,"2,16,19,21,33,59,62,68"
396,12:16,6,6,일산,3,"25,34,46"
396,12:16,7,7,판교,7,"11,27,35,44,50,63,66"
396,12:16,8,8,동탄/용인,1,17
396,12:16,9,9,평택,5,"32,39,49,57,58"
397,12:17,1,1,서울역,6,"6,8,36,48,53,54"
397,12:17,10,10,인천공항,3,"4,18,22"
397,12:17,2,2,수서,5,"23,24,31,60,67"
397,12:17,3,3,삼성,6,"5,7,43,47,51,65"
397,12:17,4,4,여의도,7,"9,13,15,40,41,55,64"
397,12:17,5,5,김포공항,8,"2,16,19,21,33,59,62,68"
397,12:17,6,6,일산,3,"25,34,46"
397,12:17,7,7,판교,7,"11,27,35,44,50,63,66"
397,12:17,8,8,동탄/용인,1,17
397,12:17,9,9,평택,5,"32,39,49,57,58"
398,12:18,1,1,서울역,6,"6,8,36,48,53,54"
398,12:18,10,10,인천공항,3,"4,18,22"
398,12:18,2,2,수서,4,"23,31,60,67"
398,12:18,3,3,삼성,6,"5,7,43,47,51,65"
398,12:18,4,4,여의도,8,"0,9,13,15,40,41,55,64"
398,12:18,5,5,김포공항,7,"16,19,21,33,59,62,68"
398,12:18,6,6,일산,2,"25,34"
398,12:18,7,7,판교,8,"3,11,27,35,44,50,63,66"
398,12:18,8,8,동탄/용인,1,17
398,12:18,9,9,평택,6,"26,32,39,49,57,58"
399,12:19,1,1,서울역,6,"6,8,36,48,53,54"
399,12:19,10,10,인천공항,3,"4,18,22"
399,12:19,2,2,수서,4,"23,31,60,67"
399,12:19,3,3,삼성,6,"5,7,43,47,51,65"
399,12:19,4,4,여의도,8,"0,9,13,15,40,41,55,64"
399,12:19,5,5,김포공항,7,"16,19,21,33,59,62,68"
399,12:19,6,6,일산,2,"25,34"
399,12:19,7,7,판교,7,"3,11,27,35,50,63,66"
399,12:19,8,8,동탄/용인,1,17
399,12:19,9,9,평택,5,"26,32,39,49,58"
400,12:20,1,1,서울역,5,"8,36,48,53,54"
400,12:20,10,10,인천공항,3,"4,18,22"
400,12:20,2,2,수서,4,"23,31,60,67"
400,12:20,3,3,삼성,6,"5,7,43,47,51,65"
400,12:20,4,4,여의도,8,"0,9,13,15,38,41,55,64"
400,12:20,5,5,김포공항,4,"19,33,59,62"
400,12:20,6,6,일산,2,"25,34"
400,12:20,7,7,판교,6,"3,27,35,50,63,66"
400,12:20,8,8,동탄/용인,1,17
400,12:20,9,9,평택,5,"26,32,39,49,58"
401,12:21,1,1,서울역,5,"8,36,48,53,54"
401,12:21,10,10,인천공항,3,"4,18,22"
401,12:21,2,2,수서,4,"23,31,60,67"
401,12:21,3,3,삼성,6,"5,7,43,47,51,65"
401,12:21,4,4,여의도,9,"0,9,13,15,29,38,41,55,64"
401,12:21,5,5,김포공항,4,"19,33,59,62"
401,12:21,6,6,일산,1,25
401,12:21,7,7,판교,6,"3,27,35,50,63,66"
401,12:21,8,8,동탄/용인,1,17
401,12:21,9,9,평택,5,"26,32,39,49,58"
402,12:22,1,1,서울역,5,"8,36,48,53,54"
402,12:22,10,10,인천공항,3,"4,18,22"
402,12:22,2,2,수서,4,"23,31,60,67"
402,12:22,3,3,삼성,6,"5,7,43,51,56,65"
402,12:22,4,4,여의도,11,"0,9,13,15,29,38,41,42,45,55,64"
402,12:22,5,5,김포공항,4,"19,33,59,62"
402,12:22,6,6,일산,1,25
402,12:22,7,7,판교,5,"3,27,50,63,66"
402,12:22,8,8,동탄/용인,1,17
402,12:22,9,9,평택,5,"26,37,39,49,58"
403,12:23,1,1,서울역,6,"1,8,36,48,53,54"
403,12:23,10,10,인천공항,3,"4,10,18"
403,12:23,2,2,수서,4,"23,31,60,67"
403,12:23,3,3,삼성,5,"7,43,51,56,65"
403,12:23,4,4,여의도,9,"0,9,13,15,29,42,45,55,64"
403,12:23,5,5,김포공항,5,"19,20,33,59,62"
403,12:23,6,6,일산,1,25
403,12:23,7,7,판교,4,"3,27,63,66"
403,12:23,8,8,동탄/용인,1,17
403,12:23,9,9,평택,6,"26,28,37,39,49,58"
404,12:24,1,1,서울역,5,"1,8,48,53,54"
404,12:24,10,10,인천공항,3,"4,10,18"
404,12:24,2,2,수서,4,"23,31,60,67"
404,12:24,3,3,삼성,4,"7,51,56,65"
404,12:24,4,4,여의도,9,"0,9,13,15,29,42,45,55,64"
404,12:24,5,5,김포공항,5,"19,20,33,59,62"
404,12:24,6,6,일산,1,25
404,12:24,7,7,판교,4,"3,27,63,66"
404,12:24,8,8,동탄/용인,1,17
404,12:24,9,9,평택,6,"26,28,37,39,49,58"
405,12:25,1,1,서울역,5,"1,8,48,53,54"
405,12:25,10,10,인천공항,3,"4,10,18"
405,12:25,2,2,수서,4,"23,31,60,67"
405,12:25,3,3,삼성,4,"7,51,56,65"
405,12:25,4,4,여의도,8,"0,9,13,15,29,45,55,64"
405,12:25,5,5,김포공항,5,"19,20,33,59,62"
405,12:25,6,6,일산,1,25
405,12:25,7,7,판교,4,"3,27,63,66"
405,12:25,8,8,동탄/용인,1,17
405,12:25,9,9,평택,6,"26,28,37,39,49,58"
406,12:26,1,1,서울역,5,"1,8,48,53,54"
406,12:26,10,10,인천공항,5,"4,10,12,18,61"
406,12:26,2,2,수서,4,"23,31,60,67"
406,12:26,3,3,삼성,5,"2,7,51,56,65"
406,12:26,4,4,여의도,8,"0,9,13,15,29,45,55,64"
406,12:26,5,5,김포공항,4,"19,33,59,62"
406,12:26,6,6,일산,1,25
406,12:26,7,7,판교,4,"3,27,63,66"
406,12:26,8,8,동탄/용인,1,17
406,12:26,9,9,평택,6,"26,28,37,39,52,58"
407,12:27,1,1,서울역,6,"1,8,11,48,53,54"
407,12:27,10,10,인천공항,4,"10,12,18,61"
407,12:27,2,2,수서,4,"23,31,60,67"
407,12:27,3,3,삼성,5,"2,7,51,56,65"
407,12:27,4,4,여의도,8,"0,9,13,15,29,45,55,64"
407,12:27,5,5,김포공항,4,"19,33,59,62"
407,12:27,6,6,일산,2,"21,25"
407,12:27,7,7,판교,5,"6,27,40,63,66"
407,12:27,8,8,동탄/용인,1,17
407,12:27,9,9,평택,6,"26,28,37,39,52,58"
408,12:28,1,1,서울역,5,"1,11,48,53,54"
408,12:28,10,10,인천공항,4,"10,12,18,61"
408,12:28,2,2,수서,5,"16,23,31,60,67"
408,12:28,3,3,삼성,5,"2,7,51,56,65"
408,12:28,4,4,여의도,8,"0,9,13,15,29,45,55,64"
408,12:28,5,5,김포공항,4,"19,33,59,62"
408,12:28,6,6,일산,1,21
408,12:28,7,7,판교,4,"6,40,63,66"
408,12:28,9,9,평택,5,"26,28,39,52,58"
409,12:29,1,1,서울역,5,"1,11,48,53,54"
409,12:29,10,10,인천공항,6,"10,12,14,30,46,61"
409,12:29,2,2,수서,4,"16,31,60,67"
409,12:29,3,3,삼성,5,"2,7,51,56,65"
409,12:29,4,4,여의도,8,"0,9,13,29,35,45,55,64"
409,12:29,5,5,김포공항,4,"19,33,59,62"
409,12:29,6,6,일산,2,"21,24"
409,12:29,7,7,판교,4,"6,40,63,66"
409,12:29,9,9,평택,5,"26,28,39,52,58"
410,12:30,1,1,서울역,3,"11,48,53"
410,12:30,10,10,인천공항,7,"10,12,14,30,46,61,68"
410,12:30,2,2,수서,4,"16,31,60,67"
410,12:30,3,3,삼성,5,"2,7,51,56,65"
410,12:30,4,4,여의도,8,"0,9,13,35,45,50,55,64"
410,12:30,5,5,김포공항,4,"19,33,59,62"
410,12:30,6,6,일산,1,24
410,12:30,7,7,판교,5,"6,38,41,63,66"
410,12:30,9,9,평택,5,"26,28,39,52,58"
411,12:31,1,1,서울역,3,"11,48,53"
411,12:31,10,10,인천공항,7,"10,12,14,30,46,61,68"
411,12:31,2,2,수서,4,"16,31,60,67"
411,12:31,3,3,삼성,6,"2,7,51,56,65,69"
411,12:31,4,4,여의도,8,"0,9,13,35,45,50,55,64"
411,12:31,5,5,김포공항,4,"19,33,59,62"
411,12:31,6,6,일산,2,"24,44"
411,12:31,7,7,판교,5,"6,38,41,63,66"
411,12:31,9,9,평택,4,"28,39,52,58"
412,12:32,1,1,서울역,3,"11,48,53"
412,12:32,10,10,인천공항,7,"10,12,14,30,46,61,68"
412,12:32,2,2,수서,4,"16,31,60,67"
412,12:32,3,3,삼성,6,"2,7,51,56,65,69"
412,12:32,4,4,여의도,7,"0,9,35,45,50,55,64"
412,12:32,5,5,김포공항,4,"19,33,59,62"
412,12:32,6,6,일산,3,"24,42,44"
412,12:32,7,7,판교,4,"6,38,41,66"
412,12:32,8,8,동탄/용인,1,49
412,12:32,9,9,평택,4,"28,39,52,58"
413,12:33,1,1,서울역,3,"11,48,53"
413,12:33,10,10,인천공항,6,"10,12,14,30,46,61"
413,12:33,2,2,수서,4,"16,31,60,67"
413,12:33,3,3,삼성,5,"2,7,56,65,69"
413,12:33,4,4,여의도,6,"9,35,45,50,55,64"
413,12:33,5,5,김포공항,4,"19,33,59,62"
413,12:33,6,6,일산,3,"24,42,44"
413,12:33,7,7,판교,2,"34,66"
413,12:33,8,8,동탄/용인,2,"5,49"
413,12:33,9,9,평택,4,"28,39,52,58"
414,12:34,1,1,서울역,3,"11,48,53"
414,12:34,10,10,인천공항,6,"10,12,14,30,46,61"
414,12:34,2,2,수서,4,"16,31,60,67"
414,12:34,3,3,삼성,5,"2,7,56,65,69"
414,12:34,4,4,여의도,7,"3,9,35,45,50,55,64"
414,12:34,5,5,김포공항,4,"19,33,59,62"
414,12:34,6,6,일산,3,"24,42,44"
414,12:34,7,7,판교,2,"34,66"
414,12:34,8,8,동탄/용인,2,"5,49"
414,12:34,9,9,평택,4,"28,39,52,58"
415,12:35,1,1,서울역,4,"11,27,48,53"
415,12:35,10,10,인천공항,6,"10,12,14,30,46,61"
415,12:35,2,2,수서,4,"16,31,60,67"
415,12:35,3,3,삼성,4,"7,56,65,69"
415,12:35,4,4,여의도,8,"3,9,22,35,45,50,55,64"
415,12:35,5,5,김포공항,4,"19,33,59,62"
415,12:35,6,6,일산,3,"24,42,44"
415,12:35,7,7,판교,2,"34,66"
415,12:35,8,8,동탄/용인,1,5
415,12:35,9,9,평택,4,"28,39,52,58"
416,12:36,1,1,서울역,4,"11,27,48,53"
416,12:36,10,10,인천공항,7,"10,12,14,20,30,46,61"
416,12:36,2,2,수서,4,"16,31,60,67"
416,12:36,3,3,삼성,4,"7,56,65,69"
416,12:36,4,4,여의도,8,"3,9,22,35,45,50,55,64"
416,12:36,5,5,김포공항,4,"19,33,59,62"
416,12:36,6,6,일산,3,"24,42,44"
416,12:36,7,7,판교,2,"15,34"
416,12:36,8,8,동탄/용인,1,5
416,12:36,9,9,평택,4,"28,39,52,58"
417,12:37,1,1,서울역,4,"11,27,48,53"
417,12:37,10,10,인천공항,8,"10,12,14,20,30,36,46,61"
417,12:37,2,2,수서,3,"31,60,67"
417,12:37,3,3,삼성,4,"7,56,65,69"
417,12:37,4,4,여의도,9,"3,9,22,32,35,45,50,55,64"
417,12:37,5,5,김포공항,5,"19,23,33,59,62"
417,12:37,6,6,일산,3,"24,42,44"
417,12:37,7,7,판교,4,"1,15,29,34"
417,12:37,8,8,동탄/용인,1,5
417,12:37,9,9,평택,5,"28,39,47,52,58"
418,12:38,1,1,서울역,3,"11,27,53"
418,12:38,10,10,인천공항,8,"10,12,14,20,30,36,46,61"
418,12:38,2,2,수서,3,"31,60,67"
418,12:38,3,3,삼성,5,"7,17,56,65,69"
418,12:38,4,4,여의도,9,"3,9,22,32,35,45,50,55,64"
418,12:38,5,5,김포공항,5,"19,23,33,59,62"
418,12:38,6,6,일산,3,"24,42,44"
418,12:38,7,7,판교,4,"1,15,29,34"
418,12:38,8,8,동탄/용인,1,5
418,12:38,9,9,평택,5,"28,39,47,52,58"
419,12:39,1,1,서울역,3,"11,27,53"
419,12:39,10,10,인천공항,8,"10,12,14,20,30,36,46,61"
419,12:39,2,2,수서,4,"0,31,60,67"
419,12:39,3,3,삼성,5,"7,17,56,65,69"
419,12:39,4,4,여의도,11,"3,4,9,22,32,35,45,50,55,63,64"
419,12:39,5,5,김포공항,5,"19,23,33,59,62"
419,12:39,6,6,일산,4,"24,42,44,57"
419,12:39,7,7,판교,3,"1,15,29"
419,12:39,8,8,동탄/용인,1,5
419,12:39,9,9,평택,6,"28,39,43,47,52,58"
420,12:40,1,1,서울역,4,"6,11,27,53"
420,12:40,10,10,인천공항,8,"10,12,14,20,30,36,46,61"
420,12:40,2,2,수서,4,"0,31,60,67"
420,12:40,3,3,삼성,5,"7,17,56,65,69"
420,12:40,4,4,여의도,9,"3,4,9,22,32,35,45,63,64"
420,12:40,5,5,김포공항,5,"19,23,40,59,62"
420,12:40,6,6,일산,4,"24,42,44,57"
420,12:40,7,7,판교,2,"15,25"
420,12:40,8,8,동탄/용인,1,5
420,12:40,9,9,평택,6,"28,39,43,47,52,58"
421,12:41,1,1,서울역,3,"6,11,53"
421,12:41,10,10,인천공항,9,"8,10,12,20,21,30,36,46,61"
421,12:41,2,2,수서,4,"0,31,60,67"
421,12:41,3,3,삼성,5,"7,17,56,65,69"
421,12:41,4,4,여의도,9,"3,4,9,22,32,35,45,63,64"
421,12:41,5,5,김포공항,5,"19,23,40,59,62"
421,12:41,6,6,일산,3,"24,44,57"
421,12:41,7,7,판교,2,"15,25"
421,12:41,8,8,동탄/용인,1,5
421,12:41,9,9,평택,5,"28,43,47,52,58"
422,12:42,1,1,서울역,2,"6,11"
422,12:42,10,10,인천공항,8,"8,10,12,20,21,30,36,46"
422,12:42,2,2,수서,4,"0,31,60,67"
422,12:42,3,3,삼성,5,"7,17,56,65,69"
422,12:42,4,4,여의도,9,"3,4,9,22,32,35,45,63,64"
422,12:42,5,5,김포공항,5,"19,23,40,59,62"
422,12:42,6,6,일산,3,"24,44,57"
422,12:42,7,7,판교,1,25
422,12:42,8,8,동탄/용인,1,5
422,12:42,9,9,평택,5,"28,43,47,52,58"
423,12:43,1,1,서울역,2,"6,11"
423,12:43,10,10,인천공항,8,"8,10,12,20,21,30,36,46"
423,12:43,2,2,수서,3,"0,60,67"
423,12:43,3,3,삼성,6,"7,17,37,56,65,69"
423,12:43,4,4,여의도,8,"3,4,9,22,35,63,64,66"
423,12:43,5,5,김포공항,7,"2,19,23,38,40,59,62"
423,12:43,6,6,일산,3,"24,44,57"
423,12:43,7,7,판교,1,25
423,12:43,8,8,동탄/용인,1,5
423,12:43,9,9,평택,5,"28,43,47,52,58"
424,12:44,1,1,서울역,3,"6,11,50"
424,12:44,10,10,인천공항,9,"8,10,12,13,20,21,30,36,46"
424,12:44,2,2,수서,3,"0,60,67"
424,12:44,3,3,삼성,7,"7,17,18,37,56,65,69"
424,12:44,4,4,여의도,8,"3,4,9,22,35,63,64,66"
424,12:44,5,5,김포공항,7,"2,19,23,38,40,59,62"
424,12:44,6,6,일산,3,"24,44,57"
424,12:44,7,7,판교,1,25
424,12:44,8,8,동탄/용인,1,5
424,12:44,9,9,평택,5,"28,43,47,52,58"
425,12:45,1,1,서울역,3,"6,11,50"
425,12:45,10,10,인천공항,9,"8,10,12,13,20,21,30,36,46"
425,12:45,2,2,수서,3,"0,60,67"
425,12:45,3,3,삼성,7,"7,17,18,37,56,65,69"
425,12:45,4,4,여의도,8,"3,4,9,22,35,63,64,66"
425,12:45,5,5,김포공항,8,"2,16,19,23,38,40,59,62"
425,12:45,6,6,일산,4,"24,41,44,57"
425,12:45,7,7,판교,1,25
425,12:45,8,8,동탄/용인,1,5
425,12:45,9,9,평택,3,"47,52,58"
426,12:46,1,1,서울역,4,"6,11,34,50"
426,12:46,10,10,인천공항,9,"8,10,12,13,20,21,30,36,46"
426,12:46,2,2,수서,3,"0,60,67"
426,12:46,3,3,삼성,7,"7,17,18,37,56,65,69"
426,12:46,4,4,여의도,10,"3,4,9,22,26,35,49,63,64,66"
426,12:46,5,5,김포공항,6,"16,19,38,40,59,62"
426,12:46,6,6,일산,4,"24,41,44,57"
426,12:46,7,7,판교,1,25
426,12:46,8,8,동탄/용인,1,5
426,12:46,9,9,평택,4,"47,52,54,58"
427,12:47,1,1,서울역,4,"1,6,11,34"
427,12:47,10,10,인천공항,7,"8,13,20,21,30,36,46"
427,12:47,2,2,수서,3,"0,60,67"
427,12:47,3,3,삼성,7,"7,17,18,37,56,65,69"
427,12:47,4,4,여의도,9,"3,4,22,26,29,49,63,64,66"
427,12:47,5,5,김포공항,5,"16,38,40,59,62"
427,12:47,6,6,일산,4,"24,41,44,57"
427,12:47,7,7,판교,2,"25,55"
427,12:47,8,8,동탄/용인,1,39
427,12:47,9,9,평택,4,"47,52,54,58"
428,12:48,1,1,서울역,4,"1,6,11,34"
428,12:48,10,10,인천공항,7,"8,13,20,21,30,36,46"
428,12:48,2,2,수서,2,"0,67"
428,12:48,3,3,삼성,6,"17,18,56,65,68,69"
428,12:48,4,4,여의도,9,"3,4,22,26,29,49,63,64,66"
428,12:48,5,5,김포공항,5,"16,38,40,59,62"
428,12:48,6,6,일산,4,"24,41,44,57"
428,12:48,7,7,판교,2,"25,55"
428,12:48,8,8,동탄/용인,1,39
428,12:48,9,9,평택,5,"47,51,52,54,58"
429,12:49,1,1,서울역,4,"1,6,11,34"
429,12:49,10,10,인천공항,7,"8,13,20,21,30,36,46"
429,12:49,2,2,수서,1,0
429,12:49,3,3,삼성,6,"17,18,56,65,68,69"
429,12:49,4,4,여의도,10,"3,4,15,22,26,29,49,63,64,66"
429,12:49,5,5,김포공항,5,"16,38,40,59,62"
429,12:49,6,6,일산,4,"24,41,44,57"
429,12:49,7,7,판교,2,"25,55"
429,12:49,8,8,동탄/용인,1,39
429,12:49,9,9,평택,5,"47,51,52,54,58"
430,12:50,1,1,서울역,4,"1,6,11,34"
430,12:50,10,10,인천공항,7,"8,13,20,21,30,36,46"
430,12:50,2,2,수서,1,0
430,12:50,3,3,삼성,3,"17,68,69"
430,12:50,4,4,여의도,10,"3,4,15,22,26,29,49,63,64,66"
430,12:50,5,5,김포공항,5,"16,38,40,59,62"
430,12:50,6,6,일산,4,"24,41,44,57"
430,12:50,7,7,판교,2,"25,32"
430,12:50,9,9,평택,5,"47,51,52,54,58"
431,12:51,1,1,서울역,4,"1,6,11,34"
431,12:51,10,10,인천공항,8,"8,13,20,21,30,36,46,48"
431,12:51,2,2,수서,2,"0,37"
431,12:51,3,3,삼성,2,"17,69"
431,12:51,4,4,여의도,10,"3,4,15,22,26,29,49,63,64,66"
431,12:51,5,5,김포공항,6,"16,31,38,40,59,62"
431,12:51,6,6,일산,4,"24,41,44,57"
431,12:51,7,7,판교,2,"25,32"
431,12:51,9,9,평택,5,"47,51,52,54,58"
432,12:52,1,1,서울역,4,"1,6,11,34"
432,12:52,10,10,인천공항,8,"8,13,20,21,30,36,46,48"
432,12:52,2,2,수서,2,"0,37"
432,12:52,3,3,삼성,2,"17,69"
432,12:52,4,4,여의도,9,"3,4,15,22,26,49,63,64,66"
432,12:52,5,5,김포공항,6,"16,31,38,40,59,62"
432,12:52,6,6,일산,3,"24,44,57"
432,12:52,7,7,판교,2,"25,32"
432,12:52,9,9,평택,5,"47,51,52,54,58"
433,12:53,1,1,서울역,3,"6,11,34"
433,12:53,10,10,인천공항,8,"8,13,20,21,30,36,46,48"
433,12:53,2,2,수서,3,"0,9,37"
433,12:53,3,3,삼성,2,"17,69"
433,12:53,4,4,여의도,10,"3,4,14,15,22,26,49,63,64,66"
433,12:53,5,5,김포공항,6,"16,31,38,40,59,62"
433,12:53,6,6,일산,3,"24,44,57"
433,12:53,7,7,판교,2,"25,32"
433,12:53,9,9,평택,5,"47,51,52,54,58"
434,12:54,1,1,서울역,3,"6,11,34"
434,12:54,10,10,인천공항,7,"8,20,21,30,36,46,48"
434,12:54,2,2,수서,3,"0,9,68"
434,12:54,3,3,삼성,1,17
434,12:54,4,4,여의도,10,"3,4,14,15,22,26,49,63,64,66"
434,12:54,5,5,김포공항,6,"16,31,38,40,59,62"
434,12:54,6,6,일산,3,"24,44,57"
434,12:54,7,7,판교,2,"25,32"
434,12:54,9,9,평택,5,"47,51,52,54,58"
435,12:55,1,1,서울역,3,"6,11,34"
435,12:55,10,10,인천공항,8,"8,20,21,30,36,46,48,53"
435,12:55,2,2,수서,2,"9,68"
435,12:55,3,3,삼성,1,17
435,12:55,4,4,여의도,9,"3,4,14,15,22,26,63,64,66"
435,12:55,5,5,김포공항,6,"16,31,38,40,59,62"
435,12:55,6,6,일산,3,"24,44,57"
435,12:55,7,7,판교,2,"25,32"
435,12:55,9,9,평택,5,"47,51,52,54,58"
436,12:56,1,1,서울역,3,"6,11,34"
436,12:56,10,10,인천공항,8,"2,20,21,30,36,46,48,53"
436,12:56,2,2,수서,2,"9,68"
436,12:56,3,3,삼성,1,17
436,12:56,4,4,여의도,9,"3,4,14,15,22,26,63,64,66"
436,12:56,5,5,김포공항,7,"16,31,38,40,59,60,62"
436,12:56,6,6,일산,3,"24,44,57"
436,12:56,7,7,판교,1,25
436,12:56,9,9,평택,5,"47,51,52,54,58"
437,12:57,1,1,서울역,3,"6,11,34"
437,12:57,10,10,인천공항,9,"2,19,20,21,30,36,46,48,53"
437,12:57,2,2,수서,2,"9,69"
437,12:57,3,3,삼성,3,"5,17,61"
437,12:57,4,4,여의도,10,"3,4,14,15,22,26,56,63,64,66"
437,12:57,5,5,김포공항,8,"16,31,38,40,59,60,62,67"
437,12:57,6,6,일산,3,"24,44,57"
437,12:57,7,7,판교,2,"18,25"
437,12:57,9,9,평택,6,"27,33,47,51,54,58"
438,12:58,1,1,서울역,3,"6,11,34"
438,12:58,10,10,인천공항,9,"2,19,20,21,30,36,46,48,53"
438,12:58,2,2,수서,2,"9,69"
438,12:58,3,3,삼성,3,"5,17,61"
438,12:58,4,4,여의도,9,"3,4,14,15,26,56,63,64,66"
438,12:58,5,5,김포공항,8,"16,31,38,40,59,60,62,67"
438,12:58,6,6,일산,4,"7,24,44,57"
438,12:58,7,7,판교,2,"18,25"
438,12:58,8,8,동탄/용인,1,42
438,12:58,9,9,평택,7,"27,33,45,47,51,54,58"
439,12:59,1,1,서울역,3,"6,11,34"
439,12:59,10,10,인천공항,9,"2,19,20,21,30,36,46,48,53"
439,12:59,2,2,수서,2,"9,69"
439,12:59,3,3,삼성,3,"5,17,61"
439,12:59,4,4,여의도,9,"3,4,14,15,26,56,63,64,66"
439,12:59,5,5,김포공항,8,"16,31,38,40,59,60,62,67"
439,12:59,6,6,일산,4,"7,24,44,57"
439,12:59,7,7,판교,3,"18,25,29"
439,12:59,8,8,동탄/용인,2,"42,50"
439,12:59,9,9,평택,6,"27,33,45,47,51,54"
440,13:00,1,1,서울역,3,"6,11,34"
440,13:00,10,10,인천공항,9,"2,19,20,21,30,36,46,48,53"
440,13:00,2,2,수서,1,9
440,13:00,3,3,삼성,5,"5,17,39,43,61"
440,13:00,4,4,여의도,8,"3,4,14,15,26,28,64,66"
440,13:00,5,5,김포공항,8,"16,31,38,40,59,60,62,67"
440,13:00,6,6,일산,4,"7,24,44,57"
440,13:00,7,7,판교,3,"1,25,29"
440,13:00,8,8,동탄/용인,2,"42,50"
440,13:00,9,9,평택,6,"27,33,45,47,51,54"
441,13:01,1,1,서울역,2,"6,34"
441,13:01,10,10,인천공항,9,"2,19,20,21,30,36,46,48,53"
441,13:01,2,2,수서,1,9
441,13:01,3,3,삼성,4,"5,39,43,61"
441,13:01,4,4,여의도,8,"3,4,14,15,26,28,64,66"
441,13:01,5,5,김포공항,8,"16,31,38,40,59,60,62,67"
441,13:01,6,6,일산,4,"7,24,44,57"
441,13:01,7,7,판교,3,"1,25,29"
441,13:01,8,8,동탄/용인,2,"42,50"
441,13:01,9,9,평택,6,"27,33,45,47,51,54"
442,13:02,1,1,서울역,1,34
442,13:02,10,10,인천공항,9,"2,19,20,21,30,36,46,48,53"
442,13:02,2,2,수서,1,9
442,13:02,3,3,삼성,6,"5,10,12,39,43,61"
442,13:02,4,4,여의도,8,"3,4,14,15,26,28,64,66"
442,13:02,5,5,김포공항,7,"16,31,40,59,60,62,67"
442,13:02,6,6,일산,4,"7,24,44,57"
442,13:02,7,7,판교,2,"1,25"
442,13:02,8,8,동탄/용인,2,"42,50"
442,13:02,9,9,평택,7,"27,33,35,45,47,51,54"
443,13:03,1,1,서울역,1,34
443,13:03,10,10,인천공항,10,"2,19,20,21,30,36,41,46,48,53"
443,13:03,2,2,수서,1,9
443,13:03,3,3,삼성,5,"10,12,39,43,61"
443,13:03,4,4,여의도,9,"3,4,14,15,26,28,32,64,66"
443,13:03,5,5,김포공항,8,"0,16,31,40,59,60,62,67"
443,13:03,6,6,일산,4,"7,24,44,57"
443,13:03,7,7,판교,2,"1,25"
443,13:03,8,8,동탄/용인,2,"42,50"
443,13:03,9,9,평택,8,"23,27,33,35,45,47,51,54"
444,13:04,1,1,서울역,1,34
444,13:04,10,10,인천공항,10,"2,19,20,21,30,36,41,46,48,53"
444,13:04,2,2,수서,1,9
444,13:04,3,3,삼성,5,"10,12,39,43,61"
444,13:04,4,4,여의도,8,"3,4,14,15,28,32,64,66"
444,13:04,5,5,김포공항,8,"0,16,31,40,59,60,62,67"
444,13:04,6,6,일산,4,"7,24,44,57"
444,13:04,7,7,판교,2,"1,25"
444,13:04,8,8,동탄/용인,2,"42,50"
444,13:04,9,9,평택,7,"23,33,35,45,47,51,54"
445,13:05,1,1,서울역,1,34
445,13:05,10,10,인천공항,9,"2,19,20,21,36,41,46,48,53"
445,13:05,2,2,수서,1,9
445,13:05,3,3,삼성,5,"10,12,39,43,61"
445,13:05,4,4,여의도,8,"3,4,14,15,28,32,64,66"
445,13:05,5,5,김포공항,8,"0,16,31,40,59,60,62,67"
445,13:05,6,6,일산,3,"7,37,57"
445,13:05,7,7,판교,2,"1,25"
445,13:05,8,8,동탄/용인,2,"42,50"
445,13:05,9,9,평택,8,"23,33,35,45,47,51,54,65"
446,13:06,1,1,서울역,1,34
446,13:06,10,10,인천공항,10,"2,19,20,21,36,41,46,48,53,55"
446,13:06,2,2,수서,2,"5,9"
446,13:06,3,3,삼성,4,"10,39,43,61"
446,13:06,4,4,여의도,9,"3,4,13,14,15,28,32,64,66"
446,13:06,5,5,김포공항,8,"0,16,31,40,59,60,62,67"
446,13:06,6,6,일산,3,"7,37,57"
446,13:06,7,7,판교,2,"1,25"
446,13:06,8,8,동탄/용인,2,"42,50"
446,13:06,9,9,평택,6,"23,35,47,51,54,65"
447,13:07,1,1,서울역,2,"18,34"
447,13:07,10,10,인천공항,10,"2,19,20,21,36,41,46,48,53,55"
447,13:07,2,2,수서,2,"5,9"
447,13:07,3,3,삼성,4,"10,39,43,61"
447,13:07,4,4,여의도,9,"3,4,13,14,15,28,32,64,66"
447,13:07,5,5,김포공항,8,"0,16,31,40,59,60,62,67"
447,13:07,6,6,일산,3,"7,37,57"
447,13:07,7,7,판교,3,"1,25,63"
447,13:07,8,8,동탄/용인,2,"42,50"
447,13:07,9,9,평택,6,"23,35,47,51,54,65"
448,13:08,1,1,서울역,2,"18,34"
448,13:08,10,10,인천공항,10,"2,19,20,21,36,41,46,48,53,55"
448,13:08,2,2,수서,1,5
448,13:08,3,3,삼성,4,"10,39,43,61"
448,13:08,4,4,여의도,10,"3,4,8,13,14,15,28,32,64,66"
448,13:08,5,5,김포공항,9,"0,16,31,40,59,60,62,67,69"
448,13:08,6,6,일산,3,"7,37,57"
448,13:08,7,7,판교,4,"1,11,25,63"
448,13:08,8,8,동탄/용인,2,"42,50"
448,13:08,9,9,평택,6,"23,35,47,51,54,65"
449,13:09,1,1,서울역,2,"18,34"
449,13:09,10,10,인천공항,9,"2,19,21,36,41,46,48,53,55"
449,13:09,2,2,수서,1,6
449,13:09,3,3,삼성,3,"10,43,61"
449,13:09,4,4,여의도,11,"3,4,8,13,14,15,28,29,32,64,66"
449,13:09,5,5,김포공항,9,"0,16,31,40,59,60,62,67,69"
449,13:09,6,6,일산,3,"7,37,57"
449,13:09,7,7,판교,3,"1,11,63"
449,13:09,8,8,동탄/용인,2,"42,50"
449,13:09,9,9,평택,6,"23,35,47,51,54,65"
450,13:10,1,1,서울역,2,"18,34"
450,13:10,10,10,인천공항,10,"2,19,21,22,36,41,46,48,53,55"
450,13:10,2,2,수서,1,6
450,13:10,3,3,삼성,3,"10,43,61"
450,13:10,4,4,여의도,10,"4,8,13,14,15,28,29,32,64,66"
450,13:10,5,5,김포공항,9,"0,16,31,40,59,60,62,67,69"
450,13:10,6,6,일산,3,"7,37,57"
450,13:10,7,7,판교,1,11
450,13:10,8,8,동탄/용인,2,"42,50"
450,13:10,9,9,평택,6,"23,35,47,49,54,65"
451,13:11,1,1,서울역,2,"18,34"
451,13:11,10,10,인천공항,10,"2,19,21,22,36,41,46,48,53,55"
451,13:11,2,2,수서,1,6
451,13:11,3,3,삼성,3,"10,43,61"
451,13:11,4,4,여의도,10,"4,8,13,14,15,28,29,32,64,66"
451,13:11,5,5,김포공항,9,"0,16,31,40,59,60,62,67,69"
451,13:11,6,6,일산,4,"7,17,37,57"
451,13:11,7,7,판교,1,11
451,13:11,8,8,동탄/용인,2,"42,50"
451,13:11,9,9,평택,7,"23,35,47,49,54,65,68"
452,13:12,1,1,서울역,3,"18,24,34"
452,13:12,10,10,인천공항,11,"2,19,21,22,36,41,46,48,53,55,56"
452,13:12,2,2,수서,2,"6,39"
452,13:12,3,3,삼성,2,"10,43"
452,13:12,4,4,여의도,9,"4,8,14,15,28,29,32,64,66"
452,13:12,5,5,김포공항,9,"0,16,31,40,59,60,62,67,69"
452,13:12,6,6,일산,4,"7,17,37,57"
452,13:12,7,7,판교,1,11
452,13:12,8,8,동탄/용인,2,"42,50"
452,13:12,9,9,평택,7,"23,35,47,49,54,65,68"
453,13:13,1,1,서울역,4,"18,24,34,52"
453,13:13,10,10,인천공항,11,"2,19,21,22,36,41,46,48,53,55,56"
453,13:13,2,2,수서,2,"6,39"
453,13:13,3,3,삼성,2,"10,43"
453,13:13,4,4,여의도,9,"4,8,14,15,28,29,32,64,66"
453,13:13,5,5,김포공항,9,"0,16,31,40,59,60,62,67,69"
453,13:13,6,6,일산,4,"7,17,37,57"
453,13:13,7,7,판교,2,"11,12"
453,13:13,8,8,동탄/용인,2,"42,50"
453,13:13,9,9,평택,7,"23,35,47,49,54,65,68"
454,13:14,1,1,서울역,4,"18,24,34,52"
454,13:14,10,10,인천공항,11,"2,19,21,22,36,41,46,48,53,55,56"
454,13:14,2,2,수서,2,"6,39"
454,13:14,3,3,삼성,2,"10,43"
454,13:14,4,4,여의도,9,"4,8,14,15,28,29,32,64,66"
454,13:14,5,5,김포공항,8,"16,31,40,59,60,62,67,69"
454,13:14,6,6,일산,4,"7,17,37,57"
454,13:14,7,7,판교,2,"11,12"
454,13:14,8,8,동탄/용인,2,"42,50"
454,13:14,9,9,평택,6,"23,35,49,54,65,68"
455,13:15,1,1,서울역,4,"18,24,34,52"
455,13:15,10,10,인천공항,11,"2,19,21,22,36,41,46,48,53,55,56"
455,13:15,2,2,수서,1,6
455,13:15,3,3,삼성,2,"10,43"
455,13:15,4,4,여의도,9,"4,8,14,15,28,29,32,64,66"
455,13:15,5,5,김포공항,8,"16,31,40,59,60,62,67,69"
455,13:15,6,6,일산,4,"7,17,37,57"
455,13:15,7,7,판교,2,"11,12"
455,13:15,8,8,동탄/용인,2,"42,50"
455,13:15,9,9,평택,6,"23,35,49,54,65,68"
456,13:16,1,1,서울역,4,"18,24,34,52"
456,13:16,10,10,인천공항,11,"2,19,21,22,36,41,46,48,53,55,56"
456,13:16,2,2,수서,2,"3,6"
456,13:16,3,3,삼성,2,"10,43"
456,13:16,4,4,여의도,10,"4,8,14,15,25,28,29,32,64,66"
456,13:16,5,5,김포공항,9,"9,16,31,40,59,60,62,67,69"
456,13:16,6,6,일산,4,"7,17,37,57"
456,13:16,7,7,판교,1,11
456,13:16,8,8,동탄/용인,2,"42,50"
456,13:16,9,9,평택,6,"23,35,49,54,65,68"
457,13:17,1,1,서울역,5,"1,18,24,34,52"
457,13:17,10,10,인천공항,11,"2,19,21,22,36,41,46,48,53,55,56"
457,13:17,2,2,수서,2,"3,6"
457,13:17,3,3,삼성,2,"10,43"
457,13:17,4,4,여의도,9,"4,14,15,25,28,29,32,64,66"
457,13:17,5,5,김포공항,10,"5,9,16,31,40,59,60,62,67,69"
457,13:17,6,6,일산,3,"7,37,57"
457,13:17,7,7,판교,2,"11,44"
457,13:17,8,8,동탄/용인,2,"42,50"
457,13:17,9,9,평택,6,"23,35,49,54,65,68"
458,13:18,1,1,서울역,5,"1,18,24,34,52"
458,13:18,10,10,인천공항,12,"2,19,21,22,36,41,46,48,53,55,56,58"
458,13:18,2,2,수서,3,"3,6,27"
458,13:18,3,3,삼성,1,10
458,13:18,4,4,여의도,9,"4,14,15,25,28,29,32,64,66"
458,13:18,5,5,김포공항,10,"5,9,16,31,40,59,60,62,67,69"
458,13:18,6,6,일산,2,"37,57"
458,13:18,7,7,판교,2,"11,44"
458,13:18,8,8,동탄/용인,2,"42,50"
458,13:18,9,9,평택,6,"23,35,49,54,65,68"
459,13:19,1,1,서울역,5,"1,18,24,34,52"
459,13:19,10,10,인천공항,11,"2,19,21,36,41,46,48,53,55,56,58"
459,13:19,2,2,수서,3,"3,6,27"
459,13:19,3,3,삼성,1,10
459,13:19,4,4,여의도,9,"4,14,15,25,28,29,32,64,66"
459,13:19,5,5,김포공항,11,"5,9,16,20,31,40,59,60,62,67,69"
459,13:19,6,6,일산,2,"37,57"
459,13:19,7,7,판교,3,"11,13,44"
459,13:19,8,8,동탄/용인,2,"42,50"
459,13:19,9,9,평택,8,"23,26,35,38,49,54,65,68"
460,13:20,1,1,서울역,4,"1,18,24,34"
460,13:20,10,10,인천공항,11,"2,19,21,36,41,46,48,53,55,56,58"
460,13:20,2,2,수서,3,"3,6,27"
460,13:20,3,3,삼성,2,"10,30"
460,13:20,4,4,여의도,9,"4,14,15,25,28,29,32,64,66"
460,13:20,5,5,김포공항,11,"5,9,20,31,40,59,60,62,63,67,69"
460,13:20,6,6,일산,2,"37,57"
460,13:20,7,7,판교,3,"11,13,44"
460,13:20,8,8,동탄/용인,2,"42,50"
460,13:20,9,9,평택,8,"23,26,35,38,49,54,65,68"
461,13:21,1,1,서울역,4,"1,18,24,34"
461,13:21,10,10,인천공항,11,"2,19,21,36,41,46,48,53,55,56,58"
461,13:21,2,2,수서,3,"3,6,27"
461,13:21,3,3,삼성,3,"10,30,45"
461,13:21,4,4,여의도,10,"4,14,15,25,28,29,32,33,64,66"
461,13:21,5,5,김포공항,11,"5,9,20,31,40,59,60,62,63,67,69"
461,13:21,6,6,일산,1,57
461,13:21,7,7,판교,3,"11,13,44"
461,13:21,8,8,동탄/용인,2,"42,50"
461,13:21,9,9,평택,7,"26,35,38,49,54,65,68"
462,13:22,1,1,서울역,4,"1,18,24,34"
462,13:22,10,10,인천공항,11,"2,19,21,36,41,46,48,53,55,56,58"
462,13:22,2,2,수서,2,"3,27"
462,13:22,3,3,삼성,3,"10,30,45"
462,13:22,4,4,여의도,10,"4,14,15,25,28,29,32,33,64,66"
462,13:22,5,5,김포공항,10,"5,9,31,40,59,60,62,63,67,69"
462,13:22,6,6,일산,1,57
462,13:22,7,7,판교,3,"11,13,44"
462,13:22,8,8,동탄/용인,2,"42,50"
462,13:22,9,9,평택,7,"26,35,38,49,54,65,68"
463,13:23,1,1,서울역,5,"1,12,18,24,34"
463,13:23,10,10,인천공항,10,"2,19,36,41,46,48,53,55,56,58"
463,13:23,2,2,수서,3,"3,8,27"
463,13:23,3,3,삼성,3,"10,30,45"
463,13:23,4,4,여의도,9,"4,14,25,28,29,32,33,64,66"
463,13:23,5,5,김포공항,10,"5,9,31,40,59,60,62,63,67,69"
463,13:23,6,6,일산,1,57
463,13:23,7,7,판교,3,"11,13,44"
463,13:23,8,8,동탄/용인,2,"42,50"
463,13:23,9,9,평택,7,"26,35,38,49,54,65,68"
464,13:24,1,1,서울역,4,"1,12,18,34"
464,13:24,10,10,인천공항,10,"2,19,36,41,46,48,53,55,56,58"
464,13:24,2,2,수서,3,"3,8,27"
464,13:24,3,3,삼성,2,"10,30"
464,13:24,4,4,여의도,10,"4,14,25,28,29,32,33,52,64,66"
464,13:24,5,5,김포공항,10,"5,9,31,40,59,60,62,63,67,69"
464,13:24,6,6,일산,1,57
464,13:24,7,7,판교,3,"11,13,44"
464,13:24,8,8,동탄/용인,2,"42,50"
464,13:24,9,9,평택,7,"26,35,38,49,54,65,68"
465,13:25,1,1,서울역,4,"1,12,18,34"
465,13:25,10,10,인천공항,9,"2,19,41,46,48,53,55,56,58"
465,13:25,2,2,수서,3,"3,8,27"
465,13:25,3,3,삼성,2,"10,30"
465,13:25,4,4,여의도,10,"4,14,25,28,29,32,33,52,64,66"
465,13:25,5,5,김포공항,10,"5,9,31,40,59,60,62,63,67,69"
465,13:25,6,6,일산,1,57
465,13:25,7,7,판교,1,11
465,13:25,8,8,동탄/용인,2,"42,50"
465,13:25,9,9,평택,7,"26,35,38,49,54,65,68"
466,13:26,1,1,서울역,3,"1,12,51"
466,13:26,10,10,인천공항,9,"2,19,41,46,48,53,55,56,58"
466,13:26,2,2,수서,3,"3,8,27"
466,13:26,3,3,삼성,2,"10,30"
466,13:26,4,4,여의도,11,"4,14,16,25,28,29,32,33,52,64,66"
466,13:26,5,5,김포공항,10,"5,9,31,40,59,60,62,63,67,69"
466,13:26,6,6,일산,2,"39,57"
466,13:26,7,7,판교,1,11
466,13:26,8,8,동탄/용인,2,"42,50"
466,13:26,9,9,평택,7,"26,35,38,49,54,65,68"
467,13:27,1,1,서울역,3,"1,12,51"
467,13:27,10,10,인천공항,8,"2,19,41,48,53,55,56,58"
467,13:27,2,2,수서,3,"3,8,27"
467,13:27,3,3,삼성,2,"10,30"
467,13:27,4,4,여의도,10,"4,14,16,25,28,29,32,33,64,66"
467,13:27,5,5,김포공항,9,"5,31,40,59,60,62,63,67,69"
467,13:27,6,6,일산,2,"39,57"
467,13:27,8,8,동탄/용인,2,"42,50"
467,13:27,9,9,평택,8,"26,35,38,49,54,61,65,68"
468,13:28,1,1,서울역,3,"1,12,51"
468,13:28,10,10,인천공항,8,"2,19,41,48,53,55,56,58"
468,13:28,2,2,수서,3,"3,8,27"
468,13:28,3,3,삼성,1,10
468,13:28,4,4,여의도,11,"4,14,16,20,25,28,29,32,33,64,66"
468,13:28,5,5,김포공항,9,"5,31,40,59,60,62,63,67,69"
468,13:28,6,6,일산,2,"39,57"
468,13:28,8,8,동탄/용인,2,"42,50"
468,13:28,9,9,평택,8,"26,35,38,49,54,61,65,68"
469,13:29,1,1,서울역,3,"1,12,51"
469,13:29,10,10,인천공항,8,"2,19,41,48,53,55,56,58"
469,13:29,2,2,수서,3,"3,8,27"
469,13:29,3,3,삼성,2,"10,47"
469,13:29,4,4,여의도,10,"4,14,20,25,28,29,32,33,64,66"
469,13:29,5,5,김포공항,9,"5,31,40,59,60,62,63,67,69"
469,13:29,6,6,일산,2,"39,57"
469,13:29,7,7,판교,1,17
469,13:29,8,8,동탄/용인,1,42
469,13:29,9,9,평택,8,"26,35,38,49,54,61,65,68"
470,13:30,1,1,서울역,3,"1,12,51"
470,13:30,10,10,인천공항,7,"19,41,48,53,55,56,58"
470,13:30,2,2,수서,3,"3,8,27"
470,13:30,3,3,삼성,2,"10,47"
470,13:30,4,4,여의도,9,"4,20,25,28,29,32,33,64,66"
470,13:30,5,5,김포공항,10,"5,6,31,40,59,60,62,63,67,69"
470,13:30,6,6,일산,2,"39,57"
470,13:30,7,7,판교,3,"7,15,17"
470,13:30,8,8,동탄/용인,1,42
470,13:30,9,9,평택,7,"26,35,38,49,54,61,65"
471,13:31,1,1,서울역,3,"1,12,51"
471,13:31,10,10,인천공항,7,"19,41,48,53,55,56,58"
471,13:31,2,2,수서,4,"3,8,27,30"
471,13:31,3,3,삼성,1,47
471,13:31,4,4,여의도,9,"4,22,25,28,29,32,33,64,66"
471,13:31,5,5,김포공항,10,"5,6,31,40,59,60,62,63,67,69"
471,13:31,6,6,일산,2,"39,57"
471,13:31,7,7,판교,4,"7,15,17,45"
471,13:31,8,8,동탄/용인,1,42
471,13:31,9,9,평택,8,"0,26,35,38,49,54,61,65"
472,13:32,1,1,서울역,2,"1,12"
472,13:32,10,10,인천공항,6,"41,48,53,55,56,58"
472,13:32,2,2,수서,4,"3,8,27,30"
472,13:32,3,3,삼성,1,47
472,13:32,4,4,여의도,11,"4,13,22,25,28,29,32,33,44,64,66"
472,13:32,5,5,김포공항,10,"5,6,31,40,59,60,62,63,67,69"
472,13:32,6,6,일산,2,"39,57"
472,13:32,7,7,판교,4,"7,15,17,45"
472,13:32,8,8,동탄/용인,1,42
472,13:32,9,9,평택,8,"0,26,35,38,49,54,61,65"
473,13:33,1,1,서울역,2,"1,12"
473,13:33,10,10,인천공항,7,"41,43,48,53,55,56,58"
473,13:33,2,2,수서,4,"3,8,27,30"
473,13:33,3,3,삼성,1,47
473,13:33,4,4,여의도,10,"13,22,25,28,29,32,33,44,64,66"
473,13:33,5,5,김포공항,10,"5,6,31,40,59,60,62,63,67,69"
473,13:33,6,6,일산,2,"39,57"
473,13:33,7,7,판교,5,"7,15,17,37,45"
473,13:33,8,8,동탄/용인,1,42
473,13:33,9,9,평택,8,"0,26,35,38,49,54,61,65"
474,13:34,1,1,서울역,2,"1,12"
474,13:34,10,10,인천공항,7,"41,43,48,53,55,56,58"
474,13:34,2,2,수서,3,"3,8,27"
474,13:34,3,3,삼성,1,47
474,13:34,4,4,여의도,11,"11,13,22,25,28,29,32,33,44,64,66"
474,13:34,5,5,김포공항,10,"5,6,31,40,59,60,62,63,67,69"
474,13:34,6,6,일산,3,"9,21,39"
474,13:34,7,7,판교,4,"7,15,17,37"
474,13:34,9,9,평택,8,"0,26,35,38,49,54,61,65"
475,13:35,1,1,서울역,2,"1,12"
475,13:35,10,10,인천공항,7,"41,43,48,53,55,56,58"
475,13:35,2,2,수서,3,"8,23,27"
475,13:35,3,3,삼성,1,47
475,13:35,4,4,여의도,11,"11,13,22,25,28,29,32,33,44,64,66"
475,13:35,5,5,김포공항,10,"5,6,31,40,59,60,62,63,67,69"
475,13:35,6,6,일산,3,"9,21,39"
475,13:35,7,7,판교,4,"7,15,17,37"
475,13:35,9,9,평택,8,"0,26,35,38,49,54,61,65"
476,13:36,1,1,서울역,2,"1,12"
476,13:36,10,10,인천공항,7,"41,43,48,53,55,56,58"
476,13:36,2,2,수서,4,"8,14,23,27"
476,13:36,3,3,삼성,1,47
476,13:36,4,4,여의도,11,"11,13,22,25,28,29,32,33,44,64,66"
476,13:36,5,5,김포공항,10,"5,6,31,40,59,60,62,63,67,69"
476,13:36,6,6,일산,3,"9,21,39"
476,13:36,7,7,판교,3,"7,17,37"
476,13:36,8,8,동탄/용인,1,68
476,13:36,9,9,평택,7,"0,26,35,49,54,61,65"
477,13:37,1,1,서울역,2,"1,12"
477,13:37,10,10,인천공항,8,"24,41,43,48,53,55,56,58"
477,13:37,2,2,수서,4,"8,14,23,27"
477,13:37,3,3,삼성,2,"30,47"
477,13:37,4,4,여의도,10,"11,13,25,28,29,32,33,44,64,66"
477,13:37,5,5,김포공항,10,"5,6,31,40,59,60,62,63,67,69"
477,13:37,6,6,일산,3,"9,21,39"
477,13:37,7,7,판교,3,"7,17,37"
477,13:37,8,8,동탄/용인,1,68
477,13:37,9,9,평택,6,"26,35,49,54,61,65"
478,13:38,1,1,서울역,1,1
478,13:38,10,10,인천공항,8,"24,41,43,48,53,55,56,58"
478,13:38,2,2,수서,4,"8,14,23,27"
478,13:38,3,3,삼성,2,"30,47"
478,13:38,4,4,여의도,10,"11,13,25,28,29,32,33,44,64,66"
478,13:38,5,5,김포공항,10,"5,6,31,40,59,60,62,63,67,69"
478,13:38,6,6,일산,3,"9,21,39"
478,13:38,7,7,판교,3,"7,17,37"
478,13:38,8,8,동탄/용인,2,"18,68"
478,13:38,9,9,평택,6,"26,35,49,54,61,65"
479,13:39,1,1,서울역,1,1
479,13:39,10,10,인천공항,8,"24,41,43,48,53,55,56,58"
479,13:39,2,2,수서,4,"8,14,23,27"
479,13:39,3,3,삼성,3,"30,47,50"
479,13:39,4,4,여의도,10,"11,13,25,28,29,32,33,44,64,66"
479,13:39,5,5,김포공항,10,"5,6,31,40,59,60,62,63,67,69"
479,13:39,6,6,일산,3,"9,21,39"
479,13:39,7,7,판교,2,"17,51"
479,13:39,8,8,동탄/용인,1,18
479,13:39,9,9,평택,6,"26,35,49,54,61,65"
480,13:40,1,1,서울역,1,1
480,13:40,10,10,인천공항,8,"24,41,43,48,53,55,56,58"
480,13:40,2,2,수서,4,"8,14,23,27"
480,13:40,3,3,삼성,4,"4,36,47,50"
480,13:40,4,4,여의도,10,"11,13,25,28,29,32,33,44,64,66"
480,13:40,5,5,김포공항,8,"5,6,59,60,62,63,67,69"
480,13:40,6,6,일산,1,39
480,13:40,7,7,판교,2,"17,51"
480,13:40,8,8,동탄/용인,1,18
480,13:40,9,9,평택,6,"26,35,49,54,61,65"
481,13:41,1,1,서울역,1,1
481,13:41,10,10,인천공항,8,"24,41,43,48,53,55,56,58"
481,13:41,2,2,수서,4,"8,14,23,27"
481,13:41,3,3,삼성,4,"4,36,47,50"
481,13:41,4,4,여의도,9,"11,13,25,29,32,33,44,64,66"
481,13:41,5,5,김포공항,8,"5,6,59,60,62,63,67,69"
481,13:41,6,6,일산,2,"10,39"
481,13:41,7,7,판교,2,"17,51"
481,13:41,8,8,동탄/용인,1,18
481,13:41,9,9,평택,6,"26,35,49,54,61,65"
482,13:42,1,1,서울역,1,1
482,13:42,10,10,인천공항,8,"24,41,43,48,53,55,56,58"
482,13:42,2,2,수서,4,"8,14,23,27"
482,13:42,3,3,삼성,5,"4,36,46,47,50"
482,13:42,4,4,여의도,10,"2,11,13,25,29,32,33,44,64,66"
482,13:42,5,5,김포공항,8,"5,6,59,60,62,63,67,69"
482,13:42,6,6,일산,2,"10,39"
482,13:42,7,7,판교,1,17
482,13:42,8,8,동탄/용인,1,18
482,13:42,9,9,평택,8,"26,34,35,49,52,54,61,65"
483,13:43,1,1,서울역,1,1
483,13:43,10,10,인천공항,8,"24,41,43,48,53,55,56,58"
483,13:43,2,2,수서,4,"8,14,22,27"
483,13:43,3,3,삼성,5,"4,36,46,47,50"
483,13:43,4,4,여의도,11,"2,11,13,15,25,29,32,33,44,64,66"
483,13:43,5,5,김포공항,8,"3,5,59,60,62,63,67,69"
483,13:43,6,6,일산,2,"10,39"
483,13:43,7,7,판교,1,17
483,13:43,8,8,동탄/용인,1,18
483,13:43,9,9,평택,8,"26,34,35,49,52,54,61,65"
484,13:44,1,1,서울역,1,1
484,13:44,10,10,인천공항,8,"24,41,43,48,53,55,56,58"
484,13:44,2,2,수서,3,"8,14,22"
484,13:44,3,3,삼성,5,"4,36,46,47,50"
484,13:44,4,4,여의도,11,"2,11,13,15,25,29,32,33,44,64,66"
484,13:44,5,5,김포공항,8,"3,5,45,60,62,63,67,69"
484,13:44,6,6,일산,2,"10,39"
484,13:44,7,7,판교,1,17
484,13:44,8,8,동탄/용인,1,18
484,13:44,9,9,평택,9,"16,26,34,35,49,52,54,61,65"
485,13:45,1,1,서울역,1,1
485,13:45,10,10,인천공항,8,"24,41,43,48,53,55,56,58"
485,13:45,2,2,수서,3,"8,14,22"
485,13:45,3,3,삼성,5,"4,36,46,47,50"
485,13:45,4,4,여의도,10,"2,13,15,25,29,32,33,44,64,66"
485,13:45,5,5,김포공항,8,"3,5,45,60,62,63,67,69"
485,13:45,6,6,일산,2,"10,39"
485,13:45,7,7,판교,1,17
485,13:45,8,8,동탄/용인,1,18
485,13:45,9,9,평택,9,"16,26,34,35,49,52,54,61,65"
486,13:46,1,1,서울역,2,"1,7"
486,13:46,10,10,인천공항,7,"24,41,43,53,55,56,58"
486,13:46,2,2,수서,3,"8,14,22"
486,13:46,3,3,삼성,5,"4,36,46,47,50"
486,13:46,4,4,여의도,10,"2,13,15,25,29,32,33,44,64,66"
486,13:46,5,5,김포공항,8,"3,5,45,60,62,63,67,69"
486,13:46,6,6,일산,2,"10,39"
486,13:46,7,7,판교,1,57
486,13:46,8,8,동탄/용인,1,18
486,13:46,9,9,평택,10,"16,20,26,34,35,49,52,54,61,65"
487,13:47,1,1,서울역,2,"1,7"
487,13:47,10,10,인천공항,6,"24,41,53,55,56,58"
487,13:47,2,2,수서,3,"8,14,22"
487,13:47,3,3,삼성,6,"4,19,36,46,47,50"
487,13:47,4,4,여의도,10,"2,13,15,25,29,32,33,44,64,66"
487,13:47,5,5,김포공항,7,"3,5,60,62,63,67,69"
487,13:47,6,6,일산,3,"10,39,40"
487,13:47,7,7,판교,1,57
487,13:47,9,9,평택,10,"16,20,26,34,35,49,52,54,61,65"
488,13:48,1,1,서울역,2,"1,7"
488,13:48,10,10,인천공항,6,"24,41,53,55,56,58"
488,13:48,2,2,수서,4,"8,14,22,31"
488,13:48,3,3,삼성,6,"4,19,36,46,47,50"
488,13:48,4,4,여의도,10,"2,13,15,25,29,32,33,44,64,66"
488,13:48,5,5,김포공항,7,"3,5,60,62,63,67,69"
488,13:48,6,6,일산,3,"10,39,40"
488,13:48,7,7,판교,2,"28,57"
488,13:48,9,9,평택,10,"16,20,26,34,35,49,52,54,61,65"
489,13:49,1,1,서울역,2,"1,7"
489,13:49,10,10,인천공항,6,"24,41,53,55,56,58"
489,13:49,2,2,수서,4,"8,14,22,31"
489,13:49,3,3,삼성,6,"4,19,36,46,47,50"
489,13:49,4,4,여의도,9,"2,6,25,29,32,33,44,64,66"
489,13:49,5,5,김포공항,8,"3,5,37,60,62,63,67,69"
489,13:49,6,6,일산,3,"10,39,40"
489,13:49,7,7,판교,2,"28,57"
489,13:49,9,9,평택,10,"16,20,26,34,35,49,52,54,61,65"
490,13:50,1,1,서울역,2,"1,7"
490,13:50,10,10,인천공항,6,"24,41,53,55,56,58"
490,13:50,2,2,수서,4,"8,14,22,31"
490,13:50,3,3,삼성,6,"4,19,36,46,47,50"
490,13:50,4,4,여의도,11,"2,6,25,29,32,33,44,59,64,66,68"
490,13:50,5,5,김포공항,8,"3,5,37,60,62,63,67,69"
490,13:50,6,6,일산,2,"39,40"
490,13:50,7,7,판교,2,"28,57"
490,13:50,9,9,평택,10,"16,20,26,34,35,49,52,54,61,65"
491,13:51,1,1,서울역,2,"1,7"
491,13:51,10,10,인천공항,7,"12,24,41,53,55,56,58"
491,13:51,2,2,수서,5,"0,8,14,22,31"
491,13:51,3,3,삼성,6,"4,19,36,46,47,50"
491,13:51,4,4,여의도,11,"2,6,25,29,32,33,44,59,64,66,68"
491,13:51,5,5,김포공항,8,"3,5,37,60,62,63,67,69"
491,13:51,6,6,일산,3,"39,40,42"
491,13:51,7,7,판교,2,"28,57"
491,13:51,9,9,평택,9,"16,20,34,35,49,52,54,61,65"
492,13:52,1,1,서울역,1,38
492,13:52,10,10,인천공항,7,"12,24,41,53,55,56,58"
492,13:52,2,2,수서,5,"0,8,14,22,31"
492,13:52,3,3,삼성,6,"4,19,36,46,47,50"
492,13:52,4,4,여의도,9,"2,29,32,33,44,59,64,66,68"
492,13:52,5,5,김포공항,8,"3,5,37,60,62,63,67,69"
492,13:52,6,6,일산,3,"39,40,42"
492,13:52,7,7,판교,5,"9,11,21,28,57"
492,13:52,9,9,평택,8,"16,20,34,35,49,54,61,65"
493,13:53,1,1,서울역,1,38
493,13:53,10,10,인천공항,7,"12,24,41,53,55,56,58"
493,13:53,2,2,수서,5,"0,8,14,22,31"
493,13:53,3,3,삼성,6,"4,19,36,46,47,50"
493,13:53,4,4,여의도,8,"2,17,32,33,44,59,64,66"
493,13:53,5,5,김포공항,7,"5,37,60,62,63,67,69"
493,13:53,6,6,일산,2,"39,42"
493,13:53,7,7,판교,5,"9,11,21,28,57"
493,13:53,9,9,평택,7,"20,34,35,49,54,61,65"
494,13:54,1,1,서울역,1,38
494,13:54,10,10,인천공항,7,"12,24,41,53,55,56,58"
494,13:54,2,2,수서,5,"0,8,14,22,31"
494,13:54,3,3,삼성,6,"4,19,36,46,47,50"
494,13:54,4,4,여의도,7,"2,17,33,44,59,64,66"
494,13:54,5,5,김포공항,7,"5,37,60,62,63,67,69"
494,13:54,6,6,일산,4,"23,39,42,45"
494,13:54,7,7,판교,4,"9,11,21,57"
494,13:54,9,9,평택,8,"20,34,35,49,51,54,61,65"
495,13:55,1,1,서울역,1,38
495,13:55,10,10,인천공항,8,"12,24,30,41,53,55,56,58"
495,13:55,2,2,수서,5,"0,8,13,14,22"
495,13:55,3,3,삼성,6,"4,19,36,46,47,50"
495,13:55,4,4,여의도,7,"2,17,33,44,59,64,66"
495,13:55,5,5,김포공항,7,"5,37,60,62,63,67,69"
495,13:55,6,6,일산,4,"23,27,42,45"
495,13:55,7,7,판교,4,"9,11,21,57"
495,13:55,9,9,평택,8,"20,34,35,49,51,54,61,65"
496,13:56,1,1,서울역,1,38
496,13:56,10,10,인천공항,8,"12,24,30,41,53,55,56,58"
496,13:56,2,2,수서,5,"0,8,13,14,22"
496,13:56,3,3,삼성,6,"4,19,36,46,47,50"
496,13:56,4,4,여의도,7,"2,17,33,44,59,64,66"
496,13:56,5,5,김포공항,7,"5,37,60,62,63,67,69"
496,13:56,6,6,일산,4,"23,27,42,45"
496,13:56,7,7,판교,5,"9,11,15,21,57"
496,13:56,9,9,평택,8,"20,34,35,49,51,54,61,65"
497,13:57,1,1,서울역,2,"10,38"
497,13:57,10,10,인천공항,8,"12,24,30,41,53,55,56,58"
497,13:57,2,2,수서,5,"0,8,13,14,22"
497,13:57,3,3,삼성,7,"4,18,19,36,46,47,50"
497,13:57,4,4,여의도,7,"2,17,33,44,59,64,66"
497,13:57,5,5,김포공항,7,"5,37,60,62,63,67,69"
497,13:57,6,6,일산,4,"23,27,42,45"
497,13:57,7,7,판교,5,"9,11,15,21,57"
497,13:57,9,9,평택,8,"20,34,35,49,51,54,61,65"
498,13:58,1,1,서울역,2,"10,38"
498,13:58,10,10,인천공항,8,"12,24,30,41,53,55,56,58"
498,13:58,2,2,수서,5,"0,8,13,14,22"
498,13:58,3,3,삼성,7,"4,18,19,36,46,47,50"
498,13:58,4,4,여의도,4,"2,17,44,64"
498,13:58,5,5,김포공항,7,"5,37,60,62,63,67,69"
498,13:58,6,6,일산,4,"23,27,42,45"
498,13:58,7,7,판교,4,"9,11,15,57"
498,13:58,9,9,평택,8,"20,34,35,49,51,54,61,65"
499,13:59,1,1,서울역,2,"10,38"
499,13:59,10,10,인천공항,8,"12,24,30,41,53,55,56,58"
499,13:59,2,2,수서,7,"0,1,7,8,13,14,22"
499,13:59,3,3,삼성,7,"4,18,19,36,46,47,50"
499,13:59,4,4,여의도,5,"2,17,43,44,64"
499,13:59,5,5,김포공항,7,"5,37,60,62,63,67,69"
499,13:59,6,6,일산,4,"23,27,42,45"
499,13:59,7,7,판교,5,"9,11,15,25,57"
499,13:59,9,9,평택,7,"20,34,49,51,54,61,65"
500,14:00,1,1,서울역,2,"10,38"
500,14:00,10,10,인천공항,7,"24,30,41,53,55,56,58"
500,14:00,2,2,수서,8,"0,1,7,8,13,14,22,32"
500,14:00,3,3,삼성,7,"4,18,19,36,46,47,50"
500,14:00,4,4,여의도,5,"2,17,43,44,64"
500,14:00,5,5,김포공항,5,"5,60,62,63,69"
500,14:00,6,6,일산,4,"27,42,45,68"
500,14:00,7,7,판교,6,"9,11,15,25,29,57"
500,14:00,9,9,평택,5,"20,34,49,51,61"
501,14:01,1,1,서울역,2,"10,38"
501,14:01,10,10,인천공항,6,"24,30,53,55,56,58"
501,14:01,2,2,수서,9,"0,1,3,7,8,13,14,22,32"
501,14:01,3,3,삼성,8,"4,18,19,36,46,47,48,50"
501,14:01,4,4,여의도,5,"2,17,43,44,64"
501,14:01,5,5,김포공항,5,"5,60,62,63,69"
501,14:01,6,6,일산,3,"42,45,68"
501,14:01,7,7,판교,5,"9,11,15,25,29"
501,14:01,9,9,평택,5,"20,34,49,51,61"
502,14:02,1,1,서울역,2,"10,38"
502,14:02,10,10,인천공항,6,"24,30,53,55,56,58"
502,14:02,2,2,수서,9,"0,1,3,7,8,13,14,22,32"
502,14:02,3,3,삼성,8,"4,18,19,36,46,47,48,50"
502,14:02,4,4,여의도,5,"2,17,43,44,64"
502,14:02,5,5,김포공항,5,"5,60,62,63,69"
502,14:02,6,6,일산,2,"45,68"
502,14:02,7,7,판교,5,"9,11,15,25,29"
502,14:02,9,9,평택,5,"20,34,49,51,61"
503,14:03,1,1,서울역,2,"10,38"
503,14:03,10,10,인천공항,5,"24,30,53,56,58"
503,14:03,2,2,수서,9,"0,1,3,7,8,13,14,22,32"
503,14:03,3,3,삼성,8,"4,18,19,36,46,47,48,50"
503,14:03,4,4,여의도,5,"2,17,43,44,64"
503,14:03,5,5,김포공항,5,"5,60,62,63,69"
503,14:03,6,6,일산,2,"45,68"
503,14:03,7,7,판교,5,"9,11,15,25,29"
503,14:03,8,8,동탄/용인,1,6
503,14:03,9,9,평택,5,"20,34,49,51,61"
504,14:04,1,1,서울역,2,"10,38"
504,14:04,10,10,인천공항,5,"24,30,53,56,58"
504,14:04,2,2,수서,9,"1,3,7,8,13,14,22,32,33"
504,14:04,3,3,삼성,8,"4,18,19,36,46,47,48,50"
504,14:04,4,4,여의도,5,"2,17,43,44,64"
504,14:04,5,5,김포공항,6,"5,28,60,62,63,69"
504,14:04,6,6,일산,2,"45,68"
504,14:04,7,7,판교,3,"15,25,29"
504,14:04,8,8,동탄/용인,1,6
504,14:04,9,9,평택,5,"20,34,49,51,61"
505,14:05,1,1,서울역,2,"10,38"
505,14:05,10,10,인천공항,5,"24,30,53,56,58"
505,14:05,2,2,수서,9,"1,3,7,8,13,14,22,32,33"
505,14:05,3,3,삼성,8,"4,19,36,39,46,47,48,50"
505,14:05,4,4,여의도,5,"2,17,21,43,64"
505,14:05,5,5,김포공항,5,"5,28,62,63,69"
505,14:05,6,6,일산,2,"45,68"
505,14:05,7,7,판교,5,"15,25,29,40,66"
505,14:05,8,8,동탄/용인,1,6
505,14:05,9,9,평택,5,"20,34,49,51,61"
506,14:06,1,1,서울역,2,"10,38"
506,14:06,10,10,인천공항,4,"30,53,56,58"
506,14:06,2,2,수서,7,"1,3,13,14,22,32,33"
506,14:06,3,3,삼성,8,"4,19,36,39,46,47,48,50"
506,14:06,4,4,여의도,6,"2,21,26,37,43,67"
506,14:06,5,5,김포공항,5,"5,28,62,63,69"
506,14:06,6,6,일산,3,"31,45,68"
506,14:06,7,7,판교,5,"15,25,29,40,66"
506,14:06,8,8,동탄/용인,2,"6,54"
506,14:06,9,9,평택,5,"20,34,49,51,61"
507,14:07,1,1,서울역,2,"10,38"
507,14:07,10,10,인천공항,4,"30,53,56,58"
507,14:07,2,2,수서,8,"1,3,13,14,16,22,32,33"
507,14:07,3,3,삼성,7,"4,19,39,46,47,48,50"
507,14:07,4,4,여의도,6,"2,21,26,37,43,67"
507,14:07,5,5,김포공항,5,"5,28,62,63,69"
507,14:07,6,6,일산,3,"31,45,68"
507,14:07,7,7,판교,5,"15,25,29,40,66"
507,14:07,8,8,동탄/용인,2,"6,54"
507,14:07,9,9,평택,5,"20,34,49,51,61"
508,14:08,1,1,서울역,1,10
508,14:08,10,10,인천공항,4,"30,53,56,58"
508,14:08,2,2,수서,7,"3,13,14,16,22,32,33"
508,14:08,3,3,삼성,7,"4,19,39,46,47,48,50"
508,14:08,4,4,여의도,6,"2,21,26,37,43,67"
508,14:08,5,5,김포공항,3,"28,63,69"
508,14:08,6,6,일산,1,31
508,14:08,7,7,판교,5,"15,25,29,40,66"
508,14:08,8,8,동탄/용인,2,"6,54"
508,14:08,9,9,평택,5,"20,34,49,51,61"
509,14:09,1,1,서울역,1,10
509,14:09,10,10,인천공항,4,"30,53,56,58"
509,14:09,2,2,수서,7,"3,13,14,16,22,32,33"
509,14:09,3,3,삼성,7,"4,19,39,46,47,48,50"
509,14:09,4,4,여의도,4,"2,21,26,43"
509,14:09,5,5,김포공항,3,"28,63,69"
509,14:09,6,6,일산,1,31
509,14:09,7,7,판교,5,"15,25,29,40,66"
509,14:09,8,8,동탄/용인,2,"6,54"
509,14:09,9,9,평택,4,"20,49,51,61"
510,14:10,1,1,서울역,1,10
510,14:10,10,10,인천공항,4,"30,53,56,58"
510,14:10,2,2,수서,7,"3,13,14,16,22,32,33"
510,14:10,3,3,삼성,7,"4,19,39,46,47,48,50"
510,14:10,4,4,여의도,4,"2,21,26,43"
510,14:10,5,5,김포공항,2,"28,69"
510,14:10,6,6,일산,1,31
510,14:10,7,7,판교,5,"15,25,29,40,66"
510,14:10,8,8,동탄/용인,2,"6,54"
510,14:10,9,9,평택,4,"20,49,51,61"
511,14:11,1,1,서울역,2,"10,18"
511,14:11,10,10,인천공항,4,"30,53,56,58"
511,14:11,2,2,수서,7,"3,13,14,16,22,32,33"
511,14:11,3,3,삼성,5,"4,19,46,48,50"
511,14:11,4,4,여의도,5,"9,11,21,26,43"
511,14:11,5,5,김포공항,1,69
511,14:11,6,6,일산,1,31
511,14:11,7,7,판교,5,"15,25,29,40,66"
511,14:11,8,8,동탄/용인,2,"6,54"
511,14:11,9,9,평택,4,"20,49,51,61"
512,14:12,1,1,서울역,2,"10,18"
512,14:12,10,10,인천공항,4,"30,53,56,58"
512,14:12,2,2,수서,8,"3,13,14,16,22,32,33,64"
512,14:12,3,3,삼성,6,"4,19,42,46,48,50"
512,14:12,4,4,여의도,6,"7,9,11,12,26,43"
512,14:12,5,5,김포공항,2,"0,69"
512,14:12,6,6,일산,2,"31,52"
512,14:12,7,7,판교,7,"15,23,25,29,40,44,66"
512,14:12,8,8,동탄/용인,2,"6,54"
512,14:12,9,9,평택,4,"20,49,51,61"
513,14:13,1,1,서울역,4,"8,10,18,60"
513,14:13,10,10,인천공항,4,"30,53,56,58"
513,14:13,2,2,수서,8,"3,13,14,16,22,32,33,64"
513,14:13,3,3,삼성,5,"19,42,46,48,50"
513,14:13,4,4,여의도,6,"7,9,11,12,26,43"
513,14:13,5,5,김포공항,2,"0,69"
513,14:13,6,6,일산,3,"31,52,57"
513,14:13,7,7,판교,9,"15,17,23,25,27,29,40,44,66"
513,14:13,8,8,동탄/용인,1,6
513,14:13,9,9,평택,4,"49,51,59,61"
514,14:14,1,1,서울역,3,"8,10,60"
514,14:14,10,10,인천공항,4,"30,53,56,58"
514,14:14,2,2,수서,7,"3,13,14,16,22,33,64"
514,14:14,3,3,삼성,5,"19,35,42,48,50"
514,14:14,4,4,여의도,7,"7,9,11,12,26,43,62"
514,14:14,5,5,김포공항,2,"0,69"
514,14:14,6,6,일산,3,"31,52,57"
514,14:14,7,7,판교,9,"15,17,23,25,27,29,40,44,66"
514,14:14,8,8,동탄/용인,1,6
514,14:14,9,9,평택,4,"49,51,59,61"
515,14:15,1,1,서울역,3,"8,10,60"
515,14:15,10,10,인천공항,2,"30,53"
515,14:15,2,2,수서,6,"13,14,16,22,33,64"
515,14:15,3,3,삼성,5,"19,35,42,48,50"
515,14:15,4,4,여의도,7,"7,9,11,12,26,43,62"
515,14:15,5,5,김포공항,2,"0,69"
515,14:15,6,6,일산,3,"31,52,57"
515,14:15,7,7,판교,10,"15,17,23,25,27,29,38,40,44,66"
515,14:15,9,9,평택,4,"49,51,59,61"
516,14:16,1,1,서울역,3,"8,60,65"
516,14:16,10,10,인천공항,2,"30,53"
516,14:16,2,2,수서,7,"5,13,14,16,22,33,64"
516,14:16,3,3,삼성,5,"35,41,42,48,50"
516,14:16,4,4,여의도,7,"7,9,11,12,26,43,62"
516,14:16,5,5,김포공항,3,"0,1,69"
516,14:16,6,6,일산,3,"31,52,57"
516,14:16,7,7,판교,11,"15,17,23,25,27,29,37,38,40,44,66"
516,14:16,9,9,평택,3,"49,51,59"
517,14:17,1,1,서울역,4,"8,47,60,65"
517,14:17,10,10,인천공항,2,"30,53"
517,14:17,2,2,수서,8,"2,5,13,14,16,22,33,64"
517,14:17,3,3,삼성,5,"35,41,42,48,50"
517,14:17,4,4,여의도,6,"7,9,12,26,28,43"
517,14:17,5,5,김포공항,3,"0,1,69"
517,14:17,6,6,일산,3,"31,52,57"
517,14:17,7,7,판교,11,"15,17,23,25,27,29,37,38,40,44,66"
517,14:17,9,9,평택,2,"51,59"
518,14:18,1,1,서울역,5,"8,47,60,63,65"
518,14:18,10,10,인천공항,2,"30,53"
518,14:18,2,2,수서,8,"2,5,13,14,16,22,33,64"
518,14:18,3,3,삼성,6,"35,41,48,50,55,68"
518,14:18,4,4,여의도,7,"7,9,12,24,26,28,43"
518,14:18,5,5,김포공항,3,"0,1,69"
518,14:18,6,6,일산,3,"31,52,57"
518,14:18,7,7,판교,10,"15,17,25,27,29,37,38,40,44,66"
518,14:18,9,9,평택,2,"51,59"
519,14:19,1,1,서울역,3,"47,63,65"
519,14:19,10,10,인천공항,2,"30,53"
519,14:19,2,2,수서,8,"2,5,13,14,16,22,33,64"
519,14:19,3,3,삼성,6,"35,41,48,50,55,68"
519,14:19,4,4,여의도,7,"7,9,12,24,26,28,43"
519,14:19,5,5,김포공항,4,"0,1,39,69"
519,14:19,6,6,일산,3,"31,52,57"
519,14:19,7,7,판교,10,"17,21,25,27,29,37,38,40,44,66"
519,14:19,9,9,평택,2,"51,59"
520,14:20,1,1,서울역,3,"47,63,65"
520,14:20,10,10,인천공항,2,"30,53"
520,14:20,2,2,수서,7,"2,5,13,16,22,33,64"
520,14:20,3,3,삼성,7,"18,35,41,48,50,55,68"
520,14:20,4,4,여의도,8,"4,7,9,12,24,26,28,43"
520,14:20,5,5,김포공항,4,"0,1,39,69"
520,14:20,6,6,일산,3,"31,52,57"
520,14:20,7,7,판교,8,"17,21,25,27,37,44,45,66"
520,14:20,9,9,평택,2,"51,59"
521,14:21,1,1,서울역,3,"47,63,65"
521,14:21,10,10,인천공항,3,"30,53,67"
521,14:21,2,2,수서,7,"2,5,13,16,22,33,64"
521,14:21,3,3,삼성,7,"18,35,41,48,50,55,68"
521,14:21,4,4,여의도,8,"4,7,9,12,24,28,43,46"
521,14:21,5,5,김포공항,4,"0,1,39,69"
521,14:21,6,6,일산,3,"31,52,57"
521,14:21,7,7,판교,8,"17,21,25,27,37,44,45,66"
521,14:21,9,9,평택,2,"51,59"
522,14:22,1,1,서울역,2,"47,63"
522,14:22,10,10,인천공항,3,"30,53,67"
522,14:22,2,2,수서,7,"2,5,13,16,22,33,64"
522,14:22,3,3,삼성,7,"18,35,41,48,50,55,68"
522,14:22,4,4,여의도,8,"4,7,9,12,24,28,43,46"
522,14:22,5,5,김포공항,3,"0,1,39"
522,14:22,6,6,일산,3,"31,52,57"
522,14:22,7,7,판교,7,"17,21,27,37,44,45,66"
522,14:22,9,9,평택,2,"36,51"
523,14:23,1,1,서울역,2,"47,63"
523,14:23,10,10,인천공항,3,"30,53,67"
523,14:23,2,2,수서,7,"2,5,11,16,22,33,64"
523,14:23,3,3,삼성,4,"18,41,55,68"
523,14:23,4,4,여의도,7,"4,7,9,12,24,43,46"
523,14:23,5,5,김포공항,4,"0,1,3,39"
523,14:23,6,6,일산,3,"31,52,57"
523,14:23,7,7,판교,8,"10,17,21,27,37,44,45,66"
523,14:23,9,9,평택,2,"36,51"
524,14:24,1,1,서울역,1,47
524,14:24,10,10,인천공항,3,"30,53,67"
524,14:24,2,2,수서,7,"2,5,11,16,22,33,64"
524,14:24,3,3,삼성,5,"18,34,41,55,68"
524,14:24,4,4,여의도,7,"4,7,9,12,43,46,54"
524,14:24,5,5,김포공항,5,"0,1,3,19,39"
524,14:24,6,6,일산,2,"31,57"
524,14:24,7,7,판교,8,"10,17,21,27,37,44,45,66"
524,14:24,9,9,평택,2,"36,51"
525,14:25,1,1,서울역,2,"23,47"
525,14:25,10,10,인천공항,3,"30,53,67"
525,14:25,2,2,수서,6,"2,11,16,22,33,64"
525,14:25,3,3,삼성,5,"6,18,34,55,68"
525,14:25,4,4,여의도,7,"4,7,9,12,42,46,54"
525,14:25,5,5,김포공항,5,"0,1,3,19,39"
525,14:25,6,6,일산,3,"31,32,57"
525,14:25,7,7,판교,7,"10,17,21,27,37,45,66"
525,14:25,9,9,평택,2,"36,51"
526,14:26,1,1,서울역,1,23
526,14:26,10,10,인천공항,3,"30,53,67"
526,14:26,2,2,수서,7,"2,8,11,16,22,33,64"
526,14:26,3,3,삼성,4,"6,34,55,68"
526,14:26,4,4,여의도,8,"4,7,9,12,15,42,46,54"
526,14:26,5,5,김포공항,5,"0,1,3,19,39"
526,14:26,6,6,일산,2,"32,57"
526,14:26,7,7,판교,8,"10,17,21,27,37,45,60,66"
526,14:26,9,9,평택,2,"36,51"
527,14:27,1,1,서울역,3,"23,29,38"
527,14:27,10,10,인천공항,3,"30,53,67"
527,14:27,2,2,수서,7,"2,8,11,16,22,33,64"
527,14:27,3,3,삼성,4,"6,34,55,68"
527,14:27,4,4,여의도,9,"4,7,9,12,15,40,42,46,54"
527,14:27,5,5,김포공항,4,"1,3,19,39"
527,14:27,6,6,일산,2,"32,57"
527,14:27,7,7,판교,7,"10,21,27,37,45,60,66"
527,14:27,9,9,평택,2,"36,51"
528,14:28,1,1,서울역,3,"23,29,38"
528,14:28,10,10,인천공항,3,"30,53,67"
528,14:28,2,2,수서,7,"2,8,11,16,22,33,64"
528,14:28,3,3,삼성,4,"6,34,55,68"
528,14:28,4,4,여의도,10,"4,7,9,12,15,20,40,42,46,54"
528,14:28,5,5,김포공항,5,"1,3,14,19,39"
528,14:28,6,6,일산,2,"32,57"
528,14:28,7,7,판교,5,"10,27,37,60,66"
528,14:28,8,8,동탄/용인,1,62
528,14:28,9,9,평택,2,"36,51"
529,14:29,1,1,서울역,4,"23,25,29,38"
529,14:29,10,10,인천공항,3,"30,53,67"
529,14:29,2,2,수서,7,"2,8,11,16,33,64,65"
529,14:29,3,3,삼성,4,"6,34,55,68"
529,14:29,4,4,여의도,8,"7,12,15,20,40,42,46,54"
529,14:29,5,5,김포공항,5,"1,3,14,19,39"
529,14:29,6,6,일산,2,"32,57"
529,14:29,7,7,판교,4,"10,27,37,60"
529,14:29,8,8,동탄/용인,1,62
529,14:29,9,9,평택,2,"36,51"
530,14:30,1,1,서울역,4,"13,23,25,38"
530,14:30,10,10,인천공항,3,"30,53,67"
530,14:30,2,2,수서,7,"2,8,11,16,33,64,65"
530,14:30,3,3,삼성,6,"6,34,55,56,58,68"
530,14:30,4,4,여의도,9,"7,12,15,20,35,40,42,46,54"
530,14:30,5,5,김포공항,4,"1,3,14,39"
530,14:30,6,6,일산,2,"32,57"
530,14:30,7,7,판교,5,"10,27,28,37,60"
530,14:30,8,8,동탄/용인,1,62
530,14:30,9,9,평택,2,"36,51"
531,14:31,1,1,서울역,4,"13,23,25,38"
531,14:31,10,10,인천공항,3,"30,53,67"
531,14:31,2,2,수서,7,"2,8,11,16,33,64,65"
531,14:31,3,3,삼성,5,"34,55,56,58,68"
531,14:31,4,4,여의도,8,"7,12,15,20,35,40,46,54"
531,14:31,5,5,김포공항,6,"1,3,14,39,48,50"
531,14:31,6,6,일산,2,"57,63"
531,14:31,7,7,판교,5,"10,24,28,37,60"
531,14:31,8,8,동탄/용인,1,62
531,14:31,9,9,평택,2,"36,51"
532,14:32,1,1,서울역,5,"13,23,25,38,44"
532,14:32,10,10,인천공항,2,"53,67"
532,14:32,2,2,수서,7,"2,8,11,16,33,64,65"
532,14:32,3,3,삼성,5,"34,55,56,58,68"
532,14:32,4,4,여의도,9,"7,12,15,20,35,40,41,46,54"
532,14:32,5,5,김포공항,5,"1,14,39,48,50"
532,14:32,6,6,일산,2,"57,63"
532,14:32,7,7,판교,5,"10,24,28,37,43"
532,14:32,8,8,동탄/용인,1,62
532,14:32,9,9,평택,2,"36,51"
533,14:33,1,1,서울역,5,"13,23,25,44,49"
533,14:33,10,10,인천공항,2,"53,67"
533,14:33,2,2,수서,7,"2,8,11,33,47,64,65"
533,14:33,3,3,삼성,5,"34,55,56,58,68"
533,14:33,4,4,여의도,10,"0,7,12,15,18,20,35,41,46,54"
533,14:33,5,5,김포공항,4,"14,39,48,50"
533,14:33,6,6,일산,2,"57,63"
533,14:33,7,7,판교,5,"10,24,28,37,43"
533,14:33,8,8,동탄/용인,1,62
533,14:33,9,9,평택,2,"36,51"
534,14:34,1,1,서울역,6,"13,17,23,25,44,49"
534,14:34,10,10,인천공항,2,"53,67"
534,14:34,2,2,수서,7,"2,8,11,33,47,64,65"
534,14:34,3,3,삼성,4,"34,55,56,58"
534,14:34,4,4,여의도,9,"0,7,12,15,18,35,41,46,54"
534,14:34,5,5,김포공항,4,"14,39,48,50"
534,14:34,6,6,일산,2,"57,63"
534,14:34,7,7,판교,4,"10,24,28,43"
534,14:34,8,8,동탄/용인,1,62
534,14:34,9,9,평택,2,"36,51"
535,14:35,1,1,서울역,8,"13,17,21,23,25,44,45,49"
535,14:35,10,10,인천공항,1,67
535,14:35,2,2,수서,7,"2,4,8,11,33,47,65"
535,14:35,3,3,삼성,4,"34,55,56,58"
535,14:35,4,4,여의도,8,"0,7,12,18,35,41,46,54"
535,14:35,5,5,김포공항,4,"14,39,48,50"
535,14:35,6,6,일산,2,"57,63"
535,14:35,7,7,판교,4,"10,24,28,43"
535,14:35,8,8,동탄/용인,1,62
535,14:35,9,9,평택,2,"36,51"
536,14:36,1,1,서울역,8,"13,17,21,23,25,44,45,49"
536,14:36,2,2,수서,7,"2,4,8,11,33,47,65"
536,14:36,3,3,삼성,4,"34,55,56,66"
536,14:36,4,4,여의도,7,"7,12,18,19,41,46,54"
536,14:36,5,5,김포공항,4,"14,39,48,50"
536,14:36,6,6,일산,4,"5,57,61,63"
536,14:36,7,7,판교,5,"9,10,24,43,52"
536,14:36,8,8,동탄/용인,1,62
536,14:36,9,9,평택,3,"26,36,51"
537,14:37,1,1,서울역,8,"13,17,21,23,25,44,45,49"
537,14:37,2,2,수서,8,"2,4,8,11,33,42,47,65"
537,14:37,3,3,삼성,4,"34,55,56,66"
537,14:37,4,4,여의도,6,"7,12,18,19,41,46"
537,14:37,5,5,김포공항,5,"14,22,39,48,50"
537,14:37,6,6,일산,4,"5,57,61,63"
537,14:37,7,7,판교,5,"9,24,29,43,52"
537,14:37,8,8,동탄/용인,1,62
537,14:37,9,9,평택,2,"26,51"
538,14:38,1,1,서울역,6,"13,17,21,25,45,49"
538,14:38,2,2,수서,8,"2,4,8,11,33,42,47,65"
538,14:38,3,3,삼성,5,"27,34,55,56,66"
538,14:38,4,4,여의도,7,"6,7,12,18,19,41,46"
538,14:38,5,5,김포공항,5,"14,22,39,48,50"
538,14:38,6,6,일산,4,"5,57,61,63"
538,14:38,7,7,판교,6,"9,24,29,31,43,52"
538,14:38,9,9,평택,2,"26,51"
539,14:39,1,1,서울역,6,"13,17,21,25,45,49"
539,14:39,2,2,수서,7,"2,4,8,11,42,47,65"
539,14:39,3,3,삼성,6,"27,34,55,56,60,66"
539,14:39,4,4,여의도,6,"1,6,7,12,18,41"
539,14:39,5,5,김포공항,5,"14,22,39,48,50"
539,14:39,6,6,일산,4,"5,57,61,63"
539,14:39,7,7,판교,6,"9,24,29,31,43,52"
539,14:39,9,9,평택,3,"26,51,69"
540,14:40,1,1,서울역,6,"13,17,21,25,45,49"
540,14:40,2,2,수서,5,"2,4,8,20,47"
540,14:40,3,3,삼성,6,"27,34,55,56,60,66"
540,14:40,4,4,여의도,6,"1,6,7,12,18,41"
540,14:40,5,5,김포공항,4,"14,22,39,50"
540,14:40,6,6,일산,3,"5,61,63"
540,14:40,7,7,판교,7,"9,24,29,31,38,40,52"
540,14:40,9,9,평택,3,"26,51,69"
541,14:41,1,1,서울역,6,"13,17,21,25,45,49"
541,14:41,10,10,인천공항,1,59
541,14:41,2,2,수서,5,"2,4,8,20,47"
541,14:41,3,3,삼성,4,"34,55,60,66"
541,14:41,4,4,여의도,7,"1,6,7,12,18,37,41"
541,14:41,5,5,김포공항,4,"16,22,39,50"
541,14:41,6,6,일산,3,"5,61,63"
541,14:41,7,7,판교,7,"9,24,29,31,38,40,52"
541,14:41,9,9,평택,3,"26,51,69"
542,14:42,1,1,서울역,5,"13,17,21,25,49"
542,14:42,10,10,인천공항,1,59
542,14:42,2,2,수서,6,"2,4,8,20,35,47"
542,14:42,3,3,삼성,3,"34,55,60"
542,14:42,4,4,여의도,7,"1,6,7,12,18,37,41"
542,14:42,5,5,김포공항,6,"16,22,30,39,50,68"
542,14:42,6,6,일산,3,"5,61,63"
542,14:42,7,7,판교,7,"9,24,29,31,38,40,52"
542,14:42,9,9,평택,2,"26,69"
543,14:43,1,1,서울역,5,"13,17,21,25,49"
543,14:43,10,10,인천공항,1,59
543,14:43,2,2,수서,6,"2,4,8,35,47,54"
543,14:43,3,3,삼성,4,"34,42,60,65"
543,14:43,4,4,여의도,8,"1,6,7,12,18,28,37,41"
543,14:43,5,5,김포공항,7,"16,22,30,39,50,64,68"
543,14:43,6,6,일산,3,"5,61,63"
543,14:43,7,7,판교,9,"0,9,24,29,31,32,38,40,52"
543,14:43,9,9,평택,2,"26,69"
544,14:44,1,1,서울역,5,"10,17,21,25,49"
544,14:44,10,10,인천공항,1,59
544,14:44,2,2,수서,6,"2,4,8,35,47,54"
544,14:44,3,3,삼성,4,"34,42,60,65"
544,14:44,4,4,여의도,5,"1,7,18,28,41"
544,14:44,5,5,김포공항,8,"16,22,30,39,50,58,64,68"
544,14:44,6,6,일산,3,"5,61,63"
544,14:44,7,7,판교,9,"0,9,24,29,31,32,38,40,52"
544,14:44,9,9,평택,2,"26,69"
545,14:45,1,1,서울역,4,"10,21,25,49"
545,14:45,10,10,인천공항,1,59
545,14:45,2,2,수서,7,"2,4,8,35,46,47,54"
545,14:45,3,3,삼성,3,"34,42,65"
545,14:45,4,4,여의도,2,"7,28"
545,14:45,5,5,김포공항,8,"16,22,30,39,50,58,64,68"
545,14:45,6,6,일산,3,"5,61,63"
545,14:45,7,7,판교,9,"0,9,24,29,31,32,38,44,52"
545,14:45,9,9,평택,2,"26,69"
546,14:46,1,1,서울역,5,"10,21,25,33,49"
546,14:46,10,10,인천공항,1,59
546,14:46,2,2,수서,7,"2,4,8,35,46,47,54"
546,14:46,3,3,삼성,2,"20,34"
546,14:46,4,4,여의도,4,"7,11,28,48"
546,14:46,5,5,김포공항,8,"16,22,30,39,50,58,64,68"
546,14:46,6,6,일산,2,"5,61"
546,14:46,7,7,판교,7,"9,24,29,31,32,38,44"
546,14:46,9,9,평택,2,"26,69"
547,14:47,1,1,서울역,5,"10,21,25,33,49"
547,14:47,2,2,수서,7,"2,4,8,35,46,47,54"
547,14:47,3,3,삼성,3,"20,34,43"
547,14:47,4,4,여의도,5,"11,14,28,48,53"
547,14:47,5,5,김포공항,6,"22,30,39,50,64,68"
547,14:47,6,6,일산,1,5
547,14:47,7,7,판교,7,"9,24,29,31,32,38,44"
547,14:47,9,9,평택,2,"26,69"
548,14:48,1,1,서울역,5,"10,21,25,33,49"
548,14:48,2,2,수서,5,"2,4,35,47,54"
548,14:48,3,3,삼성,4,"20,34,43,62"
548,14:48,4,4,여의도,7,"11,14,28,48,53,56,67"
548,14:48,5,5,김포공항,6,"22,30,39,50,64,68"
548,14:48,6,6,일산,1,5
548,14:48,7,7,판교,6,"9,24,29,31,32,44"
548,14:48,9,9,평택,1,69
549,14:49,1,1,서울역,4,"10,21,25,33"
549,14:49,2,2,수서,5,"2,4,35,47,54"
549,14:49,3,3,삼성,3,"34,43,62"
549,14:49,4,4,여의도,6,"11,14,28,53,56,67"
549,14:49,5,5,김포공항,4,"22,30,50,64"
549,14:49,6,6,일산,1,5
549,14:49,7,7,판교,7,"9,24,29,31,32,44,45"
549,14:49,9,9,평택,2,"3,69"
550,14:50,1,1,서울역,3,"10,25,33"
550,14:50,2,2,수서,6,"2,4,12,35,47,54"
550,14:50,3,3,삼성,3,"34,43,62"
550,14:50,4,4,여의도,5,"11,28,53,56,67"
550,14:50,5,5,김포공항,5,"22,30,50,64,66"
550,14:50,6,6,일산,1,5
550,14:50,7,7,판교,5,"29,31,32,44,45"
550,14:50,9,9,평택,3,"3,15,69"
551,14:51,1,1,서울역,3,"10,25,33"
551,14:51,10,10,인천공항,2,"19,23"
551,14:51,2,2,수서,6,"2,12,18,35,47,54"
551,14:51,3,3,삼성,5,"17,34,43,46,62"
551,14:51,4,4,여의도,5,"11,28,53,56,67"
551,14:51,5,5,김포공항,6,"22,30,50,55,64,66"
551,14:51,6,6,일산,3,"5,27,37"
551,14:51,7,7,판교,6,"6,29,31,32,44,45"
551,14:51,9,9,평택,3,"3,15,69"
552,14:52,1,1,서울역,4,"10,25,33,42"
552,14:52,10,10,인천공항,2,"19,23"
552,14:52,2,2,수서,5,"12,18,35,47,54"
552,14:52,3,3,삼성,5,"17,34,43,46,62"
552,14:52,4,4,여의도,5,"11,28,53,56,67"
552,14:52,5,5,김포공항,5,"22,50,55,64,66"
552,14:52,6,6,일산,3,"5,27,37"
552,14:52,7,7,판교,8,"1,6,29,31,32,41,44,57"
552,14:52,8,8,동탄/용인,1,40
552,14:52,9,9,평택,3,"3,15,69"
553,14:53,1,1,서울역,5,"0,10,33,36,42"
553,14:53,10,10,인천공항,2,"19,23"
553,14:53,2,2,수서,4,"18,35,47,54"
553,14:53,3,3,삼성,5,"17,34,46,52,62"
553,14:53,4,4,여의도,6,"11,16,53,56,65,67"
553,14:53,5,5,김포공항,5,"50,55,60,64,66"
553,14:53,6,6,일산,3,"5,27,37"
553,14:53,7,7,판교,8,"1,6,29,31,32,41,44,57"
553,14:53,8,8,동탄/용인,1,40
553,14:53,9,9,평택,3,"3,15,69"
554,14:54,1,1,서울역,5,"0,10,33,36,42"
554,14:54,10,10,인천공항,2,"19,23"
554,14:54,2,2,수서,4,"18,35,47,54"
554,14:54,3,3,삼성,4,"17,34,52,62"
554,14:54,4,4,여의도,5,"11,16,53,65,67"
554,14:54,5,5,김포공항,5,"50,55,60,64,66"
554,14:54,6,6,일산,4,"5,27,37,58"
554,14:54,7,7,판교,9,"1,6,7,29,31,32,41,44,57"
554,14:54,8,8,동탄/용인,1,40
554,14:54,9,9,평택,3,"3,15,69"
555,14:55,1,1,서울역,6,"0,10,33,36,38,42"
555,14:55,10,10,인천공항,2,"19,23"
555,14:55,2,2,수서,4,"18,35,47,54"
555,14:55,3,3,삼성,4,"17,34,52,62"
555,14:55,4,4,여의도,6,"11,16,53,65,67,68"
555,14:55,5,5,김포공항,4,"55,60,64,66"
555,14:55,6,6,일산,4,"5,27,37,58"
555,14:55,7,7,판교,9,"1,6,7,29,31,32,41,44,57"
555,14:55,9,9,평택,3,"3,15,69"
556,14:56,1,1,서울역,5,"10,33,36,38,42"
556,14:56,10,10,인천공항,2,"19,23"
556,14:56,2,2,수서,4,"18,35,47,54"
556,14:56,3,3,삼성,5,"12,17,21,34,62"
556,14:56,4,4,여의도,5,"11,53,65,67,68"
556,14:56,5,5,김포공항,5,"8,55,60,64,66"
556,14:56,6,6,일산,4,"5,27,37,58"
556,14:56,7,7,판교,10,"1,6,7,29,31,32,41,44,49,57"
556,14:56,9,9,평택,3,"3,15,69"
557,14:57,1,1,서울역,5,"9,10,36,38,42"
557,14:57,10,10,인천공항,3,"13,19,23"
557,14:57,2,2,수서,4,"18,35,47,54"
557,14:57,3,3,삼성,5,"12,21,34,61,62"
557,14:57,4,4,여의도,6,"11,24,53,65,67,68"
557,14:57,5,5,김포공항,6,"8,20,55,60,64,66"
557,14:57,6,6,일산,4,"5,27,37,58"
557,14:57,7,7,판교,11,"1,6,7,14,29,31,32,41,44,49,57"
557,14:57,9,9,평택,3,"3,15,69"
558,14:58,1,1,서울역,5,"4,9,10,36,51"
558,14:58,10,10,인천공항,3,"13,19,23"
558,14:58,2,2,수서,3,"18,35,54"
558,14:58,3,3,삼성,5,"12,21,34,61,62"
558,14:58,4,4,여의도,5,"11,24,53,65,67"
558,14:58,5,5,김포공항,6,"8,20,55,60,64,66"
558,14:58,6,6,일산,3,"27,37,58"
558,14:58,7,7,판교,10,"6,7,14,29,32,41,44,49,57,63"
558,14:58,9,9,평택,3,"3,15,69"
559,14:59,1,1,서울역,5,"4,9,10,36,51"
559,14:59,10,10,인천공항,3,"13,19,23"
559,14:59,2,2,수서,4,"18,28,35,54"
559,14:59,3,3,삼성,4,"21,34,61,62"
559,14:59,4,4,여의도,6,"11,22,24,53,65,67"
559,14:59,5,5,김포공항,6,"8,20,55,60,64,66"
559,14:59,6,6,일산,4,"27,30,37,58"
559,14:59,7,7,판교,10,"6,7,14,29,32,41,44,49,57,63"
559,14:59,9,9,평택,3,"3,15,69"
560,15:00,1,1,서울역,6,"4,9,10,36,46,51"
560,15:00,10,10,인천공항,2,"13,19"
560,15:00,2,2,수서,5,"18,25,28,35,54"
560,15:00,3,3,삼성,4,"21,34,61,62"
560,15:00,4,4,여의도,5,"11,22,24,65,67"
560,15:00,5,5,김포공항,3,"2,8,55"
560,15:00,6,6,일산,3,"27,30,37"
560,15:00,7,7,판교,9,"6,7,14,29,32,41,44,49,63"
560,15:00,9,9,평택,3,"3,15,69"
561,15:01,1,1,서울역,6,"4,9,10,36,46,51"
561,15:01,10,10,인천공항,2,"13,48"
561,15:01,2,2,수서,5,"18,25,28,35,54"
561,15:01,3,3,삼성,3,"21,61,62"
561,15:01,4,4,여의도,5,"11,22,24,65,67"
561,15:01,5,5,김포공항,4,"2,8,43,55"
561,15:01,6,6,일산,3,"27,30,37"
561,15:01,7,7,판교,9,"6,7,14,29,32,41,49,56,63"
561,15:01,9,9,평택,2,"3,15"
562,15:02,1,1,서울역,5,"4,9,10,46,51"
562,15:02,10,10,인천공항,2,"13,48"
562,15:02,2,2,수서,5,"18,25,28,35,54"
562,15:02,3,3,삼성,4,"21,59,61,62"
562,15:02,4,4,여의도,3,"11,24,65"
562,15:02,5,5,김포공항,3,"2,8,43"
562,15:02,6,6,일산,3,"27,30,37"
562,15:02,7,7,판교,8,"6,7,14,29,32,41,56,63"
562,15:02,9,9,평택,2,"3,15"
563,15:03,1,1,서울역,5,"4,9,10,46,51"
563,15:03,10,10,인천공항,2,"13,48"
563,15:03,2,2,수서,5,"18,25,28,35,54"
563,15:03,3,3,삼성,3,"21,59,62"
563,15:03,4,4,여의도,4,"11,24,26,65"
563,15:03,5,5,김포공항,3,"2,8,43"
563,15:03,6,6,일산,3,"27,30,37"
563,15:03,7,7,판교,9,"0,6,7,16,29,32,41,56,63"
563,15:03,9,9,평택,2,"3,15"
564,15:04,1,1,서울역,4,"9,10,46,51"
564,15:04,10,10,인천공항,2,"13,48"
564,15:04,2,2,수서,6,"18,25,28,33,35,54"
564,15:04,3,3,삼성,3,"21,59,62"
564,15:04,4,4,여의도,5,"11,17,24,26,65"
564,15:04,5,5,김포공항,3,"2,8,43"
564,15:04,6,6,일산,2,"30,37"
564,15:04,7,7,판교,9,"0,6,7,16,29,32,41,56,63"
564,15:04,9,9,평택,3,"3,15,45"
565,15:05,1,1,서울역,3,"5,46,51"
565,15:05,10,10,인천공항,2,"13,48"
565,15:05,2,2,수서,4,"18,25,33,54"
565,15:05,3,3,삼성,3,"21,40,59"
565,15:05,4,4,여의도,7,"1,11,17,24,26,31,65"
565,15:05,5,5,김포공항,3,"2,8,43"
565,15:05,6,6,일산,2,"30,37"
565,15:05,7,7,판교,10,"0,6,16,29,32,38,41,42,56,63"
565,15:05,9,9,평택,3,"3,15,45"
566,15:06,1,1,서울역,3,"5,46,51"
566,15:06,10,10,인천공항,2,"13,48"
566,15:06,2,2,수서,5,"18,25,33,53,54"
566,15:06,3,3,삼성,3,"21,40,59"
566,15:06,4,4,여의도,8,"1,11,12,17,20,24,26,31"
566,15:06,5,5,김포공항,4,"2,8,43,47"
566,15:06,6,6,일산,3,"30,37,52"
566,15:06,7,7,판교,10,"0,6,16,29,32,38,41,42,56,63"
566,15:06,9,9,평택,4,"3,15,39,45"
567,15:07,1,1,서울역,3,"5,46,51"
567,15:07,10,10,인천공항,2,"13,48"
567,15:07,2,2,수서,4,"18,25,33,53"
567,15:07,3,3,삼성,2,"40,59"
567,15:07,4,4,여의도,8,"1,11,12,17,20,26,31,57"
567,15:07,5,5,김포공항,3,"2,8,47"
567,15:07,6,6,일산,5,"37,52,60,64,66"
567,15:07,7,7,판교,10,"0,6,16,29,32,38,41,42,56,63"
567,15:07,9,9,평택,3,"15,39,45"
568,15:08,1,1,서울역,3,"5,46,51"
568,15:08,10,10,인천공항,2,"13,48"
568,15:08,2,2,수서,5,"18,25,33,53,67"
568,15:08,3,3,삼성,1,40
568,15:08,4,4,여의도,9,"1,11,12,17,20,26,31,55,57"
568,15:08,5,5,김포공항,3,"2,8,47"
568,15:08,6,6,일산,5,"37,52,60,64,66"
568,15:08,7,7,판교,10,"0,6,16,29,32,38,41,42,56,63"
568,15:08,8,8,동탄/용인,1,44
568,15:08,9,9,평택,3,"15,39,45"
569,15:09,1,1,서울역,3,"5,49,51"
569,15:09,10,10,인천공항,2,"13,48"
569,15:09,2,2,수서,4,"25,33,36,67"
569,15:09,3,3,삼성,1,40
569,15:09,4,4,여의도,7,"1,11,12,17,31,55,57"
569,15:09,5,5,김포공항,4,"2,8,34,47"
569,15:09,6,6,일산,5,"37,52,60,64,66"
569,15:09,7,7,판교,10,"6,16,22,29,32,38,41,42,56,63"
569,15:09,8,8,동탄/용인,1,44
569,15:09,9,9,평택,3,"15,39,45"
570,15:10,1,1,서울역,3,"5,49,51"
570,15:10,10,10,인천공항,2,"13,48"
570,15:10,2,2,수서,4,"25,33,36,67"
570,15:10,3,3,삼성,2,"40,54"
570,15:10,4,4,여의도,7,"1,11,12,14,31,55,61"
570,15:10,5,5,김포공항,4,"2,8,34,47"
570,15:10,6,6,일산,2,"37,52"
570,15:10,7,7,판교,10,"6,16,22,29,32,38,41,42,56,63"
570,15:10,8,8,동탄/용인,1,44
570,15:10,9,9,평택,3,"15,39,45"
571,15:11,1,1,서울역,5,"5,27,49,51,62"
571,15:11,10,10,인천공항,2,"13,48"
571,15:11,2,2,수서,4,"25,33,36,67"
571,15:11,3,3,삼성,3,"9,40,54"
571,15:11,4,4,여의도,6,"1,11,12,14,35,61"
571,15:11,5,5,김포공항,4,"2,8,34,47"
571,15:11,6,6,일산,2,"37,52"
571,15:11,7,7,판교,10,"6,16,22,29,32,38,41,42,56,63"
571,15:11,9,9,평택,3,"15,39,45"
572,15:12,1,1,서울역,6,"5,7,27,49,51,62"
572,15:12,10,10,인천공항,2,"13,48"
572,15:12,2,2,수서,4,"25,33,36,67"
572,15:12,3,3,삼성,4,"9,40,53,54"
572,15:12,4,4,여의도,6,"1,11,12,14,35,61"
572,15:12,5,5,김포공항,4,"2,8,34,47"
572,15:12,6,6,일산,3,"10,37,52"
572,15:12,7,7,판교,11,"6,16,22,29,32,38,41,42,56,58,63"
572,15:12,9,9,평택,4,"15,39,45,50"
573,15:13,1,1,서울역,6,"5,7,27,49,51,62"
573,15:13,10,10,인천공항,2,"13,48"
573,15:13,2,2,수서,5,"24,25,33,36,67"
573,15:13,3,3,삼성,4,"9,40,53,54"
573,15:13,4,4,여의도,8,"1,11,12,14,19,35,43,61"
573,15:13,5,5,김포공항,5,"2,8,28,34,47"
573,15:13,6,6,일산,2,"10,52"
573,15:13,7,7,판교,12,"6,16,22,29,32,38,41,42,56,58,63,65"
573,15:13,9,9,평택,5,"15,39,45,50,68"
574,15:14,1,1,서울역,5,"5,7,27,49,51"
574,15:14,10,10,인천공항,2,"13,48"
574,15:14,2,2,수서,4,"24,25,33,36"
574,15:14,3,3,삼성,4,"9,40,53,54"
574,15:14,4,4,여의도,8,"1,11,12,14,19,35,43,61"
574,15:14,5,5,김포공항,5,"2,8,28,34,47"
574,15:14,6,6,일산,2,"10,52"
574,15:14,7,7,판교,12,"6,16,22,29,32,38,41,42,56,58,63,65"
574,15:14,9,9,평택,5,"15,39,45,50,68"
575,15:15,1,1,서울역,3,"5,7,27"
575,15:15,10,10,인천공항,2,"13,48"
575,15:15,2,2,수서,5,"24,25,26,33,36"
575,15:15,3,3,삼성,4,"9,23,40,54"
575,15:15,4,4,여의도,7,"11,12,14,19,35,43,61"
575,15:15,5,5,김포공항,6,"2,8,21,28,34,47"
575,15:15,6,6,일산,2,"10,52"
575,15:15,7,7,판교,11,"6,16,22,32,38,41,42,56,58,63,65"
575,15:15,9,9,평택,4,"15,45,50,68"
576,15:16,1,1,서울역,4,"0,5,7,27"
576,15:16,10,10,인천공항,2,"13,48"
576,15:16,2,2,수서,7,"17,24,25,26,33,36,46"
576,15:16,3,3,삼성,4,"9,23,40,54"
576,15:16,4,4,여의도,6,"11,12,14,19,35,61"
576,15:16,5,5,김포공항,7,"2,8,21,28,34,47,59"
576,15:16,6,6,일산,2,"10,52"
576,15:16,7,7,판교,11,"6,20,22,32,38,41,42,56,58,63,65"
576,15:16,8,8,동탄/용인,1,4
576,15:16,9,9,평택,4,"15,45,50,68"
577,15:17,1,1,서울역,4,"0,5,7,69"
577,15:17,10,10,인천공항,2,"13,48"
577,15:17,2,2,수서,6,"17,24,26,33,36,46"
577,15:17,3,3,삼성,3,"9,23,40"
577,15:17,4,4,여의도,5,"12,14,19,35,61"
577,15:17,5,5,김포공항,8,"2,8,18,21,28,34,47,59"
577,15:17,6,6,일산,2,"10,52"
577,15:17,7,7,판교,11,"6,20,22,32,38,41,42,56,58,63,65"
577,15:17,8,8,동탄/용인,1,4
577,15:17,9,9,평택,4,"15,45,50,68"
578,15:18,1,1,서울역,3,"0,5,69"
578,15:18,10,10,인천공항,2,"13,48"
578,15:18,2,2,수서,6,"17,24,26,33,36,46"
578,15:18,3,3,삼성,4,"9,23,31,40"
578,15:18,4,4,여의도,6,"12,14,19,35,61,62"
578,15:18,5,5,김포공항,8,"2,8,18,21,28,34,47,59"
578,15:18,6,6,일산,2,"10,52"
578,15:18,7,7,판교,12,"6,20,22,32,38,41,42,55,56,58,63,65"
578,15:18,8,8,동탄/용인,1,4
578,15:18,9,9,평택,3,"15,45,68"
579,15:19,1,1,서울역,3,"0,5,69"
579,15:19,10,10,인천공항,2,"13,48"
579,15:19,2,2,수서,6,"17,24,26,33,36,46"
579,15:19,3,3,삼성,4,"9,23,31,40"
579,15:19,4,4,여의도,5,"12,14,35,61,62"
579,15:19,5,5,김포공항,7,"2,18,21,28,34,47,59"
579,15:19,6,6,일산,2,"10,52"
579,15:19,7,7,판교,13,"6,20,22,30,32,38,41,42,55,56,58,63,65"
579,15:19,8,8,동탄/용인,1,4
579,15:19,9,9,평택,3,"15,45,68"
580,15:20,1,1,서울역,3,"0,5,69"
580,15:20,10,10,인천공항,2,"13,48"
580,15:20,2,2,수서,3,"17,24,26"
580,15:20,3,3,삼성,4,"9,23,31,40"
580,15:20,4,4,여의도,5,"12,14,35,61,62"
580,15:20,5,5,김포공항,5,"2,18,21,28,59"
580,15:20,6,6,일산,2,"10,52"
580,15:20,7,7,판교,12,"6,20,22,30,32,38,41,42,55,56,58,63"
580,15:20,8,8,동탄/용인,1,4
580,15:20,9,9,평택,3,"15,45,68"
581,15:21,1,1,서울역,2,"0,69"
581,15:21,10,10,인천공항,2,"13,48"
581,15:21,2,2,수서,3,"17,24,26"
581,15:21,3,3,삼성,4,"9,31,40,51"
581,15:21,4,4,여의도,3,"12,35,61"
581,15:21,5,5,김포공항,4,"2,18,21,28"
581,15:21,6,6,일산,2,"10,52"
581,15:21,7,7,판교,11,"6,20,22,30,38,41,42,55,56,58,63"
581,15:21,8,8,동탄/용인,1,4
581,15:21,9,9,평택,3,"15,45,68"
582,15:22,1,1,서울역,2,"0,69"
582,15:22,10,10,인천공항,2,"13,48"
582,15:22,2,2,수서,3,"17,24,26"
582,15:22,3,3,삼성,3,"9,31,51"
582,15:22,4,4,여의도,5,"3,29,35,44,61"
582,15:22,5,5,김포공항,4,"2,18,21,28"
582,15:22,6,6,일산,2,"10,52"
582,15:22,7,7,판교,13,"1,20,30,38,41,42,55,56,58,60,63,64,66"
582,15:22,8,8,동탄/용인,1,4
582,15:22,9,9,평택,3,"15,45,68"
583,15:23,1,1,서울역,2,"0,69"
583,15:23,10,10,인천공항,2,"13,48"
583,15:23,2,2,수서,4,"11,17,24,26"
583,15:23,3,3,삼성,6,"9,31,36,37,46,51"
583,15:23,4,4,여의도,5,"3,16,29,44,61"
583,15:23,5,5,김포공항,5,"2,18,21,28,53"
583,15:23,6,6,일산,2,"10,52"
583,15:23,7,7,판교,13,"1,20,30,38,41,42,55,56,58,60,63,64,66"
583,15:23,8,8,동탄/용인,1,4
583,15:23,9,9,평택,2,"15,68"
584,15:24,1,1,서울역,2,"0,69"
584,15:24,10,10,인천공항,2,"13,48"
584,15:24,2,2,수서,5,"11,17,24,26,27"
584,15:24,3,3,삼성,6,"9,31,36,37,46,51"
584,15:24,4,4,여의도,5,"3,16,29,44,61"
584,15:24,5,5,김포공항,5,"2,18,21,28,53"
584,15:24,6,6,일산,1,52
584,15:24,7,7,판교,13,"1,20,30,38,41,42,55,56,58,60,63,64,66"
584,15:24,8,8,동탄/용인,1,4
584,15:24,9,9,평택,2,"15,68"
585,15:25,1,1,서울역,2,"0,69"
585,15:25,10,10,인천공항,2,"13,48"
585,15:25,2,2,수서,5,"11,17,24,26,27"
585,15:25,3,3,삼성,6,"9,31,36,37,46,51"
585,15:25,4,4,여의도,5,"3,16,29,44,61"
585,15:25,5,5,김포공항,7,"2,18,21,25,28,53,54"
585,15:25,6,6,일산,2,"52,67"
585,15:25,7,7,판교,12,"1,7,20,30,38,41,42,55,56,58,63,66"
585,15:25,8,8,동탄/용인,1,4
585,15:25,9,9,평택,3,"15,57,68"
586,15:26,1,1,서울역,2,"0,69"
586,15:26,10,10,인천공항,2,"13,48"
586,15:26,2,2,수서,4,"11,24,26,27"
586,15:26,3,3,삼성,6,"9,19,31,37,46,51"
586,15:26,4,4,여의도,6,"3,16,29,33,44,61"
586,15:26,5,5,김포공항,7,"2,18,21,25,28,53,54"
586,15:26,6,6,일산,2,"52,67"
586,15:26,7,7,판교,12,"1,7,20,30,38,41,42,55,56,58,63,66"
586,15:26,8,8,동탄/용인,1,4
586,15:26,9,9,평택,3,"15,57,68"
587,15:27,1,1,서울역,2,"0,69"
587,15:27,10,10,인천공항,2,"13,48"
587,15:27,2,2,수서,4,"8,11,24,26"
587,15:27,3,3,삼성,7,"9,19,31,37,46,51,65"
587,15:27,4,4,여의도,6,"3,16,29,33,44,61"
587,15:27,5,5,김포공항,5,"2,21,25,28,54"
587,15:27,6,6,일산,4,"34,47,52,67"
587,15:27,7,7,판교,12,"1,7,20,30,38,41,42,55,56,58,63,66"
587,15:27,8,8,동탄/용인,1,4
587,15:27,9,9,평택,3,"15,57,68"
588,15:28,1,1,서울역,3,"0,40,69"
588,15:28,10,10,인천공항,3,"43,48,49"
588,15:28,2,2,수서,6,"5,8,11,12,24,26"
588,15:28,3,3,삼성,7,"9,19,31,37,46,51,65"
588,15:28,4,4,여의도,6,"16,29,32,33,44,61"
588,15:28,5,5,김포공항,5,"2,21,25,28,54"
588,15:28,6,6,일산,5,"34,47,52,59,67"
588,15:28,7,7,판교,12,"1,7,14,30,38,41,42,55,56,58,63,66"
588,15:28,8,8,동탄/용인,1,4
588,15:28,9,9,평택,3,"15,57,68"
589,15:29,1,1,서울역,4,"0,22,40,69"
589,15:29,10,10,인천공항,3,"43,48,49"
589,15:29,2,2,수서,6,"5,8,11,12,24,26"
589,15:29,3,3,삼성,7,"9,19,31,37,46,51,65"
589,15:29,4,4,여의도,7,"6,16,29,32,33,44,61"
589,15:29,5,5,김포공항,4,"21,25,28,54"
589,15:29,6,6,일산,5,"34,47,52,59,67"
589,15:29,7,7,판교,12,"1,7,14,30,38,41,42,55,56,58,63,66"
589,15:29,8,8,동탄/용인,1,4
589,15:29,9,9,평택,3,"15,57,68"
590,15:30,1,1,서울역,4,"0,22,40,69"
590,15:30,10,10,인천공항,3,"43,48,49"
590,15:30,2,2,수서,6,"5,8,11,12,24,26"
590,15:30,3,3,삼성,6,"9,19,27,31,37,51"
590,15:30,4,4,여의도,7,"6,16,29,32,33,44,61"
590,15:30,5,5,김포공항,4,"21,25,28,54"
590,15:30,6,6,일산,4,"34,52,59,67"
590,15:30,7,7,판교,13,"1,7,14,30,35,38,41,42,55,56,58,63,66"
590,15:30,8,8,동탄/용인,1,4
590,15:30,9,9,평택,3,"15,57,68"
591,15:31,1,1,서울역,4,"0,22,40,69"
591,15:31,10,10,인천공항,3,"43,48,49"
591,15:31,2,2,수서,7,"5,8,11,12,24,26,64"
591,15:31,3,3,삼성,4,"9,19,27,51"
591,15:31,4,4,여의도,6,"6,16,29,32,33,61"
591,15:31,5,5,김포공항,2,"25,28"
591,15:31,6,6,일산,4,"23,34,59,67"
591,15:31,7,7,판교,12,"1,7,14,30,35,38,41,42,55,56,58,66"
591,15:31,8,8,동탄/용인,1,4
591,15:31,9,9,평택,3,"15,57,68"
592,15:32,1,1,서울역,4,"0,22,40,69"
592,15:32,10,10,인천공항,3,"43,48,49"
592,15:32,2,2,수서,7,"5,8,11,12,24,26,64"
592,15:32,3,3,삼성,4,"9,19,27,60"
592,15:32,4,4,여의도,5,"6,16,29,32,33"
592,15:32,5,5,김포공항,1,28
592,15:32,6,6,일산,4,"23,34,59,67"
592,15:32,7,7,판교,12,"1,7,14,30,35,38,41,42,55,56,58,66"
592,15:32,8,8,동탄/용인,1,4
592,15:32,9,9,평택,2,"15,57"
593,15:33,1,1,서울역,4,"0,22,40,69"
593,15:33,10,10,인천공항,3,"43,48,49"
593,15:33,2,2,수서,7,"5,8,11,12,24,26,64"
593,15:33,3,3,삼성,2,"9,60"
593,15:33,4,4,여의도,6,"6,16,18,29,32,50"
593,15:33,5,5,김포공항,1,28
593,15:33,6,6,일산,3,"23,59,67"
593,15:33,7,7,판교,11,"1,7,14,35,38,41,42,55,56,58,66"
593,15:33,8,8,동탄/용인,1,4
593,15:33,9,9,평택,2,"15,57"
594,15:34,1,1,서울역,4,"0,22,40,69"
594,15:34,10,10,인천공항,3,"39,43,48"
594,15:34,2,2,수서,7,"3,5,8,11,12,24,26"
594,15:34,3,3,삼성,2,"9,60"
594,15:34,4,4,여의도,5,"6,16,18,29,50"
594,15:34,5,5,김포공항,2,"17,36"
594,15:34,6,6,일산,4,"23,53,59,67"
594,15:34,7,7,판교,10,"1,7,35,38,41,42,55,56,58,66"
594,15:34,8,8,동탄/용인,1,4
594,15:34,9,9,평택,2,"15,57"
595,15:35,1,1,서울역,4,"0,22,40,69"
595,15:35,10,10,인천공항,3,"39,43,48"
595,15:35,2,2,수서,7,"3,5,8,11,12,24,26"
595,15:35,3,3,삼성,2,"9,60"
595,15:35,4,4,여의도,6,"6,16,18,20,29,50"
595,15:35,5,5,김포공항,2,"17,36"
595,15:35,6,6,일산,4,"23,53,59,67"
595,15:35,7,7,판교,10,"1,7,35,38,41,42,55,56,58,66"
595,15:35,8,8,동탄/용인,1,4
595,15:35,9,9,평택,2,"15,57"
596,15:36,1,1,서울역,4,"0,22,40,69"
596,15:36,10,10,인천공항,3,"39,43,48"
596,15:36,2,2,수서,7,"3,5,8,11,12,24,26"
596,15:36,3,3,삼성,2,"9,60"
596,15:36,4,4,여의도,5,"6,16,20,29,50"
596,15:36,5,5,김포공항,2,"17,36"
596,15:36,6,6,일산,4,"23,53,59,67"
596,15:36,7,7,판교,11,"1,7,10,35,38,41,42,55,56,58,66"
596,15:36,9,9,평택,3,"15,57,62"
597,15:37,1,1,서울역,2,"22,69"
597,15:37,10,10,인천공항,2,"39,48"
597,15:37,2,2,수서,7,"3,5,8,11,12,24,26"
597,15:37,3,3,삼성,3,"2,9,60"
597,15:37,4,4,여의도,7,"6,16,20,21,29,50,54"
597,15:37,5,5,김포공항,2,"17,36"
597,15:37,6,6,일산,2,"23,59"
597,15:37,7,7,판교,9,"7,10,35,38,41,42,56,58,66"
597,15:37,9,9,평택,3,"15,57,62"
598,15:38,1,1,서울역,2,"22,69"
598,15:38,10,10,인천공항,2,"39,48"
598,15:38,2,2,수서,6,"3,5,8,11,12,26"
598,15:38,3,3,삼성,2,"2,9"
598,15:38,4,4,여의도,10,"16,20,21,25,29,31,37,45,50,54"
598,15:38,5,5,김포공항,3,"17,36,46"
598,15:38,6,6,일산,2,"23,59"
598,15:38,7,7,판교,10,"7,10,35,38,41,42,44,56,58,66"
598,15:38,9,9,평택,2,"57,62"
599,15:39,1,1,서울역,3,"19,22,69"
599,15:39,10,10,인천공항,2,"39,48"
599,15:39,2,2,수서,5,"3,5,8,11,26"
599,15:39,3,3,삼성,2,"2,9"
599,15:39,4,4,여의도,11,"16,20,21,25,29,31,37,45,50,51,54"
599,15:39,5,5,김포공항,3,"17,36,46"
599,15:39,6,6,일산,3,"13,23,59"
599,15:39,7,7,판교,10,"10,35,38,41,42,44,56,58,61,66"
599,15:39,9,9,평택,2,"57,62"
600,15:40,1,1,서울역,3,"19,22,69"
600,15:40,10,10,인천공항,2,"39,48"
600,15:40,2,2,수서,5,"3,5,8,11,26"
600,15:40,3,3,삼성,3,"2,9,33"
600,15:40,4,4,여의도,11,"16,20,25,29,30,31,37,45,50,51,54"
600,15:40,5,5,김포공항,3,"17,36,46"
600,15:40,6,6,일산,4,"13,23,59,65"
600,15:40,7,7,판교,10,"10,35,38,41,42,44,56,58,61,66"
600,15:40,9,9,평택,2,"57,62"
601,15:41,1,1,서울역,3,"19,22,69"
601,15:41,10,10,인천공항,2,"39,48"
601,15:41,2,2,수서,5,"3,5,8,11,26"
601,15:41,3,3,삼성,5,"2,9,32,33,52"
601,15:41,4,4,여의도,10,"14,16,29,30,31,37,45,50,51,54"
601,15:41,5,5,김포공항,4,"17,27,36,46"
601,15:41,6,6,일산,4,"13,23,59,65"
601,15:41,7,7,판교,10,"10,35,38,41,42,44,56,58,61,66"
601,15:41,9,9,평택,2,"57,62"
602,15:42,1,1,서울역,3,"19,22,69"
602,15:42,10,10,인천공항,2,"39,48"
602,15:42,2,2,수서,5,"3,5,8,11,26"
602,15:42,3,3,삼성,5,"2,9,32,33,52"
602,15:42,4,4,여의도,10,"14,16,29,30,31,37,45,50,51,54"
602,15:42,5,5,김포공항,4,"17,27,36,46"
602,15:42,6,6,일산,4,"13,23,59,65"
602,15:42,7,7,판교,10,"10,35,38,41,42,44,47,56,58,66"
602,15:42,9,9,평택,1,57
603,15:43,1,1,서울역,3,"19,22,69"
603,15:43,10,10,인천공항,2,"39,48"
603,15:43,2,2,수서,5,"3,5,8,11,26"
603,15:43,3,3,삼성,6,"0,2,9,32,33,52"
603,15:43,4,4,여의도,9,"14,16,30,31,37,45,50,51,54"
603,15:43,5,5,김포공항,4,"17,27,36,46"
603,15:43,6,6,일산,4,"13,23,59,65"
603,15:43,7,7,판교,11,"10,18,35,38,41,42,44,47,56,58,66"
603,15:43,9,9,평택,1,57
604,15:44,1,1,서울역,3,"1,19,69"
604,15:44,10,10,인천공항,1,48
604,15:44,2,2,수서,6,"3,5,8,11,26,40"
604,15:44,3,3,삼성,6,"0,2,9,32,33,52"
604,15:44,4,4,여의도,7,"14,16,30,31,45,50,51"
604,15:44,5,5,김포공항,4,"17,27,36,46"
604,15:44,6,6,일산,4,"13,23,59,65"
604,15:44,7,7,판교,11,"10,18,35,38,41,42,44,47,56,58,66"
604,15:44,9,9,평택,1,57
605,15:45,1,1,서울역,2,"1,69"
605,15:45,10,10,인천공항,1,48
605,15:45,2,2,수서,6,"3,5,8,11,26,40"
605,15:45,3,3,삼성,5,"0,2,32,33,52"
605,15:45,4,4,여의도,6,"14,16,30,31,45,50"
605,15:45,5,5,김포공항,4,"17,27,36,46"
605,15:45,6,6,일산,5,"13,23,59,64,65"
605,15:45,7,7,판교,13,"6,10,18,34,35,38,41,42,44,47,56,58,66"
605,15:45,9,9,평택,1,57
606,15:46,1,1,서울역,3,"1,12,69"
606,15:46,10,10,인천공항,1,48
606,15:46,2,2,수서,7,"3,5,8,11,26,40,68"
606,15:46,3,3,삼성,5,"0,2,32,33,52"
606,15:46,4,4,여의도,7,"7,14,16,30,31,45,50"
606,15:46,5,5,김포공항,6,"17,24,27,36,46,60"
606,15:46,6,6,일산,4,"13,23,59,64"
606,15:46,7,7,판교,13,"6,10,18,34,35,38,41,42,44,47,56,58,66"
606,15:46,9,9,평택,1,57
607,15:47,1,1,서울역,3,"1,12,69"
607,15:47,10,10,인천공항,2,"48,63"
607,15:47,2,2,수서,5,"3,5,26,40,68"
607,15:47,3,3,삼성,6,"0,2,32,33,52,67"
607,15:47,4,4,여의도,8,"4,7,14,16,30,31,45,50"
607,15:47,5,5,김포공항,7,"17,24,27,36,46,55,60"
607,15:47,6,6,일산,4,"13,23,59,64"
607,15:47,7,7,판교,14,"6,10,18,21,34,35,38,41,42,44,47,56,58,66"
608,15:48,1,1,서울역,3,"1,12,69"
608,15:48,10,10,인천공항,2,"48,63"
608,15:48,2,2,수서,6,"3,5,26,40,61,68"
608,15:48,3,3,삼성,7,"0,2,20,32,33,52,67"
608,15:48,4,4,여의도,7,"4,7,14,16,31,45,50"
608,15:48,5,5,김포공항,7,"17,24,27,36,46,55,60"
608,15:48,6,6,일산,4,"13,23,59,64"
608,15:48,7,7,판교,15,"6,10,18,21,25,34,35,38,41,42,44,47,56,58,66"
609,15:49,1,1,서울역,3,"1,12,69"
609,15:49,10,10,인천공항,2,"48,63"
609,15:49,2,2,수서,6,"5,26,29,40,61,68"
609,15:49,3,3,삼성,8,"0,2,20,32,33,49,52,67"
609,15:49,4,4,여의도,8,"4,7,14,16,31,43,45,50"
609,15:49,5,5,김포공항,7,"17,24,27,36,46,55,60"
609,15:49,6,6,일산,3,"13,23,64"
609,15:49,7,7,판교,15,"6,10,18,21,25,34,38,41,42,44,47,53,56,58,66"
610,15:50,1,1,서울역,2,"12,69"
610,15:50,10,10,인천공항,2,"48,63"
610,15:50,2,2,수서,6,"5,26,29,40,61,68"
610,15:50,3,3,삼성,8,"0,2,20,22,32,49,52,67"
610,15:50,4,4,여의도,8,"4,7,14,16,31,43,45,50"
610,15:50,5,5,김포공항,7,"17,24,27,36,46,55,60"
610,15:50,6,6,일산,3,"13,23,64"
610,15:50,7,7,판교,14,"6,10,18,21,25,34,38,41,42,44,53,56,58,66"
611,15:51,1,1,서울역,2,"12,69"
611,15:51,10,10,인천공항,2,"48,63"
611,15:51,2,2,수서,5,"5,26,29,40,68"
611,15:51,3,3,삼성,9,"0,2,20,22,32,37,49,52,67"
611,15:51,4,4,여의도,8,"4,7,14,16,31,43,45,50"
611,15:51,5,5,김포공항,7,"17,24,27,36,46,55,60"
611,15:51,6,6,일산,2,"13,23"
611,15:51,7,7,판교,14,"6,10,18,21,25,34,38,41,42,44,53,56,58,66"
611,15:51,9,9,평택,1,28
612,15:52,1,1,서울역,2,"12,69"
612,15:52,10,10,인천공항,2,"48,63"
612,15:52,2,2,수서,4,"5,26,29,40"
612,15:52,3,3,삼성,9,"0,2,20,22,32,37,49,52,67"
612,15:52,4,4,여의도,8,"4,9,14,16,31,43,45,50"
612,15:52,5,5,김포공항,7,"17,24,27,36,46,55,60"
612,15:52,6,6,일산,2,"13,23"
612,15:52,7,7,판교,14,"6,10,18,21,25,34,38,41,42,44,53,56,58,66"
612,15:52,9,9,평택,1,28
613,15:53,1,1,서울역,2,"12,69"
613,15:53,10,10,인천공항,2,"48,63"
613,15:53,2,2,수서,4,"5,26,29,40"
613,15:53,3,3,삼성,8,"2,20,22,32,37,49,52,67"
613,15:53,4,4,여의도,9,"4,9,11,15,16,31,43,45,50"
613,15:53,5,5,김포공항,7,"17,24,27,36,46,55,60"
613,15:53,6,6,일산,2,"13,23"
613,15:53,7,7,판교,12,"6,10,18,21,25,34,41,42,44,53,56,58"
613,15:53,9,9,평택,1,28
614,15:54,1,1,서울역,2,"12,69"
614,15:54,10,10,인천공항,1,63
614,15:54,2,2,수서,5,"5,26,29,30,40"
614,15:54,3,3,삼성,7,"2,22,32,37,49,52,67"
614,15:54,4,4,여의도,9,"4,9,11,15,16,31,43,45,50"
614,15:54,5,5,김포공항,7,"17,24,27,36,46,55,60"
614,15:54,6,6,일산,2,"13,23"
614,15:54,7,7,판교,10,"6,10,18,21,41,42,44,53,56,58"
614,15:54,9,9,평택,1,28
615,15:55,1,1,서울역,2,"12,69"
615,15:55,10,10,인천공항,1,63
615,15:55,2,2,수서,5,"5,26,29,30,40"
615,15:55,3,3,삼성,7,"2,22,32,37,49,52,67"
615,15:55,4,4,여의도,9,"4,9,11,15,16,31,43,45,50"
615,15:55,5,5,김포공항,7,"8,17,24,36,46,55,60"
615,15:55,6,6,일산,2,"13,23"
615,15:55,7,7,판교,7,"10,18,21,41,42,44,58"
615,15:55,9,9,평택,1,28
616,15:56,1,1,서울역,2,"12,69"
616,15:56,10,10,인천공항,1,63
616,15:56,2,2,수서,6,"5,26,29,30,40,62"
616,15:56,3,3,삼성,8,"2,22,32,37,49,52,65,67"
616,15:56,4,4,여의도,11,"4,9,11,15,16,31,35,39,43,45,50"
616,15:56,5,5,김포공항,7,"8,17,24,36,46,55,60"
616,15:56,6,6,일산,2,"13,23"
616,15:56,7,7,판교,7,"10,18,21,41,42,44,58"
616,15:56,8,8,동탄/용인,1,51
616,15:56,9,9,평택,1,28
617,15:57,1,1,서울역,3,"12,47,69"
617,15:57,10,10,인천공항,1,63
617,15:57,2,2,수서,6,"1,5,29,30,40,62"
617,15:57,3,3,삼성,8,"2,22,32,37,49,52,65,67"
617,15:57,4,4,여의도,11,"4,9,11,15,16,31,35,39,43,45,50"
617,15:57,5,5,김포공항,8,"3,8,17,24,36,46,55,60"
617,15:57,6,6,일산,2,"13,23"
617,15:57,7,7,판교,7,"10,18,21,41,42,44,58"
617,15:57,8,8,동탄/용인,1,51
617,15:57,9,9,평택,1,28
618,15:58,1,1,서울역,4,"12,47,64,69"
618,15:58,10,10,인천공항,2,"19,63"
618,15:58,2,2,수서,6,"1,5,29,30,40,62"
618,15:58,3,3,삼성,7,"2,22,37,49,52,65,67"
618,15:58,4,4,여의도,10,"4,9,11,15,16,31,35,39,45,50"
618,15:58,5,5,김포공항,9,"3,8,17,24,33,36,46,55,60"
618,15:58,6,6,일산,2,"13,23"
618,15:58,7,7,판교,7,"10,18,21,41,42,44,58"
618,15:58,8,8,동탄/용인,1,51
618,15:58,9,9,평택,1,28
619,15:59,1,1,서울역,4,"12,47,64,69"
619,15:59,10,10,인천공항,2,"19,63"
619,15:59,2,2,수서,7,"1,5,29,30,40,62,66"
619,15:59,3,3,삼성,6,"2,22,49,52,65,67"
619,15:59,4,4,여의도,10,"4,9,11,15,16,31,35,39,45,50"
619,15:59,5,5,김포공항,10,"3,8,17,24,33,36,46,55,60,61"
619,15:59,6,6,일산,2,"13,23"
619,15:59,7,7,판교,7,"7,10,18,21,41,44,57"
619,15:59,8,8,동탄/용인,1,51
619,15:59,9,9,평택,2,"28,54"
620,16:00,1,1,서울역,3,"12,64,69"
620,16:00,10,10,인천공항,2,"19,63"
620,16:00,2,2,수서,6,"1,5,29,40,62,66"
620,16:00,3,3,삼성,5,"22,49,52,65,67"
620,16:00,4,4,여의도,10,"4,9,11,15,16,31,35,38,45,50"
620,16:00,5,5,김포공항,9,"3,17,24,33,36,55,60,61,68"
620,16:00,6,6,일산,2,"13,23"
620,16:00,7,7,판교,7,"7,10,14,18,21,41,57"
620,16:00,8,8,동탄/용인,1,51
620,16:00,9,9,평택,2,"28,54"
621,16:01,1,1,서울역,4,"12,25,64,69"
621,16:01,10,10,인천공항,2,"19,63"
621,16:01,2,2,수서,6,"1,5,29,40,62,66"
621,16:01,3,3,삼성,4,"22,49,65,67"
621,16:01,4,4,여의도,11,"4,9,11,15,16,20,31,34,35,38,45"
621,16:01,5,5,김포공항,6,"0,3,17,55,61,68"
621,16:01,6,6,일산,1,23
621,16:01,7,7,판교,8,"7,10,14,18,21,41,57,59"
621,16:01,8,8,동탄/용인,1,51
621,16:01,9,9,평택,2,"28,54"
622,16:02,1,1,서울역,4,"12,25,64,69"
622,16:02,10,10,인천공항,2,"19,63"
622,16:02,2,2,수서,6,"1,5,29,40,62,66"
622,16:02,3,3,삼성,4,"22,49,65,67"
622,16:02,4,4,여의도,10,"4,6,11,15,16,20,31,34,35,38"
622,16:02,5,5,김포공항,4,"0,3,55,68"
622,16:02,6,6,일산,1,23
622,16:02,7,7,판교,8,"7,10,14,18,21,41,57,59"
622,16:02,8,8,동탄/용인,1,51
622,16:02,9,9,평택,2,"28,54"
623,16:03,1,1,서울역,3,"12,25,64"
623,16:03,10,10,인천공항,1,19
623,16:03,2,2,수서,5,"5,29,40,62,66"
623,16:03,3,3,삼성,4,"22,49,65,67"
623,16:03,4,4,여의도,11,"4,6,11,15,16,20,26,31,34,35,38"
623,16:03,5,5,김포공항,3,"0,3,68"
623,16:03,6,6,일산,1,23
623,16:03,7,7,판교,8,"7,10,14,18,21,41,57,59"
623,16:03,8,8,동탄/용인,1,51
623,16:03,9,9,평택,2,"28,54"
624,16:04,1,1,서울역,5,"12,25,32,39,64"
624,16:04,10,10,인천공항,1,19
624,16:04,2,2,수서,4,"29,40,62,66"
624,16:04,3,3,삼성,4,"22,49,65,67"
624,16:04,4,4,여의도,11,"4,6,11,15,16,20,26,31,34,35,38"
624,16:04,5,5,김포공항,3,"0,3,68"
624,16:04,6,6,일산,1,23
624,16:04,7,7,판교,7,"7,14,18,21,41,57,59"
624,16:04,8,8,동탄/용인,1,51
624,16:04,9,9,평택,2,"28,54"
625,16:05,1,1,서울역,5,"12,25,32,39,64"
625,16:05,10,10,인천공항,1,19
625,16:05,2,2,수서,3,"29,40,62"
625,16:05,3,3,삼성,4,"22,43,65,67"
625,16:05,4,4,여의도,11,"4,6,11,15,16,20,26,31,34,35,38"
625,16:05,5,5,김포공항,4,"0,3,53,68"
625,16:05,6,6,일산,1,23
625,16:05,7,7,판교,8,"7,14,18,21,27,41,57,59"
625,16:05,8,8,동탄/용인,1,51
625,16:05,9,9,평택,2,"28,54"
626,16:06,1,1,서울역,5,"12,25,32,39,64"
626,16:06,10,10,인천공항,1,19
626,16:06,2,2,수서,3,"29,40,62"
626,16:06,3,3,삼성,4,"22,43,65,67"
626,16:06,4,4,여의도,13,"6,11,15,16,20,26,31,34,35,37,38,42,48"
626,16:06,5,5,김포공항,3,"0,3,53"
626,16:06,6,6,일산,1,23
626,16:06,7,7,판교,8,"7,14,18,21,27,41,57,59"
626,16:06,8,8,동탄/용인,1,51
626,16:06,9,9,평택,2,"28,54"
627,16:07,1,1,서울역,5,"12,25,30,32,44"
627,16:07,10,10,인천공항,1,19
627,16:07,2,2,수서,3,"29,40,62"
627,16:07,3,3,삼성,4,"22,43,65,67"
627,16:07,4,4,여의도,13,"6,11,15,16,20,26,31,34,35,37,38,42,48"
627,16:07,5,5,김포공항,3,"0,3,53"
627,16:07,6,6,일산,1,56
627,16:07,7,7,판교,9,"7,14,18,21,27,41,47,57,59"
627,16:07,8,8,동탄/용인,1,51
627,16:07,9,9,평택,1,28
628,16:08,1,1,서울역,5,"25,30,32,44,46"
628,16:08,10,10,인천공항,1,19
628,16:08,2,2,수서,4,"8,29,40,62"
628,16:08,3,3,삼성,3,"22,43,67"
628,16:08,4,4,여의도,11,"11,15,16,20,26,34,35,37,38,42,48"
628,16:08,5,5,김포공항,4,"0,2,3,53"
628,16:08,6,6,일산,1,56
628,16:08,7,7,판교,9,"7,14,18,27,41,47,50,57,59"
628,16:08,8,8,동탄/용인,1,51
628,16:08,9,9,평택,1,28
629,16:09,1,1,서울역,7,"24,25,30,32,36,44,46"
629,16:09,10,10,인천공항,1,19
629,16:09,2,2,수서,4,"8,40,60,62"
629,16:09,3,3,삼성,4,"22,43,45,67"
629,16:09,4,4,여의도,9,"11,15,16,20,34,35,37,38,42"
629,16:09,5,5,김포공항,3,"0,2,52"
629,16:09,6,6,일산,1,56
629,16:09,7,7,판교,10,"7,9,14,18,27,41,47,50,57,59"
629,16:09,8,8,동탄/용인,1,51
629,16:09,9,9,평택,1,28
630,16:10,1,1,서울역,6,"24,25,32,36,46,61"
630,16:10,10,10,인천공항,1,19
630,16:10,2,2,수서,5,"8,17,40,60,69"
630,16:10,3,3,삼성,4,"22,43,45,67"
630,16:10,4,4,여의도,9,"11,15,16,20,34,35,37,38,42"
630,16:10,5,5,김포공항,2,"2,52"
630,16:10,6,6,일산,1,56
630,16:10,7,7,판교,7,"9,14,27,41,50,57,59"
630,16:10,8,8,동탄/용인,1,51
631,16:11,1,1,서울역,7,"10,24,25,32,36,55,61"
631,16:11,10,10,인천공항,1,33
631,16:11,2,2,수서,4,"17,40,60,69"
631,16:11,3,3,삼성,4,"22,43,45,67"
631,16:11,4,4,여의도,8,"15,16,20,34,35,37,38,42"
631,16:11,5,5,김포공항,3,"1,2,52"
631,16:11,6,6,일산,2,"56,58"
631,16:11,7,7,판교,7,"9,14,27,41,50,57,59"
631,16:11,8,8,동탄/용인,1,51
632,16:12,1,1,서울역,6,"10,25,32,36,55,61"
632,16:12,10,10,인천공항,1,33
632,16:12,2,2,수서,4,"4,17,40,69"
632,16:12,3,3,삼성,4,"22,43,45,67"
632,16:12,4,4,여의도,9,"15,16,20,34,35,37,38,42,49"
632,16:12,5,5,김포공항,4,"1,2,5,52"
632,16:12,6,6,일산,2,"56,58"
632,16:12,7,7,판교,7,"9,14,27,41,50,57,59"
632,16:12,8,8,동탄/용인,1,51
633,16:13,1,1,서울역,4,"10,25,36,55"
633,16:13,10,10,인천공항,1,33
633,16:13,2,2,수서,4,"4,17,40,69"
633,16:13,3,3,삼성,4,"22,43,45,67"
633,16:13,4,4,여의도,9,"15,16,20,34,35,37,38,42,49"
633,16:13,5,5,김포공항,5,"1,2,5,52,66"
633,16:13,6,6,일산,2,"56,58"
633,16:13,7,7,판교,8,"9,13,14,27,41,50,57,59"
633,16:13,8,8,동탄/용인,1,51
634,16:14,1,1,서울역,4,"10,25,36,68"
634,16:14,10,10,인천공항,1,33
634,16:14,2,2,수서,7,"4,6,17,31,39,40,69"
634,16:14,3,3,삼성,4,"12,43,45,67"
634,16:14,4,4,여의도,7,"15,16,20,35,37,38,49"
634,16:14,5,5,김포공항,5,"1,2,5,52,66"
634,16:14,6,6,일산,3,"56,58,64"
634,16:14,7,7,판교,8,"9,13,14,27,41,50,57,59"
634,16:14,8,8,동탄/용인,1,51
635,16:15,1,1,서울역,4,"10,25,36,68"
635,16:15,10,10,인천공항,1,33
635,16:15,2,2,수서,8,"4,6,17,26,31,39,40,69"
635,16:15,3,3,삼성,4,"12,43,45,67"
635,16:15,4,4,여의도,9,"15,16,20,21,35,37,38,49,53"
635,16:15,5,5,김포공항,5,"1,2,5,52,66"
635,16:15,6,6,일산,3,"56,58,64"
635,16:15,7,7,판교,7,"13,14,27,41,50,57,59"
635,16:15,8,8,동탄/용인,1,51
636,16:16,1,1,서울역,3,"10,25,68"
636,16:16,10,10,인천공항,1,33
636,16:16,2,2,수서,7,"4,6,17,26,31,39,40"
636,16:16,3,3,삼성,5,"12,43,44,45,48"
636,16:16,4,4,여의도,10,"15,16,20,21,35,37,38,49,53,62"
636,16:16,5,5,김포공항,6,"1,2,5,52,65,66"
636,16:16,6,6,일산,3,"56,58,64"
636,16:16,7,7,판교,7,"13,14,27,41,50,57,59"
636,16:16,8,8,동탄/용인,1,51
637,16:17,1,1,서울역,4,"18,25,47,68"
637,16:17,10,10,인천공항,1,33
637,16:17,2,2,수서,10,"3,4,6,11,17,26,30,31,39,40"
637,16:17,3,3,삼성,5,"12,43,44,45,48"
637,16:17,4,4,여의도,9,"7,15,21,35,37,38,49,53,62"
637,16:17,5,5,김포공항,6,"1,5,29,52,65,66"
637,16:17,6,6,일산,3,"56,58,64"
637,16:17,7,7,판교,5,"13,14,41,57,59"
637,16:17,8,8,동탄/용인,1,51
638,16:18,1,1,서울역,5,"8,18,25,47,68"
638,16:18,10,10,인천공항,1,33
638,16:18,2,2,수서,10,"3,4,6,11,17,26,30,31,39,40"
638,16:18,3,3,삼성,6,"12,43,44,45,48,63"
638,16:18,4,4,여의도,7,"7,15,21,35,37,38,62"
638,16:18,5,5,김포공항,5,"5,29,52,65,66"
638,16:18,6,6,일산,4,"46,56,58,64"
638,16:18,7,7,판교,5,"13,14,41,57,59"
638,16:18,8,8,동탄/용인,1,51
639,16:19,1,1,서울역,6,"8,18,25,47,60,68"
639,16:19,10,10,인천공항,1,33
639,16:19,2,2,수서,10,"3,4,6,11,17,26,30,31,39,40"
639,16:19,3,3,삼성,6,"12,43,44,45,48,63"
639,16:19,4,4,여의도,6,"7,15,21,37,38,62"
639,16:19,5,5,김포공항,5,"5,29,52,65,66"
639,16:19,6,6,일산,5,"24,46,56,58,64"
639,16:19,7,7,판교,7,"13,14,23,41,54,57,59"
639,16:19,8,8,동탄/용인,1,51
640,16:20,1,1,서울역,4,"8,18,25,60"
640,16:20,2,2,수서,10,"3,4,11,17,26,30,31,34,39,40"
640,16:20,3,3,삼성,6,"12,43,44,45,48,63"
640,16:20,4,4,여의도,5,"7,15,21,37,62"
640,16:20,5,5,김포공항,4,"29,52,65,66"
640,16:20,6,6,일산,5,"24,32,46,56,64"
640,16:20,7,7,판교,6,"13,14,23,54,57,59"
640,16:20,8,8,동탄/용인,1,51
641,16:21,1,1,서울역,4,"8,18,25,60"
641,16:21,2,2,수서,8,"3,4,11,17,30,31,34,40"
641,16:21,3,3,삼성,7,"12,42,43,44,45,48,63"
641,16:21,4,4,여의도,4,"7,22,37,62"
641,16:21,5,5,김포공항,5,"29,52,61,65,66"
641,16:21,6,6,일산,4,"24,32,46,56"
641,16:21,7,7,판교,7,"13,14,23,54,55,57,59"
641,16:21,8,8,동탄/용인,1,51
642,16:22,1,1,서울역,4,"8,18,25,60"
642,16:22,2,2,수서,8,"3,4,11,17,30,31,34,40"
642,16:22,3,3,삼성,6,"12,36,42,45,48,63"
642,16:22,4,4,여의도,6,"7,9,22,37,62,69"
642,16:22,5,5,김포공항,5,"29,52,61,65,66"
642,16:22,6,6,일산,3,"32,46,56"
642,16:22,7,7,판교,6,"14,23,54,55,57,59"
642,16:22,8,8,동탄/용인,1,51
643,16:23,1,1,서울역,2,"8,60"
643,16:23,2,2,수서,7,"3,4,11,17,30,31,34"
643,16:23,3,3,삼성,5,"12,36,42,48,63"
643,16:23,4,4,여의도,6,"7,9,19,22,62,69"
643,16:23,5,5,김포공항,3,"29,61,66"
643,16:23,6,6,일산,1,46
643,16:23,7,7,판교,6,"14,23,54,55,57,59"
643,16:23,8,8,동탄/용인,1,51
644,16:24,1,1,서울역,2,"8,60"
644,16:24,2,2,수서,6,"3,4,11,17,30,34"
644,16:24,3,3,삼성,3,"36,42,48"
644,16:24,4,4,여의도,8,"7,9,19,22,27,50,62,69"
644,16:24,5,5,김포공항,3,"29,61,67"
644,16:24,6,6,일산,2,"10,46"
644,16:24,7,7,판교,7,"14,16,23,54,55,57,59"
644,16:24,8,8,동탄/용인,1,51
645,16:25,1,1,서울역,2,"8,21"
645,16:25,2,2,수서,7,"2,3,4,11,30,34,35"
645,16:25,3,3,삼성,4,"36,42,48,49"
645,16:25,4,4,여의도,7,"7,9,19,22,27,28,50"
645,16:25,5,5,김포공항,2,"61,67"
645,16:25,6,6,일산,2,"10,46"
645,16:25,7,7,판교,6,"14,16,23,53,55,59"
645,16:25,8,8,동탄/용인,1,51
646,16:26,1,1,서울역,2,"8,21"
646,16:26,2,2,수서,7,"2,3,4,11,30,34,35"
646,16:26,3,3,삼성,6,"1,36,42,48,49,68"
646,16:26,4,4,여의도,7,"7,9,19,22,27,28,50"
646,16:26,5,5,김포공항,1,67
646,16:26,6,6,일산,2,"10,46"
646,16:26,7,7,판교,6,"14,16,23,53,55,59"
646,16:26,8,8,동탄/용인,1,51
647,16:27,1,1,서울역,3,"6,21,41"
647,16:27,2,2,수서,7,"2,3,11,15,30,34,35"
647,16:27,3,3,삼성,7,"1,36,38,42,48,49,68"
647,16:27,4,4,여의도,6,"7,9,19,27,28,39"
647,16:27,5,5,김포공항,1,67
647,16:27,6,6,일산,2,"10,46"
647,16:27,7,7,판교,5,"14,16,23,47,53"
647,16:27,8,8,동탄/용인,1,51
647,16:27,9,9,평택,1,0
648,16:28,1,1,서울역,4,"5,6,26,41"
648,16:28,2,2,수서,7,"2,3,11,15,30,34,35"
648,16:28,3,3,삼성,7,"1,36,38,42,48,49,68"
648,16:28,4,4,여의도,6,"7,9,19,27,28,39"
648,16:28,5,5,김포공항,1,67
648,16:28,6,6,일산,2,"10,46"
648,16:28,7,7,판교,4,"14,16,47,53"
648,16:28,8,8,동탄/용인,1,51
648,16:28,9,9,평택,1,0
649,16:29,1,1,서울역,6,"5,6,24,26,41,69"
649,16:29,2,2,수서,7,"2,11,15,30,34,35,37"
649,16:29,3,3,삼성,8,"1,25,36,38,42,48,49,68"
649,16:29,4,4,여의도,8,"7,9,13,19,27,28,39,43"
649,16:29,5,5,김포공항,1,67
649,16:29,6,6,일산,2,"10,46"
649,16:29,7,7,판교,4,"14,16,47,53"
649,16:29,8,8,동탄/용인,1,51
649,16:29,9,9,평택,1,0
650,16:30,1,1,서울역,8,"5,6,24,26,32,41,56,69"
650,16:30,2,2,수서,7,"2,11,15,30,34,35,37"
650,16:30,3,3,삼성,9,"1,25,36,38,42,48,49,58,68"
650,16:30,4,4,여의도,8,"7,9,13,19,27,28,39,43"
650,16:30,6,6,일산,2,"10,18"
650,16:30,7,7,판교,4,"14,16,47,53"
650,16:30,8,8,동탄/용인,1,51
650,16:30,9,9,평택,1,0
651,16:31,1,1,서울역,9,"6,24,26,31,32,41,56,65,69"
651,16:31,2,2,수서,7,"2,11,15,34,35,37,62"
651,16:31,3,3,삼성,10,"1,25,36,38,42,48,49,58,60,68"
651,16:31,4,4,여의도,9,"7,9,13,19,27,28,29,39,43"
651,16:31,5,5,김포공항,2,"40,45"
651,16:31,6,6,일산,2,"10,18"
651,16:31,7,7,판교,4,"14,16,47,53"
651,16:31,9,9,평택,1,0
652,16:32,1,1,서울역,8,"6,26,31,32,41,56,65,66"
652,16:32,2,2,수서,7,"2,11,15,34,35,37,62"
652,16:32,3,3,삼성,10,"1,25,36,38,42,48,49,58,60,68"
652,16:32,4,4,여의도,10,"7,9,13,19,27,28,29,39,43,57"
652,16:32,5,5,김포공항,3,"12,40,45"
652,16:32,6,6,일산,2,"10,18"
652,16:32,7,7,판교,4,"14,16,47,53"
652,16:32,9,9,평택,2,"0,20"
653,16:33,1,1,서울역,6,"26,31,41,56,65,66"
653,16:33,2,2,수서,8,"2,11,15,22,34,35,37,62"
653,16:33,3,3,삼성,8,"1,25,36,42,48,49,58,60"
653,16:33,4,4,여의도,9,"7,9,13,19,28,29,39,43,57"
653,16:33,5,5,김포공항,4,"12,17,40,45"
653,16:33,6,6,일산,2,"10,18"
653,16:33,7,7,판교,6,"14,16,47,52,53,64"
653,16:33,9,9,평택,2,"0,20"
654,16:34,1,1,서울역,5,"31,41,56,61,66"
654,16:34,2,2,수서,8,"2,11,15,22,34,35,37,62"
654,16:34,3,3,삼성,8,"1,25,36,42,48,49,58,60"
654,16:34,4,4,여의도,10,"7,9,13,19,28,39,43,55,57,59"
654,16:34,5,5,김포공항,4,"12,17,40,45"
654,16:34,6,6,일산,5,"8,10,18,50,63"
654,16:34,7,7,판교,6,"14,16,47,52,53,64"
654,16:34,9,9,평택,2,"0,20"
655,16:35,1,1,서울역,4,"31,41,56,61"
655,16:35,2,2,수서,8,"2,11,15,22,34,35,37,62"
655,16:35,3,3,삼성,9,"1,25,33,36,42,48,49,58,60"
655,16:35,4,4,여의도,11,"7,9,13,19,23,28,39,43,55,57,59"
655,16:35,5,5,김포공항,5,"4,12,17,40,45"
655,16:35,6,6,일산,6,"8,10,18,21,50,63"
655,16:35,7,7,판교,5,"14,16,47,52,64"
655,16:35,9,9,평택,2,"0,20"
656,16:36,1,1,서울역,3,"31,56,61"
656,16:36,2,2,수서,9,"2,11,15,22,34,35,37,62,68"
656,16:36,3,3,삼성,8,"1,33,36,42,48,49,58,60"
656,16:36,4,4,여의도,11,"7,9,13,19,23,28,39,43,55,57,59"
656,16:36,5,5,김포공항,5,"4,12,17,40,45"
656,16:36,6,6,일산,6,"8,10,18,21,50,63"
656,16:36,7,7,판교,3,"14,16,64"
656,16:36,9,9,평택,2,"0,20"
657,16:37,1,1,서울역,2,"31,56"
657,16:37,2,2,수서,8,"2,11,15,22,35,37,62,68"
657,16:37,3,3,삼성,8,"1,33,36,42,48,49,58,60"
657,16:37,4,4,여의도,10,"7,9,13,19,23,39,43,55,57,59"
657,16:37,5,5,김포공항,6,"3,4,12,17,40,45"
657,16:37,6,6,일산,7,"8,10,18,21,50,54,63"
657,16:37,7,7,판교,3,"14,16,64"
657,16:37,9,9,평택,3,"0,20,44"
658,16:38,1,1,서울역,3,"31,56,67"
658,16:38,2,2,수서,8,"5,11,15,22,35,37,62,68"
658,16:38,3,3,삼성,7,"1,33,36,42,48,58,60"
658,16:38,4,4,여의도,9,"7,9,13,19,23,43,55,57,59"
658,16:38,5,5,김포공항,5,"3,4,17,40,45"
658,16:38,6,6,일산,7,"8,10,18,21,50,54,63"
658,16:38,7,7,판교,3,"14,16,64"
658,16:38,9,9,평택,3,"0,20,44"
659,16:39,1,1,서울역,3,"31,56,67"
659,16:39,2,2,수서,9,"5,11,15,25,27,35,37,62,68"
659,16:39,3,3,삼성,8,"1,6,33,36,42,48,58,60"
659,16:39,4,4,여의도,9,"7,9,13,19,23,43,55,57,59"
659,16:39,5,5,김포공항,5,"3,4,30,40,45"
659,16:39,6,6,일산,8,"8,10,18,21,24,50,54,63"
659,16:39,7,7,판교,2,"14,16"
659,16:39,9,9,평택,3,"0,20,44"
660,16:40,1,1,서울역,3,"31,56,67"
660,16:40,2,2,수서,9,"5,11,15,25,27,35,37,62,68"
660,16:40,3,3,삼성,7,"1,6,26,33,48,58,60"
660,16:40,4,4,여의도,8,"9,13,19,23,38,55,57,59"
660,16:40,5,5,김포공항,5,"3,4,30,45,69"
660,16:40,6,6,일산,6,"10,18,24,32,50,54"
660,16:40,7,7,판교,2,"14,16"
660,16:40,9,9,평택,3,"0,20,44"
661,16:41,1,1,서울역,2,"31,56"
661,16:41,2,2,수서,9,"5,11,15,25,27,35,37,62,68"
661,16:41,3,3,삼성,7,"1,6,26,33,48,58,60"
661,16:41,4,4,여의도,7,"13,19,23,38,55,57,59"
661,16:41,5,5,김포공항,4,"3,4,30,69"
661,16:41,6,6,일산,6,"18,24,32,50,54,65"
661,16:41,7,7,판교,3,"14,16,29"
661,16:41,9,9,평택,2,"0,44"
662,16:42,1,1,서울역,2,"31,56"
662,16:42,2,2,수서,8,"5,11,15,27,35,37,62,68"
662,16:42,3,3,삼성,6,"1,6,26,33,41,60"
662,16:42,4,4,여의도,8,"13,19,23,38,53,55,57,59"
662,16:42,5,5,김포공항,4,"3,4,30,69"
662,16:42,6,6,일산,7,"18,24,32,50,54,65,66"
662,16:42,7,7,판교,4,"14,16,29,46"
662,16:42,9,9,평택,2,"0,44"
663,16:43,1,1,서울역,2,"31,47"
663,16:43,2,2,수서,8,"5,11,15,27,28,37,62,68"
663,16:43,3,3,삼성,6,"1,6,26,33,41,60"
663,16:43,4,4,여의도,8,"13,19,23,34,38,52,53,59"
663,16:43,5,5,김포공항,2,"4,30"
663,16:43,6,6,일산,7,"18,24,32,50,54,65,66"
663,16:43,7,7,판교,4,"14,16,29,46"
663,16:43,9,9,평택,2,"0,44"
664,16:44,1,1,서울역,3,"31,43,47"
664,16:44,2,2,수서,8,"5,11,27,28,37,39,61,62"
664,16:44,3,3,삼성,6,"1,6,26,33,41,60"
664,16:44,4,4,여의도,8,"13,19,23,34,38,52,53,59"
664,16:44,5,5,김포공항,1,30
664,16:44,6,6,일산,6,"24,32,50,54,65,66"
664,16:44,7,7,판교,2,"29,46"
664,16:44,9,9,평택,2,"0,44"
665,16:45,1,1,서울역,3,"31,43,47"
665,16:45,2,2,수서,5,"5,28,37,39,61"
665,16:45,3,3,삼성,6,"1,6,26,33,41,60"
665,16:45,4,4,여의도,7,"19,23,34,38,52,53,59"
665,16:45,5,5,김포공항,1,30
665,16:45,6,6,일산,6,"24,32,50,54,65,66"
665,16:45,7,7,판교,2,"29,46"
665,16:45,9,9,평택,2,"0,44"
666,16:46,1,1,서울역,7,"22,31,36,42,43,47,64"
666,16:46,2,2,수서,6,"5,7,28,37,39,61"
666,16:46,3,3,삼성,6,"1,6,26,33,41,60"
666,16:46,4,4,여의도,6,"23,34,38,52,53,59"
666,16:46,5,5,김포공항,2,"2,49"
666,16:46,6,6,일산,5,"24,32,50,65,66"
666,16:46,7,7,판교,2,"29,46"
666,16:46,9,9,평택,2,"0,44"
667,16:47,1,1,서울역,7,"8,22,31,36,42,47,64"
667,16:47,2,2,수서,6,"5,7,9,28,39,61"
667,16:47,3,3,삼성,6,"1,6,26,33,41,60"
667,16:47,4,4,여의도,7,"23,34,38,52,53,59,63"
667,16:47,5,5,김포공항,2,"2,49"
667,16:47,6,6,일산,5,"24,32,50,65,66"
667,16:47,7,7,판교,2,"29,46"
667,16:47,9,9,평택,2,"0,44"
668,16:48,1,1,서울역,7,"8,22,36,40,42,47,64"
668,16:48,2,2,수서,6,"5,7,9,28,39,61"
668,16:48,3,3,삼성,5,"1,6,26,41,60"
668,16:48,4,4,여의도,6,"23,34,52,53,59,63"
668,16:48,5,5,김포공항,2,"2,49"
668,16:48,6,6,일산,6,"24,32,50,51,65,66"
668,16:48,7,7,판교,2,"29,46"
668,16:48,9,9,평택,2,"0,44"
669,16:49,1,1,서울역,5,"8,22,40,47,64"
669,16:49,10,10,인천공항,1,17
669,16:49,2,2,수서,7,"5,7,9,28,39,45,57"
669,16:49,3,3,삼성,5,"6,26,41,56,60"
669,16:49,4,4,여의도,8,"23,34,35,48,53,59,63,69"
669,16:49,5,5,김포공항,3,"2,49,67"
669,16:49,6,6,일산,6,"24,32,50,51,65,66"
669,16:49,7,7,판교,2,"29,46"
669,16:49,9,9,평택,2,"0,44"
670,16:50,1,1,서울역,5,"8,22,40,47,64"
670,16:50,10,10,인천공항,1,17
670,16:50,2,2,수서,7,"5,7,9,28,39,45,57"
670,16:50,3,3,삼성,5,"6,21,26,41,56"
670,16:50,4,4,여의도,7,"23,34,35,48,53,59,69"
670,16:50,5,5,김포공항,5,"2,25,49,58,67"
670,16:50,6,6,일산,6,"24,32,50,51,65,66"
670,16:50,7,7,판교,3,"29,46,55"
670,16:50,9,9,평택,2,"0,44"
671,16:51,1,1,서울역,5,"8,18,22,47,64"
671,16:51,10,10,인천공항,1,17
671,16:51,2,2,수서,8,"3,5,7,9,28,39,45,57"
671,16:51,3,3,삼성,5,"10,21,26,41,56"
671,16:51,4,4,여의도,11,"11,14,16,23,27,34,35,48,53,59,69"
671,16:51,5,5,김포공항,5,"2,25,49,58,67"
671,16:51,6,6,일산,6,"24,32,50,51,65,66"
671,16:51,7,7,판교,3,"29,46,55"
671,16:51,9,9,평택,1,0
672,16:52,1,1,서울역,5,"8,18,47,62,64"
672,16:52,10,10,인천공항,1,17
672,16:52,2,2,수서,5,"3,5,7,9,39"
672,16:52,3,3,삼성,6,"4,10,21,26,41,56"
672,16:52,4,4,여의도,10,"11,14,16,23,27,34,35,48,53,59"
672,16:52,5,5,김포공항,5,"2,15,25,58,67"
672,16:52,6,6,일산,6,"24,32,50,51,65,66"
672,16:52,7,7,판교,4,"13,29,46,55"
672,16:52,9,9,평택,1,0
673,16:53,1,1,서울역,4,"18,47,62,64"
673,16:53,10,10,인천공항,1,17
673,16:53,2,2,수서,4,"3,5,7,39"
673,16:53,3,3,삼성,5,"4,10,26,41,56"
673,16:53,4,4,여의도,9,"11,14,16,23,27,34,35,48,59"
673,16:53,5,5,김포공항,5,"2,15,25,58,67"
673,16:53,6,6,일산,6,"24,32,50,51,65,66"
673,16:53,7,7,판교,3,"13,46,55"
673,16:53,9,9,평택,1,0
674,16:54,1,1,서울역,4,"30,47,62,64"
674,16:54,10,10,인천공항,1,17
674,16:54,2,2,수서,4,"7,38,39,43"
674,16:54,3,3,삼성,5,"4,10,26,41,56"
674,16:54,4,4,여의도,7,"11,14,16,27,34,35,48"
674,16:54,5,5,김포공항,5,"2,15,25,58,67"
674,16:54,6,6,일산,6,"24,32,50,51,65,66"
674,16:54,7,7,판교,3,"13,46,55"
674,16:54,9,9,평택,1,0
675,16:55,1,1,서울역,4,"1,30,47,64"
675,16:55,10,10,인천공항,1,17
675,16:55,2,2,수서,5,"7,38,39,43,52"
675,16:55,3,3,삼성,7,"4,10,26,36,41,42,56"
675,16:55,4,4,여의도,7,"11,14,16,27,34,35,48"
675,16:55,5,5,김포공항,6,"2,15,25,37,58,67"
675,16:55,6,6,일산,8,"24,31,32,50,51,65,66,68"
675,16:55,7,7,판교,3,"13,46,55"
675,16:55,9,9,평택,2,"0,12"
676,16:56,1,1,서울역,6,"1,30,47,60,61,64"
676,16:56,10,10,인천공항,1,17
676,16:56,2,2,수서,6,"7,38,39,43,52,63"
676,16:56,3,3,삼성,6,"4,10,20,36,42,56"
676,16:56,4,4,여의도,7,"11,14,16,27,34,35,48"
676,16:56,5,5,김포공항,7,"2,15,25,33,37,58,67"
676,16:56,6,6,일산,8,"24,31,32,50,51,65,66,68"
676,16:56,7,7,판교,3,"13,46,55"
676,16:56,9,9,평택,2,"0,12"
677,16:57,1,1,서울역,5,"1,47,60,61,64"
677,16:57,10,10,인천공항,1,17
677,16:57,2,2,수서,6,"7,38,39,43,52,63"
677,16:57,3,3,삼성,6,"4,10,20,36,42,56"
677,16:57,4,4,여의도,6,"11,16,27,34,35,48"
677,16:57,5,5,김포공항,7,"2,15,25,33,37,58,67"
677,16:57,6,6,일산,6,"31,32,50,65,66,68"
677,16:57,7,7,판교,3,"13,46,55"
677,16:57,9,9,평택,2,"0,12"
678,16:58,1,1,서울역,6,"1,47,59,60,61,64"
678,16:58,10,10,인천공항,1,17
678,16:58,2,2,수서,7,"7,38,39,43,52,63,69"
678,16:58,3,3,삼성,7,"4,10,20,22,36,42,56"
678,16:58,4,4,여의도,6,"11,16,27,35,48,49"
678,16:58,5,5,김포공항,7,"2,15,25,33,37,58,67"
678,16:58,6,6,일산,6,"31,32,50,65,66,68"
678,16:58,7,7,판교,4,"13,46,54,55"
678,16:58,9,9,평택,2,"0,12"
679,16:59,1,1,서울역,7,"1,45,47,57,59,61,64"
679,16:59,10,10,인천공항,1,17
679,16:59,2,2,수서,8,"7,38,39,43,52,53,63,69"
679,16:59,3,3,삼성,7,"4,10,20,22,36,42,56"
679,16:59,4,4,여의도,7,"9,11,16,27,35,48,49"
679,16:59,5,5,김포공항,9,"2,6,15,25,33,37,40,58,67"
679,16:59,6,6,일산,6,"31,32,50,65,66,68"
679,16:59,7,7,판교,4,"13,46,54,55"
679,16:59,9,9,평택,2,"0,12"
680,17:00,1,1,서울역,7,"1,45,47,57,59,61,64"
680,17:00,10,10,인천공항,1,17
680,17:00,2,2,수서,8,"23,38,39,43,52,53,63,69"
680,17:00,3,3,삼성,7,"4,10,20,22,36,42,56"
680,17:00,4,4,여의도,9,"3,9,11,16,27,29,35,48,49"
680,17:00,5,5,김포공항,9,"2,6,15,25,28,33,37,40,67"
680,17:00,6,6,일산,5,"8,31,32,66,68"
680,17:00,7,7,판교,4,"13,46,54,55"
680,17:00,9,9,평택,2,"0,12"
681,17:01,1,1,서울역,7,"1,45,47,57,59,61,64"
681,17:01,10,10,인천공항,1,17
681,17:01,2,2,수서,7,"23,38,39,43,53,63,69"
681,17:01,3,3,삼성,7,"4,10,20,36,42,56,62"
681,17:01,4,4,여의도,7,"3,9,11,16,27,29,48"
681,17:01,5,5,김포공항,7,"2,6,15,25,28,33,40"
681,17:01,6,6,일산,5,"8,18,32,66,68"
681,17:01,7,7,판교,3,"13,54,55"
681,17:01,9,9,평택,3,"0,12,19"
682,17:02,1,1,서울역,5,"1,45,47,59,64"
682,17:02,10,10,인천공항,1,17
682,17:02,2,2,수서,7,"23,38,39,43,53,63,69"
682,17:02,3,3,삼성,7,"4,10,20,36,42,56,62"
682,17:02,4,4,여의도,7,"3,9,11,16,27,29,48"
682,17:02,5,5,김포공항,7,"2,5,6,15,25,28,40"
682,17:02,6,6,일산,4,"8,18,66,68"
682,17:02,7,7,판교,3,"13,54,55"
682,17:02,9,9,평택,3,"0,12,19"
683,17:03,1,1,서울역,4,"1,45,47,59"
683,17:03,2,2,수서,8,"14,23,38,39,43,53,63,69"
683,17:03,3,3,삼성,8,"4,10,20,30,36,42,56,62"
683,17:03,4,4,여의도,6,"3,9,11,16,27,29"
683,17:03,5,5,김포공항,7,"2,5,6,15,25,28,40"
683,17:03,6,6,일산,5,"8,18,21,66,68"
683,17:03,7,7,판교,3,"13,54,55"
683,17:03,9,9,평택,3,"0,12,19"
684,17:04,1,1,서울역,3,"1,45,47"
684,17:04,2,2,수서,9,"14,23,34,38,39,43,53,63,69"
684,17:04,3,3,삼성,7,"4,10,20,30,36,42,56"
684,17:04,4,4,여의도,6,"3,9,11,16,27,29"
684,17:04,5,5,김포공항,7,"2,5,6,25,28,40,41"
684,17:04,6,6,일산,4,"8,21,66,68"
684,17:04,7,7,판교,1,55
684,17:04,9,9,평택,3,"0,12,19"
685,17:05,1,1,서울역,3,"1,45,47"
685,17:05,2,2,수서,9,"14,23,34,38,39,43,53,63,69"
685,17:05,3,3,삼성,7,"4,10,30,36,42,56,60"
685,17:05,4,4,여의도,6,"3,9,11,16,27,29"
685,17:05,5,5,김포공항,5,"2,5,25,28,41"
685,17:05,6,6,일산,3,"8,21,68"
685,17:05,7,7,판교,1,55
685,17:05,9,9,평택,3,"0,12,19"
686,17:06,1,1,서울역,2,"1,45"
686,17:06,2,2,수서,8,"14,23,34,38,39,43,53,69"
686,17:06,3,3,삼성,6,"4,30,36,42,56,60"
686,17:06,4,4,여의도,7,"3,9,11,27,29,44,58"
686,17:06,5,5,김포공항,5,"2,5,25,28,41"
686,17:06,6,6,일산,3,"8,21,68"
686,17:06,9,9,평택,3,"0,12,19"
687,17:07,1,1,서울역,4,"1,22,45,50"
687,17:07,2,2,수서,8,"14,23,34,39,43,49,53,69"
687,17:07,3,3,삼성,7,"4,24,30,36,42,56,60"
687,17:07,4,4,여의도,8,"9,11,27,29,44,52,58,67"
687,17:07,5,5,김포공항,5,"2,5,25,28,41"
687,17:07,6,6,일산,3,"8,21,68"
687,17:07,9,9,평택,2,"0,19"
688,17:08,1,1,서울역,3,"1,22,50"
688,17:08,2,2,수서,8,"14,23,34,39,43,49,53,69"
688,17:08,3,3,삼성,5,"24,30,36,56,60"
688,17:08,4,4,여의도,8,"9,11,29,44,46,52,58,67"
688,17:08,5,5,김포공항,4,"7,25,28,41"
688,17:08,6,6,일산,3,"8,21,68"
688,17:08,7,7,판교,1,35
688,17:08,9,9,평택,2,"0,19"
689,17:09,1,1,서울역,3,"1,22,50"
689,17:09,2,2,수서,9,"14,23,34,39,43,48,49,53,69"
689,17:09,3,3,삼성,6,"24,30,36,37,56,60"
689,17:09,4,4,여의도,7,"9,11,29,44,46,52,67"
689,17:09,5,5,김포공항,4,"7,25,28,41"
689,17:09,6,6,일산,3,"8,61,68"
689,17:09,7,7,판교,2,"35,51"
689,17:09,9,9,평택,2,"0,19"
690,17:10,1,1,서울역,3,"1,33,62"
690,17:10,2,2,수서,8,"14,23,34,43,48,49,53,69"
690,17:10,3,3,삼성,6,"24,30,36,37,56,60"
690,17:10,4,4,여의도,7,"9,11,29,44,46,52,67"
690,17:10,5,5,김포공항,5,"7,25,28,41,57"
690,17:10,6,6,일산,3,"8,61,68"
690,17:10,7,7,판교,2,"35,51"
690,17:10,9,9,평택,2,"0,19"
691,17:11,1,1,서울역,5,"1,18,20,33,62"
691,17:11,2,2,수서,7,"14,23,34,43,48,49,53"
691,17:11,3,3,삼성,5,"24,31,37,56,60"
691,17:11,4,4,여의도,9,"9,11,13,29,44,46,52,54,67"
691,17:11,5,5,김포공항,6,"7,25,28,41,57,64"
691,17:11,6,6,일산,3,"8,61,68"
691,17:11,7,7,판교,1,51
691,17:11,9,9,평택,3,"0,19,26"
692,17:12,1,1,서울역,6,"1,18,20,33,62,66"
692,17:12,2,2,수서,8,"14,15,16,23,34,48,49,53"
692,17:12,3,3,삼성,5,"24,31,32,56,60"
692,17:12,4,4,여의도,10,"9,11,13,29,44,46,52,54,63,67"
692,17:12,5,5,김포공항,7,"7,25,28,41,57,59,64"
692,17:12,6,6,일산,3,"8,61,68"
692,17:12,7,7,판교,2,"51,65"
692,17:12,9,9,평택,3,"0,19,26"
693,17:13,1,1,서울역,3,"18,20,66"
693,17:13,2,2,수서,8,"14,15,16,23,34,48,49,53"
693,17:13,3,3,삼성,4,"24,31,32,60"
693,17:13,4,4,여의도,12,"10,11,13,29,38,44,46,52,54,55,63,67"
693,17:13,5,5,김포공항,6,"7,28,41,57,59,64"
693,17:13,6,6,일산,2,"61,68"
693,17:13,7,7,판교,3,"47,51,65"
693,17:13,9,9,평택,2,"19,26"
694,17:14,1,1,서울역,2,"20,66"
694,17:14,2,2,수서,10,"14,15,16,23,27,34,36,48,49,53"
694,17:14,3,3,삼성,6,"3,24,31,32,45,60"
694,17:14,4,4,여의도,11,"10,11,13,29,38,44,46,52,54,55,63"
694,17:14,5,5,김포공항,6,"7,28,41,57,59,64"
694,17:14,6,6,일산,2,"61,68"
694,17:14,7,7,판교,3,"47,51,65"
694,17:14,9,9,평택,1,26
695,17:15,1,1,서울역,2,"20,66"
695,17:15,10,10,인천공항,2,"6,40"
695,17:15,2,2,수서,10,"14,15,16,23,27,34,36,49,53,58"
695,17:15,3,3,삼성,6,"3,24,31,32,45,60"
695,17:15,4,4,여의도,10,"10,13,17,29,38,46,52,54,55,63"
695,17:15,5,5,김포공항,6,"7,28,41,57,59,64"
695,17:15,6,6,일산,2,"61,68"
695,17:15,7,7,판교,3,"47,51,65"
695,17:15,9,9,평택,1,26
696,17:16,1,1,서울역,3,"20,21,66"
696,17:16,10,10,인천공항,2,"6,40"
696,17:16,2,2,수서,9,"14,15,16,23,27,34,36,53,58"
696,17:16,3,3,삼성,8,"2,3,5,22,31,32,45,60"
696,17:16,4,4,여의도,10,"10,13,17,29,38,46,52,54,55,63"
696,17:16,5,5,김포공항,7,"7,28,41,42,57,59,64"
696,17:16,6,6,일산,2,"61,68"
696,17:16,7,7,판교,3,"47,51,65"
696,17:16,9,9,평택,1,26
697,17:17,1,1,서울역,4,"21,30,39,66"
697,17:17,10,10,인천공항,2,"6,40"
697,17:17,2,2,수서,8,"14,15,16,23,27,34,53,58"
697,17:17,3,3,삼성,8,"2,3,5,22,31,32,45,60"
697,17:17,4,4,여의도,11,"10,13,17,29,38,46,52,54,55,63,69"
697,17:17,5,5,김포공항,6,"28,41,42,57,59,64"
697,17:17,6,6,일산,2,"61,68"
697,17:17,7,7,판교,3,"47,51,65"
697,17:17,9,9,평택,1,26
698,17:18,1,1,서울역,3,"21,30,39"
698,17:18,10,10,인천공항,1,40
698,17:18,2,2,수서,8,"14,15,16,23,27,34,53,58"
698,17:18,3,3,삼성,7,"2,3,5,22,31,45,60"
698,17:18,4,4,여의도,12,"10,13,17,29,35,38,46,52,54,55,63,69"
698,17:18,5,5,김포공항,7,"28,41,42,50,57,59,64"
698,17:18,6,6,일산,1,68
698,17:18,7,7,판교,3,"47,51,65"
698,17:18,9,9,평택,1,26
699,17:19,1,1,서울역,4,"21,30,39,43"
699,17:19,10,10,인천공항,1,40
699,17:19,2,2,수서,9,"9,14,15,16,23,27,34,53,58"
699,17:19,3,3,삼성,8,"2,3,5,22,31,45,60,62"
699,17:19,4,4,여의도,11,"10,13,17,29,35,38,46,54,55,63,69"
699,17:19,5,5,김포공항,7,"28,41,42,50,57,59,64"
699,17:19,6,6,일산,1,68
699,17:19,7,7,판교,3,"47,51,65"
699,17:19,9,9,평택,1,26
700,17:20,1,1,서울역,4,"21,30,39,43"
700,17:20,10,10,인천공항,1,40
700,17:20,2,2,수서,10,"9,14,15,16,23,27,34,53,58,67"
700,17:20,3,3,삼성,8,"2,3,5,22,31,45,60,62"
700,17:20,4,4,여의도,9,"10,17,29,35,38,46,54,55,69"
700,17:20,5,5,김포공항,7,"28,37,41,42,50,59,64"
700,17:20,6,6,일산,1,68
700,17:20,7,7,판교,4,"1,47,51,65"
700,17:20,9,9,평택,1,26
701,17:21,1,1,서울역,4,"21,30,39,43"
701,17:21,10,10,인천공항,1,40
701,17:21,2,2,수서,11,"9,11,14,15,16,23,25,27,34,53,67"
701,17:21,3,3,삼성,6,"2,3,5,22,45,62"
701,17:21,4,4,여의도,9,"10,17,35,38,46,48,54,55,69"
701,17:21,5,5,김포공항,6,"28,33,37,41,42,56"
701,17:21,6,6,일산,1,68
701,17:21,7,7,판교,4,"1,47,51,65"
701,17:21,9,9,평택,1,26
702,17:22,1,1,서울역,3,"30,39,43"
702,17:22,10,10,인천공항,1,40
702,17:22,2,2,수서,11,"9,11,14,15,16,23,25,27,34,53,67"
702,17:22,3,3,삼성,5,"3,22,44,45,62"
702,17:22,4,4,여의도,9,"10,12,17,35,38,46,48,55,69"
702,17:22,5,5,김포공항,6,"18,28,33,37,42,56"
702,17:22,6,6,일산,1,68
702,17:22,7,7,판교,4,"1,47,51,65"
702,17:22,9,9,평택,1,26
703,17:23,1,1,서울역,2,"39,43"
703,17:23,10,10,인천공항,2,"4,40"
703,17:23,2,2,수서,9,"9,11,14,15,23,25,34,53,67"
703,17:23,3,3,삼성,4,"3,22,44,62"
703,17:23,4,4,여의도,9,"10,12,35,36,38,46,48,55,69"
703,17:23,5,5,김포공항,5,"18,33,37,42,56"
703,17:23,6,6,일산,1,68
703,17:23,7,7,판교,4,"1,47,51,65"
703,17:23,9,9,평택,1,26
704,17:24,1,1,서울역,3,"39,43,63"
704,17:24,10,10,인천공항,2,"4,40"
704,17:24,2,2,수서,9,"9,11,15,20,23,25,34,53,67"
704,17:24,3,3,삼성,4,"3,44,62,66"
704,17:24,4,4,여의도,7,"10,12,35,36,46,48,69"
704,17:24,5,5,김포공항,5,"18,37,42,49,56"
704,17:24,6,6,일산,1,68
704,17:24,7,7,판교,3,"1,51,65"
705,17:25,1,1,서울역,4,"7,39,61,63"
705,17:25,10,10,인천공항,2,"4,40"
705,17:25,2,2,수서,8,"9,11,15,20,23,25,34,67"
705,17:25,3,3,삼성,4,"3,44,62,66"
705,17:25,4,4,여의도,7,"10,12,35,36,46,48,69"
705,17:25,5,5,김포공항,3,"37,49,56"
705,17:25,7,7,판교,4,"1,8,51,65"
706,17:26,1,1,서울역,3,"7,61,63"
706,17:26,10,10,인천공항,2,"4,40"
706,17:26,2,2,수서,9,"9,11,13,15,20,25,34,45,67"
706,17:26,3,3,삼성,3,"44,62,66"
706,17:26,4,4,여의도,7,"10,12,35,36,46,48,69"
706,17:26,5,5,김포공항,3,"32,49,56"
706,17:26,7,7,판교,5,"1,8,51,52,65"
707,17:27,1,1,서울역,2,"7,61"
707,17:27,10,10,인천공항,2,"4,40"
707,17:27,2,2,수서,9,"9,13,15,20,25,29,34,45,67"
707,17:27,3,3,삼성,3,"44,62,66"
707,17:27,4,4,여의도,8,"10,12,36,46,48,58,59,64"
707,17:27,5,5,김포공항,3,"32,49,56"
707,17:27,7,7,판교,4,"1,8,51,52"
708,17:28,1,1,서울역,2,"7,61"
708,17:28,10,10,인천공항,2,"4,40"
708,17:28,2,2,수서,8,"13,15,20,25,29,34,45,67"
708,17:28,3,3,삼성,3,"44,62,66"
708,17:28,4,4,여의도,10,"0,10,12,36,46,48,58,59,60,64"
708,17:28,5,5,김포공항,3,"32,49,56"
708,17:28,7,7,판교,3,"1,8,52"
709,17:29,1,1,서울역,2,"7,61"
709,17:29,10,10,인천공항,2,"4,40"
709,17:29,2,2,수서,7,"13,15,20,25,29,34,67"
709,17:29,3,3,삼성,3,"44,62,66"
709,17:29,4,4,여의도,11,"0,12,16,19,36,46,48,58,59,60,64"
709,17:29,5,5,김포공항,3,"32,49,56"
709,17:29,7,7,판교,5,"1,8,21,52,54"
710,17:30,1,1,서울역,3,"7,27,61"
710,17:30,10,10,인천공항,2,"4,40"
710,17:30,2,2,수서,9,"13,20,25,29,30,34,38,55,67"
710,17:30,3,3,삼성,4,"17,44,62,66"
710,17:30,4,4,여의도,12,"0,12,14,16,19,36,46,48,58,59,60,64"
710,17:30,5,5,김포공항,5,"2,5,32,49,56"
710,17:30,7,7,판교,5,"1,8,21,52,54"
711,17:31,1,1,서울역,2,"27,61"
711,17:31,10,10,인천공항,3,"4,24,40"
711,17:31,2,2,수서,9,"13,20,25,29,30,34,38,55,67"
711,17:31,3,3,삼성,4,"17,28,62,66"
711,17:31,4,4,여의도,12,"0,12,14,16,19,36,47,48,53,58,59,60"
711,17:31,5,5,김포공항,5,"2,5,32,49,56"
711,17:31,7,7,판교,5,"1,8,21,52,54"
712,17:32,1,1,서울역,3,"27,61,68"
712,17:32,10,10,인천공항,4,"4,24,40,41"
712,17:32,2,2,수서,9,"13,20,25,29,30,34,38,55,67"
712,17:32,3,3,삼성,5,"17,28,33,62,66"
712,17:32,4,4,여의도,11,"0,12,14,16,19,23,47,53,58,59,60"
712,17:32,5,5,김포공항,5,"2,5,32,49,56"
712,17:32,7,7,판교,5,"1,8,21,52,54"
713,17:33,1,1,서울역,3,"27,61,68"
713,17:33,10,10,인천공항,3,"4,24,41"
713,17:33,2,2,수서,9,"13,25,29,30,34,38,42,55,67"
713,17:33,3,3,삼성,7,"6,17,18,28,33,62,66"
713,17:33,4,4,여의도,10,"0,12,14,16,19,23,47,53,58,60"
713,17:33,5,5,김포공항,4,"2,5,32,56"
713,17:33,7,7,판교,5,"1,8,21,52,54"
714,17:34,1,1,서울역,3,"11,27,68"
714,17:34,10,10,인천공항,3,"4,24,41"
714,17:34,2,2,수서,7,"13,25,29,30,38,42,55"
714,17:34,3,3,삼성,9,"6,17,18,28,33,37,65,66,69"
714,17:34,4,4,여의도,11,"0,9,12,14,16,19,23,47,53,58,60"
714,17:34,5,5,김포공항,6,"2,3,5,32,39,56"
714,17:34,7,7,판교,6,"1,8,21,35,52,54"
714,17:34,8,8,동탄/용인,1,22
715,17:35,1,1,서울역,3,"11,27,68"
715,17:35,10,10,인천공항,3,"4,24,41"
715,17:35,2,2,수서,7,"10,25,29,30,38,42,55"
715,17:35,3,3,삼성,8,"6,17,18,28,37,65,66,69"
715,17:35,4,4,여의도,12,"0,9,12,14,19,23,45,47,51,53,58,60"
715,17:35,5,5,김포공항,5,"2,3,5,39,56"
715,17:35,7,7,판교,6,"1,8,21,35,52,54"
715,17:35,8,8,동탄/용인,1,22
716,17:36,1,1,서울역,3,"11,27,68"
716,17:36,10,10,인천공항,4,"4,24,31,41"
716,17:36,2,2,수서,5,"10,25,29,38,42"
716,17:36,3,3,삼성,8,"6,17,18,28,37,65,66,69"
716,17:36,4,4,여의도,12,"9,12,14,15,19,23,45,47,51,53,58,60"
716,17:36,5,5,김포공항,5,"2,3,5,39,56"
716,17:36,7,7,판교,5,"8,21,35,52,54"
716,17:36,8,8,동탄/용인,1,22
717,17:37,1,1,서울역,3,"11,27,68"
717,17:37,10,10,인천공항,4,"4,24,31,41"
717,17:37,2,2,수서,4,"10,29,38,42"
717,17:37,3,3,삼성,7,"6,18,28,37,65,66,69"
717,17:37,4,4,여의도,11,"9,12,14,15,19,23,45,47,51,58,60"
717,17:37,5,5,김포공항,5,"2,3,5,39,56"
717,17:37,7,7,판교,5,"8,21,35,52,54"
717,17:37,9,9,평택,1,57
718,17:38,1,1,서울역,3,"11,27,68"
718,17:38,10,10,인천공항,4,"4,24,31,43"
718,17:38,2,2,수서,4,"10,29,38,42"
718,17:38,3,3,삼성,8,"6,18,28,37,46,65,66,69"
718,17:38,4,4,여의도,12,"9,12,14,15,19,23,44,45,47,51,58,60"
718,17:38,5,5,김포공항,5,"2,3,5,39,56"
718,17:38,7,7,판교,7,"7,8,21,35,52,54,64"
718,17:38,9,9,평택,2,"50,57"
719,17:39,1,1,서울역,3,"11,27,68"
719,17:39,10,10,인천공항,4,"4,24,31,43"
719,17:39,2,2,수서,4,"10,29,38,59"
719,17:39,3,3,삼성,8,"6,28,30,36,37,46,65,69"
719,17:39,4,4,여의도,14,"9,12,14,15,19,20,23,26,44,45,47,51,58,60"
719,17:39,5,5,김포공항,4,"3,5,39,56"
719,17:39,7,7,판교,8,"7,8,21,35,48,52,54,64"
719,17:39,9,9,평택,2,"50,57"
720,17:40,1,1,서울역,2,"11,27"
720,17:40,10,10,인천공항,5,"4,24,31,43,63"
720,17:40,2,2,수서,4,"10,29,38,59"
720,17:40,3,3,삼성,5,"30,36,46,65,69"
720,17:40,4,4,여의도,12,"9,12,14,15,19,20,23,26,44,45,51,60"
720,17:40,5,5,김포공항,4,"3,5,39,56"
720,17:40,7,7,판교,7,"7,8,35,48,52,54,64"
720,17:40,9,9,평택,2,"50,57"
721,17:41,1,1,서울역,3,"11,27,67"
721,17:41,10,10,인천공항,5,"4,24,31,43,63"
721,17:41,2,2,수서,4,"10,16,38,59"
721,17:41,3,3,삼성,5,"30,36,46,65,69"
721,17:41,4,4,여의도,12,"9,12,14,15,19,20,23,26,44,45,60,62"
721,17:41,5,5,김포공항,3,"5,39,56"
721,17:41,7,7,판교,8,"7,8,35,48,52,54,61,64"
721,17:41,9,9,평택,1,57
722,17:42,1,1,서울역,4,"11,13,27,67"
722,17:42,10,10,인천공항,4,"4,24,43,63"
722,17:42,2,2,수서,5,"0,10,16,38,59"
722,17:42,3,3,삼성,4,"30,36,46,69"
722,17:42,4,4,여의도,13,"9,12,14,15,19,20,23,26,44,45,55,60,62"
722,17:42,5,5,김포공항,4,"5,34,39,56"
722,17:42,7,7,판교,8,"7,8,35,48,52,54,61,64"
722,17:42,9,9,평택,1,57
723,17:43,1,1,서울역,2,"13,67"
723,17:43,10,10,인천공항,4,"4,43,49,63"
723,17:43,2,2,수서,5,"0,10,16,38,59"
723,17:43,3,3,삼성,5,"30,32,36,46,69"
723,17:43,4,4,여의도,14,"1,9,12,14,15,19,20,23,25,26,44,45,55,62"
723,17:43,5,5,김포공항,4,"5,34,39,56"
723,17:43,7,7,판교,7,"7,35,48,52,54,61,64"
723,17:43,9,9,평택,1,57
724,17:44,1,1,서울역,1,13
724,17:44,10,10,인천공항,4,"4,43,49,63"
724,17:44,2,2,수서,5,"0,10,16,38,59"
724,17:44,3,3,삼성,4,"30,32,36,69"
724,17:44,4,4,여의도,12,"1,14,15,17,20,23,25,26,44,45,55,62"
724,17:44,5,5,김포공항,3,"5,34,56"
724,17:44,7,7,판교,4,"35,48,53,61"
725,17:45,1,1,서울역,1,13
725,17:45,10,10,인천공항,4,"4,43,49,63"
725,17:45,2,2,수서,5,"0,10,16,38,59"
725,17:45,3,3,삼성,4,"30,32,36,69"
725,17:45,4,4,여의도,12,"1,14,15,17,20,25,26,40,42,44,45,62"
725,17:45,5,5,김포공항,2,"5,34"
725,17:45,6,6,일산,1,33
725,17:45,7,7,판교,4,"35,48,53,61"
726,17:46,1,1,서울역,2,"13,37"
726,17:46,10,10,인천공항,3,"43,49,63"
726,17:46,2,2,수서,5,"0,10,16,47,59"
726,17:46,3,3,삼성,4,"30,32,36,68"
726,17:46,4,4,여의도,12,"1,14,15,17,20,25,26,40,42,44,45,62"
726,17:46,5,5,김포공항,2,"5,34"
726,17:46,6,6,일산,1,33
726,17:46,7,7,판교,4,"35,48,53,61"
727,17:47,1,1,서울역,3,"2,13,37"
727,17:47,10,10,인천공항,3,"43,49,63"
727,17:47,2,2,수서,5,"0,10,16,47,59"
727,17:47,3,3,삼성,5,"22,32,36,58,68"
727,17:47,4,4,여의도,12,"1,14,15,17,20,25,26,29,40,42,45,62"
727,17:47,5,5,김포공항,3,"5,34,66"
727,17:47,6,6,일산,1,33
727,17:47,7,7,판교,2,"48,53"
728,17:48,1,1,서울역,2,"2,37"
728,17:48,10,10,인천공항,3,"43,49,63"
728,17:48,2,2,수서,5,"0,10,16,47,59"
728,17:48,3,3,삼성,6,"22,32,36,51,58,68"
728,17:48,4,4,여의도,10,"1,14,15,17,25,26,29,40,45,62"
728,17:48,5,5,김포공항,3,"5,6,66"
728,17:48,6,6,일산,2,"3,33"
728,17:48,7,7,판교,2,"48,53"
729,17:49,1,1,서울역,2,"2,37"
729,17:49,10,10,인천공항,3,"43,49,63"
729,17:49,2,2,수서,5,"0,10,16,59,60"
729,17:49,3,3,삼성,5,"22,32,36,51,58"
729,17:49,4,4,여의도,8,"14,17,25,26,29,40,45,62"
729,17:49,5,5,김포공항,3,"5,6,66"
729,17:49,6,6,일산,3,"3,18,33"
729,17:49,7,7,판교,2,"48,53"
730,17:50,1,1,서울역,2,"8,37"
730,17:50,10,10,인천공항,3,"43,49,63"
730,17:50,2,2,수서,6,"0,9,12,16,59,60"
730,17:50,3,3,삼성,6,"22,32,36,51,58,67"
730,17:50,4,4,여의도,7,"14,17,25,26,29,40,45"
730,17:50,5,5,김포공항,4,"5,6,65,66"
730,17:50,6,6,일산,3,"3,18,33"
730,17:50,7,7,판교,3,"11,27,48"
731,17:51,1,1,서울역,4,"7,8,37,64"
731,17:51,10,10,인천공항,3,"43,49,63"
731,17:51,2,2,수서,5,"0,9,12,23,60"
731,17:51,3,3,삼성,6,"19,22,32,36,58,67"
731,17:51,4,4,여의도,7,"17,25,26,29,40,45,46"
731,17:51,5,5,김포공항,4,"5,6,65,66"
731,17:51,6,6,일산,2,"3,18"
731,17:51,7,7,판교,3,"11,27,48"
732,17:52,1,1,서울역,4,"7,8,37,64"
732,17:52,10,10,인천공항,3,"43,49,63"
732,17:52,2,2,수서,5,"0,9,12,23,60"
732,17:52,3,3,삼성,6,"19,22,36,55,58,67"
732,17:52,4,4,여의도,7,"17,25,26,29,40,45,46"
732,17:52,5,5,김포공항,4,"5,6,65,66"
732,17:52,6,6,일산,1,3
732,17:52,7,7,판교,3,"11,27,48"
732,17:52,9,9,평택,1,21
733,17:53,1,1,서울역,4,"7,8,37,64"
733,17:53,10,10,인천공항,3,"43,49,63"
733,17:53,2,2,수서,5,"0,9,12,23,60"
733,17:53,3,3,삼성,6,"19,36,41,55,58,67"
733,17:53,4,4,여의도,7,"17,25,26,29,40,45,46"
733,17:53,5,5,김포공항,3,"5,6,65"
733,17:53,6,6,일산,1,3
733,17:53,7,7,판교,3,"11,27,48"
733,17:53,9,9,평택,1,21
734,17:54,1,1,서울역,4,"7,8,37,64"
734,17:54,10,10,인천공항,3,"39,49,63"
734,17:54,2,2,수서,7,"0,9,12,20,23,42,60"
734,17:54,3,3,삼성,7,"13,19,41,44,55,58,67"
734,17:54,4,4,여의도,9,"17,25,29,30,34,35,40,45,46"
734,17:54,5,5,김포공항,3,"38,65,69"
734,17:54,6,6,일산,1,3
734,17:54,7,7,판교,3,"11,27,48"
734,17:54,9,9,평택,1,21
735,17:55,1,1,서울역,5,"7,8,37,64,68"
735,17:55,10,10,인천공항,4,"28,39,56,63"
735,17:55,2,2,수서,8,"0,1,9,12,20,23,42,60"
735,17:55,3,3,삼성,5,"13,19,41,44,67"
735,17:55,4,4,여의도,7,"17,29,30,34,35,46,47"
735,17:55,5,5,김포공항,3,"38,65,69"
735,17:55,7,7,판교,3,"11,27,48"
736,17:56,1,1,서울역,4,"7,8,64,68"
736,17:56,10,10,인천공항,4,"28,39,56,63"
736,17:56,2,2,수서,9,"0,1,9,12,20,23,42,60,62"
736,17:56,3,3,삼성,5,"2,13,19,41,44"
736,17:56,4,4,여의도,8,"10,17,30,34,35,46,47,50"
736,17:56,5,5,김포공항,3,"38,65,69"
736,17:56,6,6,일산,2,"52,54"
736,17:56,7,7,판교,2,"15,48"
737,17:57,1,1,서울역,4,"7,8,53,68"
737,17:57,10,10,인천공항,4,"28,39,56,63"
737,17:57,2,2,수서,7,"1,9,12,14,20,60,62"
737,17:57,3,3,삼성,5,"2,13,31,41,44"
737,17:57,4,4,여의도,8,"10,16,17,30,35,46,47,50"
737,17:57,5,5,김포공항,3,"38,65,69"
737,17:57,6,6,일산,2,"52,54"
737,17:57,7,7,판교,2,"15,48"
738,17:58,1,1,서울역,5,"7,8,53,59,68"
738,17:58,10,10,인천공항,3,"28,39,56"
738,17:58,2,2,수서,5,"9,12,14,20,62"
738,17:58,3,3,삼성,6,"2,13,24,31,41,44"
738,17:58,4,4,여의도,8,"10,16,17,30,35,46,47,50"
738,17:58,5,5,김포공항,3,"38,65,69"
738,17:58,6,6,일산,2,"52,54"
738,17:58,7,7,판교,2,"15,48"
739,17:59,1,1,서울역,5,"7,8,53,59,68"
739,17:59,10,10,인천공항,3,"28,39,56"
739,17:59,2,2,수서,4,"12,14,20,62"
739,17:59,3,3,삼성,5,"13,24,31,41,44"
739,17:59,4,4,여의도,10,"10,16,17,30,35,46,47,50,57,66"
739,17:59,5,5,김포공항,4,"38,51,65,69"
739,17:59,6,6,일산,2,"52,54"
739,17:59,7,7,판교,2,"15,48"
739,17:59,9,9,평택,1,61
740,18:00,1,1,서울역,5,"7,8,53,59,68"
740,18:00,10,10,인천공항,3,"28,39,56"
740,18:00,2,2,수서,4,"12,14,20,62"
740,18:00,3,3,삼성,4,"24,31,41,44"
740,18:00,4,4,여의도,11,"10,16,17,22,30,35,46,47,50,57,66"
740,18:00,5,5,김포공항,2,"32,51"
740,18:00,6,6,일산,2,"52,54"
740,18:00,7,7,판교,1,15
740,18:00,9,9,평택,1,61
741,18:01,1,1,서울역,5,"7,8,53,59,68"
741,18:01,10,10,인천공항,3,"28,39,56"
741,18:01,2,2,수서,4,"14,20,40,62"
741,18:01,3,3,삼성,5,"4,24,31,41,44"
741,18:01,4,4,여의도,11,"10,16,17,22,30,35,36,47,50,57,66"
741,18:01,5,5,김포공항,2,"32,51"
741,18:01,6,6,일산,2,"52,54"
741,18:01,7,7,판교,2,"15,26"
741,18:01,9,9,평택,1,61
742,18:02,1,1,서울역,6,"6,7,8,53,59,68"
742,18:02,10,10,인천공항,2,"28,39"
742,18:02,2,2,수서,6,"5,14,20,29,40,62"
742,18:02,3,3,삼성,5,"4,24,25,31,44"
742,18:02,4,4,여의도,10,"10,16,17,22,30,35,36,47,50,57"
742,18:02,5,5,김포공항,1,32
742,18:02,6,6,일산,1,54
742,18:02,7,7,판교,3,"15,26,45"
743,18:03,1,1,서울역,6,"6,7,8,11,59,68"
743,18:03,10,10,인천공항,3,"18,28,39"
743,18:03,2,2,수서,6,"5,14,20,29,40,62"
743,18:03,3,3,삼성,4,"4,24,25,64"
743,18:03,4,4,여의도,10,"0,10,16,22,27,35,36,42,57,67"
743,18:03,5,5,김포공항,2,"55,58"
743,18:03,6,6,일산,1,54
743,18:03,7,7,판교,4,"15,26,33,45"
744,18:04,1,1,서울역,6,"6,7,8,11,23,59"
744,18:04,10,10,인천공항,2,"18,28"
744,18:04,2,2,수서,6,"5,14,20,29,40,62"
744,18:04,3,3,삼성,3,"4,25,64"
744,18:04,4,4,여의도,11,"0,1,10,16,22,27,35,36,42,57,67"
744,18:04,5,5,김포공항,2,"55,58"
744,18:04,6,6,일산,1,54
744,18:04,7,7,판교,5,"15,26,33,34,45"
745,18:05,1,1,서울역,8,"2,6,7,8,11,23,59,60"
745,18:05,10,10,인천공항,2,"18,28"
745,18:05,2,2,수서,6,"5,14,20,29,40,62"
745,18:05,3,3,삼성,3,"4,25,64"
745,18:05,4,4,여의도,11,"0,1,9,16,22,27,35,36,42,57,67"
745,18:05,5,5,김포공항,3,"19,55,58"
745,18:05,6,6,일산,1,54
745,18:05,7,7,판교,5,"15,26,33,34,45"
746,18:06,1,1,서울역,9,"2,6,7,8,11,13,23,59,60"
746,18:06,10,10,인천공항,2,"18,28"
746,18:06,2,2,수서,5,"5,14,20,29,40"
746,18:06,3,3,삼성,3,"4,25,64"
746,18:06,4,4,여의도,12,"0,1,9,22,27,35,36,38,42,57,65,67"
746,18:06,5,5,김포공항,2,"19,58"
746,18:06,6,6,일산,1,54
746,18:06,7,7,판교,5,"15,26,33,34,45"
747,18:07,1,1,서울역,7,"2,6,7,11,13,23,60"
747,18:07,10,10,인천공항,2,"18,28"
747,18:07,2,2,수서,5,"5,14,20,29,40"
747,18:07,3,3,삼성,2,"25,64"
747,18:07,4,4,여의도,14,"0,1,9,12,27,35,36,38,42,48,49,57,65,67"
747,18:07,5,5,김포공항,2,"19,58"
747,18:07,6,6,일산,1,54
747,18:07,7,7,판교,6,"3,15,26,33,34,45"
748,18:08,1,1,서울역,6,"2,6,11,13,23,60"
748,18:08,10,10,인천공항,2,"18,28"
748,18:08,2,2,수서,6,"5,14,20,29,40,69"
748,18:08,3,3,삼성,2,"25,64"
748,18:08,4,4,여의도,13,"0,1,9,12,27,35,36,38,42,48,49,65,67"
748,18:08,5,5,김포공항,2,"19,58"
748,18:08,6,6,일산,1,54
748,18:08,7,7,판교,7,"3,15,26,33,34,45,46"
749,18:09,1,1,서울역,7,"2,6,11,13,23,44,60"
749,18:09,10,10,인천공항,3,"18,28,37"
749,18:09,2,2,수서,9,"5,14,20,29,30,40,47,50,69"
749,18:09,3,3,삼성,2,"25,43"
749,18:09,4,4,여의도,10,"0,1,9,12,35,36,41,48,49,67"
749,18:09,5,5,김포공항,1,19
749,18:09,7,7,판교,7,"3,26,33,34,45,46,66"
750,18:10,1,1,서울역,7,"2,6,11,13,23,44,60"
750,18:10,10,10,인천공항,3,"18,28,37"
750,18:10,2,2,수서,10,"5,14,20,29,30,40,47,50,51,69"
750,18:10,3,3,삼성,4,"17,25,43,68"
750,18:10,4,4,여의도,12,"0,1,9,12,21,31,35,36,41,48,49,67"
750,18:10,5,5,김포공항,1,19
750,18:10,7,7,판교,7,"3,26,33,34,45,46,66"
751,18:11,1,1,서울역,6,"6,11,13,23,44,60"
751,18:11,10,10,인천공항,3,"18,28,37"
751,18:11,2,2,수서,10,"5,14,20,29,30,32,40,47,50,51"
751,18:11,3,3,삼성,3,"17,43,68"
751,18:11,4,4,여의도,12,"0,1,9,12,21,31,35,36,41,48,49,67"
751,18:11,5,5,김포공항,2,"19,53"
751,18:11,7,7,판교,7,"3,26,33,34,45,46,66"
752,18:12,1,1,서울역,6,"6,11,13,23,44,60"
752,18:12,10,10,인천공항,3,"18,28,37"
752,18:12,2,2,수서,11,"5,14,16,20,29,30,32,40,47,50,51"
752,18:12,3,3,삼성,4,"10,17,43,68"
752,18:12,4,4,여의도,12,"1,9,12,21,31,35,36,41,48,49,55,62"
752,18:12,5,5,김포공항,3,"19,24,53"
752,18:12,7,7,판교,7,"3,26,33,34,45,46,66"
753,18:13,1,1,서울역,4,"11,13,44,60"
753,18:13,10,10,인천공항,3,"18,28,37"
753,18:13,2,2,수서,10,"5,14,16,20,29,30,32,40,47,50"
753,18:13,3,3,삼성,6,"8,10,17,43,63,68"
753,18:13,4,4,여의도,10,"9,12,21,31,35,36,41,48,55,62"
753,18:13,5,5,김포공항,3,"19,24,53"
753,18:13,7,7,판교,7,"3,26,33,34,45,46,66"
754,18:14,1,1,서울역,3,"11,13,44"
754,18:14,10,10,인천공항,3,"18,28,37"
754,18:14,2,2,수서,9,"5,14,16,20,29,30,40,47,50"
754,18:14,3,3,삼성,6,"8,10,17,43,63,68"
754,18:14,4,4,여의도,10,"4,12,21,31,35,36,41,48,55,62"
754,18:14,5,5,김포공항,3,"19,24,53"
754,18:14,6,6,일산,1,59
754,18:14,7,7,판교,9,"3,22,26,33,34,45,46,52,66"
755,18:15,1,1,서울역,4,"11,13,44,56"
755,18:15,10,10,인천공항,3,"18,28,37"
755,18:15,2,2,수서,11,"5,14,16,20,29,30,38,40,42,47,50"
755,18:15,3,3,삼성,7,"8,10,17,43,57,63,68"
755,18:15,4,4,여의도,10,"4,12,21,31,35,36,41,48,58,62"
755,18:15,5,5,김포공항,3,"19,24,53"
755,18:15,6,6,일산,1,59
755,18:15,7,7,판교,9,"3,7,22,26,34,45,46,52,66"
756,18:16,1,1,서울역,5,"11,13,44,54,56"
756,18:16,10,10,인천공항,3,"18,28,37"
756,18:16,2,2,수서,10,"5,16,20,29,30,38,40,42,47,50"
756,18:16,3,3,삼성,7,"8,10,43,57,63,65,68"
756,18:16,4,4,여의도,8,"4,12,35,36,41,58,62,64"
756,18:16,5,5,김포공항,3,"19,24,53"
756,18:16,6,6,일산,1,59
756,18:16,7,7,판교,9,"3,7,22,26,27,34,46,52,66"
757,18:17,1,1,서울역,4,"13,44,54,56"
757,18:17,10,10,인천공항,3,"18,28,37"
757,18:17,2,2,수서,8,"16,20,30,38,40,42,47,50"
757,18:17,3,3,삼성,6,"8,10,43,57,63,65"
757,18:17,4,4,여의도,8,"4,12,35,36,41,58,62,64"
757,18:17,5,5,김포공항,3,"19,24,53"
757,18:17,6,6,일산,1,59
757,18:17,7,7,판교,9,"3,7,22,26,27,34,46,52,66"
758,18:18,1,1,서울역,4,"13,54,56,69"
758,18:18,10,10,인천공항,3,"18,28,37"
758,18:18,2,2,수서,8,"16,20,30,38,40,42,47,50"
758,18:18,3,3,삼성,5,"8,10,57,63,65"
758,18:18,4,4,여의도,8,"4,12,25,35,36,41,62,64"
758,18:18,5,5,김포공항,3,"19,24,53"
758,18:18,6,6,일산,2,"2,59"
758,18:18,7,7,판교,9,"3,7,22,26,27,34,46,52,66"
759,18:19,1,1,서울역,4,"13,54,56,69"
759,18:19,10,10,인천공항,3,"18,28,37"
759,18:19,2,2,수서,10,"16,17,20,30,38,40,42,47,49,50"
759,18:19,3,3,삼성,8,"0,6,8,10,23,57,63,65"
759,18:19,4,4,여의도,8,"4,25,35,36,41,51,62,64"
759,18:19,5,5,김포공항,4,"19,24,53,61"
759,18:19,6,6,일산,3,"2,59,67"
759,18:19,7,7,판교,9,"3,7,22,26,27,34,46,52,66"
760,18:20,1,1,서울역,4,"13,54,56,69"
760,18:20,10,10,인천공항,2,"18,28"
760,18:20,2,2,수서,8,"16,17,20,30,38,40,42,49"
760,18:20,3,3,삼성,8,"0,1,6,10,23,57,63,65"
760,18:20,4,4,여의도,6,"4,25,36,41,51,62"
760,18:20,5,5,김포공항,3,"19,24,61"
760,18:20,6,6,일산,3,"2,59,67"
760,18:20,7,7,판교,7,"7,22,27,34,39,46,66"
761,18:21,1,1,서울역,3,"13,54,69"
761,18:21,10,10,인천공항,2,"18,28"
761,18:21,2,2,수서,7,"16,17,20,30,40,42,49"
761,18:21,3,3,삼성,8,"0,1,6,9,10,23,63,65"
761,18:21,4,4,여의도,6,"4,25,36,41,51,62"
761,18:21,5,5,김포공항,3,"19,24,61"
761,18:21,6,6,일산,4,"2,15,59,67"
761,18:21,7,7,판교,6,"7,27,34,39,46,66"
762,18:22,1,1,서울역,2,"13,69"
762,18:22,10,10,인천공항,2,"18,28"
762,18:22,2,2,수서,6,"16,17,40,42,48,49"
762,18:22,3,3,삼성,8,"0,1,6,9,10,23,55,63"
762,18:22,4,4,여의도,6,"4,25,36,41,51,62"
762,18:22,5,5,김포공항,3,"24,32,60"
762,18:22,6,6,일산,2,"2,15"
762,18:22,7,7,판교,5,"27,34,39,46,66"
763,18:23,1,1,서울역,3,"13,14,69"
763,18:23,10,10,인천공항,2,"18,28"
763,18:23,2,2,수서,6,"8,17,40,42,48,49"
763,18:23,3,3,삼성,10,"0,1,6,9,10,21,23,45,55,63"
763,18:23,4,4,여의도,7,"4,5,25,36,41,51,62"
763,18:23,5,5,김포공항,2,"32,60"
763,18:23,6,6,일산,2,"2,15"
763,18:23,7,7,판교,6,"27,31,34,39,46,66"
764,18:24,1,1,서울역,2,"14,69"
764,18:24,10,10,인천공항,1,28
764,18:24,2,2,수서,7,"8,17,40,42,48,49,57"
764,18:24,3,3,삼성,11,"0,1,6,9,10,21,23,44,45,55,63"
764,18:24,4,4,여의도,7,"4,5,25,36,41,51,62"
764,18:24,5,5,김포공항,2,"32,60"
764,18:24,6,6,일산,2,"2,15"
764,18:24,7,7,판교,7,"11,27,31,34,39,46,66"
765,18:25,1,1,서울역,2,"14,69"
765,18:25,10,10,인천공항,1,28
765,18:25,2,2,수서,8,"8,12,17,40,42,48,49,57"
765,18:25,3,3,삼성,8,"0,1,9,10,21,44,45,63"
765,18:25,4,4,여의도,7,"4,5,25,41,43,51,62"
765,18:25,5,5,김포공항,2,"29,68"
765,18:25,6,6,일산,2,"2,15"
765,18:25,7,7,판교,7,"11,31,34,39,46,58,66"
766,18:26,1,1,서울역,2,"14,69"
766,18:26,10,10,인천공항,1,28
766,18:26,2,2,수서,7,"12,17,42,48,49,57,64"
766,18:26,3,3,삼성,5,"0,9,10,44,63"
766,18:26,4,4,여의도,7,"4,5,25,43,47,51,53"
766,18:26,5,5,김포공항,2,"29,68"
766,18:26,6,6,일산,2,"2,15"
766,18:26,7,7,판교,7,"11,31,34,39,46,58,66"
767,18:27,1,1,서울역,3,"14,50,69"
767,18:27,10,10,인천공항,1,28
767,18:27,2,2,수서,6,"12,17,42,48,49,64"
767,18:27,3,3,삼성,7,"0,9,10,35,44,56,63"
767,18:27,4,4,여의도,8,"5,25,26,43,47,51,52,53"
767,18:27,5,5,김포공항,2,"29,68"
767,18:27,6,6,일산,3,"2,15,33"
767,18:27,7,7,판교,7,"11,31,34,39,46,58,66"
767,18:27,8,8,동탄/용인,1,3
768,18:28,1,1,서울역,3,"14,50,69"
768,18:28,10,10,인천공항,1,28
768,18:28,2,2,수서,5,"12,48,49,55,64"
768,18:28,3,3,삼성,7,"0,9,10,35,44,54,56"
768,18:28,4,4,여의도,10,"5,25,26,30,43,47,51,52,53,61"
768,18:28,5,5,김포공항,1,29
768,18:28,6,6,일산,2,"15,33"
768,18:28,7,7,판교,6,"11,31,34,39,46,66"
768,18:28,8,8,동탄/용인,1,3
769,18:29,1,1,서울역,4,"14,50,59,69"
769,18:29,10,10,인천공항,1,28
769,18:29,2,2,수서,6,"12,21,45,48,49,55"
769,18:29,3,3,삼성,8,"0,7,9,10,35,44,54,56"
769,18:29,4,4,여의도,10,"5,25,26,30,43,47,51,52,61,67"
769,18:29,5,5,김포공항,1,29
769,18:29,6,6,일산,2,"15,33"
769,18:29,7,7,판교,4,"11,39,46,66"
769,18:29,8,8,동탄/용인,1,3
770,18:30,1,1,서울역,3,"14,59,69"
770,18:30,10,10,인천공항,1,28
770,18:30,2,2,수서,6,"12,21,45,48,49,55"
770,18:30,3,3,삼성,9,"0,7,9,10,13,19,35,54,56"
770,18:30,4,4,여의도,8,"5,26,30,43,47,51,61,67"
770,18:30,5,5,김포공항,2,"20,29"
770,18:30,6,6,일산,2,"15,33"
770,18:30,7,7,판교,4,"11,39,46,66"
770,18:30,8,8,동탄/용인,1,3
771,18:31,1,1,서울역,5,"6,14,23,59,69"
771,18:31,10,10,인천공항,1,28
771,18:31,2,2,수서,7,"12,21,24,45,48,49,63"
771,18:31,3,3,삼성,8,"0,7,9,13,19,35,54,56"
771,18:31,4,4,여의도,9,"5,26,30,32,43,47,51,60,67"
771,18:31,5,5,김포공항,3,"16,20,29"
771,18:31,6,6,일산,2,"15,33"
771,18:31,7,7,판교,4,"11,39,46,66"
771,18:31,8,8,동탄/용인,1,3
772,18:32,1,1,서울역,6,"1,6,14,23,59,69"
772,18:32,10,10,인천공항,1,28
772,18:32,2,2,수서,5,"12,24,48,49,63"
772,18:32,3,3,삼성,8,"0,13,19,27,35,36,54,56"
772,18:32,4,4,여의도,8,"5,26,30,32,43,47,51,60"
772,18:32,5,5,김포공항,3,"16,20,29"
772,18:32,6,6,일산,4,"15,33,38,65"
772,18:32,7,7,판교,3,"11,46,66"
772,18:32,8,8,동탄/용인,1,3
773,18:33,1,1,서울역,7,"1,6,8,14,23,37,59"
773,18:33,10,10,인천공항,1,28
773,18:33,2,2,수서,6,"12,24,44,48,49,63"
773,18:33,3,3,삼성,9,"0,13,19,27,35,36,41,54,56"
773,18:33,4,4,여의도,8,"5,30,32,43,47,51,57,60"
773,18:33,5,5,김포공항,3,"16,20,29"
773,18:33,6,6,일산,6,"15,22,33,38,62,65"
773,18:33,7,7,판교,2,"46,66"
774,18:34,1,1,서울역,6,"1,6,8,14,37,59"
774,18:34,2,2,수서,5,"12,24,44,48,49"
774,18:34,3,3,삼성,9,"0,4,13,19,27,35,36,41,54"
774,18:34,4,4,여의도,8,"5,30,32,43,47,51,57,68"
774,18:34,5,5,김포공항,4,"16,20,29,40"
774,18:34,6,6,일산,6,"15,22,33,38,62,65"
774,18:34,7,7,판교,1,46
775,18:35,1,1,서울역,7,"6,8,14,37,42,58,59"
775,18:35,2,2,수서,5,"12,24,44,48,49"
775,18:35,3,3,삼성,8,"0,4,13,19,35,36,41,54"
775,18:35,4,4,여의도,7,"5,30,32,47,51,57,68"
775,18:35,5,5,김포공항,4,"16,20,29,40"
775,18:35,6,6,일산,6,"15,22,33,38,62,65"
775,18:35,7,7,판교,1,46
776,18:36,1,1,서울역,9,"6,8,14,31,34,42,58,59,64"
776,18:36,2,2,수서,4,"12,24,48,49"
776,18:36,3,3,삼성,9,"0,4,13,19,35,36,41,53,54"
776,18:36,4,4,여의도,7,"18,30,32,47,51,57,68"
776,18:36,5,5,김포공항,5,"16,17,20,29,40"
776,18:36,6,6,일산,5,"15,22,38,62,65"
776,18:36,7,7,판교,1,46
777,18:37,1,1,서울역,8,"8,14,31,34,42,58,59,64"
777,18:37,2,2,수서,6,"12,48,49,50,56,61"
777,18:37,3,3,삼성,10,"0,4,13,19,25,35,36,41,53,54"
777,18:37,4,4,여의도,5,"18,47,51,55,57"
777,18:37,5,5,김포공항,5,"16,17,20,29,40"
777,18:37,6,6,일산,5,"15,22,38,62,65"
777,18:37,7,7,판교,2,"46,52"
778,18:38,1,1,서울역,8,"8,9,14,31,34,42,59,64"
778,18:38,2,2,수서,7,"12,27,48,49,50,56,61"
778,18:38,3,3,삼성,10,"0,4,13,19,25,35,36,41,53,54"
778,18:38,4,4,여의도,8,"10,18,21,45,47,51,55,57"
778,18:38,5,5,김포공항,5,"16,17,20,29,40"
778,18:38,6,6,일산,4,"22,38,62,65"
778,18:38,7,7,판교,2,"46,52"
779,18:39,1,1,서울역,8,"8,9,14,31,34,42,59,64"
779,18:39,2,2,수서,6,"12,27,49,50,56,61"
779,18:39,3,3,삼성,11,"0,4,19,25,35,36,41,53,54,67,69"
779,18:39,4,4,여의도,9,"10,18,21,39,45,47,51,55,57"
779,18:39,5,5,김포공항,5,"16,17,20,29,40"
779,18:39,6,6,일산,4,"22,38,62,65"
779,18:39,7,7,판교,2,"46,52"
780,18:40,1,1,서울역,7,"8,9,31,34,42,59,64"
780,18:40,2,2,수서,7,"12,27,49,50,56,60,61"
780,18:40,3,3,삼성,9,"4,11,19,23,26,35,53,67,69"
780,18:40,4,4,여의도,9,"10,18,21,39,45,47,51,55,57"
780,18:40,5,5,김포공항,2,"16,20"
780,18:40,7,7,판교,2,"46,52"
781,18:41,1,1,서울역,7,"8,9,31,34,42,59,64"
781,18:41,2,2,수서,6,"12,49,50,56,60,61"
781,18:41,3,3,삼성,8,"4,11,19,23,26,53,67,69"
781,18:41,4,4,여의도,8,"10,18,21,39,45,47,55,57"
781,18:41,5,5,김포공항,1,16
781,18:41,7,7,판교,2,"46,52"
782,18:42,1,1,서울역,7,"8,9,31,34,42,59,64"
782,18:42,2,2,수서,6,"1,12,50,56,60,61"
782,18:42,3,3,삼성,8,"4,11,23,26,37,43,53,69"
782,18:42,4,4,여의도,7,"10,21,39,44,45,47,55"
782,18:42,5,5,김포공항,2,"16,63"
782,18:42,7,7,판교,2,"46,52"
782,18:42,8,8,동탄/용인,1,7
783,18:43,1,1,서울역,8,"8,9,31,33,34,42,59,64"
783,18:43,2,2,수서,10,"1,12,30,32,36,41,50,56,60,61"
783,18:43,3,3,삼성,7,"4,5,11,23,37,43,69"
783,18:43,4,4,여의도,7,"10,21,24,39,44,45,47"
783,18:43,5,5,김포공항,2,"16,63"
783,18:43,8,8,동탄/용인,1,7
784,18:44,1,1,서울역,6,"8,31,33,34,42,64"
784,18:44,2,2,수서,9,"1,12,30,32,36,41,50,60,61"
784,18:44,3,3,삼성,7,"4,5,11,23,37,43,69"
784,18:44,4,4,여의도,7,"10,21,24,39,44,45,47"
784,18:44,5,5,김포공항,3,"16,63,66"
784,18:44,7,7,판교,2,"6,68"
784,18:44,8,8,동탄/용인,1,7
785,18:45,1,1,서울역,6,"8,31,33,34,42,64"
785,18:45,2,2,수서,9,"1,12,30,32,36,41,50,60,61"
785,18:45,3,3,삼성,5,"4,5,11,23,43"
785,18:45,4,4,여의도,6,"10,21,24,44,45,47"
785,18:45,5,5,김포공항,3,"16,63,66"
785,18:45,7,7,판교,3,"6,58,68"
785,18:45,8,8,동탄/용인,1,7
786,18:46,1,1,서울역,6,"25,33,34,42,54,64"
786,18:46,2,2,수서,7,"1,30,32,41,50,60,61"
786,18:46,3,3,삼성,4,"4,5,14,43"
786,18:46,4,4,여의도,10,"10,13,17,21,24,29,40,44,45,47"
786,18:46,5,5,김포공항,3,"16,63,66"
786,18:46,7,7,판교,3,"6,58,68"
786,18:46,8,8,동탄/용인,1,7
787,18:47,1,1,서울역,11,"22,25,28,33,34,38,42,54,62,64,65"
787,18:47,2,2,수서,6,"1,30,32,41,50,60"
787,18:47,3,3,삼성,4,"4,5,14,43"
787,18:47,4,4,여의도,11,"0,10,13,17,20,24,29,40,44,45,47"
787,18:47,5,5,김포공항,2,"48,63"
787,18:47,7,7,판교,3,"6,58,68"
787,18:47,8,8,동탄/용인,1,7
788,18:48,1,1,서울역,13,"22,25,27,28,33,34,38,42,54,62,64,65,67"
788,18:48,2,2,수서,6,"1,30,32,41,50,60"
788,18:48,3,3,삼성,3,"5,14,51"
788,18:48,4,4,여의도,11,"0,10,13,17,20,24,29,40,45,47,49"
788,18:48,5,5,김포공항,1,48
788,18:48,7,7,판교,3,"6,58,68"
788,18:48,8,8,동탄/용인,1,7
788,18:48,9,9,평택,1,2
789,18:49,1,1,서울역,12,"22,26,27,28,33,34,38,42,62,64,65,67"
789,18:49,2,2,수서,5,"1,30,32,50,60"
789,18:49,3,3,삼성,4,"5,14,51,57"
789,18:49,4,4,여의도,9,"0,10,13,19,20,24,45,47,49"
789,18:49,5,5,김포공항,2,"35,48"
789,18:49,7,7,판교,4,"6,18,58,68"
789,18:49,8,8,동탄/용인,1,7
789,18:49,9,9,평택,1,2
790,18:50,1,1,서울역,8,"26,27,28,33,34,42,64,67"
790,18:50,2,2,수서,5,"1,30,32,50,60"
790,18:50,3,3,삼성,7,"5,14,46,51,55,57,59"
790,18:50,4,4,여의도,10,"0,10,13,19,20,24,45,47,49,56"
790,18:50,5,5,김포공항,2,"35,48"
790,18:50,6,6,일산,1,3
790,18:50,7,7,판교,3,"6,18,58"
790,18:50,8,8,동탄/용인,2,"7,52"
790,18:50,9,9,평택,1,2
791,18:51,1,1,서울역,9,"26,27,28,33,34,37,42,64,69"
791,18:51,2,2,수서,8,"1,4,30,32,39,43,50,60"
791,18:51,3,3,삼성,7,"5,14,46,51,55,57,59"
791,18:51,4,4,여의도,9,"0,13,19,20,24,45,47,49,56"
791,18:51,5,5,김포공항,2,"35,48"
791,18:51,6,6,일산,1,3
791,18:51,7,7,판교,3,"6,18,58"
791,18:51,8,8,동탄/용인,2,"7,52"
791,18:51,9,9,평택,1,2
792,18:52,1,1,서울역,7,"27,28,34,37,42,64,69"
792,18:52,2,2,수서,5,"4,30,39,43,60"
792,18:52,3,3,삼성,8,"8,14,31,46,51,55,57,59"
792,18:52,4,4,여의도,9,"0,13,19,20,24,45,47,49,56"
792,18:52,5,5,김포공항,2,"35,48"
792,18:52,6,6,일산,1,3
792,18:52,7,7,판교,3,"6,18,58"
792,18:52,8,8,동탄/용인,2,"7,52"
792,18:52,9,9,평택,1,2
793,18:53,1,1,서울역,8,"27,28,34,36,37,42,64,69"
793,18:53,2,2,수서,6,"4,21,30,39,43,60"
793,18:53,3,3,삼성,5,"8,14,31,51,57"
793,18:53,4,4,여의도,9,"13,19,24,45,47,49,56,61,66"
793,18:53,5,5,김포공항,1,35
793,18:53,6,6,일산,2,"3,53"
793,18:53,7,7,판교,2,"18,58"
793,18:53,8,8,동탄/용인,1,7
793,18:53,9,9,평택,1,2
794,18:54,1,1,서울역,5,"27,28,34,36,42"
794,18:54,2,2,수서,4,"21,30,39,60"
794,18:54,3,3,삼성,5,"8,14,31,51,57"
794,18:54,4,4,여의도,9,"13,19,24,47,49,56,61,63,66"
794,18:54,5,5,김포공항,4,"11,12,23,35"
794,18:54,6,6,일산,2,"3,53"
794,18:54,7,7,판교,2,"18,58"
794,18:54,8,8,동탄/용인,1,7
794,18:54,9,9,평택,1,2
795,18:55,1,1,서울역,5,"27,28,34,36,42"
795,18:55,2,2,수서,4,"16,21,30,39"
795,18:55,3,3,삼성,6,"8,14,25,31,44,51"
795,18:55,4,4,여의도,9,"13,19,24,47,49,56,61,63,66"
795,18:55,5,5,김포공항,4,"11,12,23,35"
795,18:55,6,6,일산,2,"3,53"
795,18:55,7,7,판교,2,"18,58"
795,18:55,8,8,동탄/용인,1,7
795,18:55,9,9,평택,1,2
796,18:56,1,1,서울역,6,"27,28,34,36,41,42"
796,18:56,2,2,수서,5,"16,21,30,39,46"
796,18:56,3,3,삼성,7,"8,14,17,25,31,44,51"
796,18:56,4,4,여의도,8,"13,19,24,47,49,61,63,66"
796,18:56,5,5,김포공항,4,"11,12,23,35"
796,18:56,7,7,판교,3,"18,29,40"
796,18:56,8,8,동탄/용인,2,"7,9"
796,18:56,9,9,평택,1,2
797,18:57,1,1,서울역,6,"27,28,34,36,41,42"
797,18:57,2,2,수서,7,"10,16,21,30,38,46,62"
797,18:57,3,3,삼성,8,"8,14,17,25,31,44,51,68"
797,18:57,4,4,여의도,6,"13,19,24,47,61,66"
797,18:57,5,5,김포공항,5,"11,12,23,35,54"
797,18:57,6,6,일산,2,"22,65"
797,18:57,7,7,판교,3,"18,29,40"
797,18:57,8,8,동탄/용인,2,"7,9"
798,18:58,1,1,서울역,5,"28,34,36,41,42"
798,18:58,2,2,수서,7,"10,16,21,30,38,46,62"
798,18:58,3,3,삼성,8,"17,25,26,31,33,44,51,68"
798,18:58,4,4,여의도,5,"13,24,47,61,66"
798,18:58,5,5,김포공항,5,"11,12,23,35,54"
798,18:58,6,6,일산,3,"22,65,67"
798,18:58,7,7,판교,2,"29,40"
798,18:58,8,8,동탄/용인,2,"7,9"
798,18:58,9,9,평택,1,15
799,18:59,1,1,서울역,7,"32,34,36,41,42,55,59"
799,18:59,2,2,수서,6,"10,16,21,30,38,62"
799,18:59,3,3,삼성,8,"17,25,26,31,33,44,51,68"
799,18:59,4,4,여의도,3,"13,47,61"
799,18:59,5,5,김포공항,5,"11,12,23,35,54"
799,18:59,6,6,일산,3,"22,65,67"
799,18:59,7,7,판교,2,"29,40"
799,18:59,8,8,동탄/용인,2,"7,9"
799,18:59,9,9,평택,1,15
800,19:00,1,1,서울역,7,"32,34,36,41,42,55,59"
800,19:00,2,2,수서,3,"10,21,30"
800,19:00,3,3,삼성,6,"0,20,25,26,33,37"
800,19:00,4,4,여의도,5,"4,6,13,47,61"
800,19:00,5,5,김포공항,3,"1,5,50"
800,19:00,6,6,일산,2,"65,67"
800,19:00,7,7,판교,2,"29,40"
800,19:00,8,8,동탄/용인,2,"7,9"
800,19:00,9,9,평택,1,15
801,19:01,1,1,서울역,7,"32,34,36,41,42,55,59"
801,19:01,2,2,수서,4,"10,21,30,64"
801,19:01,3,3,삼성,6,"0,20,25,26,33,37"
801,19:01,4,4,여의도,5,"4,6,13,47,61"
801,19:01,5,5,김포공항,3,"1,5,50"
801,19:01,6,6,일산,1,65
801,19:01,7,7,판교,3,"29,40,69"
801,19:01,8,8,동탄/용인,2,"7,9"
801,19:01,9,9,평택,1,15
802,19:02,1,1,서울역,6,"32,34,36,41,42,55"
802,19:02,2,2,수서,3,"10,30,64"
802,19:02,3,3,삼성,6,"0,20,25,26,33,37"
802,19:02,4,4,여의도,3,"4,6,13"
802,19:02,5,5,김포공항,4,"1,5,43,50"
802,19:02,6,6,일산,1,65
802,19:02,7,7,판교,1,69
802,19:02,8,8,동탄/용인,1,7
802,19:02,9,9,평택,1,15
803,19:03,1,1,서울역,6,"32,34,36,41,42,55"
803,19:03,2,2,수서,6,"10,30,44,49,63,64"
803,19:03,3,3,삼성,5,"0,20,25,26,33"
803,19:03,4,4,여의도,5,"3,4,6,13,53"
803,19:03,5,5,김포공항,4,"1,43,50,60"
803,19:03,6,6,일산,1,65
803,19:03,7,7,판교,2,"56,69"
803,19:03,9,9,평택,1,15
804,19:04,1,1,서울역,7,"32,34,36,39,41,42,55"
804,19:04,2,2,수서,5,"10,44,49,63,64"
804,19:04,3,3,삼성,5,"0,20,25,26,33"
804,19:04,4,4,여의도,5,"3,4,6,13,53"
804,19:04,5,5,김포공항,4,"1,43,50,60"
804,19:04,6,6,일산,1,65
804,19:04,7,7,판교,1,56
805,19:05,1,1,서울역,5,"32,36,39,41,42"
805,19:05,2,2,수서,6,"10,44,49,63,64,66"
805,19:05,3,3,삼성,6,"0,19,20,26,28,33"
805,19:05,4,4,여의도,7,"3,4,6,13,14,18,53"
805,19:05,5,5,김포공항,3,"1,50,60"
805,19:05,6,6,일산,1,65
805,19:05,7,7,판교,2,"27,56"
805,19:05,8,8,동탄/용인,2,"45,57"
806,19:06,1,1,서울역,6,"17,31,32,39,46,51"
806,19:06,2,2,수서,4,"10,63,64,66"
806,19:06,3,3,삼성,5,"0,19,24,28,33"
806,19:06,4,4,여의도,11,"3,4,11,12,14,16,18,23,35,53,54"
806,19:06,5,5,김포공항,1,60
806,19:06,6,6,일산,1,65
806,19:06,7,7,판교,2,"27,56"
806,19:06,8,8,동탄/용인,2,"45,57"
807,19:07,1,1,서울역,7,"17,22,31,32,46,51,62"
807,19:07,2,2,수서,3,"10,63,66"
807,19:07,3,3,삼성,3,"19,24,28"
807,19:07,4,4,여의도,11,"3,4,11,12,14,16,18,23,35,53,54"
807,19:07,5,5,김포공항,1,60
807,19:07,6,6,일산,1,65
807,19:07,7,7,판교,2,"27,56"
807,19:07,8,8,동탄/용인,2,"45,57"
808,19:08,1,1,서울역,6,"17,22,31,46,51,62"
808,19:08,2,2,수서,3,"10,61,63"
808,19:08,3,3,삼성,3,"19,24,28"
808,19:08,4,4,여의도,10,"3,4,11,12,16,21,23,35,53,54"
808,19:08,5,5,김포공항,1,60
808,19:08,6,6,일산,2,"58,65"
808,19:08,7,7,판교,2,"27,56"
808,19:08,8,8,동탄/용인,2,"45,57"
809,19:09,1,1,서울역,2,"22,62"
809,19:09,2,2,수서,2,"10,61"
809,19:09,3,3,삼성,3,"19,24,28"
809,19:09,4,4,여의도,3,"3,21,53"
809,19:09,6,6,일산,2,"58,65"
809,19:09,7,7,판교,3,"27,56,59"
809,19:09,8,8,동탄/용인,2,"45,57"
810,19:10,2,2,수서,1,61
810,19:10,3,3,삼성,3,"19,24,28"
810,19:10,4,4,여의도,3,"3,21,53"
810,19:10,6,6,일산,4,"5,52,58,65"
810,19:10,7,7,판교,3,"27,56,59"
810,19:10,8,8,동탄/용인,2,"45,57"
810,19:10,9,9,평택,1,48
811,19:11,2,2,수서,1,61
811,19:11,3,3,삼성,2,"24,34"
811,19:11,4,4,여의도,3,"3,43,53"
811,19:11,6,6,일산,4,"5,52,58,65"
811,19:11,7,7,판교,2,"56,59"
811,19:11,8,8,동탄/용인,1,57
811,19:11,9,9,평택,1,48
812,19:12,1,1,서울역,1,20
812,19:12,2,2,수서,1,61
812,19:12,3,3,삼성,3,"34,41,42"
812,19:12,4,4,여의도,5,"2,3,25,43,53"
812,19:12,5,5,김포공항,1,30
812,19:12,6,6,일산,4,"5,52,58,65"
812,19:12,7,7,판교,2,"55,56"
812,19:12,8,8,동탄/용인,1,57
812,19:12,9,9,평택,1,48
813,19:13,1,1,서울역,1,20
813,19:13,2,2,수서,1,61
813,19:13,3,3,삼성,3,"34,41,42"
813,19:13,4,4,여의도,5,"2,3,25,43,53"
813,19:13,5,5,김포공항,1,30
813,19:13,6,6,일산,5,"5,13,52,58,65"
813,19:13,7,7,판교,4,"6,36,55,56"
813,19:13,8,8,동탄/용인,3,"37,47,57"
813,19:13,9,9,평택,2,"8,48"
814,19:14,1,1,서울역,3,"9,20,50"
814,19:14,2,2,수서,2,"1,61"
814,19:14,3,3,삼성,3,"32,41,42"
814,19:14,4,4,여의도,7,"0,2,3,25,33,43,53"
814,19:14,5,5,김포공항,4,"14,26,30,44"
814,19:14,6,6,일산,6,"5,13,29,40,52,65"
814,19:14,7,7,판교,5,"6,36,55,56,66"
814,19:14,8,8,동탄/용인,3,"37,47,57"
814,19:14,9,9,평택,3,"8,38,48"
815,19:15,1,1,서울역,4,"7,9,20,50"
815,19:15,2,2,수서,3,"1,11,61"
815,19:15,3,3,삼성,3,"32,42,51"
815,19:15,4,4,여의도,6,"0,3,33,43,53,63"
815,19:15,5,5,김포공항,4,"14,26,44,64"
815,19:15,6,6,일산,6,"5,13,29,40,52,65"
815,19:15,7,7,판교,4,"6,36,56,66"
815,19:15,8,8,동탄/용인,3,"37,47,57"
815,19:15,9,9,평택,4,"8,38,48,68"
816,19:16,1,1,서울역,4,"7,9,20,50"
816,19:16,2,2,수서,4,"1,11,31,61"
816,19:16,3,3,삼성,6,"12,22,32,42,51,62"
816,19:16,4,4,여의도,7,"0,3,10,33,43,53,63"
816,19:16,5,5,김포공항,4,"14,26,44,64"
816,19:16,6,6,일산,10,"4,5,13,23,29,35,40,52,54,65"
816,19:16,7,7,판교,7,"6,16,17,36,46,56,66"
816,19:16,8,8,동탄/용인,3,"37,47,57"
816,19:16,9,9,평택,4,"8,38,48,68"
817,19:17,1,1,서울역,4,"7,20,50,60"
817,19:17,2,2,수서,5,"1,11,21,31,61"
817,19:17,3,3,삼성,6,"12,22,32,42,51,62"
817,19:17,4,4,여의도,6,"3,10,33,43,53,63"
817,19:17,5,5,김포공항,3,"14,44,64"
817,19:17,6,6,일산,8,"4,5,13,23,35,52,54,65"
817,19:17,7,7,판교,7,"6,16,17,36,46,56,66"
817,19:17,8,8,동탄/용인,3,"37,47,57"
817,19:17,9,9,평택,4,"8,38,48,68"
818,19:18,1,1,서울역,3,"20,50,60"
818,19:18,2,2,수서,6,"1,11,21,31,41,61"
818,19:18,3,3,삼성,5,"12,22,32,42,62"
818,19:18,4,4,여의도,6,"3,10,33,43,53,63"
818,19:18,5,5,김포공항,3,"14,44,64"
818,19:18,6,6,일산,8,"4,5,13,23,35,52,54,65"
818,19:18,7,7,판교,7,"6,16,17,36,46,56,66"
818,19:18,8,8,동탄/용인,5,"27,37,47,57,67"
818,19:18,9,9,평택,4,"8,38,48,68"
819,19:19,1,1,서울역,3,"20,50,60"
819,19:19,2,2,수서,6,"1,11,21,31,41,61"
819,19:19,3,3,삼성,5,"12,22,32,42,62"
819,19:19,4,4,여의도,5,"3,33,43,53,63"
819,19:19,5,5,김포공항,3,"14,44,64"
819,19:19,6,6,일산,4,"5,35,52,65"
819,19:19,7,7,판교,6,"6,16,36,46,56,66"
819,19:19,8,8,동탄/용인,5,"27,37,47,57,67"
819,19:19,9,9,평택,4,"8,38,48,68"
820,19:20,1,1,서울역,3,"20,50,60"
820,19:20,10,10,인천공항,2,"39,69"
820,19:20,2,2,수서,6,"1,11,21,31,41,61"
820,19:20,3,3,삼성,5,"12,22,32,42,62"
820,19:20,4,4,여의도,5,"3,33,43,53,63"
820,19:20,5,5,김포공항,4,"14,24,44,64"
820,19:20,6,6,일산,4,"5,35,52,65"
820,19:20,7,7,판교,6,"6,16,36,46,56,66"
820,19:20,8,8,동탄/용인,5,"27,37,47,57,67"
820,19:20,9,9,평택,4,"8,38,48,68"
821,19:21,1,1,서울역,4,"0,20,50,60"
821,19:21,10,10,인천공항,2,"39,69"
821,19:21,2,2,수서,7,"1,11,21,31,41,51,61"
821,19:21,3,3,삼성,5,"12,22,32,42,62"
821,19:21,4,4,여의도,5,"3,33,43,53,63"
821,19:21,5,5,김포공항,4,"14,24,44,64"
821,19:21,6,6,일산,4,"5,35,52,65"
821,19:21,7,7,판교,6,"6,16,36,46,56,66"
821,19:21,8,8,동탄/용인,5,"27,37,47,57,67"
821,19:21,9,9,평택,4,"8,38,48,68"
822,19:22,1,1,서울역,4,"0,20,50,60"
822,19:22,10,10,인천공항,3,"39,49,69"
822,19:22,2,2,수서,7,"1,11,21,31,41,51,61"
822,19:22,3,3,삼성,6,"2,12,22,32,42,62"
822,19:22,4,4,여의도,5,"3,33,43,53,63"
822,19:22,5,5,김포공항,5,"14,24,34,44,64"
822,19:22,6,6,일산,5,"5,25,35,52,65"
822,19:22,7,7,판교,6,"6,16,36,46,56,66"
822,19:22,8,8,동탄/용인,5,"27,37,47,57,67"
822,19:22,9,9,평택,4,"8,38,48,68"
823,19:23,1,1,서울역,6,"0,10,20,30,50,60"
823,19:23,10,10,인천공항,3,"39,49,69"
823,19:23,2,2,수서,7,"1,11,21,31,41,51,61"
823,19:23,3,3,삼성,6,"2,12,22,32,42,62"
823,19:23,4,4,여의도,5,"3,33,43,53,63"
823,19:23,5,5,김포공항,5,"14,24,34,44,64"
823,19:23,6,6,일산,5,"5,25,35,52,65"
823,19:23,7,7,판교,6,"6,16,36,46,56,66"
823,19:23,8,8,동탄/용인,5,"27,37,47,57,67"
823,19:23,9,9,평택,5,"8,18,38,48,68"
824,19:24,1,1,서울역,7,"0,10,20,30,40,50,60"
824,19:24,10,10,인천공항,3,"39,49,69"
824,19:24,2,2,수서,7,"1,11,21,31,41,51,61"
824,19:24,3,3,삼성,6,"2,12,22,32,42,62"
824,19:24,4,4,여의도,5,"3,33,43,53,63"
824,19:24,5,5,김포공항,5,"14,24,34,44,64"
824,19:24,6,6,일산,6,"5,15,25,35,52,65"
824,19:24,7,7,판교,6,"6,16,36,46,56,66"
824,19:24,8,8,동탄/용인,5,"27,37,47,57,67"
824,19:24,9,9,평택,5,"8,18,38,48,68"
825,19:25,1,1,서울역,7,"0,10,20,30,40,50,60"
825,19:25,10,10,인천공항,3,"39,49,69"
825,19:25,2,2,수서,7,"1,11,21,31,41,51,61"
825,19:25,3,3,삼성,6,"2,12,22,32,42,62"
825,19:25,4,4,여의도,5,"3,33,43,53,63"
825,19:25,5,5,김포공항,5,"14,24,34,44,64"
825,19:25,6,6,일산,6,"5,15,25,35,52,65"
825,19:25,7,7,판교,6,"6,16,36,46,56,66"
825,19:25,8,8,동탄/용인,5,"27,37,47,57,67"
825,19:25,9,9,평택,5,"8,18,38,48,68"
826,19:26,1,1,서울역,7,"0,10,20,30,40,50,60"
826,19:26,10,10,인천공항,4,"19,39,49,69"
826,19:26,2,2,수서,7,"1,11,21,31,41,51,61"
826,19:26,3,3,삼성,6,"2,12,22,32,42,62"
826,19:26,4,4,여의도,7,"3,13,23,33,43,53,63"
826,19:26,5,5,김포공항,7,"4,14,24,34,44,54,64"
826,19:26,6,6,일산,6,"5,15,25,35,52,65"
826,19:26,7,7,판교,6,"6,16,36,46,56,66"
826,19:26,8,8,동탄/용인,6,"17,27,37,47,57,67"
826,19:26,9,9,평택,6,"8,18,28,38,48,68"
827,19:27,1,1,서울역,7,"0,10,20,30,40,50,60"
827,19:27,10,10,인천공항,4,"19,39,49,69"
827,19:27,2,2,수서,7,"1,11,21,31,41,51,61"
827,19:27,3,3,삼성,6,"2,12,22,32,42,62"
827,19:27,4,4,여의도,7,"3,13,23,33,43,53,63"
827,19:27,5,5,김포공항,7,"4,14,24,34,44,54,64"
827,19:27,6,6,일산,7,"5,15,25,35,52,55,65"
827,19:27,7,7,판교,7,"6,16,26,36,46,56,66"
827,19:27,8,8,동탄/용인,6,"17,27,37,47,57,67"
827,19:27,9,9,평택,6,"8,18,28,38,48,68"
828,19:28,1,1,서울역,7,"0,10,20,30,40,50,60"
828,19:28,10,10,인천공항,6,"19,29,39,49,59,69"
828,19:28,2,2,수서,7,"1,11,21,31,41,51,61"
828,19:28,3,3,삼성,6,"2,12,22,32,42,62"
828,19:28,4,4,여의도,7,"3,13,23,33,43,53,63"
828,19:28,5,5,김포공항,7,"4,14,24,34,44,54,64"
828,19:28,6,6,일산,8,"5,15,25,35,45,52,55,65"
828,19:28,7,7,판교,7,"6,16,26,36,46,56,66"
828,19:28,8,8,동탄/용인,6,"17,27,37,47,57,67"
828,19:28,9,9,평택,6,"8,18,28,38,48,68"
829,19:29,1,1,서울역,7,"0,10,20,30,40,50,60"
829,19:29,10,10,인천공항,6,"19,29,39,49,59,69"
829,19:29,2,2,수서,7,"1,11,21,31,41,51,61"
829,19:29,3,3,삼성,6,"2,12,22,32,42,62"
829,19:29,4,4,여의도,7,"3,13,23,33,43,53,63"
829,19:29,5,5,김포공항,7,"4,14,24,34,44,54,64"
829,19:29,6,6,일산,7,"5,15,25,35,45,55,65"
829,19:29,7,7,판교,7,"6,16,26,36,46,56,66"
829,19:29,8,8,동탄/용인,6,"17,27,37,47,57,67"
829,19:29,9,9,평택,6,"8,18,28,38,48,68"
830,19:30,1,1,서울역,7,"0,10,20,30,40,50,60"
830,19:30,10,10,인천공항,7,"9,19,29,39,49,59,69"
830,19:30,2,2,수서,7,"1,11,21,31,41,51,61"
830,19:30,3,3,삼성,6,"2,12,22,32,42,62"
830,19:30,4,4,여의도,7,"3,13,23,33,43,53,63"
830,19:30,5,5,김포공항,7,"4,14,24,34,44,54,64"
830,19:30,6,6,일산,7,"5,15,25,35,45,55,65"
830,19:30,7,7,판교,7,"6,16,26,36,46,56,66"
830,19:30,8,8,동탄/용인,7,"7,17,27,37,47,57,67"
830,19:30,9,9,평택,6,"8,18,28,38,48,68"
831,19:31,1,1,서울역,7,"0,10,20,30,40,50,60"
831,19:31,10,10,인천공항,7,"9,19,29,39,49,59,69"
831,19:31,2,2,수서,7,"1,11,21,31,41,51,61"
831,19:31,3,3,삼성,6,"2,12,22,32,42,62"
831,19:31,4,4,여의도,7,"3,13,23,33,43,53,63"
831,19:31,5,5,김포공항,7,"4,14,24,34,44,54,64"
831,19:31,6,6,일산,7,"5,15,25,35,45,55,65"
831,19:31,7,7,판교,7,"6,16,26,36,46,56,66"
831,19:31,8,8,동탄/용인,7,"7,17,27,37,47,57,67"
831,19:31,9,9,평택,6,"8,18,28,38,48,68"
832,19:32,1,1,서울역,7,"0,10,20,30,40,50,60"
832,19:32,10,10,인천공항,7,"9,19,29,39,49,59,69"
832,19:32,2,2,수서,7,"1,11,21,31,41,51,61"
832,19:32,3,3,삼성,6,"2,12,22,32,42,62"
832,19:32,4,4,여의도,7,"3,13,23,33,43,53,63"
832,19:32,5,5,김포공항,7,"4,14,24,34,44,54,64"
832,19:32,6,6,일산,7,"5,15,25,35,45,55,65"
832,19:32,7,7,판교,7,"6,16,26,36,46,56,66"
832,19:32,8,8,동탄/용인,7,"7,17,27,37,47,57,67"
832,19:32,9,9,평택,6,"8,18,28,38,48,68"
833,19:33,1,1,서울역,7,"0,10,20,30,40,50,60"
833,19:33,10,10,인천공항,7,"9,19,29,39,49,59,69"
833,19:33,2,2,수서,7,"1,11,21,31,41,51,61"
833,19:33,3,3,삼성,6,"2,12,22,32,42,62"
833,19:33,4,4,여의도,7,"3,13,23,33,43,53,63"
833,19:33,5,5,김포공항,7,"4,14,24,34,44,54,64"
833,19:33,6,6,일산,7,"5,15,25,35,45,55,65"
833,19:33,7,7,판교,7,"6,16,26,36,46,56,66"
833,19:33,8,8,동탄/용인,7,"7,17,27,37,47,57,67"
833,19:33,9,9,평택,6,"8,18,28,38,48,68"
834,19:34,1,1,서울역,7,"0,10,20,30,40,50,60"
834,19:34,10,10,인천공항,7,"9,19,29,39,49,59,69"
834,19:34,2,2,수서,7,"1,11,21,31,41,51,61"
834,19:34,3,3,삼성,6,"2,12,22,32,42,62"
834,19:34,4,4,여의도,7,"3,13,23,33,43,53,63"
834,19:34,5,5,김포공항,7,"4,14,24,34,44,54,64"
834,19:34,6,6,일산,7,"5,15,25,35,45,55,65"
834,19:34,7,7,판교,7,"6,16,26,36,46,56,66"
834,19:34,8,8,동탄/용인,7,"7,17,27,37,47,57,67"
834,19:34,9,9,평택,7,"8,18,28,38,48,58,68"
835,19:35,1,1,서울역,7,"0,10,20,30,40,50,60"
835,19:35,10,10,인천공항,7,"9,19,29,39,49,59,69"
835,19:35,2,2,수서,7,"1,11,21,31,41,51,61"
835,19:35,3,3,삼성,6,"2,12,22,32,42,62"
835,19:35,4,4,여의도,7,"3,13,23,33,43,53,63"
835,19:35,5,5,김포공항,7,"4,14,24,34,44,54,64"
835,19:35,6,6,일산,7,"5,15,25,35,45,55,65"
835,19:35,7,7,판교,7,"6,16,26,36,46,56,66"
835,19:35,8,8,동탄/용인,7,"7,17,27,37,47,57,67"
835,19:35,9,9,평택,7,"8,18,28,38,48,58,68"
836,19:36,1,1,서울역,7,"0,10,20,30,40,50,60"
836,19:36,10,10,인천공항,7,"9,19,29,39,49,59,69"
836,19:36,2,2,수서,7,"1,11,21,31,41,51,61"
836,19:36,3,3,삼성,6,"2,12,22,32,42,62"
836,19:36,4,4,여의도,7,"3,13,23,33,43,53,63"
836,19:36,5,5,김포공항,7,"4,14,24,34,44,54,64"
836,19:36,6,6,일산,7,"5,15,25,35,45,55,65"
836,19:36,7,7,판교,7,"6,16,26,36,46,56,66"
836,19:36,8,8,동탄/용인,7,"7,17,27,37,47,57,67"
836,19:36,9,9,평택,7,"8,18,28,38,48,58,68"
837,19:37,1,1,서울역,7,"0,10,20,30,40,50,60"
837,19:37,10,10,인천공항,7,"9,19,29,39,49,59,69"
837,19:37,2,2,수서,7,"1,11,21,31,41,51,61"
837,19:37,3,3,삼성,6,"2,12,22,32,42,62"
837,19:37,4,4,여의도,7,"3,13,23,33,43,53,63"
837,19:37,5,5,김포공항,7,"4,14,24,34,44,54,64"
837,19:37,6,6,일산,7,"5,15,25,35,45,55,65"
837,19:37,7,7,판교,7,"6,16,26,36,46,56,66"
837,19:37,8,8,동탄/용인,7,"7,17,27,37,47,57,67"
837,19:37,9,9,평택,7,"8,18,28,38,48,58,68"
838,19:38,1,1,서울역,7,"0,10,20,30,40,50,60"
838,19:38,10,10,인천공항,7,"9,19,29,39,49,59,69"
838,19:38,2,2,수서,7,"1,11,21,31,41,51,61"
838,19:38,3,3,삼성,6,"2,12,22,32,42,62"
838,19:38,4,4,여의도,7,"3,13,23,33,43,53,63"
838,19:38,5,5,김포공항,7,"4,14,24,34,44,54,64"
838,19:38,6,6,일산,7,"5,15,25,35,45,55,65"
838,19:38,7,7,판교,7,"6,16,26,36,46,56,66"
838,19:38,8,8,동탄/용인,7,"7,17,27,37,47,57,67"
838,19:38,9,9,평택,7,"8,18,28,38,48,58,68"
839,19:39,1,1,서울역,7,"0,10,20,30,40,50,60"
839,19:39,10,10,인천공항,7,"9,19,29,39,49,59,69"
839,19:39,2,2,수서,7,"1,11,21,31,41,51,61"
839,19:39,3,3,삼성,7,"2,12,22,32,42,52,62"
839,19:39,4,4,여의도,7,"3,13,23,33,43,53,63"
839,19:39,5,5,김포공항,7,"4,14,24,34,44,54,64"
839,19:39,6,6,일산,7,"5,15,25,35,45,55,65"
839,19:39,7,7,판교,7,"6,16,26,36,46,56,66"
839,19:39,8,8,동탄/용인,7,"7,17,27,37,47,57,67"
839,19:39,9,9,평택,7,"8,18,28,38,48,58,68"
