vehicle_id,sequence,event,from_node,to_node,physical_from_node,physical_to_node,start_time,end_time,start_time_hhmm,end_time_hhmm,duration_min,travel_time,travel_distance_km,charging_time,charged_range_km,remaining_range_before,remaining_range_after,onboard_passengers,related_batch_id,movement_type,from_event,to_event
0,0,Stay,1,1,1,1,0,36,05:40,06:16,36,0,0.0,36,0.0,160.0,160.0,0,B14,parking_charging,Position,Pickup
0,1,Pickup,1,1,1,1,36,39,06:16,06:19,3,0,0.0,2,0.0,160.0,160.0,1,B14,pickup_service,Pickup,Pickup
0,2,Movement,1,10,1,10,39,52,06:19,06:32,13,13,47.44,0,0.0,160.0,112.56,1,B14,passenger_flight,Position,Delivery
0,3,Delivery,10,10,10,10,52,55,06:32,06:35,3,0,0.0,2,8.534,112.56,121.094,0,B14,delivery_service,Delivery,Delivery
0,4,Pickup,10,10,10,10,55,58,06:35,06:38,3,0,0.0,2,8.534,121.094,129.628,2,B29,pickup_service,Pickup,Pickup
0,5,Stay,10,10,10,10,58,63,06:38,06:43,5,0,0.0,5,21.335,129.628,150.963,2,B29,parking_charging,Position,Movement
0,6,Movement,10,3,10,3,63,78,06:43,06:58,15,15,54.92,0,0.0,150.963,96.043,2,B29,passenger_flight,Position,Delivery
0,7,Delivery,3,3,3,3,78,81,06:58,07:01,3,0,0.0,2,8.534,96.043,104.577,0,B29,delivery_service,Delivery,Delivery
0,8,Stay,3,3,3,3,81,90,07:01,07:10,9,0,0.0,9,38.403,104.577,142.98,0,B65,parking_charging,Position,Movement
0,9,Movement,3,2,3,2,90,93,07:10,07:13,3,3,4.08,0,0.0,142.98,138.9,0,B65,empty_repositioning,Position,Pickup
0,10,Pickup,2,2,2,2,93,96,07:13,07:16,3,0,0.0,2,8.534,138.9,147.434,1,B65,pickup_service,Pickup,Pickup
0,11,Movement,2,6,2,6,96,107,07:16,07:27,11,11,37.0,0,0.0,147.434,110.434,1,B65,passenger_flight,Position,Delivery
0,12,Delivery,6,6,6,6,107,110,07:27,07:30,3,0,0.0,2,8.534,110.434,118.968,0,B65,delivery_service,Delivery,Delivery
0,13,Stay,6,6,6,6,110,120,07:30,07:40,10,0,0.0,10,41.032,118.968,160.0,0,B97,parking_charging,Position,Pickup
0,14,Pickup,6,6,6,6,120,123,07:40,07:43,3,0,0.0,2,0.0,160.0,160.0,2,B97,pickup_service,Pickup,Pickup
0,15,Movement,6,1,6,1,123,130,07:43,07:50,7,7,23.39,0,0.0,160.0,136.61,2,B97,passenger_flight,Position,Delivery
0,16,Delivery,1,1,1,1,130,133,07:50,07:53,3,0,0.0,2,8.534,136.61,145.144,0,B97,delivery_service,Delivery,Delivery
0,17,Stay,1,1,1,1,133,142,07:53,08:02,9,0,0.0,9,14.856,145.144,160.0,0,B162,parking_charging,Position,Movement
0,18,Movement,1,6,1,6,142,149,08:02,08:09,7,7,23.39,0,0.0,160.0,136.61,0,B162,empty_repositioning,Position,Pickup
0,19,Pickup,6,6,6,6,149,152,08:09,08:12,3,0,0.0,2,8.534,136.61,145.144,1,B162,pickup_service,Pickup,Pickup
0,20,Movement,6,3,6,3,152,162,08:12,08:22,10,10,32.98,0,0.0,145.144,112.164,1,B162,passenger_flight,Position,Delivery
0,21,Delivery,3,3,3,3,162,165,08:22,08:25,3,0,0.0,2,8.534,112.164,120.698,0,B162,delivery_service,Delivery,Delivery
0,22,Stay,3,3,3,3,165,173,08:25,08:33,8,0,0.0,8,34.136,120.698,154.834,0,B259,parking_charging,Position,Pickup
0,23,Pickup,3,3,3,3,173,176,08:33,08:36,3,0,0.0,2,5.166,154.834,160.0,2,B259,pickup_service,Pickup,Pickup
0,24,Pickup,3,3,3,3,176,179,08:36,08:39,3,0,0.0,2,0.0,160.0,160.0,3,B273,pickup_service,Pickup,Pickup
0,25,Movement,3,1,3,1,179,185,08:39,08:45,6,6,9.61,0,0.0,160.0,150.39,3,B259,passenger_flight,Position,Delivery
0,26,Delivery,1,1,1,1,185,188,08:45,08:48,3,0,0.0,2,8.534,150.39,158.924,1,B259,delivery_service,Delivery,Delivery
0,27,Delivery,1,1,1,1,188,191,08:48,08:51,3,0,0.0,2,1.076,158.924,160.0,0,B273,delivery_service,Delivery,Delivery
0,28,Stay,1,1,1,1,191,192,08:51,08:52,1,0,0.0,1,0.0,160.0,160.0,0,B352-1,parking_charging,Position,Movement
0,29,Movement,1,6,1,6,192,199,08:52,08:59,7,7,23.39,0,0.0,160.0,136.61,0,B352-1,empty_repositioning,Position,Pickup
0,30,Pickup,6,6,6,6,199,202,08:59,09:02,3,0,0.0,2,8.534,136.61,145.144,3,B352-1,pickup_service,Pickup,Pickup
0,31,Movement,6,1,6,1,202,209,09:02,09:09,7,7,23.39,0,0.0,145.144,121.754,3,B352-1,passenger_flight,Position,Delivery
0,32,Delivery,1,1,1,1,209,212,09:09,09:12,3,0,0.0,2,8.534,121.754,130.288,0,B352-1,delivery_service,Delivery,Delivery
0,33,Stay,1,1,1,1,212,220,09:12,09:20,8,0,0.0,8,29.712,130.288,160.0,0,B414,parking_charging,Position,Movement
0,34,Movement,1,6,1,6,220,227,09:20,09:27,7,7,23.39,0,0.0,160.0,136.61,0,B414,empty_repositioning,Position,Pickup
0,35,Pickup,6,6,6,6,227,230,09:27,09:30,3,0,0.0,2,8.534,136.61,145.144,1,B414,pickup_service,Pickup,Pickup
0,36,Movement,6,1,6,1,230,237,09:30,09:37,7,7,23.39,0,0.0,145.144,121.754,1,B414,passenger_flight,Position,Delivery
0,37,Delivery,1,1,1,1,237,240,09:37,09:40,3,0,0.0,2,8.534,121.754,130.288,0,B414,delivery_service,Delivery,Delivery
0,38,Stay,1,1,1,1,240,248,09:40,09:48,8,0,0.0,8,29.712,130.288,160.0,0,B466,parking_charging,Position,Pickup
0,39,Pickup,1,1,1,1,248,251,09:48,09:51,3,0,0.0,2,0.0,160.0,160.0,1,B466,pickup_service,Pickup,Pickup
0,40,Movement,1,7,1,7,251,258,09:51,09:58,7,7,21.03,0,0.0,160.0,138.97,1,B466,passenger_flight,Position,Delivery
0,41,Delivery,7,7,7,7,258,261,09:58,10:01,3,0,0.0,2,8.534,138.97,147.504,0,B466,delivery_service,Delivery,Delivery
0,42,Stay,7,7,7,7,261,285,10:01,10:25,24,0,0.0,24,12.496,147.504,160.0,0,B649,parking_charging,Position,Pickup
0,43,Pickup,7,7,7,7,285,288,10:25,10:28,3,0,0.0,2,0.0,160.0,160.0,3,B649,pickup_service,Pickup,Pickup
0,44,Movement,7,4,7,4,288,295,10:28,10:35,7,7,21.43,0,0.0,160.0,138.57,3,B649,passenger_flight,Position,Delivery
0,45,Delivery,4,4,4,4,295,298,10:35,10:38,3,0,0.0,2,8.534,138.57,147.104,0,B649,delivery_service,Delivery,Delivery
0,46,Stay,4,4,4,4,298,307,10:38,10:47,9,0,0.0,9,12.896,147.104,160.0,0,B766,parking_charging,Position,Pickup
0,47,Pickup,4,4,4,4,307,310,10:47,10:50,3,0,0.0,2,0.0,160.0,160.0,3,B766,pickup_service,Pickup,Pickup
0,48,Movement,4,7,4,7,310,317,10:50,10:57,7,7,21.43,0,0.0,160.0,138.57,3,B766,passenger_flight,Position,Delivery
0,49,Delivery,7,7,7,7,317,320,10:57,11:00,3,0,0.0,2,8.534,138.57,147.104,0,B766,delivery_service,Delivery,Delivery
0,50,Stay,7,7,7,7,320,328,11:00,11:08,8,0,0.0,8,12.896,147.104,160.0,0,B875,parking_charging,Position,Pickup
0,51,Pickup,7,7,7,7,328,331,11:08,11:11,3,0,0.0,2,0.0,160.0,160.0,2,B875,pickup_service,Pickup,Pickup
0,52,Pickup,7,7,7,7,331,334,11:11,11:14,3,0,0.0,2,0.0,160.0,160.0,3,B886,pickup_service,Pickup,Pickup
0,53,Movement,7,4,7,4,334,341,11:14,11:21,7,7,21.43,0,0.0,160.0,138.57,3,B875,passenger_flight,Position,Delivery
0,54,Delivery,4,4,4,4,341,344,11:21,11:24,3,0,0.0,2,8.534,138.57,147.104,1,B875,delivery_service,Delivery,Delivery
0,55,Delivery,4,4,4,4,344,347,11:24,11:27,3,0,0.0,2,8.534,147.104,155.638,0,B886,delivery_service,Delivery,Delivery
0,56,Stay,4,4,4,4,347,348,11:27,11:28,1,0,0.0,1,4.267,155.638,159.905,0,B960,parking_charging,Position,Pickup
0,57,Pickup,4,4,4,4,348,351,11:28,11:31,3,0,0.0,2,0.095,159.905,160.0,2,B960,pickup_service,Pickup,Pickup
0,58,Movement,4,7,4,7,351,358,11:31,11:38,7,7,21.43,0,0.0,160.0,138.57,2,B960,passenger_flight,Position,Delivery
0,59,Delivery,7,7,7,7,358,361,11:38,11:41,3,0,0.0,2,8.534,138.57,147.104,0,B960,delivery_service,Delivery,Delivery
0,60,Stay,7,7,7,7,361,370,11:41,11:50,9,0,0.0,9,12.896,147.104,160.0,0,B1037,parking_charging,Position,Pickup
0,61,Pickup,7,7,7,7,370,373,11:50,11:53,3,0,0.0,2,0.0,160.0,160.0,2,B1037,pickup_service,Pickup,Pickup
0,62,Pickup,7,7,7,7,373,376,11:53,11:56,3,0,0.0,2,0.0,160.0,160.0,3,B1046,pickup_service,Pickup,Pickup
0,63,Movement,7,4,7,4,376,383,11:56,12:03,7,7,21.43,0,0.0,160.0,138.57,3,B1037,passenger_flight,Position,Delivery
0,64,Delivery,4,4,4,4,383,386,12:03,12:06,3,0,0.0,2,8.534,138.57,147.104,1,B1037,delivery_service,Delivery,Delivery
0,65,Delivery,4,4,4,4,386,389,12:06,12:09,3,0,0.0,2,8.534,147.104,155.638,0,B1046,delivery_service,Delivery,Delivery
0,66,Stay,4,4,4,4,389,410,12:09,12:30,21,0,0.0,21,4.362,155.638,160.0,0,B1142,parking_charging,Position,Pickup
0,67,Pickup,4,4,4,4,410,413,12:30,12:33,3,0,0.0,2,0.0,160.0,160.0,1,B1142,pickup_service,Pickup,Pickup
0,68,Movement,4,2,4,2,413,419,12:33,12:39,6,6,16.13,0,0.0,160.0,143.87,1,B1142,passenger_flight,Position,Delivery
0,69,Delivery,2,2,2,2,419,422,12:39,12:42,3,0,0.0,2,8.534,143.87,152.404,0,B1142,delivery_service,Delivery,Delivery
0,70,Stay,2,2,2,2,422,429,12:42,12:49,7,0,0.0,7,7.596,152.404,160.0,0,B1188,parking_charging,Position,Pickup
0,71,Pickup,2,2,2,2,429,432,12:49,12:52,3,0,0.0,2,0.0,160.0,160.0,1,B1188,pickup_service,Pickup,Pickup
0,72,Pickup,2,2,2,2,432,435,12:52,12:55,3,0,0.0,2,0.0,160.0,160.0,3,B1196,pickup_service,Pickup,Pickup
0,73,Movement,2,5,2,5,435,443,12:55,13:03,8,8,27.57,0,0.0,160.0,132.43,3,B1188,passenger_flight,Position,Delivery
0,74,Delivery,5,5,5,5,443,446,13:03,13:06,3,0,0.0,2,8.534,132.43,140.964,2,B1188,delivery_service,Delivery,Delivery
0,75,Delivery,5,5,5,5,446,449,13:06,13:09,3,0,0.0,2,8.534,140.964,149.498,0,B1196,delivery_service,Delivery,Delivery
0,76,Stay,5,5,5,5,449,451,13:09,13:11,2,0,0.0,2,8.534,149.498,158.032,0,B1233,parking_charging,Position,Pickup
0,77,Pickup,5,5,5,5,451,454,13:11,13:14,3,0,0.0,2,1.968,158.032,160.0,1,B1233,pickup_service,Pickup,Pickup
0,78,Movement,5,9,5,9,454,471,13:14,13:31,17,17,62.04,0,0.0,160.0,97.96,1,B1233,passenger_flight,Position,Delivery
0,79,Delivery,9,9,9,9,471,474,13:31,13:34,3,0,0.0,2,8.534,97.96,106.494,0,B1233,delivery_service,Delivery,Delivery
0,80,Stay,9,9,9,9,474,490,13:34,13:50,16,0,0.0,16,53.506,106.494,160.0,0,B1316,parking_charging,Position,Pickup
0,81,Pickup,9,9,9,9,490,493,13:50,13:53,3,0,0.0,2,0.0,160.0,160.0,1,B1316,pickup_service,Pickup,Pickup
0,82,Movement,9,2,9,2,493,507,13:53,14:07,14,14,50.24,0,0.0,160.0,109.76,1,B1316,passenger_flight,Position,Delivery
0,83,Delivery,2,2,2,2,507,510,14:07,14:10,3,0,0.0,2,8.534,109.76,118.294,0,B1316,delivery_service,Delivery,Delivery
0,84,Stay,2,2,2,2,510,512,14:10,14:12,2,0,0.0,2,8.534,118.294,126.828,0,B1384,parking_charging,Position,Pickup
0,85,Pickup,2,2,2,2,512,515,14:12,14:15,3,0,0.0,2,8.534,126.828,135.362,2,B1384,pickup_service,Pickup,Pickup
0,86,Pickup,2,2,2,2,515,518,14:15,14:18,3,0,0.0,2,8.534,135.362,143.896,3,B1391,pickup_service,Pickup,Pickup
0,87,Movement,2,5,2,5,518,526,14:18,14:26,8,8,27.57,0,0.0,143.896,116.326,3,B1384,passenger_flight,Position,Delivery
0,88,Delivery,5,5,5,5,526,529,14:26,14:29,3,0,0.0,2,8.534,116.326,124.86,1,B1384,delivery_service,Delivery,Delivery
0,89,Delivery,5,5,5,5,529,532,14:29,14:32,3,0,0.0,2,8.534,124.86,133.394,0,B1391,delivery_service,Delivery,Delivery
0,90,Stay,5,5,5,5,532,549,14:32,14:49,17,0,0.0,17,26.606,133.394,160.0,0,B1577,parking_charging,Position,Movement
0,91,Movement,5,3,5,3,549,557,14:49,14:57,8,8,23.93,0,0.0,160.0,136.07,0,B1577,empty_repositioning,Position,Pickup
0,92,Pickup,3,3,3,3,557,560,14:57,15:00,3,0,0.0,2,8.534,136.07,144.604,1,B1577,pickup_service,Pickup,Pickup
0,93,Movement,3,4,3,4,560,567,15:00,15:07,7,7,12.6,0,0.0,144.604,132.004,1,B1577,passenger_flight,Position,Delivery
0,94,Delivery,4,4,4,4,567,570,15:07,15:10,3,0,0.0,2,8.534,132.004,140.538,0,B1577,delivery_service,Delivery,Delivery
0,95,Pickup,4,4,4,4,570,573,15:10,15:13,3,0,0.0,2,8.534,140.538,149.072,2,B1629,pickup_service,Pickup,Pickup
0,96,Movement,4,7,4,7,573,580,15:13,15:20,7,7,21.43,0,0.0,149.072,127.642,2,B1629,passenger_flight,Position,Delivery
0,97,Delivery,7,7,7,7,580,583,15:20,15:23,3,0,0.0,2,8.534,127.642,136.176,0,B1629,delivery_service,Delivery,Delivery
0,98,Stay,7,7,7,7,583,591,15:23,15:31,8,0,0.0,8,23.824,136.176,160.0,0,B1714,parking_charging,Position,Pickup
0,99,Pickup,7,7,7,7,591,594,15:31,15:34,3,0,0.0,2,0.0,160.0,160.0,2,B1714,pickup_service,Pickup,Pickup
0,100,Stay,7,7,7,7,594,597,15:34,15:37,3,0,0.0,3,0.0,160.0,160.0,2,B1714,parking_charging,Position,Movement
0,101,Movement,7,1,7,1,597,604,15:37,15:44,7,7,21.03,0,0.0,160.0,138.97,2,B1714,passenger_flight,Position,Delivery
0,102,Delivery,1,1,1,1,604,607,15:44,15:47,3,0,0.0,2,8.534,138.97,147.504,0,B1714,delivery_service,Delivery,Delivery
0,103,Stay,1,1,1,1,607,622,15:47,16:02,15,0,0.0,15,12.496,147.504,160.0,0,B1851,parking_charging,Position,Pickup
0,104,Pickup,1,1,1,1,622,625,16:02,16:05,3,0,0.0,2,0.0,160.0,160.0,1,B1851,pickup_service,Pickup,Pickup
0,105,Pickup,1,1,1,1,625,628,16:05,16:08,3,0,0.0,2,0.0,160.0,160.0,2,B1876,pickup_service,Pickup,Pickup
0,106,Movement,1,3,1,3,628,634,16:08,16:14,6,6,9.61,0,0.0,160.0,150.39,2,B1851,passenger_flight,Position,Delivery
0,107,Delivery,3,3,3,3,634,637,16:14,16:17,3,0,0.0,2,8.534,150.39,158.924,1,B1851,delivery_service,Delivery,Delivery
0,108,Delivery,3,3,3,3,637,640,16:17,16:20,3,0,0.0,2,1.076,158.924,160.0,0,B1876,delivery_service,Delivery,Delivery
0,109,Pickup,3,3,3,3,640,643,16:20,16:23,3,0,0.0,2,0.0,160.0,160.0,2,B1982,pickup_service,Pickup,Pickup
0,110,Movement,3,5,3,5,643,651,16:23,16:31,8,8,23.93,0,0.0,160.0,136.07,2,B1982,passenger_flight,Position,Delivery
0,111,Delivery,5,5,5,5,651,654,16:31,16:34,3,0,0.0,2,8.534,136.07,144.604,0,B1982,delivery_service,Delivery,Delivery
0,112,Stay,5,5,5,5,654,660,16:34,16:40,6,0,0.0,6,15.396,144.604,160.0,0,B2161,parking_charging,Position,Movement
0,113,Movement,5,2,5,2,660,668,16:40,16:48,8,8,27.57,0,0.0,160.0,132.43,0,B2161,empty_repositioning,Position,Pickup
0,114,Pickup,2,2,2,2,668,671,16:48,16:51,3,0,0.0,2,8.534,132.43,140.964,1,B2161,pickup_service,Pickup,Pickup
0,115,Movement,2,1,2,1,671,678,16:51,16:58,7,7,13.61,0,0.0,140.964,127.354,1,B2161,passenger_flight,Position,Delivery
0,116,Delivery,1,1,1,1,678,681,16:58,17:01,3,0,0.0,2,8.534,127.354,135.888,0,B2161,delivery_service,Delivery,Delivery
0,117,Stay,1,1,1,1,681,690,17:01,17:10,9,0,0.0,9,24.112,135.888,160.0,0,B2363,parking_charging,Position,Pickup
0,118,Pickup,1,1,1,1,690,693,17:10,17:13,3,0,0.0,2,0.0,160.0,160.0,3,B2363,pickup_service,Pickup,Pickup
0,119,Movement,1,7,1,7,693,700,17:13,17:20,7,7,21.03,0,0.0,160.0,138.97,3,B2363,passenger_flight,Position,Delivery
0,120,Delivery,7,7,7,7,700,703,17:20,17:23,3,0,0.0,2,8.534,138.97,147.504,0,B2363,delivery_service,Delivery,Delivery
0,121,Pickup,7,7,7,7,703,706,17:23,17:26,3,0,0.0,2,8.534,147.504,156.038,3,B2501,pickup_service,Pickup,Pickup
0,122,Movement,7,4,7,4,706,713,17:26,17:33,7,7,21.43,0,0.0,156.038,134.608,3,B2501,passenger_flight,Position,Delivery
0,123,Delivery,4,4,4,4,713,716,17:33,17:36,3,0,0.0,2,8.534,134.608,143.142,0,B2501,delivery_service,Delivery,Delivery
0,124,Stay,4,4,4,4,716,721,17:36,17:41,5,0,0.0,5,16.858,143.142,160.0,0,B2715,parking_charging,Position,Pickup
0,125,Pickup,4,4,4,4,721,724,17:41,17:44,3,0,0.0,2,0.0,160.0,160.0,3,B2715,pickup_service,Pickup,Pickup
0,126,Movement,4,2,4,2,724,730,17:44,17:50,6,6,16.13,0,0.0,160.0,143.87,3,B2715,passenger_flight,Position,Delivery
0,127,Delivery,2,2,2,2,730,733,17:50,17:53,3,0,0.0,2,8.534,143.87,152.404,0,B2715,delivery_service,Delivery,Delivery
0,128,Pickup,2,2,2,2,733,736,17:53,17:56,3,0,0.0,2,7.596,152.404,160.0,2,B2803,pickup_service,Pickup,Pickup
0,129,Movement,2,1,2,1,736,743,17:56,18:03,7,7,13.61,0,0.0,160.0,146.39,2,B2803,passenger_flight,Position,Delivery
0,130,Delivery,1,1,1,1,743,746,18:03,18:06,3,0,0.0,2,8.534,146.39,154.924,0,B2803,delivery_service,Delivery,Delivery
0,131,Pickup,1,1,1,1,746,749,18:06,18:09,3,0,0.0,2,5.076,154.924,160.0,2,B2963,pickup_service,Pickup,Pickup
0,132,Movement,1,6,1,6,749,756,18:09,18:16,7,7,23.39,0,0.0,160.0,136.61,2,B2963,passenger_flight,Position,Delivery
0,133,Delivery,6,6,6,6,756,759,18:16,18:19,3,0,0.0,2,8.534,136.61,145.144,0,B2963,delivery_service,Delivery,Delivery
0,134,Stay,6,6,6,6,759,762,18:19,18:22,3,0,0.0,3,12.801,145.144,157.945,0,B3062,parking_charging,Position,Pickup
0,135,Pickup,6,6,6,6,762,765,18:22,18:25,3,0,0.0,2,2.055,157.945,160.0,1,B3062,pickup_service,Pickup,Pickup
0,136,Pickup,6,6,6,6,765,768,18:25,18:28,3,0,0.0,2,0.0,160.0,160.0,3,B3053,pickup_service,Pickup,Pickup
0,137,Movement,6,9,6,9,768,788,18:28,18:48,20,20,74.79,0,0.0,160.0,85.21,3,B3053,passenger_flight,Position,Delivery
0,138,Delivery,9,9,9,9,788,791,18:48,18:51,3,0,0.0,2,8.534,85.21,93.744,1,B3053,delivery_service,Delivery,Delivery
0,139,Delivery,9,9,9,9,791,794,18:51,18:54,3,0,0.0,2,8.534,93.744,102.278,0,B3062,delivery_service,Delivery,Delivery
0,140,Pickup,9,9,9,9,794,797,18:54,18:57,3,0,0.0,2,8.534,102.278,110.812,1,B3251,pickup_service,Pickup,Pickup
0,141,Movement,9,4,9,4,797,812,18:57,19:12,15,15,55.47,0,0.0,110.812,55.342,1,B3251,passenger_flight,Position,Delivery
0,142,Delivery,4,4,4,4,812,815,19:12,19:15,3,0,0.0,2,8.534,55.342,63.876,0,B3251,delivery_service,Delivery,Delivery
1,0,Stay,2,2,2,2,0,40,05:40,06:20,40,0,0.0,40,0.0,160.0,160.0,0,B17,parking_charging,Position,Pickup
1,1,Pickup,2,2,2,2,40,43,06:20,06:23,3,0,0.0,2,0.0,160.0,160.0,1,B17,pickup_service,Pickup,Pickup
1,2,Movement,2,9,2,9,43,57,06:23,06:37,14,14,50.24,0,0.0,160.0,109.76,1,B17,passenger_flight,Position,Delivery
1,3,Delivery,9,9,9,9,57,60,06:37,06:40,3,0,0.0,2,8.534,109.76,118.294,0,B17,delivery_service,Delivery,Delivery
1,4,Stay,9,9,9,9,60,64,06:40,06:44,4,0,0.0,4,17.068,118.294,135.362,0,B37,parking_charging,Position,Pickup
1,5,Pickup,9,9,9,9,64,67,06:44,06:47,3,0,0.0,2,8.534,135.362,143.896,1,B37,pickup_service,Pickup,Pickup
1,6,Movement,9,10,9,10,67,86,06:47,07:06,19,19,69.89,0,0.0,143.896,74.006,1,B37,passenger_flight,Position,Delivery
1,7,Delivery,10,10,10,10,86,89,07:06,07:09,3,0,0.0,2,8.534,74.006,82.54,0,B37,delivery_service,Delivery,Delivery
1,8,Pickup,10,10,10,10,89,92,07:09,07:12,3,0,0.0,2,8.534,82.54,91.074,1,B56,pickup_service,Pickup,Pickup
1,9,Movement,10,3,10,3,92,107,07:12,07:27,15,15,54.92,0,0.0,91.074,36.154,1,B56,passenger_flight,Position,Delivery
1,10,Delivery,3,3,3,3,107,110,07:27,07:30,3,0,0.0,2,8.534,36.154,44.688,0,B56,delivery_service,Delivery,Delivery
1,11,Stay,3,3,3,3,110,116,07:30,07:36,6,0,0.0,6,25.602,44.688,70.29,0,B92,parking_charging,Position,Pickup
1,12,Pickup,3,3,3,3,116,119,07:36,07:39,3,0,0.0,2,8.534,70.29,78.824,1,B92,pickup_service,Pickup,Pickup
1,13,Movement,3,8,3,8,119,129,07:39,07:49,10,10,35.17,0,0.0,78.824,43.654,1,B92,passenger_flight,Position,Delivery
1,14,Delivery,8,8,8,8,129,132,07:49,07:52,3,0,0.0,2,8.534,43.654,52.188,0,B92,delivery_service,Delivery,Delivery
1,15,Pickup,8,8,8,8,132,135,07:52,07:55,3,0,0.0,2,8.534,52.188,60.722,1,B113,pickup_service,Pickup,Pickup
1,16,Movement,8,2,8,2,135,145,07:55,08:05,10,10,32.38,0,0.0,60.722,28.342,1,B113,passenger_flight,Position,Delivery
1,17,Delivery,2,2,2,2,145,148,08:05,08:08,3,0,0.0,2,8.534,28.342,36.876,0,B113,delivery_service,Delivery,Delivery
1,18,Stay,2,2,2,2,148,149,08:08,08:09,1,0,0.0,1,4.267,36.876,41.143,0,B161,parking_charging,Position,Pickup
1,19,Pickup,2,2,2,2,149,152,08:09,08:12,3,0,0.0,2,8.534,41.143,49.677,1,B161,pickup_service,Pickup,Pickup
1,20,Stay,2,2,2,2,152,153,08:12,08:13,1,0,0.0,1,4.267,49.677,53.944,1,B191,parking_charging,Position,Movement
1,21,Movement,2,3,2,3,153,156,08:13,08:16,3,3,4.08,0,0.0,53.944,49.864,1,B191,passenger_flight,Position,Pickup
1,22,Pickup,3,3,3,3,156,159,08:16,08:19,3,0,0.0,2,8.534,49.864,58.398,2,B191,pickup_service,Pickup,Pickup
1,23,Movement,3,5,3,5,159,167,08:19,08:27,8,8,23.93,0,0.0,58.398,34.468,2,B161,passenger_flight,Position,Delivery
1,24,Delivery,5,5,5,5,167,170,08:27,08:30,3,0,0.0,2,8.534,34.468,43.002,1,B161,delivery_service,Delivery,Delivery
1,25,Delivery,5,5,5,5,170,173,08:30,08:33,3,0,0.0,2,8.534,43.002,51.536,0,B191,delivery_service,Delivery,Delivery
1,26,Stay,5,5,5,5,173,176,08:33,08:36,3,0,0.0,3,12.801,51.536,64.337,0,B275,parking_charging,Position,Pickup
1,27,Pickup,5,5,5,5,176,179,08:36,08:39,3,0,0.0,2,8.534,64.337,72.871,3,B275,pickup_service,Pickup,Pickup
1,28,Movement,5,3,5,3,179,187,08:39,08:47,8,8,23.93,0,0.0,72.871,48.941,3,B275,passenger_flight,Position,Delivery
1,29,Delivery,3,3,3,3,187,190,08:47,08:50,3,0,0.0,2,8.534,48.941,57.475,0,B275,delivery_service,Delivery,Delivery
1,30,Stay,3,3,3,3,190,192,08:50,08:52,2,0,0.0,2,8.534,57.475,66.009,0,B320,parking_charging,Position,Pickup
1,31,Pickup,3,3,3,3,192,195,08:52,08:55,3,0,0.0,2,8.534,66.009,74.543,1,B320,pickup_service,Pickup,Pickup
1,32,Pickup,3,3,3,3,195,198,08:55,08:58,3,0,0.0,2,8.534,74.543,83.077,3,B332,pickup_service,Pickup,Pickup
1,33,Movement,3,4,3,4,198,205,08:58,09:05,7,7,12.6,0,0.0,83.077,70.477,3,B320,passenger_flight,Position,Delivery
1,34,Delivery,4,4,4,4,205,208,09:05,09:08,3,0,0.0,2,8.534,70.477,79.011,2,B320,delivery_service,Delivery,Delivery
1,35,Delivery,4,4,4,4,208,211,09:08,09:11,3,0,0.0,2,8.534,79.011,87.545,0,B332,delivery_service,Delivery,Delivery
1,36,Stay,4,4,4,4,211,217,09:11,09:17,6,0,0.0,6,25.602,87.545,113.147,0,B397,parking_charging,Position,Pickup
1,37,Pickup,4,4,4,4,217,220,09:17,09:20,3,0,0.0,2,8.534,113.147,121.681,1,B397,pickup_service,Pickup,Pickup
1,38,Movement,4,2,4,2,220,226,09:20,09:26,6,6,16.13,0,0.0,121.681,105.551,1,B397,passenger_flight,Position,Delivery
1,39,Delivery,2,2,2,2,226,229,09:26,09:29,3,0,0.0,2,8.534,105.551,114.085,0,B397,delivery_service,Delivery,Delivery
1,40,Stay,2,2,2,2,229,231,09:29,09:31,2,0,0.0,2,8.534,114.085,122.619,0,B431,parking_charging,Position,Pickup
1,41,Pickup,2,2,2,2,231,234,09:31,09:34,3,0,0.0,2,8.534,122.619,131.153,3,B431,pickup_service,Pickup,Pickup
1,42,Movement,2,4,2,4,234,240,09:34,09:40,6,6,16.13,0,0.0,131.153,115.023,3,B431,passenger_flight,Position,Delivery
1,43,Delivery,4,4,4,4,240,243,09:40,09:43,3,0,0.0,2,8.534,115.023,123.557,0,B431,delivery_service,Delivery,Delivery
1,44,Stay,4,4,4,4,243,253,09:43,09:53,10,0,0.0,10,36.443,123.557,160.0,0,B480,parking_charging,Position,Pickup
1,45,Pickup,4,4,4,4,253,256,09:53,09:56,3,0,0.0,2,0.0,160.0,160.0,1,B480,pickup_service,Pickup,Pickup
1,46,Pickup,4,4,4,4,256,259,09:56,09:59,3,0,0.0,2,0.0,160.0,160.0,2,B484,pickup_service,Pickup,Pickup
1,47,Movement,4,2,4,2,259,265,09:59,10:05,6,6,16.13,0,0.0,160.0,143.87,2,B480,passenger_flight,Position,Delivery
1,48,Delivery,2,2,2,2,265,268,10:05,10:08,3,0,0.0,2,8.534,143.87,152.404,1,B480,delivery_service,Delivery,Delivery
1,49,Delivery,2,2,2,2,268,271,10:08,10:11,3,0,0.0,2,7.596,152.404,160.0,0,B484,delivery_service,Delivery,Delivery
1,50,Stay,2,2,2,2,271,280,10:11,10:20,9,0,0.0,9,0.0,160.0,160.0,0,B613,parking_charging,Position,Pickup
1,51,Pickup,2,2,2,2,280,283,10:20,10:23,3,0,0.0,2,0.0,160.0,160.0,1,B613,pickup_service,Pickup,Pickup
1,52,Movement,2,4,2,4,283,289,10:23,10:29,6,6,16.13,0,0.0,160.0,143.87,1,B613,passenger_flight,Position,Delivery
1,53,Delivery,4,4,4,4,289,292,10:29,10:32,3,0,0.0,2,8.534,143.87,152.404,0,B613,delivery_service,Delivery,Delivery
1,54,Pickup,4,4,4,4,292,295,10:32,10:35,3,0,0.0,2,7.596,152.404,160.0,1,B677,pickup_service,Pickup,Pickup
1,55,Movement,4,3,4,3,295,302,10:35,10:42,7,7,12.6,0,0.0,160.0,147.4,1,B677,passenger_flight,Position,Delivery
1,56,Delivery,3,3,3,3,302,305,10:42,10:45,3,0,0.0,2,8.534,147.4,155.934,0,B677,delivery_service,Delivery,Delivery
1,57,Pickup,3,3,3,3,305,308,10:45,10:48,3,0,0.0,2,4.066,155.934,160.0,2,B724,pickup_service,Pickup,Pickup
1,58,Movement,3,5,3,5,308,316,10:48,10:56,8,8,23.93,0,0.0,160.0,136.07,2,B724,passenger_flight,Position,Delivery
1,59,Delivery,5,5,5,5,316,319,10:56,10:59,3,0,0.0,2,8.534,136.07,144.604,0,B724,delivery_service,Delivery,Delivery
1,60,Pickup,5,5,5,5,319,322,10:59,11:02,3,0,0.0,2,8.534,144.604,153.138,1,B817,pickup_service,Pickup,Pickup
1,61,Movement,5,2,5,2,322,330,11:02,11:10,8,8,27.57,0,0.0,153.138,125.568,1,B817,passenger_flight,Position,Delivery
1,62,Delivery,2,2,2,2,330,333,11:10,11:13,3,0,0.0,2,8.534,125.568,134.102,0,B817,delivery_service,Delivery,Delivery
1,63,Stay,2,2,2,2,333,345,11:13,11:25,12,0,0.0,12,25.898,134.102,160.0,0,B947,parking_charging,Position,Pickup
1,64,Pickup,2,2,2,2,345,348,11:25,11:28,3,0,0.0,2,0.0,160.0,160.0,2,B947,pickup_service,Pickup,Pickup
1,65,Stay,2,2,2,2,348,349,11:28,11:29,1,0,0.0,1,0.0,160.0,160.0,2,B963,parking_charging,Position,Pickup
1,66,Pickup,2,2,2,2,349,352,11:29,11:32,3,0,0.0,2,0.0,160.0,160.0,3,B963,pickup_service,Pickup,Pickup
1,67,Movement,2,5,2,5,352,360,11:32,11:40,8,8,27.57,0,0.0,160.0,132.43,3,B947,passenger_flight,Position,Delivery
1,68,Delivery,5,5,5,5,360,363,11:40,11:43,3,0,0.0,2,8.534,132.43,140.964,1,B947,delivery_service,Delivery,Delivery
1,69,Delivery,5,5,5,5,363,366,11:43,11:46,3,0,0.0,2,8.534,140.964,149.498,0,B963,delivery_service,Delivery,Delivery
1,70,Stay,5,5,5,5,366,376,11:46,11:56,10,0,0.0,10,10.502,149.498,160.0,0,B1057,parking_charging,Position,Pickup
1,71,Pickup,5,5,5,5,376,379,11:56,11:59,3,0,0.0,2,0.0,160.0,160.0,1,B1057,pickup_service,Pickup,Pickup
1,72,Movement,5,3,5,3,379,387,11:59,12:07,8,8,23.93,0,0.0,160.0,136.07,1,B1057,passenger_flight,Position,Delivery
1,73,Delivery,3,3,3,3,387,390,12:07,12:10,3,0,0.0,2,8.534,136.07,144.604,0,B1057,delivery_service,Delivery,Delivery
1,74,Stay,3,3,3,3,390,408,12:10,12:28,18,0,0.0,18,15.396,144.604,160.0,0,B1136,parking_charging,Position,Pickup
1,75,Pickup,3,3,3,3,408,411,12:28,12:31,3,0,0.0,2,0.0,160.0,160.0,1,B1136,pickup_service,Pickup,Pickup
1,76,Stay,3,3,3,3,411,412,12:31,12:32,1,0,0.0,1,0.0,160.0,160.0,1,B1147,parking_charging,Position,Pickup
1,77,Pickup,3,3,3,3,412,415,12:32,12:35,3,0,0.0,2,0.0,160.0,160.0,2,B1147,pickup_service,Pickup,Pickup
1,78,Movement,3,5,3,5,415,423,12:35,12:43,8,8,23.93,0,0.0,160.0,136.07,2,B1136,passenger_flight,Position,Delivery
1,79,Delivery,5,5,5,5,423,426,12:43,12:46,3,0,0.0,2,8.534,136.07,144.604,1,B1136,delivery_service,Delivery,Delivery
1,80,Movement,5,10,5,10,426,436,12:46,12:56,10,10,33.52,0,0.0,144.604,111.084,1,B1147,passenger_flight,Position,Delivery
1,81,Delivery,10,10,10,10,436,439,12:56,12:59,3,0,0.0,2,8.534,111.084,119.618,0,B1147,delivery_service,Delivery,Delivery
1,82,Stay,10,10,10,10,439,467,12:59,13:27,28,0,0.0,28,40.382,119.618,160.0,0,B1266,parking_charging,Position,Pickup
1,83,Pickup,10,10,10,10,467,470,13:27,13:30,3,0,0.0,2,0.0,160.0,160.0,2,B1266,pickup_service,Pickup,Pickup
1,84,Movement,10,4,10,4,470,482,13:30,13:42,12,12,42.86,0,0.0,160.0,117.14,2,B1266,passenger_flight,Position,Delivery
1,85,Delivery,4,4,4,4,482,485,13:42,13:45,3,0,0.0,2,8.534,117.14,125.674,0,B1266,delivery_service,Delivery,Delivery
1,86,Stay,4,4,4,4,485,502,13:45,14:02,17,0,0.0,17,34.326,125.674,160.0,0,B1342,parking_charging,Position,Pickup
1,87,Pickup,4,4,4,4,502,505,14:02,14:05,3,0,0.0,2,0.0,160.0,160.0,1,B1342,pickup_service,Pickup,Pickup
1,88,Pickup,4,4,4,4,505,508,14:05,14:08,3,0,0.0,2,0.0,160.0,160.0,2,B1354,pickup_service,Pickup,Pickup
1,89,Movement,4,7,4,7,508,515,14:08,14:15,7,7,21.43,0,0.0,160.0,138.57,2,B1342,passenger_flight,Position,Delivery
1,90,Delivery,7,7,7,7,515,518,14:15,14:18,3,0,0.0,2,8.534,138.57,147.104,1,B1342,delivery_service,Delivery,Delivery
1,91,Delivery,7,7,7,7,518,521,14:18,14:21,3,0,0.0,2,8.534,147.104,155.638,0,B1354,delivery_service,Delivery,Delivery
1,92,Stay,7,7,7,7,521,534,14:21,14:34,13,0,0.0,13,4.362,155.638,160.0,0,B1488,parking_charging,Position,Pickup
1,93,Pickup,7,7,7,7,534,537,14:34,14:37,3,0,0.0,2,0.0,160.0,160.0,2,B1488,pickup_service,Pickup,Pickup
1,94,Movement,7,1,7,1,537,544,14:37,14:44,7,7,21.03,0,0.0,160.0,138.97,2,B1488,passenger_flight,Position,Delivery
1,95,Delivery,1,1,1,1,544,547,14:44,14:47,3,0,0.0,2,8.534,138.97,147.504,0,B1488,delivery_service,Delivery,Delivery
1,96,Stay,1,1,1,1,547,562,14:47,15:02,15,0,0.0,15,12.496,147.504,160.0,0,B1598,parking_charging,Position,Pickup
1,97,Pickup,1,1,1,1,562,565,15:02,15:05,3,0,0.0,2,0.0,160.0,160.0,2,B1598,pickup_service,Pickup,Pickup
1,98,Movement,1,3,1,3,565,571,15:05,15:11,6,6,9.61,0,0.0,160.0,150.39,2,B1598,passenger_flight,Position,Delivery
1,99,Delivery,3,3,3,3,571,574,15:11,15:14,3,0,0.0,2,8.534,150.39,158.924,0,B1598,delivery_service,Delivery,Delivery
1,100,Pickup,3,3,3,3,574,577,15:14,15:17,3,0,0.0,2,1.076,158.924,160.0,2,B1648,pickup_service,Pickup,Pickup
1,101,Movement,3,5,3,5,577,585,15:17,15:25,8,8,23.93,0,0.0,160.0,136.07,2,B1648,passenger_flight,Position,Delivery
1,102,Delivery,5,5,5,5,585,588,15:25,15:28,3,0,0.0,2,8.534,136.07,144.604,0,B1648,delivery_service,Delivery,Delivery
1,103,Pickup,5,5,5,5,588,591,15:28,15:31,3,0,0.0,2,8.534,144.604,153.138,1,B1686,pickup_service,Pickup,Pickup
1,104,Movement,5,3,5,3,591,599,15:31,15:39,8,8,23.93,0,0.0,153.138,129.208,1,B1686,passenger_flight,Position,Delivery
1,105,Delivery,3,3,3,3,599,602,15:39,15:42,3,0,0.0,2,8.534,129.208,137.742,0,B1686,delivery_service,Delivery,Delivery
1,106,Stay,3,3,3,3,602,607,15:42,15:47,5,0,0.0,5,21.335,137.742,159.077,0,B1787,parking_charging,Position,Pickup
1,107,Pickup,3,3,3,3,607,610,15:47,15:50,3,0,0.0,2,0.923,159.077,160.0,1,B1787,pickup_service,Pickup,Pickup
1,108,Pickup,3,3,3,3,610,613,15:50,15:53,3,0,0.0,2,0.0,160.0,160.0,3,B1798,pickup_service,Pickup,Pickup
1,109,Movement,3,5,3,5,613,621,15:53,16:01,8,8,23.93,0,0.0,160.0,136.07,3,B1787,passenger_flight,Position,Delivery
1,110,Delivery,5,5,5,5,621,624,16:01,16:04,3,0,0.0,2,8.534,136.07,144.604,2,B1787,delivery_service,Delivery,Delivery
1,111,Delivery,5,5,5,5,624,627,16:04,16:07,3,0,0.0,2,8.534,144.604,153.138,0,B1798,delivery_service,Delivery,Delivery
1,112,Pickup,5,5,5,5,627,630,16:07,16:10,3,0,0.0,2,6.862,153.138,160.0,2,B1887,pickup_service,Pickup,Pickup
1,113,Movement,5,9,5,9,630,647,16:10,16:27,17,17,62.04,0,0.0,160.0,97.96,2,B1887,passenger_flight,Position,Delivery
1,114,Delivery,9,9,9,9,647,650,16:27,16:30,3,0,0.0,2,8.534,97.96,106.494,0,B1887,delivery_service,Delivery,Delivery
1,115,Stay,9,9,9,9,650,690,16:30,17:10,40,0,0.0,40,53.506,106.494,160.0,0,B2377-1,parking_charging,Position,Pickup
1,116,Pickup,9,9,9,9,690,693,17:10,17:13,3,0,0.0,2,0.0,160.0,160.0,3,B2377-1,pickup_service,Pickup,Pickup
1,117,Movement,9,4,9,4,693,708,17:13,17:28,15,15,55.47,0,0.0,160.0,104.53,3,B2377-1,passenger_flight,Position,Delivery
1,118,Delivery,4,4,4,4,708,711,17:28,17:31,3,0,0.0,2,8.534,104.53,113.064,0,B2377-1,delivery_service,Delivery,Delivery
1,119,Stay,4,4,4,4,711,713,17:31,17:33,2,0,0.0,2,8.534,113.064,121.598,0,B2633-1,parking_charging,Position,Pickup
1,120,Pickup,4,4,4,4,713,716,17:33,17:36,3,0,0.0,2,8.534,121.598,130.132,3,B2633-1,pickup_service,Pickup,Pickup
1,121,Movement,4,2,4,2,716,722,17:36,17:42,6,6,16.13,0,0.0,130.132,114.002,3,B2633-1,passenger_flight,Position,Delivery
1,122,Delivery,2,2,2,2,722,725,17:42,17:45,3,0,0.0,2,8.534,114.002,122.536,0,B2633-1,delivery_service,Delivery,Delivery
1,123,Stay,2,2,2,2,725,727,17:45,17:47,2,0,0.0,2,8.534,122.536,131.07,0,B2779,parking_charging,Position,Pickup
1,124,Pickup,2,2,2,2,727,730,17:47,17:50,3,0,0.0,2,8.534,131.07,139.604,3,B2779,pickup_service,Pickup,Pickup
1,125,Movement,2,4,2,4,730,736,17:50,17:56,6,6,16.13,0,0.0,139.604,123.474,3,B2779,passenger_flight,Position,Delivery
1,126,Delivery,4,4,4,4,736,739,17:56,17:59,3,0,0.0,2,8.534,123.474,132.008,0,B2779,delivery_service,Delivery,Delivery
1,127,Pickup,4,4,4,4,739,742,17:59,18:02,3,0,0.0,2,8.534,132.008,140.542,1,B2895,pickup_service,Pickup,Pickup
1,128,Movement,4,2,4,2,742,748,18:02,18:08,6,6,16.13,0,0.0,140.542,124.412,1,B2895,passenger_flight,Position,Delivery
1,129,Delivery,2,2,2,2,748,751,18:08,18:11,3,0,0.0,2,8.534,124.412,132.946,0,B2895,delivery_service,Delivery,Delivery
1,130,Stay,2,2,2,2,751,753,18:11,18:13,2,0,0.0,2,8.534,132.946,141.48,0,B3007,parking_charging,Position,Pickup
1,131,Pickup,2,2,2,2,753,756,18:13,18:16,3,0,0.0,2,8.534,141.48,150.014,3,B3007,pickup_service,Pickup,Pickup
1,132,Movement,2,4,2,4,756,762,18:16,18:22,6,6,16.13,0,0.0,150.014,133.884,3,B3007,passenger_flight,Position,Delivery
1,133,Delivery,4,4,4,4,762,765,18:22,18:25,3,0,0.0,2,8.534,133.884,142.418,0,B3007,delivery_service,Delivery,Delivery
1,134,Stay,4,4,4,4,765,778,18:25,18:38,13,0,0.0,13,17.582,142.418,160.0,0,B3164,parking_charging,Position,Pickup
1,135,Pickup,4,4,4,4,778,781,18:38,18:41,3,0,0.0,2,0.0,160.0,160.0,2,B3164,pickup_service,Pickup,Pickup
1,136,Stay,4,4,4,4,781,784,18:41,18:44,3,0,0.0,3,0.0,160.0,160.0,2,B3164,parking_charging,Position,Movement
1,137,Movement,4,3,4,3,784,791,18:44,18:51,7,7,12.6,0,0.0,160.0,147.4,2,B3164,passenger_flight,Position,Delivery
1,138,Delivery,3,3,3,3,791,794,18:51,18:54,3,0,0.0,2,8.534,147.4,155.934,0,B3164,delivery_service,Delivery,Delivery
1,139,Stay,3,3,3,3,794,802,18:54,19:02,8,0,0.0,8,4.066,155.934,160.0,0,B3299,parking_charging,Position,Pickup
1,140,Pickup,3,3,3,3,802,805,19:02,19:05,3,0,0.0,2,0.0,160.0,160.0,1,B3299,pickup_service,Pickup,Pickup
1,141,Movement,3,4,3,4,805,812,19:05,19:12,7,7,12.6,0,0.0,160.0,147.4,1,B3299,passenger_flight,Position,Delivery
1,142,Delivery,4,4,4,4,812,815,19:12,19:15,3,0,0.0,2,8.534,147.4,155.934,0,B3299,delivery_service,Delivery,Delivery
2,0,Stay,3,3,3,3,0,40,05:40,06:20,40,0,0.0,40,0.0,160.0,160.0,0,B18,parking_charging,Position,Pickup
2,1,Pickup,3,3,3,3,40,43,06:20,06:23,3,0,0.0,2,0.0,160.0,160.0,1,B18,pickup_service,Pickup,Pickup
2,2,Movement,3,10,3,10,43,58,06:23,06:38,15,15,54.92,0,0.0,160.0,105.08,1,B18,passenger_flight,Position,Delivery
2,3,Delivery,10,10,10,10,58,61,06:38,06:41,3,0,0.0,2,8.534,105.08,113.614,0,B18,delivery_service,Delivery,Delivery
2,4,Stay,10,10,10,10,61,71,06:41,06:51,10,0,0.0,10,42.67,113.614,156.284,0,B44,parking_charging,Position,Pickup
2,5,Pickup,10,10,10,10,71,74,06:51,06:54,3,0,0.0,2,3.716,156.284,160.0,2,B44,pickup_service,Pickup,Pickup
2,6,Movement,10,4,10,4,74,86,06:54,07:06,12,12,42.86,0,0.0,160.0,117.14,2,B44,passenger_flight,Position,Delivery
2,7,Delivery,4,4,4,4,86,89,07:06,07:09,3,0,0.0,2,8.534,117.14,125.674,0,B44,delivery_service,Delivery,Delivery
2,8,Stay,4,4,4,4,89,90,07:09,07:10,1,0,0.0,1,4.267,125.674,129.941,0,B68,parking_charging,Position,Movement
2,9,Movement,4,6,4,6,90,97,07:10,07:17,7,7,22.06,0,0.0,129.941,107.881,0,B68,empty_repositioning,Position,Pickup
2,10,Pickup,6,6,6,6,97,100,07:17,07:20,3,0,0.0,2,8.534,107.881,116.415,1,B68,pickup_service,Pickup,Pickup
2,11,Stay,6,6,6,6,100,103,07:20,07:23,3,0,0.0,3,12.801,116.415,129.216,1,B68,parking_charging,Position,Movement
2,12,Movement,6,1,6,1,103,110,07:23,07:30,7,7,23.39,0,0.0,129.216,105.826,1,B68,passenger_flight,Position,Delivery
2,13,Delivery,1,1,1,1,110,113,07:30,07:33,3,0,0.0,2,8.534,105.826,114.36,0,B68,delivery_service,Delivery,Delivery
2,14,Pickup,1,1,1,1,113,116,07:33,07:36,3,0,0.0,2,8.534,114.36,122.894,1,B85,pickup_service,Pickup,Pickup
2,15,Movement,1,9,1,9,116,132,07:36,07:52,16,16,57.72,0,0.0,122.894,65.174,1,B85,passenger_flight,Position,Delivery
2,16,Delivery,9,9,9,9,132,135,07:52,07:55,3,0,0.0,2,8.534,65.174,73.708,0,B85,delivery_service,Delivery,Delivery
2,17,Stay,9,9,9,9,135,160,07:55,08:20,25,0,0.0,25,86.292,73.708,160.0,0,B214,parking_charging,Position,Pickup
2,18,Pickup,9,9,9,9,160,163,08:20,08:23,3,0,0.0,2,0.0,160.0,160.0,1,B214,pickup_service,Pickup,Pickup
2,19,Pickup,9,9,9,9,163,166,08:23,08:26,3,0,0.0,2,0.0,160.0,160.0,2,B224,pickup_service,Pickup,Pickup
2,20,Movement,9,7,9,7,166,178,08:26,08:38,12,12,40.12,0,0.0,160.0,119.88,2,B214,passenger_flight,Position,Delivery
2,21,Delivery,7,7,7,7,178,181,08:38,08:41,3,0,0.0,2,8.534,119.88,128.414,1,B214,delivery_service,Delivery,Delivery
2,22,Delivery,7,7,7,7,181,184,08:41,08:44,3,0,0.0,2,8.534,128.414,136.948,0,B224,delivery_service,Delivery,Delivery
2,23,Stay,7,7,7,7,184,197,08:44,08:57,13,0,0.0,13,23.052,136.948,160.0,0,B344,parking_charging,Position,Pickup
2,24,Pickup,7,7,7,7,197,200,08:57,09:00,3,0,0.0,2,0.0,160.0,160.0,2,B344,pickup_service,Pickup,Pickup
2,25,Movement,7,4,7,4,200,207,09:00,09:07,7,7,21.43,0,0.0,160.0,138.57,2,B344,passenger_flight,Position,Delivery
2,26,Delivery,4,4,4,4,207,210,09:07,09:10,3,0,0.0,2,8.534,138.57,147.104,0,B344,delivery_service,Delivery,Delivery
2,27,Stay,4,4,4,4,210,227,09:10,09:27,17,0,0.0,17,12.896,147.104,160.0,0,B422,parking_charging,Position,Pickup
2,28,Pickup,4,4,4,4,227,230,09:27,09:30,3,0,0.0,2,0.0,160.0,160.0,1,B422,pickup_service,Pickup,Pickup
2,29,Pickup,4,4,4,4,230,233,09:30,09:33,3,0,0.0,2,0.0,160.0,160.0,2,B429,pickup_service,Pickup,Pickup
2,30,Movement,4,2,4,2,233,239,09:33,09:39,6,6,16.13,0,0.0,160.0,143.87,2,B422,passenger_flight,Position,Delivery
2,31,Delivery,2,2,2,2,239,242,09:39,09:42,3,0,0.0,2,8.534,143.87,152.404,1,B422,delivery_service,Delivery,Delivery
2,32,Delivery,2,2,2,2,242,245,09:42,09:45,3,0,0.0,2,7.596,152.404,160.0,0,B429,delivery_service,Delivery,Delivery
2,33,Stay,2,2,2,2,245,247,09:45,09:47,2,0,0.0,2,0.0,160.0,160.0,0,B464,parking_charging,Position,Pickup
2,34,Pickup,2,2,2,2,247,250,09:47,09:50,3,0,0.0,2,0.0,160.0,160.0,1,B464,pickup_service,Pickup,Pickup
2,35,Movement,2,4,2,4,250,256,09:50,09:56,6,6,16.13,0,0.0,160.0,143.87,1,B464,passenger_flight,Position,Delivery
2,36,Delivery,4,4,4,4,256,259,09:56,09:59,3,0,0.0,2,8.534,143.87,152.404,0,B464,delivery_service,Delivery,Delivery
2,37,Stay,4,4,4,4,259,268,09:59,10:08,9,0,0.0,9,7.596,152.404,160.0,0,B535,parking_charging,Position,Pickup
2,38,Pickup,4,4,4,4,268,271,10:08,10:11,3,0,0.0,2,0.0,160.0,160.0,1,B535,pickup_service,Pickup,Pickup
2,39,Stay,4,4,4,4,271,272,10:11,10:12,1,0,0.0,1,0.0,160.0,160.0,1,B572,parking_charging,Position,Pickup
2,40,Pickup,4,4,4,4,272,275,10:12,10:15,3,0,0.0,2,0.0,160.0,160.0,3,B572,pickup_service,Pickup,Pickup
2,41,Movement,4,2,4,2,275,281,10:15,10:21,6,6,16.13,0,0.0,160.0,143.87,3,B535,passenger_flight,Position,Delivery
2,42,Delivery,2,2,2,2,281,284,10:21,10:24,3,0,0.0,2,8.534,143.87,152.404,2,B535,delivery_service,Delivery,Delivery
2,43,Delivery,2,2,2,2,284,287,10:24,10:27,3,0,0.0,2,7.596,152.404,160.0,0,B572,delivery_service,Delivery,Delivery
2,44,Pickup,2,2,2,2,287,290,10:27,10:30,3,0,0.0,2,0.0,160.0,160.0,1,B650,pickup_service,Pickup,Pickup
2,45,Movement,2,1,2,1,290,297,10:30,10:37,7,7,13.61,0,0.0,160.0,146.39,1,B650,passenger_flight,Position,Delivery
2,46,Delivery,1,1,1,1,297,300,10:37,10:40,3,0,0.0,2,8.534,146.39,154.924,0,B650,delivery_service,Delivery,Delivery
2,47,Stay,1,1,1,1,300,312,10:40,10:52,12,0,0.0,12,5.076,154.924,160.0,0,B828,parking_charging,Position,Movement
2,48,Movement,1,6,1,6,312,319,10:52,10:59,7,7,23.39,0,0.0,160.0,136.61,0,B828,empty_repositioning,Position,Pickup
2,49,Pickup,6,6,6,6,319,322,10:59,11:02,3,0,0.0,2,8.534,136.61,145.144,1,B828,pickup_service,Pickup,Pickup
2,50,Stay,6,6,6,6,322,327,11:02,11:07,5,0,0.0,5,14.856,145.144,160.0,1,B828,parking_charging,Position,Movement
2,51,Movement,6,7,6,7,327,339,11:07,11:19,12,12,43.48,0,0.0,160.0,116.52,1,B828,passenger_flight,Position,Delivery
2,52,Delivery,7,7,7,7,339,342,11:19,11:22,3,0,0.0,2,8.534,116.52,125.054,0,B828,delivery_service,Delivery,Delivery
2,53,Stay,7,7,7,7,342,347,11:22,11:27,5,0,0.0,5,21.335,125.054,146.389,0,B958,parking_charging,Position,Pickup
2,54,Pickup,7,7,7,7,347,350,11:27,11:30,3,0,0.0,2,8.534,146.389,154.923,2,B958,pickup_service,Pickup,Pickup
2,55,Movement,7,4,7,4,350,357,11:30,11:37,7,7,21.43,0,0.0,154.923,133.493,2,B958,passenger_flight,Position,Delivery
2,56,Delivery,4,4,4,4,357,360,11:37,11:40,3,0,0.0,2,8.534,133.493,142.027,0,B958,delivery_service,Delivery,Delivery
2,57,Stay,4,4,4,4,360,361,11:40,11:41,1,0,0.0,1,4.267,142.027,146.294,0,B1006,parking_charging,Position,Pickup
2,58,Pickup,4,4,4,4,361,364,11:41,11:44,3,0,0.0,2,8.534,146.294,154.828,2,B1006,pickup_service,Pickup,Pickup
2,59,Pickup,4,4,4,4,364,367,11:44,11:47,3,0,0.0,2,5.172,154.828,160.0,3,B1013,pickup_service,Pickup,Pickup
2,60,Movement,4,7,4,7,367,374,11:47,11:54,7,7,21.43,0,0.0,160.0,138.57,3,B1006,passenger_flight,Position,Delivery
2,61,Delivery,7,7,7,7,374,377,11:54,11:57,3,0,0.0,2,8.534,138.57,147.104,1,B1006,delivery_service,Delivery,Delivery
2,62,Delivery,7,7,7,7,377,380,11:57,12:00,3,0,0.0,2,8.534,147.104,155.638,0,B1013,delivery_service,Delivery,Delivery
2,63,Stay,7,7,7,7,380,381,12:00,12:01,1,0,0.0,1,4.267,155.638,159.905,0,B1073,parking_charging,Position,Pickup
2,64,Pickup,7,7,7,7,381,384,12:01,12:04,3,0,0.0,2,0.095,159.905,160.0,1,B1073,pickup_service,Pickup,Pickup
2,65,Movement,7,1,7,1,384,391,12:04,12:11,7,7,21.03,0,0.0,160.0,138.97,1,B1073,passenger_flight,Position,Delivery
2,66,Delivery,1,1,1,1,391,394,12:11,12:14,3,0,0.0,2,8.534,138.97,147.504,0,B1073,delivery_service,Delivery,Delivery
2,67,Stay,1,1,1,1,394,410,12:14,12:30,16,0,0.0,16,12.496,147.504,160.0,0,B1159,parking_charging,Position,Movement
2,68,Movement,1,7,1,7,410,417,12:30,12:37,7,7,21.03,0,0.0,160.0,138.97,0,B1159,empty_repositioning,Position,Pickup
2,69,Pickup,7,7,7,7,417,420,12:37,12:40,3,0,0.0,2,8.534,138.97,147.504,1,B1159,pickup_service,Pickup,Pickup
2,70,Movement,7,1,7,1,420,427,12:40,12:47,7,7,21.03,0,0.0,147.504,126.474,1,B1159,passenger_flight,Position,Delivery
2,71,Delivery,1,1,1,1,427,430,12:47,12:50,3,0,0.0,2,8.534,126.474,135.008,0,B1159,delivery_service,Delivery,Delivery
2,72,Pickup,1,1,1,1,430,433,12:50,12:53,3,0,0.0,2,8.534,135.008,143.542,1,B1190,pickup_service,Pickup,Pickup
2,73,Movement,1,7,1,7,433,440,12:53,13:00,7,7,21.03,0,0.0,143.542,122.512,1,B1190,passenger_flight,Position,Delivery
2,74,Delivery,7,7,7,7,440,443,13:00,13:03,3,0,0.0,2,8.534,122.512,131.046,0,B1190,delivery_service,Delivery,Delivery
2,75,Stay,7,7,7,7,443,447,13:03,13:07,4,0,0.0,4,17.068,131.046,148.114,0,B1230,parking_charging,Position,Pickup
2,76,Pickup,7,7,7,7,447,450,13:07,13:10,3,0,0.0,2,8.534,148.114,156.648,2,B1230,pickup_service,Pickup,Pickup
2,77,Movement,7,1,7,1,450,457,13:10,13:17,7,7,21.03,0,0.0,156.648,135.618,2,B1230,passenger_flight,Position,Delivery
2,78,Delivery,1,1,1,1,457,460,13:17,13:20,3,0,0.0,2,8.534,135.618,144.152,0,B1230,delivery_service,Delivery,Delivery
2,79,Movement,1,4,1,4,460,464,13:20,13:24,4,4,4.98,0,0.0,144.152,139.172,0,B1249,empty_repositioning,Position,Pickup
2,80,Pickup,4,4,4,4,464,467,13:24,13:27,3,0,0.0,2,8.534,139.172,147.706,1,B1249,pickup_service,Pickup,Pickup
2,81,Movement,4,9,4,9,467,482,13:27,13:42,15,15,55.47,0,0.0,147.706,92.236,1,B1249,passenger_flight,Position,Delivery
2,82,Delivery,9,9,9,9,482,485,13:42,13:45,3,0,0.0,2,8.534,92.236,100.77,0,B1249,delivery_service,Delivery,Delivery
2,83,Pickup,9,9,9,9,485,488,13:45,13:48,3,0,0.0,2,8.534,100.77,109.304,1,B1296,pickup_service,Pickup,Pickup
2,84,Pickup,9,9,9,9,488,491,13:48,13:51,3,0,0.0,2,8.534,109.304,117.838,2,B1307,pickup_service,Pickup,Pickup
2,85,Movement,9,4,9,4,491,506,13:51,14:06,15,15,55.47,0,0.0,117.838,62.368,2,B1296,passenger_flight,Position,Delivery
2,86,Delivery,4,4,4,4,506,509,14:06,14:09,3,0,0.0,2,8.534,62.368,70.902,1,B1296,delivery_service,Delivery,Delivery
2,87,Stay,4,4,4,4,509,512,14:09,14:12,3,0,0.0,3,12.801,70.902,83.703,1,B1307,parking_charging,Position,Delivery
2,88,Delivery,4,4,4,4,512,515,14:12,14:15,3,0,0.0,2,8.534,83.703,92.237,0,B1307,delivery_service,Delivery,Delivery
2,89,Stay,4,4,4,4,515,523,14:15,14:23,8,0,0.0,8,34.136,92.237,126.373,0,B1433,parking_charging,Position,Pickup
2,90,Pickup,4,4,4,4,523,526,14:23,14:26,3,0,0.0,2,8.534,126.373,134.907,3,B1433,pickup_service,Pickup,Pickup
2,91,Movement,4,2,4,2,526,532,14:26,14:32,6,6,16.13,0,0.0,134.907,118.777,3,B1433,passenger_flight,Position,Delivery
2,92,Delivery,2,2,2,2,532,535,14:32,14:35,3,0,0.0,2,8.534,118.777,127.311,0,B1433,delivery_service,Delivery,Delivery
2,93,Pickup,2,2,2,2,535,538,14:35,14:38,3,0,0.0,2,8.534,127.311,135.845,1,B1480,pickup_service,Pickup,Pickup
2,94,Movement,2,1,2,1,538,545,14:38,14:45,7,7,13.61,0,0.0,135.845,122.235,1,B1480,passenger_flight,Position,Delivery
2,95,Delivery,1,1,1,1,545,548,14:45,14:48,3,0,0.0,2,8.534,122.235,130.769,0,B1480,delivery_service,Delivery,Delivery
2,96,Pickup,1,1,1,1,548,551,14:48,14:51,3,0,0.0,2,8.534,130.769,139.303,1,B1535,pickup_service,Pickup,Pickup
2,97,Movement,1,3,1,3,551,557,14:51,14:57,6,6,9.61,0,0.0,139.303,129.693,1,B1535,passenger_flight,Position,Delivery
2,98,Delivery,3,3,3,3,557,560,14:57,15:00,3,0,0.0,2,8.534,129.693,138.227,0,B1535,delivery_service,Delivery,Delivery
2,99,Stay,3,3,3,3,560,564,15:00,15:04,4,0,0.0,4,17.068,138.227,155.295,0,B1605,parking_charging,Position,Pickup
2,100,Pickup,3,3,3,3,564,567,15:04,15:07,3,0,0.0,2,4.705,155.295,160.0,3,B1605,pickup_service,Pickup,Pickup
2,101,Movement,3,5,3,5,567,575,15:07,15:15,8,8,23.93,0,0.0,160.0,136.07,3,B1605,passenger_flight,Position,Delivery
2,102,Delivery,5,5,5,5,575,578,15:15,15:18,3,0,0.0,2,8.534,136.07,144.604,0,B1605,delivery_service,Delivery,Delivery
2,103,Stay,5,5,5,5,578,580,15:18,15:20,2,0,0.0,2,8.534,144.604,153.138,0,B1691,parking_charging,Position,Movement
2,104,Movement,5,6,5,6,580,587,15:20,15:27,7,7,12.76,0,0.0,153.138,140.378,0,B1691,empty_repositioning,Position,Pickup
2,105,Pickup,6,6,6,6,587,590,15:27,15:30,3,0,0.0,2,8.534,140.378,148.912,1,B1691,pickup_service,Pickup,Pickup
2,106,Movement,6,7,6,7,590,602,15:30,15:42,12,12,43.48,0,0.0,148.912,105.432,1,B1691,passenger_flight,Position,Delivery
2,107,Delivery,7,7,7,7,602,605,15:42,15:45,3,0,0.0,2,8.534,105.432,113.966,0,B1691,delivery_service,Delivery,Delivery
2,108,Stay,7,7,7,7,605,612,15:45,15:52,7,0,0.0,7,29.869,113.966,143.835,0,B1807-1,parking_charging,Position,Pickup
2,109,Pickup,7,7,7,7,612,615,15:52,15:55,3,0,0.0,2,8.534,143.835,152.369,3,B1807-1,pickup_service,Pickup,Pickup
2,110,Movement,7,4,7,4,615,622,15:55,16:02,7,7,21.43,0,0.0,152.369,130.939,3,B1807-1,passenger_flight,Position,Delivery
2,111,Delivery,4,4,4,4,622,625,16:02,16:05,3,0,0.0,2,8.534,130.939,139.473,0,B1807-1,delivery_service,Delivery,Delivery
2,112,Pickup,4,4,4,4,625,628,16:05,16:08,3,0,0.0,2,8.534,139.473,148.007,2,B1860,pickup_service,Pickup,Pickup
2,113,Movement,4,2,4,2,628,634,16:08,16:14,6,6,16.13,0,0.0,148.007,131.877,2,B1860,passenger_flight,Position,Delivery
2,114,Delivery,2,2,2,2,634,637,16:14,16:17,3,0,0.0,2,8.534,131.877,140.411,0,B1860,delivery_service,Delivery,Delivery
2,115,Pickup,2,2,2,2,637,640,16:17,16:20,3,0,0.0,2,8.534,140.411,148.945,1,B1929,pickup_service,Pickup,Pickup
2,116,Movement,2,1,2,1,640,647,16:20,16:27,7,7,13.61,0,0.0,148.945,135.335,1,B1929,passenger_flight,Position,Delivery
2,117,Delivery,1,1,1,1,647,650,16:27,16:30,3,0,0.0,2,8.534,135.335,143.869,0,B1929,delivery_service,Delivery,Delivery
2,118,Pickup,1,1,1,1,650,653,16:30,16:33,3,0,0.0,2,8.534,143.869,152.403,2,B2035,pickup_service,Pickup,Pickup
2,119,Movement,1,3,1,3,653,659,16:33,16:39,6,6,9.61,0,0.0,152.403,142.793,2,B2098,passenger_flight,Position,Pickup
2,120,Pickup,3,3,3,3,659,662,16:39,16:42,3,0,0.0,2,8.534,142.793,151.327,3,B2098,pickup_service,Pickup,Pickup
2,121,Delivery,3,3,3,3,662,665,16:42,16:45,3,0,0.0,2,8.534,151.327,159.861,1,B2035,delivery_service,Delivery,Delivery
2,122,Movement,3,5,3,5,665,673,16:45,16:53,8,8,23.93,0,0.0,159.861,135.931,1,B2098,passenger_flight,Position,Delivery
2,123,Delivery,5,5,5,5,673,676,16:53,16:56,3,0,0.0,2,8.534,135.931,144.465,0,B2098,delivery_service,Delivery,Delivery
2,124,Stay,5,5,5,5,676,680,16:56,17:00,4,0,0.0,4,15.535,144.465,160.0,0,B2316,parking_charging,Position,Movement
2,125,Movement,5,3,5,3,680,688,17:00,17:08,8,8,23.93,0,0.0,160.0,136.07,0,B2316,empty_repositioning,Position,Pickup
2,126,Pickup,3,3,3,3,688,691,17:08,17:11,3,0,0.0,2,8.534,136.07,144.604,2,B2316,pickup_service,Pickup,Pickup
2,127,Movement,3,5,3,5,691,699,17:11,17:19,8,8,23.93,0,0.0,144.604,120.674,2,B2316,passenger_flight,Position,Delivery
2,128,Delivery,5,5,5,5,699,702,17:19,17:22,3,0,0.0,2,8.534,120.674,129.208,0,B2316,delivery_service,Delivery,Delivery
2,129,Movement,5,3,5,3,702,710,17:22,17:30,8,8,23.93,0,0.0,129.208,105.278,0,B2556,empty_repositioning,Position,Pickup
2,130,Pickup,3,3,3,3,710,713,17:30,17:33,3,0,0.0,2,8.534,105.278,113.812,2,B2556,pickup_service,Pickup,Pickup
2,131,Movement,3,6,3,6,713,723,17:33,17:43,10,10,32.98,0,0.0,113.812,80.832,2,B2556,passenger_flight,Position,Delivery
2,132,Delivery,6,6,6,6,723,726,17:43,17:46,3,0,0.0,2,8.534,80.832,89.366,0,B2556,delivery_service,Delivery,Delivery
2,133,Pickup,6,6,6,6,726,729,17:46,17:49,3,0,0.0,2,8.534,89.366,97.9,3,B2747,pickup_service,Pickup,Pickup
2,134,Movement,6,7,6,7,729,741,17:49,18:01,12,12,43.48,0,0.0,97.9,54.42,3,B2747,passenger_flight,Position,Delivery
2,135,Delivery,7,7,7,7,741,744,18:01,18:04,3,0,0.0,2,8.534,54.42,62.954,0,B2747,delivery_service,Delivery,Delivery
2,136,Pickup,7,7,7,7,744,747,18:04,18:07,3,0,0.0,2,8.534,62.954,71.488,3,B2938,pickup_service,Pickup,Pickup
2,137,Movement,7,6,7,6,747,759,18:07,18:19,12,12,43.48,0,0.0,71.488,28.008,3,B2938,passenger_flight,Position,Delivery
2,138,Delivery,6,6,6,6,759,762,18:19,18:22,3,0,0.0,2,8.534,28.008,36.542,0,B2938,delivery_service,Delivery,Delivery
2,139,Stay,6,6,6,6,762,772,18:22,18:32,10,0,0.0,10,42.67,36.542,79.212,0,B3130,parking_charging,Position,Pickup
2,140,Pickup,6,6,6,6,772,775,18:32,18:35,3,0,0.0,2,8.534,79.212,87.746,1,B3130,pickup_service,Pickup,Pickup
2,141,Pickup,6,6,6,6,775,778,18:35,18:38,3,0,0.0,2,8.534,87.746,96.28,3,B3136,pickup_service,Pickup,Pickup
2,142,Movement,6,9,6,9,778,798,18:38,18:58,20,20,74.79,0,0.0,96.28,21.49,3,B3130,passenger_flight,Position,Delivery
2,143,Delivery,9,9,9,9,798,801,18:58,19:01,3,0,0.0,2,8.534,21.49,30.024,2,B3130,delivery_service,Delivery,Delivery
2,144,Delivery,9,9,9,9,801,804,19:01,19:04,3,0,0.0,2,8.534,30.024,38.558,0,B3136,delivery_service,Delivery,Delivery
3,0,Stay,4,4,4,4,0,23,05:40,06:03,23,0,0.0,23,0.0,160.0,160.0,0,B2,parking_charging,Position,Pickup
3,1,Pickup,4,4,4,4,23,26,06:03,06:06,3,0,0.0,2,0.0,160.0,160.0,1,B2,pickup_service,Pickup,Pickup
3,2,Pickup,4,4,4,4,26,29,06:06,06:09,3,0,0.0,2,0.0,160.0,160.0,2,B3,pickup_service,Pickup,Pickup
3,3,Movement,4,9,4,9,29,44,06:09,06:24,15,15,55.47,0,0.0,160.0,104.53,2,B2,passenger_flight,Position,Delivery
3,4,Delivery,9,9,9,9,44,47,06:24,06:27,3,0,0.0,2,8.534,104.53,113.064,1,B2,delivery_service,Delivery,Delivery
3,5,Delivery,9,9,9,9,47,50,06:27,06:30,3,0,0.0,2,8.534,113.064,121.598,0,B3,delivery_service,Delivery,Delivery
3,6,Stay,9,9,9,9,50,118,06:30,07:38,68,0,0.0,68,38.402,121.598,160.0,0,B94,parking_charging,Position,Pickup
3,7,Pickup,9,9,9,9,118,121,07:38,07:41,3,0,0.0,2,0.0,160.0,160.0,1,B94,pickup_service,Pickup,Pickup
3,8,Stay,9,9,9,9,121,125,07:41,07:45,4,0,0.0,4,0.0,160.0,160.0,1,B94,parking_charging,Position,Movement
3,9,Movement,9,6,9,6,125,145,07:45,08:05,20,20,74.79,0,0.0,160.0,85.21,1,B94,passenger_flight,Position,Delivery
3,10,Delivery,6,6,6,6,145,148,08:05,08:08,3,0,0.0,2,8.534,85.21,93.744,0,B94,delivery_service,Delivery,Delivery
3,11,Pickup,6,6,6,6,148,151,08:08,08:11,3,0,0.0,2,8.534,93.744,102.278,2,B155,pickup_service,Pickup,Pickup
3,12,Pickup,6,6,6,6,151,154,08:11,08:14,3,0,0.0,2,8.534,102.278,110.812,3,B166,pickup_service,Pickup,Pickup
3,13,Movement,6,1,6,1,154,161,08:14,08:21,7,7,23.39,0,0.0,110.812,87.422,3,B155,passenger_flight,Position,Delivery
3,14,Delivery,1,1,1,1,161,164,08:21,08:24,3,0,0.0,2,8.534,87.422,95.956,1,B155,delivery_service,Delivery,Delivery
3,15,Delivery,1,1,1,1,164,167,08:24,08:27,3,0,0.0,2,8.534,95.956,104.49,0,B166,delivery_service,Delivery,Delivery
3,16,Movement,1,6,1,6,167,174,08:27,08:34,7,7,23.39,0,0.0,104.49,81.1,0,B250,empty_repositioning,Position,Pickup
3,17,Pickup,6,6,6,6,174,177,08:34,08:37,3,0,0.0,2,8.534,81.1,89.634,2,B250,pickup_service,Pickup,Pickup
3,18,Movement,6,1,6,1,177,184,08:37,08:44,7,7,23.39,0,0.0,89.634,66.244,2,B250,passenger_flight,Position,Delivery
3,19,Delivery,1,1,1,1,184,187,08:44,08:47,3,0,0.0,2,8.534,66.244,74.778,0,B250,delivery_service,Delivery,Delivery
3,20,Movement,1,6,1,6,187,194,08:47,08:54,7,7,23.39,0,0.0,74.778,51.388,0,B318,empty_repositioning,Position,Pickup
3,21,Pickup,6,6,6,6,194,197,08:54,08:57,3,0,0.0,2,8.534,51.388,59.922,2,B318,pickup_service,Pickup,Pickup
3,22,Movement,6,1,6,1,197,204,08:57,09:04,7,7,23.39,0,0.0,59.922,36.532,2,B318,passenger_flight,Position,Delivery
3,23,Delivery,1,1,1,1,204,207,09:04,09:07,3,0,0.0,2,8.534,36.532,45.066,0,B318,delivery_service,Delivery,Delivery
3,24,Movement,1,2,1,2,207,214,09:07,09:14,7,7,13.61,0,0.0,45.066,31.456,0,B379,empty_repositioning,Position,Pickup
3,25,Pickup,2,2,2,2,214,217,09:14,09:17,3,0,0.0,2,8.534,31.456,39.99,2,B379,pickup_service,Pickup,Pickup
3,26,Movement,2,1,2,1,217,224,09:17,09:24,7,7,13.61,0,0.0,39.99,26.38,2,B379,passenger_flight,Position,Delivery
3,27,Delivery,1,1,1,1,224,227,09:24,09:27,3,0,0.0,2,8.534,26.38,34.914,0,B379,delivery_service,Delivery,Delivery
3,28,Stay,1,1,1,1,227,241,09:27,09:41,14,0,0.0,14,59.738,34.914,94.652,0,B465,parking_charging,Position,Movement
3,29,Movement,1,3,1,3,241,247,09:41,09:47,6,6,9.61,0,0.0,94.652,85.042,0,B465,empty_repositioning,Position,Pickup
3,30,Pickup,3,3,3,3,247,250,09:47,09:50,3,0,0.0,2,8.534,85.042,93.576,1,B465,pickup_service,Pickup,Pickup
3,31,Stay,3,3,3,3,250,254,09:50,09:54,4,0,0.0,4,17.068,93.576,110.644,1,B465,parking_charging,Position,Movement
3,32,Movement,3,6,3,6,254,264,09:54,10:04,10,10,32.98,0,0.0,110.644,77.664,1,B465,passenger_flight,Position,Delivery
3,33,Delivery,6,6,6,6,264,267,10:04,10:07,3,0,0.0,2,8.534,77.664,86.198,0,B465,delivery_service,Delivery,Delivery
3,34,Stay,6,6,6,6,267,287,10:07,10:27,20,0,0.0,20,73.802,86.198,160.0,0,B658,parking_charging,Position,Pickup
3,35,Pickup,6,6,6,6,287,290,10:27,10:30,3,0,0.0,2,0.0,160.0,160.0,1,B658,pickup_service,Pickup,Pickup
3,36,Pickup,6,6,6,6,290,293,10:30,10:33,3,0,0.0,2,0.0,160.0,160.0,3,B670,pickup_service,Pickup,Pickup
3,37,Movement,6,7,6,7,293,305,10:33,10:45,12,12,43.48,0,0.0,160.0,116.52,3,B658,passenger_flight,Position,Delivery
3,38,Delivery,7,7,7,7,305,308,10:45,10:48,3,0,0.0,2,8.534,116.52,125.054,2,B658,delivery_service,Delivery,Delivery
3,39,Delivery,7,7,7,7,308,311,10:48,10:51,3,0,0.0,2,8.534,125.054,133.588,0,B670,delivery_service,Delivery,Delivery
3,40,Stay,7,7,7,7,311,320,10:51,11:00,9,0,0.0,9,26.412,133.588,160.0,0,B833,parking_charging,Position,Pickup
3,41,Pickup,7,7,7,7,320,323,11:00,11:03,3,0,0.0,2,0.0,160.0,160.0,1,B833,pickup_service,Pickup,Pickup
3,42,Movement,7,4,7,4,323,330,11:03,11:10,7,7,21.43,0,0.0,160.0,138.57,1,B833,passenger_flight,Position,Delivery
3,43,Delivery,4,4,4,4,330,333,11:10,11:13,3,0,0.0,2,8.534,138.57,147.104,0,B833,delivery_service,Delivery,Delivery
3,44,Stay,4,4,4,4,333,357,11:13,11:37,24,0,0.0,24,12.896,147.104,160.0,0,B999,parking_charging,Position,Pickup
3,45,Pickup,4,4,4,4,357,360,11:37,11:40,3,0,0.0,2,0.0,160.0,160.0,1,B999,pickup_service,Pickup,Pickup
3,46,Stay,4,4,4,4,360,364,11:40,11:44,4,0,0.0,4,0.0,160.0,160.0,1,B999,parking_charging,Position,Movement
3,47,Movement,4,7,4,7,364,371,11:44,11:51,7,7,21.43,0,0.0,160.0,138.57,1,B999,passenger_flight,Position,Delivery
3,48,Delivery,7,7,7,7,371,374,11:51,11:54,3,0,0.0,2,8.534,138.57,147.104,0,B999,delivery_service,Delivery,Delivery
3,49,Pickup,7,7,7,7,374,377,11:54,11:57,3,0,0.0,2,8.534,147.104,155.638,2,B1045,pickup_service,Pickup,Pickup
3,50,Movement,7,1,7,1,377,384,11:57,12:04,7,7,21.03,0,0.0,155.638,134.608,2,B1045,passenger_flight,Position,Delivery
3,51,Delivery,1,1,1,1,384,387,12:04,12:07,3,0,0.0,2,8.534,134.608,143.142,0,B1045,delivery_service,Delivery,Delivery
3,52,Stay,1,1,1,1,387,388,12:07,12:08,1,0,0.0,1,4.267,143.142,147.409,0,B1083,parking_charging,Position,Pickup
3,53,Pickup,1,1,1,1,388,391,12:08,12:11,3,0,0.0,2,8.534,147.409,155.943,1,B1083,pickup_service,Pickup,Pickup
3,54,Movement,1,7,1,7,391,398,12:11,12:18,7,7,21.03,0,0.0,155.943,134.913,1,B1083,passenger_flight,Position,Delivery
3,55,Delivery,7,7,7,7,398,401,12:18,12:21,3,0,0.0,2,8.534,134.913,143.447,0,B1083,delivery_service,Delivery,Delivery
3,56,Pickup,7,7,7,7,401,404,12:21,12:24,3,0,0.0,2,8.534,143.447,151.981,1,B1116,pickup_service,Pickup,Pickup
3,57,Pickup,7,7,7,7,404,407,12:24,12:27,3,0,0.0,2,8.019,151.981,160.0,2,B1123,pickup_service,Pickup,Pickup
3,58,Movement,7,4,7,4,407,414,12:27,12:34,7,7,21.43,0,0.0,160.0,138.57,2,B1116,passenger_flight,Position,Delivery
3,59,Delivery,4,4,4,4,414,417,12:34,12:37,3,0,0.0,2,8.534,138.57,147.104,1,B1116,delivery_service,Delivery,Delivery
3,60,Delivery,4,4,4,4,417,420,12:37,12:40,3,0,0.0,2,8.534,147.104,155.638,0,B1123,delivery_service,Delivery,Delivery
3,61,Stay,4,4,4,4,420,444,12:40,13:04,24,0,0.0,24,4.362,155.638,160.0,0,B1222,parking_charging,Position,Pickup
3,62,Pickup,4,4,4,4,444,447,13:04,13:07,3,0,0.0,2,0.0,160.0,160.0,1,B1222,pickup_service,Pickup,Pickup
3,63,Pickup,4,4,4,4,447,450,13:07,13:10,3,0,0.0,2,0.0,160.0,160.0,3,B1229,pickup_service,Pickup,Pickup
3,64,Movement,4,2,4,2,450,456,13:10,13:16,6,6,16.13,0,0.0,160.0,143.87,3,B1222,passenger_flight,Position,Delivery
3,65,Delivery,2,2,2,2,456,459,13:16,13:19,3,0,0.0,2,8.534,143.87,152.404,2,B1222,delivery_service,Delivery,Delivery
3,66,Delivery,2,2,2,2,459,462,13:19,13:22,3,0,0.0,2,7.596,152.404,160.0,0,B1229,delivery_service,Delivery,Delivery
3,67,Stay,2,2,2,2,462,472,13:22,13:32,10,0,0.0,10,0.0,160.0,160.0,0,B1276,parking_charging,Position,Pickup
3,68,Pickup,2,2,2,2,472,475,13:32,13:35,3,0,0.0,2,0.0,160.0,160.0,1,B1276,pickup_service,Pickup,Pickup
3,69,Movement,2,5,2,5,475,483,13:35,13:43,8,8,27.57,0,0.0,160.0,132.43,1,B1276,passenger_flight,Position,Delivery
3,70,Delivery,5,5,5,5,483,486,13:43,13:46,3,0,0.0,2,8.534,132.43,140.964,0,B1276,delivery_service,Delivery,Delivery
3,71,Stay,5,5,5,5,486,490,13:46,13:50,4,0,0.0,4,17.068,140.964,158.032,0,B1314,parking_charging,Position,Pickup
3,72,Pickup,5,5,5,5,490,493,13:50,13:53,3,0,0.0,2,1.968,158.032,160.0,1,B1314,pickup_service,Pickup,Pickup
3,73,Movement,5,2,5,2,493,501,13:53,14:01,8,8,27.57,0,0.0,160.0,132.43,1,B1314,passenger_flight,Position,Delivery
3,74,Delivery,2,2,2,2,501,504,14:01,14:04,3,0,0.0,2,8.534,132.43,140.964,0,B1314,delivery_service,Delivery,Delivery
3,75,Pickup,2,2,2,2,504,507,14:04,14:07,3,0,0.0,2,8.534,140.964,149.498,2,B1339,pickup_service,Pickup,Pickup
3,76,Movement,2,5,2,5,507,515,14:07,14:15,8,8,27.57,0,0.0,149.498,121.928,2,B1339,passenger_flight,Position,Delivery
3,77,Delivery,5,5,5,5,515,518,14:15,14:18,3,0,0.0,2,8.534,121.928,130.462,0,B1339,delivery_service,Delivery,Delivery
3,78,Stay,5,5,5,5,518,527,14:18,14:27,9,0,0.0,9,29.538,130.462,160.0,0,B1487,parking_charging,Position,Movement
3,79,Movement,5,6,5,6,527,534,14:27,14:34,7,7,12.76,0,0.0,160.0,147.24,0,B1487,empty_repositioning,Position,Pickup
3,80,Pickup,6,6,6,6,534,537,14:34,14:37,3,0,0.0,2,8.534,147.24,155.774,2,B1487,pickup_service,Pickup,Pickup
3,81,Pickup,6,6,6,6,537,540,14:37,14:40,3,0,0.0,2,4.226,155.774,160.0,3,B1492,pickup_service,Pickup,Pickup
3,82,Movement,6,7,6,7,540,552,14:40,14:52,12,12,43.48,0,0.0,160.0,116.52,3,B1487,passenger_flight,Position,Delivery
3,83,Delivery,7,7,7,7,552,555,14:52,14:55,3,0,0.0,2,8.534,116.52,125.054,1,B1487,delivery_service,Delivery,Delivery
3,84,Delivery,7,7,7,7,555,558,14:55,14:58,3,0,0.0,2,8.534,125.054,133.588,0,B1492,delivery_service,Delivery,Delivery
3,85,Stay,7,7,7,7,558,562,14:58,15:02,4,0,0.0,4,17.068,133.588,150.656,0,B1601,parking_charging,Position,Pickup
3,86,Pickup,7,7,7,7,562,565,15:02,15:05,3,0,0.0,2,8.534,150.656,159.19,2,B1601,pickup_service,Pickup,Pickup
3,87,Movement,7,1,7,1,565,572,15:05,15:12,7,7,21.03,0,0.0,159.19,138.16,2,B1601,passenger_flight,Position,Delivery
3,88,Delivery,1,1,1,1,572,575,15:12,15:15,3,0,0.0,2,8.534,138.16,146.694,0,B1601,delivery_service,Delivery,Delivery
3,89,Movement,1,4,1,4,575,579,15:15,15:19,4,4,4.98,0,0.0,146.694,141.714,0,B1653,empty_repositioning,Position,Pickup
3,90,Pickup,4,4,4,4,579,582,15:19,15:22,3,0,0.0,2,8.534,141.714,150.248,1,B1653,pickup_service,Pickup,Pickup
3,91,Movement,4,9,4,9,582,597,15:22,15:37,15,15,55.47,0,0.0,150.248,94.778,1,B1653,passenger_flight,Position,Delivery
3,92,Delivery,9,9,9,9,597,600,15:37,15:40,3,0,0.0,2,8.534,94.778,103.312,0,B1653,delivery_service,Delivery,Delivery
3,93,Stay,9,9,9,9,600,620,15:40,16:00,20,0,0.0,20,56.688,103.312,160.0,0,B1844,parking_charging,Position,Pickup
3,94,Pickup,9,9,9,9,620,623,16:00,16:03,3,0,0.0,2,0.0,160.0,160.0,1,B1844,pickup_service,Pickup,Pickup
3,95,Stay,9,9,9,9,623,624,16:03,16:04,1,0,0.0,1,0.0,160.0,160.0,1,B1873,parking_charging,Position,Pickup
3,96,Pickup,9,9,9,9,624,627,16:04,16:07,3,0,0.0,2,0.0,160.0,160.0,3,B1873,pickup_service,Pickup,Pickup
3,97,Movement,9,4,9,4,627,642,16:07,16:22,15,15,55.47,0,0.0,160.0,104.53,3,B1844,passenger_flight,Position,Delivery
3,98,Delivery,4,4,4,4,642,645,16:22,16:25,3,0,0.0,2,8.534,104.53,113.064,2,B1844,delivery_service,Delivery,Delivery
3,99,Delivery,4,4,4,4,645,648,16:25,16:28,3,0,0.0,2,8.534,113.064,121.598,0,B1873,delivery_service,Delivery,Delivery
3,100,Stay,4,4,4,4,648,657,16:28,16:37,9,0,0.0,9,38.402,121.598,160.0,0,B2080,parking_charging,Position,Pickup
3,101,Pickup,4,4,4,4,657,660,16:37,16:40,3,0,0.0,2,0.0,160.0,160.0,3,B2080,pickup_service,Pickup,Pickup
3,102,Movement,4,2,4,2,660,666,16:40,16:46,6,6,16.13,0,0.0,160.0,143.87,3,B2080,passenger_flight,Position,Delivery
3,103,Delivery,2,2,2,2,666,669,16:46,16:49,3,0,0.0,2,8.534,143.87,152.404,0,B2080,delivery_service,Delivery,Delivery
3,104,Stay,2,2,2,2,669,671,16:49,16:51,2,0,0.0,2,7.596,152.404,160.0,0,B2197,parking_charging,Position,Pickup
3,105,Pickup,2,2,2,2,671,674,16:51,16:54,3,0,0.0,2,0.0,160.0,160.0,3,B2197,pickup_service,Pickup,Pickup
3,106,Movement,2,5,2,5,674,682,16:54,17:02,8,8,27.57,0,0.0,160.0,132.43,3,B2197,passenger_flight,Position,Delivery
3,107,Delivery,5,5,5,5,682,685,17:02,17:05,3,0,0.0,2,8.534,132.43,140.964,0,B2197,delivery_service,Delivery,Delivery
3,108,Movement,5,3,5,3,685,693,17:05,17:13,8,8,23.93,0,0.0,140.964,117.034,0,B2357,empty_repositioning,Position,Pickup
3,109,Pickup,3,3,3,3,693,696,17:13,17:16,3,0,0.0,2,8.534,117.034,125.568,2,B2357,pickup_service,Pickup,Pickup
3,110,Movement,3,5,3,5,696,704,17:16,17:24,8,8,23.93,0,0.0,125.568,101.638,2,B2357,passenger_flight,Position,Delivery
3,111,Delivery,5,5,5,5,704,707,17:24,17:27,3,0,0.0,2,8.534,101.638,110.172,0,B2357,delivery_service,Delivery,Delivery
3,112,Movement,5,3,5,3,707,715,17:27,17:35,8,8,23.93,0,0.0,110.172,86.242,0,B2594,empty_repositioning,Position,Pickup
3,113,Pickup,3,3,3,3,715,718,17:35,17:38,3,0,0.0,2,8.534,86.242,94.776,2,B2594,pickup_service,Pickup,Pickup
3,114,Movement,3,4,3,4,718,725,17:38,17:45,7,7,12.6,0,0.0,94.776,82.176,2,B2594,passenger_flight,Position,Delivery
3,115,Delivery,4,4,4,4,725,728,17:45,17:48,3,0,0.0,2,8.534,82.176,90.71,0,B2594,delivery_service,Delivery,Delivery
3,116,Pickup,4,4,4,4,728,731,17:48,17:51,3,0,0.0,2,8.534,90.71,99.244,3,B2759,pickup_service,Pickup,Pickup
3,117,Movement,4,7,4,7,731,738,17:51,17:58,7,7,21.43,0,0.0,99.244,77.814,3,B2759,passenger_flight,Position,Delivery
3,118,Delivery,7,7,7,7,738,741,17:58,18:01,3,0,0.0,2,8.534,77.814,86.348,0,B2759,delivery_service,Delivery,Delivery
3,119,Stay,7,7,7,7,741,760,18:01,18:20,19,0,0.0,19,73.652,86.348,160.0,0,B3095,parking_charging,Position,Movement
3,120,Movement,7,8,7,8,760,767,18:20,18:27,7,7,22.2,0,0.0,160.0,137.8,0,B3095,empty_repositioning,Position,Pickup
3,121,Pickup,8,8,8,8,767,770,18:27,18:30,3,0,0.0,2,8.534,137.8,146.334,2,B3095,pickup_service,Pickup,Pickup
3,122,Pickup,8,8,8,8,770,773,18:30,18:33,3,0,0.0,2,8.534,146.334,154.868,3,B3109,pickup_service,Pickup,Pickup
3,123,Movement,8,6,8,6,773,790,18:33,18:50,17,17,60.41,0,0.0,154.868,94.458,3,B3095,passenger_flight,Position,Delivery
3,124,Delivery,6,6,6,6,790,793,18:50,18:53,3,0,0.0,2,8.534,94.458,102.992,1,B3095,delivery_service,Delivery,Delivery
3,125,Delivery,6,6,6,6,793,796,18:53,18:56,3,0,0.0,2,8.534,102.992,111.526,0,B3109,delivery_service,Delivery,Delivery
3,126,Stay,6,6,6,6,796,800,18:56,19:00,4,0,0.0,4,17.068,111.526,128.594,0,B3309,parking_charging,Position,Movement
3,127,Movement,6,4,6,4,800,807,19:00,19:07,7,7,22.06,0,0.0,128.594,106.534,0,B3309,empty_repositioning,Position,Pickup
3,128,Pickup,4,4,4,4,807,810,19:07,19:10,3,0,0.0,2,8.534,106.534,115.068,1,B3309,pickup_service,Pickup,Pickup
3,129,Movement,4,2,4,2,810,816,19:10,19:16,6,6,16.13,0,0.0,115.068,98.938,1,B3309,passenger_flight,Position,Delivery
3,130,Delivery,2,2,2,2,816,819,19:16,19:19,3,0,0.0,2,8.534,98.938,107.472,0,B3309,delivery_service,Delivery,Delivery
4,0,Stay,5,5,5,5,0,37,05:40,06:17,37,0,0.0,37,0.0,160.0,160.0,0,B15,parking_charging,Position,Pickup
4,1,Pickup,5,5,5,5,37,40,06:17,06:20,3,0,0.0,2,0.0,160.0,160.0,1,B15,pickup_service,Pickup,Pickup
4,2,Movement,5,9,5,9,40,57,06:20,06:37,17,17,62.04,0,0.0,160.0,97.96,1,B15,passenger_flight,Position,Delivery
4,3,Delivery,9,9,9,9,57,60,06:37,06:40,3,0,0.0,2,8.534,97.96,106.494,0,B15,delivery_service,Delivery,Delivery
4,4,Stay,9,9,9,9,60,103,06:40,07:23,43,0,0.0,43,53.506,106.494,160.0,0,B84,parking_charging,Position,Movement
4,5,Movement,9,8,9,8,103,109,07:23,07:29,6,6,18.04,0,0.0,160.0,141.96,0,B84,empty_repositioning,Position,Pickup
4,6,Pickup,8,8,8,8,109,112,07:29,07:32,3,0,0.0,2,8.534,141.96,150.494,1,B84,pickup_service,Pickup,Pickup
4,7,Pickup,8,8,8,8,112,115,07:32,07:35,3,0,0.0,2,8.534,150.494,159.028,2,B88,pickup_service,Pickup,Pickup
4,8,Movement,8,2,8,2,115,125,07:35,07:45,10,10,32.38,0,0.0,159.028,126.648,2,B84,passenger_flight,Position,Delivery
4,9,Delivery,2,2,2,2,125,128,07:45,07:48,3,0,0.0,2,8.534,126.648,135.182,1,B84,delivery_service,Delivery,Delivery
4,10,Delivery,2,2,2,2,128,131,07:48,07:51,3,0,0.0,2,8.534,135.182,143.716,0,B88,delivery_service,Delivery,Delivery
4,11,Pickup,2,2,2,2,131,134,07:51,07:54,3,0,0.0,2,8.534,143.716,152.25,1,B110,pickup_service,Pickup,Pickup
4,12,Movement,2,4,2,4,134,140,07:54,08:00,6,6,16.13,0,0.0,152.25,136.12,1,B110,passenger_flight,Position,Delivery
4,13,Delivery,4,4,4,4,140,143,08:00,08:03,3,0,0.0,2,8.534,136.12,144.654,0,B110,delivery_service,Delivery,Delivery
4,14,Stay,4,4,4,4,143,147,08:03,08:07,4,0,0.0,4,15.346,144.654,160.0,0,B179,parking_charging,Position,Movement
4,15,Movement,4,5,4,5,147,153,08:07,08:13,6,6,11.45,0,0.0,160.0,148.55,0,B179,empty_repositioning,Position,Pickup
4,16,Pickup,5,5,5,5,153,156,08:13,08:16,3,0,0.0,2,8.534,148.55,157.084,3,B179,pickup_service,Pickup,Pickup
4,17,Movement,5,3,5,3,156,164,08:16,08:24,8,8,23.93,0,0.0,157.084,133.154,3,B179,passenger_flight,Position,Delivery
4,18,Delivery,3,3,3,3,164,167,08:24,08:27,3,0,0.0,2,8.534,133.154,141.688,0,B179,delivery_service,Delivery,Delivery
4,19,Stay,3,3,3,3,167,173,08:27,08:33,6,0,0.0,6,18.312,141.688,160.0,0,B260,parking_charging,Position,Pickup
4,20,Pickup,3,3,3,3,173,176,08:33,08:36,3,0,0.0,2,0.0,160.0,160.0,1,B260,pickup_service,Pickup,Pickup
4,21,Pickup,3,3,3,3,176,179,08:36,08:39,3,0,0.0,2,0.0,160.0,160.0,3,B269,pickup_service,Pickup,Pickup
4,22,Movement,3,4,3,4,179,186,08:39,08:46,7,7,12.6,0,0.0,160.0,147.4,3,B260,passenger_flight,Position,Delivery
4,23,Delivery,4,4,4,4,186,189,08:46,08:49,3,0,0.0,2,8.534,147.4,155.934,2,B260,delivery_service,Delivery,Delivery
4,24,Delivery,4,4,4,4,189,192,08:49,08:52,3,0,0.0,2,4.066,155.934,160.0,0,B269,delivery_service,Delivery,Delivery
4,25,Movement,4,5,4,5,192,198,08:52,08:58,6,6,11.45,0,0.0,160.0,148.55,0,B338,empty_repositioning,Position,Pickup
4,26,Pickup,5,5,5,5,198,201,08:58,09:01,3,0,0.0,2,8.534,148.55,157.084,2,B338,pickup_service,Pickup,Pickup
4,27,Movement,5,3,5,3,201,209,09:01,09:09,8,8,23.93,0,0.0,157.084,133.154,2,B338,passenger_flight,Position,Delivery
4,28,Delivery,3,3,3,3,209,212,09:09,09:12,3,0,0.0,2,8.534,133.154,141.688,0,B338,delivery_service,Delivery,Delivery
4,29,Pickup,3,3,3,3,212,215,09:12,09:15,3,0,0.0,2,8.534,141.688,150.222,2,B377,pickup_service,Pickup,Pickup
4,30,Movement,3,4,3,4,215,222,09:15,09:22,7,7,12.6,0,0.0,150.222,137.622,2,B377,passenger_flight,Position,Delivery
4,31,Delivery,4,4,4,4,222,225,09:22,09:25,3,0,0.0,2,8.534,137.622,146.156,0,B377,delivery_service,Delivery,Delivery
4,32,Pickup,4,4,4,4,225,228,09:25,09:28,3,0,0.0,2,8.534,146.156,154.69,1,B413,pickup_service,Pickup,Pickup
4,33,Movement,4,7,4,7,228,235,09:28,09:35,7,7,21.43,0,0.0,154.69,133.26,1,B413,passenger_flight,Position,Delivery
4,34,Delivery,7,7,7,7,235,238,09:35,09:38,3,0,0.0,2,8.534,133.26,141.794,0,B413,delivery_service,Delivery,Delivery
4,35,Stay,7,7,7,7,238,248,09:38,09:48,10,0,0.0,10,18.206,141.794,160.0,0,B468,parking_charging,Position,Pickup
4,36,Pickup,7,7,7,7,248,251,09:48,09:51,3,0,0.0,2,0.0,160.0,160.0,1,B468,pickup_service,Pickup,Pickup
4,37,Movement,7,1,7,1,251,258,09:51,09:58,7,7,21.03,0,0.0,160.0,138.97,1,B468,passenger_flight,Position,Delivery
4,38,Delivery,1,1,1,1,258,261,09:58,10:01,3,0,0.0,2,8.534,138.97,147.504,0,B468,delivery_service,Delivery,Delivery
4,39,Stay,1,1,1,1,261,266,10:01,10:06,5,0,0.0,5,12.496,147.504,160.0,0,B525,parking_charging,Position,Pickup
4,40,Pickup,1,1,1,1,266,269,10:06,10:09,3,0,0.0,2,0.0,160.0,160.0,1,B525,pickup_service,Pickup,Pickup
4,41,Movement,1,7,1,7,269,276,10:09,10:16,7,7,21.03,0,0.0,160.0,138.97,1,B525,passenger_flight,Position,Delivery
4,42,Delivery,7,7,7,7,276,279,10:16,10:19,3,0,0.0,2,8.534,138.97,147.504,0,B525,delivery_service,Delivery,Delivery
4,43,Stay,7,7,7,7,279,280,10:19,10:20,1,0,0.0,1,4.267,147.504,151.771,0,B608,parking_charging,Position,Pickup
4,44,Pickup,7,7,7,7,280,283,10:20,10:23,3,0,0.0,2,8.229,151.771,160.0,1,B608,pickup_service,Pickup,Pickup
4,45,Movement,7,4,7,4,283,290,10:23,10:30,7,7,21.43,0,0.0,160.0,138.57,1,B608,passenger_flight,Position,Delivery
4,46,Delivery,4,4,4,4,290,293,10:30,10:33,3,0,0.0,2,8.534,138.57,147.104,0,B608,delivery_service,Delivery,Delivery
4,47,Stay,4,4,4,4,293,314,10:33,10:54,21,0,0.0,21,12.896,147.104,160.0,0,B802-1,parking_charging,Position,Pickup
4,48,Pickup,4,4,4,4,314,317,10:54,10:57,3,0,0.0,2,0.0,160.0,160.0,3,B802-1,pickup_service,Pickup,Pickup
4,49,Movement,4,7,4,7,317,324,10:57,11:04,7,7,21.43,0,0.0,160.0,138.57,3,B802-1,passenger_flight,Position,Delivery
4,50,Delivery,7,7,7,7,324,327,11:04,11:07,3,0,0.0,2,8.534,138.57,147.104,0,B802-1,delivery_service,Delivery,Delivery
4,51,Pickup,7,7,7,7,327,330,11:07,11:10,3,0,0.0,2,8.534,147.104,155.638,1,B861,pickup_service,Pickup,Pickup
4,52,Movement,7,1,7,1,330,337,11:10,11:17,7,7,21.03,0,0.0,155.638,134.608,1,B861,passenger_flight,Position,Delivery
4,53,Delivery,1,1,1,1,337,340,11:17,11:20,3,0,0.0,2,8.534,134.608,143.142,0,B861,delivery_service,Delivery,Delivery
4,54,Movement,1,5,1,5,340,348,11:20,11:28,8,8,14.88,0,0.0,143.142,128.262,0,B940,empty_repositioning,Position,Pickup
4,55,Pickup,5,5,5,5,348,351,11:28,11:31,3,0,0.0,2,8.534,128.262,136.796,1,B940,pickup_service,Pickup,Pickup
4,56,Movement,5,3,5,3,351,359,11:31,11:39,8,8,23.93,0,0.0,136.796,112.866,1,B940,passenger_flight,Position,Delivery
4,57,Delivery,3,3,3,3,359,362,11:39,11:42,3,0,0.0,2,8.534,112.866,121.4,0,B940,delivery_service,Delivery,Delivery
4,58,Stay,3,3,3,3,362,378,11:42,11:58,16,0,0.0,16,38.6,121.4,160.0,0,B1063,parking_charging,Position,Pickup
4,59,Pickup,3,3,3,3,378,381,11:58,12:01,3,0,0.0,2,0.0,160.0,160.0,2,B1063,pickup_service,Pickup,Pickup
4,60,Movement,3,10,3,10,381,396,12:01,12:16,15,15,54.92,0,0.0,160.0,105.08,2,B1063,passenger_flight,Position,Delivery
4,61,Delivery,10,10,10,10,396,399,12:16,12:19,3,0,0.0,2,8.534,105.08,113.614,0,B1063,delivery_service,Delivery,Delivery
4,62,Stay,10,10,10,10,399,418,12:19,12:38,19,0,0.0,19,46.386,113.614,160.0,0,B1161,parking_charging,Position,Pickup
4,63,Pickup,10,10,10,10,418,421,12:38,12:41,3,0,0.0,2,0.0,160.0,160.0,2,B1161,pickup_service,Pickup,Pickup
4,64,Movement,10,4,10,4,421,433,12:41,12:53,12,12,42.86,0,0.0,160.0,117.14,2,B1161,passenger_flight,Position,Delivery
4,65,Delivery,4,4,4,4,433,436,12:53,12:56,3,0,0.0,2,8.534,117.14,125.674,0,B1161,delivery_service,Delivery,Delivery
4,66,Stay,4,4,4,4,436,470,12:56,13:30,34,0,0.0,34,34.326,125.674,160.0,0,B1270,parking_charging,Position,Pickup
4,67,Pickup,4,4,4,4,470,473,13:30,13:33,3,0,0.0,2,0.0,160.0,160.0,2,B1270,pickup_service,Pickup,Pickup
4,68,Movement,4,3,4,3,473,480,13:33,13:40,7,7,12.6,0,0.0,160.0,147.4,2,B1270,passenger_flight,Position,Delivery
4,69,Delivery,3,3,3,3,480,483,13:40,13:43,3,0,0.0,2,8.534,147.4,155.934,0,B1270,delivery_service,Delivery,Delivery
4,70,Stay,3,3,3,3,483,507,13:43,14:07,24,0,0.0,24,4.066,155.934,160.0,0,B1361,parking_charging,Position,Pickup
4,71,Pickup,3,3,3,3,507,510,14:07,14:10,3,0,0.0,2,0.0,160.0,160.0,2,B1361,pickup_service,Pickup,Pickup
4,72,Pickup,3,3,3,3,510,513,14:10,14:13,3,0,0.0,2,0.0,160.0,160.0,3,B1368,pickup_service,Pickup,Pickup
4,73,Movement,3,4,3,4,513,520,14:13,14:20,7,7,12.6,0,0.0,160.0,147.4,3,B1361,passenger_flight,Position,Delivery
4,74,Delivery,4,4,4,4,520,523,14:20,14:23,3,0,0.0,2,8.534,147.4,155.934,1,B1361,delivery_service,Delivery,Delivery
4,75,Delivery,4,4,4,4,523,526,14:23,14:26,3,0,0.0,2,4.066,155.934,160.0,0,B1368,delivery_service,Delivery,Delivery
4,76,Stay,4,4,4,4,526,540,14:26,14:40,14,0,0.0,14,0.0,160.0,160.0,0,B1509,parking_charging,Position,Pickup
4,77,Pickup,4,4,4,4,540,543,14:40,14:43,3,0,0.0,2,0.0,160.0,160.0,3,B1509,pickup_service,Pickup,Pickup
4,78,Movement,4,7,4,7,543,550,14:43,14:50,7,7,21.43,0,0.0,160.0,138.57,3,B1509,passenger_flight,Position,Delivery
4,79,Delivery,7,7,7,7,550,553,14:50,14:53,3,0,0.0,2,8.534,138.57,147.104,0,B1509,delivery_service,Delivery,Delivery
4,80,Stay,7,7,7,7,553,560,14:53,15:00,7,0,0.0,7,12.896,147.104,160.0,0,B1607,parking_charging,Position,Movement
4,81,Movement,7,4,7,4,560,567,15:00,15:07,7,7,21.43,0,0.0,160.0,138.57,0,B1607,empty_repositioning,Position,Pickup
4,82,Pickup,4,4,4,4,567,570,15:07,15:10,3,0,0.0,2,8.534,138.57,147.104,1,B1607,pickup_service,Pickup,Pickup
4,83,Movement,4,7,4,7,570,577,15:10,15:17,7,7,21.43,0,0.0,147.104,125.674,1,B1607,passenger_flight,Position,Delivery
4,84,Delivery,7,7,7,7,577,580,15:17,15:20,3,0,0.0,2,8.534,125.674,134.208,0,B1607,delivery_service,Delivery,Delivery
4,85,Pickup,7,7,7,7,580,583,15:20,15:23,3,0,0.0,2,8.534,134.208,142.742,2,B1668,pickup_service,Pickup,Pickup
4,86,Movement,7,4,7,4,583,590,15:23,15:30,7,7,21.43,0,0.0,142.742,121.312,2,B1668,passenger_flight,Position,Delivery
4,87,Delivery,4,4,4,4,590,593,15:30,15:33,3,0,0.0,2,8.534,121.312,129.846,0,B1668,delivery_service,Delivery,Delivery
4,88,Stay,4,4,4,4,593,620,15:33,16:00,27,0,0.0,27,30.154,129.846,160.0,0,B1841,parking_charging,Position,Pickup
4,89,Pickup,4,4,4,4,620,623,16:00,16:03,3,0,0.0,2,0.0,160.0,160.0,3,B1841,pickup_service,Pickup,Pickup
4,90,Movement,4,2,4,2,623,629,16:03,16:09,6,6,16.13,0,0.0,160.0,143.87,3,B1841,passenger_flight,Position,Delivery
4,91,Delivery,2,2,2,2,629,632,16:09,16:12,3,0,0.0,2,8.534,143.87,152.404,0,B1841,delivery_service,Delivery,Delivery
4,92,Pickup,2,2,2,2,632,635,16:12,16:15,3,0,0.0,2,7.596,152.404,160.0,1,B1905,pickup_service,Pickup,Pickup
4,93,Movement,2,4,2,4,635,641,16:15,16:21,6,6,16.13,0,0.0,160.0,143.87,1,B1905,passenger_flight,Position,Delivery
4,94,Delivery,4,4,4,4,641,644,16:21,16:24,3,0,0.0,2,8.534,143.87,152.404,0,B1905,delivery_service,Delivery,Delivery
4,95,Pickup,4,4,4,4,644,647,16:24,16:27,3,0,0.0,2,7.596,152.404,160.0,1,B1983,pickup_service,Pickup,Pickup
4,96,Movement,4,2,4,2,647,653,16:27,16:33,6,6,16.13,0,0.0,160.0,143.87,1,B1983,passenger_flight,Position,Delivery
4,97,Delivery,2,2,2,2,653,656,16:33,16:36,3,0,0.0,2,8.534,143.87,152.404,0,B1983,delivery_service,Delivery,Delivery
4,98,Stay,2,2,2,2,656,660,16:36,16:40,4,0,0.0,4,7.596,152.404,160.0,0,B2072,parking_charging,Position,Pickup
4,99,Pickup,2,2,2,2,660,663,16:40,16:43,3,0,0.0,2,0.0,160.0,160.0,1,B2072,pickup_service,Pickup,Pickup
4,100,Movement,2,1,2,1,663,670,16:43,16:50,7,7,13.61,0,0.0,160.0,146.39,1,B2072,passenger_flight,Position,Delivery
4,101,Delivery,1,1,1,1,670,673,16:50,16:53,3,0,0.0,2,8.534,146.39,154.924,0,B2072,delivery_service,Delivery,Delivery
4,102,Stay,1,1,1,1,673,677,16:53,16:57,4,0,0.0,4,5.076,154.924,160.0,0,B2240,parking_charging,Position,Pickup
4,103,Pickup,1,1,1,1,677,680,16:57,17:00,3,0,0.0,2,0.0,160.0,160.0,2,B2240,pickup_service,Pickup,Pickup
4,104,Movement,1,5,1,5,680,688,17:00,17:08,8,8,14.88,0,0.0,160.0,145.12,2,B2240,passenger_flight,Position,Delivery
4,105,Delivery,5,5,5,5,688,691,17:08,17:11,3,0,0.0,2,8.534,145.12,153.654,0,B2240,delivery_service,Delivery,Delivery
4,106,Movement,5,4,5,4,691,697,17:11,17:17,6,6,11.45,0,0.0,153.654,142.204,0,B2459,empty_repositioning,Position,Pickup
4,107,Pickup,4,4,4,4,697,700,17:17,17:20,3,0,0.0,2,8.534,142.204,150.738,1,B2459,pickup_service,Pickup,Pickup
4,108,Stay,4,4,4,4,700,703,17:20,17:23,3,0,0.0,3,9.262,150.738,160.0,1,B2459,parking_charging,Position,Movement
4,109,Movement,4,7,4,7,703,710,17:23,17:30,7,7,21.43,0,0.0,160.0,138.57,1,B2459,passenger_flight,Position,Delivery
4,110,Delivery,7,7,7,7,710,713,17:30,17:33,3,0,0.0,2,8.534,138.57,147.104,0,B2459,delivery_service,Delivery,Delivery
4,111,Pickup,7,7,7,7,713,716,17:33,17:36,3,0,0.0,2,8.534,147.104,155.638,3,B2636,pickup_service,Pickup,Pickup
4,112,Movement,7,4,7,4,716,723,17:36,17:43,7,7,21.43,0,0.0,155.638,134.208,3,B2636,passenger_flight,Position,Delivery
4,113,Delivery,4,4,4,4,723,726,17:43,17:46,3,0,0.0,2,8.534,134.208,142.742,0,B2636,delivery_service,Delivery,Delivery
4,114,Stay,4,4,4,4,726,728,17:46,17:48,2,0,0.0,2,8.534,142.742,151.276,0,B2795,parking_charging,Position,Pickup
4,115,Pickup,4,4,4,4,728,731,17:48,17:51,3,0,0.0,2,8.534,151.276,159.81,3,B2795,pickup_service,Pickup,Pickup
4,116,Movement,4,2,4,2,731,737,17:51,17:57,6,6,16.13,0,0.0,159.81,143.68,3,B2795,passenger_flight,Position,Delivery
4,117,Delivery,2,2,2,2,737,740,17:57,18:00,3,0,0.0,2,8.534,143.68,152.214,0,B2795,delivery_service,Delivery,Delivery
4,118,Stay,2,2,2,2,740,753,18:00,18:13,13,0,0.0,13,7.786,152.214,160.0,0,B3006,parking_charging,Position,Pickup
4,119,Pickup,2,2,2,2,753,756,18:13,18:16,3,0,0.0,2,0.0,160.0,160.0,3,B3006,pickup_service,Pickup,Pickup
4,120,Movement,2,1,2,1,756,763,18:16,18:23,7,7,13.61,0,0.0,160.0,146.39,3,B3006,passenger_flight,Position,Delivery
4,121,Delivery,1,1,1,1,763,766,18:23,18:26,3,0,0.0,2,8.534,146.39,154.924,0,B3006,delivery_service,Delivery,Delivery
4,122,Stay,1,1,1,1,766,777,18:26,18:37,11,0,0.0,11,5.076,154.924,160.0,0,B3154,parking_charging,Position,Pickup
4,123,Pickup,1,1,1,1,777,780,18:37,18:40,3,0,0.0,2,0.0,160.0,160.0,3,B3154,pickup_service,Pickup,Pickup
4,124,Movement,1,3,1,3,780,786,18:40,18:46,6,6,9.61,0,0.0,160.0,150.39,3,B3154,passenger_flight,Position,Delivery
4,125,Delivery,3,3,3,3,786,789,18:46,18:49,3,0,0.0,2,8.534,150.39,158.924,0,B3154,delivery_service,Delivery,Delivery
4,126,Movement,3,2,3,2,789,792,18:49,18:52,3,3,4.08,0,0.0,158.924,154.844,0,B3219,empty_repositioning,Position,Pickup
4,127,Pickup,2,2,2,2,792,795,18:52,18:55,3,0,0.0,2,5.156,154.844,160.0,2,B3219,pickup_service,Pickup,Pickup
4,128,Movement,2,1,2,1,795,802,18:55,19:02,7,7,13.61,0,0.0,160.0,146.39,2,B3219,passenger_flight,Position,Delivery
4,129,Delivery,1,1,1,1,802,805,19:02,19:05,3,0,0.0,2,8.534,146.39,154.924,0,B3219,delivery_service,Delivery,Delivery
4,130,Pickup,1,1,1,1,805,808,19:05,19:08,3,0,0.0,2,5.076,154.924,160.0,2,B3295,pickup_service,Pickup,Pickup
4,131,Movement,1,3,1,3,808,814,19:08,19:14,6,6,9.61,0,0.0,160.0,150.39,2,B3295,passenger_flight,Position,Delivery
4,132,Delivery,3,3,3,3,814,817,19:14,19:17,3,0,0.0,2,8.534,150.39,158.924,0,B3295,delivery_service,Delivery,Delivery
5,0,Stay,6,6,6,6,0,30,05:40,06:10,30,0,0.0,30,0.0,160.0,160.0,0,B9,parking_charging,Position,Pickup
5,1,Pickup,6,6,6,6,30,33,06:10,06:13,3,0,0.0,2,0.0,160.0,160.0,1,B9,pickup_service,Pickup,Pickup
5,2,Pickup,6,6,6,6,33,36,06:13,06:16,3,0,0.0,2,0.0,160.0,160.0,3,B11,pickup_service,Pickup,Pickup
5,3,Movement,6,7,6,7,36,48,06:16,06:28,12,12,43.48,0,0.0,160.0,116.52,3,B9,passenger_flight,Position,Delivery
5,4,Delivery,7,7,7,7,48,51,06:28,06:31,3,0,0.0,2,8.534,116.52,125.054,2,B9,delivery_service,Delivery,Delivery
5,5,Delivery,7,7,7,7,51,54,06:31,06:34,3,0,0.0,2,8.534,125.054,133.588,0,B11,delivery_service,Delivery,Delivery
5,6,Stay,7,7,7,7,54,90,06:34,07:10,36,0,0.0,36,26.412,133.588,160.0,0,B59,parking_charging,Position,Pickup
5,7,Pickup,7,7,7,7,90,93,07:10,07:13,3,0,0.0,2,0.0,160.0,160.0,1,B59,pickup_service,Pickup,Pickup
5,8,Movement,7,1,7,1,93,100,07:13,07:20,7,7,21.03,0,0.0,160.0,138.97,1,B59,passenger_flight,Position,Delivery
5,9,Delivery,1,1,1,1,100,103,07:20,07:23,3,0,0.0,2,8.534,138.97,147.504,0,B59,delivery_service,Delivery,Delivery
5,10,Movement,1,6,1,6,103,110,07:23,07:30,7,7,23.39,0,0.0,147.504,124.114,0,B80,empty_repositioning,Position,Pickup
5,11,Pickup,6,6,6,6,110,113,07:30,07:33,3,0,0.0,2,8.534,124.114,132.648,1,B80,pickup_service,Pickup,Pickup
5,12,Movement,6,1,6,1,113,120,07:33,07:40,7,7,23.39,0,0.0,132.648,109.258,1,B80,passenger_flight,Position,Delivery
5,13,Delivery,1,1,1,1,120,123,07:40,07:43,3,0,0.0,2,8.534,109.258,117.792,0,B80,delivery_service,Delivery,Delivery
5,14,Stay,1,1,1,1,123,131,07:43,07:51,8,0,0.0,8,34.136,117.792,151.928,0,B118,parking_charging,Position,Movement
5,15,Movement,1,6,1,6,131,138,07:51,07:58,7,7,23.39,0,0.0,151.928,128.538,0,B118,empty_repositioning,Position,Pickup
5,16,Pickup,6,6,6,6,138,141,07:58,08:01,3,0,0.0,2,8.534,128.538,137.072,1,B118,pickup_service,Pickup,Pickup
5,17,Movement,6,1,6,1,141,148,08:01,08:08,7,7,23.39,0,0.0,137.072,113.682,1,B118,passenger_flight,Position,Delivery
5,18,Delivery,1,1,1,1,148,151,08:08,08:11,3,0,0.0,2,8.534,113.682,122.216,0,B118,delivery_service,Delivery,Delivery
5,19,Stay,1,1,1,1,151,180,08:11,08:40,29,0,0.0,29,37.784,122.216,160.0,0,B300,parking_charging,Position,Movement
5,20,Movement,1,6,1,6,180,187,08:40,08:47,7,7,23.39,0,0.0,160.0,136.61,0,B300,empty_repositioning,Position,Pickup
5,21,Pickup,6,6,6,6,187,190,08:47,08:50,3,0,0.0,2,8.534,136.61,145.144,2,B300,pickup_service,Pickup,Pickup
5,22,Movement,6,1,6,1,190,197,08:50,08:57,7,7,23.39,0,0.0,145.144,121.754,2,B300,passenger_flight,Position,Delivery
5,23,Delivery,1,1,1,1,197,200,08:57,09:00,3,0,0.0,2,8.534,121.754,130.288,0,B300,delivery_service,Delivery,Delivery
5,24,Stay,1,1,1,1,200,201,09:00,09:01,1,0,0.0,1,4.267,130.288,134.555,0,B372,parking_charging,Position,Movement
5,25,Movement,1,6,1,6,201,208,09:01,09:08,7,7,23.39,0,0.0,134.555,111.165,0,B372,empty_repositioning,Position,Pickup
5,26,Pickup,6,6,6,6,208,211,09:08,09:11,3,0,0.0,2,8.534,111.165,119.699,1,B372,pickup_service,Pickup,Pickup
5,27,Stay,6,6,6,6,211,212,09:11,09:12,1,0,0.0,1,4.267,119.699,123.966,1,B387,parking_charging,Position,Pickup
5,28,Pickup,6,6,6,6,212,215,09:12,09:15,3,0,0.0,2,8.534,123.966,132.5,2,B387,pickup_service,Pickup,Pickup
5,29,Movement,6,1,6,1,215,222,09:15,09:22,7,7,23.39,0,0.0,132.5,109.11,2,B372,passenger_flight,Position,Delivery
5,30,Delivery,1,1,1,1,222,225,09:22,09:25,3,0,0.0,2,8.534,109.11,117.644,1,B372,delivery_service,Delivery,Delivery
5,31,Delivery,1,1,1,1,225,228,09:25,09:28,3,0,0.0,2,8.534,117.644,126.178,0,B387,delivery_service,Delivery,Delivery
5,32,Stay,1,1,1,1,228,233,09:28,09:33,5,0,0.0,5,21.335,126.178,147.513,0,B445,parking_charging,Position,Movement
5,33,Movement,1,3,1,3,233,239,09:33,09:39,6,6,9.61,0,0.0,147.513,137.903,0,B445,empty_repositioning,Position,Pickup
5,34,Pickup,3,3,3,3,239,242,09:39,09:42,3,0,0.0,2,8.534,137.903,146.437,1,B445,pickup_service,Pickup,Pickup
5,35,Stay,3,3,3,3,242,246,09:42,09:46,4,0,0.0,4,13.563,146.437,160.0,1,B445,parking_charging,Position,Movement
5,36,Movement,3,4,3,4,246,253,09:46,09:53,7,7,12.6,0,0.0,160.0,147.4,1,B445,passenger_flight,Position,Delivery
5,37,Delivery,4,4,4,4,253,256,09:53,09:56,3,0,0.0,2,8.534,147.4,155.934,0,B445,delivery_service,Delivery,Delivery
5,38,Stay,4,4,4,4,256,270,09:56,10:10,14,0,0.0,14,4.066,155.934,160.0,0,B554,parking_charging,Position,Pickup
5,39,Pickup,4,4,4,4,270,273,10:10,10:13,3,0,0.0,2,0.0,160.0,160.0,1,B554,pickup_service,Pickup,Pickup
5,40,Pickup,4,4,4,4,273,276,10:13,10:16,3,0,0.0,2,0.0,160.0,160.0,3,B577,pickup_service,Pickup,Pickup
5,41,Movement,4,2,4,2,276,282,10:16,10:22,6,6,16.13,0,0.0,160.0,143.87,3,B554,passenger_flight,Position,Delivery
5,42,Delivery,2,2,2,2,282,285,10:22,10:25,3,0,0.0,2,8.534,143.87,152.404,2,B554,delivery_service,Delivery,Delivery
5,43,Delivery,2,2,2,2,285,288,10:25,10:28,3,0,0.0,2,7.596,152.404,160.0,0,B577,delivery_service,Delivery,Delivery
5,44,Stay,2,2,2,2,288,296,10:28,10:36,8,0,0.0,8,0.0,160.0,160.0,0,B702,parking_charging,Position,Pickup
5,45,Pickup,2,2,2,2,296,299,10:36,10:39,3,0,0.0,2,0.0,160.0,160.0,1,B702,pickup_service,Pickup,Pickup
5,46,Movement,2,4,2,4,299,305,10:39,10:45,6,6,16.13,0,0.0,160.0,143.87,1,B702,passenger_flight,Position,Delivery
5,47,Delivery,4,4,4,4,305,308,10:45,10:48,3,0,0.0,2,8.534,143.87,152.404,0,B702,delivery_service,Delivery,Delivery
5,48,Stay,4,4,4,4,308,315,10:48,10:55,7,0,0.0,7,7.596,152.404,160.0,0,B804,parking_charging,Position,Pickup
5,49,Pickup,4,4,4,4,315,318,10:55,10:58,3,0,0.0,2,0.0,160.0,160.0,1,B804,pickup_service,Pickup,Pickup
5,50,Pickup,4,4,4,4,318,321,10:58,11:01,3,0,0.0,2,0.0,160.0,160.0,3,B815,pickup_service,Pickup,Pickup
5,51,Movement,4,2,4,2,321,327,11:01,11:07,6,6,16.13,0,0.0,160.0,143.87,3,B804,passenger_flight,Position,Delivery
5,52,Delivery,2,2,2,2,327,330,11:07,11:10,3,0,0.0,2,8.534,143.87,152.404,2,B804,delivery_service,Delivery,Delivery
5,53,Delivery,2,2,2,2,330,333,11:10,11:13,3,0,0.0,2,7.596,152.404,160.0,0,B815,delivery_service,Delivery,Delivery
5,54,Stay,2,2,2,2,333,337,11:13,11:17,4,0,0.0,4,0.0,160.0,160.0,0,B910,parking_charging,Position,Pickup
5,55,Pickup,2,2,2,2,337,340,11:17,11:20,3,0,0.0,2,0.0,160.0,160.0,1,B910,pickup_service,Pickup,Pickup
5,56,Movement,2,4,2,4,340,346,11:20,11:26,6,6,16.13,0,0.0,160.0,143.87,1,B910,passenger_flight,Position,Delivery
5,57,Delivery,4,4,4,4,346,349,11:26,11:29,3,0,0.0,2,8.534,143.87,152.404,0,B910,delivery_service,Delivery,Delivery
5,58,Pickup,4,4,4,4,349,352,11:29,11:32,3,0,0.0,2,7.596,152.404,160.0,2,B943,pickup_service,Pickup,Pickup
5,59,Movement,4,9,4,9,352,367,11:32,11:47,15,15,55.47,0,0.0,160.0,104.53,2,B943,passenger_flight,Position,Delivery
5,60,Delivery,9,9,9,9,367,370,11:47,11:50,3,0,0.0,2,8.534,104.53,113.064,0,B943,delivery_service,Delivery,Delivery
5,61,Pickup,9,9,9,9,370,373,11:50,11:53,3,0,0.0,2,8.534,113.064,121.598,1,B1033,pickup_service,Pickup,Pickup
5,62,Movement,9,4,9,4,373,388,11:53,12:08,15,15,55.47,0,0.0,121.598,66.128,1,B1033,passenger_flight,Position,Delivery
5,63,Delivery,4,4,4,4,388,391,12:08,12:11,3,0,0.0,2,8.534,66.128,74.662,0,B1033,delivery_service,Delivery,Delivery
5,64,Pickup,4,4,4,4,391,394,12:11,12:14,3,0,0.0,2,8.534,74.662,83.196,1,B1089,pickup_service,Pickup,Pickup
5,65,Movement,4,10,4,10,394,406,12:14,12:26,12,12,42.86,0,0.0,83.196,40.336,1,B1089,passenger_flight,Position,Delivery
5,66,Delivery,10,10,10,10,406,409,12:26,12:29,3,0,0.0,2,8.534,40.336,48.87,0,B1089,delivery_service,Delivery,Delivery
5,67,Stay,10,10,10,10,409,430,12:29,12:50,21,0,0.0,21,89.607,48.87,138.477,0,B1192,parking_charging,Position,Pickup
5,68,Pickup,10,10,10,10,430,433,12:50,12:53,3,0,0.0,2,8.534,138.477,147.011,2,B1192,pickup_service,Pickup,Pickup
5,69,Pickup,10,10,10,10,433,436,12:53,12:56,3,0,0.0,2,8.534,147.011,155.545,3,B1200,pickup_service,Pickup,Pickup
5,70,Movement,10,4,10,4,436,448,12:56,13:08,12,12,42.86,0,0.0,155.545,112.685,3,B1192,passenger_flight,Position,Delivery
5,71,Delivery,4,4,4,4,448,451,13:08,13:11,3,0,0.0,2,8.534,112.685,121.219,1,B1192,delivery_service,Delivery,Delivery
5,72,Delivery,4,4,4,4,451,454,13:11,13:14,3,0,0.0,2,8.534,121.219,129.753,0,B1200,delivery_service,Delivery,Delivery
5,73,Pickup,4,4,4,4,454,457,13:14,13:17,3,0,0.0,2,8.534,129.753,138.287,1,B1238,pickup_service,Pickup,Pickup
5,74,Movement,4,2,4,2,457,463,13:17,13:23,6,6,16.13,0,0.0,138.287,122.157,1,B1238,passenger_flight,Position,Delivery
5,75,Delivery,2,2,2,2,463,466,13:23,13:26,3,0,0.0,2,8.534,122.157,130.691,0,B1238,delivery_service,Delivery,Delivery
5,76,Stay,2,2,2,2,466,497,13:26,13:57,31,0,0.0,31,29.309,130.691,160.0,0,B1330,parking_charging,Position,Pickup
5,77,Pickup,2,2,2,2,497,500,13:57,14:00,3,0,0.0,2,0.0,160.0,160.0,1,B1330,pickup_service,Pickup,Pickup
5,78,Stay,2,2,2,2,500,504,14:00,14:04,4,0,0.0,4,0.0,160.0,160.0,1,B1330,parking_charging,Position,Movement
5,79,Movement,2,5,2,5,504,512,14:04,14:12,8,8,27.57,0,0.0,160.0,132.43,1,B1330,passenger_flight,Position,Delivery
5,80,Delivery,5,5,5,5,512,515,14:12,14:15,3,0,0.0,2,8.534,132.43,140.964,0,B1330,delivery_service,Delivery,Delivery
5,81,Stay,5,5,5,5,515,527,14:15,14:27,12,0,0.0,12,19.036,140.964,160.0,0,B1482,parking_charging,Position,Movement
5,82,Movement,5,4,5,4,527,533,14:27,14:33,6,6,11.45,0,0.0,160.0,148.55,0,B1482,empty_repositioning,Position,Pickup
5,83,Pickup,4,4,4,4,533,536,14:33,14:36,3,0,0.0,2,8.534,148.55,157.084,1,B1482,pickup_service,Pickup,Pickup
5,84,Movement,4,7,4,7,536,543,14:36,14:43,7,7,21.43,0,0.0,157.084,135.654,1,B1482,passenger_flight,Position,Delivery
5,85,Delivery,7,7,7,7,543,546,14:43,14:46,3,0,0.0,2,8.534,135.654,144.188,0,B1482,delivery_service,Delivery,Delivery
5,86,Stay,7,7,7,7,546,553,14:46,14:53,7,0,0.0,7,15.812,144.188,160.0,0,B1562,parking_charging,Position,Pickup
5,87,Pickup,7,7,7,7,553,556,14:53,14:56,3,0,0.0,2,0.0,160.0,160.0,2,B1562,pickup_service,Pickup,Pickup
5,88,Pickup,7,7,7,7,556,559,14:56,14:59,3,0,0.0,2,0.0,160.0,160.0,3,B1569,pickup_service,Pickup,Pickup
5,89,Movement,7,4,7,4,559,566,14:59,15:06,7,7,21.43,0,0.0,160.0,138.57,3,B1562,passenger_flight,Position,Delivery
5,90,Delivery,4,4,4,4,566,569,15:06,15:09,3,0,0.0,2,8.534,138.57,147.104,1,B1562,delivery_service,Delivery,Delivery
5,91,Delivery,4,4,4,4,569,572,15:09,15:12,3,0,0.0,2,8.534,147.104,155.638,0,B1569,delivery_service,Delivery,Delivery
5,92,Stay,4,4,4,4,572,574,15:12,15:14,2,0,0.0,2,4.362,155.638,160.0,0,B1649,parking_charging,Position,Pickup
5,93,Pickup,4,4,4,4,574,577,15:14,15:17,3,0,0.0,2,0.0,160.0,160.0,2,B1649,pickup_service,Pickup,Pickup
5,94,Movement,4,2,4,2,577,583,15:17,15:23,6,6,16.13,0,0.0,160.0,143.87,2,B1649,passenger_flight,Position,Delivery
5,95,Delivery,2,2,2,2,583,586,15:23,15:26,3,0,0.0,2,8.534,143.87,152.404,0,B1649,delivery_service,Delivery,Delivery
5,96,Stay,2,2,2,2,586,595,15:26,15:35,9,0,0.0,9,7.596,152.404,160.0,0,B1734,parking_charging,Position,Pickup
5,97,Pickup,2,2,2,2,595,598,15:35,15:38,3,0,0.0,2,0.0,160.0,160.0,1,B1734,pickup_service,Pickup,Pickup
5,98,Stay,2,2,2,2,598,599,15:38,15:39,1,0,0.0,1,0.0,160.0,160.0,1,B1752,parking_charging,Position,Pickup
5,99,Pickup,2,2,2,2,599,602,15:39,15:42,3,0,0.0,2,0.0,160.0,160.0,3,B1752,pickup_service,Pickup,Pickup
5,100,Movement,2,5,2,5,602,610,15:42,15:50,8,8,27.57,0,0.0,160.0,132.43,3,B1734,passenger_flight,Position,Delivery
5,101,Delivery,5,5,5,5,610,613,15:50,15:53,3,0,0.0,2,8.534,132.43,140.964,2,B1734,delivery_service,Delivery,Delivery
5,102,Delivery,5,5,5,5,613,616,15:53,15:56,3,0,0.0,2,8.534,140.964,149.498,0,B1752,delivery_service,Delivery,Delivery
5,103,Stay,5,5,5,5,616,620,15:56,16:00,4,0,0.0,4,10.502,149.498,160.0,0,B1870,parking_charging,Position,Movement
5,104,Movement,5,6,5,6,620,627,16:00,16:07,7,7,12.76,0,0.0,160.0,147.24,0,B1870,empty_repositioning,Position,Pickup
5,105,Pickup,6,6,6,6,627,630,16:07,16:10,3,0,0.0,2,8.534,147.24,155.774,2,B1870,pickup_service,Pickup,Pickup
5,106,Movement,6,7,6,7,630,642,16:10,16:22,12,12,43.48,0,0.0,155.774,112.294,2,B1870,passenger_flight,Position,Delivery
5,107,Delivery,7,7,7,7,642,645,16:22,16:25,3,0,0.0,2,8.534,112.294,120.828,0,B1870,delivery_service,Delivery,Delivery
5,108,Pickup,7,7,7,7,645,648,16:25,16:28,3,0,0.0,2,8.534,120.828,129.362,1,B2002,pickup_service,Pickup,Pickup
5,109,Movement,7,4,7,4,648,655,16:28,16:35,7,7,21.43,0,0.0,129.362,107.932,1,B2002,passenger_flight,Position,Delivery
5,110,Delivery,4,4,4,4,655,658,16:35,16:38,3,0,0.0,2,8.534,107.932,116.466,0,B2002,delivery_service,Delivery,Delivery
5,111,Pickup,4,4,4,4,658,661,16:38,16:41,3,0,0.0,2,8.534,116.466,125.0,1,B2081,pickup_service,Pickup,Pickup
5,112,Movement,4,7,4,7,661,668,16:41,16:48,7,7,21.43,0,0.0,125.0,103.57,1,B2081,passenger_flight,Position,Delivery
5,113,Delivery,7,7,7,7,668,671,16:48,16:51,3,0,0.0,2,8.534,103.57,112.104,0,B2081,delivery_service,Delivery,Delivery
5,114,Stay,7,7,7,7,671,681,16:51,17:01,10,0,0.0,10,42.67,112.104,154.774,0,B2278,parking_charging,Position,Pickup
5,115,Pickup,7,7,7,7,681,684,17:01,17:04,3,0,0.0,2,5.226,154.774,160.0,3,B2278,pickup_service,Pickup,Pickup
5,116,Movement,7,4,7,4,684,691,17:04,17:11,7,7,21.43,0,0.0,160.0,138.57,3,B2278,passenger_flight,Position,Delivery
5,117,Delivery,4,4,4,4,691,694,17:11,17:14,3,0,0.0,2,8.534,138.57,147.104,0,B2278,delivery_service,Delivery,Delivery
5,118,Pickup,4,4,4,4,694,697,17:14,17:17,3,0,0.0,2,8.534,147.104,155.638,2,B2429,pickup_service,Pickup,Pickup
5,119,Movement,4,2,4,2,697,703,17:17,17:23,6,6,16.13,0,0.0,155.638,139.508,2,B2429,passenger_flight,Position,Delivery
5,120,Delivery,2,2,2,2,703,706,17:23,17:26,3,0,0.0,2,8.534,139.508,148.042,0,B2429,delivery_service,Delivery,Delivery
5,121,Pickup,2,2,2,2,706,709,17:26,17:29,3,0,0.0,2,8.534,148.042,156.576,3,B2492,pickup_service,Pickup,Pickup
5,122,Movement,2,4,2,4,709,715,17:29,17:35,6,6,16.13,0,0.0,156.576,140.446,3,B2492,passenger_flight,Position,Delivery
5,123,Delivery,4,4,4,4,715,718,17:35,17:38,3,0,0.0,2,8.534,140.446,148.98,0,B2492,delivery_service,Delivery,Delivery
5,124,Pickup,4,4,4,4,718,721,17:38,17:41,3,0,0.0,2,8.534,148.98,157.514,1,B2674,pickup_service,Pickup,Pickup
5,125,Stay,4,4,4,4,721,724,17:41,17:44,3,0,0.0,3,2.486,157.514,160.0,1,B2674,parking_charging,Position,Movement
5,126,Movement,4,3,4,3,724,731,17:44,17:51,7,7,12.6,0,0.0,160.0,147.4,1,B2674,passenger_flight,Position,Delivery
5,127,Delivery,3,3,3,3,731,734,17:51,17:54,3,0,0.0,2,8.534,147.4,155.934,0,B2674,delivery_service,Delivery,Delivery
5,128,Pickup,3,3,3,3,734,737,17:54,17:57,3,0,0.0,2,4.066,155.934,160.0,3,B2825,pickup_service,Pickup,Pickup
5,129,Movement,3,4,3,4,737,744,17:57,18:04,7,7,12.6,0,0.0,160.0,147.4,3,B2825,passenger_flight,Position,Delivery
5,130,Delivery,4,4,4,4,744,747,18:04,18:07,3,0,0.0,2,8.534,147.4,155.934,0,B2825,delivery_service,Delivery,Delivery
5,131,Stay,4,4,4,4,747,749,18:07,18:09,2,0,0.0,2,4.066,155.934,160.0,0,B2980-1,parking_charging,Position,Pickup
5,132,Pickup,4,4,4,4,749,752,18:09,18:12,3,0,0.0,2,0.0,160.0,160.0,3,B2980-1,pickup_service,Pickup,Pickup
5,133,Movement,4,3,4,3,752,759,18:12,18:19,7,7,12.6,0,0.0,160.0,147.4,3,B2980-1,passenger_flight,Position,Delivery
5,134,Delivery,3,3,3,3,759,762,18:19,18:22,3,0,0.0,2,8.534,147.4,155.934,0,B2980-1,delivery_service,Delivery,Delivery
5,135,Movement,3,2,3,2,762,765,18:22,18:25,3,3,4.08,0,0.0,155.934,151.854,0,B3057,empty_repositioning,Position,Pickup
5,136,Pickup,2,2,2,2,765,768,18:25,18:28,3,0,0.0,2,8.146,151.854,160.0,2,B3057,pickup_service,Pickup,Pickup
5,137,Movement,2,1,2,1,768,775,18:28,18:35,7,7,13.61,0,0.0,160.0,146.39,2,B3057,passenger_flight,Position,Delivery
5,138,Delivery,1,1,1,1,775,778,18:35,18:38,3,0,0.0,2,8.534,146.39,154.924,0,B3057,delivery_service,Delivery,Delivery
5,139,Stay,1,1,1,1,778,779,18:38,18:39,1,0,0.0,1,4.267,154.924,159.191,0,B3166,parking_charging,Position,Pickup
5,140,Pickup,1,1,1,1,779,782,18:39,18:42,3,0,0.0,2,0.809,159.191,160.0,3,B3166,pickup_service,Pickup,Pickup
5,141,Movement,1,3,1,3,782,788,18:42,18:48,6,6,9.61,0,0.0,160.0,150.39,3,B3166,passenger_flight,Position,Delivery
5,142,Delivery,3,3,3,3,788,791,18:48,18:51,3,0,0.0,2,8.534,150.39,158.924,0,B3166,delivery_service,Delivery,Delivery
5,143,Movement,3,2,3,2,791,794,18:51,18:54,3,3,4.08,0,0.0,158.924,154.844,0,B3230,empty_repositioning,Position,Pickup
5,144,Pickup,2,2,2,2,794,797,18:54,18:57,3,0,0.0,2,5.156,154.844,160.0,2,B3230,pickup_service,Pickup,Pickup
5,145,Movement,2,1,2,1,797,804,18:57,19:04,7,7,13.61,0,0.0,160.0,146.39,2,B3230,passenger_flight,Position,Delivery
5,146,Delivery,1,1,1,1,804,807,19:04,19:07,3,0,0.0,2,8.534,146.39,154.924,0,B3230,delivery_service,Delivery,Delivery
5,147,Pickup,1,1,1,1,807,810,19:07,19:10,3,0,0.0,2,5.076,154.924,160.0,2,B3301,pickup_service,Pickup,Pickup
5,148,Movement,1,3,1,3,810,816,19:10,19:16,6,6,9.61,0,0.0,160.0,150.39,2,B3301,passenger_flight,Position,Delivery
5,149,Delivery,3,3,3,3,816,819,19:16,19:19,3,0,0.0,2,8.534,150.39,158.924,0,B3301,delivery_service,Delivery,Delivery
6,0,Stay,7,7,7,7,0,24,05:40,06:04,24,0,0.0,24,0.0,160.0,160.0,0,B5,parking_charging,Position,Pickup
6,1,Pickup,7,7,7,7,24,27,06:04,06:07,3,0,0.0,2,0.0,160.0,160.0,1,B5,pickup_service,Pickup,Pickup
6,2,Movement,7,10,7,10,27,43,06:07,06:23,16,16,57.99,0,0.0,160.0,102.01,1,B5,passenger_flight,Position,Delivery
6,3,Delivery,10,10,10,10,43,46,06:23,06:26,3,0,0.0,2,8.534,102.01,110.544,0,B5,delivery_service,Delivery,Delivery
6,4,Stay,10,10,10,10,46,53,06:26,06:33,7,0,0.0,7,29.869,110.544,140.413,0,B26,parking_charging,Position,Pickup
6,5,Pickup,10,10,10,10,53,56,06:33,06:36,3,0,0.0,2,8.534,140.413,148.947,1,B26,pickup_service,Pickup,Pickup
6,6,Stay,10,10,10,10,56,57,06:36,06:37,1,0,0.0,1,4.267,148.947,153.214,1,B30,parking_charging,Position,Pickup
6,7,Pickup,10,10,10,10,57,60,06:37,06:40,3,0,0.0,2,6.786,153.214,160.0,2,B30,pickup_service,Pickup,Pickup
6,8,Movement,10,4,10,4,60,72,06:40,06:52,12,12,42.86,0,0.0,160.0,117.14,2,B26,passenger_flight,Position,Delivery
6,9,Delivery,4,4,4,4,72,75,06:52,06:55,3,0,0.0,2,8.534,117.14,125.674,1,B26,delivery_service,Delivery,Delivery
6,10,Delivery,4,4,4,4,75,78,06:55,06:58,3,0,0.0,2,8.534,125.674,134.208,0,B30,delivery_service,Delivery,Delivery
6,11,Stay,4,4,4,4,78,80,06:58,07:00,2,0,0.0,2,8.534,134.208,142.742,0,B53,parking_charging,Position,Movement
6,12,Movement,4,6,4,6,80,87,07:00,07:07,7,7,22.06,0,0.0,142.742,120.682,0,B53,empty_repositioning,Position,Pickup
6,13,Pickup,6,6,6,6,87,90,07:07,07:10,3,0,0.0,2,8.534,120.682,129.216,1,B53,pickup_service,Pickup,Pickup
6,14,Movement,6,7,6,7,90,102,07:10,07:22,12,12,43.48,0,0.0,129.216,85.736,1,B53,passenger_flight,Position,Delivery
6,15,Delivery,7,7,7,7,102,105,07:22,07:25,3,0,0.0,2,8.534,85.736,94.27,0,B53,delivery_service,Delivery,Delivery
6,16,Stay,7,7,7,7,105,129,07:25,07:49,24,0,0.0,24,65.73,94.27,160.0,0,B112,parking_charging,Position,Pickup
6,17,Pickup,7,7,7,7,129,132,07:49,07:52,3,0,0.0,2,0.0,160.0,160.0,1,B112,pickup_service,Pickup,Pickup
6,18,Movement,7,1,7,1,132,139,07:52,07:59,7,7,21.03,0,0.0,160.0,138.97,1,B112,passenger_flight,Position,Delivery
6,19,Delivery,1,1,1,1,139,142,07:59,08:02,3,0,0.0,2,8.534,138.97,147.504,0,B112,delivery_service,Delivery,Delivery
6,20,Movement,1,6,1,6,142,149,08:02,08:09,7,7,23.39,0,0.0,147.504,124.114,0,B145,empty_repositioning,Position,Pickup
6,21,Pickup,6,6,6,6,149,152,08:09,08:12,3,0,0.0,2,8.534,124.114,132.648,1,B145,pickup_service,Pickup,Pickup
6,22,Movement,6,1,6,1,152,159,08:12,08:19,7,7,23.39,0,0.0,132.648,109.258,1,B145,passenger_flight,Position,Delivery
6,23,Delivery,1,1,1,1,159,162,08:19,08:22,3,0,0.0,2,8.534,109.258,117.792,0,B145,delivery_service,Delivery,Delivery
6,24,Movement,1,6,1,6,162,169,08:22,08:29,7,7,23.39,0,0.0,117.792,94.402,0,B233,empty_repositioning,Position,Pickup
6,25,Pickup,6,6,6,6,169,172,08:29,08:32,3,0,0.0,2,8.534,94.402,102.936,1,B233,pickup_service,Pickup,Pickup
6,26,Movement,6,1,6,1,172,179,08:32,08:39,7,7,23.39,0,0.0,102.936,79.546,1,B233,passenger_flight,Position,Delivery
6,27,Delivery,1,1,1,1,179,182,08:39,08:42,3,0,0.0,2,8.534,79.546,88.08,0,B233,delivery_service,Delivery,Delivery
6,28,Stay,1,1,1,1,182,183,08:42,08:43,1,0,0.0,1,4.267,88.08,92.347,0,B316,parking_charging,Position,Movement
6,29,Movement,1,6,1,6,183,190,08:43,08:50,7,7,23.39,0,0.0,92.347,68.957,0,B316,empty_repositioning,Position,Pickup
6,30,Pickup,6,6,6,6,190,193,08:50,08:53,3,0,0.0,2,8.534,68.957,77.491,1,B316,pickup_service,Pickup,Pickup
6,31,Stay,6,6,6,6,193,194,08:53,08:54,1,0,0.0,1,4.267,77.491,81.758,1,B333,parking_charging,Position,Pickup
6,32,Pickup,6,6,6,6,194,197,08:54,08:57,3,0,0.0,2,8.534,81.758,90.292,3,B333,pickup_service,Pickup,Pickup
6,33,Movement,6,1,6,1,197,204,08:57,09:04,7,7,23.39,0,0.0,90.292,66.902,3,B316,passenger_flight,Position,Delivery
6,34,Delivery,1,1,1,1,204,207,09:04,09:07,3,0,0.0,2,8.534,66.902,75.436,2,B316,delivery_service,Delivery,Delivery
6,35,Delivery,1,1,1,1,207,210,09:07,09:10,3,0,0.0,2,8.534,75.436,83.97,0,B333,delivery_service,Delivery,Delivery
6,36,Stay,1,1,1,1,210,240,09:10,09:40,30,0,0.0,30,76.03,83.97,160.0,0,B451,parking_charging,Position,Movement
6,37,Movement,1,3,1,3,240,246,09:40,09:46,6,6,9.61,0,0.0,160.0,150.39,0,B451,empty_repositioning,Position,Pickup
6,38,Pickup,3,3,3,3,246,249,09:46,09:49,3,0,0.0,2,8.534,150.39,158.924,1,B451,pickup_service,Pickup,Pickup
6,39,Movement,3,4,3,4,249,256,09:49,09:56,7,7,12.6,0,0.0,158.924,146.324,1,B451,passenger_flight,Position,Delivery
6,40,Delivery,4,4,4,4,256,259,09:56,09:59,3,0,0.0,2,8.534,146.324,154.858,0,B451,delivery_service,Delivery,Delivery
6,41,Stay,4,4,4,4,259,271,09:59,10:11,12,0,0.0,12,5.142,154.858,160.0,0,B564,parking_charging,Position,Pickup
6,42,Pickup,4,4,4,4,271,274,10:11,10:14,3,0,0.0,2,0.0,160.0,160.0,1,B564,pickup_service,Pickup,Pickup
6,43,Stay,4,4,4,4,274,275,10:14,10:15,1,0,0.0,1,0.0,160.0,160.0,1,B589,parking_charging,Position,Pickup
6,44,Pickup,4,4,4,4,275,278,10:15,10:18,3,0,0.0,2,0.0,160.0,160.0,3,B589,pickup_service,Pickup,Pickup
6,45,Movement,4,7,4,7,278,285,10:18,10:25,7,7,21.43,0,0.0,160.0,138.57,3,B564,passenger_flight,Position,Delivery
6,46,Delivery,7,7,7,7,285,288,10:25,10:28,3,0,0.0,2,8.534,138.57,147.104,2,B564,delivery_service,Delivery,Delivery
6,47,Delivery,7,7,7,7,288,291,10:28,10:31,3,0,0.0,2,8.534,147.104,155.638,0,B589,delivery_service,Delivery,Delivery
6,48,Stay,7,7,7,7,291,294,10:31,10:34,3,0,0.0,3,4.362,155.638,160.0,0,B691,parking_charging,Position,Pickup
6,49,Pickup,7,7,7,7,294,297,10:34,10:37,3,0,0.0,2,0.0,160.0,160.0,1,B691,pickup_service,Pickup,Pickup
6,50,Pickup,7,7,7,7,297,300,10:37,10:40,3,0,0.0,2,0.0,160.0,160.0,2,B712,pickup_service,Pickup,Pickup
6,51,Movement,7,1,7,1,300,307,10:40,10:47,7,7,21.03,0,0.0,160.0,138.97,2,B691,passenger_flight,Position,Delivery
6,52,Delivery,1,1,1,1,307,310,10:47,10:50,3,0,0.0,2,8.534,138.97,147.504,1,B691,delivery_service,Delivery,Delivery
6,53,Delivery,1,1,1,1,310,313,10:50,10:53,3,0,0.0,2,8.534,147.504,156.038,0,B712,delivery_service,Delivery,Delivery
6,54,Pickup,1,1,1,1,313,316,10:53,10:56,3,0,0.0,2,3.962,156.038,160.0,1,B780,pickup_service,Pickup,Pickup
6,55,Pickup,1,1,1,1,316,319,10:56,10:59,3,0,0.0,2,0.0,160.0,160.0,2,B799,pickup_service,Pickup,Pickup
6,56,Movement,1,10,1,10,319,332,10:59,11:12,13,13,47.44,0,0.0,160.0,112.56,2,B780,passenger_flight,Position,Delivery
6,57,Delivery,10,10,10,10,332,335,11:12,11:15,3,0,0.0,2,8.534,112.56,121.094,1,B780,delivery_service,Delivery,Delivery
6,58,Delivery,10,10,10,10,335,338,11:15,11:18,3,0,0.0,2,8.534,121.094,129.628,0,B799,delivery_service,Delivery,Delivery
6,59,Pickup,10,10,10,10,338,341,11:18,11:21,3,0,0.0,2,8.534,129.628,138.162,1,B891,pickup_service,Pickup,Pickup
6,60,Movement,10,3,10,3,341,356,11:21,11:36,15,15,54.92,0,0.0,138.162,83.242,1,B891,passenger_flight,Position,Delivery
6,61,Delivery,3,3,3,3,356,359,11:36,11:39,3,0,0.0,2,8.534,83.242,91.776,0,B891,delivery_service,Delivery,Delivery
6,62,Stay,3,3,3,3,359,366,11:39,11:46,7,0,0.0,7,29.869,91.776,121.645,0,B1024,parking_charging,Position,Pickup
6,63,Pickup,3,3,3,3,366,369,11:46,11:49,3,0,0.0,2,8.534,121.645,130.179,1,B1024,pickup_service,Pickup,Pickup
6,64,Movement,3,4,3,4,369,376,11:49,11:56,7,7,12.6,0,0.0,130.179,117.579,1,B1024,passenger_flight,Position,Delivery
6,65,Delivery,4,4,4,4,376,379,11:56,11:59,3,0,0.0,2,8.534,117.579,126.113,0,B1024,delivery_service,Delivery,Delivery
6,66,Pickup,4,4,4,4,379,382,11:59,12:02,3,0,0.0,2,8.534,126.113,134.647,1,B1064,pickup_service,Pickup,Pickup
6,67,Stay,4,4,4,4,382,385,12:02,12:05,3,0,0.0,3,12.801,134.647,147.448,1,B1064,parking_charging,Position,Movement
6,68,Movement,4,9,4,9,385,400,12:05,12:20,15,15,55.47,0,0.0,147.448,91.978,1,B1064,passenger_flight,Position,Delivery
6,69,Delivery,9,9,9,9,400,403,12:20,12:23,3,0,0.0,2,8.534,91.978,100.512,0,B1064,delivery_service,Delivery,Delivery
6,70,Stay,9,9,9,9,403,408,12:23,12:28,5,0,0.0,5,21.335,100.512,121.847,0,B1137,parking_charging,Position,Pickup
6,71,Pickup,9,9,9,9,408,411,12:28,12:31,3,0,0.0,2,8.534,121.847,130.381,1,B1137,pickup_service,Pickup,Pickup
6,72,Movement,9,4,9,4,411,426,12:31,12:46,15,15,55.47,0,0.0,130.381,74.911,1,B1137,passenger_flight,Position,Delivery
6,73,Delivery,4,4,4,4,426,429,12:46,12:49,3,0,0.0,2,8.534,74.911,83.445,0,B1137,delivery_service,Delivery,Delivery
6,74,Stay,4,4,4,4,429,431,12:49,12:51,2,0,0.0,2,8.534,83.445,91.979,0,B1194,parking_charging,Position,Pickup
6,75,Pickup,4,4,4,4,431,434,12:51,12:54,3,0,0.0,2,8.534,91.979,100.513,1,B1194,pickup_service,Pickup,Pickup
6,76,Stay,4,4,4,4,434,435,12:54,12:55,1,0,0.0,1,4.267,100.513,104.78,1,B1202,parking_charging,Position,Pickup
6,77,Pickup,4,4,4,4,435,438,12:55,12:58,3,0,0.0,2,8.534,104.78,113.314,2,B1202,pickup_service,Pickup,Pickup
6,78,Movement,4,10,4,10,438,450,12:58,13:10,12,12,42.86,0,0.0,113.314,70.454,2,B1194,passenger_flight,Position,Delivery
6,79,Delivery,10,10,10,10,450,453,13:10,13:13,3,0,0.0,2,8.534,70.454,78.988,1,B1194,delivery_service,Delivery,Delivery
6,80,Delivery,10,10,10,10,453,456,13:13,13:16,3,0,0.0,2,8.534,78.988,87.522,0,B1202,delivery_service,Delivery,Delivery
6,81,Stay,10,10,10,10,456,462,13:16,13:22,6,0,0.0,6,25.602,87.522,113.124,0,B1254,parking_charging,Position,Pickup
6,82,Pickup,10,10,10,10,462,465,13:22,13:25,3,0,0.0,2,8.534,113.124,121.658,1,B1254,pickup_service,Pickup,Pickup
6,83,Stay,10,10,10,10,465,469,13:25,13:29,4,0,0.0,4,17.068,121.658,138.726,1,B1269,parking_charging,Position,Pickup
6,84,Pickup,10,10,10,10,469,472,13:29,13:32,3,0,0.0,2,8.534,138.726,147.26,3,B1269,pickup_service,Pickup,Pickup
6,85,Movement,10,3,10,3,472,487,13:32,13:47,15,15,54.92,0,0.0,147.26,92.34,3,B1254,passenger_flight,Position,Delivery
6,86,Delivery,3,3,3,3,487,490,13:47,13:50,3,0,0.0,2,8.534,92.34,100.874,2,B1254,delivery_service,Delivery,Delivery
6,87,Delivery,3,3,3,3,490,493,13:50,13:53,3,0,0.0,2,8.534,100.874,109.408,0,B1269,delivery_service,Delivery,Delivery
6,88,Stay,3,3,3,3,493,505,13:53,14:05,12,0,0.0,12,50.592,109.408,160.0,0,B1377,parking_charging,Position,Movement
6,89,Movement,3,1,3,1,505,511,14:05,14:11,6,6,9.61,0,0.0,160.0,150.39,0,B1377,empty_repositioning,Position,Pickup
6,90,Pickup,1,1,1,1,511,514,14:11,14:14,3,0,0.0,2,8.534,150.39,158.924,1,B1377,pickup_service,Pickup,Pickup
6,91,Movement,1,3,1,3,514,520,14:14,14:20,6,6,9.61,0,0.0,158.924,149.314,1,B1377,passenger_flight,Position,Delivery
6,92,Delivery,3,3,3,3,520,523,14:20,14:23,3,0,0.0,2,8.534,149.314,157.848,0,B1377,delivery_service,Delivery,Delivery
6,93,Stay,3,3,3,3,523,526,14:23,14:26,3,0,0.0,3,2.152,157.848,160.0,0,B1445,parking_charging,Position,Pickup
6,94,Pickup,3,3,3,3,526,529,14:26,14:29,3,0,0.0,2,0.0,160.0,160.0,2,B1445,pickup_service,Pickup,Pickup
6,95,Movement,3,4,3,4,529,536,14:29,14:36,7,7,12.6,0,0.0,160.0,147.4,2,B1445,passenger_flight,Position,Delivery
6,96,Delivery,4,4,4,4,536,539,14:36,14:39,3,0,0.0,2,8.534,147.4,155.934,0,B1445,delivery_service,Delivery,Delivery
6,97,Pickup,4,4,4,4,539,542,14:39,14:42,3,0,0.0,2,4.066,155.934,160.0,1,B1504,pickup_service,Pickup,Pickup
6,98,Stay,4,4,4,4,542,545,14:42,14:45,3,0,0.0,3,0.0,160.0,160.0,1,B1504,parking_charging,Position,Movement
6,99,Movement,4,7,4,7,545,552,14:45,14:52,7,7,21.43,0,0.0,160.0,138.57,1,B1504,passenger_flight,Position,Delivery
6,100,Delivery,7,7,7,7,552,555,14:52,14:55,3,0,0.0,2,8.534,138.57,147.104,0,B1504,delivery_service,Delivery,Delivery
6,101,Stay,7,7,7,7,555,561,14:55,15:01,6,0,0.0,6,12.896,147.104,160.0,0,B1597,parking_charging,Position,Pickup
6,102,Pickup,7,7,7,7,561,564,15:01,15:04,3,0,0.0,2,0.0,160.0,160.0,1,B1597,pickup_service,Pickup,Pickup
6,103,Stay,7,7,7,7,564,565,15:04,15:05,1,0,0.0,1,0.0,160.0,160.0,1,B1642,parking_charging,Position,Movement
6,104,Movement,7,1,7,1,565,572,15:05,15:12,7,7,21.03,0,0.0,160.0,138.97,1,B1642,passenger_flight,Position,Pickup
6,105,Pickup,1,1,1,1,572,575,15:12,15:15,3,0,0.0,2,8.534,138.97,147.504,2,B1642,pickup_service,Pickup,Pickup
6,106,Delivery,1,1,1,1,575,578,15:15,15:18,3,0,0.0,2,8.534,147.504,156.038,1,B1597,delivery_service,Delivery,Delivery
6,107,Movement,1,7,1,7,578,585,15:18,15:25,7,7,21.03,0,0.0,156.038,135.008,1,B1642,passenger_flight,Position,Delivery
6,108,Delivery,7,7,7,7,585,588,15:25,15:28,3,0,0.0,2,8.534,135.008,143.542,0,B1642,delivery_service,Delivery,Delivery
6,109,Stay,7,7,7,7,588,596,15:28,15:36,8,0,0.0,8,16.458,143.542,160.0,0,B1739,parking_charging,Position,Pickup
6,110,Pickup,7,7,7,7,596,599,15:36,15:39,3,0,0.0,2,0.0,160.0,160.0,2,B1739,pickup_service,Pickup,Pickup
6,111,Movement,7,4,7,4,599,606,15:39,15:46,7,7,21.43,0,0.0,160.0,138.57,2,B1739,passenger_flight,Position,Delivery
6,112,Delivery,4,4,4,4,606,609,15:46,15:49,3,0,0.0,2,8.534,138.57,147.104,0,B1739,delivery_service,Delivery,Delivery
6,113,Pickup,4,4,4,4,609,612,15:49,15:52,3,0,0.0,2,8.534,147.104,155.638,2,B1797,pickup_service,Pickup,Pickup
6,114,Movement,4,7,4,7,612,619,15:52,15:59,7,7,21.43,0,0.0,155.638,134.208,2,B1797,passenger_flight,Position,Delivery
6,115,Delivery,7,7,7,7,619,622,15:59,16:02,3,0,0.0,2,8.534,134.208,142.742,0,B1797,delivery_service,Delivery,Delivery
6,116,Stay,7,7,7,7,622,623,16:02,16:03,1,0,0.0,1,4.267,142.742,147.009,0,B1863,parking_charging,Position,Pickup
6,117,Pickup,7,7,7,7,623,626,16:03,16:06,3,0,0.0,2,8.534,147.009,155.543,3,B1863,pickup_service,Pickup,Pickup
6,118,Movement,7,4,7,4,626,633,16:06,16:13,7,7,21.43,0,0.0,155.543,134.113,3,B1863,passenger_flight,Position,Delivery
6,119,Delivery,4,4,4,4,633,636,16:13,16:16,3,0,0.0,2,8.534,134.113,142.647,0,B1863,delivery_service,Delivery,Delivery
6,120,Stay,4,4,4,4,636,659,16:16,16:39,23,0,0.0,23,17.353,142.647,160.0,0,B2100,parking_charging,Position,Pickup
6,121,Pickup,4,4,4,4,659,662,16:39,16:42,3,0,0.0,2,0.0,160.0,160.0,2,B2100,pickup_service,Pickup,Pickup
6,122,Stay,4,4,4,4,662,665,16:42,16:45,3,0,0.0,3,0.0,160.0,160.0,2,B2100,parking_charging,Position,Movement
6,123,Movement,4,7,4,7,665,672,16:45,16:52,7,7,21.43,0,0.0,160.0,138.57,2,B2100,passenger_flight,Position,Delivery
6,124,Delivery,7,7,7,7,672,675,16:52,16:55,3,0,0.0,2,8.534,138.57,147.104,0,B2100,delivery_service,Delivery,Delivery
6,125,Pickup,7,7,7,7,675,678,16:55,16:58,3,0,0.0,2,8.534,147.104,155.638,1,B2228,pickup_service,Pickup,Pickup
6,126,Pickup,7,7,7,7,678,681,16:58,17:01,3,0,0.0,2,4.362,155.638,160.0,3,B2250,pickup_service,Pickup,Pickup
6,127,Movement,7,4,7,4,681,688,17:01,17:08,7,7,21.43,0,0.0,160.0,138.57,3,B2228,passenger_flight,Position,Delivery
6,128,Delivery,4,4,4,4,688,691,17:08,17:11,3,0,0.0,2,8.534,138.57,147.104,2,B2228,delivery_service,Delivery,Delivery
6,129,Delivery,4,4,4,4,691,694,17:11,17:14,3,0,0.0,2,8.534,147.104,155.638,0,B2250,delivery_service,Delivery,Delivery
6,130,Pickup,4,4,4,4,694,697,17:14,17:17,3,0,0.0,2,4.362,155.638,160.0,3,B2401,pickup_service,Pickup,Pickup
6,131,Movement,4,2,4,2,697,703,17:17,17:23,6,6,16.13,0,0.0,160.0,143.87,3,B2401,passenger_flight,Position,Delivery
6,132,Delivery,2,2,2,2,703,706,17:23,17:26,3,0,0.0,2,8.534,143.87,152.404,0,B2401,delivery_service,Delivery,Delivery
6,133,Pickup,2,2,2,2,706,709,17:26,17:29,3,0,0.0,2,7.596,152.404,160.0,3,B2544,pickup_service,Pickup,Pickup
6,134,Movement,2,4,2,4,709,715,17:29,17:35,6,6,16.13,0,0.0,160.0,143.87,3,B2544,passenger_flight,Position,Delivery
6,135,Delivery,4,4,4,4,715,718,17:35,17:38,3,0,0.0,2,8.534,143.87,152.404,0,B2544,delivery_service,Delivery,Delivery
6,136,Pickup,4,4,4,4,718,721,17:38,17:41,3,0,0.0,2,7.596,152.404,160.0,1,B2682,pickup_service,Pickup,Pickup
6,137,Movement,4,2,4,2,721,727,17:41,17:47,6,6,16.13,0,0.0,160.0,143.87,1,B2682,passenger_flight,Position,Delivery
6,138,Delivery,2,2,2,2,727,730,17:47,17:50,3,0,0.0,2,8.534,143.87,152.404,0,B2682,delivery_service,Delivery,Delivery
6,139,Stay,2,2,2,2,730,734,17:50,17:54,4,0,0.0,4,7.596,152.404,160.0,0,B2863-1,parking_charging,Position,Pickup
6,140,Pickup,2,2,2,2,734,737,17:54,17:57,3,0,0.0,2,0.0,160.0,160.0,3,B2863-1,pickup_service,Pickup,Pickup
6,141,Movement,2,4,2,4,737,743,17:57,18:03,6,6,16.13,0,0.0,160.0,143.87,3,B2863-1,passenger_flight,Position,Delivery
6,142,Delivery,4,4,4,4,743,746,18:03,18:06,3,0,0.0,2,8.534,143.87,152.404,0,B2863-1,delivery_service,Delivery,Delivery
6,143,Pickup,4,4,4,4,746,749,18:06,18:09,3,0,0.0,2,7.596,152.404,160.0,2,B2966,pickup_service,Pickup,Pickup
6,144,Movement,4,3,4,3,749,756,18:09,18:16,7,7,12.6,0,0.0,160.0,147.4,2,B2966,passenger_flight,Position,Delivery
6,145,Delivery,3,3,3,3,756,759,18:16,18:19,3,0,0.0,2,8.534,147.4,155.934,0,B2966,delivery_service,Delivery,Delivery
6,146,Stay,3,3,3,3,759,777,18:19,18:37,18,0,0.0,18,4.066,155.934,160.0,0,B3157,parking_charging,Position,Pickup
6,147,Pickup,3,3,3,3,777,780,18:37,18:40,3,0,0.0,2,0.0,160.0,160.0,2,B3157,pickup_service,Pickup,Pickup
6,148,Movement,3,4,3,4,780,787,18:40,18:47,7,7,12.6,0,0.0,160.0,147.4,2,B3157,passenger_flight,Position,Delivery
6,149,Delivery,4,4,4,4,787,790,18:47,18:50,3,0,0.0,2,8.534,147.4,155.934,0,B3157,delivery_service,Delivery,Delivery
6,150,Pickup,4,4,4,4,790,793,18:50,18:53,3,0,0.0,2,4.066,155.934,160.0,3,B3215,pickup_service,Pickup,Pickup
6,151,Movement,4,3,4,3,793,800,18:53,19:00,7,7,12.6,0,0.0,160.0,147.4,3,B3215,passenger_flight,Position,Delivery
6,152,Delivery,3,3,3,3,800,803,19:00,19:03,3,0,0.0,2,8.534,147.4,155.934,0,B3215,delivery_service,Delivery,Delivery
6,153,Stay,3,3,3,3,803,804,19:03,19:04,1,0,0.0,1,4.066,155.934,160.0,0,B3308,parking_charging,Position,Pickup
6,154,Pickup,3,3,3,3,804,807,19:04,19:07,3,0,0.0,2,0.0,160.0,160.0,1,B3308,pickup_service,Pickup,Pickup
6,155,Movement,3,4,3,4,807,814,19:07,19:14,7,7,12.6,0,0.0,160.0,147.4,1,B3308,passenger_flight,Position,Delivery
6,156,Delivery,4,4,4,4,814,817,19:14,19:17,3,0,0.0,2,8.534,147.4,155.934,0,B3308,delivery_service,Delivery,Delivery
7,0,Stay,8,8,8,8,0,100,05:40,07:20,100,0,0.0,100,0.0,160.0,160.0,0,B73,parking_charging,Position,Pickup
7,1,Pickup,8,8,8,8,100,103,07:20,07:23,3,0,0.0,2,0.0,160.0,160.0,1,B73,pickup_service,Pickup,Pickup
7,2,Movement,8,2,8,2,103,113,07:23,07:33,10,10,32.38,0,0.0,160.0,127.62,1,B73,passenger_flight,Position,Delivery
7,3,Delivery,2,2,2,2,113,116,07:33,07:36,3,0,0.0,2,8.534,127.62,136.154,0,B73,delivery_service,Delivery,Delivery
7,4,Stay,2,2,2,2,116,140,07:36,08:00,24,0,0.0,24,23.846,136.154,160.0,0,B121,parking_charging,Position,Pickup
7,5,Pickup,2,2,2,2,140,143,08:00,08:03,3,0,0.0,2,0.0,160.0,160.0,1,B121,pickup_service,Pickup,Pickup
7,6,Movement,2,4,2,4,143,149,08:03,08:09,6,6,16.13,0,0.0,160.0,143.87,1,B121,passenger_flight,Position,Delivery
7,7,Delivery,4,4,4,4,149,152,08:09,08:12,3,0,0.0,2,8.534,143.87,152.404,0,B121,delivery_service,Delivery,Delivery
7,8,Movement,4,5,4,5,152,158,08:12,08:18,6,6,11.45,0,0.0,152.404,140.954,0,B197,empty_repositioning,Position,Pickup
7,9,Pickup,5,5,5,5,158,161,08:18,08:21,3,0,0.0,2,8.534,140.954,149.488,1,B197,pickup_service,Pickup,Pickup
7,10,Stay,5,5,5,5,161,164,08:21,08:24,3,0,0.0,3,10.512,149.488,160.0,1,B197,parking_charging,Position,Movement
7,11,Movement,5,3,5,3,164,172,08:24,08:32,8,8,23.93,0,0.0,160.0,136.07,1,B197,passenger_flight,Position,Delivery
7,12,Delivery,3,3,3,3,172,175,08:32,08:35,3,0,0.0,2,8.534,136.07,144.604,0,B197,delivery_service,Delivery,Delivery
7,13,Pickup,3,3,3,3,175,178,08:35,08:38,3,0,0.0,2,8.534,144.604,153.138,1,B264,pickup_service,Pickup,Pickup
7,14,Pickup,3,3,3,3,178,181,08:38,08:41,3,0,0.0,2,6.862,153.138,160.0,3,B277,pickup_service,Pickup,Pickup
7,15,Movement,3,4,3,4,181,188,08:41,08:48,7,7,12.6,0,0.0,160.0,147.4,3,B264,passenger_flight,Position,Delivery
7,16,Delivery,4,4,4,4,188,191,08:48,08:51,3,0,0.0,2,8.534,147.4,155.934,2,B264,delivery_service,Delivery,Delivery
7,17,Delivery,4,4,4,4,191,194,08:51,08:54,3,0,0.0,2,4.066,155.934,160.0,0,B277,delivery_service,Delivery,Delivery
7,18,Stay,4,4,4,4,194,200,08:54,09:00,6,0,0.0,6,0.0,160.0,160.0,0,B374,parking_charging,Position,Movement
7,19,Movement,4,10,4,10,200,212,09:00,09:12,12,12,42.86,0,0.0,160.0,117.14,0,B374,empty_repositioning,Position,Pickup
7,20,Pickup,10,10,10,10,212,215,09:12,09:15,3,0,0.0,2,8.534,117.14,125.674,1,B374,pickup_service,Pickup,Pickup
7,21,Movement,10,3,10,3,215,230,09:15,09:30,15,15,54.92,0,0.0,125.674,70.754,1,B374,passenger_flight,Position,Delivery
7,22,Delivery,3,3,3,3,230,233,09:30,09:33,3,0,0.0,2,8.534,70.754,79.288,0,B374,delivery_service,Delivery,Delivery
7,23,Stay,3,3,3,3,233,234,09:33,09:34,1,0,0.0,1,4.267,79.288,83.555,0,B438,parking_charging,Position,Pickup
7,24,Pickup,3,3,3,3,234,237,09:34,09:37,3,0,0.0,2,8.534,83.555,92.089,2,B438,pickup_service,Pickup,Pickup
7,25,Pickup,3,3,3,3,237,240,09:37,09:40,3,0,0.0,2,8.534,92.089,100.623,3,B442,pickup_service,Pickup,Pickup
7,26,Movement,3,4,3,4,240,247,09:40,09:47,7,7,12.6,0,0.0,100.623,88.023,3,B438,passenger_flight,Position,Delivery
7,27,Delivery,4,4,4,4,247,250,09:47,09:50,3,0,0.0,2,8.534,88.023,96.557,1,B438,delivery_service,Delivery,Delivery
7,28,Delivery,4,4,4,4,250,253,09:50,09:53,3,0,0.0,2,8.534,96.557,105.091,0,B442,delivery_service,Delivery,Delivery
7,29,Movement,4,2,4,2,253,259,09:53,09:59,6,6,16.13,0,0.0,105.091,88.961,0,B491,empty_repositioning,Position,Pickup
7,30,Pickup,2,2,2,2,259,262,09:59,10:02,3,0,0.0,2,8.534,88.961,97.495,1,B491,pickup_service,Pickup,Pickup
7,31,Stay,2,2,2,2,262,265,10:02,10:05,3,0,0.0,3,12.801,97.495,110.296,1,B491,parking_charging,Position,Movement
7,32,Movement,2,4,2,4,265,271,10:05,10:11,6,6,16.13,0,0.0,110.296,94.166,1,B491,passenger_flight,Position,Delivery
7,33,Delivery,4,4,4,4,271,274,10:11,10:14,3,0,0.0,2,8.534,94.166,102.7,0,B491,delivery_service,Delivery,Delivery
7,34,Stay,4,4,4,4,274,290,10:14,10:30,16,0,0.0,16,57.3,102.7,160.0,0,B701,parking_charging,Position,Movement
7,35,Movement,4,2,4,2,290,296,10:30,10:36,6,6,16.13,0,0.0,160.0,143.87,0,B701,empty_repositioning,Position,Pickup
7,36,Pickup,2,2,2,2,296,299,10:36,10:39,3,0,0.0,2,8.534,143.87,152.404,1,B701,pickup_service,Pickup,Pickup
7,37,Movement,2,1,2,1,299,306,10:39,10:46,7,7,13.61,0,0.0,152.404,138.794,1,B701,passenger_flight,Position,Delivery
7,38,Delivery,1,1,1,1,306,309,10:46,10:49,3,0,0.0,2,8.534,138.794,147.328,0,B701,delivery_service,Delivery,Delivery
7,39,Movement,1,4,1,4,309,313,10:49,10:53,4,4,4.98,0,0.0,147.328,142.348,0,B783,empty_repositioning,Position,Pickup
7,40,Pickup,4,4,4,4,313,316,10:53,10:56,3,0,0.0,2,8.534,142.348,150.882,1,B783,pickup_service,Pickup,Pickup
7,41,Movement,4,10,4,10,316,328,10:56,11:08,12,12,42.86,0,0.0,150.882,108.022,1,B783,passenger_flight,Position,Delivery
7,42,Delivery,10,10,10,10,328,331,11:08,11:11,3,0,0.0,2,8.534,108.022,116.556,0,B783,delivery_service,Delivery,Delivery
7,43,Pickup,10,10,10,10,331,334,11:11,11:14,3,0,0.0,2,8.534,116.556,125.09,2,B879,pickup_service,Pickup,Pickup
7,44,Movement,10,4,10,4,334,346,11:14,11:26,12,12,42.86,0,0.0,125.09,82.23,2,B879,passenger_flight,Position,Delivery
7,45,Delivery,4,4,4,4,346,349,11:26,11:29,3,0,0.0,2,8.534,82.23,90.764,0,B879,delivery_service,Delivery,Delivery
7,46,Stay,4,4,4,4,349,354,11:29,11:34,5,0,0.0,5,21.335,90.764,112.099,0,B984,parking_charging,Position,Pickup
7,47,Pickup,4,4,4,4,354,357,11:34,11:37,3,0,0.0,2,8.534,112.099,120.633,1,B984,pickup_service,Pickup,Pickup
7,48,Movement,4,3,4,3,357,364,11:37,11:44,7,7,12.6,0,0.0,120.633,108.033,1,B984,passenger_flight,Position,Delivery
7,49,Delivery,3,3,3,3,364,367,11:44,11:47,3,0,0.0,2,8.534,108.033,116.567,0,B984,delivery_service,Delivery,Delivery
7,50,Stay,3,3,3,3,367,377,11:47,11:57,10,0,0.0,10,42.67,116.567,159.237,0,B1061,parking_charging,Position,Pickup
7,51,Pickup,3,3,3,3,377,380,11:57,12:00,3,0,0.0,2,0.763,159.237,160.0,1,B1061,pickup_service,Pickup,Pickup
7,52,Movement,3,1,3,1,380,386,12:00,12:06,6,6,9.61,0,0.0,160.0,150.39,1,B1061,passenger_flight,Position,Delivery
7,53,Delivery,1,1,1,1,386,389,12:06,12:09,3,0,0.0,2,8.534,150.39,158.924,0,B1061,delivery_service,Delivery,Delivery
7,54,Stay,1,1,1,1,389,397,12:09,12:17,8,0,0.0,8,1.076,158.924,160.0,0,B1104,parking_charging,Position,Pickup
7,55,Pickup,1,1,1,1,397,400,12:17,12:20,3,0,0.0,2,0.0,160.0,160.0,1,B1104,pickup_service,Pickup,Pickup
7,56,Movement,1,7,1,7,400,407,12:20,12:27,7,7,21.03,0,0.0,160.0,138.97,1,B1104,passenger_flight,Position,Delivery
7,57,Delivery,7,7,7,7,407,410,12:27,12:30,3,0,0.0,2,8.534,138.97,147.504,0,B1104,delivery_service,Delivery,Delivery
7,58,Stay,7,7,7,7,410,419,12:30,12:39,9,0,0.0,9,12.496,147.504,160.0,0,B1164,parking_charging,Position,Pickup
7,59,Pickup,7,7,7,7,419,422,12:39,12:42,3,0,0.0,2,0.0,160.0,160.0,1,B1164,pickup_service,Pickup,Pickup
7,60,Stay,7,7,7,7,422,425,12:42,12:45,3,0,0.0,3,0.0,160.0,160.0,1,B1164,parking_charging,Position,Movement
7,61,Movement,7,4,7,4,425,432,12:45,12:52,7,7,21.43,0,0.0,160.0,138.57,1,B1164,passenger_flight,Position,Delivery
7,62,Delivery,4,4,4,4,432,435,12:52,12:55,3,0,0.0,2,8.534,138.57,147.104,0,B1164,delivery_service,Delivery,Delivery
7,63,Stay,4,4,4,4,435,448,12:55,13:08,13,0,0.0,13,12.896,147.104,160.0,0,B1231,parking_charging,Position,Pickup
7,64,Pickup,4,4,4,4,448,451,13:08,13:11,3,0,0.0,2,0.0,160.0,160.0,1,B1231,pickup_service,Pickup,Pickup
7,65,Movement,4,7,4,7,451,458,13:11,13:18,7,7,21.43,0,0.0,160.0,138.57,1,B1231,passenger_flight,Position,Delivery
7,66,Delivery,7,7,7,7,458,461,13:18,13:21,3,0,0.0,2,8.534,138.57,147.104,0,B1231,delivery_service,Delivery,Delivery
7,67,Pickup,7,7,7,7,461,464,13:21,13:24,3,0,0.0,2,8.534,147.104,155.638,2,B1252,pickup_service,Pickup,Pickup
7,68,Pickup,7,7,7,7,464,467,13:24,13:27,3,0,0.0,2,4.362,155.638,160.0,3,B1256,pickup_service,Pickup,Pickup
7,69,Movement,7,4,7,4,467,474,13:27,13:34,7,7,21.43,0,0.0,160.0,138.57,3,B1252,passenger_flight,Position,Delivery
7,70,Delivery,4,4,4,4,474,477,13:34,13:37,3,0,0.0,2,8.534,138.57,147.104,1,B1252,delivery_service,Delivery,Delivery
7,71,Delivery,4,4,4,4,477,480,13:37,13:40,3,0,0.0,2,8.534,147.104,155.638,0,B1256,delivery_service,Delivery,Delivery
7,72,Stay,4,4,4,4,480,482,13:40,13:42,2,0,0.0,2,4.362,155.638,160.0,0,B1290,parking_charging,Position,Pickup
7,73,Pickup,4,4,4,4,482,485,13:42,13:45,3,0,0.0,2,0.0,160.0,160.0,1,B1290,pickup_service,Pickup,Pickup
7,74,Movement,4,7,4,7,485,492,13:45,13:52,7,7,21.43,0,0.0,160.0,138.57,1,B1290,passenger_flight,Position,Delivery
7,75,Delivery,7,7,7,7,492,495,13:52,13:55,3,0,0.0,2,8.534,138.57,147.104,0,B1290,delivery_service,Delivery,Delivery
7,76,Stay,7,7,7,7,495,498,13:55,13:58,3,0,0.0,3,12.801,147.104,159.905,0,B1336,parking_charging,Position,Pickup
7,77,Pickup,7,7,7,7,498,501,13:58,14:01,3,0,0.0,2,0.095,159.905,160.0,1,B1336,pickup_service,Pickup,Pickup
7,78,Movement,7,6,7,6,501,513,14:01,14:13,12,12,43.48,0,0.0,160.0,116.52,1,B1336,passenger_flight,Position,Delivery
7,79,Delivery,6,6,6,6,513,516,14:13,14:16,3,0,0.0,2,8.534,116.52,125.054,0,B1336,delivery_service,Delivery,Delivery
7,80,Stay,6,6,6,6,516,519,14:16,14:19,3,0,0.0,3,12.801,125.054,137.855,0,B1416,parking_charging,Position,Pickup
7,81,Pickup,6,6,6,6,519,522,14:19,14:22,3,0,0.0,2,8.534,137.855,146.389,1,B1416,pickup_service,Pickup,Pickup
7,82,Stay,6,6,6,6,522,526,14:22,14:26,4,0,0.0,4,13.611,146.389,160.0,1,B1416,parking_charging,Position,Movement
7,83,Movement,6,7,6,7,526,538,14:26,14:38,12,12,43.48,0,0.0,160.0,116.52,1,B1416,passenger_flight,Position,Delivery
7,84,Delivery,7,7,7,7,538,541,14:38,14:41,3,0,0.0,2,8.534,116.52,125.054,0,B1416,delivery_service,Delivery,Delivery
7,85,Stay,7,7,7,7,541,547,14:41,14:47,6,0,0.0,6,25.602,125.054,150.656,0,B1538,parking_charging,Position,Pickup
7,86,Pickup,7,7,7,7,547,550,14:47,14:50,3,0,0.0,2,8.534,150.656,159.19,1,B1538,pickup_service,Pickup,Pickup
7,87,Movement,7,1,7,1,550,557,14:50,14:57,7,7,21.03,0,0.0,159.19,138.16,1,B1538,passenger_flight,Position,Delivery
7,88,Delivery,1,1,1,1,557,560,14:57,15:00,3,0,0.0,2,8.534,138.16,146.694,0,B1538,delivery_service,Delivery,Delivery
7,89,Stay,1,1,1,1,560,575,15:00,15:15,15,0,0.0,15,13.306,146.694,160.0,0,B1652,parking_charging,Position,Pickup
7,90,Pickup,1,1,1,1,575,578,15:15,15:18,3,0,0.0,2,0.0,160.0,160.0,1,B1652,pickup_service,Pickup,Pickup
7,91,Pickup,1,1,1,1,578,581,15:18,15:21,3,0,0.0,2,0.0,160.0,160.0,3,B1659,pickup_service,Pickup,Pickup
7,92,Movement,1,2,1,2,581,588,15:21,15:28,7,7,13.61,0,0.0,160.0,146.39,3,B1652,passenger_flight,Position,Delivery
7,93,Delivery,2,2,2,2,588,591,15:28,15:31,3,0,0.0,2,8.534,146.39,154.924,2,B1652,delivery_service,Delivery,Delivery
7,94,Delivery,2,2,2,2,591,594,15:31,15:34,3,0,0.0,2,5.076,154.924,160.0,0,B1659,delivery_service,Delivery,Delivery
7,95,Stay,2,2,2,2,594,603,15:34,15:43,9,0,0.0,9,0.0,160.0,160.0,0,B1769,parking_charging,Position,Pickup
7,96,Pickup,2,2,2,2,603,606,15:43,15:46,3,0,0.0,2,0.0,160.0,160.0,2,B1769,pickup_service,Pickup,Pickup
7,97,Stay,2,2,2,2,606,607,15:46,15:47,1,0,0.0,1,0.0,160.0,160.0,2,B1785,parking_charging,Position,Pickup
7,98,Pickup,2,2,2,2,607,610,15:47,15:50,3,0,0.0,2,0.0,160.0,160.0,3,B1785,pickup_service,Pickup,Pickup
7,99,Movement,2,5,2,5,610,618,15:50,15:58,8,8,27.57,0,0.0,160.0,132.43,3,B1769,passenger_flight,Position,Delivery
7,100,Delivery,5,5,5,5,618,621,15:58,16:01,3,0,0.0,2,8.534,132.43,140.964,1,B1769,delivery_service,Delivery,Delivery
7,101,Delivery,5,5,5,5,621,624,16:01,16:04,3,0,0.0,2,8.534,140.964,149.498,0,B1785,delivery_service,Delivery,Delivery
7,102,Pickup,5,5,5,5,624,627,16:04,16:07,3,0,0.0,2,8.534,149.498,158.032,1,B1861,pickup_service,Pickup,Pickup
7,103,Pickup,5,5,5,5,627,630,16:07,16:10,3,0,0.0,2,1.968,158.032,160.0,2,B1881,pickup_service,Pickup,Pickup
7,104,Movement,5,2,5,2,630,638,16:10,16:18,8,8,27.57,0,0.0,160.0,132.43,2,B1861,passenger_flight,Position,Delivery
7,105,Delivery,2,2,2,2,638,641,16:18,16:21,3,0,0.0,2,8.534,132.43,140.964,1,B1861,delivery_service,Delivery,Delivery
7,106,Delivery,2,2,2,2,641,644,16:21,16:24,3,0,0.0,2,8.534,140.964,149.498,0,B1881,delivery_service,Delivery,Delivery
7,107,Pickup,2,2,2,2,644,647,16:24,16:27,3,0,0.0,2,8.534,149.498,158.032,3,B1994,pickup_service,Pickup,Pickup
7,108,Movement,2,5,2,5,647,655,16:27,16:35,8,8,27.57,0,0.0,158.032,130.462,3,B1994,passenger_flight,Position,Delivery
7,109,Delivery,5,5,5,5,655,658,16:35,16:38,3,0,0.0,2,8.534,130.462,138.996,0,B1994,delivery_service,Delivery,Delivery
7,110,Stay,5,5,5,5,658,660,16:38,16:40,2,0,0.0,2,8.534,138.996,147.53,0,B2101,parking_charging,Position,Pickup
7,111,Pickup,5,5,5,5,660,663,16:40,16:43,3,0,0.0,2,8.534,147.53,156.064,1,B2101,pickup_service,Pickup,Pickup
7,112,Movement,5,3,5,3,663,671,16:43,16:51,8,8,23.93,0,0.0,156.064,132.134,1,B2101,passenger_flight,Position,Delivery
7,113,Delivery,3,3,3,3,671,674,16:51,16:54,3,0,0.0,2,8.534,132.134,140.668,0,B2101,delivery_service,Delivery,Delivery
7,114,Stay,3,3,3,3,674,679,16:54,16:59,5,0,0.0,5,19.332,140.668,160.0,0,B2255,parking_charging,Position,Pickup
7,115,Pickup,3,3,3,3,679,682,16:59,17:02,3,0,0.0,2,0.0,160.0,160.0,1,B2255,pickup_service,Pickup,Pickup
7,116,Stay,3,3,3,3,682,685,17:02,17:05,3,0,0.0,3,0.0,160.0,160.0,1,B2255,parking_charging,Position,Movement
7,117,Movement,3,5,3,5,685,693,17:05,17:13,8,8,23.93,0,0.0,160.0,136.07,1,B2255,passenger_flight,Position,Delivery
7,118,Delivery,5,5,5,5,693,696,17:13,17:16,3,0,0.0,2,8.534,136.07,144.604,0,B2255,delivery_service,Delivery,Delivery
7,119,Stay,5,5,5,5,696,701,17:16,17:21,5,0,0.0,5,15.396,144.604,160.0,0,B2577,parking_charging,Position,Movement
7,120,Movement,5,2,5,2,701,709,17:21,17:29,8,8,27.57,0,0.0,160.0,132.43,0,B2577,empty_repositioning,Position,Pickup
7,121,Pickup,2,2,2,2,709,712,17:29,17:32,3,0,0.0,2,8.534,132.43,140.964,2,B2577,pickup_service,Pickup,Pickup
7,122,Movement,2,4,2,4,712,718,17:32,17:38,6,6,16.13,0,0.0,140.964,124.834,2,B2577,passenger_flight,Position,Delivery
7,123,Delivery,4,4,4,4,718,721,17:38,17:41,3,0,0.0,2,8.534,124.834,133.368,0,B2577,delivery_service,Delivery,Delivery
7,124,Movement,4,2,4,2,721,727,17:41,17:47,6,6,16.13,0,0.0,133.368,117.238,0,B2754,empty_repositioning,Position,Pickup
7,125,Pickup,2,2,2,2,727,730,17:47,17:50,3,0,0.0,2,8.534,117.238,125.772,2,B2754,pickup_service,Pickup,Pickup
7,126,Movement,2,4,2,4,730,736,17:50,17:56,6,6,16.13,0,0.0,125.772,109.642,2,B2754,passenger_flight,Position,Delivery
7,127,Delivery,4,4,4,4,736,739,17:56,17:59,3,0,0.0,2,8.534,109.642,118.176,0,B2754,delivery_service,Delivery,Delivery
7,128,Stay,4,4,4,4,739,740,17:59,18:00,1,0,0.0,1,4.267,118.176,122.443,0,B2917,parking_charging,Position,Pickup
7,129,Pickup,4,4,4,4,740,743,18:00,18:03,3,0,0.0,2,8.534,122.443,130.977,3,B2917,pickup_service,Pickup,Pickup
7,130,Movement,4,3,4,3,743,750,18:03,18:10,7,7,12.6,0,0.0,130.977,118.377,3,B2917,passenger_flight,Position,Delivery
7,131,Delivery,3,3,3,3,750,753,18:10,18:13,3,0,0.0,2,8.534,118.377,126.911,0,B2917,delivery_service,Delivery,Delivery
7,132,Stay,3,3,3,3,753,762,18:13,18:22,9,0,0.0,9,33.089,126.911,160.0,0,B3078,parking_charging,Position,Movement
7,133,Movement,3,2,3,2,762,765,18:22,18:25,3,3,4.08,0,0.0,160.0,155.92,0,B3078,empty_repositioning,Position,Pickup
7,134,Pickup,2,2,2,2,765,768,18:25,18:28,3,0,0.0,2,4.08,155.92,160.0,1,B3078,pickup_service,Pickup,Pickup
7,135,Pickup,2,2,2,2,768,771,18:28,18:31,3,0,0.0,2,0.0,160.0,160.0,2,B3097,pickup_service,Pickup,Pickup
7,136,Movement,2,4,2,4,771,777,18:31,18:37,6,6,16.13,0,0.0,160.0,143.87,2,B3078,passenger_flight,Position,Delivery
7,137,Delivery,4,4,4,4,777,780,18:37,18:40,3,0,0.0,2,8.534,143.87,152.404,1,B3078,delivery_service,Delivery,Delivery
7,138,Delivery,4,4,4,4,780,783,18:40,18:43,3,0,0.0,2,7.596,152.404,160.0,0,B3097,delivery_service,Delivery,Delivery
7,139,Stay,4,4,4,4,783,787,18:43,18:47,4,0,0.0,4,0.0,160.0,160.0,0,B3221,parking_charging,Position,Pickup
7,140,Pickup,4,4,4,4,787,790,18:47,18:50,3,0,0.0,2,0.0,160.0,160.0,3,B3221,pickup_service,Pickup,Pickup
7,141,Movement,4,2,4,2,790,796,18:50,18:56,6,6,16.13,0,0.0,160.0,143.87,3,B3221,passenger_flight,Position,Delivery
7,142,Delivery,2,2,2,2,796,799,18:56,18:59,3,0,0.0,2,8.534,143.87,152.404,0,B3221,delivery_service,Delivery,Delivery
7,143,Pickup,2,2,2,2,799,802,18:59,19:02,3,0,0.0,2,7.596,152.404,160.0,1,B3263,pickup_service,Pickup,Pickup
7,144,Movement,2,4,2,4,802,808,19:02,19:08,6,6,16.13,0,0.0,160.0,143.87,1,B3263,passenger_flight,Position,Delivery
7,145,Delivery,4,4,4,4,808,811,19:08,19:11,3,0,0.0,2,8.534,143.87,152.404,0,B3263,delivery_service,Delivery,Delivery
8,0,Stay,9,9,9,9,0,27,05:40,06:07,27,0,0.0,27,0.0,160.0,160.0,0,B7,parking_charging,Position,Pickup
8,1,Pickup,9,9,9,9,27,30,06:07,06:10,3,0,0.0,2,0.0,160.0,160.0,1,B7,pickup_service,Pickup,Pickup
8,2,Movement,9,4,9,4,30,45,06:10,06:25,15,15,55.47,0,0.0,160.0,104.53,1,B7,passenger_flight,Position,Delivery
8,3,Delivery,4,4,4,4,45,48,06:25,06:28,3,0,0.0,2,8.534,104.53,113.064,0,B7,delivery_service,Delivery,Delivery
8,4,Stay,4,4,4,4,48,64,06:28,06:44,16,0,0.0,16,46.936,113.064,160.0,0,B36,parking_charging,Position,Pickup
8,5,Pickup,4,4,4,4,64,67,06:44,06:47,3,0,0.0,2,0.0,160.0,160.0,2,B36,pickup_service,Pickup,Pickup
8,6,Movement,4,9,4,9,67,82,06:47,07:02,15,15,55.47,0,0.0,160.0,104.53,2,B36,passenger_flight,Position,Delivery
8,7,Delivery,9,9,9,9,82,85,07:02,07:05,3,0,0.0,2,8.534,104.53,113.064,0,B36,delivery_service,Delivery,Delivery
8,8,Stay,9,9,9,9,85,107,07:05,07:27,22,0,0.0,22,46.936,113.064,160.0,0,B91,parking_charging,Position,Movement
8,9,Movement,9,8,9,8,107,113,07:27,07:33,6,6,18.04,0,0.0,160.0,141.96,0,B91,empty_repositioning,Position,Pickup
8,10,Pickup,8,8,8,8,113,116,07:33,07:36,3,0,0.0,2,8.534,141.96,150.494,1,B91,pickup_service,Pickup,Pickup
8,11,Movement,8,2,8,2,116,126,07:36,07:46,10,10,32.38,0,0.0,150.494,118.114,1,B91,passenger_flight,Position,Delivery
8,12,Delivery,2,2,2,2,126,129,07:46,07:49,3,0,0.0,2,8.534,118.114,126.648,0,B91,delivery_service,Delivery,Delivery
8,13,Stay,2,2,2,2,129,141,07:49,08:01,12,0,0.0,12,33.352,126.648,160.0,0,B126,parking_charging,Position,Pickup
8,14,Pickup,2,2,2,2,141,144,08:01,08:04,3,0,0.0,2,0.0,160.0,160.0,1,B126,pickup_service,Pickup,Pickup
8,15,Stay,2,2,2,2,144,145,08:04,08:05,1,0,0.0,1,0.0,160.0,160.0,1,B143,parking_charging,Position,Pickup
8,16,Pickup,2,2,2,2,145,148,08:05,08:08,3,0,0.0,2,0.0,160.0,160.0,2,B143,pickup_service,Pickup,Pickup
8,17,Movement,2,4,2,4,148,154,08:08,08:14,6,6,16.13,0,0.0,160.0,143.87,2,B126,passenger_flight,Position,Delivery
8,18,Delivery,4,4,4,4,154,157,08:14,08:17,3,0,0.0,2,8.534,143.87,152.404,1,B126,delivery_service,Delivery,Delivery
8,19,Delivery,4,4,4,4,157,160,08:17,08:20,3,0,0.0,2,7.596,152.404,160.0,0,B143,delivery_service,Delivery,Delivery
8,20,Movement,4,5,4,5,160,166,08:20,08:26,6,6,11.45,0,0.0,160.0,148.55,0,B237,empty_repositioning,Position,Pickup
8,21,Pickup,5,5,5,5,166,169,08:26,08:29,3,0,0.0,2,8.534,148.55,157.084,2,B237,pickup_service,Pickup,Pickup
8,22,Movement,5,3,5,3,169,177,08:29,08:37,8,8,23.93,0,0.0,157.084,133.154,2,B237,passenger_flight,Position,Delivery
8,23,Delivery,3,3,3,3,177,180,08:37,08:40,3,0,0.0,2,8.534,133.154,141.688,0,B237,delivery_service,Delivery,Delivery
8,24,Stay,3,3,3,3,180,195,08:40,08:55,15,0,0.0,15,18.312,141.688,160.0,0,B336,parking_charging,Position,Pickup
8,25,Pickup,3,3,3,3,195,198,08:55,08:58,3,0,0.0,2,0.0,160.0,160.0,1,B336,pickup_service,Pickup,Pickup
8,26,Pickup,3,3,3,3,198,201,08:58,09:01,3,0,0.0,2,0.0,160.0,160.0,3,B346,pickup_service,Pickup,Pickup
8,27,Movement,3,4,3,4,201,208,09:01,09:08,7,7,12.6,0,0.0,160.0,147.4,3,B336,passenger_flight,Position,Delivery
8,28,Delivery,4,4,4,4,208,211,09:08,09:11,3,0,0.0,2,8.534,147.4,155.934,2,B336,delivery_service,Delivery,Delivery
8,29,Delivery,4,4,4,4,211,214,09:11,09:14,3,0,0.0,2,4.066,155.934,160.0,0,B346,delivery_service,Delivery,Delivery
8,30,Pickup,4,4,4,4,214,217,09:14,09:17,3,0,0.0,2,0.0,160.0,160.0,1,B381,pickup_service,Pickup,Pickup
8,31,Movement,4,7,4,7,217,224,09:17,09:24,7,7,21.43,0,0.0,160.0,138.57,1,B381,passenger_flight,Position,Delivery
8,32,Delivery,7,7,7,7,224,227,09:24,09:27,3,0,0.0,2,8.534,138.57,147.104,0,B381,delivery_service,Delivery,Delivery
8,33,Pickup,7,7,7,7,227,230,09:27,09:30,3,0,0.0,2,8.534,147.104,155.638,2,B423,pickup_service,Pickup,Pickup
8,34,Movement,7,1,7,1,230,237,09:30,09:37,7,7,21.03,0,0.0,155.638,134.608,2,B423,passenger_flight,Position,Delivery
8,35,Delivery,1,1,1,1,237,240,09:37,09:40,3,0,0.0,2,8.534,134.608,143.142,0,B423,delivery_service,Delivery,Delivery
8,36,Stay,1,1,1,1,240,243,09:40,09:43,3,0,0.0,3,12.801,143.142,155.943,0,B473,parking_charging,Position,Movement
8,37,Movement,1,6,1,6,243,250,09:43,09:50,7,7,23.39,0,0.0,155.943,132.553,0,B473,empty_repositioning,Position,Pickup
8,38,Pickup,6,6,6,6,250,253,09:50,09:53,3,0,0.0,2,8.534,132.553,141.087,1,B473,pickup_service,Pickup,Pickup
8,39,Movement,6,2,6,2,253,264,09:53,10:04,11,11,37.0,0,0.0,141.087,104.087,1,B473,passenger_flight,Position,Delivery
8,40,Delivery,2,2,2,2,264,267,10:04,10:07,3,0,0.0,2,8.534,104.087,112.621,0,B473,delivery_service,Delivery,Delivery
8,41,Stay,2,2,2,2,267,282,10:07,10:22,15,0,0.0,15,47.379,112.621,160.0,0,B624,parking_charging,Position,Pickup
8,42,Pickup,2,2,2,2,282,285,10:22,10:25,3,0,0.0,2,0.0,160.0,160.0,1,B624,pickup_service,Pickup,Pickup
8,43,Movement,2,4,2,4,285,291,10:25,10:31,6,6,16.13,0,0.0,160.0,143.87,1,B624,passenger_flight,Position,Delivery
8,44,Delivery,4,4,4,4,291,294,10:31,10:34,3,0,0.0,2,8.534,143.87,152.404,0,B624,delivery_service,Delivery,Delivery
8,45,Stay,4,4,4,4,294,301,10:34,10:41,7,0,0.0,7,7.596,152.404,160.0,0,B725,parking_charging,Position,Pickup
8,46,Pickup,4,4,4,4,301,304,10:41,10:44,3,0,0.0,2,0.0,160.0,160.0,2,B725,pickup_service,Pickup,Pickup
8,47,Pickup,4,4,4,4,304,307,10:44,10:47,3,0,0.0,2,0.0,160.0,160.0,3,B736,pickup_service,Pickup,Pickup
8,48,Movement,4,2,4,2,307,313,10:47,10:53,6,6,16.13,0,0.0,160.0,143.87,3,B725,passenger_flight,Position,Delivery
8,49,Delivery,2,2,2,2,313,316,10:53,10:56,3,0,0.0,2,8.534,143.87,152.404,1,B725,delivery_service,Delivery,Delivery
8,50,Delivery,2,2,2,2,316,319,10:56,10:59,3,0,0.0,2,7.596,152.404,160.0,0,B736,delivery_service,Delivery,Delivery
8,51,Stay,2,2,2,2,319,322,10:59,11:02,3,0,0.0,3,0.0,160.0,160.0,0,B838,parking_charging,Position,Pickup
8,52,Pickup,2,2,2,2,322,325,11:02,11:05,3,0,0.0,2,0.0,160.0,160.0,2,B838,pickup_service,Pickup,Pickup
8,53,Movement,2,5,2,5,325,333,11:05,11:13,8,8,27.57,0,0.0,160.0,132.43,2,B838,passenger_flight,Position,Delivery
8,54,Delivery,5,5,5,5,333,336,11:13,11:16,3,0,0.0,2,8.534,132.43,140.964,0,B838,delivery_service,Delivery,Delivery
8,55,Stay,5,5,5,5,336,342,11:16,11:22,6,0,0.0,6,19.036,140.964,160.0,0,B935,parking_charging,Position,Pickup
8,56,Pickup,5,5,5,5,342,345,11:22,11:25,3,0,0.0,2,0.0,160.0,160.0,1,B935,pickup_service,Pickup,Pickup
8,57,Movement,5,1,5,1,345,353,11:25,11:33,8,8,14.88,0,0.0,160.0,145.12,1,B935,passenger_flight,Position,Delivery
8,58,Delivery,1,1,1,1,353,356,11:33,11:36,3,0,0.0,2,8.534,145.12,153.654,0,B935,delivery_service,Delivery,Delivery
8,59,Stay,1,1,1,1,356,359,11:36,11:39,3,0,0.0,3,6.346,153.654,160.0,0,B1001,parking_charging,Position,Pickup
8,60,Pickup,1,1,1,1,359,362,11:39,11:42,3,0,0.0,2,0.0,160.0,160.0,1,B1001,pickup_service,Pickup,Pickup
8,61,Stay,1,1,1,1,362,368,11:42,11:48,6,0,0.0,6,0.0,160.0,160.0,1,B1001,parking_charging,Position,Movement
8,62,Movement,1,9,1,9,368,384,11:48,12:04,16,16,57.72,0,0.0,160.0,102.28,1,B1001,passenger_flight,Position,Delivery
8,63,Delivery,9,9,9,9,384,387,12:04,12:07,3,0,0.0,2,8.534,102.28,110.814,0,B1001,delivery_service,Delivery,Delivery
8,64,Stay,9,9,9,9,387,400,12:07,12:20,13,0,0.0,13,49.186,110.814,160.0,0,B1112,parking_charging,Position,Pickup
8,65,Pickup,9,9,9,9,400,403,12:20,12:23,3,0,0.0,2,0.0,160.0,160.0,1,B1112,pickup_service,Pickup,Pickup
8,66,Movement,9,4,9,4,403,418,12:23,12:38,15,15,55.47,0,0.0,160.0,104.53,1,B1112,passenger_flight,Position,Delivery
8,67,Delivery,4,4,4,4,418,421,12:38,12:41,3,0,0.0,2,8.534,104.53,113.064,0,B1112,delivery_service,Delivery,Delivery
8,68,Pickup,4,4,4,4,421,424,12:41,12:44,3,0,0.0,2,8.534,113.064,121.598,1,B1169,pickup_service,Pickup,Pickup
8,69,Pickup,4,4,4,4,424,427,12:44,12:47,3,0,0.0,2,8.534,121.598,130.132,2,B1176,pickup_service,Pickup,Pickup
8,70,Movement,4,2,4,2,427,433,12:47,12:53,6,6,16.13,0,0.0,130.132,114.002,2,B1169,passenger_flight,Position,Delivery
8,71,Delivery,2,2,2,2,433,436,12:53,12:56,3,0,0.0,2,8.534,114.002,122.536,1,B1169,delivery_service,Delivery,Delivery
8,72,Delivery,2,2,2,2,436,439,12:56,12:59,3,0,0.0,2,8.534,122.536,131.07,0,B1176,delivery_service,Delivery,Delivery
8,73,Pickup,2,2,2,2,439,442,12:59,13:02,3,0,0.0,2,8.534,131.07,139.604,1,B1212,pickup_service,Pickup,Pickup
8,74,Stay,2,2,2,2,442,448,13:02,13:08,6,0,0.0,6,20.396,139.604,160.0,1,B1212,parking_charging,Position,Movement
8,75,Movement,2,5,2,5,448,456,13:08,13:16,8,8,27.57,0,0.0,160.0,132.43,1,B1212,passenger_flight,Position,Delivery
8,76,Delivery,5,5,5,5,456,459,13:16,13:19,3,0,0.0,2,8.534,132.43,140.964,0,B1212,delivery_service,Delivery,Delivery
8,77,Stay,5,5,5,5,459,501,13:19,14:01,42,0,0.0,42,19.036,140.964,160.0,0,B1340,parking_charging,Position,Pickup
8,78,Pickup,5,5,5,5,501,504,14:01,14:04,3,0,0.0,2,0.0,160.0,160.0,1,B1340,pickup_service,Pickup,Pickup
8,79,Stay,5,5,5,5,504,505,14:04,14:05,1,0,0.0,1,0.0,160.0,160.0,1,B1356,parking_charging,Position,Pickup
8,80,Pickup,5,5,5,5,505,508,14:05,14:08,3,0,0.0,2,0.0,160.0,160.0,2,B1356,pickup_service,Pickup,Pickup
8,81,Movement,5,2,5,2,508,516,14:08,14:16,8,8,27.57,0,0.0,160.0,132.43,2,B1340,passenger_flight,Position,Delivery
8,82,Delivery,2,2,2,2,516,519,14:16,14:19,3,0,0.0,2,8.534,132.43,140.964,1,B1340,delivery_service,Delivery,Delivery
8,83,Delivery,2,2,2,2,519,522,14:19,14:22,3,0,0.0,2,8.534,140.964,149.498,0,B1356,delivery_service,Delivery,Delivery
8,84,Stay,2,2,2,2,522,526,14:22,14:26,4,0,0.0,4,10.502,149.498,160.0,0,B1444,parking_charging,Position,Pickup
8,85,Pickup,2,2,2,2,526,529,14:26,14:29,3,0,0.0,2,0.0,160.0,160.0,1,B1444,pickup_service,Pickup,Pickup
8,86,Pickup,2,2,2,2,529,532,14:29,14:32,3,0,0.0,2,0.0,160.0,160.0,2,B1451,pickup_service,Pickup,Pickup
8,87,Movement,2,5,2,5,532,540,14:32,14:40,8,8,27.57,0,0.0,160.0,132.43,2,B1444,passenger_flight,Position,Delivery
8,88,Delivery,5,5,5,5,540,543,14:40,14:43,3,0,0.0,2,8.534,132.43,140.964,1,B1444,delivery_service,Delivery,Delivery
8,89,Delivery,5,5,5,5,543,546,14:43,14:46,3,0,0.0,2,8.534,140.964,149.498,0,B1451,delivery_service,Delivery,Delivery
8,90,Pickup,5,5,5,5,546,549,14:46,14:49,3,0,0.0,2,8.534,149.498,158.032,1,B1521,pickup_service,Pickup,Pickup
8,91,Movement,5,9,5,9,549,566,14:49,15:06,17,17,62.04,0,0.0,158.032,95.992,1,B1521,passenger_flight,Position,Delivery
8,92,Delivery,9,9,9,9,566,569,15:06,15:09,3,0,0.0,2,8.534,95.992,104.526,0,B1521,delivery_service,Delivery,Delivery
8,93,Pickup,9,9,9,9,569,572,15:09,15:12,3,0,0.0,2,8.534,104.526,113.06,1,B1610,pickup_service,Pickup,Pickup
8,94,Movement,9,4,9,4,572,587,15:12,15:27,15,15,55.47,0,0.0,113.06,57.59,1,B1610,passenger_flight,Position,Delivery
8,95,Delivery,4,4,4,4,587,590,15:27,15:30,3,0,0.0,2,8.534,57.59,66.124,0,B1610,delivery_service,Delivery,Delivery
8,96,Stay,4,4,4,4,590,592,15:30,15:32,2,0,0.0,2,8.534,66.124,74.658,0,B1716,parking_charging,Position,Pickup
8,97,Pickup,4,4,4,4,592,595,15:32,15:35,3,0,0.0,2,8.534,74.658,83.192,2,B1716,pickup_service,Pickup,Pickup
8,98,Pickup,4,4,4,4,595,598,15:35,15:38,3,0,0.0,2,8.534,83.192,91.726,3,B1736,pickup_service,Pickup,Pickup
8,99,Movement,4,7,4,7,598,605,15:38,15:45,7,7,21.43,0,0.0,91.726,70.296,3,B1716,passenger_flight,Position,Delivery
8,100,Delivery,7,7,7,7,605,608,15:45,15:48,3,0,0.0,2,8.534,70.296,78.83,1,B1716,delivery_service,Delivery,Delivery
8,101,Delivery,7,7,7,7,608,611,15:48,15:51,3,0,0.0,2,8.534,78.83,87.364,0,B1736,delivery_service,Delivery,Delivery
8,102,Stay,7,7,7,7,611,621,15:51,16:01,10,0,0.0,10,42.67,87.364,130.034,0,B1849,parking_charging,Position,Pickup
8,103,Pickup,7,7,7,7,621,624,16:01,16:04,3,0,0.0,2,8.534,130.034,138.568,2,B1849,pickup_service,Pickup,Pickup
8,104,Movement,7,1,7,1,624,631,16:04,16:11,7,7,21.03,0,0.0,138.568,117.538,2,B1908,passenger_flight,Position,Pickup
8,105,Pickup,1,1,1,1,631,634,16:11,16:14,3,0,0.0,2,8.534,117.538,126.072,3,B1908,pickup_service,Pickup,Pickup
8,106,Delivery,1,1,1,1,634,637,16:14,16:17,3,0,0.0,2,8.534,126.072,134.606,1,B1849,delivery_service,Delivery,Delivery
8,107,Movement,1,6,1,6,637,644,16:17,16:24,7,7,23.39,0,0.0,134.606,111.216,1,B1908,passenger_flight,Position,Delivery
8,108,Delivery,6,6,6,6,644,647,16:24,16:27,3,0,0.0,2,8.534,111.216,119.75,0,B1908,delivery_service,Delivery,Delivery
8,109,Stay,6,6,6,6,647,658,16:27,16:38,11,0,0.0,11,40.25,119.75,160.0,0,B2089,parking_charging,Position,Pickup
8,110,Pickup,6,6,6,6,658,661,16:38,16:41,3,0,0.0,2,0.0,160.0,160.0,1,B2089,pickup_service,Pickup,Pickup
8,111,Movement,6,3,6,3,661,671,16:41,16:51,10,10,32.98,0,0.0,160.0,127.02,1,B2089,passenger_flight,Position,Delivery
8,112,Delivery,3,3,3,3,671,674,16:51,16:54,3,0,0.0,2,8.534,127.02,135.554,0,B2089,delivery_service,Delivery,Delivery
8,113,Stay,3,3,3,3,674,683,16:54,17:03,9,0,0.0,9,24.446,135.554,160.0,0,B2297,parking_charging,Position,Pickup
8,114,Pickup,3,3,3,3,683,686,17:03,17:06,3,0,0.0,2,0.0,160.0,160.0,3,B2297,pickup_service,Pickup,Pickup
8,115,Movement,3,4,3,4,686,693,17:06,17:13,7,7,12.6,0,0.0,160.0,147.4,3,B2297,passenger_flight,Position,Delivery
8,116,Delivery,4,4,4,4,693,696,17:13,17:16,3,0,0.0,2,8.534,147.4,155.934,0,B2297,delivery_service,Delivery,Delivery
8,117,Stay,4,4,4,4,696,698,17:16,17:18,2,0,0.0,2,4.066,155.934,160.0,0,B2468,parking_charging,Position,Pickup
8,118,Pickup,4,4,4,4,698,701,17:18,17:21,3,0,0.0,2,0.0,160.0,160.0,2,B2468,pickup_service,Pickup,Pickup
8,119,Movement,4,2,4,2,701,707,17:21,17:27,6,6,16.13,0,0.0,160.0,143.87,2,B2468,passenger_flight,Position,Delivery
8,120,Delivery,2,2,2,2,707,710,17:27,17:30,3,0,0.0,2,8.534,143.87,152.404,0,B2468,delivery_service,Delivery,Delivery
8,121,Pickup,2,2,2,2,710,713,17:30,17:33,3,0,0.0,2,7.596,152.404,160.0,3,B2552,pickup_service,Pickup,Pickup
8,122,Movement,2,1,2,1,713,720,17:33,17:40,7,7,13.61,0,0.0,160.0,146.39,3,B2552,passenger_flight,Position,Delivery
8,123,Delivery,1,1,1,1,720,723,17:40,17:43,3,0,0.0,2,8.534,146.39,154.924,0,B2552,delivery_service,Delivery,Delivery
8,124,Pickup,1,1,1,1,723,726,17:43,17:46,3,0,0.0,2,5.076,154.924,160.0,2,B2700,pickup_service,Pickup,Pickup
8,125,Movement,1,7,1,7,726,733,17:46,17:53,7,7,21.03,0,0.0,160.0,138.97,2,B2700,passenger_flight,Position,Delivery
8,126,Delivery,7,7,7,7,733,736,17:53,17:56,3,0,0.0,2,8.534,138.97,147.504,0,B2700,delivery_service,Delivery,Delivery
8,127,Stay,7,7,7,7,736,757,17:56,18:17,21,0,0.0,21,12.496,147.504,160.0,0,B3031,parking_charging,Position,Pickup
8,128,Pickup,7,7,7,7,757,760,18:17,18:20,3,0,0.0,2,0.0,160.0,160.0,2,B3031,pickup_service,Pickup,Pickup
8,129,Movement,7,4,7,4,760,767,18:20,18:27,7,7,21.43,0,0.0,160.0,138.57,2,B3031,passenger_flight,Position,Delivery
8,130,Delivery,4,4,4,4,767,770,18:27,18:30,3,0,0.0,2,8.534,138.57,147.104,0,B3031,delivery_service,Delivery,Delivery
8,131,Stay,4,4,4,4,770,773,18:30,18:33,3,0,0.0,3,12.801,147.104,159.905,0,B3135,parking_charging,Position,Pickup
8,132,Pickup,4,4,4,4,773,776,18:33,18:36,3,0,0.0,2,0.095,159.905,160.0,3,B3135,pickup_service,Pickup,Pickup
8,133,Movement,4,3,4,3,776,783,18:36,18:43,7,7,12.6,0,0.0,160.0,147.4,3,B3135,passenger_flight,Position,Delivery
8,134,Delivery,3,3,3,3,783,786,18:43,18:46,3,0,0.0,2,8.534,147.4,155.934,0,B3135,delivery_service,Delivery,Delivery
8,135,Movement,3,2,3,2,786,789,18:46,18:49,3,3,4.08,0,0.0,155.934,151.854,0,B3200,empty_repositioning,Position,Pickup
8,136,Pickup,2,2,2,2,789,792,18:49,18:52,3,0,0.0,2,8.146,151.854,160.0,2,B3200,pickup_service,Pickup,Pickup
8,137,Movement,2,1,2,1,792,799,18:52,18:59,7,7,13.61,0,0.0,160.0,146.39,2,B3200,passenger_flight,Position,Delivery
8,138,Delivery,1,1,1,1,799,802,18:59,19:02,3,0,0.0,2,8.534,146.39,154.924,0,B3200,delivery_service,Delivery,Delivery
8,139,Pickup,1,1,1,1,802,805,19:02,19:05,3,0,0.0,2,5.076,154.924,160.0,1,B3296,pickup_service,Pickup,Pickup
8,140,Movement,1,6,1,6,805,812,19:05,19:12,7,7,23.39,0,0.0,160.0,136.61,1,B3296,passenger_flight,Position,Delivery
8,141,Delivery,6,6,6,6,812,815,19:12,19:15,3,0,0.0,2,8.534,136.61,145.144,0,B3296,delivery_service,Delivery,Delivery
9,0,Stay,10,10,10,10,0,30,05:40,06:10,30,0,0.0,30,0.0,160.0,160.0,0,B10,parking_charging,Position,Pickup
9,1,Pickup,10,10,10,10,30,33,06:10,06:13,3,0,0.0,2,0.0,160.0,160.0,1,B10,pickup_service,Pickup,Pickup
9,2,Movement,10,4,10,4,33,45,06:13,06:25,12,12,42.86,0,0.0,160.0,117.14,1,B10,passenger_flight,Position,Delivery
9,3,Delivery,4,4,4,4,45,48,06:25,06:28,3,0,0.0,2,8.534,117.14,125.674,0,B10,delivery_service,Delivery,Delivery
9,4,Stay,4,4,4,4,48,55,06:28,06:35,7,0,0.0,7,29.869,125.674,155.543,0,B28,parking_charging,Position,Pickup
9,5,Pickup,4,4,4,4,55,58,06:35,06:38,3,0,0.0,2,4.457,155.543,160.0,1,B28,pickup_service,Pickup,Pickup
9,6,Movement,4,9,4,9,58,73,06:38,06:53,15,15,55.47,0,0.0,160.0,104.53,1,B28,passenger_flight,Position,Delivery
9,7,Delivery,9,9,9,9,73,76,06:53,06:56,3,0,0.0,2,8.534,104.53,113.064,0,B28,delivery_service,Delivery,Delivery
9,8,Stay,9,9,9,9,76,122,06:56,07:42,46,0,0.0,46,46.936,113.064,160.0,0,B100,parking_charging,Position,Pickup
9,9,Pickup,9,9,9,9,122,125,07:42,07:45,3,0,0.0,2,0.0,160.0,160.0,2,B100,pickup_service,Pickup,Pickup
9,10,Movement,9,6,9,6,125,145,07:45,08:05,20,20,74.79,0,0.0,160.0,85.21,2,B100,passenger_flight,Position,Delivery
9,11,Delivery,6,6,6,6,145,148,08:05,08:08,3,0,0.0,2,8.534,85.21,93.744,0,B100,delivery_service,Delivery,Delivery
9,12,Pickup,6,6,6,6,148,151,08:08,08:11,3,0,0.0,2,8.534,93.744,102.278,2,B159,pickup_service,Pickup,Pickup
9,13,Pickup,6,6,6,6,151,154,08:11,08:14,3,0,0.0,2,8.534,102.278,110.812,3,B171,pickup_service,Pickup,Pickup
9,14,Movement,6,1,6,1,154,161,08:14,08:21,7,7,23.39,0,0.0,110.812,87.422,3,B159,passenger_flight,Position,Delivery
9,15,Delivery,1,1,1,1,161,164,08:21,08:24,3,0,0.0,2,8.534,87.422,95.956,1,B159,delivery_service,Delivery,Delivery
9,16,Delivery,1,1,1,1,164,167,08:24,08:27,3,0,0.0,2,8.534,95.956,104.49,0,B171,delivery_service,Delivery,Delivery
9,17,Stay,1,1,1,1,167,180,08:27,08:40,13,0,0.0,13,55.471,104.49,159.961,0,B295-2,parking_charging,Position,Movement
9,18,Movement,1,6,1,6,180,187,08:40,08:47,7,7,23.39,0,0.0,159.961,136.571,0,B295-2,empty_repositioning,Position,Pickup
9,19,Pickup,6,6,6,6,187,190,08:47,08:50,3,0,0.0,2,8.534,136.571,145.105,1,B295-2,pickup_service,Pickup,Pickup
9,20,Movement,6,1,6,1,190,197,08:50,08:57,7,7,23.39,0,0.0,145.105,121.715,1,B295-2,passenger_flight,Position,Delivery
9,21,Delivery,1,1,1,1,197,200,08:57,09:00,3,0,0.0,2,8.534,121.715,130.249,0,B295-2,delivery_service,Delivery,Delivery
9,22,Stay,1,1,1,1,200,202,09:00,09:02,2,0,0.0,2,8.534,130.249,138.783,0,B378,parking_charging,Position,Movement
9,23,Movement,1,6,1,6,202,209,09:02,09:09,7,7,23.39,0,0.0,138.783,115.393,0,B378,empty_repositioning,Position,Pickup
9,24,Pickup,6,6,6,6,209,212,09:09,09:12,3,0,0.0,2,8.534,115.393,123.927,1,B378,pickup_service,Pickup,Pickup
9,25,Movement,6,3,6,3,212,222,09:12,09:22,10,10,32.98,0,0.0,123.927,90.947,1,B378,passenger_flight,Position,Delivery
9,26,Delivery,3,3,3,3,222,225,09:22,09:25,3,0,0.0,2,8.534,90.947,99.481,0,B378,delivery_service,Delivery,Delivery
9,27,Stay,3,3,3,3,225,226,09:25,09:26,1,0,0.0,1,4.267,99.481,103.748,0,B417,parking_charging,Position,Pickup
9,28,Pickup,3,3,3,3,226,229,09:26,09:29,3,0,0.0,2,8.534,103.748,112.282,2,B417,pickup_service,Pickup,Pickup
9,29,Pickup,3,3,3,3,229,232,09:29,09:32,3,0,0.0,2,8.534,112.282,120.816,3,B425,pickup_service,Pickup,Pickup
9,30,Movement,3,4,3,4,232,239,09:32,09:39,7,7,12.6,0,0.0,120.816,108.216,3,B417,passenger_flight,Position,Delivery
9,31,Delivery,4,4,4,4,239,242,09:39,09:42,3,0,0.0,2,8.534,108.216,116.75,1,B417,delivery_service,Delivery,Delivery
9,32,Delivery,4,4,4,4,242,245,09:42,09:45,3,0,0.0,2,8.534,116.75,125.284,0,B425,delivery_service,Delivery,Delivery
9,33,Movement,4,2,4,2,245,251,09:45,09:51,6,6,16.13,0,0.0,125.284,109.154,0,B472,empty_repositioning,Position,Pickup
9,34,Pickup,2,2,2,2,251,254,09:51,09:54,3,0,0.0,2,8.534,109.154,117.688,1,B472,pickup_service,Pickup,Pickup
9,35,Pickup,2,2,2,2,254,257,09:54,09:57,3,0,0.0,2,8.534,117.688,126.222,2,B478,pickup_service,Pickup,Pickup
9,36,Movement,2,4,2,4,257,263,09:57,10:03,6,6,16.13,0,0.0,126.222,110.092,2,B472,passenger_flight,Position,Delivery
9,37,Delivery,4,4,4,4,263,266,10:03,10:06,3,0,0.0,2,8.534,110.092,118.626,1,B472,delivery_service,Delivery,Delivery
9,38,Delivery,4,4,4,4,266,269,10:06,10:09,3,0,0.0,2,8.534,118.626,127.16,0,B478,delivery_service,Delivery,Delivery
9,39,Stay,4,4,4,4,269,271,10:09,10:11,2,0,0.0,2,8.534,127.16,135.694,0,B603,parking_charging,Position,Movement
9,40,Movement,4,5,4,5,271,277,10:11,10:17,6,6,11.45,0,0.0,135.694,124.244,0,B603,empty_repositioning,Position,Pickup
9,41,Pickup,5,5,5,5,277,280,10:17,10:20,3,0,0.0,2,8.534,124.244,132.778,1,B603,pickup_service,Pickup,Pickup
9,42,Stay,5,5,5,5,280,284,10:20,10:24,4,0,0.0,4,17.068,132.778,149.846,1,B603,parking_charging,Position,Movement
9,43,Movement,5,3,5,3,284,292,10:24,10:32,8,8,23.93,0,0.0,149.846,125.916,1,B603,passenger_flight,Position,Delivery
9,44,Delivery,3,3,3,3,292,295,10:32,10:35,3,0,0.0,2,8.534,125.916,134.45,0,B603,delivery_service,Delivery,Delivery
9,45,Stay,3,3,3,3,295,311,10:35,10:51,16,0,0.0,16,25.55,134.45,160.0,0,B785,parking_charging,Position,Pickup
9,46,Pickup,3,3,3,3,311,314,10:51,10:54,3,0,0.0,2,0.0,160.0,160.0,2,B785,pickup_service,Pickup,Pickup
9,47,Pickup,3,3,3,3,314,317,10:54,10:57,3,0,0.0,2,0.0,160.0,160.0,3,B795,pickup_service,Pickup,Pickup
9,48,Movement,3,1,3,1,317,323,10:57,11:03,6,6,9.61,0,0.0,160.0,150.39,3,B785,passenger_flight,Position,Delivery
9,49,Delivery,1,1,1,1,323,326,11:03,11:06,3,0,0.0,2,8.534,150.39,158.924,1,B785,delivery_service,Delivery,Delivery
9,50,Delivery,1,1,1,1,326,329,11:06,11:09,3,0,0.0,2,1.076,158.924,160.0,0,B795,delivery_service,Delivery,Delivery
9,51,Stay,1,1,1,1,329,340,11:09,11:20,11,0,0.0,11,0.0,160.0,160.0,0,B919,parking_charging,Position,Pickup
9,52,Pickup,1,1,1,1,340,343,11:20,11:23,3,0,0.0,2,0.0,160.0,160.0,1,B919,pickup_service,Pickup,Pickup
9,53,Movement,1,3,1,3,343,349,11:23,11:29,6,6,9.61,0,0.0,160.0,150.39,1,B954,passenger_flight,Position,Pickup
9,54,Pickup,3,3,3,3,349,352,11:29,11:32,3,0,0.0,2,8.534,150.39,158.924,2,B954,pickup_service,Pickup,Pickup
9,55,Delivery,3,3,3,3,352,355,11:32,11:35,3,0,0.0,2,1.076,158.924,160.0,1,B919,delivery_service,Delivery,Delivery
9,56,Movement,3,10,3,10,355,370,11:35,11:50,15,15,54.92,0,0.0,160.0,105.08,1,B954,passenger_flight,Position,Delivery
9,57,Delivery,10,10,10,10,370,373,11:50,11:53,3,0,0.0,2,8.534,105.08,113.614,0,B954,delivery_service,Delivery,Delivery
9,58,Stay,10,10,10,10,373,376,11:53,11:56,3,0,0.0,3,12.801,113.614,126.415,0,B1060,parking_charging,Position,Pickup
9,59,Pickup,10,10,10,10,376,379,11:56,11:59,3,0,0.0,2,8.534,126.415,134.949,1,B1060,pickup_service,Pickup,Pickup
9,60,Movement,10,4,10,4,379,391,11:59,12:11,12,12,42.86,0,0.0,134.949,92.089,1,B1060,passenger_flight,Position,Delivery
9,61,Delivery,4,4,4,4,391,394,12:11,12:14,3,0,0.0,2,8.534,92.089,100.623,0,B1060,delivery_service,Delivery,Delivery
9,62,Stay,4,4,4,4,394,424,12:14,12:44,30,0,0.0,30,59.377,100.623,160.0,0,B1177,parking_charging,Position,Pickup
9,63,Pickup,4,4,4,4,424,427,12:44,12:47,3,0,0.0,2,0.0,160.0,160.0,1,B1177,pickup_service,Pickup,Pickup
9,64,Stay,4,4,4,4,427,430,12:47,12:50,3,0,0.0,3,0.0,160.0,160.0,1,B1177,parking_charging,Position,Movement
9,65,Movement,4,9,4,9,430,445,12:50,13:05,15,15,55.47,0,0.0,160.0,104.53,1,B1177,passenger_flight,Position,Delivery
9,66,Delivery,9,9,9,9,445,448,13:05,13:08,3,0,0.0,2,8.534,104.53,113.064,0,B1177,delivery_service,Delivery,Delivery
9,67,Pickup,9,9,9,9,448,451,13:08,13:11,3,0,0.0,2,8.534,113.064,121.598,1,B1223,pickup_service,Pickup,Pickup
9,68,Movement,9,1,9,1,451,467,13:11,13:27,16,16,57.72,0,0.0,121.598,63.878,1,B1223,passenger_flight,Position,Delivery
9,69,Delivery,1,1,1,1,467,470,13:27,13:30,3,0,0.0,2,8.534,63.878,72.412,0,B1223,delivery_service,Delivery,Delivery
9,70,Stay,1,1,1,1,470,472,13:30,13:32,2,0,0.0,2,8.534,72.412,80.946,0,B1275,parking_charging,Position,Pickup
9,71,Pickup,1,1,1,1,472,475,13:32,13:35,3,0,0.0,2,8.534,80.946,89.48,1,B1275,pickup_service,Pickup,Pickup
9,72,Pickup,1,1,1,1,475,478,13:35,13:38,3,0,0.0,2,8.534,89.48,98.014,2,B1281,pickup_service,Pickup,Pickup
9,73,Movement,1,10,1,10,478,491,13:38,13:51,13,13,47.44,0,0.0,98.014,50.574,2,B1275,passenger_flight,Position,Delivery
9,74,Delivery,10,10,10,10,491,494,13:51,13:54,3,0,0.0,2,8.534,50.574,59.108,1,B1275,delivery_service,Delivery,Delivery
9,75,Delivery,10,10,10,10,494,497,13:54,13:57,3,0,0.0,2,8.534,59.108,67.642,0,B1281,delivery_service,Delivery,Delivery
9,76,Pickup,10,10,10,10,497,500,13:57,14:00,3,0,0.0,2,8.534,67.642,76.176,2,B1327,pickup_service,Pickup,Pickup
9,77,Movement,10,4,10,4,500,512,14:00,14:12,12,12,42.86,0,0.0,76.176,33.316,2,B1327,passenger_flight,Position,Delivery
9,78,Delivery,4,4,4,4,512,515,14:12,14:15,3,0,0.0,2,8.534,33.316,41.85,0,B1327,delivery_service,Delivery,Delivery
9,79,Stay,4,4,4,4,515,517,14:15,14:17,2,0,0.0,2,8.534,41.85,50.384,0,B1407,parking_charging,Position,Pickup
9,80,Pickup,4,4,4,4,517,520,14:17,14:20,3,0,0.0,2,8.534,50.384,58.918,1,B1407,pickup_service,Pickup,Pickup
9,81,Stay,4,4,4,4,520,523,14:20,14:23,3,0,0.0,3,12.801,58.918,71.719,1,B1407,parking_charging,Position,Movement
9,82,Movement,4,7,4,7,523,530,14:23,14:30,7,7,21.43,0,0.0,71.719,50.289,1,B1407,passenger_flight,Position,Delivery
9,83,Delivery,7,7,7,7,530,533,14:30,14:33,3,0,0.0,2,8.534,50.289,58.823,0,B1407,delivery_service,Delivery,Delivery
9,84,Pickup,7,7,7,7,533,536,14:33,14:36,3,0,0.0,2,8.534,58.823,67.357,1,B1463,pickup_service,Pickup,Pickup
9,85,Movement,7,4,7,4,536,543,14:36,14:43,7,7,21.43,0,0.0,67.357,45.927,1,B1463,passenger_flight,Position,Delivery
9,86,Delivery,4,4,4,4,543,546,14:43,14:46,3,0,0.0,2,8.534,45.927,54.461,0,B1463,delivery_service,Delivery,Delivery
9,87,Stay,4,4,4,4,546,560,14:46,15:00,14,0,0.0,14,59.738,54.461,114.199,0,B1590,parking_charging,Position,Pickup
9,88,Pickup,4,4,4,4,560,563,15:00,15:03,3,0,0.0,2,8.534,114.199,122.733,1,B1590,pickup_service,Pickup,Pickup
9,89,Movement,4,7,4,7,563,570,15:03,15:10,7,7,21.43,0,0.0,122.733,101.303,1,B1590,passenger_flight,Position,Delivery
9,90,Delivery,7,7,7,7,570,573,15:10,15:13,3,0,0.0,2,8.534,101.303,109.837,0,B1590,delivery_service,Delivery,Delivery
9,91,Stay,7,7,7,7,573,580,15:13,15:20,7,0,0.0,7,29.869,109.837,139.706,0,B1718,parking_charging,Position,Movement
9,92,Movement,7,9,7,9,580,592,15:20,15:32,12,12,40.12,0,0.0,139.706,99.586,0,B1718,empty_repositioning,Position,Pickup
9,93,Pickup,9,9,9,9,592,595,15:32,15:35,3,0,0.0,2,8.534,99.586,108.12,2,B1718,pickup_service,Pickup,Pickup
9,94,Stay,9,9,9,9,595,597,15:35,15:37,2,0,0.0,2,8.534,108.12,116.654,2,B1745,parking_charging,Position,Pickup
9,95,Pickup,9,9,9,9,597,600,15:37,15:40,3,0,0.0,2,8.534,116.654,125.188,3,B1745,pickup_service,Pickup,Pickup
9,96,Movement,9,4,9,4,600,615,15:40,15:55,15,15,55.47,0,0.0,125.188,69.718,3,B1718,passenger_flight,Position,Delivery
9,97,Delivery,4,4,4,4,615,618,15:55,15:58,3,0,0.0,2,8.534,69.718,78.252,1,B1718,delivery_service,Delivery,Delivery
9,98,Delivery,4,4,4,4,618,621,15:58,16:01,3,0,0.0,2,8.534,78.252,86.786,0,B1745,delivery_service,Delivery,Delivery
9,99,Stay,4,4,4,4,621,624,16:01,16:04,3,0,0.0,3,12.801,86.786,99.587,0,B1867,parking_charging,Position,Pickup
9,100,Pickup,4,4,4,4,624,627,16:04,16:07,3,0,0.0,2,8.534,99.587,108.121,1,B1867,pickup_service,Pickup,Pickup
9,101,Stay,4,4,4,4,627,628,16:07,16:08,1,0,0.0,1,4.267,108.121,112.388,1,B1900,parking_charging,Position,Pickup
9,102,Pickup,4,4,4,4,628,631,16:08,16:11,3,0,0.0,2,8.534,112.388,120.922,3,B1900,pickup_service,Pickup,Pickup
9,103,Movement,4,2,4,2,631,637,16:11,16:17,6,6,16.13,0,0.0,120.922,104.792,3,B1867,passenger_flight,Position,Delivery
9,104,Delivery,2,2,2,2,637,640,16:17,16:20,3,0,0.0,2,8.534,104.792,113.326,2,B1867,delivery_service,Delivery,Delivery
9,105,Delivery,2,2,2,2,640,643,16:20,16:23,3,0,0.0,2,8.534,113.326,121.86,0,B1900,delivery_service,Delivery,Delivery
9,106,Stay,2,2,2,2,643,653,16:23,16:33,10,0,0.0,10,38.14,121.86,160.0,0,B2054,parking_charging,Position,Pickup
9,107,Pickup,2,2,2,2,653,656,16:33,16:36,3,0,0.0,2,0.0,160.0,160.0,3,B2054,pickup_service,Pickup,Pickup
9,108,Movement,2,5,2,5,656,664,16:36,16:44,8,8,27.57,0,0.0,160.0,132.43,3,B2054,passenger_flight,Position,Delivery
9,109,Delivery,5,5,5,5,664,667,16:44,16:47,3,0,0.0,2,8.534,132.43,140.964,0,B2054,delivery_service,Delivery,Delivery
9,110,Movement,5,1,5,1,667,675,16:47,16:55,8,8,14.88,0,0.0,140.964,126.084,0,B2202,empty_repositioning,Position,Pickup
9,111,Pickup,1,1,1,1,675,678,16:55,16:58,3,0,0.0,2,8.534,126.084,134.618,1,B2202,pickup_service,Pickup,Pickup
9,112,Movement,1,3,1,3,678,684,16:58,17:04,6,6,9.61,0,0.0,134.618,125.008,1,B2202,passenger_flight,Position,Delivery
9,113,Delivery,3,3,3,3,684,687,17:04,17:07,3,0,0.0,2,8.534,125.008,133.542,0,B2202,delivery_service,Delivery,Delivery
9,114,Pickup,3,3,3,3,687,690,17:07,17:10,3,0,0.0,2,8.534,133.542,142.076,3,B2284,pickup_service,Pickup,Pickup
9,115,Movement,3,1,3,1,690,696,17:10,17:16,6,6,9.61,0,0.0,142.076,132.466,3,B2284,passenger_flight,Position,Delivery
9,116,Delivery,1,1,1,1,696,699,17:16,17:19,3,0,0.0,2,8.534,132.466,141.0,0,B2284,delivery_service,Delivery,Delivery
9,117,Pickup,1,1,1,1,699,702,17:19,17:22,3,0,0.0,2,8.534,141.0,149.534,2,B2453,pickup_service,Pickup,Pickup
9,118,Movement,1,2,1,2,702,709,17:22,17:29,7,7,13.61,0,0.0,149.534,135.924,2,B2453,passenger_flight,Position,Delivery
9,119,Delivery,2,2,2,2,709,712,17:29,17:32,3,0,0.0,2,8.534,135.924,144.458,0,B2453,delivery_service,Delivery,Delivery
9,120,Pickup,2,2,2,2,712,715,17:32,17:35,3,0,0.0,2,8.534,144.458,152.992,2,B2553,pickup_service,Pickup,Pickup
9,121,Movement,2,4,2,4,715,721,17:35,17:41,6,6,16.13,0,0.0,152.992,136.862,2,B2553,passenger_flight,Position,Delivery
9,122,Delivery,4,4,4,4,721,724,17:41,17:44,3,0,0.0,2,8.534,136.862,145.396,0,B2553,delivery_service,Delivery,Delivery
9,123,Movement,4,3,4,3,724,731,17:44,17:51,7,7,12.6,0,0.0,145.396,132.796,0,B2792,empty_repositioning,Position,Pickup
9,124,Pickup,3,3,3,3,731,734,17:51,17:54,3,0,0.0,2,8.534,132.796,141.33,2,B2792,pickup_service,Pickup,Pickup
9,125,Movement,3,4,3,4,734,741,17:54,18:01,7,7,12.6,0,0.0,141.33,128.73,2,B2792,passenger_flight,Position,Delivery
9,126,Delivery,4,4,4,4,741,744,18:01,18:04,3,0,0.0,2,8.534,128.73,137.264,0,B2792,delivery_service,Delivery,Delivery
9,127,Pickup,4,4,4,4,744,747,18:04,18:07,3,0,0.0,2,8.534,137.264,145.798,1,B2945,pickup_service,Pickup,Pickup
9,128,Pickup,4,4,4,4,747,750,18:07,18:10,3,0,0.0,2,8.534,145.798,154.332,3,B2971,pickup_service,Pickup,Pickup
9,129,Movement,4,3,4,3,750,757,18:10,18:17,7,7,12.6,0,0.0,154.332,141.732,3,B2945,passenger_flight,Position,Delivery
9,130,Delivery,3,3,3,3,757,760,18:17,18:20,3,0,0.0,2,8.534,141.732,150.266,2,B2945,delivery_service,Delivery,Delivery
9,131,Delivery,3,3,3,3,760,763,18:20,18:23,3,0,0.0,2,8.534,150.266,158.8,0,B2971,delivery_service,Delivery,Delivery
9,132,Stay,3,3,3,3,763,774,18:23,18:34,11,0,0.0,11,1.2,158.8,160.0,0,B3141,parking_charging,Position,Pickup
9,133,Pickup,3,3,3,3,774,777,18:34,18:37,3,0,0.0,2,0.0,160.0,160.0,1,B3141,pickup_service,Pickup,Pickup
9,134,Stay,3,3,3,3,777,782,18:37,18:42,5,0,0.0,5,0.0,160.0,160.0,1,B3141,parking_charging,Position,Movement
9,135,Movement,3,4,3,4,782,789,18:42,18:49,7,7,12.6,0,0.0,160.0,147.4,1,B3141,passenger_flight,Position,Delivery
9,136,Delivery,4,4,4,4,789,792,18:49,18:52,3,0,0.0,2,8.534,147.4,155.934,0,B3141,delivery_service,Delivery,Delivery
9,137,Pickup,4,4,4,4,792,795,18:52,18:55,3,0,0.0,2,4.066,155.934,160.0,2,B3232,pickup_service,Pickup,Pickup
9,138,Movement,4,3,4,3,795,802,18:55,19:02,7,7,12.6,0,0.0,160.0,147.4,2,B3232,passenger_flight,Position,Delivery
9,139,Delivery,3,3,3,3,802,805,19:02,19:05,3,0,0.0,2,8.534,147.4,155.934,0,B3232,delivery_service,Delivery,Delivery
9,140,Pickup,3,3,3,3,805,808,19:05,19:08,3,0,0.0,2,4.066,155.934,160.0,1,B3303,pickup_service,Pickup,Pickup
9,141,Movement,3,5,3,5,808,816,19:08,19:16,8,8,23.93,0,0.0,160.0,136.07,1,B3303,passenger_flight,Position,Delivery
9,142,Delivery,5,5,5,5,816,819,19:16,19:19,3,0,0.0,2,8.534,136.07,144.604,0,B3303,delivery_service,Delivery,Delivery
10,0,Stay,1,1,1,1,0,44,05:40,06:24,44,0,0.0,44,0.0,160.0,160.0,0,B20,parking_charging,Position,Pickup
10,1,Pickup,1,1,1,1,44,47,06:24,06:27,3,0,0.0,2,0.0,160.0,160.0,1,B20,pickup_service,Pickup,Pickup
10,2,Stay,1,1,1,1,47,49,06:27,06:29,2,0,0.0,2,0.0,160.0,160.0,1,B22,parking_charging,Position,Pickup
10,3,Pickup,1,1,1,1,49,52,06:29,06:32,3,0,0.0,2,0.0,160.0,160.0,2,B22,pickup_service,Pickup,Pickup
10,4,Movement,1,10,1,10,52,65,06:32,06:45,13,13,47.44,0,0.0,160.0,112.56,2,B20,passenger_flight,Position,Delivery
10,5,Delivery,10,10,10,10,65,68,06:45,06:48,3,0,0.0,2,8.534,112.56,121.094,1,B20,delivery_service,Delivery,Delivery
10,6,Delivery,10,10,10,10,68,71,06:48,06:51,3,0,0.0,2,8.534,121.094,129.628,0,B22,delivery_service,Delivery,Delivery
10,7,Stay,10,10,10,10,71,72,06:51,06:52,1,0,0.0,1,4.267,129.628,133.895,0,B46,parking_charging,Position,Pickup
10,8,Pickup,10,10,10,10,72,75,06:52,06:55,3,0,0.0,2,8.534,133.895,142.429,1,B46,pickup_service,Pickup,Pickup
10,9,Movement,10,4,10,4,75,87,06:55,07:07,12,12,42.86,0,0.0,142.429,99.569,1,B46,passenger_flight,Position,Delivery
10,10,Delivery,4,4,4,4,87,90,07:07,07:10,3,0,0.0,2,8.534,99.569,108.103,0,B46,delivery_service,Delivery,Delivery
10,11,Movement,4,6,4,6,90,97,07:10,07:17,7,7,22.06,0,0.0,108.103,86.043,0,B64,empty_repositioning,Position,Pickup
10,12,Pickup,6,6,6,6,97,100,07:17,07:20,3,0,0.0,2,8.534,86.043,94.577,1,B64,pickup_service,Pickup,Pickup
10,13,Movement,6,7,6,7,100,112,07:20,07:32,12,12,43.48,0,0.0,94.577,51.097,1,B64,passenger_flight,Position,Delivery
10,14,Delivery,7,7,7,7,112,115,07:32,07:35,3,0,0.0,2,8.534,51.097,59.631,0,B64,delivery_service,Delivery,Delivery
10,15,Stay,7,7,7,7,115,119,07:35,07:39,4,0,0.0,4,17.068,59.631,76.699,0,B95,parking_charging,Position,Pickup
10,16,Pickup,7,7,7,7,119,122,07:39,07:42,3,0,0.0,2,8.534,76.699,85.233,1,B95,pickup_service,Pickup,Pickup
10,17,Movement,7,4,7,4,122,129,07:42,07:49,7,7,21.43,0,0.0,85.233,63.803,1,B95,passenger_flight,Position,Delivery
10,18,Delivery,4,4,4,4,129,132,07:49,07:52,3,0,0.0,2,8.534,63.803,72.337,0,B95,delivery_service,Delivery,Delivery
10,19,Movement,4,6,4,6,132,139,07:52,07:59,7,7,22.06,0,0.0,72.337,50.277,0,B116,empty_repositioning,Position,Pickup
10,20,Pickup,6,6,6,6,139,142,07:59,08:02,3,0,0.0,2,8.534,50.277,58.811,1,B116,pickup_service,Pickup,Pickup
10,21,Stay,6,6,6,6,142,152,08:02,08:12,10,0,0.0,10,42.67,58.811,101.481,1,B116,parking_charging,Position,Movement
10,22,Movement,6,9,6,9,152,172,08:12,08:32,20,20,74.79,0,0.0,101.481,26.691,1,B116,passenger_flight,Position,Delivery
10,23,Delivery,9,9,9,9,172,175,08:32,08:35,3,0,0.0,2,8.534,26.691,35.225,0,B116,delivery_service,Delivery,Delivery
10,24,Stay,9,9,9,9,175,182,08:35,08:42,7,0,0.0,7,29.869,35.225,65.094,0,B291,parking_charging,Position,Pickup
10,25,Pickup,9,9,9,9,182,185,08:42,08:45,3,0,0.0,2,8.534,65.094,73.628,1,B291,pickup_service,Pickup,Pickup
10,26,Pickup,9,9,9,9,185,188,08:45,08:48,3,0,0.0,2,8.534,73.628,82.162,2,B302,pickup_service,Pickup,Pickup
10,27,Movement,9,7,9,7,188,200,08:48,09:00,12,12,40.12,0,0.0,82.162,42.042,2,B291,passenger_flight,Position,Delivery
10,28,Delivery,7,7,7,7,200,203,09:00,09:03,3,0,0.0,2,8.534,42.042,50.576,1,B291,delivery_service,Delivery,Delivery
10,29,Movement,7,1,7,1,203,210,09:03,09:10,7,7,21.03,0,0.0,50.576,29.546,1,B302,passenger_flight,Position,Delivery
10,30,Delivery,1,1,1,1,210,213,09:10,09:13,3,0,0.0,2,8.534,29.546,38.08,0,B302,delivery_service,Delivery,Delivery
10,31,Stay,1,1,1,1,213,215,09:13,09:15,2,0,0.0,2,8.534,38.08,46.614,0,B392,parking_charging,Position,Pickup
10,32,Pickup,1,1,1,1,215,218,09:15,09:18,3,0,0.0,2,8.534,46.614,55.148,1,B392,pickup_service,Pickup,Pickup
10,33,Stay,1,1,1,1,218,229,09:18,09:29,11,0,0.0,11,46.937,55.148,102.085,1,B392,parking_charging,Position,Movement
10,34,Movement,1,10,1,10,229,242,09:29,09:42,13,13,47.44,0,0.0,102.085,54.645,1,B392,passenger_flight,Position,Delivery
10,35,Delivery,10,10,10,10,242,245,09:42,09:45,3,0,0.0,2,8.534,54.645,63.179,0,B392,delivery_service,Delivery,Delivery
10,36,Stay,10,10,10,10,245,287,09:45,10:27,42,0,0.0,42,96.821,63.179,160.0,0,B660,parking_charging,Position,Pickup
10,37,Pickup,10,10,10,10,287,290,10:27,10:30,3,0,0.0,2,0.0,160.0,160.0,1,B660,pickup_service,Pickup,Pickup
10,38,Pickup,10,10,10,10,290,293,10:30,10:33,3,0,0.0,2,0.0,160.0,160.0,3,B666,pickup_service,Pickup,Pickup
10,39,Movement,10,3,10,3,293,308,10:33,10:48,15,15,54.92,0,0.0,160.0,105.08,3,B660,passenger_flight,Position,Delivery
10,40,Delivery,3,3,3,3,308,311,10:48,10:51,3,0,0.0,2,8.534,105.08,113.614,2,B660,delivery_service,Delivery,Delivery
10,41,Delivery,3,3,3,3,311,314,10:51,10:54,3,0,0.0,2,8.534,113.614,122.148,0,B666,delivery_service,Delivery,Delivery
10,42,Pickup,3,3,3,3,314,317,10:54,10:57,3,0,0.0,2,8.534,122.148,130.682,1,B791,pickup_service,Pickup,Pickup
10,43,Movement,3,1,3,1,317,323,10:57,11:03,6,6,9.61,0,0.0,130.682,121.072,1,B791,passenger_flight,Position,Delivery
10,44,Delivery,1,1,1,1,323,326,11:03,11:06,3,0,0.0,2,8.534,121.072,129.606,0,B791,delivery_service,Delivery,Delivery
10,45,Stay,1,1,1,1,326,341,11:06,11:21,15,0,0.0,15,30.394,129.606,160.0,0,B923,parking_charging,Position,Pickup
10,46,Pickup,1,1,1,1,341,344,11:21,11:24,3,0,0.0,2,0.0,160.0,160.0,1,B923,pickup_service,Pickup,Pickup
10,47,Movement,1,2,1,2,344,351,11:24,11:31,7,7,13.61,0,0.0,160.0,146.39,1,B923,passenger_flight,Position,Delivery
10,48,Delivery,2,2,2,2,351,354,11:31,11:34,3,0,0.0,2,8.534,146.39,154.924,0,B923,delivery_service,Delivery,Delivery
10,49,Pickup,2,2,2,2,354,357,11:34,11:37,3,0,0.0,2,5.076,154.924,160.0,1,B971,pickup_service,Pickup,Pickup
10,50,Movement,2,5,2,5,357,365,11:37,11:45,8,8,27.57,0,0.0,160.0,132.43,1,B971,passenger_flight,Position,Delivery
10,51,Delivery,5,5,5,5,365,368,11:45,11:48,3,0,0.0,2,8.534,132.43,140.964,0,B971,delivery_service,Delivery,Delivery
10,52,Pickup,5,5,5,5,368,371,11:48,11:51,3,0,0.0,2,8.534,140.964,149.498,1,B1025,pickup_service,Pickup,Pickup
10,53,Movement,5,8,5,8,371,385,11:51,12:05,14,14,47.79,0,0.0,149.498,101.708,1,B1025,passenger_flight,Position,Delivery
10,54,Delivery,8,8,8,8,385,388,12:05,12:08,3,0,0.0,2,8.534,101.708,110.242,0,B1025,delivery_service,Delivery,Delivery
10,55,Stay,8,8,8,8,388,405,12:08,12:25,17,0,0.0,17,49.758,110.242,160.0,0,B1129,parking_charging,Position,Pickup
10,56,Pickup,8,8,8,8,405,408,12:25,12:28,3,0,0.0,2,0.0,160.0,160.0,1,B1129,pickup_service,Pickup,Pickup
10,57,Movement,8,3,8,3,408,418,12:28,12:38,10,10,35.17,0,0.0,160.0,124.83,1,B1129,passenger_flight,Position,Delivery
10,58,Delivery,3,3,3,3,418,421,12:38,12:41,3,0,0.0,2,8.534,124.83,133.364,0,B1129,delivery_service,Delivery,Delivery
10,59,Stay,3,3,3,3,421,425,12:41,12:45,4,0,0.0,4,17.068,133.364,150.432,0,B1183,parking_charging,Position,Pickup
10,60,Pickup,3,3,3,3,425,428,12:45,12:48,3,0,0.0,2,8.534,150.432,158.966,1,B1183,pickup_service,Pickup,Pickup
10,61,Movement,3,6,3,6,428,438,12:48,12:58,10,10,32.98,0,0.0,158.966,125.986,1,B1183,passenger_flight,Position,Delivery
10,62,Delivery,6,6,6,6,438,441,12:58,13:01,3,0,0.0,2,8.534,125.986,134.52,0,B1183,delivery_service,Delivery,Delivery
10,63,Stay,6,6,6,6,441,452,13:01,13:12,11,0,0.0,11,25.48,134.52,160.0,0,B1237,parking_charging,Position,Pickup
10,64,Pickup,6,6,6,6,452,455,13:12,13:15,3,0,0.0,2,0.0,160.0,160.0,2,B1237,pickup_service,Pickup,Pickup
10,65,Pickup,6,6,6,6,455,458,13:15,13:18,3,0,0.0,2,0.0,160.0,160.0,3,B1239,pickup_service,Pickup,Pickup
10,66,Movement,6,7,6,7,458,470,13:18,13:30,12,12,43.48,0,0.0,160.0,116.52,3,B1237,passenger_flight,Position,Delivery
10,67,Delivery,7,7,7,7,470,473,13:30,13:33,3,0,0.0,2,8.534,116.52,125.054,1,B1237,delivery_service,Delivery,Delivery
10,68,Delivery,7,7,7,7,473,476,13:33,13:36,3,0,0.0,2,8.534,125.054,133.588,0,B1239,delivery_service,Delivery,Delivery
10,69,Pickup,7,7,7,7,476,479,13:36,13:39,3,0,0.0,2,8.534,133.588,142.122,1,B1282,pickup_service,Pickup,Pickup
10,70,Stay,7,7,7,7,479,482,13:39,13:42,3,0,0.0,3,12.801,142.122,154.923,1,B1282,parking_charging,Position,Movement
10,71,Movement,7,1,7,1,482,489,13:42,13:49,7,7,21.03,0,0.0,154.923,133.893,1,B1282,passenger_flight,Position,Delivery
10,72,Delivery,1,1,1,1,489,492,13:49,13:52,3,0,0.0,2,8.534,133.893,142.427,0,B1282,delivery_service,Delivery,Delivery
10,73,Stay,1,1,1,1,492,512,13:52,14:12,20,0,0.0,20,17.573,142.427,160.0,0,B1383,parking_charging,Position,Pickup
10,74,Pickup,1,1,1,1,512,515,14:12,14:15,3,0,0.0,2,0.0,160.0,160.0,3,B1383,pickup_service,Pickup,Pickup
10,75,Movement,1,7,1,7,515,522,14:15,14:22,7,7,21.03,0,0.0,160.0,138.97,3,B1383,passenger_flight,Position,Delivery
10,76,Delivery,7,7,7,7,522,525,14:22,14:25,3,0,0.0,2,8.534,138.97,147.504,0,B1383,delivery_service,Delivery,Delivery
10,77,Pickup,7,7,7,7,525,528,14:25,14:28,3,0,0.0,2,8.534,147.504,156.038,1,B1438,pickup_service,Pickup,Pickup
10,78,Movement,7,1,7,1,528,535,14:28,14:35,7,7,21.03,0,0.0,156.038,135.008,1,B1438,passenger_flight,Position,Delivery
10,79,Delivery,1,1,1,1,535,538,14:35,14:38,3,0,0.0,2,8.534,135.008,143.542,0,B1438,delivery_service,Delivery,Delivery
10,80,Stay,1,1,1,1,538,542,14:38,14:42,4,0,0.0,4,16.458,143.542,160.0,0,B1517,parking_charging,Position,Pickup
10,81,Pickup,1,1,1,1,542,545,14:42,14:45,3,0,0.0,2,0.0,160.0,160.0,1,B1517,pickup_service,Pickup,Pickup
10,82,Movement,1,3,1,3,545,551,14:45,14:51,6,6,9.61,0,0.0,160.0,150.39,1,B1547,passenger_flight,Position,Pickup
10,83,Pickup,3,3,3,3,551,554,14:51,14:54,3,0,0.0,2,8.534,150.39,158.924,2,B1547,pickup_service,Pickup,Pickup
10,84,Delivery,3,3,3,3,554,557,14:54,14:57,3,0,0.0,2,1.076,158.924,160.0,1,B1517,delivery_service,Delivery,Delivery
10,85,Movement,3,4,3,4,557,564,14:57,15:04,7,7,12.6,0,0.0,160.0,147.4,1,B1547,passenger_flight,Position,Delivery
10,86,Delivery,4,4,4,4,564,567,15:04,15:07,3,0,0.0,2,8.534,147.4,155.934,0,B1547,delivery_service,Delivery,Delivery
10,87,Stay,4,4,4,4,567,580,15:07,15:20,13,0,0.0,13,4.066,155.934,160.0,0,B1665,parking_charging,Position,Pickup
10,88,Pickup,4,4,4,4,580,583,15:20,15:23,3,0,0.0,2,0.0,160.0,160.0,2,B1665,pickup_service,Pickup,Pickup
10,89,Movement,4,2,4,2,583,589,15:23,15:29,6,6,16.13,0,0.0,160.0,143.87,2,B1665,passenger_flight,Position,Delivery
10,90,Delivery,2,2,2,2,589,592,15:29,15:32,3,0,0.0,2,8.534,143.87,152.404,0,B1665,delivery_service,Delivery,Delivery
10,91,Pickup,2,2,2,2,592,595,15:32,15:35,3,0,0.0,2,7.596,152.404,160.0,1,B1693,pickup_service,Pickup,Pickup
10,92,Movement,2,6,2,6,595,606,15:35,15:46,11,11,37.0,0,0.0,160.0,123.0,1,B1693,passenger_flight,Position,Delivery
10,93,Delivery,6,6,6,6,606,609,15:46,15:49,3,0,0.0,2,8.534,123.0,131.534,0,B1693,delivery_service,Delivery,Delivery
10,94,Stay,6,6,6,6,609,613,15:49,15:53,4,0,0.0,4,17.068,131.534,148.602,0,B1811,parking_charging,Position,Pickup
10,95,Pickup,6,6,6,6,613,616,15:53,15:56,3,0,0.0,2,8.534,148.602,157.136,1,B1811,pickup_service,Pickup,Pickup
10,96,Stay,6,6,6,6,616,618,15:56,15:58,2,0,0.0,2,2.864,157.136,160.0,1,B1834,parking_charging,Position,Pickup
10,97,Pickup,6,6,6,6,618,621,15:58,16:01,3,0,0.0,2,0.0,160.0,160.0,3,B1834,pickup_service,Pickup,Pickup
10,98,Movement,6,7,6,7,621,633,16:01,16:13,12,12,43.48,0,0.0,160.0,116.52,3,B1811,passenger_flight,Position,Delivery
10,99,Delivery,7,7,7,7,633,636,16:13,16:16,3,0,0.0,2,8.534,116.52,125.054,2,B1811,delivery_service,Delivery,Delivery
10,100,Delivery,7,7,7,7,636,639,16:16,16:19,3,0,0.0,2,8.534,125.054,133.588,0,B1834,delivery_service,Delivery,Delivery
10,101,Pickup,7,7,7,7,639,642,16:19,16:22,3,0,0.0,2,8.534,133.588,142.122,2,B1956,pickup_service,Pickup,Pickup
10,102,Movement,7,4,7,4,642,649,16:22,16:29,7,7,21.43,0,0.0,142.122,120.692,2,B1956,passenger_flight,Position,Delivery
10,103,Delivery,4,4,4,4,649,652,16:29,16:32,3,0,0.0,2,8.534,120.692,129.226,0,B1956,delivery_service,Delivery,Delivery
10,104,Stay,4,4,4,4,652,658,16:32,16:38,6,0,0.0,6,25.602,129.226,154.828,0,B2087,parking_charging,Position,Pickup
10,105,Pickup,4,4,4,4,658,661,16:38,16:41,3,0,0.0,2,5.172,154.828,160.0,2,B2087,pickup_service,Pickup,Pickup
10,106,Stay,4,4,4,4,661,666,16:41,16:46,5,0,0.0,5,0.0,160.0,160.0,2,B2087,parking_charging,Position,Movement
10,107,Movement,4,9,4,9,666,681,16:46,17:01,15,15,55.47,0,0.0,160.0,104.53,2,B2087,passenger_flight,Position,Delivery
10,108,Delivery,9,9,9,9,681,684,17:01,17:04,3,0,0.0,2,8.534,104.53,113.064,0,B2087,delivery_service,Delivery,Delivery
10,109,Stay,9,9,9,9,684,688,17:04,17:08,4,0,0.0,4,17.068,113.064,130.132,0,B2352,parking_charging,Position,Pickup
10,110,Pickup,9,9,9,9,688,691,17:08,17:11,3,0,0.0,2,8.534,130.132,138.666,1,B2352,pickup_service,Pickup,Pickup
10,111,Pickup,9,9,9,9,691,694,17:11,17:14,3,0,0.0,2,8.534,138.666,147.2,3,B2312,pickup_service,Pickup,Pickup
10,112,Movement,9,4,9,4,694,709,17:14,17:29,15,15,55.47,0,0.0,147.2,91.73,3,B2312,passenger_flight,Position,Delivery
10,113,Delivery,4,4,4,4,709,712,17:29,17:32,3,0,0.0,2,8.534,91.73,100.264,1,B2312,delivery_service,Delivery,Delivery
10,114,Delivery,4,4,4,4,712,715,17:32,17:35,3,0,0.0,2,8.534,100.264,108.798,0,B2352,delivery_service,Delivery,Delivery
10,115,Stay,4,4,4,4,715,721,17:35,17:41,6,0,0.0,6,25.602,108.798,134.4,0,B2716,parking_charging,Position,Pickup
10,116,Pickup,4,4,4,4,721,724,17:41,17:44,3,0,0.0,2,8.534,134.4,142.934,2,B2716,pickup_service,Pickup,Pickup
10,117,Movement,4,3,4,3,724,731,17:44,17:51,7,7,12.6,0,0.0,142.934,130.334,2,B2716,passenger_flight,Position,Delivery
10,118,Delivery,3,3,3,3,731,734,17:51,17:54,3,0,0.0,2,8.534,130.334,138.868,0,B2716,delivery_service,Delivery,Delivery
10,119,Pickup,3,3,3,3,734,737,17:54,17:57,3,0,0.0,2,8.534,138.868,147.402,2,B2793,pickup_service,Pickup,Pickup
10,120,Movement,3,5,3,5,737,745,17:57,18:05,8,8,23.93,0,0.0,147.402,123.472,2,B2793,passenger_flight,Position,Delivery
10,121,Delivery,5,5,5,5,745,748,18:05,18:08,3,0,0.0,2,8.534,123.472,132.006,0,B2793,delivery_service,Delivery,Delivery
10,122,Stay,5,5,5,5,748,759,18:08,18:19,11,0,0.0,11,27.994,132.006,160.0,0,B3041,parking_charging,Position,Pickup
10,123,Pickup,5,5,5,5,759,762,18:19,18:22,3,0,0.0,2,0.0,160.0,160.0,1,B3041,pickup_service,Pickup,Pickup
10,124,Movement,5,3,5,3,762,770,18:22,18:30,8,8,23.93,0,0.0,160.0,136.07,1,B3041,passenger_flight,Position,Delivery
10,125,Delivery,3,3,3,3,770,773,18:30,18:33,3,0,0.0,2,8.534,136.07,144.604,0,B3041,delivery_service,Delivery,Delivery
10,126,Pickup,3,3,3,3,773,776,18:33,18:36,3,0,0.0,2,8.534,144.604,153.138,1,B3105,pickup_service,Pickup,Pickup
10,127,Movement,3,8,3,8,776,786,18:36,18:46,10,10,35.17,0,0.0,153.138,117.968,1,B3105,passenger_flight,Position,Delivery
10,128,Delivery,8,8,8,8,786,789,18:46,18:49,3,0,0.0,2,8.534,117.968,126.502,0,B3105,delivery_service,Delivery,Delivery
10,129,Stay,8,8,8,8,789,800,18:49,19:00,11,0,0.0,11,33.498,126.502,160.0,0,B3290,parking_charging,Position,Pickup
10,130,Pickup,8,8,8,8,800,803,19:00,19:03,3,0,0.0,2,0.0,160.0,160.0,2,B3290,pickup_service,Pickup,Pickup
10,131,Movement,8,1,8,1,803,815,19:03,19:15,12,12,41.05,0,0.0,160.0,118.95,2,B3290,passenger_flight,Position,Delivery
10,132,Delivery,1,1,1,1,815,818,19:15,19:18,3,0,0.0,2,8.534,118.95,127.484,0,B3290,delivery_service,Delivery,Delivery
11,0,Stay,2,2,2,2,0,48,05:40,06:28,48,0,0.0,48,0.0,160.0,160.0,0,B21,parking_charging,Position,Pickup
11,1,Pickup,2,2,2,2,48,51,06:28,06:31,3,0,0.0,2,0.0,160.0,160.0,1,B21,pickup_service,Pickup,Pickup
11,2,Movement,2,9,2,9,51,65,06:31,06:45,14,14,50.24,0,0.0,160.0,109.76,1,B21,passenger_flight,Position,Delivery
11,3,Delivery,9,9,9,9,65,68,06:45,06:48,3,0,0.0,2,8.534,109.76,118.294,0,B21,delivery_service,Delivery,Delivery
11,4,Stay,9,9,9,9,68,119,06:48,07:39,51,0,0.0,51,41.706,118.294,160.0,0,B96,parking_charging,Position,Pickup
11,5,Pickup,9,9,9,9,119,122,07:39,07:42,3,0,0.0,2,0.0,160.0,160.0,1,B96,pickup_service,Pickup,Pickup
11,6,Movement,9,6,9,6,122,142,07:42,08:02,20,20,74.79,0,0.0,160.0,85.21,1,B96,passenger_flight,Position,Delivery
11,7,Delivery,6,6,6,6,142,145,08:02,08:05,3,0,0.0,2,8.534,85.21,93.744,0,B96,delivery_service,Delivery,Delivery
11,8,Pickup,6,6,6,6,145,148,08:05,08:08,3,0,0.0,2,8.534,93.744,102.278,1,B136,pickup_service,Pickup,Pickup
11,9,Movement,6,1,6,1,148,155,08:08,08:15,7,7,23.39,0,0.0,102.278,78.888,1,B136,passenger_flight,Position,Delivery
11,10,Delivery,1,1,1,1,155,158,08:15,08:18,3,0,0.0,2,8.534,78.888,87.422,0,B136,delivery_service,Delivery,Delivery
11,11,Stay,1,1,1,1,158,160,08:18,08:20,2,0,0.0,2,8.534,87.422,95.956,0,B238,parking_charging,Position,Movement
11,12,Movement,1,6,1,6,160,167,08:20,08:27,7,7,23.39,0,0.0,95.956,72.566,0,B238,empty_repositioning,Position,Pickup
11,13,Pickup,6,6,6,6,167,170,08:27,08:30,3,0,0.0,2,8.534,72.566,81.1,1,B238,pickup_service,Pickup,Pickup
11,14,Pickup,6,6,6,6,170,173,08:30,08:33,3,0,0.0,2,8.534,81.1,89.634,2,B246,pickup_service,Pickup,Pickup
11,15,Movement,6,1,6,1,173,180,08:33,08:40,7,7,23.39,0,0.0,89.634,66.244,2,B238,passenger_flight,Position,Delivery
11,16,Delivery,1,1,1,1,180,183,08:40,08:43,3,0,0.0,2,8.534,66.244,74.778,1,B238,delivery_service,Delivery,Delivery
11,17,Delivery,1,1,1,1,183,186,08:43,08:46,3,0,0.0,2,8.534,74.778,83.312,0,B246,delivery_service,Delivery,Delivery
11,18,Movement,1,3,1,3,186,192,08:46,08:52,6,6,9.61,0,0.0,83.312,73.702,0,B307,empty_repositioning,Position,Pickup
11,19,Pickup,3,3,3,3,192,195,08:52,08:55,3,0,0.0,2,8.534,73.702,82.236,1,B307,pickup_service,Pickup,Pickup
11,20,Movement,3,1,3,1,195,201,08:55,09:01,6,6,9.61,0,0.0,82.236,72.626,1,B307,passenger_flight,Position,Delivery
11,21,Delivery,1,1,1,1,201,204,09:01,09:04,3,0,0.0,2,8.534,72.626,81.16,0,B307,delivery_service,Delivery,Delivery
11,22,Stay,1,1,1,1,204,242,09:04,09:42,38,0,0.0,38,78.84,81.16,160.0,0,B467,parking_charging,Position,Movement
11,23,Movement,1,3,1,3,242,248,09:42,09:48,6,6,9.61,0,0.0,160.0,150.39,0,B467,empty_repositioning,Position,Pickup
11,24,Pickup,3,3,3,3,248,251,09:48,09:51,3,0,0.0,2,8.534,150.39,158.924,1,B467,pickup_service,Pickup,Pickup
11,25,Pickup,3,3,3,3,251,254,09:51,09:54,3,0,0.0,2,1.076,158.924,160.0,2,B474,pickup_service,Pickup,Pickup
11,26,Movement,3,4,3,4,254,261,09:54,10:01,7,7,12.6,0,0.0,160.0,147.4,2,B467,passenger_flight,Position,Delivery
11,27,Delivery,4,4,4,4,261,264,10:01,10:04,3,0,0.0,2,8.534,147.4,155.934,1,B467,delivery_service,Delivery,Delivery
11,28,Delivery,4,4,4,4,264,267,10:04,10:07,3,0,0.0,2,4.066,155.934,160.0,0,B474,delivery_service,Delivery,Delivery
11,29,Movement,4,5,4,5,267,273,10:07,10:13,6,6,11.45,0,0.0,160.0,148.55,0,B579,empty_repositioning,Position,Pickup
11,30,Pickup,5,5,5,5,273,276,10:13,10:16,3,0,0.0,2,8.534,148.55,157.084,2,B579,pickup_service,Pickup,Pickup
11,31,Stay,5,5,5,5,276,277,10:16,10:17,1,0,0.0,1,2.916,157.084,160.0,2,B602,parking_charging,Position,Pickup
11,32,Pickup,5,5,5,5,277,280,10:17,10:20,3,0,0.0,2,0.0,160.0,160.0,3,B602,pickup_service,Pickup,Pickup
11,33,Movement,5,1,5,1,280,288,10:20,10:28,8,8,14.88,0,0.0,160.0,145.12,3,B579,passenger_flight,Position,Delivery
11,34,Delivery,1,1,1,1,288,291,10:28,10:31,3,0,0.0,2,8.534,145.12,153.654,1,B579,delivery_service,Delivery,Delivery
11,35,Delivery,1,1,1,1,291,294,10:31,10:34,3,0,0.0,2,6.346,153.654,160.0,0,B602,delivery_service,Delivery,Delivery
11,36,Stay,1,1,1,1,294,302,10:34,10:42,8,0,0.0,8,0.0,160.0,160.0,0,B729,parking_charging,Position,Pickup
11,37,Pickup,1,1,1,1,302,305,10:42,10:45,3,0,0.0,2,0.0,160.0,160.0,1,B729,pickup_service,Pickup,Pickup
11,38,Movement,1,7,1,7,305,312,10:45,10:52,7,7,21.03,0,0.0,160.0,138.97,1,B729,passenger_flight,Position,Delivery
11,39,Delivery,7,7,7,7,312,315,10:52,10:55,3,0,0.0,2,8.534,138.97,147.504,0,B729,delivery_service,Delivery,Delivery
11,40,Stay,7,7,7,7,315,322,10:55,11:02,7,0,0.0,7,12.496,147.504,160.0,0,B840,parking_charging,Position,Pickup
11,41,Pickup,7,7,7,7,322,325,11:02,11:05,3,0,0.0,2,0.0,160.0,160.0,1,B840,pickup_service,Pickup,Pickup
11,42,Movement,7,4,7,4,325,332,11:05,11:12,7,7,21.43,0,0.0,160.0,138.57,1,B840,passenger_flight,Position,Delivery
11,43,Delivery,4,4,4,4,332,335,11:12,11:15,3,0,0.0,2,8.534,138.57,147.104,0,B840,delivery_service,Delivery,Delivery
11,44,Pickup,4,4,4,4,335,338,11:15,11:18,3,0,0.0,2,8.534,147.104,155.638,1,B892,pickup_service,Pickup,Pickup
11,45,Movement,4,7,4,7,338,345,11:18,11:25,7,7,21.43,0,0.0,155.638,134.208,1,B892,passenger_flight,Position,Delivery
11,46,Delivery,7,7,7,7,345,348,11:25,11:28,3,0,0.0,2,8.534,134.208,142.742,0,B892,delivery_service,Delivery,Delivery
11,47,Stay,7,7,7,7,348,363,11:28,11:43,15,0,0.0,15,17.258,142.742,160.0,0,B1015,parking_charging,Position,Pickup
11,48,Pickup,7,7,7,7,363,366,11:43,11:46,3,0,0.0,2,0.0,160.0,160.0,1,B1015,pickup_service,Pickup,Pickup
11,49,Movement,7,4,7,4,366,373,11:46,11:53,7,7,21.43,0,0.0,160.0,138.57,1,B1015,passenger_flight,Position,Delivery
11,50,Delivery,4,4,4,4,373,376,11:53,11:56,3,0,0.0,2,8.534,138.57,147.104,0,B1015,delivery_service,Delivery,Delivery
11,51,Stay,4,4,4,4,376,379,11:56,11:59,3,0,0.0,3,12.801,147.104,159.905,0,B1066,parking_charging,Position,Pickup
11,52,Pickup,4,4,4,4,379,382,11:59,12:02,3,0,0.0,2,0.095,159.905,160.0,1,B1066,pickup_service,Pickup,Pickup
11,53,Movement,4,7,4,7,382,389,12:02,12:09,7,7,21.43,0,0.0,160.0,138.57,1,B1066,passenger_flight,Position,Delivery
11,54,Delivery,7,7,7,7,389,392,12:09,12:12,3,0,0.0,2,8.534,138.57,147.104,0,B1066,delivery_service,Delivery,Delivery
11,55,Pickup,7,7,7,7,392,395,12:12,12:15,3,0,0.0,2,8.534,147.104,155.638,1,B1088,pickup_service,Pickup,Pickup
11,56,Movement,7,1,7,1,395,402,12:15,12:22,7,7,21.03,0,0.0,155.638,134.608,1,B1088,passenger_flight,Position,Delivery
11,57,Delivery,1,1,1,1,402,405,12:22,12:25,3,0,0.0,2,8.534,134.608,143.142,0,B1088,delivery_service,Delivery,Delivery
11,58,Stay,1,1,1,1,405,407,12:25,12:27,2,0,0.0,2,8.534,143.142,151.676,0,B1133,parking_charging,Position,Pickup
11,59,Pickup,1,1,1,1,407,410,12:27,12:30,3,0,0.0,2,8.324,151.676,160.0,1,B1133,pickup_service,Pickup,Pickup
11,60,Movement,1,9,1,9,410,426,12:30,12:46,16,16,57.72,0,0.0,160.0,102.28,1,B1133,passenger_flight,Position,Delivery
11,61,Delivery,9,9,9,9,426,429,12:46,12:49,3,0,0.0,2,8.534,102.28,110.814,0,B1133,delivery_service,Delivery,Delivery
11,62,Stay,9,9,9,9,429,441,12:49,13:01,12,0,0.0,12,49.186,110.814,160.0,0,B1216,parking_charging,Position,Pickup
11,63,Pickup,9,9,9,9,441,444,13:01,13:04,3,0,0.0,2,0.0,160.0,160.0,2,B1216,pickup_service,Pickup,Pickup
11,64,Movement,9,2,9,2,444,458,13:04,13:18,14,14,50.24,0,0.0,160.0,109.76,2,B1216,passenger_flight,Position,Delivery
11,65,Delivery,2,2,2,2,458,461,13:18,13:21,3,0,0.0,2,8.534,109.76,118.294,0,B1216,delivery_service,Delivery,Delivery
11,66,Movement,2,8,2,8,461,471,13:21,13:31,10,10,32.38,0,0.0,118.294,85.914,0,B1264,empty_repositioning,Position,Pickup
11,67,Pickup,8,8,8,8,471,474,13:31,13:34,3,0,0.0,2,8.534,85.914,94.448,1,B1264,pickup_service,Pickup,Pickup
11,68,Movement,8,6,8,6,474,491,13:34,13:51,17,17,60.41,0,0.0,94.448,34.038,1,B1264,passenger_flight,Position,Delivery
11,69,Delivery,6,6,6,6,491,494,13:51,13:54,3,0,0.0,2,8.534,34.038,42.572,0,B1264,delivery_service,Delivery,Delivery
11,70,Pickup,6,6,6,6,494,497,13:54,13:57,3,0,0.0,2,8.534,42.572,51.106,1,B1320,pickup_service,Pickup,Pickup
11,71,Movement,6,3,6,3,497,507,13:57,14:07,10,10,32.98,0,0.0,51.106,18.126,1,B1320,passenger_flight,Position,Delivery
11,72,Delivery,3,3,3,3,507,510,14:07,14:10,3,0,0.0,2,8.534,18.126,26.66,0,B1320,delivery_service,Delivery,Delivery
11,73,Pickup,3,3,3,3,510,513,14:10,14:13,3,0,0.0,2,8.534,26.66,35.194,1,B1375,pickup_service,Pickup,Pickup
11,74,Pickup,3,3,3,3,513,516,14:13,14:16,3,0,0.0,2,8.534,35.194,43.728,3,B1385,pickup_service,Pickup,Pickup
11,75,Movement,3,5,3,5,516,524,14:16,14:24,8,8,23.93,0,0.0,43.728,19.798,3,B1375,passenger_flight,Position,Delivery
11,76,Delivery,5,5,5,5,524,527,14:24,14:27,3,0,0.0,2,8.534,19.798,28.332,2,B1375,delivery_service,Delivery,Delivery
11,77,Delivery,5,5,5,5,527,530,14:27,14:30,3,0,0.0,2,8.534,28.332,36.866,0,B1385,delivery_service,Delivery,Delivery
11,78,Movement,5,1,5,1,530,538,14:30,14:38,8,8,14.88,0,0.0,36.866,21.986,0,B1485,empty_repositioning,Position,Pickup
11,79,Pickup,1,1,1,1,538,541,14:38,14:41,3,0,0.0,2,8.534,21.986,30.52,1,B1485,pickup_service,Pickup,Pickup
11,80,Stay,1,1,1,1,541,558,14:41,14:58,17,0,0.0,17,72.539,30.52,103.059,1,B1485,parking_charging,Position,Movement
11,81,Movement,1,7,1,7,558,565,14:58,15:05,7,7,21.03,0,0.0,103.059,82.029,1,B1485,passenger_flight,Position,Delivery
11,82,Delivery,7,7,7,7,565,568,15:05,15:08,3,0,0.0,2,8.534,82.029,90.563,0,B1485,delivery_service,Delivery,Delivery
11,83,Stay,7,7,7,7,568,570,15:08,15:10,2,0,0.0,2,8.534,90.563,99.097,0,B1633,parking_charging,Position,Pickup
11,84,Pickup,7,7,7,7,570,573,15:10,15:13,3,0,0.0,2,8.534,99.097,107.631,1,B1633,pickup_service,Pickup,Pickup
11,85,Stay,7,7,7,7,573,576,15:13,15:16,3,0,0.0,3,12.801,107.631,120.432,1,B1633,parking_charging,Position,Movement
11,86,Movement,7,4,7,4,576,583,15:16,15:23,7,7,21.43,0,0.0,120.432,99.002,1,B1633,passenger_flight,Position,Delivery
11,87,Delivery,4,4,4,4,583,586,15:23,15:26,3,0,0.0,2,8.534,99.002,107.536,0,B1633,delivery_service,Delivery,Delivery
11,88,Pickup,4,4,4,4,586,589,15:26,15:29,3,0,0.0,2,8.534,107.536,116.07,2,B1677,pickup_service,Pickup,Pickup
11,89,Movement,4,2,4,2,589,595,15:29,15:35,6,6,16.13,0,0.0,116.07,99.94,2,B1677,passenger_flight,Position,Delivery
11,90,Delivery,2,2,2,2,595,598,15:35,15:38,3,0,0.0,2,8.534,99.94,108.474,0,B1677,delivery_service,Delivery,Delivery
11,91,Stay,2,2,2,2,598,604,15:38,15:44,6,0,0.0,6,25.602,108.474,134.076,0,B1775,parking_charging,Position,Pickup
11,92,Pickup,2,2,2,2,604,607,15:44,15:47,3,0,0.0,2,8.534,134.076,142.61,1,B1775,pickup_service,Pickup,Pickup
11,93,Pickup,2,2,2,2,607,610,15:47,15:50,3,0,0.0,2,8.534,142.61,151.144,3,B1781,pickup_service,Pickup,Pickup
11,94,Movement,2,5,2,5,610,618,15:50,15:58,8,8,27.57,0,0.0,151.144,123.574,3,B1775,passenger_flight,Position,Delivery
11,95,Delivery,5,5,5,5,618,621,15:58,16:01,3,0,0.0,2,8.534,123.574,132.108,2,B1775,delivery_service,Delivery,Delivery
11,96,Delivery,5,5,5,5,621,624,16:01,16:04,3,0,0.0,2,8.534,132.108,140.642,0,B1781,delivery_service,Delivery,Delivery
11,97,Stay,5,5,5,5,624,635,16:04,16:15,11,0,0.0,11,19.358,140.642,160.0,0,B1949,parking_charging,Position,Pickup
11,98,Pickup,5,5,5,5,635,638,16:15,16:18,3,0,0.0,2,0.0,160.0,160.0,1,B1949,pickup_service,Pickup,Pickup
11,99,Stay,5,5,5,5,638,642,16:18,16:22,4,0,0.0,4,0.0,160.0,160.0,1,B1949,parking_charging,Position,Movement
11,100,Movement,5,3,5,3,642,650,16:22,16:30,8,8,23.93,0,0.0,160.0,136.07,1,B1949,passenger_flight,Position,Delivery
11,101,Delivery,3,3,3,3,650,653,16:30,16:33,3,0,0.0,2,8.534,136.07,144.604,0,B1949,delivery_service,Delivery,Delivery
11,102,Stay,3,3,3,3,653,668,16:33,16:48,15,0,0.0,15,15.396,144.604,160.0,0,B2173,parking_charging,Position,Pickup
11,103,Pickup,3,3,3,3,668,671,16:48,16:51,3,0,0.0,2,0.0,160.0,160.0,3,B2173,pickup_service,Pickup,Pickup
11,104,Movement,3,5,3,5,671,679,16:51,16:59,8,8,23.93,0,0.0,160.0,136.07,3,B2173,passenger_flight,Position,Delivery
11,105,Delivery,5,5,5,5,679,682,16:59,17:02,3,0,0.0,2,8.534,136.07,144.604,0,B2173,delivery_service,Delivery,Delivery
11,106,Movement,5,3,5,3,682,690,17:02,17:10,8,8,23.93,0,0.0,144.604,120.674,0,B2326,empty_repositioning,Position,Pickup
11,107,Pickup,3,3,3,3,690,693,17:10,17:13,3,0,0.0,2,8.534,120.674,129.208,2,B2326,pickup_service,Pickup,Pickup
11,108,Movement,3,5,3,5,693,701,17:13,17:21,8,8,23.93,0,0.0,129.208,105.278,2,B2326,passenger_flight,Position,Delivery
11,109,Delivery,5,5,5,5,701,704,17:21,17:24,3,0,0.0,2,8.534,105.278,113.812,0,B2326,delivery_service,Delivery,Delivery
11,110,Movement,5,3,5,3,704,712,17:24,17:32,8,8,23.93,0,0.0,113.812,89.882,0,B2620,empty_repositioning,Position,Pickup
11,111,Pickup,3,3,3,3,712,715,17:32,17:35,3,0,0.0,2,8.534,89.882,98.416,1,B2620,pickup_service,Pickup,Pickup
11,112,Pickup,3,3,3,3,715,718,17:35,17:38,3,0,0.0,2,8.534,98.416,106.95,3,B2595,pickup_service,Pickup,Pickup
11,113,Movement,3,5,3,5,718,726,17:38,17:46,8,8,23.93,0,0.0,106.95,83.02,3,B2595,passenger_flight,Position,Delivery
11,114,Delivery,5,5,5,5,726,729,17:46,17:49,3,0,0.0,2,8.534,83.02,91.554,1,B2595,delivery_service,Delivery,Delivery
11,115,Delivery,5,5,5,5,729,732,17:49,17:52,3,0,0.0,2,8.534,91.554,100.088,0,B2620,delivery_service,Delivery,Delivery
11,116,Stay,5,5,5,5,732,740,17:52,18:00,8,0,0.0,8,34.136,100.088,134.224,0,B2958,parking_charging,Position,Movement
11,117,Movement,5,4,5,4,740,746,18:00,18:06,6,6,11.45,0,0.0,134.224,122.774,0,B2958,empty_repositioning,Position,Pickup
11,118,Pickup,4,4,4,4,746,749,18:06,18:09,3,0,0.0,2,8.534,122.774,131.308,1,B2958,pickup_service,Pickup,Pickup
11,119,Movement,4,6,4,6,749,756,18:09,18:16,7,7,22.06,0,0.0,131.308,109.248,1,B2958,passenger_flight,Position,Delivery
11,120,Delivery,6,6,6,6,756,759,18:16,18:19,3,0,0.0,2,8.534,109.248,117.782,0,B2958,delivery_service,Delivery,Delivery
11,121,Stay,6,6,6,6,759,760,18:19,18:20,1,0,0.0,1,4.267,117.782,122.049,0,B3042,parking_charging,Position,Pickup
11,122,Pickup,6,6,6,6,760,763,18:20,18:23,3,0,0.0,2,8.534,122.049,130.583,1,B3042,pickup_service,Pickup,Pickup
11,123,Movement,6,1,6,1,763,770,18:23,18:30,7,7,23.39,0,0.0,130.583,107.193,1,B3042,passenger_flight,Position,Delivery
11,124,Delivery,1,1,1,1,770,773,18:30,18:33,3,0,0.0,2,8.534,107.193,115.727,0,B3042,delivery_service,Delivery,Delivery
11,125,Pickup,1,1,1,1,773,776,18:33,18:36,3,0,0.0,2,8.534,115.727,124.261,1,B3096,pickup_service,Pickup,Pickup
11,126,Movement,1,3,1,3,776,782,18:36,18:42,6,6,9.61,0,0.0,124.261,114.651,1,B3096,passenger_flight,Position,Delivery
11,127,Delivery,3,3,3,3,782,785,18:42,18:45,3,0,0.0,2,8.534,114.651,123.185,0,B3096,delivery_service,Delivery,Delivery
11,128,Movement,3,2,3,2,785,788,18:45,18:48,3,3,4.08,0,0.0,123.185,119.105,0,B3196,empty_repositioning,Position,Pickup
11,129,Pickup,2,2,2,2,788,791,18:48,18:51,3,0,0.0,2,8.534,119.105,127.639,2,B3196,pickup_service,Pickup,Pickup
11,130,Movement,2,5,2,5,791,799,18:51,18:59,8,8,27.57,0,0.0,127.639,100.069,2,B3196,passenger_flight,Position,Delivery
11,131,Delivery,5,5,5,5,799,802,18:59,19:02,3,0,0.0,2,8.534,100.069,108.603,0,B3196,delivery_service,Delivery,Delivery
12,0,Stay,3,3,3,3,0,60,05:40,06:40,60,0,0.0,60,0.0,160.0,160.0,0,B31,parking_charging,Position,Pickup
12,1,Pickup,3,3,3,3,60,63,06:40,06:43,3,0,0.0,2,0.0,160.0,160.0,1,B31,pickup_service,Pickup,Pickup
12,2,Movement,3,10,3,10,63,78,06:43,06:58,15,15,54.92,0,0.0,160.0,105.08,1,B31,passenger_flight,Position,Delivery
12,3,Delivery,10,10,10,10,78,81,06:58,07:01,3,0,0.0,2,8.534,105.08,113.614,0,B31,delivery_service,Delivery,Delivery
12,4,Stay,10,10,10,10,81,84,07:01,07:04,3,0,0.0,3,12.801,113.614,126.415,0,B54,parking_charging,Position,Pickup
12,5,Pickup,10,10,10,10,84,87,07:04,07:07,3,0,0.0,2,8.534,126.415,134.949,1,B54,pickup_service,Pickup,Pickup
12,6,Pickup,10,10,10,10,87,90,07:07,07:10,3,0,0.0,2,8.534,134.949,143.483,2,B55,pickup_service,Pickup,Pickup
12,7,Movement,10,9,10,9,90,109,07:10,07:29,19,19,69.89,0,0.0,143.483,73.593,2,B54,passenger_flight,Position,Delivery
12,8,Delivery,9,9,9,9,109,112,07:29,07:32,3,0,0.0,2,8.534,73.593,82.127,1,B54,delivery_service,Delivery,Delivery
12,9,Delivery,9,9,9,9,112,115,07:32,07:35,3,0,0.0,2,8.534,82.127,90.661,0,B55,delivery_service,Delivery,Delivery
12,10,Stay,9,9,9,9,115,120,07:35,07:40,5,0,0.0,5,21.335,90.661,111.996,0,B106,parking_charging,Position,Movement
12,11,Movement,9,8,9,8,120,126,07:40,07:46,6,6,18.04,0,0.0,111.996,93.956,0,B106,empty_repositioning,Position,Pickup
12,12,Pickup,8,8,8,8,126,129,07:46,07:49,3,0,0.0,2,8.534,93.956,102.49,1,B106,pickup_service,Pickup,Pickup
12,13,Movement,8,2,8,2,129,139,07:49,07:59,10,10,32.38,0,0.0,102.49,70.11,1,B106,passenger_flight,Position,Delivery
12,14,Delivery,2,2,2,2,139,142,07:59,08:02,3,0,0.0,2,8.534,70.11,78.644,0,B106,delivery_service,Delivery,Delivery
12,15,Stay,2,2,2,2,142,146,08:02,08:06,4,0,0.0,4,17.068,78.644,95.712,0,B149,parking_charging,Position,Pickup
12,16,Pickup,2,2,2,2,146,149,08:06,08:09,3,0,0.0,2,8.534,95.712,104.246,1,B149,pickup_service,Pickup,Pickup
12,17,Pickup,2,2,2,2,149,152,08:09,08:12,3,0,0.0,2,8.534,104.246,112.78,2,B156,pickup_service,Pickup,Pickup
12,18,Movement,2,4,2,4,152,158,08:12,08:18,6,6,16.13,0,0.0,112.78,96.65,2,B149,passenger_flight,Position,Delivery
12,19,Delivery,4,4,4,4,158,161,08:18,08:21,3,0,0.0,2,8.534,96.65,105.184,1,B149,delivery_service,Delivery,Delivery
12,20,Delivery,4,4,4,4,161,164,08:21,08:24,3,0,0.0,2,8.534,105.184,113.718,0,B156,delivery_service,Delivery,Delivery
12,21,Stay,4,4,4,4,164,171,08:24,08:31,7,0,0.0,7,29.869,113.718,143.587,0,B278,parking_charging,Position,Movement
12,22,Movement,4,5,4,5,171,177,08:31,08:37,6,6,11.45,0,0.0,143.587,132.137,0,B278,empty_repositioning,Position,Pickup
12,23,Pickup,5,5,5,5,177,180,08:37,08:40,3,0,0.0,2,8.534,132.137,140.671,2,B278,pickup_service,Pickup,Pickup
12,24,Stay,5,5,5,5,180,183,08:40,08:43,3,0,0.0,3,12.801,140.671,153.472,2,B278,parking_charging,Position,Movement
12,25,Movement,5,3,5,3,183,191,08:43,08:51,8,8,23.93,0,0.0,153.472,129.542,2,B278,passenger_flight,Position,Delivery
12,26,Delivery,3,3,3,3,191,194,08:51,08:54,3,0,0.0,2,8.534,129.542,138.076,0,B278,delivery_service,Delivery,Delivery
12,27,Stay,3,3,3,3,194,200,08:54,09:00,6,0,0.0,6,21.924,138.076,160.0,0,B356,parking_charging,Position,Pickup
12,28,Pickup,3,3,3,3,200,203,09:00,09:03,3,0,0.0,2,0.0,160.0,160.0,1,B356,pickup_service,Pickup,Pickup
12,29,Stay,3,3,3,3,203,204,09:03,09:04,1,0,0.0,1,0.0,160.0,160.0,1,B364,parking_charging,Position,Pickup
12,30,Pickup,3,3,3,3,204,207,09:04,09:07,3,0,0.0,2,0.0,160.0,160.0,3,B364,pickup_service,Pickup,Pickup
12,31,Movement,3,4,3,4,207,214,09:07,09:14,7,7,12.6,0,0.0,160.0,147.4,3,B356,passenger_flight,Position,Delivery
12,32,Delivery,4,4,4,4,214,217,09:14,09:17,3,0,0.0,2,8.534,147.4,155.934,2,B356,delivery_service,Delivery,Delivery
12,33,Delivery,4,4,4,4,217,220,09:17,09:20,3,0,0.0,2,4.066,155.934,160.0,0,B364,delivery_service,Delivery,Delivery
12,34,Stay,4,4,4,4,220,231,09:20,09:31,11,0,0.0,11,0.0,160.0,160.0,0,B432,parking_charging,Position,Pickup
12,35,Pickup,4,4,4,4,231,234,09:31,09:34,3,0,0.0,2,0.0,160.0,160.0,1,B432,pickup_service,Pickup,Pickup
12,36,Pickup,4,4,4,4,234,237,09:34,09:37,3,0,0.0,2,0.0,160.0,160.0,2,B439,pickup_service,Pickup,Pickup
12,37,Movement,4,2,4,2,237,243,09:37,09:43,6,6,16.13,0,0.0,160.0,143.87,2,B432,passenger_flight,Position,Delivery
12,38,Delivery,2,2,2,2,243,246,09:43,09:46,3,0,0.0,2,8.534,143.87,152.404,1,B432,delivery_service,Delivery,Delivery
12,39,Delivery,2,2,2,2,246,249,09:46,09:49,3,0,0.0,2,7.596,152.404,160.0,0,B439,delivery_service,Delivery,Delivery
12,40,Stay,2,2,2,2,249,250,09:49,09:50,1,0,0.0,1,0.0,160.0,160.0,0,B471,parking_charging,Position,Pickup
12,41,Pickup,2,2,2,2,250,253,09:50,09:53,3,0,0.0,2,0.0,160.0,160.0,1,B471,pickup_service,Pickup,Pickup
12,42,Movement,2,1,2,1,253,260,09:53,10:00,7,7,13.61,0,0.0,160.0,146.39,1,B471,passenger_flight,Position,Delivery
12,43,Delivery,1,1,1,1,260,263,10:00,10:03,3,0,0.0,2,8.534,146.39,154.924,0,B471,delivery_service,Delivery,Delivery
12,44,Stay,1,1,1,1,263,264,10:03,10:04,1,0,0.0,1,4.267,154.924,159.191,0,B553,parking_charging,Position,Movement
12,45,Movement,1,3,1,3,264,270,10:04,10:10,6,6,9.61,0,0.0,159.191,149.581,0,B553,empty_repositioning,Position,Pickup
12,46,Pickup,3,3,3,3,270,273,10:10,10:13,3,0,0.0,2,8.534,149.581,158.115,1,B553,pickup_service,Pickup,Pickup
12,47,Movement,3,4,3,4,273,280,10:13,10:20,7,7,12.6,0,0.0,158.115,145.515,1,B553,passenger_flight,Position,Delivery
12,48,Delivery,4,4,4,4,280,283,10:20,10:23,3,0,0.0,2,8.534,145.515,154.049,0,B553,delivery_service,Delivery,Delivery
12,49,Stay,4,4,4,4,283,284,10:23,10:24,1,0,0.0,1,4.267,154.049,158.316,0,B638,parking_charging,Position,Pickup
12,50,Pickup,4,4,4,4,284,287,10:24,10:27,3,0,0.0,2,1.684,158.316,160.0,1,B638,pickup_service,Pickup,Pickup
12,51,Pickup,4,4,4,4,287,290,10:27,10:30,3,0,0.0,2,0.0,160.0,160.0,3,B657,pickup_service,Pickup,Pickup
12,52,Movement,4,7,4,7,290,297,10:30,10:37,7,7,21.43,0,0.0,160.0,138.57,3,B638,passenger_flight,Position,Delivery
12,53,Delivery,7,7,7,7,297,300,10:37,10:40,3,0,0.0,2,8.534,138.57,147.104,2,B638,delivery_service,Delivery,Delivery
12,54,Delivery,7,7,7,7,300,303,10:40,10:43,3,0,0.0,2,8.534,147.104,155.638,0,B657,delivery_service,Delivery,Delivery
12,55,Pickup,7,7,7,7,303,306,10:43,10:46,3,0,0.0,2,4.362,155.638,160.0,1,B732,pickup_service,Pickup,Pickup
12,56,Movement,7,1,7,1,306,313,10:46,10:53,7,7,21.03,0,0.0,160.0,138.97,1,B732,passenger_flight,Position,Delivery
12,57,Delivery,1,1,1,1,313,316,10:53,10:56,3,0,0.0,2,8.534,138.97,147.504,0,B732,delivery_service,Delivery,Delivery
12,58,Stay,1,1,1,1,316,318,10:56,10:58,2,0,0.0,2,8.534,147.504,156.038,0,B818,parking_charging,Position,Pickup
12,59,Pickup,1,1,1,1,318,321,10:58,11:01,3,0,0.0,2,3.962,156.038,160.0,1,B818,pickup_service,Pickup,Pickup
12,60,Stay,1,1,1,1,321,326,11:01,11:06,5,0,0.0,5,0.0,160.0,160.0,1,B818,parking_charging,Position,Movement
12,61,Movement,1,9,1,9,326,342,11:06,11:22,16,16,57.72,0,0.0,160.0,102.28,1,B818,passenger_flight,Position,Delivery
12,62,Delivery,9,9,9,9,342,345,11:22,11:25,3,0,0.0,2,8.534,102.28,110.814,0,B818,delivery_service,Delivery,Delivery
12,63,Stay,9,9,9,9,345,350,11:25,11:30,5,0,0.0,5,21.335,110.814,132.149,0,B967,parking_charging,Position,Pickup
12,64,Pickup,9,9,9,9,350,353,11:30,11:33,3,0,0.0,2,8.534,132.149,140.683,1,B967,pickup_service,Pickup,Pickup
12,65,Pickup,9,9,9,9,353,356,11:33,11:36,3,0,0.0,2,8.534,140.683,149.217,3,B974,pickup_service,Pickup,Pickup
12,66,Movement,9,4,9,4,356,371,11:36,11:51,15,15,55.47,0,0.0,149.217,93.747,3,B967,passenger_flight,Position,Delivery
12,67,Delivery,4,4,4,4,371,374,11:51,11:54,3,0,0.0,2,8.534,93.747,102.281,2,B967,delivery_service,Delivery,Delivery
12,68,Delivery,4,4,4,4,374,377,11:54,11:57,3,0,0.0,2,8.534,102.281,110.815,0,B974,delivery_service,Delivery,Delivery
12,69,Pickup,4,4,4,4,377,380,11:57,12:00,3,0,0.0,2,8.534,110.815,119.349,1,B1043,pickup_service,Pickup,Pickup
12,70,Movement,4,2,4,2,380,386,12:00,12:06,6,6,16.13,0,0.0,119.349,103.219,1,B1043,passenger_flight,Position,Delivery
12,71,Delivery,2,2,2,2,386,389,12:06,12:09,3,0,0.0,2,8.534,103.219,111.753,0,B1043,delivery_service,Delivery,Delivery
12,72,Pickup,2,2,2,2,389,392,12:09,12:12,3,0,0.0,2,8.534,111.753,120.287,1,B1084,pickup_service,Pickup,Pickup
12,73,Pickup,2,2,2,2,392,395,12:12,12:15,3,0,0.0,2,8.534,120.287,128.821,2,B1087,pickup_service,Pickup,Pickup
12,74,Movement,2,5,2,5,395,403,12:15,12:23,8,8,27.57,0,0.0,128.821,101.251,2,B1084,passenger_flight,Position,Delivery
12,75,Delivery,5,5,5,5,403,406,12:23,12:26,3,0,0.0,2,8.534,101.251,109.785,1,B1084,delivery_service,Delivery,Delivery
12,76,Movement,5,10,5,10,406,416,12:26,12:36,10,10,33.52,0,0.0,109.785,76.265,1,B1087,passenger_flight,Position,Delivery
12,77,Delivery,10,10,10,10,416,419,12:36,12:39,3,0,0.0,2,8.534,76.265,84.799,0,B1087,delivery_service,Delivery,Delivery
12,78,Pickup,10,10,10,10,419,422,12:39,12:42,3,0,0.0,2,8.534,84.799,93.333,1,B1165,pickup_service,Pickup,Pickup
12,79,Stay,10,10,10,10,422,427,12:42,12:47,5,0,0.0,5,21.335,93.333,114.668,1,B1165,parking_charging,Position,Movement
12,80,Movement,10,3,10,3,427,442,12:47,13:02,15,15,54.92,0,0.0,114.668,59.748,1,B1165,passenger_flight,Position,Delivery
12,81,Delivery,3,3,3,3,442,445,13:02,13:05,3,0,0.0,2,8.534,59.748,68.282,0,B1165,delivery_service,Delivery,Delivery
12,82,Movement,3,2,3,2,445,448,13:05,13:08,3,3,4.08,0,0.0,68.282,64.202,0,B1224,empty_repositioning,Position,Pickup
12,83,Pickup,2,2,2,2,448,451,13:08,13:11,3,0,0.0,2,8.534,64.202,72.736,1,B1224,pickup_service,Pickup,Pickup
12,84,Movement,2,5,2,5,451,459,13:11,13:19,8,8,27.57,0,0.0,72.736,45.166,1,B1224,passenger_flight,Position,Delivery
12,85,Delivery,5,5,5,5,459,462,13:19,13:22,3,0,0.0,2,8.534,45.166,53.7,0,B1224,delivery_service,Delivery,Delivery
12,86,Movement,5,6,5,6,462,469,13:22,13:29,7,7,12.76,0,0.0,53.7,40.94,0,B1268,empty_repositioning,Position,Pickup
12,87,Pickup,6,6,6,6,469,472,13:29,13:32,3,0,0.0,2,8.534,40.94,49.474,1,B1268,pickup_service,Pickup,Pickup
12,88,Pickup,6,6,6,6,472,475,13:32,13:35,3,0,0.0,2,8.534,49.474,58.008,2,B1273,pickup_service,Pickup,Pickup
12,89,Stay,6,6,6,6,475,485,13:35,13:45,10,0,0.0,10,42.67,58.008,100.678,2,B1268,parking_charging,Position,Movement
12,90,Movement,6,7,6,7,485,497,13:45,13:57,12,12,43.48,0,0.0,100.678,57.198,2,B1268,passenger_flight,Position,Delivery
12,91,Delivery,7,7,7,7,497,500,13:57,14:00,3,0,0.0,2,8.534,57.198,65.732,1,B1268,delivery_service,Delivery,Delivery
12,92,Delivery,7,7,7,7,500,503,14:00,14:03,3,0,0.0,2,8.534,65.732,74.266,0,B1273,delivery_service,Delivery,Delivery
12,93,Pickup,7,7,7,7,503,506,14:03,14:06,3,0,0.0,2,8.534,74.266,82.8,2,B1341,pickup_service,Pickup,Pickup
12,94,Movement,7,4,7,4,506,513,14:06,14:13,7,7,21.43,0,0.0,82.8,61.37,2,B1341,passenger_flight,Position,Delivery
12,95,Delivery,4,4,4,4,513,516,14:13,14:16,3,0,0.0,2,8.534,61.37,69.904,0,B1341,delivery_service,Delivery,Delivery
12,96,Stay,4,4,4,4,516,523,14:16,14:23,7,0,0.0,7,29.869,69.904,99.773,0,B1434,parking_charging,Position,Pickup
12,97,Pickup,4,4,4,4,523,526,14:23,14:26,3,0,0.0,2,8.534,99.773,108.307,1,B1434,pickup_service,Pickup,Pickup
12,98,Pickup,4,4,4,4,526,529,14:26,14:29,3,0,0.0,2,8.534,108.307,116.841,3,B1448,pickup_service,Pickup,Pickup
12,99,Movement,4,7,4,7,529,536,14:29,14:36,7,7,21.43,0,0.0,116.841,95.411,3,B1434,passenger_flight,Position,Delivery
12,100,Delivery,7,7,7,7,536,539,14:36,14:39,3,0,0.0,2,8.534,95.411,103.945,2,B1434,delivery_service,Delivery,Delivery
12,101,Delivery,7,7,7,7,539,542,14:39,14:42,3,0,0.0,2,8.534,103.945,112.479,0,B1448,delivery_service,Delivery,Delivery
12,102,Stay,7,7,7,7,542,547,14:42,14:47,5,0,0.0,5,21.335,112.479,133.814,0,B1539,parking_charging,Position,Pickup
12,103,Pickup,7,7,7,7,547,550,14:47,14:50,3,0,0.0,2,8.534,133.814,142.348,1,B1539,pickup_service,Pickup,Pickup
12,104,Movement,7,4,7,4,550,557,14:50,14:57,7,7,21.43,0,0.0,142.348,120.918,1,B1539,passenger_flight,Position,Delivery
12,105,Delivery,4,4,4,4,557,560,14:57,15:00,3,0,0.0,2,8.534,120.918,129.452,0,B1539,delivery_service,Delivery,Delivery
12,106,Stay,4,4,4,4,560,561,15:00,15:01,1,0,0.0,1,4.267,129.452,133.719,0,B1595,parking_charging,Position,Pickup
12,107,Pickup,4,4,4,4,561,564,15:01,15:04,3,0,0.0,2,8.534,133.719,142.253,1,B1595,pickup_service,Pickup,Pickup
12,108,Pickup,4,4,4,4,564,567,15:04,15:07,3,0,0.0,2,8.534,142.253,150.787,2,B1606,pickup_service,Pickup,Pickup
12,109,Movement,4,2,4,2,567,573,15:07,15:13,6,6,16.13,0,0.0,150.787,134.657,2,B1595,passenger_flight,Position,Delivery
12,110,Delivery,2,2,2,2,573,576,15:13,15:16,3,0,0.0,2,8.534,134.657,143.191,1,B1595,delivery_service,Delivery,Delivery
12,111,Delivery,2,2,2,2,576,579,15:16,15:19,3,0,0.0,2,8.534,143.191,151.725,0,B1606,delivery_service,Delivery,Delivery
12,112,Stay,2,2,2,2,579,618,15:19,15:58,39,0,0.0,39,8.275,151.725,160.0,0,B1831,parking_charging,Position,Pickup
12,113,Pickup,2,2,2,2,618,621,15:58,16:01,3,0,0.0,2,0.0,160.0,160.0,1,B1831,pickup_service,Pickup,Pickup
12,114,Stay,2,2,2,2,621,624,16:01,16:04,3,0,0.0,3,0.0,160.0,160.0,1,B1831,parking_charging,Position,Movement
12,115,Movement,2,5,2,5,624,632,16:04,16:12,8,8,27.57,0,0.0,160.0,132.43,1,B1831,passenger_flight,Position,Delivery
12,116,Delivery,5,5,5,5,632,635,16:12,16:15,3,0,0.0,2,8.534,132.43,140.964,0,B1831,delivery_service,Delivery,Delivery
12,117,Pickup,5,5,5,5,635,638,16:15,16:18,3,0,0.0,2,8.534,140.964,149.498,1,B1931,pickup_service,Pickup,Pickup
12,118,Movement,5,2,5,2,638,646,16:18,16:26,8,8,27.57,0,0.0,149.498,121.928,1,B1931,passenger_flight,Position,Delivery
12,119,Delivery,2,2,2,2,646,649,16:26,16:29,3,0,0.0,2,8.534,121.928,130.462,0,B1931,delivery_service,Delivery,Delivery
12,120,Stay,2,2,2,2,649,659,16:29,16:39,10,0,0.0,10,29.538,130.462,160.0,0,B2095,parking_charging,Position,Pickup
12,121,Pickup,2,2,2,2,659,662,16:39,16:42,3,0,0.0,2,0.0,160.0,160.0,1,B2095,pickup_service,Pickup,Pickup
12,122,Stay,2,2,2,2,662,665,16:42,16:45,3,0,0.0,3,0.0,160.0,160.0,1,B2095,parking_charging,Position,Movement
12,123,Movement,2,4,2,4,665,671,16:45,16:51,6,6,16.13,0,0.0,160.0,143.87,1,B2095,passenger_flight,Position,Delivery
12,124,Delivery,4,4,4,4,671,674,16:51,16:54,3,0,0.0,2,8.534,143.87,152.404,0,B2095,delivery_service,Delivery,Delivery
12,125,Stay,4,4,4,4,674,684,16:54,17:04,10,0,0.0,10,7.596,152.404,160.0,0,B2308-1,parking_charging,Position,Pickup
12,126,Pickup,4,4,4,4,684,687,17:04,17:07,3,0,0.0,2,0.0,160.0,160.0,3,B2308-1,pickup_service,Pickup,Pickup
12,127,Movement,4,3,4,3,687,694,17:07,17:14,7,7,12.6,0,0.0,160.0,147.4,3,B2308-1,passenger_flight,Position,Delivery
12,128,Delivery,3,3,3,3,694,697,17:14,17:17,3,0,0.0,2,8.534,147.4,155.934,0,B2308-1,delivery_service,Delivery,Delivery
12,129,Pickup,3,3,3,3,697,700,17:17,17:20,3,0,0.0,2,4.066,155.934,160.0,2,B2434,pickup_service,Pickup,Pickup
12,130,Movement,3,4,3,4,700,707,17:20,17:27,7,7,12.6,0,0.0,160.0,147.4,2,B2434,passenger_flight,Position,Delivery
12,131,Delivery,4,4,4,4,707,710,17:27,17:30,3,0,0.0,2,8.534,147.4,155.934,0,B2434,delivery_service,Delivery,Delivery
12,132,Pickup,4,4,4,4,710,713,17:30,17:33,3,0,0.0,2,4.066,155.934,160.0,3,B2548,pickup_service,Pickup,Pickup
12,133,Movement,4,2,4,2,713,719,17:33,17:39,6,6,16.13,0,0.0,160.0,143.87,3,B2548,passenger_flight,Position,Delivery
12,134,Delivery,2,2,2,2,719,722,17:39,17:42,3,0,0.0,2,8.534,143.87,152.404,0,B2548,delivery_service,Delivery,Delivery
12,135,Stay,2,2,2,2,722,738,17:42,17:58,16,0,0.0,16,7.596,152.404,160.0,0,B2901,parking_charging,Position,Pickup
12,136,Pickup,2,2,2,2,738,741,17:58,18:01,3,0,0.0,2,0.0,160.0,160.0,3,B2901,pickup_service,Pickup,Pickup
12,137,Movement,2,4,2,4,741,747,18:01,18:07,6,6,16.13,0,0.0,160.0,143.87,3,B2901,passenger_flight,Position,Delivery
12,138,Delivery,4,4,4,4,747,750,18:07,18:10,3,0,0.0,2,8.534,143.87,152.404,0,B2901,delivery_service,Delivery,Delivery
12,139,Pickup,4,4,4,4,750,753,18:10,18:13,3,0,0.0,2,7.596,152.404,160.0,2,B2981,pickup_service,Pickup,Pickup
12,140,Pickup,4,4,4,4,753,756,18:13,18:16,3,0,0.0,2,0.0,160.0,160.0,3,B3002,pickup_service,Pickup,Pickup
12,141,Movement,4,3,4,3,756,763,18:16,18:23,7,7,12.6,0,0.0,160.0,147.4,3,B2981,passenger_flight,Position,Delivery
12,142,Delivery,3,3,3,3,763,766,18:23,18:26,3,0,0.0,2,8.534,147.4,155.934,1,B2981,delivery_service,Delivery,Delivery
12,143,Delivery,3,3,3,3,766,769,18:26,18:29,3,0,0.0,2,4.066,155.934,160.0,0,B3002,delivery_service,Delivery,Delivery
12,144,Stay,3,3,3,3,769,780,18:29,18:40,11,0,0.0,11,0.0,160.0,160.0,0,B3168,parking_charging,Position,Movement
12,145,Movement,3,2,3,2,780,783,18:40,18:43,3,3,4.08,0,0.0,160.0,155.92,0,B3168,empty_repositioning,Position,Pickup
12,146,Pickup,2,2,2,2,783,786,18:43,18:46,3,0,0.0,2,4.08,155.92,160.0,2,B3168,pickup_service,Pickup,Pickup
12,147,Movement,2,4,2,4,786,792,18:46,18:52,6,6,16.13,0,0.0,160.0,143.87,2,B3168,passenger_flight,Position,Delivery
12,148,Delivery,4,4,4,4,792,795,18:52,18:55,3,0,0.0,2,8.534,143.87,152.404,0,B3168,delivery_service,Delivery,Delivery
12,149,Stay,4,4,4,4,795,796,18:55,18:56,1,0,0.0,1,4.267,152.404,156.671,0,B3270,parking_charging,Position,Pickup
12,150,Pickup,4,4,4,4,796,799,18:56,18:59,3,0,0.0,2,3.329,156.671,160.0,1,B3270,pickup_service,Pickup,Pickup
12,151,Pickup,4,4,4,4,799,802,18:59,19:02,3,0,0.0,2,0.0,160.0,160.0,3,B3275,pickup_service,Pickup,Pickup
12,152,Movement,4,8,4,8,802,813,19:02,19:13,11,11,39.54,0,0.0,160.0,120.46,3,B3270,passenger_flight,Position,Delivery
12,153,Delivery,8,8,8,8,813,816,19:13,19:16,3,0,0.0,2,8.534,120.46,128.994,2,B3270,delivery_service,Delivery,Delivery
12,154,Delivery,8,8,8,8,816,819,19:16,19:19,3,0,0.0,2,8.534,128.994,137.528,0,B3275,delivery_service,Delivery,Delivery
13,0,Stay,4,4,4,4,0,70,05:40,06:50,70,0,0.0,70,0.0,160.0,160.0,0,B41,parking_charging,Position,Pickup
13,1,Pickup,4,4,4,4,70,73,06:50,06:53,3,0,0.0,2,0.0,160.0,160.0,1,B41,pickup_service,Pickup,Pickup
13,2,Pickup,4,4,4,4,73,76,06:53,06:56,3,0,0.0,2,0.0,160.0,160.0,3,B45,pickup_service,Pickup,Pickup
13,3,Movement,4,9,4,9,76,91,06:56,07:11,15,15,55.47,0,0.0,160.0,104.53,3,B41,passenger_flight,Position,Delivery
13,4,Delivery,9,9,9,9,91,94,07:11,07:14,3,0,0.0,2,8.534,104.53,113.064,2,B41,delivery_service,Delivery,Delivery
13,5,Delivery,9,9,9,9,94,97,07:14,07:17,3,0,0.0,2,8.534,113.064,121.598,0,B45,delivery_service,Delivery,Delivery
13,6,Stay,9,9,9,9,97,100,07:17,07:20,3,0,0.0,3,12.801,121.598,134.399,0,B77,parking_charging,Position,Movement
13,7,Movement,9,8,9,8,100,106,07:20,07:26,6,6,18.04,0,0.0,134.399,116.359,0,B77,empty_repositioning,Position,Pickup
13,8,Pickup,8,8,8,8,106,109,07:26,07:29,3,0,0.0,2,8.534,116.359,124.893,3,B77,pickup_service,Pickup,Pickup
13,9,Movement,8,2,8,2,109,119,07:29,07:39,10,10,32.38,0,0.0,124.893,92.513,3,B77,passenger_flight,Position,Delivery
13,10,Delivery,2,2,2,2,119,122,07:39,07:42,3,0,0.0,2,8.534,92.513,101.047,0,B77,delivery_service,Delivery,Delivery
13,11,Stay,2,2,2,2,122,150,07:42,08:10,28,0,0.0,28,58.953,101.047,160.0,0,B164,parking_charging,Position,Pickup
13,12,Pickup,2,2,2,2,150,153,08:10,08:13,3,0,0.0,2,0.0,160.0,160.0,1,B164,pickup_service,Pickup,Pickup
13,13,Stay,2,2,2,2,153,154,08:13,08:14,1,0,0.0,1,0.0,160.0,160.0,1,B181,parking_charging,Position,Pickup
13,14,Pickup,2,2,2,2,154,157,08:14,08:17,3,0,0.0,2,0.0,160.0,160.0,2,B181,pickup_service,Pickup,Pickup
13,15,Movement,2,1,2,1,157,164,08:17,08:24,7,7,13.61,0,0.0,160.0,146.39,2,B164,passenger_flight,Position,Delivery
13,16,Delivery,1,1,1,1,164,167,08:24,08:27,3,0,0.0,2,8.534,146.39,154.924,1,B164,delivery_service,Delivery,Delivery
13,17,Delivery,1,1,1,1,167,170,08:27,08:30,3,0,0.0,2,5.076,154.924,160.0,0,B181,delivery_service,Delivery,Delivery
13,18,Movement,1,7,1,7,170,177,08:30,08:37,7,7,21.03,0,0.0,160.0,138.97,0,B262,empty_repositioning,Position,Pickup
13,19,Pickup,7,7,7,7,177,180,08:37,08:40,3,0,0.0,2,8.534,138.97,147.504,1,B262,pickup_service,Pickup,Pickup
13,20,Movement,7,1,7,1,180,187,08:40,08:47,7,7,21.03,0,0.0,147.504,126.474,1,B262,passenger_flight,Position,Delivery
13,21,Delivery,1,1,1,1,187,190,08:47,08:50,3,0,0.0,2,8.534,126.474,135.008,0,B262,delivery_service,Delivery,Delivery
13,22,Movement,1,3,1,3,190,196,08:50,08:56,6,6,9.61,0,0.0,135.008,125.398,0,B331,empty_repositioning,Position,Pickup
13,23,Pickup,3,3,3,3,196,199,08:56,08:59,3,0,0.0,2,8.534,125.398,133.932,1,B331,pickup_service,Pickup,Pickup
13,24,Movement,3,1,3,1,199,205,08:59,09:05,6,6,9.61,0,0.0,133.932,124.322,1,B331,passenger_flight,Position,Delivery
13,25,Delivery,1,1,1,1,205,208,09:05,09:08,3,0,0.0,2,8.534,124.322,132.856,0,B331,delivery_service,Delivery,Delivery
13,26,Stay,1,1,1,1,208,224,09:08,09:24,16,0,0.0,16,27.144,132.856,160.0,0,B409,parking_charging,Position,Pickup
13,27,Pickup,1,1,1,1,224,227,09:24,09:27,3,0,0.0,2,0.0,160.0,160.0,1,B409,pickup_service,Pickup,Pickup
13,28,Stay,1,1,1,1,227,230,09:27,09:30,3,0,0.0,3,0.0,160.0,160.0,1,B409,parking_charging,Position,Movement
13,29,Movement,1,9,1,9,230,246,09:30,09:46,16,16,57.72,0,0.0,160.0,102.28,1,B409,passenger_flight,Position,Delivery
13,30,Delivery,9,9,9,9,246,249,09:46,09:49,3,0,0.0,2,8.534,102.28,110.814,0,B409,delivery_service,Delivery,Delivery
13,31,Pickup,9,9,9,9,249,252,09:49,09:52,3,0,0.0,2,8.534,110.814,119.348,1,B449,pickup_service,Pickup,Pickup
13,32,Movement,9,1,9,1,252,268,09:52,10:08,16,16,57.72,0,0.0,119.348,61.628,1,B449,passenger_flight,Position,Delivery
13,33,Delivery,1,1,1,1,268,271,10:08,10:11,3,0,0.0,2,8.534,61.628,70.162,0,B449,delivery_service,Delivery,Delivery
13,34,Pickup,1,1,1,1,271,274,10:11,10:14,3,0,0.0,2,8.534,70.162,78.696,1,B549,pickup_service,Pickup,Pickup
13,35,Movement,1,10,1,10,274,287,10:14,10:27,13,13,47.44,0,0.0,78.696,31.256,1,B549,passenger_flight,Position,Delivery
13,36,Delivery,10,10,10,10,287,290,10:27,10:30,3,0,0.0,2,8.534,31.256,39.79,0,B549,delivery_service,Delivery,Delivery
13,37,Stay,10,10,10,10,290,325,10:30,11:05,35,0,0.0,35,120.21,39.79,160.0,0,B863,parking_charging,Position,Pickup
13,38,Pickup,10,10,10,10,325,328,11:05,11:08,3,0,0.0,2,0.0,160.0,160.0,1,B863,pickup_service,Pickup,Pickup
13,39,Pickup,10,10,10,10,328,331,11:08,11:11,3,0,0.0,2,0.0,160.0,160.0,2,B873,pickup_service,Pickup,Pickup
13,40,Movement,10,4,10,4,331,343,11:11,11:23,12,12,42.86,0,0.0,160.0,117.14,2,B863,passenger_flight,Position,Delivery
13,41,Delivery,4,4,4,4,343,346,11:23,11:26,3,0,0.0,2,8.534,117.14,125.674,1,B863,delivery_service,Delivery,Delivery
13,42,Delivery,4,4,4,4,346,349,11:26,11:29,3,0,0.0,2,8.534,125.674,134.208,0,B873,delivery_service,Delivery,Delivery
13,43,Pickup,4,4,4,4,349,352,11:29,11:32,3,0,0.0,2,8.534,134.208,142.742,1,B959,pickup_service,Pickup,Pickup
13,44,Pickup,4,4,4,4,352,355,11:32,11:35,3,0,0.0,2,8.534,142.742,151.276,2,B972,pickup_service,Pickup,Pickup
13,45,Movement,4,2,4,2,355,361,11:35,11:41,6,6,16.13,0,0.0,151.276,135.146,2,B959,passenger_flight,Position,Delivery
13,46,Delivery,2,2,2,2,361,364,11:41,11:44,3,0,0.0,2,8.534,135.146,143.68,1,B959,delivery_service,Delivery,Delivery
13,47,Delivery,2,2,2,2,364,367,11:44,11:47,3,0,0.0,2,8.534,143.68,152.214,0,B972,delivery_service,Delivery,Delivery
13,48,Pickup,2,2,2,2,367,370,11:47,11:50,3,0,0.0,2,7.786,152.214,160.0,2,B1004,pickup_service,Pickup,Pickup
13,49,Movement,2,5,2,5,370,378,11:50,11:58,8,8,27.57,0,0.0,160.0,132.43,2,B1004,passenger_flight,Position,Delivery
13,50,Delivery,5,5,5,5,378,381,11:58,12:01,3,0,0.0,2,8.534,132.43,140.964,0,B1004,delivery_service,Delivery,Delivery
13,51,Stay,5,5,5,5,381,395,12:01,12:15,14,0,0.0,14,19.036,140.964,160.0,0,B1097,parking_charging,Position,Pickup
13,52,Pickup,5,5,5,5,395,398,12:15,12:18,3,0,0.0,2,0.0,160.0,160.0,1,B1097,pickup_service,Pickup,Pickup
13,53,Movement,5,3,5,3,398,406,12:18,12:26,8,8,23.93,0,0.0,160.0,136.07,1,B1097,passenger_flight,Position,Delivery
13,54,Delivery,3,3,3,3,406,409,12:26,12:29,3,0,0.0,2,8.534,136.07,144.604,0,B1097,delivery_service,Delivery,Delivery
13,55,Stay,3,3,3,3,409,420,12:29,12:40,11,0,0.0,11,15.396,144.604,160.0,0,B1171,parking_charging,Position,Movement
13,56,Movement,3,2,3,2,420,423,12:40,12:43,3,3,4.08,0,0.0,160.0,155.92,0,B1171,empty_repositioning,Position,Pickup
13,57,Pickup,2,2,2,2,423,426,12:43,12:46,3,0,0.0,2,4.08,155.92,160.0,1,B1171,pickup_service,Pickup,Pickup
13,58,Pickup,2,2,2,2,426,429,12:46,12:49,3,0,0.0,2,0.0,160.0,160.0,2,B1184,pickup_service,Pickup,Pickup
13,59,Movement,2,5,2,5,429,437,12:49,12:57,8,8,27.57,0,0.0,160.0,132.43,2,B1171,passenger_flight,Position,Delivery
13,60,Delivery,5,5,5,5,437,440,12:57,13:00,3,0,0.0,2,8.534,132.43,140.964,1,B1171,delivery_service,Delivery,Delivery
13,61,Delivery,5,5,5,5,440,443,13:00,13:03,3,0,0.0,2,8.534,140.964,149.498,0,B1184,delivery_service,Delivery,Delivery
13,62,Stay,5,5,5,5,443,467,13:03,13:27,24,0,0.0,24,10.502,149.498,160.0,0,B1280,parking_charging,Position,Movement
13,63,Movement,5,6,5,6,467,474,13:27,13:34,7,7,12.76,0,0.0,160.0,147.24,0,B1280,empty_repositioning,Position,Pickup
13,64,Pickup,6,6,6,6,474,477,13:34,13:37,3,0,0.0,2,8.534,147.24,155.774,1,B1280,pickup_service,Pickup,Pickup
13,65,Pickup,6,6,6,6,477,480,13:37,13:40,3,0,0.0,2,4.226,155.774,160.0,2,B1285,pickup_service,Pickup,Pickup
13,66,Movement,6,7,6,7,480,492,13:40,13:52,12,12,43.48,0,0.0,160.0,116.52,2,B1280,passenger_flight,Position,Delivery
13,67,Delivery,7,7,7,7,492,495,13:52,13:55,3,0,0.0,2,8.534,116.52,125.054,1,B1280,delivery_service,Delivery,Delivery
13,68,Delivery,7,7,7,7,495,498,13:55,13:58,3,0,0.0,2,8.534,125.054,133.588,0,B1285,delivery_service,Delivery,Delivery
13,69,Pickup,7,7,7,7,498,501,13:58,14:01,3,0,0.0,2,8.534,133.588,142.122,1,B1335,pickup_service,Pickup,Pickup
13,70,Stay,7,7,7,7,501,504,14:01,14:04,3,0,0.0,3,12.801,142.122,154.923,1,B1335,parking_charging,Position,Movement
13,71,Movement,7,4,7,4,504,511,14:04,14:11,7,7,21.43,0,0.0,154.923,133.493,1,B1335,passenger_flight,Position,Delivery
13,72,Delivery,4,4,4,4,511,514,14:11,14:14,3,0,0.0,2,8.534,133.493,142.027,0,B1335,delivery_service,Delivery,Delivery
13,73,Stay,4,4,4,4,514,541,14:14,14:41,27,0,0.0,27,17.973,142.027,160.0,0,B1516,parking_charging,Position,Pickup
13,74,Pickup,4,4,4,4,541,544,14:41,14:44,3,0,0.0,2,0.0,160.0,160.0,2,B1516,pickup_service,Pickup,Pickup
13,75,Pickup,4,4,4,4,544,547,14:44,14:47,3,0,0.0,2,0.0,160.0,160.0,3,B1525,pickup_service,Pickup,Pickup
13,76,Movement,4,7,4,7,547,554,14:47,14:54,7,7,21.43,0,0.0,160.0,138.57,3,B1516,passenger_flight,Position,Delivery
13,77,Delivery,7,7,7,7,554,557,14:54,14:57,3,0,0.0,2,8.534,138.57,147.104,1,B1516,delivery_service,Delivery,Delivery
13,78,Delivery,7,7,7,7,557,560,14:57,15:00,3,0,0.0,2,8.534,147.104,155.638,0,B1525,delivery_service,Delivery,Delivery
13,79,Pickup,7,7,7,7,560,563,15:00,15:03,3,0,0.0,2,4.362,155.638,160.0,1,B1593,pickup_service,Pickup,Pickup
13,80,Movement,7,4,7,4,563,570,15:03,15:10,7,7,21.43,0,0.0,160.0,138.57,1,B1593,passenger_flight,Position,Delivery
13,81,Delivery,4,4,4,4,570,573,15:10,15:13,3,0,0.0,2,8.534,138.57,147.104,0,B1593,delivery_service,Delivery,Delivery
13,82,Pickup,4,4,4,4,573,576,15:13,15:16,3,0,0.0,2,8.534,147.104,155.638,1,B1643,pickup_service,Pickup,Pickup
13,83,Movement,4,7,4,7,576,583,15:16,15:23,7,7,21.43,0,0.0,155.638,134.208,1,B1643,passenger_flight,Position,Delivery
13,84,Delivery,7,7,7,7,583,586,15:23,15:26,3,0,0.0,2,8.534,134.208,142.742,0,B1643,delivery_service,Delivery,Delivery
13,85,Movement,7,9,7,9,586,598,15:26,15:38,12,12,40.12,0,0.0,142.742,102.622,0,B1724,empty_repositioning,Position,Pickup
13,86,Pickup,9,9,9,9,598,601,15:38,15:41,3,0,0.0,2,8.534,102.622,111.156,2,B1724,pickup_service,Pickup,Pickup
13,87,Movement,9,4,9,4,601,616,15:41,15:56,15,15,55.47,0,0.0,111.156,55.686,2,B1724,passenger_flight,Position,Delivery
13,88,Delivery,4,4,4,4,616,619,15:56,15:59,3,0,0.0,2,8.534,55.686,64.22,0,B1724,delivery_service,Delivery,Delivery
13,89,Stay,4,4,4,4,619,634,15:59,16:14,15,0,0.0,15,64.005,64.22,128.225,0,B1939,parking_charging,Position,Pickup
13,90,Pickup,4,4,4,4,634,637,16:14,16:17,3,0,0.0,2,8.534,128.225,136.759,1,B1939,pickup_service,Pickup,Pickup
13,91,Stay,4,4,4,4,637,638,16:17,16:18,1,0,0.0,1,4.267,136.759,141.026,1,B1972,parking_charging,Position,Pickup
13,92,Pickup,4,4,4,4,638,641,16:18,16:21,3,0,0.0,2,8.534,141.026,149.56,3,B1972,pickup_service,Pickup,Pickup
13,93,Movement,4,2,4,2,641,647,16:21,16:27,6,6,16.13,0,0.0,149.56,133.43,3,B1939,passenger_flight,Position,Delivery
13,94,Delivery,2,2,2,2,647,650,16:27,16:30,3,0,0.0,2,8.534,133.43,141.964,2,B1939,delivery_service,Delivery,Delivery
13,95,Delivery,2,2,2,2,650,653,16:30,16:33,3,0,0.0,2,8.534,141.964,150.498,0,B1972,delivery_service,Delivery,Delivery
13,96,Stay,2,2,2,2,653,655,16:33,16:35,2,0,0.0,2,8.534,150.498,159.032,0,B2067,parking_charging,Position,Pickup
13,97,Pickup,2,2,2,2,655,658,16:35,16:38,3,0,0.0,2,0.968,159.032,160.0,1,B2067,pickup_service,Pickup,Pickup
13,98,Stay,2,2,2,2,658,663,16:38,16:43,5,0,0.0,5,0.0,160.0,160.0,1,B2067,parking_charging,Position,Movement
13,99,Movement,2,5,2,5,663,671,16:43,16:51,8,8,27.57,0,0.0,160.0,132.43,1,B2067,passenger_flight,Position,Delivery
13,100,Delivery,5,5,5,5,671,674,16:51,16:54,3,0,0.0,2,8.534,132.43,140.964,0,B2067,delivery_service,Delivery,Delivery
13,101,Stay,5,5,5,5,674,680,16:54,17:00,6,0,0.0,6,19.036,140.964,160.0,0,B2347,parking_charging,Position,Movement
13,102,Movement,5,3,5,3,680,688,17:00,17:08,8,8,23.93,0,0.0,160.0,136.07,0,B2347,empty_repositioning,Position,Pickup
13,103,Pickup,3,3,3,3,688,691,17:08,17:11,3,0,0.0,2,8.534,136.07,144.604,1,B2347,pickup_service,Pickup,Pickup
13,104,Pickup,3,3,3,3,691,694,17:11,17:14,3,0,0.0,2,8.534,144.604,153.138,3,B2367,pickup_service,Pickup,Pickup
13,105,Movement,3,5,3,5,694,702,17:14,17:22,8,8,23.93,0,0.0,153.138,129.208,3,B2347,passenger_flight,Position,Delivery
13,106,Delivery,5,5,5,5,702,705,17:22,17:25,3,0,0.0,2,8.534,129.208,137.742,2,B2347,delivery_service,Delivery,Delivery
13,107,Delivery,5,5,5,5,705,708,17:25,17:28,3,0,0.0,2,8.534,137.742,146.276,0,B2367,delivery_service,Delivery,Delivery
13,108,Movement,5,2,5,2,708,716,17:28,17:36,8,8,27.57,0,0.0,146.276,118.706,0,B2603,empty_repositioning,Position,Pickup
13,109,Pickup,2,2,2,2,716,719,17:36,17:39,3,0,0.0,2,8.534,118.706,127.24,2,B2603,pickup_service,Pickup,Pickup
13,110,Movement,2,1,2,1,719,726,17:39,17:46,7,7,13.61,0,0.0,127.24,113.63,2,B2603,passenger_flight,Position,Delivery
13,111,Delivery,1,1,1,1,726,729,17:46,17:49,3,0,0.0,2,8.534,113.63,122.164,0,B2603,delivery_service,Delivery,Delivery
13,112,Movement,1,3,1,3,729,735,17:49,17:55,6,6,9.61,0,0.0,122.164,112.554,0,B2837,empty_repositioning,Position,Pickup
13,113,Pickup,3,3,3,3,735,738,17:55,17:58,3,0,0.0,2,8.534,112.554,121.088,2,B2837,pickup_service,Pickup,Pickup
13,114,Movement,3,1,3,1,738,744,17:58,18:04,6,6,9.61,0,0.0,121.088,111.478,2,B2837,passenger_flight,Position,Delivery
13,115,Delivery,1,1,1,1,744,747,18:04,18:07,3,0,0.0,2,8.534,111.478,120.012,0,B2837,delivery_service,Delivery,Delivery
13,116,Pickup,1,1,1,1,747,750,18:07,18:10,3,0,0.0,2,8.534,120.012,128.546,1,B2962,pickup_service,Pickup,Pickup
13,117,Pickup,1,1,1,1,750,753,18:10,18:13,3,0,0.0,2,8.534,128.546,137.08,3,B2985,pickup_service,Pickup,Pickup
13,118,Movement,1,3,1,3,753,759,18:13,18:19,6,6,9.61,0,0.0,137.08,127.47,3,B2962,passenger_flight,Position,Delivery
13,119,Delivery,3,3,3,3,759,762,18:19,18:22,3,0,0.0,2,8.534,127.47,136.004,2,B2962,delivery_service,Delivery,Delivery
13,120,Delivery,3,3,3,3,762,765,18:22,18:25,3,0,0.0,2,8.534,136.004,144.538,0,B2985,delivery_service,Delivery,Delivery
13,121,Pickup,3,3,3,3,765,768,18:25,18:28,3,0,0.0,2,8.534,144.538,153.072,1,B3079,pickup_service,Pickup,Pickup
13,122,Movement,3,4,3,4,768,775,18:28,18:35,7,7,12.6,0,0.0,153.072,140.472,1,B3079,passenger_flight,Position,Delivery
13,123,Delivery,4,4,4,4,775,778,18:35,18:38,3,0,0.0,2,8.534,140.472,149.006,0,B3079,delivery_service,Delivery,Delivery
13,124,Stay,4,4,4,4,778,784,18:38,18:44,6,0,0.0,6,10.994,149.006,160.0,0,B3197,parking_charging,Position,Pickup
13,125,Pickup,4,4,4,4,784,787,18:44,18:47,3,0,0.0,2,0.0,160.0,160.0,2,B3197,pickup_service,Pickup,Pickup
13,126,Movement,4,2,4,2,787,793,18:47,18:53,6,6,16.13,0,0.0,160.0,143.87,2,B3197,passenger_flight,Position,Delivery
13,127,Delivery,2,2,2,2,793,796,18:53,18:56,3,0,0.0,2,8.534,143.87,152.404,0,B3197,delivery_service,Delivery,Delivery
13,128,Pickup,2,2,2,2,796,799,18:56,18:59,3,0,0.0,2,7.596,152.404,160.0,2,B3231,pickup_service,Pickup,Pickup
13,129,Movement,2,5,2,5,799,807,18:59,19:07,8,8,27.57,0,0.0,160.0,132.43,2,B3231,passenger_flight,Position,Delivery
13,130,Delivery,5,5,5,5,807,810,19:07,19:10,3,0,0.0,2,8.534,132.43,140.964,0,B3231,delivery_service,Delivery,Delivery
14,0,Stay,5,5,5,5,0,43,05:40,06:23,43,0,0.0,43,0.0,160.0,160.0,0,B23,parking_charging,Position,Movement
14,1,Movement,5,6,5,6,43,50,06:23,06:30,7,7,12.76,0,0.0,160.0,147.24,0,B23,empty_repositioning,Position,Pickup
14,2,Pickup,6,6,6,6,50,53,06:30,06:33,3,0,0.0,2,8.534,147.24,155.774,1,B23,pickup_service,Pickup,Pickup
14,3,Stay,6,6,6,6,53,54,06:33,06:34,1,0,0.0,1,4.226,155.774,160.0,1,B27,parking_charging,Position,Pickup
14,4,Pickup,6,6,6,6,54,57,06:34,06:37,3,0,0.0,2,0.0,160.0,160.0,2,B27,pickup_service,Pickup,Pickup
14,5,Movement,6,7,6,7,57,69,06:37,06:49,12,12,43.48,0,0.0,160.0,116.52,2,B23,passenger_flight,Position,Delivery
14,6,Delivery,7,7,7,7,69,72,06:49,06:52,3,0,0.0,2,8.534,116.52,125.054,1,B23,delivery_service,Delivery,Delivery
14,7,Delivery,7,7,7,7,72,75,06:52,06:55,3,0,0.0,2,8.534,125.054,133.588,0,B27,delivery_service,Delivery,Delivery
14,8,Stay,7,7,7,7,75,111,06:55,07:31,36,0,0.0,36,26.412,133.588,160.0,0,B87,parking_charging,Position,Pickup
14,9,Pickup,7,7,7,7,111,114,07:31,07:34,3,0,0.0,2,0.0,160.0,160.0,1,B87,pickup_service,Pickup,Pickup
14,10,Movement,7,4,7,4,114,121,07:34,07:41,7,7,21.43,0,0.0,160.0,138.57,1,B87,passenger_flight,Position,Delivery
14,11,Delivery,4,4,4,4,121,124,07:41,07:44,3,0,0.0,2,8.534,138.57,147.104,0,B87,delivery_service,Delivery,Delivery
14,12,Stay,4,4,4,4,124,147,07:44,08:07,23,0,0.0,23,12.896,147.104,160.0,0,B183,parking_charging,Position,Movement
14,13,Movement,4,6,4,6,147,154,08:07,08:14,7,7,22.06,0,0.0,160.0,137.94,0,B183,empty_repositioning,Position,Pickup
14,14,Pickup,6,6,6,6,154,157,08:14,08:17,3,0,0.0,2,8.534,137.94,146.474,1,B183,pickup_service,Pickup,Pickup
14,15,Pickup,6,6,6,6,157,160,08:17,08:20,3,0,0.0,2,8.534,146.474,155.008,3,B187,pickup_service,Pickup,Pickup
14,16,Movement,6,7,6,7,160,172,08:20,08:32,12,12,43.48,0,0.0,155.008,111.528,3,B183,passenger_flight,Position,Delivery
14,17,Delivery,7,7,7,7,172,175,08:32,08:35,3,0,0.0,2,8.534,111.528,120.062,2,B183,delivery_service,Delivery,Delivery
14,18,Delivery,7,7,7,7,175,178,08:35,08:38,3,0,0.0,2,8.534,120.062,128.596,0,B187,delivery_service,Delivery,Delivery
14,19,Pickup,7,7,7,7,178,181,08:38,08:41,3,0,0.0,2,8.534,128.596,137.13,1,B280,pickup_service,Pickup,Pickup
14,20,Movement,7,4,7,4,181,188,08:41,08:48,7,7,21.43,0,0.0,137.13,115.7,1,B280,passenger_flight,Position,Delivery
14,21,Delivery,4,4,4,4,188,191,08:48,08:51,3,0,0.0,2,8.534,115.7,124.234,0,B280,delivery_service,Delivery,Delivery
14,22,Stay,4,4,4,4,191,192,08:51,08:52,1,0,0.0,1,4.267,124.234,128.501,0,B345,parking_charging,Position,Movement
14,23,Movement,4,2,4,2,192,198,08:52,08:58,6,6,16.13,0,0.0,128.501,112.371,0,B345,empty_repositioning,Position,Pickup
14,24,Pickup,2,2,2,2,198,201,08:58,09:01,3,0,0.0,2,8.534,112.371,120.905,1,B345,pickup_service,Pickup,Pickup
14,25,Stay,2,2,2,2,201,204,09:01,09:04,3,0,0.0,3,12.801,120.905,133.706,1,B345,parking_charging,Position,Movement
14,26,Movement,2,4,2,4,204,210,09:04,09:10,6,6,16.13,0,0.0,133.706,117.576,1,B345,passenger_flight,Position,Delivery
14,27,Delivery,4,4,4,4,210,213,09:10,09:13,3,0,0.0,2,8.534,117.576,126.11,0,B345,delivery_service,Delivery,Delivery
14,28,Stay,4,4,4,4,213,216,09:13,09:16,3,0,0.0,3,12.801,126.11,138.911,0,B394,parking_charging,Position,Pickup
14,29,Pickup,4,4,4,4,216,219,09:16,09:19,3,0,0.0,2,8.534,138.911,147.445,1,B394,pickup_service,Pickup,Pickup
14,30,Movement,4,7,4,7,219,226,09:19,09:26,7,7,21.43,0,0.0,147.445,126.015,1,B394,passenger_flight,Position,Delivery
14,31,Delivery,7,7,7,7,226,229,09:26,09:29,3,0,0.0,2,8.534,126.015,134.549,0,B394,delivery_service,Delivery,Delivery
14,32,Pickup,7,7,7,7,229,232,09:29,09:32,3,0,0.0,2,8.534,134.549,143.083,1,B418,pickup_service,Pickup,Pickup
14,33,Movement,7,4,7,4,232,239,09:32,09:39,7,7,21.43,0,0.0,143.083,121.653,1,B418,passenger_flight,Position,Delivery
14,34,Delivery,4,4,4,4,239,242,09:39,09:42,3,0,0.0,2,8.534,121.653,130.187,0,B418,delivery_service,Delivery,Delivery
14,35,Stay,4,4,4,4,242,320,09:42,11:00,78,0,0.0,78,29.813,130.187,160.0,0,B829,parking_charging,Position,Pickup
14,36,Pickup,4,4,4,4,320,323,11:00,11:03,3,0,0.0,2,0.0,160.0,160.0,1,B829,pickup_service,Pickup,Pickup
14,37,Pickup,4,4,4,4,323,326,11:03,11:06,3,0,0.0,2,0.0,160.0,160.0,3,B846,pickup_service,Pickup,Pickup
14,38,Movement,4,2,4,2,326,332,11:06,11:12,6,6,16.13,0,0.0,160.0,143.87,3,B829,passenger_flight,Position,Delivery
14,39,Delivery,2,2,2,2,332,335,11:12,11:15,3,0,0.0,2,8.534,143.87,152.404,2,B829,delivery_service,Delivery,Delivery
14,40,Delivery,2,2,2,2,335,338,11:15,11:18,3,0,0.0,2,7.596,152.404,160.0,0,B846,delivery_service,Delivery,Delivery
14,41,Stay,2,2,2,2,338,362,11:18,11:42,24,0,0.0,24,0.0,160.0,160.0,0,B1009,parking_charging,Position,Pickup
14,42,Pickup,2,2,2,2,362,365,11:42,11:45,3,0,0.0,2,0.0,160.0,160.0,2,B1009,pickup_service,Pickup,Pickup
14,43,Pickup,2,2,2,2,365,368,11:45,11:48,3,0,0.0,2,0.0,160.0,160.0,3,B1018,pickup_service,Pickup,Pickup
14,44,Movement,2,5,2,5,368,376,11:48,11:56,8,8,27.57,0,0.0,160.0,132.43,3,B1009,passenger_flight,Position,Delivery
14,45,Delivery,5,5,5,5,376,379,11:56,11:59,3,0,0.0,2,8.534,132.43,140.964,1,B1009,delivery_service,Delivery,Delivery
14,46,Delivery,5,5,5,5,379,382,11:59,12:02,3,0,0.0,2,8.534,140.964,149.498,0,B1018,delivery_service,Delivery,Delivery
14,47,Stay,5,5,5,5,382,397,12:02,12:17,15,0,0.0,15,10.502,149.498,160.0,0,B1106,parking_charging,Position,Pickup
14,48,Pickup,5,5,5,5,397,400,12:17,12:20,3,0,0.0,2,0.0,160.0,160.0,1,B1106,pickup_service,Pickup,Pickup
14,49,Movement,5,2,5,2,400,408,12:20,12:28,8,8,27.57,0,0.0,160.0,132.43,1,B1106,passenger_flight,Position,Delivery
14,50,Delivery,2,2,2,2,408,411,12:28,12:31,3,0,0.0,2,8.534,132.43,140.964,0,B1106,delivery_service,Delivery,Delivery
14,51,Pickup,2,2,2,2,411,414,12:31,12:34,3,0,0.0,2,8.534,140.964,149.498,1,B1138,pickup_service,Pickup,Pickup
14,52,Pickup,2,2,2,2,414,417,12:34,12:37,3,0,0.0,2,8.534,149.498,158.032,2,B1150,pickup_service,Pickup,Pickup
14,53,Movement,2,5,2,5,417,425,12:37,12:45,8,8,27.57,0,0.0,158.032,130.462,2,B1138,passenger_flight,Position,Delivery
14,54,Delivery,5,5,5,5,425,428,12:45,12:48,3,0,0.0,2,8.534,130.462,138.996,1,B1138,delivery_service,Delivery,Delivery
14,55,Delivery,5,5,5,5,428,431,12:48,12:51,3,0,0.0,2,8.534,138.996,147.53,0,B1150,delivery_service,Delivery,Delivery
14,56,Movement,5,3,5,3,431,439,12:51,12:59,8,8,23.93,0,0.0,147.53,123.6,0,B1206,empty_repositioning,Position,Pickup
14,57,Pickup,3,3,3,3,439,442,12:59,13:02,3,0,0.0,2,8.534,123.6,132.134,1,B1206,pickup_service,Pickup,Pickup
14,58,Movement,3,9,3,9,442,457,13:02,13:17,15,15,52.78,0,0.0,132.134,79.354,1,B1206,passenger_flight,Position,Delivery
14,59,Delivery,9,9,9,9,457,460,13:17,13:20,3,0,0.0,2,8.534,79.354,87.888,0,B1206,delivery_service,Delivery,Delivery
14,60,Stay,9,9,9,9,460,467,13:20,13:27,7,0,0.0,7,29.869,87.888,117.757,0,B1265,parking_charging,Position,Pickup
14,61,Pickup,9,9,9,9,467,470,13:27,13:30,3,0,0.0,2,8.534,117.757,126.291,1,B1265,pickup_service,Pickup,Pickup
14,62,Movement,9,4,9,4,470,485,13:30,13:45,15,15,55.47,0,0.0,126.291,70.821,1,B1265,passenger_flight,Position,Delivery
14,63,Delivery,4,4,4,4,485,488,13:45,13:48,3,0,0.0,2,8.534,70.821,79.355,0,B1265,delivery_service,Delivery,Delivery
14,64,Pickup,4,4,4,4,488,491,13:48,13:51,3,0,0.0,2,8.534,79.355,87.889,1,B1300,pickup_service,Pickup,Pickup
14,65,Movement,4,2,4,2,491,497,13:51,13:57,6,6,16.13,0,0.0,87.889,71.759,1,B1300,passenger_flight,Position,Delivery
14,66,Delivery,2,2,2,2,497,500,13:57,14:00,3,0,0.0,2,8.534,71.759,80.293,0,B1300,delivery_service,Delivery,Delivery
14,67,Stay,2,2,2,2,500,503,14:00,14:03,3,0,0.0,3,12.801,80.293,93.094,0,B1344,parking_charging,Position,Pickup
14,68,Pickup,2,2,2,2,503,506,14:03,14:06,3,0,0.0,2,8.534,93.094,101.628,1,B1344,pickup_service,Pickup,Pickup
14,69,Movement,2,4,2,4,506,512,14:06,14:12,6,6,16.13,0,0.0,101.628,85.498,1,B1344,passenger_flight,Position,Delivery
14,70,Delivery,4,4,4,4,512,515,14:12,14:15,3,0,0.0,2,8.534,85.498,94.032,0,B1344,delivery_service,Delivery,Delivery
14,71,Stay,4,4,4,4,515,529,14:15,14:29,14,0,0.0,14,59.738,94.032,153.77,0,B1462,parking_charging,Position,Pickup
14,72,Pickup,4,4,4,4,529,532,14:29,14:32,3,0,0.0,2,6.23,153.77,160.0,2,B1462,pickup_service,Pickup,Pickup
14,73,Movement,4,9,4,9,532,547,14:32,14:47,15,15,55.47,0,0.0,160.0,104.53,2,B1462,passenger_flight,Position,Delivery
14,74,Delivery,9,9,9,9,547,550,14:47,14:50,3,0,0.0,2,8.534,104.53,113.064,0,B1462,delivery_service,Delivery,Delivery
14,75,Stay,9,9,9,9,550,558,14:50,14:58,8,0,0.0,8,34.136,113.064,147.2,0,B1582,parking_charging,Position,Pickup
14,76,Pickup,9,9,9,9,558,561,14:58,15:01,3,0,0.0,2,8.534,147.2,155.734,1,B1582,pickup_service,Pickup,Pickup
14,77,Stay,9,9,9,9,561,567,15:01,15:07,6,0,0.0,6,4.266,155.734,160.0,1,B1582,parking_charging,Position,Movement
14,78,Movement,9,4,9,4,567,582,15:07,15:22,15,15,55.47,0,0.0,160.0,104.53,1,B1582,passenger_flight,Position,Delivery
14,79,Delivery,4,4,4,4,582,585,15:22,15:25,3,0,0.0,2,8.534,104.53,113.064,0,B1582,delivery_service,Delivery,Delivery
14,80,Stay,4,4,4,4,585,607,15:25,15:47,22,0,0.0,22,46.936,113.064,160.0,0,B1789,parking_charging,Position,Pickup
14,81,Pickup,4,4,4,4,607,610,15:47,15:50,3,0,0.0,2,0.0,160.0,160.0,1,B1789,pickup_service,Pickup,Pickup
14,82,Pickup,4,4,4,4,610,613,15:50,15:53,3,0,0.0,2,0.0,160.0,160.0,3,B1799,pickup_service,Pickup,Pickup
14,83,Movement,4,7,4,7,613,620,15:53,16:00,7,7,21.43,0,0.0,160.0,138.57,3,B1789,passenger_flight,Position,Delivery
14,84,Delivery,7,7,7,7,620,623,16:00,16:03,3,0,0.0,2,8.534,138.57,147.104,2,B1789,delivery_service,Delivery,Delivery
14,85,Delivery,7,7,7,7,623,626,16:03,16:06,3,0,0.0,2,8.534,147.104,155.638,0,B1799,delivery_service,Delivery,Delivery
14,86,Stay,7,7,7,7,626,627,16:06,16:07,1,0,0.0,1,4.267,155.638,159.905,0,B1893,parking_charging,Position,Pickup
14,87,Pickup,7,7,7,7,627,630,16:07,16:10,3,0,0.0,2,0.095,159.905,160.0,1,B1893,pickup_service,Pickup,Pickup
14,88,Pickup,7,7,7,7,630,633,16:10,16:13,3,0,0.0,2,0.0,160.0,160.0,3,B1906,pickup_service,Pickup,Pickup
14,89,Movement,7,4,7,4,633,640,16:13,16:20,7,7,21.43,0,0.0,160.0,138.57,3,B1893,passenger_flight,Position,Delivery
14,90,Delivery,4,4,4,4,640,643,16:20,16:23,3,0,0.0,2,8.534,138.57,147.104,2,B1893,delivery_service,Delivery,Delivery
14,91,Delivery,4,4,4,4,643,646,16:23,16:26,3,0,0.0,2,8.534,147.104,155.638,0,B1906,delivery_service,Delivery,Delivery
14,92,Stay,4,4,4,4,646,647,16:26,16:27,1,0,0.0,1,4.267,155.638,159.905,0,B2019,parking_charging,Position,Pickup
14,93,Pickup,4,4,4,4,647,650,16:27,16:30,3,0,0.0,2,0.095,159.905,160.0,1,B2019,pickup_service,Pickup,Pickup
14,94,Movement,4,2,4,2,650,656,16:30,16:36,6,6,16.13,0,0.0,160.0,143.87,1,B2019,passenger_flight,Position,Delivery
14,95,Delivery,2,2,2,2,656,659,16:36,16:39,3,0,0.0,2,8.534,143.87,152.404,0,B2019,delivery_service,Delivery,Delivery
14,96,Stay,2,2,2,2,659,662,16:39,16:42,3,0,0.0,3,7.596,152.404,160.0,0,B2118,parking_charging,Position,Pickup
14,97,Pickup,2,2,2,2,662,665,16:42,16:45,3,0,0.0,2,0.0,160.0,160.0,2,B2118,pickup_service,Pickup,Pickup
14,98,Movement,2,4,2,4,665,671,16:45,16:51,6,6,16.13,0,0.0,160.0,143.87,2,B2118,passenger_flight,Position,Delivery
14,99,Delivery,4,4,4,4,671,674,16:51,16:54,3,0,0.0,2,8.534,143.87,152.404,0,B2118,delivery_service,Delivery,Delivery
14,100,Stay,4,4,4,4,674,686,16:54,17:06,12,0,0.0,12,7.596,152.404,160.0,0,B2327,parking_charging,Position,Pickup
14,101,Pickup,4,4,4,4,686,689,17:06,17:09,3,0,0.0,2,0.0,160.0,160.0,3,B2327,pickup_service,Pickup,Pickup
14,102,Movement,4,2,4,2,689,695,17:09,17:15,6,6,16.13,0,0.0,160.0,143.87,3,B2327,passenger_flight,Position,Delivery
14,103,Delivery,2,2,2,2,695,698,17:15,17:18,3,0,0.0,2,8.534,143.87,152.404,0,B2327,delivery_service,Delivery,Delivery
14,104,Pickup,2,2,2,2,698,701,17:18,17:21,3,0,0.0,2,7.596,152.404,160.0,1,B2466,pickup_service,Pickup,Pickup
14,105,Stay,2,2,2,2,701,704,17:21,17:24,3,0,0.0,3,0.0,160.0,160.0,1,B2466,parking_charging,Position,Movement
14,106,Movement,2,4,2,4,704,710,17:24,17:30,6,6,16.13,0,0.0,160.0,143.87,1,B2466,passenger_flight,Position,Delivery
14,107,Delivery,4,4,4,4,710,713,17:30,17:33,3,0,0.0,2,8.534,143.87,152.404,0,B2466,delivery_service,Delivery,Delivery
14,108,Stay,4,4,4,4,713,724,17:33,17:44,11,0,0.0,11,7.596,152.404,160.0,0,B2745,parking_charging,Position,Pickup
14,109,Pickup,4,4,4,4,724,727,17:44,17:47,3,0,0.0,2,0.0,160.0,160.0,1,B2745,pickup_service,Pickup,Pickup
14,110,Stay,4,4,4,4,727,728,17:47,17:48,1,0,0.0,1,0.0,160.0,160.0,1,B2796,parking_charging,Position,Pickup
14,111,Pickup,4,4,4,4,728,731,17:48,17:51,3,0,0.0,2,0.0,160.0,160.0,3,B2796,pickup_service,Pickup,Pickup
14,112,Movement,4,3,4,3,731,738,17:51,17:58,7,7,12.6,0,0.0,160.0,147.4,3,B2745,passenger_flight,Position,Delivery
14,113,Delivery,3,3,3,3,738,741,17:58,18:01,3,0,0.0,2,8.534,147.4,155.934,2,B2745,delivery_service,Delivery,Delivery
14,114,Delivery,3,3,3,3,741,744,18:01,18:04,3,0,0.0,2,4.066,155.934,160.0,0,B2796,delivery_service,Delivery,Delivery
14,115,Stay,3,3,3,3,744,753,18:04,18:13,9,0,0.0,9,0.0,160.0,160.0,0,B3027,parking_charging,Position,Movement
14,116,Movement,3,2,3,2,753,756,18:13,18:16,3,3,4.08,0,0.0,160.0,155.92,0,B3027,empty_repositioning,Position,Pickup
14,117,Pickup,2,2,2,2,756,759,18:16,18:19,3,0,0.0,2,4.08,155.92,160.0,1,B3027,pickup_service,Pickup,Pickup
14,118,Pickup,2,2,2,2,759,762,18:19,18:22,3,0,0.0,2,0.0,160.0,160.0,3,B3022,pickup_service,Pickup,Pickup
14,119,Movement,2,5,2,5,762,770,18:22,18:30,8,8,27.57,0,0.0,160.0,132.43,3,B3027,passenger_flight,Position,Delivery
14,120,Delivery,5,5,5,5,770,773,18:30,18:33,3,0,0.0,2,8.534,132.43,140.964,2,B3027,delivery_service,Delivery,Delivery
14,121,Delivery,5,5,5,5,773,776,18:33,18:36,3,0,0.0,2,8.534,140.964,149.498,0,B3022,delivery_service,Delivery,Delivery
14,122,Stay,5,5,5,5,776,781,18:36,18:41,5,0,0.0,5,10.502,149.498,160.0,0,B3229,parking_charging,Position,Movement
14,123,Movement,5,1,5,1,781,789,18:41,18:49,8,8,14.88,0,0.0,160.0,145.12,0,B3229,empty_repositioning,Position,Pickup
14,124,Pickup,1,1,1,1,789,792,18:49,18:52,3,0,0.0,2,8.534,145.12,153.654,1,B3229,pickup_service,Pickup,Pickup
14,125,Stay,1,1,1,1,792,794,18:52,18:54,2,0,0.0,2,6.346,153.654,160.0,1,B3257,parking_charging,Position,Pickup
14,126,Pickup,1,1,1,1,794,797,18:54,18:57,3,0,0.0,2,0.0,160.0,160.0,3,B3257,pickup_service,Pickup,Pickup
14,127,Movement,1,3,1,3,797,803,18:57,19:03,6,6,9.61,0,0.0,160.0,150.39,3,B3229,passenger_flight,Position,Delivery
14,128,Delivery,3,3,3,3,803,806,19:03,19:06,3,0,0.0,2,8.534,150.39,158.924,2,B3229,delivery_service,Delivery,Delivery
14,129,Delivery,3,3,3,3,806,809,19:06,19:09,3,0,0.0,2,1.076,158.924,160.0,0,B3257,delivery_service,Delivery,Delivery
15,0,Stay,6,6,6,6,0,22,05:40,06:02,22,0,0.0,22,0.0,160.0,160.0,0,B1,parking_charging,Position,Pickup
15,1,Pickup,6,6,6,6,22,25,06:02,06:05,3,0,0.0,2,0.0,160.0,160.0,1,B1,pickup_service,Pickup,Pickup
15,2,Movement,6,2,6,2,25,36,06:05,06:16,11,11,37.0,0,0.0,160.0,123.0,1,B1,passenger_flight,Position,Delivery
15,3,Delivery,2,2,2,2,36,39,06:16,06:19,3,0,0.0,2,8.534,123.0,131.534,0,B1,delivery_service,Delivery,Delivery
15,4,Stay,2,2,2,2,39,108,06:19,07:28,69,0,0.0,69,28.466,131.534,160.0,0,B79,parking_charging,Position,Pickup
15,5,Pickup,2,2,2,2,108,111,07:28,07:31,3,0,0.0,2,0.0,160.0,160.0,2,B79,pickup_service,Pickup,Pickup
15,6,Movement,2,4,2,4,111,117,07:31,07:37,6,6,16.13,0,0.0,160.0,143.87,2,B79,passenger_flight,Position,Delivery
15,7,Delivery,4,4,4,4,117,120,07:37,07:40,3,0,0.0,2,8.534,143.87,152.404,0,B79,delivery_service,Delivery,Delivery
15,8,Stay,4,4,4,4,120,140,07:40,08:00,20,0,0.0,20,7.596,152.404,160.0,0,B139,parking_charging,Position,Movement
15,9,Movement,4,5,4,5,140,146,08:00,08:06,6,6,11.45,0,0.0,160.0,148.55,0,B139,empty_repositioning,Position,Pickup
15,10,Pickup,5,5,5,5,146,149,08:06,08:09,3,0,0.0,2,8.534,148.55,157.084,2,B139,pickup_service,Pickup,Pickup
15,11,Pickup,5,5,5,5,149,152,08:09,08:12,3,0,0.0,2,2.916,157.084,160.0,3,B158,pickup_service,Pickup,Pickup
15,12,Movement,5,3,5,3,152,160,08:12,08:20,8,8,23.93,0,0.0,160.0,136.07,3,B139,passenger_flight,Position,Delivery
15,13,Delivery,3,3,3,3,160,163,08:20,08:23,3,0,0.0,2,8.534,136.07,144.604,1,B139,delivery_service,Delivery,Delivery
15,14,Delivery,3,3,3,3,163,166,08:23,08:26,3,0,0.0,2,8.534,144.604,153.138,0,B158,delivery_service,Delivery,Delivery
15,15,Pickup,3,3,3,3,166,169,08:26,08:29,3,0,0.0,2,6.862,153.138,160.0,1,B229,pickup_service,Pickup,Pickup
15,16,Movement,3,1,3,1,169,175,08:29,08:35,6,6,9.61,0,0.0,160.0,150.39,1,B229,passenger_flight,Position,Delivery
15,17,Delivery,1,1,1,1,175,178,08:35,08:38,3,0,0.0,2,8.534,150.39,158.924,0,B229,delivery_service,Delivery,Delivery
15,18,Stay,1,1,1,1,178,180,08:38,08:40,2,0,0.0,2,1.076,158.924,160.0,0,B298,parking_charging,Position,Movement
15,19,Movement,1,3,1,3,180,186,08:40,08:46,6,6,9.61,0,0.0,160.0,150.39,0,B298,empty_repositioning,Position,Pickup
15,20,Pickup,3,3,3,3,186,189,08:46,08:49,3,0,0.0,2,8.534,150.39,158.924,1,B298,pickup_service,Pickup,Pickup
15,21,Movement,3,4,3,4,189,196,08:49,08:56,7,7,12.6,0,0.0,158.924,146.324,1,B298,passenger_flight,Position,Delivery
15,22,Delivery,4,4,4,4,196,199,08:56,08:59,3,0,0.0,2,8.534,146.324,154.858,0,B298,delivery_service,Delivery,Delivery
15,23,Stay,4,4,4,4,199,201,08:59,09:01,2,0,0.0,2,5.142,154.858,160.0,0,B359,parking_charging,Position,Pickup
15,24,Pickup,4,4,4,4,201,204,09:01,09:04,3,0,0.0,2,0.0,160.0,160.0,1,B359,pickup_service,Pickup,Pickup
15,25,Movement,4,2,4,2,204,210,09:04,09:10,6,6,16.13,0,0.0,160.0,143.87,1,B359,passenger_flight,Position,Delivery
15,26,Delivery,2,2,2,2,210,213,09:10,09:13,3,0,0.0,2,8.534,143.87,152.404,0,B359,delivery_service,Delivery,Delivery
15,27,Pickup,2,2,2,2,213,216,09:13,09:16,3,0,0.0,2,7.596,152.404,160.0,1,B384,pickup_service,Pickup,Pickup
15,28,Movement,2,4,2,4,216,222,09:16,09:22,6,6,16.13,0,0.0,160.0,143.87,1,B384,passenger_flight,Position,Delivery
15,29,Delivery,4,4,4,4,222,225,09:22,09:25,3,0,0.0,2,8.534,143.87,152.404,0,B384,delivery_service,Delivery,Delivery
15,30,Movement,4,2,4,2,225,231,09:25,09:31,6,6,16.13,0,0.0,152.404,136.274,0,B420,empty_repositioning,Position,Pickup
15,31,Pickup,2,2,2,2,231,234,09:31,09:34,3,0,0.0,2,8.534,136.274,144.808,1,B420,pickup_service,Pickup,Pickup
15,32,Movement,2,4,2,4,234,240,09:34,09:40,6,6,16.13,0,0.0,144.808,128.678,1,B420,passenger_flight,Position,Delivery
15,33,Delivery,4,4,4,4,240,243,09:40,09:43,3,0,0.0,2,8.534,128.678,137.212,0,B420,delivery_service,Delivery,Delivery
15,34,Stay,4,4,4,4,243,249,09:43,09:49,6,0,0.0,6,22.788,137.212,160.0,0,B483,parking_charging,Position,Movement
15,35,Movement,4,2,4,2,249,255,09:49,09:55,6,6,16.13,0,0.0,160.0,143.87,0,B483,empty_repositioning,Position,Pickup
15,36,Pickup,2,2,2,2,255,258,09:55,09:58,3,0,0.0,2,8.534,143.87,152.404,1,B483,pickup_service,Pickup,Pickup
15,37,Movement,2,4,2,4,258,264,09:58,10:04,6,6,16.13,0,0.0,152.404,136.274,1,B483,passenger_flight,Position,Delivery
15,38,Delivery,4,4,4,4,264,267,10:04,10:07,3,0,0.0,2,8.534,136.274,144.808,0,B483,delivery_service,Delivery,Delivery
15,39,Pickup,4,4,4,4,267,270,10:07,10:10,3,0,0.0,2,8.534,144.808,153.342,1,B520,pickup_service,Pickup,Pickup
15,40,Movement,4,3,4,3,270,277,10:10,10:17,7,7,12.6,0,0.0,153.342,140.742,1,B520,passenger_flight,Position,Delivery
15,41,Delivery,3,3,3,3,277,280,10:17,10:20,3,0,0.0,2,8.534,140.742,149.276,0,B520,delivery_service,Delivery,Delivery
15,42,Stay,3,3,3,3,280,285,10:20,10:25,5,0,0.0,5,10.724,149.276,160.0,0,B646,parking_charging,Position,Pickup
15,43,Pickup,3,3,3,3,285,288,10:25,10:28,3,0,0.0,2,0.0,160.0,160.0,1,B646,pickup_service,Pickup,Pickup
15,44,Stay,3,3,3,3,288,289,10:28,10:29,1,0,0.0,1,0.0,160.0,160.0,1,B664,parking_charging,Position,Pickup
15,45,Pickup,3,3,3,3,289,292,10:29,10:32,3,0,0.0,2,0.0,160.0,160.0,3,B664,pickup_service,Pickup,Pickup
15,46,Movement,3,5,3,5,292,300,10:32,10:40,8,8,23.93,0,0.0,160.0,136.07,3,B646,passenger_flight,Position,Delivery
15,47,Delivery,5,5,5,5,300,303,10:40,10:43,3,0,0.0,2,8.534,136.07,144.604,2,B646,delivery_service,Delivery,Delivery
15,48,Delivery,5,5,5,5,303,306,10:43,10:46,3,0,0.0,2,8.534,144.604,153.138,0,B664,delivery_service,Delivery,Delivery
15,49,Pickup,5,5,5,5,306,309,10:46,10:49,3,0,0.0,2,6.862,153.138,160.0,1,B731,pickup_service,Pickup,Pickup
15,50,Movement,5,1,5,1,309,317,10:49,10:57,8,8,14.88,0,0.0,160.0,145.12,1,B731,passenger_flight,Position,Delivery
15,51,Delivery,1,1,1,1,317,320,10:57,11:00,3,0,0.0,2,8.534,145.12,153.654,0,B731,delivery_service,Delivery,Delivery
15,52,Stay,1,1,1,1,320,336,11:00,11:16,16,0,0.0,16,6.346,153.654,160.0,0,B902,parking_charging,Position,Pickup
15,53,Pickup,1,1,1,1,336,339,11:16,11:19,3,0,0.0,2,0.0,160.0,160.0,1,B902,pickup_service,Pickup,Pickup
15,54,Movement,1,7,1,7,339,346,11:19,11:26,7,7,21.03,0,0.0,160.0,138.97,1,B902,passenger_flight,Position,Delivery
15,55,Delivery,7,7,7,7,346,349,11:26,11:29,3,0,0.0,2,8.534,138.97,147.504,0,B902,delivery_service,Delivery,Delivery
15,56,Pickup,7,7,7,7,349,352,11:29,11:32,3,0,0.0,2,8.534,147.504,156.038,1,B949,pickup_service,Pickup,Pickup
15,57,Movement,7,1,7,1,352,359,11:32,11:39,7,7,21.03,0,0.0,156.038,135.008,1,B949,passenger_flight,Position,Delivery
15,58,Delivery,1,1,1,1,359,362,11:39,11:42,3,0,0.0,2,8.534,135.008,143.542,0,B949,delivery_service,Delivery,Delivery
15,59,Stay,1,1,1,1,362,369,11:42,11:49,7,0,0.0,7,16.458,143.542,160.0,0,B1032,parking_charging,Position,Pickup
15,60,Pickup,1,1,1,1,369,372,11:49,11:52,3,0,0.0,2,0.0,160.0,160.0,1,B1032,pickup_service,Pickup,Pickup
15,61,Movement,1,7,1,7,372,379,11:52,11:59,7,7,21.03,0,0.0,160.0,138.97,1,B1032,passenger_flight,Position,Delivery
15,62,Delivery,7,7,7,7,379,382,11:59,12:02,3,0,0.0,2,8.534,138.97,147.504,0,B1032,delivery_service,Delivery,Delivery
15,63,Stay,7,7,7,7,382,397,12:02,12:17,15,0,0.0,15,12.496,147.504,160.0,0,B1107,parking_charging,Position,Pickup
15,64,Pickup,7,7,7,7,397,400,12:17,12:20,3,0,0.0,2,0.0,160.0,160.0,1,B1107,pickup_service,Pickup,Pickup
15,65,Movement,7,1,7,1,400,407,12:20,12:27,7,7,21.03,0,0.0,160.0,138.97,1,B1107,passenger_flight,Position,Delivery
15,66,Delivery,1,1,1,1,407,410,12:27,12:30,3,0,0.0,2,8.534,138.97,147.504,0,B1107,delivery_service,Delivery,Delivery
15,67,Stay,1,1,1,1,410,439,12:30,12:59,29,0,0.0,29,12.496,147.504,160.0,0,B1211,parking_charging,Position,Pickup
15,68,Pickup,1,1,1,1,439,442,12:59,13:02,3,0,0.0,2,0.0,160.0,160.0,1,B1211,pickup_service,Pickup,Pickup
15,69,Movement,1,2,1,2,442,449,13:02,13:09,7,7,13.61,0,0.0,160.0,146.39,1,B1211,passenger_flight,Position,Delivery
15,70,Delivery,2,2,2,2,449,452,13:09,13:12,3,0,0.0,2,8.534,146.39,154.924,0,B1211,delivery_service,Delivery,Delivery
15,71,Stay,2,2,2,2,452,459,13:12,13:19,7,0,0.0,7,5.076,154.924,160.0,0,B1247,parking_charging,Position,Pickup
15,72,Pickup,2,2,2,2,459,462,13:19,13:22,3,0,0.0,2,0.0,160.0,160.0,1,B1247,pickup_service,Pickup,Pickup
15,73,Movement,2,5,2,5,462,470,13:22,13:30,8,8,27.57,0,0.0,160.0,132.43,1,B1247,passenger_flight,Position,Delivery
15,74,Delivery,5,5,5,5,470,473,13:30,13:33,3,0,0.0,2,8.534,132.43,140.964,0,B1247,delivery_service,Delivery,Delivery
15,75,Stay,5,5,5,5,473,489,13:33,13:49,16,0,0.0,16,19.036,140.964,160.0,0,B1324,parking_charging,Position,Movement
15,76,Movement,5,4,5,4,489,495,13:49,13:55,6,6,11.45,0,0.0,160.0,148.55,0,B1324,empty_repositioning,Position,Pickup
15,77,Pickup,4,4,4,4,495,498,13:55,13:58,3,0,0.0,2,8.534,148.55,157.084,1,B1324,pickup_service,Pickup,Pickup
15,78,Movement,4,7,4,7,498,505,13:58,14:05,7,7,21.43,0,0.0,157.084,135.654,1,B1324,passenger_flight,Position,Delivery
15,79,Delivery,7,7,7,7,505,508,14:05,14:08,3,0,0.0,2,8.534,135.654,144.188,0,B1324,delivery_service,Delivery,Delivery
15,80,Stay,7,7,7,7,508,512,14:08,14:12,4,0,0.0,4,15.812,144.188,160.0,0,B1386,parking_charging,Position,Pickup
15,81,Pickup,7,7,7,7,512,515,14:12,14:15,3,0,0.0,2,0.0,160.0,160.0,1,B1386,pickup_service,Pickup,Pickup
15,82,Stay,7,7,7,7,515,516,14:15,14:16,1,0,0.0,1,0.0,160.0,160.0,1,B1404,parking_charging,Position,Pickup
15,83,Pickup,7,7,7,7,516,519,14:16,14:19,3,0,0.0,2,0.0,160.0,160.0,3,B1404,pickup_service,Pickup,Pickup
15,84,Movement,7,4,7,4,519,526,14:19,14:26,7,7,21.43,0,0.0,160.0,138.57,3,B1386,passenger_flight,Position,Delivery
15,85,Delivery,4,4,4,4,526,529,14:26,14:29,3,0,0.0,2,8.534,138.57,147.104,2,B1386,delivery_service,Delivery,Delivery
15,86,Delivery,4,4,4,4,529,532,14:29,14:32,3,0,0.0,2,8.534,147.104,155.638,0,B1404,delivery_service,Delivery,Delivery
15,87,Pickup,4,4,4,4,532,535,14:32,14:35,3,0,0.0,2,4.362,155.638,160.0,1,B1460,pickup_service,Pickup,Pickup
15,88,Movement,4,2,4,2,535,541,14:35,14:41,6,6,16.13,0,0.0,160.0,143.87,1,B1460,passenger_flight,Position,Delivery
15,89,Delivery,2,2,2,2,541,544,14:41,14:44,3,0,0.0,2,8.534,143.87,152.404,0,B1460,delivery_service,Delivery,Delivery
15,90,Stay,2,2,2,2,544,547,14:44,14:47,3,0,0.0,3,7.596,152.404,160.0,0,B1536,parking_charging,Position,Pickup
15,91,Pickup,2,2,2,2,547,550,14:47,14:50,3,0,0.0,2,0.0,160.0,160.0,3,B1536,pickup_service,Pickup,Pickup
15,92,Movement,2,5,2,5,550,558,14:50,14:58,8,8,27.57,0,0.0,160.0,132.43,3,B1536,passenger_flight,Position,Delivery
15,93,Delivery,5,5,5,5,558,561,14:58,15:01,3,0,0.0,2,8.534,132.43,140.964,0,B1536,delivery_service,Delivery,Delivery
15,94,Stay,5,5,5,5,561,583,15:01,15:23,22,0,0.0,22,19.036,140.964,160.0,0,B1702,parking_charging,Position,Movement
15,95,Movement,5,4,5,4,583,589,15:23,15:29,6,6,11.45,0,0.0,160.0,148.55,0,B1702,empty_repositioning,Position,Pickup
15,96,Pickup,4,4,4,4,589,592,15:29,15:32,3,0,0.0,2,8.534,148.55,157.084,1,B1702,pickup_service,Pickup,Pickup
15,97,Movement,4,7,4,7,592,599,15:32,15:39,7,7,21.43,0,0.0,157.084,135.654,1,B1702,passenger_flight,Position,Delivery
15,98,Delivery,7,7,7,7,599,602,15:39,15:42,3,0,0.0,2,8.534,135.654,144.188,0,B1702,delivery_service,Delivery,Delivery
15,99,Stay,7,7,7,7,602,640,15:42,16:20,38,0,0.0,38,15.812,144.188,160.0,0,B1984,parking_charging,Position,Pickup
15,100,Pickup,7,7,7,7,640,643,16:20,16:23,3,0,0.0,2,0.0,160.0,160.0,2,B1984,pickup_service,Pickup,Pickup
15,101,Pickup,7,7,7,7,643,646,16:23,16:26,3,0,0.0,2,0.0,160.0,160.0,3,B1996,pickup_service,Pickup,Pickup
15,102,Movement,7,4,7,4,646,653,16:26,16:33,7,7,21.43,0,0.0,160.0,138.57,3,B1984,passenger_flight,Position,Delivery
15,103,Delivery,4,4,4,4,653,656,16:33,16:36,3,0,0.0,2,8.534,138.57,147.104,1,B1984,delivery_service,Delivery,Delivery
15,104,Delivery,4,4,4,4,656,659,16:36,16:39,3,0,0.0,2,8.534,147.104,155.638,0,B1996,delivery_service,Delivery,Delivery
15,105,Stay,4,4,4,4,659,660,16:39,16:40,1,0,0.0,1,4.267,155.638,159.905,0,B2107,parking_charging,Position,Pickup
15,106,Pickup,4,4,4,4,660,663,16:40,16:43,3,0,0.0,2,0.095,159.905,160.0,1,B2107,pickup_service,Pickup,Pickup
15,107,Movement,4,2,4,2,663,669,16:43,16:49,6,6,16.13,0,0.0,160.0,143.87,1,B2171,passenger_flight,Position,Pickup
15,108,Pickup,2,2,2,2,669,672,16:49,16:52,3,0,0.0,2,8.534,143.87,152.404,2,B2171,pickup_service,Pickup,Pickup
15,109,Delivery,2,2,2,2,672,675,16:52,16:55,3,0,0.0,2,7.596,152.404,160.0,1,B2107,delivery_service,Delivery,Delivery
15,110,Movement,2,4,2,4,675,681,16:55,17:01,6,6,16.13,0,0.0,160.0,143.87,1,B2171,passenger_flight,Position,Delivery
15,111,Delivery,4,4,4,4,681,684,17:01,17:04,3,0,0.0,2,8.534,143.87,152.404,0,B2171,delivery_service,Delivery,Delivery
15,112,Movement,4,7,4,7,684,691,17:04,17:11,7,7,21.43,0,0.0,152.404,130.974,0,B2349,empty_repositioning,Position,Pickup
15,113,Pickup,7,7,7,7,691,694,17:11,17:14,3,0,0.0,2,8.534,130.974,139.508,2,B2349,pickup_service,Pickup,Pickup
15,114,Movement,7,4,7,4,694,701,17:14,17:21,7,7,21.43,0,0.0,139.508,118.078,2,B2349,passenger_flight,Position,Delivery
15,115,Delivery,4,4,4,4,701,704,17:21,17:24,3,0,0.0,2,8.534,118.078,126.612,0,B2349,delivery_service,Delivery,Delivery
15,116,Movement,4,2,4,2,704,710,17:24,17:30,6,6,16.13,0,0.0,126.612,110.482,0,B2533,empty_repositioning,Position,Pickup
15,117,Pickup,2,2,2,2,710,713,17:30,17:33,3,0,0.0,2,8.534,110.482,119.016,2,B2533,pickup_service,Pickup,Pickup
15,118,Movement,2,4,2,4,713,719,17:33,17:39,6,6,16.13,0,0.0,119.016,102.886,2,B2533,passenger_flight,Position,Delivery
15,119,Delivery,4,4,4,4,719,722,17:39,17:42,3,0,0.0,2,8.534,102.886,111.42,0,B2533,delivery_service,Delivery,Delivery
15,120,Stay,4,4,4,4,722,723,17:42,17:43,1,0,0.0,1,4.267,111.42,115.687,0,B2737,parking_charging,Position,Pickup
15,121,Pickup,4,4,4,4,723,726,17:43,17:46,3,0,0.0,2,8.534,115.687,124.221,1,B2737,pickup_service,Pickup,Pickup
15,122,Pickup,4,4,4,4,726,729,17:46,17:49,3,0,0.0,2,8.534,124.221,132.755,3,B2758,pickup_service,Pickup,Pickup
15,123,Movement,4,2,4,2,729,735,17:49,17:55,6,6,16.13,0,0.0,132.755,116.625,3,B2737,passenger_flight,Position,Delivery
15,124,Delivery,2,2,2,2,735,738,17:55,17:58,3,0,0.0,2,8.534,116.625,125.159,2,B2737,delivery_service,Delivery,Delivery
15,125,Delivery,2,2,2,2,738,741,17:58,18:01,3,0,0.0,2,8.534,125.159,133.693,0,B2758,delivery_service,Delivery,Delivery
15,126,Pickup,2,2,2,2,741,744,18:01,18:04,3,0,0.0,2,8.534,133.693,142.227,1,B2883,pickup_service,Pickup,Pickup
15,127,Movement,2,4,2,4,744,750,18:04,18:10,6,6,16.13,0,0.0,142.227,126.097,1,B2883,passenger_flight,Position,Delivery
15,128,Delivery,4,4,4,4,750,753,18:10,18:13,3,0,0.0,2,8.534,126.097,134.631,0,B2883,delivery_service,Delivery,Delivery
15,129,Pickup,4,4,4,4,753,756,18:13,18:16,3,0,0.0,2,8.534,134.631,143.165,1,B2987,pickup_service,Pickup,Pickup
15,130,Movement,4,7,4,7,756,763,18:16,18:23,7,7,21.43,0,0.0,143.165,121.735,1,B2987,passenger_flight,Position,Delivery
15,131,Delivery,7,7,7,7,763,766,18:23,18:26,3,0,0.0,2,8.534,121.735,130.269,0,B2987,delivery_service,Delivery,Delivery
15,132,Stay,7,7,7,7,766,767,18:26,18:27,1,0,0.0,1,4.267,130.269,134.536,0,B3138,parking_charging,Position,Movement
15,133,Movement,7,1,7,1,767,774,18:27,18:34,7,7,21.03,0,0.0,134.536,113.506,0,B3138,empty_repositioning,Position,Pickup
15,134,Pickup,1,1,1,1,774,777,18:34,18:37,3,0,0.0,2,8.534,113.506,122.04,2,B3138,pickup_service,Pickup,Pickup
15,135,Movement,1,7,1,7,777,784,18:37,18:44,7,7,21.03,0,0.0,122.04,101.01,2,B3138,passenger_flight,Position,Delivery
15,136,Delivery,7,7,7,7,784,787,18:44,18:47,3,0,0.0,2,8.534,101.01,109.544,0,B3138,delivery_service,Delivery,Delivery
15,137,Movement,7,8,7,8,787,794,18:47,18:54,7,7,22.2,0,0.0,109.544,87.344,0,B3239,empty_repositioning,Position,Pickup
15,138,Pickup,8,8,8,8,794,797,18:54,18:57,3,0,0.0,2,8.534,87.344,95.878,2,B3239,pickup_service,Pickup,Pickup
15,139,Movement,8,6,8,6,797,814,18:57,19:14,17,17,60.41,0,0.0,95.878,35.468,2,B3239,passenger_flight,Position,Delivery
15,140,Delivery,6,6,6,6,814,817,19:14,19:17,3,0,0.0,2,8.534,35.468,44.002,0,B3239,delivery_service,Delivery,Delivery
16,0,Stay,7,7,7,7,0,123,05:40,07:43,123,0,0.0,123,0.0,160.0,160.0,0,B103,parking_charging,Position,Pickup
16,1,Pickup,7,7,7,7,123,126,07:43,07:46,3,0,0.0,2,0.0,160.0,160.0,1,B103,pickup_service,Pickup,Pickup
16,2,Movement,7,4,7,4,126,133,07:46,07:53,7,7,21.43,0,0.0,160.0,138.57,1,B103,passenger_flight,Position,Delivery
16,3,Delivery,4,4,4,4,133,136,07:53,07:56,3,0,0.0,2,8.534,138.57,147.104,0,B103,delivery_service,Delivery,Delivery
16,4,Stay,4,4,4,4,136,140,07:56,08:00,4,0,0.0,4,12.896,147.104,160.0,0,B144,parking_charging,Position,Movement
16,5,Movement,4,5,4,5,140,146,08:00,08:06,6,6,11.45,0,0.0,160.0,148.55,0,B144,empty_repositioning,Position,Pickup
16,6,Pickup,5,5,5,5,146,149,08:06,08:09,3,0,0.0,2,8.534,148.55,157.084,2,B144,pickup_service,Pickup,Pickup
16,7,Movement,5,3,5,3,149,157,08:09,08:17,8,8,23.93,0,0.0,157.084,133.154,2,B144,passenger_flight,Position,Delivery
16,8,Delivery,3,3,3,3,157,160,08:17,08:20,3,0,0.0,2,8.534,133.154,141.688,0,B144,delivery_service,Delivery,Delivery
16,9,Pickup,3,3,3,3,160,163,08:20,08:23,3,0,0.0,2,8.534,141.688,150.222,1,B206,pickup_service,Pickup,Pickup
16,10,Pickup,3,3,3,3,163,166,08:23,08:26,3,0,0.0,2,8.534,150.222,158.756,2,B225,pickup_service,Pickup,Pickup
16,11,Movement,3,4,3,4,166,173,08:26,08:33,7,7,12.6,0,0.0,158.756,146.156,2,B206,passenger_flight,Position,Delivery
16,12,Delivery,4,4,4,4,173,176,08:33,08:36,3,0,0.0,2,8.534,146.156,154.69,1,B206,delivery_service,Delivery,Delivery
16,13,Delivery,4,4,4,4,176,179,08:36,08:39,3,0,0.0,2,5.31,154.69,160.0,0,B225,delivery_service,Delivery,Delivery
16,14,Stay,4,4,4,4,179,180,08:39,08:40,1,0,0.0,1,0.0,160.0,160.0,0,B289,parking_charging,Position,Movement
16,15,Movement,4,5,4,5,180,186,08:40,08:46,6,6,11.45,0,0.0,160.0,148.55,0,B289,empty_repositioning,Position,Pickup
16,16,Pickup,5,5,5,5,186,189,08:46,08:49,3,0,0.0,2,8.534,148.55,157.084,2,B289,pickup_service,Pickup,Pickup
16,17,Movement,5,2,5,2,189,197,08:49,08:57,8,8,27.57,0,0.0,157.084,129.514,2,B289,passenger_flight,Position,Delivery
16,18,Delivery,2,2,2,2,197,200,08:57,09:00,3,0,0.0,2,8.534,129.514,138.048,0,B289,delivery_service,Delivery,Delivery
16,19,Stay,2,2,2,2,200,205,09:00,09:05,5,0,0.0,5,21.335,138.048,159.383,0,B365,parking_charging,Position,Pickup
16,20,Pickup,2,2,2,2,205,208,09:05,09:08,3,0,0.0,2,0.617,159.383,160.0,2,B365,pickup_service,Pickup,Pickup
16,21,Movement,2,4,2,4,208,214,09:08,09:14,6,6,16.13,0,0.0,160.0,143.87,2,B365,passenger_flight,Position,Delivery
16,22,Delivery,4,4,4,4,214,217,09:14,09:17,3,0,0.0,2,8.534,143.87,152.404,0,B365,delivery_service,Delivery,Delivery
16,23,Stay,4,4,4,4,217,220,09:17,09:20,3,0,0.0,3,7.596,152.404,160.0,0,B405,parking_charging,Position,Movement
16,24,Movement,4,2,4,2,220,226,09:20,09:26,6,6,16.13,0,0.0,160.0,143.87,0,B405,empty_repositioning,Position,Pickup
16,25,Pickup,2,2,2,2,226,229,09:26,09:29,3,0,0.0,2,8.534,143.87,152.404,1,B405,pickup_service,Pickup,Pickup
16,26,Movement,2,1,2,1,229,236,09:29,09:36,7,7,13.61,0,0.0,152.404,138.794,1,B405,passenger_flight,Position,Delivery
16,27,Delivery,1,1,1,1,236,239,09:36,09:39,3,0,0.0,2,8.534,138.794,147.328,0,B405,delivery_service,Delivery,Delivery
16,28,Stay,1,1,1,1,239,244,09:39,09:44,5,0,0.0,5,12.672,147.328,160.0,0,B475,parking_charging,Position,Movement
16,29,Movement,1,6,1,6,244,251,09:44,09:51,7,7,23.39,0,0.0,160.0,136.61,0,B475,empty_repositioning,Position,Pickup
16,30,Pickup,6,6,6,6,251,254,09:51,09:54,3,0,0.0,2,8.534,136.61,145.144,1,B475,pickup_service,Pickup,Pickup
16,31,Movement,6,1,6,1,254,261,09:54,10:01,7,7,23.39,0,0.0,145.144,121.754,1,B475,passenger_flight,Position,Delivery
16,32,Delivery,1,1,1,1,261,264,10:01,10:04,3,0,0.0,2,8.534,121.754,130.288,0,B475,delivery_service,Delivery,Delivery
16,33,Stay,1,1,1,1,264,267,10:04,10:07,3,0,0.0,3,12.801,130.288,143.089,0,B529,parking_charging,Position,Pickup
16,34,Pickup,1,1,1,1,267,270,10:07,10:10,3,0,0.0,2,8.534,143.089,151.623,1,B529,pickup_service,Pickup,Pickup
16,35,Stay,1,1,1,1,270,273,10:10,10:13,3,0,0.0,3,8.377,151.623,160.0,1,B529,parking_charging,Position,Movement
16,36,Movement,1,10,1,10,273,286,10:13,10:26,13,13,47.44,0,0.0,160.0,112.56,1,B529,passenger_flight,Position,Delivery
16,37,Delivery,10,10,10,10,286,289,10:26,10:29,3,0,0.0,2,8.534,112.56,121.094,0,B529,delivery_service,Delivery,Delivery
16,38,Stay,10,10,10,10,289,309,10:29,10:49,20,0,0.0,20,38.906,121.094,160.0,0,B779,parking_charging,Position,Pickup
16,39,Pickup,10,10,10,10,309,312,10:49,10:52,3,0,0.0,2,0.0,160.0,160.0,1,B779,pickup_service,Pickup,Pickup
16,40,Movement,10,6,10,6,312,323,10:52,11:03,11,11,35.74,0,0.0,160.0,124.26,1,B779,passenger_flight,Position,Delivery
16,41,Delivery,6,6,6,6,323,326,11:03,11:06,3,0,0.0,2,8.534,124.26,132.794,0,B779,delivery_service,Delivery,Delivery
16,42,Pickup,6,6,6,6,326,329,11:06,11:09,3,0,0.0,2,8.534,132.794,141.328,2,B852,pickup_service,Pickup,Pickup
16,43,Movement,6,7,6,7,329,341,11:09,11:21,12,12,43.48,0,0.0,141.328,97.848,2,B852,passenger_flight,Position,Delivery
16,44,Delivery,7,7,7,7,341,344,11:21,11:24,3,0,0.0,2,8.534,97.848,106.382,0,B852,delivery_service,Delivery,Delivery
16,45,Pickup,7,7,7,7,344,347,11:24,11:27,3,0,0.0,2,8.534,106.382,114.916,1,B941,pickup_service,Pickup,Pickup
16,46,Movement,7,1,7,1,347,354,11:27,11:34,7,7,21.03,0,0.0,114.916,93.886,1,B941,passenger_flight,Position,Delivery
16,47,Delivery,1,1,1,1,354,357,11:34,11:37,3,0,0.0,2,8.534,93.886,102.42,0,B941,delivery_service,Delivery,Delivery
16,48,Stay,1,1,1,1,357,374,11:37,11:54,17,0,0.0,17,57.58,102.42,160.0,0,B1048,parking_charging,Position,Pickup
16,49,Pickup,1,1,1,1,374,377,11:54,11:57,3,0,0.0,2,0.0,160.0,160.0,1,B1048,pickup_service,Pickup,Pickup
16,50,Movement,1,3,1,3,377,383,11:57,12:03,6,6,9.61,0,0.0,160.0,150.39,1,B1048,passenger_flight,Position,Delivery
16,51,Delivery,3,3,3,3,383,386,12:03,12:06,3,0,0.0,2,8.534,150.39,158.924,0,B1048,delivery_service,Delivery,Delivery
16,52,Stay,3,3,3,3,386,400,12:06,12:20,14,0,0.0,14,1.076,158.924,160.0,0,B1113,parking_charging,Position,Pickup
16,53,Pickup,3,3,3,3,400,403,12:20,12:23,3,0,0.0,2,0.0,160.0,160.0,1,B1113,pickup_service,Pickup,Pickup
16,54,Movement,3,8,3,8,403,413,12:23,12:33,10,10,35.17,0,0.0,160.0,124.83,1,B1113,passenger_flight,Position,Delivery
16,55,Delivery,8,8,8,8,413,416,12:33,12:36,3,0,0.0,2,8.534,124.83,133.364,0,B1113,delivery_service,Delivery,Delivery
16,56,Stay,8,8,8,8,416,420,12:36,12:40,4,0,0.0,4,17.068,133.364,150.432,0,B1168,parking_charging,Position,Pickup
16,57,Pickup,8,8,8,8,420,423,12:40,12:43,3,0,0.0,2,8.534,150.432,158.966,1,B1168,pickup_service,Pickup,Pickup
16,58,Stay,8,8,8,8,423,424,12:43,12:44,1,0,0.0,1,1.034,158.966,160.0,1,B1180,parking_charging,Position,Pickup
16,59,Pickup,8,8,8,8,424,427,12:44,12:47,3,0,0.0,2,0.0,160.0,160.0,2,B1180,pickup_service,Pickup,Pickup
16,60,Movement,8,3,8,3,427,437,12:47,12:57,10,10,35.17,0,0.0,160.0,124.83,2,B1168,passenger_flight,Position,Delivery
16,61,Delivery,3,3,3,3,437,440,12:57,13:00,3,0,0.0,2,8.534,124.83,133.364,1,B1168,delivery_service,Delivery,Delivery
16,62,Delivery,3,3,3,3,440,443,13:00,13:03,3,0,0.0,2,8.534,133.364,141.898,0,B1180,delivery_service,Delivery,Delivery
16,63,Stay,3,3,3,3,443,468,13:03,13:28,25,0,0.0,25,18.102,141.898,160.0,0,B1267,parking_charging,Position,Pickup
16,64,Pickup,3,3,3,3,468,471,13:28,13:31,3,0,0.0,2,0.0,160.0,160.0,1,B1267,pickup_service,Pickup,Pickup
16,65,Movement,3,6,3,6,471,481,13:31,13:41,10,10,32.98,0,0.0,160.0,127.02,1,B1267,passenger_flight,Position,Delivery
16,66,Delivery,6,6,6,6,481,484,13:41,13:44,3,0,0.0,2,8.534,127.02,135.554,0,B1267,delivery_service,Delivery,Delivery
16,67,Stay,6,6,6,6,484,487,13:44,13:47,3,0,0.0,3,12.801,135.554,148.355,0,B1302,parking_charging,Position,Pickup
16,68,Pickup,6,6,6,6,487,490,13:47,13:50,3,0,0.0,2,8.534,148.355,156.889,1,B1302,pickup_service,Pickup,Pickup
16,69,Movement,6,1,6,1,490,497,13:50,13:57,7,7,23.39,0,0.0,156.889,133.499,1,B1302,passenger_flight,Position,Delivery
16,70,Delivery,1,1,1,1,497,500,13:57,14:00,3,0,0.0,2,8.534,133.499,142.033,0,B1302,delivery_service,Delivery,Delivery
16,71,Stay,1,1,1,1,500,505,14:00,14:05,5,0,0.0,5,17.967,142.033,160.0,0,B1351,parking_charging,Position,Pickup
16,72,Pickup,1,1,1,1,505,508,14:05,14:08,3,0,0.0,2,0.0,160.0,160.0,2,B1351,pickup_service,Pickup,Pickup
16,73,Movement,1,7,1,7,508,515,14:08,14:15,7,7,21.03,0,0.0,160.0,138.97,2,B1351,passenger_flight,Position,Delivery
16,74,Delivery,7,7,7,7,515,518,14:15,14:18,3,0,0.0,2,8.534,138.97,147.504,0,B1351,delivery_service,Delivery,Delivery
16,75,Stay,7,7,7,7,518,525,14:18,14:25,7,0,0.0,7,12.496,147.504,160.0,0,B1442,parking_charging,Position,Pickup
16,76,Pickup,7,7,7,7,525,528,14:25,14:28,3,0,0.0,2,0.0,160.0,160.0,1,B1442,pickup_service,Pickup,Pickup
16,77,Movement,7,1,7,1,528,535,14:28,14:35,7,7,21.03,0,0.0,160.0,138.97,1,B1442,passenger_flight,Position,Delivery
16,78,Delivery,1,1,1,1,535,538,14:35,14:38,3,0,0.0,2,8.534,138.97,147.504,0,B1442,delivery_service,Delivery,Delivery
16,79,Stay,1,1,1,1,538,547,14:38,14:47,9,0,0.0,9,12.496,147.504,160.0,0,B1534,parking_charging,Position,Pickup
16,80,Pickup,1,1,1,1,547,550,14:47,14:50,3,0,0.0,2,0.0,160.0,160.0,1,B1534,pickup_service,Pickup,Pickup
16,81,Pickup,1,1,1,1,550,553,14:50,14:53,3,0,0.0,2,0.0,160.0,160.0,2,B1543,pickup_service,Pickup,Pickup
16,82,Movement,1,2,1,2,553,560,14:53,15:00,7,7,13.61,0,0.0,160.0,146.39,2,B1534,passenger_flight,Position,Delivery
16,83,Delivery,2,2,2,2,560,563,15:00,15:03,3,0,0.0,2,8.534,146.39,154.924,1,B1534,delivery_service,Delivery,Delivery
16,84,Delivery,2,2,2,2,563,566,15:03,15:06,3,0,0.0,2,5.076,154.924,160.0,0,B1543,delivery_service,Delivery,Delivery
16,85,Pickup,2,2,2,2,566,569,15:06,15:09,3,0,0.0,2,0.0,160.0,160.0,2,B1616,pickup_service,Pickup,Pickup
16,86,Movement,2,5,2,5,569,577,15:09,15:17,8,8,27.57,0,0.0,160.0,132.43,2,B1616,passenger_flight,Position,Delivery
16,87,Delivery,5,5,5,5,577,580,15:17,15:20,3,0,0.0,2,8.534,132.43,140.964,0,B1616,delivery_service,Delivery,Delivery
16,88,Movement,5,6,5,6,580,587,15:20,15:27,7,7,12.76,0,0.0,140.964,128.204,0,B1687,empty_repositioning,Position,Pickup
16,89,Pickup,6,6,6,6,587,590,15:27,15:30,3,0,0.0,2,8.534,128.204,136.738,1,B1687,pickup_service,Pickup,Pickup
16,90,Pickup,6,6,6,6,590,593,15:30,15:33,3,0,0.0,2,8.534,136.738,145.272,2,B1703,pickup_service,Pickup,Pickup
16,91,Movement,6,7,6,7,593,605,15:33,15:45,12,12,43.48,0,0.0,145.272,101.792,2,B1687,passenger_flight,Position,Delivery
16,92,Delivery,7,7,7,7,605,608,15:45,15:48,3,0,0.0,2,8.534,101.792,110.326,1,B1687,delivery_service,Delivery,Delivery
16,93,Delivery,7,7,7,7,608,611,15:48,15:51,3,0,0.0,2,8.534,110.326,118.86,0,B1703,delivery_service,Delivery,Delivery
16,94,Stay,7,7,7,7,611,641,15:51,16:21,30,0,0.0,30,41.14,118.86,160.0,0,B1991,parking_charging,Position,Pickup
16,95,Pickup,7,7,7,7,641,644,16:21,16:24,3,0,0.0,2,0.0,160.0,160.0,1,B1991,pickup_service,Pickup,Pickup
16,96,Pickup,7,7,7,7,644,647,16:24,16:27,3,0,0.0,2,0.0,160.0,160.0,3,B2008,pickup_service,Pickup,Pickup
16,97,Movement,7,4,7,4,647,654,16:27,16:34,7,7,21.43,0,0.0,160.0,138.57,3,B1991,passenger_flight,Position,Delivery
16,98,Delivery,4,4,4,4,654,657,16:34,16:37,3,0,0.0,2,8.534,138.57,147.104,2,B1991,delivery_service,Delivery,Delivery
16,99,Delivery,4,4,4,4,657,660,16:37,16:40,3,0,0.0,2,8.534,147.104,155.638,0,B2008,delivery_service,Delivery,Delivery
16,100,Stay,4,4,4,4,660,664,16:40,16:44,4,0,0.0,4,4.362,155.638,160.0,0,B2140,parking_charging,Position,Pickup
16,101,Pickup,4,4,4,4,664,667,16:44,16:47,3,0,0.0,2,0.0,160.0,160.0,1,B2140,pickup_service,Pickup,Pickup
16,102,Stay,4,4,4,4,667,668,16:47,16:48,1,0,0.0,1,0.0,160.0,160.0,1,B2174,parking_charging,Position,Pickup
16,103,Pickup,4,4,4,4,668,671,16:48,16:51,3,0,0.0,2,0.0,160.0,160.0,3,B2174,pickup_service,Pickup,Pickup
16,104,Movement,4,2,4,2,671,677,16:51,16:57,6,6,16.13,0,0.0,160.0,143.87,3,B2140,passenger_flight,Position,Delivery
16,105,Delivery,2,2,2,2,677,680,16:57,17:00,3,0,0.0,2,8.534,143.87,152.404,2,B2140,delivery_service,Delivery,Delivery
16,106,Delivery,2,2,2,2,680,683,17:00,17:03,3,0,0.0,2,7.596,152.404,160.0,0,B2174,delivery_service,Delivery,Delivery
16,107,Pickup,2,2,2,2,683,686,17:03,17:06,3,0,0.0,2,0.0,160.0,160.0,2,B2296,pickup_service,Pickup,Pickup
16,108,Movement,2,1,2,1,686,693,17:06,17:13,7,7,13.61,0,0.0,160.0,146.39,2,B2296,passenger_flight,Position,Delivery
16,109,Delivery,1,1,1,1,693,696,17:13,17:16,3,0,0.0,2,8.534,146.39,154.924,0,B2296,delivery_service,Delivery,Delivery
16,110,Stay,1,1,1,1,696,700,17:16,17:20,4,0,0.0,4,5.076,154.924,160.0,0,B2472,parking_charging,Position,Pickup
16,111,Pickup,1,1,1,1,700,703,17:20,17:23,3,0,0.0,2,0.0,160.0,160.0,3,B2472,pickup_service,Pickup,Pickup
16,112,Movement,1,5,1,5,703,711,17:23,17:31,8,8,14.88,0,0.0,160.0,145.12,3,B2472,passenger_flight,Position,Delivery
16,113,Delivery,5,5,5,5,711,714,17:31,17:34,3,0,0.0,2,8.534,145.12,153.654,0,B2472,delivery_service,Delivery,Delivery
16,114,Stay,5,5,5,5,714,720,17:34,17:40,6,0,0.0,6,6.346,153.654,160.0,0,B2743,parking_charging,Position,Movement
16,115,Movement,5,3,5,3,720,728,17:40,17:48,8,8,23.93,0,0.0,160.0,136.07,0,B2743,empty_repositioning,Position,Pickup
16,116,Pickup,3,3,3,3,728,731,17:48,17:51,3,0,0.0,2,8.534,136.07,144.604,2,B2743,pickup_service,Pickup,Pickup
16,117,Movement,3,5,3,5,731,739,17:51,17:59,8,8,23.93,0,0.0,144.604,120.674,2,B2743,passenger_flight,Position,Delivery
16,118,Delivery,5,5,5,5,739,742,17:59,18:02,3,0,0.0,2,8.534,120.674,129.208,0,B2743,delivery_service,Delivery,Delivery
16,119,Movement,5,4,5,4,742,748,18:02,18:08,6,6,11.45,0,0.0,129.208,117.758,0,B2944,empty_repositioning,Position,Pickup
16,120,Pickup,4,4,4,4,748,751,18:08,18:11,3,0,0.0,2,8.534,117.758,126.292,1,B2944,pickup_service,Pickup,Pickup
16,121,Movement,4,2,4,2,751,757,18:11,18:17,6,6,16.13,0,0.0,126.292,110.162,1,B2944,passenger_flight,Position,Delivery
16,122,Delivery,2,2,2,2,757,760,18:17,18:20,3,0,0.0,2,8.534,110.162,118.696,0,B2944,delivery_service,Delivery,Delivery
16,123,Pickup,2,2,2,2,760,763,18:20,18:23,3,0,0.0,2,8.534,118.696,127.23,1,B3049,pickup_service,Pickup,Pickup
16,124,Pickup,2,2,2,2,763,766,18:23,18:26,3,0,0.0,2,8.534,127.23,135.764,2,B3064,pickup_service,Pickup,Pickup
16,125,Movement,2,4,2,4,766,772,18:26,18:32,6,6,16.13,0,0.0,135.764,119.634,2,B3049,passenger_flight,Position,Delivery
16,126,Delivery,4,4,4,4,772,775,18:32,18:35,3,0,0.0,2,8.534,119.634,128.168,1,B3049,delivery_service,Delivery,Delivery
16,127,Delivery,4,4,4,4,775,778,18:35,18:38,3,0,0.0,2,8.534,128.168,136.702,0,B3064,delivery_service,Delivery,Delivery
16,128,Pickup,4,4,4,4,778,781,18:38,18:41,3,0,0.0,2,8.534,136.702,145.236,2,B3142,pickup_service,Pickup,Pickup
16,129,Movement,4,2,4,2,781,787,18:41,18:47,6,6,16.13,0,0.0,145.236,129.106,2,B3142,passenger_flight,Position,Delivery
16,130,Delivery,2,2,2,2,787,790,18:47,18:50,3,0,0.0,2,8.534,129.106,137.64,0,B3142,delivery_service,Delivery,Delivery
16,131,Pickup,2,2,2,2,790,793,18:50,18:53,3,0,0.0,2,8.534,137.64,146.174,3,B3189,pickup_service,Pickup,Pickup
16,132,Movement,2,5,2,5,793,801,18:53,19:01,8,8,27.57,0,0.0,146.174,118.604,3,B3189,passenger_flight,Position,Delivery
16,133,Delivery,5,5,5,5,801,804,19:01,19:04,3,0,0.0,2,8.534,118.604,127.138,0,B3189,delivery_service,Delivery,Delivery
17,0,Stay,8,8,8,8,0,82,05:40,07:02,82,0,0.0,82,0.0,160.0,160.0,0,B51,parking_charging,Position,Pickup
17,1,Pickup,8,8,8,8,82,85,07:02,07:05,3,0,0.0,2,0.0,160.0,160.0,1,B51,pickup_service,Pickup,Pickup
17,2,Movement,8,2,8,2,85,95,07:05,07:15,10,10,32.38,0,0.0,160.0,127.62,1,B51,passenger_flight,Position,Delivery
17,3,Delivery,2,2,2,2,95,98,07:15,07:18,3,0,0.0,2,8.534,127.62,136.154,0,B51,delivery_service,Delivery,Delivery
17,4,Stay,2,2,2,2,98,101,07:18,07:21,3,0,0.0,3,12.801,136.154,148.955,0,B74,parking_charging,Position,Pickup
17,5,Pickup,2,2,2,2,101,104,07:21,07:24,3,0,0.0,2,8.534,148.955,157.489,1,B74,pickup_service,Pickup,Pickup
17,6,Movement,2,4,2,4,104,110,07:24,07:30,6,6,16.13,0,0.0,157.489,141.359,1,B74,passenger_flight,Position,Delivery
17,7,Delivery,4,4,4,4,110,113,07:30,07:33,3,0,0.0,2,8.534,141.359,149.893,0,B74,delivery_service,Delivery,Delivery
17,8,Stay,4,4,4,4,113,120,07:33,07:40,7,0,0.0,7,10.107,149.893,160.0,0,B108,parking_charging,Position,Movement
17,9,Movement,4,6,4,6,120,127,07:40,07:47,7,7,22.06,0,0.0,160.0,137.94,0,B108,empty_repositioning,Position,Pickup
17,10,Pickup,6,6,6,6,127,130,07:47,07:50,3,0,0.0,2,8.534,137.94,146.474,1,B108,pickup_service,Pickup,Pickup
17,11,Pickup,6,6,6,6,130,133,07:50,07:53,3,0,0.0,2,8.534,146.474,155.008,2,B111,pickup_service,Pickup,Pickup
17,12,Movement,6,7,6,7,133,145,07:53,08:05,12,12,43.48,0,0.0,155.008,111.528,2,B111,passenger_flight,Position,Delivery
17,13,Delivery,7,7,7,7,145,148,08:05,08:08,3,0,0.0,2,8.534,111.528,120.062,1,B111,delivery_service,Delivery,Delivery
17,14,Delivery,7,7,7,7,148,151,08:08,08:11,3,0,0.0,2,8.534,120.062,128.596,0,B108,delivery_service,Delivery,Delivery
17,15,Stay,7,7,7,7,151,154,08:11,08:14,3,0,0.0,3,12.801,128.596,141.397,0,B184,parking_charging,Position,Pickup
17,16,Pickup,7,7,7,7,154,157,08:14,08:17,3,0,0.0,2,8.534,141.397,149.931,2,B184,pickup_service,Pickup,Pickup
17,17,Pickup,7,7,7,7,157,160,08:17,08:20,3,0,0.0,2,8.534,149.931,158.465,3,B198,pickup_service,Pickup,Pickup
17,18,Movement,7,4,7,4,160,167,08:20,08:27,7,7,21.43,0,0.0,158.465,137.035,3,B184,passenger_flight,Position,Delivery
17,19,Delivery,4,4,4,4,167,170,08:27,08:30,3,0,0.0,2,8.534,137.035,145.569,1,B184,delivery_service,Delivery,Delivery
17,20,Delivery,4,4,4,4,170,173,08:30,08:33,3,0,0.0,2,8.534,145.569,154.103,0,B198,delivery_service,Delivery,Delivery
17,21,Stay,4,4,4,4,173,180,08:33,08:40,7,0,0.0,7,5.897,154.103,160.0,0,B297,parking_charging,Position,Movement
17,22,Movement,4,2,4,2,180,186,08:40,08:46,6,6,16.13,0,0.0,160.0,143.87,0,B297,empty_repositioning,Position,Pickup
17,23,Pickup,2,2,2,2,186,189,08:46,08:49,3,0,0.0,2,8.534,143.87,152.404,1,B297,pickup_service,Pickup,Pickup
17,24,Movement,2,4,2,4,189,195,08:49,08:55,6,6,16.13,0,0.0,152.404,136.274,1,B297,passenger_flight,Position,Delivery
17,25,Delivery,4,4,4,4,195,198,08:55,08:58,3,0,0.0,2,8.534,136.274,144.808,0,B297,delivery_service,Delivery,Delivery
17,26,Stay,4,4,4,4,198,205,08:58,09:05,7,0,0.0,7,15.192,144.808,160.0,0,B368,parking_charging,Position,Pickup
17,27,Pickup,4,4,4,4,205,208,09:05,09:08,3,0,0.0,2,0.0,160.0,160.0,1,B368,pickup_service,Pickup,Pickup
17,28,Movement,4,2,4,2,208,214,09:08,09:14,6,6,16.13,0,0.0,160.0,143.87,1,B368,passenger_flight,Position,Delivery
17,29,Delivery,2,2,2,2,214,217,09:14,09:17,3,0,0.0,2,8.534,143.87,152.404,0,B368,delivery_service,Delivery,Delivery
17,30,Pickup,2,2,2,2,217,220,09:17,09:20,3,0,0.0,2,7.596,152.404,160.0,1,B388,pickup_service,Pickup,Pickup
17,31,Movement,2,4,2,4,220,226,09:20,09:26,6,6,16.13,0,0.0,160.0,143.87,1,B388,passenger_flight,Position,Delivery
17,32,Delivery,4,4,4,4,226,229,09:26,09:29,3,0,0.0,2,8.534,143.87,152.404,0,B388,delivery_service,Delivery,Delivery
17,33,Movement,4,2,4,2,229,235,09:29,09:35,6,6,16.13,0,0.0,152.404,136.274,0,B437,empty_repositioning,Position,Pickup
17,34,Pickup,2,2,2,2,235,238,09:35,09:38,3,0,0.0,2,8.534,136.274,144.808,1,B437,pickup_service,Pickup,Pickup
17,35,Pickup,2,2,2,2,238,241,09:38,09:41,3,0,0.0,2,8.534,144.808,153.342,2,B443,pickup_service,Pickup,Pickup
17,36,Movement,2,4,2,4,241,247,09:41,09:47,6,6,16.13,0,0.0,153.342,137.212,2,B437,passenger_flight,Position,Delivery
17,37,Delivery,4,4,4,4,247,250,09:47,09:50,3,0,0.0,2,8.534,137.212,145.746,1,B437,delivery_service,Delivery,Delivery
17,38,Delivery,4,4,4,4,250,253,09:50,09:53,3,0,0.0,2,8.534,145.746,154.28,0,B443,delivery_service,Delivery,Delivery
17,39,Stay,4,4,4,4,253,260,09:53,10:00,7,0,0.0,7,5.72,154.28,160.0,0,B496,parking_charging,Position,Pickup
17,40,Pickup,4,4,4,4,260,263,10:00,10:03,3,0,0.0,2,0.0,160.0,160.0,1,B496,pickup_service,Pickup,Pickup
17,41,Movement,4,3,4,3,263,270,10:03,10:10,7,7,12.6,0,0.0,160.0,147.4,1,B496,passenger_flight,Position,Delivery
17,42,Delivery,3,3,3,3,270,273,10:10,10:13,3,0,0.0,2,8.534,147.4,155.934,0,B496,delivery_service,Delivery,Delivery
17,43,Stay,3,3,3,3,273,275,10:13,10:15,2,0,0.0,2,4.066,155.934,160.0,0,B588,parking_charging,Position,Pickup
17,44,Pickup,3,3,3,3,275,278,10:15,10:18,3,0,0.0,2,0.0,160.0,160.0,1,B588,pickup_service,Pickup,Pickup
17,45,Stay,3,3,3,3,278,281,10:18,10:21,3,0,0.0,3,0.0,160.0,160.0,1,B588,parking_charging,Position,Movement
17,46,Movement,3,5,3,5,281,289,10:21,10:29,8,8,23.93,0,0.0,160.0,136.07,1,B588,passenger_flight,Position,Delivery
17,47,Delivery,5,5,5,5,289,292,10:29,10:32,3,0,0.0,2,8.534,136.07,144.604,0,B588,delivery_service,Delivery,Delivery
17,48,Stay,5,5,5,5,292,297,10:32,10:37,5,0,0.0,5,15.396,144.604,160.0,0,B710,parking_charging,Position,Pickup
17,49,Pickup,5,5,5,5,297,300,10:37,10:40,3,0,0.0,2,0.0,160.0,160.0,2,B710,pickup_service,Pickup,Pickup
17,50,Movement,5,7,5,7,300,310,10:40,10:50,10,10,32.24,0,0.0,160.0,127.76,2,B710,passenger_flight,Position,Delivery
17,51,Delivery,7,7,7,7,310,313,10:50,10:53,3,0,0.0,2,8.534,127.76,136.294,0,B710,delivery_service,Delivery,Delivery
17,52,Stay,7,7,7,7,313,326,10:53,11:06,13,0,0.0,13,23.706,136.294,160.0,0,B867,parking_charging,Position,Pickup
17,53,Pickup,7,7,7,7,326,329,11:06,11:09,3,0,0.0,2,0.0,160.0,160.0,1,B867,pickup_service,Pickup,Pickup
17,54,Movement,7,4,7,4,329,336,11:09,11:16,7,7,21.43,0,0.0,160.0,138.57,1,B867,passenger_flight,Position,Delivery
17,55,Delivery,4,4,4,4,336,339,11:16,11:19,3,0,0.0,2,8.534,138.57,147.104,0,B867,delivery_service,Delivery,Delivery
17,56,Pickup,4,4,4,4,339,342,11:19,11:22,3,0,0.0,2,8.534,147.104,155.638,1,B911,pickup_service,Pickup,Pickup
17,57,Movement,4,7,4,7,342,349,11:22,11:29,7,7,21.43,0,0.0,155.638,134.208,1,B911,passenger_flight,Position,Delivery
17,58,Delivery,7,7,7,7,349,352,11:29,11:32,3,0,0.0,2,8.534,134.208,142.742,0,B911,delivery_service,Delivery,Delivery
17,59,Pickup,7,7,7,7,352,355,11:32,11:35,3,0,0.0,2,8.534,142.742,151.276,1,B973,pickup_service,Pickup,Pickup
17,60,Pickup,7,7,7,7,355,358,11:35,11:38,3,0,0.0,2,8.534,151.276,159.81,2,B992,pickup_service,Pickup,Pickup
17,61,Movement,7,4,7,4,358,365,11:38,11:45,7,7,21.43,0,0.0,159.81,138.38,2,B973,passenger_flight,Position,Delivery
17,62,Delivery,4,4,4,4,365,368,11:45,11:48,3,0,0.0,2,8.534,138.38,146.914,1,B973,delivery_service,Delivery,Delivery
17,63,Delivery,4,4,4,4,368,371,11:48,11:51,3,0,0.0,2,8.534,146.914,155.448,0,B992,delivery_service,Delivery,Delivery
17,64,Pickup,4,4,4,4,371,374,11:51,11:54,3,0,0.0,2,4.552,155.448,160.0,1,B1030,pickup_service,Pickup,Pickup
17,65,Movement,4,2,4,2,374,380,11:54,12:00,6,6,16.13,0,0.0,160.0,143.87,1,B1030,passenger_flight,Position,Delivery
17,66,Delivery,2,2,2,2,380,383,12:00,12:03,3,0,0.0,2,8.534,143.87,152.404,0,B1030,delivery_service,Delivery,Delivery
17,67,Pickup,2,2,2,2,383,386,12:03,12:06,3,0,0.0,2,7.596,152.404,160.0,1,B1067,pickup_service,Pickup,Pickup
17,68,Movement,2,5,2,5,386,394,12:06,12:14,8,8,27.57,0,0.0,160.0,132.43,1,B1067,passenger_flight,Position,Delivery
17,69,Delivery,5,5,5,5,394,397,12:14,12:17,3,0,0.0,2,8.534,132.43,140.964,0,B1067,delivery_service,Delivery,Delivery
17,70,Stay,5,5,5,5,397,400,12:17,12:20,3,0,0.0,3,12.801,140.964,153.765,0,B1128,parking_charging,Position,Movement
17,71,Movement,5,7,5,7,400,410,12:20,12:30,10,10,32.24,0,0.0,153.765,121.525,0,B1128,empty_repositioning,Position,Pickup
17,72,Pickup,7,7,7,7,410,413,12:30,12:33,3,0,0.0,2,8.534,121.525,130.059,1,B1128,pickup_service,Pickup,Pickup
17,73,Movement,7,5,7,5,413,423,12:33,12:43,10,10,32.24,0,0.0,130.059,97.819,1,B1128,passenger_flight,Position,Delivery
17,74,Delivery,5,5,5,5,423,426,12:43,12:46,3,0,0.0,2,8.534,97.819,106.353,0,B1128,delivery_service,Delivery,Delivery
17,75,Pickup,5,5,5,5,426,429,12:46,12:49,3,0,0.0,2,8.534,106.353,114.887,1,B1179,pickup_service,Pickup,Pickup
17,76,Movement,5,10,5,10,429,439,12:49,12:59,10,10,33.52,0,0.0,114.887,81.367,1,B1179,passenger_flight,Position,Delivery
17,77,Delivery,10,10,10,10,439,442,12:59,13:02,3,0,0.0,2,8.534,81.367,89.901,0,B1179,delivery_service,Delivery,Delivery
17,78,Stay,10,10,10,10,442,446,13:02,13:06,4,0,0.0,4,17.068,89.901,106.969,0,B1227,parking_charging,Position,Pickup
17,79,Pickup,10,10,10,10,446,449,13:06,13:09,3,0,0.0,2,8.534,106.969,115.503,1,B1227,pickup_service,Pickup,Pickup
17,80,Movement,10,5,10,5,449,459,13:09,13:19,10,10,33.52,0,0.0,115.503,81.983,1,B1227,passenger_flight,Position,Delivery
17,81,Delivery,5,5,5,5,459,462,13:19,13:22,3,0,0.0,2,8.534,81.983,90.517,0,B1227,delivery_service,Delivery,Delivery
17,82,Movement,5,4,5,4,462,468,13:22,13:28,6,6,11.45,0,0.0,90.517,79.067,0,B1262,empty_repositioning,Position,Pickup
17,83,Pickup,4,4,4,4,468,471,13:28,13:31,3,0,0.0,2,8.534,79.067,87.601,1,B1262,pickup_service,Pickup,Pickup
17,84,Stay,4,4,4,4,471,474,13:31,13:34,3,0,0.0,3,12.801,87.601,100.402,1,B1262,parking_charging,Position,Movement
17,85,Movement,4,9,4,9,474,489,13:34,13:49,15,15,55.47,0,0.0,100.402,44.932,1,B1262,passenger_flight,Position,Delivery
17,86,Delivery,9,9,9,9,489,492,13:49,13:52,3,0,0.0,2,8.534,44.932,53.466,0,B1262,delivery_service,Delivery,Delivery
17,87,Stay,9,9,9,9,492,510,13:52,14:10,18,0,0.0,18,76.806,53.466,130.272,0,B1376,parking_charging,Position,Pickup
17,88,Pickup,9,9,9,9,510,513,14:10,14:13,3,0,0.0,2,8.534,130.272,138.806,1,B1376,pickup_service,Pickup,Pickup
17,89,Stay,9,9,9,9,513,514,14:13,14:14,1,0,0.0,1,4.267,138.806,143.073,1,B1395,parking_charging,Position,Pickup
17,90,Pickup,9,9,9,9,514,517,14:14,14:17,3,0,0.0,2,8.534,143.073,151.607,2,B1395,pickup_service,Pickup,Pickup
17,91,Movement,9,4,9,4,517,532,14:17,14:32,15,15,55.47,0,0.0,151.607,96.137,2,B1376,passenger_flight,Position,Delivery
17,92,Delivery,4,4,4,4,532,535,14:32,14:35,3,0,0.0,2,8.534,96.137,104.671,1,B1376,delivery_service,Delivery,Delivery
17,93,Movement,4,1,4,1,535,539,14:35,14:39,4,4,4.98,0,0.0,104.671,99.691,1,B1395,passenger_flight,Position,Delivery
17,94,Delivery,1,1,1,1,539,542,14:39,14:42,3,0,0.0,2,8.534,99.691,108.225,0,B1395,delivery_service,Delivery,Delivery
17,95,Stay,1,1,1,1,542,550,14:42,14:50,8,0,0.0,8,34.136,108.225,142.361,0,B1546,parking_charging,Position,Pickup
17,96,Pickup,1,1,1,1,550,553,14:50,14:53,3,0,0.0,2,8.534,142.361,150.895,1,B1546,pickup_service,Pickup,Pickup
17,97,Stay,1,1,1,1,553,554,14:53,14:54,1,0,0.0,1,4.267,150.895,155.162,1,B1563,parking_charging,Position,Pickup
17,98,Pickup,1,1,1,1,554,557,14:54,14:57,3,0,0.0,2,4.838,155.162,160.0,2,B1563,pickup_service,Pickup,Pickup
17,99,Movement,1,2,1,2,557,564,14:57,15:04,7,7,13.61,0,0.0,160.0,146.39,2,B1546,passenger_flight,Position,Delivery
17,100,Delivery,2,2,2,2,564,567,15:04,15:07,3,0,0.0,2,8.534,146.39,154.924,1,B1546,delivery_service,Delivery,Delivery
17,101,Delivery,2,2,2,2,567,570,15:07,15:10,3,0,0.0,2,5.076,154.924,160.0,0,B1563,delivery_service,Delivery,Delivery
17,102,Stay,2,2,2,2,570,571,15:10,15:11,1,0,0.0,1,0.0,160.0,160.0,0,B1636,parking_charging,Position,Pickup
17,103,Pickup,2,2,2,2,571,574,15:11,15:14,3,0,0.0,2,0.0,160.0,160.0,2,B1636,pickup_service,Pickup,Pickup
17,104,Movement,2,5,2,5,574,582,15:14,15:22,8,8,27.57,0,0.0,160.0,132.43,2,B1636,passenger_flight,Position,Delivery
17,105,Delivery,5,5,5,5,582,585,15:22,15:25,3,0,0.0,2,8.534,132.43,140.964,0,B1636,delivery_service,Delivery,Delivery
17,106,Stay,5,5,5,5,585,591,15:25,15:31,6,0,0.0,6,19.036,140.964,160.0,0,B1743,parking_charging,Position,Movement
17,107,Movement,5,4,5,4,591,597,15:31,15:37,6,6,11.45,0,0.0,160.0,148.55,0,B1743,empty_repositioning,Position,Pickup
17,108,Pickup,4,4,4,4,597,600,15:37,15:40,3,0,0.0,2,8.534,148.55,157.084,1,B1743,pickup_service,Pickup,Pickup
17,109,Movement,4,7,4,7,600,607,15:40,15:47,7,7,21.43,0,0.0,157.084,135.654,1,B1743,passenger_flight,Position,Delivery
17,110,Delivery,7,7,7,7,607,610,15:47,15:50,3,0,0.0,2,8.534,135.654,144.188,0,B1743,delivery_service,Delivery,Delivery
17,111,Pickup,7,7,7,7,610,613,15:50,15:53,3,0,0.0,2,8.534,144.188,152.722,1,B1793,pickup_service,Pickup,Pickup
17,112,Movement,7,1,7,1,613,620,15:53,16:00,7,7,21.03,0,0.0,152.722,131.692,1,B1793,passenger_flight,Position,Delivery
17,113,Delivery,1,1,1,1,620,623,16:00,16:03,3,0,0.0,2,8.534,131.692,140.226,0,B1793,delivery_service,Delivery,Delivery
17,114,Stay,1,1,1,1,623,638,16:03,16:18,15,0,0.0,15,19.774,140.226,160.0,0,B1969,parking_charging,Position,Pickup
17,115,Pickup,1,1,1,1,638,641,16:18,16:21,3,0,0.0,2,0.0,160.0,160.0,1,B1969,pickup_service,Pickup,Pickup
17,116,Stay,1,1,1,1,641,644,16:21,16:24,3,0,0.0,3,0.0,160.0,160.0,1,B1969,parking_charging,Position,Movement
17,117,Movement,1,6,1,6,644,651,16:24,16:31,7,7,23.39,0,0.0,160.0,136.61,1,B1969,passenger_flight,Position,Delivery
17,118,Delivery,6,6,6,6,651,654,16:31,16:34,3,0,0.0,2,8.534,136.61,145.144,0,B1969,delivery_service,Delivery,Delivery
17,119,Stay,6,6,6,6,654,660,16:34,16:40,6,0,0.0,6,14.856,145.144,160.0,0,B2150,parking_charging,Position,Movement
17,120,Movement,6,1,6,1,660,667,16:40,16:47,7,7,23.39,0,0.0,160.0,136.61,0,B2150,empty_repositioning,Position,Pickup
17,121,Pickup,1,1,1,1,667,670,16:47,16:50,3,0,0.0,2,8.534,136.61,145.144,1,B2150,pickup_service,Pickup,Pickup
17,122,Pickup,1,1,1,1,670,673,16:50,16:53,3,0,0.0,2,8.534,145.144,153.678,2,B2177,pickup_service,Pickup,Pickup
17,123,Movement,1,6,1,6,673,680,16:53,17:00,7,7,23.39,0,0.0,153.678,130.288,2,B2150,passenger_flight,Position,Delivery
17,124,Delivery,6,6,6,6,680,683,17:00,17:03,3,0,0.0,2,8.534,130.288,138.822,1,B2150,delivery_service,Delivery,Delivery
17,125,Delivery,6,6,6,6,683,686,17:03,17:06,3,0,0.0,2,8.534,138.822,147.356,0,B2177,delivery_service,Delivery,Delivery
17,126,Movement,6,1,6,1,686,693,17:06,17:13,7,7,23.39,0,0.0,147.356,123.966,0,B2353,empty_repositioning,Position,Pickup
17,127,Pickup,1,1,1,1,693,696,17:13,17:16,3,0,0.0,2,8.534,123.966,132.5,2,B2353,pickup_service,Pickup,Pickup
17,128,Movement,1,3,1,3,696,702,17:16,17:22,6,6,9.61,0,0.0,132.5,122.89,2,B2353,passenger_flight,Position,Delivery
17,129,Delivery,3,3,3,3,702,705,17:22,17:25,3,0,0.0,2,8.534,122.89,131.424,0,B2353,delivery_service,Delivery,Delivery
17,130,Stay,3,3,3,3,705,706,17:25,17:26,1,0,0.0,1,4.267,131.424,135.691,0,B2547,parking_charging,Position,Pickup
17,131,Pickup,3,3,3,3,706,709,17:26,17:29,3,0,0.0,2,8.534,135.691,144.225,3,B2547,pickup_service,Pickup,Pickup
17,132,Movement,3,4,3,4,709,716,17:29,17:36,7,7,12.6,0,0.0,144.225,131.625,3,B2547,passenger_flight,Position,Delivery
17,133,Delivery,4,4,4,4,716,719,17:36,17:39,3,0,0.0,2,8.534,131.625,140.159,0,B2547,delivery_service,Delivery,Delivery
17,134,Stay,4,4,4,4,719,724,17:39,17:44,5,0,0.0,5,19.841,140.159,160.0,0,B2746,parking_charging,Position,Pickup
17,135,Pickup,4,4,4,4,724,727,17:44,17:47,3,0,0.0,2,0.0,160.0,160.0,1,B2746,pickup_service,Pickup,Pickup
17,136,Stay,4,4,4,4,727,728,17:47,17:48,1,0,0.0,1,0.0,160.0,160.0,1,B2797,parking_charging,Position,Pickup
17,137,Pickup,4,4,4,4,728,731,17:48,17:51,3,0,0.0,2,0.0,160.0,160.0,3,B2797,pickup_service,Pickup,Pickup
17,138,Movement,4,7,4,7,731,738,17:51,17:58,7,7,21.43,0,0.0,160.0,138.57,3,B2746,passenger_flight,Position,Delivery
17,139,Delivery,7,7,7,7,738,741,17:58,18:01,3,0,0.0,2,8.534,138.57,147.104,2,B2746,delivery_service,Delivery,Delivery
17,140,Delivery,7,7,7,7,741,744,18:01,18:04,3,0,0.0,2,8.534,147.104,155.638,0,B2797,delivery_service,Delivery,Delivery
17,141,Stay,7,7,7,7,744,749,18:04,18:09,5,0,0.0,5,4.362,155.638,160.0,0,B2983,parking_charging,Position,Pickup
17,142,Pickup,7,7,7,7,749,752,18:09,18:12,3,0,0.0,2,0.0,160.0,160.0,1,B2983,pickup_service,Pickup,Pickup
17,143,Pickup,7,7,7,7,752,755,18:12,18:15,3,0,0.0,2,0.0,160.0,160.0,3,B2976,pickup_service,Pickup,Pickup
17,144,Movement,7,6,7,6,755,767,18:15,18:27,12,12,43.48,0,0.0,160.0,116.52,3,B2976,passenger_flight,Position,Delivery
17,145,Delivery,6,6,6,6,767,770,18:27,18:30,3,0,0.0,2,8.534,116.52,125.054,1,B2976,delivery_service,Delivery,Delivery
17,146,Delivery,6,6,6,6,770,773,18:30,18:33,3,0,0.0,2,8.534,125.054,133.588,0,B2983,delivery_service,Delivery,Delivery
17,147,Pickup,6,6,6,6,773,776,18:33,18:36,3,0,0.0,2,8.534,133.588,142.122,1,B3123,pickup_service,Pickup,Pickup
17,148,Movement,6,1,6,1,776,783,18:36,18:43,7,7,23.39,0,0.0,142.122,118.732,1,B3123,passenger_flight,Position,Delivery
17,149,Delivery,1,1,1,1,783,786,18:43,18:46,3,0,0.0,2,8.534,118.732,127.266,0,B3123,delivery_service,Delivery,Delivery
17,150,Pickup,1,1,1,1,786,789,18:46,18:49,3,0,0.0,2,8.534,127.266,135.8,2,B3182,pickup_service,Pickup,Pickup
17,151,Movement,1,3,1,3,789,795,18:49,18:55,6,6,9.61,0,0.0,135.8,126.19,2,B3182,passenger_flight,Position,Delivery
17,152,Delivery,3,3,3,3,795,798,18:55,18:58,3,0,0.0,2,8.534,126.19,134.724,0,B3182,delivery_service,Delivery,Delivery
17,153,Stay,3,3,3,3,798,800,18:58,19:00,2,0,0.0,2,8.534,134.724,143.258,0,B3306,parking_charging,Position,Movement
17,154,Movement,3,1,3,1,800,806,19:00,19:06,6,6,9.61,0,0.0,143.258,133.648,0,B3306,empty_repositioning,Position,Pickup
17,155,Pickup,1,1,1,1,806,809,19:06,19:09,3,0,0.0,2,8.534,133.648,142.182,1,B3306,pickup_service,Pickup,Pickup
17,156,Movement,1,6,1,6,809,816,19:09,19:16,7,7,23.39,0,0.0,142.182,118.792,1,B3306,passenger_flight,Position,Delivery
17,157,Delivery,6,6,6,6,816,819,19:16,19:19,3,0,0.0,2,8.534,118.792,127.326,0,B3306,delivery_service,Delivery,Delivery
18,0,Stay,9,9,9,9,0,126,05:40,07:46,126,0,0.0,126,0.0,160.0,160.0,0,B114,parking_charging,Position,Movement
18,1,Movement,9,8,9,8,126,132,07:46,07:52,6,6,18.04,0,0.0,160.0,141.96,0,B114,empty_repositioning,Position,Pickup
18,2,Pickup,8,8,8,8,132,135,07:52,07:55,3,0,0.0,2,8.534,141.96,150.494,1,B114,pickup_service,Pickup,Pickup
18,3,Movement,8,4,8,4,135,146,07:55,08:06,11,11,39.54,0,0.0,150.494,110.954,1,B114,passenger_flight,Position,Delivery
18,4,Delivery,4,4,4,4,146,149,08:06,08:09,3,0,0.0,2,8.534,110.954,119.488,0,B114,delivery_service,Delivery,Delivery
18,5,Movement,4,5,4,5,149,155,08:09,08:15,6,6,11.45,0,0.0,119.488,108.038,0,B170,empty_repositioning,Position,Pickup
18,6,Pickup,5,5,5,5,155,158,08:15,08:18,3,0,0.0,2,8.534,108.038,116.572,2,B170,pickup_service,Pickup,Pickup
18,7,Movement,5,3,5,3,158,166,08:18,08:26,8,8,23.93,0,0.0,116.572,92.642,2,B170,passenger_flight,Position,Delivery
18,8,Delivery,3,3,3,3,166,169,08:26,08:29,3,0,0.0,2,8.534,92.642,101.176,0,B170,delivery_service,Delivery,Delivery
18,9,Stay,3,3,3,3,169,170,08:29,08:30,1,0,0.0,1,4.267,101.176,105.443,0,B249,parking_charging,Position,Pickup
18,10,Pickup,3,3,3,3,170,173,08:30,08:33,3,0,0.0,2,8.534,105.443,113.977,1,B249,pickup_service,Pickup,Pickup
18,11,Movement,3,4,3,4,173,180,08:33,08:40,7,7,12.6,0,0.0,113.977,101.377,1,B249,passenger_flight,Position,Delivery
18,12,Delivery,4,4,4,4,180,183,08:40,08:43,3,0,0.0,2,8.534,101.377,109.911,0,B249,delivery_service,Delivery,Delivery
18,13,Stay,4,4,4,4,183,187,08:43,08:47,4,0,0.0,4,17.068,109.911,126.979,0,B326,parking_charging,Position,Movement
18,14,Movement,4,5,4,5,187,193,08:47,08:53,6,6,11.45,0,0.0,126.979,115.529,0,B326,empty_repositioning,Position,Pickup
18,15,Pickup,5,5,5,5,193,196,08:53,08:56,3,0,0.0,2,8.534,115.529,124.063,1,B326,pickup_service,Pickup,Pickup
18,16,Movement,5,3,5,3,196,204,08:56,09:04,8,8,23.93,0,0.0,124.063,100.133,1,B326,passenger_flight,Position,Delivery
18,17,Delivery,3,3,3,3,204,207,09:04,09:07,3,0,0.0,2,8.534,100.133,108.667,0,B326,delivery_service,Delivery,Delivery
18,18,Stay,3,3,3,3,207,212,09:07,09:12,5,0,0.0,5,21.335,108.667,130.002,0,B385,parking_charging,Position,Pickup
18,19,Pickup,3,3,3,3,212,215,09:12,09:15,3,0,0.0,2,8.534,130.002,138.536,1,B385,pickup_service,Pickup,Pickup
18,20,Stay,3,3,3,3,215,216,09:15,09:16,1,0,0.0,1,4.267,138.536,142.803,1,B393,parking_charging,Position,Pickup
18,21,Pickup,3,3,3,3,216,219,09:16,09:19,3,0,0.0,2,8.534,142.803,151.337,3,B393,pickup_service,Pickup,Pickup
18,22,Movement,3,4,3,4,219,226,09:19,09:26,7,7,12.6,0,0.0,151.337,138.737,3,B385,passenger_flight,Position,Delivery
18,23,Delivery,4,4,4,4,226,229,09:26,09:29,3,0,0.0,2,8.534,138.737,147.271,2,B385,delivery_service,Delivery,Delivery
18,24,Delivery,4,4,4,4,229,232,09:29,09:32,3,0,0.0,2,8.534,147.271,155.805,0,B393,delivery_service,Delivery,Delivery
18,25,Stay,4,4,4,4,232,233,09:32,09:33,1,0,0.0,1,4.195,155.805,160.0,0,B444,parking_charging,Position,Movement
18,26,Movement,4,2,4,2,233,239,09:33,09:39,6,6,16.13,0,0.0,160.0,143.87,0,B444,empty_repositioning,Position,Pickup
18,27,Pickup,2,2,2,2,239,242,09:39,09:42,3,0,0.0,2,8.534,143.87,152.404,1,B444,pickup_service,Pickup,Pickup
18,28,Movement,2,4,2,4,242,248,09:42,09:48,6,6,16.13,0,0.0,152.404,136.274,1,B444,passenger_flight,Position,Delivery
18,29,Delivery,4,4,4,4,248,251,09:48,09:51,3,0,0.0,2,8.534,136.274,144.808,0,B444,delivery_service,Delivery,Delivery
18,30,Movement,4,2,4,2,251,257,09:51,09:57,6,6,16.13,0,0.0,144.808,128.678,0,B487,empty_repositioning,Position,Pickup
18,31,Pickup,2,2,2,2,257,260,09:57,10:00,3,0,0.0,2,8.534,128.678,137.212,1,B487,pickup_service,Pickup,Pickup
18,32,Movement,2,4,2,4,260,266,10:00,10:06,6,6,16.13,0,0.0,137.212,121.082,1,B487,passenger_flight,Position,Delivery
18,33,Delivery,4,4,4,4,266,269,10:06,10:09,3,0,0.0,2,8.534,121.082,129.616,0,B487,delivery_service,Delivery,Delivery
18,34,Stay,4,4,4,4,269,270,10:09,10:10,1,0,0.0,1,4.267,129.616,133.883,0,B555,parking_charging,Position,Pickup
18,35,Pickup,4,4,4,4,270,273,10:10,10:13,3,0,0.0,2,8.534,133.883,142.417,1,B555,pickup_service,Pickup,Pickup
18,36,Pickup,4,4,4,4,273,276,10:13,10:16,3,0,0.0,2,8.534,142.417,150.951,2,B573,pickup_service,Pickup,Pickup
18,37,Movement,4,3,4,3,276,283,10:16,10:23,7,7,12.6,0,0.0,150.951,138.351,2,B555,passenger_flight,Position,Delivery
18,38,Delivery,3,3,3,3,283,286,10:23,10:26,3,0,0.0,2,8.534,138.351,146.885,1,B555,delivery_service,Delivery,Delivery
18,39,Delivery,3,3,3,3,286,289,10:26,10:29,3,0,0.0,2,8.534,146.885,155.419,0,B573,delivery_service,Delivery,Delivery
18,40,Pickup,3,3,3,3,289,292,10:29,10:32,3,0,0.0,2,4.581,155.419,160.0,1,B645,pickup_service,Pickup,Pickup
18,41,Movement,3,1,3,1,292,298,10:32,10:38,6,6,9.61,0,0.0,160.0,150.39,1,B645,passenger_flight,Position,Delivery
18,42,Delivery,1,1,1,1,298,301,10:38,10:41,3,0,0.0,2,8.534,150.39,158.924,0,B645,delivery_service,Delivery,Delivery
18,43,Stay,1,1,1,1,301,303,10:41,10:43,2,0,0.0,2,1.076,158.924,160.0,0,B764,parking_charging,Position,Movement
18,44,Movement,1,4,1,4,303,307,10:43,10:47,4,4,4.98,0,0.0,160.0,155.02,0,B764,empty_repositioning,Position,Pickup
18,45,Pickup,4,4,4,4,307,310,10:47,10:50,3,0,0.0,2,4.98,155.02,160.0,1,B764,pickup_service,Pickup,Pickup
18,46,Pickup,4,4,4,4,310,313,10:50,10:53,3,0,0.0,2,0.0,160.0,160.0,2,B782,pickup_service,Pickup,Pickup
18,47,Movement,4,2,4,2,313,319,10:53,10:59,6,6,16.13,0,0.0,160.0,143.87,2,B764,passenger_flight,Position,Delivery
18,48,Delivery,2,2,2,2,319,322,10:59,11:02,3,0,0.0,2,8.534,143.87,152.404,1,B764,delivery_service,Delivery,Delivery
18,49,Delivery,2,2,2,2,322,325,11:02,11:05,3,0,0.0,2,7.596,152.404,160.0,0,B782,delivery_service,Delivery,Delivery
18,50,Stay,2,2,2,2,325,343,11:05,11:23,18,0,0.0,18,0.0,160.0,160.0,0,B951,parking_charging,Position,Movement
18,51,Movement,2,3,2,3,343,346,11:23,11:26,3,3,4.08,0,0.0,160.0,155.92,0,B951,empty_repositioning,Position,Pickup
18,52,Pickup,3,3,3,3,346,349,11:26,11:29,3,0,0.0,2,4.08,155.92,160.0,1,B951,pickup_service,Pickup,Pickup
18,53,Movement,3,6,3,6,349,359,11:29,11:39,10,10,32.98,0,0.0,160.0,127.02,1,B951,passenger_flight,Position,Delivery
18,54,Delivery,6,6,6,6,359,362,11:39,11:42,3,0,0.0,2,8.534,127.02,135.554,0,B951,delivery_service,Delivery,Delivery
18,55,Stay,6,6,6,6,362,366,11:42,11:46,4,0,0.0,4,17.068,135.554,152.622,0,B1026,parking_charging,Position,Pickup
18,56,Pickup,6,6,6,6,366,369,11:46,11:49,3,0,0.0,2,7.378,152.622,160.0,1,B1026,pickup_service,Pickup,Pickup
18,57,Stay,6,6,6,6,369,370,11:49,11:50,1,0,0.0,1,0.0,160.0,160.0,1,B1036,parking_charging,Position,Pickup
18,58,Pickup,6,6,6,6,370,373,11:50,11:53,3,0,0.0,2,0.0,160.0,160.0,3,B1036,pickup_service,Pickup,Pickup
18,59,Movement,6,1,6,1,373,380,11:53,12:00,7,7,23.39,0,0.0,160.0,136.61,3,B1026,passenger_flight,Position,Delivery
18,60,Delivery,1,1,1,1,380,383,12:00,12:03,3,0,0.0,2,8.534,136.61,145.144,2,B1026,delivery_service,Delivery,Delivery
18,61,Movement,1,7,1,7,383,390,12:03,12:10,7,7,21.03,0,0.0,145.144,124.114,2,B1036,passenger_flight,Position,Delivery
18,62,Delivery,7,7,7,7,390,393,12:10,12:13,3,0,0.0,2,8.534,124.114,132.648,0,B1036,delivery_service,Delivery,Delivery
18,63,Stay,7,7,7,7,393,404,12:13,12:24,11,0,0.0,11,27.352,132.648,160.0,0,B1122,parking_charging,Position,Pickup
18,64,Pickup,7,7,7,7,404,407,12:24,12:27,3,0,0.0,2,0.0,160.0,160.0,1,B1122,pickup_service,Pickup,Pickup
18,65,Pickup,7,7,7,7,407,410,12:27,12:30,3,0,0.0,2,0.0,160.0,160.0,2,B1132,pickup_service,Pickup,Pickup
18,66,Movement,7,1,7,1,410,417,12:30,12:37,7,7,21.03,0,0.0,160.0,138.97,2,B1122,passenger_flight,Position,Delivery
18,67,Delivery,1,1,1,1,417,420,12:37,12:40,3,0,0.0,2,8.534,138.97,147.504,1,B1122,delivery_service,Delivery,Delivery
18,68,Delivery,1,1,1,1,420,423,12:40,12:43,3,0,0.0,2,8.534,147.504,156.038,0,B1132,delivery_service,Delivery,Delivery
18,69,Stay,1,1,1,1,423,438,12:43,12:58,15,0,0.0,15,3.962,156.038,160.0,0,B1208,parking_charging,Position,Pickup
18,70,Pickup,1,1,1,1,438,441,12:58,13:01,3,0,0.0,2,0.0,160.0,160.0,1,B1208,pickup_service,Pickup,Pickup
18,71,Movement,1,7,1,7,441,448,13:01,13:08,7,7,21.03,0,0.0,160.0,138.97,1,B1208,passenger_flight,Position,Delivery
18,72,Delivery,7,7,7,7,448,451,13:08,13:11,3,0,0.0,2,8.534,138.97,147.504,0,B1208,delivery_service,Delivery,Delivery
18,73,Stay,7,7,7,7,451,462,13:11,13:22,11,0,0.0,11,12.496,147.504,160.0,0,B1253,parking_charging,Position,Pickup
18,74,Pickup,7,7,7,7,462,465,13:22,13:25,3,0,0.0,2,0.0,160.0,160.0,1,B1253,pickup_service,Pickup,Pickup
18,75,Movement,7,4,7,4,465,472,13:25,13:32,7,7,21.43,0,0.0,160.0,138.57,1,B1253,passenger_flight,Position,Delivery
18,76,Delivery,4,4,4,4,472,475,13:32,13:35,3,0,0.0,2,8.534,138.57,147.104,0,B1253,delivery_service,Delivery,Delivery
18,77,Stay,4,4,4,4,475,484,13:35,13:44,9,0,0.0,9,12.896,147.104,160.0,0,B1293,parking_charging,Position,Pickup
18,78,Pickup,4,4,4,4,484,487,13:44,13:47,3,0,0.0,2,0.0,160.0,160.0,1,B1293,pickup_service,Pickup,Pickup
18,79,Movement,4,7,4,7,487,494,13:47,13:54,7,7,21.43,0,0.0,160.0,138.57,1,B1293,passenger_flight,Position,Delivery
18,80,Delivery,7,7,7,7,494,497,13:54,13:57,3,0,0.0,2,8.534,138.57,147.104,0,B1293,delivery_service,Delivery,Delivery
18,81,Stay,7,7,7,7,497,514,13:57,14:14,17,0,0.0,17,12.896,147.104,160.0,0,B1394,parking_charging,Position,Pickup
18,82,Pickup,7,7,7,7,514,517,14:14,14:17,3,0,0.0,2,0.0,160.0,160.0,1,B1394,pickup_service,Pickup,Pickup
18,83,Pickup,7,7,7,7,517,520,14:17,14:20,3,0,0.0,2,0.0,160.0,160.0,2,B1403,pickup_service,Pickup,Pickup
18,84,Movement,7,1,7,1,520,527,14:20,14:27,7,7,21.03,0,0.0,160.0,138.97,2,B1394,passenger_flight,Position,Delivery
18,85,Delivery,1,1,1,1,527,530,14:27,14:30,3,0,0.0,2,8.534,138.97,147.504,1,B1394,delivery_service,Delivery,Delivery
18,86,Delivery,1,1,1,1,530,533,14:30,14:33,3,0,0.0,2,8.534,147.504,156.038,0,B1403,delivery_service,Delivery,Delivery
18,87,Pickup,1,1,1,1,533,536,14:33,14:36,3,0,0.0,2,3.962,156.038,160.0,2,B1467,pickup_service,Pickup,Pickup
18,88,Pickup,1,1,1,1,536,539,14:36,14:39,3,0,0.0,2,0.0,160.0,160.0,3,B1491,pickup_service,Pickup,Pickup
18,89,Movement,1,10,1,10,539,552,14:39,14:52,13,13,47.44,0,0.0,160.0,112.56,3,B1467,passenger_flight,Position,Delivery
18,90,Delivery,10,10,10,10,552,555,14:52,14:55,3,0,0.0,2,8.534,112.56,121.094,1,B1467,delivery_service,Delivery,Delivery
18,91,Delivery,10,10,10,10,555,558,14:55,14:58,3,0,0.0,2,8.534,121.094,129.628,0,B1491,delivery_service,Delivery,Delivery
18,92,Pickup,10,10,10,10,558,561,14:58,15:01,3,0,0.0,2,8.534,129.628,138.162,1,B1572,pickup_service,Pickup,Pickup
18,93,Movement,10,4,10,4,561,573,15:01,15:13,12,12,42.86,0,0.0,138.162,95.302,1,B1572,passenger_flight,Position,Delivery
18,94,Delivery,4,4,4,4,573,576,15:13,15:16,3,0,0.0,2,8.534,95.302,103.836,0,B1572,delivery_service,Delivery,Delivery
18,95,Pickup,4,4,4,4,576,579,15:16,15:19,3,0,0.0,2,8.534,103.836,112.37,1,B1656,pickup_service,Pickup,Pickup
18,96,Movement,4,3,4,3,579,586,15:19,15:26,7,7,12.6,0,0.0,112.37,99.77,1,B1656,passenger_flight,Position,Delivery
18,97,Delivery,3,3,3,3,586,589,15:26,15:29,3,0,0.0,2,8.534,99.77,108.304,0,B1656,delivery_service,Delivery,Delivery
18,98,Stay,3,3,3,3,589,614,15:29,15:54,25,0,0.0,25,51.696,108.304,160.0,0,B1814,parking_charging,Position,Pickup
18,99,Pickup,3,3,3,3,614,617,15:54,15:57,3,0,0.0,2,0.0,160.0,160.0,1,B1814,pickup_service,Pickup,Pickup
18,100,Pickup,3,3,3,3,617,620,15:57,16:00,3,0,0.0,2,0.0,160.0,160.0,3,B1828,pickup_service,Pickup,Pickup
18,101,Movement,3,5,3,5,620,628,16:00,16:08,8,8,23.93,0,0.0,160.0,136.07,3,B1814,passenger_flight,Position,Delivery
18,102,Delivery,5,5,5,5,628,631,16:08,16:11,3,0,0.0,2,8.534,136.07,144.604,2,B1814,delivery_service,Delivery,Delivery
18,103,Delivery,5,5,5,5,631,634,16:11,16:14,3,0,0.0,2,8.534,144.604,153.138,0,B1828,delivery_service,Delivery,Delivery
18,104,Stay,5,5,5,5,634,640,16:14,16:20,6,0,0.0,6,6.862,153.138,160.0,0,B2023,parking_charging,Position,Movement
18,105,Movement,5,1,5,1,640,648,16:20,16:28,8,8,14.88,0,0.0,160.0,145.12,0,B2023,empty_repositioning,Position,Pickup
18,106,Pickup,1,1,1,1,648,651,16:28,16:31,3,0,0.0,2,8.534,145.12,153.654,1,B2023,pickup_service,Pickup,Pickup
18,107,Movement,1,5,1,5,651,659,16:31,16:39,8,8,14.88,0,0.0,153.654,138.774,1,B2023,passenger_flight,Position,Delivery
18,108,Delivery,5,5,5,5,659,662,16:39,16:42,3,0,0.0,2,8.534,138.774,147.308,0,B2023,delivery_service,Delivery,Delivery
18,109,Stay,5,5,5,5,662,670,16:42,16:50,8,0,0.0,8,12.692,147.308,160.0,0,B2236,parking_charging,Position,Movement
18,110,Movement,5,4,5,4,670,676,16:50,16:56,6,6,11.45,0,0.0,160.0,148.55,0,B2236,empty_repositioning,Position,Pickup
18,111,Pickup,4,4,4,4,676,679,16:56,16:59,3,0,0.0,2,8.534,148.55,157.084,1,B2236,pickup_service,Pickup,Pickup
18,112,Movement,4,3,4,3,679,686,16:59,17:06,7,7,12.6,0,0.0,157.084,144.484,1,B2236,passenger_flight,Position,Delivery
18,113,Delivery,3,3,3,3,686,689,17:06,17:09,3,0,0.0,2,8.534,144.484,153.018,0,B2236,delivery_service,Delivery,Delivery
18,114,Pickup,3,3,3,3,689,692,17:09,17:12,3,0,0.0,2,6.982,153.018,160.0,1,B2314,pickup_service,Pickup,Pickup
18,115,Movement,3,1,3,1,692,698,17:12,17:18,6,6,9.61,0,0.0,160.0,150.39,1,B2314,passenger_flight,Position,Delivery
18,116,Delivery,1,1,1,1,698,701,17:18,17:21,3,0,0.0,2,8.534,150.39,158.924,0,B2314,delivery_service,Delivery,Delivery
18,117,Stay,1,1,1,1,701,707,17:21,17:27,6,0,0.0,6,1.076,158.924,160.0,0,B2551,parking_charging,Position,Pickup
18,118,Pickup,1,1,1,1,707,710,17:27,17:30,3,0,0.0,2,0.0,160.0,160.0,3,B2551,pickup_service,Pickup,Pickup
18,119,Movement,1,7,1,7,710,717,17:30,17:37,7,7,21.03,0,0.0,160.0,138.97,3,B2551,passenger_flight,Position,Delivery
18,120,Delivery,7,7,7,7,717,720,17:37,17:40,3,0,0.0,2,8.534,138.97,147.504,0,B2551,delivery_service,Delivery,Delivery
18,121,Pickup,7,7,7,7,720,723,17:40,17:43,3,0,0.0,2,8.534,147.504,156.038,1,B2675,pickup_service,Pickup,Pickup
18,122,Movement,7,1,7,1,723,730,17:43,17:50,7,7,21.03,0,0.0,156.038,135.008,1,B2675,passenger_flight,Position,Delivery
18,123,Delivery,1,1,1,1,730,733,17:50,17:53,3,0,0.0,2,8.534,135.008,143.542,0,B2675,delivery_service,Delivery,Delivery
18,124,Pickup,1,1,1,1,733,736,17:53,17:56,3,0,0.0,2,8.534,143.542,152.076,1,B2852,pickup_service,Pickup,Pickup
18,125,Movement,1,7,1,7,736,743,17:56,18:03,7,7,21.03,0,0.0,152.076,131.046,1,B2852,passenger_flight,Position,Delivery
18,126,Delivery,7,7,7,7,743,746,18:03,18:06,3,0,0.0,2,8.534,131.046,139.58,0,B2852,delivery_service,Delivery,Delivery
18,127,Stay,7,7,7,7,746,762,18:06,18:22,16,0,0.0,16,20.42,139.58,160.0,0,B3063,parking_charging,Position,Pickup
18,128,Pickup,7,7,7,7,762,765,18:22,18:25,3,0,0.0,2,0.0,160.0,160.0,1,B3063,pickup_service,Pickup,Pickup
18,129,Stay,7,7,7,7,765,766,18:25,18:26,1,0,0.0,1,0.0,160.0,160.0,1,B3087,parking_charging,Position,Pickup
18,130,Pickup,7,7,7,7,766,769,18:26,18:29,3,0,0.0,2,0.0,160.0,160.0,2,B3087,pickup_service,Pickup,Pickup
18,131,Movement,7,3,7,3,769,776,18:29,18:36,7,7,13.33,0,0.0,160.0,146.67,2,B3063,passenger_flight,Position,Delivery
18,132,Delivery,3,3,3,3,776,779,18:36,18:39,3,0,0.0,2,8.534,146.67,155.204,1,B3063,delivery_service,Delivery,Delivery
18,133,Delivery,3,3,3,3,779,782,18:39,18:42,3,0,0.0,2,4.796,155.204,160.0,0,B3087,delivery_service,Delivery,Delivery
18,134,Movement,3,1,3,1,782,788,18:42,18:48,6,6,9.61,0,0.0,160.0,150.39,0,B3207,empty_repositioning,Position,Pickup
18,135,Pickup,1,1,1,1,788,791,18:48,18:51,3,0,0.0,2,8.534,150.39,158.924,1,B3207,pickup_service,Pickup,Pickup
18,136,Pickup,1,1,1,1,791,794,18:51,18:54,3,0,0.0,2,1.076,158.924,160.0,3,B3240,pickup_service,Pickup,Pickup
18,137,Movement,1,2,1,2,794,801,18:54,19:01,7,7,13.61,0,0.0,160.0,146.39,3,B3207,passenger_flight,Position,Delivery
18,138,Delivery,2,2,2,2,801,804,19:01,19:04,3,0,0.0,2,8.534,146.39,154.924,2,B3207,delivery_service,Delivery,Delivery
18,139,Delivery,2,2,2,2,804,807,19:04,19:07,3,0,0.0,2,5.076,154.924,160.0,0,B3240,delivery_service,Delivery,Delivery
18,140,Pickup,2,2,2,2,807,810,19:07,19:10,3,0,0.0,2,0.0,160.0,160.0,1,B3313,pickup_service,Pickup,Pickup
18,141,Movement,2,4,2,4,810,816,19:10,19:16,6,6,16.13,0,0.0,160.0,143.87,1,B3313,passenger_flight,Position,Delivery
18,142,Delivery,4,4,4,4,816,819,19:16,19:19,3,0,0.0,2,8.534,143.87,152.404,0,B3313,delivery_service,Delivery,Delivery
19,0,Stay,10,10,10,10,0,25,05:40,06:05,25,0,0.0,25,0.0,160.0,160.0,0,B6,parking_charging,Position,Pickup
19,1,Pickup,10,10,10,10,25,28,06:05,06:08,3,0,0.0,2,0.0,160.0,160.0,1,B6,pickup_service,Pickup,Pickup
19,2,Stay,10,10,10,10,28,29,06:08,06:09,1,0,0.0,1,0.0,160.0,160.0,1,B8,parking_charging,Position,Pickup
19,3,Pickup,10,10,10,10,29,32,06:09,06:12,3,0,0.0,2,0.0,160.0,160.0,2,B8,pickup_service,Pickup,Pickup
19,4,Movement,10,3,10,3,32,47,06:12,06:27,15,15,54.92,0,0.0,160.0,105.08,2,B6,passenger_flight,Position,Delivery
19,5,Delivery,3,3,3,3,47,50,06:27,06:30,3,0,0.0,2,8.534,105.08,113.614,1,B6,delivery_service,Delivery,Delivery
19,6,Delivery,3,3,3,3,50,53,06:30,06:33,3,0,0.0,2,8.534,113.614,122.148,0,B8,delivery_service,Delivery,Delivery
19,7,Stay,3,3,3,3,53,80,06:33,07:00,27,0,0.0,27,37.852,122.148,160.0,0,B57,parking_charging,Position,Movement
19,8,Movement,3,6,3,6,80,90,07:00,07:10,10,10,32.98,0,0.0,160.0,127.02,0,B57,empty_repositioning,Position,Pickup
19,9,Pickup,6,6,6,6,90,93,07:10,07:13,3,0,0.0,2,8.534,127.02,135.554,1,B57,pickup_service,Pickup,Pickup
19,10,Movement,6,3,6,3,93,103,07:13,07:23,10,10,32.98,0,0.0,135.554,102.574,1,B57,passenger_flight,Position,Delivery
19,11,Delivery,3,3,3,3,103,106,07:23,07:26,3,0,0.0,2,8.534,102.574,111.108,0,B57,delivery_service,Delivery,Delivery
19,12,Stay,3,3,3,3,106,117,07:26,07:37,11,0,0.0,11,46.937,111.108,158.045,0,B93,parking_charging,Position,Pickup
19,13,Pickup,3,3,3,3,117,120,07:37,07:40,3,0,0.0,2,1.955,158.045,160.0,1,B93,pickup_service,Pickup,Pickup
19,14,Movement,3,8,3,8,120,130,07:40,07:50,10,10,35.17,0,0.0,160.0,124.83,1,B93,passenger_flight,Position,Delivery
19,15,Delivery,8,8,8,8,130,133,07:50,07:53,3,0,0.0,2,8.534,124.83,133.364,0,B93,delivery_service,Delivery,Delivery
19,16,Stay,8,8,8,8,133,145,07:53,08:05,12,0,0.0,12,26.636,133.364,160.0,0,B148,parking_charging,Position,Pickup
19,17,Pickup,8,8,8,8,145,148,08:05,08:08,3,0,0.0,2,0.0,160.0,160.0,1,B148,pickup_service,Pickup,Pickup
19,18,Movement,8,2,8,2,148,158,08:08,08:18,10,10,32.38,0,0.0,160.0,127.62,1,B148,passenger_flight,Position,Delivery
19,19,Delivery,2,2,2,2,158,161,08:18,08:21,3,0,0.0,2,8.534,127.62,136.154,0,B148,delivery_service,Delivery,Delivery
19,20,Stay,2,2,2,2,161,170,08:21,08:30,9,0,0.0,9,23.846,136.154,160.0,0,B248,parking_charging,Position,Pickup
19,21,Pickup,2,2,2,2,170,173,08:30,08:33,3,0,0.0,2,0.0,160.0,160.0,1,B248,pickup_service,Pickup,Pickup
19,22,Movement,2,4,2,4,173,179,08:33,08:39,6,6,16.13,0,0.0,160.0,143.87,1,B248,passenger_flight,Position,Delivery
19,23,Delivery,4,4,4,4,179,182,08:39,08:42,3,0,0.0,2,8.534,143.87,152.404,0,B248,delivery_service,Delivery,Delivery
19,24,Stay,4,4,4,4,182,189,08:42,08:49,7,0,0.0,7,7.596,152.404,160.0,0,B335,parking_charging,Position,Movement
19,25,Movement,4,2,4,2,189,195,08:49,08:55,6,6,16.13,0,0.0,160.0,143.87,0,B335,empty_repositioning,Position,Pickup
19,26,Pickup,2,2,2,2,195,198,08:55,08:58,3,0,0.0,2,8.534,143.87,152.404,1,B335,pickup_service,Pickup,Pickup
19,27,Movement,2,1,2,1,198,205,08:58,09:05,7,7,13.61,0,0.0,152.404,138.794,1,B335,passenger_flight,Position,Delivery
19,28,Delivery,1,1,1,1,205,208,09:05,09:08,3,0,0.0,2,8.534,138.794,147.328,0,B335,delivery_service,Delivery,Delivery
19,29,Movement,1,6,1,6,208,215,09:08,09:15,7,7,23.39,0,0.0,147.328,123.938,0,B382,empty_repositioning,Position,Pickup
19,30,Pickup,6,6,6,6,215,218,09:15,09:18,3,0,0.0,2,8.534,123.938,132.472,1,B382,pickup_service,Pickup,Pickup
19,31,Movement,6,3,6,3,218,228,09:18,09:28,10,10,32.98,0,0.0,132.472,99.492,1,B382,passenger_flight,Position,Delivery
19,32,Delivery,3,3,3,3,228,231,09:28,09:31,3,0,0.0,2,8.534,99.492,108.026,0,B382,delivery_service,Delivery,Delivery
19,33,Stay,3,3,3,3,231,256,09:31,09:56,25,0,0.0,25,51.974,108.026,160.0,0,B486,parking_charging,Position,Pickup
19,34,Pickup,3,3,3,3,256,259,09:56,09:59,3,0,0.0,2,0.0,160.0,160.0,3,B486,pickup_service,Pickup,Pickup
19,35,Movement,3,4,3,4,259,266,09:59,10:06,7,7,12.6,0,0.0,160.0,147.4,3,B486,passenger_flight,Position,Delivery
19,36,Delivery,4,4,4,4,266,269,10:06,10:09,3,0,0.0,2,8.534,147.4,155.934,0,B486,delivery_service,Delivery,Delivery
19,37,Stay,4,4,4,4,269,270,10:09,10:10,1,0,0.0,1,4.066,155.934,160.0,0,B556,parking_charging,Position,Pickup
19,38,Pickup,4,4,4,4,270,273,10:10,10:13,3,0,0.0,2,0.0,160.0,160.0,1,B556,pickup_service,Pickup,Pickup
19,39,Pickup,4,4,4,4,273,276,10:13,10:16,3,0,0.0,2,0.0,160.0,160.0,2,B578,pickup_service,Pickup,Pickup
19,40,Movement,4,7,4,7,276,283,10:16,10:23,7,7,21.43,0,0.0,160.0,138.57,2,B556,passenger_flight,Position,Delivery
19,41,Delivery,7,7,7,7,283,286,10:23,10:26,3,0,0.0,2,8.534,138.57,147.104,1,B556,delivery_service,Delivery,Delivery
19,42,Delivery,7,7,7,7,286,289,10:26,10:29,3,0,0.0,2,8.534,147.104,155.638,0,B578,delivery_service,Delivery,Delivery
19,43,Stay,7,7,7,7,289,299,10:29,10:39,10,0,0.0,10,4.362,155.638,160.0,0,B719,parking_charging,Position,Pickup
19,44,Pickup,7,7,7,7,299,302,10:39,10:42,3,0,0.0,2,0.0,160.0,160.0,1,B719,pickup_service,Pickup,Pickup
19,45,Stay,7,7,7,7,302,305,10:42,10:45,3,0,0.0,3,0.0,160.0,160.0,1,B719,parking_charging,Position,Movement
19,46,Movement,7,1,7,1,305,312,10:45,10:52,7,7,21.03,0,0.0,160.0,138.97,1,B719,passenger_flight,Position,Delivery
19,47,Delivery,1,1,1,1,312,315,10:52,10:55,3,0,0.0,2,8.534,138.97,147.504,0,B719,delivery_service,Delivery,Delivery
19,48,Stay,1,1,1,1,315,317,10:55,10:57,2,0,0.0,2,8.534,147.504,156.038,0,B813,parking_charging,Position,Pickup
19,49,Pickup,1,1,1,1,317,320,10:57,11:00,3,0,0.0,2,3.962,156.038,160.0,1,B813,pickup_service,Pickup,Pickup
19,50,Stay,1,1,1,1,320,323,11:00,11:03,3,0,0.0,3,0.0,160.0,160.0,1,B813,parking_charging,Position,Movement
19,51,Movement,1,10,1,10,323,336,11:03,11:16,13,13,47.44,0,0.0,160.0,112.56,1,B813,passenger_flight,Position,Delivery
19,52,Delivery,10,10,10,10,336,339,11:16,11:19,3,0,0.0,2,8.534,112.56,121.094,0,B813,delivery_service,Delivery,Delivery
19,53,Pickup,10,10,10,10,339,342,11:19,11:22,3,0,0.0,2,8.534,121.094,129.628,1,B896,pickup_service,Pickup,Pickup
19,54,Movement,10,3,10,3,342,357,11:22,11:37,15,15,54.92,0,0.0,129.628,74.708,1,B896,passenger_flight,Position,Delivery
19,55,Delivery,3,3,3,3,357,360,11:37,11:40,3,0,0.0,2,8.534,74.708,83.242,0,B896,delivery_service,Delivery,Delivery
19,56,Stay,3,3,3,3,360,365,11:40,11:45,5,0,0.0,5,21.335,83.242,104.577,0,B1021,parking_charging,Position,Pickup
19,57,Pickup,3,3,3,3,365,368,11:45,11:48,3,0,0.0,2,8.534,104.577,113.111,1,B1021,pickup_service,Pickup,Pickup
19,58,Movement,3,5,3,5,368,376,11:48,11:56,8,8,23.93,0,0.0,113.111,89.181,1,B1021,passenger_flight,Position,Delivery
19,59,Delivery,5,5,5,5,376,379,11:56,11:59,3,0,0.0,2,8.534,89.181,97.715,0,B1021,delivery_service,Delivery,Delivery
19,60,Stay,5,5,5,5,379,381,11:59,12:01,2,0,0.0,2,8.534,97.715,106.249,0,B1091,parking_charging,Position,Movement
19,61,Movement,5,7,5,7,381,391,12:01,12:11,10,10,32.24,0,0.0,106.249,74.009,0,B1091,empty_repositioning,Position,Pickup
19,62,Pickup,7,7,7,7,391,394,12:11,12:14,3,0,0.0,2,8.534,74.009,82.543,1,B1091,pickup_service,Pickup,Pickup
19,63,Stay,7,7,7,7,394,396,12:14,12:16,2,0,0.0,2,8.534,82.543,91.077,1,B1102,parking_charging,Position,Pickup
19,64,Pickup,7,7,7,7,396,399,12:16,12:19,3,0,0.0,2,8.534,91.077,99.611,2,B1102,pickup_service,Pickup,Pickup
19,65,Movement,7,6,7,6,399,411,12:19,12:31,12,12,43.48,0,0.0,99.611,56.131,2,B1091,passenger_flight,Position,Delivery
19,66,Delivery,6,6,6,6,411,414,12:31,12:34,3,0,0.0,2,8.534,56.131,64.665,1,B1091,delivery_service,Delivery,Delivery
19,67,Delivery,6,6,6,6,414,417,12:34,12:37,3,0,0.0,2,8.534,64.665,73.199,0,B1102,delivery_service,Delivery,Delivery
19,68,Stay,6,6,6,6,417,442,12:37,13:02,25,0,0.0,25,86.801,73.199,160.0,0,B1217,parking_charging,Position,Pickup
19,69,Pickup,6,6,6,6,442,445,13:02,13:05,3,0,0.0,2,0.0,160.0,160.0,1,B1217,pickup_service,Pickup,Pickup
19,70,Movement,6,1,6,1,445,452,13:05,13:12,7,7,23.39,0,0.0,160.0,136.61,1,B1217,passenger_flight,Position,Delivery
19,71,Delivery,1,1,1,1,452,455,13:12,13:15,3,0,0.0,2,8.534,136.61,145.144,0,B1217,delivery_service,Delivery,Delivery
19,72,Stay,1,1,1,1,455,461,13:15,13:21,6,0,0.0,6,14.856,145.144,160.0,0,B1251,parking_charging,Position,Pickup
19,73,Pickup,1,1,1,1,461,464,13:21,13:24,3,0,0.0,2,0.0,160.0,160.0,1,B1251,pickup_service,Pickup,Pickup
19,74,Movement,1,10,1,10,464,477,13:24,13:37,13,13,47.44,0,0.0,160.0,112.56,1,B1251,passenger_flight,Position,Delivery
19,75,Delivery,10,10,10,10,477,480,13:37,13:40,3,0,0.0,2,8.534,112.56,121.094,0,B1251,delivery_service,Delivery,Delivery
19,76,Stay,10,10,10,10,480,503,13:40,14:03,23,0,0.0,23,38.906,121.094,160.0,0,B1349,parking_charging,Position,Pickup
19,77,Pickup,10,10,10,10,503,506,14:03,14:06,3,0,0.0,2,0.0,160.0,160.0,2,B1349,pickup_service,Pickup,Pickup
19,78,Movement,10,4,10,4,506,518,14:06,14:18,12,12,42.86,0,0.0,160.0,117.14,2,B1349,passenger_flight,Position,Delivery
19,79,Delivery,4,4,4,4,518,521,14:18,14:21,3,0,0.0,2,8.534,117.14,125.674,0,B1349,delivery_service,Delivery,Delivery
19,80,Pickup,4,4,4,4,521,524,14:21,14:24,3,0,0.0,2,8.534,125.674,134.208,1,B1421,pickup_service,Pickup,Pickup
19,81,Movement,4,7,4,7,524,531,14:24,14:31,7,7,21.43,0,0.0,134.208,112.778,1,B1421,passenger_flight,Position,Delivery
19,82,Delivery,7,7,7,7,531,534,14:31,14:34,3,0,0.0,2,8.534,112.778,121.312,0,B1421,delivery_service,Delivery,Delivery
19,83,Stay,7,7,7,7,534,542,14:34,14:42,8,0,0.0,8,34.136,121.312,155.448,0,B1544,parking_charging,Position,Movement
19,84,Movement,7,1,7,1,542,549,14:42,14:49,7,7,21.03,0,0.0,155.448,134.418,0,B1544,empty_repositioning,Position,Pickup
19,85,Pickup,1,1,1,1,549,552,14:49,14:52,3,0,0.0,2,8.534,134.418,142.952,1,B1544,pickup_service,Pickup,Pickup
19,86,Movement,1,7,1,7,552,559,14:52,14:59,7,7,21.03,0,0.0,142.952,121.922,1,B1544,passenger_flight,Position,Delivery
19,87,Delivery,7,7,7,7,559,562,14:59,15:02,3,0,0.0,2,8.534,121.922,130.456,0,B1544,delivery_service,Delivery,Delivery
19,88,Stay,7,7,7,7,562,579,15:02,15:19,17,0,0.0,17,29.544,130.456,160.0,0,B1667,parking_charging,Position,Pickup
19,89,Pickup,7,7,7,7,579,582,15:19,15:22,3,0,0.0,2,0.0,160.0,160.0,1,B1667,pickup_service,Pickup,Pickup
19,90,Movement,7,1,7,1,582,589,15:22,15:29,7,7,21.03,0,0.0,160.0,138.97,1,B1667,passenger_flight,Position,Delivery
19,91,Delivery,1,1,1,1,589,592,15:29,15:32,3,0,0.0,2,8.534,138.97,147.504,0,B1667,delivery_service,Delivery,Delivery
19,92,Stay,1,1,1,1,592,594,15:32,15:34,2,0,0.0,2,8.534,147.504,156.038,0,B1727,parking_charging,Position,Pickup
19,93,Pickup,1,1,1,1,594,597,15:34,15:37,3,0,0.0,2,3.962,156.038,160.0,1,B1727,pickup_service,Pickup,Pickup
19,94,Stay,1,1,1,1,597,600,15:37,15:40,3,0,0.0,3,0.0,160.0,160.0,1,B1727,parking_charging,Position,Movement
19,95,Movement,1,3,1,3,600,606,15:40,15:46,6,6,9.61,0,0.0,160.0,150.39,1,B1727,passenger_flight,Position,Delivery
19,96,Delivery,3,3,3,3,606,609,15:46,15:49,3,0,0.0,2,8.534,150.39,158.924,0,B1727,delivery_service,Delivery,Delivery
19,97,Pickup,3,3,3,3,609,612,15:49,15:52,3,0,0.0,2,1.076,158.924,160.0,1,B1786,pickup_service,Pickup,Pickup
19,98,Movement,3,4,3,4,612,619,15:52,15:59,7,7,12.6,0,0.0,160.0,147.4,1,B1786,passenger_flight,Position,Delivery
19,99,Delivery,4,4,4,4,619,622,15:59,16:02,3,0,0.0,2,8.534,147.4,155.934,0,B1786,delivery_service,Delivery,Delivery
19,100,Stay,4,4,4,4,622,631,16:02,16:11,9,0,0.0,9,4.066,155.934,160.0,0,B1918,parking_charging,Position,Pickup
19,101,Pickup,4,4,4,4,631,634,16:11,16:14,3,0,0.0,2,0.0,160.0,160.0,1,B1918,pickup_service,Pickup,Pickup
19,102,Pickup,4,4,4,4,634,637,16:14,16:17,3,0,0.0,2,0.0,160.0,160.0,3,B1940,pickup_service,Pickup,Pickup
19,103,Movement,4,7,4,7,637,644,16:17,16:24,7,7,21.43,0,0.0,160.0,138.57,3,B1918,passenger_flight,Position,Delivery
19,104,Delivery,7,7,7,7,644,647,16:24,16:27,3,0,0.0,2,8.534,138.57,147.104,2,B1918,delivery_service,Delivery,Delivery
19,105,Delivery,7,7,7,7,647,650,16:27,16:30,3,0,0.0,2,8.534,147.104,155.638,0,B1940,delivery_service,Delivery,Delivery
19,106,Stay,7,7,7,7,650,661,16:30,16:41,11,0,0.0,11,4.362,155.638,160.0,0,B2112,parking_charging,Position,Pickup
19,107,Pickup,7,7,7,7,661,664,16:41,16:44,3,0,0.0,2,0.0,160.0,160.0,3,B2112,pickup_service,Pickup,Pickup
19,108,Movement,7,4,7,4,664,671,16:44,16:51,7,7,21.43,0,0.0,160.0,138.57,3,B2112,passenger_flight,Position,Delivery
19,109,Delivery,4,4,4,4,671,674,16:51,16:54,3,0,0.0,2,8.534,138.57,147.104,0,B2112,delivery_service,Delivery,Delivery
19,110,Stay,4,4,4,4,674,680,16:54,17:00,6,0,0.0,6,12.896,147.104,160.0,0,B2266,parking_charging,Position,Pickup
19,111,Pickup,4,4,4,4,680,683,17:00,17:03,3,0,0.0,2,0.0,160.0,160.0,2,B2266,pickup_service,Pickup,Pickup
19,112,Movement,4,2,4,2,683,689,17:03,17:09,6,6,16.13,0,0.0,160.0,143.87,2,B2266,passenger_flight,Position,Delivery
19,113,Delivery,2,2,2,2,689,692,17:09,17:12,3,0,0.0,2,8.534,143.87,152.404,0,B2266,delivery_service,Delivery,Delivery
19,114,Pickup,2,2,2,2,692,695,17:12,17:15,3,0,0.0,2,7.596,152.404,160.0,2,B2333,pickup_service,Pickup,Pickup
19,115,Movement,2,1,2,1,695,702,17:15,17:22,7,7,13.61,0,0.0,160.0,146.39,2,B2333,passenger_flight,Position,Delivery
19,116,Delivery,1,1,1,1,702,705,17:22,17:25,3,0,0.0,2,8.534,146.39,154.924,0,B2333,delivery_service,Delivery,Delivery
19,117,Stay,1,1,1,1,705,708,17:25,17:28,3,0,0.0,3,5.076,154.924,160.0,0,B2565,parking_charging,Position,Pickup
19,118,Pickup,1,1,1,1,708,711,17:28,17:31,3,0,0.0,2,0.0,160.0,160.0,1,B2565,pickup_service,Pickup,Pickup
19,119,Pickup,1,1,1,1,711,714,17:31,17:34,3,0,0.0,2,0.0,160.0,160.0,3,B2591,pickup_service,Pickup,Pickup
19,120,Movement,1,7,1,7,714,721,17:34,17:41,7,7,21.03,0,0.0,160.0,138.97,3,B2565,passenger_flight,Position,Delivery
19,121,Delivery,7,7,7,7,721,724,17:41,17:44,3,0,0.0,2,8.534,138.97,147.504,2,B2565,delivery_service,Delivery,Delivery
19,122,Delivery,7,7,7,7,724,727,17:44,17:47,3,0,0.0,2,8.534,147.504,156.038,0,B2591,delivery_service,Delivery,Delivery
19,123,Pickup,7,7,7,7,727,730,17:47,17:50,3,0,0.0,2,3.962,156.038,160.0,2,B2748,pickup_service,Pickup,Pickup
19,124,Movement,7,4,7,4,730,737,17:50,17:57,7,7,21.43,0,0.0,160.0,138.57,2,B2748,passenger_flight,Position,Delivery
19,125,Delivery,4,4,4,4,737,740,17:57,18:00,3,0,0.0,2,8.534,138.57,147.104,0,B2748,delivery_service,Delivery,Delivery
19,126,Pickup,4,4,4,4,740,743,18:00,18:03,3,0,0.0,2,8.534,147.104,155.638,2,B2913,pickup_service,Pickup,Pickup
19,127,Pickup,4,4,4,4,743,746,18:03,18:06,3,0,0.0,2,4.362,155.638,160.0,3,B2937,pickup_service,Pickup,Pickup
19,128,Movement,4,2,4,2,746,752,18:06,18:12,6,6,16.13,0,0.0,160.0,143.87,3,B2913,passenger_flight,Position,Delivery
19,129,Delivery,2,2,2,2,752,755,18:12,18:15,3,0,0.0,2,8.534,143.87,152.404,1,B2913,delivery_service,Delivery,Delivery
19,130,Delivery,2,2,2,2,755,758,18:15,18:18,3,0,0.0,2,7.596,152.404,160.0,0,B2937,delivery_service,Delivery,Delivery
19,131,Pickup,2,2,2,2,758,761,18:18,18:21,3,0,0.0,2,0.0,160.0,160.0,2,B3012,pickup_service,Pickup,Pickup
19,132,Movement,2,5,2,5,761,769,18:21,18:29,8,8,27.57,0,0.0,160.0,132.43,2,B3012,passenger_flight,Position,Delivery
19,133,Delivery,5,5,5,5,769,772,18:29,18:32,3,0,0.0,2,8.534,132.43,140.964,0,B3012,delivery_service,Delivery,Delivery
19,134,Stay,5,5,5,5,772,784,18:32,18:44,12,0,0.0,12,19.036,140.964,160.0,0,B3198,parking_charging,Position,Pickup
19,135,Pickup,5,5,5,5,784,787,18:44,18:47,3,0,0.0,2,0.0,160.0,160.0,1,B3198,pickup_service,Pickup,Pickup
19,136,Movement,5,2,5,2,787,795,18:47,18:55,8,8,27.57,0,0.0,160.0,132.43,1,B3248,passenger_flight,Position,Pickup
19,137,Pickup,2,2,2,2,795,798,18:55,18:58,3,0,0.0,2,8.534,132.43,140.964,3,B3248,pickup_service,Pickup,Pickup
19,138,Delivery,2,2,2,2,798,801,18:58,19:01,3,0,0.0,2,8.534,140.964,149.498,2,B3198,delivery_service,Delivery,Delivery
19,139,Movement,2,5,2,5,801,809,19:01,19:09,8,8,27.57,0,0.0,149.498,121.928,2,B3248,passenger_flight,Position,Delivery
19,140,Delivery,5,5,5,5,809,812,19:09,19:12,3,0,0.0,2,8.534,121.928,130.462,0,B3248,delivery_service,Delivery,Delivery
20,0,Stay,1,1,1,1,0,36,05:40,06:16,36,0,0.0,36,0.0,160.0,160.0,0,B13,parking_charging,Position,Pickup
20,1,Pickup,1,1,1,1,36,39,06:16,06:19,3,0,0.0,2,0.0,160.0,160.0,1,B13,pickup_service,Pickup,Pickup
20,2,Movement,1,9,1,9,39,55,06:19,06:35,16,16,57.72,0,0.0,160.0,102.28,1,B13,passenger_flight,Position,Delivery
20,3,Delivery,9,9,9,9,55,58,06:35,06:38,3,0,0.0,2,8.534,102.28,110.814,0,B13,delivery_service,Delivery,Delivery
20,4,Stay,9,9,9,9,58,140,06:38,08:00,82,0,0.0,82,49.186,110.814,160.0,0,B124,parking_charging,Position,Pickup
20,5,Pickup,9,9,9,9,140,143,08:00,08:03,3,0,0.0,2,0.0,160.0,160.0,1,B124,pickup_service,Pickup,Pickup
20,6,Pickup,9,9,9,9,143,146,08:03,08:06,3,0,0.0,2,0.0,160.0,160.0,2,B119,pickup_service,Pickup,Pickup
20,7,Movement,9,1,9,1,146,162,08:06,08:22,16,16,57.72,0,0.0,160.0,102.28,2,B119,passenger_flight,Position,Delivery
20,8,Delivery,1,1,1,1,162,165,08:22,08:25,3,0,0.0,2,8.534,102.28,110.814,1,B119,delivery_service,Delivery,Delivery
20,9,Delivery,1,1,1,1,165,168,08:25,08:28,3,0,0.0,2,8.534,110.814,119.348,0,B124,delivery_service,Delivery,Delivery
20,10,Movement,1,6,1,6,168,175,08:28,08:35,7,7,23.39,0,0.0,119.348,95.958,0,B266,empty_repositioning,Position,Pickup
20,11,Pickup,6,6,6,6,175,178,08:35,08:38,3,0,0.0,2,8.534,95.958,104.492,1,B266,pickup_service,Pickup,Pickup
20,12,Pickup,6,6,6,6,178,181,08:38,08:41,3,0,0.0,2,8.534,104.492,113.026,2,B279,pickup_service,Pickup,Pickup
20,13,Movement,6,1,6,1,181,188,08:41,08:48,7,7,23.39,0,0.0,113.026,89.636,2,B266,passenger_flight,Position,Delivery
20,14,Delivery,1,1,1,1,188,191,08:48,08:51,3,0,0.0,2,8.534,89.636,98.17,1,B266,delivery_service,Delivery,Delivery
20,15,Movement,1,7,1,7,191,198,08:51,08:58,7,7,21.03,0,0.0,98.17,77.14,1,B279,passenger_flight,Position,Delivery
20,16,Delivery,7,7,7,7,198,201,08:58,09:01,3,0,0.0,2,8.534,77.14,85.674,0,B279,delivery_service,Delivery,Delivery
20,17,Stay,7,7,7,7,201,260,09:01,10:00,59,0,0.0,59,74.326,85.674,160.0,0,B497,parking_charging,Position,Pickup
20,18,Pickup,7,7,7,7,260,263,10:00,10:03,3,0,0.0,2,0.0,160.0,160.0,1,B497,pickup_service,Pickup,Pickup
20,19,Pickup,7,7,7,7,263,266,10:03,10:06,3,0,0.0,2,0.0,160.0,160.0,2,B513,pickup_service,Pickup,Pickup
20,20,Movement,7,1,7,1,266,273,10:06,10:13,7,7,21.03,0,0.0,160.0,138.97,2,B497,passenger_flight,Position,Delivery
20,21,Delivery,1,1,1,1,273,276,10:13,10:16,3,0,0.0,2,8.534,138.97,147.504,1,B497,delivery_service,Delivery,Delivery
20,22,Movement,1,6,1,6,276,283,10:16,10:23,7,7,23.39,0,0.0,147.504,124.114,1,B513,passenger_flight,Position,Delivery
20,23,Delivery,6,6,6,6,283,286,10:23,10:26,3,0,0.0,2,8.534,124.114,132.648,0,B513,delivery_service,Delivery,Delivery
20,24,Stay,6,6,6,6,286,295,10:26,10:35,9,0,0.0,9,27.352,132.648,160.0,0,B697,parking_charging,Position,Pickup
20,25,Pickup,6,6,6,6,295,298,10:35,10:38,3,0,0.0,2,0.0,160.0,160.0,1,B697,pickup_service,Pickup,Pickup
20,26,Pickup,6,6,6,6,298,301,10:38,10:41,3,0,0.0,2,0.0,160.0,160.0,3,B711,pickup_service,Pickup,Pickup
20,27,Movement,6,7,6,7,301,313,10:41,10:53,12,12,43.48,0,0.0,160.0,116.52,3,B697,passenger_flight,Position,Delivery
20,28,Delivery,7,7,7,7,313,316,10:53,10:56,3,0,0.0,2,8.534,116.52,125.054,2,B697,delivery_service,Delivery,Delivery
20,29,Delivery,7,7,7,7,316,319,10:56,10:59,3,0,0.0,2,8.534,125.054,133.588,0,B711,delivery_service,Delivery,Delivery
20,30,Stay,7,7,7,7,319,327,10:59,11:07,8,0,0.0,8,26.412,133.588,160.0,0,B871,parking_charging,Position,Pickup
20,31,Pickup,7,7,7,7,327,330,11:07,11:10,3,0,0.0,2,0.0,160.0,160.0,1,B871,pickup_service,Pickup,Pickup
20,32,Movement,7,4,7,4,330,337,11:10,11:17,7,7,21.43,0,0.0,160.0,138.57,1,B871,passenger_flight,Position,Delivery
20,33,Delivery,4,4,4,4,337,340,11:17,11:20,3,0,0.0,2,8.534,138.57,147.104,0,B871,delivery_service,Delivery,Delivery
20,34,Pickup,4,4,4,4,340,343,11:20,11:23,3,0,0.0,2,8.534,147.104,155.638,1,B920,pickup_service,Pickup,Pickup
20,35,Pickup,4,4,4,4,343,346,11:23,11:26,3,0,0.0,2,4.362,155.638,160.0,2,B932,pickup_service,Pickup,Pickup
20,36,Movement,4,2,4,2,346,352,11:26,11:32,6,6,16.13,0,0.0,160.0,143.87,2,B920,passenger_flight,Position,Delivery
20,37,Delivery,2,2,2,2,352,355,11:32,11:35,3,0,0.0,2,8.534,143.87,152.404,1,B920,delivery_service,Delivery,Delivery
20,38,Delivery,2,2,2,2,355,358,11:35,11:38,3,0,0.0,2,7.596,152.404,160.0,0,B932,delivery_service,Delivery,Delivery
20,39,Pickup,2,2,2,2,358,361,11:38,11:41,3,0,0.0,2,0.0,160.0,160.0,1,B989,pickup_service,Pickup,Pickup
20,40,Movement,2,6,2,6,361,372,11:41,11:52,11,11,37.0,0,0.0,160.0,123.0,1,B989,passenger_flight,Position,Delivery
20,41,Delivery,6,6,6,6,372,375,11:52,11:55,3,0,0.0,2,8.534,123.0,131.534,0,B989,delivery_service,Delivery,Delivery
20,42,Pickup,6,6,6,6,375,378,11:55,11:58,3,0,0.0,2,8.534,131.534,140.068,1,B1053,pickup_service,Pickup,Pickup
20,43,Pickup,6,6,6,6,378,381,11:58,12:01,3,0,0.0,2,8.534,140.068,148.602,3,B1058,pickup_service,Pickup,Pickup
20,44,Movement,6,7,6,7,381,393,12:01,12:13,12,12,43.48,0,0.0,148.602,105.122,3,B1053,passenger_flight,Position,Delivery
20,45,Delivery,7,7,7,7,393,396,12:13,12:16,3,0,0.0,2,8.534,105.122,113.656,2,B1053,delivery_service,Delivery,Delivery
20,46,Delivery,7,7,7,7,396,399,12:16,12:19,3,0,0.0,2,8.534,113.656,122.19,0,B1058,delivery_service,Delivery,Delivery
20,47,Pickup,7,7,7,7,399,402,12:19,12:22,3,0,0.0,2,8.534,122.19,130.724,1,B1101,pickup_service,Pickup,Pickup
20,48,Movement,7,4,7,4,402,409,12:22,12:29,7,7,21.43,0,0.0,130.724,109.294,1,B1101,passenger_flight,Position,Delivery
20,49,Delivery,4,4,4,4,409,412,12:29,12:32,3,0,0.0,2,8.534,109.294,117.828,0,B1101,delivery_service,Delivery,Delivery
20,50,Pickup,4,4,4,4,412,415,12:32,12:35,3,0,0.0,2,8.534,117.828,126.362,1,B1139,pickup_service,Pickup,Pickup
20,51,Movement,4,10,4,10,415,427,12:35,12:47,12,12,42.86,0,0.0,126.362,83.502,1,B1139,passenger_flight,Position,Delivery
20,52,Delivery,10,10,10,10,427,430,12:47,12:50,3,0,0.0,2,8.534,83.502,92.036,0,B1139,delivery_service,Delivery,Delivery
20,53,Pickup,10,10,10,10,430,433,12:50,12:53,3,0,0.0,2,8.534,92.036,100.57,2,B1181,pickup_service,Pickup,Pickup
20,54,Movement,10,3,10,3,433,448,12:53,13:08,15,15,54.92,0,0.0,100.57,45.65,2,B1181,passenger_flight,Position,Delivery
20,55,Delivery,3,3,3,3,448,451,13:08,13:11,3,0,0.0,2,8.534,45.65,54.184,0,B1181,delivery_service,Delivery,Delivery
20,56,Stay,3,3,3,3,451,452,13:11,13:12,1,0,0.0,1,4.267,54.184,58.451,0,B1248,parking_charging,Position,Movement
20,57,Movement,3,7,3,7,452,459,13:12,13:19,7,7,13.33,0,0.0,58.451,45.121,0,B1248,empty_repositioning,Position,Pickup
20,58,Pickup,7,7,7,7,459,462,13:19,13:22,3,0,0.0,2,8.534,45.121,53.655,1,B1248,pickup_service,Pickup,Pickup
20,59,Stay,7,7,7,7,462,465,13:22,13:25,3,0,0.0,3,12.801,53.655,66.456,1,B1248,parking_charging,Position,Movement
20,60,Movement,7,4,7,4,465,472,13:25,13:32,7,7,21.43,0,0.0,66.456,45.026,1,B1248,passenger_flight,Position,Delivery
20,61,Delivery,4,4,4,4,472,475,13:32,13:35,3,0,0.0,2,8.534,45.026,53.56,0,B1248,delivery_service,Delivery,Delivery
20,62,Stay,4,4,4,4,475,489,13:35,13:49,14,0,0.0,14,59.738,53.56,113.298,0,B1309,parking_charging,Position,Pickup
20,63,Pickup,4,4,4,4,489,492,13:49,13:52,3,0,0.0,2,8.534,113.298,121.832,1,B1309,pickup_service,Pickup,Pickup
20,64,Movement,4,7,4,7,492,499,13:52,13:59,7,7,21.43,0,0.0,121.832,100.402,1,B1309,passenger_flight,Position,Delivery
20,65,Delivery,7,7,7,7,499,502,13:59,14:02,3,0,0.0,2,8.534,100.402,108.936,0,B1309,delivery_service,Delivery,Delivery
20,66,Movement,7,4,7,4,502,509,14:02,14:09,7,7,21.43,0,0.0,108.936,87.506,0,B1369,empty_repositioning,Position,Pickup
20,67,Pickup,4,4,4,4,509,512,14:09,14:12,3,0,0.0,2,8.534,87.506,96.04,1,B1369,pickup_service,Pickup,Pickup
20,68,Movement,4,7,4,7,512,519,14:12,14:19,7,7,21.43,0,0.0,96.04,74.61,1,B1369,passenger_flight,Position,Delivery
20,69,Delivery,7,7,7,7,519,522,14:19,14:22,3,0,0.0,2,8.534,74.61,83.144,0,B1369,delivery_service,Delivery,Delivery
20,70,Stay,7,7,7,7,522,528,14:22,14:28,6,0,0.0,6,25.602,83.144,108.746,0,B1455,parking_charging,Position,Pickup
20,71,Pickup,7,7,7,7,528,531,14:28,14:31,3,0,0.0,2,8.534,108.746,117.28,1,B1455,pickup_service,Pickup,Pickup
20,72,Movement,7,4,7,4,531,538,14:31,14:38,7,7,21.43,0,0.0,117.28,95.85,1,B1455,passenger_flight,Position,Delivery
20,73,Delivery,4,4,4,4,538,541,14:38,14:41,3,0,0.0,2,8.534,95.85,104.384,0,B1455,delivery_service,Delivery,Delivery
20,74,Pickup,4,4,4,4,541,544,14:41,14:44,3,0,0.0,2,8.534,104.384,112.918,1,B1515,pickup_service,Pickup,Pickup
20,75,Movement,4,2,4,2,544,550,14:44,14:50,6,6,16.13,0,0.0,112.918,96.788,1,B1515,passenger_flight,Position,Delivery
20,76,Delivery,2,2,2,2,550,553,14:50,14:53,3,0,0.0,2,8.534,96.788,105.322,0,B1515,delivery_service,Delivery,Delivery
20,77,Stay,2,2,2,2,553,559,14:53,14:59,6,0,0.0,6,25.602,105.322,130.924,0,B1583,parking_charging,Position,Pickup
20,78,Pickup,2,2,2,2,559,562,14:59,15:02,3,0,0.0,2,8.534,130.924,139.458,1,B1583,pickup_service,Pickup,Pickup
20,79,Stay,2,2,2,2,562,565,15:02,15:05,3,0,0.0,3,12.801,139.458,152.259,1,B1583,parking_charging,Position,Movement
20,80,Movement,2,4,2,4,565,571,15:05,15:11,6,6,16.13,0,0.0,152.259,136.129,1,B1583,passenger_flight,Position,Delivery
20,81,Delivery,4,4,4,4,571,574,15:11,15:14,3,0,0.0,2,8.534,136.129,144.663,0,B1583,delivery_service,Delivery,Delivery
20,82,Stay,4,4,4,4,574,580,15:14,15:20,6,0,0.0,6,15.337,144.663,160.0,0,B1671,parking_charging,Position,Pickup
20,83,Pickup,4,4,4,4,580,583,15:20,15:23,3,0,0.0,2,0.0,160.0,160.0,1,B1671,pickup_service,Pickup,Pickup
20,84,Movement,4,7,4,7,583,590,15:23,15:30,7,7,21.43,0,0.0,160.0,138.57,1,B1698,passenger_flight,Position,Pickup
20,85,Pickup,7,7,7,7,590,593,15:30,15:33,3,0,0.0,2,8.534,138.57,147.104,2,B1698,pickup_service,Pickup,Pickup
20,86,Delivery,7,7,7,7,593,596,15:33,15:36,3,0,0.0,2,8.534,147.104,155.638,1,B1671,delivery_service,Delivery,Delivery
20,87,Movement,7,10,7,10,596,612,15:36,15:52,16,16,57.99,0,0.0,155.638,97.648,1,B1698,passenger_flight,Position,Delivery
20,88,Delivery,10,10,10,10,612,615,15:52,15:55,3,0,0.0,2,8.534,97.648,106.182,0,B1698,delivery_service,Delivery,Delivery
20,89,Stay,10,10,10,10,615,625,15:55,16:05,10,0,0.0,10,42.67,106.182,148.852,0,B1882,parking_charging,Position,Pickup
20,90,Pickup,10,10,10,10,625,628,16:05,16:08,3,0,0.0,2,8.534,148.852,157.386,1,B1882,pickup_service,Pickup,Pickup
20,91,Pickup,10,10,10,10,628,631,16:08,16:11,3,0,0.0,2,2.614,157.386,160.0,2,B1896,pickup_service,Pickup,Pickup
20,92,Movement,10,4,10,4,631,643,16:11,16:23,12,12,42.86,0,0.0,160.0,117.14,2,B1882,passenger_flight,Position,Delivery
20,93,Delivery,4,4,4,4,643,646,16:23,16:26,3,0,0.0,2,8.534,117.14,125.674,1,B1882,delivery_service,Delivery,Delivery
20,94,Delivery,4,4,4,4,646,649,16:26,16:29,3,0,0.0,2,8.534,125.674,134.208,0,B1896,delivery_service,Delivery,Delivery
20,95,Stay,4,4,4,4,649,653,16:29,16:33,4,0,0.0,4,17.068,134.208,151.276,0,B2056,parking_charging,Position,Pickup
20,96,Pickup,4,4,4,4,653,656,16:33,16:36,3,0,0.0,2,8.534,151.276,159.81,1,B2056,pickup_service,Pickup,Pickup
20,97,Pickup,4,4,4,4,656,659,16:36,16:39,3,0,0.0,2,0.19,159.81,160.0,2,B2068,pickup_service,Pickup,Pickup
20,98,Movement,4,2,4,2,659,665,16:39,16:45,6,6,16.13,0,0.0,160.0,143.87,2,B2056,passenger_flight,Position,Delivery
20,99,Delivery,2,2,2,2,665,668,16:45,16:48,3,0,0.0,2,8.534,143.87,152.404,1,B2056,delivery_service,Delivery,Delivery
20,100,Delivery,2,2,2,2,668,671,16:48,16:51,3,0,0.0,2,7.596,152.404,160.0,0,B2068,delivery_service,Delivery,Delivery
20,101,Stay,2,2,2,2,671,680,16:51,17:00,9,0,0.0,9,0.0,160.0,160.0,0,B2224,parking_charging,Position,Pickup
20,102,Pickup,2,2,2,2,680,683,17:00,17:03,3,0,0.0,2,0.0,160.0,160.0,3,B2224,pickup_service,Pickup,Pickup
20,103,Movement,2,5,2,5,683,691,17:03,17:11,8,8,27.57,0,0.0,160.0,132.43,3,B2224,passenger_flight,Position,Delivery
20,104,Delivery,5,5,5,5,691,694,17:11,17:14,3,0,0.0,2,8.534,132.43,140.964,0,B2224,delivery_service,Delivery,Delivery
20,105,Stay,5,5,5,5,694,700,17:14,17:20,6,0,0.0,6,19.036,140.964,160.0,0,B2545,parking_charging,Position,Movement
20,106,Movement,5,2,5,2,700,708,17:20,17:28,8,8,27.57,0,0.0,160.0,132.43,0,B2545,empty_repositioning,Position,Pickup
20,107,Pickup,2,2,2,2,708,711,17:28,17:31,3,0,0.0,2,8.534,132.43,140.964,2,B2545,pickup_service,Pickup,Pickup
20,108,Pickup,2,2,2,2,711,714,17:31,17:34,3,0,0.0,2,8.534,140.964,149.498,3,B2578,pickup_service,Pickup,Pickup
20,109,Movement,2,5,2,5,714,722,17:34,17:42,8,8,27.57,0,0.0,149.498,121.928,3,B2545,passenger_flight,Position,Delivery
20,110,Delivery,5,5,5,5,722,725,17:42,17:45,3,0,0.0,2,8.534,121.928,130.462,1,B2545,delivery_service,Delivery,Delivery
20,111,Delivery,5,5,5,5,725,728,17:45,17:48,3,0,0.0,2,8.534,130.462,138.996,0,B2578,delivery_service,Delivery,Delivery
20,112,Movement,5,2,5,2,728,736,17:48,17:56,8,8,27.57,0,0.0,138.996,111.426,0,B2822,empty_repositioning,Position,Pickup
20,113,Pickup,2,2,2,2,736,739,17:56,17:59,3,0,0.0,2,8.534,111.426,119.96,2,B2822,pickup_service,Pickup,Pickup
20,114,Movement,2,1,2,1,739,746,17:59,18:06,7,7,13.61,0,0.0,119.96,106.35,2,B2822,passenger_flight,Position,Delivery
20,115,Delivery,1,1,1,1,746,749,18:06,18:09,3,0,0.0,2,8.534,106.35,114.884,0,B2822,delivery_service,Delivery,Delivery
20,116,Pickup,1,1,1,1,749,752,18:09,18:12,3,0,0.0,2,8.534,114.884,123.418,2,B2954,pickup_service,Pickup,Pickup
20,117,Movement,1,7,1,7,752,759,18:12,18:19,7,7,21.03,0,0.0,123.418,102.388,2,B2954,passenger_flight,Position,Delivery
20,118,Delivery,7,7,7,7,759,762,18:19,18:22,3,0,0.0,2,8.534,102.388,110.922,0,B2954,delivery_service,Delivery,Delivery
20,119,Stay,7,7,7,7,762,764,18:22,18:24,2,0,0.0,2,8.534,110.922,119.456,0,B3075,parking_charging,Position,Pickup
20,120,Pickup,7,7,7,7,764,767,18:24,18:27,3,0,0.0,2,8.534,119.456,127.99,1,B3075,pickup_service,Pickup,Pickup
20,121,Pickup,7,7,7,7,767,770,18:27,18:30,3,0,0.0,2,8.534,127.99,136.524,2,B3086,pickup_service,Pickup,Pickup
20,122,Movement,7,1,7,1,770,777,18:30,18:37,7,7,21.03,0,0.0,136.524,115.494,2,B3075,passenger_flight,Position,Delivery
20,123,Delivery,1,1,1,1,777,780,18:37,18:40,3,0,0.0,2,8.534,115.494,124.028,1,B3075,delivery_service,Delivery,Delivery
20,124,Delivery,1,1,1,1,780,783,18:40,18:43,3,0,0.0,2,8.534,124.028,132.562,0,B3086,delivery_service,Delivery,Delivery
20,125,Pickup,1,1,1,1,783,786,18:43,18:46,3,0,0.0,2,8.534,132.562,141.096,2,B3172,pickup_service,Pickup,Pickup
20,126,Movement,1,3,1,3,786,792,18:46,18:52,6,6,9.61,0,0.0,141.096,131.486,2,B3172,passenger_flight,Position,Delivery
20,127,Delivery,3,3,3,3,792,795,18:52,18:55,3,0,0.0,2,8.534,131.486,140.02,0,B3172,delivery_service,Delivery,Delivery
20,128,Movement,3,2,3,2,795,798,18:55,18:58,3,3,4.08,0,0.0,140.02,135.94,0,B3278,empty_repositioning,Position,Pickup
20,129,Pickup,2,2,2,2,798,801,18:58,19:01,3,0,0.0,2,8.534,135.94,144.474,1,B3278,pickup_service,Pickup,Pickup
20,130,Stay,2,2,2,2,801,805,19:01,19:05,4,0,0.0,4,15.526,144.474,160.0,1,B3278,parking_charging,Position,Movement
20,131,Movement,2,5,2,5,805,813,19:05,19:13,8,8,27.57,0,0.0,160.0,132.43,1,B3278,passenger_flight,Position,Delivery
20,132,Delivery,5,5,5,5,813,816,19:13,19:16,3,0,0.0,2,8.534,132.43,140.964,0,B3278,delivery_service,Delivery,Delivery
21,0,Stay,2,2,2,2,0,90,05:40,07:10,90,0,0.0,90,0.0,160.0,160.0,0,B58,parking_charging,Position,Pickup
21,1,Pickup,2,2,2,2,90,93,07:10,07:13,3,0,0.0,2,0.0,160.0,160.0,1,B58,pickup_service,Pickup,Pickup
21,2,Movement,2,4,2,4,93,99,07:13,07:19,6,6,16.13,0,0.0,160.0,143.87,1,B58,passenger_flight,Position,Delivery
21,3,Delivery,4,4,4,4,99,102,07:19,07:22,3,0,0.0,2,8.534,143.87,152.404,0,B58,delivery_service,Delivery,Delivery
21,4,Movement,4,6,4,6,102,109,07:22,07:29,7,7,22.06,0,0.0,152.404,130.344,0,B82,empty_repositioning,Position,Pickup
21,5,Pickup,6,6,6,6,109,112,07:29,07:32,3,0,0.0,2,8.534,130.344,138.878,1,B82,pickup_service,Pickup,Pickup
21,6,Stay,6,6,6,6,112,113,07:32,07:33,1,0,0.0,1,4.267,138.878,143.145,1,B90,parking_charging,Position,Pickup
21,7,Pickup,6,6,6,6,113,116,07:33,07:36,3,0,0.0,2,8.534,143.145,151.679,2,B90,pickup_service,Pickup,Pickup
21,8,Movement,6,1,6,1,116,123,07:36,07:43,7,7,23.39,0,0.0,151.679,128.289,2,B82,passenger_flight,Position,Delivery
21,9,Delivery,1,1,1,1,123,126,07:43,07:46,3,0,0.0,2,8.534,128.289,136.823,1,B82,delivery_service,Delivery,Delivery
21,10,Delivery,1,1,1,1,126,129,07:46,07:49,3,0,0.0,2,8.534,136.823,145.357,0,B90,delivery_service,Delivery,Delivery
21,11,Stay,1,1,1,1,129,140,07:49,08:00,11,0,0.0,11,14.643,145.357,160.0,0,B153,parking_charging,Position,Movement
21,12,Movement,1,6,1,6,140,147,08:00,08:07,7,7,23.39,0,0.0,160.0,136.61,0,B153,empty_repositioning,Position,Pickup
21,13,Pickup,6,6,6,6,147,150,08:07,08:10,3,0,0.0,2,8.534,136.61,145.144,1,B153,pickup_service,Pickup,Pickup
21,14,Movement,6,1,6,1,150,157,08:10,08:17,7,7,23.39,0,0.0,145.144,121.754,1,B153,passenger_flight,Position,Delivery
21,15,Delivery,1,1,1,1,157,160,08:17,08:20,3,0,0.0,2,8.534,121.754,130.288,0,B153,delivery_service,Delivery,Delivery
21,16,Movement,1,6,1,6,160,167,08:20,08:27,7,7,23.39,0,0.0,130.288,106.898,0,B243,empty_repositioning,Position,Pickup
21,17,Pickup,6,6,6,6,167,170,08:27,08:30,3,0,0.0,2,8.534,106.898,115.432,1,B243,pickup_service,Pickup,Pickup
21,18,Stay,6,6,6,6,170,171,08:30,08:31,1,0,0.0,1,4.267,115.432,119.699,1,B253,parking_charging,Position,Pickup
21,19,Pickup,6,6,6,6,171,174,08:31,08:34,3,0,0.0,2,8.534,119.699,128.233,2,B253,pickup_service,Pickup,Pickup
21,20,Movement,6,1,6,1,174,181,08:34,08:41,7,7,23.39,0,0.0,128.233,104.843,2,B243,passenger_flight,Position,Delivery
21,21,Delivery,1,1,1,1,181,184,08:41,08:44,3,0,0.0,2,8.534,104.843,113.377,1,B243,delivery_service,Delivery,Delivery
21,22,Delivery,1,1,1,1,184,187,08:44,08:47,3,0,0.0,2,8.534,113.377,121.911,0,B253,delivery_service,Delivery,Delivery
21,23,Movement,1,7,1,7,187,194,08:47,08:54,7,7,21.03,0,0.0,121.911,100.881,0,B323,empty_repositioning,Position,Pickup
21,24,Pickup,7,7,7,7,194,197,08:54,08:57,3,0,0.0,2,8.534,100.881,109.415,1,B323,pickup_service,Pickup,Pickup
21,25,Movement,7,4,7,4,197,204,08:57,09:04,7,7,21.43,0,0.0,109.415,87.985,1,B323,passenger_flight,Position,Delivery
21,26,Delivery,4,4,4,4,204,207,09:04,09:07,3,0,0.0,2,8.534,87.985,96.519,0,B323,delivery_service,Delivery,Delivery
21,27,Stay,4,4,4,4,207,211,09:07,09:11,4,0,0.0,4,17.068,96.519,113.587,0,B396,parking_charging,Position,Movement
21,28,Movement,4,2,4,2,211,217,09:11,09:17,6,6,16.13,0,0.0,113.587,97.457,0,B396,empty_repositioning,Position,Pickup
21,29,Pickup,2,2,2,2,217,220,09:17,09:20,3,0,0.0,2,8.534,97.457,105.991,1,B396,pickup_service,Pickup,Pickup
21,30,Movement,2,1,2,1,220,227,09:20,09:27,7,7,13.61,0,0.0,105.991,92.381,1,B396,passenger_flight,Position,Delivery
21,31,Delivery,1,1,1,1,227,230,09:27,09:30,3,0,0.0,2,8.534,92.381,100.915,0,B396,delivery_service,Delivery,Delivery
21,32,Stay,1,1,1,1,230,247,09:30,09:47,17,0,0.0,17,59.085,100.915,160.0,0,B479,parking_charging,Position,Movement
21,33,Movement,1,3,1,3,247,253,09:47,09:53,6,6,9.61,0,0.0,160.0,150.39,0,B479,empty_repositioning,Position,Pickup
21,34,Pickup,3,3,3,3,253,256,09:53,09:56,3,0,0.0,2,8.534,150.39,158.924,1,B479,pickup_service,Pickup,Pickup
21,35,Stay,3,3,3,3,256,257,09:56,09:57,1,0,0.0,1,1.076,158.924,160.0,1,B488,parking_charging,Position,Pickup
21,36,Pickup,3,3,3,3,257,260,09:57,10:00,3,0,0.0,2,0.0,160.0,160.0,2,B488,pickup_service,Pickup,Pickup
21,37,Movement,3,4,3,4,260,267,10:00,10:07,7,7,12.6,0,0.0,160.0,147.4,2,B479,passenger_flight,Position,Delivery
21,38,Delivery,4,4,4,4,267,270,10:07,10:10,3,0,0.0,2,8.534,147.4,155.934,1,B479,delivery_service,Delivery,Delivery
21,39,Delivery,4,4,4,4,270,273,10:10,10:13,3,0,0.0,2,4.066,155.934,160.0,0,B488,delivery_service,Delivery,Delivery
21,40,Stay,4,4,4,4,273,295,10:13,10:35,22,0,0.0,22,0.0,160.0,160.0,0,B694,parking_charging,Position,Pickup
21,41,Pickup,4,4,4,4,295,298,10:35,10:38,3,0,0.0,2,0.0,160.0,160.0,1,B694,pickup_service,Pickup,Pickup
21,42,Stay,4,4,4,4,298,299,10:38,10:39,1,0,0.0,1,0.0,160.0,160.0,1,B718,parking_charging,Position,Pickup
21,43,Pickup,4,4,4,4,299,302,10:39,10:42,3,0,0.0,2,0.0,160.0,160.0,3,B718,pickup_service,Pickup,Pickup
21,44,Movement,4,3,4,3,302,309,10:42,10:49,7,7,12.6,0,0.0,160.0,147.4,3,B694,passenger_flight,Position,Delivery
21,45,Delivery,3,3,3,3,309,312,10:49,10:52,3,0,0.0,2,8.534,147.4,155.934,2,B694,delivery_service,Delivery,Delivery
21,46,Delivery,3,3,3,3,312,315,10:52,10:55,3,0,0.0,2,4.066,155.934,160.0,0,B718,delivery_service,Delivery,Delivery
21,47,Stay,3,3,3,3,315,319,10:55,10:59,4,0,0.0,4,0.0,160.0,160.0,0,B825,parking_charging,Position,Pickup
21,48,Pickup,3,3,3,3,319,322,10:59,11:02,3,0,0.0,2,0.0,160.0,160.0,1,B825,pickup_service,Pickup,Pickup
21,49,Stay,3,3,3,3,322,325,11:02,11:05,3,0,0.0,3,0.0,160.0,160.0,1,B825,parking_charging,Position,Movement
21,50,Movement,3,1,3,1,325,331,11:05,11:11,6,6,9.61,0,0.0,160.0,150.39,1,B825,passenger_flight,Position,Delivery
21,51,Delivery,1,1,1,1,331,334,11:11,11:14,3,0,0.0,2,8.534,150.39,158.924,0,B825,delivery_service,Delivery,Delivery
21,52,Stay,1,1,1,1,334,343,11:14,11:23,9,0,0.0,9,1.076,158.924,160.0,0,B966,parking_charging,Position,Movement
21,53,Movement,1,7,1,7,343,350,11:23,11:30,7,7,21.03,0,0.0,160.0,138.97,0,B966,empty_repositioning,Position,Pickup
21,54,Pickup,7,7,7,7,350,353,11:30,11:33,3,0,0.0,2,8.534,138.97,147.504,1,B966,pickup_service,Pickup,Pickup
21,55,Pickup,7,7,7,7,353,356,11:33,11:36,3,0,0.0,2,8.534,147.504,156.038,2,B980,pickup_service,Pickup,Pickup
21,56,Movement,7,1,7,1,356,363,11:36,11:43,7,7,21.03,0,0.0,156.038,135.008,2,B966,passenger_flight,Position,Delivery
21,57,Delivery,1,1,1,1,363,366,11:43,11:46,3,0,0.0,2,8.534,135.008,143.542,1,B966,delivery_service,Delivery,Delivery
21,58,Delivery,1,1,1,1,366,369,11:46,11:49,3,0,0.0,2,8.534,143.542,152.076,0,B980,delivery_service,Delivery,Delivery
21,59,Stay,1,1,1,1,369,384,11:49,12:04,15,0,0.0,15,7.924,152.076,160.0,0,B1077,parking_charging,Position,Pickup
21,60,Pickup,1,1,1,1,384,387,12:04,12:07,3,0,0.0,2,0.0,160.0,160.0,1,B1077,pickup_service,Pickup,Pickup
21,61,Pickup,1,1,1,1,387,390,12:07,12:10,3,0,0.0,2,0.0,160.0,160.0,2,B1080,pickup_service,Pickup,Pickup
21,62,Movement,1,10,1,10,390,403,12:10,12:23,13,13,47.44,0,0.0,160.0,112.56,2,B1077,passenger_flight,Position,Delivery
21,63,Delivery,10,10,10,10,403,406,12:23,12:26,3,0,0.0,2,8.534,112.56,121.094,1,B1077,delivery_service,Delivery,Delivery
21,64,Delivery,10,10,10,10,406,409,12:26,12:29,3,0,0.0,2,8.534,121.094,129.628,0,B1080,delivery_service,Delivery,Delivery
21,65,Pickup,10,10,10,10,409,412,12:29,12:32,3,0,0.0,2,8.534,129.628,138.162,1,B1124,pickup_service,Pickup,Pickup
21,66,Movement,10,3,10,3,412,427,12:32,12:47,15,15,54.92,0,0.0,138.162,83.242,1,B1124,passenger_flight,Position,Delivery
21,67,Delivery,3,3,3,3,427,430,12:47,12:50,3,0,0.0,2,8.534,83.242,91.776,0,B1124,delivery_service,Delivery,Delivery
21,68,Stay,3,3,3,3,430,438,12:50,12:58,8,0,0.0,8,34.136,91.776,125.912,0,B1209,parking_charging,Position,Pickup
21,69,Pickup,3,3,3,3,438,441,12:58,13:01,3,0,0.0,2,8.534,125.912,134.446,1,B1209,pickup_service,Pickup,Pickup
21,70,Movement,3,6,3,6,441,451,13:01,13:11,10,10,32.98,0,0.0,134.446,101.466,1,B1209,passenger_flight,Position,Delivery
21,71,Delivery,6,6,6,6,451,454,13:11,13:14,3,0,0.0,2,8.534,101.466,110.0,0,B1209,delivery_service,Delivery,Delivery
21,72,Pickup,6,6,6,6,454,457,13:14,13:17,3,0,0.0,2,8.534,110.0,118.534,1,B1234,pickup_service,Pickup,Pickup
21,73,Movement,6,7,6,7,457,469,13:17,13:29,12,12,43.48,0,0.0,118.534,75.054,1,B1234,passenger_flight,Position,Delivery
21,74,Delivery,7,7,7,7,469,472,13:29,13:32,3,0,0.0,2,8.534,75.054,83.588,0,B1234,delivery_service,Delivery,Delivery
21,75,Pickup,7,7,7,7,472,475,13:32,13:35,3,0,0.0,2,8.534,83.588,92.122,1,B1274,pickup_service,Pickup,Pickup
21,76,Movement,7,4,7,4,475,482,13:35,13:42,7,7,21.43,0,0.0,92.122,70.692,1,B1274,passenger_flight,Position,Delivery
21,77,Delivery,4,4,4,4,482,485,13:42,13:45,3,0,0.0,2,8.534,70.692,79.226,0,B1274,delivery_service,Delivery,Delivery
21,78,Stay,4,4,4,4,485,490,13:45,13:50,5,0,0.0,5,21.335,79.226,100.561,0,B1312,parking_charging,Position,Pickup
21,79,Pickup,4,4,4,4,490,493,13:50,13:53,3,0,0.0,2,8.534,100.561,109.095,1,B1312,pickup_service,Pickup,Pickup
21,80,Movement,4,7,4,7,493,500,13:53,14:00,7,7,21.43,0,0.0,109.095,87.665,1,B1312,passenger_flight,Position,Delivery
21,81,Delivery,7,7,7,7,500,503,14:00,14:03,3,0,0.0,2,8.534,87.665,96.199,0,B1312,delivery_service,Delivery,Delivery
21,82,Movement,7,1,7,1,503,510,14:03,14:10,7,7,21.03,0,0.0,96.199,75.169,0,B1373,empty_repositioning,Position,Pickup
21,83,Pickup,1,1,1,1,510,513,14:10,14:13,3,0,0.0,2,8.534,75.169,83.703,1,B1373,pickup_service,Pickup,Pickup
21,84,Pickup,1,1,1,1,513,516,14:13,14:16,3,0,0.0,2,8.534,83.703,92.237,2,B1389,pickup_service,Pickup,Pickup
21,85,Movement,1,7,1,7,516,523,14:16,14:23,7,7,21.03,0,0.0,92.237,71.207,2,B1373,passenger_flight,Position,Delivery
21,86,Delivery,7,7,7,7,523,526,14:23,14:26,3,0,0.0,2,8.534,71.207,79.741,1,B1373,delivery_service,Delivery,Delivery
21,87,Delivery,7,7,7,7,526,529,14:26,14:29,3,0,0.0,2,8.534,79.741,88.275,0,B1389,delivery_service,Delivery,Delivery
21,88,Movement,7,1,7,1,529,536,14:29,14:36,7,7,21.03,0,0.0,88.275,67.245,0,B1477,empty_repositioning,Position,Pickup
21,89,Pickup,1,1,1,1,536,539,14:36,14:39,3,0,0.0,2,8.534,67.245,75.779,1,B1477,pickup_service,Pickup,Pickup
21,90,Movement,1,7,1,7,539,546,14:39,14:46,7,7,21.03,0,0.0,75.779,54.749,1,B1477,passenger_flight,Position,Delivery
21,91,Delivery,7,7,7,7,546,549,14:46,14:49,3,0,0.0,2,8.534,54.749,63.283,0,B1477,delivery_service,Delivery,Delivery
21,92,Stay,7,7,7,7,549,572,14:49,15:12,23,0,0.0,23,96.717,63.283,160.0,0,B1644,parking_charging,Position,Pickup
21,93,Pickup,7,7,7,7,572,575,15:12,15:15,3,0,0.0,2,0.0,160.0,160.0,1,B1644,pickup_service,Pickup,Pickup
21,94,Movement,7,4,7,4,575,582,15:15,15:22,7,7,21.43,0,0.0,160.0,138.57,1,B1644,passenger_flight,Position,Delivery
21,95,Delivery,4,4,4,4,582,585,15:22,15:25,3,0,0.0,2,8.534,138.57,147.104,0,B1644,delivery_service,Delivery,Delivery
21,96,Stay,4,4,4,4,585,589,15:25,15:29,4,0,0.0,4,12.896,147.104,160.0,0,B1701,parking_charging,Position,Pickup
21,97,Pickup,4,4,4,4,589,592,15:29,15:32,3,0,0.0,2,0.0,160.0,160.0,1,B1701,pickup_service,Pickup,Pickup
21,98,Movement,4,3,4,3,592,599,15:32,15:39,7,7,12.6,0,0.0,160.0,147.4,1,B1701,passenger_flight,Position,Delivery
21,99,Delivery,3,3,3,3,599,602,15:39,15:42,3,0,0.0,2,8.534,147.4,155.934,0,B1701,delivery_service,Delivery,Delivery
21,100,Pickup,3,3,3,3,602,605,15:42,15:45,3,0,0.0,2,4.066,155.934,160.0,1,B1763,pickup_service,Pickup,Pickup
21,101,Stay,3,3,3,3,605,606,15:45,15:46,1,0,0.0,1,0.0,160.0,160.0,1,B1809,parking_charging,Position,Movement
21,102,Movement,3,4,3,4,606,613,15:46,15:53,7,7,12.6,0,0.0,160.0,147.4,1,B1809,passenger_flight,Position,Pickup
21,103,Pickup,4,4,4,4,613,616,15:53,15:56,3,0,0.0,2,8.534,147.4,155.934,2,B1809,pickup_service,Pickup,Pickup
21,104,Delivery,4,4,4,4,616,619,15:56,15:59,3,0,0.0,2,4.066,155.934,160.0,1,B1763,delivery_service,Delivery,Delivery
21,105,Movement,4,3,4,3,619,626,15:59,16:06,7,7,12.6,0,0.0,160.0,147.4,1,B1809,passenger_flight,Position,Delivery
21,106,Delivery,3,3,3,3,626,629,16:06,16:09,3,0,0.0,2,8.534,147.4,155.934,0,B1809,delivery_service,Delivery,Delivery
21,107,Stay,3,3,3,3,629,635,16:09,16:15,6,0,0.0,6,4.066,155.934,160.0,0,B1946,parking_charging,Position,Pickup
21,108,Pickup,3,3,3,3,635,638,16:15,16:18,3,0,0.0,2,0.0,160.0,160.0,3,B1946,pickup_service,Pickup,Pickup
21,109,Movement,3,9,3,9,638,653,16:18,16:33,15,15,52.78,0,0.0,160.0,107.22,3,B1946,passenger_flight,Position,Delivery
21,110,Delivery,9,9,9,9,653,656,16:33,16:36,3,0,0.0,2,8.534,107.22,115.754,0,B1946,delivery_service,Delivery,Delivery
21,111,Stay,9,9,9,9,656,668,16:36,16:48,12,0,0.0,12,44.246,115.754,160.0,0,B2176,parking_charging,Position,Pickup
21,112,Pickup,9,9,9,9,668,671,16:48,16:51,3,0,0.0,2,0.0,160.0,160.0,1,B2176,pickup_service,Pickup,Pickup
21,113,Pickup,9,9,9,9,671,674,16:51,16:54,3,0,0.0,2,0.0,160.0,160.0,3,B2157,pickup_service,Pickup,Pickup
21,114,Movement,9,4,9,4,674,689,16:54,17:09,15,15,55.47,0,0.0,160.0,104.53,3,B2157,passenger_flight,Position,Delivery
21,115,Delivery,4,4,4,4,689,692,17:09,17:12,3,0,0.0,2,8.534,104.53,113.064,1,B2157,delivery_service,Delivery,Delivery
21,116,Delivery,4,4,4,4,692,695,17:12,17:15,3,0,0.0,2,8.534,113.064,121.598,0,B2176,delivery_service,Delivery,Delivery
21,117,Pickup,4,4,4,4,695,698,17:15,17:18,3,0,0.0,2,8.534,121.598,130.132,2,B2415,pickup_service,Pickup,Pickup
21,118,Movement,4,2,4,2,698,704,17:18,17:24,6,6,16.13,0,0.0,130.132,114.002,2,B2415,passenger_flight,Position,Delivery
21,119,Delivery,2,2,2,2,704,707,17:24,17:27,3,0,0.0,2,8.534,114.002,122.536,0,B2415,delivery_service,Delivery,Delivery
21,120,Stay,2,2,2,2,707,717,17:27,17:37,10,0,0.0,10,37.464,122.536,160.0,0,B2669,parking_charging,Position,Pickup
21,121,Pickup,2,2,2,2,717,720,17:37,17:40,3,0,0.0,2,0.0,160.0,160.0,2,B2669,pickup_service,Pickup,Pickup
21,122,Movement,2,5,2,5,720,728,17:40,17:48,8,8,27.57,0,0.0,160.0,132.43,2,B2669,passenger_flight,Position,Delivery
21,123,Delivery,5,5,5,5,728,731,17:48,17:51,3,0,0.0,2,8.534,132.43,140.964,0,B2669,delivery_service,Delivery,Delivery
21,124,Movement,5,6,5,6,731,738,17:51,17:58,7,7,12.76,0,0.0,140.964,128.204,0,B2861,empty_repositioning,Position,Pickup
21,125,Pickup,6,6,6,6,738,741,17:58,18:01,3,0,0.0,2,8.534,128.204,136.738,2,B2861,pickup_service,Pickup,Pickup
21,126,Movement,6,7,6,7,741,753,18:01,18:13,12,12,43.48,0,0.0,136.738,93.258,2,B2861,passenger_flight,Position,Delivery
21,127,Delivery,7,7,7,7,753,756,18:13,18:16,3,0,0.0,2,8.534,93.258,101.792,0,B2861,delivery_service,Delivery,Delivery
21,128,Pickup,7,7,7,7,756,759,18:16,18:19,3,0,0.0,2,8.534,101.792,110.326,1,B3010,pickup_service,Pickup,Pickup
21,129,Movement,7,3,7,3,759,766,18:19,18:26,7,7,13.33,0,0.0,110.326,96.996,1,B3010,passenger_flight,Position,Delivery
21,130,Delivery,3,3,3,3,766,769,18:26,18:29,3,0,0.0,2,8.534,96.996,105.53,0,B3010,delivery_service,Delivery,Delivery
21,131,Movement,3,2,3,2,769,772,18:29,18:32,3,3,4.08,0,0.0,105.53,101.45,0,B3120,empty_repositioning,Position,Pickup
21,132,Pickup,2,2,2,2,772,775,18:32,18:35,3,0,0.0,2,8.534,101.45,109.984,1,B3120,pickup_service,Pickup,Pickup
21,133,Pickup,2,2,2,2,775,778,18:35,18:38,3,0,0.0,2,8.534,109.984,118.518,3,B3134,pickup_service,Pickup,Pickup
21,134,Movement,2,5,2,5,778,786,18:38,18:46,8,8,27.57,0,0.0,118.518,90.948,3,B3120,passenger_flight,Position,Delivery
21,135,Delivery,5,5,5,5,786,789,18:46,18:49,3,0,0.0,2,8.534,90.948,99.482,2,B3120,delivery_service,Delivery,Delivery
21,136,Delivery,5,5,5,5,789,792,18:49,18:52,3,0,0.0,2,8.534,99.482,108.016,0,B3134,delivery_service,Delivery,Delivery
21,137,Movement,5,4,5,4,792,798,18:52,18:58,6,6,11.45,0,0.0,108.016,96.566,0,B3254,empty_repositioning,Position,Pickup
21,138,Pickup,4,4,4,4,798,801,18:58,19:01,3,0,0.0,2,8.534,96.566,105.1,1,B3254,pickup_service,Pickup,Pickup
21,139,Movement,4,2,4,2,801,807,19:01,19:07,6,6,16.13,0,0.0,105.1,88.97,1,B3254,passenger_flight,Position,Delivery
21,140,Delivery,2,2,2,2,807,810,19:07,19:10,3,0,0.0,2,8.534,88.97,97.504,0,B3254,delivery_service,Delivery,Delivery
22,0,Stay,3,3,3,3,0,81,05:40,07:01,81,0,0.0,81,0.0,160.0,160.0,0,B63,parking_charging,Position,Movement
22,1,Movement,3,6,3,6,81,91,07:01,07:11,10,10,32.98,0,0.0,160.0,127.02,0,B63,empty_repositioning,Position,Pickup
22,2,Pickup,6,6,6,6,91,94,07:11,07:14,3,0,0.0,2,8.534,127.02,135.554,1,B63,pickup_service,Pickup,Pickup
22,3,Movement,6,3,6,3,94,104,07:14,07:24,10,10,32.98,0,0.0,135.554,102.574,1,B63,passenger_flight,Position,Delivery
22,4,Delivery,3,3,3,3,104,107,07:24,07:27,3,0,0.0,2,8.534,102.574,111.108,0,B63,delivery_service,Delivery,Delivery
22,5,Stay,3,3,3,3,107,140,07:27,08:00,33,0,0.0,33,48.892,111.108,160.0,0,B122,parking_charging,Position,Pickup
22,6,Pickup,3,3,3,3,140,143,08:00,08:03,3,0,0.0,2,0.0,160.0,160.0,2,B122,pickup_service,Pickup,Pickup
22,7,Stay,3,3,3,3,143,144,08:03,08:04,1,0,0.0,1,0.0,160.0,160.0,2,B137,parking_charging,Position,Pickup
22,8,Pickup,3,3,3,3,144,147,08:04,08:07,3,0,0.0,2,0.0,160.0,160.0,3,B137,pickup_service,Pickup,Pickup
22,9,Movement,3,4,3,4,147,154,08:07,08:14,7,7,12.6,0,0.0,160.0,147.4,3,B122,passenger_flight,Position,Delivery
22,10,Delivery,4,4,4,4,154,157,08:14,08:17,3,0,0.0,2,8.534,147.4,155.934,1,B122,delivery_service,Delivery,Delivery
22,11,Delivery,4,4,4,4,157,160,08:17,08:20,3,0,0.0,2,4.066,155.934,160.0,0,B137,delivery_service,Delivery,Delivery
22,12,Movement,4,5,4,5,160,166,08:20,08:26,6,6,11.45,0,0.0,160.0,148.55,0,B230,empty_repositioning,Position,Pickup
22,13,Pickup,5,5,5,5,166,169,08:26,08:29,3,0,0.0,2,8.534,148.55,157.084,1,B230,pickup_service,Pickup,Pickup
22,14,Movement,5,2,5,2,169,177,08:29,08:37,8,8,27.57,0,0.0,157.084,129.514,1,B230,passenger_flight,Position,Delivery
22,15,Delivery,2,2,2,2,177,180,08:37,08:40,3,0,0.0,2,8.534,129.514,138.048,0,B230,delivery_service,Delivery,Delivery
22,16,Pickup,2,2,2,2,180,183,08:40,08:43,3,0,0.0,2,8.534,138.048,146.582,1,B272,pickup_service,Pickup,Pickup
22,17,Movement,2,4,2,4,183,189,08:43,08:49,6,6,16.13,0,0.0,146.582,130.452,1,B272,passenger_flight,Position,Delivery
22,18,Delivery,4,4,4,4,189,192,08:49,08:52,3,0,0.0,2,8.534,130.452,138.986,0,B272,delivery_service,Delivery,Delivery
22,19,Movement,4,6,4,6,192,199,08:52,08:59,7,7,22.06,0,0.0,138.986,116.926,0,B328,empty_repositioning,Position,Pickup
22,20,Pickup,6,6,6,6,199,202,08:59,09:02,3,0,0.0,2,8.534,116.926,125.46,1,B328,pickup_service,Pickup,Pickup
22,21,Movement,6,7,6,7,202,214,09:02,09:14,12,12,43.48,0,0.0,125.46,81.98,1,B328,passenger_flight,Position,Delivery
22,22,Delivery,7,7,7,7,214,217,09:14,09:17,3,0,0.0,2,8.534,81.98,90.514,0,B328,delivery_service,Delivery,Delivery
22,23,Stay,7,7,7,7,217,219,09:17,09:19,2,0,0.0,2,8.534,90.514,99.048,0,B401,parking_charging,Position,Pickup
22,24,Pickup,7,7,7,7,219,222,09:19,09:22,3,0,0.0,2,8.534,99.048,107.582,1,B401,pickup_service,Pickup,Pickup
22,25,Movement,7,1,7,1,222,229,09:22,09:29,7,7,21.03,0,0.0,107.582,86.552,1,B401,passenger_flight,Position,Delivery
22,26,Delivery,1,1,1,1,229,232,09:29,09:32,3,0,0.0,2,8.534,86.552,95.086,0,B401,delivery_service,Delivery,Delivery
22,27,Movement,1,6,1,6,232,239,09:32,09:39,7,7,23.39,0,0.0,95.086,71.696,0,B446,empty_repositioning,Position,Pickup
22,28,Pickup,6,6,6,6,239,242,09:39,09:42,3,0,0.0,2,8.534,71.696,80.23,1,B446,pickup_service,Pickup,Pickup
22,29,Movement,6,3,6,3,242,252,09:42,09:52,10,10,32.98,0,0.0,80.23,47.25,1,B446,passenger_flight,Position,Delivery
22,30,Delivery,3,3,3,3,252,255,09:52,09:55,3,0,0.0,2,8.534,47.25,55.784,0,B446,delivery_service,Delivery,Delivery
22,31,Stay,3,3,3,3,255,259,09:55,09:59,4,0,0.0,4,17.068,55.784,72.852,0,B494-1,parking_charging,Position,Pickup
22,32,Pickup,3,3,3,3,259,262,09:59,10:02,3,0,0.0,2,8.534,72.852,81.386,3,B494-1,pickup_service,Pickup,Pickup
22,33,Movement,3,4,3,4,262,269,10:02,10:09,7,7,12.6,0,0.0,81.386,68.786,3,B494-1,passenger_flight,Position,Delivery
22,34,Delivery,4,4,4,4,269,272,10:09,10:12,3,0,0.0,2,8.534,68.786,77.32,0,B494-1,delivery_service,Delivery,Delivery
22,35,Stay,4,4,4,4,272,282,10:12,10:22,10,0,0.0,10,42.67,77.32,119.99,0,B628,parking_charging,Position,Pickup
22,36,Pickup,4,4,4,4,282,285,10:22,10:25,3,0,0.0,2,8.534,119.99,128.524,1,B628,pickup_service,Pickup,Pickup
22,37,Pickup,4,4,4,4,285,288,10:25,10:28,3,0,0.0,2,8.534,128.524,137.058,3,B648,pickup_service,Pickup,Pickup
22,38,Movement,4,9,4,9,288,303,10:28,10:43,15,15,55.47,0,0.0,137.058,81.588,3,B628,passenger_flight,Position,Delivery
22,39,Delivery,9,9,9,9,303,306,10:43,10:46,3,0,0.0,2,8.534,81.588,90.122,2,B628,delivery_service,Delivery,Delivery
22,40,Delivery,9,9,9,9,306,309,10:46,10:49,3,0,0.0,2,8.534,90.122,98.656,0,B648,delivery_service,Delivery,Delivery
22,41,Stay,9,9,9,9,309,324,10:49,11:04,15,0,0.0,15,61.344,98.656,160.0,0,B855,parking_charging,Position,Pickup
22,42,Pickup,9,9,9,9,324,327,11:04,11:07,3,0,0.0,2,0.0,160.0,160.0,1,B855,pickup_service,Pickup,Pickup
22,43,Pickup,9,9,9,9,327,330,11:07,11:10,3,0,0.0,2,0.0,160.0,160.0,3,B842,pickup_service,Pickup,Pickup
22,44,Movement,9,4,9,4,330,345,11:10,11:25,15,15,55.47,0,0.0,160.0,104.53,3,B842,passenger_flight,Position,Delivery
22,45,Delivery,4,4,4,4,345,348,11:25,11:28,3,0,0.0,2,8.534,104.53,113.064,1,B842,delivery_service,Delivery,Delivery
22,46,Delivery,4,4,4,4,348,351,11:28,11:31,3,0,0.0,2,8.534,113.064,121.598,0,B855,delivery_service,Delivery,Delivery
22,47,Pickup,4,4,4,4,351,354,11:31,11:34,3,0,0.0,2,8.534,121.598,130.132,1,B956,pickup_service,Pickup,Pickup
22,48,Movement,4,7,4,7,354,361,11:34,11:41,7,7,21.43,0,0.0,130.132,108.702,1,B956,passenger_flight,Position,Delivery
22,49,Delivery,7,7,7,7,361,364,11:41,11:44,3,0,0.0,2,8.534,108.702,117.236,0,B956,delivery_service,Delivery,Delivery
22,50,Stay,7,7,7,7,364,365,11:44,11:45,1,0,0.0,1,4.267,117.236,121.503,0,B1023,parking_charging,Position,Pickup
22,51,Pickup,7,7,7,7,365,368,11:45,11:48,3,0,0.0,2,8.534,121.503,130.037,1,B1023,pickup_service,Pickup,Pickup
22,52,Movement,7,4,7,4,368,375,11:48,11:55,7,7,21.43,0,0.0,130.037,108.607,1,B1023,passenger_flight,Position,Delivery
22,53,Delivery,4,4,4,4,375,378,11:55,11:58,3,0,0.0,2,8.534,108.607,117.141,0,B1023,delivery_service,Delivery,Delivery
22,54,Pickup,4,4,4,4,378,381,11:58,12:01,3,0,0.0,2,8.534,117.141,125.675,1,B1056,pickup_service,Pickup,Pickup
22,55,Movement,4,10,4,10,381,393,12:01,12:13,12,12,42.86,0,0.0,125.675,82.815,1,B1056,passenger_flight,Position,Delivery
22,56,Delivery,10,10,10,10,393,396,12:13,12:16,3,0,0.0,2,8.534,82.815,91.349,0,B1056,delivery_service,Delivery,Delivery
22,57,Stay,10,10,10,10,396,397,12:16,12:17,1,0,0.0,1,4.267,91.349,95.616,0,B1109,parking_charging,Position,Pickup
22,58,Pickup,10,10,10,10,397,400,12:17,12:20,3,0,0.0,2,8.534,95.616,104.15,1,B1109,pickup_service,Pickup,Pickup
22,59,Movement,10,4,10,4,400,412,12:20,12:32,12,12,42.86,0,0.0,104.15,61.29,1,B1109,passenger_flight,Position,Delivery
22,60,Delivery,4,4,4,4,412,415,12:32,12:35,3,0,0.0,2,8.534,61.29,69.824,0,B1109,delivery_service,Delivery,Delivery
22,61,Movement,4,1,4,1,415,419,12:35,12:39,4,4,4.98,0,0.0,69.824,64.844,0,B1153,empty_repositioning,Position,Pickup
22,62,Pickup,1,1,1,1,419,422,12:39,12:42,3,0,0.0,2,8.534,64.844,73.378,1,B1153,pickup_service,Pickup,Pickup
22,63,Movement,1,9,1,9,422,438,12:42,12:58,16,16,57.72,0,0.0,73.378,15.658,1,B1153,passenger_flight,Position,Delivery
22,64,Delivery,9,9,9,9,438,441,12:58,13:01,3,0,0.0,2,8.534,15.658,24.192,0,B1153,delivery_service,Delivery,Delivery
22,65,Pickup,9,9,9,9,441,444,13:01,13:04,3,0,0.0,2,8.534,24.192,32.726,1,B1210,pickup_service,Pickup,Pickup
22,66,Stay,9,9,9,9,444,460,13:04,13:20,16,0,0.0,16,68.272,32.726,100.998,1,B1210,parking_charging,Position,Movement
22,67,Movement,9,4,9,4,460,475,13:20,13:35,15,15,55.47,0,0.0,100.998,45.528,1,B1210,passenger_flight,Position,Delivery
22,68,Delivery,4,4,4,4,475,478,13:35,13:38,3,0,0.0,2,8.534,45.528,54.062,0,B1210,delivery_service,Delivery,Delivery
22,69,Pickup,4,4,4,4,478,481,13:38,13:41,3,0,0.0,2,8.534,54.062,62.596,1,B1287,pickup_service,Pickup,Pickup
22,70,Movement,4,7,4,7,481,488,13:41,13:48,7,7,21.43,0,0.0,62.596,41.166,1,B1287,passenger_flight,Position,Delivery
22,71,Delivery,7,7,7,7,488,491,13:48,13:51,3,0,0.0,2,8.534,41.166,49.7,0,B1287,delivery_service,Delivery,Delivery
22,72,Stay,7,7,7,7,491,493,13:51,13:53,2,0,0.0,2,8.534,49.7,58.234,0,B1322,parking_charging,Position,Pickup
22,73,Pickup,7,7,7,7,493,496,13:53,13:56,3,0,0.0,2,8.534,58.234,66.768,1,B1322,pickup_service,Pickup,Pickup
22,74,Movement,7,4,7,4,496,503,13:56,14:03,7,7,21.43,0,0.0,66.768,45.338,1,B1322,passenger_flight,Position,Delivery
22,75,Delivery,4,4,4,4,503,506,14:03,14:06,3,0,0.0,2,8.534,45.338,53.872,0,B1322,delivery_service,Delivery,Delivery
22,76,Pickup,4,4,4,4,506,509,14:06,14:09,3,0,0.0,2,8.534,53.872,62.406,2,B1347,pickup_service,Pickup,Pickup
22,77,Movement,4,7,4,7,509,516,14:09,14:16,7,7,21.43,0,0.0,62.406,40.976,2,B1347,passenger_flight,Position,Delivery
22,78,Delivery,7,7,7,7,516,519,14:16,14:19,3,0,0.0,2,8.534,40.976,49.51,0,B1347,delivery_service,Delivery,Delivery
22,79,Stay,7,7,7,7,519,520,14:19,14:20,1,0,0.0,1,4.267,49.51,53.777,0,B1432,parking_charging,Position,Movement
22,80,Movement,7,1,7,1,520,527,14:20,14:27,7,7,21.03,0,0.0,53.777,32.747,0,B1432,empty_repositioning,Position,Pickup
22,81,Pickup,1,1,1,1,527,530,14:27,14:30,3,0,0.0,2,8.534,32.747,41.281,1,B1432,pickup_service,Pickup,Pickup
22,82,Movement,1,2,1,2,530,537,14:30,14:37,7,7,13.61,0,0.0,41.281,27.671,1,B1432,passenger_flight,Position,Delivery
22,83,Delivery,2,2,2,2,537,540,14:37,14:40,3,0,0.0,2,8.534,27.671,36.205,0,B1432,delivery_service,Delivery,Delivery
22,84,Stay,2,2,2,2,540,546,14:40,14:46,6,0,0.0,6,25.602,36.205,61.807,0,B1532,parking_charging,Position,Pickup
22,85,Pickup,2,2,2,2,546,549,14:46,14:49,3,0,0.0,2,8.534,61.807,70.341,1,B1532,pickup_service,Pickup,Pickup
22,86,Movement,2,5,2,5,549,557,14:49,14:57,8,8,27.57,0,0.0,70.341,42.771,1,B1532,passenger_flight,Position,Delivery
22,87,Delivery,5,5,5,5,557,560,14:57,15:00,3,0,0.0,2,8.534,42.771,51.305,0,B1532,delivery_service,Delivery,Delivery
22,88,Stay,5,5,5,5,560,573,15:00,15:13,13,0,0.0,13,55.471,51.305,106.776,0,B1646,parking_charging,Position,Pickup
22,89,Pickup,5,5,5,5,573,576,15:13,15:16,3,0,0.0,2,8.534,106.776,115.31,1,B1646,pickup_service,Pickup,Pickup
22,90,Pickup,5,5,5,5,576,579,15:16,15:19,3,0,0.0,2,8.534,115.31,123.844,2,B1654,pickup_service,Pickup,Pickup
22,91,Movement,5,2,5,2,579,587,15:19,15:27,8,8,27.57,0,0.0,123.844,96.274,2,B1646,passenger_flight,Position,Delivery
22,92,Delivery,2,2,2,2,587,590,15:27,15:30,3,0,0.0,2,8.534,96.274,104.808,1,B1646,delivery_service,Delivery,Delivery
22,93,Delivery,2,2,2,2,590,593,15:30,15:33,3,0,0.0,2,8.534,104.808,113.342,0,B1654,delivery_service,Delivery,Delivery
22,94,Stay,2,2,2,2,593,604,15:33,15:44,11,0,0.0,11,46.658,113.342,160.0,0,B1774,parking_charging,Position,Pickup
22,95,Pickup,2,2,2,2,604,607,15:44,15:47,3,0,0.0,2,0.0,160.0,160.0,1,B1774,pickup_service,Pickup,Pickup
22,96,Movement,2,4,2,4,607,613,15:47,15:53,6,6,16.13,0,0.0,160.0,143.87,1,B1774,passenger_flight,Position,Delivery
22,97,Delivery,4,4,4,4,613,616,15:53,15:56,3,0,0.0,2,8.534,143.87,152.404,0,B1774,delivery_service,Delivery,Delivery
22,98,Stay,4,4,4,4,616,618,15:56,15:58,2,0,0.0,2,7.596,152.404,160.0,0,B1833,parking_charging,Position,Pickup
22,99,Pickup,4,4,4,4,618,621,15:58,16:01,3,0,0.0,2,0.0,160.0,160.0,1,B1833,pickup_service,Pickup,Pickup
22,100,Movement,4,7,4,7,621,628,16:01,16:08,7,7,21.43,0,0.0,160.0,138.57,1,B1833,passenger_flight,Position,Delivery
22,101,Delivery,7,7,7,7,628,631,16:08,16:11,3,0,0.0,2,8.534,138.57,147.104,0,B1833,delivery_service,Delivery,Delivery
22,102,Pickup,7,7,7,7,631,634,16:11,16:14,3,0,0.0,2,8.534,147.104,155.638,1,B1892,pickup_service,Pickup,Pickup
22,103,Movement,7,1,7,1,634,641,16:14,16:21,7,7,21.03,0,0.0,155.638,134.608,1,B1892,passenger_flight,Position,Delivery
22,104,Delivery,1,1,1,1,641,644,16:21,16:24,3,0,0.0,2,8.534,134.608,143.142,0,B1892,delivery_service,Delivery,Delivery
22,105,Pickup,1,1,1,1,644,647,16:24,16:27,3,0,0.0,2,8.534,143.142,151.676,2,B1981,pickup_service,Pickup,Pickup
22,106,Movement,1,6,1,6,647,654,16:27,16:34,7,7,23.39,0,0.0,151.676,128.286,2,B1981,passenger_flight,Position,Delivery
22,107,Delivery,6,6,6,6,654,657,16:34,16:37,3,0,0.0,2,8.534,128.286,136.82,0,B1981,delivery_service,Delivery,Delivery
22,108,Stay,6,6,6,6,657,660,16:37,16:40,3,0,0.0,3,12.801,136.82,149.621,0,B2137,parking_charging,Position,Movement
22,109,Movement,6,1,6,1,660,667,16:40,16:47,7,7,23.39,0,0.0,149.621,126.231,0,B2137,empty_repositioning,Position,Pickup
22,110,Pickup,1,1,1,1,667,670,16:47,16:50,3,0,0.0,2,8.534,126.231,134.765,1,B2137,pickup_service,Pickup,Pickup
22,111,Movement,1,3,1,3,670,676,16:50,16:56,6,6,9.61,0,0.0,134.765,125.155,1,B2137,passenger_flight,Position,Delivery
22,112,Delivery,3,3,3,3,676,679,16:56,16:59,3,0,0.0,2,8.534,125.155,133.689,0,B2137,delivery_service,Delivery,Delivery
22,113,Stay,3,3,3,3,679,685,16:59,17:05,6,0,0.0,6,25.602,133.689,159.291,0,B2317-1,parking_charging,Position,Pickup
22,114,Pickup,3,3,3,3,685,688,17:05,17:08,3,0,0.0,2,0.709,159.291,160.0,3,B2317-1,pickup_service,Pickup,Pickup
22,115,Movement,3,10,3,10,688,703,17:08,17:23,15,15,54.92,0,0.0,160.0,105.08,3,B2317-1,passenger_flight,Position,Delivery
22,116,Delivery,10,10,10,10,703,706,17:23,17:26,3,0,0.0,2,8.534,105.08,113.614,0,B2317-1,delivery_service,Delivery,Delivery
22,117,Pickup,10,10,10,10,706,709,17:26,17:29,3,0,0.0,2,8.534,113.614,122.148,1,B2550,pickup_service,Pickup,Pickup
22,118,Stay,10,10,10,10,709,714,17:29,17:34,5,0,0.0,5,21.335,122.148,143.483,1,B2646,parking_charging,Position,Pickup
22,119,Pickup,10,10,10,10,714,717,17:34,17:37,3,0,0.0,2,8.534,143.483,152.017,3,B2646,pickup_service,Pickup,Pickup
22,120,Movement,10,3,10,3,717,732,17:37,17:52,15,15,54.92,0,0.0,152.017,97.097,3,B2550,passenger_flight,Position,Delivery
22,121,Delivery,3,3,3,3,732,735,17:52,17:55,3,0,0.0,2,8.534,97.097,105.631,2,B2550,delivery_service,Delivery,Delivery
22,122,Delivery,3,3,3,3,735,738,17:55,17:58,3,0,0.0,2,8.534,105.631,114.165,0,B2646,delivery_service,Delivery,Delivery
22,123,Pickup,3,3,3,3,738,741,17:58,18:01,3,0,0.0,2,8.534,114.165,122.699,3,B2902,pickup_service,Pickup,Pickup
22,124,Movement,3,4,3,4,741,748,18:01,18:08,7,7,12.6,0,0.0,122.699,110.099,3,B2902,passenger_flight,Position,Delivery
22,125,Delivery,4,4,4,4,748,751,18:08,18:11,3,0,0.0,2,8.534,110.099,118.633,0,B2902,delivery_service,Delivery,Delivery
22,126,Stay,4,4,4,4,751,752,18:11,18:12,1,0,0.0,1,4.267,118.633,122.9,0,B3001,parking_charging,Position,Pickup
22,127,Pickup,4,4,4,4,752,755,18:12,18:15,3,0,0.0,2,8.534,122.9,131.434,2,B3001,pickup_service,Pickup,Pickup
22,128,Movement,4,2,4,2,755,761,18:15,18:21,6,6,16.13,0,0.0,131.434,115.304,2,B3001,passenger_flight,Position,Delivery
22,129,Delivery,2,2,2,2,761,764,18:21,18:24,3,0,0.0,2,8.534,115.304,123.838,0,B3001,delivery_service,Delivery,Delivery
22,130,Pickup,2,2,2,2,764,767,18:24,18:27,3,0,0.0,2,8.534,123.838,132.372,2,B3028,pickup_service,Pickup,Pickup
22,131,Movement,2,5,2,5,767,775,18:27,18:35,8,8,27.57,0,0.0,132.372,104.802,2,B3028,passenger_flight,Position,Delivery
22,132,Delivery,5,5,5,5,775,778,18:35,18:38,3,0,0.0,2,8.534,104.802,113.336,0,B3028,delivery_service,Delivery,Delivery
22,133,Stay,5,5,5,5,778,780,18:38,18:40,2,0,0.0,2,8.534,113.336,121.87,0,B3210,parking_charging,Position,Movement
22,134,Movement,5,1,5,1,780,788,18:40,18:48,8,8,14.88,0,0.0,121.87,106.99,0,B3210,empty_repositioning,Position,Pickup
22,135,Pickup,1,1,1,1,788,791,18:48,18:51,3,0,0.0,2,8.534,106.99,115.524,1,B3210,pickup_service,Pickup,Pickup
22,136,Movement,1,6,1,6,791,798,18:51,18:58,7,7,23.39,0,0.0,115.524,92.134,1,B3210,passenger_flight,Position,Delivery
22,137,Delivery,6,6,6,6,798,801,18:58,19:01,3,0,0.0,2,8.534,92.134,100.668,0,B3210,delivery_service,Delivery,Delivery
23,0,Stay,4,4,4,4,0,60,05:40,06:40,60,0,0.0,60,0.0,160.0,160.0,0,B34,parking_charging,Position,Movement
23,1,Movement,4,6,4,6,60,67,06:40,06:47,7,7,22.06,0,0.0,160.0,137.94,0,B34,empty_repositioning,Position,Pickup
23,2,Pickup,6,6,6,6,67,70,06:47,06:50,3,0,0.0,2,8.534,137.94,146.474,1,B34,pickup_service,Pickup,Pickup
23,3,Movement,6,7,6,7,70,82,06:50,07:02,12,12,43.48,0,0.0,146.474,102.994,1,B34,passenger_flight,Position,Delivery
23,4,Delivery,7,7,7,7,82,85,07:02,07:05,3,0,0.0,2,8.534,102.994,111.528,0,B34,delivery_service,Delivery,Delivery
23,5,Stay,7,7,7,7,85,124,07:05,07:44,39,0,0.0,39,48.472,111.528,160.0,0,B104,parking_charging,Position,Pickup
23,6,Pickup,7,7,7,7,124,127,07:44,07:47,3,0,0.0,2,0.0,160.0,160.0,1,B104,pickup_service,Pickup,Pickup
23,7,Movement,7,4,7,4,127,134,07:47,07:54,7,7,21.43,0,0.0,160.0,138.57,1,B104,passenger_flight,Position,Delivery
23,8,Delivery,4,4,4,4,134,137,07:54,07:57,3,0,0.0,2,8.534,138.57,147.104,0,B104,delivery_service,Delivery,Delivery
23,9,Stay,4,4,4,4,137,168,07:57,08:28,31,0,0.0,31,12.896,147.104,160.0,0,B265,parking_charging,Position,Movement
23,10,Movement,4,5,4,5,168,174,08:28,08:34,6,6,11.45,0,0.0,160.0,148.55,0,B265,empty_repositioning,Position,Pickup
23,11,Pickup,5,5,5,5,174,177,08:34,08:37,3,0,0.0,2,8.534,148.55,157.084,1,B265,pickup_service,Pickup,Pickup
23,12,Movement,5,2,5,2,177,185,08:37,08:45,8,8,27.57,0,0.0,157.084,129.514,1,B265,passenger_flight,Position,Delivery
23,13,Delivery,2,2,2,2,185,188,08:45,08:48,3,0,0.0,2,8.534,129.514,138.048,0,B265,delivery_service,Delivery,Delivery
23,14,Stay,2,2,2,2,188,204,08:48,09:04,16,0,0.0,16,21.952,138.048,160.0,0,B363,parking_charging,Position,Pickup
23,15,Pickup,2,2,2,2,204,207,09:04,09:07,3,0,0.0,2,0.0,160.0,160.0,1,B363,pickup_service,Pickup,Pickup
23,16,Pickup,2,2,2,2,207,210,09:07,09:10,3,0,0.0,2,0.0,160.0,160.0,3,B369,pickup_service,Pickup,Pickup
23,17,Movement,2,4,2,4,210,216,09:10,09:16,6,6,16.13,0,0.0,160.0,143.87,3,B363,passenger_flight,Position,Delivery
23,18,Delivery,4,4,4,4,216,219,09:16,09:19,3,0,0.0,2,8.534,143.87,152.404,2,B363,delivery_service,Delivery,Delivery
23,19,Delivery,4,4,4,4,219,222,09:19,09:22,3,0,0.0,2,7.596,152.404,160.0,0,B369,delivery_service,Delivery,Delivery
23,20,Movement,4,5,4,5,222,228,09:22,09:28,6,6,11.45,0,0.0,160.0,148.55,0,B407,empty_repositioning,Position,Pickup
23,21,Pickup,5,5,5,5,228,231,09:28,09:31,3,0,0.0,2,8.534,148.55,157.084,1,B407,pickup_service,Pickup,Pickup
23,22,Movement,5,3,5,3,231,239,09:31,09:39,8,8,23.93,0,0.0,157.084,133.154,1,B407,passenger_flight,Position,Delivery
23,23,Delivery,3,3,3,3,239,242,09:39,09:42,3,0,0.0,2,8.534,133.154,141.688,0,B407,delivery_service,Delivery,Delivery
23,24,Stay,3,3,3,3,242,244,09:42,09:44,2,0,0.0,2,8.534,141.688,150.222,0,B455,parking_charging,Position,Pickup
23,25,Pickup,3,3,3,3,244,247,09:44,09:47,3,0,0.0,2,8.534,150.222,158.756,1,B455,pickup_service,Pickup,Pickup
23,26,Movement,3,1,3,1,247,253,09:47,09:53,6,6,9.61,0,0.0,158.756,149.146,1,B455,passenger_flight,Position,Delivery
23,27,Delivery,1,1,1,1,253,256,09:53,09:56,3,0,0.0,2,8.534,149.146,157.68,0,B455,delivery_service,Delivery,Delivery
23,28,Stay,1,1,1,1,256,265,09:56,10:05,9,0,0.0,9,2.32,157.68,160.0,0,B562,parking_charging,Position,Movement
23,29,Movement,1,3,1,3,265,271,10:05,10:11,6,6,9.61,0,0.0,160.0,150.39,0,B562,empty_repositioning,Position,Pickup
23,30,Pickup,3,3,3,3,271,274,10:11,10:14,3,0,0.0,2,8.534,150.39,158.924,1,B562,pickup_service,Pickup,Pickup
23,31,Pickup,3,3,3,3,274,277,10:14,10:17,3,0,0.0,2,1.076,158.924,160.0,2,B583,pickup_service,Pickup,Pickup
23,32,Movement,3,1,3,1,277,283,10:17,10:23,6,6,9.61,0,0.0,160.0,150.39,2,B562,passenger_flight,Position,Delivery
23,33,Delivery,1,1,1,1,283,286,10:23,10:26,3,0,0.0,2,8.534,150.39,158.924,1,B562,delivery_service,Delivery,Delivery
23,34,Delivery,1,1,1,1,286,289,10:26,10:29,3,0,0.0,2,1.076,158.924,160.0,0,B583,delivery_service,Delivery,Delivery
23,35,Pickup,1,1,1,1,289,292,10:29,10:32,3,0,0.0,2,0.0,160.0,160.0,1,B635,pickup_service,Pickup,Pickup
23,36,Movement,1,10,1,10,292,305,10:32,10:45,13,13,47.44,0,0.0,160.0,112.56,1,B635,passenger_flight,Position,Delivery
23,37,Delivery,10,10,10,10,305,308,10:45,10:48,3,0,0.0,2,8.534,112.56,121.094,0,B635,delivery_service,Delivery,Delivery
23,38,Stay,10,10,10,10,308,309,10:48,10:49,1,0,0.0,1,4.267,121.094,125.361,0,B778,parking_charging,Position,Pickup
23,39,Pickup,10,10,10,10,309,312,10:49,10:52,3,0,0.0,2,8.534,125.361,133.895,1,B778,pickup_service,Pickup,Pickup
23,40,Stay,10,10,10,10,312,315,10:52,10:55,3,0,0.0,3,12.801,133.895,146.696,1,B778,parking_charging,Position,Movement
23,41,Movement,10,4,10,4,315,327,10:55,11:07,12,12,42.86,0,0.0,146.696,103.836,1,B778,passenger_flight,Position,Delivery
23,42,Delivery,4,4,4,4,327,330,11:07,11:10,3,0,0.0,2,8.534,103.836,112.37,0,B778,delivery_service,Delivery,Delivery
23,43,Stay,4,4,4,4,330,336,11:10,11:16,6,0,0.0,6,25.602,112.37,137.972,0,B905,parking_charging,Position,Pickup
23,44,Pickup,4,4,4,4,336,339,11:16,11:19,3,0,0.0,2,8.534,137.972,146.506,1,B905,pickup_service,Pickup,Pickup
23,45,Pickup,4,4,4,4,339,342,11:19,11:22,3,0,0.0,2,8.534,146.506,155.04,3,B916,pickup_service,Pickup,Pickup
23,46,Movement,4,2,4,2,342,348,11:22,11:28,6,6,16.13,0,0.0,155.04,138.91,3,B905,passenger_flight,Position,Delivery
23,47,Delivery,2,2,2,2,348,351,11:28,11:31,3,0,0.0,2,8.534,138.91,147.444,2,B905,delivery_service,Delivery,Delivery
23,48,Delivery,2,2,2,2,351,354,11:31,11:34,3,0,0.0,2,8.534,147.444,155.978,0,B916,delivery_service,Delivery,Delivery
23,49,Pickup,2,2,2,2,354,357,11:34,11:37,3,0,0.0,2,4.022,155.978,160.0,1,B964,pickup_service,Pickup,Pickup
23,50,Movement,2,5,2,5,357,365,11:37,11:45,8,8,27.57,0,0.0,160.0,132.43,1,B964,passenger_flight,Position,Delivery
23,51,Delivery,5,5,5,5,365,368,11:45,11:48,3,0,0.0,2,8.534,132.43,140.964,0,B964,delivery_service,Delivery,Delivery
23,52,Pickup,5,5,5,5,368,371,11:48,11:51,3,0,0.0,2,8.534,140.964,149.498,1,B1010,pickup_service,Pickup,Pickup
23,53,Movement,5,9,5,9,371,388,11:51,12:08,17,17,62.04,0,0.0,149.498,87.458,1,B1010,passenger_flight,Position,Delivery
23,54,Delivery,9,9,9,9,388,391,12:08,12:11,3,0,0.0,2,8.534,87.458,95.992,0,B1010,delivery_service,Delivery,Delivery
23,55,Stay,9,9,9,9,391,402,12:11,12:22,11,0,0.0,11,46.937,95.992,142.929,0,B1119,parking_charging,Position,Pickup
23,56,Pickup,9,9,9,9,402,405,12:22,12:25,3,0,0.0,2,8.534,142.929,151.463,1,B1119,pickup_service,Pickup,Pickup
23,57,Movement,9,3,9,3,405,420,12:25,12:40,15,15,52.78,0,0.0,151.463,98.683,1,B1119,passenger_flight,Position,Delivery
23,58,Delivery,3,3,3,3,420,423,12:40,12:43,3,0,0.0,2,8.534,98.683,107.217,0,B1119,delivery_service,Delivery,Delivery
23,59,Stay,3,3,3,3,423,427,12:43,12:47,4,0,0.0,4,17.068,107.217,124.285,0,B1186,parking_charging,Position,Pickup
23,60,Pickup,3,3,3,3,427,430,12:47,12:50,3,0,0.0,2,8.534,124.285,132.819,1,B1186,pickup_service,Pickup,Pickup
23,61,Movement,3,4,3,4,430,437,12:50,12:57,7,7,12.6,0,0.0,132.819,120.219,1,B1203,passenger_flight,Position,Pickup
23,62,Pickup,4,4,4,4,437,440,12:57,13:00,3,0,0.0,2,8.534,120.219,128.753,2,B1203,pickup_service,Pickup,Pickup
23,63,Movement,4,10,4,10,440,452,13:00,13:12,12,12,42.86,0,0.0,128.753,85.893,2,B1186,passenger_flight,Position,Delivery
23,64,Delivery,10,10,10,10,452,455,13:12,13:15,3,0,0.0,2,8.534,85.893,94.427,1,B1186,delivery_service,Delivery,Delivery
23,65,Delivery,10,10,10,10,455,458,13:15,13:18,3,0,0.0,2,8.534,94.427,102.961,0,B1203,delivery_service,Delivery,Delivery
23,66,Stay,10,10,10,10,458,460,13:18,13:20,2,0,0.0,2,8.534,102.961,111.495,0,B1250,parking_charging,Position,Pickup
23,67,Pickup,10,10,10,10,460,463,13:20,13:23,3,0,0.0,2,8.534,111.495,120.029,1,B1250,pickup_service,Pickup,Pickup
23,68,Movement,10,6,10,6,463,474,13:23,13:34,11,11,35.74,0,0.0,120.029,84.289,1,B1277,passenger_flight,Position,Pickup
23,69,Pickup,6,6,6,6,474,477,13:34,13:37,3,0,0.0,2,8.534,84.289,92.823,2,B1277,pickup_service,Pickup,Pickup
23,70,Delivery,6,6,6,6,477,480,13:37,13:40,3,0,0.0,2,8.534,92.823,101.357,1,B1250,delivery_service,Delivery,Delivery
23,71,Movement,6,7,6,7,480,492,13:40,13:52,12,12,43.48,0,0.0,101.357,57.877,1,B1277,passenger_flight,Position,Delivery
23,72,Delivery,7,7,7,7,492,495,13:52,13:55,3,0,0.0,2,8.534,57.877,66.411,0,B1277,delivery_service,Delivery,Delivery
23,73,Pickup,7,7,7,7,495,498,13:55,13:58,3,0,0.0,2,8.534,66.411,74.945,1,B1318,pickup_service,Pickup,Pickup
23,74,Movement,7,5,7,5,498,508,13:58,14:08,10,10,32.24,0,0.0,74.945,42.705,1,B1318,passenger_flight,Position,Delivery
23,75,Delivery,5,5,5,5,508,511,14:08,14:11,3,0,0.0,2,8.534,42.705,51.239,0,B1318,delivery_service,Delivery,Delivery
23,76,Movement,5,1,5,1,511,519,14:11,14:19,8,8,14.88,0,0.0,51.239,36.359,0,B1396,empty_repositioning,Position,Pickup
23,77,Pickup,1,1,1,1,519,522,14:19,14:22,3,0,0.0,2,8.534,36.359,44.893,2,B1396,pickup_service,Pickup,Pickup
23,78,Movement,1,7,1,7,522,529,14:22,14:29,7,7,21.03,0,0.0,44.893,23.863,2,B1396,passenger_flight,Position,Delivery
23,79,Delivery,7,7,7,7,529,532,14:29,14:32,3,0,0.0,2,8.534,23.863,32.397,0,B1396,delivery_service,Delivery,Delivery
23,80,Pickup,7,7,7,7,532,535,14:32,14:35,3,0,0.0,2,8.534,32.397,40.931,1,B1472,pickup_service,Pickup,Pickup
23,81,Stay,7,7,7,7,535,549,14:35,14:49,14,0,0.0,14,59.738,40.931,100.669,1,B1472,parking_charging,Position,Movement
23,82,Movement,7,6,7,6,549,561,14:49,15:01,12,12,43.48,0,0.0,100.669,57.189,1,B1472,passenger_flight,Position,Delivery
23,83,Delivery,6,6,6,6,561,564,15:01,15:04,3,0,0.0,2,8.534,57.189,65.723,0,B1472,delivery_service,Delivery,Delivery
23,84,Pickup,6,6,6,6,564,567,15:04,15:07,3,0,0.0,2,8.534,65.723,74.257,1,B1596,pickup_service,Pickup,Pickup
23,85,Movement,6,1,6,1,567,574,15:07,15:14,7,7,23.39,0,0.0,74.257,50.867,1,B1596,passenger_flight,Position,Delivery
23,86,Delivery,1,1,1,1,574,577,15:14,15:17,3,0,0.0,2,8.534,50.867,59.401,0,B1596,delivery_service,Delivery,Delivery
23,87,Stay,1,1,1,1,577,601,15:17,15:41,24,0,0.0,24,100.599,59.401,160.0,0,B1757,parking_charging,Position,Pickup
23,88,Pickup,1,1,1,1,601,604,15:41,15:44,3,0,0.0,2,0.0,160.0,160.0,1,B1757,pickup_service,Pickup,Pickup
23,89,Movement,1,3,1,3,604,610,15:44,15:50,6,6,9.61,0,0.0,160.0,150.39,1,B1757,passenger_flight,Position,Delivery
23,90,Delivery,3,3,3,3,610,613,15:50,15:53,3,0,0.0,2,8.534,150.39,158.924,0,B1757,delivery_service,Delivery,Delivery
23,91,Stay,3,3,3,3,613,620,15:53,16:00,7,0,0.0,7,1.076,158.924,160.0,0,B1883,parking_charging,Position,Movement
23,92,Movement,3,1,3,1,620,626,16:00,16:06,6,6,9.61,0,0.0,160.0,150.39,0,B1883,empty_repositioning,Position,Pickup
23,93,Pickup,1,1,1,1,626,629,16:06,16:09,3,0,0.0,2,8.534,150.39,158.924,1,B1883,pickup_service,Pickup,Pickup
23,94,Movement,1,3,1,3,629,635,16:09,16:15,6,6,9.61,0,0.0,158.924,149.314,1,B1883,passenger_flight,Position,Delivery
23,95,Delivery,3,3,3,3,635,638,16:15,16:18,3,0,0.0,2,8.534,149.314,157.848,0,B1883,delivery_service,Delivery,Delivery
23,96,Stay,3,3,3,3,638,639,16:18,16:19,1,0,0.0,1,2.152,157.848,160.0,0,B1976,parking_charging,Position,Pickup
23,97,Pickup,3,3,3,3,639,642,16:19,16:22,3,0,0.0,2,0.0,160.0,160.0,2,B1976,pickup_service,Pickup,Pickup
23,98,Movement,3,4,3,4,642,649,16:22,16:29,7,7,12.6,0,0.0,160.0,147.4,2,B1976,passenger_flight,Position,Delivery
23,99,Delivery,4,4,4,4,649,652,16:29,16:32,3,0,0.0,2,8.534,147.4,155.934,0,B1976,delivery_service,Delivery,Delivery
23,100,Stay,4,4,4,4,652,654,16:32,16:34,2,0,0.0,2,4.066,155.934,160.0,0,B2063,parking_charging,Position,Pickup
23,101,Pickup,4,4,4,4,654,657,16:34,16:37,3,0,0.0,2,0.0,160.0,160.0,1,B2063,pickup_service,Pickup,Pickup
23,102,Movement,4,2,4,2,657,663,16:37,16:43,6,6,16.13,0,0.0,160.0,143.87,1,B2063,passenger_flight,Position,Delivery
23,103,Delivery,2,2,2,2,663,666,16:43,16:46,3,0,0.0,2,8.534,143.87,152.404,0,B2063,delivery_service,Delivery,Delivery
23,104,Pickup,2,2,2,2,666,669,16:46,16:49,3,0,0.0,2,7.596,152.404,160.0,2,B2144,pickup_service,Pickup,Pickup
23,105,Pickup,2,2,2,2,669,672,16:49,16:52,3,0,0.0,2,0.0,160.0,160.0,3,B2163,pickup_service,Pickup,Pickup
23,106,Movement,2,5,2,5,672,680,16:52,17:00,8,8,27.57,0,0.0,160.0,132.43,3,B2144,passenger_flight,Position,Delivery
23,107,Delivery,5,5,5,5,680,683,17:00,17:03,3,0,0.0,2,8.534,132.43,140.964,1,B2144,delivery_service,Delivery,Delivery
23,108,Delivery,5,5,5,5,683,686,17:03,17:06,3,0,0.0,2,8.534,140.964,149.498,0,B2163,delivery_service,Delivery,Delivery
23,109,Movement,5,4,5,4,686,692,17:06,17:12,6,6,11.45,0,0.0,149.498,138.048,0,B2390,empty_repositioning,Position,Pickup
23,110,Pickup,4,4,4,4,692,695,17:12,17:15,3,0,0.0,2,8.534,138.048,146.582,2,B2390,pickup_service,Pickup,Pickup
23,111,Movement,4,3,4,3,695,702,17:15,17:22,7,7,12.6,0,0.0,146.582,133.982,2,B2390,passenger_flight,Position,Delivery
23,112,Delivery,3,3,3,3,702,705,17:22,17:25,3,0,0.0,2,8.534,133.982,142.516,0,B2390,delivery_service,Delivery,Delivery
23,113,Pickup,3,3,3,3,705,708,17:25,17:28,3,0,0.0,2,8.534,142.516,151.05,2,B2483,pickup_service,Pickup,Pickup
23,114,Movement,3,4,3,4,708,715,17:28,17:35,7,7,12.6,0,0.0,151.05,138.45,2,B2483,passenger_flight,Position,Delivery
23,115,Delivery,4,4,4,4,715,718,17:35,17:38,3,0,0.0,2,8.534,138.45,146.984,0,B2483,delivery_service,Delivery,Delivery
23,116,Stay,4,4,4,4,718,729,17:38,17:49,11,0,0.0,11,13.016,146.984,160.0,0,B2807,parking_charging,Position,Pickup
23,117,Pickup,4,4,4,4,729,732,17:49,17:52,3,0,0.0,2,0.0,160.0,160.0,1,B2807,pickup_service,Pickup,Pickup
23,118,Pickup,4,4,4,4,732,735,17:52,17:55,3,0,0.0,2,0.0,160.0,160.0,3,B2827,pickup_service,Pickup,Pickup
23,119,Movement,4,2,4,2,735,741,17:55,18:01,6,6,16.13,0,0.0,160.0,143.87,3,B2807,passenger_flight,Position,Delivery
23,120,Delivery,2,2,2,2,741,744,18:01,18:04,3,0,0.0,2,8.534,143.87,152.404,2,B2807,delivery_service,Delivery,Delivery
23,121,Delivery,2,2,2,2,744,747,18:04,18:07,3,0,0.0,2,7.596,152.404,160.0,0,B2827,delivery_service,Delivery,Delivery
23,122,Pickup,2,2,2,2,747,750,18:07,18:10,3,0,0.0,2,0.0,160.0,160.0,1,B2943,pickup_service,Pickup,Pickup
23,123,Pickup,2,2,2,2,750,753,18:10,18:13,3,0,0.0,2,0.0,160.0,160.0,3,B2975,pickup_service,Pickup,Pickup
23,124,Movement,2,5,2,5,753,761,18:13,18:21,8,8,27.57,0,0.0,160.0,132.43,3,B2943,passenger_flight,Position,Delivery
23,125,Delivery,5,5,5,5,761,764,18:21,18:24,3,0,0.0,2,8.534,132.43,140.964,2,B2943,delivery_service,Delivery,Delivery
23,126,Delivery,5,5,5,5,764,767,18:24,18:27,3,0,0.0,2,8.534,140.964,149.498,0,B2975,delivery_service,Delivery,Delivery
23,127,Movement,5,4,5,4,767,773,18:27,18:33,6,6,11.45,0,0.0,149.498,138.048,0,B3107,empty_repositioning,Position,Pickup
23,128,Pickup,4,4,4,4,773,776,18:33,18:36,3,0,0.0,2,8.534,138.048,146.582,2,B3107,pickup_service,Pickup,Pickup
23,129,Movement,4,3,4,3,776,783,18:36,18:43,7,7,12.6,0,0.0,146.582,133.982,2,B3107,passenger_flight,Position,Delivery
23,130,Delivery,3,3,3,3,783,786,18:43,18:46,3,0,0.0,2,8.534,133.982,142.516,0,B3107,delivery_service,Delivery,Delivery
23,131,Pickup,3,3,3,3,786,789,18:46,18:49,3,0,0.0,2,8.534,142.516,151.05,1,B3202,pickup_service,Pickup,Pickup
23,132,Movement,3,4,3,4,789,796,18:49,18:56,7,7,12.6,0,0.0,151.05,138.45,1,B3202,passenger_flight,Position,Delivery
23,133,Delivery,4,4,4,4,796,799,18:56,18:59,3,0,0.0,2,8.534,138.45,146.984,0,B3202,delivery_service,Delivery,Delivery
23,134,Stay,4,4,4,4,799,806,18:59,19:06,7,0,0.0,7,13.016,146.984,160.0,0,B3322,parking_charging,Position,Pickup
23,135,Pickup,4,4,4,4,806,809,19:06,19:09,3,0,0.0,2,0.0,160.0,160.0,2,B3322,pickup_service,Pickup,Pickup
23,136,Movement,4,6,4,6,809,816,19:09,19:16,7,7,22.06,0,0.0,160.0,137.94,2,B3322,passenger_flight,Position,Delivery
23,137,Delivery,6,6,6,6,816,819,19:16,19:19,3,0,0.0,2,8.534,137.94,146.474,0,B3322,delivery_service,Delivery,Delivery
24,0,Stay,5,5,5,5,0,46,05:40,06:26,46,0,0.0,46,0.0,160.0,160.0,0,B25,parking_charging,Position,Movement
24,1,Movement,5,6,5,6,46,53,06:26,06:33,7,7,12.76,0,0.0,160.0,147.24,0,B25,empty_repositioning,Position,Pickup
24,2,Pickup,6,6,6,6,53,56,06:33,06:36,3,0,0.0,2,8.534,147.24,155.774,1,B25,pickup_service,Pickup,Pickup
24,3,Movement,6,9,6,9,56,76,06:36,06:56,20,20,74.79,0,0.0,155.774,80.984,1,B25,passenger_flight,Position,Delivery
24,4,Delivery,9,9,9,9,76,79,06:56,06:59,3,0,0.0,2,8.534,80.984,89.518,0,B25,delivery_service,Delivery,Delivery
24,5,Stay,9,9,9,9,79,128,06:59,07:48,49,0,0.0,49,70.482,89.518,160.0,0,B109,parking_charging,Position,Pickup
24,6,Pickup,9,9,9,9,128,131,07:48,07:51,3,0,0.0,2,0.0,160.0,160.0,1,B109,pickup_service,Pickup,Pickup
24,7,Movement,9,6,9,6,131,151,07:51,08:11,20,20,74.79,0,0.0,160.0,85.21,1,B109,passenger_flight,Position,Delivery
24,8,Delivery,6,6,6,6,151,154,08:11,08:14,3,0,0.0,2,8.534,85.21,93.744,0,B109,delivery_service,Delivery,Delivery
24,9,Pickup,6,6,6,6,154,157,08:14,08:17,3,0,0.0,2,8.534,93.744,102.278,2,B167,pickup_service,Pickup,Pickup
24,10,Movement,6,7,6,7,157,169,08:17,08:29,12,12,43.48,0,0.0,102.278,58.798,2,B167,passenger_flight,Position,Delivery
24,11,Delivery,7,7,7,7,169,172,08:29,08:32,3,0,0.0,2,8.534,58.798,67.332,0,B167,delivery_service,Delivery,Delivery
24,12,Pickup,7,7,7,7,172,175,08:32,08:35,3,0,0.0,2,8.534,67.332,75.866,2,B247,pickup_service,Pickup,Pickup
24,13,Movement,7,4,7,4,175,182,08:35,08:42,7,7,21.43,0,0.0,75.866,54.436,2,B247,passenger_flight,Position,Delivery
24,14,Delivery,4,4,4,4,182,185,08:42,08:45,3,0,0.0,2,8.534,54.436,62.97,0,B247,delivery_service,Delivery,Delivery
24,15,Stay,4,4,4,4,185,191,08:45,08:51,6,0,0.0,6,25.602,62.97,88.572,0,B342,parking_charging,Position,Movement
24,16,Movement,4,5,4,5,191,197,08:51,08:57,6,6,11.45,0,0.0,88.572,77.122,0,B342,empty_repositioning,Position,Pickup
24,17,Pickup,5,5,5,5,197,200,08:57,09:00,3,0,0.0,2,8.534,77.122,85.656,1,B342,pickup_service,Pickup,Pickup
24,18,Stay,5,5,5,5,200,203,09:00,09:03,3,0,0.0,3,12.801,85.656,98.457,1,B342,parking_charging,Position,Movement
24,19,Movement,5,3,5,3,203,211,09:03,09:11,8,8,23.93,0,0.0,98.457,74.527,1,B342,passenger_flight,Position,Delivery
24,20,Delivery,3,3,3,3,211,214,09:11,09:14,3,0,0.0,2,8.534,74.527,83.061,0,B342,delivery_service,Delivery,Delivery
24,21,Stay,3,3,3,3,214,225,09:14,09:25,11,0,0.0,11,46.937,83.061,129.998,0,B412,parking_charging,Position,Pickup
24,22,Pickup,3,3,3,3,225,228,09:25,09:28,3,0,0.0,2,8.534,129.998,138.532,1,B412,pickup_service,Pickup,Pickup
24,23,Pickup,3,3,3,3,228,231,09:28,09:31,3,0,0.0,2,8.534,138.532,147.066,2,B421,pickup_service,Pickup,Pickup
24,24,Movement,3,4,3,4,231,238,09:31,09:38,7,7,12.6,0,0.0,147.066,134.466,2,B412,passenger_flight,Position,Delivery
24,25,Delivery,4,4,4,4,238,241,09:38,09:41,3,0,0.0,2,8.534,134.466,143.0,1,B412,delivery_service,Delivery,Delivery
24,26,Delivery,4,4,4,4,241,244,09:41,09:44,3,0,0.0,2,8.534,143.0,151.534,0,B421,delivery_service,Delivery,Delivery
24,27,Stay,4,4,4,4,244,252,09:44,09:52,8,0,0.0,8,8.466,151.534,160.0,0,B476,parking_charging,Position,Pickup
24,28,Pickup,4,4,4,4,252,255,09:52,09:55,3,0,0.0,2,0.0,160.0,160.0,1,B476,pickup_service,Pickup,Pickup
24,29,Stay,4,4,4,4,255,258,09:55,09:58,3,0,0.0,3,0.0,160.0,160.0,1,B476,parking_charging,Position,Movement
24,30,Movement,4,10,4,10,258,270,09:58,10:10,12,12,42.86,0,0.0,160.0,117.14,1,B476,passenger_flight,Position,Delivery
24,31,Delivery,10,10,10,10,270,273,10:10,10:13,3,0,0.0,2,8.534,117.14,125.674,0,B476,delivery_service,Delivery,Delivery
24,32,Pickup,10,10,10,10,273,276,10:13,10:16,3,0,0.0,2,8.534,125.674,134.208,1,B548,pickup_service,Pickup,Pickup
24,33,Movement,10,4,10,4,276,288,10:16,10:28,12,12,42.86,0,0.0,134.208,91.348,1,B548,passenger_flight,Position,Delivery
24,34,Delivery,4,4,4,4,288,291,10:28,10:31,3,0,0.0,2,8.534,91.348,99.882,0,B548,delivery_service,Delivery,Delivery
24,35,Stay,4,4,4,4,291,293,10:31,10:33,2,0,0.0,2,8.534,99.882,108.416,0,B683,parking_charging,Position,Pickup
24,36,Pickup,4,4,4,4,293,296,10:33,10:36,3,0,0.0,2,8.534,108.416,116.95,2,B683,pickup_service,Pickup,Pickup
24,37,Movement,4,9,4,9,296,311,10:36,10:51,15,15,55.47,0,0.0,116.95,61.48,2,B683,passenger_flight,Position,Delivery
24,38,Delivery,9,9,9,9,311,314,10:51,10:54,3,0,0.0,2,8.534,61.48,70.014,0,B683,delivery_service,Delivery,Delivery
24,39,Pickup,9,9,9,9,314,317,10:54,10:57,3,0,0.0,2,8.534,70.014,78.548,1,B794,pickup_service,Pickup,Pickup
24,40,Movement,9,4,9,4,317,332,10:57,11:12,15,15,55.47,0,0.0,78.548,23.078,1,B794,passenger_flight,Position,Delivery
24,41,Delivery,4,4,4,4,332,335,11:12,11:15,3,0,0.0,2,8.534,23.078,31.612,0,B794,delivery_service,Delivery,Delivery
24,42,Stay,4,4,4,4,335,340,11:15,11:20,5,0,0.0,5,21.335,31.612,52.947,0,B921,parking_charging,Position,Pickup
24,43,Pickup,4,4,4,4,340,343,11:20,11:23,3,0,0.0,2,8.534,52.947,61.481,1,B921,pickup_service,Pickup,Pickup
24,44,Pickup,4,4,4,4,343,346,11:23,11:26,3,0,0.0,2,8.534,61.481,70.015,2,B933,pickup_service,Pickup,Pickup
24,45,Movement,4,7,4,7,346,353,11:26,11:33,7,7,21.43,0,0.0,70.015,48.585,2,B921,passenger_flight,Position,Delivery
24,46,Delivery,7,7,7,7,353,356,11:33,11:36,3,0,0.0,2,8.534,48.585,57.119,1,B921,delivery_service,Delivery,Delivery
24,47,Delivery,7,7,7,7,356,359,11:36,11:39,3,0,0.0,2,8.534,57.119,65.653,0,B933,delivery_service,Delivery,Delivery
24,48,Pickup,7,7,7,7,359,362,11:39,11:42,3,0,0.0,2,8.534,65.653,74.187,1,B991,pickup_service,Pickup,Pickup
24,49,Movement,7,1,7,1,362,369,11:42,11:49,7,7,21.03,0,0.0,74.187,53.157,1,B991,passenger_flight,Position,Delivery
24,50,Delivery,1,1,1,1,369,372,11:49,11:52,3,0,0.0,2,8.534,53.157,61.691,0,B991,delivery_service,Delivery,Delivery
24,51,Stay,1,1,1,1,372,376,11:52,11:56,4,0,0.0,4,17.068,61.691,78.759,0,B1055,parking_charging,Position,Pickup
24,52,Pickup,1,1,1,1,376,379,11:56,11:59,3,0,0.0,2,8.534,78.759,87.293,1,B1055,pickup_service,Pickup,Pickup
24,53,Pickup,1,1,1,1,379,382,11:59,12:02,3,0,0.0,2,8.534,87.293,95.827,2,B1051,pickup_service,Pickup,Pickup
24,54,Movement,1,10,1,10,382,395,12:02,12:15,13,13,47.44,0,0.0,95.827,48.387,2,B1051,passenger_flight,Position,Delivery
24,55,Delivery,10,10,10,10,395,398,12:15,12:18,3,0,0.0,2,8.534,48.387,56.921,1,B1051,delivery_service,Delivery,Delivery
24,56,Delivery,10,10,10,10,398,401,12:18,12:21,3,0,0.0,2,8.534,56.921,65.455,0,B1055,delivery_service,Delivery,Delivery
24,57,Stay,10,10,10,10,401,403,12:21,12:23,2,0,0.0,2,8.534,65.455,73.989,0,B1121,parking_charging,Position,Pickup
24,58,Pickup,10,10,10,10,403,406,12:23,12:26,3,0,0.0,2,8.534,73.989,82.523,1,B1121,pickup_service,Pickup,Pickup
24,59,Pickup,10,10,10,10,406,409,12:26,12:29,3,0,0.0,2,8.534,82.523,91.057,3,B1120,pickup_service,Pickup,Pickup
24,60,Movement,10,3,10,3,409,424,12:29,12:44,15,15,54.92,0,0.0,91.057,36.137,3,B1120,passenger_flight,Position,Delivery
24,61,Delivery,3,3,3,3,424,427,12:44,12:47,3,0,0.0,2,8.534,36.137,44.671,1,B1120,delivery_service,Delivery,Delivery
24,62,Delivery,3,3,3,3,427,430,12:47,12:50,3,0,0.0,2,8.534,44.671,53.205,0,B1121,delivery_service,Delivery,Delivery
24,63,Pickup,3,3,3,3,430,433,12:50,12:53,3,0,0.0,2,8.534,53.205,61.739,1,B1185,pickup_service,Pickup,Pickup
24,64,Stay,3,3,3,3,433,442,12:53,13:02,9,0,0.0,9,38.403,61.739,100.142,1,B1185,parking_charging,Position,Movement
24,65,Movement,3,9,3,9,442,457,13:02,13:17,15,15,52.78,0,0.0,100.142,47.362,1,B1185,passenger_flight,Position,Delivery
24,66,Delivery,9,9,9,9,457,460,13:17,13:20,3,0,0.0,2,8.534,47.362,55.896,0,B1185,delivery_service,Delivery,Delivery
24,67,Movement,9,8,9,8,460,466,13:20,13:26,6,6,18.04,0,0.0,55.896,37.856,0,B1260,empty_repositioning,Position,Pickup
24,68,Pickup,8,8,8,8,466,469,13:26,13:29,3,0,0.0,2,8.534,37.856,46.39,1,B1260,pickup_service,Pickup,Pickup
24,69,Stay,8,8,8,8,469,482,13:29,13:42,13,0,0.0,13,55.471,46.39,101.861,1,B1260,parking_charging,Position,Movement
24,70,Movement,8,3,8,3,482,492,13:42,13:52,10,10,35.17,0,0.0,101.861,66.691,1,B1260,passenger_flight,Position,Delivery
24,71,Delivery,3,3,3,3,492,495,13:52,13:55,3,0,0.0,2,8.534,66.691,75.225,0,B1260,delivery_service,Delivery,Delivery
24,72,Stay,3,3,3,3,495,504,13:55,14:04,9,0,0.0,9,38.403,75.225,113.628,0,B1350,parking_charging,Position,Pickup
24,73,Pickup,3,3,3,3,504,507,14:04,14:07,3,0,0.0,2,8.534,113.628,122.162,2,B1350,pickup_service,Pickup,Pickup
24,74,Movement,3,9,3,9,507,522,14:07,14:22,15,15,52.78,0,0.0,122.162,69.382,2,B1350,passenger_flight,Position,Delivery
24,75,Delivery,9,9,9,9,522,525,14:22,14:25,3,0,0.0,2,8.534,69.382,77.916,0,B1350,delivery_service,Delivery,Delivery
24,76,Stay,9,9,9,9,525,531,14:25,14:31,6,0,0.0,6,25.602,77.916,103.518,0,B1474,parking_charging,Position,Pickup
24,77,Pickup,9,9,9,9,531,534,14:31,14:34,3,0,0.0,2,8.534,103.518,112.052,1,B1474,pickup_service,Pickup,Pickup
24,78,Pickup,9,9,9,9,534,537,14:34,14:37,3,0,0.0,2,8.534,112.052,120.586,2,B1456,pickup_service,Pickup,Pickup
24,79,Movement,9,1,9,1,537,553,14:37,14:53,16,16,57.72,0,0.0,120.586,62.866,2,B1456,passenger_flight,Position,Delivery
24,80,Delivery,1,1,1,1,553,556,14:53,14:56,3,0,0.0,2,8.534,62.866,71.4,1,B1456,delivery_service,Delivery,Delivery
24,81,Delivery,1,1,1,1,556,559,14:56,14:59,3,0,0.0,2,8.534,71.4,79.934,0,B1474,delivery_service,Delivery,Delivery
24,82,Pickup,1,1,1,1,559,562,14:59,15:02,3,0,0.0,2,8.534,79.934,88.468,1,B1580,pickup_service,Pickup,Pickup
24,83,Movement,1,2,1,2,562,569,15:02,15:09,7,7,13.61,0,0.0,88.468,74.858,1,B1580,passenger_flight,Position,Delivery
24,84,Delivery,2,2,2,2,569,572,15:09,15:12,3,0,0.0,2,8.534,74.858,83.392,0,B1580,delivery_service,Delivery,Delivery
24,85,Stay,2,2,2,2,572,574,15:12,15:14,2,0,0.0,2,8.534,83.392,91.926,0,B1647,parking_charging,Position,Pickup
24,86,Pickup,2,2,2,2,574,577,15:14,15:17,3,0,0.0,2,8.534,91.926,100.46,2,B1647,pickup_service,Pickup,Pickup
24,87,Movement,2,5,2,5,577,585,15:17,15:25,8,8,27.57,0,0.0,100.46,72.89,2,B1647,passenger_flight,Position,Delivery
24,88,Delivery,5,5,5,5,585,588,15:25,15:28,3,0,0.0,2,8.534,72.89,81.424,0,B1647,delivery_service,Delivery,Delivery
24,89,Stay,5,5,5,5,588,592,15:28,15:32,4,0,0.0,4,17.068,81.424,98.492,0,B1747,parking_charging,Position,Movement
24,90,Movement,5,4,5,4,592,598,15:32,15:38,6,6,11.45,0,0.0,98.492,87.042,0,B1747,empty_repositioning,Position,Pickup
24,91,Pickup,4,4,4,4,598,601,15:38,15:41,3,0,0.0,2,8.534,87.042,95.576,1,B1747,pickup_service,Pickup,Pickup
24,92,Movement,4,7,4,7,601,608,15:41,15:48,7,7,21.43,0,0.0,95.576,74.146,1,B1747,passenger_flight,Position,Delivery
24,93,Delivery,7,7,7,7,608,611,15:48,15:51,3,0,0.0,2,8.534,74.146,82.68,0,B1747,delivery_service,Delivery,Delivery
24,94,Pickup,7,7,7,7,611,614,15:51,15:54,3,0,0.0,2,8.534,82.68,91.214,1,B1794,pickup_service,Pickup,Pickup
24,95,Movement,7,4,7,4,614,621,15:54,16:01,7,7,21.43,0,0.0,91.214,69.784,1,B1794,passenger_flight,Position,Delivery
24,96,Delivery,4,4,4,4,621,624,16:01,16:04,3,0,0.0,2,8.534,69.784,78.318,0,B1794,delivery_service,Delivery,Delivery
24,97,Stay,4,4,4,4,624,631,16:04,16:11,7,0,0.0,7,29.869,78.318,108.187,0,B1919,parking_charging,Position,Pickup
24,98,Pickup,4,4,4,4,631,634,16:11,16:14,3,0,0.0,2,8.534,108.187,116.721,2,B1919,pickup_service,Pickup,Pickup
24,99,Pickup,4,4,4,4,634,637,16:14,16:17,3,0,0.0,2,8.534,116.721,125.255,3,B1930,pickup_service,Pickup,Pickup
24,100,Movement,4,9,4,9,637,652,16:17,16:32,15,15,55.47,0,0.0,125.255,69.785,3,B1919,passenger_flight,Position,Delivery
24,101,Delivery,9,9,9,9,652,655,16:32,16:35,3,0,0.0,2,8.534,69.785,78.319,1,B1919,delivery_service,Delivery,Delivery
24,102,Delivery,9,9,9,9,655,658,16:35,16:38,3,0,0.0,2,8.534,78.319,86.853,0,B1930,delivery_service,Delivery,Delivery
24,103,Pickup,9,9,9,9,658,661,16:38,16:41,3,0,0.0,2,8.534,86.853,95.387,2,B2076,pickup_service,Pickup,Pickup
24,104,Movement,9,3,9,3,661,676,16:41,16:56,15,15,52.78,0,0.0,95.387,42.607,2,B2076,passenger_flight,Position,Delivery
24,105,Delivery,3,3,3,3,676,679,16:56,16:59,3,0,0.0,2,8.534,42.607,51.141,0,B2076,delivery_service,Delivery,Delivery
24,106,Stay,3,3,3,3,679,680,16:59,17:00,1,0,0.0,1,4.267,51.141,55.408,0,B2292,parking_charging,Position,Movement
24,107,Movement,3,1,3,1,680,686,17:00,17:06,6,6,9.61,0,0.0,55.408,45.798,0,B2292,empty_repositioning,Position,Pickup
24,108,Pickup,1,1,1,1,686,689,17:06,17:09,3,0,0.0,2,8.534,45.798,54.332,2,B2292,pickup_service,Pickup,Pickup
24,109,Movement,1,3,1,3,689,695,17:09,17:15,6,6,9.61,0,0.0,54.332,44.722,2,B2292,passenger_flight,Position,Delivery
24,110,Delivery,3,3,3,3,695,698,17:15,17:18,3,0,0.0,2,8.534,44.722,53.256,0,B2292,delivery_service,Delivery,Delivery
24,111,Pickup,3,3,3,3,698,701,17:18,17:21,3,0,0.0,2,8.534,53.256,61.79,3,B2358,pickup_service,Pickup,Pickup
24,112,Stay,3,3,3,3,701,710,17:21,17:30,9,0,0.0,9,38.403,61.79,100.193,3,B2358,parking_charging,Position,Movement
24,113,Movement,3,10,3,10,710,725,17:30,17:45,15,15,54.92,0,0.0,100.193,45.273,3,B2358,passenger_flight,Position,Delivery
24,114,Delivery,10,10,10,10,725,728,17:45,17:48,3,0,0.0,2,8.534,45.273,53.807,0,B2358,delivery_service,Delivery,Delivery
24,115,Stay,10,10,10,10,728,730,17:48,17:50,2,0,0.0,2,8.534,53.807,62.341,0,B2820,parking_charging,Position,Pickup
24,116,Pickup,10,10,10,10,730,733,17:50,17:53,3,0,0.0,2,8.534,62.341,70.875,1,B2820,pickup_service,Pickup,Pickup
24,117,Pickup,10,10,10,10,733,736,17:53,17:56,3,0,0.0,2,8.534,70.875,79.409,3,B2787,pickup_service,Pickup,Pickup
24,118,Movement,10,3,10,3,736,751,17:56,18:11,15,15,54.92,0,0.0,79.409,24.489,3,B2787,passenger_flight,Position,Delivery
24,119,Delivery,3,3,3,3,751,754,18:11,18:14,3,0,0.0,2,8.534,24.489,33.023,1,B2787,delivery_service,Delivery,Delivery
24,120,Delivery,3,3,3,3,754,757,18:14,18:17,3,0,0.0,2,8.534,33.023,41.557,0,B2820,delivery_service,Delivery,Delivery
24,121,Stay,3,3,3,3,757,779,18:17,18:39,22,0,0.0,22,93.874,41.557,135.431,0,B3169,parking_charging,Position,Pickup
24,122,Pickup,3,3,3,3,779,782,18:39,18:42,3,0,0.0,2,8.534,135.431,143.965,1,B3169,pickup_service,Pickup,Pickup
24,123,Stay,3,3,3,3,782,788,18:42,18:48,6,0,0.0,6,16.035,143.965,160.0,1,B3169,parking_charging,Position,Movement
24,124,Movement,3,5,3,5,788,796,18:48,18:56,8,8,23.93,0,0.0,160.0,136.07,1,B3169,passenger_flight,Position,Delivery
24,125,Delivery,5,5,5,5,796,799,18:56,18:59,3,0,0.0,2,8.534,136.07,144.604,0,B3169,delivery_service,Delivery,Delivery
24,126,Stay,5,5,5,5,799,800,18:59,19:00,1,0,0.0,1,4.267,144.604,148.871,0,B3300,parking_charging,Position,Movement
24,127,Movement,5,4,5,4,800,806,19:00,19:06,6,6,11.45,0,0.0,148.871,137.421,0,B3300,empty_repositioning,Position,Pickup
24,128,Pickup,4,4,4,4,806,809,19:06,19:09,3,0,0.0,2,8.534,137.421,145.955,1,B3300,pickup_service,Pickup,Pickup
24,129,Movement,4,6,4,6,809,816,19:09,19:16,7,7,22.06,0,0.0,145.955,123.895,1,B3300,passenger_flight,Position,Delivery
24,130,Delivery,6,6,6,6,816,819,19:16,19:19,3,0,0.0,2,8.534,123.895,132.429,0,B3300,delivery_service,Delivery,Delivery
25,0,Stay,6,6,6,6,0,32,05:40,06:12,32,0,0.0,32,0.0,160.0,160.0,0,B12,parking_charging,Position,Pickup
25,1,Pickup,6,6,6,6,32,35,06:12,06:15,3,0,0.0,2,0.0,160.0,160.0,1,B12,pickup_service,Pickup,Pickup
25,2,Movement,6,10,6,10,35,46,06:15,06:26,11,11,35.74,0,0.0,160.0,124.26,1,B12,passenger_flight,Position,Delivery
25,3,Delivery,10,10,10,10,46,49,06:26,06:29,3,0,0.0,2,8.534,124.26,132.794,0,B12,delivery_service,Delivery,Delivery
25,4,Stay,10,10,10,10,49,63,06:29,06:43,14,0,0.0,14,27.206,132.794,160.0,0,B35,parking_charging,Position,Pickup
25,5,Pickup,10,10,10,10,63,66,06:43,06:46,3,0,0.0,2,0.0,160.0,160.0,1,B35,pickup_service,Pickup,Pickup
25,6,Pickup,10,10,10,10,66,69,06:46,06:49,3,0,0.0,2,0.0,160.0,160.0,2,B32,pickup_service,Pickup,Pickup
25,7,Movement,10,3,10,3,69,84,06:49,07:04,15,15,54.92,0,0.0,160.0,105.08,2,B32,passenger_flight,Position,Delivery
25,8,Delivery,3,3,3,3,84,87,07:04,07:07,3,0,0.0,2,8.534,105.08,113.614,1,B32,delivery_service,Delivery,Delivery
25,9,Delivery,3,3,3,3,87,90,07:07,07:10,3,0,0.0,2,8.534,113.614,122.148,0,B35,delivery_service,Delivery,Delivery
25,10,Stay,3,3,3,3,90,104,07:10,07:24,14,0,0.0,14,37.852,122.148,160.0,0,B78,parking_charging,Position,Pickup
25,11,Pickup,3,3,3,3,104,107,07:24,07:27,3,0,0.0,2,0.0,160.0,160.0,1,B78,pickup_service,Pickup,Pickup
25,12,Movement,3,9,3,9,107,122,07:27,07:42,15,15,52.78,0,0.0,160.0,107.22,1,B78,passenger_flight,Position,Delivery
25,13,Delivery,9,9,9,9,122,125,07:42,07:45,3,0,0.0,2,8.534,107.22,115.754,0,B78,delivery_service,Delivery,Delivery
25,14,Stay,9,9,9,9,125,140,07:45,08:00,15,0,0.0,15,44.246,115.754,160.0,0,B134,parking_charging,Position,Movement
25,15,Movement,9,8,9,8,140,146,08:00,08:06,6,6,18.04,0,0.0,160.0,141.96,0,B134,empty_repositioning,Position,Pickup
25,16,Pickup,8,8,8,8,146,149,08:06,08:09,3,0,0.0,2,8.534,141.96,150.494,1,B134,pickup_service,Pickup,Pickup
25,17,Movement,8,4,8,4,149,160,08:09,08:20,11,11,39.54,0,0.0,150.494,110.954,1,B134,passenger_flight,Position,Delivery
25,18,Delivery,4,4,4,4,160,163,08:20,08:23,3,0,0.0,2,8.534,110.954,119.488,0,B134,delivery_service,Delivery,Delivery
25,19,Stay,4,4,4,4,163,165,08:23,08:25,2,0,0.0,2,8.534,119.488,128.022,0,B257,parking_charging,Position,Movement
25,20,Movement,4,6,4,6,165,172,08:25,08:32,7,7,22.06,0,0.0,128.022,105.962,0,B257,empty_repositioning,Position,Pickup
25,21,Pickup,6,6,6,6,172,175,08:32,08:35,3,0,0.0,2,8.534,105.962,114.496,1,B257,pickup_service,Pickup,Pickup
25,22,Movement,6,2,6,2,175,186,08:35,08:46,11,11,37.0,0,0.0,114.496,77.496,1,B257,passenger_flight,Position,Delivery
25,23,Delivery,2,2,2,2,186,189,08:46,08:49,3,0,0.0,2,8.534,77.496,86.03,0,B257,delivery_service,Delivery,Delivery
25,24,Pickup,2,2,2,2,189,192,08:49,08:52,3,0,0.0,2,8.534,86.03,94.564,1,B311,pickup_service,Pickup,Pickup
25,25,Movement,2,4,2,4,192,198,08:52,08:58,6,6,16.13,0,0.0,94.564,78.434,1,B311,passenger_flight,Position,Delivery
25,26,Delivery,4,4,4,4,198,201,08:58,09:01,3,0,0.0,2,8.534,78.434,86.968,0,B311,delivery_service,Delivery,Delivery
25,27,Stay,4,4,4,4,201,220,09:01,09:20,19,0,0.0,19,73.032,86.968,160.0,0,B419,parking_charging,Position,Movement
25,28,Movement,4,8,4,8,220,231,09:20,09:31,11,11,39.54,0,0.0,160.0,120.46,0,B419,empty_repositioning,Position,Pickup
25,29,Pickup,8,8,8,8,231,234,09:31,09:34,3,0,0.0,2,8.534,120.46,128.994,1,B419,pickup_service,Pickup,Pickup
25,30,Movement,8,2,8,2,234,244,09:34,09:44,10,10,32.38,0,0.0,128.994,96.614,1,B419,passenger_flight,Position,Delivery
25,31,Delivery,2,2,2,2,244,247,09:44,09:47,3,0,0.0,2,8.534,96.614,105.148,0,B419,delivery_service,Delivery,Delivery
25,32,Pickup,2,2,2,2,247,250,09:47,09:50,3,0,0.0,2,8.534,105.148,113.682,1,B454,pickup_service,Pickup,Pickup
25,33,Movement,2,1,2,1,250,257,09:50,09:57,7,7,13.61,0,0.0,113.682,100.072,1,B454,passenger_flight,Position,Delivery
25,34,Delivery,1,1,1,1,257,260,09:57,10:00,3,0,0.0,2,8.534,100.072,108.606,0,B454,delivery_service,Delivery,Delivery
25,35,Stay,1,1,1,1,260,264,10:00,10:04,4,0,0.0,4,17.068,108.606,125.674,0,B552,parking_charging,Position,Movement
25,36,Movement,1,3,1,3,264,270,10:04,10:10,6,6,9.61,0,0.0,125.674,116.064,0,B552,empty_repositioning,Position,Pickup
25,37,Pickup,3,3,3,3,270,273,10:10,10:13,3,0,0.0,2,8.534,116.064,124.598,1,B552,pickup_service,Pickup,Pickup
25,38,Pickup,3,3,3,3,273,276,10:13,10:16,3,0,0.0,2,8.534,124.598,133.132,2,B570,pickup_service,Pickup,Pickup
25,39,Movement,3,1,3,1,276,282,10:16,10:22,6,6,9.61,0,0.0,133.132,123.522,2,B552,passenger_flight,Position,Delivery
25,40,Delivery,1,1,1,1,282,285,10:22,10:25,3,0,0.0,2,8.534,123.522,132.056,1,B552,delivery_service,Delivery,Delivery
25,41,Delivery,1,1,1,1,285,288,10:25,10:28,3,0,0.0,2,8.534,132.056,140.59,0,B570,delivery_service,Delivery,Delivery
25,42,Pickup,1,1,1,1,288,291,10:28,10:31,3,0,0.0,2,8.534,140.59,149.124,1,B644,pickup_service,Pickup,Pickup
25,43,Movement,1,10,1,10,291,304,10:31,10:44,13,13,47.44,0,0.0,149.124,101.684,1,B644,passenger_flight,Position,Delivery
25,44,Delivery,10,10,10,10,304,307,10:44,10:47,3,0,0.0,2,8.534,101.684,110.218,0,B644,delivery_service,Delivery,Delivery
25,45,Pickup,10,10,10,10,307,310,10:47,10:50,3,0,0.0,2,8.534,110.218,118.752,1,B741,pickup_service,Pickup,Pickup
25,46,Movement,10,4,10,4,310,322,10:50,11:02,12,12,42.86,0,0.0,118.752,75.892,1,B741,passenger_flight,Position,Delivery
25,47,Delivery,4,4,4,4,322,325,11:02,11:05,3,0,0.0,2,8.534,75.892,84.426,0,B741,delivery_service,Delivery,Delivery
25,48,Pickup,4,4,4,4,325,328,11:05,11:08,3,0,0.0,2,8.534,84.426,92.96,1,B851,pickup_service,Pickup,Pickup
25,49,Stay,4,4,4,4,328,329,11:08,11:09,1,0,0.0,1,4.267,92.96,97.227,1,B878,parking_charging,Position,Pickup
25,50,Pickup,4,4,4,4,329,332,11:09,11:12,3,0,0.0,2,8.534,97.227,105.761,3,B878,pickup_service,Pickup,Pickup
25,51,Movement,4,9,4,9,332,347,11:12,11:27,15,15,55.47,0,0.0,105.761,50.291,3,B851,passenger_flight,Position,Delivery
25,52,Delivery,9,9,9,9,347,350,11:27,11:30,3,0,0.0,2,8.534,50.291,58.825,2,B851,delivery_service,Delivery,Delivery
25,53,Delivery,9,9,9,9,350,353,11:30,11:33,3,0,0.0,2,8.534,58.825,67.359,0,B878,delivery_service,Delivery,Delivery
25,54,Stay,9,9,9,9,353,355,11:33,11:35,2,0,0.0,2,8.534,67.359,75.893,0,B993,parking_charging,Position,Pickup
25,55,Pickup,9,9,9,9,355,358,11:35,11:38,3,0,0.0,2,8.534,75.893,84.427,1,B993,pickup_service,Pickup,Pickup
25,56,Movement,9,4,9,4,358,373,11:38,11:53,15,15,55.47,0,0.0,84.427,28.957,1,B993,passenger_flight,Position,Delivery
25,57,Delivery,4,4,4,4,373,376,11:53,11:56,3,0,0.0,2,8.534,28.957,37.491,0,B993,delivery_service,Delivery,Delivery
25,58,Stay,4,4,4,4,376,377,11:56,11:57,1,0,0.0,1,4.267,37.491,41.758,0,B1062,parking_charging,Position,Pickup
25,59,Pickup,4,4,4,4,377,380,11:57,12:00,3,0,0.0,2,8.534,41.758,50.292,1,B1062,pickup_service,Pickup,Pickup
25,60,Movement,4,3,4,3,380,387,12:00,12:07,7,7,12.6,0,0.0,50.292,37.692,1,B1062,passenger_flight,Position,Delivery
25,61,Delivery,3,3,3,3,387,390,12:07,12:10,3,0,0.0,2,8.534,37.692,46.226,0,B1062,delivery_service,Delivery,Delivery
25,62,Pickup,3,3,3,3,390,393,12:10,12:13,3,0,0.0,2,8.534,46.226,54.76,1,B1085,pickup_service,Pickup,Pickup
25,63,Stay,3,3,3,3,393,404,12:13,12:24,11,0,0.0,11,46.937,54.76,101.697,1,B1085,parking_charging,Position,Movement
25,64,Movement,3,10,3,10,404,419,12:24,12:39,15,15,54.92,0,0.0,101.697,46.777,1,B1085,passenger_flight,Position,Delivery
25,65,Delivery,10,10,10,10,419,422,12:39,12:42,3,0,0.0,2,8.534,46.777,55.311,0,B1085,delivery_service,Delivery,Delivery
25,66,Stay,10,10,10,10,422,431,12:42,12:51,9,0,0.0,9,38.403,55.311,93.714,0,B1195,parking_charging,Position,Pickup
25,67,Pickup,10,10,10,10,431,434,12:51,12:54,3,0,0.0,2,8.534,93.714,102.248,1,B1195,pickup_service,Pickup,Pickup
25,68,Movement,10,4,10,4,434,446,12:54,13:06,12,12,42.86,0,0.0,102.248,59.388,1,B1195,passenger_flight,Position,Delivery
25,69,Delivery,4,4,4,4,446,449,13:06,13:09,3,0,0.0,2,8.534,59.388,67.922,0,B1195,delivery_service,Delivery,Delivery
25,70,Stay,4,4,4,4,449,467,13:09,13:27,18,0,0.0,18,76.806,67.922,144.728,0,B1261,parking_charging,Position,Pickup
25,71,Pickup,4,4,4,4,467,470,13:27,13:30,3,0,0.0,2,8.534,144.728,153.262,1,B1261,pickup_service,Pickup,Pickup
25,72,Movement,4,2,4,2,470,476,13:30,13:36,6,6,16.13,0,0.0,153.262,137.132,1,B1261,passenger_flight,Position,Delivery
25,73,Delivery,2,2,2,2,476,479,13:36,13:39,3,0,0.0,2,8.534,137.132,145.666,0,B1261,delivery_service,Delivery,Delivery
25,74,Stay,2,2,2,2,479,503,13:39,14:03,24,0,0.0,24,14.334,145.666,160.0,0,B1343,parking_charging,Position,Pickup
25,75,Pickup,2,2,2,2,503,506,14:03,14:06,3,0,0.0,2,0.0,160.0,160.0,1,B1343,pickup_service,Pickup,Pickup
25,76,Movement,2,1,2,1,506,513,14:06,14:13,7,7,13.61,0,0.0,160.0,146.39,1,B1343,passenger_flight,Position,Delivery
25,77,Delivery,1,1,1,1,513,516,14:13,14:16,3,0,0.0,2,8.534,146.39,154.924,0,B1343,delivery_service,Delivery,Delivery
25,78,Stay,1,1,1,1,516,518,14:16,14:18,2,0,0.0,2,5.076,154.924,160.0,0,B1409,parking_charging,Position,Pickup
25,79,Pickup,1,1,1,1,518,521,14:18,14:21,3,0,0.0,2,0.0,160.0,160.0,1,B1409,pickup_service,Pickup,Pickup
25,80,Movement,1,2,1,2,521,528,14:21,14:28,7,7,13.61,0,0.0,160.0,146.39,1,B1409,passenger_flight,Position,Delivery
25,81,Delivery,2,2,2,2,528,531,14:28,14:31,3,0,0.0,2,8.534,146.39,154.924,0,B1409,delivery_service,Delivery,Delivery
25,82,Stay,2,2,2,2,531,548,14:31,14:48,17,0,0.0,17,5.076,154.924,160.0,0,B1540,parking_charging,Position,Pickup
25,83,Pickup,2,2,2,2,548,551,14:48,14:51,3,0,0.0,2,0.0,160.0,160.0,2,B1540,pickup_service,Pickup,Pickup
25,84,Movement,2,1,2,1,551,558,14:51,14:58,7,7,13.61,0,0.0,160.0,146.39,2,B1540,passenger_flight,Position,Delivery
25,85,Delivery,1,1,1,1,558,561,14:58,15:01,3,0,0.0,2,8.534,146.39,154.924,0,B1540,delivery_service,Delivery,Delivery
25,86,Stay,1,1,1,1,561,562,15:01,15:02,1,0,0.0,1,4.267,154.924,159.191,0,B1599,parking_charging,Position,Pickup
25,87,Pickup,1,1,1,1,562,565,15:02,15:05,3,0,0.0,2,0.809,159.191,160.0,1,B1599,pickup_service,Pickup,Pickup
25,88,Movement,1,6,1,6,565,572,15:05,15:12,7,7,23.39,0,0.0,160.0,136.61,1,B1599,passenger_flight,Position,Delivery
25,89,Delivery,6,6,6,6,572,575,15:12,15:15,3,0,0.0,2,8.534,136.61,145.144,0,B1599,delivery_service,Delivery,Delivery
25,90,Stay,6,6,6,6,575,580,15:15,15:20,5,0,0.0,5,14.856,145.144,160.0,0,B1666,parking_charging,Position,Pickup
25,91,Pickup,6,6,6,6,580,583,15:20,15:23,3,0,0.0,2,0.0,160.0,160.0,1,B1666,pickup_service,Pickup,Pickup
25,92,Pickup,6,6,6,6,583,586,15:23,15:26,3,0,0.0,2,0.0,160.0,160.0,2,B1674,pickup_service,Pickup,Pickup
25,93,Movement,6,7,6,7,586,598,15:26,15:38,12,12,43.48,0,0.0,160.0,116.52,2,B1666,passenger_flight,Position,Delivery
25,94,Delivery,7,7,7,7,598,601,15:38,15:41,3,0,0.0,2,8.534,116.52,125.054,1,B1666,delivery_service,Delivery,Delivery
25,95,Delivery,7,7,7,7,601,604,15:41,15:44,3,0,0.0,2,8.534,125.054,133.588,0,B1674,delivery_service,Delivery,Delivery
25,96,Pickup,7,7,7,7,604,607,15:44,15:47,3,0,0.0,2,8.534,133.588,142.122,1,B1773,pickup_service,Pickup,Pickup
25,97,Movement,7,4,7,4,607,614,15:47,15:54,7,7,21.43,0,0.0,142.122,120.692,1,B1773,passenger_flight,Position,Delivery
25,98,Delivery,4,4,4,4,614,617,15:54,15:57,3,0,0.0,2,8.534,120.692,129.226,0,B1773,delivery_service,Delivery,Delivery
25,99,Stay,4,4,4,4,617,619,15:57,15:59,2,0,0.0,2,8.534,129.226,137.76,0,B1837,parking_charging,Position,Pickup
25,100,Pickup,4,4,4,4,619,622,15:59,16:02,3,0,0.0,2,8.534,137.76,146.294,1,B1837,pickup_service,Pickup,Pickup
25,101,Stay,4,4,4,4,622,626,16:02,16:06,4,0,0.0,4,13.706,146.294,160.0,1,B1837,parking_charging,Position,Movement
25,102,Movement,4,3,4,3,626,633,16:06,16:13,7,7,12.6,0,0.0,160.0,147.4,1,B1837,passenger_flight,Position,Delivery
25,103,Delivery,3,3,3,3,633,636,16:13,16:16,3,0,0.0,2,8.534,147.4,155.934,0,B1837,delivery_service,Delivery,Delivery
25,104,Pickup,3,3,3,3,636,639,16:16,16:19,3,0,0.0,2,4.066,155.934,160.0,1,B1945,pickup_service,Pickup,Pickup
25,105,Stay,3,3,3,3,639,643,16:19,16:23,4,0,0.0,4,0.0,160.0,160.0,1,B1945,parking_charging,Position,Movement
25,106,Movement,3,5,3,5,643,651,16:23,16:31,8,8,23.93,0,0.0,160.0,136.07,1,B1945,passenger_flight,Position,Delivery
25,107,Delivery,5,5,5,5,651,654,16:31,16:34,3,0,0.0,2,8.534,136.07,144.604,0,B1945,delivery_service,Delivery,Delivery
25,108,Pickup,5,5,5,5,654,657,16:34,16:37,3,0,0.0,2,8.534,144.604,153.138,1,B2057,pickup_service,Pickup,Pickup
25,109,Movement,5,10,5,10,657,667,16:37,16:47,10,10,33.52,0,0.0,153.138,119.618,1,B2057,passenger_flight,Position,Delivery
25,110,Delivery,10,10,10,10,667,670,16:47,16:50,3,0,0.0,2,8.534,119.618,128.152,0,B2057,delivery_service,Delivery,Delivery
25,111,Stay,10,10,10,10,670,680,16:50,17:00,10,0,0.0,10,31.848,128.152,160.0,0,B2270,parking_charging,Position,Pickup
25,112,Pickup,10,10,10,10,680,683,17:00,17:03,3,0,0.0,2,0.0,160.0,160.0,2,B2270,pickup_service,Pickup,Pickup
25,113,Movement,10,4,10,4,683,695,17:03,17:15,12,12,42.86,0,0.0,160.0,117.14,2,B2270,passenger_flight,Position,Delivery
25,114,Delivery,4,4,4,4,695,698,17:15,17:18,3,0,0.0,2,8.534,117.14,125.674,0,B2270,delivery_service,Delivery,Delivery
25,115,Pickup,4,4,4,4,698,701,17:18,17:21,3,0,0.0,2,8.534,125.674,134.208,2,B2448,pickup_service,Pickup,Pickup
25,116,Movement,4,7,4,7,701,708,17:21,17:28,7,7,21.43,0,0.0,134.208,112.778,2,B2448,passenger_flight,Position,Delivery
25,117,Delivery,7,7,7,7,708,711,17:28,17:31,3,0,0.0,2,8.534,112.778,121.312,0,B2448,delivery_service,Delivery,Delivery
25,118,Stay,7,7,7,7,711,727,17:31,17:47,16,0,0.0,16,38.688,121.312,160.0,0,B2785,parking_charging,Position,Pickup
25,119,Pickup,7,7,7,7,727,730,17:47,17:50,3,0,0.0,2,0.0,160.0,160.0,1,B2785,pickup_service,Pickup,Pickup
25,120,Pickup,7,7,7,7,730,733,17:50,17:53,3,0,0.0,2,0.0,160.0,160.0,3,B2810,pickup_service,Pickup,Pickup
25,121,Movement,7,4,7,4,733,740,17:53,18:00,7,7,21.43,0,0.0,160.0,138.57,3,B2785,passenger_flight,Position,Delivery
25,122,Delivery,4,4,4,4,740,743,18:00,18:03,3,0,0.0,2,8.534,138.57,147.104,2,B2785,delivery_service,Delivery,Delivery
25,123,Delivery,4,4,4,4,743,746,18:03,18:06,3,0,0.0,2,8.534,147.104,155.638,0,B2810,delivery_service,Delivery,Delivery
25,124,Pickup,4,4,4,4,746,749,18:06,18:09,3,0,0.0,2,4.362,155.638,160.0,2,B2950,pickup_service,Pickup,Pickup
25,125,Movement,4,7,4,7,749,756,18:09,18:16,7,7,21.43,0,0.0,160.0,138.57,2,B2950,passenger_flight,Position,Delivery
25,126,Delivery,7,7,7,7,756,759,18:16,18:19,3,0,0.0,2,8.534,138.57,147.104,0,B2950,delivery_service,Delivery,Delivery
25,127,Stay,7,7,7,7,759,769,18:19,18:29,10,0,0.0,10,12.896,147.104,160.0,0,B3108,parking_charging,Position,Pickup
25,128,Pickup,7,7,7,7,769,772,18:29,18:32,3,0,0.0,2,0.0,160.0,160.0,1,B3108,pickup_service,Pickup,Pickup
25,129,Movement,7,4,7,4,772,779,18:32,18:39,7,7,21.43,0,0.0,160.0,138.57,1,B3158,passenger_flight,Position,Pickup
25,130,Pickup,4,4,4,4,779,782,18:39,18:42,3,0,0.0,2,8.534,138.57,147.104,2,B3158,pickup_service,Pickup,Pickup
25,131,Delivery,4,4,4,4,782,785,18:42,18:45,3,0,0.0,2,8.534,147.104,155.638,1,B3108,delivery_service,Delivery,Delivery
25,132,Movement,4,2,4,2,785,791,18:45,18:51,6,6,16.13,0,0.0,155.638,139.508,1,B3158,passenger_flight,Position,Delivery
25,133,Delivery,2,2,2,2,791,794,18:51,18:54,3,0,0.0,2,8.534,139.508,148.042,0,B3158,delivery_service,Delivery,Delivery
25,134,Stay,2,2,2,2,794,799,18:54,18:59,5,0,0.0,5,11.958,148.042,160.0,0,B3283,parking_charging,Position,Pickup
25,135,Pickup,2,2,2,2,799,802,18:59,19:02,3,0,0.0,2,0.0,160.0,160.0,3,B3283,pickup_service,Pickup,Pickup
25,136,Movement,2,5,2,5,802,810,19:02,19:10,8,8,27.57,0,0.0,160.0,132.43,3,B3283,passenger_flight,Position,Delivery
25,137,Delivery,5,5,5,5,810,813,19:10,19:13,3,0,0.0,2,8.534,132.43,140.964,0,B3283,delivery_service,Delivery,Delivery
26,0,Stay,7,7,7,7,0,125,05:40,07:45,125,0,0.0,125,0.0,160.0,160.0,0,B105,parking_charging,Position,Pickup
26,1,Pickup,7,7,7,7,125,128,07:45,07:48,3,0,0.0,2,0.0,160.0,160.0,1,B105,pickup_service,Pickup,Pickup
26,2,Movement,7,4,7,4,128,135,07:48,07:55,7,7,21.43,0,0.0,160.0,138.57,1,B105,passenger_flight,Position,Delivery
26,3,Delivery,4,4,4,4,135,138,07:55,07:58,3,0,0.0,2,8.534,138.57,147.104,0,B105,delivery_service,Delivery,Delivery
26,4,Stay,4,4,4,4,138,140,07:58,08:00,2,0,0.0,2,8.534,147.104,155.638,0,B127,parking_charging,Position,Movement
26,5,Movement,4,5,4,5,140,146,08:00,08:06,6,6,11.45,0,0.0,155.638,144.188,0,B127,empty_repositioning,Position,Pickup
26,6,Pickup,5,5,5,5,146,149,08:06,08:09,3,0,0.0,2,8.534,144.188,152.722,1,B127,pickup_service,Pickup,Pickup
26,7,Movement,5,3,5,3,149,157,08:09,08:17,8,8,23.93,0,0.0,152.722,128.792,1,B127,passenger_flight,Position,Delivery
26,8,Delivery,3,3,3,3,157,160,08:17,08:20,3,0,0.0,2,8.534,128.792,137.326,0,B127,delivery_service,Delivery,Delivery
26,9,Pickup,3,3,3,3,160,163,08:20,08:23,3,0,0.0,2,8.534,137.326,145.86,1,B208,pickup_service,Pickup,Pickup
26,10,Movement,3,4,3,4,163,170,08:23,08:30,7,7,12.6,0,0.0,145.86,133.26,1,B208,passenger_flight,Position,Delivery
26,11,Delivery,4,4,4,4,170,173,08:30,08:33,3,0,0.0,2,8.534,133.26,141.794,0,B208,delivery_service,Delivery,Delivery
26,12,Stay,4,4,4,4,173,180,08:33,08:40,7,0,0.0,7,18.206,141.794,160.0,0,B293,parking_charging,Position,Movement
26,13,Movement,4,2,4,2,180,186,08:40,08:46,6,6,16.13,0,0.0,160.0,143.87,0,B293,empty_repositioning,Position,Pickup
26,14,Pickup,2,2,2,2,186,189,08:46,08:49,3,0,0.0,2,8.534,143.87,152.404,1,B293,pickup_service,Pickup,Pickup
26,15,Movement,2,1,2,1,189,196,08:49,08:56,7,7,13.61,0,0.0,152.404,138.794,1,B293,passenger_flight,Position,Delivery
26,16,Delivery,1,1,1,1,196,199,08:56,08:59,3,0,0.0,2,8.534,138.794,147.328,0,B293,delivery_service,Delivery,Delivery
26,17,Stay,1,1,1,1,199,207,08:59,09:07,8,0,0.0,8,12.672,147.328,160.0,0,B391,parking_charging,Position,Movement
26,18,Movement,1,6,1,6,207,214,09:07,09:14,7,7,23.39,0,0.0,160.0,136.61,0,B391,empty_repositioning,Position,Pickup
26,19,Pickup,6,6,6,6,214,217,09:14,09:17,3,0,0.0,2,8.534,136.61,145.144,1,B391,pickup_service,Pickup,Pickup
26,20,Stay,6,6,6,6,217,221,09:17,09:21,4,0,0.0,4,14.856,145.144,160.0,1,B391,parking_charging,Position,Movement
26,21,Movement,6,3,6,3,221,231,09:21,09:31,10,10,32.98,0,0.0,160.0,127.02,1,B391,passenger_flight,Position,Delivery
26,22,Delivery,3,3,3,3,231,234,09:31,09:34,3,0,0.0,2,8.534,127.02,135.554,0,B391,delivery_service,Delivery,Delivery
26,23,Pickup,3,3,3,3,234,237,09:34,09:37,3,0,0.0,2,8.534,135.554,144.088,1,B430,pickup_service,Pickup,Pickup
26,24,Movement,3,4,3,4,237,244,09:37,09:44,7,7,12.6,0,0.0,144.088,131.488,1,B430,passenger_flight,Position,Delivery
26,25,Delivery,4,4,4,4,244,247,09:44,09:47,3,0,0.0,2,8.534,131.488,140.022,0,B430,delivery_service,Delivery,Delivery
26,26,Stay,4,4,4,4,247,261,09:47,10:01,14,0,0.0,14,19.978,140.022,160.0,0,B502,parking_charging,Position,Pickup
26,27,Pickup,4,4,4,4,261,264,10:01,10:04,3,0,0.0,2,0.0,160.0,160.0,1,B502,pickup_service,Pickup,Pickup
26,28,Pickup,4,4,4,4,264,267,10:04,10:07,3,0,0.0,2,0.0,160.0,160.0,2,B515,pickup_service,Pickup,Pickup
26,29,Movement,4,2,4,2,267,273,10:07,10:13,6,6,16.13,0,0.0,160.0,143.87,2,B502,passenger_flight,Position,Delivery
26,30,Delivery,2,2,2,2,273,276,10:13,10:16,3,0,0.0,2,8.534,143.87,152.404,1,B502,delivery_service,Delivery,Delivery
26,31,Delivery,2,2,2,2,276,279,10:16,10:19,3,0,0.0,2,7.596,152.404,160.0,0,B515,delivery_service,Delivery,Delivery
26,32,Stay,2,2,2,2,279,280,10:19,10:20,1,0,0.0,1,0.0,160.0,160.0,0,B597,parking_charging,Position,Pickup
26,33,Pickup,2,2,2,2,280,283,10:20,10:23,3,0,0.0,2,0.0,160.0,160.0,1,B597,pickup_service,Pickup,Pickup
26,34,Pickup,2,2,2,2,283,286,10:23,10:26,3,0,0.0,2,0.0,160.0,160.0,2,B618,pickup_service,Pickup,Pickup
26,35,Movement,2,5,2,5,286,294,10:26,10:34,8,8,27.57,0,0.0,160.0,132.43,2,B597,passenger_flight,Position,Delivery
26,36,Delivery,5,5,5,5,294,297,10:34,10:37,3,0,0.0,2,8.534,132.43,140.964,1,B597,delivery_service,Delivery,Delivery
26,37,Delivery,5,5,5,5,297,300,10:37,10:40,3,0,0.0,2,8.534,140.964,149.498,0,B618,delivery_service,Delivery,Delivery
26,38,Pickup,5,5,5,5,300,303,10:40,10:43,3,0,0.0,2,8.534,149.498,158.032,1,B709,pickup_service,Pickup,Pickup
26,39,Movement,5,1,5,1,303,311,10:43,10:51,8,8,14.88,0,0.0,158.032,143.152,1,B709,passenger_flight,Position,Delivery
26,40,Delivery,1,1,1,1,311,314,10:51,10:54,3,0,0.0,2,8.534,143.152,151.686,0,B709,delivery_service,Delivery,Delivery
26,41,Movement,1,4,1,4,314,318,10:54,10:58,4,4,4.98,0,0.0,151.686,146.706,0,B802-2,empty_repositioning,Position,Pickup
26,42,Pickup,4,4,4,4,318,321,10:58,11:01,3,0,0.0,2,8.534,146.706,155.24,1,B802-2,pickup_service,Pickup,Pickup
26,43,Movement,4,7,4,7,321,328,11:01,11:08,7,7,21.43,0,0.0,155.24,133.81,1,B802-2,passenger_flight,Position,Delivery
26,44,Delivery,7,7,7,7,328,331,11:08,11:11,3,0,0.0,2,8.534,133.81,142.344,0,B802-2,delivery_service,Delivery,Delivery
26,45,Stay,7,7,7,7,331,340,11:11,11:20,9,0,0.0,9,17.656,142.344,160.0,0,B917,parking_charging,Position,Pickup
26,46,Pickup,7,7,7,7,340,343,11:20,11:23,3,0,0.0,2,0.0,160.0,160.0,1,B917,pickup_service,Pickup,Pickup
26,47,Movement,7,4,7,4,343,350,11:23,11:30,7,7,21.43,0,0.0,160.0,138.57,1,B917,passenger_flight,Position,Delivery
26,48,Delivery,4,4,4,4,350,353,11:30,11:33,3,0,0.0,2,8.534,138.57,147.104,0,B917,delivery_service,Delivery,Delivery
26,49,Stay,4,4,4,4,353,360,11:33,11:40,7,0,0.0,7,12.896,147.104,160.0,0,B1003,parking_charging,Position,Pickup
26,50,Pickup,4,4,4,4,360,363,11:40,11:43,3,0,0.0,2,0.0,160.0,160.0,1,B1003,pickup_service,Pickup,Pickup
26,51,Pickup,4,4,4,4,363,366,11:43,11:46,3,0,0.0,2,0.0,160.0,160.0,2,B1012,pickup_service,Pickup,Pickup
26,52,Movement,4,2,4,2,366,372,11:46,11:52,6,6,16.13,0,0.0,160.0,143.87,2,B1003,passenger_flight,Position,Delivery
26,53,Delivery,2,2,2,2,372,375,11:52,11:55,3,0,0.0,2,8.534,143.87,152.404,1,B1003,delivery_service,Delivery,Delivery
26,54,Delivery,2,2,2,2,375,378,11:55,11:58,3,0,0.0,2,7.596,152.404,160.0,0,B1012,delivery_service,Delivery,Delivery
26,55,Stay,2,2,2,2,378,406,11:58,12:26,28,0,0.0,28,0.0,160.0,160.0,0,B1131,parking_charging,Position,Pickup
26,56,Pickup,2,2,2,2,406,409,12:26,12:29,3,0,0.0,2,0.0,160.0,160.0,1,B1131,pickup_service,Pickup,Pickup
26,57,Movement,2,5,2,5,409,417,12:29,12:37,8,8,27.57,0,0.0,160.0,132.43,1,B1131,passenger_flight,Position,Delivery
26,58,Delivery,5,5,5,5,417,420,12:37,12:40,3,0,0.0,2,8.534,132.43,140.964,0,B1131,delivery_service,Delivery,Delivery
26,59,Pickup,5,5,5,5,420,423,12:40,12:43,3,0,0.0,2,8.534,140.964,149.498,1,B1167,pickup_service,Pickup,Pickup
26,60,Pickup,5,5,5,5,423,426,12:43,12:46,3,0,0.0,2,8.534,149.498,158.032,2,B1172,pickup_service,Pickup,Pickup
26,61,Movement,5,9,5,9,426,443,12:46,13:03,17,17,62.04,0,0.0,158.032,95.992,2,B1167,passenger_flight,Position,Delivery
26,62,Delivery,9,9,9,9,443,446,13:03,13:06,3,0,0.0,2,8.534,95.992,104.526,1,B1167,delivery_service,Delivery,Delivery
26,63,Delivery,9,9,9,9,446,449,13:06,13:09,3,0,0.0,2,8.534,104.526,113.06,0,B1172,delivery_service,Delivery,Delivery
26,64,Pickup,9,9,9,9,449,452,13:09,13:12,3,0,0.0,2,8.534,113.06,121.594,1,B1232,pickup_service,Pickup,Pickup
26,65,Movement,9,3,9,3,452,467,13:12,13:27,15,15,52.78,0,0.0,121.594,68.814,1,B1232,passenger_flight,Position,Delivery
26,66,Delivery,3,3,3,3,467,470,13:27,13:30,3,0,0.0,2,8.534,68.814,77.348,0,B1232,delivery_service,Delivery,Delivery
26,67,Stay,3,3,3,3,470,480,13:30,13:40,10,0,0.0,10,42.67,77.348,120.018,0,B1288,parking_charging,Position,Movement
26,68,Movement,3,2,3,2,480,483,13:40,13:43,3,3,4.08,0,0.0,120.018,115.938,0,B1288,empty_repositioning,Position,Pickup
26,69,Pickup,2,2,2,2,483,486,13:43,13:46,3,0,0.0,2,8.534,115.938,124.472,1,B1288,pickup_service,Pickup,Pickup
26,70,Movement,2,6,2,6,486,497,13:46,13:57,11,11,37.0,0,0.0,124.472,87.472,1,B1288,passenger_flight,Position,Delivery
26,71,Delivery,6,6,6,6,497,500,13:57,14:00,3,0,0.0,2,8.534,87.472,96.006,0,B1288,delivery_service,Delivery,Delivery
26,72,Stay,6,6,6,6,500,505,14:00,14:05,5,0,0.0,5,21.335,96.006,117.341,0,B1357,parking_charging,Position,Pickup
26,73,Pickup,6,6,6,6,505,508,14:05,14:08,3,0,0.0,2,8.534,117.341,125.875,1,B1357,pickup_service,Pickup,Pickup
26,74,Movement,6,3,6,3,508,518,14:08,14:18,10,10,32.98,0,0.0,125.875,92.895,1,B1406,passenger_flight,Position,Pickup
26,75,Pickup,3,3,3,3,518,521,14:18,14:21,3,0,0.0,2,8.534,92.895,101.429,2,B1406,pickup_service,Pickup,Pickup
26,76,Delivery,3,3,3,3,521,524,14:21,14:24,3,0,0.0,2,8.534,101.429,109.963,1,B1357,delivery_service,Delivery,Delivery
26,77,Movement,3,5,3,5,524,532,14:24,14:32,8,8,23.93,0,0.0,109.963,86.033,1,B1406,passenger_flight,Position,Delivery
26,78,Delivery,5,5,5,5,532,535,14:32,14:35,3,0,0.0,2,8.534,86.033,94.567,0,B1406,delivery_service,Delivery,Delivery
26,79,Stay,5,5,5,5,535,560,14:35,15:00,25,0,0.0,25,65.433,94.567,160.0,0,B1621,parking_charging,Position,Movement
26,80,Movement,5,6,5,6,560,567,15:00,15:07,7,7,12.76,0,0.0,160.0,147.24,0,B1621,empty_repositioning,Position,Pickup
26,81,Pickup,6,6,6,6,567,570,15:07,15:10,3,0,0.0,2,8.534,147.24,155.774,1,B1621,pickup_service,Pickup,Pickup
26,82,Movement,6,7,6,7,570,582,15:10,15:22,12,12,43.48,0,0.0,155.774,112.294,1,B1621,passenger_flight,Position,Delivery
26,83,Delivery,7,7,7,7,582,585,15:22,15:25,3,0,0.0,2,8.534,112.294,120.828,0,B1621,delivery_service,Delivery,Delivery
26,84,Pickup,7,7,7,7,585,588,15:25,15:28,3,0,0.0,2,8.534,120.828,129.362,1,B1683,pickup_service,Pickup,Pickup
26,85,Movement,7,4,7,4,588,595,15:28,15:35,7,7,21.43,0,0.0,129.362,107.932,1,B1683,passenger_flight,Position,Delivery
26,86,Delivery,4,4,4,4,595,598,15:35,15:38,3,0,0.0,2,8.534,107.932,116.466,0,B1683,delivery_service,Delivery,Delivery
26,87,Stay,4,4,4,4,598,600,15:38,15:40,2,0,0.0,2,8.534,116.466,125.0,0,B1754,parking_charging,Position,Pickup
26,88,Pickup,4,4,4,4,600,603,15:40,15:43,3,0,0.0,2,8.534,125.0,133.534,1,B1754,pickup_service,Pickup,Pickup
26,89,Movement,4,2,4,2,603,609,15:43,15:49,6,6,16.13,0,0.0,133.534,117.404,1,B1754,passenger_flight,Position,Delivery
26,90,Delivery,2,2,2,2,609,612,15:49,15:52,3,0,0.0,2,8.534,117.404,125.938,0,B1754,delivery_service,Delivery,Delivery
26,91,Stay,2,2,2,2,612,623,15:52,16:03,11,0,0.0,11,34.062,125.938,160.0,0,B1859,parking_charging,Position,Pickup
26,92,Pickup,2,2,2,2,623,626,16:03,16:06,3,0,0.0,2,0.0,160.0,160.0,1,B1859,pickup_service,Pickup,Pickup
26,93,Movement,2,4,2,4,626,632,16:06,16:12,6,6,16.13,0,0.0,160.0,143.87,1,B1859,passenger_flight,Position,Delivery
26,94,Delivery,4,4,4,4,632,635,16:12,16:15,3,0,0.0,2,8.534,143.87,152.404,0,B1859,delivery_service,Delivery,Delivery
26,95,Stay,4,4,4,4,635,637,16:15,16:17,2,0,0.0,2,7.596,152.404,160.0,0,B1963,parking_charging,Position,Pickup
26,96,Pickup,4,4,4,4,637,640,16:17,16:20,3,0,0.0,2,0.0,160.0,160.0,1,B1963,pickup_service,Pickup,Pickup
26,97,Movement,4,3,4,3,640,647,16:20,16:27,7,7,12.6,0,0.0,160.0,147.4,1,B1963,passenger_flight,Position,Delivery
26,98,Delivery,3,3,3,3,647,650,16:27,16:30,3,0,0.0,2,8.534,147.4,155.934,0,B1963,delivery_service,Delivery,Delivery
26,99,Stay,3,3,3,3,650,663,16:30,16:43,13,0,0.0,13,4.066,155.934,160.0,0,B2126,parking_charging,Position,Pickup
26,100,Pickup,3,3,3,3,663,666,16:43,16:46,3,0,0.0,2,0.0,160.0,160.0,1,B2126,pickup_service,Pickup,Pickup
26,101,Movement,3,1,3,1,666,672,16:46,16:52,6,6,9.61,0,0.0,160.0,150.39,1,B2126,passenger_flight,Position,Delivery
26,102,Delivery,1,1,1,1,672,675,16:52,16:55,3,0,0.0,2,8.534,150.39,158.924,0,B2126,delivery_service,Delivery,Delivery
26,103,Pickup,1,1,1,1,675,678,16:55,16:58,3,0,0.0,2,1.076,158.924,160.0,1,B2215,pickup_service,Pickup,Pickup
26,104,Movement,1,3,1,3,678,684,16:58,17:04,6,6,9.61,0,0.0,160.0,150.39,1,B2215,passenger_flight,Position,Delivery
26,105,Delivery,3,3,3,3,684,687,17:04,17:07,3,0,0.0,2,8.534,150.39,158.924,0,B2215,delivery_service,Delivery,Delivery
26,106,Pickup,3,3,3,3,687,690,17:07,17:10,3,0,0.0,2,1.076,158.924,160.0,1,B2315,pickup_service,Pickup,Pickup
26,107,Pickup,3,3,3,3,690,693,17:10,17:13,3,0,0.0,2,0.0,160.0,160.0,3,B2346,pickup_service,Pickup,Pickup
26,108,Movement,3,4,3,4,693,700,17:13,17:20,7,7,12.6,0,0.0,160.0,147.4,3,B2315,passenger_flight,Position,Delivery
26,109,Delivery,4,4,4,4,700,703,17:20,17:23,3,0,0.0,2,8.534,147.4,155.934,2,B2315,delivery_service,Delivery,Delivery
26,110,Delivery,4,4,4,4,703,706,17:23,17:26,3,0,0.0,2,4.066,155.934,160.0,0,B2346,delivery_service,Delivery,Delivery
26,111,Stay,4,4,4,4,706,707,17:26,17:27,1,0,0.0,1,0.0,160.0,160.0,0,B2559,parking_charging,Position,Pickup
26,112,Pickup,4,4,4,4,707,710,17:27,17:30,3,0,0.0,2,0.0,160.0,160.0,2,B2559,pickup_service,Pickup,Pickup
26,113,Movement,4,3,4,3,710,717,17:30,17:37,7,7,12.6,0,0.0,160.0,147.4,2,B2559,passenger_flight,Position,Delivery
26,114,Delivery,3,3,3,3,717,720,17:37,17:40,3,0,0.0,2,8.534,147.4,155.934,0,B2559,delivery_service,Delivery,Delivery
26,115,Pickup,3,3,3,3,720,723,17:40,17:43,3,0,0.0,2,4.066,155.934,160.0,3,B2671-1,pickup_service,Pickup,Pickup
26,116,Movement,3,5,3,5,723,731,17:43,17:51,8,8,23.93,0,0.0,160.0,136.07,3,B2671-1,passenger_flight,Position,Delivery
26,117,Delivery,5,5,5,5,731,734,17:51,17:54,3,0,0.0,2,8.534,136.07,144.604,0,B2671-1,delivery_service,Delivery,Delivery
26,118,Pickup,5,5,5,5,734,737,17:54,17:57,3,0,0.0,2,8.534,144.604,153.138,1,B2830,pickup_service,Pickup,Pickup
26,119,Movement,5,1,5,1,737,745,17:57,18:05,8,8,14.88,0,0.0,153.138,138.258,1,B2830,passenger_flight,Position,Delivery
26,120,Delivery,1,1,1,1,745,748,18:05,18:08,3,0,0.0,2,8.534,138.258,146.792,0,B2830,delivery_service,Delivery,Delivery
26,121,Pickup,1,1,1,1,748,751,18:08,18:11,3,0,0.0,2,8.534,146.792,155.326,1,B2946,pickup_service,Pickup,Pickup
26,122,Movement,1,3,1,3,751,757,18:11,18:17,6,6,9.61,0,0.0,155.326,145.716,1,B2946,passenger_flight,Position,Delivery
26,123,Delivery,3,3,3,3,757,760,18:17,18:20,3,0,0.0,2,8.534,145.716,154.25,0,B2946,delivery_service,Delivery,Delivery
26,124,Stay,3,3,3,3,760,767,18:20,18:27,7,0,0.0,7,5.75,154.25,160.0,0,B3092,parking_charging,Position,Pickup
26,125,Pickup,3,3,3,3,767,770,18:27,18:30,3,0,0.0,2,0.0,160.0,160.0,1,B3092,pickup_service,Pickup,Pickup
26,126,Movement,3,4,3,4,770,777,18:30,18:37,7,7,12.6,0,0.0,160.0,147.4,1,B3092,passenger_flight,Position,Delivery
26,127,Delivery,4,4,4,4,777,780,18:37,18:40,3,0,0.0,2,8.534,147.4,155.934,0,B3092,delivery_service,Delivery,Delivery
26,128,Stay,4,4,4,4,780,787,18:40,18:47,7,0,0.0,7,4.066,155.934,160.0,0,B3222,parking_charging,Position,Pickup
26,129,Pickup,4,4,4,4,787,790,18:47,18:50,3,0,0.0,2,0.0,160.0,160.0,1,B3222,pickup_service,Pickup,Pickup
26,130,Stay,4,4,4,4,790,791,18:50,18:51,1,0,0.0,1,0.0,160.0,160.0,1,B3246,parking_charging,Position,Pickup
26,131,Pickup,4,4,4,4,791,794,18:51,18:54,3,0,0.0,2,0.0,160.0,160.0,3,B3246,pickup_service,Pickup,Pickup
26,132,Movement,4,3,4,3,794,801,18:54,19:01,7,7,12.6,0,0.0,160.0,147.4,3,B3222,passenger_flight,Position,Delivery
26,133,Delivery,3,3,3,3,801,804,19:01,19:04,3,0,0.0,2,8.534,147.4,155.934,2,B3222,delivery_service,Delivery,Delivery
26,134,Delivery,3,3,3,3,804,807,19:04,19:07,3,0,0.0,2,4.066,155.934,160.0,0,B3246,delivery_service,Delivery,Delivery
27,0,Stay,8,8,8,8,0,74,05:40,06:54,74,0,0.0,74,0.0,160.0,160.0,0,B48,parking_charging,Position,Pickup
27,1,Pickup,8,8,8,8,74,77,06:54,06:57,3,0,0.0,2,0.0,160.0,160.0,1,B48,pickup_service,Pickup,Pickup
27,2,Movement,8,4,8,4,77,88,06:57,07:08,11,11,39.54,0,0.0,160.0,120.46,1,B48,passenger_flight,Position,Delivery
27,3,Delivery,4,4,4,4,88,91,07:08,07:11,3,0,0.0,2,8.534,120.46,128.994,0,B48,delivery_service,Delivery,Delivery
27,4,Movement,4,6,4,6,91,98,07:11,07:18,7,7,22.06,0,0.0,128.994,106.934,0,B69,empty_repositioning,Position,Pickup
27,5,Pickup,6,6,6,6,98,101,07:18,07:21,3,0,0.0,2,8.534,106.934,115.468,1,B69,pickup_service,Pickup,Pickup
27,6,Movement,6,7,6,7,101,113,07:21,07:33,12,12,43.48,0,0.0,115.468,71.988,1,B69,passenger_flight,Position,Delivery
27,7,Delivery,7,7,7,7,113,116,07:33,07:36,3,0,0.0,2,8.534,71.988,80.522,0,B69,delivery_service,Delivery,Delivery
27,8,Stay,7,7,7,7,116,158,07:36,08:18,42,0,0.0,42,79.478,80.522,160.0,0,B204,parking_charging,Position,Pickup
27,9,Pickup,7,7,7,7,158,161,08:18,08:21,3,0,0.0,2,0.0,160.0,160.0,2,B204,pickup_service,Pickup,Pickup
27,10,Stay,7,7,7,7,161,164,08:21,08:24,3,0,0.0,3,0.0,160.0,160.0,2,B204,parking_charging,Position,Movement
27,11,Movement,7,4,7,4,164,171,08:24,08:31,7,7,21.43,0,0.0,160.0,138.57,2,B204,passenger_flight,Position,Delivery
27,12,Delivery,4,4,4,4,171,174,08:31,08:34,3,0,0.0,2,8.534,138.57,147.104,0,B204,delivery_service,Delivery,Delivery
27,13,Stay,4,4,4,4,174,180,08:34,08:40,6,0,0.0,6,12.896,147.104,160.0,0,B303,parking_charging,Position,Movement
27,14,Movement,4,5,4,5,180,186,08:40,08:46,6,6,11.45,0,0.0,160.0,148.55,0,B303,empty_repositioning,Position,Pickup
27,15,Pickup,5,5,5,5,186,189,08:46,08:49,3,0,0.0,2,8.534,148.55,157.084,1,B303,pickup_service,Pickup,Pickup
27,16,Movement,5,7,5,7,189,199,08:49,08:59,10,10,32.24,0,0.0,157.084,124.844,1,B303,passenger_flight,Position,Delivery
27,17,Delivery,7,7,7,7,199,202,08:59,09:02,3,0,0.0,2,8.534,124.844,133.378,0,B303,delivery_service,Delivery,Delivery
27,18,Pickup,7,7,7,7,202,205,09:02,09:05,3,0,0.0,2,8.534,133.378,141.912,1,B360,pickup_service,Pickup,Pickup
27,19,Movement,7,4,7,4,205,212,09:05,09:12,7,7,21.43,0,0.0,141.912,120.482,1,B360,passenger_flight,Position,Delivery
27,20,Delivery,4,4,4,4,212,215,09:12,09:15,3,0,0.0,2,8.534,120.482,129.016,0,B360,delivery_service,Delivery,Delivery
27,21,Stay,4,4,4,4,215,240,09:15,09:40,25,0,0.0,25,30.984,129.016,160.0,0,B458,parking_charging,Position,Movement
27,22,Movement,4,5,4,5,240,246,09:40,09:46,6,6,11.45,0,0.0,160.0,148.55,0,B458,empty_repositioning,Position,Pickup
27,23,Pickup,5,5,5,5,246,249,09:46,09:49,3,0,0.0,2,8.534,148.55,157.084,1,B458,pickup_service,Pickup,Pickup
27,24,Movement,5,3,5,3,249,257,09:49,09:57,8,8,23.93,0,0.0,157.084,133.154,1,B458,passenger_flight,Position,Delivery
27,25,Delivery,3,3,3,3,257,260,09:57,10:00,3,0,0.0,2,8.534,133.154,141.688,0,B458,delivery_service,Delivery,Delivery
27,26,Movement,3,2,3,2,260,263,10:00,10:03,3,3,4.08,0,0.0,141.688,137.608,0,B499,empty_repositioning,Position,Pickup
27,27,Pickup,2,2,2,2,263,266,10:03,10:06,3,0,0.0,2,8.534,137.608,146.142,1,B499,pickup_service,Pickup,Pickup
27,28,Movement,2,1,2,1,266,273,10:06,10:13,7,7,13.61,0,0.0,146.142,132.532,1,B499,passenger_flight,Position,Delivery
27,29,Delivery,1,1,1,1,273,276,10:13,10:16,3,0,0.0,2,8.534,132.532,141.066,0,B499,delivery_service,Delivery,Delivery
27,30,Stay,1,1,1,1,276,280,10:16,10:20,4,0,0.0,4,17.068,141.066,158.134,0,B626,parking_charging,Position,Movement
27,31,Movement,1,3,1,3,280,286,10:20,10:26,6,6,9.61,0,0.0,158.134,148.524,0,B626,empty_repositioning,Position,Pickup
27,32,Pickup,3,3,3,3,286,289,10:26,10:29,3,0,0.0,2,8.534,148.524,157.058,1,B626,pickup_service,Pickup,Pickup
27,33,Movement,3,4,3,4,289,296,10:29,10:36,7,7,12.6,0,0.0,157.058,144.458,1,B626,passenger_flight,Position,Delivery
27,34,Delivery,4,4,4,4,296,299,10:36,10:39,3,0,0.0,2,8.534,144.458,152.992,0,B626,delivery_service,Delivery,Delivery
27,35,Pickup,4,4,4,4,299,302,10:39,10:42,3,0,0.0,2,7.008,152.992,160.0,1,B708,pickup_service,Pickup,Pickup
27,36,Movement,4,8,4,8,302,313,10:42,10:53,11,11,39.54,0,0.0,160.0,120.46,1,B708,passenger_flight,Position,Delivery
27,37,Delivery,8,8,8,8,313,316,10:53,10:56,3,0,0.0,2,8.534,120.46,128.994,0,B708,delivery_service,Delivery,Delivery
27,38,Stay,8,8,8,8,316,318,10:56,10:58,2,0,0.0,2,8.534,128.994,137.528,0,B822,parking_charging,Position,Pickup
27,39,Pickup,8,8,8,8,318,321,10:58,11:01,3,0,0.0,2,8.534,137.528,146.062,1,B822,pickup_service,Pickup,Pickup
27,40,Stay,8,8,8,8,321,326,11:01,11:06,5,0,0.0,5,13.938,146.062,160.0,1,B822,parking_charging,Position,Movement
27,41,Movement,8,4,8,4,326,337,11:06,11:17,11,11,39.54,0,0.0,160.0,120.46,1,B822,passenger_flight,Position,Delivery
27,42,Delivery,4,4,4,4,337,340,11:17,11:20,3,0,0.0,2,8.534,120.46,128.994,0,B822,delivery_service,Delivery,Delivery
27,43,Stay,4,4,4,4,340,344,11:20,11:24,4,0,0.0,4,17.068,128.994,146.062,0,B942,parking_charging,Position,Pickup
27,44,Pickup,4,4,4,4,344,347,11:24,11:27,3,0,0.0,2,8.534,146.062,154.596,1,B942,pickup_service,Pickup,Pickup
27,45,Pickup,4,4,4,4,347,350,11:27,11:30,3,0,0.0,2,5.404,154.596,160.0,2,B955,pickup_service,Pickup,Pickup
27,46,Movement,4,2,4,2,350,356,11:30,11:36,6,6,16.13,0,0.0,160.0,143.87,2,B942,passenger_flight,Position,Delivery
27,47,Delivery,2,2,2,2,356,359,11:36,11:39,3,0,0.0,2,8.534,143.87,152.404,1,B942,delivery_service,Delivery,Delivery
27,48,Delivery,2,2,2,2,359,362,11:39,11:42,3,0,0.0,2,7.596,152.404,160.0,0,B955,delivery_service,Delivery,Delivery
27,49,Pickup,2,2,2,2,362,365,11:42,11:45,3,0,0.0,2,0.0,160.0,160.0,1,B1008,pickup_service,Pickup,Pickup
27,50,Movement,2,1,2,1,365,372,11:45,11:52,7,7,13.61,0,0.0,160.0,146.39,1,B1008,passenger_flight,Position,Delivery
27,51,Delivery,1,1,1,1,372,375,11:52,11:55,3,0,0.0,2,8.534,146.39,154.924,0,B1008,delivery_service,Delivery,Delivery
27,52,Stay,1,1,1,1,375,390,11:55,12:10,15,0,0.0,15,5.076,154.924,160.0,0,B1086,parking_charging,Position,Pickup
27,53,Pickup,1,1,1,1,390,393,12:10,12:13,3,0,0.0,2,0.0,160.0,160.0,1,B1086,pickup_service,Pickup,Pickup
27,54,Movement,1,10,1,10,393,406,12:13,12:26,13,13,47.44,0,0.0,160.0,112.56,1,B1086,passenger_flight,Position,Delivery
27,55,Delivery,10,10,10,10,406,409,12:26,12:29,3,0,0.0,2,8.534,112.56,121.094,0,B1086,delivery_service,Delivery,Delivery
27,56,Pickup,10,10,10,10,409,412,12:29,12:32,3,0,0.0,2,8.534,121.094,129.628,1,B1130,pickup_service,Pickup,Pickup
27,57,Movement,10,3,10,3,412,427,12:32,12:47,15,15,54.92,0,0.0,129.628,74.708,1,B1130,passenger_flight,Position,Delivery
27,58,Delivery,3,3,3,3,427,430,12:47,12:50,3,0,0.0,2,8.534,74.708,83.242,0,B1130,delivery_service,Delivery,Delivery
27,59,Movement,3,2,3,2,430,433,12:50,12:53,3,3,4.08,0,0.0,83.242,79.162,0,B1193,empty_repositioning,Position,Pickup
27,60,Pickup,2,2,2,2,433,436,12:53,12:56,3,0,0.0,2,8.534,79.162,87.696,1,B1193,pickup_service,Pickup,Pickup
27,61,Movement,2,6,2,6,436,447,12:56,13:07,11,11,37.0,0,0.0,87.696,50.696,1,B1193,passenger_flight,Position,Delivery
27,62,Delivery,6,6,6,6,447,450,13:07,13:10,3,0,0.0,2,8.534,50.696,59.23,0,B1193,delivery_service,Delivery,Delivery
27,63,Stay,6,6,6,6,450,458,13:10,13:18,8,0,0.0,8,34.136,59.23,93.366,0,B1244,parking_charging,Position,Pickup
27,64,Pickup,6,6,6,6,458,461,13:18,13:21,3,0,0.0,2,8.534,93.366,101.9,1,B1244,pickup_service,Pickup,Pickup
27,65,Movement,6,7,6,7,461,473,13:21,13:33,12,12,43.48,0,0.0,101.9,58.42,1,B1244,passenger_flight,Position,Delivery
27,66,Delivery,7,7,7,7,473,476,13:33,13:36,3,0,0.0,2,8.534,58.42,66.954,0,B1244,delivery_service,Delivery,Delivery
27,67,Stay,7,7,7,7,476,483,13:36,13:43,7,0,0.0,7,29.869,66.954,96.823,0,B1291,parking_charging,Position,Pickup
27,68,Pickup,7,7,7,7,483,486,13:43,13:46,3,0,0.0,2,8.534,96.823,105.357,1,B1291,pickup_service,Pickup,Pickup
27,69,Movement,7,4,7,4,486,493,13:46,13:53,7,7,21.43,0,0.0,105.357,83.927,1,B1291,passenger_flight,Position,Delivery
27,70,Delivery,4,4,4,4,493,496,13:53,13:56,3,0,0.0,2,8.534,83.927,92.461,0,B1291,delivery_service,Delivery,Delivery
27,71,Stay,4,4,4,4,496,515,13:56,14:15,19,0,0.0,19,67.539,92.461,160.0,0,B1398,parking_charging,Position,Pickup
27,72,Pickup,4,4,4,4,515,518,14:15,14:18,3,0,0.0,2,0.0,160.0,160.0,1,B1398,pickup_service,Pickup,Pickup
27,73,Pickup,4,4,4,4,518,521,14:18,14:21,3,0,0.0,2,0.0,160.0,160.0,3,B1402,pickup_service,Pickup,Pickup
27,74,Movement,4,9,4,9,521,536,14:21,14:36,15,15,55.47,0,0.0,160.0,104.53,3,B1398,passenger_flight,Position,Delivery
27,75,Delivery,9,9,9,9,536,539,14:36,14:39,3,0,0.0,2,8.534,104.53,113.064,2,B1398,delivery_service,Delivery,Delivery
27,76,Delivery,9,9,9,9,539,542,14:39,14:42,3,0,0.0,2,8.534,113.064,121.598,0,B1402,delivery_service,Delivery,Delivery
27,77,Pickup,9,9,9,9,542,545,14:42,14:45,3,0,0.0,2,8.534,121.598,130.132,1,B1522,pickup_service,Pickup,Pickup
27,78,Movement,9,4,9,4,545,560,14:45,15:00,15,15,55.47,0,0.0,130.132,74.662,1,B1522,passenger_flight,Position,Delivery
27,79,Delivery,4,4,4,4,560,563,15:00,15:03,3,0,0.0,2,8.534,74.662,83.196,0,B1522,delivery_service,Delivery,Delivery
27,80,Pickup,4,4,4,4,563,566,15:03,15:06,3,0,0.0,2,8.534,83.196,91.73,1,B1602,pickup_service,Pickup,Pickup
27,81,Movement,4,2,4,2,566,572,15:06,15:12,6,6,16.13,0,0.0,91.73,75.6,1,B1602,passenger_flight,Position,Delivery
27,82,Delivery,2,2,2,2,572,575,15:12,15:15,3,0,0.0,2,8.534,75.6,84.134,0,B1602,delivery_service,Delivery,Delivery
27,83,Stay,2,2,2,2,575,576,15:15,15:16,1,0,0.0,1,4.267,84.134,88.401,0,B1664,parking_charging,Position,Movement
27,84,Movement,2,3,2,3,576,579,15:16,15:19,3,3,4.08,0,0.0,88.401,84.321,0,B1664,empty_repositioning,Position,Pickup
27,85,Pickup,3,3,3,3,579,582,15:19,15:22,3,0,0.0,2,8.534,84.321,92.855,1,B1664,pickup_service,Pickup,Pickup
27,86,Movement,3,1,3,1,582,588,15:22,15:28,6,6,9.61,0,0.0,92.855,83.245,1,B1664,passenger_flight,Position,Delivery
27,87,Delivery,1,1,1,1,588,591,15:28,15:31,3,0,0.0,2,8.534,83.245,91.779,0,B1664,delivery_service,Delivery,Delivery
27,88,Pickup,1,1,1,1,591,594,15:31,15:34,3,0,0.0,2,8.534,91.779,100.313,1,B1709,pickup_service,Pickup,Pickup
27,89,Pickup,1,1,1,1,594,597,15:34,15:37,3,0,0.0,2,8.534,100.313,108.847,2,B1720,pickup_service,Pickup,Pickup
27,90,Movement,1,2,1,2,597,604,15:37,15:44,7,7,13.61,0,0.0,108.847,95.237,2,B1709,passenger_flight,Position,Delivery
27,91,Delivery,2,2,2,2,604,607,15:44,15:47,3,0,0.0,2,8.534,95.237,103.771,1,B1709,delivery_service,Delivery,Delivery
27,92,Delivery,2,2,2,2,607,610,15:47,15:50,3,0,0.0,2,8.534,103.771,112.305,0,B1720,delivery_service,Delivery,Delivery
27,93,Stay,2,2,2,2,610,614,15:50,15:54,4,0,0.0,4,17.068,112.305,129.373,0,B1813,parking_charging,Position,Pickup
27,94,Pickup,2,2,2,2,614,617,15:54,15:57,3,0,0.0,2,8.534,129.373,137.907,1,B1813,pickup_service,Pickup,Pickup
27,95,Movement,2,4,2,4,617,623,15:57,16:03,6,6,16.13,0,0.0,137.907,121.777,1,B1813,passenger_flight,Position,Delivery
27,96,Delivery,4,4,4,4,623,626,16:03,16:06,3,0,0.0,2,8.534,121.777,130.311,0,B1813,delivery_service,Delivery,Delivery
27,97,Pickup,4,4,4,4,626,629,16:06,16:09,3,0,0.0,2,8.534,130.311,138.845,1,B1855,pickup_service,Pickup,Pickup
27,98,Movement,4,2,4,2,629,635,16:09,16:15,6,6,16.13,0,0.0,138.845,122.715,1,B1855,passenger_flight,Position,Delivery
27,99,Delivery,2,2,2,2,635,638,16:15,16:18,3,0,0.0,2,8.534,122.715,131.249,0,B1855,delivery_service,Delivery,Delivery
27,100,Pickup,2,2,2,2,638,641,16:18,16:21,3,0,0.0,2,8.534,131.249,139.783,1,B1936,pickup_service,Pickup,Pickup
27,101,Movement,2,1,2,1,641,648,16:21,16:28,7,7,13.61,0,0.0,139.783,126.173,1,B1936,passenger_flight,Position,Delivery
27,102,Delivery,1,1,1,1,648,651,16:28,16:31,3,0,0.0,2,8.534,126.173,134.707,0,B1936,delivery_service,Delivery,Delivery
27,103,Stay,1,1,1,1,651,661,16:31,16:41,10,0,0.0,10,25.293,134.707,160.0,0,B2111,parking_charging,Position,Pickup
27,104,Pickup,1,1,1,1,661,664,16:41,16:44,3,0,0.0,2,0.0,160.0,160.0,1,B2111,pickup_service,Pickup,Pickup
27,105,Stay,1,1,1,1,664,665,16:44,16:45,1,0,0.0,1,0.0,160.0,160.0,1,B2143,parking_charging,Position,Pickup
27,106,Pickup,1,1,1,1,665,668,16:45,16:48,3,0,0.0,2,0.0,160.0,160.0,3,B2143,pickup_service,Pickup,Pickup
27,107,Movement,1,6,1,6,668,675,16:48,16:55,7,7,23.39,0,0.0,160.0,136.61,3,B2111,passenger_flight,Position,Delivery
27,108,Delivery,6,6,6,6,675,678,16:55,16:58,3,0,0.0,2,8.534,136.61,145.144,2,B2111,delivery_service,Delivery,Delivery
27,109,Delivery,6,6,6,6,678,681,16:58,17:01,3,0,0.0,2,8.534,145.144,153.678,0,B2143,delivery_service,Delivery,Delivery
27,110,Movement,6,1,6,1,681,688,17:01,17:08,7,7,23.39,0,0.0,153.678,130.288,0,B2332,empty_repositioning,Position,Pickup
27,111,Pickup,1,1,1,1,688,691,17:08,17:11,3,0,0.0,2,8.534,130.288,138.822,2,B2332,pickup_service,Pickup,Pickup
27,112,Movement,1,5,1,5,691,699,17:11,17:19,8,8,14.88,0,0.0,138.822,123.942,2,B2332,passenger_flight,Position,Delivery
27,113,Delivery,5,5,5,5,699,702,17:19,17:22,3,0,0.0,2,8.534,123.942,132.476,0,B2332,delivery_service,Delivery,Delivery
27,114,Pickup,5,5,5,5,702,705,17:22,17:25,3,0,0.0,2,8.534,132.476,141.01,1,B2488,pickup_service,Pickup,Pickup
27,115,Movement,5,3,5,3,705,713,17:25,17:33,8,8,23.93,0,0.0,141.01,117.08,1,B2488,passenger_flight,Position,Delivery
27,116,Delivery,3,3,3,3,713,716,17:33,17:36,3,0,0.0,2,8.534,117.08,125.614,0,B2488,delivery_service,Delivery,Delivery
27,117,Pickup,3,3,3,3,716,719,17:36,17:39,3,0,0.0,2,8.534,125.614,134.148,1,B2657,pickup_service,Pickup,Pickup
27,118,Pickup,3,3,3,3,719,722,17:39,17:42,3,0,0.0,2,8.534,134.148,142.682,3,B2692,pickup_service,Pickup,Pickup
27,119,Movement,3,4,3,4,722,729,17:42,17:49,7,7,12.6,0,0.0,142.682,130.082,3,B2657,passenger_flight,Position,Delivery
27,120,Delivery,4,4,4,4,729,732,17:49,17:52,3,0,0.0,2,8.534,130.082,138.616,2,B2657,delivery_service,Delivery,Delivery
27,121,Delivery,4,4,4,4,732,735,17:52,17:55,3,0,0.0,2,8.534,138.616,147.15,0,B2692,delivery_service,Delivery,Delivery
27,122,Pickup,4,4,4,4,735,738,17:55,17:58,3,0,0.0,2,8.534,147.15,155.684,2,B2841,pickup_service,Pickup,Pickup
27,123,Movement,4,2,4,2,738,744,17:58,18:04,6,6,16.13,0,0.0,155.684,139.554,2,B2841,passenger_flight,Position,Delivery
27,124,Delivery,2,2,2,2,744,747,18:04,18:07,3,0,0.0,2,8.534,139.554,148.088,0,B2841,delivery_service,Delivery,Delivery
27,125,Stay,2,2,2,2,747,756,18:07,18:16,9,0,0.0,9,11.912,148.088,160.0,0,B3026,parking_charging,Position,Pickup
27,126,Pickup,2,2,2,2,756,759,18:16,18:19,3,0,0.0,2,0.0,160.0,160.0,1,B3026,pickup_service,Pickup,Pickup
27,127,Pickup,2,2,2,2,759,762,18:19,18:22,3,0,0.0,2,0.0,160.0,160.0,3,B3038,pickup_service,Pickup,Pickup
27,128,Movement,2,4,2,4,762,768,18:22,18:28,6,6,16.13,0,0.0,160.0,143.87,3,B3026,passenger_flight,Position,Delivery
27,129,Delivery,4,4,4,4,768,771,18:28,18:31,3,0,0.0,2,8.534,143.87,152.404,2,B3026,delivery_service,Delivery,Delivery
27,130,Delivery,4,4,4,4,771,774,18:31,18:34,3,0,0.0,2,7.596,152.404,160.0,0,B3038,delivery_service,Delivery,Delivery
27,131,Stay,4,4,4,4,774,793,18:34,18:53,19,0,0.0,19,0.0,160.0,160.0,0,B3255,parking_charging,Position,Pickup
27,132,Pickup,4,4,4,4,793,796,18:53,18:56,3,0,0.0,2,0.0,160.0,160.0,2,B3255,pickup_service,Pickup,Pickup
27,133,Pickup,4,4,4,4,796,799,18:56,18:59,3,0,0.0,2,0.0,160.0,160.0,3,B3264,pickup_service,Pickup,Pickup
27,134,Movement,4,3,4,3,799,806,18:59,19:06,7,7,12.6,0,0.0,160.0,147.4,3,B3255,passenger_flight,Position,Delivery
27,135,Delivery,3,3,3,3,806,809,19:06,19:09,3,0,0.0,2,8.534,147.4,155.934,1,B3255,delivery_service,Delivery,Delivery
27,136,Delivery,3,3,3,3,809,812,19:09,19:12,3,0,0.0,2,4.066,155.934,160.0,0,B3264,delivery_service,Delivery,Delivery
28,0,Stay,9,9,9,9,0,140,05:40,08:00,140,0,0.0,140,0.0,160.0,160.0,0,B154,parking_charging,Position,Movement
28,1,Movement,9,8,9,8,140,146,08:00,08:06,6,6,18.04,0,0.0,160.0,141.96,0,B154,empty_repositioning,Position,Pickup
28,2,Pickup,8,8,8,8,146,149,08:06,08:09,3,0,0.0,2,8.534,141.96,150.494,1,B154,pickup_service,Pickup,Pickup
28,3,Movement,8,7,8,7,149,156,08:09,08:16,7,7,22.2,0,0.0,150.494,128.294,1,B189,passenger_flight,Position,Pickup
28,4,Pickup,7,7,7,7,156,159,08:16,08:19,3,0,0.0,2,8.534,128.294,136.828,2,B189,pickup_service,Pickup,Pickup
28,5,Movement,7,4,7,4,159,166,08:19,08:26,7,7,21.43,0,0.0,136.828,115.398,2,B154,passenger_flight,Position,Delivery
28,6,Delivery,4,4,4,4,166,169,08:26,08:29,3,0,0.0,2,8.534,115.398,123.932,1,B154,delivery_service,Delivery,Delivery
28,7,Movement,4,6,4,6,169,176,08:29,08:36,7,7,22.06,0,0.0,123.932,101.872,1,B189,passenger_flight,Position,Delivery
28,8,Delivery,6,6,6,6,176,179,08:36,08:39,3,0,0.0,2,8.534,101.872,110.406,0,B189,delivery_service,Delivery,Delivery
28,9,Stay,6,6,6,6,179,183,08:39,08:43,4,0,0.0,4,17.068,110.406,127.474,0,B295-1,parking_charging,Position,Pickup
28,10,Pickup,6,6,6,6,183,186,08:43,08:46,3,0,0.0,2,8.534,127.474,136.008,3,B295-1,pickup_service,Pickup,Pickup
28,11,Movement,6,1,6,1,186,193,08:46,08:53,7,7,23.39,0,0.0,136.008,112.618,3,B295-1,passenger_flight,Position,Delivery
28,12,Delivery,1,1,1,1,193,196,08:53,08:56,3,0,0.0,2,8.534,112.618,121.152,0,B295-1,delivery_service,Delivery,Delivery
28,13,Stay,1,1,1,1,196,200,08:56,09:00,4,0,0.0,4,17.068,121.152,138.22,0,B361,parking_charging,Position,Movement
28,14,Movement,1,6,1,6,200,207,09:00,09:07,7,7,23.39,0,0.0,138.22,114.83,0,B361,empty_repositioning,Position,Pickup
28,15,Pickup,6,6,6,6,207,210,09:07,09:10,3,0,0.0,2,8.534,114.83,123.364,1,B361,pickup_service,Pickup,Pickup
28,16,Movement,6,9,6,9,210,230,09:10,09:30,20,20,74.79,0,0.0,123.364,48.574,1,B361,passenger_flight,Position,Delivery
28,17,Delivery,9,9,9,9,230,233,09:30,09:33,3,0,0.0,2,8.534,48.574,57.108,0,B361,delivery_service,Delivery,Delivery
28,18,Pickup,9,9,9,9,233,236,09:33,09:36,3,0,0.0,2,8.534,57.108,65.642,1,B435,pickup_service,Pickup,Pickup
28,19,Stay,9,9,9,9,236,245,09:36,09:45,9,0,0.0,9,38.403,65.642,104.045,1,B435,parking_charging,Position,Movement
28,20,Movement,9,6,9,6,245,265,09:45,10:05,20,20,74.79,0,0.0,104.045,29.255,1,B435,passenger_flight,Position,Delivery
28,21,Delivery,6,6,6,6,265,268,10:05,10:08,3,0,0.0,2,8.534,29.255,37.789,0,B435,delivery_service,Delivery,Delivery
28,22,Pickup,6,6,6,6,268,271,10:08,10:11,3,0,0.0,2,8.534,37.789,46.323,1,B537,pickup_service,Pickup,Pickup
28,23,Movement,6,1,6,1,271,278,10:11,10:18,7,7,23.39,0,0.0,46.323,22.933,1,B537,passenger_flight,Position,Delivery
28,24,Delivery,1,1,1,1,278,281,10:18,10:21,3,0,0.0,2,8.534,22.933,31.467,0,B537,delivery_service,Delivery,Delivery
28,25,Movement,1,3,1,3,281,287,10:21,10:27,6,6,9.61,0,0.0,31.467,21.857,0,B627,empty_repositioning,Position,Pickup
28,26,Pickup,3,3,3,3,287,290,10:27,10:30,3,0,0.0,2,8.534,21.857,30.391,1,B627,pickup_service,Pickup,Pickup
28,27,Stay,3,3,3,3,290,307,10:30,10:47,17,0,0.0,17,72.539,30.391,102.93,1,B627,parking_charging,Position,Movement
28,28,Movement,3,5,3,5,307,315,10:47,10:55,8,8,23.93,0,0.0,102.93,79.0,1,B627,passenger_flight,Position,Delivery
28,29,Delivery,5,5,5,5,315,318,10:55,10:58,3,0,0.0,2,8.534,79.0,87.534,0,B627,delivery_service,Delivery,Delivery
28,30,Pickup,5,5,5,5,318,321,10:58,11:01,3,0,0.0,2,8.534,87.534,96.068,1,B806,pickup_service,Pickup,Pickup
28,31,Movement,5,3,5,3,321,329,11:01,11:09,8,8,23.93,0,0.0,96.068,72.138,1,B806,passenger_flight,Position,Delivery
28,32,Delivery,3,3,3,3,329,332,11:09,11:12,3,0,0.0,2,8.534,72.138,80.672,0,B806,delivery_service,Delivery,Delivery
28,33,Pickup,3,3,3,3,332,335,11:12,11:15,3,0,0.0,2,8.534,80.672,89.206,1,B890,pickup_service,Pickup,Pickup
28,34,Stay,3,3,3,3,335,336,11:15,11:16,1,0,0.0,1,4.267,89.206,93.473,1,B903,parking_charging,Position,Pickup
28,35,Pickup,3,3,3,3,336,339,11:16,11:19,3,0,0.0,2,8.534,93.473,102.007,3,B903,pickup_service,Pickup,Pickup
28,36,Movement,3,9,3,9,339,354,11:19,11:34,15,15,52.78,0,0.0,102.007,49.227,3,B890,passenger_flight,Position,Delivery
28,37,Delivery,9,9,9,9,354,357,11:34,11:37,3,0,0.0,2,8.534,49.227,57.761,2,B890,delivery_service,Delivery,Delivery
28,38,Delivery,9,9,9,9,357,360,11:37,11:40,3,0,0.0,2,8.534,57.761,66.295,0,B903,delivery_service,Delivery,Delivery
28,39,Stay,9,9,9,9,360,362,11:40,11:42,2,0,0.0,2,8.534,66.295,74.829,0,B1011,parking_charging,Position,Pickup
28,40,Pickup,9,9,9,9,362,365,11:42,11:45,3,0,0.0,2,8.534,74.829,83.363,1,B1011,pickup_service,Pickup,Pickup
28,41,Pickup,9,9,9,9,365,368,11:45,11:48,3,0,0.0,2,8.534,83.363,91.897,2,B1017,pickup_service,Pickup,Pickup
28,42,Movement,9,4,9,4,368,383,11:48,12:03,15,15,55.47,0,0.0,91.897,36.427,2,B1011,passenger_flight,Position,Delivery
28,43,Delivery,4,4,4,4,383,386,12:03,12:06,3,0,0.0,2,8.534,36.427,44.961,1,B1011,delivery_service,Delivery,Delivery
28,44,Delivery,4,4,4,4,386,389,12:06,12:09,3,0,0.0,2,8.534,44.961,53.495,0,B1017,delivery_service,Delivery,Delivery
28,45,Pickup,4,4,4,4,389,392,12:09,12:12,3,0,0.0,2,8.534,53.495,62.029,1,B1079,pickup_service,Pickup,Pickup
28,46,Stay,4,4,4,4,392,401,12:12,12:21,9,0,0.0,9,38.403,62.029,100.432,1,B1079,parking_charging,Position,Movement
28,47,Movement,4,9,4,9,401,416,12:21,12:36,15,15,55.47,0,0.0,100.432,44.962,1,B1079,passenger_flight,Position,Delivery
28,48,Delivery,9,9,9,9,416,419,12:36,12:39,3,0,0.0,2,8.534,44.962,53.496,0,B1079,delivery_service,Delivery,Delivery
28,49,Pickup,9,9,9,9,419,422,12:39,12:42,3,0,0.0,2,8.534,53.496,62.03,1,B1152,pickup_service,Pickup,Pickup
28,50,Stay,9,9,9,9,422,431,12:42,12:51,9,0,0.0,9,38.403,62.03,100.433,1,B1152,parking_charging,Position,Movement
28,51,Movement,9,4,9,4,431,446,12:51,13:06,15,15,55.47,0,0.0,100.433,44.963,1,B1152,passenger_flight,Position,Delivery
28,52,Delivery,4,4,4,4,446,449,13:06,13:09,3,0,0.0,2,8.534,44.963,53.497,0,B1152,delivery_service,Delivery,Delivery
28,53,Stay,4,4,4,4,449,457,13:09,13:17,8,0,0.0,8,34.136,53.497,87.633,0,B1243,parking_charging,Position,Pickup
28,54,Pickup,4,4,4,4,457,460,13:17,13:20,3,0,0.0,2,8.534,87.633,96.167,1,B1243,pickup_service,Pickup,Pickup
28,55,Stay,4,4,4,4,460,463,13:20,13:23,3,0,0.0,3,12.801,96.167,108.968,1,B1243,parking_charging,Position,Movement
28,56,Movement,4,7,4,7,463,470,13:23,13:30,7,7,21.43,0,0.0,108.968,87.538,1,B1243,passenger_flight,Position,Delivery
28,57,Delivery,7,7,7,7,470,473,13:30,13:33,3,0,0.0,2,8.534,87.538,96.072,0,B1243,delivery_service,Delivery,Delivery
28,58,Pickup,7,7,7,7,473,476,13:33,13:36,3,0,0.0,2,8.534,96.072,104.606,1,B1278,pickup_service,Pickup,Pickup
28,59,Movement,7,5,7,5,476,486,13:36,13:46,10,10,32.24,0,0.0,104.606,72.366,1,B1278,passenger_flight,Position,Delivery
28,60,Delivery,5,5,5,5,486,489,13:46,13:49,3,0,0.0,2,8.534,72.366,80.9,0,B1278,delivery_service,Delivery,Delivery
28,61,Movement,5,6,5,6,489,496,13:49,13:56,7,7,12.76,0,0.0,80.9,68.14,0,B1321,empty_repositioning,Position,Pickup
28,62,Pickup,6,6,6,6,496,499,13:56,13:59,3,0,0.0,2,8.534,68.14,76.674,1,B1321,pickup_service,Pickup,Pickup
28,63,Movement,6,7,6,7,499,511,13:59,14:11,12,12,43.48,0,0.0,76.674,33.194,1,B1321,passenger_flight,Position,Delivery
28,64,Delivery,7,7,7,7,511,514,14:11,14:14,3,0,0.0,2,8.534,33.194,41.728,0,B1321,delivery_service,Delivery,Delivery
28,65,Stay,7,7,7,7,514,517,14:14,14:17,3,0,0.0,3,12.801,41.728,54.529,0,B1408,parking_charging,Position,Pickup
28,66,Pickup,7,7,7,7,517,520,14:17,14:20,3,0,0.0,2,8.534,54.529,63.063,1,B1408,pickup_service,Pickup,Pickup
28,67,Movement,7,4,7,4,520,527,14:20,14:27,7,7,21.43,0,0.0,63.063,41.633,1,B1408,passenger_flight,Position,Delivery
28,68,Delivery,4,4,4,4,527,530,14:27,14:30,3,0,0.0,2,8.534,41.633,50.167,0,B1408,delivery_service,Delivery,Delivery
28,69,Pickup,4,4,4,4,530,533,14:30,14:33,3,0,0.0,2,8.534,50.167,58.701,1,B1468,pickup_service,Pickup,Pickup
28,70,Pickup,4,4,4,4,533,536,14:33,14:36,3,0,0.0,2,8.534,58.701,67.235,2,B1481,pickup_service,Pickup,Pickup
28,71,Movement,4,2,4,2,536,542,14:36,14:42,6,6,16.13,0,0.0,67.235,51.105,2,B1468,passenger_flight,Position,Delivery
28,72,Delivery,2,2,2,2,542,545,14:42,14:45,3,0,0.0,2,8.534,51.105,59.639,1,B1468,delivery_service,Delivery,Delivery
28,73,Delivery,2,2,2,2,545,548,14:45,14:48,3,0,0.0,2,8.534,59.639,68.173,0,B1481,delivery_service,Delivery,Delivery
28,74,Pickup,2,2,2,2,548,551,14:48,14:51,3,0,0.0,2,8.534,68.173,76.707,2,B1529,pickup_service,Pickup,Pickup
28,75,Movement,2,5,2,5,551,559,14:51,14:59,8,8,27.57,0,0.0,76.707,49.137,2,B1529,passenger_flight,Position,Delivery
28,76,Delivery,5,5,5,5,559,562,14:59,15:02,3,0,0.0,2,8.534,49.137,57.671,0,B1529,delivery_service,Delivery,Delivery
28,77,Movement,5,4,5,4,562,568,15:02,15:08,6,6,11.45,0,0.0,57.671,46.221,0,B1625,empty_repositioning,Position,Pickup
28,78,Pickup,4,4,4,4,568,571,15:08,15:11,3,0,0.0,2,8.534,46.221,54.755,1,B1625,pickup_service,Pickup,Pickup
28,79,Movement,4,7,4,7,571,578,15:11,15:18,7,7,21.43,0,0.0,54.755,33.325,1,B1625,passenger_flight,Position,Delivery
28,80,Delivery,7,7,7,7,578,581,15:18,15:21,3,0,0.0,2,8.534,33.325,41.859,0,B1625,delivery_service,Delivery,Delivery
28,81,Stay,7,7,7,7,581,589,15:21,15:29,8,0,0.0,8,34.136,41.859,75.995,0,B1704,parking_charging,Position,Pickup
28,82,Pickup,7,7,7,7,589,592,15:29,15:32,3,0,0.0,2,8.534,75.995,84.529,1,B1704,pickup_service,Pickup,Pickup
28,83,Movement,7,4,7,4,592,599,15:32,15:39,7,7,21.43,0,0.0,84.529,63.099,1,B1746,passenger_flight,Position,Pickup
28,84,Pickup,4,4,4,4,599,602,15:39,15:42,3,0,0.0,2,8.534,63.099,71.633,2,B1746,pickup_service,Pickup,Pickup
28,85,Delivery,4,4,4,4,602,605,15:42,15:45,3,0,0.0,2,8.534,71.633,80.167,1,B1704,delivery_service,Delivery,Delivery
28,86,Movement,4,3,4,3,605,612,15:45,15:52,7,7,12.6,0,0.0,80.167,67.567,1,B1746,passenger_flight,Position,Delivery
28,87,Delivery,3,3,3,3,612,615,15:52,15:55,3,0,0.0,2,8.534,67.567,76.101,0,B1746,delivery_service,Delivery,Delivery
28,88,Pickup,3,3,3,3,615,618,15:55,15:58,3,0,0.0,2,8.534,76.101,84.635,1,B1805,pickup_service,Pickup,Pickup
28,89,Movement,3,1,3,1,618,624,15:58,16:04,6,6,9.61,0,0.0,84.635,75.025,1,B1805,passenger_flight,Position,Delivery
28,90,Delivery,1,1,1,1,624,627,16:04,16:07,3,0,0.0,2,8.534,75.025,83.559,0,B1805,delivery_service,Delivery,Delivery
28,91,Stay,1,1,1,1,627,641,16:07,16:21,14,0,0.0,14,59.738,83.559,143.297,0,B1987,parking_charging,Position,Pickup
28,92,Pickup,1,1,1,1,641,644,16:21,16:24,3,0,0.0,2,8.534,143.297,151.831,1,B1987,pickup_service,Pickup,Pickup
28,93,Pickup,1,1,1,1,644,647,16:24,16:27,3,0,0.0,2,8.169,151.831,160.0,3,B1999,pickup_service,Pickup,Pickup
28,94,Movement,1,6,1,6,647,654,16:27,16:34,7,7,23.39,0,0.0,160.0,136.61,3,B1987,passenger_flight,Position,Delivery
28,95,Delivery,6,6,6,6,654,657,16:34,16:37,3,0,0.0,2,8.534,136.61,145.144,2,B1987,delivery_service,Delivery,Delivery
28,96,Delivery,6,6,6,6,657,660,16:37,16:40,3,0,0.0,2,8.534,145.144,153.678,0,B1999,delivery_service,Delivery,Delivery
28,97,Movement,6,4,6,4,660,667,16:40,16:47,7,7,22.06,0,0.0,153.678,131.618,0,B2147,empty_repositioning,Position,Pickup
28,98,Pickup,4,4,4,4,667,670,16:47,16:50,3,0,0.0,2,8.534,131.618,140.152,1,B2147,pickup_service,Pickup,Pickup
28,99,Movement,4,7,4,7,670,677,16:50,16:57,7,7,21.43,0,0.0,140.152,118.722,1,B2147,passenger_flight,Position,Delivery
28,100,Delivery,7,7,7,7,677,680,16:57,17:00,3,0,0.0,2,8.534,118.722,127.256,0,B2147,delivery_service,Delivery,Delivery
28,101,Movement,7,1,7,1,680,687,17:00,17:07,7,7,21.03,0,0.0,127.256,106.226,0,B2294,empty_repositioning,Position,Pickup
28,102,Pickup,1,1,1,1,687,690,17:07,17:10,3,0,0.0,2,8.534,106.226,114.76,2,B2294,pickup_service,Pickup,Pickup
28,103,Movement,1,7,1,7,690,697,17:10,17:17,7,7,21.03,0,0.0,114.76,93.73,2,B2294,passenger_flight,Position,Delivery
28,104,Delivery,7,7,7,7,697,700,17:17,17:20,3,0,0.0,2,8.534,93.73,102.264,0,B2294,delivery_service,Delivery,Delivery
28,105,Stay,7,7,7,7,700,702,17:20,17:22,2,0,0.0,2,8.534,102.264,110.798,0,B2510,parking_charging,Position,Pickup
28,106,Pickup,7,7,7,7,702,705,17:22,17:25,3,0,0.0,2,8.534,110.798,119.332,2,B2510,pickup_service,Pickup,Pickup
28,107,Pickup,7,7,7,7,705,708,17:25,17:28,3,0,0.0,2,8.534,119.332,127.866,3,B2539,pickup_service,Pickup,Pickup
28,108,Movement,7,4,7,4,708,715,17:28,17:35,7,7,21.43,0,0.0,127.866,106.436,3,B2510,passenger_flight,Position,Delivery
28,109,Delivery,4,4,4,4,715,718,17:35,17:38,3,0,0.0,2,8.534,106.436,114.97,1,B2510,delivery_service,Delivery,Delivery
28,110,Delivery,4,4,4,4,718,721,17:38,17:41,3,0,0.0,2,8.534,114.97,123.504,0,B2539,delivery_service,Delivery,Delivery
28,111,Stay,4,4,4,4,721,725,17:41,17:45,4,0,0.0,4,17.068,123.504,140.572,0,B2823,parking_charging,Position,Movement
28,112,Movement,4,2,4,2,725,731,17:45,17:51,6,6,16.13,0,0.0,140.572,124.442,0,B2823,empty_repositioning,Position,Pickup
28,113,Pickup,2,2,2,2,731,734,17:51,17:54,3,0,0.0,2,8.534,124.442,132.976,2,B2823,pickup_service,Pickup,Pickup
28,114,Movement,2,4,2,4,734,740,17:54,18:00,6,6,16.13,0,0.0,132.976,116.846,2,B2823,passenger_flight,Position,Delivery
28,115,Delivery,4,4,4,4,740,743,18:00,18:03,3,0,0.0,2,8.534,116.846,125.38,0,B2823,delivery_service,Delivery,Delivery
28,116,Stay,4,4,4,4,743,745,18:03,18:05,2,0,0.0,2,8.534,125.38,133.914,0,B2959,parking_charging,Position,Pickup
28,117,Pickup,4,4,4,4,745,748,18:05,18:08,3,0,0.0,2,8.534,133.914,142.448,2,B2959,pickup_service,Pickup,Pickup
28,118,Movement,4,7,4,7,748,755,18:08,18:15,7,7,21.43,0,0.0,142.448,121.018,2,B2959,passenger_flight,Position,Delivery
28,119,Delivery,7,7,7,7,755,758,18:15,18:18,3,0,0.0,2,8.534,121.018,129.552,0,B2959,delivery_service,Delivery,Delivery
28,120,Stay,7,7,7,7,758,777,18:18,18:37,19,0,0.0,19,30.448,129.552,160.0,0,B3160,parking_charging,Position,Pickup
28,121,Pickup,7,7,7,7,777,780,18:37,18:40,3,0,0.0,2,0.0,160.0,160.0,1,B3160,pickup_service,Pickup,Pickup
28,122,Stay,7,7,7,7,780,783,18:40,18:43,3,0,0.0,3,0.0,160.0,160.0,1,B3160,parking_charging,Position,Movement
28,123,Movement,7,3,7,3,783,790,18:43,18:50,7,7,13.33,0,0.0,160.0,146.67,1,B3160,passenger_flight,Position,Delivery
28,124,Delivery,3,3,3,3,790,793,18:50,18:53,3,0,0.0,2,8.534,146.67,155.204,0,B3160,delivery_service,Delivery,Delivery
28,125,Pickup,3,3,3,3,793,796,18:53,18:56,3,0,0.0,2,4.796,155.204,160.0,1,B3244,pickup_service,Pickup,Pickup
28,126,Movement,3,4,3,4,796,803,18:56,19:03,7,7,12.6,0,0.0,160.0,147.4,1,B3244,passenger_flight,Position,Delivery
28,127,Delivery,4,4,4,4,803,806,19:03,19:06,3,0,0.0,2,8.534,147.4,155.934,0,B3244,delivery_service,Delivery,Delivery
28,128,Pickup,4,4,4,4,806,809,19:06,19:09,3,0,0.0,2,4.066,155.934,160.0,1,B3310,pickup_service,Pickup,Pickup
28,129,Movement,4,6,4,6,809,816,19:09,19:16,7,7,22.06,0,0.0,160.0,137.94,1,B3310,passenger_flight,Position,Delivery
28,130,Delivery,6,6,6,6,816,819,19:16,19:19,3,0,0.0,2,8.534,137.94,146.474,0,B3310,delivery_service,Delivery,Delivery
29,0,Stay,10,10,10,10,0,64,05:40,06:44,64,0,0.0,64,0.0,160.0,160.0,0,B38,parking_charging,Position,Pickup
29,1,Pickup,10,10,10,10,64,67,06:44,06:47,3,0,0.0,2,0.0,160.0,160.0,1,B38,pickup_service,Pickup,Pickup
29,2,Stay,10,10,10,10,67,68,06:47,06:48,1,0,0.0,1,0.0,160.0,160.0,1,B40,parking_charging,Position,Pickup
29,3,Pickup,10,10,10,10,68,71,06:48,06:51,3,0,0.0,2,0.0,160.0,160.0,2,B40,pickup_service,Pickup,Pickup
29,4,Movement,10,3,10,3,71,86,06:51,07:06,15,15,54.92,0,0.0,160.0,105.08,2,B38,passenger_flight,Position,Delivery
29,5,Delivery,3,3,3,3,86,89,07:06,07:09,3,0,0.0,2,8.534,105.08,113.614,1,B38,delivery_service,Delivery,Delivery
29,6,Delivery,3,3,3,3,89,92,07:09,07:12,3,0,0.0,2,8.534,113.614,122.148,0,B40,delivery_service,Delivery,Delivery
29,7,Stay,3,3,3,3,92,103,07:12,07:23,11,0,0.0,11,37.852,122.148,160.0,0,B86,parking_charging,Position,Movement
29,8,Movement,3,5,3,5,103,111,07:23,07:31,8,8,23.93,0,0.0,160.0,136.07,0,B86,empty_repositioning,Position,Pickup
29,9,Pickup,5,5,5,5,111,114,07:31,07:34,3,0,0.0,2,8.534,136.07,144.604,1,B86,pickup_service,Pickup,Pickup
29,10,Movement,5,7,5,7,114,124,07:34,07:44,10,10,32.24,0,0.0,144.604,112.364,1,B86,passenger_flight,Position,Delivery
29,11,Delivery,7,7,7,7,124,127,07:44,07:47,3,0,0.0,2,8.534,112.364,120.898,0,B86,delivery_service,Delivery,Delivery
29,12,Stay,7,7,7,7,127,166,07:47,08:26,39,0,0.0,39,39.102,120.898,160.0,0,B240,parking_charging,Position,Pickup
29,13,Pickup,7,7,7,7,166,169,08:26,08:29,3,0,0.0,2,0.0,160.0,160.0,1,B240,pickup_service,Pickup,Pickup
29,14,Stay,7,7,7,7,169,170,08:29,08:30,1,0,0.0,1,0.0,160.0,160.0,1,B251,parking_charging,Position,Pickup
29,15,Pickup,7,7,7,7,170,173,08:30,08:33,3,0,0.0,2,0.0,160.0,160.0,3,B251,pickup_service,Pickup,Pickup
29,16,Movement,7,4,7,4,173,180,08:33,08:40,7,7,21.43,0,0.0,160.0,138.57,3,B240,passenger_flight,Position,Delivery
29,17,Delivery,4,4,4,4,180,183,08:40,08:43,3,0,0.0,2,8.534,138.57,147.104,2,B240,delivery_service,Delivery,Delivery
29,18,Delivery,4,4,4,4,183,186,08:43,08:46,3,0,0.0,2,8.534,147.104,155.638,0,B251,delivery_service,Delivery,Delivery
29,19,Stay,4,4,4,4,186,190,08:46,08:50,4,0,0.0,4,4.362,155.638,160.0,0,B340,parking_charging,Position,Movement
29,20,Movement,4,2,4,2,190,196,08:50,08:56,6,6,16.13,0,0.0,160.0,143.87,0,B340,empty_repositioning,Position,Pickup
29,21,Pickup,2,2,2,2,196,199,08:56,08:59,3,0,0.0,2,8.534,143.87,152.404,1,B340,pickup_service,Pickup,Pickup
29,22,Pickup,2,2,2,2,199,202,08:59,09:02,3,0,0.0,2,7.596,152.404,160.0,2,B348,pickup_service,Pickup,Pickup
29,23,Movement,2,4,2,4,202,208,09:02,09:08,6,6,16.13,0,0.0,160.0,143.87,2,B340,passenger_flight,Position,Delivery
29,24,Delivery,4,4,4,4,208,211,09:08,09:11,3,0,0.0,2,8.534,143.87,152.404,1,B340,delivery_service,Delivery,Delivery
29,25,Delivery,4,4,4,4,211,214,09:11,09:14,3,0,0.0,2,7.596,152.404,160.0,0,B348,delivery_service,Delivery,Delivery
29,26,Stay,4,4,4,4,214,240,09:14,09:40,26,0,0.0,26,0.0,160.0,160.0,0,B461,parking_charging,Position,Movement
29,27,Movement,4,5,4,5,240,246,09:40,09:46,6,6,11.45,0,0.0,160.0,148.55,0,B461,empty_repositioning,Position,Pickup
29,28,Pickup,5,5,5,5,246,249,09:46,09:49,3,0,0.0,2,8.534,148.55,157.084,1,B461,pickup_service,Pickup,Pickup
29,29,Stay,5,5,5,5,249,251,09:49,09:51,2,0,0.0,2,2.916,157.084,160.0,1,B494-2,parking_charging,Position,Movement
29,30,Movement,5,3,5,3,251,259,09:51,09:59,8,8,23.93,0,0.0,160.0,136.07,1,B494-2,passenger_flight,Position,Pickup
29,31,Pickup,3,3,3,3,259,262,09:59,10:02,3,0,0.0,2,8.534,136.07,144.604,2,B494-2,pickup_service,Pickup,Pickup
29,32,Delivery,3,3,3,3,262,265,10:02,10:05,3,0,0.0,2,8.534,144.604,153.138,1,B461,delivery_service,Delivery,Delivery
29,33,Movement,3,4,3,4,265,272,10:05,10:12,7,7,12.6,0,0.0,153.138,140.538,1,B494-2,passenger_flight,Position,Delivery
29,34,Delivery,4,4,4,4,272,275,10:12,10:15,3,0,0.0,2,8.534,140.538,149.072,0,B494-2,delivery_service,Delivery,Delivery
29,35,Stay,4,4,4,4,275,280,10:15,10:20,5,0,0.0,5,10.928,149.072,160.0,0,B617,parking_charging,Position,Pickup
29,36,Pickup,4,4,4,4,280,283,10:20,10:23,3,0,0.0,2,0.0,160.0,160.0,1,B617,pickup_service,Pickup,Pickup
29,37,Stay,4,4,4,4,283,284,10:23,10:24,1,0,0.0,1,0.0,160.0,160.0,1,B637,parking_charging,Position,Pickup
29,38,Pickup,4,4,4,4,284,287,10:24,10:27,3,0,0.0,2,0.0,160.0,160.0,2,B637,pickup_service,Pickup,Pickup
29,39,Movement,4,2,4,2,287,293,10:27,10:33,6,6,16.13,0,0.0,160.0,143.87,2,B617,passenger_flight,Position,Delivery
29,40,Delivery,2,2,2,2,293,296,10:33,10:36,3,0,0.0,2,8.534,143.87,152.404,1,B617,delivery_service,Delivery,Delivery
29,41,Delivery,2,2,2,2,296,299,10:36,10:39,3,0,0.0,2,7.596,152.404,160.0,0,B637,delivery_service,Delivery,Delivery
29,42,Stay,2,2,2,2,299,318,10:39,10:58,19,0,0.0,19,0.0,160.0,160.0,0,B819,parking_charging,Position,Pickup
29,43,Pickup,2,2,2,2,318,321,10:58,11:01,3,0,0.0,2,0.0,160.0,160.0,1,B819,pickup_service,Pickup,Pickup
29,44,Stay,2,2,2,2,321,325,11:01,11:05,4,0,0.0,4,0.0,160.0,160.0,1,B819,parking_charging,Position,Movement
29,45,Movement,2,5,2,5,325,333,11:05,11:13,8,8,27.57,0,0.0,160.0,132.43,1,B819,passenger_flight,Position,Delivery
29,46,Delivery,5,5,5,5,333,336,11:13,11:16,3,0,0.0,2,8.534,132.43,140.964,0,B819,delivery_service,Delivery,Delivery
29,47,Pickup,5,5,5,5,336,339,11:16,11:19,3,0,0.0,2,8.534,140.964,149.498,1,B885,pickup_service,Pickup,Pickup
29,48,Movement,5,3,5,3,339,347,11:19,11:27,8,8,23.93,0,0.0,149.498,125.568,1,B885,passenger_flight,Position,Delivery
29,49,Delivery,3,3,3,3,347,350,11:27,11:30,3,0,0.0,2,8.534,125.568,134.102,0,B885,delivery_service,Delivery,Delivery
29,50,Stay,3,3,3,3,350,354,11:30,11:34,4,0,0.0,4,17.068,134.102,151.17,0,B982,parking_charging,Position,Pickup
29,51,Pickup,3,3,3,3,354,357,11:34,11:37,3,0,0.0,2,8.534,151.17,159.704,1,B982,pickup_service,Pickup,Pickup
29,52,Movement,3,5,3,5,357,365,11:37,11:45,8,8,23.93,0,0.0,159.704,135.774,1,B982,passenger_flight,Position,Delivery
29,53,Delivery,5,5,5,5,365,368,11:45,11:48,3,0,0.0,2,8.534,135.774,144.308,0,B982,delivery_service,Delivery,Delivery
29,54,Pickup,5,5,5,5,368,371,11:48,11:51,3,0,0.0,2,8.534,144.308,152.842,1,B1029,pickup_service,Pickup,Pickup
29,55,Movement,5,9,5,9,371,388,11:51,12:08,17,17,62.04,0,0.0,152.842,90.802,1,B1029,passenger_flight,Position,Delivery
29,56,Delivery,9,9,9,9,388,391,12:08,12:11,3,0,0.0,2,8.534,90.802,99.336,0,B1029,delivery_service,Delivery,Delivery
29,57,Stay,9,9,9,9,391,396,12:11,12:16,5,0,0.0,5,21.335,99.336,120.671,0,B1103,parking_charging,Position,Pickup
29,58,Pickup,9,9,9,9,396,399,12:16,12:19,3,0,0.0,2,8.534,120.671,129.205,1,B1103,pickup_service,Pickup,Pickup
29,59,Movement,9,6,9,6,399,419,12:19,12:39,20,20,74.79,0,0.0,129.205,54.415,1,B1103,passenger_flight,Position,Delivery
29,60,Delivery,6,6,6,6,419,422,12:39,12:42,3,0,0.0,2,8.534,54.415,62.949,0,B1103,delivery_service,Delivery,Delivery
29,61,Stay,6,6,6,6,422,429,12:42,12:49,7,0,0.0,7,29.869,62.949,92.818,0,B1189,parking_charging,Position,Pickup
29,62,Pickup,6,6,6,6,429,432,12:49,12:52,3,0,0.0,2,8.534,92.818,101.352,1,B1189,pickup_service,Pickup,Pickup
29,63,Movement,6,10,6,10,432,443,12:52,13:03,11,11,35.74,0,0.0,101.352,65.612,1,B1189,passenger_flight,Position,Delivery
29,64,Delivery,10,10,10,10,443,446,13:03,13:06,3,0,0.0,2,8.534,65.612,74.146,0,B1189,delivery_service,Delivery,Delivery
29,65,Stay,10,10,10,10,446,454,13:06,13:14,8,0,0.0,8,34.136,74.146,108.282,0,B1241,parking_charging,Position,Pickup
29,66,Pickup,10,10,10,10,454,457,13:14,13:17,3,0,0.0,2,8.534,108.282,116.816,1,B1241,pickup_service,Pickup,Pickup
29,67,Movement,10,4,10,4,457,469,13:17,13:29,12,12,42.86,0,0.0,116.816,73.956,1,B1241,passenger_flight,Position,Delivery
29,68,Delivery,4,4,4,4,469,472,13:29,13:32,3,0,0.0,2,8.534,73.956,82.49,0,B1241,delivery_service,Delivery,Delivery
29,69,Pickup,4,4,4,4,472,475,13:32,13:35,3,0,0.0,2,8.534,82.49,91.024,1,B1272,pickup_service,Pickup,Pickup
29,70,Movement,4,2,4,2,475,481,13:35,13:41,6,6,16.13,0,0.0,91.024,74.894,1,B1272,passenger_flight,Position,Delivery
29,71,Delivery,2,2,2,2,481,484,13:41,13:44,3,0,0.0,2,8.534,74.894,83.428,0,B1272,delivery_service,Delivery,Delivery
29,72,Stay,2,2,2,2,484,503,13:44,14:03,19,0,0.0,19,76.572,83.428,160.0,0,B1345,parking_charging,Position,Pickup
29,73,Pickup,2,2,2,2,503,506,14:03,14:06,3,0,0.0,2,0.0,160.0,160.0,1,B1345,pickup_service,Pickup,Pickup
29,74,Stay,2,2,2,2,506,508,14:06,14:08,2,0,0.0,2,0.0,160.0,160.0,1,B1362,parking_charging,Position,Pickup
29,75,Pickup,2,2,2,2,508,511,14:08,14:11,3,0,0.0,2,0.0,160.0,160.0,2,B1362,pickup_service,Pickup,Pickup
29,76,Movement,2,5,2,5,511,519,14:11,14:19,8,8,27.57,0,0.0,160.0,132.43,2,B1345,passenger_flight,Position,Delivery
29,77,Delivery,5,5,5,5,519,522,14:19,14:22,3,0,0.0,2,8.534,132.43,140.964,1,B1345,delivery_service,Delivery,Delivery
29,78,Delivery,5,5,5,5,522,525,14:22,14:25,3,0,0.0,2,8.534,140.964,149.498,0,B1362,delivery_service,Delivery,Delivery
29,79,Pickup,5,5,5,5,525,528,14:25,14:28,3,0,0.0,2,8.534,149.498,158.032,1,B1441,pickup_service,Pickup,Pickup
29,80,Movement,5,9,5,9,528,545,14:28,14:45,17,17,62.04,0,0.0,158.032,95.992,1,B1441,passenger_flight,Position,Delivery
29,81,Delivery,9,9,9,9,545,548,14:45,14:48,3,0,0.0,2,8.534,95.992,104.526,0,B1441,delivery_service,Delivery,Delivery
29,82,Stay,9,9,9,9,548,560,14:48,15:00,12,0,0.0,12,51.204,104.526,155.73,0,B1574,parking_charging,Position,Pickup
29,83,Pickup,9,9,9,9,560,563,15:00,15:03,3,0,0.0,2,4.27,155.73,160.0,1,B1574,pickup_service,Pickup,Pickup
29,84,Movement,9,4,9,4,563,578,15:03,15:18,15,15,55.47,0,0.0,160.0,104.53,1,B1574,passenger_flight,Position,Delivery
29,85,Delivery,4,4,4,4,578,581,15:18,15:21,3,0,0.0,2,8.534,104.53,113.064,0,B1574,delivery_service,Delivery,Delivery
29,86,Pickup,4,4,4,4,581,584,15:21,15:24,3,0,0.0,2,8.534,113.064,121.598,1,B1660,pickup_service,Pickup,Pickup
29,87,Movement,4,7,4,7,584,591,15:24,15:31,7,7,21.43,0,0.0,121.598,100.168,1,B1660,passenger_flight,Position,Delivery
29,88,Delivery,7,7,7,7,591,594,15:31,15:34,3,0,0.0,2,8.534,100.168,108.702,0,B1660,delivery_service,Delivery,Delivery
29,89,Stay,7,7,7,7,594,606,15:34,15:46,12,0,0.0,12,51.204,108.702,159.906,0,B1782,parking_charging,Position,Pickup
29,90,Pickup,7,7,7,7,606,609,15:46,15:49,3,0,0.0,2,0.094,159.906,160.0,1,B1782,pickup_service,Pickup,Pickup
29,91,Movement,7,4,7,4,609,616,15:49,15:56,7,7,21.43,0,0.0,160.0,138.57,1,B1782,passenger_flight,Position,Delivery
29,92,Delivery,4,4,4,4,616,619,15:56,15:59,3,0,0.0,2,8.534,138.57,147.104,0,B1782,delivery_service,Delivery,Delivery
29,93,Pickup,4,4,4,4,619,622,15:59,16:02,3,0,0.0,2,8.534,147.104,155.638,1,B1838,pickup_service,Pickup,Pickup
29,94,Movement,4,7,4,7,622,629,16:02,16:09,7,7,21.43,0,0.0,155.638,134.208,1,B1838,passenger_flight,Position,Delivery
29,95,Delivery,7,7,7,7,629,632,16:09,16:12,3,0,0.0,2,8.534,134.208,142.742,0,B1838,delivery_service,Delivery,Delivery
29,96,Pickup,7,7,7,7,632,635,16:12,16:15,3,0,0.0,2,8.534,142.742,151.276,1,B1911,pickup_service,Pickup,Pickup
29,97,Movement,7,4,7,4,635,642,16:15,16:22,7,7,21.43,0,0.0,151.276,129.846,1,B1911,passenger_flight,Position,Delivery
29,98,Delivery,4,4,4,4,642,645,16:22,16:25,3,0,0.0,2,8.534,129.846,138.38,0,B1911,delivery_service,Delivery,Delivery
29,99,Movement,4,1,4,1,645,649,16:25,16:29,4,4,4.98,0,0.0,138.38,133.4,0,B2009,empty_repositioning,Position,Pickup
29,100,Pickup,1,1,1,1,649,652,16:29,16:32,3,0,0.0,2,8.534,133.4,141.934,1,B2009,pickup_service,Pickup,Pickup
29,101,Movement,1,6,1,6,652,659,16:32,16:39,7,7,23.39,0,0.0,141.934,118.544,1,B2009,passenger_flight,Position,Delivery
29,102,Delivery,6,6,6,6,659,662,16:39,16:42,3,0,0.0,2,8.534,118.544,127.078,0,B2009,delivery_service,Delivery,Delivery
29,103,Stay,6,6,6,6,662,669,16:42,16:49,7,0,0.0,7,29.869,127.078,156.947,0,B2233,parking_charging,Position,Movement
29,104,Movement,6,1,6,1,669,676,16:49,16:56,7,7,23.39,0,0.0,156.947,133.557,0,B2233,empty_repositioning,Position,Pickup
29,105,Pickup,1,1,1,1,676,679,16:56,16:59,3,0,0.0,2,8.534,133.557,142.091,1,B2233,pickup_service,Pickup,Pickup
29,106,Pickup,1,1,1,1,679,682,16:59,17:02,3,0,0.0,2,8.534,142.091,150.625,3,B2248,pickup_service,Pickup,Pickup
29,107,Movement,1,6,1,6,682,689,17:02,17:09,7,7,23.39,0,0.0,150.625,127.235,3,B2233,passenger_flight,Position,Delivery
29,108,Delivery,6,6,6,6,689,692,17:09,17:12,3,0,0.0,2,8.534,127.235,135.769,2,B2233,delivery_service,Delivery,Delivery
29,109,Delivery,6,6,6,6,692,695,17:12,17:15,3,0,0.0,2,8.534,135.769,144.303,0,B2248,delivery_service,Delivery,Delivery
29,110,Pickup,6,6,6,6,695,698,17:15,17:18,3,0,0.0,2,8.534,144.303,152.837,2,B2373,pickup_service,Pickup,Pickup
29,111,Movement,6,7,6,7,698,710,17:18,17:30,12,12,43.48,0,0.0,152.837,109.357,2,B2373,passenger_flight,Position,Delivery
29,112,Delivery,7,7,7,7,710,713,17:30,17:33,3,0,0.0,2,8.534,109.357,117.891,0,B2373,delivery_service,Delivery,Delivery
29,113,Stay,7,7,7,7,713,731,17:33,17:51,18,0,0.0,18,42.109,117.891,160.0,0,B2834,parking_charging,Position,Pickup
29,114,Pickup,7,7,7,7,731,734,17:51,17:54,3,0,0.0,2,0.0,160.0,160.0,1,B2834,pickup_service,Pickup,Pickup
29,115,Pickup,7,7,7,7,734,737,17:54,17:57,3,0,0.0,2,0.0,160.0,160.0,3,B2870,pickup_service,Pickup,Pickup
29,116,Movement,7,4,7,4,737,744,17:57,18:04,7,7,21.43,0,0.0,160.0,138.57,3,B2834,passenger_flight,Position,Delivery
29,117,Delivery,4,4,4,4,744,747,18:04,18:07,3,0,0.0,2,8.534,138.57,147.104,2,B2834,delivery_service,Delivery,Delivery
29,118,Delivery,4,4,4,4,747,750,18:07,18:10,3,0,0.0,2,8.534,147.104,155.638,0,B2870,delivery_service,Delivery,Delivery
29,119,Stay,4,4,4,4,750,754,18:10,18:14,4,0,0.0,4,4.362,155.638,160.0,0,B3015,parking_charging,Position,Pickup
29,120,Pickup,4,4,4,4,754,757,18:14,18:17,3,0,0.0,2,0.0,160.0,160.0,2,B3015,pickup_service,Pickup,Pickup
29,121,Movement,4,2,4,2,757,763,18:17,18:23,6,6,16.13,0,0.0,160.0,143.87,2,B3015,passenger_flight,Position,Delivery
29,122,Delivery,2,2,2,2,763,766,18:23,18:26,3,0,0.0,2,8.534,143.87,152.404,0,B3015,delivery_service,Delivery,Delivery
29,123,Pickup,2,2,2,2,766,769,18:26,18:29,3,0,0.0,2,7.596,152.404,160.0,2,B3070,pickup_service,Pickup,Pickup
29,124,Pickup,2,2,2,2,769,772,18:29,18:32,3,0,0.0,2,0.0,160.0,160.0,3,B3104,pickup_service,Pickup,Pickup
29,125,Movement,2,1,2,1,772,779,18:32,18:39,7,7,13.61,0,0.0,160.0,146.39,3,B3070,passenger_flight,Position,Delivery
29,126,Delivery,1,1,1,1,779,782,18:39,18:42,3,0,0.0,2,8.534,146.39,154.924,1,B3070,delivery_service,Delivery,Delivery
29,127,Delivery,1,1,1,1,782,785,18:42,18:45,3,0,0.0,2,5.076,154.924,160.0,0,B3104,delivery_service,Delivery,Delivery
29,128,Pickup,1,1,1,1,785,788,18:45,18:48,3,0,0.0,2,0.0,160.0,160.0,2,B3194,pickup_service,Pickup,Pickup
29,129,Pickup,1,1,1,1,788,791,18:48,18:51,3,0,0.0,2,0.0,160.0,160.0,3,B3208,pickup_service,Pickup,Pickup
29,130,Movement,1,3,1,3,791,797,18:51,18:57,6,6,9.61,0,0.0,160.0,150.39,3,B3194,passenger_flight,Position,Delivery
29,131,Delivery,3,3,3,3,797,800,18:57,19:00,3,0,0.0,2,8.534,150.39,158.924,1,B3194,delivery_service,Delivery,Delivery
29,132,Delivery,3,3,3,3,800,803,19:00,19:03,3,0,0.0,2,1.076,158.924,160.0,0,B3208,delivery_service,Delivery,Delivery
30,0,Stay,1,1,1,1,0,52,05:40,06:32,52,0,0.0,52,0.0,160.0,160.0,0,B24,parking_charging,Position,Pickup
30,1,Pickup,1,1,1,1,52,55,06:32,06:35,3,0,0.0,2,0.0,160.0,160.0,1,B24,pickup_service,Pickup,Pickup
30,2,Movement,1,10,1,10,55,68,06:35,06:48,13,13,47.44,0,0.0,160.0,112.56,1,B24,passenger_flight,Position,Delivery
30,3,Delivery,10,10,10,10,68,71,06:48,06:51,3,0,0.0,2,8.534,112.56,121.094,0,B24,delivery_service,Delivery,Delivery
30,4,Pickup,10,10,10,10,71,74,06:51,06:54,3,0,0.0,2,8.534,121.094,129.628,1,B43,pickup_service,Pickup,Pickup
30,5,Pickup,10,10,10,10,74,77,06:54,06:57,3,0,0.0,2,8.534,129.628,138.162,2,B42,pickup_service,Pickup,Pickup
30,6,Movement,10,3,10,3,77,92,06:57,07:12,15,15,54.92,0,0.0,138.162,83.242,2,B42,passenger_flight,Position,Delivery
30,7,Delivery,3,3,3,3,92,95,07:12,07:15,3,0,0.0,2,8.534,83.242,91.776,1,B42,delivery_service,Delivery,Delivery
30,8,Delivery,3,3,3,3,95,98,07:15,07:18,3,0,0.0,2,8.534,91.776,100.31,0,B43,delivery_service,Delivery,Delivery
30,9,Stay,3,3,3,3,98,146,07:18,08:06,48,0,0.0,48,59.69,100.31,160.0,0,B150,parking_charging,Position,Pickup
30,10,Pickup,3,3,3,3,146,149,08:06,08:09,3,0,0.0,2,0.0,160.0,160.0,1,B150,pickup_service,Pickup,Pickup
30,11,Pickup,3,3,3,3,149,152,08:09,08:12,3,0,0.0,2,0.0,160.0,160.0,2,B157,pickup_service,Pickup,Pickup
30,12,Movement,3,1,3,1,152,158,08:12,08:18,6,6,9.61,0,0.0,160.0,150.39,2,B150,passenger_flight,Position,Delivery
30,13,Delivery,1,1,1,1,158,161,08:18,08:21,3,0,0.0,2,8.534,150.39,158.924,1,B150,delivery_service,Delivery,Delivery
30,14,Delivery,1,1,1,1,161,164,08:21,08:24,3,0,0.0,2,1.076,158.924,160.0,0,B157,delivery_service,Delivery,Delivery
30,15,Stay,1,1,1,1,164,181,08:24,08:41,17,0,0.0,17,0.0,160.0,160.0,0,B305,parking_charging,Position,Movement
30,16,Movement,1,3,1,3,181,187,08:41,08:47,6,6,9.61,0,0.0,160.0,150.39,0,B305,empty_repositioning,Position,Pickup
30,17,Pickup,3,3,3,3,187,190,08:47,08:50,3,0,0.0,2,8.534,150.39,158.924,1,B305,pickup_service,Pickup,Pickup
30,18,Movement,3,4,3,4,190,197,08:50,08:57,7,7,12.6,0,0.0,158.924,146.324,1,B305,passenger_flight,Position,Delivery
30,19,Delivery,4,4,4,4,197,200,08:57,09:00,3,0,0.0,2,8.534,146.324,154.858,0,B305,delivery_service,Delivery,Delivery
30,20,Stay,4,4,4,4,200,206,09:00,09:06,6,0,0.0,6,5.142,154.858,160.0,0,B386,parking_charging,Position,Movement
30,21,Movement,4,5,4,5,206,212,09:06,09:12,6,6,11.45,0,0.0,160.0,148.55,0,B386,empty_repositioning,Position,Pickup
30,22,Pickup,5,5,5,5,212,215,09:12,09:15,3,0,0.0,2,8.534,148.55,157.084,1,B386,pickup_service,Pickup,Pickup
30,23,Movement,5,2,5,2,215,223,09:15,09:23,8,8,27.57,0,0.0,157.084,129.514,1,B386,passenger_flight,Position,Delivery
30,24,Delivery,2,2,2,2,223,226,09:23,09:26,3,0,0.0,2,8.534,129.514,138.048,0,B386,delivery_service,Delivery,Delivery
30,25,Pickup,2,2,2,2,226,229,09:26,09:29,3,0,0.0,2,8.534,138.048,146.582,2,B411,pickup_service,Pickup,Pickup
30,26,Movement,2,4,2,4,229,235,09:29,09:35,6,6,16.13,0,0.0,146.582,130.452,2,B411,passenger_flight,Position,Delivery
30,27,Delivery,4,4,4,4,235,238,09:35,09:38,3,0,0.0,2,8.534,130.452,138.986,0,B411,delivery_service,Delivery,Delivery
30,28,Stay,4,4,4,4,238,240,09:38,09:40,2,0,0.0,2,8.534,138.986,147.52,0,B452,parking_charging,Position,Movement
30,29,Movement,4,5,4,5,240,246,09:40,09:46,6,6,11.45,0,0.0,147.52,136.07,0,B452,empty_repositioning,Position,Pickup
30,30,Pickup,5,5,5,5,246,249,09:46,09:49,3,0,0.0,2,8.534,136.07,144.604,1,B452,pickup_service,Pickup,Pickup
30,31,Movement,5,3,5,3,249,257,09:49,09:57,8,8,23.93,0,0.0,144.604,120.674,1,B452,passenger_flight,Position,Delivery
30,32,Delivery,3,3,3,3,257,260,09:57,10:00,3,0,0.0,2,8.534,120.674,129.208,0,B452,delivery_service,Delivery,Delivery
30,33,Stay,3,3,3,3,260,261,10:00,10:01,1,0,0.0,1,4.267,129.208,133.475,0,B501,parking_charging,Position,Pickup
30,34,Pickup,3,3,3,3,261,264,10:01,10:04,3,0,0.0,2,8.534,133.475,142.009,1,B501,pickup_service,Pickup,Pickup
30,35,Movement,3,1,3,1,264,270,10:04,10:10,6,6,9.61,0,0.0,142.009,132.399,1,B501,passenger_flight,Position,Delivery
30,36,Delivery,1,1,1,1,270,273,10:10,10:13,3,0,0.0,2,8.534,132.399,140.933,0,B501,delivery_service,Delivery,Delivery
30,37,Stay,1,1,1,1,273,282,10:13,10:22,9,0,0.0,9,19.067,140.933,160.0,0,B661,parking_charging,Position,Movement
30,38,Movement,1,3,1,3,282,288,10:22,10:28,6,6,9.61,0,0.0,160.0,150.39,0,B661,empty_repositioning,Position,Pickup
30,39,Pickup,3,3,3,3,288,291,10:28,10:31,3,0,0.0,2,8.534,150.39,158.924,1,B661,pickup_service,Pickup,Pickup
30,40,Stay,3,3,3,3,291,293,10:31,10:33,2,0,0.0,2,1.076,158.924,160.0,1,B682,parking_charging,Position,Pickup
30,41,Pickup,3,3,3,3,293,296,10:33,10:36,3,0,0.0,2,0.0,160.0,160.0,2,B682,pickup_service,Pickup,Pickup
30,42,Movement,3,5,3,5,296,304,10:36,10:44,8,8,23.93,0,0.0,160.0,136.07,2,B661,passenger_flight,Position,Delivery
30,43,Delivery,5,5,5,5,304,307,10:44,10:47,3,0,0.0,2,8.534,136.07,144.604,1,B661,delivery_service,Delivery,Delivery
30,44,Delivery,5,5,5,5,307,310,10:47,10:50,3,0,0.0,2,8.534,144.604,153.138,0,B682,delivery_service,Delivery,Delivery
30,45,Pickup,5,5,5,5,310,313,10:50,10:53,3,0,0.0,2,6.862,153.138,160.0,1,B767,pickup_service,Pickup,Pickup
30,46,Movement,5,1,5,1,313,321,10:53,11:01,8,8,14.88,0,0.0,160.0,145.12,1,B767,passenger_flight,Position,Delivery
30,47,Delivery,1,1,1,1,321,324,11:01,11:04,3,0,0.0,2,8.534,145.12,153.654,0,B767,delivery_service,Delivery,Delivery
30,48,Pickup,1,1,1,1,324,327,11:04,11:07,3,0,0.0,2,6.346,153.654,160.0,1,B824,pickup_service,Pickup,Pickup
30,49,Movement,1,10,1,10,327,340,11:07,11:20,13,13,47.44,0,0.0,160.0,112.56,1,B824,passenger_flight,Position,Delivery
30,50,Delivery,10,10,10,10,340,343,11:20,11:23,3,0,0.0,2,8.534,112.56,121.094,0,B824,delivery_service,Delivery,Delivery
30,51,Stay,10,10,10,10,343,352,11:23,11:32,9,0,0.0,9,38.403,121.094,159.497,0,B975,parking_charging,Position,Pickup
30,52,Pickup,10,10,10,10,352,355,11:32,11:35,3,0,0.0,2,0.503,159.497,160.0,1,B975,pickup_service,Pickup,Pickup
30,53,Movement,10,3,10,3,355,370,11:35,11:50,15,15,54.92,0,0.0,160.0,105.08,1,B975,passenger_flight,Position,Delivery
30,54,Delivery,3,3,3,3,370,373,11:50,11:53,3,0,0.0,2,8.534,105.08,113.614,0,B975,delivery_service,Delivery,Delivery
30,55,Stay,3,3,3,3,373,374,11:53,11:54,1,0,0.0,1,4.267,113.614,117.881,0,B1049,parking_charging,Position,Pickup
30,56,Pickup,3,3,3,3,374,377,11:54,11:57,3,0,0.0,2,8.534,117.881,126.415,1,B1049,pickup_service,Pickup,Pickup
30,57,Movement,3,6,3,6,377,387,11:57,12:07,10,10,32.98,0,0.0,126.415,93.435,1,B1049,passenger_flight,Position,Delivery
30,58,Delivery,6,6,6,6,387,390,12:07,12:10,3,0,0.0,2,8.534,93.435,101.969,0,B1049,delivery_service,Delivery,Delivery
30,59,Stay,6,6,6,6,390,402,12:10,12:22,12,0,0.0,12,51.204,101.969,153.173,0,B1117,parking_charging,Position,Pickup
30,60,Pickup,6,6,6,6,402,405,12:22,12:25,3,0,0.0,2,6.827,153.173,160.0,2,B1117,pickup_service,Pickup,Pickup
30,61,Pickup,6,6,6,6,405,408,12:25,12:28,3,0,0.0,2,0.0,160.0,160.0,3,B1127,pickup_service,Pickup,Pickup
30,62,Movement,6,7,6,7,408,420,12:28,12:40,12,12,43.48,0,0.0,160.0,116.52,3,B1117,passenger_flight,Position,Delivery
30,63,Delivery,7,7,7,7,420,423,12:40,12:43,3,0,0.0,2,8.534,116.52,125.054,1,B1117,delivery_service,Delivery,Delivery
30,64,Delivery,7,7,7,7,423,426,12:43,12:46,3,0,0.0,2,8.534,125.054,133.588,0,B1127,delivery_service,Delivery,Delivery
30,65,Stay,7,7,7,7,426,446,12:46,13:06,20,0,0.0,20,26.412,133.588,160.0,0,B1225,parking_charging,Position,Pickup
30,66,Pickup,7,7,7,7,446,449,13:06,13:09,3,0,0.0,2,0.0,160.0,160.0,1,B1225,pickup_service,Pickup,Pickup
30,67,Movement,7,4,7,4,449,456,13:09,13:16,7,7,21.43,0,0.0,160.0,138.57,1,B1225,passenger_flight,Position,Delivery
30,68,Delivery,4,4,4,4,456,459,13:16,13:19,3,0,0.0,2,8.534,138.57,147.104,0,B1225,delivery_service,Delivery,Delivery
30,69,Stay,4,4,4,4,459,491,13:19,13:51,32,0,0.0,32,12.896,147.104,160.0,0,B1317,parking_charging,Position,Pickup
30,70,Pickup,4,4,4,4,491,494,13:51,13:54,3,0,0.0,2,0.0,160.0,160.0,1,B1317,pickup_service,Pickup,Pickup
30,71,Movement,4,2,4,2,494,500,13:54,14:00,6,6,16.13,0,0.0,160.0,143.87,1,B1317,passenger_flight,Position,Delivery
30,72,Delivery,2,2,2,2,500,503,14:00,14:03,3,0,0.0,2,8.534,143.87,152.404,0,B1317,delivery_service,Delivery,Delivery
30,73,Stay,2,2,2,2,503,520,14:03,14:20,17,0,0.0,17,7.596,152.404,160.0,0,B1411,parking_charging,Position,Movement
30,74,Movement,2,3,2,3,520,523,14:20,14:23,3,3,4.08,0,0.0,160.0,155.92,0,B1411,empty_repositioning,Position,Pickup
30,75,Pickup,3,3,3,3,523,526,14:23,14:26,3,0,0.0,2,4.08,155.92,160.0,1,B1411,pickup_service,Pickup,Pickup
30,76,Movement,3,5,3,5,526,534,14:26,14:34,8,8,23.93,0,0.0,160.0,136.07,1,B1411,passenger_flight,Position,Delivery
30,77,Delivery,5,5,5,5,534,537,14:34,14:37,3,0,0.0,2,8.534,136.07,144.604,0,B1411,delivery_service,Delivery,Delivery
30,78,Stay,5,5,5,5,537,545,14:37,14:45,8,0,0.0,8,15.396,144.604,160.0,0,B1558,parking_charging,Position,Movement
30,79,Movement,5,3,5,3,545,553,14:45,14:53,8,8,23.93,0,0.0,160.0,136.07,0,B1558,empty_repositioning,Position,Pickup
30,80,Pickup,3,3,3,3,553,556,14:53,14:56,3,0,0.0,2,8.534,136.07,144.604,1,B1558,pickup_service,Pickup,Pickup
30,81,Movement,3,4,3,4,556,563,14:56,15:03,7,7,12.6,0,0.0,144.604,132.004,1,B1558,passenger_flight,Position,Delivery
30,82,Delivery,4,4,4,4,563,566,15:03,15:06,3,0,0.0,2,8.534,132.004,140.538,0,B1558,delivery_service,Delivery,Delivery
30,83,Pickup,4,4,4,4,566,569,15:06,15:09,3,0,0.0,2,8.534,140.538,149.072,1,B1612,pickup_service,Pickup,Pickup
30,84,Movement,4,2,4,2,569,575,15:09,15:15,6,6,16.13,0,0.0,149.072,132.942,1,B1612,passenger_flight,Position,Delivery
30,85,Delivery,2,2,2,2,575,578,15:15,15:18,3,0,0.0,2,8.534,132.942,141.476,0,B1612,delivery_service,Delivery,Delivery
30,86,Stay,2,2,2,2,578,580,15:18,15:20,2,0,0.0,2,8.534,141.476,150.01,0,B1669,parking_charging,Position,Pickup
30,87,Pickup,2,2,2,2,580,583,15:20,15:23,3,0,0.0,2,8.534,150.01,158.544,1,B1669,pickup_service,Pickup,Pickup
30,88,Pickup,2,2,2,2,583,586,15:23,15:26,3,0,0.0,2,1.456,158.544,160.0,2,B1672,pickup_service,Pickup,Pickup
30,89,Movement,2,5,2,5,586,594,15:26,15:34,8,8,27.57,0,0.0,160.0,132.43,2,B1669,passenger_flight,Position,Delivery
30,90,Delivery,5,5,5,5,594,597,15:34,15:37,3,0,0.0,2,8.534,132.43,140.964,1,B1669,delivery_service,Delivery,Delivery
30,91,Delivery,5,5,5,5,597,600,15:37,15:40,3,0,0.0,2,8.534,140.964,149.498,0,B1672,delivery_service,Delivery,Delivery
30,92,Stay,5,5,5,5,600,616,15:40,15:56,16,0,0.0,16,10.502,149.498,160.0,0,B1823,parking_charging,Position,Pickup
30,93,Pickup,5,5,5,5,616,619,15:56,15:59,3,0,0.0,2,0.0,160.0,160.0,1,B1823,pickup_service,Pickup,Pickup
30,94,Movement,5,2,5,2,619,627,15:59,16:07,8,8,27.57,0,0.0,160.0,132.43,1,B1823,passenger_flight,Position,Delivery
30,95,Delivery,2,2,2,2,627,630,16:07,16:10,3,0,0.0,2,8.534,132.43,140.964,0,B1823,delivery_service,Delivery,Delivery
30,96,Stay,2,2,2,2,630,638,16:10,16:18,8,0,0.0,8,19.036,140.964,160.0,0,B1970,parking_charging,Position,Pickup
30,97,Pickup,2,2,2,2,638,641,16:18,16:21,3,0,0.0,2,0.0,160.0,160.0,2,B1970,pickup_service,Pickup,Pickup
30,98,Movement,2,4,2,4,641,647,16:21,16:27,6,6,16.13,0,0.0,160.0,143.87,2,B1970,passenger_flight,Position,Delivery
30,99,Delivery,4,4,4,4,647,650,16:27,16:30,3,0,0.0,2,8.534,143.87,152.404,0,B1970,delivery_service,Delivery,Delivery
30,100,Stay,4,4,4,4,650,667,16:30,16:47,17,0,0.0,17,7.596,152.404,160.0,0,B2165,parking_charging,Position,Pickup
30,101,Pickup,4,4,4,4,667,670,16:47,16:50,3,0,0.0,2,0.0,160.0,160.0,1,B2165,pickup_service,Pickup,Pickup
30,102,Stay,4,4,4,4,670,671,16:50,16:51,1,0,0.0,1,0.0,160.0,160.0,1,B2199,parking_charging,Position,Pickup
30,103,Pickup,4,4,4,4,671,674,16:51,16:54,3,0,0.0,2,0.0,160.0,160.0,3,B2199,pickup_service,Pickup,Pickup
30,104,Movement,4,2,4,2,674,680,16:54,17:00,6,6,16.13,0,0.0,160.0,143.87,3,B2165,passenger_flight,Position,Delivery
30,105,Delivery,2,2,2,2,680,683,17:00,17:03,3,0,0.0,2,8.534,143.87,152.404,2,B2165,delivery_service,Delivery,Delivery
30,106,Delivery,2,2,2,2,683,686,17:03,17:06,3,0,0.0,2,7.596,152.404,160.0,0,B2199,delivery_service,Delivery,Delivery
30,107,Stay,2,2,2,2,686,687,17:06,17:07,1,0,0.0,1,0.0,160.0,160.0,0,B2334,parking_charging,Position,Pickup
30,108,Pickup,2,2,2,2,687,690,17:07,17:10,3,0,0.0,2,0.0,160.0,160.0,1,B2334,pickup_service,Pickup,Pickup
30,109,Movement,2,4,2,4,690,696,17:10,17:16,6,6,16.13,0,0.0,160.0,143.87,1,B2334,passenger_flight,Position,Delivery
30,110,Delivery,4,4,4,4,696,699,17:16,17:19,3,0,0.0,2,8.534,143.87,152.404,0,B2334,delivery_service,Delivery,Delivery
30,111,Stay,4,4,4,4,699,700,17:19,17:20,1,0,0.0,1,4.267,152.404,156.671,0,B2476,parking_charging,Position,Pickup
30,112,Pickup,4,4,4,4,700,703,17:20,17:23,3,0,0.0,2,3.329,156.671,160.0,2,B2476,pickup_service,Pickup,Pickup
30,113,Movement,4,7,4,7,703,710,17:23,17:30,7,7,21.43,0,0.0,160.0,138.57,2,B2476,passenger_flight,Position,Delivery
30,114,Delivery,7,7,7,7,710,713,17:30,17:33,3,0,0.0,2,8.534,138.57,147.104,0,B2476,delivery_service,Delivery,Delivery
30,115,Movement,7,2,7,2,713,719,17:33,17:39,6,6,10.2,0,0.0,147.104,136.904,0,B2656,empty_repositioning,Position,Pickup
30,116,Pickup,2,2,2,2,719,722,17:39,17:42,3,0,0.0,2,8.534,136.904,145.438,2,B2656,pickup_service,Pickup,Pickup
30,117,Movement,2,4,2,4,722,728,17:42,17:48,6,6,16.13,0,0.0,145.438,129.308,2,B2656,passenger_flight,Position,Delivery
30,118,Delivery,4,4,4,4,728,731,17:48,17:51,3,0,0.0,2,8.534,129.308,137.842,0,B2656,delivery_service,Delivery,Delivery
30,119,Stay,4,4,4,4,731,749,17:51,18:09,18,0,0.0,18,22.158,137.842,160.0,0,B2980-2,parking_charging,Position,Pickup
30,120,Pickup,4,4,4,4,749,752,18:09,18:12,3,0,0.0,2,0.0,160.0,160.0,1,B2980-2,pickup_service,Pickup,Pickup
30,121,Pickup,4,4,4,4,752,755,18:12,18:15,3,0,0.0,2,0.0,160.0,160.0,3,B2994,pickup_service,Pickup,Pickup
30,122,Movement,4,3,4,3,755,762,18:15,18:22,7,7,12.6,0,0.0,160.0,147.4,3,B2980-2,passenger_flight,Position,Delivery
30,123,Delivery,3,3,3,3,762,765,18:22,18:25,3,0,0.0,2,8.534,147.4,155.934,2,B2980-2,delivery_service,Delivery,Delivery
30,124,Delivery,3,3,3,3,765,768,18:25,18:28,3,0,0.0,2,4.066,155.934,160.0,0,B2994,delivery_service,Delivery,Delivery
30,125,Movement,3,2,3,2,768,771,18:28,18:31,3,3,4.08,0,0.0,160.0,155.92,0,B3084,empty_repositioning,Position,Pickup
30,126,Pickup,2,2,2,2,771,774,18:31,18:34,3,0,0.0,2,4.08,155.92,160.0,1,B3084,pickup_service,Pickup,Pickup
30,127,Movement,2,4,2,4,774,780,18:34,18:40,6,6,16.13,0,0.0,160.0,143.87,1,B3084,passenger_flight,Position,Delivery
30,128,Delivery,4,4,4,4,780,783,18:40,18:43,3,0,0.0,2,8.534,143.87,152.404,0,B3084,delivery_service,Delivery,Delivery
30,129,Pickup,4,4,4,4,783,786,18:43,18:46,3,0,0.0,2,7.596,152.404,160.0,1,B3175,pickup_service,Pickup,Pickup
30,130,Movement,4,2,4,2,786,792,18:46,18:52,6,6,16.13,0,0.0,160.0,143.87,1,B3175,passenger_flight,Position,Delivery
30,131,Delivery,2,2,2,2,792,795,18:52,18:55,3,0,0.0,2,8.534,143.87,152.404,0,B3175,delivery_service,Delivery,Delivery
30,132,Stay,2,2,2,2,795,800,18:55,19:00,5,0,0.0,5,7.596,152.404,160.0,0,B3315,parking_charging,Position,Movement
30,133,Movement,2,4,2,4,800,806,19:00,19:06,6,6,16.13,0,0.0,160.0,143.87,0,B3315,empty_repositioning,Position,Pickup
30,134,Pickup,4,4,4,4,806,809,19:06,19:09,3,0,0.0,2,8.534,143.87,152.404,1,B3315,pickup_service,Pickup,Pickup
30,135,Movement,4,6,4,6,809,816,19:09,19:16,7,7,22.06,0,0.0,152.404,130.344,1,B3315,passenger_flight,Position,Delivery
30,136,Delivery,6,6,6,6,816,819,19:16,19:19,3,0,0.0,2,8.534,130.344,138.878,0,B3315,delivery_service,Delivery,Delivery
31,0,Stay,2,2,2,2,0,91,05:40,07:11,91,0,0.0,91,0.0,160.0,160.0,0,B62,parking_charging,Position,Pickup
31,1,Pickup,2,2,2,2,91,94,07:11,07:14,3,0,0.0,2,0.0,160.0,160.0,1,B62,pickup_service,Pickup,Pickup
31,2,Movement,2,4,2,4,94,100,07:14,07:20,6,6,16.13,0,0.0,160.0,143.87,1,B62,passenger_flight,Position,Delivery
31,3,Delivery,4,4,4,4,100,103,07:20,07:23,3,0,0.0,2,8.534,143.87,152.404,0,B62,delivery_service,Delivery,Delivery
31,4,Movement,4,6,4,6,103,110,07:23,07:30,7,7,22.06,0,0.0,152.404,130.344,0,B83,empty_repositioning,Position,Pickup
31,5,Pickup,6,6,6,6,110,113,07:30,07:33,3,0,0.0,2,8.534,130.344,138.878,1,B83,pickup_service,Pickup,Pickup
31,6,Movement,6,7,6,7,113,125,07:33,07:45,12,12,43.48,0,0.0,138.878,95.398,1,B83,passenger_flight,Position,Delivery
31,7,Delivery,7,7,7,7,125,128,07:45,07:48,3,0,0.0,2,8.534,95.398,103.932,0,B83,delivery_service,Delivery,Delivery
31,8,Stay,7,7,7,7,128,140,07:48,08:00,12,0,0.0,12,51.204,103.932,155.136,0,B133,parking_charging,Position,Movement
31,9,Movement,7,3,7,3,140,147,08:00,08:07,7,7,13.33,0,0.0,155.136,141.806,0,B133,empty_repositioning,Position,Pickup
31,10,Pickup,3,3,3,3,147,150,08:07,08:10,3,0,0.0,2,8.534,141.806,150.34,1,B133,pickup_service,Pickup,Pickup
31,11,Movement,3,5,3,5,150,158,08:10,08:18,8,8,23.93,0,0.0,150.34,126.41,1,B133,passenger_flight,Position,Delivery
31,12,Delivery,5,5,5,5,158,161,08:18,08:21,3,0,0.0,2,8.534,126.41,134.944,0,B133,delivery_service,Delivery,Delivery
31,13,Stay,5,5,5,5,161,167,08:21,08:27,6,0,0.0,6,25.056,134.944,160.0,0,B242,parking_charging,Position,Pickup
31,14,Pickup,5,5,5,5,167,170,08:27,08:30,3,0,0.0,2,0.0,160.0,160.0,3,B242,pickup_service,Pickup,Pickup
31,15,Movement,5,3,5,3,170,178,08:30,08:38,8,8,23.93,0,0.0,160.0,136.07,3,B242,passenger_flight,Position,Delivery
31,16,Delivery,3,3,3,3,178,181,08:38,08:41,3,0,0.0,2,8.534,136.07,144.604,0,B242,delivery_service,Delivery,Delivery
31,17,Stay,3,3,3,3,181,200,08:41,09:00,19,0,0.0,19,15.396,144.604,160.0,0,B349,parking_charging,Position,Pickup
31,18,Pickup,3,3,3,3,200,203,09:00,09:03,3,0,0.0,2,0.0,160.0,160.0,1,B349,pickup_service,Pickup,Pickup
31,19,Movement,3,4,3,4,203,210,09:03,09:10,7,7,12.6,0,0.0,160.0,147.4,1,B349,passenger_flight,Position,Delivery
31,20,Delivery,4,4,4,4,210,213,09:10,09:13,3,0,0.0,2,8.534,147.4,155.934,0,B349,delivery_service,Delivery,Delivery
31,21,Stay,4,4,4,4,213,223,09:13,09:23,10,0,0.0,10,4.066,155.934,160.0,0,B406,parking_charging,Position,Pickup
31,22,Pickup,4,4,4,4,223,226,09:23,09:26,3,0,0.0,2,0.0,160.0,160.0,1,B406,pickup_service,Pickup,Pickup
31,23,Stay,4,4,4,4,226,229,09:26,09:29,3,0,0.0,3,0.0,160.0,160.0,1,B406,parking_charging,Position,Movement
31,24,Movement,4,9,4,9,229,244,09:29,09:44,15,15,55.47,0,0.0,160.0,104.53,1,B406,passenger_flight,Position,Delivery
31,25,Delivery,9,9,9,9,244,247,09:44,09:47,3,0,0.0,2,8.534,104.53,113.064,0,B406,delivery_service,Delivery,Delivery
31,26,Pickup,9,9,9,9,247,250,09:47,09:50,3,0,0.0,2,8.534,113.064,121.598,1,B453,pickup_service,Pickup,Pickup
31,27,Movement,9,1,9,1,250,266,09:50,10:06,16,16,57.72,0,0.0,121.598,63.878,1,B453,passenger_flight,Position,Delivery
31,28,Delivery,1,1,1,1,266,269,10:06,10:09,3,0,0.0,2,8.534,63.878,72.412,0,B453,delivery_service,Delivery,Delivery
31,29,Stay,1,1,1,1,269,271,10:09,10:11,2,0,0.0,2,8.534,72.412,80.946,0,B598,parking_charging,Position,Movement
31,30,Movement,1,3,1,3,271,277,10:11,10:17,6,6,9.61,0,0.0,80.946,71.336,0,B598,empty_repositioning,Position,Pickup
31,31,Pickup,3,3,3,3,277,280,10:17,10:20,3,0,0.0,2,8.534,71.336,79.87,1,B598,pickup_service,Pickup,Pickup
31,32,Stay,3,3,3,3,280,283,10:20,10:23,3,0,0.0,3,12.801,79.87,92.671,1,B598,parking_charging,Position,Movement
31,33,Movement,3,1,3,1,283,289,10:23,10:29,6,6,9.61,0,0.0,92.671,83.061,1,B598,passenger_flight,Position,Delivery
31,34,Delivery,1,1,1,1,289,292,10:29,10:32,3,0,0.0,2,8.534,83.061,91.595,0,B598,delivery_service,Delivery,Delivery
31,35,Stay,1,1,1,1,292,293,10:32,10:33,1,0,0.0,1,4.267,91.595,95.862,0,B681,parking_charging,Position,Pickup
31,36,Pickup,1,1,1,1,293,296,10:33,10:36,3,0,0.0,2,8.534,95.862,104.396,1,B681,pickup_service,Pickup,Pickup
31,37,Movement,1,10,1,10,296,309,10:36,10:49,13,13,47.44,0,0.0,104.396,56.956,1,B681,passenger_flight,Position,Delivery
31,38,Delivery,10,10,10,10,309,312,10:49,10:52,3,0,0.0,2,8.534,56.956,65.49,0,B681,delivery_service,Delivery,Delivery
31,39,Stay,10,10,10,10,312,316,10:52,10:56,4,0,0.0,4,17.068,65.49,82.558,0,B812,parking_charging,Position,Pickup
31,40,Pickup,10,10,10,10,316,319,10:56,10:59,3,0,0.0,2,8.534,82.558,91.092,1,B812,pickup_service,Pickup,Pickup
31,41,Movement,10,4,10,4,319,331,10:59,11:11,12,12,42.86,0,0.0,91.092,48.232,1,B812,passenger_flight,Position,Delivery
31,42,Delivery,4,4,4,4,331,334,11:11,11:14,3,0,0.0,2,8.534,48.232,56.766,0,B812,delivery_service,Delivery,Delivery
31,43,Pickup,4,4,4,4,334,337,11:14,11:17,3,0,0.0,2,8.534,56.766,65.3,1,B880,pickup_service,Pickup,Pickup
31,44,Movement,4,2,4,2,337,343,11:17,11:23,6,6,16.13,0,0.0,65.3,49.17,1,B880,passenger_flight,Position,Delivery
31,45,Delivery,2,2,2,2,343,346,11:23,11:26,3,0,0.0,2,8.534,49.17,57.704,0,B880,delivery_service,Delivery,Delivery
31,46,Pickup,2,2,2,2,346,349,11:26,11:29,3,0,0.0,2,8.534,57.704,66.238,1,B939,pickup_service,Pickup,Pickup
31,47,Movement,2,4,2,4,349,355,11:29,11:35,6,6,16.13,0,0.0,66.238,50.108,1,B939,passenger_flight,Position,Delivery
31,48,Delivery,4,4,4,4,355,358,11:35,11:38,3,0,0.0,2,8.534,50.108,58.642,0,B939,delivery_service,Delivery,Delivery
31,49,Stay,4,4,4,4,358,361,11:38,11:41,3,0,0.0,3,12.801,58.642,71.443,0,B1005,parking_charging,Position,Pickup
31,50,Pickup,4,4,4,4,361,364,11:41,11:44,3,0,0.0,2,8.534,71.443,79.977,1,B1005,pickup_service,Pickup,Pickup
31,51,Movement,4,2,4,2,364,370,11:44,11:50,6,6,16.13,0,0.0,79.977,63.847,1,B1005,passenger_flight,Position,Delivery
31,52,Delivery,2,2,2,2,370,373,11:50,11:53,3,0,0.0,2,8.534,63.847,72.381,0,B1005,delivery_service,Delivery,Delivery
31,53,Stay,2,2,2,2,373,395,11:53,12:15,22,0,0.0,22,87.619,72.381,160.0,0,B1096,parking_charging,Position,Pickup
31,54,Pickup,2,2,2,2,395,398,12:15,12:18,3,0,0.0,2,0.0,160.0,160.0,1,B1096,pickup_service,Pickup,Pickup
31,55,Movement,2,6,2,6,398,409,12:18,12:29,11,11,37.0,0,0.0,160.0,123.0,1,B1096,passenger_flight,Position,Delivery
31,56,Delivery,6,6,6,6,409,412,12:29,12:32,3,0,0.0,2,8.534,123.0,131.534,0,B1096,delivery_service,Delivery,Delivery
31,57,Pickup,6,6,6,6,412,415,12:32,12:35,3,0,0.0,2,8.534,131.534,140.068,1,B1146,pickup_service,Pickup,Pickup
31,58,Movement,6,8,6,8,415,432,12:35,12:52,17,17,60.41,0,0.0,140.068,79.658,1,B1146,passenger_flight,Position,Delivery
31,59,Delivery,8,8,8,8,432,435,12:52,12:55,3,0,0.0,2,8.534,79.658,88.192,0,B1146,delivery_service,Delivery,Delivery
31,60,Stay,8,8,8,8,435,440,12:55,13:00,5,0,0.0,5,21.335,88.192,109.527,0,B1215,parking_charging,Position,Movement
31,61,Movement,8,9,8,9,440,446,13:00,13:06,6,6,18.04,0,0.0,109.527,91.487,0,B1215,empty_repositioning,Position,Pickup
31,62,Pickup,9,9,9,9,446,449,13:06,13:09,3,0,0.0,2,8.534,91.487,100.021,1,B1215,pickup_service,Pickup,Pickup
31,63,Movement,9,1,9,1,449,465,13:09,13:25,16,16,57.72,0,0.0,100.021,42.301,1,B1215,passenger_flight,Position,Delivery
31,64,Delivery,1,1,1,1,465,468,13:25,13:28,3,0,0.0,2,8.534,42.301,50.835,0,B1215,delivery_service,Delivery,Delivery
31,65,Pickup,1,1,1,1,468,471,13:28,13:31,3,0,0.0,2,8.534,50.835,59.369,1,B1255,pickup_service,Pickup,Pickup
31,66,Stay,1,1,1,1,471,481,13:31,13:41,10,0,0.0,10,42.67,59.369,102.039,1,B1255,parking_charging,Position,Movement
31,67,Movement,1,9,1,9,481,497,13:41,13:57,16,16,57.72,0,0.0,102.039,44.319,1,B1255,passenger_flight,Position,Delivery
31,68,Delivery,9,9,9,9,497,500,13:57,14:00,3,0,0.0,2,8.534,44.319,52.853,0,B1255,delivery_service,Delivery,Delivery
31,69,Stay,9,9,9,9,500,506,14:00,14:06,6,0,0.0,6,25.602,52.853,78.455,0,B1360,parking_charging,Position,Pickup
31,70,Pickup,9,9,9,9,506,509,14:06,14:09,3,0,0.0,2,8.534,78.455,86.989,1,B1360,pickup_service,Pickup,Pickup
31,71,Movement,9,3,9,3,509,524,14:09,14:24,15,15,52.78,0,0.0,86.989,34.209,1,B1360,passenger_flight,Position,Delivery
31,72,Delivery,3,3,3,3,524,527,14:24,14:27,3,0,0.0,2,8.534,34.209,42.743,0,B1360,delivery_service,Delivery,Delivery
31,73,Stay,3,3,3,3,527,540,14:27,14:40,13,0,0.0,13,55.471,42.743,98.214,0,B1499,parking_charging,Position,Pickup
31,74,Pickup,3,3,3,3,540,543,14:40,14:43,3,0,0.0,2,8.534,98.214,106.748,1,B1499,pickup_service,Pickup,Pickup
31,75,Movement,3,4,3,4,543,550,14:43,14:50,7,7,12.6,0,0.0,106.748,94.148,1,B1499,passenger_flight,Position,Delivery
31,76,Delivery,4,4,4,4,550,553,14:50,14:53,3,0,0.0,2,8.534,94.148,102.682,0,B1499,delivery_service,Delivery,Delivery
31,77,Stay,4,4,4,4,553,559,14:53,14:59,6,0,0.0,6,25.602,102.682,128.284,0,B1584,parking_charging,Position,Pickup
31,78,Pickup,4,4,4,4,559,562,14:59,15:02,3,0,0.0,2,8.534,128.284,136.818,1,B1584,pickup_service,Pickup,Pickup
31,79,Movement,4,2,4,2,562,568,15:02,15:08,6,6,16.13,0,0.0,136.818,120.688,1,B1584,passenger_flight,Position,Delivery
31,80,Delivery,2,2,2,2,568,571,15:08,15:11,3,0,0.0,2,8.534,120.688,129.222,0,B1584,delivery_service,Delivery,Delivery
31,81,Stay,2,2,2,2,571,577,15:11,15:17,6,0,0.0,6,25.602,129.222,154.824,0,B1657,parking_charging,Position,Pickup
31,82,Pickup,2,2,2,2,577,580,15:17,15:20,3,0,0.0,2,5.176,154.824,160.0,1,B1657,pickup_service,Pickup,Pickup
31,83,Movement,2,4,2,4,580,586,15:20,15:26,6,6,16.13,0,0.0,160.0,143.87,1,B1657,passenger_flight,Position,Delivery
31,84,Delivery,4,4,4,4,586,589,15:26,15:29,3,0,0.0,2,8.534,143.87,152.404,0,B1657,delivery_service,Delivery,Delivery
31,85,Stay,4,4,4,4,589,590,15:29,15:30,1,0,0.0,1,4.267,152.404,156.671,0,B1705,parking_charging,Position,Pickup
31,86,Pickup,4,4,4,4,590,593,15:30,15:33,3,0,0.0,2,3.329,156.671,160.0,1,B1705,pickup_service,Pickup,Pickup
31,87,Movement,4,3,4,3,593,600,15:33,15:40,7,7,12.6,0,0.0,160.0,147.4,1,B1705,passenger_flight,Position,Delivery
31,88,Delivery,3,3,3,3,600,603,15:40,15:43,3,0,0.0,2,8.534,147.4,155.934,0,B1705,delivery_service,Delivery,Delivery
31,89,Stay,3,3,3,3,603,615,15:43,15:55,12,0,0.0,12,4.066,155.934,160.0,0,B1816,parking_charging,Position,Pickup
31,90,Pickup,3,3,3,3,615,618,15:55,15:58,3,0,0.0,2,0.0,160.0,160.0,1,B1816,pickup_service,Pickup,Pickup
31,91,Stay,3,3,3,3,618,621,15:58,16:01,3,0,0.0,3,0.0,160.0,160.0,1,B1816,parking_charging,Position,Movement
31,92,Movement,3,1,3,1,621,627,16:01,16:07,6,6,9.61,0,0.0,160.0,150.39,1,B1816,passenger_flight,Position,Delivery
31,93,Delivery,1,1,1,1,627,630,16:07,16:10,3,0,0.0,2,8.534,150.39,158.924,0,B1816,delivery_service,Delivery,Delivery
31,94,Pickup,1,1,1,1,630,633,16:10,16:13,3,0,0.0,2,1.076,158.924,160.0,1,B1898,pickup_service,Pickup,Pickup
31,95,Movement,1,6,1,6,633,640,16:13,16:20,7,7,23.39,0,0.0,160.0,136.61,1,B1898,passenger_flight,Position,Delivery
31,96,Delivery,6,6,6,6,640,643,16:20,16:23,3,0,0.0,2,8.534,136.61,145.144,0,B1898,delivery_service,Delivery,Delivery
31,97,Movement,6,1,6,1,643,650,16:23,16:30,7,7,23.39,0,0.0,145.144,121.754,0,B2012,empty_repositioning,Position,Pickup
31,98,Pickup,1,1,1,1,650,653,16:30,16:33,3,0,0.0,2,8.534,121.754,130.288,1,B2012,pickup_service,Pickup,Pickup
31,99,Movement,1,6,1,6,653,660,16:33,16:40,7,7,23.39,0,0.0,130.288,106.898,1,B2012,passenger_flight,Position,Delivery
31,100,Delivery,6,6,6,6,660,663,16:40,16:43,3,0,0.0,2,8.534,106.898,115.432,0,B2012,delivery_service,Delivery,Delivery
31,101,Stay,6,6,6,6,663,680,16:43,17:00,17,0,0.0,17,44.568,115.432,160.0,0,B2293,parking_charging,Position,Movement
31,102,Movement,6,1,6,1,680,687,17:00,17:07,7,7,23.39,0,0.0,160.0,136.61,0,B2293,empty_repositioning,Position,Pickup
31,103,Pickup,1,1,1,1,687,690,17:07,17:10,3,0,0.0,2,8.534,136.61,145.144,2,B2293,pickup_service,Pickup,Pickup
31,104,Movement,1,5,1,5,690,698,17:10,17:18,8,8,14.88,0,0.0,145.144,130.264,2,B2293,passenger_flight,Position,Delivery
31,105,Delivery,5,5,5,5,698,701,17:18,17:21,3,0,0.0,2,8.534,130.264,138.798,0,B2293,delivery_service,Delivery,Delivery
31,106,Pickup,5,5,5,5,701,704,17:21,17:24,3,0,0.0,2,8.534,138.798,147.332,1,B2449,pickup_service,Pickup,Pickup
31,107,Movement,5,3,5,3,704,712,17:24,17:32,8,8,23.93,0,0.0,147.332,123.402,1,B2449,passenger_flight,Position,Delivery
31,108,Delivery,3,3,3,3,712,715,17:32,17:35,3,0,0.0,2,8.534,123.402,131.936,0,B2449,delivery_service,Delivery,Delivery
31,109,Stay,3,3,3,3,715,716,17:35,17:36,1,0,0.0,1,4.267,131.936,136.203,0,B2658,parking_charging,Position,Pickup
31,110,Pickup,3,3,3,3,716,719,17:36,17:39,3,0,0.0,2,8.534,136.203,144.737,1,B2658,pickup_service,Pickup,Pickup
31,111,Pickup,3,3,3,3,719,722,17:39,17:42,3,0,0.0,2,8.534,144.737,153.271,3,B2631,pickup_service,Pickup,Pickup
31,112,Movement,3,5,3,5,722,730,17:42,17:50,8,8,23.93,0,0.0,153.271,129.341,3,B2631,passenger_flight,Position,Delivery
31,113,Delivery,5,5,5,5,730,733,17:50,17:53,3,0,0.0,2,8.534,129.341,137.875,1,B2631,delivery_service,Delivery,Delivery
31,114,Delivery,5,5,5,5,733,736,17:53,17:56,3,0,0.0,2,8.534,137.875,146.409,0,B2658,delivery_service,Delivery,Delivery
31,115,Pickup,5,5,5,5,736,739,17:56,17:59,3,0,0.0,2,8.534,146.409,154.943,1,B2831,pickup_service,Pickup,Pickup
31,116,Movement,5,2,5,2,739,747,17:59,18:07,8,8,27.57,0,0.0,154.943,127.373,1,B2831,passenger_flight,Position,Delivery
31,117,Delivery,2,2,2,2,747,750,18:07,18:10,3,0,0.0,2,8.534,127.373,135.907,0,B2831,delivery_service,Delivery,Delivery
31,118,Stay,2,2,2,2,750,760,18:10,18:20,10,0,0.0,10,24.093,135.907,160.0,0,B3039,parking_charging,Position,Pickup
31,119,Pickup,2,2,2,2,760,763,18:20,18:23,3,0,0.0,2,0.0,160.0,160.0,2,B3039,pickup_service,Pickup,Pickup
31,120,Stay,2,2,2,2,763,764,18:23,18:24,1,0,0.0,1,0.0,160.0,160.0,2,B3071,parking_charging,Position,Pickup
31,121,Pickup,2,2,2,2,764,767,18:24,18:27,3,0,0.0,2,0.0,160.0,160.0,3,B3071,pickup_service,Pickup,Pickup
31,122,Movement,2,5,2,5,767,775,18:27,18:35,8,8,27.57,0,0.0,160.0,132.43,3,B3039,passenger_flight,Position,Delivery
31,123,Delivery,5,5,5,5,775,778,18:35,18:38,3,0,0.0,2,8.534,132.43,140.964,1,B3039,delivery_service,Delivery,Delivery
31,124,Delivery,5,5,5,5,778,781,18:38,18:41,3,0,0.0,2,8.534,140.964,149.498,0,B3071,delivery_service,Delivery,Delivery
31,125,Movement,5,1,5,1,781,789,18:41,18:49,8,8,14.88,0,0.0,149.498,134.618,0,B3226,empty_repositioning,Position,Pickup
31,126,Pickup,1,1,1,1,789,792,18:49,18:52,3,0,0.0,2,8.534,134.618,143.152,1,B3226,pickup_service,Pickup,Pickup
31,127,Stay,1,1,1,1,792,793,18:52,18:53,1,0,0.0,1,4.267,143.152,147.419,1,B3253,parking_charging,Position,Pickup
31,128,Pickup,1,1,1,1,793,796,18:53,18:56,3,0,0.0,2,8.534,147.419,155.953,3,B3253,pickup_service,Pickup,Pickup
31,129,Movement,1,3,1,3,796,802,18:56,19:02,6,6,9.61,0,0.0,155.953,146.343,3,B3226,passenger_flight,Position,Delivery
31,130,Delivery,3,3,3,3,802,805,19:02,19:05,3,0,0.0,2,8.534,146.343,154.877,2,B3226,delivery_service,Delivery,Delivery
31,131,Delivery,3,3,3,3,805,808,19:05,19:08,3,0,0.0,2,5.123,154.877,160.0,0,B3253,delivery_service,Delivery,Delivery
32,0,Stay,3,3,3,3,0,150,05:40,08:10,150,0,0.0,150,0.0,160.0,160.0,0,B165,parking_charging,Position,Pickup
32,1,Pickup,3,3,3,3,150,153,08:10,08:13,3,0,0.0,2,0.0,160.0,160.0,1,B165,pickup_service,Pickup,Pickup
32,2,Pickup,3,3,3,3,153,156,08:13,08:16,3,0,0.0,2,0.0,160.0,160.0,2,B175,pickup_service,Pickup,Pickup
32,3,Movement,3,4,3,4,156,163,08:16,08:23,7,7,12.6,0,0.0,160.0,147.4,2,B165,passenger_flight,Position,Delivery
32,4,Delivery,4,4,4,4,163,166,08:23,08:26,3,0,0.0,2,8.534,147.4,155.934,1,B165,delivery_service,Delivery,Delivery
32,5,Delivery,4,4,4,4,166,169,08:26,08:29,3,0,0.0,2,4.066,155.934,160.0,0,B175,delivery_service,Delivery,Delivery
32,6,Movement,4,2,4,2,169,175,08:29,08:35,6,6,16.13,0,0.0,160.0,143.87,0,B263,empty_repositioning,Position,Pickup
32,7,Pickup,2,2,2,2,175,178,08:35,08:38,3,0,0.0,2,8.534,143.87,152.404,1,B263,pickup_service,Pickup,Pickup
32,8,Movement,2,1,2,1,178,185,08:38,08:45,7,7,13.61,0,0.0,152.404,138.794,1,B263,passenger_flight,Position,Delivery
32,9,Delivery,1,1,1,1,185,188,08:45,08:48,3,0,0.0,2,8.534,138.794,147.328,0,B263,delivery_service,Delivery,Delivery
32,10,Movement,1,3,1,3,188,194,08:48,08:54,6,6,9.61,0,0.0,147.328,137.718,0,B312,empty_repositioning,Position,Pickup
32,11,Pickup,3,3,3,3,194,197,08:54,08:57,3,0,0.0,2,8.534,137.718,146.252,1,B312,pickup_service,Pickup,Pickup
32,12,Movement,3,5,3,5,197,205,08:57,09:05,8,8,23.93,0,0.0,146.252,122.322,1,B312,passenger_flight,Position,Delivery
32,13,Delivery,5,5,5,5,205,208,09:05,09:08,3,0,0.0,2,8.534,122.322,130.856,0,B312,delivery_service,Delivery,Delivery
32,14,Stay,5,5,5,5,208,223,09:08,09:23,15,0,0.0,15,29.144,130.856,160.0,0,B408,parking_charging,Position,Pickup
32,15,Pickup,5,5,5,5,223,226,09:23,09:26,3,0,0.0,2,0.0,160.0,160.0,1,B408,pickup_service,Pickup,Pickup
32,16,Movement,5,4,5,4,226,232,09:26,09:32,6,6,11.45,0,0.0,160.0,148.55,1,B408,passenger_flight,Position,Delivery
32,17,Delivery,4,4,4,4,232,235,09:32,09:35,3,0,0.0,2,8.534,148.55,157.084,0,B408,delivery_service,Delivery,Delivery
32,18,Stay,4,4,4,4,235,276,09:35,10:16,41,0,0.0,41,2.916,157.084,160.0,0,B592,parking_charging,Position,Pickup
32,19,Pickup,4,4,4,4,276,279,10:16,10:19,3,0,0.0,2,0.0,160.0,160.0,1,B592,pickup_service,Pickup,Pickup
32,20,Pickup,4,4,4,4,279,282,10:19,10:22,3,0,0.0,2,0.0,160.0,160.0,2,B604,pickup_service,Pickup,Pickup
32,21,Movement,4,3,4,3,282,289,10:22,10:29,7,7,12.6,0,0.0,160.0,147.4,2,B592,passenger_flight,Position,Delivery
32,22,Delivery,3,3,3,3,289,292,10:29,10:32,3,0,0.0,2,8.534,147.4,155.934,1,B592,delivery_service,Delivery,Delivery
32,23,Delivery,3,3,3,3,292,295,10:32,10:35,3,0,0.0,2,4.066,155.934,160.0,0,B604,delivery_service,Delivery,Delivery
32,24,Pickup,3,3,3,3,295,298,10:35,10:38,3,0,0.0,2,0.0,160.0,160.0,1,B673,pickup_service,Pickup,Pickup
32,25,Movement,3,1,3,1,298,304,10:38,10:44,6,6,9.61,0,0.0,160.0,150.39,1,B673,passenger_flight,Position,Delivery
32,26,Delivery,1,1,1,1,304,307,10:44,10:47,3,0,0.0,2,8.534,150.39,158.924,0,B673,delivery_service,Delivery,Delivery
32,27,Movement,1,4,1,4,307,311,10:47,10:51,4,4,4.98,0,0.0,158.924,153.944,0,B773,empty_repositioning,Position,Pickup
32,28,Pickup,4,4,4,4,311,314,10:51,10:54,3,0,0.0,2,6.056,153.944,160.0,1,B773,pickup_service,Pickup,Pickup
32,29,Movement,4,2,4,2,314,320,10:54,11:00,6,6,16.13,0,0.0,160.0,143.87,1,B773,passenger_flight,Position,Delivery
32,30,Delivery,2,2,2,2,320,323,11:00,11:03,3,0,0.0,2,8.534,143.87,152.404,0,B773,delivery_service,Delivery,Delivery
32,31,Movement,2,3,2,3,323,326,11:03,11:06,3,3,4.08,0,0.0,152.404,148.324,0,B844,empty_repositioning,Position,Pickup
32,32,Pickup,3,3,3,3,326,329,11:06,11:09,3,0,0.0,2,8.534,148.324,156.858,1,B844,pickup_service,Pickup,Pickup
32,33,Movement,3,4,3,4,329,336,11:09,11:16,7,7,12.6,0,0.0,156.858,144.258,1,B844,passenger_flight,Position,Delivery
32,34,Delivery,4,4,4,4,336,339,11:16,11:19,3,0,0.0,2,8.534,144.258,152.792,0,B844,delivery_service,Delivery,Delivery
32,35,Pickup,4,4,4,4,339,342,11:19,11:22,3,0,0.0,2,7.208,152.792,160.0,1,B897,pickup_service,Pickup,Pickup
32,36,Movement,4,8,4,8,342,353,11:22,11:33,11,11,39.54,0,0.0,160.0,120.46,1,B897,passenger_flight,Position,Delivery
32,37,Delivery,8,8,8,8,353,356,11:33,11:36,3,0,0.0,2,8.534,120.46,128.994,0,B897,delivery_service,Delivery,Delivery
32,38,Pickup,8,8,8,8,356,359,11:36,11:39,3,0,0.0,2,8.534,128.994,137.528,1,B988,pickup_service,Pickup,Pickup
32,39,Movement,8,6,8,6,359,376,11:39,11:56,17,17,60.41,0,0.0,137.528,77.118,1,B988,passenger_flight,Position,Delivery
32,40,Delivery,6,6,6,6,376,379,11:56,11:59,3,0,0.0,2,8.534,77.118,85.652,0,B988,delivery_service,Delivery,Delivery
32,41,Stay,6,6,6,6,379,395,11:59,12:15,16,0,0.0,16,68.272,85.652,153.924,0,B1099,parking_charging,Position,Pickup
32,42,Pickup,6,6,6,6,395,398,12:15,12:18,3,0,0.0,2,6.076,153.924,160.0,1,B1099,pickup_service,Pickup,Pickup
32,43,Movement,6,10,6,10,398,409,12:18,12:29,11,11,35.74,0,0.0,160.0,124.26,1,B1099,passenger_flight,Position,Delivery
32,44,Delivery,10,10,10,10,409,412,12:29,12:32,3,0,0.0,2,8.534,124.26,132.794,0,B1099,delivery_service,Delivery,Delivery
32,45,Stay,10,10,10,10,412,442,12:32,13:02,30,0,0.0,30,27.206,132.794,160.0,0,B1219,parking_charging,Position,Pickup
32,46,Pickup,10,10,10,10,442,445,13:02,13:05,3,0,0.0,2,0.0,160.0,160.0,1,B1219,pickup_service,Pickup,Pickup
32,47,Movement,10,3,10,3,445,460,13:05,13:20,15,15,54.92,0,0.0,160.0,105.08,1,B1219,passenger_flight,Position,Delivery
32,48,Delivery,3,3,3,3,460,463,13:20,13:23,3,0,0.0,2,8.534,105.08,113.614,0,B1219,delivery_service,Delivery,Delivery
32,49,Movement,3,7,3,7,463,470,13:23,13:30,7,7,13.33,0,0.0,113.614,100.284,0,B1263,empty_repositioning,Position,Pickup
32,50,Pickup,7,7,7,7,470,473,13:30,13:33,3,0,0.0,2,8.534,100.284,108.818,1,B1263,pickup_service,Pickup,Pickup
32,51,Movement,7,5,7,5,473,483,13:33,13:43,10,10,32.24,0,0.0,108.818,76.578,1,B1263,passenger_flight,Position,Delivery
32,52,Delivery,5,5,5,5,483,486,13:43,13:46,3,0,0.0,2,8.534,76.578,85.112,0,B1263,delivery_service,Delivery,Delivery
32,53,Movement,5,4,5,4,486,492,13:46,13:52,6,6,11.45,0,0.0,85.112,73.662,0,B1310,empty_repositioning,Position,Pickup
32,54,Pickup,4,4,4,4,492,495,13:52,13:55,3,0,0.0,2,8.534,73.662,82.196,1,B1310,pickup_service,Pickup,Pickup
32,55,Movement,4,8,4,8,495,506,13:55,14:06,11,11,39.54,0,0.0,82.196,42.656,1,B1310,passenger_flight,Position,Delivery
32,56,Delivery,8,8,8,8,506,509,14:06,14:09,3,0,0.0,2,8.534,42.656,51.19,0,B1310,delivery_service,Delivery,Delivery
32,57,Pickup,8,8,8,8,509,512,14:09,14:12,3,0,0.0,2,8.534,51.19,59.724,1,B1359,pickup_service,Pickup,Pickup
32,58,Movement,8,4,8,4,512,523,14:12,14:23,11,11,39.54,0,0.0,59.724,20.184,1,B1359,passenger_flight,Position,Delivery
32,59,Delivery,4,4,4,4,523,526,14:23,14:26,3,0,0.0,2,8.534,20.184,28.718,0,B1359,delivery_service,Delivery,Delivery
32,60,Pickup,4,4,4,4,526,529,14:26,14:29,3,0,0.0,2,8.534,28.718,37.252,1,B1440,pickup_service,Pickup,Pickup
32,61,Movement,4,2,4,2,529,535,14:29,14:35,6,6,16.13,0,0.0,37.252,21.122,1,B1440,passenger_flight,Position,Delivery
32,62,Delivery,2,2,2,2,535,538,14:35,14:38,3,0,0.0,2,8.534,21.122,29.656,0,B1440,delivery_service,Delivery,Delivery
32,63,Stay,2,2,2,2,538,540,14:38,14:40,2,0,0.0,2,8.534,29.656,38.19,0,B1523,parking_charging,Position,Movement
32,64,Movement,2,3,2,3,540,543,14:40,14:43,3,3,4.08,0,0.0,38.19,34.11,0,B1523,empty_repositioning,Position,Pickup
32,65,Pickup,3,3,3,3,543,546,14:43,14:46,3,0,0.0,2,8.534,34.11,42.644,1,B1523,pickup_service,Pickup,Pickup
32,66,Movement,3,4,3,4,546,553,14:46,14:53,7,7,12.6,0,0.0,42.644,30.044,1,B1523,passenger_flight,Position,Delivery
32,67,Delivery,4,4,4,4,553,556,14:53,14:56,3,0,0.0,2,8.534,30.044,38.578,0,B1523,delivery_service,Delivery,Delivery
32,68,Stay,4,4,4,4,556,557,14:56,14:57,1,0,0.0,1,4.267,38.578,42.845,0,B1578,parking_charging,Position,Pickup
32,69,Pickup,4,4,4,4,557,560,14:57,15:00,3,0,0.0,2,8.534,42.845,51.379,1,B1578,pickup_service,Pickup,Pickup
32,70,Movement,4,2,4,2,560,566,15:00,15:06,6,6,16.13,0,0.0,51.379,35.249,1,B1578,passenger_flight,Position,Delivery
32,71,Delivery,2,2,2,2,566,569,15:06,15:09,3,0,0.0,2,8.534,35.249,43.783,0,B1578,delivery_service,Delivery,Delivery
32,72,Stay,2,2,2,2,569,593,15:09,15:33,24,0,0.0,24,102.408,43.783,146.191,0,B1721,parking_charging,Position,Pickup
32,73,Pickup,2,2,2,2,593,596,15:33,15:36,3,0,0.0,2,8.534,146.191,154.725,1,B1721,pickup_service,Pickup,Pickup
32,74,Pickup,2,2,2,2,596,599,15:36,15:39,3,0,0.0,2,5.275,154.725,160.0,2,B1733,pickup_service,Pickup,Pickup
32,75,Movement,2,1,2,1,599,606,15:39,15:46,7,7,13.61,0,0.0,160.0,146.39,2,B1721,passenger_flight,Position,Delivery
32,76,Delivery,1,1,1,1,606,609,15:46,15:49,3,0,0.0,2,8.534,146.39,154.924,1,B1721,delivery_service,Delivery,Delivery
32,77,Delivery,1,1,1,1,609,612,15:49,15:52,3,0,0.0,2,5.076,154.924,160.0,0,B1733,delivery_service,Delivery,Delivery
32,78,Stay,1,1,1,1,612,624,15:52,16:04,12,0,0.0,12,0.0,160.0,160.0,0,B1865,parking_charging,Position,Pickup
32,79,Pickup,1,1,1,1,624,627,16:04,16:07,3,0,0.0,2,0.0,160.0,160.0,1,B1865,pickup_service,Pickup,Pickup
32,80,Movement,1,6,1,6,627,634,16:07,16:14,7,7,23.39,0,0.0,160.0,136.61,1,B1865,passenger_flight,Position,Delivery
32,81,Delivery,6,6,6,6,634,637,16:14,16:17,3,0,0.0,2,8.534,136.61,145.144,0,B1865,delivery_service,Delivery,Delivery
32,82,Pickup,6,6,6,6,637,640,16:17,16:20,3,0,0.0,2,8.534,145.144,153.678,1,B1955,pickup_service,Pickup,Pickup
32,83,Stay,6,6,6,6,640,643,16:20,16:23,3,0,0.0,3,6.322,153.678,160.0,1,B1955,parking_charging,Position,Movement
32,84,Movement,6,1,6,1,643,650,16:23,16:30,7,7,23.39,0,0.0,160.0,136.61,1,B1955,passenger_flight,Position,Delivery
32,85,Delivery,1,1,1,1,650,653,16:30,16:33,3,0,0.0,2,8.534,136.61,145.144,0,B1955,delivery_service,Delivery,Delivery
32,86,Stay,1,1,1,1,653,680,16:33,17:00,27,0,0.0,27,14.856,145.144,160.0,0,B2247,parking_charging,Position,Pickup
32,87,Pickup,1,1,1,1,680,683,17:00,17:03,3,0,0.0,2,0.0,160.0,160.0,2,B2247,pickup_service,Pickup,Pickup
32,88,Movement,1,5,1,5,683,691,17:03,17:11,8,8,14.88,0,0.0,160.0,145.12,2,B2247,passenger_flight,Position,Delivery
32,89,Delivery,5,5,5,5,691,694,17:11,17:14,3,0,0.0,2,8.534,145.12,153.654,0,B2247,delivery_service,Delivery,Delivery
32,90,Pickup,5,5,5,5,694,697,17:14,17:17,3,0,0.0,2,6.346,153.654,160.0,1,B2370,pickup_service,Pickup,Pickup
32,91,Movement,5,1,5,1,697,705,17:17,17:25,8,8,14.88,0,0.0,160.0,145.12,1,B2370,passenger_flight,Position,Delivery
32,92,Delivery,1,1,1,1,705,708,17:25,17:28,3,0,0.0,2,8.534,145.12,153.654,0,B2370,delivery_service,Delivery,Delivery
32,93,Stay,1,1,1,1,708,717,17:28,17:37,9,0,0.0,9,6.346,153.654,160.0,0,B2667,parking_charging,Position,Pickup
32,94,Pickup,1,1,1,1,717,720,17:37,17:40,3,0,0.0,2,0.0,160.0,160.0,1,B2667,pickup_service,Pickup,Pickup
32,95,Stay,1,1,1,1,720,723,17:40,17:43,3,0,0.0,3,0.0,160.0,160.0,1,B2667,parking_charging,Position,Movement
32,96,Movement,1,7,1,7,723,730,17:43,17:50,7,7,21.03,0,0.0,160.0,138.97,1,B2667,passenger_flight,Position,Delivery
32,97,Delivery,7,7,7,7,730,733,17:50,17:53,3,0,0.0,2,8.534,138.97,147.504,0,B2667,delivery_service,Delivery,Delivery
32,98,Stay,7,7,7,7,733,736,17:53,17:56,3,0,0.0,3,12.496,147.504,160.0,0,B2889,parking_charging,Position,Pickup
32,99,Pickup,7,7,7,7,736,739,17:56,17:59,3,0,0.0,2,0.0,160.0,160.0,2,B2889,pickup_service,Pickup,Pickup
32,100,Pickup,7,7,7,7,739,742,17:59,18:02,3,0,0.0,2,0.0,160.0,160.0,3,B2914,pickup_service,Pickup,Pickup
32,101,Movement,7,4,7,4,742,749,18:02,18:09,7,7,21.43,0,0.0,160.0,138.57,3,B2889,passenger_flight,Position,Delivery
32,102,Delivery,4,4,4,4,749,752,18:09,18:12,3,0,0.0,2,8.534,138.57,147.104,1,B2889,delivery_service,Delivery,Delivery
32,103,Delivery,4,4,4,4,752,755,18:12,18:15,3,0,0.0,2,8.534,147.104,155.638,0,B2914,delivery_service,Delivery,Delivery
32,104,Pickup,4,4,4,4,755,758,18:15,18:18,3,0,0.0,2,4.362,155.638,160.0,2,B3009,pickup_service,Pickup,Pickup
32,105,Movement,4,3,4,3,758,765,18:18,18:25,7,7,12.6,0,0.0,160.0,147.4,2,B3009,passenger_flight,Position,Delivery
32,106,Delivery,3,3,3,3,765,768,18:25,18:28,3,0,0.0,2,8.534,147.4,155.934,0,B3009,delivery_service,Delivery,Delivery
32,107,Movement,3,2,3,2,768,771,18:28,18:31,3,3,4.08,0,0.0,155.934,151.854,0,B3098,empty_repositioning,Position,Pickup
32,108,Pickup,2,2,2,2,771,774,18:31,18:34,3,0,0.0,2,8.146,151.854,160.0,1,B3098,pickup_service,Pickup,Pickup
32,109,Movement,2,5,2,5,774,782,18:34,18:42,8,8,27.57,0,0.0,160.0,132.43,1,B3098,passenger_flight,Position,Delivery
32,110,Delivery,5,5,5,5,782,785,18:42,18:45,3,0,0.0,2,8.534,132.43,140.964,0,B3098,delivery_service,Delivery,Delivery
32,111,Movement,5,4,5,4,785,791,18:45,18:51,6,6,11.45,0,0.0,140.964,129.514,0,B3233,empty_repositioning,Position,Pickup
32,112,Pickup,4,4,4,4,791,794,18:51,18:54,3,0,0.0,2,8.534,129.514,138.048,1,B3233,pickup_service,Pickup,Pickup
32,113,Movement,4,7,4,7,794,801,18:54,19:01,7,7,21.43,0,0.0,138.048,116.618,1,B3233,passenger_flight,Position,Delivery
32,114,Delivery,7,7,7,7,801,804,19:01,19:04,3,0,0.0,2,8.534,116.618,125.152,0,B3233,delivery_service,Delivery,Delivery
33,0,Stay,4,4,4,4,0,66,05:40,06:46,66,0,0.0,66,0.0,160.0,160.0,0,B47,parking_charging,Position,Movement
33,1,Movement,4,6,4,6,66,73,06:46,06:53,7,7,22.06,0,0.0,160.0,137.94,0,B47,empty_repositioning,Position,Pickup
33,2,Pickup,6,6,6,6,73,76,06:53,06:56,3,0,0.0,2,8.534,137.94,146.474,1,B47,pickup_service,Pickup,Pickup
33,3,Movement,6,7,6,7,76,88,06:56,07:08,12,12,43.48,0,0.0,146.474,102.994,1,B47,passenger_flight,Position,Delivery
33,4,Delivery,7,7,7,7,88,91,07:08,07:11,3,0,0.0,2,8.534,102.994,111.528,0,B47,delivery_service,Delivery,Delivery
33,5,Stay,7,7,7,7,91,100,07:11,07:20,9,0,0.0,9,38.403,111.528,149.931,0,B72,parking_charging,Position,Pickup
33,6,Pickup,7,7,7,7,100,103,07:20,07:23,3,0,0.0,2,8.534,149.931,158.465,1,B72,pickup_service,Pickup,Pickup
33,7,Movement,7,6,7,6,103,115,07:23,07:35,12,12,43.48,0,0.0,158.465,114.985,1,B72,passenger_flight,Position,Delivery
33,8,Delivery,6,6,6,6,115,118,07:35,07:38,3,0,0.0,2,8.534,114.985,123.519,0,B72,delivery_service,Delivery,Delivery
33,9,Stay,6,6,6,6,118,121,07:38,07:41,3,0,0.0,3,12.801,123.519,136.32,0,B98,parking_charging,Position,Pickup
33,10,Pickup,6,6,6,6,121,124,07:41,07:44,3,0,0.0,2,8.534,136.32,144.854,1,B98,pickup_service,Pickup,Pickup
33,11,Pickup,6,6,6,6,124,127,07:44,07:47,3,0,0.0,2,8.534,144.854,153.388,3,B101,pickup_service,Pickup,Pickup
33,12,Movement,6,1,6,1,127,134,07:47,07:54,7,7,23.39,0,0.0,153.388,129.998,3,B98,passenger_flight,Position,Delivery
33,13,Delivery,1,1,1,1,134,137,07:54,07:57,3,0,0.0,2,8.534,129.998,138.532,2,B98,delivery_service,Delivery,Delivery
33,14,Delivery,1,1,1,1,137,140,07:57,08:00,3,0,0.0,2,8.534,138.532,147.066,0,B101,delivery_service,Delivery,Delivery
33,15,Stay,1,1,1,1,140,148,08:00,08:08,8,0,0.0,8,12.934,147.066,160.0,0,B182,parking_charging,Position,Movement
33,16,Movement,1,3,1,3,148,154,08:08,08:14,6,6,9.61,0,0.0,160.0,150.39,0,B182,empty_repositioning,Position,Pickup
33,17,Pickup,3,3,3,3,154,157,08:14,08:17,3,0,0.0,2,8.534,150.39,158.924,1,B182,pickup_service,Pickup,Pickup
33,18,Movement,3,4,3,4,157,164,08:17,08:24,7,7,12.6,0,0.0,158.924,146.324,1,B182,passenger_flight,Position,Delivery
33,19,Delivery,4,4,4,4,164,167,08:24,08:27,3,0,0.0,2,8.534,146.324,154.858,0,B182,delivery_service,Delivery,Delivery
33,20,Movement,4,7,4,7,167,174,08:27,08:34,7,7,21.43,0,0.0,154.858,133.428,0,B258,empty_repositioning,Position,Pickup
33,21,Pickup,7,7,7,7,174,177,08:34,08:37,3,0,0.0,2,8.534,133.428,141.962,1,B258,pickup_service,Pickup,Pickup
33,22,Movement,7,5,7,5,177,187,08:37,08:47,10,10,32.24,0,0.0,141.962,109.722,1,B258,passenger_flight,Position,Delivery
33,23,Delivery,5,5,5,5,187,190,08:47,08:50,3,0,0.0,2,8.534,109.722,118.256,0,B258,delivery_service,Delivery,Delivery
33,24,Pickup,5,5,5,5,190,193,08:50,08:53,3,0,0.0,2,8.534,118.256,126.79,1,B315,pickup_service,Pickup,Pickup
33,25,Pickup,5,5,5,5,193,196,08:53,08:56,3,0,0.0,2,8.534,126.79,135.324,3,B317,pickup_service,Pickup,Pickup
33,26,Movement,5,3,5,3,196,204,08:56,09:04,8,8,23.93,0,0.0,135.324,111.394,3,B315,passenger_flight,Position,Delivery
33,27,Delivery,3,3,3,3,204,207,09:04,09:07,3,0,0.0,2,8.534,111.394,119.928,2,B315,delivery_service,Delivery,Delivery
33,28,Delivery,3,3,3,3,207,210,09:07,09:10,3,0,0.0,2,8.534,119.928,128.462,0,B317,delivery_service,Delivery,Delivery
33,29,Stay,3,3,3,3,210,214,09:10,09:14,4,0,0.0,4,17.068,128.462,145.53,0,B390,parking_charging,Position,Pickup
33,30,Pickup,3,3,3,3,214,217,09:14,09:17,3,0,0.0,2,8.534,145.53,154.064,1,B390,pickup_service,Pickup,Pickup
33,31,Stay,3,3,3,3,217,218,09:17,09:18,1,0,0.0,1,4.267,154.064,158.331,1,B398,parking_charging,Position,Pickup
33,32,Pickup,3,3,3,3,218,221,09:18,09:21,3,0,0.0,2,1.669,158.331,160.0,2,B398,pickup_service,Pickup,Pickup
33,33,Movement,3,4,3,4,221,228,09:21,09:28,7,7,12.6,0,0.0,160.0,147.4,2,B390,passenger_flight,Position,Delivery
33,34,Delivery,4,4,4,4,228,231,09:28,09:31,3,0,0.0,2,8.534,147.4,155.934,1,B390,delivery_service,Delivery,Delivery
33,35,Delivery,4,4,4,4,231,234,09:31,09:34,3,0,0.0,2,4.066,155.934,160.0,0,B398,delivery_service,Delivery,Delivery
33,36,Stay,4,4,4,4,234,277,09:34,10:17,43,0,0.0,43,0.0,160.0,160.0,0,B601,parking_charging,Position,Pickup
33,37,Pickup,4,4,4,4,277,280,10:17,10:20,3,0,0.0,2,0.0,160.0,160.0,1,B601,pickup_service,Pickup,Pickup
33,38,Stay,4,4,4,4,280,284,10:20,10:24,4,0,0.0,4,0.0,160.0,160.0,1,B601,parking_charging,Position,Movement
33,39,Movement,4,3,4,3,284,291,10:24,10:31,7,7,12.6,0,0.0,160.0,147.4,1,B601,passenger_flight,Position,Delivery
33,40,Delivery,3,3,3,3,291,294,10:31,10:34,3,0,0.0,2,8.534,147.4,155.934,0,B601,delivery_service,Delivery,Delivery
33,41,Pickup,3,3,3,3,294,297,10:34,10:37,3,0,0.0,2,4.066,155.934,160.0,1,B688,pickup_service,Pickup,Pickup
33,42,Movement,3,1,3,1,297,303,10:37,10:43,6,6,9.61,0,0.0,160.0,150.39,1,B688,passenger_flight,Position,Delivery
33,43,Delivery,1,1,1,1,303,306,10:43,10:46,3,0,0.0,2,8.534,150.39,158.924,0,B688,delivery_service,Delivery,Delivery
33,44,Movement,1,4,1,4,306,310,10:46,10:50,4,4,4.98,0,0.0,158.924,153.944,0,B765,empty_repositioning,Position,Pickup
33,45,Pickup,4,4,4,4,310,313,10:50,10:53,3,0,0.0,2,6.056,153.944,160.0,1,B765,pickup_service,Pickup,Pickup
33,46,Movement,4,3,4,3,313,320,10:53,11:00,7,7,12.6,0,0.0,160.0,147.4,1,B765,passenger_flight,Position,Delivery
33,47,Delivery,3,3,3,3,320,323,11:00,11:03,3,0,0.0,2,8.534,147.4,155.934,0,B765,delivery_service,Delivery,Delivery
33,48,Pickup,3,3,3,3,323,326,11:03,11:06,3,0,0.0,2,4.066,155.934,160.0,1,B839,pickup_service,Pickup,Pickup
33,49,Movement,3,1,3,1,326,332,11:06,11:12,6,6,9.61,0,0.0,160.0,150.39,1,B839,passenger_flight,Position,Delivery
33,50,Delivery,1,1,1,1,332,335,11:12,11:15,3,0,0.0,2,8.534,150.39,158.924,0,B839,delivery_service,Delivery,Delivery
33,51,Stay,1,1,1,1,335,340,11:15,11:20,5,0,0.0,5,1.076,158.924,160.0,0,B934,parking_charging,Position,Movement
33,52,Movement,1,4,1,4,340,344,11:20,11:24,4,4,4.98,0,0.0,160.0,155.02,0,B934,empty_repositioning,Position,Pickup
33,53,Pickup,4,4,4,4,344,347,11:24,11:27,3,0,0.0,2,4.98,155.02,160.0,1,B934,pickup_service,Pickup,Pickup
33,54,Movement,4,10,4,10,347,359,11:27,11:39,12,12,42.86,0,0.0,160.0,117.14,1,B934,passenger_flight,Position,Delivery
33,55,Delivery,10,10,10,10,359,362,11:39,11:42,3,0,0.0,2,8.534,117.14,125.674,0,B934,delivery_service,Delivery,Delivery
33,56,Stay,10,10,10,10,362,381,11:42,12:01,19,0,0.0,19,34.326,125.674,160.0,0,B1075,parking_charging,Position,Pickup
33,57,Pickup,10,10,10,10,381,384,12:01,12:04,3,0,0.0,2,0.0,160.0,160.0,1,B1075,pickup_service,Pickup,Pickup
33,58,Movement,10,4,10,4,384,396,12:04,12:16,12,12,42.86,0,0.0,160.0,117.14,1,B1075,passenger_flight,Position,Delivery
33,59,Delivery,4,4,4,4,396,399,12:16,12:19,3,0,0.0,2,8.534,117.14,125.674,0,B1075,delivery_service,Delivery,Delivery
33,60,Stay,4,4,4,4,399,402,12:19,12:22,3,0,0.0,3,12.801,125.674,138.475,0,B1140,parking_charging,Position,Movement
33,61,Movement,4,7,4,7,402,409,12:22,12:29,7,7,21.43,0,0.0,138.475,117.045,0,B1140,empty_repositioning,Position,Pickup
33,62,Pickup,7,7,7,7,409,412,12:29,12:32,3,0,0.0,2,8.534,117.045,125.579,1,B1140,pickup_service,Pickup,Pickup
33,63,Movement,7,4,7,4,412,419,12:32,12:39,7,7,21.43,0,0.0,125.579,104.149,1,B1140,passenger_flight,Position,Delivery
33,64,Delivery,4,4,4,4,419,422,12:39,12:42,3,0,0.0,2,8.534,104.149,112.683,0,B1140,delivery_service,Delivery,Delivery
33,65,Stay,4,4,4,4,422,423,12:42,12:43,1,0,0.0,1,4.267,112.683,116.95,0,B1191,parking_charging,Position,Movement
33,66,Movement,4,7,4,7,423,430,12:43,12:50,7,7,21.43,0,0.0,116.95,95.52,0,B1191,empty_repositioning,Position,Pickup
33,67,Pickup,7,7,7,7,430,433,12:50,12:53,3,0,0.0,2,8.534,95.52,104.054,1,B1191,pickup_service,Pickup,Pickup
33,68,Pickup,7,7,7,7,433,436,12:53,12:56,3,0,0.0,2,8.534,104.054,112.588,2,B1199,pickup_service,Pickup,Pickup
33,69,Movement,7,4,7,4,436,443,12:56,13:03,7,7,21.43,0,0.0,112.588,91.158,2,B1191,passenger_flight,Position,Delivery
33,70,Delivery,4,4,4,4,443,446,13:03,13:06,3,0,0.0,2,8.534,91.158,99.692,1,B1191,delivery_service,Delivery,Delivery
33,71,Delivery,4,4,4,4,446,449,13:06,13:09,3,0,0.0,2,8.534,99.692,108.226,0,B1199,delivery_service,Delivery,Delivery
33,72,Movement,4,7,4,7,449,456,13:09,13:16,7,7,21.43,0,0.0,108.226,86.796,0,B1240,empty_repositioning,Position,Pickup
33,73,Pickup,7,7,7,7,456,459,13:16,13:19,3,0,0.0,2,8.534,86.796,95.33,1,B1240,pickup_service,Pickup,Pickup
33,74,Movement,7,1,7,1,459,466,13:19,13:26,7,7,21.03,0,0.0,95.33,74.3,1,B1240,passenger_flight,Position,Delivery
33,75,Delivery,1,1,1,1,466,469,13:26,13:29,3,0,0.0,2,8.534,74.3,82.834,0,B1240,delivery_service,Delivery,Delivery
33,76,Stay,1,1,1,1,469,470,13:29,13:30,1,0,0.0,1,4.267,82.834,87.101,0,B1286,parking_charging,Position,Movement
33,77,Movement,1,7,1,7,470,477,13:30,13:37,7,7,21.03,0,0.0,87.101,66.071,0,B1286,empty_repositioning,Position,Pickup
33,78,Pickup,7,7,7,7,477,480,13:37,13:40,3,0,0.0,2,8.534,66.071,74.605,1,B1286,pickup_service,Pickup,Pickup
33,79,Movement,7,9,7,9,480,492,13:40,13:52,12,12,40.12,0,0.0,74.605,34.485,1,B1286,passenger_flight,Position,Delivery
33,80,Delivery,9,9,9,9,492,495,13:52,13:55,3,0,0.0,2,8.534,34.485,43.019,0,B1286,delivery_service,Delivery,Delivery
33,81,Stay,9,9,9,9,495,496,13:55,13:56,1,0,0.0,1,4.267,43.019,47.286,0,B1329,parking_charging,Position,Pickup
33,82,Pickup,9,9,9,9,496,499,13:56,13:59,3,0,0.0,2,8.534,47.286,55.82,1,B1329,pickup_service,Pickup,Pickup
33,83,Stay,9,9,9,9,499,510,13:59,14:10,11,0,0.0,11,46.937,55.82,102.757,1,B1329,parking_charging,Position,Movement
33,84,Movement,9,3,9,3,510,525,14:10,14:25,15,15,52.78,0,0.0,102.757,49.977,1,B1329,passenger_flight,Position,Delivery
33,85,Delivery,3,3,3,3,525,528,14:25,14:28,3,0,0.0,2,8.534,49.977,58.511,0,B1329,delivery_service,Delivery,Delivery
33,86,Pickup,3,3,3,3,528,531,14:28,14:31,3,0,0.0,2,8.534,58.511,67.045,1,B1446,pickup_service,Pickup,Pickup
33,87,Pickup,3,3,3,3,531,534,14:31,14:34,3,0,0.0,2,8.534,67.045,75.579,2,B1459,pickup_service,Pickup,Pickup
33,88,Movement,3,5,3,5,534,542,14:34,14:42,8,8,23.93,0,0.0,75.579,51.649,2,B1446,passenger_flight,Position,Delivery
33,89,Delivery,5,5,5,5,542,545,14:42,14:45,3,0,0.0,2,8.534,51.649,60.183,1,B1446,delivery_service,Delivery,Delivery
33,90,Delivery,5,5,5,5,545,548,14:45,14:48,3,0,0.0,2,8.534,60.183,68.717,0,B1459,delivery_service,Delivery,Delivery
33,91,Movement,5,4,5,4,548,554,14:48,14:54,6,6,11.45,0,0.0,68.717,57.267,0,B1552,empty_repositioning,Position,Pickup
33,92,Pickup,4,4,4,4,554,557,14:54,14:57,3,0,0.0,2,8.534,57.267,65.801,1,B1552,pickup_service,Pickup,Pickup
33,93,Movement,4,7,4,7,557,564,14:57,15:04,7,7,21.43,0,0.0,65.801,44.371,1,B1552,passenger_flight,Position,Delivery
33,94,Delivery,7,7,7,7,564,567,15:04,15:07,3,0,0.0,2,8.534,44.371,52.905,0,B1552,delivery_service,Delivery,Delivery
33,95,Stay,7,7,7,7,567,578,15:07,15:18,11,0,0.0,11,46.937,52.905,99.842,0,B1662,parking_charging,Position,Pickup
33,96,Pickup,7,7,7,7,578,581,15:18,15:21,3,0,0.0,2,8.534,99.842,108.376,1,B1662,pickup_service,Pickup,Pickup
33,97,Movement,7,4,7,4,581,588,15:21,15:28,7,7,21.43,0,0.0,108.376,86.946,1,B1662,passenger_flight,Position,Delivery
33,98,Delivery,4,4,4,4,588,591,15:28,15:31,3,0,0.0,2,8.534,86.946,95.48,0,B1662,delivery_service,Delivery,Delivery
33,99,Pickup,4,4,4,4,591,594,15:31,15:34,3,0,0.0,2,8.534,95.48,104.014,1,B1695,pickup_service,Pickup,Pickup
33,100,Movement,4,7,4,7,594,601,15:34,15:41,7,7,21.43,0,0.0,104.014,82.584,1,B1695,passenger_flight,Position,Delivery
33,101,Delivery,7,7,7,7,601,604,15:41,15:44,3,0,0.0,2,8.534,82.584,91.118,0,B1695,delivery_service,Delivery,Delivery
33,102,Stay,7,7,7,7,604,610,15:44,15:50,6,0,0.0,6,25.602,91.118,116.72,0,B1801,parking_charging,Position,Pickup
33,103,Pickup,7,7,7,7,610,613,15:50,15:53,3,0,0.0,2,8.534,116.72,125.254,1,B1801,pickup_service,Pickup,Pickup
33,104,Movement,7,4,7,4,613,620,15:53,16:00,7,7,21.43,0,0.0,125.254,103.824,1,B1801,passenger_flight,Position,Delivery
33,105,Delivery,4,4,4,4,620,623,16:00,16:03,3,0,0.0,2,8.534,103.824,112.358,0,B1801,delivery_service,Delivery,Delivery
33,106,Pickup,4,4,4,4,623,626,16:03,16:06,3,0,0.0,2,8.534,112.358,120.892,1,B1847,pickup_service,Pickup,Pickup
33,107,Movement,4,2,4,2,626,632,16:06,16:12,6,6,16.13,0,0.0,120.892,104.762,1,B1847,passenger_flight,Position,Delivery
33,108,Delivery,2,2,2,2,632,635,16:12,16:15,3,0,0.0,2,8.534,104.762,113.296,0,B1847,delivery_service,Delivery,Delivery
33,109,Stay,2,2,2,2,635,641,16:15,16:21,6,0,0.0,6,25.602,113.296,138.898,0,B1989,parking_charging,Position,Pickup
33,110,Pickup,2,2,2,2,641,644,16:21,16:24,3,0,0.0,2,8.534,138.898,147.432,2,B1989,pickup_service,Pickup,Pickup
33,111,Pickup,2,2,2,2,644,647,16:24,16:27,3,0,0.0,2,8.534,147.432,155.966,3,B2005,pickup_service,Pickup,Pickup
33,112,Movement,2,5,2,5,647,655,16:27,16:35,8,8,27.57,0,0.0,155.966,128.396,3,B1989,passenger_flight,Position,Delivery
33,113,Delivery,5,5,5,5,655,658,16:35,16:38,3,0,0.0,2,8.534,128.396,136.93,1,B1989,delivery_service,Delivery,Delivery
33,114,Delivery,5,5,5,5,658,661,16:38,16:41,3,0,0.0,2,8.534,136.93,145.464,0,B2005,delivery_service,Delivery,Delivery
33,115,Stay,5,5,5,5,661,662,16:41,16:42,1,0,0.0,1,4.267,145.464,149.731,0,B2187,parking_charging,Position,Movement
33,116,Movement,5,1,5,1,662,670,16:42,16:50,8,8,14.88,0,0.0,149.731,134.851,0,B2187,empty_repositioning,Position,Pickup
33,117,Pickup,1,1,1,1,670,673,16:50,16:53,3,0,0.0,2,8.534,134.851,143.385,1,B2187,pickup_service,Pickup,Pickup
33,118,Movement,1,7,1,7,673,680,16:53,17:00,7,7,21.03,0,0.0,143.385,122.355,1,B2187,passenger_flight,Position,Delivery
33,119,Delivery,7,7,7,7,680,683,17:00,17:03,3,0,0.0,2,8.534,122.355,130.889,0,B2187,delivery_service,Delivery,Delivery
33,120,Pickup,7,7,7,7,683,686,17:03,17:06,3,0,0.0,2,8.534,130.889,139.423,2,B2301,pickup_service,Pickup,Pickup
33,121,Movement,7,4,7,4,686,693,17:06,17:13,7,7,21.43,0,0.0,139.423,117.993,2,B2301,passenger_flight,Position,Delivery
33,122,Delivery,4,4,4,4,693,696,17:13,17:16,3,0,0.0,2,8.534,117.993,126.527,0,B2301,delivery_service,Delivery,Delivery
33,123,Stay,4,4,4,4,696,700,17:16,17:20,4,0,0.0,4,17.068,126.527,143.595,0,B2487,parking_charging,Position,Pickup
33,124,Pickup,4,4,4,4,700,703,17:20,17:23,3,0,0.0,2,8.534,143.595,152.129,2,B2487,pickup_service,Pickup,Pickup
33,125,Stay,4,4,4,4,703,704,17:23,17:24,1,0,0.0,1,4.267,152.129,156.396,2,B2529,parking_charging,Position,Pickup
33,126,Pickup,4,4,4,4,704,707,17:24,17:27,3,0,0.0,2,3.604,156.396,160.0,3,B2529,pickup_service,Pickup,Pickup
33,127,Movement,4,7,4,7,707,714,17:27,17:34,7,7,21.43,0,0.0,160.0,138.57,3,B2487,passenger_flight,Position,Delivery
33,128,Delivery,7,7,7,7,714,717,17:34,17:37,3,0,0.0,2,8.534,138.57,147.104,1,B2487,delivery_service,Delivery,Delivery
33,129,Delivery,7,7,7,7,717,720,17:37,17:40,3,0,0.0,2,8.534,147.104,155.638,0,B2529,delivery_service,Delivery,Delivery
33,130,Movement,7,2,7,2,720,726,17:40,17:46,6,6,10.2,0,0.0,155.638,145.438,0,B2753,empty_repositioning,Position,Pickup
33,131,Pickup,2,2,2,2,726,729,17:46,17:49,3,0,0.0,2,8.534,145.438,153.972,2,B2753,pickup_service,Pickup,Pickup
33,132,Pickup,2,2,2,2,729,732,17:49,17:52,3,0,0.0,2,6.028,153.972,160.0,3,B2778,pickup_service,Pickup,Pickup
33,133,Movement,2,1,2,1,732,739,17:52,17:59,7,7,13.61,0,0.0,160.0,146.39,3,B2753,passenger_flight,Position,Delivery
33,134,Delivery,1,1,1,1,739,742,17:59,18:02,3,0,0.0,2,8.534,146.39,154.924,1,B2753,delivery_service,Delivery,Delivery
33,135,Delivery,1,1,1,1,742,745,18:02,18:05,3,0,0.0,2,5.076,154.924,160.0,0,B2778,delivery_service,Delivery,Delivery
33,136,Pickup,1,1,1,1,745,748,18:05,18:08,3,0,0.0,2,0.0,160.0,160.0,2,B2934,pickup_service,Pickup,Pickup
33,137,Movement,1,7,1,7,748,755,18:08,18:15,7,7,21.03,0,0.0,160.0,138.97,2,B2934,passenger_flight,Position,Delivery
33,138,Delivery,7,7,7,7,755,758,18:15,18:18,3,0,0.0,2,8.534,138.97,147.504,0,B2934,delivery_service,Delivery,Delivery
33,139,Pickup,7,7,7,7,758,761,18:18,18:21,3,0,0.0,2,8.534,147.504,156.038,1,B3035,pickup_service,Pickup,Pickup
33,140,Movement,7,6,7,6,761,773,18:21,18:33,12,12,43.48,0,0.0,156.038,112.558,1,B3035,passenger_flight,Position,Delivery
33,141,Delivery,6,6,6,6,773,776,18:33,18:36,3,0,0.0,2,8.534,112.558,121.092,0,B3035,delivery_service,Delivery,Delivery
33,142,Stay,6,6,6,6,776,780,18:36,18:40,4,0,0.0,4,17.068,121.092,138.16,0,B3186,parking_charging,Position,Movement
33,143,Movement,6,1,6,1,780,787,18:40,18:47,7,7,23.39,0,0.0,138.16,114.77,0,B3186,empty_repositioning,Position,Pickup
33,144,Pickup,1,1,1,1,787,790,18:47,18:50,3,0,0.0,2,8.534,114.77,123.304,1,B3186,pickup_service,Pickup,Pickup
33,145,Movement,1,6,1,6,790,797,18:50,18:57,7,7,23.39,0,0.0,123.304,99.914,1,B3186,passenger_flight,Position,Delivery
33,146,Delivery,6,6,6,6,797,800,18:57,19:00,3,0,0.0,2,8.534,99.914,108.448,0,B3186,delivery_service,Delivery,Delivery
33,147,Movement,6,1,6,1,800,807,19:00,19:07,7,7,23.39,0,0.0,108.448,85.058,0,B3305,empty_repositioning,Position,Pickup
33,148,Pickup,1,1,1,1,807,810,19:07,19:10,3,0,0.0,2,8.534,85.058,93.592,1,B3305,pickup_service,Pickup,Pickup
33,149,Movement,1,3,1,3,810,816,19:10,19:16,6,6,9.61,0,0.0,93.592,83.982,1,B3305,passenger_flight,Position,Delivery
33,150,Delivery,3,3,3,3,816,819,19:16,19:19,3,0,0.0,2,8.534,83.982,92.516,0,B3305,delivery_service,Delivery,Delivery
34,0,Stay,5,5,5,5,0,82,05:40,07:02,82,0,0.0,82,0.0,160.0,160.0,0,B50,parking_charging,Position,Pickup
34,1,Pickup,5,5,5,5,82,85,07:02,07:05,3,0,0.0,2,0.0,160.0,160.0,1,B50,pickup_service,Pickup,Pickup
34,2,Stay,5,5,5,5,85,86,07:05,07:06,1,0,0.0,1,0.0,160.0,160.0,1,B66,parking_charging,Position,Movement
34,3,Movement,5,1,5,1,86,94,07:06,07:14,8,8,14.88,0,0.0,160.0,145.12,1,B66,passenger_flight,Position,Pickup
34,4,Pickup,1,1,1,1,94,97,07:14,07:17,3,0,0.0,2,8.534,145.12,153.654,2,B66,pickup_service,Pickup,Pickup
34,5,Delivery,1,1,1,1,97,100,07:17,07:20,3,0,0.0,2,6.346,153.654,160.0,1,B50,delivery_service,Delivery,Delivery
34,6,Movement,1,9,1,9,100,116,07:20,07:36,16,16,57.72,0,0.0,160.0,102.28,1,B66,passenger_flight,Position,Delivery
34,7,Delivery,9,9,9,9,116,119,07:36,07:39,3,0,0.0,2,8.534,102.28,110.814,0,B66,delivery_service,Delivery,Delivery
34,8,Stay,9,9,9,9,119,154,07:39,08:14,35,0,0.0,35,49.186,110.814,160.0,0,B185,parking_charging,Position,Pickup
34,9,Pickup,9,9,9,9,154,157,08:14,08:17,3,0,0.0,2,0.0,160.0,160.0,1,B185,pickup_service,Pickup,Pickup
34,10,Stay,9,9,9,9,157,162,08:17,08:22,5,0,0.0,5,0.0,160.0,160.0,1,B185,parking_charging,Position,Movement
34,11,Movement,9,1,9,1,162,178,08:22,08:38,16,16,57.72,0,0.0,160.0,102.28,1,B185,passenger_flight,Position,Delivery
34,12,Delivery,1,1,1,1,178,181,08:38,08:41,3,0,0.0,2,8.534,102.28,110.814,0,B185,delivery_service,Delivery,Delivery
34,13,Movement,1,3,1,3,181,187,08:41,08:47,6,6,9.61,0,0.0,110.814,101.204,0,B294,empty_repositioning,Position,Pickup
34,14,Pickup,3,3,3,3,187,190,08:47,08:50,3,0,0.0,2,8.534,101.204,109.738,1,B294,pickup_service,Pickup,Pickup
34,15,Movement,3,9,3,9,190,205,08:50,09:05,15,15,52.78,0,0.0,109.738,56.958,1,B294,passenger_flight,Position,Delivery
34,16,Delivery,9,9,9,9,205,208,09:05,09:08,3,0,0.0,2,8.534,56.958,65.492,0,B294,delivery_service,Delivery,Delivery
34,17,Stay,9,9,9,9,208,211,09:08,09:11,3,0,0.0,3,12.801,65.492,78.293,0,B383,parking_charging,Position,Pickup
34,18,Pickup,9,9,9,9,211,214,09:11,09:14,3,0,0.0,2,8.534,78.293,86.827,1,B383,pickup_service,Pickup,Pickup
34,19,Movement,9,7,9,7,214,226,09:14,09:26,12,12,40.12,0,0.0,86.827,46.707,1,B383,passenger_flight,Position,Delivery
34,20,Delivery,7,7,7,7,226,229,09:26,09:29,3,0,0.0,2,8.534,46.707,55.241,0,B383,delivery_service,Delivery,Delivery
34,21,Movement,7,8,7,8,229,236,09:29,09:36,7,7,22.2,0,0.0,55.241,33.041,0,B436,empty_repositioning,Position,Pickup
34,22,Pickup,8,8,8,8,236,239,09:36,09:39,3,0,0.0,2,8.534,33.041,41.575,1,B436,pickup_service,Pickup,Pickup
34,23,Stay,8,8,8,8,239,253,09:39,09:53,14,0,0.0,14,59.738,41.575,101.313,1,B436,parking_charging,Position,Movement
34,24,Movement,8,2,8,2,253,263,09:53,10:03,10,10,32.38,0,0.0,101.313,68.933,1,B436,passenger_flight,Position,Delivery
34,25,Delivery,2,2,2,2,263,266,10:03,10:06,3,0,0.0,2,8.534,68.933,77.467,0,B436,delivery_service,Delivery,Delivery
34,26,Pickup,2,2,2,2,266,269,10:06,10:09,3,0,0.0,2,8.534,77.467,86.001,1,B509,pickup_service,Pickup,Pickup
34,27,Movement,2,4,2,4,269,275,10:09,10:15,6,6,16.13,0,0.0,86.001,69.871,1,B509,passenger_flight,Position,Delivery
34,28,Delivery,4,4,4,4,275,278,10:15,10:18,3,0,0.0,2,8.534,69.871,78.405,0,B509,delivery_service,Delivery,Delivery
34,29,Stay,4,4,4,4,278,281,10:18,10:21,3,0,0.0,3,12.801,78.405,91.206,0,B620,parking_charging,Position,Pickup
34,30,Pickup,4,4,4,4,281,284,10:21,10:24,3,0,0.0,2,8.534,91.206,99.74,1,B620,pickup_service,Pickup,Pickup
34,31,Stay,4,4,4,4,284,285,10:24,10:25,1,0,0.0,1,4.267,99.74,104.007,1,B647,parking_charging,Position,Pickup
34,32,Pickup,4,4,4,4,285,288,10:25,10:28,3,0,0.0,2,8.534,104.007,112.541,2,B647,pickup_service,Pickup,Pickup
34,33,Movement,4,2,4,2,288,294,10:28,10:34,6,6,16.13,0,0.0,112.541,96.411,2,B620,passenger_flight,Position,Delivery
34,34,Delivery,2,2,2,2,294,297,10:34,10:37,3,0,0.0,2,8.534,96.411,104.945,1,B620,delivery_service,Delivery,Delivery
34,35,Delivery,2,2,2,2,297,300,10:37,10:40,3,0,0.0,2,8.534,104.945,113.479,0,B647,delivery_service,Delivery,Delivery
34,36,Stay,2,2,2,2,300,304,10:40,10:44,4,0,0.0,4,17.068,113.479,130.547,0,B742,parking_charging,Position,Pickup
34,37,Pickup,2,2,2,2,304,307,10:44,10:47,3,0,0.0,2,8.534,130.547,139.081,1,B742,pickup_service,Pickup,Pickup
34,38,Movement,2,4,2,4,307,313,10:47,10:53,6,6,16.13,0,0.0,139.081,122.951,1,B742,passenger_flight,Position,Delivery
34,39,Delivery,4,4,4,4,313,316,10:53,10:56,3,0,0.0,2,8.534,122.951,131.485,0,B742,delivery_service,Delivery,Delivery
34,40,Pickup,4,4,4,4,316,319,10:56,10:59,3,0,0.0,2,8.534,131.485,140.019,1,B809,pickup_service,Pickup,Pickup
34,41,Movement,4,2,4,2,319,325,10:59,11:05,6,6,16.13,0,0.0,140.019,123.889,1,B809,passenger_flight,Position,Delivery
34,42,Delivery,2,2,2,2,325,328,11:05,11:08,3,0,0.0,2,8.534,123.889,132.423,0,B809,delivery_service,Delivery,Delivery
34,43,Stay,2,2,2,2,328,332,11:08,11:12,4,0,0.0,4,17.068,132.423,149.491,0,B888,parking_charging,Position,Pickup
34,44,Pickup,2,2,2,2,332,335,11:12,11:15,3,0,0.0,2,8.534,149.491,158.025,1,B888,pickup_service,Pickup,Pickup
34,45,Pickup,2,2,2,2,335,338,11:15,11:18,3,0,0.0,2,1.975,158.025,160.0,2,B894,pickup_service,Pickup,Pickup
34,46,Movement,2,5,2,5,338,346,11:18,11:26,8,8,27.57,0,0.0,160.0,132.43,2,B888,passenger_flight,Position,Delivery
34,47,Delivery,5,5,5,5,346,349,11:26,11:29,3,0,0.0,2,8.534,132.43,140.964,1,B888,delivery_service,Delivery,Delivery
34,48,Delivery,5,5,5,5,349,352,11:29,11:32,3,0,0.0,2,8.534,140.964,149.498,0,B894,delivery_service,Delivery,Delivery
34,49,Pickup,5,5,5,5,352,355,11:32,11:35,3,0,0.0,2,8.534,149.498,158.032,1,B957,pickup_service,Pickup,Pickup
34,50,Movement,5,3,5,3,355,363,11:35,11:43,8,8,23.93,0,0.0,158.032,134.102,1,B957,passenger_flight,Position,Delivery
34,51,Delivery,3,3,3,3,363,366,11:43,11:46,3,0,0.0,2,8.534,134.102,142.636,0,B957,delivery_service,Delivery,Delivery
34,52,Stay,3,3,3,3,366,396,11:46,12:16,30,0,0.0,30,17.364,142.636,160.0,0,B1100,parking_charging,Position,Pickup
34,53,Pickup,3,3,3,3,396,399,12:16,12:19,3,0,0.0,2,0.0,160.0,160.0,1,B1100,pickup_service,Pickup,Pickup
34,54,Pickup,3,3,3,3,399,402,12:19,12:22,3,0,0.0,2,0.0,160.0,160.0,2,B1111,pickup_service,Pickup,Pickup
34,55,Movement,3,9,3,9,402,417,12:22,12:37,15,15,52.78,0,0.0,160.0,107.22,2,B1100,passenger_flight,Position,Delivery
34,56,Delivery,9,9,9,9,417,420,12:37,12:40,3,0,0.0,2,8.534,107.22,115.754,1,B1100,delivery_service,Delivery,Delivery
34,57,Delivery,9,9,9,9,420,423,12:40,12:43,3,0,0.0,2,8.534,115.754,124.288,0,B1111,delivery_service,Delivery,Delivery
34,58,Movement,9,8,9,8,423,429,12:43,12:49,6,6,18.04,0,0.0,124.288,106.248,0,B1187,empty_repositioning,Position,Pickup
34,59,Pickup,8,8,8,8,429,432,12:49,12:52,3,0,0.0,2,8.534,106.248,114.782,1,B1187,pickup_service,Pickup,Pickup
34,60,Movement,8,3,8,3,432,442,12:52,13:02,10,10,35.17,0,0.0,114.782,79.612,1,B1187,passenger_flight,Position,Delivery
34,61,Delivery,3,3,3,3,442,445,13:02,13:05,3,0,0.0,2,8.534,79.612,88.146,0,B1187,delivery_service,Delivery,Delivery
34,62,Pickup,3,3,3,3,445,448,13:05,13:08,3,0,0.0,2,8.534,88.146,96.68,1,B1220,pickup_service,Pickup,Pickup
34,63,Pickup,3,3,3,3,448,451,13:08,13:11,3,0,0.0,2,8.534,96.68,105.214,2,B1228,pickup_service,Pickup,Pickup
34,64,Movement,3,10,3,10,451,466,13:11,13:26,15,15,54.92,0,0.0,105.214,50.294,2,B1220,passenger_flight,Position,Delivery
34,65,Delivery,10,10,10,10,466,469,13:26,13:29,3,0,0.0,2,8.534,50.294,58.828,1,B1220,delivery_service,Delivery,Delivery
34,66,Delivery,10,10,10,10,469,472,13:29,13:32,3,0,0.0,2,8.534,58.828,67.362,0,B1228,delivery_service,Delivery,Delivery
34,67,Stay,10,10,10,10,472,495,13:32,13:55,23,0,0.0,23,92.638,67.362,160.0,0,B1326,parking_charging,Position,Pickup
34,68,Pickup,10,10,10,10,495,498,13:55,13:58,3,0,0.0,2,0.0,160.0,160.0,1,B1326,pickup_service,Pickup,Pickup
34,69,Pickup,10,10,10,10,498,501,13:58,14:01,3,0,0.0,2,0.0,160.0,160.0,3,B1319,pickup_service,Pickup,Pickup
34,70,Movement,10,3,10,3,501,516,14:01,14:16,15,15,54.92,0,0.0,160.0,105.08,3,B1319,passenger_flight,Position,Delivery
34,71,Delivery,3,3,3,3,516,519,14:16,14:19,3,0,0.0,2,8.534,105.08,113.614,1,B1319,delivery_service,Delivery,Delivery
34,72,Delivery,3,3,3,3,519,522,14:19,14:22,3,0,0.0,2,8.534,113.614,122.148,0,B1326,delivery_service,Delivery,Delivery
34,73,Pickup,3,3,3,3,522,525,14:22,14:25,3,0,0.0,2,8.534,122.148,130.682,1,B1414,pickup_service,Pickup,Pickup
34,74,Movement,3,4,3,4,525,532,14:25,14:32,7,7,12.6,0,0.0,130.682,118.082,1,B1414,passenger_flight,Position,Delivery
34,75,Delivery,4,4,4,4,532,535,14:32,14:35,3,0,0.0,2,8.534,118.082,126.616,0,B1414,delivery_service,Delivery,Delivery
34,76,Stay,4,4,4,4,535,542,14:35,14:42,7,0,0.0,7,29.869,126.616,156.485,0,B1519,parking_charging,Position,Pickup
34,77,Pickup,4,4,4,4,542,545,14:42,14:45,3,0,0.0,2,3.515,156.485,160.0,1,B1519,pickup_service,Pickup,Pickup
34,78,Movement,4,2,4,2,545,551,14:45,14:51,6,6,16.13,0,0.0,160.0,143.87,1,B1519,passenger_flight,Position,Delivery
34,79,Delivery,2,2,2,2,551,554,14:51,14:54,3,0,0.0,2,8.534,143.87,152.404,0,B1519,delivery_service,Delivery,Delivery
34,80,Pickup,2,2,2,2,554,557,14:54,14:57,3,0,0.0,2,7.596,152.404,160.0,1,B1553,pickup_service,Pickup,Pickup
34,81,Movement,2,5,2,5,557,565,14:57,15:05,8,8,27.57,0,0.0,160.0,132.43,1,B1553,passenger_flight,Position,Delivery
34,82,Delivery,5,5,5,5,565,568,15:05,15:08,3,0,0.0,2,8.534,132.43,140.964,0,B1553,delivery_service,Delivery,Delivery
34,83,Movement,5,4,5,4,568,574,15:08,15:14,6,6,11.45,0,0.0,140.964,129.514,0,B1637,empty_repositioning,Position,Pickup
34,84,Pickup,4,4,4,4,574,577,15:14,15:17,3,0,0.0,2,8.534,129.514,138.048,1,B1637,pickup_service,Pickup,Pickup
34,85,Movement,4,10,4,10,577,589,15:17,15:29,12,12,42.86,0,0.0,138.048,95.188,1,B1637,passenger_flight,Position,Delivery
34,86,Delivery,10,10,10,10,589,592,15:29,15:32,3,0,0.0,2,8.534,95.188,103.722,0,B1637,delivery_service,Delivery,Delivery
34,87,Pickup,10,10,10,10,592,595,15:32,15:35,3,0,0.0,2,8.534,103.722,112.256,1,B1708,pickup_service,Pickup,Pickup
34,88,Movement,10,4,10,4,595,607,15:35,15:47,12,12,42.86,0,0.0,112.256,69.396,1,B1708,passenger_flight,Position,Delivery
34,89,Delivery,4,4,4,4,607,610,15:47,15:50,3,0,0.0,2,8.534,69.396,77.93,0,B1708,delivery_service,Delivery,Delivery
34,90,Stay,4,4,4,4,610,625,15:50,16:05,15,0,0.0,15,64.005,77.93,141.935,0,B1880,parking_charging,Position,Pickup
34,91,Pickup,4,4,4,4,625,628,16:05,16:08,3,0,0.0,2,8.534,141.935,150.469,1,B1880,pickup_service,Pickup,Pickup
34,92,Movement,4,2,4,2,628,634,16:08,16:14,6,6,16.13,0,0.0,150.469,134.339,1,B1880,passenger_flight,Position,Delivery
34,93,Delivery,2,2,2,2,634,637,16:14,16:17,3,0,0.0,2,8.534,134.339,142.873,0,B1880,delivery_service,Delivery,Delivery
34,94,Stay,2,2,2,2,637,641,16:17,16:21,4,0,0.0,4,17.068,142.873,159.941,0,B2022,parking_charging,Position,Movement
34,95,Movement,2,1,2,1,641,648,16:21,16:28,7,7,13.61,0,0.0,159.941,146.331,0,B2022,empty_repositioning,Position,Pickup
34,96,Pickup,1,1,1,1,648,651,16:28,16:31,3,0,0.0,2,8.534,146.331,154.865,1,B2022,pickup_service,Pickup,Pickup
34,97,Movement,1,3,1,3,651,657,16:31,16:37,6,6,9.61,0,0.0,154.865,145.255,1,B2022,passenger_flight,Position,Delivery
34,98,Delivery,3,3,3,3,657,660,16:37,16:40,3,0,0.0,2,8.534,145.255,153.789,0,B2022,delivery_service,Delivery,Delivery
34,99,Movement,3,1,3,1,660,666,16:40,16:46,6,6,9.61,0,0.0,153.789,144.179,0,B2124,empty_repositioning,Position,Pickup
34,100,Pickup,1,1,1,1,666,669,16:46,16:49,3,0,0.0,2,8.534,144.179,152.713,1,B2124,pickup_service,Pickup,Pickup
34,101,Movement,1,3,1,3,669,675,16:49,16:55,6,6,9.61,0,0.0,152.713,143.103,1,B2124,passenger_flight,Position,Delivery
34,102,Delivery,3,3,3,3,675,678,16:55,16:58,3,0,0.0,2,8.534,143.103,151.637,0,B2124,delivery_service,Delivery,Delivery
34,103,Stay,3,3,3,3,678,681,16:58,17:01,3,0,0.0,3,8.363,151.637,160.0,0,B2274,parking_charging,Position,Pickup
34,104,Pickup,3,3,3,3,681,684,17:01,17:04,3,0,0.0,2,0.0,160.0,160.0,1,B2274,pickup_service,Pickup,Pickup
34,105,Stay,3,3,3,3,684,686,17:04,17:06,2,0,0.0,2,0.0,160.0,160.0,1,B2325,parking_charging,Position,Pickup
34,106,Pickup,3,3,3,3,686,689,17:06,17:09,3,0,0.0,2,0.0,160.0,160.0,3,B2325,pickup_service,Pickup,Pickup
34,107,Movement,3,1,3,1,689,695,17:09,17:15,6,6,9.61,0,0.0,160.0,150.39,3,B2274,passenger_flight,Position,Delivery
34,108,Delivery,1,1,1,1,695,698,17:15,17:18,3,0,0.0,2,8.534,150.39,158.924,2,B2274,delivery_service,Delivery,Delivery
34,109,Delivery,1,1,1,1,698,701,17:18,17:21,3,0,0.0,2,1.076,158.924,160.0,0,B2325,delivery_service,Delivery,Delivery
34,110,Pickup,1,1,1,1,701,704,17:21,17:24,3,0,0.0,2,0.0,160.0,160.0,2,B2455,pickup_service,Pickup,Pickup
34,111,Movement,1,7,1,7,704,711,17:24,17:31,7,7,21.03,0,0.0,160.0,138.97,2,B2455,passenger_flight,Position,Delivery
34,112,Delivery,7,7,7,7,711,714,17:31,17:34,3,0,0.0,2,8.534,138.97,147.504,0,B2455,delivery_service,Delivery,Delivery
34,113,Stay,7,7,7,7,714,720,17:34,17:40,6,0,0.0,6,12.496,147.504,160.0,0,B2766,parking_charging,Position,Movement
34,114,Movement,7,2,7,2,720,726,17:40,17:46,6,6,10.2,0,0.0,160.0,149.8,0,B2766,empty_repositioning,Position,Pickup
34,115,Pickup,2,2,2,2,726,729,17:46,17:49,3,0,0.0,2,8.534,149.8,158.334,2,B2766,pickup_service,Pickup,Pickup
34,116,Movement,2,1,2,1,729,736,17:49,17:56,7,7,13.61,0,0.0,158.334,144.724,2,B2766,passenger_flight,Position,Delivery
34,117,Delivery,1,1,1,1,736,739,17:56,17:59,3,0,0.0,2,8.534,144.724,153.258,0,B2766,delivery_service,Delivery,Delivery
34,118,Stay,1,1,1,1,739,751,17:59,18:11,12,0,0.0,12,6.742,153.258,160.0,0,B2991,parking_charging,Position,Pickup
34,119,Pickup,1,1,1,1,751,754,18:11,18:14,3,0,0.0,2,0.0,160.0,160.0,2,B2991,pickup_service,Pickup,Pickup
34,120,Pickup,1,1,1,1,754,757,18:14,18:17,3,0,0.0,2,0.0,160.0,160.0,3,B2998,pickup_service,Pickup,Pickup
34,121,Movement,1,7,1,7,757,764,18:17,18:24,7,7,21.03,0,0.0,160.0,138.97,3,B2991,passenger_flight,Position,Delivery
34,122,Delivery,7,7,7,7,764,767,18:24,18:27,3,0,0.0,2,8.534,138.97,147.504,1,B2991,delivery_service,Delivery,Delivery
34,123,Delivery,7,7,7,7,767,770,18:27,18:30,3,0,0.0,2,8.534,147.504,156.038,0,B2998,delivery_service,Delivery,Delivery
34,124,Stay,7,7,7,7,770,780,18:30,18:40,10,0,0.0,10,3.962,156.038,160.0,0,B3171,parking_charging,Position,Pickup
34,125,Pickup,7,7,7,7,780,783,18:40,18:43,3,0,0.0,2,0.0,160.0,160.0,1,B3171,pickup_service,Pickup,Pickup
34,126,Pickup,7,7,7,7,783,786,18:43,18:46,3,0,0.0,2,0.0,160.0,160.0,2,B3191,pickup_service,Pickup,Pickup
34,127,Movement,7,3,7,3,786,793,18:46,18:53,7,7,13.33,0,0.0,160.0,146.67,2,B3171,passenger_flight,Position,Delivery
34,128,Delivery,3,3,3,3,793,796,18:53,18:56,3,0,0.0,2,8.534,146.67,155.204,1,B3171,delivery_service,Delivery,Delivery
34,129,Delivery,3,3,3,3,796,799,18:56,18:59,3,0,0.0,2,4.796,155.204,160.0,0,B3191,delivery_service,Delivery,Delivery
34,130,Stay,3,3,3,3,799,800,18:59,19:00,1,0,0.0,1,0.0,160.0,160.0,0,B3291,parking_charging,Position,Movement
34,131,Movement,3,1,3,1,800,806,19:00,19:06,6,6,9.61,0,0.0,160.0,150.39,0,B3291,empty_repositioning,Position,Pickup
34,132,Pickup,1,1,1,1,806,809,19:06,19:09,3,0,0.0,2,8.534,150.39,158.924,1,B3291,pickup_service,Pickup,Pickup
34,133,Movement,1,3,1,3,809,815,19:09,19:15,6,6,9.61,0,0.0,158.924,149.314,1,B3291,passenger_flight,Position,Delivery
34,134,Delivery,3,3,3,3,815,818,19:15,19:18,3,0,0.0,2,8.534,149.314,157.848,0,B3291,delivery_service,Delivery,Delivery
35,0,Stay,6,6,6,6,0,24,05:40,06:04,24,0,0.0,24,0.0,160.0,160.0,0,B4,parking_charging,Position,Pickup
35,1,Pickup,6,6,6,6,24,27,06:04,06:07,3,0,0.0,2,0.0,160.0,160.0,1,B4,pickup_service,Pickup,Pickup
35,2,Movement,6,7,6,7,27,39,06:07,06:19,12,12,43.48,0,0.0,160.0,116.52,1,B4,passenger_flight,Position,Delivery
35,3,Delivery,7,7,7,7,39,42,06:19,06:22,3,0,0.0,2,8.534,116.52,125.054,0,B4,delivery_service,Delivery,Delivery
35,4,Stay,7,7,7,7,42,141,06:22,08:01,99,0,0.0,99,34.946,125.054,160.0,0,B130,parking_charging,Position,Pickup
35,5,Pickup,7,7,7,7,141,144,08:01,08:04,3,0,0.0,2,0.0,160.0,160.0,1,B130,pickup_service,Pickup,Pickup
35,6,Pickup,7,7,7,7,144,147,08:04,08:07,3,0,0.0,2,0.0,160.0,160.0,2,B141,pickup_service,Pickup,Pickup
35,7,Movement,7,1,7,1,147,154,08:07,08:14,7,7,21.03,0,0.0,160.0,138.97,2,B130,passenger_flight,Position,Delivery
35,8,Delivery,1,1,1,1,154,157,08:14,08:17,3,0,0.0,2,8.534,138.97,147.504,1,B130,delivery_service,Delivery,Delivery
35,9,Delivery,1,1,1,1,157,160,08:17,08:20,3,0,0.0,2,8.534,147.504,156.038,0,B141,delivery_service,Delivery,Delivery
35,10,Movement,1,6,1,6,160,167,08:20,08:27,7,7,23.39,0,0.0,156.038,132.648,0,B231,empty_repositioning,Position,Pickup
35,11,Pickup,6,6,6,6,167,170,08:27,08:30,3,0,0.0,2,8.534,132.648,141.182,1,B231,pickup_service,Pickup,Pickup
35,12,Movement,6,4,6,4,170,177,08:30,08:37,7,7,22.06,0,0.0,141.182,119.122,1,B231,passenger_flight,Position,Delivery
35,13,Delivery,4,4,4,4,177,180,08:37,08:40,3,0,0.0,2,8.534,119.122,127.656,0,B231,delivery_service,Delivery,Delivery
35,14,Stay,4,4,4,4,180,185,08:40,08:45,5,0,0.0,5,21.335,127.656,148.991,0,B321,parking_charging,Position,Movement
35,15,Movement,4,6,4,6,185,192,08:45,08:52,7,7,22.06,0,0.0,148.991,126.931,0,B321,empty_repositioning,Position,Pickup
35,16,Pickup,6,6,6,6,192,195,08:52,08:55,3,0,0.0,2,8.534,126.931,135.465,1,B321,pickup_service,Pickup,Pickup
35,17,Movement,6,1,6,1,195,202,08:55,09:02,7,7,23.39,0,0.0,135.465,112.075,1,B321,passenger_flight,Position,Delivery
35,18,Delivery,1,1,1,1,202,205,09:02,09:05,3,0,0.0,2,8.534,112.075,120.609,0,B321,delivery_service,Delivery,Delivery
35,19,Stay,1,1,1,1,205,248,09:05,09:48,43,0,0.0,43,39.391,120.609,160.0,0,B482,parking_charging,Position,Movement
35,20,Movement,1,3,1,3,248,254,09:48,09:54,6,6,9.61,0,0.0,160.0,150.39,0,B482,empty_repositioning,Position,Pickup
35,21,Pickup,3,3,3,3,254,257,09:54,09:57,3,0,0.0,2,8.534,150.39,158.924,1,B482,pickup_service,Pickup,Pickup
35,22,Movement,3,4,3,4,257,264,09:57,10:04,7,7,12.6,0,0.0,158.924,146.324,1,B482,passenger_flight,Position,Delivery
35,23,Delivery,4,4,4,4,264,267,10:04,10:07,3,0,0.0,2,8.534,146.324,154.858,0,B482,delivery_service,Delivery,Delivery
35,24,Movement,4,7,4,7,267,274,10:07,10:14,7,7,21.43,0,0.0,154.858,133.428,0,B586,empty_repositioning,Position,Pickup
35,25,Pickup,7,7,7,7,274,277,10:14,10:17,3,0,0.0,2,8.534,133.428,141.962,1,B586,pickup_service,Pickup,Pickup
35,26,Movement,7,4,7,4,277,284,10:17,10:24,7,7,21.43,0,0.0,141.962,120.532,1,B586,passenger_flight,Position,Delivery
35,27,Delivery,4,4,4,4,284,287,10:24,10:27,3,0,0.0,2,8.534,120.532,129.066,0,B586,delivery_service,Delivery,Delivery
35,28,Stay,4,4,4,4,287,288,10:27,10:28,1,0,0.0,1,4.267,129.066,133.333,0,B662,parking_charging,Position,Pickup
35,29,Pickup,4,4,4,4,288,291,10:28,10:31,3,0,0.0,2,8.534,133.333,141.867,1,B662,pickup_service,Pickup,Pickup
35,30,Pickup,4,4,4,4,291,294,10:31,10:34,3,0,0.0,2,8.534,141.867,150.401,2,B674,pickup_service,Pickup,Pickup
35,31,Movement,4,2,4,2,294,300,10:34,10:40,6,6,16.13,0,0.0,150.401,134.271,2,B662,passenger_flight,Position,Delivery
35,32,Delivery,2,2,2,2,300,303,10:40,10:43,3,0,0.0,2,8.534,134.271,142.805,1,B662,delivery_service,Delivery,Delivery
35,33,Delivery,2,2,2,2,303,306,10:43,10:46,3,0,0.0,2,8.534,142.805,151.339,0,B674,delivery_service,Delivery,Delivery
35,34,Stay,2,2,2,2,306,308,10:46,10:48,2,0,0.0,2,8.534,151.339,159.873,0,B770,parking_charging,Position,Pickup
35,35,Pickup,2,2,2,2,308,311,10:48,10:51,3,0,0.0,2,0.127,159.873,160.0,1,B770,pickup_service,Pickup,Pickup
35,36,Movement,2,4,2,4,311,317,10:51,10:57,6,6,16.13,0,0.0,160.0,143.87,1,B770,passenger_flight,Position,Delivery
35,37,Delivery,4,4,4,4,317,320,10:57,11:00,3,0,0.0,2,8.534,143.87,152.404,0,B770,delivery_service,Delivery,Delivery
35,38,Stay,4,4,4,4,320,327,11:00,11:07,7,0,0.0,7,7.596,152.404,160.0,0,B869,parking_charging,Position,Pickup
35,39,Pickup,4,4,4,4,327,330,11:07,11:10,3,0,0.0,2,0.0,160.0,160.0,1,B869,pickup_service,Pickup,Pickup
35,40,Pickup,4,4,4,4,330,333,11:10,11:13,3,0,0.0,2,0.0,160.0,160.0,2,B877,pickup_service,Pickup,Pickup
35,41,Movement,4,2,4,2,333,339,11:13,11:19,6,6,16.13,0,0.0,160.0,143.87,2,B869,passenger_flight,Position,Delivery
35,42,Delivery,2,2,2,2,339,342,11:19,11:22,3,0,0.0,2,8.534,143.87,152.404,1,B869,delivery_service,Delivery,Delivery
35,43,Delivery,2,2,2,2,342,345,11:22,11:25,3,0,0.0,2,7.596,152.404,160.0,0,B877,delivery_service,Delivery,Delivery
35,44,Pickup,2,2,2,2,345,348,11:25,11:28,3,0,0.0,2,0.0,160.0,160.0,1,B930,pickup_service,Pickup,Pickup
35,45,Movement,2,1,2,1,348,355,11:28,11:35,7,7,13.61,0,0.0,160.0,146.39,1,B930,passenger_flight,Position,Delivery
35,46,Delivery,1,1,1,1,355,358,11:35,11:38,3,0,0.0,2,8.534,146.39,154.924,0,B930,delivery_service,Delivery,Delivery
35,47,Stay,1,1,1,1,358,360,11:38,11:40,2,0,0.0,2,5.076,154.924,160.0,0,B1014,parking_charging,Position,Movement
35,48,Movement,1,6,1,6,360,367,11:40,11:47,7,7,23.39,0,0.0,160.0,136.61,0,B1014,empty_repositioning,Position,Pickup
35,49,Pickup,6,6,6,6,367,370,11:47,11:50,3,0,0.0,2,8.534,136.61,145.144,1,B1014,pickup_service,Pickup,Pickup
35,50,Movement,6,1,6,1,370,377,11:50,11:57,7,7,23.39,0,0.0,145.144,121.754,1,B1014,passenger_flight,Position,Delivery
35,51,Delivery,1,1,1,1,377,380,11:57,12:00,3,0,0.0,2,8.534,121.754,130.288,0,B1014,delivery_service,Delivery,Delivery
35,52,Stay,1,1,1,1,380,398,12:00,12:18,18,0,0.0,18,29.712,130.288,160.0,0,B1110,parking_charging,Position,Pickup
35,53,Pickup,1,1,1,1,398,401,12:18,12:21,3,0,0.0,2,0.0,160.0,160.0,1,B1110,pickup_service,Pickup,Pickup
35,54,Stay,1,1,1,1,401,404,12:21,12:24,3,0,0.0,3,0.0,160.0,160.0,1,B1110,parking_charging,Position,Movement
35,55,Movement,1,10,1,10,404,417,12:24,12:37,13,13,47.44,0,0.0,160.0,112.56,1,B1110,passenger_flight,Position,Delivery
35,56,Delivery,10,10,10,10,417,420,12:37,12:40,3,0,0.0,2,8.534,112.56,121.094,0,B1110,delivery_service,Delivery,Delivery
35,57,Stay,10,10,10,10,420,456,12:40,13:16,36,0,0.0,36,38.906,121.094,160.0,0,B1242,parking_charging,Position,Pickup
35,58,Pickup,10,10,10,10,456,459,13:16,13:19,3,0,0.0,2,0.0,160.0,160.0,1,B1242,pickup_service,Pickup,Pickup
35,59,Stay,10,10,10,10,459,465,13:19,13:25,6,0,0.0,6,0.0,160.0,160.0,1,B1242,parking_charging,Position,Movement
35,60,Movement,10,3,10,3,465,480,13:25,13:40,15,15,54.92,0,0.0,160.0,105.08,1,B1242,passenger_flight,Position,Delivery
35,61,Delivery,3,3,3,3,480,483,13:40,13:43,3,0,0.0,2,8.534,105.08,113.614,0,B1242,delivery_service,Delivery,Delivery
35,62,Stay,3,3,3,3,483,508,13:43,14:08,25,0,0.0,25,46.386,113.614,160.0,0,B1364,parking_charging,Position,Pickup
35,63,Pickup,3,3,3,3,508,511,14:08,14:11,3,0,0.0,2,0.0,160.0,160.0,1,B1364,pickup_service,Pickup,Pickup
35,64,Movement,3,1,3,1,511,517,14:11,14:17,6,6,9.61,0,0.0,160.0,150.39,1,B1364,passenger_flight,Position,Delivery
35,65,Delivery,1,1,1,1,517,520,14:17,14:20,3,0,0.0,2,8.534,150.39,158.924,0,B1364,delivery_service,Delivery,Delivery
35,66,Pickup,1,1,1,1,520,523,14:20,14:23,3,0,0.0,2,1.076,158.924,160.0,1,B1410,pickup_service,Pickup,Pickup
35,67,Movement,1,6,1,6,523,530,14:23,14:30,7,7,23.39,0,0.0,160.0,136.61,1,B1410,passenger_flight,Position,Delivery
35,68,Delivery,6,6,6,6,530,533,14:30,14:33,3,0,0.0,2,8.534,136.61,145.144,0,B1410,delivery_service,Delivery,Delivery
35,69,Stay,6,6,6,6,533,552,14:33,14:52,19,0,0.0,19,14.856,145.144,160.0,0,B1555,parking_charging,Position,Pickup
35,70,Pickup,6,6,6,6,552,555,14:52,14:55,3,0,0.0,2,0.0,160.0,160.0,1,B1555,pickup_service,Pickup,Pickup
35,71,Movement,6,1,6,1,555,562,14:55,15:02,7,7,23.39,0,0.0,160.0,136.61,1,B1555,passenger_flight,Position,Delivery
35,72,Delivery,1,1,1,1,562,565,15:02,15:05,3,0,0.0,2,8.534,136.61,145.144,0,B1555,delivery_service,Delivery,Delivery
35,73,Stay,1,1,1,1,565,566,15:05,15:06,1,0,0.0,1,4.267,145.144,149.411,0,B1615,parking_charging,Position,Pickup
35,74,Pickup,1,1,1,1,566,569,15:06,15:09,3,0,0.0,2,8.534,149.411,157.945,1,B1615,pickup_service,Pickup,Pickup
35,75,Movement,1,2,1,2,569,576,15:09,15:16,7,7,13.61,0,0.0,157.945,144.335,1,B1615,passenger_flight,Position,Delivery
35,76,Delivery,2,2,2,2,576,579,15:16,15:19,3,0,0.0,2,8.534,144.335,152.869,0,B1615,delivery_service,Delivery,Delivery
35,77,Stay,2,2,2,2,579,586,15:19,15:26,7,0,0.0,7,7.131,152.869,160.0,0,B1700,parking_charging,Position,Movement
35,78,Movement,2,3,2,3,586,589,15:26,15:29,3,3,4.08,0,0.0,160.0,155.92,0,B1700,empty_repositioning,Position,Pickup
35,79,Pickup,3,3,3,3,589,592,15:29,15:32,3,0,0.0,2,4.08,155.92,160.0,1,B1700,pickup_service,Pickup,Pickup
35,80,Movement,3,4,3,4,592,599,15:32,15:39,7,7,12.6,0,0.0,160.0,147.4,1,B1748,passenger_flight,Position,Pickup
35,81,Pickup,4,4,4,4,599,602,15:39,15:42,3,0,0.0,2,8.534,147.4,155.934,2,B1748,pickup_service,Pickup,Pickup
35,82,Delivery,4,4,4,4,602,605,15:42,15:45,3,0,0.0,2,4.066,155.934,160.0,1,B1700,delivery_service,Delivery,Delivery
35,83,Movement,4,8,4,8,605,616,15:45,15:56,11,11,39.54,0,0.0,160.0,120.46,1,B1748,passenger_flight,Position,Delivery
35,84,Delivery,8,8,8,8,616,619,15:56,15:59,3,0,0.0,2,8.534,120.46,128.994,0,B1748,delivery_service,Delivery,Delivery
35,85,Stay,8,8,8,8,619,645,15:59,16:25,26,0,0.0,26,31.006,128.994,160.0,0,B2011,parking_charging,Position,Pickup
35,86,Pickup,8,8,8,8,645,648,16:25,16:28,3,0,0.0,2,0.0,160.0,160.0,2,B2011,pickup_service,Pickup,Pickup
35,87,Pickup,8,8,8,8,648,651,16:28,16:31,3,0,0.0,2,0.0,160.0,160.0,3,B2020,pickup_service,Pickup,Pickup
35,88,Movement,8,6,8,6,651,668,16:31,16:48,17,17,60.41,0,0.0,160.0,99.59,3,B2011,passenger_flight,Position,Delivery
35,89,Delivery,6,6,6,6,668,671,16:48,16:51,3,0,0.0,2,8.534,99.59,108.124,1,B2011,delivery_service,Delivery,Delivery
35,90,Delivery,6,6,6,6,671,674,16:51,16:54,3,0,0.0,2,8.534,108.124,116.658,0,B2020,delivery_service,Delivery,Delivery
35,91,Stay,6,6,6,6,674,682,16:54,17:02,8,0,0.0,8,34.136,116.658,150.794,0,B2289,parking_charging,Position,Pickup
35,92,Pickup,6,6,6,6,682,685,17:02,17:05,3,0,0.0,2,8.534,150.794,159.328,1,B2289,pickup_service,Pickup,Pickup
35,93,Movement,6,1,6,1,685,692,17:05,17:12,7,7,23.39,0,0.0,159.328,135.938,1,B2289,passenger_flight,Position,Delivery
35,94,Delivery,1,1,1,1,692,695,17:12,17:15,3,0,0.0,2,8.534,135.938,144.472,0,B2289,delivery_service,Delivery,Delivery
35,95,Pickup,1,1,1,1,695,698,17:15,17:18,3,0,0.0,2,8.534,144.472,153.006,2,B2394,pickup_service,Pickup,Pickup
35,96,Movement,1,2,1,2,698,705,17:18,17:25,7,7,13.61,0,0.0,153.006,139.396,2,B2394,passenger_flight,Position,Delivery
35,97,Delivery,2,2,2,2,705,708,17:25,17:28,3,0,0.0,2,8.534,139.396,147.93,0,B2394,delivery_service,Delivery,Delivery
35,98,Pickup,2,2,2,2,708,711,17:28,17:31,3,0,0.0,2,8.534,147.93,156.464,2,B2514,pickup_service,Pickup,Pickup
35,99,Movement,2,4,2,4,711,717,17:31,17:37,6,6,16.13,0,0.0,156.464,140.334,2,B2514,passenger_flight,Position,Delivery
35,100,Delivery,4,4,4,4,717,720,17:37,17:40,3,0,0.0,2,8.534,140.334,148.868,0,B2514,delivery_service,Delivery,Delivery
35,101,Movement,4,2,4,2,720,726,17:40,17:46,6,6,16.13,0,0.0,148.868,132.738,0,B2689,empty_repositioning,Position,Pickup
35,102,Pickup,2,2,2,2,726,729,17:46,17:49,3,0,0.0,2,8.534,132.738,141.272,2,B2689,pickup_service,Pickup,Pickup
35,103,Movement,2,6,2,6,729,740,17:49,18:00,11,11,37.0,0,0.0,141.272,104.272,2,B2689,passenger_flight,Position,Delivery
35,104,Delivery,6,6,6,6,740,743,18:00,18:03,3,0,0.0,2,8.534,104.272,112.806,0,B2689,delivery_service,Delivery,Delivery
35,105,Stay,6,6,6,6,743,746,18:03,18:06,3,0,0.0,3,12.801,112.806,125.607,0,B2967,parking_charging,Position,Pickup
35,106,Pickup,6,6,6,6,746,749,18:06,18:09,3,0,0.0,2,8.534,125.607,134.141,2,B2967,pickup_service,Pickup,Pickup
35,107,Movement,6,1,6,1,749,756,18:09,18:16,7,7,23.39,0,0.0,134.141,110.751,2,B3011,passenger_flight,Position,Pickup
35,108,Pickup,1,1,1,1,756,759,18:16,18:19,3,0,0.0,2,8.534,110.751,119.285,3,B3011,pickup_service,Pickup,Pickup
35,109,Delivery,1,1,1,1,759,762,18:19,18:22,3,0,0.0,2,8.534,119.285,127.819,1,B2967,delivery_service,Delivery,Delivery
35,110,Movement,1,3,1,3,762,768,18:22,18:28,6,6,9.61,0,0.0,127.819,118.209,1,B3011,passenger_flight,Position,Delivery
35,111,Delivery,3,3,3,3,768,771,18:28,18:31,3,0,0.0,2,8.534,118.209,126.743,0,B3011,delivery_service,Delivery,Delivery
35,112,Stay,3,3,3,3,771,780,18:31,18:40,9,0,0.0,9,33.257,126.743,160.0,0,B3147,parking_charging,Position,Pickup
35,113,Pickup,3,3,3,3,780,783,18:40,18:43,3,0,0.0,2,0.0,160.0,160.0,1,B3147,pickup_service,Pickup,Pickup
35,114,Movement,3,5,3,5,783,791,18:43,18:51,8,8,23.93,0,0.0,160.0,136.07,1,B3147,passenger_flight,Position,Delivery
35,115,Delivery,5,5,5,5,791,794,18:51,18:54,3,0,0.0,2,8.534,136.07,144.604,0,B3147,delivery_service,Delivery,Delivery
35,116,Stay,5,5,5,5,794,800,18:54,19:00,6,0,0.0,6,15.396,144.604,160.0,0,B3304,parking_charging,Position,Movement
35,117,Movement,5,4,5,4,800,806,19:00,19:06,6,6,11.45,0,0.0,160.0,148.55,0,B3304,empty_repositioning,Position,Pickup
35,118,Pickup,4,4,4,4,806,809,19:06,19:09,3,0,0.0,2,8.534,148.55,157.084,1,B3304,pickup_service,Pickup,Pickup
35,119,Movement,4,6,4,6,809,816,19:09,19:16,7,7,22.06,0,0.0,157.084,135.024,1,B3304,passenger_flight,Position,Delivery
35,120,Delivery,6,6,6,6,816,819,19:16,19:19,3,0,0.0,2,8.534,135.024,143.558,0,B3304,delivery_service,Delivery,Delivery
36,0,Stay,7,7,7,7,0,149,05:40,08:09,149,0,0.0,149,0.0,160.0,160.0,0,B163,parking_charging,Position,Pickup
36,1,Pickup,7,7,7,7,149,152,08:09,08:12,3,0,0.0,2,0.0,160.0,160.0,1,B163,pickup_service,Pickup,Pickup
36,2,Movement,7,1,7,1,152,159,08:12,08:19,7,7,21.03,0,0.0,160.0,138.97,1,B163,passenger_flight,Position,Delivery
36,3,Delivery,1,1,1,1,159,162,08:19,08:22,3,0,0.0,2,8.534,138.97,147.504,0,B163,delivery_service,Delivery,Delivery
36,4,Movement,1,7,1,7,162,169,08:22,08:29,7,7,21.03,0,0.0,147.504,126.474,0,B239,empty_repositioning,Position,Pickup
36,5,Pickup,7,7,7,7,169,172,08:29,08:32,3,0,0.0,2,8.534,126.474,135.008,1,B239,pickup_service,Pickup,Pickup
36,6,Movement,7,1,7,1,172,179,08:32,08:39,7,7,21.03,0,0.0,135.008,113.978,1,B239,passenger_flight,Position,Delivery
36,7,Delivery,1,1,1,1,179,182,08:39,08:42,3,0,0.0,2,8.534,113.978,122.512,0,B239,delivery_service,Delivery,Delivery
36,8,Stay,1,1,1,1,182,192,08:42,08:52,10,0,0.0,10,37.488,122.512,160.0,0,B352-2,parking_charging,Position,Movement
36,9,Movement,1,6,1,6,192,199,08:52,08:59,7,7,23.39,0,0.0,160.0,136.61,0,B352-2,empty_repositioning,Position,Pickup
36,10,Pickup,6,6,6,6,199,202,08:59,09:02,3,0,0.0,2,8.534,136.61,145.144,1,B352-2,pickup_service,Pickup,Pickup
36,11,Stay,6,6,6,6,202,206,09:02,09:06,4,0,0.0,4,14.856,145.144,160.0,1,B352-2,parking_charging,Position,Movement
36,12,Movement,6,1,6,1,206,213,09:06,09:13,7,7,23.39,0,0.0,160.0,136.61,1,B352-2,passenger_flight,Position,Delivery
36,13,Delivery,1,1,1,1,213,216,09:13,09:16,3,0,0.0,2,8.534,136.61,145.144,0,B352-2,delivery_service,Delivery,Delivery
36,14,Stay,1,1,1,1,216,224,09:16,09:24,8,0,0.0,8,14.856,145.144,160.0,0,B433,parking_charging,Position,Movement
36,15,Movement,1,6,1,6,224,231,09:24,09:31,7,7,23.39,0,0.0,160.0,136.61,0,B433,empty_repositioning,Position,Pickup
36,16,Pickup,6,6,6,6,231,234,09:31,09:34,3,0,0.0,2,8.534,136.61,145.144,1,B433,pickup_service,Pickup,Pickup
36,17,Movement,6,7,6,7,234,246,09:34,09:46,12,12,43.48,0,0.0,145.144,101.664,1,B433,passenger_flight,Position,Delivery
36,18,Delivery,7,7,7,7,246,249,09:46,09:49,3,0,0.0,2,8.534,101.664,110.198,0,B433,delivery_service,Delivery,Delivery
36,19,Stay,7,7,7,7,249,265,09:49,10:05,16,0,0.0,16,49.802,110.198,160.0,0,B522,parking_charging,Position,Pickup
36,20,Pickup,7,7,7,7,265,268,10:05,10:08,3,0,0.0,2,0.0,160.0,160.0,1,B522,pickup_service,Pickup,Pickup
36,21,Movement,7,1,7,1,268,275,10:08,10:15,7,7,21.03,0,0.0,160.0,138.97,1,B522,passenger_flight,Position,Delivery
36,22,Delivery,1,1,1,1,275,278,10:15,10:18,3,0,0.0,2,8.534,138.97,147.504,0,B522,delivery_service,Delivery,Delivery
36,23,Stay,1,1,1,1,278,280,10:18,10:20,2,0,0.0,2,8.534,147.504,156.038,0,B641,parking_charging,Position,Movement
36,24,Movement,1,7,1,7,280,287,10:20,10:27,7,7,21.03,0,0.0,156.038,135.008,0,B641,empty_repositioning,Position,Pickup
36,25,Pickup,7,7,7,7,287,290,10:27,10:30,3,0,0.0,2,8.534,135.008,143.542,1,B641,pickup_service,Pickup,Pickup
36,26,Movement,7,1,7,1,290,297,10:30,10:37,7,7,21.03,0,0.0,143.542,122.512,1,B641,passenger_flight,Position,Delivery
36,27,Delivery,1,1,1,1,297,300,10:37,10:40,3,0,0.0,2,8.534,122.512,131.046,0,B641,delivery_service,Delivery,Delivery
36,28,Movement,1,6,1,6,300,307,10:40,10:47,7,7,23.39,0,0.0,131.046,107.656,0,B745,empty_repositioning,Position,Pickup
36,29,Pickup,6,6,6,6,307,310,10:47,10:50,3,0,0.0,2,8.534,107.656,116.19,1,B745,pickup_service,Pickup,Pickup
36,30,Movement,6,1,6,1,310,317,10:50,10:57,7,7,23.39,0,0.0,116.19,92.8,1,B745,passenger_flight,Position,Delivery
36,31,Delivery,1,1,1,1,317,320,10:57,11:00,3,0,0.0,2,8.534,92.8,101.334,0,B745,delivery_service,Delivery,Delivery
36,32,Movement,1,6,1,6,320,327,11:00,11:07,7,7,23.39,0,0.0,101.334,77.944,0,B860,empty_repositioning,Position,Pickup
36,33,Pickup,6,6,6,6,327,330,11:07,11:10,3,0,0.0,2,8.534,77.944,86.478,1,B860,pickup_service,Pickup,Pickup
36,34,Movement,6,1,6,1,330,337,11:10,11:17,7,7,23.39,0,0.0,86.478,63.088,1,B860,passenger_flight,Position,Delivery
36,35,Delivery,1,1,1,1,337,340,11:17,11:20,3,0,0.0,2,8.534,63.088,71.622,0,B860,delivery_service,Delivery,Delivery
36,36,Stay,1,1,1,1,340,350,11:20,11:30,10,0,0.0,10,42.67,71.622,114.292,0,B985,parking_charging,Position,Movement
36,37,Movement,1,4,1,4,350,354,11:30,11:34,4,4,4.98,0,0.0,114.292,109.312,0,B985,empty_repositioning,Position,Pickup
36,38,Pickup,4,4,4,4,354,357,11:34,11:37,3,0,0.0,2,8.534,109.312,117.846,1,B985,pickup_service,Pickup,Pickup
36,39,Movement,4,7,4,7,357,364,11:37,11:44,7,7,21.43,0,0.0,117.846,96.416,1,B985,passenger_flight,Position,Delivery
36,40,Delivery,7,7,7,7,364,367,11:44,11:47,3,0,0.0,2,8.534,96.416,104.95,0,B985,delivery_service,Delivery,Delivery
36,41,Stay,7,7,7,7,367,391,11:47,12:11,24,0,0.0,24,55.05,104.95,160.0,0,B1090,parking_charging,Position,Pickup
36,42,Pickup,7,7,7,7,391,394,12:11,12:14,3,0,0.0,2,0.0,160.0,160.0,1,B1090,pickup_service,Pickup,Pickup
36,43,Movement,7,4,7,4,394,401,12:14,12:21,7,7,21.43,0,0.0,160.0,138.57,1,B1090,passenger_flight,Position,Delivery
36,44,Delivery,4,4,4,4,401,404,12:21,12:24,3,0,0.0,2,8.534,138.57,147.104,0,B1090,delivery_service,Delivery,Delivery
36,45,Movement,4,7,4,7,404,411,12:24,12:31,7,7,21.43,0,0.0,147.104,125.674,0,B1143,empty_repositioning,Position,Pickup
36,46,Pickup,7,7,7,7,411,414,12:31,12:34,3,0,0.0,2,8.534,125.674,134.208,1,B1143,pickup_service,Pickup,Pickup
36,47,Movement,7,4,7,4,414,421,12:34,12:41,7,7,21.43,0,0.0,134.208,112.778,1,B1143,passenger_flight,Position,Delivery
36,48,Delivery,4,4,4,4,421,424,12:41,12:44,3,0,0.0,2,8.534,112.778,121.312,0,B1143,delivery_service,Delivery,Delivery
36,49,Stay,4,4,4,4,424,441,12:44,13:01,17,0,0.0,17,38.688,121.312,160.0,0,B1214,parking_charging,Position,Pickup
36,50,Pickup,4,4,4,4,441,444,13:01,13:04,3,0,0.0,2,0.0,160.0,160.0,1,B1214,pickup_service,Pickup,Pickup
36,51,Movement,4,9,4,9,444,459,13:04,13:19,15,15,55.47,0,0.0,160.0,104.53,1,B1245,passenger_flight,Position,Pickup
36,52,Pickup,9,9,9,9,459,462,13:19,13:22,3,0,0.0,2,8.534,104.53,113.064,2,B1245,pickup_service,Pickup,Pickup
36,53,Delivery,9,9,9,9,462,465,13:22,13:25,3,0,0.0,2,8.534,113.064,121.598,1,B1214,delivery_service,Delivery,Delivery
36,54,Movement,9,2,9,2,465,479,13:25,13:39,14,14,50.24,0,0.0,121.598,71.358,1,B1245,passenger_flight,Position,Delivery
36,55,Delivery,2,2,2,2,479,482,13:39,13:42,3,0,0.0,2,8.534,71.358,79.892,0,B1245,delivery_service,Delivery,Delivery
36,56,Stay,2,2,2,2,482,502,13:42,14:02,20,0,0.0,20,80.108,79.892,160.0,0,B1366,parking_charging,Position,Movement
36,57,Movement,2,4,2,4,502,508,14:02,14:08,6,6,16.13,0,0.0,160.0,143.87,0,B1366,empty_repositioning,Position,Pickup
36,58,Pickup,4,4,4,4,508,511,14:08,14:11,3,0,0.0,2,8.534,143.87,152.404,1,B1366,pickup_service,Pickup,Pickup
36,59,Movement,4,2,4,2,511,517,14:11,14:17,6,6,16.13,0,0.0,152.404,136.274,1,B1366,passenger_flight,Position,Delivery
36,60,Delivery,2,2,2,2,517,520,14:17,14:20,3,0,0.0,2,8.534,136.274,144.808,0,B1366,delivery_service,Delivery,Delivery
36,61,Pickup,2,2,2,2,520,523,14:20,14:23,3,0,0.0,2,8.534,144.808,153.342,1,B1418,pickup_service,Pickup,Pickup
36,62,Movement,2,1,2,1,523,530,14:23,14:30,7,7,13.61,0,0.0,153.342,139.732,1,B1457,passenger_flight,Position,Pickup
36,63,Pickup,1,1,1,1,530,533,14:30,14:33,3,0,0.0,2,8.534,139.732,148.266,2,B1457,pickup_service,Pickup,Pickup
36,64,Delivery,1,1,1,1,533,536,14:33,14:36,3,0,0.0,2,8.534,148.266,156.8,1,B1418,delivery_service,Delivery,Delivery
36,65,Movement,1,7,1,7,536,543,14:36,14:43,7,7,21.03,0,0.0,156.8,135.77,1,B1457,passenger_flight,Position,Delivery
36,66,Delivery,7,7,7,7,543,546,14:43,14:46,3,0,0.0,2,8.534,135.77,144.304,0,B1457,delivery_service,Delivery,Delivery
36,67,Movement,7,3,7,3,546,553,14:46,14:53,7,7,13.33,0,0.0,144.304,130.974,0,B1548,empty_repositioning,Position,Pickup
36,68,Pickup,3,3,3,3,553,556,14:53,14:56,3,0,0.0,2,8.534,130.974,139.508,1,B1548,pickup_service,Pickup,Pickup
36,69,Movement,3,5,3,5,556,564,14:56,15:04,8,8,23.93,0,0.0,139.508,115.578,1,B1548,passenger_flight,Position,Delivery
36,70,Delivery,5,5,5,5,564,567,15:04,15:07,3,0,0.0,2,8.534,115.578,124.112,0,B1548,delivery_service,Delivery,Delivery
36,71,Stay,5,5,5,5,567,571,15:07,15:11,4,0,0.0,4,17.068,124.112,141.18,0,B1661,parking_charging,Position,Movement
36,72,Movement,5,6,5,6,571,578,15:11,15:18,7,7,12.76,0,0.0,141.18,128.42,0,B1661,empty_repositioning,Position,Pickup
36,73,Pickup,6,6,6,6,578,581,15:18,15:21,3,0,0.0,2,8.534,128.42,136.954,1,B1661,pickup_service,Pickup,Pickup
36,74,Stay,6,6,6,6,581,584,15:21,15:24,3,0,0.0,3,12.801,136.954,149.755,1,B1661,parking_charging,Position,Movement
36,75,Movement,6,7,6,7,584,596,15:24,15:36,12,12,43.48,0,0.0,149.755,106.275,1,B1661,passenger_flight,Position,Delivery
36,76,Delivery,7,7,7,7,596,599,15:36,15:39,3,0,0.0,2,8.534,106.275,114.809,0,B1661,delivery_service,Delivery,Delivery
36,77,Stay,7,7,7,7,599,622,15:39,16:02,23,0,0.0,23,45.191,114.809,160.0,0,B1857,parking_charging,Position,Pickup
36,78,Pickup,7,7,7,7,622,625,16:02,16:05,3,0,0.0,2,0.0,160.0,160.0,1,B1857,pickup_service,Pickup,Pickup
36,79,Pickup,7,7,7,7,625,628,16:05,16:08,3,0,0.0,2,0.0,160.0,160.0,2,B1872,pickup_service,Pickup,Pickup
36,80,Movement,7,4,7,4,628,635,16:08,16:15,7,7,21.43,0,0.0,160.0,138.57,2,B1857,passenger_flight,Position,Delivery
36,81,Delivery,4,4,4,4,635,638,16:15,16:18,3,0,0.0,2,8.534,138.57,147.104,1,B1857,delivery_service,Delivery,Delivery
36,82,Delivery,4,4,4,4,638,641,16:18,16:21,3,0,0.0,2,8.534,147.104,155.638,0,B1872,delivery_service,Delivery,Delivery
36,83,Pickup,4,4,4,4,641,644,16:21,16:24,3,0,0.0,2,4.362,155.638,160.0,1,B1978,pickup_service,Pickup,Pickup
36,84,Movement,4,3,4,3,644,651,16:24,16:31,7,7,12.6,0,0.0,160.0,147.4,1,B1978,passenger_flight,Position,Delivery
36,85,Delivery,3,3,3,3,651,654,16:31,16:34,3,0,0.0,2,8.534,147.4,155.934,0,B1978,delivery_service,Delivery,Delivery
36,86,Stay,3,3,3,3,654,659,16:34,16:39,5,0,0.0,5,4.066,155.934,160.0,0,B2097,parking_charging,Position,Pickup
36,87,Pickup,3,3,3,3,659,662,16:39,16:42,3,0,0.0,2,0.0,160.0,160.0,1,B2097,pickup_service,Pickup,Pickup
36,88,Stay,3,3,3,3,662,665,16:42,16:45,3,0,0.0,3,0.0,160.0,160.0,1,B2097,parking_charging,Position,Movement
36,89,Movement,3,4,3,4,665,672,16:45,16:52,7,7,12.6,0,0.0,160.0,147.4,1,B2097,passenger_flight,Position,Delivery
36,90,Delivery,4,4,4,4,672,675,16:52,16:55,3,0,0.0,2,8.534,147.4,155.934,0,B2097,delivery_service,Delivery,Delivery
36,91,Pickup,4,4,4,4,675,678,16:55,16:58,3,0,0.0,2,4.066,155.934,160.0,2,B2210,pickup_service,Pickup,Pickup
36,92,Movement,4,2,4,2,678,684,16:58,17:04,6,6,16.13,0,0.0,160.0,143.87,2,B2210,passenger_flight,Position,Delivery
36,93,Delivery,2,2,2,2,684,687,17:04,17:07,3,0,0.0,2,8.534,143.87,152.404,0,B2210,delivery_service,Delivery,Delivery
36,94,Pickup,2,2,2,2,687,690,17:07,17:10,3,0,0.0,2,7.596,152.404,160.0,1,B2283,pickup_service,Pickup,Pickup
36,95,Movement,2,4,2,4,690,696,17:10,17:16,6,6,16.13,0,0.0,160.0,143.87,1,B2283,passenger_flight,Position,Delivery
36,96,Delivery,4,4,4,4,696,699,17:16,17:19,3,0,0.0,2,8.534,143.87,152.404,0,B2283,delivery_service,Delivery,Delivery
36,97,Stay,4,4,4,4,699,701,17:19,17:21,2,0,0.0,2,7.596,152.404,160.0,0,B2495,parking_charging,Position,Pickup
36,98,Pickup,4,4,4,4,701,704,17:21,17:24,3,0,0.0,2,0.0,160.0,160.0,2,B2495,pickup_service,Pickup,Pickup
36,99,Movement,4,2,4,2,704,710,17:24,17:30,6,6,16.13,0,0.0,160.0,143.87,2,B2495,passenger_flight,Position,Delivery
36,100,Delivery,2,2,2,2,710,713,17:30,17:33,3,0,0.0,2,8.534,143.87,152.404,0,B2495,delivery_service,Delivery,Delivery
36,101,Pickup,2,2,2,2,713,716,17:33,17:36,3,0,0.0,2,7.596,152.404,160.0,2,B2566,pickup_service,Pickup,Pickup
36,102,Movement,2,4,2,4,716,722,17:36,17:42,6,6,16.13,0,0.0,160.0,143.87,2,B2566,passenger_flight,Position,Delivery
36,103,Delivery,4,4,4,4,722,725,17:42,17:45,3,0,0.0,2,8.534,143.87,152.404,0,B2566,delivery_service,Delivery,Delivery
36,104,Movement,4,2,4,2,725,731,17:45,17:51,6,6,16.13,0,0.0,152.404,136.274,0,B2790,empty_repositioning,Position,Pickup
36,105,Pickup,2,2,2,2,731,734,17:51,17:54,3,0,0.0,2,8.534,136.274,144.808,1,B2790,pickup_service,Pickup,Pickup
36,106,Movement,2,4,2,4,734,740,17:54,18:00,6,6,16.13,0,0.0,144.808,128.678,1,B2790,passenger_flight,Position,Delivery
36,107,Delivery,4,4,4,4,740,743,18:00,18:03,3,0,0.0,2,8.534,128.678,137.212,0,B2790,delivery_service,Delivery,Delivery
36,108,Stay,4,4,4,4,743,757,18:03,18:17,14,0,0.0,14,22.788,137.212,160.0,0,B3030,parking_charging,Position,Pickup
36,109,Pickup,4,4,4,4,757,760,18:17,18:20,3,0,0.0,2,0.0,160.0,160.0,2,B3030,pickup_service,Pickup,Pickup
36,110,Stay,4,4,4,4,760,763,18:20,18:23,3,0,0.0,3,0.0,160.0,160.0,2,B3030,parking_charging,Position,Movement
36,111,Movement,4,3,4,3,763,770,18:23,18:30,7,7,12.6,0,0.0,160.0,147.4,2,B3030,passenger_flight,Position,Delivery
36,112,Delivery,3,3,3,3,770,773,18:30,18:33,3,0,0.0,2,8.534,147.4,155.934,0,B3030,delivery_service,Delivery,Delivery
36,113,Stay,3,3,3,3,773,780,18:33,18:40,7,0,0.0,7,4.066,155.934,160.0,0,B3179,parking_charging,Position,Movement
36,114,Movement,3,2,3,2,780,783,18:40,18:43,3,3,4.08,0,0.0,160.0,155.92,0,B3179,empty_repositioning,Position,Pickup
36,115,Pickup,2,2,2,2,783,786,18:43,18:46,3,0,0.0,2,4.08,155.92,160.0,1,B3179,pickup_service,Pickup,Pickup
36,116,Movement,2,4,2,4,786,792,18:46,18:52,6,6,16.13,0,0.0,160.0,143.87,1,B3236,passenger_flight,Position,Pickup
36,117,Pickup,4,4,4,4,792,795,18:52,18:55,3,0,0.0,2,8.534,143.87,152.404,2,B3236,pickup_service,Pickup,Pickup
36,118,Delivery,4,4,4,4,795,798,18:55,18:58,3,0,0.0,2,7.596,152.404,160.0,1,B3179,delivery_service,Delivery,Delivery
36,119,Movement,4,2,4,2,798,804,18:58,19:04,6,6,16.13,0,0.0,160.0,143.87,1,B3236,passenger_flight,Position,Delivery
36,120,Delivery,2,2,2,2,804,807,19:04,19:07,3,0,0.0,2,8.534,143.87,152.404,0,B3236,delivery_service,Delivery,Delivery
36,121,Pickup,2,2,2,2,807,810,19:07,19:10,3,0,0.0,2,7.596,152.404,160.0,1,B3325,pickup_service,Pickup,Pickup
36,122,Movement,2,4,2,4,810,816,19:10,19:16,6,6,16.13,0,0.0,160.0,143.87,1,B3325,passenger_flight,Position,Delivery
36,123,Delivery,4,4,4,4,816,819,19:16,19:19,3,0,0.0,2,8.534,143.87,152.404,0,B3325,delivery_service,Delivery,Delivery
37,0,Stay,8,8,8,8,0,90,05:40,07:10,90,0,0.0,90,0.0,160.0,160.0,0,B60,parking_charging,Position,Pickup
37,1,Pickup,8,8,8,8,90,93,07:10,07:13,3,0,0.0,2,0.0,160.0,160.0,1,B60,pickup_service,Pickup,Pickup
37,2,Movement,8,2,8,2,93,103,07:13,07:23,10,10,32.38,0,0.0,160.0,127.62,1,B60,passenger_flight,Position,Delivery
37,3,Delivery,2,2,2,2,103,106,07:23,07:26,3,0,0.0,2,8.534,127.62,136.154,0,B60,delivery_service,Delivery,Delivery
37,4,Stay,2,2,2,2,106,127,07:26,07:47,21,0,0.0,21,23.846,136.154,160.0,0,B117,parking_charging,Position,Movement
37,5,Movement,2,5,2,5,127,135,07:47,07:55,8,8,27.57,0,0.0,160.0,132.43,0,B117,empty_repositioning,Position,Pickup
37,6,Pickup,5,5,5,5,135,138,07:55,07:58,3,0,0.0,2,8.534,132.43,140.964,1,B117,pickup_service,Pickup,Pickup
37,7,Movement,5,2,5,2,138,146,07:58,08:06,8,8,27.57,0,0.0,140.964,113.394,1,B117,passenger_flight,Position,Delivery
37,8,Delivery,2,2,2,2,146,149,08:06,08:09,3,0,0.0,2,8.534,113.394,121.928,0,B117,delivery_service,Delivery,Delivery
37,9,Stay,2,2,2,2,149,162,08:09,08:22,13,0,0.0,13,38.072,121.928,160.0,0,B220,parking_charging,Position,Pickup
37,10,Pickup,2,2,2,2,162,165,08:22,08:25,3,0,0.0,2,0.0,160.0,160.0,1,B220,pickup_service,Pickup,Pickup
37,11,Stay,2,2,2,2,165,166,08:25,08:26,1,0,0.0,1,0.0,160.0,160.0,1,B236,parking_charging,Position,Pickup
37,12,Pickup,2,2,2,2,166,169,08:26,08:29,3,0,0.0,2,0.0,160.0,160.0,2,B236,pickup_service,Pickup,Pickup
37,13,Movement,2,1,2,1,169,176,08:29,08:36,7,7,13.61,0,0.0,160.0,146.39,2,B220,passenger_flight,Position,Delivery
37,14,Delivery,1,1,1,1,176,179,08:36,08:39,3,0,0.0,2,8.534,146.39,154.924,1,B220,delivery_service,Delivery,Delivery
37,15,Delivery,1,1,1,1,179,182,08:39,08:42,3,0,0.0,2,5.076,154.924,160.0,0,B236,delivery_service,Delivery,Delivery
37,16,Stay,1,1,1,1,182,240,08:42,09:40,58,0,0.0,58,0.0,160.0,160.0,0,B456,parking_charging,Position,Movement
37,17,Movement,1,3,1,3,240,246,09:40,09:46,6,6,9.61,0,0.0,160.0,150.39,0,B456,empty_repositioning,Position,Pickup
37,18,Pickup,3,3,3,3,246,249,09:46,09:49,3,0,0.0,2,8.534,150.39,158.924,1,B456,pickup_service,Pickup,Pickup
37,19,Movement,3,4,3,4,249,256,09:49,09:56,7,7,12.6,0,0.0,158.924,146.324,1,B456,passenger_flight,Position,Delivery
37,20,Delivery,4,4,4,4,256,259,09:56,09:59,3,0,0.0,2,8.534,146.324,154.858,0,B456,delivery_service,Delivery,Delivery
37,21,Stay,4,4,4,4,259,274,09:59,10:14,15,0,0.0,15,5.142,154.858,160.0,0,B584,parking_charging,Position,Pickup
37,22,Pickup,4,4,4,4,274,277,10:14,10:17,3,0,0.0,2,0.0,160.0,160.0,1,B584,pickup_service,Pickup,Pickup
37,23,Pickup,4,4,4,4,277,280,10:17,10:20,3,0,0.0,2,0.0,160.0,160.0,2,B593,pickup_service,Pickup,Pickup
37,24,Movement,4,7,4,7,280,287,10:20,10:27,7,7,21.43,0,0.0,160.0,138.57,2,B584,passenger_flight,Position,Delivery
37,25,Delivery,7,7,7,7,287,290,10:27,10:30,3,0,0.0,2,8.534,138.57,147.104,1,B584,delivery_service,Delivery,Delivery
37,26,Delivery,7,7,7,7,290,293,10:30,10:33,3,0,0.0,2,8.534,147.104,155.638,0,B593,delivery_service,Delivery,Delivery
37,27,Stay,7,7,7,7,293,304,10:33,10:44,11,0,0.0,11,4.362,155.638,160.0,0,B749,parking_charging,Position,Pickup
37,28,Pickup,7,7,7,7,304,307,10:44,10:47,3,0,0.0,2,0.0,160.0,160.0,1,B749,pickup_service,Pickup,Pickup
37,29,Movement,7,1,7,1,307,314,10:47,10:54,7,7,21.03,0,0.0,160.0,138.97,1,B749,passenger_flight,Position,Delivery
37,30,Delivery,1,1,1,1,314,317,10:54,10:57,3,0,0.0,2,8.534,138.97,147.504,0,B749,delivery_service,Delivery,Delivery
37,31,Stay,1,1,1,1,317,320,10:57,11:00,3,0,0.0,3,12.496,147.504,160.0,0,B859,parking_charging,Position,Movement
37,32,Movement,1,5,1,5,320,328,11:00,11:08,8,8,14.88,0,0.0,160.0,145.12,0,B859,empty_repositioning,Position,Pickup
37,33,Pickup,5,5,5,5,328,331,11:08,11:11,3,0,0.0,2,8.534,145.12,153.654,1,B859,pickup_service,Pickup,Pickup
37,34,Movement,5,2,5,2,331,339,11:11,11:19,8,8,27.57,0,0.0,153.654,126.084,1,B859,passenger_flight,Position,Delivery
37,35,Delivery,2,2,2,2,339,342,11:19,11:22,3,0,0.0,2,8.534,126.084,134.618,0,B859,delivery_service,Delivery,Delivery
37,36,Stay,2,2,2,2,342,372,11:22,11:52,30,0,0.0,30,25.382,134.618,160.0,0,B1041,parking_charging,Position,Pickup
37,37,Pickup,2,2,2,2,372,375,11:52,11:55,3,0,0.0,2,0.0,160.0,160.0,1,B1041,pickup_service,Pickup,Pickup
37,38,Pickup,2,2,2,2,375,378,11:55,11:58,3,0,0.0,2,0.0,160.0,160.0,2,B1052,pickup_service,Pickup,Pickup
37,39,Movement,2,5,2,5,378,386,11:58,12:06,8,8,27.57,0,0.0,160.0,132.43,2,B1041,passenger_flight,Position,Delivery
37,40,Delivery,5,5,5,5,386,389,12:06,12:09,3,0,0.0,2,8.534,132.43,140.964,1,B1041,delivery_service,Delivery,Delivery
37,41,Delivery,5,5,5,5,389,392,12:09,12:12,3,0,0.0,2,8.534,140.964,149.498,0,B1052,delivery_service,Delivery,Delivery
37,42,Stay,5,5,5,5,392,414,12:12,12:34,22,0,0.0,22,10.502,149.498,160.0,0,B1151,parking_charging,Position,Pickup
37,43,Pickup,5,5,5,5,414,417,12:34,12:37,3,0,0.0,2,0.0,160.0,160.0,1,B1151,pickup_service,Pickup,Pickup
37,44,Pickup,5,5,5,5,417,420,12:37,12:40,3,0,0.0,2,0.0,160.0,160.0,2,B1157,pickup_service,Pickup,Pickup
37,45,Movement,5,9,5,9,420,437,12:40,12:57,17,17,62.04,0,0.0,160.0,97.96,2,B1151,passenger_flight,Position,Delivery
37,46,Delivery,9,9,9,9,437,440,12:57,13:00,3,0,0.0,2,8.534,97.96,106.494,1,B1151,delivery_service,Delivery,Delivery
37,47,Delivery,9,9,9,9,440,443,13:00,13:03,3,0,0.0,2,8.534,106.494,115.028,0,B1157,delivery_service,Delivery,Delivery
37,48,Pickup,9,9,9,9,443,446,13:03,13:06,3,0,0.0,2,8.534,115.028,123.562,1,B1221,pickup_service,Pickup,Pickup
37,49,Movement,9,3,9,3,446,461,13:06,13:21,15,15,52.78,0,0.0,123.562,70.782,1,B1221,passenger_flight,Position,Delivery
37,50,Delivery,3,3,3,3,461,464,13:21,13:24,3,0,0.0,2,8.534,70.782,79.316,0,B1221,delivery_service,Delivery,Delivery
37,51,Stay,3,3,3,3,464,468,13:24,13:28,4,0,0.0,4,17.068,79.316,96.384,0,B1271,parking_charging,Position,Movement
37,52,Movement,3,2,3,2,468,471,13:28,13:31,3,3,4.08,0,0.0,96.384,92.304,0,B1271,empty_repositioning,Position,Pickup
37,53,Pickup,2,2,2,2,471,474,13:31,13:34,3,0,0.0,2,8.534,92.304,100.838,1,B1271,pickup_service,Pickup,Pickup
37,54,Movement,2,3,2,3,474,477,13:34,13:37,3,3,4.08,0,0.0,100.838,96.758,1,B1283,passenger_flight,Position,Pickup
37,55,Pickup,3,3,3,3,477,480,13:37,13:40,3,0,0.0,2,8.534,96.758,105.292,2,B1283,pickup_service,Pickup,Pickup
37,56,Movement,3,10,3,10,480,495,13:40,13:55,15,15,54.92,0,0.0,105.292,50.372,2,B1271,passenger_flight,Position,Delivery
37,57,Delivery,10,10,10,10,495,498,13:55,13:58,3,0,0.0,2,8.534,50.372,58.906,1,B1271,delivery_service,Delivery,Delivery
37,58,Delivery,10,10,10,10,498,501,13:58,14:01,3,0,0.0,2,8.534,58.906,67.44,0,B1283,delivery_service,Delivery,Delivery
37,59,Stay,10,10,10,10,501,529,14:01,14:29,28,0,0.0,28,92.56,67.44,160.0,0,B1466,parking_charging,Position,Pickup
37,60,Pickup,10,10,10,10,529,532,14:29,14:32,3,0,0.0,2,0.0,160.0,160.0,1,B1466,pickup_service,Pickup,Pickup
37,61,Movement,10,5,10,5,532,542,14:32,14:42,10,10,33.52,0,0.0,160.0,126.48,1,B1466,passenger_flight,Position,Delivery
37,62,Delivery,5,5,5,5,542,545,14:42,14:45,3,0,0.0,2,8.534,126.48,135.014,0,B1466,delivery_service,Delivery,Delivery
37,63,Movement,5,4,5,4,545,551,14:45,14:51,6,6,11.45,0,0.0,135.014,123.564,0,B1545,empty_repositioning,Position,Pickup
37,64,Pickup,4,4,4,4,551,554,14:51,14:54,3,0,0.0,2,8.534,123.564,132.098,1,B1545,pickup_service,Pickup,Pickup
37,65,Movement,4,7,4,7,554,561,14:54,15:01,7,7,21.43,0,0.0,132.098,110.668,1,B1545,passenger_flight,Position,Delivery
37,66,Delivery,7,7,7,7,561,564,15:01,15:04,3,0,0.0,2,8.534,110.668,119.202,0,B1545,delivery_service,Delivery,Delivery
37,67,Stay,7,7,7,7,564,590,15:04,15:30,26,0,0.0,26,40.798,119.202,160.0,0,B1706,parking_charging,Position,Pickup
37,68,Pickup,7,7,7,7,590,593,15:30,15:33,3,0,0.0,2,0.0,160.0,160.0,1,B1706,pickup_service,Pickup,Pickup
37,69,Movement,7,4,7,4,593,600,15:33,15:40,7,7,21.43,0,0.0,160.0,138.57,1,B1706,passenger_flight,Position,Delivery
37,70,Delivery,4,4,4,4,600,603,15:40,15:43,3,0,0.0,2,8.534,138.57,147.104,0,B1706,delivery_service,Delivery,Delivery
37,71,Stay,4,4,4,4,603,605,15:43,15:45,2,0,0.0,2,8.534,147.104,155.638,0,B1778,parking_charging,Position,Pickup
37,72,Pickup,4,4,4,4,605,608,15:45,15:48,3,0,0.0,2,4.362,155.638,160.0,1,B1778,pickup_service,Pickup,Pickup
37,73,Movement,4,2,4,2,608,614,15:48,15:54,6,6,16.13,0,0.0,160.0,143.87,1,B1778,passenger_flight,Position,Delivery
37,74,Delivery,2,2,2,2,614,617,15:54,15:57,3,0,0.0,2,8.534,143.87,152.404,0,B1778,delivery_service,Delivery,Delivery
37,75,Stay,2,2,2,2,617,620,15:57,16:00,3,0,0.0,3,7.596,152.404,160.0,0,B1836,parking_charging,Position,Pickup
37,76,Pickup,2,2,2,2,620,623,16:00,16:03,3,0,0.0,2,0.0,160.0,160.0,1,B1836,pickup_service,Pickup,Pickup
37,77,Pickup,2,2,2,2,623,626,16:03,16:06,3,0,0.0,2,0.0,160.0,160.0,3,B1845,pickup_service,Pickup,Pickup
37,78,Movement,2,5,2,5,626,634,16:06,16:14,8,8,27.57,0,0.0,160.0,132.43,3,B1836,passenger_flight,Position,Delivery
37,79,Delivery,5,5,5,5,634,637,16:14,16:17,3,0,0.0,2,8.534,132.43,140.964,2,B1836,delivery_service,Delivery,Delivery
37,80,Delivery,5,5,5,5,637,640,16:17,16:20,3,0,0.0,2,8.534,140.964,149.498,0,B1845,delivery_service,Delivery,Delivery
37,81,Movement,5,1,5,1,640,648,16:20,16:28,8,8,14.88,0,0.0,149.498,134.618,0,B2016,empty_repositioning,Position,Pickup
37,82,Pickup,1,1,1,1,648,651,16:28,16:31,3,0,0.0,2,8.534,134.618,143.152,1,B2016,pickup_service,Pickup,Pickup
37,83,Movement,1,2,1,2,651,658,16:31,16:38,7,7,13.61,0,0.0,143.152,129.542,1,B2085,passenger_flight,Position,Pickup
37,84,Pickup,2,2,2,2,658,661,16:38,16:41,3,0,0.0,2,8.534,129.542,138.076,2,B2085,pickup_service,Pickup,Pickup
37,85,Delivery,2,2,2,2,661,664,16:41,16:44,3,0,0.0,2,8.534,138.076,146.61,1,B2016,delivery_service,Delivery,Delivery
37,86,Movement,2,5,2,5,664,672,16:44,16:52,8,8,27.57,0,0.0,146.61,119.04,1,B2085,passenger_flight,Position,Delivery
37,87,Delivery,5,5,5,5,672,675,16:52,16:55,3,0,0.0,2,8.534,119.04,127.574,0,B2085,delivery_service,Delivery,Delivery
37,88,Stay,5,5,5,5,675,686,16:55,17:06,11,0,0.0,11,32.426,127.574,160.0,0,B2402,parking_charging,Position,Movement
37,89,Movement,5,4,5,4,686,692,17:06,17:12,6,6,11.45,0,0.0,160.0,148.55,0,B2402,empty_repositioning,Position,Pickup
37,90,Pickup,4,4,4,4,692,695,17:12,17:15,3,0,0.0,2,8.534,148.55,157.084,2,B2402,pickup_service,Pickup,Pickup
37,91,Pickup,4,4,4,4,695,698,17:15,17:18,3,0,0.0,2,2.916,157.084,160.0,3,B2437,pickup_service,Pickup,Pickup
37,92,Movement,4,7,4,7,698,705,17:18,17:25,7,7,21.43,0,0.0,160.0,138.57,3,B2402,passenger_flight,Position,Delivery
37,93,Delivery,7,7,7,7,705,708,17:25,17:28,3,0,0.0,2,8.534,138.57,147.104,1,B2402,delivery_service,Delivery,Delivery
37,94,Delivery,7,7,7,7,708,711,17:28,17:31,3,0,0.0,2,8.534,147.104,155.638,0,B2437,delivery_service,Delivery,Delivery
37,95,Movement,7,2,7,2,711,717,17:31,17:37,6,6,10.2,0,0.0,155.638,145.438,0,B2640,empty_repositioning,Position,Pickup
37,96,Pickup,2,2,2,2,717,720,17:37,17:40,3,0,0.0,2,8.534,145.438,153.972,2,B2640,pickup_service,Pickup,Pickup
37,97,Movement,2,4,2,4,720,726,17:40,17:46,6,6,16.13,0,0.0,153.972,137.842,2,B2640,passenger_flight,Position,Delivery
37,98,Delivery,4,4,4,4,726,729,17:46,17:49,3,0,0.0,2,8.534,137.842,146.376,0,B2640,delivery_service,Delivery,Delivery
37,99,Pickup,4,4,4,4,729,732,17:49,17:52,3,0,0.0,2,8.534,146.376,154.91,1,B2808,pickup_service,Pickup,Pickup
37,100,Pickup,4,4,4,4,732,735,17:52,17:55,3,0,0.0,2,5.09,154.91,160.0,3,B2829,pickup_service,Pickup,Pickup
37,101,Movement,4,7,4,7,735,742,17:55,18:02,7,7,21.43,0,0.0,160.0,138.57,3,B2808,passenger_flight,Position,Delivery
37,102,Delivery,7,7,7,7,742,745,18:02,18:05,3,0,0.0,2,8.534,138.57,147.104,2,B2808,delivery_service,Delivery,Delivery
37,103,Delivery,7,7,7,7,745,748,18:05,18:08,3,0,0.0,2,8.534,147.104,155.638,0,B2829,delivery_service,Delivery,Delivery
37,104,Stay,7,7,7,7,748,781,18:08,18:41,33,0,0.0,33,4.362,155.638,160.0,0,B3181,parking_charging,Position,Pickup
37,105,Pickup,7,7,7,7,781,784,18:41,18:44,3,0,0.0,2,0.0,160.0,160.0,1,B3181,pickup_service,Pickup,Pickup
37,106,Movement,7,3,7,3,784,791,18:44,18:51,7,7,13.33,0,0.0,160.0,146.67,1,B3181,passenger_flight,Position,Delivery
37,107,Delivery,3,3,3,3,791,794,18:51,18:54,3,0,0.0,2,8.534,146.67,155.204,0,B3181,delivery_service,Delivery,Delivery
37,108,Stay,3,3,3,3,794,800,18:54,19:00,6,0,0.0,6,4.796,155.204,160.0,0,B3298,parking_charging,Position,Movement
37,109,Movement,3,2,3,2,800,803,19:00,19:03,3,3,4.08,0,0.0,160.0,155.92,0,B3298,empty_repositioning,Position,Pickup
37,110,Pickup,2,2,2,2,803,806,19:03,19:06,3,0,0.0,2,4.08,155.92,160.0,1,B3298,pickup_service,Pickup,Pickup
37,111,Movement,2,5,2,5,806,814,19:06,19:14,8,8,27.57,0,0.0,160.0,132.43,1,B3298,passenger_flight,Position,Delivery
37,112,Delivery,5,5,5,5,814,817,19:14,19:17,3,0,0.0,2,8.534,132.43,140.964,0,B3298,delivery_service,Delivery,Delivery
38,0,Stay,9,9,9,9,0,150,05:40,08:10,150,0,0.0,150,0.0,160.0,160.0,0,B196,parking_charging,Position,Movement
38,1,Movement,9,8,9,8,150,156,08:10,08:16,6,6,18.04,0,0.0,160.0,141.96,0,B196,empty_repositioning,Position,Pickup
38,2,Pickup,8,8,8,8,156,159,08:16,08:19,3,0,0.0,2,8.534,141.96,150.494,1,B196,pickup_service,Pickup,Pickup
38,3,Movement,8,2,8,2,159,169,08:19,08:29,10,10,32.38,0,0.0,150.494,118.114,1,B196,passenger_flight,Position,Delivery
38,4,Delivery,2,2,2,2,169,172,08:29,08:32,3,0,0.0,2,8.534,118.114,126.648,0,B196,delivery_service,Delivery,Delivery
38,5,Stay,2,2,2,2,172,175,08:32,08:35,3,0,0.0,3,12.801,126.648,139.449,0,B268,parking_charging,Position,Pickup
38,6,Pickup,2,2,2,2,175,178,08:35,08:38,3,0,0.0,2,8.534,139.449,147.983,1,B268,pickup_service,Pickup,Pickup
38,7,Movement,2,4,2,4,178,184,08:38,08:44,6,6,16.13,0,0.0,147.983,131.853,1,B268,passenger_flight,Position,Delivery
38,8,Delivery,4,4,4,4,184,187,08:44,08:47,3,0,0.0,2,8.534,131.853,140.387,0,B268,delivery_service,Delivery,Delivery
38,9,Movement,4,6,4,6,187,194,08:47,08:54,7,7,22.06,0,0.0,140.387,118.327,0,B322,empty_repositioning,Position,Pickup
38,10,Pickup,6,6,6,6,194,197,08:54,08:57,3,0,0.0,2,8.534,118.327,126.861,1,B322,pickup_service,Pickup,Pickup
38,11,Movement,6,4,6,4,197,204,08:57,09:04,7,7,22.06,0,0.0,126.861,104.801,1,B322,passenger_flight,Position,Delivery
38,12,Delivery,4,4,4,4,204,207,09:04,09:07,3,0,0.0,2,8.534,104.801,113.335,0,B322,delivery_service,Delivery,Delivery
38,13,Stay,4,4,4,4,207,213,09:07,09:13,6,0,0.0,6,25.602,113.335,138.937,0,B400,parking_charging,Position,Movement
38,14,Movement,4,5,4,5,213,219,09:13,09:19,6,6,11.45,0,0.0,138.937,127.487,0,B400,empty_repositioning,Position,Pickup
38,15,Pickup,5,5,5,5,219,222,09:19,09:22,3,0,0.0,2,8.534,127.487,136.021,1,B400,pickup_service,Pickup,Pickup
38,16,Movement,5,7,5,7,222,232,09:22,09:32,10,10,32.24,0,0.0,136.021,103.781,1,B400,passenger_flight,Position,Delivery
38,17,Delivery,7,7,7,7,232,235,09:32,09:35,3,0,0.0,2,8.534,103.781,112.315,0,B400,delivery_service,Delivery,Delivery
38,18,Stay,7,7,7,7,235,265,09:35,10:05,30,0,0.0,30,47.685,112.315,160.0,0,B523,parking_charging,Position,Pickup
38,19,Pickup,7,7,7,7,265,268,10:05,10:08,3,0,0.0,2,0.0,160.0,160.0,1,B523,pickup_service,Pickup,Pickup
38,20,Pickup,7,7,7,7,268,271,10:08,10:11,3,0,0.0,2,0.0,160.0,160.0,2,B539,pickup_service,Pickup,Pickup
38,21,Movement,7,4,7,4,271,278,10:11,10:18,7,7,21.43,0,0.0,160.0,138.57,2,B523,passenger_flight,Position,Delivery
38,22,Delivery,4,4,4,4,278,281,10:18,10:21,3,0,0.0,2,8.534,138.57,147.104,1,B523,delivery_service,Delivery,Delivery
38,23,Delivery,4,4,4,4,281,284,10:21,10:24,3,0,0.0,2,8.534,147.104,155.638,0,B539,delivery_service,Delivery,Delivery
38,24,Pickup,4,4,4,4,284,287,10:24,10:27,3,0,0.0,2,4.362,155.638,160.0,1,B621,pickup_service,Pickup,Pickup
38,25,Movement,4,7,4,7,287,294,10:27,10:34,7,7,21.43,0,0.0,160.0,138.57,1,B621,passenger_flight,Position,Delivery
38,26,Delivery,7,7,7,7,294,297,10:34,10:37,3,0,0.0,2,8.534,138.57,147.104,0,B621,delivery_service,Delivery,Delivery
38,27,Pickup,7,7,7,7,297,300,10:37,10:40,3,0,0.0,2,8.534,147.104,155.638,1,B684,pickup_service,Pickup,Pickup
38,28,Movement,7,4,7,4,300,307,10:40,10:47,7,7,21.43,0,0.0,155.638,134.208,1,B684,passenger_flight,Position,Delivery
38,29,Delivery,4,4,4,4,307,310,10:47,10:50,3,0,0.0,2,8.534,134.208,142.742,0,B684,delivery_service,Delivery,Delivery
38,30,Stay,4,4,4,4,310,324,10:50,11:04,14,0,0.0,14,17.258,142.742,160.0,0,B850,parking_charging,Position,Pickup
38,31,Pickup,4,4,4,4,324,327,11:04,11:07,3,0,0.0,2,0.0,160.0,160.0,1,B850,pickup_service,Pickup,Pickup
38,32,Movement,4,3,4,3,327,334,11:07,11:14,7,7,12.6,0,0.0,160.0,147.4,1,B850,passenger_flight,Position,Delivery
38,33,Delivery,3,3,3,3,334,337,11:14,11:17,3,0,0.0,2,8.534,147.4,155.934,0,B850,delivery_service,Delivery,Delivery
38,34,Stay,3,3,3,3,337,342,11:17,11:22,5,0,0.0,5,4.066,155.934,160.0,0,B931,parking_charging,Position,Pickup
38,35,Pickup,3,3,3,3,342,345,11:22,11:25,3,0,0.0,2,0.0,160.0,160.0,1,B931,pickup_service,Pickup,Pickup
38,36,Movement,3,1,3,1,345,351,11:25,11:31,6,6,9.61,0,0.0,160.0,150.39,1,B931,passenger_flight,Position,Delivery
38,37,Delivery,1,1,1,1,351,354,11:31,11:34,3,0,0.0,2,8.534,150.39,158.924,0,B931,delivery_service,Delivery,Delivery
38,38,Stay,1,1,1,1,354,401,11:34,12:21,47,0,0.0,47,1.076,158.924,160.0,0,B1115,parking_charging,Position,Pickup
38,39,Pickup,1,1,1,1,401,404,12:21,12:24,3,0,0.0,2,0.0,160.0,160.0,1,B1115,pickup_service,Pickup,Pickup
38,40,Stay,1,1,1,1,404,405,12:24,12:25,1,0,0.0,1,0.0,160.0,160.0,1,B1126,parking_charging,Position,Pickup
38,41,Pickup,1,1,1,1,405,408,12:25,12:28,3,0,0.0,2,0.0,160.0,160.0,2,B1126,pickup_service,Pickup,Pickup
38,42,Movement,1,10,1,10,408,421,12:28,12:41,13,13,47.44,0,0.0,160.0,112.56,2,B1115,passenger_flight,Position,Delivery
38,43,Delivery,10,10,10,10,421,424,12:41,12:44,3,0,0.0,2,8.534,112.56,121.094,1,B1115,delivery_service,Delivery,Delivery
38,44,Delivery,10,10,10,10,424,427,12:44,12:47,3,0,0.0,2,8.534,121.094,129.628,0,B1126,delivery_service,Delivery,Delivery
38,45,Stay,10,10,10,10,427,464,12:47,13:24,37,0,0.0,37,30.372,129.628,160.0,0,B1257,parking_charging,Position,Pickup
38,46,Pickup,10,10,10,10,464,467,13:24,13:27,3,0,0.0,2,0.0,160.0,160.0,1,B1257,pickup_service,Pickup,Pickup
38,47,Movement,10,3,10,3,467,482,13:27,13:42,15,15,54.92,0,0.0,160.0,105.08,1,B1257,passenger_flight,Position,Delivery
38,48,Delivery,3,3,3,3,482,485,13:42,13:45,3,0,0.0,2,8.534,105.08,113.614,0,B1257,delivery_service,Delivery,Delivery
38,49,Stay,3,3,3,3,485,508,13:45,14:08,23,0,0.0,23,46.386,113.614,160.0,0,B1365,parking_charging,Position,Pickup
38,50,Pickup,3,3,3,3,508,511,14:08,14:11,3,0,0.0,2,0.0,160.0,160.0,1,B1365,pickup_service,Pickup,Pickup
38,51,Pickup,3,3,3,3,511,514,14:11,14:14,3,0,0.0,2,0.0,160.0,160.0,2,B1374,pickup_service,Pickup,Pickup
38,52,Movement,3,4,3,4,514,521,14:14,14:21,7,7,12.6,0,0.0,160.0,147.4,2,B1365,passenger_flight,Position,Delivery
38,53,Delivery,4,4,4,4,521,524,14:21,14:24,3,0,0.0,2,8.534,147.4,155.934,1,B1365,delivery_service,Delivery,Delivery
38,54,Delivery,4,4,4,4,524,527,14:24,14:27,3,0,0.0,2,4.066,155.934,160.0,0,B1374,delivery_service,Delivery,Delivery
38,55,Stay,4,4,4,4,527,534,14:27,14:34,7,0,0.0,7,0.0,160.0,160.0,0,B1486,parking_charging,Position,Pickup
38,56,Pickup,4,4,4,4,534,537,14:34,14:37,3,0,0.0,2,0.0,160.0,160.0,1,B1486,pickup_service,Pickup,Pickup
38,57,Movement,4,2,4,2,537,543,14:37,14:43,6,6,16.13,0,0.0,160.0,143.87,1,B1486,passenger_flight,Position,Delivery
38,58,Delivery,2,2,2,2,543,546,14:43,14:46,3,0,0.0,2,8.534,143.87,152.404,0,B1486,delivery_service,Delivery,Delivery
38,59,Stay,2,2,2,2,546,555,14:46,14:55,9,0,0.0,9,7.596,152.404,160.0,0,B1567,parking_charging,Position,Pickup
38,60,Pickup,2,2,2,2,555,558,14:55,14:58,3,0,0.0,2,0.0,160.0,160.0,1,B1567,pickup_service,Pickup,Pickup
38,61,Stay,2,2,2,2,558,563,14:58,15:03,5,0,0.0,5,0.0,160.0,160.0,1,B1567,parking_charging,Position,Movement
38,62,Movement,2,5,2,5,563,571,15:03,15:11,8,8,27.57,0,0.0,160.0,132.43,1,B1567,passenger_flight,Position,Delivery
38,63,Delivery,5,5,5,5,571,574,15:11,15:14,3,0,0.0,2,8.534,132.43,140.964,0,B1567,delivery_service,Delivery,Delivery
38,64,Stay,5,5,5,5,574,580,15:14,15:20,6,0,0.0,6,19.036,140.964,160.0,0,B1682,parking_charging,Position,Movement
38,65,Movement,5,4,5,4,580,586,15:20,15:26,6,6,11.45,0,0.0,160.0,148.55,0,B1682,empty_repositioning,Position,Pickup
38,66,Pickup,4,4,4,4,586,589,15:26,15:29,3,0,0.0,2,8.534,148.55,157.084,1,B1682,pickup_service,Pickup,Pickup
38,67,Movement,4,7,4,7,589,596,15:29,15:36,7,7,21.43,0,0.0,157.084,135.654,1,B1682,passenger_flight,Position,Delivery
38,68,Delivery,7,7,7,7,596,599,15:36,15:39,3,0,0.0,2,8.534,135.654,144.188,0,B1682,delivery_service,Delivery,Delivery
38,69,Stay,7,7,7,7,599,612,15:39,15:52,13,0,0.0,13,15.812,144.188,160.0,0,B1807-2,parking_charging,Position,Pickup
38,70,Pickup,7,7,7,7,612,615,15:52,15:55,3,0,0.0,2,0.0,160.0,160.0,1,B1807-2,pickup_service,Pickup,Pickup
38,71,Movement,7,4,7,4,615,622,15:55,16:02,7,7,21.43,0,0.0,160.0,138.57,1,B1807-2,passenger_flight,Position,Delivery
38,72,Delivery,4,4,4,4,622,625,16:02,16:05,3,0,0.0,2,8.534,138.57,147.104,0,B1807-2,delivery_service,Delivery,Delivery
38,73,Stay,4,4,4,4,625,626,16:05,16:06,1,0,0.0,1,4.267,147.104,151.371,0,B1886,parking_charging,Position,Pickup
38,74,Pickup,4,4,4,4,626,629,16:06,16:09,3,0,0.0,2,8.534,151.371,159.905,1,B1886,pickup_service,Pickup,Pickup
38,75,Movement,4,2,4,2,629,635,16:09,16:15,6,6,16.13,0,0.0,159.905,143.775,1,B1886,passenger_flight,Position,Delivery
38,76,Delivery,2,2,2,2,635,638,16:15,16:18,3,0,0.0,2,8.534,143.775,152.309,0,B1886,delivery_service,Delivery,Delivery
38,77,Pickup,2,2,2,2,638,641,16:18,16:21,3,0,0.0,2,7.691,152.309,160.0,1,B1971,pickup_service,Pickup,Pickup
38,78,Movement,2,5,2,5,641,649,16:21,16:29,8,8,27.57,0,0.0,160.0,132.43,1,B1971,passenger_flight,Position,Delivery
38,79,Delivery,5,5,5,5,649,652,16:29,16:32,3,0,0.0,2,8.534,132.43,140.964,0,B1971,delivery_service,Delivery,Delivery
38,80,Stay,5,5,5,5,652,662,16:32,16:42,10,0,0.0,10,19.036,140.964,160.0,0,B2191,parking_charging,Position,Movement
38,81,Movement,5,3,5,3,662,670,16:42,16:50,8,8,23.93,0,0.0,160.0,136.07,0,B2191,empty_repositioning,Position,Pickup
38,82,Pickup,3,3,3,3,670,673,16:50,16:53,3,0,0.0,2,8.534,136.07,144.604,2,B2191,pickup_service,Pickup,Pickup
38,83,Stay,3,3,3,3,673,676,16:53,16:56,3,0,0.0,3,12.801,144.604,157.405,2,B2191,parking_charging,Position,Movement
38,84,Movement,3,9,3,9,676,691,16:56,17:11,15,15,52.78,0,0.0,157.405,104.625,2,B2191,passenger_flight,Position,Delivery
38,85,Delivery,9,9,9,9,691,694,17:11,17:14,3,0,0.0,2,8.534,104.625,113.159,0,B2191,delivery_service,Delivery,Delivery
38,86,Pickup,9,9,9,9,694,697,17:14,17:17,3,0,0.0,2,8.534,113.159,121.693,1,B2377-2,pickup_service,Pickup,Pickup
38,87,Pickup,9,9,9,9,697,700,17:17,17:20,3,0,0.0,2,8.534,121.693,130.227,2,B2452,pickup_service,Pickup,Pickup
38,88,Movement,9,4,9,4,700,715,17:20,17:35,15,15,55.47,0,0.0,130.227,74.757,2,B2377-2,passenger_flight,Position,Delivery
38,89,Delivery,4,4,4,4,715,718,17:35,17:38,3,0,0.0,2,8.534,74.757,83.291,1,B2377-2,delivery_service,Delivery,Delivery
38,90,Delivery,4,4,4,4,718,721,17:38,17:41,3,0,0.0,2,8.534,83.291,91.825,0,B2452,delivery_service,Delivery,Delivery
38,91,Stay,4,4,4,4,721,730,17:41,17:50,9,0,0.0,9,38.403,91.825,130.228,0,B2818,parking_charging,Position,Pickup
38,92,Pickup,4,4,4,4,730,733,17:50,17:53,3,0,0.0,2,8.534,130.228,138.762,1,B2818,pickup_service,Pickup,Pickup
38,93,Pickup,4,4,4,4,733,736,17:53,17:56,3,0,0.0,2,8.534,138.762,147.296,3,B2843,pickup_service,Pickup,Pickup
38,94,Movement,4,7,4,7,736,743,17:56,18:03,7,7,21.43,0,0.0,147.296,125.866,3,B2818,passenger_flight,Position,Delivery
38,95,Delivery,7,7,7,7,743,746,18:03,18:06,3,0,0.0,2,8.534,125.866,134.4,2,B2818,delivery_service,Delivery,Delivery
38,96,Delivery,7,7,7,7,746,749,18:06,18:09,3,0,0.0,2,8.534,134.4,142.934,0,B2843,delivery_service,Delivery,Delivery
38,97,Stay,7,7,7,7,749,760,18:09,18:20,11,0,0.0,11,17.066,142.934,160.0,0,B3069,parking_charging,Position,Movement
38,98,Movement,7,1,7,1,760,767,18:20,18:27,7,7,21.03,0,0.0,160.0,138.97,0,B3069,empty_repositioning,Position,Pickup
38,99,Pickup,1,1,1,1,767,770,18:27,18:30,3,0,0.0,2,8.534,138.97,147.504,1,B3069,pickup_service,Pickup,Pickup
38,100,Movement,1,6,1,6,770,777,18:30,18:37,7,7,23.39,0,0.0,147.504,124.114,1,B3069,passenger_flight,Position,Delivery
38,101,Delivery,6,6,6,6,777,780,18:37,18:40,3,0,0.0,2,8.534,124.114,132.648,0,B3069,delivery_service,Delivery,Delivery
38,102,Movement,6,1,6,1,780,787,18:40,18:47,7,7,23.39,0,0.0,132.648,109.258,0,B3195,empty_repositioning,Position,Pickup
38,103,Pickup,1,1,1,1,787,790,18:47,18:50,3,0,0.0,2,8.534,109.258,117.792,1,B3195,pickup_service,Pickup,Pickup
38,104,Movement,1,6,1,6,790,797,18:50,18:57,7,7,23.39,0,0.0,117.792,94.402,1,B3195,passenger_flight,Position,Delivery
38,105,Delivery,6,6,6,6,797,800,18:57,19:00,3,0,0.0,2,8.534,94.402,102.936,0,B3195,delivery_service,Delivery,Delivery
39,0,Stay,10,10,10,10,0,90,05:40,07:10,90,0,0.0,90,0.0,160.0,160.0,0,B61,parking_charging,Position,Pickup
39,1,Pickup,10,10,10,10,90,93,07:10,07:13,3,0,0.0,2,0.0,160.0,160.0,1,B61,pickup_service,Pickup,Pickup
39,2,Stay,10,10,10,10,93,94,07:13,07:14,1,0,0.0,1,0.0,160.0,160.0,1,B67,parking_charging,Position,Pickup
39,3,Pickup,10,10,10,10,94,97,07:14,07:17,3,0,0.0,2,0.0,160.0,160.0,2,B67,pickup_service,Pickup,Pickup
39,4,Movement,10,9,10,9,97,116,07:17,07:36,19,19,69.89,0,0.0,160.0,90.11,2,B61,passenger_flight,Position,Delivery
39,5,Delivery,9,9,9,9,116,119,07:36,07:39,3,0,0.0,2,8.534,90.11,98.644,1,B61,delivery_service,Delivery,Delivery
39,6,Delivery,9,9,9,9,119,122,07:39,07:42,3,0,0.0,2,8.534,98.644,107.178,0,B67,delivery_service,Delivery,Delivery
39,7,Stay,9,9,9,9,122,145,07:42,08:05,23,0,0.0,23,52.822,107.178,160.0,0,B174,parking_charging,Position,Movement
39,8,Movement,9,8,9,8,145,151,08:05,08:11,6,6,18.04,0,0.0,160.0,141.96,0,B174,empty_repositioning,Position,Pickup
39,9,Pickup,8,8,8,8,151,154,08:11,08:14,3,0,0.0,2,8.534,141.96,150.494,1,B174,pickup_service,Pickup,Pickup
39,10,Movement,8,3,8,3,154,164,08:14,08:24,10,10,35.17,0,0.0,150.494,115.324,1,B174,passenger_flight,Position,Delivery
39,11,Delivery,3,3,3,3,164,167,08:24,08:27,3,0,0.0,2,8.534,115.324,123.858,0,B174,delivery_service,Delivery,Delivery
39,12,Stay,3,3,3,3,167,180,08:27,08:40,13,0,0.0,13,36.142,123.858,160.0,0,B274,parking_charging,Position,Pickup
39,13,Pickup,3,3,3,3,180,183,08:40,08:43,3,0,0.0,2,0.0,160.0,160.0,1,B274,pickup_service,Pickup,Pickup
39,14,Movement,3,4,3,4,183,190,08:43,08:50,7,7,12.6,0,0.0,160.0,147.4,1,B274,passenger_flight,Position,Delivery
39,15,Delivery,4,4,4,4,190,193,08:50,08:53,3,0,0.0,2,8.534,147.4,155.934,0,B274,delivery_service,Delivery,Delivery
39,16,Stay,4,4,4,4,193,200,08:53,09:00,7,0,0.0,7,4.066,155.934,160.0,0,B370,parking_charging,Position,Movement
39,17,Movement,4,5,4,5,200,206,09:00,09:06,6,6,11.45,0,0.0,160.0,148.55,0,B370,empty_repositioning,Position,Pickup
39,18,Pickup,5,5,5,5,206,209,09:06,09:09,3,0,0.0,2,8.534,148.55,157.084,1,B370,pickup_service,Pickup,Pickup
39,19,Movement,5,7,5,7,209,219,09:09,09:19,10,10,32.24,0,0.0,157.084,124.844,1,B370,passenger_flight,Position,Delivery
39,20,Delivery,7,7,7,7,219,222,09:19,09:22,3,0,0.0,2,8.534,124.844,133.378,0,B370,delivery_service,Delivery,Delivery
39,21,Movement,7,9,7,9,222,234,09:22,09:34,12,12,40.12,0,0.0,133.378,93.258,0,B427,empty_repositioning,Position,Pickup
39,22,Pickup,9,9,9,9,234,237,09:34,09:37,3,0,0.0,2,8.534,93.258,101.792,1,B427,pickup_service,Pickup,Pickup
39,23,Movement,9,6,9,6,237,257,09:37,09:57,20,20,74.79,0,0.0,101.792,27.002,1,B427,passenger_flight,Position,Delivery
39,24,Delivery,6,6,6,6,257,260,09:57,10:00,3,0,0.0,2,8.534,27.002,35.536,0,B427,delivery_service,Delivery,Delivery
39,25,Pickup,6,6,6,6,260,263,10:00,10:03,3,0,0.0,2,8.534,35.536,44.07,1,B490,pickup_service,Pickup,Pickup
39,26,Movement,6,1,6,1,263,270,10:03,10:10,7,7,23.39,0,0.0,44.07,20.68,1,B490,passenger_flight,Position,Delivery
39,27,Delivery,1,1,1,1,270,273,10:10,10:13,3,0,0.0,2,8.534,20.68,29.214,0,B490,delivery_service,Delivery,Delivery
39,28,Stay,1,1,1,1,273,288,10:13,10:28,15,0,0.0,15,64.005,29.214,93.219,0,B698,parking_charging,Position,Movement
39,29,Movement,1,7,1,7,288,295,10:28,10:35,7,7,21.03,0,0.0,93.219,72.189,0,B698,empty_repositioning,Position,Pickup
39,30,Pickup,7,7,7,7,295,298,10:35,10:38,3,0,0.0,2,8.534,72.189,80.723,1,B698,pickup_service,Pickup,Pickup
39,31,Movement,7,4,7,4,298,305,10:38,10:45,7,7,21.43,0,0.0,80.723,59.293,1,B698,passenger_flight,Position,Delivery
39,32,Delivery,4,4,4,4,305,308,10:45,10:48,3,0,0.0,2,8.534,59.293,67.827,0,B698,delivery_service,Delivery,Delivery
39,33,Pickup,4,4,4,4,308,311,10:48,10:51,3,0,0.0,2,8.534,67.827,76.361,1,B758,pickup_service,Pickup,Pickup
39,34,Movement,4,2,4,2,311,317,10:51,10:57,6,6,16.13,0,0.0,76.361,60.231,1,B758,passenger_flight,Position,Delivery
39,35,Delivery,2,2,2,2,317,320,10:57,11:00,3,0,0.0,2,8.534,60.231,68.765,0,B758,delivery_service,Delivery,Delivery
39,36,Movement,2,3,2,3,320,323,11:00,11:03,3,3,4.08,0,0.0,68.765,64.685,0,B826,empty_repositioning,Position,Pickup
39,37,Pickup,3,3,3,3,323,326,11:03,11:06,3,0,0.0,2,8.534,64.685,73.219,1,B826,pickup_service,Pickup,Pickup
39,38,Movement,3,5,3,5,326,334,11:06,11:14,8,8,23.93,0,0.0,73.219,49.289,1,B826,passenger_flight,Position,Delivery
39,39,Delivery,5,5,5,5,334,337,11:14,11:17,3,0,0.0,2,8.534,49.289,57.823,0,B826,delivery_service,Delivery,Delivery
39,40,Pickup,5,5,5,5,337,340,11:17,11:20,3,0,0.0,2,8.534,57.823,66.357,1,B912,pickup_service,Pickup,Pickup
39,41,Stay,5,5,5,5,340,344,11:20,11:24,4,0,0.0,4,17.068,66.357,83.425,1,B912,parking_charging,Position,Movement
39,42,Movement,5,3,5,3,344,352,11:24,11:32,8,8,23.93,0,0.0,83.425,59.495,1,B912,passenger_flight,Position,Delivery
39,43,Delivery,3,3,3,3,352,355,11:32,11:35,3,0,0.0,2,8.534,59.495,68.029,0,B912,delivery_service,Delivery,Delivery
39,44,Stay,3,3,3,3,355,357,11:35,11:37,2,0,0.0,2,8.534,68.029,76.563,0,B998,parking_charging,Position,Pickup
39,45,Pickup,3,3,3,3,357,360,11:37,11:40,3,0,0.0,2,8.534,76.563,85.097,1,B998,pickup_service,Pickup,Pickup
39,46,Movement,3,6,3,6,360,370,11:40,11:50,10,10,32.98,0,0.0,85.097,52.117,1,B998,passenger_flight,Position,Delivery
39,47,Delivery,6,6,6,6,370,373,11:50,11:53,3,0,0.0,2,8.534,52.117,60.651,0,B998,delivery_service,Delivery,Delivery
39,48,Pickup,6,6,6,6,373,376,11:53,11:56,3,0,0.0,2,8.534,60.651,69.185,1,B1039,pickup_service,Pickup,Pickup
39,49,Movement,6,1,6,1,376,383,11:56,12:03,7,7,23.39,0,0.0,69.185,45.795,1,B1039,passenger_flight,Position,Delivery
39,50,Delivery,1,1,1,1,383,386,12:03,12:06,3,0,0.0,2,8.534,45.795,54.329,0,B1039,delivery_service,Delivery,Delivery
39,51,Stay,1,1,1,1,386,387,12:06,12:07,1,0,0.0,1,4.267,54.329,58.596,0,B1081,parking_charging,Position,Pickup
39,52,Pickup,1,1,1,1,387,390,12:07,12:10,3,0,0.0,2,8.534,58.596,67.13,1,B1081,pickup_service,Pickup,Pickup
39,53,Stay,1,1,1,1,390,398,12:10,12:18,8,0,0.0,8,34.136,67.13,101.266,1,B1081,parking_charging,Position,Movement
39,54,Movement,1,9,1,9,398,414,12:18,12:34,16,16,57.72,0,0.0,101.266,43.546,1,B1081,passenger_flight,Position,Delivery
39,55,Delivery,9,9,9,9,414,417,12:34,12:37,3,0,0.0,2,8.534,43.546,52.08,0,B1081,delivery_service,Delivery,Delivery
39,56,Stay,9,9,9,9,417,422,12:37,12:42,5,0,0.0,5,21.335,52.08,73.415,0,B1174,parking_charging,Position,Pickup
39,57,Pickup,9,9,9,9,422,425,12:42,12:45,3,0,0.0,2,8.534,73.415,81.949,1,B1174,pickup_service,Pickup,Pickup
39,58,Movement,9,3,9,3,425,440,12:45,13:00,15,15,52.78,0,0.0,81.949,29.169,1,B1174,passenger_flight,Position,Delivery
39,59,Delivery,3,3,3,3,440,443,13:00,13:03,3,0,0.0,2,8.534,29.169,37.703,0,B1174,delivery_service,Delivery,Delivery
39,60,Stay,3,3,3,3,443,449,13:03,13:09,6,0,0.0,6,25.602,37.703,63.305,0,B1236,parking_charging,Position,Movement
39,61,Movement,3,2,3,2,449,452,13:09,13:12,3,3,4.08,0,0.0,63.305,59.225,0,B1236,empty_repositioning,Position,Pickup
39,62,Pickup,2,2,2,2,452,455,13:12,13:15,3,0,0.0,2,8.534,59.225,67.759,1,B1236,pickup_service,Pickup,Pickup
39,63,Movement,2,6,2,6,455,466,13:15,13:26,11,11,37.0,0,0.0,67.759,30.759,1,B1236,passenger_flight,Position,Delivery
39,64,Delivery,6,6,6,6,466,469,13:26,13:29,3,0,0.0,2,8.534,30.759,39.293,0,B1236,delivery_service,Delivery,Delivery
39,65,Stay,6,6,6,6,469,499,13:29,13:59,30,0,0.0,30,120.707,39.293,160.0,0,B1338,parking_charging,Position,Pickup
39,66,Pickup,6,6,6,6,499,502,13:59,14:02,3,0,0.0,2,0.0,160.0,160.0,1,B1338,pickup_service,Pickup,Pickup
39,67,Movement,6,3,6,3,502,512,14:02,14:12,10,10,32.98,0,0.0,160.0,127.02,1,B1338,passenger_flight,Position,Delivery
39,68,Delivery,3,3,3,3,512,515,14:12,14:15,3,0,0.0,2,8.534,127.02,135.554,0,B1338,delivery_service,Delivery,Delivery
39,69,Pickup,3,3,3,3,515,518,14:15,14:18,3,0,0.0,2,8.534,135.554,144.088,1,B1379,pickup_service,Pickup,Pickup
39,70,Movement,3,4,3,4,518,525,14:18,14:25,7,7,12.6,0,0.0,144.088,131.488,1,B1379,passenger_flight,Position,Delivery
39,71,Delivery,4,4,4,4,525,528,14:25,14:28,3,0,0.0,2,8.534,131.488,140.022,0,B1379,delivery_service,Delivery,Delivery
39,72,Stay,4,4,4,4,528,529,14:28,14:29,1,0,0.0,1,4.267,140.022,144.289,0,B1461,parking_charging,Position,Pickup
39,73,Pickup,4,4,4,4,529,532,14:29,14:32,3,0,0.0,2,8.534,144.289,152.823,1,B1461,pickup_service,Pickup,Pickup
39,74,Movement,4,7,4,7,532,539,14:32,14:39,7,7,21.43,0,0.0,152.823,131.393,1,B1461,passenger_flight,Position,Delivery
39,75,Delivery,7,7,7,7,539,542,14:39,14:42,3,0,0.0,2,8.534,131.393,139.927,0,B1461,delivery_service,Delivery,Delivery
39,76,Movement,7,3,7,3,542,549,14:42,14:49,7,7,13.33,0,0.0,139.927,126.597,0,B1541,empty_repositioning,Position,Pickup
39,77,Pickup,3,3,3,3,549,552,14:49,14:52,3,0,0.0,2,8.534,126.597,135.131,1,B1541,pickup_service,Pickup,Pickup
39,78,Movement,3,1,3,1,552,558,14:52,14:58,6,6,9.61,0,0.0,135.131,125.521,1,B1541,passenger_flight,Position,Delivery
39,79,Delivery,1,1,1,1,558,561,14:58,15:01,3,0,0.0,2,8.534,125.521,134.055,0,B1541,delivery_service,Delivery,Delivery
39,80,Stay,1,1,1,1,561,572,15:01,15:12,11,0,0.0,11,25.945,134.055,160.0,0,B1641,parking_charging,Position,Pickup
39,81,Pickup,1,1,1,1,572,575,15:12,15:15,3,0,0.0,2,0.0,160.0,160.0,1,B1641,pickup_service,Pickup,Pickup
39,82,Movement,1,3,1,3,575,581,15:15,15:21,6,6,9.61,0,0.0,160.0,150.39,1,B1641,passenger_flight,Position,Delivery
39,83,Delivery,3,3,3,3,581,584,15:21,15:24,3,0,0.0,2,8.534,150.39,158.924,0,B1641,delivery_service,Delivery,Delivery
39,84,Stay,3,3,3,3,584,589,15:24,15:29,5,0,0.0,5,1.076,158.924,160.0,0,B1699,parking_charging,Position,Pickup
39,85,Pickup,3,3,3,3,589,592,15:29,15:32,3,0,0.0,2,0.0,160.0,160.0,1,B1699,pickup_service,Pickup,Pickup
39,86,Movement,3,1,3,1,592,598,15:32,15:38,6,6,9.61,0,0.0,160.0,150.39,1,B1699,passenger_flight,Position,Delivery
39,87,Delivery,1,1,1,1,598,601,15:38,15:41,3,0,0.0,2,8.534,150.39,158.924,0,B1699,delivery_service,Delivery,Delivery
39,88,Stay,1,1,1,1,601,607,15:41,15:47,6,0,0.0,6,1.076,158.924,160.0,0,B1784,parking_charging,Position,Pickup
39,89,Pickup,1,1,1,1,607,610,15:47,15:50,3,0,0.0,2,0.0,160.0,160.0,1,B1784,pickup_service,Pickup,Pickup
39,90,Movement,1,2,1,2,610,617,15:50,15:57,7,7,13.61,0,0.0,160.0,146.39,1,B1784,passenger_flight,Position,Delivery
39,91,Delivery,2,2,2,2,617,620,15:57,16:00,3,0,0.0,2,8.534,146.39,154.924,0,B1784,delivery_service,Delivery,Delivery
39,92,Stay,2,2,2,2,620,637,16:00,16:17,17,0,0.0,17,5.076,154.924,160.0,0,B1961,parking_charging,Position,Pickup
39,93,Pickup,2,2,2,2,637,640,16:17,16:20,3,0,0.0,2,0.0,160.0,160.0,1,B1961,pickup_service,Pickup,Pickup
39,94,Stay,2,2,2,2,640,644,16:20,16:24,4,0,0.0,4,0.0,160.0,160.0,1,B1961,parking_charging,Position,Movement
39,95,Movement,2,5,2,5,644,652,16:24,16:32,8,8,27.57,0,0.0,160.0,132.43,1,B1961,passenger_flight,Position,Delivery
39,96,Delivery,5,5,5,5,652,655,16:32,16:35,3,0,0.0,2,8.534,132.43,140.964,0,B1961,delivery_service,Delivery,Delivery
39,97,Stay,5,5,5,5,655,664,16:35,16:44,9,0,0.0,9,19.036,140.964,160.0,0,B2193,parking_charging,Position,Movement
39,98,Movement,5,4,5,4,664,670,16:44,16:50,6,6,11.45,0,0.0,160.0,148.55,0,B2193,empty_repositioning,Position,Pickup
39,99,Pickup,4,4,4,4,670,673,16:50,16:53,3,0,0.0,2,8.534,148.55,157.084,1,B2193,pickup_service,Pickup,Pickup
39,100,Stay,4,4,4,4,673,676,16:53,16:56,3,0,0.0,3,2.916,157.084,160.0,1,B2193,parking_charging,Position,Movement
39,101,Movement,4,9,4,9,676,691,16:56,17:11,15,15,55.47,0,0.0,160.0,104.53,1,B2193,passenger_flight,Position,Delivery
39,102,Delivery,9,9,9,9,691,694,17:11,17:14,3,0,0.0,2,8.534,104.53,113.064,0,B2193,delivery_service,Delivery,Delivery
39,103,Stay,9,9,9,9,694,727,17:14,17:47,33,0,0.0,33,46.936,113.064,160.0,0,B2786,parking_charging,Position,Pickup
39,104,Pickup,9,9,9,9,727,730,17:47,17:50,3,0,0.0,2,0.0,160.0,160.0,3,B2786,pickup_service,Pickup,Pickup
39,105,Movement,9,4,9,4,730,745,17:50,18:05,15,15,55.47,0,0.0,160.0,104.53,3,B2786,passenger_flight,Position,Delivery
39,106,Delivery,4,4,4,4,745,748,18:05,18:08,3,0,0.0,2,8.534,104.53,113.064,0,B2786,delivery_service,Delivery,Delivery
39,107,Stay,4,4,4,4,748,758,18:08,18:18,10,0,0.0,10,42.67,113.064,155.734,0,B3033,parking_charging,Position,Pickup
39,108,Pickup,4,4,4,4,758,761,18:18,18:21,3,0,0.0,2,4.266,155.734,160.0,1,B3033,pickup_service,Pickup,Pickup
39,109,Stay,4,4,4,4,761,765,18:21,18:25,4,0,0.0,4,0.0,160.0,160.0,1,B3033,parking_charging,Position,Movement
39,110,Movement,4,3,4,3,765,772,18:25,18:32,7,7,12.6,0,0.0,160.0,147.4,1,B3033,passenger_flight,Position,Delivery
39,111,Delivery,3,3,3,3,772,775,18:32,18:35,3,0,0.0,2,8.534,147.4,155.934,0,B3033,delivery_service,Delivery,Delivery
39,112,Stay,3,3,3,3,775,780,18:35,18:40,5,0,0.0,5,4.066,155.934,160.0,0,B3167,parking_charging,Position,Movement
39,113,Movement,3,2,3,2,780,783,18:40,18:43,3,3,4.08,0,0.0,160.0,155.92,0,B3167,empty_repositioning,Position,Pickup
39,114,Pickup,2,2,2,2,783,786,18:43,18:46,3,0,0.0,2,4.08,155.92,160.0,1,B3167,pickup_service,Pickup,Pickup
39,115,Movement,2,1,2,1,786,793,18:46,18:53,7,7,13.61,0,0.0,160.0,146.39,1,B3167,passenger_flight,Position,Delivery
39,116,Delivery,1,1,1,1,793,796,18:53,18:56,3,0,0.0,2,8.534,146.39,154.924,0,B3167,delivery_service,Delivery,Delivery
39,117,Stay,1,1,1,1,796,797,18:56,18:57,1,0,0.0,1,4.267,154.924,159.191,0,B3271,parking_charging,Position,Pickup
39,118,Pickup,1,1,1,1,797,800,18:57,19:00,3,0,0.0,2,0.809,159.191,160.0,1,B3271,pickup_service,Pickup,Pickup
39,119,Stay,1,1,1,1,800,803,19:00,19:03,3,0,0.0,3,0.0,160.0,160.0,1,B3271,parking_charging,Position,Movement
39,120,Movement,1,3,1,3,803,809,19:03,19:09,6,6,9.61,0,0.0,160.0,150.39,1,B3271,passenger_flight,Position,Delivery
39,121,Delivery,3,3,3,3,809,812,19:09,19:12,3,0,0.0,2,8.534,150.39,158.924,0,B3271,delivery_service,Delivery,Delivery
40,0,Stay,1,1,1,1,0,62,05:40,06:42,62,0,0.0,62,0.0,160.0,160.0,0,B33,parking_charging,Position,Pickup
40,1,Pickup,1,1,1,1,62,65,06:42,06:45,3,0,0.0,2,0.0,160.0,160.0,1,B33,pickup_service,Pickup,Pickup
40,2,Pickup,1,1,1,1,65,68,06:45,06:48,3,0,0.0,2,0.0,160.0,160.0,2,B39,pickup_service,Pickup,Pickup
40,3,Movement,1,10,1,10,68,81,06:48,07:01,13,13,47.44,0,0.0,160.0,112.56,2,B33,passenger_flight,Position,Delivery
40,4,Delivery,10,10,10,10,81,84,07:01,07:04,3,0,0.0,2,8.534,112.56,121.094,1,B33,delivery_service,Delivery,Delivery
40,5,Delivery,10,10,10,10,84,87,07:04,07:07,3,0,0.0,2,8.534,121.094,129.628,0,B39,delivery_service,Delivery,Delivery
40,6,Stay,10,10,10,10,87,126,07:07,07:46,39,0,0.0,39,30.372,129.628,160.0,0,B107,parking_charging,Position,Pickup
40,7,Pickup,10,10,10,10,126,129,07:46,07:49,3,0,0.0,2,0.0,160.0,160.0,1,B107,pickup_service,Pickup,Pickup
40,8,Stay,10,10,10,10,129,134,07:49,07:54,5,0,0.0,5,0.0,160.0,160.0,1,B107,parking_charging,Position,Movement
40,9,Movement,10,3,10,3,134,149,07:54,08:09,15,15,54.92,0,0.0,160.0,105.08,1,B107,passenger_flight,Position,Delivery
40,10,Delivery,3,3,3,3,149,152,08:09,08:12,3,0,0.0,2,8.534,105.08,113.614,0,B107,delivery_service,Delivery,Delivery
40,11,Stay,3,3,3,3,152,158,08:12,08:18,6,0,0.0,6,25.602,113.614,139.216,0,B201,parking_charging,Position,Pickup
40,12,Pickup,3,3,3,3,158,161,08:18,08:21,3,0,0.0,2,8.534,139.216,147.75,1,B201,pickup_service,Pickup,Pickup
40,13,Stay,3,3,3,3,161,164,08:21,08:24,3,0,0.0,3,12.25,147.75,160.0,1,B201,parking_charging,Position,Movement
40,14,Movement,3,1,3,1,164,170,08:24,08:30,6,6,9.61,0,0.0,160.0,150.39,1,B201,passenger_flight,Position,Delivery
40,15,Delivery,1,1,1,1,170,173,08:30,08:33,3,0,0.0,2,8.534,150.39,158.924,0,B201,delivery_service,Delivery,Delivery
40,16,Stay,1,1,1,1,173,180,08:33,08:40,7,0,0.0,7,1.076,158.924,160.0,0,B299,parking_charging,Position,Movement
40,17,Movement,1,3,1,3,180,186,08:40,08:46,6,6,9.61,0,0.0,160.0,150.39,0,B299,empty_repositioning,Position,Pickup
40,18,Pickup,3,3,3,3,186,189,08:46,08:49,3,0,0.0,2,8.534,150.39,158.924,1,B299,pickup_service,Pickup,Pickup
40,19,Movement,3,8,3,8,189,199,08:49,08:59,10,10,35.17,0,0.0,158.924,123.754,1,B299,passenger_flight,Position,Delivery
40,20,Delivery,8,8,8,8,199,202,08:59,09:02,3,0,0.0,2,8.534,123.754,132.288,0,B299,delivery_service,Delivery,Delivery
40,21,Stay,8,8,8,8,202,203,09:02,09:03,1,0,0.0,1,4.267,132.288,136.555,0,B362,parking_charging,Position,Pickup
40,22,Pickup,8,8,8,8,203,206,09:03,09:06,3,0,0.0,2,8.534,136.555,145.089,1,B362,pickup_service,Pickup,Pickup
40,23,Stay,8,8,8,8,206,208,09:06,09:08,2,0,0.0,2,8.534,145.089,153.623,1,B373,parking_charging,Position,Pickup
40,24,Pickup,8,8,8,8,208,211,09:08,09:11,3,0,0.0,2,6.377,153.623,160.0,2,B373,pickup_service,Pickup,Pickup
40,25,Movement,8,2,8,2,211,221,09:11,09:21,10,10,32.38,0,0.0,160.0,127.62,2,B362,passenger_flight,Position,Delivery
40,26,Delivery,2,2,2,2,221,224,09:21,09:24,3,0,0.0,2,8.534,127.62,136.154,1,B362,delivery_service,Delivery,Delivery
40,27,Delivery,2,2,2,2,224,227,09:24,09:27,3,0,0.0,2,8.534,136.154,144.688,0,B373,delivery_service,Delivery,Delivery
40,28,Pickup,2,2,2,2,227,230,09:27,09:30,3,0,0.0,2,8.534,144.688,153.222,1,B416,pickup_service,Pickup,Pickup
40,29,Movement,2,4,2,4,230,236,09:30,09:36,6,6,16.13,0,0.0,153.222,137.092,1,B416,passenger_flight,Position,Delivery
40,30,Delivery,4,4,4,4,236,239,09:36,09:39,3,0,0.0,2,8.534,137.092,145.626,0,B416,delivery_service,Delivery,Delivery
40,31,Stay,4,4,4,4,239,240,09:39,09:40,1,0,0.0,1,4.267,145.626,149.893,0,B459,parking_charging,Position,Movement
40,32,Movement,4,5,4,5,240,246,09:40,09:46,6,6,11.45,0,0.0,149.893,138.443,0,B459,empty_repositioning,Position,Pickup
40,33,Pickup,5,5,5,5,246,249,09:46,09:49,3,0,0.0,2,8.534,138.443,146.977,1,B459,pickup_service,Pickup,Pickup
40,34,Movement,5,7,5,7,249,259,09:49,09:59,10,10,32.24,0,0.0,146.977,114.737,1,B459,passenger_flight,Position,Delivery
40,35,Delivery,7,7,7,7,259,262,09:59,10:02,3,0,0.0,2,8.534,114.737,123.271,0,B459,delivery_service,Delivery,Delivery
40,36,Stay,7,7,7,7,262,269,10:02,10:09,7,0,0.0,7,29.869,123.271,153.14,0,B547,parking_charging,Position,Pickup
40,37,Pickup,7,7,7,7,269,272,10:09,10:12,3,0,0.0,2,6.86,153.14,160.0,1,B547,pickup_service,Pickup,Pickup
40,38,Pickup,7,7,7,7,272,275,10:12,10:15,3,0,0.0,2,0.0,160.0,160.0,2,B567,pickup_service,Pickup,Pickup
40,39,Movement,7,4,7,4,275,282,10:15,10:22,7,7,21.43,0,0.0,160.0,138.57,2,B547,passenger_flight,Position,Delivery
40,40,Delivery,4,4,4,4,282,285,10:22,10:25,3,0,0.0,2,8.534,138.57,147.104,1,B547,delivery_service,Delivery,Delivery
40,41,Delivery,4,4,4,4,285,288,10:25,10:28,3,0,0.0,2,8.534,147.104,155.638,0,B567,delivery_service,Delivery,Delivery
40,42,Pickup,4,4,4,4,288,291,10:28,10:31,3,0,0.0,2,4.362,155.638,160.0,1,B656,pickup_service,Pickup,Pickup
40,43,Movement,4,3,4,3,291,298,10:31,10:38,7,7,12.6,0,0.0,160.0,147.4,1,B656,passenger_flight,Position,Delivery
40,44,Delivery,3,3,3,3,298,301,10:38,10:41,3,0,0.0,2,8.534,147.4,155.934,0,B656,delivery_service,Delivery,Delivery
40,45,Stay,3,3,3,3,301,304,10:41,10:44,3,0,0.0,3,4.066,155.934,160.0,0,B743,parking_charging,Position,Pickup
40,46,Pickup,3,3,3,3,304,307,10:44,10:47,3,0,0.0,2,0.0,160.0,160.0,1,B743,pickup_service,Pickup,Pickup
40,47,Movement,3,4,3,4,307,314,10:47,10:54,7,7,12.6,0,0.0,160.0,147.4,1,B743,passenger_flight,Position,Delivery
40,48,Delivery,4,4,4,4,314,317,10:54,10:57,3,0,0.0,2,8.534,147.4,155.934,0,B743,delivery_service,Delivery,Delivery
40,49,Stay,4,4,4,4,317,330,10:57,11:10,13,0,0.0,13,4.066,155.934,160.0,0,B881,parking_charging,Position,Pickup
40,50,Pickup,4,4,4,4,330,333,11:10,11:13,3,0,0.0,2,0.0,160.0,160.0,1,B881,pickup_service,Pickup,Pickup
40,51,Movement,4,3,4,3,333,340,11:13,11:20,7,7,12.6,0,0.0,160.0,147.4,1,B881,passenger_flight,Position,Delivery
40,52,Delivery,3,3,3,3,340,343,11:20,11:23,3,0,0.0,2,8.534,147.4,155.934,0,B881,delivery_service,Delivery,Delivery
40,53,Pickup,3,3,3,3,343,346,11:23,11:26,3,0,0.0,2,4.066,155.934,160.0,1,B904,pickup_service,Pickup,Pickup
40,54,Movement,3,10,3,10,346,361,11:26,11:41,15,15,54.92,0,0.0,160.0,105.08,1,B904,passenger_flight,Position,Delivery
40,55,Delivery,10,10,10,10,361,364,11:41,11:44,3,0,0.0,2,8.534,105.08,113.614,0,B904,delivery_service,Delivery,Delivery
40,56,Stay,10,10,10,10,364,374,11:44,11:54,10,0,0.0,10,42.67,113.614,156.284,0,B1050,parking_charging,Position,Pickup
40,57,Pickup,10,10,10,10,374,377,11:54,11:57,3,0,0.0,2,3.716,156.284,160.0,1,B1050,pickup_service,Pickup,Pickup
40,58,Pickup,10,10,10,10,377,380,11:57,12:00,3,0,0.0,2,0.0,160.0,160.0,2,B1047,pickup_service,Pickup,Pickup
40,59,Movement,10,3,10,3,380,395,12:00,12:15,15,15,54.92,0,0.0,160.0,105.08,2,B1050,passenger_flight,Position,Delivery
40,60,Delivery,3,3,3,3,395,398,12:15,12:18,3,0,0.0,2,8.534,105.08,113.614,1,B1050,delivery_service,Delivery,Delivery
40,61,Delivery,3,3,3,3,398,401,12:18,12:21,3,0,0.0,2,8.534,113.614,122.148,0,B1047,delivery_service,Delivery,Delivery
40,62,Stay,3,3,3,3,401,406,12:21,12:26,5,0,0.0,5,21.335,122.148,143.483,0,B1149,parking_charging,Position,Movement
40,63,Movement,3,7,3,7,406,413,12:26,12:33,7,7,13.33,0,0.0,143.483,130.153,0,B1149,empty_repositioning,Position,Pickup
40,64,Pickup,7,7,7,7,413,416,12:33,12:36,3,0,0.0,2,8.534,130.153,138.687,1,B1149,pickup_service,Pickup,Pickup
40,65,Pickup,7,7,7,7,416,419,12:36,12:39,3,0,0.0,2,8.534,138.687,147.221,2,B1158,pickup_service,Pickup,Pickup
40,66,Movement,7,4,7,4,419,426,12:39,12:46,7,7,21.43,0,0.0,147.221,125.791,2,B1149,passenger_flight,Position,Delivery
40,67,Delivery,4,4,4,4,426,429,12:46,12:49,3,0,0.0,2,8.534,125.791,134.325,1,B1149,delivery_service,Delivery,Delivery
40,68,Delivery,4,4,4,4,429,432,12:49,12:52,3,0,0.0,2,8.534,134.325,142.859,0,B1158,delivery_service,Delivery,Delivery
40,69,Pickup,4,4,4,4,432,435,12:52,12:55,3,0,0.0,2,8.534,142.859,151.393,1,B1197,pickup_service,Pickup,Pickup
40,70,Movement,4,9,4,9,435,450,12:55,13:10,15,15,55.47,0,0.0,151.393,95.923,1,B1197,passenger_flight,Position,Delivery
40,71,Delivery,9,9,9,9,450,453,13:10,13:13,3,0,0.0,2,8.534,95.923,104.457,0,B1197,delivery_service,Delivery,Delivery
40,72,Pickup,9,9,9,9,453,456,13:13,13:16,3,0,0.0,2,8.534,104.457,112.991,1,B1235,pickup_service,Pickup,Pickup
40,73,Movement,9,3,9,3,456,471,13:16,13:31,15,15,52.78,0,0.0,112.991,60.211,1,B1235,passenger_flight,Position,Delivery
40,74,Delivery,3,3,3,3,471,474,13:31,13:34,3,0,0.0,2,8.534,60.211,68.745,0,B1235,delivery_service,Delivery,Delivery
40,75,Stay,3,3,3,3,474,480,13:34,13:40,6,0,0.0,6,25.602,68.745,94.347,0,B1298,parking_charging,Position,Movement
40,76,Movement,3,1,3,1,480,486,13:40,13:46,6,6,9.61,0,0.0,94.347,84.737,0,B1298,empty_repositioning,Position,Pickup
40,77,Pickup,1,1,1,1,486,489,13:46,13:49,3,0,0.0,2,8.534,84.737,93.271,1,B1298,pickup_service,Pickup,Pickup
40,78,Pickup,1,1,1,1,489,492,13:49,13:52,3,0,0.0,2,8.534,93.271,101.805,2,B1308,pickup_service,Pickup,Pickup
40,79,Movement,1,2,1,2,492,499,13:52,13:59,7,7,13.61,0,0.0,101.805,88.195,2,B1298,passenger_flight,Position,Delivery
40,80,Delivery,2,2,2,2,499,502,13:59,14:02,3,0,0.0,2,8.534,88.195,96.729,1,B1298,delivery_service,Delivery,Delivery
40,81,Delivery,2,2,2,2,502,505,14:02,14:05,3,0,0.0,2,8.534,96.729,105.263,0,B1308,delivery_service,Delivery,Delivery
40,82,Movement,2,4,2,4,505,511,14:05,14:11,6,6,16.13,0,0.0,105.263,89.133,0,B1381,empty_repositioning,Position,Pickup
40,83,Pickup,4,4,4,4,511,514,14:11,14:14,3,0,0.0,2,8.534,89.133,97.667,1,B1381,pickup_service,Pickup,Pickup
40,84,Movement,4,2,4,2,514,520,14:14,14:20,6,6,16.13,0,0.0,97.667,81.537,1,B1381,passenger_flight,Position,Delivery
40,85,Delivery,2,2,2,2,520,523,14:20,14:23,3,0,0.0,2,8.534,81.537,90.071,0,B1381,delivery_service,Delivery,Delivery
40,86,Stay,2,2,2,2,523,537,14:23,14:37,14,0,0.0,14,59.738,90.071,149.809,0,B1494,parking_charging,Position,Pickup
40,87,Pickup,2,2,2,2,537,540,14:37,14:40,3,0,0.0,2,8.534,149.809,158.343,1,B1494,pickup_service,Pickup,Pickup
40,88,Stay,2,2,2,2,540,543,14:40,14:43,3,0,0.0,3,1.657,158.343,160.0,1,B1494,parking_charging,Position,Movement
40,89,Movement,2,4,2,4,543,549,14:43,14:49,6,6,16.13,0,0.0,160.0,143.87,1,B1494,passenger_flight,Position,Delivery
40,90,Delivery,4,4,4,4,549,552,14:49,14:52,3,0,0.0,2,8.534,143.87,152.404,0,B1494,delivery_service,Delivery,Delivery
40,91,Pickup,4,4,4,4,552,555,14:52,14:55,3,0,0.0,2,7.596,152.404,160.0,1,B1549,pickup_service,Pickup,Pickup
40,92,Movement,4,2,4,2,555,561,14:55,15:01,6,6,16.13,0,0.0,160.0,143.87,1,B1549,passenger_flight,Position,Delivery
40,93,Delivery,2,2,2,2,561,564,15:01,15:04,3,0,0.0,2,8.534,143.87,152.404,0,B1549,delivery_service,Delivery,Delivery
40,94,Pickup,2,2,2,2,564,567,15:04,15:07,3,0,0.0,2,7.596,152.404,160.0,1,B1588,pickup_service,Pickup,Pickup
40,95,Movement,2,5,2,5,567,575,15:07,15:15,8,8,27.57,0,0.0,160.0,132.43,1,B1588,passenger_flight,Position,Delivery
40,96,Delivery,5,5,5,5,575,578,15:15,15:18,3,0,0.0,2,8.534,132.43,140.964,0,B1588,delivery_service,Delivery,Delivery
40,97,Stay,5,5,5,5,578,580,15:18,15:20,2,0,0.0,2,8.534,140.964,149.498,0,B1690,parking_charging,Position,Movement
40,98,Movement,5,3,5,3,580,588,15:20,15:28,8,8,23.93,0,0.0,149.498,125.568,0,B1690,empty_repositioning,Position,Pickup
40,99,Pickup,3,3,3,3,588,591,15:28,15:31,3,0,0.0,2,8.534,125.568,134.102,1,B1690,pickup_service,Pickup,Pickup
40,100,Pickup,3,3,3,3,591,594,15:31,15:34,3,0,0.0,2,8.534,134.102,142.636,2,B1710,pickup_service,Pickup,Pickup
40,101,Movement,3,5,3,5,594,602,15:34,15:42,8,8,23.93,0,0.0,142.636,118.706,2,B1690,passenger_flight,Position,Delivery
40,102,Delivery,5,5,5,5,602,605,15:42,15:45,3,0,0.0,2,8.534,118.706,127.24,1,B1690,delivery_service,Delivery,Delivery
40,103,Delivery,5,5,5,5,605,608,15:45,15:48,3,0,0.0,2,8.534,127.24,135.774,0,B1710,delivery_service,Delivery,Delivery
40,104,Stay,5,5,5,5,608,621,15:48,16:01,13,0,0.0,13,24.226,135.774,160.0,0,B1902,parking_charging,Position,Movement
40,105,Movement,5,1,5,1,621,629,16:01,16:09,8,8,14.88,0,0.0,160.0,145.12,0,B1902,empty_repositioning,Position,Pickup
40,106,Pickup,1,1,1,1,629,632,16:09,16:12,3,0,0.0,2,8.534,145.12,153.654,1,B1902,pickup_service,Pickup,Pickup
40,107,Stay,1,1,1,1,632,633,16:12,16:13,1,0,0.0,1,4.267,153.654,157.921,1,B1928,parking_charging,Position,Pickup
40,108,Pickup,1,1,1,1,633,636,16:13,16:16,3,0,0.0,2,2.079,157.921,160.0,2,B1928,pickup_service,Pickup,Pickup
40,109,Movement,1,3,1,3,636,642,16:16,16:22,6,6,9.61,0,0.0,160.0,150.39,2,B1902,passenger_flight,Position,Delivery
40,110,Delivery,3,3,3,3,642,645,16:22,16:25,3,0,0.0,2,8.534,150.39,158.924,1,B1902,delivery_service,Delivery,Delivery
40,111,Delivery,3,3,3,3,645,648,16:25,16:28,3,0,0.0,2,1.076,158.924,160.0,0,B1928,delivery_service,Delivery,Delivery
40,112,Pickup,3,3,3,3,648,651,16:28,16:31,3,0,0.0,2,0.0,160.0,160.0,1,B2018,pickup_service,Pickup,Pickup
40,113,Movement,3,4,3,4,651,658,16:31,16:38,7,7,12.6,0,0.0,160.0,147.4,1,B2018,passenger_flight,Position,Delivery
40,114,Delivery,4,4,4,4,658,661,16:38,16:41,3,0,0.0,2,8.534,147.4,155.934,0,B2018,delivery_service,Delivery,Delivery
40,115,Stay,4,4,4,4,661,675,16:41,16:55,14,0,0.0,14,4.066,155.934,160.0,0,B2227,parking_charging,Position,Pickup
40,116,Pickup,4,4,4,4,675,678,16:55,16:58,3,0,0.0,2,0.0,160.0,160.0,2,B2227,pickup_service,Pickup,Pickup
40,117,Movement,4,2,4,2,678,684,16:58,17:04,6,6,16.13,0,0.0,160.0,143.87,2,B2227,passenger_flight,Position,Delivery
40,118,Delivery,2,2,2,2,684,687,17:04,17:07,3,0,0.0,2,8.534,143.87,152.404,0,B2227,delivery_service,Delivery,Delivery
40,119,Stay,2,2,2,2,687,689,17:07,17:09,2,0,0.0,2,7.596,152.404,160.0,0,B2355,parking_charging,Position,Pickup
40,120,Pickup,2,2,2,2,689,692,17:09,17:12,3,0,0.0,2,0.0,160.0,160.0,2,B2355,pickup_service,Pickup,Pickup
40,121,Movement,2,1,2,1,692,699,17:12,17:19,7,7,13.61,0,0.0,160.0,146.39,2,B2355,passenger_flight,Position,Delivery
40,122,Delivery,1,1,1,1,699,702,17:19,17:22,3,0,0.0,2,8.534,146.39,154.924,0,B2355,delivery_service,Delivery,Delivery
40,123,Movement,1,3,1,3,702,708,17:22,17:28,6,6,9.61,0,0.0,154.924,145.314,0,B2567,empty_repositioning,Position,Pickup
40,124,Pickup,3,3,3,3,708,711,17:28,17:31,3,0,0.0,2,8.534,145.314,153.848,2,B2567,pickup_service,Pickup,Pickup
40,125,Movement,3,4,3,4,711,718,17:31,17:38,7,7,12.6,0,0.0,153.848,141.248,2,B2567,passenger_flight,Position,Delivery
40,126,Delivery,4,4,4,4,718,721,17:38,17:41,3,0,0.0,2,8.534,141.248,149.782,0,B2567,delivery_service,Delivery,Delivery
40,127,Stay,4,4,4,4,721,734,17:41,17:54,13,0,0.0,13,10.218,149.782,160.0,0,B2868,parking_charging,Position,Pickup
40,128,Pickup,4,4,4,4,734,737,17:54,17:57,3,0,0.0,2,0.0,160.0,160.0,1,B2868,pickup_service,Pickup,Pickup
40,129,Stay,4,4,4,4,737,738,17:57,17:58,1,0,0.0,1,0.0,160.0,160.0,1,B2905,parking_charging,Position,Pickup
40,130,Pickup,4,4,4,4,738,741,17:58,18:01,3,0,0.0,2,0.0,160.0,160.0,3,B2905,pickup_service,Pickup,Pickup
40,131,Movement,4,7,4,7,741,748,18:01,18:08,7,7,21.43,0,0.0,160.0,138.57,3,B2868,passenger_flight,Position,Delivery
40,132,Delivery,7,7,7,7,748,751,18:08,18:11,3,0,0.0,2,8.534,138.57,147.104,2,B2868,delivery_service,Delivery,Delivery
40,133,Delivery,7,7,7,7,751,754,18:11,18:14,3,0,0.0,2,8.534,147.104,155.638,0,B2905,delivery_service,Delivery,Delivery
40,134,Stay,7,7,7,7,754,760,18:14,18:20,6,0,0.0,6,4.362,155.638,160.0,0,B3083,parking_charging,Position,Movement
40,135,Movement,7,1,7,1,760,767,18:20,18:27,7,7,21.03,0,0.0,160.0,138.97,0,B3083,empty_repositioning,Position,Pickup
40,136,Pickup,1,1,1,1,767,770,18:27,18:30,3,0,0.0,2,8.534,138.97,147.504,1,B3083,pickup_service,Pickup,Pickup
40,137,Pickup,1,1,1,1,770,773,18:30,18:33,3,0,0.0,2,8.534,147.504,156.038,3,B3110,pickup_service,Pickup,Pickup
40,138,Movement,1,3,1,3,773,779,18:33,18:39,6,6,9.61,0,0.0,156.038,146.428,3,B3083,passenger_flight,Position,Delivery
40,139,Delivery,3,3,3,3,779,782,18:39,18:42,3,0,0.0,2,8.534,146.428,154.962,2,B3083,delivery_service,Delivery,Delivery
40,140,Delivery,3,3,3,3,782,785,18:42,18:45,3,0,0.0,2,5.038,154.962,160.0,0,B3110,delivery_service,Delivery,Delivery
40,141,Pickup,3,3,3,3,785,788,18:45,18:48,3,0,0.0,2,0.0,160.0,160.0,1,B3183,pickup_service,Pickup,Pickup
40,142,Pickup,3,3,3,3,788,791,18:48,18:51,3,0,0.0,2,0.0,160.0,160.0,2,B3214,pickup_service,Pickup,Pickup
40,143,Movement,3,5,3,5,791,799,18:51,18:59,8,8,23.93,0,0.0,160.0,136.07,2,B3183,passenger_flight,Position,Delivery
40,144,Delivery,5,5,5,5,799,802,18:59,19:02,3,0,0.0,2,8.534,136.07,144.604,1,B3183,delivery_service,Delivery,Delivery
40,145,Delivery,5,5,5,5,802,805,19:02,19:05,3,0,0.0,2,8.534,144.604,153.138,0,B3214,delivery_service,Delivery,Delivery
41,0,Stay,2,2,2,2,0,134,05:40,07:54,134,0,0.0,134,0.0,160.0,160.0,0,B115,parking_charging,Position,Pickup
41,1,Pickup,2,2,2,2,134,137,07:54,07:57,3,0,0.0,2,0.0,160.0,160.0,1,B115,pickup_service,Pickup,Pickup
41,2,Movement,2,5,2,5,137,145,07:57,08:05,8,8,27.57,0,0.0,160.0,132.43,1,B115,passenger_flight,Position,Delivery
41,3,Delivery,5,5,5,5,145,148,08:05,08:08,3,0,0.0,2,8.534,132.43,140.964,0,B115,delivery_service,Delivery,Delivery
41,4,Pickup,5,5,5,5,148,151,08:08,08:11,3,0,0.0,2,8.534,140.964,149.498,3,B152,pickup_service,Pickup,Pickup
41,5,Movement,5,3,5,3,151,159,08:11,08:19,8,8,23.93,0,0.0,149.498,125.568,3,B152,passenger_flight,Position,Delivery
41,6,Delivery,3,3,3,3,159,162,08:19,08:22,3,0,0.0,2,8.534,125.568,134.102,0,B152,delivery_service,Delivery,Delivery
41,7,Pickup,3,3,3,3,162,165,08:22,08:25,3,0,0.0,2,8.534,134.102,142.636,1,B216,pickup_service,Pickup,Pickup
41,8,Movement,3,4,3,4,165,172,08:25,08:32,7,7,12.6,0,0.0,142.636,130.036,1,B216,passenger_flight,Position,Delivery
41,9,Delivery,4,4,4,4,172,175,08:32,08:35,3,0,0.0,2,8.534,130.036,138.57,0,B216,delivery_service,Delivery,Delivery
41,10,Stay,4,4,4,4,175,190,08:35,08:50,15,0,0.0,15,21.43,138.57,160.0,0,B343,parking_charging,Position,Movement
41,11,Movement,4,6,4,6,190,197,08:50,08:57,7,7,22.06,0,0.0,160.0,137.94,0,B343,empty_repositioning,Position,Pickup
41,12,Pickup,6,6,6,6,197,200,08:57,09:00,3,0,0.0,2,8.534,137.94,146.474,1,B343,pickup_service,Pickup,Pickup
41,13,Stay,6,6,6,6,200,203,09:00,09:03,3,0,0.0,3,12.801,146.474,159.275,1,B343,parking_charging,Position,Movement
41,14,Movement,6,4,6,4,203,210,09:03,09:10,7,7,22.06,0,0.0,159.275,137.215,1,B343,passenger_flight,Position,Delivery
41,15,Delivery,4,4,4,4,210,213,09:10,09:13,3,0,0.0,2,8.534,137.215,145.749,0,B343,delivery_service,Delivery,Delivery
41,16,Stay,4,4,4,4,213,223,09:13,09:23,10,0,0.0,10,14.251,145.749,160.0,0,B440,parking_charging,Position,Movement
41,17,Movement,4,10,4,10,223,235,09:23,09:35,12,12,42.86,0,0.0,160.0,117.14,0,B440,empty_repositioning,Position,Pickup
41,18,Pickup,10,10,10,10,235,238,09:35,09:38,3,0,0.0,2,8.534,117.14,125.674,1,B440,pickup_service,Pickup,Pickup
41,19,Movement,10,1,10,1,238,251,09:38,09:51,13,13,47.44,0,0.0,125.674,78.234,1,B440,passenger_flight,Position,Delivery
41,20,Delivery,1,1,1,1,251,254,09:51,09:54,3,0,0.0,2,8.534,78.234,86.768,0,B440,delivery_service,Delivery,Delivery
41,21,Stay,1,1,1,1,254,260,09:54,10:00,6,0,0.0,6,25.602,86.768,112.37,0,B505,parking_charging,Position,Movement
41,22,Movement,1,3,1,3,260,266,10:00,10:06,6,6,9.61,0,0.0,112.37,102.76,0,B505,empty_repositioning,Position,Pickup
41,23,Pickup,3,3,3,3,266,269,10:06,10:09,3,0,0.0,2,8.534,102.76,111.294,1,B505,pickup_service,Pickup,Pickup
41,24,Movement,3,5,3,5,269,277,10:09,10:17,8,8,23.93,0,0.0,111.294,87.364,1,B505,passenger_flight,Position,Delivery
41,25,Delivery,5,5,5,5,277,280,10:17,10:20,3,0,0.0,2,8.534,87.364,95.898,0,B505,delivery_service,Delivery,Delivery
41,26,Pickup,5,5,5,5,280,283,10:20,10:23,3,0,0.0,2,8.534,95.898,104.432,1,B609,pickup_service,Pickup,Pickup
41,27,Pickup,5,5,5,5,283,286,10:23,10:26,3,0,0.0,2,8.534,104.432,112.966,3,B622,pickup_service,Pickup,Pickup
41,28,Movement,5,3,5,3,286,294,10:26,10:34,8,8,23.93,0,0.0,112.966,89.036,3,B609,passenger_flight,Position,Delivery
41,29,Delivery,3,3,3,3,294,297,10:34,10:37,3,0,0.0,2,8.534,89.036,97.57,2,B609,delivery_service,Delivery,Delivery
41,30,Delivery,3,3,3,3,297,300,10:37,10:40,3,0,0.0,2,8.534,97.57,106.104,0,B622,delivery_service,Delivery,Delivery
41,31,Stay,3,3,3,3,300,304,10:40,10:44,4,0,0.0,4,17.068,106.104,123.172,0,B762,parking_charging,Position,Movement
41,32,Movement,3,2,3,2,304,307,10:44,10:47,3,3,4.08,0,0.0,123.172,119.092,0,B762,empty_repositioning,Position,Pickup
41,33,Pickup,2,2,2,2,307,310,10:47,10:50,3,0,0.0,2,8.534,119.092,127.626,1,B762,pickup_service,Pickup,Pickup
41,34,Movement,2,1,2,1,310,317,10:50,10:57,7,7,13.61,0,0.0,127.626,114.016,1,B762,passenger_flight,Position,Delivery
41,35,Delivery,1,1,1,1,317,320,10:57,11:00,3,0,0.0,2,8.534,114.016,122.55,0,B762,delivery_service,Delivery,Delivery
41,36,Movement,1,3,1,3,320,326,11:00,11:06,6,6,9.61,0,0.0,122.55,112.94,0,B834,empty_repositioning,Position,Pickup
41,37,Pickup,3,3,3,3,326,329,11:06,11:09,3,0,0.0,2,8.534,112.94,121.474,1,B834,pickup_service,Pickup,Pickup
41,38,Movement,3,5,3,5,329,337,11:09,11:17,8,8,23.93,0,0.0,121.474,97.544,1,B834,passenger_flight,Position,Delivery
41,39,Delivery,5,5,5,5,337,340,11:17,11:20,3,0,0.0,2,8.534,97.544,106.078,0,B834,delivery_service,Delivery,Delivery
41,40,Stay,5,5,5,5,340,341,11:20,11:21,1,0,0.0,1,4.267,106.078,110.345,0,B924,parking_charging,Position,Pickup
41,41,Pickup,5,5,5,5,341,344,11:21,11:24,3,0,0.0,2,8.534,110.345,118.879,1,B924,pickup_service,Pickup,Pickup
41,42,Pickup,5,5,5,5,344,347,11:24,11:27,3,0,0.0,2,8.534,118.879,127.413,2,B936,pickup_service,Pickup,Pickup
41,43,Movement,5,3,5,3,347,355,11:27,11:35,8,8,23.93,0,0.0,127.413,103.483,2,B924,passenger_flight,Position,Delivery
41,44,Delivery,3,3,3,3,355,358,11:35,11:38,3,0,0.0,2,8.534,103.483,112.017,1,B924,delivery_service,Delivery,Delivery
41,45,Delivery,3,3,3,3,358,361,11:38,11:41,3,0,0.0,2,8.534,112.017,120.551,0,B936,delivery_service,Delivery,Delivery
41,46,Movement,3,2,3,2,361,364,11:41,11:44,3,3,4.08,0,0.0,120.551,116.471,0,B1019,empty_repositioning,Position,Pickup
41,47,Pickup,2,2,2,2,364,367,11:44,11:47,3,0,0.0,2,8.534,116.471,125.005,1,B1019,pickup_service,Pickup,Pickup
41,48,Movement,2,6,2,6,367,378,11:47,11:58,11,11,37.0,0,0.0,125.005,88.005,1,B1019,passenger_flight,Position,Delivery
41,49,Delivery,6,6,6,6,378,381,11:58,12:01,3,0,0.0,2,8.534,88.005,96.539,0,B1019,delivery_service,Delivery,Delivery
41,50,Stay,6,6,6,6,381,407,12:01,12:27,26,0,0.0,26,63.461,96.539,160.0,0,B1135,parking_charging,Position,Pickup
41,51,Pickup,6,6,6,6,407,410,12:27,12:30,3,0,0.0,2,0.0,160.0,160.0,1,B1135,pickup_service,Pickup,Pickup
41,52,Movement,6,10,6,10,410,421,12:30,12:41,11,11,35.74,0,0.0,160.0,124.26,1,B1135,passenger_flight,Position,Delivery
41,53,Delivery,10,10,10,10,421,424,12:41,12:44,3,0,0.0,2,8.534,124.26,132.794,0,B1135,delivery_service,Delivery,Delivery
41,54,Stay,10,10,10,10,424,484,12:44,13:44,60,0,0.0,60,27.206,132.794,160.0,0,B1297,parking_charging,Position,Pickup
41,55,Pickup,10,10,10,10,484,487,13:44,13:47,3,0,0.0,2,0.0,160.0,160.0,1,B1297,pickup_service,Pickup,Pickup
41,56,Movement,10,4,10,4,487,499,13:47,13:59,12,12,42.86,0,0.0,160.0,117.14,1,B1297,passenger_flight,Position,Delivery
41,57,Delivery,4,4,4,4,499,502,13:59,14:02,3,0,0.0,2,8.534,117.14,125.674,0,B1297,delivery_service,Delivery,Delivery
41,58,Stay,4,4,4,4,502,503,14:02,14:03,1,0,0.0,1,4.267,125.674,129.941,0,B1346,parking_charging,Position,Pickup
41,59,Pickup,4,4,4,4,503,506,14:03,14:06,3,0,0.0,2,8.534,129.941,138.475,1,B1346,pickup_service,Pickup,Pickup
41,60,Movement,4,2,4,2,506,512,14:06,14:12,6,6,16.13,0,0.0,138.475,122.345,1,B1346,passenger_flight,Position,Delivery
41,61,Delivery,2,2,2,2,512,515,14:12,14:15,3,0,0.0,2,8.534,122.345,130.879,0,B1346,delivery_service,Delivery,Delivery
41,62,Stay,2,2,2,2,515,520,14:15,14:20,5,0,0.0,5,21.335,130.879,152.214,0,B1420,parking_charging,Position,Movement
41,63,Movement,2,3,2,3,520,523,14:20,14:23,3,3,4.08,0,0.0,152.214,148.134,0,B1420,empty_repositioning,Position,Pickup
41,64,Pickup,3,3,3,3,523,526,14:23,14:26,3,0,0.0,2,8.534,148.134,156.668,1,B1420,pickup_service,Pickup,Pickup
41,65,Movement,3,4,3,4,526,533,14:26,14:33,7,7,12.6,0,0.0,156.668,144.068,1,B1420,passenger_flight,Position,Delivery
41,66,Delivery,4,4,4,4,533,536,14:33,14:36,3,0,0.0,2,8.534,144.068,152.602,0,B1420,delivery_service,Delivery,Delivery
41,67,Stay,4,4,4,4,536,542,14:36,14:42,6,0,0.0,6,7.398,152.602,160.0,0,B1520,parking_charging,Position,Pickup
41,68,Pickup,4,4,4,4,542,545,14:42,14:45,3,0,0.0,2,0.0,160.0,160.0,1,B1520,pickup_service,Pickup,Pickup
41,69,Movement,4,7,4,7,545,552,14:45,14:52,7,7,21.43,0,0.0,160.0,138.57,1,B1520,passenger_flight,Position,Delivery
41,70,Delivery,7,7,7,7,552,555,14:52,14:55,3,0,0.0,2,8.534,138.57,147.104,0,B1520,delivery_service,Delivery,Delivery
41,71,Stay,7,7,7,7,555,561,14:55,15:01,6,0,0.0,6,12.896,147.104,160.0,0,B1624,parking_charging,Position,Movement
41,72,Movement,7,4,7,4,561,568,15:01,15:08,7,7,21.43,0,0.0,160.0,138.57,0,B1624,empty_repositioning,Position,Pickup
41,73,Pickup,4,4,4,4,568,571,15:08,15:11,3,0,0.0,2,8.534,138.57,147.104,1,B1624,pickup_service,Pickup,Pickup
41,74,Movement,4,3,4,3,571,578,15:11,15:18,7,7,12.6,0,0.0,147.104,134.504,1,B1624,passenger_flight,Position,Delivery
41,75,Delivery,3,3,3,3,578,581,15:18,15:21,3,0,0.0,2,8.534,134.504,143.038,0,B1624,delivery_service,Delivery,Delivery
41,76,Stay,3,3,3,3,581,585,15:21,15:25,4,0,0.0,4,16.962,143.038,160.0,0,B1680,parking_charging,Position,Pickup
41,77,Pickup,3,3,3,3,585,588,15:25,15:28,3,0,0.0,2,0.0,160.0,160.0,1,B1680,pickup_service,Pickup,Pickup
41,78,Pickup,3,3,3,3,588,591,15:28,15:31,3,0,0.0,2,0.0,160.0,160.0,2,B1689,pickup_service,Pickup,Pickup
41,79,Movement,3,4,3,4,591,598,15:31,15:38,7,7,12.6,0,0.0,160.0,147.4,2,B1680,passenger_flight,Position,Delivery
41,80,Delivery,4,4,4,4,598,601,15:38,15:41,3,0,0.0,2,8.534,147.4,155.934,1,B1680,delivery_service,Delivery,Delivery
41,81,Delivery,4,4,4,4,601,604,15:41,15:44,3,0,0.0,2,4.066,155.934,160.0,0,B1689,delivery_service,Delivery,Delivery
41,82,Stay,4,4,4,4,604,631,15:44,16:11,27,0,0.0,27,0.0,160.0,160.0,0,B1916,parking_charging,Position,Pickup
41,83,Pickup,4,4,4,4,631,634,16:11,16:14,3,0,0.0,2,0.0,160.0,160.0,1,B1916,pickup_service,Pickup,Pickup
41,84,Movement,4,2,4,2,634,640,16:14,16:20,6,6,16.13,0,0.0,160.0,143.87,1,B1916,passenger_flight,Position,Delivery
41,85,Delivery,2,2,2,2,640,643,16:20,16:23,3,0,0.0,2,8.534,143.87,152.404,0,B1916,delivery_service,Delivery,Delivery
41,86,Pickup,2,2,2,2,643,646,16:23,16:26,3,0,0.0,2,7.596,152.404,160.0,1,B1988,pickup_service,Pickup,Pickup
41,87,Movement,2,1,2,1,646,653,16:26,16:33,7,7,13.61,0,0.0,160.0,146.39,1,B1988,passenger_flight,Position,Delivery
41,88,Delivery,1,1,1,1,653,656,16:33,16:36,3,0,0.0,2,8.534,146.39,154.924,0,B1988,delivery_service,Delivery,Delivery
41,89,Stay,1,1,1,1,656,661,16:36,16:41,5,0,0.0,5,5.076,154.924,160.0,0,B2110,parking_charging,Position,Pickup
41,90,Pickup,1,1,1,1,661,664,16:41,16:44,3,0,0.0,2,0.0,160.0,160.0,2,B2110,pickup_service,Pickup,Pickup
41,91,Movement,1,2,1,2,664,671,16:44,16:51,7,7,13.61,0,0.0,160.0,146.39,2,B2110,passenger_flight,Position,Delivery
41,92,Delivery,2,2,2,2,671,674,16:51,16:54,3,0,0.0,2,8.534,146.39,154.924,0,B2110,delivery_service,Delivery,Delivery
41,93,Stay,2,2,2,2,674,680,16:54,17:00,6,0,0.0,6,5.076,154.924,160.0,0,B2261,parking_charging,Position,Pickup
41,94,Pickup,2,2,2,2,680,683,17:00,17:03,3,0,0.0,2,0.0,160.0,160.0,1,B2261,pickup_service,Pickup,Pickup
41,95,Stay,2,2,2,2,683,684,17:03,17:04,1,0,0.0,1,0.0,160.0,160.0,1,B2305,parking_charging,Position,Pickup
41,96,Pickup,2,2,2,2,684,687,17:04,17:07,3,0,0.0,2,0.0,160.0,160.0,3,B2305,pickup_service,Pickup,Pickup
41,97,Movement,2,4,2,4,687,693,17:07,17:13,6,6,16.13,0,0.0,160.0,143.87,3,B2261,passenger_flight,Position,Delivery
41,98,Delivery,4,4,4,4,693,696,17:13,17:16,3,0,0.0,2,8.534,143.87,152.404,2,B2261,delivery_service,Delivery,Delivery
41,99,Delivery,4,4,4,4,696,699,17:16,17:19,3,0,0.0,2,7.596,152.404,160.0,0,B2305,delivery_service,Delivery,Delivery
41,100,Stay,4,4,4,4,699,708,17:19,17:28,9,0,0.0,9,0.0,160.0,160.0,0,B2569,parking_charging,Position,Pickup
41,101,Pickup,4,4,4,4,708,711,17:28,17:31,3,0,0.0,2,0.0,160.0,160.0,2,B2569,pickup_service,Pickup,Pickup
41,102,Movement,4,3,4,3,711,718,17:31,17:38,7,7,12.6,0,0.0,160.0,147.4,2,B2569,passenger_flight,Position,Delivery
41,103,Delivery,3,3,3,3,718,721,17:38,17:41,3,0,0.0,2,8.534,147.4,155.934,0,B2569,delivery_service,Delivery,Delivery
41,104,Stay,3,3,3,3,721,725,17:41,17:45,4,0,0.0,4,4.066,155.934,160.0,0,B2755-1,parking_charging,Position,Pickup
41,105,Pickup,3,3,3,3,725,728,17:45,17:48,3,0,0.0,2,0.0,160.0,160.0,3,B2755-1,pickup_service,Pickup,Pickup
41,106,Movement,3,4,3,4,728,735,17:48,17:55,7,7,12.6,0,0.0,160.0,147.4,3,B2755-1,passenger_flight,Position,Delivery
41,107,Delivery,4,4,4,4,735,738,17:55,17:58,3,0,0.0,2,8.534,147.4,155.934,0,B2755-1,delivery_service,Delivery,Delivery
41,108,Pickup,4,4,4,4,738,741,17:58,18:01,3,0,0.0,2,4.066,155.934,160.0,1,B2887,pickup_service,Pickup,Pickup
41,109,Movement,4,2,4,2,741,747,18:01,18:07,6,6,16.13,0,0.0,160.0,143.87,1,B2887,passenger_flight,Position,Delivery
41,110,Delivery,2,2,2,2,747,750,18:07,18:10,3,0,0.0,2,8.534,143.87,152.404,0,B2887,delivery_service,Delivery,Delivery
41,111,Stay,2,2,2,2,750,760,18:10,18:20,10,0,0.0,10,7.596,152.404,160.0,0,B3050,parking_charging,Position,Pickup
41,112,Pickup,2,2,2,2,760,763,18:20,18:23,3,0,0.0,2,0.0,160.0,160.0,2,B3050,pickup_service,Pickup,Pickup
41,113,Movement,2,3,2,3,763,766,18:23,18:26,3,3,4.08,0,0.0,160.0,155.92,2,B3080,passenger_flight,Position,Pickup
41,114,Pickup,3,3,3,3,766,769,18:26,18:29,3,0,0.0,2,4.08,155.92,160.0,3,B3080,pickup_service,Pickup,Pickup
41,115,Movement,3,5,3,5,769,777,18:29,18:37,8,8,23.93,0,0.0,160.0,136.07,3,B3050,passenger_flight,Position,Delivery
41,116,Delivery,5,5,5,5,777,780,18:37,18:40,3,0,0.0,2,8.534,136.07,144.604,1,B3050,delivery_service,Delivery,Delivery
41,117,Delivery,5,5,5,5,780,783,18:40,18:43,3,0,0.0,2,8.534,144.604,153.138,0,B3080,delivery_service,Delivery,Delivery
41,118,Movement,5,4,5,4,783,789,18:43,18:49,6,6,11.45,0,0.0,153.138,141.688,0,B3204,empty_repositioning,Position,Pickup
41,119,Pickup,4,4,4,4,789,792,18:49,18:52,3,0,0.0,2,8.534,141.688,150.222,1,B3204,pickup_service,Pickup,Pickup
41,120,Movement,4,3,4,3,792,799,18:52,18:59,7,7,12.6,0,0.0,150.222,137.622,1,B3204,passenger_flight,Position,Delivery
41,121,Delivery,3,3,3,3,799,802,18:59,19:02,3,0,0.0,2,8.534,137.622,146.156,0,B3204,delivery_service,Delivery,Delivery
41,122,Movement,3,2,3,2,802,805,19:02,19:05,3,3,4.08,0,0.0,146.156,142.076,0,B3307,empty_repositioning,Position,Pickup
41,123,Pickup,2,2,2,2,805,808,19:05,19:08,3,0,0.0,2,8.534,142.076,150.61,1,B3307,pickup_service,Pickup,Pickup
41,124,Movement,2,5,2,5,808,816,19:08,19:16,8,8,27.57,0,0.0,150.61,123.04,1,B3307,passenger_flight,Position,Delivery
41,125,Delivery,5,5,5,5,816,819,19:16,19:19,3,0,0.0,2,8.534,123.04,131.574,0,B3307,delivery_service,Delivery,Delivery
42,0,Stay,3,3,3,3,0,144,05:40,08:04,144,0,0.0,144,0.0,160.0,160.0,0,B138,parking_charging,Position,Pickup
42,1,Pickup,3,3,3,3,144,147,08:04,08:07,3,0,0.0,2,0.0,160.0,160.0,1,B138,pickup_service,Pickup,Pickup
42,2,Movement,3,8,3,8,147,157,08:07,08:17,10,10,35.17,0,0.0,160.0,124.83,1,B138,passenger_flight,Position,Delivery
42,3,Delivery,8,8,8,8,157,160,08:17,08:20,3,0,0.0,2,8.534,124.83,133.364,0,B138,delivery_service,Delivery,Delivery
42,4,Stay,8,8,8,8,160,162,08:20,08:22,2,0,0.0,2,8.534,133.364,141.898,0,B223,parking_charging,Position,Pickup
42,5,Pickup,8,8,8,8,162,165,08:22,08:25,3,0,0.0,2,8.534,141.898,150.432,1,B223,pickup_service,Pickup,Pickup
42,6,Pickup,8,8,8,8,165,168,08:25,08:28,3,0,0.0,2,8.534,150.432,158.966,2,B234,pickup_service,Pickup,Pickup
42,7,Movement,8,4,8,4,168,179,08:28,08:39,11,11,39.54,0,0.0,158.966,119.426,2,B223,passenger_flight,Position,Delivery
42,8,Delivery,4,4,4,4,179,182,08:39,08:42,3,0,0.0,2,8.534,119.426,127.96,1,B223,delivery_service,Delivery,Delivery
42,9,Delivery,4,4,4,4,182,185,08:42,08:45,3,0,0.0,2,8.534,127.96,136.494,0,B234,delivery_service,Delivery,Delivery
42,10,Movement,4,6,4,6,185,192,08:45,08:52,7,7,22.06,0,0.0,136.494,114.434,0,B309,empty_repositioning,Position,Pickup
42,11,Pickup,6,6,6,6,192,195,08:52,08:55,3,0,0.0,2,8.534,114.434,122.968,1,B309,pickup_service,Pickup,Pickup
42,12,Movement,6,3,6,3,195,205,08:55,09:05,10,10,32.98,0,0.0,122.968,89.988,1,B309,passenger_flight,Position,Delivery
42,13,Delivery,3,3,3,3,205,208,09:05,09:08,3,0,0.0,2,8.534,89.988,98.522,0,B309,delivery_service,Delivery,Delivery
42,14,Pickup,3,3,3,3,208,211,09:08,09:11,3,0,0.0,2,8.534,98.522,107.056,1,B366,pickup_service,Pickup,Pickup
42,15,Movement,3,1,3,1,211,217,09:11,09:17,6,6,9.61,0,0.0,107.056,97.446,1,B366,passenger_flight,Position,Delivery
42,16,Delivery,1,1,1,1,217,220,09:17,09:20,3,0,0.0,2,8.534,97.446,105.98,0,B366,delivery_service,Delivery,Delivery
42,17,Stay,1,1,1,1,220,222,09:20,09:22,2,0,0.0,2,8.534,105.98,114.514,0,B426,parking_charging,Position,Movement
42,18,Movement,1,3,1,3,222,228,09:22,09:28,6,6,9.61,0,0.0,114.514,104.904,0,B426,empty_repositioning,Position,Pickup
42,19,Pickup,3,3,3,3,228,231,09:28,09:31,3,0,0.0,2,8.534,104.904,113.438,1,B426,pickup_service,Pickup,Pickup
42,20,Stay,3,3,3,3,231,234,09:31,09:34,3,0,0.0,3,12.801,113.438,126.239,1,B426,parking_charging,Position,Movement
42,21,Movement,3,9,3,9,234,249,09:34,09:49,15,15,52.78,0,0.0,126.239,73.459,1,B426,passenger_flight,Position,Delivery
42,22,Delivery,9,9,9,9,249,252,09:49,09:52,3,0,0.0,2,8.534,73.459,81.993,0,B426,delivery_service,Delivery,Delivery
42,23,Stay,9,9,9,9,252,265,09:52,10:05,13,0,0.0,13,55.471,81.993,137.464,0,B524,parking_charging,Position,Pickup
42,24,Pickup,9,9,9,9,265,268,10:05,10:08,3,0,0.0,2,8.534,137.464,145.998,1,B524,pickup_service,Pickup,Pickup
42,25,Pickup,9,9,9,9,268,271,10:08,10:11,3,0,0.0,2,8.534,145.998,154.532,2,B527,pickup_service,Pickup,Pickup
42,26,Movement,9,4,9,4,271,286,10:11,10:26,15,15,55.47,0,0.0,154.532,99.062,2,B524,passenger_flight,Position,Delivery
42,27,Delivery,4,4,4,4,286,289,10:26,10:29,3,0,0.0,2,8.534,99.062,107.596,1,B524,delivery_service,Delivery,Delivery
42,28,Delivery,4,4,4,4,289,292,10:29,10:32,3,0,0.0,2,8.534,107.596,116.13,0,B527,delivery_service,Delivery,Delivery
42,29,Pickup,4,4,4,4,292,295,10:32,10:35,3,0,0.0,2,8.534,116.13,124.664,1,B667,pickup_service,Pickup,Pickup
42,30,Movement,4,7,4,7,295,302,10:35,10:42,7,7,21.43,0,0.0,124.664,103.234,1,B667,passenger_flight,Position,Delivery
42,31,Delivery,7,7,7,7,302,305,10:42,10:45,3,0,0.0,2,8.534,103.234,111.768,0,B667,delivery_service,Delivery,Delivery
42,32,Stay,7,7,7,7,305,307,10:45,10:47,2,0,0.0,2,8.534,111.768,120.302,0,B769,parking_charging,Position,Pickup
42,33,Pickup,7,7,7,7,307,310,10:47,10:50,3,0,0.0,2,8.534,120.302,128.836,1,B769,pickup_service,Pickup,Pickup
42,34,Movement,7,4,7,4,310,317,10:50,10:57,7,7,21.43,0,0.0,128.836,107.406,1,B769,passenger_flight,Position,Delivery
42,35,Delivery,4,4,4,4,317,320,10:57,11:00,3,0,0.0,2,8.534,107.406,115.94,0,B769,delivery_service,Delivery,Delivery
42,36,Stay,4,4,4,4,320,327,11:00,11:07,7,0,0.0,7,29.869,115.94,145.809,0,B870,parking_charging,Position,Pickup
42,37,Pickup,4,4,4,4,327,330,11:07,11:10,3,0,0.0,2,8.534,145.809,154.343,1,B870,pickup_service,Pickup,Pickup
42,38,Movement,4,7,4,7,330,337,11:10,11:17,7,7,21.43,0,0.0,154.343,132.913,1,B870,passenger_flight,Position,Delivery
42,39,Delivery,7,7,7,7,337,340,11:17,11:20,3,0,0.0,2,8.534,132.913,141.447,0,B870,delivery_service,Delivery,Delivery
42,40,Pickup,7,7,7,7,340,343,11:20,11:23,3,0,0.0,2,8.534,141.447,149.981,1,B922,pickup_service,Pickup,Pickup
42,41,Movement,7,4,7,4,343,350,11:23,11:30,7,7,21.43,0,0.0,149.981,128.551,1,B922,passenger_flight,Position,Delivery
42,42,Delivery,4,4,4,4,350,353,11:30,11:33,3,0,0.0,2,8.534,128.551,137.085,0,B922,delivery_service,Delivery,Delivery
42,43,Stay,4,4,4,4,353,368,11:33,11:48,15,0,0.0,15,22.915,137.085,160.0,0,B1031,parking_charging,Position,Pickup
42,44,Pickup,4,4,4,4,368,371,11:48,11:51,3,0,0.0,2,0.0,160.0,160.0,1,B1031,pickup_service,Pickup,Pickup
42,45,Pickup,4,4,4,4,371,374,11:51,11:54,3,0,0.0,2,0.0,160.0,160.0,2,B1038,pickup_service,Pickup,Pickup
42,46,Movement,4,3,4,3,374,381,11:54,12:01,7,7,12.6,0,0.0,160.0,147.4,2,B1031,passenger_flight,Position,Delivery
42,47,Delivery,3,3,3,3,381,384,12:01,12:04,3,0,0.0,2,8.534,147.4,155.934,1,B1031,delivery_service,Delivery,Delivery
42,48,Delivery,3,3,3,3,384,387,12:04,12:07,3,0,0.0,2,4.066,155.934,160.0,0,B1038,delivery_service,Delivery,Delivery
42,49,Stay,3,3,3,3,387,410,12:07,12:30,23,0,0.0,23,0.0,160.0,160.0,0,B1160,parking_charging,Position,Movement
42,50,Movement,3,7,3,7,410,417,12:30,12:37,7,7,13.33,0,0.0,160.0,146.67,0,B1160,empty_repositioning,Position,Pickup
42,51,Pickup,7,7,7,7,417,420,12:37,12:40,3,0,0.0,2,8.534,146.67,155.204,1,B1160,pickup_service,Pickup,Pickup
42,52,Movement,7,4,7,4,420,427,12:40,12:47,7,7,21.43,0,0.0,155.204,133.774,1,B1160,passenger_flight,Position,Delivery
42,53,Delivery,4,4,4,4,427,430,12:47,12:50,3,0,0.0,2,8.534,133.774,142.308,0,B1160,delivery_service,Delivery,Delivery
42,54,Movement,4,2,4,2,430,436,12:50,12:56,6,6,16.13,0,0.0,142.308,126.178,0,B1198,empty_repositioning,Position,Pickup
42,55,Pickup,2,2,2,2,436,439,12:56,12:59,3,0,0.0,2,8.534,126.178,134.712,1,B1198,pickup_service,Pickup,Pickup
42,56,Movement,2,9,2,9,439,453,12:59,13:13,14,14,50.24,0,0.0,134.712,84.472,1,B1198,passenger_flight,Position,Delivery
42,57,Delivery,9,9,9,9,453,456,13:13,13:16,3,0,0.0,2,8.534,84.472,93.006,0,B1198,delivery_service,Delivery,Delivery
42,58,Stay,9,9,9,9,456,465,13:16,13:25,9,0,0.0,9,38.403,93.006,131.409,0,B1258,parking_charging,Position,Pickup
42,59,Pickup,9,9,9,9,465,468,13:25,13:28,3,0,0.0,2,8.534,131.409,139.943,1,B1258,pickup_service,Pickup,Pickup
42,60,Movement,9,1,9,1,468,484,13:28,13:44,16,16,57.72,0,0.0,139.943,82.223,1,B1258,passenger_flight,Position,Delivery
42,61,Delivery,1,1,1,1,484,487,13:44,13:47,3,0,0.0,2,8.534,82.223,90.757,0,B1258,delivery_service,Delivery,Delivery
42,62,Stay,1,1,1,1,487,512,13:47,14:12,25,0,0.0,25,69.243,90.757,160.0,0,B1382,parking_charging,Position,Pickup
42,63,Pickup,1,1,1,1,512,515,14:12,14:15,3,0,0.0,2,0.0,160.0,160.0,1,B1382,pickup_service,Pickup,Pickup
42,64,Stay,1,1,1,1,515,516,14:15,14:16,1,0,0.0,1,0.0,160.0,160.0,1,B1399,parking_charging,Position,Pickup
42,65,Pickup,1,1,1,1,516,519,14:16,14:19,3,0,0.0,2,0.0,160.0,160.0,3,B1399,pickup_service,Pickup,Pickup
42,66,Movement,1,2,1,2,519,526,14:19,14:26,7,7,13.61,0,0.0,160.0,146.39,3,B1382,passenger_flight,Position,Delivery
42,67,Delivery,2,2,2,2,526,529,14:26,14:29,3,0,0.0,2,8.534,146.39,154.924,2,B1382,delivery_service,Delivery,Delivery
42,68,Delivery,2,2,2,2,529,532,14:29,14:32,3,0,0.0,2,5.076,154.924,160.0,0,B1399,delivery_service,Delivery,Delivery
42,69,Stay,2,2,2,2,532,540,14:32,14:40,8,0,0.0,8,0.0,160.0,160.0,0,B1513,parking_charging,Position,Movement
42,70,Movement,2,3,2,3,540,543,14:40,14:43,3,3,4.08,0,0.0,160.0,155.92,0,B1513,empty_repositioning,Position,Pickup
42,71,Pickup,3,3,3,3,543,546,14:43,14:46,3,0,0.0,2,4.08,155.92,160.0,1,B1513,pickup_service,Pickup,Pickup
42,72,Movement,3,1,3,1,546,552,14:46,14:52,6,6,9.61,0,0.0,160.0,150.39,1,B1513,passenger_flight,Position,Delivery
42,73,Delivery,1,1,1,1,552,555,14:52,14:55,3,0,0.0,2,8.534,150.39,158.924,0,B1513,delivery_service,Delivery,Delivery
42,74,Stay,1,1,1,1,555,573,14:55,15:13,18,0,0.0,18,1.076,158.924,160.0,0,B1645,parking_charging,Position,Pickup
42,75,Pickup,1,1,1,1,573,576,15:13,15:16,3,0,0.0,2,0.0,160.0,160.0,1,B1645,pickup_service,Pickup,Pickup
42,76,Movement,1,2,1,2,576,583,15:16,15:23,7,7,13.61,0,0.0,160.0,146.39,1,B1645,passenger_flight,Position,Delivery
42,77,Delivery,2,2,2,2,583,586,15:23,15:26,3,0,0.0,2,8.534,146.39,154.924,0,B1645,delivery_service,Delivery,Delivery
42,78,Movement,2,3,2,3,586,589,15:26,15:29,3,3,4.08,0,0.0,154.924,150.844,0,B1685,empty_repositioning,Position,Pickup
42,79,Pickup,3,3,3,3,589,592,15:29,15:32,3,0,0.0,2,8.534,150.844,159.378,1,B1685,pickup_service,Pickup,Pickup
42,80,Movement,3,5,3,5,592,600,15:32,15:40,8,8,23.93,0,0.0,159.378,135.448,1,B1685,passenger_flight,Position,Delivery
42,81,Delivery,5,5,5,5,600,603,15:40,15:43,3,0,0.0,2,8.534,135.448,143.982,0,B1685,delivery_service,Delivery,Delivery
42,82,Movement,5,6,5,6,603,610,15:43,15:50,7,7,12.76,0,0.0,143.982,131.222,0,B1790,empty_repositioning,Position,Pickup
42,83,Pickup,6,6,6,6,610,613,15:50,15:53,3,0,0.0,2,8.534,131.222,139.756,1,B1790,pickup_service,Pickup,Pickup
42,84,Movement,6,1,6,1,613,620,15:53,16:00,7,7,23.39,0,0.0,139.756,116.366,1,B1790,passenger_flight,Position,Delivery
42,85,Delivery,1,1,1,1,620,623,16:00,16:03,3,0,0.0,2,8.534,116.366,124.9,0,B1790,delivery_service,Delivery,Delivery
42,86,Stay,1,1,1,1,623,625,16:03,16:05,2,0,0.0,2,8.534,124.9,133.434,0,B1877,parking_charging,Position,Pickup
42,87,Pickup,1,1,1,1,625,628,16:05,16:08,3,0,0.0,2,8.534,133.434,141.968,1,B1877,pickup_service,Pickup,Pickup
42,88,Stay,1,1,1,1,628,629,16:08,16:09,1,0,0.0,1,4.267,141.968,146.235,1,B1903,parking_charging,Position,Pickup
42,89,Pickup,1,1,1,1,629,632,16:09,16:12,3,0,0.0,2,8.534,146.235,154.769,2,B1903,pickup_service,Pickup,Pickup
42,90,Movement,1,6,1,6,632,639,16:12,16:19,7,7,23.39,0,0.0,154.769,131.379,2,B1877,passenger_flight,Position,Delivery
42,91,Delivery,6,6,6,6,639,642,16:19,16:22,3,0,0.0,2,8.534,131.379,139.913,1,B1877,delivery_service,Delivery,Delivery
42,92,Delivery,6,6,6,6,642,645,16:22,16:25,3,0,0.0,2,8.534,139.913,148.447,0,B1903,delivery_service,Delivery,Delivery
42,93,Pickup,6,6,6,6,645,648,16:25,16:28,3,0,0.0,2,8.534,148.447,156.981,1,B2007,pickup_service,Pickup,Pickup
42,94,Movement,6,7,6,7,648,660,16:28,16:40,12,12,43.48,0,0.0,156.981,113.501,1,B2007,passenger_flight,Position,Delivery
42,95,Delivery,7,7,7,7,660,663,16:40,16:43,3,0,0.0,2,8.534,113.501,122.035,0,B2007,delivery_service,Delivery,Delivery
42,96,Stay,7,7,7,7,663,670,16:43,16:50,7,0,0.0,7,29.869,122.035,151.904,0,B2194,parking_charging,Position,Pickup
42,97,Pickup,7,7,7,7,670,673,16:50,16:53,3,0,0.0,2,8.096,151.904,160.0,2,B2194,pickup_service,Pickup,Pickup
42,98,Movement,7,4,7,4,673,680,16:53,17:00,7,7,21.43,0,0.0,160.0,138.57,2,B2194,passenger_flight,Position,Delivery
42,99,Delivery,4,4,4,4,680,683,17:00,17:03,3,0,0.0,2,8.534,138.57,147.104,0,B2194,delivery_service,Delivery,Delivery
42,100,Pickup,4,4,4,4,683,686,17:03,17:06,3,0,0.0,2,8.534,147.104,155.638,2,B2299,pickup_service,Pickup,Pickup
42,101,Movement,4,2,4,2,686,692,17:06,17:12,6,6,16.13,0,0.0,155.638,139.508,2,B2299,passenger_flight,Position,Delivery
42,102,Delivery,2,2,2,2,692,695,17:12,17:15,3,0,0.0,2,8.534,139.508,148.042,0,B2299,delivery_service,Delivery,Delivery
42,103,Pickup,2,2,2,2,695,698,17:15,17:18,3,0,0.0,2,8.534,148.042,156.576,2,B2396,pickup_service,Pickup,Pickup
42,104,Movement,2,4,2,4,698,704,17:18,17:24,6,6,16.13,0,0.0,156.576,140.446,2,B2396,passenger_flight,Position,Delivery
42,105,Delivery,4,4,4,4,704,707,17:24,17:27,3,0,0.0,2,8.534,140.446,148.98,0,B2396,delivery_service,Delivery,Delivery
42,106,Stay,4,4,4,4,707,709,17:27,17:29,2,0,0.0,2,8.534,148.98,157.514,0,B2584,parking_charging,Position,Pickup
42,107,Pickup,4,4,4,4,709,712,17:29,17:32,3,0,0.0,2,2.486,157.514,160.0,2,B2584,pickup_service,Pickup,Pickup
42,108,Movement,4,7,4,7,712,719,17:32,17:39,7,7,21.43,0,0.0,160.0,138.57,2,B2584,passenger_flight,Position,Delivery
42,109,Delivery,7,7,7,7,719,722,17:39,17:42,3,0,0.0,2,8.534,138.57,147.104,0,B2584,delivery_service,Delivery,Delivery
42,110,Pickup,7,7,7,7,722,725,17:42,17:45,3,0,0.0,2,8.534,147.104,155.638,2,B2720,pickup_service,Pickup,Pickup
42,111,Movement,7,6,7,6,725,737,17:45,17:57,12,12,43.48,0,0.0,155.638,112.158,2,B2720,passenger_flight,Position,Delivery
42,112,Delivery,6,6,6,6,737,740,17:57,18:00,3,0,0.0,2,8.534,112.158,120.692,0,B2720,delivery_service,Delivery,Delivery
42,113,Stay,6,6,6,6,740,741,18:00,18:01,1,0,0.0,1,4.267,120.692,124.959,0,B2974,parking_charging,Position,Movement
42,114,Movement,6,1,6,1,741,748,18:01,18:08,7,7,23.39,0,0.0,124.959,101.569,0,B2974,empty_repositioning,Position,Pickup
42,115,Pickup,1,1,1,1,748,751,18:08,18:11,3,0,0.0,2,8.534,101.569,110.103,1,B2974,pickup_service,Pickup,Pickup
42,116,Movement,1,5,1,5,751,759,18:11,18:19,8,8,14.88,0,0.0,110.103,95.223,1,B2974,passenger_flight,Position,Delivery
42,117,Delivery,5,5,5,5,759,762,18:19,18:22,3,0,0.0,2,8.534,95.223,103.757,0,B2974,delivery_service,Delivery,Delivery
42,118,Movement,5,4,5,4,762,768,18:22,18:28,6,6,11.45,0,0.0,103.757,92.307,0,B3100,empty_repositioning,Position,Pickup
42,119,Pickup,4,4,4,4,768,771,18:28,18:31,3,0,0.0,2,8.534,92.307,100.841,2,B3100,pickup_service,Pickup,Pickup
42,120,Pickup,4,4,4,4,771,774,18:31,18:34,3,0,0.0,2,8.534,100.841,109.375,3,B3116,pickup_service,Pickup,Pickup
42,121,Movement,4,3,4,3,774,781,18:34,18:41,7,7,12.6,0,0.0,109.375,96.775,3,B3100,passenger_flight,Position,Delivery
42,122,Delivery,3,3,3,3,781,784,18:41,18:44,3,0,0.0,2,8.534,96.775,105.309,1,B3100,delivery_service,Delivery,Delivery
42,123,Delivery,3,3,3,3,784,787,18:44,18:47,3,0,0.0,2,8.534,105.309,113.843,0,B3116,delivery_service,Delivery,Delivery
42,124,Stay,3,3,3,3,787,797,18:47,18:57,10,0,0.0,10,42.67,113.843,156.513,0,B3274,parking_charging,Position,Pickup
42,125,Pickup,3,3,3,3,797,800,18:57,19:00,3,0,0.0,2,3.487,156.513,160.0,1,B3274,pickup_service,Pickup,Pickup
42,126,Stay,3,3,3,3,800,805,19:00,19:05,5,0,0.0,5,0.0,160.0,160.0,1,B3274,parking_charging,Position,Movement
42,127,Movement,3,4,3,4,805,812,19:05,19:12,7,7,12.6,0,0.0,160.0,147.4,1,B3274,passenger_flight,Position,Delivery
42,128,Delivery,4,4,4,4,812,815,19:12,19:15,3,0,0.0,2,8.534,147.4,155.934,0,B3274,delivery_service,Delivery,Delivery
43,0,Stay,4,4,4,4,0,80,05:40,07:00,80,0,0.0,80,0.0,160.0,160.0,0,B52,parking_charging,Position,Movement
43,1,Movement,4,6,4,6,80,87,07:00,07:07,7,7,22.06,0,0.0,160.0,137.94,0,B52,empty_repositioning,Position,Pickup
43,2,Pickup,6,6,6,6,87,90,07:07,07:10,3,0,0.0,2,8.534,137.94,146.474,1,B52,pickup_service,Pickup,Pickup
43,3,Movement,6,3,6,3,90,100,07:10,07:20,10,10,32.98,0,0.0,146.474,113.494,1,B52,passenger_flight,Position,Delivery
43,4,Delivery,3,3,3,3,100,103,07:20,07:23,3,0,0.0,2,8.534,113.494,122.028,0,B52,delivery_service,Delivery,Delivery
43,5,Stay,3,3,3,3,103,122,07:23,07:42,19,0,0.0,19,37.972,122.028,160.0,0,B99,parking_charging,Position,Pickup
43,6,Pickup,3,3,3,3,122,125,07:42,07:45,3,0,0.0,2,0.0,160.0,160.0,1,B99,pickup_service,Pickup,Pickup
43,7,Movement,3,8,3,8,125,135,07:45,07:55,10,10,35.17,0,0.0,160.0,124.83,1,B99,passenger_flight,Position,Delivery
43,8,Delivery,8,8,8,8,135,138,07:55,07:58,3,0,0.0,2,8.534,124.83,133.364,0,B99,delivery_service,Delivery,Delivery
43,9,Stay,8,8,8,8,138,140,07:58,08:00,2,0,0.0,2,8.534,133.364,141.898,0,B123,parking_charging,Position,Pickup
43,10,Pickup,8,8,8,8,140,143,08:00,08:03,3,0,0.0,2,8.534,141.898,150.432,1,B123,pickup_service,Pickup,Pickup
43,11,Movement,8,3,8,3,143,153,08:03,08:13,10,10,35.17,0,0.0,150.432,115.262,1,B177,passenger_flight,Position,Pickup
43,12,Pickup,3,3,3,3,153,156,08:13,08:16,3,0,0.0,2,8.534,115.262,123.796,2,B177,pickup_service,Pickup,Pickup
43,13,Delivery,3,3,3,3,156,159,08:16,08:19,3,0,0.0,2,8.534,123.796,132.33,1,B123,delivery_service,Delivery,Delivery
43,14,Movement,3,4,3,4,159,166,08:19,08:26,7,7,12.6,0,0.0,132.33,119.73,1,B177,passenger_flight,Position,Delivery
43,15,Delivery,4,4,4,4,166,169,08:26,08:29,3,0,0.0,2,8.534,119.73,128.264,0,B177,delivery_service,Delivery,Delivery
43,16,Stay,4,4,4,4,169,180,08:29,08:40,11,0,0.0,11,31.736,128.264,160.0,0,B304,parking_charging,Position,Movement
43,17,Movement,4,6,4,6,180,187,08:40,08:47,7,7,22.06,0,0.0,160.0,137.94,0,B304,empty_repositioning,Position,Pickup
43,18,Pickup,6,6,6,6,187,190,08:47,08:50,3,0,0.0,2,8.534,137.94,146.474,1,B304,pickup_service,Pickup,Pickup
43,19,Pickup,6,6,6,6,190,193,08:50,08:53,3,0,0.0,2,8.534,146.474,155.008,2,B313,pickup_service,Pickup,Pickup
43,20,Movement,6,3,6,3,193,203,08:53,09:03,10,10,32.98,0,0.0,155.008,122.028,2,B304,passenger_flight,Position,Delivery
43,21,Delivery,3,3,3,3,203,206,09:03,09:06,3,0,0.0,2,8.534,122.028,130.562,1,B304,delivery_service,Delivery,Delivery
43,22,Delivery,3,3,3,3,206,209,09:06,09:09,3,0,0.0,2,8.534,130.562,139.096,0,B313,delivery_service,Delivery,Delivery
43,23,Pickup,3,3,3,3,209,212,09:09,09:12,3,0,0.0,2,8.534,139.096,147.63,1,B367,pickup_service,Pickup,Pickup
43,24,Movement,3,4,3,4,212,219,09:12,09:19,7,7,12.6,0,0.0,147.63,135.03,1,B367,passenger_flight,Position,Delivery
43,25,Delivery,4,4,4,4,219,222,09:19,09:22,3,0,0.0,2,8.534,135.03,143.564,0,B367,delivery_service,Delivery,Delivery
43,26,Stay,4,4,4,4,222,242,09:22,09:42,20,0,0.0,20,16.436,143.564,160.0,0,B481,parking_charging,Position,Movement
43,27,Movement,4,8,4,8,242,253,09:42,09:53,11,11,39.54,0,0.0,160.0,120.46,0,B481,empty_repositioning,Position,Pickup
43,28,Pickup,8,8,8,8,253,256,09:53,09:56,3,0,0.0,2,8.534,120.46,128.994,1,B481,pickup_service,Pickup,Pickup
43,29,Movement,8,2,8,2,256,266,09:56,10:06,10,10,32.38,0,0.0,128.994,96.614,1,B481,passenger_flight,Position,Delivery
43,30,Delivery,2,2,2,2,266,269,10:06,10:09,3,0,0.0,2,8.534,96.614,105.148,0,B481,delivery_service,Delivery,Delivery
43,31,Pickup,2,2,2,2,269,272,10:09,10:12,3,0,0.0,2,8.534,105.148,113.682,1,B519,pickup_service,Pickup,Pickup
43,32,Movement,2,5,2,5,272,280,10:12,10:20,8,8,27.57,0,0.0,113.682,86.112,1,B519,passenger_flight,Position,Delivery
43,33,Delivery,5,5,5,5,280,283,10:20,10:23,3,0,0.0,2,8.534,86.112,94.646,0,B519,delivery_service,Delivery,Delivery
43,34,Pickup,5,5,5,5,283,286,10:23,10:26,3,0,0.0,2,8.534,94.646,103.18,1,B606,pickup_service,Pickup,Pickup
43,35,Movement,5,1,5,1,286,294,10:26,10:34,8,8,14.88,0,0.0,103.18,88.3,1,B606,passenger_flight,Position,Delivery
43,36,Delivery,1,1,1,1,294,297,10:34,10:37,3,0,0.0,2,8.534,88.3,96.834,0,B606,delivery_service,Delivery,Delivery
43,37,Stay,1,1,1,1,297,304,10:37,10:44,7,0,0.0,7,29.869,96.834,126.703,0,B774,parking_charging,Position,Movement
43,38,Movement,1,4,1,4,304,308,10:44,10:48,4,4,4.98,0,0.0,126.703,121.723,0,B774,empty_repositioning,Position,Pickup
43,39,Pickup,4,4,4,4,308,311,10:48,10:51,3,0,0.0,2,8.534,121.723,130.257,1,B774,pickup_service,Pickup,Pickup
43,40,Stay,4,4,4,4,311,312,10:51,10:52,1,0,0.0,1,4.267,130.257,134.524,1,B793,parking_charging,Position,Pickup
43,41,Pickup,4,4,4,4,312,315,10:52,10:55,3,0,0.0,2,8.534,134.524,143.058,2,B793,pickup_service,Pickup,Pickup
43,42,Movement,4,7,4,7,315,322,10:55,11:02,7,7,21.43,0,0.0,143.058,121.628,2,B774,passenger_flight,Position,Delivery
43,43,Delivery,7,7,7,7,322,325,11:02,11:05,3,0,0.0,2,8.534,121.628,130.162,1,B774,delivery_service,Delivery,Delivery
43,44,Delivery,7,7,7,7,325,328,11:05,11:08,3,0,0.0,2,8.534,130.162,138.696,0,B793,delivery_service,Delivery,Delivery
43,45,Stay,7,7,7,7,328,345,11:08,11:25,17,0,0.0,17,21.304,138.696,160.0,0,B950,parking_charging,Position,Pickup
43,46,Pickup,7,7,7,7,345,348,11:25,11:28,3,0,0.0,2,0.0,160.0,160.0,1,B950,pickup_service,Pickup,Pickup
43,47,Pickup,7,7,7,7,348,351,11:28,11:31,3,0,0.0,2,0.0,160.0,160.0,2,B961,pickup_service,Pickup,Pickup
43,48,Movement,7,4,7,4,351,358,11:31,11:38,7,7,21.43,0,0.0,160.0,138.57,2,B950,passenger_flight,Position,Delivery
43,49,Delivery,4,4,4,4,358,361,11:38,11:41,3,0,0.0,2,8.534,138.57,147.104,1,B950,delivery_service,Delivery,Delivery
43,50,Delivery,4,4,4,4,361,364,11:41,11:44,3,0,0.0,2,8.534,147.104,155.638,0,B961,delivery_service,Delivery,Delivery
43,51,Stay,4,4,4,4,364,373,11:44,11:53,9,0,0.0,9,4.362,155.638,160.0,0,B1044,parking_charging,Position,Pickup
43,52,Pickup,4,4,4,4,373,376,11:53,11:56,3,0,0.0,2,0.0,160.0,160.0,1,B1044,pickup_service,Pickup,Pickup
43,53,Stay,4,4,4,4,376,379,11:56,11:59,3,0,0.0,3,0.0,160.0,160.0,1,B1044,parking_charging,Position,Movement
43,54,Movement,4,7,4,7,379,386,11:59,12:06,7,7,21.43,0,0.0,160.0,138.57,1,B1044,passenger_flight,Position,Delivery
43,55,Delivery,7,7,7,7,386,389,12:06,12:09,3,0,0.0,2,8.534,138.57,147.104,0,B1044,delivery_service,Delivery,Delivery
43,56,Stay,7,7,7,7,389,392,12:09,12:12,3,0,0.0,3,12.801,147.104,159.905,0,B1093,parking_charging,Position,Pickup
43,57,Pickup,7,7,7,7,392,395,12:12,12:15,3,0,0.0,2,0.095,159.905,160.0,1,B1093,pickup_service,Pickup,Pickup
43,58,Movement,7,4,7,4,395,402,12:15,12:22,7,7,21.43,0,0.0,160.0,138.57,1,B1093,passenger_flight,Position,Delivery
43,59,Delivery,4,4,4,4,402,405,12:22,12:25,3,0,0.0,2,8.534,138.57,147.104,0,B1093,delivery_service,Delivery,Delivery
43,60,Stay,4,4,4,4,405,419,12:25,12:39,14,0,0.0,14,12.896,147.104,160.0,0,B1163,parking_charging,Position,Pickup
43,61,Pickup,4,4,4,4,419,422,12:39,12:42,3,0,0.0,2,0.0,160.0,160.0,1,B1163,pickup_service,Pickup,Pickup
43,62,Movement,4,9,4,9,422,437,12:42,12:57,15,15,55.47,0,0.0,160.0,104.53,1,B1163,passenger_flight,Position,Delivery
43,63,Delivery,9,9,9,9,437,440,12:57,13:00,3,0,0.0,2,8.534,104.53,113.064,0,B1163,delivery_service,Delivery,Delivery
43,64,Pickup,9,9,9,9,440,443,13:00,13:03,3,0,0.0,2,8.534,113.064,121.598,1,B1201,pickup_service,Pickup,Pickup
43,65,Movement,9,1,9,1,443,459,13:03,13:19,16,16,57.72,0,0.0,121.598,63.878,1,B1201,passenger_flight,Position,Delivery
43,66,Delivery,1,1,1,1,459,462,13:19,13:22,3,0,0.0,2,8.534,63.878,72.412,0,B1201,delivery_service,Delivery,Delivery
43,67,Movement,1,4,1,4,462,466,13:22,13:26,4,4,4.98,0,0.0,72.412,67.432,0,B1259,empty_repositioning,Position,Pickup
43,68,Pickup,4,4,4,4,466,469,13:26,13:29,3,0,0.0,2,8.534,67.432,75.966,1,B1259,pickup_service,Pickup,Pickup
43,69,Stay,4,4,4,4,469,472,13:29,13:32,3,0,0.0,3,12.801,75.966,88.767,1,B1259,parking_charging,Position,Movement
43,70,Movement,4,9,4,9,472,487,13:32,13:47,15,15,55.47,0,0.0,88.767,33.297,1,B1259,passenger_flight,Position,Delivery
43,71,Delivery,9,9,9,9,487,490,13:47,13:50,3,0,0.0,2,8.534,33.297,41.831,0,B1259,delivery_service,Delivery,Delivery
43,72,Stay,9,9,9,9,490,509,13:50,14:09,19,0,0.0,19,81.073,41.831,122.904,0,B1371,parking_charging,Position,Pickup
43,73,Pickup,9,9,9,9,509,512,14:09,14:12,3,0,0.0,2,8.534,122.904,131.438,1,B1371,pickup_service,Pickup,Pickup
43,74,Stay,9,9,9,9,512,515,14:12,14:15,3,0,0.0,3,12.801,131.438,144.239,1,B1371,parking_charging,Position,Movement
43,75,Movement,9,1,9,1,515,531,14:15,14:31,16,16,57.72,0,0.0,144.239,86.519,1,B1371,passenger_flight,Position,Delivery
43,76,Delivery,1,1,1,1,531,534,14:31,14:34,3,0,0.0,2,8.534,86.519,95.053,0,B1371,delivery_service,Delivery,Delivery
43,77,Stay,1,1,1,1,534,542,14:34,14:42,8,0,0.0,8,34.136,95.053,129.189,0,B1518,parking_charging,Position,Pickup
43,78,Pickup,1,1,1,1,542,545,14:42,14:45,3,0,0.0,2,8.534,129.189,137.723,1,B1518,pickup_service,Pickup,Pickup
43,79,Stay,1,1,1,1,545,546,14:45,14:46,1,0,0.0,1,4.267,137.723,141.99,1,B1531,parking_charging,Position,Pickup
43,80,Pickup,1,1,1,1,546,549,14:46,14:49,3,0,0.0,2,8.534,141.99,150.524,2,B1531,pickup_service,Pickup,Pickup
43,81,Movement,1,7,1,7,549,556,14:49,14:56,7,7,21.03,0,0.0,150.524,129.494,2,B1518,passenger_flight,Position,Delivery
43,82,Delivery,7,7,7,7,556,559,14:56,14:59,3,0,0.0,2,8.534,129.494,138.028,1,B1518,delivery_service,Delivery,Delivery
43,83,Delivery,7,7,7,7,559,562,14:59,15:02,3,0,0.0,2,8.534,138.028,146.562,0,B1531,delivery_service,Delivery,Delivery
43,84,Stay,7,7,7,7,562,616,15:02,15:56,54,0,0.0,54,13.438,146.562,160.0,0,B1824,parking_charging,Position,Pickup
43,85,Pickup,7,7,7,7,616,619,15:56,15:59,3,0,0.0,2,0.0,160.0,160.0,1,B1824,pickup_service,Pickup,Pickup
43,86,Movement,7,4,7,4,619,626,15:59,16:06,7,7,21.43,0,0.0,160.0,138.57,1,B1824,passenger_flight,Position,Delivery
43,87,Delivery,4,4,4,4,626,629,16:06,16:09,3,0,0.0,2,8.534,138.57,147.104,0,B1824,delivery_service,Delivery,Delivery
43,88,Stay,4,4,4,4,629,632,16:09,16:12,3,0,0.0,3,12.801,147.104,159.905,0,B1923,parking_charging,Position,Pickup
43,89,Pickup,4,4,4,4,632,635,16:12,16:15,3,0,0.0,2,0.095,159.905,160.0,1,B1923,pickup_service,Pickup,Pickup
43,90,Stay,4,4,4,4,635,636,16:15,16:16,1,0,0.0,1,0.0,160.0,160.0,1,B1953,parking_charging,Position,Pickup
43,91,Pickup,4,4,4,4,636,639,16:16,16:19,3,0,0.0,2,0.0,160.0,160.0,2,B1953,pickup_service,Pickup,Pickup
43,92,Movement,4,2,4,2,639,645,16:19,16:25,6,6,16.13,0,0.0,160.0,143.87,2,B1923,passenger_flight,Position,Delivery
43,93,Delivery,2,2,2,2,645,648,16:25,16:28,3,0,0.0,2,8.534,143.87,152.404,1,B1923,delivery_service,Delivery,Delivery
43,94,Delivery,2,2,2,2,648,651,16:28,16:31,3,0,0.0,2,7.596,152.404,160.0,0,B1953,delivery_service,Delivery,Delivery
43,95,Pickup,2,2,2,2,651,654,16:31,16:34,3,0,0.0,2,0.0,160.0,160.0,1,B2037,pickup_service,Pickup,Pickup
43,96,Pickup,2,2,2,2,654,657,16:34,16:37,3,0,0.0,2,0.0,160.0,160.0,2,B2062,pickup_service,Pickup,Pickup
43,97,Movement,2,4,2,4,657,663,16:37,16:43,6,6,16.13,0,0.0,160.0,143.87,2,B2037,passenger_flight,Position,Delivery
43,98,Delivery,4,4,4,4,663,666,16:43,16:46,3,0,0.0,2,8.534,143.87,152.404,1,B2037,delivery_service,Delivery,Delivery
43,99,Delivery,4,4,4,4,666,669,16:46,16:49,3,0,0.0,2,7.596,152.404,160.0,0,B2062,delivery_service,Delivery,Delivery
43,100,Stay,4,4,4,4,669,682,16:49,17:02,13,0,0.0,13,0.0,160.0,160.0,0,B2287,parking_charging,Position,Pickup
43,101,Pickup,4,4,4,4,682,685,17:02,17:05,3,0,0.0,2,0.0,160.0,160.0,1,B2287,pickup_service,Pickup,Pickup
43,102,Pickup,4,4,4,4,685,688,17:05,17:08,3,0,0.0,2,0.0,160.0,160.0,3,B2318,pickup_service,Pickup,Pickup
43,103,Movement,4,2,4,2,688,694,17:08,17:14,6,6,16.13,0,0.0,160.0,143.87,3,B2287,passenger_flight,Position,Delivery
43,104,Delivery,2,2,2,2,694,697,17:14,17:17,3,0,0.0,2,8.534,143.87,152.404,2,B2287,delivery_service,Delivery,Delivery
43,105,Delivery,2,2,2,2,697,700,17:17,17:20,3,0,0.0,2,7.596,152.404,160.0,0,B2318,delivery_service,Delivery,Delivery
43,106,Pickup,2,2,2,2,700,703,17:20,17:23,3,0,0.0,2,0.0,160.0,160.0,3,B2481,pickup_service,Pickup,Pickup
43,107,Movement,2,1,2,1,703,710,17:23,17:30,7,7,13.61,0,0.0,160.0,146.39,3,B2481,passenger_flight,Position,Delivery
43,108,Delivery,1,1,1,1,710,713,17:30,17:33,3,0,0.0,2,8.534,146.39,154.924,0,B2481,delivery_service,Delivery,Delivery
43,109,Movement,1,3,1,3,713,719,17:33,17:39,6,6,9.61,0,0.0,154.924,145.314,0,B2641,empty_repositioning,Position,Pickup
43,110,Pickup,3,3,3,3,719,722,17:39,17:42,3,0,0.0,2,8.534,145.314,153.848,2,B2641,pickup_service,Pickup,Pickup
43,111,Movement,3,4,3,4,722,729,17:42,17:49,7,7,12.6,0,0.0,153.848,141.248,2,B2641,passenger_flight,Position,Delivery
43,112,Delivery,4,4,4,4,729,732,17:49,17:52,3,0,0.0,2,8.534,141.248,149.782,0,B2641,delivery_service,Delivery,Delivery
43,113,Stay,4,4,4,4,732,740,17:52,18:00,8,0,0.0,8,10.218,149.782,160.0,0,B2888,parking_charging,Position,Pickup
43,114,Pickup,4,4,4,4,740,743,18:00,18:03,3,0,0.0,2,0.0,160.0,160.0,1,B2888,pickup_service,Pickup,Pickup
43,115,Movement,4,3,4,3,743,750,18:03,18:10,7,7,12.6,0,0.0,160.0,147.4,1,B2888,passenger_flight,Position,Delivery
43,116,Delivery,3,3,3,3,750,753,18:10,18:13,3,0,0.0,2,8.534,147.4,155.934,0,B2888,delivery_service,Delivery,Delivery
43,117,Movement,3,2,3,2,753,756,18:13,18:16,3,3,4.08,0,0.0,155.934,151.854,0,B3008,empty_repositioning,Position,Pickup
43,118,Pickup,2,2,2,2,756,759,18:16,18:19,3,0,0.0,2,8.146,151.854,160.0,3,B3008,pickup_service,Pickup,Pickup
43,119,Movement,2,5,2,5,759,767,18:19,18:27,8,8,27.57,0,0.0,160.0,132.43,3,B3008,passenger_flight,Position,Delivery
43,120,Delivery,5,5,5,5,767,770,18:27,18:30,3,0,0.0,2,8.534,132.43,140.964,0,B3008,delivery_service,Delivery,Delivery
43,121,Stay,5,5,5,5,770,773,18:30,18:33,3,0,0.0,3,12.801,140.964,153.765,0,B3170,parking_charging,Position,Movement
43,122,Movement,5,4,5,4,773,779,18:33,18:39,6,6,11.45,0,0.0,153.765,142.315,0,B3170,empty_repositioning,Position,Pickup
43,123,Pickup,4,4,4,4,779,782,18:39,18:42,3,0,0.0,2,8.534,142.315,150.849,1,B3170,pickup_service,Pickup,Pickup
43,124,Movement,4,3,4,3,782,789,18:42,18:49,7,7,12.6,0,0.0,150.849,138.249,1,B3170,passenger_flight,Position,Delivery
43,125,Delivery,3,3,3,3,789,792,18:49,18:52,3,0,0.0,2,8.534,138.249,146.783,0,B3170,delivery_service,Delivery,Delivery
43,126,Stay,3,3,3,3,792,800,18:52,19:00,8,0,0.0,8,13.217,146.783,160.0,0,B3319,parking_charging,Position,Movement
43,127,Movement,3,1,3,1,800,806,19:00,19:06,6,6,9.61,0,0.0,160.0,150.39,0,B3319,empty_repositioning,Position,Pickup
43,128,Pickup,1,1,1,1,806,809,19:06,19:09,3,0,0.0,2,8.534,150.39,158.924,1,B3319,pickup_service,Pickup,Pickup
43,129,Movement,1,2,1,2,809,816,19:09,19:16,7,7,13.61,0,0.0,158.924,145.314,1,B3319,passenger_flight,Position,Delivery
43,130,Delivery,2,2,2,2,816,819,19:16,19:19,3,0,0.0,2,8.534,145.314,153.848,0,B3319,delivery_service,Delivery,Delivery
44,0,Stay,5,5,5,5,0,81,05:40,07:01,81,0,0.0,81,0.0,160.0,160.0,0,B49,parking_charging,Position,Pickup
44,1,Pickup,5,5,5,5,81,84,07:01,07:04,3,0,0.0,2,0.0,160.0,160.0,1,B49,pickup_service,Pickup,Pickup
44,2,Movement,5,7,5,7,84,94,07:04,07:14,10,10,32.24,0,0.0,160.0,127.76,1,B49,passenger_flight,Position,Delivery
44,3,Delivery,7,7,7,7,94,97,07:14,07:17,3,0,0.0,2,8.534,127.76,136.294,0,B49,delivery_service,Delivery,Delivery
44,4,Stay,7,7,7,7,97,144,07:17,08:04,47,0,0.0,47,23.706,136.294,160.0,0,B142,parking_charging,Position,Pickup
44,5,Pickup,7,7,7,7,144,147,08:04,08:07,3,0,0.0,2,0.0,160.0,160.0,1,B142,pickup_service,Pickup,Pickup
44,6,Movement,7,4,7,4,147,154,08:07,08:14,7,7,21.43,0,0.0,160.0,138.57,1,B142,passenger_flight,Position,Delivery
44,7,Delivery,4,4,4,4,154,157,08:14,08:17,3,0,0.0,2,8.534,138.57,147.104,0,B142,delivery_service,Delivery,Delivery
44,8,Stay,4,4,4,4,157,160,08:17,08:20,3,0,0.0,3,12.801,147.104,159.905,0,B221,parking_charging,Position,Movement
44,9,Movement,4,5,4,5,160,166,08:20,08:26,6,6,11.45,0,0.0,159.905,148.455,0,B221,empty_repositioning,Position,Pickup
44,10,Pickup,5,5,5,5,166,169,08:26,08:29,3,0,0.0,2,8.534,148.455,156.989,1,B221,pickup_service,Pickup,Pickup
44,11,Movement,5,3,5,3,169,177,08:29,08:37,8,8,23.93,0,0.0,156.989,133.059,1,B221,passenger_flight,Position,Delivery
44,12,Delivery,3,3,3,3,177,180,08:37,08:40,3,0,0.0,2,8.534,133.059,141.593,0,B221,delivery_service,Delivery,Delivery
44,13,Pickup,3,3,3,3,180,183,08:40,08:43,3,0,0.0,2,8.534,141.593,150.127,1,B282,pickup_service,Pickup,Pickup
44,14,Movement,3,4,3,4,183,190,08:43,08:50,7,7,12.6,0,0.0,150.127,137.527,1,B282,passenger_flight,Position,Delivery
44,15,Delivery,4,4,4,4,190,193,08:50,08:53,3,0,0.0,2,8.534,137.527,146.061,0,B282,delivery_service,Delivery,Delivery
44,16,Stay,4,4,4,4,193,202,08:53,09:02,9,0,0.0,9,13.939,146.061,160.0,0,B389,parking_charging,Position,Movement
44,17,Movement,4,8,4,8,202,213,09:02,09:13,11,11,39.54,0,0.0,160.0,120.46,0,B389,empty_repositioning,Position,Pickup
44,18,Pickup,8,8,8,8,213,216,09:13,09:16,3,0,0.0,2,8.534,120.46,128.994,1,B389,pickup_service,Pickup,Pickup
44,19,Movement,8,1,8,1,216,228,09:16,09:28,12,12,41.05,0,0.0,128.994,87.944,1,B389,passenger_flight,Position,Delivery
44,20,Delivery,1,1,1,1,228,231,09:28,09:31,3,0,0.0,2,8.534,87.944,96.478,0,B389,delivery_service,Delivery,Delivery
44,21,Stay,1,1,1,1,231,261,09:31,10:01,30,0,0.0,30,63.522,96.478,160.0,0,B530,parking_charging,Position,Movement
44,22,Movement,1,3,1,3,261,267,10:01,10:07,6,6,9.61,0,0.0,160.0,150.39,0,B530,empty_repositioning,Position,Pickup
44,23,Pickup,3,3,3,3,267,270,10:07,10:10,3,0,0.0,2,8.534,150.39,158.924,1,B530,pickup_service,Pickup,Pickup
44,24,Pickup,3,3,3,3,270,273,10:10,10:13,3,0,0.0,2,1.076,158.924,160.0,2,B544,pickup_service,Pickup,Pickup
44,25,Movement,3,5,3,5,273,281,10:13,10:21,8,8,23.93,0,0.0,160.0,136.07,2,B530,passenger_flight,Position,Delivery
44,26,Delivery,5,5,5,5,281,284,10:21,10:24,3,0,0.0,2,8.534,136.07,144.604,1,B530,delivery_service,Delivery,Delivery
44,27,Delivery,5,5,5,5,284,287,10:24,10:27,3,0,0.0,2,8.534,144.604,153.138,0,B544,delivery_service,Delivery,Delivery
44,28,Pickup,5,5,5,5,287,290,10:27,10:30,3,0,0.0,2,6.862,153.138,160.0,1,B639,pickup_service,Pickup,Pickup
44,29,Movement,5,1,5,1,290,298,10:30,10:38,8,8,14.88,0,0.0,160.0,145.12,1,B639,passenger_flight,Position,Delivery
44,30,Delivery,1,1,1,1,298,301,10:38,10:41,3,0,0.0,2,8.534,145.12,153.654,0,B639,delivery_service,Delivery,Delivery
44,31,Stay,1,1,1,1,301,310,10:41,10:50,9,0,0.0,9,6.346,153.654,160.0,0,B801,parking_charging,Position,Movement
44,32,Movement,1,4,1,4,310,314,10:50,10:54,4,4,4.98,0,0.0,160.0,155.02,0,B801,empty_repositioning,Position,Pickup
44,33,Pickup,4,4,4,4,314,317,10:54,10:57,3,0,0.0,2,4.98,155.02,160.0,1,B801,pickup_service,Pickup,Pickup
44,34,Stay,4,4,4,4,317,320,10:57,11:00,3,0,0.0,3,0.0,160.0,160.0,1,B801,parking_charging,Position,Movement
44,35,Movement,4,3,4,3,320,327,11:00,11:07,7,7,12.6,0,0.0,160.0,147.4,1,B801,passenger_flight,Position,Delivery
44,36,Delivery,3,3,3,3,327,330,11:07,11:10,3,0,0.0,2,8.534,147.4,155.934,0,B801,delivery_service,Delivery,Delivery
44,37,Pickup,3,3,3,3,330,333,11:10,11:13,3,0,0.0,2,4.066,155.934,160.0,1,B874,pickup_service,Pickup,Pickup
44,38,Movement,3,1,3,1,333,339,11:13,11:19,6,6,9.61,0,0.0,160.0,150.39,1,B874,passenger_flight,Position,Delivery
44,39,Delivery,1,1,1,1,339,342,11:19,11:22,3,0,0.0,2,8.534,150.39,158.924,0,B874,delivery_service,Delivery,Delivery
44,40,Movement,1,6,1,6,342,349,11:22,11:29,7,7,23.39,0,0.0,158.924,135.534,0,B944,empty_repositioning,Position,Pickup
44,41,Pickup,6,6,6,6,349,352,11:29,11:32,3,0,0.0,2,8.534,135.534,144.068,1,B944,pickup_service,Pickup,Pickup
44,42,Movement,6,7,6,7,352,364,11:32,11:44,12,12,43.48,0,0.0,144.068,100.588,1,B944,passenger_flight,Position,Delivery
44,43,Delivery,7,7,7,7,364,367,11:44,11:47,3,0,0.0,2,8.534,100.588,109.122,0,B944,delivery_service,Delivery,Delivery
44,44,Stay,7,7,7,7,367,397,11:47,12:17,30,0,0.0,30,50.878,109.122,160.0,0,B1108,parking_charging,Position,Pickup
44,45,Pickup,7,7,7,7,397,400,12:17,12:20,3,0,0.0,2,0.0,160.0,160.0,1,B1108,pickup_service,Pickup,Pickup
44,46,Stay,7,7,7,7,400,403,12:20,12:23,3,0,0.0,3,0.0,160.0,160.0,1,B1108,parking_charging,Position,Movement
44,47,Movement,7,4,7,4,403,410,12:23,12:30,7,7,21.43,0,0.0,160.0,138.57,1,B1108,passenger_flight,Position,Delivery
44,48,Delivery,4,4,4,4,410,413,12:30,12:33,3,0,0.0,2,8.534,138.57,147.104,0,B1108,delivery_service,Delivery,Delivery
44,49,Stay,4,4,4,4,413,420,12:33,12:40,7,0,0.0,7,12.896,147.104,160.0,0,B1170,parking_charging,Position,Movement
44,50,Movement,4,1,4,1,420,424,12:40,12:44,4,4,4.98,0,0.0,160.0,155.02,0,B1170,empty_repositioning,Position,Pickup
44,51,Pickup,1,1,1,1,424,427,12:44,12:47,3,0,0.0,2,4.98,155.02,160.0,1,B1170,pickup_service,Pickup,Pickup
44,52,Movement,1,8,1,8,427,439,12:47,12:59,12,12,41.05,0,0.0,160.0,118.95,1,B1170,passenger_flight,Position,Delivery
44,53,Delivery,8,8,8,8,439,442,12:59,13:02,3,0,0.0,2,8.534,118.95,127.484,0,B1170,delivery_service,Delivery,Delivery
44,54,Movement,8,7,8,7,442,449,13:02,13:09,7,7,22.2,0,0.0,127.484,105.284,0,B1226,empty_repositioning,Position,Pickup
44,55,Pickup,7,7,7,7,449,452,13:09,13:12,3,0,0.0,2,8.534,105.284,113.818,1,B1226,pickup_service,Pickup,Pickup
44,56,Movement,7,5,7,5,452,462,13:12,13:22,10,10,32.24,0,0.0,113.818,81.578,1,B1226,passenger_flight,Position,Delivery
44,57,Delivery,5,5,5,5,462,465,13:22,13:25,3,0,0.0,2,8.534,81.578,90.112,0,B1226,delivery_service,Delivery,Delivery
44,58,Stay,5,5,5,5,465,480,13:25,13:40,15,0,0.0,15,64.005,90.112,154.117,0,B1304,parking_charging,Position,Movement
44,59,Movement,5,2,5,2,480,488,13:40,13:48,8,8,27.57,0,0.0,154.117,126.547,0,B1304,empty_repositioning,Position,Pickup
44,60,Pickup,2,2,2,2,488,491,13:48,13:51,3,0,0.0,2,8.534,126.547,135.081,1,B1304,pickup_service,Pickup,Pickup
44,61,Movement,2,6,2,6,491,502,13:51,14:02,11,11,37.0,0,0.0,135.081,98.081,1,B1304,passenger_flight,Position,Delivery
44,62,Delivery,6,6,6,6,502,505,14:02,14:05,3,0,0.0,2,8.534,98.081,106.615,0,B1304,delivery_service,Delivery,Delivery
44,63,Pickup,6,6,6,6,505,508,14:05,14:08,3,0,0.0,2,8.534,106.615,115.149,1,B1348,pickup_service,Pickup,Pickup
44,64,Movement,6,7,6,7,508,520,14:08,14:20,12,12,43.48,0,0.0,115.149,71.669,1,B1348,passenger_flight,Position,Delivery
44,65,Delivery,7,7,7,7,520,523,14:20,14:23,3,0,0.0,2,8.534,71.669,80.203,0,B1348,delivery_service,Delivery,Delivery
44,66,Movement,7,2,7,2,523,529,14:23,14:29,6,6,10.2,0,0.0,80.203,70.003,0,B1458,empty_repositioning,Position,Pickup
44,67,Pickup,2,2,2,2,529,532,14:29,14:32,3,0,0.0,2,8.534,70.003,78.537,1,B1458,pickup_service,Pickup,Pickup
44,68,Pickup,2,2,2,2,532,535,14:32,14:35,3,0,0.0,2,8.534,78.537,87.071,2,B1478,pickup_service,Pickup,Pickup
44,69,Movement,2,5,2,5,535,543,14:35,14:43,8,8,27.57,0,0.0,87.071,59.501,2,B1458,passenger_flight,Position,Delivery
44,70,Delivery,5,5,5,5,543,546,14:43,14:46,3,0,0.0,2,8.534,59.501,68.035,1,B1458,delivery_service,Delivery,Delivery
44,71,Delivery,5,5,5,5,546,549,14:46,14:49,3,0,0.0,2,8.534,68.035,76.569,0,B1478,delivery_service,Delivery,Delivery
44,72,Stay,5,5,5,5,549,560,14:49,15:00,11,0,0.0,11,46.937,76.569,123.506,0,B1603,parking_charging,Position,Movement
44,73,Movement,5,4,5,4,560,566,15:00,15:06,6,6,11.45,0,0.0,123.506,112.056,0,B1603,empty_repositioning,Position,Pickup
44,74,Pickup,4,4,4,4,566,569,15:06,15:09,3,0,0.0,2,8.534,112.056,120.59,1,B1603,pickup_service,Pickup,Pickup
44,75,Movement,4,7,4,7,569,576,15:09,15:16,7,7,21.43,0,0.0,120.59,99.16,1,B1603,passenger_flight,Position,Delivery
44,76,Delivery,7,7,7,7,576,579,15:16,15:19,3,0,0.0,2,8.534,99.16,107.694,0,B1603,delivery_service,Delivery,Delivery
44,77,Stay,7,7,7,7,579,580,15:19,15:20,1,0,0.0,1,4.267,107.694,111.961,0,B1675,parking_charging,Position,Movement
44,78,Movement,7,3,7,3,580,587,15:20,15:27,7,7,13.33,0,0.0,111.961,98.631,0,B1675,empty_repositioning,Position,Pickup
44,79,Pickup,3,3,3,3,587,590,15:27,15:30,3,0,0.0,2,8.534,98.631,107.165,1,B1675,pickup_service,Pickup,Pickup
44,80,Movement,3,5,3,5,590,598,15:30,15:38,8,8,23.93,0,0.0,107.165,83.235,1,B1675,passenger_flight,Position,Delivery
44,81,Delivery,5,5,5,5,598,601,15:38,15:41,3,0,0.0,2,8.534,83.235,91.769,0,B1675,delivery_service,Delivery,Delivery
44,82,Stay,5,5,5,5,601,612,15:41,15:52,11,0,0.0,11,46.937,91.769,138.706,0,B1806,parking_charging,Position,Pickup
44,83,Pickup,5,5,5,5,612,615,15:52,15:55,3,0,0.0,2,8.534,138.706,147.24,1,B1806,pickup_service,Pickup,Pickup
44,84,Movement,5,7,5,7,615,625,15:55,16:05,10,10,32.24,0,0.0,147.24,115.0,1,B1806,passenger_flight,Position,Delivery
44,85,Delivery,7,7,7,7,625,628,16:05,16:08,3,0,0.0,2,8.534,115.0,123.534,0,B1806,delivery_service,Delivery,Delivery
44,86,Stay,7,7,7,7,628,633,16:08,16:13,5,0,0.0,5,21.335,123.534,144.869,0,B1932,parking_charging,Position,Pickup
44,87,Pickup,7,7,7,7,633,636,16:13,16:16,3,0,0.0,2,8.534,144.869,153.403,1,B1932,pickup_service,Pickup,Pickup
44,88,Stay,7,7,7,7,636,637,16:16,16:17,1,0,0.0,1,4.267,153.403,157.67,1,B1965,parking_charging,Position,Pickup
44,89,Pickup,7,7,7,7,637,640,16:17,16:20,3,0,0.0,2,2.33,157.67,160.0,2,B1965,pickup_service,Pickup,Pickup
44,90,Movement,7,1,7,1,640,647,16:20,16:27,7,7,21.03,0,0.0,160.0,138.97,2,B1932,passenger_flight,Position,Delivery
44,91,Delivery,1,1,1,1,647,650,16:27,16:30,3,0,0.0,2,8.534,138.97,147.504,1,B1932,delivery_service,Delivery,Delivery
44,92,Delivery,1,1,1,1,650,653,16:30,16:33,3,0,0.0,2,8.534,147.504,156.038,0,B1965,delivery_service,Delivery,Delivery
44,93,Pickup,1,1,1,1,653,656,16:33,16:36,3,0,0.0,2,3.962,156.038,160.0,1,B2042,pickup_service,Pickup,Pickup
44,94,Movement,1,3,1,3,656,662,16:36,16:42,6,6,9.61,0,0.0,160.0,150.39,1,B2042,passenger_flight,Position,Delivery
44,95,Delivery,3,3,3,3,662,665,16:42,16:45,3,0,0.0,2,8.534,150.39,158.924,0,B2042,delivery_service,Delivery,Delivery
44,96,Pickup,3,3,3,3,665,668,16:45,16:48,3,0,0.0,2,1.076,158.924,160.0,2,B2145,pickup_service,Pickup,Pickup
44,97,Stay,3,3,3,3,668,669,16:48,16:49,1,0,0.0,1,0.0,160.0,160.0,2,B2180,parking_charging,Position,Pickup
44,98,Pickup,3,3,3,3,669,672,16:49,16:52,3,0,0.0,2,0.0,160.0,160.0,3,B2180,pickup_service,Pickup,Pickup
44,99,Movement,3,5,3,5,672,680,16:52,17:00,8,8,23.93,0,0.0,160.0,136.07,3,B2145,passenger_flight,Position,Delivery
44,100,Delivery,5,5,5,5,680,683,17:00,17:03,3,0,0.0,2,8.534,136.07,144.604,1,B2145,delivery_service,Delivery,Delivery
44,101,Delivery,5,5,5,5,683,686,17:03,17:06,3,0,0.0,2,8.534,144.604,153.138,0,B2180,delivery_service,Delivery,Delivery
44,102,Movement,5,3,5,3,686,694,17:06,17:14,8,8,23.93,0,0.0,153.138,129.208,0,B2426,empty_repositioning,Position,Pickup
44,103,Pickup,3,3,3,3,694,697,17:14,17:17,3,0,0.0,2,8.534,129.208,137.742,1,B2426,pickup_service,Pickup,Pickup
44,104,Pickup,3,3,3,3,697,700,17:17,17:20,3,0,0.0,2,8.534,137.742,146.276,3,B2458,pickup_service,Pickup,Pickup
44,105,Movement,3,4,3,4,700,707,17:20,17:27,7,7,12.6,0,0.0,146.276,133.676,3,B2426,passenger_flight,Position,Delivery
44,106,Delivery,4,4,4,4,707,710,17:27,17:30,3,0,0.0,2,8.534,133.676,142.21,2,B2426,delivery_service,Delivery,Delivery
44,107,Delivery,4,4,4,4,710,713,17:30,17:33,3,0,0.0,2,8.534,142.21,150.744,0,B2458,delivery_service,Delivery,Delivery
44,108,Pickup,4,4,4,4,713,716,17:33,17:36,3,0,0.0,2,8.534,150.744,159.278,2,B2598,pickup_service,Pickup,Pickup
44,109,Movement,4,7,4,7,716,723,17:36,17:43,7,7,21.43,0,0.0,159.278,137.848,2,B2598,passenger_flight,Position,Delivery
44,110,Delivery,7,7,7,7,723,726,17:43,17:46,3,0,0.0,2,8.534,137.848,146.382,0,B2598,delivery_service,Delivery,Delivery
44,111,Movement,7,3,7,3,726,733,17:46,17:53,7,7,13.33,0,0.0,146.382,133.052,0,B2782,empty_repositioning,Position,Pickup
44,112,Pickup,3,3,3,3,733,736,17:53,17:56,3,0,0.0,2,8.534,133.052,141.586,2,B2782,pickup_service,Pickup,Pickup
44,113,Movement,3,5,3,5,736,744,17:56,18:04,8,8,23.93,0,0.0,141.586,117.656,2,B2782,passenger_flight,Position,Delivery
44,114,Delivery,5,5,5,5,744,747,18:04,18:07,3,0,0.0,2,8.534,117.656,126.19,0,B2782,delivery_service,Delivery,Delivery
44,115,Stay,5,5,5,5,747,760,18:07,18:20,13,0,0.0,13,33.81,126.19,160.0,0,B3058,parking_charging,Position,Movement
44,116,Movement,5,4,5,4,760,766,18:20,18:26,6,6,11.45,0,0.0,160.0,148.55,0,B3058,empty_repositioning,Position,Pickup
44,117,Pickup,4,4,4,4,766,769,18:26,18:29,3,0,0.0,2,8.534,148.55,157.084,2,B3058,pickup_service,Pickup,Pickup
44,118,Movement,4,3,4,3,769,776,18:29,18:36,7,7,12.6,0,0.0,157.084,144.484,2,B3058,passenger_flight,Position,Delivery
44,119,Delivery,3,3,3,3,776,779,18:36,18:39,3,0,0.0,2,8.534,144.484,153.018,0,B3058,delivery_service,Delivery,Delivery
44,120,Pickup,3,3,3,3,779,782,18:39,18:42,3,0,0.0,2,6.982,153.018,160.0,1,B3146,pickup_service,Pickup,Pickup
44,121,Movement,3,4,3,4,782,789,18:42,18:49,7,7,12.6,0,0.0,160.0,147.4,1,B3146,passenger_flight,Position,Delivery
44,122,Delivery,4,4,4,4,789,792,18:49,18:52,3,0,0.0,2,8.534,147.4,155.934,0,B3146,delivery_service,Delivery,Delivery
44,123,Pickup,4,4,4,4,792,795,18:52,18:55,3,0,0.0,2,4.066,155.934,160.0,2,B3237,pickup_service,Pickup,Pickup
44,124,Movement,4,8,4,8,795,806,18:55,19:06,11,11,39.54,0,0.0,160.0,120.46,2,B3237,passenger_flight,Position,Delivery
44,125,Delivery,8,8,8,8,806,809,19:06,19:09,3,0,0.0,2,8.534,120.46,128.994,0,B3237,delivery_service,Delivery,Delivery
45,0,Stay,6,6,6,6,0,38,05:40,06:18,38,0,0.0,38,0.0,160.0,160.0,0,B16,parking_charging,Position,Pickup
45,1,Pickup,6,6,6,6,38,41,06:18,06:21,3,0,0.0,2,0.0,160.0,160.0,1,B16,pickup_service,Pickup,Pickup
45,2,Stay,6,6,6,6,41,44,06:21,06:24,3,0,0.0,3,0.0,160.0,160.0,1,B16,parking_charging,Position,Movement
45,3,Movement,6,7,6,7,44,56,06:24,06:36,12,12,43.48,0,0.0,160.0,116.52,1,B16,passenger_flight,Position,Delivery
45,4,Delivery,7,7,7,7,56,59,06:36,06:39,3,0,0.0,2,8.534,116.52,125.054,0,B16,delivery_service,Delivery,Delivery
45,5,Stay,7,7,7,7,59,145,06:39,08:05,86,0,0.0,86,34.946,125.054,160.0,0,B147,parking_charging,Position,Pickup
45,6,Pickup,7,7,7,7,145,148,08:05,08:08,3,0,0.0,2,0.0,160.0,160.0,1,B147,pickup_service,Pickup,Pickup
45,7,Movement,7,4,7,4,148,155,08:08,08:15,7,7,21.43,0,0.0,160.0,138.57,1,B147,passenger_flight,Position,Delivery
45,8,Delivery,4,4,4,4,155,158,08:15,08:18,3,0,0.0,2,8.534,138.57,147.104,0,B147,delivery_service,Delivery,Delivery
45,9,Stay,4,4,4,4,158,160,08:18,08:20,2,0,0.0,2,8.534,147.104,155.638,0,B226,parking_charging,Position,Movement
45,10,Movement,4,5,4,5,160,166,08:20,08:26,6,6,11.45,0,0.0,155.638,144.188,0,B226,empty_repositioning,Position,Pickup
45,11,Pickup,5,5,5,5,166,169,08:26,08:29,3,0,0.0,2,8.534,144.188,152.722,1,B226,pickup_service,Pickup,Pickup
45,12,Movement,5,3,5,3,169,177,08:29,08:37,8,8,23.93,0,0.0,152.722,128.792,1,B226,passenger_flight,Position,Delivery
45,13,Delivery,3,3,3,3,177,180,08:37,08:40,3,0,0.0,2,8.534,128.792,137.326,0,B226,delivery_service,Delivery,Delivery
45,14,Stay,3,3,3,3,180,181,08:40,08:41,1,0,0.0,1,4.267,137.326,141.593,0,B288,parking_charging,Position,Pickup
45,15,Pickup,3,3,3,3,181,184,08:41,08:44,3,0,0.0,2,8.534,141.593,150.127,1,B288,pickup_service,Pickup,Pickup
45,16,Movement,3,1,3,1,184,190,08:44,08:50,6,6,9.61,0,0.0,150.127,140.517,1,B288,passenger_flight,Position,Delivery
45,17,Delivery,1,1,1,1,190,193,08:50,08:53,3,0,0.0,2,8.534,140.517,149.051,0,B288,delivery_service,Delivery,Delivery
45,18,Movement,1,3,1,3,193,199,08:53,08:59,6,6,9.61,0,0.0,149.051,139.441,0,B350,empty_repositioning,Position,Pickup
45,19,Pickup,3,3,3,3,199,202,08:59,09:02,3,0,0.0,2,8.534,139.441,147.975,1,B350,pickup_service,Pickup,Pickup
45,20,Movement,3,8,3,8,202,212,09:02,09:12,10,10,35.17,0,0.0,147.975,112.805,1,B350,passenger_flight,Position,Delivery
45,21,Delivery,8,8,8,8,212,215,09:12,09:15,3,0,0.0,2,8.534,112.805,121.339,0,B350,delivery_service,Delivery,Delivery
45,22,Stay,8,8,8,8,215,218,09:15,09:18,3,0,0.0,3,12.801,121.339,134.14,0,B399,parking_charging,Position,Pickup
45,23,Pickup,8,8,8,8,218,221,09:18,09:21,3,0,0.0,2,8.534,134.14,142.674,1,B399,pickup_service,Pickup,Pickup
45,24,Movement,8,2,8,2,221,231,09:21,09:31,10,10,32.38,0,0.0,142.674,110.294,1,B399,passenger_flight,Position,Delivery
45,25,Delivery,2,2,2,2,231,234,09:31,09:34,3,0,0.0,2,8.534,110.294,118.828,0,B399,delivery_service,Delivery,Delivery
45,26,Pickup,2,2,2,2,234,237,09:34,09:37,3,0,0.0,2,8.534,118.828,127.362,1,B434,pickup_service,Pickup,Pickup
45,27,Movement,2,4,2,4,237,243,09:37,09:43,6,6,16.13,0,0.0,127.362,111.232,1,B434,passenger_flight,Position,Delivery
45,28,Delivery,4,4,4,4,243,246,09:43,09:46,3,0,0.0,2,8.534,111.232,119.766,0,B434,delivery_service,Delivery,Delivery
45,29,Stay,4,4,4,4,246,294,09:46,10:34,48,0,0.0,48,40.234,119.766,160.0,0,B690,parking_charging,Position,Pickup
45,30,Pickup,4,4,4,4,294,297,10:34,10:37,3,0,0.0,2,0.0,160.0,160.0,1,B690,pickup_service,Pickup,Pickup
45,31,Pickup,4,4,4,4,297,300,10:37,10:40,3,0,0.0,2,0.0,160.0,160.0,2,B704,pickup_service,Pickup,Pickup
45,32,Movement,4,2,4,2,300,306,10:40,10:46,6,6,16.13,0,0.0,160.0,143.87,2,B690,passenger_flight,Position,Delivery
45,33,Delivery,2,2,2,2,306,309,10:46,10:49,3,0,0.0,2,8.534,143.87,152.404,1,B690,delivery_service,Delivery,Delivery
45,34,Delivery,2,2,2,2,309,312,10:49,10:52,3,0,0.0,2,7.596,152.404,160.0,0,B704,delivery_service,Delivery,Delivery
45,35,Pickup,2,2,2,2,312,315,10:52,10:55,3,0,0.0,2,0.0,160.0,160.0,1,B776,pickup_service,Pickup,Pickup
45,36,Movement,2,1,2,1,315,322,10:55,11:02,7,7,13.61,0,0.0,160.0,146.39,1,B776,passenger_flight,Position,Delivery
45,37,Delivery,1,1,1,1,322,325,11:02,11:05,3,0,0.0,2,8.534,146.39,154.924,0,B776,delivery_service,Delivery,Delivery
45,38,Stay,1,1,1,1,325,326,11:05,11:06,1,0,0.0,1,4.267,154.924,159.191,0,B893,parking_charging,Position,Movement
45,39,Movement,1,7,1,7,326,333,11:06,11:13,7,7,21.03,0,0.0,159.191,138.161,0,B893,empty_repositioning,Position,Pickup
45,40,Pickup,7,7,7,7,333,336,11:13,11:16,3,0,0.0,2,8.534,138.161,146.695,1,B893,pickup_service,Pickup,Pickup
45,41,Pickup,7,7,7,7,336,339,11:16,11:19,3,0,0.0,2,8.534,146.695,155.229,2,B907,pickup_service,Pickup,Pickup
45,42,Movement,7,4,7,4,339,346,11:19,11:26,7,7,21.43,0,0.0,155.229,133.799,2,B893,passenger_flight,Position,Delivery
45,43,Delivery,4,4,4,4,346,349,11:26,11:29,3,0,0.0,2,8.534,133.799,142.333,1,B893,delivery_service,Delivery,Delivery
45,44,Delivery,4,4,4,4,349,352,11:29,11:32,3,0,0.0,2,8.534,142.333,150.867,0,B907,delivery_service,Delivery,Delivery
45,45,Stay,4,4,4,4,352,354,11:32,11:34,2,0,0.0,2,8.534,150.867,159.401,0,B983,parking_charging,Position,Pickup
45,46,Pickup,4,4,4,4,354,357,11:34,11:37,3,0,0.0,2,0.599,159.401,160.0,1,B983,pickup_service,Pickup,Pickup
45,47,Movement,4,2,4,2,357,363,11:37,11:43,6,6,16.13,0,0.0,160.0,143.87,1,B983,passenger_flight,Position,Delivery
45,48,Delivery,2,2,2,2,363,366,11:43,11:46,3,0,0.0,2,8.534,143.87,152.404,0,B983,delivery_service,Delivery,Delivery
45,49,Stay,2,2,2,2,366,416,11:46,12:36,50,0,0.0,50,7.596,152.404,160.0,0,B1156,parking_charging,Position,Pickup
45,50,Pickup,2,2,2,2,416,419,12:36,12:39,3,0,0.0,2,0.0,160.0,160.0,1,B1156,pickup_service,Pickup,Pickup
45,51,Stay,2,2,2,2,419,423,12:39,12:43,4,0,0.0,4,0.0,160.0,160.0,1,B1156,parking_charging,Position,Movement
45,52,Movement,2,5,2,5,423,431,12:43,12:51,8,8,27.57,0,0.0,160.0,132.43,1,B1156,passenger_flight,Position,Delivery
45,53,Delivery,5,5,5,5,431,434,12:51,12:54,3,0,0.0,2,8.534,132.43,140.964,0,B1156,delivery_service,Delivery,Delivery
45,54,Stay,5,5,5,5,434,460,12:54,13:20,26,0,0.0,26,19.036,140.964,160.0,0,B1279,parking_charging,Position,Movement
45,55,Movement,5,9,5,9,460,477,13:20,13:37,17,17,62.04,0,0.0,160.0,97.96,0,B1279,empty_repositioning,Position,Pickup
45,56,Pickup,9,9,9,9,477,480,13:37,13:40,3,0,0.0,2,8.534,97.96,106.494,1,B1279,pickup_service,Pickup,Pickup
45,57,Movement,9,2,9,2,480,494,13:40,13:54,14,14,50.24,0,0.0,106.494,56.254,1,B1279,passenger_flight,Position,Delivery
45,58,Delivery,2,2,2,2,494,497,13:54,13:57,3,0,0.0,2,8.534,56.254,64.788,0,B1279,delivery_service,Delivery,Delivery
45,59,Stay,2,2,2,2,497,520,13:57,14:20,23,0,0.0,23,95.212,64.788,160.0,0,B1400,parking_charging,Position,Pickup
45,60,Pickup,2,2,2,2,520,523,14:20,14:23,3,0,0.0,2,0.0,160.0,160.0,1,B1400,pickup_service,Pickup,Pickup
45,61,Movement,2,5,2,5,523,531,14:23,14:31,8,8,27.57,0,0.0,160.0,132.43,1,B1400,passenger_flight,Position,Delivery
45,62,Delivery,5,5,5,5,531,534,14:31,14:34,3,0,0.0,2,8.534,132.43,140.964,0,B1400,delivery_service,Delivery,Delivery
45,63,Stay,5,5,5,5,534,541,14:34,14:41,7,0,0.0,7,19.036,140.964,160.0,0,B1537,parking_charging,Position,Movement
45,64,Movement,5,4,5,4,541,547,14:41,14:47,6,6,11.45,0,0.0,160.0,148.55,0,B1537,empty_repositioning,Position,Pickup
45,65,Pickup,4,4,4,4,547,550,14:47,14:50,3,0,0.0,2,8.534,148.55,157.084,1,B1537,pickup_service,Pickup,Pickup
45,66,Movement,4,7,4,7,550,557,14:50,14:57,7,7,21.43,0,0.0,157.084,135.654,1,B1537,passenger_flight,Position,Delivery
45,67,Delivery,7,7,7,7,557,560,14:57,15:00,3,0,0.0,2,8.534,135.654,144.188,0,B1537,delivery_service,Delivery,Delivery
45,68,Stay,7,7,7,7,560,561,15:00,15:01,1,0,0.0,1,4.267,144.188,148.455,0,B1623,parking_charging,Position,Movement
45,69,Movement,7,3,7,3,561,568,15:01,15:08,7,7,13.33,0,0.0,148.455,135.125,0,B1623,empty_repositioning,Position,Pickup
45,70,Pickup,3,3,3,3,568,571,15:08,15:11,3,0,0.0,2,8.534,135.125,143.659,1,B1623,pickup_service,Pickup,Pickup
45,71,Pickup,3,3,3,3,571,574,15:11,15:14,3,0,0.0,2,8.534,143.659,152.193,2,B1631,pickup_service,Pickup,Pickup
45,72,Movement,3,5,3,5,574,582,15:14,15:22,8,8,23.93,0,0.0,152.193,128.263,2,B1623,passenger_flight,Position,Delivery
45,73,Delivery,5,5,5,5,582,585,15:22,15:25,3,0,0.0,2,8.534,128.263,136.797,1,B1623,delivery_service,Delivery,Delivery
45,74,Delivery,5,5,5,5,585,588,15:25,15:28,3,0,0.0,2,8.534,136.797,145.331,0,B1631,delivery_service,Delivery,Delivery
45,75,Movement,5,4,5,4,588,594,15:28,15:34,6,6,11.45,0,0.0,145.331,133.881,0,B1723,empty_repositioning,Position,Pickup
45,76,Pickup,4,4,4,4,594,597,15:34,15:37,3,0,0.0,2,8.534,133.881,142.415,1,B1723,pickup_service,Pickup,Pickup
45,77,Movement,4,7,4,7,597,604,15:37,15:44,7,7,21.43,0,0.0,142.415,120.985,1,B1723,passenger_flight,Position,Delivery
45,78,Delivery,7,7,7,7,604,607,15:44,15:47,3,0,0.0,2,8.534,120.985,129.519,0,B1723,delivery_service,Delivery,Delivery
45,79,Stay,7,7,7,7,607,624,15:47,16:04,17,0,0.0,17,30.481,129.519,160.0,0,B1913,parking_charging,Position,Movement
45,80,Movement,7,1,7,1,624,631,16:04,16:11,7,7,21.03,0,0.0,160.0,138.97,0,B1913,empty_repositioning,Position,Pickup
45,81,Pickup,1,1,1,1,631,634,16:11,16:14,3,0,0.0,2,8.534,138.97,147.504,1,B1913,pickup_service,Pickup,Pickup
45,82,Movement,1,7,1,7,634,641,16:14,16:21,7,7,21.03,0,0.0,147.504,126.474,1,B1913,passenger_flight,Position,Delivery
45,83,Delivery,7,7,7,7,641,644,16:21,16:24,3,0,0.0,2,8.534,126.474,135.008,0,B1913,delivery_service,Delivery,Delivery
45,84,Pickup,7,7,7,7,644,647,16:24,16:27,3,0,0.0,2,8.534,135.008,143.542,1,B1995,pickup_service,Pickup,Pickup
45,85,Movement,7,1,7,1,647,654,16:27,16:34,7,7,21.03,0,0.0,143.542,122.512,1,B1995,passenger_flight,Position,Delivery
45,86,Delivery,1,1,1,1,654,657,16:34,16:37,3,0,0.0,2,8.534,122.512,131.046,0,B1995,delivery_service,Delivery,Delivery
45,87,Pickup,1,1,1,1,657,660,16:37,16:40,3,0,0.0,2,8.534,131.046,139.58,1,B2078,pickup_service,Pickup,Pickup
45,88,Stay,1,1,1,1,660,663,16:40,16:43,3,0,0.0,3,12.801,139.58,152.381,1,B2078,parking_charging,Position,Movement
45,89,Movement,1,3,1,3,663,669,16:43,16:49,6,6,9.61,0,0.0,152.381,142.771,1,B2078,passenger_flight,Position,Delivery
45,90,Delivery,3,3,3,3,669,672,16:49,16:52,3,0,0.0,2,8.534,142.771,151.305,0,B2078,delivery_service,Delivery,Delivery
45,91,Stay,3,3,3,3,672,681,16:52,17:01,9,0,0.0,9,8.695,151.305,160.0,0,B2276,parking_charging,Position,Pickup
45,92,Pickup,3,3,3,3,681,684,17:01,17:04,3,0,0.0,2,0.0,160.0,160.0,2,B2276,pickup_service,Pickup,Pickup
45,93,Movement,3,5,3,5,684,692,17:04,17:12,8,8,23.93,0,0.0,160.0,136.07,2,B2276,passenger_flight,Position,Delivery
45,94,Delivery,5,5,5,5,692,695,17:12,17:15,3,0,0.0,2,8.534,136.07,144.604,0,B2276,delivery_service,Delivery,Delivery
45,95,Stay,5,5,5,5,695,700,17:15,17:20,5,0,0.0,5,15.396,144.604,160.0,0,B2568,parking_charging,Position,Movement
45,96,Movement,5,3,5,3,700,708,17:20,17:28,8,8,23.93,0,0.0,160.0,136.07,0,B2568,empty_repositioning,Position,Pickup
45,97,Pickup,3,3,3,3,708,711,17:28,17:31,3,0,0.0,2,8.534,136.07,144.604,1,B2568,pickup_service,Pickup,Pickup
45,98,Stay,3,3,3,3,711,714,17:31,17:34,3,0,0.0,3,12.801,144.604,157.405,1,B2642,parking_charging,Position,Pickup
45,99,Pickup,3,3,3,3,714,717,17:34,17:37,3,0,0.0,2,2.595,157.405,160.0,3,B2642,pickup_service,Pickup,Pickup
45,100,Movement,3,5,3,5,717,725,17:37,17:45,8,8,23.93,0,0.0,160.0,136.07,3,B2568,passenger_flight,Position,Delivery
45,101,Delivery,5,5,5,5,725,728,17:45,17:48,3,0,0.0,2,8.534,136.07,144.604,2,B2568,delivery_service,Delivery,Delivery
45,102,Delivery,5,5,5,5,728,731,17:48,17:51,3,0,0.0,2,8.534,144.604,153.138,0,B2642,delivery_service,Delivery,Delivery
45,103,Movement,5,3,5,3,731,739,17:51,17:59,8,8,23.93,0,0.0,153.138,129.208,0,B2894-1,empty_repositioning,Position,Pickup
45,104,Pickup,3,3,3,3,739,742,17:59,18:02,3,0,0.0,2,8.534,129.208,137.742,3,B2894-1,pickup_service,Pickup,Pickup
45,105,Movement,3,5,3,5,742,750,18:02,18:10,8,8,23.93,0,0.0,137.742,113.812,3,B2894-1,passenger_flight,Position,Delivery
45,106,Delivery,5,5,5,5,750,753,18:10,18:13,3,0,0.0,2,8.534,113.812,122.346,0,B2894-1,delivery_service,Delivery,Delivery
45,107,Stay,5,5,5,5,753,760,18:13,18:20,7,0,0.0,7,29.869,122.346,152.215,0,B3051,parking_charging,Position,Pickup
45,108,Pickup,5,5,5,5,760,763,18:20,18:23,3,0,0.0,2,7.785,152.215,160.0,1,B3051,pickup_service,Pickup,Pickup
45,109,Movement,5,2,5,2,763,771,18:23,18:31,8,8,27.57,0,0.0,160.0,132.43,1,B3113,passenger_flight,Position,Pickup
45,110,Pickup,2,2,2,2,771,774,18:31,18:34,3,0,0.0,2,8.534,132.43,140.964,2,B3113,pickup_service,Pickup,Pickup
45,111,Delivery,2,2,2,2,774,777,18:34,18:37,3,0,0.0,2,8.534,140.964,149.498,1,B3051,delivery_service,Delivery,Delivery
45,112,Movement,2,4,2,4,777,783,18:37,18:43,6,6,16.13,0,0.0,149.498,133.368,1,B3113,passenger_flight,Position,Delivery
45,113,Delivery,4,4,4,4,783,786,18:43,18:46,3,0,0.0,2,8.534,133.368,141.902,0,B3113,delivery_service,Delivery,Delivery
45,114,Pickup,4,4,4,4,786,789,18:46,18:49,3,0,0.0,2,8.534,141.902,150.436,1,B3203,pickup_service,Pickup,Pickup
45,115,Movement,4,2,4,2,789,795,18:49,18:55,6,6,16.13,0,0.0,150.436,134.306,1,B3203,passenger_flight,Position,Delivery
45,116,Delivery,2,2,2,2,795,798,18:55,18:58,3,0,0.0,2,8.534,134.306,142.84,0,B3203,delivery_service,Delivery,Delivery
45,117,Stay,2,2,2,2,798,800,18:58,19:00,2,0,0.0,2,8.534,142.84,151.374,0,B3285,parking_charging,Position,Pickup
45,118,Pickup,2,2,2,2,800,803,19:00,19:03,3,0,0.0,2,8.534,151.374,159.908,1,B3285,pickup_service,Pickup,Pickup
45,119,Movement,2,5,2,5,803,811,19:03,19:11,8,8,27.57,0,0.0,159.908,132.338,1,B3285,passenger_flight,Position,Delivery
45,120,Delivery,5,5,5,5,811,814,19:11,19:14,3,0,0.0,2,8.534,132.338,140.872,0,B3285,delivery_service,Delivery,Delivery
46,0,Stay,7,7,7,7,0,155,05:40,08:15,155,0,0.0,155,0.0,160.0,160.0,0,B188,parking_charging,Position,Pickup
46,1,Pickup,7,7,7,7,155,158,08:15,08:18,3,0,0.0,2,0.0,160.0,160.0,1,B188,pickup_service,Pickup,Pickup
46,2,Movement,7,1,7,1,158,165,08:18,08:25,7,7,21.03,0,0.0,160.0,138.97,1,B188,passenger_flight,Position,Delivery
46,3,Delivery,1,1,1,1,165,168,08:25,08:28,3,0,0.0,2,8.534,138.97,147.504,0,B188,delivery_service,Delivery,Delivery
46,4,Stay,1,1,1,1,168,172,08:28,08:32,4,0,0.0,4,12.496,147.504,160.0,0,B255,parking_charging,Position,Pickup
46,5,Pickup,1,1,1,1,172,175,08:32,08:35,3,0,0.0,2,0.0,160.0,160.0,1,B255,pickup_service,Pickup,Pickup
46,6,Movement,1,9,1,9,175,191,08:35,08:51,16,16,57.72,0,0.0,160.0,102.28,1,B255,passenger_flight,Position,Delivery
46,7,Delivery,9,9,9,9,191,194,08:51,08:54,3,0,0.0,2,8.534,102.28,110.814,0,B255,delivery_service,Delivery,Delivery
46,8,Stay,9,9,9,9,194,196,08:54,08:56,2,0,0.0,2,8.534,110.814,119.348,0,B341,parking_charging,Position,Pickup
46,9,Pickup,9,9,9,9,196,199,08:56,08:59,3,0,0.0,2,8.534,119.348,127.882,1,B341,pickup_service,Pickup,Pickup
46,10,Movement,9,7,9,7,199,211,08:59,09:11,12,12,40.12,0,0.0,127.882,87.762,1,B341,passenger_flight,Position,Delivery
46,11,Delivery,7,7,7,7,211,214,09:11,09:14,3,0,0.0,2,8.534,87.762,96.296,0,B341,delivery_service,Delivery,Delivery
46,12,Stay,7,7,7,7,214,219,09:14,09:19,5,0,0.0,5,21.335,96.296,117.631,0,B402,parking_charging,Position,Pickup
46,13,Pickup,7,7,7,7,219,222,09:19,09:22,3,0,0.0,2,8.534,117.631,126.165,1,B402,pickup_service,Pickup,Pickup
46,14,Movement,7,4,7,4,222,229,09:22,09:29,7,7,21.43,0,0.0,126.165,104.735,1,B402,passenger_flight,Position,Delivery
46,15,Delivery,4,4,4,4,229,232,09:29,09:32,3,0,0.0,2,8.534,104.735,113.269,0,B402,delivery_service,Delivery,Delivery
46,16,Stay,4,4,4,4,232,253,09:32,09:53,21,0,0.0,21,46.731,113.269,160.0,0,B493,parking_charging,Position,Movement
46,17,Movement,4,2,4,2,253,259,09:53,09:59,6,6,16.13,0,0.0,160.0,143.87,0,B493,empty_repositioning,Position,Pickup
46,18,Pickup,2,2,2,2,259,262,09:59,10:02,3,0,0.0,2,8.534,143.87,152.404,1,B493,pickup_service,Pickup,Pickup
46,19,Stay,2,2,2,2,262,265,10:02,10:05,3,0,0.0,3,7.596,152.404,160.0,1,B493,parking_charging,Position,Movement
46,20,Movement,2,1,2,1,265,272,10:05,10:12,7,7,13.61,0,0.0,160.0,146.39,1,B493,passenger_flight,Position,Delivery
46,21,Delivery,1,1,1,1,272,275,10:12,10:15,3,0,0.0,2,8.534,146.39,154.924,0,B493,delivery_service,Delivery,Delivery
46,22,Stay,1,1,1,1,275,280,10:15,10:20,5,0,0.0,5,5.076,154.924,160.0,0,B631,parking_charging,Position,Movement
46,23,Movement,1,2,1,2,280,287,10:20,10:27,7,7,13.61,0,0.0,160.0,146.39,0,B631,empty_repositioning,Position,Pickup
46,24,Pickup,2,2,2,2,287,290,10:27,10:30,3,0,0.0,2,8.534,146.39,154.924,1,B631,pickup_service,Pickup,Pickup
46,25,Movement,2,5,2,5,290,298,10:30,10:38,8,8,27.57,0,0.0,154.924,127.354,1,B631,passenger_flight,Position,Delivery
46,26,Delivery,5,5,5,5,298,301,10:38,10:41,3,0,0.0,2,8.534,127.354,135.888,0,B631,delivery_service,Delivery,Delivery
46,27,Pickup,5,5,5,5,301,304,10:41,10:44,3,0,0.0,2,8.534,135.888,144.422,1,B721,pickup_service,Pickup,Pickup
46,28,Movement,5,1,5,1,304,312,10:44,10:52,8,8,14.88,0,0.0,144.422,129.542,1,B721,passenger_flight,Position,Delivery
46,29,Delivery,1,1,1,1,312,315,10:52,10:55,3,0,0.0,2,8.534,129.542,138.076,0,B721,delivery_service,Delivery,Delivery
46,30,Stay,1,1,1,1,315,347,10:55,11:27,32,0,0.0,32,21.924,138.076,160.0,0,B986,parking_charging,Position,Movement
46,31,Movement,1,6,1,6,347,354,11:27,11:34,7,7,23.39,0,0.0,160.0,136.61,0,B986,empty_repositioning,Position,Pickup
46,32,Pickup,6,6,6,6,354,357,11:34,11:37,3,0,0.0,2,8.534,136.61,145.144,1,B986,pickup_service,Pickup,Pickup
46,33,Movement,6,1,6,1,357,364,11:37,11:44,7,7,23.39,0,0.0,145.144,121.754,1,B986,passenger_flight,Position,Delivery
46,34,Delivery,1,1,1,1,364,367,11:44,11:47,3,0,0.0,2,8.534,121.754,130.288,0,B986,delivery_service,Delivery,Delivery
46,35,Stay,1,1,1,1,367,411,11:47,12:31,44,0,0.0,44,29.712,130.288,160.0,0,B1145,parking_charging,Position,Pickup
46,36,Pickup,1,1,1,1,411,414,12:31,12:34,3,0,0.0,2,0.0,160.0,160.0,1,B1145,pickup_service,Pickup,Pickup
46,37,Stay,1,1,1,1,414,415,12:34,12:35,1,0,0.0,1,0.0,160.0,160.0,1,B1154,parking_charging,Position,Pickup
46,38,Pickup,1,1,1,1,415,418,12:35,12:38,3,0,0.0,2,0.0,160.0,160.0,2,B1154,pickup_service,Pickup,Pickup
46,39,Movement,1,10,1,10,418,431,12:38,12:51,13,13,47.44,0,0.0,160.0,112.56,2,B1145,passenger_flight,Position,Delivery
46,40,Delivery,10,10,10,10,431,434,12:51,12:54,3,0,0.0,2,8.534,112.56,121.094,1,B1145,delivery_service,Delivery,Delivery
46,41,Delivery,10,10,10,10,434,437,12:54,12:57,3,0,0.0,2,8.534,121.094,129.628,0,B1154,delivery_service,Delivery,Delivery
46,42,Stay,10,10,10,10,437,483,12:57,13:43,46,0,0.0,46,30.372,129.628,160.0,0,B1292,parking_charging,Position,Pickup
46,43,Pickup,10,10,10,10,483,486,13:43,13:46,3,0,0.0,2,0.0,160.0,160.0,1,B1292,pickup_service,Pickup,Pickup
46,44,Movement,10,3,10,3,486,501,13:46,14:01,15,15,54.92,0,0.0,160.0,105.08,1,B1292,passenger_flight,Position,Delivery
46,45,Delivery,3,3,3,3,501,504,14:01,14:04,3,0,0.0,2,8.534,105.08,113.614,0,B1292,delivery_service,Delivery,Delivery
46,46,Stay,3,3,3,3,504,506,14:04,14:06,2,0,0.0,2,8.534,113.614,122.148,0,B1358,parking_charging,Position,Pickup
46,47,Pickup,3,3,3,3,506,509,14:06,14:09,3,0,0.0,2,8.534,122.148,130.682,1,B1358,pickup_service,Pickup,Pickup
46,48,Movement,3,5,3,5,509,517,14:09,14:17,8,8,23.93,0,0.0,130.682,106.752,1,B1358,passenger_flight,Position,Delivery
46,49,Delivery,5,5,5,5,517,520,14:17,14:20,3,0,0.0,2,8.534,106.752,115.286,0,B1358,delivery_service,Delivery,Delivery
46,50,Movement,5,1,5,1,520,528,14:20,14:28,8,8,14.88,0,0.0,115.286,100.406,0,B1439,empty_repositioning,Position,Pickup
46,51,Pickup,1,1,1,1,528,531,14:28,14:31,3,0,0.0,2,8.534,100.406,108.94,1,B1439,pickup_service,Pickup,Pickup
46,52,Movement,1,7,1,7,531,538,14:31,14:38,7,7,21.03,0,0.0,108.94,87.91,1,B1439,passenger_flight,Position,Delivery
46,53,Delivery,7,7,7,7,538,541,14:38,14:41,3,0,0.0,2,8.534,87.91,96.444,0,B1439,delivery_service,Delivery,Delivery
46,54,Movement,7,3,7,3,541,548,14:41,14:48,7,7,13.33,0,0.0,96.444,83.114,0,B1530,empty_repositioning,Position,Pickup
46,55,Pickup,3,3,3,3,548,551,14:48,14:51,3,0,0.0,2,8.534,83.114,91.648,1,B1530,pickup_service,Pickup,Pickup
46,56,Movement,3,5,3,5,551,559,14:51,14:59,8,8,23.93,0,0.0,91.648,67.718,1,B1530,passenger_flight,Position,Delivery
46,57,Delivery,5,5,5,5,559,562,14:59,15:02,3,0,0.0,2,8.534,67.718,76.252,0,B1530,delivery_service,Delivery,Delivery
46,58,Movement,5,6,5,6,562,569,15:02,15:09,7,7,12.76,0,0.0,76.252,63.492,0,B1620,empty_repositioning,Position,Pickup
46,59,Pickup,6,6,6,6,569,572,15:09,15:12,3,0,0.0,2,8.534,63.492,72.026,1,B1620,pickup_service,Pickup,Pickup
46,60,Movement,6,3,6,3,572,582,15:12,15:22,10,10,32.98,0,0.0,72.026,39.046,1,B1620,passenger_flight,Position,Delivery
46,61,Delivery,3,3,3,3,582,585,15:22,15:25,3,0,0.0,2,8.534,39.046,47.58,0,B1620,delivery_service,Delivery,Delivery
46,62,Stay,3,3,3,3,585,588,15:25,15:28,3,0,0.0,3,12.801,47.58,60.381,0,B1694,parking_charging,Position,Pickup
46,63,Pickup,3,3,3,3,588,591,15:28,15:31,3,0,0.0,2,8.534,60.381,68.915,1,B1694,pickup_service,Pickup,Pickup
46,64,Movement,3,4,3,4,591,598,15:31,15:38,7,7,12.6,0,0.0,68.915,56.315,1,B1742,passenger_flight,Position,Pickup
46,65,Pickup,4,4,4,4,598,601,15:38,15:41,3,0,0.0,2,8.534,56.315,64.849,2,B1742,pickup_service,Pickup,Pickup
46,66,Delivery,4,4,4,4,601,604,15:41,15:44,3,0,0.0,2,8.534,64.849,73.383,1,B1694,delivery_service,Delivery,Delivery
46,67,Movement,4,3,4,3,604,611,15:44,15:51,7,7,12.6,0,0.0,73.383,60.783,1,B1742,passenger_flight,Position,Delivery
46,68,Delivery,3,3,3,3,611,614,15:51,15:54,3,0,0.0,2,8.534,60.783,69.317,0,B1742,delivery_service,Delivery,Delivery
46,69,Stay,3,3,3,3,614,616,15:54,15:56,2,0,0.0,2,8.534,69.317,77.851,0,B1821,parking_charging,Position,Pickup
46,70,Pickup,3,3,3,3,616,619,15:56,15:59,3,0,0.0,2,8.534,77.851,86.385,1,B1821,pickup_service,Pickup,Pickup
46,71,Movement,3,4,3,4,619,626,15:59,16:06,7,7,12.6,0,0.0,86.385,73.785,1,B1821,passenger_flight,Position,Delivery
46,72,Delivery,4,4,4,4,626,629,16:06,16:09,3,0,0.0,2,8.534,73.785,82.319,0,B1821,delivery_service,Delivery,Delivery
46,73,Stay,4,4,4,4,629,637,16:09,16:17,8,0,0.0,8,34.136,82.319,116.455,0,B1962,parking_charging,Position,Pickup
46,74,Pickup,4,4,4,4,637,640,16:17,16:20,3,0,0.0,2,8.534,116.455,124.989,1,B1962,pickup_service,Pickup,Pickup
46,75,Stay,4,4,4,4,640,643,16:20,16:23,3,0,0.0,3,12.801,124.989,137.79,1,B1962,parking_charging,Position,Movement
46,76,Movement,4,2,4,2,643,649,16:23,16:29,6,6,16.13,0,0.0,137.79,121.66,1,B1962,passenger_flight,Position,Delivery
46,77,Delivery,2,2,2,2,649,652,16:29,16:32,3,0,0.0,2,8.534,121.66,130.194,0,B1962,delivery_service,Delivery,Delivery
46,78,Stay,2,2,2,2,652,656,16:32,16:36,4,0,0.0,4,17.068,130.194,147.262,0,B2073,parking_charging,Position,Pickup
46,79,Pickup,2,2,2,2,656,659,16:36,16:39,3,0,0.0,2,8.534,147.262,155.796,1,B2073,pickup_service,Pickup,Pickup
46,80,Stay,2,2,2,2,659,663,16:39,16:43,4,0,0.0,4,4.204,155.796,160.0,1,B2073,parking_charging,Position,Movement
46,81,Movement,2,4,2,4,663,669,16:43,16:49,6,6,16.13,0,0.0,160.0,143.87,1,B2073,passenger_flight,Position,Delivery
46,82,Delivery,4,4,4,4,669,672,16:49,16:52,3,0,0.0,2,8.534,143.87,152.404,0,B2073,delivery_service,Delivery,Delivery
46,83,Stay,4,4,4,4,672,679,16:52,16:59,7,0,0.0,7,7.596,152.404,160.0,0,B2256,parking_charging,Position,Pickup
46,84,Pickup,4,4,4,4,679,682,16:59,17:02,3,0,0.0,2,0.0,160.0,160.0,1,B2256,pickup_service,Pickup,Pickup
46,85,Stay,4,4,4,4,682,686,17:02,17:06,4,0,0.0,4,0.0,160.0,160.0,1,B2256,parking_charging,Position,Movement
46,86,Movement,4,2,4,2,686,692,17:06,17:12,6,6,16.13,0,0.0,160.0,143.87,1,B2256,passenger_flight,Position,Delivery
46,87,Delivery,2,2,2,2,692,695,17:12,17:15,3,0,0.0,2,8.534,143.87,152.404,0,B2256,delivery_service,Delivery,Delivery
46,88,Pickup,2,2,2,2,695,698,17:15,17:18,3,0,0.0,2,7.596,152.404,160.0,2,B2356,pickup_service,Pickup,Pickup
46,89,Movement,2,5,2,5,698,706,17:18,17:26,8,8,27.57,0,0.0,160.0,132.43,2,B2356,passenger_flight,Position,Delivery
46,90,Delivery,5,5,5,5,706,709,17:26,17:29,3,0,0.0,2,8.534,132.43,140.964,0,B2356,delivery_service,Delivery,Delivery
46,91,Pickup,5,5,5,5,709,712,17:29,17:32,3,0,0.0,2,8.534,140.964,149.498,1,B2570,pickup_service,Pickup,Pickup
46,92,Movement,5,3,5,3,712,720,17:32,17:40,8,8,23.93,0,0.0,149.498,125.568,1,B2570,passenger_flight,Position,Delivery
46,93,Delivery,3,3,3,3,720,723,17:40,17:43,3,0,0.0,2,8.534,125.568,134.102,0,B2570,delivery_service,Delivery,Delivery
46,94,Stay,3,3,3,3,723,725,17:43,17:45,2,0,0.0,2,8.534,134.102,142.636,0,B2756-1,parking_charging,Position,Pickup
46,95,Pickup,3,3,3,3,725,728,17:45,17:48,3,0,0.0,2,8.534,142.636,151.17,3,B2756-1,pickup_service,Pickup,Pickup
46,96,Movement,3,5,3,5,728,736,17:48,17:56,8,8,23.93,0,0.0,151.17,127.24,3,B2756-1,passenger_flight,Position,Delivery
46,97,Delivery,5,5,5,5,736,739,17:56,17:59,3,0,0.0,2,8.534,127.24,135.774,0,B2756-1,delivery_service,Delivery,Delivery
46,98,Stay,5,5,5,5,739,743,17:59,18:03,4,0,0.0,4,17.068,135.774,152.842,0,B2979,parking_charging,Position,Movement
46,99,Movement,5,4,5,4,743,749,18:03,18:09,6,6,11.45,0,0.0,152.842,141.392,0,B2979,empty_repositioning,Position,Pickup
46,100,Pickup,4,4,4,4,749,752,18:09,18:12,3,0,0.0,2,8.534,141.392,149.926,1,B2979,pickup_service,Pickup,Pickup
46,101,Pickup,4,4,4,4,752,755,18:12,18:15,3,0,0.0,2,8.534,149.926,158.46,2,B2986,pickup_service,Pickup,Pickup
46,102,Movement,4,2,4,2,755,761,18:15,18:21,6,6,16.13,0,0.0,158.46,142.33,2,B2979,passenger_flight,Position,Delivery
46,103,Delivery,2,2,2,2,761,764,18:21,18:24,3,0,0.0,2,8.534,142.33,150.864,1,B2979,delivery_service,Delivery,Delivery
46,104,Delivery,2,2,2,2,764,767,18:24,18:27,3,0,0.0,2,8.534,150.864,159.398,0,B2986,delivery_service,Delivery,Delivery
46,105,Pickup,2,2,2,2,767,770,18:27,18:30,3,0,0.0,2,0.602,159.398,160.0,1,B3090,pickup_service,Pickup,Pickup
46,106,Pickup,2,2,2,2,770,773,18:30,18:33,3,0,0.0,2,0.0,160.0,160.0,3,B3114,pickup_service,Pickup,Pickup
46,107,Movement,2,5,2,5,773,781,18:33,18:41,8,8,27.57,0,0.0,160.0,132.43,3,B3090,passenger_flight,Position,Delivery
46,108,Delivery,5,5,5,5,781,784,18:41,18:44,3,0,0.0,2,8.534,132.43,140.964,2,B3090,delivery_service,Delivery,Delivery
46,109,Delivery,5,5,5,5,784,787,18:44,18:47,3,0,0.0,2,8.534,140.964,149.498,0,B3114,delivery_service,Delivery,Delivery
46,110,Movement,5,4,5,4,787,793,18:47,18:53,6,6,11.45,0,0.0,149.498,138.048,0,B3245,empty_repositioning,Position,Pickup
46,111,Pickup,4,4,4,4,793,796,18:53,18:56,3,0,0.0,2,8.534,138.048,146.582,1,B3245,pickup_service,Pickup,Pickup
46,112,Pickup,4,4,4,4,796,799,18:56,18:59,3,0,0.0,2,8.534,146.582,155.116,2,B3258,pickup_service,Pickup,Pickup
46,113,Movement,4,2,4,2,799,805,18:59,19:05,6,6,16.13,0,0.0,155.116,138.986,2,B3245,passenger_flight,Position,Delivery
46,114,Delivery,2,2,2,2,805,808,19:05,19:08,3,0,0.0,2,8.534,138.986,147.52,1,B3245,delivery_service,Delivery,Delivery
46,115,Delivery,2,2,2,2,808,811,19:08,19:11,3,0,0.0,2,8.534,147.52,156.054,0,B3258,delivery_service,Delivery,Delivery
47,0,Stay,8,8,8,8,0,98,05:40,07:18,98,0,0.0,98,0.0,160.0,160.0,0,B70,parking_charging,Position,Pickup
47,1,Pickup,8,8,8,8,98,101,07:18,07:21,3,0,0.0,2,0.0,160.0,160.0,1,B70,pickup_service,Pickup,Pickup
47,2,Stay,8,8,8,8,101,104,07:21,07:24,3,0,0.0,3,0.0,160.0,160.0,1,B70,parking_charging,Position,Movement
47,3,Movement,8,2,8,2,104,114,07:24,07:34,10,10,32.38,0,0.0,160.0,127.62,1,B70,passenger_flight,Position,Delivery
47,4,Delivery,2,2,2,2,114,117,07:34,07:37,3,0,0.0,2,8.534,127.62,136.154,0,B70,delivery_service,Delivery,Delivery
47,5,Stay,2,2,2,2,117,159,07:37,08:19,42,0,0.0,42,23.846,136.154,160.0,0,B205,parking_charging,Position,Pickup
47,6,Pickup,2,2,2,2,159,162,08:19,08:22,3,0,0.0,2,0.0,160.0,160.0,1,B205,pickup_service,Pickup,Pickup
47,7,Stay,2,2,2,2,162,165,08:22,08:25,3,0,0.0,3,0.0,160.0,160.0,1,B205,parking_charging,Position,Movement
47,8,Movement,2,1,2,1,165,172,08:25,08:32,7,7,13.61,0,0.0,160.0,146.39,1,B205,passenger_flight,Position,Delivery
47,9,Delivery,1,1,1,1,172,175,08:32,08:35,3,0,0.0,2,8.534,146.39,154.924,0,B205,delivery_service,Delivery,Delivery
47,10,Stay,1,1,1,1,175,193,08:35,08:53,18,0,0.0,18,5.076,154.924,160.0,0,B325,parking_charging,Position,Pickup
47,11,Pickup,1,1,1,1,193,196,08:53,08:56,3,0,0.0,2,0.0,160.0,160.0,1,B325,pickup_service,Pickup,Pickup
47,12,Movement,1,9,1,9,196,212,08:56,09:12,16,16,57.72,0,0.0,160.0,102.28,1,B325,passenger_flight,Position,Delivery
47,13,Delivery,9,9,9,9,212,215,09:12,09:15,3,0,0.0,2,8.534,102.28,110.814,0,B325,delivery_service,Delivery,Delivery
47,14,Stay,9,9,9,9,215,225,09:15,09:25,10,0,0.0,10,42.67,110.814,153.484,0,B415,parking_charging,Position,Pickup
47,15,Pickup,9,9,9,9,225,228,09:25,09:28,3,0,0.0,2,6.516,153.484,160.0,1,B415,pickup_service,Pickup,Pickup
47,16,Pickup,9,9,9,9,228,231,09:28,09:31,3,0,0.0,2,0.0,160.0,160.0,2,B428,pickup_service,Pickup,Pickup
47,17,Movement,9,7,9,7,231,243,09:31,09:43,12,12,40.12,0,0.0,160.0,119.88,2,B415,passenger_flight,Position,Delivery
47,18,Delivery,7,7,7,7,243,246,09:43,09:46,3,0,0.0,2,8.534,119.88,128.414,1,B415,delivery_service,Delivery,Delivery
47,19,Delivery,7,7,7,7,246,249,09:46,09:49,3,0,0.0,2,8.534,128.414,136.948,0,B428,delivery_service,Delivery,Delivery
47,20,Stay,7,7,7,7,249,273,09:49,10:13,24,0,0.0,24,23.052,136.948,160.0,0,B582,parking_charging,Position,Pickup
47,21,Pickup,7,7,7,7,273,276,10:13,10:16,3,0,0.0,2,0.0,160.0,160.0,1,B582,pickup_service,Pickup,Pickup
47,22,Movement,7,1,7,1,276,283,10:16,10:23,7,7,21.03,0,0.0,160.0,138.97,1,B582,passenger_flight,Position,Delivery
47,23,Delivery,1,1,1,1,283,286,10:23,10:26,3,0,0.0,2,8.534,138.97,147.504,0,B582,delivery_service,Delivery,Delivery
47,24,Stay,1,1,1,1,286,288,10:26,10:28,2,0,0.0,2,8.534,147.504,156.038,0,B689,parking_charging,Position,Movement
47,25,Movement,1,3,1,3,288,294,10:28,10:34,6,6,9.61,0,0.0,156.038,146.428,0,B689,empty_repositioning,Position,Pickup
47,26,Pickup,3,3,3,3,294,297,10:34,10:37,3,0,0.0,2,8.534,146.428,154.962,1,B689,pickup_service,Pickup,Pickup
47,27,Stay,3,3,3,3,297,302,10:37,10:42,5,0,0.0,5,5.038,154.962,160.0,1,B689,parking_charging,Position,Movement
47,28,Movement,3,5,3,5,302,310,10:42,10:50,8,8,23.93,0,0.0,160.0,136.07,1,B689,passenger_flight,Position,Delivery
47,29,Delivery,5,5,5,5,310,313,10:50,10:53,3,0,0.0,2,8.534,136.07,144.604,0,B689,delivery_service,Delivery,Delivery
47,30,Stay,5,5,5,5,313,320,10:53,11:00,7,0,0.0,7,15.396,144.604,160.0,0,B816,parking_charging,Position,Pickup
47,31,Pickup,5,5,5,5,320,323,11:00,11:03,3,0,0.0,2,0.0,160.0,160.0,1,B816,pickup_service,Pickup,Pickup
47,32,Movement,5,1,5,1,323,331,11:03,11:11,8,8,14.88,0,0.0,160.0,145.12,1,B816,passenger_flight,Position,Delivery
47,33,Delivery,1,1,1,1,331,334,11:11,11:14,3,0,0.0,2,8.534,145.12,153.654,0,B816,delivery_service,Delivery,Delivery
47,34,Stay,1,1,1,1,334,352,11:14,11:32,18,0,0.0,18,6.346,153.654,160.0,0,B1002,parking_charging,Position,Movement
47,35,Movement,1,6,1,6,352,359,11:32,11:39,7,7,23.39,0,0.0,160.0,136.61,0,B1002,empty_repositioning,Position,Pickup
47,36,Pickup,6,6,6,6,359,362,11:39,11:42,3,0,0.0,2,8.534,136.61,145.144,1,B1002,pickup_service,Pickup,Pickup
47,37,Stay,6,6,6,6,362,366,11:42,11:46,4,0,0.0,4,14.856,145.144,160.0,1,B1002,parking_charging,Position,Movement
47,38,Movement,6,1,6,1,366,373,11:46,11:53,7,7,23.39,0,0.0,160.0,136.61,1,B1002,passenger_flight,Position,Delivery
47,39,Delivery,1,1,1,1,373,376,11:53,11:56,3,0,0.0,2,8.534,136.61,145.144,0,B1002,delivery_service,Delivery,Delivery
47,40,Stay,1,1,1,1,376,380,11:56,12:00,4,0,0.0,4,14.856,145.144,160.0,0,B1082,parking_charging,Position,Movement
47,41,Movement,1,7,1,7,380,387,12:00,12:07,7,7,21.03,0,0.0,160.0,138.97,0,B1082,empty_repositioning,Position,Pickup
47,42,Pickup,7,7,7,7,387,390,12:07,12:10,3,0,0.0,2,8.534,138.97,147.504,1,B1082,pickup_service,Pickup,Pickup
47,43,Movement,7,9,7,9,390,402,12:10,12:22,12,12,40.12,0,0.0,147.504,107.384,1,B1082,passenger_flight,Position,Delivery
47,44,Delivery,9,9,9,9,402,405,12:22,12:25,3,0,0.0,2,8.534,107.384,115.918,0,B1082,delivery_service,Delivery,Delivery
47,45,Stay,9,9,9,9,405,406,12:25,12:26,1,0,0.0,1,4.267,115.918,120.185,0,B1148,parking_charging,Position,Movement
47,46,Movement,9,8,9,8,406,412,12:26,12:32,6,6,18.04,0,0.0,120.185,102.145,0,B1148,empty_repositioning,Position,Pickup
47,47,Pickup,8,8,8,8,412,415,12:32,12:35,3,0,0.0,2,8.534,102.145,110.679,1,B1148,pickup_service,Pickup,Pickup
47,48,Movement,8,4,8,4,415,426,12:35,12:46,11,11,39.54,0,0.0,110.679,71.139,1,B1148,passenger_flight,Position,Delivery
47,49,Delivery,4,4,4,4,426,429,12:46,12:49,3,0,0.0,2,8.534,71.139,79.673,0,B1148,delivery_service,Delivery,Delivery
47,50,Stay,4,4,4,4,429,432,12:49,12:52,3,0,0.0,3,12.801,79.673,92.474,0,B1213,parking_charging,Position,Movement
47,51,Movement,4,7,4,7,432,439,12:52,12:59,7,7,21.43,0,0.0,92.474,71.044,0,B1213,empty_repositioning,Position,Pickup
47,52,Pickup,7,7,7,7,439,442,12:59,13:02,3,0,0.0,2,8.534,71.044,79.578,1,B1213,pickup_service,Pickup,Pickup
47,53,Movement,7,4,7,4,442,449,13:02,13:09,7,7,21.43,0,0.0,79.578,58.148,1,B1213,passenger_flight,Position,Delivery
47,54,Delivery,4,4,4,4,449,452,13:09,13:12,3,0,0.0,2,8.534,58.148,66.682,0,B1213,delivery_service,Delivery,Delivery
47,55,Stay,4,4,4,4,452,495,13:12,13:55,43,0,0.0,43,93.318,66.682,160.0,0,B1323,parking_charging,Position,Pickup
47,56,Pickup,4,4,4,4,495,498,13:55,13:58,3,0,0.0,2,0.0,160.0,160.0,1,B1323,pickup_service,Pickup,Pickup
47,57,Movement,4,2,4,2,498,504,13:58,14:04,6,6,16.13,0,0.0,160.0,143.87,1,B1323,passenger_flight,Position,Delivery
47,58,Delivery,2,2,2,2,504,507,14:04,14:07,3,0,0.0,2,8.534,143.87,152.404,0,B1323,delivery_service,Delivery,Delivery
47,59,Stay,2,2,2,2,507,508,14:07,14:08,1,0,0.0,1,4.267,152.404,156.671,0,B1363,parking_charging,Position,Pickup
47,60,Pickup,2,2,2,2,508,511,14:08,14:11,3,0,0.0,2,3.329,156.671,160.0,1,B1363,pickup_service,Pickup,Pickup
47,61,Stay,2,2,2,2,511,514,14:11,14:14,3,0,0.0,3,0.0,160.0,160.0,1,B1363,parking_charging,Position,Movement
47,62,Movement,2,6,2,6,514,525,14:14,14:25,11,11,37.0,0,0.0,160.0,123.0,1,B1363,passenger_flight,Position,Delivery
47,63,Delivery,6,6,6,6,525,528,14:25,14:28,3,0,0.0,2,8.534,123.0,131.534,0,B1363,delivery_service,Delivery,Delivery
47,64,Pickup,6,6,6,6,528,531,14:28,14:31,3,0,0.0,2,8.534,131.534,140.068,2,B1435,pickup_service,Pickup,Pickup
47,65,Movement,6,7,6,7,531,543,14:31,14:43,12,12,43.48,0,0.0,140.068,96.588,2,B1435,passenger_flight,Position,Delivery
47,66,Delivery,7,7,7,7,543,546,14:43,14:46,3,0,0.0,2,8.534,96.588,105.122,0,B1435,delivery_service,Delivery,Delivery
47,67,Stay,7,7,7,7,546,551,14:46,14:51,5,0,0.0,5,21.335,105.122,126.457,0,B1581,parking_charging,Position,Movement
47,68,Movement,7,3,7,3,551,558,14:51,14:58,7,7,13.33,0,0.0,126.457,113.127,0,B1581,empty_repositioning,Position,Pickup
47,69,Pickup,3,3,3,3,558,561,14:58,15:01,3,0,0.0,2,8.534,113.127,121.661,3,B1581,pickup_service,Pickup,Pickup
47,70,Movement,3,5,3,5,561,569,15:01,15:09,8,8,23.93,0,0.0,121.661,97.731,3,B1581,passenger_flight,Position,Delivery
47,71,Delivery,5,5,5,5,569,572,15:09,15:12,3,0,0.0,2,8.534,97.731,106.265,0,B1581,delivery_service,Delivery,Delivery
47,72,Stay,5,5,5,5,572,581,15:12,15:21,9,0,0.0,9,38.403,106.265,144.668,0,B1696,parking_charging,Position,Movement
47,73,Movement,5,6,5,6,581,588,15:21,15:28,7,7,12.76,0,0.0,144.668,131.908,0,B1696,empty_repositioning,Position,Pickup
47,74,Pickup,6,6,6,6,588,591,15:28,15:31,3,0,0.0,2,8.534,131.908,140.442,1,B1696,pickup_service,Pickup,Pickup
47,75,Movement,6,3,6,3,591,601,15:31,15:41,10,10,32.98,0,0.0,140.442,107.462,1,B1696,passenger_flight,Position,Delivery
47,76,Delivery,3,3,3,3,601,604,15:41,15:44,3,0,0.0,2,8.534,107.462,115.996,0,B1696,delivery_service,Delivery,Delivery
47,77,Pickup,3,3,3,3,604,607,15:44,15:47,3,0,0.0,2,8.534,115.996,124.53,1,B1776,pickup_service,Pickup,Pickup
47,78,Pickup,3,3,3,3,607,610,15:47,15:50,3,0,0.0,2,8.534,124.53,133.064,2,B1788,pickup_service,Pickup,Pickup
47,79,Movement,3,5,3,5,610,618,15:50,15:58,8,8,23.93,0,0.0,133.064,109.134,2,B1776,passenger_flight,Position,Delivery
47,80,Delivery,5,5,5,5,618,621,15:58,16:01,3,0,0.0,2,8.534,109.134,117.668,1,B1776,delivery_service,Delivery,Delivery
47,81,Movement,5,10,5,10,621,631,16:01,16:11,10,10,33.52,0,0.0,117.668,84.148,1,B1788,passenger_flight,Position,Delivery
47,82,Delivery,10,10,10,10,631,634,16:11,16:14,3,0,0.0,2,8.534,84.148,92.682,0,B1788,delivery_service,Delivery,Delivery
47,83,Pickup,10,10,10,10,634,637,16:14,16:17,3,0,0.0,2,8.534,92.682,101.216,1,B1943,pickup_service,Pickup,Pickup
47,84,Pickup,10,10,10,10,637,640,16:17,16:20,3,0,0.0,2,8.534,101.216,109.75,2,B1933,pickup_service,Pickup,Pickup
47,85,Movement,10,3,10,3,640,655,16:20,16:35,15,15,54.92,0,0.0,109.75,54.83,2,B1933,passenger_flight,Position,Delivery
47,86,Delivery,3,3,3,3,655,658,16:35,16:38,3,0,0.0,2,8.534,54.83,63.364,1,B1933,delivery_service,Delivery,Delivery
47,87,Delivery,3,3,3,3,658,661,16:38,16:41,3,0,0.0,2,8.534,63.364,71.898,0,B1943,delivery_service,Delivery,Delivery
47,88,Stay,3,3,3,3,661,666,16:41,16:46,5,0,0.0,5,21.335,71.898,93.233,0,B2153,parking_charging,Position,Pickup
47,89,Pickup,3,3,3,3,666,669,16:46,16:49,3,0,0.0,2,8.534,93.233,101.767,1,B2153,pickup_service,Pickup,Pickup
47,90,Movement,3,1,3,1,669,675,16:49,16:55,6,6,9.61,0,0.0,101.767,92.157,1,B2153,passenger_flight,Position,Delivery
47,91,Delivery,1,1,1,1,675,678,16:55,16:58,3,0,0.0,2,8.534,92.157,100.691,0,B2153,delivery_service,Delivery,Delivery
47,92,Stay,1,1,1,1,678,679,16:58,16:59,1,0,0.0,1,4.267,100.691,104.958,0,B2252,parking_charging,Position,Pickup
47,93,Pickup,1,1,1,1,679,682,16:59,17:02,3,0,0.0,2,8.534,104.958,113.492,2,B2252,pickup_service,Pickup,Pickup
47,94,Movement,1,5,1,5,682,690,17:02,17:10,8,8,14.88,0,0.0,113.492,98.612,2,B2252,passenger_flight,Position,Delivery
47,95,Delivery,5,5,5,5,690,693,17:10,17:13,3,0,0.0,2,8.534,98.612,107.146,0,B2252,delivery_service,Delivery,Delivery
47,96,Stay,5,5,5,5,693,711,17:13,17:31,18,0,0.0,18,52.854,107.146,160.0,0,B2610,parking_charging,Position,Pickup
47,97,Pickup,5,5,5,5,711,714,17:31,17:34,3,0,0.0,2,0.0,160.0,160.0,1,B2610,pickup_service,Pickup,Pickup
47,98,Movement,5,3,5,3,714,722,17:34,17:42,8,8,23.93,0,0.0,160.0,136.07,1,B2610,passenger_flight,Position,Delivery
47,99,Delivery,3,3,3,3,722,725,17:42,17:45,3,0,0.0,2,8.534,136.07,144.604,0,B2610,delivery_service,Delivery,Delivery
47,100,Pickup,3,3,3,3,725,728,17:45,17:48,3,0,0.0,2,8.534,144.604,153.138,2,B2735,pickup_service,Pickup,Pickup
47,101,Movement,3,1,3,1,728,734,17:48,17:54,6,6,9.61,0,0.0,153.138,143.528,2,B2735,passenger_flight,Position,Delivery
47,102,Delivery,1,1,1,1,734,737,17:54,17:57,3,0,0.0,2,8.534,143.528,152.062,0,B2735,delivery_service,Delivery,Delivery
47,103,Pickup,1,1,1,1,737,740,17:57,18:00,3,0,0.0,2,7.938,152.062,160.0,2,B2853,pickup_service,Pickup,Pickup
47,104,Movement,1,10,1,10,740,753,18:00,18:13,13,13,47.44,0,0.0,160.0,112.56,2,B2853,passenger_flight,Position,Delivery
47,105,Delivery,10,10,10,10,753,756,18:13,18:16,3,0,0.0,2,8.534,112.56,121.094,0,B2853,delivery_service,Delivery,Delivery
47,106,Stay,10,10,10,10,756,761,18:16,18:21,5,0,0.0,5,21.335,121.094,142.429,0,B3055,parking_charging,Position,Pickup
47,107,Pickup,10,10,10,10,761,764,18:21,18:24,3,0,0.0,2,8.534,142.429,150.963,1,B3055,pickup_service,Pickup,Pickup
47,108,Movement,10,4,10,4,764,776,18:24,18:36,12,12,42.86,0,0.0,150.963,108.103,1,B3148,passenger_flight,Position,Pickup
47,109,Pickup,4,4,4,4,776,779,18:36,18:39,3,0,0.0,2,8.534,108.103,116.637,2,B3148,pickup_service,Pickup,Pickup
47,110,Delivery,4,4,4,4,779,782,18:39,18:42,3,0,0.0,2,8.534,116.637,125.171,1,B3055,delivery_service,Delivery,Delivery
47,111,Movement,4,3,4,3,782,789,18:42,18:49,7,7,12.6,0,0.0,125.171,112.571,1,B3148,passenger_flight,Position,Delivery
47,112,Delivery,3,3,3,3,789,792,18:49,18:52,3,0,0.0,2,8.534,112.571,121.105,0,B3148,delivery_service,Delivery,Delivery
47,113,Stay,3,3,3,3,792,800,18:52,19:00,8,0,0.0,8,34.136,121.105,155.241,0,B3311,parking_charging,Position,Movement
47,114,Movement,3,1,3,1,800,806,19:00,19:06,6,6,9.61,0,0.0,155.241,145.631,0,B3311,empty_repositioning,Position,Pickup
47,115,Pickup,1,1,1,1,806,809,19:06,19:09,3,0,0.0,2,8.534,145.631,154.165,1,B3311,pickup_service,Pickup,Pickup
47,116,Movement,1,3,1,3,809,815,19:09,19:15,6,6,9.61,0,0.0,154.165,144.555,1,B3311,passenger_flight,Position,Delivery
47,117,Delivery,3,3,3,3,815,818,19:15,19:18,3,0,0.0,2,8.534,144.555,153.089,0,B3311,delivery_service,Delivery,Delivery
48,0,Stay,9,9,9,9,0,149,05:40,08:09,149,0,0.0,149,0.0,160.0,160.0,0,B190,parking_charging,Position,Movement
48,1,Movement,9,8,9,8,149,155,08:09,08:15,6,6,18.04,0,0.0,160.0,141.96,0,B190,empty_repositioning,Position,Pickup
48,2,Pickup,8,8,8,8,155,158,08:15,08:18,3,0,0.0,2,8.534,141.96,150.494,1,B190,pickup_service,Pickup,Pickup
48,3,Movement,8,4,8,4,158,169,08:18,08:29,11,11,39.54,0,0.0,150.494,110.954,1,B190,passenger_flight,Position,Delivery
48,4,Delivery,4,4,4,4,169,172,08:29,08:32,3,0,0.0,2,8.534,110.954,119.488,0,B190,delivery_service,Delivery,Delivery
48,5,Stay,4,4,4,4,172,180,08:32,08:40,8,0,0.0,8,34.136,119.488,153.624,0,B301,parking_charging,Position,Movement
48,6,Movement,4,6,4,6,180,187,08:40,08:47,7,7,22.06,0,0.0,153.624,131.564,0,B301,empty_repositioning,Position,Pickup
48,7,Pickup,6,6,6,6,187,190,08:47,08:50,3,0,0.0,2,8.534,131.564,140.098,1,B301,pickup_service,Pickup,Pickup
48,8,Movement,6,2,6,2,190,201,08:50,09:01,11,11,37.0,0,0.0,140.098,103.098,1,B301,passenger_flight,Position,Delivery
48,9,Delivery,2,2,2,2,201,204,09:01,09:04,3,0,0.0,2,8.534,103.098,111.632,0,B301,delivery_service,Delivery,Delivery
48,10,Stay,2,2,2,2,204,209,09:04,09:09,5,0,0.0,5,21.335,111.632,132.967,0,B376,parking_charging,Position,Pickup
48,11,Pickup,2,2,2,2,209,212,09:09,09:12,3,0,0.0,2,8.534,132.967,141.501,1,B376,pickup_service,Pickup,Pickup
48,12,Pickup,2,2,2,2,212,215,09:12,09:15,3,0,0.0,2,8.534,141.501,150.035,3,B380,pickup_service,Pickup,Pickup
48,13,Movement,2,4,2,4,215,221,09:15,09:21,6,6,16.13,0,0.0,150.035,133.905,3,B376,passenger_flight,Position,Delivery
48,14,Delivery,4,4,4,4,221,224,09:21,09:24,3,0,0.0,2,8.534,133.905,142.439,2,B376,delivery_service,Delivery,Delivery
48,15,Delivery,4,4,4,4,224,227,09:24,09:27,3,0,0.0,2,8.534,142.439,150.973,0,B380,delivery_service,Delivery,Delivery
48,16,Stay,4,4,4,4,227,245,09:27,09:45,18,0,0.0,18,9.027,150.973,160.0,0,B477,parking_charging,Position,Movement
48,17,Movement,4,6,4,6,245,252,09:45,09:52,7,7,22.06,0,0.0,160.0,137.94,0,B477,empty_repositioning,Position,Pickup
48,18,Pickup,6,6,6,6,252,255,09:52,09:55,3,0,0.0,2,8.534,137.94,146.474,1,B477,pickup_service,Pickup,Pickup
48,19,Movement,6,1,6,1,255,262,09:55,10:02,7,7,23.39,0,0.0,146.474,123.084,1,B477,passenger_flight,Position,Delivery
48,20,Delivery,1,1,1,1,262,265,10:02,10:05,3,0,0.0,2,8.534,123.084,131.618,0,B477,delivery_service,Delivery,Delivery
48,21,Stay,1,1,1,1,265,270,10:05,10:10,5,0,0.0,5,21.335,131.618,152.953,0,B591,parking_charging,Position,Movement
48,22,Movement,1,3,1,3,270,276,10:10,10:16,6,6,9.61,0,0.0,152.953,143.343,0,B591,empty_repositioning,Position,Pickup
48,23,Pickup,3,3,3,3,276,279,10:16,10:19,3,0,0.0,2,8.534,143.343,151.877,1,B591,pickup_service,Pickup,Pickup
48,24,Stay,3,3,3,3,279,283,10:19,10:23,4,0,0.0,4,8.123,151.877,160.0,1,B591,parking_charging,Position,Movement
48,25,Movement,3,4,3,4,283,290,10:23,10:30,7,7,12.6,0,0.0,160.0,147.4,1,B591,passenger_flight,Position,Delivery
48,26,Delivery,4,4,4,4,290,293,10:30,10:33,3,0,0.0,2,8.534,147.4,155.934,0,B591,delivery_service,Delivery,Delivery
48,27,Stay,4,4,4,4,293,301,10:33,10:41,8,0,0.0,8,4.066,155.934,160.0,0,B726,parking_charging,Position,Pickup
48,28,Pickup,4,4,4,4,301,304,10:41,10:44,3,0,0.0,2,0.0,160.0,160.0,1,B726,pickup_service,Pickup,Pickup
48,29,Movement,4,3,4,3,304,311,10:44,10:51,7,7,12.6,0,0.0,160.0,147.4,1,B726,passenger_flight,Position,Delivery
48,30,Delivery,3,3,3,3,311,314,10:51,10:54,3,0,0.0,2,8.534,147.4,155.934,0,B726,delivery_service,Delivery,Delivery
48,31,Stay,3,3,3,3,314,317,10:54,10:57,3,0,0.0,3,4.066,155.934,160.0,0,B814,parking_charging,Position,Pickup
48,32,Pickup,3,3,3,3,317,320,10:57,11:00,3,0,0.0,2,0.0,160.0,160.0,1,B814,pickup_service,Pickup,Pickup
48,33,Movement,3,4,3,4,320,327,11:00,11:07,7,7,12.6,0,0.0,160.0,147.4,1,B814,passenger_flight,Position,Delivery
48,34,Delivery,4,4,4,4,327,330,11:07,11:10,3,0,0.0,2,8.534,147.4,155.934,0,B814,delivery_service,Delivery,Delivery
48,35,Stay,4,4,4,4,330,346,11:10,11:26,16,0,0.0,16,4.066,155.934,160.0,0,B953,parking_charging,Position,Pickup
48,36,Pickup,4,4,4,4,346,349,11:26,11:29,3,0,0.0,2,0.0,160.0,160.0,1,B953,pickup_service,Pickup,Pickup
48,37,Movement,4,7,4,7,349,356,11:29,11:36,7,7,21.43,0,0.0,160.0,138.57,1,B953,passenger_flight,Position,Delivery
48,38,Delivery,7,7,7,7,356,359,11:36,11:39,3,0,0.0,2,8.534,138.57,147.104,0,B953,delivery_service,Delivery,Delivery
48,39,Stay,7,7,7,7,359,375,11:39,11:55,16,0,0.0,16,12.896,147.104,160.0,0,B1054,parking_charging,Position,Pickup
48,40,Pickup,7,7,7,7,375,378,11:55,11:58,3,0,0.0,2,0.0,160.0,160.0,1,B1054,pickup_service,Pickup,Pickup
48,41,Movement,7,4,7,4,378,385,11:58,12:05,7,7,21.43,0,0.0,160.0,138.57,1,B1054,passenger_flight,Position,Delivery
48,42,Delivery,4,4,4,4,385,388,12:05,12:08,3,0,0.0,2,8.534,138.57,147.104,0,B1054,delivery_service,Delivery,Delivery
48,43,Movement,4,6,4,6,388,395,12:08,12:15,7,7,22.06,0,0.0,147.104,125.044,0,B1098,empty_repositioning,Position,Pickup
48,44,Pickup,6,6,6,6,395,398,12:15,12:18,3,0,0.0,2,8.534,125.044,133.578,1,B1098,pickup_service,Pickup,Pickup
48,45,Stay,6,6,6,6,398,401,12:18,12:21,3,0,0.0,3,12.801,133.578,146.379,1,B1098,parking_charging,Position,Movement
48,46,Movement,6,7,6,7,401,413,12:21,12:33,12,12,43.48,0,0.0,146.379,102.899,1,B1098,passenger_flight,Position,Delivery
48,47,Delivery,7,7,7,7,413,416,12:33,12:36,3,0,0.0,2,8.534,102.899,111.433,0,B1098,delivery_service,Delivery,Delivery
48,48,Pickup,7,7,7,7,416,419,12:36,12:39,3,0,0.0,2,8.534,111.433,119.967,1,B1155,pickup_service,Pickup,Pickup
48,49,Movement,7,1,7,1,419,426,12:39,12:46,7,7,21.03,0,0.0,119.967,98.937,1,B1155,passenger_flight,Position,Delivery
48,50,Delivery,1,1,1,1,426,429,12:46,12:49,3,0,0.0,2,8.534,98.937,107.471,0,B1155,delivery_service,Delivery,Delivery
48,51,Stay,1,1,1,1,429,430,12:49,12:50,1,0,0.0,1,4.267,107.471,111.738,0,B1207,parking_charging,Position,Movement
48,52,Movement,1,7,1,7,430,437,12:50,12:57,7,7,21.03,0,0.0,111.738,90.708,0,B1207,empty_repositioning,Position,Pickup
48,53,Pickup,7,7,7,7,437,440,12:57,13:00,3,0,0.0,2,8.534,90.708,99.242,1,B1207,pickup_service,Pickup,Pickup
48,54,Movement,7,1,7,1,440,447,13:00,13:07,7,7,21.03,0,0.0,99.242,78.212,1,B1207,passenger_flight,Position,Delivery
48,55,Delivery,1,1,1,1,447,450,13:07,13:10,3,0,0.0,2,8.534,78.212,86.746,0,B1207,delivery_service,Delivery,Delivery
48,56,Stay,1,1,1,1,450,459,13:10,13:19,9,0,0.0,9,38.403,86.746,125.149,0,B1246,parking_charging,Position,Pickup
48,57,Pickup,1,1,1,1,459,462,13:19,13:22,3,0,0.0,2,8.534,125.149,133.683,1,B1246,pickup_service,Pickup,Pickup
48,58,Stay,1,1,1,1,462,466,13:22,13:26,4,0,0.0,4,17.068,133.683,150.751,1,B1246,parking_charging,Position,Movement
48,59,Movement,1,8,1,8,466,478,13:26,13:38,12,12,41.05,0,0.0,150.751,109.701,1,B1246,passenger_flight,Position,Delivery
48,60,Delivery,8,8,8,8,478,481,13:38,13:41,3,0,0.0,2,8.534,109.701,118.235,0,B1246,delivery_service,Delivery,Delivery
48,61,Stay,8,8,8,8,481,484,13:41,13:44,3,0,0.0,3,12.801,118.235,131.036,0,B1294,parking_charging,Position,Pickup
48,62,Pickup,8,8,8,8,484,487,13:44,13:47,3,0,0.0,2,8.534,131.036,139.57,1,B1294,pickup_service,Pickup,Pickup
48,63,Movement,8,3,8,3,487,497,13:47,13:57,10,10,35.17,0,0.0,139.57,104.4,1,B1294,passenger_flight,Position,Delivery
48,64,Delivery,3,3,3,3,497,500,13:57,14:00,3,0,0.0,2,8.534,104.4,112.934,0,B1294,delivery_service,Delivery,Delivery
48,65,Stay,3,3,3,3,500,516,14:00,14:16,16,0,0.0,16,47.066,112.934,160.0,0,B1401,parking_charging,Position,Pickup
48,66,Pickup,3,3,3,3,516,519,14:16,14:19,3,0,0.0,2,0.0,160.0,160.0,1,B1401,pickup_service,Pickup,Pickup
48,67,Stay,3,3,3,3,519,523,14:19,14:23,4,0,0.0,4,0.0,160.0,160.0,1,B1401,parking_charging,Position,Movement
48,68,Movement,3,4,3,4,523,530,14:23,14:30,7,7,12.6,0,0.0,160.0,147.4,1,B1401,passenger_flight,Position,Delivery
48,69,Delivery,4,4,4,4,530,533,14:30,14:33,3,0,0.0,2,8.534,147.4,155.934,0,B1401,delivery_service,Delivery,Delivery
48,70,Stay,4,4,4,4,533,560,14:33,15:00,27,0,0.0,27,4.066,155.934,160.0,0,B1585,parking_charging,Position,Pickup
48,71,Pickup,4,4,4,4,560,563,15:00,15:03,3,0,0.0,2,0.0,160.0,160.0,1,B1585,pickup_service,Pickup,Pickup
48,72,Movement,4,7,4,7,563,570,15:03,15:10,7,7,21.43,0,0.0,160.0,138.57,1,B1585,passenger_flight,Position,Delivery
48,73,Delivery,7,7,7,7,570,573,15:10,15:13,3,0,0.0,2,8.534,138.57,147.104,0,B1585,delivery_service,Delivery,Delivery
48,74,Stay,7,7,7,7,573,586,15:13,15:26,13,0,0.0,13,12.896,147.104,160.0,0,B1722,parking_charging,Position,Movement
48,75,Movement,7,3,7,3,586,593,15:26,15:33,7,7,13.33,0,0.0,160.0,146.67,0,B1722,empty_repositioning,Position,Pickup
48,76,Pickup,3,3,3,3,593,596,15:33,15:36,3,0,0.0,2,8.534,146.67,155.204,1,B1722,pickup_service,Pickup,Pickup
48,77,Stay,3,3,3,3,596,597,15:36,15:37,1,0,0.0,1,4.267,155.204,159.471,1,B1741,parking_charging,Position,Pickup
48,78,Pickup,3,3,3,3,597,600,15:37,15:40,3,0,0.0,2,0.529,159.471,160.0,2,B1741,pickup_service,Pickup,Pickup
48,79,Movement,3,5,3,5,600,608,15:40,15:48,8,8,23.93,0,0.0,160.0,136.07,2,B1722,passenger_flight,Position,Delivery
48,80,Delivery,5,5,5,5,608,611,15:48,15:51,3,0,0.0,2,8.534,136.07,144.604,1,B1722,delivery_service,Delivery,Delivery
48,81,Delivery,5,5,5,5,611,614,15:51,15:54,3,0,0.0,2,8.534,144.604,153.138,0,B1741,delivery_service,Delivery,Delivery
48,82,Stay,5,5,5,5,614,620,15:54,16:00,6,0,0.0,6,6.862,153.138,160.0,0,B1897,parking_charging,Position,Movement
48,83,Movement,5,1,5,1,620,628,16:00,16:08,8,8,14.88,0,0.0,160.0,145.12,0,B1897,empty_repositioning,Position,Pickup
48,84,Pickup,1,1,1,1,628,631,16:08,16:11,3,0,0.0,2,8.534,145.12,153.654,1,B1897,pickup_service,Pickup,Pickup
48,85,Movement,1,5,1,5,631,639,16:11,16:19,8,8,14.88,0,0.0,153.654,138.774,1,B1897,passenger_flight,Position,Delivery
48,86,Delivery,5,5,5,5,639,642,16:19,16:22,3,0,0.0,2,8.534,138.774,147.308,0,B1897,delivery_service,Delivery,Delivery
48,87,Stay,5,5,5,5,642,645,16:22,16:25,3,0,0.0,3,12.692,147.308,160.0,0,B2044,parking_charging,Position,Movement
48,88,Movement,5,4,5,4,645,651,16:25,16:31,6,6,11.45,0,0.0,160.0,148.55,0,B2044,empty_repositioning,Position,Pickup
48,89,Pickup,4,4,4,4,651,654,16:31,16:34,3,0,0.0,2,8.534,148.55,157.084,1,B2044,pickup_service,Pickup,Pickup
48,90,Movement,4,7,4,7,654,661,16:34,16:41,7,7,21.43,0,0.0,157.084,135.654,1,B2044,passenger_flight,Position,Delivery
48,91,Delivery,7,7,7,7,661,664,16:41,16:44,3,0,0.0,2,8.534,135.654,144.188,0,B2044,delivery_service,Delivery,Delivery
48,92,Movement,7,2,7,2,664,670,16:44,16:50,6,6,10.2,0,0.0,144.188,133.988,0,B2178,empty_repositioning,Position,Pickup
48,93,Pickup,2,2,2,2,670,673,16:50,16:53,3,0,0.0,2,8.534,133.988,142.522,1,B2178,pickup_service,Pickup,Pickup
48,94,Movement,2,1,2,1,673,680,16:53,17:00,7,7,13.61,0,0.0,142.522,128.912,1,B2178,passenger_flight,Position,Delivery
48,95,Delivery,1,1,1,1,680,683,17:00,17:03,3,0,0.0,2,8.534,128.912,137.446,0,B2178,delivery_service,Delivery,Delivery
48,96,Stay,1,1,1,1,683,684,17:03,17:04,1,0,0.0,1,4.267,137.446,141.713,0,B2304,parking_charging,Position,Pickup
48,97,Pickup,1,1,1,1,684,687,17:04,17:07,3,0,0.0,2,8.534,141.713,150.247,2,B2304,pickup_service,Pickup,Pickup
48,98,Movement,1,3,1,3,687,693,17:07,17:13,6,6,9.61,0,0.0,150.247,140.637,2,B2304,passenger_flight,Position,Delivery
48,99,Delivery,3,3,3,3,693,696,17:13,17:16,3,0,0.0,2,8.534,140.637,149.171,0,B2304,delivery_service,Delivery,Delivery
48,100,Stay,3,3,3,3,696,698,17:16,17:18,2,0,0.0,2,8.534,149.171,157.705,0,B2467,parking_charging,Position,Pickup
48,101,Pickup,3,3,3,3,698,701,17:18,17:21,3,0,0.0,2,2.295,157.705,160.0,2,B2467,pickup_service,Pickup,Pickup
48,102,Movement,3,5,3,5,701,709,17:21,17:29,8,8,23.93,0,0.0,160.0,136.07,2,B2467,passenger_flight,Position,Delivery
48,103,Delivery,5,5,5,5,709,712,17:29,17:32,3,0,0.0,2,8.534,136.07,144.604,0,B2467,delivery_service,Delivery,Delivery
48,104,Stay,5,5,5,5,712,720,17:32,17:40,8,0,0.0,8,15.396,144.604,160.0,0,B2769,parking_charging,Position,Movement
48,105,Movement,5,3,5,3,720,728,17:40,17:48,8,8,23.93,0,0.0,160.0,136.07,0,B2769,empty_repositioning,Position,Pickup
48,106,Pickup,3,3,3,3,728,731,17:48,17:51,3,0,0.0,2,8.534,136.07,144.604,2,B2769,pickup_service,Pickup,Pickup
48,107,Pickup,3,3,3,3,731,734,17:51,17:54,3,0,0.0,2,8.534,144.604,153.138,3,B2816,pickup_service,Pickup,Pickup
48,108,Movement,3,5,3,5,734,742,17:54,18:02,8,8,23.93,0,0.0,153.138,129.208,3,B2769,passenger_flight,Position,Delivery
48,109,Delivery,5,5,5,5,742,745,18:02,18:05,3,0,0.0,2,8.534,129.208,137.742,1,B2769,delivery_service,Delivery,Delivery
48,110,Delivery,5,5,5,5,745,748,18:05,18:08,3,0,0.0,2,8.534,137.742,146.276,0,B2816,delivery_service,Delivery,Delivery
48,111,Stay,5,5,5,5,748,760,18:08,18:20,12,0,0.0,12,13.724,146.276,160.0,0,B3073,parking_charging,Position,Movement
48,112,Movement,5,4,5,4,760,766,18:20,18:26,6,6,11.45,0,0.0,160.0,148.55,0,B3073,empty_repositioning,Position,Pickup
48,113,Pickup,4,4,4,4,766,769,18:26,18:29,3,0,0.0,2,8.534,148.55,157.084,1,B3073,pickup_service,Pickup,Pickup
48,114,Movement,4,7,4,7,769,776,18:29,18:36,7,7,21.43,0,0.0,157.084,135.654,1,B3073,passenger_flight,Position,Delivery
48,115,Delivery,7,7,7,7,776,779,18:36,18:39,3,0,0.0,2,8.534,135.654,144.188,0,B3073,delivery_service,Delivery,Delivery
48,116,Stay,7,7,7,7,779,786,18:39,18:46,7,0,0.0,7,15.812,144.188,160.0,0,B3217,parking_charging,Position,Pickup
48,117,Pickup,7,7,7,7,786,789,18:46,18:49,3,0,0.0,2,0.0,160.0,160.0,1,B3217,pickup_service,Pickup,Pickup
48,118,Movement,7,4,7,4,789,796,18:49,18:56,7,7,21.43,0,0.0,160.0,138.57,1,B3217,passenger_flight,Position,Delivery
48,119,Delivery,4,4,4,4,796,799,18:56,18:59,3,0,0.0,2,8.534,138.57,147.104,0,B3217,delivery_service,Delivery,Delivery
48,120,Stay,4,4,4,4,799,800,18:59,19:00,1,0,0.0,1,4.267,147.104,151.371,0,B3269,parking_charging,Position,Pickup
48,121,Pickup,4,4,4,4,800,803,19:00,19:03,3,0,0.0,2,8.534,151.371,159.905,1,B3269,pickup_service,Pickup,Pickup
48,122,Movement,4,3,4,3,803,810,19:03,19:10,7,7,12.6,0,0.0,159.905,147.305,1,B3269,passenger_flight,Position,Delivery
48,123,Delivery,3,3,3,3,810,813,19:10,19:13,3,0,0.0,2,8.534,147.305,155.839,0,B3269,delivery_service,Delivery,Delivery
49,0,Stay,10,10,10,10,0,101,05:40,07:21,101,0,0.0,101,0.0,160.0,160.0,0,B75,parking_charging,Position,Pickup
49,1,Pickup,10,10,10,10,101,104,07:21,07:24,3,0,0.0,2,0.0,160.0,160.0,1,B75,pickup_service,Pickup,Pickup
49,2,Pickup,10,10,10,10,104,107,07:24,07:27,3,0,0.0,2,0.0,160.0,160.0,2,B76,pickup_service,Pickup,Pickup
49,3,Movement,10,9,10,9,107,126,07:27,07:46,19,19,69.89,0,0.0,160.0,90.11,2,B75,passenger_flight,Position,Delivery
49,4,Delivery,9,9,9,9,126,129,07:46,07:49,3,0,0.0,2,8.534,90.11,98.644,1,B75,delivery_service,Delivery,Delivery
49,5,Delivery,9,9,9,9,129,132,07:49,07:52,3,0,0.0,2,8.534,98.644,107.178,0,B76,delivery_service,Delivery,Delivery
49,6,Stay,9,9,9,9,132,187,07:52,08:47,55,0,0.0,55,52.822,107.178,160.0,0,B306,parking_charging,Position,Pickup
49,7,Pickup,9,9,9,9,187,190,08:47,08:50,3,0,0.0,2,0.0,160.0,160.0,1,B306,pickup_service,Pickup,Pickup
49,8,Movement,9,7,9,7,190,202,08:50,09:02,12,12,40.12,0,0.0,160.0,119.88,1,B306,passenger_flight,Position,Delivery
49,9,Delivery,7,7,7,7,202,205,09:02,09:05,3,0,0.0,2,8.534,119.88,128.414,0,B306,delivery_service,Delivery,Delivery
49,10,Stay,7,7,7,7,205,207,09:05,09:07,2,0,0.0,2,8.534,128.414,136.948,0,B371,parking_charging,Position,Pickup
49,11,Pickup,7,7,7,7,207,210,09:07,09:10,3,0,0.0,2,8.534,136.948,145.482,1,B371,pickup_service,Pickup,Pickup
49,12,Movement,7,4,7,4,210,217,09:10,09:17,7,7,21.43,0,0.0,145.482,124.052,1,B371,passenger_flight,Position,Delivery
49,13,Delivery,4,4,4,4,217,220,09:17,09:20,3,0,0.0,2,8.534,124.052,132.586,0,B371,delivery_service,Delivery,Delivery
49,14,Stay,4,4,4,4,220,240,09:20,09:40,20,0,0.0,20,27.414,132.586,160.0,0,B462,parking_charging,Position,Movement
49,15,Movement,4,6,4,6,240,247,09:40,09:47,7,7,22.06,0,0.0,160.0,137.94,0,B462,empty_repositioning,Position,Pickup
49,16,Pickup,6,6,6,6,247,250,09:47,09:50,3,0,0.0,2,8.534,137.94,146.474,1,B462,pickup_service,Pickup,Pickup
49,17,Movement,6,1,6,1,250,257,09:50,09:57,7,7,23.39,0,0.0,146.474,123.084,1,B462,passenger_flight,Position,Delivery
49,18,Delivery,1,1,1,1,257,260,09:57,10:00,3,0,0.0,2,8.534,123.084,131.618,0,B462,delivery_service,Delivery,Delivery
49,19,Movement,1,6,1,6,260,267,10:00,10:07,7,7,23.39,0,0.0,131.618,108.228,0,B511,empty_repositioning,Position,Pickup
49,20,Pickup,6,6,6,6,267,270,10:07,10:10,3,0,0.0,2,8.534,108.228,116.762,1,B511,pickup_service,Pickup,Pickup
49,21,Movement,6,3,6,3,270,280,10:10,10:20,10,10,32.98,0,0.0,116.762,83.782,1,B511,passenger_flight,Position,Delivery
49,22,Delivery,3,3,3,3,280,283,10:20,10:23,3,0,0.0,2,8.534,83.782,92.316,0,B511,delivery_service,Delivery,Delivery
49,23,Pickup,3,3,3,3,283,286,10:23,10:26,3,0,0.0,2,8.534,92.316,100.85,1,B616,pickup_service,Pickup,Pickup
49,24,Movement,3,4,3,4,286,293,10:26,10:33,7,7,12.6,0,0.0,100.85,88.25,1,B616,passenger_flight,Position,Delivery
49,25,Delivery,4,4,4,4,293,296,10:33,10:36,3,0,0.0,2,8.534,88.25,96.784,0,B616,delivery_service,Delivery,Delivery
49,26,Stay,4,4,4,4,296,300,10:36,10:40,4,0,0.0,4,17.068,96.784,113.852,0,B720,parking_charging,Position,Pickup
49,27,Pickup,4,4,4,4,300,303,10:40,10:43,3,0,0.0,2,8.534,113.852,122.386,1,B720,pickup_service,Pickup,Pickup
49,28,Movement,4,7,4,7,303,310,10:43,10:50,7,7,21.43,0,0.0,122.386,100.956,1,B720,passenger_flight,Position,Delivery
49,29,Delivery,7,7,7,7,310,313,10:50,10:53,3,0,0.0,2,8.534,100.956,109.49,0,B720,delivery_service,Delivery,Delivery
49,30,Pickup,7,7,7,7,313,316,10:53,10:56,3,0,0.0,2,8.534,109.49,118.024,1,B798,pickup_service,Pickup,Pickup
49,31,Movement,7,4,7,4,316,323,10:56,11:03,7,7,21.43,0,0.0,118.024,96.594,1,B798,passenger_flight,Position,Delivery
49,32,Delivery,4,4,4,4,323,326,11:03,11:06,3,0,0.0,2,8.534,96.594,105.128,0,B798,delivery_service,Delivery,Delivery
49,33,Stay,4,4,4,4,326,355,11:06,11:35,29,0,0.0,29,54.872,105.128,160.0,0,B990,parking_charging,Position,Pickup
49,34,Pickup,4,4,4,4,355,358,11:35,11:38,3,0,0.0,2,0.0,160.0,160.0,1,B990,pickup_service,Pickup,Pickup
49,35,Movement,4,2,4,2,358,364,11:38,11:44,6,6,16.13,0,0.0,160.0,143.87,1,B990,passenger_flight,Position,Delivery
49,36,Delivery,2,2,2,2,364,367,11:44,11:47,3,0,0.0,2,8.534,143.87,152.404,0,B990,delivery_service,Delivery,Delivery
49,37,Stay,2,2,2,2,367,420,11:47,12:40,53,0,0.0,53,7.596,152.404,160.0,0,B1166,parking_charging,Position,Pickup
49,38,Pickup,2,2,2,2,420,423,12:40,12:43,3,0,0.0,2,0.0,160.0,160.0,1,B1166,pickup_service,Pickup,Pickup
49,39,Stay,2,2,2,2,423,425,12:43,12:45,2,0,0.0,2,0.0,160.0,160.0,1,B1182,parking_charging,Position,Pickup
49,40,Pickup,2,2,2,2,425,428,12:45,12:48,3,0,0.0,2,0.0,160.0,160.0,2,B1182,pickup_service,Pickup,Pickup
49,41,Movement,2,5,2,5,428,436,12:48,12:56,8,8,27.57,0,0.0,160.0,132.43,2,B1166,passenger_flight,Position,Delivery
49,42,Delivery,5,5,5,5,436,439,12:56,12:59,3,0,0.0,2,8.534,132.43,140.964,1,B1166,delivery_service,Delivery,Delivery
49,43,Delivery,5,5,5,5,439,442,12:59,13:02,3,0,0.0,2,8.534,140.964,149.498,0,B1182,delivery_service,Delivery,Delivery
49,44,Stay,5,5,5,5,442,480,13:02,13:40,38,0,0.0,38,10.502,149.498,160.0,0,B1303,parking_charging,Position,Movement
49,45,Movement,5,6,5,6,480,487,13:40,13:47,7,7,12.76,0,0.0,160.0,147.24,0,B1303,empty_repositioning,Position,Pickup
49,46,Pickup,6,6,6,6,487,490,13:47,13:50,3,0,0.0,2,8.534,147.24,155.774,1,B1303,pickup_service,Pickup,Pickup
49,47,Pickup,6,6,6,6,490,493,13:50,13:53,3,0,0.0,2,4.226,155.774,160.0,2,B1315,pickup_service,Pickup,Pickup
49,48,Movement,6,7,6,7,493,505,13:53,14:05,12,12,43.48,0,0.0,160.0,116.52,2,B1303,passenger_flight,Position,Delivery
49,49,Delivery,7,7,7,7,505,508,14:05,14:08,3,0,0.0,2,8.534,116.52,125.054,1,B1303,delivery_service,Delivery,Delivery
49,50,Delivery,7,7,7,7,508,511,14:08,14:11,3,0,0.0,2,8.534,125.054,133.588,0,B1315,delivery_service,Delivery,Delivery
49,51,Stay,7,7,7,7,511,520,14:11,14:20,9,0,0.0,9,26.412,133.588,160.0,0,B1427,parking_charging,Position,Movement
49,52,Movement,7,2,7,2,520,526,14:20,14:26,6,6,10.2,0,0.0,160.0,149.8,0,B1427,empty_repositioning,Position,Pickup
49,53,Pickup,2,2,2,2,526,529,14:26,14:29,3,0,0.0,2,8.534,149.8,158.334,1,B1427,pickup_service,Pickup,Pickup
49,54,Movement,2,5,2,5,529,537,14:29,14:37,8,8,27.57,0,0.0,158.334,130.764,1,B1427,passenger_flight,Position,Delivery
49,55,Delivery,5,5,5,5,537,540,14:37,14:40,3,0,0.0,2,8.534,130.764,139.298,0,B1427,delivery_service,Delivery,Delivery
49,56,Stay,5,5,5,5,540,543,14:40,14:43,3,0,0.0,3,12.801,139.298,152.099,0,B1551,parking_charging,Position,Movement
49,57,Movement,5,1,5,1,543,551,14:43,14:51,8,8,14.88,0,0.0,152.099,137.219,0,B1551,empty_repositioning,Position,Pickup
49,58,Pickup,1,1,1,1,551,554,14:51,14:54,3,0,0.0,2,8.534,137.219,145.753,1,B1551,pickup_service,Pickup,Pickup
49,59,Stay,1,1,1,1,554,555,14:54,14:55,1,0,0.0,1,4.267,145.753,150.02,1,B1566,parking_charging,Position,Pickup
49,60,Pickup,1,1,1,1,555,558,14:55,14:58,3,0,0.0,2,8.534,150.02,158.554,2,B1566,pickup_service,Pickup,Pickup
49,61,Movement,1,7,1,7,558,565,14:58,15:05,7,7,21.03,0,0.0,158.554,137.524,2,B1551,passenger_flight,Position,Delivery
49,62,Delivery,7,7,7,7,565,568,15:05,15:08,3,0,0.0,2,8.534,137.524,146.058,1,B1551,delivery_service,Delivery,Delivery
49,63,Delivery,7,7,7,7,568,571,15:08,15:11,3,0,0.0,2,8.534,146.058,154.592,0,B1566,delivery_service,Delivery,Delivery
49,64,Stay,7,7,7,7,571,594,15:11,15:34,23,0,0.0,23,5.408,154.592,160.0,0,B1731,parking_charging,Position,Pickup
49,65,Pickup,7,7,7,7,594,597,15:34,15:37,3,0,0.0,2,0.0,160.0,160.0,1,B1731,pickup_service,Pickup,Pickup
49,66,Movement,7,5,7,5,597,607,15:37,15:47,10,10,32.24,0,0.0,160.0,127.76,1,B1731,passenger_flight,Position,Delivery
49,67,Delivery,5,5,5,5,607,610,15:47,15:50,3,0,0.0,2,8.534,127.76,136.294,0,B1731,delivery_service,Delivery,Delivery
49,68,Movement,5,1,5,1,610,618,15:50,15:58,8,8,14.88,0,0.0,136.294,121.414,0,B1819,empty_repositioning,Position,Pickup
49,69,Pickup,1,1,1,1,618,621,15:58,16:01,3,0,0.0,2,8.534,121.414,129.948,1,B1819,pickup_service,Pickup,Pickup
49,70,Movement,1,2,1,2,621,628,16:01,16:08,7,7,13.61,0,0.0,129.948,116.338,1,B1819,passenger_flight,Position,Delivery
49,71,Delivery,2,2,2,2,628,631,16:08,16:11,3,0,0.0,2,8.534,116.338,124.872,0,B1819,delivery_service,Delivery,Delivery
49,72,Pickup,2,2,2,2,631,634,16:11,16:14,3,0,0.0,2,8.534,124.872,133.406,1,B1890,pickup_service,Pickup,Pickup
49,73,Movement,2,4,2,4,634,640,16:14,16:20,6,6,16.13,0,0.0,133.406,117.276,1,B1890,passenger_flight,Position,Delivery
49,74,Delivery,4,4,4,4,640,643,16:20,16:23,3,0,0.0,2,8.534,117.276,125.81,0,B1890,delivery_service,Delivery,Delivery
49,75,Pickup,4,4,4,4,643,646,16:23,16:26,3,0,0.0,2,8.534,125.81,134.344,1,B1977,pickup_service,Pickup,Pickup
49,76,Movement,4,2,4,2,646,652,16:26,16:32,6,6,16.13,0,0.0,134.344,118.214,1,B1977,passenger_flight,Position,Delivery
49,77,Delivery,2,2,2,2,652,655,16:32,16:35,3,0,0.0,2,8.534,118.214,126.748,0,B1977,delivery_service,Delivery,Delivery
49,78,Stay,2,2,2,2,655,660,16:35,16:40,5,0,0.0,5,21.335,126.748,148.083,0,B2105,parking_charging,Position,Pickup
49,79,Pickup,2,2,2,2,660,663,16:40,16:43,3,0,0.0,2,8.534,148.083,156.617,2,B2105,pickup_service,Pickup,Pickup
49,80,Stay,2,2,2,2,663,664,16:43,16:44,1,0,0.0,1,3.383,156.617,160.0,2,B2138,parking_charging,Position,Pickup
49,81,Pickup,2,2,2,2,664,667,16:44,16:47,3,0,0.0,2,0.0,160.0,160.0,3,B2138,pickup_service,Pickup,Pickup
49,82,Movement,2,5,2,5,667,675,16:47,16:55,8,8,27.57,0,0.0,160.0,132.43,3,B2105,passenger_flight,Position,Delivery
49,83,Delivery,5,5,5,5,675,678,16:55,16:58,3,0,0.0,2,8.534,132.43,140.964,1,B2105,delivery_service,Delivery,Delivery
49,84,Delivery,5,5,5,5,678,681,16:58,17:01,3,0,0.0,2,8.534,140.964,149.498,0,B2138,delivery_service,Delivery,Delivery
49,85,Pickup,5,5,5,5,681,684,17:01,17:04,3,0,0.0,2,8.534,149.498,158.032,1,B2249,pickup_service,Pickup,Pickup
49,86,Movement,5,2,5,2,684,692,17:04,17:12,8,8,27.57,0,0.0,158.032,130.462,1,B2249,passenger_flight,Position,Delivery
49,87,Delivery,2,2,2,2,692,695,17:12,17:15,3,0,0.0,2,8.534,130.462,138.996,0,B2249,delivery_service,Delivery,Delivery
49,88,Stay,2,2,2,2,695,700,17:15,17:20,5,0,0.0,5,21.004,138.996,160.0,0,B2465,parking_charging,Position,Pickup
49,89,Pickup,2,2,2,2,700,703,17:20,17:23,3,0,0.0,2,0.0,160.0,160.0,2,B2465,pickup_service,Pickup,Pickup
49,90,Movement,2,1,2,1,703,710,17:23,17:30,7,7,13.61,0,0.0,160.0,146.39,2,B2574,passenger_flight,Position,Pickup
49,91,Pickup,1,1,1,1,710,713,17:30,17:33,3,0,0.0,2,8.534,146.39,154.924,3,B2574,pickup_service,Pickup,Pickup
49,92,Delivery,1,1,1,1,713,716,17:33,17:36,3,0,0.0,2,5.076,154.924,160.0,1,B2465,delivery_service,Delivery,Delivery
49,93,Movement,1,3,1,3,716,722,17:36,17:42,6,6,9.61,0,0.0,160.0,150.39,1,B2574,passenger_flight,Position,Delivery
49,94,Delivery,3,3,3,3,722,725,17:42,17:45,3,0,0.0,2,8.534,150.39,158.924,0,B2574,delivery_service,Delivery,Delivery
49,95,Pickup,3,3,3,3,725,728,17:45,17:48,3,0,0.0,2,1.076,158.924,160.0,3,B2673,pickup_service,Pickup,Pickup
49,96,Movement,3,10,3,10,728,743,17:48,18:03,15,15,54.92,0,0.0,160.0,105.08,3,B2673,passenger_flight,Position,Delivery
49,97,Delivery,10,10,10,10,743,746,18:03,18:06,3,0,0.0,2,8.534,105.08,113.614,0,B2673,delivery_service,Delivery,Delivery
49,98,Stay,10,10,10,10,746,768,18:06,18:28,22,0,0.0,22,46.386,113.614,160.0,0,B3102,parking_charging,Position,Pickup
49,99,Pickup,10,10,10,10,768,771,18:28,18:31,3,0,0.0,2,0.0,160.0,160.0,1,B3102,pickup_service,Pickup,Pickup
49,100,Movement,10,1,10,1,771,784,18:31,18:44,13,13,47.44,0,0.0,160.0,112.56,1,B3102,passenger_flight,Position,Delivery
49,101,Delivery,1,1,1,1,784,787,18:44,18:47,3,0,0.0,2,8.534,112.56,121.094,0,B3102,delivery_service,Delivery,Delivery
49,102,Pickup,1,1,1,1,787,790,18:47,18:50,3,0,0.0,2,8.534,121.094,129.628,1,B3211,pickup_service,Pickup,Pickup
49,103,Pickup,1,1,1,1,790,793,18:50,18:53,3,0,0.0,2,8.534,129.628,138.162,3,B3234,pickup_service,Pickup,Pickup
49,104,Movement,1,7,1,7,793,800,18:53,19:00,7,7,21.03,0,0.0,138.162,117.132,3,B3211,passenger_flight,Position,Delivery
49,105,Delivery,7,7,7,7,800,803,19:00,19:03,3,0,0.0,2,8.534,117.132,125.666,2,B3211,delivery_service,Delivery,Delivery
49,106,Delivery,7,7,7,7,803,806,19:03,19:06,3,0,0.0,2,8.534,125.666,134.2,0,B3234,delivery_service,Delivery,Delivery
