time_min,time_hhmm,route_node_id,physical_node_id,physical_address,vehicle_count,vehicle_ids
0,05:40,1,1,서울역,11,"0,10,20,30,40,50,60,70,80,90,100"
0,05:40,10,10,인천공항,10,"9,19,29,39,49,59,69,79,89,99"
0,05:40,2,2,수서,11,"1,11,21,31,41,51,61,71,81,91,101"
0,05:40,3,3,삼성,11,"2,12,22,32,42,52,62,72,82,92,102"
0,05:40,4,4,여의도,11,"3,13,23,33,43,53,63,73,83,93,103"
0,05:40,5,5,김포공항,11,"4,14,24,34,44,54,64,74,84,94,104"
0,05:40,6,6,일산,10,"5,15,25,35,45,55,65,75,85,95"
0,05:40,7,7,판교,10,"6,16,26,36,46,56,66,76,86,96"
0,05:40,8,8,동탄/용인,10,"7,17,27,37,47,57,67,77,87,97"
0,05:40,9,9,평택,10,"8,18,28,38,48,58,68,78,88,98"
1,05:41,1,1,서울역,11,"0,10,20,30,40,50,60,70,80,90,100"
1,05:41,10,10,인천공항,10,"9,19,29,39,49,59,69,79,89,99"
1,05:41,2,2,수서,11,"1,11,21,31,41,51,61,71,81,91,101"
1,05:41,3,3,삼성,11,"2,12,22,32,42,52,62,72,82,92,102"
1,05:41,4,4,여의도,11,"3,13,23,33,43,53,63,73,83,93,103"
1,05:41,5,5,김포공항,11,"4,14,24,34,44,54,64,74,84,94,104"
1,05:41,6,6,일산,10,"5,15,25,35,45,55,65,75,85,95"
1,05:41,7,7,판교,10,"6,16,26,36,46,56,66,76,86,96"
1,05:41,8,8,동탄/용인,10,"7,17,27,37,47,57,67,77,87,97"
1,05:41,9,9,평택,10,"8,18,28,38,48,58,68,78,88,98"
2,05:42,1,1,서울역,11,"0,10,20,30,40,50,60,70,80,90,100"
2,05:42,10,10,인천공항,10,"9,19,29,39,49,59,69,79,89,99"
2,05:42,2,2,수서,11,"1,11,21,31,41,51,61,71,81,91,101"
2,05:42,3,3,삼성,11,"2,12,22,32,42,52,62,72,82,92,102"
2,05:42,4,4,여의도,11,"3,13,23,33,43,53,63,73,83,93,103"
2,05:42,5,5,김포공항,11,"4,14,24,34,44,54,64,74,84,94,104"
2,05:42,6,6,일산,10,"5,15,25,35,45,55,65,75,85,95"
2,05:42,7,7,판교,10,"6,16,26,36,46,56,66,76,86,96"
2,05:42,8,8,동탄/용인,10,"7,17,27,37,47,57,67,77,87,97"
2,05:42,9,9,평택,10,"8,18,28,38,48,58,68,78,88,98"
3,05:43,1,1,서울역,11,"0,10,20,30,40,50,60,70,80,90,100"
3,05:43,10,10,인천공항,10,"9,19,29,39,49,59,69,79,89,99"
3,05:43,2,2,수서,11,"1,11,21,31,41,51,61,71,81,91,101"
3,05:43,3,3,삼성,11,"2,12,22,32,42,52,62,72,82,92,102"
3,05:43,4,4,여의도,11,"3,13,23,33,43,53,63,73,83,93,103"
3,05:43,5,5,김포공항,11,"4,14,24,34,44,54,64,74,84,94,104"
3,05:43,6,6,일산,10,"5,15,25,35,45,55,65,75,85,95"
3,05:43,7,7,판교,10,"6,16,26,36,46,56,66,76,86,96"
3,05:43,8,8,동탄/용인,10,"7,17,27,37,47,57,67,77,87,97"
3,05:43,9,9,평택,10,"8,18,28,38,48,58,68,78,88,98"
4,05:44,1,1,서울역,11,"0,10,20,30,40,50,60,70,80,90,100"
4,05:44,10,10,인천공항,10,"9,19,29,39,49,59,69,79,89,99"
4,05:44,2,2,수서,11,"1,11,21,31,41,51,61,71,81,91,101"
4,05:44,3,3,삼성,11,"2,12,22,32,42,52,62,72,82,92,102"
4,05:44,4,4,여의도,11,"3,13,23,33,43,53,63,73,83,93,103"
4,05:44,5,5,김포공항,11,"4,14,24,34,44,54,64,74,84,94,104"
4,05:44,6,6,일산,10,"5,15,25,35,45,55,65,75,85,95"
4,05:44,7,7,판교,10,"6,16,26,36,46,56,66,76,86,96"
4,05:44,8,8,동탄/용인,10,"7,17,27,37,47,57,67,77,87,97"
4,05:44,9,9,평택,10,"8,18,28,38,48,58,68,78,88,98"
5,05:45,1,1,서울역,11,"0,10,20,30,40,50,60,70,80,90,100"
5,05:45,10,10,인천공항,10,"9,19,29,39,49,59,69,79,89,99"
5,05:45,2,2,수서,11,"1,11,21,31,41,51,61,71,81,91,101"
5,05:45,3,3,삼성,11,"2,12,22,32,42,52,62,72,82,92,102"
5,05:45,4,4,여의도,11,"3,13,23,33,43,53,63,73,83,93,103"
5,05:45,5,5,김포공항,11,"4,14,24,34,44,54,64,74,84,94,104"
5,05:45,6,6,일산,10,"5,15,25,35,45,55,65,75,85,95"
5,05:45,7,7,판교,10,"6,16,26,36,46,56,66,76,86,96"
5,05:45,8,8,동탄/용인,10,"7,17,27,37,47,57,67,77,87,97"
5,05:45,9,9,평택,10,"8,18,28,38,48,58,68,78,88,98"
6,05:46,1,1,서울역,11,"0,10,20,30,40,50,60,70,80,90,100"
6,05:46,10,10,인천공항,10,"9,19,29,39,49,59,69,79,89,99"
6,05:46,2,2,수서,11,"1,11,21,31,41,51,61,71,81,91,101"
6,05:46,3,3,삼성,11,"2,12,22,32,42,52,62,72,82,92,102"
6,05:46,4,4,여의도,11,"3,13,23,33,43,53,63,73,83,93,103"
6,05:46,5,5,김포공항,11,"4,14,24,34,44,54,64,74,84,94,104"
6,05:46,6,6,일산,10,"5,15,25,35,45,55,65,75,85,95"
6,05:46,7,7,판교,10,"6,16,26,36,46,56,66,76,86,96"
6,05:46,8,8,동탄/용인,10,"7,17,27,37,47,57,67,77,87,97"
6,05:46,9,9,평택,10,"8,18,28,38,48,58,68,78,88,98"
7,05:47,1,1,서울역,11,"0,10,20,30,40,50,60,70,80,90,100"
7,05:47,10,10,인천공항,10,"9,19,29,39,49,59,69,79,89,99"
7,05:47,2,2,수서,11,"1,11,21,31,41,51,61,71,81,91,101"
7,05:47,3,3,삼성,11,"2,12,22,32,42,52,62,72,82,92,102"
7,05:47,4,4,여의도,11,"3,13,23,33,43,53,63,73,83,93,103"
7,05:47,5,5,김포공항,11,"4,14,24,34,44,54,64,74,84,94,104"
7,05:47,6,6,일산,10,"5,15,25,35,45,55,65,75,85,95"
7,05:47,7,7,판교,10,"6,16,26,36,46,56,66,76,86,96"
7,05:47,8,8,동탄/용인,10,"7,17,27,37,47,57,67,77,87,97"
7,05:47,9,9,평택,10,"8,18,28,38,48,58,68,78,88,98"
8,05:48,1,1,서울역,11,"0,10,20,30,40,50,60,70,80,90,100"
8,05:48,10,10,인천공항,10,"9,19,29,39,49,59,69,79,89,99"
8,05:48,2,2,수서,11,"1,11,21,31,41,51,61,71,81,91,101"
8,05:48,3,3,삼성,11,"2,12,22,32,42,52,62,72,82,92,102"
8,05:48,4,4,여의도,11,"3,13,23,33,43,53,63,73,83,93,103"
8,05:48,5,5,김포공항,11,"4,14,24,34,44,54,64,74,84,94,104"
8,05:48,6,6,일산,10,"5,15,25,35,45,55,65,75,85,95"
8,05:48,7,7,판교,10,"6,16,26,36,46,56,66,76,86,96"
8,05:48,8,8,동탄/용인,10,"7,17,27,37,47,57,67,77,87,97"
8,05:48,9,9,평택,10,"8,18,28,38,48,58,68,78,88,98"
9,05:49,1,1,서울역,11,"0,10,20,30,40,50,60,70,80,90,100"
9,05:49,10,10,인천공항,10,"9,19,29,39,49,59,69,79,89,99"
9,05:49,2,2,수서,11,"1,11,21,31,41,51,61,71,81,91,101"
9,05:49,3,3,삼성,11,"2,12,22,32,42,52,62,72,82,92,102"
9,05:49,4,4,여의도,11,"3,13,23,33,43,53,63,73,83,93,103"
9,05:49,5,5,김포공항,11,"4,14,24,34,44,54,64,74,84,94,104"
9,05:49,6,6,일산,10,"5,15,25,35,45,55,65,75,85,95"
9,05:49,7,7,판교,10,"6,16,26,36,46,56,66,76,86,96"
9,05:49,8,8,동탄/용인,10,"7,17,27,37,47,57,67,77,87,97"
9,05:49,9,9,평택,10,"8,18,28,38,48,58,68,78,88,98"
10,05:50,1,1,서울역,11,"0,10,20,30,40,50,60,70,80,90,100"
10,05:50,10,10,인천공항,10,"9,19,29,39,49,59,69,79,89,99"
10,05:50,2,2,수서,11,"1,11,21,31,41,51,61,71,81,91,101"
10,05:50,3,3,삼성,11,"2,12,22,32,42,52,62,72,82,92,102"
10,05:50,4,4,여의도,11,"3,13,23,33,43,53,63,73,83,93,103"
10,05:50,5,5,김포공항,11,"4,14,24,34,44,54,64,74,84,94,104"
10,05:50,6,6,일산,10,"5,15,25,35,45,55,65,75,85,95"
10,05:50,7,7,판교,10,"6,16,26,36,46,56,66,76,86,96"
10,05:50,8,8,동탄/용인,10,"7,17,27,37,47,57,67,77,87,97"
10,05:50,9,9,평택,10,"8,18,28,38,48,58,68,78,88,98"
11,05:51,1,1,서울역,11,"0,10,20,30,40,50,60,70,80,90,100"
11,05:51,10,10,인천공항,10,"9,19,29,39,49,59,69,79,89,99"
11,05:51,2,2,수서,11,"1,11,21,31,41,51,61,71,81,91,101"
11,05:51,3,3,삼성,11,"2,12,22,32,42,52,62,72,82,92,102"
11,05:51,4,4,여의도,11,"3,13,23,33,43,53,63,73,83,93,103"
11,05:51,5,5,김포공항,11,"4,14,24,34,44,54,64,74,84,94,104"
11,05:51,6,6,일산,10,"5,15,25,35,45,55,65,75,85,95"
11,05:51,7,7,판교,10,"6,16,26,36,46,56,66,76,86,96"
11,05:51,8,8,동탄/용인,10,"7,17,27,37,47,57,67,77,87,97"
11,05:51,9,9,평택,10,"8,18,28,38,48,58,68,78,88,98"
12,05:52,1,1,서울역,11,"0,10,20,30,40,50,60,70,80,90,100"
12,05:52,10,10,인천공항,10,"9,19,29,39,49,59,69,79,89,99"
12,05:52,2,2,수서,11,"1,11,21,31,41,51,61,71,81,91,101"
12,05:52,3,3,삼성,11,"2,12,22,32,42,52,62,72,82,92,102"
12,05:52,4,4,여의도,11,"3,13,23,33,43,53,63,73,83,93,103"
12,05:52,5,5,김포공항,11,"4,14,24,34,44,54,64,74,84,94,104"
12,05:52,6,6,일산,10,"5,15,25,35,45,55,65,75,85,95"
12,05:52,7,7,판교,10,"6,16,26,36,46,56,66,76,86,96"
12,05:52,8,8,동탄/용인,10,"7,17,27,37,47,57,67,77,87,97"
12,05:52,9,9,평택,10,"8,18,28,38,48,58,68,78,88,98"
13,05:53,1,1,서울역,11,"0,10,20,30,40,50,60,70,80,90,100"
13,05:53,10,10,인천공항,10,"9,19,29,39,49,59,69,79,89,99"
13,05:53,2,2,수서,11,"1,11,21,31,41,51,61,71,81,91,101"
13,05:53,3,3,삼성,11,"2,12,22,32,42,52,62,72,82,92,102"
13,05:53,4,4,여의도,11,"3,13,23,33,43,53,63,73,83,93,103"
13,05:53,5,5,김포공항,11,"4,14,24,34,44,54,64,74,84,94,104"
13,05:53,6,6,일산,10,"5,15,25,35,45,55,65,75,85,95"
13,05:53,7,7,판교,10,"6,16,26,36,46,56,66,76,86,96"
13,05:53,8,8,동탄/용인,10,"7,17,27,37,47,57,67,77,87,97"
13,05:53,9,9,평택,10,"8,18,28,38,48,58,68,78,88,98"
14,05:54,1,1,서울역,11,"0,10,20,30,40,50,60,70,80,90,100"
14,05:54,10,10,인천공항,10,"9,19,29,39,49,59,69,79,89,99"
14,05:54,2,2,수서,11,"1,11,21,31,41,51,61,71,81,91,101"
14,05:54,3,3,삼성,11,"2,12,22,32,42,52,62,72,82,92,102"
14,05:54,4,4,여의도,11,"3,13,23,33,43,53,63,73,83,93,103"
14,05:54,5,5,김포공항,11,"4,14,24,34,44,54,64,74,84,94,104"
14,05:54,6,6,일산,10,"5,15,25,35,45,55,65,75,85,95"
14,05:54,7,7,판교,10,"6,16,26,36,46,56,66,76,86,96"
14,05:54,8,8,동탄/용인,10,"7,17,27,37,47,57,67,77,87,97"
14,05:54,9,9,평택,10,"8,18,28,38,48,58,68,78,88,98"
15,05:55,1,1,서울역,11,"0,10,20,30,40,50,60,70,80,90,100"
15,05:55,10,10,인천공항,10,"9,19,29,39,49,59,69,79,89,99"
15,05:55,2,2,수서,11,"1,11,21,31,41,51,61,71,81,91,101"
15,05:55,3,3,삼성,11,"2,12,22,32,42,52,62,72,82,92,102"
15,05:55,4,4,여의도,11,"3,13,23,33,43,53,63,73,83,93,103"
15,05:55,5,5,김포공항,11,"4,14,24,34,44,54,64,74,84,94,104"
15,05:55,6,6,일산,10,"5,15,25,35,45,55,65,75,85,95"
15,05:55,7,7,판교,10,"6,16,26,36,46,56,66,76,86,96"
15,05:55,8,8,동탄/용인,10,"7,17,27,37,47,57,67,77,87,97"
15,05:55,9,9,평택,10,"8,18,28,38,48,58,68,78,88,98"
16,05:56,1,1,서울역,11,"0,10,20,30,40,50,60,70,80,90,100"
16,05:56,10,10,인천공항,10,"9,19,29,39,49,59,69,79,89,99"
16,05:56,2,2,수서,11,"1,11,21,31,41,51,61,71,81,91,101"
16,05:56,3,3,삼성,11,"2,12,22,32,42,52,62,72,82,92,102"
16,05:56,4,4,여의도,11,"3,13,23,33,43,53,63,73,83,93,103"
16,05:56,5,5,김포공항,11,"4,14,24,34,44,54,64,74,84,94,104"
16,05:56,6,6,일산,10,"5,15,25,35,45,55,65,75,85,95"
16,05:56,7,7,판교,10,"6,16,26,36,46,56,66,76,86,96"
16,05:56,8,8,동탄/용인,10,"7,17,27,37,47,57,67,77,87,97"
16,05:56,9,9,평택,10,"8,18,28,38,48,58,68,78,88,98"
17,05:57,1,1,서울역,11,"0,10,20,30,40,50,60,70,80,90,100"
17,05:57,10,10,인천공항,10,"9,19,29,39,49,59,69,79,89,99"
17,05:57,2,2,수서,11,"1,11,21,31,41,51,61,71,81,91,101"
17,05:57,3,3,삼성,11,"2,12,22,32,42,52,62,72,82,92,102"
17,05:57,4,4,여의도,11,"3,13,23,33,43,53,63,73,83,93,103"
17,05:57,5,5,김포공항,11,"4,14,24,34,44,54,64,74,84,94,104"
17,05:57,6,6,일산,10,"5,15,25,35,45,55,65,75,85,95"
17,05:57,7,7,판교,10,"6,16,26,36,46,56,66,76,86,96"
17,05:57,8,8,동탄/용인,10,"7,17,27,37,47,57,67,77,87,97"
17,05:57,9,9,평택,10,"8,18,28,38,48,58,68,78,88,98"
18,05:58,1,1,서울역,11,"0,10,20,30,40,50,60,70,80,90,100"
18,05:58,10,10,인천공항,10,"9,19,29,39,49,59,69,79,89,99"
18,05:58,2,2,수서,11,"1,11,21,31,41,51,61,71,81,91,101"
18,05:58,3,3,삼성,11,"2,12,22,32,42,52,62,72,82,92,102"
18,05:58,4,4,여의도,11,"3,13,23,33,43,53,63,73,83,93,103"
18,05:58,5,5,김포공항,11,"4,14,24,34,44,54,64,74,84,94,104"
18,05:58,6,6,일산,10,"5,15,25,35,45,55,65,75,85,95"
18,05:58,7,7,판교,10,"6,16,26,36,46,56,66,76,86,96"
18,05:58,8,8,동탄/용인,10,"7,17,27,37,47,57,67,77,87,97"
18,05:58,9,9,평택,10,"8,18,28,38,48,58,68,78,88,98"
19,05:59,1,1,서울역,11,"0,10,20,30,40,50,60,70,80,90,100"
19,05:59,10,10,인천공항,10,"9,19,29,39,49,59,69,79,89,99"
19,05:59,2,2,수서,11,"1,11,21,31,41,51,61,71,81,91,101"
19,05:59,3,3,삼성,11,"2,12,22,32,42,52,62,72,82,92,102"
19,05:59,4,4,여의도,11,"3,13,23,33,43,53,63,73,83,93,103"
19,05:59,5,5,김포공항,11,"4,14,24,34,44,54,64,74,84,94,104"
19,05:59,6,6,일산,10,"5,15,25,35,45,55,65,75,85,95"
19,05:59,7,7,판교,10,"6,16,26,36,46,56,66,76,86,96"
19,05:59,8,8,동탄/용인,10,"7,17,27,37,47,57,67,77,87,97"
19,05:59,9,9,평택,10,"8,18,28,38,48,58,68,78,88,98"
20,06:00,1,1,서울역,11,"0,10,20,30,40,50,60,70,80,90,100"
20,06:00,10,10,인천공항,10,"9,19,29,39,49,59,69,79,89,99"
20,06:00,2,2,수서,11,"1,11,21,31,41,51,61,71,81,91,101"
20,06:00,3,3,삼성,11,"2,12,22,32,42,52,62,72,82,92,102"
20,06:00,4,4,여의도,11,"3,13,23,33,43,53,63,73,83,93,103"
20,06:00,5,5,김포공항,11,"4,14,24,34,44,54,64,74,84,94,104"
20,06:00,6,6,일산,10,"5,15,25,35,45,55,65,75,85,95"
20,06:00,7,7,판교,10,"6,16,26,36,46,56,66,76,86,96"
20,06:00,8,8,동탄/용인,10,"7,17,27,37,47,57,67,77,87,97"
20,06:00,9,9,평택,10,"8,18,28,38,48,58,68,78,88,98"
21,06:01,1,1,서울역,11,"0,10,20,30,40,50,60,70,80,90,100"
21,06:01,10,10,인천공항,10,"9,19,29,39,49,59,69,79,89,99"
21,06:01,2,2,수서,11,"1,11,21,31,41,51,61,71,81,91,101"
21,06:01,3,3,삼성,11,"2,12,22,32,42,52,62,72,82,92,102"
21,06:01,4,4,여의도,11,"3,13,23,33,43,53,63,73,83,93,103"
21,06:01,5,5,김포공항,11,"4,14,24,34,44,54,64,74,84,94,104"
21,06:01,6,6,일산,10,"5,15,25,35,45,55,65,75,85,95"
21,06:01,7,7,판교,10,"6,16,26,36,46,56,66,76,86,96"
21,06:01,8,8,동탄/용인,10,"7,17,27,37,47,57,67,77,87,97"
21,06:01,9,9,평택,10,"8,18,28,38,48,58,68,78,88,98"
22,06:02,1,1,서울역,11,"0,10,20,30,40,50,60,70,80,90,100"
22,06:02,10,10,인천공항,10,"9,19,29,39,49,59,69,79,89,99"
22,06:02,2,2,수서,11,"1,11,21,31,41,51,61,71,81,91,101"
22,06:02,3,3,삼성,11,"2,12,22,32,42,52,62,72,82,92,102"
22,06:02,4,4,여의도,11,"3,13,23,33,43,53,63,73,83,93,103"
22,06:02,5,5,김포공항,11,"4,14,24,34,44,54,64,74,84,94,104"
22,06:02,6,6,일산,10,"5,15,25,35,45,55,65,75,85,95"
22,06:02,7,7,판교,10,"6,16,26,36,46,56,66,76,86,96"
22,06:02,8,8,동탄/용인,10,"7,17,27,37,47,57,67,77,87,97"
22,06:02,9,9,평택,10,"8,18,28,38,48,58,68,78,88,98"
23,06:03,1,1,서울역,11,"0,10,20,30,40,50,60,70,80,90,100"
23,06:03,10,10,인천공항,10,"9,19,29,39,49,59,69,79,89,99"
23,06:03,2,2,수서,11,"1,11,21,31,41,51,61,71,81,91,101"
23,06:03,3,3,삼성,10,"12,22,32,42,52,62,72,82,92,102"
23,06:03,4,4,여의도,11,"3,13,23,33,43,53,63,73,83,93,103"
23,06:03,5,5,김포공항,11,"4,14,24,34,44,54,64,74,84,94,104"
23,06:03,6,6,일산,10,"5,15,25,35,45,55,65,75,85,95"
23,06:03,7,7,판교,10,"6,16,26,36,46,56,66,76,86,96"
23,06:03,8,8,동탄/용인,10,"7,17,27,37,47,57,67,77,87,97"
23,06:03,9,9,평택,10,"8,18,28,38,48,58,68,78,88,98"
24,06:04,1,1,서울역,11,"0,10,20,30,40,50,60,70,80,90,100"
24,06:04,10,10,인천공항,10,"9,19,29,39,49,59,69,79,89,99"
24,06:04,2,2,수서,11,"1,11,21,31,41,51,61,71,81,91,101"
24,06:04,3,3,삼성,10,"12,22,32,42,52,62,72,82,92,102"
24,06:04,4,4,여의도,11,"3,13,23,33,43,53,63,73,83,93,103"
24,06:04,5,5,김포공항,11,"4,14,24,34,44,54,64,74,84,94,104"
24,06:04,6,6,일산,10,"5,15,25,35,45,55,65,75,85,95"
24,06:04,7,7,판교,10,"6,16,26,36,46,56,66,76,86,96"
24,06:04,8,8,동탄/용인,10,"7,17,27,37,47,57,67,77,87,97"
24,06:04,9,9,평택,10,"8,18,28,38,48,58,68,78,88,98"
25,06:05,1,1,서울역,11,"0,10,20,30,40,50,60,70,80,90,100"
25,06:05,10,10,인천공항,10,"9,19,29,39,49,59,69,79,89,99"
25,06:05,2,2,수서,11,"1,11,21,31,41,51,61,71,81,91,101"
25,06:05,3,3,삼성,10,"12,22,32,42,52,62,72,82,92,102"
25,06:05,4,4,여의도,11,"3,13,23,33,43,53,63,73,83,93,103"
25,06:05,5,5,김포공항,11,"4,14,24,34,44,54,64,74,84,94,104"
25,06:05,6,6,일산,10,"5,15,25,35,45,55,65,75,85,95"
25,06:05,7,7,판교,10,"6,16,26,36,46,56,66,76,86,96"
25,06:05,8,8,동탄/용인,10,"7,17,27,37,47,57,67,77,87,97"
25,06:05,9,9,평택,10,"8,18,28,38,48,58,68,78,88,98"
26,06:06,1,1,서울역,11,"0,10,20,30,40,50,60,70,80,90,100"
26,06:06,10,10,인천공항,10,"9,19,29,39,49,59,69,79,89,99"
26,06:06,2,2,수서,11,"1,11,21,31,41,51,61,71,81,91,101"
26,06:06,3,3,삼성,10,"12,22,32,42,52,62,72,82,92,102"
26,06:06,4,4,여의도,11,"3,13,23,33,43,53,63,73,83,93,103"
26,06:06,5,5,김포공항,11,"4,14,24,34,44,54,64,74,84,94,104"
26,06:06,6,6,일산,10,"5,15,25,35,45,55,65,75,85,95"
26,06:06,7,7,판교,10,"6,16,26,36,46,56,66,76,86,96"
26,06:06,8,8,동탄/용인,10,"7,17,27,37,47,57,67,77,87,97"
26,06:06,9,9,평택,10,"8,18,28,38,48,58,68,78,88,98"
27,06:07,1,1,서울역,10,"10,20,30,40,50,60,70,80,90,100"
27,06:07,10,10,인천공항,10,"9,19,29,39,49,59,69,79,89,99"
27,06:07,2,2,수서,11,"1,11,21,31,41,51,61,71,81,91,101"
27,06:07,3,3,삼성,10,"12,22,32,42,52,62,72,82,92,102"
27,06:07,4,4,여의도,11,"3,13,23,33,43,53,63,73,83,93,103"
27,06:07,5,5,김포공항,11,"4,14,24,34,44,54,64,74,84,94,104"
27,06:07,6,6,일산,10,"5,15,25,35,45,55,65,75,85,95"
27,06:07,7,7,판교,10,"6,16,26,36,46,56,66,76,86,96"
27,06:07,8,8,동탄/용인,10,"7,17,27,37,47,57,67,77,87,97"
27,06:07,9,9,평택,10,"8,18,28,38,48,58,68,78,88,98"
28,06:08,1,1,서울역,10,"10,20,30,40,50,60,70,80,90,100"
28,06:08,10,10,인천공항,10,"9,19,29,39,49,59,69,79,89,99"
28,06:08,2,2,수서,11,"1,11,21,31,41,51,61,71,81,91,101"
28,06:08,3,3,삼성,10,"12,22,32,42,52,62,72,82,92,102"
28,06:08,4,4,여의도,11,"3,13,23,33,43,53,63,73,83,93,103"
28,06:08,5,5,김포공항,11,"4,14,24,34,44,54,64,74,84,94,104"
28,06:08,6,6,일산,10,"5,15,25,35,45,55,65,75,85,95"
28,06:08,7,7,판교,10,"6,16,26,36,46,56,66,76,86,96"
28,06:08,8,8,동탄/용인,10,"7,17,27,37,47,57,67,77,87,97"
28,06:08,9,9,평택,10,"8,18,28,38,48,58,68,78,88,98"
29,06:09,1,1,서울역,10,"10,20,30,40,50,60,70,80,90,100"
29,06:09,10,10,인천공항,10,"9,19,29,39,49,59,69,79,89,99"
29,06:09,2,2,수서,11,"1,11,21,31,41,51,61,71,81,91,101"
29,06:09,3,3,삼성,10,"12,22,32,42,52,62,72,82,92,102"
29,06:09,4,4,여의도,11,"3,13,23,33,43,53,63,73,83,93,103"
29,06:09,5,5,김포공항,11,"4,14,24,34,44,54,64,74,84,94,104"
29,06:09,6,6,일산,10,"5,15,25,35,45,55,65,75,85,95"
29,06:09,7,7,판교,10,"6,16,26,36,46,56,66,76,86,96"
29,06:09,8,8,동탄/용인,10,"7,17,27,37,47,57,67,77,87,97"
29,06:09,9,9,평택,10,"8,18,28,38,48,58,68,78,88,98"
30,06:10,1,1,서울역,10,"10,20,30,40,50,60,70,80,90,100"
30,06:10,10,10,인천공항,10,"9,19,29,39,49,59,69,79,89,99"
30,06:10,2,2,수서,11,"1,11,21,31,41,51,61,71,81,91,101"
30,06:10,3,3,삼성,10,"12,22,32,42,52,62,72,82,92,102"
30,06:10,4,4,여의도,11,"3,13,23,33,43,53,63,73,83,93,103"
30,06:10,5,5,김포공항,11,"4,14,24,34,44,54,64,74,84,94,104"
30,06:10,6,6,일산,10,"5,15,25,35,45,55,65,75,85,95"
30,06:10,7,7,판교,10,"6,16,26,36,46,56,66,76,86,96"
30,06:10,8,8,동탄/용인,10,"7,17,27,37,47,57,67,77,87,97"
30,06:10,9,9,평택,10,"8,18,28,38,48,58,68,78,88,98"
31,06:11,1,1,서울역,10,"10,20,30,40,50,60,70,80,90,100"
31,06:11,10,10,인천공항,10,"9,19,29,39,49,59,69,79,89,99"
31,06:11,2,2,수서,11,"1,11,21,31,41,51,61,71,81,91,101"
31,06:11,3,3,삼성,10,"12,22,32,42,52,62,72,82,92,102"
31,06:11,4,4,여의도,11,"3,13,23,33,43,53,63,73,83,93,103"
31,06:11,5,5,김포공항,11,"4,14,24,34,44,54,64,74,84,94,104"
31,06:11,6,6,일산,10,"5,15,25,35,45,55,65,75,85,95"
31,06:11,7,7,판교,10,"6,16,26,36,46,56,66,76,86,96"
31,06:11,8,8,동탄/용인,10,"7,17,27,37,47,57,67,77,87,97"
31,06:11,9,9,평택,10,"8,18,28,38,48,58,68,78,88,98"
32,06:12,1,1,서울역,10,"10,20,30,40,50,60,70,80,90,100"
32,06:12,10,10,인천공항,10,"9,19,29,39,49,59,69,79,89,99"
32,06:12,2,2,수서,11,"1,11,21,31,41,51,61,71,81,91,101"
32,06:12,3,3,삼성,10,"12,22,32,42,52,62,72,82,92,102"
32,06:12,4,4,여의도,11,"3,13,23,33,43,53,63,73,83,93,103"
32,06:12,5,5,김포공항,11,"4,14,24,34,44,54,64,74,84,94,104"
32,06:12,6,6,일산,10,"5,15,25,35,45,55,65,75,85,95"
32,06:12,7,7,판교,10,"6,16,26,36,46,56,66,76,86,96"
32,06:12,8,8,동탄/용인,10,"7,17,27,37,47,57,67,77,87,97"
32,06:12,9,9,평택,10,"8,18,28,38,48,58,68,78,88,98"
33,06:13,1,1,서울역,10,"10,20,30,40,50,60,70,80,90,100"
33,06:13,10,10,인천공항,10,"9,19,29,39,49,59,69,79,89,99"
33,06:13,2,2,수서,11,"1,11,21,31,41,51,61,71,81,91,101"
33,06:13,3,3,삼성,10,"12,22,32,42,52,62,72,82,92,102"
33,06:13,4,4,여의도,11,"3,13,23,33,43,53,63,73,83,93,103"
33,06:13,5,5,김포공항,11,"4,14,24,34,44,54,64,74,84,94,104"
33,06:13,6,6,일산,10,"5,15,25,35,45,55,65,75,85,95"
33,06:13,7,7,판교,10,"6,16,26,36,46,56,66,76,86,96"
33,06:13,8,8,동탄/용인,10,"7,17,27,37,47,57,67,77,87,97"
33,06:13,9,9,평택,10,"8,18,28,38,48,58,68,78,88,98"
34,06:14,1,1,서울역,10,"10,20,30,40,50,60,70,80,90,100"
34,06:14,10,10,인천공항,10,"9,19,29,39,49,59,69,79,89,99"
34,06:14,2,2,수서,11,"1,11,21,31,41,51,61,71,81,91,101"
34,06:14,3,3,삼성,10,"12,22,32,42,52,62,72,82,92,102"
34,06:14,4,4,여의도,11,"3,13,23,33,43,53,63,73,83,93,103"
34,06:14,5,5,김포공항,11,"4,14,24,34,44,54,64,74,84,94,104"
34,06:14,6,6,일산,10,"5,15,25,35,45,55,65,75,85,95"
34,06:14,7,7,판교,10,"6,16,26,36,46,56,66,76,86,96"
34,06:14,8,8,동탄/용인,10,"7,17,27,37,47,57,67,77,87,97"
34,06:14,9,9,평택,10,"8,18,28,38,48,58,68,78,88,98"
35,06:15,1,1,서울역,10,"10,20,30,40,50,60,70,80,90,100"
35,06:15,10,10,인천공항,10,"9,19,29,39,49,59,69,79,89,99"
35,06:15,2,2,수서,11,"1,11,21,31,41,51,61,71,81,91,101"
35,06:15,3,3,삼성,10,"12,22,32,42,52,62,72,82,92,102"
35,06:15,4,4,여의도,11,"3,13,23,33,43,53,63,73,83,93,103"
35,06:15,5,5,김포공항,11,"4,14,24,34,44,54,64,74,84,94,104"
35,06:15,6,6,일산,10,"5,15,25,35,45,55,65,75,85,95"
35,06:15,7,7,판교,10,"6,16,26,36,46,56,66,76,86,96"
35,06:15,8,8,동탄/용인,10,"7,17,27,37,47,57,67,77,87,97"
35,06:15,9,9,평택,10,"8,18,28,38,48,58,68,78,88,98"
36,06:16,1,1,서울역,10,"10,20,30,40,50,60,70,80,90,100"
36,06:16,10,10,인천공항,10,"9,19,29,39,49,59,69,79,89,99"
36,06:16,2,2,수서,11,"1,11,21,31,41,51,61,71,81,91,101"
36,06:16,3,3,삼성,10,"12,22,32,42,52,62,72,82,92,102"
36,06:16,4,4,여의도,11,"3,13,23,33,43,53,63,73,83,93,103"
36,06:16,5,5,김포공항,11,"4,14,24,34,44,54,64,74,84,94,104"
36,06:16,6,6,일산,10,"5,15,25,35,45,55,65,75,85,95"
36,06:16,7,7,판교,10,"6,16,26,36,46,56,66,76,86,96"
36,06:16,8,8,동탄/용인,10,"7,17,27,37,47,57,67,77,87,97"
36,06:16,9,9,평택,10,"8,18,28,38,48,58,68,78,88,98"
37,06:17,1,1,서울역,10,"10,20,30,40,50,60,70,80,90,100"
37,06:17,10,10,인천공항,10,"9,19,29,39,49,59,69,79,89,99"
37,06:17,2,2,수서,11,"1,11,21,31,41,51,61,71,81,91,101"
37,06:17,3,3,삼성,10,"12,22,32,42,52,62,72,82,92,102"
37,06:17,4,4,여의도,11,"3,13,23,33,43,53,63,73,83,93,103"
37,06:17,5,5,김포공항,11,"4,14,24,34,44,54,64,74,84,94,104"
37,06:17,6,6,일산,10,"5,15,25,35,45,55,65,75,85,95"
37,06:17,7,7,판교,10,"6,16,26,36,46,56,66,76,86,96"
37,06:17,8,8,동탄/용인,10,"7,17,27,37,47,57,67,77,87,97"
37,06:17,9,9,평택,10,"8,18,28,38,48,58,68,78,88,98"
38,06:18,1,1,서울역,10,"10,20,30,40,50,60,70,80,90,100"
38,06:18,10,10,인천공항,10,"9,19,29,39,49,59,69,79,89,99"
38,06:18,2,2,수서,11,"1,11,21,31,41,51,61,71,81,91,101"
38,06:18,3,3,삼성,10,"12,22,32,42,52,62,72,82,92,102"
38,06:18,4,4,여의도,11,"3,13,23,33,43,53,63,73,83,93,103"
38,06:18,5,5,김포공항,11,"4,14,24,34,44,54,64,74,84,94,104"
38,06:18,6,6,일산,10,"5,15,25,35,45,55,65,75,85,95"
38,06:18,7,7,판교,10,"6,16,26,36,46,56,66,76,86,96"
38,06:18,8,8,동탄/용인,10,"7,17,27,37,47,57,67,77,87,97"
38,06:18,9,9,평택,11,"2,8,18,28,38,48,58,68,78,88,98"
39,06:19,1,1,서울역,10,"10,20,30,40,50,60,70,80,90,100"
39,06:19,10,10,인천공항,10,"9,19,29,39,49,59,69,79,89,99"
39,06:19,2,2,수서,11,"1,11,21,31,41,51,61,71,81,91,101"
39,06:19,3,3,삼성,10,"12,22,32,42,52,62,72,82,92,102"
39,06:19,4,4,여의도,11,"3,13,23,33,43,53,63,73,83,93,103"
39,06:19,5,5,김포공항,11,"4,14,24,34,44,54,64,74,84,94,104"
39,06:19,6,6,일산,10,"5,15,25,35,45,55,65,75,85,95"
39,06:19,7,7,판교,10,"6,16,26,36,46,56,66,76,86,96"
39,06:19,8,8,동탄/용인,10,"7,17,27,37,47,57,67,77,87,97"
39,06:19,9,9,평택,11,"2,8,18,28,38,48,58,68,78,88,98"
40,06:20,1,1,서울역,10,"10,20,30,40,50,60,70,80,90,100"
40,06:20,10,10,인천공항,11,"0,9,19,29,39,49,59,69,79,89,99"
40,06:20,2,2,수서,11,"1,11,21,31,41,51,61,71,81,91,101"
40,06:20,3,3,삼성,10,"12,22,32,42,52,62,72,82,92,102"
40,06:20,4,4,여의도,11,"3,13,23,33,43,53,63,73,83,93,103"
40,06:20,5,5,김포공항,11,"4,14,24,34,44,54,64,74,84,94,104"
40,06:20,6,6,일산,10,"5,15,25,35,45,55,65,75,85,95"
40,06:20,7,7,판교,10,"6,16,26,36,46,56,66,76,86,96"
40,06:20,8,8,동탄/용인,10,"7,17,27,37,47,57,67,77,87,97"
40,06:20,9,9,평택,11,"2,8,18,28,38,48,58,68,78,88,98"
41,06:21,1,1,서울역,10,"10,20,30,40,50,60,70,80,90,100"
41,06:21,10,10,인천공항,11,"0,9,19,29,39,49,59,69,79,89,99"
41,06:21,2,2,수서,11,"1,11,21,31,41,51,61,71,81,91,101"
41,06:21,3,3,삼성,10,"12,22,32,42,52,62,72,82,92,102"
41,06:21,4,4,여의도,11,"3,13,23,33,43,53,63,73,83,93,103"
41,06:21,5,5,김포공항,11,"4,14,24,34,44,54,64,74,84,94,104"
41,06:21,6,6,일산,10,"5,15,25,35,45,55,65,75,85,95"
41,06:21,7,7,판교,10,"6,16,26,36,46,56,66,76,86,96"
41,06:21,8,8,동탄/용인,10,"7,17,27,37,47,57,67,77,87,97"
41,06:21,9,9,평택,11,"2,8,18,28,38,48,58,68,78,88,98"
42,06:22,1,1,서울역,10,"10,20,30,40,50,60,70,80,90,100"
42,06:22,10,10,인천공항,10,"0,19,29,39,49,59,69,79,89,99"
42,06:22,2,2,수서,11,"1,11,21,31,41,51,61,71,81,91,101"
42,06:22,3,3,삼성,10,"12,22,32,42,52,62,72,82,92,102"
42,06:22,4,4,여의도,11,"3,13,23,33,43,53,63,73,83,93,103"
42,06:22,5,5,김포공항,11,"4,14,24,34,44,54,64,74,84,94,104"
42,06:22,6,6,일산,10,"5,15,25,35,45,55,65,75,85,95"
42,06:22,7,7,판교,10,"6,16,26,36,46,56,66,76,86,96"
42,06:22,8,8,동탄/용인,10,"7,17,27,37,47,57,67,77,87,97"
42,06:22,9,9,평택,10,"2,18,28,38,48,58,68,78,88,98"
43,06:23,1,1,서울역,10,"10,20,30,40,50,60,70,80,90,100"
43,06:23,10,10,인천공항,10,"0,19,29,39,49,59,69,79,89,99"
43,06:23,2,2,수서,11,"1,11,21,31,41,51,61,71,81,91,101"
43,06:23,3,3,삼성,10,"12,22,32,42,52,62,72,82,92,102"
43,06:23,4,4,여의도,11,"3,13,23,33,43,53,63,73,83,93,103"
43,06:23,5,5,김포공항,11,"4,14,24,34,44,54,64,74,84,94,104"
43,06:23,6,6,일산,10,"5,15,25,35,45,55,65,75,85,95"
43,06:23,7,7,판교,10,"6,16,26,36,46,56,66,76,86,96"
43,06:23,8,8,동탄/용인,10,"7,17,27,37,47,57,67,77,87,97"
43,06:23,9,9,평택,10,"2,18,28,38,48,58,68,78,88,98"
44,06:24,1,1,서울역,10,"10,20,30,40,50,60,70,80,90,100"
44,06:24,10,10,인천공항,10,"0,19,29,39,49,59,69,79,89,99"
44,06:24,2,2,수서,11,"1,11,21,31,41,51,61,71,81,91,101"
44,06:24,3,3,삼성,10,"12,22,32,42,52,62,72,82,92,102"
44,06:24,4,4,여의도,11,"3,13,23,33,43,53,63,73,83,93,103"
44,06:24,5,5,김포공항,11,"4,14,24,34,44,54,64,74,84,94,104"
44,06:24,6,6,일산,10,"5,15,25,35,45,55,65,75,85,95"
44,06:24,7,7,판교,10,"6,16,26,36,46,56,66,76,86,96"
44,06:24,8,8,동탄/용인,10,"7,17,27,37,47,57,67,77,87,97"
44,06:24,9,9,평택,10,"2,18,28,38,48,58,68,78,88,98"
45,06:25,1,1,서울역,10,"10,20,30,40,50,60,70,80,90,100"
45,06:25,10,10,인천공항,10,"0,19,29,39,49,59,69,79,89,99"
45,06:25,2,2,수서,11,"1,11,21,31,41,51,61,71,81,91,101"
45,06:25,3,3,삼성,10,"12,22,32,42,52,62,72,82,92,102"
45,06:25,4,4,여의도,11,"3,13,23,33,43,53,63,73,83,93,103"
45,06:25,5,5,김포공항,11,"4,14,24,34,44,54,64,74,84,94,104"
45,06:25,6,6,일산,10,"5,15,25,35,45,55,65,75,85,95"
45,06:25,7,7,판교,10,"6,16,26,36,46,56,66,76,86,96"
45,06:25,8,8,동탄/용인,10,"7,17,27,37,47,57,67,77,87,97"
45,06:25,9,9,평택,10,"2,18,28,38,48,58,68,78,88,98"
46,06:26,1,1,서울역,10,"10,20,30,40,50,60,70,80,90,100"
46,06:26,10,10,인천공항,10,"0,19,29,39,49,59,69,79,89,99"
46,06:26,2,2,수서,11,"1,11,21,31,41,51,61,71,81,91,101"
46,06:26,3,3,삼성,10,"12,22,32,42,52,62,72,82,92,102"
46,06:26,4,4,여의도,10,"13,23,33,43,53,63,73,83,93,103"
46,06:26,5,5,김포공항,11,"4,14,24,34,44,54,64,74,84,94,104"
46,06:26,6,6,일산,10,"5,15,25,35,45,55,65,75,85,95"
46,06:26,7,7,판교,10,"6,16,26,36,46,56,66,76,86,96"
46,06:26,8,8,동탄/용인,10,"7,17,27,37,47,57,67,77,87,97"
46,06:26,9,9,평택,10,"2,18,28,38,48,58,68,78,88,98"
47,06:27,1,1,서울역,10,"10,20,30,40,50,60,70,80,90,100"
47,06:27,10,10,인천공항,10,"0,19,29,39,49,59,69,79,89,99"
47,06:27,2,2,수서,11,"1,11,21,31,41,51,61,71,81,91,101"
47,06:27,3,3,삼성,10,"12,22,32,42,52,62,72,82,92,102"
47,06:27,4,4,여의도,10,"13,23,33,43,53,63,73,83,93,103"
47,06:27,5,5,김포공항,11,"4,14,24,34,44,54,64,74,84,94,104"
47,06:27,6,6,일산,10,"5,15,25,35,45,55,65,75,85,95"
47,06:27,7,7,판교,10,"6,16,26,36,46,56,66,76,86,96"
47,06:27,8,8,동탄/용인,10,"7,17,27,37,47,57,67,77,87,97"
47,06:27,9,9,평택,10,"2,18,28,38,48,58,68,78,88,98"
48,06:28,1,1,서울역,10,"10,20,30,40,50,60,70,80,90,100"
48,06:28,10,10,인천공항,10,"0,19,29,39,49,59,69,79,89,99"
48,06:28,2,2,수서,11,"1,11,21,31,41,51,61,71,81,91,101"
48,06:28,3,3,삼성,10,"12,22,32,42,52,62,72,82,92,102"
48,06:28,4,4,여의도,10,"13,23,33,43,53,63,73,83,93,103"
48,06:28,5,5,김포공항,11,"4,14,24,34,44,54,64,74,84,94,104"
48,06:28,6,6,일산,10,"5,15,25,35,45,55,65,75,85,95"
48,06:28,7,7,판교,10,"6,16,26,36,46,56,66,76,86,96"
48,06:28,8,8,동탄/용인,10,"7,17,27,37,47,57,67,77,87,97"
48,06:28,9,9,평택,10,"2,18,28,38,48,58,68,78,88,98"
49,06:29,1,1,서울역,10,"10,20,30,40,50,60,70,80,90,100"
49,06:29,10,10,인천공항,10,"0,19,29,39,49,59,69,79,89,99"
49,06:29,2,2,수서,11,"1,11,21,31,41,51,61,71,81,91,101"
49,06:29,3,3,삼성,10,"12,22,32,42,52,62,72,82,92,102"
49,06:29,4,4,여의도,10,"13,23,33,43,53,63,73,83,93,103"
49,06:29,5,5,김포공항,11,"4,14,24,34,44,54,64,74,84,94,104"
49,06:29,6,6,일산,10,"5,15,25,35,45,55,65,75,85,95"
49,06:29,7,7,판교,10,"6,16,26,36,46,56,66,76,86,96"
49,06:29,8,8,동탄/용인,10,"7,17,27,37,47,57,67,77,87,97"
49,06:29,9,9,평택,10,"2,18,28,38,48,58,68,78,88,98"
50,06:30,1,1,서울역,10,"10,20,30,40,50,60,70,80,90,100"
50,06:30,10,10,인천공항,10,"0,19,29,39,49,59,69,79,89,99"
50,06:30,2,2,수서,11,"1,11,21,31,41,51,61,71,81,91,101"
50,06:30,3,3,삼성,10,"12,22,32,42,52,62,72,82,92,102"
50,06:30,4,4,여의도,10,"13,23,33,43,53,63,73,83,93,103"
50,06:30,5,5,김포공항,11,"4,14,24,34,44,54,64,74,84,94,104"
50,06:30,6,6,일산,10,"5,15,25,35,45,55,65,75,85,95"
50,06:30,7,7,판교,10,"6,16,26,36,46,56,66,76,86,96"
50,06:30,8,8,동탄/용인,10,"7,17,27,37,47,57,67,77,87,97"
50,06:30,9,9,평택,10,"2,18,28,38,48,58,68,78,88,98"
51,06:31,1,1,서울역,10,"10,20,30,40,50,60,70,80,90,100"
51,06:31,10,10,인천공항,10,"0,19,29,39,49,59,69,79,89,99"
51,06:31,2,2,수서,11,"1,11,21,31,41,51,61,71,81,91,101"
51,06:31,3,3,삼성,9,"22,32,42,52,62,72,82,92,102"
51,06:31,4,4,여의도,10,"13,23,33,43,53,63,73,83,93,103"
51,06:31,5,5,김포공항,11,"4,14,24,34,44,54,64,74,84,94,104"
51,06:31,6,6,일산,9,"15,25,35,45,55,65,75,85,95"
51,06:31,7,7,판교,10,"6,16,26,36,46,56,66,76,86,96"
51,06:31,8,8,동탄/용인,10,"7,17,27,37,47,57,67,77,87,97"
51,06:31,9,9,평택,10,"2,18,28,38,48,58,68,78,88,98"
52,06:32,1,1,서울역,10,"10,20,30,40,50,60,70,80,90,100"
52,06:32,10,10,인천공항,10,"0,19,29,39,49,59,69,79,89,99"
52,06:32,2,2,수서,11,"1,11,21,31,41,51,61,71,81,91,101"
52,06:32,3,3,삼성,9,"22,32,42,52,62,72,82,92,102"
52,06:32,4,4,여의도,10,"13,23,33,43,53,63,73,83,93,103"
52,06:32,5,5,김포공항,11,"4,14,24,34,44,54,64,74,84,94,104"
52,06:32,6,6,일산,9,"15,25,35,45,55,65,75,85,95"
52,06:32,7,7,판교,10,"6,16,26,36,46,56,66,76,86,96"
52,06:32,8,8,동탄/용인,10,"7,17,27,37,47,57,67,77,87,97"
52,06:32,9,9,평택,10,"2,18,28,38,48,58,68,78,88,98"
53,06:33,1,1,서울역,10,"10,20,30,40,50,60,70,80,90,100"
53,06:33,10,10,인천공항,10,"0,19,29,39,49,59,69,79,89,99"
53,06:33,2,2,수서,11,"1,11,21,31,41,51,61,71,81,91,101"
53,06:33,3,3,삼성,9,"22,32,42,52,62,72,82,92,102"
53,06:33,4,4,여의도,10,"13,23,33,43,53,63,73,83,93,103"
53,06:33,5,5,김포공항,11,"4,14,24,34,44,54,64,74,84,94,104"
53,06:33,6,6,일산,9,"15,25,35,45,55,65,75,85,95"
53,06:33,7,7,판교,10,"6,16,26,36,46,56,66,76,86,96"
53,06:33,8,8,동탄/용인,10,"7,17,27,37,47,57,67,77,87,97"
53,06:33,9,9,평택,10,"2,18,28,38,48,58,68,78,88,98"
54,06:34,1,1,서울역,10,"10,20,30,40,50,60,70,80,90,100"
54,06:34,10,10,인천공항,10,"0,19,29,39,49,59,69,79,89,99"
54,06:34,2,2,수서,11,"1,11,21,31,41,51,61,71,81,91,101"
54,06:34,3,3,삼성,9,"22,32,42,52,62,72,82,92,102"
54,06:34,4,4,여의도,9,"23,33,43,53,63,73,83,93,103"
54,06:34,5,5,김포공항,11,"4,14,24,34,44,54,64,74,84,94,104"
54,06:34,6,6,일산,9,"15,25,35,45,55,65,75,85,95"
54,06:34,7,7,판교,10,"6,16,26,36,46,56,66,76,86,96"
54,06:34,8,8,동탄/용인,10,"7,17,27,37,47,57,67,77,87,97"
54,06:34,9,9,평택,10,"2,18,28,38,48,58,68,78,88,98"
55,06:35,1,1,서울역,10,"10,20,30,40,50,60,70,80,90,100"
55,06:35,10,10,인천공항,10,"0,19,29,39,49,59,69,79,89,99"
55,06:35,2,2,수서,11,"1,11,21,31,41,51,61,71,81,91,101"
55,06:35,3,3,삼성,9,"22,32,42,52,62,72,82,92,102"
55,06:35,4,4,여의도,9,"23,33,43,53,63,73,83,93,103"
55,06:35,5,5,김포공항,11,"4,14,24,34,44,54,64,74,84,94,104"
55,06:35,6,6,일산,9,"15,25,35,45,55,65,75,85,95"
55,06:35,7,7,판교,10,"6,16,26,36,46,56,66,76,86,96"
55,06:35,8,8,동탄/용인,10,"7,17,27,37,47,57,67,77,87,97"
55,06:35,9,9,평택,10,"2,18,28,38,48,58,68,78,88,98"
56,06:36,1,1,서울역,10,"10,20,30,40,50,60,70,80,90,100"
56,06:36,10,10,인천공항,10,"0,19,29,39,49,59,69,79,89,99"
56,06:36,2,2,수서,11,"1,11,21,31,41,51,61,71,81,91,101"
56,06:36,3,3,삼성,9,"22,32,42,52,62,72,82,92,102"
56,06:36,4,4,여의도,9,"23,33,43,53,63,73,83,93,103"
56,06:36,5,5,김포공항,11,"4,14,24,34,44,54,64,74,84,94,104"
56,06:36,6,6,일산,9,"15,25,35,45,55,65,75,85,95"
56,06:36,7,7,판교,10,"6,16,26,36,46,56,66,76,86,96"
56,06:36,8,8,동탄/용인,10,"7,17,27,37,47,57,67,77,87,97"
56,06:36,9,9,평택,10,"2,18,28,38,48,58,68,78,88,98"
57,06:37,1,1,서울역,10,"10,20,30,40,50,60,70,80,90,100"
57,06:37,10,10,인천공항,10,"0,19,29,39,49,59,69,79,89,99"
57,06:37,2,2,수서,11,"1,11,21,31,41,51,61,71,81,91,101"
57,06:37,3,3,삼성,10,"9,22,32,42,52,62,72,82,92,102"
57,06:37,4,4,여의도,10,"8,23,33,43,53,63,73,83,93,103"
57,06:37,5,5,김포공항,11,"4,14,24,34,44,54,64,74,84,94,104"
57,06:37,6,6,일산,9,"15,25,35,45,55,65,75,85,95"
57,06:37,7,7,판교,10,"6,16,26,36,46,56,66,76,86,96"
57,06:37,8,8,동탄/용인,10,"7,17,27,37,47,57,67,77,87,97"
57,06:37,9,9,평택,10,"2,18,28,38,48,58,68,78,88,98"
58,06:38,1,1,서울역,10,"10,20,30,40,50,60,70,80,90,100"
58,06:38,10,10,인천공항,10,"0,19,29,39,49,59,69,79,89,99"
58,06:38,2,2,수서,11,"1,11,21,31,41,51,61,71,81,91,101"
58,06:38,3,3,삼성,10,"9,22,32,42,52,62,72,82,92,102"
58,06:38,4,4,여의도,10,"8,23,33,43,53,63,73,83,93,103"
58,06:38,5,5,김포공항,11,"4,14,24,34,44,54,64,74,84,94,104"
58,06:38,6,6,일산,9,"15,25,35,45,55,65,75,85,95"
58,06:38,7,7,판교,10,"6,16,26,36,46,56,66,76,86,96"
58,06:38,8,8,동탄/용인,10,"7,17,27,37,47,57,67,77,87,97"
58,06:38,9,9,평택,10,"2,18,28,38,48,58,68,78,88,98"
59,06:39,1,1,서울역,10,"10,20,30,40,50,60,70,80,90,100"
59,06:39,10,10,인천공항,10,"0,19,29,39,49,59,69,79,89,99"
59,06:39,2,2,수서,11,"1,11,21,31,41,51,61,71,81,91,101"
59,06:39,3,3,삼성,10,"9,22,32,42,52,62,72,82,92,102"
59,06:39,4,4,여의도,10,"8,23,33,43,53,63,73,83,93,103"
59,06:39,5,5,김포공항,11,"4,14,24,34,44,54,64,74,84,94,104"
59,06:39,6,6,일산,9,"15,25,35,45,55,65,75,85,95"
59,06:39,7,7,판교,10,"6,16,26,36,46,56,66,76,86,96"
59,06:39,8,8,동탄/용인,10,"7,17,27,37,47,57,67,77,87,97"
59,06:39,9,9,평택,10,"2,18,28,38,48,58,68,78,88,98"
60,06:40,1,1,서울역,10,"10,20,30,40,50,60,70,80,90,100"
60,06:40,10,10,인천공항,10,"0,19,29,39,49,59,69,79,89,99"
60,06:40,2,2,수서,11,"1,11,21,31,41,51,61,71,81,91,101"
60,06:40,3,3,삼성,10,"9,22,32,42,52,62,72,82,92,102"
60,06:40,4,4,여의도,10,"8,23,33,43,53,63,73,83,93,103"
60,06:40,5,5,김포공항,11,"4,14,24,34,44,54,64,74,84,94,104"
60,06:40,6,6,일산,9,"15,25,35,45,55,65,75,85,95"
60,06:40,7,7,판교,10,"6,16,26,36,46,56,66,76,86,96"
60,06:40,8,8,동탄/용인,10,"7,17,27,37,47,57,67,77,87,97"
60,06:40,9,9,평택,10,"2,18,28,38,48,58,68,78,88,98"
61,06:41,1,1,서울역,10,"10,20,30,40,50,60,70,80,90,100"
61,06:41,10,10,인천공항,9,"0,19,39,49,59,69,79,89,99"
61,06:41,2,2,수서,11,"1,11,21,31,41,51,61,71,81,91,101"
61,06:41,3,3,삼성,10,"9,22,32,42,52,62,72,82,92,102"
61,06:41,4,4,여의도,10,"8,23,33,43,53,63,73,83,93,103"
61,06:41,5,5,김포공항,11,"4,14,24,34,44,54,64,74,84,94,104"
61,06:41,6,6,일산,9,"15,25,35,45,55,65,75,85,95"
61,06:41,7,7,판교,10,"6,16,26,36,46,56,66,76,86,96"
61,06:41,8,8,동탄/용인,10,"7,17,27,37,47,57,67,77,87,97"
61,06:41,9,9,평택,11,"2,3,18,28,38,48,58,68,78,88,98"
62,06:42,1,1,서울역,10,"10,20,30,40,50,60,70,80,90,100"
62,06:42,10,10,인천공항,8,"19,39,49,59,69,79,89,99"
62,06:42,2,2,수서,12,"1,5,11,21,31,41,51,61,71,81,91,101"
62,06:42,3,3,삼성,10,"9,22,32,42,52,62,72,82,92,102"
62,06:42,4,4,여의도,10,"8,23,33,43,53,63,73,83,93,103"
62,06:42,5,5,김포공항,11,"4,14,24,34,44,54,64,74,84,94,104"
62,06:42,6,6,일산,9,"15,25,35,45,55,65,75,85,95"
62,06:42,7,7,판교,10,"6,16,26,36,46,56,66,76,86,96"
62,06:42,8,8,동탄/용인,10,"7,17,27,37,47,57,67,77,87,97"
62,06:42,9,9,평택,11,"2,3,18,28,38,48,58,68,78,88,98"
63,06:43,1,1,서울역,10,"10,20,30,40,50,60,70,80,90,100"
63,06:43,10,10,인천공항,8,"19,39,49,59,69,79,89,99"
63,06:43,2,2,수서,12,"1,5,11,21,31,41,51,61,71,81,91,101"
63,06:43,3,3,삼성,10,"9,22,32,42,52,62,72,82,92,102"
63,06:43,4,4,여의도,10,"8,23,33,43,53,63,73,83,93,103"
63,06:43,5,5,김포공항,11,"4,14,24,34,44,54,64,74,84,94,104"
63,06:43,6,6,일산,9,"15,25,35,45,55,65,75,85,95"
63,06:43,7,7,판교,10,"6,16,26,36,46,56,66,76,86,96"
63,06:43,8,8,동탄/용인,10,"7,17,27,37,47,57,67,77,87,97"
63,06:43,9,9,평택,11,"2,3,18,28,38,48,58,68,78,88,98"
64,06:44,1,1,서울역,10,"10,20,30,40,50,60,70,80,90,100"
64,06:44,10,10,인천공항,8,"19,39,49,59,69,79,89,99"
64,06:44,2,2,수서,12,"1,5,11,21,31,41,51,61,71,81,91,101"
64,06:44,3,3,삼성,10,"9,22,32,42,52,62,72,82,92,102"
64,06:44,4,4,여의도,10,"8,23,33,43,53,63,73,83,93,103"
64,06:44,5,5,김포공항,11,"4,14,24,34,44,54,64,74,84,94,104"
64,06:44,6,6,일산,9,"15,25,35,45,55,65,75,85,95"
64,06:44,7,7,판교,10,"6,16,26,36,46,56,66,76,86,96"
64,06:44,8,8,동탄/용인,10,"7,17,27,37,47,57,67,77,87,97"
64,06:44,9,9,평택,11,"2,3,18,28,38,48,58,68,78,88,98"
65,06:45,1,1,서울역,10,"10,20,30,40,50,60,70,80,90,100"
65,06:45,10,10,인천공항,8,"19,39,49,59,69,79,89,99"
65,06:45,2,2,수서,12,"1,5,11,21,31,41,51,61,71,81,91,101"
65,06:45,3,3,삼성,10,"9,22,32,42,52,62,72,82,92,102"
65,06:45,4,4,여의도,10,"8,23,33,43,53,63,73,83,93,103"
65,06:45,5,5,김포공항,11,"4,14,24,34,44,54,64,74,84,94,104"
65,06:45,6,6,일산,9,"15,25,35,45,55,65,75,85,95"
65,06:45,7,7,판교,10,"6,16,26,36,46,56,66,76,86,96"
65,06:45,8,8,동탄/용인,10,"7,17,27,37,47,57,67,77,87,97"
65,06:45,9,9,평택,11,"2,3,18,28,38,48,58,68,78,88,98"
66,06:46,1,1,서울역,10,"10,20,30,40,50,60,70,80,90,100"
66,06:46,10,10,인천공항,9,"12,19,39,49,59,69,79,89,99"
66,06:46,2,2,수서,12,"1,5,11,21,31,41,51,61,71,81,91,101"
66,06:46,3,3,삼성,10,"9,22,32,42,52,62,72,82,92,102"
66,06:46,4,4,여의도,10,"8,23,33,43,53,63,73,83,93,103"
66,06:46,5,5,김포공항,11,"4,14,24,34,44,54,64,74,84,94,104"
66,06:46,6,6,일산,9,"15,25,35,45,55,65,75,85,95"
66,06:46,7,7,판교,10,"6,16,26,36,46,56,66,76,86,96"
66,06:46,8,8,동탄/용인,10,"7,17,27,37,47,57,67,77,87,97"
66,06:46,9,9,평택,11,"2,3,18,28,38,48,58,68,78,88,98"
67,06:47,1,1,서울역,10,"10,20,30,40,50,60,70,80,90,100"
67,06:47,10,10,인천공항,8,"12,39,49,59,69,79,89,99"
67,06:47,2,2,수서,12,"1,5,11,21,31,41,51,61,71,81,91,101"
67,06:47,3,3,삼성,10,"9,22,32,42,52,62,72,82,92,102"
67,06:47,4,4,여의도,10,"8,23,33,43,53,63,73,83,93,103"
67,06:47,5,5,김포공항,11,"4,14,24,34,44,54,64,74,84,94,104"
67,06:47,6,6,일산,9,"15,25,35,45,55,65,75,85,95"
67,06:47,7,7,판교,10,"6,16,26,36,46,56,66,76,86,96"
67,06:47,8,8,동탄/용인,10,"7,17,27,37,47,57,67,77,87,97"
67,06:47,9,9,평택,11,"2,3,18,28,38,48,58,68,78,88,98"
68,06:48,1,1,서울역,10,"10,20,30,40,50,60,70,80,90,100"
68,06:48,10,10,인천공항,8,"12,39,49,59,69,79,89,99"
68,06:48,2,2,수서,12,"1,5,11,21,31,41,51,61,71,81,91,101"
68,06:48,3,3,삼성,10,"9,22,32,42,52,62,72,82,92,102"
68,06:48,4,4,여의도,10,"8,23,33,43,53,63,73,83,93,103"
68,06:48,5,5,김포공항,11,"4,14,24,34,44,54,64,74,84,94,104"
68,06:48,6,6,일산,9,"15,25,35,45,55,65,75,85,95"
68,06:48,7,7,판교,10,"6,16,26,36,46,56,66,76,86,96"
68,06:48,8,8,동탄/용인,10,"7,17,27,37,47,57,67,77,87,97"
68,06:48,9,9,평택,11,"2,3,18,28,38,48,58,68,78,88,98"
69,06:49,1,1,서울역,10,"10,20,30,40,50,60,70,80,90,100"
69,06:49,10,10,인천공항,8,"12,39,49,59,69,79,89,99"
69,06:49,2,2,수서,12,"1,5,11,21,31,41,51,61,71,81,91,101"
69,06:49,3,3,삼성,10,"9,22,32,42,52,62,72,82,92,102"
69,06:49,4,4,여의도,9,"23,33,43,53,63,73,83,93,103"
69,06:49,5,5,김포공항,11,"4,14,24,34,44,54,64,74,84,94,104"
69,06:49,6,6,일산,9,"15,25,35,45,55,65,75,85,95"
69,06:49,7,7,판교,10,"6,16,26,36,46,56,66,76,86,96"
69,06:49,8,8,동탄/용인,10,"7,17,27,37,47,57,67,77,87,97"
69,06:49,9,9,평택,12,"2,3,13,18,28,38,48,58,68,78,88,98"
70,06:50,1,1,서울역,9,"20,30,40,50,60,70,80,90,100"
70,06:50,10,10,인천공항,8,"12,39,49,59,69,79,89,99"
70,06:50,2,2,수서,12,"1,5,11,21,31,41,51,61,71,81,91,101"
70,06:50,3,3,삼성,10,"9,22,32,42,52,62,72,82,92,102"
70,06:50,4,4,여의도,9,"23,33,43,53,63,73,83,93,103"
70,06:50,5,5,김포공항,11,"4,14,24,34,44,54,64,74,84,94,104"
70,06:50,6,6,일산,9,"15,25,35,45,55,65,75,85,95"
70,06:50,7,7,판교,10,"6,16,26,36,46,56,66,76,86,96"
70,06:50,8,8,동탄/용인,10,"7,17,27,37,47,57,67,77,87,97"
70,06:50,9,9,평택,12,"2,3,13,18,28,38,48,58,68,78,88,98"
71,06:51,1,1,서울역,9,"20,30,40,50,60,70,80,90,100"
71,06:51,10,10,인천공항,8,"12,39,49,59,69,79,89,99"
71,06:51,2,2,수서,12,"1,5,11,21,31,41,51,61,71,81,91,101"
71,06:51,3,3,삼성,10,"9,22,32,42,52,62,72,82,92,102"
71,06:51,4,4,여의도,9,"23,33,43,53,63,73,83,93,103"
71,06:51,5,5,김포공항,11,"4,14,24,34,44,54,64,74,84,94,104"
71,06:51,6,6,일산,9,"15,25,35,45,55,65,75,85,95"
71,06:51,7,7,판교,10,"6,16,26,36,46,56,66,76,86,96"
71,06:51,8,8,동탄/용인,10,"7,17,27,37,47,57,67,77,87,97"
71,06:51,9,9,평택,12,"2,3,13,18,28,38,48,58,68,78,88,98"
72,06:52,1,1,서울역,9,"20,30,40,50,60,70,80,90,100"
72,06:52,10,10,인천공항,8,"12,39,49,59,69,79,89,99"
72,06:52,2,2,수서,12,"1,5,11,21,31,41,51,61,71,81,91,101"
72,06:52,3,3,삼성,10,"9,22,32,42,52,62,72,82,92,102"
72,06:52,4,4,여의도,9,"23,33,43,53,63,73,83,93,103"
72,06:52,5,5,김포공항,11,"4,14,24,34,44,54,64,74,84,94,104"
72,06:52,6,6,일산,9,"15,25,35,45,55,65,75,85,95"
72,06:52,7,7,판교,10,"6,16,26,36,46,56,66,76,86,96"
72,06:52,8,8,동탄/용인,10,"7,17,27,37,47,57,67,77,87,97"
72,06:52,9,9,평택,12,"2,3,13,18,28,38,48,58,68,78,88,98"
73,06:53,1,1,서울역,9,"20,30,40,50,60,70,80,90,100"
73,06:53,10,10,인천공항,8,"12,39,49,59,69,79,89,99"
73,06:53,2,2,수서,12,"1,5,11,21,31,41,51,61,71,81,91,101"
73,06:53,3,3,삼성,10,"9,22,32,42,52,62,72,82,92,102"
73,06:53,4,4,여의도,9,"23,33,43,53,63,73,83,93,103"
73,06:53,5,5,김포공항,11,"4,14,24,34,44,54,64,74,84,94,104"
73,06:53,6,6,일산,9,"15,25,35,45,55,65,75,85,95"
73,06:53,7,7,판교,10,"6,16,26,36,46,56,66,76,86,96"
73,06:53,8,8,동탄/용인,10,"7,17,27,37,47,57,67,77,87,97"
73,06:53,9,9,평택,12,"2,3,13,18,28,38,48,58,68,78,88,98"
74,06:54,1,1,서울역,9,"20,30,40,50,60,70,80,90,100"
74,06:54,10,10,인천공항,8,"12,39,49,59,69,79,89,99"
74,06:54,2,2,수서,12,"1,5,11,21,31,41,51,61,71,81,91,101"
74,06:54,3,3,삼성,10,"9,22,32,42,52,62,72,82,92,102"
74,06:54,4,4,여의도,10,"0,23,33,43,53,63,73,83,93,103"
74,06:54,5,5,김포공항,11,"4,14,24,34,44,54,64,74,84,94,104"
74,06:54,6,6,일산,9,"15,25,35,45,55,65,75,85,95"
74,06:54,7,7,판교,10,"6,16,26,36,46,56,66,76,86,96"
74,06:54,8,8,동탄/용인,10,"7,17,27,37,47,57,67,77,87,97"
74,06:54,9,9,평택,12,"2,3,13,18,28,38,48,58,68,78,88,98"
75,06:55,1,1,서울역,9,"20,30,40,50,60,70,80,90,100"
75,06:55,10,10,인천공항,8,"12,39,49,59,69,79,89,99"
75,06:55,2,2,수서,12,"1,5,11,21,31,41,51,61,71,81,91,101"
75,06:55,3,3,삼성,10,"9,22,32,42,52,62,72,82,92,102"
75,06:55,4,4,여의도,10,"0,23,33,43,53,63,73,83,93,103"
75,06:55,5,5,김포공항,11,"4,14,24,34,44,54,64,74,84,94,104"
75,06:55,6,6,일산,9,"15,25,35,45,55,65,75,85,95"
75,06:55,7,7,판교,10,"6,16,26,36,46,56,66,76,86,96"
75,06:55,8,8,동탄/용인,10,"7,17,27,37,47,57,67,77,87,97"
75,06:55,9,9,평택,12,"2,3,13,18,28,38,48,58,68,78,88,98"
76,06:56,1,1,서울역,9,"20,30,40,50,60,70,80,90,100"
76,06:56,10,10,인천공항,8,"12,39,49,59,69,79,89,99"
76,06:56,2,2,수서,12,"1,5,11,21,31,41,51,61,71,81,91,101"
76,06:56,3,3,삼성,11,"9,22,29,32,42,52,62,72,82,92,102"
76,06:56,4,4,여의도,10,"0,23,33,43,53,63,73,83,93,103"
76,06:56,5,5,김포공항,11,"4,14,24,34,44,54,64,74,84,94,104"
76,06:56,6,6,일산,9,"15,25,35,45,55,65,75,85,95"
76,06:56,7,7,판교,10,"6,16,26,36,46,56,66,76,86,96"
76,06:56,8,8,동탄/용인,10,"7,17,27,37,47,57,67,77,87,97"
76,06:56,9,9,평택,12,"2,3,13,18,28,38,48,58,68,78,88,98"
77,06:57,1,1,서울역,9,"20,30,40,50,60,70,80,90,100"
77,06:57,10,10,인천공항,8,"12,39,49,59,69,79,89,99"
77,06:57,2,2,수서,12,"1,5,11,21,31,41,51,61,71,81,91,101"
77,06:57,3,3,삼성,11,"9,22,29,32,42,52,62,72,82,92,102"
77,06:57,4,4,여의도,10,"0,23,33,43,53,63,73,83,93,103"
77,06:57,5,5,김포공항,11,"4,14,24,34,44,54,64,74,84,94,104"
77,06:57,6,6,일산,9,"15,25,35,45,55,65,75,85,95"
77,06:57,7,7,판교,10,"6,16,26,36,46,56,66,76,86,96"
77,06:57,8,8,동탄/용인,10,"7,17,27,37,47,57,67,77,87,97"
77,06:57,9,9,평택,12,"2,3,13,18,28,38,48,58,68,78,88,98"
78,06:58,1,1,서울역,9,"20,30,40,50,60,70,80,90,100"
78,06:58,10,10,인천공항,8,"12,39,49,59,69,79,89,99"
78,06:58,2,2,수서,12,"1,5,11,21,31,41,51,61,71,81,91,101"
78,06:58,3,3,삼성,11,"9,22,29,32,42,52,62,72,82,92,102"
78,06:58,4,4,여의도,10,"0,23,33,43,53,63,73,83,93,103"
78,06:58,5,5,김포공항,11,"4,14,24,34,44,54,64,74,84,94,104"
78,06:58,6,6,일산,9,"15,25,35,45,55,65,75,85,95"
78,06:58,7,7,판교,10,"6,16,26,36,46,56,66,76,86,96"
78,06:58,8,8,동탄/용인,10,"7,17,27,37,47,57,67,77,87,97"
78,06:58,9,9,평택,12,"2,3,13,18,28,38,48,58,68,78,88,98"
79,06:59,1,1,서울역,9,"20,30,40,50,60,70,80,90,100"
79,06:59,10,10,인천공항,8,"12,39,49,59,69,79,89,99"
79,06:59,2,2,수서,12,"1,5,11,21,31,41,51,61,71,81,91,101"
79,06:59,3,3,삼성,11,"9,22,29,32,42,52,62,72,82,92,102"
79,06:59,4,4,여의도,11,"0,19,23,33,43,53,63,73,83,93,103"
79,06:59,5,5,김포공항,11,"4,14,24,34,44,54,64,74,84,94,104"
79,06:59,6,6,일산,9,"15,25,35,45,55,65,75,85,95"
79,06:59,7,7,판교,10,"6,16,26,36,46,56,66,76,86,96"
79,06:59,8,8,동탄/용인,10,"7,17,27,37,47,57,67,77,87,97"
79,06:59,9,9,평택,12,"2,3,13,18,28,38,48,58,68,78,88,98"
80,07:00,1,1,서울역,9,"20,30,40,50,60,70,80,90,100"
80,07:00,10,10,인천공항,8,"12,39,49,59,69,79,89,99"
80,07:00,2,2,수서,12,"1,5,11,21,31,41,51,61,71,81,91,101"
80,07:00,3,3,삼성,11,"9,22,29,32,42,52,62,72,82,92,102"
80,07:00,4,4,여의도,11,"0,19,23,33,43,53,63,73,83,93,103"
80,07:00,5,5,김포공항,11,"4,14,24,34,44,54,64,74,84,94,104"
80,07:00,6,6,일산,9,"15,25,35,45,55,65,75,85,95"
80,07:00,7,7,판교,10,"6,16,26,36,46,56,66,76,86,96"
80,07:00,8,8,동탄/용인,10,"7,17,27,37,47,57,67,77,87,97"
80,07:00,9,9,평택,12,"2,3,13,18,28,38,48,58,68,78,88,98"
81,07:01,1,1,서울역,9,"20,30,40,50,60,70,80,90,100"
81,07:01,10,10,인천공항,8,"12,39,49,59,69,79,89,99"
81,07:01,2,2,수서,12,"1,5,11,21,31,41,51,61,71,81,91,101"
81,07:01,3,3,삼성,11,"9,22,29,32,42,52,62,72,82,92,102"
81,07:01,4,4,여의도,11,"0,19,23,33,43,53,63,73,83,93,103"
81,07:01,5,5,김포공항,11,"4,14,24,34,44,54,64,74,84,94,104"
81,07:01,6,6,일산,9,"15,25,35,45,55,65,75,85,95"
81,07:01,7,7,판교,10,"6,16,26,36,46,56,66,76,86,96"
81,07:01,8,8,동탄/용인,10,"7,17,27,37,47,57,67,77,87,97"
81,07:01,9,9,평택,12,"2,3,13,18,28,38,48,58,68,78,88,98"
82,07:02,1,1,서울역,9,"20,30,40,50,60,70,80,90,100"
82,07:02,10,10,인천공항,8,"12,39,49,59,69,79,89,99"
82,07:02,2,2,수서,12,"1,5,11,21,31,41,51,61,71,81,91,101"
82,07:02,3,3,삼성,11,"9,22,29,32,42,52,62,72,82,92,102"
82,07:02,4,4,여의도,11,"0,19,23,33,43,53,63,73,83,93,103"
82,07:02,5,5,김포공항,11,"4,14,24,34,44,54,64,74,84,94,104"
82,07:02,6,6,일산,9,"15,25,35,45,55,65,75,85,95"
82,07:02,7,7,판교,10,"6,16,26,36,46,56,66,76,86,96"
82,07:02,8,8,동탄/용인,10,"7,17,27,37,47,57,67,77,87,97"
82,07:02,9,9,평택,12,"2,3,13,18,28,38,48,58,68,78,88,98"
83,07:03,1,1,서울역,9,"20,30,40,50,60,70,80,90,100"
83,07:03,10,10,인천공항,9,"10,12,39,49,59,69,79,89,99"
83,07:03,2,2,수서,12,"1,5,11,21,31,41,51,61,71,81,91,101"
83,07:03,3,3,삼성,11,"9,22,29,32,42,52,62,72,82,92,102"
83,07:03,4,4,여의도,11,"0,19,23,33,43,53,63,73,83,93,103"
83,07:03,5,5,김포공항,11,"4,14,24,34,44,54,64,74,84,94,104"
83,07:03,6,6,일산,9,"15,25,35,45,55,65,75,85,95"
83,07:03,7,7,판교,10,"6,16,26,36,46,56,66,76,86,96"
83,07:03,8,8,동탄/용인,10,"7,17,27,37,47,57,67,77,87,97"
83,07:03,9,9,평택,12,"2,3,13,18,28,38,48,58,68,78,88,98"
84,07:04,1,1,서울역,9,"20,30,40,50,60,70,80,90,100"
84,07:04,10,10,인천공항,9,"10,12,39,49,59,69,79,89,99"
84,07:04,2,2,수서,12,"1,5,11,21,31,41,51,61,71,81,91,101"
84,07:04,3,3,삼성,11,"9,22,29,32,42,52,62,72,82,92,102"
84,07:04,4,4,여의도,11,"0,19,23,33,43,53,63,73,83,93,103"
84,07:04,5,5,김포공항,11,"4,14,24,34,44,54,64,74,84,94,104"
84,07:04,6,6,일산,9,"15,25,35,45,55,65,75,85,95"
84,07:04,7,7,판교,10,"6,16,26,36,46,56,66,76,86,96"
84,07:04,8,8,동탄/용인,10,"7,17,27,37,47,57,67,77,87,97"
84,07:04,9,9,평택,13,"2,3,8,13,18,28,38,48,58,68,78,88,98"
85,07:05,1,1,서울역,9,"20,30,40,50,60,70,80,90,100"
85,07:05,10,10,인천공항,9,"10,12,39,49,59,69,79,89,99"
85,07:05,2,2,수서,12,"1,5,11,21,31,41,51,61,71,81,91,101"
85,07:05,3,3,삼성,11,"9,22,29,32,42,52,62,72,82,92,102"
85,07:05,4,4,여의도,11,"0,19,23,33,43,53,63,73,83,93,103"
85,07:05,5,5,김포공항,11,"4,14,24,34,44,54,64,74,84,94,104"
85,07:05,6,6,일산,9,"15,25,35,45,55,65,75,85,95"
85,07:05,7,7,판교,10,"6,16,26,36,46,56,66,76,86,96"
85,07:05,8,8,동탄/용인,10,"7,17,27,37,47,57,67,77,87,97"
85,07:05,9,9,평택,13,"2,3,8,13,18,28,38,48,58,68,78,88,98"
86,07:06,1,1,서울역,9,"20,30,40,50,60,70,80,90,100"
86,07:06,10,10,인천공항,9,"10,12,39,49,59,69,79,89,99"
86,07:06,2,2,수서,12,"1,5,11,21,31,41,51,61,71,81,91,101"
86,07:06,3,3,삼성,11,"9,22,29,32,42,52,62,72,82,92,102"
86,07:06,4,4,여의도,11,"0,19,23,33,43,53,63,73,83,93,103"
86,07:06,5,5,김포공항,11,"4,14,24,34,44,54,64,74,84,94,104"
86,07:06,6,6,일산,9,"15,25,35,45,55,65,75,85,95"
86,07:06,7,7,판교,10,"6,16,26,36,46,56,66,76,86,96"
86,07:06,8,8,동탄/용인,10,"7,17,27,37,47,57,67,77,87,97"
86,07:06,9,9,평택,13,"2,3,8,13,18,28,38,48,58,68,78,88,98"
87,07:07,1,1,서울역,9,"20,30,40,50,60,70,80,90,100"
87,07:07,10,10,인천공항,9,"10,12,39,49,59,69,79,89,99"
87,07:07,2,2,수서,12,"1,5,11,21,31,41,51,61,71,81,91,101"
87,07:07,3,3,삼성,11,"9,22,29,32,42,52,62,72,82,92,102"
87,07:07,4,4,여의도,11,"0,19,23,33,43,53,63,73,83,93,103"
87,07:07,5,5,김포공항,11,"4,14,24,34,44,54,64,74,84,94,104"
87,07:07,6,6,일산,9,"15,25,35,45,55,65,75,85,95"
87,07:07,7,7,판교,10,"6,16,26,36,46,56,66,76,86,96"
87,07:07,8,8,동탄/용인,10,"7,17,27,37,47,57,67,77,87,97"
87,07:07,9,9,평택,13,"2,3,8,13,18,28,38,48,58,68,78,88,98"
88,07:08,1,1,서울역,9,"20,30,40,50,60,70,80,90,100"
88,07:08,10,10,인천공항,9,"10,12,39,49,59,69,79,89,99"
88,07:08,2,2,수서,12,"1,5,11,21,31,41,51,61,71,81,91,101"
88,07:08,3,3,삼성,11,"9,22,29,32,42,52,62,72,82,92,102"
88,07:08,4,4,여의도,11,"0,19,23,33,43,53,63,73,83,93,103"
88,07:08,5,5,김포공항,11,"4,14,24,34,44,54,64,74,84,94,104"
88,07:08,6,6,일산,9,"15,25,35,45,55,65,75,85,95"
88,07:08,7,7,판교,10,"6,16,26,36,46,56,66,76,86,96"
88,07:08,8,8,동탄/용인,10,"7,17,27,37,47,57,67,77,87,97"
88,07:08,9,9,평택,13,"2,3,8,13,18,28,38,48,58,68,78,88,98"
89,07:09,1,1,서울역,9,"20,30,40,50,60,70,80,90,100"
89,07:09,10,10,인천공항,9,"10,12,39,49,59,69,79,89,99"
89,07:09,2,2,수서,12,"1,5,11,21,31,41,51,61,71,81,91,101"
89,07:09,3,3,삼성,11,"9,22,29,32,42,52,62,72,82,92,102"
89,07:09,4,4,여의도,11,"0,19,23,33,43,53,63,73,83,93,103"
89,07:09,5,5,김포공항,11,"4,14,24,34,44,54,64,74,84,94,104"
89,07:09,6,6,일산,9,"15,25,35,45,55,65,75,85,95"
89,07:09,7,7,판교,10,"6,16,26,36,46,56,66,76,86,96"
89,07:09,8,8,동탄/용인,10,"7,17,27,37,47,57,67,77,87,97"
89,07:09,9,9,평택,13,"2,3,8,13,18,28,38,48,58,68,78,88,98"
90,07:10,1,1,서울역,9,"20,30,40,50,60,70,80,90,100"
90,07:10,10,10,인천공항,9,"10,12,39,49,59,69,79,89,99"
90,07:10,2,2,수서,12,"1,5,11,21,31,41,51,61,71,81,91,101"
90,07:10,3,3,삼성,11,"9,22,29,32,42,52,62,72,82,92,102"
90,07:10,4,4,여의도,11,"0,19,23,33,43,53,63,73,83,93,103"
90,07:10,5,5,김포공항,11,"4,14,24,34,44,54,64,74,84,94,104"
90,07:10,6,6,일산,9,"15,25,35,45,55,65,75,85,95"
90,07:10,7,7,판교,10,"6,16,26,36,46,56,66,76,86,96"
90,07:10,8,8,동탄/용인,10,"7,17,27,37,47,57,67,77,87,97"
90,07:10,9,9,평택,13,"2,3,8,13,18,28,38,48,58,68,78,88,98"
91,07:11,1,1,서울역,9,"20,30,40,50,60,70,80,90,100"
91,07:11,10,10,인천공항,9,"10,12,39,49,59,69,79,89,99"
91,07:11,2,2,수서,12,"1,5,11,21,31,41,51,61,71,81,91,101"
91,07:11,3,3,삼성,11,"9,22,29,32,42,52,62,72,82,92,102"
91,07:11,4,4,여의도,11,"0,19,23,33,43,53,63,73,83,93,103"
91,07:11,5,5,김포공항,11,"4,14,24,34,44,54,64,74,84,94,104"
91,07:11,6,6,일산,9,"15,25,35,45,55,65,75,85,95"
91,07:11,7,7,판교,10,"6,16,26,36,46,56,66,76,86,96"
91,07:11,8,8,동탄/용인,10,"7,17,27,37,47,57,67,77,87,97"
91,07:11,9,9,평택,13,"2,3,8,13,18,28,38,48,58,68,78,88,98"
92,07:12,1,1,서울역,9,"20,30,40,50,60,70,80,90,100"
92,07:12,10,10,인천공항,9,"10,12,39,49,59,69,79,89,99"
92,07:12,2,2,수서,12,"1,5,11,21,31,41,51,61,71,81,91,101"
92,07:12,3,3,삼성,11,"9,22,29,32,42,52,62,72,82,92,102"
92,07:12,4,4,여의도,11,"0,19,23,33,43,53,63,73,83,93,103"
92,07:12,5,5,김포공항,11,"4,14,24,34,44,54,64,74,84,94,104"
92,07:12,6,6,일산,9,"15,25,35,45,55,65,75,85,95"
92,07:12,7,7,판교,10,"6,16,26,36,46,56,66,76,86,96"
92,07:12,8,8,동탄/용인,10,"7,17,27,37,47,57,67,77,87,97"
92,07:12,9,9,평택,13,"2,3,8,13,18,28,38,48,58,68,78,88,98"
93,07:13,1,1,서울역,9,"20,30,40,50,60,70,80,90,100"
93,07:13,10,10,인천공항,9,"10,12,39,49,59,69,79,89,99"
93,07:13,2,2,수서,12,"1,5,11,21,31,41,51,61,71,81,91,101"
93,07:13,3,3,삼성,11,"9,22,29,32,42,52,62,72,82,92,102"
93,07:13,4,4,여의도,11,"0,19,23,33,43,53,63,73,83,93,103"
93,07:13,5,5,김포공항,11,"4,14,24,34,44,54,64,74,84,94,104"
93,07:13,6,6,일산,9,"15,25,35,45,55,65,75,85,95"
93,07:13,7,7,판교,10,"6,16,26,36,46,56,66,76,86,96"
93,07:13,8,8,동탄/용인,10,"7,17,27,37,47,57,67,77,87,97"
93,07:13,9,9,평택,13,"2,3,8,13,18,28,38,48,58,68,78,88,98"
94,07:14,1,1,서울역,9,"20,30,40,50,60,70,80,90,100"
94,07:14,10,10,인천공항,9,"10,12,39,49,59,69,79,89,99"
94,07:14,2,2,수서,12,"1,5,11,21,31,41,51,61,71,81,91,101"
94,07:14,3,3,삼성,11,"9,22,29,32,42,52,62,72,82,92,102"
94,07:14,4,4,여의도,11,"0,19,23,33,43,53,63,73,83,93,103"
94,07:14,5,5,김포공항,11,"4,14,24,34,44,54,64,74,84,94,104"
94,07:14,6,6,일산,9,"15,25,35,45,55,65,75,85,95"
94,07:14,7,7,판교,10,"6,16,26,36,46,56,66,76,86,96"
94,07:14,8,8,동탄/용인,10,"7,17,27,37,47,57,67,77,87,97"
94,07:14,9,9,평택,13,"2,3,8,13,18,28,38,48,58,68,78,88,98"
95,07:15,1,1,서울역,9,"20,30,40,50,60,70,80,90,100"
95,07:15,10,10,인천공항,9,"10,12,39,49,59,69,79,89,99"
95,07:15,2,2,수서,12,"1,5,11,21,31,41,51,61,71,81,91,101"
95,07:15,3,3,삼성,11,"9,22,29,32,42,52,62,72,82,92,102"
95,07:15,4,4,여의도,11,"0,19,23,33,43,53,63,73,83,93,103"
95,07:15,5,5,김포공항,11,"4,14,24,34,44,54,64,74,84,94,104"
95,07:15,6,6,일산,9,"15,25,35,45,55,65,75,85,95"
95,07:15,7,7,판교,10,"6,16,26,36,46,56,66,76,86,96"
95,07:15,8,8,동탄/용인,10,"7,17,27,37,47,57,67,77,87,97"
95,07:15,9,9,평택,13,"2,3,8,13,18,28,38,48,58,68,78,88,98"
96,07:16,1,1,서울역,9,"20,30,40,50,60,70,80,90,100"
96,07:16,10,10,인천공항,9,"10,12,39,49,59,69,79,89,99"
96,07:16,2,2,수서,12,"1,5,11,21,31,41,51,61,71,81,91,101"
96,07:16,3,3,삼성,11,"9,22,29,32,42,52,62,72,82,92,102"
96,07:16,4,4,여의도,11,"0,19,23,33,43,53,63,73,83,93,103"
96,07:16,5,5,김포공항,11,"4,14,24,34,44,54,64,74,84,94,104"
96,07:16,6,6,일산,9,"15,25,35,45,55,65,75,85,95"
96,07:16,7,7,판교,10,"6,16,26,36,46,56,66,76,86,96"
96,07:16,8,8,동탄/용인,10,"7,17,27,37,47,57,67,77,87,97"
96,07:16,9,9,평택,13,"2,3,8,13,18,28,38,48,58,68,78,88,98"
97,07:17,1,1,서울역,9,"20,30,40,50,60,70,80,90,100"
97,07:17,10,10,인천공항,9,"10,12,39,49,59,69,79,89,99"
97,07:17,2,2,수서,12,"1,5,11,21,31,41,51,61,71,81,91,101"
97,07:17,3,3,삼성,11,"9,22,29,32,42,52,62,72,82,92,102"
97,07:17,4,4,여의도,11,"0,19,23,33,43,53,63,73,83,93,103"
97,07:17,5,5,김포공항,11,"4,14,24,34,44,54,64,74,84,94,104"
97,07:17,6,6,일산,9,"15,25,35,45,55,65,75,85,95"
97,07:17,7,7,판교,10,"6,16,26,36,46,56,66,76,86,96"
97,07:17,8,8,동탄/용인,10,"7,17,27,37,47,57,67,77,87,97"
97,07:17,9,9,평택,13,"2,3,8,13,18,28,38,48,58,68,78,88,98"
98,07:18,1,1,서울역,9,"20,30,40,50,60,70,80,90,100"
98,07:18,10,10,인천공항,9,"10,12,39,49,59,69,79,89,99"
98,07:18,2,2,수서,12,"1,5,11,21,31,41,51,61,71,81,91,101"
98,07:18,3,3,삼성,11,"9,22,29,32,42,52,62,72,82,92,102"
98,07:18,4,4,여의도,11,"0,19,23,33,43,53,63,73,83,93,103"
98,07:18,5,5,김포공항,11,"4,14,24,34,44,54,64,74,84,94,104"
98,07:18,6,6,일산,9,"15,25,35,45,55,65,75,85,95"
98,07:18,7,7,판교,10,"6,16,26,36,46,56,66,76,86,96"
98,07:18,8,8,동탄/용인,10,"7,17,27,37,47,57,67,77,87,97"
98,07:18,9,9,평택,13,"2,3,8,13,18,28,38,48,58,68,78,88,98"
99,07:19,1,1,서울역,9,"20,30,40,50,60,70,80,90,100"
99,07:19,10,10,인천공항,9,"10,12,39,49,59,69,79,89,99"
99,07:19,2,2,수서,12,"1,5,11,21,31,41,51,61,71,81,91,101"
99,07:19,3,3,삼성,11,"9,22,29,32,42,52,62,72,82,92,102"
99,07:19,4,4,여의도,11,"0,19,23,33,43,53,63,73,83,93,103"
99,07:19,5,5,김포공항,11,"4,14,24,34,44,54,64,74,84,94,104"
99,07:19,6,6,일산,9,"15,25,35,45,55,65,75,85,95"
99,07:19,7,7,판교,10,"6,16,26,36,46,56,66,76,86,96"
99,07:19,8,8,동탄/용인,10,"7,17,27,37,47,57,67,77,87,97"
99,07:19,9,9,평택,13,"2,3,8,13,18,28,38,48,58,68,78,88,98"
100,07:20,1,1,서울역,9,"20,30,40,50,60,70,80,90,100"
100,07:20,10,10,인천공항,9,"10,12,39,49,59,69,79,89,99"
100,07:20,2,2,수서,12,"1,5,11,21,31,41,51,61,71,81,91,101"
100,07:20,3,3,삼성,11,"9,22,29,32,42,52,62,72,82,92,102"
100,07:20,4,4,여의도,11,"0,19,23,33,43,53,63,73,83,93,103"
100,07:20,5,5,김포공항,11,"4,14,24,34,44,54,64,74,84,94,104"
100,07:20,6,6,일산,9,"15,25,35,45,55,65,75,85,95"
100,07:20,7,7,판교,10,"6,16,26,36,46,56,66,76,86,96"
100,07:20,8,8,동탄/용인,10,"7,17,27,37,47,57,67,77,87,97"
100,07:20,9,9,평택,13,"2,3,8,13,18,28,38,48,58,68,78,88,98"
101,07:21,1,1,서울역,9,"20,30,40,50,60,70,80,90,100"
101,07:21,10,10,인천공항,9,"10,12,39,49,59,69,79,89,99"
101,07:21,2,2,수서,12,"1,5,11,21,31,41,51,61,71,81,91,101"
101,07:21,3,3,삼성,11,"9,22,29,32,42,52,62,72,82,92,102"
101,07:21,4,4,여의도,11,"0,19,23,33,43,53,63,73,83,93,103"
101,07:21,5,5,김포공항,11,"4,14,24,34,44,54,64,74,84,94,104"
101,07:21,6,6,일산,9,"15,25,35,45,55,65,75,85,95"
101,07:21,7,7,판교,10,"6,16,26,36,46,56,66,76,86,96"
101,07:21,8,8,동탄/용인,10,"7,17,27,37,47,57,67,77,87,97"
101,07:21,9,9,평택,13,"2,3,8,13,18,28,38,48,58,68,78,88,98"
102,07:22,1,1,서울역,9,"20,30,40,50,60,70,80,90,100"
102,07:22,10,10,인천공항,9,"10,12,39,49,59,69,79,89,99"
102,07:22,2,2,수서,12,"1,5,11,21,31,41,51,61,71,81,91,101"
102,07:22,3,3,삼성,11,"9,22,29,32,42,52,62,72,82,92,102"
102,07:22,4,4,여의도,11,"0,19,23,33,43,53,63,73,83,93,103"
102,07:22,5,5,김포공항,11,"4,14,24,34,44,54,64,74,84,94,104"
102,07:22,6,6,일산,9,"15,25,35,45,55,65,75,85,95"
102,07:22,7,7,판교,10,"6,16,26,36,46,56,66,76,86,96"
102,07:22,8,8,동탄/용인,10,"7,17,27,37,47,57,67,77,87,97"
102,07:22,9,9,평택,13,"2,3,8,13,18,28,38,48,58,68,78,88,98"
103,07:23,1,1,서울역,9,"20,30,40,50,60,70,80,90,100"
103,07:23,10,10,인천공항,9,"10,12,39,49,59,69,79,89,99"
103,07:23,2,2,수서,12,"1,5,11,21,31,41,51,61,71,81,91,101"
103,07:23,3,3,삼성,11,"9,22,29,32,42,52,62,72,82,92,102"
103,07:23,4,4,여의도,11,"0,19,23,33,43,53,63,73,83,93,103"
103,07:23,5,5,김포공항,11,"4,14,24,34,44,54,64,74,84,94,104"
103,07:23,6,6,일산,8,"25,35,45,55,65,75,85,95"
103,07:23,7,7,판교,10,"6,16,26,36,46,56,66,76,86,96"
103,07:23,8,8,동탄/용인,10,"7,17,27,37,47,57,67,77,87,97"
103,07:23,9,9,평택,13,"2,3,8,13,18,28,38,48,58,68,78,88,98"
104,07:24,1,1,서울역,9,"20,30,40,50,60,70,80,90,100"
104,07:24,10,10,인천공항,9,"10,12,39,49,59,69,79,89,99"
104,07:24,2,2,수서,12,"1,5,11,21,31,41,51,61,71,81,91,101"
104,07:24,3,3,삼성,11,"9,22,29,32,42,52,62,72,82,92,102"
104,07:24,4,4,여의도,11,"0,19,23,33,43,53,63,73,83,93,103"
104,07:24,5,5,김포공항,11,"4,14,24,34,44,54,64,74,84,94,104"
104,07:24,6,6,일산,8,"25,35,45,55,65,75,85,95"
104,07:24,7,7,판교,10,"6,16,26,36,46,56,66,76,86,96"
104,07:24,8,8,동탄/용인,10,"7,17,27,37,47,57,67,77,87,97"
104,07:24,9,9,평택,13,"2,3,8,13,18,28,38,48,58,68,78,88,98"
105,07:25,1,1,서울역,9,"20,30,40,50,60,70,80,90,100"
105,07:25,10,10,인천공항,9,"10,12,39,49,59,69,79,89,99"
105,07:25,2,2,수서,12,"1,5,11,21,31,41,51,61,71,81,91,101"
105,07:25,3,3,삼성,11,"9,22,29,32,42,52,62,72,82,92,102"
105,07:25,4,4,여의도,11,"0,19,23,33,43,53,63,73,83,93,103"
105,07:25,5,5,김포공항,11,"4,14,24,34,44,54,64,74,84,94,104"
105,07:25,6,6,일산,8,"25,35,45,55,65,75,85,95"
105,07:25,7,7,판교,10,"6,16,26,36,46,56,66,76,86,96"
105,07:25,8,8,동탄/용인,10,"7,17,27,37,47,57,67,77,87,97"
105,07:25,9,9,평택,13,"2,3,8,13,18,28,38,48,58,68,78,88,98"
106,07:26,1,1,서울역,9,"20,30,40,50,60,70,80,90,100"
106,07:26,10,10,인천공항,9,"10,12,39,49,59,69,79,89,99"
106,07:26,2,2,수서,12,"1,5,11,21,31,41,51,61,71,81,91,101"
106,07:26,3,3,삼성,11,"9,22,29,32,42,52,62,72,82,92,102"
106,07:26,4,4,여의도,11,"0,19,23,33,43,53,63,73,83,93,103"
106,07:26,5,5,김포공항,10,"14,24,34,44,54,64,74,84,94,104"
106,07:26,6,6,일산,8,"25,35,45,55,65,75,85,95"
106,07:26,7,7,판교,10,"6,16,26,36,46,56,66,76,86,96"
106,07:26,8,8,동탄/용인,10,"7,17,27,37,47,57,67,77,87,97"
106,07:26,9,9,평택,13,"2,3,8,13,18,28,38,48,58,68,78,88,98"
107,07:27,1,1,서울역,9,"20,30,40,50,60,70,80,90,100"
107,07:27,10,10,인천공항,9,"10,12,39,49,59,69,79,89,99"
107,07:27,2,2,수서,12,"1,5,11,21,31,41,51,61,71,81,91,101"
107,07:27,3,3,삼성,11,"9,22,29,32,42,52,62,72,82,92,102"
107,07:27,4,4,여의도,11,"0,19,23,33,43,53,63,73,83,93,103"
107,07:27,5,5,김포공항,10,"14,24,34,44,54,64,74,84,94,104"
107,07:27,6,6,일산,8,"25,35,45,55,65,75,85,95"
107,07:27,7,7,판교,10,"6,16,26,36,46,56,66,76,86,96"
107,07:27,8,8,동탄/용인,10,"7,17,27,37,47,57,67,77,87,97"
107,07:27,9,9,평택,13,"2,3,8,13,18,28,38,48,58,68,78,88,98"
108,07:28,1,1,서울역,9,"20,30,40,50,60,70,80,90,100"
108,07:28,10,10,인천공항,9,"10,12,39,49,59,69,79,89,99"
108,07:28,2,2,수서,12,"1,5,11,21,31,41,51,61,71,81,91,101"
108,07:28,3,3,삼성,11,"9,22,29,32,42,52,62,72,82,92,102"
108,07:28,4,4,여의도,11,"0,19,23,33,43,53,63,73,83,93,103"
108,07:28,5,5,김포공항,10,"14,24,34,44,54,64,74,84,94,104"
108,07:28,6,6,일산,8,"25,35,45,55,65,75,85,95"
108,07:28,7,7,판교,10,"6,16,26,36,46,56,66,76,86,96"
108,07:28,8,8,동탄/용인,10,"7,17,27,37,47,57,67,77,87,97"
108,07:28,9,9,평택,13,"2,3,8,13,18,28,38,48,58,68,78,88,98"
109,07:29,1,1,서울역,9,"20,30,40,50,60,70,80,90,100"
109,07:29,10,10,인천공항,9,"10,12,39,49,59,69,79,89,99"
109,07:29,2,2,수서,12,"1,5,11,21,31,41,51,61,71,81,91,101"
109,07:29,3,3,삼성,11,"9,22,29,32,42,52,62,72,82,92,102"
109,07:29,4,4,여의도,11,"0,19,23,33,43,53,63,73,83,93,103"
109,07:29,5,5,김포공항,10,"14,24,34,44,54,64,74,84,94,104"
109,07:29,6,6,일산,8,"25,35,45,55,65,75,85,95"
109,07:29,7,7,판교,10,"6,16,26,36,46,56,66,76,86,96"
109,07:29,8,8,동탄/용인,10,"7,17,27,37,47,57,67,77,87,97"
109,07:29,9,9,평택,13,"2,3,8,13,18,28,38,48,58,68,78,88,98"
110,07:30,1,1,서울역,10,"15,20,30,40,50,60,70,80,90,100"
110,07:30,10,10,인천공항,9,"10,12,39,49,59,69,79,89,99"
110,07:30,2,2,수서,12,"1,5,11,21,31,41,51,61,71,81,91,101"
110,07:30,3,3,삼성,11,"9,22,29,32,42,52,62,72,82,92,102"
110,07:30,4,4,여의도,11,"0,19,23,33,43,53,63,73,83,93,103"
110,07:30,5,5,김포공항,10,"14,24,34,44,54,64,74,84,94,104"
110,07:30,6,6,일산,8,"25,35,45,55,65,75,85,95"
110,07:30,7,7,판교,10,"6,16,26,36,46,56,66,76,86,96"
110,07:30,8,8,동탄/용인,10,"7,17,27,37,47,57,67,77,87,97"
110,07:30,9,9,평택,13,"2,3,8,13,18,28,38,48,58,68,78,88,98"
111,07:31,1,1,서울역,10,"15,20,30,40,50,60,70,80,90,100"
111,07:31,10,10,인천공항,9,"10,12,39,49,59,69,79,89,99"
111,07:31,2,2,수서,12,"1,5,11,21,31,41,51,61,71,81,91,101"
111,07:31,3,3,삼성,11,"9,22,29,32,42,52,62,72,82,92,102"
111,07:31,4,4,여의도,11,"0,19,23,33,43,53,63,73,83,93,103"
111,07:31,5,5,김포공항,10,"14,24,34,44,54,64,74,84,94,104"
111,07:31,6,6,일산,7,"25,45,55,65,75,85,95"
111,07:31,7,7,판교,10,"6,16,26,36,46,56,66,76,86,96"
111,07:31,8,8,동탄/용인,10,"7,17,27,37,47,57,67,77,87,97"
111,07:31,9,9,평택,13,"2,3,8,13,18,28,38,48,58,68,78,88,98"
112,07:32,1,1,서울역,10,"15,20,30,40,50,60,70,80,90,100"
112,07:32,10,10,인천공항,9,"10,12,39,49,59,69,79,89,99"
112,07:32,2,2,수서,12,"1,5,11,21,31,41,51,61,71,81,91,101"
112,07:32,3,3,삼성,11,"9,22,29,32,42,52,62,72,82,92,102"
112,07:32,4,4,여의도,11,"0,19,23,33,43,53,63,73,83,93,103"
112,07:32,5,5,김포공항,10,"14,24,34,44,54,64,74,84,94,104"
112,07:32,6,6,일산,6,"25,55,65,75,85,95"
112,07:32,7,7,판교,10,"6,16,26,36,46,56,66,76,86,96"
112,07:32,8,8,동탄/용인,10,"7,17,27,37,47,57,67,77,87,97"
112,07:32,9,9,평택,13,"2,3,8,13,18,28,38,48,58,68,78,88,98"
113,07:33,1,1,서울역,10,"15,20,30,40,50,60,70,80,90,100"
113,07:33,10,10,인천공항,9,"10,12,39,49,59,69,79,89,99"
113,07:33,2,2,수서,12,"1,5,11,21,31,41,51,61,71,81,91,101"
113,07:33,3,3,삼성,11,"9,22,29,32,42,52,62,72,82,92,102"
113,07:33,4,4,여의도,11,"0,19,23,33,43,53,63,73,83,93,103"
113,07:33,5,5,김포공항,10,"14,24,34,44,54,64,74,84,94,104"
113,07:33,6,6,일산,5,"55,65,75,85,95"
113,07:33,7,7,판교,10,"6,16,26,36,46,56,66,76,86,96"
113,07:33,8,8,동탄/용인,10,"7,17,27,37,47,57,67,77,87,97"
113,07:33,9,9,평택,13,"2,3,8,13,18,28,38,48,58,68,78,88,98"
114,07:34,1,1,서울역,10,"15,20,30,40,50,60,70,80,90,100"
114,07:34,10,10,인천공항,9,"10,12,39,49,59,69,79,89,99"
114,07:34,2,2,수서,12,"1,5,11,21,31,41,51,61,71,81,91,101"
114,07:34,3,3,삼성,11,"9,22,29,32,42,52,62,72,82,92,102"
114,07:34,4,4,여의도,11,"0,19,23,33,43,53,63,73,83,93,103"
114,07:34,5,5,김포공항,10,"14,24,34,44,54,64,74,84,94,104"
114,07:34,6,6,일산,5,"55,65,75,85,95"
114,07:34,7,7,판교,10,"6,16,26,36,46,56,66,76,86,96"
114,07:34,8,8,동탄/용인,10,"7,17,27,37,47,57,67,77,87,97"
114,07:34,9,9,평택,13,"2,3,8,13,18,28,38,48,58,68,78,88,98"
115,07:35,1,1,서울역,10,"15,20,30,40,50,60,70,80,90,100"
115,07:35,10,10,인천공항,9,"10,12,39,49,59,69,79,89,99"
115,07:35,2,2,수서,12,"1,5,11,21,31,41,51,61,71,81,91,101"
115,07:35,3,3,삼성,11,"9,22,29,32,42,52,62,72,82,92,102"
115,07:35,4,4,여의도,11,"0,19,23,33,43,53,63,73,83,93,103"
115,07:35,5,5,김포공항,10,"14,24,34,44,54,64,74,84,94,104"
115,07:35,6,6,일산,5,"55,65,75,85,95"
115,07:35,7,7,판교,10,"6,16,26,36,46,56,66,76,86,96"
115,07:35,8,8,동탄/용인,10,"7,17,27,37,47,57,67,77,87,97"
115,07:35,9,9,평택,13,"2,3,8,13,18,28,38,48,58,68,78,88,98"
116,07:36,1,1,서울역,10,"15,20,30,40,50,60,70,80,90,100"
116,07:36,10,10,인천공항,9,"10,12,39,49,59,69,79,89,99"
116,07:36,2,2,수서,12,"1,5,11,21,31,41,51,61,71,81,91,101"
116,07:36,3,3,삼성,11,"9,22,29,32,42,52,62,72,82,92,102"
116,07:36,4,4,여의도,11,"0,19,23,33,43,53,63,73,83,93,103"
116,07:36,5,5,김포공항,10,"14,24,34,44,54,64,74,84,94,104"
116,07:36,6,6,일산,5,"55,65,75,85,95"
116,07:36,7,7,판교,11,"4,6,16,26,36,46,56,66,76,86,96"
116,07:36,8,8,동탄/용인,10,"7,17,27,37,47,57,67,77,87,97"
116,07:36,9,9,평택,13,"2,3,8,13,18,28,38,48,58,68,78,88,98"
117,07:37,1,1,서울역,10,"15,20,30,40,50,60,70,80,90,100"
117,07:37,10,10,인천공항,9,"10,12,39,49,59,69,79,89,99"
117,07:37,2,2,수서,12,"1,5,11,21,31,41,51,61,71,81,91,101"
117,07:37,3,3,삼성,11,"9,22,29,32,42,52,62,72,82,92,102"
117,07:37,4,4,여의도,11,"0,19,23,33,43,53,63,73,83,93,103"
117,07:37,5,5,김포공항,10,"14,24,34,44,54,64,74,84,94,104"
117,07:37,6,6,일산,5,"55,65,75,85,95"
117,07:37,7,7,판교,11,"4,6,16,26,36,46,56,66,76,86,96"
117,07:37,8,8,동탄/용인,10,"7,17,27,37,47,57,67,77,87,97"
117,07:37,9,9,평택,13,"2,3,8,13,18,28,38,48,58,68,78,88,98"
118,07:38,1,1,서울역,11,"15,20,30,35,40,50,60,70,80,90,100"
118,07:38,10,10,인천공항,9,"10,12,39,49,59,69,79,89,99"
118,07:38,2,2,수서,12,"1,5,11,21,31,41,51,61,71,81,91,101"
118,07:38,3,3,삼성,11,"9,22,29,32,42,52,62,72,82,92,102"
118,07:38,4,4,여의도,11,"0,19,23,33,43,53,63,73,83,93,103"
118,07:38,5,5,김포공항,10,"14,24,34,44,54,64,74,84,94,104"
118,07:38,6,6,일산,5,"55,65,75,85,95"
118,07:38,7,7,판교,11,"4,6,16,26,36,46,56,66,76,86,96"
118,07:38,8,8,동탄/용인,10,"7,17,27,37,47,57,67,77,87,97"
118,07:38,9,9,평택,13,"2,3,8,13,18,28,38,48,58,68,78,88,98"
119,07:39,1,1,서울역,11,"15,20,30,35,40,50,60,70,80,90,100"
119,07:39,10,10,인천공항,9,"10,12,39,49,59,69,79,89,99"
119,07:39,2,2,수서,12,"1,5,11,21,31,41,51,61,71,81,91,101"
119,07:39,3,3,삼성,10,"9,29,32,42,52,62,72,82,92,102"
119,07:39,4,4,여의도,11,"0,19,23,33,43,53,63,73,83,93,103"
119,07:39,5,5,김포공항,10,"14,24,34,44,54,64,74,84,94,104"
119,07:39,6,6,일산,5,"55,65,75,85,95"
119,07:39,7,7,판교,11,"4,6,16,26,36,46,56,66,76,86,96"
119,07:39,8,8,동탄/용인,10,"7,17,27,37,47,57,67,77,87,97"
119,07:39,9,9,평택,13,"2,3,8,13,18,28,38,48,58,68,78,88,98"
120,07:40,1,1,서울역,12,"15,20,25,30,35,40,50,60,70,80,90,100"
120,07:40,10,10,인천공항,9,"10,12,39,49,59,69,79,89,99"
120,07:40,2,2,수서,12,"1,5,11,21,31,41,51,61,71,81,91,101"
120,07:40,3,3,삼성,10,"9,29,32,42,52,62,72,82,92,102"
120,07:40,4,4,여의도,11,"0,19,23,33,43,53,63,73,83,93,103"
120,07:40,5,5,김포공항,10,"14,24,34,44,54,64,74,84,94,104"
120,07:40,6,6,일산,5,"55,65,75,85,95"
120,07:40,7,7,판교,11,"4,6,16,26,36,46,56,66,76,86,96"
120,07:40,8,8,동탄/용인,10,"7,17,27,37,47,57,67,77,87,97"
120,07:40,9,9,평택,13,"2,3,8,13,18,28,38,48,58,68,78,88,98"
121,07:41,1,1,서울역,12,"15,20,25,30,35,40,50,60,70,80,90,100"
121,07:41,10,10,인천공항,9,"10,12,39,49,59,69,79,89,99"
121,07:41,2,2,수서,12,"1,5,11,21,31,41,51,61,71,81,91,101"
121,07:41,3,3,삼성,10,"9,29,32,42,52,62,72,82,92,102"
121,07:41,4,4,여의도,11,"0,19,23,33,43,53,63,73,83,93,103"
121,07:41,5,5,김포공항,10,"14,24,34,44,54,64,74,84,94,104"
121,07:41,6,6,일산,5,"55,65,75,85,95"
121,07:41,7,7,판교,11,"4,6,16,26,36,46,56,66,76,86,96"
121,07:41,8,8,동탄/용인,10,"7,17,27,37,47,57,67,77,87,97"
121,07:41,9,9,평택,13,"2,3,8,13,18,28,38,48,58,68,78,88,98"
122,07:42,1,1,서울역,12,"15,20,25,30,35,40,50,60,70,80,90,100"
122,07:42,10,10,인천공항,9,"10,12,39,49,59,69,79,89,99"
122,07:42,2,2,수서,11,"5,11,21,31,41,51,61,71,81,91,101"
122,07:42,3,3,삼성,11,"9,29,32,42,45,52,62,72,82,92,102"
122,07:42,4,4,여의도,11,"0,19,23,33,43,53,63,73,83,93,103"
122,07:42,5,5,김포공항,10,"14,24,34,44,54,64,74,84,94,104"
122,07:42,6,6,일산,5,"55,65,75,85,95"
122,07:42,7,7,판교,11,"4,6,16,26,36,46,56,66,76,86,96"
122,07:42,8,8,동탄/용인,10,"7,17,27,37,47,57,67,77,87,97"
122,07:42,9,9,평택,13,"2,3,8,13,18,28,38,48,58,68,78,88,98"
123,07:43,1,1,서울역,12,"15,20,25,30,35,40,50,60,70,80,90,100"
123,07:43,10,10,인천공항,9,"10,12,39,49,59,69,79,89,99"
123,07:43,2,2,수서,11,"5,11,21,31,41,51,61,71,81,91,101"
123,07:43,3,3,삼성,11,"9,29,32,42,45,52,62,72,82,92,102"
123,07:43,4,4,여의도,11,"0,19,23,33,43,53,63,73,83,93,103"
123,07:43,5,5,김포공항,10,"14,24,34,44,54,64,74,84,94,104"
123,07:43,6,6,일산,5,"55,65,75,85,95"
123,07:43,7,7,판교,11,"4,6,16,26,36,46,56,66,76,86,96"
123,07:43,8,8,동탄/용인,10,"7,17,27,37,47,57,67,77,87,97"
123,07:43,9,9,평택,13,"2,3,8,13,18,28,38,48,58,68,78,88,98"
124,07:44,1,1,서울역,12,"15,20,25,30,35,40,50,60,70,80,90,100"
124,07:44,10,10,인천공항,9,"10,12,39,49,59,69,79,89,99"
124,07:44,2,2,수서,10,"11,21,31,41,51,61,71,81,91,101"
124,07:44,3,3,삼성,11,"9,29,32,42,45,52,62,72,82,92,102"
124,07:44,4,4,여의도,11,"0,19,23,33,43,53,63,73,83,93,103"
124,07:44,5,5,김포공항,10,"14,24,34,44,54,64,74,84,94,104"
124,07:44,6,6,일산,5,"55,65,75,85,95"
124,07:44,7,7,판교,10,"6,16,26,36,46,56,66,76,86,96"
124,07:44,8,8,동탄/용인,10,"7,17,27,37,47,57,67,77,87,97"
124,07:44,9,9,평택,13,"2,3,8,13,18,28,38,48,58,68,78,88,98"
125,07:45,1,1,서울역,12,"15,20,25,30,35,40,50,60,70,80,90,100"
125,07:45,10,10,인천공항,9,"10,12,39,49,59,69,79,89,99"
125,07:45,2,2,수서,10,"11,21,31,41,51,61,71,81,91,101"
125,07:45,3,3,삼성,11,"9,29,32,42,45,52,62,72,82,92,102"
125,07:45,4,4,여의도,11,"0,19,23,33,43,53,63,73,83,93,103"
125,07:45,5,5,김포공항,10,"14,24,34,44,54,64,74,84,94,104"
125,07:45,6,6,일산,5,"55,65,75,85,95"
125,07:45,7,7,판교,10,"6,16,26,36,46,56,66,76,86,96"
125,07:45,8,8,동탄/용인,10,"7,17,27,37,47,57,67,77,87,97"
125,07:45,9,9,평택,13,"2,3,8,13,18,28,38,48,58,68,78,88,98"
126,07:46,1,1,서울역,12,"15,20,25,30,35,40,50,60,70,80,90,100"
126,07:46,10,10,인천공항,9,"10,12,39,49,59,69,79,89,99"
126,07:46,2,2,수서,10,"11,21,31,41,51,61,71,81,91,101"
126,07:46,3,3,삼성,11,"9,29,32,42,45,52,62,72,82,92,102"
126,07:46,4,4,여의도,11,"0,19,23,33,43,53,63,73,83,93,103"
126,07:46,5,5,김포공항,10,"14,24,34,44,54,64,74,84,94,104"
126,07:46,6,6,일산,5,"55,65,75,85,95"
126,07:46,7,7,판교,10,"6,16,26,36,46,56,66,76,86,96"
126,07:46,8,8,동탄/용인,10,"7,17,27,37,47,57,67,77,87,97"
126,07:46,9,9,평택,13,"2,3,8,13,18,28,38,48,58,68,78,88,98"
127,07:47,1,1,서울역,12,"15,20,25,30,35,40,50,60,70,80,90,100"
127,07:47,10,10,인천공항,9,"10,12,39,49,59,69,79,89,99"
127,07:47,2,2,수서,10,"11,21,31,41,51,61,71,81,91,101"
127,07:47,3,3,삼성,11,"9,29,32,42,45,52,62,72,82,92,102"
127,07:47,4,4,여의도,11,"0,19,23,33,43,53,63,73,83,93,103"
127,07:47,5,5,김포공항,10,"14,24,34,44,54,64,74,84,94,104"
127,07:47,6,6,일산,5,"55,65,75,85,95"
127,07:47,7,7,판교,10,"6,16,26,36,46,56,66,76,86,96"
127,07:47,8,8,동탄/용인,10,"7,17,27,37,47,57,67,77,87,97"
127,07:47,9,9,평택,13,"2,3,8,13,18,28,38,48,58,68,78,88,98"
128,07:48,1,1,서울역,12,"15,20,25,30,35,40,50,60,70,80,90,100"
128,07:48,10,10,인천공항,9,"10,12,39,49,59,69,79,89,99"
128,07:48,2,2,수서,10,"11,21,31,41,51,61,71,81,91,101"
128,07:48,3,3,삼성,11,"9,29,32,42,45,52,62,72,82,92,102"
128,07:48,4,4,여의도,12,"0,1,19,23,33,43,53,63,73,83,93,103"
128,07:48,5,5,김포공항,10,"14,24,34,44,54,64,74,84,94,104"
128,07:48,6,6,일산,5,"55,65,75,85,95"
128,07:48,7,7,판교,10,"6,16,26,36,46,56,66,76,86,96"
128,07:48,8,8,동탄/용인,10,"7,17,27,37,47,57,67,77,87,97"
128,07:48,9,9,평택,13,"2,3,8,13,18,28,38,48,58,68,78,88,98"
129,07:49,1,1,서울역,12,"15,20,25,30,35,40,50,60,70,80,90,100"
129,07:49,10,10,인천공항,9,"10,12,39,49,59,69,79,89,99"
129,07:49,2,2,수서,10,"11,21,31,41,51,61,71,81,91,101"
129,07:49,3,3,삼성,11,"9,29,32,42,45,52,62,72,82,92,102"
129,07:49,4,4,여의도,12,"0,1,19,23,33,43,53,63,73,83,93,103"
129,07:49,5,5,김포공항,10,"14,24,34,44,54,64,74,84,94,104"
129,07:49,6,6,일산,5,"55,65,75,85,95"
129,07:49,7,7,판교,10,"6,16,26,36,46,56,66,76,86,96"
129,07:49,8,8,동탄/용인,10,"7,17,27,37,47,57,67,77,87,97"
129,07:49,9,9,평택,13,"2,3,8,13,18,28,38,48,58,68,78,88,98"
130,07:50,1,1,서울역,12,"15,20,25,30,35,40,50,60,70,80,90,100"
130,07:50,10,10,인천공항,9,"10,12,39,49,59,69,79,89,99"
130,07:50,2,2,수서,10,"11,21,31,41,51,61,71,81,91,101"
130,07:50,3,3,삼성,11,"9,29,32,42,45,52,62,72,82,92,102"
130,07:50,4,4,여의도,13,"0,1,5,19,23,33,43,53,63,73,83,93,103"
130,07:50,5,5,김포공항,10,"14,24,34,44,54,64,74,84,94,104"
130,07:50,6,6,일산,5,"55,65,75,85,95"
130,07:50,7,7,판교,10,"6,16,26,36,46,56,66,76,86,96"
130,07:50,8,8,동탄/용인,10,"7,17,27,37,47,57,67,77,87,97"
130,07:50,9,9,평택,13,"2,3,8,13,18,28,38,48,58,68,78,88,98"
131,07:51,1,1,서울역,12,"15,20,25,30,35,40,50,60,70,80,90,100"
131,07:51,10,10,인천공항,9,"10,12,39,49,59,69,79,89,99"
131,07:51,2,2,수서,10,"11,21,31,41,51,61,71,81,91,101"
131,07:51,3,3,삼성,11,"9,29,32,42,45,52,62,72,82,92,102"
131,07:51,4,4,여의도,14,"0,1,4,5,19,23,33,43,53,63,73,83,93,103"
131,07:51,5,5,김포공항,10,"14,24,34,44,54,64,74,84,94,104"
131,07:51,6,6,일산,5,"55,65,75,85,95"
131,07:51,7,7,판교,10,"6,16,26,36,46,56,66,76,86,96"
131,07:51,8,8,동탄/용인,10,"7,17,27,37,47,57,67,77,87,97"
131,07:51,9,9,평택,13,"2,3,8,13,18,28,38,48,58,68,78,88,98"
132,07:52,1,1,서울역,12,"15,20,25,30,35,40,50,60,70,80,90,100"
132,07:52,10,10,인천공항,9,"10,12,39,49,59,69,79,89,99"
132,07:52,2,2,수서,10,"11,21,31,41,51,61,71,81,91,101"
132,07:52,3,3,삼성,10,"29,32,42,45,52,62,72,82,92,102"
132,07:52,4,4,여의도,14,"0,1,4,5,19,23,33,43,53,63,73,83,93,103"
132,07:52,5,5,김포공항,10,"14,24,34,44,54,64,74,84,94,104"
132,07:52,6,6,일산,5,"55,65,75,85,95"
132,07:52,7,7,판교,10,"6,16,26,36,46,56,66,76,86,96"
132,07:52,8,8,동탄/용인,10,"7,17,27,37,47,57,67,77,87,97"
132,07:52,9,9,평택,13,"2,3,8,13,18,28,38,48,58,68,78,88,98"
133,07:53,1,1,서울역,12,"15,20,25,30,35,40,50,60,70,80,90,100"
133,07:53,10,10,인천공항,9,"10,12,39,49,59,69,79,89,99"
133,07:53,2,2,수서,10,"11,21,31,41,51,61,71,81,91,101"
133,07:53,3,3,삼성,10,"29,32,42,45,52,62,72,82,92,102"
133,07:53,4,4,여의도,14,"0,1,4,5,19,23,33,43,53,63,73,83,93,103"
133,07:53,5,5,김포공항,10,"14,24,34,44,54,64,74,84,94,104"
133,07:53,6,6,일산,5,"55,65,75,85,95"
133,07:53,7,7,판교,10,"6,16,26,36,46,56,66,76,86,96"
133,07:53,8,8,동탄/용인,10,"7,17,27,37,47,57,67,77,87,97"
133,07:53,9,9,평택,13,"2,3,8,13,18,28,38,48,58,68,78,88,98"
134,07:54,1,1,서울역,12,"15,20,25,30,35,40,50,60,70,80,90,100"
134,07:54,10,10,인천공항,9,"10,12,39,49,59,69,79,89,99"
134,07:54,2,2,수서,10,"11,21,31,41,51,61,71,81,91,101"
134,07:54,3,3,삼성,10,"29,32,42,45,52,62,72,82,92,102"
134,07:54,4,4,여의도,14,"0,1,4,5,19,23,33,43,53,63,73,83,93,103"
134,07:54,5,5,김포공항,10,"14,24,34,44,54,64,74,84,94,104"
134,07:54,6,6,일산,5,"55,65,75,85,95"
134,07:54,7,7,판교,10,"6,16,26,36,46,56,66,76,86,96"
134,07:54,8,8,동탄/용인,10,"7,17,27,37,47,57,67,77,87,97"
134,07:54,9,9,평택,14,"2,3,8,13,18,22,28,38,48,58,68,78,88,98"
135,07:55,1,1,서울역,12,"15,20,25,30,35,40,50,60,70,80,90,100"
135,07:55,10,10,인천공항,9,"10,12,39,49,59,69,79,89,99"
135,07:55,2,2,수서,10,"11,21,31,41,51,61,71,81,91,101"
135,07:55,3,3,삼성,10,"29,32,42,45,52,62,72,82,92,102"
135,07:55,4,4,여의도,14,"0,1,4,5,19,23,33,43,53,63,73,83,93,103"
135,07:55,5,5,김포공항,10,"14,24,34,44,54,64,74,84,94,104"
135,07:55,6,6,일산,5,"55,65,75,85,95"
135,07:55,7,7,판교,10,"6,16,26,36,46,56,66,76,86,96"
135,07:55,8,8,동탄/용인,10,"7,17,27,37,47,57,67,77,87,97"
135,07:55,9,9,평택,14,"2,3,8,13,18,22,28,38,48,58,68,78,88,98"
136,07:56,1,1,서울역,12,"15,20,25,30,35,40,50,60,70,80,90,100"
136,07:56,10,10,인천공항,9,"10,12,39,49,59,69,79,89,99"
136,07:56,2,2,수서,10,"11,21,31,41,51,61,71,81,91,101"
136,07:56,3,3,삼성,9,"32,42,45,52,62,72,82,92,102"
136,07:56,4,4,여의도,14,"0,1,4,5,19,23,33,43,53,63,73,83,93,103"
136,07:56,5,5,김포공항,10,"14,24,34,44,54,64,74,84,94,104"
136,07:56,6,6,일산,5,"55,65,75,85,95"
136,07:56,7,7,판교,10,"6,16,26,36,46,56,66,76,86,96"
136,07:56,8,8,동탄/용인,10,"7,17,27,37,47,57,67,77,87,97"
136,07:56,9,9,평택,14,"2,3,8,13,18,22,28,38,48,58,68,78,88,98"
137,07:57,1,1,서울역,12,"15,20,25,30,35,40,50,60,70,80,90,100"
137,07:57,10,10,인천공항,9,"10,12,39,49,59,69,79,89,99"
137,07:57,2,2,수서,10,"11,21,31,41,51,61,71,81,91,101"
137,07:57,3,3,삼성,9,"32,42,45,52,62,72,82,92,102"
137,07:57,4,4,여의도,14,"0,1,4,5,19,23,33,43,53,63,73,83,93,103"
137,07:57,5,5,김포공항,10,"14,24,34,44,54,64,74,84,94,104"
137,07:57,6,6,일산,5,"55,65,75,85,95"
137,07:57,7,7,판교,10,"6,16,26,36,46,56,66,76,86,96"
137,07:57,8,8,동탄/용인,10,"7,17,27,37,47,57,67,77,87,97"
137,07:57,9,9,평택,14,"2,3,8,13,18,22,28,38,48,58,68,78,88,98"
138,07:58,1,1,서울역,12,"15,20,25,30,35,40,50,60,70,80,90,100"
138,07:58,10,10,인천공항,9,"10,12,39,49,59,69,79,89,99"
138,07:58,2,2,수서,10,"11,21,31,41,51,61,71,81,91,101"
138,07:58,3,3,삼성,9,"32,42,45,52,62,72,82,92,102"
138,07:58,4,4,여의도,14,"0,1,4,5,19,23,33,43,53,63,73,83,93,103"
138,07:58,5,5,김포공항,10,"14,24,34,44,54,64,74,84,94,104"
138,07:58,6,6,일산,5,"55,65,75,85,95"
138,07:58,7,7,판교,10,"6,16,26,36,46,56,66,76,86,96"
138,07:58,8,8,동탄/용인,10,"7,17,27,37,47,57,67,77,87,97"
138,07:58,9,9,평택,14,"2,3,8,13,18,22,28,38,48,58,68,78,88,98"
139,07:59,1,1,서울역,12,"15,20,25,30,35,40,50,60,70,80,90,100"
139,07:59,10,10,인천공항,9,"10,12,39,49,59,69,79,89,99"
139,07:59,2,2,수서,10,"11,21,31,41,51,61,71,81,91,101"
139,07:59,3,3,삼성,9,"32,42,45,52,62,72,82,92,102"
139,07:59,4,4,여의도,14,"0,1,4,5,19,23,33,43,53,63,73,83,93,103"
139,07:59,5,5,김포공항,10,"14,24,34,44,54,64,74,84,94,104"
139,07:59,6,6,일산,5,"55,65,75,85,95"
139,07:59,7,7,판교,10,"6,16,26,36,46,56,66,76,86,96"
139,07:59,8,8,동탄/용인,10,"7,17,27,37,47,57,67,77,87,97"
139,07:59,9,9,평택,14,"2,3,8,13,18,22,28,38,48,58,68,78,88,98"
140,08:00,1,1,서울역,12,"15,20,25,30,35,40,50,60,70,80,90,100"
140,08:00,10,10,인천공항,9,"10,12,39,49,59,69,79,89,99"
140,08:00,2,2,수서,10,"11,21,31,41,51,61,71,81,91,101"
140,08:00,3,3,삼성,9,"32,42,45,52,62,72,82,92,102"
140,08:00,4,4,여의도,13,"1,4,5,19,23,33,43,53,63,73,83,93,103"
140,08:00,5,5,김포공항,10,"14,24,34,44,54,64,74,84,94,104"
140,08:00,6,6,일산,5,"55,65,75,85,95"
140,08:00,7,7,판교,10,"6,16,26,36,46,56,66,76,86,96"
140,08:00,8,8,동탄/용인,10,"7,17,27,37,47,57,67,77,87,97"
140,08:00,9,9,평택,14,"2,3,8,13,18,22,28,38,48,58,68,78,88,98"
141,08:01,1,1,서울역,12,"15,20,25,30,35,40,50,60,70,80,90,100"
141,08:01,10,10,인천공항,9,"10,12,39,49,59,69,79,89,99"
141,08:01,2,2,수서,10,"11,21,31,41,51,61,71,81,91,101"
141,08:01,3,3,삼성,9,"32,42,45,52,62,72,82,92,102"
141,08:01,4,4,여의도,13,"1,4,5,19,23,33,43,53,63,73,83,93,103"
141,08:01,5,5,김포공항,10,"14,24,34,44,54,64,74,84,94,104"
141,08:01,6,6,일산,5,"55,65,75,85,95"
141,08:01,7,7,판교,10,"6,16,26,36,46,56,66,76,86,96"
141,08:01,8,8,동탄/용인,10,"7,17,27,37,47,57,67,77,87,97"
141,08:01,9,9,평택,14,"2,3,8,13,18,22,28,38,48,58,68,78,88,98"
142,08:02,1,1,서울역,12,"15,20,25,30,35,40,50,60,70,80,90,100"
142,08:02,10,10,인천공항,9,"10,12,39,49,59,69,79,89,99"
142,08:02,2,2,수서,10,"11,21,31,41,51,61,71,81,91,101"
142,08:02,3,3,삼성,9,"32,42,45,52,62,72,82,92,102"
142,08:02,4,4,여의도,13,"1,4,5,19,23,33,43,53,63,73,83,93,103"
142,08:02,5,5,김포공항,10,"14,24,34,44,54,64,74,84,94,104"
142,08:02,6,6,일산,5,"55,65,75,85,95"
142,08:02,7,7,판교,10,"6,16,26,36,46,56,66,76,86,96"
142,08:02,8,8,동탄/용인,11,"7,9,17,27,37,47,57,67,77,87,97"
142,08:02,9,9,평택,14,"2,3,8,13,18,22,28,38,48,58,68,78,88,98"
143,08:03,1,1,서울역,12,"15,20,25,30,35,40,50,60,70,80,90,100"
143,08:03,10,10,인천공항,9,"10,12,39,49,59,69,79,89,99"
143,08:03,2,2,수서,10,"11,21,31,41,51,61,71,81,91,101"
143,08:03,3,3,삼성,9,"32,42,45,52,62,72,82,92,102"
143,08:03,4,4,여의도,13,"1,4,5,19,23,33,43,53,63,73,83,93,103"
143,08:03,5,5,김포공항,10,"14,24,34,44,54,64,74,84,94,104"
143,08:03,6,6,일산,5,"55,65,75,85,95"
143,08:03,7,7,판교,10,"6,16,26,36,46,56,66,76,86,96"
143,08:03,8,8,동탄/용인,11,"7,9,17,27,37,47,57,67,77,87,97"
143,08:03,9,9,평택,14,"2,3,8,13,18,22,28,38,48,58,68,78,88,98"
144,08:04,1,1,서울역,12,"15,20,25,30,35,40,50,60,70,80,90,100"
144,08:04,10,10,인천공항,9,"10,12,39,49,59,69,79,89,99"
144,08:04,2,2,수서,10,"11,21,31,41,51,61,71,81,91,101"
144,08:04,3,3,삼성,9,"32,42,45,52,62,72,82,92,102"
144,08:04,4,4,여의도,13,"1,4,5,19,23,33,43,53,63,73,83,93,103"
144,08:04,5,5,김포공항,10,"14,24,34,44,54,64,74,84,94,104"
144,08:04,6,6,일산,5,"55,65,75,85,95"
144,08:04,7,7,판교,10,"6,16,26,36,46,56,66,76,86,96"
144,08:04,8,8,동탄/용인,11,"7,9,17,27,37,47,57,67,77,87,97"
144,08:04,9,9,평택,14,"2,3,8,13,18,22,28,38,48,58,68,78,88,98"
145,08:05,1,1,서울역,12,"15,20,25,30,35,40,50,60,70,80,90,100"
145,08:05,10,10,인천공항,9,"10,12,39,49,59,69,79,89,99"
145,08:05,2,2,수서,10,"11,21,31,41,51,61,71,81,91,101"
145,08:05,3,3,삼성,9,"32,42,45,52,62,72,82,92,102"
145,08:05,4,4,여의도,13,"1,4,5,19,23,33,43,53,63,73,83,93,103"
145,08:05,5,5,김포공항,10,"14,24,34,44,54,64,74,84,94,104"
145,08:05,6,6,일산,5,"55,65,75,85,95"
145,08:05,7,7,판교,10,"6,16,26,36,46,56,66,76,86,96"
145,08:05,8,8,동탄/용인,11,"7,9,17,27,37,47,57,67,77,87,97"
145,08:05,9,9,평택,14,"2,3,8,13,18,22,28,38,48,58,68,78,88,98"
146,08:06,1,1,서울역,12,"15,20,25,30,35,40,50,60,70,80,90,100"
146,08:06,10,10,인천공항,9,"10,12,39,49,59,69,79,89,99"
146,08:06,2,2,수서,10,"11,21,31,41,51,61,71,81,91,101"
146,08:06,3,3,삼성,9,"32,42,45,52,62,72,82,92,102"
146,08:06,4,4,여의도,13,"1,4,5,19,23,33,43,53,63,73,83,93,103"
146,08:06,5,5,김포공항,10,"14,24,34,44,54,64,74,84,94,104"
146,08:06,6,6,일산,5,"55,65,75,85,95"
146,08:06,7,7,판교,10,"6,16,26,36,46,56,66,76,86,96"
146,08:06,8,8,동탄/용인,12,"7,9,17,27,29,37,47,57,67,77,87,97"
146,08:06,9,9,평택,14,"2,3,8,13,18,22,28,38,48,58,68,78,88,98"
147,08:07,1,1,서울역,12,"15,20,25,30,35,40,50,60,70,80,90,100"
147,08:07,10,10,인천공항,9,"10,12,39,49,59,69,79,89,99"
147,08:07,2,2,수서,10,"11,21,31,41,51,61,71,81,91,101"
147,08:07,3,3,삼성,9,"32,42,45,52,62,72,82,92,102"
147,08:07,4,4,여의도,13,"1,4,5,19,23,33,43,53,63,73,83,93,103"
147,08:07,5,5,김포공항,10,"14,24,34,44,54,64,74,84,94,104"
147,08:07,6,6,일산,6,"0,55,65,75,85,95"
147,08:07,7,7,판교,9,"16,26,36,46,56,66,76,86,96"
147,08:07,8,8,동탄/용인,12,"7,9,17,27,29,37,47,57,67,77,87,97"
147,08:07,9,9,평택,14,"2,3,8,13,18,22,28,38,48,58,68,78,88,98"
148,08:08,1,1,서울역,12,"15,20,25,30,35,40,50,60,70,80,90,100"
148,08:08,10,10,인천공항,9,"10,12,39,49,59,69,79,89,99"
148,08:08,2,2,수서,10,"11,21,31,41,51,61,71,81,91,101"
148,08:08,3,3,삼성,9,"32,42,45,52,62,72,82,92,102"
148,08:08,4,4,여의도,13,"1,4,5,19,23,33,43,53,63,73,83,93,103"
148,08:08,5,5,김포공항,9,"14,34,44,54,64,74,84,94,104"
148,08:08,6,6,일산,6,"0,55,65,75,85,95"
148,08:08,7,7,판교,9,"16,26,36,46,56,66,76,86,96"
148,08:08,8,8,동탄/용인,12,"7,9,17,27,29,37,47,57,67,77,87,97"
148,08:08,9,9,평택,14,"2,3,8,13,18,22,28,38,48,58,68,78,88,98"
149,08:09,1,1,서울역,12,"15,20,25,30,35,40,50,60,70,80,90,100"
149,08:09,10,10,인천공항,9,"10,12,39,49,59,69,79,89,99"
149,08:09,2,2,수서,10,"11,21,31,41,51,61,71,81,91,101"
149,08:09,3,3,삼성,9,"32,42,45,52,62,72,82,92,102"
149,08:09,4,4,여의도,13,"1,4,5,19,23,33,43,53,63,73,83,93,103"
149,08:09,5,5,김포공항,9,"14,34,44,54,64,74,84,94,104"
149,08:09,6,6,일산,6,"0,55,65,75,85,95"
149,08:09,7,7,판교,9,"16,26,36,46,56,66,76,86,96"
149,08:09,8,8,동탄/용인,12,"7,9,17,27,29,37,47,57,67,77,87,97"
149,08:09,9,9,평택,14,"2,3,8,13,18,22,28,38,48,58,68,78,88,98"
150,08:10,1,1,서울역,12,"15,20,25,30,35,40,50,60,70,80,90,100"
150,08:10,10,10,인천공항,9,"10,12,39,49,59,69,79,89,99"
150,08:10,2,2,수서,10,"11,21,31,41,51,61,71,81,91,101"
150,08:10,3,3,삼성,9,"32,42,45,52,62,72,82,92,102"
150,08:10,4,4,여의도,13,"1,4,5,19,23,33,43,53,63,73,83,93,103"
150,08:10,5,5,김포공항,9,"14,34,44,54,64,74,84,94,104"
150,08:10,6,6,일산,5,"55,65,75,85,95"
150,08:10,7,7,판교,9,"16,26,36,46,56,66,76,86,96"
150,08:10,8,8,동탄/용인,12,"7,9,17,27,29,37,47,57,67,77,87,97"
150,08:10,9,9,평택,14,"2,3,8,13,18,22,28,38,48,58,68,78,88,98"
151,08:11,1,1,서울역,12,"15,20,25,30,35,40,50,60,70,80,90,100"
151,08:11,10,10,인천공항,9,"10,12,39,49,59,69,79,89,99"
151,08:11,2,2,수서,10,"11,21,31,41,51,61,71,81,91,101"
151,08:11,3,3,삼성,9,"32,42,45,52,62,72,82,92,102"
151,08:11,4,4,여의도,13,"1,4,5,19,23,33,43,53,63,73,83,93,103"
151,08:11,5,5,김포공항,9,"14,34,44,54,64,74,84,94,104"
151,08:11,6,6,일산,5,"55,65,75,85,95"
151,08:11,7,7,판교,9,"16,26,36,46,56,66,76,86,96"
151,08:11,8,8,동탄/용인,12,"7,9,17,27,29,37,47,57,67,77,87,97"
151,08:11,9,9,평택,14,"2,3,8,13,18,22,28,38,48,58,68,78,88,98"
152,08:12,1,1,서울역,12,"15,20,25,30,35,40,50,60,70,80,90,100"
152,08:12,10,10,인천공항,9,"10,12,39,49,59,69,79,89,99"
152,08:12,2,2,수서,10,"11,21,31,41,51,61,71,81,91,101"
152,08:12,3,3,삼성,9,"32,42,45,52,62,72,82,92,102"
152,08:12,4,4,여의도,13,"1,4,5,19,23,33,43,53,63,73,83,93,103"
152,08:12,5,5,김포공항,9,"14,34,44,54,64,74,84,94,104"
152,08:12,6,6,일산,5,"55,65,75,85,95"
152,08:12,7,7,판교,9,"16,26,36,46,56,66,76,86,96"
152,08:12,8,8,동탄/용인,12,"7,9,17,27,29,37,47,57,67,77,87,97"
152,08:12,9,9,평택,14,"2,3,8,13,18,22,28,38,48,58,68,78,88,98"
153,08:13,1,1,서울역,12,"15,20,25,30,35,40,50,60,70,80,90,100"
153,08:13,10,10,인천공항,9,"10,12,39,49,59,69,79,89,99"
153,08:13,2,2,수서,9,"21,31,41,51,61,71,81,91,101"
153,08:13,3,3,삼성,9,"32,42,45,52,62,72,82,92,102"
153,08:13,4,4,여의도,13,"1,4,5,19,23,33,43,53,63,73,83,93,103"
153,08:13,5,5,김포공항,9,"14,34,44,54,64,74,84,94,104"
153,08:13,6,6,일산,5,"55,65,75,85,95"
153,08:13,7,7,판교,9,"16,26,36,46,56,66,76,86,96"
153,08:13,8,8,동탄/용인,11,"9,17,27,29,37,47,57,67,77,87,97"
153,08:13,9,9,평택,14,"2,3,8,13,18,22,28,38,48,58,68,78,88,98"
154,08:14,1,1,서울역,12,"15,20,25,30,35,40,50,60,70,80,90,100"
154,08:14,10,10,인천공항,9,"10,12,39,49,59,69,79,89,99"
154,08:14,2,2,수서,8,"31,41,51,61,71,81,91,101"
154,08:14,3,3,삼성,9,"32,42,45,52,62,72,82,92,102"
154,08:14,4,4,여의도,14,"1,4,5,6,19,23,33,43,53,63,73,83,93,103"
154,08:14,5,5,김포공항,9,"14,34,44,54,64,74,84,94,104"
154,08:14,6,6,일산,4,"65,75,85,95"
154,08:14,7,7,판교,9,"16,26,36,46,56,66,76,86,96"
154,08:14,8,8,동탄/용인,11,"9,17,27,29,37,47,57,67,77,87,97"
154,08:14,9,9,평택,14,"2,3,8,13,18,22,28,38,48,58,68,78,88,98"
155,08:15,1,1,서울역,12,"15,20,25,30,35,40,50,60,70,80,90,100"
155,08:15,10,10,인천공항,9,"10,12,39,49,59,69,79,89,99"
155,08:15,2,2,수서,8,"31,41,51,61,71,81,91,101"
155,08:15,3,3,삼성,8,"32,45,52,62,72,82,92,102"
155,08:15,4,4,여의도,14,"1,4,5,6,19,23,33,43,53,63,73,83,93,103"
155,08:15,5,5,김포공항,9,"14,34,44,54,64,74,84,94,104"
155,08:15,6,6,일산,3,"75,85,95"
155,08:15,7,7,판교,9,"16,26,36,46,56,66,76,86,96"
155,08:15,8,8,동탄/용인,11,"9,17,27,29,37,47,57,67,77,87,97"
155,08:15,9,9,평택,14,"2,3,8,13,18,22,28,38,48,58,68,78,88,98"
156,08:16,1,1,서울역,12,"15,20,25,30,35,40,50,60,70,80,90,100"
156,08:16,10,10,인천공항,9,"10,12,39,49,59,69,79,89,99"
156,08:16,2,2,수서,8,"31,41,51,61,71,81,91,101"
156,08:16,3,3,삼성,8,"24,32,52,62,72,82,92,102"
156,08:16,4,4,여의도,14,"1,4,5,6,19,23,33,43,53,63,73,83,93,103"
156,08:16,5,5,김포공항,9,"14,34,44,54,64,74,84,94,104"
156,08:16,6,6,일산,3,"75,85,95"
156,08:16,7,7,판교,9,"16,26,36,46,56,66,76,86,96"
156,08:16,8,8,동탄/용인,11,"9,17,27,29,37,47,57,67,77,87,97"
156,08:16,9,9,평택,14,"2,3,8,13,18,22,28,38,48,58,68,78,88,98"
157,08:17,1,1,서울역,12,"15,20,25,30,35,40,50,60,70,80,90,100"
157,08:17,10,10,인천공항,9,"10,12,39,49,59,69,79,89,99"
157,08:17,2,2,수서,8,"31,41,51,61,71,81,91,101"
157,08:17,3,3,삼성,8,"24,32,52,62,72,82,92,102"
157,08:17,4,4,여의도,14,"1,4,5,6,19,23,33,43,53,63,73,83,93,103"
157,08:17,5,5,김포공항,8,"14,44,54,64,74,84,94,104"
157,08:17,6,6,일산,3,"75,85,95"
157,08:17,7,7,판교,9,"16,26,36,46,56,66,76,86,96"
157,08:17,8,8,동탄/용인,11,"9,17,27,29,37,47,57,67,77,87,97"
157,08:17,9,9,평택,14,"2,3,8,13,18,22,28,38,48,58,68,78,88,98"
158,08:18,1,1,서울역,12,"15,20,25,30,35,40,50,60,70,80,90,100"
158,08:18,10,10,인천공항,9,"10,12,39,49,59,69,79,89,99"
158,08:18,2,2,수서,8,"31,41,51,61,71,81,91,101"
158,08:18,3,3,삼성,8,"24,32,52,62,72,82,92,102"
158,08:18,4,4,여의도,14,"1,4,5,6,19,23,33,43,53,63,73,83,93,103"
158,08:18,5,5,김포공항,8,"14,44,54,64,74,84,94,104"
158,08:18,6,6,일산,3,"75,85,95"
158,08:18,7,7,판교,8,"26,36,46,56,66,76,86,96"
158,08:18,8,8,동탄/용인,11,"9,17,27,29,37,47,57,67,77,87,97"
158,08:18,9,9,평택,14,"2,3,8,13,18,22,28,38,48,58,68,78,88,98"
159,08:19,1,1,서울역,12,"15,20,25,30,35,40,50,60,70,80,90,100"
159,08:19,10,10,인천공항,9,"10,12,39,49,59,69,79,89,99"
159,08:19,2,2,수서,8,"31,41,51,61,71,81,91,101"
159,08:19,3,3,삼성,8,"24,32,52,62,72,82,92,102"
159,08:19,4,4,여의도,15,"1,4,5,6,11,19,23,33,43,53,63,73,83,93,103"
159,08:19,5,5,김포공항,8,"14,44,54,64,74,84,94,104"
159,08:19,6,6,일산,3,"75,85,95"
159,08:19,7,7,판교,8,"26,36,46,56,66,76,86,96"
159,08:19,8,8,동탄/용인,11,"9,17,27,29,37,47,57,67,77,87,97"
159,08:19,9,9,평택,14,"2,3,8,13,18,22,28,38,48,58,68,78,88,98"
160,08:20,1,1,서울역,12,"15,20,25,30,35,40,50,60,70,80,90,100"
160,08:20,10,10,인천공항,9,"10,12,39,49,59,69,79,89,99"
160,08:20,2,2,수서,8,"31,41,51,61,71,81,91,101"
160,08:20,3,3,삼성,8,"24,32,52,62,72,82,92,102"
160,08:20,4,4,여의도,14,"1,5,6,11,19,23,33,43,53,63,73,83,93,103"
160,08:20,5,5,김포공항,8,"14,44,54,64,74,84,94,104"
160,08:20,6,6,일산,2,"85,95"
160,08:20,7,7,판교,8,"26,36,46,56,66,76,86,96"
160,08:20,8,8,동탄/용인,11,"9,17,27,29,37,47,57,67,77,87,97"
160,08:20,9,9,평택,14,"2,3,8,13,18,22,28,38,48,58,68,78,88,98"
161,08:21,1,1,서울역,15,"15,20,21,25,30,35,40,42,50,55,60,70,80,90,100"
161,08:21,10,10,인천공항,9,"10,12,39,49,59,69,79,89,99"
161,08:21,2,2,수서,8,"31,41,51,61,71,81,91,101"
161,08:21,3,3,삼성,8,"24,32,52,62,72,82,92,102"
161,08:21,4,4,여의도,14,"1,5,6,11,19,23,33,43,53,63,73,83,93,103"
161,08:21,5,5,김포공항,8,"14,44,54,64,74,84,94,104"
161,08:21,6,6,일산,2,"85,95"
161,08:21,7,7,판교,8,"26,36,46,56,66,76,86,96"
161,08:21,8,8,동탄/용인,11,"9,17,27,29,37,47,57,67,77,87,97"
161,08:21,9,9,평택,14,"2,3,8,13,18,22,28,38,48,58,68,78,88,98"
162,08:22,1,1,서울역,17,"15,20,21,25,30,35,40,42,45,50,55,60,65,70,80,90,100"
162,08:22,10,10,인천공항,9,"10,12,39,49,59,69,79,89,99"
162,08:22,2,2,수서,8,"31,41,51,61,71,81,91,101"
162,08:22,3,3,삼성,7,"24,52,62,72,82,92,102"
162,08:22,4,4,여의도,14,"1,5,6,11,19,23,33,43,53,63,73,83,93,103"
162,08:22,5,5,김포공항,8,"14,44,54,64,74,84,94,104"
162,08:22,6,6,일산,2,"85,95"
162,08:22,7,7,판교,9,"0,26,36,46,56,66,76,86,96"
162,08:22,8,8,동탄/용인,11,"9,17,27,29,37,47,57,67,77,87,97"
162,08:22,9,9,평택,14,"2,3,8,13,18,22,28,38,48,58,68,78,88,98"
163,08:23,1,1,서울역,17,"15,20,21,25,30,35,40,42,45,50,55,60,65,70,80,90,100"
163,08:23,10,10,인천공항,9,"10,12,39,49,59,69,79,89,99"
163,08:23,2,2,수서,9,"7,31,41,51,61,71,81,91,101"
163,08:23,3,3,삼성,5,"24,62,82,92,102"
163,08:23,4,4,여의도,14,"1,5,6,11,19,23,33,43,53,63,73,83,93,103"
163,08:23,5,5,김포공항,8,"14,44,54,64,74,84,94,104"
163,08:23,6,6,일산,2,"85,95"
163,08:23,7,7,판교,9,"0,26,36,46,56,66,76,86,96"
163,08:23,8,8,동탄/용인,11,"9,17,27,29,37,47,57,67,77,87,97"
163,08:23,9,9,평택,14,"2,3,8,13,18,22,28,38,48,58,68,78,88,98"
164,08:24,1,1,서울역,17,"15,20,21,25,30,35,40,42,45,50,55,60,65,70,80,90,100"
164,08:24,10,10,인천공항,9,"10,12,39,49,59,69,79,89,99"
164,08:24,2,2,수서,9,"7,31,41,51,61,71,81,91,101"
164,08:24,3,3,삼성,5,"24,62,82,92,102"
164,08:24,4,4,여의도,14,"1,5,6,11,19,23,33,43,53,63,73,83,93,103"
164,08:24,5,5,김포공항,7,"44,54,64,74,84,94,104"
164,08:24,6,6,일산,2,"85,95"
164,08:24,7,7,판교,9,"0,26,36,46,56,66,76,86,96"
164,08:24,8,8,동탄/용인,11,"9,17,27,29,37,47,57,67,77,87,97"
164,08:24,9,9,평택,14,"2,3,8,13,18,22,28,38,48,58,68,78,88,98"
165,08:25,1,1,서울역,17,"15,20,21,25,30,35,40,42,45,50,55,60,65,70,80,90,100"
165,08:25,10,10,인천공항,9,"10,12,39,49,59,69,79,89,99"
165,08:25,2,2,수서,9,"7,31,41,51,61,71,81,91,101"
165,08:25,3,3,삼성,5,"34,62,82,92,102"
165,08:25,4,4,여의도,15,"1,5,6,11,16,19,23,33,43,53,63,73,83,93,103"
165,08:25,5,5,김포공항,7,"44,54,64,74,84,94,104"
165,08:25,6,6,일산,2,"85,95"
165,08:25,7,7,판교,9,"0,26,36,46,56,66,76,86,96"
165,08:25,8,8,동탄/용인,11,"9,17,27,29,37,47,57,67,77,87,97"
165,08:25,9,9,평택,14,"2,3,8,13,18,22,28,38,48,58,68,78,88,98"
166,08:26,1,1,서울역,17,"15,20,21,25,30,35,40,42,45,50,55,60,65,70,80,90,100"
166,08:26,10,10,인천공항,9,"10,12,39,49,59,69,79,89,99"
166,08:26,2,2,수서,9,"7,31,41,51,61,71,81,91,101"
166,08:26,3,3,삼성,5,"34,62,82,92,102"
166,08:26,4,4,여의도,15,"1,5,6,11,16,19,23,33,43,53,63,73,83,93,103"
166,08:26,5,5,김포공항,7,"44,54,64,74,84,94,104"
166,08:26,6,6,일산,2,"85,95"
166,08:26,7,7,판교,9,"0,26,36,46,56,66,76,86,96"
166,08:26,8,8,동탄/용인,11,"9,17,27,29,37,47,57,67,77,87,97"
166,08:26,9,9,평택,14,"2,3,8,13,18,22,28,38,48,58,68,78,88,98"
167,08:27,1,1,서울역,18,"15,20,21,25,30,35,40,42,45,50,55,60,65,70,75,80,90,100"
167,08:27,10,10,인천공항,9,"10,12,39,49,59,69,79,89,99"
167,08:27,2,2,수서,9,"7,31,41,51,61,71,81,91,101"
167,08:27,3,3,삼성,5,"34,62,82,92,102"
167,08:27,4,4,여의도,14,"1,5,6,16,19,23,33,43,53,63,73,83,93,103"
167,08:27,5,5,김포공항,6,"54,64,74,84,94,104"
167,08:27,6,6,일산,3,"4,85,95"
167,08:27,7,7,판교,9,"0,26,36,46,56,66,76,86,96"
167,08:27,8,8,동탄/용인,11,"9,17,27,29,37,47,57,67,77,87,97"
167,08:27,9,9,평택,14,"2,3,8,13,18,22,28,38,48,58,68,78,88,98"
168,08:28,1,1,서울역,19,"15,20,21,25,30,32,35,40,42,45,50,55,60,65,70,75,80,90,100"
168,08:28,10,10,인천공항,9,"10,12,39,49,59,69,79,89,99"
168,08:28,2,2,수서,9,"7,31,41,51,61,71,81,91,101"
168,08:28,3,3,삼성,5,"34,62,82,92,102"
168,08:28,4,4,여의도,14,"1,5,6,16,19,23,33,43,53,63,73,83,93,103"
168,08:28,5,5,김포공항,6,"54,64,74,84,94,104"
168,08:28,6,6,일산,3,"4,85,95"
168,08:28,7,7,판교,9,"0,26,36,46,56,66,76,86,96"
168,08:28,8,8,동탄/용인,11,"9,17,27,29,37,47,57,67,77,87,97"
168,08:28,9,9,평택,14,"2,3,8,13,18,22,28,38,48,58,68,78,88,98"
169,08:29,1,1,서울역,19,"15,20,21,25,30,32,35,40,42,45,50,55,60,65,70,75,80,90,100"
169,08:29,10,10,인천공항,9,"10,12,39,49,59,69,79,89,99"
169,08:29,2,2,수서,9,"7,31,41,51,61,71,81,91,101"
169,08:29,3,3,삼성,5,"34,62,82,92,102"
169,08:29,4,4,여의도,14,"1,5,6,16,19,23,33,43,53,63,73,83,93,103"
169,08:29,5,5,김포공항,6,"54,64,74,84,94,104"
169,08:29,6,6,일산,2,"4,95"
169,08:29,7,7,판교,9,"0,26,36,46,56,66,76,86,96"
169,08:29,8,8,동탄/용인,11,"9,17,27,29,37,47,57,67,77,87,97"
169,08:29,9,9,평택,13,"3,8,13,18,22,28,38,48,58,68,78,88,98"
170,08:30,1,1,서울역,19,"15,20,21,25,30,32,35,40,42,45,50,55,60,65,70,75,80,90,100"
170,08:30,10,10,인천공항,9,"10,12,39,49,59,69,79,89,99"
170,08:30,2,2,수서,9,"7,31,41,51,61,71,81,91,101"
170,08:30,3,3,삼성,5,"34,62,82,92,102"
170,08:30,4,4,여의도,14,"1,5,6,16,19,23,33,43,53,63,73,83,93,103"
170,08:30,5,5,김포공항,6,"54,64,74,84,94,104"
170,08:30,6,6,일산,1,95
170,08:30,7,7,판교,9,"0,26,36,46,56,66,76,86,96"
170,08:30,8,8,동탄/용인,11,"9,17,27,29,37,47,57,67,77,87,97"
170,08:30,9,9,평택,13,"3,8,13,18,22,28,38,48,58,68,78,88,98"
171,08:31,1,1,서울역,19,"15,20,21,25,30,32,35,40,42,45,50,55,60,65,70,75,80,90,100"
171,08:31,10,10,인천공항,9,"10,12,39,49,59,69,79,89,99"
171,08:31,2,2,수서,9,"7,31,41,51,61,71,81,91,101"
171,08:31,3,3,삼성,5,"34,62,82,92,102"
171,08:31,4,4,여의도,14,"1,5,6,16,19,23,33,43,53,63,73,83,93,103"
171,08:31,5,5,김포공항,6,"54,64,74,84,94,104"
171,08:31,6,6,일산,1,95
171,08:31,7,7,판교,8,"0,26,46,56,66,76,86,96"
171,08:31,8,8,동탄/용인,11,"9,17,27,29,37,47,57,67,77,87,97"
171,08:31,9,9,평택,13,"3,8,13,18,22,28,38,48,58,68,78,88,98"
172,08:32,1,1,서울역,19,"15,20,21,25,30,32,35,40,42,45,50,55,60,65,70,75,80,90,100"
172,08:32,10,10,인천공항,9,"10,12,39,49,59,69,79,89,99"
172,08:32,2,2,수서,8,"31,41,51,61,71,81,91,101"
172,08:32,3,3,삼성,6,"14,34,62,82,92,102"
172,08:32,4,4,여의도,15,"1,5,6,16,19,23,24,33,43,53,63,73,83,93,103"
172,08:32,5,5,김포공항,6,"54,64,74,84,94,104"
172,08:32,6,6,일산,1,95
172,08:32,7,7,판교,8,"0,26,46,56,66,76,86,96"
172,08:32,8,8,동탄/용인,10,"9,27,29,37,47,57,67,77,87,97"
172,08:32,9,9,평택,13,"3,8,13,18,22,28,38,48,58,68,78,88,98"
173,08:33,1,1,서울역,19,"15,20,21,25,30,32,35,40,42,45,50,55,60,65,70,75,80,90,100"
173,08:33,10,10,인천공항,9,"10,12,39,49,59,69,79,89,99"
173,08:33,2,2,수서,8,"31,41,51,61,71,81,91,101"
173,08:33,3,3,삼성,6,"14,34,62,82,92,102"
173,08:33,4,4,여의도,15,"1,5,6,16,19,23,24,33,43,53,63,73,83,93,103"
173,08:33,5,5,김포공항,6,"54,64,74,84,94,104"
173,08:33,6,6,일산,1,95
173,08:33,7,7,판교,8,"0,26,46,56,66,76,86,96"
173,08:33,8,8,동탄/용인,10,"9,27,29,37,47,57,67,77,87,97"
173,08:33,9,9,평택,13,"3,8,13,18,22,28,38,48,58,68,78,88,98"
174,08:34,1,1,서울역,19,"15,20,21,25,30,32,35,40,42,45,50,55,60,65,70,75,80,90,100"
174,08:34,10,10,인천공항,9,"10,12,39,49,59,69,79,89,99"
174,08:34,2,2,수서,8,"31,41,51,61,71,81,91,101"
174,08:34,3,3,삼성,5,"14,62,82,92,102"
174,08:34,4,4,여의도,15,"1,5,6,16,19,23,24,33,43,53,63,73,83,93,103"
174,08:34,5,5,김포공항,6,"54,64,74,84,94,104"
174,08:34,6,6,일산,2,"11,95"
174,08:34,7,7,판교,7,"26,46,56,66,76,86,96"
174,08:34,8,8,동탄/용인,10,"9,27,29,37,47,57,67,77,87,97"
174,08:34,9,9,평택,13,"3,8,13,18,22,28,38,48,58,68,78,88,98"
175,08:35,1,1,서울역,19,"15,20,21,25,30,32,35,40,42,45,50,55,60,65,70,75,80,90,100"
175,08:35,10,10,인천공항,9,"10,12,39,49,59,69,79,89,99"
175,08:35,2,2,수서,8,"31,41,51,61,71,81,91,101"
175,08:35,3,3,삼성,6,"14,44,62,82,92,102"
175,08:35,4,4,여의도,14,"1,6,16,19,23,24,33,43,53,63,73,83,93,103"
175,08:35,5,5,김포공항,6,"54,64,74,84,94,104"
175,08:35,6,6,일산,2,"11,95"
175,08:35,7,7,판교,7,"26,46,56,66,76,86,96"
175,08:35,8,8,동탄/용인,10,"9,27,29,37,47,57,67,77,87,97"
175,08:35,9,9,평택,13,"3,8,13,18,22,28,38,48,58,68,78,88,98"
176,08:36,1,1,서울역,19,"15,20,21,25,30,32,35,40,42,45,50,55,60,65,70,75,80,90,100"
176,08:36,10,10,인천공항,9,"10,12,39,49,59,69,79,89,99"
176,08:36,2,2,수서,8,"31,41,51,61,71,81,91,101"
176,08:36,3,3,삼성,6,"14,44,62,82,92,102"
176,08:36,4,4,여의도,14,"1,6,16,19,23,24,33,43,53,63,73,83,93,103"
176,08:36,5,5,김포공항,6,"54,64,74,84,94,104"
176,08:36,6,6,일산,2,"11,95"
176,08:36,7,7,판교,7,"26,46,56,66,76,86,96"
176,08:36,8,8,동탄/용인,10,"9,27,29,37,47,57,67,77,87,97"
176,08:36,9,9,평택,13,"3,8,13,18,22,28,38,48,58,68,78,88,98"
177,08:37,1,1,서울역,20,"4,15,20,21,25,30,32,35,40,42,45,50,55,60,65,70,75,80,90,100"
177,08:37,10,10,인천공항,9,"10,12,39,49,59,69,79,89,99"
177,08:37,2,2,수서,8,"31,41,51,61,71,81,91,101"
177,08:37,3,3,삼성,6,"14,44,62,82,92,102"
177,08:37,4,4,여의도,14,"1,6,16,19,23,24,33,43,53,63,73,83,93,103"
177,08:37,5,5,김포공항,6,"54,64,74,84,94,104"
177,08:37,6,6,일산,1,95
177,08:37,7,7,판교,7,"26,46,56,66,76,86,96"
177,08:37,8,8,동탄/용인,9,"9,27,29,47,57,67,77,87,97"
177,08:37,9,9,평택,13,"3,8,13,18,22,28,38,48,58,68,78,88,98"
178,08:38,1,1,서울역,20,"4,15,20,21,25,30,32,35,40,42,45,50,55,60,65,70,75,80,90,100"
178,08:38,10,10,인천공항,9,"10,12,39,49,59,69,79,89,99"
178,08:38,2,2,수서,8,"31,41,51,61,71,81,91,101"
178,08:38,3,3,삼성,6,"14,44,62,82,92,102"
178,08:38,4,4,여의도,14,"1,6,16,19,23,24,33,43,53,63,73,83,93,103"
178,08:38,5,5,김포공항,6,"54,64,74,84,94,104"
178,08:38,6,6,일산,1,95
178,08:38,7,7,판교,7,"26,46,56,66,76,86,96"
178,08:38,8,8,동탄/용인,9,"9,27,29,47,57,67,77,87,97"
178,08:38,9,9,평택,15,"3,8,13,18,22,28,38,48,52,58,68,72,78,88,98"
179,08:39,1,1,서울역,21,"4,7,15,20,21,25,30,32,35,40,42,45,50,55,60,65,70,75,80,90,100"
179,08:39,10,10,인천공항,9,"10,12,39,49,59,69,79,89,99"
179,08:39,2,2,수서,8,"31,41,51,61,71,81,91,101"
179,08:39,3,3,삼성,7,"14,44,62,82,85,92,102"
179,08:39,4,4,여의도,14,"1,6,16,19,23,24,33,43,53,63,73,83,93,103"
179,08:39,5,5,김포공항,6,"54,64,74,84,94,104"
179,08:39,6,6,일산,1,95
179,08:39,7,7,판교,7,"26,46,56,66,76,86,96"
179,08:39,8,8,동탄/용인,9,"9,27,29,47,57,67,77,87,97"
179,08:39,9,9,평택,14,"3,13,18,22,28,38,48,52,58,68,72,78,88,98"
180,08:40,1,1,서울역,20,"7,15,20,21,25,30,32,35,40,42,45,50,55,60,65,70,75,80,90,100"
180,08:40,10,10,인천공항,9,"10,12,39,49,59,69,79,89,99"
180,08:40,2,2,수서,8,"31,41,51,61,71,81,91,101"
180,08:40,3,3,삼성,7,"14,44,62,82,85,92,102"
180,08:40,4,4,여의도,13,"6,16,19,23,24,33,43,53,63,73,83,93,103"
180,08:40,5,5,김포공항,6,"54,64,74,84,94,104"
180,08:40,7,7,판교,7,"26,46,56,66,76,86,96"
180,08:40,8,8,동탄/용인,9,"9,27,29,47,57,67,77,87,97"
180,08:40,9,9,평택,14,"3,13,18,22,28,38,48,52,58,68,72,78,88,98"
181,08:41,1,1,서울역,20,"7,15,20,21,25,30,32,35,40,42,45,50,55,60,65,70,75,80,90,100"
181,08:41,10,10,인천공항,8,"12,39,49,59,69,79,89,99"
181,08:41,2,2,수서,7,"41,51,61,71,81,91,101"
181,08:41,3,3,삼성,7,"14,44,62,82,85,92,102"
181,08:41,4,4,여의도,15,"0,6,16,19,23,24,33,34,43,53,63,73,83,93,103"
181,08:41,5,5,김포공항,7,"36,54,64,74,84,94,104"
181,08:41,7,7,판교,8,"2,26,46,56,66,76,86,96"
181,08:41,8,8,동탄/용인,9,"9,27,29,47,57,67,77,87,97"
181,08:41,9,9,평택,12,"13,18,22,28,38,48,52,58,68,78,88,98"
182,08:42,1,1,서울역,20,"7,15,20,21,25,30,32,35,40,42,45,50,55,60,65,70,75,80,90,100"
182,08:42,10,10,인천공항,8,"12,39,49,59,69,79,89,99"
182,08:42,2,2,수서,8,"17,41,51,61,71,81,91,101"
182,08:42,3,3,삼성,7,"14,44,62,82,85,92,102"
182,08:42,4,4,여의도,15,"0,6,16,19,23,24,33,34,43,53,63,73,83,93,103"
182,08:42,5,5,김포공항,7,"36,54,64,74,84,94,104"
182,08:42,7,7,판교,8,"2,26,46,56,66,76,86,96"
182,08:42,8,8,동탄/용인,8,"9,29,47,57,67,77,87,97"
182,08:42,9,9,평택,12,"13,18,22,28,38,48,52,58,68,78,88,98"
183,08:43,1,1,서울역,20,"7,15,20,21,25,30,32,35,40,42,45,50,55,60,65,70,75,80,90,100"
183,08:43,10,10,인천공항,8,"12,39,49,59,69,79,89,99"
183,08:43,2,2,수서,8,"17,41,51,61,71,81,91,101"
183,08:43,3,3,삼성,6,"44,62,82,85,92,102"
183,08:43,4,4,여의도,15,"0,6,16,19,23,24,33,34,43,53,63,73,83,93,103"
183,08:43,5,5,김포공항,7,"36,54,64,74,84,94,104"
183,08:43,7,7,판교,8,"2,26,46,56,66,76,86,96"
183,08:43,8,8,동탄/용인,7,"9,47,57,67,77,87,97"
183,08:43,9,9,평택,12,"13,18,22,28,38,48,52,58,68,78,88,98"
184,08:44,1,1,서울역,20,"7,15,20,21,25,30,32,35,40,42,45,50,55,60,65,70,75,80,90,100"
184,08:44,10,10,인천공항,8,"12,39,49,59,69,79,89,99"
184,08:44,2,2,수서,8,"17,41,51,61,71,81,91,101"
184,08:44,3,3,삼성,6,"44,62,82,85,92,102"
184,08:44,4,4,여의도,14,"6,16,19,23,24,33,34,43,53,63,73,83,93,103"
184,08:44,5,5,김포공항,7,"36,54,64,74,84,94,104"
184,08:44,7,7,판교,8,"2,26,46,56,66,76,86,96"
184,08:44,8,8,동탄/용인,6,"47,57,67,77,87,97"
184,08:44,9,9,평택,12,"13,18,22,28,38,48,52,58,68,78,88,98"
185,08:45,1,1,서울역,20,"7,15,20,21,25,30,32,35,40,42,45,50,55,60,65,70,75,80,90,100"
185,08:45,10,10,인천공항,8,"12,39,49,59,69,79,89,99"
185,08:45,2,2,수서,8,"17,41,51,61,71,81,91,101"
185,08:45,3,3,삼성,6,"44,62,82,85,92,102"
185,08:45,4,4,여의도,13,"16,19,23,24,33,34,43,53,63,73,83,93,103"
185,08:45,5,5,김포공항,7,"36,54,64,74,84,94,104"
185,08:45,7,7,판교,8,"2,26,46,56,66,76,86,96"
185,08:45,8,8,동탄/용인,6,"47,57,67,77,87,97"
185,08:45,9,9,평택,12,"13,18,22,28,38,48,52,58,68,78,88,98"
186,08:46,1,1,서울역,20,"7,15,20,21,25,30,32,35,40,42,45,50,55,60,65,70,75,80,90,100"
186,08:46,10,10,인천공항,8,"12,39,49,59,69,79,89,99"
186,08:46,2,2,수서,8,"17,41,51,61,71,81,91,101"
186,08:46,3,3,삼성,6,"44,62,82,85,92,102"
186,08:46,4,4,여의도,13,"16,19,23,24,33,34,43,53,63,73,83,93,103"
186,08:46,5,5,김포공항,7,"36,54,64,74,84,94,104"
186,08:46,7,7,판교,8,"2,26,46,56,66,76,86,96"
186,08:46,8,8,동탄/용인,6,"47,57,67,77,87,97"
186,08:46,9,9,평택,12,"13,18,22,28,38,48,52,58,68,78,88,98"
187,08:47,1,1,서울역,21,"7,15,20,21,25,30,32,35,40,42,45,50,55,60,65,70,75,80,90,95,100"
187,08:47,10,10,인천공항,8,"12,39,49,59,69,79,89,99"
187,08:47,2,2,수서,8,"17,41,51,61,71,81,91,101"
187,08:47,3,3,삼성,7,"37,44,62,82,85,92,102"
187,08:47,4,4,여의도,14,"16,19,23,24,31,33,34,43,53,63,73,83,93,103"
187,08:47,5,5,김포공항,7,"36,54,64,74,84,94,104"
187,08:47,6,6,일산,2,"1,4"
187,08:47,7,7,판교,8,"2,26,46,56,66,76,86,96"
187,08:47,8,8,동탄/용인,6,"47,57,67,77,87,97"
187,08:47,9,9,평택,12,"13,18,22,28,38,48,52,58,68,78,88,98"
188,08:48,1,1,서울역,21,"7,15,20,21,25,30,32,35,40,42,45,50,55,60,65,70,75,80,90,95,100"
188,08:48,10,10,인천공항,8,"12,39,49,59,69,79,89,99"
188,08:48,2,2,수서,9,"11,17,41,51,61,71,81,91,101"
188,08:48,3,3,삼성,7,"37,44,62,82,85,92,102"
188,08:48,4,4,여의도,14,"16,19,23,24,31,33,34,43,53,63,73,83,93,103"
188,08:48,5,5,김포공항,7,"36,54,64,74,84,94,104"
188,08:48,6,6,일산,2,"1,4"
188,08:48,7,7,판교,8,"2,26,46,56,66,76,86,96"
188,08:48,8,8,동탄/용인,5,"57,67,77,87,97"
188,08:48,9,9,평택,13,"13,18,22,27,28,38,48,52,58,68,78,88,98"
189,08:49,1,1,서울역,21,"7,15,20,21,25,30,32,35,40,42,45,50,55,60,65,70,75,80,90,95,100"
189,08:49,10,10,인천공항,8,"12,39,49,59,69,79,89,99"
189,08:49,2,2,수서,9,"11,17,41,51,61,71,81,91,101"
189,08:49,3,3,삼성,7,"37,44,62,82,85,92,102"
189,08:49,4,4,여의도,14,"16,19,23,24,31,33,34,43,53,63,73,83,93,103"
189,08:49,5,5,김포공항,7,"36,54,64,74,84,94,104"
189,08:49,6,6,일산,2,"1,4"
189,08:49,7,7,판교,8,"2,26,46,56,66,76,86,96"
189,08:49,8,8,동탄/용인,5,"57,67,77,87,97"
189,08:49,9,9,평택,13,"13,18,22,27,28,38,48,52,58,68,78,88,98"
190,08:50,1,1,서울역,21,"7,15,20,21,25,30,32,35,40,42,45,50,55,60,65,70,75,80,90,95,100"
190,08:50,10,10,인천공항,8,"12,39,49,59,69,79,89,99"
190,08:50,2,2,수서,9,"11,17,41,51,61,71,81,91,101"
190,08:50,3,3,삼성,7,"37,44,62,82,85,92,102"
190,08:50,4,4,여의도,15,"14,16,19,23,24,31,33,34,43,53,63,73,83,93,103"
190,08:50,5,5,김포공항,5,"36,74,84,94,104"
190,08:50,7,7,판교,8,"26,29,46,56,66,76,86,96"
190,08:50,8,8,동탄/용인,5,"57,67,77,87,97"
190,08:50,9,9,평택,14,"5,13,18,22,27,28,38,48,52,58,68,78,88,98"
191,08:51,1,1,서울역,21,"7,15,20,21,25,30,32,35,40,42,45,50,55,60,65,70,75,80,90,95,100"
191,08:51,10,10,인천공항,8,"12,39,49,59,69,79,89,99"
191,08:51,2,2,수서,9,"11,17,41,51,61,71,81,91,101"
191,08:51,3,3,삼성,7,"37,44,62,82,85,92,102"
191,08:51,4,4,여의도,15,"14,16,19,23,24,31,33,34,43,53,63,73,83,93,103"
191,08:51,5,5,김포공항,5,"36,74,84,94,104"
191,08:51,6,6,일산,1,0
191,08:51,7,7,판교,8,"26,29,46,56,66,76,86,96"
191,08:51,8,8,동탄/용인,4,"57,77,87,97"
191,08:51,9,9,평택,14,"5,13,18,22,27,28,38,48,52,58,68,78,88,98"
192,08:52,1,1,서울역,21,"7,15,20,21,25,30,32,35,40,42,45,50,55,60,65,70,75,80,90,95,100"
192,08:52,10,10,인천공항,8,"12,39,49,59,69,79,89,99"
192,08:52,2,2,수서,9,"11,17,41,51,61,71,81,91,101"
192,08:52,3,3,삼성,7,"37,44,62,82,85,92,102"
192,08:52,4,4,여의도,15,"14,16,19,23,24,31,33,34,43,53,63,73,83,93,103"
192,08:52,5,5,김포공항,5,"36,74,84,94,104"
192,08:52,6,6,일산,2,"0,6"
192,08:52,7,7,판교,8,"26,29,46,56,66,76,86,96"
192,08:52,8,8,동탄/용인,4,"57,77,87,97"
192,08:52,9,9,평택,14,"5,13,18,22,27,28,38,48,52,58,68,78,88,98"
193,08:53,1,1,서울역,21,"7,15,20,21,25,30,32,35,40,42,45,50,55,60,65,70,75,80,90,95,100"
193,08:53,10,10,인천공항,8,"12,39,49,59,69,79,89,99"
193,08:53,2,2,수서,9,"11,17,41,51,61,71,81,91,101"
193,08:53,3,3,삼성,6,"44,62,82,85,92,102"
193,08:53,4,4,여의도,15,"14,16,19,23,24,31,33,34,43,53,63,73,83,93,103"
193,08:53,5,5,김포공항,5,"36,74,84,94,104"
193,08:53,6,6,일산,2,"0,6"
193,08:53,7,7,판교,9,"3,26,29,46,56,66,76,86,96"
193,08:53,8,8,동탄/용인,3,"77,87,97"
193,08:53,9,9,평택,14,"5,13,18,22,27,28,38,48,52,58,68,78,88,98"
194,08:54,1,1,서울역,21,"7,15,20,21,25,30,32,35,40,42,45,50,55,60,65,70,75,80,90,95,100"
194,08:54,10,10,인천공항,8,"12,39,49,59,69,79,89,99"
194,08:54,2,2,수서,8,"17,41,51,61,71,81,91,101"
194,08:54,3,3,삼성,6,"44,62,82,85,92,102"
194,08:54,4,4,여의도,15,"14,16,19,23,24,31,33,34,43,53,63,73,83,93,103"
194,08:54,5,5,김포공항,5,"36,74,84,94,104"
194,08:54,6,6,일산,1,6
194,08:54,7,7,판교,9,"3,26,29,46,56,66,76,86,96"
194,08:54,8,8,동탄/용인,3,"77,87,97"
194,08:54,9,9,평택,14,"5,13,18,22,27,28,38,48,52,58,68,78,88,98"
195,08:55,1,1,서울역,22,"7,8,15,20,21,25,30,32,35,40,42,45,50,55,60,65,70,75,80,90,95,100"
195,08:55,10,10,인천공항,8,"12,39,49,59,69,79,89,99"
195,08:55,2,2,수서,8,"17,41,51,61,71,81,91,101"
195,08:55,3,3,삼성,6,"44,62,82,85,92,102"
195,08:55,4,4,여의도,15,"14,16,19,23,24,31,33,34,43,53,63,73,83,93,103"
195,08:55,5,5,김포공항,5,"36,74,84,94,104"
195,08:55,6,6,일산,1,6
195,08:55,7,7,판교,9,"3,26,29,46,56,66,76,86,96"
195,08:55,8,8,동탄/용인,3,"77,87,97"
195,08:55,9,9,평택,14,"5,13,18,22,27,28,38,48,52,58,68,78,88,98"
196,08:56,1,1,서울역,23,"7,8,9,15,20,21,25,30,32,35,40,42,45,50,55,60,65,70,75,80,90,95,100"
196,08:56,10,10,인천공항,8,"12,39,49,59,69,79,89,99"
196,08:56,2,2,수서,8,"17,41,51,61,71,81,91,101"
196,08:56,3,3,삼성,7,"44,62,72,82,85,92,102"
196,08:56,4,4,여의도,15,"14,16,19,23,24,31,33,34,43,53,63,73,83,93,103"
196,08:56,5,5,김포공항,5,"36,74,84,94,104"
196,08:56,6,6,일산,1,6
196,08:56,7,7,판교,9,"3,26,29,46,56,66,76,86,96"
196,08:56,8,8,동탄/용인,3,"77,87,97"
196,08:56,9,9,평택,14,"5,13,18,22,27,28,38,48,52,58,68,78,88,98"
197,08:57,1,1,서울역,25,"1,4,7,8,9,15,20,21,25,30,32,35,40,42,45,50,55,60,65,70,75,80,90,95,100"
197,08:57,10,10,인천공항,8,"12,39,49,59,69,79,89,99"
197,08:57,2,2,수서,8,"17,41,51,61,71,81,91,101"
197,08:57,3,3,삼성,7,"44,62,72,82,85,92,102"
197,08:57,4,4,여의도,16,"2,14,16,19,23,24,31,33,34,43,53,63,73,83,93,103"
197,08:57,5,5,김포공항,5,"36,74,84,94,104"
197,08:57,6,6,일산,1,6
197,08:57,7,7,판교,9,"3,26,29,46,56,66,76,86,96"
197,08:57,8,8,동탄/용인,3,"77,87,97"
197,08:57,9,9,평택,14,"5,13,18,22,27,28,38,48,52,58,68,78,88,98"
198,08:58,1,1,서울역,25,"1,4,7,8,9,15,20,21,25,30,32,35,40,42,45,50,55,60,65,70,75,80,90,95,100"
198,08:58,10,10,인천공항,8,"12,39,49,59,69,79,89,99"
198,08:58,2,2,수서,8,"17,41,51,61,71,81,91,101"
198,08:58,3,3,삼성,9,"44,54,62,64,72,82,85,92,102"
198,08:58,4,4,여의도,16,"2,14,16,19,23,24,31,33,34,43,53,63,73,83,93,103"
198,08:58,5,5,김포공항,5,"36,74,84,94,104"
198,08:58,7,7,판교,9,"3,26,29,46,56,66,76,86,96"
198,08:58,8,8,동탄/용인,3,"77,87,97"
198,08:58,9,9,평택,14,"5,13,18,22,27,28,38,48,52,58,68,78,88,98"
199,08:59,1,1,서울역,25,"1,4,7,8,9,15,20,21,25,30,32,35,40,42,45,50,55,60,65,70,75,80,90,95,100"
199,08:59,10,10,인천공항,8,"12,39,49,59,69,79,89,99"
199,08:59,2,2,수서,8,"17,41,51,61,71,81,91,101"
199,08:59,3,3,삼성,9,"44,54,62,64,72,82,85,92,102"
199,08:59,4,4,여의도,17,"2,14,16,19,23,24,31,33,34,43,47,53,63,73,83,93,103"
199,08:59,5,5,김포공항,5,"36,74,84,94,104"
199,08:59,7,7,판교,8,"26,29,46,56,66,76,86,96"
199,08:59,8,8,동탄/용인,3,"77,87,97"
199,08:59,9,9,평택,13,"13,18,22,27,28,38,48,52,58,68,78,88,98"
200,09:00,1,1,서울역,24,"4,7,8,9,15,20,21,25,30,32,35,40,42,45,50,55,60,65,70,75,80,90,95,100"
200,09:00,10,10,인천공항,8,"12,39,49,59,69,79,89,99"
200,09:00,2,2,수서,8,"17,41,51,61,71,81,91,101"
200,09:00,3,3,삼성,9,"44,54,62,64,72,82,85,92,102"
200,09:00,4,4,여의도,17,"2,14,16,19,23,24,31,33,34,43,47,53,63,73,83,93,103"
200,09:00,5,5,김포공항,5,"36,74,84,94,104"
200,09:00,7,7,판교,8,"26,29,46,56,66,76,86,96"
200,09:00,8,8,동탄/용인,3,"77,87,97"
200,09:00,9,9,평택,13,"10,18,22,27,28,38,48,52,58,68,78,88,98"
201,09:01,1,1,서울역,26,"0,4,7,8,9,11,15,20,21,25,30,32,35,40,42,45,50,55,60,65,70,75,80,90,95,100"
201,09:01,10,10,인천공항,8,"12,39,49,59,69,79,89,99"
201,09:01,2,2,수서,8,"17,41,51,61,71,81,91,101"
201,09:01,3,3,삼성,9,"44,54,62,64,72,82,85,92,102"
201,09:01,4,4,여의도,17,"2,14,16,19,23,24,31,33,34,43,47,53,63,73,83,93,103"
201,09:01,5,5,김포공항,5,"36,74,84,94,104"
201,09:01,7,7,판교,8,"26,29,46,56,66,76,86,96"
201,09:01,8,8,동탄/용인,3,"77,87,97"
201,09:01,9,9,평택,13,"10,18,22,27,28,38,48,52,58,68,78,88,98"
202,09:02,1,1,서울역,26,"0,4,7,8,9,11,15,20,21,25,30,32,35,40,42,45,50,55,60,65,70,75,80,90,95,100"
202,09:02,10,10,인천공항,8,"12,39,49,59,69,79,89,99"
202,09:02,2,2,수서,8,"17,41,51,61,71,81,91,101"
202,09:02,3,3,삼성,9,"44,54,62,64,72,82,85,92,102"
202,09:02,4,4,여의도,17,"2,14,16,19,23,24,31,33,34,43,47,53,63,73,83,93,103"
202,09:02,5,5,김포공항,5,"36,74,84,94,104"
202,09:02,7,7,판교,8,"26,29,46,56,66,76,86,96"
202,09:02,8,8,동탄/용인,3,"77,87,97"
202,09:02,9,9,평택,13,"10,18,22,27,28,38,48,52,58,68,78,88,98"
203,09:03,1,1,서울역,27,"0,4,7,8,9,11,15,20,21,25,30,32,35,40,42,45,50,55,60,65,67,70,75,80,90,95,100"
203,09:03,10,10,인천공항,8,"12,39,49,59,69,79,89,99"
203,09:03,2,2,수서,8,"17,41,51,61,71,81,91,101"
203,09:03,3,3,삼성,9,"44,54,62,64,72,82,85,92,102"
203,09:03,4,4,여의도,17,"2,14,16,19,23,24,31,33,34,43,47,53,63,73,83,93,103"
203,09:03,5,5,김포공항,5,"36,74,84,94,104"
203,09:03,7,7,판교,8,"26,29,46,56,66,76,86,96"
203,09:03,8,8,동탄/용인,3,"77,87,97"
203,09:03,9,9,평택,13,"10,18,22,27,28,38,48,52,58,68,78,88,98"
204,09:04,1,1,서울역,27,"0,4,7,8,9,11,15,20,21,25,30,32,35,40,42,45,50,55,60,65,67,70,75,80,90,95,100"
204,09:04,10,10,인천공항,8,"12,39,49,59,69,79,89,99"
204,09:04,2,2,수서,8,"17,41,51,61,71,81,91,101"
204,09:04,3,3,삼성,9,"44,54,62,64,72,82,85,92,102"
204,09:04,4,4,여의도,18,"2,14,16,19,23,24,31,33,34,43,47,53,57,63,73,83,93,103"
204,09:04,5,5,김포공항,3,"74,94,104"
204,09:04,7,7,판교,8,"26,29,46,56,66,76,86,96"
204,09:04,8,8,동탄/용인,3,"77,87,97"
204,09:04,9,9,평택,13,"10,18,22,27,28,38,48,52,58,68,78,88,98"
205,09:05,1,1,서울역,28,"0,4,6,7,8,9,11,15,20,21,25,30,32,35,40,42,45,50,55,60,65,67,70,75,80,90,95,100"
205,09:05,10,10,인천공항,8,"12,39,49,59,69,79,89,99"
205,09:05,2,2,수서,8,"17,41,51,61,71,81,91,101"
205,09:05,3,3,삼성,9,"44,54,62,64,72,82,85,92,102"
205,09:05,4,4,여의도,18,"2,14,16,19,23,24,31,33,34,43,47,53,57,63,73,83,93,103"
205,09:05,5,5,김포공항,3,"74,94,104"
205,09:05,7,7,판교,8,"26,29,46,56,66,76,86,96"
205,09:05,8,8,동탄/용인,3,"77,87,97"
205,09:05,9,9,평택,13,"10,18,22,27,28,38,48,52,58,68,78,88,98"
206,09:06,1,1,서울역,28,"0,4,6,7,8,9,11,15,20,21,25,30,32,35,40,42,45,50,55,60,65,67,70,75,80,90,95,100"
206,09:06,10,10,인천공항,8,"12,39,49,59,69,79,89,99"
206,09:06,2,2,수서,8,"17,41,51,61,71,81,91,101"
206,09:06,3,3,삼성,9,"44,54,62,64,72,82,85,92,102"
206,09:06,4,4,여의도,19,"2,3,14,16,19,23,24,31,33,34,43,47,53,57,63,73,83,93,103"
206,09:06,5,5,김포공항,3,"74,94,104"
206,09:06,7,7,판교,8,"26,29,46,56,66,76,86,96"
206,09:06,8,8,동탄/용인,3,"77,87,97"
206,09:06,9,9,평택,13,"10,18,22,27,28,38,48,52,58,68,78,88,98"
207,09:07,1,1,서울역,28,"0,4,6,7,8,9,11,15,20,21,25,30,32,35,40,42,45,50,55,60,65,67,70,75,80,90,95,100"
207,09:07,10,10,인천공항,8,"12,39,49,59,69,79,89,99"
207,09:07,2,2,수서,8,"17,41,51,61,71,81,91,101"
207,09:07,3,3,삼성,9,"44,54,62,64,72,82,85,92,102"
207,09:07,4,4,여의도,19,"2,3,14,16,19,23,24,31,33,34,43,47,53,57,63,73,83,93,103"
207,09:07,5,5,김포공항,3,"74,94,104"
207,09:07,6,6,일산,1,1
207,09:07,7,7,판교,8,"26,29,46,56,66,76,86,96"
207,09:07,8,8,동탄/용인,3,"77,87,97"
207,09:07,9,9,평택,13,"10,18,22,27,28,38,48,52,58,68,78,88,98"
208,09:08,1,1,서울역,28,"0,4,6,7,8,9,11,15,20,21,25,30,32,35,40,42,45,50,55,60,65,67,70,75,80,90,95,100"
208,09:08,10,10,인천공항,8,"12,39,49,59,69,79,89,99"
208,09:08,2,2,수서,8,"17,41,51,61,71,81,91,101"
208,09:08,3,3,삼성,9,"44,54,62,64,72,82,85,92,102"
208,09:08,4,4,여의도,19,"2,3,14,16,19,23,24,31,33,34,43,47,53,57,63,73,83,93,103"
208,09:08,5,5,김포공항,3,"74,94,104"
208,09:08,6,6,일산,1,1
208,09:08,7,7,판교,8,"26,29,46,56,66,76,86,96"
208,09:08,8,8,동탄/용인,3,"77,87,97"
208,09:08,9,9,평택,14,"10,18,22,27,28,37,38,48,52,58,68,78,88,98"
209,09:09,1,1,서울역,28,"0,4,6,7,8,9,11,15,20,21,25,30,32,35,40,42,45,50,55,60,65,67,70,75,80,90,95,100"
209,09:09,10,10,인천공항,8,"12,39,49,59,69,79,89,99"
209,09:09,2,2,수서,8,"17,41,51,61,71,81,91,101"
209,09:09,3,3,삼성,9,"44,54,62,64,72,82,85,92,102"
209,09:09,4,4,여의도,19,"2,3,14,16,19,23,24,31,33,34,43,47,53,57,63,73,83,93,103"
209,09:09,5,5,김포공항,3,"74,94,104"
209,09:09,6,6,일산,1,1
209,09:09,7,7,판교,8,"26,29,46,56,66,76,86,96"
209,09:09,8,8,동탄/용인,3,"77,87,97"
209,09:09,9,9,평택,14,"10,18,22,27,28,37,38,48,52,58,68,78,88,98"
210,09:10,1,1,서울역,28,"0,4,6,7,8,9,11,15,20,21,25,30,32,35,40,42,45,50,55,60,65,67,70,75,80,90,95,100"
210,09:10,10,10,인천공항,8,"12,39,49,59,69,79,89,99"
210,09:10,2,2,수서,8,"17,41,51,61,71,81,91,101"
210,09:10,3,3,삼성,9,"44,54,62,64,72,82,85,92,102"
210,09:10,4,4,여의도,20,"2,3,14,16,19,23,24,31,33,34,36,43,47,53,57,63,73,83,93,103"
210,09:10,5,5,김포공항,3,"74,94,104"
210,09:10,7,7,판교,8,"26,29,46,56,66,76,86,96"
210,09:10,8,8,동탄/용인,3,"77,87,97"
210,09:10,9,9,평택,14,"10,18,22,27,28,37,38,48,52,58,68,78,88,98"
211,09:11,1,1,서울역,28,"0,4,6,7,8,9,11,15,20,21,25,30,32,35,40,42,45,50,55,60,65,67,70,75,80,90,95,100"
211,09:11,10,10,인천공항,8,"12,39,49,59,69,79,89,99"
211,09:11,2,2,수서,8,"17,41,51,61,71,81,91,101"
211,09:11,3,3,삼성,9,"44,54,62,64,72,82,85,92,102"
211,09:11,4,4,여의도,20,"2,3,14,16,19,23,24,31,33,34,36,43,47,53,57,63,73,83,93,103"
211,09:11,5,5,김포공항,3,"74,94,104"
211,09:11,7,7,판교,9,"5,26,29,46,56,66,76,86,96"
211,09:11,8,8,동탄/용인,3,"77,87,97"
211,09:11,9,9,평택,14,"10,18,22,27,28,37,38,48,52,58,68,78,88,98"
212,09:12,1,1,서울역,28,"0,4,6,7,8,9,11,15,20,21,25,30,32,35,40,42,45,50,55,60,65,67,70,75,80,90,95,100"
212,09:12,10,10,인천공항,8,"12,39,49,59,69,79,89,99"
212,09:12,2,2,수서,8,"17,41,51,61,71,81,91,101"
212,09:12,3,3,삼성,9,"44,54,62,64,72,82,85,92,102"
212,09:12,4,4,여의도,20,"2,3,14,16,19,23,24,31,33,34,36,43,47,53,57,63,73,83,93,103"
212,09:12,5,5,김포공항,3,"74,94,104"
212,09:12,7,7,판교,9,"5,26,29,46,56,66,76,86,96"
212,09:12,8,8,동탄/용인,3,"77,87,97"
212,09:12,9,9,평택,14,"10,18,22,27,28,37,38,48,52,58,68,78,88,98"
213,09:13,1,1,서울역,28,"0,4,6,7,8,9,11,15,20,21,25,30,32,35,40,42,45,50,55,60,65,67,70,75,80,90,95,100"
213,09:13,10,10,인천공항,8,"12,39,49,59,69,79,89,99"
213,09:13,2,2,수서,7,"17,41,61,71,81,91,101"
213,09:13,3,3,삼성,9,"44,54,62,64,72,82,85,92,102"
213,09:13,4,4,여의도,20,"2,3,14,16,19,23,24,31,33,34,36,43,47,53,57,63,73,83,93,103"
213,09:13,5,5,김포공항,3,"74,94,104"
213,09:13,7,7,판교,9,"5,26,29,46,56,66,76,86,96"
213,09:13,8,8,동탄/용인,3,"77,87,97"
213,09:13,9,9,평택,14,"10,18,22,27,28,37,38,48,52,58,68,78,88,98"
214,09:14,1,1,서울역,28,"0,4,6,7,8,9,11,15,20,21,25,30,32,35,40,42,45,50,55,60,65,67,70,75,80,90,95,100"
214,09:14,10,10,인천공항,8,"12,39,49,59,69,79,89,99"
214,09:14,2,2,수서,7,"17,41,61,71,81,91,101"
214,09:14,3,3,삼성,8,"54,62,64,72,82,85,92,102"
214,09:14,4,4,여의도,20,"2,3,14,16,19,23,24,31,33,34,36,43,47,53,57,63,73,83,93,103"
214,09:14,5,5,김포공항,3,"74,94,104"
214,09:14,7,7,판교,10,"5,26,29,46,56,66,76,84,86,96"
214,09:14,8,8,동탄/용인,3,"77,87,97"
214,09:14,9,9,평택,14,"10,18,22,27,28,37,38,48,52,58,68,78,88,98"
215,09:15,1,1,서울역,28,"0,4,6,7,8,9,11,15,20,21,25,30,32,35,40,42,45,50,55,60,65,67,70,75,80,90,95,100"
215,09:15,10,10,인천공항,8,"12,39,49,59,69,79,89,99"
215,09:15,2,2,수서,6,"41,61,71,81,91,101"
215,09:15,3,3,삼성,8,"54,62,64,72,82,85,92,102"
215,09:15,4,4,여의도,20,"2,3,14,16,19,23,24,31,33,34,36,43,47,53,57,63,73,83,93,103"
215,09:15,5,5,김포공항,3,"74,94,104"
215,09:15,7,7,판교,10,"5,26,29,46,56,66,76,84,86,96"
215,09:15,8,8,동탄/용인,2,"87,97"
215,09:15,9,9,평택,14,"10,18,22,27,28,37,38,48,52,58,68,78,88,98"
216,09:16,1,1,서울역,28,"0,4,6,7,8,9,11,15,20,21,25,30,32,35,40,42,45,50,55,60,65,67,70,75,80,90,95,100"
216,09:16,10,10,인천공항,8,"12,39,49,59,69,79,89,99"
216,09:16,2,2,수서,6,"41,61,71,81,91,101"
216,09:16,3,3,삼성,8,"54,62,64,72,82,85,92,102"
216,09:16,4,4,여의도,20,"2,3,14,16,19,23,24,31,33,34,36,43,47,53,57,63,73,83,93,103"
216,09:16,5,5,김포공항,3,"74,94,104"
216,09:16,7,7,판교,10,"5,26,29,46,56,66,76,84,86,96"
216,09:16,8,8,동탄/용인,2,"87,97"
216,09:16,9,9,평택,14,"10,18,22,27,28,37,38,48,52,58,68,78,88,98"
217,09:17,1,1,서울역,28,"0,4,6,7,8,9,11,15,20,21,25,30,32,35,40,42,45,50,55,60,65,67,70,75,80,90,95,100"
217,09:17,10,10,인천공항,8,"12,39,49,59,69,79,89,99"
217,09:17,2,2,수서,6,"41,61,71,81,91,101"
217,09:17,3,3,삼성,8,"54,62,64,72,82,85,92,102"
217,09:17,4,4,여의도,20,"2,3,14,16,19,23,24,31,33,34,36,43,47,53,57,63,73,83,93,103"
217,09:17,5,5,김포공항,3,"74,94,104"
217,09:17,7,7,판교,9,"26,29,46,56,66,76,84,86,96"
217,09:17,8,8,동탄/용인,2,"87,97"
217,09:17,9,9,평택,14,"10,18,22,27,28,37,38,48,52,58,68,78,88,98"
218,09:18,1,1,서울역,28,"0,4,6,7,8,9,11,15,20,21,25,30,32,35,40,42,45,50,55,60,65,67,70,75,80,90,95,100"
218,09:18,10,10,인천공항,8,"12,39,49,59,69,79,89,99"
218,09:18,2,2,수서,6,"41,61,71,81,91,101"
218,09:18,3,3,삼성,8,"54,62,64,72,82,85,92,102"
218,09:18,4,4,여의도,20,"2,3,14,16,19,23,24,31,33,34,36,43,47,53,57,63,73,83,93,103"
218,09:18,5,5,김포공항,3,"74,94,104"
218,09:18,7,7,판교,9,"26,29,46,56,66,76,84,86,96"
218,09:18,8,8,동탄/용인,2,"87,97"
218,09:18,9,9,평택,14,"10,18,22,27,28,37,38,48,52,58,68,78,88,98"
219,09:19,1,1,서울역,28,"0,4,6,7,8,9,11,15,20,21,25,30,32,35,40,42,45,50,55,60,65,67,70,75,80,90,95,100"
219,09:19,10,10,인천공항,8,"12,39,49,59,69,79,89,99"
219,09:19,2,2,수서,6,"41,61,71,81,91,101"
219,09:19,3,3,삼성,8,"54,62,64,72,82,85,92,102"
219,09:19,4,4,여의도,20,"2,3,14,16,19,23,24,31,33,34,36,43,47,53,57,63,73,83,93,103"
219,09:19,5,5,김포공항,3,"74,94,104"
219,09:19,7,7,판교,9,"26,29,46,56,66,76,84,86,96"
219,09:19,8,8,동탄/용인,2,"87,97"
219,09:19,9,9,평택,13,"18,22,27,28,37,38,48,52,58,68,78,88,98"
220,09:20,1,1,서울역,28,"0,4,6,7,8,9,11,15,20,21,25,30,32,35,40,42,45,50,55,60,65,67,70,75,80,90,95,100"
220,09:20,10,10,인천공항,8,"12,39,49,59,69,79,89,99"
220,09:20,2,2,수서,6,"41,61,71,81,91,101"
220,09:20,3,3,삼성,8,"54,62,64,72,82,85,92,102"
220,09:20,4,4,여의도,20,"2,3,14,16,19,23,24,31,33,34,36,43,47,53,57,63,73,83,93,103"
220,09:20,5,5,김포공항,3,"74,94,104"
220,09:20,6,6,일산,1,13
220,09:20,7,7,판교,9,"26,29,46,56,66,76,84,86,96"
220,09:20,8,8,동탄/용인,2,"87,97"
220,09:20,9,9,평택,13,"18,22,27,28,37,38,48,52,58,68,78,88,98"
221,09:21,1,1,서울역,28,"0,4,6,7,8,9,11,15,20,21,25,30,32,35,40,42,45,50,55,60,65,67,70,75,80,90,95,100"
221,09:21,10,10,인천공항,8,"12,39,49,59,69,79,89,99"
221,09:21,2,2,수서,6,"41,61,71,81,91,101"
221,09:21,3,3,삼성,8,"54,62,64,72,82,85,92,102"
221,09:21,4,4,여의도,22,"2,3,14,16,17,19,23,24,31,33,34,36,43,44,47,53,57,63,73,83,93,103"
221,09:21,5,5,김포공항,4,"51,74,94,104"
221,09:21,6,6,일산,1,13
221,09:21,7,7,판교,9,"26,29,46,56,66,76,84,86,96"
221,09:21,8,8,동탄/용인,2,"87,97"
221,09:21,9,9,평택,13,"18,22,27,28,37,38,48,52,58,68,78,88,98"
222,09:22,1,1,서울역,28,"0,4,6,7,8,9,11,15,20,21,25,30,32,35,40,42,45,50,55,60,65,67,70,75,80,90,95,100"
222,09:22,10,10,인천공항,8,"12,39,49,59,69,79,89,99"
222,09:22,2,2,수서,6,"41,61,71,81,91,101"
222,09:22,3,3,삼성,8,"54,62,64,72,82,85,92,102"
222,09:22,4,4,여의도,22,"2,3,14,16,17,19,23,24,31,33,34,36,43,44,47,53,57,63,73,83,93,103"
222,09:22,5,5,김포공항,4,"51,74,94,104"
222,09:22,6,6,일산,1,13
222,09:22,7,7,판교,10,"1,26,29,46,56,66,76,84,86,96"
222,09:22,8,8,동탄/용인,2,"87,97"
222,09:22,9,9,평택,13,"18,22,27,28,37,38,48,52,58,68,78,88,98"
223,09:23,1,1,서울역,28,"0,4,6,7,8,9,11,15,20,21,25,30,32,35,40,42,45,50,55,60,65,67,70,75,80,90,95,100"
223,09:23,10,10,인천공항,8,"12,39,49,59,69,79,89,99"
223,09:23,2,2,수서,6,"41,61,71,81,91,101"
223,09:23,3,3,삼성,8,"54,62,64,72,82,85,92,102"
223,09:23,4,4,여의도,22,"2,3,14,16,17,19,23,24,31,33,34,36,43,44,47,53,57,63,73,83,93,103"
223,09:23,5,5,김포공항,4,"51,74,94,104"
223,09:23,6,6,일산,1,13
223,09:23,7,7,판교,10,"1,26,29,46,56,66,76,84,86,96"
223,09:23,8,8,동탄/용인,2,"87,97"
223,09:23,9,9,평택,13,"18,22,27,28,37,38,48,52,58,68,78,88,98"
224,09:24,1,1,서울역,29,"0,4,5,6,7,8,9,11,15,20,21,25,30,32,35,40,42,45,50,55,60,65,67,70,75,80,90,95,100"
224,09:24,10,10,인천공항,8,"12,39,49,59,69,79,89,99"
224,09:24,2,2,수서,6,"41,61,71,81,91,101"
224,09:24,3,3,삼성,6,"64,72,82,85,92,102"
224,09:24,4,4,여의도,22,"2,3,14,16,17,19,23,24,31,33,34,36,43,44,47,53,57,63,73,83,93,103"
224,09:24,5,5,김포공항,4,"51,74,94,104"
224,09:24,6,6,일산,1,13
224,09:24,7,7,판교,10,"1,26,29,46,56,66,76,84,86,96"
224,09:24,8,8,동탄/용인,2,"87,97"
224,09:24,9,9,평택,13,"18,22,27,28,37,38,48,52,58,68,78,88,98"
225,09:25,1,1,서울역,28,"4,5,6,7,8,9,11,15,20,21,25,30,32,35,40,42,45,50,55,60,65,67,70,75,80,90,95,100"
225,09:25,10,10,인천공항,8,"12,39,49,59,69,79,89,99"
225,09:25,2,2,수서,7,"41,61,71,77,81,91,101"
225,09:25,3,3,삼성,6,"64,72,82,85,92,102"
225,09:25,4,4,여의도,22,"2,3,14,16,17,19,23,24,31,33,34,36,43,44,47,53,57,63,73,83,93,103"
225,09:25,5,5,김포공항,4,"51,74,94,104"
225,09:25,6,6,일산,1,13
225,09:25,7,7,판교,10,"1,26,29,46,56,66,76,84,86,96"
225,09:25,8,8,동탄/용인,2,"87,97"
225,09:25,9,9,평택,13,"18,22,27,28,37,38,48,52,58,68,78,88,98"
226,09:26,1,1,서울역,28,"4,5,6,7,8,9,11,15,20,21,25,30,32,35,40,42,45,50,55,60,65,67,70,75,80,90,95,100"
226,09:26,10,10,인천공항,8,"12,39,49,59,69,79,89,99"
226,09:26,2,2,수서,6,"61,71,77,81,91,101"
226,09:26,3,3,삼성,6,"64,72,82,85,92,102"
226,09:26,4,4,여의도,22,"2,3,14,16,17,19,23,24,31,33,34,36,43,44,47,53,57,63,73,83,93,103"
226,09:26,5,5,김포공항,4,"51,74,94,104"
226,09:26,6,6,일산,1,13
226,09:26,7,7,판교,10,"1,26,29,46,56,66,76,84,86,96"
226,09:26,8,8,동탄/용인,2,"87,97"
226,09:26,9,9,평택,13,"18,22,27,28,37,38,48,52,58,68,78,88,98"
227,09:27,1,1,서울역,28,"4,5,6,7,8,9,11,15,20,21,25,30,32,35,40,42,45,50,55,60,65,67,70,75,80,90,95,100"
227,09:27,10,10,인천공항,8,"12,39,49,59,69,79,89,99"
227,09:27,2,2,수서,6,"61,71,77,81,91,101"
227,09:27,3,3,삼성,6,"64,72,82,85,92,102"
227,09:27,4,4,여의도,22,"2,3,14,16,17,19,23,24,31,33,34,36,43,44,47,53,57,63,73,83,93,103"
227,09:27,5,5,김포공항,3,"74,94,104"
227,09:27,6,6,일산,1,13
227,09:27,7,7,판교,10,"1,26,29,46,56,66,76,84,86,96"
227,09:27,8,8,동탄/용인,2,"87,97"
227,09:27,9,9,평택,13,"18,22,27,28,37,38,48,52,58,68,78,88,98"
228,09:28,1,1,서울역,28,"4,5,6,7,8,9,11,15,20,21,25,30,32,35,40,42,45,50,55,60,65,67,70,75,80,90,95,100"
228,09:28,10,10,인천공항,8,"12,39,49,59,69,79,89,99"
228,09:28,2,2,수서,6,"61,71,77,81,91,101"
228,09:28,3,3,삼성,6,"64,72,82,85,92,102"
228,09:28,4,4,여의도,22,"2,3,14,16,17,19,23,24,31,33,34,36,43,44,47,53,57,63,73,83,93,103"
228,09:28,5,5,김포공항,3,"74,94,104"
228,09:28,7,7,판교,9,"26,29,46,56,66,76,84,86,96"
228,09:28,8,8,동탄/용인,2,"87,97"
228,09:28,9,9,평택,13,"18,22,27,28,37,38,48,52,58,68,78,88,98"
229,09:29,1,1,서울역,28,"4,5,6,7,8,9,11,15,20,21,25,30,32,35,40,42,45,50,55,60,65,67,70,75,80,90,95,100"
229,09:29,10,10,인천공항,8,"12,39,49,59,69,79,89,99"
229,09:29,2,2,수서,6,"61,71,77,81,91,101"
229,09:29,3,3,삼성,6,"64,72,82,85,92,102"
229,09:29,4,4,여의도,22,"2,3,14,16,17,19,23,24,31,33,34,36,43,44,47,53,57,63,73,83,93,103"
229,09:29,5,5,김포공항,3,"74,94,104"
229,09:29,7,7,판교,9,"26,29,46,56,66,76,84,86,96"
229,09:29,8,8,동탄/용인,2,"87,97"
229,09:29,9,9,평택,13,"18,22,27,28,37,38,48,52,58,68,78,88,98"
230,09:30,1,1,서울역,28,"4,5,6,7,8,9,11,15,20,21,25,30,32,35,40,42,45,50,55,60,65,67,70,75,80,90,95,100"
230,09:30,10,10,인천공항,8,"12,39,49,59,69,79,89,99"
230,09:30,2,2,수서,6,"61,71,77,81,91,101"
230,09:30,3,3,삼성,6,"64,72,82,85,92,102"
230,09:30,4,4,여의도,22,"2,3,14,16,17,19,23,24,31,33,34,36,43,44,47,53,57,63,73,83,93,103"
230,09:30,5,5,김포공항,3,"74,94,104"
230,09:30,7,7,판교,9,"26,29,46,56,66,76,84,86,96"
230,09:30,8,8,동탄/용인,2,"87,97"
230,09:30,9,9,평택,13,"18,22,27,28,37,38,48,52,58,68,78,88,98"
231,09:31,1,1,서울역,28,"4,5,6,7,8,9,11,15,20,21,25,30,32,35,40,42,45,50,55,60,65,67,70,75,80,90,95,100"
231,09:31,10,10,인천공항,8,"12,39,49,59,69,79,89,99"
231,09:31,2,2,수서,6,"61,71,77,81,91,101"
231,09:31,3,3,삼성,5,"72,82,85,92,102"
231,09:31,4,4,여의도,24,"2,3,14,16,17,19,23,24,31,33,34,36,43,44,47,53,54,57,62,63,73,83,93,103"
231,09:31,5,5,김포공항,3,"74,94,104"
231,09:31,7,7,판교,9,"26,29,46,56,66,76,84,86,96"
231,09:31,8,8,동탄/용인,2,"87,97"
231,09:31,9,9,평택,13,"18,22,27,28,37,38,48,52,58,68,78,88,98"
232,09:32,1,1,서울역,28,"4,5,6,7,8,9,11,15,20,21,25,30,32,35,40,42,45,50,55,60,65,67,70,75,80,90,95,100"
232,09:32,10,10,인천공항,8,"12,39,49,59,69,79,89,99"
232,09:32,2,2,수서,6,"61,71,77,81,91,101"
232,09:32,3,3,삼성,5,"72,82,85,92,102"
232,09:32,4,4,여의도,25,"2,3,14,16,17,19,23,24,31,33,34,36,41,43,44,47,53,54,57,62,63,73,83,93,103"
232,09:32,5,5,김포공항,3,"74,94,104"
232,09:32,6,6,일산,1,0
232,09:32,7,7,판교,9,"26,29,46,56,66,76,84,86,96"
232,09:32,8,8,동탄/용인,2,"87,97"
232,09:32,9,9,평택,13,"18,22,27,28,37,38,48,52,58,68,78,88,98"
233,09:33,1,1,서울역,28,"4,5,6,7,8,9,11,15,20,21,25,30,32,35,40,42,45,50,55,60,65,67,70,75,80,90,95,100"
233,09:33,10,10,인천공항,8,"12,39,49,59,69,79,89,99"
233,09:33,2,2,수서,6,"61,71,77,81,91,101"
233,09:33,3,3,삼성,5,"72,82,85,92,102"
233,09:33,4,4,여의도,25,"2,3,14,16,17,19,23,24,31,33,34,36,41,43,44,47,53,54,57,62,63,73,83,93,103"
233,09:33,5,5,김포공항,3,"74,94,104"
233,09:33,6,6,일산,1,0
233,09:33,7,7,판교,9,"26,29,46,56,66,76,84,86,96"
233,09:33,8,8,동탄/용인,2,"87,97"
233,09:33,9,9,평택,13,"18,22,27,28,37,38,48,52,58,68,78,88,98"
234,09:34,1,1,서울역,28,"4,5,6,7,8,9,11,15,20,21,25,30,32,35,40,42,45,50,55,60,65,67,70,75,80,90,95,100"
234,09:34,10,10,인천공항,8,"12,39,49,59,69,79,89,99"
234,09:34,2,2,수서,6,"61,71,77,81,91,101"
234,09:34,3,3,삼성,5,"72,82,85,92,102"
234,09:34,4,4,여의도,25,"2,3,14,16,17,19,23,24,31,33,34,36,41,43,44,47,53,54,57,62,63,73,83,93,103"
234,09:34,5,5,김포공항,2,"94,104"
234,09:34,6,6,일산,1,0
234,09:34,7,7,판교,9,"26,29,46,56,66,76,84,86,96"
234,09:34,8,8,동탄/용인,2,"87,97"
234,09:34,9,9,평택,13,"18,22,27,28,37,38,48,52,58,68,78,88,98"
235,09:35,1,1,서울역,30,"4,5,6,7,8,9,10,11,13,15,20,21,25,30,32,35,40,42,45,50,55,60,65,67,70,75,80,90,95,100"
235,09:35,10,10,인천공항,8,"12,39,49,59,69,79,89,99"
235,09:35,2,2,수서,6,"61,71,77,81,91,101"
235,09:35,3,3,삼성,6,"51,72,82,85,92,102"
235,09:35,4,4,여의도,26,"1,2,3,14,16,17,19,23,24,31,33,34,36,41,43,44,47,53,54,57,62,63,73,83,93,103"
235,09:35,5,5,김포공항,2,"94,104"
235,09:35,7,7,판교,9,"26,29,46,56,66,76,84,86,96"
235,09:35,8,8,동탄/용인,2,"87,97"
235,09:35,9,9,평택,13,"18,22,27,28,37,38,48,52,58,68,78,88,98"
236,09:36,1,1,서울역,30,"4,5,6,7,8,9,10,11,13,15,20,21,25,30,32,35,40,42,45,50,55,60,65,67,70,75,80,90,95,100"
236,09:36,10,10,인천공항,8,"12,39,49,59,69,79,89,99"
236,09:36,2,2,수서,6,"61,71,77,81,91,101"
236,09:36,3,3,삼성,6,"51,72,82,85,92,102"
236,09:36,4,4,여의도,26,"1,2,3,14,16,17,19,23,24,31,33,34,36,41,43,44,47,53,54,57,62,63,73,83,93,103"
236,09:36,5,5,김포공항,2,"94,104"
236,09:36,7,7,판교,9,"26,29,46,56,66,76,84,86,96"
236,09:36,8,8,동탄/용인,2,"87,97"
236,09:36,9,9,평택,13,"18,22,27,28,37,38,48,52,58,68,78,88,98"
237,09:37,1,1,서울역,30,"4,5,6,7,8,9,10,11,13,15,20,21,25,30,32,35,40,42,45,50,55,60,65,67,70,75,80,90,95,100"
237,09:37,10,10,인천공항,8,"12,39,49,59,69,79,89,99"
237,09:37,2,2,수서,6,"61,71,77,81,91,101"
237,09:37,3,3,삼성,6,"51,72,82,85,92,102"
237,09:37,4,4,여의도,26,"1,2,3,14,16,17,19,23,24,31,33,34,36,41,43,44,47,53,54,57,62,63,73,83,93,103"
237,09:37,5,5,김포공항,2,"94,104"
237,09:37,7,7,판교,9,"26,29,46,56,66,76,84,86,96"
237,09:37,8,8,동탄/용인,2,"87,97"
237,09:37,9,9,평택,13,"18,22,27,28,37,38,48,52,58,68,78,88,98"
238,09:38,1,1,서울역,29,"4,5,6,7,8,9,11,13,15,20,21,25,30,32,35,40,42,45,50,55,60,65,67,70,75,80,90,95,100"
238,09:38,10,10,인천공항,8,"12,39,49,59,69,79,89,99"
238,09:38,2,2,수서,5,"71,77,81,91,101"
238,09:38,3,3,삼성,6,"51,72,82,85,92,102"
238,09:38,4,4,여의도,26,"1,2,3,14,16,17,19,23,24,31,33,34,36,41,43,44,47,53,54,57,62,63,73,83,93,103"
238,09:38,5,5,김포공항,2,"94,104"
238,09:38,7,7,판교,8,"29,46,56,66,76,84,86,96"
238,09:38,8,8,동탄/용인,2,"87,97"
238,09:38,9,9,평택,13,"18,22,27,28,37,38,48,52,58,68,78,88,98"
239,09:39,1,1,서울역,29,"4,5,6,7,8,9,11,13,15,20,21,25,30,32,35,40,42,45,50,55,60,65,67,70,75,80,90,95,100"
239,09:39,10,10,인천공항,8,"12,39,49,59,69,79,89,99"
239,09:39,2,2,수서,5,"71,77,81,91,101"
239,09:39,3,3,삼성,6,"51,72,82,85,92,102"
239,09:39,4,4,여의도,25,"1,3,14,16,17,19,23,24,31,33,34,36,41,43,44,47,53,54,57,62,63,73,83,93,103"
239,09:39,5,5,김포공항,2,"94,104"
239,09:39,7,7,판교,8,"29,46,56,66,76,84,86,96"
239,09:39,8,8,동탄/용인,2,"87,97"
239,09:39,9,9,평택,13,"18,22,27,28,37,38,48,52,58,68,78,88,98"
240,09:40,1,1,서울역,29,"4,5,6,7,8,9,11,13,15,20,21,25,30,32,35,40,42,45,50,55,60,65,67,70,75,80,90,95,100"
240,09:40,10,10,인천공항,8,"12,39,49,59,69,79,89,99"
240,09:40,2,2,수서,5,"71,77,81,91,101"
240,09:40,3,3,삼성,6,"51,72,82,85,92,102"
240,09:40,4,4,여의도,25,"1,3,14,16,17,19,23,24,31,33,34,36,41,43,44,47,53,54,57,62,63,73,83,93,103"
240,09:40,5,5,김포공항,2,"94,104"
240,09:40,7,7,판교,8,"29,46,56,66,76,84,86,96"
240,09:40,8,8,동탄/용인,2,"87,97"
240,09:40,9,9,평택,12,"22,27,28,37,38,48,52,58,68,78,88,98"
241,09:41,1,1,서울역,29,"4,5,6,7,8,9,11,13,15,20,21,25,30,32,35,40,42,45,50,55,60,65,67,70,75,80,90,95,100"
241,09:41,10,10,인천공항,8,"12,39,49,59,69,79,89,99"
241,09:41,2,2,수서,5,"71,77,81,91,101"
241,09:41,3,3,삼성,6,"51,72,82,85,92,102"
241,09:41,4,4,여의도,25,"1,3,14,16,17,19,23,24,31,33,34,36,41,43,44,47,53,54,57,62,63,73,83,93,103"
241,09:41,5,5,김포공항,2,"94,104"
241,09:41,7,7,판교,8,"29,46,56,66,76,84,86,96"
241,09:41,8,8,동탄/용인,2,"87,97"
241,09:41,9,9,평택,12,"22,27,28,37,38,48,52,58,68,78,88,98"
242,09:42,1,1,서울역,30,"0,4,5,6,7,8,9,11,13,15,20,21,25,30,32,35,40,42,45,50,55,60,65,67,70,75,80,90,95,100"
242,09:42,10,10,인천공항,8,"12,39,49,59,69,79,89,99"
242,09:42,2,2,수서,5,"71,77,81,91,101"
242,09:42,3,3,삼성,6,"51,72,82,85,92,102"
242,09:42,4,4,여의도,25,"1,3,14,16,17,19,23,24,31,33,34,36,41,43,44,47,53,54,57,62,63,73,83,93,103"
242,09:42,5,5,김포공항,2,"94,104"
242,09:42,7,7,판교,8,"29,46,56,66,76,84,86,96"
242,09:42,8,8,동탄/용인,2,"87,97"
242,09:42,9,9,평택,12,"22,27,28,37,38,48,52,58,68,78,88,98"
243,09:43,1,1,서울역,30,"0,4,5,6,7,8,9,11,13,15,20,21,25,30,32,35,40,42,45,50,55,60,65,67,70,75,80,90,95,100"
243,09:43,10,10,인천공항,7,"12,49,59,69,79,89,99"
243,09:43,2,2,수서,5,"71,77,81,91,101"
243,09:43,3,3,삼성,6,"51,72,82,85,92,102"
243,09:43,4,4,여의도,25,"1,3,14,16,17,19,23,24,31,33,34,36,41,43,44,47,53,54,57,62,63,73,83,93,103"
243,09:43,5,5,김포공항,2,"94,104"
243,09:43,7,7,판교,8,"29,46,56,66,76,84,86,96"
243,09:43,8,8,동탄/용인,2,"87,97"
243,09:43,9,9,평택,12,"22,27,28,37,38,48,52,58,68,78,88,98"
244,09:44,1,1,서울역,30,"0,4,5,6,7,8,9,11,13,15,20,21,25,30,32,35,40,42,45,50,55,60,65,67,70,75,80,90,95,100"
244,09:44,10,10,인천공항,6,"49,59,69,79,89,99"
244,09:44,2,2,수서,5,"71,77,81,91,101"
244,09:44,3,3,삼성,6,"51,72,82,85,92,102"
244,09:44,4,4,여의도,26,"1,3,14,16,17,19,23,24,31,33,34,36,41,43,44,47,53,54,57,61,62,63,73,83,93,103"
244,09:44,5,5,김포공항,2,"94,104"
244,09:44,7,7,판교,9,"29,46,56,66,74,76,84,86,96"
244,09:44,8,8,동탄/용인,2,"87,97"
244,09:44,9,9,평택,12,"22,27,28,37,38,48,52,58,68,78,88,98"
245,09:45,1,1,서울역,30,"4,5,6,7,8,9,11,13,15,20,21,25,26,30,32,35,40,42,45,50,55,60,65,67,70,75,80,90,95,100"
245,09:45,10,10,인천공항,6,"49,59,69,79,89,99"
245,09:45,2,2,수서,6,"2,71,77,81,91,101"
245,09:45,3,3,삼성,6,"51,72,82,85,92,102"
245,09:45,4,4,여의도,26,"1,3,14,16,17,19,23,24,31,33,34,36,41,43,44,47,53,54,57,61,62,63,73,83,93,103"
245,09:45,5,5,김포공항,2,"94,104"
245,09:45,6,6,일산,1,10
245,09:45,7,7,판교,9,"29,46,56,66,74,76,84,86,96"
245,09:45,8,8,동탄/용인,2,"87,97"
245,09:45,9,9,평택,12,"22,27,28,37,38,48,52,58,68,78,88,98"
246,09:46,1,1,서울역,30,"4,5,6,7,8,9,11,13,15,20,21,25,26,30,32,35,40,42,45,50,55,60,65,67,70,75,80,90,95,100"
246,09:46,10,10,인천공항,6,"49,59,69,79,89,99"
246,09:46,2,2,수서,6,"2,71,77,81,91,101"
246,09:46,3,3,삼성,6,"51,72,82,85,92,102"
246,09:46,4,4,여의도,26,"1,3,14,16,17,19,23,24,31,33,34,36,41,43,44,47,53,54,57,61,62,63,73,83,93,103"
246,09:46,5,5,김포공항,2,"94,104"
246,09:46,6,6,일산,1,10
246,09:46,7,7,판교,9,"29,46,56,66,74,76,84,86,96"
246,09:46,8,8,동탄/용인,2,"87,97"
246,09:46,9,9,평택,13,"22,27,28,37,38,48,52,58,64,68,78,88,98"
247,09:47,1,1,서울역,30,"4,5,6,7,8,9,11,13,15,20,21,25,26,30,32,35,40,42,45,50,55,60,65,67,70,75,80,90,95,100"
247,09:47,10,10,인천공항,6,"49,59,69,79,89,99"
247,09:47,2,2,수서,6,"2,71,77,81,91,101"
247,09:47,3,3,삼성,6,"51,72,82,85,92,102"
247,09:47,4,4,여의도,26,"1,3,14,16,17,19,23,24,31,33,34,36,41,43,44,47,53,54,57,61,62,63,73,83,93,103"
247,09:47,5,5,김포공항,2,"94,104"
247,09:47,6,6,일산,1,10
247,09:47,7,7,판교,9,"29,46,56,66,74,76,84,86,96"
247,09:47,8,8,동탄/용인,2,"87,97"
247,09:47,9,9,평택,13,"22,27,28,37,38,48,52,58,64,68,78,88,98"
248,09:48,1,1,서울역,30,"4,5,6,7,8,9,11,13,15,20,21,25,26,30,32,35,40,42,45,50,55,60,65,67,70,75,80,90,95,100"
248,09:48,10,10,인천공항,6,"49,59,69,79,89,99"
248,09:48,2,2,수서,6,"2,71,77,81,91,101"
248,09:48,3,3,삼성,6,"51,72,82,85,92,102"
248,09:48,4,4,여의도,26,"1,3,14,16,17,19,23,24,31,33,34,36,41,43,44,47,53,54,57,61,62,63,73,83,93,103"
248,09:48,5,5,김포공항,2,"94,104"
248,09:48,6,6,일산,1,10
248,09:48,7,7,판교,9,"29,46,56,66,74,76,84,86,96"
248,09:48,8,8,동탄/용인,2,"87,97"
248,09:48,9,9,평택,13,"22,27,28,37,38,48,52,58,64,68,78,88,98"
249,09:49,1,1,서울역,29,"4,6,7,8,9,11,13,15,20,21,25,26,30,32,35,40,42,45,50,55,60,65,67,70,75,80,90,95,100"
249,09:49,10,10,인천공항,6,"49,59,69,79,89,99"
249,09:49,2,2,수서,6,"2,71,77,81,91,101"
249,09:49,3,3,삼성,6,"51,72,82,85,92,102"
249,09:49,4,4,여의도,26,"1,3,14,16,17,19,23,24,31,33,34,36,41,43,44,47,53,54,57,61,62,63,73,83,93,103"
249,09:49,5,5,김포공항,2,"94,104"
249,09:49,6,6,일산,1,10
249,09:49,7,7,판교,9,"29,46,56,66,74,76,84,86,96"
249,09:49,8,8,동탄/용인,2,"87,97"
249,09:49,9,9,평택,13,"22,27,28,37,38,48,52,58,64,68,78,88,98"
250,09:50,1,1,서울역,29,"4,6,7,8,9,11,13,15,20,21,25,26,30,32,35,40,42,45,50,55,60,65,67,70,75,80,90,95,100"
250,09:50,10,10,인천공항,6,"49,59,69,79,89,99"
250,09:50,2,2,수서,6,"2,71,77,81,91,101"
250,09:50,3,3,삼성,6,"51,72,82,85,92,102"
250,09:50,4,4,여의도,26,"1,3,14,16,17,19,23,24,31,33,34,36,41,43,44,47,53,54,57,61,62,63,73,83,93,103"
250,09:50,5,5,김포공항,2,"94,104"
250,09:50,6,6,일산,1,10
250,09:50,7,7,판교,9,"29,46,56,66,74,76,84,86,96"
250,09:50,8,8,동탄/용인,2,"87,97"
250,09:50,9,9,평택,13,"22,27,28,37,38,48,52,58,64,68,78,88,98"
251,09:51,1,1,서울역,29,"4,6,7,8,9,11,13,15,20,21,25,26,30,32,35,40,42,45,50,55,60,65,67,70,75,80,90,95,100"
251,09:51,10,10,인천공항,6,"49,59,69,79,89,99"
251,09:51,2,2,수서,5,"71,77,81,91,101"
251,09:51,3,3,삼성,6,"51,72,82,85,92,102"
251,09:51,4,4,여의도,25,"1,14,16,17,19,23,24,31,33,34,36,41,43,44,47,53,54,57,61,62,63,73,83,93,103"
251,09:51,5,5,김포공항,2,"94,104"
251,09:51,6,6,일산,1,10
251,09:51,7,7,판교,9,"29,46,56,66,74,76,84,86,96"
251,09:51,8,8,동탄/용인,2,"87,97"
251,09:51,9,9,평택,13,"22,27,28,37,38,48,52,58,64,68,78,88,98"
252,09:52,1,1,서울역,29,"4,6,7,8,9,11,13,15,20,21,25,26,30,32,35,40,42,45,50,55,60,65,67,70,75,80,90,95,100"
252,09:52,10,10,인천공항,6,"49,59,69,79,89,99"
252,09:52,2,2,수서,5,"71,77,81,91,101"
252,09:52,3,3,삼성,6,"51,72,82,85,92,102"
252,09:52,4,4,여의도,25,"1,14,16,17,19,23,24,31,33,34,36,41,43,44,47,53,54,57,61,62,63,73,83,93,103"
252,09:52,5,5,김포공항,2,"94,104"
252,09:52,6,6,일산,2,"0,10"
252,09:52,7,7,판교,9,"29,46,56,66,74,76,84,86,96"
252,09:52,8,8,동탄/용인,2,"87,97"
252,09:52,9,9,평택,13,"22,27,28,37,38,48,52,58,64,68,78,88,98"
253,09:53,1,1,서울역,29,"4,6,7,8,9,11,13,15,20,21,25,26,30,32,35,40,42,45,50,55,60,65,67,70,75,80,90,95,100"
253,09:53,10,10,인천공항,6,"49,59,69,79,89,99"
253,09:53,2,2,수서,5,"71,77,81,91,101"
253,09:53,3,3,삼성,6,"51,72,82,85,92,102"
253,09:53,4,4,여의도,25,"1,14,16,17,19,23,24,31,33,34,36,41,43,44,47,53,54,57,61,62,63,73,83,93,103"
253,09:53,5,5,김포공항,2,"94,104"
253,09:53,6,6,일산,2,"0,10"
253,09:53,7,7,판교,9,"29,46,56,66,74,76,84,86,96"
253,09:53,8,8,동탄/용인,2,"87,97"
253,09:53,9,9,평택,13,"22,27,28,37,38,48,52,58,64,68,78,88,98"
254,09:54,1,1,서울역,29,"4,6,7,8,9,11,13,15,20,21,25,26,30,32,35,40,42,45,50,55,60,65,67,70,75,80,90,95,100"
254,09:54,10,10,인천공항,6,"49,59,69,79,89,99"
254,09:54,2,2,수서,5,"71,77,81,91,101"
254,09:54,3,3,삼성,6,"51,72,82,85,92,102"
254,09:54,4,4,여의도,25,"1,14,16,17,19,23,24,31,33,34,36,41,43,44,47,53,54,57,61,62,63,73,83,93,103"
254,09:54,5,5,김포공항,2,"94,104"
254,09:54,6,6,일산,2,"0,10"
254,09:54,7,7,판교,9,"29,46,56,66,74,76,84,86,96"
254,09:54,8,8,동탄/용인,2,"87,97"
254,09:54,9,9,평택,12,"27,28,37,38,48,52,58,64,68,78,88,98"
255,09:55,1,1,서울역,29,"4,6,7,8,9,11,13,15,20,21,25,26,30,32,35,40,42,45,50,55,60,65,67,70,75,80,90,95,100"
255,09:55,10,10,인천공항,6,"49,59,69,79,89,99"
255,09:55,2,2,수서,5,"71,77,81,91,101"
255,09:55,3,3,삼성,6,"51,72,82,85,92,102"
255,09:55,4,4,여의도,25,"1,14,16,17,19,23,24,31,33,34,36,41,43,44,47,53,54,57,61,62,63,73,83,93,103"
255,09:55,5,5,김포공항,2,"94,104"
255,09:55,6,6,일산,1,10
255,09:55,7,7,판교,9,"29,46,56,66,74,76,84,86,96"
255,09:55,8,8,동탄/용인,2,"87,97"
255,09:55,9,9,평택,12,"27,28,37,38,48,52,58,64,68,78,88,98"
256,09:56,1,1,서울역,29,"4,6,7,8,9,11,13,15,20,21,25,26,30,32,35,40,42,45,50,55,60,65,67,70,75,80,90,95,100"
256,09:56,10,10,인천공항,6,"49,59,69,79,89,99"
256,09:56,2,2,수서,5,"71,77,81,91,101"
256,09:56,3,3,삼성,6,"51,72,82,85,92,102"
256,09:56,4,4,여의도,25,"1,14,16,17,19,23,24,31,33,34,36,41,43,44,47,53,54,57,61,62,63,73,83,93,103"
256,09:56,5,5,김포공항,2,"94,104"
256,09:56,6,6,일산,2,"5,10"
256,09:56,7,7,판교,9,"29,46,56,66,74,76,84,86,96"
256,09:56,8,8,동탄/용인,2,"87,97"
256,09:56,9,9,평택,12,"27,28,37,38,48,52,58,64,68,78,88,98"
257,09:57,1,1,서울역,29,"4,6,7,8,9,11,13,15,20,21,25,26,30,32,35,40,42,45,50,55,60,65,67,70,75,80,90,95,100"
257,09:57,10,10,인천공항,6,"49,59,69,79,89,99"
257,09:57,2,2,수서,5,"71,77,81,91,101"
257,09:57,3,3,삼성,5,"72,82,85,92,102"
257,09:57,4,4,여의도,25,"1,14,16,17,19,23,24,31,33,34,36,41,43,44,47,53,54,57,61,62,63,73,83,93,103"
257,09:57,5,5,김포공항,2,"94,104"
257,09:57,6,6,일산,2,"5,10"
257,09:57,7,7,판교,9,"29,46,56,66,74,76,84,86,96"
257,09:57,8,8,동탄/용인,2,"87,97"
257,09:57,9,9,평택,12,"27,28,37,38,48,52,58,64,68,78,88,98"
258,09:58,1,1,서울역,30,"2,4,6,7,8,9,11,13,15,20,21,25,26,30,32,35,40,42,45,50,55,60,65,67,70,75,80,90,95,100"
258,09:58,10,10,인천공항,6,"49,59,69,79,89,99"
258,09:58,2,2,수서,5,"71,77,81,91,101"
258,09:58,3,3,삼성,5,"72,82,85,92,102"
258,09:58,4,4,여의도,25,"1,14,16,17,19,23,24,31,33,34,36,41,43,44,47,53,54,57,61,62,63,73,83,93,103"
258,09:58,5,5,김포공항,2,"94,104"
258,09:58,6,6,일산,3,"3,5,10"
258,09:58,7,7,판교,9,"29,46,56,66,74,76,84,86,96"
258,09:58,8,8,동탄/용인,2,"87,97"
258,09:58,9,9,평택,12,"27,28,37,38,48,52,58,64,68,78,88,98"
259,09:59,1,1,서울역,30,"2,4,6,7,8,9,11,13,15,20,21,25,26,30,32,35,40,42,45,50,55,60,65,67,70,75,80,90,95,100"
259,09:59,10,10,인천공항,6,"49,59,69,79,89,99"
259,09:59,2,2,수서,5,"71,77,81,91,101"
259,09:59,3,3,삼성,5,"72,82,85,92,102"
259,09:59,4,4,여의도,25,"1,14,16,17,19,23,24,31,33,34,36,41,43,44,47,53,54,57,61,62,63,73,83,93,103"
259,09:59,5,5,김포공항,2,"94,104"
259,09:59,6,6,일산,2,"3,10"
259,09:59,7,7,판교,9,"29,46,56,66,74,76,84,86,96"
259,09:59,8,8,동탄/용인,2,"87,97"
259,09:59,9,9,평택,12,"27,28,37,38,48,52,58,64,68,78,88,98"
260,10:00,1,1,서울역,29,"2,6,7,8,9,11,13,15,20,21,25,26,30,32,35,40,42,45,50,55,60,65,67,70,75,80,90,95,100"
260,10:00,10,10,인천공항,6,"49,59,69,79,89,99"
260,10:00,2,2,수서,5,"71,77,81,91,101"
260,10:00,3,3,삼성,5,"72,82,85,92,102"
260,10:00,4,4,여의도,25,"1,14,16,17,19,23,24,31,33,34,36,41,43,44,47,53,54,57,61,62,63,73,83,93,103"
260,10:00,5,5,김포공항,1,104
260,10:00,6,6,일산,3,"3,10,18"
260,10:00,7,7,판교,9,"29,46,56,66,74,76,84,86,96"
260,10:00,8,8,동탄/용인,2,"87,97"
260,10:00,9,9,평택,12,"27,28,37,38,48,52,58,64,68,78,88,98"
261,10:01,1,1,서울역,29,"2,6,7,8,9,11,13,15,20,21,25,26,30,32,35,40,42,45,50,55,60,65,67,70,75,80,90,95,100"
261,10:01,10,10,인천공항,6,"49,59,69,79,89,99"
261,10:01,2,2,수서,5,"71,77,81,91,101"
261,10:01,3,3,삼성,5,"72,82,85,92,102"
261,10:01,4,4,여의도,25,"1,14,16,17,19,23,24,31,33,34,36,41,43,44,47,53,54,57,61,62,63,73,83,93,103"
261,10:01,5,5,김포공항,1,104
261,10:01,6,6,일산,3,"3,10,18"
261,10:01,7,7,판교,9,"29,46,56,66,74,76,84,86,96"
261,10:01,8,8,동탄/용인,2,"87,97"
261,10:01,9,9,평택,12,"27,28,37,38,48,52,58,64,68,78,88,98"
262,10:02,1,1,서울역,30,"0,2,6,7,8,9,11,13,15,20,21,25,26,30,32,35,40,42,45,50,55,60,65,67,70,75,80,90,95,100"
262,10:02,10,10,인천공항,6,"49,59,69,79,89,99"
262,10:02,2,2,수서,5,"71,77,81,91,101"
262,10:02,3,3,삼성,5,"72,82,85,92,102"
262,10:02,4,4,여의도,25,"1,14,16,17,19,23,24,31,33,34,36,41,43,44,47,53,54,57,61,62,63,73,83,93,103"
262,10:02,5,5,김포공항,1,104
262,10:02,6,6,일산,3,"3,10,18"
262,10:02,7,7,판교,9,"29,46,56,66,74,76,84,86,96"
262,10:02,8,8,동탄/용인,2,"87,97"
262,10:02,9,9,평택,13,"27,28,37,38,39,48,52,58,64,68,78,88,98"
263,10:03,1,1,서울역,30,"0,2,6,7,8,9,11,13,15,20,21,25,26,30,32,35,40,42,45,50,55,60,65,67,70,75,80,90,95,100"
263,10:03,10,10,인천공항,6,"49,59,69,79,89,99"
263,10:03,2,2,수서,5,"71,77,81,91,101"
263,10:03,3,3,삼성,5,"72,82,85,92,102"
263,10:03,4,4,여의도,24,"1,14,16,17,19,23,31,33,34,36,41,43,44,47,53,54,57,61,62,63,73,83,93,103"
263,10:03,5,5,김포공항,1,104
263,10:03,6,6,일산,3,"3,10,18"
263,10:03,7,7,판교,9,"29,46,56,66,74,76,84,86,96"
263,10:03,8,8,동탄/용인,2,"87,97"
263,10:03,9,9,평택,14,"12,27,28,37,38,39,48,52,58,64,68,78,88,98"
264,10:04,1,1,서울역,29,"0,6,7,8,9,11,13,15,20,21,25,26,30,32,35,40,42,45,50,55,60,65,67,70,75,80,90,95,100"
264,10:04,10,10,인천공항,6,"49,59,69,79,89,99"
264,10:04,2,2,수서,5,"71,77,81,91,101"
264,10:04,3,3,삼성,4,"72,85,92,102"
264,10:04,4,4,여의도,25,"1,14,16,17,19,23,31,33,34,36,41,43,44,47,51,53,54,57,61,62,63,73,83,93,103"
264,10:04,5,5,김포공항,1,104
264,10:04,6,6,일산,1,18
264,10:04,7,7,판교,9,"29,46,56,66,74,76,84,86,96"
264,10:04,8,8,동탄/용인,2,"87,97"
264,10:04,9,9,평택,14,"12,27,28,37,38,39,48,52,58,64,68,78,88,98"
265,10:05,1,1,서울역,29,"0,6,7,8,9,11,13,15,20,21,25,26,30,32,35,40,42,45,50,55,60,65,67,70,75,80,90,95,100"
265,10:05,10,10,인천공항,6,"49,59,69,79,89,99"
265,10:05,2,2,수서,5,"71,77,81,91,101"
265,10:05,3,3,삼성,4,"72,85,92,102"
265,10:05,4,4,여의도,25,"1,14,16,17,19,23,31,33,34,36,41,43,44,47,51,53,54,57,61,62,63,73,83,93,103"
265,10:05,5,5,김포공항,1,104
265,10:05,6,6,일산,1,18
265,10:05,7,7,판교,9,"29,46,56,66,74,76,84,86,96"
265,10:05,8,8,동탄/용인,1,97
265,10:05,9,9,평택,14,"12,27,28,37,38,39,48,52,58,64,68,78,88,98"
266,10:06,1,1,서울역,29,"0,6,7,8,9,11,13,15,20,21,25,26,30,32,35,40,42,45,50,55,60,65,67,70,75,80,90,95,100"
266,10:06,10,10,인천공항,6,"49,59,69,79,89,99"
266,10:06,2,2,수서,5,"71,77,81,91,101"
266,10:06,3,3,삼성,4,"72,85,92,102"
266,10:06,4,4,여의도,24,"1,14,16,17,19,23,31,33,36,41,43,44,47,51,53,54,57,61,62,63,73,83,93,103"
266,10:06,5,5,김포공항,1,104
266,10:06,7,7,판교,10,"22,29,46,56,66,74,76,84,86,96"
266,10:06,8,8,동탄/용인,1,97
266,10:06,9,9,평택,14,"12,27,28,37,38,39,48,52,58,64,68,78,88,98"
267,10:07,1,1,서울역,28,"0,6,8,9,11,13,15,20,21,25,26,30,32,35,40,42,45,50,55,60,65,67,70,75,80,90,95,100"
267,10:07,10,10,인천공항,6,"49,59,69,79,89,99"
267,10:07,2,2,수서,5,"71,77,81,91,101"
267,10:07,3,3,삼성,4,"72,85,92,102"
267,10:07,4,4,여의도,24,"1,14,16,17,19,23,31,33,36,41,43,44,47,51,53,54,57,61,62,63,73,83,93,103"
267,10:07,5,5,김포공항,1,104
267,10:07,6,6,일산,1,4
267,10:07,7,7,판교,10,"22,29,46,56,66,74,76,84,86,96"
267,10:07,8,8,동탄/용인,1,97
267,10:07,9,9,평택,14,"12,27,28,37,38,39,48,52,58,64,68,78,88,98"
268,10:08,1,1,서울역,28,"0,6,8,9,11,13,15,20,21,25,26,30,32,35,40,42,45,50,55,60,65,67,70,75,80,90,95,100"
268,10:08,10,10,인천공항,6,"49,59,69,79,89,99"
268,10:08,2,2,수서,5,"77,81,91,94,101"
268,10:08,3,3,삼성,4,"72,85,92,102"
268,10:08,4,4,여의도,24,"1,14,16,17,19,23,31,33,36,41,43,44,47,51,53,54,57,61,62,63,73,83,93,103"
268,10:08,5,5,김포공항,1,104
268,10:08,6,6,일산,1,4
268,10:08,7,7,판교,10,"22,29,46,56,66,74,76,84,86,96"
268,10:08,8,8,동탄/용인,1,97
268,10:08,9,9,평택,14,"12,27,28,37,38,39,48,52,58,64,68,78,88,98"
269,10:09,1,1,서울역,28,"0,6,8,9,11,13,15,20,21,25,26,30,32,35,40,42,45,50,55,60,65,67,70,75,80,90,95,100"
269,10:09,10,10,인천공항,6,"49,59,69,79,89,99"
269,10:09,2,2,수서,4,"81,91,94,101"
269,10:09,3,3,삼성,5,"5,72,85,92,102"
269,10:09,4,4,여의도,24,"1,14,16,17,19,23,31,33,36,41,43,44,47,51,53,54,57,61,62,63,73,83,93,103"
269,10:09,5,5,김포공항,1,104
269,10:09,6,6,일산,1,4
269,10:09,7,7,판교,10,"22,29,46,56,66,74,76,84,86,96"
269,10:09,8,8,동탄/용인,1,97
269,10:09,9,9,평택,14,"12,27,28,37,38,39,48,52,58,64,68,78,88,98"
270,10:10,1,1,서울역,28,"0,6,8,9,11,13,15,20,21,25,26,30,32,35,40,42,45,50,55,60,65,67,70,75,80,90,95,100"
270,10:10,10,10,인천공항,6,"49,59,69,79,89,99"
270,10:10,2,2,수서,4,"81,91,94,101"
270,10:10,3,3,삼성,5,"5,72,85,92,102"
270,10:10,4,4,여의도,24,"1,14,16,17,19,23,31,33,36,41,43,44,47,51,53,54,57,61,62,63,73,83,93,103"
270,10:10,5,5,김포공항,1,104
270,10:10,7,7,판교,10,"22,29,46,56,66,74,76,84,86,96"
270,10:10,8,8,동탄/용인,1,97
270,10:10,9,9,평택,14,"12,27,28,37,38,39,48,52,58,64,68,78,88,98"
271,10:11,1,1,서울역,29,"0,3,6,8,9,11,13,15,20,21,25,26,30,32,35,40,42,45,50,55,60,65,67,70,75,80,90,95,100"
271,10:11,10,10,인천공항,6,"49,59,69,79,89,99"
271,10:11,2,2,수서,4,"81,91,94,101"
271,10:11,3,3,삼성,5,"5,72,85,92,102"
271,10:11,4,4,여의도,25,"1,14,16,17,19,23,31,33,36,41,43,44,47,51,53,54,57,61,62,63,73,82,83,93,103"
271,10:11,5,5,김포공항,1,104
271,10:11,7,7,판교,10,"22,29,46,56,66,74,76,84,86,96"
271,10:11,8,8,동탄/용인,1,97
271,10:11,9,9,평택,14,"12,27,28,37,38,39,48,52,58,64,68,78,88,98"
272,10:12,1,1,서울역,29,"0,3,6,8,9,11,13,15,20,21,25,26,30,32,35,40,42,45,50,55,60,65,67,70,75,80,90,95,100"
272,10:12,10,10,인천공항,6,"49,59,69,79,89,99"
272,10:12,2,2,수서,4,"81,91,94,101"
272,10:12,3,3,삼성,5,"5,72,85,92,102"
272,10:12,4,4,여의도,25,"1,14,16,17,19,23,31,33,36,41,43,44,47,51,53,54,57,61,62,63,73,82,83,93,103"
272,10:12,5,5,김포공항,2,"34,104"
272,10:12,7,7,판교,10,"22,29,46,56,66,74,76,84,86,96"
272,10:12,8,8,동탄/용인,1,97
272,10:12,9,9,평택,14,"12,27,28,37,38,39,48,52,58,64,68,78,88,98"
273,10:13,1,1,서울역,30,"0,3,6,8,9,11,13,15,18,20,21,25,26,30,32,35,40,42,45,50,55,60,65,67,70,75,80,90,95,100"
273,10:13,10,10,인천공항,6,"49,59,69,79,89,99"
273,10:13,2,2,수서,4,"81,91,94,101"
273,10:13,3,3,삼성,5,"5,72,85,92,102"
273,10:13,4,4,여의도,24,"14,16,17,19,23,31,33,36,41,43,44,47,51,53,54,57,61,62,63,73,82,83,93,103"
273,10:13,5,5,김포공항,2,"34,104"
273,10:13,7,7,판교,9,"22,46,56,66,74,76,84,86,96"
273,10:13,8,8,동탄/용인,1,97
273,10:13,9,9,평택,14,"12,27,28,37,38,39,48,52,58,64,68,78,88,98"
274,10:14,1,1,서울역,29,"3,6,8,9,11,13,15,18,20,21,25,26,30,32,35,40,42,45,50,55,60,65,67,70,75,80,90,95,100"
274,10:14,10,10,인천공항,6,"49,59,69,79,89,99"
274,10:14,2,2,수서,3,"81,94,101"
274,10:14,3,3,삼성,5,"5,72,85,92,102"
274,10:14,4,4,여의도,24,"14,16,17,19,23,31,33,36,41,43,44,47,51,53,54,57,61,62,63,73,82,83,93,103"
274,10:14,5,5,김포공항,2,"34,104"
274,10:14,6,6,일산,1,7
274,10:14,7,7,판교,9,"22,46,56,66,74,76,84,86,96"
274,10:14,8,8,동탄/용인,1,97
274,10:14,9,9,평택,14,"12,27,28,37,38,39,48,52,58,64,68,78,88,98"
275,10:15,1,1,서울역,29,"3,6,8,9,11,13,15,18,20,21,25,26,30,32,35,40,42,45,50,55,60,65,67,70,75,80,90,95,100"
275,10:15,10,10,인천공항,6,"49,59,69,79,89,99"
275,10:15,2,2,수서,3,"81,94,101"
275,10:15,3,3,삼성,4,"72,85,92,102"
275,10:15,4,4,여의도,24,"14,16,17,19,23,31,33,36,41,43,44,47,51,53,54,57,61,62,63,73,82,83,93,103"
275,10:15,5,5,김포공항,1,104
275,10:15,6,6,일산,1,7
275,10:15,7,7,판교,8,"46,56,66,74,76,84,86,96"
275,10:15,8,8,동탄/용인,1,97
275,10:15,9,9,평택,14,"12,27,28,37,38,39,48,52,58,64,68,78,88,98"
276,10:16,1,1,서울역,29,"3,6,8,9,11,13,15,18,20,21,25,26,30,32,35,40,42,45,50,55,60,65,67,70,75,80,90,95,100"
276,10:16,10,10,인천공항,6,"49,59,69,79,89,99"
276,10:16,2,2,수서,3,"81,94,101"
276,10:16,3,3,삼성,4,"72,85,92,102"
276,10:16,4,4,여의도,24,"14,16,17,19,31,33,36,41,43,44,47,51,53,54,57,61,62,63,73,82,83,87,93,103"
276,10:16,5,5,김포공항,2,"71,104"
276,10:16,6,6,일산,1,7
276,10:16,7,7,판교,9,"10,46,56,66,74,76,84,86,96"
276,10:16,8,8,동탄/용인,2,"2,97"
276,10:16,9,9,평택,14,"12,27,28,37,38,39,48,52,58,64,68,78,88,98"
277,10:17,1,1,서울역,29,"3,6,8,9,11,13,15,18,20,21,25,26,30,32,35,40,42,45,50,55,60,65,67,70,75,80,90,95,100"
277,10:17,10,10,인천공항,6,"49,59,69,79,89,99"
277,10:17,2,2,수서,3,"81,94,101"
277,10:17,3,3,삼성,4,"72,85,92,102"
277,10:17,4,4,여의도,23,"14,16,17,31,33,36,41,43,44,47,51,53,54,57,61,62,63,73,82,83,87,93,103"
277,10:17,5,5,김포공항,3,"71,77,104"
277,10:17,7,7,판교,9,"10,46,56,66,74,76,84,86,96"
277,10:17,8,8,동탄/용인,2,"2,97"
277,10:17,9,9,평택,14,"12,27,28,37,38,39,48,52,58,64,68,78,88,98"
278,10:18,1,1,서울역,29,"3,6,8,9,11,13,15,18,20,21,25,26,30,32,35,40,42,45,50,55,60,65,67,70,75,80,90,95,100"
278,10:18,10,10,인천공항,5,"59,69,79,89,99"
278,10:18,2,2,수서,3,"81,94,101"
278,10:18,3,3,삼성,3,"72,85,92"
278,10:18,4,4,여의도,21,"17,31,33,36,41,43,44,47,51,53,54,57,61,62,63,73,82,83,87,93,103"
278,10:18,5,5,김포공항,3,"71,77,104"
278,10:18,7,7,판교,9,"10,46,56,66,74,76,84,86,96"
278,10:18,8,8,동탄/용인,2,"2,97"
278,10:18,9,9,평택,15,"12,24,27,28,37,38,39,48,52,58,64,68,78,88,98"
279,10:19,1,1,서울역,29,"3,6,8,9,11,13,15,18,20,21,25,26,30,32,35,40,42,45,50,55,60,65,67,70,75,80,90,95,100"
279,10:19,10,10,인천공항,5,"59,69,79,89,99"
279,10:19,2,2,수서,4,"1,81,94,101"
279,10:19,3,3,삼성,2,"72,85"
279,10:19,4,4,여의도,21,"17,31,33,36,41,43,44,47,51,53,54,57,61,62,63,73,82,83,87,93,103"
279,10:19,5,5,김포공항,3,"71,77,104"
279,10:19,7,7,판교,9,"10,46,56,66,74,76,84,86,96"
279,10:19,8,8,동탄/용인,2,"2,97"
279,10:19,9,9,평택,15,"12,24,27,28,37,38,39,48,52,58,64,68,78,88,98"
280,10:20,1,1,서울역,28,"3,8,9,11,13,15,18,20,21,25,26,30,32,35,40,42,45,50,55,60,65,67,70,75,80,90,95,100"
280,10:20,10,10,인천공항,5,"59,69,79,89,99"
280,10:20,2,2,수서,4,"1,81,94,101"
280,10:20,3,3,삼성,2,"72,85"
280,10:20,4,4,여의도,21,"17,31,33,36,41,43,44,47,51,53,54,57,61,62,63,73,82,83,87,93,103"
280,10:20,5,5,김포공항,3,"71,77,104"
280,10:20,7,7,판교,9,"10,46,56,66,74,76,84,86,96"
280,10:20,8,8,동탄/용인,2,"2,97"
280,10:20,9,9,평택,15,"12,24,27,28,37,38,39,48,52,58,64,68,78,88,98"
281,10:21,1,1,서울역,29,"3,5,8,9,11,13,15,18,20,21,25,26,30,32,35,40,42,45,50,55,60,65,67,70,75,80,90,95,100"
281,10:21,10,10,인천공항,5,"59,69,79,89,99"
281,10:21,2,2,수서,4,"1,81,94,101"
281,10:21,3,3,삼성,2,"72,85"
281,10:21,4,4,여의도,21,"17,31,33,36,41,43,44,47,51,53,54,57,61,62,63,73,82,83,87,93,103"
281,10:21,5,5,김포공항,2,"71,77"
281,10:21,7,7,판교,10,"0,10,46,56,66,74,76,84,86,96"
281,10:21,8,8,동탄/용인,2,"2,97"
281,10:21,9,9,평택,15,"12,24,27,28,37,38,39,48,52,58,64,68,78,88,98"
282,10:22,1,1,서울역,28,"3,5,9,11,13,15,18,20,21,25,26,30,32,35,40,42,45,50,55,60,65,67,70,75,80,90,95,100"
282,10:22,10,10,인천공항,5,"59,69,79,89,99"
282,10:22,2,2,수서,4,"1,81,94,101"
282,10:22,3,3,삼성,2,"72,85"
282,10:22,4,4,여의도,20,"22,31,36,41,43,44,47,51,53,54,57,61,62,63,73,82,83,87,93,103"
282,10:22,5,5,김포공항,2,"71,77"
282,10:22,7,7,판교,11,"0,4,10,46,56,66,74,76,84,86,96"
282,10:22,8,8,동탄/용인,1,97
282,10:22,9,9,평택,15,"12,24,27,28,37,38,39,48,52,58,64,68,78,88,98"
283,10:23,1,1,서울역,28,"3,5,9,11,13,15,18,20,21,25,26,30,32,35,40,42,45,50,55,60,65,67,70,75,80,90,95,100"
283,10:23,10,10,인천공항,5,"59,69,79,89,99"
283,10:23,2,2,수서,4,"1,81,94,101"
283,10:23,3,3,삼성,2,"72,85"
283,10:23,4,4,여의도,19,"22,31,36,41,44,47,51,53,54,57,61,62,63,73,82,83,87,93,103"
283,10:23,5,5,김포공항,1,71
283,10:23,7,7,판교,11,"0,4,10,46,56,66,74,76,84,86,96"
283,10:23,8,8,동탄/용인,1,97
283,10:23,9,9,평택,15,"12,24,27,28,37,38,39,48,52,58,64,68,78,88,98"
284,10:24,1,1,서울역,27,"3,9,11,13,15,18,20,21,25,26,30,32,35,40,42,45,50,55,60,65,67,70,75,80,90,95,100"
284,10:24,10,10,인천공항,5,"59,69,79,89,99"
284,10:24,2,2,수서,5,"1,14,81,94,101"
284,10:24,3,3,삼성,2,"72,85"
284,10:24,4,4,여의도,19,"22,31,36,41,44,47,51,53,54,57,61,62,63,73,82,83,87,93,103"
284,10:24,5,5,김포공항,1,71
284,10:24,7,7,판교,12,"0,4,10,19,46,56,66,74,76,84,86,96"
284,10:24,8,8,동탄/용인,1,97
284,10:24,9,9,평택,15,"12,24,27,28,37,38,39,48,52,58,64,68,78,88,98"
285,10:25,1,1,서울역,27,"3,9,11,13,15,18,20,21,25,26,30,32,35,40,42,45,50,55,60,65,67,70,75,80,90,95,100"
285,10:25,10,10,인천공항,5,"59,69,79,89,99"
285,10:25,2,2,수서,5,"1,14,81,94,101"
285,10:25,3,3,삼성,3,"16,72,85"
285,10:25,4,4,여의도,18,"31,36,41,44,47,51,53,54,57,61,62,63,73,82,83,87,93,103"
285,10:25,7,7,판교,12,"0,4,10,19,46,56,66,74,76,84,86,96"
285,10:25,8,8,동탄/용인,1,97
285,10:25,9,9,평택,16,"12,24,27,28,29,37,38,39,48,52,58,64,68,78,88,98"
286,10:26,1,1,서울역,27,"3,9,11,13,15,18,20,21,25,26,30,32,35,40,42,45,50,55,60,65,67,70,75,80,90,95,100"
286,10:26,10,10,인천공항,5,"59,69,79,89,99"
286,10:26,2,2,수서,5,"1,14,81,94,101"
286,10:26,3,3,삼성,3,"16,72,85"
286,10:26,4,4,여의도,19,"31,36,41,44,47,51,53,54,57,61,62,63,73,82,83,87,92,93,103"
286,10:26,7,7,판교,12,"0,4,10,19,46,56,66,74,76,84,86,96"
286,10:26,8,8,동탄/용인,1,97
286,10:26,9,9,평택,16,"12,24,27,28,29,37,38,39,48,52,58,64,68,78,88,98"
287,10:27,1,1,서울역,27,"3,9,11,13,15,18,20,21,25,26,30,32,35,40,42,45,50,55,60,65,67,70,75,80,90,95,100"
287,10:27,10,10,인천공항,5,"59,69,79,89,99"
287,10:27,2,2,수서,5,"1,14,81,94,101"
287,10:27,3,3,삼성,3,"16,72,85"
287,10:27,4,4,여의도,19,"31,36,41,44,47,51,53,54,57,61,62,63,73,82,83,87,92,93,103"
287,10:27,6,6,일산,1,6
287,10:27,7,7,판교,12,"0,4,10,19,46,56,66,74,76,84,86,96"
287,10:27,8,8,동탄/용인,1,97
287,10:27,9,9,평택,16,"12,24,27,28,29,37,38,39,48,52,58,64,68,78,88,98"
288,10:28,1,1,서울역,27,"3,9,11,13,15,18,20,21,25,26,30,32,35,40,42,45,50,55,60,65,67,70,75,80,90,95,100"
288,10:28,10,10,인천공항,6,"23,59,69,79,89,99"
288,10:28,2,2,수서,5,"1,14,81,94,101"
288,10:28,3,3,삼성,3,"16,72,85"
288,10:28,4,4,여의도,19,"31,36,41,44,47,51,53,54,57,61,62,63,73,82,83,87,92,93,103"
288,10:28,6,6,일산,1,6
288,10:28,7,7,판교,12,"0,4,10,19,46,56,66,74,76,84,86,96"
288,10:28,8,8,동탄/용인,1,97
288,10:28,9,9,평택,17,"12,24,27,28,29,37,38,39,48,52,58,64,68,78,88,91,98"
289,10:29,1,1,서울역,27,"3,9,11,13,15,18,20,21,25,26,30,32,35,40,42,45,50,55,60,65,67,70,75,80,90,95,100"
289,10:29,10,10,인천공항,6,"23,59,69,79,89,99"
289,10:29,2,2,수서,5,"1,14,81,94,101"
289,10:29,3,3,삼성,4,"16,17,72,104"
289,10:29,4,4,여의도,19,"31,36,41,44,47,51,53,54,57,61,62,63,73,82,83,87,92,93,103"
289,10:29,5,5,김포공항,1,43
289,10:29,6,6,일산,2,"6,8"
289,10:29,7,7,판교,12,"0,4,10,19,46,56,66,74,76,84,86,96"
289,10:29,8,8,동탄/용인,1,97
289,10:29,9,9,평택,17,"12,24,27,28,29,37,38,39,48,52,58,64,68,78,88,91,98"
290,10:30,1,1,서울역,27,"3,9,11,13,15,18,20,21,25,26,30,32,35,40,42,45,50,55,60,65,67,70,75,80,90,95,100"
290,10:30,10,10,인천공항,6,"23,59,69,79,89,99"
290,10:30,2,2,수서,5,"1,14,81,94,101"
290,10:30,3,3,삼성,4,"16,17,72,104"
290,10:30,4,4,여의도,18,"31,36,41,47,51,53,54,57,61,62,63,73,82,83,87,92,93,103"
290,10:30,5,5,김포공항,1,43
290,10:30,6,6,일산,1,8
290,10:30,7,7,판교,12,"0,4,10,19,46,56,66,74,76,84,86,96"
290,10:30,8,8,동탄/용인,1,97
290,10:30,9,9,평택,17,"12,24,27,28,29,37,38,39,48,52,58,64,68,78,88,91,98"
291,10:31,1,1,서울역,27,"3,9,11,13,15,18,20,21,25,26,30,32,35,40,42,45,50,55,60,65,67,70,75,80,90,95,100"
291,10:31,10,10,인천공항,6,"23,59,69,79,89,99"
291,10:31,2,2,수서,5,"1,14,81,94,101"
291,10:31,3,3,삼성,5,"16,17,72,77,104"
291,10:31,4,4,여의도,18,"31,36,41,47,51,53,54,57,61,62,63,73,82,83,87,92,93,103"
291,10:31,5,5,김포공항,1,43
291,10:31,6,6,일산,2,"5,8"
291,10:31,7,7,판교,12,"0,4,10,19,46,56,66,74,76,84,86,96"
291,10:31,8,8,동탄/용인,1,97
291,10:31,9,9,평택,16,"12,24,27,28,29,37,38,39,48,52,58,64,68,78,88,98"
292,10:32,1,1,서울역,27,"3,9,11,13,15,18,20,21,25,26,30,32,35,40,42,45,50,55,60,65,67,70,75,80,90,95,100"
292,10:32,10,10,인천공항,6,"23,59,69,79,89,99"
292,10:32,2,2,수서,5,"1,14,81,94,101"
292,10:32,3,3,삼성,5,"16,17,72,77,104"
292,10:32,4,4,여의도,18,"31,36,41,47,51,53,54,57,61,62,63,73,82,83,87,92,93,103"
292,10:32,6,6,일산,2,"5,22"
292,10:32,7,7,판교,12,"0,4,10,19,46,56,66,74,76,84,86,96"
292,10:32,9,9,평택,17,"12,24,27,28,29,34,37,38,39,48,52,58,64,68,78,88,98"
293,10:33,1,1,서울역,28,"3,9,11,13,15,18,20,21,25,26,30,32,35,40,42,45,50,55,60,65,67,70,71,75,80,90,95,100"
293,10:33,10,10,인천공항,6,"23,59,69,79,89,99"
293,10:33,2,2,수서,4,"1,81,94,101"
293,10:33,3,3,삼성,6,"16,17,49,72,77,104"
293,10:33,4,4,여의도,18,"31,36,41,47,51,53,54,57,61,62,63,73,82,83,87,92,93,103"
293,10:33,6,6,일산,2,"5,22"
293,10:33,7,7,판교,11,"4,10,19,46,56,66,74,76,84,86,96"
293,10:33,9,9,평택,18,"12,24,27,28,29,34,37,38,39,48,52,58,64,68,78,88,98,102"
294,10:34,1,1,서울역,28,"3,9,11,13,15,18,20,21,25,26,30,32,35,40,42,45,50,55,60,65,67,70,71,75,80,90,95,100"
294,10:34,10,10,인천공항,6,"23,59,69,79,89,99"
294,10:34,2,2,수서,4,"1,81,94,101"
294,10:34,3,3,삼성,6,"16,17,49,72,77,104"
294,10:34,4,4,여의도,18,"31,36,41,47,51,53,54,57,61,62,63,73,82,83,87,92,93,103"
294,10:34,6,6,일산,1,22
294,10:34,7,7,판교,11,"4,10,19,46,56,66,74,76,84,86,96"
294,10:34,8,8,동탄/용인,1,7
294,10:34,9,9,평택,18,"12,24,27,28,29,34,37,38,39,48,52,58,64,68,78,88,98,102"
295,10:35,1,1,서울역,29,"3,9,11,13,15,18,20,21,25,26,30,32,35,40,42,45,50,55,60,65,67,70,71,75,80,85,90,95,100"
295,10:35,10,10,인천공항,6,"23,59,69,79,89,99"
295,10:35,2,2,수서,4,"1,81,94,101"
295,10:35,3,3,삼성,6,"16,17,49,72,77,104"
295,10:35,4,4,여의도,18,"31,36,41,47,51,53,54,57,61,62,63,73,82,83,87,92,93,103"
295,10:35,6,6,일산,1,22
295,10:35,7,7,판교,11,"4,10,19,46,56,66,74,76,84,86,96"
295,10:35,8,8,동탄/용인,1,7
295,10:35,9,9,평택,18,"12,24,27,28,29,34,37,38,39,48,52,58,64,68,78,88,98,102"
296,10:36,1,1,서울역,29,"3,9,11,13,15,18,20,21,25,26,30,32,35,40,42,45,50,55,60,65,67,70,71,75,80,85,90,95,100"
296,10:36,10,10,인천공항,6,"23,59,69,79,89,99"
296,10:36,2,2,수서,4,"1,81,94,101"
296,10:36,3,3,삼성,6,"16,17,49,72,77,104"
296,10:36,4,4,여의도,18,"31,36,41,47,51,53,54,57,61,62,63,73,82,83,87,92,93,103"
296,10:36,5,5,김포공항,1,44
296,10:36,6,6,일산,1,22
296,10:36,7,7,판교,11,"4,10,19,46,56,66,74,76,84,86,96"
296,10:36,8,8,동탄/용인,1,7
296,10:36,9,9,평택,17,"12,24,27,28,29,34,37,38,39,48,52,58,64,68,78,88,98"
297,10:37,1,1,서울역,29,"3,9,11,13,15,18,20,21,25,26,30,32,35,40,42,45,50,55,60,65,67,70,71,75,80,85,90,95,100"
297,10:37,10,10,인천공항,6,"23,59,69,79,89,99"
297,10:37,2,2,수서,4,"1,81,94,101"
297,10:37,3,3,삼성,6,"16,17,49,72,77,104"
297,10:37,4,4,여의도,17,"36,41,47,51,53,54,57,61,62,63,73,82,83,87,92,93,103"
297,10:37,5,5,김포공항,1,44
297,10:37,6,6,일산,1,22
297,10:37,7,7,판교,11,"4,10,19,46,56,66,74,76,84,86,96"
297,10:37,8,8,동탄/용인,1,7
297,10:37,9,9,평택,18,"12,24,27,28,29,33,34,37,38,39,48,52,58,64,68,78,88,98"
298,10:38,1,1,서울역,29,"3,9,11,13,15,18,20,21,25,26,30,32,35,40,42,45,50,55,60,65,67,70,71,75,80,85,90,95,100"
298,10:38,10,10,인천공항,5,"59,69,79,89,99"
298,10:38,2,2,수서,4,"1,81,94,101"
298,10:38,3,3,삼성,6,"16,17,49,72,77,104"
298,10:38,4,4,여의도,17,"36,41,47,51,53,54,57,61,62,63,73,82,83,87,92,93,103"
298,10:38,5,5,김포공항,1,44
298,10:38,7,7,판교,11,"4,10,19,46,56,66,74,76,84,86,96"
298,10:38,8,8,동탄/용인,1,7
298,10:38,9,9,평택,17,"24,27,28,29,33,34,37,38,39,48,52,58,64,68,78,88,98"
299,10:39,1,1,서울역,29,"3,9,11,13,15,18,20,21,25,26,30,32,35,40,42,45,50,55,60,65,67,70,71,75,80,85,90,95,100"
299,10:39,10,10,인천공항,5,"59,69,79,89,99"
299,10:39,2,2,수서,4,"1,81,94,101"
299,10:39,3,3,삼성,5,"16,17,72,77,104"
299,10:39,4,4,여의도,17,"36,41,47,51,53,54,57,61,62,63,73,82,83,87,92,93,103"
299,10:39,6,6,일산,1,2
299,10:39,7,7,판교,12,"4,10,19,46,56,66,74,76,84,86,96,97"
299,10:39,8,8,동탄/용인,1,7
299,10:39,9,9,평택,17,"24,27,28,29,33,34,37,38,39,48,52,58,64,68,78,88,98"
300,10:40,1,1,서울역,28,"9,11,13,15,18,20,21,25,26,30,32,35,40,42,45,50,55,60,65,67,70,71,75,80,85,90,95,100"
300,10:40,10,10,인천공항,5,"59,69,79,89,99"
300,10:40,2,2,수서,5,"1,43,81,94,101"
300,10:40,3,3,삼성,5,"16,17,72,77,104"
300,10:40,4,4,여의도,17,"0,36,41,47,51,54,57,61,62,63,73,82,83,87,92,93,103"
300,10:40,6,6,일산,1,2
300,10:40,7,7,판교,12,"4,10,19,46,56,66,74,76,84,86,96,97"
300,10:40,8,8,동탄/용인,1,7
300,10:40,9,9,평택,17,"24,27,28,29,33,34,37,38,39,48,52,58,64,68,78,88,98"
301,10:41,1,1,서울역,29,"5,9,11,13,15,18,20,21,25,26,30,32,35,40,42,45,50,55,60,65,67,70,71,75,80,85,90,95,100"
301,10:41,10,10,인천공항,5,"59,69,79,89,99"
301,10:41,2,2,수서,4,"1,43,94,101"
301,10:41,3,3,삼성,5,"16,17,72,77,104"
301,10:41,4,4,여의도,17,"0,36,41,47,51,54,57,61,62,63,73,82,83,87,92,93,103"
301,10:41,5,5,김포공항,1,14
301,10:41,6,6,일산,1,2
301,10:41,7,7,판교,12,"4,10,19,46,56,66,74,76,84,86,96,97"
301,10:41,8,8,동탄/용인,1,7
301,10:41,9,9,평택,16,"24,27,29,33,34,37,38,39,48,52,58,64,68,78,88,98"
302,10:42,1,1,서울역,29,"5,9,11,13,15,18,20,21,25,26,30,32,35,40,42,45,50,55,60,65,67,70,71,75,80,85,90,95,100"
302,10:42,10,10,인천공항,5,"59,69,79,89,99"
302,10:42,2,2,수서,4,"1,43,94,101"
302,10:42,3,3,삼성,5,"16,17,72,77,104"
302,10:42,4,4,여의도,17,"0,36,41,47,51,54,57,61,62,63,73,82,83,87,92,93,103"
302,10:42,5,5,김포공항,1,14
302,10:42,6,6,일산,1,2
302,10:42,7,7,판교,12,"4,6,10,19,46,56,66,74,76,84,86,96"
302,10:42,8,8,동탄/용인,1,7
302,10:42,9,9,평택,16,"24,27,29,33,34,37,38,39,48,52,58,64,68,78,88,98"
303,10:43,1,1,서울역,29,"5,9,11,13,15,18,20,21,25,26,30,32,35,40,42,45,50,55,60,65,67,70,71,75,80,85,90,95,100"
303,10:43,10,10,인천공항,5,"59,69,79,89,99"
303,10:43,2,2,수서,5,"1,31,43,94,101"
303,10:43,3,3,삼성,5,"16,17,72,77,104"
303,10:43,4,4,여의도,17,"0,36,41,47,51,54,57,61,62,63,73,82,83,87,92,93,103"
303,10:43,5,5,김포공항,1,14
303,10:43,6,6,일산,1,2
303,10:43,7,7,판교,12,"4,6,10,19,46,56,66,74,76,84,86,96"
303,10:43,8,8,동탄/용인,1,7
303,10:43,9,9,평택,16,"24,27,29,33,34,37,38,39,48,52,58,64,68,78,88,98"
304,10:44,1,1,서울역,29,"5,9,11,13,15,18,20,21,25,26,30,32,35,40,42,45,50,55,60,65,67,70,71,75,80,85,90,95,100"
304,10:44,10,10,인천공항,5,"59,69,79,89,99"
304,10:44,2,2,수서,5,"1,31,43,94,101"
304,10:44,3,3,삼성,4,"17,72,77,104"
304,10:44,4,4,여의도,17,"0,36,41,47,51,54,57,61,62,63,73,82,83,87,92,93,103"
304,10:44,5,5,김포공항,1,14
304,10:44,6,6,일산,1,2
304,10:44,7,7,판교,12,"4,6,10,19,46,56,66,74,76,84,86,96"
304,10:44,8,8,동탄/용인,1,7
304,10:44,9,9,평택,16,"24,27,29,33,34,37,38,39,48,52,58,64,68,78,88,98"
305,10:45,1,1,서울역,29,"5,9,11,13,15,18,20,21,25,26,30,32,35,40,42,45,50,55,60,65,67,70,71,75,80,85,90,95,100"
305,10:45,10,10,인천공항,5,"59,69,79,89,99"
305,10:45,2,2,수서,6,"1,31,43,91,94,101"
305,10:45,3,3,삼성,2,"72,104"
305,10:45,4,4,여의도,17,"0,36,41,47,51,54,57,61,62,63,73,82,83,87,92,93,103"
305,10:45,5,5,김포공항,1,14
305,10:45,6,6,일산,1,2
305,10:45,7,7,판교,12,"4,6,10,19,46,56,66,74,76,84,86,96"
305,10:45,8,8,동탄/용인,1,7
305,10:45,9,9,평택,16,"24,27,29,33,34,37,38,39,48,52,58,64,68,78,88,98"
306,10:46,1,1,서울역,29,"5,9,11,13,15,18,20,21,25,26,30,32,35,40,42,45,50,55,60,65,67,70,71,75,80,85,90,95,100"
306,10:46,10,10,인천공항,5,"59,69,79,89,99"
306,10:46,2,2,수서,6,"1,31,43,91,94,101"
306,10:46,3,3,삼성,2,"72,104"
306,10:46,4,4,여의도,18,"0,36,41,47,49,51,54,57,61,62,63,73,82,83,87,92,93,103"
306,10:46,5,5,김포공항,2,"14,53"
306,10:46,6,6,일산,1,2
306,10:46,7,7,판교,12,"4,6,10,19,46,56,66,74,76,84,86,96"
306,10:46,8,8,동탄/용인,1,7
306,10:46,9,9,평택,16,"24,27,29,33,34,37,38,39,48,52,58,64,68,78,88,98"
307,10:47,1,1,서울역,30,"5,9,11,13,15,18,20,21,25,26,30,32,35,40,42,44,45,50,55,60,65,67,70,71,75,80,85,90,95,100"
307,10:47,10,10,인천공항,5,"59,69,79,89,99"
307,10:47,2,2,수서,6,"1,31,43,91,94,101"
307,10:47,3,3,삼성,2,"72,104"
307,10:47,4,4,여의도,18,"0,36,41,47,49,51,54,57,61,62,63,73,82,83,87,92,93,103"
307,10:47,5,5,김포공항,1,53
307,10:47,6,6,일산,2,"2,3"
307,10:47,7,7,판교,12,"4,6,10,19,46,56,66,74,76,84,86,96"
307,10:47,8,8,동탄/용인,2,"7,28"
307,10:47,9,9,평택,16,"24,27,29,33,34,37,38,39,48,52,58,64,68,78,88,98"
308,10:48,1,1,서울역,31,"5,9,11,13,15,18,20,21,25,26,30,32,35,40,42,44,45,50,55,60,65,67,70,71,75,80,81,85,90,95,100"
308,10:48,10,10,인천공항,5,"59,69,79,89,99"
308,10:48,2,2,수서,6,"1,31,43,91,94,101"
308,10:48,3,3,삼성,2,"72,104"
308,10:48,4,4,여의도,18,"0,36,41,47,49,51,54,57,61,62,63,73,82,83,87,92,93,103"
308,10:48,5,5,김포공항,1,53
308,10:48,6,6,일산,2,"2,3"
308,10:48,7,7,판교,12,"4,6,10,19,46,56,66,74,76,84,86,96"
308,10:48,8,8,동탄/용인,1,28
308,10:48,9,9,평택,16,"24,27,29,33,34,37,38,39,48,52,58,64,68,78,88,98"
309,10:49,1,1,서울역,32,"5,9,11,13,15,18,20,21,25,26,30,32,35,40,42,44,45,50,55,60,65,67,70,71,75,80,81,85,90,95,97,100"
309,10:49,10,10,인천공항,5,"59,69,79,89,99"
309,10:49,2,2,수서,6,"1,31,43,91,94,101"
309,10:49,3,3,삼성,2,"72,104"
309,10:49,4,4,여의도,16,"36,41,47,49,51,54,61,62,63,73,82,83,87,92,93,103"
309,10:49,6,6,일산,2,"2,3"
309,10:49,7,7,판교,12,"4,6,10,19,46,56,66,74,76,84,86,96"
309,10:49,8,8,동탄/용인,1,28
309,10:49,9,9,평택,16,"24,27,29,33,34,37,38,39,48,52,58,64,68,78,88,98"
310,10:50,1,1,서울역,33,"5,9,11,13,15,16,18,20,21,25,26,30,32,35,40,42,44,45,50,55,60,65,67,70,71,75,80,81,85,90,95,97,100"
310,10:50,10,10,인천공항,5,"59,69,79,89,99"
310,10:50,2,2,수서,6,"1,31,43,91,94,101"
310,10:50,3,3,삼성,2,"72,104"
310,10:50,4,4,여의도,16,"36,41,47,49,51,54,61,62,63,73,82,83,87,92,93,103"
310,10:50,6,6,일산,2,"2,3"
310,10:50,7,7,판교,13,"4,6,10,19,22,46,56,66,74,76,84,86,96"
310,10:50,9,9,평택,16,"24,27,29,33,34,37,38,39,48,52,58,64,68,78,88,98"
311,10:51,1,1,서울역,34,"5,9,11,13,15,16,17,18,20,21,25,26,30,32,35,40,42,44,45,50,55,60,65,67,70,71,75,80,81,85,90,95,97,100"
311,10:51,10,10,인천공항,5,"59,69,79,89,99"
311,10:51,2,2,수서,6,"1,31,43,91,94,101"
311,10:51,3,3,삼성,3,"72,102,104"
311,10:51,4,4,여의도,15,"41,47,49,51,54,61,62,63,73,82,83,87,92,93,103"
311,10:51,6,6,일산,2,"2,3"
311,10:51,7,7,판교,13,"4,6,10,19,22,46,56,66,74,76,84,86,96"
311,10:51,9,9,평택,15,"24,29,33,34,37,38,39,48,52,58,64,68,78,88,98"
312,10:52,1,1,서울역,34,"5,9,11,13,15,16,17,18,20,21,25,26,30,32,35,40,42,44,45,50,55,60,65,67,70,71,75,80,81,85,90,95,97,100"
312,10:52,10,10,인천공항,5,"59,69,79,89,99"
312,10:52,2,2,수서,6,"1,31,43,91,94,101"
312,10:52,3,3,삼성,3,"72,102,104"
312,10:52,4,4,여의도,16,"41,47,49,51,54,61,62,63,73,77,82,83,87,92,93,103"
312,10:52,6,6,일산,2,"2,3"
312,10:52,7,7,판교,12,"6,10,19,22,46,56,66,74,76,84,86,96"
312,10:52,9,9,평택,15,"8,29,33,34,37,38,39,48,52,58,64,68,78,88,98"
313,10:53,1,1,서울역,34,"5,9,11,13,15,16,17,18,20,21,25,26,30,32,35,40,42,44,45,50,55,60,65,67,70,71,75,80,81,85,90,95,97,100"
313,10:53,10,10,인천공항,5,"59,69,79,89,99"
313,10:53,2,2,수서,5,"31,43,91,94,101"
313,10:53,3,3,삼성,4,"23,72,102,104"
313,10:53,4,4,여의도,17,"12,41,47,49,51,54,61,62,63,73,77,82,83,87,92,93,103"
313,10:53,6,6,일산,2,"2,3"
313,10:53,7,7,판교,12,"6,10,19,22,46,56,66,74,76,84,86,96"
313,10:53,9,9,평택,15,"8,29,33,34,37,38,39,48,52,58,64,68,78,88,98"
314,10:54,1,1,서울역,34,"5,9,11,13,15,16,17,18,20,21,25,26,30,32,35,40,42,44,45,50,55,60,65,67,70,71,75,80,81,85,90,95,97,100"
314,10:54,10,10,인천공항,5,"59,69,79,89,99"
314,10:54,2,2,수서,5,"31,43,91,94,101"
314,10:54,3,3,삼성,4,"23,72,102,104"
314,10:54,4,4,여의도,17,"12,41,47,49,51,54,61,62,63,73,77,82,83,87,92,93,103"
314,10:54,6,6,일산,2,"2,3"
314,10:54,7,7,판교,12,"6,10,19,22,46,56,66,74,76,84,86,96"
314,10:54,9,9,평택,15,"8,29,33,34,37,38,39,48,52,58,64,68,78,88,98"
315,10:55,1,1,서울역,34,"5,9,11,13,15,16,17,18,20,21,25,26,30,32,35,40,42,44,45,50,55,60,65,67,70,71,75,80,81,85,90,95,97,100"
315,10:55,10,10,인천공항,5,"59,69,79,89,99"
315,10:55,2,2,수서,6,"0,31,43,91,94,101"
315,10:55,3,3,삼성,4,"23,72,102,104"
315,10:55,4,4,여의도,17,"12,41,47,49,51,54,61,62,63,73,77,82,83,87,92,93,103"
315,10:55,5,5,김포공항,1,57
315,10:55,6,6,일산,2,"2,3"
315,10:55,7,7,판교,12,"6,10,19,22,46,56,66,74,76,84,86,96"
315,10:55,9,9,평택,15,"8,29,33,34,37,38,39,48,52,58,64,68,78,88,98"
316,10:56,1,1,서울역,34,"5,9,11,13,15,16,17,18,20,21,25,26,30,32,35,40,42,44,45,50,55,60,65,67,70,71,75,80,81,85,90,95,97,100"
316,10:56,10,10,인천공항,5,"59,69,79,89,99"
316,10:56,2,2,수서,6,"0,31,43,91,94,101"
316,10:56,3,3,삼성,4,"23,72,102,104"
316,10:56,4,4,여의도,17,"12,41,47,49,51,54,61,62,63,73,77,82,83,87,92,93,103"
316,10:56,5,5,김포공항,1,57
316,10:56,6,6,일산,2,"2,3"
316,10:56,7,7,판교,12,"6,10,19,22,46,56,66,74,76,84,86,96"
316,10:56,9,9,평택,15,"8,29,33,34,37,38,39,48,52,58,64,68,78,88,98"
317,10:57,1,1,서울역,34,"5,9,11,13,15,16,17,18,20,21,25,26,30,32,35,40,42,44,45,50,55,60,65,67,70,71,75,80,81,85,90,95,97,100"
317,10:57,10,10,인천공항,5,"59,69,79,89,99"
317,10:57,2,2,수서,6,"0,31,43,91,94,101"
317,10:57,3,3,삼성,4,"23,72,102,104"
317,10:57,4,4,여의도,17,"12,41,47,49,51,54,61,62,63,73,77,82,83,87,92,93,103"
317,10:57,5,5,김포공항,1,57
317,10:57,6,6,일산,2,"2,3"
317,10:57,7,7,판교,12,"6,10,19,22,46,56,66,74,76,84,86,96"
317,10:57,9,9,평택,15,"8,29,33,34,37,38,39,48,52,58,64,68,78,88,98"
318,10:58,1,1,서울역,34,"5,9,11,13,15,16,17,18,20,21,25,26,30,32,35,40,42,44,45,50,55,60,65,67,70,71,75,80,81,85,90,95,97,100"
318,10:58,10,10,인천공항,5,"59,69,79,89,99"
318,10:58,2,2,수서,6,"0,31,43,91,94,101"
318,10:58,3,3,삼성,6,"7,23,36,72,102,104"
318,10:58,4,4,여의도,17,"12,41,47,49,51,54,61,62,63,73,77,82,83,87,92,93,103"
318,10:58,6,6,일산,2,"2,3"
318,10:58,7,7,판교,12,"6,10,19,22,46,56,66,74,76,84,86,96"
318,10:58,9,9,평택,14,"8,33,34,37,38,39,48,52,58,64,68,78,88,98"
319,10:59,1,1,서울역,34,"5,9,11,13,15,16,17,18,20,21,25,26,30,32,35,40,42,44,45,50,55,60,65,67,70,71,75,80,81,85,90,95,97,100"
319,10:59,10,10,인천공항,5,"59,69,79,89,99"
319,10:59,2,2,수서,6,"0,31,43,91,94,101"
319,10:59,3,3,삼성,6,"7,23,36,72,102,104"
319,10:59,4,4,여의도,19,"1,4,12,41,47,49,51,54,61,62,63,73,77,82,83,87,92,93,103"
319,10:59,6,6,일산,2,"2,3"
319,10:59,7,7,판교,12,"6,10,19,22,46,56,66,74,76,84,86,96"
319,10:59,9,9,평택,14,"8,33,34,37,38,39,48,52,58,64,68,78,88,98"
320,11:00,1,1,서울역,32,"11,13,15,16,17,18,20,21,25,26,30,32,35,40,42,44,45,50,55,60,65,67,70,71,75,80,81,85,90,95,97,100"
320,11:00,10,10,인천공항,5,"59,69,79,89,99"
320,11:00,2,2,수서,6,"0,31,43,91,94,101"
320,11:00,3,3,삼성,5,"7,23,36,72,102"
320,11:00,4,4,여의도,18,"1,4,12,41,49,51,54,61,62,63,73,77,82,83,87,92,93,103"
320,11:00,6,6,일산,2,"2,3"
320,11:00,7,7,판교,12,"6,10,19,22,46,56,66,74,76,84,86,96"
320,11:00,9,9,평택,13,"8,34,37,38,39,48,52,58,64,68,78,88,98"
321,11:01,1,1,서울역,32,"11,13,15,16,17,18,20,21,25,26,30,32,35,40,42,44,45,50,55,60,65,67,70,71,75,80,81,85,90,95,97,100"
321,11:01,10,10,인천공항,4,"69,79,89,99"
321,11:01,2,2,수서,6,"0,31,43,91,94,101"
321,11:01,3,3,삼성,5,"7,23,36,72,102"
321,11:01,4,4,여의도,19,"1,4,12,28,41,49,51,54,61,62,63,73,77,82,83,87,92,93,103"
321,11:01,6,6,일산,2,"2,3"
321,11:01,7,7,판교,12,"6,10,19,22,46,56,66,74,76,84,86,96"
321,11:01,9,9,평택,13,"8,34,37,38,39,48,52,58,64,68,78,88,98"
322,11:02,1,1,서울역,32,"11,13,15,16,17,18,20,21,25,26,30,32,35,40,42,44,45,50,55,60,65,67,70,71,75,80,81,85,90,95,97,100"
322,11:02,10,10,인천공항,4,"69,79,89,99"
322,11:02,2,2,수서,5,"0,31,91,94,101"
322,11:02,3,3,삼성,5,"7,23,36,72,102"
322,11:02,4,4,여의도,19,"1,4,12,28,41,49,51,54,61,62,63,73,77,82,83,87,92,93,103"
322,11:02,6,6,일산,2,"2,3"
322,11:02,7,7,판교,12,"6,10,19,22,46,56,66,74,76,84,86,96"
322,11:02,9,9,평택,13,"8,34,37,38,39,48,52,58,64,68,78,88,98"
323,11:03,1,1,서울역,32,"11,13,15,16,17,18,20,21,25,26,30,32,35,40,42,44,45,50,55,60,65,67,70,71,75,80,81,85,90,95,97,100"
323,11:03,10,10,인천공항,4,"69,79,89,99"
323,11:03,2,2,수서,5,"0,31,91,94,101"
323,11:03,3,3,삼성,5,"7,23,36,72,102"
323,11:03,4,4,여의도,19,"1,4,12,28,41,49,51,54,61,62,63,73,77,82,83,87,92,93,103"
323,11:03,6,6,일산,2,"2,3"
323,11:03,7,7,판교,12,"6,10,19,22,46,56,66,74,76,84,86,96"
323,11:03,9,9,평택,13,"8,34,37,38,39,48,52,58,64,68,78,88,98"
324,11:04,1,1,서울역,32,"11,13,15,16,17,18,20,21,25,26,30,32,35,40,42,44,45,50,55,60,65,67,70,71,75,80,81,85,90,95,97,100"
324,11:04,10,10,인천공항,3,"69,89,99"
324,11:04,2,2,수서,5,"0,31,91,94,101"
324,11:04,3,3,삼성,4,"23,36,72,102"
324,11:04,4,4,여의도,19,"1,4,12,28,41,49,51,54,61,62,63,73,77,82,83,87,92,93,103"
324,11:04,6,6,일산,2,"2,3"
324,11:04,7,7,판교,12,"6,10,19,22,46,56,66,74,76,84,86,96"
324,11:04,9,9,평택,14,"8,14,34,37,38,39,48,52,58,64,68,78,88,98"
325,11:05,1,1,서울역,32,"11,13,15,16,17,18,20,21,25,26,30,32,35,40,42,44,45,50,55,60,65,67,70,71,75,80,81,85,90,95,97,100"
325,11:05,10,10,인천공항,3,"69,89,99"
325,11:05,2,2,수서,5,"0,31,91,94,101"
325,11:05,3,3,삼성,4,"23,36,72,102"
325,11:05,4,4,여의도,19,"1,4,12,28,41,49,51,54,61,62,63,73,77,82,83,87,92,93,103"
325,11:05,6,6,일산,2,"2,3"
325,11:05,7,7,판교,12,"6,10,19,22,46,56,66,74,76,84,86,96"
325,11:05,9,9,평택,14,"8,14,34,37,38,39,48,52,58,64,68,78,88,98"
326,11:06,1,1,서울역,32,"11,13,15,16,17,18,20,21,25,26,30,32,35,40,42,44,45,50,55,60,65,67,70,71,75,80,81,85,90,95,97,100"
326,11:06,10,10,인천공항,3,"69,89,99"
326,11:06,2,2,수서,5,"0,31,91,94,101"
326,11:06,3,3,삼성,6,"23,27,36,57,72,102"
326,11:06,4,4,여의도,19,"1,4,12,28,41,49,51,54,61,62,63,73,77,82,83,87,92,93,103"
326,11:06,5,5,김포공항,1,47
326,11:06,6,6,일산,2,"2,3"
326,11:06,7,7,판교,11,"10,19,22,46,56,66,74,76,84,86,96"
326,11:06,8,8,동탄/용인,1,33
326,11:06,9,9,평택,15,"8,14,34,37,38,39,48,52,53,58,64,68,78,88,98"
327,11:07,1,1,서울역,32,"11,13,15,16,17,18,20,21,25,26,30,32,35,40,42,44,45,50,55,60,65,67,70,71,75,80,81,85,90,95,97,100"
327,11:07,10,10,인천공항,3,"69,89,99"
327,11:07,2,2,수서,5,"0,31,91,94,101"
327,11:07,3,3,삼성,6,"23,27,36,57,72,102"
327,11:07,4,4,여의도,20,"1,4,12,24,28,41,49,51,54,61,62,63,73,77,82,83,87,92,93,103"
327,11:07,5,5,김포공항,1,47
327,11:07,6,6,일산,4,"2,3,5,9"
327,11:07,7,7,판교,11,"10,19,22,46,56,66,74,76,84,86,96"
327,11:07,8,8,동탄/용인,1,33
327,11:07,9,9,평택,15,"8,14,34,37,38,39,48,52,53,58,64,68,78,88,98"
328,11:08,1,1,서울역,32,"11,13,15,16,17,18,20,21,25,26,30,32,35,40,42,44,45,50,55,60,65,67,70,71,75,80,81,85,90,95,97,100"
328,11:08,10,10,인천공항,3,"69,89,99"
328,11:08,2,2,수서,5,"0,31,91,94,101"
328,11:08,3,3,삼성,6,"23,27,36,57,72,102"
328,11:08,4,4,여의도,20,"1,4,12,24,28,41,49,51,54,61,62,63,73,77,82,83,87,92,93,103"
328,11:08,5,5,김포공항,2,"47,104"
328,11:08,6,6,일산,4,"2,3,5,9"
328,11:08,7,7,판교,11,"10,19,22,46,56,66,74,76,84,86,96"
328,11:08,8,8,동탄/용인,1,33
328,11:08,9,9,평택,15,"8,14,34,37,38,39,48,52,53,58,64,68,78,88,98"
329,11:09,1,1,서울역,33,"11,13,15,16,17,18,20,21,25,26,30,32,35,40,42,43,44,45,50,55,60,65,67,70,71,75,80,81,85,90,95,97,100"
329,11:09,10,10,인천공항,3,"69,89,99"
329,11:09,2,2,수서,4,"31,91,94,101"
329,11:09,3,3,삼성,6,"23,27,36,57,72,102"
329,11:09,4,4,여의도,20,"1,4,12,24,28,41,49,51,54,61,62,63,73,77,82,83,87,92,93,103"
329,11:09,5,5,김포공항,1,104
329,11:09,6,6,일산,4,"2,3,5,9"
329,11:09,7,7,판교,11,"10,19,22,46,56,66,74,76,84,86,96"
329,11:09,9,9,평택,15,"8,14,34,37,38,39,48,52,53,58,64,68,78,88,98"
330,11:10,1,1,서울역,33,"11,13,15,16,17,18,20,21,25,26,30,32,35,40,42,43,44,45,50,55,60,65,67,70,71,75,80,81,85,90,95,97,100"
330,11:10,10,10,인천공항,3,"69,89,99"
330,11:10,2,2,수서,4,"31,91,94,101"
330,11:10,3,3,삼성,6,"23,27,36,57,72,102"
330,11:10,4,4,여의도,17,"12,24,28,49,51,54,61,62,63,73,77,82,83,87,92,93,103"
330,11:10,5,5,김포공항,1,104
330,11:10,6,6,일산,3,"2,3,5"
330,11:10,7,7,판교,10,"19,22,46,56,66,74,76,84,86,96"
330,11:10,9,9,평택,14,"14,34,37,38,39,48,52,53,58,64,68,78,88,98"
331,11:11,1,1,서울역,33,"11,13,15,16,17,18,20,21,25,26,30,32,35,40,42,43,44,45,50,55,60,65,67,70,71,75,80,81,85,90,95,97,100"
331,11:11,10,10,인천공항,3,"69,89,99"
331,11:11,2,2,수서,4,"31,91,94,101"
331,11:11,3,3,삼성,6,"23,27,36,57,72,102"
331,11:11,4,4,여의도,15,"24,49,51,54,61,62,63,73,77,82,83,87,92,93,103"
331,11:11,5,5,김포공항,1,104
331,11:11,6,6,일산,3,"2,3,5"
331,11:11,7,7,판교,10,"19,22,46,56,66,74,76,84,86,96"
331,11:11,9,9,평택,13,"34,37,38,39,48,52,53,58,64,68,78,88,98"
332,11:12,1,1,서울역,33,"11,13,15,16,17,18,20,21,25,26,30,32,35,40,42,43,44,45,50,55,60,65,67,70,71,75,80,81,85,90,95,97,100"
332,11:12,10,10,인천공항,3,"69,89,99"
332,11:12,2,2,수서,4,"31,91,94,101"
332,11:12,3,3,삼성,5,"27,36,57,72,102"
332,11:12,4,4,여의도,15,"24,49,51,54,61,62,63,73,77,82,83,87,92,93,103"
332,11:12,5,5,김포공항,1,104
332,11:12,6,6,일산,3,"2,3,5"
332,11:12,7,7,판교,10,"19,22,46,56,66,74,76,84,86,96"
332,11:12,9,9,평택,13,"34,37,38,39,48,52,53,58,64,68,78,88,98"
333,11:13,1,1,서울역,33,"11,13,15,16,17,18,20,21,25,26,30,32,35,40,42,43,44,45,50,55,60,65,67,70,71,75,80,81,85,90,95,97,100"
333,11:13,10,10,인천공항,3,"69,89,99"
333,11:13,2,2,수서,4,"31,91,94,101"
333,11:13,3,3,삼성,5,"27,36,57,72,102"
333,11:13,4,4,여의도,16,"6,24,49,51,54,61,62,63,73,77,82,83,87,92,93,103"
333,11:13,5,5,김포공항,1,104
333,11:13,6,6,일산,2,"2,3"
333,11:13,7,7,판교,10,"19,22,46,56,66,74,76,84,86,96"
333,11:13,9,9,평택,13,"34,37,38,39,48,52,53,58,64,68,78,88,98"
334,11:14,1,1,서울역,34,"11,13,15,16,17,18,20,21,25,26,29,30,32,35,40,42,43,44,45,50,55,60,65,67,70,71,75,80,81,85,90,95,97,100"
334,11:14,10,10,인천공항,3,"69,89,99"
334,11:14,2,2,수서,4,"31,91,94,101"
334,11:14,3,3,삼성,5,"27,36,57,72,102"
334,11:14,4,4,여의도,16,"6,24,49,51,54,61,62,63,73,77,82,83,87,92,93,103"
334,11:14,5,5,김포공항,1,104
334,11:14,6,6,일산,3,"2,3,7"
334,11:14,7,7,판교,10,"19,22,46,56,66,74,76,84,86,96"
334,11:14,9,9,평택,13,"34,37,38,39,48,52,53,58,64,68,78,88,98"
335,11:15,1,1,서울역,34,"11,13,15,16,17,18,20,21,25,26,29,30,32,35,40,42,43,44,45,50,55,60,65,67,70,71,75,80,81,85,90,95,97,100"
335,11:15,10,10,인천공항,3,"69,89,99"
335,11:15,2,2,수서,4,"31,91,94,101"
335,11:15,3,3,삼성,5,"27,36,57,72,102"
335,11:15,4,4,여의도,17,"0,6,24,49,51,54,61,62,63,73,77,82,83,87,92,93,103"
335,11:15,5,5,김포공항,1,104
335,11:15,6,6,일산,2,"2,7"
335,11:15,7,7,판교,9,"19,22,56,66,74,76,84,86,96"
335,11:15,9,9,평택,13,"34,37,38,39,48,52,53,58,64,68,78,88,98"
336,11:16,1,1,서울역,34,"11,13,15,16,17,18,20,21,25,26,29,30,32,35,40,42,43,44,45,50,55,60,65,67,70,71,75,80,81,85,90,95,97,100"
336,11:16,10,10,인천공항,3,"69,89,99"
336,11:16,2,2,수서,6,"1,4,31,91,94,101"
336,11:16,3,3,삼성,6,"27,36,57,59,72,102"
336,11:16,4,4,여의도,17,"0,6,24,49,51,54,61,62,63,73,77,82,83,87,92,93,103"
336,11:16,5,5,김포공항,1,104
336,11:16,6,6,일산,2,"2,7"
336,11:16,7,7,판교,9,"19,22,56,66,74,76,84,86,96"
336,11:16,9,9,평택,13,"34,37,38,39,48,52,53,58,64,68,78,88,98"
337,11:17,1,1,서울역,34,"11,13,15,16,17,18,20,21,25,26,29,30,32,35,40,42,43,44,45,50,55,60,65,67,70,71,75,80,81,85,90,95,97,100"
337,11:17,10,10,인천공항,3,"69,89,99"
337,11:17,2,2,수서,6,"1,4,31,91,94,101"
337,11:17,3,3,삼성,6,"27,36,57,59,72,102"
337,11:17,4,4,여의도,18,"0,6,10,24,49,51,54,61,62,63,73,77,82,83,87,92,93,103"
337,11:17,5,5,김포공항,1,104
337,11:17,6,6,일산,2,"2,7"
337,11:17,7,7,판교,9,"19,22,56,66,74,76,84,86,96"
337,11:17,9,9,평택,13,"34,37,38,39,48,52,53,58,64,68,78,88,98"
338,11:18,1,1,서울역,35,"11,13,15,16,17,18,20,21,23,25,26,29,30,32,35,40,42,43,44,45,50,55,60,65,67,70,71,75,80,81,85,90,95,97,100"
338,11:18,10,10,인천공항,3,"69,89,99"
338,11:18,2,2,수서,6,"1,4,31,91,94,101"
338,11:18,3,3,삼성,6,"27,36,57,59,72,102"
338,11:18,4,4,여의도,18,"0,6,10,24,49,51,54,61,62,63,73,77,82,83,87,92,93,103"
338,11:18,5,5,김포공항,1,104
338,11:18,6,6,일산,2,"2,7"
338,11:18,7,7,판교,10,"12,19,22,56,66,74,76,84,86,96"
338,11:18,9,9,평택,13,"34,37,38,39,48,52,53,58,64,68,78,88,98"
339,11:19,1,1,서울역,35,"11,13,15,16,17,18,20,21,23,25,26,29,30,32,35,40,42,43,44,45,50,55,60,65,67,70,71,75,80,81,85,90,95,97,100"
339,11:19,10,10,인천공항,3,"69,89,99"
339,11:19,2,2,수서,6,"1,4,31,91,94,101"
339,11:19,3,3,삼성,6,"27,36,57,59,72,102"
339,11:19,4,4,여의도,18,"0,6,10,24,49,51,54,61,62,63,73,77,82,83,87,92,93,103"
339,11:19,5,5,김포공항,1,104
339,11:19,6,6,일산,2,"2,7"
339,11:19,7,7,판교,10,"12,19,22,56,66,74,76,84,86,96"
339,11:19,9,9,평택,13,"34,37,38,39,48,52,53,58,64,68,78,88,98"
340,11:20,1,1,서울역,35,"11,13,15,16,17,18,20,21,23,25,26,29,30,32,35,40,42,43,44,45,50,55,60,65,67,70,71,75,80,81,85,90,95,97,100"
340,11:20,10,10,인천공항,3,"69,89,99"
340,11:20,2,2,수서,6,"1,4,31,91,94,101"
340,11:20,3,3,삼성,6,"27,36,57,59,72,102"
340,11:20,4,4,여의도,18,"0,6,10,24,49,51,54,61,62,63,73,77,82,83,87,92,93,103"
340,11:20,5,5,김포공항,1,104
340,11:20,6,6,일산,2,"2,7"
340,11:20,7,7,판교,10,"12,19,22,56,66,74,76,84,86,96"
340,11:20,9,9,평택,13,"34,37,38,39,48,52,53,58,64,68,78,88,98"
341,11:21,1,1,서울역,35,"11,13,15,16,17,18,20,21,23,25,26,29,30,32,35,40,42,43,44,45,50,55,60,65,67,70,71,75,80,81,85,90,95,97,100"
341,11:21,10,10,인천공항,3,"69,89,99"
341,11:21,2,2,수서,6,"1,4,31,91,94,101"
341,11:21,3,3,삼성,6,"27,36,57,59,72,102"
341,11:21,4,4,여의도,18,"0,6,10,24,49,51,54,61,62,63,73,77,82,83,87,92,93,103"
341,11:21,5,5,김포공항,1,104
341,11:21,6,6,일산,2,"2,7"
341,11:21,7,7,판교,10,"12,19,22,56,66,74,76,84,86,96"
341,11:21,9,9,평택,13,"34,37,38,39,48,52,53,58,64,68,78,88,98"
342,11:22,1,1,서울역,36,"3,11,13,15,16,17,18,20,21,23,25,26,29,30,32,35,40,42,43,44,45,50,55,60,65,67,70,71,75,80,81,85,90,95,97,100"
342,11:22,10,10,인천공항,3,"69,89,99"
342,11:22,2,2,수서,6,"1,4,31,91,94,101"
342,11:22,3,3,삼성,6,"27,36,57,59,72,102"
342,11:22,4,4,여의도,18,"0,6,10,24,49,51,54,61,62,63,73,77,82,83,87,92,93,103"
342,11:22,5,5,김포공항,1,104
342,11:22,6,6,일산,2,"2,7"
342,11:22,7,7,판교,11,"9,12,19,22,56,66,74,76,84,86,96"
342,11:22,9,9,평택,13,"34,37,38,39,48,52,53,58,64,68,78,88,98"
343,11:23,1,1,서울역,36,"3,11,13,15,16,17,18,20,21,23,25,26,29,30,32,35,40,42,43,44,45,50,55,60,65,67,70,71,75,80,81,85,90,95,97,100"
343,11:23,10,10,인천공항,3,"69,89,99"
343,11:23,2,2,수서,6,"1,4,31,91,94,101"
343,11:23,3,3,삼성,6,"27,36,57,59,72,102"
343,11:23,4,4,여의도,17,"0,6,10,24,49,51,61,62,63,73,77,82,83,87,92,93,103"
343,11:23,5,5,김포공항,1,104
343,11:23,6,6,일산,2,"2,7"
343,11:23,7,7,판교,11,"9,12,19,22,56,66,74,76,84,86,96"
343,11:23,9,9,평택,14,"34,37,38,39,48,52,53,58,64,68,78,79,88,98"
344,11:24,1,1,서울역,36,"3,11,13,15,16,17,18,20,21,23,25,26,29,30,32,35,40,42,43,44,45,50,55,60,65,67,70,71,75,80,81,85,90,95,97,100"
344,11:24,10,10,인천공항,3,"69,89,99"
344,11:24,2,2,수서,6,"1,4,31,91,94,101"
344,11:24,3,3,삼성,6,"27,36,57,59,72,102"
344,11:24,4,4,여의도,17,"0,6,10,24,49,51,61,62,63,73,77,82,83,87,92,93,103"
344,11:24,5,5,김포공항,1,104
344,11:24,6,6,일산,2,"2,7"
344,11:24,7,7,판교,11,"9,12,19,22,56,66,74,76,84,86,96"
344,11:24,9,9,평택,14,"34,37,38,39,48,52,53,58,64,68,78,79,88,98"
345,11:25,1,1,서울역,36,"3,11,13,15,16,17,18,20,21,23,25,26,29,30,32,35,40,42,43,44,45,50,55,60,65,67,70,71,75,80,81,85,90,95,97,100"
345,11:25,10,10,인천공항,3,"69,89,99"
345,11:25,2,2,수서,6,"1,4,31,91,94,101"
345,11:25,3,3,삼성,6,"27,36,57,59,72,102"
345,11:25,4,4,여의도,18,"0,6,8,10,24,49,51,61,62,63,73,77,82,83,87,92,93,103"
345,11:25,5,5,김포공항,1,104
345,11:25,6,6,일산,1,7
345,11:25,7,7,판교,12,"5,9,12,19,22,56,66,74,76,84,86,96"
345,11:25,9,9,평택,15,"34,37,38,39,41,48,52,53,58,64,68,78,79,88,98"
346,11:26,1,1,서울역,36,"3,11,13,15,16,17,18,20,21,23,25,26,29,30,32,35,40,42,43,44,45,50,55,60,65,67,70,71,75,80,81,85,90,95,97,100"
346,11:26,10,10,인천공항,3,"69,89,99"
346,11:26,2,2,수서,6,"1,4,31,91,94,101"
346,11:26,3,3,삼성,6,"27,36,57,59,72,102"
346,11:26,4,4,여의도,18,"0,6,8,10,24,49,51,61,62,63,73,77,82,83,87,92,93,103"
346,11:26,5,5,김포공항,1,104
346,11:26,6,6,일산,2,"7,33"
346,11:26,7,7,판교,12,"5,9,12,19,22,56,66,74,76,84,86,96"
346,11:26,9,9,평택,16,"28,34,37,38,39,41,47,48,52,53,58,64,68,78,88,98"
347,11:27,1,1,서울역,36,"3,11,13,15,16,17,18,20,21,23,25,26,29,30,32,35,40,42,43,44,45,50,55,60,65,67,70,71,75,80,81,85,90,95,97,100"
347,11:27,10,10,인천공항,3,"69,89,99"
347,11:27,2,2,수서,6,"1,4,31,91,94,101"
347,11:27,3,3,삼성,6,"27,36,57,59,72,102"
347,11:27,4,4,여의도,18,"0,6,8,10,24,49,51,61,62,63,73,77,82,83,87,92,93,103"
347,11:27,5,5,김포공항,1,104
347,11:27,6,6,일산,2,"7,33"
347,11:27,7,7,판교,11,"5,9,19,22,56,66,74,76,84,86,96"
347,11:27,9,9,평택,17,"28,34,37,38,39,41,46,47,48,52,53,58,64,68,78,88,98"
348,11:28,1,1,서울역,36,"3,11,13,15,16,17,18,20,21,23,25,26,29,30,32,35,40,42,43,44,45,50,55,60,65,67,70,71,75,80,81,85,90,95,97,100"
348,11:28,10,10,인천공항,3,"69,89,99"
348,11:28,2,2,수서,6,"1,4,31,91,94,101"
348,11:28,3,3,삼성,6,"27,36,57,59,72,102"
348,11:28,4,4,여의도,18,"0,6,8,10,24,49,51,61,62,63,73,77,82,83,87,92,93,103"
348,11:28,5,5,김포공항,2,"14,104"
348,11:28,6,6,일산,2,"7,33"
348,11:28,7,7,판교,11,"5,9,19,22,56,66,74,76,84,86,96"
348,11:28,9,9,평택,17,"28,34,37,38,39,41,46,47,48,52,53,58,64,68,78,88,98"
349,11:29,1,1,서울역,36,"3,11,13,15,16,17,18,20,21,23,25,26,29,30,32,35,40,42,43,44,45,50,55,60,65,67,70,71,75,80,81,85,90,95,97,100"
349,11:29,10,10,인천공항,3,"69,89,99"
349,11:29,2,2,수서,6,"1,4,31,91,94,101"
349,11:29,3,3,삼성,6,"27,36,57,59,72,102"
349,11:29,4,4,여의도,17,"6,8,10,24,49,51,61,62,63,73,77,82,83,87,92,93,103"
349,11:29,5,5,김포공항,3,"14,54,104"
349,11:29,6,6,일산,1,33
349,11:29,7,7,판교,11,"5,9,19,22,56,66,74,76,84,86,96"
349,11:29,9,9,평택,17,"28,34,37,38,39,41,46,47,48,52,53,58,64,68,78,88,98"
350,11:30,1,1,서울역,36,"3,11,13,15,16,17,18,20,21,23,25,26,29,30,32,35,40,42,43,44,45,50,55,60,65,67,70,71,75,80,81,85,90,95,97,100"
350,11:30,10,10,인천공항,2,"89,99"
350,11:30,2,2,수서,6,"1,4,31,91,94,101"
350,11:30,3,3,삼성,6,"27,36,57,59,72,102"
350,11:30,4,4,여의도,17,"6,8,10,24,49,51,61,62,63,73,77,82,83,87,92,93,103"
350,11:30,5,5,김포공항,3,"14,54,104"
350,11:30,6,6,일산,1,33
350,11:30,7,7,판교,11,"5,9,19,22,56,66,74,76,84,86,96"
350,11:30,9,9,평택,17,"28,34,37,38,39,41,46,47,48,52,53,58,64,68,78,88,98"
351,11:31,1,1,서울역,36,"3,11,13,15,16,17,18,20,21,23,25,26,29,30,32,35,40,42,43,44,45,50,55,60,65,67,70,71,75,80,81,85,90,95,97,100"
351,11:31,10,10,인천공항,2,"89,99"
351,11:31,2,2,수서,6,"1,4,31,91,94,101"
351,11:31,3,3,삼성,6,"27,36,57,59,72,102"
351,11:31,4,4,여의도,17,"6,8,10,24,49,51,61,62,63,73,77,82,83,87,92,93,103"
351,11:31,5,5,김포공항,3,"14,54,104"
351,11:31,6,6,일산,1,33
351,11:31,7,7,판교,11,"5,9,19,22,56,66,74,76,84,86,96"
351,11:31,9,9,평택,17,"28,34,37,38,39,41,46,47,48,52,53,58,64,68,78,88,98"
352,11:32,1,1,서울역,36,"3,11,13,15,16,17,18,20,21,23,25,26,29,30,32,35,40,42,43,44,45,50,55,60,65,67,70,71,75,80,81,85,90,95,97,100"
352,11:32,10,10,인천공항,2,"89,99"
352,11:32,2,2,수서,6,"1,4,31,91,94,101"
352,11:32,3,3,삼성,6,"27,36,57,59,72,102"
352,11:32,4,4,여의도,17,"6,8,10,24,49,51,61,62,63,73,77,82,83,87,92,93,103"
352,11:32,5,5,김포공항,2,"14,104"
352,11:32,6,6,일산,1,33
352,11:32,7,7,판교,11,"5,9,19,22,56,66,74,76,84,86,96"
352,11:32,9,9,평택,17,"28,34,37,38,39,41,46,47,48,52,53,58,64,68,78,88,98"
353,11:33,1,1,서울역,36,"3,11,13,15,16,17,18,20,21,23,25,26,29,30,32,35,40,42,43,44,45,50,55,60,65,67,70,71,75,80,81,85,90,95,97,100"
353,11:33,10,10,인천공항,2,"89,99"
353,11:33,2,2,수서,6,"1,4,31,91,94,101"
353,11:33,3,3,삼성,6,"27,36,57,59,72,102"
353,11:33,4,4,여의도,17,"6,8,10,24,49,51,61,62,63,73,77,82,83,87,92,93,103"
353,11:33,5,5,김포공항,2,"14,104"
353,11:33,6,6,일산,1,33
353,11:33,7,7,판교,11,"5,9,19,22,56,66,74,76,84,86,96"
353,11:33,9,9,평택,17,"28,34,37,38,39,41,46,47,48,52,53,58,64,68,78,88,98"
354,11:34,1,1,서울역,37,"3,11,12,13,15,16,17,18,20,21,23,25,26,29,30,32,35,40,42,43,44,45,50,55,60,65,67,70,71,75,80,81,85,90,95,97,100"
354,11:34,10,10,인천공항,2,"89,99"
354,11:34,2,2,수서,6,"1,4,31,91,94,101"
354,11:34,3,3,삼성,6,"27,36,57,59,72,102"
354,11:34,4,4,여의도,17,"6,8,10,24,49,51,61,62,63,73,77,82,83,87,92,93,103"
354,11:34,5,5,김포공항,2,"14,104"
354,11:34,6,6,일산,1,33
354,11:34,7,7,판교,10,"9,19,22,56,66,74,76,84,86,96"
354,11:34,9,9,평택,17,"28,34,37,38,39,41,46,47,48,52,53,58,64,68,78,88,98"
355,11:35,1,1,서울역,37,"3,11,12,13,15,16,17,18,20,21,23,25,26,29,30,32,35,40,42,43,44,45,50,55,60,65,67,70,71,75,80,81,85,90,95,97,100"
355,11:35,10,10,인천공항,2,"89,99"
355,11:35,2,2,수서,6,"1,4,31,91,94,101"
355,11:35,3,3,삼성,6,"27,36,57,59,72,102"
355,11:35,4,4,여의도,16,"6,8,10,49,51,61,62,63,73,77,82,83,87,92,93,103"
355,11:35,5,5,김포공항,2,"14,104"
355,11:35,6,6,일산,1,33
355,11:35,7,7,판교,10,"9,19,22,56,66,74,76,84,86,96"
355,11:35,9,9,평택,16,"34,37,38,39,41,46,47,48,52,53,58,64,68,78,88,98"
356,11:36,1,1,서울역,37,"3,11,12,13,15,16,17,18,20,21,23,25,26,29,30,32,35,40,42,43,44,45,50,55,60,65,67,70,71,75,80,81,85,90,95,97,100"
356,11:36,10,10,인천공항,2,"89,99"
356,11:36,2,2,수서,6,"1,4,31,91,94,101"
356,11:36,3,3,삼성,6,"27,36,57,59,72,102"
356,11:36,4,4,여의도,15,"6,8,10,51,61,62,63,73,77,82,83,87,92,93,103"
356,11:36,5,5,김포공항,2,"14,104"
356,11:36,6,6,일산,1,33
356,11:36,7,7,판교,11,"0,9,19,22,56,66,74,76,84,86,96"
356,11:36,9,9,평택,16,"34,37,38,39,41,46,47,48,52,53,58,64,68,78,88,98"
357,11:37,1,1,서울역,37,"3,11,12,13,15,16,17,18,20,21,23,25,26,29,30,32,35,40,42,43,44,45,50,55,60,65,67,70,71,75,80,81,85,90,95,97,100"
357,11:37,10,10,인천공항,2,"89,99"
357,11:37,2,2,수서,6,"1,4,31,91,94,101"
357,11:37,3,3,삼성,6,"27,36,57,59,72,102"
357,11:37,4,4,여의도,15,"6,8,10,51,61,62,63,73,77,82,83,87,92,93,103"
357,11:37,5,5,김포공항,2,"14,104"
357,11:37,6,6,일산,1,33
357,11:37,7,7,판교,12,"0,2,9,19,22,56,66,74,76,84,86,96"
357,11:37,9,9,평택,16,"34,37,38,39,41,46,47,48,52,53,58,64,68,78,88,98"
358,11:38,1,1,서울역,37,"3,11,12,13,15,16,17,18,20,21,23,25,26,29,30,32,35,40,42,43,44,45,50,55,60,65,67,70,71,75,80,81,85,90,95,97,100"
358,11:38,10,10,인천공항,2,"89,99"
358,11:38,2,2,수서,6,"1,4,31,91,94,101"
358,11:38,3,3,삼성,6,"27,36,57,59,72,102"
358,11:38,4,4,여의도,15,"6,8,10,51,61,62,63,73,77,82,83,87,92,93,103"
358,11:38,5,5,김포공항,2,"14,104"
358,11:38,6,6,일산,1,33
358,11:38,7,7,판교,12,"0,2,9,19,22,56,66,74,76,84,86,96"
358,11:38,9,9,평택,16,"34,37,38,39,41,46,47,48,52,53,58,64,68,78,88,98"
359,11:39,1,1,서울역,37,"3,11,12,13,15,16,17,18,20,21,23,25,26,29,30,32,35,40,42,43,44,45,50,55,60,65,67,70,71,75,80,81,85,90,95,97,100"
359,11:39,10,10,인천공항,2,"89,99"
359,11:39,2,2,수서,5,"4,31,91,94,101"
359,11:39,3,3,삼성,6,"27,36,57,59,72,102"
359,11:39,4,4,여의도,15,"6,8,10,51,61,62,63,73,77,82,83,87,92,93,103"
359,11:39,5,5,김포공항,2,"14,104"
359,11:39,6,6,일산,1,33
359,11:39,7,7,판교,12,"0,2,9,19,22,56,66,74,76,84,86,96"
359,11:39,9,9,평택,16,"34,37,38,39,41,46,47,48,52,53,58,64,68,78,88,98"
360,11:40,1,1,서울역,36,"11,12,13,15,16,17,18,20,21,23,25,26,29,30,32,35,40,42,43,44,45,50,55,60,65,67,70,71,75,80,81,85,90,95,97,100"
360,11:40,10,10,인천공항,2,"89,99"
360,11:40,2,2,수서,5,"4,31,91,94,101"
360,11:40,3,3,삼성,6,"27,36,57,59,72,102"
360,11:40,4,4,여의도,14,"8,10,51,61,62,63,73,77,82,83,87,92,93,103"
360,11:40,5,5,김포공항,2,"14,104"
360,11:40,6,6,일산,1,33
360,11:40,7,7,판교,12,"0,2,9,19,22,56,66,74,76,84,86,96"
360,11:40,9,9,평택,15,"34,38,39,41,46,47,48,52,53,58,64,68,78,88,98"
361,11:41,1,1,서울역,37,"5,11,12,13,15,16,17,18,20,21,23,25,26,29,30,32,35,40,42,43,44,45,50,55,60,65,67,70,71,75,80,81,85,90,95,97,100"
361,11:41,10,10,인천공항,2,"89,99"
361,11:41,2,2,수서,5,"4,31,91,94,101"
361,11:41,3,3,삼성,6,"27,36,57,59,72,102"
361,11:41,4,4,여의도,13,"10,51,61,62,63,73,77,82,83,87,92,93,103"
361,11:41,5,5,김포공항,2,"14,104"
361,11:41,6,6,일산,1,33
361,11:41,7,7,판교,13,"0,2,7,9,19,22,56,66,74,76,84,86,96"
361,11:41,9,9,평택,15,"34,38,39,41,46,47,48,52,53,58,64,68,78,88,98"
362,11:42,1,1,서울역,37,"5,11,12,13,15,16,17,18,20,21,23,25,26,29,30,32,35,40,42,43,44,45,50,55,60,65,67,70,71,75,80,81,85,90,95,97,100"
362,11:42,10,10,인천공항,2,"89,99"
362,11:42,2,2,수서,4,"31,91,94,101"
362,11:42,3,3,삼성,6,"27,36,57,59,72,102"
362,11:42,4,4,여의도,12,"10,51,61,62,73,77,82,83,87,92,93,103"
362,11:42,5,5,김포공항,2,"14,104"
362,11:42,6,6,일산,1,33
362,11:42,7,7,판교,14,"0,2,7,9,19,22,24,56,66,74,76,84,86,96"
362,11:42,9,9,평택,15,"34,38,39,41,46,47,48,52,53,58,64,68,78,88,98"
363,11:43,1,1,서울역,37,"5,11,12,13,15,16,17,18,20,21,23,25,26,29,30,32,35,40,42,43,44,45,50,55,60,65,67,70,71,75,80,81,85,90,95,97,100"
363,11:43,10,10,인천공항,2,"89,99"
363,11:43,2,2,수서,4,"31,91,94,101"
363,11:43,3,3,삼성,6,"27,36,57,59,72,102"
363,11:43,4,4,여의도,12,"10,51,61,62,73,77,82,83,87,92,93,103"
363,11:43,5,5,김포공항,2,"14,104"
363,11:43,6,6,일산,1,33
363,11:43,7,7,판교,15,"0,2,7,9,19,22,24,49,56,66,74,76,84,86,96"
363,11:43,9,9,평택,15,"34,38,39,41,46,47,48,52,53,58,64,68,78,88,98"
364,11:44,1,1,서울역,37,"5,11,12,13,15,16,17,18,20,21,23,25,26,29,30,32,35,40,42,43,44,45,50,55,60,65,67,70,71,75,80,81,85,90,95,97,100"
364,11:44,10,10,인천공항,2,"89,99"
364,11:44,2,2,수서,4,"31,91,94,101"
364,11:44,3,3,삼성,5,"36,57,59,72,102"
364,11:44,4,4,여의도,12,"10,51,61,62,73,77,82,83,87,92,93,103"
364,11:44,5,5,김포공항,2,"14,104"
364,11:44,7,7,판교,15,"0,2,7,9,19,22,24,49,56,66,74,76,84,86,96"
364,11:44,9,9,평택,15,"34,38,39,41,46,47,48,52,53,58,64,68,78,88,98"
365,11:45,1,1,서울역,37,"5,11,12,13,15,16,17,18,20,21,23,25,26,29,30,32,35,40,42,43,44,45,50,55,60,65,67,70,71,75,80,81,85,90,95,97,100"
365,11:45,10,10,인천공항,3,"79,89,99"
365,11:45,2,2,수서,4,"31,91,94,101"
365,11:45,3,3,삼성,6,"36,57,59,69,72,102"
365,11:45,4,4,여의도,12,"10,51,61,62,73,77,82,83,87,92,93,103"
365,11:45,5,5,김포공항,1,104
365,11:45,7,7,판교,15,"0,2,7,9,19,22,24,49,56,66,74,76,84,86,96"
365,11:45,9,9,평택,15,"34,38,39,41,46,47,48,52,53,58,64,68,78,88,98"
366,11:46,1,1,서울역,38,"1,5,11,12,13,15,16,17,18,20,21,23,25,26,29,30,32,35,40,42,43,44,45,50,55,60,65,67,70,71,75,80,81,85,90,95,97,100"
366,11:46,10,10,인천공항,3,"79,89,99"
366,11:46,2,2,수서,5,"6,31,91,94,101"
366,11:46,3,3,삼성,7,"3,36,57,59,69,72,102"
366,11:46,4,4,여의도,11,"51,61,62,73,77,82,83,87,92,93,103"
366,11:46,5,5,김포공항,1,104
366,11:46,7,7,판교,14,"2,7,9,19,22,24,49,56,66,74,76,84,86,96"
366,11:46,8,8,동탄/용인,1,37
366,11:46,9,9,평택,15,"34,38,39,41,46,47,48,52,53,58,64,68,78,88,98"
367,11:47,1,1,서울역,38,"1,5,11,12,13,15,16,17,18,20,21,23,25,26,29,30,32,35,40,42,43,44,45,50,55,60,65,67,70,71,75,80,81,85,90,95,97,100"
367,11:47,10,10,인천공항,3,"79,89,99"
367,11:47,2,2,수서,6,"6,8,31,91,94,101"
367,11:47,3,3,삼성,7,"3,36,57,59,69,72,102"
367,11:47,4,4,여의도,11,"51,61,62,73,77,82,83,87,92,93,103"
367,11:47,5,5,김포공항,1,104
367,11:47,7,7,판교,14,"2,7,9,19,22,24,49,56,66,74,76,84,86,96"
367,11:47,8,8,동탄/용인,1,37
367,11:47,9,9,평택,15,"34,38,39,41,46,47,48,52,53,58,64,68,78,88,98"
368,11:48,1,1,서울역,38,"1,5,11,12,13,15,16,17,18,20,21,23,25,26,29,30,32,35,40,42,43,44,45,50,55,60,65,67,70,71,75,80,81,85,90,95,97,100"
368,11:48,10,10,인천공항,3,"79,89,99"
368,11:48,2,2,수서,6,"6,8,31,91,94,101"
368,11:48,3,3,삼성,7,"3,36,57,59,69,72,102"
368,11:48,4,4,여의도,11,"51,61,62,73,77,82,83,87,92,93,103"
368,11:48,5,5,김포공항,2,"63,104"
368,11:48,7,7,판교,14,"2,7,9,19,22,24,49,56,66,74,76,84,86,96"
368,11:48,8,8,동탄/용인,1,37
368,11:48,9,9,평택,15,"34,38,39,41,46,47,48,52,53,58,64,68,78,88,98"
369,11:49,1,1,서울역,38,"1,5,11,12,13,15,16,17,18,20,21,23,25,26,29,30,32,35,40,42,43,44,45,50,55,60,65,67,70,71,75,80,81,85,90,95,97,100"
369,11:49,10,10,인천공항,3,"79,89,99"
369,11:49,2,2,수서,6,"6,8,31,91,94,101"
369,11:49,3,3,삼성,7,"3,36,57,59,69,72,102"
369,11:49,4,4,여의도,11,"51,61,62,73,77,82,83,87,92,93,103"
369,11:49,5,5,김포공항,2,"63,104"
369,11:49,7,7,판교,14,"2,7,9,19,22,24,49,56,66,74,76,84,86,96"
369,11:49,9,9,평택,16,"34,38,39,41,46,47,48,52,53,54,58,64,68,78,88,98"
370,11:50,1,1,서울역,38,"1,5,11,12,13,15,16,17,18,20,21,23,25,26,29,30,32,35,40,42,43,44,45,50,55,60,65,67,70,71,75,80,81,85,90,95,97,100"
370,11:50,10,10,인천공항,3,"79,89,99"
370,11:50,2,2,수서,6,"6,8,31,91,94,101"
370,11:50,3,3,삼성,8,"3,28,36,57,59,69,72,102"
370,11:50,4,4,여의도,11,"51,61,62,73,77,82,83,87,92,93,103"
370,11:50,5,5,김포공항,3,"4,63,104"
370,11:50,7,7,판교,14,"2,7,9,19,22,24,49,56,66,74,76,84,86,96"
370,11:50,9,9,평택,16,"34,38,39,41,46,47,48,52,53,54,58,64,68,78,88,98"
371,11:51,1,1,서울역,38,"1,5,11,12,13,15,16,17,18,20,21,23,25,26,29,30,32,35,40,42,43,44,45,50,55,60,65,67,70,71,75,80,81,85,90,95,97,100"
371,11:51,10,10,인천공항,3,"79,89,99"
371,11:51,2,2,수서,6,"6,8,31,91,94,101"
371,11:51,3,3,삼성,8,"3,28,36,57,59,69,72,102"
371,11:51,4,4,여의도,11,"33,51,61,73,77,82,83,87,92,93,103"
371,11:51,5,5,김포공항,1,4
371,11:51,7,7,판교,14,"2,7,9,19,22,24,49,56,66,74,76,84,86,96"
371,11:51,9,9,평택,16,"34,38,39,41,46,47,48,52,53,54,58,64,68,78,88,98"
372,11:52,1,1,서울역,38,"1,5,11,12,13,15,16,17,18,20,21,23,25,26,29,30,32,35,40,42,43,44,45,50,55,60,65,67,70,71,75,80,81,85,90,95,97,100"
372,11:52,10,10,인천공항,3,"79,89,99"
372,11:52,2,2,수서,7,"6,8,10,31,91,94,101"
372,11:52,3,3,삼성,7,"28,36,57,59,69,72,102"
372,11:52,4,4,여의도,11,"33,51,61,73,77,82,83,87,92,93,103"
372,11:52,5,5,김포공항,2,"4,27"
372,11:52,7,7,판교,14,"2,7,9,19,22,24,49,56,66,74,76,84,86,96"
372,11:52,9,9,평택,16,"34,38,39,41,46,47,48,52,53,54,58,64,68,78,88,98"
373,11:53,1,1,서울역,38,"1,5,11,12,13,15,16,17,18,20,21,23,25,26,29,30,32,35,40,42,43,44,45,50,55,60,65,67,70,71,75,80,81,85,90,95,97,100"
373,11:53,10,10,인천공항,3,"79,89,99"
373,11:53,2,2,수서,7,"6,8,10,31,91,94,101"
373,11:53,3,3,삼성,8,"14,28,36,57,59,69,72,102"
373,11:53,4,4,여의도,12,"0,33,51,61,73,77,82,83,87,92,93,103"
373,11:53,5,5,김포공항,2,"4,27"
373,11:53,7,7,판교,14,"2,7,9,19,22,24,49,56,66,74,76,84,86,96"
373,11:53,9,9,평택,16,"34,38,39,41,46,47,48,52,53,54,58,64,68,78,88,98"
374,11:54,1,1,서울역,38,"1,5,11,12,13,15,16,17,18,20,21,23,25,26,29,30,32,35,40,42,43,44,45,50,55,60,65,67,70,71,75,80,81,85,90,95,97,100"
374,11:54,10,10,인천공항,3,"79,89,99"
374,11:54,2,2,수서,7,"6,8,10,31,91,94,101"
374,11:54,3,3,삼성,8,"14,28,36,57,59,69,72,102"
374,11:54,4,4,여의도,11,"0,51,61,73,77,82,83,87,92,93,103"
374,11:54,5,5,김포공항,2,"4,27"
374,11:54,7,7,판교,14,"2,7,9,19,22,24,49,56,66,74,76,84,86,96"
374,11:54,9,9,평택,16,"34,38,39,41,46,47,48,52,53,54,58,64,68,78,88,98"
375,11:55,1,1,서울역,38,"1,5,11,12,13,15,16,17,18,20,21,23,25,26,29,30,32,35,40,42,43,44,45,50,55,60,65,67,70,71,75,80,81,85,90,95,97,100"
375,11:55,10,10,인천공항,3,"79,89,99"
375,11:55,2,2,수서,7,"6,8,10,31,91,94,101"
375,11:55,3,3,삼성,8,"14,28,36,57,59,69,72,102"
375,11:55,4,4,여의도,11,"0,51,61,73,77,82,83,87,92,93,103"
375,11:55,5,5,김포공항,2,"4,27"
375,11:55,7,7,판교,14,"2,7,9,19,22,24,49,56,66,74,76,84,86,96"
375,11:55,9,9,평택,16,"34,38,39,41,46,47,48,52,53,54,58,64,68,78,88,98"
376,11:56,1,1,서울역,38,"1,5,11,12,13,15,16,17,18,20,21,23,25,26,29,30,32,35,40,42,43,44,45,50,55,60,65,67,70,71,75,80,81,85,90,95,97,100"
376,11:56,10,10,인천공항,3,"79,89,99"
376,11:56,2,2,수서,7,"6,8,10,31,91,94,101"
376,11:56,3,3,삼성,8,"14,28,36,57,59,69,72,102"
376,11:56,4,4,여의도,11,"0,51,61,73,77,82,83,87,92,93,103"
376,11:56,5,5,김포공항,2,"4,27"
376,11:56,7,7,판교,13,"7,9,19,22,24,49,56,66,74,76,84,86,96"
376,11:56,9,9,평택,16,"34,38,39,41,46,47,48,52,53,54,58,64,68,78,88,98"
377,11:57,1,1,서울역,38,"1,5,11,12,13,15,16,17,18,20,21,23,25,26,29,30,32,35,40,42,43,44,45,50,55,60,65,67,70,71,75,80,81,85,90,95,97,100"
377,11:57,10,10,인천공항,3,"79,89,99"
377,11:57,2,2,수서,7,"6,8,10,31,91,94,101"
377,11:57,3,3,삼성,8,"14,28,36,57,59,69,72,102"
377,11:57,4,4,여의도,11,"0,51,61,73,77,82,83,87,92,93,103"
377,11:57,5,5,김포공항,2,"4,27"
377,11:57,7,7,판교,13,"7,9,19,22,24,49,56,66,74,76,84,86,96"
377,11:57,9,9,평택,16,"34,38,39,41,46,47,48,52,53,54,58,64,68,78,88,98"
378,11:58,1,1,서울역,38,"1,5,11,12,13,15,16,17,18,20,21,23,25,26,29,30,32,35,40,42,43,44,45,50,55,60,65,67,70,71,75,80,81,85,90,95,97,100"
378,11:58,10,10,인천공항,1,79
378,11:58,2,2,수서,7,"6,8,10,31,91,94,101"
378,11:58,3,3,삼성,8,"14,28,36,57,59,69,72,102"
378,11:58,4,4,여의도,10,"0,51,73,77,82,83,87,92,93,103"
378,11:58,5,5,김포공항,1,27
378,11:58,7,7,판교,13,"7,9,19,22,24,49,56,66,74,76,84,86,96"
378,11:58,9,9,평택,15,"34,39,41,46,47,48,52,53,54,58,64,68,78,88,98"
379,11:59,1,1,서울역,38,"1,5,11,12,13,15,16,17,18,20,21,23,25,26,29,30,32,35,40,42,43,44,45,50,55,60,65,67,70,71,75,80,81,85,90,95,97,100"
379,11:59,10,10,인천공항,1,79
379,11:59,2,2,수서,7,"6,8,10,31,91,94,101"
379,11:59,3,3,삼성,8,"14,28,36,57,59,69,72,102"
379,11:59,4,4,여의도,10,"0,51,73,77,82,83,87,92,93,103"
379,11:59,5,5,김포공항,1,27
379,11:59,7,7,판교,13,"7,9,19,22,24,49,56,66,74,76,84,86,96"
379,11:59,9,9,평택,15,"34,39,41,46,47,48,52,53,54,58,64,68,78,88,98"
380,12:00,1,1,서울역,37,"1,5,12,13,15,16,17,18,20,21,23,25,26,29,30,32,35,40,42,43,44,45,50,55,60,65,67,70,71,75,80,81,85,90,95,97,100"
380,12:00,10,10,인천공항,1,79
380,12:00,2,2,수서,8,"6,8,10,31,33,91,94,101"
380,12:00,3,3,삼성,8,"14,28,36,57,59,69,72,102"
380,12:00,4,4,여의도,11,"0,37,51,73,77,82,83,87,92,93,103"
380,12:00,7,7,판교,13,"7,9,19,22,24,49,56,66,74,76,84,86,96"
380,12:00,9,9,평택,15,"34,39,41,46,47,48,52,53,54,58,64,68,78,88,98"
381,12:01,1,1,서울역,37,"1,5,12,13,15,16,17,18,20,21,23,25,26,29,30,32,35,40,42,43,44,45,50,55,60,65,67,70,71,75,80,81,85,90,95,97,100"
381,12:01,10,10,인천공항,1,79
381,12:01,2,2,수서,8,"6,8,10,31,33,91,94,101"
381,12:01,3,3,삼성,8,"14,28,36,57,59,69,72,102"
381,12:01,4,4,여의도,11,"0,37,51,73,77,82,83,87,92,93,103"
381,12:01,7,7,판교,14,"7,9,19,22,24,49,56,66,74,76,84,86,96,104"
381,12:01,9,9,평택,15,"34,39,41,46,47,48,52,53,54,58,64,68,78,88,98"
382,12:02,1,1,서울역,37,"1,5,12,13,15,16,17,18,20,21,23,25,26,29,30,32,35,40,42,43,44,45,50,55,60,65,67,70,71,75,80,81,85,90,95,97,100"
382,12:02,10,10,인천공항,1,79
382,12:02,2,2,수서,7,"8,10,31,33,91,94,101"
382,12:02,3,3,삼성,8,"14,28,36,57,59,69,72,102"
382,12:02,4,4,여의도,11,"0,37,51,73,77,82,83,87,92,93,103"
382,12:02,7,7,판교,14,"7,9,19,22,24,49,56,66,74,76,84,86,96,104"
382,12:02,8,8,동탄/용인,1,62
382,12:02,9,9,평택,15,"34,39,41,46,47,48,52,53,54,58,64,68,78,88,98"
383,12:03,1,1,서울역,36,"1,12,13,15,16,17,18,20,21,23,25,26,29,30,32,35,40,42,43,44,45,50,55,60,65,67,70,71,75,80,81,85,90,95,97,100"
383,12:03,10,10,인천공항,1,79
383,12:03,2,2,수서,7,"8,10,31,33,91,94,101"
383,12:03,3,3,삼성,8,"14,28,36,57,59,69,72,102"
383,12:03,4,4,여의도,12,"0,2,37,51,73,77,82,83,87,92,93,103"
383,12:03,7,7,판교,14,"7,9,19,22,24,49,56,66,74,76,84,86,96,104"
383,12:03,8,8,동탄/용인,1,62
383,12:03,9,9,평택,15,"34,39,41,46,47,48,52,53,54,58,64,68,78,88,98"
384,12:04,1,1,서울역,36,"1,12,13,15,16,17,18,20,21,23,25,26,29,30,32,35,40,42,43,44,45,50,55,60,65,67,70,71,75,80,81,85,90,95,97,100"
384,12:04,10,10,인천공항,1,79
384,12:04,2,2,수서,6,"10,31,33,91,94,101"
384,12:04,3,3,삼성,8,"14,28,36,57,59,69,72,102"
384,12:04,4,4,여의도,12,"0,2,37,51,73,77,82,83,87,92,93,103"
384,12:04,7,7,판교,14,"7,9,19,22,24,49,56,66,74,76,84,86,96,104"
384,12:04,8,8,동탄/용인,1,62
384,12:04,9,9,평택,15,"34,39,41,46,47,48,52,53,54,58,64,68,78,88,98"
385,12:05,1,1,서울역,36,"1,12,13,15,16,17,18,20,21,23,25,26,29,30,32,35,40,42,43,44,45,50,55,60,65,67,70,71,75,80,81,85,90,95,97,100"
385,12:05,10,10,인천공항,1,79
385,12:05,2,2,수서,6,"10,31,33,91,94,101"
385,12:05,3,3,삼성,8,"14,28,36,57,59,69,72,102"
385,12:05,4,4,여의도,12,"0,2,37,51,73,77,82,83,87,92,93,103"
385,12:05,7,7,판교,15,"7,9,19,22,24,49,56,61,66,74,76,84,86,96,104"
385,12:05,8,8,동탄/용인,2,"62,63"
385,12:05,9,9,평택,15,"34,39,41,46,47,48,52,53,54,58,64,68,78,88,98"
386,12:06,1,1,서울역,36,"1,12,13,15,16,17,18,20,21,23,25,26,29,30,32,35,40,42,43,44,45,50,55,60,65,67,70,71,75,80,81,85,90,95,97,100"
386,12:06,10,10,인천공항,1,79
386,12:06,2,2,수서,6,"10,31,33,91,94,101"
386,12:06,3,3,삼성,8,"14,28,36,57,59,69,72,102"
386,12:06,4,4,여의도,12,"0,2,37,51,73,77,82,83,87,92,93,103"
386,12:06,7,7,판교,15,"7,9,19,22,24,49,56,61,66,74,76,84,86,96,104"
386,12:06,8,8,동탄/용인,2,"62,63"
386,12:06,9,9,평택,14,"39,41,46,47,48,52,53,54,58,64,68,78,88,98"
387,12:07,1,1,서울역,36,"1,12,13,15,16,17,18,20,21,23,25,26,29,30,32,35,40,42,43,44,45,50,55,60,65,67,70,71,75,80,81,85,90,95,97,100"
387,12:07,10,10,인천공항,1,79
387,12:07,2,2,수서,6,"10,31,33,91,94,101"
387,12:07,3,3,삼성,8,"14,28,36,57,59,69,72,102"
387,12:07,4,4,여의도,12,"0,2,37,51,73,77,82,83,87,92,93,103"
387,12:07,6,6,일산,1,11
387,12:07,7,7,판교,15,"7,9,19,22,24,49,56,61,66,74,76,84,86,96,104"
387,12:07,8,8,동탄/용인,2,"62,63"
387,12:07,9,9,평택,15,"3,39,41,46,47,48,52,53,54,58,64,68,78,88,98"
388,12:08,1,1,서울역,36,"1,12,13,15,16,17,18,20,21,23,25,26,29,30,32,35,40,42,43,44,45,50,55,60,65,67,70,71,75,80,81,85,90,95,97,100"
388,12:08,10,10,인천공항,1,79
388,12:08,2,2,수서,6,"10,31,33,91,94,101"
388,12:08,3,3,삼성,8,"14,28,36,57,59,69,72,102"
388,12:08,4,4,여의도,13,"0,2,6,37,51,73,77,82,83,87,92,93,103"
388,12:08,6,6,일산,1,11
388,12:08,7,7,판교,15,"7,9,19,22,24,49,56,61,66,74,76,84,86,96,104"
388,12:08,8,8,동탄/용인,2,"62,63"
388,12:08,9,9,평택,15,"3,39,41,46,47,48,52,53,54,58,64,68,78,88,98"
389,12:09,1,1,서울역,36,"1,12,13,15,16,17,18,20,21,23,25,26,29,30,32,35,40,42,43,44,45,50,55,60,65,67,70,71,75,80,81,85,90,95,97,100"
389,12:09,10,10,인천공항,1,79
389,12:09,2,2,수서,6,"10,31,33,91,94,101"
389,12:09,3,3,삼성,8,"14,28,36,57,59,69,72,102"
389,12:09,4,4,여의도,13,"0,2,6,37,51,73,77,82,83,87,92,93,103"
389,12:09,6,6,일산,1,11
389,12:09,7,7,판교,15,"7,9,19,22,24,49,56,61,66,74,76,84,86,96,104"
389,12:09,8,8,동탄/용인,2,"62,63"
389,12:09,9,9,평택,15,"3,39,41,46,47,48,52,53,54,58,64,68,78,88,98"
390,12:10,1,1,서울역,36,"1,12,13,15,16,17,18,20,21,23,25,26,29,30,32,35,40,42,43,44,45,50,55,60,65,67,70,71,75,80,81,85,90,95,97,100"
390,12:10,10,10,인천공항,2,"27,79"
390,12:10,2,2,수서,6,"10,31,33,91,94,101"
390,12:10,3,3,삼성,8,"14,28,36,57,59,69,72,102"
390,12:10,4,4,여의도,13,"0,2,6,37,51,73,77,82,83,87,92,93,103"
390,12:10,7,7,판교,15,"7,9,19,22,24,49,56,61,66,74,76,84,86,96,104"
390,12:10,8,8,동탄/용인,2,"62,63"
390,12:10,9,9,평택,15,"3,39,41,46,47,48,52,53,54,58,64,68,78,88,98"
391,12:11,1,1,서울역,36,"1,12,13,15,16,17,18,20,21,23,25,26,29,30,32,35,40,42,43,44,45,50,55,60,65,67,70,71,75,80,81,85,90,95,97,100"
391,12:11,10,10,인천공항,2,"27,79"
391,12:11,2,2,수서,6,"10,31,33,91,94,101"
391,12:11,3,3,삼성,8,"14,28,36,57,59,69,72,102"
391,12:11,4,4,여의도,13,"0,2,6,37,51,73,77,82,83,87,92,93,103"
391,12:11,7,7,판교,15,"7,9,19,22,24,49,56,61,66,74,76,84,86,96,104"
391,12:11,8,8,동탄/용인,2,"62,63"
391,12:11,9,9,평택,15,"3,39,41,46,47,48,52,53,54,58,64,68,78,88,98"
392,12:12,1,1,서울역,36,"1,12,13,15,16,17,18,20,21,23,25,26,29,30,32,35,40,42,43,44,45,50,55,60,65,67,70,71,75,80,81,85,90,95,97,100"
392,12:12,10,10,인천공항,2,"27,79"
392,12:12,2,2,수서,6,"10,31,33,91,94,101"
392,12:12,3,3,삼성,8,"14,28,36,57,59,69,72,102"
392,12:12,4,4,여의도,13,"0,2,6,37,51,73,77,82,83,87,92,93,103"
392,12:12,5,5,김포공항,1,8
392,12:12,7,7,판교,15,"7,9,19,22,24,49,56,61,66,74,76,84,86,96,104"
392,12:12,8,8,동탄/용인,2,"62,63"
392,12:12,9,9,평택,15,"3,39,41,46,47,48,52,53,54,58,64,68,78,88,98"
393,12:13,1,1,서울역,36,"1,12,13,15,16,17,18,20,21,23,25,26,29,30,32,35,40,42,43,44,45,50,55,60,65,67,70,71,75,80,81,85,90,95,97,100"
393,12:13,10,10,인천공항,1,79
393,12:13,2,2,수서,6,"10,31,33,91,94,101"
393,12:13,3,3,삼성,9,"14,28,36,57,59,69,72,89,102"
393,12:13,4,4,여의도,13,"0,2,6,37,51,73,77,82,83,87,92,93,103"
393,12:13,5,5,김포공항,1,8
393,12:13,7,7,판교,15,"7,9,19,22,24,49,56,61,66,74,76,84,86,96,104"
393,12:13,8,8,동탄/용인,2,"62,63"
393,12:13,9,9,평택,15,"3,39,41,46,47,48,52,53,54,58,64,68,78,88,98"
394,12:14,1,1,서울역,36,"1,12,13,15,16,17,18,20,21,23,25,26,29,30,32,35,40,42,43,44,45,50,55,60,65,67,70,71,75,80,81,85,90,95,97,100"
394,12:14,10,10,인천공항,1,79
394,12:14,2,2,수서,6,"10,31,33,91,94,101"
394,12:14,3,3,삼성,9,"14,28,36,57,59,69,72,89,102"
394,12:14,4,4,여의도,13,"0,2,6,37,51,73,77,82,83,87,92,93,103"
394,12:14,5,5,김포공항,1,8
394,12:14,7,7,판교,15,"7,9,19,22,24,49,56,61,66,74,76,84,86,96,104"
394,12:14,8,8,동탄/용인,2,"62,63"
394,12:14,9,9,평택,15,"3,39,41,46,47,48,52,53,54,58,64,68,78,88,98"
395,12:15,1,1,서울역,36,"1,12,13,15,16,17,18,20,21,23,25,26,29,30,32,35,40,42,43,44,45,50,55,60,65,67,70,71,75,80,81,85,90,95,97,100"
395,12:15,10,10,인천공항,1,79
395,12:15,2,2,수서,6,"10,31,33,91,94,101"
395,12:15,3,3,삼성,9,"14,28,36,57,59,69,72,89,102"
395,12:15,4,4,여의도,13,"0,2,6,37,51,73,77,82,83,87,92,93,103"
395,12:15,5,5,김포공항,1,8
395,12:15,7,7,판교,15,"7,9,19,22,24,49,56,61,66,74,76,84,86,96,104"
395,12:15,8,8,동탄/용인,3,"5,62,63"
395,12:15,9,9,평택,16,"3,4,39,41,46,47,48,52,53,54,58,64,68,78,88,98"
396,12:16,1,1,서울역,36,"1,12,13,15,16,17,18,20,21,23,25,26,29,30,32,35,40,42,43,44,45,50,55,60,65,67,70,71,75,80,81,85,90,95,97,100"
396,12:16,10,10,인천공항,1,79
396,12:16,2,2,수서,6,"10,31,33,91,94,101"
396,12:16,3,3,삼성,9,"14,28,36,57,59,69,72,89,102"
396,12:16,4,4,여의도,13,"0,2,6,37,51,73,77,82,83,87,92,93,103"
396,12:16,5,5,김포공항,1,8
396,12:16,7,7,판교,15,"7,9,19,22,24,49,56,61,66,74,76,84,86,96,104"
396,12:16,8,8,동탄/용인,3,"5,62,63"
396,12:16,9,9,평택,16,"3,4,39,41,46,47,48,52,53,54,58,64,68,78,88,98"
397,12:17,1,1,서울역,35,"1,12,13,16,17,18,20,21,23,25,26,29,30,32,35,40,42,43,44,45,50,55,60,65,67,70,71,75,80,81,85,90,95,97,100"
397,12:17,10,10,인천공항,2,"38,79"
397,12:17,2,2,수서,6,"10,31,33,91,94,101"
397,12:17,3,3,삼성,9,"14,28,36,57,59,69,72,89,102"
397,12:17,4,4,여의도,13,"0,2,6,37,51,73,77,82,83,87,92,93,103"
397,12:17,5,5,김포공항,1,8
397,12:17,7,7,판교,15,"7,9,19,22,24,49,56,61,66,74,76,84,86,96,104"
397,12:17,8,8,동탄/용인,3,"5,62,63"
397,12:17,9,9,평택,17,"3,4,39,41,46,47,48,52,53,54,58,64,68,78,88,98,99"
398,12:18,1,1,서울역,35,"1,12,13,16,17,18,20,21,23,25,26,29,30,32,35,40,42,43,44,45,50,55,60,65,67,70,71,75,80,81,85,90,95,97,100"
398,12:18,10,10,인천공항,2,"38,79"
398,12:18,2,2,수서,6,"10,31,33,91,94,101"
398,12:18,3,3,삼성,9,"14,28,36,57,59,69,72,89,102"
398,12:18,4,4,여의도,13,"0,2,6,37,51,73,77,82,83,87,92,93,103"
398,12:18,5,5,김포공항,1,8
398,12:18,7,7,판교,15,"7,9,19,22,24,49,56,61,66,74,76,84,86,96,104"
398,12:18,8,8,동탄/용인,3,"5,62,63"
398,12:18,9,9,평택,17,"3,4,39,41,46,47,48,52,53,54,58,64,68,78,88,98,99"
399,12:19,1,1,서울역,35,"1,12,13,16,17,18,20,21,23,25,26,29,30,32,35,40,42,43,44,45,50,55,60,65,67,70,71,75,80,81,85,90,95,97,100"
399,12:19,10,10,인천공항,2,"38,79"
399,12:19,2,2,수서,6,"10,31,33,91,94,101"
399,12:19,3,3,삼성,9,"14,28,36,57,59,69,72,89,102"
399,12:19,4,4,여의도,13,"0,2,6,37,51,73,77,82,83,87,92,93,103"
399,12:19,5,5,김포공항,1,8
399,12:19,7,7,판교,15,"7,9,19,22,24,49,56,61,66,74,76,84,86,96,104"
399,12:19,8,8,동탄/용인,3,"5,62,63"
399,12:19,9,9,평택,17,"3,4,39,41,46,47,48,52,53,54,58,64,68,78,88,98,99"
400,12:20,1,1,서울역,34,"12,13,16,17,18,20,21,23,25,26,29,30,32,35,40,42,43,44,45,50,55,60,65,67,70,71,75,80,81,85,90,95,97,100"
400,12:20,10,10,인천공항,2,"38,79"
400,12:20,2,2,수서,6,"10,31,33,91,94,101"
400,12:20,3,3,삼성,9,"14,28,36,57,59,69,72,89,102"
400,12:20,4,4,여의도,13,"0,2,6,37,51,73,77,82,83,87,92,93,103"
400,12:20,5,5,김포공항,1,8
400,12:20,7,7,판교,15,"7,9,19,22,24,49,56,61,66,74,76,84,86,96,104"
400,12:20,8,8,동탄/용인,3,"5,62,63"
400,12:20,9,9,평택,15,"4,39,41,46,47,48,52,53,54,58,64,68,78,88,98"
401,12:21,1,1,서울역,34,"12,13,16,17,18,20,21,23,25,26,29,30,32,35,40,42,43,44,45,50,55,60,65,67,70,71,75,80,81,85,90,95,97,100"
401,12:21,10,10,인천공항,2,"38,79"
401,12:21,2,2,수서,6,"10,31,33,91,94,101"
401,12:21,3,3,삼성,9,"14,28,36,57,59,69,72,89,102"
401,12:21,4,4,여의도,14,"0,2,6,34,37,51,73,77,82,83,87,92,93,103"
401,12:21,5,5,김포공항,1,8
401,12:21,7,7,판교,15,"7,9,19,22,24,49,56,61,66,74,76,84,86,96,104"
401,12:21,8,8,동탄/용인,3,"5,62,63"
401,12:21,9,9,평택,15,"4,39,41,46,47,48,52,53,54,58,64,68,78,88,98"
402,12:22,1,1,서울역,34,"12,13,16,17,18,20,21,23,25,26,29,30,32,35,40,42,43,44,45,50,55,60,65,67,70,71,75,80,81,85,90,95,97,100"
402,12:22,10,10,인천공항,2,"38,79"
402,12:22,2,2,수서,6,"10,31,33,91,94,101"
402,12:22,3,3,삼성,9,"14,28,36,57,59,69,72,89,102"
402,12:22,4,4,여의도,14,"0,2,6,34,37,51,73,77,82,83,87,92,93,103"
402,12:22,5,5,김포공항,1,8
402,12:22,7,7,판교,16,"7,9,11,19,22,24,49,56,61,66,74,76,84,86,96,104"
402,12:22,8,8,동탄/용인,3,"5,62,63"
402,12:22,9,9,평택,15,"4,39,41,46,47,48,52,53,54,58,64,68,78,88,98"
403,12:23,1,1,서울역,34,"12,13,16,17,18,20,21,23,25,26,29,30,32,35,40,42,43,44,45,50,55,60,65,67,70,71,75,80,81,85,90,95,97,100"
403,12:23,10,10,인천공항,2,"38,79"
403,12:23,2,2,수서,5,"31,33,91,94,101"
403,12:23,3,3,삼성,10,"14,15,28,36,57,59,69,72,89,102"
403,12:23,4,4,여의도,14,"0,2,6,34,37,51,73,77,82,83,87,92,93,103"
403,12:23,5,5,김포공항,1,8
403,12:23,7,7,판교,16,"7,9,11,19,22,24,49,56,61,66,74,76,84,86,96,104"
403,12:23,8,8,동탄/용인,3,"5,62,63"
403,12:23,9,9,평택,15,"4,39,41,46,47,48,52,53,54,58,64,68,78,88,98"
404,12:24,1,1,서울역,34,"12,13,16,17,18,20,21,23,25,26,29,30,32,35,40,42,43,44,45,50,55,60,65,67,70,71,75,80,81,85,90,95,97,100"
404,12:24,10,10,인천공항,2,"38,79"
404,12:24,2,2,수서,5,"31,33,91,94,101"
404,12:24,3,3,삼성,10,"14,15,28,36,57,59,69,72,89,102"
404,12:24,4,4,여의도,14,"0,2,6,34,37,51,73,77,82,83,87,92,93,103"
404,12:24,5,5,김포공항,1,8
404,12:24,7,7,판교,16,"7,9,11,19,22,24,49,56,61,66,74,76,84,86,96,104"
404,12:24,8,8,동탄/용인,3,"5,62,63"
404,12:24,9,9,평택,15,"4,39,41,46,47,48,52,53,54,58,64,68,78,88,98"
405,12:25,1,1,서울역,34,"12,13,16,17,18,20,21,23,25,26,29,30,32,35,40,42,43,44,45,50,55,60,65,67,70,71,75,80,81,85,90,95,97,100"
405,12:25,10,10,인천공항,2,"38,79"
405,12:25,2,2,수서,5,"31,33,91,94,101"
405,12:25,3,3,삼성,10,"14,15,28,36,57,59,69,72,89,102"
405,12:25,4,4,여의도,15,"0,2,6,27,34,37,51,73,77,82,83,87,92,93,103"
405,12:25,5,5,김포공항,1,8
405,12:25,7,7,판교,16,"7,9,11,19,22,24,49,56,61,66,74,76,84,86,96,104"
405,12:25,8,8,동탄/용인,3,"5,62,63"
405,12:25,9,9,평택,15,"4,39,41,46,47,48,52,53,54,58,64,68,78,88,98"
406,12:26,1,1,서울역,34,"12,13,16,17,18,20,21,23,25,26,29,30,32,35,40,42,43,44,45,50,55,60,65,67,70,71,75,80,81,85,90,95,97,100"
406,12:26,10,10,인천공항,2,"38,79"
406,12:26,2,2,수서,5,"31,33,91,94,101"
406,12:26,3,3,삼성,10,"14,15,28,36,57,59,69,72,89,102"
406,12:26,4,4,여의도,15,"0,2,6,27,34,37,51,73,77,82,83,87,92,93,103"
406,12:26,5,5,김포공항,1,8
406,12:26,7,7,판교,16,"7,9,11,19,22,24,49,56,61,66,74,76,84,86,96,104"
406,12:26,8,8,동탄/용인,3,"5,62,63"
406,12:26,9,9,평택,15,"4,39,41,46,47,48,52,53,54,58,64,68,78,88,98"
407,12:27,1,1,서울역,34,"12,13,16,17,18,20,21,23,25,26,29,30,32,35,40,42,43,44,45,50,55,60,65,67,70,71,75,80,81,85,90,95,97,100"
407,12:27,10,10,인천공항,2,"38,79"
407,12:27,2,2,수서,5,"31,33,91,94,101"
407,12:27,3,3,삼성,10,"14,15,28,36,57,59,69,72,89,102"
407,12:27,4,4,여의도,15,"0,2,6,27,34,37,51,73,77,82,83,87,92,93,103"
407,12:27,5,5,김포공항,1,8
407,12:27,6,6,일산,1,1
407,12:27,7,7,판교,16,"7,9,11,19,22,24,49,56,61,66,74,76,84,86,96,104"
407,12:27,8,8,동탄/용인,3,"5,62,63"
407,12:27,9,9,평택,15,"4,39,41,46,47,48,52,53,54,58,64,68,78,88,98"
408,12:28,1,1,서울역,34,"12,13,16,17,18,20,21,23,25,26,29,30,32,35,40,42,43,44,45,50,55,60,65,67,70,71,75,80,81,85,90,95,97,100"
408,12:28,10,10,인천공항,2,"38,79"
408,12:28,2,2,수서,5,"31,33,91,94,101"
408,12:28,3,3,삼성,10,"14,15,28,36,57,59,69,72,89,102"
408,12:28,4,4,여의도,15,"0,2,6,27,34,37,51,73,77,82,83,87,92,93,103"
408,12:28,5,5,김포공항,1,8
408,12:28,6,6,일산,1,1
408,12:28,7,7,판교,16,"7,9,11,19,22,24,49,56,61,66,74,76,84,86,96,104"
408,12:28,8,8,동탄/용인,3,"5,62,63"
408,12:28,9,9,평택,15,"4,39,41,46,47,48,52,53,54,58,64,68,78,88,98"
409,12:29,1,1,서울역,34,"12,13,16,17,18,20,21,23,25,26,29,30,32,35,40,42,43,44,45,50,55,60,65,67,70,71,75,80,81,85,90,95,97,100"
409,12:29,10,10,인천공항,2,"38,79"
409,12:29,2,2,수서,5,"31,33,91,94,101"
409,12:29,3,3,삼성,10,"14,15,28,36,57,59,69,72,89,102"
409,12:29,4,4,여의도,15,"0,2,6,27,34,37,51,73,77,82,83,87,92,93,103"
409,12:29,5,5,김포공항,1,8
409,12:29,6,6,일산,1,1
409,12:29,7,7,판교,16,"7,9,11,19,22,24,49,56,61,66,74,76,84,86,96,104"
409,12:29,8,8,동탄/용인,3,"5,62,63"
409,12:29,9,9,평택,15,"4,39,41,46,47,48,52,53,54,58,64,68,78,88,98"
410,12:30,1,1,서울역,34,"12,13,16,17,18,20,21,23,25,26,29,30,32,35,40,42,43,44,45,50,55,60,65,67,70,71,75,80,81,85,90,95,97,100"
410,12:30,10,10,인천공항,2,"38,79"
410,12:30,2,2,수서,5,"31,33,91,94,101"
410,12:30,3,3,삼성,10,"14,15,28,36,57,59,69,72,89,102"
410,12:30,4,4,여의도,14,"2,6,27,34,37,51,73,77,82,83,87,92,93,103"
410,12:30,5,5,김포공항,1,8
410,12:30,7,7,판교,16,"7,9,11,19,22,24,49,56,61,66,74,76,84,86,96,104"
410,12:30,8,8,동탄/용인,3,"5,62,63"
410,12:30,9,9,평택,15,"4,39,41,46,47,48,52,53,54,58,64,68,78,88,98"
411,12:31,1,1,서울역,34,"12,13,16,17,18,20,21,23,25,26,29,30,32,35,40,42,43,44,45,50,55,60,65,67,70,71,75,80,81,85,90,95,97,100"
411,12:31,10,10,인천공항,2,"38,79"
411,12:31,2,2,수서,5,"31,33,91,94,101"
411,12:31,3,3,삼성,10,"14,15,28,36,57,59,69,72,89,102"
411,12:31,4,4,여의도,14,"2,6,27,34,37,51,73,77,82,83,87,92,93,103"
411,12:31,5,5,김포공항,1,10
411,12:31,7,7,판교,16,"7,9,11,19,22,24,49,56,61,66,74,76,84,86,96,104"
411,12:31,8,8,동탄/용인,3,"5,62,63"
411,12:31,9,9,평택,15,"4,39,41,46,47,48,52,53,54,58,64,68,78,88,98"
412,12:32,1,1,서울역,34,"12,13,16,17,18,20,21,23,25,26,29,30,32,35,40,42,43,44,45,50,55,60,65,67,70,71,75,80,81,85,90,95,97,100"
412,12:32,10,10,인천공항,2,"38,79"
412,12:32,2,2,수서,5,"31,33,91,94,101"
412,12:32,3,3,삼성,10,"14,15,28,36,57,59,69,72,89,102"
412,12:32,4,4,여의도,14,"2,6,27,34,37,51,73,77,82,83,87,92,93,103"
412,12:32,5,5,김포공항,1,10
412,12:32,7,7,판교,15,"9,11,19,22,24,49,56,61,66,74,76,84,86,96,104"
412,12:32,8,8,동탄/용인,3,"5,62,63"
412,12:32,9,9,평택,15,"4,39,41,46,47,48,52,53,54,58,64,68,78,88,98"
413,12:33,1,1,서울역,34,"12,13,16,17,18,20,21,23,25,26,29,30,32,35,40,42,43,44,45,50,55,60,65,67,70,71,75,80,81,85,90,95,97,100"
413,12:33,10,10,인천공항,2,"38,79"
413,12:33,2,2,수서,5,"31,33,91,94,101"
413,12:33,3,3,삼성,10,"14,15,28,36,57,59,69,72,89,102"
413,12:33,4,4,여의도,14,"2,6,27,34,37,51,73,77,82,83,87,92,93,103"
413,12:33,5,5,김포공항,1,10
413,12:33,7,7,판교,15,"9,11,19,22,24,49,56,61,66,74,76,84,86,96,104"
413,12:33,8,8,동탄/용인,3,"5,62,63"
413,12:33,9,9,평택,15,"4,39,41,46,47,48,52,53,54,58,64,68,78,88,98"
414,12:34,1,1,서울역,34,"12,13,16,17,18,20,21,23,25,26,29,30,32,35,40,42,43,44,45,50,55,60,65,67,70,71,75,80,81,85,90,95,97,100"
414,12:34,10,10,인천공항,2,"38,79"
414,12:34,2,2,수서,5,"31,33,91,94,101"
414,12:34,3,3,삼성,10,"14,15,28,36,57,59,69,72,89,102"
414,12:34,4,4,여의도,14,"2,6,27,34,37,51,73,77,82,83,87,92,93,103"
414,12:34,5,5,김포공항,1,10
414,12:34,7,7,판교,15,"9,11,19,22,24,49,56,61,66,74,76,84,86,96,104"
414,12:34,8,8,동탄/용인,3,"5,62,63"
414,12:34,9,9,평택,15,"4,39,41,46,47,48,52,53,54,58,64,68,78,88,98"
415,12:35,1,1,서울역,34,"12,13,16,17,18,20,21,23,25,26,29,30,32,35,40,42,43,44,45,50,55,60,65,67,70,71,75,80,81,85,90,95,97,100"
415,12:35,10,10,인천공항,2,"38,79"
415,12:35,2,2,수서,5,"31,33,91,94,101"
415,12:35,3,3,삼성,10,"14,15,28,36,57,59,69,72,89,102"
415,12:35,4,4,여의도,14,"2,6,27,34,37,51,73,77,82,83,87,92,93,103"
415,12:35,5,5,김포공항,1,10
415,12:35,7,7,판교,14,"9,19,22,24,49,56,61,66,74,76,84,86,96,104"
415,12:35,8,8,동탄/용인,3,"5,62,63"
415,12:35,9,9,평택,15,"4,39,41,46,47,48,52,53,54,58,64,68,78,88,98"
416,12:36,1,1,서울역,34,"12,13,16,17,18,20,21,23,25,26,29,30,32,35,40,42,43,44,45,50,55,60,65,67,70,71,75,80,81,85,90,95,97,100"
416,12:36,10,10,인천공항,2,"38,79"
416,12:36,2,2,수서,6,"0,31,33,91,94,101"
416,12:36,3,3,삼성,10,"14,15,28,36,57,59,69,72,89,102"
416,12:36,4,4,여의도,14,"2,6,27,34,37,51,73,77,82,83,87,92,93,103"
416,12:36,5,5,김포공항,1,10
416,12:36,7,7,판교,14,"9,19,22,24,49,56,61,66,74,76,84,86,96,104"
416,12:36,8,8,동탄/용인,3,"5,62,63"
416,12:36,9,9,평택,15,"4,39,41,46,47,48,52,53,54,58,64,68,78,88,98"
417,12:37,1,1,서울역,35,"1,12,13,16,17,18,20,21,23,25,26,29,30,32,35,40,42,43,44,45,50,55,60,65,67,70,71,75,80,81,85,90,95,97,100"
417,12:37,10,10,인천공항,2,"38,79"
417,12:37,2,2,수서,6,"0,31,33,91,94,101"
417,12:37,3,3,삼성,9,"15,28,36,57,59,69,72,89,102"
417,12:37,4,4,여의도,14,"2,6,27,34,37,51,73,77,82,83,87,92,93,103"
417,12:37,5,5,김포공항,1,10
417,12:37,7,7,판교,14,"9,19,22,24,49,56,61,66,74,76,84,86,96,104"
417,12:37,8,8,동탄/용인,3,"5,62,63"
417,12:37,9,9,평택,15,"4,39,41,46,47,48,52,53,54,58,64,68,78,88,98"
418,12:38,1,1,서울역,35,"1,12,13,16,17,18,20,21,23,25,26,29,30,32,35,40,42,43,44,45,50,55,60,65,67,70,71,75,80,81,85,90,95,97,100"
418,12:38,10,10,인천공항,2,"38,79"
418,12:38,2,2,수서,6,"0,31,33,91,94,101"
418,12:38,3,3,삼성,9,"15,28,36,57,59,69,72,89,102"
418,12:38,4,4,여의도,14,"2,6,27,34,37,51,73,77,82,83,87,92,93,103"
418,12:38,5,5,김포공항,1,10
418,12:38,7,7,판교,14,"9,19,22,24,49,56,61,66,74,76,84,86,96,104"
418,12:38,8,8,동탄/용인,3,"5,62,63"
418,12:38,9,9,평택,15,"4,39,41,46,47,48,52,53,54,58,64,68,78,88,98"
419,12:39,1,1,서울역,35,"1,12,13,16,17,18,20,21,23,25,26,29,30,32,35,40,42,43,44,45,50,55,60,65,67,70,71,75,80,81,85,90,95,97,100"
419,12:39,10,10,인천공항,4,"3,38,79,99"
419,12:39,2,2,수서,7,"0,8,31,33,91,94,101"
419,12:39,3,3,삼성,9,"15,28,36,57,59,69,72,89,102"
419,12:39,4,4,여의도,15,"2,6,7,27,34,37,51,73,77,82,83,87,92,93,103"
419,12:39,5,5,김포공항,1,10
419,12:39,7,7,판교,14,"9,19,22,24,49,56,61,66,74,76,84,86,96,104"
419,12:39,8,8,동탄/용인,3,"5,62,63"
419,12:39,9,9,평택,15,"4,39,41,46,47,48,52,53,54,58,64,68,78,88,98"
420,12:40,1,1,서울역,35,"1,12,13,16,17,18,20,21,23,25,26,29,30,32,35,40,42,43,44,45,50,55,60,65,67,70,71,75,80,81,85,90,95,97,100"
420,12:40,10,10,인천공항,4,"3,38,79,99"
420,12:40,2,2,수서,7,"0,8,31,33,91,94,101"
420,12:40,3,3,삼성,9,"15,28,36,57,59,69,72,89,102"
420,12:40,4,4,여의도,15,"2,6,7,27,34,37,51,73,77,82,83,87,92,93,103"
420,12:40,5,5,김포공항,1,10
420,12:40,7,7,판교,14,"9,19,22,24,49,56,61,66,74,76,84,86,96,104"
420,12:40,8,8,동탄/용인,3,"5,62,63"
420,12:40,9,9,평택,15,"4,39,41,46,47,48,52,53,54,58,64,68,78,88,98"
421,12:41,1,1,서울역,35,"1,12,13,16,17,18,20,21,23,25,26,29,30,32,35,40,42,43,44,45,50,55,60,65,67,70,71,75,80,81,85,90,95,97,100"
421,12:41,10,10,인천공항,4,"3,38,79,99"
421,12:41,2,2,수서,7,"0,8,31,33,91,94,101"
421,12:41,3,3,삼성,9,"15,28,36,57,59,69,72,89,102"
421,12:41,4,4,여의도,15,"2,6,7,27,34,37,51,73,77,82,83,87,92,93,103"
421,12:41,5,5,김포공항,1,10
421,12:41,7,7,판교,14,"9,19,22,24,49,56,61,66,74,76,84,86,96,104"
421,12:41,8,8,동탄/용인,3,"5,62,63"
421,12:41,9,9,평택,15,"4,39,41,46,47,48,52,53,54,58,64,68,78,88,98"
422,12:42,1,1,서울역,35,"1,12,13,16,17,18,20,21,23,25,26,29,30,32,35,40,42,43,44,45,50,55,60,65,67,70,71,75,80,81,85,90,95,97,100"
422,12:42,10,10,인천공항,4,"3,38,79,99"
422,12:42,2,2,수서,7,"0,8,31,33,91,94,101"
422,12:42,3,3,삼성,9,"15,28,36,57,59,69,72,89,102"
422,12:42,4,4,여의도,15,"2,6,7,27,34,37,51,73,77,82,83,87,92,93,103"
422,12:42,5,5,김포공항,1,10
422,12:42,7,7,판교,14,"9,19,22,24,49,56,61,66,74,76,84,86,96,104"
422,12:42,8,8,동탄/용인,3,"5,62,63"
422,12:42,9,9,평택,15,"4,39,41,46,47,48,52,53,54,58,64,68,78,88,98"
423,12:43,1,1,서울역,35,"1,12,13,16,17,18,20,21,23,25,26,29,30,32,35,40,42,43,44,45,50,55,60,65,67,70,71,75,80,81,85,90,95,97,100"
423,12:43,10,10,인천공항,4,"3,38,79,99"
423,12:43,2,2,수서,7,"0,8,31,33,91,94,101"
423,12:43,3,3,삼성,9,"15,28,36,57,59,69,72,89,102"
423,12:43,4,4,여의도,15,"2,6,7,27,34,37,51,73,77,82,83,87,92,93,103"
423,12:43,5,5,김포공항,1,10
423,12:43,7,7,판교,14,"9,19,22,24,49,56,61,66,74,76,84,86,96,104"
423,12:43,8,8,동탄/용인,3,"5,62,63"
423,12:43,9,9,평택,15,"4,39,41,46,47,48,52,53,54,58,64,68,78,88,98"
424,12:44,1,1,서울역,35,"1,12,13,16,17,18,20,21,23,25,26,29,30,32,35,40,42,43,44,45,50,55,60,65,67,70,71,75,80,81,85,90,95,97,100"
424,12:44,10,10,인천공항,4,"3,38,79,99"
424,12:44,2,2,수서,7,"0,8,31,33,91,94,101"
424,12:44,3,3,삼성,9,"15,28,36,57,59,69,72,89,102"
424,12:44,4,4,여의도,15,"2,6,7,27,34,37,51,73,77,82,83,87,92,93,103"
424,12:44,5,5,김포공항,1,10
424,12:44,7,7,판교,14,"9,19,22,24,49,56,61,66,74,76,84,86,96,104"
424,12:44,8,8,동탄/용인,3,"5,62,63"
424,12:44,9,9,평택,15,"4,39,41,46,47,48,52,53,54,58,64,68,78,88,98"
425,12:45,1,1,서울역,35,"1,12,13,16,17,18,20,21,23,25,26,29,30,32,35,40,42,43,44,45,50,55,60,65,67,70,71,75,80,81,85,90,95,97,100"
425,12:45,10,10,인천공항,4,"3,38,79,99"
425,12:45,2,2,수서,5,"31,33,91,94,101"
425,12:45,3,3,삼성,9,"15,28,36,57,59,69,72,89,102"
425,12:45,4,4,여의도,15,"2,6,7,27,34,37,51,73,77,82,83,87,92,93,103"
425,12:45,5,5,김포공항,2,"10,11"
425,12:45,7,7,판교,14,"9,19,22,24,49,56,61,66,74,76,84,86,96,104"
425,12:45,8,8,동탄/용인,3,"5,62,63"
425,12:45,9,9,평택,15,"4,39,41,46,47,48,52,53,54,58,64,68,78,88,98"
426,12:46,1,1,서울역,35,"1,12,13,16,17,18,20,21,23,25,26,29,30,32,35,40,42,43,44,45,50,55,60,65,67,70,71,75,80,81,85,90,95,97,100"
426,12:46,10,10,인천공항,3,"38,79,99"
426,12:46,2,2,수서,5,"31,33,91,94,101"
426,12:46,3,3,삼성,9,"15,28,36,57,59,69,72,89,102"
426,12:46,4,4,여의도,15,"2,6,7,27,34,37,51,73,77,82,83,87,92,93,103"
426,12:46,5,5,김포공항,2,"10,11"
426,12:46,7,7,판교,14,"9,19,22,24,49,56,61,66,74,76,84,86,96,104"
426,12:46,8,8,동탄/용인,3,"5,62,63"
426,12:46,9,9,평택,15,"4,39,41,46,47,48,52,53,54,58,64,68,78,88,98"
427,12:47,1,1,서울역,35,"1,12,13,16,17,18,20,21,23,25,26,29,30,32,35,40,42,43,44,45,50,55,60,65,67,70,71,75,80,81,85,90,95,97,100"
427,12:47,10,10,인천공항,3,"38,79,99"
427,12:47,2,2,수서,5,"31,33,91,94,101"
427,12:47,3,3,삼성,9,"15,28,36,57,59,69,72,89,102"
427,12:47,4,4,여의도,15,"2,6,7,27,34,37,51,73,77,82,83,87,92,93,103"
427,12:47,5,5,김포공항,2,"10,11"
427,12:47,7,7,판교,14,"9,19,22,24,49,56,61,66,74,76,84,86,96,104"
427,12:47,8,8,동탄/용인,3,"5,62,63"
427,12:47,9,9,평택,15,"4,39,41,46,47,48,52,53,54,58,64,68,78,88,98"
428,12:48,1,1,서울역,35,"1,12,13,16,17,18,20,21,23,25,26,29,30,32,35,40,42,43,44,45,50,55,60,65,67,70,71,75,80,81,85,90,95,97,100"
428,12:48,10,10,인천공항,3,"38,79,99"
428,12:48,2,2,수서,5,"31,33,91,94,101"
428,12:48,3,3,삼성,9,"15,28,36,57,59,69,72,89,102"
428,12:48,4,4,여의도,15,"2,6,7,27,34,37,51,73,77,82,83,87,92,93,103"
428,12:48,5,5,김포공항,2,"10,11"
428,12:48,7,7,판교,14,"9,19,22,24,49,56,61,66,74,76,84,86,96,104"
428,12:48,8,8,동탄/용인,3,"5,62,63"
428,12:48,9,9,평택,15,"4,39,41,46,47,48,52,53,54,58,64,68,78,88,98"
429,12:49,1,1,서울역,35,"1,12,13,16,17,18,20,21,23,25,26,29,30,32,35,40,42,43,44,45,50,55,60,65,67,70,71,75,80,81,85,90,95,97,100"
429,12:49,10,10,인천공항,3,"38,79,99"
429,12:49,2,2,수서,5,"31,33,91,94,101"
429,12:49,3,3,삼성,8,"15,36,57,59,69,72,89,102"
429,12:49,4,4,여의도,15,"2,6,7,27,34,37,51,73,77,82,83,87,92,93,103"
429,12:49,5,5,김포공항,2,"10,11"
429,12:49,7,7,판교,13,"19,22,24,49,56,61,66,74,76,84,86,96,104"
429,12:49,8,8,동탄/용인,3,"5,62,63"
429,12:49,9,9,평택,15,"4,39,41,46,47,48,52,53,54,58,64,68,78,88,98"
430,12:50,1,1,서울역,35,"1,12,13,16,17,18,20,21,23,25,26,29,30,32,35,40,42,43,44,45,50,55,60,65,67,70,71,75,80,81,85,90,95,97,100"
430,12:50,10,10,인천공항,3,"38,79,99"
430,12:50,2,2,수서,5,"31,33,91,94,101"
430,12:50,3,3,삼성,8,"15,36,57,59,69,72,89,102"
430,12:50,4,4,여의도,15,"2,6,7,27,34,37,51,73,77,82,83,87,92,93,103"
430,12:50,5,5,김포공항,2,"10,11"
430,12:50,7,7,판교,13,"19,22,24,49,56,61,66,74,76,84,86,96,104"
430,12:50,8,8,동탄/용인,3,"5,62,63"
430,12:50,9,9,평택,15,"4,39,41,46,47,48,52,53,54,58,64,68,78,88,98"
431,12:51,1,1,서울역,35,"1,12,13,16,17,18,20,21,23,25,26,29,30,32,35,40,42,43,44,45,50,55,60,65,67,70,71,75,80,81,85,90,95,97,100"
431,12:51,10,10,인천공항,3,"38,79,99"
431,12:51,2,2,수서,5,"31,33,91,94,101"
431,12:51,3,3,삼성,8,"15,36,57,59,69,72,89,102"
431,12:51,4,4,여의도,15,"2,6,7,27,34,37,51,73,77,82,83,87,92,93,103"
431,12:51,5,5,김포공항,2,"10,11"
431,12:51,7,7,판교,13,"19,22,24,49,56,61,66,74,76,84,86,96,104"
431,12:51,8,8,동탄/용인,3,"5,62,63"
431,12:51,9,9,평택,15,"4,39,41,46,47,48,52,53,54,58,64,68,78,88,98"
432,12:52,1,1,서울역,35,"1,12,13,16,17,18,20,21,23,25,26,29,30,32,35,40,42,43,44,45,50,55,60,65,67,70,71,75,80,81,85,90,95,97,100"
432,12:52,10,10,인천공항,3,"38,79,99"
432,12:52,2,2,수서,5,"31,33,91,94,101"
432,12:52,3,3,삼성,8,"15,36,57,59,69,72,89,102"
432,12:52,4,4,여의도,15,"2,6,7,27,34,37,51,73,77,82,83,87,92,93,103"
432,12:52,5,5,김포공항,2,"10,11"
432,12:52,7,7,판교,13,"19,22,24,49,56,61,66,74,76,84,86,96,104"
432,12:52,8,8,동탄/용인,3,"5,62,63"
432,12:52,9,9,평택,16,"4,14,39,41,46,47,48,52,53,54,58,64,68,78,88,98"
433,12:53,1,1,서울역,35,"1,12,13,16,17,18,20,21,23,25,26,29,30,32,35,40,42,43,44,45,50,55,60,65,67,70,71,75,80,81,85,90,95,97,100"
433,12:53,10,10,인천공항,3,"38,79,99"
433,12:53,2,2,수서,5,"31,33,91,94,101"
433,12:53,3,3,삼성,8,"15,36,57,59,69,72,89,102"
433,12:53,4,4,여의도,15,"2,6,7,27,34,37,51,73,77,82,83,87,92,93,103"
433,12:53,5,5,김포공항,3,"0,10,11"
433,12:53,7,7,판교,13,"19,22,24,49,56,61,66,74,76,84,86,96,104"
433,12:53,8,8,동탄/용인,3,"5,62,63"
433,12:53,9,9,평택,16,"4,14,39,41,46,47,48,52,53,54,58,64,68,78,88,98"
434,12:54,1,1,서울역,35,"1,12,13,16,17,18,20,21,23,25,26,29,30,32,35,40,42,43,44,45,50,55,60,65,67,70,71,75,80,81,85,90,95,97,100"
434,12:54,10,10,인천공항,3,"38,79,99"
434,12:54,2,2,수서,5,"31,33,91,94,101"
434,12:54,3,3,삼성,8,"15,36,57,59,69,72,89,102"
434,12:54,4,4,여의도,14,"2,7,27,34,37,51,73,77,82,83,87,92,93,103"
434,12:54,5,5,김포공항,3,"0,10,11"
434,12:54,7,7,판교,13,"19,22,24,49,56,61,66,74,76,84,86,96,104"
434,12:54,8,8,동탄/용인,3,"5,62,63"
434,12:54,9,9,평택,16,"4,14,39,41,46,47,48,52,53,54,58,64,68,78,88,98"
435,12:55,1,1,서울역,35,"1,12,13,16,17,18,20,21,23,25,26,29,30,32,35,40,42,43,44,45,50,55,60,65,67,70,71,75,80,81,85,90,95,97,100"
435,12:55,10,10,인천공항,3,"38,79,99"
435,12:55,2,2,수서,5,"31,33,91,94,101"
435,12:55,3,3,삼성,8,"15,36,57,59,69,72,89,102"
435,12:55,4,4,여의도,14,"2,7,27,34,37,51,73,77,82,83,87,92,93,103"
435,12:55,5,5,김포공항,3,"0,10,11"
435,12:55,7,7,판교,13,"19,22,24,49,56,61,66,74,76,84,86,96,104"
435,12:55,8,8,동탄/용인,3,"5,62,63"
435,12:55,9,9,평택,16,"4,14,39,41,46,47,48,52,53,54,58,64,68,78,88,98"
436,12:56,1,1,서울역,35,"1,12,13,16,17,18,20,21,23,25,26,29,30,32,35,40,42,43,44,45,50,55,60,65,67,70,71,75,80,81,85,90,95,97,100"
436,12:56,10,10,인천공항,3,"38,79,99"
436,12:56,2,2,수서,5,"31,33,91,94,101"
436,12:56,3,3,삼성,8,"15,36,57,59,69,72,89,102"
436,12:56,4,4,여의도,15,"2,7,9,27,34,37,51,73,77,82,83,87,92,93,103"
436,12:56,5,5,김포공항,3,"0,10,11"
436,12:56,6,6,일산,1,8
436,12:56,7,7,판교,12,"19,22,49,56,61,66,74,76,84,86,96,104"
436,12:56,8,8,동탄/용인,3,"5,62,63"
436,12:56,9,9,평택,16,"4,14,39,41,46,47,48,52,53,54,58,64,68,78,88,98"
437,12:57,1,1,서울역,35,"1,12,13,16,17,18,20,21,23,25,26,29,30,32,35,40,42,43,44,45,50,55,60,65,67,70,71,75,80,81,85,90,95,97,100"
437,12:57,10,10,인천공항,3,"38,79,99"
437,12:57,2,2,수서,5,"31,33,91,94,101"
437,12:57,3,3,삼성,8,"15,36,57,59,69,72,89,102"
437,12:57,4,4,여의도,15,"2,7,9,27,34,37,51,73,77,82,83,87,92,93,103"
437,12:57,5,5,김포공항,3,"0,10,11"
437,12:57,6,6,일산,1,8
437,12:57,7,7,판교,11,"22,49,56,61,66,74,76,84,86,96,104"
437,12:57,8,8,동탄/용인,3,"5,62,63"
437,12:57,9,9,평택,16,"4,14,39,41,46,47,48,52,53,54,58,64,68,78,88,98"
438,12:58,1,1,서울역,34,"12,13,16,17,18,20,21,23,25,26,29,30,32,35,40,42,43,44,45,50,55,60,65,67,70,71,75,80,81,85,90,95,97,100"
438,12:58,10,10,인천공항,3,"38,79,99"
438,12:58,2,2,수서,5,"31,33,91,94,101"
438,12:58,3,3,삼성,8,"15,36,57,59,69,72,89,102"
438,12:58,4,4,여의도,16,"2,3,7,9,27,34,37,51,73,77,82,83,87,92,93,103"
438,12:58,5,5,김포공항,3,"0,10,11"
438,12:58,6,6,일산,1,8
438,12:58,7,7,판교,11,"22,49,56,61,66,74,76,84,86,96,104"
438,12:58,8,8,동탄/용인,3,"5,62,63"
438,12:58,9,9,평택,15,"14,39,41,46,47,48,52,53,54,58,64,68,78,88,98"
439,12:59,1,1,서울역,34,"12,13,16,17,18,20,21,23,25,26,29,30,32,35,40,42,43,44,45,50,55,60,65,67,70,71,75,80,81,85,90,95,97,100"
439,12:59,10,10,인천공항,3,"38,79,99"
439,12:59,2,2,수서,5,"31,33,91,94,101"
439,12:59,3,3,삼성,8,"15,36,57,59,69,72,89,102"
439,12:59,4,4,여의도,16,"2,3,7,9,27,34,37,51,73,77,82,83,87,92,93,103"
439,12:59,5,5,김포공항,3,"0,10,11"
439,12:59,6,6,일산,1,8
439,12:59,7,7,판교,11,"22,49,56,61,66,74,76,84,86,96,104"
439,12:59,8,8,동탄/용인,3,"5,62,63"
439,12:59,9,9,평택,14,"39,41,46,47,48,52,53,54,58,64,68,78,88,98"
440,13:00,1,1,서울역,34,"12,13,16,17,18,20,21,23,25,26,29,30,32,35,40,42,43,44,45,50,55,60,65,67,70,71,75,80,81,85,90,95,97,100"
440,13:00,10,10,인천공항,3,"38,79,99"
440,13:00,2,2,수서,5,"31,33,91,94,101"
440,13:00,3,3,삼성,8,"15,36,57,59,69,72,89,102"
440,13:00,4,4,여의도,16,"2,3,7,9,27,34,37,51,73,77,82,83,87,92,93,103"
440,13:00,5,5,김포공항,1,0
440,13:00,6,6,일산,1,8
440,13:00,7,7,판교,10,"49,56,61,66,74,76,84,86,96,104"
440,13:00,8,8,동탄/용인,3,"5,62,63"
440,13:00,9,9,평택,14,"39,41,46,47,48,52,53,54,58,64,68,78,88,98"
441,13:01,1,1,서울역,34,"12,13,16,17,18,20,21,23,25,26,29,30,32,35,40,42,43,44,45,50,55,60,65,67,70,71,75,80,81,85,90,95,97,100"
441,13:01,10,10,인천공항,3,"38,79,99"
441,13:01,2,2,수서,5,"31,33,91,94,101"
441,13:01,3,3,삼성,8,"15,36,57,59,69,72,89,102"
441,13:01,4,4,여의도,16,"2,3,7,9,27,34,37,51,73,77,82,83,87,92,93,103"
441,13:01,5,5,김포공항,1,0
441,13:01,6,6,일산,1,8
441,13:01,7,7,판교,10,"49,56,61,66,74,76,84,86,96,104"
441,13:01,8,8,동탄/용인,3,"5,62,63"
441,13:01,9,9,평택,14,"39,41,46,47,48,52,53,54,58,64,68,78,88,98"
442,13:02,1,1,서울역,34,"12,13,16,17,18,20,21,23,25,26,29,30,32,35,40,42,43,44,45,50,55,60,65,67,70,71,75,80,81,85,90,95,97,100"
442,13:02,10,10,인천공항,3,"38,79,99"
442,13:02,2,2,수서,5,"31,33,91,94,101"
442,13:02,3,3,삼성,7,"36,57,59,69,72,89,102"
442,13:02,4,4,여의도,16,"2,3,7,9,27,34,37,51,73,77,82,83,87,92,93,103"
442,13:02,5,5,김포공항,1,0
442,13:02,6,6,일산,1,8
442,13:02,7,7,판교,10,"49,56,61,66,74,76,84,86,96,104"
442,13:02,8,8,동탄/용인,3,"5,62,63"
442,13:02,9,9,평택,14,"39,41,46,47,48,52,53,54,58,64,68,78,88,98"
443,13:03,1,1,서울역,34,"12,13,16,17,18,20,21,23,25,26,29,30,32,35,40,42,43,44,45,50,55,60,65,67,70,71,75,80,81,85,90,95,97,100"
443,13:03,10,10,인천공항,3,"38,79,99"
443,13:03,2,2,수서,5,"31,33,91,94,101"
443,13:03,3,3,삼성,7,"36,57,59,69,72,89,102"
443,13:03,4,4,여의도,16,"2,3,7,9,27,34,37,51,73,77,82,83,87,92,93,103"
443,13:03,5,5,김포공항,1,0
443,13:03,6,6,일산,1,8
443,13:03,7,7,판교,10,"49,56,61,66,74,76,84,86,96,104"
443,13:03,8,8,동탄/용인,3,"5,62,63"
443,13:03,9,9,평택,14,"39,41,46,47,48,52,53,54,58,64,68,78,88,98"
444,13:04,1,1,서울역,34,"12,13,16,17,18,20,21,23,25,26,29,30,32,35,40,42,43,44,45,50,55,60,65,67,70,71,75,80,81,85,90,95,97,100"
444,13:04,10,10,인천공항,3,"38,79,99"
444,13:04,2,2,수서,5,"31,33,91,94,101"
444,13:04,3,3,삼성,7,"36,57,59,69,72,89,102"
444,13:04,4,4,여의도,17,"2,3,7,9,19,27,34,37,51,73,77,82,83,87,92,93,103"
444,13:04,5,5,김포공항,1,0
444,13:04,6,6,일산,1,8
444,13:04,7,7,판교,10,"49,56,61,66,74,76,84,86,96,104"
444,13:04,8,8,동탄/용인,3,"5,62,63"
444,13:04,9,9,평택,15,"28,39,41,46,47,48,52,53,54,58,64,68,78,88,98"
445,13:05,1,1,서울역,34,"12,13,16,17,18,20,21,23,25,26,29,30,32,35,40,42,43,44,45,50,55,60,65,67,70,71,75,80,81,85,90,95,97,100"
445,13:05,10,10,인천공항,3,"38,79,99"
445,13:05,2,2,수서,5,"31,33,91,94,101"
445,13:05,3,3,삼성,7,"36,57,59,69,72,89,102"
445,13:05,4,4,여의도,17,"2,3,7,9,19,27,34,37,51,73,77,82,83,87,92,93,103"
445,13:05,5,5,김포공항,1,0
445,13:05,6,6,일산,1,8
445,13:05,7,7,판교,10,"49,56,61,66,74,76,84,86,96,104"
445,13:05,8,8,동탄/용인,4,"5,6,62,63"
445,13:05,9,9,평택,15,"28,39,41,46,47,48,52,53,54,58,64,68,78,88,98"
446,13:06,1,1,서울역,34,"12,13,16,17,18,20,21,23,25,26,29,30,32,35,40,42,43,44,45,50,55,60,65,67,70,71,75,80,81,85,90,95,97,100"
446,13:06,10,10,인천공항,3,"38,79,99"
446,13:06,2,2,수서,5,"31,33,91,94,101"
446,13:06,3,3,삼성,7,"36,57,59,69,72,89,102"
446,13:06,4,4,여의도,17,"2,3,7,9,19,27,34,37,51,73,77,82,83,87,92,93,103"
446,13:06,5,5,김포공항,2,"0,24"
446,13:06,6,6,일산,1,8
446,13:06,7,7,판교,10,"49,56,61,66,74,76,84,86,96,104"
446,13:06,8,8,동탄/용인,4,"5,6,62,63"
446,13:06,9,9,평택,15,"28,39,41,46,47,48,52,53,54,58,64,68,78,88,98"
447,13:07,1,1,서울역,34,"12,13,16,17,18,20,21,23,25,26,29,30,32,35,40,42,43,44,45,50,55,60,65,67,70,71,75,80,81,85,90,95,97,100"
447,13:07,10,10,인천공항,3,"38,79,99"
447,13:07,2,2,수서,5,"31,33,91,94,101"
447,13:07,3,3,삼성,7,"36,57,59,69,72,89,102"
447,13:07,4,4,여의도,18,"2,3,7,9,19,22,27,34,37,51,73,77,82,83,87,92,93,103"
447,13:07,5,5,김포공항,1,24
447,13:07,6,6,일산,1,8
447,13:07,7,7,판교,10,"49,56,61,66,74,76,84,86,96,104"
447,13:07,8,8,동탄/용인,4,"5,6,62,63"
447,13:07,9,9,평택,15,"28,39,41,46,47,48,52,53,54,58,64,68,78,88,98"
448,13:08,1,1,서울역,34,"12,13,16,17,18,20,21,23,25,26,29,30,32,35,40,42,43,44,45,50,55,60,65,67,70,71,75,80,81,85,90,95,97,100"
448,13:08,10,10,인천공항,3,"38,79,99"
448,13:08,2,2,수서,5,"31,33,91,94,101"
448,13:08,3,3,삼성,7,"36,57,59,69,72,89,102"
448,13:08,4,4,여의도,17,"3,7,9,19,22,27,34,37,51,73,77,82,83,87,92,93,103"
448,13:08,5,5,김포공항,1,24
448,13:08,7,7,판교,10,"49,56,61,66,74,76,84,86,96,104"
448,13:08,8,8,동탄/용인,4,"5,6,62,63"
448,13:08,9,9,평택,15,"28,39,41,46,47,48,52,53,54,58,64,68,78,88,98"
449,13:09,1,1,서울역,34,"12,13,16,17,18,20,21,23,25,26,29,30,32,35,40,42,43,44,45,50,55,60,65,67,70,71,75,80,81,85,90,95,97,100"
449,13:09,10,10,인천공항,3,"38,79,99"
449,13:09,2,2,수서,5,"31,33,91,94,101"
449,13:09,3,3,삼성,7,"36,57,59,69,72,89,102"
449,13:09,4,4,여의도,17,"3,7,9,19,22,27,34,37,51,73,77,82,83,87,92,93,103"
449,13:09,5,5,김포공항,1,24
449,13:09,7,7,판교,10,"49,56,61,66,74,76,84,86,96,104"
449,13:09,8,8,동탄/용인,4,"5,6,62,63"
449,13:09,9,9,평택,15,"28,39,41,46,47,48,52,53,54,58,64,68,78,88,98"
450,13:10,1,1,서울역,34,"12,13,16,17,18,20,21,23,25,26,29,30,32,35,40,42,43,44,45,50,55,60,65,67,70,71,75,80,81,85,90,95,97,100"
450,13:10,10,10,인천공항,5,"10,11,38,79,99"
450,13:10,2,2,수서,5,"31,33,91,94,101"
450,13:10,3,3,삼성,7,"36,57,59,69,72,89,102"
450,13:10,4,4,여의도,17,"3,7,9,19,22,27,34,37,51,73,77,82,83,87,92,93,103"
450,13:10,5,5,김포공항,2,"15,24"
450,13:10,7,7,판교,10,"49,56,61,66,74,76,84,86,96,104"
450,13:10,8,8,동탄/용인,4,"5,6,62,63"
450,13:10,9,9,평택,15,"28,39,41,46,47,48,52,53,54,58,64,68,78,88,98"
451,13:11,1,1,서울역,34,"12,13,16,17,18,20,21,23,25,26,29,30,32,35,40,42,43,44,45,50,55,60,65,67,70,71,75,80,81,85,90,95,97,100"
451,13:11,10,10,인천공항,6,"1,10,11,38,79,99"
451,13:11,2,2,수서,5,"31,33,91,94,101"
451,13:11,3,3,삼성,7,"36,57,59,69,72,89,102"
451,13:11,4,4,여의도,17,"3,7,9,19,22,27,34,37,51,73,77,82,83,87,92,93,103"
451,13:11,5,5,김포공항,2,"15,24"
451,13:11,7,7,판교,9,"56,61,66,74,76,84,86,96,104"
451,13:11,8,8,동탄/용인,4,"5,6,62,63"
451,13:11,9,9,평택,15,"28,39,41,46,47,48,52,53,54,58,64,68,78,88,98"
452,13:12,1,1,서울역,34,"12,13,16,17,18,20,21,23,25,26,29,30,32,35,40,42,43,44,45,50,55,60,65,67,70,71,75,80,81,85,90,95,97,100"
452,13:12,10,10,인천공항,6,"1,10,11,38,79,99"
452,13:12,2,2,수서,5,"31,33,91,94,101"
452,13:12,3,3,삼성,7,"36,57,59,69,72,89,102"
452,13:12,4,4,여의도,17,"3,7,9,19,22,27,34,37,51,73,77,82,83,87,92,93,103"
452,13:12,5,5,김포공항,2,"15,24"
452,13:12,7,7,판교,9,"56,61,66,74,76,84,86,96,104"
452,13:12,8,8,동탄/용인,4,"5,6,62,63"
452,13:12,9,9,평택,15,"28,39,41,46,47,48,52,53,54,58,64,68,78,88,98"
453,13:13,1,1,서울역,34,"12,13,16,17,18,20,21,23,25,26,29,30,32,35,40,42,43,44,45,50,55,60,65,67,70,71,75,80,81,85,90,95,97,100"
453,13:13,10,10,인천공항,3,"1,79,99"
453,13:13,2,2,수서,5,"31,33,91,94,101"
453,13:13,3,3,삼성,7,"36,57,59,69,72,89,102"
453,13:13,4,4,여의도,18,"3,4,7,9,19,22,27,34,37,51,73,77,82,83,87,92,93,103"
453,13:13,5,5,김포공항,2,"15,24"
453,13:13,7,7,판교,8,"56,66,74,76,84,86,96,104"
453,13:13,8,8,동탄/용인,4,"5,6,62,63"
453,13:13,9,9,평택,15,"28,39,41,46,47,48,52,53,54,58,64,68,78,88,98"
454,13:14,1,1,서울역,34,"12,13,16,17,18,20,21,23,25,26,29,30,32,35,40,42,43,44,45,50,55,60,65,67,70,71,75,80,81,85,90,95,97,100"
454,13:14,10,10,인천공항,3,"1,79,99"
454,13:14,2,2,수서,6,"2,31,33,91,94,101"
454,13:14,3,3,삼성,7,"36,57,59,69,72,89,102"
454,13:14,4,4,여의도,18,"3,4,7,9,19,22,27,34,37,51,73,77,82,83,87,92,93,103"
454,13:14,5,5,김포공항,2,"15,24"
454,13:14,7,7,판교,8,"56,66,74,76,84,86,96,104"
454,13:14,8,8,동탄/용인,4,"5,6,62,63"
454,13:14,9,9,평택,15,"28,39,41,46,47,48,52,53,54,58,64,68,78,88,98"
455,13:15,1,1,서울역,34,"12,13,16,17,18,20,21,23,25,26,29,30,32,35,40,42,43,44,45,50,55,60,65,67,70,71,75,80,81,85,90,95,97,100"
455,13:15,10,10,인천공항,3,"1,79,99"
455,13:15,2,2,수서,6,"2,31,33,91,94,101"
455,13:15,3,3,삼성,8,"0,36,57,59,69,72,89,102"
455,13:15,4,4,여의도,18,"3,4,7,9,19,22,27,34,37,51,73,77,82,83,87,92,93,103"
455,13:15,5,5,김포공항,2,"15,24"
455,13:15,7,7,판교,8,"56,66,74,76,84,86,96,104"
455,13:15,8,8,동탄/용인,4,"5,6,62,63"
455,13:15,9,9,평택,15,"28,39,41,46,47,48,52,53,54,58,64,68,78,88,98"
456,13:16,1,1,서울역,34,"12,13,16,17,18,20,21,23,25,26,29,30,32,35,40,42,43,44,45,50,55,60,65,67,70,71,75,80,81,85,90,95,97,100"
456,13:16,10,10,인천공항,3,"1,79,99"
456,13:16,2,2,수서,6,"2,31,33,91,94,101"
456,13:16,3,3,삼성,8,"0,36,57,59,69,72,89,102"
456,13:16,4,4,여의도,18,"3,4,7,9,19,22,27,34,37,51,73,77,82,83,87,92,93,103"
456,13:16,5,5,김포공항,2,"15,24"
456,13:16,7,7,판교,8,"56,66,74,76,84,86,96,104"
456,13:16,8,8,동탄/용인,4,"5,6,62,63"
456,13:16,9,9,평택,15,"28,39,41,46,47,48,52,53,54,58,64,68,78,88,98"
457,13:17,1,1,서울역,34,"12,13,16,17,18,20,21,23,25,26,29,30,32,35,40,42,43,44,45,50,55,60,65,67,70,71,75,80,81,85,90,95,97,100"
457,13:17,10,10,인천공항,3,"1,79,99"
457,13:17,2,2,수서,6,"2,31,33,91,94,101"
457,13:17,3,3,삼성,8,"0,36,57,59,69,72,89,102"
457,13:17,4,4,여의도,18,"3,4,7,9,19,22,27,34,37,51,73,77,82,83,87,92,93,103"
457,13:17,5,5,김포공항,2,"15,24"
457,13:17,7,7,판교,8,"56,66,74,76,84,86,96,104"
457,13:17,8,8,동탄/용인,4,"5,6,62,63"
457,13:17,9,9,평택,15,"28,39,41,46,47,48,52,53,54,58,64,68,78,88,98"
458,13:18,1,1,서울역,34,"12,13,16,17,18,20,21,23,25,26,29,30,32,35,40,42,43,44,45,50,55,60,65,67,70,71,75,80,81,85,90,95,97,100"
458,13:18,10,10,인천공항,4,"1,14,79,99"
458,13:18,2,2,수서,6,"2,31,33,91,94,101"
458,13:18,3,3,삼성,8,"0,36,57,59,69,72,89,102"
458,13:18,4,4,여의도,18,"3,4,7,9,19,22,27,34,37,51,73,77,82,83,87,92,93,103"
458,13:18,5,5,김포공항,2,"15,24"
458,13:18,7,7,판교,8,"56,66,74,76,84,86,96,104"
458,13:18,8,8,동탄/용인,4,"5,6,62,63"
458,13:18,9,9,평택,15,"28,39,41,46,47,48,52,53,54,58,64,68,78,88,98"
459,13:19,1,1,서울역,34,"12,13,16,17,18,20,21,23,25,26,29,30,32,35,40,42,43,44,45,50,55,60,65,67,70,71,75,80,81,85,90,95,97,100"
459,13:19,10,10,인천공항,4,"1,14,79,99"
459,13:19,2,2,수서,6,"2,31,33,91,94,101"
459,13:19,3,3,삼성,8,"0,36,57,59,69,72,89,102"
459,13:19,4,4,여의도,18,"3,4,7,9,19,22,27,34,37,51,73,77,82,83,87,92,93,103"
459,13:19,5,5,김포공항,2,"15,24"
459,13:19,7,7,판교,8,"56,66,74,76,84,86,96,104"
459,13:19,8,8,동탄/용인,4,"5,6,62,63"
459,13:19,9,9,평택,15,"28,39,41,46,47,48,52,53,54,58,64,68,78,88,98"
460,13:20,1,1,서울역,34,"12,13,16,17,18,20,21,23,25,26,29,30,32,35,40,42,43,44,45,50,55,60,65,67,70,71,75,80,81,85,90,95,97,100"
460,13:20,10,10,인천공항,4,"1,14,79,99"
460,13:20,2,2,수서,6,"2,31,33,91,94,101"
460,13:20,3,3,삼성,8,"0,36,57,59,69,72,89,102"
460,13:20,4,4,여의도,17,"4,7,9,19,22,27,34,37,51,73,77,82,83,87,92,93,103"
460,13:20,5,5,김포공항,2,"15,24"
460,13:20,7,7,판교,8,"8,66,74,76,84,86,96,104"
460,13:20,8,8,동탄/용인,4,"5,6,62,63"
460,13:20,9,9,평택,14,"39,41,46,47,48,52,53,54,58,64,68,78,88,98"
461,13:21,1,1,서울역,33,"13,16,17,18,20,21,23,25,26,29,30,32,35,40,42,43,44,45,50,55,60,65,67,70,71,75,80,81,85,90,95,97,100"
461,13:21,10,10,인천공항,4,"1,14,79,99"
461,13:21,2,2,수서,6,"2,31,33,91,94,101"
461,13:21,3,3,삼성,8,"0,36,57,59,69,72,89,102"
461,13:21,4,4,여의도,17,"4,7,9,19,22,27,34,37,51,73,77,82,83,87,92,93,103"
461,13:21,5,5,김포공항,3,"15,24,49"
461,13:21,7,7,판교,8,"8,66,74,76,84,86,96,104"
461,13:21,8,8,동탄/용인,4,"5,6,62,63"
461,13:21,9,9,평택,14,"39,41,46,47,48,52,53,54,58,64,68,78,88,98"
462,13:22,1,1,서울역,33,"13,16,17,18,20,21,23,25,26,29,30,32,35,40,42,43,44,45,50,55,60,65,67,70,71,75,80,81,85,90,95,97,100"
462,13:22,10,10,인천공항,4,"1,14,79,99"
462,13:22,2,2,수서,6,"2,31,33,91,94,101"
462,13:22,3,3,삼성,8,"0,36,57,59,69,72,89,102"
462,13:22,4,4,여의도,17,"4,7,9,19,22,27,34,37,51,73,77,82,83,87,92,93,103"
462,13:22,5,5,김포공항,3,"15,24,49"
462,13:22,7,7,판교,8,"8,66,74,76,84,86,96,104"
462,13:22,8,8,동탄/용인,4,"5,6,62,63"
462,13:22,9,9,평택,14,"39,41,46,47,48,52,53,54,58,64,68,78,88,98"
463,13:23,1,1,서울역,33,"13,16,17,18,20,21,23,25,26,29,30,32,35,40,42,43,44,45,50,55,60,65,67,70,71,75,80,81,85,90,95,97,100"
463,13:23,10,10,인천공항,4,"1,14,79,99"
463,13:23,2,2,수서,6,"2,31,33,91,94,101"
463,13:23,3,3,삼성,8,"0,36,57,59,69,72,89,102"
463,13:23,4,4,여의도,17,"4,7,9,19,22,27,34,37,51,73,77,82,83,87,92,93,103"
463,13:23,5,5,김포공항,3,"15,24,49"
463,13:23,7,7,판교,8,"8,66,74,76,84,86,96,104"
463,13:23,8,8,동탄/용인,4,"5,6,62,63"
463,13:23,9,9,평택,14,"39,41,46,47,48,52,53,54,58,64,68,78,88,98"
464,13:24,1,1,서울역,33,"13,16,17,18,20,21,23,25,26,29,30,32,35,40,42,43,44,45,50,55,60,65,67,70,71,75,80,81,85,90,95,97,100"
464,13:24,10,10,인천공항,4,"1,14,79,99"
464,13:24,2,2,수서,6,"2,31,33,91,94,101"
464,13:24,3,3,삼성,8,"0,36,57,59,69,72,89,102"
464,13:24,4,4,여의도,17,"4,7,9,19,22,27,34,37,51,73,77,82,83,87,92,93,103"
464,13:24,5,5,김포공항,2,"15,24"
464,13:24,6,6,일산,1,38
464,13:24,7,7,판교,8,"8,66,74,76,84,86,96,104"
464,13:24,8,8,동탄/용인,4,"5,6,62,63"
464,13:24,9,9,평택,14,"39,41,46,47,48,52,53,54,58,64,68,78,88,98"
465,13:25,1,1,서울역,33,"13,16,17,18,20,21,23,25,26,29,30,32,35,40,42,43,44,45,50,55,60,65,67,70,71,75,80,81,85,90,95,97,100"
465,13:25,10,10,인천공항,4,"1,14,79,99"
465,13:25,2,2,수서,6,"2,31,33,91,94,101"
465,13:25,3,3,삼성,8,"0,36,57,59,69,72,89,102"
465,13:25,4,4,여의도,17,"4,7,9,19,22,27,34,37,51,73,77,82,83,87,92,93,103"
465,13:25,5,5,김포공항,2,"15,24"
465,13:25,6,6,일산,1,38
465,13:25,7,7,판교,8,"8,66,74,76,84,86,96,104"
465,13:25,8,8,동탄/용인,4,"5,6,62,63"
465,13:25,9,9,평택,14,"39,41,46,47,48,52,53,54,58,64,68,78,88,98"
466,13:26,1,1,서울역,33,"13,16,17,18,20,21,23,25,26,29,30,32,35,40,42,43,44,45,50,55,60,65,67,70,71,75,80,81,85,90,95,97,100"
466,13:26,10,10,인천공항,4,"1,14,79,99"
466,13:26,2,2,수서,6,"2,31,33,91,94,101"
466,13:26,3,3,삼성,8,"0,36,57,59,69,72,89,102"
466,13:26,4,4,여의도,17,"4,7,9,19,22,27,34,37,51,73,77,82,83,87,92,93,103"
466,13:26,5,5,김포공항,2,"15,24"
466,13:26,6,6,일산,1,38
466,13:26,7,7,판교,8,"8,66,74,76,84,86,96,104"
466,13:26,8,8,동탄/용인,4,"5,6,62,63"
466,13:26,9,9,평택,14,"39,41,46,47,48,52,53,54,58,64,68,78,88,98"
467,13:27,1,1,서울역,33,"13,16,17,18,20,21,23,25,26,29,30,32,35,40,42,43,44,45,50,55,60,65,67,70,71,75,80,81,85,90,95,97,100"
467,13:27,10,10,인천공항,4,"1,14,79,99"
467,13:27,2,2,수서,6,"2,31,33,91,94,101"
467,13:27,3,3,삼성,9,"0,3,36,57,59,69,72,89,102"
467,13:27,4,4,여의도,17,"4,7,9,19,22,27,34,37,51,73,77,82,83,87,92,93,103"
467,13:27,5,5,김포공항,2,"15,24"
467,13:27,6,6,일산,1,38
467,13:27,7,7,판교,8,"8,66,74,76,84,86,96,104"
467,13:27,8,8,동탄/용인,4,"5,6,62,63"
467,13:27,9,9,평택,14,"39,41,46,47,48,52,53,54,58,64,68,78,88,98"
468,13:28,1,1,서울역,33,"13,16,17,18,20,21,23,25,26,29,30,32,35,40,42,43,44,45,50,55,60,65,67,70,71,75,80,81,85,90,95,97,100"
468,13:28,10,10,인천공항,4,"1,14,79,99"
468,13:28,2,2,수서,6,"2,31,33,91,94,101"
468,13:28,3,3,삼성,11,"0,3,10,11,36,57,59,69,72,89,102"
468,13:28,4,4,여의도,17,"4,7,9,19,22,27,34,37,51,73,77,82,83,87,92,93,103"
468,13:28,5,5,김포공항,2,"15,24"
468,13:28,6,6,일산,1,38
468,13:28,7,7,판교,8,"8,66,74,76,84,86,96,104"
468,13:28,8,8,동탄/용인,4,"5,6,62,63"
468,13:28,9,9,평택,14,"39,41,46,47,48,52,53,54,58,64,68,78,88,98"
469,13:29,1,1,서울역,33,"13,16,17,18,20,21,23,25,26,29,30,32,35,40,42,43,44,45,50,55,60,65,67,70,71,75,80,81,85,90,95,97,100"
469,13:29,10,10,인천공항,5,"1,14,61,79,99"
469,13:29,2,2,수서,6,"2,31,33,91,94,101"
469,13:29,3,3,삼성,11,"0,3,10,11,36,57,59,69,72,89,102"
469,13:29,4,4,여의도,17,"4,7,9,19,22,27,34,37,51,73,77,82,83,87,92,93,103"
469,13:29,5,5,김포공항,2,"15,24"
469,13:29,6,6,일산,1,38
469,13:29,7,7,판교,8,"8,66,74,76,84,86,96,104"
469,13:29,8,8,동탄/용인,4,"5,6,62,63"
469,13:29,9,9,평택,14,"39,41,46,47,48,52,53,54,58,64,68,78,88,98"
470,13:30,1,1,서울역,33,"13,16,17,18,20,21,23,25,26,29,30,32,35,40,42,43,44,45,50,55,60,65,67,70,71,75,80,81,85,90,95,97,100"
470,13:30,10,10,인천공항,4,"14,61,79,99"
470,13:30,2,2,수서,6,"2,31,33,91,94,101"
470,13:30,3,3,삼성,11,"0,3,10,11,36,57,59,69,72,89,102"
470,13:30,4,4,여의도,17,"4,7,9,19,22,27,34,37,51,73,77,82,83,87,92,93,103"
470,13:30,5,5,김포공항,2,"15,24"
470,13:30,6,6,일산,1,38
470,13:30,7,7,판교,8,"8,66,74,76,84,86,96,104"
470,13:30,8,8,동탄/용인,4,"5,6,62,63"
470,13:30,9,9,평택,14,"39,41,46,47,48,52,53,54,58,64,68,78,88,98"
471,13:31,1,1,서울역,33,"13,16,17,18,20,21,23,25,26,29,30,32,35,40,42,43,44,45,50,55,60,65,67,70,71,75,80,81,85,90,95,97,100"
471,13:31,10,10,인천공항,4,"14,61,79,99"
471,13:31,2,2,수서,6,"2,31,33,91,94,101"
471,13:31,3,3,삼성,11,"0,3,10,11,36,57,59,69,72,89,102"
471,13:31,4,4,여의도,17,"4,7,9,19,22,27,34,37,51,73,77,82,83,87,92,93,103"
471,13:31,5,5,김포공항,2,"15,24"
471,13:31,6,6,일산,1,38
471,13:31,7,7,판교,8,"8,66,74,76,84,86,96,104"
471,13:31,8,8,동탄/용인,4,"5,6,62,63"
471,13:31,9,9,평택,14,"39,41,46,47,48,52,53,54,58,64,68,78,88,98"
472,13:32,1,1,서울역,33,"13,16,17,18,20,21,23,25,26,29,30,32,35,40,42,43,44,45,50,55,60,65,67,70,71,75,80,81,85,90,95,97,100"
472,13:32,10,10,인천공항,4,"14,61,79,99"
472,13:32,2,2,수서,6,"2,31,33,91,94,101"
472,13:32,3,3,삼성,11,"0,3,10,11,36,57,59,69,72,89,102"
472,13:32,4,4,여의도,17,"4,7,9,19,22,27,34,37,51,73,77,82,83,87,92,93,103"
472,13:32,5,5,김포공항,2,"15,24"
472,13:32,6,6,일산,2,"38,56"
472,13:32,7,7,판교,8,"8,66,74,76,84,86,96,104"
472,13:32,8,8,동탄/용인,4,"5,6,62,63"
472,13:32,9,9,평택,14,"39,41,46,47,48,52,53,54,58,64,68,78,88,98"
473,13:33,1,1,서울역,33,"13,16,17,18,20,21,23,25,26,29,30,32,35,40,42,43,44,45,50,55,60,65,67,70,71,75,80,81,85,90,95,97,100"
473,13:33,10,10,인천공항,4,"14,61,79,99"
473,13:33,2,2,수서,5,"31,33,91,94,101"
473,13:33,3,3,삼성,11,"0,3,10,11,36,57,59,69,72,89,102"
473,13:33,4,4,여의도,17,"4,7,9,19,22,27,34,37,51,73,77,82,83,87,92,93,103"
473,13:33,5,5,김포공항,2,"15,24"
473,13:33,6,6,일산,2,"38,56"
473,13:33,7,7,판교,8,"8,66,74,76,84,86,96,104"
473,13:33,8,8,동탄/용인,4,"5,6,62,63"
473,13:33,9,9,평택,14,"39,41,46,47,48,52,53,54,58,64,68,78,88,98"
474,13:34,1,1,서울역,33,"13,16,17,18,20,21,23,25,26,29,30,32,35,40,42,43,44,45,50,55,60,65,67,70,71,75,80,81,85,90,95,97,100"
474,13:34,10,10,인천공항,6,"12,14,49,61,79,99"
474,13:34,2,2,수서,5,"31,33,91,94,101"
474,13:34,3,3,삼성,11,"0,3,10,11,36,57,59,69,72,89,102"
474,13:34,4,4,여의도,17,"4,7,9,19,22,27,34,37,51,73,77,82,83,87,92,93,103"
474,13:34,5,5,김포공항,2,"15,24"
474,13:34,6,6,일산,2,"38,56"
474,13:34,7,7,판교,8,"8,66,74,76,84,86,96,104"
474,13:34,8,8,동탄/용인,4,"5,6,62,63"
474,13:34,9,9,평택,14,"39,41,46,47,48,52,53,54,58,64,68,78,88,98"
475,13:35,1,1,서울역,33,"13,16,17,18,20,21,23,25,26,29,30,32,35,40,42,43,44,45,50,55,60,65,67,70,71,75,80,81,85,90,95,97,100"
475,13:35,10,10,인천공항,6,"12,14,49,61,79,99"
475,13:35,2,2,수서,5,"31,33,91,94,101"
475,13:35,3,3,삼성,11,"0,3,10,11,36,57,59,69,72,89,102"
475,13:35,4,4,여의도,18,"4,7,9,19,22,27,28,34,37,51,73,77,82,83,87,92,93,103"
475,13:35,5,5,김포공항,2,"15,24"
475,13:35,6,6,일산,2,"38,56"
475,13:35,7,7,판교,8,"8,66,74,76,84,86,96,104"
475,13:35,8,8,동탄/용인,4,"5,6,62,63"
475,13:35,9,9,평택,14,"39,41,46,47,48,52,53,54,58,64,68,78,88,98"
476,13:36,1,1,서울역,33,"13,16,17,18,20,21,23,25,26,29,30,32,35,40,42,43,44,45,50,55,60,65,67,70,71,75,80,81,85,90,95,97,100"
476,13:36,10,10,인천공항,6,"12,14,49,61,79,99"
476,13:36,2,2,수서,5,"31,33,91,94,101"
476,13:36,3,3,삼성,11,"0,3,10,11,36,57,59,69,72,89,102"
476,13:36,4,4,여의도,18,"4,7,9,19,22,27,28,34,37,51,73,77,82,83,87,92,93,103"
476,13:36,5,5,김포공항,1,24
476,13:36,6,6,일산,2,"38,56"
476,13:36,7,7,판교,8,"8,66,74,76,84,86,96,104"
476,13:36,8,8,동탄/용인,4,"5,6,62,63"
476,13:36,9,9,평택,14,"39,41,46,47,48,52,53,54,58,64,68,78,88,98"
477,13:37,1,1,서울역,33,"13,16,17,18,20,21,23,25,26,29,30,32,35,40,42,43,44,45,50,55,60,65,67,70,71,75,80,81,85,90,95,97,100"
477,13:37,10,10,인천공항,6,"12,14,49,61,79,99"
477,13:37,2,2,수서,5,"31,33,91,94,101"
477,13:37,3,3,삼성,11,"0,3,10,11,36,57,59,69,72,89,102"
477,13:37,4,4,여의도,18,"4,7,9,19,22,27,28,34,37,51,73,77,82,83,87,92,93,103"
477,13:37,5,5,김포공항,1,24
477,13:37,6,6,일산,2,"38,56"
477,13:37,7,7,판교,8,"8,66,74,76,84,86,96,104"
477,13:37,8,8,동탄/용인,4,"5,6,62,63"
477,13:37,9,9,평택,14,"39,41,46,47,48,52,53,54,58,64,68,78,88,98"
478,13:38,1,1,서울역,33,"13,16,17,18,20,21,23,25,26,29,30,32,35,40,42,43,44,45,50,55,60,65,67,70,71,75,80,81,85,90,95,97,100"
478,13:38,10,10,인천공항,6,"12,14,49,61,79,99"
478,13:38,2,2,수서,5,"31,33,91,94,101"
478,13:38,3,3,삼성,11,"0,3,10,11,36,57,59,69,72,89,102"
478,13:38,4,4,여의도,18,"4,7,9,19,22,27,28,34,37,51,73,77,82,83,87,92,93,103"
478,13:38,5,5,김포공항,1,24
478,13:38,6,6,일산,2,"38,56"
478,13:38,7,7,판교,8,"8,66,74,76,84,86,96,104"
478,13:38,8,8,동탄/용인,4,"5,6,62,63"
478,13:38,9,9,평택,14,"39,41,46,47,48,52,53,54,58,64,68,78,88,98"
479,13:39,1,1,서울역,33,"13,16,17,18,20,21,23,25,26,29,30,32,35,40,42,43,44,45,50,55,60,65,67,70,71,75,80,81,85,90,95,97,100"
479,13:39,10,10,인천공항,6,"12,14,49,61,79,99"
479,13:39,2,2,수서,5,"31,33,91,94,101"
479,13:39,3,3,삼성,11,"0,3,10,11,36,57,59,69,72,89,102"
479,13:39,4,4,여의도,18,"4,7,9,19,22,27,28,34,37,51,73,77,82,83,87,92,93,103"
479,13:39,5,5,김포공항,1,24
479,13:39,6,6,일산,2,"38,56"
479,13:39,7,7,판교,8,"8,66,74,76,84,86,96,104"
479,13:39,8,8,동탄/용인,4,"5,6,62,63"
479,13:39,9,9,평택,14,"39,41,46,47,48,52,53,54,58,64,68,78,88,98"
480,13:40,1,1,서울역,34,"2,13,16,17,18,20,21,23,25,26,29,30,32,35,40,42,43,44,45,50,55,60,65,67,70,71,75,80,81,85,90,95,97,100"
480,13:40,10,10,인천공항,6,"12,14,49,61,79,99"
480,13:40,2,2,수서,5,"31,33,91,94,101"
480,13:40,3,3,삼성,11,"0,3,10,11,36,57,59,69,72,89,102"
480,13:40,4,4,여의도,18,"4,7,9,19,22,27,28,34,37,51,73,77,82,83,87,92,93,103"
480,13:40,5,5,김포공항,1,24
480,13:40,6,6,일산,2,"38,56"
480,13:40,7,7,판교,8,"8,66,74,76,84,86,96,104"
480,13:40,8,8,동탄/용인,4,"5,6,62,63"
480,13:40,9,9,평택,14,"39,41,46,47,48,52,53,54,58,64,68,78,88,98"
481,13:41,1,1,서울역,34,"2,13,16,17,18,20,21,23,25,26,29,30,32,35,40,42,43,44,45,50,55,60,65,67,70,71,75,80,81,85,90,95,97,100"
481,13:41,10,10,인천공항,6,"12,14,49,61,79,99"
481,13:41,2,2,수서,5,"31,33,91,94,101"
481,13:41,3,3,삼성,11,"0,3,10,11,36,57,59,69,72,89,102"
481,13:41,4,4,여의도,18,"4,7,9,19,22,27,28,34,37,51,73,77,82,83,87,92,93,103"
481,13:41,5,5,김포공항,1,24
481,13:41,6,6,일산,2,"38,56"
481,13:41,7,7,판교,8,"8,66,74,76,84,86,96,104"
481,13:41,8,8,동탄/용인,4,"5,6,62,63"
481,13:41,9,9,평택,14,"39,41,46,47,48,52,53,54,58,64,68,78,88,98"
482,13:42,1,1,서울역,34,"2,13,16,17,18,20,21,23,25,26,29,30,32,35,40,42,43,44,45,50,55,60,65,67,70,71,75,80,81,85,90,95,97,100"
482,13:42,10,10,인천공항,6,"12,14,49,61,79,99"
482,13:42,2,2,수서,5,"31,33,91,94,101"
482,13:42,3,3,삼성,11,"0,3,10,11,36,57,59,69,72,89,102"
482,13:42,4,4,여의도,18,"4,7,9,19,22,27,28,34,37,51,73,77,82,83,87,92,93,103"
482,13:42,5,5,김포공항,1,24
482,13:42,6,6,일산,2,"38,56"
482,13:42,7,7,판교,8,"8,66,74,76,84,86,96,104"
482,13:42,8,8,동탄/용인,4,"5,6,62,63"
482,13:42,9,9,평택,14,"39,41,46,47,48,52,53,54,58,64,68,78,88,98"
483,13:43,1,1,서울역,34,"2,13,16,17,18,20,21,23,25,26,29,30,32,35,40,42,43,44,45,50,55,60,65,67,70,71,75,80,81,85,90,95,97,100"
483,13:43,10,10,인천공항,6,"12,14,49,61,79,99"
483,13:43,2,2,수서,5,"31,33,91,94,101"
483,13:43,3,3,삼성,11,"0,3,10,11,36,57,59,69,72,89,102"
483,13:43,4,4,여의도,18,"4,7,9,19,22,27,28,34,37,51,73,77,82,83,87,92,93,103"
483,13:43,5,5,김포공항,1,24
483,13:43,6,6,일산,2,"38,56"
483,13:43,7,7,판교,8,"8,66,74,76,84,86,96,104"
483,13:43,8,8,동탄/용인,4,"5,6,62,63"
483,13:43,9,9,평택,14,"39,41,46,47,48,52,53,54,58,64,68,78,88,98"
484,13:44,1,1,서울역,34,"2,13,16,17,18,20,21,23,25,26,29,30,32,35,40,42,43,44,45,50,55,60,65,67,70,71,75,80,81,85,90,95,97,100"
484,13:44,10,10,인천공항,6,"12,14,49,61,79,99"
484,13:44,2,2,수서,5,"31,33,91,94,101"
484,13:44,3,3,삼성,11,"0,3,10,11,36,57,59,69,72,89,102"
484,13:44,4,4,여의도,18,"4,7,9,19,22,27,28,34,37,51,73,77,82,83,87,92,93,103"
484,13:44,5,5,김포공항,1,24
484,13:44,6,6,일산,2,"38,56"
484,13:44,7,7,판교,8,"8,66,74,76,84,86,96,104"
484,13:44,8,8,동탄/용인,4,"5,6,62,63"
484,13:44,9,9,평택,14,"39,41,46,47,48,52,53,54,58,64,68,78,88,98"
485,13:45,1,1,서울역,34,"2,13,16,17,18,20,21,23,25,26,29,30,32,35,40,42,43,44,45,50,55,60,65,67,70,71,75,80,81,85,90,95,97,100"
485,13:45,10,10,인천공항,6,"12,14,49,61,79,99"
485,13:45,2,2,수서,5,"31,33,91,94,101"
485,13:45,3,3,삼성,12,"0,1,3,10,11,36,57,59,69,72,89,102"
485,13:45,4,4,여의도,18,"4,7,9,19,22,27,28,34,37,51,73,77,82,83,87,92,93,103"
485,13:45,5,5,김포공항,1,24
485,13:45,6,6,일산,2,"38,56"
485,13:45,7,7,판교,8,"8,66,74,76,84,86,96,104"
485,13:45,8,8,동탄/용인,4,"5,6,62,63"
485,13:45,9,9,평택,14,"39,41,46,47,48,52,53,54,58,64,68,78,88,98"
486,13:46,1,1,서울역,34,"2,13,16,17,18,20,21,23,25,26,29,30,32,35,40,42,43,44,45,50,55,60,65,67,70,71,75,80,81,85,90,95,97,100"
486,13:46,10,10,인천공항,6,"12,14,49,61,79,99"
486,13:46,2,2,수서,5,"31,33,91,94,101"
486,13:46,3,3,삼성,12,"0,1,3,10,11,36,57,59,69,72,89,102"
486,13:46,4,4,여의도,18,"4,7,9,19,22,27,28,34,37,51,73,77,82,83,87,92,93,103"
486,13:46,5,5,김포공항,1,24
486,13:46,6,6,일산,2,"38,56"
486,13:46,7,7,판교,8,"8,66,74,76,84,86,96,104"
486,13:46,8,8,동탄/용인,4,"5,6,62,63"
486,13:46,9,9,평택,14,"39,41,46,47,48,52,53,54,58,64,68,78,88,98"
487,13:47,1,1,서울역,34,"2,13,16,17,18,20,21,23,25,26,29,30,32,35,40,42,43,44,45,50,55,60,65,67,70,71,75,80,81,85,90,95,97,100"
487,13:47,10,10,인천공항,6,"12,14,49,61,79,99"
487,13:47,2,2,수서,5,"31,33,91,94,101"
487,13:47,3,3,삼성,12,"0,1,3,10,11,36,57,59,69,72,89,102"
487,13:47,4,4,여의도,18,"4,7,9,19,22,27,28,34,37,51,73,77,82,83,87,92,93,103"
487,13:47,5,5,김포공항,1,24
487,13:47,6,6,일산,2,"38,56"
487,13:47,7,7,판교,8,"8,66,74,76,84,86,96,104"
487,13:47,8,8,동탄/용인,4,"5,6,62,63"
487,13:47,9,9,평택,14,"39,41,46,47,48,52,53,54,58,64,68,78,88,98"
488,13:48,1,1,서울역,34,"2,13,16,17,18,20,21,23,25,26,29,30,32,35,40,42,43,44,45,50,55,60,65,67,70,71,75,80,81,85,90,95,97,100"
488,13:48,10,10,인천공항,6,"12,14,49,61,79,99"
488,13:48,2,2,수서,5,"31,33,91,94,101"
488,13:48,3,3,삼성,12,"0,1,3,10,11,36,57,59,69,72,89,102"
488,13:48,4,4,여의도,18,"4,7,9,19,22,27,28,34,37,51,73,77,82,83,87,92,93,103"
488,13:48,5,5,김포공항,1,24
488,13:48,6,6,일산,2,"38,56"
488,13:48,7,7,판교,8,"8,66,74,76,84,86,96,104"
488,13:48,8,8,동탄/용인,4,"5,6,62,63"
488,13:48,9,9,평택,14,"39,41,46,47,48,52,53,54,58,64,68,78,88,98"
489,13:49,1,1,서울역,34,"2,13,16,17,18,20,21,23,25,26,29,30,32,35,40,42,43,44,45,50,55,60,65,67,70,71,75,80,81,85,90,95,97,100"
489,13:49,10,10,인천공항,6,"12,14,49,61,79,99"
489,13:49,2,2,수서,5,"31,33,91,94,101"
489,13:49,3,3,삼성,12,"0,1,3,10,11,36,57,59,69,72,89,102"
489,13:49,4,4,여의도,18,"4,7,9,19,22,27,28,34,37,51,73,77,82,83,87,92,93,103"
489,13:49,5,5,김포공항,1,24
489,13:49,6,6,일산,2,"38,56"
489,13:49,7,7,판교,8,"8,66,74,76,84,86,96,104"
489,13:49,8,8,동탄/용인,4,"5,6,62,63"
489,13:49,9,9,평택,14,"39,41,46,47,48,52,53,54,58,64,68,78,88,98"
490,13:50,1,1,서울역,34,"2,13,16,17,18,20,21,23,25,26,29,30,32,35,40,42,43,44,45,50,55,60,65,67,70,71,75,80,81,85,90,95,97,100"
490,13:50,10,10,인천공항,6,"12,14,49,61,79,99"
490,13:50,2,2,수서,5,"31,33,91,94,101"
490,13:50,3,3,삼성,12,"0,1,3,10,11,36,57,59,69,72,89,102"
490,13:50,4,4,여의도,18,"4,7,9,19,22,27,28,34,37,51,73,77,82,83,87,92,93,103"
490,13:50,5,5,김포공항,1,24
490,13:50,6,6,일산,2,"38,56"
490,13:50,7,7,판교,8,"8,66,74,76,84,86,96,104"
490,13:50,8,8,동탄/용인,4,"5,6,62,63"
490,13:50,9,9,평택,14,"39,41,46,47,48,52,53,54,58,64,68,78,88,98"
491,13:51,1,1,서울역,34,"2,13,16,17,18,20,21,23,25,26,29,30,32,35,40,42,43,44,45,50,55,60,65,67,70,71,75,80,81,85,90,95,97,100"
491,13:51,10,10,인천공항,6,"12,14,49,61,79,99"
491,13:51,2,2,수서,5,"31,33,91,94,101"
491,13:51,3,3,삼성,12,"0,1,3,10,11,36,57,59,69,72,89,102"
491,13:51,4,4,여의도,18,"4,7,9,19,22,27,28,34,37,51,73,77,82,83,87,92,93,103"
491,13:51,5,5,김포공항,1,24
491,13:51,6,6,일산,2,"38,56"
491,13:51,7,7,판교,8,"8,66,74,76,84,86,96,104"
491,13:51,8,8,동탄/용인,4,"5,6,62,63"
491,13:51,9,9,평택,14,"39,41,46,47,48,52,53,54,58,64,68,78,88,98"
492,13:52,1,1,서울역,34,"2,13,16,17,18,20,21,23,25,26,29,30,32,35,40,42,43,44,45,50,55,60,65,67,70,71,75,80,81,85,90,95,97,100"
492,13:52,10,10,인천공항,6,"12,14,49,61,79,99"
492,13:52,2,2,수서,5,"31,33,91,94,101"
492,13:52,3,3,삼성,12,"0,1,3,10,11,36,57,59,69,72,89,102"
492,13:52,4,4,여의도,18,"4,7,9,19,22,27,28,34,37,51,73,77,82,83,87,92,93,103"
492,13:52,5,5,김포공항,1,24
492,13:52,6,6,일산,2,"38,56"
492,13:52,7,7,판교,8,"8,66,74,76,84,86,96,104"
492,13:52,8,8,동탄/용인,4,"5,6,62,63"
492,13:52,9,9,평택,14,"39,41,46,47,48,52,53,54,58,64,68,78,88,98"
493,13:53,1,1,서울역,34,"2,13,16,17,18,20,21,23,25,26,29,30,32,35,40,42,43,44,45,50,55,60,65,67,70,71,75,80,81,85,90,95,97,100"
493,13:53,10,10,인천공항,6,"12,14,49,61,79,99"
493,13:53,2,2,수서,5,"31,33,91,94,101"
493,13:53,3,3,삼성,12,"0,1,3,10,11,36,57,59,69,72,89,102"
493,13:53,4,4,여의도,18,"4,7,9,19,22,27,28,34,37,51,73,77,82,83,87,92,93,103"
493,13:53,5,5,김포공항,1,24
493,13:53,6,6,일산,2,"38,56"
493,13:53,7,7,판교,8,"8,66,74,76,84,86,96,104"
493,13:53,8,8,동탄/용인,4,"5,6,62,63"
493,13:53,9,9,평택,15,"15,39,41,46,47,48,52,53,54,58,64,68,78,88,98"
494,13:54,1,1,서울역,34,"2,13,16,17,18,20,21,23,25,26,29,30,32,35,40,42,43,44,45,50,55,60,65,67,70,71,75,80,81,85,90,95,97,100"
494,13:54,10,10,인천공항,6,"12,14,49,61,79,99"
494,13:54,2,2,수서,5,"31,33,91,94,101"
494,13:54,3,3,삼성,12,"0,1,3,10,11,36,57,59,69,72,89,102"
494,13:54,4,4,여의도,18,"4,7,9,19,22,27,28,34,37,51,73,77,82,83,87,92,93,103"
494,13:54,5,5,김포공항,1,24
494,13:54,6,6,일산,2,"38,56"
494,13:54,7,7,판교,8,"8,66,74,76,84,86,96,104"
494,13:54,8,8,동탄/용인,4,"5,6,62,63"
494,13:54,9,9,평택,15,"15,39,41,46,47,48,52,53,54,58,64,68,78,88,98"
495,13:55,1,1,서울역,33,"13,16,17,18,20,21,23,25,26,29,30,32,35,40,42,43,44,45,50,55,60,65,67,70,71,75,80,81,85,90,95,97,100"
495,13:55,10,10,인천공항,6,"12,14,49,61,79,99"
495,13:55,2,2,수서,5,"31,33,91,94,101"
495,13:55,3,3,삼성,12,"0,1,3,10,11,36,57,59,69,72,89,102"
495,13:55,4,4,여의도,18,"4,7,9,19,22,27,28,34,37,51,73,77,82,83,87,92,93,103"
495,13:55,5,5,김포공항,1,24
495,13:55,6,6,일산,2,"38,56"
495,13:55,7,7,판교,7,"66,74,76,84,86,96,104"
495,13:55,8,8,동탄/용인,4,"5,6,62,63"
495,13:55,9,9,평택,15,"15,39,41,46,47,48,52,53,54,58,64,68,78,88,98"
496,13:56,1,1,서울역,33,"13,16,17,18,20,21,23,25,26,29,30,32,35,40,42,43,44,45,50,55,60,65,67,70,71,75,80,81,85,90,95,97,100"
496,13:56,10,10,인천공항,6,"12,14,49,61,79,99"
496,13:56,2,2,수서,5,"31,33,91,94,101"
496,13:56,3,3,삼성,12,"0,1,3,10,11,36,57,59,69,72,89,102"
496,13:56,4,4,여의도,18,"4,7,9,19,22,27,28,34,37,51,73,77,82,83,87,92,93,103"
496,13:56,5,5,김포공항,1,24
496,13:56,6,6,일산,2,"38,56"
496,13:56,7,7,판교,7,"66,74,76,84,86,96,104"
496,13:56,8,8,동탄/용인,4,"5,6,62,63"
496,13:56,9,9,평택,15,"15,39,41,46,47,48,52,53,54,58,64,68,78,88,98"
497,13:57,1,1,서울역,33,"13,16,17,18,20,21,23,25,26,29,30,32,35,40,42,43,44,45,50,55,60,65,67,70,71,75,80,81,85,90,95,97,100"
497,13:57,10,10,인천공항,6,"12,14,49,61,79,99"
497,13:57,2,2,수서,5,"31,33,91,94,101"
497,13:57,3,3,삼성,12,"0,1,3,10,11,36,57,59,69,72,89,102"
497,13:57,4,4,여의도,18,"4,7,9,19,22,27,28,34,37,51,73,77,82,83,87,92,93,103"
497,13:57,5,5,김포공항,1,24
497,13:57,6,6,일산,2,"38,56"
497,13:57,7,7,판교,7,"66,74,76,84,86,96,104"
497,13:57,8,8,동탄/용인,4,"5,6,62,63"
497,13:57,9,9,평택,15,"15,39,41,46,47,48,52,53,54,58,64,68,78,88,98"
498,13:58,1,1,서울역,33,"13,16,17,18,20,21,23,25,26,29,30,32,35,40,42,43,44,45,50,55,60,65,67,70,71,75,80,81,85,90,95,97,100"
498,13:58,10,10,인천공항,5,"12,49,61,79,99"
498,13:58,2,2,수서,5,"31,33,91,94,101"
498,13:58,3,3,삼성,12,"0,1,3,10,11,36,57,59,69,72,89,102"
498,13:58,4,4,여의도,18,"4,7,9,19,22,27,28,34,37,51,73,77,82,83,87,92,93,103"
498,13:58,5,5,김포공항,1,24
498,13:58,6,6,일산,2,"38,56"
498,13:58,7,7,판교,7,"66,74,76,84,86,96,104"
498,13:58,8,8,동탄/용인,4,"5,6,62,63"
498,13:58,9,9,평택,15,"15,39,41,46,47,48,52,53,54,58,64,68,78,88,98"
499,13:59,1,1,서울역,33,"13,16,17,18,20,21,23,25,26,29,30,32,35,40,42,43,44,45,50,55,60,65,67,70,71,75,80,81,85,90,95,97,100"
499,13:59,10,10,인천공항,5,"12,49,61,79,99"
499,13:59,2,2,수서,5,"31,33,91,94,101"
499,13:59,3,3,삼성,12,"0,1,3,10,11,36,57,59,69,72,89,102"
499,13:59,4,4,여의도,18,"4,7,9,19,22,27,28,34,37,51,73,77,82,83,87,92,93,103"
499,13:59,5,5,김포공항,1,24
499,13:59,6,6,일산,2,"38,56"
499,13:59,7,7,판교,7,"66,74,76,84,86,96,104"
499,13:59,8,8,동탄/용인,4,"5,6,62,63"
499,13:59,9,9,평택,15,"15,39,41,46,47,48,52,53,54,58,64,68,78,88,98"
500,14:00,1,1,서울역,33,"13,16,17,18,20,21,23,25,26,29,30,32,35,40,42,43,44,45,50,55,60,65,67,70,71,75,80,81,85,90,95,97,100"
500,14:00,10,10,인천공항,5,"12,49,61,79,99"
500,14:00,2,2,수서,5,"31,33,91,94,101"
500,14:00,3,3,삼성,12,"0,1,3,10,11,36,57,59,69,72,89,102"
500,14:00,4,4,여의도,18,"4,7,9,19,22,27,28,34,37,51,73,77,82,83,87,92,93,103"
500,14:00,5,5,김포공항,1,24
500,14:00,6,6,일산,2,"38,56"
500,14:00,7,7,판교,7,"66,74,76,84,86,96,104"
500,14:00,8,8,동탄/용인,4,"5,6,62,63"
500,14:00,9,9,평택,15,"15,39,41,46,47,48,52,53,54,58,64,68,78,88,98"
501,14:01,1,1,서울역,33,"13,16,17,18,20,21,23,25,26,29,30,32,35,40,42,43,44,45,50,55,60,65,67,70,71,75,80,81,85,90,95,97,100"
501,14:01,10,10,인천공항,5,"12,49,61,79,99"
501,14:01,2,2,수서,5,"31,33,91,94,101"
501,14:01,3,3,삼성,13,"0,1,2,3,10,11,36,57,59,69,72,89,102"
501,14:01,4,4,여의도,18,"4,7,9,19,22,27,28,34,37,51,73,77,82,83,87,92,93,103"
501,14:01,5,5,김포공항,1,24
501,14:01,6,6,일산,2,"38,56"
501,14:01,7,7,판교,7,"66,74,76,84,86,96,104"
501,14:01,8,8,동탄/용인,4,"5,6,62,63"
501,14:01,9,9,평택,15,"15,39,41,46,47,48,52,53,54,58,64,68,78,88,98"
502,14:02,1,1,서울역,34,"8,13,16,17,18,20,21,23,25,26,29,30,32,35,40,42,43,44,45,50,55,60,65,67,70,71,75,80,81,85,90,95,97,100"
502,14:02,10,10,인천공항,5,"12,49,61,79,99"
502,14:02,2,2,수서,5,"31,33,91,94,101"
502,14:02,3,3,삼성,13,"0,1,2,3,10,11,36,57,59,69,72,89,102"
502,14:02,4,4,여의도,18,"4,7,9,19,22,27,28,34,37,51,73,77,82,83,87,92,93,103"
502,14:02,5,5,김포공항,1,24
502,14:02,6,6,일산,2,"38,56"
502,14:02,7,7,판교,7,"66,74,76,84,86,96,104"
502,14:02,8,8,동탄/용인,4,"5,6,62,63"
502,14:02,9,9,평택,15,"15,39,41,46,47,48,52,53,54,58,64,68,78,88,98"
503,14:03,1,1,서울역,34,"8,13,16,17,18,20,21,23,25,26,29,30,32,35,40,42,43,44,45,50,55,60,65,67,70,71,75,80,81,85,90,95,97,100"
503,14:03,10,10,인천공항,5,"12,49,61,79,99"
503,14:03,2,2,수서,5,"31,33,91,94,101"
503,14:03,3,3,삼성,12,"1,2,3,10,11,36,57,59,69,72,89,102"
503,14:03,4,4,여의도,18,"4,7,9,19,22,27,28,34,37,51,73,77,82,83,87,92,93,103"
503,14:03,5,5,김포공항,1,24
503,14:03,6,6,일산,1,56
503,14:03,7,7,판교,7,"66,74,76,84,86,96,104"
503,14:03,8,8,동탄/용인,4,"5,6,62,63"
503,14:03,9,9,평택,15,"15,39,41,46,47,48,52,53,54,58,64,68,78,88,98"
504,14:04,1,1,서울역,34,"8,13,16,17,18,20,21,23,25,26,29,30,32,35,40,42,43,44,45,50,55,60,65,67,70,71,75,80,81,85,90,95,97,100"
504,14:04,10,10,인천공항,5,"12,49,61,79,99"
504,14:04,2,2,수서,5,"31,33,91,94,101"
504,14:04,3,3,삼성,12,"1,2,3,10,11,36,57,59,69,72,89,102"
504,14:04,4,4,여의도,18,"4,7,9,19,22,27,28,34,37,51,73,77,82,83,87,92,93,103"
504,14:04,5,5,김포공항,1,24
504,14:04,6,6,일산,1,56
504,14:04,7,7,판교,6,"74,76,84,86,96,104"
504,14:04,8,8,동탄/용인,4,"5,6,62,63"
504,14:04,9,9,평택,15,"15,39,41,46,47,48,52,53,54,58,64,68,78,88,98"
505,14:05,1,1,서울역,34,"8,13,16,17,18,20,21,23,25,26,29,30,32,35,40,42,43,44,45,50,55,60,65,67,70,71,75,80,81,85,90,95,97,100"
505,14:05,10,10,인천공항,4,"49,61,79,99"
505,14:05,2,2,수서,5,"31,33,91,94,101"
505,14:05,3,3,삼성,12,"1,2,3,10,11,36,57,59,69,72,89,102"
505,14:05,4,4,여의도,18,"4,7,9,19,22,27,28,34,37,51,73,77,82,83,87,92,93,103"
505,14:05,5,5,김포공항,1,24
505,14:05,6,6,일산,1,56
505,14:05,7,7,판교,6,"74,76,84,86,96,104"
505,14:05,8,8,동탄/용인,4,"5,6,62,63"
505,14:05,9,9,평택,15,"15,39,41,46,47,48,52,53,54,58,64,68,78,88,98"
506,14:06,1,1,서울역,34,"8,13,16,17,18,20,21,23,25,26,29,30,32,35,40,42,43,44,45,50,55,60,65,67,70,71,75,80,81,85,90,95,97,100"
506,14:06,10,10,인천공항,4,"49,61,79,99"
506,14:06,2,2,수서,4,"33,91,94,101"
506,14:06,3,3,삼성,12,"1,2,3,10,11,36,57,59,69,72,89,102"
506,14:06,4,4,여의도,18,"4,7,9,19,22,27,28,34,37,51,73,77,82,83,87,92,93,103"
506,14:06,5,5,김포공항,1,24
506,14:06,6,6,일산,1,56
506,14:06,7,7,판교,6,"74,76,84,86,96,104"
506,14:06,8,8,동탄/용인,4,"5,6,62,63"
506,14:06,9,9,평택,14,"39,41,46,47,48,52,53,54,58,64,68,78,88,98"
507,14:07,1,1,서울역,34,"8,13,16,17,18,20,21,23,25,26,29,30,32,35,40,42,43,44,45,50,55,60,65,67,70,71,75,80,81,85,90,95,97,100"
507,14:07,10,10,인천공항,4,"49,61,79,99"
507,14:07,2,2,수서,4,"33,91,94,101"
507,14:07,3,3,삼성,12,"1,2,3,10,11,36,57,59,69,72,89,102"
507,14:07,4,4,여의도,18,"4,7,9,19,22,27,28,34,37,51,73,77,82,83,87,92,93,103"
507,14:07,5,5,김포공항,1,24
507,14:07,6,6,일산,1,56
507,14:07,7,7,판교,6,"74,76,84,86,96,104"
507,14:07,8,8,동탄/용인,4,"5,6,62,63"
507,14:07,9,9,평택,13,"41,46,47,48,52,53,54,58,64,68,78,88,98"
508,14:08,1,1,서울역,33,"13,16,17,18,20,21,23,25,26,29,30,32,35,40,42,43,44,45,50,55,60,65,67,70,71,75,80,81,85,90,95,97,100"
508,14:08,10,10,인천공항,4,"49,61,79,99"
508,14:08,2,2,수서,4,"33,91,94,101"
508,14:08,3,3,삼성,12,"1,2,3,10,11,36,57,59,69,72,89,102"
508,14:08,4,4,여의도,18,"4,7,9,19,22,27,28,34,37,51,73,77,82,83,87,92,93,103"
508,14:08,5,5,김포공항,1,24
508,14:08,6,6,일산,1,56
508,14:08,7,7,판교,6,"74,76,84,86,96,104"
508,14:08,8,8,동탄/용인,4,"5,6,62,63"
508,14:08,9,9,평택,13,"41,46,47,48,52,53,54,58,64,68,78,88,98"
509,14:09,1,1,서울역,33,"13,16,17,18,20,21,23,25,26,29,30,32,35,40,42,43,44,45,50,55,60,65,67,70,71,75,80,81,85,90,95,97,100"
509,14:09,10,10,인천공항,4,"49,61,79,99"
509,14:09,2,2,수서,4,"33,91,94,101"
509,14:09,3,3,삼성,12,"1,2,3,10,11,36,57,59,69,72,89,102"
509,14:09,4,4,여의도,17,"7,9,19,22,27,28,34,37,51,73,77,82,83,87,92,93,103"
509,14:09,5,5,김포공항,1,24
509,14:09,6,6,일산,1,56
509,14:09,7,7,판교,6,"74,76,84,86,96,104"
509,14:09,8,8,동탄/용인,4,"5,6,62,63"
509,14:09,9,9,평택,13,"41,46,47,48,52,53,54,58,64,68,78,88,98"
510,14:10,1,1,서울역,33,"13,16,17,18,20,21,23,25,26,29,30,32,35,40,42,43,44,45,50,55,60,65,67,70,71,75,80,81,85,90,95,97,100"
510,14:10,10,10,인천공항,4,"49,61,79,99"
510,14:10,2,2,수서,4,"33,91,94,101"
510,14:10,3,3,삼성,12,"1,2,3,10,11,36,57,59,69,72,89,102"
510,14:10,4,4,여의도,17,"7,9,19,22,27,28,34,37,51,73,77,82,83,87,92,93,103"
510,14:10,5,5,김포공항,1,24
510,14:10,6,6,일산,1,56
510,14:10,7,7,판교,6,"74,76,84,86,96,104"
510,14:10,8,8,동탄/용인,4,"5,6,62,63"
510,14:10,9,9,평택,13,"41,46,47,48,52,53,54,58,64,68,78,88,98"
511,14:11,1,1,서울역,32,"13,16,18,20,21,23,25,26,29,30,32,35,40,42,43,44,45,50,55,60,65,67,70,71,75,80,81,85,90,95,97,100"
511,14:11,10,10,인천공항,4,"49,61,79,99"
511,14:11,2,2,수서,4,"33,91,94,101"
511,14:11,3,3,삼성,11,"1,3,10,11,36,57,59,69,72,89,102"
511,14:11,4,4,여의도,18,"7,9,19,22,27,28,34,37,51,66,73,77,82,83,87,92,93,103"
511,14:11,5,5,김포공항,2,"0,24"
511,14:11,6,6,일산,1,56
511,14:11,7,7,판교,6,"74,76,84,86,96,104"
511,14:11,8,8,동탄/용인,4,"5,6,62,63"
511,14:11,9,9,평택,13,"41,46,47,48,52,53,54,58,64,68,78,88,98"
512,14:12,1,1,서울역,32,"13,16,18,20,21,23,25,26,29,30,32,35,40,42,43,44,45,50,55,60,65,67,70,71,75,80,81,85,90,95,97,100"
512,14:12,10,10,인천공항,4,"49,61,79,99"
512,14:12,2,2,수서,4,"33,91,94,101"
512,14:12,3,3,삼성,11,"1,3,10,11,36,57,59,69,72,89,102"
512,14:12,4,4,여의도,18,"7,9,19,22,27,28,34,37,51,66,73,77,82,83,87,92,93,103"
512,14:12,5,5,김포공항,2,"0,24"
512,14:12,6,6,일산,1,56
512,14:12,7,7,판교,6,"74,76,84,86,96,104"
512,14:12,8,8,동탄/용인,4,"5,6,62,63"
512,14:12,9,9,평택,13,"41,46,47,48,52,53,54,58,64,68,78,88,98"
513,14:13,1,1,서울역,32,"13,16,18,20,21,23,25,26,29,30,32,35,40,42,43,44,45,50,55,60,65,67,70,71,75,80,81,85,90,95,97,100"
513,14:13,10,10,인천공항,4,"49,61,79,99"
513,14:13,2,2,수서,4,"33,91,94,101"
513,14:13,3,3,삼성,11,"1,3,10,11,36,57,59,69,72,89,102"
513,14:13,4,4,여의도,18,"7,9,19,22,27,28,34,37,51,66,73,77,82,83,87,92,93,103"
513,14:13,5,5,김포공항,2,"0,24"
513,14:13,6,6,일산,1,56
513,14:13,7,7,판교,6,"74,76,84,86,96,104"
513,14:13,8,8,동탄/용인,4,"5,6,62,63"
513,14:13,9,9,평택,13,"41,46,47,48,52,53,54,58,64,68,78,88,98"
514,14:14,1,1,서울역,31,"13,18,20,21,23,25,26,29,30,32,35,40,42,43,44,45,50,55,60,65,67,70,71,75,80,81,85,90,95,97,100"
514,14:14,10,10,인천공항,4,"49,61,79,99"
514,14:14,2,2,수서,4,"33,91,94,101"
514,14:14,3,3,삼성,11,"1,3,10,11,36,57,59,69,72,89,102"
514,14:14,4,4,여의도,18,"7,9,19,22,27,28,34,37,51,66,73,77,82,83,87,92,93,103"
514,14:14,5,5,김포공항,3,"0,24,31"
514,14:14,6,6,일산,1,56
514,14:14,7,7,판교,6,"74,76,84,86,96,104"
514,14:14,8,8,동탄/용인,4,"5,6,62,63"
514,14:14,9,9,평택,13,"41,46,47,48,52,53,54,58,64,68,78,88,98"
515,14:15,1,1,서울역,31,"13,18,20,21,23,25,26,29,30,32,35,40,42,43,44,45,50,55,60,65,67,70,71,75,80,81,85,90,95,97,100"
515,14:15,10,10,인천공항,4,"49,61,79,99"
515,14:15,2,2,수서,4,"33,91,94,101"
515,14:15,3,3,삼성,11,"1,3,10,11,36,57,59,69,72,89,102"
515,14:15,4,4,여의도,18,"7,9,19,22,27,28,34,37,51,66,73,77,82,83,87,92,93,103"
515,14:15,5,5,김포공항,3,"0,24,31"
515,14:15,6,6,일산,1,56
515,14:15,7,7,판교,8,"8,38,74,76,84,86,96,104"
515,14:15,8,8,동탄/용인,4,"5,6,62,63"
515,14:15,9,9,평택,13,"41,46,47,48,52,53,54,58,64,68,78,88,98"
516,14:16,1,1,서울역,31,"13,18,20,21,23,25,26,29,30,32,35,40,42,43,44,45,50,55,60,65,67,70,71,75,80,81,85,90,95,97,100"
516,14:16,10,10,인천공항,4,"49,61,79,99"
516,14:16,2,2,수서,4,"33,91,94,101"
516,14:16,3,3,삼성,11,"1,3,10,11,36,57,59,69,72,89,102"
516,14:16,4,4,여의도,17,"9,19,22,27,28,34,37,51,66,73,77,82,83,87,92,93,103"
516,14:16,5,5,김포공항,3,"0,24,31"
516,14:16,6,6,일산,1,56
516,14:16,7,7,판교,9,"4,8,38,74,76,84,86,96,104"
516,14:16,8,8,동탄/용인,4,"5,6,62,63"
516,14:16,9,9,평택,13,"41,46,47,48,52,53,54,58,64,68,78,88,98"
517,14:17,1,1,서울역,31,"13,18,20,21,23,25,26,29,30,32,35,40,42,43,44,45,50,55,60,65,67,70,71,75,80,81,85,90,95,97,100"
517,14:17,10,10,인천공항,4,"49,61,79,99"
517,14:17,2,2,수서,4,"33,91,94,101"
517,14:17,3,3,삼성,11,"1,3,10,11,36,57,59,69,72,89,102"
517,14:17,4,4,여의도,17,"9,19,22,27,28,34,37,51,66,73,77,82,83,87,92,93,103"
517,14:17,5,5,김포공항,2,"0,24"
517,14:17,6,6,일산,1,56
517,14:17,7,7,판교,9,"4,8,38,74,76,84,86,96,104"
517,14:17,8,8,동탄/용인,4,"5,6,62,63"
517,14:17,9,9,평택,14,"14,41,46,47,48,52,53,54,58,64,68,78,88,98"
518,14:18,1,1,서울역,31,"13,18,20,21,23,25,26,29,30,32,35,40,42,43,44,45,50,55,60,65,67,70,71,75,80,81,85,90,95,97,100"
518,14:18,10,10,인천공항,4,"49,61,79,99"
518,14:18,2,2,수서,4,"33,91,94,101"
518,14:18,3,3,삼성,11,"1,3,10,11,36,57,59,69,72,89,102"
518,14:18,4,4,여의도,17,"9,19,22,27,28,34,37,51,66,73,77,82,83,87,92,93,103"
518,14:18,5,5,김포공항,2,"0,24"
518,14:18,6,6,일산,1,56
518,14:18,7,7,판교,9,"4,8,38,74,76,84,86,96,104"
518,14:18,8,8,동탄/용인,4,"5,6,62,63"
518,14:18,9,9,평택,14,"14,41,46,47,48,52,53,54,58,64,68,78,88,98"
519,14:19,1,1,서울역,31,"13,18,20,21,23,25,26,29,30,32,35,40,42,43,44,45,50,55,60,65,67,70,71,75,80,81,85,90,95,97,100"
519,14:19,10,10,인천공항,4,"49,61,79,99"
519,14:19,2,2,수서,4,"33,91,94,101"
519,14:19,3,3,삼성,11,"1,3,10,11,36,57,59,69,72,89,102"
519,14:19,4,4,여의도,17,"9,19,22,27,28,34,37,51,66,73,77,82,83,87,92,93,103"
519,14:19,5,5,김포공항,2,"0,24"
519,14:19,6,6,일산,1,56
519,14:19,7,7,판교,10,"4,8,38,39,74,76,84,86,96,104"
519,14:19,8,8,동탄/용인,4,"5,6,62,63"
519,14:19,9,9,평택,14,"14,41,46,47,48,52,53,54,58,64,68,78,88,98"
520,14:20,1,1,서울역,31,"13,18,20,21,23,25,26,29,30,32,35,40,42,43,44,45,50,55,60,65,67,70,71,75,80,81,85,90,95,97,100"
520,14:20,10,10,인천공항,4,"49,61,79,99"
520,14:20,2,2,수서,4,"33,91,94,101"
520,14:20,3,3,삼성,12,"1,3,10,11,12,36,57,59,69,72,89,102"
520,14:20,4,4,여의도,17,"9,19,22,27,28,34,37,51,66,73,77,82,83,87,92,93,103"
520,14:20,5,5,김포공항,2,"0,24"
520,14:20,6,6,일산,1,56
520,14:20,7,7,판교,10,"4,8,38,39,74,76,84,86,96,104"
520,14:20,8,8,동탄/용인,4,"5,6,62,63"
520,14:20,9,9,평택,14,"14,41,46,47,48,52,53,54,58,64,68,78,88,98"
521,14:21,1,1,서울역,29,"20,21,23,25,26,29,30,32,35,40,42,43,44,45,50,55,60,65,67,70,71,75,80,81,85,90,95,97,100"
521,14:21,10,10,인천공항,4,"49,61,79,99"
521,14:21,2,2,수서,4,"33,91,94,101"
521,14:21,3,3,삼성,12,"1,3,10,11,12,36,57,59,69,72,89,102"
521,14:21,4,4,여의도,18,"9,15,19,22,27,28,34,37,51,66,73,77,82,83,87,92,93,103"
521,14:21,5,5,김포공항,2,"0,24"
521,14:21,6,6,일산,2,"16,56"
521,14:21,7,7,판교,10,"4,8,38,39,74,76,84,86,96,104"
521,14:21,8,8,동탄/용인,4,"5,6,62,63"
521,14:21,9,9,평택,14,"14,41,46,47,48,52,53,54,58,64,68,78,88,98"
522,14:22,1,1,서울역,29,"20,21,23,25,26,29,30,32,35,40,42,43,44,45,50,55,60,65,67,70,71,75,80,81,85,90,95,97,100"
522,14:22,10,10,인천공항,4,"49,61,79,99"
522,14:22,2,2,수서,5,"7,33,91,94,101"
522,14:22,3,3,삼성,11,"1,10,11,12,36,57,59,69,72,89,102"
522,14:22,4,4,여의도,18,"9,15,19,22,27,28,34,37,51,66,73,77,82,83,87,92,93,103"
522,14:22,5,5,김포공항,2,"0,24"
522,14:22,6,6,일산,2,"16,56"
522,14:22,7,7,판교,9,"4,8,38,74,76,84,86,96,104"
522,14:22,8,8,동탄/용인,4,"5,6,62,63"
522,14:22,9,9,평택,14,"14,41,46,47,48,52,53,54,58,64,68,78,88,98"
523,14:23,1,1,서울역,29,"20,21,23,25,26,29,30,32,35,40,42,43,44,45,50,55,60,65,67,70,71,75,80,81,85,90,95,97,100"
523,14:23,10,10,인천공항,4,"49,61,79,99"
523,14:23,2,2,수서,5,"7,33,91,94,101"
523,14:23,3,3,삼성,11,"1,10,11,12,36,57,59,69,72,89,102"
523,14:23,4,4,여의도,16,"15,22,27,28,34,37,51,66,73,77,82,83,87,92,93,103"
523,14:23,5,5,김포공항,2,"0,24"
523,14:23,6,6,일산,2,"16,56"
523,14:23,7,7,판교,9,"4,8,38,74,76,84,86,96,104"
523,14:23,8,8,동탄/용인,4,"5,6,62,63"
523,14:23,9,9,평택,14,"14,41,46,47,48,52,53,54,58,64,68,78,88,98"
524,14:24,1,1,서울역,29,"20,21,23,25,26,29,30,32,35,40,42,43,44,45,50,55,60,65,67,70,71,75,80,81,85,90,95,97,100"
524,14:24,10,10,인천공항,5,"17,49,61,79,99"
524,14:24,2,2,수서,5,"7,33,91,94,101"
524,14:24,3,3,삼성,11,"1,10,11,12,36,57,59,69,72,89,102"
524,14:24,4,4,여의도,16,"15,22,27,28,34,37,51,66,73,77,82,83,87,92,93,103"
524,14:24,5,5,김포공항,2,"0,24"
524,14:24,6,6,일산,2,"16,56"
524,14:24,7,7,판교,9,"4,8,38,74,76,84,86,96,104"
524,14:24,8,8,동탄/용인,4,"5,6,62,63"
524,14:24,9,9,평택,14,"14,41,46,47,48,52,53,54,58,64,68,78,88,98"
525,14:25,1,1,서울역,29,"20,21,23,25,26,29,30,32,35,40,42,43,44,45,50,55,60,65,67,70,71,75,80,81,85,90,95,97,100"
525,14:25,10,10,인천공항,5,"17,49,61,79,99"
525,14:25,2,2,수서,5,"7,31,91,94,101"
525,14:25,3,3,삼성,11,"1,10,11,12,36,57,59,69,72,89,102"
525,14:25,4,4,여의도,16,"15,22,27,28,34,37,51,66,73,77,82,83,87,92,93,103"
525,14:25,5,5,김포공항,2,"0,24"
525,14:25,6,6,일산,2,"16,56"
525,14:25,7,7,판교,9,"4,8,38,74,76,84,86,96,104"
525,14:25,8,8,동탄/용인,4,"5,6,62,63"
525,14:25,9,9,평택,14,"14,41,46,47,48,52,53,54,58,64,68,78,88,98"
526,14:26,1,1,서울역,29,"20,21,23,25,26,29,30,32,35,40,42,43,44,45,50,55,60,65,67,70,71,75,80,81,85,90,95,97,100"
526,14:26,10,10,인천공항,5,"17,49,61,79,99"
526,14:26,2,2,수서,5,"7,31,91,94,101"
526,14:26,3,3,삼성,10,"1,11,12,36,57,59,69,72,89,102"
526,14:26,4,4,여의도,16,"15,22,27,28,34,37,51,66,73,77,82,83,87,92,93,103"
526,14:26,5,5,김포공항,2,"0,24"
526,14:26,6,6,일산,1,16
526,14:26,7,7,판교,9,"4,8,38,74,76,84,86,96,104"
526,14:26,8,8,동탄/용인,4,"5,6,62,63"
526,14:26,9,9,평택,15,"2,14,41,46,47,48,52,53,54,58,64,68,78,88,98"
527,14:27,1,1,서울역,29,"20,21,23,25,26,29,30,32,35,40,42,43,44,45,50,55,60,65,67,70,71,75,80,81,85,90,95,97,100"
527,14:27,10,10,인천공항,5,"17,49,61,79,99"
527,14:27,2,2,수서,5,"7,31,91,94,101"
527,14:27,3,3,삼성,10,"1,11,12,36,57,59,69,72,89,102"
527,14:27,4,4,여의도,16,"15,22,27,28,34,37,51,66,73,77,82,83,87,92,93,103"
527,14:27,5,5,김포공항,2,"0,24"
527,14:27,6,6,일산,1,16
527,14:27,7,7,판교,9,"4,8,38,74,76,84,86,96,104"
527,14:27,8,8,동탄/용인,4,"5,6,62,63"
527,14:27,9,9,평택,15,"2,14,41,46,47,48,52,53,54,58,64,68,78,88,98"
528,14:28,1,1,서울역,29,"20,21,23,25,26,29,30,32,35,40,42,43,44,45,50,55,60,65,67,70,71,75,80,81,85,90,95,97,100"
528,14:28,10,10,인천공항,5,"17,49,61,79,99"
528,14:28,2,2,수서,5,"13,31,91,94,101"
528,14:28,3,3,삼성,10,"1,11,12,36,57,59,69,72,89,102"
528,14:28,4,4,여의도,15,"15,27,28,34,37,51,66,73,77,82,83,87,92,93,103"
528,14:28,5,5,김포공항,1,24
528,14:28,6,6,일산,1,16
528,14:28,7,7,판교,9,"4,8,38,74,76,84,86,96,104"
528,14:28,8,8,동탄/용인,4,"5,6,62,63"
528,14:28,9,9,평택,15,"2,14,41,46,47,48,52,53,54,58,64,68,78,88,98"
529,14:29,1,1,서울역,30,"20,21,23,25,26,29,30,32,35,39,40,42,43,44,45,50,55,60,65,67,70,71,75,80,81,85,90,95,97,100"
529,14:29,10,10,인천공항,5,"17,49,61,79,99"
529,14:29,2,2,수서,5,"13,31,91,94,101"
529,14:29,3,3,삼성,10,"1,11,12,36,57,59,69,72,89,102"
529,14:29,4,4,여의도,15,"15,27,28,34,37,51,66,73,77,82,83,87,92,93,103"
529,14:29,5,5,김포공항,1,24
529,14:29,6,6,일산,1,16
529,14:29,7,7,판교,9,"4,8,38,74,76,84,86,96,104"
529,14:29,8,8,동탄/용인,4,"5,6,62,63"
529,14:29,9,9,평택,15,"2,14,41,46,47,48,52,53,54,58,64,68,78,88,98"
530,14:30,1,1,서울역,30,"20,21,23,25,26,29,30,32,35,39,40,42,43,44,45,50,55,60,65,67,70,71,75,80,81,85,90,95,97,100"
530,14:30,10,10,인천공항,5,"17,49,61,79,99"
530,14:30,2,2,수서,5,"13,31,91,94,101"
530,14:30,3,3,삼성,10,"1,11,12,36,57,59,69,72,89,102"
530,14:30,4,4,여의도,15,"15,27,28,34,37,51,66,73,77,82,83,87,92,93,103"
530,14:30,5,5,김포공항,1,24
530,14:30,6,6,일산,1,16
530,14:30,7,7,판교,11,"4,8,9,19,38,74,76,84,86,96,104"
530,14:30,8,8,동탄/용인,4,"5,6,62,63"
530,14:30,9,9,평택,15,"2,14,41,46,47,48,52,53,54,58,64,68,78,88,98"
531,14:31,1,1,서울역,30,"20,21,23,25,26,29,30,32,35,39,40,42,43,44,45,50,55,60,65,67,70,71,75,80,81,85,90,95,97,100"
531,14:31,10,10,인천공항,5,"17,49,61,79,99"
531,14:31,2,2,수서,5,"13,31,91,94,101"
531,14:31,3,3,삼성,10,"1,11,12,36,57,59,69,72,89,102"
531,14:31,4,4,여의도,15,"15,27,28,34,37,51,66,73,77,82,83,87,92,93,103"
531,14:31,5,5,김포공항,1,24
531,14:31,6,6,일산,1,16
531,14:31,7,7,판교,11,"4,8,9,19,38,74,76,84,86,96,104"
531,14:31,8,8,동탄/용인,4,"5,6,62,63"
531,14:31,9,9,평택,15,"2,14,41,46,47,48,52,53,54,58,64,68,78,88,98"
532,14:32,1,1,서울역,30,"20,21,23,25,26,29,30,32,35,39,40,42,43,44,45,50,55,60,65,67,70,71,75,80,81,85,90,95,97,100"
532,14:32,10,10,인천공항,5,"17,49,61,79,99"
532,14:32,2,2,수서,5,"13,31,91,94,101"
532,14:32,3,3,삼성,10,"1,11,12,36,57,59,69,72,89,102"
532,14:32,4,4,여의도,15,"15,27,28,34,37,51,66,73,77,82,83,87,92,93,103"
532,14:32,5,5,김포공항,1,24
532,14:32,6,6,일산,1,16
532,14:32,7,7,판교,11,"4,8,9,19,38,74,76,84,86,96,104"
532,14:32,8,8,동탄/용인,4,"5,6,62,63"
532,14:32,9,9,평택,15,"2,14,41,46,47,48,52,53,54,58,64,68,78,88,98"
533,14:33,1,1,서울역,30,"20,21,23,25,26,29,30,32,35,39,40,42,43,44,45,50,55,60,65,67,70,71,75,80,81,85,90,95,97,100"
533,14:33,10,10,인천공항,5,"17,49,61,79,99"
533,14:33,2,2,수서,5,"13,31,91,94,101"
533,14:33,3,3,삼성,10,"1,11,12,36,57,59,69,72,89,102"
533,14:33,4,4,여의도,15,"15,27,28,34,37,51,66,73,77,82,83,87,92,93,103"
533,14:33,5,5,김포공항,2,"24,33"
533,14:33,6,6,일산,1,16
533,14:33,7,7,판교,11,"4,8,9,19,38,74,76,84,86,96,104"
533,14:33,8,8,동탄/용인,4,"5,6,62,63"
533,14:33,9,9,평택,15,"2,14,41,46,47,48,52,53,54,58,64,68,78,88,98"
534,14:34,1,1,서울역,30,"20,21,23,25,26,29,30,32,35,39,40,42,43,44,45,50,55,60,65,67,70,71,75,80,81,85,90,95,97,100"
534,14:34,10,10,인천공항,5,"17,49,61,79,99"
534,14:34,2,2,수서,4,"31,91,94,101"
534,14:34,3,3,삼성,10,"1,11,12,36,57,59,69,72,89,102"
534,14:34,4,4,여의도,15,"15,27,28,34,37,51,66,73,77,82,83,87,92,93,103"
534,14:34,5,5,김포공항,3,"10,24,33"
534,14:34,6,6,일산,1,16
534,14:34,7,7,판교,11,"4,8,9,19,38,74,76,84,86,96,104"
534,14:34,8,8,동탄/용인,4,"5,6,62,63"
534,14:34,9,9,평택,15,"2,14,41,46,47,48,52,53,54,58,64,68,78,88,98"
535,14:35,1,1,서울역,30,"20,21,23,25,26,29,30,32,35,39,40,42,43,44,45,50,55,60,65,67,70,71,75,80,81,85,90,95,97,100"
535,14:35,10,10,인천공항,5,"17,49,61,79,99"
535,14:35,2,2,수서,4,"31,91,94,101"
535,14:35,3,3,삼성,9,"11,12,36,57,59,69,72,89,102"
535,14:35,4,4,여의도,15,"15,27,28,34,37,51,66,73,77,82,83,87,92,93,103"
535,14:35,5,5,김포공항,3,"10,24,33"
535,14:35,6,6,일산,2,"0,16"
535,14:35,7,7,판교,11,"4,8,9,19,38,74,76,84,86,96,104"
535,14:35,8,8,동탄/용인,4,"5,6,62,63"
535,14:35,9,9,평택,15,"2,14,41,46,47,48,52,53,54,58,64,68,78,88,98"
536,14:36,1,1,서울역,30,"20,21,23,25,26,29,30,32,35,39,40,42,43,44,45,50,55,60,65,67,70,71,75,80,81,85,90,95,97,100"
536,14:36,10,10,인천공항,4,"49,61,79,99"
536,14:36,2,2,수서,4,"31,91,94,101"
536,14:36,3,3,삼성,8,"11,36,57,59,69,72,89,102"
536,14:36,4,4,여의도,15,"15,27,28,34,37,51,66,73,77,82,83,87,92,93,103"
536,14:36,5,5,김포공항,3,"7,10,24"
536,14:36,6,6,일산,1,0
536,14:36,7,7,판교,10,"4,8,19,38,74,76,84,86,96,104"
536,14:36,8,8,동탄/용인,4,"5,6,62,63"
536,14:36,9,9,평택,15,"2,14,41,46,47,48,52,53,54,58,64,68,78,88,98"
537,14:37,1,1,서울역,30,"20,21,23,25,26,29,30,32,35,39,40,42,43,44,45,50,55,60,65,67,70,71,75,80,81,85,90,95,97,100"
537,14:37,10,10,인천공항,5,"3,49,61,79,99"
537,14:37,2,2,수서,4,"31,91,94,101"
537,14:37,3,3,삼성,8,"11,36,57,59,69,72,89,102"
537,14:37,4,4,여의도,15,"15,27,28,34,37,51,66,73,77,82,83,87,92,93,103"
537,14:37,5,5,김포공항,3,"7,10,24"
537,14:37,6,6,일산,1,0
537,14:37,7,7,판교,10,"4,8,19,38,74,76,84,86,96,104"
537,14:37,8,8,동탄/용인,4,"5,6,62,63"
537,14:37,9,9,평택,15,"14,18,41,46,47,48,52,53,54,58,64,68,78,88,98"
538,14:38,1,1,서울역,30,"20,21,23,25,26,29,30,32,35,39,40,42,43,44,45,50,55,60,65,67,70,71,75,80,81,85,90,95,97,100"
538,14:38,10,10,인천공항,5,"3,49,61,79,99"
538,14:38,2,2,수서,4,"31,91,94,101"
538,14:38,3,3,삼성,8,"11,36,57,59,69,72,89,102"
538,14:38,4,4,여의도,14,"15,28,34,37,51,66,73,77,82,83,87,92,93,103"
538,14:38,5,5,김포공항,3,"7,10,24"
538,14:38,6,6,일산,1,0
538,14:38,7,7,판교,10,"8,19,38,56,74,76,84,86,96,104"
538,14:38,8,8,동탄/용인,4,"5,6,62,63"
538,14:38,9,9,평택,15,"14,18,41,46,47,48,52,53,54,58,64,68,78,88,98"
539,14:39,1,1,서울역,30,"20,21,23,25,26,29,30,32,35,39,40,42,43,44,45,50,55,60,65,67,70,71,75,80,81,85,90,95,97,100"
539,14:39,10,10,인천공항,5,"3,49,61,79,99"
539,14:39,2,2,수서,4,"31,91,94,101"
539,14:39,3,3,삼성,8,"11,36,57,59,69,72,89,102"
539,14:39,4,4,여의도,14,"15,28,34,37,51,66,73,77,82,83,87,92,93,103"
539,14:39,5,5,김포공항,3,"7,10,24"
539,14:39,6,6,일산,1,0
539,14:39,7,7,판교,10,"8,19,38,56,74,76,84,86,96,104"
539,14:39,8,8,동탄/용인,5,"5,6,22,62,63"
539,14:39,9,9,평택,15,"14,18,41,46,47,48,52,53,54,58,64,68,78,88,98"
540,14:40,1,1,서울역,30,"20,21,23,25,26,29,30,32,35,39,40,42,43,44,45,50,55,60,65,67,70,71,75,80,81,85,90,95,97,100"
540,14:40,10,10,인천공항,5,"3,49,61,79,99"
540,14:40,2,2,수서,4,"31,91,94,101"
540,14:40,3,3,삼성,8,"11,36,57,59,69,72,89,102"
540,14:40,4,4,여의도,14,"15,28,34,37,51,66,73,77,82,83,87,92,93,103"
540,14:40,5,5,김포공항,3,"7,10,24"
540,14:40,6,6,일산,1,0
540,14:40,7,7,판교,10,"8,19,38,56,74,76,84,86,96,104"
540,14:40,8,8,동탄/용인,5,"5,6,22,62,63"
540,14:40,9,9,평택,15,"14,18,41,46,47,48,52,53,54,58,64,68,78,88,98"
541,14:41,1,1,서울역,31,"1,20,21,23,25,26,29,30,32,35,39,40,42,43,44,45,50,55,60,65,67,70,71,75,80,81,85,90,95,97,100"
541,14:41,10,10,인천공항,5,"3,49,61,79,99"
541,14:41,2,2,수서,4,"31,91,94,101"
541,14:41,3,3,삼성,8,"11,36,57,59,69,72,89,102"
541,14:41,4,4,여의도,14,"15,28,34,37,51,66,73,77,82,83,87,92,93,103"
541,14:41,5,5,김포공항,3,"7,10,24"
541,14:41,6,6,일산,1,0
541,14:41,7,7,판교,10,"8,19,38,56,74,76,84,86,96,104"
541,14:41,8,8,동탄/용인,5,"5,6,22,62,63"
541,14:41,9,9,평택,15,"14,18,41,46,47,48,52,53,54,58,64,68,78,88,98"
542,14:42,1,1,서울역,31,"1,20,21,23,25,26,29,30,32,35,39,40,42,43,44,45,50,55,60,65,67,70,71,75,80,81,85,90,95,97,100"
542,14:42,10,10,인천공항,5,"3,49,61,79,99"
542,14:42,2,2,수서,4,"31,91,94,101"
542,14:42,3,3,삼성,8,"11,36,57,59,69,72,89,102"
542,14:42,4,4,여의도,15,"15,28,33,34,37,51,66,73,77,82,83,87,92,93,103"
542,14:42,5,5,김포공항,4,"7,10,13,24"
542,14:42,6,6,일산,1,0
542,14:42,7,7,판교,10,"8,19,38,56,74,76,84,86,96,104"
542,14:42,8,8,동탄/용인,5,"5,6,22,62,63"
542,14:42,9,9,평택,15,"14,18,41,46,47,48,52,53,54,58,64,68,78,88,98"
543,14:43,1,1,서울역,31,"1,20,21,23,25,26,29,30,32,35,39,40,42,43,44,45,50,55,60,65,67,70,71,75,80,81,85,90,95,97,100"
543,14:43,10,10,인천공항,4,"49,61,79,99"
543,14:43,2,2,수서,4,"31,91,94,101"
543,14:43,3,3,삼성,8,"11,36,57,59,69,72,89,102"
543,14:43,4,4,여의도,15,"15,28,33,34,37,51,66,73,77,82,83,87,92,93,103"
543,14:43,5,5,김포공항,4,"7,10,13,24"
543,14:43,7,7,판교,10,"8,19,38,56,74,76,84,86,96,104"
543,14:43,8,8,동탄/용인,5,"5,6,22,62,63"
543,14:43,9,9,평택,15,"14,18,41,46,47,48,52,53,54,58,64,68,78,88,98"
544,14:44,1,1,서울역,31,"1,20,21,23,25,26,29,30,32,35,39,40,42,43,44,45,50,55,60,65,67,70,71,75,80,81,85,90,95,97,100"
544,14:44,10,10,인천공항,4,"49,61,79,99"
544,14:44,2,2,수서,4,"31,91,94,101"
544,14:44,3,3,삼성,6,"57,59,69,72,89,102"
544,14:44,4,4,여의도,15,"15,28,33,34,37,51,66,73,77,82,83,87,92,93,103"
544,14:44,5,5,김포공항,5,"7,10,12,13,24"
544,14:44,7,7,판교,10,"8,19,38,56,74,76,84,86,96,104"
544,14:44,8,8,동탄/용인,5,"5,6,22,62,63"
544,14:44,9,9,평택,15,"14,18,41,46,47,48,52,53,54,58,64,68,78,88,98"
545,14:45,1,1,서울역,31,"1,20,21,23,25,26,29,30,32,35,39,40,42,43,44,45,50,55,60,65,67,70,71,75,80,81,85,90,95,97,100"
545,14:45,10,10,인천공항,4,"49,61,79,99"
545,14:45,2,2,수서,4,"31,91,94,101"
545,14:45,3,3,삼성,6,"57,59,69,72,89,102"
545,14:45,4,4,여의도,16,"4,15,28,33,34,37,51,66,73,77,82,83,87,92,93,103"
545,14:45,5,5,김포공항,5,"7,10,12,13,24"
545,14:45,7,7,판교,10,"8,19,38,56,74,76,84,86,96,104"
545,14:45,8,8,동탄/용인,5,"5,6,22,62,63"
545,14:45,9,9,평택,15,"14,18,41,46,47,48,52,53,54,58,64,68,78,88,98"
546,14:46,1,1,서울역,31,"1,20,21,23,25,26,29,30,32,35,39,40,42,43,44,45,50,55,60,65,67,70,71,75,80,81,85,90,95,97,100"
546,14:46,10,10,인천공항,4,"49,61,79,99"
546,14:46,2,2,수서,4,"31,91,94,101"
546,14:46,3,3,삼성,7,"16,57,59,69,72,89,102"
546,14:46,4,4,여의도,16,"4,15,28,33,34,37,51,66,73,77,82,83,87,92,93,103"
546,14:46,5,5,김포공항,6,"7,9,10,12,13,24"
546,14:46,7,7,판교,9,"19,38,56,74,76,84,86,96,104"
546,14:46,8,8,동탄/용인,5,"5,6,22,62,63"
546,14:46,9,9,평택,15,"14,18,41,46,47,48,52,53,54,58,64,68,78,88,98"
547,14:47,1,1,서울역,31,"1,20,21,23,25,26,29,30,32,35,39,40,42,43,44,45,50,55,60,65,67,70,71,75,80,81,85,90,95,97,100"
547,14:47,10,10,인천공항,4,"49,61,79,99"
547,14:47,2,2,수서,4,"31,91,94,101"
547,14:47,3,3,삼성,7,"16,57,59,69,72,89,102"
547,14:47,4,4,여의도,15,"4,28,33,34,37,51,66,73,77,82,83,87,92,93,103"
547,14:47,5,5,김포공항,6,"7,9,10,12,13,24"
547,14:47,7,7,판교,8,"19,56,74,76,84,86,96,104"
547,14:47,8,8,동탄/용인,5,"5,6,22,62,63"
547,14:47,9,9,평택,15,"14,18,41,46,47,48,52,53,54,58,64,68,78,88,98"
548,14:48,1,1,서울역,31,"1,20,21,23,25,26,29,30,32,35,39,40,42,43,44,45,50,55,60,65,67,70,71,75,80,81,85,90,95,97,100"
548,14:48,10,10,인천공항,4,"49,61,79,99"
548,14:48,2,2,수서,4,"31,91,94,101"
548,14:48,3,3,삼성,7,"16,57,59,69,72,89,102"
548,14:48,4,4,여의도,16,"4,17,28,33,34,37,51,66,73,77,82,83,87,92,93,103"
548,14:48,5,5,김포공항,6,"7,9,10,12,13,24"
548,14:48,7,7,판교,8,"19,56,74,76,84,86,96,104"
548,14:48,8,8,동탄/용인,5,"5,6,22,62,63"
548,14:48,9,9,평택,15,"14,18,41,46,47,48,52,53,54,58,64,68,78,88,98"
549,14:49,1,1,서울역,31,"1,20,21,23,25,26,29,30,32,35,39,40,42,43,44,45,50,55,60,65,67,70,71,75,80,81,85,90,95,97,100"
549,14:49,10,10,인천공항,4,"49,61,79,99"
549,14:49,2,2,수서,4,"31,91,94,101"
549,14:49,3,3,삼성,7,"16,57,59,69,72,89,102"
549,14:49,4,4,여의도,16,"4,17,28,33,34,37,51,66,73,77,82,83,87,92,93,103"
549,14:49,5,5,김포공항,5,"7,10,12,13,24"
549,14:49,7,7,판교,8,"19,56,74,76,84,86,96,104"
549,14:49,8,8,동탄/용인,5,"5,6,22,62,63"
549,14:49,9,9,평택,15,"14,18,41,46,47,48,52,53,54,58,64,68,78,88,98"
550,14:50,1,1,서울역,31,"1,20,21,23,25,26,29,30,32,35,39,40,42,43,44,45,50,55,60,65,67,70,71,75,80,81,85,90,95,97,100"
550,14:50,10,10,인천공항,4,"49,61,79,99"
550,14:50,2,2,수서,4,"31,91,94,101"
550,14:50,3,3,삼성,7,"16,57,59,69,72,89,102"
550,14:50,4,4,여의도,16,"4,17,28,33,34,37,51,66,73,77,82,83,87,92,93,103"
550,14:50,5,5,김포공항,5,"7,10,12,13,24"
550,14:50,7,7,판교,8,"19,56,74,76,84,86,96,104"
550,14:50,8,8,동탄/용인,5,"5,6,22,62,63"
550,14:50,9,9,평택,15,"14,18,41,46,47,48,52,53,54,58,64,68,78,88,98"
551,14:51,1,1,서울역,31,"1,20,21,23,25,26,29,30,32,35,39,40,42,43,44,45,50,55,60,65,67,70,71,75,80,81,85,90,95,97,100"
551,14:51,10,10,인천공항,4,"49,61,79,99"
551,14:51,2,2,수서,4,"31,91,94,101"
551,14:51,3,3,삼성,7,"16,57,59,69,72,89,102"
551,14:51,4,4,여의도,17,"4,11,17,28,33,34,37,51,66,73,77,82,83,87,92,93,103"
551,14:51,5,5,김포공항,4,"10,12,13,24"
551,14:51,7,7,판교,8,"19,56,74,76,84,86,96,104"
551,14:51,8,8,동탄/용인,5,"5,6,22,62,63"
551,14:51,9,9,평택,14,"18,41,46,47,48,52,53,54,58,64,68,78,88,98"
552,14:52,1,1,서울역,31,"1,20,21,23,25,26,29,30,32,35,39,40,42,43,44,45,50,55,60,65,67,70,71,75,80,81,85,90,95,97,100"
552,14:52,10,10,인천공항,4,"49,61,79,99"
552,14:52,2,2,수서,4,"31,91,94,101"
552,14:52,3,3,삼성,7,"2,16,57,69,72,89,102"
552,14:52,4,4,여의도,17,"4,11,17,28,33,34,37,51,66,73,77,82,83,87,92,93,103"
552,14:52,5,5,김포공항,5,"10,12,13,24,36"
552,14:52,7,7,판교,8,"19,56,74,76,84,86,96,104"
552,14:52,8,8,동탄/용인,5,"5,6,22,62,63"
552,14:52,9,9,평택,14,"18,41,46,47,48,52,53,54,58,64,68,78,88,98"
553,14:53,1,1,서울역,31,"1,20,21,23,25,26,29,30,32,35,39,40,42,43,44,45,50,55,60,65,67,70,71,75,80,81,85,90,95,97,100"
553,14:53,10,10,인천공항,4,"49,61,79,99"
553,14:53,2,2,수서,4,"31,91,94,101"
553,14:53,3,3,삼성,7,"2,16,57,69,72,89,102"
553,14:53,4,4,여의도,18,"4,8,11,17,28,33,34,37,51,66,73,77,82,83,87,92,93,103"
553,14:53,5,5,김포공항,5,"10,12,13,24,36"
553,14:53,7,7,판교,8,"19,56,74,76,84,86,96,104"
553,14:53,8,8,동탄/용인,5,"5,6,22,62,63"
553,14:53,9,9,평택,15,"18,27,41,46,47,48,52,53,54,58,64,68,78,88,98"
554,14:54,1,1,서울역,31,"1,20,21,23,25,26,29,30,32,35,39,40,42,43,44,45,50,55,60,65,67,70,71,75,80,81,85,90,95,97,100"
554,14:54,10,10,인천공항,4,"49,61,79,99"
554,14:54,2,2,수서,4,"31,91,94,101"
554,14:54,3,3,삼성,6,"2,57,69,72,89,102"
554,14:54,4,4,여의도,18,"4,8,11,17,28,33,34,37,51,66,73,77,82,83,87,92,93,103"
554,14:54,5,5,김포공항,5,"10,12,13,24,36"
554,14:54,7,7,판교,9,"15,19,56,74,76,84,86,96,104"
554,14:54,8,8,동탄/용인,5,"5,6,22,62,63"
554,14:54,9,9,평택,15,"18,27,41,46,47,48,52,53,54,58,64,68,78,88,98"
555,14:55,1,1,서울역,30,"20,21,23,25,26,29,30,32,35,39,40,42,43,44,45,50,55,60,65,67,70,71,75,80,81,85,90,95,97,100"
555,14:55,10,10,인천공항,4,"49,61,79,99"
555,14:55,2,2,수서,3,"31,59,91"
555,14:55,3,3,삼성,6,"2,57,69,72,89,102"
555,14:55,4,4,여의도,19,"3,4,8,11,17,28,33,34,37,51,66,73,77,82,83,87,92,93,103"
555,14:55,5,5,김포공항,4,"10,12,13,24"
555,14:55,7,7,판교,9,"0,15,56,74,76,84,86,96,104"
555,14:55,8,8,동탄/용인,5,"5,6,22,62,63"
555,14:55,9,9,평택,15,"18,27,41,46,47,48,52,53,54,58,64,68,78,88,98"
556,14:56,1,1,서울역,30,"20,21,23,25,26,29,30,32,35,39,40,42,43,44,45,50,55,60,65,67,70,71,75,80,81,85,90,95,97,100"
556,14:56,10,10,인천공항,4,"49,61,79,99"
556,14:56,2,2,수서,3,"31,59,91"
556,14:56,3,3,삼성,6,"2,57,69,72,89,102"
556,14:56,4,4,여의도,19,"3,4,8,11,17,28,33,34,37,51,66,73,77,82,83,87,92,93,103"
556,14:56,5,5,김포공항,4,"10,12,13,24"
556,14:56,6,6,일산,1,9
556,14:56,7,7,판교,9,"0,15,56,74,76,84,86,96,104"
556,14:56,8,8,동탄/용인,5,"5,6,22,62,63"
556,14:56,9,9,평택,15,"18,27,41,46,47,48,52,53,54,58,64,68,78,88,98"
557,14:57,1,1,서울역,30,"20,21,23,25,26,29,30,32,35,39,40,42,43,44,45,50,55,60,65,67,70,71,75,80,81,85,90,95,97,100"
557,14:57,10,10,인천공항,4,"49,61,79,99"
557,14:57,2,2,수서,3,"31,59,91"
557,14:57,3,3,삼성,6,"2,57,69,72,89,102"
557,14:57,4,4,여의도,19,"3,4,8,11,17,28,33,34,37,51,66,73,77,82,83,87,92,93,103"
557,14:57,5,5,김포공항,5,"10,12,13,24,38"
557,14:57,6,6,일산,1,9
557,14:57,7,7,판교,9,"0,15,56,74,76,84,86,96,104"
557,14:57,8,8,동탄/용인,5,"5,6,22,62,63"
557,14:57,9,9,평택,15,"18,27,41,46,47,48,52,53,54,58,64,68,78,88,98"
558,14:58,1,1,서울역,29,"20,21,25,26,29,30,32,35,39,40,42,43,44,45,50,55,60,65,67,70,71,75,80,81,85,90,95,97,100"
558,14:58,10,10,인천공항,4,"49,61,79,99"
558,14:58,2,2,수서,2,"31,91"
558,14:58,3,3,삼성,6,"2,57,69,72,89,102"
558,14:58,4,4,여의도,19,"3,4,8,11,17,28,33,34,37,51,66,73,77,82,83,87,92,93,103"
558,14:58,5,5,김포공항,5,"10,12,13,24,38"
558,14:58,6,6,일산,2,"7,9"
558,14:58,7,7,판교,9,"0,15,56,74,76,84,86,96,104"
558,14:58,8,8,동탄/용인,5,"5,6,22,62,63"
558,14:58,9,9,평택,15,"18,27,41,46,47,48,52,53,54,58,64,68,78,88,98"
559,14:59,1,1,서울역,29,"20,21,25,26,29,30,32,35,39,40,42,43,44,45,50,55,60,65,67,70,71,75,80,81,85,90,95,97,100"
559,14:59,10,10,인천공항,4,"49,61,79,99"
559,14:59,2,2,수서,2,"31,91"
559,14:59,3,3,삼성,6,"2,57,69,72,89,102"
559,14:59,4,4,여의도,19,"3,4,8,11,17,28,33,34,37,51,66,73,77,82,83,87,92,93,103"
559,14:59,5,5,김포공항,5,"10,12,13,24,38"
559,14:59,6,6,일산,1,7
559,14:59,7,7,판교,9,"0,15,56,74,76,84,86,96,104"
559,14:59,8,8,동탄/용인,5,"5,6,22,62,63"
559,14:59,9,9,평택,15,"18,27,41,46,47,48,52,53,54,58,64,68,78,88,98"
560,15:00,1,1,서울역,29,"20,21,25,26,29,30,32,35,39,40,42,43,44,45,50,55,60,65,67,70,71,75,80,81,85,90,95,97,100"
560,15:00,10,10,인천공항,4,"49,61,79,99"
560,15:00,2,2,수서,2,"31,91"
560,15:00,3,3,삼성,6,"2,57,69,72,89,102"
560,15:00,4,4,여의도,19,"3,4,8,11,17,28,33,34,37,51,66,73,77,82,83,87,92,93,103"
560,15:00,5,5,김포공항,4,"10,12,13,24"
560,15:00,6,6,일산,1,7
560,15:00,7,7,판교,9,"0,15,56,74,76,84,86,96,104"
560,15:00,8,8,동탄/용인,5,"5,6,22,62,63"
560,15:00,9,9,평택,15,"18,27,41,46,47,48,52,53,54,58,64,68,78,88,98"
561,15:01,1,1,서울역,29,"20,21,25,26,29,30,32,35,39,40,42,43,44,45,50,55,60,65,67,70,71,75,80,81,85,90,95,97,100"
561,15:01,10,10,인천공항,4,"49,61,79,99"
561,15:01,2,2,수서,2,"31,91"
561,15:01,3,3,삼성,5,"2,69,72,89,102"
561,15:01,4,4,여의도,19,"3,4,8,11,17,28,33,34,37,51,66,73,77,82,83,87,92,93,103"
561,15:01,5,5,김포공항,4,"10,12,13,24"
561,15:01,7,7,판교,9,"0,15,56,74,76,84,86,96,104"
561,15:01,8,8,동탄/용인,5,"5,6,22,62,63"
561,15:01,9,9,평택,15,"18,27,41,46,47,48,52,53,54,58,64,68,78,88,98"
562,15:02,1,1,서울역,30,"20,21,25,26,29,30,32,35,39,40,42,43,44,45,50,55,60,65,67,70,71,75,80,81,85,90,94,95,97,100"
562,15:02,10,10,인천공항,4,"49,61,79,99"
562,15:02,2,2,수서,3,"1,31,91"
562,15:02,3,3,삼성,5,"2,69,72,89,102"
562,15:02,4,4,여의도,20,"3,4,8,11,17,19,28,33,34,37,51,66,73,77,82,83,87,92,93,103"
562,15:02,5,5,김포공항,4,"10,12,13,24"
562,15:02,7,7,판교,9,"0,15,56,74,76,84,86,96,104"
562,15:02,8,8,동탄/용인,5,"5,6,22,62,63"
562,15:02,9,9,평택,15,"18,27,41,46,47,48,52,53,54,58,64,68,78,88,98"
563,15:03,1,1,서울역,30,"20,21,25,26,29,30,32,35,39,40,42,43,44,45,50,55,60,65,67,70,71,75,80,81,85,90,94,95,97,100"
563,15:03,10,10,인천공항,4,"49,61,79,99"
563,15:03,2,2,수서,3,"1,31,91"
563,15:03,3,3,삼성,5,"2,69,72,89,102"
563,15:03,4,4,여의도,20,"3,4,8,11,17,19,28,33,34,37,51,66,73,77,82,83,87,92,93,103"
563,15:03,5,5,김포공항,5,"10,12,13,24,101"
563,15:03,7,7,판교,9,"0,15,56,74,76,84,86,96,104"
563,15:03,8,8,동탄/용인,5,"5,6,22,62,63"
563,15:03,9,9,평택,15,"18,27,41,46,47,48,52,53,54,58,64,68,78,88,98"
564,15:04,1,1,서울역,30,"20,21,25,26,29,30,32,35,39,40,42,43,44,45,50,55,60,65,67,70,71,75,80,81,85,90,94,95,97,100"
564,15:04,10,10,인천공항,4,"49,61,79,99"
564,15:04,2,2,수서,3,"1,31,91"
564,15:04,3,3,삼성,5,"2,69,72,89,102"
564,15:04,4,4,여의도,20,"3,4,8,11,17,19,28,33,34,37,51,66,73,77,82,83,87,92,93,103"
564,15:04,5,5,김포공항,5,"10,12,13,24,101"
564,15:04,7,7,판교,9,"0,15,56,74,76,84,86,96,104"
564,15:04,8,8,동탄/용인,5,"5,6,22,62,63"
564,15:04,9,9,평택,15,"18,27,41,46,47,48,52,53,54,58,64,68,78,88,98"
565,15:05,1,1,서울역,30,"20,21,25,26,29,30,32,35,39,40,42,43,44,45,50,55,60,65,67,70,71,75,80,81,85,90,94,95,97,100"
565,15:05,10,10,인천공항,4,"49,61,79,99"
565,15:05,2,2,수서,3,"1,31,91"
565,15:05,3,3,삼성,5,"2,69,72,89,102"
565,15:05,4,4,여의도,20,"3,4,8,11,17,19,28,33,34,37,51,66,73,77,82,83,87,92,93,103"
565,15:05,5,5,김포공항,5,"10,12,13,24,101"
565,15:05,7,7,판교,9,"15,36,56,74,76,84,86,96,104"
565,15:05,8,8,동탄/용인,5,"5,6,22,62,63"
565,15:05,9,9,평택,14,"27,41,46,47,48,52,53,54,58,64,68,78,88,98"
566,15:06,1,1,서울역,29,"21,25,26,29,30,32,35,39,40,42,43,44,45,50,55,60,65,67,70,71,75,80,81,85,90,94,95,97,100"
566,15:06,10,10,인천공항,4,"49,61,79,99"
566,15:06,2,2,수서,3,"1,31,91"
566,15:06,3,3,삼성,6,"2,14,69,72,89,102"
566,15:06,4,4,여의도,19,"3,8,11,17,19,28,33,34,37,51,66,73,77,82,83,87,92,93,103"
566,15:06,5,5,김포공항,4,"10,12,13,24"
566,15:06,7,7,판교,9,"15,36,56,74,76,84,86,96,104"
566,15:06,8,8,동탄/용인,5,"5,6,22,62,63"
566,15:06,9,9,평택,14,"27,41,46,47,48,52,53,54,58,64,68,78,88,98"
567,15:07,1,1,서울역,29,"21,25,26,29,30,32,35,39,40,42,43,44,45,50,55,60,65,67,70,71,75,80,81,85,90,94,95,97,100"
567,15:07,10,10,인천공항,4,"49,61,79,99"
567,15:07,2,2,수서,3,"1,31,91"
567,15:07,3,3,삼성,6,"2,14,69,72,89,102"
567,15:07,4,4,여의도,19,"3,8,11,17,19,28,33,34,37,51,66,73,77,82,83,87,92,93,103"
567,15:07,5,5,김포공항,4,"10,12,13,24"
567,15:07,7,7,판교,9,"15,36,56,74,76,84,86,96,104"
567,15:07,8,8,동탄/용인,5,"5,6,22,62,63"
567,15:07,9,9,평택,14,"27,41,46,47,48,52,53,54,58,64,68,78,88,98"
568,15:08,1,1,서울역,29,"7,25,26,29,30,32,35,39,40,42,43,44,45,50,55,60,65,67,70,71,75,80,81,85,90,94,95,97,100"
568,15:08,10,10,인천공항,4,"49,61,79,99"
568,15:08,2,2,수서,3,"1,31,91"
568,15:08,3,3,삼성,6,"2,14,69,72,89,102"
568,15:08,4,4,여의도,18,"3,11,17,19,28,33,34,37,51,66,73,77,82,83,87,92,93,103"
568,15:08,5,5,김포공항,4,"10,12,13,24"
568,15:08,7,7,판교,9,"15,36,56,74,76,84,86,96,104"
568,15:08,8,8,동탄/용인,5,"5,6,22,62,63"
568,15:08,9,9,평택,14,"27,41,46,47,48,52,53,54,58,64,68,78,88,98"
569,15:09,1,1,서울역,29,"7,25,26,29,30,32,35,39,40,42,43,44,45,50,55,60,65,67,70,71,75,80,81,85,90,94,95,97,100"
569,15:09,10,10,인천공항,4,"49,61,79,99"
569,15:09,2,2,수서,3,"1,31,91"
569,15:09,3,3,삼성,6,"2,14,69,72,89,102"
569,15:09,4,4,여의도,17,"3,11,17,19,33,34,37,51,66,73,77,82,83,87,92,93,103"
569,15:09,5,5,김포공항,4,"10,12,13,24"
569,15:09,7,7,판교,8,"36,56,74,76,84,86,96,104"
569,15:09,8,8,동탄/용인,5,"5,6,22,62,63"
569,15:09,9,9,평택,15,"16,27,41,46,47,48,52,53,54,58,64,68,78,88,98"
570,15:10,1,1,서울역,29,"7,25,26,29,30,32,35,39,40,42,43,44,45,50,55,60,65,67,70,71,75,80,81,85,90,94,95,97,100"
570,15:10,10,10,인천공항,4,"49,61,79,99"
570,15:10,2,2,수서,3,"1,31,91"
570,15:10,3,3,삼성,6,"2,14,69,72,89,102"
570,15:10,4,4,여의도,16,"11,17,19,33,34,37,51,66,73,77,82,83,87,92,93,103"
570,15:10,5,5,김포공항,4,"10,12,13,24"
570,15:10,7,7,판교,8,"36,56,74,76,84,86,96,104"
570,15:10,8,8,동탄/용인,5,"5,6,22,62,63"
570,15:10,9,9,평택,15,"16,27,41,46,47,48,52,53,54,58,64,68,78,88,98"
571,15:11,1,1,서울역,29,"7,25,26,29,30,32,35,39,40,42,43,44,45,50,55,60,65,67,70,71,75,80,81,85,90,94,95,97,100"
571,15:11,10,10,인천공항,5,"23,49,61,79,99"
571,15:11,2,2,수서,3,"1,31,91"
571,15:11,3,3,삼성,6,"2,14,69,72,89,102"
571,15:11,4,4,여의도,16,"11,17,19,33,34,37,51,66,73,77,82,83,87,92,93,103"
571,15:11,5,5,김포공항,4,"10,12,13,24"
571,15:11,7,7,판교,9,"9,36,56,74,76,84,86,96,104"
571,15:11,8,8,동탄/용인,5,"5,6,22,62,63"
571,15:11,9,9,평택,15,"16,27,41,46,47,48,52,53,54,58,64,68,78,88,98"
572,15:12,1,1,서울역,30,"0,7,25,26,29,30,32,35,39,40,42,43,44,45,50,55,60,65,67,70,71,75,80,81,85,90,94,95,97,100"
572,15:12,10,10,인천공항,5,"23,49,61,79,99"
572,15:12,2,2,수서,3,"1,31,91"
572,15:12,3,3,삼성,5,"2,14,72,89,102"
572,15:12,4,4,여의도,15,"17,19,33,34,37,51,66,73,77,82,83,87,92,93,103"
572,15:12,5,5,김포공항,4,"10,12,13,24"
572,15:12,7,7,판교,9,"9,36,56,74,76,84,86,96,104"
572,15:12,8,8,동탄/용인,5,"5,6,22,62,63"
572,15:12,9,9,평택,16,"16,27,41,46,47,48,52,53,54,58,59,64,68,78,88,98"
573,15:13,1,1,서울역,30,"0,7,25,26,29,30,32,35,39,40,42,43,44,45,50,55,60,65,67,70,71,75,80,81,85,90,94,95,97,100"
573,15:13,10,10,인천공항,5,"23,49,61,79,99"
573,15:13,2,2,수서,3,"1,31,91"
573,15:13,3,3,삼성,6,"2,4,14,72,89,102"
573,15:13,4,4,여의도,15,"17,19,33,34,37,51,66,73,77,82,83,87,92,93,103"
573,15:13,5,5,김포공항,4,"10,12,13,24"
573,15:13,6,6,일산,1,20
573,15:13,7,7,판교,9,"9,36,56,74,76,84,86,96,104"
573,15:13,8,8,동탄/용인,5,"5,6,22,62,63"
573,15:13,9,9,평택,16,"16,27,41,46,47,48,52,53,54,58,59,64,68,78,88,98"
574,15:14,1,1,서울역,29,"0,25,26,29,30,32,35,39,40,42,43,44,45,50,55,60,65,67,70,71,75,80,81,85,90,94,95,97,100"
574,15:14,10,10,인천공항,5,"23,49,61,79,99"
574,15:14,2,2,수서,4,"1,31,91,101"
574,15:14,3,3,삼성,6,"2,4,14,72,89,102"
574,15:14,4,4,여의도,15,"17,19,33,34,37,51,66,73,77,82,83,87,92,93,103"
574,15:14,5,5,김포공항,4,"10,12,13,24"
574,15:14,6,6,일산,1,20
574,15:14,7,7,판교,9,"9,36,56,74,76,84,86,96,104"
574,15:14,8,8,동탄/용인,5,"5,6,22,62,63"
574,15:14,9,9,평택,16,"16,27,41,46,47,48,52,53,54,58,59,64,68,78,88,98"
575,15:15,1,1,서울역,29,"0,25,26,29,30,32,35,39,40,42,43,44,45,50,55,60,65,67,70,71,75,80,81,85,90,94,95,97,100"
575,15:15,10,10,인천공항,5,"23,49,61,79,99"
575,15:15,2,2,수서,4,"1,31,91,101"
575,15:15,3,3,삼성,6,"2,4,14,72,89,102"
575,15:15,4,4,여의도,15,"17,19,33,34,37,51,66,73,77,82,83,87,92,93,103"
575,15:15,5,5,김포공항,4,"10,12,13,24"
575,15:15,6,6,일산,1,20
575,15:15,7,7,판교,10,"8,9,36,56,74,76,84,86,96,104"
575,15:15,8,8,동탄/용인,5,"5,6,22,62,63"
575,15:15,9,9,평택,16,"16,27,41,46,47,48,52,53,54,58,59,64,68,78,88,98"
576,15:16,1,1,서울역,29,"0,25,26,29,30,32,35,39,40,42,43,44,45,50,55,60,65,67,70,71,75,80,81,85,90,94,95,97,100"
576,15:16,10,10,인천공항,5,"23,49,61,79,99"
576,15:16,2,2,수서,5,"1,3,31,91,101"
576,15:16,3,3,삼성,6,"2,4,14,72,89,102"
576,15:16,4,4,여의도,15,"17,19,33,34,37,51,66,73,77,82,83,87,92,93,103"
576,15:16,5,5,김포공항,4,"10,12,13,24"
576,15:16,6,6,일산,1,20
576,15:16,7,7,판교,10,"8,9,36,56,74,76,84,86,96,104"
576,15:16,8,8,동탄/용인,5,"5,6,22,62,63"
576,15:16,9,9,평택,17,"16,27,41,46,47,48,52,53,54,57,58,59,64,68,78,88,98"
577,15:17,1,1,서울역,29,"0,25,26,29,30,32,35,39,40,42,43,44,45,50,55,60,65,67,70,71,75,80,81,85,90,94,95,97,100"
577,15:17,10,10,인천공항,5,"23,49,61,79,99"
577,15:17,2,2,수서,5,"1,3,31,91,101"
577,15:17,3,3,삼성,5,"4,14,72,89,102"
577,15:17,4,4,여의도,15,"17,19,33,34,37,51,66,73,77,82,83,87,92,93,103"
577,15:17,5,5,김포공항,4,"10,12,13,24"
577,15:17,6,6,일산,1,20
577,15:17,7,7,판교,10,"8,9,36,56,74,76,84,86,96,104"
577,15:17,8,8,동탄/용인,4,"6,22,62,63"
577,15:17,9,9,평택,18,"16,27,38,41,46,47,48,52,53,54,57,58,59,64,68,78,88,98"
578,15:18,1,1,서울역,29,"0,25,26,29,30,32,35,39,40,42,43,44,45,50,55,60,65,67,70,71,75,80,81,85,90,94,95,97,100"
578,15:18,10,10,인천공항,5,"23,49,61,79,99"
578,15:18,2,2,수서,5,"1,3,31,91,101"
578,15:18,3,3,삼성,5,"4,14,72,89,102"
578,15:18,4,4,여의도,15,"17,19,33,34,37,51,66,73,77,82,83,87,92,93,103"
578,15:18,5,5,김포공항,4,"10,12,13,24"
578,15:18,6,6,일산,1,20
578,15:18,7,7,판교,10,"8,9,36,56,74,76,84,86,96,104"
578,15:18,8,8,동탄/용인,4,"6,22,62,63"
578,15:18,9,9,평택,18,"16,27,38,41,46,47,48,52,53,54,57,58,59,64,68,78,88,98"
579,15:19,1,1,서울역,29,"0,25,26,29,30,32,35,39,40,42,43,44,45,50,55,60,65,67,70,71,75,80,81,85,90,94,95,97,100"
579,15:19,10,10,인천공항,5,"23,49,61,79,99"
579,15:19,2,2,수서,5,"1,3,31,91,101"
579,15:19,3,3,삼성,5,"4,14,72,89,102"
579,15:19,4,4,여의도,14,"17,19,33,37,51,66,73,77,82,83,87,92,93,103"
579,15:19,5,5,김포공항,5,"10,12,13,15,24"
579,15:19,6,6,일산,1,20
579,15:19,7,7,판교,11,"8,9,11,36,56,74,76,84,86,96,104"
579,15:19,8,8,동탄/용인,4,"6,22,62,63"
579,15:19,9,9,평택,18,"16,27,38,41,46,47,48,52,53,54,57,58,59,64,68,78,88,98"
580,15:20,1,1,서울역,28,"0,26,29,30,32,35,39,40,42,43,44,45,50,55,60,65,67,70,71,75,80,81,85,90,94,95,97,100"
580,15:20,10,10,인천공항,5,"23,49,61,79,99"
580,15:20,2,2,수서,5,"1,3,31,91,101"
580,15:20,3,3,삼성,5,"4,14,72,89,102"
580,15:20,4,4,여의도,14,"17,19,33,37,51,66,73,77,82,83,87,92,93,103"
580,15:20,5,5,김포공항,6,"10,12,13,15,24,69"
580,15:20,6,6,일산,1,20
580,15:20,7,7,판교,11,"8,9,11,36,56,74,76,84,86,96,104"
580,15:20,8,8,동탄/용인,4,"6,22,62,63"
580,15:20,9,9,평택,18,"16,27,38,41,46,47,48,52,53,54,57,58,59,64,68,78,88,98"
581,15:21,1,1,서울역,28,"0,26,29,30,32,35,39,40,42,43,44,45,50,55,60,65,67,70,71,75,80,81,85,90,94,95,97,100"
581,15:21,10,10,인천공항,6,"21,23,49,61,79,99"
581,15:21,2,2,수서,6,"1,3,7,31,91,101"
581,15:21,3,3,삼성,5,"4,14,72,89,102"
581,15:21,4,4,여의도,14,"17,19,33,37,51,66,73,77,82,83,87,92,93,103"
581,15:21,5,5,김포공항,6,"10,12,13,15,24,69"
581,15:21,6,6,일산,1,20
581,15:21,7,7,판교,11,"8,9,11,36,56,74,76,84,86,96,104"
581,15:21,8,8,동탄/용인,4,"6,22,62,63"
581,15:21,9,9,평택,18,"16,27,38,41,46,47,48,52,53,54,57,58,59,64,68,78,88,98"
582,15:22,1,1,서울역,28,"0,26,29,30,32,35,39,40,42,43,44,45,50,55,60,65,67,70,71,75,80,81,85,90,94,95,97,100"
582,15:22,10,10,인천공항,6,"21,23,49,61,79,99"
582,15:22,2,2,수서,6,"1,3,7,31,91,101"
582,15:22,3,3,삼성,5,"4,14,72,89,102"
582,15:22,4,4,여의도,13,"19,33,37,51,66,73,77,82,83,87,92,93,103"
582,15:22,5,5,김포공항,7,"10,12,13,15,18,24,69"
582,15:22,6,6,일산,1,20
582,15:22,7,7,판교,11,"8,9,11,36,56,74,76,84,86,96,104"
582,15:22,8,8,동탄/용인,4,"6,22,62,63"
582,15:22,9,9,평택,18,"16,27,38,41,46,47,48,52,53,54,57,58,59,64,68,78,88,98"
583,15:23,1,1,서울역,29,"0,2,26,29,30,32,35,39,40,42,43,44,45,50,55,60,65,67,70,71,75,80,81,85,90,94,95,97,100"
583,15:23,10,10,인천공항,6,"21,23,49,61,79,99"
583,15:23,2,2,수서,6,"1,3,7,31,91,101"
583,15:23,3,3,삼성,5,"4,14,72,89,102"
583,15:23,4,4,여의도,13,"19,33,37,51,66,73,77,82,83,87,92,93,103"
583,15:23,5,5,김포공항,6,"10,12,13,15,18,24"
583,15:23,6,6,일산,1,20
583,15:23,7,7,판교,11,"8,9,11,36,56,74,76,84,86,96,104"
583,15:23,8,8,동탄/용인,4,"6,22,62,63"
583,15:23,9,9,평택,18,"16,27,38,41,46,47,48,52,53,54,57,58,59,64,68,78,88,98"
584,15:24,1,1,서울역,29,"0,2,26,29,30,32,35,39,40,42,43,44,45,50,55,60,65,67,70,71,75,80,81,85,90,94,95,97,100"
584,15:24,10,10,인천공항,6,"21,23,49,61,79,99"
584,15:24,2,2,수서,6,"1,3,7,31,91,101"
584,15:24,3,3,삼성,5,"4,14,72,89,102"
584,15:24,4,4,여의도,13,"19,33,37,51,66,73,77,82,83,87,92,93,103"
584,15:24,5,5,김포공항,6,"10,12,13,15,18,24"
584,15:24,6,6,일산,1,20
584,15:24,7,7,판교,11,"8,9,11,36,56,74,76,84,86,96,104"
584,15:24,8,8,동탄/용인,4,"6,22,62,63"
584,15:24,9,9,평택,19,"16,27,28,38,41,46,47,48,52,53,54,57,58,59,64,68,78,88,98"
585,15:25,1,1,서울역,29,"0,2,26,29,30,32,35,39,40,42,43,44,45,50,55,60,65,67,70,71,75,80,81,85,90,94,95,97,100"
585,15:25,10,10,인천공항,6,"21,23,49,61,79,99"
585,15:25,2,2,수서,5,"3,7,31,91,101"
585,15:25,3,3,삼성,4,"4,14,72,102"
585,15:25,4,4,여의도,13,"19,33,37,51,66,73,77,82,83,87,92,93,103"
585,15:25,5,5,김포공항,6,"10,12,13,15,18,24"
585,15:25,6,6,일산,1,20
585,15:25,7,7,판교,10,"9,11,36,56,74,76,84,86,96,104"
585,15:25,8,8,동탄/용인,4,"6,22,62,63"
585,15:25,9,9,평택,19,"16,27,28,38,41,46,47,48,52,53,54,57,58,59,64,68,78,88,98"
586,15:26,1,1,서울역,29,"0,2,26,29,30,32,35,39,40,42,43,44,45,50,55,60,65,67,70,71,75,80,81,85,90,94,95,97,100"
586,15:26,10,10,인천공항,6,"21,23,49,61,79,99"
586,15:26,2,2,수서,5,"3,7,31,91,101"
586,15:26,3,3,삼성,4,"4,14,72,102"
586,15:26,4,4,여의도,13,"19,33,37,51,66,73,77,82,83,87,92,93,103"
586,15:26,5,5,김포공항,6,"10,12,13,15,18,24"
586,15:26,6,6,일산,1,20
586,15:26,7,7,판교,10,"9,11,36,56,74,76,84,86,96,104"
586,15:26,8,8,동탄/용인,4,"6,22,62,63"
586,15:26,9,9,평택,19,"16,27,28,38,41,46,47,48,52,53,54,57,58,59,64,68,78,88,98"
587,15:27,1,1,서울역,29,"0,2,26,29,30,32,35,39,40,42,43,44,45,50,55,60,65,67,70,71,75,80,81,85,90,94,95,97,100"
587,15:27,10,10,인천공항,6,"21,23,49,61,79,99"
587,15:27,2,2,수서,5,"3,7,31,91,101"
587,15:27,3,3,삼성,4,"4,14,72,102"
587,15:27,4,4,여의도,13,"19,33,37,51,66,73,77,82,83,87,92,93,103"
587,15:27,5,5,김포공항,6,"10,12,13,15,18,24"
587,15:27,6,6,일산,1,20
587,15:27,7,7,판교,10,"9,11,36,56,74,76,84,86,96,104"
587,15:27,8,8,동탄/용인,4,"6,22,62,63"
587,15:27,9,9,평택,19,"16,27,28,38,41,46,47,48,52,53,54,57,58,59,64,68,78,88,98"
588,15:28,1,1,서울역,29,"0,2,26,29,30,32,35,39,40,42,43,44,45,50,55,60,65,67,70,71,75,80,81,85,90,94,95,97,100"
588,15:28,10,10,인천공항,6,"21,23,49,61,79,99"
588,15:28,2,2,수서,6,"3,7,17,31,91,101"
588,15:28,3,3,삼성,4,"4,14,72,102"
588,15:28,4,4,여의도,14,"5,19,33,37,51,66,73,77,82,83,87,92,93,103"
588,15:28,5,5,김포공항,6,"10,12,13,15,18,24"
588,15:28,6,6,일산,1,20
588,15:28,7,7,판교,10,"9,11,36,56,74,76,84,86,96,104"
588,15:28,8,8,동탄/용인,4,"6,22,62,63"
588,15:28,9,9,평택,19,"16,27,28,38,41,46,47,48,52,53,54,57,58,59,64,68,78,88,98"
589,15:29,1,1,서울역,29,"0,2,26,29,30,32,35,39,40,42,43,44,45,50,55,60,65,67,70,71,75,80,81,85,90,94,95,97,100"
589,15:29,10,10,인천공항,6,"21,23,49,61,79,99"
589,15:29,2,2,수서,5,"7,17,31,91,101"
589,15:29,3,3,삼성,4,"4,14,72,102"
589,15:29,4,4,여의도,14,"5,19,33,37,51,66,73,77,82,83,87,92,93,103"
589,15:29,5,5,김포공항,6,"10,12,13,15,18,24"
589,15:29,6,6,일산,1,20
589,15:29,7,7,판교,10,"9,11,36,56,74,76,84,86,96,104"
589,15:29,8,8,동탄/용인,4,"6,22,62,63"
589,15:29,9,9,평택,19,"16,27,28,38,41,46,47,48,52,53,54,57,58,59,64,68,78,88,98"
590,15:30,1,1,서울역,29,"0,2,26,29,30,32,35,39,40,42,43,44,45,50,55,60,65,67,70,71,75,80,81,85,90,94,95,97,100"
590,15:30,10,10,인천공항,6,"21,23,49,61,79,99"
590,15:30,2,2,수서,5,"7,17,31,91,101"
590,15:30,3,3,삼성,4,"4,14,72,102"
590,15:30,4,4,여의도,14,"5,19,33,37,51,66,73,77,82,83,87,92,93,103"
590,15:30,5,5,김포공항,6,"10,12,13,15,18,24"
590,15:30,6,6,일산,1,20
590,15:30,7,7,판교,10,"9,11,36,56,74,76,84,86,96,104"
590,15:30,8,8,동탄/용인,4,"6,22,62,63"
590,15:30,9,9,평택,19,"16,27,28,38,41,46,47,48,52,53,54,57,58,59,64,68,78,88,98"
591,15:31,1,1,서울역,29,"0,2,26,29,30,32,35,39,40,42,43,44,45,50,55,60,65,67,70,71,75,80,81,85,90,94,95,97,100"
591,15:31,10,10,인천공항,6,"21,23,49,61,79,99"
591,15:31,2,2,수서,5,"7,17,31,91,101"
591,15:31,3,3,삼성,3,"4,72,102"
591,15:31,4,4,여의도,15,"1,5,19,33,37,51,66,73,77,82,83,87,92,93,103"
591,15:31,5,5,김포공항,6,"10,12,13,15,18,24"
591,15:31,6,6,일산,1,20
591,15:31,7,7,판교,10,"9,11,36,56,74,76,84,86,96,104"
591,15:31,8,8,동탄/용인,4,"6,22,62,63"
591,15:31,9,9,평택,19,"16,27,28,38,41,46,47,48,52,53,54,57,58,59,64,68,78,88,98"
592,15:32,1,1,서울역,29,"0,2,26,29,30,32,35,39,40,42,43,44,45,50,55,60,65,67,70,71,75,80,81,85,90,94,95,97,100"
592,15:32,10,10,인천공항,5,"23,49,61,79,99"
592,15:32,2,2,수서,5,"7,17,31,91,101"
592,15:32,3,3,삼성,3,"4,72,102"
592,15:32,4,4,여의도,16,"1,5,8,19,33,37,51,66,73,77,82,83,87,92,93,103"
592,15:32,5,5,김포공항,5,"10,12,15,18,24"
592,15:32,6,6,일산,1,20
592,15:32,7,7,판교,10,"9,11,36,56,74,76,84,86,96,104"
592,15:32,8,8,동탄/용인,5,"6,22,25,62,63"
592,15:32,9,9,평택,19,"16,27,28,38,41,46,47,48,52,53,54,57,58,59,64,68,78,88,98"
593,15:33,1,1,서울역,29,"0,2,26,29,30,32,35,39,40,42,43,44,45,50,55,60,65,67,70,71,75,80,81,85,90,94,95,97,100"
593,15:33,10,10,인천공항,6,"23,49,61,69,79,99"
593,15:33,2,2,수서,4,"17,31,91,101"
593,15:33,3,3,삼성,3,"4,72,102"
593,15:33,4,4,여의도,16,"1,5,8,19,33,37,51,66,73,77,82,83,87,92,93,103"
593,15:33,5,5,김포공항,6,"10,12,15,18,24,89"
593,15:33,6,6,일산,1,20
593,15:33,7,7,판교,10,"9,11,36,56,74,76,84,86,96,104"
593,15:33,8,8,동탄/용인,5,"6,22,25,62,63"
593,15:33,9,9,평택,19,"16,27,28,38,41,46,47,48,52,53,54,57,58,59,64,68,78,88,98"
594,15:34,1,1,서울역,29,"0,2,26,29,30,32,35,39,40,42,43,44,45,50,55,60,65,67,70,71,75,80,81,85,90,94,95,97,100"
594,15:34,10,10,인천공항,6,"23,49,61,69,79,99"
594,15:34,2,2,수서,4,"17,31,91,101"
594,15:34,3,3,삼성,3,"4,72,102"
594,15:34,4,4,여의도,15,"1,8,19,33,37,51,66,73,77,82,83,87,92,93,103"
594,15:34,5,5,김포공항,6,"10,12,15,18,24,89"
594,15:34,6,6,일산,1,20
594,15:34,7,7,판교,10,"9,11,36,56,74,76,84,86,96,104"
594,15:34,8,8,동탄/용인,5,"6,22,25,62,63"
594,15:34,9,9,평택,20,"16,27,28,34,38,41,46,47,48,52,53,54,57,58,59,64,68,78,88,98"
595,15:35,1,1,서울역,29,"0,2,26,29,30,32,35,39,40,42,43,44,45,50,55,60,65,67,70,71,75,80,81,85,90,94,95,97,100"
595,15:35,10,10,인천공항,6,"23,49,61,69,79,99"
595,15:35,2,2,수서,4,"17,31,91,101"
595,15:35,3,3,삼성,3,"4,72,102"
595,15:35,4,4,여의도,15,"1,8,19,33,37,51,66,73,77,82,83,87,92,93,103"
595,15:35,5,5,김포공항,6,"10,12,15,18,24,89"
595,15:35,6,6,일산,1,20
595,15:35,7,7,판교,10,"9,11,36,56,74,76,84,86,96,104"
595,15:35,8,8,동탄/용인,5,"6,22,25,62,63"
595,15:35,9,9,평택,20,"16,27,28,34,38,41,46,47,48,52,53,54,57,58,59,64,68,78,88,98"
596,15:36,1,1,서울역,29,"0,2,26,29,30,32,35,39,40,42,43,44,45,50,55,60,65,67,70,71,75,80,81,85,90,94,95,97,100"
596,15:36,10,10,인천공항,6,"23,49,61,69,79,99"
596,15:36,2,2,수서,4,"17,31,91,101"
596,15:36,3,3,삼성,4,"4,7,72,102"
596,15:36,4,4,여의도,15,"1,8,19,33,37,51,66,73,77,82,83,87,92,93,103"
596,15:36,5,5,김포공항,5,"10,12,15,18,24"
596,15:36,6,6,일산,1,20
596,15:36,7,7,판교,10,"9,11,36,56,74,76,84,86,96,104"
596,15:36,8,8,동탄/용인,5,"6,22,25,62,63"
596,15:36,9,9,평택,20,"16,27,28,34,38,41,46,47,48,52,53,54,57,58,59,64,68,78,88,98"
597,15:37,1,1,서울역,30,"0,2,14,26,29,30,32,35,39,40,42,43,44,45,50,55,60,65,67,70,71,75,80,81,85,90,94,95,97,100"
597,15:37,10,10,인천공항,6,"23,49,61,69,79,99"
597,15:37,2,2,수서,4,"17,31,91,101"
597,15:37,3,3,삼성,4,"4,7,72,102"
597,15:37,4,4,여의도,14,"1,8,19,33,37,66,73,77,82,83,87,92,93,103"
597,15:37,5,5,김포공항,5,"3,12,15,18,24"
597,15:37,6,6,일산,1,20
597,15:37,7,7,판교,10,"9,11,36,56,74,76,84,86,96,104"
597,15:37,8,8,동탄/용인,5,"6,22,25,62,63"
597,15:37,9,9,평택,20,"16,27,28,34,38,41,46,47,48,52,53,54,57,58,59,64,68,78,88,98"
598,15:38,1,1,서울역,30,"0,2,14,26,29,30,32,35,39,40,42,43,44,45,50,55,60,65,67,70,71,75,80,81,85,90,94,95,97,100"
598,15:38,10,10,인천공항,6,"23,49,61,69,79,99"
598,15:38,2,2,수서,4,"17,31,91,101"
598,15:38,3,3,삼성,3,"7,72,102"
598,15:38,4,4,여의도,14,"1,8,19,33,37,66,73,77,82,83,87,92,93,103"
598,15:38,5,5,김포공항,5,"3,12,15,18,24"
598,15:38,6,6,일산,1,20
598,15:38,7,7,판교,10,"9,11,36,56,74,76,84,86,96,104"
598,15:38,8,8,동탄/용인,5,"6,22,25,62,63"
598,15:38,9,9,평택,20,"16,27,28,34,38,41,46,47,48,52,53,54,57,58,59,64,68,78,88,98"
599,15:39,1,1,서울역,30,"0,2,14,26,29,30,32,35,39,40,42,43,44,45,50,55,60,65,67,70,71,75,80,81,85,90,94,95,97,100"
599,15:39,10,10,인천공항,6,"23,49,61,69,79,99"
599,15:39,2,2,수서,4,"17,31,91,101"
599,15:39,3,3,삼성,2,"72,102"
599,15:39,4,4,여의도,14,"1,8,19,33,37,66,73,77,82,83,87,92,93,103"
599,15:39,5,5,김포공항,5,"3,12,15,18,24"
599,15:39,6,6,일산,2,"13,20"
599,15:39,7,7,판교,10,"9,11,36,56,74,76,84,86,96,104"
599,15:39,8,8,동탄/용인,5,"6,22,25,62,63"
599,15:39,9,9,평택,20,"16,27,28,34,38,41,46,47,48,52,53,54,57,58,59,64,68,78,88,98"
600,15:40,1,1,서울역,28,"0,2,14,30,32,35,39,40,42,43,44,45,50,55,60,65,67,70,71,75,80,81,85,90,94,95,97,100"
600,15:40,10,10,인천공항,6,"23,49,61,69,79,99"
600,15:40,2,2,수서,4,"17,31,91,101"
600,15:40,3,3,삼성,2,"72,102"
600,15:40,4,4,여의도,13,"1,8,19,33,37,73,77,82,83,87,92,93,103"
600,15:40,5,5,김포공항,5,"3,12,15,18,24"
600,15:40,6,6,일산,2,"13,20"
600,15:40,7,7,판교,10,"9,11,36,56,74,76,84,86,96,104"
600,15:40,8,8,동탄/용인,5,"6,22,25,62,63"
600,15:40,9,9,평택,20,"16,27,28,34,38,41,46,47,48,52,53,54,57,58,59,64,68,78,88,98"
601,15:41,1,1,서울역,28,"0,2,14,30,32,35,39,40,42,43,44,45,50,55,60,65,67,70,71,75,80,81,85,90,94,95,97,100"
601,15:41,10,10,인천공항,6,"23,49,61,69,79,99"
601,15:41,2,2,수서,4,"17,31,91,101"
601,15:41,3,3,삼성,2,"72,102"
601,15:41,4,4,여의도,13,"1,8,19,33,37,73,77,82,83,87,92,93,103"
601,15:41,5,5,김포공항,5,"3,12,15,18,24"
601,15:41,6,6,일산,2,"13,20"
601,15:41,7,7,판교,11,"5,9,11,36,56,74,76,84,86,96,104"
601,15:41,8,8,동탄/용인,5,"6,22,25,62,63"
601,15:41,9,9,평택,20,"16,27,28,34,38,41,46,47,48,52,53,54,57,58,59,64,68,78,88,98"
602,15:42,1,1,서울역,28,"0,2,14,30,32,35,39,40,42,43,44,45,50,55,60,65,67,70,71,75,80,81,85,90,94,95,97,100"
602,15:42,10,10,인천공항,6,"23,49,61,69,79,99"
602,15:42,2,2,수서,3,"31,91,101"
602,15:42,3,3,삼성,2,"72,102"
602,15:42,4,4,여의도,13,"1,8,19,33,37,73,77,82,83,87,92,93,103"
602,15:42,5,5,김포공항,5,"3,12,15,18,24"
602,15:42,6,6,일산,1,20
602,15:42,7,7,판교,11,"5,9,11,36,56,74,76,84,86,96,104"
602,15:42,8,8,동탄/용인,5,"6,22,25,62,63"
602,15:42,9,9,평택,20,"16,27,28,34,38,41,46,47,48,52,53,54,57,58,59,64,68,78,88,98"
603,15:43,1,1,서울역,28,"0,2,14,30,32,35,39,40,42,43,44,45,50,55,60,65,67,70,71,75,80,81,85,90,94,95,97,100"
603,15:43,10,10,인천공항,6,"23,49,61,69,79,99"
603,15:43,2,2,수서,3,"31,91,101"
603,15:43,3,3,삼성,2,"72,102"
603,15:43,4,4,여의도,13,"1,8,19,33,37,73,77,82,83,87,92,93,103"
603,15:43,5,5,김포공항,5,"3,12,15,18,24"
603,15:43,6,6,일산,1,20
603,15:43,7,7,판교,11,"5,9,11,36,56,74,76,84,86,96,104"
603,15:43,8,8,동탄/용인,5,"6,22,25,62,63"
603,15:43,9,9,평택,20,"16,27,28,34,38,41,46,47,48,52,53,54,57,58,59,64,68,78,88,98"
604,15:44,1,1,서울역,28,"0,2,14,30,32,35,39,40,42,43,44,45,50,55,60,65,67,70,71,75,80,81,85,90,94,95,97,100"
604,15:44,10,10,인천공항,6,"23,49,61,69,79,99"
604,15:44,2,2,수서,3,"31,91,101"
604,15:44,3,3,삼성,2,"72,102"
604,15:44,4,4,여의도,12,"8,19,33,37,73,77,82,83,87,92,93,103"
604,15:44,5,5,김포공항,5,"3,12,15,18,24"
604,15:44,6,6,일산,1,20
604,15:44,7,7,판교,12,"5,9,11,36,51,56,74,76,84,86,96,104"
604,15:44,8,8,동탄/용인,5,"6,22,25,62,63"
604,15:44,9,9,평택,20,"16,27,28,34,38,41,46,47,48,52,53,54,57,58,59,64,68,78,88,98"
605,15:45,1,1,서울역,28,"0,2,14,30,32,35,39,40,42,43,44,45,50,55,60,65,67,70,71,75,80,81,85,90,94,95,97,100"
605,15:45,10,10,인천공항,6,"23,49,61,69,79,99"
605,15:45,2,2,수서,3,"31,91,101"
605,15:45,3,3,삼성,2,"72,102"
605,15:45,4,4,여의도,11,"19,33,37,73,77,82,83,87,92,93,103"
605,15:45,5,5,김포공항,5,"3,12,15,18,24"
605,15:45,6,6,일산,1,20
605,15:45,7,7,판교,12,"5,9,11,36,51,56,74,76,84,86,96,104"
605,15:45,8,8,동탄/용인,5,"6,22,25,62,63"
605,15:45,9,9,평택,19,"27,28,34,38,41,46,47,48,52,53,54,57,58,59,64,68,78,88,98"
606,15:46,1,1,서울역,28,"0,2,14,30,32,35,39,40,42,43,44,45,50,55,60,65,67,70,71,75,80,81,85,90,94,95,97,100"
606,15:46,10,10,인천공항,7,"23,49,61,69,79,89,99"
606,15:46,2,2,수서,3,"31,91,101"
606,15:46,3,3,삼성,3,"26,72,102"
606,15:46,4,4,여의도,11,"19,33,37,73,77,82,83,87,92,93,103"
606,15:46,5,5,김포공항,6,"3,4,12,15,18,24"
606,15:46,6,6,일산,1,20
606,15:46,7,7,판교,12,"5,9,11,36,51,56,74,76,84,86,96,104"
606,15:46,8,8,동탄/용인,5,"6,22,25,62,63"
606,15:46,9,9,평택,19,"27,28,34,38,41,46,47,48,52,53,54,57,58,59,64,68,78,88,98"
607,15:47,1,1,서울역,27,"0,2,30,32,35,39,40,42,43,44,45,50,55,60,65,67,70,71,75,80,81,85,90,94,95,97,100"
607,15:47,10,10,인천공항,7,"23,49,61,69,79,89,99"
607,15:47,2,2,수서,3,"31,91,101"
607,15:47,3,3,삼성,4,"21,26,72,102"
607,15:47,4,4,여의도,11,"19,33,37,73,77,82,83,87,92,93,103"
607,15:47,5,5,김포공항,7,"3,4,7,12,15,18,24"
607,15:47,6,6,일산,2,"20,29"
607,15:47,7,7,판교,12,"5,9,11,36,51,56,74,76,84,86,96,104"
607,15:47,8,8,동탄/용인,5,"6,22,25,62,63"
607,15:47,9,9,평택,19,"27,28,34,38,41,46,47,48,52,53,54,57,58,59,64,68,78,88,98"
608,15:48,1,1,서울역,27,"0,2,30,32,35,39,40,42,43,44,45,50,55,60,65,67,70,71,75,80,81,85,90,94,95,97,100"
608,15:48,10,10,인천공항,7,"23,49,61,69,79,89,99"
608,15:48,2,2,수서,3,"31,91,101"
608,15:48,3,3,삼성,4,"21,26,72,102"
608,15:48,4,4,여의도,11,"19,33,37,73,77,82,83,87,92,93,103"
608,15:48,5,5,김포공항,7,"3,4,7,12,15,18,24"
608,15:48,6,6,일산,2,"20,29"
608,15:48,7,7,판교,12,"5,9,11,36,51,56,74,76,84,86,96,104"
608,15:48,8,8,동탄/용인,5,"6,22,25,62,63"
608,15:48,9,9,평택,19,"27,28,34,38,41,46,47,48,52,53,54,57,58,59,64,68,78,88,98"
609,15:49,1,1,서울역,27,"0,2,30,32,35,39,40,42,43,44,45,50,55,60,65,67,70,71,75,80,81,85,90,94,95,97,100"
609,15:49,10,10,인천공항,7,"23,49,61,69,79,89,99"
609,15:49,2,2,수서,3,"31,91,101"
609,15:49,3,3,삼성,3,"21,72,102"
609,15:49,4,4,여의도,11,"19,33,37,73,77,82,83,87,92,93,103"
609,15:49,5,5,김포공항,7,"3,4,7,12,15,18,24"
609,15:49,6,6,일산,1,29
609,15:49,7,7,판교,12,"5,9,11,36,51,56,74,76,84,86,96,104"
609,15:49,8,8,동탄/용인,5,"6,22,25,62,63"
609,15:49,9,9,평택,19,"27,28,34,38,41,46,47,48,52,53,54,57,58,59,64,68,78,88,98"
610,15:50,1,1,서울역,27,"0,2,30,32,35,39,40,42,43,44,45,50,55,60,65,67,70,71,75,80,81,85,90,94,95,97,100"
610,15:50,10,10,인천공항,7,"23,49,61,69,79,89,99"
610,15:50,2,2,수서,4,"1,31,91,101"
610,15:50,3,3,삼성,3,"21,72,102"
610,15:50,4,4,여의도,11,"19,33,37,73,77,82,83,87,92,93,103"
610,15:50,5,5,김포공항,7,"3,4,7,12,15,18,24"
610,15:50,7,7,판교,12,"5,9,11,36,51,56,74,76,84,86,96,104"
610,15:50,8,8,동탄/용인,5,"6,22,25,62,63"
610,15:50,9,9,평택,19,"27,28,34,38,41,46,47,48,52,53,54,57,58,59,64,68,78,88,98"
611,15:51,1,1,서울역,26,"0,2,32,35,39,40,42,43,44,45,50,55,60,65,67,70,71,75,80,81,85,90,94,95,97,100"
611,15:51,10,10,인천공항,7,"23,49,61,69,79,89,99"
611,15:51,2,2,수서,5,"1,8,31,91,101"
611,15:51,3,3,삼성,3,"21,72,102"
611,15:51,4,4,여의도,11,"19,33,37,73,77,82,83,87,92,93,103"
611,15:51,5,5,김포공항,7,"3,4,7,12,15,18,24"
611,15:51,7,7,판교,12,"5,9,11,36,51,56,74,76,84,86,96,104"
611,15:51,8,8,동탄/용인,5,"6,22,25,62,63"
611,15:51,9,9,평택,19,"27,28,34,38,41,46,47,48,52,53,54,57,58,59,64,68,78,88,98"
612,15:52,1,1,서울역,26,"0,2,32,35,39,40,42,43,44,45,50,55,60,65,67,70,71,75,80,81,85,90,94,95,97,100"
612,15:52,10,10,인천공항,8,"23,49,61,66,69,79,89,99"
612,15:52,2,2,수서,5,"1,8,31,91,101"
612,15:52,3,3,삼성,3,"21,72,102"
612,15:52,4,4,여의도,11,"19,33,37,73,77,82,83,87,92,93,103"
612,15:52,5,5,김포공항,7,"3,4,7,12,15,18,24"
612,15:52,7,7,판교,12,"5,9,11,36,51,56,74,76,84,86,96,104"
612,15:52,8,8,동탄/용인,5,"6,22,25,62,63"
612,15:52,9,9,평택,19,"27,28,34,38,41,46,47,48,52,53,54,57,58,59,64,68,78,88,98"
613,15:53,1,1,서울역,26,"0,2,32,35,39,40,42,43,44,45,50,55,60,65,67,70,71,75,80,81,85,90,94,95,97,100"
613,15:53,10,10,인천공항,8,"23,49,61,66,69,79,89,99"
613,15:53,2,2,수서,5,"1,8,31,91,101"
613,15:53,3,3,삼성,3,"21,72,102"
613,15:53,4,4,여의도,11,"19,33,37,73,77,82,83,87,92,93,103"
613,15:53,5,5,김포공항,7,"3,4,7,12,15,18,24"
613,15:53,6,6,일산,1,17
613,15:53,7,7,판교,12,"5,9,11,36,51,56,74,76,84,86,96,104"
613,15:53,8,8,동탄/용인,4,"22,25,62,63"
613,15:53,9,9,평택,19,"27,28,34,38,41,46,47,48,52,53,54,57,58,59,64,68,78,88,98"
614,15:54,1,1,서울역,26,"0,2,32,35,39,40,42,43,44,45,50,55,60,65,67,70,71,75,80,81,85,90,94,95,97,100"
614,15:54,10,10,인천공항,8,"23,49,61,66,69,79,89,99"
614,15:54,2,2,수서,5,"1,8,31,91,101"
614,15:54,3,3,삼성,3,"21,72,102"
614,15:54,4,4,여의도,11,"19,33,37,73,77,82,83,87,92,93,103"
614,15:54,5,5,김포공항,7,"3,4,7,12,15,18,24"
614,15:54,6,6,일산,1,17
614,15:54,7,7,판교,13,"5,9,11,13,36,51,56,74,76,84,86,96,104"
614,15:54,8,8,동탄/용인,4,"22,25,62,63"
614,15:54,9,9,평택,20,"10,27,28,34,38,41,46,47,48,52,53,54,57,58,59,64,68,78,88,98"
615,15:55,1,1,서울역,26,"0,2,32,35,39,40,42,43,44,45,50,55,60,65,67,70,71,75,80,81,85,90,94,95,97,100"
615,15:55,10,10,인천공항,8,"23,49,61,66,69,79,89,99"
615,15:55,2,2,수서,5,"1,8,31,91,101"
615,15:55,3,3,삼성,3,"21,72,102"
615,15:55,4,4,여의도,11,"19,33,37,73,77,82,83,87,92,93,103"
615,15:55,5,5,김포공항,7,"3,4,7,12,15,18,24"
615,15:55,6,6,일산,1,17
615,15:55,7,7,판교,13,"5,9,11,13,36,51,56,74,76,84,86,96,104"
615,15:55,8,8,동탄/용인,4,"22,25,62,63"
615,15:55,9,9,평택,20,"10,27,28,34,38,41,46,47,48,52,53,54,57,58,59,64,68,78,88,98"
616,15:56,1,1,서울역,27,"0,2,20,32,35,39,40,42,43,44,45,50,55,60,65,67,70,71,75,80,81,85,90,94,95,97,100"
616,15:56,10,10,인천공항,8,"23,49,61,66,69,79,89,99"
616,15:56,2,2,수서,5,"1,8,31,91,101"
616,15:56,3,3,삼성,3,"21,72,102"
616,15:56,4,4,여의도,11,"19,33,37,73,77,82,83,87,92,93,103"
616,15:56,5,5,김포공항,7,"3,4,7,12,15,18,24"
616,15:56,6,6,일산,1,17
616,15:56,7,7,판교,13,"5,9,11,13,36,51,56,74,76,84,86,96,104"
616,15:56,8,8,동탄/용인,4,"22,25,62,63"
616,15:56,9,9,평택,20,"10,27,28,34,38,41,46,47,48,52,53,54,57,58,59,64,68,78,88,98"
617,15:57,1,1,서울역,27,"0,2,20,32,35,39,40,42,43,44,45,50,55,60,65,67,70,71,75,80,81,85,90,94,95,97,100"
617,15:57,10,10,인천공항,8,"23,49,61,66,69,79,89,99"
617,15:57,2,2,수서,5,"1,8,31,91,101"
617,15:57,3,3,삼성,3,"21,72,102"
617,15:57,4,4,여의도,11,"19,33,37,73,77,82,83,87,92,93,103"
617,15:57,5,5,김포공항,8,"3,4,7,12,15,18,24,26"
617,15:57,6,6,일산,1,17
617,15:57,7,7,판교,13,"5,9,11,13,36,51,56,74,76,84,86,96,104"
617,15:57,8,8,동탄/용인,4,"22,25,62,63"
617,15:57,9,9,평택,20,"10,27,28,34,38,41,46,47,48,52,53,54,57,58,59,64,68,78,88,98"
618,15:58,1,1,서울역,26,"2,20,32,35,39,40,42,43,44,45,50,55,60,65,67,70,71,75,80,81,85,90,94,95,97,100"
618,15:58,10,10,인천공항,8,"23,49,61,66,69,79,89,99"
618,15:58,2,2,수서,5,"1,8,31,91,101"
618,15:58,3,3,삼성,3,"21,72,102"
618,15:58,4,4,여의도,11,"19,33,37,73,77,82,83,87,92,93,103"
618,15:58,5,5,김포공항,8,"3,4,7,12,15,18,24,26"
618,15:58,6,6,일산,1,17
618,15:58,7,7,판교,13,"5,9,11,13,36,51,56,74,76,84,86,96,104"
618,15:58,8,8,동탄/용인,4,"22,25,62,63"
618,15:58,9,9,평택,20,"10,27,28,34,38,41,46,47,48,52,53,54,57,58,59,64,68,78,88,98"
619,15:59,1,1,서울역,26,"2,20,32,35,39,40,42,43,44,45,50,55,60,65,67,70,71,75,80,81,85,90,94,95,97,100"
619,15:59,10,10,인천공항,8,"23,49,61,66,69,79,89,99"
619,15:59,2,2,수서,5,"1,8,31,91,101"
619,15:59,3,3,삼성,3,"21,72,102"
619,15:59,4,4,여의도,11,"19,33,37,73,77,82,83,87,92,93,103"
619,15:59,5,5,김포공항,8,"3,4,7,12,15,18,24,26"
619,15:59,6,6,일산,1,17
619,15:59,7,7,판교,13,"5,9,11,13,36,51,56,74,76,84,86,96,104"
619,15:59,8,8,동탄/용인,4,"22,25,62,63"
619,15:59,9,9,평택,20,"10,27,28,34,38,41,46,47,48,52,53,54,57,58,59,64,68,78,88,98"
620,16:00,1,1,서울역,26,"2,20,32,35,39,40,42,43,44,45,50,55,60,65,67,70,71,75,80,81,85,90,94,95,97,100"
620,16:00,10,10,인천공항,9,"14,23,49,61,66,69,79,89,99"
620,16:00,2,2,수서,5,"1,8,31,91,101"
620,16:00,3,3,삼성,3,"21,72,102"
620,16:00,4,4,여의도,11,"19,33,37,73,77,82,83,87,92,93,103"
620,16:00,5,5,김포공항,8,"3,4,7,12,15,18,24,26"
620,16:00,6,6,일산,1,17
620,16:00,7,7,판교,13,"5,9,11,13,36,51,56,74,76,84,86,96,104"
620,16:00,8,8,동탄/용인,4,"22,25,62,63"
620,16:00,9,9,평택,20,"10,27,28,34,38,41,46,47,48,52,53,54,57,58,59,64,68,78,88,98"
621,16:01,1,1,서울역,26,"2,20,32,35,39,40,42,43,44,45,50,55,60,65,67,70,71,75,80,81,85,90,94,95,97,100"
621,16:01,10,10,인천공항,9,"14,23,49,61,66,69,79,89,99"
621,16:01,2,2,수서,6,"1,8,29,31,91,101"
621,16:01,3,3,삼성,3,"21,72,102"
621,16:01,4,4,여의도,11,"19,33,37,73,77,82,83,87,92,93,103"
621,16:01,5,5,김포공항,8,"3,4,7,12,15,18,24,26"
621,16:01,6,6,일산,1,17
621,16:01,7,7,판교,13,"5,9,11,13,36,51,56,74,76,84,86,96,104"
621,16:01,8,8,동탄/용인,4,"22,25,62,63"
621,16:01,9,9,평택,20,"10,27,28,34,38,41,46,47,48,52,53,54,57,58,59,64,68,78,88,98"
622,16:02,1,1,서울역,26,"2,20,32,35,39,40,42,43,44,45,50,55,60,65,67,70,71,75,80,81,85,90,94,95,97,100"
622,16:02,10,10,인천공항,9,"14,23,49,61,66,69,79,89,99"
622,16:02,2,2,수서,5,"8,29,31,91,101"
622,16:02,3,3,삼성,3,"21,72,102"
622,16:02,4,4,여의도,11,"19,33,37,73,77,82,83,87,92,93,103"
622,16:02,5,5,김포공항,8,"3,4,7,12,15,18,24,26"
622,16:02,6,6,일산,1,17
622,16:02,7,7,판교,13,"5,9,11,13,36,51,56,74,76,84,86,96,104"
622,16:02,8,8,동탄/용인,4,"22,25,62,63"
622,16:02,9,9,평택,20,"10,27,28,34,38,41,46,47,48,52,53,54,57,58,59,64,68,78,88,98"
623,16:03,1,1,서울역,26,"2,20,32,35,39,40,42,43,44,45,50,55,60,65,67,70,71,75,80,81,85,90,94,95,97,100"
623,16:03,10,10,인천공항,9,"14,23,49,61,66,69,79,89,99"
623,16:03,2,2,수서,5,"8,29,31,91,101"
623,16:03,3,3,삼성,3,"21,72,102"
623,16:03,4,4,여의도,11,"19,33,37,73,77,82,83,87,92,93,103"
623,16:03,5,5,김포공항,8,"3,4,7,12,15,18,24,26"
623,16:03,6,6,일산,1,17
623,16:03,7,7,판교,13,"5,9,11,13,36,51,56,74,76,84,86,96,104"
623,16:03,8,8,동탄/용인,4,"22,25,62,63"
623,16:03,9,9,평택,20,"10,27,28,34,38,41,46,47,48,52,53,54,57,58,59,64,68,78,88,98"
624,16:04,1,1,서울역,25,"2,20,32,39,40,42,43,44,45,50,55,60,65,67,70,71,75,80,81,85,90,94,95,97,100"
624,16:04,10,10,인천공항,10,"14,16,23,49,61,66,69,79,89,99"
624,16:04,2,2,수서,5,"8,29,31,91,101"
624,16:04,3,3,삼성,3,"21,72,102"
624,16:04,4,4,여의도,11,"19,33,37,73,77,82,83,87,92,93,103"
624,16:04,5,5,김포공항,8,"3,4,7,12,15,18,24,26"
624,16:04,6,6,일산,1,17
624,16:04,7,7,판교,13,"5,9,11,13,36,51,56,74,76,84,86,96,104"
624,16:04,8,8,동탄/용인,4,"22,25,62,63"
624,16:04,9,9,평택,20,"10,27,28,34,38,41,46,47,48,52,53,54,57,58,59,64,68,78,88,98"
625,16:05,1,1,서울역,25,"2,20,32,39,40,42,43,44,45,50,55,60,65,67,70,71,75,80,81,85,90,94,95,97,100"
625,16:05,10,10,인천공항,10,"14,16,23,49,61,66,69,79,89,99"
625,16:05,2,2,수서,5,"8,29,31,91,101"
625,16:05,3,3,삼성,3,"21,72,102"
625,16:05,4,4,여의도,11,"19,33,37,73,77,82,83,87,92,93,103"
625,16:05,5,5,김포공항,8,"3,4,7,12,15,18,24,26"
625,16:05,6,6,일산,2,"0,17"
625,16:05,7,7,판교,13,"5,9,11,13,36,51,56,74,76,84,86,96,104"
625,16:05,8,8,동탄/용인,4,"22,25,62,63"
625,16:05,9,9,평택,20,"10,27,28,34,38,41,46,47,48,52,53,54,57,58,59,64,68,78,88,98"
626,16:06,1,1,서울역,25,"2,20,32,39,40,42,43,44,45,50,55,60,65,67,70,71,75,80,81,85,90,94,95,97,100"
626,16:06,10,10,인천공항,10,"14,16,23,49,61,66,69,79,89,99"
626,16:06,2,2,수서,5,"8,29,31,91,101"
626,16:06,3,3,삼성,3,"21,72,102"
626,16:06,4,4,여의도,11,"19,33,37,73,77,82,83,87,92,93,103"
626,16:06,5,5,김포공항,8,"3,4,7,12,15,18,24,26"
626,16:06,6,6,일산,2,"0,17"
626,16:06,7,7,판교,13,"5,9,11,13,36,51,56,74,76,84,86,96,104"
626,16:06,8,8,동탄/용인,4,"22,25,62,63"
626,16:06,9,9,평택,20,"10,27,28,34,38,41,46,47,48,52,53,54,57,58,59,64,68,78,88,98"
627,16:07,1,1,서울역,25,"2,20,32,39,40,42,43,44,45,50,55,60,65,67,70,71,75,80,81,85,90,94,95,97,100"
627,16:07,10,10,인천공항,10,"14,16,23,49,61,66,69,79,89,99"
627,16:07,2,2,수서,5,"8,29,31,91,101"
627,16:07,3,3,삼성,3,"21,72,102"
627,16:07,4,4,여의도,11,"19,33,37,73,77,82,83,87,92,93,103"
627,16:07,5,5,김포공항,8,"3,4,7,12,15,18,24,26"
627,16:07,6,6,일산,2,"0,17"
627,16:07,7,7,판교,13,"5,9,11,13,36,51,56,74,76,84,86,96,104"
627,16:07,8,8,동탄/용인,4,"22,25,62,63"
627,16:07,9,9,평택,21,"10,27,28,30,34,38,41,46,47,48,52,53,54,57,58,59,64,68,78,88,98"
628,16:08,1,1,서울역,25,"2,20,32,39,40,42,43,44,45,50,55,60,65,67,70,71,75,80,81,85,90,94,95,97,100"
628,16:08,10,10,인천공항,10,"14,16,23,49,61,66,69,79,89,99"
628,16:08,2,2,수서,5,"8,29,31,91,101"
628,16:08,3,3,삼성,3,"21,72,102"
628,16:08,4,4,여의도,11,"1,33,37,73,77,82,83,87,92,93,103"
628,16:08,5,5,김포공항,8,"3,4,7,12,15,18,24,26"
628,16:08,6,6,일산,2,"0,17"
628,16:08,7,7,판교,12,"5,9,11,13,36,51,74,76,84,86,96,104"
628,16:08,8,8,동탄/용인,4,"22,25,62,63"
628,16:08,9,9,평택,21,"10,27,28,30,34,38,41,46,47,48,52,53,54,57,58,59,64,68,78,88,98"
629,16:09,1,1,서울역,24,"20,32,39,40,42,43,44,45,50,55,60,65,67,70,71,75,80,81,85,90,94,95,97,100"
629,16:09,10,10,인천공항,10,"14,16,23,49,61,66,69,79,89,99"
629,16:09,2,2,수서,5,"8,29,31,91,101"
629,16:09,3,3,삼성,3,"21,72,102"
629,16:09,4,4,여의도,10,"1,33,73,77,82,83,87,92,93,103"
629,16:09,5,5,김포공항,8,"3,4,7,12,15,18,24,26"
629,16:09,6,6,일산,2,"0,17"
629,16:09,7,7,판교,12,"5,9,11,13,36,51,74,76,84,86,96,104"
629,16:09,8,8,동탄/용인,4,"22,25,62,63"
629,16:09,9,9,평택,21,"10,27,28,30,34,38,41,46,47,48,52,53,54,57,58,59,64,68,78,88,98"
630,16:10,1,1,서울역,24,"20,32,39,40,42,43,44,45,50,55,60,65,67,70,71,75,80,81,85,90,94,95,97,100"
630,16:10,10,10,인천공항,9,"14,23,49,61,66,69,79,89,99"
630,16:10,2,2,수서,4,"29,31,91,101"
630,16:10,3,3,삼성,4,"21,35,72,102"
630,16:10,4,4,여의도,10,"1,33,73,77,82,83,87,92,93,103"
630,16:10,5,5,김포공항,8,"3,4,7,12,15,18,24,26"
630,16:10,6,6,일산,3,"0,6,17"
630,16:10,7,7,판교,11,"5,11,13,36,51,74,76,84,86,96,104"
630,16:10,8,8,동탄/용인,4,"22,25,62,63"
630,16:10,9,9,평택,21,"10,27,28,30,34,38,41,46,47,48,52,53,54,57,58,59,64,68,78,88,98"
631,16:11,1,1,서울역,24,"20,32,39,40,42,43,44,45,50,55,60,65,67,70,71,75,80,81,85,90,94,95,97,100"
631,16:11,10,10,인천공항,9,"14,23,49,61,66,69,79,89,99"
631,16:11,2,2,수서,4,"29,31,91,101"
631,16:11,3,3,삼성,4,"21,35,72,102"
631,16:11,4,4,여의도,9,"1,33,73,77,82,83,87,93,103"
631,16:11,5,5,김포공항,8,"3,4,7,12,15,18,24,26"
631,16:11,6,6,일산,2,"6,17"
631,16:11,7,7,판교,11,"5,11,13,36,51,74,76,84,86,96,104"
631,16:11,8,8,동탄/용인,4,"22,25,62,63"
631,16:11,9,9,평택,21,"10,27,28,30,34,38,41,46,47,48,52,53,54,57,58,59,64,68,78,88,98"
632,16:12,1,1,서울역,24,"20,32,39,40,42,43,44,45,50,55,60,65,67,70,71,75,80,81,85,90,94,95,97,100"
632,16:12,10,10,인천공항,9,"14,23,49,61,66,69,79,89,99"
632,16:12,2,2,수서,4,"29,31,91,101"
632,16:12,3,3,삼성,3,"35,72,102"
632,16:12,4,4,여의도,9,"1,33,73,77,82,83,87,93,103"
632,16:12,5,5,김포공항,8,"3,4,7,12,15,18,24,26"
632,16:12,6,6,일산,2,"6,17"
632,16:12,7,7,판교,11,"5,11,13,36,51,74,76,84,86,96,104"
632,16:12,8,8,동탄/용인,4,"22,25,62,63"
632,16:12,9,9,평택,21,"10,27,28,30,34,38,41,46,47,48,52,53,54,57,58,59,64,68,78,88,98"
633,16:13,1,1,서울역,24,"20,32,39,40,42,43,44,45,50,55,60,65,67,70,71,75,80,81,85,90,94,95,97,100"
633,16:13,10,10,인천공항,9,"14,23,49,61,66,69,79,89,99"
633,16:13,2,2,수서,4,"29,31,91,101"
633,16:13,3,3,삼성,2,"72,102"
633,16:13,4,4,여의도,9,"1,33,73,77,82,83,87,93,103"
633,16:13,5,5,김포공항,8,"3,4,7,12,15,18,24,26"
633,16:13,6,6,일산,2,"6,17"
633,16:13,7,7,판교,10,"11,13,36,51,74,76,84,86,96,104"
633,16:13,8,8,동탄/용인,4,"22,25,62,63"
633,16:13,9,9,평택,21,"10,27,28,30,34,38,41,46,47,48,52,53,54,57,58,59,64,68,78,88,98"
634,16:14,1,1,서울역,24,"20,32,39,40,42,43,44,45,50,55,60,65,67,70,71,75,80,81,85,90,94,95,97,100"
634,16:14,10,10,인천공항,9,"14,23,49,61,66,69,79,89,99"
634,16:14,2,2,수서,5,"29,31,56,91,101"
634,16:14,3,3,삼성,2,"72,102"
634,16:14,4,4,여의도,9,"1,33,73,77,82,83,87,93,103"
634,16:14,5,5,김포공항,8,"3,4,7,12,15,18,24,26"
634,16:14,6,6,일산,2,"6,17"
634,16:14,7,7,판교,10,"11,13,36,51,74,76,84,86,96,104"
634,16:14,8,8,동탄/용인,4,"22,25,62,63"
634,16:14,9,9,평택,21,"10,27,28,30,34,38,41,46,47,48,52,53,54,57,58,59,64,68,78,88,98"
635,16:15,1,1,서울역,24,"20,32,39,40,42,43,44,45,50,55,60,65,67,70,71,75,80,81,85,90,94,95,97,100"
635,16:15,10,10,인천공항,9,"14,23,49,61,66,69,79,89,99"
635,16:15,2,2,수서,5,"29,31,56,91,101"
635,16:15,3,3,삼성,2,"72,102"
635,16:15,4,4,여의도,9,"1,33,73,77,82,83,87,93,103"
635,16:15,5,5,김포공항,8,"3,4,7,12,15,18,24,26"
635,16:15,6,6,일산,2,"6,17"
635,16:15,7,7,판교,11,"11,13,19,36,51,74,76,84,86,96,104"
635,16:15,8,8,동탄/용인,4,"22,25,62,63"
635,16:15,9,9,평택,21,"10,27,28,30,34,38,41,46,47,48,52,53,54,57,58,59,64,68,78,88,98"
636,16:16,1,1,서울역,24,"20,32,39,40,42,43,44,45,50,55,60,65,67,70,71,75,80,81,85,90,94,95,97,100"
636,16:16,10,10,인천공항,9,"14,23,49,61,66,69,79,89,99"
636,16:16,2,2,수서,5,"29,31,56,91,101"
636,16:16,3,3,삼성,2,"72,102"
636,16:16,4,4,여의도,10,"1,8,33,73,77,82,83,87,93,103"
636,16:16,5,5,김포공항,8,"3,4,7,12,15,18,24,26"
636,16:16,6,6,일산,2,"6,17"
636,16:16,7,7,판교,12,"11,13,19,36,37,51,74,76,84,86,96,104"
636,16:16,8,8,동탄/용인,4,"22,25,62,63"
636,16:16,9,9,평택,21,"10,27,28,30,34,38,41,46,47,48,52,53,54,57,58,59,64,68,78,88,98"
637,16:17,1,1,서울역,24,"20,32,39,40,42,43,44,45,50,55,60,65,67,70,71,75,80,81,85,90,94,95,97,100"
637,16:17,10,10,인천공항,9,"14,23,49,61,66,69,79,89,99"
637,16:17,2,2,수서,4,"29,31,91,101"
637,16:17,3,3,삼성,2,"72,102"
637,16:17,4,4,여의도,11,"1,8,9,33,73,77,82,83,87,93,103"
637,16:17,5,5,김포공항,9,"2,3,4,7,12,15,18,24,26"
637,16:17,6,6,일산,1,6
637,16:17,7,7,판교,12,"11,13,19,36,37,51,74,76,84,86,96,104"
637,16:17,8,8,동탄/용인,4,"22,25,62,63"
637,16:17,9,9,평택,21,"10,27,28,30,34,38,41,46,47,48,52,53,54,57,58,59,64,68,78,88,98"
638,16:18,1,1,서울역,24,"20,32,39,40,42,43,44,45,50,55,60,65,67,70,71,75,80,81,85,90,94,95,97,100"
638,16:18,10,10,인천공항,9,"14,23,49,61,66,69,79,89,99"
638,16:18,2,2,수서,4,"29,31,91,101"
638,16:18,3,3,삼성,2,"72,102"
638,16:18,4,4,여의도,11,"1,8,9,33,73,77,82,83,87,93,103"
638,16:18,5,5,김포공항,8,"2,4,7,12,15,18,24,26"
638,16:18,6,6,일산,1,6
638,16:18,7,7,판교,11,"13,19,36,37,51,74,76,84,86,96,104"
638,16:18,8,8,동탄/용인,4,"22,25,62,63"
638,16:18,9,9,평택,20,"27,28,30,34,38,41,46,47,48,52,53,54,57,58,59,64,68,78,88,98"
639,16:19,1,1,서울역,24,"20,32,39,40,42,43,44,45,50,55,60,65,67,70,71,75,80,81,85,90,94,95,97,100"
639,16:19,10,10,인천공항,9,"14,23,49,61,66,69,79,89,99"
639,16:19,2,2,수서,4,"29,31,91,101"
639,16:19,3,3,삼성,2,"72,102"
639,16:19,4,4,여의도,12,"1,8,9,21,33,73,77,82,83,87,93,103"
639,16:19,5,5,김포공항,8,"2,4,7,12,15,18,24,26"
639,16:19,6,6,일산,1,6
639,16:19,7,7,판교,11,"13,19,36,37,51,74,76,84,86,96,104"
639,16:19,8,8,동탄/용인,4,"22,25,62,63"
639,16:19,9,9,평택,20,"27,28,30,34,38,41,46,47,48,52,53,54,57,58,59,64,68,78,88,98"
640,16:20,1,1,서울역,25,"5,20,32,39,40,42,43,44,45,50,55,60,65,67,70,71,75,80,81,85,90,94,95,97,100"
640,16:20,10,10,인천공항,9,"14,23,49,61,66,69,79,89,99"
640,16:20,2,2,수서,4,"29,31,91,101"
640,16:20,3,3,삼성,2,"72,102"
640,16:20,4,4,여의도,12,"1,8,9,21,33,73,77,82,83,87,93,103"
640,16:20,5,5,김포공항,8,"2,4,7,12,15,18,24,26"
640,16:20,6,6,일산,1,6
640,16:20,7,7,판교,11,"13,19,36,37,51,74,76,84,86,96,104"
640,16:20,8,8,동탄/용인,4,"22,25,62,63"
640,16:20,9,9,평택,20,"27,28,30,34,38,41,46,47,48,52,53,54,57,58,59,64,68,78,88,98"
641,16:21,1,1,서울역,24,"5,20,32,40,42,43,44,45,50,55,60,65,67,70,71,75,80,81,85,90,94,95,97,100"
641,16:21,10,10,인천공항,9,"14,23,49,61,66,69,79,89,99"
641,16:21,2,2,수서,4,"29,31,91,101"
641,16:21,3,3,삼성,2,"72,102"
641,16:21,4,4,여의도,11,"8,9,21,33,73,77,82,83,87,93,103"
641,16:21,5,5,김포공항,9,"2,4,7,12,15,18,24,26,35"
641,16:21,6,6,일산,1,6
641,16:21,7,7,판교,11,"13,19,36,37,51,74,76,84,86,96,104"
641,16:21,8,8,동탄/용인,4,"22,25,62,63"
641,16:21,9,9,평택,20,"27,28,30,34,38,41,46,47,48,52,53,54,57,58,59,64,68,78,88,98"
642,16:22,1,1,서울역,24,"5,20,32,40,42,43,44,45,50,55,60,65,67,70,71,75,80,81,85,90,94,95,97,100"
642,16:22,10,10,인천공항,9,"14,23,49,61,66,69,79,89,99"
642,16:22,2,2,수서,4,"29,31,91,101"
642,16:22,3,3,삼성,2,"72,102"
642,16:22,4,4,여의도,10,"8,9,21,33,73,82,83,87,93,103"
642,16:22,5,5,김포공항,9,"2,4,7,12,15,18,24,26,35"
642,16:22,6,6,일산,1,6
642,16:22,7,7,판교,11,"13,19,36,37,51,74,76,84,86,96,104"
642,16:22,8,8,동탄/용인,4,"22,25,62,63"
642,16:22,9,9,평택,20,"27,28,30,34,38,41,46,47,48,52,53,54,57,58,59,64,68,78,88,98"
643,16:23,1,1,서울역,22,"20,32,40,42,43,45,50,55,60,65,67,70,71,75,80,81,85,90,94,95,97,100"
643,16:23,10,10,인천공항,9,"14,23,49,61,66,69,79,89,99"
643,16:23,2,2,수서,4,"29,31,91,101"
643,16:23,3,3,삼성,2,"72,102"
643,16:23,4,4,여의도,10,"8,9,21,33,73,82,83,87,93,103"
643,16:23,5,5,김포공항,9,"2,4,7,12,15,18,24,26,35"
643,16:23,6,6,일산,1,6
643,16:23,7,7,판교,12,"0,13,19,36,37,51,74,76,84,86,96,104"
643,16:23,8,8,동탄/용인,4,"22,25,62,63"
643,16:23,9,9,평택,20,"27,28,30,34,38,41,46,47,48,52,53,54,57,58,59,64,68,78,88,98"
644,16:24,1,1,서울역,22,"20,32,40,42,43,45,55,56,60,65,67,70,71,75,80,81,85,90,94,95,97,100"
644,16:24,10,10,인천공항,8,"14,23,49,66,69,79,89,99"
644,16:24,2,2,수서,4,"29,31,91,101"
644,16:24,3,3,삼성,2,"72,102"
644,16:24,4,4,여의도,10,"8,9,21,33,73,82,83,87,93,103"
644,16:24,5,5,김포공항,8,"2,4,7,12,15,18,24,26"
644,16:24,6,6,일산,1,6
644,16:24,7,7,판교,12,"0,13,19,36,37,51,74,76,84,86,96,104"
644,16:24,8,8,동탄/용인,4,"22,25,62,63"
644,16:24,9,9,평택,20,"27,28,30,34,38,41,46,47,48,52,53,54,57,58,59,64,68,78,88,98"
645,16:25,1,1,서울역,22,"20,32,40,42,43,45,55,56,60,65,67,70,71,75,80,81,85,90,94,95,97,100"
645,16:25,10,10,인천공항,8,"14,23,49,66,69,79,89,99"
645,16:25,2,2,수서,4,"29,31,91,101"
645,16:25,3,3,삼성,3,"16,72,102"
645,16:25,4,4,여의도,11,"8,9,11,21,33,73,82,83,87,93,103"
645,16:25,5,5,김포공항,8,"2,4,7,12,15,18,24,26"
645,16:25,6,6,일산,1,6
645,16:25,7,7,판교,12,"0,13,19,36,37,51,74,76,84,86,96,104"
645,16:25,8,8,동탄/용인,4,"22,25,62,63"
645,16:25,9,9,평택,20,"27,28,30,34,38,41,46,47,48,52,53,54,57,58,59,64,68,78,88,98"
646,16:26,1,1,서울역,22,"20,32,40,42,43,45,55,56,60,65,67,70,71,75,80,81,85,90,94,95,97,100"
646,16:26,10,10,인천공항,8,"14,23,49,66,69,79,89,99"
646,16:26,2,2,수서,4,"29,31,91,101"
646,16:26,3,3,삼성,4,"3,16,72,102"
646,16:26,4,4,여의도,10,"8,11,21,33,73,82,83,87,93,103"
646,16:26,5,5,김포공항,8,"2,4,7,12,15,18,24,26"
646,16:26,6,6,일산,1,6
646,16:26,7,7,판교,11,"0,13,19,36,37,74,76,84,86,96,104"
646,16:26,8,8,동탄/용인,4,"22,25,62,63"
646,16:26,9,9,평택,21,"27,28,30,34,38,41,46,47,48,52,53,54,57,58,59,64,68,78,88,92,98"
647,16:27,1,1,서울역,22,"20,32,40,42,43,45,55,56,60,65,67,70,71,75,80,81,85,90,94,95,97,100"
647,16:27,10,10,인천공항,8,"14,23,49,66,69,79,89,99"
647,16:27,2,2,수서,5,"1,29,31,91,101"
647,16:27,3,3,삼성,4,"3,16,72,102"
647,16:27,4,4,여의도,10,"8,11,21,33,73,82,83,87,93,103"
647,16:27,5,5,김포공항,8,"2,4,7,12,15,18,24,26"
647,16:27,6,6,일산,1,6
647,16:27,7,7,판교,11,"0,13,19,36,37,74,76,84,86,96,104"
647,16:27,8,8,동탄/용인,4,"22,25,62,63"
647,16:27,9,9,평택,21,"27,28,30,34,38,41,46,47,48,52,53,54,57,58,59,64,68,78,88,92,98"
648,16:28,1,1,서울역,22,"20,32,40,42,43,45,55,56,60,65,67,70,71,75,80,81,85,90,94,95,97,100"
648,16:28,10,10,인천공항,8,"14,23,49,66,69,79,89,99"
648,16:28,2,2,수서,5,"1,29,31,91,101"
648,16:28,3,3,삼성,4,"3,16,72,102"
648,16:28,4,4,여의도,10,"8,11,21,33,73,82,83,87,93,103"
648,16:28,5,5,김포공항,8,"2,4,7,12,15,18,24,26"
648,16:28,6,6,일산,1,6
648,16:28,7,7,판교,11,"0,13,19,36,37,74,76,84,86,96,104"
648,16:28,8,8,동탄/용인,4,"22,25,62,63"
648,16:28,9,9,평택,21,"27,28,30,34,38,41,46,47,48,52,53,54,57,58,59,64,68,78,88,92,98"
649,16:29,1,1,서울역,21,"20,40,42,43,45,55,56,60,65,67,70,71,75,80,81,85,90,94,95,97,100"
649,16:29,10,10,인천공항,8,"14,23,49,66,69,79,89,99"
649,16:29,2,2,수서,5,"1,29,31,91,101"
649,16:29,3,3,삼성,4,"3,16,72,102"
649,16:29,4,4,여의도,10,"8,11,21,33,73,82,83,87,93,103"
649,16:29,5,5,김포공항,8,"2,4,7,12,15,18,24,26"
649,16:29,6,6,일산,1,6
649,16:29,7,7,판교,12,"13,17,19,36,37,74,76,77,84,86,96,104"
649,16:29,8,8,동탄/용인,4,"22,25,62,63"
649,16:29,9,9,평택,21,"27,28,30,34,38,41,46,47,48,52,53,54,57,58,59,64,68,78,88,92,98"
650,16:30,1,1,서울역,21,"20,40,42,43,45,55,56,60,65,67,70,71,75,80,81,85,90,94,95,97,100"
650,16:30,10,10,인천공항,8,"14,23,49,66,69,79,89,99"
650,16:30,2,2,수서,5,"1,29,31,91,101"
650,16:30,3,3,삼성,4,"3,16,72,102"
650,16:30,4,4,여의도,10,"8,11,21,33,73,82,83,87,93,103"
650,16:30,5,5,김포공항,8,"2,4,7,12,15,18,24,26"
650,16:30,6,6,일산,2,"5,6"
650,16:30,7,7,판교,12,"13,17,19,36,37,74,76,77,84,86,96,104"
650,16:30,8,8,동탄/용인,4,"22,25,62,63"
650,16:30,9,9,평택,21,"27,28,30,34,38,41,46,47,48,52,53,54,57,58,59,64,68,78,88,92,98"
651,16:31,1,1,서울역,20,"40,42,43,45,55,56,60,65,67,70,71,75,80,81,85,90,94,95,97,100"
651,16:31,10,10,인천공항,8,"14,23,49,66,69,79,89,99"
651,16:31,2,2,수서,5,"1,29,31,91,101"
651,16:31,3,3,삼성,4,"3,16,72,102"
651,16:31,4,4,여의도,9,"8,21,33,73,82,83,87,93,103"
651,16:31,5,5,김포공항,8,"2,4,7,12,15,18,24,26"
651,16:31,6,6,일산,3,"5,6,35"
651,16:31,7,7,판교,11,"13,17,19,36,37,76,77,84,86,96,104"
651,16:31,8,8,동탄/용인,4,"22,25,62,63"
651,16:31,9,9,평택,21,"27,28,30,34,38,41,46,47,48,52,53,54,57,58,59,64,68,78,88,92,98"
652,16:32,1,1,서울역,20,"40,42,43,45,55,56,60,65,67,70,71,75,80,81,85,90,94,95,97,100"
652,16:32,10,10,인천공항,8,"14,23,49,66,69,79,89,99"
652,16:32,2,2,수서,7,"1,9,29,31,51,91,101"
652,16:32,3,3,삼성,4,"3,16,72,102"
652,16:32,4,4,여의도,7,"8,33,73,82,83,87,103"
652,16:32,5,5,김포공항,8,"2,4,7,12,15,18,24,26"
652,16:32,6,6,일산,3,"5,6,35"
652,16:32,7,7,판교,10,"17,19,36,37,76,77,84,86,96,104"
652,16:32,8,8,동탄/용인,4,"22,25,62,63"
652,16:32,9,9,평택,20,"27,28,30,34,38,41,46,47,48,52,53,54,57,58,59,64,68,78,88,98"
653,16:33,1,1,서울역,20,"40,42,43,45,55,56,60,65,67,70,71,75,80,81,85,90,94,95,97,100"
653,16:33,10,10,인천공항,7,"23,49,66,69,79,89,99"
653,16:33,2,2,수서,6,"9,29,31,51,91,101"
653,16:33,3,3,삼성,5,"3,10,16,72,102"
653,16:33,4,4,여의도,7,"8,33,73,82,83,87,103"
653,16:33,5,5,김포공항,8,"2,4,7,12,15,18,24,26"
653,16:33,6,6,일산,3,"5,6,35"
653,16:33,7,7,판교,10,"17,19,36,37,76,77,84,86,96,104"
653,16:33,8,8,동탄/용인,4,"22,25,62,63"
653,16:33,9,9,평택,20,"27,28,30,34,38,41,46,47,48,52,53,54,57,58,59,64,68,78,88,98"
654,16:34,1,1,서울역,20,"40,42,43,45,55,56,60,65,67,70,71,75,80,81,85,90,94,95,97,100"
654,16:34,10,10,인천공항,8,"23,39,49,66,69,79,89,99"
654,16:34,2,2,수서,6,"9,29,31,51,91,101"
654,16:34,3,3,삼성,5,"3,10,16,72,102"
654,16:34,4,4,여의도,7,"8,33,73,82,83,87,103"
654,16:34,5,5,김포공항,8,"2,4,7,12,15,18,24,26"
654,16:34,6,6,일산,3,"5,6,35"
654,16:34,7,7,판교,10,"17,19,36,37,76,77,84,86,96,104"
654,16:34,8,8,동탄/용인,4,"22,25,62,63"
654,16:34,9,9,평택,20,"27,28,30,34,38,41,46,47,48,52,53,54,57,58,59,64,68,78,88,98"
655,16:35,1,1,서울역,20,"40,42,43,45,55,56,60,65,67,70,71,75,80,81,85,90,94,95,97,100"
655,16:35,10,10,인천공항,8,"23,39,49,66,69,79,89,99"
655,16:35,2,2,수서,5,"9,29,31,91,101"
655,16:35,3,3,삼성,6,"3,10,16,32,72,102"
655,16:35,4,4,여의도,7,"8,33,73,82,83,87,103"
655,16:35,5,5,김포공항,8,"2,4,7,12,15,18,24,26"
655,16:35,6,6,일산,3,"5,6,35"
655,16:35,7,7,판교,10,"17,19,36,37,76,77,84,86,96,104"
655,16:35,8,8,동탄/용인,4,"22,25,62,63"
655,16:35,9,9,평택,20,"27,28,30,34,38,41,46,47,48,52,53,54,57,58,59,64,68,78,88,98"
656,16:36,1,1,서울역,20,"40,42,43,45,55,56,60,65,67,70,71,75,80,81,85,90,94,95,97,100"
656,16:36,10,10,인천공항,9,"23,39,44,49,66,69,79,89,99"
656,16:36,2,2,수서,5,"9,29,31,91,101"
656,16:36,3,3,삼성,6,"3,10,16,32,72,102"
656,16:36,4,4,여의도,8,"0,8,33,73,82,83,87,103"
656,16:36,5,5,김포공항,8,"2,4,7,12,15,18,24,26"
656,16:36,6,6,일산,2,"6,35"
656,16:36,7,7,판교,10,"17,19,36,37,76,77,84,86,96,104"
656,16:36,8,8,동탄/용인,4,"22,25,62,63"
656,16:36,9,9,평택,20,"27,28,30,34,38,41,46,47,48,52,53,54,57,58,59,64,68,78,88,98"
657,16:37,1,1,서울역,20,"40,42,43,45,55,56,60,65,67,70,71,75,80,81,85,90,94,95,97,100"
657,16:37,10,10,인천공항,9,"23,39,44,49,66,69,79,89,99"
657,16:37,2,2,수서,6,"9,29,31,74,91,101"
657,16:37,3,3,삼성,6,"3,10,16,32,72,102"
657,16:37,4,4,여의도,8,"0,8,33,73,82,83,87,103"
657,16:37,5,5,김포공항,8,"2,4,7,12,15,18,24,26"
657,16:37,6,6,일산,2,"6,35"
657,16:37,7,7,판교,10,"17,19,36,37,76,77,84,86,96,104"
657,16:37,8,8,동탄/용인,4,"22,25,62,63"
657,16:37,9,9,평택,20,"27,28,30,34,38,41,46,47,48,52,53,54,57,58,59,64,68,78,88,98"
658,16:38,1,1,서울역,20,"40,42,43,45,55,56,60,65,67,70,71,75,80,81,85,90,94,95,97,100"
658,16:38,10,10,인천공항,9,"23,39,44,49,66,69,79,89,99"
658,16:38,2,2,수서,5,"29,31,74,91,101"
658,16:38,3,3,삼성,6,"3,10,16,32,72,102"
658,16:38,4,4,여의도,8,"0,8,33,73,82,83,87,103"
658,16:38,5,5,김포공항,8,"2,4,7,12,15,18,24,26"
658,16:38,6,6,일산,3,"6,20,35"
658,16:38,7,7,판교,11,"11,17,19,36,37,76,77,84,86,96,104"
658,16:38,8,8,동탄/용인,4,"22,25,62,63"
658,16:38,9,9,평택,20,"27,28,30,34,38,41,46,47,48,52,53,54,57,58,59,64,68,78,88,98"
659,16:39,1,1,서울역,20,"40,42,43,45,55,56,60,65,67,70,71,75,80,81,85,90,94,95,97,100"
659,16:39,10,10,인천공항,9,"23,39,44,49,66,69,79,89,99"
659,16:39,2,2,수서,5,"29,31,74,91,101"
659,16:39,3,3,삼성,7,"3,10,16,32,61,72,102"
659,16:39,4,4,여의도,10,"0,1,8,13,33,73,82,83,87,103"
659,16:39,5,5,김포공항,8,"2,4,7,12,15,18,24,26"
659,16:39,6,6,일산,3,"6,20,35"
659,16:39,7,7,판교,11,"11,17,21,36,37,76,77,84,86,96,104"
659,16:39,8,8,동탄/용인,4,"22,25,62,63"
659,16:39,9,9,평택,20,"27,28,30,34,38,41,46,47,48,52,53,54,57,58,59,64,68,78,88,98"
660,16:40,1,1,서울역,19,"40,42,43,45,55,56,60,65,67,70,71,75,80,81,85,90,94,97,100"
660,16:40,10,10,인천공항,9,"23,39,44,49,66,69,79,89,99"
660,16:40,2,2,수서,5,"29,31,74,91,101"
660,16:40,3,3,삼성,7,"3,10,16,32,61,72,102"
660,16:40,4,4,여의도,9,"0,1,8,13,33,73,82,87,103"
660,16:40,5,5,김포공항,6,"2,7,15,18,24,26"
660,16:40,6,6,일산,3,"6,20,35"
660,16:40,7,7,판교,11,"11,17,21,36,37,76,77,84,86,96,104"
660,16:40,8,8,동탄/용인,4,"22,25,62,63"
660,16:40,9,9,평택,21,"27,28,30,34,38,41,46,47,48,50,52,53,54,57,58,59,64,68,78,88,98"
661,16:41,1,1,서울역,19,"40,42,43,45,55,56,60,65,67,70,71,75,80,81,85,90,94,97,100"
661,16:41,10,10,인천공항,9,"23,39,44,49,66,69,79,89,99"
661,16:41,2,2,수서,5,"29,31,74,91,101"
661,16:41,3,3,삼성,6,"10,16,32,61,72,102"
661,16:41,4,4,여의도,9,"0,1,8,13,33,73,82,87,103"
661,16:41,5,5,김포공항,6,"2,7,15,18,24,26"
661,16:41,6,6,일산,2,"20,35"
661,16:41,7,7,판교,11,"11,17,21,36,37,76,77,84,86,96,104"
661,16:41,8,8,동탄/용인,4,"22,25,62,63"
661,16:41,9,9,평택,21,"27,28,30,34,38,41,46,47,48,50,52,53,54,57,58,59,64,68,78,88,98"
662,16:42,1,1,서울역,19,"40,42,43,45,55,56,60,65,67,70,71,75,80,81,85,90,94,97,100"
662,16:42,10,10,인천공항,8,"39,44,49,66,69,79,89,99"
662,16:42,2,2,수서,5,"29,31,74,91,101"
662,16:42,3,3,삼성,6,"10,16,32,61,72,102"
662,16:42,4,4,여의도,8,"1,8,13,33,73,82,87,103"
662,16:42,5,5,김포공항,6,"2,7,15,18,24,26"
662,16:42,6,6,일산,2,"20,35"
662,16:42,7,7,판교,11,"11,17,21,36,37,76,77,84,86,96,104"
662,16:42,8,8,동탄/용인,4,"22,25,62,63"
662,16:42,9,9,평택,21,"27,28,30,34,38,41,46,47,48,50,52,53,54,57,58,59,64,68,78,88,98"
663,16:43,1,1,서울역,16,"43,45,55,56,60,65,67,70,71,75,80,81,85,94,97,100"
663,16:43,10,10,인천공항,7,"39,44,49,69,79,89,99"
663,16:43,2,2,수서,3,"31,91,101"
663,16:43,3,3,삼성,6,"10,16,32,61,72,102"
663,16:43,4,4,여의도,8,"1,8,13,33,73,82,87,103"
663,16:43,5,5,김포공항,6,"7,15,18,24,26,51"
663,16:43,6,6,일산,2,"20,35"
663,16:43,7,7,판교,11,"11,17,21,36,37,76,77,84,86,96,104"
663,16:43,8,8,동탄/용인,4,"22,25,62,63"
663,16:43,9,9,평택,21,"27,28,30,34,38,41,46,47,48,50,52,53,54,57,58,59,64,68,78,88,98"
664,16:44,1,1,서울역,16,"43,45,55,56,60,65,67,70,71,75,80,81,85,94,97,100"
664,16:44,10,10,인천공항,8,"39,44,49,69,79,89,93,99"
664,16:44,2,2,수서,3,"31,91,101"
664,16:44,3,3,삼성,6,"10,16,32,61,72,102"
664,16:44,4,4,여의도,8,"1,8,13,33,73,82,87,103"
664,16:44,5,5,김포공항,6,"7,15,18,24,26,51"
664,16:44,6,6,일산,2,"20,35"
664,16:44,7,7,판교,11,"11,17,21,36,37,76,77,84,86,96,104"
664,16:44,8,8,동탄/용인,4,"22,25,62,63"
664,16:44,9,9,평택,21,"27,28,30,34,38,41,46,47,48,50,52,53,54,57,58,59,64,68,78,88,98"
665,16:45,1,1,서울역,15,"43,55,56,60,65,67,70,71,75,80,81,85,94,97,100"
665,16:45,10,10,인천공항,8,"39,44,49,69,79,89,93,99"
665,16:45,2,2,수서,3,"31,91,101"
665,16:45,3,3,삼성,5,"10,32,61,72,102"
665,16:45,4,4,여의도,8,"1,13,14,33,73,82,87,103"
665,16:45,5,5,김포공항,6,"7,15,18,24,26,51"
665,16:45,6,6,일산,2,"20,35"
665,16:45,7,7,판교,11,"11,17,21,36,37,76,77,84,86,96,104"
665,16:45,8,8,동탄/용인,4,"22,25,62,63"
665,16:45,9,9,평택,21,"27,28,30,34,38,41,46,47,48,50,52,53,54,57,58,59,64,68,78,88,98"
666,16:46,1,1,서울역,15,"43,55,56,60,65,67,70,71,75,80,81,85,94,97,100"
666,16:46,10,10,인천공항,8,"39,44,49,69,79,89,93,99"
666,16:46,2,2,수서,3,"31,91,101"
666,16:46,3,3,삼성,5,"10,32,72,95,102"
666,16:46,4,4,여의도,9,"1,13,14,19,33,73,82,87,103"
666,16:46,5,5,김포공항,6,"7,9,15,18,24,26"
666,16:46,6,6,일산,2,"20,35"
666,16:46,7,7,판교,11,"11,17,21,36,37,76,77,84,86,96,104"
666,16:46,8,8,동탄/용인,4,"22,25,62,63"
666,16:46,9,9,평택,20,"28,30,34,38,41,46,47,48,50,52,53,54,57,58,59,64,68,78,88,98"
667,16:47,1,1,서울역,15,"43,55,56,60,65,67,70,71,75,80,81,85,94,97,100"
667,16:47,10,10,인천공항,7,"39,44,49,69,79,89,99"
667,16:47,2,2,수서,4,"5,31,91,101"
667,16:47,3,3,삼성,6,"10,32,72,92,95,102"
667,16:47,4,4,여의도,9,"1,13,14,19,33,73,82,87,103"
667,16:47,5,5,김포공항,6,"7,9,15,18,24,26"
667,16:47,6,6,일산,3,"12,20,35"
667,16:47,7,7,판교,11,"11,17,21,36,37,77,83,84,86,96,104"
667,16:47,8,8,동탄/용인,4,"22,25,62,63"
667,16:47,9,9,평택,20,"28,30,34,38,41,46,47,48,50,52,53,54,57,58,59,64,68,78,88,98"
668,16:48,1,1,서울역,14,"43,55,56,60,65,67,70,71,75,81,85,94,97,100"
668,16:48,10,10,인천공항,7,"39,44,49,69,79,89,99"
668,16:48,2,2,수서,4,"5,31,91,101"
668,16:48,3,3,삼성,6,"10,32,72,92,95,102"
668,16:48,4,4,여의도,10,"1,3,13,14,19,33,73,82,87,103"
668,16:48,5,5,김포공항,6,"7,9,15,18,24,26"
668,16:48,6,6,일산,3,"12,20,35"
668,16:48,7,7,판교,11,"11,17,21,36,37,77,83,84,86,96,104"
668,16:48,8,8,동탄/용인,4,"22,25,62,63"
668,16:48,9,9,평택,20,"28,30,34,38,41,46,47,48,50,52,53,54,57,58,59,64,68,78,88,98"
669,16:49,1,1,서울역,14,"43,55,56,60,65,67,70,71,75,81,85,94,97,100"
669,16:49,10,10,인천공항,7,"39,44,49,69,79,89,99"
669,16:49,2,2,수서,4,"5,31,91,101"
669,16:49,3,3,삼성,5,"10,32,72,92,102"
669,16:49,4,4,여의도,10,"1,3,13,14,19,33,73,82,87,103"
669,16:49,5,5,김포공항,6,"7,9,15,18,24,26"
669,16:49,6,6,일산,3,"12,20,35"
669,16:49,7,7,판교,11,"11,17,21,36,37,77,83,84,86,96,104"
669,16:49,8,8,동탄/용인,3,"25,62,63"
669,16:49,9,9,평택,20,"28,30,34,38,41,46,47,48,50,52,53,54,57,58,59,64,68,78,88,98"
670,16:50,1,1,서울역,14,"43,55,56,60,65,67,70,71,75,81,85,94,97,100"
670,16:50,10,10,인천공항,8,"4,39,44,49,69,79,89,99"
670,16:50,2,2,수서,6,"5,31,40,42,91,101"
670,16:50,3,3,삼성,5,"10,32,72,92,102"
670,16:50,4,4,여의도,9,"1,3,13,14,19,33,73,87,103"
670,16:50,5,5,김포공항,6,"7,9,15,18,24,26"
670,16:50,6,6,일산,3,"12,20,35"
670,16:50,7,7,판교,11,"11,17,21,36,37,77,83,84,86,96,104"
670,16:50,8,8,동탄/용인,2,"25,63"
670,16:50,9,9,평택,19,"30,34,38,41,46,47,48,50,52,53,54,57,58,59,64,68,78,88,98"
671,16:51,1,1,서울역,14,"43,55,56,60,65,67,70,71,75,81,85,94,97,100"
671,16:51,10,10,인천공항,8,"4,39,44,49,69,79,89,99"
671,16:51,2,2,수서,8,"2,5,8,31,40,42,91,101"
671,16:51,3,3,삼성,5,"10,32,72,92,102"
671,16:51,4,4,여의도,8,"1,3,14,19,33,73,87,103"
671,16:51,5,5,김포공항,8,"7,9,15,18,24,26,29,74"
671,16:51,6,6,일산,3,"12,20,35"
671,16:51,7,7,판교,10,"11,21,36,37,77,83,84,86,96,104"
671,16:51,8,8,동탄/용인,2,"25,63"
671,16:51,9,9,평택,19,"30,34,38,41,46,47,48,50,52,53,54,57,58,59,64,68,78,88,98"
672,16:52,1,1,서울역,12,"55,56,60,65,67,70,71,75,81,85,97,100"
672,16:52,10,10,인천공항,8,"4,39,44,49,69,79,89,99"
672,16:52,2,2,수서,8,"2,5,8,31,40,42,91,101"
672,16:52,3,3,삼성,5,"10,32,72,92,102"
672,16:52,4,4,여의도,8,"3,14,16,19,33,73,87,103"
672,16:52,5,5,김포공항,8,"7,9,15,18,24,26,29,74"
672,16:52,6,6,일산,3,"12,20,35"
672,16:52,7,7,판교,11,"11,21,36,37,45,77,83,84,86,96,104"
672,16:52,8,8,동탄/용인,2,"25,63"
672,16:52,9,9,평택,19,"30,34,38,41,46,47,48,50,52,53,54,57,58,59,64,68,78,88,98"
673,16:53,1,1,서울역,11,"55,56,60,65,67,70,75,81,85,97,100"
673,16:53,10,10,인천공항,8,"4,39,44,49,69,79,89,99"
673,16:53,2,2,수서,8,"2,5,8,31,40,42,91,101"
673,16:53,3,3,삼성,5,"10,32,72,92,102"
673,16:53,4,4,여의도,7,"3,16,19,33,73,87,103"
673,16:53,5,5,김포공항,8,"7,9,15,18,24,26,29,74"
673,16:53,6,6,일산,3,"12,20,35"
673,16:53,7,7,판교,12,"6,11,21,36,37,45,77,83,84,86,96,104"
673,16:53,8,8,동탄/용인,2,"25,63"
673,16:53,9,9,평택,19,"30,34,38,41,46,47,48,50,52,53,54,57,58,59,64,68,78,88,98"
674,16:54,1,1,서울역,12,"55,56,60,65,67,70,75,76,81,85,97,100"
674,16:54,10,10,인천공항,8,"4,39,44,49,69,79,89,99"
674,16:54,2,2,수서,9,"2,5,8,31,40,42,51,91,101"
674,16:54,3,3,삼성,6,"10,32,72,80,92,102"
674,16:54,4,4,여의도,8,"3,16,19,23,33,73,87,103"
674,16:54,5,5,김포공항,9,"7,9,15,18,24,26,29,61,74"
674,16:54,6,6,일산,2,"20,35"
674,16:54,7,7,판교,12,"6,11,21,36,37,45,77,83,84,86,96,104"
674,16:54,8,8,동탄/용인,2,"25,63"
674,16:54,9,9,평택,19,"30,34,38,41,46,47,48,50,52,53,54,57,58,59,64,68,78,88,98"
675,16:55,1,1,서울역,11,"55,56,60,65,67,70,76,81,85,97,100"
675,16:55,10,10,인천공항,8,"4,39,44,49,69,79,89,99"
675,16:55,2,2,수서,9,"2,5,8,31,40,42,51,91,101"
675,16:55,3,3,삼성,6,"10,32,72,80,92,102"
675,16:55,4,4,여의도,8,"3,16,19,23,33,73,87,103"
675,16:55,5,5,김포공항,9,"7,9,15,18,24,26,29,61,74"
675,16:55,6,6,일산,2,"20,35"
675,16:55,7,7,판교,12,"6,11,21,36,37,45,77,83,84,86,96,104"
675,16:55,8,8,동탄/용인,2,"25,63"
675,16:55,9,9,평택,19,"30,34,38,41,46,47,48,50,52,53,54,57,58,59,64,68,78,88,98"
676,16:56,1,1,서울역,11,"55,56,60,65,67,70,76,81,85,97,100"
676,16:56,10,10,인천공항,7,"39,44,49,69,79,89,99"
676,16:56,2,2,수서,9,"2,5,8,31,40,42,51,91,101"
676,16:56,3,3,삼성,6,"10,32,72,80,92,102"
676,16:56,4,4,여의도,8,"3,16,19,23,33,73,87,103"
676,16:56,5,5,김포공항,9,"7,9,15,18,24,26,29,61,74"
676,16:56,6,6,일산,2,"20,35"
676,16:56,7,7,판교,12,"6,11,21,36,37,45,77,83,84,86,96,104"
676,16:56,8,8,동탄/용인,2,"25,63"
676,16:56,9,9,평택,19,"30,34,38,41,46,47,48,50,52,53,54,57,58,59,64,68,78,88,98"
677,16:57,1,1,서울역,11,"55,56,60,65,67,70,76,81,85,97,100"
677,16:57,10,10,인천공항,7,"39,44,49,69,79,89,99"
677,16:57,2,2,수서,9,"2,8,13,31,40,42,51,91,101"
677,16:57,3,3,삼성,5,"10,32,72,92,102"
677,16:57,4,4,여의도,8,"3,16,19,23,33,73,87,103"
677,16:57,5,5,김포공항,8,"7,9,15,18,24,26,29,74"
677,16:57,6,6,일산,2,"20,35"
677,16:57,7,7,판교,11,"6,11,36,37,45,77,83,84,86,96,104"
677,16:57,8,8,동탄/용인,2,"25,63"
677,16:57,9,9,평택,20,"0,30,34,38,41,46,47,48,50,52,53,54,57,58,59,64,68,78,88,98"
678,16:58,1,1,서울역,11,"55,56,60,65,67,70,76,81,85,97,100"
678,16:58,10,10,인천공항,7,"39,44,49,69,79,89,99"
678,16:58,2,2,수서,10,"1,2,8,13,31,40,42,51,91,101"
678,16:58,3,3,삼성,5,"10,32,72,92,102"
678,16:58,4,4,여의도,9,"3,16,17,19,23,33,73,87,103"
678,16:58,5,5,김포공항,8,"7,9,15,18,24,26,29,74"
678,16:58,6,6,일산,2,"20,35"
678,16:58,7,7,판교,11,"6,11,36,37,45,77,83,84,86,96,104"
678,16:58,8,8,동탄/용인,2,"25,63"
678,16:58,9,9,평택,20,"0,30,34,38,41,46,47,48,50,52,53,54,57,58,59,64,68,78,88,98"
679,16:59,1,1,서울역,11,"55,56,60,65,67,70,76,81,85,97,100"
679,16:59,10,10,인천공항,7,"39,44,49,69,79,89,99"
679,16:59,2,2,수서,10,"1,2,13,31,40,42,43,51,91,101"
679,16:59,3,3,삼성,5,"10,32,72,92,102"
679,16:59,4,4,여의도,10,"3,16,17,19,23,33,73,87,93,103"
679,16:59,5,5,김포공항,8,"7,9,15,18,24,26,29,74"
679,16:59,6,6,일산,2,"20,35"
679,16:59,7,7,판교,10,"11,36,37,45,77,83,84,86,96,104"
679,16:59,8,8,동탄/용인,2,"25,63"
679,16:59,9,9,평택,20,"0,30,34,38,41,47,48,50,52,53,54,57,58,59,64,68,78,88,90,98"
680,17:00,1,1,서울역,9,"55,56,60,67,70,76,81,85,97"
680,17:00,10,10,인천공항,7,"39,44,49,69,79,89,99"
680,17:00,2,2,수서,9,"1,13,31,40,42,43,51,91,101"
680,17:00,3,3,삼성,5,"10,32,72,92,102"
680,17:00,4,4,여의도,10,"3,16,17,22,23,33,73,87,93,103"
680,17:00,5,5,김포공항,8,"7,9,15,18,24,26,29,74"
680,17:00,6,6,일산,2,"20,35"
680,17:00,7,7,판교,8,"11,14,36,45,84,86,96,104"
680,17:00,8,8,동탄/용인,2,"25,63"
680,17:00,9,9,평택,20,"0,30,34,38,41,47,48,50,52,53,54,57,58,59,64,68,78,88,90,98"
681,17:01,1,1,서울역,8,"55,56,60,70,76,81,85,97"
681,17:01,10,10,인천공항,7,"39,44,49,69,79,89,99"
681,17:01,2,2,수서,8,"1,13,31,42,43,51,91,101"
681,17:01,3,3,삼성,6,"10,27,32,72,92,102"
681,17:01,4,4,여의도,10,"3,16,17,22,23,33,73,87,93,103"
681,17:01,5,5,김포공항,8,"7,9,15,18,24,26,29,74"
681,17:01,6,6,일산,2,"20,35"
681,17:01,7,7,판교,7,"11,14,36,84,86,96,104"
681,17:01,8,8,동탄/용인,2,"25,63"
681,17:01,9,9,평택,20,"0,30,34,38,41,47,48,50,52,53,54,57,58,59,64,68,78,88,90,98"
682,17:02,1,1,서울역,8,"55,56,60,70,76,81,85,97"
682,17:02,10,10,인천공항,7,"39,44,49,69,79,89,99"
682,17:02,2,2,수서,8,"1,13,31,42,43,51,91,101"
682,17:02,3,3,삼성,6,"10,27,32,72,92,102"
682,17:02,4,4,여의도,10,"3,16,17,22,23,33,73,87,93,103"
682,17:02,5,5,김포공항,8,"7,9,15,18,24,26,29,74"
682,17:02,6,6,일산,2,"20,35"
682,17:02,7,7,판교,7,"11,14,36,84,86,96,104"
682,17:02,8,8,동탄/용인,2,"25,63"
682,17:02,9,9,평택,20,"0,30,34,38,41,47,48,50,52,53,54,57,58,59,64,66,68,78,88,98"
683,17:03,1,1,서울역,7,"56,60,70,76,81,85,97"
683,17:03,10,10,인천공항,7,"39,44,49,69,79,89,99"
683,17:03,2,2,수서,8,"1,13,31,42,43,51,91,101"
683,17:03,3,3,삼성,7,"2,10,27,32,72,92,102"
683,17:03,4,4,여의도,11,"3,5,16,17,22,23,33,73,87,93,103"
683,17:03,5,5,김포공항,8,"7,9,15,18,24,26,29,74"
683,17:03,6,6,일산,2,"20,35"
683,17:03,7,7,판교,6,"11,36,84,86,96,104"
683,17:03,8,8,동탄/용인,2,"25,63"
683,17:03,9,9,평택,19,"0,34,38,41,47,48,50,52,53,54,57,58,59,64,66,68,78,88,98"
684,17:04,1,1,서울역,7,"56,60,70,76,81,85,97"
684,17:04,10,10,인천공항,7,"39,44,49,69,79,89,99"
684,17:04,2,2,수서,8,"1,13,31,42,43,51,91,101"
684,17:04,3,3,삼성,7,"2,10,27,32,72,92,102"
684,17:04,4,4,여의도,11,"3,5,16,17,22,23,33,73,87,93,103"
684,17:04,5,5,김포공항,8,"7,9,15,18,24,26,29,74"
684,17:04,6,6,일산,2,"20,35"
684,17:04,7,7,판교,6,"11,36,84,86,96,104"
684,17:04,8,8,동탄/용인,2,"25,63"
684,17:04,9,9,평택,19,"0,34,38,47,48,50,52,53,54,57,58,59,64,66,68,78,88,95,98"
685,17:05,1,1,서울역,7,"56,60,70,76,81,85,97"
685,17:05,10,10,인천공항,7,"39,44,49,69,79,89,99"
685,17:05,2,2,수서,9,"1,13,31,42,43,51,61,91,101"
685,17:05,3,3,삼성,7,"2,10,27,32,72,92,102"
685,17:05,4,4,여의도,11,"3,5,16,17,22,23,33,73,87,93,103"
685,17:05,5,5,김포공항,9,"7,9,15,18,24,26,29,74,80"
685,17:05,6,6,일산,2,"20,35"
685,17:05,7,7,판교,6,"11,36,84,86,96,104"
685,17:05,8,8,동탄/용인,2,"25,63"
685,17:05,9,9,평택,20,"0,34,38,47,48,50,52,53,54,57,58,59,64,66,68,78,82,88,95,98"
686,17:06,1,1,서울역,8,"28,56,60,70,76,81,85,97"
686,17:06,10,10,인천공항,8,"39,44,49,69,71,79,89,99"
686,17:06,2,2,수서,11,"1,13,31,37,42,43,51,61,77,91,101"
686,17:06,3,3,삼성,7,"10,27,32,72,92,100,102"
686,17:06,4,4,여의도,10,"6,16,17,22,23,33,73,87,93,103"
686,17:06,5,5,김포공항,9,"7,9,15,18,24,26,29,74,80"
686,17:06,6,6,일산,1,35
686,17:06,7,7,판교,6,"11,12,36,86,96,104"
686,17:06,8,8,동탄/용인,2,"25,63"
686,17:06,9,9,평택,20,"0,34,38,47,48,50,52,53,54,57,58,59,64,66,68,78,82,88,95,98"
687,17:07,1,1,서울역,7,"28,60,70,76,81,85,97"
687,17:07,10,10,인천공항,8,"39,44,49,69,71,79,89,99"
687,17:07,2,2,수서,11,"1,13,31,37,42,43,51,61,77,91,101"
687,17:07,3,3,삼성,8,"10,19,27,72,83,92,100,102"
687,17:07,4,4,여의도,11,"6,16,17,22,23,33,40,73,87,93,103"
687,17:07,5,5,김포공항,10,"7,8,9,15,18,24,26,29,74,80"
687,17:07,6,6,일산,3,"35,62,65"
687,17:07,7,7,판교,6,"11,12,36,86,96,104"
687,17:07,8,8,동탄/용인,2,"25,63"
687,17:07,9,9,평택,19,"0,34,38,47,48,50,52,53,54,57,58,59,64,66,68,78,82,88,98"
688,17:08,1,1,서울역,7,"28,60,70,76,81,85,97"
688,17:08,10,10,인천공항,9,"39,44,49,69,71,75,79,89,99"
688,17:08,2,2,수서,11,"1,13,31,37,42,43,51,61,77,91,101"
688,17:08,3,3,삼성,9,"10,19,27,45,72,83,92,100,102"
688,17:08,4,4,여의도,12,"4,6,16,17,22,23,33,40,73,87,93,103"
688,17:08,5,5,김포공항,9,"7,8,9,15,18,24,26,29,74"
688,17:08,6,6,일산,4,"35,62,65,67"
688,17:08,7,7,판교,6,"11,12,36,86,96,104"
688,17:08,8,8,동탄/용인,2,"25,63"
688,17:08,9,9,평택,18,"0,38,47,48,50,52,54,57,58,59,64,66,68,78,82,88,94,98"
689,17:09,1,1,서울역,6,"28,70,76,81,85,97"
689,17:09,10,10,인천공항,9,"39,44,49,69,71,75,79,89,99"
689,17:09,2,2,수서,9,"13,14,31,42,43,51,61,91,101"
689,17:09,3,3,삼성,10,"10,19,27,45,55,72,83,92,100,102"
689,17:09,4,4,여의도,12,"4,6,16,17,22,23,33,40,73,87,93,103"
689,17:09,5,5,김포공항,9,"7,8,9,15,18,24,26,29,74"
689,17:09,6,6,일산,5,"21,35,62,65,67"
689,17:09,7,7,판교,6,"11,12,36,86,96,104"
689,17:09,8,8,동탄/용인,1,63
689,17:09,9,9,평택,18,"0,38,47,48,50,52,54,57,58,59,64,66,68,78,82,88,94,98"
690,17:10,1,1,서울역,6,"28,70,76,81,85,97"
690,17:10,10,10,인천공항,9,"39,44,49,69,71,75,79,89,99"
690,17:10,2,2,수서,9,"13,14,31,42,43,51,61,91,101"
690,17:10,3,3,삼성,9,"10,27,45,55,72,83,92,100,102"
690,17:10,4,4,여의도,12,"4,6,16,17,22,23,33,40,73,87,93,103"
690,17:10,5,5,김포공항,8,"8,9,15,18,24,26,29,74"
690,17:10,6,6,일산,5,"21,35,62,65,67"
690,17:10,7,7,판교,6,"11,12,36,86,96,104"
690,17:10,8,8,동탄/용인,1,63
690,17:10,9,9,평택,18,"0,38,47,48,50,52,54,57,58,59,64,66,68,78,82,88,94,98"
691,17:11,1,1,서울역,6,"28,70,76,81,85,97"
691,17:11,10,10,인천공항,7,"39,49,69,71,79,89,99"
691,17:11,2,2,수서,9,"13,14,31,42,43,51,61,91,101"
691,17:11,3,3,삼성,8,"10,27,55,72,83,92,100,102"
691,17:11,4,4,여의도,11,"4,6,16,17,22,23,33,40,87,93,103"
691,17:11,5,5,김포공항,8,"8,9,15,18,24,26,29,74"
691,17:11,6,6,일산,5,"21,35,62,65,67"
691,17:11,7,7,판교,6,"11,12,36,86,96,104"
691,17:11,8,8,동탄/용인,1,63
691,17:11,9,9,평택,15,"38,47,48,50,52,54,57,58,59,64,66,68,78,88,98"
692,17:12,1,1,서울역,5,"28,76,81,85,97"
692,17:12,10,10,인천공항,6,"39,49,69,79,89,99"
692,17:12,2,2,수서,9,"13,31,42,43,51,61,84,91,101"
692,17:12,3,3,삼성,7,"10,27,55,72,83,92,102"
692,17:12,4,4,여의도,10,"4,16,17,22,23,33,40,87,93,103"
692,17:12,5,5,김포공항,8,"8,9,15,18,24,26,29,74"
692,17:12,6,6,일산,5,"21,35,62,65,67"
692,17:12,7,7,판교,6,"11,12,36,86,96,104"
692,17:12,8,8,동탄/용인,1,63
692,17:12,9,9,평택,15,"38,47,48,50,52,54,57,58,59,64,66,68,78,88,98"
693,17:13,1,1,서울역,6,"28,32,76,81,85,97"
693,17:13,10,10,인천공항,6,"39,49,69,79,89,99"
693,17:13,2,2,수서,9,"13,31,42,43,51,61,84,91,101"
693,17:13,3,3,삼성,8,"3,10,27,55,72,83,92,102"
693,17:13,4,4,여의도,11,"2,4,16,17,20,22,23,33,40,87,93"
693,17:13,5,5,김포공항,8,"8,9,15,18,24,26,29,74"
693,17:13,6,6,일산,5,"21,35,62,65,67"
693,17:13,7,7,판교,6,"11,12,36,86,96,104"
693,17:13,8,8,동탄/용인,1,63
693,17:13,9,9,평택,15,"38,47,48,50,52,54,57,58,59,64,66,68,78,88,98"
694,17:14,1,1,서울역,6,"28,32,76,81,85,97"
694,17:14,10,10,인천공항,6,"39,49,69,79,89,99"
694,17:14,2,2,수서,9,"31,42,43,51,56,61,84,91,101"
694,17:14,3,3,삼성,8,"3,10,27,55,72,83,92,102"
694,17:14,4,4,여의도,10,"2,16,17,20,22,23,33,40,87,93"
694,17:14,5,5,김포공항,8,"8,9,15,18,24,26,29,74"
694,17:14,6,6,일산,5,"21,35,62,65,67"
694,17:14,7,7,판교,6,"11,12,36,86,96,104"
694,17:14,8,8,동탄/용인,1,63
694,17:14,9,9,평택,15,"38,47,48,50,52,54,57,58,59,64,66,68,78,88,98"
695,17:15,1,1,서울역,6,"28,32,76,81,85,97"
695,17:15,10,10,인천공항,6,"39,49,69,79,89,99"
695,17:15,2,2,수서,9,"31,42,43,51,56,61,84,91,101"
695,17:15,3,3,삼성,7,"3,27,55,72,83,92,102"
695,17:15,4,4,여의도,11,"1,2,16,17,20,22,23,33,40,87,93"
695,17:15,5,5,김포공항,7,"8,9,18,24,26,29,74"
695,17:15,6,6,일산,5,"21,35,62,65,67"
695,17:15,7,7,판교,6,"11,12,36,86,96,104"
695,17:15,8,8,동탄/용인,1,63
695,17:15,9,9,평택,15,"38,47,48,50,52,54,57,58,59,64,66,68,78,88,98"
696,17:16,1,1,서울역,7,"28,32,76,80,81,85,97"
696,17:16,10,10,인천공항,6,"39,49,69,79,89,99"
696,17:16,2,2,수서,9,"31,42,43,51,56,61,84,91,101"
696,17:16,3,3,삼성,6,"3,27,55,72,92,102"
696,17:16,4,4,여의도,10,"1,2,16,17,22,23,33,40,87,93"
696,17:16,5,5,김포공항,8,"8,9,18,24,26,29,46,74"
696,17:16,6,6,일산,5,"21,35,62,65,67"
696,17:16,7,7,판교,6,"11,12,36,86,96,104"
696,17:16,8,8,동탄/용인,1,63
696,17:16,9,9,평택,14,"38,47,48,50,52,57,58,59,64,66,68,78,88,98"
697,17:17,1,1,서울역,7,"28,32,76,80,81,85,97"
697,17:17,10,10,인천공항,5,"49,69,79,89,99"
697,17:17,2,2,수서,9,"31,42,43,51,56,61,84,91,101"
697,17:17,3,3,삼성,6,"3,27,55,72,92,102"
697,17:17,4,4,여의도,11,"1,2,16,17,19,22,23,33,40,87,93"
697,17:17,5,5,김포공항,10,"8,9,18,24,26,29,37,46,60,74"
697,17:17,6,6,일산,5,"21,35,62,65,67"
697,17:17,7,7,판교,6,"11,12,36,86,96,104"
697,17:17,8,8,동탄/용인,1,63
697,17:17,9,9,평택,14,"38,47,48,50,52,57,58,59,64,66,68,78,88,98"
698,17:18,1,1,서울역,8,"28,32,76,80,81,85,90,97"
698,17:18,10,10,인천공항,6,"5,49,69,79,89,99"
698,17:18,2,2,수서,10,"6,31,42,43,51,56,61,84,91,101"
698,17:18,3,3,삼성,7,"3,27,30,55,72,92,102"
698,17:18,4,4,여의도,10,"1,2,17,19,22,23,33,40,87,93"
698,17:18,5,5,김포공항,10,"8,9,18,24,26,29,37,46,60,74"
698,17:18,6,6,일산,5,"21,35,62,65,67"
698,17:18,7,7,판교,6,"11,12,36,86,96,104"
698,17:18,8,8,동탄/용인,1,63
698,17:18,9,9,평택,14,"38,47,48,50,52,57,58,59,64,66,68,78,88,98"
699,17:19,1,1,서울역,8,"28,32,76,80,81,85,90,97"
699,17:19,10,10,인천공항,6,"5,49,69,79,89,99"
699,17:19,2,2,수서,10,"6,31,42,43,51,56,61,84,91,101"
699,17:19,3,3,삼성,7,"25,27,30,55,72,92,102"
699,17:19,4,4,여의도,10,"1,2,17,19,22,33,40,41,87,93"
699,17:19,5,5,김포공항,9,"8,9,18,24,26,29,37,60,74"
699,17:19,6,6,일산,5,"21,35,62,65,67"
699,17:19,7,7,판교,6,"12,36,70,86,96,104"
699,17:19,8,8,동탄/용인,1,63
699,17:19,9,9,평택,14,"38,47,48,50,52,57,58,59,64,66,68,78,88,98"
700,17:20,1,1,서울역,8,"28,32,76,80,81,85,90,97"
700,17:20,10,10,인천공항,7,"5,7,49,69,79,89,99"
700,17:20,2,2,수서,10,"6,31,42,43,51,56,61,84,91,101"
700,17:20,3,3,삼성,7,"25,27,30,55,72,92,102"
700,17:20,4,4,여의도,8,"1,2,19,22,33,40,41,93"
700,17:20,5,5,김포공항,8,"8,9,14,18,24,60,74,100"
700,17:20,6,6,일산,2,"35,67"
700,17:20,7,7,판교,4,"12,36,70,104"
700,17:20,8,8,동탄/용인,1,63
700,17:20,9,9,평택,14,"38,47,48,50,52,57,58,59,64,66,68,78,88,98"
701,17:21,1,1,서울역,9,"13,28,32,76,80,81,85,90,97"
701,17:21,10,10,인천공항,7,"5,7,49,69,79,89,99"
701,17:21,2,2,수서,10,"6,31,42,43,51,56,61,84,91,101"
701,17:21,3,3,삼성,7,"25,27,30,55,72,92,102"
701,17:21,4,4,여의도,8,"1,2,19,22,33,40,41,93"
701,17:21,5,5,김포공항,7,"8,9,14,24,60,74,100"
701,17:21,6,6,일산,3,"35,45,67"
701,17:21,7,7,판교,5,"4,12,36,70,104"
701,17:21,8,8,동탄/용인,1,63
701,17:21,9,9,평택,14,"38,47,48,50,52,57,58,59,64,66,68,78,88,98"
702,17:22,1,1,서울역,9,"13,28,32,76,80,81,85,90,97"
702,17:22,10,10,인천공항,7,"5,7,49,69,79,89,99"
702,17:22,2,2,수서,9,"6,31,42,43,51,56,61,91,101"
702,17:22,3,3,삼성,7,"25,27,30,55,72,92,102"
702,17:22,4,4,여의도,9,"1,2,10,19,22,33,40,41,93"
702,17:22,5,5,김포공항,7,"8,9,14,24,60,74,100"
702,17:22,6,6,일산,4,"35,45,67,75"
702,17:22,7,7,판교,5,"4,12,36,70,104"
702,17:22,8,8,동탄/용인,2,"63,73"
702,17:22,9,9,평택,14,"38,47,48,50,52,57,58,59,64,66,68,78,88,98"
703,17:23,1,1,서울역,9,"13,28,32,76,80,81,85,90,97"
703,17:23,10,10,인천공항,7,"5,7,49,69,79,89,99"
703,17:23,2,2,수서,8,"6,31,42,51,56,61,91,101"
703,17:23,3,3,삼성,7,"25,27,30,55,72,92,102"
703,17:23,4,4,여의도,8,"1,10,19,22,33,40,41,93"
703,17:23,5,5,김포공항,6,"8,9,14,24,74,100"
703,17:23,6,6,일산,3,"35,45,75"
703,17:23,7,7,판교,5,"4,12,20,36,70"
703,17:23,8,8,동탄/용인,2,"63,73"
703,17:23,9,9,평택,15,"38,47,48,50,52,57,58,59,64,66,68,77,78,88,98"
704,17:24,1,1,서울역,9,"28,32,34,76,80,81,85,90,97"
704,17:24,10,10,인천공항,7,"5,7,49,69,79,89,99"
704,17:24,2,2,수서,9,"6,16,31,42,51,56,61,91,101"
704,17:24,3,3,삼성,7,"25,27,30,55,72,92,102"
704,17:24,4,4,여의도,7,"10,19,22,33,40,41,93"
704,17:24,5,5,김포공항,6,"8,9,14,24,74,100"
704,17:24,6,6,일산,3,"35,45,75"
704,17:24,7,7,판교,5,"4,12,20,36,70"
704,17:24,8,8,동탄/용인,2,"63,73"
704,17:24,9,9,평택,15,"38,47,48,50,52,57,58,59,64,66,68,77,78,88,98"
705,17:25,1,1,서울역,9,"28,32,34,76,80,81,85,90,97"
705,17:25,10,10,인천공항,7,"5,7,49,69,79,89,99"
705,17:25,2,2,수서,8,"6,16,31,51,56,61,91,101"
705,17:25,3,3,삼성,7,"25,27,30,55,72,92,102"
705,17:25,4,4,여의도,7,"10,19,22,33,40,41,93"
705,17:25,5,5,김포공항,7,"8,9,14,24,53,74,100"
705,17:25,6,6,일산,3,"35,45,75"
705,17:25,7,7,판교,4,"4,12,20,36"
705,17:25,8,8,동탄/용인,2,"63,73"
705,17:25,9,9,평택,14,"38,47,48,52,57,58,59,64,66,68,77,78,88,98"
706,17:26,1,1,서울역,9,"28,32,34,76,80,81,85,90,97"
706,17:26,10,10,인천공항,7,"5,7,49,69,79,89,99"
706,17:26,2,2,수서,10,"6,16,17,31,51,56,61,87,91,101"
706,17:26,3,3,삼성,8,"23,25,30,44,72,82,92,102"
706,17:26,4,4,여의도,9,"0,10,11,19,22,33,40,41,93"
706,17:26,5,5,김포공항,6,"8,9,14,24,53,74"
706,17:26,6,6,일산,3,"35,45,75"
706,17:26,7,7,판교,4,"4,12,20,36"
706,17:26,8,8,동탄/용인,2,"63,73"
706,17:26,9,9,평택,13,"38,47,48,52,57,58,59,64,66,68,78,88,98"
707,17:27,1,1,서울역,11,"28,32,34,62,65,76,80,81,85,90,97"
707,17:27,10,10,인천공항,7,"5,7,49,69,79,89,99"
707,17:27,2,2,수서,10,"6,16,17,31,51,56,61,87,91,101"
707,17:27,3,3,삼성,10,"23,25,30,44,72,82,86,92,96,102"
707,17:27,4,4,여의도,8,"0,10,11,22,33,40,41,93"
707,17:27,5,5,김포공항,6,"3,9,14,24,53,74"
707,17:27,6,6,일산,3,"35,75,95"
707,17:27,7,7,판교,4,"4,12,20,36"
707,17:27,8,8,동탄/용인,2,"63,73"
707,17:27,9,9,평택,13,"38,47,48,52,57,58,59,64,66,68,78,88,98"
708,17:28,1,1,서울역,11,"28,32,34,62,65,76,80,81,85,90,97"
708,17:28,10,10,인천공항,7,"5,7,49,69,79,89,99"
708,17:28,2,2,수서,11,"6,16,17,31,51,56,61,71,87,91,101"
708,17:28,3,3,삼성,11,"23,26,29,30,44,72,82,86,92,96,102"
708,17:28,4,4,여의도,8,"0,10,11,22,33,40,41,93"
708,17:28,5,5,김포공항,6,"3,9,14,24,74,94"
708,17:28,6,6,일산,3,"35,75,95"
708,17:28,7,7,판교,4,"4,12,20,36"
708,17:28,8,8,동탄/용인,2,"63,73"
708,17:28,9,9,평택,14,"38,47,48,52,57,58,59,64,66,68,78,88,98,103"
709,17:29,1,1,서울역,11,"28,32,34,62,65,76,80,81,85,90,97"
709,17:29,10,10,인천공항,7,"5,7,49,69,79,89,99"
709,17:29,2,2,수서,10,"6,16,17,31,51,61,71,87,91,101"
709,17:29,3,3,삼성,11,"23,26,29,30,44,72,82,86,92,96,102"
709,17:29,4,4,여의도,9,"0,10,11,22,33,39,40,41,93"
709,17:29,5,5,김포공항,6,"3,9,14,24,74,94"
709,17:29,6,6,일산,3,"35,75,95"
709,17:29,7,7,판교,5,"4,12,20,36,46"
709,17:29,8,8,동탄/용인,2,"63,73"
709,17:29,9,9,평택,14,"38,47,48,52,57,58,59,64,66,68,78,88,98,103"
710,17:30,1,1,서울역,11,"28,32,34,43,67,76,80,81,85,90,97"
710,17:30,10,10,인천공항,7,"5,7,49,69,79,89,99"
710,17:30,2,2,수서,11,"1,6,16,17,31,51,61,71,87,91,101"
710,17:30,3,3,삼성,10,"23,26,29,30,44,72,82,92,102,104"
710,17:30,4,4,여의도,8,"0,10,11,22,33,39,40,93"
710,17:30,5,5,김포공항,6,"3,9,14,24,74,94"
710,17:30,6,6,일산,3,"35,75,95"
710,17:30,7,7,판교,6,"2,4,12,20,36,46"
710,17:30,8,8,동탄/용인,2,"63,73"
710,17:30,9,9,평택,13,"38,48,52,57,58,59,64,66,68,78,88,98,103"
711,17:31,1,1,서울역,11,"28,32,43,60,67,76,80,81,85,90,97"
711,17:31,10,10,인천공항,8,"5,7,49,69,79,83,89,99"
711,17:31,2,2,수서,13,"1,6,16,17,21,31,51,61,70,71,87,91,101"
711,17:31,3,3,삼성,9,"23,29,30,44,72,82,92,102,104"
711,17:31,4,4,여의도,9,"0,10,11,22,33,39,40,42,93"
711,17:31,5,5,김포공항,6,"3,9,14,24,74,94"
711,17:31,6,6,일산,4,"13,35,75,95"
711,17:31,7,7,판교,6,"2,4,12,20,36,46"
711,17:31,8,8,동탄/용인,2,"63,73"
711,17:31,9,9,평택,13,"38,48,52,57,58,59,64,66,68,78,88,98,103"
712,17:32,1,1,서울역,11,"28,43,55,60,67,76,80,81,85,90,97"
712,17:32,10,10,인천공항,8,"5,7,49,69,79,83,89,99"
712,17:32,2,2,수서,12,"1,6,16,17,21,31,51,61,70,71,91,101"
712,17:32,3,3,삼성,6,"29,72,82,92,102,104"
712,17:32,4,4,여의도,6,"0,22,33,40,42,93"
712,17:32,5,5,김포공항,6,"3,9,14,24,74,94"
712,17:32,6,6,일산,4,"13,35,75,95"
712,17:32,7,7,판교,6,"2,4,12,20,36,46"
712,17:32,8,8,동탄/용인,3,"63,73,77"
712,17:32,9,9,평택,14,"15,38,48,52,57,58,59,64,66,68,78,88,98,103"
713,17:33,1,1,서울역,10,"28,43,55,60,76,80,81,85,90,97"
713,17:33,10,10,인천공항,8,"5,7,49,69,79,83,89,99"
713,17:33,2,2,수서,12,"1,6,16,17,21,31,51,61,70,71,91,101"
713,17:33,3,3,삼성,5,"29,72,82,92,102"
713,17:33,4,4,여의도,7,"0,22,27,33,40,42,93"
713,17:33,5,5,김포공항,5,"9,14,24,74,94"
713,17:33,6,6,일산,5,"13,35,75,84,95"
713,17:33,7,7,판교,6,"2,4,12,20,36,46"
713,17:33,8,8,동탄/용인,3,"63,73,77"
713,17:33,9,9,평택,14,"15,38,48,52,57,58,59,64,66,68,78,88,98,103"
714,17:34,1,1,서울역,11,"28,43,55,60,76,80,81,85,90,97,100"
714,17:34,10,10,인천공항,8,"5,7,49,69,79,83,89,99"
714,17:34,2,2,수서,12,"1,6,16,17,21,31,51,61,70,71,91,101"
714,17:34,3,3,삼성,6,"19,29,72,82,92,102"
714,17:34,4,4,여의도,8,"0,22,27,33,40,42,53,93"
714,17:34,5,5,김포공항,5,"9,14,24,74,94"
714,17:34,6,6,일산,5,"13,35,75,84,95"
714,17:34,7,7,판교,5,"2,12,20,36,46"
714,17:34,8,8,동탄/용인,4,"37,63,73,77"
714,17:34,9,9,평택,13,"15,38,48,52,57,58,59,64,66,68,78,88,98"
715,17:35,1,1,서울역,11,"28,43,55,60,76,80,81,85,90,97,100"
715,17:35,10,10,인천공항,9,"5,7,49,54,69,79,83,89,99"
715,17:35,2,2,수서,13,"1,6,8,16,17,21,31,51,61,70,71,91,101"
715,17:35,3,3,삼성,6,"19,29,72,82,92,102"
715,17:35,4,4,여의도,9,"0,22,27,33,40,42,53,56,93"
715,17:35,5,5,김포공항,5,"9,14,24,74,94"
715,17:35,6,6,일산,5,"13,35,75,84,95"
715,17:35,7,7,판교,5,"2,12,20,36,46"
715,17:35,8,8,동탄/용인,4,"37,63,73,77"
715,17:35,9,9,평택,13,"15,38,48,52,57,58,59,64,66,68,78,88,98"
716,17:36,1,1,서울역,11,"28,43,55,60,76,80,81,85,90,97,100"
716,17:36,10,10,인천공항,9,"5,7,49,54,69,79,83,89,99"
716,17:36,2,2,수서,11,"6,8,17,21,31,51,61,70,71,91,101"
716,17:36,3,3,삼성,6,"19,29,72,82,92,102"
716,17:36,4,4,여의도,9,"0,22,27,33,40,42,53,56,93"
716,17:36,5,5,김포공항,6,"9,14,24,25,74,94"
716,17:36,6,6,일산,4,"13,35,75,95"
716,17:36,7,7,판교,5,"2,12,20,36,46"
716,17:36,8,8,동탄/용인,4,"37,63,73,77"
716,17:36,9,9,평택,13,"15,38,48,52,57,58,59,64,66,68,78,88,98"
717,17:37,1,1,서울역,9,"28,43,55,60,80,85,90,97,100"
717,17:37,10,10,인천공항,8,"5,7,49,54,69,79,89,99"
717,17:37,2,2,수서,10,"6,8,17,21,31,51,61,71,91,101"
717,17:37,3,3,삼성,5,"19,72,82,92,102"
717,17:37,4,4,여의도,10,"0,22,27,33,40,42,53,56,86,93"
717,17:37,5,5,김포공항,6,"9,14,24,25,74,94"
717,17:37,6,6,일산,4,"13,35,75,95"
717,17:37,7,7,판교,5,"2,12,20,36,46"
717,17:37,8,8,동탄/용인,4,"37,63,73,77"
717,17:37,9,9,평택,12,"15,38,52,57,58,59,64,66,68,78,88,98"
718,17:38,1,1,서울역,8,"43,55,60,80,85,90,97,100"
718,17:38,10,10,인천공항,7,"5,7,49,69,79,89,99"
718,17:38,2,2,수서,11,"6,8,10,17,21,31,51,61,71,91,101"
718,17:38,3,3,삼성,6,"19,32,72,82,92,102"
718,17:38,4,4,여의도,9,"0,22,27,33,42,53,56,86,93"
718,17:38,5,5,김포공항,6,"9,24,25,74,94,96"
718,17:38,6,6,일산,4,"13,35,75,95"
718,17:38,7,7,판교,5,"2,12,20,36,46"
718,17:38,8,8,동탄/용인,4,"37,63,73,77"
718,17:38,9,9,평택,12,"18,38,52,57,58,59,64,66,68,78,88,98"
719,17:39,1,1,서울역,8,"43,55,60,80,85,90,97,100"
719,17:39,10,10,인천공항,6,"5,49,69,79,89,99"
719,17:39,2,2,수서,11,"6,8,10,17,21,31,51,61,71,91,101"
719,17:39,3,3,삼성,9,"1,11,19,32,39,72,82,92,102"
719,17:39,4,4,여의도,9,"22,27,33,42,44,53,56,86,93"
719,17:39,5,5,김포공항,7,"9,24,25,34,74,94,96"
719,17:39,6,6,일산,4,"13,35,75,95"
719,17:39,7,7,판교,6,"2,12,20,36,45,46"
719,17:39,8,8,동탄/용인,4,"37,63,73,77"
719,17:39,9,9,평택,12,"18,38,52,57,58,59,64,66,68,78,88,98"
720,17:40,1,1,서울역,8,"43,55,60,80,85,90,97,100"
720,17:40,10,10,인천공항,6,"5,49,69,79,89,99"
720,17:40,2,2,수서,11,"6,8,10,17,21,31,51,61,71,91,101"
720,17:40,3,3,삼성,10,"1,11,19,32,39,50,72,82,92,102"
720,17:40,4,4,여의도,9,"22,27,33,42,44,53,56,86,93"
720,17:40,5,5,김포공항,8,"9,23,30,34,74,87,94,96"
720,17:40,6,6,일산,4,"13,35,75,95"
720,17:40,7,7,판교,6,"2,12,20,36,45,46"
720,17:40,8,8,동탄/용인,4,"37,63,73,77"
720,17:40,9,9,평택,12,"18,38,52,57,58,59,64,66,68,78,88,98"
721,17:41,1,1,서울역,8,"3,43,55,60,80,90,97,100"
721,17:41,10,10,인천공항,6,"5,49,69,79,89,99"
721,17:41,2,2,수서,11,"6,8,10,17,21,31,51,61,71,91,101"
721,17:41,3,3,삼성,10,"1,11,19,32,39,50,72,82,92,102"
721,17:41,4,4,여의도,9,"4,22,27,33,42,44,53,86,93"
721,17:41,5,5,김포공항,7,"9,23,30,34,74,87,94"
721,17:41,6,6,일산,4,"13,35,75,95"
721,17:41,7,7,판교,5,"2,20,36,45,46"
721,17:41,8,8,동탄/용인,5,"37,41,63,73,77"
721,17:41,9,9,평택,12,"18,38,52,57,58,59,64,66,68,78,88,98"
722,17:42,1,1,서울역,8,"3,43,55,60,80,90,97,100"
722,17:42,10,10,인천공항,6,"5,49,69,79,89,99"
722,17:42,2,2,수서,11,"6,8,10,17,21,31,51,61,71,91,101"
722,17:42,3,3,삼성,9,"11,19,32,39,50,72,82,92,102"
722,17:42,4,4,여의도,10,"4,16,22,27,33,42,44,53,86,93"
722,17:42,5,5,김포공항,7,"9,23,30,34,74,87,94"
722,17:42,6,6,일산,4,"13,35,75,95"
722,17:42,7,7,판교,5,"2,20,36,45,46"
722,17:42,8,8,동탄/용인,5,"37,41,63,73,77"
722,17:42,9,9,평택,12,"18,38,52,57,58,59,64,66,68,78,88,98"
723,17:43,1,1,서울역,8,"3,43,55,60,80,90,97,100"
723,17:43,10,10,인천공항,7,"5,49,62,69,79,89,99"
723,17:43,2,2,수서,11,"6,8,10,17,21,31,51,61,71,91,101"
723,17:43,3,3,삼성,10,"11,19,32,39,50,72,81,82,92,102"
723,17:43,4,4,여의도,10,"4,16,22,27,33,42,44,53,86,93"
723,17:43,5,5,김포공항,7,"9,30,34,74,84,87,94"
723,17:43,6,6,일산,5,"13,35,75,95,104"
723,17:43,7,7,판교,5,"2,20,36,45,46"
723,17:43,8,8,동탄/용인,5,"37,41,63,73,77"
723,17:43,9,9,평택,12,"18,38,52,57,58,59,64,66,68,78,88,98"
724,17:44,1,1,서울역,8,"3,43,55,60,70,80,90,100"
724,17:44,10,10,인천공항,7,"5,49,62,69,79,89,99"
724,17:44,2,2,수서,8,"17,21,31,51,61,71,91,101"
724,17:44,3,3,삼성,10,"11,19,32,39,50,72,81,82,92,102"
724,17:44,4,4,여의도,9,"4,16,27,33,42,44,53,86,93"
724,17:44,5,5,김포공항,7,"9,30,34,74,84,87,94"
724,17:44,6,6,일산,5,"13,35,75,95,104"
724,17:44,7,7,판교,6,"2,20,36,45,46,76"
724,17:44,8,8,동탄/용인,5,"37,41,63,73,77"
724,17:44,9,9,평택,12,"18,38,52,57,58,59,64,66,68,78,88,98"
725,17:45,1,1,서울역,9,"3,43,55,56,60,70,80,90,100"
725,17:45,10,10,인천공항,7,"5,49,62,69,79,89,99"
725,17:45,2,2,수서,9,"0,17,21,31,51,61,71,91,101"
725,17:45,3,3,삼성,11,"11,19,32,39,40,50,72,81,82,92,102"
725,17:45,4,4,여의도,10,"4,16,27,33,42,44,47,53,86,93"
725,17:45,5,5,김포공항,7,"9,30,34,74,84,87,94"
725,17:45,6,6,일산,5,"13,35,75,95,104"
725,17:45,7,7,판교,6,"2,20,36,45,46,76"
725,17:45,8,8,동탄/용인,5,"37,41,63,73,77"
725,17:45,9,9,평택,12,"18,38,52,57,58,59,64,66,68,78,88,98"
726,17:46,1,1,서울역,7,"3,56,60,70,80,90,100"
726,17:46,10,10,인천공항,7,"5,26,49,69,79,89,99"
726,17:46,2,2,수서,8,"0,21,31,51,61,71,91,101"
726,17:46,3,3,삼성,9,"11,32,39,40,72,81,82,92,102"
726,17:46,4,4,여의도,10,"4,16,27,33,42,44,47,53,86,93"
726,17:46,5,5,김포공항,5,"28,34,74,84,94"
726,17:46,6,6,일산,4,"13,35,75,95"
726,17:46,7,7,판교,6,"2,20,36,45,46,76"
726,17:46,8,8,동탄/용인,5,"37,41,63,73,77"
726,17:46,9,9,평택,13,"18,38,52,57,58,59,64,65,66,68,78,88,98"
727,17:47,1,1,서울역,7,"3,56,60,70,80,90,100"
727,17:47,10,10,인천공항,6,"26,49,69,79,89,99"
727,17:47,2,2,수서,8,"0,21,31,51,61,71,91,101"
727,17:47,3,3,삼성,9,"11,32,39,40,72,81,82,92,102"
727,17:47,4,4,여의도,8,"16,27,33,42,44,47,53,93"
727,17:47,5,5,김포공항,5,"28,34,74,84,94"
727,17:47,6,6,일산,4,"13,35,75,95"
727,17:47,7,7,판교,6,"2,20,36,45,46,76"
727,17:47,8,8,동탄/용인,5,"37,41,63,73,77"
727,17:47,9,9,평택,13,"18,38,52,57,58,59,64,65,66,68,78,88,98"
728,17:48,1,1,서울역,6,"3,60,70,80,90,100"
728,17:48,10,10,인천공항,7,"14,26,49,69,79,89,99"
728,17:48,2,2,수서,10,"0,21,24,31,51,61,71,85,91,101"
728,17:48,3,3,삼성,9,"25,32,39,40,72,81,82,92,102"
728,17:48,4,4,여의도,9,"12,16,27,33,42,44,47,53,93"
728,17:48,5,5,김포공항,6,"28,34,54,74,84,94"
728,17:48,6,6,일산,4,"13,35,75,95"
728,17:48,7,7,판교,6,"2,20,36,45,46,76"
728,17:48,8,8,동탄/용인,5,"37,41,63,73,77"
728,17:48,9,9,평택,13,"18,38,52,57,58,59,64,65,66,68,78,88,98"
729,17:49,1,1,서울역,6,"3,60,70,80,90,100"
729,17:49,10,10,인천공항,6,"14,49,69,79,89,99"
729,17:49,2,2,수서,9,"0,24,31,51,61,71,85,91,101"
729,17:49,3,3,삼성,9,"25,32,39,40,72,81,82,92,102"
729,17:49,4,4,여의도,12,"12,16,23,27,33,42,44,47,53,83,93,103"
729,17:49,5,5,김포공항,6,"28,34,54,74,84,94"
729,17:49,6,6,일산,4,"13,35,75,95"
729,17:49,7,7,판교,6,"2,20,36,45,46,76"
729,17:49,8,8,동탄/용인,5,"37,41,63,73,77"
729,17:49,9,9,평택,14,"18,38,52,57,58,59,64,65,66,67,68,78,88,98"
730,17:50,1,1,서울역,6,"3,60,70,80,90,100"
730,17:50,10,10,인천공항,6,"14,49,69,79,89,99"
730,17:50,2,2,수서,10,"0,22,24,31,51,61,71,85,91,101"
730,17:50,3,3,삼성,9,"25,32,39,40,72,81,82,92,102"
730,17:50,4,4,여의도,12,"12,16,23,27,33,42,44,47,53,83,93,103"
730,17:50,5,5,김포공항,7,"1,28,34,54,74,84,94"
730,17:50,6,6,일산,4,"13,35,75,95"
730,17:50,7,7,판교,6,"2,20,36,45,46,76"
730,17:50,8,8,동탄/용인,4,"37,63,73,77"
730,17:50,9,9,평택,13,"18,38,57,58,59,64,65,66,67,68,78,88,98"
731,17:51,1,1,서울역,7,"3,10,60,70,80,90,100"
731,17:51,10,10,인천공항,5,"49,69,79,89,99"
731,17:51,2,2,수서,10,"0,22,31,51,61,71,85,91,97,101"
731,17:51,3,3,삼성,8,"32,39,40,72,81,82,92,102"
731,17:51,4,4,여의도,11,"12,23,27,33,42,44,47,53,83,93,103"
731,17:51,5,5,김포공항,7,"1,28,34,54,74,84,94"
731,17:51,6,6,일산,3,"35,75,95"
731,17:51,7,7,판교,7,"2,20,36,45,46,76,96"
731,17:51,8,8,동탄/용인,4,"37,63,73,77"
731,17:51,9,9,평택,12,"38,57,58,59,64,65,66,67,68,78,88,98"
732,17:52,1,1,서울역,8,"3,10,19,60,70,80,90,100"
732,17:52,10,10,인천공항,6,"29,49,69,79,89,99"
732,17:52,2,2,수서,10,"0,22,31,51,61,71,85,91,97,101"
732,17:52,3,3,삼성,7,"32,39,40,72,82,92,102"
732,17:52,4,4,여의도,13,"12,17,23,27,33,42,44,47,48,53,83,93,103"
732,17:52,5,5,김포공항,8,"1,6,8,34,54,74,84,94"
732,17:52,6,6,일산,3,"35,75,95"
732,17:52,7,7,판교,6,"20,36,45,46,76,96"
732,17:52,8,8,동탄/용인,4,"37,63,73,77"
732,17:52,9,9,평택,11,"38,57,58,59,64,65,66,68,78,88,98"
733,17:53,1,1,서울역,8,"3,10,19,60,70,80,90,100"
733,17:53,10,10,인천공항,6,"29,49,69,79,89,99"
733,17:53,2,2,수서,11,"0,4,22,31,51,61,71,85,91,97,101"
733,17:53,3,3,삼성,7,"32,39,40,72,82,92,102"
733,17:53,4,4,여의도,14,"12,15,17,23,27,33,42,44,47,48,53,83,93,103"
733,17:53,5,5,김포공항,9,"1,6,8,34,54,74,84,94,104"
733,17:53,6,6,일산,5,"35,43,55,75,95"
733,17:53,7,7,판교,6,"20,36,45,46,76,96"
733,17:53,8,8,동탄/용인,4,"37,63,73,77"
733,17:53,9,9,평택,11,"38,57,58,59,64,65,66,68,78,88,98"
734,17:54,1,1,서울역,9,"3,10,19,30,60,70,80,90,100"
734,17:54,10,10,인천공항,6,"29,49,69,79,89,99"
734,17:54,2,2,수서,12,"0,4,9,22,31,51,61,71,85,91,97,101"
734,17:54,3,3,삼성,8,"7,32,39,40,72,82,92,102"
734,17:54,4,4,여의도,13,"15,17,23,27,33,42,44,47,48,53,83,93,103"
734,17:54,5,5,김포공항,9,"1,6,8,34,54,74,84,94,104"
734,17:54,6,6,일산,5,"35,43,55,75,95"
734,17:54,7,7,판교,6,"20,36,45,46,76,96"
734,17:54,8,8,동탄/용인,4,"37,63,73,77"
734,17:54,9,9,평택,11,"38,57,58,59,64,65,66,68,78,88,98"
735,17:55,1,1,서울역,9,"3,10,19,30,60,70,80,90,100"
735,17:55,10,10,인천공항,6,"29,49,69,79,89,99"
735,17:55,2,2,수서,12,"0,4,9,22,31,51,61,71,85,91,97,101"
735,17:55,3,3,삼성,8,"7,32,39,40,72,82,92,102"
735,17:55,4,4,여의도,14,"11,15,17,21,23,33,42,44,47,48,53,83,93,103"
735,17:55,5,5,김포공항,7,"1,34,54,74,84,94,104"
735,17:55,6,6,일산,5,"35,43,55,75,95"
735,17:55,7,7,판교,6,"20,36,45,46,76,96"
735,17:55,8,8,동탄/용인,4,"37,63,73,77"
735,17:55,9,9,평택,11,"38,57,58,59,64,65,66,68,78,88,98"
736,17:56,1,1,서울역,9,"3,10,19,30,60,70,80,90,100"
736,17:56,10,10,인천공항,6,"29,49,69,79,89,99"
736,17:56,2,2,수서,11,"0,4,9,31,51,61,71,85,91,97,101"
736,17:56,3,3,삼성,7,"7,39,40,72,82,92,102"
736,17:56,4,4,여의도,14,"11,15,17,21,23,33,42,44,47,48,53,83,93,103"
736,17:56,5,5,김포공항,8,"1,34,54,56,74,84,94,104"
736,17:56,6,6,일산,5,"35,43,55,75,95"
736,17:56,7,7,판교,6,"20,36,45,46,76,96"
736,17:56,8,8,동탄/용인,4,"37,63,73,77"
736,17:56,9,9,평택,10,"38,58,59,64,65,66,68,78,88,98"
737,17:57,1,1,서울역,8,"3,19,30,60,70,80,90,100"
737,17:57,10,10,인천공항,6,"29,49,69,79,89,99"
737,17:57,2,2,수서,11,"0,4,9,16,31,51,61,71,85,91,101"
737,17:57,3,3,삼성,7,"7,39,40,72,82,92,102"
737,17:57,4,4,여의도,14,"11,15,17,21,23,33,42,44,47,48,53,83,93,103"
737,17:57,5,5,김포공항,8,"1,34,54,56,74,84,94,104"
737,17:57,6,6,일산,5,"35,43,55,75,95"
737,17:57,7,7,판교,6,"20,36,45,46,76,96"
737,17:57,8,8,동탄/용인,4,"37,63,73,77"
737,17:57,9,9,평택,10,"38,58,59,64,65,66,68,78,88,98"
738,17:58,1,1,서울역,8,"19,24,30,60,70,80,90,100"
738,17:58,10,10,인천공항,6,"29,49,69,79,89,99"
738,17:58,2,2,수서,11,"0,4,9,16,31,51,61,71,85,91,101"
738,17:58,3,3,삼성,6,"7,40,72,82,92,102"
738,17:58,4,4,여의도,14,"11,15,17,21,23,33,42,44,47,48,53,83,93,103"
738,17:58,5,5,김포공항,8,"1,34,54,56,74,84,94,104"
738,17:58,6,6,일산,5,"35,43,55,75,95"
738,17:58,7,7,판교,6,"20,36,45,46,76,96"
738,17:58,8,8,동탄/용인,5,"37,63,67,73,77"
738,17:58,9,9,평택,10,"38,58,59,64,65,66,68,78,88,98"
739,17:59,1,1,서울역,8,"19,24,30,60,70,80,90,100"
739,17:59,10,10,인천공항,6,"29,49,69,79,89,99"
739,17:59,2,2,수서,11,"0,4,9,16,31,51,61,71,85,91,101"
739,17:59,3,3,삼성,5,"7,72,82,92,102"
739,17:59,4,4,여의도,15,"2,5,11,17,21,23,33,42,44,47,48,53,83,93,103"
739,17:59,5,5,김포공항,7,"1,34,54,74,84,94,104"
739,17:59,6,6,일산,5,"35,43,55,75,95"
739,17:59,7,7,판교,6,"20,36,45,46,76,96"
739,17:59,8,8,동탄/용인,5,"37,63,67,73,77"
739,17:59,9,9,평택,10,"38,58,59,64,65,66,68,78,88,98"
740,18:00,1,1,서울역,8,"19,24,30,60,70,80,90,100"
740,18:00,10,10,인천공항,6,"29,49,69,79,89,99"
740,18:00,2,2,수서,12,"0,4,9,12,16,31,51,61,71,85,91,101"
740,18:00,3,3,삼성,6,"7,41,72,82,92,102"
740,18:00,4,4,여의도,14,"2,5,11,17,21,23,33,44,47,48,53,83,93,103"
740,18:00,5,5,김포공항,7,"1,34,54,74,84,94,104"
740,18:00,6,6,일산,5,"35,43,55,75,95"
740,18:00,7,7,판교,6,"20,36,45,46,76,96"
740,18:00,8,8,동탄/용인,6,"37,63,67,73,77,87"
740,18:00,9,9,평택,10,"38,58,59,64,65,66,68,78,88,98"
741,18:01,1,1,서울역,8,"19,24,30,60,70,80,90,100"
741,18:01,10,10,인천공항,7,"29,49,50,69,79,89,99"
741,18:01,2,2,수서,12,"0,4,9,12,16,31,51,61,71,85,91,101"
741,18:01,3,3,삼성,7,"7,41,62,72,82,92,102"
741,18:01,4,4,여의도,14,"2,5,11,17,21,23,33,44,47,48,53,83,93,103"
741,18:01,5,5,김포공항,8,"1,14,34,54,74,84,94,104"
741,18:01,6,6,일산,5,"35,43,55,75,95"
741,18:01,7,7,판교,6,"20,36,45,46,76,96"
741,18:01,8,8,동탄/용인,6,"37,63,67,73,77,87"
741,18:01,9,9,평택,10,"38,58,59,64,65,66,68,78,88,98"
742,18:02,1,1,서울역,8,"19,24,30,60,70,80,90,100"
742,18:02,10,10,인천공항,7,"29,49,50,69,79,89,99"
742,18:02,2,2,수서,12,"0,4,9,12,16,31,51,61,71,85,91,101"
742,18:02,3,3,삼성,8,"7,27,41,62,72,82,92,102"
742,18:02,4,4,여의도,14,"2,11,17,21,22,23,33,44,47,48,53,83,93,103"
742,18:02,5,5,김포공항,8,"1,14,34,54,74,84,94,104"
742,18:02,6,6,일산,6,"35,43,55,75,81,95"
742,18:02,7,7,판교,5,"36,45,46,76,96"
742,18:02,8,8,동탄/용인,6,"37,63,67,73,77,87"
742,18:02,9,9,평택,11,"38,58,59,64,65,66,68,78,86,88,98"
743,18:03,1,1,서울역,8,"19,24,30,60,70,80,90,100"
743,18:03,10,10,인천공항,7,"29,49,50,69,79,89,99"
743,18:03,2,2,수서,10,"9,12,16,31,51,61,71,85,91,101"
743,18:03,3,3,삼성,7,"7,27,62,72,82,92,102"
743,18:03,4,4,여의도,14,"2,11,17,21,22,23,33,44,47,48,53,83,93,103"
743,18:03,5,5,김포공항,8,"1,14,34,54,74,84,94,104"
743,18:03,6,6,일산,4,"35,75,81,95"
743,18:03,7,7,판교,5,"13,36,46,76,96"
743,18:03,8,8,동탄/용인,6,"37,63,67,73,77,87"
743,18:03,9,9,평택,11,"38,58,59,64,65,66,68,78,86,88,98"
744,18:04,1,1,서울역,9,"19,24,30,60,70,80,90,97,100"
744,18:04,10,10,인천공항,6,"29,49,69,79,89,99"
744,18:04,2,2,수서,10,"9,12,16,31,51,61,71,85,91,101"
744,18:04,3,3,삼성,7,"7,27,62,72,82,92,102"
744,18:04,4,4,여의도,14,"2,11,17,21,22,23,33,44,47,48,53,83,93,103"
744,18:04,5,5,김포공항,9,"1,14,32,34,54,74,84,94,104"
744,18:04,6,6,일산,4,"35,75,81,95"
744,18:04,7,7,판교,6,"10,13,36,46,76,96"
744,18:04,8,8,동탄/용인,5,"37,63,67,77,87"
744,18:04,9,9,평택,10,"38,58,64,65,66,68,78,86,88,98"
745,18:05,1,1,서울역,9,"19,24,30,60,70,80,90,97,100"
745,18:05,10,10,인천공항,6,"29,49,69,79,89,99"
745,18:05,2,2,수서,12,"3,9,12,15,16,31,51,61,71,85,91,101"
745,18:05,3,3,삼성,6,"7,62,72,82,92,102"
745,18:05,4,4,여의도,14,"2,11,17,21,22,23,33,39,47,48,53,83,93,103"
745,18:05,5,5,김포공항,9,"1,14,32,34,54,74,84,94,104"
745,18:05,6,6,일산,3,"35,75,95"
745,18:05,7,7,판교,8,"6,10,13,26,36,46,76,96"
745,18:05,8,8,동탄/용인,5,"37,63,67,77,87"
745,18:05,9,9,평택,9,"38,58,64,65,66,68,78,88,98"
746,18:06,1,1,서울역,9,"24,30,52,60,70,80,90,97,100"
746,18:06,10,10,인천공항,7,"25,29,49,69,79,89,99"
746,18:06,2,2,수서,12,"3,9,12,15,31,41,51,61,71,85,91,101"
746,18:06,3,3,삼성,6,"7,62,72,82,92,102"
746,18:06,4,4,여의도,15,"2,11,17,18,21,22,23,33,39,47,48,53,83,93,103"
746,18:06,5,5,김포공항,9,"1,14,32,34,54,74,84,94,104"
746,18:06,6,6,일산,3,"35,75,95"
746,18:06,7,7,판교,8,"6,10,13,26,36,46,76,96"
746,18:06,8,8,동탄/용인,5,"37,63,67,77,87"
746,18:06,9,9,평택,9,"38,58,64,65,66,68,78,88,98"
747,18:07,1,1,서울역,9,"24,30,52,60,70,80,90,97,100"
747,18:07,10,10,인천공항,7,"25,29,49,69,79,89,99"
747,18:07,2,2,수서,12,"3,9,12,15,31,41,51,61,71,85,91,101"
747,18:07,3,3,삼성,7,"7,42,62,72,82,92,102"
747,18:07,4,4,여의도,15,"2,11,17,18,21,22,23,33,39,47,48,53,83,93,103"
747,18:07,5,5,김포공항,9,"1,14,34,40,54,74,84,94,104"
747,18:07,6,6,일산,3,"35,75,95"
747,18:07,7,7,판교,7,"6,10,13,26,36,46,96"
747,18:07,8,8,동탄/용인,5,"37,63,67,77,87"
747,18:07,9,9,평택,9,"38,58,64,65,66,68,78,88,98"
748,18:08,1,1,서울역,8,"30,52,60,70,80,90,97,100"
748,18:08,10,10,인천공항,7,"25,29,49,69,79,89,99"
748,18:08,2,2,수서,12,"3,9,12,15,31,41,51,61,71,85,91,101"
748,18:08,3,3,삼성,7,"7,42,62,72,82,92,102"
748,18:08,4,4,여의도,14,"2,11,18,21,22,23,33,39,47,48,53,83,93,103"
748,18:08,5,5,김포공항,9,"1,14,34,40,54,74,84,94,104"
748,18:08,6,6,일산,3,"35,75,95"
748,18:08,7,7,판교,7,"6,10,13,26,36,46,96"
748,18:08,8,8,동탄/용인,5,"37,63,67,77,87"
748,18:08,9,9,평택,9,"38,58,64,65,66,68,78,88,98"
749,18:09,1,1,서울역,8,"20,30,52,60,80,90,97,100"
749,18:09,10,10,인천공항,6,"29,49,69,79,89,99"
749,18:09,2,2,수서,12,"3,9,12,15,31,41,51,61,71,85,91,101"
749,18:09,3,3,삼성,8,"5,7,42,62,72,82,92,102"
749,18:09,4,4,여의도,14,"2,11,18,21,22,23,33,39,47,48,53,83,93,103"
749,18:09,5,5,김포공항,9,"1,14,34,40,54,74,84,94,104"
749,18:09,6,6,일산,3,"35,75,95"
749,18:09,7,7,판교,8,"6,10,13,26,36,46,56,96"
749,18:09,8,8,동탄/용인,5,"37,63,67,77,87"
749,18:09,9,9,평택,10,"28,38,58,64,65,66,68,78,88,98"
750,18:10,1,1,서울역,10,"0,4,20,30,52,60,80,90,97,100"
750,18:10,10,10,인천공항,6,"29,49,69,79,89,99"
750,18:10,2,2,수서,12,"3,9,12,15,31,41,51,61,71,85,91,101"
750,18:10,3,3,삼성,8,"5,7,42,62,72,82,92,102"
750,18:10,4,4,여의도,15,"2,11,18,21,22,23,33,39,45,47,48,53,83,93,103"
750,18:10,5,5,김포공항,8,"1,14,34,54,74,84,94,104"
750,18:10,6,6,일산,3,"35,75,95"
750,18:10,7,7,판교,8,"6,10,13,26,36,46,56,96"
750,18:10,8,8,동탄/용인,5,"37,59,67,77,87"
750,18:10,9,9,평택,10,"28,38,58,64,65,66,68,78,88,98"
751,18:11,1,1,서울역,10,"0,4,20,30,52,60,80,90,97,100"
751,18:11,10,10,인천공항,6,"29,49,69,79,89,99"
751,18:11,2,2,수서,12,"3,9,12,15,31,41,51,61,71,85,91,101"
751,18:11,3,3,삼성,8,"5,7,42,62,72,82,92,102"
751,18:11,4,4,여의도,15,"2,11,18,21,22,23,33,39,45,47,48,53,83,93,103"
751,18:11,5,5,김포공항,8,"1,14,34,54,74,84,94,104"
751,18:11,6,6,일산,3,"35,75,95"
751,18:11,7,7,판교,8,"6,10,13,26,36,46,56,96"
751,18:11,8,8,동탄/용인,5,"37,59,67,77,87"
751,18:11,9,9,평택,10,"28,38,58,64,65,66,68,78,88,98"
752,18:12,1,1,서울역,10,"0,4,20,30,52,60,80,90,97,100"
752,18:12,10,10,인천공항,6,"29,49,69,79,89,99"
752,18:12,2,2,수서,11,"3,12,15,31,41,51,61,71,85,91,101"
752,18:12,3,3,삼성,9,"5,7,19,42,62,72,82,92,102"
752,18:12,4,4,여의도,15,"2,11,18,21,22,23,33,39,45,47,48,53,83,93,103"
752,18:12,5,5,김포공항,8,"1,14,34,54,74,84,94,104"
752,18:12,6,6,일산,3,"35,75,95"
752,18:12,7,7,판교,9,"6,10,13,26,36,44,46,56,96"
752,18:12,8,8,동탄/용인,5,"37,59,67,77,87"
752,18:12,9,9,평택,11,"8,28,38,58,64,65,66,68,78,88,98"
753,18:13,1,1,서울역,10,"0,4,20,30,52,60,80,90,97,100"
753,18:13,10,10,인천공항,6,"29,49,69,79,89,99"
753,18:13,2,2,수서,11,"3,12,15,31,41,51,61,71,85,91,101"
753,18:13,3,3,삼성,9,"5,7,19,42,62,72,82,92,102"
753,18:13,4,4,여의도,15,"2,11,18,21,22,23,33,39,45,47,48,53,83,93,103"
753,18:13,5,5,김포공항,8,"1,14,34,54,74,84,94,104"
753,18:13,6,6,일산,3,"35,75,95"
753,18:13,7,7,판교,9,"6,10,13,26,36,44,46,56,96"
753,18:13,8,8,동탄/용인,4,"37,67,77,87"
753,18:13,9,9,평택,10,"8,28,38,58,65,66,68,78,88,98"
754,18:14,1,1,서울역,10,"0,4,20,30,52,60,80,90,97,100"
754,18:14,10,10,인천공항,6,"29,49,69,79,89,99"
754,18:14,2,2,수서,11,"3,12,15,31,41,51,61,71,85,91,101"
754,18:14,3,3,삼성,9,"5,7,19,42,62,72,82,92,102"
754,18:14,4,4,여의도,15,"2,18,21,22,23,33,39,45,47,48,53,76,83,93,103"
754,18:14,5,5,김포공항,9,"1,14,16,34,54,74,84,94,104"
754,18:14,6,6,일산,3,"35,75,95"
754,18:14,7,7,판교,9,"6,10,13,26,36,44,46,56,96"
754,18:14,8,8,동탄/용인,4,"37,67,77,87"
754,18:14,9,9,평택,10,"8,28,38,58,65,66,68,78,88,98"
755,18:15,1,1,서울역,10,"0,4,20,30,52,60,80,90,97,100"
755,18:15,10,10,인천공항,7,"29,49,57,69,79,89,99"
755,18:15,2,2,수서,12,"3,12,15,24,31,41,51,61,71,85,91,101"
755,18:15,3,3,삼성,9,"5,7,19,42,62,72,82,92,102"
755,18:15,4,4,여의도,15,"2,18,21,22,23,33,39,45,47,48,53,76,83,93,103"
755,18:15,5,5,김포공항,9,"1,14,16,34,54,74,84,94,104"
755,18:15,6,6,일산,3,"35,75,95"
755,18:15,7,7,판교,12,"6,10,13,17,26,36,43,44,46,55,56,96"
755,18:15,8,8,동탄/용인,5,"27,37,67,77,87"
755,18:15,9,9,평택,10,"8,28,38,58,65,66,68,78,88,98"
756,18:16,1,1,서울역,9,"0,20,30,52,60,80,90,97,100"
756,18:16,10,10,인천공항,7,"29,49,57,69,79,89,99"
756,18:16,2,2,수서,13,"3,12,15,24,31,41,51,61,71,81,85,91,101"
756,18:16,3,3,삼성,9,"5,7,19,42,62,72,82,92,102"
756,18:16,4,4,여의도,15,"2,18,21,22,23,33,39,45,47,48,53,76,83,93,103"
756,18:16,5,5,김포공항,9,"1,14,16,34,54,74,84,94,104"
756,18:16,6,6,일산,3,"35,75,95"
756,18:16,7,7,판교,13,"6,10,13,17,26,36,43,44,46,55,56,70,96"
756,18:16,8,8,동탄/용인,5,"27,37,67,77,87"
756,18:16,9,9,평택,10,"8,28,38,58,65,66,68,78,88,98"
757,18:17,1,1,서울역,10,"0,20,30,50,52,60,80,90,97,100"
757,18:17,10,10,인천공항,8,"29,32,49,57,69,79,89,99"
757,18:17,2,2,수서,13,"3,12,15,24,31,41,51,61,71,81,85,91,101"
757,18:17,3,3,삼성,9,"5,7,19,42,62,72,82,92,102"
757,18:17,4,4,여의도,14,"2,18,21,22,23,33,39,45,47,48,53,83,93,103"
757,18:17,5,5,김포공항,8,"1,14,34,54,74,84,94,104"
757,18:17,6,6,일산,3,"35,75,95"
757,18:17,7,7,판교,14,"6,10,13,17,26,36,43,44,46,55,56,70,86,96"
757,18:17,8,8,동탄/용인,5,"27,37,67,77,87"
757,18:17,9,9,평택,10,"8,28,38,58,65,66,68,78,88,98"
758,18:18,1,1,서울역,10,"0,20,30,40,50,52,60,80,90,100"
758,18:18,10,10,인천공항,7,"29,32,49,69,79,89,99"
758,18:18,2,2,수서,13,"3,12,15,24,31,41,51,61,71,81,85,91,101"
758,18:18,3,3,삼성,9,"5,7,19,42,62,72,82,92,102"
758,18:18,4,4,여의도,15,"2,9,18,21,22,23,33,39,45,47,48,53,83,93,103"
758,18:18,5,5,김포공항,8,"1,14,34,54,74,84,94,104"
758,18:18,6,6,일산,3,"35,75,95"
758,18:18,7,7,판교,14,"6,10,13,17,26,36,43,44,46,55,56,70,86,96"
758,18:18,8,8,동탄/용인,5,"27,37,67,77,87"
758,18:18,9,9,평택,10,"8,28,38,58,65,66,68,78,88,98"
759,18:19,1,1,서울역,10,"0,20,30,40,50,52,60,80,90,100"
759,18:19,10,10,인천공항,7,"29,32,49,69,79,89,99"
759,18:19,2,2,수서,13,"3,12,15,24,31,41,51,61,71,81,85,91,101"
759,18:19,3,3,삼성,9,"5,7,19,42,62,72,82,92,102"
759,18:19,4,4,여의도,15,"2,9,18,21,22,23,33,39,45,47,48,53,83,93,103"
759,18:19,5,5,김포공항,8,"1,14,34,54,74,84,94,104"
759,18:19,6,6,일산,3,"35,75,95"
759,18:19,7,7,판교,14,"6,10,13,17,26,36,43,44,46,55,56,70,86,96"
759,18:19,8,8,동탄/용인,6,"27,37,64,67,77,87"
759,18:19,9,9,평택,10,"8,28,38,58,65,66,68,78,88,98"
760,18:20,1,1,서울역,10,"0,20,30,40,50,52,60,80,90,100"
760,18:20,10,10,인천공항,6,"29,49,69,79,89,99"
760,18:20,2,2,수서,14,"3,11,12,15,24,31,41,51,61,71,81,85,91,101"
760,18:20,3,3,삼성,9,"5,7,19,42,62,72,82,92,102"
760,18:20,4,4,여의도,15,"2,9,18,21,22,23,33,39,45,47,48,53,83,93,103"
760,18:20,5,5,김포공항,8,"1,14,34,54,74,84,94,104"
760,18:20,6,6,일산,4,"25,35,75,95"
760,18:20,7,7,판교,13,"6,13,17,26,36,43,44,46,55,56,70,86,96"
760,18:20,8,8,동탄/용인,6,"27,37,64,67,77,87"
760,18:20,9,9,평택,9,"8,28,38,58,65,68,78,88,98"
761,18:21,1,1,서울역,10,"0,20,30,40,50,52,60,80,90,100"
761,18:21,10,10,인천공항,6,"29,49,69,79,89,99"
761,18:21,2,2,수서,14,"3,11,12,15,24,31,41,51,61,71,81,85,91,101"
761,18:21,3,3,삼성,9,"5,7,19,42,62,72,82,92,102"
761,18:21,4,4,여의도,15,"2,9,18,21,22,23,33,39,45,47,48,53,83,93,103"
761,18:21,5,5,김포공항,8,"1,14,34,54,74,84,94,104"
761,18:21,6,6,일산,5,"25,35,73,75,95"
761,18:21,7,7,판교,12,"6,13,17,26,36,44,46,55,56,70,86,96"
761,18:21,8,8,동탄/용인,6,"27,37,64,67,77,87"
761,18:21,9,9,평택,9,"8,28,38,58,65,68,78,88,98"
762,18:22,1,1,서울역,10,"0,30,40,50,52,60,63,80,90,100"
762,18:22,10,10,인천공항,6,"29,49,69,79,89,99"
762,18:22,2,2,수서,14,"3,11,12,15,24,31,41,51,61,71,81,85,91,101"
762,18:22,3,3,삼성,10,"4,5,7,19,42,62,72,82,92,102"
762,18:22,4,4,여의도,15,"2,9,18,21,22,23,33,39,45,47,48,53,83,93,103"
762,18:22,5,5,김포공항,8,"1,14,34,54,74,84,94,104"
762,18:22,6,6,일산,5,"25,35,73,75,95"
762,18:22,7,7,판교,12,"6,13,17,26,36,44,46,55,56,70,86,96"
762,18:22,8,8,동탄/용인,5,"27,37,67,77,87"
762,18:22,9,9,평택,9,"8,28,38,58,65,68,78,88,98"
763,18:23,1,1,서울역,10,"0,30,40,50,52,60,63,80,90,100"
763,18:23,10,10,인천공항,6,"29,49,69,79,89,99"
763,18:23,2,2,수서,13,"3,12,15,24,31,41,51,61,71,81,85,91,101"
763,18:23,3,3,삼성,10,"4,5,7,19,42,62,72,82,92,102"
763,18:23,4,4,여의도,15,"2,9,18,21,22,23,33,39,45,47,48,53,83,93,103"
763,18:23,5,5,김포공항,8,"1,14,34,54,74,84,94,104"
763,18:23,6,6,일산,5,"25,35,73,75,95"
763,18:23,7,7,판교,12,"6,13,17,26,36,44,46,55,56,70,86,96"
763,18:23,8,8,동탄/용인,5,"27,37,67,77,87"
763,18:23,9,9,평택,9,"8,28,38,58,65,68,78,88,98"
764,18:24,1,1,서울역,10,"0,30,40,50,52,60,63,80,90,100"
764,18:24,10,10,인천공항,6,"29,49,69,79,89,99"
764,18:24,2,2,수서,12,"3,15,24,31,41,51,61,71,81,85,91,101"
764,18:24,3,3,삼성,10,"4,5,7,19,42,62,72,82,92,102"
764,18:24,4,4,여의도,15,"2,9,18,21,22,23,33,39,45,47,48,53,83,93,103"
764,18:24,5,5,김포공항,8,"1,14,34,54,74,84,94,104"
764,18:24,6,6,일산,5,"25,35,75,76,95"
764,18:24,7,7,판교,12,"6,13,17,26,36,44,46,55,56,70,86,96"
764,18:24,8,8,동탄/용인,5,"27,37,67,77,87"
764,18:24,9,9,평택,9,"8,28,38,58,65,68,78,88,98"
765,18:25,1,1,서울역,10,"0,30,40,50,52,60,63,80,90,100"
765,18:25,10,10,인천공항,6,"29,49,69,79,89,99"
765,18:25,2,2,수서,12,"3,15,24,31,41,51,61,71,81,85,91,101"
765,18:25,3,3,삼성,10,"4,5,7,19,42,62,72,82,92,102"
765,18:25,4,4,여의도,15,"2,9,18,21,22,23,33,39,45,47,48,53,83,93,103"
765,18:25,5,5,김포공항,8,"1,14,34,54,74,84,94,104"
765,18:25,6,6,일산,5,"25,35,75,76,95"
765,18:25,7,7,판교,12,"6,13,17,26,36,44,46,55,56,86,96,97"
765,18:25,8,8,동탄/용인,5,"27,37,67,77,87"
765,18:25,9,9,평택,9,"8,28,38,58,65,68,78,88,98"
766,18:26,1,1,서울역,10,"0,30,40,50,52,60,63,80,90,100"
766,18:26,10,10,인천공항,6,"29,49,69,79,89,99"
766,18:26,2,2,수서,12,"3,15,24,31,41,51,61,71,81,85,91,101"
766,18:26,3,3,삼성,10,"4,5,7,19,42,62,72,82,92,102"
766,18:26,4,4,여의도,14,"9,18,21,22,23,33,39,45,47,48,53,83,93,103"
766,18:26,5,5,김포공항,8,"1,14,34,54,74,84,94,104"
766,18:26,6,6,일산,5,"25,35,75,76,95"
766,18:26,7,7,판교,12,"6,13,17,26,36,44,46,55,56,86,96,97"
766,18:26,8,8,동탄/용인,6,"27,37,66,67,77,87"
766,18:26,9,9,평택,9,"8,28,38,58,65,68,78,88,98"
767,18:27,1,1,서울역,10,"0,30,40,50,52,60,63,80,90,100"
767,18:27,10,10,인천공항,6,"29,49,69,79,89,99"
767,18:27,2,2,수서,11,"15,24,31,41,51,61,71,81,85,91,101"
767,18:27,3,3,삼성,9,"4,7,19,42,62,72,82,92,102"
767,18:27,4,4,여의도,15,"9,10,18,21,22,23,33,39,45,47,48,53,83,93,103"
767,18:27,5,5,김포공항,8,"1,14,34,54,74,84,94,104"
767,18:27,6,6,일산,4,"25,35,75,95"
767,18:27,7,7,판교,13,"6,13,16,17,26,36,44,46,55,56,86,96,97"
767,18:27,8,8,동탄/용인,6,"27,37,66,67,77,87"
767,18:27,9,9,평택,9,"8,28,38,58,65,68,78,88,98"
768,18:28,1,1,서울역,10,"0,30,40,50,52,60,63,80,90,100"
768,18:28,10,10,인천공항,6,"29,49,69,79,89,99"
768,18:28,2,2,수서,10,"15,24,31,41,51,61,71,81,91,101"
768,18:28,3,3,삼성,10,"4,7,19,20,42,62,72,82,92,102"
768,18:28,4,4,여의도,15,"9,10,18,21,22,23,33,39,45,47,48,53,83,93,103"
768,18:28,5,5,김포공항,8,"1,14,34,54,74,84,94,104"
768,18:28,6,6,일산,4,"25,35,75,95"
768,18:28,7,7,판교,12,"6,16,17,26,36,44,46,55,56,86,96,97"
768,18:28,8,8,동탄/용인,6,"27,37,66,67,77,87"
768,18:28,9,9,평택,9,"8,28,38,58,65,68,78,88,98"
769,18:29,1,1,서울역,9,"0,30,40,50,60,63,80,90,100"
769,18:29,10,10,인천공항,6,"29,49,69,79,89,99"
769,18:29,2,2,수서,10,"15,24,31,41,51,61,71,81,91,101"
769,18:29,3,3,삼성,10,"4,7,19,20,42,62,72,82,92,102"
769,18:29,4,4,여의도,15,"9,10,18,21,22,23,33,39,45,47,48,53,83,93,103"
769,18:29,5,5,김포공항,8,"1,14,34,54,74,84,94,104"
769,18:29,6,6,일산,4,"25,35,75,95"
769,18:29,7,7,판교,11,"6,16,26,36,44,46,55,56,86,96,97"
769,18:29,8,8,동탄/용인,5,"27,37,67,77,87"
769,18:29,9,9,평택,9,"8,28,38,58,65,68,78,88,98"
770,18:30,1,1,서울역,8,"30,40,50,60,63,80,90,100"
770,18:30,10,10,인천공항,6,"29,49,69,79,89,99"
770,18:30,2,2,수서,11,"5,15,24,31,41,51,61,71,81,91,101"
770,18:30,3,3,삼성,10,"4,7,19,20,42,62,72,82,92,102"
770,18:30,4,4,여의도,15,"9,10,12,21,22,23,33,39,45,47,48,53,83,93,103"
770,18:30,5,5,김포공항,8,"1,14,34,54,74,84,94,104"
770,18:30,6,6,일산,5,"25,35,59,75,95"
770,18:30,7,7,판교,11,"6,16,26,36,44,46,55,56,86,96,97"
770,18:30,8,8,동탄/용인,5,"27,37,67,77,87"
770,18:30,9,9,평택,9,"8,28,38,58,65,68,78,88,98"
771,18:31,1,1,서울역,7,"30,40,50,60,80,90,100"
771,18:31,10,10,인천공항,6,"29,49,69,79,89,99"
771,18:31,2,2,수서,11,"5,15,24,31,41,51,61,71,81,91,101"
771,18:31,3,3,삼성,9,"4,7,20,42,62,72,82,92,102"
771,18:31,4,4,여의도,16,"9,10,12,21,22,23,33,39,45,47,48,53,73,83,93,103"
771,18:31,5,5,김포공항,8,"1,14,34,54,74,84,94,104"
771,18:31,6,6,일산,5,"25,35,59,75,95"
771,18:31,7,7,판교,11,"6,16,26,36,44,46,55,56,86,96,97"
771,18:31,8,8,동탄/용인,5,"27,37,67,77,87"
771,18:31,9,9,평택,9,"8,28,38,58,65,68,78,88,98"
772,18:32,1,1,서울역,7,"30,40,50,60,80,90,100"
772,18:32,10,10,인천공항,6,"29,49,69,79,89,99"
772,18:32,2,2,수서,11,"5,15,24,31,41,51,61,71,81,91,101"
772,18:32,3,3,삼성,9,"4,7,20,42,62,72,82,92,102"
772,18:32,4,4,여의도,14,"9,10,12,21,22,23,33,39,47,53,73,83,93,103"
772,18:32,5,5,김포공항,8,"1,14,34,54,74,84,94,104"
772,18:32,6,6,일산,5,"25,35,59,75,95"
772,18:32,7,7,판교,11,"6,16,26,36,44,46,55,56,86,96,97"
772,18:32,8,8,동탄/용인,5,"27,37,67,77,87"
772,18:32,9,9,평택,9,"8,28,38,58,65,68,78,88,98"
773,18:33,1,1,서울역,7,"30,40,50,60,80,90,100"
773,18:33,10,10,인천공항,6,"29,49,69,79,89,99"
773,18:33,2,2,수서,10,"15,24,31,41,51,61,71,81,91,101"
773,18:33,3,3,삼성,10,"2,4,7,20,42,62,72,82,92,102"
773,18:33,4,4,여의도,15,"3,9,10,12,21,22,23,33,39,47,53,73,83,93,103"
773,18:33,5,5,김포공항,8,"1,14,34,54,74,84,94,104"
773,18:33,6,6,일산,5,"25,35,43,75,95"
773,18:33,7,7,판교,11,"6,16,26,36,44,46,55,56,86,96,97"
773,18:33,8,8,동탄/용인,5,"27,37,67,77,87"
773,18:33,9,9,평택,8,"8,28,38,58,68,78,88,98"
774,18:34,1,1,서울역,7,"30,40,50,60,80,90,100"
774,18:34,10,10,인천공항,6,"29,49,69,79,89,99"
774,18:34,2,2,수서,10,"15,24,31,41,51,61,71,81,91,101"
774,18:34,3,3,삼성,10,"2,4,7,20,42,62,72,82,92,102"
774,18:34,4,4,여의도,15,"3,9,10,12,21,22,23,33,39,47,53,73,83,93,103"
774,18:34,5,5,김포공항,8,"1,14,34,54,74,84,94,104"
774,18:34,6,6,일산,5,"25,35,43,75,95"
774,18:34,7,7,판교,11,"6,16,26,36,44,46,55,56,86,96,97"
774,18:34,8,8,동탄/용인,5,"27,37,67,77,87"
774,18:34,9,9,평택,8,"8,28,38,58,68,78,88,98"
775,18:35,1,1,서울역,7,"30,40,50,60,80,90,100"
775,18:35,10,10,인천공항,6,"29,49,69,79,89,99"
775,18:35,2,2,수서,9,"24,31,41,51,61,71,81,91,101"
775,18:35,3,3,삼성,11,"2,4,7,20,32,42,62,72,82,92,102"
775,18:35,4,4,여의도,15,"3,10,12,13,21,22,23,33,39,47,53,73,83,93,103"
775,18:35,5,5,김포공항,9,"1,14,34,54,70,74,84,94,104"
775,18:35,6,6,일산,5,"25,35,43,75,95"
775,18:35,7,7,판교,11,"6,16,26,36,44,46,55,56,86,96,97"
775,18:35,8,8,동탄/용인,6,"27,37,57,67,77,87"
775,18:35,9,9,평택,8,"8,28,38,58,68,78,88,98"
776,18:36,1,1,서울역,9,"30,40,45,48,50,60,80,90,100"
776,18:36,10,10,인천공항,6,"29,49,69,79,89,99"
776,18:36,2,2,수서,9,"24,31,41,51,61,71,81,91,101"
776,18:36,3,3,삼성,11,"2,4,5,20,32,42,62,72,82,92,102"
776,18:36,4,4,여의도,15,"3,10,13,17,21,22,23,33,39,47,53,73,83,93,103"
776,18:36,5,5,김포공항,10,"1,14,34,54,70,74,84,85,94,104"
776,18:36,6,6,일산,4,"25,35,75,95"
776,18:36,7,7,판교,12,"6,16,26,36,44,46,52,55,56,86,96,97"
776,18:36,8,8,동탄/용인,6,"27,37,57,67,77,87"
776,18:36,9,9,평택,8,"8,28,38,58,68,78,88,98"
777,18:37,1,1,서울역,10,"19,30,40,45,48,50,60,80,90,100"
777,18:37,10,10,인천공항,6,"29,49,69,79,89,99"
777,18:37,2,2,수서,10,"0,24,31,41,51,61,71,81,91,101"
777,18:37,3,3,삼성,12,"2,4,5,18,20,32,42,62,72,82,92,102"
777,18:37,4,4,여의도,15,"3,10,13,17,21,22,23,33,39,47,53,73,83,93,103"
777,18:37,5,5,김포공항,10,"1,14,34,54,70,74,84,85,94,104"
777,18:37,6,6,일산,4,"25,35,75,95"
777,18:37,7,7,판교,11,"6,16,26,36,44,46,52,55,56,86,96"
777,18:37,8,8,동탄/용인,6,"27,37,57,67,77,87"
777,18:37,9,9,평택,9,"8,11,28,38,58,68,78,88,98"
778,18:38,1,1,서울역,10,"19,30,40,45,48,50,60,80,90,100"
778,18:38,10,10,인천공항,6,"29,49,69,79,89,99"
778,18:38,2,2,수서,10,"0,24,31,41,51,61,71,81,91,101"
778,18:38,3,3,삼성,12,"2,4,5,18,20,32,42,62,72,82,92,102"
778,18:38,4,4,여의도,15,"3,10,13,17,21,22,23,33,39,47,53,73,83,93,103"
778,18:38,5,5,김포공항,9,"1,14,34,54,74,84,85,94,104"
778,18:38,6,6,일산,4,"25,35,75,95"
778,18:38,7,7,판교,12,"6,16,26,36,44,46,52,55,56,63,86,96"
778,18:38,8,8,동탄/용인,6,"27,37,57,67,77,87"
778,18:38,9,9,평택,9,"8,11,28,38,58,68,78,88,98"
779,18:39,1,1,서울역,9,"19,30,40,48,50,60,80,90,100"
779,18:39,10,10,인천공항,6,"29,49,69,79,89,99"
779,18:39,2,2,수서,11,"0,7,24,31,41,51,61,71,81,91,101"
779,18:39,3,3,삼성,11,"2,4,18,20,32,42,62,72,82,92,102"
779,18:39,4,4,여의도,14,"3,10,13,17,21,23,33,39,47,53,73,83,93,103"
779,18:39,5,5,김포공항,9,"1,14,34,54,74,84,85,94,104"
779,18:39,6,6,일산,5,"25,35,64,75,95"
779,18:39,7,7,판교,13,"6,16,26,36,44,46,52,55,56,63,76,86,96"
779,18:39,8,8,동탄/용인,6,"27,37,57,67,77,87"
779,18:39,9,9,평택,9,"8,11,28,38,58,68,78,88,98"
780,18:40,1,1,서울역,8,"30,40,48,50,60,80,90,100"
780,18:40,10,10,인천공항,6,"29,49,69,79,89,99"
780,18:40,2,2,수서,11,"0,7,24,31,41,51,61,71,81,91,101"
780,18:40,3,3,삼성,10,"2,18,20,32,42,62,72,82,92,102"
780,18:40,4,4,여의도,13,"3,10,17,21,23,33,39,47,53,73,83,93,103"
780,18:40,5,5,김포공항,9,"1,14,34,54,74,84,85,94,104"
780,18:40,6,6,일산,5,"25,35,64,75,95"
780,18:40,7,7,판교,13,"6,16,26,36,44,46,52,55,56,63,76,86,96"
780,18:40,8,8,동탄/용인,6,"27,37,57,67,77,87"
780,18:40,9,9,평택,8,"8,11,28,38,68,78,88,98"
781,18:41,1,1,서울역,8,"30,40,48,50,60,80,90,100"
781,18:41,10,10,인천공항,6,"29,49,69,79,89,99"
781,18:41,2,2,수서,11,"0,7,24,31,41,51,61,71,81,91,101"
781,18:41,3,3,삼성,9,"18,20,32,42,62,72,82,92,102"
781,18:41,4,4,여의도,13,"3,10,15,17,23,33,39,47,53,73,83,93,103"
781,18:41,5,5,김포공항,9,"1,14,34,54,74,84,85,94,104"
781,18:41,6,6,일산,5,"25,35,64,75,95"
781,18:41,7,7,판교,12,"6,16,26,36,44,46,52,55,56,76,86,96"
781,18:41,8,8,동탄/용인,6,"27,37,57,67,77,87"
781,18:41,9,9,평택,8,"8,11,28,38,68,78,88,98"
782,18:42,1,1,서울역,7,"30,40,50,60,80,90,100"
782,18:42,10,10,인천공항,6,"29,49,69,79,89,99"
782,18:42,2,2,수서,11,"0,7,24,31,41,51,61,71,81,91,101"
782,18:42,3,3,삼성,10,"9,18,20,32,42,62,72,82,92,102"
782,18:42,4,4,여의도,13,"3,10,15,17,23,33,39,47,53,73,83,93,103"
782,18:42,5,5,김포공항,8,"1,14,34,54,74,84,94,104"
782,18:42,6,6,일산,4,"25,35,75,95"
782,18:42,7,7,판교,10,"6,16,26,36,44,46,56,76,86,96"
782,18:42,8,8,동탄/용인,6,"27,37,57,67,77,87"
782,18:42,9,9,평택,8,"8,11,28,38,68,78,88,98"
783,18:43,1,1,서울역,7,"30,40,50,60,80,90,100"
783,18:43,10,10,인천공항,6,"29,49,69,79,89,99"
783,18:43,2,2,수서,11,"0,4,7,31,41,51,61,71,81,91,101"
783,18:43,3,3,삼성,9,"9,20,32,42,62,72,82,92,102"
783,18:43,4,4,여의도,14,"3,10,15,17,23,33,39,43,47,53,73,83,93,103"
783,18:43,5,5,김포공항,8,"1,14,34,54,74,84,94,104"
783,18:43,6,6,일산,4,"25,35,75,95"
783,18:43,7,7,판교,11,"6,12,16,26,36,44,46,56,76,86,96"
783,18:43,8,8,동탄/용인,6,"27,37,57,67,77,87"
783,18:43,9,9,평택,7,"8,28,38,68,78,88,98"
784,18:44,1,1,서울역,8,"13,30,40,50,60,80,90,100"
784,18:44,10,10,인천공항,7,"29,49,59,69,79,89,99"
784,18:44,2,2,수서,11,"0,4,7,31,41,51,61,71,81,91,101"
784,18:44,3,3,삼성,9,"9,20,32,42,62,72,82,92,102"
784,18:44,4,4,여의도,14,"3,10,15,17,23,33,39,43,47,53,73,83,93,103"
784,18:44,5,5,김포공항,8,"1,14,34,54,74,84,94,104"
784,18:44,6,6,일산,4,"25,35,75,95"
784,18:44,7,7,판교,11,"6,12,16,26,36,44,46,56,76,86,96"
784,18:44,8,8,동탄/용인,6,"27,37,57,67,77,87"
784,18:44,9,9,평택,7,"8,28,38,68,78,88,98"
785,18:45,1,1,서울역,8,"13,30,40,50,60,80,90,100"
785,18:45,10,10,인천공항,7,"29,49,59,69,79,89,99"
785,18:45,2,2,수서,10,"0,4,31,41,51,61,71,81,91,101"
785,18:45,3,3,삼성,10,"9,20,32,42,45,62,72,82,92,102"
785,18:45,4,4,여의도,14,"3,10,15,17,23,33,39,43,47,53,73,83,93,103"
785,18:45,5,5,김포공항,8,"1,14,34,54,74,84,94,104"
785,18:45,6,6,일산,4,"25,35,75,95"
785,18:45,7,7,판교,11,"6,12,16,26,36,44,46,56,76,86,96"
785,18:45,8,8,동탄/용인,6,"27,37,57,67,77,87"
785,18:45,9,9,평택,7,"8,28,38,68,78,88,98"
786,18:46,1,1,서울역,9,"13,30,40,50,60,70,80,90,100"
786,18:46,10,10,인천공항,7,"29,49,59,69,79,89,99"
786,18:46,2,2,수서,9,"0,31,41,51,61,71,81,91,101"
786,18:46,3,3,삼성,10,"9,22,32,42,45,62,72,82,92,102"
786,18:46,4,4,여의도,14,"3,10,15,17,23,33,39,43,47,53,73,83,93,103"
786,18:46,5,5,김포공항,8,"1,14,34,54,74,84,94,104"
786,18:46,6,6,일산,5,"25,35,66,75,95"
786,18:46,7,7,판교,11,"6,12,16,26,36,44,46,56,76,86,96"
786,18:46,8,8,동탄/용인,7,"27,37,57,58,67,77,87"
786,18:46,9,9,평택,7,"8,28,38,68,78,88,98"
787,18:47,1,1,서울역,9,"2,30,40,50,60,70,80,90,100"
787,18:47,10,10,인천공항,7,"29,49,59,69,79,89,99"
787,18:47,2,2,수서,9,"21,31,41,51,61,71,81,91,101"
787,18:47,3,3,삼성,10,"9,22,32,42,45,62,72,82,92,102"
787,18:47,4,4,여의도,12,"10,17,23,33,39,43,47,53,73,83,93,103"
787,18:47,5,5,김포공항,9,"1,5,14,34,54,74,84,94,104"
787,18:47,6,6,일산,5,"25,35,66,75,95"
787,18:47,7,7,판교,11,"6,12,16,26,36,44,46,56,76,86,96"
787,18:47,8,8,동탄/용인,7,"27,37,57,58,67,77,87"
787,18:47,9,9,평택,7,"8,28,38,68,78,88,98"
788,18:48,1,1,서울역,9,"2,30,40,50,60,70,80,90,100"
788,18:48,10,10,인천공항,7,"29,49,59,69,79,89,99"
788,18:48,2,2,수서,9,"21,31,41,51,61,71,81,91,101"
788,18:48,3,3,삼성,9,"9,22,32,42,62,72,82,92,102"
788,18:48,4,4,여의도,13,"10,17,23,33,39,43,47,53,63,73,83,93,103"
788,18:48,5,5,김포공항,10,"1,5,14,19,34,54,74,84,94,104"
788,18:48,6,6,일산,5,"25,35,66,75,95"
788,18:48,7,7,판교,11,"6,12,16,26,36,44,46,56,76,86,96"
788,18:48,8,8,동탄/용인,7,"27,37,57,58,67,77,87"
788,18:48,9,9,평택,7,"8,28,38,68,78,88,98"
789,18:49,1,1,서울역,10,"2,18,30,40,50,60,70,80,90,100"
789,18:49,10,10,인천공항,7,"29,49,59,69,79,89,99"
789,18:49,2,2,수서,9,"21,31,41,51,61,71,81,91,101"
789,18:49,3,3,삼성,10,"9,22,32,42,52,62,72,82,92,102"
789,18:49,4,4,여의도,14,"10,17,23,33,39,43,47,53,55,63,73,83,93,103"
789,18:49,5,5,김포공항,11,"1,5,14,19,34,54,64,74,84,94,104"
789,18:49,6,6,일산,6,"25,35,75,85,95,97"
789,18:49,7,7,판교,11,"6,16,26,36,44,46,48,56,76,86,96"
789,18:49,8,8,동탄/용인,6,"27,37,57,67,77,87"
789,18:49,9,9,평택,7,"8,28,38,68,78,88,98"
790,18:50,1,1,서울역,10,"18,24,30,40,50,60,70,80,90,100"
790,18:50,10,10,인천공항,7,"29,49,59,69,79,89,99"
790,18:50,2,2,수서,9,"21,31,41,51,61,71,81,91,101"
790,18:50,3,3,삼성,10,"9,22,32,42,52,62,72,82,92,102"
790,18:50,4,4,여의도,13,"17,23,33,39,43,47,53,55,63,73,83,93,103"
790,18:50,5,5,김포공항,11,"1,5,14,19,34,54,64,74,84,94,104"
790,18:50,6,6,일산,6,"25,35,75,85,95,97"
790,18:50,7,7,판교,10,"6,16,26,36,46,48,56,76,86,96"
790,18:50,8,8,동탄/용인,6,"27,37,57,67,77,87"
790,18:50,9,9,평택,7,"8,28,38,68,78,88,98"
791,18:51,1,1,서울역,10,"18,24,30,40,50,60,70,80,90,100"
791,18:51,10,10,인천공항,7,"29,49,59,69,79,89,99"
791,18:51,2,2,수서,9,"21,31,41,51,61,71,81,91,101"
791,18:51,3,3,삼성,10,"9,22,32,42,52,62,72,82,92,102"
791,18:51,4,4,여의도,13,"17,23,33,39,43,47,53,55,63,73,83,93,103"
791,18:51,5,5,김포공항,10,"1,5,14,34,54,64,74,84,94,104"
791,18:51,6,6,일산,6,"25,35,75,85,95,97"
791,18:51,7,7,판교,10,"6,16,26,36,46,48,56,76,86,96"
791,18:51,8,8,동탄/용인,6,"27,37,57,67,77,87"
791,18:51,9,9,평택,7,"8,28,38,68,78,88,98"
792,18:52,1,1,서울역,10,"20,24,30,40,50,60,70,80,90,100"
792,18:52,10,10,인천공항,8,"29,49,59,65,69,79,89,99"
792,18:52,2,2,수서,9,"21,31,41,51,61,71,81,91,101"
792,18:52,3,3,삼성,9,"22,32,42,52,62,72,82,92,102"
792,18:52,4,4,여의도,13,"17,23,33,39,43,47,53,55,63,73,83,93,103"
792,18:52,5,5,김포공항,10,"1,5,14,34,54,64,74,84,94,104"
792,18:52,6,6,일산,6,"25,35,75,85,95,97"
792,18:52,7,7,판교,10,"6,16,26,36,46,48,56,76,86,96"
792,18:52,8,8,동탄/용인,6,"27,37,57,67,77,87"
792,18:52,9,9,평택,7,"8,28,38,68,78,88,98"
793,18:53,1,1,서울역,10,"20,24,30,40,50,60,70,80,90,100"
793,18:53,10,10,인천공항,8,"29,49,59,65,69,79,89,99"
793,18:53,2,2,수서,9,"21,31,41,51,61,71,81,91,101"
793,18:53,3,3,삼성,9,"22,32,42,52,62,72,82,92,102"
793,18:53,4,4,여의도,14,"0,17,23,33,39,43,47,53,55,63,73,83,93,103"
793,18:53,5,5,김포공항,10,"1,7,14,34,54,64,74,84,94,104"
793,18:53,6,6,일산,6,"25,35,75,85,95,97"
793,18:53,7,7,판교,10,"6,16,26,36,46,48,56,76,86,96"
793,18:53,8,8,동탄/용인,6,"27,37,57,67,77,87"
793,18:53,9,9,평택,7,"8,28,38,68,78,88,98"
794,18:54,1,1,서울역,10,"20,24,30,40,50,60,70,80,90,100"
794,18:54,10,10,인천공항,8,"29,49,59,65,69,79,89,99"
794,18:54,2,2,수서,9,"21,31,41,51,61,71,81,91,101"
794,18:54,3,3,삼성,10,"3,22,32,42,52,62,72,82,92,102"
794,18:54,4,4,여의도,14,"0,17,23,33,39,43,47,53,55,63,73,83,93,103"
794,18:54,5,5,김포공항,11,"1,4,7,14,34,54,64,74,84,94,104"
794,18:54,6,6,일산,7,"13,25,35,75,85,95,97"
794,18:54,7,7,판교,10,"6,16,26,36,46,48,56,76,86,96"
794,18:54,8,8,동탄/용인,6,"27,37,57,67,77,87"
794,18:54,9,9,평택,7,"8,28,38,68,78,88,98"
795,18:55,1,1,서울역,9,"24,30,40,50,60,70,80,90,100"
795,18:55,10,10,인천공항,7,"29,49,59,69,79,89,99"
795,18:55,2,2,수서,10,"9,21,31,41,51,61,71,81,91,101"
795,18:55,3,3,삼성,10,"3,22,32,42,52,62,72,82,92,102"
795,18:55,4,4,여의도,14,"0,17,23,33,39,43,47,53,55,63,73,83,93,103"
795,18:55,5,5,김포공항,11,"1,4,7,14,34,54,64,74,84,94,104"
795,18:55,6,6,일산,6,"13,25,35,75,85,95"
795,18:55,7,7,판교,9,"6,16,26,36,46,56,76,86,96"
795,18:55,8,8,동탄/용인,6,"27,37,57,67,77,87"
795,18:55,9,9,평택,7,"8,28,38,68,78,88,98"
796,18:56,1,1,서울역,10,"12,24,30,40,50,60,70,80,90,100"
796,18:56,10,10,인천공항,7,"29,49,59,69,79,89,99"
796,18:56,2,2,수서,10,"9,21,31,41,51,61,71,81,91,101"
796,18:56,3,3,삼성,11,"2,3,22,32,42,52,62,72,82,92,102"
796,18:56,4,4,여의도,13,"17,23,33,39,43,47,53,55,63,73,83,93,103"
796,18:56,5,5,김포공항,10,"1,4,14,34,54,64,74,84,94,104"
796,18:56,6,6,일산,6,"13,25,35,75,85,95"
796,18:56,7,7,판교,9,"6,16,26,36,46,56,76,86,96"
796,18:56,8,8,동탄/용인,6,"27,37,57,67,77,87"
796,18:56,9,9,평택,7,"8,28,38,68,78,88,98"
797,18:57,1,1,서울역,10,"12,24,30,40,50,60,70,80,90,100"
797,18:57,10,10,인천공항,7,"29,49,59,69,79,89,99"
797,18:57,2,2,수서,10,"9,21,31,41,51,61,71,81,91,101"
797,18:57,3,3,삼성,12,"2,3,10,22,32,42,52,62,72,82,92,102"
797,18:57,4,4,여의도,13,"17,23,33,39,43,47,53,55,63,73,83,93,103"
797,18:57,5,5,김포공항,10,"1,4,14,34,54,64,74,84,94,104"
797,18:57,6,6,일산,5,"25,35,75,85,95"
797,18:57,7,7,판교,9,"6,16,26,36,46,56,76,86,96"
797,18:57,8,8,동탄/용인,6,"27,37,57,67,77,87"
797,18:57,9,9,평택,7,"8,28,38,68,78,88,98"
798,18:58,1,1,서울역,10,"12,24,30,40,50,60,70,80,90,100"
798,18:58,10,10,인천공항,7,"29,49,59,69,79,89,99"
798,18:58,2,2,수서,9,"21,31,41,51,61,71,81,91,101"
798,18:58,3,3,삼성,12,"2,3,10,22,32,42,52,62,72,82,92,102"
798,18:58,4,4,여의도,14,"11,17,23,33,39,43,47,53,55,63,73,83,93,103"
798,18:58,5,5,김포공항,10,"1,4,14,34,54,64,74,84,94,104"
798,18:58,6,6,일산,6,"25,35,45,75,85,95"
798,18:58,7,7,판교,9,"6,16,26,36,46,56,76,86,96"
798,18:58,8,8,동탄/용인,7,"15,27,37,57,67,77,87"
798,18:58,9,9,평택,7,"8,28,38,68,78,88,98"
799,18:59,1,1,서울역,10,"12,24,30,40,50,60,70,80,90,100"
799,18:59,10,10,인천공항,7,"29,49,59,69,79,89,99"
799,18:59,2,2,수서,9,"21,31,41,51,61,71,81,91,101"
799,18:59,3,3,삼성,12,"2,3,10,22,32,42,52,62,72,82,92,102"
799,18:59,4,4,여의도,13,"11,17,23,33,43,47,53,55,63,73,83,93,103"
799,18:59,5,5,김포공항,10,"1,4,14,34,54,64,74,84,94,104"
799,18:59,6,6,일산,7,"18,25,35,45,75,85,95"
799,18:59,7,7,판교,9,"6,16,26,36,46,56,76,86,96"
799,18:59,8,8,동탄/용인,7,"15,27,37,57,67,77,87"
799,18:59,9,9,평택,7,"8,28,38,68,78,88,98"
800,19:00,1,1,서울역,10,"12,24,30,40,50,60,70,80,90,100"
800,19:00,10,10,인천공항,7,"29,49,59,69,79,89,99"
800,19:00,2,2,수서,9,"21,31,41,51,61,71,81,91,101"
800,19:00,3,3,삼성,11,"2,10,22,32,42,52,62,72,82,92,102"
800,19:00,4,4,여의도,12,"11,17,23,33,43,53,55,63,73,83,93,103"
800,19:00,5,5,김포공항,9,"4,14,34,54,64,74,84,94,104"
800,19:00,6,6,일산,8,"5,18,25,35,45,75,85,95"
800,19:00,7,7,판교,9,"6,16,26,36,46,56,76,86,96"
800,19:00,8,8,동탄/용인,7,"15,27,37,57,67,77,87"
800,19:00,9,9,평택,7,"8,28,38,68,78,88,98"
801,19:01,1,1,서울역,11,"12,24,30,40,50,58,60,70,80,90,100"
801,19:01,10,10,인천공항,8,"19,29,49,59,69,79,89,99"
801,19:01,2,2,수서,9,"21,31,41,51,61,71,81,91,101"
801,19:01,3,3,삼성,11,"2,10,22,32,42,52,62,72,82,92,102"
801,19:01,4,4,여의도,12,"11,17,23,33,43,53,55,63,73,83,93,103"
801,19:01,5,5,김포공항,9,"4,14,34,54,64,74,84,94,104"
801,19:01,6,6,일산,8,"5,18,25,35,45,75,85,95"
801,19:01,7,7,판교,10,"6,16,26,36,46,56,66,76,86,96"
801,19:01,8,8,동탄/용인,6,"27,37,57,67,77,87"
801,19:01,9,9,평택,7,"8,28,38,68,78,88,98"
802,19:02,1,1,서울역,11,"12,24,30,40,50,58,60,70,80,90,100"
802,19:02,10,10,인천공항,8,"19,29,49,59,69,79,89,99"
802,19:02,2,2,수서,9,"21,31,41,51,61,71,81,91,101"
802,19:02,3,3,삼성,10,"10,22,32,42,52,62,72,82,92,102"
802,19:02,4,4,여의도,12,"11,17,23,33,43,53,55,63,73,83,93,103"
802,19:02,5,5,김포공항,9,"4,14,34,54,64,74,84,94,104"
802,19:02,6,6,일산,8,"5,25,35,44,45,75,85,95"
802,19:02,7,7,판교,10,"6,16,26,36,46,56,66,76,86,96"
802,19:02,8,8,동탄/용인,6,"27,37,57,67,77,87"
802,19:02,9,9,평택,7,"8,28,38,68,78,88,98"
803,19:03,1,1,서울역,10,"12,30,40,50,58,60,70,80,90,100"
803,19:03,10,10,인천공항,8,"19,29,49,59,69,79,89,99"
803,19:03,2,2,수서,9,"21,31,41,51,61,71,81,91,101"
803,19:03,3,3,삼성,9,"22,32,42,52,62,72,82,92,102"
803,19:03,4,4,여의도,12,"11,17,23,33,43,53,55,63,73,83,93,103"
803,19:03,5,5,김포공항,10,"4,14,20,34,54,64,74,84,94,104"
803,19:03,6,6,일산,9,"0,5,25,35,44,45,75,85,95"
803,19:03,7,7,판교,10,"6,16,26,36,46,56,66,76,86,96"
803,19:03,8,8,동탄/용인,6,"27,37,57,67,77,87"
803,19:03,9,9,평택,7,"8,28,38,68,78,88,98"
804,19:04,1,1,서울역,10,"12,30,40,47,50,60,70,80,90,100"
804,19:04,10,10,인천공항,8,"19,29,49,59,69,79,89,99"
804,19:04,2,2,수서,9,"21,31,41,51,61,71,81,91,101"
804,19:04,3,3,삼성,9,"22,32,42,52,62,72,82,92,102"
804,19:04,4,4,여의도,12,"11,13,23,33,43,53,55,63,73,83,93,103"
804,19:04,5,5,김포공항,10,"4,14,20,34,54,64,74,84,94,104"
804,19:04,6,6,일산,9,"0,5,25,35,44,45,75,85,95"
804,19:04,7,7,판교,10,"6,16,26,36,46,56,66,76,86,96"
804,19:04,8,8,동탄/용인,6,"27,37,57,67,77,87"
804,19:04,9,9,평택,7,"8,28,38,68,78,88,98"
805,19:05,1,1,서울역,10,"12,30,40,47,50,60,70,80,90,100"
805,19:05,10,10,인천공항,8,"19,29,49,59,69,79,89,99"
805,19:05,2,2,수서,9,"21,31,41,51,61,71,81,91,101"
805,19:05,3,3,삼성,9,"22,32,42,52,62,72,82,92,102"
805,19:05,4,4,여의도,12,"11,13,23,33,43,53,55,63,73,83,93,103"
805,19:05,5,5,김포공항,10,"4,14,20,34,54,64,74,84,94,104"
805,19:05,6,6,일산,8,"0,5,25,35,45,75,85,95"
805,19:05,7,7,판교,10,"6,16,26,36,46,56,66,76,86,96"
805,19:05,8,8,동탄/용인,6,"27,37,57,67,77,87"
805,19:05,9,9,평택,7,"8,28,38,68,78,88,98"
806,19:06,1,1,서울역,9,"30,40,47,50,60,70,80,90,100"
806,19:06,10,10,인천공항,8,"19,29,49,59,69,79,89,99"
806,19:06,2,2,수서,10,"10,21,31,41,51,61,71,81,91,101"
806,19:06,3,3,삼성,10,"22,32,39,42,52,62,72,82,92,102"
806,19:06,4,4,여의도,12,"1,11,13,23,33,43,53,63,73,83,93,103"
806,19:06,5,5,김포공항,10,"4,9,14,34,54,64,74,84,94,104"
806,19:06,6,6,일산,8,"5,25,35,45,65,75,85,95"
806,19:06,7,7,판교,10,"6,16,26,36,46,56,66,76,86,96"
806,19:06,8,8,동탄/용인,6,"27,37,57,67,77,87"
806,19:06,9,9,평택,7,"8,28,38,68,78,88,98"
807,19:07,1,1,서울역,8,"30,40,50,60,70,80,90,100"
807,19:07,10,10,인천공항,8,"19,29,49,59,69,79,89,99"
807,19:07,2,2,수서,10,"10,21,31,41,51,61,71,81,91,101"
807,19:07,3,3,삼성,10,"22,32,39,42,52,62,72,82,92,102"
807,19:07,4,4,여의도,13,"1,3,11,13,23,33,43,53,63,73,83,93,103"
807,19:07,5,5,김포공항,10,"4,9,14,34,54,64,74,84,94,104"
807,19:07,6,6,일산,8,"5,25,35,45,65,75,85,95"
807,19:07,7,7,판교,10,"6,16,26,36,46,56,66,76,86,96"
807,19:07,8,8,동탄/용인,6,"27,37,57,67,77,87"
807,19:07,9,9,평택,8,"8,28,38,48,68,78,88,98"
808,19:08,1,1,서울역,8,"30,40,50,60,70,80,90,100"
808,19:08,10,10,인천공항,8,"19,29,49,59,69,79,89,99"
808,19:08,2,2,수서,10,"10,21,31,41,51,61,71,81,91,101"
808,19:08,3,3,삼성,10,"22,32,39,42,52,62,72,82,92,102"
808,19:08,4,4,여의도,13,"1,3,11,13,23,33,43,53,63,73,83,93,103"
808,19:08,5,5,김포공항,10,"4,9,14,34,54,64,74,84,94,104"
808,19:08,6,6,일산,8,"5,25,35,45,65,75,85,95"
808,19:08,7,7,판교,10,"6,16,26,36,46,56,66,76,86,96"
808,19:08,8,8,동탄/용인,6,"27,37,57,67,77,87"
808,19:08,9,9,평택,8,"8,28,38,48,68,78,88,98"
809,19:09,1,1,서울역,8,"30,40,50,60,70,80,90,100"
809,19:09,10,10,인천공항,8,"19,29,49,59,69,79,89,99"
809,19:09,2,2,수서,9,"21,31,41,51,61,71,81,91,101"
809,19:09,3,3,삼성,9,"22,32,42,52,62,72,82,92,102"
809,19:09,4,4,여의도,12,"2,3,13,23,33,43,53,63,73,83,93,103"
809,19:09,5,5,김포공항,9,"4,14,34,54,64,74,84,94,104"
809,19:09,6,6,일산,8,"5,25,35,45,65,75,85,95"
809,19:09,7,7,판교,10,"6,16,26,36,46,56,66,76,86,96"
809,19:09,8,8,동탄/용인,6,"27,37,57,67,77,87"
809,19:09,9,9,평택,8,"8,28,38,48,68,78,88,98"
810,19:10,1,1,서울역,8,"30,40,50,60,70,80,90,100"
810,19:10,10,10,인천공항,8,"19,29,49,59,69,79,89,99"
810,19:10,2,2,수서,10,"21,24,31,41,51,61,71,81,91,101"
810,19:10,3,3,삼성,9,"22,32,42,52,62,72,82,92,102"
810,19:10,4,4,여의도,12,"2,3,13,23,33,43,53,63,73,83,93,103"
810,19:10,5,5,김포공항,9,"4,14,34,54,64,74,84,94,104"
810,19:10,6,6,일산,8,"5,25,35,45,65,75,85,95"
810,19:10,7,7,판교,10,"6,16,26,36,46,56,66,76,86,96"
810,19:10,8,8,동탄/용인,7,"7,27,37,57,67,77,87"
810,19:10,9,9,평택,8,"8,28,38,48,68,78,88,98"
811,19:11,1,1,서울역,8,"30,40,50,60,70,80,90,100"
811,19:11,10,10,인천공항,8,"19,29,49,59,69,79,89,99"
811,19:11,2,2,수서,10,"21,24,31,41,51,61,71,81,91,101"
811,19:11,3,3,삼성,10,"17,22,32,42,52,62,72,82,92,102"
811,19:11,4,4,여의도,12,"2,3,13,23,33,43,53,63,73,83,93,103"
811,19:11,5,5,김포공항,9,"4,14,34,54,64,74,84,94,104"
811,19:11,6,6,일산,8,"5,25,35,45,65,75,85,95"
811,19:11,7,7,판교,10,"6,16,26,36,46,56,66,76,86,96"
811,19:11,8,8,동탄/용인,7,"7,27,37,57,67,77,87"
811,19:11,9,9,평택,8,"8,28,38,48,68,78,88,98"
812,19:12,1,1,서울역,8,"30,40,50,60,70,80,90,100"
812,19:12,10,10,인천공항,8,"19,29,49,59,69,79,89,99"
812,19:12,2,2,수서,10,"21,24,31,41,51,61,71,81,91,101"
812,19:12,3,3,삼성,11,"12,17,22,32,42,52,62,72,82,92,102"
812,19:12,4,4,여의도,11,"3,13,23,33,43,53,63,73,83,93,103"
812,19:12,5,5,김포공항,10,"4,14,34,44,54,64,74,84,94,104"
812,19:12,6,6,일산,8,"5,25,35,45,65,75,85,95"
812,19:12,7,7,판교,10,"6,16,26,36,46,56,66,76,86,96"
812,19:12,8,8,동탄/용인,8,"7,27,37,57,67,77,87,97"
812,19:12,9,9,평택,8,"8,28,38,48,68,78,88,98"
813,19:13,1,1,서울역,9,"0,30,40,50,60,70,80,90,100"
813,19:13,10,10,인천공항,8,"19,29,49,59,69,79,89,99"
813,19:13,2,2,수서,9,"21,31,41,51,61,71,81,91,101"
813,19:13,3,3,삼성,11,"12,17,22,32,42,52,62,72,82,92,102"
813,19:13,4,4,여의도,11,"3,13,23,33,43,53,63,73,83,93,103"
813,19:13,5,5,김포공항,10,"4,14,34,44,54,64,74,84,94,104"
813,19:13,6,6,일산,9,"5,25,35,45,55,65,75,85,95"
813,19:13,7,7,판교,10,"6,16,26,36,46,56,66,76,86,96"
813,19:13,8,8,동탄/용인,8,"7,27,37,57,67,77,87,97"
813,19:13,9,9,평택,8,"8,28,38,48,68,78,88,98"
814,19:14,1,1,서울역,10,"0,20,30,40,50,60,70,80,90,100"
814,19:14,10,10,인천공항,8,"19,29,49,59,69,79,89,99"
814,19:14,2,2,수서,10,"21,31,41,47,51,61,71,81,91,101"
814,19:14,3,3,삼성,10,"12,22,32,42,52,62,72,82,92,102"
814,19:14,4,4,여의도,11,"3,13,23,33,43,53,63,73,83,93,103"
814,19:14,5,5,김포공항,10,"4,14,34,44,54,64,74,84,94,104"
814,19:14,6,6,일산,9,"5,25,35,45,55,65,75,85,95"
814,19:14,7,7,판교,10,"6,16,26,36,46,56,66,76,86,96"
814,19:14,8,8,동탄/용인,8,"7,27,37,57,67,77,87,97"
814,19:14,9,9,평택,8,"8,28,38,48,68,78,88,98"
815,19:15,1,1,서울역,10,"0,20,30,40,50,60,70,80,90,100"
815,19:15,10,10,인천공항,8,"19,29,49,59,69,79,89,99"
815,19:15,2,2,수서,11,"11,21,31,41,47,51,61,71,81,91,101"
815,19:15,3,3,삼성,10,"12,22,32,42,52,62,72,82,92,102"
815,19:15,4,4,여의도,11,"3,13,23,33,43,53,63,73,83,93,103"
815,19:15,5,5,김포공항,10,"4,14,34,44,54,64,74,84,94,104"
815,19:15,6,6,일산,9,"5,25,35,45,55,65,75,85,95"
815,19:15,7,7,판교,10,"6,16,26,36,46,56,66,76,86,96"
815,19:15,8,8,동탄/용인,8,"7,27,37,57,67,77,87,97"
815,19:15,9,9,평택,8,"8,28,38,48,68,78,88,98"
816,19:16,1,1,서울역,11,"0,10,20,30,40,50,60,70,80,90,100"
816,19:16,10,10,인천공항,8,"19,29,49,59,69,79,89,99"
816,19:16,2,2,수서,11,"11,21,31,41,47,51,61,71,81,91,101"
816,19:16,3,3,삼성,11,"1,12,22,32,42,52,62,72,82,92,102"
816,19:16,4,4,여의도,11,"3,13,23,33,43,53,63,73,83,93,103"
816,19:16,5,5,김포공항,10,"4,14,34,44,54,64,74,84,94,104"
816,19:16,6,6,일산,9,"5,25,35,45,55,65,75,85,95"
816,19:16,7,7,판교,10,"6,16,26,36,46,56,66,76,86,96"
816,19:16,8,8,동탄/용인,8,"7,27,37,57,67,77,87,97"
816,19:16,9,9,평택,8,"8,28,38,48,68,78,88,98"
817,19:17,1,1,서울역,11,"0,10,20,30,40,50,60,70,80,90,100"
817,19:17,10,10,인천공항,8,"19,29,49,59,69,79,89,99"
817,19:17,2,2,수서,10,"11,21,31,41,51,61,71,81,91,101"
817,19:17,3,3,삼성,11,"1,12,22,32,42,52,62,72,82,92,102"
817,19:17,4,4,여의도,11,"3,13,23,33,43,53,63,73,83,93,103"
817,19:17,5,5,김포공항,10,"4,14,34,44,54,64,74,84,94,104"
817,19:17,6,6,일산,9,"5,25,35,45,55,65,75,85,95"
817,19:17,7,7,판교,10,"6,16,26,36,46,56,66,76,86,96"
817,19:17,8,8,동탄/용인,8,"7,27,37,57,67,77,87,97"
817,19:17,9,9,평택,8,"8,28,38,48,68,78,88,98"
818,19:18,1,1,서울역,11,"0,10,20,30,40,50,60,70,80,90,100"
818,19:18,10,10,인천공항,8,"19,29,49,59,69,79,89,99"
818,19:18,2,2,수서,10,"11,21,31,41,51,61,71,81,91,101"
818,19:18,3,3,삼성,11,"1,12,22,32,42,52,62,72,82,92,102"
818,19:18,4,4,여의도,11,"3,13,23,33,43,53,63,73,83,93,103"
818,19:18,5,5,김포공항,10,"4,14,34,44,54,64,74,84,94,104"
818,19:18,6,6,일산,10,"5,15,25,35,45,55,65,75,85,95"
818,19:18,7,7,판교,10,"6,16,26,36,46,56,66,76,86,96"
818,19:18,8,8,동탄/용인,8,"7,27,37,57,67,77,87,97"
818,19:18,9,9,평택,8,"8,28,38,48,68,78,88,98"
819,19:19,1,1,서울역,11,"0,10,20,30,40,50,60,70,80,90,100"
819,19:19,10,10,인천공항,9,"9,19,29,49,59,69,79,89,99"
819,19:19,2,2,수서,10,"11,21,31,41,51,61,71,81,91,101"
819,19:19,3,3,삼성,11,"2,12,22,32,42,52,62,72,82,92,102"
819,19:19,4,4,여의도,11,"3,13,23,33,43,53,63,73,83,93,103"
819,19:19,5,5,김포공항,10,"4,14,34,44,54,64,74,84,94,104"
819,19:19,6,6,일산,10,"5,15,25,35,45,55,65,75,85,95"
819,19:19,7,7,판교,10,"6,16,26,36,46,56,66,76,86,96"
819,19:19,8,8,동탄/용인,8,"7,27,37,57,67,77,87,97"
819,19:19,9,9,평택,8,"8,28,38,48,68,78,88,98"
820,19:20,1,1,서울역,11,"0,10,20,30,40,50,60,70,80,90,100"
820,19:20,10,10,인천공항,9,"9,19,29,49,59,69,79,89,99"
820,19:20,2,2,수서,10,"11,21,31,41,51,61,71,81,91,101"
820,19:20,3,3,삼성,11,"2,12,22,32,42,52,62,72,82,92,102"
820,19:20,4,4,여의도,11,"3,13,23,33,43,53,63,73,83,93,103"
820,19:20,5,5,김포공항,10,"4,14,34,44,54,64,74,84,94,104"
820,19:20,6,6,일산,10,"5,15,25,35,45,55,65,75,85,95"
820,19:20,7,7,판교,10,"6,16,26,36,46,56,66,76,86,96"
820,19:20,8,8,동탄/용인,8,"7,27,37,57,67,77,87,97"
820,19:20,9,9,평택,9,"8,28,38,48,58,68,78,88,98"
821,19:21,1,1,서울역,11,"0,10,20,30,40,50,60,70,80,90,100"
821,19:21,10,10,인천공항,9,"9,19,29,49,59,69,79,89,99"
821,19:21,2,2,수서,10,"11,21,31,41,51,61,71,81,91,101"
821,19:21,3,3,삼성,11,"2,12,22,32,42,52,62,72,82,92,102"
821,19:21,4,4,여의도,11,"3,13,23,33,43,53,63,73,83,93,103"
821,19:21,5,5,김포공항,11,"4,14,24,34,44,54,64,74,84,94,104"
821,19:21,6,6,일산,10,"5,15,25,35,45,55,65,75,85,95"
821,19:21,7,7,판교,10,"6,16,26,36,46,56,66,76,86,96"
821,19:21,8,8,동탄/용인,8,"7,27,37,57,67,77,87,97"
821,19:21,9,9,평택,9,"8,28,38,48,58,68,78,88,98"
822,19:22,1,1,서울역,11,"0,10,20,30,40,50,60,70,80,90,100"
822,19:22,10,10,인천공항,9,"9,19,29,49,59,69,79,89,99"
822,19:22,2,2,수서,11,"1,11,21,31,41,51,61,71,81,91,101"
822,19:22,3,3,삼성,11,"2,12,22,32,42,52,62,72,82,92,102"
822,19:22,4,4,여의도,11,"3,13,23,33,43,53,63,73,83,93,103"
822,19:22,5,5,김포공항,11,"4,14,24,34,44,54,64,74,84,94,104"
822,19:22,6,6,일산,10,"5,15,25,35,45,55,65,75,85,95"
822,19:22,7,7,판교,10,"6,16,26,36,46,56,66,76,86,96"
822,19:22,8,8,동탄/용인,8,"7,27,37,57,67,77,87,97"
822,19:22,9,9,평택,10,"8,18,28,38,48,58,68,78,88,98"
823,19:23,1,1,서울역,11,"0,10,20,30,40,50,60,70,80,90,100"
823,19:23,10,10,인천공항,9,"9,19,29,49,59,69,79,89,99"
823,19:23,2,2,수서,11,"1,11,21,31,41,51,61,71,81,91,101"
823,19:23,3,3,삼성,11,"2,12,22,32,42,52,62,72,82,92,102"
823,19:23,4,4,여의도,11,"3,13,23,33,43,53,63,73,83,93,103"
823,19:23,5,5,김포공항,11,"4,14,24,34,44,54,64,74,84,94,104"
823,19:23,6,6,일산,10,"5,15,25,35,45,55,65,75,85,95"
823,19:23,7,7,판교,10,"6,16,26,36,46,56,66,76,86,96"
823,19:23,8,8,동탄/용인,8,"7,27,37,57,67,77,87,97"
823,19:23,9,9,평택,10,"8,18,28,38,48,58,68,78,88,98"
824,19:24,1,1,서울역,11,"0,10,20,30,40,50,60,70,80,90,100"
824,19:24,10,10,인천공항,10,"9,19,29,39,49,59,69,79,89,99"
824,19:24,2,2,수서,11,"1,11,21,31,41,51,61,71,81,91,101"
824,19:24,3,3,삼성,11,"2,12,22,32,42,52,62,72,82,92,102"
824,19:24,4,4,여의도,11,"3,13,23,33,43,53,63,73,83,93,103"
824,19:24,5,5,김포공항,11,"4,14,24,34,44,54,64,74,84,94,104"
824,19:24,6,6,일산,10,"5,15,25,35,45,55,65,75,85,95"
824,19:24,7,7,판교,10,"6,16,26,36,46,56,66,76,86,96"
824,19:24,8,8,동탄/용인,9,"7,17,27,37,57,67,77,87,97"
824,19:24,9,9,평택,10,"8,18,28,38,48,58,68,78,88,98"
825,19:25,1,1,서울역,11,"0,10,20,30,40,50,60,70,80,90,100"
825,19:25,10,10,인천공항,10,"9,19,29,39,49,59,69,79,89,99"
825,19:25,2,2,수서,11,"1,11,21,31,41,51,61,71,81,91,101"
825,19:25,3,3,삼성,11,"2,12,22,32,42,52,62,72,82,92,102"
825,19:25,4,4,여의도,11,"3,13,23,33,43,53,63,73,83,93,103"
825,19:25,5,5,김포공항,11,"4,14,24,34,44,54,64,74,84,94,104"
825,19:25,6,6,일산,10,"5,15,25,35,45,55,65,75,85,95"
825,19:25,7,7,판교,10,"6,16,26,36,46,56,66,76,86,96"
825,19:25,8,8,동탄/용인,9,"7,17,27,37,57,67,77,87,97"
825,19:25,9,9,평택,10,"8,18,28,38,48,58,68,78,88,98"
826,19:26,1,1,서울역,11,"0,10,20,30,40,50,60,70,80,90,100"
826,19:26,10,10,인천공항,10,"9,19,29,39,49,59,69,79,89,99"
826,19:26,2,2,수서,11,"1,11,21,31,41,51,61,71,81,91,101"
826,19:26,3,3,삼성,11,"2,12,22,32,42,52,62,72,82,92,102"
826,19:26,4,4,여의도,11,"3,13,23,33,43,53,63,73,83,93,103"
826,19:26,5,5,김포공항,11,"4,14,24,34,44,54,64,74,84,94,104"
826,19:26,6,6,일산,10,"5,15,25,35,45,55,65,75,85,95"
826,19:26,7,7,판교,10,"6,16,26,36,46,56,66,76,86,96"
826,19:26,8,8,동탄/용인,9,"7,17,27,37,57,67,77,87,97"
826,19:26,9,9,평택,10,"8,18,28,38,48,58,68,78,88,98"
827,19:27,1,1,서울역,11,"0,10,20,30,40,50,60,70,80,90,100"
827,19:27,10,10,인천공항,10,"9,19,29,39,49,59,69,79,89,99"
827,19:27,2,2,수서,11,"1,11,21,31,41,51,61,71,81,91,101"
827,19:27,3,3,삼성,11,"2,12,22,32,42,52,62,72,82,92,102"
827,19:27,4,4,여의도,11,"3,13,23,33,43,53,63,73,83,93,103"
827,19:27,5,5,김포공항,11,"4,14,24,34,44,54,64,74,84,94,104"
827,19:27,6,6,일산,10,"5,15,25,35,45,55,65,75,85,95"
827,19:27,7,7,판교,10,"6,16,26,36,46,56,66,76,86,96"
827,19:27,8,8,동탄/용인,10,"7,17,27,37,47,57,67,77,87,97"
827,19:27,9,9,평택,10,"8,18,28,38,48,58,68,78,88,98"
